60	40	19.87253097936558	104.32196903013846	92.97074142855388	0.071699057647037	6.448893984716674	1.841386579451534	0.2102951771753738	158.34793085322485	586.3682859854437
60	-40	19.87253097936558	104.32196903013846	92.96925857144615	0.0716990576470385	6.448893984716671	1.8484374358771756	0.2106256380416186	158.34793085322485	586.3682859854434
60	20	19.87253097936558	104.34425779649898	92.97032153545372	0.07056547415403104	6.449554482313978	1.3905783912095957	0.11368598729594166	158.34793085322485	586.4941099472057
60	-20	19.87253097936558	104.34425779649902	92.9696784645463	0.07056547415403085	6.449554482313978	1.3849700438366177	0.11352968996987962	158.34793085322485	586.4941099472059
-60	40	19.87253097936558	104.32196903013845	92.9707414285539	-0.07169905764703662	6.448893984716677	1.8413865794515667	0.21029517717537757	158.34793085322465	-586.3682859854438
-60	20	19.87253097936558	104.34425779649898	92.97032153545373	-0.07056547415403137	6.44955448231398	1.3905783912096028	0.11368598729594166	158.34793085322465	-586.4941099472057
60	-2	19.87253097936558	104.34937577800115	92.96996915210724	0.07030524729881038	6.449706106974792	1.2893557110250784	0.09600665755799119	158.34793085322485	586.52300184272
60	-5	19.87253097936558	104.34912486755275	92.96992271512231	0.07031800439679135	6.449698673880874	1.3140950104777425	0.10080138875076758	158.34793085322485	586.5215854096093
60	10	19.87253097936558	104.3482109981218	92.97015576336335	0.07036446899036661	6.4496716006634145	1.3308919174759184	0.10322950656492967	158.34793085322485	586.5164264577646
60	0	19.87253097936558	104.34942332804168	92.96999999999997	0.07030282970801266	6.449707515616432	1.2981319121507886	0.09814122608925183	158.34793085322485	586.5232702709668
60	2	19.87253097936558	104.34937577800112	92.9700308478928	0.07030524729881056	6.449706106974793	1.290080555851286	0.0960068003422103	158.34793085322485	586.5230018427201
60	5	19.395292506767394	103.81846297591206	92.97009336171493	0.10056109491464023	6.428485813382372	2.2401304904602406	0.11663988609625599	158.34793085322485	583.2015207356071
-60	-40	19.87253097936558	104.32196903013846	92.96925857144613	-0.07169905764703798	6.448893984716671	1.8484374358771458	0.21062563804161483	158.34793085322465	-586.3682859854434
60	5	19.87253097936558	104.34912486755276	92.97007728487769	0.0703180043967913	6.449698673880873	1.31333217755503	0.10077730544859133	158.34793085322485	586.5215854096093
60	-10	19.87253097936558	104.34821099812177	92.96984423663663	0.07036446899036657	6.4496716006634145	1.3308919174759182	0.10322950656493056	158.34793085322485	586.5164264577645
-60	-10	19.87253097936558	104.34821099812174	92.96984423663665	-0.07036446899036673	6.449671600663417	1.3308919174759242	0.10322950656493103	158.34793085322465	-586.5164264577646
-60	10	19.87253097936558	104.34821099812177	92.9701557633634	-0.0703644689903667	6.449671600663414	1.330891917475918	0.10322950656492967	158.34793085322465	-586.5164264577644
30	-20	19.87253097936558	105.54323999999926	92.97000000000001	-0	6.5025	0	0	289.65465582679684	343.14745904999756
-60	-20	19.87253097936558	104.34425779649902	92.9696784645463	-0.0705654741540309	6.449554482313981	1.3849700438366097	0.11352968996987904	158.34793085322465	-586.4941099472061
60	20	19.395292506767394	103.81359590485829	92.97038842150519	0.10079832974704792	6.428362264507485	2.428707348414472	0.1427070724514645	158.34793085322485	583.175386315594
30	20	19.87253097936558	105.54323999999926	92.97000000000001	-0	6.5025	0	0	289.65465582679684	343.14745904999756
60	40	19.395292506767394	103.79130713849777	92.97089566206812	0.10188503161640042	6.427796324034367	3.1151805568394697	0.2520394940628301	158.34793085322485	583.0557036614471
30	10	19.87253097936558	105.54323999999926	92.97000000000001	-0	6.5025	0	0	289.65465582679684	343.14745904999756
30	40	19.87253097936558	105.54323999999926	92.97000000000001	-0	6.5025	0	0	289.65465582679684	343.14745904999756
-60	0	19.87253097936558	104.34942332804168	92.97000000000001	-0.07030282970801255	6.449707515616431	1.2981319121507886	0.09814122608925183	158.34793085322465	-586.5232702709668
30	5	19.87253097936558	105.54323999999926	92.97000000000001	-0	6.5025	0	0	289.65465582679684	343.14745904999756
30	2	19.87253097936558	105.54323999999926	92.97000000000001	-0	6.5025	0	0	289.65465582679684	343.14745904999756
30	-2	19.87253097936558	105.54323999999926	92.97000000000001	-0	6.5025	0	0	289.65465582679684	343.14745904999756
60	2	19.395292506767394	103.81871388636043	92.97003726488572	0.10054886543142422	6.428492182341248	2.2401429392238783	0.11713066189995901	158.34793085322485	583.202868034418
30	0	19.87253097936558	105.54323999999926	92.97000000000001	-0	6.5025	0	0	289.65465582679684	343.14745904999756
30	-5	19.87253097936558	105.54323999999926	92.97000000000001	-0	6.5025	0	0	289.65465582679684	343.14745904999756
30	-10	19.87253097936558	105.54323999999926	92.97000000000001	-0	6.5025	0	0	289.65465582679684	343.14745904999756
15	40	19.87253097936558	105.54323999999926	92.97000000000001	-0	6.5025	0	0	208.94730632394885	177.62619536135344
30	-40	19.87253097936558	105.54323999999926	92.97000000000001	-0	6.5025	0	0	289.65465582679684	343.14745904999756
15	5	19.87253097936558	105.54323999999926	92.97000000000001	-0	6.5025	0	0	208.94730632394885	177.62619536135344
15	20	19.87253097936558	105.54323999999926	92.97000000000001	-0	6.5025	0	0	208.94730632394885	177.62619536135344
15	10	19.87253097936558	105.54323999999926	92.97000000000001	-0	6.5025	0	0	208.94730632394885	177.62619536135344
15	-10	19.87253097936558	105.54323999999926	92.97000000000001	-0	6.5025	0	0	208.94730632394885	177.62619536135344
15	2	19.87253097936558	105.54323999999926	92.97000000000001	-0	6.5025	0	0	208.94730632394885	177.62619536135344
15	-2	19.87253097936558	105.54323999999926	92.97000000000001	-0	6.5025	0	0	208.94730632394885	177.62619536135344
15	0	19.87253097936558	105.54323999999926	92.97000000000001	-0	6.5025	0	0	208.94730632394885	177.62619536135344
15	-5	19.87253097936558	105.54323999999926	92.97000000000001	-0	6.5025	0	0	208.94730632394885	177.62619536135344
15	-20	19.87253097936558	105.54323999999926	92.97000000000001	-0	6.5025	0	0	208.94730632394885	177.62619536135344
15	-40	19.87253097936558	105.54323999999926	92.97000000000001	-0	6.5025	0	0	208.94730632394885	177.62619536135344
10	20	19.87253097936558	105.54323999999926	92.97000000000001	-0	6.5025	0	0	196.7584029510415	119.17386187013938
10	10	19.87253097936558	105.54323999999926	92.97000000000001	-0	6.5025	0	0	196.7584029510415	119.17386187013938
10	40	19.87253097936558	105.54323999999926	92.97000000000001	-0	6.5025	0	0	196.7584029510415	119.17386187013938
10	2	19.87253097936558	105.54323999999926	92.97000000000001	-0	6.5025	0	0	196.7584029510415	119.17386187013938
10	5	19.87253097936558	105.54323999999926	92.97000000000001	-0	6.5025	0	0	196.7584029510415	119.17386187013938
-60	5	19.87253097936558	104.34912486755275	92.97007728487772	-0.07031800439679144	6.449698673880879	1.3133321775550266	0.10077730544859109	158.34793085322465	-586.5215854096098
10	0	19.87253097936558	105.54323999999926	92.97000000000001	-0	6.5025	0	0	196.7584029510415	119.17386187013938
10	-2	19.87253097936558	105.54323999999926	92.97000000000001	-0	6.5025	0	0	196.7584029510415	119.17386187013938
-60	2	19.87253097936558	104.34937577800116	92.97003084789276	-0.07030524729881014	6.449706106974792	1.290080555851287	0.0960068003422103	158.34793085322465	-586.5230018427201
10	-10	19.87253097936558	105.54323999999926	92.97000000000001	-0	6.5025	0	0	196.7584029510415	119.17386187013938
10	-5	19.87253097936558	105.54323999999926	92.97000000000001	-0	6.5025	0	0	196.7584029510415	119.17386187013938
10	-20	19.87253097936558	105.54323999999926	92.97000000000001	-0	6.5025	0	0	196.7584029510415	119.17386187013938
5	40	19.87253097936558	105.54323999999926	92.97000000000001	-0	6.5025	0	0	189.1106476058704	59.81454333094832
10	-40	19.87253097936558	105.54323999999926	92.97000000000001	-0	6.5025	0	0	196.7584029510415	119.17386187013938
5	20	19.87253097936558	105.54323999999926	92.97000000000001	-0	6.5025	0	0	189.1106476058704	59.81454333094832
5	10	19.87253097936558	105.54323999999926	92.97000000000001	-0	6.5025	0	0	189.1106476058704	59.81454333094832
5	5	19.87253097936558	105.54323999999926	92.97000000000001	-0	6.5025	0	0	189.1106476058704	59.81454333094832
5	0	19.87253097936558	105.54323999999926	92.97000000000001	-0	6.5025	0	0	189.1106476058704	59.81454333094832
5	2	19.87253097936558	105.54323999999926	92.97000000000001	-0	6.5025	0	0	189.1106476058704	59.81454333094832
5	-2	19.87253097936558	105.54323999999926	92.97000000000001	-0	6.5025	0	0	189.1106476058704	59.81454333094832
5	-10	19.87253097936558	105.54323999999926	92.97000000000001	-0	6.5025	0	0	189.1106476058704	59.81454333094832
5	-5	19.87253097936558	105.54323999999926	92.97000000000001	-0	6.5025	0	0	189.1106476058704	59.81454333094832
5	-20	19.87253097936558	105.54323999999926	92.97000000000001	-0	6.5025	0	0	189.1106476058704	59.81454333094832
5	-40	19.87253097936558	105.54323999999926	92.97000000000001	-0	6.5025	0	0	189.1106476058704	59.81454333094832
2	40	19.87253097936558	105.54323999999926	92.97000000000001	-0	6.5025	0	0	188.18202113571078	23.951347231173955
2	10	19.87253097936558	105.54323999999926	92.97000000000001	-0	6.5025	0	0	188.18202113571078	23.951347231173955
2	20	19.87253097936558	105.54323999999926	92.97000000000001	-0	6.5025	0	0	188.18202113571078	23.951347231173955
2	5	19.87253097936558	105.54323999999926	92.97000000000001	-0	6.5025	0	0	188.18202113571078	23.951347231173955
2	0	19.87253097936558	105.54323999999926	92.97000000000001	-0	6.5025	0	0	188.18202113571078	23.951347231173955
2	2	19.87253097936558	105.54323999999926	92.97000000000001	-0	6.5025	0	0	188.18202113571078	23.951347231173955
2	-2	19.87253097936558	105.54323999999926	92.97000000000001	-0	6.5025	0	0	188.18202113571078	23.951347231173955
2	-10	19.87253097936558	105.54323999999926	92.97000000000001	-0	6.5025	0	0	188.18202113571078	23.951347231173955
2	-5	19.87253097936558	105.54323999999926	92.97000000000001	-0	6.5025	0	0	188.18202113571078	23.951347231173955
2	-20	19.87253097936558	105.54323999999926	92.97000000000001	-0	6.5025	0	0	188.18202113571078	23.951347231173955
2	-40	19.87253097936558	105.54323999999926	92.97000000000001	-0	6.5025	0	0	188.18202113571078	23.951347231173955
0	40	19.87253097936558	105.54323999999926	92.97000000000001	-0	6.5025	0	0	187.404022058532	0
0	10	19.87253097936558	105.54323999999926	92.97000000000001	-0	6.5025	0	0	187.404022058532	0
0	20	19.87253097936558	105.54323999999926	92.97000000000001	-0	6.5025	0	0	187.404022058532	0
0	5	19.87253097936558	105.54323999999926	92.97000000000001	-0	6.5025	0	0	187.404022058532	0
0	0	19.87253097936558	105.54323999999926	92.97000000000001	-0	6.5025	0	0	187.404022058532	0
0	2	19.87253097936558	105.54323999999926	92.97000000000001	-0	6.5025	0	0	187.404022058532	0
0	-2	19.87253097936558	105.54323999999926	92.97000000000001	-0	6.5025	0	0	187.404022058532	0
0	-5	19.87253097936558	105.54323999999926	92.97000000000001	-0	6.5025	0	0	187.404022058532	0
0	-10	19.87253097936558	105.54323999999926	92.97000000000001	-0	6.5025	0	0	187.404022058532	0
0	-40	19.87253097936558	105.54323999999926	92.97000000000001	-0	6.5025	0	0	187.404022058532	0
0	-20	19.87253097936558	105.54323999999926	92.97000000000001	-0	6.5025	0	0	187.404022058532	0
-2	40	19.87253097936558	105.54323999999926	92.97000000000001	-0	6.5025	0	0	188.18202113571078	-23.951347231173955
-2	10	19.87253097936558	105.54323999999926	92.97000000000001	-0	6.5025	0	0	188.18202113571078	-23.951347231173955
-2	20	19.87253097936558	105.54323999999926	92.97000000000001	-0	6.5025	0	0	188.18202113571078	-23.951347231173955
-2	5	19.87253097936558	105.54323999999926	92.97000000000001	-0	6.5025	0	0	188.18202113571078	-23.951347231173955
-2	2	19.87253097936558	105.54323999999926	92.97000000000001	-0	6.5025	0	0	188.18202113571078	-23.951347231173955
-2	0	19.87253097936558	105.54323999999926	92.97000000000001	-0	6.5025	0	0	188.18202113571078	-23.951347231173955
-2	-5	19.87253097936558	105.54323999999926	92.97000000000001	-0	6.5025	0	0	188.18202113571078	-23.951347231173955
-2	-2	19.87253097936558	105.54323999999926	92.97000000000001	-0	6.5025	0	0	188.18202113571078	-23.951347231173955
-2	-10	19.87253097936558	105.54323999999926	92.97000000000001	-0	6.5025	0	0	188.18202113571078	-23.951347231173955
-2	-40	19.87253097936558	105.54323999999926	92.97000000000001	-0	6.5025	0	0	188.18202113571078	-23.951347231173955
-2	-20	19.87253097936558	105.54323999999926	92.97000000000001	-0	6.5025	0	0	188.18202113571078	-23.951347231173955
-15	40	19.87253097936558	105.54323999999926	92.97000000000001	-0	6.5025	0	0	208.94730632394885	-177.62619536135344
-15	10	19.87253097936558	105.54323999999926	92.97000000000001	-0	6.5025	0	0	208.94730632394885	-177.62619536135344
-15	20	19.87253097936558	105.54323999999926	92.97000000000001	-0	6.5025	0	0	208.94730632394885	-177.62619536135344
-15	5	19.87253097936558	105.54323999999926	92.97000000000001	-0	6.5025	0	0	208.94730632394885	-177.62619536135344
-15	0	19.87253097936558	105.54323999999926	92.97000000000001	-0	6.5025	0	0	208.94730632394885	-177.62619536135344
-15	2	19.87253097936558	105.54323999999926	92.97000000000001	-0	6.5025	0	0	208.94730632394885	-177.62619536135344
-15	-2	19.87253097936558	105.54323999999926	92.97000000000001	-0	6.5025	0	0	208.94730632394885	-177.62619536135344
-15	-10	19.87253097936558	105.54323999999926	92.97000000000001	-0	6.5025	0	0	208.94730632394885	-177.62619536135344
-15	-5	19.87253097936558	105.54323999999926	92.97000000000001	-0	6.5025	0	0	208.94730632394885	-177.62619536135344
-15	-20	19.87253097936558	105.54323999999926	92.97000000000001	-0	6.5025	0	0	208.94730632394885	-177.62619536135344
-15	-40	19.87253097936558	105.54323999999926	92.97000000000001	-0	6.5025	0	0	208.94730632394885	-177.62619536135344
-15	40	19.87253097936558	105.54323999999926	92.97000000000001	-0	6.5025	0	0	208.94730632394885	-177.62619536135344
-15	10	19.87253097936558	105.54323999999926	92.97000000000001	-0	6.5025	0	0	208.94730632394885	-177.62619536135344
-15	20	19.87253097936558	105.54323999999926	92.97000000000001	-0	6.5025	0	0	208.94730632394885	-177.62619536135344
-15	5	19.87253097936558	105.54323999999926	92.97000000000001	-0	6.5025	0	0	208.94730632394885	-177.62619536135344
-15	2	19.87253097936558	105.54323999999926	92.97000000000001	-0	6.5025	0	0	208.94730632394885	-177.62619536135344
-15	0	19.87253097936558	105.54323999999926	92.97000000000001	-0	6.5025	0	0	208.94730632394885	-177.62619536135344
-15	-5	19.87253097936558	105.54323999999926	92.97000000000001	-0	6.5025	0	0	208.94730632394885	-177.62619536135344
-15	-2	19.87253097936558	105.54323999999926	92.97000000000001	-0	6.5025	0	0	208.94730632394885	-177.62619536135344
-15	-10	19.87253097936558	105.54323999999926	92.97000000000001	-0	6.5025	0	0	208.94730632394885	-177.62619536135344
-15	-20	19.87253097936558	105.54323999999926	92.97000000000001	-0	6.5025	0	0	208.94730632394885	-177.62619536135344
-15	-40	19.87253097936558	105.54323999999926	92.97000000000001	-0	6.5025	0	0	208.94730632394885	-177.62619536135344
-30	20	19.87253097936558	105.54323999999926	92.97000000000001	-0	6.5025	0	0	289.65465582679684	-343.14745904999756
-30	40	19.87253097936558	105.54323999999926	92.97000000000001	-0	6.5025	0	0	289.65465582679684	-343.14745904999756
-30	10	19.87253097936558	105.54323999999926	92.97000000000001	-0	6.5025	0	0	289.65465582679684	-343.14745904999756
-30	5	19.87253097936558	105.54323999999926	92.97000000000001	-0	6.5025	0	0	289.65465582679684	-343.14745904999756
-30	2	19.87253097936558	105.54323999999926	92.97000000000001	-0	6.5025	0	0	289.65465582679684	-343.14745904999756
-30	0	19.87253097936558	105.54323999999926	92.97000000000001	-0	6.5025	0	0	289.65465582679684	-343.14745904999756
-30	-2	19.87253097936558	105.54323999999926	92.97000000000001	-0	6.5025	0	0	289.65465582679684	-343.14745904999756
-30	-5	19.87253097936558	105.54323999999926	92.97000000000001	-0	6.5025	0	0	289.65465582679684	-343.14745904999756
-30	-10	19.87253097936558	105.54323999999926	92.97000000000001	-0	6.5025	0	0	289.65465582679684	-343.14745904999756
-30	-20	19.87253097936558	105.54323999999926	92.97000000000001	-0	6.5025	0	0	289.65465582679684	-343.14745904999756
60	-40	19.395292506767394	103.79130713849774	92.96910433793192	0.10188503161640208	6.427796324034364	3.1019231708966237	0.2515968257798383	158.34793085322485	583.0557036614466
-30	-40	19.87253097936558	105.54323999999926	92.97000000000001	-0	6.5025	0	0	289.65465582679684	-343.14745904999756
-60	-2	19.87253097936558	104.34937577800112	92.96996915210724	-0.07030524729881017	6.449706106974793	1.2893557110250784	0.09600665755799119	158.34793085322465	-586.5230018427201
60	0	19.395292506767394	103.81876143640095	92.97000000000003	0.10054654782865098	6.428493389319211	2.2177507364968116	0.11391972860614852	158.34793085322485	583.2031233610234
60	10	19.395292506767394	103.81754910648104	92.97018816534121	0.10060563780367046	6.428462616013891	2.2667751778592677	0.11928293717778266	158.34793085322485	583.1966135856429
60	-5	19.395292506767394	103.81846297591206	92.96990663828501	0.10056109491464026	6.4284858133823715	2.239110637014303	0.11662650616808154	158.34793085322485	583.2015207356071
60	-2	19.395292506767394	103.81871388636041	92.9699627351143	0.1005488654314239	6.42849218234125	2.240142939223882	0.11713066189996243	158.34793085322485	583.2028680344181
60	-20	19.395292506767394	103.81359590485826	92.9696115784948	0.10079832974704699	6.42836226450749	2.4363627670248214	0.14286626395333962	158.34793085322485	583.1753863155941
-60	-5	19.87253097936558	104.3491248675527	92.96992271512235	-0.07031800439679124	6.449698673880879	1.3140950104777498	0.10080138875076812	158.34793085322465	-586.5215854096095
-60	40	19.395292506767394	103.7913071384978	92.97089566206809	-0.10188503161639957	6.4277963240343645	3.1151805568394755	0.25203949406283044	158.34793085322465	-583.055703661447
60	-10	19.395292506767394	103.81754910648105	92.96981183465881	0.10060563780367042	6.428462616013889	2.260063387269832	0.11916030495311712	158.34793085322485	583.1966135856428
-60	10	19.395292506767394	103.81754910648107	92.97018816534118	-0.1006056378036703	6.428462616013891	2.2667751778592673	0.11928293717778266	158.34793085322465	-583.1966135856431
-60	20	19.395292506767394	103.81359590485827	92.97038842150525	-0.10079832974704775	6.428362264507484	2.428707348414462	0.1427070724514639	158.34793085322465	-583.1753863155938
-60	5	19.395292506767394	103.81846297591203	92.97009336171496	-0.10056109491464058	6.428485813382371	2.2401304904602304	0.11663988609625547	158.34793085322465	-583.2015207356069
60	40	18.440815561571018	102.43806376464411	92.97121235439815	0.1775293560746311	6.377766588862322	7.187428806292797	0.34284005587968563	158.34793085322485	574.8898471013492
60	20	18.440815561571018	102.46035253100462	92.9705257598836	0.17653172304240383	6.37814325458794	5.712661972253596	0.18732578535641234	158.34793085322485	574.9972471402664
-60	-20	19.395292506767394	103.81359590485827	92.96961157849479	-0.10079832974704753	6.428362264507487	2.43636276702483	0.14286626395334065	158.34793085322465	-583.175386315594
-60	40	18.440815561571018	102.43806376464417	92.97121235439812	-0.17752935607463122	6.377766588862321	7.187428806292869	0.34284005587968913	158.34793085322465	-574.8898471013495
-60	-2	19.395292506767394	103.81871388636041	92.9699627351143	-0.10054886543142386	6.428492182341249	2.240142939223887	0.11713066189996267	158.34793085322465	-583.202868034418
-60	2	19.395292506767394	103.81871388636043	92.97003726488575	-0.10054886543142404	6.428492182341247	2.2401429392238796	0.11713066189995901	158.34793085322465	-583.202868034418
60	-40	18.440815561571018	102.43806376464408	92.9687876456019	0.177529356074634	6.37776658886232	7.22304126795298	0.34343640782307916	158.34793085322485	574.889847101349
-60	0	19.395292506767394	103.81876143640098	92.97	-0.10054654782865122	6.428493389319213	2.2177507364968116	0.11391972860614852	158.34793085322465	-583.2031233610237
30	40	19.395292506767394	105.54323999999926	92.97000000000001	-0	6.5025	0	0	289.65465582679684	343.14745904999756
30	20	19.395292506767394	105.54323999999926	92.97000000000001	-0	6.5025	0	0	289.65465582679684	343.14745904999756
30	10	19.395292506767394	105.54323999999926	92.97000000000001	-0	6.5025	0	0	289.65465582679684	343.14745904999756
30	2	19.395292506767394	105.54323999999926	92.97000000000001	-0	6.5025	0	0	289.65465582679684	343.14745904999756
30	5	19.395292506767394	105.54323999999926	92.97000000000001	-0	6.5025	0	0	289.65465582679684	343.14745904999756
30	0	19.395292506767394	105.54323999999926	92.97000000000001	-0	6.5025	0	0	289.65465582679684	343.14745904999756
30	-2	19.395292506767394	105.54323999999926	92.97000000000001	-0	6.5025	0	0	289.65465582679684	343.14745904999756
30	-10	19.395292506767394	105.54323999999926	92.97000000000001	-0	6.5025	0	0	289.65465582679684	343.14745904999756
30	-5	19.395292506767394	105.54323999999926	92.97000000000001	-0	6.5025	0	0	289.65465582679684	343.14745904999756
30	-20	19.395292506767394	105.54323999999926	92.97000000000001	-0	6.5025	0	0	289.65465582679684	343.14745904999756
15	10	19.395292506767394	105.54323999999926	92.97000000000001	-0	6.5025	0	0	208.94730632394885	177.62619536135344
30	-40	19.395292506767394	105.54323999999926	92.97000000000001	-0	6.5025	0	0	289.65465582679684	343.14745904999756
15	40	19.395292506767394	105.54323999999926	92.97000000000001	-0	6.5025	0	0	208.94730632394885	177.62619536135344
15	20	19.395292506767394	105.54323999999926	92.97000000000001	-0	6.5025	0	0	208.94730632394885	177.62619536135344
15	5	19.395292506767394	105.54323999999926	92.97000000000001	-0	6.5025	0	0	208.94730632394885	177.62619536135344
15	2	19.395292506767394	105.54323999999926	92.97000000000001	-0	6.5025	0	0	208.94730632394885	177.62619536135344
-60	-10	19.395292506767394	103.8175491064811	92.96981183465881	-0.10060563780367027	6.428462616013891	2.260063387269849	0.1191603049531179	158.34793085322465	-583.1966135856433
15	0	19.395292506767394	105.54323999999926	92.97000000000001	-0	6.5025	0	0	208.94730632394885	177.62619536135344
15	-5	19.395292506767394	105.54323999999926	92.97000000000001	-0	6.5025	0	0	208.94730632394885	177.62619536135344
15	-2	19.395292506767394	105.54323999999926	92.97000000000001	-0	6.5025	0	0	208.94730632394885	177.62619536135344
15	-10	19.395292506767394	105.54323999999926	92.97000000000001	-0	6.5025	0	0	208.94730632394885	177.62619536135344
15	-20	19.395292506767394	105.54323999999926	92.97000000000001	-0	6.5025	0	0	208.94730632394885	177.62619536135344
15	-40	19.395292506767394	105.54323999999926	92.97000000000001	-0	6.5025	0	0	208.94730632394885	177.62619536135344
10	40	19.395292506767394	105.54323999999926	92.97000000000001	-0	6.5025	0	0	196.7584029510415	119.17386187013938
10	20	19.395292506767394	105.54323999999926	92.97000000000001	-0	6.5025	0	0	196.7584029510415	119.17386187013938
10	10	19.395292506767394	105.54323999999926	92.97000000000001	-0	6.5025	0	0	196.7584029510415	119.17386187013938
10	5	19.395292506767394	105.54323999999926	92.97000000000001	-0	6.5025	0	0	196.7584029510415	119.17386187013938
10	0	19.395292506767394	105.54323999999926	92.97000000000001	-0	6.5025	0	0	196.7584029510415	119.17386187013938
10	2	19.395292506767394	105.54323999999926	92.97000000000001	-0	6.5025	0	0	196.7584029510415	119.17386187013938
10	-2	19.395292506767394	105.54323999999926	92.97000000000001	-0	6.5025	0	0	196.7584029510415	119.17386187013938
10	-5	19.395292506767394	105.54323999999926	92.97000000000001	-0	6.5025	0	0	196.7584029510415	119.17386187013938
10	-20	19.395292506767394	105.54323999999926	92.97000000000001	-0	6.5025	0	0	196.7584029510415	119.17386187013938
10	-10	19.395292506767394	105.54323999999926	92.97000000000001	-0	6.5025	0	0	196.7584029510415	119.17386187013938
10	-40	19.395292506767394	105.54323999999926	92.97000000000001	-0	6.5025	0	0	196.7584029510415	119.17386187013938
5	40	19.395292506767394	105.54323999999926	92.97000000000001	-0	6.5025	0	0	189.1106476058704	59.81454333094832
5	20	19.395292506767394	105.54323999999926	92.97000000000001	-0	6.5025	0	0	189.1106476058704	59.81454333094832
5	10	19.395292506767394	105.54323999999926	92.97000000000001	-0	6.5025	0	0	189.1106476058704	59.81454333094832
5	5	19.395292506767394	105.54323999999926	92.97000000000001	-0	6.5025	0	0	189.1106476058704	59.81454333094832
5	0	19.395292506767394	105.54323999999926	92.97000000000001	-0	6.5025	0	0	189.1106476058704	59.81454333094832
5	2	19.395292506767394	105.54323999999926	92.97000000000001	-0	6.5025	0	0	189.1106476058704	59.81454333094832
5	-2	19.395292506767394	105.54323999999926	92.97000000000001	-0	6.5025	0	0	189.1106476058704	59.81454333094832
5	-5	19.395292506767394	105.54323999999926	92.97000000000001	-0	6.5025	0	0	189.1106476058704	59.81454333094832
5	-10	19.395292506767394	105.54323999999926	92.97000000000001	-0	6.5025	0	0	189.1106476058704	59.81454333094832
5	-20	19.395292506767394	105.54323999999926	92.97000000000001	-0	6.5025	0	0	189.1106476058704	59.81454333094832
5	-40	19.395292506767394	105.54323999999926	92.97000000000001	-0	6.5025	0	0	189.1106476058704	59.81454333094832
2	20	19.395292506767394	105.54323999999926	92.97000000000001	-0	6.5025	0	0	188.18202113571078	23.951347231173955
2	40	19.395292506767394	105.54323999999926	92.97000000000001	-0	6.5025	0	0	188.18202113571078	23.951347231173955
2	10	19.395292506767394	105.54323999999926	92.97000000000001	-0	6.5025	0	0	188.18202113571078	23.951347231173955
2	5	19.395292506767394	105.54323999999926	92.97000000000001	-0	6.5025	0	0	188.18202113571078	23.951347231173955
2	2	19.395292506767394	105.54323999999926	92.97000000000001	-0	6.5025	0	0	188.18202113571078	23.951347231173955
2	0	19.395292506767394	105.54323999999926	92.97000000000001	-0	6.5025	0	0	188.18202113571078	23.951347231173955
2	-2	19.395292506767394	105.54323999999926	92.97000000000001	-0	6.5025	0	0	188.18202113571078	23.951347231173955
2	-5	19.395292506767394	105.54323999999926	92.97000000000001	-0	6.5025	0	0	188.18202113571078	23.951347231173955
2	-10	19.395292506767394	105.54323999999926	92.97000000000001	-0	6.5025	0	0	188.18202113571078	23.951347231173955
2	-20	19.395292506767394	105.54323999999926	92.97000000000001	-0	6.5025	0	0	188.18202113571078	23.951347231173955
2	-40	19.395292506767394	105.54323999999926	92.97000000000001	-0	6.5025	0	0	188.18202113571078	23.951347231173955
0	40	19.395292506767394	105.54323999999926	92.97000000000001	-0	6.5025	0	0	187.404022058532	0
0	20	19.395292506767394	105.54323999999926	92.97000000000001	-0	6.5025	0	0	187.404022058532	0
0	10	19.395292506767394	105.54323999999926	92.97000000000001	-0	6.5025	0	0	187.404022058532	0
0	5	19.395292506767394	105.54323999999926	92.97000000000001	-0	6.5025	0	0	187.404022058532	0
0	2	19.395292506767394	105.54323999999926	92.97000000000001	-0	6.5025	0	0	187.404022058532	0
0	0	19.395292506767394	105.54323999999926	92.97000000000001	-0	6.5025	0	0	187.404022058532	0
0	-2	19.395292506767394	105.54323999999926	92.97000000000001	-0	6.5025	0	0	187.404022058532	0
0	-5	19.395292506767394	105.54323999999926	92.97000000000001	-0	6.5025	0	0	187.404022058532	0
0	-10	19.395292506767394	105.54323999999926	92.97000000000001	-0	6.5025	0	0	187.404022058532	0
0	-20	19.395292506767394	105.54323999999926	92.97000000000001	-0	6.5025	0	0	187.404022058532	0
0	-40	19.395292506767394	105.54323999999926	92.97000000000001	-0	6.5025	0	0	187.404022058532	0
-2	40	19.395292506767394	105.54323999999926	92.97000000000001	-0	6.5025	0	0	188.18202113571078	-23.951347231173955
-2	20	19.395292506767394	105.54323999999926	92.97000000000001	-0	6.5025	0	0	188.18202113571078	-23.951347231173955
-2	10	19.395292506767394	105.54323999999926	92.97000000000001	-0	6.5025	0	0	188.18202113571078	-23.951347231173955
-2	5	19.395292506767394	105.54323999999926	92.97000000000001	-0	6.5025	0	0	188.18202113571078	-23.951347231173955
-2	2	19.395292506767394	105.54323999999926	92.97000000000001	-0	6.5025	0	0	188.18202113571078	-23.951347231173955
-2	0	19.395292506767394	105.54323999999926	92.97000000000001	-0	6.5025	0	0	188.18202113571078	-23.951347231173955
-2	-2	19.395292506767394	105.54323999999926	92.97000000000001	-0	6.5025	0	0	188.18202113571078	-23.951347231173955
-2	-10	19.395292506767394	105.54323999999926	92.97000000000001	-0	6.5025	0	0	188.18202113571078	-23.951347231173955
-2	-5	19.395292506767394	105.54323999999926	92.97000000000001	-0	6.5025	0	0	188.18202113571078	-23.951347231173955
-2	-20	19.395292506767394	105.54323999999926	92.97000000000001	-0	6.5025	0	0	188.18202113571078	-23.951347231173955
-2	-40	19.395292506767394	105.54323999999926	92.97000000000001	-0	6.5025	0	0	188.18202113571078	-23.951347231173955
-15	40	19.395292506767394	105.54323999999926	92.97000000000001	-0	6.5025	0	0	208.94730632394885	-177.62619536135344
-15	20	19.395292506767394	105.54323999999926	92.97000000000001	-0	6.5025	0	0	208.94730632394885	-177.62619536135344
-15	10	19.395292506767394	105.54323999999926	92.97000000000001	-0	6.5025	0	0	208.94730632394885	-177.62619536135344
-15	5	19.395292506767394	105.54323999999926	92.97000000000001	-0	6.5025	0	0	208.94730632394885	-177.62619536135344
-15	2	19.395292506767394	105.54323999999926	92.97000000000001	-0	6.5025	0	0	208.94730632394885	-177.62619536135344
-15	0	19.395292506767394	105.54323999999926	92.97000000000001	-0	6.5025	0	0	208.94730632394885	-177.62619536135344
-15	-2	19.395292506767394	105.54323999999926	92.97000000000001	-0	6.5025	0	0	208.94730632394885	-177.62619536135344
-15	-5	19.395292506767394	105.54323999999926	92.97000000000001	-0	6.5025	0	0	208.94730632394885	-177.62619536135344
-15	-10	19.395292506767394	105.54323999999926	92.97000000000001	-0	6.5025	0	0	208.94730632394885	-177.62619536135344
-15	-20	19.395292506767394	105.54323999999926	92.97000000000001	-0	6.5025	0	0	208.94730632394885	-177.62619536135344
-15	-40	19.395292506767394	105.54323999999926	92.97000000000001	-0	6.5025	0	0	208.94730632394885	-177.62619536135344
-15	40	19.395292506767394	105.54323999999926	92.97000000000001	-0	6.5025	0	0	208.94730632394885	-177.62619536135344
-15	20	19.395292506767394	105.54323999999926	92.97000000000001	-0	6.5025	0	0	208.94730632394885	-177.62619536135344
-15	10	19.395292506767394	105.54323999999926	92.97000000000001	-0	6.5025	0	0	208.94730632394885	-177.62619536135344
-15	5	19.395292506767394	105.54323999999926	92.97000000000001	-0	6.5025	0	0	208.94730632394885	-177.62619536135344
-15	2	19.395292506767394	105.54323999999926	92.97000000000001	-0	6.5025	0	0	208.94730632394885	-177.62619536135344
-15	0	19.395292506767394	105.54323999999926	92.97000000000001	-0	6.5025	0	0	208.94730632394885	-177.62619536135344
-15	-10	19.395292506767394	105.54323999999926	92.97000000000001	-0	6.5025	0	0	208.94730632394885	-177.62619536135344
-15	-2	19.395292506767394	105.54323999999926	92.97000000000001	-0	6.5025	0	0	208.94730632394885	-177.62619536135344
-15	-5	19.395292506767394	105.54323999999926	92.97000000000001	-0	6.5025	0	0	208.94730632394885	-177.62619536135344
-15	-20	19.395292506767394	105.54323999999926	92.97000000000001	-0	6.5025	0	0	208.94730632394885	-177.62619536135344
60	2	18.440815561571018	102.46547051250678	92.9700504410002	0.1763027062524846	6.378229722028938	5.320217720636305	0.15578422562145527	158.34793085322485	575.0219085057101
-15	-40	19.395292506767394	105.54323999999926	92.97000000000001	-0	6.5025	0	0	208.94730632394885	-177.62619536135344
-30	40	19.395292506767394	105.54323999999926	92.97000000000001	-0	6.5025	0	0	289.65465582679684	-343.14745904999756
-30	20	19.395292506767394	105.54323999999926	92.97000000000001	-0	6.5025	0	0	289.65465582679684	-343.14745904999756
-30	10	19.395292506767394	105.54323999999926	92.97000000000001	-0	6.5025	0	0	289.65465582679684	-343.14745904999756
-30	5	19.395292506767394	105.54323999999926	92.97000000000001	-0	6.5025	0	0	289.65465582679684	-343.14745904999756
-30	2	19.395292506767394	105.54323999999926	92.97000000000001	-0	6.5025	0	0	289.65465582679684	-343.14745904999756
-30	0	19.395292506767394	105.54323999999926	92.97000000000001	-0	6.5025	0	0	289.65465582679684	-343.14745904999756
-30	-2	19.395292506767394	105.54323999999926	92.97000000000001	-0	6.5025	0	0	289.65465582679684	-343.14745904999756
-30	-5	19.395292506767394	105.54323999999926	92.97000000000001	-0	6.5025	0	0	289.65465582679684	-343.14745904999756
-30	-10	19.395292506767394	105.54323999999926	92.97000000000001	-0	6.5025	0	0	289.65465582679684	-343.14745904999756
-30	-20	19.395292506767394	105.54323999999926	92.97000000000001	-0	6.5025	0	0	289.65465582679684	-343.14745904999756
-30	-40	19.395292506767394	105.54323999999926	92.97000000000001	-0	6.5025	0	0	289.65465582679684	-343.14745904999756
-60	-5	19.395292506767394	103.81846297591203	92.96990663828511	-0.1005610949146399	6.428485813382374	2.2391106370142992	0.11662650616808135	158.34793085322465	-583.2015207356072
-60	-40	19.395292506767394	103.7913071384978	92.96910433793188	-0.10188503161640171	6.4277963240343645	3.101923170896586	0.25159682577983516	158.34793085322465	-583.055703661447
60	10	18.440815561571018	102.46430573262738	92.97025469686093	0.17635482520936535	6.378210044027031	5.402617018938134	0.16158663388417244	158.34793085322485	575.016295929296
60	-5	18.440815561571018	102.46521960205838	92.96987362745543	0.1763139333301825	6.378225483140259	5.296171130183139	0.15355718348895844	158.34793085322485	575.0206994754981
60	-2	18.440815561571018	102.46547051250677	92.9699495589998	0.17630270625248456	6.378229722028939	5.3202177206363235	0.15578422562145147	158.34793085322485	575.02190850571
60	5	18.440815561571018	102.46521960205838	92.97012637254456	0.17631393333018275	6.37822548314026	5.300992151000291	0.15360094143325104	158.34793085322485	575.0206994754982
60	0	18.440815561571018	102.46551806254729	92.97000000000001	0.17630057861512186	6.378230525338419	5.280406823446609	0.1525717082281369	158.34793085322485	575.0221376290327
60	-20	18.440815561571018	102.46035253100463	92.96947424011647	0.17653172304240278	6.378143254587941	5.713959310893468	0.18733406272570655	158.34793085322485	574.9972471402665
60	-10	18.440815561571018	102.46430573262738	92.9697453031391	0.17635482520936518	6.378210044027035	5.399583724055243	0.1615626215918255	158.34793085322485	575.0162959292962
-60	20	18.440815561571018	102.46035253100463	92.97052575988353	-0.1765317230424041	6.37814325458794	5.712661972253579	0.18732578535641173	158.34793085322465	-574.9972471402664
-60	10	18.440815561571018	102.46430573262741	92.97025469686093	-0.17635482520936613	6.378210044027031	5.4026170189381535	0.161586633884173	158.34793085322465	-575.0162959292961
-60	2	18.440815561571018	102.46547051250677	92.9700504410002	-0.17630270625248412	6.37822972202894	5.320217720636304	0.15578422562145527	158.34793085322465	-575.0219085057101
60	40	17.486338616374642	100.69559427002744	92.97154346909224	0.27322610859047414	6.319505827902069	13.82253411615038	0.4204517855062878	158.34793085322485	564.8484762197567
-60	-40	18.440815561571018	102.43806376464413	92.96878764560189	-0.17752935607463283	6.3777665888623165	7.223041267952891	0.34343640782307494	158.34793085322465	-574.8898471013489
-60	5	18.440815561571018	102.46521960205841	92.97012637254456	-0.17631393333018316	6.378225483140255	5.300992151000276	0.15360094143325057	158.34793085322465	-575.0206994754978
-60	-5	18.440815561571018	102.46521960205838	92.96987362745547	-0.17631393333018233	6.378225483140256	5.29617113018314	0.15355718348895844	158.34793085322465	-575.0206994754977
-60	0	18.440815561571018	102.46551806254726	92.97000000000004	-0.17630057861512216	6.378230525338421	5.280406823446609	0.1525717082281369	158.34793085322465	-575.0221376290327
-60	-2	18.440815561571018	102.46547051250677	92.96994955899983	-0.1763027062524848	6.378229722028939	5.320217720636329	0.15578422562145167	158.34793085322465	-575.0219085057101
60	-40	17.486338616374642	100.69559427002748	92.96845653090782	0.2732261085904737	6.3195058279020655	13.791069523186605	0.4201582353649116	158.34793085322485	564.8484762197565
-60	-20	18.440815561571018	102.46035253100466	92.96947424011647	-0.1765317230424032	6.3781432545879415	5.71395931089346	0.18733406272570718	158.34793085322465	-574.9972471402667
30	40	18.440815561571018	105.54323999999926	92.97000000000001	-0	6.5025	0	0	289.65465582679684	343.14745904999756
30	20	18.440815561571018	105.54323999999926	92.97000000000001	-0	6.5025	0	0	289.65465582679684	343.14745904999756
30	10	18.440815561571018	105.54323999999926	92.97000000000001	-0	6.5025	0	0	289.65465582679684	343.14745904999756
30	5	18.440815561571018	105.54323999999926	92.97000000000001	-0	6.5025	0	0	289.65465582679684	343.14745904999756
30	2	18.440815561571018	105.54323999999926	92.97000000000001	-0	6.5025	0	0	289.65465582679684	343.14745904999756
30	0	18.440815561571018	105.54323999999926	92.97000000000001	-0	6.5025	0	0	289.65465582679684	343.14745904999756
30	-2	18.440815561571018	105.54323999999926	92.97000000000001	-0	6.5025	0	0	289.65465582679684	343.14745904999756
30	-5	18.440815561571018	105.54323999999926	92.97000000000001	-0	6.5025	0	0	289.65465582679684	343.14745904999756
30	-10	18.440815561571018	105.54323999999926	92.97000000000001	-0	6.5025	0	0	289.65465582679684	343.14745904999756
30	-20	18.440815561571018	105.54323999999926	92.97000000000001	-0	6.5025	0	0	289.65465582679684	343.14745904999756
30	-40	18.440815561571018	105.54323999999926	92.97000000000001	-0	6.5025	0	0	289.65465582679684	343.14745904999756
15	20	18.440815561571018	105.54323999999926	92.97000000000001	-0	6.5025	0	0	208.94730632394885	177.62619536135344
15	40	18.440815561571018	105.54323999999926	92.97000000000001	-0	6.5025	0	0	208.94730632394885	177.62619536135344
15	10	18.440815561571018	105.54323999999926	92.97000000000001	-0	6.5025	0	0	208.94730632394885	177.62619536135344
15	2	18.440815561571018	105.54323999999926	92.97000000000001	-0	6.5025	0	0	208.94730632394885	177.62619536135344
15	5	18.440815561571018	105.54323999999926	92.97000000000001	-0	6.5025	0	0	208.94730632394885	177.62619536135344
15	-2	18.440815561571018	105.54323999999926	92.97000000000001	-0	6.5025	0	0	208.94730632394885	177.62619536135344
15	0	18.440815561571018	105.54323999999926	92.97000000000001	-0	6.5025	0	0	208.94730632394885	177.62619536135344
15	-5	18.440815561571018	105.54323999999926	92.97000000000001	-0	6.5025	0	0	208.94730632394885	177.62619536135344
15	-20	18.440815561571018	105.54323999999926	92.97000000000001	-0	6.5025	0	0	208.94730632394885	177.62619536135344
15	-10	18.440815561571018	105.54323999999926	92.97000000000001	-0	6.5025	0	0	208.94730632394885	177.62619536135344
15	-40	18.440815561571018	105.54323999999926	92.97000000000001	-0	6.5025	0	0	208.94730632394885	177.62619536135344
10	40	18.440815561571018	105.54323999999926	92.97000000000001	-0	6.5025	0	0	196.7584029510415	119.17386187013938
10	20	18.440815561571018	105.54323999999926	92.97000000000001	-0	6.5025	0	0	196.7584029510415	119.17386187013938
10	10	18.440815561571018	105.54323999999926	92.97000000000001	-0	6.5025	0	0	196.7584029510415	119.17386187013938
10	5	18.440815561571018	105.54323999999926	92.97000000000001	-0	6.5025	0	0	196.7584029510415	119.17386187013938
10	2	18.440815561571018	105.54323999999926	92.97000000000001	-0	6.5025	0	0	196.7584029510415	119.17386187013938
10	0	18.440815561571018	105.54323999999926	92.97000000000001	-0	6.5025	0	0	196.7584029510415	119.17386187013938
10	-2	18.440815561571018	105.54323999999926	92.97000000000001	-0	6.5025	0	0	196.7584029510415	119.17386187013938
10	-5	18.440815561571018	105.54323999999926	92.97000000000001	-0	6.5025	0	0	196.7584029510415	119.17386187013938
10	-10	18.440815561571018	105.54323999999926	92.97000000000001	-0	6.5025	0	0	196.7584029510415	119.17386187013938
10	-20	18.440815561571018	105.54323999999926	92.97000000000001	-0	6.5025	0	0	196.7584029510415	119.17386187013938
10	-40	18.440815561571018	105.54323999999926	92.97000000000001	-0	6.5025	0	0	196.7584029510415	119.17386187013938
5	20	18.440815561571018	105.54323999999926	92.97000000000001	-0	6.5025	0	0	189.1106476058704	59.81454333094832
5	40	18.440815561571018	105.54323999999926	92.97000000000001	-0	6.5025	0	0	189.1106476058704	59.81454333094832
5	5	18.440815561571018	105.54323999999926	92.97000000000001	-0	6.5025	0	0	189.1106476058704	59.81454333094832
5	10	18.440815561571018	105.54323999999926	92.97000000000001	-0	6.5025	0	0	189.1106476058704	59.81454333094832
5	2	18.440815561571018	105.54323999999926	92.97000000000001	-0	6.5025	0	0	189.1106476058704	59.81454333094832
5	0	18.440815561571018	105.54323999999926	92.97000000000001	-0	6.5025	0	0	189.1106476058704	59.81454333094832
5	-5	18.440815561571018	105.54323999999926	92.97000000000001	-0	6.5025	0	0	189.1106476058704	59.81454333094832
5	-2	18.440815561571018	105.54323999999926	92.97000000000001	-0	6.5025	0	0	189.1106476058704	59.81454333094832
2	40	18.440815561571018	105.54323999999926	92.97000000000001	-0	6.5025	0	0	188.18202113571078	23.951347231173955
5	-10	18.440815561571018	105.54323999999926	92.97000000000001	-0	6.5025	0	0	189.1106476058704	59.81454333094832
5	-20	18.440815561571018	105.54323999999926	92.97000000000001	-0	6.5025	0	0	189.1106476058704	59.81454333094832
5	-40	18.440815561571018	105.54323999999926	92.97000000000001	-0	6.5025	0	0	189.1106476058704	59.81454333094832
2	20	18.440815561571018	105.54323999999926	92.97000000000001	-0	6.5025	0	0	188.18202113571078	23.951347231173955
2	10	18.440815561571018	105.54323999999926	92.97000000000001	-0	6.5025	0	0	188.18202113571078	23.951347231173955
2	5	18.440815561571018	105.54323999999926	92.97000000000001	-0	6.5025	0	0	188.18202113571078	23.951347231173955
-60	-10	18.440815561571018	102.46430573262737	92.96974530313912	-0.17635482520936527	6.378210044027035	5.399583724055244	0.1615626215918255	158.34793085322465	-575.0162959292962
2	0	18.440815561571018	105.54323999999926	92.97000000000001	-0	6.5025	0	0	188.18202113571078	23.951347231173955
2	2	18.440815561571018	105.54323999999926	92.97000000000001	-0	6.5025	0	0	188.18202113571078	23.951347231173955
2	-2	18.440815561571018	105.54323999999926	92.97000000000001	-0	6.5025	0	0	188.18202113571078	23.951347231173955
2	-5	18.440815561571018	105.54323999999926	92.97000000000001	-0	6.5025	0	0	188.18202113571078	23.951347231173955
2	-10	18.440815561571018	105.54323999999926	92.97000000000001	-0	6.5025	0	0	188.18202113571078	23.951347231173955
2	-20	18.440815561571018	105.54323999999926	92.97000000000001	-0	6.5025	0	0	188.18202113571078	23.951347231173955
2	-40	18.440815561571018	105.54323999999926	92.97000000000001	-0	6.5025	0	0	188.18202113571078	23.951347231173955
0	40	18.440815561571018	105.54323999999926	92.97000000000001	-0	6.5025	0	0	187.404022058532	0
0	20	18.440815561571018	105.54323999999926	92.97000000000001	-0	6.5025	0	0	187.404022058532	0
0	10	18.440815561571018	105.54323999999926	92.97000000000001	-0	6.5025	0	0	187.404022058532	0
0	5	18.440815561571018	105.54323999999926	92.97000000000001	-0	6.5025	0	0	187.404022058532	0
0	2	18.440815561571018	105.54323999999926	92.97000000000001	-0	6.5025	0	0	187.404022058532	0
0	0	18.440815561571018	105.54323999999926	92.97000000000001	-0	6.5025	0	0	187.404022058532	0
0	-2	18.440815561571018	105.54323999999926	92.97000000000001	-0	6.5025	0	0	187.404022058532	0
0	-5	18.440815561571018	105.54323999999926	92.97000000000001	-0	6.5025	0	0	187.404022058532	0
0	-10	18.440815561571018	105.54323999999926	92.97000000000001	-0	6.5025	0	0	187.404022058532	0
0	-40	18.440815561571018	105.54323999999926	92.97000000000001	-0	6.5025	0	0	187.404022058532	0
0	-20	18.440815561571018	105.54323999999926	92.97000000000001	-0	6.5025	0	0	187.404022058532	0
-2	40	18.440815561571018	105.54323999999926	92.97000000000001	-0	6.5025	0	0	188.18202113571078	-23.951347231173955
-2	20	18.440815561571018	105.54323999999926	92.97000000000001	-0	6.5025	0	0	188.18202113571078	-23.951347231173955
-2	10	18.440815561571018	105.54323999999926	92.97000000000001	-0	6.5025	0	0	188.18202113571078	-23.951347231173955
-2	5	18.440815561571018	105.54323999999926	92.97000000000001	-0	6.5025	0	0	188.18202113571078	-23.951347231173955
-2	2	18.440815561571018	105.54323999999926	92.97000000000001	-0	6.5025	0	0	188.18202113571078	-23.951347231173955
-2	0	18.440815561571018	105.54323999999926	92.97000000000001	-0	6.5025	0	0	188.18202113571078	-23.951347231173955
-2	-2	18.440815561571018	105.54323999999926	92.97000000000001	-0	6.5025	0	0	188.18202113571078	-23.951347231173955
-2	-5	18.440815561571018	105.54323999999926	92.97000000000001	-0	6.5025	0	0	188.18202113571078	-23.951347231173955
-2	-10	18.440815561571018	105.54323999999926	92.97000000000001	-0	6.5025	0	0	188.18202113571078	-23.951347231173955
-2	-40	18.440815561571018	105.54323999999926	92.97000000000001	-0	6.5025	0	0	188.18202113571078	-23.951347231173955
-2	-20	18.440815561571018	105.54323999999926	92.97000000000001	-0	6.5025	0	0	188.18202113571078	-23.951347231173955
-15	40	18.440815561571018	105.54323999999926	92.97000000000001	-0	6.5025	0	0	208.94730632394885	-177.62619536135344
-60	40	17.486338616374642	100.69559427002747	92.97154346909221	-0.2732261085904739	6.319505827902063	13.822534116150385	0.4204517855062887	158.34793085322465	-564.8484762197562
-15	20	18.440815561571018	105.54323999999926	92.97000000000001	-0	6.5025	0	0	208.94730632394885	-177.62619536135344
-15	10	18.440815561571018	105.54323999999926	92.97000000000001	-0	6.5025	0	0	208.94730632394885	-177.62619536135344
-15	5	18.440815561571018	105.54323999999926	92.97000000000001	-0	6.5025	0	0	208.94730632394885	-177.62619536135344
-15	2	18.440815561571018	105.54323999999926	92.97000000000001	-0	6.5025	0	0	208.94730632394885	-177.62619536135344
-15	0	18.440815561571018	105.54323999999926	92.97000000000001	-0	6.5025	0	0	208.94730632394885	-177.62619536135344
-15	-2	18.440815561571018	105.54323999999926	92.97000000000001	-0	6.5025	0	0	208.94730632394885	-177.62619536135344
-15	-5	18.440815561571018	105.54323999999926	92.97000000000001	-0	6.5025	0	0	208.94730632394885	-177.62619536135344
-15	-10	18.440815561571018	105.54323999999926	92.97000000000001	-0	6.5025	0	0	208.94730632394885	-177.62619536135344
-15	-20	18.440815561571018	105.54323999999926	92.97000000000001	-0	6.5025	0	0	208.94730632394885	-177.62619536135344
-15	-40	18.440815561571018	105.54323999999926	92.97000000000001	-0	6.5025	0	0	208.94730632394885	-177.62619536135344
-15	40	18.440815561571018	105.54323999999926	92.97000000000001	-0	6.5025	0	0	208.94730632394885	-177.62619536135344
-15	20	18.440815561571018	105.54323999999926	92.97000000000001	-0	6.5025	0	0	208.94730632394885	-177.62619536135344
-15	10	18.440815561571018	105.54323999999926	92.97000000000001	-0	6.5025	0	0	208.94730632394885	-177.62619536135344
-15	5	18.440815561571018	105.54323999999926	92.97000000000001	-0	6.5025	0	0	208.94730632394885	-177.62619536135344
-15	2	18.440815561571018	105.54323999999926	92.97000000000001	-0	6.5025	0	0	208.94730632394885	-177.62619536135344
-15	0	18.440815561571018	105.54323999999926	92.97000000000001	-0	6.5025	0	0	208.94730632394885	-177.62619536135344
-15	-2	18.440815561571018	105.54323999999926	92.97000000000001	-0	6.5025	0	0	208.94730632394885	-177.62619536135344
-15	-5	18.440815561571018	105.54323999999926	92.97000000000001	-0	6.5025	0	0	208.94730632394885	-177.62619536135344
-15	-10	18.440815561571018	105.54323999999926	92.97000000000001	-0	6.5025	0	0	208.94730632394885	-177.62619536135344
-15	-20	18.440815561571018	105.54323999999926	92.97000000000001	-0	6.5025	0	0	208.94730632394885	-177.62619536135344
-15	-40	18.440815561571018	105.54323999999926	92.97000000000001	-0	6.5025	0	0	208.94730632394885	-177.62619536135344
-30	40	18.440815561571018	105.54323999999926	92.97000000000001	-0	6.5025	0	0	289.65465582679684	-343.14745904999756
-30	20	18.440815561571018	105.54323999999926	92.97000000000001	-0	6.5025	0	0	289.65465582679684	-343.14745904999756
-30	10	18.440815561571018	105.54323999999926	92.97000000000001	-0	6.5025	0	0	289.65465582679684	-343.14745904999756
-30	5	18.440815561571018	105.54323999999926	92.97000000000001	-0	6.5025	0	0	289.65465582679684	-343.14745904999756
-30	2	18.440815561571018	105.54323999999926	92.97000000000001	-0	6.5025	0	0	289.65465582679684	-343.14745904999756
-30	0	18.440815561571018	105.54323999999926	92.97000000000001	-0	6.5025	0	0	289.65465582679684	-343.14745904999756
-30	-2	18.440815561571018	105.54323999999926	92.97000000000001	-0	6.5025	0	0	289.65465582679684	-343.14745904999756
-30	-5	18.440815561571018	105.54323999999926	92.97000000000001	-0	6.5025	0	0	289.65465582679684	-343.14745904999756
-30	-10	18.440815561571018	105.54323999999926	92.97000000000001	-0	6.5025	0	0	289.65465582679684	-343.14745904999756
-30	-20	18.440815561571018	105.54323999999926	92.97000000000001	-0	6.5025	0	0	289.65465582679684	-343.14745904999756
-30	-40	18.440815561571018	105.54323999999926	92.97000000000001	-0	6.5025	0	0	289.65465582679684	-343.14745904999756
60	10	17.486338616374642	100.72183623801072	92.97032425748706	0.2721499004057715	6.319723455478982	10.64691341820415	0.20744569167390758	158.34793085322485	564.9604639514544
60	5	17.486338616374642	100.72275010744171	92.97016088630718	0.27211243185169515	6.31973103225711	10.491117824463384	0.19919412801341047	158.34793085322485	564.9643638938943
60	-10	17.486338616374642	100.72183623801072	92.96967574251298	0.2721499004057715	6.319723455478982	10.652692217990847	0.2074742299159724	158.34793085322485	564.9604639514544
60	-2	17.486338616374642	100.72300101789013	92.96993578299832	0.27210214466769794	6.319733112500465	10.403089883267535	0.1944378276151772	158.34793085322485	564.9654346555077
60	20	17.486338616374642	100.71788303638792	92.97066935136849	0.27231198910412885	6.319690678390709	11.161783618306876	0.23568404106108012	158.34793085322485	564.9435936434436
60	2	17.486338616374642	100.72300101789013	92.97006421700168	0.2721021446676982	6.319733112500465	10.40308988326751	0.19443782761519296	158.34793085322485	564.9654346555077
60	0	17.486338616374642	100.72304856793063	92.97	0.27210019514917516	6.3197335067262275	10.340882719645695	0.19122436814916077	158.34793085322485	564.9656375755469
60	-5	17.486338616374642	100.72275010744171	92.9698391136928	0.2721124318516948	6.319731032257109	10.49488393510068	0.19921757334190832	158.34793085322485	564.9643638938942
-60	10	17.486338616374642	100.72183623801074	92.97032425748706	-0.2721499004057714	6.319723455478981	10.646913418204113	0.20744569167390706	158.34793085322465	-564.9604639514544
-60	5	17.486338616374642	100.7227501074417	92.97016088630721	-0.2721124318516955	6.319731032257112	10.491117824463375	0.1991941280134103	158.34793085322465	-564.9643638938944
60	-20	17.486338616374642	100.71788303638797	92.96933064863151	0.27231198910412757	6.319690678390708	11.16976856456155	0.23573999575174873	158.34793085322485	564.9435936434437
-60	2	17.486338616374642	100.7230010178901	92.97006421700168	-0.27210214466769833	6.319733112500463	10.403089883267565	0.19443782761519338	158.34793085322465	-564.9654346555074
-60	20	17.486338616374642	100.71788303638797	92.97066935136849	-0.272311989104129	6.31969067839071	11.161783618306847	0.23568404106107957	158.34793085322465	-564.9435936434439
-60	0	17.486338616374642	100.72304856793065	92.96999999999996	-0.2721001951491754	6.319733506726227	10.340882719645695	0.19122436814916077	158.34793085322465	-564.965637575547
-60	-2	17.486338616374642	100.72300101789013	92.9699357829983	-0.27210214466769794	6.319733112500463	10.403089883267565	0.1944378276151772	158.34793085322465	-564.9654346555075
60	40	16.531861671178266	98.56389865464777	92.97189369373943	0.3889963454153571	6.255656495422476	23.720607514949922	0.5033246777723218	158.34793085322485	553.1460808902414
-60	-5	17.486338616374642	100.72275010744175	92.9698391136928	-0.2721124318516952	6.319731032257108	10.494883935100638	0.1992175733419077	158.34793085322465	-564.9643638938944
-60	-40	17.486338616374642	100.69559427002748	92.9684565309078	-0.27322610859047247	6.319505827902067	13.791069523186533	0.42015823536490887	158.34793085322465	-564.8484762197565
30	0	17.486338616374642	105.54323999999926	92.97000000000001	-0	6.5025	0	0	289.65465582679684	343.14745904999756
30	40	17.486338616374642	105.54323999999926	92.97000000000001	-0	6.5025	0	0	289.65465582679684	343.14745904999756
30	20	17.486338616374642	105.54323999999926	92.97000000000001	-0	6.5025	0	0	289.65465582679684	343.14745904999756
30	10	17.486338616374642	105.54323999999926	92.97000000000001	-0	6.5025	0	0	289.65465582679684	343.14745904999756
30	2	17.486338616374642	105.54323999999926	92.97000000000001	-0	6.5025	0	0	289.65465582679684	343.14745904999756
30	5	17.486338616374642	105.54323999999926	92.97000000000001	-0	6.5025	0	0	289.65465582679684	343.14745904999756
30	-2	17.486338616374642	105.54323999999926	92.97000000000001	-0	6.5025	0	0	289.65465582679684	343.14745904999756
30	-10	17.486338616374642	105.54323999999926	92.97000000000001	-0	6.5025	0	0	289.65465582679684	343.14745904999756
30	-5	17.486338616374642	105.54323999999926	92.97000000000001	-0	6.5025	0	0	289.65465582679684	343.14745904999756
30	-20	17.486338616374642	105.54323999999926	92.97000000000001	-0	6.5025	0	0	289.65465582679684	343.14745904999756
30	-40	17.486338616374642	105.54323999999926	92.97000000000001	-0	6.5025	0	0	289.65465582679684	343.14745904999756
15	40	17.486338616374642	105.54323999999926	92.97000000000001	-0	6.5025	0	0	208.94730632394885	177.62619536135344
15	5	17.486338616374642	105.54323999999926	92.97000000000001	-0	6.5025	0	0	208.94730632394885	177.62619536135344
15	20	17.486338616374642	105.54323999999926	92.97000000000001	-0	6.5025	0	0	208.94730632394885	177.62619536135344
15	10	17.486338616374642	105.54323999999926	92.97000000000001	-0	6.5025	0	0	208.94730632394885	177.62619536135344
15	0	17.486338616374642	105.54323999999926	92.97000000000001	-0	6.5025	0	0	208.94730632394885	177.62619536135344
15	2	17.486338616374642	105.54323999999926	92.97000000000001	-0	6.5025	0	0	208.94730632394885	177.62619536135344
15	-5	17.486338616374642	105.54323999999926	92.97000000000001	-0	6.5025	0	0	208.94730632394885	177.62619536135344
15	-10	17.486338616374642	105.54323999999926	92.97000000000001	-0	6.5025	0	0	208.94730632394885	177.62619536135344
15	-2	17.486338616374642	105.54323999999926	92.97000000000001	-0	6.5025	0	0	208.94730632394885	177.62619536135344
15	-20	17.486338616374642	105.54323999999926	92.97000000000001	-0	6.5025	0	0	208.94730632394885	177.62619536135344
15	-40	17.486338616374642	105.54323999999926	92.97000000000001	-0	6.5025	0	0	208.94730632394885	177.62619536135344
10	40	17.486338616374642	105.54323999999926	92.97000000000001	-0	6.5025	0	0	196.7584029510415	119.17386187013938
10	20	17.486338616374642	105.54323999999926	92.97000000000001	-0	6.5025	0	0	196.7584029510415	119.17386187013938
10	10	17.486338616374642	105.54323999999926	92.97000000000001	-0	6.5025	0	0	196.7584029510415	119.17386187013938
10	5	17.486338616374642	105.54323999999926	92.97000000000001	-0	6.5025	0	0	196.7584029510415	119.17386187013938
10	0	17.486338616374642	105.54323999999926	92.97000000000001	-0	6.5025	0	0	196.7584029510415	119.17386187013938
10	2	17.486338616374642	105.54323999999926	92.97000000000001	-0	6.5025	0	0	196.7584029510415	119.17386187013938
10	-5	17.486338616374642	105.54323999999926	92.97000000000001	-0	6.5025	0	0	196.7584029510415	119.17386187013938
10	-2	17.486338616374642	105.54323999999926	92.97000000000001	-0	6.5025	0	0	196.7584029510415	119.17386187013938
10	-10	17.486338616374642	105.54323999999926	92.97000000000001	-0	6.5025	0	0	196.7584029510415	119.17386187013938
10	-20	17.486338616374642	105.54323999999926	92.97000000000001	-0	6.5025	0	0	196.7584029510415	119.17386187013938
10	-40	17.486338616374642	105.54323999999926	92.97000000000001	-0	6.5025	0	0	196.7584029510415	119.17386187013938
5	40	17.486338616374642	105.54323999999926	92.97000000000001	-0	6.5025	0	0	189.1106476058704	59.81454333094832
5	20	17.486338616374642	105.54323999999926	92.97000000000001	-0	6.5025	0	0	189.1106476058704	59.81454333094832
5	10	17.486338616374642	105.54323999999926	92.97000000000001	-0	6.5025	0	0	189.1106476058704	59.81454333094832
5	5	17.486338616374642	105.54323999999926	92.97000000000001	-0	6.5025	0	0	189.1106476058704	59.81454333094832
5	0	17.486338616374642	105.54323999999926	92.97000000000001	-0	6.5025	0	0	189.1106476058704	59.81454333094832
5	2	17.486338616374642	105.54323999999926	92.97000000000001	-0	6.5025	0	0	189.1106476058704	59.81454333094832
5	-2	17.486338616374642	105.54323999999926	92.97000000000001	-0	6.5025	0	0	189.1106476058704	59.81454333094832
5	-5	17.486338616374642	105.54323999999926	92.97000000000001	-0	6.5025	0	0	189.1106476058704	59.81454333094832
5	-10	17.486338616374642	105.54323999999926	92.97000000000001	-0	6.5025	0	0	189.1106476058704	59.81454333094832
5	-20	17.486338616374642	105.54323999999926	92.97000000000001	-0	6.5025	0	0	189.1106476058704	59.81454333094832
5	-40	17.486338616374642	105.54323999999926	92.97000000000001	-0	6.5025	0	0	189.1106476058704	59.81454333094832
2	10	17.486338616374642	105.54323999999926	92.97000000000001	-0	6.5025	0	0	188.18202113571078	23.951347231173955
2	20	17.486338616374642	105.54323999999926	92.97000000000001	-0	6.5025	0	0	188.18202113571078	23.951347231173955
2	40	17.486338616374642	105.54323999999926	92.97000000000001	-0	6.5025	0	0	188.18202113571078	23.951347231173955
2	5	17.486338616374642	105.54323999999926	92.97000000000001	-0	6.5025	0	0	188.18202113571078	23.951347231173955
2	2	17.486338616374642	105.54323999999926	92.97000000000001	-0	6.5025	0	0	188.18202113571078	23.951347231173955
2	-5	17.486338616374642	105.54323999999926	92.97000000000001	-0	6.5025	0	0	188.18202113571078	23.951347231173955
2	0	17.486338616374642	105.54323999999926	92.97000000000001	-0	6.5025	0	0	188.18202113571078	23.951347231173955
2	-2	17.486338616374642	105.54323999999926	92.97000000000001	-0	6.5025	0	0	188.18202113571078	23.951347231173955
2	-10	17.486338616374642	105.54323999999926	92.97000000000001	-0	6.5025	0	0	188.18202113571078	23.951347231173955
2	-40	17.486338616374642	105.54323999999926	92.97000000000001	-0	6.5025	0	0	188.18202113571078	23.951347231173955
2	-20	17.486338616374642	105.54323999999926	92.97000000000001	-0	6.5025	0	0	188.18202113571078	23.951347231173955
0	40	17.486338616374642	105.54323999999926	92.97000000000001	-0	6.5025	0	0	187.404022058532	0
0	5	17.486338616374642	105.54323999999926	92.97000000000001	-0	6.5025	0	0	187.404022058532	0
0	20	17.486338616374642	105.54323999999926	92.97000000000001	-0	6.5025	0	0	187.404022058532	0
0	10	17.486338616374642	105.54323999999926	92.97000000000001	-0	6.5025	0	0	187.404022058532	0
0	2	17.486338616374642	105.54323999999926	92.97000000000001	-0	6.5025	0	0	187.404022058532	0
0	0	17.486338616374642	105.54323999999926	92.97000000000001	-0	6.5025	0	0	187.404022058532	0
0	-2	17.486338616374642	105.54323999999926	92.97000000000001	-0	6.5025	0	0	187.404022058532	0
0	-5	17.486338616374642	105.54323999999926	92.97000000000001	-0	6.5025	0	0	187.404022058532	0
0	-20	17.486338616374642	105.54323999999926	92.97000000000001	-0	6.5025	0	0	187.404022058532	0
0	-10	17.486338616374642	105.54323999999926	92.97000000000001	-0	6.5025	0	0	187.404022058532	0
0	-40	17.486338616374642	105.54323999999926	92.97000000000001	-0	6.5025	0	0	187.404022058532	0
-2	40	17.486338616374642	105.54323999999926	92.97000000000001	-0	6.5025	0	0	188.18202113571078	-23.951347231173955
-2	20	17.486338616374642	105.54323999999926	92.97000000000001	-0	6.5025	0	0	188.18202113571078	-23.951347231173955
-15	10	17.486338616374642	105.54323999999926	92.97000000000001	-0	6.5025	0	0	208.94730632394885	-177.62619536135344
-2	10	17.486338616374642	105.54323999999926	92.97000000000001	-0	6.5025	0	0	188.18202113571078	-23.951347231173955
-2	0	17.486338616374642	105.54323999999926	92.97000000000001	-0	6.5025	0	0	188.18202113571078	-23.951347231173955
-2	5	17.486338616374642	105.54323999999926	92.97000000000001	-0	6.5025	0	0	188.18202113571078	-23.951347231173955
-2	2	17.486338616374642	105.54323999999926	92.97000000000001	-0	6.5025	0	0	188.18202113571078	-23.951347231173955
-2	-2	17.486338616374642	105.54323999999926	92.97000000000001	-0	6.5025	0	0	188.18202113571078	-23.951347231173955
-2	-5	17.486338616374642	105.54323999999926	92.97000000000001	-0	6.5025	0	0	188.18202113571078	-23.951347231173955
-2	-10	17.486338616374642	105.54323999999926	92.97000000000001	-0	6.5025	0	0	188.18202113571078	-23.951347231173955
-2	-20	17.486338616374642	105.54323999999926	92.97000000000001	-0	6.5025	0	0	188.18202113571078	-23.951347231173955
-2	-40	17.486338616374642	105.54323999999926	92.97000000000001	-0	6.5025	0	0	188.18202113571078	-23.951347231173955
-15	40	17.486338616374642	105.54323999999926	92.97000000000001	-0	6.5025	0	0	208.94730632394885	-177.62619536135344
-15	20	17.486338616374642	105.54323999999926	92.97000000000001	-0	6.5025	0	0	208.94730632394885	-177.62619536135344
-15	2	17.486338616374642	105.54323999999926	92.97000000000001	-0	6.5025	0	0	208.94730632394885	-177.62619536135344
-15	5	17.486338616374642	105.54323999999926	92.97000000000001	-0	6.5025	0	0	208.94730632394885	-177.62619536135344
-15	0	17.486338616374642	105.54323999999926	92.97000000000001	-0	6.5025	0	0	208.94730632394885	-177.62619536135344
-15	2	17.486338616374642	105.54323999999926	92.97000000000001	-0	6.5025	0	0	208.94730632394885	-177.62619536135344
-15	-2	17.486338616374642	105.54323999999926	92.97000000000001	-0	6.5025	0	0	208.94730632394885	-177.62619536135344
-15	-5	17.486338616374642	105.54323999999926	92.97000000000001	-0	6.5025	0	0	208.94730632394885	-177.62619536135344
-15	-10	17.486338616374642	105.54323999999926	92.97000000000001	-0	6.5025	0	0	208.94730632394885	-177.62619536135344
-15	-20	17.486338616374642	105.54323999999926	92.97000000000001	-0	6.5025	0	0	208.94730632394885	-177.62619536135344
-15	-2	17.486338616374642	105.54323999999926	92.97000000000001	-0	6.5025	0	0	208.94730632394885	-177.62619536135344
-15	40	17.486338616374642	105.54323999999926	92.97000000000001	-0	6.5025	0	0	208.94730632394885	-177.62619536135344
-15	-40	17.486338616374642	105.54323999999926	92.97000000000001	-0	6.5025	0	0	208.94730632394885	-177.62619536135344
-15	20	17.486338616374642	105.54323999999926	92.97000000000001	-0	6.5025	0	0	208.94730632394885	-177.62619536135344
-15	10	17.486338616374642	105.54323999999926	92.97000000000001	-0	6.5025	0	0	208.94730632394885	-177.62619536135344
-15	5	17.486338616374642	105.54323999999926	92.97000000000001	-0	6.5025	0	0	208.94730632394885	-177.62619536135344
-15	0	17.486338616374642	105.54323999999926	92.97000000000001	-0	6.5025	0	0	208.94730632394885	-177.62619536135344
-15	-5	17.486338616374642	105.54323999999926	92.97000000000001	-0	6.5025	0	0	208.94730632394885	-177.62619536135344
-15	-10	17.486338616374642	105.54323999999926	92.97000000000001	-0	6.5025	0	0	208.94730632394885	-177.62619536135344
-15	-20	17.486338616374642	105.54323999999926	92.97000000000001	-0	6.5025	0	0	208.94730632394885	-177.62619536135344
60	20	16.531861671178266	98.58618742100829	92.97082122825508	0.3881608740152356	6.255643986156096	19.13712772157791	0.27592243463934557	158.34793085322485	553.2289156986989
60	-5	16.531861671178266	98.5910544920621	92.96980260854093	0.3879784871310007	6.255641255331176	18.12168194647061	0.2378648030999738	158.34793085322485	553.247003864368
-15	-40	17.486338616374642	105.54323999999926	92.97000000000001	-0	6.5025	0	0	208.94730632394885	-177.62619536135344
-30	40	17.486338616374642	105.54323999999926	92.97000000000001	-0	6.5025	0	0	289.65465582679684	-343.14745904999756
-30	20	17.486338616374642	105.54323999999926	92.97000000000001	-0	6.5025	0	0	289.65465582679684	-343.14745904999756
-30	10	17.486338616374642	105.54323999999926	92.97000000000001	-0	6.5025	0	0	289.65465582679684	-343.14745904999756
-30	5	17.486338616374642	105.54323999999926	92.97000000000001	-0	6.5025	0	0	289.65465582679684	-343.14745904999756
-30	2	17.486338616374642	105.54323999999926	92.97000000000001	-0	6.5025	0	0	289.65465582679684	-343.14745904999756
-30	-5	17.486338616374642	105.54323999999926	92.97000000000001	-0	6.5025	0	0	289.65465582679684	-343.14745904999756
-30	-2	17.486338616374642	105.54323999999926	92.97000000000001	-0	6.5025	0	0	289.65465582679684	-343.14745904999756
-30	0	17.486338616374642	105.54323999999926	92.97000000000001	-0	6.5025	0	0	289.65465582679684	-343.14745904999756
-30	-10	17.486338616374642	105.54323999999926	92.97000000000001	-0	6.5025	0	0	289.65465582679684	-343.14745904999756
-30	-20	17.486338616374642	105.54323999999926	92.97000000000001	-0	6.5025	0	0	289.65465582679684	-343.14745904999756
-60	-10	17.486338616374642	100.7218362380107	92.96967574251299	-0.27214990040577175	6.319723455478984	10.652692217990845	0.2074742299159724	158.34793085322465	-564.9604639514544
-30	-40	17.486338616374642	105.54323999999926	92.97000000000001	-0	6.5025	0	0	289.65465582679684	-343.14745904999756
60	-2	16.531861671178266	98.59130540251047	92.96992121214541	0.3879690850904712	6.255641114557203	17.990429461621904	0.23309145156765207	158.34793085322485	553.2479363573824
60	10	16.531861671178266	98.59014062263111	92.97039783168728	0.38801273177483986	6.25564176806611	18.343819821512547	0.24607063379760566	158.34793085322485	553.2436075256902
60	-40	16.531861671178266	98.56389865464784	92.96810630626061	0.38899634541535616	6.255656495422473	23.650075470503936	0.5028625376478527	158.34793085322485	553.1460808902414
60	0	16.531861671178266	98.59135295255099	92.97000000000004	0.38796730331510926	6.255641087879209	17.90084846019695	0.22987736752460566	158.34793085322485	553.248113074139
60	2	16.531861671178266	98.59130540251047	92.9700787878546	0.3879690850904713	6.255641114557204	17.990429461621805	0.23309145156767203	158.34793085322485	553.2479363573825
-60	-20	17.486338616374642	100.71788303638796	92.96933064863157	-0.27231198910412846	6.319690678390712	11.16976856456155	0.23573999575174873	158.34793085322465	-564.943593643444
60	5	16.531861671178266	98.59105449206211	92.97019739145908	0.3879784871310001	6.255641255331177	18.117637355200493	0.23784286036639185	158.34793085322485	553.2470038643681
60	-10	16.531861671178266	98.59014062263107	92.96960216831275	0.3880127317748412	6.255641768066108	18.345268103279587	0.24608003800714404	158.34793085322485	553.24360752569
-60	40	16.531861671178266	98.56389865464784	92.97189369373939	-0.38899634541535644	6.255656495422473	23.72060751494995	0.5033246777723226	158.34793085322465	-553.1460808902415
60	-20	16.531861671178266	98.58618742100838	92.96917877174492	0.38816087401523053	6.2556439861561	19.105013999872725	0.2757602763291942	158.34793085322485	553.2289156986994
-60	20	16.531861671178266	98.58618742100826	92.97082122825508	-0.38816087401523625	6.255643986156097	19.13712772157785	0.27592243463934474	158.34793085322465	-553.2289156986988
60	40	15.577384725981888	96.04297691850515	92.97226855877592	0.5253509232927897	6.188938337134504	37.72458676416459	0.5996594198250215	158.34793085322485	539.9971509863764
-60	10	16.531861671178266	98.59014062263107	92.97039783168734	-0.38801273177484	6.255641768066115	18.34381982151254	0.24607063379760566	158.34793085322465	-553.2436075256904
-60	0	16.531861671178266	98.59135295255098	92.97000000000004	-0.38796730331510954	6.255641087879209	17.90084846019695	0.22987736752460566	158.34793085322465	-553.2481130741389
-60	2	16.531861671178266	98.59130540251047	92.9700787878546	-0.3879690850904708	6.255641114557206	17.990429461621815	0.2330914515676722	158.34793085322465	-553.2479363573827
-60	40	15.577384725981888	96.04297691850515	92.97226855877594	-0.5253509232927888	6.188938337134502	37.724586764164634	0.5996594198250222	158.34793085322465	-539.9971509863763
60	-40	15.577384725981888	96.04297691850513	92.96773144122413	0.5253509232927914	6.188938337134502	37.76929939320645	0.5999184605582483	158.34793085322485	539.9971509863763
-60	5	16.531861671178266	98.5910544920621	92.9701973914591	-0.3879784871310004	6.255641255331177	18.117637355200493	0.23784286036639185	158.34793085322465	-553.247003864368
-60	-5	16.531861671178266	98.5910544920621	92.96980260854093	-0.3879784871310009	6.255641255331178	18.121681946470595	0.2378648030999564	158.34793085322465	-553.2470038643681
-60	-2	16.531861671178266	98.59130540251044	92.96992121214545	-0.3879690850904717	6.255641114557201	17.990429461621897	0.23309145156765207	158.34793085322465	-553.2479363573821
-60	-10	16.531861671178266	98.5901406226311	92.96960216831279	-0.3880127317748409	6.255641768066108	18.34526810327963	0.24608003800714467	158.34793085322465	-553.2436075256901
-60	-40	16.531861671178266	98.56389865464782	92.96810630626062	-0.3889963454153546	6.2556564954224765	23.650075470503825	0.5028625376478507	158.34793085322465	-553.1460808902416
60	20	15.577384725981888	96.06526568486566	92.97098378817591	0.5245897480686899	6.18871952455	30.5611342681209	0.329645783404807	158.34793085322485	540.0677031796041
30	40	16.531861671178266	105.54323999999926	92.97000000000001	-0	6.5025	0	0	289.65465582679684	343.14745904999756
30	20	16.531861671178266	105.54323999999926	92.97000000000001	-0	6.5025	0	0	289.65465582679684	343.14745904999756
30	10	16.531861671178266	105.54323999999926	92.97000000000001	-0	6.5025	0	0	289.65465582679684	343.14745904999756
30	5	16.531861671178266	105.54323999999926	92.97000000000001	-0	6.5025	0	0	289.65465582679684	343.14745904999756
30	2	16.531861671178266	105.54323999999926	92.97000000000001	-0	6.5025	0	0	289.65465582679684	343.14745904999756
30	0	16.531861671178266	105.54323999999926	92.97000000000001	-0	6.5025	0	0	289.65465582679684	343.14745904999756
30	-2	16.531861671178266	105.54323999999926	92.97000000000001	-0	6.5025	0	0	289.65465582679684	343.14745904999756
30	-5	16.531861671178266	105.54323999999926	92.97000000000001	-0	6.5025	0	0	289.65465582679684	343.14745904999756
30	-10	16.531861671178266	105.54323999999926	92.97000000000001	-0	6.5025	0	0	289.65465582679684	343.14745904999756
30	-20	16.531861671178266	105.54323999999926	92.97000000000001	-0	6.5025	0	0	289.65465582679684	343.14745904999756
30	-40	16.531861671178266	105.54323999999926	92.97000000000001	-0	6.5025	0	0	289.65465582679684	343.14745904999756
15	40	16.531861671178266	105.54323999999926	92.97000000000001	-0	6.5025	0	0	208.94730632394885	177.62619536135344
15	20	16.531861671178266	105.54323999999926	92.97000000000001	-0	6.5025	0	0	208.94730632394885	177.62619536135344
15	10	16.531861671178266	105.54323999999926	92.97000000000001	-0	6.5025	0	0	208.94730632394885	177.62619536135344
15	5	16.531861671178266	105.54323999999926	92.97000000000001	-0	6.5025	0	0	208.94730632394885	177.62619536135344
15	2	16.531861671178266	105.54323999999926	92.97000000000001	-0	6.5025	0	0	208.94730632394885	177.62619536135344
15	0	16.531861671178266	105.54323999999926	92.97000000000001	-0	6.5025	0	0	208.94730632394885	177.62619536135344
15	-2	16.531861671178266	105.54323999999926	92.97000000000001	-0	6.5025	0	0	208.94730632394885	177.62619536135344
15	-5	16.531861671178266	105.54323999999926	92.97000000000001	-0	6.5025	0	0	208.94730632394885	177.62619536135344
15	-10	16.531861671178266	105.54323999999926	92.97000000000001	-0	6.5025	0	0	208.94730632394885	177.62619536135344
15	-20	16.531861671178266	105.54323999999926	92.97000000000001	-0	6.5025	0	0	208.94730632394885	177.62619536135344
15	-40	16.531861671178266	105.54323999999926	92.97000000000001	-0	6.5025	0	0	208.94730632394885	177.62619536135344
10	40	16.531861671178266	105.54323999999926	92.97000000000001	-0	6.5025	0	0	196.7584029510415	119.17386187013938
10	20	16.531861671178266	105.54323999999926	92.97000000000001	-0	6.5025	0	0	196.7584029510415	119.17386187013938
10	10	16.531861671178266	105.54323999999926	92.97000000000001	-0	6.5025	0	0	196.7584029510415	119.17386187013938
10	5	16.531861671178266	105.54323999999926	92.97000000000001	-0	6.5025	0	0	196.7584029510415	119.17386187013938
10	2	16.531861671178266	105.54323999999926	92.97000000000001	-0	6.5025	0	0	196.7584029510415	119.17386187013938
10	0	16.531861671178266	105.54323999999926	92.97000000000001	-0	6.5025	0	0	196.7584029510415	119.17386187013938
10	-2	16.531861671178266	105.54323999999926	92.97000000000001	-0	6.5025	0	0	196.7584029510415	119.17386187013938
10	-5	16.531861671178266	105.54323999999926	92.97000000000001	-0	6.5025	0	0	196.7584029510415	119.17386187013938
10	-10	16.531861671178266	105.54323999999926	92.97000000000001	-0	6.5025	0	0	196.7584029510415	119.17386187013938
10	-20	16.531861671178266	105.54323999999926	92.97000000000001	-0	6.5025	0	0	196.7584029510415	119.17386187013938
10	-40	16.531861671178266	105.54323999999926	92.97000000000001	-0	6.5025	0	0	196.7584029510415	119.17386187013938
5	40	16.531861671178266	105.54323999999926	92.97000000000001	-0	6.5025	0	0	189.1106476058704	59.81454333094832
5	20	16.531861671178266	105.54323999999926	92.97000000000001	-0	6.5025	0	0	189.1106476058704	59.81454333094832
5	10	16.531861671178266	105.54323999999926	92.97000000000001	-0	6.5025	0	0	189.1106476058704	59.81454333094832
5	5	16.531861671178266	105.54323999999926	92.97000000000001	-0	6.5025	0	0	189.1106476058704	59.81454333094832
5	2	16.531861671178266	105.54323999999926	92.97000000000001	-0	6.5025	0	0	189.1106476058704	59.81454333094832
5	0	16.531861671178266	105.54323999999926	92.97000000000001	-0	6.5025	0	0	189.1106476058704	59.81454333094832
5	-2	16.531861671178266	105.54323999999926	92.97000000000001	-0	6.5025	0	0	189.1106476058704	59.81454333094832
5	-5	16.531861671178266	105.54323999999926	92.97000000000001	-0	6.5025	0	0	189.1106476058704	59.81454333094832
5	-10	16.531861671178266	105.54323999999926	92.97000000000001	-0	6.5025	0	0	189.1106476058704	59.81454333094832
5	-20	16.531861671178266	105.54323999999926	92.97000000000001	-0	6.5025	0	0	189.1106476058704	59.81454333094832
5	-40	16.531861671178266	105.54323999999926	92.97000000000001	-0	6.5025	0	0	189.1106476058704	59.81454333094832
2	40	16.531861671178266	105.54323999999926	92.97000000000001	-0	6.5025	0	0	188.18202113571078	23.951347231173955
2	20	16.531861671178266	105.54323999999926	92.97000000000001	-0	6.5025	0	0	188.18202113571078	23.951347231173955
2	10	16.531861671178266	105.54323999999926	92.97000000000001	-0	6.5025	0	0	188.18202113571078	23.951347231173955
2	5	16.531861671178266	105.54323999999926	92.97000000000001	-0	6.5025	0	0	188.18202113571078	23.951347231173955
2	2	16.531861671178266	105.54323999999926	92.97000000000001	-0	6.5025	0	0	188.18202113571078	23.951347231173955
2	0	16.531861671178266	105.54323999999926	92.97000000000001	-0	6.5025	0	0	188.18202113571078	23.951347231173955
2	-2	16.531861671178266	105.54323999999926	92.97000000000001	-0	6.5025	0	0	188.18202113571078	23.951347231173955
2	-5	16.531861671178266	105.54323999999926	92.97000000000001	-0	6.5025	0	0	188.18202113571078	23.951347231173955
2	-10	16.531861671178266	105.54323999999926	92.97000000000001	-0	6.5025	0	0	188.18202113571078	23.951347231173955
2	-20	16.531861671178266	105.54323999999926	92.97000000000001	-0	6.5025	0	0	188.18202113571078	23.951347231173955
2	-40	16.531861671178266	105.54323999999926	92.97000000000001	-0	6.5025	0	0	188.18202113571078	23.951347231173955
0	40	16.531861671178266	105.54323999999926	92.97000000000001	-0	6.5025	0	0	187.404022058532	0
0	20	16.531861671178266	105.54323999999926	92.97000000000001	-0	6.5025	0	0	187.404022058532	0
0	10	16.531861671178266	105.54323999999926	92.97000000000001	-0	6.5025	0	0	187.404022058532	0
0	5	16.531861671178266	105.54323999999926	92.97000000000001	-0	6.5025	0	0	187.404022058532	0
0	2	16.531861671178266	105.54323999999926	92.97000000000001	-0	6.5025	0	0	187.404022058532	0
0	0	16.531861671178266	105.54323999999926	92.97000000000001	-0	6.5025	0	0	187.404022058532	0
0	-2	16.531861671178266	105.54323999999926	92.97000000000001	-0	6.5025	0	0	187.404022058532	0
0	-5	16.531861671178266	105.54323999999926	92.97000000000001	-0	6.5025	0	0	187.404022058532	0
0	-10	16.531861671178266	105.54323999999926	92.97000000000001	-0	6.5025	0	0	187.404022058532	0
0	-20	16.531861671178266	105.54323999999926	92.97000000000001	-0	6.5025	0	0	187.404022058532	0
0	-40	16.531861671178266	105.54323999999926	92.97000000000001	-0	6.5025	0	0	187.404022058532	0
-2	40	16.531861671178266	105.54323999999926	92.97000000000001	-0	6.5025	0	0	188.18202113571078	-23.951347231173955
-2	20	16.531861671178266	105.54323999999926	92.97000000000001	-0	6.5025	0	0	188.18202113571078	-23.951347231173955
-2	10	16.531861671178266	105.54323999999926	92.97000000000001	-0	6.5025	0	0	188.18202113571078	-23.951347231173955
-2	5	16.531861671178266	105.54323999999926	92.97000000000001	-0	6.5025	0	0	188.18202113571078	-23.951347231173955
-2	2	16.531861671178266	105.54323999999926	92.97000000000001	-0	6.5025	0	0	188.18202113571078	-23.951347231173955
-2	0	16.531861671178266	105.54323999999926	92.97000000000001	-0	6.5025	0	0	188.18202113571078	-23.951347231173955
-2	-2	16.531861671178266	105.54323999999926	92.97000000000001	-0	6.5025	0	0	188.18202113571078	-23.951347231173955
-2	-5	16.531861671178266	105.54323999999926	92.97000000000001	-0	6.5025	0	0	188.18202113571078	-23.951347231173955
-2	-10	16.531861671178266	105.54323999999926	92.97000000000001	-0	6.5025	0	0	188.18202113571078	-23.951347231173955
-2	-20	16.531861671178266	105.54323999999926	92.97000000000001	-0	6.5025	0	0	188.18202113571078	-23.951347231173955
-2	-40	16.531861671178266	105.54323999999926	92.97000000000001	-0	6.5025	0	0	188.18202113571078	-23.951347231173955
-15	40	16.531861671178266	105.54323999999926	92.97000000000001	-0	6.5025	0	0	208.94730632394885	-177.62619536135344
-15	20	16.531861671178266	105.54323999999926	92.97000000000001	-0	6.5025	0	0	208.94730632394885	-177.62619536135344
-15	10	16.531861671178266	105.54323999999926	92.97000000000001	-0	6.5025	0	0	208.94730632394885	-177.62619536135344
-15	5	16.531861671178266	105.54323999999926	92.97000000000001	-0	6.5025	0	0	208.94730632394885	-177.62619536135344
-15	2	16.531861671178266	105.54323999999926	92.97000000000001	-0	6.5025	0	0	208.94730632394885	-177.62619536135344
-15	0	16.531861671178266	105.54323999999926	92.97000000000001	-0	6.5025	0	0	208.94730632394885	-177.62619536135344
-15	-2	16.531861671178266	105.54323999999926	92.97000000000001	-0	6.5025	0	0	208.94730632394885	-177.62619536135344
-15	-5	16.531861671178266	105.54323999999926	92.97000000000001	-0	6.5025	0	0	208.94730632394885	-177.62619536135344
-15	-10	16.531861671178266	105.54323999999926	92.97000000000001	-0	6.5025	0	0	208.94730632394885	-177.62619536135344
-15	-20	16.531861671178266	105.54323999999926	92.97000000000001	-0	6.5025	0	0	208.94730632394885	-177.62619536135344
-15	-40	16.531861671178266	105.54323999999926	92.97000000000001	-0	6.5025	0	0	208.94730632394885	-177.62619536135344
-15	40	16.531861671178266	105.54323999999926	92.97000000000001	-0	6.5025	0	0	208.94730632394885	-177.62619536135344
-15	20	16.531861671178266	105.54323999999926	92.97000000000001	-0	6.5025	0	0	208.94730632394885	-177.62619536135344
-15	10	16.531861671178266	105.54323999999926	92.97000000000001	-0	6.5025	0	0	208.94730632394885	-177.62619536135344
-15	5	16.531861671178266	105.54323999999926	92.97000000000001	-0	6.5025	0	0	208.94730632394885	-177.62619536135344
-15	2	16.531861671178266	105.54323999999926	92.97000000000001	-0	6.5025	0	0	208.94730632394885	-177.62619536135344
-15	0	16.531861671178266	105.54323999999926	92.97000000000001	-0	6.5025	0	0	208.94730632394885	-177.62619536135344
-15	-2	16.531861671178266	105.54323999999926	92.97000000000001	-0	6.5025	0	0	208.94730632394885	-177.62619536135344
-15	-5	16.531861671178266	105.54323999999926	92.97000000000001	-0	6.5025	0	0	208.94730632394885	-177.62619536135344
-15	-10	16.531861671178266	105.54323999999926	92.97000000000001	-0	6.5025	0	0	208.94730632394885	-177.62619536135344
-15	-20	16.531861671178266	105.54323999999926	92.97000000000001	-0	6.5025	0	0	208.94730632394885	-177.62619536135344
-15	-40	16.531861671178266	105.54323999999926	92.97000000000001	-0	6.5025	0	0	208.94730632394885	-177.62619536135344
-30	40	16.531861671178266	105.54323999999926	92.97000000000001	-0	6.5025	0	0	289.65465582679684	-343.14745904999756
-30	20	16.531861671178266	105.54323999999926	92.97000000000001	-0	6.5025	0	0	289.65465582679684	-343.14745904999756
-30	10	16.531861671178266	105.54323999999926	92.97000000000001	-0	6.5025	0	0	289.65465582679684	-343.14745904999756
-30	5	16.531861671178266	105.54323999999926	92.97000000000001	-0	6.5025	0	0	289.65465582679684	-343.14745904999756
-30	2	16.531861671178266	105.54323999999926	92.97000000000001	-0	6.5025	0	0	289.65465582679684	-343.14745904999756
-30	0	16.531861671178266	105.54323999999926	92.97000000000001	-0	6.5025	0	0	289.65465582679684	-343.14745904999756
-30	-2	16.531861671178266	105.54323999999926	92.97000000000001	-0	6.5025	0	0	289.65465582679684	-343.14745904999756
-30	-5	16.531861671178266	105.54323999999926	92.97000000000001	-0	6.5025	0	0	289.65465582679684	-343.14745904999756
-30	-10	16.531861671178266	105.54323999999926	92.97000000000001	-0	6.5025	0	0	289.65465582679684	-343.14745904999756
-30	-20	16.531861671178266	105.54323999999926	92.97000000000001	-0	6.5025	0	0	289.65465582679684	-343.14745904999756
-30	-40	16.531861671178266	105.54323999999926	92.97000000000001	-0	6.5025	0	0	289.65465582679684	-343.14745904999756
60	10	15.577384725981888	96.06921888648844	92.97047658089664	0.5244547806536328	6.188680725902886	29.06715220841319	0.2847033563539996	158.34793085322485	540.0802165255761
-60	-20	16.531861671178266	98.58618742100838	92.96917877174495	-0.38816087401523075	6.255643986156099	19.10501399987272	0.27576027632919387	158.34793085322465	-553.2289156986993
60	2	15.577384725981888	96.07038366636786	92.97009438356959	0.5244150156809636	6.188669294794558	28.58390649051413	0.27174508909523304	158.34793085322485	540.0839034849075
60	5	15.577384725981888	96.07013275591947	92.97023646426037	0.5244235815502654	6.188671757197353	28.75748870678706	0.27649296385588856	158.34793085322485	540.0831092604919
60	-20	15.577384725981888	96.06526568486572	92.9690162118241	0.5245897480686871	6.188719524550001	30.594937340407007	0.32978188106800427	158.34793085322485	540.0677031796043
60	0	15.577384725981888	96.07043121640838	92.97000000000004	0.5244133923680654	6.1886688281460405	28.461974080172183	0.2685305606187686	158.34793085322485	540.0840539983813
60	-2	15.577384725981888	96.07038366636783	92.96990561643042	0.5244150156809643	6.1886692947945585	28.583906490514217	0.27174508909524175	158.34793085322485	540.0839034849075
60	-5	15.577384725981888	96.07013275591945	92.96976353573965	0.524423581550265	6.188671757197354	28.7593127006943	0.27649316245856875	158.34793085322485	540.0831092604918
60	-10	15.577384725981888	96.06921888648846	92.96952341910341	0.5244547806536333	6.188680725902882	29.0671522084133	0.2847033563539723	158.34793085322485	540.0802165255759
-60	20	15.577384725981888	96.06526568486566	92.97098378817593	-0.5245897480686896	6.188719524549998	30.56113426812089	0.329645783404807	158.34793085322465	-540.067703179604
-60	10	15.577384725981888	96.06921888648846	92.9704765808966	-0.5244547806536327	6.188680725902885	29.06715220841315	0.2847033563539996	158.34793085322465	-540.0802165255761
60	40	14.62290778078551	93.1328290615996	92.97267476507479	0.6833679041261448	6.122270900910355	55.95515783401777	0.6749489289777986	158.34793085322485	525.6161763817342
-60	2	15.577384725981888	96.07038366636783	92.97009438356962	-0.5244150156809636	6.1886692947945585	28.583906490514014	0.27174508909523304	158.34793085322465	-540.0839034849075
-60	5	15.577384725981888	96.07013275591945	92.97023646426038	-0.5244235815502659	6.188671757197353	28.757488706786997	0.276492963855888	158.34793085322465	-540.0831092604918
-60	-40	15.577384725981888	96.04297691850515	92.96773144122412	-0.5253509232927899	6.188938337134502	37.769299393206325	0.5999184605582464	158.34793085322465	-539.9971509863763
-60	0	15.577384725981888	96.07043121640837	92.97000000000004	-0.5244133923680656	6.188668828146041	28.461974080172183	0.2685305606187686	158.34793085322465	-540.0840539983813
-60	-2	15.577384725981888	96.07038366636786	92.9699056164304	-0.5244150156809642	6.188669294794557	28.583906490514128	0.27174508909524187	158.34793085322465	-540.0839034849075
60	-40	14.62290778078551	93.1328290615995	92.96732523492524	0.6833679041261537	6.122270900910351	55.86013962073047	0.6745922417828174	158.34793085322485	525.6161763817338
60	20	14.62290778078551	93.15511782796005	92.97115993608128	0.6826769932028042	6.121832830853279	45.57165046357547	0.3752882783889658	158.34793085322485	525.6744459597319
-60	-10	15.577384725981888	96.06921888648846	92.96952341910341	-0.5244547806536329	6.188680725902884	29.067152208413326	0.2847033563539729	158.34793085322465	-540.0802165255761
30	10	15.577384725981888	105.54323999999926	92.97000000000001	-0	6.5025	0	0	289.65465582679684	343.14745904999756
30	40	15.577384725981888	105.54323999999926	92.97000000000001	-0	6.5025	0	0	289.65465582679684	343.14745904999756
30	20	15.577384725981888	105.54323999999926	92.97000000000001	-0	6.5025	0	0	289.65465582679684	343.14745904999756
30	5	15.577384725981888	105.54323999999926	92.97000000000001	-0	6.5025	0	0	289.65465582679684	343.14745904999756
30	2	15.577384725981888	105.54323999999926	92.97000000000001	-0	6.5025	0	0	289.65465582679684	343.14745904999756
30	0	15.577384725981888	105.54323999999926	92.97000000000001	-0	6.5025	0	0	289.65465582679684	343.14745904999756
30	-2	15.577384725981888	105.54323999999926	92.97000000000001	-0	6.5025	0	0	289.65465582679684	343.14745904999756
30	-5	15.577384725981888	105.54323999999926	92.97000000000001	-0	6.5025	0	0	289.65465582679684	343.14745904999756
15	20	15.577384725981888	105.54323999999926	92.97000000000001	-0	6.5025	0	0	208.94730632394885	177.62619536135344
30	-10	15.577384725981888	105.54323999999926	92.97000000000001	-0	6.5025	0	0	289.65465582679684	343.14745904999756
30	-20	15.577384725981888	105.54323999999926	92.97000000000001	-0	6.5025	0	0	289.65465582679684	343.14745904999756
30	-40	15.577384725981888	105.54323999999926	92.97000000000001	-0	6.5025	0	0	289.65465582679684	343.14745904999756
15	40	15.577384725981888	105.54323999999926	92.97000000000001	-0	6.5025	0	0	208.94730632394885	177.62619536135344
15	10	15.577384725981888	105.54323999999926	92.97000000000001	-0	6.5025	0	0	208.94730632394885	177.62619536135344
15	5	15.577384725981888	105.54323999999926	92.97000000000001	-0	6.5025	0	0	208.94730632394885	177.62619536135344
60	-20	14.62290778078551	93.15511782796011	92.96884006391876	0.6826769932028011	6.121832830853279	45.599182299289836	0.3753706008486455	158.34793085322485	525.674445959732
15	2	15.577384725981888	105.54323999999926	92.97000000000001	-0	6.5025	0	0	208.94730632394885	177.62619536135344
15	0	15.577384725981888	105.54323999999926	92.97000000000001	-0	6.5025	0	0	208.94730632394885	177.62619536135344
15	-2	15.577384725981888	105.54323999999926	92.97000000000001	-0	6.5025	0	0	208.94730632394885	177.62619536135344
15	-5	15.577384725981888	105.54323999999926	92.97000000000001	-0	6.5025	0	0	208.94730632394885	177.62619536135344
15	-10	15.577384725981888	105.54323999999926	92.97000000000001	-0	6.5025	0	0	208.94730632394885	177.62619536135344
15	-20	15.577384725981888	105.54323999999926	92.97000000000001	-0	6.5025	0	0	208.94730632394885	177.62619536135344
15	-40	15.577384725981888	105.54323999999926	92.97000000000001	-0	6.5025	0	0	208.94730632394885	177.62619536135344
10	40	15.577384725981888	105.54323999999926	92.97000000000001	-0	6.5025	0	0	196.7584029510415	119.17386187013938
10	20	15.577384725981888	105.54323999999926	92.97000000000001	-0	6.5025	0	0	196.7584029510415	119.17386187013938
10	10	15.577384725981888	105.54323999999926	92.97000000000001	-0	6.5025	0	0	196.7584029510415	119.17386187013938
10	5	15.577384725981888	105.54323999999926	92.97000000000001	-0	6.5025	0	0	196.7584029510415	119.17386187013938
10	2	15.577384725981888	105.54323999999926	92.97000000000001	-0	6.5025	0	0	196.7584029510415	119.17386187013938
10	0	15.577384725981888	105.54323999999926	92.97000000000001	-0	6.5025	0	0	196.7584029510415	119.17386187013938
10	-2	15.577384725981888	105.54323999999926	92.97000000000001	-0	6.5025	0	0	196.7584029510415	119.17386187013938
10	-5	15.577384725981888	105.54323999999926	92.97000000000001	-0	6.5025	0	0	196.7584029510415	119.17386187013938
10	-10	15.577384725981888	105.54323999999926	92.97000000000001	-0	6.5025	0	0	196.7584029510415	119.17386187013938
10	-20	15.577384725981888	105.54323999999926	92.97000000000001	-0	6.5025	0	0	196.7584029510415	119.17386187013938
10	-40	15.577384725981888	105.54323999999926	92.97000000000001	-0	6.5025	0	0	196.7584029510415	119.17386187013938
5	20	15.577384725981888	105.54323999999926	92.97000000000001	-0	6.5025	0	0	189.1106476058704	59.81454333094832
5	40	15.577384725981888	105.54323999999926	92.97000000000001	-0	6.5025	0	0	189.1106476058704	59.81454333094832
5	10	15.577384725981888	105.54323999999926	92.97000000000001	-0	6.5025	0	0	189.1106476058704	59.81454333094832
5	5	15.577384725981888	105.54323999999926	92.97000000000001	-0	6.5025	0	0	189.1106476058704	59.81454333094832
5	0	15.577384725981888	105.54323999999926	92.97000000000001	-0	6.5025	0	0	189.1106476058704	59.81454333094832
5	2	15.577384725981888	105.54323999999926	92.97000000000001	-0	6.5025	0	0	189.1106476058704	59.81454333094832
5	-2	15.577384725981888	105.54323999999926	92.97000000000001	-0	6.5025	0	0	189.1106476058704	59.81454333094832
5	-10	15.577384725981888	105.54323999999926	92.97000000000001	-0	6.5025	0	0	189.1106476058704	59.81454333094832
5	-5	15.577384725981888	105.54323999999926	92.97000000000001	-0	6.5025	0	0	189.1106476058704	59.81454333094832
5	-20	15.577384725981888	105.54323999999926	92.97000000000001	-0	6.5025	0	0	189.1106476058704	59.81454333094832
5	-40	15.577384725981888	105.54323999999926	92.97000000000001	-0	6.5025	0	0	189.1106476058704	59.81454333094832
2	40	15.577384725981888	105.54323999999926	92.97000000000001	-0	6.5025	0	0	188.18202113571078	23.951347231173955
2	20	15.577384725981888	105.54323999999926	92.97000000000001	-0	6.5025	0	0	188.18202113571078	23.951347231173955
2	10	15.577384725981888	105.54323999999926	92.97000000000001	-0	6.5025	0	0	188.18202113571078	23.951347231173955
2	5	15.577384725981888	105.54323999999926	92.97000000000001	-0	6.5025	0	0	188.18202113571078	23.951347231173955
2	2	15.577384725981888	105.54323999999926	92.97000000000001	-0	6.5025	0	0	188.18202113571078	23.951347231173955
2	0	15.577384725981888	105.54323999999926	92.97000000000001	-0	6.5025	0	0	188.18202113571078	23.951347231173955
2	-2	15.577384725981888	105.54323999999926	92.97000000000001	-0	6.5025	0	0	188.18202113571078	23.951347231173955
2	-10	15.577384725981888	105.54323999999926	92.97000000000001	-0	6.5025	0	0	188.18202113571078	23.951347231173955
2	-5	15.577384725981888	105.54323999999926	92.97000000000001	-0	6.5025	0	0	188.18202113571078	23.951347231173955
2	-20	15.577384725981888	105.54323999999926	92.97000000000001	-0	6.5025	0	0	188.18202113571078	23.951347231173955
0	20	15.577384725981888	105.54323999999926	92.97000000000001	-0	6.5025	0	0	187.404022058532	0
2	-40	15.577384725981888	105.54323999999926	92.97000000000001	-0	6.5025	0	0	188.18202113571078	23.951347231173955
0	40	15.577384725981888	105.54323999999926	92.97000000000001	-0	6.5025	0	0	187.404022058532	0
0	10	15.577384725981888	105.54323999999926	92.97000000000001	-0	6.5025	0	0	187.404022058532	0
-60	-5	15.577384725981888	96.07013275591945	92.96976353573963	-0.5244235815502655	6.188671757197357	28.75931270069425	0.2764931624585683	158.34793085322465	-540.083109260492
0	5	15.577384725981888	105.54323999999926	92.97000000000001	-0	6.5025	0	0	187.404022058532	0
0	2	15.577384725981888	105.54323999999926	92.97000000000001	-0	6.5025	0	0	187.404022058532	0
0	0	15.577384725981888	105.54323999999926	92.97000000000001	-0	6.5025	0	0	187.404022058532	0
0	-2	15.577384725981888	105.54323999999926	92.97000000000001	-0	6.5025	0	0	187.404022058532	0
0	-5	15.577384725981888	105.54323999999926	92.97000000000001	-0	6.5025	0	0	187.404022058532	0
0	-10	15.577384725981888	105.54323999999926	92.97000000000001	-0	6.5025	0	0	187.404022058532	0
0	-20	15.577384725981888	105.54323999999926	92.97000000000001	-0	6.5025	0	0	187.404022058532	0
0	-40	15.577384725981888	105.54323999999926	92.97000000000001	-0	6.5025	0	0	187.404022058532	0
-2	40	15.577384725981888	105.54323999999926	92.97000000000001	-0	6.5025	0	0	188.18202113571078	-23.951347231173955
-2	20	15.577384725981888	105.54323999999926	92.97000000000001	-0	6.5025	0	0	188.18202113571078	-23.951347231173955
-2	10	15.577384725981888	105.54323999999926	92.97000000000001	-0	6.5025	0	0	188.18202113571078	-23.951347231173955
-2	5	15.577384725981888	105.54323999999926	92.97000000000001	-0	6.5025	0	0	188.18202113571078	-23.951347231173955
-2	2	15.577384725981888	105.54323999999926	92.97000000000001	-0	6.5025	0	0	188.18202113571078	-23.951347231173955
-2	0	15.577384725981888	105.54323999999926	92.97000000000001	-0	6.5025	0	0	188.18202113571078	-23.951347231173955
-2	-2	15.577384725981888	105.54323999999926	92.97000000000001	-0	6.5025	0	0	188.18202113571078	-23.951347231173955
-2	-5	15.577384725981888	105.54323999999926	92.97000000000001	-0	6.5025	0	0	188.18202113571078	-23.951347231173955
-2	-10	15.577384725981888	105.54323999999926	92.97000000000001	-0	6.5025	0	0	188.18202113571078	-23.951347231173955
-2	-20	15.577384725981888	105.54323999999926	92.97000000000001	-0	6.5025	0	0	188.18202113571078	-23.951347231173955
-2	-40	15.577384725981888	105.54323999999926	92.97000000000001	-0	6.5025	0	0	188.18202113571078	-23.951347231173955
-15	40	15.577384725981888	105.54323999999926	92.97000000000001	-0	6.5025	0	0	208.94730632394885	-177.62619536135344
-15	20	15.577384725981888	105.54323999999926	92.97000000000001	-0	6.5025	0	0	208.94730632394885	-177.62619536135344
-15	10	15.577384725981888	105.54323999999926	92.97000000000001	-0	6.5025	0	0	208.94730632394885	-177.62619536135344
-15	5	15.577384725981888	105.54323999999926	92.97000000000001	-0	6.5025	0	0	208.94730632394885	-177.62619536135344
-15	2	15.577384725981888	105.54323999999926	92.97000000000001	-0	6.5025	0	0	208.94730632394885	-177.62619536135344
-15	0	15.577384725981888	105.54323999999926	92.97000000000001	-0	6.5025	0	0	208.94730632394885	-177.62619536135344
-15	-2	15.577384725981888	105.54323999999926	92.97000000000001	-0	6.5025	0	0	208.94730632394885	-177.62619536135344
-15	-5	15.577384725981888	105.54323999999926	92.97000000000001	-0	6.5025	0	0	208.94730632394885	-177.62619536135344
-15	-10	15.577384725981888	105.54323999999926	92.97000000000001	-0	6.5025	0	0	208.94730632394885	-177.62619536135344
-15	-20	15.577384725981888	105.54323999999926	92.97000000000001	-0	6.5025	0	0	208.94730632394885	-177.62619536135344
-15	-40	15.577384725981888	105.54323999999926	92.97000000000001	-0	6.5025	0	0	208.94730632394885	-177.62619536135344
-15	40	15.577384725981888	105.54323999999926	92.97000000000001	-0	6.5025	0	0	208.94730632394885	-177.62619536135344
-15	20	15.577384725981888	105.54323999999926	92.97000000000001	-0	6.5025	0	0	208.94730632394885	-177.62619536135344
-15	10	15.577384725981888	105.54323999999926	92.97000000000001	-0	6.5025	0	0	208.94730632394885	-177.62619536135344
-15	5	15.577384725981888	105.54323999999926	92.97000000000001	-0	6.5025	0	0	208.94730632394885	-177.62619536135344
-15	2	15.577384725981888	105.54323999999926	92.97000000000001	-0	6.5025	0	0	208.94730632394885	-177.62619536135344
-15	0	15.577384725981888	105.54323999999926	92.97000000000001	-0	6.5025	0	0	208.94730632394885	-177.62619536135344
-15	-2	15.577384725981888	105.54323999999926	92.97000000000001	-0	6.5025	0	0	208.94730632394885	-177.62619536135344
-15	-5	15.577384725981888	105.54323999999926	92.97000000000001	-0	6.5025	0	0	208.94730632394885	-177.62619536135344
-15	-10	15.577384725981888	105.54323999999926	92.97000000000001	-0	6.5025	0	0	208.94730632394885	-177.62619536135344
-15	-20	15.577384725981888	105.54323999999926	92.97000000000001	-0	6.5025	0	0	208.94730632394885	-177.62619536135344
-15	-40	15.577384725981888	105.54323999999926	92.97000000000001	-0	6.5025	0	0	208.94730632394885	-177.62619536135344
-30	40	15.577384725981888	105.54323999999926	92.97000000000001	-0	6.5025	0	0	289.65465582679684	-343.14745904999756
-30	20	15.577384725981888	105.54323999999926	92.97000000000001	-0	6.5025	0	0	289.65465582679684	-343.14745904999756
-30	10	15.577384725981888	105.54323999999926	92.97000000000001	-0	6.5025	0	0	289.65465582679684	-343.14745904999756
-30	5	15.577384725981888	105.54323999999926	92.97000000000001	-0	6.5025	0	0	289.65465582679684	-343.14745904999756
-30	2	15.577384725981888	105.54323999999926	92.97000000000001	-0	6.5025	0	0	289.65465582679684	-343.14745904999756
-30	0	15.577384725981888	105.54323999999926	92.97000000000001	-0	6.5025	0	0	289.65465582679684	-343.14745904999756
-30	-2	15.577384725981888	105.54323999999926	92.97000000000001	-0	6.5025	0	0	289.65465582679684	-343.14745904999756
-30	-5	15.577384725981888	105.54323999999926	92.97000000000001	-0	6.5025	0	0	289.65465582679684	-343.14745904999756
-30	-10	15.577384725981888	105.54323999999926	92.97000000000001	-0	6.5025	0	0	289.65465582679684	-343.14745904999756
-30	-20	15.577384725981888	105.54323999999926	92.97000000000001	-0	6.5025	0	0	289.65465582679684	-343.14745904999756
-30	-40	15.577384725981888	105.54323999999926	92.97000000000001	-0	6.5025	0	0	289.65465582679684	-343.14745904999756
-60	40	14.62290778078551	93.13282906159964	92.97267476507479	-0.6833679041261445	6.122270900910356	55.95515783401791	0.6749489289778003	158.34793085322465	-525.6161763817346
-60	20	14.62290778078551	93.15511782796004	92.97115993608129	-0.682676993202804	6.12183283085328	45.57165046357534	0.3752882783889648	158.34793085322465	-525.6744459597319
-60	-20	15.577384725981888	96.06526568486572	92.96901621182407	-0.5245897480686867	6.188719524549999	30.594937340406968	0.32978188106800377	158.34793085322465	-540.0677031796042
60	0	14.62290778078551	93.16028335950276	92.96999999999998	0.6825169183763146	6.12173133587613	42.52592961463164	0.30718387467549496	158.34793085322485	525.6879502218457
60	2	14.62290778078551	93.16023580946221	92.97011128282323	0.6825183918251307	6.121732270112059	42.68519100487566	0.3103987355538549	158.34793085322485	525.6878259116552
60	5	14.62290778078551	93.15998489901384	92.97027880289697	0.6825261668949933	6.121737199872441	42.91234189617741	0.315143938101953	158.34793085322485	525.6871699558383
60	10	14.62290778078551	93.15907102958283	92.97056191229017	0.6825544857137521	6.121755155336928	43.31858021054424	0.3233410869253971	158.34793085322485	525.6847808246844
60	-2	14.62290778078551	93.16023580946224	92.96988871717681	0.6825183918251293	6.121732270112055	42.68519100487572	0.3103987355538373	158.34793085322485	525.687825911655
60	-10	14.62290778078551	93.1590710295828	92.96943808770986	0.6825544857137528	6.12175515533693	43.30409093131139	0.32331234620842725	158.34793085322485	525.6847808246845
60	-5	14.62290778078551	93.15998489901384	92.96972119710307	0.6825261668949933	6.12173719987244	42.91234189617731	0.31514393810180935	158.34793085322485	525.6871699558382
-60	10	14.62290778078551	93.15907102958285	92.97056191229015	-0.6825544857137519	6.121755155336925	43.31858021054429	0.32334108692539754	158.34793085322465	-525.6847808246843
60	40	13.668430835589133	89.83345508393094	92.97312063850335	0.8648188497715963	6.058928067976449	79.8147806036378	0.7691181103151667	158.34793085322485	510.21764694988644
-60	5	14.62290778078551	93.15998489901385	92.97027880289691	-0.6825261668949936	6.121737199872439	42.91234189617731	0.31514393810195224	158.34793085322465	-525.6871699558382
-60	0	14.62290778078551	93.16028335950277	92.96999999999998	-0.6825169183763152	6.121731335876131	42.52592961463164	0.30718387467549496	158.34793085322465	-525.6879502218458
-60	-20	14.62290778078551	93.15511782796011	92.96884006391878	-0.6826769932028012	6.12183283085328	45.599182299289744	0.37537060084864465	158.34793085322465	-525.6744459597321
-60	-2	14.62290778078551	93.16023580946221	92.96988871717681	-0.6825183918251296	6.121732270112059	42.68519100487571	0.3103987355538373	158.34793085322465	-525.6878259116552
60	-40	13.668430835589133	89.83345508393093	92.96687936149662	0.8648188497715955	6.05892806797645	79.83341559184025	0.7691804905870221	158.34793085322485	510.21764694988633
30	20	14.62290778078551	105.54100850892543	92.97000596030111	0.00013819018280107213	6.502386555887634	0	0	289.65465582679684	343.14684815940706
30	10	14.62290778078551	105.54279541422899	92.97000120718782	0.000027677751762338445	6.50247731419212	0	0	289.65465582679684	343.1473462511259
30	40	14.62290778078551	105.53034504307105	92.97003414144457	0.0007878898168783341	6.501850583482642	0	0	289.65465582679684	343.1432745410824
30	2	14.62290778078551	105.54323695126898	92.97000000934048	0.00000019055401639357135	6.502499843997291	0	0	289.65465582679684	343.1474583225302
30	5	14.62290778078551	105.5431629814499	92.97000021585767	0.000004806777550650378	6.502496063076021	0	0	289.65465582679684	343.14744023991284
30	-2	14.62290778078551	105.54323695126898	92.9699999906596	0.0000001905540163630452	6.502499843997291	0	0	289.65465582679684	343.1474583225302
30	-5	14.62290778078551	105.5431629814499	92.96999978414237	0.000004806777550587096	6.50249606307602	0	0	289.65465582679684	343.1474402399128
30	-10	14.62290778078551	105.54279541422899	92.96999879281222	0.00002767775176251056	6.50247731419212	0	0	289.65465582679684	343.14734625112595
30	-40	14.62290778078551	105.53034504307108	92.96996585855543	0.000787889816878348	6.501850583482644	0	0	289.65465582679684	343.1432745410826
30	-20	14.62290778078551	105.54100850892542	92.96999403969896	0.0001381901828012566	6.502386555887635	0	0	289.65465582679684	343.14684815940706
30	0	14.62290778078551	105.54323999999926	92.97000000000001	-0	6.5025	0	0	289.65465582679684	343.14745904999756
-60	-5	14.62290778078551	93.15998489901385	92.96972119710304	-0.6825261668949931	6.121737199872442	42.91234189617735	0.3151439381018096	158.34793085322465	-525.6871699558384
15	40	14.62290778078551	105.54323999999926	92.97000000000001	-0	6.5025	0	0	208.94730632394885	177.62619536135344
15	10	14.62290778078551	105.54323999999926	92.97000000000001	-0	6.5025	0	0	208.94730632394885	177.62619536135344
15	20	14.62290778078551	105.54323999999926	92.97000000000001	-0	6.5025	0	0	208.94730632394885	177.62619536135344
15	5	14.62290778078551	105.54323999999926	92.97000000000001	-0	6.5025	0	0	208.94730632394885	177.62619536135344
15	2	14.62290778078551	105.54323999999926	92.97000000000001	-0	6.5025	0	0	208.94730632394885	177.62619536135344
15	0	14.62290778078551	105.54323999999926	92.97000000000001	-0	6.5025	0	0	208.94730632394885	177.62619536135344
15	-10	14.62290778078551	105.54323999999926	92.97000000000001	-0	6.5025	0	0	208.94730632394885	177.62619536135344
15	-2	14.62290778078551	105.54323999999926	92.97000000000001	-0	6.5025	0	0	208.94730632394885	177.62619536135344
15	-5	14.62290778078551	105.54323999999926	92.97000000000001	-0	6.5025	0	0	208.94730632394885	177.62619536135344
15	-40	14.62290778078551	105.54323999999926	92.97000000000001	-0	6.5025	0	0	208.94730632394885	177.62619536135344
15	-20	14.62290778078551	105.54323999999926	92.97000000000001	-0	6.5025	0	0	208.94730632394885	177.62619536135344
10	40	14.62290778078551	105.54323999999926	92.97000000000001	-0	6.5025	0	0	196.7584029510415	119.17386187013938
10	20	14.62290778078551	105.54323999999926	92.97000000000001	-0	6.5025	0	0	196.7584029510415	119.17386187013938
10	5	14.62290778078551	105.54323999999926	92.97000000000001	-0	6.5025	0	0	196.7584029510415	119.17386187013938
10	10	14.62290778078551	105.54323999999926	92.97000000000001	-0	6.5025	0	0	196.7584029510415	119.17386187013938
10	-2	14.62290778078551	105.54323999999926	92.97000000000001	-0	6.5025	0	0	196.7584029510415	119.17386187013938
10	2	14.62290778078551	105.54323999999926	92.97000000000001	-0	6.5025	0	0	196.7584029510415	119.17386187013938
10	0	14.62290778078551	105.54323999999926	92.97000000000001	-0	6.5025	0	0	196.7584029510415	119.17386187013938
10	-5	14.62290778078551	105.54323999999926	92.97000000000001	-0	6.5025	0	0	196.7584029510415	119.17386187013938
10	-10	14.62290778078551	105.54323999999926	92.97000000000001	-0	6.5025	0	0	196.7584029510415	119.17386187013938
10	-20	14.62290778078551	105.54323999999926	92.97000000000001	-0	6.5025	0	0	196.7584029510415	119.17386187013938
10	-40	14.62290778078551	105.54323999999926	92.97000000000001	-0	6.5025	0	0	196.7584029510415	119.17386187013938
5	20	14.62290778078551	105.54323999999926	92.97000000000001	-0	6.5025	0	0	189.1106476058704	59.81454333094832
5	40	14.62290778078551	105.54323999999926	92.97000000000001	-0	6.5025	0	0	189.1106476058704	59.81454333094832
5	10	14.62290778078551	105.54323999999926	92.97000000000001	-0	6.5025	0	0	189.1106476058704	59.81454333094832
5	5	14.62290778078551	105.54323999999926	92.97000000000001	-0	6.5025	0	0	189.1106476058704	59.81454333094832
5	2	14.62290778078551	105.54323999999926	92.97000000000001	-0	6.5025	0	0	189.1106476058704	59.81454333094832
5	0	14.62290778078551	105.54323999999926	92.97000000000001	-0	6.5025	0	0	189.1106476058704	59.81454333094832
5	-2	14.62290778078551	105.54323999999926	92.97000000000001	-0	6.5025	0	0	189.1106476058704	59.81454333094832
5	-5	14.62290778078551	105.54323999999926	92.97000000000001	-0	6.5025	0	0	189.1106476058704	59.81454333094832
5	-10	14.62290778078551	105.54323999999926	92.97000000000001	-0	6.5025	0	0	189.1106476058704	59.81454333094832
5	-20	14.62290778078551	105.54323999999926	92.97000000000001	-0	6.5025	0	0	189.1106476058704	59.81454333094832
5	-40	14.62290778078551	105.54323999999926	92.97000000000001	-0	6.5025	0	0	189.1106476058704	59.81454333094832
2	5	14.62290778078551	105.54323999999926	92.97000000000001	-0	6.5025	0	0	188.18202113571078	23.951347231173955
2	40	14.62290778078551	105.54323999999926	92.97000000000001	-0	6.5025	0	0	188.18202113571078	23.951347231173955
2	10	14.62290778078551	105.54323999999926	92.97000000000001	-0	6.5025	0	0	188.18202113571078	23.951347231173955
2	20	14.62290778078551	105.54323999999926	92.97000000000001	-0	6.5025	0	0	188.18202113571078	23.951347231173955
2	-2	14.62290778078551	105.54323999999926	92.97000000000001	-0	6.5025	0	0	188.18202113571078	23.951347231173955
2	0	14.62290778078551	105.54323999999926	92.97000000000001	-0	6.5025	0	0	188.18202113571078	23.951347231173955
2	2	14.62290778078551	105.54323999999926	92.97000000000001	-0	6.5025	0	0	188.18202113571078	23.951347231173955
2	-20	14.62290778078551	105.54323999999926	92.97000000000001	-0	6.5025	0	0	188.18202113571078	23.951347231173955
2	-5	14.62290778078551	105.54323999999926	92.97000000000001	-0	6.5025	0	0	188.18202113571078	23.951347231173955
2	-10	14.62290778078551	105.54323999999926	92.97000000000001	-0	6.5025	0	0	188.18202113571078	23.951347231173955
2	-40	14.62290778078551	105.54323999999926	92.97000000000001	-0	6.5025	0	0	188.18202113571078	23.951347231173955
0	40	14.62290778078551	105.54323999999926	92.97000000000001	-0	6.5025	0	0	187.404022058532	0
-60	2	14.62290778078551	93.16023580946221	92.97011128282323	-0.6825183918251303	6.121732270112057	42.685191004875676	0.3103987355538549	158.34793085322465	-525.6878259116551
0	20	14.62290778078551	105.54323999999926	92.97000000000001	-0	6.5025	0	0	187.404022058532	0
0	5	14.62290778078551	105.54323999999926	92.97000000000001	-0	6.5025	0	0	187.404022058532	0
-60	-40	14.62290778078551	93.13282906159957	92.96732523492517	-0.683367904126151	6.122270900910348	55.86013962073027	0.6745922417828153	158.34793085322465	-525.6161763817338
0	10	14.62290778078551	105.54323999999926	92.97000000000001	-0	6.5025	0	0	187.404022058532	0
0	2	14.62290778078551	105.54323999999926	92.97000000000001	-0	6.5025	0	0	187.404022058532	0
0	0	14.62290778078551	105.54323999999926	92.97000000000001	-0	6.5025	0	0	187.404022058532	0
0	-2	14.62290778078551	105.54323999999926	92.97000000000001	-0	6.5025	0	0	187.404022058532	0
0	-5	14.62290778078551	105.54323999999926	92.97000000000001	-0	6.5025	0	0	187.404022058532	0
0	-10	14.62290778078551	105.54323999999926	92.97000000000001	-0	6.5025	0	0	187.404022058532	0
0	-20	14.62290778078551	105.54323999999926	92.97000000000001	-0	6.5025	0	0	187.404022058532	0
0	-40	14.62290778078551	105.54323999999926	92.97000000000001	-0	6.5025	0	0	187.404022058532	0
-2	40	14.62290778078551	105.54323999999926	92.97000000000001	-0	6.5025	0	0	188.18202113571078	-23.951347231173955
-2	20	14.62290778078551	105.54323999999926	92.97000000000001	-0	6.5025	0	0	188.18202113571078	-23.951347231173955
-2	10	14.62290778078551	105.54323999999926	92.97000000000001	-0	6.5025	0	0	188.18202113571078	-23.951347231173955
-2	0	14.62290778078551	105.54323999999926	92.97000000000001	-0	6.5025	0	0	188.18202113571078	-23.951347231173955
-2	5	14.62290778078551	105.54323999999926	92.97000000000001	-0	6.5025	0	0	188.18202113571078	-23.951347231173955
-2	2	14.62290778078551	105.54323999999926	92.97000000000001	-0	6.5025	0	0	188.18202113571078	-23.951347231173955
-2	-2	14.62290778078551	105.54323999999926	92.97000000000001	-0	6.5025	0	0	188.18202113571078	-23.951347231173955
-2	-5	14.62290778078551	105.54323999999926	92.97000000000001	-0	6.5025	0	0	188.18202113571078	-23.951347231173955
-2	-10	14.62290778078551	105.54323999999926	92.97000000000001	-0	6.5025	0	0	188.18202113571078	-23.951347231173955
-2	-20	14.62290778078551	105.54323999999926	92.97000000000001	-0	6.5025	0	0	188.18202113571078	-23.951347231173955
-2	-40	14.62290778078551	105.54323999999926	92.97000000000001	-0	6.5025	0	0	188.18202113571078	-23.951347231173955
-15	40	14.62290778078551	105.54323999999926	92.97000000000001	-0	6.5025	0	0	208.94730632394885	-177.62619536135344
-15	20	14.62290778078551	105.54323999999926	92.97000000000001	-0	6.5025	0	0	208.94730632394885	-177.62619536135344
-15	10	14.62290778078551	105.54323999999926	92.97000000000001	-0	6.5025	0	0	208.94730632394885	-177.62619536135344
-15	5	14.62290778078551	105.54323999999926	92.97000000000001	-0	6.5025	0	0	208.94730632394885	-177.62619536135344
-15	2	14.62290778078551	105.54323999999926	92.97000000000001	-0	6.5025	0	0	208.94730632394885	-177.62619536135344
-15	-20	14.62290778078551	105.54323999999926	92.97000000000001	-0	6.5025	0	0	208.94730632394885	-177.62619536135344
-15	0	14.62290778078551	105.54323999999926	92.97000000000001	-0	6.5025	0	0	208.94730632394885	-177.62619536135344
-15	-2	14.62290778078551	105.54323999999926	92.97000000000001	-0	6.5025	0	0	208.94730632394885	-177.62619536135344
-15	-5	14.62290778078551	105.54323999999926	92.97000000000001	-0	6.5025	0	0	208.94730632394885	-177.62619536135344
-15	-10	14.62290778078551	105.54323999999926	92.97000000000001	-0	6.5025	0	0	208.94730632394885	-177.62619536135344
-15	-40	14.62290778078551	105.54323999999926	92.97000000000001	-0	6.5025	0	0	208.94730632394885	-177.62619536135344
-15	40	14.62290778078551	105.54323999999926	92.97000000000001	-0	6.5025	0	0	208.94730632394885	-177.62619536135344
-15	10	14.62290778078551	105.54323999999926	92.97000000000001	-0	6.5025	0	0	208.94730632394885	-177.62619536135344
-15	20	14.62290778078551	105.54323999999926	92.97000000000001	-0	6.5025	0	0	208.94730632394885	-177.62619536135344
-15	5	14.62290778078551	105.54323999999926	92.97000000000001	-0	6.5025	0	0	208.94730632394885	-177.62619536135344
-30	40	14.62290778078551	105.53034504307105	92.97003414144459	-0.0007878898168782583	6.501850583482643	0	0	289.65465582679684	-343.1432745410824
-30	20	14.62290778078551	105.54100850892544	92.97000596030107	-0.00013819018280113822	6.502386555887634	0	0	289.65465582679684	-343.1468481594071
-15	2	14.62290778078551	105.54323999999926	92.97000000000001	-0	6.5025	0	0	208.94730632394885	-177.62619536135344
-15	0	14.62290778078551	105.54323999999926	92.97000000000001	-0	6.5025	0	0	208.94730632394885	-177.62619536135344
-15	-2	14.62290778078551	105.54323999999926	92.97000000000001	-0	6.5025	0	0	208.94730632394885	-177.62619536135344
-15	-5	14.62290778078551	105.54323999999926	92.97000000000001	-0	6.5025	0	0	208.94730632394885	-177.62619536135344
-15	-10	14.62290778078551	105.54323999999926	92.97000000000001	-0	6.5025	0	0	208.94730632394885	-177.62619536135344
-15	-20	14.62290778078551	105.54323999999926	92.97000000000001	-0	6.5025	0	0	208.94730632394885	-177.62619536135344
-15	-40	14.62290778078551	105.54323999999926	92.97000000000001	-0	6.5025	0	0	208.94730632394885	-177.62619536135344
-30	10	14.62290778078551	105.54279541422902	92.97000120718782	-0.000027677751762507398	6.50247731419212	0	0	289.65465582679684	-343.14734625112607
-30	2	14.62290778078551	105.54323695126898	92.97000000934048	-0.00000019055401651490498	6.502499843997289	0	0	289.65465582679684	-343.1474583225302
-30	5	14.62290778078551	105.5431629814499	92.97000021585762	-0.0000048067775506427815	6.5024960630760225	0	0	289.65465582679684	-343.14744023991295
-30	0	14.62290778078551	105.54323999999926	92.97000000000001	-0	6.5025	0	0	289.65465582679684	-343.14745904999756
-30	-5	14.62290778078551	105.54316298144991	92.9699997841424	-0.000004806777550584925	6.502496063076022	0	0	289.65465582679684	-343.14744023991295
-30	-2	14.62290778078551	105.54323695126898	92.96999999065956	-0.000000190554016592611	6.502499843997289	0	0	289.65465582679684	-343.1474583225302
60	10	13.668430835589133	89.85969705191427	92.9706555742047	0.8640835052346965	6.058133145517394	61.909797341864966	0.3682143844037826	158.34793085322485	510.271790296588
-30	-10	14.62290778078551	105.54279541422899	92.96999879281218	-0.000027677751762447065	6.502477314192119	0	0	289.65465582679684	-343.14734625112584
60	20	13.668430835589133	89.8557438502914	92.9713532812366	0.8641942531840946	6.0582528663120065	64.66696106390424	0.41742230915670026	158.34793085322485	510.26363391265437
-30	-20	14.62290778078551	105.54100850892543	92.96999403969896	-0.000138190182801042	6.502386555887636	0	0	289.65465582679684	-343.14684815940717
-30	-40	14.62290778078551	105.53034504307105	92.96996585855545	-0.0007878898168781705	6.501850583482645	0	0	289.65465582679684	-343.1432745410826
-60	-10	14.62290778078551	93.15907102958282	92.96943808770988	-0.6825544857137518	6.121755155336929	43.30409093131147	0.3233123462084279	158.34793085322465	-525.6847808246844
60	-20	13.668430835589133	89.85574385029152	92.96864671876345	0.8641942531840888	6.0582528663120065	64.65647936127564	0.4173908971695095	158.34793085322485	510.2636339126547
60	-10	13.668430835589133	89.85969705191422	92.96934442579527	0.8640835052346991	6.0581331455173935	61.919781921873025	0.36823900141531246	158.34793085322485	510.2717902965878
60	5	13.668430835589133	89.86061092134526	92.97032527482457	0.8640579047990449	6.058105470923734	61.08386694835698	0.35379549958912193	158.34793085322485	510.27367582397983
60	-5	13.668430835589133	89.86061092134524	92.96967472517541	0.8640579047990454	6.058105470923731	61.08386694835678	0.35379549958915635	158.34793085322485	510.2736758239795
-60	40	13.668430835589133	89.83345508393093	92.9731206385034	-0.8648188497715962	6.058928067976453	79.81478060363817	0.7691181103151709	158.34793085322465	-510.21764694988667
60	2	13.668430835589133	89.86086183179361	92.97012983185473	0.864050876077754	6.0580978727325	60.79595303969028	0.34905238818614703	158.34793085322485	510.2741935111975
60	-2	13.668430835589133	89.86086183179361	92.96987016814526	0.8640508760777542	6.0580978727325	60.79595303969037	0.3490523881861769	158.34793085322485	510.2741935111975
60	0	13.668430835589133	89.86090938183412	92.97000000000001	0.864049544069165	6.058096432804017	60.59438509863028	0.3458372693188112	158.34793085322485	510.27429161810494
-60	10	13.668430835589133	89.85969705191424	92.97065557420477	-0.8640835052346966	6.058133145517395	61.9097973418649	0.36821438440378207	158.34793085322465	-510.271790296588
-60	20	13.668430835589133	89.85574385029146	92.97135328123657	-0.8641942531840935	6.058252866312003	64.66696106390404	0.41742230915669903	158.34793085322465	-510.26363391265437
30	40	13.668430835589133	104.94095951422996	92.9705114456689	0.03445462970670844	6.473470820921349	0.6775279972023768	0.14451784567249198	289.65465582679684	342.79740936631794
30	20	13.668430835589133	104.9632482805905	92.97022179901424	0.0333941491091271	6.4744230858395015	0.4790602266399599	0.08008190628398193	289.65465582679684	342.823795103843
30	10	13.668430835589133	104.96720148221327	92.97010744746119	0.03320610615190857	6.474591940141671	0.4430240704378106	0.06970604324316998	289.65465582679684	342.82847495640726
-60	0	13.668430835589133	89.86090938183412	92.97000000000001	-0.864049544069165	6.058096432804019	60.59438509863028	0.3458372693188112	158.34793085322465	-510.2742916181051
30	-40	13.668430835589133	104.94095951423002	92.96948855433108	0.034454629706705896	6.473470820921353	0.6850676053113658	0.14518189000167078	289.65465582679684	342.7974093663181
-30	40	13.668430835589133	104.94095951422993	92.97051144566893	-0.03445462970670841	6.47347082092135	0.6775279972023767	0.14451784567249198	289.65465582679684	-342.7974093663179
-60	5	13.668430835589133	89.86061092134526	92.97032527482456	-0.8640579047990454	6.0581054709237305	61.083866948356864	0.3537954995891213	158.34793085322465	-510.2736758239795
30	-2	13.668430835589133	104.96836626209269	92.96997872074725	0.03315070346956046	6.47464168931284	0.44410263380603804	0.06937616911931486	289.65465582679684	342.8298538382922
30	2	13.668430835589133	104.96836626209269	92.97002127925272	0.033150703469560415	6.474641689312841	0.4441026338060382	0.0693761691193156	289.65465582679684	342.82985383829225
30	5	13.668430835589133	104.96811535164424	92.97005331205072	0.033162637905491704	6.4746309727144595	0.44464181373924067	0.06885226539721273	289.65465582679684	342.82955680717214
30	0	13.668430835589133	104.96841381213314	92.97000000000001	0.03314844178096884	6.4746437202096905	0.44664544157538816	0.07142574868277285	289.65465582679684	342.8299101286614
30	-10	13.668430835589133	104.96720148221328	92.96989255253885	0.03320610615190786	6.474591940141672	0.4425612055385296	0.06969254789839856	289.65465582679684	342.82847495640726
-60	2	13.668430835589133	89.86086183179363	92.97012983185476	-0.8640508760777539	6.0580978727325006	60.79595303969029	0.34905238818614703	158.34793085322465	-510.27419351119767
-30	10	13.668430835589133	104.96720148221328	92.97010744746119	-0.03320610615190799	6.474591940141669	0.44302407043781117	0.06970604324317008	289.65465582679684	-342.8284749564071
30	-5	13.668430835589133	104.96811535164429	92.96994668794932	0.0331626379054917	6.4746309727144595	0.443583993542395	0.06880873818243763	289.65465582679684	342.8295568071723
30	-20	13.668430835589133	104.96324828059049	92.96977820098573	0.03339414910912664	6.474423085839505	0.47856361290711136	0.08004532412751182	289.65465582679684	342.82379510384305
-60	-2	13.668430835589133	89.86086183179361	92.96987016814528	-0.8640508760777537	6.0580978727325	60.79595303969034	0.3490523881861767	158.34793085322465	-510.27419351119744
-30	20	13.668430835589133	104.96324828059048	92.97022179901428	-0.033394149109127184	6.474423085839505	0.4790602266399547	0.08008190628398112	289.65465582679684	-342.8237951038431
-30	5	13.668430835589133	104.96811535164424	92.97005331205074	-0.03316263790549205	6.474630972714462	0.44464181373923817	0.06885226539721259	289.65465582679684	-342.8295568071723
60	40	12.713953890392755	86.14485498549922	92.97361678058682	1.072366005241873	6.002745826356863	109.68049195803684	0.8635623799289426	158.34793085322485	494.01605256440587
15	20	13.668430835589133	105.54323999999926	92.97000000000001	-0	6.5025	0	0	208.94730632394885	177.62619536135344
15	40	13.668430835589133	105.54323999999926	92.97000000000001	-0	6.5025	0	0	208.94730632394885	177.62619536135344
15	10	13.668430835589133	105.54323999999926	92.97000000000001	-0	6.5025	0	0	208.94730632394885	177.62619536135344
15	5	13.668430835589133	105.54323999999926	92.97000000000001	-0	6.5025	0	0	208.94730632394885	177.62619536135344
15	0	13.668430835589133	105.54323999999926	92.97000000000001	-0	6.5025	0	0	208.94730632394885	177.62619536135344
15	2	13.668430835589133	105.54323999999926	92.97000000000001	-0	6.5025	0	0	208.94730632394885	177.62619536135344
15	-2	13.668430835589133	105.54323999999926	92.97000000000001	-0	6.5025	0	0	208.94730632394885	177.62619536135344
15	-5	13.668430835589133	105.54323999999926	92.97000000000001	-0	6.5025	0	0	208.94730632394885	177.62619536135344
15	-20	13.668430835589133	105.54323999999926	92.97000000000001	-0	6.5025	0	0	208.94730632394885	177.62619536135344
15	-10	13.668430835589133	105.54323999999926	92.97000000000001	-0	6.5025	0	0	208.94730632394885	177.62619536135344
15	-40	13.668430835589133	105.54323999999926	92.97000000000001	-0	6.5025	0	0	208.94730632394885	177.62619536135344
10	40	13.668430835589133	105.54323999999926	92.97000000000001	-0	6.5025	0	0	196.7584029510415	119.17386187013938
10	20	13.668430835589133	105.54323999999926	92.97000000000001	-0	6.5025	0	0	196.7584029510415	119.17386187013938
10	10	13.668430835589133	105.54323999999926	92.97000000000001	-0	6.5025	0	0	196.7584029510415	119.17386187013938
10	5	13.668430835589133	105.54323999999926	92.97000000000001	-0	6.5025	0	0	196.7584029510415	119.17386187013938
10	2	13.668430835589133	105.54323999999926	92.97000000000001	-0	6.5025	0	0	196.7584029510415	119.17386187013938
10	-5	13.668430835589133	105.54323999999926	92.97000000000001	-0	6.5025	0	0	196.7584029510415	119.17386187013938
10	0	13.668430835589133	105.54323999999926	92.97000000000001	-0	6.5025	0	0	196.7584029510415	119.17386187013938
10	-2	13.668430835589133	105.54323999999926	92.97000000000001	-0	6.5025	0	0	196.7584029510415	119.17386187013938
10	-10	13.668430835589133	105.54323999999926	92.97000000000001	-0	6.5025	0	0	196.7584029510415	119.17386187013938
10	-20	13.668430835589133	105.54323999999926	92.97000000000001	-0	6.5025	0	0	196.7584029510415	119.17386187013938
10	-40	13.668430835589133	105.54323999999926	92.97000000000001	-0	6.5025	0	0	196.7584029510415	119.17386187013938
5	40	13.668430835589133	105.54323999999926	92.97000000000001	-0	6.5025	0	0	189.1106476058704	59.81454333094832
5	20	13.668430835589133	105.54323999999926	92.97000000000001	-0	6.5025	0	0	189.1106476058704	59.81454333094832
5	2	13.668430835589133	105.54323999999926	92.97000000000001	-0	6.5025	0	0	189.1106476058704	59.81454333094832
5	10	13.668430835589133	105.54323999999926	92.97000000000001	-0	6.5025	0	0	189.1106476058704	59.81454333094832
5	5	13.668430835589133	105.54323999999926	92.97000000000001	-0	6.5025	0	0	189.1106476058704	59.81454333094832
5	0	13.668430835589133	105.54323999999926	92.97000000000001	-0	6.5025	0	0	189.1106476058704	59.81454333094832
5	-2	13.668430835589133	105.54323999999926	92.97000000000001	-0	6.5025	0	0	189.1106476058704	59.81454333094832
5	-5	13.668430835589133	105.54323999999926	92.97000000000001	-0	6.5025	0	0	189.1106476058704	59.81454333094832
5	-10	13.668430835589133	105.54323999999926	92.97000000000001	-0	6.5025	0	0	189.1106476058704	59.81454333094832
5	-20	13.668430835589133	105.54323999999926	92.97000000000001	-0	6.5025	0	0	189.1106476058704	59.81454333094832
2	20	13.668430835589133	105.54323999999926	92.97000000000001	-0	6.5025	0	0	188.18202113571078	23.951347231173955
2	40	13.668430835589133	105.54323999999926	92.97000000000001	-0	6.5025	0	0	188.18202113571078	23.951347231173955
5	-40	13.668430835589133	105.54323999999926	92.97000000000001	-0	6.5025	0	0	189.1106476058704	59.81454333094832
2	10	13.668430835589133	105.54323999999926	92.97000000000001	-0	6.5025	0	0	188.18202113571078	23.951347231173955
2	5	13.668430835589133	105.54323999999926	92.97000000000001	-0	6.5025	0	0	188.18202113571078	23.951347231173955
2	-2	13.668430835589133	105.54323999999926	92.97000000000001	-0	6.5025	0	0	188.18202113571078	23.951347231173955
2	2	13.668430835589133	105.54323999999926	92.97000000000001	-0	6.5025	0	0	188.18202113571078	23.951347231173955
2	0	13.668430835589133	105.54323999999926	92.97000000000001	-0	6.5025	0	0	188.18202113571078	23.951347231173955
2	-5	13.668430835589133	105.54323999999926	92.97000000000001	-0	6.5025	0	0	188.18202113571078	23.951347231173955
2	-10	13.668430835589133	105.54323999999926	92.97000000000001	-0	6.5025	0	0	188.18202113571078	23.951347231173955
2	-20	13.668430835589133	105.54323999999926	92.97000000000001	-0	6.5025	0	0	188.18202113571078	23.951347231173955
2	-40	13.668430835589133	105.54323999999926	92.97000000000001	-0	6.5025	0	0	188.18202113571078	23.951347231173955
0	40	13.668430835589133	105.54323999999926	92.97000000000001	-0	6.5025	0	0	187.404022058532	0
0	10	13.668430835589133	105.54323999999926	92.97000000000001	-0	6.5025	0	0	187.404022058532	0
0	20	13.668430835589133	105.54323999999926	92.97000000000001	-0	6.5025	0	0	187.404022058532	0
0	5	13.668430835589133	105.54323999999926	92.97000000000001	-0	6.5025	0	0	187.404022058532	0
0	2	13.668430835589133	105.54323999999926	92.97000000000001	-0	6.5025	0	0	187.404022058532	0
0	-2	13.668430835589133	105.54323999999926	92.97000000000001	-0	6.5025	0	0	187.404022058532	0
0	0	13.668430835589133	105.54323999999926	92.97000000000001	-0	6.5025	0	0	187.404022058532	0
0	-5	13.668430835589133	105.54323999999926	92.97000000000001	-0	6.5025	0	0	187.404022058532	0
0	-10	13.668430835589133	105.54323999999926	92.97000000000001	-0	6.5025	0	0	187.404022058532	0
0	-40	13.668430835589133	105.54323999999926	92.97000000000001	-0	6.5025	0	0	187.404022058532	0
0	-20	13.668430835589133	105.54323999999926	92.97000000000001	-0	6.5025	0	0	187.404022058532	0
-2	40	13.668430835589133	105.54323999999926	92.97000000000001	-0	6.5025	0	0	188.18202113571078	-23.951347231173955
-2	20	13.668430835589133	105.54323999999926	92.97000000000001	-0	6.5025	0	0	188.18202113571078	-23.951347231173955
-2	10	13.668430835589133	105.54323999999926	92.97000000000001	-0	6.5025	0	0	188.18202113571078	-23.951347231173955
-2	5	13.668430835589133	105.54323999999926	92.97000000000001	-0	6.5025	0	0	188.18202113571078	-23.951347231173955
-2	2	13.668430835589133	105.54323999999926	92.97000000000001	-0	6.5025	0	0	188.18202113571078	-23.951347231173955
-2	-5	13.668430835589133	105.54323999999926	92.97000000000001	-0	6.5025	0	0	188.18202113571078	-23.951347231173955
-2	0	13.668430835589133	105.54323999999926	92.97000000000001	-0	6.5025	0	0	188.18202113571078	-23.951347231173955
-2	-2	13.668430835589133	105.54323999999926	92.97000000000001	-0	6.5025	0	0	188.18202113571078	-23.951347231173955
-2	-10	13.668430835589133	105.54323999999926	92.97000000000001	-0	6.5025	0	0	188.18202113571078	-23.951347231173955
-2	-20	13.668430835589133	105.54323999999926	92.97000000000001	-0	6.5025	0	0	188.18202113571078	-23.951347231173955
-15	20	13.668430835589133	105.54323999999926	92.97000000000001	-0	6.5025	0	0	208.94730632394885	-177.62619536135344
-2	-40	13.668430835589133	105.54323999999926	92.97000000000001	-0	6.5025	0	0	188.18202113571078	-23.951347231173955
-15	40	13.668430835589133	105.54323999999926	92.97000000000001	-0	6.5025	0	0	208.94730632394885	-177.62619536135344
-15	10	13.668430835589133	105.54323999999926	92.97000000000001	-0	6.5025	0	0	208.94730632394885	-177.62619536135344
-15	5	13.668430835589133	105.54323999999926	92.97000000000001	-0	6.5025	0	0	208.94730632394885	-177.62619536135344
-15	-2	13.668430835589133	105.54323999999926	92.97000000000001	-0	6.5025	0	0	208.94730632394885	-177.62619536135344
-15	2	13.668430835589133	105.54323999999926	92.97000000000001	-0	6.5025	0	0	208.94730632394885	-177.62619536135344
-15	0	13.668430835589133	105.54323999999926	92.97000000000001	-0	6.5025	0	0	208.94730632394885	-177.62619536135344
-15	-5	13.668430835589133	105.54323999999926	92.97000000000001	-0	6.5025	0	0	208.94730632394885	-177.62619536135344
-15	-10	13.668430835589133	105.54323999999926	92.97000000000001	-0	6.5025	0	0	208.94730632394885	-177.62619536135344
-15	-40	13.668430835589133	105.54323999999926	92.97000000000001	-0	6.5025	0	0	208.94730632394885	-177.62619536135344
-15	-20	13.668430835589133	105.54323999999926	92.97000000000001	-0	6.5025	0	0	208.94730632394885	-177.62619536135344
-15	20	13.668430835589133	105.54323999999926	92.97000000000001	-0	6.5025	0	0	208.94730632394885	-177.62619536135344
-15	40	13.668430835589133	105.54323999999926	92.97000000000001	-0	6.5025	0	0	208.94730632394885	-177.62619536135344
-15	5	13.668430835589133	105.54323999999926	92.97000000000001	-0	6.5025	0	0	208.94730632394885	-177.62619536135344
-15	10	13.668430835589133	105.54323999999926	92.97000000000001	-0	6.5025	0	0	208.94730632394885	-177.62619536135344
-30	0	13.668430835589133	104.96841381213318	92.97	-0.033148441780968936	6.474643720209686	0.44664544157538816	0.07142574868277285	289.65465582679684	-342.8299101286613
-15	2	13.668430835589133	105.54323999999926	92.97000000000001	-0	6.5025	0	0	208.94730632394885	-177.62619536135344
-15	0	13.668430835589133	105.54323999999926	92.97000000000001	-0	6.5025	0	0	208.94730632394885	-177.62619536135344
-30	-20	13.668430835589133	104.96324828059048	92.96977820098574	-0.03339414910912684	6.474423085839505	0.4785636129071076	0.08004532412751118	289.65465582679684	-342.8237951038431
-15	-2	13.668430835589133	105.54323999999926	92.97000000000001	-0	6.5025	0	0	208.94730632394885	-177.62619536135344
-15	-5	13.668430835589133	105.54323999999926	92.97000000000001	-0	6.5025	0	0	208.94730632394885	-177.62619536135344
-15	-10	13.668430835589133	105.54323999999926	92.97000000000001	-0	6.5025	0	0	208.94730632394885	-177.62619536135344
-15	-20	13.668430835589133	105.54323999999926	92.97000000000001	-0	6.5025	0	0	208.94730632394885	-177.62619536135344
-15	-40	13.668430835589133	105.54323999999926	92.97000000000001	-0	6.5025	0	0	208.94730632394885	-177.62619536135344
-30	2	13.668430835589133	104.96836626209264	92.97002127925275	-0.0331507034695605	6.4746416893128425	0.44410263380603915	0.06937616911931573	289.65465582679684	-342.8298538382922
-30	-40	13.668430835589133	104.94095951422997	92.9694885543311	-0.03445462970670588	6.47347082092135	0.6850676053113723	0.14518189000167217	289.65465582679684	-342.7974093663178
-30	-10	13.668430835589133	104.9672014822133	92.96989255253885	-0.03320610615190761	6.474591940141671	0.4425612055385301	0.06969254789839865	289.65465582679684	-342.82847495640726
-30	-5	13.668430835589133	104.96811535164426	92.96994668794935	-0.033162637905491815	6.4746309727144595	0.44358399354239686	0.0688087381824379	289.65465582679684	-342.8295568071722
-60	-20	13.668430835589133	89.85574385029153	92.96864671876344	-0.8641942531840889	6.058252866312007	64.65647936127567	0.4173908971695098	158.34793085322465	-510.26363391265494
-30	-2	13.668430835589133	104.96836626209263	92.96997872074726	-0.03315070346956041	6.4746416893128425	0.4441026338060369	0.06937616911931471	289.65465582679684	-342.82985383829214
60	2	12.713953890392755	86.17226173336203	92.97015047151378	1.0716744137628524	6.001594395553476	83.61941145715817	0.3907342453896999	158.34793085322485	494.05749615710744
-60	-10	13.668430835589133	89.85969705191422	92.96934442579524	-0.8640835052346986	6.058133145517395	61.919781921873124	0.3682390014153128	158.34793085322465	-510.271790296588
60	20	12.713953890392755	86.16714375185978	92.97156841919201	1.0718035292946215	6.001809360030317	89.30144730323158	0.47386018033505345	158.34793085322485	494.0497569119444
-60	-40	13.668430835589133	89.833455083931	92.96687936149662	-0.8648188497715926	6.058928067976449	79.8334155918397	0.7691804905870187	158.34793085322465	-510.2176469498866
60	10	12.713953890392755	86.17109695348263	92.9707597927174	1.0717037972754901	6.001643316170036	84.58652452187714	0.4036795630862038	158.34793085322485	494.05573481485874
-60	-5	13.668430835589133	89.86061092134523	92.96967472517542	-0.8640579047990458	6.058105470923733	61.083866948356984	0.35379549958915635	158.34793085322465	-510.2736758239796
60	-40	12.713953890392755	86.14485498549926	92.96638321941325	1.0723660052418706	6.002745826356865	109.8563654300955	0.86406715281534	158.34793085322485	494.01605256440615
60	-20	12.713953890392755	86.16714375185988	92.96843158080806	1.0718035292946166	6.001809360030315	89.39034660756359	0.4740130905272191	158.34793085322485	494.04975691194454
60	-5	12.713953890392755	86.17201082291362	92.9696230154672	1.0716807433297295	6.001604933650741	83.96705099244197	0.3954691270121699	158.34793085322485	494.05711673848816
60	-2	12.713953890392755	86.172261733362	92.96984952848621	1.0716744137628536	6.001594395553475	83.62245648014901	0.39073450201820026	158.34793085322485	494.0574961571072
60	5	12.713953890392755	86.17201082291362	92.97037698453278	1.07168074332973	6.001604933650743	83.95780856045985	0.3954538189583468	158.34793085322485	494.0571167384884
60	0	12.713953890392755	86.17230928340251	92.97000000000001	1.0716732142507523	6.0015923984855215	83.16901056722078	0.384490720342982	158.34793085322485	494.057568060732
60	-10	12.713953890392755	86.17109695348262	92.96924020728267	1.0717037972754901	6.001643316170037	84.57419750892072	0.4036698916141695	158.34793085322485	494.0557348148587
-60	40	12.713953890392755	86.14485498549926	92.9736167805868	-1.072366005241872	6.002745826356865	109.6804919580373	0.863562379928947	158.34793085322465	-494.01605256440615
-60	20	12.713953890392755	86.16714375185984	92.97156841919194	-1.071803529294621	6.001809360030313	89.3014473032315	0.47386018033505306	158.34793085322465	-494.0497569119444
30	20	12.713953890392755	103.22077878597382	92.97045284773108	0.12368782011272905	6.395269166036409	3.7163569636789706	0.15888580112020562	289.65465582679684	341.11901086662044
30	40	12.713953890392755	103.19849001961326	92.9710442239425	0.12442865014124192	6.394489874364557	4.745125704739023	0.2911649897235047	289.65465582679684	341.07135101546726
-60	10	12.713953890392755	86.17109695348263	92.97075979271737	-1.0717037972754908	6.001643316170036	84.58652452187724	0.4036795630862043	158.34793085322465	-494.05573481485874
-60	5	12.713953890392755	86.17201082291359	92.97037698453282	-1.0716807433297297	6.001604933650744	83.95780856045981	0.3954538189583465	158.34793085322465	-494.0571167384883
30	5	12.713953890392755	103.22564585702759	92.97010884729303	0.12352609183330493	6.395439290756531	3.4903896347638406	0.1353658855433765	289.65465582679684	341.1294180770611
30	10	12.713953890392755	103.22473198759661	92.97021937567321	0.12355645770814279	6.395407348377769	3.5672179053554927	0.14346301172574075	289.65465582679684	341.1274639589933
30	2	12.713953890392755	103.22589676747599	92.97004344588018	0.12351775472404095	6.395448060703167	3.505032717255512	0.1376305172397696	289.65465582679684	341.1299545964192
-60	-2	12.713953890392755	86.172261733362	92.96984952848624	-1.0716744137628538	6.001594395553477	83.62245648014914	0.39073450201820076	158.34793085322465	-494.05749615710744
-60	2	12.713953890392755	86.172261733362	92.97015047151376	-1.0716744137628529	6.001594395553475	83.61941145715781	0.3907342453896999	158.34793085322465	-494.0574961571072
30	-40	12.713953890392755	103.19849001961335	92.96895577605757	0.12442865014123765	6.394489874364564	4.729948730180667	0.2909033324098149	289.65465582679684	341.07135101546754
30	-20	12.713953890392755	103.22077878597382	92.96954715226899	0.12368782011272848	6.395269166036412	3.7072147263439454	0.15875614570349458	289.65465582679684	341.11901086662056
30	-5	12.713953890392755	103.2256458570276	92.96989115270696	0.12352609183330461	6.395439290756532	3.488572440580175	0.13533563552122585	289.65465582679684	341.1294180770611
30	0	12.713953890392755	103.22594431751648	92.97000000000006	0.12351617476298464	6.3954497226910005	3.4745865619344514	0.1343521731967232	289.65465582679684	341.1300562722059
-30	40	12.713953890392755	103.19849001961326	92.97104422394249	-0.12442865014124199	6.394489874364557	4.7451257047390225	0.2911649897235047	289.65465582679684	-341.07135101546726
-60	0	12.713953890392755	86.1723092834025	92.97000000000003	-1.0716732142507523	6.001592398485522	83.16901056722078	0.384490720342982	158.34793085322465	-494.057568060732
30	-2	12.713953890392755	103.22589676747597	92.96995655411988	0.12351775472404099	6.395448060703168	3.5062327953912504	0.13764585259181525	289.65465582679684	341.1299545964192
30	-10	12.713953890392755	103.22473198759663	92.9697806243269	0.1235564577081416	6.39540734837777	3.567217905355435	0.14346301172573533	289.65465582679684	341.1274639589933
-30	20	12.713953890392755	103.22077878597382	92.97045284773108	-0.12368782011272887	6.395269166036409	3.716356963678942	0.15888580112020445	289.65465582679684	-341.11901086662044
-30	10	12.713953890392755	103.22473198759663	92.97021937567315	-0.12355645770814255	6.39540734837777	3.567217905355494	0.14346301172574075	289.65465582679684	-341.12746395899336
15	40	12.713953890392755	105.53899911654139	92.97001277544648	0.0002584251190482318	6.502284728416996	0	0	208.94730632394885	177.63952241842574
15	-40	12.713953890392755	105.53899911654139	92.96998722455348	0.0002584251190483772	6.5022847284169965	0	0	208.94730632394885	177.63952241842577
15	2	12.713953890392755	105.54323999999926	92.97000000000001	-0	6.5025	0	0	208.94730632394885	177.62619536135344
15	20	12.713953890392755	105.54323999999926	92.97000000000001	-0	6.5025	0	0	208.94730632394885	177.62619536135344
15	10	12.713953890392755	105.54323999999926	92.97000000000001	-0	6.5025	0	0	208.94730632394885	177.62619536135344
15	5	12.713953890392755	105.54323999999926	92.97000000000001	-0	6.5025	0	0	208.94730632394885	177.62619536135344
15	0	12.713953890392755	105.54323999999926	92.97000000000001	-0	6.5025	0	0	208.94730632394885	177.62619536135344
15	-2	12.713953890392755	105.54323999999926	92.97000000000001	-0	6.5025	0	0	208.94730632394885	177.62619536135344
15	-5	12.713953890392755	105.54323999999926	92.97000000000001	-0	6.5025	0	0	208.94730632394885	177.62619536135344
15	-20	12.713953890392755	105.54323999999926	92.97000000000001	-0	6.5025	0	0	208.94730632394885	177.62619536135344
-30	0	12.713953890392755	103.22594431751652	92.97000000000004	-0.12351617476298488	6.395449722690999	3.4745865619344514	0.1343521731967232	289.65465582679684	-341.13005627220593
15	-10	12.713953890392755	105.54323999999926	92.97000000000001	-0	6.5025	0	0	208.94730632394885	177.62619536135344
10	10	12.713953890392755	105.54323999999926	92.97000000000001	-0	6.5025	0	0	196.7584029510415	119.17386187013938
10	40	12.713953890392755	105.54323999999926	92.97000000000001	-0	6.5025	0	0	196.7584029510415	119.17386187013938
10	20	12.713953890392755	105.54323999999926	92.97000000000001	-0	6.5025	0	0	196.7584029510415	119.17386187013938
10	0	12.713953890392755	105.54323999999926	92.97000000000001	-0	6.5025	0	0	196.7584029510415	119.17386187013938
10	5	12.713953890392755	105.54323999999926	92.97000000000001	-0	6.5025	0	0	196.7584029510415	119.17386187013938
10	2	12.713953890392755	105.54323999999926	92.97000000000001	-0	6.5025	0	0	196.7584029510415	119.17386187013938
10	-2	12.713953890392755	105.54323999999926	92.97000000000001	-0	6.5025	0	0	196.7584029510415	119.17386187013938
10	-5	12.713953890392755	105.54323999999926	92.97000000000001	-0	6.5025	0	0	196.7584029510415	119.17386187013938
10	-10	12.713953890392755	105.54323999999926	92.97000000000001	-0	6.5025	0	0	196.7584029510415	119.17386187013938
10	-40	12.713953890392755	105.54323999999926	92.97000000000001	-0	6.5025	0	0	196.7584029510415	119.17386187013938
10	-20	12.713953890392755	105.54323999999926	92.97000000000001	-0	6.5025	0	0	196.7584029510415	119.17386187013938
5	40	12.713953890392755	105.54323999999926	92.97000000000001	-0	6.5025	0	0	189.1106476058704	59.81454333094832
5	10	12.713953890392755	105.54323999999926	92.97000000000001	-0	6.5025	0	0	189.1106476058704	59.81454333094832
5	20	12.713953890392755	105.54323999999926	92.97000000000001	-0	6.5025	0	0	189.1106476058704	59.81454333094832
5	2	12.713953890392755	105.54323999999926	92.97000000000001	-0	6.5025	0	0	189.1106476058704	59.81454333094832
5	5	12.713953890392755	105.54323999999926	92.97000000000001	-0	6.5025	0	0	189.1106476058704	59.81454333094832
5	0	12.713953890392755	105.54323999999926	92.97000000000001	-0	6.5025	0	0	189.1106476058704	59.81454333094832
5	-2	12.713953890392755	105.54323999999926	92.97000000000001	-0	6.5025	0	0	189.1106476058704	59.81454333094832
5	-5	12.713953890392755	105.54323999999926	92.97000000000001	-0	6.5025	0	0	189.1106476058704	59.81454333094832
5	-10	12.713953890392755	105.54323999999926	92.97000000000001	-0	6.5025	0	0	189.1106476058704	59.81454333094832
2	5	12.713953890392755	105.54323999999926	92.97000000000001	-0	6.5025	0	0	188.18202113571078	23.951347231173955
5	-20	12.713953890392755	105.54323999999926	92.97000000000001	-0	6.5025	0	0	189.1106476058704	59.81454333094832
5	-40	12.713953890392755	105.54323999999926	92.97000000000001	-0	6.5025	0	0	189.1106476058704	59.81454333094832
2	40	12.713953890392755	105.54323999999926	92.97000000000001	-0	6.5025	0	0	188.18202113571078	23.951347231173955
2	10	12.713953890392755	105.54323999999926	92.97000000000001	-0	6.5025	0	0	188.18202113571078	23.951347231173955
2	20	12.713953890392755	105.54323999999926	92.97000000000001	-0	6.5025	0	0	188.18202113571078	23.951347231173955
2	2	12.713953890392755	105.54323999999926	92.97000000000001	-0	6.5025	0	0	188.18202113571078	23.951347231173955
2	0	12.713953890392755	105.54323999999926	92.97000000000001	-0	6.5025	0	0	188.18202113571078	23.951347231173955
2	-2	12.713953890392755	105.54323999999926	92.97000000000001	-0	6.5025	0	0	188.18202113571078	23.951347231173955
2	-20	12.713953890392755	105.54323999999926	92.97000000000001	-0	6.5025	0	0	188.18202113571078	23.951347231173955
-30	2	12.713953890392755	103.22589676747597	92.97004344588015	-0.12351775472404083	6.395448060703168	3.5050327172555167	0.1376305172397697	289.65465582679684	-341.1299545964192
2	-5	12.713953890392755	105.54323999999926	92.97000000000001	-0	6.5025	0	0	188.18202113571078	23.951347231173955
2	-10	12.713953890392755	105.54323999999926	92.97000000000001	-0	6.5025	0	0	188.18202113571078	23.951347231173955
2	-40	12.713953890392755	105.54323999999926	92.97000000000001	-0	6.5025	0	0	188.18202113571078	23.951347231173955
0	40	12.713953890392755	105.54323999999926	92.97000000000001	-0	6.5025	0	0	187.404022058532	0
0	20	12.713953890392755	105.54323999999926	92.97000000000001	-0	6.5025	0	0	187.404022058532	0
-30	-2	12.713953890392755	103.22589676747597	92.96995655411986	-0.12351775472404114	6.395448060703168	3.506232795391248	0.1376458525918151	289.65465582679684	-341.1299545964192
0	10	12.713953890392755	105.54323999999926	92.97000000000001	-0	6.5025	0	0	187.404022058532	0
0	5	12.713953890392755	105.54323999999926	92.97000000000001	-0	6.5025	0	0	187.404022058532	0
0	2	12.713953890392755	105.54323999999926	92.97000000000001	-0	6.5025	0	0	187.404022058532	0
0	0	12.713953890392755	105.54323999999926	92.97000000000001	-0	6.5025	0	0	187.404022058532	0
0	-2	12.713953890392755	105.54323999999926	92.97000000000001	-0	6.5025	0	0	187.404022058532	0
0	-5	12.713953890392755	105.54323999999926	92.97000000000001	-0	6.5025	0	0	187.404022058532	0
0	-10	12.713953890392755	105.54323999999926	92.97000000000001	-0	6.5025	0	0	187.404022058532	0
0	-20	12.713953890392755	105.54323999999926	92.97000000000001	-0	6.5025	0	0	187.404022058532	0
0	-40	12.713953890392755	105.54323999999926	92.97000000000001	-0	6.5025	0	0	187.404022058532	0
-2	40	12.713953890392755	105.54323999999926	92.97000000000001	-0	6.5025	0	0	188.18202113571078	-23.951347231173955
-15	40	12.713953890392755	105.53899911654138	92.9700127754465	-0.0002584251190484272	6.5022847284169965	0	0	208.94730632394885	-177.63952241842577
-2	20	12.713953890392755	105.54323999999926	92.97000000000001	-0	6.5025	0	0	188.18202113571078	-23.951347231173955
-2	10	12.713953890392755	105.54323999999926	92.97000000000001	-0	6.5025	0	0	188.18202113571078	-23.951347231173955
-2	5	12.713953890392755	105.54323999999926	92.97000000000001	-0	6.5025	0	0	188.18202113571078	-23.951347231173955
-2	2	12.713953890392755	105.54323999999926	92.97000000000001	-0	6.5025	0	0	188.18202113571078	-23.951347231173955
-2	0	12.713953890392755	105.54323999999926	92.97000000000001	-0	6.5025	0	0	188.18202113571078	-23.951347231173955
-2	-2	12.713953890392755	105.54323999999926	92.97000000000001	-0	6.5025	0	0	188.18202113571078	-23.951347231173955
-2	-5	12.713953890392755	105.54323999999926	92.97000000000001	-0	6.5025	0	0	188.18202113571078	-23.951347231173955
-2	-10	12.713953890392755	105.54323999999926	92.97000000000001	-0	6.5025	0	0	188.18202113571078	-23.951347231173955
-2	-20	12.713953890392755	105.54323999999926	92.97000000000001	-0	6.5025	0	0	188.18202113571078	-23.951347231173955
-2	-40	12.713953890392755	105.54323999999926	92.97000000000001	-0	6.5025	0	0	188.18202113571078	-23.951347231173955
-15	20	12.713953890392755	105.54323999999926	92.97000000000001	-0	6.5025	0	0	208.94730632394885	-177.62619536135344
-15	10	12.713953890392755	105.54323999999926	92.97000000000001	-0	6.5025	0	0	208.94730632394885	-177.62619536135344
-15	2	12.713953890392755	105.54323999999926	92.97000000000001	-0	6.5025	0	0	208.94730632394885	-177.62619536135344
-15	5	12.713953890392755	105.54323999999926	92.97000000000001	-0	6.5025	0	0	208.94730632394885	-177.62619536135344
-15	0	12.713953890392755	105.54323999999926	92.97000000000001	-0	6.5025	0	0	208.94730632394885	-177.62619536135344
-15	-2	12.713953890392755	105.54323999999926	92.97000000000001	-0	6.5025	0	0	208.94730632394885	-177.62619536135344
-15	-5	12.713953890392755	105.54323999999926	92.97000000000001	-0	6.5025	0	0	208.94730632394885	-177.62619536135344
-15	-10	12.713953890392755	105.54323999999926	92.97000000000001	-0	6.5025	0	0	208.94730632394885	-177.62619536135344
-15	40	12.713953890392755	105.53899911654138	92.9700127754465	-0.0002584251190484272	6.5022847284169965	0	0	208.94730632394885	-177.63952241842577
-15	-20	12.713953890392755	105.54323999999926	92.97000000000001	-0	6.5025	0	0	208.94730632394885	-177.62619536135344
-15	-40	12.713953890392755	105.53899911654139	92.96998722455352	-0.00025842511904817757	6.502284728416998	0	0	208.94730632394885	-177.6395224184258
-15	10	12.713953890392755	105.54323999999926	92.97000000000001	-0	6.5025	0	0	208.94730632394885	-177.62619536135344
-15	20	12.713953890392755	105.54323999999926	92.97000000000001	-0	6.5025	0	0	208.94730632394885	-177.62619536135344
-15	5	12.713953890392755	105.54323999999926	92.97000000000001	-0	6.5025	0	0	208.94730632394885	-177.62619536135344
-15	2	12.713953890392755	105.54323999999926	92.97000000000001	-0	6.5025	0	0	208.94730632394885	-177.62619536135344
-15	0	12.713953890392755	105.54323999999926	92.97000000000001	-0	6.5025	0	0	208.94730632394885	-177.62619536135344
-15	-5	12.713953890392755	105.54323999999926	92.97000000000001	-0	6.5025	0	0	208.94730632394885	-177.62619536135344
-15	-2	12.713953890392755	105.54323999999926	92.97000000000001	-0	6.5025	0	0	208.94730632394885	-177.62619536135344
-15	-10	12.713953890392755	105.54323999999926	92.97000000000001	-0	6.5025	0	0	208.94730632394885	-177.62619536135344
-15	-40	12.713953890392755	105.53899911654139	92.96998722455352	-0.00025842511904817757	6.502284728416998	0	0	208.94730632394885	-177.6395224184258
-15	-20	12.713953890392755	105.54323999999926	92.97000000000001	-0	6.5025	0	0	208.94730632394885	-177.62619536135344
-30	5	12.713953890392755	103.2256458570276	92.970108847293	-0.12352609183330507	6.39543929075653	3.4903896347638295	0.13536588554337609	289.65465582679684	-341.129418077061
-30	-20	12.713953890392755	103.22077878597386	92.96954715226893	-0.12368782011272839	6.395269166036409	3.707214726343915	0.1587561457034935	289.65465582679684	-341.1190108666205
-30	-5	12.713953890392755	103.22564585702757	92.969891152707	-0.12352609183330475	6.395439290756531	3.488572440580185	0.13533563552122624	289.65465582679684	-341.12941807706096
-30	-40	12.713953890392755	103.19849001961335	92.96895577605753	-0.12442865014123808	6.39448987436456	4.729948730180691	0.2909033324098164	289.65465582679684	-341.07135101546737
-30	-10	12.713953890392755	103.22473198759663	92.96978062432683	-0.12355645770814147	6.395407348377769	3.56721790535543	0.14346301172573514	289.65465582679684	-341.1274639589932
-60	-10	12.713953890392755	86.17109695348262	92.96924020728267	-1.0717037972754901	6.001643316170037	84.57419750892082	0.4036698916141698	158.34793085322465	-494.0557348148587
60	40	11.759476945196377	82.068470922768	92.97417122048547	1.3097293518882596	5.958330534318952	143.414950002244	0.9259750995555104	158.34793085322485	477.22243683262116
60	10	11.759476945196377	82.09327073428801	92.97087747319299	1.3092727384193505	5.956968982853537	113.40228488088754	0.45376224567006895	158.34793085322485	477.2511042530691
-60	-40	12.713953890392755	86.14485498549934	92.96638321941322	-1.072366005241869	6.002745826356866	109.85636543009477	0.8640671528153343	158.34793085322465	-494.01605256440655
60	5	11.759476945196377	82.09418460371901	92.97043537354317	1.3092520291802876	5.956918565888155	111.17744191701088	0.42781947101696466	158.34793085322485	477.2519825729367
60	-40	11.759476945196377	82.06847092276784	92.96582877951454	1.3097293518882671	5.958330534318954	143.33415628758053	0.92585095930349	158.34793085322485	477.2224368326207
-60	-5	12.713953890392755	86.17201082291362	92.96962301546719	-1.0716807433297295	6.001604933650743	83.96705099244194	0.3954691270121697	158.34793085322465	-494.05711673848833
60	2	11.759476945196377	82.0944355141674	92.97017377717367	1.3092463433672397	5.956904723687642	110.75917517066515	0.4231529234995019	158.34793085322485	477.2522237229569
-60	-20	12.713953890392755	86.16714375185985	92.96843158080806	-1.0718035292946182	6.001809360030316	89.39034660756343	0.4740130905272189	158.34793085322465	-494.0497569119446
60	20	11.759476945196377	82.08931753266523	92.97181134788634	1.3093623274225774	5.957187088678723	118.11545136355248	0.5106162778187138	158.34793085322485	477.24730483117423
60	0	11.759476945196377	82.09448306420794	92.97000000000003	1.3092452658526927	5.956902100461679	110.446538030829	0.41992723308751523	158.34793085322485	477.2522694232987
60	-10	11.759476945196377	82.09327073428804	92.96912252680701	1.3092727384193494	5.956968982853539	113.43270650726197	0.4538065572185622	158.34793085322485	477.25110425306934
60	-2	11.759476945196377	82.09443551416742	92.96982622282637	1.3092463433672397	5.956904723687644	110.75917517066486	0.42315292349941297	158.34793085322485	477.2522237229571
60	-20	11.759476945196377	82.08931753266529	92.96818865211368	1.3093623274225736	5.957187088678724	118.09944833559682	0.5105837425989131	158.34793085322485	477.2473048311744
60	-5	11.759476945196377	82.094184603719	92.96956462645687	1.3092520291802872	5.956918565888157	111.1661547286546	0.42779150921512515	158.34793085322485	477.2519825729367
30	40	11.759476945196377	100.2883421627076	92.97161387720135	0.25852270446968456	6.2698250181524315	15.622820098047399	0.44249348917481196	289.65465582679684	336.8484574409321
30	0	11.759476945196377	100.31579646061091	92.96999999999997	0.25799950596182714	6.2705856096474495	11.8043686542677	0.2056329244890413	289.65465582679684	336.93336719206604
30	20	11.759476945196377	100.31063092906821	92.97069988440191	0.25809792399074477	6.270442536005939	12.483634739994509	0.2389664394002901	289.65465582679684	336.9173914057133
30	-20	11.759476945196377	100.31063092906824	92.96930011559807	0.25809792399074233	6.270442536005945	12.466939429983187	0.23884857898467501	289.65465582679684	336.91739140571343
30	2	11.759476945196377	100.31574891057036	92.9700671463011	0.2580004118787628	6.270584292685138	11.693111167777168	0.1995920398458921	289.65465582679684	336.93322013086186
30	10	11.759476945196377	100.31458413069097	92.9703390487148	0.2580226033755499	6.270552032150246	11.96232954247271	0.21246097843668202	289.65465582679684	336.9296177378947
30	5	11.759476945196377	100.31549800012198	92.9701682252403	0.2580051922048851	6.270577343362201	11.790066898352858	0.20429169159786514	289.65465582679684	336.93244412326544
30	-40	11.759476945196377	100.28834216270775	92.96838612279869	0.2585227044696786	6.269825018152438	15.622820098046622	0.4424934891747728	289.65465582679684	336.84845744093246
30	-5	11.759476945196377	100.31549800012196	92.9698317747597	0.2580051922048853	6.2705773433622	11.790066898352826	0.2042916915978564	289.65465582679684	336.9324441232654
30	-2	11.759476945196377	100.31574891057036	92.96993285369892	0.25800041187876266	6.2705842926851405	11.690937206505314	0.19959035075201817	289.65465582679684	336.93322013086197
30	-10	11.759476945196377	100.314584130691	92.96966095128522	0.25802260337554983	6.270552032150248	11.962329542472661	0.21246097843671544	289.65465582679684	336.9296177378949
15	40	11.759476945196377	104.58076383929404	92.97085211313323	0.05050088526051547	6.455523627622474	3.2908137422034534	0.23425281193271022	208.94730632394885	179.83630449033328
15	-40	11.759476945196377	104.58076383929414	92.9691478868668	0.050500885260511545	6.455523627622475	3.3024339890580183	0.2346257998569951	208.94730632394885	179.83630449033308
15	20	11.759476945196377	104.61936911506857	92.97036947861727	0.04916778954367506	6.45723415521503	2.2250992130023395	0.1340228937436563	208.94730632394885	179.8142912328064
15	2	11.759476945196377	104.62823371906248	92.9700354462625	0.04886182089471779	6.457626751042839	1.964669922093964	0.11019330362756488	208.94730632394885	179.8092365140749
15	-20	11.759476945196377	104.61936911506854	92.96963052138273	0.04916778954367424	6.457234155215033	2.228038116691051	0.13409642770719976	208.94730632394885	179.81429123280634
15	5	11.759476945196377	104.62779912941772	92.97008880557503	0.04887681988315491	6.457607505475354	1.9899014830678496	0.11350538991299144	208.94730632394885	179.80948432304862
15	10	11.759476945196377	104.62621626113179	92.97017898382693	0.04893145045523404	6.45753740765735	2.03178205134244	0.11676615533420959	208.94730632394885	179.81038689624637
15	-2	11.759476945196377	104.62823371906244	92.96996455373754	0.04886182089471761	6.457626751042841	1.9638158736060993	0.11017946126319929	208.94730632394885	179.80923651407485
15	0	11.759476945196377	104.62831607814857	92.96999999999998	0.04885897845037588	6.457630398252424	1.9554098043237826	0.10950416575508466	208.94730632394885	179.80918955179482
10	40	11.759476945196377	105.38313776619268	92.97032829915989	0.00889712287181179	6.494491532687752	0.6354104589640676	0.0463430939713424	196.7584029510415	119.76989357446442
15	-10	11.759476945196377	104.62621626113177	92.9698210161731	0.048931450455234636	6.45753740765735	2.0324197631504526	0.11679122683840862	208.94730632394885	179.8103868962464
15	-5	11.759476945196377	104.62779912941772	92.96991119442502	0.04887681988315412	6.457607505475354	1.9907900846302586	0.11350781917225362	208.94730632394885	179.80948432304854
-15	40	11.759476945196377	104.58076383929411	92.97085211313315	-0.050500885260515306	6.455523627622469	3.290813742203402	0.23425281193270653	208.94730632394885	-179.83630449033325
10	-40	11.759476945196377	105.38313776619265	92.96967170084011	0.00889712287181219	6.494491532687755	0.6494470481222128	0.047383751154500775	196.7584029510415	119.7698935744645
10	10	11.759476945196377	105.4482644377521	92.97006805391032	0.005565141389828682	6.497700948482298	0.14256188970593653	0.04516229205897929	196.7584029510415	119.55666469160555
10	2	11.759476945196377	105.45121376393956	92.97001347739547	0.005413588522117161	6.497846329932535	0.11510612301685919	0.04297207724459766	196.7584029510415	119.54693212102644
-15	20	11.759476945196377	104.61936911506857	92.97036947861729	-0.04916778954367479	6.457234155215032	2.2250992130023093	0.1340228937436545	208.94730632394885	-179.81429123280643
10	20	11.759476945196377	105.438254579858	92.97014048870511	0.00607956706767266	6.497207470845002	0.2250323307399064	0.046683465835761995	196.7584029510415	119.58969652404782
-15	-40	11.759476945196377	104.58076383929414	92.96914788686679	-0.050500885260510865	6.455523627622478	3.3024339890580743	0.23462579985699913	208.94730632394885	-179.83630449033308
-15	10	11.759476945196377	104.62621626113177	92.97017898382693	-0.04893145045523397	6.457537407657352	2.0317820513424225	0.1167661553342086	208.94730632394885	-179.81038689624637
10	5	11.759476945196377	105.45057843638176	92.97003376576282	0.0054462344874381	6.49781501335071	0.12090019342464071	0.044363578370570464	196.7584029510415	119.54902865762642
10	-2	11.759476945196377	105.45121376393958	92.96998652260457	0.0054135885221175935	6.497846329932534	0.11481787652419809	0.04293460172452833	196.7584029510415	119.54693212102652
10	0	11.759476945196377	105.4513341648687	92.97000000000004	0.005407401829378384	6.497852264695608	0.11346595658840873	0.04360932804973045	196.7584029510415	119.5465348063633
10	-5	11.759476945196377	105.45057843638176	92.96996623423718	0.0054462344874382	6.497815013350709	0.12165741630109954	0.044415897231105145	196.7584029510415	119.54902865762645
-60	20	11.759476945196377	82.08931753266522	92.97181134788637	-1.3093623274225785	5.957187088678722	118.11545136355231	0.5106162778187132	158.34793085322465	-477.24730483117406
10	-10	11.759476945196377	105.44826443775213	92.96993194608967	0.005565141389828412	6.4977009484823	0.14256188970592257	0.0451622920589754	196.7584029510415	119.55666469160559
-15	5	11.759476945196377	104.62779912941772	92.97008880557502	-0.04887681988315503	6.457607505475354	1.9899014830678583	0.11350538991299196	208.94730632394885	-179.80948432304862
-15	40	11.759476945196377	104.58076383929411	92.97085211313315	-0.050500885260515306	6.455523627622469	3.290813742203402	0.23425281193270653	208.94730632394885	-179.83630449033325
-15	2	11.759476945196377	104.62823371906244	92.97003544626253	-0.04886182089471732	6.45762675104284	1.9646699220939636	0.11019330362756494	208.94730632394885	-179.80923651407483
10	-20	11.759476945196377	105.438254579858	92.96985951129487	0.006079567067672609	6.497207470845003	0.22364559463535885	0.04656800432134325	196.7584029510415	119.58969652404787
-15	-20	11.759476945196377	104.61936911506857	92.96963052138273	-0.04916778954367453	6.457234155215032	2.228038116691074	0.1340964277072012	208.94730632394885	-179.8142912328064
-15	0	11.759476945196377	104.62831607814857	92.97000000000006	-0.048858978450375706	6.457630398252422	1.9554098043237826	0.10950416575508466	208.94730632394885	-179.8091895517948
-15	-2	11.759476945196377	104.6282337190625	92.96996455373751	-0.04886182089471681	6.457626751042842	1.963815873606081	0.11017946126319829	208.94730632394885	-179.8092365140749
-60	10	11.759476945196377	82.093270734288	92.97087747319297	-1.309272738419351	5.956968982853538	113.4022848808875	0.45376224567006895	158.34793085322465	-477.2511042530691
-60	40	11.759476945196377	82.068470922768	92.97417122048549	-1.3097293518882585	5.9583305343189545	143.41495000224398	0.9259750995555099	158.34793085322465	-477.2224368326213
5	40	11.759476945196377	105.54323999999926	92.97000000000001	-0	6.5025	0	0	189.1106476058704	59.81454333094832
5	20	11.759476945196377	105.54323999999926	92.97000000000001	-0	6.5025	0	0	189.1106476058704	59.81454333094832
5	2	11.759476945196377	105.54323999999926	92.97000000000001	-0	6.5025	0	0	189.1106476058704	59.81454333094832
5	10	11.759476945196377	105.54323999999926	92.97000000000001	-0	6.5025	0	0	189.1106476058704	59.81454333094832
5	5	11.759476945196377	105.54323999999926	92.97000000000001	-0	6.5025	0	0	189.1106476058704	59.81454333094832
5	0	11.759476945196377	105.54323999999926	92.97000000000001	-0	6.5025	0	0	189.1106476058704	59.81454333094832
-15	-10	11.759476945196377	104.62621626113179	92.96982101617307	-0.04893145045523466	6.457537407657349	2.0324197631504517	0.11679122683840858	208.94730632394885	-179.8103868962464
5	-2	11.759476945196377	105.54323999999926	92.97000000000001	-0	6.5025	0	0	189.1106476058704	59.81454333094832
5	-5	11.759476945196377	105.54323999999926	92.97000000000001	-0	6.5025	0	0	189.1106476058704	59.81454333094832
5	-10	11.759476945196377	105.54323999999926	92.97000000000001	-0	6.5025	0	0	189.1106476058704	59.81454333094832
5	-20	11.759476945196377	105.54323999999926	92.97000000000001	-0	6.5025	0	0	189.1106476058704	59.81454333094832
5	-40	11.759476945196377	105.54323999999926	92.97000000000001	-0	6.5025	0	0	189.1106476058704	59.81454333094832
2	40	11.759476945196377	105.54323999999926	92.97000000000001	-0	6.5025	0	0	188.18202113571078	23.951347231173955
2	20	11.759476945196377	105.54323999999926	92.97000000000001	-0	6.5025	0	0	188.18202113571078	23.951347231173955
2	10	11.759476945196377	105.54323999999926	92.97000000000001	-0	6.5025	0	0	188.18202113571078	23.951347231173955
2	5	11.759476945196377	105.54323999999926	92.97000000000001	-0	6.5025	0	0	188.18202113571078	23.951347231173955
2	2	11.759476945196377	105.54323999999926	92.97000000000001	-0	6.5025	0	0	188.18202113571078	23.951347231173955
2	0	11.759476945196377	105.54323999999926	92.97000000000001	-0	6.5025	0	0	188.18202113571078	23.951347231173955
2	-2	11.759476945196377	105.54323999999926	92.97000000000001	-0	6.5025	0	0	188.18202113571078	23.951347231173955
2	-5	11.759476945196377	105.54323999999926	92.97000000000001	-0	6.5025	0	0	188.18202113571078	23.951347231173955
2	-10	11.759476945196377	105.54323999999926	92.97000000000001	-0	6.5025	0	0	188.18202113571078	23.951347231173955
2	-20	11.759476945196377	105.54323999999926	92.97000000000001	-0	6.5025	0	0	188.18202113571078	23.951347231173955
2	-40	11.759476945196377	105.54323999999926	92.97000000000001	-0	6.5025	0	0	188.18202113571078	23.951347231173955
0	40	11.759476945196377	105.54323999999926	92.97000000000001	-0	6.5025	0	0	187.404022058532	0
0	20	11.759476945196377	105.54323999999926	92.97000000000001	-0	6.5025	0	0	187.404022058532	0
0	10	11.759476945196377	105.54323999999926	92.97000000000001	-0	6.5025	0	0	187.404022058532	0
0	5	11.759476945196377	105.54323999999926	92.97000000000001	-0	6.5025	0	0	187.404022058532	0
0	2	11.759476945196377	105.54323999999926	92.97000000000001	-0	6.5025	0	0	187.404022058532	0
0	0	11.759476945196377	105.54323999999926	92.97000000000001	-0	6.5025	0	0	187.404022058532	0
0	-2	11.759476945196377	105.54323999999926	92.97000000000001	-0	6.5025	0	0	187.404022058532	0
0	-5	11.759476945196377	105.54323999999926	92.97000000000001	-0	6.5025	0	0	187.404022058532	0
0	-10	11.759476945196377	105.54323999999926	92.97000000000001	-0	6.5025	0	0	187.404022058532	0
0	-20	11.759476945196377	105.54323999999926	92.97000000000001	-0	6.5025	0	0	187.404022058532	0
0	-40	11.759476945196377	105.54323999999926	92.97000000000001	-0	6.5025	0	0	187.404022058532	0
-2	40	11.759476945196377	105.54323999999926	92.97000000000001	-0	6.5025	0	0	188.18202113571078	-23.951347231173955
-2	20	11.759476945196377	105.54323999999926	92.97000000000001	-0	6.5025	0	0	188.18202113571078	-23.951347231173955
-2	10	11.759476945196377	105.54323999999926	92.97000000000001	-0	6.5025	0	0	188.18202113571078	-23.951347231173955
-2	5	11.759476945196377	105.54323999999926	92.97000000000001	-0	6.5025	0	0	188.18202113571078	-23.951347231173955
-2	2	11.759476945196377	105.54323999999926	92.97000000000001	-0	6.5025	0	0	188.18202113571078	-23.951347231173955
-2	0	11.759476945196377	105.54323999999926	92.97000000000001	-0	6.5025	0	0	188.18202113571078	-23.951347231173955
-2	-2	11.759476945196377	105.54323999999926	92.97000000000001	-0	6.5025	0	0	188.18202113571078	-23.951347231173955
-2	-5	11.759476945196377	105.54323999999926	92.97000000000001	-0	6.5025	0	0	188.18202113571078	-23.951347231173955
-2	-10	11.759476945196377	105.54323999999926	92.97000000000001	-0	6.5025	0	0	188.18202113571078	-23.951347231173955
-2	-20	11.759476945196377	105.54323999999926	92.97000000000001	-0	6.5025	0	0	188.18202113571078	-23.951347231173955
-2	-40	11.759476945196377	105.54323999999926	92.97000000000001	-0	6.5025	0	0	188.18202113571078	-23.951347231173955
-15	-5	11.759476945196377	104.62779912941778	92.96991119442498	-0.04887681988315417	6.457607505475351	1.9907900846302549	0.11350781917225311	208.94730632394885	-179.80948432304857
-30	40	11.759476945196377	100.2883421627076	92.97161387720135	-0.25852270446968423	6.269825018152433	15.622820098047391	0.4424934891748118	289.65465582679684	-336.8484574409321
-60	5	11.759476945196377	82.09418460371901	92.97043537354317	-1.3092520291802876	5.956918565888155	111.17744191701088	0.42781947101696466	158.34793085322465	-477.2519825729367
-15	10	11.759476945196377	104.62621626113177	92.97017898382693	-0.04893145045523397	6.457537407657352	2.0317820513424225	0.1167661553342086	208.94730632394885	-179.81038689624637
-15	20	11.759476945196377	104.61936911506857	92.97036947861729	-0.04916778954367479	6.457234155215032	2.2250992130023093	0.1340228937436545	208.94730632394885	-179.81429123280643
-15	5	11.759476945196377	104.62779912941772	92.97008880557502	-0.04887681988315503	6.457607505475354	1.9899014830678583	0.11350538991299196	208.94730632394885	-179.80948432304862
-15	0	11.759476945196377	104.62831607814857	92.97000000000006	-0.048858978450375706	6.457630398252422	1.9554098043237826	0.10950416575508466	208.94730632394885	-179.8091895517948
-15	2	11.759476945196377	104.62823371906244	92.97003544626253	-0.04886182089471732	6.45762675104284	1.9646699220939636	0.11019330362756494	208.94730632394885	-179.80923651407483
-60	2	11.759476945196377	82.0944355141674	92.97017377717366	-1.3092463433672397	5.956904723687643	110.75917517066507	0.42315292349950157	158.34793085322465	-477.252223722957
-30	20	11.759476945196377	100.31063092906817	92.97069988440197	-0.25809792399074466	6.270442536005945	12.483634739994447	0.23896643940028897	289.65465582679684	-336.91739140571343
-15	-2	11.759476945196377	104.6282337190625	92.96996455373751	-0.04886182089471681	6.457626751042842	1.963815873606081	0.11017946126319829	208.94730632394885	-179.8092365140749
-15	-10	11.759476945196377	104.62621626113179	92.96982101617307	-0.04893145045523466	6.457537407657349	2.0324197631504517	0.11679122683840858	208.94730632394885	-179.8103868962464
-15	-20	11.759476945196377	104.61936911506857	92.96963052138273	-0.04916778954367453	6.457234155215032	2.228038116691074	0.1340964277072012	208.94730632394885	-179.8142912328064
-15	-40	11.759476945196377	104.58076383929414	92.96914788686679	-0.050500885260510865	6.455523627622478	3.3024339890580743	0.23462579985699913	208.94730632394885	-179.83630449033308
-60	0	11.759476945196377	82.09448306420792	92.97000000000003	-1.3092452658526934	5.956902100461682	110.446538030829	0.41992723308751523	158.34793085322465	-477.25226942329874
-15	-5	11.759476945196377	104.62779912941778	92.96991119442498	-0.04887681988315417	6.457607505475351	1.9907900846302549	0.11350781917225311	208.94730632394885	-179.80948432304857
-30	-40	11.759476945196377	100.2883421627077	92.96838612279875	-0.25852270446967923	6.2698250181524395	15.622820098046658	0.442493489174774	289.65465582679684	-336.84845744093246
-30	0	11.759476945196377	100.31579646061085	92.97000000000007	-0.25799950596182725	6.27058560964745	11.8043686542677	0.2056329244890413	289.65465582679684	-336.9333671920659
-30	10	11.759476945196377	100.31458413069097	92.97033904871483	-0.25802260337555016	6.27055203215025	11.9623295424727	0.21246097843668188	289.65465582679684	-336.92961773789494
-30	-20	11.759476945196377	100.31063092906827	92.969300115598	-0.25809792399074233	6.270442536005942	12.466939429983137	0.23884857898467418	289.65465582679684	-336.91739140571343
-60	-2	11.759476945196377	82.0944355141674	92.9698262228263	-1.30924634336724	5.956904723687643	110.7591751706651	0.4231529234994135	158.34793085322465	-477.252223722957
-30	5	11.759476945196377	100.31549800012199	92.97016822524033	-0.25800519220488527	6.2705773433622	11.790066898352839	0.2042916915978649	289.65465582679684	-336.93244412326544
-30	-2	11.759476945196377	100.31574891057036	92.96993285369886	-0.2580004118787625	6.27058429268514	11.690937206505295	0.19959035075201792	289.65465582679684	-336.9332201308619
-30	2	11.759476945196377	100.31574891057038	92.9700671463011	-0.2580004118787627	6.27058429268514	11.693111167777161	0.19959203984589202	289.65465582679684	-336.93322013086197
-30	-5	11.759476945196377	100.31549800012198	92.9698317747597	-0.2580051922048857	6.2705773433621985	11.79006689835284	0.20429169159785662	289.65465582679684	-336.9324441232654
-30	-10	11.759476945196377	100.31458413069099	92.96966095128522	-0.2580226033755494	6.270552032150249	11.962329542472668	0.2124609784367156	289.65465582679684	-336.92961773789483
-60	-5	11.759476945196377	82.09418460371903	92.96956462645686	-1.3092520291802867	5.956918565888155	111.16615472865456	0.42779150921512477	158.34793085322465	-477.2519825729368
-60	-40	11.759476945196377	82.06847092276787	92.96582877951455	-1.3097293518882656	5.9583305343189545	143.33415628758016	0.925850959303488	158.34793085322465	-477.2224368326209
60	40	10.805	77.71128635460926	92.97454922571077	1.5713928196223892	5.924563581747303	158.34793085322454	0.9621136695704855	158.34793085322485	459.78030051721294
-60	-10	11.759476945196377	82.09327073428803	92.96912252680703	-1.3092727384193497	5.95696898285354	113.43270650726198	0.4538065572185622	158.34793085322465	-477.25110425306934
-60	-20	11.759476945196377	82.0893175326653	92.9681886521137	-1.3093623274225739	5.957187088678723	118.09944833559672	0.5105837425989128	158.34793085322465	-477.2473048311745
60	20	10.805	77.71128635460909	92.97197328503815	1.5731820492367399	5.924563581747305	130.00282506954426	0.5341839131859666	158.34793085322485	459.8498221846695
60	10	10.805	77.7112863546091	92.9709559666151	1.5734993923009801	5.924563581747302	124.03153043729672	0.46437865968570763	158.34793085322485	459.86215275353834
60	0	10.805	77.71128635460913	92.97000000000001	1.5735967120251801	5.924563581747302	121.56106957369937	0.4375357369001533	158.34793085322485	459.8659341740161
60	2	10.805	77.71128635460911	92.97018932491032	1.573592894948037	5.924563581747303	121.75403614981266	0.4392581308817013	158.34793085322485	459.8657858590286
60	5	10.805	77.71128635460911	92.97047432469606	1.5735727531242352	5.924563581747302	121.96498252063964	0.44155371624153733	158.34793085322485	459.86500323551
60	-5	10.805	77.71128635460914	92.96952567530393	1.5735727531242338	5.924563581747299	121.96498252063971	0.4415537162415375	158.34793085322485	459.8650032355099
60	-20	10.805	77.71128635460917	92.96802671496194	1.5731820492367352	5.924563581747304	130.00282506954485	0.5341839131859674	158.34793085322485	459.84982218466985
60	-2	10.805	77.71128635460909	92.96981067508972	1.573592894948037	5.924563581747304	121.75403614981266	0.4392581308817013	158.34793085322485	459.86578585902856
60	-10	10.805	77.71128635460911	92.96904403338489	1.5734993923009808	5.924563581747299	124.03153043729657	0.4643786596857071	158.34793085322485	459.8621527535382
60	-40	10.805	77.71128635460914	92.96545077428927	1.5713928196223952	5.924563581747301	158.34793085322457	0.9621136695704855	158.34793085322485	459.78030051721237
30	-40	10.805	96.21051594351317	92.96775550726734	0.42555833461909065	6.102375892856781	36.90422018852703	0.599262736437609	289.65465582679684	329.01420656650345
30	40	10.805	96.21051594351302	92.97224449273273	0.4255583346190951	6.102375892856777	36.80398565528633	0.5986937462851649	289.65465582679684	329.0142065665031
30	20	10.805	96.2328047098736	92.97097335203607	0.4254597697864277	6.102837291923679	29.567377373801026	0.318806476818882	289.65465582679684	329.10441464491237
15	40	10.805	101.17709703689384	92.97191357454966	0.1878073174977057	6.295355941273637	27.805596943307727	0.5316062096376557	208.94730632394885	183.20804239998418
30	-5	10.805	96.23767178092739	92.9697660441595	0.42543825281815784	6.102938016581892	27.74470926406201	0.2668499265299881	289.65465582679684	329.1241128695758
30	5	10.805	96.23767178092739	92.97023395584054	0.42543825281815817	6.102938016581893	27.758836095054725	0.26689127633387866	289.65465582679684	329.1241128695758
30	2	10.805	96.23792269137576	92.97009338234635	0.42543714362024715	6.102943208929582	27.98710705436917	0.27398652681071606	289.65465582679684	329.1251283654106
30	-2	10.805	96.23792269137577	92.96990661765369	0.42543714362024754	6.102943208929584	27.99060732536559	0.27399639296364436	289.65465582679684	329.1251283654108
30	10	10.805	96.23675791149638	92.97047152530459	0.42544229280269746	6.102919104713978	28.45566185100483	0.287135627267291	289.65465582679684	329.1204142169025
30	0	10.805	96.23797024141629	92.97000000000003	0.42543693341679667	6.102944192928371	27.867986457577487	0.270718135216743	289.65465582679684	329.12532081203216
30	-10	10.805	96.23675791149644	92.96952847469544	0.4254422928026963	6.102919104713977	28.466470132816166	0.2871623740335089	289.65465582679684	329.1204142169025
15	-40	10.805	101.17709703689405	92.9680864254504	0.1878073174976994	6.295355941273643	27.929496017608127	0.532426862006236	208.94730632394885	183.20804239998412
30	-20	10.805	96.23280470987363	92.96902664796394	0.4254597697864267	6.10283729192368	29.525676007734457	0.318651456517346	289.65465582679684	329.1044146449124
15	20	10.805	101.21570231266838	92.97082972093074	0.18773568480515793	6.296821028075497	21.687209246590413	0.29310657042020466	208.94730632394885	183.3093244371654
15	10	10.805	101.22254945873162	92.97040193476346	0.1877229855236039	6.297080763527793	20.41178971399709	0.25143695008375955	208.94730632394885	183.32728811928527
15	-20	10.805	101.21570231266838	92.96917027906927	0.1877356848051579	6.296821028075501	21.73563666483642	0.2933269121463194	208.94730632394885	183.3093244371655
15	-5	10.805	101.22413232701757	92.96980057399468	0.18772005005008047	6.29714080208509	20.23041121405538	0.2460639677622285	208.94730632394885	183.33144081917854
15	-2	10.805	101.22456691666231	92.96992040020518	0.1877192441074891	6.297157285841501	19.97830945806991	0.23774085043222437	208.94730632394885	183.3325809774517
15	-10	10.805	101.22254945873162	92.96959806523654	0.18772298552360478	6.297080763527795	20.4106250530942	0.2514359963873658	208.94730632394885	183.32728811928538
15	2	10.805	101.2245669166623	92.97007959979484	0.18771924410748922	6.297157285841503	19.98760589059588	0.23777953650750616	208.94730632394885	183.3325809774517
15	5	10.805	101.22413232701757	92.97019942600535	0.18772005005008138	6.297140802085089	20.227266658405146	0.24606126936845144	208.94730632394885	183.33144081917862
10	40	10.805	102.63182606392469	92.97185028174393	0.12183694102352947	6.360774116723086	28.324309550594005	0.5152786143295165	196.7584029510415	125.67501082008062
15	0	10.805	101.2246492757484	92.97000000000004	0.1877190913740836	6.297160409662319	20.114469107010564	0.24332987858585997	208.94730632394885	183.33279704885254
10	20	10.805	102.68826320151409	92.9708021423562	0.12176997983449472	6.363181607675067	20.650466919377706	0.27810736478945136	196.7584029510415	125.78027720468617
10	10	10.805	102.69827305940821	92.97038856351581	0.12175811108385609	6.363608331127631	19.32667240108547	0.24552389947607448	196.7584029510415	125.79894756246723
5	40	10.805	103.99624649745803	92.9718051341739	0.05965905766016071	6.425505231800906	37.51651673923124	0.4708396912132833	189.1106476058704	64.4206535522425
10	5	10.805	102.70058705803787	92.97019279032963	0.12175536769055806	6.363706965794021	19.185547707649015	0.244842212740232	196.7584029510415	125.80326362596948
10	-5	10.805	102.70058705803784	92.96980720967039	0.12175536769055847	6.363706965794021	19.214527656815335	0.24489485949156775	196.7584029510415	125.80326362596949
10	-2	10.805	102.70122238559564	92.96992304894438	0.12175461449075607	6.363734045983834	18.855220043209076	0.23300425503662364	196.7584029510415	125.80444863707929
10	2	10.805	102.70122238559564	92.97007695105565	0.1217546144907561	6.3637340459838345	18.866955187899936	0.23303996291731585	196.7584029510415	125.80444863707932
2	40	10.805	104.64543036522646	92.97178819860426	0.023664961823821877	6.457312931263694	78.16984805360983	0.25977698416885725	188.18202113571078	26.05749879321342
10	0	10.805	102.70134278652482	92.97000000000001	0.12175447175290732	6.363739177913001	18.89768989847796	0.23559185515617845	196.7584029510415	125.8046732085416
5	-40	10.805	103.99624649745815	92.96819486582608	0.05965905766015858	6.425505231800911	37.89684421102108	0.4733695836333753	189.1106476058704	64.4206535522424
10	-40	10.805	102.63182606392468	92.9681497182561	0.12183694102353053	6.360774116723085	28.498302322272682	0.5164662594478737	196.7584029510415	125.67501082008069
10	-10	10.805	102.69827305940825	92.9696114364842	0.12175811108385602	6.363608331127629	19.305347022158	0.2453239019063277	196.7584029510415	125.79894756246723
10	-20	10.805	102.68826320151408	92.9691978576438	0.12176997983449442	6.363181607675071	20.555725256066935	0.27767655887177917	196.7584029510415	125.78027720468617
5	20	10.805	104.10740595876979	92.97078216407638	0.059595357401269866	6.430739359092809	21.729961516772594	0.2767033285736701	189.1106476058704	64.53039719739716
5	10	10.805	104.12712153009115	92.97037885108095	0.059584073534955095	6.43166653260317	19.080920319450414	0.24192180273781974	189.1106476058704	64.54986165537134
5	2	10.805	104.13293056868227	92.97007502557577	0.05958074964710493	6.431939650050543	18.2318785221763	0.23000502883058055	189.1106476058704	64.55559670538236
5	0	10.805	104.13316771221923	92.97000000000003	0.059580613963249374	6.43195079893102	18.31773449899552	0.2352308939437506	189.1106476058704	64.55583082846887
5	-20	10.805	104.10740595876979	92.96921783592366	0.05959535740127031	6.43073935909281	21.746745092359276	0.27677911590957804	189.1106476058704	64.5303971973972
2	20	10.805	104.91628499001992	92.97077365164597	0.02360386773956187	6.470768943874793	32.40335103181824	0.24852766732068207	188.18202113571078	26.167807305003237
5	5	10.805	104.13167921767294	92.97018796739955	0.05958146562932903	6.431880819173546	18.708800087485542	0.24224906212996714	189.1106476058704	64.5543612925844
5	-2	10.805	104.13293056868227	92.96992497442427	0.05958074964710498	6.431939650050544	18.2136249002044	0.22992995932989937	189.1106476058704	64.55559670538236
2	-40	10.805	104.64543036522637	92.96821180139578	0.023664961823823272	6.457312931263691	78.80501449333416	0.2629015588822429	188.18202113571078	26.05749879321354
5	-10	10.805	104.1271215300912	92.96962114891907	0.059584073534953735	6.431666532603175	19.05340466805469	0.241854287839138	189.1106476058704	64.54986165537127
5	-5	10.805	104.13167921767302	92.96981203260046	0.05958146562932832	6.431880819173546	18.70880008748503	0.2422490621299443	189.1106476058704	64.55436129258437
2	-20	10.805	104.91628499001999	92.96922634835407	0.0236038677395601	6.470768943874794	32.21262205123519	0.24771359313588662	188.18202113571078	26.167807305003073
2	10	10.805	104.96536391915531	92.97037462369664	0.023592831217523976	6.4732020767022584	21.62877750543372	0.23959844697849508	188.18202113571078	26.18780377722913
2	-10	10.805	104.96536391915532	92.96962537630336	0.02359283121752323	6.473202076702261	21.69118473782561	0.23990267803293808	188.18202113571078	26.18780377722907
2	-5	10.805	104.9767095921873	92.9698141419758	0.0235902813514626	6.473764225067047	19.053670511152596	0.23544863575591043	188.18202113571078	26.192426401228047
2	2	10.805	104.97982464102387	92.97007418232688	0.023589581360977125	6.473918546312879	18.45803190770242	0.23900201496069862	188.18202113571078	26.193695581070447
2	5	10.805	104.97670959218728	92.97018585802422	0.023590281351462815	6.473764225067046	19.032400467311316	0.2353964327845552	188.18202113571078	26.192426401228058
2	-2	10.805	104.97982464102387	92.96992581767311	0.02358958136097705	6.4739185463128806	18.458031907702463	0.23900201496068207	188.18202113571078	26.193695581070443
2	0	10.805	104.98041497394688	92.96999999999998	0.023589448710458167	6.473947790700824	18.084530084148803	0.23223615226436717	188.18202113571078	26.193936103349692
-2	40	10.805	104.64543036522646	92.97178819860423	-0.023664961823822446	6.457312931263691	78.16984805360983	0.25977698416885725	188.18202113571078	-26.057498793213473
0	40	10.805	104.78507991924542	92.97178472755913	0.00000000000000004953274496829704	6.464159630881999	95.65413625904239	0.1358402738828258	187.404022058532	0.000000000000005190292640122607
0	10	10.805	105.38392151984995	92.97037290848425	0.000000000000000016856051794064797	6.494365425213203	74.18075873150227	0.06333899301097679	187.404022058532	0.0000000000000017763568394002505
0	20	10.805	105.21437833453035	92.97077098978392	0.00000000000000010129928252309602	6.485754069581519	78.08500919105501	0.07388047548933281	187.404022058532	0.000000000000010658141036401503
0	5	10.805	105.46419049295709	92.97018488624728	-0.00000000000000017632748685169333	6.498458704140259	74.18075873150227	0.06333899301097679	187.404022058532	-0.000000000000018596235662471372
0	2	10.805	105.51168768793268	92.97007376342674	0.00000000000000006734256188391579	6.500885719372138	72.22863350172588	0.058466762779363184	187.404022058532	0.000000000000007105427357601002
0	-2	10.805	105.51168768793269	92.96992623657327	-0.00000000000000026131413051341735	6.500885719372139	72.22863350172588	0.058466762779363184	187.404022058532	-0.000000000000027571694927175375
0	-40	10.805	104.78507991924533	92.96821527244086	0.00000000000000027653575265723075	6.464159630881996	95.65413625904239	0.1358402738828258	187.404022058532	0.000000000000028976820942716586
0	-10	10.805	105.38392151984998	92.96962709151578	-0.000000000000000011588535608419544	6.494365425213203	74.18075873150227	0.06333899301097679	187.404022058532	-0.0000000000000012212453270876722
-2	-40	10.805	104.64543036522637	92.96821180139581	-0.02366496182382256	6.457312931263691	78.80501449333418	0.2629015588822429	188.18202113571078	-26.057498793213462
-15	40	10.805	101.17709703689385	92.97191357454967	-0.1878073174977061	6.295355941273635	27.80559694330749	0.5316062096376506	208.94730632394885	-183.2080423999842
0	-5	10.805	105.46419049295706	92.9698151137527	0.0000000000000001436937430164546	6.498458704140261	74.18075873150227	0.06333899301097679	187.404022058532	0.000000000000015154544286133387
-2	20	10.805	104.91628499001993	92.97077365164597	-0.023603867739561805	6.470768943874793	32.403351031819234	0.24852766732068968	188.18202113571078	-26.167807305003233
0	-20	10.805	105.21437833453042	92.96922901021608	-0.00000000000000018545155107743868	6.485754069581523	78.08500919105501	0.07388047548933281	187.404022058532	-0.000000000000019512169657787126
-2	10	10.805	104.96536391915531	92.97037462369666	-0.023592831217523473	6.4732020767022584	21.62877750543423	0.23959844697850072	188.18202113571078	-26.187803777229078
-2	-5	10.805	104.97670959218732	92.96981414197579	-0.02359028135146311	6.473764225067044	19.053670511153214	0.23544863575591818	188.18202113571078	-26.192426401228097
-2	-20	10.805	104.91628499001999	92.96922634835404	-0.023603867739560577	6.470768943874795	32.21262205123691	0.2477135931358999	188.18202113571078	-26.16780730500313
-2	-10	10.805	104.96536391915535	92.96962537630338	-0.02359283121752359	6.473202076702256	21.691184737825623	0.2399026780329382	188.18202113571078	-26.187803777229096
-2	5	10.805	104.9767095921873	92.97018585802425	-0.023590281351463026	6.473764225067048	19.032400467311486	0.23539643278455696	188.18202113571078	-26.192426401228094
0	0	10.805	105.54323999999926	92.97000000000001	-0	6.5025	0	0	187.404022058532	0
-2	0	10.805	104.98041497394685	92.96999999999998	-0.02358944871045853	6.473947790700823	18.084530084148803	0.23223615226436717	188.18202113571078	-26.193936103349717
-2	2	10.805	104.9798246410239	92.97007418232684	-0.023589581360977108	6.47391854631288	18.45803190770245	0.239002014960699	188.18202113571078	-26.193695581070457
-2	-2	10.805	104.9798246410239	92.96992581767309	-0.023589581360977174	6.473918546312878	18.458031907702434	0.23900201496068169	188.18202113571078	-26.193695581070457
-15	40	10.805	101.17709703689385	92.97191357454967	-0.1878073174977061	6.295355941273635	27.80559694330749	0.5316062096376506	208.94730632394885	-183.2080423999842
-15	-40	10.805	101.17709703689405	92.96808642545034	-0.18780731749769916	6.295355941273646	27.929496017608326	0.5324268620062407	208.94730632394885	-183.2080423999842
-15	20	10.805	101.2157023126684	92.97082972093075	-0.18773568480515776	6.296821028075497	21.687209246590253	0.29310657042020244	208.94730632394885	-183.3093244371654
-15	10	10.805	101.22254945873162	92.97040193476349	-0.18772298552360372	6.297080763527795	20.411789713997027	0.25143695008375866	208.94730632394885	-183.3272881192853
-15	5	10.805	101.22413232701757	92.97019942600532	-0.18772005005008144	6.297140802085089	20.22726665840518	0.24606126936845185	208.94730632394885	-183.33144081917862
-15	-10	10.805	101.22254945873162	92.96959806523655	-0.18772298552360422	6.2970807635277914	20.410625053094186	0.2514359963873656	208.94730632394885	-183.32728811928527
-15	2	10.805	101.22456691666231	92.97007959979486	-0.18771924410748933	6.297157285841501	19.98760589059591	0.23777953650750644	208.94730632394885	-183.3325809774517
-15	20	10.805	101.2157023126684	92.97082972093075	-0.18773568480515776	6.296821028075497	21.687209246590253	0.29310657042020244	208.94730632394885	-183.3093244371654
-15	0	10.805	101.2246492757484	92.97000000000004	-0.18771909137408382	6.297160409662321	20.114469107010564	0.24332987858585997	208.94730632394885	-183.3327970488526
-15	-20	10.805	101.21570231266838	92.96917027906927	-0.18773568480515765	6.296821028075501	21.73563666483658	0.29332691214632134	208.94730632394885	-183.30932443716546
-15	-40	10.805	101.17709703689405	92.96808642545034	-0.18780731749769916	6.295355941273646	27.929496017608326	0.5324268620062407	208.94730632394885	-183.2080423999842
-15	-2	10.805	101.22456691666231	92.9699204002052	-0.18771924410748897	6.297157285841503	19.97830945806984	0.23774085043222357	208.94730632394885	-183.3325809774517
-15	-5	10.805	101.22413232701757	92.96980057399468	-0.18772005005008083	6.2971408020850905	20.23041121405536	0.24606396776222808	208.94730632394885	-183.33144081917862
-15	10	10.805	101.22254945873162	92.97040193476349	-0.18772298552360372	6.297080763527795	20.411789713997027	0.25143695008375866	208.94730632394885	-183.3272881192853
-30	40	10.805	96.21051594351304	92.97224449273273	-0.4255583346190955	6.1023758928567755	36.803985655286326	0.5986937462851649	289.65465582679684	-329.01420656650316
-15	5	10.805	101.22413232701757	92.97019942600532	-0.18772005005008144	6.297140802085089	20.22726665840518	0.24606126936845185	208.94730632394885	-183.33144081917862
-15	-10	10.805	101.22254945873162	92.96959806523655	-0.18772298552360422	6.2970807635277914	20.410625053094186	0.2514359963873656	208.94730632394885	-183.32728811928527
-15	-2	10.805	101.22456691666231	92.9699204002052	-0.18771924410748897	6.297157285841503	19.97830945806984	0.23774085043222357	208.94730632394885	-183.3325809774517
-15	2	10.805	101.22456691666231	92.97007959979486	-0.18771924410748933	6.297157285841501	19.98760589059591	0.23777953650750644	208.94730632394885	-183.3325809774517
-15	-5	10.805	101.22413232701757	92.96980057399468	-0.18772005005008083	6.2971408020850905	20.23041121405536	0.24606396776222808	208.94730632394885	-183.33144081917862
-15	0	10.805	101.2246492757484	92.97000000000004	-0.18771909137408382	6.297160409662321	20.114469107010564	0.24332987858585997	208.94730632394885	-183.3327970488526
-30	20	10.805	96.2328047098736	92.97097335203608	-0.4254597697864278	6.102837291923682	29.567377373800905	0.3188064768188807	289.65465582679684	-329.1044146449125
-15	-20	10.805	101.21570231266838	92.96917027906927	-0.18773568480515765	6.296821028075501	21.73563666483658	0.29332691214632134	208.94730632394885	-183.30932443716546
-60	40	10.805	77.71128635460926	92.97454922571076	-1.5713928196223887	5.924563581747305	158.34793085322457	0.9621136695704855	158.34793085322465	-459.78030051721305
-30	10	10.805	96.23675791149643	92.97047152530456	-0.42544229280269724	6.102919104713975	28.455661851004827	0.287135627267291	289.65465582679684	-329.1204142169025
-60	20	10.805	77.71128635460913	92.97197328503808	-1.5731820492367397	5.9245635817473	130.00282506954474	0.534183913185967	158.34793085322465	-459.84982218466945
-30	5	10.805	96.23767178092737	92.97023395584051	-0.4254382528181584	6.102938016581896	27.758836095054725	0.26689127633387866	289.65465582679684	-329.124112869576
-30	-40	10.805	96.21051594351317	92.9677555072673	-0.42555833461909087	6.102375892856781	36.9042201885272	0.5992627364376119	289.65465582679684	-329.0142065665035
-60	5	10.805	77.71128635460913	92.97047432469604	-1.5735727531242343	5.924563581747299	121.96498252063955	0.44155371624153733	158.34793085322465	-459.86500323550985
-60	10	10.805	77.71128635460909	92.97095596661511	-1.573499392300982	5.924563581747303	124.03153043729667	0.4643786596857074	158.34793085322465	-459.8621527535384
-30	2	10.805	96.23792269137581	92.97009338234633	-0.4254371436202466	6.102943208929581	27.987107054369165	0.27398652681071606	289.65465582679684	-329.1251283654107
-60	0	10.805	77.71128635460911	92.97000000000003	-1.5735967120251813	5.924563581747302	121.56106957369937	0.4375357369001533	158.34793085322465	-459.8659341740161
-60	2	10.805	77.71128635460911	92.97018932491031	-1.5735928949480371	5.924563581747301	121.75403614981266	0.4392581308817013	158.34793085322465	-459.8657858590285
-60	-5	10.805	77.7112863546091	92.96952567530397	-1.573572753124235	5.924563581747303	121.96498252063964	0.44155371624153733	158.34793085322465	-459.86500323550996
-60	-2	10.805	77.7112863546091	92.96981067508969	-1.5735928949480376	5.924563581747303	121.75403614981266	0.4392581308817013	158.34793085322465	-459.8657858590286
-30	0	10.805	96.23797024141629	92.97000000000006	-0.42543693341679667	6.102944192928368	27.867986457577487	0.270718135216743	289.65465582679684	-329.12532081203204
-30	-2	10.805	96.23792269137579	92.96990661765365	-0.42543714362024704	6.10294320892958	27.99060732536555	0.2739963929636348	289.65465582679684	-329.1251283654106
-30	-10	10.805	96.23675791149645	92.96952847469545	-0.42544229280269624	6.102919104713978	28.466470132816138	0.2871623740335087	289.65465582679684	-329.1204142169026
-30	-5	10.805	96.23767178092741	92.96976604415948	-0.425438252818158	6.102938016581891	27.744709264062067	0.2668499265299886	289.65465582679684	-329.12411286957587
-30	-20	10.805	96.23280470987365	92.96902664796396	-0.4254597697864266	6.102837291923679	29.52567600773433	0.31865145651734483	289.65465582679684	-329.1044146449124
-60	-10	10.805	77.71128635460909	92.96904403338489	-1.5734993923009812	5.924563581747303	124.03153043729657	0.4643786596857071	158.34793085322465	-459.86215275353834
-60	-40	10.805	77.71128635460916	92.96545077428925	-1.571392819622397	5.924563581747303	158.34793085322394	0.9621136695704818	158.34793085322465	-459.78030051721265
60	40	10.236315789473684	75.08605831728177	92.97470827993668	1.7296476864104369	5.904357235549471	158.34793085322474	0.9621136695704868	158.34793085322485	448.8755094543989
-60	-20	10.805	77.7112863546092	92.96802671496188	-1.5731820492367357	5.924563581747303	130.0028250695445	0.5341839131859674	158.34793085322465	-459.8498221846699
60	20	10.236315789473684	75.08605831728175	92.97204227684993	1.73149947272111	5.904357235549471	130.00282506954434	0.534183913185967	158.34793085322485	448.945031121856
60	5	10.236315789473684	75.08605831728177	92.97049090847369	1.7319038367583386	5.904357235549475	121.96498252063964	0.44155371624153733	158.34793085322485	448.9602121726968
60	-40	10.236315789473684	75.08605831728188	92.96529172006326	1.7296476864104318	5.904357235549469	158.34793085322457	0.9621136695704855	158.34793085322485	448.87550945439926
60	-10	10.236315789473684	75.0860583172818	92.96901060999824	1.7318279110263068	5.90435723554947	124.03153043729672	0.46437865968570763	158.34793085322485	448.957361690725
60	10	10.236315789473684	75.08605831728183	92.97098939000175	1.731827911026305	5.904357235549471	124.03153043729667	0.4643786596857074	158.34793085322485	448.9573616907252
60	-20	10.236315789473684	75.08605831728188	92.96795772315004	1.7314994727211035	5.904357235549472	130.00282506954485	0.5341839131859674	158.34793085322485	448.94503112185663
60	0	10.236315789473684	75.08605831728183	92.96999999999997	1.7319286333324815	5.904357235549469	121.56106957369947	0.4375357369001536	158.34793085322485	448.9611431112027
60	2	10.236315789473684	75.0860583172818	92.97019594426251	1.731924682799165	5.904357235549473	121.75403614981266	0.4392581308817013	158.34793085322485	448.9609947962154
60	-5	10.236315789473684	75.08605831728183	92.96950909152639	1.731903836758338	5.904357235549471	121.96498252063955	0.44155371624153733	158.34793085322485	448.9602121726968
30	40	10.236315789473684	93.22580741425034	92.97266204668603	0.5364790640692425	5.982422688743124	55.64237830025759	0.6868994888422011	289.65465582679684	322.17122218773426
60	-2	10.236315789473684	75.0860583172818	92.96980405573755	1.7319246827991663	5.904357235549472	121.75403614981266	0.4392581308817013	158.34793085322485	448.9609947962154
30	20	10.236315789473684	93.24809618061096	92.97115442091237	0.5365862700570192	5.982791597784134	44.91303111404879	0.3698644651348225	289.65465582679684	322.274105535645
15	40	10.236315789473684	97.95307122646774	92.97261215855121	0.2833044886589358	6.144995359238242	62.41041515512817	0.6984803942408412	208.94730632394885	182.59362983095104
30	10	10.236315789473684	93.25204938223374	92.97055924057939	0.536605279077748	5.9828570101715695	42.68135988064005	0.3185847095676731	289.65465582679684	322.292353230979
30	-20	10.236315789473684	93.24809618061094	92.96884557908767	0.5365862700570182	5.9827915977841375	44.904985946004906	0.3698340309263267	289.65465582679684	322.274105535645
30	-40	10.236315789473684	93.2258074142506	92.96733795331396	0.5364790640692348	5.982422688743134	55.75093516150466	0.6873889634585136	289.65465582679684	322.17122218773494
30	5	10.236315789473684	93.25296325166474	92.97027747728227	0.5366096732012825	5.982872130893206	42.27572305889093	0.310468673164473	289.65465582679684	322.2965715867682
30	-2	10.236315789473684	93.25321416211311	92.96988924628917	0.5366108796293542	5.982876282361162	42.0440755659937	0.3057684560671241	289.65465582679684	322.29772977141323
15	2	10.236315789473684	98.0005411062362	92.97010865742092	0.28419529666380605	6.146653335302121	46.055291891335	0.3146615920736017	208.94730632394885	182.80849668062055
30	0	10.236315789473684	93.2532617121536	92.97	0.536611108258813	5.982877069103364	42.50573407981876	0.3161368911825445	289.65465582679684	322.29794925899205
15	5	10.236315789473684	98.00010651659146	92.97027222580816	0.28418714517638255	6.146638163715245	46.46780984954557	0.3228700451214761	208.94730632394885	182.80652956150578
30	2	10.236315789473684	93.2532141621131	92.97011075371088	0.5366108796293538	5.982876282361165	42.04873565946396	0.3057705511694925	289.65465582679684	322.2977297714133
15	-2	10.236315789473684	98.00054110623618	92.96989134257913	0.284195296663806	6.146653335302122	46.04902938665344	0.31465051010406014	208.94730632394885	182.80849668062055
15	0	10.236315789473684	98.0006234653223	92.97000000000001	0.28419684144408636	6.146656210454471	46.37979606939519	0.32202505570288176	208.94730632394885	182.80886946937542
30	-5	10.236315789473684	93.25296325166474	92.96972252271773	0.5366096732012825	5.982872130893207	42.268681683045926	0.3104564241964025	289.65465582679684	322.29657158676827
15	20	10.236315789473684	97.99167650224224	92.97113261091202	0.28402901123755764	6.1463438440818035	49.58060944894048	0.3829960381456301	208.94730632394885	182.7683720891314
30	-10	10.236315789473684	93.25204938223375	92.96944075942068	0.5366052790777477	5.98285701017157	42.6505403733387	0.3184913996148781	289.65465582679684	322.2923532309791
15	10	10.236315789473684	97.99852364830554	92.97054865999996	0.28415745510735835	6.146582904418622	47.202149050120106	0.33694516351375176	208.94730632394885	182.79936489364277
15	-5	10.236315789473684	98.0001065165915	92.96972777419182	0.2841871451763814	6.146638163715246	46.472048939177704	0.3228723319748977	208.94730632394885	182.80652956150578
15	-40	10.236315789473684	97.95307122646798	92.96738784144877	0.2833044886589298	6.144995359238252	62.45203963317215	0.6986406981130717	208.94730632394885	182.59362983095122
10	40	10.236315789473684	99.17575450682301	92.97285043062253	0.20888360819215437	6.193523768653625	86.6959762267291	0.7675794804046167	196.7584029510415	127.06440437834202
15	-10	10.236315789473684	97.99852364830548	92.96945134000003	0.28415745510735935	6.146582904418622	47.234924341168856	0.3370205928359517	208.94730632394885	182.79936489364277
10	20	10.236315789473684	99.23219164441232	92.97123570767167	0.21059908457489454	6.195786797240236	67.2206697291236	0.4214184006006673	196.7584029510415	127.34335153282147
15	-20	10.236315789473684	97.9916765022423	92.968867389088	0.28402901123755553	6.14634384408181	49.58521837546167	0.3830103442326169	208.94730632394885	182.76837208913147
10	10	10.236315789473684	99.24220150230646	92.97059858363515	0.21090314283081288	6.1961879059538685	63.16298969629694	0.36099383377410504	196.7584029510415	127.39282642640364
10	5	10.236315789473684	99.24451550093609	92.97029699403342	0.21097342385032739	6.196280619533523	62.59782074410015	0.35540167170573495	196.7584029510415	127.40426363531921
10	2	10.236315789473684	99.24515082849389	92.97011854328744	0.21099271951497528	6.196306074060986	62.706589752006515	0.3577478201582829	196.7584029510415	127.4074038160934
10	-2	10.236315789473684	99.24515082849388	92.96988145671259	0.21099271951497556	6.1963060740609865	62.71645881111097	0.3577850148742402	196.7584029510415	127.40740381609345
5	40	10.236315789473684	99.91394857965429	92.97355311512239	0.11996125010187883	6.220879863075297	160.62443247065434	0.9259796523677258	189.1106476058704	66.11207725518051
5	20	10.236315789473684	99.9727880753547	92.9715868068464	0.12315786367725577	6.222995208252561	141.52645323864246	0.5307714181939936	189.1106476058704	66.4878004965388
10	-5	10.236315789473684	99.2445155009361	92.96970300596662	0.2109734238503268	6.196280619533523	62.60036486006279	0.35540231367605274	196.7584029510415	127.40426363531918
10	0	10.236315789473684	99.24527122942303	92.97000000000001	0.21099637620864942	6.1963108979119	62.657068417296934	0.357609857904965	196.7584029510415	127.4079989117701
10	-40	10.236315789473684	99.17575450682287	92.96714956937751	0.20888360819215768	6.193523768653616	86.66434835256463	0.7674951143864989	196.7584029510415	127.064404378342
10	-10	10.236315789473684	99.24220150230644	92.96940141636495	0.21090314283081293	6.196187905953869	63.061675338946074	0.3607485118155802	196.7584029510415	127.39282642640362
10	-20	10.236315789473684	99.23219164441232	92.96876429232833	0.2105990845748952	6.1957867972402365	67.18533980160774	0.4213625257489904	196.7584029510415	127.34335153282156
5	10	10.236315789473684	99.9839303157978	92.9707774254628	0.12382504481560466	6.2234054675983135	141.1567595076592	0.4826246252017061	189.1106476058704	66.56523936548805
5	5	10.236315789473684	99.98681173090921	92.97038767628385	0.12400412796749485	6.223517218373418	141.9680025620343	0.46851256567142435	189.1106476058704	66.58596935418774
5	2	10.236315789473684	99.98777647462302	92.9701550749843	0.12406516513947756	6.22355771043999	143.3484381298955	0.4713174582063352	189.1106476058704	66.5930444388086
5	0	10.236315789473684	99.9880095076824	92.97000000000001	0.12408002056358595	6.2235682334596545	142.28657268504517	0.46095825231294363	189.1106476058704	66.5947710567786
5	-5	10.236315789473684	99.98681173090925	92.96961232371618	0.12400412796749465	6.223517218373421	141.96800256203446	0.46851256567163774	189.1106476058704	66.58596935418777
5	-40	10.236315789473684	99.91394857965435	92.96644688487763	0.11996125010187787	6.220879863075305	161.14063807077952	0.9276190802439271	189.1106476058704	66.11207725518052
5	-2	10.236315789473684	99.98777647462298	92.96984492501572	0.12406516513947762	6.223557710439993	143.39760418380027	0.47135416671821595	189.1106476058704	66.59304443880862
5	-20	10.236315789473684	99.97278807535476	92.96841319315362	0.12315786367725559	6.22299520825256	141.4364565405539	0.5306232062163297	189.1106476058704	66.48780049653881
2	40	10.236315789473684	99.98833263157823	92.97374297295684	0.0495343816514133	6.220594104918591	188.18202113571078	1.029447493450019	188.18202113571078	26.65687049146331
5	-10	10.236315789473684	99.98393031579795	92.96922257453718	0.1238250448156047	6.22340546759832	141.33182441375888	0.4828221570966827	189.1106476058704	66.56523936548822
2	20	10.236315789473684	99.98833263157822	92.97162356255839	0.04953438165141305	6.219318428419512	152.75154836656986	0.5505475951851407	188.18202113571078	26.652418964122674
2	5	10.236315789473684	99.98833263157825	92.97039026080985	0.04953438165141334	6.2190398662029205	144.90897566434944	0.46945391196226344	188.18202113571078	26.651446909433208
2	10	10.236315789473684	99.98833263157819	92.97078654202177	0.04953438165141323	6.219092170656988	146.96932275284232	0.4890863670108592	188.18202113571078	26.651629428047805
2	-40	10.236315789473684	99.98833263157837	92.96625702704323	0.04953438165141388	6.220594104918595	188.1820211357106	1.0294474934500182	188.18202113571078	26.656870491463415
2	2	10.236315789473684	99.98833263157829	92.97015577112774	0.04953438165141296	6.219025505580299	144.84938043600636	0.4692608444662599	188.18202113571078	26.65139679743043
2	0	10.236315789473684	99.98833263157825	92.97	0.04953438165141353	6.219022784098627	144.80980158203897	0.46913262295519903	188.18202113571078	26.651387300704563
2	-2	10.236315789473684	99.98833263157825	92.96984422887228	0.049534381651413134	6.2190255055803005	144.84938043600636	0.4692608444662599	188.18202113571078	26.65139679743044
2	-20	10.236315789473684	99.98833263157834	92.9683764374416	0.04953438165141313	6.21931842841952	152.75154836656984	0.5505475951851407	188.18202113571078	26.65241896412274
2	-10	10.236315789473684	99.98833263157826	92.96921345797833	0.0495343816514131	6.219092170656989	146.96932275284232	0.4890863670108592	188.18202113571078	26.651629428047812
0	40	10.236315789473684	99.9883326315783	92.9737406928388	-0.000000000000000602921447438026	6.219727301727539	187.404022058532	1.0218515296573385	187.404022058532	-0.000000000000060285110237146
2	-5	10.236315789473684	99.98833263157829	92.96960973919016	0.049534381651413405	6.219039866202922	144.90897566434944	0.46945391196226344	188.18202113571078	26.651446909433233
0	20	10.236315789473684	99.98833263157822	92.97162257352792	0.00000000000000017765641176811094	6.218453178970377	152.26576792255727	0.5480669907336725	187.404022058532	0.000000000000017763568394002505
0	0	10.236315789473684	99.98833263157829	92.96999999999998	-0.00000000000000007328326985434572	6.218157894736839	144.45726700345176	0.46799053540499036	187.404022058532	-0.000000000000007327471962526033
0	-2	10.236315789473684	99.98833263157823	92.96984432376384	-0.0000000000000002737019093802459	6.218160612903822	144.45726700345176	0.46799053540499036	187.404022058532	-0.000000000000027366997557010112
0	10	10.236315789473684	99.98833263157825	92.97078606288163	-0.00000000000000021984980956303725	6.218227196784123	146.40939223322815	0.48722302316135985	187.404022058532	-0.0000000000000219824158875781
0	-40	10.236315789473684	99.98833263157819	92.96625930716124	0.0000000000000003020159000057887	6.2197273017275325	187.404022058532	1.0218515296573385	187.404022058532	0.00000000000003019806626980426
0	5	10.236315789473684	99.98833263157826	92.97039002307352	0.000000000000000017765641176811087	6.218174956035564	144.45726700345176	0.46799053540499036	187.404022058532	0.0000000000000017763568394002505
0	2	10.236315789473684	99.98833263157825	92.97015567623616	0.00000000000000035087141324201905	6.21816061290382	144.45726700345176	0.46799053540499036	187.404022058532	0.000000000000035083047578154947
0	-10	10.236315789473684	99.98833263157823	92.96921393711845	0.0000000000000001843185272094151	6.218227196784121	146.40939223322815	0.48722302316135985	187.404022058532	0.0000000000000184297022087776
0	-20	10.236315789473684	99.9883326315783	92.96837742647209	-0.00000000000000016877359117970527	6.2184531789703845	152.26576792255727	0.5480669907336725	187.404022058532	-0.00000000000001687538997430238
0	-5	10.236315789473684	99.98833263157829	92.96960997692653	-0.0000000000000001243594882376776	6.218174956035567	144.45726700345176	0.46799053540499036	187.404022058532	-0.000000000000012434497875801755
-2	40	10.236315789473684	99.98833263157829	92.9737429729568	-0.04953438165141315	6.220594104918589	188.18202113571078	1.029447493450019	188.18202113571078	-26.656870491463298
-2	20	10.236315789473684	99.98833263157816	92.9716235625584	-0.04953438165141297	6.219318428419517	152.75154836656984	0.5505475951851407	188.18202113571078	-26.65241896412267
-2	-40	10.236315789473684	99.98833263157842	92.96625702704321	-0.049534381651412766	6.220594104918597	188.1820211357106	1.0294474934500182	188.18202113571078	-26.65687049146332
-2	5	10.236315789473684	99.98833263157826	92.97039026080986	-0.049534381651413044	6.219039866202922	144.90897566434944	0.46945391196226344	188.18202113571078	-26.651446909433187
-2	10	10.236315789473684	99.98833263157822	92.97078654202177	-0.049534381651413224	6.219092170656984	146.96932275284232	0.4890863670108592	188.18202113571078	-26.6516294280478
-2	0	10.236315789473684	99.9883326315783	92.97	-0.04953438165141306	6.219022784098622	144.80980158203897	0.46913262295519903	188.18202113571078	-26.65138730070451
-2	-20	10.236315789473684	99.98833263157834	92.9683764374416	-0.0495343816514131	6.219318428419521	152.75154836656986	0.5505475951851407	188.18202113571078	-26.65241896412274
-2	-2	10.236315789473684	99.98833263157825	92.96984422887225	-0.0495343816514132	6.2190255055803005	144.84938043600636	0.4692608444662599	188.18202113571078	-26.65139679743045
-2	2	10.236315789473684	99.98833263157825	92.97015577112779	-0.049534381651413446	6.219025505580303	144.84938043600636	0.4692608444662599	188.18202113571078	-26.651396797430483
-2	-10	10.236315789473684	99.98833263157826	92.96921345797827	-0.04953438165141301	6.219092170656988	146.96932275284232	0.4890863670108592	188.18202113571078	-26.6516294280478
-2	-5	10.236315789473684	99.98833263157829	92.96960973919013	-0.04953438165141356	6.2190398662029205	144.90897566434944	0.46945391196226344	188.18202113571078	-26.651446909433243
-15	40	10.236315789473684	97.95307122646769	92.9726121585513	-0.2833044886589358	6.144995359238247	62.41041515512775	0.6984803942408365	208.94730632394885	-182.59362983095107
-15	0	10.236315789473684	98.00062346532235	92.97000000000003	-0.284196841444086	6.146656210454469	46.37979606939519	0.32202505570288176	208.94730632394885	-182.80886946937542
-15	2	10.236315789473684	98.0005411062362	92.97010865742094	-0.28419529666380594	6.146653335302119	46.05529189133506	0.31466159207360217	208.94730632394885	-182.80849668062046
-15	5	10.236315789473684	98.00010651659147	92.97027222580815	-0.2841871451763822	6.146638163715244	46.46780984954567	0.32287004512147677	208.94730632394885	-182.80652956150578
-15	-2	10.236315789473684	98.00054110623623	92.96989134257907	-0.2841952966638062	6.14665333530212	46.049029386653324	0.3146505101040595	208.94730632394885	-182.8084966806206
-15	10	10.236315789473684	97.99852364830554	92.97054866	-0.2841574551073581	6.146582904418622	47.202149050119964	0.33694516351375087	208.94730632394885	-182.79936489364275
-15	20	10.236315789473684	97.99167650224227	92.971132610912	-0.2840290112375577	6.146343844081802	49.58060944894027	0.3829960381456284	208.94730632394885	-182.7683720891314
-15	-40	10.236315789473684	97.95307122646798	92.9673878414488	-0.2833044886589292	6.144995359238255	62.452039633172554	0.6986406981130764	208.94730632394885	-182.59362983095122
-15	-5	10.236315789473684	98.00010651659146	92.96972777419188	-0.28418714517638183	6.146638163715249	46.47204893917766	0.32287233197489745	208.94730632394885	-182.8065295615058
-15	40	10.236315789473684	97.95307122646769	92.9726121585513	-0.2833044886589358	6.144995359238247	62.41041515512775	0.6984803942408365	208.94730632394885	-182.59362983095107
-15	-10	10.236315789473684	97.9985236483055	92.96945133999999	-0.284157455107359	6.146582904418622	47.23492434116888	0.3370205928359517	208.94730632394885	-182.79936489364275
-15	5	10.236315789473684	98.00010651659147	92.97027222580815	-0.2841871451763822	6.146638163715244	46.46780984954567	0.32287004512147677	208.94730632394885	-182.80652956150578
-15	2	10.236315789473684	98.0005411062362	92.97010865742094	-0.28419529666380594	6.146653335302119	46.05529189133506	0.31466159207360217	208.94730632394885	-182.80849668062046
-15	-20	10.236315789473684	97.99167650224234	92.96886738908798	-0.28402901123755586	6.146343844081806	49.5852183754619	0.3830103442326186	208.94730632394885	-182.76837208913147
-15	-40	10.236315789473684	97.95307122646798	92.9673878414488	-0.2833044886589292	6.144995359238255	62.452039633172554	0.6986406981130764	208.94730632394885	-182.59362983095122
-15	0	10.236315789473684	98.00062346532235	92.97000000000003	-0.284196841444086	6.146656210454469	46.37979606939519	0.32202505570288176	208.94730632394885	-182.80886946937542
-15	10	10.236315789473684	97.99852364830554	92.97054866	-0.2841574551073581	6.146582904418622	47.202149050119964	0.33694516351375087	208.94730632394885	-182.79936489364275
-15	20	10.236315789473684	97.99167650224227	92.971132610912	-0.2840290112375577	6.146343844081802	49.58060944894027	0.3829960381456284	208.94730632394885	-182.7683720891314
-15	-2	10.236315789473684	98.00054110623623	92.96989134257907	-0.2841952966638062	6.14665333530212	46.049029386653324	0.3146505101040595	208.94730632394885	-182.8084966806206
-30	40	10.236315789473684	93.22580741425034	92.97266204668603	-0.5364790640692423	5.982422688743126	55.6423783002577	0.6868994888422019	289.65465582679684	-322.1712221877343
-30	20	10.236315789473684	93.24809618061096	92.97115442091237	-0.5365862700570184	5.982791597784136	44.91303111404867	0.36986446513482146	289.65465582679684	-322.274105535645
-15	-5	10.236315789473684	98.00010651659146	92.96972777419188	-0.28418714517638183	6.146638163715249	46.47204893917766	0.32287233197489745	208.94730632394885	-182.8065295615058
-15	-10	10.236315789473684	97.9985236483055	92.96945133999999	-0.284157455107359	6.146582904418622	47.23492434116888	0.3370205928359517	208.94730632394885	-182.79936489364275
-15	-20	10.236315789473684	97.99167650224234	92.96886738908798	-0.28402901123755586	6.146343844081806	49.5852183754619	0.3830103442326186	208.94730632394885	-182.76837208913147
-60	40	10.236315789473684	75.08605831728178	92.9747082799367	-1.7296476864104358	5.904357235549472	158.34793085322457	0.9621136695704855	158.34793085322465	-448.87550945439904
-30	10	10.236315789473684	93.25204938223375	92.97055924057938	-0.5366052790777479	5.982857010171567	42.68135988064011	0.31858470956767354	289.65465582679684	-322.2923532309789
-30	0	10.236315789473684	93.25326171215362	92.97000000000004	-0.536611108258813	5.982877069103364	42.50573407981876	0.3161368911825445	289.65465582679684	-322.2979492589921
-30	5	10.236315789473684	93.2529632516647	92.97027747728227	-0.5366096732012829	5.982872130893207	42.275723058890875	0.31046867316447274	289.65465582679684	-322.29657158676815
-30	2	10.236315789473684	93.25321416211312	92.97011075371086	-0.5366108796293539	5.982876282361162	42.048735659463965	0.30577055116949264	289.65465582679684	-322.2977297714133
-60	5	10.236315789473684	75.08605831728181	92.97049090847365	-1.7319038367583377	5.90435723554947	121.96498252063955	0.44155371624153733	158.34793085322465	-448.96021217269663
-60	10	10.236315789473684	75.08605831728181	92.97098939000176	-1.7318279110263062	5.904357235549468	124.03153043729667	0.4643786596857074	158.34793085322465	-448.9573616907249
-30	-40	10.236315789473684	93.22580741425055	92.96733795331394	-0.5364790640692354	5.982422688743134	55.75093516150476	0.687388963458515	289.65465582679684	-322.1712221877349
-60	20	10.236315789473684	75.08605831728177	92.97204227684992	-1.73149947272111	5.904357235549471	130.00282506954485	0.5341839131859674	158.34793085322465	-448.94503112185606
-30	-20	10.236315789473684	93.24809618061096	92.96884557908766	-0.536586270057018	5.982791597784137	44.904985946004764	0.3698340309263257	289.65465582679684	-322.274105535645
-60	2	10.236315789473684	75.0860583172818	92.9701959442625	-1.7319246827991648	5.904357235549472	121.75403614981259	0.43925813088170107	158.34793085322465	-448.9609947962153
-60	0	10.236315789473684	75.08605831728183	92.96999999999997	-1.731928633332481	5.904357235549471	121.56106957369947	0.4375357369001536	158.34793085322465	-448.9611431112029
-30	-5	10.236315789473684	93.25296325166472	92.96972252271775	-0.5366096732012828	5.982872130893208	42.268681683046005	0.3104564241964032	289.65465582679684	-322.29657158676827
-60	-2	10.236315789473684	75.08605831728178	92.96980405573755	-1.7319246827991654	5.904357235549472	121.75403614981266	0.4392581308817013	158.34793085322465	-448.96099479621523
-30	-2	10.236315789473684	93.25321416211312	92.96988924628916	-0.536610879629354	5.982876282361162	42.04407556599357	0.30576845606712394	289.65465582679684	-322.2977297714133
-60	-5	10.236315789473684	75.0860583172818	92.96950909152638	-1.7319038367583375	5.904357235549472	121.96498252063964	0.44155371624153733	158.34793085322465	-448.9602121726967
-30	-10	10.236315789473684	93.25204938223379	92.96944075942064	-0.5366052790777475	5.982857010171566	42.6505403733387	0.3184913996148781	289.65465582679684	-322.29235323097896
-60	-20	10.236315789473684	75.08605831728187	92.96795772315008	-1.7314994727211042	5.904357235549472	130.0028250695445	0.5341839131859674	158.34793085322465	-448.9450311218565
-60	-10	10.236315789473684	75.08605831728178	92.96901060999825	-1.7318279110263068	5.904357235549473	124.03153043729657	0.4643786596857071	158.34793085322465	-448.9573616907251
60	10	9.667631578947368	72.46083027995448	92.97102523522135	1.88973352345491	5.882686753035078	124.03153043729672	0.46437865968570763	158.34793085322485	437.6216000907499
60	40	9.667631578947368	72.46083027995455	92.97487885910964	1.8874743101389728	5.882686753035079	158.34793085322474	0.9621136695704868	158.34793085322485	437.5397478544241
-60	-40	10.236315789473684	75.08605831728185	92.96529172006332	-1.7296476864104326	5.9043572355494724	158.34793085322406	0.9621136695704826	158.34793085322465	-448.8755094543994
60	20	9.667631578947368	72.46083027995445	92.9721162677555	1.88939318595612	5.88268675303508	130.00282506954434	0.534183913185967	158.34793085322485	437.6092695218809
60	-5	9.667631578947368	72.46083027995448	92.96949130610102	1.8898121999470383	5.882686753035082	121.96498252063955	0.44155371624153733	158.34793085322485	437.6244505727216
60	5	9.667631578947368	72.46083027995448	92.970508693899	1.8898121999470374	5.88268675303508	121.9649825206397	0.4415537162415375	158.34793085322485	437.62445057272146
60	2	9.667631578947368	72.4608302799545	92.97020304324778	1.889833801231914	5.882686753035077	121.75403614981266	0.4392581308817013	158.34793085322485	437.62523319623995
60	0	9.667631578947368	72.46083027995451	92.96999999999998	1.8898378948915346	5.882686753035079	121.56106957369947	0.4375357369001536	158.34793085322485	437.6253815112277
60	-20	9.667631578947368	72.46083027995455	92.96788373224453	1.8893931859561146	5.882686753035081	130.00282506954485	0.5341839131859674	158.34793085322485	437.60926952188134
60	-40	9.667631578947368	72.46083027995446	92.96512114089039	1.8874743101389777	5.88268675303508	158.34793085322465	0.9621136695704863	158.34793085322485	437.53974785442387
60	-10	9.667631578947368	72.46083027995446	92.96897476477865	1.889733523454912	5.882686753035079	124.03153043729657	0.4643786596857071	158.34793085322485	437.62160009074984
60	-2	9.667631578947368	72.46083027995446	92.96979695675223	1.8898338012319147	5.882686753035082	121.75403614981266	0.4392581308817013	158.34793085322485	437.6252331962402
30	40	9.667631578947368	89.82658919488335	92.97312156013079	0.6532131914194801	5.846822458562034	79.87995839141846	0.769746182165935	289.65465582679684	313.41489079058647
30	20	9.667631578947368	89.8488779612439	92.97135368087947	0.6535398410784472	5.847097889470545	64.72187056424457	0.41777674749815963	289.65465582679684	313.5304494079984
30	10	9.667631578947368	89.85283116286678	92.97065576780274	0.6535977597091553	5.847146726445075	61.96320512401487	0.3685320322474364	289.65465582679684	313.5509452266764
30	5	9.667631578947368	89.85374503229772	92.97032537088147	0.6536111481482229	5.84715801557346	61.13696363717213	0.35410303364818485	289.65465582679684	313.55568328558155
30	2	9.667631578947368	89.85399594274614	92.97012987019534	0.6536148240078019	5.847161115057314	60.84903874758261	0.3493571731626449	289.65465582679684	313.55698415903686
30	-2	9.667631578947368	89.85399594274612	92.96987012980469	0.6536148240078025	5.847161115057315	60.849038747582625	0.34935717316267434	289.65465582679684	313.5569841590369
30	-10	9.667631578947368	89.85283116286683	92.96934423219722	0.6535977597091541	5.847146726445078	61.975675736241215	0.3685566999077789	289.65465582679684	313.5509452266766
15	40	9.667631578947368	93.83590116361036	92.97339025877521	0.368768432121935	5.950292149468045	118.48693628100293	0.8719532587888993	208.94730632394885	177.93650443524356
30	-20	9.667631578947368	89.848877961244	92.96864631912057	0.6535398410784444	5.847097889470548	64.71137996147546	0.4177453088386713	289.65465582679684	313.5304494079986
30	0	9.667631578947368	89.85404349278667	92.97	0.6536155206176585	5.847161702438564	60.647454429614115	0.3461401579855112	289.65465582679684	313.5572306875729
30	-5	9.667631578947368	89.85374503229777	92.96967462911854	0.6536111481482219	5.847158015573458	61.13696363717206	0.3541030336482188	289.65465582679684	313.55568328558155
10	40	9.667631578947368	94.38918712888744	92.9738972900908	0.26208671958659474	5.956050568125399	176.1013306293759	0.9717748847926755	196.7584029510415	121.9850326984292
30	-40	9.667631578947368	89.82658919488354	92.96687843986923	0.6532131914194746	5.846822458562043	79.90465405513133	0.7698337593619957	289.65465582679684	313.41489079058704
15	20	9.667631578947368	93.87450643938493	92.97146996349375	0.3703623904687532	5.951545979238818	95.45692125895377	0.48449189908712426	208.94730632394885	178.18470691442312
15	5	9.667631578947368	93.88293645373419	92.97035330799493	0.3707102797012997	5.95181963374025	89.2824696222947	0.4019984993563182	208.94730632394885	178.23890547715877
15	10	9.667631578947368	93.8813535854483	92.97071207834077	0.37064496276963754	5.951768254534751	90.41553521375754	0.4161167633415107	208.94730632394885	178.2287288413259
15	-5	9.667631578947368	93.88293645373425	92.96964669200507	0.3707102797012992	5.95181963374025	89.2892064708941	0.40200080147914324	208.94730632394885	178.23890547715885
15	0	9.667631578947368	93.88345340246507	92.96999999999998	0.3707316110717108	5.951836413292441	88.19140858186717	0.38833406054400726	208.94730632394885	178.24222906322396
15	2	9.667631578947368	93.88337104337894	92.9701410208985	0.37072821262243555	5.951833740025048	88.64394291870288	0.3937197752675335	208.94730632394885	178.2416995571152
15	-2	9.667631578947368	93.88337104337894	92.96985897910152	0.37072821262243577	5.951833740025051	88.63395980328983	0.3937080084437188	208.94730632394885	178.24169955711528
10	20	9.667631578947368	94.4223216073254	92.97171419377754	0.2641110616219592	5.9567822021263535	150.8820569675048	0.5472703282946744	196.7584029510415	122.22808969739611
15	-40	9.667631578947368	93.83590116361073	92.96660974122481	0.3687684321219291	5.9502921494680665	118.59150509321339	0.8722096464782054	208.94730632394885	177.93650443524425
15	-20	9.667631578947368	93.87450643938509	92.96853003650628	0.3703623904687516	5.951545979238825	95.63419865397577	0.4847921446424547	208.94730632394885	178.18470691442343
15	-10	9.667631578947368	93.88135358544827	92.96928792165919	0.3706449627696383	5.951768254534753	90.43633242138753	0.41615352024897967	208.94730632394885	178.22872884132596
10	10	9.667631578947368	94.4292284729128	92.97083448352497	0.2645531292050927	5.956974315230439	147.56922808516345	0.49005403252383534	196.7584029510415	122.28129059916938
10	5	9.667631578947368	94.43121109379719	92.97041458071752	0.26468227724024607	5.957042843447683	146.4927857089221	0.47223279708789584	196.7584029510415	122.2969920367187
10	2	9.667631578947368	94.4318435256096	92.9701654815243	0.2647236991228683	5.957067196598642	145.70876103561105	0.4643235175133601	196.7584029510415	122.30206255388187
5	40	9.667631578947368	94.43342526315719	92.97397586295291	0.13140089007557493	5.941238277938015	189.11064760587033	1.0179821831308882	189.1106476058704	61.26027606237531
10	-2	9.667631578947368	94.43184352560961	92.96983451847575	0.2647236991228682	5.957067196598643	145.69463101871145	0.46429703135122447	196.7584029510415	122.30206255388191
10	-20	9.667631578947368	94.42232160732539	92.96828580622248	0.2641110616219595	5.956782202126354	150.789320699337	0.5471641230408553	196.7584029510415	122.22808969739614
10	0	9.667631578947368	94.4319639265388	92.96999999999998	0.2647315857911062	5.957071846283449	146.7319603761983	0.4753597387097186	196.7584029510415	122.30302817377297
10	-40	9.667631578947368	94.38918712888741	92.96610270990925	0.26208671958659374	5.9560505681253995	175.89894837771857	0.9713251778774089	196.7584029510415	121.98503269842908
10	-10	9.667631578947368	94.42922847291281	92.96916551647512	0.26455312920509283	5.956974315230439	147.6079671441659	0.49006685172037767	196.7584029510415	122.2812905991694
10	-5	9.667631578947368	94.4312110937972	92.96958541928247	0.26468227724024573	5.957042843447681	146.49278570892244	0.4722327970879947	196.7584029510415	122.29699203671869
5	20	9.667631578947368	94.43342526315725	92.9717245815832	0.13140089007557465	5.939878880633585	154.90879034742605	0.5595413416624124	189.1106476058704	61.249087657976304
5	0	9.667631578947368	94.43342526315726	92.97000000000003	0.13140089007557468	5.939563833603096	146.67715920122734	0.47518220225380003	189.1106476058704	61.24649469007038
5	5	9.667631578947368	94.43342526315722	92.97041454306881	0.1314008900755745	5.939582036781217	146.86407156685885	0.4758242312067206	189.1106476058704	61.24664450978639
5	10	9.667631578947368	94.4334252631572	92.97083548113254	0.13140089007557484	5.939637773901023	148.79645122037024	0.49603511809941575	189.1106476058704	61.247103249431106
5	2	9.667631578947368	94.43342526315725	92.97016546329968	0.13140089007557448	5.939566733691683	146.77729081893727	0.4755065933374407	189.1106476058704	61.246518559003874
5	-40	9.667631578947368	94.43342526315729	92.9660241370471	0.1314008900755749	5.941238277938022	189.11064760587033	1.0179821831308882	189.1106476058704	61.26027606237543
5	-2	9.667631578947368	94.43342526315729	92.96983453670033	0.13140089007557434	5.9395667336916835	146.77729081893727	0.4755065933374407	189.1106476058704	61.2465185590039
5	-5	9.667631578947368	94.43342526315722	92.96958545693127	0.13140089007557457	5.939582036781219	146.8640715668587	0.47582423120672024	189.1106476058704	61.246644509786414
2	40	9.667631578947368	94.43342526315712	92.97396314783663	0.05244816880737936	5.936395306136708	188.18202113571078	1.029447493450019	188.18202113571078	24.514296507365522
5	-10	9.667631578947368	94.4334252631573	92.9691645188674	0.13140089007557493	5.939637773901029	148.79645122037024	0.49603511809941575	189.1106476058704	61.247103249431234
5	-20	9.667631578947368	94.43342526315722	92.96827541841685	0.1314008900755745	5.939878880633584	154.90879034742605	0.5595413416624124	189.1106476058704	61.24908765797627
2	5	9.667631578947368	94.43342526315723	92.97041321732809	0.05244816880737846	5.934749641614237	144.90897566434944	0.46945391196226344	188.18202113571078	24.50887292533537
2	2	9.667631578947368	94.43342526315725	92.97016493413527	0.052448168807378744	5.934734436249111	144.84938043600636	0.4692608444662599	188.18202113571078	24.508822813332657
2	20	9.667631578947368	94.43342526315718	92.97171906623831	0.052448168807378605	5.9350445898435735	152.75154836656986	0.5505475951851407	188.18202113571078	24.50984498002488
2	-40	9.667631578947368	94.43342526315739	92.96603685216337	0.05244816880737903	5.936395306136717	188.1820211357106	1.0294474934500182	188.18202113571078	24.514296507365586
2	10	9.667631578947368	94.43342526315723	92.97083280919949	0.05244816880737844	5.9348050228008935	146.96932275284232	0.4890863670108592	188.18202113571078	24.50905544394998
2	0	9.667631578947368	94.43342526315726	92.97	0.0524481688073789	5.934731554680276	144.80980158203897	0.46913262295519903	188.18202113571078	24.508813316606744
2	-5	9.667631578947368	94.43342526315726	92.96958678267191	0.05244816880737879	5.9347496416142365	144.90897566434944	0.46945391196226344	188.18202113571078	24.508872925335403
2	-10	9.667631578947368	94.43342526315725	92.96916719080052	0.05244816880737872	5.934805022800899	146.96932275284232	0.4890863670108592	188.18202113571078	24.50905544395002
2	-2	9.667631578947368	94.43342526315722	92.96983506586476	0.05244816880737872	5.934734436249112	144.84938043600636	0.4692608444662599	188.18202113571078	24.50882281333265
2	-20	9.667631578947368	94.43342526315729	92.96828093376173	0.05244816880737889	5.935044589843578	152.75154836656984	0.5505475951851407	188.18202113571078	24.50984498002495
0	40	9.667631578947368	94.43342526315729	92.973960733594	0.0000000000000001904581237925776	5.935477514522657	187.404022058532	1.0218515296573385	187.404022058532	0.000000000000017985612998927536
0	20	9.667631578947368	94.43342526315712	92.97171801902962	0.0000000000000002445388256102236	5.934128443368016	152.26576792255727	0.5480669907336725	187.404022058532	0.000000000000023092638912203262
0	10	9.667631578947368	94.43342526315722	92.97083230187467	0.0000000000000003432948897989673	5.93388916811198	146.40939223322815	0.48722302316135985	187.404022058532	0.00000000000003241851231905457
0	5	9.667631578947368	94.43342526315722	92.97041296560727	0.00000000000000030802486687441583	5.933833854378214	144.45726700345176	0.46799053540499036	187.404022058532	0.0000000000000290878432451791
0	-40	9.667631578947368	94.43342526315722	92.96603926640596	0.000000000000000385618917308429	5.93547751452265	187.404022058532	1.0218515296573385	187.404022058532	0.000000000000036415315207705135
0	0	9.667631578947368	94.43342526315723	92.97000000000004	0.00000000000000003762135778618819	5.933815789473686	144.45726700345176	0.46799053540499036	187.404022058532	0.000000000000003552713678800501
0	-2	9.667631578947368	94.43342526315723	92.96983516633817	-0.00000000000000032918688062914665	5.933818667532839	144.45726700345176	0.46799053540499036	187.404022058532	-0.00000000000003108624468950438
-2	40	9.667631578947368	94.43342526315718	92.97396314783661	-0.05244816880737916	5.9363953061367045	188.18202113571078	1.029447493450019	188.18202113571078	-24.514296507365504
0	-20	9.667631578947368	94.4334252631573	92.96828198097042	-0.0000000000000002304308164404025	5.934128443368021	152.26576792255727	0.5480669907336725	187.404022058532	-0.000000000000021760371282653068
0	-5	9.667631578947368	94.43342526315725	92.96958703439276	-0.0000000000000001645934403145733	5.933833854378211	144.45726700345176	0.46799053540499036	187.404022058532	-0.00000000000001554312234475219
0	2	9.667631578947368	94.43342526315723	92.9701648336619	-0.00000000000000020691746782403505	5.9338186675328375	144.45726700345176	0.46799053540499036	187.404022058532	-0.000000000000019539925233402755
0	-10	9.667631578947368	94.43342526315729	92.96916769812535	0.0000000000000003432948897989671	5.933889168111977	146.40939223322815	0.48722302316135985	187.404022058532	0.00000000000003241851231905458
-2	20	9.667631578947368	94.43342526315718	92.97171906623831	-0.052448168807378764	5.9350445898435735	152.75154836656984	0.5505475951851407	188.18202113571078	-24.509844980024898
-2	10	9.667631578947368	94.43342526315719	92.97083280919949	-0.05244816880737845	5.934805022800895	146.96932275284232	0.4890863670108592	188.18202113571078	-24.509055443949972
-2	5	9.667631578947368	94.43342526315725	92.97041321732807	-0.05244816880737862	5.934749641614239	144.90897566434944	0.46945391196226344	188.18202113571078	-24.508872925335396
-2	2	9.667631578947368	94.43342526315726	92.97016493413527	-0.05244816880737896	5.9347344362491095	144.84938043600636	0.4692608444662599	188.18202113571078	-24.508822813332678
-2	0	9.667631578947368	94.43342526315726	92.96999999999997	-0.05244816880737881	5.934731554680276	144.80980158203897	0.46913262295519903	188.18202113571078	-24.508813316606734
-2	-2	9.667631578947368	94.43342526315725	92.9698350658647	-0.05244816880737863	5.934734436249111	144.84938043600636	0.4692608444662599	188.18202113571078	-24.508822813332646
-2	-5	9.667631578947368	94.43342526315726	92.96958678267191	-0.05244816880737885	5.9347496416142365	144.90897566434944	0.46945391196226344	188.18202113571078	-24.50887292533541
-15	40	9.667631578947368	93.83590116361036	92.97339025877524	-0.3687684321219342	5.950292149468047	118.48693628100246	0.8719532587888954	208.94730632394885	-177.93650443524353
-2	-40	9.667631578947368	94.4334252631574	92.9660368521634	-0.05244816880737848	5.936395306136718	188.18202113571078	1.029447493450019	188.18202113571078	-24.514296507365543
-2	-10	9.667631578947368	94.43342526315725	92.9691671908005	-0.052448168807378896	5.934805022800899	146.96932275284232	0.4890863670108592	188.18202113571078	-24.50905544395004
-15	10	9.667631578947368	93.88135358544827	92.97071207834084	-0.3706449627696381	5.951768254534756	90.41553521375732	0.4161167633415096	208.94730632394885	-178.22872884132602
-15	5	9.667631578947368	93.88293645373416	92.97035330799496	-0.3707102797012998	5.951819633740251	89.2824696222948	0.4019984993563187	208.94730632394885	-178.23890547715874
-2	-20	9.667631578947368	94.4334252631573	92.96828093376169	-0.0524481688073789	5.935044589843577	152.75154836656986	0.5505475951851407	188.18202113571078	-24.509844980024955
-15	20	9.667631578947368	93.87450643938494	92.97146996349372	-0.37036239046875336	5.95154597923882	95.45692125895343	0.4844918990871223	208.94730632394885	-178.1847069144232
-15	2	9.667631578947368	93.88337104337897	92.97014102089847	-0.370728212622436	5.951833740025047	88.64394291870288	0.3937197752675335	208.94730632394885	-178.24169955711528
-15	0	9.667631578947368	93.88345340246504	92.97	-0.370731611071711	5.951836413292443	88.19140858186717	0.38833406054400726	208.94730632394885	-178.24222906322396
-15	-5	9.667631578947368	93.88293645373422	92.96964669200509	-0.3707102797012995	5.951819633740251	89.28920647089396	0.40200080147914274	208.94730632394885	-178.23890547715882
-15	-2	9.667631578947368	93.88337104337894	92.96985897910155	-0.3707282126224357	5.951833740025052	88.63395980328957	0.39370800844371767	208.94730632394885	-178.2416995571153
-15	-20	9.667631578947368	93.87450643938507	92.96853003650631	-0.3703623904687514	5.951545979238824	95.63419865397616	0.48479214464245657	208.94730632394885	-178.18470691442334
-15	-10	9.667631578947368	93.88135358544827	92.96928792165919	-0.3706449627696383	5.951768254534754	90.43633242138758	0.41615352024897967	208.94730632394885	-178.228728841326
-15	40	9.667631578947368	93.83590116361036	92.97339025877524	-0.3687684321219342	5.950292149468047	118.48693628100246	0.8719532587888954	208.94730632394885	-177.93650443524353
-15	-40	9.667631578947368	93.83590116361077	92.96660974122481	-0.3687684321219279	5.950292149468066	118.5915050932141	0.87220964647821	208.94730632394885	-177.93650443524422
-15	-40	9.667631578947368	93.83590116361077	92.96660974122481	-0.3687684321219279	5.950292149468066	118.5915050932141	0.87220964647821	208.94730632394885	-177.93650443524422
-15	10	9.667631578947368	93.88135358544827	92.97071207834084	-0.3706449627696381	5.951768254534756	90.41553521375732	0.4161167633415096	208.94730632394885	-178.22872884132602
-15	20	9.667631578947368	93.87450643938494	92.97146996349372	-0.37036239046875336	5.95154597923882	95.45692125895343	0.4844918990871223	208.94730632394885	-178.1847069144232
-15	5	9.667631578947368	93.88293645373416	92.97035330799496	-0.3707102797012998	5.951819633740251	89.2824696222948	0.4019984993563187	208.94730632394885	-178.23890547715874
-15	2	9.667631578947368	93.88337104337897	92.97014102089847	-0.370728212622436	5.951833740025047	88.64394291870288	0.3937197752675335	208.94730632394885	-178.24169955711528
-15	-10	9.667631578947368	93.88135358544827	92.96928792165919	-0.3706449627696383	5.951768254534754	90.43633242138758	0.41615352024897967	208.94730632394885	-178.228728841326
-15	-5	9.667631578947368	93.88293645373422	92.96964669200509	-0.3707102797012995	5.951819633740251	89.28920647089396	0.40200080147914274	208.94730632394885	-178.23890547715882
-15	0	9.667631578947368	93.88345340246504	92.97	-0.370731611071711	5.951836413292443	88.19140858186717	0.38833406054400726	208.94730632394885	-178.24222906322396
-30	40	9.667631578947368	89.82658919488333	92.97312156013076	-0.6532131914194804	5.846822458562038	79.8799583914184	0.769746182165935	289.65465582679684	-313.4148907905865
-15	-20	9.667631578947368	93.87450643938507	92.96853003650631	-0.3703623904687514	5.951545979238824	95.63419865397616	0.48479214464245657	208.94730632394885	-178.18470691442334
-15	-2	9.667631578947368	93.88337104337894	92.96985897910155	-0.3707282126224357	5.951833740025052	88.63395980328957	0.39370800844371767	208.94730632394885	-178.2416995571153
-30	10	9.667631578947368	89.85283116286676	92.9706557678028	-0.6535977597091555	5.847146726445076	61.96320512401485	0.3685320322474364	289.65465582679684	-313.5509452266764
-30	20	9.667631578947368	89.8488779612439	92.97135368087943	-0.6535398410784466	5.847097889470544	64.72187056424441	0.4177767474981586	289.65465582679684	-313.5304494079983
-30	-40	9.667631578947368	89.82658919488352	92.96687843986925	-0.6532131914194754	5.846822458562042	79.90465405513149	0.7698337593619966	289.65465582679684	-313.41489079058704
-60	5	9.667631578947368	72.46083027995448	92.97050869389902	-1.8898121999470383	5.88268675303508	121.96498252063955	0.44155371624153733	158.34793085322465	-437.6244505727215
-60	10	9.667631578947368	72.4608302799545	92.97102523522132	-1.8897335234549095	5.882686753035079	124.03153043729667	0.4643786596857074	158.34793085322465	-437.6216000907499
-60	0	9.667631578947368	72.4608302799545	92.97000000000001	-1.889837894891535	5.88268675303508	121.56106957369947	0.4375357369001536	158.34793085322465	-437.62538151122766
-60	40	9.667631578947368	72.46083027995459	92.97487885910958	-1.8874743101389702	5.882686753035081	158.34793085322465	0.9621136695704863	158.34793085322465	-437.5397478544244
-30	-10	9.667631578947368	89.85283116286682	92.96934423219722	-0.6535977597091541	5.847146726445078	61.97567573624122	0.3685566999077789	289.65465582679684	-313.55094522667656
-60	20	9.667631578947368	72.4608302799545	92.97211626775544	-1.8893931859561188	5.8826867530350775	130.00282506954485	0.5341839131859674	158.34793085322465	-437.609269521881
-30	5	9.667631578947368	89.85374503229772	92.97032537088148	-0.653611148148223	5.847158015573461	61.13696363717214	0.35410303364818485	289.65465582679684	-313.5556832855816
-30	-20	9.667631578947368	89.84887796124403	92.96864631912052	-0.6535398410784442	5.847097889470547	64.71137996147533	0.41774530883867045	289.65465582679684	-313.5304494079987
-30	2	9.667631578947368	89.85399594274611	92.97012987019534	-0.6536148240078024	5.847161115057316	60.84903874758265	0.34935717316264514	289.65465582679684	-313.5569841590369
-60	-2	9.667631578947368	72.46083027995446	92.96979695675223	-1.8898338012319147	5.882686753035082	121.75403614981266	0.4392581308817013	158.34793085322465	-437.6252331962402
-30	0	9.667631578947368	89.85404349278667	92.97	-0.6536155206176594	5.847161702438564	60.647454429614115	0.3461401579855112	289.65465582679684	-313.55723068757294
-30	-2	9.667631578947368	89.85399594274614	92.96987012980463	-0.6536148240078027	5.847161115057314	60.84903874758261	0.34935717316267434	289.65465582679684	-313.556984159037
-30	-5	9.667631578947368	89.85374503229775	92.96967462911856	-0.6536111481482217	5.847158015573459	61.13696363717207	0.3541030336482188	289.65465582679684	-313.55568328558155
-60	2	9.667631578947368	72.46083027995446	92.97020304324785	-1.8898338012319154	5.882686753035081	121.75403614981266	0.4392581308817013	158.34793085322465	-437.6252331962401
-60	-20	9.667631578947368	72.46083027995454	92.96788373224457	-1.8893931859561157	5.88268675303508	130.00282506954457	0.5341839131859677	158.34793085322465	-437.60926952188123
-60	-5	9.667631578947368	72.46083027995446	92.969491306101	-1.8898121999470394	5.882686753035081	121.96498252063964	0.44155371624153733	158.34793085322465	-437.6244505727215
60	40	9.098947368421053	69.8356022426271	92.97506226295106	2.0448243958560033	5.859387016774679	158.34793085322485	0.9621136695704873	158.34793085322485	425.7730157172865
-60	-10	9.667631578947368	72.46083027995444	92.9689747647787	-1.8897335234549126	5.882686753035083	124.03153043729657	0.4643786596857071	158.34793085322465	-437.62160009074995
-60	-40	9.667631578947368	72.46083027995448	92.96512114089039	-1.8874743101389786	5.882686753035078	158.34793085322383	0.9621136695704813	158.34793085322465	-437.53974785442387
60	-40	9.098947368421053	69.83560224262715	92.96493773704893	2.0448243958560006	5.859387016774683	158.34793085322477	0.9621136695704868	158.34793085322485	425.77301571728685
60	20	9.098947368421053	69.83560224262719	92.97219582152555	2.0468154051757326	5.859387016774681	130.00282506954434	0.534183913185967	158.34793085322485	425.84253738474416
60	10	9.098947368421053	69.83560224262716	92.97106377539517	2.047168536486209	5.859387016774685	124.03153043729667	0.4643786596857074	158.34793085322485	425.8548679536131
60	5	9.098947368421053	69.8356022426272	92.97052781648755	2.047250170549064	5.859387016774684	121.96498252063964	0.44155371624153733	158.34793085322485	425.8577184355848
60	0	9.098947368421053	69.8356022426272	92.96999999999997	2.0472768314061702	5.859387016774681	121.56106957369947	0.4375357369001536	158.34793085322485	425.8586493740908
60	-5	9.098947368421053	69.83560224262719	92.96947218351245	2.0472501705490647	5.859387016774682	121.96498252063955	0.44155371624153733	158.34793085322485	425.85771843558456
60	2	9.098947368421053	69.83560224262717	92.9702106759568	2.0472725838595687	5.859387016774685	121.75403614981266	0.4392581308817013	158.34793085322485	425.85850105910333
60	-20	9.098947368421053	69.83560224262719	92.96780417847447	2.04681540517573	5.859387016774684	130.00282506954474	0.5341839131859666	158.34793085322485	425.84253738474416
60	-2	9.098947368421053	69.83560224262717	92.96978932404325	2.0472725838595682	5.859387016774682	121.75403614981266	0.4392581308817013	158.34793085322485	425.8585010591031
60	-10	9.098947368421053	69.83560224262713	92.96893622460487	2.0471685364862107	5.859387016774685	124.03153043729672	0.46437865968570763	158.34793085322485	425.854867953613
30	40	9.098947368421053	86.01286128541201	92.97363465117519	0.7733908086208032	5.694500238881535	110.1057657464668	0.8470843616895369	289.65465582679684	302.50948725918704
30	20	9.098947368421053	86.03515005177266	92.97157616815825	0.7739559811724832	5.694680013810044	89.42398045917388	0.46209208265784774	289.65465582679684	302.63772114610043
30	5	9.098947368421053	86.04001712282644	92.97037884703802	0.7740793557343051	5.694719257847934	83.98724485966441	0.3850418659214942	289.65465582679684	302.66572285014325
30	10	9.098947368421053	86.0391032533955	92.97076354651219	0.7740561912768791	5.694711889498806	85.72748506136182	0.40912466742972897	289.65465582679684	302.66046508812235
30	-5	9.098947368421053	86.04001712282646	92.969621152962	0.7740793557343053	5.694719257847934	83.9561365817108	0.3849877397428098	289.65465582679684	302.66572285014337
30	2	9.098947368421053	86.04026803327488	92.97015121492284	0.7740857156425357	5.694721280862043	84.75975053455355	0.3960627871855591	289.65465582679684	302.6671664124089
30	-2	9.098947368421053	86.04026803327483	92.96984878507716	0.7740857156425365	5.694721280862048	84.76594611643654	0.3960710784403646	289.65465582679684	302.6671664124089
30	0	9.098947368421053	86.04031558331539	92.96999999999997	0.7740869209046001	5.694721664242131	84.5009709753234	0.3927552508433633	289.65465582679684	302.6674399819022
15	40	9.098947368421053	88.83802800037462	92.9742404266637	0.42494037889367614	5.705784420158583	189.52193044719007	1.0028140085955215	208.94730632394885	167.6574861395949
30	-40	9.098947368421053	86.01286128541231	92.96636534882487	0.773390808620797	5.694500238881543	109.94216882333913	0.8466913926052494	289.65465582679684	302.50948725918795
15	20	9.098947368421053	88.86494595549506	92.9718540195804	0.42667644613577826	5.706161695823317	160.7225994045222	0.5708224615933976	208.94730632394885	167.8659824480321
30	-10	9.098947368421053	86.0391032533955	92.96923645348782	0.7740561912768786	5.69471188949881	85.73052186641287	0.40913793480979227	289.65465582679684	302.66046508812246
30	-20	9.098947368421053	86.03515005177276	92.96842383184173	0.7739559811724802	5.694680013810046	89.36499151893003	0.461981897599859	289.65465582679684	302.63772114610066
15	5	9.098947368421053	88.87262213844572	92.97044626820863	0.4271869502441428	5.706367695133713	151.93179909717477	0.47470858060588267	208.94730632394885	167.92904504632142
15	10	9.098947368421053	88.87103973028314	92.97089943495915	0.42708118780288745	5.706319208430801	153.34666183074316	0.4866666841244127	208.94730632394885	167.91586079558127
15	-2	9.098947368421053	88.87305672809046	92.96982187460169	0.4272159963237601	5.70638101606826	150.98826879379126	0.4664618826963551	208.94730632394885	167.9326660871196
15	2	9.098947368421053	88.87305672809053	92.9701781253983	0.4272159963237603	5.7063810160682555	151.0126380595428	0.46648643021430203	208.94730632394885	167.93266608711966
15	0	9.098947368421053	88.87313908717663	92.96999999999996	0.4272215008144578	5.706383540503954	152.45013101711828	0.48062412939842347	208.94730632394885	167.93335231058222
15	-5	9.098947368421053	88.87262213844575	92.96955373179144	0.4271869502441429	5.706367695133715	151.9019986758642	0.4746720401729293	208.94730632394885	167.92904504632156
15	-20	9.098947368421053	88.86494595549512	92.96814598041962	0.42667644613577826	5.706161695823318	160.8139589320192	0.5709116695161199	208.94730632394885	167.8659824480322
10	40	9.098947368421053	88.87851789473632	92.97427319893734	0.28138065385152294	5.67610166173401	196.75840295104123	1.0452281726968118	196.7584029510415	112.23139817893097
15	-40	9.098947368421053	88.83802800037489	92.96575957333637	0.4249403788936742	5.705784420158593	189.26594625629926	1.0024097134028307	208.94730632394885	167.65748613959548
15	-10	9.098947368421053	88.8710397302831	92.96910056504085	0.4270811878028876	5.706319208430802	153.24205635628644	0.48656599742215595	208.94730632394885	167.91586079558124
10	5	9.098947368421053	88.8785178947362	92.97044554478413	0.2813806538515235	5.674300975496659	151.64673520765294	0.4789024559497826	196.7584029510415	112.20360712102404
10	10	9.098947368421053	88.87851789473623	92.97089796281469	0.2813806538515233	5.674361573595032	153.86231790247294	0.5001581434003524	196.7584029510415	112.20454236739069
10	20	9.098947368421053	88.87851789473619	92.97185355488253	0.2813806538515236	5.674623707870142	160.40994563882583	0.5666088959451228	196.7584029510415	112.20858804101653
10	0	9.098947368421053	88.87851789473625	92.97	0.28138065385152294	5.674281184772231	151.5042091215436	0.47764195493582207	196.7584029510415	112.20330167904464
10	2	9.098947368421053	88.87851789473622	92.97017783751721	0.2813806538515229	5.674284337785054	151.71032809136534	0.47829177891276536	196.7584029510415	112.2033503413602
10	-2	9.098947368421053	88.87851789473625	92.9698221624828	0.2813806538515231	5.6742843377850525	151.71032809136534	0.47829177891276536	196.7584029510415	112.20335034136022
10	-5	9.098947368421053	88.87851789473623	92.96955445521591	0.28138065385152333	5.674300975496658	151.64673520765294	0.4789024559497826	196.7584029510415	112.20360712102405
10	-10	9.098947368421053	88.87851789473623	92.96910203718537	0.2813806538515235	5.674361573595031	153.86231790247294	0.5001581434003524	196.7584029510415	112.20454236739069
5	40	9.098947368421053	88.87851789473625	92.97422435438747	0.13961344570529866	5.657360078203883	189.11064760587033	1.0179821831308882	189.1106476058704	56.18487451661724
10	-40	9.098947368421053	88.87851789473613	92.96572680106266	0.28138065385152355	5.676101661733998	196.75840295104123	1.0452281726968118	196.7584029510415	112.2313981789306
10	-20	9.098947368421053	88.8785178947362	92.96814644511748	0.2813806538515237	5.6746237078701425	160.40994563882583	0.5666088959451228	196.7584029510415	112.20858804101658
5	20	9.098947368421053	88.87851789473625	92.97183236793211	0.13961344570529804	5.655915718567918	154.90879034742605	0.5595413416624124	189.1106476058704	56.17368611221812
5	10	9.098947368421053	88.87851789473618	92.97088769870338	0.13961344570529832	5.6556595426645755	148.79645122037036	0.49603511809941614	189.1106476058704	56.17170170367294
5	2	9.098947368421053	88.87851789473622	92.9701758047559	0.139613445705298	5.655584062442153	146.77729081893727	0.4755065933374407	189.1106476058704	56.17111701324573
5	-10	9.098947368421053	88.8785178947363	92.96911230129663	0.13961344570529824	5.655659542664579	148.79645122037024	0.49603511809941575	189.1106476058704	56.17170170367304
5	5	9.098947368421053	88.87851789473619	92.97044045201059	0.13961344570529816	5.655600321974779	146.8640715668587	0.47582423120672024	189.1106476058704	56.171242964028224
5	-40	9.098947368421053	88.87851789473626	92.96577564561254	0.13961344570529796	5.657360078203885	189.11064760587033	1.0179821831308882	189.1106476058704	56.18487451661721
5	-5	9.098947368421053	88.87851789473625	92.96955954798945	0.13961344570529804	5.655600321974781	146.8640715668587	0.47582423120672024	189.1106476058704	56.17124296402826
5	-2	9.098947368421053	88.87851789473625	92.96982419524412	0.13961344570529782	5.655584062442151	146.77729081893713	0.4755065933374404	189.1106476058704	56.17111701324571
5	0	9.098947368421053	88.87851789473623	92.97000000000001	0.1396134457052982	5.655580981098028	146.67715920122734	0.47518220225380003	189.1106476058704	56.17109314431221
2	40	9.098947368421053	88.87851789473616	92.9742108445764	0.05572617935783997	5.652214420664985	188.18202113571078	1.029447493450019	188.18202113571078	22.481969618443223
5	-20	9.098947368421053	88.87851789473619	92.96816763206787	0.1396134457052978	5.65591571856792	154.90879034742605	0.5595413416624124	189.1106476058704	56.17368611221808
2	20	9.098947368421053	88.87851789473619	92.9718265078782	0.05572617935783944	5.6507792846035345	152.75154836656986	0.5505475951851407	188.18202113571078	22.47751809110262
2	5	9.098947368421053	88.8785178947362	92.97043904341109	0.05572617935784003	5.6504659021098655	144.90897566434944	0.46945391196226344	188.18202113571078	22.476546036413158
2	-2	9.098947368421053	88.8785178947362	92.9698247574813	0.05572617935784005	5.650449746409417	144.84938043600636	0.4692608444662599	188.18202113571078	22.476495924410415
2	2	9.098947368421053	88.87851789473622	92.97017524251872	0.055726179357839606	5.650449746409419	144.84938043600636	0.4692608444662599	188.18202113571078	22.476495924410386
2	10	9.098947368421053	88.8785178947362	92.97088485977446	0.05572617935783953	5.650524744620689	146.96932275284232	0.4890863670108592	188.18202113571078	22.476728555027734
2	-5	9.098947368421053	88.87851789473622	92.96956095658898	0.055726179357840154	5.650465902109868	144.90897566434944	0.46945391196226344	188.18202113571078	22.476546036413183
2	0	9.098947368421053	88.87851789473622	92.97000000000004	0.05572617935783968	5.6504466847425325	144.80980158203897	0.46913262295519903	188.18202113571078	22.476486427684456
2	-40	9.098947368421053	88.87851789473638	92.96578915542362	0.05572617935784081	5.652214420664998	188.18202113571078	1.029447493450019	188.18202113571078	22.48196961844339
0	40	9.098947368421053	88.8785178947363	92.97420827944366	-0.00000000000000007744709200516077	5.651239267075059	187.404022058532	1.0218515296573385	187.404022058532	-0.0000000000000068833827526759706
2	-10	9.098947368421053	88.87851789473623	92.96911514022555	0.05572617935783991	5.650524744620691	146.96932275284232	0.4890863670108592	188.18202113571078	22.47672855502778
2	-20	9.098947368421053	88.87851789473632	92.9681734921218	0.05572617935784022	5.65077928460354	152.75154836656984	0.5505475951851407	188.18202113571078	22.477518091102734
0	5	9.098947368421053	88.8785178947362	92.97043877595772	-0.0000000000000004222115660926511	5.649492878171588	144.45726700345176	0.46799053540499036	187.404022058532	-0.00000000000003752553823233029
0	20	9.098947368421053	88.87851789473618	92.97182539521893	0.0000000000000001898702900771686	5.649805878973257	152.26576792255727	0.5480669907336725	187.404022058532	0.00000000000001687538997430238
0	10	9.098947368421053	88.87851789473619	92.97088432074185	-0.0000000000000001698839437532561	5.649551649013718	146.40939223322815	0.48722302316135985	187.404022058532	-0.00000000000001509903313490213
0	0	9.098947368421053	88.87851789473623	92.96999999999998	-0.00000000000000017488053033423413	5.649473684210527	144.45726700345176	0.46799053540499036	187.404022058532	-0.00000000000001554312234475219
0	2	9.098947368421053	88.8785178947362	92.97017513576574	-0.00000000000000000999317316195624	5.649476742148378	144.45726700345176	0.46799053540499036	187.404022058532	-0.0000000000000008881784197001252
0	-40	9.098947368421053	88.87851789473619	92.96579172055635	0.0000000000000004946620715168339	5.651239267075055	187.404022058532	1.0218515296573385	187.404022058532	0.0000000000000439648317751562
0	-2	9.098947368421053	88.87851789473622	92.96982486423427	-0.0000000000000002723139686633075	5.649476742148377	144.45726700345176	0.46799053540499036	187.404022058532	-0.000000000000024202861936828413
-2	40	9.098947368421053	88.87851789473613	92.97421084457642	-0.05572617935783996	5.652214420664989	188.18202113571078	1.029447493450019	188.18202113571078	-22.481969618443227
0	-5	9.098947368421053	88.87851789473623	92.96956122404231	-0.0000000000000003097883680206433	5.64949287817159	144.45726700345176	0.46799053540499036	187.404022058532	-0.000000000000027533531010703882
0	-20	9.098947368421053	88.87851789473632	92.96817460478107	0.00000000000000004996586580978113	5.649805878973264	152.26576792255727	0.5480669907336725	187.404022058532	0.000000000000004440892098500626
0	-10	9.098947368421053	88.87851789473629	92.96911567925821	0.00000000000000004996586580978115	5.6495516490137145	146.40939223322815	0.48722302316135985	187.404022058532	0.000000000000004440892098500626
-2	20	9.098947368421053	88.87851789473618	92.9718265078782	-0.05572617935783948	5.6507792846035345	152.75154836656984	0.5505475951851407	188.18202113571078	-22.477518091102617
-2	0	9.098947368421053	88.8785178947362	92.97000000000004	-0.05572617935783989	5.650446684742534	144.80980158203897	0.46913262295519903	188.18202113571078	-22.476486427684478
-2	5	9.098947368421053	88.87851789473626	92.97043904341105	-0.0557261793578397	5.650465902109863	144.90897566434944	0.46945391196226344	188.18202113571078	-22.476546036413136
-2	-5	9.098947368421053	88.87851789473626	92.96956095658891	-0.055726179357839814	5.650465902109865	144.90897566434944	0.46945391196226344	188.18202113571078	-22.47654603641315
-2	10	9.098947368421053	88.87851789473619	92.97088485977444	-0.05572617935783978	5.650524744620688	146.96932275284232	0.4890863670108592	188.18202113571078	-22.476728555027744
-2	2	9.098947368421053	88.87851789473622	92.9701752425187	-0.05572617935783984	5.650449746409416	144.84938043600636	0.4692608444662599	188.18202113571078	-22.4764959244104
-15	40	9.098947368421053	88.83802800037462	92.97424042666366	-0.4249403788936758	5.705784420158582	189.52193044719016	1.0028140085955224	208.94730632394885	-167.65748613959485
-2	-2	9.098947368421053	88.8785178947362	92.96982475748135	-0.05572617935784	5.650449746409418	144.84938043600636	0.4692608444662599	188.18202113571078	-22.476495924410415
-2	-40	9.098947368421053	88.8785178947364	92.9657891554236	-0.05572617935784001	5.652214420664999	188.18202113571078	1.029447493450019	188.18202113571078	-22.48196961844333
-2	-10	9.098947368421053	88.87851789473626	92.96911514022555	-0.05572617935783945	5.650524744620689	146.96932275284232	0.4890863670108592	188.18202113571078	-22.476728555027737
-2	-20	9.098947368421053	88.8785178947363	92.96817349212182	-0.0557261793578397	5.650779284603541	152.75154836656986	0.5505475951851407	188.18202113571078	-22.477518091102688
-15	20	9.098947368421053	88.86494595549505	92.97185401958042	-0.4266764461357786	5.706161695823316	160.72259940452224	0.5708224615933976	208.94730632394885	-167.8659824480321
-15	10	9.098947368421053	88.87103973028314	92.97089943495918	-0.4270811878028878	5.706319208430801	153.34666183074324	0.4866666841244127	208.94730632394885	-167.91586079558132
-15	5	9.098947368421053	88.8726221384457	92.97044626820863	-0.4271869502441433	5.706367695133713	151.9317990971749	0.47470858060588306	208.94730632394885	-167.92904504632145
-15	2	9.098947368421053	88.8730567280905	92.97017812539835	-0.4272159963237604	5.706381016068259	151.01263805954255	0.4664864302143024	208.94730632394885	-167.9326660871197
-15	0	9.098947368421053	88.87313908717661	92.96999999999997	-0.427221500814458	5.706383540503955	152.45013101711828	0.48062412939842347	208.94730632394885	-167.93335231058222
-15	-2	9.098947368421053	88.87305672809049	92.96982187460173	-0.42721599632376045	5.706381016068262	150.98826879379095	0.4664618826963539	208.94730632394885	-167.93266608711974
-15	-5	9.098947368421053	88.87262213844575	92.96955373179144	-0.42718695024414316	5.706367695133714	151.90199867586406	0.474672040172929	208.94730632394885	-167.9290450463216
-15	-40	9.098947368421053	88.83802800037493	92.96575957333638	-0.4249403788936739	5.705784420158596	189.2659462562994	1.0024097134028314	208.94730632394885	-167.65748613959562
-15	-10	9.098947368421053	88.87103973028312	92.96910056504083	-0.4270811878028875	5.7063192084308	153.24205635628644	0.48656599742215595	208.94730632394885	-167.9158607955812
-15	-20	9.098947368421053	88.86494595549507	92.96814598041966	-0.42667644613577804	5.706161695823321	160.8139589320192	0.5709116695161199	208.94730632394885	-167.86598244803218
-15	40	9.098947368421053	88.83802800037462	92.97424042666366	-0.4249403788936758	5.705784420158582	189.52193044719016	1.0028140085955224	208.94730632394885	-167.65748613959485
-15	20	9.098947368421053	88.86494595549505	92.97185401958042	-0.4266764461357786	5.706161695823316	160.72259940452224	0.5708224615933976	208.94730632394885	-167.8659824480321
-15	5	9.098947368421053	88.8726221384457	92.97044626820863	-0.4271869502441433	5.706367695133713	151.9317990971749	0.47470858060588306	208.94730632394885	-167.92904504632145
-15	10	9.098947368421053	88.87103973028314	92.97089943495918	-0.4270811878028878	5.706319208430801	153.34666183074324	0.4866666841244127	208.94730632394885	-167.91586079558132
-30	40	9.098947368421053	86.01286128541206	92.97363465117516	-0.7733908086208033	5.694500238881531	110.1057657464668	0.8470843616895369	289.65465582679684	-302.50948725918704
-15	-40	9.098947368421053	88.83802800037493	92.96575957333638	-0.4249403788936739	5.705784420158596	189.2659462562994	1.0024097134028314	208.94730632394885	-167.65748613959562
-15	-2	9.098947368421053	88.87305672809049	92.96982187460173	-0.42721599632376045	5.706381016068262	150.98826879379095	0.4664618826963539	208.94730632394885	-167.93266608711974
-15	2	9.098947368421053	88.8730567280905	92.97017812539835	-0.4272159963237604	5.706381016068259	151.01263805954255	0.4664864302143024	208.94730632394885	-167.9326660871197
-15	0	9.098947368421053	88.87313908717661	92.96999999999997	-0.427221500814458	5.706383540503955	152.45013101711828	0.48062412939842347	208.94730632394885	-167.93335231058222
-15	-10	9.098947368421053	88.87103973028312	92.96910056504083	-0.4270811878028875	5.7063192084308	153.24205635628644	0.48656599742215595	208.94730632394885	-167.9158607955812
-15	-20	9.098947368421053	88.86494595549507	92.96814598041966	-0.42667644613577804	5.706161695823321	160.8139589320192	0.5709116695161199	208.94730632394885	-167.86598244803218
-15	-5	9.098947368421053	88.87262213844575	92.96955373179144	-0.42718695024414316	5.706367695133714	151.90199867586406	0.474672040172929	208.94730632394885	-167.9290450463216
-30	20	9.098947368421053	86.03515005177265	92.97157616815826	-0.7739559811724831	5.694680013810044	89.42398045917368	0.46209208265784674	289.65465582679684	-302.6377211461004
-30	10	9.098947368421053	86.03910325339545	92.97076354651223	-0.7740561912768792	5.694711889498809	85.72748506136182	0.40912466742972897	289.65465582679684	-302.66046508812235
-30	5	9.098947368421053	86.04001712282647	92.97037884703798	-0.7740793557343052	5.6947192578479315	83.98724485966422	0.3850418659214937	289.65465582679684	-302.66572285014325
-30	2	9.098947368421053	86.04026803327486	92.97015121492286	-0.7740857156425356	5.694721280862045	84.75975053455343	0.39606278718555854	289.65465582679684	-302.66716641240885
-30	-2	9.098947368421053	86.04026803327486	92.96984878507715	-0.7740857156425364	5.694721280862046	84.7659461164364	0.39607107844036404	289.65465582679684	-302.66716641240896
-30	0	9.098947368421053	86.04031558331536	92.97000000000001	-0.7740869209046003	5.694721664242131	84.5009709753234	0.3927552508433633	289.65465582679684	-302.6674399819021
-30	-5	9.098947368421053	86.04001712282648	92.96962115296196	-0.7740793557343043	5.694719257847934	83.95613658171085	0.3849877397428101	289.65465582679684	-302.66572285014337
-60	40	9.098947368421053	69.83560224262708	92.97506226295113	-2.044824395856004	5.859387016774684	158.34793085322437	0.9621136695704843	158.34793085322465	-425.7730157172866
-30	-10	9.098947368421053	86.03910325339552	92.9692364534878	-0.774056191276878	5.694711889498806	85.73052186641287	0.40913793480979227	289.65465582679684	-302.6604650881224
-30	-20	9.098947368421053	86.03515005177273	92.96842383184175	-0.77395598117248	5.694680013810048	89.3649915189297	0.4619818975998581	289.65465582679684	-302.63772114610066
-30	-40	9.098947368421053	86.01286128541227	92.9663653488249	-0.7733908086207971	5.694500238881545	109.94216882333932	0.8466913926052516	289.65465582679684	-302.50948725918795
-60	20	9.098947368421053	69.83560224262716	92.97219582152553	-2.0468154051757343	5.859387016774684	130.00282506954485	0.5341839131859674	158.34793085322465	-425.84253738474416
-60	5	9.098947368421053	69.83560224262717	92.97052781648758	-2.0472501705490647	5.859387016774684	121.96498252063955	0.44155371624153733	158.34793085322465	-425.8577184355846
-60	-2	9.098947368421053	69.83560224262717	92.96978932404322	-2.0472725838595687	5.859387016774682	121.75403614981266	0.4392581308817013	158.34793085322465	-425.85850105910316
-60	10	9.098947368421053	69.83560224262716	92.97106377539514	-2.0471685364862093	5.859387016774685	124.03153043729667	0.4643786596857074	158.34793085322465	-425.8548679536131
-60	-40	9.098947368421053	69.83560224262715	92.96493773704891	-2.044824395856001	5.859387016774683	158.34793085322383	0.9621136695704813	158.34793085322465	-425.7730157172869
-60	2	9.098947368421053	69.83560224262719	92.97021067595676	-2.047272583859567	5.859387016774682	121.75403614981266	0.4392581308817013	158.34793085322465	-425.85850105910316
-60	-10	9.098947368421053	69.83560224262716	92.96893622460487	-2.0471685364862098	5.859387016774684	124.03153043729657	0.4643786596857071	158.34793085322465	-425.8548679536131
-60	0	9.098947368421053	69.83560224262716	92.97000000000003	-2.047276831406171	5.859387016774684	121.56106957369947	0.4375357369001536	158.34793085322465	-425.85864937409076
60	40	8.530263157894737	67.21037420529996	92.97525999425058	2.201642103032554	5.834267111481861	158.34793085322443	0.9621136695704847	158.34793085322485	413.5753130429887
-60	-5	9.098947368421053	69.83560224262716	92.9694721835125	-2.0472501705490656	5.8593870167746855	121.96498252063964	0.44155371624153733	158.34793085322465	-425.85771843558473
-60	-20	9.098947368421053	69.83560224262723	92.96780417847442	-2.0468154051757295	5.859387016774684	130.0028250695445	0.5341839131859674	158.34793085322465	-425.84253738474445
60	10	8.530263157894737	67.21037420529984	92.9711053263168	2.20407780547564	5.83426711148186	124.03153043729672	0.46437865968570763	158.34793085322485	413.6571652793142
60	20	8.530263157894737	67.21037420529981	92.9722815900145	2.203710880904407	5.834267111481862	130.00282506954434	0.534183913185967	158.34793085322485	413.6448347104453
60	2	8.530263157894737	67.21037420529986	92.97021890493089	2.204185916925192	5.83426711148186	121.75403614981266	0.4392581308817013	158.34793085322485	413.6607983848044
60	5	8.530263157894737	67.21037420529987	92.97054843292747	2.2041626281538416	5.83426711148186	121.96498252063964	0.44155371624153733	158.34793085322485	413.6600157612859
30	40	8.530263157894737	81.78462368583645	92.97421661651839	0.8943286983790892	5.523682941558798	148.22661271370058	0.9491728830090522	289.65465582679684	289.2192864776636
60	-40	8.530263157894737	67.21037420529987	92.96474000574939	2.2016421030325612	5.83426711148186	158.34793085322457	0.9621136695704855	158.34793085322485	413.57531304298834
60	-5	8.530263157894737	67.21037420529986	92.96945156707257	2.2041626281538425	5.83426711148186	121.96498252063971	0.4415537162415375	158.34793085322485	413.6600157612859
60	-2	8.530263157894737	67.21037420529987	92.96978109506914	2.2041859169251916	5.83426711148186	121.75403614981266	0.4392581308817013	158.34793085322485	413.66079838480454
60	0	8.530263157894737	67.21037420529987	92.97	2.2041903303803854	5.83426711148186	121.56106957369937	0.4375357369001533	158.34793085322485	413.6609466997921
30	10	8.530263157894737	81.81086565381986	92.97088578846052	0.8953056267223931	5.523777909610454	114.62378054289954	0.44635028970536267	289.65465582679684	289.3851876994441
60	-20	8.530263157894737	67.21037420529993	92.96771840998554	2.203710880904402	5.834267111481859	130.00282506954485	0.5341839131859674	158.34793085322485	413.64483471044565
60	-10	8.530263157894737	67.21037420529983	92.9688946736832	2.204077805475641	5.834267111481861	124.03153043729681	0.4643786596857079	158.34793085322485	413.6571652793142
30	20	8.530263157894737	81.80691245219707	92.97182851320736	0.8951584981803656	5.523763607117263	120.90526596880643	0.5226767215040574	289.65465582679684	289.3601956340784
30	5	8.530263157894737	81.81177952325085	92.97043949929049	0.89533963669478	5.523781215749373	113.854805301384	0.438122174218912	289.65465582679684	289.3909651645811
30	2	8.530263157894737	81.81203043369925	92.97017542394325	0.895348974282447	5.523782123464369	113.4364335694228	0.43338132865557444	289.65465582679684	289.3925514156569
15	40	8.530263157894737	83.323610526315	92.9746471802331	0.4560963949276476	5.428255411704772	208.9473063239485	1.071494311479659	208.94730632394885	153.77298742617057
30	0	8.530263157894737	81.81207798373977	92.97000000000003	0.8953507438422849	5.523782295484815	113.12288338319772	0.4301029282124554	289.65465582679684	289.3928520261074
30	-2	8.530263157894737	81.81203043369926	92.96982457605675	0.8953489742824465	5.523782123464367	113.44413296872455	0.43338974606491576	289.65465582679684	289.39255141565684
30	-10	8.530263157894737	81.8108656538199	92.96911421153948	0.8953056267223921	5.523777909610457	114.60429742429008	0.4463373553926759	289.65465582679684	289.3851876994443
30	-40	8.530263157894737	81.78462368583664	92.96578338348162	0.8943286983790846	5.523682941558807	148.30796839680065	0.9493530786205687	289.65465582679684	289.2192864776643
30	-5	8.530263157894737	81.81177952325086	92.9695605007095	0.8953396366947796	5.523781215749372	113.86643702841369	0.43813822087467197	289.65465582679684	289.3909651645811
30	-20	8.530263157894737	81.80691245219711	92.96817148679267	0.8951584981803637	5.523763607117263	120.98920965192323	0.5228025066056347	289.65465582679684	289.3601956340784
15	20	8.530263157894737	83.3236105263152	92.97201577406933	0.4560963949276452	5.4266166909183635	169.11831396504633	0.5686486867460431	208.94730632394885	153.73764720416514
15	5	8.530263157894737	83.32361052631516	92.97048453791741	0.4560963949276456	5.426258852787006	161.70000098460423	0.49712029252065854	208.94730632394885	153.72993016102444
15	2	8.530263157894737	83.3236105263152	92.97019340147904	0.45609639492764537	5.426240405280279	159.36444227861782	0.47547541360277784	208.94730632394885	153.72953232694036
15	10	8.530263157894737	83.3236105263152	92.97097655061317	0.45609639492764587	5.426326042545665	161.90481350117452	0.499046878494631	208.94730632394885	153.73137915770974
15	0	8.530263157894737	83.3236105263152	92.97	0.4560963949276455	5.426236909293175	159.21754043662796	0.4748265554006865	208.94730632394885	153.72945693340085
15	-2	8.530263157894737	83.3236105263152	92.969806598521	0.4560963949276452	5.426240405280278	159.36444227861782	0.47547541360277784	208.94730632394885	153.72953232694033
15	-5	8.530263157894737	83.32361052631524	92.96951546208265	0.4560963949276452	5.426258852787005	161.70000098460406	0.49712029252065815	208.94730632394885	153.72993016102453
15	-10	8.530263157894737	83.3236105263152	92.96902344938684	0.4560963949276457	5.4263260425456625	161.90481350117443	0.4990468784946307	208.94730632394885	153.73137915770968
15	-40	8.530263157894737	83.32361052631526	92.96535281976693	0.4560963949276461	5.428255411704786	208.9473063239486	1.071494311479659	208.94730632394885	153.77298742617128
15	-20	8.530263157894737	83.32361052631528	92.96798422593069	0.4560963949276454	5.426616690918365	169.11831396504618	0.5686486867460426	208.94730632394885	153.73764720416537
10	40	8.530263157894737	83.32361052631533	92.97455807886648	0.30013936410829106	5.393534754972416	196.7584029510415	1.0452281726968131	196.7584029510415	102.66777448659776
10	20	8.530263157894737	83.32361052631515	92.97197712520806	0.300139364108291	5.391958270850961	160.40994563882583	0.5666088959451228	196.7584029510415	102.64496434868329
10	10	8.530263157894737	83.32361052631518	92.97095782700232	0.30013936410829134	5.391678660957509	153.86231790247257	0.500158143400352	196.7584029510415	102.64091867505743
10	2	8.530263157894737	83.32361052631522	92.97018969335167	0.30013936410829123	5.391596276093531	151.71032809136534	0.47829177891276536	196.7584029510415	102.63972664902703
10	5	8.530263157894737	83.32361052631524	92.9704752477697	0.3001393641082915	5.391614022985906	151.64673520765294	0.4789024559497826	196.7584029510415	102.63998342869083
10	-40	8.530263157894737	83.3236105263151	92.96544192113348	0.30013936410829173	5.393534754972401	196.75840295104123	1.0452281726968118	196.7584029510415	102.6677744865973
10	-2	8.530263157894737	83.32361052631522	92.96981030664831	0.300139364108291	5.391596276093531	151.71032809136534	0.47829177891276536	196.7584029510415	102.63972664902701
5	40	8.530263157894737	83.3236105263152	92.97450597801331	0.14892100875231892	5.373543732540282	189.11064760587033	1.0179821831308882	189.1106476058704	51.38479692603545
10	-5	8.530263157894737	83.32361052631524	92.96952475223031	0.30013936410829145	5.39161402298591	151.64673520765294	0.4789024559497826	196.7584029510415	102.63998342869087
10	0	8.530263157894737	83.32361052631524	92.97000000000001	0.30013936410829106	5.391592912879857	151.5042091215436	0.47764195493582207	196.7584029510415	102.63967798671149
10	-20	8.530263157894737	83.32361052631524	92.96802287479197	0.3001393641082921	5.391958270850958	160.40994563882583	0.5666088959451228	196.7584029510415	102.64496434868343
10	-10	8.530263157894737	83.3236105263152	92.96904217299767	0.30013936410829134	5.391678660957507	153.86231790247294	0.5001581434003524	196.7584029510415	102.64091867505746
5	20	8.530263157894737	83.32361052631528	92.97195452579429	0.14892100875231787	5.3720030822619265	154.90879034742605	0.5595413416624124	189.1106476058704	51.373608521636385
5	2	8.530263157894737	83.32361052631522	92.97018752507293	0.1489210087523177	5.37164931572777	146.77729081893727	0.4755065933374407	189.1106476058704	51.371039422663905
5	10	8.530263157894737	83.32361052631519	92.97094687861693	0.14892100875231787	5.371729827965025	148.79645122037024	0.49603511809941575	189.1106476058704	51.371624113091144
5	5	8.530263157894737	83.32361052631519	92.97046981547794	0.14892100875231767	5.371666659229238	146.86407156685885	0.4758242312067206	189.1106476058704	51.37116537344639
5	0	8.530263157894737	83.3236105263152	92.97000000000001	0.1489210087523179	5.371646028960705	146.67715920122734	0.47518220225380003	189.1106476058704	51.37101555373039
5	-20	8.530263157894737	83.32361052631526	92.96804547420577	0.14892100875231795	5.372003082261925	154.90879034742605	0.5595413416624124	189.1106476058704	51.37360852163636
5	-2	8.530263157894737	83.32361052631522	92.96981247492708	0.1489210087523179	5.371649315727767	146.77729081893727	0.4755065933374407	189.1106476058704	51.371039422663905
5	-5	8.530263157894737	83.32361052631526	92.96953018452203	0.14892100875231787	5.37166665922924	146.86407156685885	0.4758242312067206	189.1106476058704	51.37116537344647
5	-10	8.530263157894737	83.32361052631526	92.9690531213831	0.14892100875231815	5.371729827965029	148.79645122037024	0.49603511809941575	189.1106476058704	51.371624113091244
5	-40	8.530263157894737	83.32361052631524	92.96549402198671	0.14892100875231853	5.373543732540283	189.11064760587033	1.0179821831308882	189.1106476058704	51.384796926035435
2	40	8.530263157894737	83.3236105263152	92.97449156754816	0.05944125798169681	5.368055031165463	188.18202113571078	1.029447493450019	188.18202113571078	20.55988982469663
2	20	8.530263157894737	83.3236105263152	92.97194827507009	0.05944125798169563	5.36652421936658	152.75154836656986	0.5505475951851407	188.18202113571078	20.555438297355956
2	10	8.530263157894737	83.32361052631516	92.97094385042607	0.0594412579816954	5.366252710051542	146.96932275284232	0.4890863670108592	188.18202113571078	20.554648761281022
2	5	8.530263157894737	83.3236105263152	92.97046831297183	0.05944125798169617	5.366189944706663	144.90897566434944	0.46945391196226344	188.18202113571078	20.554466242666482
2	2	8.530263157894737	83.32361052631524	92.97018692535327	0.059441257981695736	5.366172711959518	144.84938043600636	0.4692608444662599	188.18202113571078	20.554416130663704
2	0	8.530263157894737	83.3236105263152	92.97000000000001	0.05944125798169605	5.366169446181508	144.80980158203897	0.46913262295519903	188.18202113571078	20.554406633937795
2	-40	8.530263157894737	83.32361052631515	92.96550843245188	0.05944125798169689	5.368055031165462	188.18202113571078	1.029447493450019	188.18202113571078	20.55988982469662
2	-2	8.530263157894737	83.32361052631519	92.96981307464672	0.059441257981695896	5.366172711959518	144.84938043600636	0.4692608444662599	188.18202113571078	20.554416130663707
2	-5	8.530263157894737	83.32361052631524	92.96953168702821	0.05944125798169605	5.366189944706665	144.90897566434944	0.46945391196226344	188.18202113571078	20.554466242666482
0	40	8.530263157894737	83.32361052631529	92.97448883140659	-0.0000000000000003650839261834675	5.367014867336207	187.404022058532	1.0218515296573385	187.404022058532	-0.00000000000003042011087472929
2	-10	8.530263157894737	83.32361052631519	92.96905614957394	0.059441257981695896	5.366252710051542	146.96932275284232	0.4890863670108592	188.18202113571078	20.554648761281072
2	-20	8.530263157894737	83.32361052631526	92.96805172492994	0.05944125798169621	5.366524219366579	152.75154836656984	0.5505475951851407	188.18202113571078	20.555438297356016
0	20	8.530263157894737	83.32361052631512	92.97194708823355	0.00000000000000026648461765216663	5.365485920027613	152.26576792255727	0.5480669907336725	187.404022058532	0.00000000000002220446049250313
0	10	8.530263157894737	83.3236105263152	92.97094327545793	0.00000000000000024516584823999305	5.365214741404103	146.40939223322815	0.48722302316135985	187.404022058532	0.00000000000002042810365310288
0	5	8.530263157894737	83.3236105263152	92.97046802768821	-0.00000000000000033044092588868626	5.365152052505833	144.45726700345176	0.46799053540499036	187.404022058532	-0.000000000000027533531010703882
0	2	8.530263157894737	83.3236105263152	92.97018681148343	-0.0000000000000001812095400034731	5.365134840747743	144.45726700345176	0.46799053540499036	187.404022058532	-0.00000000000001509903313490213
0	-40	8.530263157894737	83.32361052631522	92.96551116859342	0.0000000000000006928600058956324	5.3670148673361995	187.404022058532	1.0218515296573385	187.404022058532	0.00000000000005773159728050814
-2	40	8.530263157894737	83.32361052631522	92.97449156754817	-0.05944125798169611	5.368055031165464	188.18202113571078	1.029447493450019	188.18202113571078	-20.559889824696576
0	0	8.530263157894737	83.32361052631522	92.97000000000001	-0.00000000000000019186892470955973	5.365131578947369	144.45726700345176	0.46799053540499036	187.404022058532	-0.000000000000015987211554602254
0	-2	8.530263157894737	83.3236105263152	92.96981318851661	-0.0000000000000001172532317669532	5.365134840747745	144.45726700345176	0.46799053540499036	187.404022058532	-0.000000000000009769962616701378
0	-10	8.530263157894737	83.32361052631526	92.96905672454211	0.000000000000000023983615588694954	5.365214741404106	146.40939223322815	0.48722302316135985	187.404022058532	0.0000000000000019984014443252818
0	-20	8.530263157894737	83.3236105263153	92.96805291176645	-0.000000000000000053296923530433205	5.365485920027619	152.26576792255727	0.5480669907336725	187.404022058532	-0.000000000000004440892098500626
0	-5	8.530263157894737	83.32361052631522	92.96953197231178	0.0000000000000001359071550026048	5.365152052505835	144.45726700345176	0.46799053540499036	187.404022058532	0.000000000000011324274851176597
-2	20	8.530263157894737	83.32361052631518	92.97194827507008	-0.059441257981695715	5.36652421936658	152.75154836656984	0.5505475951851407	188.18202113571078	-20.555438297355956
-2	10	8.530263157894737	83.32361052631514	92.97094385042611	-0.05944125798169584	5.366252710051542	146.96932275284232	0.4890863670108592	188.18202113571078	-20.55464876128105
-2	5	8.530263157894737	83.32361052631522	92.9704683129718	-0.059441257981695916	5.366189944706663	144.90897566434944	0.46945391196226344	188.18202113571078	-20.554466242666464
-2	0	8.530263157894737	83.32361052631522	92.97	-0.05944125798169561	5.366169446181508	144.80980158203897	0.46913262295519903	188.18202113571078	-20.554406633937763
-2	2	8.530263157894737	83.32361052631522	92.97018692535329	-0.059441257981696013	5.366172711959519	144.84938043600636	0.4692608444662599	188.18202113571078	-20.55441613066373
-2	-5	8.530263157894737	83.3236105263152	92.96953168702821	-0.05944125798169613	5.366189944706664	144.90897566434944	0.46945391196226344	188.18202113571078	-20.554466242666482
-2	-2	8.530263157894737	83.3236105263152	92.96981307464672	-0.05944125798169609	5.3661727119595195	144.84938043600636	0.4692608444662599	188.18202113571078	-20.554416130663732
-15	40	8.530263157894737	83.32361052631505	92.97464718023306	-0.45609639492764714	5.428255411704769	208.9473063239486	1.071494311479659	208.94730632394885	-153.7729874261706
-2	-40	8.530263157894737	83.32361052631518	92.96550843245186	-0.05944125798169596	5.368055031165464	188.18202113571078	1.029447493450019	188.18202113571078	-20.559889824696555
-2	-20	8.530263157894737	83.32361052631525	92.96805172492994	-0.05944125798169562	5.36652421936658	152.75154836656986	0.5505475951851407	188.18202113571078	-20.555438297355966
-2	-10	8.530263157894737	83.3236105263152	92.96905614957393	-0.05944125798169554	5.366252710051543	146.96932275284232	0.4890863670108592	188.18202113571078	-20.554648761281047
-15	0	8.530263157894737	83.32361052631525	92.96999999999997	-0.4560963949276461	5.42623690929317	159.21754043662796	0.4748265554006865	208.94730632394885	-153.72945693340088
-15	5	8.530263157894737	83.32361052631518	92.9704845379174	-0.45609639492764537	5.4262588527870035	161.7000009846042	0.49712029252065854	208.94730632394885	-153.72993016102438
-15	20	8.530263157894737	83.32361052631518	92.97201577406938	-0.45609639492764537	5.426616690918364	169.11831396504618	0.5686486867460426	208.94730632394885	-153.73764720416514
-15	2	8.530263157894737	83.32361052631522	92.97019340147901	-0.4560963949276461	5.426240405280277	159.3644422786177	0.47547541360277745	208.94730632394885	-153.72953232694042
-15	10	8.530263157894737	83.32361052631522	92.97097655061313	-0.45609639492764553	5.426326042545663	161.90481350117454	0.499046878494631	208.94730632394885	-153.7313791577097
-15	-2	8.530263157894737	83.32361052631522	92.96980659852099	-0.45609639492764537	5.426240405280277	159.3644422786177	0.47547541360277745	208.94730632394885	-153.72953232694036
-15	-5	8.530263157894737	83.32361052631526	92.96951546208261	-0.456096394927645	5.426258852787005	161.70000098460412	0.49712029252065815	208.94730632394885	-153.72993016102455
-15	-20	8.530263157894737	83.32361052631526	92.96798422593066	-0.4560963949276455	5.426616690918367	169.1183139650462	0.5686486867460426	208.94730632394885	-153.7376472041654
-15	-40	8.530263157894737	83.32361052631529	92.96535281976695	-0.45609639492764575	5.4282554117047885	208.9473063239485	1.071494311479659	208.94730632394885	-153.77298742617134
-15	40	8.530263157894737	83.32361052631505	92.97464718023306	-0.45609639492764714	5.428255411704769	208.9473063239486	1.071494311479659	208.94730632394885	-153.7729874261706
-15	-10	8.530263157894737	83.32361052631519	92.9690234493869	-0.45609639492764603	5.426326042545663	161.9048135011744	0.4990468784946307	208.94730632394885	-153.7313791577097
-15	20	8.530263157894737	83.32361052631518	92.97201577406938	-0.45609639492764537	5.426616690918364	169.11831396504618	0.5686486867460426	208.94730632394885	-153.73764720416514
-15	2	8.530263157894737	83.32361052631522	92.97019340147901	-0.4560963949276461	5.426240405280277	159.3644422786177	0.47547541360277745	208.94730632394885	-153.72953232694042
-15	10	8.530263157894737	83.32361052631522	92.97097655061313	-0.45609639492764553	5.426326042545663	161.90481350117454	0.499046878494631	208.94730632394885	-153.7313791577097
-15	-5	8.530263157894737	83.32361052631526	92.96951546208261	-0.456096394927645	5.426258852787005	161.70000098460412	0.49712029252065815	208.94730632394885	-153.72993016102455
-15	5	8.530263157894737	83.32361052631518	92.9704845379174	-0.45609639492764537	5.4262588527870035	161.7000009846042	0.49712029252065854	208.94730632394885	-153.72993016102438
-15	0	8.530263157894737	83.32361052631525	92.96999999999997	-0.4560963949276461	5.42623690929317	159.21754043662796	0.4748265554006865	208.94730632394885	-153.72945693340088
-15	-40	8.530263157894737	83.32361052631529	92.96535281976695	-0.45609639492764575	5.4282554117047885	208.9473063239485	1.071494311479659	208.94730632394885	-153.77298742617134
-15	-10	8.530263157894737	83.32361052631519	92.9690234493869	-0.45609639492764603	5.426326042545663	161.9048135011744	0.4990468784946307	208.94730632394885	-153.7313791577097
-15	-2	8.530263157894737	83.32361052631522	92.96980659852099	-0.45609639492764537	5.426240405280277	159.3644422786177	0.47547541360277745	208.94730632394885	-153.72953232694036
-15	-20	8.530263157894737	83.32361052631526	92.96798422593066	-0.4560963949276455	5.426616690918367	169.1183139650462	0.5686486867460426	208.94730632394885	-153.7376472041654
-30	40	8.530263157894737	81.78462368583642	92.97421661651839	-0.8943286983790896	5.523682941558798	148.22661271370066	0.9491728830090522	289.65465582679684	-289.21928647766356
-30	20	8.530263157894737	81.80691245219707	92.97182851320736	-0.8951584981803643	5.523763607117262	120.90526596880636	0.5226767215040571	289.65465582679684	-289.3601956340783
-30	5	8.530263157894737	81.81177952325086	92.97043949929046	-0.8953396366947797	5.523781215749371	113.85480530138385	0.4381221742189114	289.65465582679684	-289.390965164581
-30	2	8.530263157894737	81.8120304336992	92.97017542394329	-0.8953489742824475	5.523782123464371	113.43643356942297	0.43338132865557444	289.65465582679684	-289.39255141565684
-30	10	8.530263157894737	81.81086565381983	92.97088578846056	-0.8953056267223939	5.523777909610457	114.6237805428997	0.4463502897053633	289.65465582679684	-289.3851876994442
-30	0	8.530263157894737	81.81207798373977	92.97000000000001	-0.8953507438422844	5.523782295484814	113.12288338319772	0.4301029282124554	289.65465582679684	-289.3928520261074
-30	-2	8.530263157894737	81.81203043369925	92.96982457605677	-0.895348974282447	5.523782123464369	113.44413296872465	0.43338974606491576	289.65465582679684	-289.3925514156569
-30	-5	8.530263157894737	81.81177952325086	92.96956050070955	-0.8953396366947799	5.523781215749373	113.86643702841383	0.4381382208746725	289.65465582679684	-289.39096516458113
-30	-40	8.530263157894737	81.78462368583664	92.96578338348164	-0.8943286983790857	5.523682941558807	148.30796839680076	0.9493530786205695	289.65465582679684	-289.21928647766435
-30	-10	8.530263157894737	81.8108656538199	92.96911421153949	-0.8953056267223918	5.523777909610457	114.60429742428991	0.4463373553926759	289.65465582679684	-289.3851876994443
-30	-20	8.530263157894737	81.80691245219712	92.96817148679266	-0.8951584981803639	5.523763607117266	120.98920965192302	0.5228025066056335	289.65465582679684	-289.36019563407865
-60	40	8.530263157894737	67.21037420529996	92.97525999425064	-2.2016421030325555	5.8342671114818625	158.34793085322428	0.9621136695704837	158.34793085322465	-413.57531304298885
-60	20	8.530263157894737	67.21037420529984	92.97228159001445	-2.203710880904406	5.834267111481862	130.00282506954474	0.534183913185967	158.34793085322465	-413.6448347104454
-60	10	8.530263157894737	67.21037420529983	92.9711053263168	-2.2040778054756407	5.83426711148186	124.03153043729667	0.4643786596857074	158.34793085322465	-413.65716527931414
-60	5	8.530263157894737	67.21037420529989	92.97054843292743	-2.2041626281538407	5.83426711148186	121.96498252063955	0.44155371624153733	158.34793085322465	-413.66001576128593
-60	-5	8.530263157894737	67.21037420529987	92.96945156707254	-2.2041626281538425	5.834267111481861	121.96498252063964	0.44155371624153733	158.34793085322465	-413.66001576128593
-60	0	8.530263157894737	67.21037420529987	92.97	-2.2041903303803845	5.83426711148186	121.56106957369937	0.4375357369001533	158.34793085322465	-413.660946699792
-60	2	8.530263157894737	67.21037420529989	92.97021890493087	-2.2041859169251925	5.83426711148186	121.75403614981266	0.4392581308817013	158.34793085322465	-413.6607983848046
-60	-2	8.530263157894737	67.21037420529984	92.96978109506914	-2.2041859169251934	5.8342671114818625	121.75403614981266	0.4392581308817013	158.34793085322465	-413.6607983848046
-60	-10	8.530263157894737	67.21037420529986	92.96889467368318	-2.2040778054756403	5.834267111481859	124.03153043729657	0.4643786596857071	158.34793085322465	-413.65716527931426
60	40	7.96157894736842	64.58514616797255	92.97547380013637	2.357862512016674	5.8071050809146545	158.34793085322474	0.9621136695704868	158.34793085322485	400.9466398315279
-60	-20	8.530263157894737	67.21037420529989	92.96771840998557	-2.2037108809044024	5.834267111481861	130.00282506954457	0.5341839131859677	158.34793085322465	-413.64483471044554
-60	-40	8.530263157894737	67.21037420529986	92.96474000574942	-2.2016421030325626	5.83426711148186	158.34793085322414	0.9621136695704829	158.34793085322465	-413.5753130429883
60	20	7.96157894736842	64.58514616797255	92.97237433106142	2.3600153806430413	5.807105080914653	130.00282506954434	0.534183913185967	158.34793085322485	401.0161614989849
60	5	7.96157894736842	64.58514616797255	92.97057072538297	2.360485490311942	5.8071050809146545	121.96498252063964	0.44155371624153733	158.34793085322485	401.03134254982547
60	10	7.96157894736842	64.58514616797252	92.9711502551249	2.360397219799583	5.807105080914653	124.03153043729667	0.4643786596857074	158.34793085322485	401.0284920678537
60	2	7.96157894736842	64.58514616797255	92.97022780288027	2.3605097257148184	5.807105080914652	121.75403614981266	0.4392581308817013	158.34793085322485	401.0321251733439
60	0	7.96157894736842	64.58514616797255	92.97000000000006	2.3605143185661572	5.807105080914654	121.56106957369947	0.4375357369001536	158.34793085322485	401.0322734883315
30	40	7.96157894736842	77.1418763961565	92.97488816270273	1.0128087090462523	5.331631510752656	192.5482526704056	1.0201419727067078	289.65465582679684	273.3085633301436
60	-2	7.96157894736842	64.58514616797255	92.96977219711972	2.360509725714818	5.807105080914652	121.75403614981266	0.4392581308817013	158.34793085322485	401.0321251733439
60	-40	7.96157894736842	64.58514616797262	92.96452619986367	2.3578625120166716	5.8071050809146545	158.34793085322437	0.9621136695704843	158.34793085322485	400.94663983152816
60	-5	7.96157894736842	64.58514616797255	92.96942927461704	2.360485490311942	5.807105080914652	121.96498252063971	0.4415537162415375	158.34793085322485	401.0313425498253
60	-20	7.96157894736842	64.58514616797264	92.9676256689386	2.360015380643035	5.8071050809146545	130.00282506954485	0.5341839131859674	158.34793085322485	401.01616149898535
30	20	7.96157894736842	77.16416516251716	92.97211969086158	1.0139387257711396	5.331608239850313	157.13446352940883	0.5614353682603046	289.65465582679684	273.4621477560597
30	10	7.96157894736842	77.16811836413994	92.97102684095404	1.0141390807283204	5.331604113857719	151.00434527931088	0.500116559546675	289.65465582679684	273.4893879447696
60	-10	7.96157894736842	64.58514616797252	92.96884974487517	2.360397219799583	5.807105080914654	124.03153043729667	0.4643786596857074	158.34793085322485	401.02849206785373
30	2	7.96157894736842	77.16928314401933	92.97020335818648	1.0141981098312376	5.33160289824696	147.59519666540135	0.46736964357117106	289.65465582679684	273.4974140529084
30	5	7.96157894736842	77.16903223357092	92.97050948458637	1.0141853942584977	5.331603160104014	148.1059885613799	0.472068456741091	289.65465582679684	273.49568511302226
30	0	7.96157894736842	77.16933069405985	92.97	1.014200519550181	5.331602848622619	147.22055206878542	0.46413702104112997	289.65465582679684	273.4977417043162
30	-40	7.96157894736842	77.1418763961568	92.9651118372973	1.0128087090462465	5.331631510752669	192.32556964071878	1.0197681722548653	289.65465582679684	273.3085633301448
30	-5	7.96157894736842	77.16903223357095	92.96949051541365	1.0141853942584973	5.331603160104013	148.09192434657407	0.47203826891479944	289.65465582679684	273.4956851130223
30	-2	7.96157894736842	77.16928314401932	92.96979664181355	1.0141981098312378	5.33160289824696	147.59519666540132	0.4673696435709382	289.65465582679684	273.49741405290837
30	-20	7.96157894736842	77.16416516251721	92.96788030913847	1.0139387257711383	5.33160823985032	157.0996246288901	0.5613810811853444	289.65465582679684	273.46214775606006
30	-10	7.96157894736842	77.16811836414	92.96897315904599	1.01413908072832	5.331604113857719	151.04220322309726	0.5001640243400093	289.65465582679684	273.4893879447697
15	40	7.96157894736842	77.76870315789392	92.97497912167832	0.488674708851051	5.148422151638568	208.9473063239485	1.071494311479659	208.94730632394885	140.3362088695301
15	20	7.96157894736842	77.76870315789421	92.97215975793141	0.4886747088510487	5.146666379367418	169.1183139650462	0.5686486867460426	208.94730632394885	140.30086864752485
15	5	7.96157894736842	77.7687031578942	92.97051914776864	0.4886747088510489	5.146282981369533	161.70000098460412	0.49712029252065815	208.94730632394885	140.29315160438412
15	10	7.96157894736842	77.76870315789422	92.9710463042284	0.4886747088510487	5.146354970396669	161.90481350117452	0.499046878494631	208.94730632394885	140.29460060106942
15	2	7.96157894736842	77.7687031578942	92.97020721587039	0.4886747088510488	5.146263216183757	159.3644422786177	0.47547541360277745	208.94730632394885	140.29275377030004
15	0	7.96157894736842	77.76870315789418	92.97	0.4886747088510491	5.146259470483288	159.21754043662796	0.4748265554006865	208.94730632394885	140.2926783767605
15	-2	7.96157894736842	77.76870315789421	92.96979278412962	0.4886747088510489	5.146263216183756	159.3644422786177	0.47547541360277745	208.94730632394885	140.29275377030007
15	-5	7.96157894736842	77.76870315789424	92.96948085223138	0.48867470885104825	5.146282981369533	161.70000098460406	0.49712029252065815	208.94730632394885	140.29315160438415
10	40	7.96157894736842	77.76870315789425	92.97488365592837	0.32157789011602544	5.111221447996759	196.7584029510415	1.0452281726968131	196.7584029510415	93.6527033230731
15	-40	7.96157894736842	77.76870315789428	92.96502087832171	0.4886747088510488	5.148422151638588	208.94730632394885	1.07149431147966	208.94730632394885	140.33620886953096
15	-10	7.96157894736842	77.76870315789418	92.96895369577165	0.48867470885104936	5.1463549703966684	161.90481350117443	0.4990468784946307	208.94730632394885	140.29460060106936
10	10	7.96157894736842	77.7687031578942	92.97102624321674	0.32157789011602655	5.109232775837932	153.86231790247294	0.5001581434003524	196.7584029510415	93.62584751153297
10	20	7.96157894736842	77.76870315789422	92.97211834843715	0.3215778901160263	5.109532357866629	160.40994563882583	0.5666088959451228	196.7584029510415	93.62989318515888
15	-20	7.96157894736842	77.76870315789422	92.96784024206859	0.48867470885104897	5.146666379367421	169.11831396504618	0.5686486867460426	208.94730632394885	140.30086864752496
10	5	7.96157894736842	77.76870315789418	92.97050919403898	0.32157789011602705	5.10916352086836	151.64673520765294	0.4789024559497826	196.7584029510415	93.62491226516633
10	2	7.96157894736842	77.76870315789418	92.97020324287682	0.3215778901160264	5.109144506340814	151.71032809136534	0.47829177891276536	196.7584029510415	93.6246554855025
10	0	7.96157894736842	77.76870315789421	92.97000000000001	0.32157789011602617	5.109140902897587	151.5042091215436	0.47764195493582207	196.7584029510415	93.62460682318692
10	-5	7.96157894736842	77.76870315789422	92.96949080596103	0.3215778901160265	5.109163520868361	151.64673520765294	0.4789024559497826	196.7584029510415	93.62491226516634
10	-2	7.96157894736842	77.76870315789421	92.9697967571232	0.3215778901160268	5.1091445063408125	151.71032809136534	0.47829177891276536	196.7584029510415	93.62465548550254
5	40	7.96157894736842	77.76870315789408	92.9748278335857	0.15955822366319877	5.0898024953909	189.11064760587033	1.0179821831308882	189.1106476058704	46.8600432906299
10	-40	7.96157894736842	77.76870315789412	92.96511634407163	0.3215778901160274	5.111221447996754	196.75840295104123	1.0452281726968118	196.7584029510415	93.65270332307303
10	-20	7.96157894736842	77.7687031578942	92.96788165156288	0.32157789011602717	5.10953235786663	160.40994563882595	0.5666088959451231	196.7584029510415	93.62989318515893
10	-10	7.96157894736842	77.76870315789424	92.96897375678321	0.3215778901160262	5.109232775837928	153.86231790247294	0.5001581434003524	196.7584029510415	93.62584751153295
5	20	7.96157894736842	77.76870315789421	92.97209413477958	0.15955822366319744	5.088151798664091	154.90879034742605	0.5595413416624124	189.1106476058704	46.84885488623086
5	2	7.96157894736842	77.7687031578942	92.97020091972104	0.15955822366319755	5.087772763091784	146.77729081893727	0.4755065933374407	189.1106476058704	46.846285787258466
5	5	7.96157894736842	77.76870315789418	92.97050337372636	0.1595582236631978	5.087791345414785	146.86407156685885	0.4758242312067206	189.1106476058704	46.84641173804097
5	10	7.96157894736842	77.76870315789415	92.97101451280386	0.15955822366319786	5.087859026203128	148.79645122037024	0.49603511809941575	189.1106476058704	46.8468704776857
5	-2	7.96157894736842	77.76870315789422	92.969799080279	0.15955822366319758	5.087772763091782	146.77729081893727	0.4755065933374407	189.1106476058704	46.846285787258466
5	-40	7.96157894736842	77.7687031578942	92.96517216641435	0.15955822366319802	5.089802495390906	189.11064760587033	1.0179821831308882	189.1106476058704	46.86004329062995
5	0	7.96157894736842	77.76870315789421	92.97	0.15955822366319786	5.087769241555642	146.67715920122734	0.47518220225380003	189.1106476058704	46.846261918324956
5	-5	7.96157894736842	77.76870315789422	92.9694966262737	0.15955822366319752	5.08779134541479	146.86407156685885	0.4758242312067206	189.1106476058704	46.84641173804101
5	-10	7.96157894736842	77.76870315789425	92.96898548719616	0.1595582236631976	5.087859026203129	148.79645122037024	0.49603511809941575	189.1106476058704	46.84687047768575
2	40	7.96157894736842	77.76870315789421	92.97481239380159	0.06368706212324568	5.083921743917884	188.18202113571078	1.029447493450019	188.18202113571078	18.748057126125424
5	-20	7.96157894736842	77.76870315789421	92.96790586522044	0.1595582236631976	5.08815179866409	154.90879034742605	0.5595413416624124	189.1106476058704	46.848854886230875
2	20	7.96157894736842	77.76870315789411	92.97208743757513	0.06368706212324599	5.082281588419075	152.75154836656986	0.5505475951851407	188.18202113571078	18.74360559878484
2	10	7.96157894736842	77.76870315789417	92.97101126831365	0.0636870621232455	5.081990685581538	146.96932275284232	0.4890863670108592	188.18202113571078	18.742816062709917
2	5	7.96157894736842	77.76870315789421	92.97050176389837	0.06368706212324544	5.08192343699774	144.90897566434944	0.46945391196226344	188.18202113571078	18.74263354409531
2	2	7.96157894736842	77.76870315789422	92.97020027716424	0.06368706212324549	5.081904973340086	144.84938043600636	0.4692608444662599	188.18202113571078	18.742583432092573
2	-40	7.96157894736842	77.76870315789434	92.96518760619841	0.06368706212324646	5.083921743917893	188.18202113571078	1.029447493450019	188.18202113571078	18.748057126125538
2	0	7.96157894736842	77.76870315789417	92.97000000000003	0.0636870621232456	5.081901474292218	144.80980158203897	0.46913262295519903	188.18202113571078	18.742573935366643
2	-2	7.96157894736842	77.76870315789418	92.96979972283577	0.06368706212324564	5.081904973340087	144.84938043600636	0.4692608444662599	188.18202113571078	18.742583432092577
2	-5	7.96157894736842	77.76870315789424	92.96949823610164	0.06368706212324544	5.0819234369977435	144.90897566434944	0.46945391196226344	188.18202113571078	18.742633544095327
0	40	7.96157894736842	77.76870315789434	92.97480946222133	-0.0000000000000007423500063167477	5.082807282672249	187.404022058532	1.0218515296573385	187.404022058532	-0.00000000000005773159728050814
0	20	7.96157894736842	77.76870315789414	92.97208616596453	0.00000000000000006852461596769997	5.081169124841616	152.26576792255727	0.5480669907336725	187.404022058532	0.000000000000005329070518200751
2	-10	7.96157894736842	77.76870315789421	92.96898873168635	0.0636870621232456	5.081990685581541	146.96932275284232	0.4890863670108592	188.18202113571078	18.74281606270994
2	-20	7.96157894736842	77.76870315789424	92.96791256242497	0.06368706212324579	5.082281588419083	152.7515483665699	0.550547595185141	188.18202113571078	18.743605598784875
0	10	7.96157894736842	77.76870315789418	92.97101065227633	0.0000000000000002855192331987497	5.080878576316426	146.40939223322815	0.48722302316135985	187.404022058532	0.00000000000002220446049250313
0	5	7.96157894736842	77.76870315789421	92.97050145823737	-0.00000000000000002855192331987496	5.0808114096397095	144.45726700345176	0.46799053540499036	187.404022058532	-0.000000000000002220446049250313
0	2	7.96157894736842	77.7687031578942	92.97020015516081	0.00000000000000010278692395154987	5.080792968470327	144.45726700345176	0.46799053540499036	187.404022058532	0.000000000000007993605777301127
0	0	7.96157894736842	77.76870315789421	92.97000000000004	0.00000000000000008565576995962488	5.080789473684212	144.45726700345176	0.46799053540499036	187.404022058532	0.000000000000006661338147750939
0	-5	7.96157894736842	77.76870315789421	92.96949854176263	0.00000000000000005567625047375617	5.080811409639708	144.45726700345176	0.46799053540499036	187.404022058532	0.0000000000000043298697960381105
0	-2	7.96157894736842	77.7687031578942	92.96979984483923	0.00000000000000006852461596769992	5.0807929684703295	144.45726700345176	0.46799053540499036	187.404022058532	0.000000000000005329070518200752
0	-40	7.96157894736842	77.76870315789421	92.96519053777872	0.0000000000000008326454638158535	5.0828072826722455	187.404022058532	1.0218515296573385	187.404022058532	0.00000000000006475375791126226
-2	40	7.96157894736842	77.7687031578942	92.97481239380164	-0.06368706212324576	5.083921743917884	188.18202113571078	1.029447493450019	188.18202113571078	-18.748057126125428
0	-20	7.96157894736842	77.76870315789422	92.96791383403551	-0.00000000000000007423500063167488	5.081169124841623	152.26576792255727	0.5480669907336725	187.404022058532	-0.000000000000005773159728050814
-2	20	7.96157894736842	77.76870315789408	92.97208743757511	-0.06368706212324526	5.082281588419076	152.75154836656984	0.5505475951851407	188.18202113571078	-18.743605598784775
0	-10	7.96157894736842	77.76870315789422	92.96898934772369	0.000000000000000019272548240915595	5.080878576316428	146.40939223322815	0.48722302316135985	187.404022058532	0.0000000000000014988010832439613
-2	10	7.96157894736842	77.76870315789414	92.9710112683137	-0.06368706212324567	5.08199068558154	146.96932275284232	0.4890863670108592	188.18202113571078	-18.742816062709927
-2	5	7.96157894736842	77.76870315789421	92.97050176389838	-0.06368706212324551	5.081923436997739	144.90897566434944	0.46945391196226344	188.18202113571078	-18.742633544095312
-2	2	7.96157894736842	77.7687031578942	92.97020027716427	-0.06368706212324592	5.081904973340087	144.84938043600636	0.4692608444662599	188.18202113571078	-18.7425834320926
-2	0	7.96157894736842	77.7687031578942	92.97000000000001	-0.06368706212324599	5.0819014742922155	144.80980158203897	0.46913262295519903	188.18202113571078	-18.74257393536667
-2	-2	7.96157894736842	77.76870315789421	92.96979972283576	-0.06368706212324561	5.0819049733400865	144.84938043600636	0.4692608444662599	188.18202113571078	-18.74258343209258
-15	40	7.96157894736842	77.76870315789391	92.97497912167834	-0.4886747088510507	5.148422151638569	208.9473063239486	1.071494311479659	208.94730632394885	-140.33620886953008
-2	-5	7.96157894736842	77.76870315789424	92.96949823610166	-0.06368706212324539	5.081923436997744	144.90897566434944	0.46945391196226344	188.18202113571078	-18.742633544095327
-2	-40	7.96157894736842	77.76870315789435	92.96518760619843	-0.06368706212324596	5.083921743917892	188.1820211357106	1.0294474934500182	188.18202113571078	-18.748057126125502
-2	-20	7.96157894736842	77.76870315789427	92.96791256242494	-0.06368706212324533	5.082281588419083	152.75154836656986	0.5505475951851407	188.18202113571078	-18.743605598784846
-2	-10	7.96157894736842	77.7687031578942	92.96898873168632	-0.06368706212324574	5.081990685581542	146.96932275284232	0.4890863670108592	188.18202113571078	-18.742816062709952
-15	5	7.96157894736842	77.76870315789417	92.97051914776863	-0.48867470885104913	5.146282981369533	161.70000098460406	0.49712029252065815	208.94730632394885	-140.2931516043841
-15	20	7.96157894736842	77.76870315789418	92.97215975793145	-0.48867470885104897	5.14666637936742	169.11831396504618	0.5686486867460426	208.94730632394885	-140.30086864752485
-15	10	7.96157894736842	77.76870315789421	92.97104630422841	-0.4886747088510487	5.14635497039667	161.90481350117454	0.499046878494631	208.94730632394885	-140.2946006010694
-15	2	7.96157894736842	77.76870315789418	92.9702072158704	-0.48867470885104913	5.14626321618376	159.3644422786177	0.47547541360277745	208.94730632394885	-140.2927537703001
-15	0	7.96157894736842	77.76870315789418	92.97000000000003	-0.48867470885104924	5.146259470483287	159.21754043662796	0.4748265554006865	208.94730632394885	-140.2926783767605
-15	-40	7.96157894736842	77.76870315789431	92.96502087832171	-0.4886747088510488	5.148422151638587	208.94730632394877	1.07149431147966	208.94730632394885	-140.336208869531
-15	-20	7.96157894736842	77.76870315789421	92.96784024206858	-0.4886747088510484	5.146666379367422	169.1183139650462	0.5686486867460426	208.94730632394885	-140.3008686475249
-15	-5	7.96157894736842	77.76870315789421	92.96948085223138	-0.48867470885104836	5.1462829813695325	161.70000098460412	0.49712029252065815	208.94730632394885	-140.2931516043841
-15	-2	7.96157894736842	77.76870315789418	92.96979278412968	-0.4886747088510494	5.146263216183757	159.3644422786177	0.47547541360277745	208.94730632394885	-140.29275377030007
-15	-10	7.96157894736842	77.76870315789418	92.96895369577167	-0.48867470885104924	5.146354970396669	161.9048135011744	0.4990468784946307	208.94730632394885	-140.29460060106936
-15	40	7.96157894736842	77.76870315789391	92.97497912167834	-0.4886747088510507	5.148422151638569	208.9473063239486	1.071494311479659	208.94730632394885	-140.33620886953008
-15	10	7.96157894736842	77.76870315789421	92.97104630422841	-0.4886747088510487	5.14635497039667	161.90481350117454	0.499046878494631	208.94730632394885	-140.2946006010694
-15	20	7.96157894736842	77.76870315789418	92.97215975793145	-0.48867470885104897	5.14666637936742	169.11831396504618	0.5686486867460426	208.94730632394885	-140.30086864752485
-30	40	7.96157894736842	77.14187639615649	92.97488816270271	-1.0128087090462523	5.331631510752654	192.54825267040493	1.0201419727067078	289.65465582679684	-273.3085633301435
-15	5	7.96157894736842	77.76870315789417	92.97051914776863	-0.48867470885104913	5.146282981369533	161.70000098460406	0.49712029252065815	208.94730632394885	-140.2931516043841
-15	0	7.96157894736842	77.76870315789418	92.97000000000003	-0.48867470885104924	5.146259470483287	159.21754043662796	0.4748265554006865	208.94730632394885	-140.2926783767605
-15	2	7.96157894736842	77.76870315789418	92.9702072158704	-0.48867470885104913	5.14626321618376	159.3644422786177	0.47547541360277745	208.94730632394885	-140.2927537703001
-15	-10	7.96157894736842	77.76870315789418	92.96895369577167	-0.48867470885104924	5.146354970396669	161.9048135011744	0.4990468784946307	208.94730632394885	-140.29460060106936
-15	-2	7.96157894736842	77.76870315789418	92.96979278412968	-0.4886747088510494	5.146263216183757	159.3644422786177	0.47547541360277745	208.94730632394885	-140.29275377030007
-15	-5	7.96157894736842	77.76870315789421	92.96948085223138	-0.48867470885104836	5.1462829813695325	161.70000098460412	0.49712029252065815	208.94730632394885	-140.2931516043841
-15	-40	7.96157894736842	77.76870315789431	92.96502087832171	-0.4886747088510488	5.148422151638587	208.94730632394877	1.07149431147966	208.94730632394885	-140.336208869531
-30	10	7.96157894736842	77.16811836413994	92.97102684095401	-1.0141390807283204	5.331604113857719	151.00434527931094	0.500116559546675	289.65465582679684	-273.4893879447696
-15	-20	7.96157894736842	77.76870315789421	92.96784024206858	-0.4886747088510484	5.146666379367422	169.1183139650462	0.5686486867460426	208.94730632394885	-140.3008686475249
-30	20	7.96157894736842	77.16416516251712	92.97211969086162	-1.0139387257711399	5.331608239850317	157.13446352940858	0.5614353682603037	289.65465582679684	-273.4621477560598
-30	5	7.96157894736842	77.16903223357093	92.9705094845864	-1.014185394258498	5.331603160104014	148.10598856137983	0.472068456741091	289.65465582679684	-273.4956851130223
-30	2	7.96157894736842	77.16928314401933	92.97020335818651	-1.0141981098312376	5.331602898246959	147.59519666540135	0.46736964357117106	289.65465582679684	-273.49741405290837
-30	0	7.96157894736842	77.16933069405985	92.96999999999998	-1.014200519550181	5.33160284862262	147.22055206878542	0.46413702104112997	289.65465582679684	-273.49774170431624
-30	-2	7.96157894736842	77.16928314401935	92.9697966418135	-1.0141981098312376	5.331602898246958	147.59519666540112	0.4673696435709376	289.65465582679684	-273.49741405290837
-30	-40	7.96157894736842	77.1418763961568	92.96511183729731	-1.0128087090462472	5.331631510752669	192.32556964071873	1.0197681722548653	289.65465582679684	-273.3085633301448
-30	-5	7.96157894736842	77.16903223357096	92.96949051541361	-1.0141853942584969	5.331603160104015	148.0919243465742	0.4720382689147998	289.65465582679684	-273.4956851130224
-30	-10	7.96157894736842	77.16811836414	92.96897315904597	-1.0141390807283195	5.331604113857719	151.0422032230973	0.5001640243400093	289.65465582679684	-273.4893879447697
-30	-20	7.96157894736842	77.16416516251724	92.96788030913841	-1.0139387257711376	5.331608239850319	157.09962462888964	0.5613810811853428	289.65465582679684	-273.46214775606006
-60	40	7.96157894736842	64.58514616797257	92.97547380013638	-2.357862512016674	5.807105080914654	158.34793085322437	0.9621136695704843	158.34793085322465	-400.9466398315278
-60	5	7.96157894736842	64.58514616797255	92.97057072538298	-2.3604854903119423	5.8071050809146545	121.96498252063955	0.44155371624153733	158.34793085322465	-401.03134254982547
-60	2	7.96157894736842	64.58514616797254	92.97022780288027	-2.360509725714819	5.8071050809146545	121.75403614981266	0.4392581308817013	158.34793085322465	-401.03212517334396
-60	20	7.96157894736842	64.58514616797257	92.9723743310614	-2.360015380643041	5.80710508091465	130.00282506954485	0.5341839131859674	158.34793085322465	-401.0161614989848
-60	-2	7.96157894736842	64.58514616797257	92.96977219711978	-2.360509725714818	5.807105080914652	121.75403614981266	0.4392581308817013	158.34793085322465	-401.032125173344
-60	0	7.96157894736842	64.58514616797254	92.97000000000001	-2.360514318566158	5.8071050809146545	121.56106957369947	0.4375357369001536	158.34793085322465	-401.03227348833155
-60	-10	7.96157894736842	64.58514616797252	92.96884974487513	-2.3603972197995824	5.8071050809146545	124.03153043729657	0.4643786596857071	158.34793085322465	-401.02849206785373
-60	10	7.96157894736842	64.5851461679725	92.97115025512494	-2.3603972197995837	5.807105080914653	124.03153043729667	0.4643786596857074	158.34793085322465	-401.0284920678535
-60	-5	7.96157894736842	64.58514616797255	92.96942927461703	-2.3604854903119428	5.807105080914654	121.96498252063964	0.44155371624153733	158.34793085322465	-401.0313425498254
30	40	7.392894736842105	72.08461941637229	92.97567818342063	1.1247358134632177	5.114200116592792	247.93472070464068	1.1369387717909578	289.65465582679684	254.54159270075476
-60	-40	7.96157894736842	64.58514616797262	92.96452619986366	-2.3578625120166716	5.807105080914655	158.34793085322383	0.9621136695704813	158.34793085322465	-400.9466398315282
60	40	7.392894736842105	61.95991813064527	92.9757057238384	2.513409700631129	5.777641351883435	158.34793085322454	0.9621136695704855	158.34793085322485	387.88699608290557
-60	-20	7.96157894736842	64.58514616797265	92.96762566893854	-2.360015380643036	5.807105080914653	130.00282506954457	0.5341839131859677	158.34793085322465	-401.01616149898535
60	0	7.392894736842105	61.959918130645256	92.96999999999998	2.5161738636380333	5.7776413518834335	121.56106957369947	0.4375357369001536	158.34793085322485	387.9726297397092
60	-5	7.392894736842105	61.959918130645256	92.9694050931087	2.5161438139370595	5.777641351883433	121.96498252063955	0.44155371624153733	158.34793085322485	387.971698801203
60	20	7.392894736842105	61.95991813064517	92.97247493094378	2.515653785825391	5.777641351883434	130.0028250695445	0.5341839131859674	158.34793085322485	387.9565177503622
60	10	7.392894736842105	61.95991813064524	92.97119899118033	2.5160518034225987	5.777641351883436	124.03153043729681	0.4643786596857079	158.34793085322485	387.9688483192315
60	2	7.392894736842105	61.95991813064524	92.97023745483794	2.516169076188598	5.7776413518834335	121.75403614981266	0.4392581308817013	158.34793085322485	387.97248142472154
60	5	7.392894736842105	61.95991813064524	92.97059490689126	2.516143813937058	5.777641351883434	121.96498252063964	0.44155371624153733	158.34793085322485	387.971698801203
30	-40	7.392894736842105	72.08461941637268	92.96432181657937	1.1247358134632115	5.114200116592809	248.32178480708322	1.137524289545303	289.65465582679684	254.54159270075635
60	-20	7.392894736842105	61.959918130645335	92.96752506905624	2.5156537858253816	5.777641351883436	130.00282506954474	0.534183913185967	158.34793085322485	387.95651775036305
60	-40	7.392894736842105	61.959918130645256	92.96429427616165	2.5134097006311302	5.777641351883433	158.34793085322465	0.9621136695704863	158.34793085322485	387.8869960829054
60	-2	7.392894736842105	61.95991813064524	92.96976254516207	2.516169076188599	5.7776413518834335	121.75403614981266	0.4392581308817013	158.34793085322485	387.9724814247216
60	-10	7.392894736842105	61.95991813064523	92.9688010088197	2.5160518034225996	5.777641351883435	124.03153043729672	0.46437865968570763	158.34793085322485	387.9688483192315
30	20	7.392894736842105	72.1069081827329	92.97246222360768	1.126214954554965	5.1140666387894615	202.03437169226873	0.6204585813972278	289.65465582679684	254.70785239617223
30	5	7.392894736842105	72.11177525378672	92.97059181244302	1.1265378245445288	5.114037502977327	190.76649913760056	0.5238730858185032	289.65465582679684	254.74415757959457
30	10	7.392894736842105	72.1108613843557	92.97119276966282	1.126477203930038	5.114042973386137	191.8455362018754	0.5321553493533593	289.65465582679684	254.73734070822582
30	0	7.392894736842105	72.11207371427562	92.97000000000001	1.1265576222896478	5.114035716427319	189.73741386947222	0.5157762535065313	289.65465582679684	254.74638390065593
30	-2	7.392894736842105	72.11202616423512	92.96976378112132	1.1265544681692792	5.11403600105538	190.18461898850114	0.5190863886822645	289.65465582679684	254.74602920829096
30	-20	7.392894736842105	72.10690818273302	92.96753777639235	1.1262149545549616	5.114066638789467	202.15575556131327	0.6205929785847968	289.65465582679684	254.70785239617265
30	2	7.392894736842105	72.11202616423512	92.97023621887867	1.126554468169279	5.11403600105538	190.17341185321578	0.519077633406982	289.65465582679684	254.74602920829096
15	40	7.392894736842105	72.21379578947291	92.9753621310382	0.5262650710703631	4.869282560064209	208.94730632394868	1.0714943114796596	208.94730632394885	127.71703659936156
30	-5	7.392894736842105	72.11177525378675	92.96940818755698	1.1265378245445277	5.114037502977327	190.78906656591388	0.5238917351059966	289.65465582679684	254.7441575795946
30	-10	7.392894736842105	72.11086138435574	92.96880723033716	1.1264772039300377	5.1140429733861374	191.83997598907163	0.5321472603838973	289.65465582679684	254.73734070822601
15	20	7.392894736842105	72.21379578947318	92.97232589315693	0.5262650710703599	4.8673917283875845	169.1183139650462	0.5686486867460426	208.94730632394885	127.68169637735619
15	10	7.392894736842105	72.2137957894732	92.971126789169	0.5262650710703605	4.867056364880624	161.9048135011743	0.4990468784946303	208.94730632394885	127.67542833090077
15	5	7.392894736842105	72.21379578947317	92.97055908221238	0.5262650710703602	4.866978838236014	161.70000098460412	0.49712029252065815	208.94730632394885	127.67397933421545
15	2	7.392894736842105	72.21379578947321	92.9702231555527	0.5262650710703597	4.866957552651333	159.36444227861762	0.47547541360277723	208.94730632394885	127.67358150013142
15	0	7.392894736842105	72.2137957894732	92.97000000000001	0.5262650710703601	4.866953518820056	159.21754043662787	0.4748265554006863	208.94730632394885	127.67350610659184
15	-2	7.392894736842105	72.21379578947318	92.96977684444732	0.5262650710703604	4.866957552651336	159.3644422786177	0.47547541360277745	208.94730632394885	127.67358150013146
15	-5	7.392894736842105	72.2137957894732	92.9694409177877	0.52626507107036	4.866978838236019	161.7000009846042	0.49712029252065854	208.94730632394885	127.67397933421556
15	-10	7.392894736842105	72.21379578947318	92.968873210831	0.5262650710703606	4.8670563648806215	161.90481350117443	0.4990468784946307	208.94730632394885	127.67542833090071
15	-20	7.392894736842105	72.21379578947321	92.96767410684313	0.5262650710703602	4.867391728387588	169.11831396504618	0.5686486867460426	208.94730632394885	127.68169637735635
15	-40	7.392894736842105	72.2137957894733	92.96463786896182	0.5262650710703601	4.869282560064228	208.9473063239486	1.071494311479659	208.94730632394885	127.71703659936237
10	20	7.392894736842105	72.21379578947317	92.97228129831699	0.3463146508941829	4.827401243694428	160.40994563882595	0.5666088959451231	196.7584029510415	85.1633745504431
10	40	7.392894736842105	72.21379578947324	92.97525932176906	0.3463146508941816	4.829220263834568	196.7584029510414	1.0452281726968125	196.7584029510415	85.18618468835734
10	10	7.392894736842105	72.21379578947318	92.97110518500266	0.34631465089418295	4.827078616894288	153.86231790247257	0.500158143400352	196.7584029510415	85.15932887681716
10	2	7.392894736842105	72.21379578947317	92.97021887694426	0.34631465089418273	4.826983557435858	151.71032809136534	0.47829177891276536	196.7584029510415	85.15813685078676
10	5	7.392894736842105	72.21379578947318	92.97054836281121	0.34631465089418295	4.827004034619367	151.64673520765294	0.4789024559497826	196.7584029510415	85.15839363045052
10	-10	7.392894736842105	72.21379578947317	92.96889481499734	0.3463146508941825	4.8270786168942905	153.86231790247294	0.5001581434003524	196.7584029510415	85.15932887681716
10	-5	7.392894736842105	72.21379578947321	92.96945163718881	0.34631465089418256	4.827004034619369	151.64673520765294	0.4789024559497826	196.7584029510415	85.15839363045056
10	-2	7.392894736842105	72.21379578947318	92.9697811230558	0.34631465089418256	4.826983557435857	151.71032809136534	0.47829177891276536	196.7584029510415	85.15813685078673
10	-40	7.392894736842105	72.21379578947305	92.96474067823098	0.3463146508941836	4.829220263834558	196.7584029510411	1.045228172696811	196.7584029510415	85.18618468835713
10	0	7.392894736842105	72.2137957894732	92.97000000000003	0.34631465089418223	4.826979676804692	151.5042091215437	0.47764195493582234	196.7584029510415	85.15808818847118
5	40	7.392894736842105	72.21379578947315	92.97519920539997	0.17183193317575232	4.806153699489799	189.11064760587033	1.0179821831308882	189.1106476058704	42.61061361040089
10	-20	7.392894736842105	72.21379578947318	92.96771870168308	0.34631465089418334	4.827401243694428	160.40994563882583	0.5666088959451228	196.7584029510415	85.16337455044315
2	40	7.392894736842105	72.21379578947308	92.9751825779402	0.06858606690195782	4.7998205825188505	188.1820211357106	1.0294474934500182	188.18202113571078	17.04647152272987
5	-40	7.392894736842105	72.21379578947321	92.96480079460004	0.17183193317575202	4.806153699489798	189.11064760587033	1.0179821831308882	189.1106476058704	42.610613610400904
5	20	7.392894736842105	72.21379578947322	92.9722552220703	0.1718319331757514	4.804376026091692	154.90879034742605	0.5595413416624124	189.1106476058704	42.599425206001825
5	2	7.392894736842105	72.2137957894732	92.97021637508418	0.1718319331757512	4.803967833936899	146.77729081893727	0.4755065933374407	189.1106476058704	42.59685610702939
5	10	7.392894736842105	72.21379578947317	92.97109255225028	0.1718319331757512	4.804060732672193	148.79645122037024	0.49603511809941575	189.1106476058704	42.59744079745661
5	-20	7.392894736842105	72.21379578947318	92.96774477792967	0.1718319331757516	4.804376026091692	154.90879034742605	0.5595413416624124	189.1106476058704	42.59942520600181
5	5	7.392894736842105	72.21379578947315	92.97054209478225	0.1718319331757515	4.803987845669364	146.86407156685885	0.4758242312067206	189.1106476058704	42.5969820578119
5	-5	7.392894736842105	72.21379578947321	92.96945790521777	0.1718319331757516	4.803987845669367	146.8640715668587	0.47582423120672024	189.1106476058704	42.59698205781196
5	0	7.392894736842105	72.21379578947318	92.97000000000006	0.1718319331757515	4.803964041513363	146.67715920122734	0.47518220225380003	189.1106476058704	42.59683223809587
5	-2	7.392894736842105	72.21379578947315	92.96978362491588	0.17183193317575166	4.803967833936901	146.77729081893727	0.4755065933374407	189.1106476058704	42.59685610702942
5	-10	7.392894736842105	72.21379578947327	92.96890744774973	0.1718319331757512	4.804060732672197	148.79645122037024	0.49603511809941575	189.1106476058704	42.5974407974567
2	5	7.392894736842105	72.21379578947318	92.97054036112134	0.06858606690195719	4.797668559681777	144.90897566434944	0.46945391196226344	188.18202113571078	17.041047940699762
2	20	7.392894736842105	72.2137957894731	92.97224800969622	0.06858606690195691	4.798054261212443	152.75154836656986	0.5505475951851407	188.18202113571078	17.04201999538923
2	10	7.392894736842105	72.21379578947315	92.97108905818398	0.06858606690195669	4.797740981233561	146.96932275284223	0.489086367010859	188.18202113571078	17.041230459314338
2	2	7.392894736842105	72.2137957894732	92.97021568309997	0.06858606690195673	4.7976486757427645	144.84938043600636	0.4692608444662599	188.18202113571078	17.040997828696987
2	0	7.392894736842105	72.21379578947318	92.97000000000006	0.06858606690195684	4.797644907537368	144.80980158203897	0.46913262295519903	188.18202113571078	17.040988331971064
2	-40	7.392894736842105	72.21379578947332	92.96481742205984	0.06858606690195788	4.799820582518862	188.18202113571078	1.029447493450019	188.18202113571078	17.046471522729963
0	40	7.392894736842105	72.21379578947322	92.97517942085373	-0.00000000000000032593118620534173	4.79862039348509	187.404022058532	1.0218515296573385	187.404022058532	-0.00000000000002353672812205332
2	-2	7.392894736842105	72.2137957894732	92.96978431690003	0.06858606690195677	4.7976486757427645	144.84938043600636	0.4692608444662599	188.18202113571078	17.04099782869699
2	-10	7.392894736842105	72.21379578947322	92.96891094181605	0.0685860669019564	4.797740981233563	146.96932275284232	0.4890863670108592	188.18202113571078	17.041230459314338
2	-5	7.392894736842105	72.21379578947321	92.96945963887867	0.06858606690195652	4.797668559681778	144.90897566434944	0.46945391196226344	188.18202113571078	17.041047940699723
2	-20	7.392894736842105	72.21379578947327	92.96775199030377	0.06858606690195715	4.798054261212456	152.75154836656984	0.5505475951851407	188.18202113571078	17.042019995389314
0	5	7.392894736842105	72.21379578947315	92.97054003194793	-0.0000000000000003320808312280843	4.796470991757746	144.45726700345176	0.46799053540499036	187.404022058532	-0.00000000000002398081733190338
0	20	7.392894736842105	72.21379578947307	92.97224664026949	-0.000000000000000024598580090969238	4.7968562235136405	152.26576792255727	0.5480669907336725	187.404022058532	-0.0000000000000017763568394002505
0	10	7.392894736842105	72.21379578947318	92.97108839475912	0.0000000000000003566794113190534	4.7965433251019	146.40939223322815	0.48722302316135985	187.404022058532	0.000000000000025757174171303632
0	0	7.392894736842105	72.21379578947317	92.97000000000004	0.000000000000000018448935068226904	4.7964473684210525	144.45726700345176	0.46799053540499036	187.404022058532	0.0000000000000013322676295501878
0	2	7.392894736842105	72.21379578947318	92.97021555171162	0.0000000000000000307482251137115	4.796451132036869	144.45726700345176	0.46799053540499036	187.404022058532	0.000000000000002220446049250313
0	-2	7.392894736842105	72.2137957894732	92.96978444828838	0.00000000000000027058438100066114	4.796451132036871	144.45726700345176	0.46799053540499036	187.404022058532	0.000000000000019539925233402755
0	-5	7.392894736842105	72.21379578947321	92.96945996805206	-0.00000000000000014759148054581516	4.7964709917577455	144.45726700345176	0.46799053540499036	187.404022058532	-0.000000000000010658141036401504
0	-40	7.392894736842105	72.21379578947321	92.96482057914626	0.0000000000000006011278009730596	4.7986203934850895	187.404022058532	1.0218515296573385	187.404022058532	0.00000000000004340972026284362
0	-10	7.392894736842105	72.2137957894732	92.9689116052409	-0	4.796543325101902	146.40939223322815	0.48722302316135985	187.404022058532	0
-2	40	7.392894736842105	72.21379578947311	92.97518257794017	-0.06858606690195693	4.79982058251885	188.1820211357106	1.0294474934500182	188.18202113571078	-17.04647152272981
0	-20	7.392894736842105	72.2137957894733	92.96775335973055	-0.0000000000000001352921905003304	4.796856223513652	152.26576792255727	0.5480669907336725	187.404022058532	-0.000000000000009769962616701378
-2	20	7.392894736842105	72.2137957894731	92.97224800969623	-0.06858606690195668	4.798054261212444	152.75154836656984	0.5505475951851407	188.18202113571078	-17.04201999538921
-2	5	7.392894736842105	72.21379578947318	92.97054036112135	-0.06858606690195716	4.797668559681778	144.90897566434944	0.46945391196226344	188.18202113571078	-17.041047940699762
-2	-20	7.392894736842105	72.21379578947325	92.96775199030381	-0.06858606690195611	4.798054261212455	152.75154836656986	0.5505475951851407	188.18202113571078	-17.042019995389232
-2	-40	7.392894736842105	72.21379578947337	92.9648174220598	-0.06858606690195704	4.799820582518862	188.18202113571078	1.029447493450019	188.18202113571078	-17.04647152272991
-2	10	7.392894736842105	72.21379578947315	92.97108905818394	-0.06858606690195661	4.7977409812335585	146.96932275284232	0.4890863670108592	188.18202113571078	-17.041230459314324
-2	-2	7.392894736842105	72.21379578947321	92.96978431690005	-0.06858606690195684	4.797648675742764	144.84938043600636	0.4692608444662599	188.18202113571078	-17.040997828696998
-2	2	7.392894736842105	72.2137957894732	92.97021568309995	-0.06858606690195734	4.7976486757427645	144.84938043600636	0.4692608444662599	188.18202113571078	-17.040997828697034
-2	0	7.392894736842105	72.2137957894732	92.97000000000003	-0.06858606690195738	4.797644907537368	144.80980158203897	0.46913262295519903	188.18202113571078	-17.04098833197111
-15	40	7.392894736842105	72.21379578947294	92.9753621310382	-0.5262650710703627	4.869282560064209	208.9473063239488	1.0714943114796596	208.94730632394885	-127.71703659936158
-2	-5	7.392894736842105	72.2137957894732	92.9694596388787	-0.06858606690195704	4.797668559681781	144.90897566434944	0.46945391196226344	188.18202113571078	-17.041047940699766
-2	-10	7.392894736842105	72.21379578947322	92.96891094181603	-0.0685860669019569	4.797740981233562	146.96932275284232	0.4890863670108592	188.18202113571078	-17.04123045931437
-15	20	7.392894736842105	72.2137957894732	92.97232589315692	-0.5262650710703605	4.8673917283875845	169.11831396504618	0.5686486867460426	208.94730632394885	-127.68169637735626
-15	5	7.392894736842105	72.21379578947317	92.97055908221239	-0.5262650710703604	4.866978838236014	161.70000098460406	0.49712029252065815	208.94730632394885	-127.67397933421545
-15	10	7.392894736842105	72.2137957894732	92.971126789169	-0.5262650710703604	4.867056364880622	161.90481350117443	0.4990468784946307	208.94730632394885	-127.67542833090074
-15	-10	7.392894736842105	72.21379578947315	92.96887321083102	-0.5262650710703607	4.867056364880622	161.9048135011744	0.4990468784946307	208.94730632394885	-127.6754283309007
-15	0	7.392894736842105	72.21379578947321	92.97	-0.5262650710703605	4.866953518820057	159.21754043662787	0.4748265554006863	208.94730632394885	-127.67350610659192
-15	40	7.392894736842105	72.21379578947294	92.9753621310382	-0.5262650710703627	4.869282560064209	208.9473063239488	1.0714943114796596	208.94730632394885	-127.71703659936158
-15	-5	7.392894736842105	72.2137957894732	92.96944091778768	-0.5262650710703601	4.866978838236018	161.70000098460423	0.49712029252065854	208.94730632394885	-127.67397933421555
-15	-40	7.392894736842105	72.21379578947331	92.9646378689618	-0.5262650710703598	4.869282560064227	208.9473063239485	1.071494311479659	208.94730632394885	-127.71703659936237
-15	2	7.392894736842105	72.21379578947321	92.97022315555273	-0.5262650710703602	4.866957552651333	159.3644422786177	0.47547541360277745	208.94730632394885	-127.67358150013146
-15	-20	7.392894736842105	72.21379578947322	92.96767410684308	-0.5262650710703598	4.867391728387586	169.1183139650462	0.5686486867460426	208.94730632394885	-127.6816963773563
-15	-2	7.392894736842105	72.21379578947321	92.96977684444728	-0.5262650710703602	4.866957552651332	159.3644422786177	0.47547541360277745	208.94730632394885	-127.67358150013143
-30	40	7.392894736842105	72.08461941637226	92.97567818342061	-1.1247358134632186	5.114200116592789	247.93472070464088	1.1369387717909587	289.65465582679684	-254.54159270075462
-15	5	7.392894736842105	72.21379578947317	92.97055908221239	-0.5262650710703604	4.866978838236014	161.70000098460406	0.49712029252065815	208.94730632394885	-127.67397933421545
-15	20	7.392894736842105	72.2137957894732	92.97232589315692	-0.5262650710703605	4.8673917283875845	169.11831396504618	0.5686486867460426	208.94730632394885	-127.68169637735626
-15	10	7.392894736842105	72.2137957894732	92.971126789169	-0.5262650710703604	4.867056364880622	161.90481350117443	0.4990468784946307	208.94730632394885	-127.67542833090074
-15	2	7.392894736842105	72.21379578947321	92.97022315555273	-0.5262650710703602	4.866957552651333	159.3644422786177	0.47547541360277745	208.94730632394885	-127.67358150013146
-15	0	7.392894736842105	72.21379578947321	92.97	-0.5262650710703605	4.866953518820057	159.21754043662787	0.4748265554006863	208.94730632394885	-127.67350610659192
-15	-2	7.392894736842105	72.21379578947321	92.96977684444728	-0.5262650710703602	4.866957552651332	159.3644422786177	0.47547541360277745	208.94730632394885	-127.67358150013143
-15	-5	7.392894736842105	72.2137957894732	92.96944091778768	-0.5262650710703601	4.866978838236018	161.70000098460423	0.49712029252065854	208.94730632394885	-127.67397933421555
-15	-10	7.392894736842105	72.21379578947315	92.96887321083102	-0.5262650710703607	4.867056364880622	161.9048135011744	0.4990468784946307	208.94730632394885	-127.6754283309007
-15	-40	7.392894736842105	72.21379578947331	92.9646378689618	-0.5262650710703598	4.869282560064227	208.9473063239485	1.071494311479659	208.94730632394885	-127.71703659936237
-30	-40	7.392894736842105	72.0846194163727	92.96432181657936	-1.1247358134632117	5.114200116592809	248.3217848070839	1.137524289545306	289.65465582679684	-254.54159270075644
-15	-20	7.392894736842105	72.21379578947322	92.96767410684308	-0.5262650710703598	4.867391728387586	169.1183139650462	0.5686486867460426	208.94730632394885	-127.6816963773563
-30	20	7.392894736842105	72.10690818273288	92.97246222360772	-1.1262149545549645	5.114066638789462	202.0343716922685	0.620458581397227	289.65465582679684	-254.70785239617217
-30	10	7.392894736842105	72.1108613843557	92.97119276966284	-1.1264772039300384	5.114042973386136	191.84553620187515	0.5321553493533593	289.65465582679684	-254.73734070822582
-30	2	7.392894736842105	72.11202616423512	92.97023621887871	-1.126554468169279	5.114036001055378	190.1734118532157	0.519077633406982	289.65465582679684	-254.74602920829088
-30	5	7.392894736842105	72.1117752537867	92.970591812443	-1.1265378245445286	5.114037502977328	190.76649913760056	0.5238730858185032	289.65465582679684	-254.74415757959454
-30	-20	7.392894736842105	72.10690818273305	92.96753777639232	-1.1262149545549611	5.114066638789466	202.15575556131162	0.6205929785847953	289.65465582679684	-254.70785239617268
-30	-5	7.392894736842105	72.11177525378675	92.96940818755695	-1.1265378245445286	5.11403750297733	190.78906656591136	0.5238917351059968	289.65465582679684	-254.74415757959474
-30	-10	7.392894736842105	72.11086138435577	92.96880723033716	-1.1264772039300377	5.114042973386138	191.83997598907163	0.5321472603838973	289.65465582679684	-254.73734070822613
-30	-2	7.392894736842105	72.11202616423513	92.9697637811213	-1.1265544681692796	5.1140360010553785	190.184618988501	0.5190863886822642	289.65465582679684	-254.746029208291
-30	0	7.392894736842105	72.11207371427564	92.97	-1.1265576222896478	5.11403571642732	189.73741386947222	0.5157762535065313	289.65465582679684	-254.74638390065596
-60	40	7.392894736842105	61.95991813064527	92.9757057238384	-2.51340970063113	5.777641351883435	158.34793085322465	0.9621136695704863	158.34793085322465	-387.88699608290557
-60	20	7.392894736842105	61.959918130645185	92.97247493094379	-2.515653785825389	5.7776413518834335	130.00282506954474	0.534183913185967	158.34793085322465	-387.9565177503622
-60	10	7.392894736842105	61.95991813064524	92.9711989911803	-2.5160518034225983	5.777641351883434	124.03153043729667	0.4643786596857074	158.34793085322465	-387.9688483192314
-60	2	7.392894736842105	61.95991813064524	92.97023745483793	-2.5161690761885986	5.777641351883435	121.75403614981266	0.4392581308817013	158.34793085322465	-387.9724814247217
-60	5	7.392894736842105	61.95991813064523	92.97059490689131	-2.51614381393706	5.777641351883435	121.96498252063955	0.44155371624153733	158.34793085322465	-387.971698801203
-60	-10	7.392894736842105	61.95991813064524	92.96880100881971	-2.516051803422599	5.777641351883433	124.03153043729667	0.4643786596857074	158.34793085322465	-387.96884831923137
-60	0	7.392894736842105	61.95991813064524	92.97000000000004	-2.516173863638034	5.777641351883435	121.56106957369947	0.4375357369001536	158.34793085322465	-387.9726297397092
-60	-5	7.392894736842105	61.959918130645256	92.9694050931087	-2.5161438139370595	5.777641351883435	121.9649825206397	0.4415537162415375	158.34793085322465	-387.97169880120316
-60	-40	7.392894736842105	61.95991813064524	92.96429427616165	-2.513409700631131	5.777641351883434	158.34793085322372	0.9621136695704805	158.34793085322465	-387.8869960829054
-60	-20	7.392894736842105	61.959918130645335	92.96752506905624	-2.5156537858253816	5.7776413518834335	130.0028250695445	0.5341839131859674	158.34793085322465	-387.95651775036293
-60	-2	7.392894736842105	61.959918130645214	92.96976254516208	-2.516169076188601	5.777641351883436	121.75403614981259	0.43925813088170107	158.34793085322465	-387.9724814247216
30	40	6.824210526315789	66.65690180564123	92.97646968322006	1.2282812718139966	4.869652777177754	285.12444214328065	1.1609472609157534	289.65465582679684	233.20244868503235
60	40	6.824210526315789	59.33469009331795	92.97595817019258	2.6681943101725967	5.745570412553642	158.34793085322454	0.9621136695704855	158.34793085322485	374.39638179712125
60	20	6.824210526315789	59.33469009331785	92.97258443278989	2.670537683580226	5.745570412553642	130.0028250695445	0.5341839131859674	158.34793085322485	374.46590346457793
60	10	6.824210526315789	59.3346900933179	92.97125203983128	2.6709533112290575	5.745570412553644	124.03153043729667	0.4643786596857074	158.34793085322485	374.47823403344717
60	0	6.824210526315789	59.33469009331794	92.96999999999998	2.671080771926053	5.745570412553641	121.56106957369947	0.4375357369001536	158.34793085322485	374.48201545392493
60	5	6.824210526315789	59.334690093317924	92.97062122819254	2.6710493926939507	5.7455704125536435	121.96498252063964	0.44155371624153733	158.34793085322485	374.48108451541884
60	2	6.824210526315789	59.33469009331794	92.97024796088584	2.6710757726587686	5.745570412553644	121.75403614981266	0.4392581308817013	158.34793085322485	374.48186713893756
60	-2	6.824210526315789	59.33469009331792	92.96975203911414	2.6710757726587695	5.745570412553643	121.75403614981266	0.4392581308817013	158.34793085322485	374.48186713893733
60	-5	6.824210526315789	59.33469009331794	92.96937877180747	2.671049392693949	5.745570412553643	121.96498252063955	0.44155371624153733	158.34793085322485	374.48108451541884
60	-40	6.824210526315789	59.334690093317924	92.96404182980743	2.6681943101725984	5.745570412553643	158.34793085322465	0.9621136695704863	158.34793085322485	374.39638179712114
60	-10	6.824210526315789	59.33469009331792	92.9687479601688	2.6709533112290575	5.745570412553644	124.03153043729667	0.4643786596857074	158.34793085322485	374.4782340334473
60	-20	6.824210526315789	59.334690093318	92.96741556721014	2.6705376835802177	5.7455704125536435	130.00282506954485	0.5341839131859674	158.34793085322485	374.4659034645787
30	10	6.824210526315789	66.65888842105215	92.97136150084887	1.228438934629292	4.866863642048071	226.65094664715792	0.5720671613440648	289.65465582679684	233.12554023787845
30	20	6.824210526315789	66.65888842105215	92.97281037978942	1.2284389346292932	4.867315606420594	237.0260016746694	0.653707430624397	289.65465582679684	233.14060395921766
30	-40	6.824210526315789	66.65690180564157	92.96353031677995	1.2282812718139904	4.869652777177768	285.0508324583801	1.1607632802776098	289.65465582679684	233.20244868503366
30	5	6.824210526315789	66.65888842105215	92.97067553977949	1.2284389346292925	4.86675916055096	223.07254302505822	0.5454146250226543	289.65465582679684	233.12205792764945
30	-2	6.824210526315789	66.6588884210522	92.96973036084938	1.2284389346292914	4.866730474287473	222.77350325957948	0.5431188612706939	289.65465582679684	233.12110183043103
30	2	6.824210526315789	66.65888842105217	92.97026963915059	1.2284389346292923	4.866730474287475	222.77350325957948	0.5431188612706939	289.65465582679684	233.12110183043106
30	-10	6.824210526315789	66.65888842105217	92.96863849915117	1.2284389346292925	4.866863642048072	226.65094664715792	0.5720671613440648	289.65465582679684	233.12554023787857
30	-20	6.824210526315789	66.65888842105223	92.96718962021059	1.2284389346292903	4.867315606420597	237.02600167466898	0.6537074306243956	289.65465582679684	233.14060395921783
15	40	6.824210526315789	66.65888842105194	92.97580897529137	0.5701204936595593	4.591010054104648	208.9473063239485	1.071494311479659	208.94730632394885	115.91547061566467
30	0	6.824210526315789	66.65888842105215	92.97000000000003	1.2284389346292925	4.8667250379535165	222.47987122400644	0.5413679272530499	289.65465582679684	233.12092064044168
30	-5	6.824210526315789	66.65888842105217	92.96932446022058	1.228438934629293	4.866759160550961	223.0725430250584	0.5454146250226548	289.65465582679684	233.12205792764956
15	20	6.824210526315789	66.65888842105213	92.9725197175867	0.5701204936595572	4.588961653121635	169.1183139650462	0.5686486867460426	208.94730632394885	115.88013039365921
15	10	6.824210526315789	66.65888842105218	92.97122068826644	0.5701204936595567	4.588598342655764	161.9048135011744	0.4990468784946307	208.94730632394885	115.87386234720385
15	2	6.824210526315789	66.65888842105217	92.97024175184876	0.5701204936595569	4.588491296074032	159.36444227861782	0.47547541360277784	208.94730632394885	115.87201551643452
15	5	6.824210526315789	66.65888842105214	92.97060567239673	0.5701204936595572	4.588514355457438	161.70000098460423	0.49712029252065854	208.94730632394885	115.87241335051853
15	-5	6.824210526315789	66.6588884210522	92.96939432760331	0.5701204936595564	4.588514355457439	161.70000098460406	0.49712029252065815	208.94730632394885	115.87241335051858
15	0	6.824210526315789	66.65888842105217	92.97	0.5701204936595569	4.588486926090151	159.21754043662796	0.4748265554006865	208.94730632394885	115.87194012289497
15	-2	6.824210526315789	66.65888842105217	92.96975824815125	0.5701204936595567	4.588491296074032	159.3644422786177	0.47547541360277745	208.94730632394885	115.8720155164345
15	-10	6.824210526315789	66.65888842105215	92.9687793117336	0.5701204936595575	4.588598342655763	161.90481350117443	0.4990468784946307	208.94730632394885	115.87386234720381
15	-20	6.824210526315789	66.65888842105225	92.96748028241335	0.5701204936595564	4.588961653121644	169.11831396504618	0.5686486867460426	208.94730632394885	115.88013039365954
10	40	6.824210526315789	66.65888842105227	92.97569759858311	0.37517420513536365	4.547609233189203	196.7584029510415	1.0452281726968131	196.7584029510415	77.26821858245029
10	5	6.824210526315789	66.65888842105217	92.97059405971214	0.3751742051353644	4.545208318206067	151.64673520765294	0.4789024559497826	196.7584029510415	77.24042752454338
15	-40	6.824210526315789	66.6588884210523	92.96419102470867	0.5701204936595562	4.59101005410467	208.9473063239486	1.071494311479659	208.94730632394885	115.91547061566547
10	-40	6.824210526315789	66.65888842105198	92.96430240141689	0.37517420513536576	4.5476092331891875	196.75840295104123	1.0452281726968118	196.7584029510415	77.2682185824499
10	20	6.824210526315789	66.65888842105217	92.97247140651	0.37517420513536437	4.545638628037383	160.40994563882595	0.5666088959451231	196.7584029510415	77.24540844453595
10	-5	6.824210526315789	66.65888842105217	92.96940594028787	0.3751742051353646	4.545208318206069	151.64673520765302	0.4789024559497828	196.7584029510415	77.24042752454342
10	10	6.824210526315789	66.65888842105218	92.97119728375284	0.37517420513536454	4.545289115670569	153.86231790247257	0.500158143400352	196.7584029510415	77.24136277091009
10	-2	6.824210526315789	66.65888842105217	92.96976288331044	0.3751742051353643	4.545186134590599	151.71032809136534	0.47829177891276536	196.7584029510415	77.24017074487963
5	40	6.824210526315789	66.65888842105217	92.9756324725166	0.18615126094039827	4.522620455149034	189.11064760587033	1.0179821831308882	189.1106476058704	38.636507885348195
10	0	6.824210526315789	66.65888842105218	92.97	0.37517420513536415	4.545181930573503	151.50420912154348	0.4776419549358217	196.7584029510415	77.24012208256406
10	-10	6.824210526315789	66.65888842105217	92.96880271624714	0.37517420513536437	4.545289115670569	153.86231790247282	0.500158143400352	196.7584029510415	77.24136277091004
10	2	6.824210526315789	66.65888842105218	92.97023711668956	0.3751742051353643	4.5451861345905975	151.71032809136534	0.47829177891276536	196.7584029510415	77.24017074487962
10	-20	6.824210526315789	66.65888842105218	92.96752859348999	0.3751742051353655	4.545638628037386	160.40994563882583	0.5666088959451228	196.7584029510415	77.24540844453608
5	20	6.824210526315789	66.65888842105221	92.9724431572428	0.18615126094039752	4.520694642301086	154.90879034742605	0.5595413416624124	189.1106476058704	38.62531948094913
5	10	6.824210526315789	66.65888842105217	92.97118359827112	0.18615126094039758	4.520353074429961	148.79645122037024	0.49603511809941575	189.1106476058704	38.62333507240394
5	5	6.824210526315789	66.65888842105213	92.97058726934743	0.18615126094039755	4.520274113510233	146.86407156685885	0.4758242312067206	189.1106476058704	38.622876332759205
5	-40	6.824210526315789	66.65888842105217	92.96436752748336	0.18615126094039908	4.522620455149035	189.11064760587033	1.0179821831308882	189.1106476058704	38.63650788534825
5	-2	6.824210526315789	66.65888842105218	92.96976559365883	0.1861512609403973	4.520252434133395	146.77729081893727	0.4755065933374407	189.1106476058704	38.6227503819767
5	2	6.824210526315789	66.6588884210522	92.97023440634113	0.18615126094039738	4.520252434133394	146.77729081893727	0.4755065933374407	189.1106476058704	38.62275038197671
2	40	6.824210526315789	66.65888842105217	92.9756144594352	0.07430157247712048	4.515759578430515	188.1820211357106	1.0294474934500182	188.18202113571078	15.455133014509846
2	20	6.824210526315789	66.6588884210521	92.9724353438376	0.0743015724771196	4.513846063681905	152.75154836656986	0.5505475951851407	188.18202113571078	15.450681487169186
5	-20	6.824210526315789	66.65888842105224	92.96755684275719	0.18615126094039705	4.52069464230109	154.90879034742605	0.5595413416624124	189.1106476058704	38.62531948094914
5	0	6.824210526315789	66.65888842105218	92.97	0.1861512609403977	4.520248325674566	146.67715920122734	0.47518220225380003	189.1106476058704	38.622726513043204
5	-5	6.824210526315789	66.65888842105221	92.96941273065256	0.1861512609403973	4.520274113510234	146.8640715668587	0.47582423120672024	189.1106476058704	38.62287633275924
5	-10	6.824210526315789	66.65888842105225	92.96881640172882	0.18615126094039725	4.520353074429969	148.79645122037024	0.49603511809941575	189.1106476058704	38.62333507240401
2	5	6.824210526315789	66.65888842105217	92.97058539121477	0.07430157247711998	4.513428220357013	144.90897566434944	0.46945391196226344	188.18202113571078	15.449709432479711
2	10	6.824210526315789	66.65888842105218	92.9711798130326	0.07430157247711976	4.513506677038113	146.96932275284232	0.4890863670108592	188.18202113571078	15.44989195109432
2	2	6.824210526315789	66.65888842105218	92.97023365669163	0.07430157247711947	4.513406679423083	144.84938043600636	0.4692608444662599	188.18202113571078	15.449659320476936
2	0	6.824210526315789	66.65888842105217	92.96999999999996	0.07430157247711945	4.513402597200568	144.80980158203897	0.46913262295519903	188.18202113571078	15.449649823751002
2	-2	6.824210526315789	66.65888842105217	92.9697663433084	0.07430157247711981	4.513406679423081	144.84938043600636	0.4692608444662599	188.18202113571078	15.449659320476954
2	-40	6.824210526315789	66.65888842105231	92.96438554056482	0.07430157247712074	4.515759578430522	188.1820211357106	1.0294474934500182	188.18202113571078	15.455133014509913
2	-10	6.824210526315789	66.65888842105217	92.96882018696742	0.07430157247711995	4.513506677038115	146.96932275284232	0.4890863670108592	188.18202113571078	15.449891951094335
0	5	6.824210526315789	66.65888842105215	92.97058503461028	-0.0000000000000003997269264782496	4.51213085510598	144.45726700345176	0.46799053540499036	187.404022058532	-0.000000000000026645352591003757
0	10	6.824210526315789	66.65888842105217	92.97117909432237	0.0000000000000000799453852956499	4.51220921622881	146.40939223322815	0.48722302316135985	187.404022058532	0.000000000000005329070518200751
0	40	6.824210526315789	66.65888842105224	92.97561103925821	-0.00000000000000070618423677824	4.514459373643934	187.404022058532	1.0218515296573385	187.404022058532	-0.00000000000004707345624410664
2	-5	6.824210526315789	66.65888842105218	92.96941460878523	0.07430157247711996	4.513428220357015	144.90897566434944	0.46945391196226344	188.18202113571078	15.44970943247972
2	-20	6.824210526315789	66.6588884210523	92.9675646561624	0.07430157247711967	4.513846063681914	152.75154836656984	0.5505475951851407	188.18202113571078	15.450681487169255
0	2	6.824210526315789	66.65888842105215	92.9702335143543	-0.00000000000000013990442426738735	4.5121093404083625	144.45726700345176	0.46799053540499036	187.404022058532	-0.000000000000009325873406851315
0	0	6.824210526315789	66.65888842105218	92.97000000000001	-0.00000000000000028647096397607873	4.5121052631578955	144.45726700345176	0.46799053540499036	187.404022058532	-0.000000000000019095836023552692
0	-10	6.824210526315789	66.65888842105221	92.96882090567763	-0.00000000000000026648461765216614	4.512209216228814	146.40939223322815	0.48722302316135985	187.404022058532	-0.000000000000017763568394002505
0	-2	6.824210526315789	66.65888842105217	92.96976648564575	-0.00000000000000010659384706086653	4.512109340408364	144.45726700345176	0.46799053540499036	187.404022058532	-0.000000000000007105427357601002
0	20	6.824210526315789	66.65888842105211	92.97243386029194	0.00000000000000033976788750651237	4.512548189508202	152.26576792255727	0.5480669907336725	187.404022058532	0.000000000000022648549702353193
0	-5	6.824210526315789	66.65888842105218	92.96941496538976	-0.00000000000000015989077059129977	4.512130855105977	144.45726700345176	0.46799053540499036	187.404022058532	-0.000000000000010658141036401503
0	-40	6.824210526315789	66.65888842105203	92.96438896074183	0.0000000000000005995903897173756	4.514459373643926	187.404022058532	1.0218515296573385	187.404022058532	0.000000000000039968028886505635
0	-20	6.824210526315789	66.65888842105225	92.9675661397081	0.00000000000000017987711691521204	4.51254818950821	152.26576792255727	0.5480669907336725	187.404022058532	0.00000000000001199040866595169
-2	10	6.824210526315789	66.65888842105215	92.97117981303263	-0.07430157247711988	4.513506677038114	146.96932275284232	0.4890863670108592	188.18202113571078	-15.449891951094326
-2	40	6.824210526315789	66.65888842105218	92.97561445943519	-0.07430157247712031	4.515759578430515	188.18202113571078	1.029447493450019	188.18202113571078	-15.455133014509839
-2	0	6.824210526315789	66.65888842105217	92.97	-0.07430157247711978	4.513402597200569	144.80980158203897	0.46913262295519903	188.18202113571078	-15.449649823751026
-2	20	6.824210526315789	66.65888842105208	92.97243534383762	-0.07430157247711916	4.513846063681905	152.75154836656984	0.5505475951851407	188.18202113571078	-15.450681487169152
-2	2	6.824210526315789	66.65888842105218	92.9702336566916	-0.07430157247711998	4.513406679423083	144.84938043600636	0.4692608444662599	188.18202113571078	-15.449659320476972
-2	5	6.824210526315789	66.65888842105218	92.97058539121478	-0.07430157247711977	4.513428220357013	144.90897566434944	0.46945391196226344	188.18202113571078	-15.449709432479702
-2	-5	6.824210526315789	66.65888842105221	92.96941460878521	-0.07430157247711969	4.513428220357012	144.90897566434944	0.46945391196226344	188.18202113571078	-15.449709432479702
-2	-40	6.824210526315789	66.65888842105231	92.96438554056485	-0.0743015724771203	4.515759578430523	188.18202113571078	1.029447493450019	188.18202113571078	-15.455133014509887
-2	-20	6.824210526315789	66.65888842105227	92.96756465616247	-0.07430157247711887	4.513846063681915	152.75154836656986	0.5505475951851407	188.18202113571078	-15.450681487169197
-15	40	6.824210526315789	66.65888842105191	92.9758089752914	-0.5701204936595594	4.59101005410465	208.9473063239486	1.071494311479659	208.94730632394885	-115.91547061566469
-15	20	6.824210526315789	66.65888842105213	92.97251971758666	-0.5701204936595572	4.588961653121634	169.11831396504618	0.5686486867460426	208.94730632394885	-115.8801303936592
-2	-2	6.824210526315789	66.65888842105218	92.96976634330835	-0.07430157247711956	4.513406679423081	144.84938043600636	0.4692608444662599	188.18202113571078	-15.44965932047694
-2	-10	6.824210526315789	66.65888842105221	92.96882018696738	-0.07430157247711966	4.513506677038111	146.96932275284232	0.4890863670108592	188.18202113571078	-15.449891951094317
-15	10	6.824210526315789	66.6588884210522	92.9712206882664	-0.5701204936595569	4.588598342655763	161.90481350117443	0.4990468784946307	208.94730632394885	-115.87386234720385
-15	5	6.824210526315789	66.65888842105217	92.97060567239672	-0.5701204936595567	4.588514355457437	161.7000009846042	0.49712029252065854	208.94730632394885	-115.87241335051854
-15	-40	6.824210526315789	66.65888842105232	92.96419102470865	-0.5701204936595563	4.591010054104669	208.9473063239485	1.071494311479659	208.94730632394885	-115.91547061566551
-15	40	6.824210526315789	66.65888842105191	92.9758089752914	-0.5701204936595594	4.59101005410465	208.9473063239486	1.071494311479659	208.94730632394885	-115.91547061566469
-15	0	6.824210526315789	66.65888842105218	92.97	-0.5701204936595574	4.588486926090153	159.21754043662796	0.4748265554006865	208.94730632394885	-115.87194012289505
-15	-2	6.824210526315789	66.65888842105217	92.96975824815125	-0.5701204936595575	4.588491296074033	159.36444227861782	0.47547541360277784	208.94730632394885	-115.87201551643459
-15	2	6.824210526315789	66.65888842105218	92.97024175184876	-0.5701204936595571	4.588491296074032	159.36444227861762	0.47547541360277723	208.94730632394885	-115.87201551643454
-15	-10	6.824210526315789	66.65888842105215	92.96877931173358	-0.5701204936595576	4.588598342655763	161.9048135011744	0.4990468784946307	208.94730632394885	-115.87386234720383
-15	-5	6.824210526315789	66.6588884210522	92.96939432760331	-0.5701204936595565	4.588514355457438	161.70000098460412	0.49712029252065815	208.94730632394885	-115.87241335051858
-15	-20	6.824210526315789	66.65888842105225	92.96748028241335	-0.570120493659556	4.588961653121642	169.1183139650462	0.5686486867460426	208.94730632394885	-115.88013039365948
-15	10	6.824210526315789	66.6588884210522	92.9712206882664	-0.5701204936595569	4.588598342655763	161.90481350117443	0.4990468784946307	208.94730632394885	-115.87386234720385
-15	20	6.824210526315789	66.65888842105213	92.97251971758666	-0.5701204936595572	4.588961653121634	169.11831396504618	0.5686486867460426	208.94730632394885	-115.8801303936592
-30	40	6.824210526315789	66.65690180564121	92.97646968322007	-1.228281271813997	4.869652777177755	285.12444214328065	1.1609472609157534	289.65465582679684	-233.2024486850324
-15	5	6.824210526315789	66.65888842105217	92.97060567239672	-0.5701204936595567	4.588514355457437	161.7000009846042	0.49712029252065854	208.94730632394885	-115.87241335051854
-15	2	6.824210526315789	66.65888842105218	92.97024175184876	-0.5701204936595571	4.588491296074032	159.36444227861762	0.47547541360277723	208.94730632394885	-115.87201551643454
-15	-2	6.824210526315789	66.65888842105217	92.96975824815125	-0.5701204936595575	4.588491296074033	159.36444227861782	0.47547541360277784	208.94730632394885	-115.87201551643459
-15	0	6.824210526315789	66.65888842105218	92.97	-0.5701204936595574	4.588486926090153	159.21754043662796	0.4748265554006865	208.94730632394885	-115.87194012289505
-30	-40	6.824210526315789	66.65690180564155	92.96353031678	-1.2282812718139913	4.86965277717777	285.0508324583801	1.1607632802776104	289.65465582679684	-233.20244868503374
-15	-5	6.824210526315789	66.6588884210522	92.96939432760331	-0.5701204936595565	4.588514355457438	161.70000098460412	0.49712029252065815	208.94730632394885	-115.87241335051858
-15	-40	6.824210526315789	66.65888842105232	92.96419102470865	-0.5701204936595563	4.591010054104669	208.9473063239485	1.071494311479659	208.94730632394885	-115.91547061566551
-30	2	6.824210526315789	66.65888842105218	92.97026963915059	-1.2284389346292923	4.866730474287471	222.77350325957948	0.5431188612706939	289.65465582679684	-233.121101830431
-30	20	6.824210526315789	66.65888842105218	92.97281037978942	-1.2284389346292923	4.867315606420595	237.02600167466946	0.653707430624397	289.65465582679684	-233.14060395921774
-30	10	6.824210526315789	66.65888842105213	92.9713615008489	-1.2284389346292937	4.866863642048072	226.65094664715792	0.5720671613440648	289.65465582679684	-233.12554023787845
-15	-10	6.824210526315789	66.65888842105215	92.96877931173358	-0.5701204936595576	4.588598342655763	161.9048135011744	0.4990468784946307	208.94730632394885	-115.87386234720383
-30	-10	6.824210526315789	66.65888842105217	92.96863849915117	-1.228438934629292	4.866863642048071	226.65094664715792	0.5720671613440648	289.65465582679684	-233.1255402378785
-30	-5	6.824210526315789	66.65888842105217	92.96932446022053	-1.2284389346292925	4.866759160550958	223.0725430250584	0.5454146250226548	289.65465582679684	-233.12205792764945
-30	5	6.824210526315789	66.65888842105217	92.97067553977948	-1.2284389346292925	4.86675916055096	223.07254302505822	0.5454146250226543	289.65465582679684	-233.1220579276495
-30	-2	6.824210526315789	66.65888842105218	92.96973036084938	-1.228438934629292	4.866730474287474	222.77350325957948	0.5431188612706939	289.65465582679684	-233.12110183043106
-30	0	6.824210526315789	66.65888842105218	92.96999999999998	-1.2284389346292919	4.866725037953513	222.47987122400644	0.5413679272530499	289.65465582679684	-233.1209206404416
-15	-20	6.824210526315789	66.65888842105225	92.96748028241335	-0.570120493659556	4.588961653121642	169.1183139650462	0.5686486867460426	208.94730632394885	-115.88013039365948
-30	-20	6.824210526315789	66.65888842105221	92.96718962021059	-1.2284389346292908	4.867315606420597	237.02600167466892	0.6537074306243956	289.65465582679684	-233.1406039592178
-60	40	6.824210526315789	59.33469009331795	92.97595817019257	-2.6681943101725976	5.745570412553644	158.34793085322437	0.9621136695704843	158.34793085322465	-374.3963817971214
-60	20	6.824210526315789	59.33469009331785	92.9725844327899	-2.6705376835802257	5.7455704125536435	130.00282506954485	0.5341839131859674	158.34793085322465	-374.465903464578
-60	-2	6.824210526315789	59.33469009331792	92.96975203911411	-2.671075772658769	5.7455704125536435	121.75403614981259	0.43925813088170107	158.34793085322465	-374.4818671389374
-60	5	6.824210526315789	59.33469009331789	92.97062122819254	-2.671049392693951	5.745570412553645	121.96498252063955	0.44155371624153733	158.34793085322465	-374.48108451541873
-60	10	6.824210526315789	59.33469009331789	92.97125203983124	-2.6709533112290575	5.745570412553645	124.03153043729672	0.46437865968570763	158.34793085322465	-374.4782340334471
-60	-5	6.824210526315789	59.33469009331792	92.96937877180753	-2.67104939269395	5.7455704125536435	121.96498252063964	0.44155371624153733	158.34793085322465	-374.4810845154188
-60	-20	6.824210526315789	59.33469009331801	92.96741556721013	-2.670537683580217	5.745570412553642	130.00282506954457	0.5341839131859677	158.34793085322465	-374.4659034645787
-60	-40	6.824210526315789	59.334690093317924	92.9640418298074	-2.6681943101725984	5.745570412553643	158.34793085322406	0.9621136695704826	158.34793085322465	-374.39638179712114
-60	2	6.824210526315789	59.334690093317924	92.97024796088587	-2.671075772658769	5.745570412553645	121.75403614981266	0.4392581308817013	158.34793085322465	-374.4818671389375
-60	0	6.824210526315789	59.334690093317924	92.96999999999997	-2.6710807719260536	5.7455704125536435	121.56106957369947	0.4375357369001536	158.34793085322465	-374.48201545392493
60	40	6.255526315789473	56.70946205599065	92.97623398933942	2.8221104353534643	5.710530179350853	158.34793085322485	0.9621136695704873	158.34793085322485	360.4747969741754
-60	-10	6.824210526315789	59.334690093317924	92.96874796016877	-2.6709533112290558	5.745570412553644	124.03153043729657	0.4643786596857071	158.34793085322465	-374.4782340334473
60	20	6.255526315789473	56.70946205599062	92.97270407288477	2.824562289592131	5.710530179350852	130.00282506954426	0.5341839131859666	158.34793085322485	360.54431864163246
30	40	6.255526315789473	61.10398105263106	92.97706807642071	1.3401152014137743	4.618045254742373	289.65465582679684	1.1901892574935415	289.65465582679684	212.00615487298484
60	10	6.255526315789473	56.70946205599063	92.97131000000138	2.8249971577224864	5.710530179350854	124.03153043729672	0.46437865968570763	158.34793085322485	360.5566492105014
60	5	6.255526315789473	56.70946205599062	92.9706499864563	2.8250976870475126	5.710530179350852	121.96498252063964	0.44155371624153733	158.34793085322485	360.55949969247285
60	2	6.255526315789473	56.70946205599062	92.97025943963824	2.825125288209303	5.710530179350851	121.75403614981266	0.4392581308817013	158.34793085322485	360.56028231599146
30	10	6.255526315789473	61.10398105263113	92.97148527365331	1.3401152014137738	4.614772298502203	226.65094664715804	0.572067161344065	289.65465582679684	211.9061595449423
60	0	6.255526315789473	56.70946205599062	92.97	2.825130518905633	5.710530179350851	121.56106957369947	0.4375357369001536	158.34793085322485	360.56043063097894
60	-40	6.255526315789473	56.70946205599062	92.96376601066062	2.8221104353534665	5.710530179350852	158.34793085322457	0.9621136695704855	158.34793085322485	360.47479697417526
60	-2	6.255526315789473	56.709462055990606	92.96974056036181	2.8251252882093034	5.710530179350852	121.75403614981273	0.4392581308817016	158.34793085322485	360.5602823159914
30	20	6.255526315789473	61.10398105263117	92.9730658688612	1.3401152014137738	4.615265350544958	237.02600167466912	0.6537074306243961	289.65465582679684	211.92122326628171
60	-5	6.255526315789473	56.70946205599059	92.96935001354375	2.825097687047514	5.710530179350852	121.96498252063981	0.4415537162415379	158.34793085322485	360.55949969247274
60	-20	6.255526315789473	56.709462055990684	92.96729592711525	2.824562289592125	5.710530179350851	130.00282506954485	0.5341839131859674	158.34793085322485	360.5443186416327
60	-10	6.255526315789473	56.70946205599062	92.96868999999862	2.8249971577224864	5.710530179350852	124.03153043729667	0.4643786596857074	158.34793085322485	360.55664921050135
30	-40	6.255526315789473	61.103981052631184	92.96293192357928	1.3401152014137725	4.618045254742378	289.6546558267964	1.19018925749354	289.65465582679684	212.0061548729853
30	5	6.255526315789473	61.103981052631156	92.97073695248667	1.3401152014137732	4.614658318687171	223.0725430250584	0.5454146250226548	289.65465582679684	211.90267723471334
30	2	6.255526315789473	61.10398105263117	92.97029415180069	1.3401152014137734	4.614627024581551	222.77350325957948	0.5431188612706939	289.65465582679684	211.90172113749495
30	-2	6.255526315789473	61.10398105263117	92.96970584819935	1.340115201413773	4.614627024581551	222.7735032595794	0.5431188612706935	289.65465582679684	211.90172113749495
30	0	6.255526315789473	61.10398105263113	92.97000000000006	1.3401152014137738	4.614621094035414	222.47987122400644	0.5413679272530499	289.65465582679684	211.90153994750543
30	-5	6.255526315789473	61.103981052631156	92.96926304751337	1.340115201413774	4.614658318687171	223.0725430250584	0.5454146250226548	289.65465582679684	211.90267723471337
30	-20	6.255526315789473	61.10398105263125	92.96693413113884	1.3401152014137703	4.6152653505449575	237.02600167466917	0.6537074306243961	289.65465582679684	211.92122326628177
30	-10	6.255526315789473	61.10398105263114	92.96851472634674	1.3401152014137738	4.6147722985022055	226.65094664715804	0.572067161344065	289.65465582679684	211.90615954494243
15	40	6.255526315789473	61.10398105263092	92.97633706395422	0.6219496294467932	4.313841111654836	208.94730632394877	1.07149431147966	208.94730632394885	104.93151091843963
15	-5	6.255526315789473	61.10398105263119	92.96933926647628	0.6219496294467887	4.31111853131242	161.7000009846042	0.49712029252065854	208.94730632394885	104.88845365329341
15	20	6.255526315789473	61.10398105263114	92.9727487828218	0.6219496294467894	4.311606492400639	169.1183139650462	0.5686486867460426	208.94730632394885	104.8961706964341
15	2	6.255526315789473	61.10398105263117	92.97026372928953	0.6219496294467891	4.311093375621431	159.3644422786177	0.47547541360277745	208.94730632394885	104.88805581920931
15	5	6.255526315789473	61.10398105263117	92.97066073352369	0.621949629446789	4.311118531312419	161.70000098460412	0.49712029252065815	208.94730632394885	104.88845365329337
15	10	6.255526315789473	61.103981052631184	92.97133165992705	0.6219496294467893	4.311210153710596	161.9048135011744	0.4990468784946307	208.94730632394885	104.88990264997874
15	0	6.255526315789473	61.103981052631184	92.96999999999997	0.621949629446789	4.311088608366288	159.21754043662796	0.4748265554006865	208.94730632394885	104.88798042566978
15	-10	6.255526315789473	61.10398105263114	92.96866834007301	0.6219496294467897	4.311210153710592	161.90481350117443	0.4990468784946307	208.94730632394885	104.8899026499786
15	-2	6.255526315789473	61.10398105263117	92.96973627071046	0.6219496294467897	4.311093375621433	159.3644422786177	0.47547541360277745	208.94730632394885	104.88805581920937
15	-20	6.255526315789473	61.103981052631205	92.96725121717817	0.6219496294467889	4.3116064924006405	169.11831396504618	0.5686486867460426	208.94730632394885	104.89617069643421
10	40	6.255526315789473	61.10398105263127	92.97621556209066	0.4092809510567602	4.266494761565254	196.7584029510415	1.0452281726968131	196.7584029510415	69.89880500535189
15	-40	6.255526315789473	61.10398105263131	92.9636629360458	0.6219496294467886	4.313841111654854	208.9473063239488	1.0714943114796596	208.94730632394885	104.93151091844031
10	20	6.255526315789473	61.10398105263114	92.97269607982913	0.4092809510567614	4.264345010490543	160.40994563882583	0.5666088959451228	196.7584029510415	69.87599486743756
10	10	6.255526315789473	61.10398105263114	92.97130612773039	0.40928095105676127	4.263963724272197	153.86231790247257	0.500158143400352	196.7584029510415	69.87194919381163
10	5	6.255526315789473	61.10398105263114	92.97064806514051	0.40928095105676143	4.263875581583652	151.64673520765302	0.4789024559497828	196.7584029510415	69.87101394744496
10	2	6.255526315789473	61.10398105263117	92.9702586727523	0.40928095105676093	4.263851381275869	151.71032809136534	0.47829177891276536	196.7584029510415	69.87075716778122
10	0	6.255526315789473	61.10398105263117	92.97000000000003	0.40928095105676066	4.263846795075401	151.5042091215436	0.47764195493582207	196.7584029510415	69.87070850546564
5	40	6.255526315789473	61.103981052631205	92.9761445154727	0.20307410284407	4.239234276430531	189.1106476058704	1.0179821831308888	189.1106476058704	34.93772611547187
10	-2	6.255526315789473	61.103981052631156	92.96974132724776	0.4092809510567613	4.263851381275869	151.71032809136534	0.47829177891276536	196.7584029510415	69.87075716778124
10	-5	6.255526315789473	61.10398105263119	92.96935193485949	0.4092809510567609	4.263875581583654	151.64673520765302	0.4789024559497828	196.7584029510415	69.87101394744501
10	-10	6.255526315789473	61.10398105263114	92.96869387226958	0.40928095105676104	4.263963724272199	153.86231790247294	0.5001581434003524	196.7584029510415	69.87194919381163
10	-40	6.255526315789473	61.10398105263109	92.96378443790937	0.4092809510567631	4.266494761565245	196.75840295104123	1.0452281726968118	196.7584029510415	69.89880500535176
10	-20	6.255526315789473	61.10398105263117	92.9673039201709	0.4092809510567621	4.264345010490544	160.40994563882595	0.5666088959451231	196.7584029510415	69.87599486743764
5	20	6.255526315789473	61.10398105263122	92.97266526244672	0.20307410284406952	4.2371333896873145	154.90879034742605	0.5595413416624124	189.1106476058704	34.926537711072804
5	10	6.255526315789473	61.10398105263113	92.97129119811396	0.20307410284407	4.2367607701915375	148.79645122037024	0.49603511809941575	189.1106476058704	34.924553302527585
5	-10	6.255526315789473	61.103981052631205	92.96870880188607	0.20307410284406954	4.236760770191545	148.79645122037024	0.49603511809941575	189.1106476058704	34.92455330252764
5	0	6.255526315789473	61.10398105263117	92.97000000000003	0.20307410284406993	4.236646498822014	146.67715920122734	0.47518220225380003	189.1106476058704	34.92394474316686
5	5	6.255526315789473	61.10398105263113	92.97064065746993	0.20307410284407007	4.236674631006378	146.86407156685885	0.4758242312067206	189.1106476058704	34.92409456288288
5	-2	6.255526315789473	61.10398105263117	92.96974428399146	0.20307410284406954	4.236650980777101	146.77729081893713	0.4755065933374404	189.1106476058704	34.92396861210036
5	2	6.255526315789473	61.10398105263117	92.97025571600858	0.20307410284406976	4.236650980777101	146.77729081893713	0.4755065933374404	189.1106476058704	34.92396861210037
5	-5	6.255526315789473	61.103981052631184	92.96935934253008	0.2030741028440699	4.236674631006381	146.8640715668587	0.47582423120672024	189.1106476058704	34.924094562882914
2	40	6.255526315789473	61.103981052631156	92.9761248648384	0.08105626088413156	4.231749683646686	188.18202113571078	1.029447493450019	188.18202113571078	13.974041601465379
5	-40	6.255526315789473	61.10398105263113	92.96385548452734	0.2030741028440711	4.239234276430525	189.11064760587033	1.0179821831308882	189.1106476058704	34.93772611547186
5	-20	6.255526315789473	61.103981052631106	92.96733473755332	0.20307410284407007	4.23713338968731	154.90879034742605	0.5595413416624124	189.1106476058704	34.92653771107275
2	20	6.255526315789473	61.10398105263113	92.97265673873189	0.08105626088413048	4.2296622130118395	152.75154836657	0.550547595185141	188.18202113571078	13.96959007412472
2	-40	6.255526315789473	61.1039810526313	92.96387513516166	0.08105626088413175	4.231749683646695	188.1820211357106	1.0294474934500182	188.18202113571078	13.974041601465442
2	-5	6.255526315789473	61.10398105263117	92.96936139140209	0.08105626088413069	4.229206383930139	144.90897566434944	0.46945391196226344	188.18202113571078	13.968618019435231
2	0	6.255526315789473	61.10398105263117	92.96999999999997	0.08105626088413066	4.229178431395835	144.80980158203897	0.46913262295519903	188.18202113571078	13.968558410706551
2	-20	6.255526315789473	61.103981052631205	92.96734326126813	0.08105626088413055	4.229662213011846	152.75154836656984	0.5505475951851407	188.18202113571078	13.969590074124756
2	-10	6.255526315789473	61.10398105263117	92.96871293123718	0.08105626088413098	4.229291973036792	146.96932275284232	0.4890863670108592	188.18202113571078	13.968800538049864
-2	40	6.255526315789473	61.10398105263117	92.97612486483843	-0.08105626088413127	4.231749683646685	188.18202113571078	1.029447493450019	188.18202113571078	-13.974041601465363
0	10	6.255526315789473	61.10398105263114	92.97128628471535	0.00000000000000013081972139288167	4.227876561244829	146.40939223322815	0.48722302316135985	187.404022058532	0.000000000000007993605777301126
2	-2	6.255526315789473	61.103981052631184	92.96974510179093	0.08105626088413073	4.229182884729487	144.84938043600636	0.4692608444662599	188.18202113571078	13.96856790743249
2	10	6.255526315789473	61.103981052631156	92.97128706876288	0.08105626088413054	4.229291973036793	146.96932275284232	0.4890863670108592	188.18202113571078	13.968800538049836
2	2	6.255526315789473	61.103981052631156	92.97025489820903	0.08105626088413044	4.229182884729488	144.84938043600636	0.4692608444662599	188.18202113571078	13.968567907432467
2	5	6.255526315789473	61.10398105263117	92.97063860859792	0.08105626088413058	4.229206383930138	144.90897566434944	0.46945391196226344	188.18202113571078	13.96861801943522
0	40	6.255526315789473	61.103981052631234	92.97612113373624	-0.0000000000000008939347628513567	4.230331278424963	187.404022058532	1.0218515296573385	187.404022058532	-0.000000000000054622972811557695
0	5	6.255526315789473	61.10398105263113	92.97063821957485	0.00000000000000018169405749011346	4.227791076383556	144.45726700345176	0.46799053540499036	187.404022058532	0.000000000000011102230246251564
0	20	6.255526315789473	61.10398105263106	92.97265512031849	0.00000000000000023983615588695	4.228246350276889	152.26576792255727	0.5480669907336725	187.404022058532	0.000000000000014654943925052063
0	2	6.255526315789473	61.10398105263114	92.97025474293196	0.000000000000000283442729684577	4.227767605804339	144.45726700345176	0.46799053540499036	187.404022058532	0.000000000000017319479184152442
0	-2	6.255526315789473	61.10398105263119	92.96974525706808	0.0000000000000001162841967936725	4.227767605804339	144.45726700345176	0.46799053540499036	187.404022058532	0.000000000000007105427357601001
0	-5	6.255526315789473	61.10398105263117	92.96936178042519	0.00000000000000003633881149802267	4.2277910763835544	144.45726700345176	0.46799053540499036	187.404022058532	0.000000000000002220446049250313
0	-40	6.255526315789473	61.10398105263104	92.96387886626381	0.0000000000000005087433609723184	4.230331278424955	187.404022058532	1.0218515296573385	187.404022058532	0.00000000000003108624468950438
0	0	6.255526315789473	61.10398105263117	92.97	0.00000000000000022530063128774055	4.227763157894737	144.45726700345176	0.46799053540499036	187.404022058532	0.00000000000001376676550535194
-2	20	6.255526315789473	61.10398105263113	92.9726567387319	-0.08105626088413018	4.2296622130118395	152.75154836656984	0.5505475951851407	188.18202113571078	-13.969590074124703
0	-20	6.255526315789473	61.10398105263122	92.96734487968153	-0.00000000000000009448090989485886	4.228246350276895	152.26576792255727	0.5480669907336725	187.404022058532	-0.000000000000005773159728050813
0	-10	6.255526315789473	61.10398105263119	92.96871371528471	-0.00000000000000013081972139288157	4.227876561244832	146.40939223322815	0.48722302316135985	187.404022058532	-0.000000000000007993605777301127
-2	5	6.255526315789473	61.103981052631156	92.97063860859795	-0.08105626088413073	4.22920638393014	144.90897566434944	0.46945391196226344	188.18202113571078	-13.968618019435231
-2	10	6.255526315789473	61.10398105263114	92.97128706876283	-0.08105626088413086	4.229291973036793	146.96932275284232	0.4890863670108592	188.18202113571078	-13.968800538049853
-2	0	6.255526315789473	61.10398105263117	92.97000000000001	-0.08105626088413102	4.2291784313958365	144.80980158203897	0.46913262295519903	188.18202113571078	-13.968558410706578
-2	2	6.255526315789473	61.10398105263119	92.970254898209	-0.0810562608841312	4.229182884729486	144.84938043600636	0.4692608444662599	188.18202113571078	-13.968567907432519
-2	-5	6.255526315789473	61.103981052631184	92.96936139140207	-0.0810562608841306	4.22920638393014	144.90897566434944	0.46945391196226344	188.18202113571078	-13.96861801943523
-2	-2	6.255526315789473	61.10398105263114	92.969745101791	-0.0810562608841307	4.229182884729489	144.84938043600636	0.4692608444662599	188.18202113571078	-13.968567907432483
-2	-20	6.255526315789473	61.10398105263122	92.96734326126813	-0.08105626088412989	4.229662213011847	152.75154836656986	0.5505475951851407	188.18202113571078	-13.969590074124723
-2	-10	6.255526315789473	61.10398105263113	92.96871293123718	-0.081056260884131	4.229291973036793	146.96932275284232	0.4890863670108592	188.18202113571078	-13.968800538049857
-2	-40	6.255526315789473	61.10398105263131	92.9638751351616	-0.08105626088413143	4.231749683646692	188.18202113571078	1.029447493450019	188.18202113571078	-13.97404160146542
-15	5	6.255526315789473	61.103981052631156	92.9706607335237	-0.6219496294467892	4.311118531312419	161.7000009846042	0.49712029252065854	208.94730632394885	-104.88845365329337
-15	40	6.255526315789473	61.103981052630935	92.97633706395422	-0.6219496294467922	4.313841111654836	208.94730632394885	1.07149431147966	208.94730632394885	-104.93151091843959
-15	-40	6.255526315789473	61.10398105263131	92.96366293604581	-0.6219496294467884	4.313841111654853	208.94730632394868	1.0714943114796596	208.94730632394885	-104.9315109184403
-15	10	6.255526315789473	61.103981052631184	92.971331659927	-0.621949629446789	4.3112101537105945	161.90481350117443	0.4990468784946307	208.94730632394885	-104.88990264997867
-15	20	6.255526315789473	61.10398105263114	92.9727487828218	-0.6219496294467897	4.311606492400637	169.11831396504618	0.5686486867460426	208.94730632394885	-104.8961706964341
-15	0	6.255526315789473	61.103981052631156	92.97000000000001	-0.6219496294467899	4.31108860836629	159.21754043662796	0.4748265554006865	208.94730632394885	-104.88798042566981
-15	2	6.255526315789473	61.10398105263117	92.97026372928956	-0.6219496294467893	4.311093375621432	159.3644422786177	0.47547541360277745	208.94730632394885	-104.88805581920934
-15	-20	6.255526315789473	61.10398105263119	92.96725121717817	-0.6219496294467887	4.3116064924006405	169.1183139650462	0.5686486867460426	208.94730632394885	-104.89617069643417
-15	-2	6.255526315789473	61.10398105263117	92.96973627071041	-0.6219496294467891	4.3110933756214305	159.3644422786177	0.47547541360277745	208.94730632394885	-104.8880558192093
-15	-5	6.255526315789473	61.103981052631184	92.96933926647635	-0.6219496294467891	4.311118531312423	161.70000098460423	0.49712029252065854	208.94730632394885	-104.88845365329347
-15	40	6.255526315789473	61.103981052630935	92.97633706395422	-0.6219496294467922	4.313841111654836	208.94730632394885	1.07149431147966	208.94730632394885	-104.93151091843959
-15	-10	6.255526315789473	61.10398105263112	92.968668340073	-0.6219496294467894	4.311210153710593	161.9048135011744	0.4990468784946307	208.94730632394885	-104.88990264997855
-15	20	6.255526315789473	61.10398105263114	92.9727487828218	-0.6219496294467897	4.311606492400637	169.11831396504618	0.5686486867460426	208.94730632394885	-104.8961706964341
-30	40	6.255526315789473	61.10398105263106	92.97706807642072	-1.3401152014137754	4.618045254742375	289.65465582679684	1.1901892574935415	289.65465582679684	-212.00615487298495
-15	5	6.255526315789473	61.103981052631156	92.9706607335237	-0.6219496294467892	4.311118531312419	161.7000009846042	0.49712029252065854	208.94730632394885	-104.88845365329337
-15	10	6.255526315789473	61.103981052631184	92.971331659927	-0.621949629446789	4.3112101537105945	161.90481350117443	0.4990468784946307	208.94730632394885	-104.88990264997867
-15	2	6.255526315789473	61.10398105263117	92.97026372928956	-0.6219496294467893	4.311093375621432	159.3644422786177	0.47547541360277745	208.94730632394885	-104.88805581920934
-15	-2	6.255526315789473	61.10398105263117	92.96973627071041	-0.6219496294467891	4.3110933756214305	159.3644422786177	0.47547541360277745	208.94730632394885	-104.8880558192093
-15	-40	6.255526315789473	61.10398105263131	92.96366293604581	-0.6219496294467884	4.313841111654853	208.94730632394868	1.0714943114796596	208.94730632394885	-104.9315109184403
-15	0	6.255526315789473	61.103981052631156	92.97000000000001	-0.6219496294467899	4.31108860836629	159.21754043662796	0.4748265554006865	208.94730632394885	-104.88798042566981
-15	-20	6.255526315789473	61.10398105263119	92.96725121717817	-0.6219496294467887	4.3116064924006405	169.1183139650462	0.5686486867460426	208.94730632394885	-104.89617069643417
-15	-5	6.255526315789473	61.103981052631184	92.96933926647635	-0.6219496294467891	4.311118531312423	161.70000098460423	0.49712029252065854	208.94730632394885	-104.88845365329347
-15	-10	6.255526315789473	61.10398105263112	92.968668340073	-0.6219496294467894	4.311210153710593	161.9048135011744	0.4990468784946307	208.94730632394885	-104.88990264997855
-30	-40	6.255526315789473	61.10398105263119	92.96293192357929	-1.340115201413773	4.6180452547423805	289.65465582679684	1.1901892574935415	289.65465582679684	-212.00615487298543
-30	5	6.255526315789473	61.10398105263117	92.97073695248666	-1.340115201413774	4.614658318687173	223.0725430250584	0.5454146250226548	289.65465582679684	-211.90267723471348
-30	20	6.255526315789473	61.103981052631205	92.9730658688612	-1.340115201413772	4.615265350544956	237.02600167466935	0.6537074306243965	289.65465582679684	-211.92122326628163
-30	10	6.255526315789473	61.103981052631156	92.97148527365331	-1.340115201413774	4.614772298502202	226.65094664715804	0.572067161344065	289.65465582679684	-211.9061595449424
-30	2	6.255526315789473	61.103981052631184	92.97029415180063	-1.340115201413773	4.61462702458155	222.77350325957948	0.5431188612706939	289.65465582679684	-211.90172113749495
-30	0	6.255526315789473	61.103981052631156	92.97000000000003	-1.3401152014137727	4.614621094035412	222.47987122400644	0.5413679272530499	289.65465582679684	-211.90153994750543
-30	-2	6.255526315789473	61.10398105263117	92.96970584819934	-1.3401152014137727	4.61462702458155	222.7735032595794	0.5431188612706935	289.65465582679684	-211.9017211374949
-30	-5	6.255526315789473	61.103981052631156	92.96926304751335	-1.3401152014137736	4.61465831868717	223.0725430250584	0.5454146250226548	289.65465582679684	-211.9026772347133
-30	-10	6.255526315789473	61.10398105263117	92.96851472634671	-1.3401152014137734	4.614772298502205	226.65094664715804	0.572067161344065	289.65465582679684	-211.90615954494248
-30	-20	6.255526315789473	61.103981052631234	92.9669341311388	-1.3401152014137714	4.615265350544956	237.02600167466912	0.6537074306243961	289.65465582679684	-211.92122326628174
-60	40	6.255526315789473	56.70946205599066	92.9762339893394	-2.8221104353534643	5.71053017935085	158.34793085322437	0.9621136695704843	158.34793085322465	-360.4747969741754
-60	20	6.255526315789473	56.70946205599062	92.97270407288474	-2.8245622895921296	5.710530179350851	130.00282506954485	0.5341839131859674	158.34793085322465	-360.54431864163234
-60	10	6.255526315789473	56.70946205599062	92.97131000000137	-2.8249971577224864	5.710530179350854	124.03153043729667	0.4643786596857074	158.34793085322465	-360.5566492105014
-60	5	6.255526315789473	56.70946205599063	92.97064998645627	-2.8250976870475126	5.71053017935085	121.96498252063955	0.44155371624153733	158.34793085322465	-360.5594996924728
-60	0	6.255526315789473	56.70946205599059	92.97000000000003	-2.825130518905635	5.710530179350853	121.56106957369947	0.4375357369001536	158.34793085322465	-360.56043063097894
-60	2	6.255526315789473	56.709462055990606	92.97025943963823	-2.8251252882093043	5.710530179350853	121.75403614981266	0.4392581308817013	158.34793085322465	-360.56028231599146
-60	-2	6.255526315789473	56.709462055990606	92.96974056036177	-2.8251252882093025	5.710530179350852	121.75403614981266	0.4392581308817013	158.34793085322465	-360.5602823159914
-60	-5	6.255526315789473	56.70946205599059	92.96935001354375	-2.825097687047515	5.710530179350852	121.96498252063954	0.441553716241537	158.34793085322465	-360.55949969247274
-60	-10	6.255526315789473	56.70946205599062	92.96868999999867	-2.824997157722487	5.710530179350854	124.03153043729657	0.4643786596857071	158.34793085322465	-360.5566492105014
60	40	5.686842105263158	54.08423401866336	92.97653658479804	2.975031608477474	5.67208826710767	158.34793085322454	0.9621136695704855	158.34793085322485	346.12224161406766
30	40	5.686842105263158	55.54907368420994	92.97777488406277	1.4741267215551552	4.372731359163976	289.65465582679644	1.19018925749354	289.65465582679684	192.36626823572706
-60	-20	6.255526315789473	56.709462055990684	92.96729592711526	-2.824562289592127	5.710530179350852	130.0028250695445	0.5341839131859674	158.34793085322465	-360.54431864163274
60	0	5.686842105263158	54.08423401866331	92.97	2.978198285730379	5.672088267107667	121.56106957369937	0.4375357369001533	158.34793085322485	346.2078752708711
60	20	5.686842105263158	54.08423401866325	92.97283532754851	2.9776024747832945	5.672088267107666	130.00282506954426	0.5341839131859666	158.34793085322485	346.1917632815242
-60	-40	6.255526315789473	56.709462055990606	92.96376601066063	-2.822110435353469	5.710530179350852	158.34793085322394	0.9621136695704818	158.34793085322465	-360.47479697417526
60	5	5.686842105263158	54.08423401866332	92.97068153655029	2.978163860226421	5.672088267107668	121.96498252063964	0.44155371624153733	158.34793085322485	346.2069443323651
60	-2	5.686842105263158	54.084234018663295	92.969727967261	2.9781928011380505	5.672088267107669	121.75403614981266	0.4392581308817013	158.34793085322485	346.20772695588363
60	-20	5.686842105263158	54.08423401866336	92.9671646724515	2.977602474783288	5.672088267107671	130.00282506954485	0.5341839131859674	158.34793085322485	346.1917632815249
60	10	5.686842105263158	54.084234018663295	92.9713735869005	2.978058451246401	5.67208826710767	124.03153043729667	0.4643786596857074	158.34793085322485	346.20409385039346
60	2	5.686842105263158	54.08423401866331	92.97027203273903	2.9781928011380505	5.672088267107666	121.75403614981266	0.4392581308817013	158.34793085322485	346.2077269558836
60	-10	5.686842105263158	54.08423401866327	92.96862641309951	2.978058451246403	5.672088267107668	124.03153043729667	0.4643786596857074	158.34793085322485	346.20409385039324
60	-5	5.686842105263158	54.084234018663324	92.96931846344968	2.9781638602264198	5.672088267107669	121.96498252063971	0.4415537162415375	158.34793085322485	346.20694433236514
15	-40	5.686842105263158	55.549073684210335	92.96302922965035	0.6841445923914671	4.038106801767707	208.9473063239486	1.071494311479659	208.94730632394885	94.76515750768688
60	-40	5.686842105263158	54.084234018663416	92.96346341520199	2.9750316084774737	5.672088267107671	158.34793085322428	0.9621136695704837	158.34793085322485	346.1222416140681
30	-40	5.686842105263158	55.54907368421026	92.96222511593726	1.4741267215551475	4.372731359163988	289.6546558267963	1.190189257493539	289.65465582679684	192.36626823572817
30	20	5.686842105263158	55.549073684210086	92.9733724557473	1.4741267215551528	4.369673464546816	237.0260016746694	0.653707430624397	289.65465582679684	192.28133662902388
30	10	5.686842105263158	55.5490736842101	92.97163380101867	1.474126721555152	4.369131107299791	226.65094664715792	0.5720671613440648	289.65465582679684	192.2662729076848
30	5	5.686842105263158	55.54907368421015	92.97081064773533	1.4741267215551506	4.369005729503257	223.0725430250584	0.5454146250226548	289.65465582679684	192.2627905974559
30	2	5.686842105263158	55.54907368421015	92.97032356698077	1.4741267215551508	4.368971305987074	222.7735032595794	0.5431188612706935	289.65465582679684	192.26183450023746
30	-2	5.686842105263158	55.54907368421015	92.96967643301927	1.4741267215551497	4.368971305987072	222.7735032595794	0.5431188612706935	289.65465582679684	192.26183450023734
15	20	5.686842105263158	55.54907368421013	92.97302366110401	0.6841445923914679	4.03564872058807	169.1183139650462	0.5686486867460426	208.94730632394885	94.72981728568058
30	0	5.686842105263158	55.54907368421018	92.96999999999997	1.4741267215551497	4.368964782386321	222.47987122400644	0.5413679272530499	289.65465582679684	192.26165331024802
30	-10	5.686842105263158	55.54907368421015	92.9683661989814	1.4741267215551517	4.369131107299793	226.65094664715804	0.572067161344065	289.65465582679684	192.26627290768502
30	-5	5.686842105263158	55.54907368421014	92.9691893522647	1.474126721555151	4.369005729503257	223.0725430250584	0.5454146250226548	289.65465582679684	192.2627905974559
15	5	5.686842105263158	55.54907368421014	92.97072680687607	0.6841445923914679	4.035111963391031	161.70000098460412	0.49712029252065815	208.94730632394885	94.72210024253987
30	-20	5.686842105263158	55.54907368421025	92.96662754425272	1.4741267215551463	4.369673464546825	237.02600167466917	0.6537074306243961	289.65465582679684	192.28133662902437
15	40	5.686842105263158	55.54907368420993	92.97697077034965	0.6841445923914717	4.03810680176769	208.94730632394877	1.07149431147966	208.94730632394885	94.76515750768618
15	-5	5.686842105263158	55.54907368421018	92.96927319312393	0.6841445923914672	4.035111963391031	161.7000009846042	0.49712029252065854	208.94730632394885	94.72210024253991
15	0	5.686842105263158	55.549073684210164	92.97	0.6841445923914683	4.035079048150285	159.21754043662787	0.4748265554006863	208.94730632394885	94.72162701491632
10	5	5.686842105263158	55.54907368421015	92.97071287165453	0.450209046162437	3.9831447186893874	151.64673520765294	0.4789024559497826	196.7584029510415	63.050152899155265
15	-10	5.686842105263158	55.549073684210164	92.9685351740803	0.6841445923914684	4.03521274802902	161.90481350117443	0.4990468784946307	208.94730632394885	94.72354923922518
15	10	5.686842105263158	55.54907368421015	92.97146482591974	0.6841445923914681	4.035212748029022	161.9048135011744	0.4990468784946307	208.94730632394885	94.72354923922516
15	2	5.686842105263158	55.54907368421015	92.9702901022185	0.6841445923914674	4.035084292130944	159.3644422786177	0.47547541360277745	208.94730632394885	94.7217024084558
10	0	5.686842105263158	55.54907368421014	92.96999999999998	0.4502090461624368	3.9831130535303094	151.5042091215437	0.47764195493582234	196.7584029510415	63.04984745717592
15	-2	5.686842105263158	55.54907368421013	92.96970989778153	0.6841445923914683	4.035084292130946	159.3644422786177	0.47547541360277745	208.94730632394885	94.72170240845585
10	40	5.686842105263158	55.54907368421029	92.97683711829971	0.4502090461624351	3.9860258166691493	196.75840295104123	1.0452281726968118	196.7584029510415	63.077943957062146
10	-40	5.686842105263158	55.54907368420999	92.9631628817003	0.4502090461624394	3.986025816669136	196.75840295104123	1.0452281726968118	196.7584029510415	63.07794395706193
15	-20	5.686842105263158	55.54907368421015	92.966976338896	0.684144592391468	4.03564872058807	169.11831396504618	0.5686486867460426	208.94730632394885	94.72981728568064
10	10	5.686842105263158	55.54907368421014	92.97143674050345	0.45020904616243723	3.983241675646788	153.86231790247257	0.500158143400352	196.7584029510415	63.05108814552192
10	20	5.686842105263158	55.5490736842101	92.97296568781202	0.45020904616243823	3.9836610904869634	160.40994563882583	0.5666088959451228	196.7584029510415	63.05513381914782
10	2	5.686842105263158	55.54907368421013	92.97028454002752	0.45020904616243707	3.983118098350825	151.71032809136534	0.47829177891276536	196.7584029510415	63.049896119491486
10	-10	5.686842105263158	55.54907368421018	92.96856325949656	0.45020904616243695	3.9832416756467897	153.86231790247282	0.500158143400352	196.7584029510415	63.05108814552198
5	20	5.686842105263158	55.54907368421015	92.97293178869138	0.22338151312847637	3.9537283076034107	154.90879034742605	0.5595413416624124	189.1106476058704	31.503079896372782
10	-5	5.686842105263158	55.549073684210164	92.96928712834546	0.4502090461624372	3.9831447186893887	151.64673520765302	0.4789024559497828	196.7584029510415	63.0501528991553
10	-2	5.686842105263158	55.54907368421014	92.96971545997249	0.4502090461624371	3.983118098350823	151.71032809136534	0.47829177891276536	196.7584029510415	63.04989611949148
2	-20	5.686842105263158	55.54907368421015	92.96707758739493	0.08916188697254365	3.9455100132603977	152.75154836656984	0.5505475951851407	188.18202113571078	12.598745756255827
10	-20	5.686842105263158	55.549073684210185	92.96703431218796	0.45020904616243806	3.9836610904869674	160.40994563882583	0.5666088959451228	196.7584029510415	63.055133819147954
5	40	5.686842105263158	55.5490736842102	92.9767589670199	0.22338151312847684	3.9560392830209494	189.11064760587033	1.0179821831308882	189.1106476058704	31.51426830077188
5	5	5.686842105263158	55.54907368421011	92.97070472321691	0.22338151312847707	3.953223673054385	146.86407156685885	0.4758242312067206	189.1106476058704	31.500636748182913
5	10	5.686842105263158	55.5490736842101	92.97142031792536	0.22338151312847737	3.953318426158061	148.79645122037024	0.49603511809941575	189.1106476058704	31.50109548782764
5	-10	5.686842105263158	55.54907368421022	92.96857968207462	0.22338151312847643	3.953318426158066	148.79645122037024	0.49603511809941575	189.1106476058704	31.501095487827683
5	0	5.686842105263158	55.54907368421015	92.97	0.22338151312847665	3.953192727651583	146.67715920122734	0.47518220225380003	189.1106476058704	31.50048692846687
5	-2	5.686842105263158	55.54907368421013	92.96971871239063	0.22338151312847648	3.9531976578021797	146.77729081893713	0.4755065933374404	189.1106476058704	31.500510797400377
5	2	5.686842105263158	55.54907368421015	92.9702812876094	0.22338151312847665	3.9531976578021792	146.77729081893713	0.4755065933374404	189.1106476058704	31.500510797400395
2	40	5.686842105263158	55.549073684210164	92.97673735132224	0.0891618869725448	3.947806230958722	188.1820211357106	1.0294474934500182	188.18202113571078	12.603197283596465
5	-5	5.686842105263158	55.54907368421018	92.96929527678306	0.2233815131284765	3.9532236730543864	146.8640715668587	0.47582423120672024	189.1106476058704	31.500636748182927
5	-20	5.686842105263158	55.549073684210164	92.96706821130863	0.22338151312847676	3.9537283076034115	154.90879034742605	0.5595413416624124	189.1106476058704	31.503079896372814
2	0	5.686842105263158	55.54907368421013	92.97000000000003	0.08916188697254404	3.944977853482788	144.80980158203897	0.46913262295519903	188.18202113571078	12.597714092837645
5	-40	5.686842105263158	55.54907368421011	92.96324103298008	0.22338151312847906	3.956039283020947	189.11064760587033	1.0179821831308882	189.1106476058704	31.514268300771946
2	10	5.686842105263158	55.54907368421013	92.97141577563914	0.0891618869725433	3.945102749287841	146.96932275284232	0.4890863670108592	188.18202113571078	12.597956220180894
2	20	5.686842105263158	55.5490736842101	92.97292241260512	0.0891618869725439	3.9455100132603924	152.75154836656986	0.5505475951851407	188.18202113571078	12.59874575625582
2	-5	5.686842105263158	55.54907368421018	92.96929753054228	0.08916188697254314	3.9450086012705214	144.90897566434944	0.46945391196226344	188.18202113571078	12.59777370156628
0	20	5.686842105263158	55.549073684210065	92.97292063235034	0.000000000000000231841617357385	3.9439525642519477	152.26576792255727	0.5480669907336725	187.404022058532	0.000000000000012878587085651814
2	-10	5.686842105263158	55.54907368421014	92.96858422436088	0.08916188697254349	3.945102749287843	146.96932275284232	0.4890863670108592	188.18202113571078	12.597956220180913
2	5	5.686842105263158	55.54907368421014	92.97070246945775	0.08916188697254383	3.945008601270521	144.90897566434944	0.46945391196226344	188.18202113571078	12.59777370156631
2	-2	5.686842105263158	55.54907368421014	92.96971961197009	0.08916188697254387	3.9449827521498038	144.84938043600636	0.4692608444662599	188.18202113571078	12.597723589563568
2	2	5.686842105263158	55.54907368421013	92.97028038802998	0.08916188697254394	3.9449827521498064	144.84938043600636	0.4692608444662599	188.18202113571078	12.597723589563572
2	-40	5.686842105263158	55.54907368421029	92.9632626486778	0.08916188697254519	3.9478062309587303	188.18202113571078	1.029447493450019	188.18202113571078	12.603197283596531
0	40	5.686842105263158	55.54907368421014	92.97673324710988	-0.0000000000000006315685438356342	3.9462459852148255	187.404022058532	1.0218515296573385	187.404022058532	-0.000000000000035083047578154947
-2	40	5.686842105263158	55.54907368421015	92.97673735132221	-0.08916188697254424	3.9478062309587227	188.1820211357106	1.0294474934500182	188.18202113571078	-12.603197283596433
0	5	5.686842105263158	55.54907368421014	92.9707020415323	-0.00000000000000011991807794347483	3.9434517629692794	144.45726700345176	0.46799053540499036	187.404022058532	-0.0000000000000066613381477509385
0	2	5.686842105263158	55.54907368421013	92.97028021722512	0.0000000000000002638197714756447	3.9434259453321423	144.45726700345176	0.46799053540499036	187.404022058532	0.000000000000014654943925052063
-2	20	5.686842105263158	55.549073684210086	92.9729224126051	-0.0891618869725435	3.945510013260393	152.75154836656984	0.5505475951851407	188.18202113571078	-12.598745756255793
-2	-2	5.686842105263158	55.54907368421013	92.96971961197009	-0.08916188697254415	3.9449827521498055	144.84938043600636	0.4692608444662599	188.18202113571078	-12.597723589563582
0	-40	5.686842105263158	55.54907368421002	92.96326675289019	0.0000000000000009033828538408456	3.9462459852148206	187.404022058532	1.0218515296573385	187.404022058532	0.00000000000005018208071305706
0	10	5.686842105263158	55.54907368421014	92.97141491318688	0.00000000000000039972692647824946	3.94354579631668	146.40939223322815	0.48722302316135985	187.404022058532	0.00000000000002220446049250313
0	-2	5.686842105263158	55.54907368421015	92.96971978277487	0.000000000000000007994538529564988	3.9434259453321427	144.45726700345176	0.46799053540499036	187.404022058532	0.00000000000000044408920985006257
-2	0	5.686842105263158	55.54907368421014	92.97000000000004	-0.08916188697254383	3.9449778534827877	144.80980158203897	0.46913262295519903	188.18202113571078	-12.597714092837634
0	0	5.686842105263158	55.54907368421014	92.97000000000004	0.00000000000000008793992382521489	3.9434210526315794	144.45726700345176	0.46799053540499036	187.404022058532	0.000000000000004884981308350689
0	-10	5.686842105263158	55.549073684210164	92.96858508681315	-0.00000000000000027181431000520953	3.9435457963166827	146.40939223322815	0.48722302316135985	187.404022058532	-0.00000000000001509903313490213
0	-5	5.686842105263158	55.54907368421015	92.9692979584677	0.0000000000000001279126164730398	3.9434517629692794	144.45726700345176	0.46799053540499036	187.404022058532	0.000000000000007105427357601001
-15	5	5.686842105263158	55.54907368421013	92.97072680687609	-0.6841445923914677	4.035111963391031	161.7000009846042	0.49712029252065854	208.94730632394885	-94.72210024253984
0	-20	5.686842105263158	55.54907368421026	92.96707936764975	-0.00000000000000017587984765042938	3.943952564251957	152.26576792255727	0.5480669907336725	187.404022058532	-0.000000000000009769962616701378
-2	5	5.686842105263158	55.54907368421014	92.97070246945775	-0.08916188697254364	3.945008601270522	144.90897566434944	0.46945391196226344	188.18202113571078	-12.5977737015663
-2	2	5.686842105263158	55.54907368421015	92.97028038802995	-0.08916188697254383	3.944982752149804	144.84938043600636	0.4692608444662599	188.18202113571078	-12.597723589563568
-2	10	5.686842105263158	55.54907368421013	92.97141577563914	-0.08916188697254394	3.9451027492878423	146.96932275284232	0.4890863670108592	188.18202113571078	-12.597956220180935
-15	0	5.686842105263158	55.54907368421015	92.97000000000001	-0.6841445923914689	4.035079048150285	159.21754043662787	0.4748265554006863	208.94730632394885	-94.72162701491632
-2	-10	5.686842105263158	55.54907368421015	92.96858422436087	-0.0891618869725436	3.945102749287841	146.96932275284232	0.4890863670108592	188.18202113571078	-12.597956220180917
-15	20	5.686842105263158	55.54907368421013	92.97302366110401	-0.6841445923914684	4.03564872058807	169.11831396504618	0.5686486867460426	208.94730632394885	-94.72981728568062
-2	-40	5.686842105263158	55.549073684210306	92.96326264867774	-0.08916188697254472	3.94780623095873	188.18202113571078	1.029447493450019	188.18202113571078	-12.60319728359651
-15	-2	5.686842105263158	55.54907368421014	92.9697098977815	-0.684144592391468	4.035084292130945	159.3644422786177	0.47547541360277745	208.94730632394885	-94.72170240845583
-2	-5	5.686842105263158	55.54907368421018	92.96929753054226	-0.0891618869725436	3.9450086012705214	144.90897566434944	0.46945391196226344	188.18202113571078	-12.597773701566306
-2	-20	5.686842105263158	55.54907368421015	92.96707758739494	-0.0891618869725427	3.945510013260397	152.75154836656986	0.5505475951851407	188.18202113571078	-12.59874575625577
-15	40	5.686842105263158	55.54907368420994	92.97697077034964	-0.6841445923914713	4.038106801767689	208.9473063239488	1.0714943114796596	208.94730632394885	-94.76515750768614
-15	-5	5.686842105263158	55.54907368421018	92.96927319312394	-0.6841445923914682	4.0351119633910315	161.70000098460423	0.49712029252065854	208.94730632394885	-94.72210024253997
-15	-20	5.686842105263158	55.54907368421013	92.966976338896	-0.6841445923914674	4.035648720588071	169.1183139650462	0.5686486867460426	208.94730632394885	-94.72981728568058
-15	20	5.686842105263158	55.54907368421013	92.97302366110401	-0.6841445923914684	4.03564872058807	169.11831396504618	0.5686486867460426	208.94730632394885	-94.72981728568062
-15	2	5.686842105263158	55.54907368421015	92.97029010221853	-0.6841445923914685	4.035084292130944	159.3644422786177	0.47547541360277745	208.94730632394885	-94.72170240845587
-15	2	5.686842105263158	55.54907368421015	92.97029010221853	-0.6841445923914685	4.035084292130944	159.3644422786177	0.47547541360277745	208.94730632394885	-94.72170240845587
-15	10	5.686842105263158	55.54907368421014	92.97146482591972	-0.6841445923914682	4.035212748029022	161.90481350117443	0.4990468784946307	208.94730632394885	-94.72354923922516
-15	-10	5.686842105263158	55.54907368421015	92.9685351740803	-0.6841445923914683	4.0352127480290205	161.9048135011744	0.4990468784946307	208.94730632394885	-94.72354923922516
-15	-40	5.686842105263158	55.54907368421033	92.96302922965039	-0.6841445923914669	4.038106801767708	208.9473063239485	1.071494311479659	208.94730632394885	-94.76515750768687
-15	40	5.686842105263158	55.54907368420994	92.97697077034964	-0.6841445923914713	4.038106801767689	208.9473063239488	1.0714943114796596	208.94730632394885	-94.76515750768614
-15	5	5.686842105263158	55.54907368421013	92.97072680687609	-0.6841445923914677	4.035111963391031	161.7000009846042	0.49712029252065854	208.94730632394885	-94.72210024253984
-15	10	5.686842105263158	55.54907368421014	92.97146482591972	-0.6841445923914682	4.035212748029022	161.90481350117443	0.4990468784946307	208.94730632394885	-94.72354923922516
-30	40	5.686842105263158	55.54907368420994	92.9777748840628	-1.4741267215551552	4.372731359163978	289.6546558267964	1.19018925749354	289.65465582679684	-192.36626823572712
-15	0	5.686842105263158	55.54907368421015	92.97000000000001	-0.6841445923914689	4.035079048150285	159.21754043662787	0.4748265554006863	208.94730632394885	-94.72162701491632
-15	-2	5.686842105263158	55.54907368421014	92.9697098977815	-0.684144592391468	4.035084292130945	159.3644422786177	0.47547541360277745	208.94730632394885	-94.72170240845583
-15	-5	5.686842105263158	55.54907368421018	92.96927319312394	-0.6841445923914682	4.0351119633910315	161.70000098460423	0.49712029252065854	208.94730632394885	-94.72210024253997
-15	-20	5.686842105263158	55.54907368421013	92.966976338896	-0.6841445923914674	4.035648720588071	169.1183139650462	0.5686486867460426	208.94730632394885	-94.72981728568058
-15	-40	5.686842105263158	55.54907368421033	92.96302922965039	-0.6841445923914669	4.038106801767708	208.9473063239485	1.071494311479659	208.94730632394885	-94.76515750768687
-30	-40	5.686842105263158	55.54907368421026	92.96222511593729	-1.474126721555148	4.37273135916399	289.65465582679684	1.1901892574935415	289.65465582679684	-192.36626823572823
-15	-10	5.686842105263158	55.54907368421015	92.9685351740803	-0.6841445923914683	4.0352127480290205	161.9048135011744	0.4990468784946307	208.94730632394885	-94.72354923922516
-30	20	5.686842105263158	55.549073684210086	92.9733724557473	-1.474126721555153	4.369673464546816	237.02600167466917	0.6537074306243961	289.65465582679684	-192.28133662902388
-30	-2	5.686842105263158	55.54907368421015	92.96967643301929	-1.474126721555151	4.368971305987073	222.7735032595794	0.5431188612706935	289.65465582679684	-192.26183450023746
-30	10	5.686842105263158	55.54907368421011	92.97163380101863	-1.4741267215551515	4.36913110729979	226.65094664715792	0.5720671613440648	289.65465582679684	-192.26627290768477
-30	5	5.686842105263158	55.54907368421013	92.97081064773533	-1.4741267215551512	4.369005729503258	223.0725430250584	0.5454146250226548	289.65465582679684	-192.26279059745588
-30	-20	5.686842105263158	55.54907368421025	92.96662754425269	-1.4741267215551475	4.369673464546825	237.02600167466892	0.6537074306243956	289.65465582679684	-192.28133662902442
-30	2	5.686842105263158	55.54907368421015	92.97032356698072	-1.4741267215551501	4.368971305987074	222.77350325957948	0.5431188612706939	289.65465582679684	-192.26183450023743
-30	-10	5.686842105263158	55.54907368421014	92.9683661989814	-1.474126721555151	4.369131107299792	226.65094664715804	0.572067161344065	289.65465582679684	-192.26627290768494
-30	0	5.686842105263158	55.54907368421012	92.97000000000004	-1.4741267215551506	4.368964782386323	222.47987122400644	0.5413679272530499	289.65465582679684	-192.26165331024794
-30	-5	5.686842105263158	55.54907368421015	92.96918935226468	-1.4741267215551517	4.369005729503256	223.0725430250584	0.5454146250226548	289.65465582679684	-192.2627905974559
-60	40	5.686842105263158	54.08423401866336	92.97653658479805	-2.975031608477476	5.672088267107671	158.34793085322437	0.9621136695704843	158.34793085322465	-346.1222416140678
-60	20	5.686842105263158	54.08423401866327	92.97283532754851	-2.977602474783293	5.672088267107665	130.00282506954485	0.5341839131859674	158.34793085322465	-346.19176328152423
-60	10	5.686842105263158	54.08423401866329	92.97137358690048	-2.9780584512464015	5.672088267107667	124.03153043729667	0.4643786596857074	158.34793085322465	-346.20409385039335
-60	5	5.686842105263158	54.08423401866329	92.97068153655032	-2.978163860226422	5.672088267107671	121.96498252063971	0.4415537162415375	158.34793085322465	-346.206944332365
-60	2	5.686842105263158	54.08423401866329	92.97027203273908	-2.978192801138051	5.672088267107671	121.75403614981266	0.4392581308817013	158.34793085322465	-346.20772695588363
-60	-40	5.686842105263158	54.08423401866339	92.96346341520197	-2.975031608477474	5.672088267107672	158.34793085322414	0.9621136695704829	158.34793085322465	-346.122241614068
-60	0	5.686842105263158	54.08423401866329	92.97000000000001	-2.9781982857303806	5.67208826710767	121.56106957369937	0.4375357369001533	158.34793085322465	-346.2078752708711
-60	-10	5.686842105263158	54.084234018663295	92.96862641309951	-2.9780584512464015	5.672088267107669	124.03153043729667	0.4643786596857074	158.34793085322465	-346.20409385039346
60	40	5.118157894736842	51.459005981335956	92.97687005462231	3.1268055543897417	5.629724056564908	158.34793085322474	0.9621136695704868	158.34793085322485	331.3387157167976
-60	-5	5.686842105263158	54.084234018663295	92.9693184634497	-2.9781638602264207	5.672088267107669	121.96498252063964	0.44155371624153733	158.34793085322465	-346.206944332365
-60	-20	5.686842105263158	54.08423401866334	92.96716467245149	-2.977602474783289	5.6720882671076716	130.0028250695445	0.5341839131859674	158.34793085322465	-346.19176328152486
-60	-2	5.686842105263158	54.084234018663274	92.969727967261	-2.9781928011380505	5.67208826710767	121.75403614981266	0.4392581308817013	158.34793085322465	-346.2077269558835
60	20	5.118157894736842	51.45900598133589	92.97297997436466	3.129507575780612	5.629724056564905	130.00282506954426	0.5341839131859666	158.34793085322485	331.40823738425433
60	10	5.118157894736842	51.45900598133597	92.9714436616867	3.1299868142980936	5.62972405656491	124.03153043729667	0.4643786596857074	158.34793085322485	331.4205679531238
60	5	5.118157894736842	51.459005981336	92.97071630575792	3.130097600813191	5.629724056564908	121.96498252063964	0.44155371624153733	158.34793085322485	331.42341843509547
60	0	5.118157894736842	51.45900598133598	92.97000000000001	3.1301337825655757	5.6297240565649105	121.56106957369947	0.4375357369001536	158.34793085322485	331.42434937360156
60	2	5.118157894736842	51.459005981336	92.97028591073683	3.130128018171774	5.629724056564908	121.75403614981266	0.4392581308817013	158.34793085322485	331.4242010586141
30	40	5.118157894736842	49.994166315788895	92.97863876006979	1.63791857950573	4.136090399071086	289.65465582679684	1.1901892574935415	289.65465582679684	174.30587565414825
60	-2	5.118157894736842	51.459005981335984	92.96971408926312	3.130128018171774	5.62972405656491	121.75403614981266	0.4392581308817013	158.34793085322485	331.424201058614
60	-5	5.118157894736842	51.459005981336	92.96928369424212	3.1300976008131918	5.629724056564908	121.96498252063955	0.44155371624153733	158.34793085322485	331.42341843509547
30	-40	5.118157894736842	49.99416631578922	92.96136123993028	1.6379185795057196	4.136090399071099	289.6546558267964	1.19018925749354	289.65465582679684	174.30587565414928
60	-40	5.118157894736842	51.45900598133602	92.96312994537772	3.12680555438974	5.62972405656491	158.34793085322457	0.9621136695704855	158.34793085322485	331.33871571679805
30	20	5.118157894736842	49.994166315789066	92.97374717305256	1.6379185795057267	4.132692738385352	237.0260016746694	0.653707430624397	289.65465582679684	174.2209440474451
60	-10	5.118157894736842	51.459005981335956	92.96855633831336	3.1299868142980944	5.629724056564909	124.03153043729667	0.4643786596857074	158.34793085322485	331.4205679531237
60	-20	5.118157894736842	51.45900598133605	92.96702002563532	3.129507575780602	5.629724056564906	130.00282506954485	0.5341839131859674	158.34793085322485	331.40823738425513
30	0	5.118157894736842	49.99416631578912	92.97000000000003	1.6379185795057227	4.13190531376258	222.47987122400644	0.5413679272530499	289.65465582679684	174.20126072866915
30	-20	5.118157894736842	49.99416631578919	92.96625282694751	1.6379185795057203	4.132692738385356	237.02600167466917	0.6537074306243961	289.65465582679684	174.22094404744536
30	5	5.118157894736842	49.99416631578912	92.97090071970591	1.637918579505723	4.131950810559173	223.0725430250584	0.5454146250226548	289.65465582679684	174.20239801587704
30	-2	5.118157894736842	49.994166315789144	92.96964048113256	1.637918579505722	4.1319125622078605	222.7735032595794	0.5431188612706935	289.65465582679684	174.20144191865865
30	-10	5.118157894736842	49.99416631578913	92.96818466553488	1.637918579505724	4.132090119221989	226.65094664715792	0.5720671613440648	289.65465582679684	174.2058803261061
30	10	5.118157894736842	49.994166315789094	92.97181533446516	1.6379185795057236	4.132090119221991	226.65094664715804	0.572067161344065	289.65465582679684	174.205880326106
30	2	5.118157894736842	49.99416631578913	92.9703595188675	1.6379185795057227	4.13191256220786	222.77350325957948	0.5431188612706939	289.65465582679684	174.2014419186586
30	-5	5.118157894736842	49.994166315789144	92.96909928029413	1.6379185795057232	4.131950810559174	223.07254302505822	0.5454146250226543	289.65465582679684	174.20239801587712
15	40	5.118157894736842	49.99416631578885	92.97774530038848	0.760160658212748	3.7642853352974295	208.9473063239485	1.071494311479659	208.94730632394885	85.41641038340434
15	5	5.118157894736842	49.994166315789144	92.97080756319562	0.7601606582127421	3.7609577371011436	161.70000098460423	0.49712029252065854	208.94730632394885	85.37335311825812
15	10	5.118157894736842	49.994166315789165	92.9716275843552	0.7601606582127424	3.7610697200322467	161.9048135011744	0.4990468784946307	208.94730632394885	85.37480211494346
15	20	5.118157894736842	49.994166315789116	92.97335962344887	0.7601606582127423	3.761554133986744	169.1183139650462	0.5686486867460426	208.94730632394885	85.38107016139884
10	40	5.118157894736842	49.99416631578919	92.97759679811082	0.5002322735138174	3.7064175740768284	196.7584029510414	1.0452281726968125	196.7584029510415	56.805635437581024
15	2	5.118157894736842	49.99416631578915	92.97032233579833	0.760160658212742	3.760926991256604	159.3644422786177	0.47547541360277745	208.94730632394885	85.3729552841741
15	-2	5.118157894736842	49.994166315789116	92.96967766420165	0.7601606582127427	3.7609269912566052	159.3644422786177	0.47547541360277745	208.94730632394885	85.37295528417408
15	-10	5.118157894736842	49.994166315789094	92.9683724156448	0.7601606582127433	3.761069720032244	161.90481350117454	0.499046878494631	208.94730632394885	85.37480211494335
15	-40	5.118157894736842	49.99416631578933	92.96225469961152	0.7601606582127404	3.764285335297453	208.9473063239488	1.0714943114796596	208.94730632394885	85.4164103834051
15	0	5.118157894736842	49.994166315789144	92.97	0.7601606582127427	3.7609211646114282	159.21754043662796	0.4748265554006865	208.94730632394885	85.37287989063455
15	-20	5.118157894736842	49.99416631578917	92.96664037655113	0.7601606582127411	3.7615541339867473	169.11831396504618	0.5686486867460426	208.94730632394885	85.38107016139892
15	-5	5.118157894736842	49.99416631578915	92.96919243680439	0.7601606582127419	3.760957737101146	161.7000009846042	0.49712029252065854	208.94730632394885	85.37335311825817
10	20	5.118157894736842	49.994166315789066	92.97329520868001	0.5002322735138196	3.703790100541069	160.40994563882583	0.5666088959451228	196.7584029510415	56.78282529966673
10	10	5.118157894736842	49.994166315789094	92.97159637833718	0.5002322735138197	3.703324084051986	153.86231790247257	0.500158143400352	196.7584029510415	56.77877962604091
10	5	5.118157894736842	49.99416631578912	92.97079207961619	0.5002322735138196	3.70321635409932	151.64673520765302	0.4789024559497828	196.7584029510415	56.77784437967427
10	-5	5.118157894736842	49.994166315789144	92.96920792038384	0.5002322735138196	3.7032163540993204	151.64673520765302	0.4789024559497828	196.7584029510415	56.7778443796743
10	2	5.118157894736842	49.994166315789144	92.9703161555861	0.5002322735138194	3.7031867759453596	151.71032809136534	0.47829177891276536	196.7584029510415	56.777587600010506
10	0	5.118157894736842	49.99416631578913	92.97000000000001	0.5002322735138186	3.7031811705892324	151.5042091215436	0.47764195493582207	196.7584029510415	56.777538937694885
10	-2	5.118157894736842	49.994166315789144	92.96968384441388	0.5002322735138192	3.703186775945359	151.71032809136534	0.47829177891276536	196.7584029510415	56.777587600010484
10	-10	5.118157894736842	49.994166315789165	92.96840362166286	0.500232273513818	3.7033240840519883	153.86231790247294	0.5001581434003524	196.7584029510415	56.77877962604092
10	-40	5.118157894736842	49.994166315789094	92.96240320188916	0.5002322735138202	3.706417574076823	196.75840295104123	1.0452281726968118	196.7584029510415	56.80563543758101
5	40	5.118157894736842	49.99416631578908	92.97750996335549	0.24820168125386372	3.673099203356606	189.11064760587033	1.0179821831308882	189.1106476058704	28.366134441248235
10	-20	5.118157894736842	49.99416631578919	92.96670479131996	0.5002322735138199	3.703790100541074	160.40994563882595	0.5666088959451231	196.7584029510415	56.782825299666925
5	5	5.118157894736842	49.994166315789094	92.97078302579658	0.2482016812538639	3.669970747838204	146.86407156685885	0.4758242312067206	189.1106476058704	28.352502888659334
5	20	5.118157894736842	49.994166315789094	92.97325754299047	0.24820168125386335	3.6705314528926776	154.90879034742605	0.5595413416624124	189.1106476058704	28.354946036849196
5	10	5.118157894736842	49.994166315789094	92.97157813102821	0.2482016812538634	3.670076029064513	148.79645122037024	0.49603511809941575	189.1106476058704	28.352961628304037
5	-5	5.118157894736842	49.99416631578916	92.96921697420348	0.24820168125386305	3.6699707478382066	146.8640715668587	0.47582423120672024	189.1106476058704	28.35250288865934
5	-2	5.118157894736842	49.99416631578916	92.96968745821175	0.24820168125386313	3.6699418420024204	146.77729081893713	0.4755065933374404	189.1106476058704	28.352376937876812
5	0	5.118157894736842	49.99416631578913	92.97000000000003	0.24820168125386305	3.6699363640573157	146.67715920122734	0.47518220225380003	189.1106476058704	28.35235306894328
5	-40	5.118157894736842	49.994166315789094	92.96249003664452	0.24820168125386508	3.673099203356607	189.11064760587033	1.0179821831308882	189.1106476058704	28.366134441248317
5	2	5.118157894736842	49.994166315789144	92.97031254178822	0.24820168125386266	3.669941842002422	146.77729081893713	0.4755065933374404	189.1106476058704	28.352376937876787
5	-10	5.118157894736842	49.99416631578921	92.96842186897183	0.24820168125386294	3.6700760290645196	148.79645122037024	0.49603511809941575	189.1106476058704	28.35296162830411
2	40	5.118157894736842	49.99416631578904	92.9774859459136	0.09906876330282763	3.6639513677319093	188.1820211357106	1.0294474934500182	188.18202113571078	11.34260006090307
5	-20	5.118157894736842	49.994166315789144	92.96674245700956	0.24820168125386258	3.6705314528926785	154.90879034742605	0.5595413416624124	189.1106476058704	28.354946036849192
2	20	5.118157894736842	49.99416631578907	92.97324712511677	0.0990687633028267	3.66140001473377	152.75154836656986	0.5505475951851407	188.18202113571078	11.338148533562459
2	10	5.118157894736842	49.99416631578913	92.97157308404351	0.09906876330282632	3.6609474992087128	146.96932275284232	0.4890863670108592	188.18202113571078	11.337358997487556
2	5	5.118157894736842	49.99416631578913	92.97078052161969	0.09906876330282648	3.66084289030058	144.90897566434944	0.46945391196226344	188.18202113571078	11.337176478872944
2	2	5.118157894736842	49.99416631578915	92.9703115422555	0.09906876330282624	3.6608141690553375	144.84938043600636	0.4692608444662599	188.18202113571078	11.33712636687019
2	-40	5.118157894736842	49.99416631578927	92.96251405408641	0.09906876330282745	3.6639513677319226	188.18202113571078	1.029447493450019	188.18202113571078	11.342600060903138
2	-2	5.118157894736842	49.99416631578913	92.96968845774454	0.09906876330282666	3.6608141690553375	144.84938043600636	0.4692608444662599	188.18202113571078	11.337126366870207
2	-10	5.118157894736842	49.99416631578916	92.96842691595654	0.09906876330282664	3.6609474992087145	146.96932275284232	0.4890863670108592	188.18202113571078	11.33735899748758
2	-5	5.118157894736842	49.994166315789165	92.96921947838034	0.0990687633028262	3.6608428903005783	144.90897566434944	0.46945391196226344	188.18202113571078	11.337176478872935
2	0	5.118157894736842	49.994166315789144	92.97	0.09906876330282662	3.6608087260919864	144.80980158203897	0.46913262295519903	188.18202113571078	11.337116870144278
2	-20	5.118157894736842	49.99416631578917	92.96675287488321	0.09906876330282617	3.6614000147337755	152.75154836656984	0.5505475951851407	188.18202113571078	11.338148533562464
0	40	5.118157894736842	49.99416631578912	92.97748138567765	-0.0000000000000008705164176637434	3.6622177613498064	187.404022058532	1.0218515296573385	187.404022058532	-0.000000000000043520742565306136
0	10	5.118157894736842	49.994166315789116	92.97157212576319	0.0000000000000001687735911797054	3.659217551462978	146.40939223322815	0.48722302316135985	187.404022058532	0.00000000000000843769498715119
0	5	5.118157894736842	49.99416631578913	92.97078004614701	-0.0000000000000003020159000057885	3.6591130699658665	144.45726700345176	0.46799053540499036	187.404022058532	-0.00000000000001509903313490213
0	20	5.118157894736842	49.99416631578901	92.9732451470559	0.00000000000000029313307941738365	3.659669515835495	152.26576792255727	0.5480669907336725	187.404022058532	0.000000000000014654943925052066
0	-5	5.118157894736842	49.994166315789144	92.96921995385301	-0.0000000000000001065938470608665	3.6591130699658674	144.45726700345176	0.46799053540499036	187.404022058532	-0.000000000000005329070518200751
0	0	5.118157894736842	49.994166315789144	92.97	-0.00000000000000008882820588405541	3.6590789473684207	144.45726700345176	0.46799053540499036	187.404022058532	-0.000000000000004440892098500626
0	-2	5.118157894736842	49.99416631578915	92.96968864752762	-0.00000000000000027536743824057176	3.6590843837023797	144.45726700345176	0.46799053540499036	187.404022058532	-0.000000000000013766765505351943
0	2	5.118157894736842	49.99416631578912	92.97031135247236	-0.00000000000000016877359117970537	3.65908438370238	144.45726700345176	0.46799053540499036	187.404022058532	-0.00000000000000843769498715119
0	-40	5.118157894736842	49.99416631578905	92.9625186143224	0.0000000000000005951489794231724	3.662217761349802	187.404022058532	1.0218515296573385	187.404022058532	0.000000000000029753977059954195
-2	40	5.118157894736842	49.994166315789016	92.97748594591359	-0.0990687633028274	3.6639513677319107	188.1820211357106	1.0294474934500182	188.18202113571078	-11.342600060903058
0	-10	5.118157894736842	49.994166315789144	92.96842787423684	-0.00000000000000004441410294202771	3.6592175514629792	146.40939223322815	0.48722302316135985	187.404022058532	-0.0000000000000022204460492503135
-2	20	5.118157894736842	49.994166315789066	92.97324712511681	-0.0990687633028259	3.6614000147337693	152.75154836656984	0.5505475951851407	188.18202113571078	-11.338148533562414
0	-20	5.118157894736842	49.994166315789236	92.96675485294412	-0.00000000000000011547666764927182	3.6596695158355055	152.26576792255727	0.5480669907336725	187.404022058532	-0.000000000000005773159728050814
-2	10	5.118157894736842	49.99416631578913	92.97157308404348	-0.09906876330282625	3.6609474992087123	146.96932275284232	0.4890863670108592	188.18202113571078	-11.337358997487552
-2	-40	5.118157894736842	49.99416631578928	92.96251405408643	-0.09906876330282771	3.6639513677319218	188.18202113571078	1.029447493450019	188.18202113571078	-11.342600060903152
-2	2	5.118157894736842	49.994166315789144	92.97031154225549	-0.0990687633028266	3.660814169055338	144.84938043600636	0.4692608444662599	188.18202113571078	-11.337126366870208
-2	5	5.118157894736842	49.99416631578913	92.97078052161969	-0.09906876330282645	3.660842890300579	144.90897566434944	0.46945391196226344	188.18202113571078	-11.337176478872943
-2	-2	5.118157894736842	49.99416631578912	92.96968845774454	-0.09906876330282642	3.660814169055339	144.84938043600636	0.4692608444662599	188.18202113571078	-11.337126366870196
-2	0	5.118157894736842	49.994166315789144	92.97000000000001	-0.09906876330282682	3.660808726091987	144.80980158203897	0.46913262295519903	188.18202113571078	-11.33711687014429
-15	40	5.118157894736842	49.99416631578886	92.97774530038849	-0.7601606582127476	3.764285335297429	208.9473063239488	1.0714943114796596	208.94730632394885	-85.41641038340434
-2	-5	5.118157894736842	49.99416631578915	92.96921947838035	-0.0990687633028261	3.66084289030058	144.90897566434944	0.46945391196226344	188.18202113571078	-11.337176478872932
-2	-20	5.118157894736842	49.99416631578917	92.96675287488324	-0.0990687633028249	3.6614000147337755	152.75154836656986	0.5505475951851407	188.18202113571078	-11.3381485335624
-2	-10	5.118157894736842	49.99416631578916	92.96842691595654	-0.09906876330282621	3.6609474992087137	146.96932275284232	0.4890863670108592	188.18202113571078	-11.337358997487557
-15	10	5.118157894736842	49.99416631578916	92.97162758435519	-0.760160658212742	3.761069720032246	161.90481350117443	0.4990468784946307	208.94730632394885	-85.37480211494344
-15	20	5.118157894736842	49.994166315789094	92.97335962344893	-0.7601606582127426	3.7615541339867447	169.11831396504618	0.5686486867460426	208.94730632394885	-85.38107016139882
-15	5	5.118157894736842	49.99416631578912	92.97080756319563	-0.7601606582127424	3.7609577371011444	161.7000009846042	0.49712029252065854	208.94730632394885	-85.37335311825811
-15	0	5.118157894736842	49.99416631578913	92.97000000000001	-0.7601606582127433	3.76092116461143	159.21754043662796	0.4748265554006865	208.94730632394885	-85.37287989063458
-15	2	5.118157894736842	49.994166315789144	92.97032233579841	-0.7601606582127425	3.760926991256605	159.3644422786177	0.47547541360277745	208.94730632394885	-85.37295528417411
-15	40	5.118157894736842	49.99416631578886	92.97774530038849	-0.7601606582127476	3.764285335297429	208.9473063239488	1.0714943114796596	208.94730632394885	-85.41641038340434
-15	-2	5.118157894736842	49.99416631578911	92.9696776642017	-0.7601606582127428	3.7609269912566057	159.3644422786177	0.47547541360277745	208.94730632394885	-85.37295528417408
-15	-5	5.118157894736842	49.994166315789144	92.96919243680442	-0.7601606582127417	3.7609577371011467	161.70000098460423	0.49712029252065854	208.94730632394885	-85.37335311825815
-15	-20	5.118157894736842	49.99416631578917	92.96664037655115	-0.7601606582127407	3.7615541339867473	169.1183139650461	0.5686486867460423	208.94730632394885	-85.38107016139891
-15	-10	5.118157894736842	49.99416631578909	92.96837241564478	-0.7601606582127433	3.7610697200322463	161.9048135011744	0.4990468784946307	208.94730632394885	-85.37480211494336
-15	-40	5.118157894736842	49.99416631578933	92.96225469961152	-0.7601606582127405	3.7642853352974517	208.9473063239485	1.071494311479659	208.94730632394885	-85.41641038340508
-15	20	5.118157894736842	49.994166315789094	92.97335962344893	-0.7601606582127426	3.7615541339867447	169.11831396504618	0.5686486867460426	208.94730632394885	-85.38107016139882
-15	5	5.118157894736842	49.99416631578912	92.97080756319563	-0.7601606582127424	3.7609577371011444	161.7000009846042	0.49712029252065854	208.94730632394885	-85.37335311825811
-15	10	5.118157894736842	49.99416631578916	92.97162758435519	-0.760160658212742	3.761069720032246	161.90481350117443	0.4990468784946307	208.94730632394885	-85.37480211494344
-15	-5	5.118157894736842	49.994166315789144	92.96919243680442	-0.7601606582127417	3.7609577371011467	161.70000098460423	0.49712029252065854	208.94730632394885	-85.37335311825815
-15	2	5.118157894736842	49.994166315789144	92.97032233579841	-0.7601606582127425	3.760926991256605	159.3644422786177	0.47547541360277745	208.94730632394885	-85.37295528417411
-15	0	5.118157894736842	49.99416631578913	92.97000000000001	-0.7601606582127433	3.76092116461143	159.21754043662796	0.4748265554006865	208.94730632394885	-85.37287989063458
-15	-2	5.118157894736842	49.99416631578911	92.9696776642017	-0.7601606582127428	3.7609269912566057	159.3644422786177	0.47547541360277745	208.94730632394885	-85.37295528417408
-30	40	5.118157894736842	49.99416631578892	92.97863876006977	-1.6379185795057296	4.136090399071085	289.6546558267964	1.19018925749354	289.65465582679684	-174.30587565414828
-15	-40	5.118157894736842	49.99416631578933	92.96225469961152	-0.7601606582127405	3.7642853352974517	208.9473063239485	1.071494311479659	208.94730632394885	-85.41641038340508
-15	-10	5.118157894736842	49.99416631578909	92.96837241564478	-0.7601606582127433	3.7610697200322463	161.9048135011744	0.4990468784946307	208.94730632394885	-85.37480211494336
-30	-40	5.118157894736842	49.99416631578923	92.9613612399303	-1.63791857950572	4.136090399071099	289.65465582679684	1.1901892574935415	289.65465582679684	-174.30587565414933
-30	10	5.118157894736842	49.994166315789116	92.97181533446515	-1.6379185795057232	4.132090119221988	226.65094664715804	0.572067161344065	289.65465582679684	-174.20588032610598
-15	-20	5.118157894736842	49.99416631578917	92.96664037655115	-0.7601606582127407	3.7615541339867473	169.1183139650461	0.5686486867460423	208.94730632394885	-85.38107016139891
-30	-2	5.118157894736842	49.994166315789144	92.96964048113256	-1.6379185795057223	4.13191256220786	222.7735032595794	0.5431188612706935	289.65465582679684	-174.20144191865862
-30	-10	5.118157894736842	49.99416631578913	92.96818466553484	-1.637918579505723	4.132090119221991	226.65094664715792	0.5720671613440648	289.65465582679684	-174.2058803261061
-30	20	5.118157894736842	49.994166315789066	92.97374717305257	-1.6379185795057267	4.132692738385351	237.02600167466946	0.653707430624397	289.65465582679684	-174.2209440474451
-30	2	5.118157894736842	49.99416631578913	92.9703595188675	-1.6379185795057227	4.1319125622078605	222.77350325957948	0.5431188612706939	289.65465582679684	-174.20144191865862
-30	-5	5.118157894736842	49.994166315789144	92.96909928029405	-1.637918579505723	4.1319508105591725	223.07254302505822	0.5454146250226543	289.65465582679684	-174.20239801587707
-30	0	5.118157894736842	49.994166315789116	92.97000000000006	-1.637918579505723	4.131905313762581	222.47987122400644	0.5413679272530499	289.65465582679684	-174.20126072866913
-30	5	5.118157894736842	49.994166315789116	92.97090071970592	-1.6379185795057232	4.131950810559174	223.0725430250584	0.5454146250226548	289.65465582679684	-174.202398015877
-60	40	5.118157894736842	51.459005981335956	92.97687005462228	-3.126805554389742	5.629724056564907	158.34793085322437	0.9621136695704843	158.34793085322465	-331.3387157167976
-30	-20	5.118157894736842	49.99416631578919	92.96625282694747	-1.6379185795057205	4.132692738385356	237.02600167466892	0.6537074306243956	289.65465582679684	-174.22094404744539
-60	20	5.118157894736842	51.459005981335906	92.97297997436463	-3.129507575780611	5.629724056564906	130.00282506954485	0.5341839131859674	158.34793085322465	-331.4082373842544
-60	10	5.118157894736842	51.459005981336	92.97144366168668	-3.1299868142980927	5.629724056564905	124.03153043729667	0.4643786596857074	158.34793085322465	-331.4205679531238
-60	5	5.118157894736842	51.45900598133598	92.97071630575789	-3.130097600813193	5.629724056564908	121.96498252063955	0.44155371624153733	158.34793085322465	-331.42341843509536
-60	2	5.118157894736842	51.459005981335956	92.9702859107369	-3.1301280181717743	5.62972405656491	121.75403614981266	0.4392581308817013	158.34793085322465	-331.4242010586139
-60	-10	5.118157894736842	51.459005981336	92.96855633831329	-3.129986814298092	5.629724056564907	124.03153043729667	0.4643786596857074	158.34793085322465	-331.42056795312385
-60	-2	5.118157894736842	51.459005981335984	92.96971408926315	-3.1301280181717743	5.629724056564908	121.75403614981266	0.4392581308817013	158.34793085322465	-331.42420105861396
-60	0	5.118157894736842	51.45900598133598	92.97000000000001	-3.1301337825655744	5.629724056564908	121.56106957369947	0.4375357369001536	158.34793085322465	-331.4243493736015
-60	-40	5.118157894736842	51.45900598133602	92.96312994537769	-3.126805554389739	5.629724056564907	158.34793085322383	0.9621136695704813	158.34793085322465	-331.33871571679794
-60	-5	5.118157894736842	51.459005981335984	92.96928369424214	-3.1300976008131927	5.629724056564908	121.96498252063964	0.44155371624153733	158.34793085322465	-331.4234184350954
-60	-20	5.118157894736842	51.45900598133602	92.96702002563536	-3.1295075757806057	5.62972405656491	130.0028250695445	0.5341839131859674	158.34793085322465	-331.40823738425513
60	40	4.549473684210526	48.83377794400865	92.97723937808593	3.277247253632312	5.582804977733086	158.34793085322474	0.9621136695704868	158.34793085322485	316.12421928236614
60	20	4.549473684210526	48.83377794400864	92.973140173157	3.2800945314954717	5.582804977733086	130.00282506954434	0.534183913185967	158.34793085322485	316.19374094982334
60	5	4.549473684210526	48.83377794400868	92.97075481324264	3.28071627535718	5.582804977733088	121.96498252063954	0.441553716241537	158.34793085322485	316.20892200066396
60	10	4.549473684210526	48.833777944008666	92.97152127069619	3.2805995331311415	5.582804977733086	124.03153043729667	0.4643786596857074	158.34793085322485	316.20607151869234
60	2	4.549473684210526	48.833777944008666	92.97030128085393	3.280748327905707	5.582804977733086	121.75403614981266	0.4392581308817013	158.34793085322485	316.20970462418245
60	0	4.549473684210526	48.83377794400867	92.97	3.2807544021843627	5.582804977733085	121.56106957369947	0.4375357369001536	158.34793085322485	316.20985293917005
30	40	4.549473684210526	44.43925894736799	92.97971860507849	1.842658401943942	3.9113747252707656	289.65465582679644	1.19018925749354	289.65465582679684	157.8249771282484
60	-2	4.549473684210526	48.83377794400867	92.96969871914611	3.280748327905707	5.582804977733088	121.75403614981266	0.4392581308817013	158.34793085322485	316.2097046241826
30	-40	4.549473684210526	44.4392589473682	92.96028139492154	1.8426584019439352	3.911374725270775	289.6546558267963	1.190189257493539	289.65465582679684	157.82497712824912
30	10	4.549473684210526	44.43925894736812	92.97204225127327	1.842658401943938	3.9068744104405266	226.65094664715804	0.572067161344065	289.65465582679684	157.72498180020588
30	5	4.549473684210526	44.43925894736811	92.97101330966915	1.842658401943939	3.9067176881948598	223.0725430250584	0.5454146250226548	289.65465582679684	157.7214994899769
60	-5	4.549473684210526	48.833777944008666	92.96924518675739	3.280716275357182	5.582804977733087	121.96498252063955	0.44155371624153733	158.34793085322485	316.2089220006639
30	0	4.549473684210526	44.43925894736812	92.97000000000003	1.842658401943938	3.9066665042986926	222.47987122400644	0.5413679272530499	289.65465582679684	157.72036220276902
60	-40	4.549473684210526	48.83377794400872	92.96276062191409	3.2772472536323107	5.582804977733088	158.34793085322437	0.9621136695704843	158.34793085322485	316.12421928236665
60	-10	4.549473684210526	48.833777944008666	92.96847872930383	3.2805995331311415	5.582804977733087	124.03153043729667	0.4643786596857074	158.34793085322485	316.20607151869234
30	20	4.549473684210526	44.43925894736808	92.97421556968416	1.8426584019439416	3.9075523569993136	237.02600167466912	0.6537074306243961	289.65465582679684	157.7400455215451
30	2	4.549473684210526	44.43925894736813	92.97040445872588	1.8426584019439378	3.906674658799631	222.77350325957948	0.5431188612706939	289.65465582679684	157.7205433927585
60	-20	4.549473684210526	48.833777944008716	92.96685982684302	3.2800945314954664	5.582804977733089	130.00282506954485	0.5341839131859674	158.34793085322485	316.19374094982373
30	-10	4.549473684210526	44.43925894736815	92.96795774872672	1.8426584019439378	3.9068744104405297	226.65094664715792	0.5720671613440648	289.65465582679684	157.72498180020608
30	-2	4.549473684210526	44.43925894736811	92.96959554127413	1.8426584019439383	3.9066746587996315	222.77350325957948	0.5431188612706939	289.65465582679684	157.72054339275843
30	-5	4.549473684210526	44.43925894736813	92.96898669033088	1.8426584019439383	3.906717688194861	223.0725430250584	0.5454146250226548	289.65465582679684	157.721499489977
30	-20	4.549473684210526	44.43925894736811	92.96578443031589	1.8426584019439374	3.9075523569993122	237.02600167466898	0.6537074306243956	289.65465582679684	157.74004552154503
15	40	4.549473684210526	44.43925894736787	92.97871346293702	0.8551807404893406	3.4930940285254	208.94730632394877	1.07149431147966	208.94730632394885	76.88526954559433
15	20	4.549473684210526	44.439258947368124	92.97377957638001	0.8551807404893351	3.490021427050881	169.1183139650462	0.5686486867460426	208.94730632394885	76.84992932358888
15	10	4.549473684210526	44.43925894736812	92.97183103239965	0.8551807404893355	3.4894764613520675	161.9048135011744	0.4990468784946307	208.94730632394885	76.84366127713338
15	5	4.549473684210526	44.43925894736811	92.97090850859506	0.8551807404893351	3.489350480554577	161.70000098460423	0.49712029252065854	208.94730632394885	76.84221228044807
10	40	4.549473684210526	44.4392589473682	92.97854639787465	0.5627613077030452	3.4279927971522213	196.7584029510415	1.0452281726968131	196.7584029510415	51.081879446908765
15	2	4.549473684210526	44.439258947368124	92.97036262777316	0.855180740489335	3.4893158914794693	159.3644422786177	0.47547541360277745	208.94730632394885	76.84181444636404
15	-5	4.549473684210526	44.439258947368145	92.96909149140491	0.8551807404893347	3.4893504805545774	161.7000009846042	0.49712029252065854	208.94730632394885	76.84221228044812
15	-40	4.549473684210526	44.43925894736834	92.96128653706296	0.8551807404893335	3.4930940285254253	208.9473063239486	1.071494311479659	208.94730632394885	76.88526954559514
15	-2	4.549473684210526	44.439258947368124	92.96963737222686	0.8551807404893355	3.4893158914794706	159.3644422786177	0.47547541360277745	208.94730632394885	76.84181444636408
15	0	4.549473684210526	44.439258947368124	92.97000000000004	0.8551807404893351	3.489309336503648	159.21754043662796	0.4748265554006865	208.94730632394885	76.84173905282451
10	20	4.549473684210526	44.43925894736813	92.97370710976506	0.562761307703047	3.4250368894244976	160.40994563882583	0.5666088959451228	196.7584029510415	51.05906930899454
15	-10	4.549473684210526	44.439258947368124	92.96816896760038	0.8551807404893351	3.489476461352066	161.90481350117443	0.4990468784946307	208.94730632394885	76.84366127713335
15	-20	4.549473684210526	44.43925894736818	92.96622042362003	0.8551807404893337	3.4900214270508827	169.11831396504618	0.5686486867460426	208.94730632394885	76.84992932358894
10	10	4.549473684210526	44.43925894736811	92.97179592562932	0.5627613077030469	3.4245126208742733	153.86231790247257	0.500158143400352	196.7584029510415	51.05502363536859
10	5	4.549473684210526	44.43925894736811	92.9708910895682	0.5627613077030468	3.424391424677524	151.64673520765294	0.4789024559497826	196.7584029510415	51.05408838900193
10	0	4.549473684210526	44.43925894736813	92.97	0.5627613077030456	3.4243518432286755	151.5042091215437	0.47764195493582234	196.7584029510415	51.05378294702256
10	2	4.549473684210526	44.43925894736811	92.97035567503437	0.5627613077030469	3.42435814925432	151.71032809136534	0.47829177891276536	196.7584029510415	51.05383160933817
10	-2	4.549473684210526	44.439258947368124	92.96964432496561	0.5627613077030466	3.4243581492543194	151.71032809136534	0.47829177891276536	196.7584029510415	51.053831609338175
10	-5	4.549473684210526	44.439258947368145	92.9691089104318	0.5627613077030469	3.424391424677526	151.64673520765294	0.4789024559497826	196.7584029510415	51.05408838900199
10	-40	4.549473684210526	44.43925894736801	92.96145360212533	0.5627613077030499	3.4279927971522137	196.75840295104123	1.0452281726968118	196.7584029510415	51.08187944690868
5	40	4.549473684210526	44.439258947368145	92.97844870877493	0.27922689141059637	3.390509630091976	189.11064760587033	1.0179821831308882	189.1106476058704	25.49332453690106
10	-10	4.549473684210526	44.43925894736816	92.96820407437066	0.562761307703046	3.4245126208742747	153.86231790247294	0.5001581434003524	196.7584029510415	51.05502363536863
10	-20	4.549473684210526	44.43925894736815	92.966292890235	0.5627613077030476	3.4250368894245	160.40994563882583	0.5666088959451228	196.7584029510415	51.05906930899461
5	20	4.549473684210526	44.43925894736813	92.97366473586428	0.27922689141059553	3.3876209108200546	154.90879034742605	0.5595413416624124	189.1106476058704	25.482136132501974
5	10	4.549473684210526	44.43925894736807	92.97177539740673	0.2792268914105964	3.3871085590133663	148.79645122037024	0.49603511809941575	189.1106476058704	25.48015172395681
5	-2	4.549473684210526	44.43925894736813	92.96964839048823	0.27922689141059537	3.3869575985685123	146.77729081893713	0.4755065933374404	189.1106476058704	25.479567033529552
5	-40	4.549473684210526	44.439258947368245	92.96155129122509	0.27922689141059653	3.390509630091981	189.11064760587033	1.0179821831308882	189.1106476058704	25.49332453690114
2	40	4.549473684210526	44.43925894736812	92.9784216891528	0.11145235871568103	3.380218315014194	188.18202113571078	1.029447493450019	188.18202113571078	10.192249933385288
5	5	4.549473684210526	44.439258947368096	92.97088090402114	0.2792268914105964	3.386990117633769	146.86407156685885	0.4758242312067206	189.1106476058704	25.479692984312095
5	2	4.549473684210526	44.439258947368124	92.97035160951177	0.2792268914105956	3.3869575985685136	146.77729081893713	0.4755065933374404	189.1106476058704	25.479567033529563
5	-5	4.549473684210526	44.43925894736813	92.96911909597888	0.2792268914105962	3.3869901176337733	146.8640715668587	0.47582423120672024	189.1106476058704	25.47969298431212
5	0	4.549473684210526	44.439258947368124	92.97	0.27922689141059565	3.3869514358802686	146.67715920122734	0.47518220225380003	189.1106476058704	25.479543164596038
5	-10	4.549473684210526	44.43925894736817	92.96822460259332	0.2792268914105956	3.387108559013373	148.79645122037024	0.49603511809941575	189.1106476058704	25.480151723956855
5	-20	4.549473684210526	44.439258947368124	92.96633526413574	0.27922689141059537	3.387620910820052	154.90879034742605	0.5595413416624124	189.1106476058704	25.482136132501957
2	20	4.549473684210526	44.439258947368074	92.97365301575641	0.11145235871567946	3.3773480428912834	152.75154836656986	0.5505475951851407	188.18202113571078	10.18779840604463
2	10	4.549473684210526	44.43925894736811	92.97176971954892	0.11145235871567945	3.3768389629255915	146.96932275284232	0.4890863670108592	188.18202113571078	10.187008869969736
2	5	4.549473684210526	44.43925894736811	92.97087808682215	0.11145235871568027	3.3767212779039397	144.90897566434944	0.46945391196226344	188.18202113571078	10.18682635135515
2	2	4.549473684210526	44.43925894736814	92.97035048503743	0.11145235871567984	3.3766889665030444	144.84938043600636	0.4692608444662599	188.18202113571078	10.186776239352396
2	0	4.549473684210526	44.43925894736813	92.96999999999998	0.11145235871567984	3.3766828431692737	144.80980158203897	0.46913262295519903	188.18202113571078	10.186766742626464
2	-2	4.549473684210526	44.43925894736812	92.96964951496257	0.11145235871567963	3.3766889665030453	144.84938043600636	0.4692608444662599	188.18202113571078	10.186776239352383
0	40	4.549473684210526	44.43925894736813	92.9784165588873	-0.0000000000000009693377967097545	3.378268007834323	187.404022058532	1.0218515296573385	187.404022058532	-0.00000000000004307665335545607
2	-10	4.549473684210526	44.439258947368124	92.96823028045111	0.11145235871567989	3.3768389629255915	146.96932275284232	0.4890863670108592	188.18202113571078	10.187008869969759
2	-5	4.549473684210526	44.43925894736814	92.96912191317786	0.11145235871567946	3.3767212779039424	144.90897566434944	0.46945391196226344	188.18202113571078	10.186826351355126
0	0	4.549473684210526	44.439258947368124	92.97000000000001	-0.00000000000000003997269264782494	3.3747368421052624	144.45726700345176	0.46799053540499036	187.404022058532	-0.0000000000000017763568394002505
2	-40	4.549473684210526	44.439258947368266	92.96157831084723	0.11145235871568045	3.380218315014201	188.18202113571078	1.029447493450019	188.18202113571078	10.192249933385307
0	5	4.549473684210526	44.43925894736811	92.97087755191541	0.0000000000000003647508204114027	3.3747752300273883	144.45726700345176	0.46799053540499036	187.404022058532	0.000000000000016209256159527285
2	-20	4.549473684210526	44.439258947368195	92.9663469842436	0.11145235871567956	3.3773480428912874	152.75154836656984	0.5505475951851407	188.18202113571078	10.187798406044667
0	20	4.549473684210526	44.43925894736805	92.97365079043786	-0.0000000000000000049965865809781255	3.375401231630724	152.26576792255727	0.5480669907336725	187.404022058532	-0.0000000000000002220446049250313
0	10	4.549473684210526	44.439258947368096	92.9717686414836	0.00000000000000034976106066846845	3.37489277171164	146.40939223322815	0.48722302316135985	187.404022058532	0.00000000000001554312234475219
0	2	4.549473684210526	44.4392589473681	92.97035027153142	-0.00000000000000001998634632391248	3.374742957980967	144.45726700345176	0.46799053540499036	187.404022058532	-0.0000000000000008881784197001252
0	-2	4.549473684210526	44.43925894736811	92.96964972846861	-0.0000000000000002298429827249935	3.3747429579809687	144.45726700345176	0.46799053540499036	187.404022058532	-0.000000000000010214051826551442
0	-5	4.549473684210526	44.439258947368124	92.96912244808463	0.00000000000000007994538529564988	3.37477523002739	144.45726700345176	0.46799053540499036	187.404022058532	0.000000000000003552713678800501
0	-40	4.549473684210526	44.439258947368046	92.96158344111271	0.0000000000000013290920305401815	3.378268007834319	187.404022058532	1.0218515296573385	187.404022058532	0.00000000000005906386491005833
0	-20	4.549473684210526	44.439258947368195	92.96634920956215	-0.000000000000000044969279228802985	3.375401231630733	152.26576792255727	0.5480669907336725	187.404022058532	-0.0000000000000019984014443252818
0	-10	4.549473684210526	44.43925894736814	92.96823135851642	-0.000000000000000214853222982059	3.374892771711641	146.40939223322815	0.48722302316135985	187.404022058532	-0.000000000000009547918011776346
-2	40	4.549473684210526	44.43925894736812	92.97842168915277	-0.11145235871568045	3.3802183150141927	188.18202113571078	1.029447493450019	188.18202113571078	-10.19224993338526
-2	20	4.549473684210526	44.43925894736808	92.97365301575637	-0.11145235871567892	3.3773480428912825	152.75154836656984	0.5505475951851407	188.18202113571078	-10.187798406044605
-2	-40	4.549473684210526	44.439258947368266	92.96157831084719	-0.11145235871568081	3.3802183150142002	188.18202113571078	1.029447493450019	188.18202113571078	-10.192249933385323
-15	40	4.549473684210526	44.43925894736786	92.97871346293704	-0.8551807404893406	3.4930940285254004	208.9473063239486	1.071494311479659	208.94730632394885	-76.88526954559433
-2	2	4.549473684210526	44.43925894736813	92.97035048503743	-0.11145235871568016	3.376688966503045	144.84938043600636	0.4692608444662599	188.18202113571078	-10.186776239352408
-2	5	4.549473684210526	44.43925894736812	92.97087808682218	-0.11145235871567982	3.37672127790394	144.90897566434944	0.46945391196226344	188.18202113571078	-10.186826351355133
-2	10	4.549473684210526	44.439258947368124	92.9717697195489	-0.11145235871567917	3.376838962925591	146.96932275284232	0.4890863670108592	188.18202113571078	-10.187008869969725
-2	0	4.549473684210526	44.439258947368124	92.97000000000001	-0.1114523587156798	3.3766828431692733	144.80980158203897	0.46913262295519903	188.18202113571078	-10.186766742626459
-2	-2	4.549473684210526	44.43925894736814	92.96964951496258	-0.11145235871567992	3.376688966503043	144.84938043600636	0.4692608444662599	188.18202113571078	-10.186776239352396
-2	-5	4.549473684210526	44.43925894736814	92.96912191317786	-0.11145235871567938	3.3767212779039415	144.90897566434944	0.46945391196226344	188.18202113571078	-10.186826351355121
-2	-20	4.549473684210526	44.43925894736819	92.96634698424366	-0.11145235871567821	3.3773480428912888	152.75154836656986	0.5505475951851407	188.18202113571078	-10.187798406044609
-2	-10	4.549473684210526	44.439258947368124	92.96823028045112	-0.11145235871567954	3.3768389629255915	146.96932275284232	0.4890863670108592	188.18202113571078	-10.187008869969743
-15	5	4.549473684210526	44.439258947368124	92.97090850859503	-0.8551807404893343	3.489350480554575	161.7000009846042	0.49712029252065854	208.94730632394885	-76.84221228044805
-15	20	4.549473684210526	44.43925894736813	92.97377957638002	-0.8551807404893355	3.4900214270508796	169.11831396504618	0.5686486867460426	208.94730632394885	-76.8499293235889
-15	10	4.549473684210526	44.43925894736812	92.9718310323996	-0.8551807404893355	3.489476461352066	161.90481350117432	0.4990468784946303	208.94730632394885	-76.84366127713336
-15	0	4.549473684210526	44.43925894736813	92.97	-0.8551807404893353	3.4893093365036476	159.21754043662796	0.4748265554006865	208.94730632394885	-76.84173905282452
-15	-20	4.549473684210526	44.43925894736818	92.96622042361999	-0.8551807404893339	3.4900214270508814	169.1183139650461	0.5686486867460423	208.94730632394885	-76.84992932358894
-15	5	4.549473684210526	44.439258947368124	92.97090850859503	-0.8551807404893343	3.489350480554575	161.7000009846042	0.49712029252065854	208.94730632394885	-76.84221228044805
-15	2	4.549473684210526	44.43925894736811	92.97036262777317	-0.8551807404893356	3.4893158914794706	159.3644422786177	0.47547541360277745	208.94730632394885	-76.84181444636405
-15	40	4.549473684210526	44.43925894736786	92.97871346293704	-0.8551807404893406	3.4930940285254004	208.9473063239486	1.071494311479659	208.94730632394885	-76.88526954559433
-15	-10	4.549473684210526	44.43925894736811	92.96816896760039	-0.8551807404893356	3.4894764613520666	161.9048135011744	0.4990468784946307	208.94730632394885	-76.84366127713336
-15	-40	4.549473684210526	44.43925894736834	92.96128653706293	-0.8551807404893332	3.4930940285254235	208.94730632394868	1.0714943114796596	208.94730632394885	-76.8852695455951
-15	-5	4.549473684210526	44.43925894736814	92.96909149140495	-0.8551807404893349	3.4893504805545774	161.70000098460423	0.49712029252065854	208.94730632394885	-76.84221228044812
-15	-2	4.549473684210526	44.43925894736812	92.96963737222686	-0.8551807404893352	3.48931589147947	159.3644422786177	0.47547541360277745	208.94730632394885	-76.84181444636404
-15	20	4.549473684210526	44.43925894736813	92.97377957638002	-0.8551807404893355	3.4900214270508796	169.11831396504618	0.5686486867460426	208.94730632394885	-76.8499293235889
-15	10	4.549473684210526	44.43925894736812	92.9718310323996	-0.8551807404893355	3.489476461352066	161.90481350117432	0.4990468784946303	208.94730632394885	-76.84366127713336
-15	0	4.549473684210526	44.43925894736813	92.97	-0.8551807404893353	3.4893093365036476	159.21754043662796	0.4748265554006865	208.94730632394885	-76.84173905282452
-15	2	4.549473684210526	44.43925894736811	92.97036262777317	-0.8551807404893356	3.4893158914794706	159.3644422786177	0.47547541360277745	208.94730632394885	-76.84181444636405
-15	-2	4.549473684210526	44.43925894736812	92.96963737222686	-0.8551807404893352	3.48931589147947	159.3644422786177	0.47547541360277745	208.94730632394885	-76.84181444636404
-15	-5	4.549473684210526	44.43925894736814	92.96909149140495	-0.8551807404893349	3.4893504805545774	161.70000098460423	0.49712029252065854	208.94730632394885	-76.84221228044812
-30	40	4.549473684210526	44.439258947368	92.97971860507847	-1.8426584019439427	3.9113747252707647	289.6546558267964	1.19018925749354	289.65465582679684	-157.82497712824846
-30	-40	4.549473684210526	44.43925894736822	92.96028139492154	-1.8426584019439354	3.9113747252707753	289.65465582679684	1.1901892574935415	289.65465582679684	-157.82497712824917
-30	20	4.549473684210526	44.43925894736809	92.97421556968413	-1.8426584019439398	3.9075523569993096	237.02600167466935	0.6537074306243965	289.65465582679684	-157.74004552154497
-30	0	4.549473684210526	44.43925894736811	92.96999999999998	-1.8426584019439374	3.906666504298691	222.47987122400644	0.5413679272530499	289.65465582679684	-157.72036220276894
-15	-40	4.549473684210526	44.43925894736834	92.96128653706293	-0.8551807404893332	3.4930940285254235	208.94730632394868	1.0714943114796596	208.94730632394885	-76.8852695455951
-30	10	4.549473684210526	44.439258947368096	92.97204225127331	-1.8426584019439398	3.9068744104405293	226.65094664715804	0.572067161344065	289.65465582679684	-157.72498180020594
-30	5	4.549473684210526	44.4392589473681	92.97101330966915	-1.8426584019439396	3.9067176881948598	223.0725430250584	0.5454146250226548	289.65465582679684	-157.72149948997688
-15	-10	4.549473684210526	44.43925894736811	92.96816896760039	-0.8551807404893356	3.4894764613520666	161.9048135011744	0.4990468784946307	208.94730632394885	-76.84366127713336
-30	-20	4.549473684210526	44.43925894736812	92.9657844303159	-1.8426584019439365	3.907552356999311	237.02600167466892	0.6537074306243956	289.65465582679684	-157.74004552154497
-60	40	4.549473684210526	48.83377794400865	92.97723937808588	-3.277247253632314	5.582804977733086	158.34793085322428	0.9621136695704837	158.34793085322465	-316.1242192823662
-30	2	4.549473684210526	44.43925894736812	92.97040445872594	-1.8426584019439383	3.906674658799632	222.77350325957948	0.5431188612706939	289.65465582679684	-157.72054339275846
-30	-5	4.549473684210526	44.4392589473681	92.96898669033088	-1.8426584019439385	3.906717688194861	223.0725430250584	0.5454146250226548	289.65465582679684	-157.72149948997688
-15	-20	4.549473684210526	44.43925894736818	92.96622042361999	-0.8551807404893339	3.4900214270508814	169.1183139650461	0.5686486867460423	208.94730632394885	-76.84992932358894
-30	-2	4.549473684210526	44.4392589473681	92.96959554127416	-1.842658401943939	3.906674658799633	222.7735032595794	0.5431188612706935	289.65465582679684	-157.72054339275846
-30	-10	4.549473684210526	44.43925894736817	92.96795774872672	-1.842658401943937	3.9068744104405293	226.65094664715792	0.5720671613440648	289.65465582679684	-157.72498180020608
-60	0	4.549473684210526	48.83377794400867	92.96999999999996	-3.2807544021843627	5.582804977733086	121.56106957369947	0.4375357369001536	158.34793085322465	-316.20985293917005
-60	-2	4.549473684210526	48.83377794400868	92.96969871914611	-3.2807483279057066	5.582804977733086	121.75403614981266	0.4392581308817013	158.34793085322465	-316.20970462418256
-60	5	4.549473684210526	48.833777944008695	92.97075481324262	-3.2807162753571806	5.582804977733085	121.96498252063957	0.441553716241537	158.34793085322465	-316.208922000664
-60	10	4.549473684210526	48.83377794400865	92.97152127069619	-3.280599533131143	5.582804977733083	124.03153043729667	0.4643786596857074	158.34793085322465	-316.2060715186921
-60	-40	4.549473684210526	48.833777944008695	92.96276062191413	-3.2772472536323116	5.5828049777330895	158.34793085322372	0.9621136695704805	158.34793085322465	-316.1242192823666
-60	20	4.549473684210526	48.83377794400865	92.97314017315698	-3.2800945314954695	5.582804977733085	130.00282506954485	0.5341839131859674	158.34793085322465	-316.1937409498233
-60	2	4.549473684210526	48.833777944008666	92.9703012808539	-3.280748327905707	5.582804977733086	121.75403614981266	0.4392581308817013	158.34793085322465	-316.20970462418245
60	20	3.98078947368421	46.208549906681284	92.9733185745704	3.4291386801308947	5.530554708830007	130.00282506954426	0.5341839131859666	158.34793085322485	300.5482739782298
60	5	3.98078947368421	46.208549906681355	92.97079769614832	3.4297957468802736	5.530554708830008	121.96498252063964	0.44155371624153733	158.34793085322485	300.5634550290707
60	40	3.98078947368421	46.20854990668138	92.97765066600475	3.4261296409986253	5.530554708830003	158.34793085322485	0.9621136695704873	158.34793085322485	300.47875231077296
-60	-20	4.549473684210526	48.8337779440087	92.966859826843	-3.280094531495467	5.582804977733089	130.00282506954434	0.534183913185967	158.34793085322465	-316.1937409498237
-60	-5	4.549473684210526	48.833777944008666	92.96924518675739	-3.280716275357183	5.582804977733086	121.96498252063964	0.44155371624153733	158.34793085322465	-316.2089220006639
60	10	3.98078947368421	46.20854990668134	92.97160769804553	3.4296723722244016	5.530554708830008	124.03153043729667	0.4643786596857074	158.34793085322485	300.5606045470991
-60	-10	4.549473684210526	48.83377794400869	92.9684787293038	-3.28059953313114	5.582804977733086	124.03153043729657	0.4643786596857071	158.34793085322465	-316.20607151869245
30	40	3.98078947368421	38.88633819435773	92.98108998839015	2.1054547156330927	3.703559753909448	285.0508324583801	1.1607632802776104	289.65465582679684	142.91340374384714
30	-40	3.98078947368421	38.88633819435804	92.95891001160986	2.1054547156330763	3.7035597539094605	285.12444214328127	1.1609472609157556	289.65465582679684	142.91340374384797
60	2	3.98078947368421	46.20854990668136	92.97031839740372	3.429829620417538	5.530554708830007	121.75403614981273	0.4392581308817016	158.34793085322485	300.56423765258927
30	2	3.98078947368421	38.88435157894711	92.97046223854389	2.1058953165073566	3.6983236702070967	222.77350325957948	0.5431188612706939	289.65465582679684	142.81913892253692
30	20	3.98078947368421	38.88435157894707	92.97481779392476	2.105895316507361	3.699326753863876	237.02600167466912	0.6537074306243961	289.65465582679684	142.83864105132355
60	0	3.98078947368421	46.208549906681355	92.97000000000003	3.4298360397917818	5.530554708830006	121.56106957369947	0.4375357369001536	158.34793085322485	300.56438596757675
30	10	3.98078947368421	38.88435157894704	92.9723340014552	2.105895316507362	3.6985519577966937	226.65094664715804	0.572067161344065	289.65465582679684	142.82357732998432
60	-2	3.98078947368421	46.20854990668136	92.9696816025963	3.429829620417537	5.530554708830007	121.75403614981266	0.4392581308817013	158.34793085322485	300.56423765258927
60	-5	3.98078947368421	46.20854990668136	92.96920230385169	3.429795746880273	5.530554708830007	121.96498252063955	0.44155371624153733	158.34793085322485	300.56345502907067
60	-40	3.98078947368421	46.208549906681405	92.96234933399525	3.4261296409986266	5.53055470883001	158.34793085322437	0.9621136695704843	158.34793085322485	300.4787523107735
60	-20	3.98078947368421	46.20854990668139	92.96668142542964	3.4291386801308876	5.5305547088300075	130.00282506954474	0.5341839131859666	158.34793085322485	300.5482739782304
30	5	3.98078947368421	38.88435157894708	92.97115806819333	2.1058953165073593	3.6983728466587866	223.0725430250584	0.5454146250226548	289.65465582679684	142.82009501975537
60	-10	3.98078947368421	46.20854990668132	92.96839230195452	3.4296723722244025	5.530554708830007	124.03153043729681	0.4643786596857079	158.34793085322485	300.5606045470989
30	-2	3.98078947368421	38.8843515789471	92.96953776145612	2.1058953165073566	3.698323670207097	222.7735032595794	0.5431188612706935	289.65465582679684	142.81913892253687
30	0	3.98078947368421	38.88435157894709	92.97000000000001	2.1058953165073575	3.698314350777452	222.47987122400644	0.5413679272530499	289.65465582679684	142.81895773254743
30	-5	3.98078947368421	38.884351578947104	92.9688419318067	2.105895316507359	3.698372846658786	223.0725430250584	0.5454146250226548	289.65465582679684	142.8200950197554
30	-10	3.98078947368421	38.88435157894712	92.96766599854487	2.105895316507358	3.698551957796697	226.65094664715804	0.572067161344065	289.65465582679684	142.82357732998454
30	-20	3.98078947368421	38.88435157894715	92.96518220607527	2.105895316507355	3.699326753863876	237.02600167466917	0.6537074306243961	289.65465582679684	142.83864105132363
15	40	3.98078947368421	38.88435157894686	92.97995824335663	0.9773494177021053	3.2256600927508376	208.94730632394868	1.0714943114796596	208.94730632394885	69.17173499425611
15	10	3.98078947368421	38.88435157894711	92.97209260845676	0.9773494177020973	3.221525730267024	161.90481350117452	0.499046878494631	208.94730632394885	69.13012672579505
15	20	3.98078947368421	38.88435157894704	92.97431951586286	0.9773494177020994	3.2221485482085206	169.1183139650462	0.5686486867460426	208.94730632394885	69.13639477225045
15	5	3.98078947368421	38.88435157894709	92.97103829553721	0.9773494177020973	3.221381752212749	161.70000098460423	0.49712029252065854	208.94730632394885	69.12867772910974
15	-5	3.98078947368421	38.88435157894712	92.96896170446277	0.9773494177020965	3.2213817522127504	161.7000009846042	0.49712029252065854	208.94730632394885	69.12867772910977
15	0	3.98078947368421	38.88435157894711	92.97	0.9773494177020974	3.2213347304402578	159.21754043662796	0.4748265554006865	208.94730632394885	69.12820450148617
15	-40	3.98078947368421	38.884351578947346	92.96004175664335	0.9773494177020924	3.2256600927508594	208.9473063239488	1.0714943114796596	208.94730632394885	69.17173499425671
15	-10	3.98078947368421	38.8843515789471	92.96790739154329	0.9773494177020982	3.2215257302670235	161.90481350117454	0.499046878494631	208.94730632394885	69.13012672579505
15	2	3.98078947368421	38.884351578947104	92.97041443174072	0.9773494177020974	3.221342221841198	159.3644422786177	0.47547541360277745	208.94730632394885	69.12827989502571
10	40	3.98078947368421	38.884351578947204	92.97976731185675	0.6431557802320512	3.1512586854672007	196.7584029510415	1.0452281726968131	196.7584029510415	45.90667598504514
15	-2	3.98078947368421	38.88435157894709	92.9695855682593	0.9773494177020982	3.2213422218411987	159.3644422786177	0.47547541360277745	208.94730632394885	69.12827989502573
15	-20	3.98078947368421	38.88435157894713	92.96568048413714	0.9773494177020964	3.2221485482085246	169.11831396504618	0.5686486867460426	208.94730632394885	69.13639477225055
10	20	3.98078947368421	38.88435157894708	92.97423669687431	0.6431557802320541	3.147880505206942	160.40994563882583	0.5666088959451228	196.7584029510415	45.88386584713086
10	10	3.98078947368421	38.884351578947104	92.97205248643348	0.643155780232053	3.1472813411495455	153.86231790247257	0.500158143400352	196.7584029510415	45.879820173504946
10	5	3.98078947368421	38.88435157894709	92.97101838807794	0.6431557802320531	3.1471428312104033	151.64673520765294	0.4789024559497826	196.7584029510415	45.87888492713828
10	2	3.98078947368421	38.88435157894709	92.97040648575357	0.6431557802320533	3.147104802155312	151.71032809136534	0.47829177891276536	196.7584029510415	45.87862814747452
10	0	3.98078947368421	38.884351578947104	92.96999999999998	0.6431557802320527	3.147097595268863	151.5042091215436	0.47764195493582207	196.7584029510415	45.87857948515896
10	-40	3.98078947368421	38.884351578947005	92.96023268814325	0.6431557802320561	3.1512586854671936	196.75840295104123	1.0452281726968118	196.7584029510415	45.90667598504505
5	40	3.98078947368421	38.88435157894712	92.97965566717134	0.3191164473263966	3.1084207802554915	189.11064760587033	1.0179821831308882	189.1106476058704	22.89583858773022
10	-2	3.98078947368421	38.884351578947104	92.96959351424643	0.6431557802320528	3.147104802155312	151.71032809136534	0.47829177891276536	196.7584029510415	45.878628147474515
10	-10	3.98078947368421	38.88435157894713	92.9679475135665	0.6431557802320526	3.1472813411495486	153.86231790247294	0.5001581434003524	196.7584029510415	45.87982017350499
10	-5	3.98078947368421	38.884351578947104	92.96898161192206	0.6431557802320532	3.147142831210405	151.64673520765294	0.4789024559497826	196.7584029510415	45.878884927138316
10	-20	3.98078947368421	38.88435157894715	92.96576330312571	0.6431557802320543	3.147880505206947	160.40994563882583	0.5666088959451228	196.7584029510415	45.88386584713099
5	20	3.98078947368421	38.884351578947076	92.97418826955914	0.3191164473263956	3.1051193868018636	154.90879034742605	0.5595413416624124	189.1106476058704	22.884650183331107
5	5	3.98078947368421	38.88435157894706	92.97100674745276	0.31911644732639644	3.1043984803032556	146.86407156685885	0.4758242312067206	189.1106476058704	22.88220703514125
5	10	3.98078947368421	38.88435157894704	92.97202902560768	0.31911644732639605	3.104533841879937	148.79645122037024	0.49603511809941575	189.1106476058704	22.882665774785945
5	2	3.98078947368421	38.8843515789471	92.970401839442	0.319116447326395	3.10436131565725	146.77729081893713	0.4755065933374404	189.1106476058704	22.882081084358703
5	0	3.98078947368421	38.8843515789471	92.97000000000003	0.31911644732639527	3.1043542725849695	146.67715920122734	0.47518220225380003	189.1106476058704	22.88205721542519
5	-2	3.98078947368421	38.88435157894711	92.96959816055798	0.31911644732639516	3.104361315657248	146.77729081893713	0.4755065933374404	189.1106476058704	22.88208108435871
2	40	3.98078947368421	38.884351578947104	92.97962478760317	0.12737412424649286	3.096659277309453	188.18202113571078	1.029447493450019	188.18202113571078	9.152146901043038
5	-5	3.98078947368421	38.88435157894711	92.96899325254729	0.3191164473263951	3.10439848030326	146.8640715668587	0.47582423120672024	189.1106476058704	22.882207035141246
5	-10	3.98078947368421	38.88435157894713	92.96797097439236	0.3191164473263949	3.1045338418799426	148.79645122037024	0.49603511809941575	189.1106476058704	22.882665774785973
5	-40	3.98078947368421	38.88435157894712	92.96034433282868	0.31911644732639793	3.108420780255491	189.11064760587033	1.0179821831308882	189.1106476058704	22.895838587730275
5	-20	3.98078947368421	38.884351578947076	92.96581173044088	0.31911644732639505	3.1051193868018627	154.90879034742605	0.5595413416624124	189.1106476058704	22.884650183331086
2	10	3.98078947368421	38.88435157894708	92.97202253662735	0.12737412424649103	3.092797160636765	146.96932275284232	0.4890863670108592	188.18202113571078	9.146905837627482
2	20	3.98078947368421	38.88435157894706	92.97417487515015	0.12737412424649094	3.0933789663118403	152.75154836656986	0.5505475951851407	188.18202113571078	9.147695373702375
2	5	3.98078947368421	38.88435157894708	92.97100352779675	0.12737412424649155	3.0926626634691643	144.90897566434944	0.46945391196226344	188.18202113571078	9.146723319012883
2	-5	3.98078947368421	38.8843515789471	92.96899647220323	0.12737412424649114	3.092662663469165	144.90897566434944	0.46945391196226344	188.18202113571078	9.146723319012873
2	2	3.98078947368421	38.8843515789471	92.97040055432852	0.1273741242464912	3.0926257361538565	144.84938043600636	0.4692608444662599	188.18202113571078	9.146673207010132
2	0	3.98078947368421	38.8843515789471	92.97	0.12737412424649142	3.0926187380581167	144.80980158203897	0.46913262295519903	188.18202113571078	9.146663710284207
2	-10	3.98078947368421	38.88435157894709	92.9679774633727	0.1273741242464917	3.092797160636766	146.96932275284232	0.4890863670108592	188.18202113571078	9.146905837627513
2	-20	3.98078947368421	38.884351578947125	92.96582512484987	0.1273741242464907	3.093378966311845	152.7515483665699	0.550547595185141	188.18202113571078	9.147695373702385
2	-2	3.98078947368421	38.8843515789471	92.96959944567153	0.12737412424649122	3.0926257361538565	144.84938043600636	0.4692608444662599	188.18202113571078	9.146673207010133
2	-40	3.98078947368421	38.88435157894726	92.96037521239678	0.1273741242464921	3.0966592773094606	188.18202113571078	1.029447493450019	188.18202113571078	9.152146901043057
0	40	3.98078947368421	38.884351578947225	92.97961892444265	-0.00000000000000110210424014717	3.0944303548181784	187.404022058532	1.0218515296573385	187.404022058532	-0.00000000000004285460875053104
0	20	3.98078947368421	38.88435157894698	92.974172331929	0.00000000000000014275961659937525	3.0911540391569163	152.26576792255727	0.5480669907336725	187.404022058532	0.000000000000005551115123125783
0	10	3.98078947368421	38.88435157894707	92.97202130455265	0.0000000000000005710384663974997	3.0905729421065353	146.40939223322815	0.48722302316135985	187.404022058532	0.00000000000002220446049250313
0	2	3.98078947368421	38.88435157894709	92.97040031032162	0.00000000000000013704923193539987	3.090401726414337	144.45726700345176	0.46799053540499036	187.404022058532	0.000000000000005329070518200752
0	-2	3.98078947368421	38.88435157894711	92.9695996896784	0.0000000000000001341940396034123	3.090401726414339	144.45726700345176	0.46799053540499036	187.404022058532	0.000000000000005218048215738236
0	0	3.98078947368421	38.88435157894708	92.97000000000004	-0.000000000000000019986346323912483	3.0903947368421063	144.45726700345176	0.46799053540499036	187.404022058532	-0.0000000000000007771561172376096
0	-5	3.98078947368421	38.884351578947104	92.9689970835253	0.0000000000000006395630823651991	3.0904386087531064	144.45726700345176	0.46799053540499036	187.404022058532	0.000000000000024868995751603507
0	5	3.98078947368421	38.88435157894708	92.97100291647476	-0.00000000000000018844269391117483	3.090438608753107	144.45726700345176	0.46799053540499036	187.404022058532	-0.000000000000007327471962526033
0	-40	3.98078947368421	38.88435157894713	92.96038107555738	0.0000000000000007537707756446984	3.094430354818174	187.404022058532	1.0218515296573385	187.404022058532	0.00000000000002930988785010413
-2	40	3.98078947368421	38.884351578947104	92.97962478760317	-0.12737412424649186	3.096659277309453	188.18202113571078	1.029447493450019	188.18202113571078	-9.152146901043
0	-10	3.98078947368421	38.884351578947104	92.96797869544736	-0	3.0905729421065367	146.40939223322815	0.48722302316135985	187.404022058532	0
0	-20	3.98078947368421	38.88435157894717	92.965827668071	-0.0000000000000003911613494822863	3.0911540391569257	152.26576792255727	0.5480669907336725	187.404022058532	-0.000000000000015210055437364645
-2	20	3.98078947368421	38.884351578947054	92.97417487515018	-0.12737412424649086	3.093378966311841	152.75154836656984	0.5505475951851407	188.18202113571078	-9.147695373702371
-2	10	3.98078947368421	38.88435157894707	92.97202253662738	-0.12737412424649142	3.092797160636766	146.96932275284232	0.4890863670108592	188.18202113571078	-9.146905837627497
-2	2	3.98078947368421	38.884351578947104	92.9704005543285	-0.12737412424649117	3.092625736153857	144.84938043600636	0.4692608444662599	188.18202113571078	-9.146673207010133
-2	5	3.98078947368421	38.88435157894709	92.97100352779677	-0.1273741242464912	3.0926626634691643	144.90897566434944	0.46945391196226344	188.18202113571078	-9.146723319012873
-2	0	3.98078947368421	38.88435157894709	92.97000000000003	-0.12737412424649136	3.0926187380581176	144.80980158203897	0.46913262295519903	188.18202113571078	-9.146663710284205
-2	-10	3.98078947368421	38.8843515789471	92.96797746337268	-0.12737412424649083	3.0927971606367652	146.96932275284232	0.4890863670108592	188.18202113571078	-9.146905837627479
-2	-2	3.98078947368421	38.884351578947104	92.96959944567149	-0.12737412424649097	3.0926257361538547	144.84938043600636	0.4692608444662599	188.18202113571078	-9.146673207010123
-2	-5	3.98078947368421	38.8843515789471	92.96899647220326	-0.12737412424649083	3.092662663469166	144.90897566434944	0.46945391196226344	188.18202113571078	-9.146723319012862
-2	-40	3.98078947368421	38.88435157894724	92.96037521239681	-0.12737412424649244	3.096659277309462	188.18202113571078	1.029447493450019	188.18202113571078	-9.152146901043066
-2	-20	3.98078947368421	38.88435157894714	92.96582512484987	-0.1273741242464888	3.0933789663118443	152.7515483665698	0.5505475951851402	188.18202113571078	-9.147695373702314
-15	40	3.98078947368421	38.88435157894686	92.9799582433566	-0.9773494177021046	3.225660092750836	208.9473063239488	1.0714943114796596	208.94730632394885	-69.17173499425607
-15	20	3.98078947368421	38.88435157894705	92.97431951586285	-0.9773494177020997	3.2221485482085197	169.11831396504618	0.5686486867460426	208.94730632394885	-69.13639477225047
-15	10	3.98078947368421	38.8843515789471	92.97209260845673	-0.9773494177020976	3.2215257302670226	161.90481350117443	0.4990468784946307	208.94730632394885	-69.13012672579502
-15	-10	3.98078947368421	38.8843515789471	92.96790739154328	-0.9773494177020973	3.2215257302670226	161.9048135011744	0.4990468784946307	208.94730632394885	-69.13012672579501
-15	-2	3.98078947368421	38.88435157894707	92.96958556825928	-0.9773494177020987	3.2213422218412	159.3644422786177	0.47547541360277745	208.94730632394885	-69.12827989502573
-15	5	3.98078947368421	38.884351578947076	92.97103829553726	-0.9773494177020977	3.22138175221275	161.7000009846042	0.49712029252065854	208.94730632394885	-69.12867772910973
-15	2	3.98078947368421	38.88435157894708	92.97041443174076	-0.9773494177020977	3.2213422218411987	159.3644422786177	0.47547541360277745	208.94730632394885	-69.1282798950257
-15	-40	3.98078947368421	38.884351578947324	92.96004175664339	-0.9773494177020932	3.2256600927508607	208.9473063239485	1.071494311479659	208.94730632394885	-69.17173499425672
-15	0	3.98078947368421	38.884351578947104	92.97	-0.9773494177020979	3.221334730440257	159.21754043662796	0.4748265554006865	208.94730632394885	-69.12820450148617
-15	-5	3.98078947368421	38.88435157894712	92.9689617044628	-0.9773494177020965	3.221381752212751	161.70000098460412	0.49712029252065815	208.94730632394885	-69.12867772910977
-15	40	3.98078947368421	38.88435157894686	92.9799582433566	-0.9773494177021046	3.225660092750836	208.9473063239488	1.0714943114796596	208.94730632394885	-69.17173499425607
-15	-20	3.98078947368421	38.88435157894714	92.96568048413715	-0.9773494177020962	3.2221485482085237	169.1183139650461	0.5686486867460423	208.94730632394885	-69.13639477225055
-30	40	3.98078947368421	38.88633819435774	92.98108998839017	-2.1054547156330927	3.703559753909448	285.0508324583802	1.1607632802776104	289.65465582679684	-142.91340374384717
-15	20	3.98078947368421	38.88435157894705	92.97431951586285	-0.9773494177020997	3.2221485482085197	169.11831396504618	0.5686486867460426	208.94730632394885	-69.13639477225047
-15	10	3.98078947368421	38.8843515789471	92.97209260845673	-0.9773494177020976	3.2215257302670226	161.90481350117443	0.4990468784946307	208.94730632394885	-69.13012672579502
-15	2	3.98078947368421	38.88435157894708	92.97041443174076	-0.9773494177020977	3.2213422218411987	159.3644422786177	0.47547541360277745	208.94730632394885	-69.1282798950257
-15	5	3.98078947368421	38.884351578947076	92.97103829553726	-0.9773494177020977	3.22138175221275	161.7000009846042	0.49712029252065854	208.94730632394885	-69.12867772910973
-15	0	3.98078947368421	38.884351578947104	92.97	-0.9773494177020979	3.221334730440257	159.21754043662796	0.4748265554006865	208.94730632394885	-69.12820450148617
-15	-2	3.98078947368421	38.88435157894707	92.96958556825928	-0.9773494177020987	3.2213422218412	159.3644422786177	0.47547541360277745	208.94730632394885	-69.12827989502573
-15	-20	3.98078947368421	38.88435157894714	92.96568048413715	-0.9773494177020962	3.2221485482085237	169.1183139650461	0.5686486867460423	208.94730632394885	-69.13639477225055
-15	-5	3.98078947368421	38.88435157894712	92.9689617044628	-0.9773494177020965	3.221381752212751	161.70000098460412	0.49712029252065815	208.94730632394885	-69.12867772910977
-30	20	3.98078947368421	38.884351578947054	92.97481779392471	-2.1058953165073624	3.699326753863876	237.02600167466946	0.653707430624397	289.65465582679684	-142.83864105132355
-15	-10	3.98078947368421	38.8843515789471	92.96790739154328	-0.9773494177020973	3.2215257302670226	161.9048135011744	0.4990468784946307	208.94730632394885	-69.13012672579501
-30	10	3.98078947368421	38.884351578947054	92.97233400145514	-2.1058953165073615	3.6985519577966923	226.65094664715804	0.572067161344065	289.65465582679684	-142.82357732998435
-15	-40	3.98078947368421	38.884351578947324	92.96004175664339	-0.9773494177020932	3.2256600927508607	208.9473063239485	1.071494311479659	208.94730632394885	-69.17173499425672
-30	5	3.98078947368421	38.88435157894708	92.97115806819338	-2.10589531650736	3.698372846658789	223.0725430250584	0.5454146250226548	289.65465582679684	-142.82009501975543
-30	-40	3.98078947368421	38.88633819435805	92.95891001160983	-2.1054547156330754	3.703559753909459	285.12444214328127	1.1609472609157556	289.65465582679684	-142.913403743848
-30	2	3.98078947368421	38.88435157894711	92.97046223854386	-2.105895316507357	3.698323670207097	222.77350325957948	0.5431188612706939	289.65465582679684	-142.81913892253692
-30	0	3.98078947368421	38.8843515789471	92.97000000000003	-2.105895316507358	3.698314350777452	222.47987122400644	0.5413679272530499	289.65465582679684	-142.8189577325475
-30	-2	3.98078947368421	38.88435157894709	92.96953776145612	-2.1058953165073593	3.6983236702070963	222.77350325957948	0.5431188612706939	289.65465582679684	-142.8191389225369
-30	-10	3.98078947368421	38.88435157894714	92.9676659985448	-2.105895316507356	3.698551957796694	226.65094664715792	0.5720671613440648	289.65465582679684	-142.82357732998452
-30	-5	3.98078947368421	38.88435157894708	92.9688419318067	-2.1058953165073593	3.698372846658788	223.07254302505822	0.5454146250226543	289.65465582679684	-142.82009501975537
-30	-20	3.98078947368421	38.884351578947154	92.9651822060753	-2.105895316507354	3.699326753863875	237.02600167466892	0.6537074306243956	289.65465582679684	-142.8386410513236
-60	40	3.98078947368421	46.208549906681355	92.97765066600475	-3.426129640998629	5.5305547088300075	158.34793085322437	0.9621136695704843	158.34793085322465	-300.4787523107731
-60	10	3.98078947368421	46.20854990668135	92.97160769804547	-3.4296723722244002	5.530554708830005	124.03153043729667	0.4643786596857074	158.34793085322465	-300.56060454709893
-60	20	3.98078947368421	46.208549906681284	92.97331857457038	-3.4291386801308916	5.530554708830004	130.00282506954485	0.5341839131859674	158.34793085322465	-300.54827397822964
-60	5	3.98078947368421	46.208549906681355	92.97079769614837	-3.429795746880274	5.5305547088300075	121.96498252063955	0.44155371624153733	158.34793085322465	-300.56345502907067
-60	0	3.98078947368421	46.208549906681355	92.97000000000004	-3.42983603979178	5.530554708830007	121.56106957369947	0.4375357369001536	158.34793085322465	-300.56438596757675
-60	2	3.98078947368421	46.20854990668136	92.97031839740367	-3.429829620417537	5.530554708830005	121.75403614981266	0.4392581308817013	158.34793085322465	-300.5642376525892
-60	-2	3.98078947368421	46.20854990668136	92.9696816025963	-3.429829620417537	5.530554708830006	121.75403614981266	0.4392581308817013	158.34793085322465	-300.5642376525892
30	40	3.4121052631578945	33.4586205836266	92.98223331039095	2.423176796987723	3.511490000616614	248.32178480708495	1.1375242895453108	289.65465582679684	128.9588139957906
-60	-10	3.98078947368421	46.208549906681334	92.96839230195451	-3.4296723722244016	5.530554708830007	124.03153043729667	0.4643786596857074	158.34793085322465	-300.56060454709893
-60	-5	3.98078947368421	46.208549906681355	92.96920230385166	-3.429795746880275	5.530554708830007	121.96498252063954	0.441553716241537	158.34793085322465	-300.56345502907067
-60	-40	3.98078947368421	46.20854990668142	92.9623493339952	-3.4261296409986253	5.530554708830007	158.34793085322372	0.9621136695704805	158.34793085322465	-300.47875231077336
60	40	3.4121052631578945	43.583321869354045	92.97811150152715	3.5731709424695692	5.472009882054839	158.34793085322465	0.9621136695704863	158.34793085322485	284.40231480201794
-60	-20	3.98078947368421	46.20854990668138	92.96668142542966	-3.4291386801308885	5.530554708830008	130.0028250695445	0.5341839131859674	158.34793085322465	-300.5482739782303
60	10	3.4121052631578945	43.58332186935405	92.97170453724462	3.5769270690251096	5.472009882054839	124.03153043729681	0.4643786596857079	158.34793085322485	284.484167038344
60	20	3.4121052631578945	43.58332186935403	92.9735184678927	3.5763612301518903	5.472009882054839	130.00282506954434	0.534183913185967	158.34793085322485	284.4718364694751
60	-5	3.4121052631578945	43.58332186935406	92.96915425486864	3.577057875115573	5.472009882054837	121.96498252063955	0.44155371624153733	158.34793085322485	284.4870175203156
60	5	3.4121052631578945	43.583321869354045	92.97084574513138	3.5770578751155733	5.472009882054837	121.96498252063964	0.44155371624153733	158.34793085322485	284.48701752031553
60	0	3.4121052631578945	43.58332186935405	92.97000000000001	3.5771005950582584	5.472009882054839	121.56106957369927	0.43753573690015296	158.34793085322485	284.4879484588218
60	2	3.4121052631578945	43.58332186935404	92.97033757597373	3.5770937890149757	5.472009882054838	121.75403614981266	0.4392581308817013	158.34793085322485	284.48780014383414
60	-10	3.4121052631578945	43.58332186935401	92.96829546275539	3.576927069025112	5.472009882054839	124.03153043729667	0.4643786596857074	158.34793085322485	284.4841670383438
30	-40	3.4121052631578945	33.458620583626924	92.95776668960904	2.4231767969877023	3.511490000616623	247.93472070463935	1.1369387717909518	289.65465582679684	128.9588139957914
60	-2	3.4121052631578945	43.58332186935403	92.96966242402628	3.577093789014976	5.472009882054841	121.75403614981266	0.4392581308817013	158.34793085322485	284.4878001438342
60	-40	3.4121052631578945	43.583321869354016	92.9618884984729	3.5731709424695746	5.472009882054841	158.34793085322437	0.9621136695704843	158.34793085322485	284.40231480201794
60	-20	3.4121052631578945	43.583321869354066	92.96648153210732	3.576361230151888	5.472009882054841	130.00282506954485	0.5341839131859674	158.34793085322485	284.4718364694753
30	20	3.4121052631578945	33.436331817266336	92.97530989262144	2.4287316792382208	3.5082828878539747	202.15575556131282	0.620592978584799	289.65465582679684	128.98014098794917
30	5	3.4121052631578945	33.43146474621255	92.97127654131245	2.429945652550213	3.507582000035505	190.78906656591136	0.5238917351059968	289.65465582679684	128.98479804184413
30	10	3.4121052631578945	33.432378615643515	92.97257270500579	2.429717682941836	3.5077136183502686	191.83997598907163	0.5321472603838973	289.65465582679684	128.9839236064504
30	0	3.4121052631578945	33.43116628572364	92.96999999999998	2.4300201078124513	3.5075390132698083	189.73741386947196	0.5157762535065307	289.65465582679684	128.98508362357634
30	-5	3.4121052631578945	33.431464746212555	92.96872345868758	2.429945652550212	3.507582000035505	190.76649913760056	0.5238730858185032	289.65465582679684	128.98479804184413
30	2	3.4121052631578945	33.43121383576417	92.9705095304659	2.4300082456818184	3.5075458618741218	190.18461898850154	0.5190863886822655	289.65465582679684	128.98503812534977
30	-2	3.4121052631578945	33.431213835764176	92.96949046953412	2.430008245681818	3.5075458618741227	190.1734118532157	0.519077633406982	289.65465582679684	128.9850381253498
15	40	3.4121052631578945	33.32944421052577	92.98161795058273	1.140240987319125	2.9638622134724675	208.9473063239485	1.071494311479659	208.94730632394885	62.2758067293894
30	-20	3.4121052631578945	33.43633181726641	92.96469010737859	2.428731679238213	3.508282887853975	202.03437169226865	0.6204585813972275	289.65465582679684	128.98014098794926
30	-10	3.4121052631578945	33.43237861564356	92.96742729499421	2.429717682941834	3.5077136183502704	191.84553620187526	0.5321553493533588	289.65465582679684	128.98392360645053
15	10	3.4121052631578945	33.32944421052612	92.97244137653287	1.1402409873191124	2.959038790574687	161.9048135011744	0.4990468784946307	208.94730632394885	62.23419846092846
15	20	3.4121052631578945	33.329444210526056	92.97503943517334	1.1402409873191148	2.9597654115064342	169.1183139650462	0.5686486867460426	208.94730632394885	62.240466507383886
15	5	3.4121052631578945	33.32944421052608	92.9712113447934	1.1402409873191137	2.958870816178032	161.70000098460423	0.49712029252065854	208.94730632394885	62.232749464243135
15	2	3.4121052631578945	33.32944421052609	92.97048350369751	1.1402409873191135	2.958824697411223	159.3644422786177	0.47547541360277745	208.94730632394885	62.23235163015911
15	0	3.4121052631578945	33.329444210526084	92.97	1.140240987319114	2.958815957443459	159.21754043662796	0.4748265554006865	208.94730632394885	62.23227623661955
10	40	3.4121052631578945	33.32944421052611	92.98139519716622	0.7503484102707271	2.8770605716415547	196.7584029510414	1.0452281726968125	196.7584029510415	41.280025051990116
15	-2	3.4121052631578945	33.329444210526084	92.96951649630252	1.140240987319114	2.9588246974112247	159.3644422786177	0.47547541360277745	208.94730632394885	62.23235163015912
15	-20	3.4121052631578945	33.329444210526155	92.96496056482668	1.1402409873191108	2.959765411506438	169.11831396504618	0.5686486867460426	208.94730632394885	62.24046650738398
15	-5	3.4121052631578945	33.3294442105261	92.9687886552066	1.1402409873191128	2.9588708161780333	161.7000009846042	0.49712029252065854	208.94730632394885	62.232749464243156
10	10	3.4121052631578945	33.32944421052607	92.97239456750577	0.7503484102707288	2.8724203366042964	153.86231790247294	0.5001581434003524	196.7584029510415	41.25316924045002
15	-40	3.4121052631578945	33.32944421052626	92.95838204941727	1.1402409873191104	2.963862213472489	208.94730632394885	1.07149431147966	208.94730632394885	62.27580672939004
15	-10	3.4121052631578945	33.329444210526084	92.96755862346718	1.1402409873191135	2.959038790574684	161.90481350117443	0.4990468784946307	208.94730632394885	62.2341984609284
10	20	3.4121052631578945	33.32944421052607	92.97494281302004	0.7503484102707296	2.873119361337925	160.40994563882583	0.5666088959451228	196.7584029510415	41.257214914075945
10	5	3.4121052631578945	33.329444210526056	92.97118811942427	0.7503484102707294	2.8722587416752954	151.64673520765294	0.4789024559497826	196.7584029510415	41.252233994083355
10	-2	3.4121052631578945	33.32944421052608	92.96952576662085	0.7503484102707292	2.8722143744443565	151.71032809136534	0.47829177891276536	196.7584029510415	41.25197721441961
10	2	3.4121052631578945	33.32944421052608	92.9704742333792	0.7503484102707287	2.872214374444356	151.71032809136534	0.47829177891276536	196.7584029510415	41.25197721441959
10	-10	3.4121052631578945	33.329444210526106	92.9676054324943	0.7503484102707284	2.872420336604298	153.86231790247294	0.5001581434003524	196.7584029510415	41.25316924045006
10	0	3.4121052631578945	33.32944421052608	92.97000000000004	0.7503484102707286	2.8722059664101653	151.5042091215437	0.47764195493582234	196.7584029510415	41.25192855210403
10	-40	3.4121052631578945	33.329444210525935	92.95860480283379	0.7503484102707346	2.8770605716415485	196.75840295104123	1.0452281726968118	196.7584029510415	41.280025051990116
10	-5	3.4121052631578945	33.32944421052612	92.96881188057574	0.7503484102707283	2.8722587416752963	151.64673520765294	0.4789024559497826	196.7584029510415	41.252233994083404
5	40	3.4121052631578945	33.329444210526	92.98126494503323	0.3723025218807975	2.827083015561225	189.1106476058704	1.0179821831308888	189.1106476058704	20.573676593735705
10	-20	3.4121052631578945	33.32944421052608	92.96505718697995	0.7503484102707308	2.873119361337925	160.40994563882583	0.5666088959451228	196.7584029510415	41.257214914075995
5	10	3.4121052631578945	33.329444210526034	92.97236719654231	0.37230252188079527	2.822548254123086	148.79645122037024	0.49603511809941575	189.1106476058704	20.56050378079146
5	20	3.4121052631578945	33.32944421052612	92.9748863144857	0.3723025218807947	2.8232313898653354	154.90879034742605	0.5595413416624124	189.1106476058704	20.562488189336662
5	-5	3.4121052631578945	33.3294442105261	92.96882546130516	0.3723025218807952	2.8223903322836246	146.86407156685885	0.4758242312067206	189.1106476058704	20.560045041146772
5	0	3.4121052631578945	33.32944421052609	92.97	0.3723025218807947	2.8223387566122877	146.67715920122734	0.47518220225380003	189.1106476058704	20.55989522143071
5	5	3.4121052631578945	33.32944421052607	92.97117453869484	0.372302521880795	2.8223903322836237	146.86407156685885	0.4758242312067206	189.1106476058704	20.560045041146747
5	2	3.4121052631578945	33.32944421052609	92.97046881268234	0.3723025218807947	2.822346973529948	146.77729081893713	0.4755065933374404	189.1106476058704	20.559919090364232
2	40	3.4121052631578945	33.329444210526006	92.98122891887036	0.14860314495424173	2.8133612621241832	188.1820211357106	1.0294474934500182	188.18202113571078	8.222290963876313
5	-2	3.4121052631578945	33.32944421052609	92.96953118731771	0.3723025218807945	2.8223469735299482	146.77729081893713	0.4755065933374404	189.1106476058704	20.55991909036423
5	-10	3.4121052631578945	33.32944421052614	92.96763280345775	0.37230252188079355	2.822548254123091	148.79645122037024	0.49603511809941575	189.1106476058704	20.560503780791482
5	-40	3.4121052631578945	33.3294442105261	92.95873505496677	0.37230252188079616	2.8270830155612297	189.11064760587033	1.0179821831308882	189.1106476058704	20.573676593735733
5	-20	3.4121052631578945	33.32944421052605	92.96511368551434	0.3723025218807952	2.8232313898653305	154.90879034742605	0.5595413416624124	189.1106476058704	20.56248818933662
2	20	3.4121052631578945	33.32944421052606	92.97487068767519	0.1486031449542394	2.809534232626975	152.75154836656986	0.5505475951851407	188.18202113571078	8.217839436535677
2	10	3.4121052631578945	33.329444210526084	92.97235962606521	0.1486031449542394	2.808855459339385	146.96932275284232	0.4890863670108592	188.18202113571078	8.21704990046078
2	2	3.4121052631578945	33.32944421052609	92.97046731338324	0.14860314495423985	2.8086554641093224	144.84938043600636	0.4692608444662599	188.18202113571078	8.216817269843434
2	5	3.4121052631578945	33.329444210526084	92.97117078242958	0.14860314495424004	2.808698545977185	144.90897566434944	0.46945391196226344	188.18202113571078	8.216867381846184
2	-2	3.4121052631578945	33.32944421052609	92.96953268661676	0.14860314495423996	2.808655464109321	144.84938043600636	0.4692608444662599	188.18202113571078	8.216817269843435
2	-10	3.4121052631578945	33.32944421052609	92.96764037393481	0.1486031449542404	2.8088554593393864	146.96932275284232	0.4890863670108592	188.18202113571078	8.217049900460818
2	-40	3.4121052631578945	33.32944421052615	92.95877108112963	0.14860314495424062	2.8133612621241904	188.18202113571078	1.029447493450019	188.18202113571078	8.22229096387632
2	0	3.4121052631578945	33.329444210526084	92.97000000000001	0.14860314495423957	2.8086472996642953	144.80980158203897	0.46913262295519903	188.18202113571078	8.216807773117493
2	-5	3.4121052631578945	33.329444210526084	92.96882921757049	0.14860314495423946	2.8086985459771863	144.90897566434944	0.46945391196226344	188.18202113571078	8.216867381846166
0	40	3.4121052631578945	33.329444210526155	92.9812220785164	-0.000000000000000599590389717373	2.810760852551028	187.404022058532	1.0218515296573385	187.404022058532	-0.000000000000019984014443252818
2	-20	3.4121052631578945	33.32944421052614	92.96512931232485	0.1486031449542392	2.8095342326269774	152.75154836656984	0.5505475951851407	188.18202113571078	8.217839436535693
0	5	3.4121052631578945	33.32944421052606	92.97117006922055	-0.00000000000000035309211838912064	2.8061038154751157	144.45726700345176	0.46799053540499036	187.404022058532	-0.00000000000001176836406102666
0	20	3.4121052631578945	33.32944421052602	92.97486772058383	0.00000000000000042137880166248883	2.8069384842795633	152.26576792255727	0.5480669907336725	187.404022058532	0.00000000000001404432126150823
0	10	3.4121052631578945	33.32944421052607	92.97235818864478	0.00000000000000041971327280216215	2.806260537720783	146.40939223322815	0.48722302316135985	187.404022058532	0.000000000000013988810110276972
0	2	3.4121052631578945	33.32944421052608	92.97046702870858	-0.00000000000000000333105772065208	2.8060607860798856	144.45726700345176	0.46799053540499036	187.404022058532	-0.00000000000000011102230246251565
0	0	3.4121052631578945	33.32944421052608	92.97000000000003	0.00000000000000005496245239075932	2.8060526315789476	144.45726700345176	0.46799053540499036	187.404022058532	0.0000000000000018318679906315083
0	-2	3.4121052631578945	33.3294442105261	92.96953297129147	0.00000000000000001332423088260831	2.806060786079885	144.45726700345176	0.46799053540499036	187.404022058532	0.0000000000000004440892098500626
0	-40	3.4121052631578945	33.32944421052605	92.95877792148362	0.0000000000000011525459713456207	2.810760852551024	187.404022058532	1.0218515296573385	187.404022058532	0.000000000000038413716652030416
-2	40	3.4121052631578945	33.329444210526	92.98122891887037	-0.148603144954241	2.813361262124183	188.1820211357106	1.0294474934500182	188.18202113571078	-8.222290963876288
0	-5	3.4121052631578945	33.32944421052608	92.96882993077949	0.00000000000000002664846176521664	2.806103815475115	144.45726700345176	0.46799053540499036	187.404022058532	0.0000000000000008881784197001252
0	-10	3.4121052631578945	33.329444210526106	92.96764181135525	0.0000000000000000216518751842385	2.8062605377207843	146.40939223322815	0.48722302316135985	187.404022058532	0.0000000000000007216449660063518
-2	-40	3.4121052631578945	33.329444210526134	92.95877108112964	-0.14860314495424143	2.813361262124191	188.18202113571078	1.029447493450019	188.18202113571078	-8.222290963876343
0	-20	3.4121052631578945	33.32944421052613	92.9651322794162	-0.00000000000000035808870497009803	2.806938484279569	152.26576792255727	0.5480669907336725	187.404022058532	-0.000000000000011934897514720433
-2	20	3.4121052631578945	33.32944421052607	92.97487068767519	-0.14860314495423915	2.809534232626975	152.75154836656984	0.5505475951851407	188.18202113571078	-8.217839436535671
-2	-10	3.4121052631578945	33.3294442105261	92.96764037393477	-0.14860314495423924	2.808855459339385	146.96932275284232	0.4890863670108592	188.18202113571078	-8.217049900460779
-2	-20	3.4121052631578945	33.32944421052614	92.96512931232488	-0.14860314495423857	2.8095342326269783	152.75154836656986	0.5505475951851407	188.18202113571078	-8.217839436535673
-2	10	3.4121052631578945	33.329444210526084	92.97235962606524	-0.14860314495423935	2.8088554593393855	146.96932275284232	0.4890863670108592	188.18202113571078	-8.217049900460779
-2	5	3.4121052631578945	33.329444210526084	92.97117078242955	-0.14860314495423965	2.8086985459771836	144.90897566434944	0.46945391196226344	188.18202113571078	-8.21686738184617
-2	2	3.4121052631578945	33.329444210526084	92.97046731338325	-0.14860314495423957	2.808655464109323	144.84938043600636	0.4692608444662599	188.18202113571078	-8.216817269843423
-2	0	3.4121052631578945	33.32944421052609	92.96999999999998	-0.14860314495423976	2.8086472996642957	144.80980158203897	0.46913262295519903	188.18202113571078	-8.216807773117502
-2	-5	3.4121052631578945	33.329444210526106	92.96882921757047	-0.1486031449542388	2.808698545977185	144.90897566434944	0.46945391196226344	188.18202113571078	-8.216867381846146
-2	-2	3.4121052631578945	33.329444210526084	92.96953268661677	-0.14860314495423976	2.808655464109322	144.84938043600636	0.4692608444662599	188.18202113571078	-8.216817269843428
-15	40	3.4121052631578945	33.329444210525764	92.98161795058276	-1.140240987319125	2.963862213472468	208.9473063239486	1.071494311479659	208.94730632394885	-62.2758067293894
-15	5	3.4121052631578945	33.32944421052607	92.97121134479346	-1.1402409873191142	2.958870816178032	161.7000009846042	0.49712029252065854	208.94730632394885	-62.232749464243135
-15	20	3.4121052631578945	33.32944421052604	92.97503943517336	-1.1402409873191155	2.959765411506434	169.11831396504618	0.5686486867460426	208.94730632394885	-62.24046650738388
-15	10	3.4121052631578945	33.32944421052611	92.97244137653284	-1.1402409873191133	2.959038790574687	161.90481350117454	0.499046878494631	208.94730632394885	-62.234198460928475
-15	2	3.4121052631578945	33.329444210526084	92.97048350369755	-1.1402409873191135	2.9588246974112233	159.3644422786177	0.47547541360277745	208.94730632394885	-62.2323516301591
-15	0	3.4121052631578945	33.32944421052609	92.96999999999996	-1.1402409873191135	2.9588159574434574	159.21754043662796	0.4748265554006865	208.94730632394885	-62.232276236619526
-15	-2	3.4121052631578945	33.32944421052608	92.96951649630249	-1.1402409873191142	2.958824697411223	159.3644422786177	0.47547541360277745	208.94730632394885	-62.2323516301591
-15	-5	3.4121052631578945	33.32944421052611	92.96878865520658	-1.1402409873191133	2.9588708161780346	161.70000098460423	0.49712029252065854	208.94730632394885	-62.2327494642432
-15	-20	3.4121052631578945	33.32944421052615	92.96496056482668	-1.1402409873191108	2.9597654115064373	169.1183139650462	0.5686486867460426	208.94730632394885	-62.24046650738396
-30	40	3.4121052631578945	33.458620583626626	92.98223331039095	-2.4231767969877205	3.5114900006166123	248.32178480708473	1.13752428954531	289.65465582679684	-128.9588139957906
-15	-40	3.4121052631578945	33.32944421052624	92.9583820494173	-1.140240987319112	2.96386221347249	208.94730632394877	1.07149431147966	208.94730632394885	-62.275806729390055
-15	40	3.4121052631578945	33.329444210525764	92.98161795058276	-1.140240987319125	2.963862213472468	208.9473063239486	1.071494311479659	208.94730632394885	-62.2758067293894
-15	-10	3.4121052631578945	33.32944421052607	92.96755862346714	-1.1402409873191146	2.9590387905746844	161.9048135011744	0.4990468784946307	208.94730632394885	-62.23419846092841
-15	10	3.4121052631578945	33.32944421052611	92.97244137653284	-1.1402409873191133	2.959038790574687	161.90481350117454	0.499046878494631	208.94730632394885	-62.234198460928475
-15	20	3.4121052631578945	33.32944421052604	92.97503943517336	-1.1402409873191155	2.959765411506434	169.11831396504618	0.5686486867460426	208.94730632394885	-62.24046650738388
-15	5	3.4121052631578945	33.32944421052607	92.97121134479346	-1.1402409873191142	2.958870816178032	161.7000009846042	0.49712029252065854	208.94730632394885	-62.232749464243135
-15	2	3.4121052631578945	33.329444210526084	92.97048350369755	-1.1402409873191135	2.9588246974112233	159.3644422786177	0.47547541360277745	208.94730632394885	-62.2323516301591
-15	0	3.4121052631578945	33.32944421052609	92.96999999999996	-1.1402409873191135	2.9588159574434574	159.21754043662796	0.4748265554006865	208.94730632394885	-62.232276236619526
-15	-40	3.4121052631578945	33.32944421052624	92.9583820494173	-1.140240987319112	2.96386221347249	208.94730632394877	1.07149431147966	208.94730632394885	-62.275806729390055
-15	-2	3.4121052631578945	33.32944421052608	92.96951649630249	-1.1402409873191142	2.958824697411223	159.3644422786177	0.47547541360277745	208.94730632394885	-62.2323516301591
-15	-5	3.4121052631578945	33.32944421052611	92.96878865520658	-1.1402409873191133	2.9588708161780346	161.70000098460423	0.49712029252065854	208.94730632394885	-62.2327494642432
-30	-40	3.4121052631578945	33.4586205836269	92.95776668960912	-2.4231767969877085	3.5114900006166274	247.93472070463935	1.1369387717909518	289.65465582679684	-128.95881399579156
-15	-10	3.4121052631578945	33.32944421052607	92.96755862346714	-1.1402409873191146	2.9590387905746844	161.9048135011744	0.4990468784946307	208.94730632394885	-62.23419846092841
-15	-20	3.4121052631578945	33.32944421052615	92.96496056482668	-1.1402409873191108	2.9597654115064373	169.1183139650462	0.5686486867460426	208.94730632394885	-62.24046650738396
-30	20	3.4121052631578945	33.43633181726632	92.97530989262145	-2.428731679238219	3.508282887853973	202.15575556131435	0.6205929785848002	289.65465582679684	-128.98014098794903
-30	2	3.4121052631578945	33.431213835764176	92.97050953046588	-2.430008245681819	3.5075458618741218	190.18461898850154	0.5190863886822655	289.65465582679684	-128.98503812534983
-30	10	3.4121052631578945	33.43237861564352	92.97257270500575	-2.4297176829418357	3.5077136183502677	191.83997598907163	0.5321472603838973	289.65465582679684	-128.9839236064504
-30	-5	3.4121052631578945	33.43146474621255	92.96872345868755	-2.4299456525502126	3.5075820000355056	190.76649913760056	0.5238730858185032	289.65465582679684	-128.98479804184413
-30	5	3.4121052631578945	33.43146474621254	92.97127654131243	-2.429945652550212	3.507582000035505	190.78906656591414	0.5238917351059973	289.65465582679684	-128.98479804184407
-30	0	3.4121052631578945	33.431166285723634	92.97000000000003	-2.430020107812451	3.507539013269808	189.73741386947196	0.5157762535065307	289.65465582679684	-128.9850836235763
-30	-2	3.4121052631578945	33.431213835764176	92.9694904695341	-2.430008245681818	3.507545861874122	190.1734118532159	0.5190776334069822	289.65465582679684	-128.9850381253498
-60	40	3.4121052631578945	43.58332186935402	92.97811150152717	-3.5731709424695723	5.47200988205484	158.34793085322437	0.9621136695704843	158.34793085322465	-284.40231480201794
-30	-10	3.4121052631578945	33.43237861564356	92.9674272949942	-2.429717682941834	3.507713618350269	191.84553620187498	0.5321553493533588	289.65465582679684	-128.9839236064505
-30	-20	3.4121052631578945	33.43633181726639	92.96469010737857	-2.4287316792382136	3.508282887853974	202.034371692269	0.6204585813972288	289.65465582679684	-128.9801409879492
-60	20	3.4121052631578945	43.58332186935404	92.9735184678927	-3.576361230151889	5.472009882054838	130.00282506954485	0.5341839131859674	158.34793085322465	-284.471836469475
-60	10	3.4121052631578945	43.58332186935403	92.97170453724466	-3.5769270690251105	5.472009882054838	124.03153043729667	0.4643786596857074	158.34793085322465	-284.48416703834386
60	40	2.843421052631579	40.958093832026755	92.97863141198293	3.718017142279798	5.405960139581153	158.34793085322437	0.9621136695704843	158.34793085322485	267.89490675610114
-60	5	3.4121052631578945	43.58332186935404	92.97084574513138	-3.5770578751155737	5.47200988205484	121.96498252063955	0.44155371624153733	158.34793085322465	-284.4870175203156
-60	-40	3.4121052631578945	43.583321869354016	92.9618884984729	-3.573170942469574	5.47200988205484	158.34793085322406	0.9621136695704826	158.34793085322465	-284.4023148020179
-60	2	3.4121052631578945	43.58332186935403	92.97033757597376	-3.5770937890149748	5.472009882054838	121.75403614981266	0.4392581308817013	158.34793085322465	-284.4878001438341
-60	-2	3.4121052631578945	43.583321869354045	92.96966242402625	-3.5770937890149743	5.472009882054839	121.75403614981266	0.4392581308817013	158.34793085322465	-284.4878001438342
-60	0	3.4121052631578945	43.58332186935402	92.97000000000004	-3.577100595058259	5.472009882054839	121.56106957369927	0.43753573690015296	158.34793085322465	-284.4879484588216
-60	-5	3.4121052631578945	43.58332186935405	92.9691542548686	-3.577057875115574	5.472009882054837	121.96498252063964	0.44155371624153733	158.34793085322465	-284.4870175203156
-60	-10	3.4121052631578945	43.58332186935404	92.96829546275538	-3.576927069025109	5.472009882054838	124.03153043729657	0.4643786596857071	158.34793085322465	-284.4841670383439
-60	-20	3.4121052631578945	43.583321869354066	92.9664815321073	-3.5763612301518872	5.472009882054839	130.0028250695445	0.5341839131859674	158.34793085322465	-284.4718364694752
60	10	2.843421052631579	40.95809383202675	92.97181379035061	3.722014019510547	5.405960139581156	124.03153043729681	0.4643786596857079	158.34793085322485	267.9767589924272
60	20	2.843421052631579	40.958093832026655	92.97374398572562	3.7214119129320844	5.405960139581153	130.00282506954426	0.5341839131859666	158.34793085322485	267.96442842355776
60	2	2.843421052631579	40.95809383202673	92.97035921306251	3.722191425495557	5.405960139581157	121.75403614981266	0.4392581308817013	158.34793085322485	267.98039209791733
60	5	2.843421052631579	40.95809383202673	92.97089995355817	3.722153209678102	5.405960139581154	121.96498252063964	0.44155371624153733	158.34793085322485	267.97960947439867
60	0	2.843421052631579	40.95809383202673	92.97000000000001	3.7221986677753436	5.405960139581153	121.56106957369947	0.4375357369001536	158.34793085322485	267.98054041290476
60	-5	2.843421052631579	40.95809383202675	92.96910004644184	3.722153209678102	5.405960139581154	121.96498252063955	0.44155371624153733	158.34793085322485	267.9796094743988
60	-2	2.843421052631579	40.95809383202673	92.96964078693753	3.7221914254955566	5.405960139581154	121.75403614981266	0.4392581308817013	158.34793085322485	267.9803920979172
30	40	2.843421052631579	28.401363603842494	92.98327689924602	2.7509229956700474	3.3222656445814973	192.32556964071995	1.0197681722548717	289.65465582679684	114.84097111413284
60	-10	2.843421052631579	40.958093832026705	92.96818620964945	3.7220140195105493	5.405960139581154	124.03153043729667	0.4643786596857074	158.34793085322485	267.97675899242694
60	-20	2.843421052631579	40.95809383202683	92.96625601427439	3.7214119129320724	5.405960139581154	130.00282506954485	0.5341839131859674	158.34793085322485	267.96442842355873
60	-40	2.843421052631579	40.95809383202671	92.96136858801705	3.7180171422798023	5.405960139581155	158.34793085322457	0.9621136695704855	158.34793085322485	267.894906756101
30	-40	2.843421052631579	28.40136360384269	92.95672310075402	2.7509229956700354	3.3222656445815053	192.54825267040363	1.020141972706701	289.65465582679684	114.84097111413345
15	40	2.843421052631579	27.774536842104787	92.9839415406993	1.368289184782953	2.7110820245880176	208.9473063239485	1.071494311479659	208.94730632394885	56.19748475099463
30	20	2.843421052631579	28.3790748374821	92.97576354855376	2.7569515830988296	3.318785038006657	157.0996246288901	0.5613810811853444	289.65465582679684	114.84962283678969
30	10	2.843421052631579	28.375121635859276	92.97279256544864	2.758021820087721	3.3181671363930247	151.04220322309718	0.5001640243400088	289.65465582679684	114.85115733194706
30	2	2.843421052631579	28.373956855979937	92.97055307779425	2.7583372139089337	3.3179850436854452	147.59519666540132	0.4673696435709382	289.65465582679684	114.85160945892032
30	-5	2.843421052631579	28.37420776642833	92.96861436016852	2.75826927132572	3.318024270354153	148.10598856137983	0.472068456741091	289.65465582679684	114.85151206422495
30	5	2.843421052631579	28.37420776642832	92.97138563983152	2.7582692713257204	3.3180242703541536	148.0919243465742	0.4720382689147998	289.65465582679684	114.8515120642249
30	-2	2.843421052631579	28.373956855979937	92.96944692220576	2.7583372139089337	3.3179850436854452	147.59519666540135	0.46736964357117106	289.65465582679684	114.85160945892032
30	0	2.843421052631579	28.37390930593942	92.97	2.758350089843709	3.317977609761036	147.22055206878542	0.46413702104112997	289.65465582679684	114.85162791618966
30	-20	2.843421052631579	28.379074837482115	92.96423645144624	2.7569515830988274	3.3187850380066584	157.1344635294085	0.5614353682603035	289.65465582679684	114.84962283678972
30	-10	2.843421052631579	28.375121635859315	92.9672074345514	2.75802182008772	3.318167136393027	151.00434527931105	0.5001165595466753	289.65465582679684	114.85115733194722
15	10	2.843421052631579	27.774536842105064	92.97292965183944	1.368289184782937	2.705293917110675	161.9048135011744	0.4990468784946307	208.94730632394885	56.155876482533536
15	20	2.843421052631579	27.774536842105043	92.97604732220798	1.3682891847829377	2.7061658622287728	169.1183139650462	0.5686486867460426	208.94730632394885	56.16214452898898
15	5	2.843421052631579	27.774536842105054	92.97145361375213	1.368289184782937	2.7050923478346904	161.70000098460423	0.49712029252065854	208.94730632394885	56.154427485848224
15	-40	2.843421052631579	27.774536842105263	92.95605845930072	1.3682891847829286	2.711082024588038	208.9473063239488	1.0714943114796596	208.94730632394885	56.19748475099509
10	20	2.843421052631579	27.774536842105018	92.97593137562407	0.9004180923248769	2.6021906020265604	160.40994563882583	0.5666088959451228	196.7584029510415	37.17911650982968
15	-2	2.843421052631579	27.77453684210509	92.96941979556298	1.3682891847829362	2.7050370053145203	159.3644422786177	0.47547541360277745	208.94730632394885	56.15402965176423
10	40	2.843421052631579	27.774536842105114	92.98367423659948	0.9004180923248717	2.6069200543909195	196.7584029510414	1.0452281726968125	196.7584029510415	37.20192664774389
15	-5	2.843421052631579	27.7745368421051	92.9685463862479	1.3682891847829346	2.7050923478346927	161.7000009846042	0.49712029252065854	208.94730632394885	56.15442748584827
15	2	2.843421052631579	27.774536842105064	92.97058020443706	1.3682891847829362	2.705037005314521	159.3644422786177	0.47547541360277745	208.94730632394885	56.1540296517642
15	0	2.843421052631579	27.774536842105082	92.96999999999998	1.3682891847829362	2.705026517353202	159.21754043662796	0.4748265554006865	208.94730632394885	56.15395425822465
10	10	2.843421052631579	27.774536842105075	92.97287348100691	0.9004180923248749	2.6013517723462076	153.86231790247257	0.500158143400352	196.7584029510415	37.175070836203815
15	-20	2.843421052631579	27.774536842105093	92.96395267779201	1.368289184782935	2.706165862228776	169.11831396504618	0.5686486867460426	208.94730632394885	56.16214452898903
15	-10	2.843421052631579	27.774536842105064	92.96707034816059	1.3682891847829368	2.7052939171106742	161.90481350117443	0.4990468784946307	208.94730632394885	56.15587648253352
10	5	2.843421052631579	27.774536842105043	92.97142574330914	0.9004180923248757	2.6011578584314075	151.64673520765294	0.4789024559497826	196.7584029510415	37.17413558983713
10	-5	2.843421052631579	27.77453684210509	92.96857425669086	0.9004180923248744	2.6011578584314066	151.64673520765294	0.4789024559497826	196.7584029510415	37.17413558983716
10	2	2.843421052631579	27.77453684210507	92.97056908005499	0.9004180923248744	2.601104617754279	151.71032809136534	0.47829177891276536	196.7584029510415	37.17387881017336
10	0	2.843421052631579	27.77453684210507	92.97000000000003	0.9004180923248742	2.6010945281132494	151.5042091215436	0.47764195493582207	196.7584029510415	37.1738301478578
10	-2	2.843421052631579	27.774536842105082	92.96943091994497	0.900418092324874	2.6011046177542796	151.71032809136534	0.47829177891276536	196.7584029510415	37.17387881017337
10	-20	2.843421052631579	27.774536842105153	92.96406862437593	0.9004180923248737	2.602190602026565	160.40994563882595	0.5666088959451231	196.7584029510415	37.1791165098298
10	-40	2.843421052631579	27.774536842104936	92.95632576340056	0.9004180923248809	2.6069200543909132	196.75840295104123	1.0452281726968118	196.7584029510415	37.20192664774388
10	-10	2.843421052631579	27.774536842105064	92.96712651899311	0.9004180923248749	2.6013517723462063	153.86231790247294	0.5001581434003524	196.7584029510415	37.175070836203794
2	40	2.843421052631579	27.77453684210498	92.98347470264449	0.17832377394508978	2.5304808829700733	188.18202113571078	1.029447493450019	188.18202113571078	7.402682121885154
5	40	2.843421052631579	27.77453684210507	92.98351793403987	0.4467630262569554	2.5469469870945276	189.11064760587033	1.0179821831308882	189.1106476058704	18.526838554917603
5	20	2.843421052631579	27.77453684210506	92.97586357738278	0.44676302625695324	2.5423250362594505	154.90879034742605	0.5595413416624124	189.1106476058704	18.515650150518493
5	5	2.843421052631579	27.774536842105054	92.97140944643382	0.4467630262569543	2.5413157671614015	146.86407156685885	0.4758242312067206	189.1106476058704	18.513207002328635
5	2	2.843421052631579	27.77453684210507	92.97056257521882	0.4467630262569535	2.5412637366569903	146.77729081893713	0.4755065933374404	189.1106476058704	18.51308105154611
5	10	2.843421052631579	27.774536842105	92.97284063585073	0.44676302625695447	2.5415052733687546	148.79645122037024	0.49603511809941575	189.1106476058704	18.513665741973327
5	0	2.843421052631579	27.774536842105075	92.96999999999998	0.4467630262569533	2.541253876355798	146.67715920122734	0.47518220225380003	189.1106476058704	18.51305718261258
5	-10	2.843421052631579	27.77453684210511	92.96715936414927	0.4467630262569527	2.54150527336876	148.79645122037024	0.49603511809941575	189.1106476058704	18.513665741973362
5	-40	2.843421052631579	27.774536842105075	92.95648206596012	0.44676302625695524	2.546946987094527	189.11064760587033	1.0179821831308882	189.1106476058704	18.526838554917603
5	-5	2.843421052631579	27.7745368421051	92.96859055356619	0.4467630262569535	2.5413157671614037	146.86407156685885	0.4758242312067206	189.1106476058704	18.513207002328652
5	-2	2.843421052631579	27.774536842105075	92.96943742478122	0.44676302625695363	2.5412637366569917	146.77729081893713	0.4755065933374404	189.1106476058704	18.513081051546116
5	-20	2.843421052631579	27.7745368421051	92.9641364226172	0.4467630262569526	2.542325036259454	154.90879034742605	0.5595413416624124	189.1106476058704	18.515650150518507
2	20	2.843421052631579	27.774536842104975	92.97584482521022	0.17832377394508794	2.5258884475734185	152.75154836656986	0.5505475951851407	188.18202113571078	7.398230594544523
2	10	2.843421052631579	27.77453684210506	92.97283155127826	0.1783237739450871	2.5250739196283134	146.96932275284232	0.4890863670108592	188.18202113571078	7.397441058469625
0	40	2.843421052631579	27.774536842105135	92.98346649421971	-0.0000000000000012311589335530055	2.5273603914822864	187.404022058532	1.0218515296573385	187.404022058532	-0.00000000000003419486915845482
2	5	2.843421052631579	27.77453684210507	92.97140493891544	0.178323773945088	2.524885623593672	144.90897566434944	0.46945391196226344	188.18202113571078	7.397258539855033
0	20	2.843421052631579	27.774536842104936	92.97584126470059	0.000000000000000015989077059130056	2.522773549556527	152.26576792255727	0.5480669907336725	187.404022058532	0.0000000000000004440892098500626
2	2	2.843421052631579	27.774536842105082	92.97056077605987	0.17832377394508778	2.52483392535224	144.84938043600636	0.4692608444662599	188.18202113571078	7.397208427852286
2	-40	2.843421052631579	27.77453684210513	92.95652529735555	0.17832377394508872	2.5304808829700804	188.18202113571078	1.029447493450019	188.18202113571078	7.402682121885171
2	-5	2.843421052631579	27.774536842105103	92.96859506108456	0.1783237739450868	2.5248856235936743	144.90897566434944	0.46945391196226344	188.18202113571078	7.39725853985501
2	-2	2.843421052631579	27.774536842105075	92.96943922394011	0.1783237739450875	2.524833925352239	144.84938043600636	0.4692608444662599	188.18202113571078	7.397208427852275
2	0	2.843421052631579	27.774536842105064	92.97000000000001	0.17832377394508794	2.524824128018207	144.80980158203897	0.46913262295519903	188.18202113571078	7.397198931126356
2	-20	2.843421052631579	27.774536842105153	92.96415517478982	0.17832377394508703	2.525888447573427	152.75154836656984	0.5505475951851407	188.18202113571078	7.398230594544554
2	-10	2.843421052631579	27.77453684210507	92.96716844872174	0.17832377394508805	2.525073919628314	146.96932275284232	0.4890863670108592	188.18202113571078	7.397441058469654
0	0	2.843421052631579	27.774536842105075	92.97	-0.000000000000000286804069748144	2.5217105263157897	144.45726700345176	0.46799053540499036	187.404022058532	-0.000000000000007965850201685498
0	10	2.843421052631579	27.774536842105043	92.97282982637373	0.00000000000000019111943672241324	2.5219600136859914	146.40939223322815	0.48722302316135985	187.404022058532	0.00000000000000530825383648903
0	5	2.843421052631579	27.774536842105064	92.97140408306463	-0.0000000000000004636832347147695	2.52177194699119	144.45726700345176	0.46799053540499036	187.404022058532	-0.000000000000012878587085651814
0	2	2.843421052631579	27.774536842105054	92.97056043445028	0.00000000000000017587984765042987	2.521720311716916	144.45726700345176	0.46799053540499036	187.404022058532	0.000000000000004884981308350689
0	-2	2.843421052631579	27.77453684210507	92.96943956554976	-0.00000000000000014390169353216981	2.521720311716916	144.45726700345176	0.46799053540499036	187.404022058532	-0.0000000000000039968028886505635
0	-5	2.843421052631579	27.77453684210509	92.96859591693543	0.00000000000000007195084676608487	2.521771946991193	144.45726700345176	0.46799053540499036	187.404022058532	0.000000000000001998401444325282
-2	40	2.843421052631579	27.77453684210497	92.98347470264444	-0.17832377394509014	2.530480882970073	188.18202113571078	1.029447493450019	188.18202113571078	-7.40268212188516
0	-40	2.843421052631579	27.774536842105032	92.95653350578036	0.00000000000000036774877235999	2.527360391482282	187.404022058532	1.0218515296573385	187.404022058532	0.000000000000010214051826551439
0	-20	2.843421052631579	27.774536842105164	92.96415873529943	-0.000000000000000004996586580978102	2.5227735495565393	152.26576792255727	0.5480669907336725	187.404022058532	-0.0000000000000001387778780781446
0	-10	2.843421052631579	27.774536842105075	92.96717017362627	-0.0000000000000004576873308175956	2.5219600136859937	146.40939223322815	0.48722302316135985	187.404022058532	-0.000000000000012712053631958042
-2	0	2.843421052631579	27.774536842105064	92.97000000000001	-0.17832377394508767	2.524824128018207	144.80980158203897	0.46913262295519903	188.18202113571078	-7.397198931126348
-2	20	2.843421052631579	27.77453684210498	92.97584482521023	-0.17832377394508753	2.5258884475734176	152.75154836656984	0.5505475951851407	188.18202113571078	-7.398230594544512
-2	2	2.843421052631579	27.77453684210509	92.97056077605987	-0.17832377394508725	2.52483392535224	144.84938043600636	0.4692608444662599	188.18202113571078	-7.397208427852273
-2	-2	2.843421052631579	27.77453684210507	92.96943922394013	-0.1783237739450872	2.5248339253522394	144.84938043600636	0.4692608444662599	188.18202113571078	-7.3972084278522665
-2	5	2.843421052631579	27.774536842105064	92.9714049389155	-0.17832377394508783	2.5248856235936734	144.90897566434944	0.46945391196226344	188.18202113571078	-7.397258539855027
-2	-5	2.843421052631579	27.7745368421051	92.96859506108457	-0.17832377394508686	2.5248856235936756	144.90897566434944	0.46945391196226344	188.18202113571078	-7.397258539855012
-2	10	2.843421052631579	27.77453684210506	92.97283155127828	-0.17832377394508717	2.5250739196283143	146.96932275284232	0.4890863670108592	188.18202113571078	-7.397441058469627
-2	-40	2.843421052631579	27.77453684210512	92.95652529735551	-0.17832377394508944	2.5304808829700796	188.1820211357106	1.0294474934500182	188.18202113571078	-7.402682121885189
-2	-10	2.843421052631579	27.774536842105064	92.9671684487218	-0.17832377394508778	2.5250739196283147	146.96932275284232	0.4890863670108592	188.18202113571078	-7.397441058469645
-2	-20	2.843421052631579	27.774536842105164	92.96415517478981	-0.1783237739450858	2.525888447573427	152.75154836656986	0.5505475951851407	188.18202113571078	-7.398230594544523
-15	40	2.843421052631579	27.774536842104773	92.98394154069928	-1.3682891847829532	2.7110820245880167	208.9473063239488	1.0714943114796596	208.94730632394885	-56.197484750994604
-15	20	2.843421052631579	27.77453684210503	92.976047322208	-1.3682891847829388	2.7061658622287728	169.11831396504618	0.5686486867460426	208.94730632394885	-56.16214452898899
-15	10	2.843421052631579	27.77453684210507	92.97292965183938	-1.3682891847829368	2.7052939171106725	161.90481350117443	0.4990468784946307	208.94730632394885	-56.15587648253352
-15	5	2.843421052631579	27.77453684210505	92.97145361375212	-1.368289184782938	2.7050923478346913	161.70000098460406	0.49712029252065815	208.94730632394885	-56.15442748584825
-15	-40	2.843421052631579	27.774536842105253	92.95605845930075	-1.3682891847829295	2.711082024588038	208.94730632394868	1.0714943114796596	208.94730632394885	-56.197484750995095
-15	2	2.843421052631579	27.774536842105064	92.97058020443707	-1.3682891847829366	2.705037005314521	159.3644422786177	0.47547541360277745	208.94730632394885	-56.15402965176421
-15	0	2.843421052631579	27.77453684210507	92.97000000000003	-1.3682891847829364	2.7050265173532027	159.21754043662796	0.4748265554006865	208.94730632394885	-56.15395425822464
-15	20	2.843421052631579	27.77453684210503	92.976047322208	-1.3682891847829388	2.7061658622287728	169.11831396504618	0.5686486867460426	208.94730632394885	-56.16214452898899
-15	-2	2.843421052631579	27.774536842105064	92.96941979556301	-1.3682891847829366	2.705037005314521	159.3644422786177	0.47547541360277745	208.94730632394885	-56.15402965176421
-15	-5	2.843421052631579	27.7745368421051	92.9685463862479	-1.3682891847829357	2.7050923478346935	161.70000098460423	0.49712029252065854	208.94730632394885	-56.1544274858483
-15	-10	2.843421052631579	27.774536842105054	92.96707034816062	-1.3682891847829377	2.7052939171106747	161.9048135011744	0.4990468784946307	208.94730632394885	-56.15587648253352
-15	40	2.843421052631579	27.774536842104773	92.98394154069928	-1.3682891847829532	2.7110820245880167	208.9473063239488	1.0714943114796596	208.94730632394885	-56.197484750994604
-15	-20	2.843421052631579	27.77453684210509	92.96395267779201	-1.3682891847829344	2.706165862228775	169.1183139650462	0.5686486867460426	208.94730632394885	-56.16214452898901
-15	10	2.843421052631579	27.77453684210507	92.97292965183938	-1.3682891847829368	2.7052939171106725	161.90481350117443	0.4990468784946307	208.94730632394885	-56.15587648253352
-15	5	2.843421052631579	27.77453684210505	92.97145361375212	-1.368289184782938	2.7050923478346913	161.70000098460406	0.49712029252065815	208.94730632394885	-56.15442748584825
-15	2	2.843421052631579	27.774536842105064	92.97058020443707	-1.3682891847829366	2.705037005314521	159.3644422786177	0.47547541360277745	208.94730632394885	-56.15402965176421
-15	-2	2.843421052631579	27.774536842105064	92.96941979556301	-1.3682891847829366	2.705037005314521	159.3644422786177	0.47547541360277745	208.94730632394885	-56.15402965176421
-15	0	2.843421052631579	27.77453684210507	92.97000000000003	-1.3682891847829364	2.7050265173532027	159.21754043662796	0.4748265554006865	208.94730632394885	-56.15395425822464
-30	40	2.843421052631579	28.40136360384251	92.98327689924602	-2.7509229956700447	3.3222656445814964	192.32556964071998	1.0197681722548717	289.65465582679684	-114.84097111413281
-15	-5	2.843421052631579	27.7745368421051	92.9685463862479	-1.3682891847829357	2.7050923478346935	161.70000098460423	0.49712029252065854	208.94730632394885	-56.1544274858483
-15	-20	2.843421052631579	27.77453684210509	92.96395267779201	-1.3682891847829344	2.706165862228775	169.1183139650462	0.5686486867460426	208.94730632394885	-56.16214452898901
-15	-40	2.843421052631579	27.774536842105253	92.95605845930075	-1.3682891847829295	2.711082024588038	208.94730632394868	1.0714943114796596	208.94730632394885	-56.197484750995095
-15	-10	2.843421052631579	27.774536842105054	92.96707034816062	-1.3682891847829377	2.7052939171106747	161.9048135011744	0.4990468784946307	208.94730632394885	-56.15587648253352
-30	-40	2.843421052631579	28.40136360384268	92.95672310075402	-2.7509229956700385	3.322265644581505	192.54825267040437	1.0201419727067016	289.65465582679684	-114.84097111413348
-30	-5	2.843421052631579	28.374207766428324	92.9686143601685	-2.758269271325721	3.3180242703541545	148.1059885613799	0.472068456741091	289.65465582679684	-114.85151206422495
-30	-20	2.843421052631579	28.379074837482122	92.96423645144621	-2.7569515830988265	3.3187850380066566	157.13446352940883	0.5614353682603046	289.65465582679684	-114.8496228367897
-30	10	2.843421052631579	28.375121635859283	92.97279256544863	-2.758021820087721	3.3181671363930243	151.0422032230971	0.5001640243400086	289.65465582679684	-114.85115733194709
-30	20	2.843421052631579	28.379074837482086	92.97576354855379	-2.7569515830988305	3.318785038006657	157.09962462889052	0.5613810811853459	289.65465582679684	-114.84962283678966
-30	2	2.843421052631579	28.373956855979937	92.97055307779424	-2.7583372139089337	3.317985043685445	147.59519666540132	0.4673696435709382	289.65465582679684	-114.85160945892032
-30	-2	2.843421052631579	28.373956855979937	92.96944692220578	-2.758337213908934	3.3179850436854452	147.59519666540143	0.4673696435711713	289.65465582679684	-114.85160945892035
-30	5	2.843421052631579	28.37420776642832	92.9713856398315	-2.7582692713257195	3.3180242703541536	148.09192434657425	0.4720382689148	289.65465582679684	-114.8515120642249
-30	0	2.843421052631579	28.373909305939417	92.97000000000001	-2.758350089843709	3.3179776097610363	147.22055206878542	0.46413702104112997	289.65465582679684	-114.85162791618964
-30	-10	2.843421052631579	28.375121635859315	92.96720743455138	-2.7580218200877185	3.3181671363930256	151.00434527931102	0.5001165595466753	289.65465582679684	-114.85115733194716
-60	40	2.843421052631579	40.958093832026734	92.97863141198296	-3.7180171422798	5.405960139581156	158.34793085322428	0.9621136695704837	158.34793085322465	-267.89490675610114
-60	20	2.843421052631579	40.958093832026684	92.97374398572558	-3.7214119129320813	5.4059601395811505	130.00282506954474	0.5341839131859666	158.34793085322465	-267.9644284235578
-60	10	2.843421052631579	40.95809383202673	92.97181379035058	-3.7220140195105476	5.405960139581155	124.03153043729667	0.4643786596857074	158.34793085322465	-267.97675899242705
-60	5	2.843421052631579	40.95809383202672	92.97089995355819	-3.7221532096781016	5.405960139581155	121.96498252063955	0.44155371624153733	158.34793085322465	-267.9796094743986
-60	2	2.843421052631579	40.95809383202674	92.97035921306248	-3.7221914254955566	5.405960139581155	121.75403614981266	0.4392581308817013	158.34793085322465	-267.98039209791733
-60	-2	2.843421052631579	40.95809383202672	92.96964078693756	-3.722191425495557	5.405960139581156	121.75403614981266	0.4392581308817013	158.34793085322465	-267.9803920979173
-60	0	2.843421052631579	40.95809383202672	92.97000000000003	-3.7221986677753445	5.405960139581155	121.56106957369947	0.4375357369001536	158.34793085322465	-267.98054041290476
-60	-5	2.843421052631579	40.95809383202673	92.96910004644188	-3.7221532096781025	5.405960139581156	121.96498252063964	0.44155371624153733	158.34793085322465	-267.9796094743987
60	40	2.274736842105263	38.332865794699536	92.97922253462067	3.860217245521542	5.330863557941896	158.34793085322454	0.9621136695704855	158.34793085322485	250.95652817302314
-60	-40	2.843421052631579	40.9580938320267	92.96136858801705	-3.718017142279802	5.405960139581152	158.34793085322383	0.9621136695704813	158.34793085322465	-267.8949067561008
-60	-20	2.843421052631579	40.95809383202682	92.9662560142744	-3.721411912932075	5.405960139581155	130.0028250695445	0.5341839131859674	158.34793085322465	-267.96442842355873
-60	-10	2.843421052631579	40.95809383202674	92.9681862096494	-3.722014019510547	5.405960139581152	124.03153043729657	0.4643786596857071	158.34793085322465	-267.97675899242705
60	20	2.274736842105263	38.33286579469942	92.97400039275635	3.863844507194572	5.330863557941892	130.0028250695445	0.5341839131859674	158.34793085322485	251.02604984047952
60	2	2.274736842105263	38.33286579469942	92.97038381378523	3.8646774047110037	5.330863557941891	121.75403614981273	0.4392581308817016	158.34793085322485	251.04201351483854
60	10	2.274736842105263	38.33286579469944	92.9719380078643	3.8644878490691363	5.3308635579418935	124.03153043729681	0.4643786596857079	158.34793085322485	251.03838040934858
60	-2	2.274736842105263	38.33286579469941	92.96961618621481	3.864677404711005	5.3308635579418935	121.75403614981266	0.4392581308817013	158.34793085322485	251.04201351483857
60	5	2.274736842105263	38.33286579469943	92.97096158691804	3.864636571681572	5.330863557941893	121.96498252063964	0.44155371624153733	158.34793085322485	251.04123089132003
60	0	2.274736842105263	38.332865794699416	92.97	3.8646851429786477	5.33086355794189	121.56106957369947	0.4375357369001536	158.34793085322485	251.042161829826
60	-5	2.274736842105263	38.33286579469942	92.96903841308195	3.8646365716815727	5.330863557941893	121.96498252063955	0.44155371624153733	158.34793085322485	251.04123089132003
30	40	2.274736842105263	23.758616314162587	92.98451491916124	3.0785604296651337	3.1331040838678357	148.30796839680065	0.9493530786205687	289.65465582679684	100.56223001050905
60	-40	2.274736842105263	38.332865794699394	92.96077746537938	3.860217245521552	5.3308635579418935	158.34793085322457	0.9621136695704855	158.34793085322485	250.95652817302232
60	-20	2.274736842105263	38.33286579469949	92.96599960724372	3.86384450719457	5.330863557941895	130.00282506954474	0.5341839131859666	158.34793085322485	251.02604984048
60	-10	2.274736842105263	38.33286579469941	92.96806199213573	3.8644878490691377	5.330863557941891	124.03153043729667	0.4643786596857074	158.34793085322485	251.03838040934832
30	20	2.274736842105263	23.736327547802215	92.97630194454341	3.085150925053775	3.129299059581113	120.98920965192336	0.5228025066056351	289.65465582679684	100.55820646366472
30	5	2.274736842105263	23.73146047674841	92.97151512879236	3.086591700812894	3.1284672273087417	113.86643702841383	0.4381382208746725	289.65465582679684	100.55732786464006
30	10	2.274736842105263	23.73237434617937	92.97305351330148	3.0863211273543016	3.1286234429678954	114.60429742428991	0.4463373553926759	289.65465582679684	100.55749283547804
30	2	2.274736842105263	23.73120956630003	92.97060476432706	3.0866659926511937	3.128424334895901	113.44413296872484	0.4333897460649166	289.65465582679684	100.55728257052526
30	-40	2.274736842105263	23.758616314162843	92.95548508083877	3.078560429665116	3.133104083867848	148.22661271370072	0.9491728830090527	289.65465582679684	100.56223001050992
30	0	2.274736842105263	23.731162016259507	92.97000000000001	3.0866800718749685	3.128416206252265	113.12288338319772	0.4301029282124554	289.65465582679684	100.55727398683729
30	-2	2.274736842105263	23.73120956630003	92.96939523567302	3.0866659926511932	3.1284243348959007	113.43643356942297	0.43338132865557444	289.65465582679684	100.55728257052523
30	-20	2.274736842105263	23.73632754780224	92.96369805545662	3.08515092505377	3.129299059581112	120.90526596880646	0.5226767215040574	289.65465582679684	100.55820646366472
30	-5	2.274736842105263	23.731460476748413	92.96848487120768	3.0865917008128942	3.128467227308743	113.854805301384	0.438122174218912	289.65465582679684	100.55732786464009
30	-10	2.274736842105263	23.73237434617941	92.96694648669853	3.086321127354299	3.1286234429678963	114.62378054289954	0.44635028970536267	289.65465582679684	100.55749283547817
15	40	2.274736842105263	22.21962947368379	92.98742692587406	1.7103614809786916	2.4740827938929204	208.94730632394877	1.07149431147966	208.94730632394885	50.936769059071445
15	20	2.274736842105263	22.219629473684062	92.97755915276002	1.7103614809786696	2.4679375909438623	169.1183139650462	0.5686486867460426	208.94730632394885	50.90142883706582
15	10	2.274736842105263	22.219629473684094	92.97366206479927	1.7103614809786671	2.466847659546239	161.9048135011744	0.4990468784946307	208.94730632394885	50.89516079061037
15	5	2.274736842105263	22.219629473684037	92.97181701719013	1.7103614809786722	2.4665956979512598	161.70000098460423	0.49712029252065854	208.94730632394885	50.89371179392507
10	40	2.274736842105263	22.21962947368414	92.98709279574933	1.1255226154060893	2.3438803311465453	196.7584029510414	1.0452281726968125	196.7584029510415	33.672380772306425
15	-2	2.274736842105263	22.21962947368405	92.96927474445373	1.7103614809786718	2.466526519801045	159.3644422786177	0.47547541360277745	208.94730632394885	50.893313959841045
15	-5	2.274736842105263	22.21962947368408	92.96818298280982	1.7103614809786691	2.4665956979512598	161.7000009846042	0.49712029252065854	208.94730632394885	50.8937117939251
15	-40	2.274736842105263	22.219629473684257	92.95257307412595	1.7103614809786556	2.4740827938929404	208.9473063239486	1.071494311479659	208.94730632394885	50.93676905907187
15	0	2.274736842105263	22.219629473684066	92.97	1.7103614809786696	2.466513409849399	159.21754043662796	0.4748265554006865	208.94730632394885	50.89323856630146
15	2	2.274736842105263	22.219629473684055	92.9707252555463	1.710361480978671	2.4665265198010453	159.3644422786177	0.47547541360277745	208.94730632394885	50.89331395984104
15	-20	2.274736842105263	22.219629473684115	92.96244084724003	1.7103614809786645	2.467937590943866	169.11831396504618	0.5686486867460426	208.94730632394885	50.90142883706586
15	-10	2.274736842105263	22.21962947368405	92.96633793520076	1.7103614809786718	2.466847659546238	161.90481350117443	0.4990468784946307	208.94730632394885	50.895160790610355
10	20	2.274736842105263	22.219629473684083	92.97741421953013	1.1255226154060918	2.3379685156911	160.40994563882583	0.5666088959451228	196.7584029510415	33.649570634392184
10	10	2.274736842105263	22.219629473684048	92.97359185125865	1.1255226154060933	2.336919978590654	153.86231790247294	0.5001581434003524	196.7584029510415	33.64552496076625
10	2	2.274736842105263	22.21962947368405	92.97071135006875	1.1255226154060936	2.3366110353507437	151.71032809136534	0.47829177891276536	196.7584029510415	33.64433293473583
10	5	2.274736842105263	22.219629473684055	92.97178217913635	1.125522615406093	2.336677586197153	151.64673520765294	0.4789024559497826	196.7584029510415	33.644589714399594
10	0	2.274736842105263	22.21962947368406	92.96999999999997	1.1255226154060927	2.336598423299456	151.5042091215436	0.47764195493582207	196.7584029510415	33.64428427242025
10	-2	2.274736842105263	22.21962947368407	92.96928864993122	1.1255226154060924	2.3366110353507445	151.71032809136534	0.47829177891276536	196.7584029510415	33.644332934735836
10	-5	2.274736842105263	22.21962947368409	92.96821782086359	1.1255226154060913	2.336677586197154	151.64673520765294	0.4789024559497826	196.7584029510415	33.64458971439961
10	-10	2.274736842105263	22.219629473684087	92.96640814874141	1.125522615406092	2.3369199785906556	153.86231790247294	0.5001581434003524	196.7584029510415	33.64552496076629
10	-40	2.274736842105263	22.219629473683945	92.95290720425066	1.1255226154061002	2.343880331146537	196.75840295104123	1.0452281726968118	196.7584029510415	33.67238077230633
5	40	2.274736842105263	22.219629473684034	92.98689741754987	0.5584537828211921	2.268913997026053	189.11064760587033	1.0179821831308882	189.1106476058704	16.755324471275785
10	-20	2.274736842105263	22.219629473684055	92.96258578046992	1.1255226154060953	2.3379685156910983	160.40994563882595	0.5666088959451231	196.7584029510415	33.64957063439221
5	10	2.274736842105263	22.219629473684037	92.97355079481343	0.5584537828211923	2.2621118548688424	148.79645122037024	0.49603511809941575	189.1106476058704	16.742151658331597
2	40	2.274736842105263	22.219629473684062	92.98684337830558	0.22290471743136223	2.248331366870493	188.18202113571078	1.029447493450019	188.18202113571078	6.69332037506959
5	20	2.274736842105263	22.219629473684094	92.97732947172854	0.5584537828211911	2.2631365584822127	154.90879034742605	0.5595413416624124	189.1106476058704	16.744136066876774
5	-40	2.274736842105263	22.21962947368405	92.95310258245017	0.5584537828211948	2.268913997026054	189.11064760587033	1.0179821831308882	189.1106476058704	16.755324471275863
5	5	2.274736842105263	22.21962947368404	92.97176180804229	0.5584537828211928	2.261874972109647	146.86407156685885	0.4758242312067206	189.1106476058704	16.741692918686887
5	0	2.274736842105263	22.219629473684066	92.97	0.5584537828211917	2.261797608602644	146.67715920122734	0.47518220225380003	189.1106476058704	16.74154309897084
5	-5	2.274736842105263	22.219629473684062	92.96823819195774	0.5584537828211927	2.261874972109648	146.86407156685885	0.4758242312067206	189.1106476058704	16.7416929186869
5	2	2.274736842105263	22.21962947368406	92.9707032190235	0.5584537828211917	2.261809933979133	146.77729081893713	0.4755065933374404	189.1106476058704	16.741566967904355
5	-2	2.274736842105263	22.21962947368406	92.96929678097652	0.5584537828211916	2.2618099339791327	146.77729081893713	0.4755065933374404	189.1106476058704	16.741566967904355
5	-10	2.274736842105263	22.219629473684112	92.96644920518658	0.55845378282119	2.262111854868846	148.79645122037024	0.49603511809941575	189.1106476058704	16.742151658331608
5	-20	2.274736842105263	22.219629473684066	92.9626705282715	0.5584537828211912	2.263136558482211	154.90879034742605	0.5595413416624124	189.1106476058704	16.744136066876752
2	20	2.274736842105263	22.219629473683984	92.97730603151275	0.2229047174313589	2.2425908226246696	152.75154836656986	0.5505475951851407	188.18202113571078	6.688868847728912
2	10	2.274736842105263	22.219629473684066	92.97353943909782	0.22290471743135867	2.2415726626932884	146.96932275284232	0.4890863670108592	188.18202113571078	6.688079311654033
2	5	2.274736842105263	22.21962947368404	92.97175617364431	0.22290471743136014	2.2413372926499857	144.90897566434944	0.46945391196226344	188.18202113571078	6.687896793039437
2	-10	2.274736842105263	22.219629473684073	92.9664605609022	0.2229047174313603	2.241572662693289	146.96932275284232	0.4890863670108592	188.18202113571078	6.6880793116540715
2	2	2.274736842105263	22.21962947368407	92.97070097007484	0.22290471743135884	2.2412726698481955	144.84938043600636	0.4692608444662599	188.18202113571078	6.687846681036674
2	-40	2.274736842105263	22.219629473684115	92.95315662169446	0.2229047174313612	2.2483313668704947	188.18202113571078	1.029447493450019	188.18202113571078	6.693320375069586
2	0	2.274736842105263	22.219629473684055	92.97000000000001	0.22290471743136	2.2412604231806537	144.80980158203897	0.46913262295519903	188.18202113571078	6.687837184310766
2	-5	2.274736842105263	22.21962947368406	92.96824382635569	0.22290471743135906	2.241337292649987	144.90897566434944	0.46945391196226344	188.18202113571078	6.68789679303942
2	-2	2.274736842105263	22.219629473684066	92.96929902992517	0.22290471743135967	2.241272669848195	144.84938043600636	0.4692608444662599	188.18202113571078	6.687846681036691
2	-20	2.274736842105263	22.21962947368409	92.96269396848726	0.222904717431359	2.242590822624676	152.75154836656984	0.5505475951851407	188.18202113571078	6.688868847728951
0	40	2.274736842105263	22.219629473684137	92.98683311777462	-0.0000000000000015089691474553865	2.244430752510753	187.404022058532	1.0218515296573385	187.404022058532	-0.00000000000003352873534367973
0	20	2.274736842105263	22.21962947368398	92.9773015808758	0.0000000000000007145118810798734	2.2386972001035588	152.26576792255727	0.5480669907336725	187.404022058532	0.00000000000001587618925213974
0	2	2.274736842105263	22.21962947368405	92.97070054306282	0.0000000000000004297064459641183	2.2373806528040387	144.45726700345176	0.46799053540499036	187.404022058532	0.000000000000009547918011776346
0	5	2.274736842105263	22.219629473684055	92.97175510383076	-0.0000000000000005096518312597681	2.237445196896883	144.45726700345176	0.46799053540499036	187.404022058532	-0.000000000000011324274851176597
0	10	2.274736842105263	22.219629473684044	92.97353728296717	0.00000000000000042470985938314033	2.237680280265386	146.40939223322815	0.48722302316135985	187.404022058532	0.00000000000000943689570931383
0	-2	2.274736842105263	22.219629473684062	92.9692994569372	-0.000000000000000004996586580978118	2.23738065280404	144.45726700345176	0.46799053540499036	187.404022058532	-0.00000000000000011102230246251565
0	0	2.274736842105263	22.21962947368405	92.97000000000003	0.00000000000000010243002491005146	2.237368421052632	144.45726700345176	0.46799053540499036	187.404022058532	0.000000000000002275957200481571
0	-5	2.274736842105263	22.219629473684076	92.96824489616925	-0.00000000000000019486687665814645	2.237445196896884	144.45726700345176	0.46799053540499036	187.404022058532	-0.0000000000000043298697960381105
0	-40	2.274736842105263	22.21962947368404	92.95316688222542	0.0000000000000007594811603086746	2.244430752510748	187.404022058532	1.0218515296573385	187.404022058532	0.00000000000001687538997430238
0	-20	2.274736842105263	22.219629473684126	92.96269841912425	-0.000000000000000627071615912752	2.2386972001035654	152.26576792255727	0.5480669907336725	187.404022058532	-0.000000000000013933298959045715
-2	20	2.274736842105263	22.21962947368399	92.97730603151277	-0.22290471743135887	2.24259082262467	152.75154836656984	0.5505475951851407	188.18202113571078	-6.688868847728914
0	-10	2.274736842105263	22.219629473684076	92.96646271703285	-0.0000000000000007344982274037828	2.2376802802653866	146.40939223322815	0.48722302316135985	187.404022058532	-0.0000000000000163202784619898
-2	40	2.274736842105263	22.219629473684048	92.98684337830558	-0.22290471743136112	2.2483313668704925	188.18202113571078	1.029447493450019	188.18202113571078	-6.693320375069562
-2	10	2.274736842105263	22.219629473684066	92.97353943909782	-0.2229047174313589	2.2415726626932884	146.96932275284232	0.4890863670108592	188.18202113571078	-6.688079311654039
-2	0	2.274736842105263	22.21962947368406	92.96999999999998	-0.22290471743135987	2.241260423180653	144.80980158203897	0.46913262295519903	188.18202113571078	-6.687837184310763
-2	5	2.274736842105263	22.219629473684048	92.97175617364428	-0.22290471743136028	2.2413372926499866	144.90897566434944	0.46945391196226344	188.18202113571078	-6.687896793039444
-2	2	2.274736842105263	22.21962947368407	92.97070097007484	-0.22290471743135998	2.2412726698481955	144.84938043600636	0.4692608444662599	188.18202113571078	-6.6878466810366985
-2	-5	2.274736842105263	22.219629473684066	92.96824382635573	-0.22290471743135903	2.241337292649987	144.90897566434944	0.46945391196226344	188.18202113571078	-6.687896793039422
-2	-40	2.274736842105263	22.219629473684098	92.95315662169439	-0.22290471743136153	2.2483313668704943	188.18202113571078	1.029447493450019	188.18202113571078	-6.693320375069588
-2	-2	2.274736842105263	22.21962947368407	92.96929902992512	-0.22290471743135926	2.241272669848194	144.84938043600636	0.4692608444662599	188.18202113571078	-6.687846681036683
-2	-10	2.274736842105263	22.219629473684062	92.9664605609022	-0.22290471743135923	2.241572662693289	146.96932275284232	0.4890863670108592	188.18202113571078	-6.688079311654045
-2	-20	2.274736842105263	22.2196294736841	92.96269396848729	-0.22290471743135795	2.2425908226246762	152.75154836656986	0.5505475951851407	188.18202113571078	-6.688868847728931
-15	40	2.274736842105263	22.219629473683785	92.9874269258741	-1.710361480978692	2.4740827938929213	208.9473063239486	1.071494311479659	208.94730632394885	-50.93676905907146
-15	20	2.274736842105263	22.21962947368406	92.97755915276004	-1.710361480978671	2.467937590943863	169.11831396504618	0.5686486867460426	208.94730632394885	-50.90142883706586
-15	-2	2.274736842105263	22.219629473684044	92.96927474445371	-1.7103614809786714	2.466526519801045	159.3644422786177	0.47547541360277745	208.94730632394885	-50.893313959841024
-15	10	2.274736842105263	22.21962947368409	92.97366206479926	-1.7103614809786685	2.466847659546238	161.90481350117443	0.4990468784946307	208.94730632394885	-50.89516079061039
-15	0	2.274736842105263	22.219629473684062	92.96999999999997	-1.710361480978671	2.4665134098493993	159.21754043662796	0.4748265554006865	208.94730632394885	-50.8932385663015
-15	2	2.274736842105263	22.219629473684055	92.97072525554633	-1.7103614809786711	2.4665265198010458	159.3644422786177	0.47547541360277745	208.94730632394885	-50.893313959841045
-15	-40	2.274736842105263	22.219629473684247	92.95257307412594	-1.710361480978659	2.47408279389294	208.9473063239485	1.071494311479659	208.94730632394885	-50.936769059071906
-15	-10	2.274736842105263	22.219629473684037	92.96633793520078	-1.7103614809786731	2.4668476595462367	161.9048135011744	0.4990468784946307	208.94730632394885	-50.895160790610355
-15	5	2.274736842105263	22.219629473684037	92.97181701719016	-1.710361480978671	2.466595697951259	161.7000009846042	0.49712029252065854	208.94730632394885	-50.89371179392504
-15	-5	2.274736842105263	22.219629473684083	92.96818298280986	-1.7103614809786676	2.4665956979512607	161.70000098460423	0.49712029252065854	208.94730632394885	-50.893711793925085
-15	-20	2.274736842105263	22.21962947368411	92.96244084724003	-1.7103614809786658	2.467937590943865	169.1183139650462	0.5686486867460426	208.94730632394885	-50.90142883706587
-15	40	2.274736842105263	22.219629473683785	92.9874269258741	-1.710361480978692	2.4740827938929213	208.9473063239486	1.071494311479659	208.94730632394885	-50.93676905907146
-15	20	2.274736842105263	22.21962947368406	92.97755915276004	-1.710361480978671	2.467937590943863	169.11831396504618	0.5686486867460426	208.94730632394885	-50.90142883706586
-15	10	2.274736842105263	22.21962947368409	92.97366206479926	-1.7103614809786685	2.466847659546238	161.90481350117443	0.4990468784946307	208.94730632394885	-50.89516079061039
-15	2	2.274736842105263	22.219629473684055	92.97072525554633	-1.7103614809786711	2.4665265198010458	159.3644422786177	0.47547541360277745	208.94730632394885	-50.893313959841045
-15	5	2.274736842105263	22.219629473684037	92.97181701719016	-1.710361480978671	2.466595697951259	161.7000009846042	0.49712029252065854	208.94730632394885	-50.89371179392504
-15	-2	2.274736842105263	22.219629473684044	92.96927474445371	-1.7103614809786714	2.466526519801045	159.3644422786177	0.47547541360277745	208.94730632394885	-50.893313959841024
-15	0	2.274736842105263	22.219629473684062	92.96999999999997	-1.710361480978671	2.4665134098493993	159.21754043662796	0.4748265554006865	208.94730632394885	-50.8932385663015
-30	40	2.274736842105263	23.758616314162595	92.98451491916126	-3.078560429665133	3.1331040838678352	148.30796839680065	0.9493530786205687	289.65465582679684	-100.56223001050908
-15	-5	2.274736842105263	22.219629473684083	92.96818298280986	-1.7103614809786676	2.4665956979512607	161.70000098460423	0.49712029252065854	208.94730632394885	-50.893711793925085
-15	-20	2.274736842105263	22.21962947368411	92.96244084724003	-1.7103614809786658	2.467937590943865	169.1183139650462	0.5686486867460426	208.94730632394885	-50.90142883706587
-15	-40	2.274736842105263	22.219629473684247	92.95257307412594	-1.710361480978659	2.47408279389294	208.9473063239485	1.071494311479659	208.94730632394885	-50.936769059071906
-15	-10	2.274736842105263	22.219629473684037	92.96633793520078	-1.7103614809786731	2.4668476595462367	161.9048135011744	0.4990468784946307	208.94730632394885	-50.895160790610355
-30	20	2.274736842105263	23.736327547802208	92.97630194454342	-3.085150925053775	3.1292990595811117	120.98920965192363	0.5228025066056363	289.65465582679684	-100.55820646366467
-30	10	2.274736842105263	23.732374346179377	92.97305351330145	-3.0863211273543008	3.128623442967895	114.60429742429008	0.4463373553926759	289.65465582679684	-100.55749283547806
-30	0	2.274736842105263	23.731162016259493	92.97000000000004	-3.086680071874968	3.1284162062522647	113.12288338319772	0.4301029282124554	289.65465582679684	-100.55727398683722
-30	5	2.274736842105263	23.731460476748406	92.97151512879238	-3.086591700812894	3.1284672273087426	113.86643702841393	0.4381382208746729	289.65465582679684	-100.55732786464004
-30	-2	2.274736842105263	23.731209566300034	92.96939523567296	-3.086665992651193	3.1284243348959	113.4364335694228	0.43338132865557444	289.65465582679684	-100.55728257052523
-30	2	2.274736842105263	23.731209566300034	92.97060476432705	-3.086665992651192	3.128424334895902	113.44413296872474	0.4333897460649166	289.65465582679684	-100.55728257052523
-30	-10	2.274736842105263	23.732374346179405	92.96694648669852	-3.0863211273542994	3.1286234429678967	114.62378054289954	0.44635028970536267	289.65465582679684	-100.55749283547817
-30	-5	2.274736842105263	23.731460476748413	92.96848487120768	-3.0865917008128942	3.1284672273087413	113.85480530138385	0.4381221742189114	289.65465582679684	-100.55732786464007
-30	-20	2.274736842105263	23.73632754780224	92.9636980554566	-3.0851509250537705	3.129299059581112	120.90526596880682	0.5226767215040591	289.65465582679684	-100.55820646366475
-60	40	2.274736842105263	38.332865794699515	92.97922253462067	-3.860217245521544	5.3308635579418935	158.34793085322437	0.9621136695704843	158.34793085322465	-250.95652817302297
-30	-40	2.274736842105263	23.758616314162833	92.95548508083883	-3.078560429665119	3.133104083867847	148.22661271370063	0.9491728830090527	289.65465582679684	-100.56223001050992
-60	20	2.274736842105263	38.33286579469942	92.97400039275637	-3.863844507194573	5.330863557941893	130.0028250695449	0.5341839131859677	158.34793085322465	-251.02604984047957
-60	10	2.274736842105263	38.33286579469943	92.97193800786428	-3.8644878490691355	5.330863557941891	124.03153043729657	0.4643786596857071	158.34793085322465	-251.03838040934838
-60	0	2.274736842105263	38.33286579469941	92.97	-3.864685142978649	5.33086355794189	121.56106957369947	0.4375357369001536	158.34793085322465	-251.04216182982597
-60	2	2.274736842105263	38.3328657946994	92.97038381378528	-3.864677404711006	5.330863557941893	121.75403614981266	0.4392581308817013	158.34793085322465	-251.0420135148385
-60	5	2.274736842105263	38.33286579469943	92.97096158691805	-3.864636571681572	5.330863557941893	121.96498252063955	0.44155371624153733	158.34793085322465	-251.04123089132003
-60	-40	2.274736842105263	38.332865794699394	92.96077746537938	-3.860217245521552	5.3308635579418935	158.34793085322383	0.9621136695704813	158.34793085322465	-250.95652817302232
-60	-2	2.274736842105263	38.332865794699416	92.96961618621478	-3.864677404711005	5.330863557941892	121.75403614981266	0.4392581308817013	158.34793085322465	-251.04201351483854
-60	-20	2.274736842105263	38.33286579469949	92.9659996072437	-3.863844507194568	5.330863557941894	130.0028250695445	0.5341839131859674	158.34793085322465	-251.02604984047994
-60	-5	2.274736842105263	38.33286579469942	92.96903841308196	-3.864636571681572	5.330863557941893	121.96498252063964	0.44155371624153733	158.34793085322465	-251.04123089132
60	40	1.7060526315789475	35.70763775737223	92.9799005760141	3.99918762857779	5.244724764383358	158.34793085322443	0.9621136695704847	158.34793085322485	233.58717905278266
-60	-10	2.274736842105263	38.33286579469943	92.96806199213573	-3.8644878490691355	5.3308635579418935	124.03153043729657	0.4643786596857071	158.34793085322465	-251.03838040934852
60	20	1.7060526315789475	35.70763775737207	92.97429450191291	4.003081566783934	5.244724764383352	130.0028250695445	0.5341839131859674	158.34793085322485	233.65670072023872
60	10	1.7060526315789475	35.70763775737211	92.97208049033866	4.0037722071983275	5.244724764383353	124.03153043729667	0.4643786596857074	158.34793085322485	233.66903128910792
60	5	1.7060526315789475	35.70763775737212	92.97103228285584	4.003931863907681	5.244724764383354	121.96498252063964	0.44155371624153733	158.34793085322485	233.6718817710795
60	-40	1.7060526315789475	35.70763775737218	92.96009942398595	3.999187628577795	5.24472476438336	158.34793085322445	0.9621136695704847	158.34793085322485	233.58717905278252
60	-20	1.7060526315789475	35.707637757372176	92.9657054980871	4.00308156678393	5.244724764383357	130.00282506954474	0.5341839131859666	158.34793085322485	233.65670072023948
60	-2	1.7060526315789475	35.707637757372105	92.96958796819831	4.003975698984306	5.244724764383353	121.75403614981266	0.4392581308817013	158.34793085322485	233.67266439459803
30	40	1.7060526315789475	19.530378714586988	92.98600720354257	3.4060556281803858	2.9440246428467427	109.94216882333984	0.8466913926052556	289.65465582679684	86.35831580079203
60	2	1.7060526315789475	35.707637757372105	92.97041203180166	4.0039756989843065	5.244724764383354	121.75403614981266	0.4392581308817013	158.34793085322485	233.67266439459806
60	0	1.7060526315789475	35.70763775737209	92.97000000000004	4.003984006169933	5.2447247643833546	121.56106957369927	0.43753573690015296	158.34793085322485	233.67281270958557
60	-10	1.7060526315789475	35.70763775737207	92.96791950966133	4.003772207198328	5.244724764383353	124.03153043729667	0.4643786596857074	158.34793085322485	233.66903128910764
60	-5	1.7060526315789475	35.70763775737212	92.96896771714414	4.00393186390768	5.244724764383352	121.96498252063971	0.4415537162415375	158.34793085322485	233.67188177107946
30	20	1.7060526315789475	19.50808994822654	92.97695126300745	3.413323352022722	2.9398286205299784	89.3649915189298	0.46198189759985864	289.65465582679684	86.34161698444616
30	0	1.7060526315789475	19.502924416683904	92.96999999999998	3.415010053906225	2.938854802743492	84.50097097532347	0.39275525084336366	289.65465582679684	86.33774695139165
30	2	1.7060526315789475	19.502971966724427	92.97066710717304	3.4149945233090158	2.938863769337973	84.76594611643661	0.3960710784403649	289.65465582679684	86.33778257603689
30	10	1.7060526315789475	19.504136746603763	92.97336825249208	3.4146141113781017	2.9390834002686885	85.73052186641287	0.40913793480979227	289.65465582679684	86.3386552329158
30	5	1.7060526315789475	19.50322287717281	92.97167131380506	3.4149125732321375	2.9389110832369196	83.95613658171085	0.3849877397428101	289.65465582679684	86.33797055896197
30	-2	1.7060526315789475	19.50297196672443	92.96933289282697	3.4149945233090153	2.9388637693379716	84.75975053455349	0.39606278718555893	289.65465582679684	86.33778257603687
30	-5	1.7060526315789475	19.50322287717282	92.96832868619495	3.4149125732321357	2.9389110832369187	83.98724485966427	0.385041865921494	289.65465582679684	86.33797055896197
30	-10	1.7060526315789475	19.504136746603802	92.96663174750795	3.414614111378099	2.9390834002686903	85.72748506136188	0.40912466742972925	289.65465582679684	86.33865523291594
15	40	1.7060526315789475	16.705211999624176	92.99255051553291	2.2598255729706045	2.265580349301918	189.26594625629895	1.002409713402829	208.94730632394885	46.26006014704513
15	20	1.7060526315789475	16.678294044504185	92.97987854929123	2.273408732641505	2.2594664994442013	160.8139589320192	0.5709116695161199	208.94730632394885	46.37795218836058
30	-40	1.7060526315789475	19.53037871458722	92.95399279645741	3.4060556281803693	2.944024642846757	110.1057657464668	0.8470843616895369	289.65465582679684	86.35831580079292
15	10	1.7060526315789475	16.67220026971617	92.9747944313707	2.2765531000865966	2.258464202963648	153.24205635628644	0.48656599742215595	208.94730632394885	46.40731924535267
15	-10	1.7060526315789475	16.67220026971614	92.96520556862934	2.2765531000866	2.258464202963647	153.34666183074324	0.4866666841244127	208.94730632394885	46.407319245352625
30	-20	1.7060526315789475	19.508089948226655	92.96304873699258	3.41332335202271	2.9398286205299815	89.42398045917382	0.4620920826578474	289.65465582679684	86.34161698444649
10	40	1.7060526315789475	16.66472210526314	92.99279039433246	1.5006968205414484	2.0950421959146914	196.7584029510415	1.0452281726968131	196.7584029510415	30.69138742567757
15	2	1.7060526315789475	16.67018327190878	92.97094963254872	2.2775989236069036	2.2581838777829453	150.98826879379146	0.46646188269635547	208.94730632394885	46.41733543989957
15	0	1.7060526315789475	16.67010091282269	92.97000000000003	2.2776416328535944	2.258172433874786	152.4501310171184	0.48062412939842386	208.94730632394885	46.41774444748143
15	-2	1.7060526315789475	16.67018327190878	92.96905036745126	2.2775989236069027	2.258183877782946	151.01263805954255	0.4664864302143024	208.94730632394885	46.41733543989956
15	5	1.7060526315789475	16.670617861553524	92.97237909753585	2.277373563884499	2.25824426273857	151.9019986758643	0.4746720401729297	208.94730632394885	46.41517720250106
15	-40	1.7060526315789475	16.70521199962462	92.94744948446713	2.2598255729705485	2.2655803493019335	189.52193044719004	1.0028140085955215	208.94730632394885	46.26006014704553
15	-5	1.7060526315789475	16.67061786155355	92.96762090246418	2.2773735638844963	2.2582442627385713	151.9317990971748	0.47470858060588267	208.94730632394885	46.41517720250109
15	-20	1.7060526315789475	16.67829404450421	92.96012145070881	2.2734087326415024	2.259466499444201	160.72259940452224	0.5708224615933976	208.94730632394885	46.37795218836061
10	20	1.7060526315789475	16.664722105263046	92.97988562604009	1.5006968205414586	2.087159775307429	160.40994563882583	0.5666088959451228	196.7584029510415	30.668577287763345
10	10	1.7060526315789475	16.66472210526304	92.97478913501149	1.5006968205414573	2.0857617258401704	153.86231790247257	0.500158143400352	196.7584029510415	30.66453161413741
10	5	1.7060526315789475	16.66472210526303	92.97237623884853	1.500696820541458	2.08543853598217	151.64673520765294	0.4789024559497826	196.7584029510415	30.663596367770744
10	-40	1.7060526315789475	16.664722105262967	92.94720960566755	1.5006968205414675	2.0950421959146848	196.75840295104123	1.0452281726968118	196.7584029510415	30.691387425677544
10	2	1.7060526315789475	16.664722105263046	92.9709484667584	1.5006968205414566	2.0853498015202923	151.71032809136534	0.47829177891276536	196.7584029510415	30.663339588106982
10	-5	1.7060526315789475	16.664722105263046	92.9676237611515	1.5006968205414577	2.0854385359821705	151.64673520765294	0.4789024559497826	196.7584029510415	30.663596367770765
10	0	1.7060526315789475	16.66472210526304	92.97000000000003	1.500696820541458	2.0853329854519074	151.5042091215436	0.47764195493582207	196.7584029510415	30.663290925791422
10	-2	1.7060526315789475	16.664722105263046	92.9690515332417	1.5006968205414568	2.0853498015202923	151.71032809136534	0.47829177891276536	196.7584029510415	30.663339588106986
5	40	1.7060526315789475	16.664722105263092	92.99252989006648	0.7446050437615873	1.9950870837540409	189.11064760587033	1.0179821831308882	189.1106476058704	15.259134342810441
10	-10	1.7060526315789475	16.66472210526304	92.96521086498852	1.5006968205414581	2.085761725840171	153.86231790247294	0.5001581434003524	196.7584029510415	30.664531614137424
5	20	1.7060526315789475	16.664722105263067	92.97977262897136	0.7446050437615882	1.9873838323622466	154.90879034742605	0.5595413416624124	189.1106476058704	15.247945938411387
10	-20	1.7060526315789475	16.66472210526313	92.9601143739599	1.5006968205414528	2.087159775307433	160.40994563882583	0.5666088959451228	196.7584029510415	30.66857728776342
5	10	1.7060526315789475	16.664722105263003	92.97473439308456	0.7446050437615912	1.9860175608777537	148.79645122037024	0.49603511809941575	189.1106476058704	15.245961529866218
5	5	1.7060526315789475	16.66472210526302	92.97234907738972	0.7446050437615914	1.9857017171988285	146.86407156685885	0.4758242312067206	189.1106476058704	15.245502790221511
5	2	1.7060526315789475	16.664722105263042	92.97093762536468	0.7446050437615892	1.9856149996914754	146.77729081893713	0.4755065933374404	189.1106476058704	15.245376839438975
5	-40	1.7060526315789475	16.66472210526311	92.94747010993356	0.7446050437615883	1.9950870837540413	189.11064760587033	1.0179821831308882	189.1106476058704	15.259134342810473
5	0	1.7060526315789475	16.664722105263042	92.97000000000001	0.7446050437615891	1.985598565856156	146.67715920122734	0.47518220225380003	189.1106476058704	15.245352970505452
5	-5	1.7060526315789475	16.66472210526307	92.96765092261029	0.7446050437615888	1.9857017171988298	146.86407156685885	0.4758242312067206	189.1106476058704	15.245502790221517
5	-2	1.7060526315789475	16.664722105263042	92.96906237463536	0.7446050437615892	1.9856149996914758	146.77729081893713	0.4755065933374404	189.1106476058704	15.245376839438975
2	40	1.7060526315789475	16.664722105263046	92.9924578377408	0.29720628990848	1.967643576879955	188.1820211357106	1.0294474934500182	188.18202113571078	6.094205723429502
5	-10	1.7060526315789475	16.66472210526307	92.96526560691547	0.7446050437615872	1.9860175608777568	148.79645122037024	0.49603511809941575	189.1106476058704	15.245961529866218
5	-20	1.7060526315789475	16.664722105263035	92.96022737102867	0.7446050437615884	1.9873838323622448	154.90879034742605	0.5595413416624124	189.1106476058704	15.247945938411357
2	10	1.7060526315789475	16.664722105263035	92.97471925213043	0.29720628990847875	1.958631971310348	146.96932275284232	0.4890863670108592	188.18202113571078	6.088964660013996
2	20	1.7060526315789475	16.664722105262967	92.9797413753503	0.29720628990847925	1.9599895178855244	152.75154836656986	0.5505475951851407	188.18202113571078	6.0897541960888795
2	5	1.7060526315789475	16.664722105263024	92.97234156485906	0.29720628990847947	1.9583181445859468	144.90897566434944	0.46945391196226344	188.18202113571078	6.088782141399385
2	2	1.7060526315789475	16.66472210526305	92.9709346267665	0.2972062899084795	1.958231980850225	144.84938043600636	0.4692608444662599	188.18202113571078	6.088732029396651
2	0	1.7060526315789475	16.66472210526305	92.97	0.29720628990847886	1.9582156519601692	144.80980158203897	0.46913262295519903	188.18202113571078	6.088722532670709
2	-2	1.7060526315789475	16.664722105263042	92.96906537323355	0.29720628990847975	1.9582319808502247	144.84938043600636	0.4692608444662599	188.18202113571078	6.088732029396652
2	-5	1.7060526315789475	16.664722105263056	92.96765843514096	0.2972062899084787	1.9583181445859474	144.90897566434944	0.46945391196226344	188.18202113571078	6.088782141399384
2	-10	1.7060526315789475	16.664722105263042	92.96528074786958	0.2972062899084799	1.9586319713103482	146.96932275284232	0.4890863670108592	188.18202113571078	6.088964660014018
2	-40	1.7060526315789475	16.66472210526319	92.94754216225924	0.29720628990847897	1.9676435768799625	188.18202113571078	1.029447493450019	188.18202113571078	6.094205723429543
0	40	1.7060526315789475	16.664722105263138	92.9924441570328	-0.0000000000000013557404923053883	1.9624427577336339	187.404022058532	1.0218515296573385	187.404022058532	-0.000000000000022593038551121936
2	-20	1.7060526315789475	16.664722105263106	92.96025862464968	0.2972062899084779	1.9599895178855324	152.75154836656984	0.5505475951851407	188.18202113571078	6.089754196088912
0	5	1.7060526315789475	16.664722105263035	92.97234013844106	0.0000000000000002265119250043415	1.9531286835818094	144.45726700345176	0.46799053540499036	187.404022058532	0.000000000000003774758283725532
0	20	1.7060526315789475	16.66472210526295	92.97973544116772	0.0000000000000007594811603086783	1.9547980211907103	152.26576792255727	0.5480669907336725	187.404022058532	0.000000000000012656542480726785
0	10	1.7060526315789475	16.664722105263007	92.97471637728954	0.0000000000000008793992382521508	1.953442128073144	146.40939223322815	0.48722302316135985	187.404022058532	0.000000000000014654943925052066
0	-40	1.7060526315789475	16.664722105263053	92.9475558429672	0.0000000000000014390169353216973	1.9624427577336299	187.404022058532	1.0218515296573385	187.404022058532	0.00000000000002398081733190338
-2	40	1.7060526315789475	16.664722105263042	92.9924578377408	-0.29720628990847864	1.9676435768799554	188.1820211357106	1.0294474934500182	188.18202113571078	-6.094205723429478
0	0	1.7060526315789475	16.664722105263053	92.97	0.000000000000000173215001473908	1.9530263157894736	144.45726700345176	0.46799053540499036	187.404022058532	0.000000000000002886579864025407
0	2	1.7060526315789475	16.664722105263035	92.97093405741708	0.00000000000000010659384706086658	1.953042624791351	144.45726700345176	0.46799053540499036	187.404022058532	0.0000000000000017763568394002505
0	-2	1.7060526315789475	16.664722105263042	92.9690659425829	0.00000000000000009326961617825822	1.9530426247913502	144.45726700345176	0.46799053540499036	187.404022058532	0.0000000000000015543122344752192
0	-5	1.7060526315789475	16.66472210526305	92.96765986155899	-0.00000000000000009993173161956233	1.9531286835818094	144.45726700345176	0.46799053540499036	187.404022058532	-0.0000000000000016653345369377348
-2	20	1.7060526315789475	16.664722105262964	92.97974137535033	-0.2972062899084803	1.9599895178855258	152.75154836656984	0.5505475951851407	188.18202113571078	-6.089754196088896
0	-20	1.7060526315789475	16.6647221052631	92.96026455883232	-0.0000000000000004530238500086812	1.954798021190717	152.26576792255727	0.5480669907336725	187.404022058532	-0.000000000000007549516567451064
0	-10	1.7060526315789475	16.66472210526304	92.96528362271049	-0.0000000000000004130511573608579	1.9534421280731462	146.40939223322815	0.48722302316135985	187.404022058532	-0.0000000000000068833827526759706
-2	5	1.7060526315789475	16.664722105263028	92.97234156485908	-0.29720628990848075	1.9583181445859463	144.90897566434944	0.46945391196226344	188.18202113571078	-6.088782141399407
-2	10	1.7060526315789475	16.66472210526303	92.97471925213041	-0.2972062899084787	1.9586319713103482	146.96932275284232	0.4890863670108592	188.18202113571078	-6.088964660013994
-2	0	1.7060526315789475	16.664722105263046	92.96999999999998	-0.29720628990847864	1.9582156519601692	144.80980158203897	0.46913262295519903	188.18202113571078	-6.088722532670705
-2	2	1.7060526315789475	16.664722105263046	92.97093462676646	-0.29720628990847886	1.958231980850225	144.84938043600636	0.4692608444662599	188.18202113571078	-6.088732029396638
-2	-2	1.7060526315789475	16.66472210526304	92.96906537323356	-0.29720628990847897	1.9582319808502242	144.84938043600636	0.4692608444662599	188.18202113571078	-6.088732029396637
-2	-40	1.7060526315789475	16.664722105263174	92.94754216225925	-0.2972062899084803	1.9676435768799612	188.18202113571078	1.029447493450019	188.18202113571078	-6.094205723429557
-2	-10	1.7060526315789475	16.66472210526304	92.96528074786957	-0.2972062899084794	1.9586319713103486	146.96932275284232	0.4890863670108592	188.18202113571078	-6.088964660014009
-15	40	1.7060526315789475	16.705211999624158	92.9925505155329	-2.2598255729706054	2.265580349301917	189.26594625629892	1.002409713402829	208.94730632394885	-46.260060147045095
-2	-5	1.7060526315789475	16.66472210526307	92.96765843514095	-0.2972062899084789	1.958318144585949	144.90897566434944	0.46945391196226344	188.18202113571078	-6.0887821413993946
-2	-20	1.7060526315789475	16.664722105263113	92.96025862464967	-0.29720628990847614	1.9599895178855329	152.75154836656986	0.5505475951851407	188.18202113571078	-6.089754196088885
-15	10	1.7060526315789475	16.672200269716164	92.9747944313707	-2.276553100086598	2.258464202963648	153.24205635628644	0.48656599742215595	208.94730632394885	-46.40731924535267
-15	20	1.7060526315789475	16.67829404450417	92.9798785492912	-2.27340873264151	2.259466499444201	160.8139589320192	0.5709116695161199	208.94730632394885	-46.37795218836062
-15	2	1.7060526315789475	16.670183271908776	92.97094963254875	-2.277598923606904	2.2581838777829457	150.98826879379138	0.46646188269635547	208.94730632394885	-46.41733543989956
-15	5	1.7060526315789475	16.670617861553517	92.97237909753585	-2.2773735638845007	2.2582442627385704	151.9019986758642	0.4746720401729293	208.94730632394885	-46.41517720250107
-15	-2	1.7060526315789475	16.670183271908776	92.96905036745129	-2.277598923606904	2.2581838777829457	151.01263805954292	0.4664864302143024	208.94730632394885	-46.41733543989956
-15	-5	1.7060526315789475	16.670617861553556	92.96762090246418	-2.2773735638844954	2.2582442627385717	151.93179909717486	0.47470858060588306	208.94730632394885	-46.4151772025011
-15	0	1.7060526315789475	16.67010091282269	92.97	-2.2776416328535944	2.2581724338747855	152.4501310171184	0.48062412939842386	208.94730632394885	-46.41774444748143
-15	-10	1.7060526315789475	16.672200269716125	92.96520556862934	-2.2765531000866033	2.2584642029636472	153.34666183074316	0.4866666841244127	208.94730632394885	-46.40731924535264
-15	-20	1.7060526315789475	16.678294044504174	92.96012145070884	-2.273408732641508	2.2594664994442004	160.7225994045222	0.5708224615933976	208.94730632394885	-46.37795218836059
-15	-40	1.7060526315789475	16.70521199962462	92.94744948446713	-2.2598255729705494	2.265580349301933	189.52193044719007	1.0028140085955215	208.94730632394885	-46.260060147045536
-15	-40	1.7060526315789475	16.70521199962462	92.94744948446713	-2.2598255729705494	2.265580349301933	189.52193044719007	1.0028140085955215	208.94730632394885	-46.260060147045536
-15	40	1.7060526315789475	16.705211999624158	92.9925505155329	-2.2598255729706054	2.265580349301917	189.26594625629892	1.002409713402829	208.94730632394885	-46.260060147045095
-15	5	1.7060526315789475	16.670617861553517	92.97237909753585	-2.2773735638845007	2.2582442627385704	151.9019986758642	0.4746720401729293	208.94730632394885	-46.41517720250107
-15	-5	1.7060526315789475	16.670617861553556	92.96762090246418	-2.2773735638844954	2.2582442627385717	151.93179909717486	0.47470858060588306	208.94730632394885	-46.4151772025011
-15	0	1.7060526315789475	16.67010091282269	92.97	-2.2776416328535944	2.2581724338747855	152.4501310171184	0.48062412939842386	208.94730632394885	-46.41774444748143
-15	2	1.7060526315789475	16.670183271908776	92.97094963254875	-2.277598923606904	2.2581838777829457	150.98826879379138	0.46646188269635547	208.94730632394885	-46.41733543989956
-15	10	1.7060526315789475	16.672200269716164	92.9747944313707	-2.276553100086598	2.258464202963648	153.24205635628644	0.48656599742215595	208.94730632394885	-46.40731924535267
-15	20	1.7060526315789475	16.67829404450417	92.9798785492912	-2.27340873264151	2.259466499444201	160.8139589320192	0.5709116695161199	208.94730632394885	-46.37795218836062
-15	-10	1.7060526315789475	16.672200269716125	92.96520556862934	-2.2765531000866033	2.2584642029636472	153.34666183074316	0.4866666841244127	208.94730632394885	-46.40731924535264
-15	-2	1.7060526315789475	16.670183271908776	92.96905036745129	-2.277598923606904	2.2581838777829457	151.01263805954292	0.4664864302143024	208.94730632394885	-46.41733543989956
-30	10	1.7060526315789475	19.504136746603766	92.97336825249211	-3.414614111378102	2.9390834002686894	85.73052186641287	0.40913793480979227	289.65465582679684	-86.33865523291583
-15	-20	1.7060526315789475	16.678294044504174	92.96012145070884	-2.273408732641508	2.2594664994442004	160.7225994045222	0.5708224615933976	208.94730632394885	-46.37795218836059
-30	40	1.7060526315789475	19.530378714586995	92.9860072035426	-3.406055628180385	2.9440246428467436	109.94216882333978	0.8466913926052556	289.65465582679684	-86.35831580079204
-30	20	1.7060526315789475	19.508089948226534	92.97695126300748	-3.4133233520227213	2.9398286205299766	89.36499151893014	0.4619818975998596	289.65465582679684	-86.34161698444609
-30	5	1.7060526315789475	19.503222877172814	92.97167131380505	-3.414912573232136	2.93891108323692	83.95613658171096	0.38498773974281064	289.65465582679684	-86.33797055896197
-30	2	1.7060526315789475	19.50297196672443	92.97066710717299	-3.414994523309016	2.9388637693379733	84.76594611643661	0.3960710784403649	289.65465582679684	-86.33778257603691
-30	0	1.7060526315789475	19.502924416683904	92.97000000000001	-3.4150100539062267	2.9388548027434918	84.50097097532347	0.39275525084336366	289.65465582679684	-86.33774695139168
-60	40	1.7060526315789475	35.70763775737222	92.97990057601405	-3.99918762857779	5.244724764383355	158.34793085322445	0.9621136695704847	158.34793085322465	-233.5871790527825
-60	20	1.7060526315789475	35.70763775737207	92.97429450191295	-4.003081566783934	5.244724764383352	130.0028250695449	0.5341839131859677	158.34793085322465	-233.65670072023872
-30	-40	1.7060526315789475	19.530378714587208	92.95399279645743	-3.406055628180372	2.944024642846757	110.10576574646684	0.8470843616895373	289.65465582679684	-86.35831580079291
-30	-20	1.7060526315789475	19.508089948226644	92.96304873699258	-3.4133233520227106	2.939828620529981	89.423980459174	0.46209208265784835	289.65465582679684	-86.34161698444645
-30	-5	1.7060526315789475	19.50322287717281	92.968328686195	-3.414912573232137	2.938911083236919	83.9872448596643	0.3850418659214937	289.65465582679684	-86.33797055896196
-30	-10	1.7060526315789475	19.5041367466038	92.96663174750795	-3.4146141113780994	2.9390834002686907	85.72748506136195	0.4091246674297296	289.65465582679684	-86.33865523291594
-30	-2	1.7060526315789475	19.502971966724424	92.969332892827	-3.414994523309018	2.938863769337973	84.75975053455355	0.3960627871855591	289.65465582679684	-86.33778257603691
-60	2	1.7060526315789475	35.70763775737209	92.97041203180169	-4.003975698984307	5.244724764383355	121.75403614981266	0.4392581308817013	158.34793085322465	-233.67266439459797
-60	-5	1.7060526315789475	35.70763775737209	92.96896771714421	-4.003931863907684	5.244724764383356	121.96498252063964	0.44155371624153733	158.34793085322465	-233.67188177107946
-60	10	1.7060526315789475	35.70763775737209	92.97208049033864	-4.003772207198326	5.24472476438335	124.03153043729667	0.4643786596857074	158.34793085322465	-233.66903128910764
-60	5	1.7060526315789475	35.70763775737211	92.97103228285586	-4.003931863907681	5.244724764383355	121.96498252063955	0.44155371624153733	158.34793085322465	-233.67188177107954
-60	-2	1.7060526315789475	35.707637757372105	92.96958796819833	-4.003975698984306	5.244724764383355	121.75403614981266	0.4392581308817013	158.34793085322465	-233.6726643945981
-60	0	1.7060526315789475	35.707637757372105	92.97000000000003	-4.003984006169931	5.244724764383353	121.56106957369927	0.43753573690015296	158.34793085322465	-233.67281270958554
-60	-10	1.7060526315789475	35.707637757372076	92.96791950966136	-4.003772207198328	5.244724764383354	124.03153043729667	0.4643786596857074	158.34793085322465	-233.66903128910772
-60	-20	1.7060526315789475	35.70763775737216	92.9657054980871	-4.003081566783932	5.244724764383355	130.0028250695445	0.5341839131859674	158.34793085322465	-233.65670072023934
-60	-40	1.7060526315789475	35.707637757372176	92.96009942398595	-3.9991876285777948	5.244724764383358	158.34793085322372	0.9621136695704805	158.34793085322465	-233.58717905278237
60	40	1.1373684210526316	33.08240972004485	92.98068622826729	4.134159415899081	5.144915021346527	158.34793085322465	0.9621136695704863	158.34793085322485	215.7868593953799
60	10	1.1373684210526316	33.08240972004481	92.97224558597753	4.1391078000717405	5.144915021346524	124.03153043729681	0.4643786596857079	158.34793085322485	215.8687116317056
60	2	1.1373684210526316	33.082409720044794	92.97044472825422	4.139327439784866	5.144915021346524	121.75403614981266	0.4392581308817013	158.34793085322485	215.8723447371957
60	20	1.1373684210526316	33.08240972004474	92.97463528866103	4.138362354442286	5.144915021346522	130.00282506954434	0.534183913185967	158.34793085322485	215.85638106283625
60	-2	1.1373684210526316	33.082409720044794	92.96955527174582	4.139327439784866	5.144915021346522	121.75403614981266	0.4392581308817013	158.34793085322485	215.87234473719565
60	-40	1.1373684210526316	33.0824097200448	92.95931377173274	4.134159415899085	5.144915021346525	158.34793085322437	0.9621136695704843	158.34793085322485	215.7868593953796
60	0	1.1373684210526316	33.08240972004479	92.97000000000003	4.139336406180531	5.144915021346523	121.56106957369927	0.43753573690015296	158.34793085322485	215.87249305218316
60	-20	1.1373684210526316	33.082409720044865	92.96536471133896	4.138362354442277	5.144915021346526	130.00282506954485	0.5341839131859674	158.34793085322485	215.85638106283707
30	40	1.1373684210526316	15.716650805115705	92.98784089390233	3.7333598442752898	2.7550554655774526	79.90465405513149	0.7698337593619966	289.65465582679684	72.46495360085434
60	5	1.1373684210526316	33.0824097200448	92.97111419883231	4.139280126210964	5.144915021346524	121.9649825206397	0.4415537162415375	158.34793085322485	215.87156211367716
60	-5	1.1373684210526316	33.0824097200448	92.96888580116772	4.139280126210963	5.144915021346526	121.96498252063955	0.44155371624153733	158.34793085322485	215.87156211367721
60	-10	1.1373684210526316	33.08240972004476	92.9677544140225	4.139107800071744	5.144915021346523	124.03153043729667	0.4643786596857074	158.34793085322485	215.86871163170528
30	20	1.1373684210526316	15.694362038755283	92.97774970704994	3.7414595941438487	2.750379072810472	64.71137996147533	0.41774530883867045	289.65465582679684	72.43557951500719
30	10	1.1373684210526316	15.690408837132473	92.97375532557979	3.742898592456783	2.749548266747137	61.97567573624122	0.3685566999077789	289.65465582679684	72.43036964013287
30	5	1.1373684210526316	15.689494967701522	92.97186339919047	3.7432313517342934	2.7493561480886908	61.13696363717207	0.3541030336482188	289.65465582679684	72.42916526306315
30	2	1.1373684210526316	15.689244057253145	92.97074378064123	3.743322720342601	2.7493033963980875	60.84903874758276	0.3493571731626752	289.65465582679684	72.42883459132783
30	0	1.1373684210526316	15.689196507212614	92.97000000000001	3.743340035937484	2.749293399234721	60.64745442961403	0.3461401579855107	289.65465582679684	72.42877192572533
30	-10	1.1373684210526316	15.690408837132505	92.96624467442025	3.742898592456781	2.749548266747138	61.9632051240148	0.36853203224743614	289.65465582679684	72.430369640133
30	-20	1.1373684210526316	15.694362038755328	92.96225029295007	3.7414595941438433	2.750379072810473	64.72187056424417	0.417776747498157	289.65465582679684	72.43557951500735
30	-2	1.1373684210526316	15.689244057253138	92.96925621935883	3.7433227203426016	2.7493033963980875	60.84903874758265	0.34935717316264514	289.65465582679684	72.42883459132781
15	40	1.1373684210526316	11.707338836388516	92.99717338173909	2.955728764020944	2.0764795346805602	118.59150509321346	0.8722096464782054	208.94730632394885	39.716528843416924
15	2	1.1373684210526316	11.659868956620324	92.97113547737005	2.9850433543782553	2.0686247138678673	88.63395980328983	0.3937080084437188	208.94730632394885	39.86194311835762
15	5	1.1373684210526316	11.660303546265066	92.97284465939536	2.984773894937844	2.0686969153073176	89.28920647089414	0.4020008014791435	208.94730632394885	39.8606118418008
10	40	1.1373684210526316	11.154052871111853	93.00298012372062	2.2178622160851753	1.8782689444639986	175.89894837771874	0.9713251778774097	196.7584029510415	28.000307643762287
30	-5	1.1373684210526316	15.689494967701533	92.96813660080953	3.7432313517342912	2.749356148088691	61.13696363717214	0.35410303364818485	289.65465582679684	72.42916526306317
30	-40	1.1373684210526316	15.716650805115838	92.95215910609768	3.7333598442752787	2.7550554655774597	79.87995839141789	0.76974618216593	289.65465582679684	72.46495360085487
15	20	1.1373684210526316	11.668733560614221	92.98182579898163	2.9795509879766904	2.0700963890097017	95.63419865397627	0.4847921446424572	208.94730632394885	39.83478821573928
15	0	1.1373684210526316	11.659786597534234	92.97000000000001	2.985094421902397	2.0686110303660143	88.19140858186717	0.38833406054400726	208.94730632394885	39.862195408585606
15	10	1.1373684210526316	11.661886414551029	92.97573242407942	2.9837926359001816	2.068959842874026	90.43633242138783	0.4161535202489808	208.94730632394885	39.85576304830809
15	-10	1.1373684210526316	11.661886414551	92.96426757592062	2.9837926359001856	2.0689598428740243	90.41553521375756	0.4161167633415107	208.94730632394885	39.855763048308035
15	-40	1.1373684210526316	11.70733883638881	92.94282661826095	2.9557287640208934	2.0764795346805704	118.48693628100165	0.8719532587888895	208.94730632394885	39.716528843417386
15	-2	1.1373684210526316	11.65986895662033	92.96886452262994	2.9850433543782535	2.068624713867867	88.64394291870298	0.393719775267534	208.94730632394885	39.86194311835764
15	-5	1.1373684210526316	11.660303546265096	92.96715534060462	2.9847738949378386	2.0686969153073185	89.28246962229468	0.4019984993563182	208.94730632394885	39.860611841800846
15	-20	1.1373684210526316	11.6687335606143	92.95817420101838	2.979550987976678	2.070096389009705	95.45692125895319	0.4844918990871211	208.94730632394885	39.83478821573942
10	20	1.1373684210526316	11.120918392673877	92.98455438754637	2.2424388634080046	1.8690749897407977	150.789320699337	0.5471641230408553	196.7584029510415	28.168537230637195
10	10	1.1373684210526316	11.11401152708643	92.97709011640298	2.2477525617143854	1.8674886542405331	147.6079671441659	0.49006685172037767	196.7584029510415	28.206140395492906
10	5	1.1373684210526316	11.112028906202058	92.97352315131478	2.249298323991068	1.8671466970342852	146.49278570892247	0.4722327970879947	196.7584029510415	28.21736449110319
10	-2	1.1373684210526316	11.111396474389663	92.96859363083288	2.2497934432192404	1.867058787615319	145.70876103561108	0.46432351751336043	196.7584029510415	28.221006790950813
10	2	1.1373684210526316	11.11139647438966	92.97140636916716	2.249793443219241	1.8670587876153184	145.69463101871116	0.4642970313512235	196.7584029510415	28.22100679095081
10	-5	1.1373684210526316	11.112028906202086	92.9664768486852	2.2492983239910633	1.8671466970342865	146.49278570892207	0.4722327970878956	196.7584029510415	28.217364491103215
10	0	1.1373684210526316	11.11127607346051	92.97	2.2498877171589693	1.8670421645761663	146.7319603761983	0.4753597387097186	196.7584029510415	28.22170051007971
5	40	1.1373684210526316	11.10981473684199	93.00379483509971	1.1169075656423888	1.7317753624731602	189.11064760587033	1.0179821831308882	189.1106476058704	14.038268169521414
10	-40	1.1373684210526316	11.154052871111688	92.93701987627944	2.2178622160852015	1.878268944463992	176.10133062937575	0.9717748847926747	196.7584029510415	28.00030764376215
10	-10	1.1373684210526316	11.114011527086475	92.96290988359706	2.247752561714376	1.8674886542405333	147.5692280851635	0.49005403252383534	196.7584029510415	28.20614039549292
5	20	1.1373684210526316	11.109814736842042	92.98465894345702	1.1169075656423815	1.7202204853854743	154.90879034742605	0.5595413416624124	189.1106476058704	14.027079765122357
10	-20	1.1373684210526316	11.120918392673866	92.95544561245363	2.2424388634080086	1.8690749897407974	150.88205696750472	0.5472703282946741	196.7584029510415	28.168537230637213
5	10	1.1373684210526316	11.109814736842	92.97710158962688	1.1169075656423868	1.7181710781587376	148.79645122037024	0.49603511809941575	189.1106476058704	14.025095356577209
5	0	1.1373684210526316	11.10981473684204	92.97000000000003	1.1169075656423824	1.7175425856263393	146.67715920122734	0.47518220225380003	189.1106476058704	14.024486797216438
5	5	1.1373684210526316	11.109814736842019	92.97352361608456	1.1169075656423866	1.7176973126403474	146.86407156685885	0.4758242312067206	189.1106476058704	14.0246366169325
5	2	1.1373684210526316	11.109814736842036	92.97140643804703	1.1169075656423837	1.7175672363793184	146.77729081893713	0.4755065933374404	189.1106476058704	14.024510666149972
5	-2	1.1373684210526316	11.109814736842036	92.968593561953	1.1169075656423828	1.7175672363793186	146.77729081893713	0.4755065933374404	189.1106476058704	14.024510666149963
5	-5	1.1373684210526316	11.109814736842033	92.96647638391548	1.116907565642385	1.717697312640348	146.86407156685885	0.4758242312067206	189.1106476058704	14.0246366169325
5	-40	1.1373684210526316	11.109814736842006	92.9362051649003	1.1169075656423921	1.7317753624731604	189.11064760587033	1.0179821831308882	189.1106476058704	14.038268169521471
2	40	1.1373684210526316	11.109814736841942	93.00368675661115	0.44580943486272706	1.690610102162034	188.18202113571078	1.029447493450019	188.18202113571078	5.6053381669650495
5	-20	1.1373684210526316	11.109814736842019	92.95534105654296	1.1169075656423837	1.7202204853854728	154.90879034742605	0.5595413416624124	189.1106476058704	14.027079765122354
5	-10	1.1373684210526316	11.109814736842072	92.96289841037314	1.1169075656423788	1.718171078158741	148.79645122037024	0.49603511809941575	189.1106476058704	14.025095356577213
2	5	1.1373684210526316	11.10981473684203	92.9735123472886	0.44580943486271923	1.6766219537210265	144.90897566434944	0.46945391196226344	188.18202113571078	5.5999145849349095
2	10	1.1373684210526316	11.109814736842033	92.97707887819563	0.4458094348627178	1.6770926938076283	146.96932275284232	0.4890863670108592	188.18202113571078	5.600097103549514
2	20	1.1373684210526316	11.109814736841983	92.9846120630255	0.44580943486271934	1.6791290136703971	152.75154836656986	0.5505475951851407	188.18202113571078	5.600886639624406
2	-40	1.1373684210526316	11.109814736842088	92.93631324338884	0.4458094348627195	1.6906101021620408	188.18202113571078	1.029447493450019	188.18202113571078	5.6053381669650415
2	2	1.1373684210526316	11.109814736842043	92.97140194014972	0.4458094348627182	1.6764927081174428	144.84938043600636	0.4692608444662599	188.18202113571078	5.599864472932159
2	0	1.1373684210526316	11.109814736842031	92.97	0.4458094348627203	1.6764682147823597	144.80980158203897	0.46913262295519903	188.18202113571078	5.599854976206247
2	-2	1.1373684210526316	11.109814736842033	92.96859805985032	0.44580943486271896	1.6764927081174423	144.84938043600636	0.4692608444662599	188.18202113571078	5.599864472932163
0	40	1.1373684210526316	11.109814736842056	93.0036662355492	-0.0000000000000003672491137018908	1.6828088734425513	187.404022058532	1.0218515296573385	187.404022058532	-0.00000000000000408006961549745
2	-5	1.1373684210526316	11.109814736842022	92.9664876527114	0.44580943486271873	1.6766219537210256	144.90897566434944	0.46945391196226344	188.18202113571078	5.5999145849349
2	-10	1.1373684210526316	11.10981473684204	92.96292112180437	0.44580943486271946	1.6770926938076292	146.96932275284232	0.4890863670108592	188.18202113571078	5.600097103549536
2	-20	1.1373684210526316	11.109814736842054	92.95538793697452	0.44580943486271785	1.6791290136704007	152.75154836656984	0.5505475951851407	188.18202113571078	5.600886639624427
0	20	1.1373684210526316	11.109814736841956	92.9846031617515	0.0000000000000005371330574551512	1.671341768628172	152.26576792255727	0.5480669907336725	187.404022058532	0.0000000000000059674487573602164
0	10	1.1373684210526316	11.10981473684201	92.97707456593433	0.000000000000000589597216555419	1.6693079289518244	146.40939223322815	0.48722302316135985	187.404022058532	0.0000000000000065503158452884236
0	5	1.1373684210526316	11.109814736842011	92.97351020766153	-0.0000000000000005396313507456376	1.6688377622148172	144.45726700345176	0.46799053540499036	187.404022058532	-0.000000000000005995204332975845
0	2	1.1373684210526316	11.109814736842013	92.97140108612567	0.0000000000000005096518312597688	1.6687086740291308	144.45726700345176	0.46799053540499036	187.404022058532	0.000000000000005662137425588299
-2	40	1.1373684210526316	11.109814736841932	93.00368675661116	-0.445809434862724	1.6906101021620332	188.18202113571078	1.029447493450019	188.18202113571078	-5.6053381669650095
0	-40	1.1373684210526316	11.109814736841953	92.9363337644508	-0.0000000000000012841227513113852	1.6828088734425461	187.404022058532	1.0218515296573385	187.404022058532	-0.00000000000001426636586643326
0	-5	1.1373684210526316	11.109814736842031	92.96648979233845	0.0000000000000001199180779434748	1.6688377622148187	144.45726700345176	0.46799053540499036	187.404022058532	0.0000000000000013322676295501877
0	-2	1.1373684210526316	11.109814736842038	92.96859891387439	-0.0000000000000000349761060668468	1.6687086740291317	144.45726700345176	0.46799053540499036	187.404022058532	-0.0000000000000003885780586188048
0	0	1.1373684210526316	11.10981473684203	92.97000000000001	0.0000000000000001099249047815186	1.6686842105263155	144.45726700345176	0.46799053540499036	187.404022058532	0.0000000000000012212453270876722
0	-10	1.1373684210526316	11.109814736842047	92.96292543406571	-0.0000000000000000999317316195622	1.6693079289518258	146.40939223322815	0.48722302316135985	187.404022058532	-0.0000000000000011102230246251565
0	-20	1.1373684210526316	11.10981473684207	92.95539683824849	0.000000000000000399726926478248	1.6713417686281777	152.26576792255727	0.5480669907336725	187.404022058532	0.000000000000004440892098500626
-2	10	1.1373684210526316	11.109814736842038	92.97707887819564	-0.44580943486271873	1.6770926938076285	146.96932275284232	0.4890863670108592	188.18202113571078	-5.600097103549527
-2	20	1.1373684210526316	11.109814736841985	92.98461206302548	-0.4458094348627188	1.6791290136703971	152.75154836656984	0.5505475951851407	188.18202113571078	-5.600886639624401
-2	5	1.1373684210526316	11.109814736842027	92.9735123472886	-0.44580943486271946	1.6766219537210267	144.90897566434944	0.46945391196226344	188.18202113571078	-5.59991458493491
-2	-40	1.1373684210526316	11.109814736842067	92.93631324338884	-0.4458094348627219	1.6906101021620386	188.18202113571078	1.029447493450019	188.18202113571078	-5.605338166965057
-2	2	1.1373684210526316	11.109814736842038	92.97140194014972	-0.4458094348627188	1.6764927081174423	144.84938043600636	0.4692608444662599	188.18202113571078	-5.599864472932163
-2	0	1.1373684210526316	11.109814736842031	92.96999999999997	-0.4458094348627194	1.6764682147823589	144.80980158203897	0.46913262295519903	188.18202113571078	-5.599854976206237
-2	-2	1.1373684210526316	11.109814736842026	92.96859805985034	-0.44580943486271923	1.6764927081174419	144.84938043600636	0.4692608444662599	188.18202113571078	-5.599864472932162
-2	-5	1.1373684210526316	11.109814736842024	92.96648765271141	-0.44580943486271857	1.6766219537210258	144.90897566434944	0.46945391196226344	188.18202113571078	-5.599914584934898
-2	-20	1.1373684210526316	11.109814736842056	92.95538793697452	-0.4458094348627157	1.6791290136704011	152.75154836656986	0.5505475951851407	188.18202113571078	-5.600886639624404
-15	40	1.1373684210526316	11.707338836388502	92.99717338173906	-2.955728764020944	2.07647953468056	118.59150509321402	0.87220964647821	208.94730632394885	-39.716528843416874
-2	-10	1.1373684210526316	11.10981473684204	92.9629211218044	-0.4458094348627189	1.6770926938076292	146.96932275284232	0.4890863670108592	188.18202113571078	-5.60009710354953
-15	20	1.1373684210526316	11.668733560614225	92.98182579898163	-2.9795509879766904	2.0700963890097026	95.63419865397657	0.4847921446424587	208.94730632394885	-39.8347882157393
-15	-5	1.1373684210526316	11.660303546265096	92.96715534060466	-2.984773894937839	2.0686969153073194	89.28246962229467	0.40199849935631854	208.94730632394885	-39.86061184180086
-15	10	1.1373684210526316	11.661886414551022	92.97573242407942	-2.9837926359001816	2.068959842874026	90.43633242138753	0.41615352024897967	208.94730632394885	-39.85576304830807
-15	5	1.1373684210526316	11.660303546265066	92.9728446593954	-2.984773894937844	2.0686969153073185	89.28920647089403	0.4020008014791429	208.94730632394885	-39.860611841800804
-15	2	1.1373684210526316	11.659868956620326	92.97113547737004	-2.9850433543782557	2.0686247138678677	88.63395980328983	0.3937080084437188	208.94730632394885	-39.86194311835764
-15	0	1.1373684210526316	11.659786597534232	92.97000000000001	-2.9850944219023967	2.0686110303660135	88.19140858186717	0.38833406054400726	208.94730632394885	-39.86219540858559
-15	-2	1.1373684210526316	11.659868956620326	92.96886452262997	-2.9850433543782544	2.0686247138678673	88.64394291870299	0.393719775267534	208.94730632394885	-39.86194311835763
-15	-10	1.1373684210526316	11.661886414550992	92.9642675759206	-2.983792635900186	2.0689598428740243	90.4155352137573	0.4161167633415096	208.94730632394885	-39.85576304830801
-15	-40	1.1373684210526316	11.70733883638882	92.94282661826097	-2.955728764020891	2.076479534680572	118.48693628100098	0.8719532587888849	208.94730632394885	-39.716528843417386
-15	40	1.1373684210526316	11.707338836388502	92.99717338173906	-2.955728764020944	2.07647953468056	118.59150509321402	0.87220964647821	208.94730632394885	-39.716528843416874
-15	-40	1.1373684210526316	11.70733883638882	92.94282661826097	-2.955728764020891	2.076479534680572	118.48693628100098	0.8719532587888849	208.94730632394885	-39.716528843417386
-15	-20	1.1373684210526316	11.668733560614285	92.95817420101838	-2.97955098797668	2.0700963890097044	95.45692125895334	0.4844918990871221	208.94730632394885	-39.8347882157394
-15	10	1.1373684210526316	11.661886414551022	92.97573242407942	-2.9837926359001816	2.068959842874026	90.43633242138753	0.41615352024897967	208.94730632394885	-39.85576304830807
-30	40	1.1373684210526316	15.716650805115709	92.98784089390229	-3.7333598442752898	2.7550554655774517	79.90465405513133	0.7698337593619957	289.65465582679684	-72.46495360085436
-15	5	1.1373684210526316	11.660303546265066	92.9728446593954	-2.984773894937844	2.0686969153073185	89.28920647089403	0.4020008014791429	208.94730632394885	-39.860611841800804
-15	20	1.1373684210526316	11.668733560614225	92.98182579898163	-2.9795509879766904	2.0700963890097026	95.63419865397657	0.4847921446424587	208.94730632394885	-39.8347882157393
-15	-10	1.1373684210526316	11.661886414550992	92.9642675759206	-2.983792635900186	2.0689598428740243	90.4155352137573	0.4161167633415096	208.94730632394885	-39.85576304830801
-15	0	1.1373684210526316	11.659786597534232	92.97000000000001	-2.9850944219023967	2.0686110303660135	88.19140858186717	0.38833406054400726	208.94730632394885	-39.86219540858559
-15	-2	1.1373684210526316	11.659868956620326	92.96886452262997	-2.9850433543782544	2.0686247138678673	88.64394291870299	0.393719775267534	208.94730632394885	-39.86194311835763
-15	-5	1.1373684210526316	11.660303546265096	92.96715534060466	-2.984773894937839	2.0686969153073194	89.28246962229467	0.40199849935631854	208.94730632394885	-39.86061184180086
-15	2	1.1373684210526316	11.659868956620326	92.97113547737004	-2.9850433543782557	2.0686247138678677	88.63395980328983	0.3937080084437188	208.94730632394885	-39.86194311835764
-15	-20	1.1373684210526316	11.668733560614285	92.95817420101838	-2.97955098797668	2.0700963890097044	95.45692125895334	0.4844918990871221	208.94730632394885	-39.8347882157394
-30	20	1.1373684210526316	15.694362038755273	92.97774970704994	-3.7414595941438487	2.7503790728104707	64.71137996147549	0.41774530883867156	289.65465582679684	-72.43557951500713
-30	10	1.1373684210526316	15.690408837132484	92.97375532557977	-3.742898592456782	2.7495482667471376	61.975675736241264	0.36855669990777923	289.65465582679684	-72.43036964013291
-60	40	1.1373684210526316	33.08240972004482	92.98068622826729	-4.1341594158990835	5.144915021346523	158.34793085322409	0.9621136695704826	158.34793085322465	-215.78685939537965
-30	-40	1.1373684210526316	15.716650805115833	92.95215910609771	-3.7333598442752804	2.7550554655774597	79.87995839141792	0.76974618216593	289.65465582679684	-72.46495360085487
-30	-10	1.1373684210526316	15.690408837132502	92.96624467442025	-3.742898592456781	2.749548266747138	61.96320512401482	0.36853203224743614	289.65465582679684	-72.43036964013298
-30	-20	1.1373684210526316	15.694362038755324	92.96225029295007	-3.7414595941438424	2.7503790728104724	64.72187056424431	0.4177767474981579	289.65465582679684	-72.43557951500732
-60	0	1.1373684210526316	33.08240972004478	92.97000000000001	-4.13933640618053	5.144915021346524	121.56106957369927	0.43753573690015296	158.34793085322465	-215.87249305218316
-60	10	1.1373684210526316	33.08240972004479	92.97224558597753	-4.139107800071741	5.144915021346521	124.03153043729667	0.4643786596857074	158.34793085322465	-215.8687116317054
-30	2	1.1373684210526316	15.689244057253145	92.97074378064121	-3.743322720342602	2.7493033963980875	60.849038747582775	0.3493571731626752	289.65465582679684	-72.42883459132784
-60	20	1.1373684210526316	33.082409720044744	92.97463528866103	-4.138362354442287	5.14491502134652	130.00282506954485	0.5341839131859674	158.34793085322465	-215.85638106283628
-30	-5	1.1373684210526316	15.68949496770153	92.96813660080953	-3.743231351734291	2.7493561480886917	61.13696363717202	0.35410303364818424	289.65465582679684	-72.42916526306315
-30	5	1.1373684210526316	15.689494967701533	92.97186339919045	-3.743231351734292	2.7493561480886903	61.136963637172165	0.35410303364821943	289.65465582679684	-72.42916526306318
-30	0	1.1373684210526316	15.68919650721261	92.96999999999998	-3.7433400359374835	2.7492933992347197	60.64745442961403	0.3461401579855107	289.65465582679684	-72.42877192572529
-60	5	1.1373684210526316	33.08240972004481	92.97111419883225	-4.139280126210961	5.144915021346522	121.96498252063955	0.44155371624153733	158.34793085322465	-215.87156211367713
-30	-2	1.1373684210526316	15.689244057253138	92.9692562193588	-3.7433227203426016	2.749303396398088	60.84903874758268	0.34935717316264525	289.65465582679684	-72.42883459132781
-60	2	1.1373684210526316	33.082409720044794	92.97044472825421	-4.139327439784866	5.144915021346524	121.75403614981266	0.4392581308817013	158.34793085322465	-215.8723447371957
-60	-2	1.1373684210526316	33.08240972004478	92.96955527174583	-4.139327439784868	5.144915021346523	121.75403614981266	0.4392581308817013	158.34793085322465	-215.87234473719562
-60	-5	1.1373684210526316	33.0824097200448	92.96888580116773	-4.139280126210962	5.144915021346524	121.96498252063964	0.44155371624153733	158.34793085322465	-215.87156211367713
-60	-40	1.1373684210526316	33.08240972004479	92.95931377173275	-4.134159415899087	5.144915021346525	158.34793085322394	0.9621136695704818	158.34793085322465	-215.78685939537954
60	40	0.5686842105263158	30.45718168271755	92.9816073176298	4.26409864192588	5.027899265058154	158.34793085322474	0.9621136695704868	158.34793085322485	197.55556920081577
-60	-10	1.1373684210526316	33.082409720044794	92.96775441402247	-4.139107800071742	5.144915021346524	124.03153043729667	0.4643786596857074	158.34793085322465	-215.86871163170554
-60	-20	1.1373684210526316	33.08240972004485	92.96536471133896	-4.13836235444228	5.1449150213465265	130.0028250695445	0.5341839131859674	158.34793085322465	-215.85638106283704
60	20	0.5686842105263158	30.45718168271745	92.97503482299358	4.2686638487911415	5.027899265058152	130.00282506954426	0.5341839131859666	158.34793085322485	197.6250908682723
60	10	0.5686842105263158	30.45718168271749	92.97243914214206	4.269473547403265	5.027899265058154	124.03153043729681	0.4643786596857079	158.34793085322485	197.63742143714146
60	5	0.5686842105263158	30.457181682717486	92.97121023614939	4.269660727031458	5.027899265058152	121.9649825206397	0.4415537162415375	158.34793085322485	197.64027191911296
60	2	0.5686842105263158	30.45718168271748	92.97048306118646	4.269712118754221	5.027899265058152	121.75403614981266	0.4392581308817013	158.34793085322485	197.64105454263148
60	-40	0.5686842105263158	30.45718168271749	92.95839268237019	4.264098641925884	5.027899265058154	158.34793085322437	0.9621136695704843	158.34793085322485	197.55556920081543
60	0	0.5686842105263158	30.457181682717472	92.96999999999998	4.2697218579999	5.027899265058151	121.56106957369947	0.4375357369001536	158.34793085322485	197.641202857619
60	-5	0.5686842105263158	30.457181682717486	92.96878976385068	4.269660727031458	5.027899265058153	121.96498252063955	0.44155371624153733	158.34793085322485	197.640271919113
60	-10	0.5686842105263158	30.457181682717472	92.96756085785792	4.269473547403267	5.027899265058151	124.03153043729672	0.46437865968570763	158.34793085322485	197.63742143714128
60	-2	0.5686842105263158	30.45718168271748	92.96951693881358	4.269712118754223	5.027899265058152	121.75403614981266	0.4392581308817013	158.34793085322485	197.64105454263154
60	-20	0.5686842105263158	30.457181682717536	92.96496517700648	4.268663848791134	5.0278992650581555	130.00282506954485	0.5341839131859674	158.34793085322485	197.62509086827282
30	40	0.5686842105263158	12.317432585748726	92.99014798538187	4.060399239900185	2.566239182477806	55.75093516150521	0.6873889634585205	289.65465582679684	59.11786852656834
30	20	0.5686842105263158	12.295143819388308	92.97875529020645	4.069545574617071	2.5609585436669153	44.90498594600467	0.36983403092632494	289.65465582679684	59.075819171219905
30	-20	0.5686842105263158	12.295143819388366	92.96124470979359	4.069545574617063	2.560958543666918	44.913031114048984	0.369864465134824	289.65465582679684	59.075819171220125
30	-40	0.5686842105263158	12.31743258574891	92.9498520146182	4.060399239900169	2.5662391824778186	55.64237830025766	0.6868994888422014	289.65465582679684	59.117868526569126
15	40	0.5686842105263158	7.590168773531282	93.00371057485754	3.656116956602988	1.8888110840899062	62.45203963317216	0.6986406981130721	208.94730632394885	30.515499914488824
30	5	0.5686842105263158	12.290276748334545	92.9721053699063	4.071547220635856	2.559802892799147	42.26868168304595	0.3104564241964028	289.65465582679684	59.06663709281604
30	10	0.5686842105263158	12.291190617765508	92.97424290304707	4.071171259112929	2.5600199542856132	42.6505403733387	0.3184913996148781	289.65465582679684	59.068361173001676
30	2	0.5686842105263158	12.290025837886162	92.9708403675999	4.071650453779913	2.559743291115636	42.044075565993616	0.3057684560671245	289.65465582679684	59.066163732270475
30	-5	0.5686842105263158	12.290276748334556	92.96789463009372	4.071547220635856	2.5598028927991474	42.27572305889092	0.310468673164473	289.65465582679684	59.0666370928161
30	-2	0.5686842105263158	12.290025837886164	92.96915963240014	4.071650453779913	2.559743291115636	42.04873565946405	0.30577055116949325	289.65465582679684	59.06616373227048
30	0	0.5686842105263158	12.289978287845635	92.97000000000003	4.071670017968743	2.559731995725949	42.50573407981876	0.3161368911825445	289.65465582679684	59.06607402571073
15	10	0.5686842105263158	7.544716351693746	92.9771265594991	3.6909288283487673	1.8794832711686076	47.234924341168714	0.3370205928359506	208.94730632394885	30.56824477598961
30	-10	0.5686842105263158	12.291190617765528	92.96575709695296	4.071171259112927	2.560019954285614	42.68135988064011	0.31858470956767354	289.65465582679684	59.06836117300176
15	-40	0.5686842105263158	7.590168773531528	92.93628942514243	3.65611695660294	1.8888110840899195	62.41041515512817	0.6984803942408412	208.94730632394885	30.51549991448949
15	5	0.5686842105263158	7.5431334834078	92.97353674746104	3.692148701755356	1.879156407074443	46.47204893917789	0.322872331974899	208.94730632394885	30.57008160151257
15	2	0.5686842105263158	7.542698893763045	92.97141176072344	3.69248371772207	1.8790666398167113	46.04902938665341	0.31465051010406	208.94730632394885	30.57058591722769
15	-2	0.5686842105263158	7.542698893763043	92.96858823927658	3.6924837177220704	1.8790666398167117	46.055291891335	0.3146615920736017	208.94730632394885	30.57058591722769
15	20	0.5686842105263158	7.5515634977569555	92.98469714743544	3.685657810426863	1.880895636164072	49.585218375461636	0.38301034423261665	208.94730632394885	30.560299065812217
10	40	0.5686842105263158	6.367485493176374	93.0143964274372	3.2534333166153204	1.6900899990207623	86.66434835256463	0.7674951143864989	196.7584029510415	22.27020029820267
15	0	0.5686842105263158	7.542616534676955	92.97000000000001	3.692547210951199	1.879049626857242	46.379796069395155	0.32202505570288154	208.94730632394885	30.57068149010178
10	10	0.5686842105263158	6.301038497692808	92.97942777254165	3.3217527882029554	1.6780434328721163	63.061675338945804	0.3607485118155786	196.7584029510415	22.448565458462785
15	-5	0.5686842105263158	7.543133483407811	92.96646325253894	3.692148701755355	1.8791564070744446	46.46780984954553	0.3228700451214758	208.94730632394885	30.570081601512612
10	5	0.5686842105263158	6.298724499063156	92.97467952344236	3.3241579682860434	1.6776193347300052	62.60036486006279	0.35540231367605274	196.7584029510415	22.454776976883014
10	20	0.5686842105263158	6.311048355586931	92.98942973236484	3.3113688159548555	1.6798744073463856	67.18533980160775	0.4213625257489904	196.7584029510415	22.42169577241488
10	2	0.5686842105263158	6.298089171505368	92.97186800251966	3.324818639710171	1.6775028405325494	62.71645881111084	0.35778501487423925	196.7584029510415	22.4564824008957
15	-20	0.5686842105263158	7.5515634977570345	92.9553028525646	3.685657810426845	1.8808956361640763	49.5806094489405	0.3829960381456301	208.94730632394885	30.560299065812416
5	40	0.5686842105263158	5.6292914203449484	93.03306402264968	2.1291848794524926	1.5040414412556469	161.14063807077952	0.9276190802439271	189.1106476058704	12.678113023088015
15	-10	0.5686842105263158	7.544716351693726	92.96287344050091	3.6909288283487722	1.8794832711686074	47.202149050119964	0.33694516351375087	208.94730632394885	30.56824477598956
10	-2	0.5686842105263158	6.298089171505368	92.96813199748041	3.3248186397101716	1.677502840532549	62.706589752006536	0.3577478201582829	196.7584029510415	22.4564824008957
10	-5	0.5686842105263158	6.298724499063189	92.96532047655765	3.3241579682860367	1.6776193347300068	62.59782074410026	0.3554016717057357	196.7584029510415	22.454776976883092
10	-40	0.5686842105263158	6.367485493176316	92.92560357256276	3.2534333166153426	1.6900899990207607	86.69597622673066	0.7675794804046305	196.7584029510415	22.27020029820261
10	0	0.5686842105263158	6.29796877057622	92.97	3.3249438585794855	1.6774807610673947	62.65706841729683	0.35760985790496436	196.7584029510415	22.456805595810195
10	-10	0.5686842105263158	6.3010384976928036	92.96057222745837	3.321752788202958	1.6780434328721174	63.16298969629669	0.3609938337741036	196.7584029510415	22.448565458462788
5	20	0.5686842105263158	5.570451924644528	92.99847839039175	2.2103116895682384	1.486233153177497	141.43645654055393	0.5306232062163297	189.1106476058704	12.987144024087845
5	-2	0.5686842105263158	5.555463525376297	92.96720894524879	2.232936989612047	1.4820693607840625	143.34843812989538	0.4713174582063352	189.1106476058704	13.075399208811623
5	10	0.5686842105263158	5.5593096842013425	92.98398196137887	2.226987765653233	1.4829976041411823	141.33182441375894	0.4828221570966827	189.1106476058704	13.051953604343918
5	5	0.5686842105263158	5.556428269090037	92.97697615693525	2.2314293996945636	1.482260826242028	141.96800256203446	0.46851256567163774	189.1106476058704	13.06941762301971
5	2	0.5686842105263158	5.555463525376295	92.97279105475126	2.2329369896120483	1.4820693607840625	143.39760418380024	0.4713541667182156	189.1106476058704	13.075399208811627
5	0	0.5686842105263158	5.555230492316865	92.97	2.2333032433098894	1.4820364632658047	142.28657268504526	0.46095825231294385	189.1106476058704	13.07686169302882
10	-20	0.5686842105263158	6.31104835558695	92.95057026763516	3.311368815954854	1.6798744073463867	67.22066972912386	0.42141840060067093	196.7584029510415	22.42169577241494
5	-10	0.5686842105263158	5.559309684201457	92.95601803862114	2.2269877656531887	1.4829976041411865	141.15675950765916	0.4826246252017061	189.1106476058704	13.051953604343943
5	-5	0.5686842105263158	5.556428269090063	92.96302384306475	2.2314293996945542	1.4822608262420287	141.9680025620343	0.46851256567142435	189.1106476058704	13.069417623019719
5	-40	0.5686842105263158	5.629291420345008	92.90693597735034	2.129184879452477	1.5040414412556489	160.62443247065434	0.9259796523677258	189.1106476058704	12.678113023088063
2	40	0.5686842105263158	5.5549073684210155	93.03737351322229	0.8916188697254387	1.4281938885346015	188.18202113571078	1.029447493450019	188.18202113571078	5.22671770567608
5	-20	0.5686842105263158	5.570451924644581	92.94152160960827	2.210311689568216	1.4862331531774986	141.5264532386424	0.5307714181939936	189.1106476058704	12.987144024087845
2	20	0.5686842105263158	5.554907368420954	92.99922412605099	0.8916188697254458	1.4052317115513238	152.75154836656986	0.5505475951851407	188.18202113571078	5.222266178335484
2	-40	0.5686842105263158	5.554907368421067	92.90262648677773	0.8916188697254359	1.4281938885346042	188.1820211357106	1.0294474934500182	188.18202113571078	5.226717705676114
0	40	0.5686842105263158	5.554907368421045	93.03733247109844	-0.00000000000000586349435277779	1.412591431095627	187.404022058532	1.0218515296573385	187.404022058532	-0.00000000000003257116798494053
2	5	0.5686842105263158	5.554907368420999	92.9770246945772	0.8916188697254435	1.400217591652578	144.90897566434944	0.46945391196226344	188.18202113571078	5.221294123645991
2	10	0.5686842105263158	5.554907368421004	92.98415775639128	0.891618869725439	1.4011590718257825	146.96932275284232	0.4890863670108592	188.18202113571078	5.2214766422605905
2	0	0.5686842105263158	5.554907368421011	92.97000000000001	0.8916188697254401	1.399910113775245	144.80980158203897	0.46913262295519903	188.18202113571078	5.22123451491731
2	2	0.5686842105263158	5.554907368421016	92.97280388029941	0.8916188697254374	1.39995910044541	144.84938043600636	0.4692608444662599	188.18202113571078	5.221244011643229
2	-2	0.5686842105263158	5.554907368421018	92.9671961197006	0.8916188697254372	1.3999591004454102	144.84938043600636	0.4692608444662599	188.18202113571078	5.22124401164323
2	-5	0.5686842105263158	5.554907368421017	92.96297530542282	0.8916188697254357	1.4002175916525792	144.90897566434944	0.46945391196226344	188.18202113571078	5.221294123645966
2	-10	0.5686842105263158	5.554907368421007	92.95584224360877	0.8916188697254399	1.4011590718257827	146.96932275284232	0.4890863670108592	188.18202113571078	5.2214766422605985
2	-20	0.5686842105263158	5.554907368421065	92.94077587394904	0.8916188697254279	1.405231711551329	152.75154836656984	0.5505475951851407	188.18202113571078	5.22226617833549
0	20	0.5686842105263158	5.5549073684209205	92.999206323503	0.0000000000000004284572993188809	1.389657221466874	152.26576792255727	0.5480669907336725	187.404022058532	0.0000000000000023800406090401793
0	10	0.5686842105263158	5.554907368421011	92.9841491318686	-0.0000000000000005621159903600387	1.385589542114176	146.40939223322815	0.48722302316135985	187.404022058532	-0.0000000000000031225022567582528
0	5	0.5686842105263158	5.554907368421004	92.97702041532305	-0.00000000000000012241637123396412	1.3846492086401632	144.45726700345176	0.46799053540499036	187.404022058532	-0.0000000000000006800116025829084
0	2	0.5686842105263158	5.554907368420997	92.97280217225132	-0.0000000000000003322730076350459	1.3843910322687891	144.45726700345176	0.46799053540499036	187.404022058532	-0.0000000000000018457457784393227
0	0	0.5686842105263158	5.554907368421011	92.97000000000001	0.0000000000000000699522121336937	1.3843421052631577	144.45726700345176	0.46799053540499036	187.404022058532	0.0000000000000003885780586188048
-2	40	0.5686842105263158	5.5549073684210155	93.03737351322232	-0.8916188697254358	1.428193888534602	188.18202113571078	1.029447493450019	188.18202113571078	-5.226717705676064
0	-2	0.5686842105263158	5.5549073684210235	92.96719782774875	-0.0000000000000003897337533162926	1.3843910322687898	144.45726700345176	0.46799053540499036	187.404022058532	-0.0000000000000021649348980190553
0	-5	0.5686842105263158	5.554907368421019	92.96297958467693	-0.0000000000000005071535379692786	1.3846492086401643	144.45726700345176	0.46799053540499036	187.404022058532	-0.0000000000000028171909249863347
0	-40	0.5686842105263158	5.554907368420961	92.90266752890163	0.0000000000000001923685833676594	1.4125914310956236	187.404022058532	1.0218515296573385	187.404022058532	0.0000000000000010685896612017132
0	-10	0.5686842105263158	5.554907368421048	92.95585086813138	-0.00000000000000017987711691521115	1.385589542114178	146.40939223322815	0.48722302316135985	187.404022058532	-0.0000000000000009992007221626409
0	-20	0.5686842105263158	5.554907368421109	92.94079367649698	0.0000000000000017388121301803557	1.389657221466883	152.26576792255727	0.5480669907336725	187.404022058532	0.000000000000009658940314238862
-2	10	0.5686842105263158	5.554907368421008	92.98415775639128	-0.891618869725437	1.4011590718257831	146.96932275284232	0.4890863670108592	188.18202113571078	-5.221476642260583
-2	20	0.5686842105263158	5.554907368420959	92.99922412605102	-0.8916188697254428	1.4052317115513238	152.75154836656984	0.5505475951851407	188.18202113571078	-5.222266178335471
-2	5	0.5686842105263158	5.554907368421005	92.97702469457722	-0.89161886972544	1.4002175916525785	144.90897566434944	0.46945391196226344	188.18202113571078	-5.221294123645978
-2	0	0.5686842105263158	5.554907368421008	92.97000000000001	-0.8916188697254395	1.399910113775245	144.80980158203897	0.46913262295519903	188.18202113571078	-5.221234514917303
-2	-40	0.5686842105263158	5.554907368421042	92.90262648677772	-0.8916188697254424	1.4281938885346024	188.18202113571078	1.029447493450019	188.18202113571078	-5.226717705676125
-2	2	0.5686842105263158	5.55490736842102	92.97280388029942	-0.8916188697254361	1.3999591004454108	144.84938043600636	0.4692608444662599	188.18202113571078	-5.221244011643226
-2	-2	0.5686842105263158	5.554907368421019	92.96719611970066	-0.8916188697254379	1.3999591004454104	144.84938043600636	0.4692608444662599	188.18202113571078	-5.221244011643234
-2	-5	0.5686842105263158	5.55490736842103	92.96297530542283	-0.891618869725436	1.40021759165258	144.90897566434944	0.46945391196226344	188.18202113571078	-5.221294123645979
-2	-10	0.5686842105263158	5.554907368421011	92.95584224360876	-0.8916188697254405	1.4011590718257834	146.96932275284232	0.4890863670108592	188.18202113571078	-5.221476642260606
-15	40	0.5686842105263158	7.59016877353128	93.00371057485756	-3.6561169566029825	1.8888110840899055	62.45203963317265	0.6986406981130773	208.94730632394885	-30.515499914488785
-2	-20	0.5686842105263158	5.554907368421073	92.94077587394902	-0.8916188697254246	1.4052317115513282	152.75154836656986	0.5505475951851407	188.18202113571078	-5.222266178335478
-15	2	0.5686842105263158	7.542698893763048	92.97141176072346	-3.692483717722069	1.8790666398167115	46.04902938665341	0.31465051010406	208.94730632394885	-30.570585917227703
-15	5	0.5686842105263158	7.5431334834078	92.97353674746108	-3.692148701755358	1.8791564070744433	46.4720489391778	0.32287233197489834	208.94730632394885	-30.57008160151258
-15	0	0.5686842105263158	7.542616534676955	92.97000000000001	-3.6925472109511994	1.8790496268572416	46.379796069395155	0.32202505570288154	208.94730632394885	-30.57068149010178
-15	-2	0.5686842105263158	7.542698893763045	92.96858823927654	-3.6924837177220686	1.879066639816711	46.055291891335	0.3146615920736017	208.94730632394885	-30.57058591722768
-15	-5	0.5686842105263158	7.543133483407816	92.96646325253896	-3.6921487017553543	1.8791564070744444	46.467809849545596	0.3228700451214762	208.94730632394885	-30.570081601512626
-15	20	0.5686842105263158	7.55156349775695	92.98469714743544	-3.685657810426863	1.8808956361640723	49.585218375461864	0.38301034423261837	208.94730632394885	-30.560299065812195
-15	10	0.5686842105263158	7.544716351693743	92.97712655949907	-3.690928828348767	1.8794832711686071	47.23492434116855	0.3370205928359495	208.94730632394885	-30.568244775989587
-15	40	0.5686842105263158	7.59016877353128	93.00371057485756	-3.6561169566029825	1.8888110840899055	62.45203963317265	0.6986406981130773	208.94730632394885	-30.515499914488785
-15	-40	0.5686842105263158	7.590168773531535	92.93628942514243	-3.656116956602936	1.8888110840899186	62.410415155127765	0.6984803942408365	208.94730632394885	-30.515499914489485
-15	-40	0.5686842105263158	7.590168773531535	92.93628942514243	-3.656116956602936	1.8888110840899186	62.410415155127765	0.6984803942408365	208.94730632394885	-30.515499914489485
-15	2	0.5686842105263158	7.542698893763048	92.97141176072346	-3.692483717722069	1.8790666398167115	46.04902938665341	0.31465051010406	208.94730632394885	-30.570585917227703
-15	-10	0.5686842105263158	7.544716351693718	92.96287344050091	-3.6909288283487736	1.8794832711686058	47.20214905011981	0.33694516351375	208.94730632394885	-30.568244775989534
-15	5	0.5686842105263158	7.5431334834078	92.97353674746108	-3.692148701755358	1.8791564070744433	46.4720489391778	0.32287233197489834	208.94730632394885	-30.57008160151258
-15	-20	0.5686842105263158	7.551563497757023	92.95530285256457	-3.6856578104268487	1.880895636164075	49.580609448940514	0.3829960381456304	208.94730632394885	-30.560299065812394
-15	-2	0.5686842105263158	7.542698893763045	92.96858823927654	-3.6924837177220686	1.879066639816711	46.055291891335	0.3146615920736017	208.94730632394885	-30.57058591722768
-30	40	0.5686842105263158	12.317432585748742	92.99014798538182	-4.0603992399001845	2.5662391824778075	55.75093516150511	0.6873889634585192	289.65465582679684	-59.117868526568415
-15	-5	0.5686842105263158	7.543133483407816	92.96646325253896	-3.6921487017553543	1.8791564070744444	46.467809849545596	0.3228700451214762	208.94730632394885	-30.570081601512626
-15	0	0.5686842105263158	7.542616534676955	92.97000000000001	-3.6925472109511994	1.8790496268572416	46.379796069395155	0.32202505570288154	208.94730632394885	-30.57068149010178
-15	10	0.5686842105263158	7.544716351693743	92.97712655949907	-3.690928828348767	1.8794832711686071	47.23492434116855	0.3370205928359495	208.94730632394885	-30.568244775989587
-15	20	0.5686842105263158	7.55156349775695	92.98469714743544	-3.685657810426863	1.8808956361640723	49.585218375461864	0.38301034423261837	208.94730632394885	-30.560299065812195
-30	20	0.5686842105263158	12.295143819388297	92.97875529020644	-4.069545574617069	2.5609585436669136	44.90498594600474	0.36983403092632544	289.65465582679684	-59.07581917121983
-15	-10	0.5686842105263158	7.544716351693718	92.96287344050091	-3.6909288283487736	1.8794832711686058	47.20214905011981	0.33694516351375	208.94730632394885	-30.568244775989534
-15	-20	0.5686842105263158	7.551563497757023	92.95530285256457	-3.6856578104268487	1.880895636164075	49.580609448940514	0.3829960381456304	208.94730632394885	-30.560299065812394
-60	40	0.5686842105263158	30.45718168271751	92.98160731762984	-4.264098641925884	5.027899265058155	158.34793085322437	0.9621136695704843	158.34793085322465	-197.5555692008156
-30	10	0.5686842105263158	12.291190617765503	92.97424290304706	-4.071171259112931	2.5600199542856137	42.6505403733387	0.3184913996148781	289.65465582679684	-59.068361173001676
-60	20	0.5686842105263158	30.457181682717472	92.97503482299354	-4.268663848791141	5.02789926505815	130.00282506954485	0.5341839131859674	158.34793085322465	-197.6250908682724
-60	5	0.5686842105263158	30.45718168271748	92.97121023614937	-4.269660727031459	5.027899265058153	121.96498252063971	0.4415537162415375	158.34793085322465	-197.64027191911293
-60	10	0.5686842105263158	30.45718168271748	92.97243914214206	-4.269473547403265	5.027899265058153	124.03153043729667	0.4643786596857074	158.34793085322465	-197.63742143714134
-30	-40	0.5686842105263158	12.31743258574892	92.94985201461819	-4.060399239900166	2.5662391824778172	55.64237830025762	0.6868994888422014	289.65465582679684	-59.117868526569126
-30	-20	0.5686842105263158	12.29514381938837	92.96124470979353	-4.069545574617063	2.560958543666918	44.91303111404909	0.369864465134825	289.65465582679684	-59.07581917122014
-60	2	0.5686842105263158	30.457181682717472	92.97048306118643	-4.269712118754223	5.027899265058153	121.75403614981266	0.4392581308817013	158.34793085322465	-197.6410545426315
-60	0	0.5686842105263158	30.457181682717458	92.97	-4.269721857999901	5.027899265058151	121.56106957369947	0.4375357369001536	158.34793085322465	-197.6412028576189
-30	-2	0.5686842105263158	12.29002583788616	92.96915963240014	-4.071650453779914	2.559743291115636	42.048735659464064	0.30577055116949325	289.65465582679684	-59.06616373227047
-30	0	0.5686842105263158	12.289978287845631	92.97000000000001	-4.071670017968743	2.559731995725948	42.50573407981876	0.3161368911825445	289.65465582679684	-59.066074025710705
-30	-10	0.5686842105263158	12.291190617765526	92.96575709695297	-4.071171259112928	2.560019954285614	42.6813598806401	0.31858470956767354	289.65465582679684	-59.068361173001755
-30	2	0.5686842105263158	12.290025837886166	92.97084036759985	-4.071650453779912	2.5597432911156357	42.044075565993666	0.3057684560671247	289.65465582679684	-59.06616373227048
-30	5	0.5686842105263158	12.290276748334545	92.9721053699063	-4.071547220635857	2.559802892799147	42.268681683046005	0.3104564241964032	289.65465582679684	-59.06663709281605
-60	-2	0.5686842105263158	30.457181682717465	92.96951693881363	-4.2697121187542235	5.027899265058154	121.75403614981266	0.4392581308817013	158.34793085322465	-197.6410545426315
-30	-5	0.5686842105263158	12.290276748334556	92.9678946300937	-4.071547220635855	2.559802892799146	42.27572305889089	0.31046867316447274	289.65465582679684	-59.06663709281608
-60	-40	0.5686842105263158	30.457181682717486	92.95839268237019	-4.2640986419258855	5.0278992650581555	158.34793085322383	0.9621136695704813	158.34793085322465	-197.55556920081546
-60	-10	0.5686842105263158	30.45718168271748	92.96756085785795	-4.269473547403266	5.027899265058154	124.03153043729667	0.4643786596857074	158.34793085322465	-197.6374214371414
-60	-5	0.5686842105263158	30.457181682717486	92.96878976385068	-4.269660727031458	5.027899265058155	121.96498252063964	0.44155371624153733	158.34793085322465	-197.64027191911305
-60	-20	0.5686842105263158	30.457181682717522	92.96496517700645	-4.268663848791136	5.027899265058154	130.0028250695445	0.5341839131859674	158.34793085322465	-197.62509086827274
60	40	0	27.831953645390254	92.98270216911123	4.387581229012242	4.88880866284763	158.34793085322437	0.9621136695704843	158.34793085322485	178.89330846909
60	2	0	27.831953645390154	92.9705286255685	4.393724192808851	4.888808662847627	121.75403614981266	0.4392581308817013	158.34793085322485	178.97879381090553
60	20	0	27.831953645390122	92.97550972887528	4.392577045572085	4.888808662847624	130.0028250695445	0.5341839131859674	158.34793085322485	178.9628301365462
60	10	0	27.831953645390175	92.97266921238507	4.3934631183951405	4.888808662847625	124.03153043729667	0.4643786596857074	158.34793085322485	178.97516070541542
60	-5	0	27.831953645390172	92.9686756092386	4.393667953600596	4.888808662847626	121.96498252063955	0.44155371624153733	158.34793085322485	178.978011187387
60	-10	0	27.831953645390154	92.96733078761497	4.3934631183951405	4.888808662847625	124.03153043729667	0.4643786596857074	158.34793085322485	178.97516070541528
60	5	0	27.831953645390165	92.97132439076144	4.393667953600596	4.888808662847626	121.96498252063964	0.44155371624153733	158.34793085322485	178.97801118738695
60	0	0	27.831953645390154	92.97000000000004	4.393734850701531	4.888808662847625	121.56106957369947	0.4375357369001536	158.34793085322485	178.978942125893
60	-40	0	27.831953645390183	92.95729783088876	4.3875812290122465	4.888808662847629	158.34793085322457	0.9621136695704855	158.34793085322485	178.89330846908956
60	-2	0	27.83195364539016	92.9694713744315	4.39372419280885	4.888808662847627	121.75403614981273	0.4392581308817016	158.34793085322485	178.9787938109056
60	-20	0	27.831953645390204	92.96449027112476	4.392577045572081	4.888808662847629	130.00282506954474	0.5341839131859666	158.34793085322485	178.96283013654678
30	40	0	9.332724056486079	92.99313834658967	4.387056414607053	2.3776435747280735	36.904220188527155	0.5992627364376111	289.65465582679684	46.55278569380665
30	-40	0	9.332724056486231	92.94686165341035	4.387056414607037	2.377643574728085	36.803985655286326	0.5986937462851649	289.65465582679684	46.55278569380733
15	40	0	4.366142963105228	93.01434346734175	4.352079019691405	1.7023286113226697	27.929496017608145	0.5324268620062372	208.94730632394885	20.278029625788978
30	10	0	9.30648208850285	92.97487596345785	4.399426824056959	2.370501515502186	28.46647013281624	0.2871623740335097	289.65465582679684	46.488354947394726
30	20	0	9.310435290125657	92.9800605818614	4.397558831775365	2.3715800013488084	29.5256760077345	0.31865145651734683	289.65465582679684	46.498061068956886
30	-2	0	9.305317308623497	92.96903421638095	4.399977516061907	2.370183573324887	27.987107054369183	0.2739865268107162	289.65465582679684	46.48549511473734
30	5	0	9.305568219071882	92.97241955836127	4.399858877381771	2.3702520693988025	27.744709264062017	0.2668499265299881	289.65465582679684	46.486111164093195
30	2	0	9.305317308623499	92.97096578361908	4.399977516061906	2.3701835733248875	27.990607325365616	0.27399639296363554	289.65465582679684	46.48549511473735
30	-20	0	9.310435290125668	92.95993941813862	4.397558831775362	2.3715800013488093	29.567377373801005	0.31880647681888175	289.65465582679684	46.49806106895693
30	-5	0	9.30556821907189	92.96758044163876	4.399858877381768	2.370252069398802	27.758836095054725	0.26689127633387866	289.65465582679684	46.486111164093224
30	0	0	9.305269758582972	92.97000000000003	4.400000000000001	2.3701705922171765	27.867986457577448	0.2707181352167426	289.65465582679684	46.485378367220356
30	-10	0	9.306482088502886	92.96512403654214	4.399426824056954	2.370501515502187	28.4556618510049	0.2871356272672918	289.65465582679684	46.48835494739487
15	-40	0	4.366142963105408	92.9256565326583	4.352079019691356	1.7023286113226799	27.80559694330773	0.5316062096376553	208.94730632394885	20.278029625789618
15	10	0	4.320690541267637	92.97941628683783	4.39786163929456	1.6900611953726192	20.410625053094204	0.2514359963873658	208.94730632394885	20.244285143899223
15	20	0	4.327537687330879	92.98940613642188	4.39090322479055	1.6919256969195702	21.735636664836434	0.2933269121463194	208.94730632394885	20.24936855611332
15	5	0	4.319107672981702	92.97467381827094	4.39947336936517	1.689629333601782	20.230411214055465	0.24606396776222939	208.94730632394885	20.243110001452454
15	-20	0	4.327537687330901	92.95059386357813	4.3909032247905415	1.6919256969195717	21.687209246590598	0.2931065704202069	208.94730632394885	20.24936855611339
10	40	0	2.9114139360746223	93.03522528169454	4.294939851853215	1.5064442962741296	28.49830232227341	0.5164662594478865	196.7584029510415	13.07597917619853
15	2	0	4.31867308333695	92.97186572463363	4.399916089972128	1.6895107069726754	19.978309458069866	0.23774085043222387	208.94730632394885	20.2427873563259
15	-10	0	4.320690541267646	92.96058371316218	4.397861639294559	1.6900611953726201	20.411789713997262	0.2514369500837616	208.94730632394885	20.244285143899262
15	-2	0	4.318673083336952	92.9681342753664	4.399916089972129	1.689510706972676	19.987605890595884	0.23777953650750616	208.94730632394885	20.24278735632591
15	0	0	4.318590724250862	92.97000000000001	4.4	1.6894882233484703	20.114469107010517	0.2433298785858594	208.94730632394885	20.242726211846104
15	-5	0	4.3191076729817155	92.96532618172907	4.399473369365167	1.6896293336017836	20.22726665840515	0.24606126936845144	208.94730632394885	20.243110001452507
10	-10	0	2.8449669405910587	92.95597354455123	4.395252387955617	1.4887564896559848	19.326672401085467	0.2455238994760746	196.7584029510415	13.049859030783509
10	-2	0	2.8420176144036065	92.96721924050125	4.3998135957759095	1.487952225652649	18.866955187899922	0.23303996291731566	196.7584029510415	13.048699658138682
10	2	0	2.8420176144036042	92.97278075949876	4.39981359577591	1.487952225652648	18.855220043209	0.23300425503662264	196.7584029510415	13.048699658138673
5	40	0	1.5469935025412616	93.09134968776631	4.010565045063383	1.3265462034947157	37.89684421102421	0.47336958363341514	189.1106476058704	6.359566148750109
10	20	0	2.854976798485194	92.9988515848679	4.379842157008857	1.4914737291508466	20.555725256067166	0.2776765588717823	196.7584029510415	13.053793880536677
10	10	0	2.8449669405910294	92.98402645544883	4.395252387955627	1.488756489655983	19.305347022157765	0.2453239019063247	196.7584029510415	13.0498590307834
10	-40	0	2.9114139360745677	92.90477471830545	4.294939851853239	1.5064442962741273	28.324309550594013	0.5152786143295165	196.7584029510415	13.07597917619835
10	5	0	2.8426529419613935	92.97696521187687	4.398830245756173	1.4881256167926087	19.2145276568152	0.24489485949156606	196.7584029510415	13.0489494037904
10	-5	0	2.8426529419614126	92.96303478812318	4.398830245756166	1.4881256167926096	19.18554770764908	0.24484221274023288	196.7584029510415	13.048949403790472
10	0	0	2.8418972134744545	92.97	4.4	1.4879193575586231	18.897689898477935	0.23559185515617814	196.7584029510415	13.048652328838765
10	-20	0	2.854976798485188	92.94114841513213	4.379842157008863	1.491473729150847	20.65046691937769	0.27810736478945114	196.7584029510415	13.053793880536665
2	40	0	0.8978096347728474	93.17842593493089	2.7583020038062824	1.2356593784352603	78.80501449333418	0.2629015588822429	188.18202113571078	2.513638584608407
5	20	0	1.4358340412295183	93.02671203682625	4.32105514152546	1.2993818399172135	21.746745092359305	0.27677911590957843	189.1106476058704	6.343314942595062
5	10	0	1.4161184699080915	92.99785690137091	4.3812140001497415	1.2941186217769298	19.053404668054895	0.24185428783914073	189.1106476058704	6.34043258053392
5	-40	0	1.5469935025412436	92.84865031223366	4.010565045063387	1.3265462034947144	37.516516739231214	0.47083969121328306	189.1106476058704	6.359566148750042
2	-40	0	0.8978096347728803	92.76157406506911	2.7583020038062447	1.2356593784352599	78.16984805360987	0.2597769841688574	188.18202113571078	2.513638584608465
5	5	0	1.411560782326253	92.98386646696096	4.395360188462658	1.292880990667447	18.708800087484814	0.2422490621299414	189.1106476058704	6.339766259200565
5	2	0	1.4103094313170077	92.97553965881329	4.399260139980906	1.2925397891212997	18.213624900204408	0.2299299593298991	189.1106476058704	6.339583315140026
5	-2	0	1.4103094313170137	92.96446034118676	4.3992601399809015	1.2925397891213006	18.231878522176494	0.23000502883058396	189.1106476058704	6.339583315140047
5	-10	0	1.4161184699081582	92.9421430986291	4.381214000149688	1.2941186217769347	19.08092031945066	0.2419218027378228	189.1106476058704	6.340432580534144
5	-5	0	1.4115607823262706	92.95613353303905	4.395360188462647	1.2928809906674488	18.708800087485315	0.24224906212996533	189.1106476058704	6.339766259200629
5	0	0	1.4100722877800154	92.97000000000003	4.4	1.2924750597570331	18.31773449899542	0.23523089394374935	189.1106476058704	6.339548645410066
2	20	0	0.6269550099793085	93.09946488229006	3.9499327307588086	1.1925423882467954	32.21262205123787	0.2477135931359073	188.18202113571078	2.501014861844749
5	-20	0	1.4358340412295243	92.91328796317374	4.321055141525457	1.2993818399172143	21.72996151677352	0.2767033285736818	189.1106476058704	6.343314942595085
2	-20	0	0.6269550099793506	92.84053511770998	3.949932730758794	1.1925423882467985	32.40335103181825	0.24852766732068207	188.18202113571078	2.5010148618449075
2	10	0	0.5778760808439392	93.03804661752335	4.285399926942628	1.1808276156168183	21.691184737825054	0.23990267803293194	188.18202113571078	2.498735980889247
2	-10	0	0.5778760808439467	92.90195338247669	4.285399926942631	1.1808276156168196	21.6287775054332	0.23959844697848925	188.18202113571078	2.4987359808892813
2	-5	0	0.5665304078119751	92.93556095919148	4.371221880560453	1.1778306469571995	19.032400467311582	0.2353964327845582	188.18202113571078	2.498209167475547
2	5	0	0.5665304078119621	93.00443904080853	4.37122188056048	1.1778306469571984	19.0536705111526	0.23544863575591057	188.18202113571078	2.4982091674755047
2	2	0	0.5634153589754153	92.98382221400884	4.395389786913128	1.1769866850703594	18.458031907702594	0.2390020149606838	188.18202113571078	2.4980645264739065
2	0	0	0.562825026052392	92.97000000000003	4.400000000000001	1.1768256928818452	18.08453008414824	0.23223615226435995	188.18202113571078	2.498037115556843
2	-2	0	0.5634153589754112	92.95617778599117	4.395389786913137	1.1769866850703594	18.458031907702427	0.23900201496069767	188.18202113571078	2.4980645264738937
-2	40	0	0.8978096347728631	93.17842593493089	-2.7583020038062505	1.2356593784352599	78.80501449333416	0.2629015588822429	188.18202113571078	-2.513638584608422
0	40	0	0.7581600807539255	93.21666666666661	-0.000000000000007504870205703542	1.2034889545118643	95.65413625904239	0.1358402738828258	187.404022058532	-0.0000000000000056898930012039265
0	20	0	0.3288616654688433	93.21666666666667	-0.000000000000006672791108024608	1.1448896622261626	78.08500919105501	0.07388047548933281	187.404022058532	-0.000000000000002194425197110661
0	10	0	0.159318480149325	93.21666666666668	-0.0000000000000007213565568523306	1.1217469942873775	74.18075873150227	0.06333899301097679	187.404022058532	-0.00000000000000011492543028346347
0	-2	0	0.03155231206657731	92.72333333333334	0.0000000000000003193523162193483	1.1043068949039825	72.22863350172588	0.058466762779363184	187.404022058532	0.000000000000000010076303940537157
0	-20	0	0.32886166546891754	92.72333333333337	0.0000000000000001958319129528519	1.1448896622261673	78.08500919105501	0.07388047548933281	187.404022058532	0.00000000000000006440160904563896
0	2	0	0.0315523120665691	93.2166666666667	-0.00000000000001355239311547478	1.104306894903982	72.22863350172588	0.058466762779363184	187.404022058532	-0.00000000000000042760933682828295
0	-40	0	0.7581600807538802	92.72333333333336	0.0000000000000005376964933964749	1.203488954511862	95.65413625904239	0.1358402738828258	187.404022058532	0.0000000000000004076600168545496
0	5	0	0.07904950704220778	93.21666666666668	0.000000000000008141510727495876	1.1107902685015303	74.18075873150227	0.06333899301097679	187.404022058532	0.0000000000000006435824095873954
0	-5	0	0.07904950704222041	92.72333333333337	0.00000000000000041540769231636107	1.1107902685015318	74.18075873150227	0.06333899301097679	187.404022058532	0.000000000000000032837773299154716
-2	-40	0	0.8978096347728771	92.76157406506914	-2.7583020038062465	1.2356593784352587	78.16984805360987	0.2597769841688574	188.18202113571078	-2.513638584608458
0	-10	0	0.15931848014935118	92.72333333333337	0.00000000000000041886317051182695	1.1217469942873792	74.18075873150227	0.06333899301097679	187.404022058532	0.0000000000000000667326437164828
-2	20	0	0.6269550099793035	93.09946488229008	-3.9499327307588477	1.1925423882467954	32.21262205123692	0.2477135931358999	188.18202113571078	-2.5010148618447534
-2	-20	0	0.6269550099793503	92.84053511770995	-3.9499327307587855	1.192542388246799	32.403351031819234	0.24852766732068968	188.18202113571078	-2.501014861844901
-15	40	0	4.366142963105228	93.01434346734175	-4.3520790196913985	1.7023286113226674	27.929496017608376	0.5324268620062407	208.94730632394885	-20.278029625788953
-2	-10	0	0.5778760808439511	92.90195338247666	-4.2853999269426195	1.1808276156168191	21.62877750543317	0.239598446978489	188.18202113571078	-2.4987359808892937
-2	10	0	0.5778760808439385	93.03804661752334	-4.28539992694264	1.1808276156168183	21.691184737824546	0.23990267803292628	188.18202113571078	-2.498735980889251
-2	5	0	0.5665304078119633	93.00443904080856	-4.3712218805604754	1.177830646957199	19.0536705111527	0.2354486357559118	188.18202113571078	-2.498209167475508
-2	-5	0	0.5665304078119748	92.93556095919148	-4.371221880560457	1.1778306469571993	19.032400467311966	0.23539643278456315	188.18202113571078	-2.4982091674755478
0	0	0	0	92.97000000000001	-0	1.0999999999999996	0	0	187.404022058532	0
-15	40	0	4.366142963105228	93.01434346734175	-4.3520790196913985	1.7023286113226674	27.929496017608376	0.5324268620062407	208.94730632394885	-20.278029625788953
-2	-2	0	0.5634153589754104	92.95617778599116	-4.395389786913139	1.176986685070359	18.45803190770245	0.239002014960699	188.18202113571078	-2.498064526473891
-2	2	0	0.563415358975415	92.98382221400888	-4.395389786913132	1.1769866850703594	18.458031907702587	0.23900201496068368	188.18202113571078	-2.4980645264739074
-15	-40	0	4.3661429631054185	92.92565653265825	-4.352079019691348	1.7023286113226788	27.805596943307442	0.5316062096376502	208.94730632394885	-20.27802962578963
-2	0	0	0.5628250260523907	92.97000000000001	-4.4	1.176825692881845	18.08453008414824	0.23223615226435995	188.18202113571078	-2.4980371155568366
-15	10	0	4.320690541267636	92.97941628683783	-4.39786163929456	1.690061195372619	20.410625053094115	0.25143599638736475	208.94730632394885	-20.24428514389922
-15	20	0	4.327537687330879	92.98940613642188	-4.390903224790548	1.6919256969195702	21.735636664836562	0.29332691214632134	208.94730632394885	-20.249368556113307
-15	2	0	4.318673083336953	92.97186572463363	-4.399916089972128	1.6895107069726758	19.978309458069866	0.23774085043222387	208.94730632394885	-20.24278735632591
-15	-20	0	4.327537687330896	92.95059386357815	-4.390903224790544	1.6919256969195708	21.687209246590626	0.2931065704202075	208.94730632394885	-20.24936855611337
-15	-10	0	4.320690541267642	92.96058371316218	-4.397861639294559	1.6900611953726195	20.41178971399719	0.2514369500837607	208.94730632394885	-20.244285143899244
-15	5	0	4.319107672981704	92.97467381827093	-4.399473369365171	1.6896293336017822	20.230411214055433	0.246063967762229	208.94730632394885	-20.24311000145246
-15	20	0	4.327537687330879	92.98940613642188	-4.390903224790548	1.6919256969195702	21.735636664836562	0.29332691214632134	208.94730632394885	-20.249368556113307
-15	-2	0	4.318673083336948	92.96813427536641	-4.3999160899721295	1.6895107069726754	19.987605890595866	0.23777953650750597	208.94730632394885	-20.242787356325895
-15	0	0	4.318590724250862	92.97000000000001	-4.400000000000003	1.68948822334847	20.114469107010517	0.2433298785858594	208.94730632394885	-20.24272621184611
-15	-5	0	4.319107672981716	92.96532618172907	-4.399473369365166	1.689629333601784	20.22726665840517	0.24606126936845174	208.94730632394885	-20.243110001452507
-15	10	0	4.320690541267636	92.97941628683783	-4.39786163929456	1.690061195372619	20.410625053094115	0.25143599638736475	208.94730632394885	-20.24428514389922
-15	-40	0	4.3661429631054185	92.92565653265825	-4.352079019691348	1.7023286113226788	27.805596943307442	0.5316062096376502	208.94730632394885	-20.27802962578963
-30	40	0	9.332724056486088	92.9931383465897	-4.387056414607051	2.377643574728074	36.904220188527155	0.5992627364376111	289.65465582679684	-46.55278569380668
-15	2	0	4.318673083336953	92.97186572463363	-4.399916089972128	1.6895107069726758	19.978309458069866	0.23774085043222387	208.94730632394885	-20.24278735632591
-15	5	0	4.319107672981704	92.97467381827093	-4.399473369365171	1.6896293336017822	20.230411214055433	0.246063967762229	208.94730632394885	-20.24311000145246
-60	40	0	27.83195364539021	92.98270216911123	-4.387581229012245	4.8888086628476275	158.34793085322428	0.9621136695704837	158.34793085322465	-178.89330846908967
-15	-10	0	4.320690541267642	92.96058371316218	-4.397861639294559	1.6900611953726195	20.41178971399719	0.2514369500837607	208.94730632394885	-20.244285143899244
-15	0	0	4.318590724250862	92.97000000000001	-4.400000000000003	1.68948822334847	20.114469107010517	0.2433298785858594	208.94730632394885	-20.24272621184611
-15	-20	0	4.327537687330896	92.95059386357815	-4.390903224790544	1.6919256969195708	21.687209246590626	0.2931065704202075	208.94730632394885	-20.24936855611337
-60	10	0	27.831953645390165	92.97266921238509	-4.393463118395141	4.888808662847627	124.03153043729667	0.4643786596857074	158.34793085322465	-178.97516070541542
-15	-2	0	4.318673083336948	92.96813427536641	-4.3999160899721295	1.6895107069726754	19.987605890595866	0.23777953650750597	208.94730632394885	-20.242787356325895
-30	20	0	9.310435290125648	92.98006058186145	-4.397558831775367	2.3715800013488084	29.525676007734592	0.3186514565173475	289.65465582679684	-46.49806106895686
-15	-5	0	4.319107672981716	92.96532618172907	-4.399473369365166	1.689629333601784	20.22726665840517	0.24606126936845174	208.94730632394885	-20.243110001452507
-60	20	0	27.83195364539013	92.9755097288753	-4.392577045572085	4.888808662847623	130.00282506954474	0.5341839131859666	158.34793085322465	-178.96283013654622
-30	10	0	9.306482088502856	92.97487596345785	-4.399426824056958	2.3705015155021854	28.466470132816216	0.2871623740335094	289.65465582679684	-46.48835494739475
-30	-40	0	9.332724056486235	92.94686165341034	-4.387056414607034	2.377643574728083	36.80398565528633	0.5986937462851649	289.65465582679684	-46.552785693807316
-60	2	0	27.831953645390165	92.97052862556852	-4.39372419280885	4.888808662847625	121.75403614981266	0.4392581308817013	158.34793085322465	-178.97879381090556
-60	5	0	27.831953645390172	92.97132439076138	-4.393667953600594	4.888808662847624	121.96498252063955	0.44155371624153733	158.34793085322465	-178.97801118738693
-60	0	0	27.831953645390154	92.96999999999997	-4.393734850701531	4.888808662847623	121.56106957369947	0.4375357369001536	158.34793085322465	-178.97894212589296
-30	2	0	9.305317308623502	92.97096578361908	-4.399977516061906	2.3701835733248875	27.990607325365755	0.27399639296363565	289.65465582679684	-46.48549511473736
-30	5	0	9.305568219071883	92.97241955836124	-4.39985887738177	2.3702520693988016	27.74470926406206	0.2668499265299886	289.65465582679684	-46.486111164093195
-30	0	0	9.30526975858297	92.97000000000003	-4.400000000000001	2.3701705922171774	27.867986457577448	0.2707181352167426	289.65465582679684	-46.48537836722035
-30	-5	0	9.30556821907189	92.96758044163875	-4.399858877381768	2.3702520693988025	27.758836095054686	0.2668912763338783	289.65465582679684	-46.486111164093224
-30	-2	0	9.305317308623495	92.96903421638098	-4.399977516061907	2.3701835733248875	27.987107054369186	0.2739865268107162	289.65465582679684	-46.485495114737326
-60	-2	0	27.831953645390154	92.96947137443149	-4.3937241928088495	4.888808662847624	121.75403614981266	0.4392581308817013	158.34793085322465	-178.97879381090544
-30	-10	0	9.306482088502882	92.96512403654216	-4.399426824056954	2.370501515502187	28.455661851004866	0.2871356272672914	289.65465582679684	-46.48835494739485
-30	-20	0	9.310435290125671	92.95993941813859	-4.397558831775361	2.3715800013488075	29.56737737380108	0.3188064768188826	289.65465582679684	-46.49806106895692
-60	-40	0	27.831953645390186	92.95729783088876	-4.387581229012245	4.8888086628476275	158.34793085322383	0.9621136695704813	158.34793085322465	-178.89330846908953
-60	-10	0	27.831953645390175	92.96733078761497	-4.3934631183951405	4.888808662847625	124.03153043729657	0.4643786596857071	158.34793085322465	-178.97516070541542
-60	-5	0	27.831953645390165	92.96867560923863	-4.393667953600596	4.888808662847627	121.96498252063964	0.44155371624153733	158.34793085322465	-178.97801118738698
-60	-20	0	27.8319536453902	92.96449027112476	-4.392577045572081	4.888808662847628	130.0028250695445	0.5341839131859674	158.34793085322465	-178.96283013654676
60	40	-0.4772384725981893	25.634883801703022	92.98372048771483	4.48528799542381	4.751745299114903	154.45745712052204	0.9485462146704553	158.34793085322485	162.98085256200977
60	-5	-0.4772384725981893	25.628868355583172	92.9685617631739	4.4913856114909985	4.750094007255157	121.96498252063955	0.44155371624153733	158.34793085322485	162.98409436452704
60	10	-0.4772384725981893	25.628868355583155	92.97289866077351	4.491163168429371	4.75009400725516	124.03153043729681	0.4643786596857079	158.34793085322485	162.98124388255545
60	20	-0.4772384725981893	25.629097011440734	92.97598036452668	4.490219905463837	4.750157573643736	129.15647520426967	0.5283280439276085	158.34793085322485	162.9720213655313
60	-2	-0.4772384725981893	25.62886835558317	92.9694259332049	4.4914466850825265	4.750094007255158	121.75403614981266	0.4392581308817013	158.34793085322485	162.98487698804567
60	5	-0.4772384725981893	25.628868355583172	92.97143823682609	4.491385611491001	4.75009400725516	121.96498252063964	0.44155371624153733	158.34793085322485	162.98409436452712
60	2	-0.4772384725981893	25.628868355583165	92.97057406679514	4.491446685082526	4.750094007255159	121.75403614981273	0.4392581308817016	158.34793085322485	162.98487698804567
60	-40	-0.4772384725981893	25.63488380170304	92.95627951228522	4.48528799542381	4.751745299114907	154.50382942905424	0.9486755319341739	158.34793085322485	162.98085256200997
60	-20	-0.4772384725981893	25.629097011440845	92.96401963547332	4.490219905463833	4.750157573643746	129.1564461736039	0.528320167515383	158.34793085322485	162.97202136553219
60	0	-0.4772384725981893	25.628868355583165	92.97000000000001	4.4914582591392085	4.750094007255159	121.56106957369947	0.4375357369001536	158.34793085322485	162.98502530303318
60	-10	-0.4772384725981893	25.628868355583162	92.96710133922659	4.491163168429372	4.750094007255161	124.03153043729667	0.4643786596857074	158.34793085322485	162.98124388255553
30	40	-0.4772384725981893	7.147851151602678	92.99642730415106	4.66075033317811	2.2196263171655097	24.50642361852984	0.5089487226135764	289.65465582679684	36.783852359266625
30	20	-0.4772384725981893	7.125562385242218	92.98149903919708	4.672743555295287	2.212702027147709	20.061498634420524	0.28897095263259365	289.65465582679684	36.718490677602716
30	-2	-0.4772384725981893	7.1204444037400805	92.96889594289217	4.675508057606365	2.2111059409942326	18.594925238764283	0.23385767016817322	289.65465582679684	36.703482225708406
30	2	-0.4772384725981893	7.1204444037400805	92.97110405710788	4.675508057606366	2.211105940994232	18.594925238764297	0.23385767016816844	289.65465582679684	36.70348222570841
30	10	-0.4772384725981893	7.121609183619418	92.97557385243717	4.674878546908108	2.2114693891653285	18.958914419323502	0.24673694128875828	289.65465582679684	36.706897936136244
30	5	-0.4772384725981893	7.120695314188465	92.97276594927945	4.675372434484986	2.211184243039869	18.726023584043016	0.23857147519661917	289.65465582679684	36.70421801918339
30	-5	-0.4772384725981893	7.120695314188477	92.96723405072059	4.675372434484984	2.21118424303987	18.726023584043094	0.2385714751966478	289.65465582679684	36.70421801918344
30	-10	-0.4772384725981893	7.121609183619455	92.96442614756285	4.674878546908105	2.2114693891653316	18.96027458706433	0.24675130055872632	289.65465582679684	36.706897936136436
30	0	-0.4772384725981893	7.120396853699552	92.97000000000001	4.675533760622211	2.2110911013511134	18.503014574213545	0.23067155577951712	289.65465582679684	36.70334278548269
30	-40	-0.4772384725981893	7.147851151602811	92.94357269584897	4.660750333178091	2.2196263171655204	24.58003230147367	0.5094327655110359	289.65465582679684	36.78385235926723
15	40	-0.4772384725981893	2.349809912420432	93.03015902791678	4.928680244121662	1.547828778881783	11.393701036584002	0.38238436928958497	208.94730632394885	12.128184586069708
30	-20	-0.4772384725981893	7.1255623852422465	92.95850096080295	4.672743555295281	2.21270202714771	20.033054936349806	0.2888400689863627	289.65465582679684	36.71849067760283
15	10	-0.4772384725981893	2.3043574905828303	92.98289106883357	4.990765287454167	1.5311931416587863	7.936393506409482	0.18097829588044234	208.94730632394885	12.021858447486059
15	-40	-0.4772384725981893	2.3498099124206	92.90984097208322	4.928680244121603	1.5478287788817977	11.367370278332983	0.38205070890100407	208.94730632394885	12.128184586070448
15	5	-0.4772384725981893	2.3027746222968952	92.97640059516331	4.992971544117956	1.530601976967427	7.811433256128039	0.17488197595061644	208.94730632394885	12.018155668493717
15	20	-0.4772384725981893	2.3112046366460666	92.99653062490168	4.981256308555748	1.5337410648754615	8.514770375758667	0.21080788944463397	208.94730632394885	12.037875869040045
15	2	-0.4772384725981893	2.3023400326521406	92.97255525561532	4.993577821017053	1.5304395255619259	7.7901615234271615	0.17395624395694734	208.94730632394885	12.017139039743777
15	-10	-0.4772384725981893	2.304357490582818	92.95710893116643	4.9907652874541695	1.5311931416587847	7.9509963397894285	0.1810803528308342	208.94730632394885	12.021858447485998
15	-2	-0.4772384725981893	2.3023400326521415	92.96744474438471	4.993577821017051	1.5304395255619256	7.792078143568737	0.17396731786962066	208.94730632394885	12.017139039743777
15	-5	-0.4772384725981893	2.3027746222969068	92.96359940483669	4.992971544117954	1.5306019769674286	7.819468117765572	0.17494367235842126	208.94730632394885	12.018155668493776
15	0	-0.4772384725981893	2.3022576735660527	92.97000000000003	4.993692742354338	1.5304087324824076	7.821320345801299	0.17593192410289357	208.94730632394885	12.016946378423505
10	40	-0.4772384725981893	1.058499741403858	93.07583258349867	5.1317171827764465	1.3588978759871497	7.25454420904515	0.2934763023919238	196.7584029510415	5.599172552710755
15	-20	-0.4772384725981893	2.311204636646098	92.94346937509832	4.9812563085557375	1.533741064875465	8.520938058440345	0.2108635115139822	208.94730632394885	12.037875869040187
10	-40	-0.4772384725981893	1.0584997414038237	92.86416741650137	5.131717182776466	1.3588978759871477	7.170178007754073	0.29187609662494207	196.7584029510415	5.599172552710595
10	20	-0.4772384725981893	1.002062603814433	93.01849172540965	5.268304732151595	1.3348138058034607	4.476624826965628	0.16480169411675336	196.7584029510415	5.431234757155056
10	-10	-0.4772384725981893	0.9920527459203056	92.94627093470083	5.294152916296085	1.3302560735364664	4.040302486632465	0.1450881126935603	196.7584029510415	5.40144881229028
10	10	-0.4772384725981893	0.9920527459202946	92.99372906529916	5.29415291629609	1.3302560735364641	4.033184110707529	0.14492865175152198	196.7584029510415	5.401448812290225
-15	40	-0.4772384725981893	2.3498099124204233	93.0301590279168	-4.928680244121663	1.5478287788817826	11.393701036584115	0.3823843692895888	208.94730632394885	-12.128184586069663
10	2	-0.4772384725981893	0.9891034197328611	92.97471344805795	5.30186866519347	1.3288955788294854	3.889238029385192	0.13788242200697917	196.7584029510415	5.392672617049877
10	5	-0.4772384725981893	0.9897387472906614	92.98180124518572	5.300202695246351	1.3291893342802115	3.9643870846924774	0.14383813653078853	196.7584029510415	5.394563136556527
10	-20	-0.4772384725981893	1.0020626038144436	92.92150827459038	5.268304732151591	1.3348138058034626	4.4957748200886956	0.16508275397951824	196.7584029510415	5.43123475715511
10	-2	-0.4772384725981893	0.9891034197328628	92.96528655194207	5.301868665193467	1.3288955788294854	3.8917472015940873	0.13791388415333763	196.7584029510415	5.392672617049884
10	-5	-0.4772384725981893	0.9897387472906657	92.95819875481432	5.300202695246348	1.3291893342802124	3.9554221521406183	0.14378206757651593	196.7584029510415	5.394563136556548
10	0	-0.4772384725981893	0.9889830188037098	92.97000000000001	5.302184624422746	1.3288398666925603	3.9201134708205756	0.1414741114148516	196.7584029510415	5.392314344687243
5	40	-0.4772384725981893	0.15798347673813942	93.21776411933145	5.423163234549311	1.2029598757974518	2.0271782953650286	0.037334568509771585	189.1106476058704	0.8700736692346214
-15	5	-0.4772384725981893	2.3027746222968957	92.97640059516334	-4.992971544117956	1.5306019769674273	7.811433256128013	0.17488197595061586	208.94730632394885	-12.018155668493721
-15	10	-0.4772384725981893	2.3043574905828295	92.98289106883355	-4.990765287454167	1.531193141658786	7.936393506409444	0.1809782958804415	208.94730632394885	-12.021858447486053
5	20	-0.4772384725981893	0.06798752624135178	93.17894668395203	5.927426841613321	1.1588425267506601	0.4238843668829731	0.027697655425628305	189.1106476058704	0.40832431045300926
-15	-40	-0.4772384725981893	2.3498099124205964	92.90984097208324	-4.928680244121607	1.5478287788817975	11.367370278332867	0.3820507089010001	208.94730632394885	-12.12818458607044
-15	-5	-0.4772384725981893	2.3027746222969085	92.96359940483671	-4.992971544117954	1.530601976967429	7.819468117765587	0.17494367235842154	208.94730632394885	-12.018155668493785
5	-40	-0.4772384725981893	0.15798347673813892	92.72223588066858	5.423163234549319	1.2029598757974505	2.0128757697707607	0.037044318104780725	189.1106476058704	0.8700736692346198
-15	2	-0.4772384725981893	2.30234003265214	92.9725552556153	-4.993577821017053	1.5304395255619254	7.790161523427165	0.17395624395694734	208.94730632394885	-12.017139039743775
-15	20	-0.4772384725981893	2.3112046366460657	92.99653062490171	-4.981256308555748	1.5337410648754624	8.514770375758745	0.21080788944463552	208.94730632394885	-12.037875869040041
-15	-2	-0.4772384725981893	2.302340032652138	92.96744474438474	-4.993577821017053	1.5304395255619254	7.792078143568725	0.17396731786962039	208.94730632394885	-12.017139039743762
5	10	-0.4772384725981893	0.04849544403351554	93.11113861015086	6.123106540601574	1.1417227714070224	0.19000551489952452	0.03828723295629229	189.1106476058704	0.3006384835693118
-15	40	-0.4772384725981893	2.3498099124204233	93.0301590279168	-4.928680244121663	1.5478287788817826	11.393701036584115	0.3823843692895888	208.94730632394885	-12.128184586069663
-15	-10	-0.4772384725981893	2.3043574905828126	92.95710893116643	-4.990765287454172	1.5311931416587852	7.950996339789424	0.18108035283083374	208.94730632394885	-12.021858447485975
5	5	-0.4772384725981893	0.04393775645166359	93.04729331085267	6.192424047981316	1.135658275327421	0.12066724497268014	0.0402019871518937	189.1106476058704	0.27539478985004057
5	-2	-0.4772384725981893	0.04268640544240974	92.93824426087882	6.21404570075245	1.1337666258232526	0.10227342502690298	0.04039469612754817	189.1106476058704	0.26846392391296264
5	2	-0.4772384725981893	0.042686405442409266	93.0017557391212	6.214045700752453	1.1337666258232526	0.10163605662235602	0.040311752547650424	189.1106476058704	0.26846392391295976
5	0	-0.4772384725981893	0.04244926190541329	92.97000000000001	6.218286900895746	1.1333955688909705	0.09844740439812745	0.04158834245201423	189.1106476058704	0.2671504554691669
5	-20	-0.4772384725981893	0.06798752624135741	92.76105331604799	5.92742684161331	1.1588425267506615	0.40930476747082417	0.026685403298643186	189.1106476058704	0.4083243104530424
-15	0	-0.4772384725981893	2.302257673566052	92.97000000000001	-4.9936927423543365	1.530408732482407	7.821320345801299	0.17593192410289357	208.94730632394885	-12.016946378423496
5	-5	-0.4772384725981893	0.043937756451666816	92.89270668914732	6.192424047981303	1.135658275327422	0.1247480563776441	0.040743041818830344	189.1106476058704	0.2753947898500603
5	-10	-0.4772384725981893	0.04849544403352246	92.82886138984917	6.1231065406015475	1.1417227714070248	0.19005327920009	0.03866026688883669	189.1106476058704	0.30063848356935335
-15	-20	-0.4772384725981893	2.311204636646091	92.94346937509835	-4.981256308555739	1.5337410648754646	8.520938058440368	0.21086351151398283	208.94730632394885	-12.037875869040155
2	40	-0.4772384725981893	0.001482796466053882	93.32097490822775	6.142573704563754	1.115973678222396	0.0258365378447149	0.00007847234269015977	188.18202113571078	0.009160388475331679
2	-40	-0.4772384725981893	0.0014827964660550632	92.61902509177226	6.142573704563558	1.1159736782223975	0.02925699393782708	0.00009437324344079354	188.18202113571078	0.009160388475338687
2	10	-0.4772384725981893	0	92.97000000000001	-0	1.0999999999999996	0	0	188.18202113571078	0
2	20	-0.4772384725981893	0	92.97000000000001	-0	1.0999999999999996	0	0	188.18202113571078	0
2	5	-0.4772384725981893	0	92.97000000000001	-0	1.0999999999999996	0	0	188.18202113571078	0
2	2	-0.4772384725981893	0	92.97000000000001	-0	1.0999999999999996	0	0	188.18202113571078	0
2	0	-0.4772384725981893	0	92.97000000000001	-0	1.0999999999999996	0	0	188.18202113571078	0
2	-5	-0.4772384725981893	0	92.97000000000001	-0	1.0999999999999996	0	0	188.18202113571078	0
2	-2	-0.4772384725981893	0	92.97000000000001	-0	1.0999999999999996	0	0	188.18202113571078	0
-2	40	-0.4772384725981893	0.0014827964660541668	93.32097490822775	-6.142573704563692	1.1159736782223957	0.02583653784472097	0.0000784723426901782	188.18202113571078	-0.009160388475333348
2	-10	-0.4772384725981893	0	92.97000000000001	-0	1.0999999999999996	0	0	188.18202113571078	0
2	-20	-0.4772384725981893	0	92.97000000000001	-0	1.0999999999999996	0	0	188.18202113571078	0
-2	-40	-0.4772384725981893	0.0014827964660551127	92.61902509177227	-6.142573704563558	1.115973678222397	0.029256993937820316	0.00009437324344077174	188.18202113571078	-0.009160388475338992
0	40	-0.4772384725981893	0	92.97000000000001	-0	1.0999999999999996	0	0	187.404022058532	0
0	20	-0.4772384725981893	0	92.97000000000001	-0	1.0999999999999996	0	0	187.404022058532	0
0	10	-0.4772384725981893	0	92.97000000000001	-0	1.0999999999999996	0	0	187.404022058532	0
0	5	-0.4772384725981893	0	92.97000000000001	-0	1.0999999999999996	0	0	187.404022058532	0
0	2	-0.4772384725981893	0	92.97000000000001	-0	1.0999999999999996	0	0	187.404022058532	0
0	0	-0.4772384725981893	0	92.97000000000001	-0	1.0999999999999996	0	0	187.404022058532	0
0	-2	-0.4772384725981893	0	92.97000000000001	-0	1.0999999999999996	0	0	187.404022058532	0
0	-5	-0.4772384725981893	0	92.97000000000001	-0	1.0999999999999996	0	0	187.404022058532	0
0	-10	-0.4772384725981893	0	92.97000000000001	-0	1.0999999999999996	0	0	187.404022058532	0
0	-20	-0.4772384725981893	0	92.97000000000001	-0	1.0999999999999996	0	0	187.404022058532	0
0	-40	-0.4772384725981893	0	92.97000000000001	-0	1.0999999999999996	0	0	187.404022058532	0
-2	20	-0.4772384725981893	0	92.97000000000001	-0	1.0999999999999996	0	0	188.18202113571078	-0
-2	10	-0.4772384725981893	0	92.97000000000001	-0	1.0999999999999996	0	0	188.18202113571078	-0
-2	2	-0.4772384725981893	0	92.97000000000001	-0	1.0999999999999996	0	0	188.18202113571078	-0
-2	5	-0.4772384725981893	0	92.97000000000001	-0	1.0999999999999996	0	0	188.18202113571078	-0
-2	0	-0.4772384725981893	0	92.97000000000001	-0	1.0999999999999996	0	0	188.18202113571078	-0
-2	-5	-0.4772384725981893	0	92.97000000000001	-0	1.0999999999999996	0	0	188.18202113571078	-0
-2	-2	-0.4772384725981893	0	92.97000000000001	-0	1.0999999999999996	0	0	188.18202113571078	-0
-2	-10	-0.4772384725981893	0	92.97000000000001	-0	1.0999999999999996	0	0	188.18202113571078	-0
-15	-5	-0.4772384725981893	2.3027746222969085	92.96359940483671	-4.992971544117954	1.530601976967429	7.819468117765587	0.17494367235842154	208.94730632394885	-12.018155668493785
-2	-20	-0.4772384725981893	0	92.97000000000001	-0	1.0999999999999996	0	0	188.18202113571078	-0
-15	5	-0.4772384725981893	2.3027746222968957	92.97640059516334	-4.992971544117956	1.5306019769674273	7.811433256128013	0.17488197595061586	208.94730632394885	-12.018155668493721
-15	10	-0.4772384725981893	2.3043574905828295	92.98289106883355	-4.990765287454167	1.531193141658786	7.936393506409444	0.1809782958804415	208.94730632394885	-12.021858447486053
-15	2	-0.4772384725981893	2.30234003265214	92.9725552556153	-4.993577821017053	1.5304395255619254	7.790161523427165	0.17395624395694734	208.94730632394885	-12.017139039743775
-15	-40	-0.4772384725981893	2.3498099124205964	92.90984097208324	-4.928680244121607	1.5478287788817975	11.367370278332867	0.3820507089010001	208.94730632394885	-12.12818458607044
-60	40	-0.4772384725981893	25.634883801703	92.98372048771476	-4.485287995423811	4.751745299114903	154.45745712052144	0.9485462146704526	158.34793085322465	-162.98085256200966
-30	40	-0.4772384725981893	7.147851151602683	92.99642730415107	-4.660750333178108	2.2196263171655106	24.50642361852985	0.5089487226135767	289.65465582679684	-36.78385235926663
-15	20	-0.4772384725981893	2.3112046366460657	92.99653062490171	-4.981256308555748	1.5337410648754624	8.514770375758745	0.21080788944463552	208.94730632394885	-12.037875869040041
-15	-2	-0.4772384725981893	2.302340032652138	92.96744474438474	-4.993577821017053	1.5304395255619254	7.792078143568725	0.17396731786962039	208.94730632394885	-12.017139039743762
-15	-10	-0.4772384725981893	2.3043574905828126	92.95710893116643	-4.990765287454172	1.5311931416587852	7.950996339789424	0.18108035283083374	208.94730632394885	-12.021858447485975
-15	0	-0.4772384725981893	2.302257673566052	92.97000000000001	-4.9936927423543365	1.530408732482407	7.821320345801299	0.17593192410289357	208.94730632394885	-12.016946378423496
-30	20	-0.4772384725981893	7.125562385242208	92.98149903919708	-4.672743555295288	2.2127020271477074	20.061498634420616	0.28897095263259504	289.65465582679684	-36.71849067760266
-60	20	-0.4772384725981893	25.62909701144076	92.97598036452668	-4.490219905463835	4.750157573643739	129.1564752042697	0.5283280439276089	158.34793085322465	-162.9720213655315
-15	-20	-0.4772384725981893	2.311204636646091	92.94346937509835	-4.981256308555739	1.5337410648754646	8.520938058440368	0.21086351151398283	208.94730632394885	-12.037875869040155
-30	10	-0.4772384725981893	7.121609183619418	92.97557385243717	-4.6748785469081096	2.211469389165328	18.95891441932349	0.24673694128875828	289.65465582679684	-36.70689793613625
-60	2	-0.4772384725981893	25.628868355583165	92.97057406679508	-4.491446685082525	4.750094007255156	121.75403614981266	0.4392581308817013	158.34793085322465	-162.98487698804558
-60	5	-0.4772384725981893	25.628868355583187	92.97143823682607	-4.491385611490999	4.750094007255161	121.96498252063955	0.44155371624153733	158.34793085322465	-162.9840943645272
-60	10	-0.4772384725981893	25.628868355583137	92.97289866077348	-4.491163168429372	4.750094007255158	124.03153043729667	0.4643786596857074	158.34793085322465	-162.98124388255533
-30	5	-0.4772384725981893	7.120695314188465	92.97276594927945	-4.675372434484984	2.211184243039868	18.726023584043062	0.23857147519661956	289.65465582679684	-36.70421801918337
-60	0	-0.4772384725981893	25.628868355583162	92.96999999999997	-4.491458259139208	4.750094007255157	121.56106957369947	0.4375357369001536	158.34793085322465	-162.98502530303313
-60	-2	-0.4772384725981893	25.628868355583162	92.96942593320493	-4.491446685082526	4.75009400725516	121.75403614981266	0.4392581308817013	158.34793085322465	-162.98487698804564
-30	2	-0.4772384725981893	7.120444403740085	92.97110405710784	-4.675508057606364	2.2111059409942313	18.594925238764297	0.23385767016816844	289.65465582679684	-36.70348222570842
-30	-2	-0.4772384725981893	7.120444403740079	92.96889594289215	-4.675508057606365	2.2111059409942313	18.594925238764304	0.23385767016817352	289.65465582679684	-36.7034822257084
-30	0	-0.4772384725981893	7.12039685369955	92.97000000000004	-4.67553376062221	2.2110911013511134	18.503014574213545	0.23067155577951712	289.65465582679684	-36.70334278548266
-30	-40	-0.4772384725981893	7.147851151602816	92.94357269584894	-4.6607503331780915	2.2196263171655217	24.580032301473697	0.5094327655110366	289.65465582679684	-36.78385235926726
-30	-5	-0.4772384725981893	7.120695314188474	92.96723405072056	-4.675372434484984	2.211184243039869	18.72602358404311	0.2385714751966478	289.65465582679684	-36.70421801918342
-30	-20	-0.4772384725981893	7.125562385242241	92.95850096080294	-4.672743555295281	2.2127020271477096	20.033054936349867	0.2888400689863637	289.65465582679684	-36.7184906776028
-30	-10	-0.4772384725981893	7.1216091836194515	92.96442614756286	-4.6748785469081025	2.2114693891653308	18.960274587064326	0.24675130055872632	289.65465582679684	-36.70689793613639
-60	-40	-0.4772384725981893	25.63488380170304	92.95627951228528	-4.48528799542381	4.751745299114907	154.50382942905378	0.9486755319341712	158.34793085322465	-162.98085256200997
-60	-20	-0.4772384725981893	25.62909701144084	92.96401963547332	-4.490219905463832	4.750157573643746	129.1564461736038	0.5283201675153826	158.34793085322465	-162.9720213655321
60	40	-1.4317154177945663	21.38864485900192	92.98529698078066	4.67059330087931	4.441830431340792	125.73873981684966	0.8826880312718964	158.34793085322485	132.22534349123896
60	-40	-1.4317154177945663	21.388644859001857	92.95470301921937	4.670593300879313	4.4418304313407875	125.94886891902546	0.8831350354542875	158.34793085322485	132.2253434912385
-60	-5	-0.4772384725981893	25.628868355583172	92.96856176317392	-4.491385611490999	4.750094007255158	121.96498252063964	0.44155371624153733	158.34793085322465	-162.98409436452707
-60	-10	-0.4772384725981893	25.62886835558318	92.96710133922655	-4.491163168429369	4.750094007255161	124.03153043729657	0.4643786596857071	158.34793085322465	-162.98124388255562
60	20	-1.4317154177945663	21.366356092641322	92.97664218345305	4.674603242473098	4.434885008764973	102.93338900742772	0.49021568309890706	158.34793085322485	132.0018757254382
60	10	-1.4317154177945663	21.362402891018558	92.97321843045954	4.675315331261646	4.433651634803707	98.67996707159838	0.4334611014172656	158.34793085322485	131.96224082056685
60	5	-1.4317154177945663	21.36148902158758	92.9715969661851	4.675479983740447	4.433366448344827	96.62231166557042	0.4075917700807421	158.34793085322485	131.95307834128596
60	2	-1.4317154177945663	21.361238111139194	92.97063743050624	4.675525192912119	4.433288143762526	96.24408274105592	0.40291990835110586	158.34793085322485	131.95056270644062
60	-5	-1.4317154177945663	21.36148902158758	92.96840303381491	4.6754799837404475	4.433366448344828	96.64088626983823	0.4076322430114756	158.34793085322485	131.953078341286
60	0	-1.4317154177945663	21.361190561098667	92.97	4.675533760622211	4.433273304053341	95.96441451825243	0.3997198751172457	158.34793085322485	131.95008596846648
60	-2	-1.4317154177945663	21.361238111139194	92.96936256949375	4.6755251929121195	4.433288143762526	96.24408274105592	0.4029199083512048	158.34793085322485	131.95056270644062
60	-20	-1.4317154177945663	21.366356092641418	92.96335781654695	4.674603242473091	4.434885008764977	102.9333890074285	0.49021568309897356	158.34793085322485	132.00187572543877
60	-10	-1.4317154177945663	21.36240289101856	92.96678156954047	4.675315331261646	4.433651634803706	98.65357571730317	0.4334239619250915	158.34793085322485	131.96224082056688
30	40	-1.4317154177945663	3.653864113552589	93.0068945580216	5.205962475181062	1.9048479402146528	9.11924302875938	0.3676418914921841	289.65465582679684	19.9534586093017
30	20	-1.4317154177945663	3.631575347192119	92.98610170934462	5.222694253251806	1.8951878436414904	7.314072833654113	0.2052067139244548	289.65465582679684	19.866822814009787
30	-40	-1.4317154177945663	3.65386411355265	92.93310544197844	5.205962475181054	1.904847940214661	9.124178391974572	0.36769577855378965	289.65465582679684	19.953458609302018
30	-20	-1.4317154177945663	3.6315753471921393	92.9538982906554	5.2226942532518	1.8951878436414913	7.297308236188534	0.2050566736109464	289.65465582679684	19.86682281400988
30	10	-1.4317154177945663	3.627622145569334	92.97780904454986	5.2256833183681675	1.8934621060919317	6.917975636654085	0.17633859082953326	289.65465582679684	19.851456832734716
30	5	-1.4317154177945663	3.6267082761383684	92.97387561236492	5.226375233769194	1.8930626285488923	6.79527272857042	0.1682625495181652	289.65465582679684	19.84790464847902
30	2	-1.4317154177945663	3.6264573656899763	92.97154704306315	5.226565265910495	1.8929529134409577	6.839924546116256	0.17170811945459882	289.65465582679684	19.84692936676571
30	0	-1.4317154177945663	3.626409815649448	92.97000000000001	5.226601281866631	1.892932119618988	6.791942854529699	0.16844123555005872	289.65465582679684	19.846744541122572
30	-2	-1.4317154177945663	3.6264573656899755	92.96845295693683	5.226565265910496	1.8929529134409575	6.8382810098638815	0.1716956121342597	289.65465582679684	19.846929366765707
30	-5	-1.4317154177945663	3.626708276138368	92.96612438763508	5.226375233769195	1.8930626285488925	6.799431060648328	0.1682830219795023	289.65465582679684	19.847904648479016
30	-10	-1.4317154177945663	3.6276221455693443	92.96219095545015	5.225683318368167	1.8934621060919334	6.919611261730012	0.17635271169731143	289.65465582679684	19.851456832734772
15	40	-1.4317154177945663	0.20414170795925546	93.15059516079441	5.985913129179115	1.2645440811190145	0.462763032151652	0.07436428140448353	208.94730632394885	1.247149907491533
15	20	-1.4317154177945663	0.16553643218484068	93.06660433165322	6.135794206060333	1.2243835676079824	0.20116967043388145	0.05325978752178128	208.94730632394885	1.0335458957536658
15	10	-1.4317154177945663	0.1586892861215996	93.01881974281882	6.16999166805187	1.2152203852841552	0.1602354422053395	0.05026255658775893	208.94730632394885	0.9956604555198009
15	5	-1.4317154177945663	0.15710641783566937	92.99446708205687	6.178321355869233	1.21298845216029	0.1455841220254407	0.04640581414185038	208.94730632394885	0.9869024034363737
15	2	-1.4317154177945663	0.15667182819091308	92.97979303296454	6.180637790326415	1.2123677654181686	0.14402996369674143	0.04660011703051955	208.94730632394885	0.9844978074396483
15	-40	-1.4317154177945663	0.20414170795929237	92.78940483920557	5.985913129179071	1.2645440811190234	0.45387175350196957	0.0730213660629627	208.94730632394885	1.2471499074917505
15	0	-1.4317154177945663	0.15658946910482327	92.96999999999998	6.181078227063008	1.2122497507502814	0.14169386198943898	0.04602676905107489	208.94730632394885	0.9840421124384093
15	-2	-1.4317154177945663	0.1566718281909134	92.96020696703549	6.180637790326415	1.2123677654181688	0.14419545883353446	0.046610030829583274	208.94730632394885	0.9844978074396504
15	-5	-1.4317154177945663	0.1571064178356712	92.94553291794318	6.178321355869233	1.212988452160291	0.14641651763026078	0.04655541432599253	208.94730632394885	0.9869024034363854
15	-10	-1.4317154177945663	0.1586892861215997	92.92118025718118	6.16999166805187	1.2152203852841559	0.15888680231223287	0.05013425118479406	208.94730632394885	0.9956604555198014
15	-20	-1.4317154177945663	0.16553643218484443	92.87339566834679	6.135794206060328	1.224383567607984	0.204053697292048	0.05360760825792145	208.94730632394885	1.0335458957536885
10	40	-1.4317154177945663	0.00011738780013804201	93.32612191244773	6.53293855252043	1.1118247425560113	0	0	196.7584029510415	0.0007779001770538402
10	20	-1.4317154177945663	0	92.97000000000001	-0	1.0999999999999996	0	0	196.7584029510415	0
10	10	-1.4317154177945663	0	92.97000000000001	-0	1.0999999999999996	0	0	196.7584029510415	0
10	5	-1.4317154177945663	0	92.97000000000001	-0	1.0999999999999996	0	0	196.7584029510415	0
10	2	-1.4317154177945663	0	92.97000000000001	-0	1.0999999999999996	0	0	196.7584029510415	0
10	0	-1.4317154177945663	0	92.97000000000001	-0	1.0999999999999996	0	0	196.7584029510415	0
10	-2	-1.4317154177945663	0	92.97000000000001	-0	1.0999999999999996	0	0	196.7584029510415	0
10	-5	-1.4317154177945663	0	92.97000000000001	-0	1.0999999999999996	0	0	196.7584029510415	0
10	-10	-1.4317154177945663	0	92.97000000000001	-0	1.0999999999999996	0	0	196.7584029510415	0
10	-20	-1.4317154177945663	0	92.97000000000001	-0	1.0999999999999996	0	0	196.7584029510415	0
10	-40	-1.4317154177945663	0.00011738780013790318	92.61387808755224	6.532938552520465	1.111824742556007	0	0	196.7584029510415	0.0007779001770529243
5	40	-1.4317154177945663	0	92.97000000000001	-0	1.0999999999999996	0	0	189.1106476058704	0
5	20	-1.4317154177945663	0	92.97000000000001	-0	1.0999999999999996	0	0	189.1106476058704	0
5	10	-1.4317154177945663	0	92.97000000000001	-0	1.0999999999999996	0	0	189.1106476058704	0
5	5	-1.4317154177945663	0	92.97000000000001	-0	1.0999999999999996	0	0	189.1106476058704	0
-60	40	-1.4317154177945663	21.388644859001907	92.98529698078067	-4.670593300879312	4.441830431340792	125.73873981684925	0.882688031271893	158.34793085322465	-132.22534349123887
-15	40	-1.4317154177945663	0.2041417079592594	93.1505951607944	-5.985913129179107	1.2645440811190143	0.4627630321516651	0.07436428140448566	208.94730632394885	-1.2471499074915553
5	2	-1.4317154177945663	0	92.97000000000001	-0	1.0999999999999996	0	0	189.1106476058704	0
5	0	-1.4317154177945663	0	92.97000000000001	-0	1.0999999999999996	0	0	189.1106476058704	0
5	-2	-1.4317154177945663	0	92.97000000000001	-0	1.0999999999999996	0	0	189.1106476058704	0
-60	20	-1.4317154177945663	21.366356092641333	92.97664218345305	-4.674603242473096	4.434885008764972	102.93338900742785	0.49021568309890734	158.34793085322465	-132.00187572543823
5	-5	-1.4317154177945663	0	92.97000000000001	-0	1.0999999999999996	0	0	189.1106476058704	0
5	-10	-1.4317154177945663	0	92.97000000000001	-0	1.0999999999999996	0	0	189.1106476058704	0
-30	40	-1.4317154177945663	3.6538641135525918	93.0068945580216	-5.205962475181063	1.9048479402146536	9.11924302875938	0.3676418914921841	289.65465582679684	-19.953458609301716
5	-20	-1.4317154177945663	0	92.97000000000001	-0	1.0999999999999996	0	0	189.1106476058704	0
-60	10	-1.4317154177945663	21.362402891018565	92.97321843045953	-4.675315331261645	4.433651634803706	98.67996707159838	0.4334611014172656	158.34793085322465	-131.96224082056688
-30	20	-1.4317154177945663	3.6315753471921144	92.98610170934462	-5.222694253251803	1.8951878436414884	7.314072833654156	0.2052067139244559	289.65465582679684	-19.86682281400975
-15	-40	-1.4317154177945663	0.20414170795929226	92.78940483920559	-5.98591312917907	1.264544081119023	0.45387175350195813	0.07302136606296088	208.94730632394885	-1.2471499074917496
-15	10	-1.4317154177945663	0.15868928612159947	93.0188197428188	-6.169991668051869	1.2152203852841552	0.16023544220533667	0.05026255658775804	208.94730632394885	-0.9956604555197999
5	-40	-1.4317154177945663	0	92.97000000000001	-0	1.0999999999999996	0	0	189.1106476058704	0
-15	5	-1.4317154177945663	0.1571064178356691	92.99446708205684	-6.178321355869233	1.2129884521602898	0.14558412202543886	0.0464058141418498	208.94730632394885	-0.986902403436372
-15	2	-1.4317154177945663	0.15667182819091297	92.97979303296452	-6.180637790326415	1.2123677654181688	0.14402996369674195	0.04660011703051969	208.94730632394885	-0.9844978074396477
-15	20	-1.4317154177945663	0.16553643218484027	93.06660433165321	-6.135794206060329	1.2243835676079822	0.20116967043388584	0.05325978752178243	208.94730632394885	-1.0335458957536625
2	20	-1.4317154177945663	0	92.97000000000001	-0	1.0999999999999996	0	0	188.18202113571078	0
2	40	-1.4317154177945663	0	92.97000000000001	-0	1.0999999999999996	0	0	188.18202113571078	0
2	5	-1.4317154177945663	0	92.97000000000001	-0	1.0999999999999996	0	0	188.18202113571078	0
2	10	-1.4317154177945663	0	92.97000000000001	-0	1.0999999999999996	0	0	188.18202113571078	0
2	0	-1.4317154177945663	0	92.97000000000001	-0	1.0999999999999996	0	0	188.18202113571078	0
2	2	-1.4317154177945663	0	92.97000000000001	-0	1.0999999999999996	0	0	188.18202113571078	0
2	-2	-1.4317154177945663	0	92.97000000000001	-0	1.0999999999999996	0	0	188.18202113571078	0
2	-5	-1.4317154177945663	0	92.97000000000001	-0	1.0999999999999996	0	0	188.18202113571078	0
2	-40	-1.4317154177945663	0	92.97000000000001	-0	1.0999999999999996	0	0	188.18202113571078	0
2	-20	-1.4317154177945663	0	92.97000000000001	-0	1.0999999999999996	0	0	188.18202113571078	0
2	-10	-1.4317154177945663	0	92.97000000000001	-0	1.0999999999999996	0	0	188.18202113571078	0
0	40	-1.4317154177945663	0	92.97000000000001	-0	1.0999999999999996	0	0	187.404022058532	0
0	10	-1.4317154177945663	0	92.97000000000001	-0	1.0999999999999996	0	0	187.404022058532	0
0	20	-1.4317154177945663	0	92.97000000000001	-0	1.0999999999999996	0	0	187.404022058532	0
0	0	-1.4317154177945663	0	92.97000000000001	-0	1.0999999999999996	0	0	187.404022058532	0
0	5	-1.4317154177945663	0	92.97000000000001	-0	1.0999999999999996	0	0	187.404022058532	0
0	2	-1.4317154177945663	0	92.97000000000001	-0	1.0999999999999996	0	0	187.404022058532	0
-15	40	-1.4317154177945663	0.2041417079592594	93.1505951607944	-5.985913129179107	1.2645440811190143	0.4627630321516651	0.07436428140448566	208.94730632394885	-1.2471499074915553
0	-2	-1.4317154177945663	0	92.97000000000001	-0	1.0999999999999996	0	0	187.404022058532	0
0	-5	-1.4317154177945663	0	92.97000000000001	-0	1.0999999999999996	0	0	187.404022058532	0
-15	0	-1.4317154177945663	0.1565894691048232	92.97	-6.181078227063009	1.2122497507502814	0.14169386198943898	0.04602676905107489	208.94730632394885	-0.984042112438409
0	-10	-1.4317154177945663	0	92.97000000000001	-0	1.0999999999999996	0	0	187.404022058532	0
0	-20	-1.4317154177945663	0	92.97000000000001	-0	1.0999999999999996	0	0	187.404022058532	0
0	-40	-1.4317154177945663	0	92.97000000000001	-0	1.0999999999999996	0	0	187.404022058532	0
-2	40	-1.4317154177945663	0	92.97000000000001	-0	1.0999999999999996	0	0	188.18202113571078	-0
-2	20	-1.4317154177945663	0	92.97000000000001	-0	1.0999999999999996	0	0	188.18202113571078	-0
-2	10	-1.4317154177945663	0	92.97000000000001	-0	1.0999999999999996	0	0	188.18202113571078	-0
-2	5	-1.4317154177945663	0	92.97000000000001	-0	1.0999999999999996	0	0	188.18202113571078	-0
-2	0	-1.4317154177945663	0	92.97000000000001	-0	1.0999999999999996	0	0	188.18202113571078	-0
-2	2	-1.4317154177945663	0	92.97000000000001	-0	1.0999999999999996	0	0	188.18202113571078	-0
-2	-2	-1.4317154177945663	0	92.97000000000001	-0	1.0999999999999996	0	0	188.18202113571078	-0
-15	-10	-1.4317154177945663	0.15868928612159916	92.92118025718119	-6.16999166805187	1.2152203852841554	0.1588868023122303	0.050134251184793255	208.94730632394885	-0.9956604555197981
-2	-5	-1.4317154177945663	0	92.97000000000001	-0	1.0999999999999996	0	0	188.18202113571078	-0
-2	-10	-1.4317154177945663	0	92.97000000000001	-0	1.0999999999999996	0	0	188.18202113571078	-0
-2	-20	-1.4317154177945663	0	92.97000000000001	-0	1.0999999999999996	0	0	188.18202113571078	-0
-2	-40	-1.4317154177945663	0	92.97000000000001	-0	1.0999999999999996	0	0	188.18202113571078	-0
-60	2	-1.4317154177945663	21.36123811113919	92.97063743050626	-4.675525192912118	4.433288143762526	96.24408274105602	0.40291990835110586	158.34793085322465	-131.95056270644056
-15	-5	-1.4317154177945663	0.15710641783567209	92.94553291794321	-6.178321355869232	1.2129884521602916	0.14641651763026228	0.046555414325993	208.94730632394885	-0.9869024034363908
-15	-2	-1.4317154177945663	0.15667182819091283	92.96020696703546	-6.180637790326415	1.2123677654181682	0.1441954588335334	0.04661003082958292	208.94730632394885	-0.9844978074396468
-15	0	-1.4317154177945663	0.1565894691048232	92.97	-6.181078227063009	1.2122497507502814	0.14169386198943898	0.04602676905107489	208.94730632394885	-0.984042112438409
-15	20	-1.4317154177945663	0.16553643218484027	93.06660433165321	-6.135794206060329	1.2243835676079822	0.20116967043388584	0.05325978752178243	208.94730632394885	-1.0335458957536625
-15	2	-1.4317154177945663	0.15667182819091297	92.97979303296452	-6.180637790326415	1.2123677654181688	0.14402996369674195	0.04660011703051969	208.94730632394885	-0.9844978074396477
-15	-20	-1.4317154177945663	0.16553643218484312	92.87339566834677	-6.135794206060328	1.224383567607983	0.20405369729204909	0.053607608257921706	208.94730632394885	-1.03354589575368
-15	10	-1.4317154177945663	0.15868928612159947	93.0188197428188	-6.169991668051869	1.2152203852841552	0.16023544220533667	0.05026255658775804	208.94730632394885	-0.9956604555197999
-15	5	-1.4317154177945663	0.1571064178356691	92.99446708205684	-6.178321355869233	1.2129884521602898	0.14558412202543886	0.0464058141418498	208.94730632394885	-0.986902403436372
-15	-2	-1.4317154177945663	0.15667182819091283	92.96020696703546	-6.180637790326415	1.2123677654181682	0.1441954588335334	0.04661003082958292	208.94730632394885	-0.9844978074396468
-15	-40	-1.4317154177945663	0.20414170795929226	92.78940483920559	-5.98591312917907	1.264544081119023	0.45387175350195813	0.07302136606296088	208.94730632394885	-1.2471499074917496
-15	-5	-1.4317154177945663	0.15710641783567209	92.94553291794321	-6.178321355869232	1.2129884521602916	0.14641651763026228	0.046555414325993	208.94730632394885	-0.9869024034363908
-30	5	-1.4317154177945663	3.6267082761383684	92.97387561236489	-5.226375233769193	1.8930626285488918	6.795272728570426	0.16826254951816538	289.65465582679684	-19.847904648479016
-60	5	-1.4317154177945663	21.36148902158759	92.97159696618507	-4.675479983740445	4.4333664483448265	96.6223116655704	0.4075917700807421	158.34793085322465	-131.953078341286
-15	-10	-1.4317154177945663	0.15868928612159916	92.92118025718119	-6.16999166805187	1.2152203852841554	0.1588868023122303	0.050134251184793255	208.94730632394885	-0.9956604555197981
-30	10	-1.4317154177945663	3.627622145569333	92.97780904454989	-5.2256833183681675	1.893462106091932	6.917975636654087	0.17633859082953326	289.65465582679684	-19.851456832734712
-60	0	-1.4317154177945663	21.361190561098667	92.97000000000001	-4.67553376062221	4.4332733040533405	95.96441451825243	0.3997198751172457	158.34793085322465	-131.95008596846648
-30	-20	-1.4317154177945663	3.631575347192138	92.95389829065537	-5.222694253251799	1.8951878436414917	7.297308236188569	0.20505667361094737	289.65465582679684	-19.86682281400987
-60	-2	-1.4317154177945663	21.3612381111392	92.96936256949375	-4.675525192912117	4.433288143762526	96.24408274105569	0.40291990835120417	158.34793085322465	-131.95056270644065
-30	2	-1.4317154177945663	3.6264573656899786	92.97154704306314	-5.226565265910496	1.8929529134409582	6.839924546116252	0.17170811945459902	289.65465582679684	-19.846929366765725
-15	-20	-1.4317154177945663	0.16553643218484312	92.87339566834677	-6.135794206060328	1.224383567607983	0.20405369729204909	0.053607608257921706	208.94730632394885	-1.03354589575368
-30	-40	-1.4317154177945663	3.653864113552652	92.93310544197844	-5.205962475181049	1.9048479402146608	9.124178391974583	0.3676957785537901	289.65465582679684	-19.953458609302015
-60	-40	-1.4317154177945663	21.388644859001865	92.95470301921935	-4.67059330087931	4.441830431340785	125.94886891902566	0.8831350354542886	158.34793085322465	-132.22534349123848
-30	0	-1.4317154177945663	3.626409815649449	92.96999999999998	-5.226601281866629	1.8929321196189874	6.791942854529699	0.16844123555005872	289.65465582679684	-19.84674454112257
-30	-2	-1.4317154177945663	3.626457365689971	92.96845295693687	-5.226565265910496	1.8929529134409577	6.83828100986389	0.1716956121342599	289.65465582679684	-19.846929366765682
-30	-10	-1.4317154177945663	3.6276221455693443	92.96219095545017	-5.225683318368165	1.8934621060919328	6.91961126173003	0.1763527116973117	289.65465582679684	-19.85145683273477
60	40	-2.3861923629909434	17.50543170018877	92.98690631765409	4.853762707743398	4.124571712259939	93.57915935033428	0.8066211396262059	158.34793085322485	105.01272567477807
-30	-5	-1.4317154177945663	3.626708276138365	92.96612438763508	-5.226375233769193	1.893062628548892	6.799431060648319	0.168283021979502	289.65465582679684	-19.847904648479
-60	-20	-1.4317154177945663	21.36635609264141	92.96335781654696	-4.674603242473095	4.4348850087649785	102.93338900742833	0.4902156830989727	158.34793085322465	-132.00187572543882
-60	-10	-1.4317154177945663	21.362402891018554	92.96678156954052	-4.675315331261646	4.433651634803706	98.65357571730311	0.43342396192509136	158.34793085322465	-131.96224082056682
60	-40	-2.3861923629909434	17.505431700188726	92.95309368234597	4.8537627077434005	4.124571712259937	93.6211877453508	0.8067275027916446	158.34793085322485	105.0127256747778
60	2	-2.3861923629909434	17.478024952326102	92.97070469269543	4.859213462588471	4.115130727928669	71.92433045522742	0.37487170707093337	158.34793085322485	104.75304785859018
60	-5	-2.3861923629909434	17.478275862774478	92.96823452524218	4.85916348306312	4.115217295005915	72.23253994659825	0.3796698837313628	158.34793085322485	104.75542522483663
60	10	-2.3861923629909434	17.479189732205462	92.97355799877599	4.858981459089992	4.115532569775569	72.79377953636575	0.3879486907080175	158.34793085322485	104.76408410035546
60	20	-2.3861923629909434	17.483142933828233	92.97734268132166	4.858194281927792	4.116896000615067	76.05371197939195	0.44057011053355144	158.34793085322485	104.80154052420768
60	5	-2.3861923629909434	17.4782758627745	92.97176547475783	4.859163483063117	4.115217295005917	72.2477156672667	0.37969028351023876	158.34793085322485	104.75542522483677
60	-2	-2.3861923629909434	17.478024952326095	92.96929530730459	4.859213462588471	4.115130727928669	71.91830622101598	0.374862726096428	158.34793085322485	104.75304785859014
-60	-5	-1.4317154177945663	21.36148902158758	92.9684030338149	-4.675479983740447	4.433366448344828	96.64088626983822	0.4076322430114756	158.34793085322465	-131.953078341286
60	-10	-2.3861923629909434	17.479189732205473	92.96644200122402	4.858981459089992	4.115532569775572	72.79377953636559	0.3879486907080383	158.34793085322485	104.76408410035555
60	-20	-2.3861923629909434	17.48314293382833	92.96265731867837	4.858194281927782	4.1168960006150686	76.07943280802677	0.44063623466470914	158.34793085322485	104.80154052420819
60	0	-2.3861923629909434	17.477977402285568	92.96999999999998	4.85922293437035	4.115114322321215	71.69130566864649	0.3715764088570036	158.34793085322485	104.75259732389898
30	40	-2.3861923629909434	1.3275554377914758	93.03080120224986	5.743656625522403	1.5944100777733934	2.07771605668866	0.21872884550087074	289.65465582679684	7.661797148331632
30	20	-2.3861923629909434	1.3052666714309795	92.99682365297788	5.7711601289389005	1.5785309226722222	1.5983567089655883	0.12315727746615933	289.65465582679684	7.553887239411611
30	10	-2.3861923629909434	1.3013134698081967	92.9830343130833	5.776136602396659	1.5756577543817674	1.514398340030934	0.10833946817017931	289.65465582679684	7.534748018327892
30	5	-2.3861923629909434	1.300399600377226	92.97647181743376	5.777291329339142	1.5749910724706857	1.499585356880811	0.10642686117983835	289.65465582679684	7.530323566769391
30	2	-2.3861923629909434	1.3001486899288393	92.97258369999813	5.777608653249671	1.5748078654255226	1.4723162418256464	0.10150803548662292	289.65465582679684	7.529108796817813
30	0	-2.3861923629909434	1.3001011398883133	92.97	5.77766880311105	1.5747731378868621	1.4835801206862034	0.10414992822037697	289.65465582679684	7.528878585757255
30	-2	-2.3861923629909434	1.3001486899288395	92.96741630000186	5.77760865324967	1.574807865425522	1.4723162418256452	0.10150803548662016	289.65465582679684	7.5291087968178125
30	-20	-2.3861923629909434	1.305266671431008	92.94317634702213	5.771160128938889	1.5785309226722257	1.592114960869782	0.12298883062495446	289.65465582679684	7.553887239411765
30	-40	-2.3861923629909434	1.3275554377915135	92.90919879775015	5.743656625522391	1.5944100777733998	2.0777160566887685	0.21872884550087898	289.65465582679684	7.66179714833184
30	-5	-2.3861923629909434	1.30039960037723	92.96352818256626	5.777291329339141	1.574991072470687	1.498240539388495	0.10639930919804784	289.65465582679684	7.530323566769413
30	-10	-2.3861923629909434	1.3013134698082014	92.95696568691667	5.776136602396658	1.5756577543817685	1.5143983400309449	0.10833946817018213	289.65465582679684	7.534748018327918
15	40	-2.3861923629909434	0	92.97000000000001	-0	1.0999999999999996	0	0	208.94730632394885	0
15	20	-2.3861923629909434	0	92.97000000000001	-0	1.0999999999999996	0	0	208.94730632394885	0
15	10	-2.3861923629909434	0	92.97000000000001	-0	1.0999999999999996	0	0	208.94730632394885	0
15	5	-2.3861923629909434	0	92.97000000000001	-0	1.0999999999999996	0	0	208.94730632394885	0
15	2	-2.3861923629909434	0	92.97000000000001	-0	1.0999999999999996	0	0	208.94730632394885	0
15	0	-2.3861923629909434	0	92.97000000000001	-0	1.0999999999999996	0	0	208.94730632394885	0
15	-2	-2.3861923629909434	0	92.97000000000001	-0	1.0999999999999996	0	0	208.94730632394885	0
15	-5	-2.3861923629909434	0	92.97000000000001	-0	1.0999999999999996	0	0	208.94730632394885	0
15	-10	-2.3861923629909434	0	92.97000000000001	-0	1.0999999999999996	0	0	208.94730632394885	0
15	-20	-2.3861923629909434	0	92.97000000000001	-0	1.0999999999999996	0	0	208.94730632394885	0
15	-40	-2.3861923629909434	0	92.97000000000001	-0	1.0999999999999996	0	0	208.94730632394885	0
10	40	-2.3861923629909434	0	92.97000000000001	-0	1.0999999999999996	0	0	196.7584029510415	0
10	20	-2.3861923629909434	0	92.97000000000001	-0	1.0999999999999996	0	0	196.7584029510415	0
10	10	-2.3861923629909434	0	92.97000000000001	-0	1.0999999999999996	0	0	196.7584029510415	0
10	5	-2.3861923629909434	0	92.97000000000001	-0	1.0999999999999996	0	0	196.7584029510415	0
10	2	-2.3861923629909434	0	92.97000000000001	-0	1.0999999999999996	0	0	196.7584029510415	0
10	0	-2.3861923629909434	0	92.97000000000001	-0	1.0999999999999996	0	0	196.7584029510415	0
10	-2	-2.3861923629909434	0	92.97000000000001	-0	1.0999999999999996	0	0	196.7584029510415	0
10	-5	-2.3861923629909434	0	92.97000000000001	-0	1.0999999999999996	0	0	196.7584029510415	0
10	-10	-2.3861923629909434	0	92.97000000000001	-0	1.0999999999999996	0	0	196.7584029510415	0
10	-20	-2.3861923629909434	0	92.97000000000001	-0	1.0999999999999996	0	0	196.7584029510415	0
10	-40	-2.3861923629909434	0	92.97000000000001	-0	1.0999999999999996	0	0	196.7584029510415	0
5	40	-2.3861923629909434	0	92.97000000000001	-0	1.0999999999999996	0	0	189.1106476058704	0
5	20	-2.3861923629909434	0	92.97000000000001	-0	1.0999999999999996	0	0	189.1106476058704	0
5	10	-2.3861923629909434	0	92.97000000000001	-0	1.0999999999999996	0	0	189.1106476058704	0
5	5	-2.3861923629909434	0	92.97000000000001	-0	1.0999999999999996	0	0	189.1106476058704	0
5	2	-2.3861923629909434	0	92.97000000000001	-0	1.0999999999999996	0	0	189.1106476058704	0
5	0	-2.3861923629909434	0	92.97000000000001	-0	1.0999999999999996	0	0	189.1106476058704	0
5	-2	-2.3861923629909434	0	92.97000000000001	-0	1.0999999999999996	0	0	189.1106476058704	0
5	-5	-2.3861923629909434	0	92.97000000000001	-0	1.0999999999999996	0	0	189.1106476058704	0
5	-10	-2.3861923629909434	0	92.97000000000001	-0	1.0999999999999996	0	0	189.1106476058704	0
5	-20	-2.3861923629909434	0	92.97000000000001	-0	1.0999999999999996	0	0	189.1106476058704	0
5	-40	-2.3861923629909434	0	92.97000000000001	-0	1.0999999999999996	0	0	189.1106476058704	0
2	40	-2.3861923629909434	0	92.97000000000001	-0	1.0999999999999996	0	0	188.18202113571078	0
2	20	-2.3861923629909434	0	92.97000000000001	-0	1.0999999999999996	0	0	188.18202113571078	0
2	10	-2.3861923629909434	0	92.97000000000001	-0	1.0999999999999996	0	0	188.18202113571078	0
2	5	-2.3861923629909434	0	92.97000000000001	-0	1.0999999999999996	0	0	188.18202113571078	0
2	2	-2.3861923629909434	0	92.97000000000001	-0	1.0999999999999996	0	0	188.18202113571078	0
2	0	-2.3861923629909434	0	92.97000000000001	-0	1.0999999999999996	0	0	188.18202113571078	0
2	-2	-2.3861923629909434	0	92.97000000000001	-0	1.0999999999999996	0	0	188.18202113571078	0
2	-5	-2.3861923629909434	0	92.97000000000001	-0	1.0999999999999996	0	0	188.18202113571078	0
2	-10	-2.3861923629909434	0	92.97000000000001	-0	1.0999999999999996	0	0	188.18202113571078	0
2	-20	-2.3861923629909434	0	92.97000000000001	-0	1.0999999999999996	0	0	188.18202113571078	0
2	-40	-2.3861923629909434	0	92.97000000000001	-0	1.0999999999999996	0	0	188.18202113571078	0
0	40	-2.3861923629909434	0	92.97000000000001	-0	1.0999999999999996	0	0	187.404022058532	0
0	20	-2.3861923629909434	0	92.97000000000001	-0	1.0999999999999996	0	0	187.404022058532	0
0	10	-2.3861923629909434	0	92.97000000000001	-0	1.0999999999999996	0	0	187.404022058532	0
0	5	-2.3861923629909434	0	92.97000000000001	-0	1.0999999999999996	0	0	187.404022058532	0
0	2	-2.3861923629909434	0	92.97000000000001	-0	1.0999999999999996	0	0	187.404022058532	0
0	0	-2.3861923629909434	0	92.97000000000001	-0	1.0999999999999996	0	0	187.404022058532	0
0	-2	-2.3861923629909434	0	92.97000000000001	-0	1.0999999999999996	0	0	187.404022058532	0
0	-5	-2.3861923629909434	0	92.97000000000001	-0	1.0999999999999996	0	0	187.404022058532	0
0	-10	-2.3861923629909434	0	92.97000000000001	-0	1.0999999999999996	0	0	187.404022058532	0
0	-20	-2.3861923629909434	0	92.97000000000001	-0	1.0999999999999996	0	0	187.404022058532	0
0	-40	-2.3861923629909434	0	92.97000000000001	-0	1.0999999999999996	0	0	187.404022058532	0
-2	40	-2.3861923629909434	0	92.97000000000001	-0	1.0999999999999996	0	0	188.18202113571078	-0
-2	20	-2.3861923629909434	0	92.97000000000001	-0	1.0999999999999996	0	0	188.18202113571078	-0
-60	40	-2.3861923629909434	17.505431700188755	92.98690631765403	-4.853762707743396	4.124571712259938	93.57915935033354	0.8066211396261993	158.34793085322465	-105.01272567477795
-2	10	-2.3861923629909434	0	92.97000000000001	-0	1.0999999999999996	0	0	188.18202113571078	-0
-2	5	-2.3861923629909434	0	92.97000000000001	-0	1.0999999999999996	0	0	188.18202113571078	-0
-60	20	-2.3861923629909434	17.483142933828255	92.97734268132164	-4.858194281927788	4.116896000615065	76.053711979392	0.4405701105335517	158.34793085322465	-104.80154052420775
-60	5	-2.3861923629909434	17.4782758627745	92.97176547475783	-4.859163483063118	4.115217295005918	72.2477156672667	0.37969028351023876	158.34793085322465	-104.75542522483677
-60	-40	-2.3861923629909434	17.50543170018872	92.95309368234598	-4.8537627077434	4.124571712259936	93.62118774535084	0.8067275027916453	158.34793085322465	-105.01272567477774
-60	10	-2.3861923629909434	17.479189732205462	92.97355799877596	-4.858981459089993	4.11553256977557	72.79377953636579	0.3879486907080178	158.34793085322465	-104.76408410035548
-2	2	-2.3861923629909434	0	92.97000000000001	-0	1.0999999999999996	0	0	188.18202113571078	-0
-60	-2	-2.3861923629909434	17.478024952326095	92.96929530730456	-4.85921346258847	4.115130727928668	71.91830622101595	0.37486272609642773	158.34793085322465	-104.75304785859012
-60	2	-2.3861923629909434	17.4780249523261	92.97070469269545	-4.859213462588472	4.11513072792867	71.92433045522743	0.37487170707093337	158.34793085322465	-104.7530478585902
-2	0	-2.3861923629909434	0	92.97000000000001	-0	1.0999999999999996	0	0	188.18202113571078	-0
-30	40	-2.3861923629909434	1.327555437791478	93.03080120224986	-5.7436566255224015	1.5944100777733943	2.077716056688651	0.2187288455008697	289.65465582679684	-7.661797148331644
-2	-2	-2.3861923629909434	0	92.97000000000001	-0	1.0999999999999996	0	0	188.18202113571078	-0
-2	-5	-2.3861923629909434	0	92.97000000000001	-0	1.0999999999999996	0	0	188.18202113571078	-0
-2	-10	-2.3861923629909434	0	92.97000000000001	-0	1.0999999999999996	0	0	188.18202113571078	-0
-30	20	-2.3861923629909434	1.3052666714309775	92.99682365297791	-5.7711601289389005	1.578530922672221	1.598356708965605	0.12315727746616054	289.65465582679684	-7.553887239411599
60	40	-3.34066930818732	14.01144466213868	92.98889334719158	5.03681013135935	3.807524274362524	67.2538441602964	0.7253312600177034	158.34793085322485	81.48800944917711
-2	-20	-2.3861923629909434	0	92.97000000000001	-0	1.0999999999999996	0	0	188.18202113571078	-0
-60	0	-2.3861923629909434	17.477977402285568	92.97	-4.859222934370349	4.115114322321213	71.69130566864649	0.3715764088570036	158.34793085322465	-104.75259732389895
-2	-40	-2.3861923629909434	0	92.97000000000001	-0	1.0999999999999996	0	0	188.18202113571078	-0
-60	-20	-2.3861923629909434	17.48314293382832	92.96265731867838	-4.858194281927784	4.116896000615069	76.07943280802675	0.44063623466470914	158.34793085322465	-104.80154052420818
-15	40	-2.3861923629909434	0	92.97000000000001	-0	1.0999999999999996	0	0	208.94730632394885	-0
-30	10	-2.3861923629909434	1.3013134698081974	92.98303431308327	-5.776136602396659	1.575657754381768	1.5143983400309362	0.10833946817017946	289.65465582679684	-7.534748018327896
-15	20	-2.3861923629909434	0	92.97000000000001	-0	1.0999999999999996	0	0	208.94730632394885	-0
-15	10	-2.3861923629909434	0	92.97000000000001	-0	1.0999999999999996	0	0	208.94730632394885	-0
-15	5	-2.3861923629909434	0	92.97000000000001	-0	1.0999999999999996	0	0	208.94730632394885	-0
-15	2	-2.3861923629909434	0	92.97000000000001	-0	1.0999999999999996	0	0	208.94730632394885	-0
-15	0	-2.3861923629909434	0	92.97000000000001	-0	1.0999999999999996	0	0	208.94730632394885	-0
-15	-2	-2.3861923629909434	0	92.97000000000001	-0	1.0999999999999996	0	0	208.94730632394885	-0
-15	-5	-2.3861923629909434	0	92.97000000000001	-0	1.0999999999999996	0	0	208.94730632394885	-0
-15	-10	-2.3861923629909434	0	92.97000000000001	-0	1.0999999999999996	0	0	208.94730632394885	-0
-15	-20	-2.3861923629909434	0	92.97000000000001	-0	1.0999999999999996	0	0	208.94730632394885	-0
-15	-40	-2.3861923629909434	0	92.97000000000001	-0	1.0999999999999996	0	0	208.94730632394885	-0
-15	40	-2.3861923629909434	0	92.97000000000001	-0	1.0999999999999996	0	0	208.94730632394885	-0
-30	5	-2.3861923629909434	1.3003996003772262	92.97647181743379	-5.777291329339144	1.5749910724706866	1.499585356880811	0.10642686117983835	289.65465582679684	-7.530323566769394
-15	20	-2.3861923629909434	0	92.97000000000001	-0	1.0999999999999996	0	0	208.94730632394885	-0
-15	10	-2.3861923629909434	0	92.97000000000001	-0	1.0999999999999996	0	0	208.94730632394885	-0
-15	5	-2.3861923629909434	0	92.97000000000001	-0	1.0999999999999996	0	0	208.94730632394885	-0
-15	2	-2.3861923629909434	0	92.97000000000001	-0	1.0999999999999996	0	0	208.94730632394885	-0
-15	0	-2.3861923629909434	0	92.97000000000001	-0	1.0999999999999996	0	0	208.94730632394885	-0
-15	-2	-2.3861923629909434	0	92.97000000000001	-0	1.0999999999999996	0	0	208.94730632394885	-0
-15	-5	-2.3861923629909434	0	92.97000000000001	-0	1.0999999999999996	0	0	208.94730632394885	-0
-15	-10	-2.3861923629909434	0	92.97000000000001	-0	1.0999999999999996	0	0	208.94730632394885	-0
-15	-20	-2.3861923629909434	0	92.97000000000001	-0	1.0999999999999996	0	0	208.94730632394885	-0
-15	-40	-2.3861923629909434	0	92.97000000000001	-0	1.0999999999999996	0	0	208.94730632394885	-0
-60	-5	-2.3861923629909434	17.478275862774478	92.96823452524222	-4.859163483063121	4.115217295005917	72.23253994659821	0.3796698837313628	158.34793085322465	-104.75542522483669
-60	-10	-2.3861923629909434	17.479189732205466	92.96644200122405	-4.858981459089992	4.115532569775568	72.79377953636558	0.38794869070803817	158.34793085322465	-104.76408410035545
-30	2	-2.3861923629909434	1.3001486899288386	92.97258369999814	-5.777608653249672	1.5748078654255224	1.472316241825644	0.1015080354866228	289.65465582679684	-7.52910879681781
-30	0	-2.3861923629909434	1.3001011398883122	92.96999999999998	-5.777668803111052	1.5747731378868621	1.4835801206862034	0.10414992822037697	289.65465582679684	-7.52887858575725
-30	-2	-2.3861923629909434	1.300148689928838	92.96741630000189	-5.77760865324967	1.5748078654255222	1.4723162418256497	0.10150803548662045	289.65465582679684	-7.529108796817804
-30	-5	-2.3861923629909434	1.3003996003772282	92.96352818256626	-5.777291329339143	1.5749910724706861	1.498240539388492	0.10639930919804758	289.65465582679684	-7.530323566769405
-30	-10	-2.3861923629909434	1.3013134698082003	92.9569656869167	-5.776136602396659	1.5756577543817685	1.5143983400309469	0.10833946817018228	289.65465582679684	-7.534748018327914
60	-40	-3.34066930818732	14.011444662138647	92.95110665280842	5.036810131359352	3.8075242743625206	67.23386692408971	0.7252628521542264	158.34793085322485	81.48800944917689
-30	-20	-2.3861923629909434	1.3052666714310064	92.94317634702212	-5.77116012893889	1.5785309226722257	1.5921149608697944	0.12298883062495546	289.65465582679684	-7.5538872394117575
-30	-40	-2.3861923629909434	1.3275554377915109	92.90919879775015	-5.7436566255223935	1.5944100777733996	2.0777160566887662	0.21872884550087876	289.65465582679684	-7.661797148331828
60	20	-3.34066930818732	13.989155895778143	92.97820828919859	5.041762190756764	3.7989470558841103	54.313348650742384	0.3909818005121167	158.34793085322485	81.28910691383656
60	10	-3.34066930818732	13.985202694155351	92.97397766585212	5.0426421507527674	3.7974229204624024	51.89015731812885	0.3425395009294281	158.34793085322485	81.2538289710035
60	5	-3.34066930818732	13.984288824724386	92.97197373884417	5.042845643642633	3.7970704604381726	51.45474125373082	0.3344016821615617	158.34793085322485	81.24567369924686
60	2	-3.34066930818732	13.984037914275989	92.97078782453778	5.042901518960651	3.7969736815484785	51.19830336042931	0.32966699454521214	158.34793085322485	81.24343460159915
60	-10	-3.34066930818732	13.985202694155358	92.9660223341479	5.042642150752767	3.797422920462404	51.90476728926055	0.342561474951971	158.34793085322485	81.25382897100356
60	-5	-3.34066930818732	13.984288824724386	92.96802626115584	5.042845643642633	3.7970704604381753	51.452343203726464	0.33440165145707534	158.34793085322485	81.24567369924691
60	-2	-3.34066930818732	13.984037914275994	92.96921217546226	5.042901518960651	3.79697368154848	51.198303360429485	0.3296669945452403	158.34793085322485	81.24343460159919
60	0	-3.34066930818732	13.983990364235463	92.97	5.042912108118491	3.7969553405890895	51.01489386805042	0.326432742408454	158.34793085322485	81.24301027019098
60	-20	-3.34066930818732	13.989155895778195	92.96179171080145	5.041762190756759	3.7989470558841116	54.36151890600859	0.3911082500025435	158.34793085322485	81.28910691383686
30	40	-3.34066930818732	0.16892512431932669	93.12762150188675	6.240562894956301	1.3075211093537213	0.12717222879263684	0.06325772618551455	289.65465582679684	1.0233900525658453
30	20	-3.34066930818732	0.1466363579588233	93.04876266113905	6.3096248148713325	1.2676481913000248	0.06570973867083603	0.038709409364583176	289.65465582679684	0.8942060300178116
30	10	-3.34066930818732	0.14268315633602968	93.00921409904888	6.324126655231145	1.2592755498645414	0.05650778968626843	0.03454674552933775	289.65465582679684	0.8712935691253657
30	5	-3.34066930818732	0.14176928690505783	92.9895823949655	6.327594165979359	1.2572735816006424	0.053941668738545334	0.03307998399521787	289.65465582679684	0.8659968502640731
30	2	-3.34066930818732	0.1415183764566697	92.97783009706467	6.328554035679009	1.2567194005711628	0	0	289.65465582679684	0.8645425920741919
30	0	-3.34066930818732	0.14147082641614456	92.97000000000001	6.3287363243554715	1.2566141561547366	0	0	289.65465582679684	0.8642669955962169
30	-5	-3.34066930818732	0.14176928690505872	92.95041760503452	6.327594165979357	1.2572735816006428	0.05417529210001846	0.03313846455976681	289.65465582679684	0.8659968502640784
30	-10	-3.34066930818732	0.1426831563360325	92.93078590095112	6.324126655231143	1.2592755498645432	0.05670810541417181	0.034587947160585206	289.65465582679684	0.8712935691253829
30	-2	-3.34066930818732	0.14151837645666995	92.96216990293534	6.3285540356790095	1.256719400571163	0	0	289.65465582679684	0.8645425920741936
30	-20	-3.34066930818732	0.1466363579588243	92.89123733886098	6.3096248148713325	1.2676481913000244	0.06638318430694974	0.03885450055630401	289.65465582679684	0.8942060300178176
30	-40	-3.34066930818732	0.16892512431933565	92.81237849811326	6.24056289495629	1.307521109353725	0.12496420171619106	0.06247117828478253	289.65465582679684	1.0233900525658983
15	40	-3.34066930818732	0	92.97000000000001	-0	1.0999999999999996	0	0	208.94730632394885	0
15	20	-3.34066930818732	0	92.97000000000001	-0	1.0999999999999996	0	0	208.94730632394885	0
15	10	-3.34066930818732	0	92.97000000000001	-0	1.0999999999999996	0	0	208.94730632394885	0
15	5	-3.34066930818732	0	92.97000000000001	-0	1.0999999999999996	0	0	208.94730632394885	0
15	2	-3.34066930818732	0	92.97000000000001	-0	1.0999999999999996	0	0	208.94730632394885	0
15	0	-3.34066930818732	0	92.97000000000001	-0	1.0999999999999996	0	0	208.94730632394885	0
15	-2	-3.34066930818732	0	92.97000000000001	-0	1.0999999999999996	0	0	208.94730632394885	0
15	-5	-3.34066930818732	0	92.97000000000001	-0	1.0999999999999996	0	0	208.94730632394885	0
15	-10	-3.34066930818732	0	92.97000000000001	-0	1.0999999999999996	0	0	208.94730632394885	0
15	-20	-3.34066930818732	0	92.97000000000001	-0	1.0999999999999996	0	0	208.94730632394885	0
15	-40	-3.34066930818732	0	92.97000000000001	-0	1.0999999999999996	0	0	208.94730632394885	0
10	40	-3.34066930818732	0	92.97000000000001	-0	1.0999999999999996	0	0	196.7584029510415	0
10	20	-3.34066930818732	0	92.97000000000001	-0	1.0999999999999996	0	0	196.7584029510415	0
10	10	-3.34066930818732	0	92.97000000000001	-0	1.0999999999999996	0	0	196.7584029510415	0
10	5	-3.34066930818732	0	92.97000000000001	-0	1.0999999999999996	0	0	196.7584029510415	0
10	2	-3.34066930818732	0	92.97000000000001	-0	1.0999999999999996	0	0	196.7584029510415	0
10	0	-3.34066930818732	0	92.97000000000001	-0	1.0999999999999996	0	0	196.7584029510415	0
10	-2	-3.34066930818732	0	92.97000000000001	-0	1.0999999999999996	0	0	196.7584029510415	0
10	-5	-3.34066930818732	0	92.97000000000001	-0	1.0999999999999996	0	0	196.7584029510415	0
10	-10	-3.34066930818732	0	92.97000000000001	-0	1.0999999999999996	0	0	196.7584029510415	0
10	-20	-3.34066930818732	0	92.97000000000001	-0	1.0999999999999996	0	0	196.7584029510415	0
10	-40	-3.34066930818732	0	92.97000000000001	-0	1.0999999999999996	0	0	196.7584029510415	0
5	40	-3.34066930818732	0	92.97000000000001	-0	1.0999999999999996	0	0	189.1106476058704	0
5	20	-3.34066930818732	0	92.97000000000001	-0	1.0999999999999996	0	0	189.1106476058704	0
5	10	-3.34066930818732	0	92.97000000000001	-0	1.0999999999999996	0	0	189.1106476058704	0
5	5	-3.34066930818732	0	92.97000000000001	-0	1.0999999999999996	0	0	189.1106476058704	0
5	2	-3.34066930818732	0	92.97000000000001	-0	1.0999999999999996	0	0	189.1106476058704	0
5	0	-3.34066930818732	0	92.97000000000001	-0	1.0999999999999996	0	0	189.1106476058704	0
5	-2	-3.34066930818732	0	92.97000000000001	-0	1.0999999999999996	0	0	189.1106476058704	0
5	-5	-3.34066930818732	0	92.97000000000001	-0	1.0999999999999996	0	0	189.1106476058704	0
5	-10	-3.34066930818732	0	92.97000000000001	-0	1.0999999999999996	0	0	189.1106476058704	0
5	-20	-3.34066930818732	0	92.97000000000001	-0	1.0999999999999996	0	0	189.1106476058704	0
5	-40	-3.34066930818732	0	92.97000000000001	-0	1.0999999999999996	0	0	189.1106476058704	0
2	40	-3.34066930818732	0	92.97000000000001	-0	1.0999999999999996	0	0	188.18202113571078	0
2	20	-3.34066930818732	0	92.97000000000001	-0	1.0999999999999996	0	0	188.18202113571078	0
2	10	-3.34066930818732	0	92.97000000000001	-0	1.0999999999999996	0	0	188.18202113571078	0
2	5	-3.34066930818732	0	92.97000000000001	-0	1.0999999999999996	0	0	188.18202113571078	0
2	2	-3.34066930818732	0	92.97000000000001	-0	1.0999999999999996	0	0	188.18202113571078	0
2	0	-3.34066930818732	0	92.97000000000001	-0	1.0999999999999996	0	0	188.18202113571078	0
2	-2	-3.34066930818732	0	92.97000000000001	-0	1.0999999999999996	0	0	188.18202113571078	0
2	-5	-3.34066930818732	0	92.97000000000001	-0	1.0999999999999996	0	0	188.18202113571078	0
2	-10	-3.34066930818732	0	92.97000000000001	-0	1.0999999999999996	0	0	188.18202113571078	0
2	-20	-3.34066930818732	0	92.97000000000001	-0	1.0999999999999996	0	0	188.18202113571078	0
2	-40	-3.34066930818732	0	92.97000000000001	-0	1.0999999999999996	0	0	188.18202113571078	0
0	40	-3.34066930818732	0	92.97000000000001	-0	1.0999999999999996	0	0	187.404022058532	0
0	20	-3.34066930818732	0	92.97000000000001	-0	1.0999999999999996	0	0	187.404022058532	0
0	10	-3.34066930818732	0	92.97000000000001	-0	1.0999999999999996	0	0	187.404022058532	0
0	5	-3.34066930818732	0	92.97000000000001	-0	1.0999999999999996	0	0	187.404022058532	0
0	2	-3.34066930818732	0	92.97000000000001	-0	1.0999999999999996	0	0	187.404022058532	0
0	0	-3.34066930818732	0	92.97000000000001	-0	1.0999999999999996	0	0	187.404022058532	0
0	-2	-3.34066930818732	0	92.97000000000001	-0	1.0999999999999996	0	0	187.404022058532	0
0	-5	-3.34066930818732	0	92.97000000000001	-0	1.0999999999999996	0	0	187.404022058532	0
0	-10	-3.34066930818732	0	92.97000000000001	-0	1.0999999999999996	0	0	187.404022058532	0
0	-20	-3.34066930818732	0	92.97000000000001	-0	1.0999999999999996	0	0	187.404022058532	0
0	-40	-3.34066930818732	0	92.97000000000001	-0	1.0999999999999996	0	0	187.404022058532	0
-2	40	-3.34066930818732	0	92.97000000000001	-0	1.0999999999999996	0	0	188.18202113571078	-0
-2	20	-3.34066930818732	0	92.97000000000001	-0	1.0999999999999996	0	0	188.18202113571078	-0
-2	10	-3.34066930818732	0	92.97000000000001	-0	1.0999999999999996	0	0	188.18202113571078	-0
-2	5	-3.34066930818732	0	92.97000000000001	-0	1.0999999999999996	0	0	188.18202113571078	-0
-2	2	-3.34066930818732	0	92.97000000000001	-0	1.0999999999999996	0	0	188.18202113571078	-0
-2	0	-3.34066930818732	0	92.97000000000001	-0	1.0999999999999996	0	0	188.18202113571078	-0
-2	-2	-3.34066930818732	0	92.97000000000001	-0	1.0999999999999996	0	0	188.18202113571078	-0
-2	-5	-3.34066930818732	0	92.97000000000001	-0	1.0999999999999996	0	0	188.18202113571078	-0
-2	-10	-3.34066930818732	0	92.97000000000001	-0	1.0999999999999996	0	0	188.18202113571078	-0
-2	-20	-3.34066930818732	0	92.97000000000001	-0	1.0999999999999996	0	0	188.18202113571078	-0
-2	-40	-3.34066930818732	0	92.97000000000001	-0	1.0999999999999996	0	0	188.18202113571078	-0
-15	40	-3.34066930818732	0	92.97000000000001	-0	1.0999999999999996	0	0	208.94730632394885	-0
-15	20	-3.34066930818732	0	92.97000000000001	-0	1.0999999999999996	0	0	208.94730632394885	-0
-15	10	-3.34066930818732	0	92.97000000000001	-0	1.0999999999999996	0	0	208.94730632394885	-0
-15	5	-3.34066930818732	0	92.97000000000001	-0	1.0999999999999996	0	0	208.94730632394885	-0
-15	2	-3.34066930818732	0	92.97000000000001	-0	1.0999999999999996	0	0	208.94730632394885	-0
-15	0	-3.34066930818732	0	92.97000000000001	-0	1.0999999999999996	0	0	208.94730632394885	-0
-15	-2	-3.34066930818732	0	92.97000000000001	-0	1.0999999999999996	0	0	208.94730632394885	-0
-15	-5	-3.34066930818732	0	92.97000000000001	-0	1.0999999999999996	0	0	208.94730632394885	-0
-15	-10	-3.34066930818732	0	92.97000000000001	-0	1.0999999999999996	0	0	208.94730632394885	-0
-15	-20	-3.34066930818732	0	92.97000000000001	-0	1.0999999999999996	0	0	208.94730632394885	-0
-15	-40	-3.34066930818732	0	92.97000000000001	-0	1.0999999999999996	0	0	208.94730632394885	-0
-15	40	-3.34066930818732	0	92.97000000000001	-0	1.0999999999999996	0	0	208.94730632394885	-0
-15	20	-3.34066930818732	0	92.97000000000001	-0	1.0999999999999996	0	0	208.94730632394885	-0
-15	10	-3.34066930818732	0	92.97000000000001	-0	1.0999999999999996	0	0	208.94730632394885	-0
-15	5	-3.34066930818732	0	92.97000000000001	-0	1.0999999999999996	0	0	208.94730632394885	-0
-15	2	-3.34066930818732	0	92.97000000000001	-0	1.0999999999999996	0	0	208.94730632394885	-0
-60	40	-3.34066930818732	14.011444662138661	92.9888933471916	-5.036810131359351	3.8075242743625246	67.25384416029597	0.7253312600176993	158.34793085322465	-81.488009449177
-15	0	-3.34066930818732	0	92.97000000000001	-0	1.0999999999999996	0	0	208.94730632394885	-0
-15	-2	-3.34066930818732	0	92.97000000000001	-0	1.0999999999999996	0	0	208.94730632394885	-0
-15	-5	-3.34066930818732	0	92.97000000000001	-0	1.0999999999999996	0	0	208.94730632394885	-0
-30	40	-3.34066930818732	0.16892512431932566	93.12762150188678	-6.240562894956305	1.3075211093537227	0.12717222879263704	0.06325772618551465	289.65465582679684	-1.02339005256584
-15	-10	-3.34066930818732	0	92.97000000000001	-0	1.0999999999999996	0	0	208.94730632394885	-0
-30	20	-3.34066930818732	0.14663635795882257	93.04876266113908	-6.3096248148713325	1.2676481913000237	0.06570973867083747	0.038709409364584044	289.65465582679684	-0.8942060300178072
-15	-20	-3.34066930818732	0	92.97000000000001	-0	1.0999999999999996	0	0	208.94730632394885	-0
-15	-40	-3.34066930818732	0	92.97000000000001	-0	1.0999999999999996	0	0	208.94730632394885	-0
-30	10	-3.34066930818732	0.14268315633602896	93.00921409904889	-6.324126655231146	1.2592755498645414	0.05650778968626844	0.03454674552933775	289.65465582679684	-0.8712935691253615
-30	5	-3.34066930818732	0.14176928690505802	92.98958239496547	-6.327594165979357	1.2572735816006422	0.05394166873854551	0.03307998399521798	289.65465582679684	-0.8659968502640739
-60	10	-3.34066930818732	13.985202694155356	92.97397766585212	-5.042642150752766	3.797422920462403	51.890157318128836	0.3425395009294281	158.34793085322465	-81.25382897100351
-30	2	-3.34066930818732	0.14151837645666965	92.97783009706465	-6.3285540356790095	1.2567194005711624	0	0	289.65465582679684	-0.8645425920741917
-60	-2	-3.34066930818732	13.984037914275994	92.96921217546226	-5.042901518960652	3.796973681548477	51.19830336042947	0.3296669945452403	158.34793085322465	-81.24343460159915
-60	20	-3.34066930818732	13.989155895778158	92.97820828919859	-5.041762190756764	3.7989470558841094	54.31334865074235	0.3909818005121164	158.34793085322465	-81.28910691383663
-60	5	-3.34066930818732	13.984288824724386	92.9719737388442	-5.042845643642633	3.7970704604381753	51.45474125373084	0.3344016821615617	158.34793085322465	-81.24567369924691
-60	-40	-3.34066930818732	14.011444662138642	92.95110665280845	-5.036810131359354	3.807524274362521	67.23386692408968	0.7252628521542264	158.34793085322465	-81.48800944917687
-30	0	-3.34066930818732	0.14147082641614434	92.97000000000001	-6.328736324355471	1.2566141561547366	0	0	289.65465582679684	-0.8642669955962153
-60	0	-3.34066930818732	13.983990364235458	92.97000000000006	-5.042912108118491	3.796955340589089	51.01489386805042	0.326432742408454	158.34793085322465	-81.24301027019094
-30	-5	-3.34066930818732	0.1417692869050589	92.9504176050345	-6.327594165979358	1.2572735816006433	0.05417529210001883	0.03313846455976703	289.65465582679684	-0.8659968502640797
-60	2	-3.34066930818732	13.984037914275989	92.97078782453778	-5.042901518960652	3.7969736815484785	51.19830336042943	0.3296669945452124	158.34793085322465	-81.24343460159915
-30	-2	-3.34066930818732	0.14151837645666931	92.96216990293539	-6.32855403567901	1.2567194005711624	0	0	289.65465582679684	-0.8645425920741898
-60	-5	-3.34066930818732	13.984288824724386	92.96802626115583	-5.042845643642634	3.7970704604381758	51.452343203726436	0.3344016514570751	158.34793085322465	-81.24567369924691
-30	-10	-3.34066930818732	0.14268315633603293	92.93078590095115	-6.32412665523114	1.2592755498645434	0.05670810541417144	0.034587947160584984	289.65465582679684	-0.8712935691253851
-60	-10	-3.34066930818732	13.985202694155358	92.96602233414791	-5.042642150752767	3.7974229204624037	51.904767289260555	0.342561474951971	158.34793085322465	-81.25382897100356
-30	-20	-3.34066930818732	0.14663635795882418	92.89123733886093	-6.309624814871331	1.2676481913000246	0.06638318430695143	0.038854500556305016	289.65465582679684	-0.8942060300178167
-60	-20	-3.34066930818732	13.98915589577819	92.96179171080146	-5.041762190756763	3.7989470558841125	54.36151890600852	0.3911082500025429	158.34793085322465	-81.28910691383686
-30	-40	-3.34066930818732	0.1689251243193368	92.81237849811328	-6.240562894956293	1.3075211093537256	0.12496420171619246	0.06247117828478321	289.65465582679684	-1.0233900525659057
60	40	-4.295146253383697	10.906683744851577	92.99140832115262	5.219687044976741	3.490772168445818	46.22023761803906	0.6368255732986053	158.34793085322485	61.4367049408631
60	10	-4.295146253383697	10.880441776868256	92.97450955868491	5.22629522584573	3.4793264634351244	35.93496335897107	0.3098210080909703	158.34793085322485	61.21698555893867
60	20	-4.295146253383697	10.884394978491038	92.9793051499518	5.225297702859583	3.4810542239288553	37.72547927305064	0.35563957065996515	158.34793085322485	61.25008502075245
60	2	-4.295146253383697	10.879276996988875	92.97089319353664	5.226589276442975	3.478817152860701	35.384292417644616	0.2966649641311011	158.34793085322485	61.207233061895124
60	5	-4.295146253383697	10.879527907437263	92.97223770861054	5.226525928366668	3.4789268749474287	35.087300597620874	0.28924364405308456	158.34793085322485	61.209333890943974
60	-40	-4.295146253383697	10.906683744851597	92.94859167884741	5.219687044976741	3.490772168445824	46.26108368405803	0.6369685509931782	158.34793085322485	61.43670494086327
60	-5	-4.295146253383697	10.879527907437266	92.96776229138945	5.226525928366667	3.4789268749474282	35.10015177357654	0.2892814008987568	158.34793085322485	61.20933389094398
60	-2	-4.295146253383697	10.879276996988882	92.96910680646334	5.226589276442976	3.4788171528607017	35.380633255152205	0.29665620447533364	158.34793085322485	61.20723306189518
60	0	-4.295146253383697	10.879229446948349	92.97000000000001	5.226601281866631	3.478796358856964	35.23833107478429	0.2933595645718989	158.34793085322485	61.20683493376993
60	-20	-4.295146253383697	10.88439497849104	92.96069485004824	5.225297702859581	3.4810542239288536	37.679132061122445	0.3554869716360208	158.34793085322485	61.25008502075242
60	-10	-4.295146253383697	10.880441776868249	92.96549044131511	5.226295225845733	3.4793264634351257	35.92010059860721	0.30977009852336357	158.34793085322485	61.21698555893867
30	40	-4.295146253383697	0	92.97000000000001	-0	1.0999999999999996	0	0	289.65465582679684	0
30	20	-4.295146253383697	0	92.97000000000001	-0	1.0999999999999996	0	0	289.65465582679684	0
30	10	-4.295146253383697	0	92.97000000000001	-0	1.0999999999999996	0	0	289.65465582679684	0
30	5	-4.295146253383697	0	92.97000000000001	-0	1.0999999999999996	0	0	289.65465582679684	0
30	2	-4.295146253383697	0	92.97000000000001	-0	1.0999999999999996	0	0	289.65465582679684	0
30	0	-4.295146253383697	0	92.97000000000001	-0	1.0999999999999996	0	0	289.65465582679684	0
30	-2	-4.295146253383697	0	92.97000000000001	-0	1.0999999999999996	0	0	289.65465582679684	0
30	-5	-4.295146253383697	0	92.97000000000001	-0	1.0999999999999996	0	0	289.65465582679684	0
30	-10	-4.295146253383697	0	92.97000000000001	-0	1.0999999999999996	0	0	289.65465582679684	0
30	-20	-4.295146253383697	0	92.97000000000001	-0	1.0999999999999996	0	0	289.65465582679684	0
30	-40	-4.295146253383697	0	92.97000000000001	-0	1.0999999999999996	0	0	289.65465582679684	0
15	40	-4.295146253383697	0	92.97000000000001	-0	1.0999999999999996	0	0	208.94730632394885	0
15	20	-4.295146253383697	0	92.97000000000001	-0	1.0999999999999996	0	0	208.94730632394885	0
15	10	-4.295146253383697	0	92.97000000000001	-0	1.0999999999999996	0	0	208.94730632394885	0
15	5	-4.295146253383697	0	92.97000000000001	-0	1.0999999999999996	0	0	208.94730632394885	0
15	2	-4.295146253383697	0	92.97000000000001	-0	1.0999999999999996	0	0	208.94730632394885	0
15	0	-4.295146253383697	0	92.97000000000001	-0	1.0999999999999996	0	0	208.94730632394885	0
15	-2	-4.295146253383697	0	92.97000000000001	-0	1.0999999999999996	0	0	208.94730632394885	0
15	-5	-4.295146253383697	0	92.97000000000001	-0	1.0999999999999996	0	0	208.94730632394885	0
15	-10	-4.295146253383697	0	92.97000000000001	-0	1.0999999999999996	0	0	208.94730632394885	0
15	-20	-4.295146253383697	0	92.97000000000001	-0	1.0999999999999996	0	0	208.94730632394885	0
15	-40	-4.295146253383697	0	92.97000000000001	-0	1.0999999999999996	0	0	208.94730632394885	0
10	40	-4.295146253383697	0	92.97000000000001	-0	1.0999999999999996	0	0	196.7584029510415	0
10	20	-4.295146253383697	0	92.97000000000001	-0	1.0999999999999996	0	0	196.7584029510415	0
10	10	-4.295146253383697	0	92.97000000000001	-0	1.0999999999999996	0	0	196.7584029510415	0
10	5	-4.295146253383697	0	92.97000000000001	-0	1.0999999999999996	0	0	196.7584029510415	0
10	2	-4.295146253383697	0	92.97000000000001	-0	1.0999999999999996	0	0	196.7584029510415	0
10	0	-4.295146253383697	0	92.97000000000001	-0	1.0999999999999996	0	0	196.7584029510415	0
10	-2	-4.295146253383697	0	92.97000000000001	-0	1.0999999999999996	0	0	196.7584029510415	0
10	-5	-4.295146253383697	0	92.97000000000001	-0	1.0999999999999996	0	0	196.7584029510415	0
10	-10	-4.295146253383697	0	92.97000000000001	-0	1.0999999999999996	0	0	196.7584029510415	0
10	-20	-4.295146253383697	0	92.97000000000001	-0	1.0999999999999996	0	0	196.7584029510415	0
10	-40	-4.295146253383697	0	92.97000000000001	-0	1.0999999999999996	0	0	196.7584029510415	0
5	40	-4.295146253383697	0	92.97000000000001	-0	1.0999999999999996	0	0	189.1106476058704	0
5	20	-4.295146253383697	0	92.97000000000001	-0	1.0999999999999996	0	0	189.1106476058704	0
5	10	-4.295146253383697	0	92.97000000000001	-0	1.0999999999999996	0	0	189.1106476058704	0
5	5	-4.295146253383697	0	92.97000000000001	-0	1.0999999999999996	0	0	189.1106476058704	0
5	2	-4.295146253383697	0	92.97000000000001	-0	1.0999999999999996	0	0	189.1106476058704	0
5	0	-4.295146253383697	0	92.97000000000001	-0	1.0999999999999996	0	0	189.1106476058704	0
5	-2	-4.295146253383697	0	92.97000000000001	-0	1.0999999999999996	0	0	189.1106476058704	0
5	-5	-4.295146253383697	0	92.97000000000001	-0	1.0999999999999996	0	0	189.1106476058704	0
5	-10	-4.295146253383697	0	92.97000000000001	-0	1.0999999999999996	0	0	189.1106476058704	0
5	-20	-4.295146253383697	0	92.97000000000001	-0	1.0999999999999996	0	0	189.1106476058704	0
5	-40	-4.295146253383697	0	92.97000000000001	-0	1.0999999999999996	0	0	189.1106476058704	0
2	40	-4.295146253383697	0	92.97000000000001	-0	1.0999999999999996	0	0	188.18202113571078	0
2	20	-4.295146253383697	0	92.97000000000001	-0	1.0999999999999996	0	0	188.18202113571078	0
2	10	-4.295146253383697	0	92.97000000000001	-0	1.0999999999999996	0	0	188.18202113571078	0
2	5	-4.295146253383697	0	92.97000000000001	-0	1.0999999999999996	0	0	188.18202113571078	0
2	2	-4.295146253383697	0	92.97000000000001	-0	1.0999999999999996	0	0	188.18202113571078	0
2	0	-4.295146253383697	0	92.97000000000001	-0	1.0999999999999996	0	0	188.18202113571078	0
2	-2	-4.295146253383697	0	92.97000000000001	-0	1.0999999999999996	0	0	188.18202113571078	0
2	-5	-4.295146253383697	0	92.97000000000001	-0	1.0999999999999996	0	0	188.18202113571078	0
2	-10	-4.295146253383697	0	92.97000000000001	-0	1.0999999999999996	0	0	188.18202113571078	0
2	-20	-4.295146253383697	0	92.97000000000001	-0	1.0999999999999996	0	0	188.18202113571078	0
2	-40	-4.295146253383697	0	92.97000000000001	-0	1.0999999999999996	0	0	188.18202113571078	0
0	40	-4.295146253383697	0	92.97000000000001	-0	1.0999999999999996	0	0	187.404022058532	0
0	20	-4.295146253383697	0	92.97000000000001	-0	1.0999999999999996	0	0	187.404022058532	0
0	10	-4.295146253383697	0	92.97000000000001	-0	1.0999999999999996	0	0	187.404022058532	0
0	5	-4.295146253383697	0	92.97000000000001	-0	1.0999999999999996	0	0	187.404022058532	0
0	2	-4.295146253383697	0	92.97000000000001	-0	1.0999999999999996	0	0	187.404022058532	0
0	0	-4.295146253383697	0	92.97000000000001	-0	1.0999999999999996	0	0	187.404022058532	0
0	-2	-4.295146253383697	0	92.97000000000001	-0	1.0999999999999996	0	0	187.404022058532	0
0	-5	-4.295146253383697	0	92.97000000000001	-0	1.0999999999999996	0	0	187.404022058532	0
0	-10	-4.295146253383697	0	92.97000000000001	-0	1.0999999999999996	0	0	187.404022058532	0
0	-20	-4.295146253383697	0	92.97000000000001	-0	1.0999999999999996	0	0	187.404022058532	0
0	-40	-4.295146253383697	0	92.97000000000001	-0	1.0999999999999996	0	0	187.404022058532	0
-2	40	-4.295146253383697	0	92.97000000000001	-0	1.0999999999999996	0	0	188.18202113571078	-0
-2	20	-4.295146253383697	0	92.97000000000001	-0	1.0999999999999996	0	0	188.18202113571078	-0
-2	10	-4.295146253383697	0	92.97000000000001	-0	1.0999999999999996	0	0	188.18202113571078	-0
-2	5	-4.295146253383697	0	92.97000000000001	-0	1.0999999999999996	0	0	188.18202113571078	-0
-2	2	-4.295146253383697	0	92.97000000000001	-0	1.0999999999999996	0	0	188.18202113571078	-0
-2	0	-4.295146253383697	0	92.97000000000001	-0	1.0999999999999996	0	0	188.18202113571078	-0
-2	-2	-4.295146253383697	0	92.97000000000001	-0	1.0999999999999996	0	0	188.18202113571078	-0
-2	-5	-4.295146253383697	0	92.97000000000001	-0	1.0999999999999996	0	0	188.18202113571078	-0
-2	-10	-4.295146253383697	0	92.97000000000001	-0	1.0999999999999996	0	0	188.18202113571078	-0
-2	-20	-4.295146253383697	0	92.97000000000001	-0	1.0999999999999996	0	0	188.18202113571078	-0
-2	-40	-4.295146253383697	0	92.97000000000001	-0	1.0999999999999996	0	0	188.18202113571078	-0
-15	40	-4.295146253383697	0	92.97000000000001	-0	1.0999999999999996	0	0	208.94730632394885	-0
-15	20	-4.295146253383697	0	92.97000000000001	-0	1.0999999999999996	0	0	208.94730632394885	-0
-15	10	-4.295146253383697	0	92.97000000000001	-0	1.0999999999999996	0	0	208.94730632394885	-0
-15	5	-4.295146253383697	0	92.97000000000001	-0	1.0999999999999996	0	0	208.94730632394885	-0
-15	2	-4.295146253383697	0	92.97000000000001	-0	1.0999999999999996	0	0	208.94730632394885	-0
-15	0	-4.295146253383697	0	92.97000000000001	-0	1.0999999999999996	0	0	208.94730632394885	-0
-15	-2	-4.295146253383697	0	92.97000000000001	-0	1.0999999999999996	0	0	208.94730632394885	-0
-15	-5	-4.295146253383697	0	92.97000000000001	-0	1.0999999999999996	0	0	208.94730632394885	-0
-15	-10	-4.295146253383697	0	92.97000000000001	-0	1.0999999999999996	0	0	208.94730632394885	-0
-15	-20	-4.295146253383697	0	92.97000000000001	-0	1.0999999999999996	0	0	208.94730632394885	-0
-15	-40	-4.295146253383697	0	92.97000000000001	-0	1.0999999999999996	0	0	208.94730632394885	-0
-15	40	-4.295146253383697	0	92.97000000000001	-0	1.0999999999999996	0	0	208.94730632394885	-0
-15	20	-4.295146253383697	0	92.97000000000001	-0	1.0999999999999996	0	0	208.94730632394885	-0
-15	10	-4.295146253383697	0	92.97000000000001	-0	1.0999999999999996	0	0	208.94730632394885	-0
-60	40	-4.295146253383697	10.906683744851566	92.9914083211526	-5.219687044976743	3.4907721684458175	46.220237618038915	0.6368255732986033	158.34793085322465	-61.43670494086305
-15	5	-4.295146253383697	0	92.97000000000001	-0	1.0999999999999996	0	0	208.94730632394885	-0
-15	2	-4.295146253383697	0	92.97000000000001	-0	1.0999999999999996	0	0	208.94730632394885	-0
-15	0	-4.295146253383697	0	92.97000000000001	-0	1.0999999999999996	0	0	208.94730632394885	-0
-15	-2	-4.295146253383697	0	92.97000000000001	-0	1.0999999999999996	0	0	208.94730632394885	-0
-15	-5	-4.295146253383697	0	92.97000000000001	-0	1.0999999999999996	0	0	208.94730632394885	-0
-60	20	-4.295146253383697	10.88439497849105	92.9793051499518	-5.225297702859581	3.481054223928854	37.72547927305068	0.35563957065996565	158.34793085322465	-61.250085020752486
-15	-10	-4.295146253383697	0	92.97000000000001	-0	1.0999999999999996	0	0	208.94730632394885	-0
-60	5	-4.295146253383697	10.879527907437271	92.97223770861052	-5.226525928366666	3.478926874947428	35.08730059762087	0.28924364405308456	158.34793085322465	-61.209333890944
-15	-20	-4.295146253383697	0	92.97000000000001	-0	1.0999999999999996	0	0	208.94730632394885	-0
-60	-40	-4.295146253383697	10.906683744851602	92.94859167884742	-5.21968704497674	3.4907721684458233	46.261083684058164	0.6369685509931802	158.34793085322465	-61.436704940863294
-60	2	-4.295146253383697	10.879276996988876	92.97089319353665	-5.226589276442977	3.478817152860701	35.3842924176446	0.2966649641311011	158.34793085322465	-61.20723306189514
-15	-40	-4.295146253383697	0	92.97000000000001	-0	1.0999999999999996	0	0	208.94730632394885	-0
-30	40	-4.295146253383697	0	92.97000000000001	-0	1.0999999999999996	0	0	289.65465582679684	-0
-60	-5	-4.295146253383697	10.879527907437263	92.96776229138949	-5.2265259283666685	3.4789268749474282	35.10015177357651	0.28928140089875665	158.34793085322465	-61.209333890943974
-30	20	-4.295146253383697	0	92.97000000000001	-0	1.0999999999999996	0	0	289.65465582679684	-0
-60	10	-4.295146253383697	10.880441776868254	92.97450955868493	-5.226295225845733	3.4793264634351253	35.93496335897102	0.3098210080909703	158.34793085322465	-61.21698555893869
-60	-2	-4.295146253383697	10.879276996988878	92.96910680646339	-5.2265892764429775	3.4788171528607017	35.380633255152205	0.29665620447533364	158.34793085322465	-61.20723306189516
-30	10	-4.295146253383697	0	92.97000000000001	-0	1.0999999999999996	0	0	289.65465582679684	-0
-30	5	-4.295146253383697	0	92.97000000000001	-0	1.0999999999999996	0	0	289.65465582679684	-0
-30	2	-4.295146253383697	0	92.97000000000001	-0	1.0999999999999996	0	0	289.65465582679684	-0
-60	0	-4.295146253383697	10.879229446948347	92.97000000000001	-5.226601281866633	3.478796358856964	35.23833107478429	0.2933595645718989	158.34793085322465	-61.206834933769926
-60	-10	-4.295146253383697	10.880441776868246	92.9654904413151	-5.226295225845733	3.479326463435124	35.920100598607206	0.30977009852336357	158.34793085322465	-61.21698555893863
-30	0	-4.295146253383697	0	92.97000000000001	-0	1.0999999999999996	0	0	289.65465582679684	-0
60	40	-5.249623198580074	8.19114894832746	92.99469305457124	5.402315349691076	3.174450665780418	30.26360400760318	0.5554327947580496	158.34793085322485	44.64432227626364
-60	-20	-4.295146253383697	10.884394978491038	92.96069485004824	-5.225297702859583	3.4810542239288544	37.67913206112245	0.3554869716360208	158.34793085322465	-61.25008502075244
-30	-2	-4.295146253383697	0	92.97000000000001	-0	1.0999999999999996	0	0	289.65465582679684	-0
-30	-5	-4.295146253383697	0	92.97000000000001	-0	1.0999999999999996	0	0	289.65465582679684	-0
-30	-10	-4.295146253383697	0	92.97000000000001	-0	1.0999999999999996	0	0	289.65465582679684	-0
-30	-20	-4.295146253383697	0	92.97000000000001	-0	1.0999999999999996	0	0	289.65465582679684	-0
-30	-40	-4.295146253383697	0	92.97000000000001	-0	1.0999999999999996	0	0	289.65465582679684	-0
60	5	-5.249623198580074	8.163993110913145	92.97258318352378	5.410203468453595	3.160788043307598	22.948523297243504	0.2546468502064167	158.34793085322485	44.4319159263557
60	-40	-5.249623198580074	8.19114894832743	92.94530694542877	5.402315349691079	3.174450665780418	30.254201166058948	0.5553813513434621	158.34793085322485	44.64432227626349
60	20	-5.249623198580074	8.168860181966881	92.98074015414976	5.408785843700441	3.1632434414061326	24.442181587050896	0.3041490514402934	158.34793085322485	44.46998497138261
60	2	-5.249623198580074	8.163742200464757	92.97103109963318	5.410276596593831	3.160661381653247	22.801619826795196	0.24996557335570993	158.34793085322485	44.4299533659057
60	10	-5.249623198580074	8.16490698034412	92.97520563410363	5.409937158147916	3.1612493062876177	23.209540606260045	0.2627570461405324	158.34793085322485	44.43906399058825
60	0	-5.249623198580074	8.163694650424224	92.96999999999998	5.410290455614771	3.1606373771248375	22.693157596429867	0.2467538580155844	158.34793085322485	44.42958144106343
60	-20	-5.249623198580074	8.16886018196696	92.95925984585023	5.408785843700436	3.163243441406141	24.43369058397687	0.3041029353098867	158.34793085322485	44.46998497138308
60	-10	-5.249623198580074	8.164906980344115	92.9647943658964	5.409937158147915	3.1612493062876186	23.21221882127981	0.26276832596355537	158.34793085322485	44.439063990588224
60	-2	-5.249623198580074	8.163742200464753	92.96896890036683	5.410276596593833	3.160661381653249	22.80161982679511	0.24996557335571437	158.34793085322485	44.429953365905696
60	-5	-5.249623198580074	8.163993110913134	92.96741681647619	5.410203468453595	3.1607880433075968	22.94852329724347	0.2546468502064521	158.34793085322485	44.43191592635563
30	40	-5.249623198580074	0	92.97000000000001	-0	1.0999999999999996	0	0	289.65465582679684	0
30	20	-5.249623198580074	0	92.97000000000001	-0	1.0999999999999996	0	0	289.65465582679684	0
30	10	-5.249623198580074	0	92.97000000000001	-0	1.0999999999999996	0	0	289.65465582679684	0
30	5	-5.249623198580074	0	92.97000000000001	-0	1.0999999999999996	0	0	289.65465582679684	0
30	2	-5.249623198580074	0	92.97000000000001	-0	1.0999999999999996	0	0	289.65465582679684	0
30	0	-5.249623198580074	0	92.97000000000001	-0	1.0999999999999996	0	0	289.65465582679684	0
30	-2	-5.249623198580074	0	92.97000000000001	-0	1.0999999999999996	0	0	289.65465582679684	0
30	-5	-5.249623198580074	0	92.97000000000001	-0	1.0999999999999996	0	0	289.65465582679684	0
30	-10	-5.249623198580074	0	92.97000000000001	-0	1.0999999999999996	0	0	289.65465582679684	0
30	-20	-5.249623198580074	0	92.97000000000001	-0	1.0999999999999996	0	0	289.65465582679684	0
30	-40	-5.249623198580074	0	92.97000000000001	-0	1.0999999999999996	0	0	289.65465582679684	0
15	40	-5.249623198580074	0	92.97000000000001	-0	1.0999999999999996	0	0	208.94730632394885	0
15	20	-5.249623198580074	0	92.97000000000001	-0	1.0999999999999996	0	0	208.94730632394885	0
15	10	-5.249623198580074	0	92.97000000000001	-0	1.0999999999999996	0	0	208.94730632394885	0
15	5	-5.249623198580074	0	92.97000000000001	-0	1.0999999999999996	0	0	208.94730632394885	0
15	2	-5.249623198580074	0	92.97000000000001	-0	1.0999999999999996	0	0	208.94730632394885	0
15	0	-5.249623198580074	0	92.97000000000001	-0	1.0999999999999996	0	0	208.94730632394885	0
15	-2	-5.249623198580074	0	92.97000000000001	-0	1.0999999999999996	0	0	208.94730632394885	0
15	-5	-5.249623198580074	0	92.97000000000001	-0	1.0999999999999996	0	0	208.94730632394885	0
15	-10	-5.249623198580074	0	92.97000000000001	-0	1.0999999999999996	0	0	208.94730632394885	0
15	-20	-5.249623198580074	0	92.97000000000001	-0	1.0999999999999996	0	0	208.94730632394885	0
15	-40	-5.249623198580074	0	92.97000000000001	-0	1.0999999999999996	0	0	208.94730632394885	0
10	40	-5.249623198580074	0	92.97000000000001	-0	1.0999999999999996	0	0	196.7584029510415	0
10	20	-5.249623198580074	0	92.97000000000001	-0	1.0999999999999996	0	0	196.7584029510415	0
10	10	-5.249623198580074	0	92.97000000000001	-0	1.0999999999999996	0	0	196.7584029510415	0
10	5	-5.249623198580074	0	92.97000000000001	-0	1.0999999999999996	0	0	196.7584029510415	0
10	2	-5.249623198580074	0	92.97000000000001	-0	1.0999999999999996	0	0	196.7584029510415	0
10	0	-5.249623198580074	0	92.97000000000001	-0	1.0999999999999996	0	0	196.7584029510415	0
10	-2	-5.249623198580074	0	92.97000000000001	-0	1.0999999999999996	0	0	196.7584029510415	0
10	-5	-5.249623198580074	0	92.97000000000001	-0	1.0999999999999996	0	0	196.7584029510415	0
10	-10	-5.249623198580074	0	92.97000000000001	-0	1.0999999999999996	0	0	196.7584029510415	0
10	-20	-5.249623198580074	0	92.97000000000001	-0	1.0999999999999996	0	0	196.7584029510415	0
10	-40	-5.249623198580074	0	92.97000000000001	-0	1.0999999999999996	0	0	196.7584029510415	0
5	40	-5.249623198580074	0	92.97000000000001	-0	1.0999999999999996	0	0	189.1106476058704	0
5	20	-5.249623198580074	0	92.97000000000001	-0	1.0999999999999996	0	0	189.1106476058704	0
5	10	-5.249623198580074	0	92.97000000000001	-0	1.0999999999999996	0	0	189.1106476058704	0
5	5	-5.249623198580074	0	92.97000000000001	-0	1.0999999999999996	0	0	189.1106476058704	0
5	2	-5.249623198580074	0	92.97000000000001	-0	1.0999999999999996	0	0	189.1106476058704	0
5	0	-5.249623198580074	0	92.97000000000001	-0	1.0999999999999996	0	0	189.1106476058704	0
5	-2	-5.249623198580074	0	92.97000000000001	-0	1.0999999999999996	0	0	189.1106476058704	0
5	-5	-5.249623198580074	0	92.97000000000001	-0	1.0999999999999996	0	0	189.1106476058704	0
5	-10	-5.249623198580074	0	92.97000000000001	-0	1.0999999999999996	0	0	189.1106476058704	0
5	-20	-5.249623198580074	0	92.97000000000001	-0	1.0999999999999996	0	0	189.1106476058704	0
5	-40	-5.249623198580074	0	92.97000000000001	-0	1.0999999999999996	0	0	189.1106476058704	0
2	40	-5.249623198580074	0	92.97000000000001	-0	1.0999999999999996	0	0	188.18202113571078	0
2	20	-5.249623198580074	0	92.97000000000001	-0	1.0999999999999996	0	0	188.18202113571078	0
2	10	-5.249623198580074	0	92.97000000000001	-0	1.0999999999999996	0	0	188.18202113571078	0
2	5	-5.249623198580074	0	92.97000000000001	-0	1.0999999999999996	0	0	188.18202113571078	0
2	2	-5.249623198580074	0	92.97000000000001	-0	1.0999999999999996	0	0	188.18202113571078	0
2	0	-5.249623198580074	0	92.97000000000001	-0	1.0999999999999996	0	0	188.18202113571078	0
2	-2	-5.249623198580074	0	92.97000000000001	-0	1.0999999999999996	0	0	188.18202113571078	0
2	-5	-5.249623198580074	0	92.97000000000001	-0	1.0999999999999996	0	0	188.18202113571078	0
2	-10	-5.249623198580074	0	92.97000000000001	-0	1.0999999999999996	0	0	188.18202113571078	0
2	-20	-5.249623198580074	0	92.97000000000001	-0	1.0999999999999996	0	0	188.18202113571078	0
2	-40	-5.249623198580074	0	92.97000000000001	-0	1.0999999999999996	0	0	188.18202113571078	0
0	40	-5.249623198580074	0	92.97000000000001	-0	1.0999999999999996	0	0	187.404022058532	0
0	20	-5.249623198580074	0	92.97000000000001	-0	1.0999999999999996	0	0	187.404022058532	0
0	10	-5.249623198580074	0	92.97000000000001	-0	1.0999999999999996	0	0	187.404022058532	0
0	5	-5.249623198580074	0	92.97000000000001	-0	1.0999999999999996	0	0	187.404022058532	0
0	2	-5.249623198580074	0	92.97000000000001	-0	1.0999999999999996	0	0	187.404022058532	0
0	0	-5.249623198580074	0	92.97000000000001	-0	1.0999999999999996	0	0	187.404022058532	0
0	-2	-5.249623198580074	0	92.97000000000001	-0	1.0999999999999996	0	0	187.404022058532	0
0	-5	-5.249623198580074	0	92.97000000000001	-0	1.0999999999999996	0	0	187.404022058532	0
0	-10	-5.249623198580074	0	92.97000000000001	-0	1.0999999999999996	0	0	187.404022058532	0
0	-20	-5.249623198580074	0	92.97000000000001	-0	1.0999999999999996	0	0	187.404022058532	0
0	-40	-5.249623198580074	0	92.97000000000001	-0	1.0999999999999996	0	0	187.404022058532	0
-2	40	-5.249623198580074	0	92.97000000000001	-0	1.0999999999999996	0	0	188.18202113571078	-0
-2	20	-5.249623198580074	0	92.97000000000001	-0	1.0999999999999996	0	0	188.18202113571078	-0
-2	10	-5.249623198580074	0	92.97000000000001	-0	1.0999999999999996	0	0	188.18202113571078	-0
-2	5	-5.249623198580074	0	92.97000000000001	-0	1.0999999999999996	0	0	188.18202113571078	-0
-2	2	-5.249623198580074	0	92.97000000000001	-0	1.0999999999999996	0	0	188.18202113571078	-0
-2	0	-5.249623198580074	0	92.97000000000001	-0	1.0999999999999996	0	0	188.18202113571078	-0
-2	-2	-5.249623198580074	0	92.97000000000001	-0	1.0999999999999996	0	0	188.18202113571078	-0
-2	-5	-5.249623198580074	0	92.97000000000001	-0	1.0999999999999996	0	0	188.18202113571078	-0
-2	-10	-5.249623198580074	0	92.97000000000001	-0	1.0999999999999996	0	0	188.18202113571078	-0
-2	-20	-5.249623198580074	0	92.97000000000001	-0	1.0999999999999996	0	0	188.18202113571078	-0
-2	-40	-5.249623198580074	0	92.97000000000001	-0	1.0999999999999996	0	0	188.18202113571078	-0
-15	40	-5.249623198580074	0	92.97000000000001	-0	1.0999999999999996	0	0	208.94730632394885	-0
-15	20	-5.249623198580074	0	92.97000000000001	-0	1.0999999999999996	0	0	208.94730632394885	-0
-15	10	-5.249623198580074	0	92.97000000000001	-0	1.0999999999999996	0	0	208.94730632394885	-0
-15	5	-5.249623198580074	0	92.97000000000001	-0	1.0999999999999996	0	0	208.94730632394885	-0
-15	2	-5.249623198580074	0	92.97000000000001	-0	1.0999999999999996	0	0	208.94730632394885	-0
-15	0	-5.249623198580074	0	92.97000000000001	-0	1.0999999999999996	0	0	208.94730632394885	-0
-15	-2	-5.249623198580074	0	92.97000000000001	-0	1.0999999999999996	0	0	208.94730632394885	-0
-15	-5	-5.249623198580074	0	92.97000000000001	-0	1.0999999999999996	0	0	208.94730632394885	-0
-15	-10	-5.249623198580074	0	92.97000000000001	-0	1.0999999999999996	0	0	208.94730632394885	-0
-15	-20	-5.249623198580074	0	92.97000000000001	-0	1.0999999999999996	0	0	208.94730632394885	-0
-15	-40	-5.249623198580074	0	92.97000000000001	-0	1.0999999999999996	0	0	208.94730632394885	-0
-15	40	-5.249623198580074	0	92.97000000000001	-0	1.0999999999999996	0	0	208.94730632394885	-0
-15	20	-5.249623198580074	0	92.97000000000001	-0	1.0999999999999996	0	0	208.94730632394885	-0
-15	10	-5.249623198580074	0	92.97000000000001	-0	1.0999999999999996	0	0	208.94730632394885	-0
-15	5	-5.249623198580074	0	92.97000000000001	-0	1.0999999999999996	0	0	208.94730632394885	-0
-15	2	-5.249623198580074	0	92.97000000000001	-0	1.0999999999999996	0	0	208.94730632394885	-0
-15	0	-5.249623198580074	0	92.97000000000001	-0	1.0999999999999996	0	0	208.94730632394885	-0
-15	-2	-5.249623198580074	0	92.97000000000001	-0	1.0999999999999996	0	0	208.94730632394885	-0
-15	-5	-5.249623198580074	0	92.97000000000001	-0	1.0999999999999996	0	0	208.94730632394885	-0
-15	-10	-5.249623198580074	0	92.97000000000001	-0	1.0999999999999996	0	0	208.94730632394885	-0
-15	-20	-5.249623198580074	0	92.97000000000001	-0	1.0999999999999996	0	0	208.94730632394885	-0
-15	-40	-5.249623198580074	0	92.97000000000001	-0	1.0999999999999996	0	0	208.94730632394885	-0
-30	40	-5.249623198580074	0	92.97000000000001	-0	1.0999999999999996	0	0	289.65465582679684	-0
-60	40	-5.249623198580074	8.191148948327452	92.99469305457127	-5.402315349691078	3.1744506657804186	30.26360400760291	0.5554327947580446	158.34793085322465	-44.6443222762636
-60	2	-5.249623198580074	8.163742200464752	92.97103109963321	-5.410276596593832	3.1606613816532487	22.801619826795203	0.24996557335570993	158.34793085322465	-44.42995336590569
-30	20	-5.249623198580074	0	92.97000000000001	-0	1.0999999999999996	0	0	289.65465582679684	-0
-60	20	-5.249623198580074	8.168860181966892	92.98074015414976	-5.408785843700439	3.1632434414061317	24.44218158705092	0.30414905144029364	158.34793085322465	-44.46998497138265
-30	10	-5.249623198580074	0	92.97000000000001	-0	1.0999999999999996	0	0	289.65465582679684	-0
-60	10	-5.249623198580074	8.164906980344123	92.97520563410362	-5.4099371581479145	3.161249306287618	23.209540606260088	0.26275704614053297	158.34793085322465	-44.43906399058825
-30	5	-5.249623198580074	0	92.97000000000001	-0	1.0999999999999996	0	0	289.65465582679684	-0
-30	2	-5.249623198580074	0	92.97000000000001	-0	1.0999999999999996	0	0	289.65465582679684	-0
-60	-5	-5.249623198580074	8.163993110913134	92.96741681647622	-5.410203468453597	3.1607880433075977	22.94852329724348	0.2546468502064521	158.34793085322465	-44.431915926355636
-30	0	-5.249623198580074	0	92.97000000000001	-0	1.0999999999999996	0	0	289.65465582679684	-0
-60	5	-5.249623198580074	8.163993110913145	92.97258318352381	-5.410203468453596	3.1607880433075994	22.948523297243526	0.2546468502064167	158.34793085322465	-44.431915926355714
-60	-2	-5.249623198580074	8.163742200464755	92.96896890036682	-5.410276596593833	3.1606613816532487	22.801619826795072	0.24996557335571387	158.34793085322465	-44.4299533659057
-30	-2	-5.249623198580074	0	92.97000000000001	-0	1.0999999999999996	0	0	289.65465582679684	-0
-60	0	-5.249623198580074	8.163694650424222	92.97000000000001	-5.4102904556147715	3.1606373771248384	22.693157596429867	0.2467538580155844	158.34793085322465	-44.42958144106343
-60	-10	-5.249623198580074	8.164906980344115	92.96479436589635	-5.4099371581479145	3.1612493062876164	23.21221882127983	0.2627683259635557	158.34793085322465	-44.43906399058821
-30	-5	-5.249623198580074	0	92.97000000000001	-0	1.0999999999999996	0	0	289.65465582679684	-0
-60	-20	-5.249623198580074	8.168860181966954	92.95925984585024	-5.408785843700436	3.1632434414061406	24.433690583976833	0.30410293530988614	158.34793085322465	-44.46998497138304
-30	-10	-5.249623198580074	0	92.97000000000001	-0	1.0999999999999996	0	0	289.65465582679684	-0
-30	-20	-5.249623198580074	0	92.97000000000001	-0	1.0999999999999996	0	0	289.65465582679684	-0
-60	-40	-5.249623198580074	8.191148948327431	92.94530694542878	-5.402315349691078	3.174450665780416	30.254201166058913	0.5553813513434614	158.34793085322465	-44.644322276263466
60	20	-6.204100143776451	5.842551506205753	92.9826979980709	5.592200738769794	2.8455595242811023	14.711872779871761	0.25275262559851525	158.34793085322485	30.734316892155146
-30	-40	-5.249623198580074	0	92.97000000000001	-0	1.0999999999999996	0	0	289.65465582679684	-0
60	5	-6.204100143776451	5.837684435152003	92.97305480227752	5.593876760722095	2.8426565691051104	13.917539609761175	0.21678827941694775	158.34793085322485	30.69892993190946
60	10	-6.204100143776451	5.83859830458298	92.97615576614015	5.593561848062773	2.8432020138310055	14.108035097501485	0.2249776613315733	158.34793085322485	30.70557439237995
60	40	-6.204100143776451	5.864840272566325	92.99916280404852	5.584560930244588	2.8587920608068487	18.502965780361507	0.474032160322781	158.34793085322485	30.896371581806225
60	-40	-6.204100143776451	5.864840272566346	92.9408371959515	5.584560930244586	2.858792060806854	18.45250282528642	0.4735607989216523	158.34793085322485	30.89637158180636
60	-2	-6.204100143776451	5.837433524703617	92.96878063480298	5.593963239862561	2.842506782840026	13.813082961778084	0.21210993899312702	158.34793085322485	30.697105640058325
60	2	-6.204100143776451	5.8374335247036155	92.97121936519697	5.593963239862563	2.842506782840027	13.813082961778088	0.21210993899312708	158.34793085322485	30.69710564005832
60	0	-6.204100143776451	5.837385974663085	92.97000000000003	5.593979629362912	2.842478395392713	13.734973610217857	0.20888663722938888	158.34793085322485	30.696759918499033
60	-20	-6.204100143776451	5.84255150620579	92.95730200192908	5.592200738769788	2.8455595242811054	14.731571723323512	0.2528731912173304	158.34793085322485	30.73431689215533
60	-5	-6.204100143776451	5.8376844351520045	92.96694519772244	5.593876760722095	2.84265656910511	13.916588546456218	0.21678827476801185	158.34793085322485	30.698929931909472
60	-10	-6.204100143776451	5.838598304582967	92.96384423385987	5.593561848062773	2.843202013831004	14.104096344282596	0.22495070426358524	158.34793085322485	30.705574392379877
30	40	-6.204100143776451	0	92.97000000000001	-0	1.0999999999999996	0	0	289.65465582679684	0
30	20	-6.204100143776451	0	92.97000000000001	-0	1.0999999999999996	0	0	289.65465582679684	0
30	10	-6.204100143776451	0	92.97000000000001	-0	1.0999999999999996	0	0	289.65465582679684	0
30	5	-6.204100143776451	0	92.97000000000001	-0	1.0999999999999996	0	0	289.65465582679684	0
30	2	-6.204100143776451	0	92.97000000000001	-0	1.0999999999999996	0	0	289.65465582679684	0
30	0	-6.204100143776451	0	92.97000000000001	-0	1.0999999999999996	0	0	289.65465582679684	0
30	-2	-6.204100143776451	0	92.97000000000001	-0	1.0999999999999996	0	0	289.65465582679684	0
30	-5	-6.204100143776451	0	92.97000000000001	-0	1.0999999999999996	0	0	289.65465582679684	0
30	-10	-6.204100143776451	0	92.97000000000001	-0	1.0999999999999996	0	0	289.65465582679684	0
30	-20	-6.204100143776451	0	92.97000000000001	-0	1.0999999999999996	0	0	289.65465582679684	0
30	-40	-6.204100143776451	0	92.97000000000001	-0	1.0999999999999996	0	0	289.65465582679684	0
15	40	-6.204100143776451	0	92.97000000000001	-0	1.0999999999999996	0	0	208.94730632394885	0
15	20	-6.204100143776451	0	92.97000000000001	-0	1.0999999999999996	0	0	208.94730632394885	0
15	10	-6.204100143776451	0	92.97000000000001	-0	1.0999999999999996	0	0	208.94730632394885	0
15	5	-6.204100143776451	0	92.97000000000001	-0	1.0999999999999996	0	0	208.94730632394885	0
15	2	-6.204100143776451	0	92.97000000000001	-0	1.0999999999999996	0	0	208.94730632394885	0
15	0	-6.204100143776451	0	92.97000000000001	-0	1.0999999999999996	0	0	208.94730632394885	0
15	-2	-6.204100143776451	0	92.97000000000001	-0	1.0999999999999996	0	0	208.94730632394885	0
15	-5	-6.204100143776451	0	92.97000000000001	-0	1.0999999999999996	0	0	208.94730632394885	0
15	-10	-6.204100143776451	0	92.97000000000001	-0	1.0999999999999996	0	0	208.94730632394885	0
15	-20	-6.204100143776451	0	92.97000000000001	-0	1.0999999999999996	0	0	208.94730632394885	0
15	-40	-6.204100143776451	0	92.97000000000001	-0	1.0999999999999996	0	0	208.94730632394885	0
10	40	-6.204100143776451	0	92.97000000000001	-0	1.0999999999999996	0	0	196.7584029510415	0
10	20	-6.204100143776451	0	92.97000000000001	-0	1.0999999999999996	0	0	196.7584029510415	0
10	10	-6.204100143776451	0	92.97000000000001	-0	1.0999999999999996	0	0	196.7584029510415	0
10	5	-6.204100143776451	0	92.97000000000001	-0	1.0999999999999996	0	0	196.7584029510415	0
10	2	-6.204100143776451	0	92.97000000000001	-0	1.0999999999999996	0	0	196.7584029510415	0
10	0	-6.204100143776451	0	92.97000000000001	-0	1.0999999999999996	0	0	196.7584029510415	0
10	-2	-6.204100143776451	0	92.97000000000001	-0	1.0999999999999996	0	0	196.7584029510415	0
10	-5	-6.204100143776451	0	92.97000000000001	-0	1.0999999999999996	0	0	196.7584029510415	0
10	-10	-6.204100143776451	0	92.97000000000001	-0	1.0999999999999996	0	0	196.7584029510415	0
10	-20	-6.204100143776451	0	92.97000000000001	-0	1.0999999999999996	0	0	196.7584029510415	0
10	-40	-6.204100143776451	0	92.97000000000001	-0	1.0999999999999996	0	0	196.7584029510415	0
5	40	-6.204100143776451	0	92.97000000000001	-0	1.0999999999999996	0	0	189.1106476058704	0
5	20	-6.204100143776451	0	92.97000000000001	-0	1.0999999999999996	0	0	189.1106476058704	0
5	10	-6.204100143776451	0	92.97000000000001	-0	1.0999999999999996	0	0	189.1106476058704	0
5	5	-6.204100143776451	0	92.97000000000001	-0	1.0999999999999996	0	0	189.1106476058704	0
5	2	-6.204100143776451	0	92.97000000000001	-0	1.0999999999999996	0	0	189.1106476058704	0
5	0	-6.204100143776451	0	92.97000000000001	-0	1.0999999999999996	0	0	189.1106476058704	0
5	-2	-6.204100143776451	0	92.97000000000001	-0	1.0999999999999996	0	0	189.1106476058704	0
5	-5	-6.204100143776451	0	92.97000000000001	-0	1.0999999999999996	0	0	189.1106476058704	0
5	-10	-6.204100143776451	0	92.97000000000001	-0	1.0999999999999996	0	0	189.1106476058704	0
5	-20	-6.204100143776451	0	92.97000000000001	-0	1.0999999999999996	0	0	189.1106476058704	0
5	-40	-6.204100143776451	0	92.97000000000001	-0	1.0999999999999996	0	0	189.1106476058704	0
2	40	-6.204100143776451	0	92.97000000000001	-0	1.0999999999999996	0	0	188.18202113571078	0
2	20	-6.204100143776451	0	92.97000000000001	-0	1.0999999999999996	0	0	188.18202113571078	0
2	10	-6.204100143776451	0	92.97000000000001	-0	1.0999999999999996	0	0	188.18202113571078	0
2	5	-6.204100143776451	0	92.97000000000001	-0	1.0999999999999996	0	0	188.18202113571078	0
2	2	-6.204100143776451	0	92.97000000000001	-0	1.0999999999999996	0	0	188.18202113571078	0
2	0	-6.204100143776451	0	92.97000000000001	-0	1.0999999999999996	0	0	188.18202113571078	0
2	-2	-6.204100143776451	0	92.97000000000001	-0	1.0999999999999996	0	0	188.18202113571078	0
2	-5	-6.204100143776451	0	92.97000000000001	-0	1.0999999999999996	0	0	188.18202113571078	0
2	-10	-6.204100143776451	0	92.97000000000001	-0	1.0999999999999996	0	0	188.18202113571078	0
2	-20	-6.204100143776451	0	92.97000000000001	-0	1.0999999999999996	0	0	188.18202113571078	0
2	-40	-6.204100143776451	0	92.97000000000001	-0	1.0999999999999996	0	0	188.18202113571078	0
0	40	-6.204100143776451	0	92.97000000000001	-0	1.0999999999999996	0	0	187.404022058532	0
0	20	-6.204100143776451	0	92.97000000000001	-0	1.0999999999999996	0	0	187.404022058532	0
0	10	-6.204100143776451	0	92.97000000000001	-0	1.0999999999999996	0	0	187.404022058532	0
0	5	-6.204100143776451	0	92.97000000000001	-0	1.0999999999999996	0	0	187.404022058532	0
0	2	-6.204100143776451	0	92.97000000000001	-0	1.0999999999999996	0	0	187.404022058532	0
0	0	-6.204100143776451	0	92.97000000000001	-0	1.0999999999999996	0	0	187.404022058532	0
0	-2	-6.204100143776451	0	92.97000000000001	-0	1.0999999999999996	0	0	187.404022058532	0
0	-5	-6.204100143776451	0	92.97000000000001	-0	1.0999999999999996	0	0	187.404022058532	0
0	-10	-6.204100143776451	0	92.97000000000001	-0	1.0999999999999996	0	0	187.404022058532	0
0	-20	-6.204100143776451	0	92.97000000000001	-0	1.0999999999999996	0	0	187.404022058532	0
0	-40	-6.204100143776451	0	92.97000000000001	-0	1.0999999999999996	0	0	187.404022058532	0
-2	40	-6.204100143776451	0	92.97000000000001	-0	1.0999999999999996	0	0	188.18202113571078	-0
-2	20	-6.204100143776451	0	92.97000000000001	-0	1.0999999999999996	0	0	188.18202113571078	-0
-2	10	-6.204100143776451	0	92.97000000000001	-0	1.0999999999999996	0	0	188.18202113571078	-0
-2	5	-6.204100143776451	0	92.97000000000001	-0	1.0999999999999996	0	0	188.18202113571078	-0
-2	2	-6.204100143776451	0	92.97000000000001	-0	1.0999999999999996	0	0	188.18202113571078	-0
-2	0	-6.204100143776451	0	92.97000000000001	-0	1.0999999999999996	0	0	188.18202113571078	-0
-2	-2	-6.204100143776451	0	92.97000000000001	-0	1.0999999999999996	0	0	188.18202113571078	-0
-2	-5	-6.204100143776451	0	92.97000000000001	-0	1.0999999999999996	0	0	188.18202113571078	-0
-2	-10	-6.204100143776451	0	92.97000000000001	-0	1.0999999999999996	0	0	188.18202113571078	-0
-2	-20	-6.204100143776451	0	92.97000000000001	-0	1.0999999999999996	0	0	188.18202113571078	-0
-2	-40	-6.204100143776451	0	92.97000000000001	-0	1.0999999999999996	0	0	188.18202113571078	-0
-15	40	-6.204100143776451	0	92.97000000000001	-0	1.0999999999999996	0	0	208.94730632394885	-0
-15	20	-6.204100143776451	0	92.97000000000001	-0	1.0999999999999996	0	0	208.94730632394885	-0
-15	10	-6.204100143776451	0	92.97000000000001	-0	1.0999999999999996	0	0	208.94730632394885	-0
-15	5	-6.204100143776451	0	92.97000000000001	-0	1.0999999999999996	0	0	208.94730632394885	-0
-15	2	-6.204100143776451	0	92.97000000000001	-0	1.0999999999999996	0	0	208.94730632394885	-0
-15	0	-6.204100143776451	0	92.97000000000001	-0	1.0999999999999996	0	0	208.94730632394885	-0
-15	-2	-6.204100143776451	0	92.97000000000001	-0	1.0999999999999996	0	0	208.94730632394885	-0
-15	-5	-6.204100143776451	0	92.97000000000001	-0	1.0999999999999996	0	0	208.94730632394885	-0
-15	-10	-6.204100143776451	0	92.97000000000001	-0	1.0999999999999996	0	0	208.94730632394885	-0
-15	-20	-6.204100143776451	0	92.97000000000001	-0	1.0999999999999996	0	0	208.94730632394885	-0
-15	-40	-6.204100143776451	0	92.97000000000001	-0	1.0999999999999996	0	0	208.94730632394885	-0
-15	40	-6.204100143776451	0	92.97000000000001	-0	1.0999999999999996	0	0	208.94730632394885	-0
-15	20	-6.204100143776451	0	92.97000000000001	-0	1.0999999999999996	0	0	208.94730632394885	-0
-15	10	-6.204100143776451	0	92.97000000000001	-0	1.0999999999999996	0	0	208.94730632394885	-0
-15	5	-6.204100143776451	0	92.97000000000001	-0	1.0999999999999996	0	0	208.94730632394885	-0
-15	2	-6.204100143776451	0	92.97000000000001	-0	1.0999999999999996	0	0	208.94730632394885	-0
-15	0	-6.204100143776451	0	92.97000000000001	-0	1.0999999999999996	0	0	208.94730632394885	-0
-15	-2	-6.204100143776451	0	92.97000000000001	-0	1.0999999999999996	0	0	208.94730632394885	-0
-15	-5	-6.204100143776451	0	92.97000000000001	-0	1.0999999999999996	0	0	208.94730632394885	-0
-15	-10	-6.204100143776451	0	92.97000000000001	-0	1.0999999999999996	0	0	208.94730632394885	-0
-60	10	-6.204100143776451	5.838598304582979	92.97615576614017	-5.593561848062773	2.843202013831006	14.108035097501524	0.22497766133157387	158.34793085322465	-30.705574392379948
-15	-20	-6.204100143776451	0	92.97000000000001	-0	1.0999999999999996	0	0	208.94730632394885	-0
-60	40	-6.204100143776451	5.864840272566322	92.99916280404854	-5.584560930244588	2.8587920608068482	18.502965780361382	0.4740321603227782	158.34793085322465	-30.896371581806207
-60	-2	-6.204100143776451	5.837433524703614	92.96878063480304	-5.593963239862564	2.842506782840026	13.813082961778079	0.21210993899312702	158.34793085322465	-30.697105640058314
-15	-40	-6.204100143776451	0	92.97000000000001	-0	1.0999999999999996	0	0	208.94730632394885	-0
-60	2	-6.204100143776451	5.837433524703612	92.97121936519699	-5.593963239862564	2.8425067828400254	13.813082961778097	0.21210993899312727	158.34793085322465	-30.6971056400583
-60	20	-6.204100143776451	5.842551506205762	92.98269799807092	-5.59220073876979	2.845559524281101	14.711872779871756	0.25275262559851525	158.34793085322465	-30.73431689215517
-30	40	-6.204100143776451	0	92.97000000000001	-0	1.0999999999999996	0	0	289.65465582679684	-0
-30	20	-6.204100143776451	0	92.97000000000001	-0	1.0999999999999996	0	0	289.65465582679684	-0
-60	0	-6.204100143776451	5.837385974663084	92.97000000000001	-5.593979629362911	2.8424783953927135	13.734973610217857	0.20888663722938888	158.34793085322465	-30.696759918499026
-60	-10	-6.204100143776451	5.838598304582966	92.96384423385986	-5.593561848062771	2.8432020138310032	14.10409634428261	0.22495070426358538	158.34793085322465	-30.70557439237986
-30	10	-6.204100143776451	0	92.97000000000001	-0	1.0999999999999996	0	0	289.65465582679684	-0
-30	5	-6.204100143776451	0	92.97000000000001	-0	1.0999999999999996	0	0	289.65465582679684	-0
-30	2	-6.204100143776451	0	92.97000000000001	-0	1.0999999999999996	0	0	289.65465582679684	-0
-30	0	-6.204100143776451	0	92.97000000000001	-0	1.0999999999999996	0	0	289.65465582679684	-0
-60	5	-6.204100143776451	5.837684435152006	92.97305480227756	-5.593876760722096	2.842656569105111	13.917539609761151	0.21678827941694745	158.34793085322465	-30.698929931909486
-30	-2	-6.204100143776451	0	92.97000000000001	-0	1.0999999999999996	0	0	289.65465582679684	-0
-30	-5	-6.204100143776451	0	92.97000000000001	-0	1.0999999999999996	0	0	289.65465582679684	-0
-60	-20	-6.204100143776451	5.842551506205786	92.95730200192911	-5.5922007387697885	2.845559524281106	14.731571723323512	0.2528731912173304	158.34793085322465	-30.734316892155316
-60	-5	-6.204100143776451	5.837684435152004	92.96694519772248	-5.593876760722096	2.8426565691051104	13.916588546456223	0.21678827476801169	158.34793085322465	-30.69892993190947
-30	-10	-6.204100143776451	0	92.97000000000001	-0	1.0999999999999996	0	0	289.65465582679684	-0
-30	-20	-6.204100143776451	0	92.97000000000001	-0	1.0999999999999996	0	0	289.65465582679684	-0
-30	-40	-6.204100143776451	0	92.97000000000001	-0	1.0999999999999996	0	0	289.65465582679684	-0
60	40	-7.1585770889728275	3.927757717568187	93.00559432565858	5.766172918039777	2.5442308706820076	10.113811516950813	0.3784171964837334	158.34793085322485	19.97836298391853
-60	-40	-6.204100143776451	5.864840272566346	92.94083719595154	-5.584560930244587	2.8587920608068544	18.452502825286523	0.4735607989216549	158.34793085322465	-30.89637158180637
60	20	-7.1585770889728275	3.9054689512076166	92.9855276097917	5.775493505962808	2.5280871388429063	8.110238567438198	0.20992529564135784	158.34793085322485	19.82859090949733
60	10	-7.1585770889728275	3.9015157495848287	92.97753004092615	5.777157752135977	2.5252045799146705	7.717726323220781	0.1839056557491855	158.34793085322485	19.802026890741306
60	5	-7.1585770889728275	3.90060188015386	92.97373707734633	5.777542959265093	2.5245373815956036	7.589544345927769	0.17578737457388713	158.34793085322485	19.79588603403294
60	2	-7.1585770889728275	3.9003509697054675	92.97149173626069	5.777648752668391	2.5243541420459894	7.659037937028882	0.18018184356067446	158.34793085322485	19.794200010780617
60	-40	-7.1585770889728275	3.927757717568155	92.93440567434143	5.766172918039781	2.544230870682002	10.141252245545692	0.37872227531995695	158.34793085322485	19.97836298391836
60	-5	-7.1585770889728275	3.9006018801538525	92.96626292265367	5.777542959265094	2.5245373815956036	7.589544345927766	0.17578737457391166	158.34793085322485	19.795886034032904
60	0	-7.1585770889728275	3.900303419664941	92.97000000000003	5.777668803111051	2.5243194136605873	7.607226253964176	0.17686911583664108	158.34793085322485	19.793880492504318
60	-10	-7.1585770889728275	3.9015157495848287	92.96246995907381	5.777157752135979	2.525204579914672	7.715154454350532	0.18387996690333192	158.34793085322485	19.802026890741313
60	-20	-7.1585770889728275	3.9054689512076384	92.95447239020832	5.775493505962806	2.5280871388429085	8.10705563863595	0.2098854873527854	158.34793085322485	19.828590909497446
60	-2	-7.1585770889728275	3.9003509697054675	92.96850826373931	5.77764875266839	2.5243541420459894	7.65713900322963	0.18016785892309364	158.34793085322485	19.794200010780617
30	40	-7.1585770889728275	0	92.97000000000001	-0	1.0999999999999996	0	0	289.65465582679684	0
30	20	-7.1585770889728275	0	92.97000000000001	-0	1.0999999999999996	0	0	289.65465582679684	0
30	10	-7.1585770889728275	0	92.97000000000001	-0	1.0999999999999996	0	0	289.65465582679684	0
30	5	-7.1585770889728275	0	92.97000000000001	-0	1.0999999999999996	0	0	289.65465582679684	0
30	2	-7.1585770889728275	0	92.97000000000001	-0	1.0999999999999996	0	0	289.65465582679684	0
30	0	-7.1585770889728275	0	92.97000000000001	-0	1.0999999999999996	0	0	289.65465582679684	0
30	-2	-7.1585770889728275	0	92.97000000000001	-0	1.0999999999999996	0	0	289.65465582679684	0
30	-5	-7.1585770889728275	0	92.97000000000001	-0	1.0999999999999996	0	0	289.65465582679684	0
30	-10	-7.1585770889728275	0	92.97000000000001	-0	1.0999999999999996	0	0	289.65465582679684	0
30	-20	-7.1585770889728275	0	92.97000000000001	-0	1.0999999999999996	0	0	289.65465582679684	0
30	-40	-7.1585770889728275	0	92.97000000000001	-0	1.0999999999999996	0	0	289.65465582679684	0
15	40	-7.1585770889728275	0	92.97000000000001	-0	1.0999999999999996	0	0	208.94730632394885	0
15	20	-7.1585770889728275	0	92.97000000000001	-0	1.0999999999999996	0	0	208.94730632394885	0
15	10	-7.1585770889728275	0	92.97000000000001	-0	1.0999999999999996	0	0	208.94730632394885	0
15	5	-7.1585770889728275	0	92.97000000000001	-0	1.0999999999999996	0	0	208.94730632394885	0
15	2	-7.1585770889728275	0	92.97000000000001	-0	1.0999999999999996	0	0	208.94730632394885	0
15	0	-7.1585770889728275	0	92.97000000000001	-0	1.0999999999999996	0	0	208.94730632394885	0
15	-2	-7.1585770889728275	0	92.97000000000001	-0	1.0999999999999996	0	0	208.94730632394885	0
15	-5	-7.1585770889728275	0	92.97000000000001	-0	1.0999999999999996	0	0	208.94730632394885	0
15	-10	-7.1585770889728275	0	92.97000000000001	-0	1.0999999999999996	0	0	208.94730632394885	0
15	-20	-7.1585770889728275	0	92.97000000000001	-0	1.0999999999999996	0	0	208.94730632394885	0
15	-40	-7.1585770889728275	0	92.97000000000001	-0	1.0999999999999996	0	0	208.94730632394885	0
10	40	-7.1585770889728275	0	92.97000000000001	-0	1.0999999999999996	0	0	196.7584029510415	0
10	20	-7.1585770889728275	0	92.97000000000001	-0	1.0999999999999996	0	0	196.7584029510415	0
10	10	-7.1585770889728275	0	92.97000000000001	-0	1.0999999999999996	0	0	196.7584029510415	0
10	5	-7.1585770889728275	0	92.97000000000001	-0	1.0999999999999996	0	0	196.7584029510415	0
10	2	-7.1585770889728275	0	92.97000000000001	-0	1.0999999999999996	0	0	196.7584029510415	0
10	0	-7.1585770889728275	0	92.97000000000001	-0	1.0999999999999996	0	0	196.7584029510415	0
10	-2	-7.1585770889728275	0	92.97000000000001	-0	1.0999999999999996	0	0	196.7584029510415	0
10	-5	-7.1585770889728275	0	92.97000000000001	-0	1.0999999999999996	0	0	196.7584029510415	0
10	-10	-7.1585770889728275	0	92.97000000000001	-0	1.0999999999999996	0	0	196.7584029510415	0
10	-20	-7.1585770889728275	0	92.97000000000001	-0	1.0999999999999996	0	0	196.7584029510415	0
10	-40	-7.1585770889728275	0	92.97000000000001	-0	1.0999999999999996	0	0	196.7584029510415	0
5	40	-7.1585770889728275	0	92.97000000000001	-0	1.0999999999999996	0	0	189.1106476058704	0
5	20	-7.1585770889728275	0	92.97000000000001	-0	1.0999999999999996	0	0	189.1106476058704	0
5	10	-7.1585770889728275	0	92.97000000000001	-0	1.0999999999999996	0	0	189.1106476058704	0
5	5	-7.1585770889728275	0	92.97000000000001	-0	1.0999999999999996	0	0	189.1106476058704	0
5	2	-7.1585770889728275	0	92.97000000000001	-0	1.0999999999999996	0	0	189.1106476058704	0
5	0	-7.1585770889728275	0	92.97000000000001	-0	1.0999999999999996	0	0	189.1106476058704	0
5	-2	-7.1585770889728275	0	92.97000000000001	-0	1.0999999999999996	0	0	189.1106476058704	0
5	-5	-7.1585770889728275	0	92.97000000000001	-0	1.0999999999999996	0	0	189.1106476058704	0
5	-10	-7.1585770889728275	0	92.97000000000001	-0	1.0999999999999996	0	0	189.1106476058704	0
5	-20	-7.1585770889728275	0	92.97000000000001	-0	1.0999999999999996	0	0	189.1106476058704	0
5	-40	-7.1585770889728275	0	92.97000000000001	-0	1.0999999999999996	0	0	189.1106476058704	0
2	40	-7.1585770889728275	0	92.97000000000001	-0	1.0999999999999996	0	0	188.18202113571078	0
2	20	-7.1585770889728275	0	92.97000000000001	-0	1.0999999999999996	0	0	188.18202113571078	0
2	10	-7.1585770889728275	0	92.97000000000001	-0	1.0999999999999996	0	0	188.18202113571078	0
2	5	-7.1585770889728275	0	92.97000000000001	-0	1.0999999999999996	0	0	188.18202113571078	0
2	2	-7.1585770889728275	0	92.97000000000001	-0	1.0999999999999996	0	0	188.18202113571078	0
2	0	-7.1585770889728275	0	92.97000000000001	-0	1.0999999999999996	0	0	188.18202113571078	0
2	-2	-7.1585770889728275	0	92.97000000000001	-0	1.0999999999999996	0	0	188.18202113571078	0
2	-5	-7.1585770889728275	0	92.97000000000001	-0	1.0999999999999996	0	0	188.18202113571078	0
2	-10	-7.1585770889728275	0	92.97000000000001	-0	1.0999999999999996	0	0	188.18202113571078	0
2	-20	-7.1585770889728275	0	92.97000000000001	-0	1.0999999999999996	0	0	188.18202113571078	0
2	-40	-7.1585770889728275	0	92.97000000000001	-0	1.0999999999999996	0	0	188.18202113571078	0
0	40	-7.1585770889728275	0	92.97000000000001	-0	1.0999999999999996	0	0	187.404022058532	0
0	20	-7.1585770889728275	0	92.97000000000001	-0	1.0999999999999996	0	0	187.404022058532	0
0	10	-7.1585770889728275	0	92.97000000000001	-0	1.0999999999999996	0	0	187.404022058532	0
0	5	-7.1585770889728275	0	92.97000000000001	-0	1.0999999999999996	0	0	187.404022058532	0
0	2	-7.1585770889728275	0	92.97000000000001	-0	1.0999999999999996	0	0	187.404022058532	0
0	0	-7.1585770889728275	0	92.97000000000001	-0	1.0999999999999996	0	0	187.404022058532	0
0	-2	-7.1585770889728275	0	92.97000000000001	-0	1.0999999999999996	0	0	187.404022058532	0
0	-5	-7.1585770889728275	0	92.97000000000001	-0	1.0999999999999996	0	0	187.404022058532	0
0	-10	-7.1585770889728275	0	92.97000000000001	-0	1.0999999999999996	0	0	187.404022058532	0
0	-20	-7.1585770889728275	0	92.97000000000001	-0	1.0999999999999996	0	0	187.404022058532	0
0	-40	-7.1585770889728275	0	92.97000000000001	-0	1.0999999999999996	0	0	187.404022058532	0
-2	40	-7.1585770889728275	0	92.97000000000001	-0	1.0999999999999996	0	0	188.18202113571078	-0
-2	20	-7.1585770889728275	0	92.97000000000001	-0	1.0999999999999996	0	0	188.18202113571078	-0
-2	10	-7.1585770889728275	0	92.97000000000001	-0	1.0999999999999996	0	0	188.18202113571078	-0
-2	5	-7.1585770889728275	0	92.97000000000001	-0	1.0999999999999996	0	0	188.18202113571078	-0
-2	2	-7.1585770889728275	0	92.97000000000001	-0	1.0999999999999996	0	0	188.18202113571078	-0
-2	0	-7.1585770889728275	0	92.97000000000001	-0	1.0999999999999996	0	0	188.18202113571078	-0
-2	-2	-7.1585770889728275	0	92.97000000000001	-0	1.0999999999999996	0	0	188.18202113571078	-0
-2	-5	-7.1585770889728275	0	92.97000000000001	-0	1.0999999999999996	0	0	188.18202113571078	-0
-2	-10	-7.1585770889728275	0	92.97000000000001	-0	1.0999999999999996	0	0	188.18202113571078	-0
-2	-20	-7.1585770889728275	0	92.97000000000001	-0	1.0999999999999996	0	0	188.18202113571078	-0
-2	-40	-7.1585770889728275	0	92.97000000000001	-0	1.0999999999999996	0	0	188.18202113571078	-0
-15	40	-7.1585770889728275	0	92.97000000000001	-0	1.0999999999999996	0	0	208.94730632394885	-0
-15	20	-7.1585770889728275	0	92.97000000000001	-0	1.0999999999999996	0	0	208.94730632394885	-0
-15	10	-7.1585770889728275	0	92.97000000000001	-0	1.0999999999999996	0	0	208.94730632394885	-0
-15	5	-7.1585770889728275	0	92.97000000000001	-0	1.0999999999999996	0	0	208.94730632394885	-0
-15	2	-7.1585770889728275	0	92.97000000000001	-0	1.0999999999999996	0	0	208.94730632394885	-0
-15	0	-7.1585770889728275	0	92.97000000000001	-0	1.0999999999999996	0	0	208.94730632394885	-0
-15	-2	-7.1585770889728275	0	92.97000000000001	-0	1.0999999999999996	0	0	208.94730632394885	-0
-15	-5	-7.1585770889728275	0	92.97000000000001	-0	1.0999999999999996	0	0	208.94730632394885	-0
-15	-10	-7.1585770889728275	0	92.97000000000001	-0	1.0999999999999996	0	0	208.94730632394885	-0
-15	-20	-7.1585770889728275	0	92.97000000000001	-0	1.0999999999999996	0	0	208.94730632394885	-0
-15	-40	-7.1585770889728275	0	92.97000000000001	-0	1.0999999999999996	0	0	208.94730632394885	-0
-15	40	-7.1585770889728275	0	92.97000000000001	-0	1.0999999999999996	0	0	208.94730632394885	-0
-15	20	-7.1585770889728275	0	92.97000000000001	-0	1.0999999999999996	0	0	208.94730632394885	-0
-15	10	-7.1585770889728275	0	92.97000000000001	-0	1.0999999999999996	0	0	208.94730632394885	-0
-15	5	-7.1585770889728275	0	92.97000000000001	-0	1.0999999999999996	0	0	208.94730632394885	-0
-15	2	-7.1585770889728275	0	92.97000000000001	-0	1.0999999999999996	0	0	208.94730632394885	-0
-15	0	-7.1585770889728275	0	92.97000000000001	-0	1.0999999999999996	0	0	208.94730632394885	-0
-15	-2	-7.1585770889728275	0	92.97000000000001	-0	1.0999999999999996	0	0	208.94730632394885	-0
-15	-5	-7.1585770889728275	0	92.97000000000001	-0	1.0999999999999996	0	0	208.94730632394885	-0
-15	-10	-7.1585770889728275	0	92.97000000000001	-0	1.0999999999999996	0	0	208.94730632394885	-0
-15	-20	-7.1585770889728275	0	92.97000000000001	-0	1.0999999999999996	0	0	208.94730632394885	-0
-15	-40	-7.1585770889728275	0	92.97000000000001	-0	1.0999999999999996	0	0	208.94730632394885	-0
-30	40	-7.1585770889728275	0	92.97000000000001	-0	1.0999999999999996	0	0	289.65465582679684	-0
-60	40	-7.1585770889728275	3.9277577175681775	93.00559432565858	-5.766172918039779	2.5442308706820076	10.113811516950731	0.3784171964837294	158.34793085322465	-19.97836298391849
-30	20	-7.1585770889728275	0	92.97000000000001	-0	1.0999999999999996	0	0	289.65465582679684	-0
-30	10	-7.1585770889728275	0	92.97000000000001	-0	1.0999999999999996	0	0	289.65465582679684	-0
-60	20	-7.1585770889728275	3.9054689512076206	92.9855276097917	-5.775493505962806	2.5280871388429054	8.110238567438225	0.2099252956413586	158.34793085322465	-19.828590909497343
-30	5	-7.1585770889728275	0	92.97000000000001	-0	1.0999999999999996	0	0	289.65465582679684	-0
-30	2	-7.1585770889728275	0	92.97000000000001	-0	1.0999999999999996	0	0	289.65465582679684	-0
-60	10	-7.1585770889728275	3.901515749584827	92.97753004092618	-5.777157752135977	2.5252045799146714	7.7177263232207896	0.183905655749186	158.34793085322465	-19.8020268907413
-30	0	-7.1585770889728275	0	92.97000000000001	-0	1.0999999999999996	0	0	289.65465582679684	-0
-60	5	-7.1585770889728275	3.900601880153862	92.97373707734636	-5.777542959265094	2.524537381595605	7.5895443459277585	0.1757873745738869	158.34793085322465	-19.795886034032954
-30	-2	-7.1585770889728275	0	92.97000000000001	-0	1.0999999999999996	0	0	289.65465582679684	-0
-30	-5	-7.1585770889728275	0	92.97000000000001	-0	1.0999999999999996	0	0	289.65465582679684	-0
-30	-10	-7.1585770889728275	0	92.97000000000001	-0	1.0999999999999996	0	0	289.65465582679684	-0
-60	-10	-7.1585770889728275	3.9015157495848287	92.96246995907383	-5.777157752135977	2.5252045799146705	7.715154454350559	0.18387996690333258	158.34793085322465	-19.802026890741306
-30	-20	-7.1585770889728275	0	92.97000000000001	-0	1.0999999999999996	0	0	289.65465582679684	-0
-30	-40	-7.1585770889728275	0	92.97000000000001	-0	1.0999999999999996	0	0	289.65465582679684	-0
-60	-5	-7.1585770889728275	3.9006018801538542	92.96626292265366	-5.777542959265094	2.524537381595603	7.589544345927766	0.17578737457391166	158.34793085322465	-19.795886034032907
-60	-40	-7.1585770889728275	3.927757717568163	92.93440567434142	-5.766172918039778	2.544230870682001	10.141252245545742	0.37872227531995906	158.34793085322465	-19.978362983918387
-60	2	-7.1585770889728275	3.9003509697054684	92.97149173626075	-5.777648752668393	2.5243541420459903	7.659037937028894	0.18018184356067476	158.34793085322465	-19.79420001078063
-60	-20	-7.1585770889728275	3.905468951207637	92.95447239020834	-5.775493505962805	2.52808713884291	8.107055638635906	0.20988548735278426	158.34793085322465	-19.828590909497443
-60	0	-7.1585770889728275	3.90030341966494	92.97	-5.777668803111051	2.5243194136605864	7.607226253964176	0.17686911583664108	158.34793085322465	-19.79388049250431
-60	-2	-7.1585770889728275	3.9003509697054666	92.9685082637393	-5.777648752668393	2.5243541420459894	7.657139003229647	0.18016785892309392	158.34793085322465	-19.794200010780617
60	40	-8.113054034169204	2.379901283333022	93.01562230699653	5.946623358680191	2.231681539244616	4.884219041073543	0.29901884701423853	158.34793085322485	11.67580660902795
60	20	-8.113054034169204	2.357612516972442	92.98997634800534	5.958559446149617	2.211007629303985	3.825121076780665	0.16344218456616402	158.34793085322485	11.538317149836596
60	10	-8.113054034169204	2.3536593153496685	92.9796938841739	5.9607000695506	2.2072999608136095	3.608533705812164	0.14015629923347028	158.34793085322485	11.513931612099903
60	5	-8.113054034169204	2.352745445918699	92.9748117105735	5.961195945381627	2.2064410786800277	3.595625600093856	0.13942533931261866	158.34793085322485	11.508294359153602
60	2	-8.113054034169204	2.3524945354703077	92.97192078093879	5.961332159622532	2.206205148694066	3.5499619567162393	0.13471879643137813	158.34793085322485	11.50674660450013
60	0	-8.113054034169204	2.352446985429782	92.97000000000003	5.961357976859191	2.2061604319284616	3.5807988114831257	0.13845909247837507	158.34793085322485	11.506453289506801
60	-40	-8.113054034169204	2.379901283332972	92.92437769300352	5.946623358680199	2.231681539244605	4.86694891134094	0.2986401663374575	158.34793085322485	11.675806609027692
60	-2	-8.113054034169204	2.3524945354703104	92.96807921906122	5.961332159622531	2.206205148694067	3.551197414781943	0.13471944724646162	158.34793085322485	11.506746604500144
60	-5	-8.113054034169204	2.352745445918697	92.96518828942654	5.961195945381629	2.206441078680028	3.5950052661257343	0.13942313675680454	158.34793085322485	11.508294359153597
60	-20	-8.113054034169204	2.3576125169724707	92.95002365199467	5.958559446149616	2.211007629303992	3.8212821603878093	0.16337167911839331	158.34793085322485	11.53831714983675
60	-10	-8.113054034169204	2.353659315349674	92.9603061158261	5.960700069550601	2.207299960813612	3.6162505710634814	0.1402810699350818	158.34793085322485	11.513931612099935
30	40	-8.113054034169204	0	92.97000000000001	-0	1.0999999999999996	0	0	289.65465582679684	0
30	20	-8.113054034169204	0	92.97000000000001	-0	1.0999999999999996	0	0	289.65465582679684	0
30	10	-8.113054034169204	0	92.97000000000001	-0	1.0999999999999996	0	0	289.65465582679684	0
30	5	-8.113054034169204	0	92.97000000000001	-0	1.0999999999999996	0	0	289.65465582679684	0
30	2	-8.113054034169204	0	92.97000000000001	-0	1.0999999999999996	0	0	289.65465582679684	0
30	0	-8.113054034169204	0	92.97000000000001	-0	1.0999999999999996	0	0	289.65465582679684	0
30	-2	-8.113054034169204	0	92.97000000000001	-0	1.0999999999999996	0	0	289.65465582679684	0
30	-5	-8.113054034169204	0	92.97000000000001	-0	1.0999999999999996	0	0	289.65465582679684	0
30	-10	-8.113054034169204	0	92.97000000000001	-0	1.0999999999999996	0	0	289.65465582679684	0
30	-20	-8.113054034169204	0	92.97000000000001	-0	1.0999999999999996	0	0	289.65465582679684	0
30	-40	-8.113054034169204	0	92.97000000000001	-0	1.0999999999999996	0	0	289.65465582679684	0
15	40	-8.113054034169204	0	92.97000000000001	-0	1.0999999999999996	0	0	208.94730632394885	0
15	20	-8.113054034169204	0	92.97000000000001	-0	1.0999999999999996	0	0	208.94730632394885	0
15	10	-8.113054034169204	0	92.97000000000001	-0	1.0999999999999996	0	0	208.94730632394885	0
15	5	-8.113054034169204	0	92.97000000000001	-0	1.0999999999999996	0	0	208.94730632394885	0
15	2	-8.113054034169204	0	92.97000000000001	-0	1.0999999999999996	0	0	208.94730632394885	0
15	0	-8.113054034169204	0	92.97000000000001	-0	1.0999999999999996	0	0	208.94730632394885	0
15	-2	-8.113054034169204	0	92.97000000000001	-0	1.0999999999999996	0	0	208.94730632394885	0
15	-5	-8.113054034169204	0	92.97000000000001	-0	1.0999999999999996	0	0	208.94730632394885	0
15	-10	-8.113054034169204	0	92.97000000000001	-0	1.0999999999999996	0	0	208.94730632394885	0
15	-20	-8.113054034169204	0	92.97000000000001	-0	1.0999999999999996	0	0	208.94730632394885	0
15	-40	-8.113054034169204	0	92.97000000000001	-0	1.0999999999999996	0	0	208.94730632394885	0
10	40	-8.113054034169204	0	92.97000000000001	-0	1.0999999999999996	0	0	196.7584029510415	0
10	20	-8.113054034169204	0	92.97000000000001	-0	1.0999999999999996	0	0	196.7584029510415	0
10	10	-8.113054034169204	0	92.97000000000001	-0	1.0999999999999996	0	0	196.7584029510415	0
10	5	-8.113054034169204	0	92.97000000000001	-0	1.0999999999999996	0	0	196.7584029510415	0
10	2	-8.113054034169204	0	92.97000000000001	-0	1.0999999999999996	0	0	196.7584029510415	0
10	0	-8.113054034169204	0	92.97000000000001	-0	1.0999999999999996	0	0	196.7584029510415	0
10	-2	-8.113054034169204	0	92.97000000000001	-0	1.0999999999999996	0	0	196.7584029510415	0
10	-5	-8.113054034169204	0	92.97000000000001	-0	1.0999999999999996	0	0	196.7584029510415	0
10	-10	-8.113054034169204	0	92.97000000000001	-0	1.0999999999999996	0	0	196.7584029510415	0
10	-20	-8.113054034169204	0	92.97000000000001	-0	1.0999999999999996	0	0	196.7584029510415	0
10	-40	-8.113054034169204	0	92.97000000000001	-0	1.0999999999999996	0	0	196.7584029510415	0
5	40	-8.113054034169204	0	92.97000000000001	-0	1.0999999999999996	0	0	189.1106476058704	0
5	20	-8.113054034169204	0	92.97000000000001	-0	1.0999999999999996	0	0	189.1106476058704	0
5	10	-8.113054034169204	0	92.97000000000001	-0	1.0999999999999996	0	0	189.1106476058704	0
5	5	-8.113054034169204	0	92.97000000000001	-0	1.0999999999999996	0	0	189.1106476058704	0
5	2	-8.113054034169204	0	92.97000000000001	-0	1.0999999999999996	0	0	189.1106476058704	0
5	0	-8.113054034169204	0	92.97000000000001	-0	1.0999999999999996	0	0	189.1106476058704	0
5	-2	-8.113054034169204	0	92.97000000000001	-0	1.0999999999999996	0	0	189.1106476058704	0
5	-5	-8.113054034169204	0	92.97000000000001	-0	1.0999999999999996	0	0	189.1106476058704	0
5	-10	-8.113054034169204	0	92.97000000000001	-0	1.0999999999999996	0	0	189.1106476058704	0
5	-20	-8.113054034169204	0	92.97000000000001	-0	1.0999999999999996	0	0	189.1106476058704	0
5	-40	-8.113054034169204	0	92.97000000000001	-0	1.0999999999999996	0	0	189.1106476058704	0
2	40	-8.113054034169204	0	92.97000000000001	-0	1.0999999999999996	0	0	188.18202113571078	0
2	20	-8.113054034169204	0	92.97000000000001	-0	1.0999999999999996	0	0	188.18202113571078	0
2	10	-8.113054034169204	0	92.97000000000001	-0	1.0999999999999996	0	0	188.18202113571078	0
2	5	-8.113054034169204	0	92.97000000000001	-0	1.0999999999999996	0	0	188.18202113571078	0
2	2	-8.113054034169204	0	92.97000000000001	-0	1.0999999999999996	0	0	188.18202113571078	0
2	0	-8.113054034169204	0	92.97000000000001	-0	1.0999999999999996	0	0	188.18202113571078	0
2	-2	-8.113054034169204	0	92.97000000000001	-0	1.0999999999999996	0	0	188.18202113571078	0
2	-5	-8.113054034169204	0	92.97000000000001	-0	1.0999999999999996	0	0	188.18202113571078	0
2	-10	-8.113054034169204	0	92.97000000000001	-0	1.0999999999999996	0	0	188.18202113571078	0
2	-20	-8.113054034169204	0	92.97000000000001	-0	1.0999999999999996	0	0	188.18202113571078	0
2	-40	-8.113054034169204	0	92.97000000000001	-0	1.0999999999999996	0	0	188.18202113571078	0
0	40	-8.113054034169204	0	92.97000000000001	-0	1.0999999999999996	0	0	187.404022058532	0
0	20	-8.113054034169204	0	92.97000000000001	-0	1.0999999999999996	0	0	187.404022058532	0
0	10	-8.113054034169204	0	92.97000000000001	-0	1.0999999999999996	0	0	187.404022058532	0
0	5	-8.113054034169204	0	92.97000000000001	-0	1.0999999999999996	0	0	187.404022058532	0
0	2	-8.113054034169204	0	92.97000000000001	-0	1.0999999999999996	0	0	187.404022058532	0
0	0	-8.113054034169204	0	92.97000000000001	-0	1.0999999999999996	0	0	187.404022058532	0
0	-2	-8.113054034169204	0	92.97000000000001	-0	1.0999999999999996	0	0	187.404022058532	0
0	-5	-8.113054034169204	0	92.97000000000001	-0	1.0999999999999996	0	0	187.404022058532	0
0	-10	-8.113054034169204	0	92.97000000000001	-0	1.0999999999999996	0	0	187.404022058532	0
0	-20	-8.113054034169204	0	92.97000000000001	-0	1.0999999999999996	0	0	187.404022058532	0
0	-40	-8.113054034169204	0	92.97000000000001	-0	1.0999999999999996	0	0	187.404022058532	0
-2	40	-8.113054034169204	0	92.97000000000001	-0	1.0999999999999996	0	0	188.18202113571078	-0
-2	20	-8.113054034169204	0	92.97000000000001	-0	1.0999999999999996	0	0	188.18202113571078	-0
-2	10	-8.113054034169204	0	92.97000000000001	-0	1.0999999999999996	0	0	188.18202113571078	-0
-2	5	-8.113054034169204	0	92.97000000000001	-0	1.0999999999999996	0	0	188.18202113571078	-0
-2	2	-8.113054034169204	0	92.97000000000001	-0	1.0999999999999996	0	0	188.18202113571078	-0
-2	0	-8.113054034169204	0	92.97000000000001	-0	1.0999999999999996	0	0	188.18202113571078	-0
-2	-2	-8.113054034169204	0	92.97000000000001	-0	1.0999999999999996	0	0	188.18202113571078	-0
-2	-5	-8.113054034169204	0	92.97000000000001	-0	1.0999999999999996	0	0	188.18202113571078	-0
-2	-10	-8.113054034169204	0	92.97000000000001	-0	1.0999999999999996	0	0	188.18202113571078	-0
-2	-20	-8.113054034169204	0	92.97000000000001	-0	1.0999999999999996	0	0	188.18202113571078	-0
-2	-40	-8.113054034169204	0	92.97000000000001	-0	1.0999999999999996	0	0	188.18202113571078	-0
-15	40	-8.113054034169204	0	92.97000000000001	-0	1.0999999999999996	0	0	208.94730632394885	-0
-15	20	-8.113054034169204	0	92.97000000000001	-0	1.0999999999999996	0	0	208.94730632394885	-0
-15	10	-8.113054034169204	0	92.97000000000001	-0	1.0999999999999996	0	0	208.94730632394885	-0
-15	5	-8.113054034169204	0	92.97000000000001	-0	1.0999999999999996	0	0	208.94730632394885	-0
-15	2	-8.113054034169204	0	92.97000000000001	-0	1.0999999999999996	0	0	208.94730632394885	-0
-15	0	-8.113054034169204	0	92.97000000000001	-0	1.0999999999999996	0	0	208.94730632394885	-0
-15	-2	-8.113054034169204	0	92.97000000000001	-0	1.0999999999999996	0	0	208.94730632394885	-0
-15	-5	-8.113054034169204	0	92.97000000000001	-0	1.0999999999999996	0	0	208.94730632394885	-0
-15	-10	-8.113054034169204	0	92.97000000000001	-0	1.0999999999999996	0	0	208.94730632394885	-0
-15	-20	-8.113054034169204	0	92.97000000000001	-0	1.0999999999999996	0	0	208.94730632394885	-0
-15	-40	-8.113054034169204	0	92.97000000000001	-0	1.0999999999999996	0	0	208.94730632394885	-0
-15	40	-8.113054034169204	0	92.97000000000001	-0	1.0999999999999996	0	0	208.94730632394885	-0
-15	20	-8.113054034169204	0	92.97000000000001	-0	1.0999999999999996	0	0	208.94730632394885	-0
-15	10	-8.113054034169204	0	92.97000000000001	-0	1.0999999999999996	0	0	208.94730632394885	-0
-15	5	-8.113054034169204	0	92.97000000000001	-0	1.0999999999999996	0	0	208.94730632394885	-0
-15	2	-8.113054034169204	0	92.97000000000001	-0	1.0999999999999996	0	0	208.94730632394885	-0
-15	0	-8.113054034169204	0	92.97000000000001	-0	1.0999999999999996	0	0	208.94730632394885	-0
-15	-2	-8.113054034169204	0	92.97000000000001	-0	1.0999999999999996	0	0	208.94730632394885	-0
-15	-5	-8.113054034169204	0	92.97000000000001	-0	1.0999999999999996	0	0	208.94730632394885	-0
-15	-10	-8.113054034169204	0	92.97000000000001	-0	1.0999999999999996	0	0	208.94730632394885	-0
-15	-20	-8.113054034169204	0	92.97000000000001	-0	1.0999999999999996	0	0	208.94730632394885	-0
-15	-40	-8.113054034169204	0	92.97000000000001	-0	1.0999999999999996	0	0	208.94730632394885	-0
-30	40	-8.113054034169204	0	92.97000000000001	-0	1.0999999999999996	0	0	289.65465582679684	-0
-30	20	-8.113054034169204	0	92.97000000000001	-0	1.0999999999999996	0	0	289.65465582679684	-0
-30	10	-8.113054034169204	0	92.97000000000001	-0	1.0999999999999996	0	0	289.65465582679684	-0
-60	40	-8.113054034169204	2.379901283333018	93.01562230699652	-5.946623358680194	2.231681539244617	4.8842190410734725	0.2990188470142297	158.34793085322465	-11.675806609027937
-60	20	-8.113054034169204	2.3576125169724453	92.9899763480054	-5.958559446149619	2.211007629303986	3.8251210767806634	0.16344218456616402	158.34793085322465	-11.538317149836617
-30	5	-8.113054034169204	0	92.97000000000001	-0	1.0999999999999996	0	0	289.65465582679684	-0
-30	2	-8.113054034169204	0	92.97000000000001	-0	1.0999999999999996	0	0	289.65465582679684	-0
-30	0	-8.113054034169204	0	92.97000000000001	-0	1.0999999999999996	0	0	289.65465582679684	-0
-30	-2	-8.113054034169204	0	92.97000000000001	-0	1.0999999999999996	0	0	289.65465582679684	-0
-30	-5	-8.113054034169204	0	92.97000000000001	-0	1.0999999999999996	0	0	289.65465582679684	-0
-30	-10	-8.113054034169204	0	92.97000000000001	-0	1.0999999999999996	0	0	289.65465582679684	-0
-60	10	-8.113054034169204	2.353659315349667	92.97969388417388	-5.960700069550602	2.20729996081361	3.608533705812176	0.1401562992334708	158.34793085322465	-11.513931612099901
-30	-20	-8.113054034169204	0	92.97000000000001	-0	1.0999999999999996	0	0	289.65465582679684	-0
-30	-40	-8.113054034169204	0	92.97000000000001	-0	1.0999999999999996	0	0	289.65465582679684	-0
-60	2	-8.113054034169204	2.3524945354703073	92.9719207809388	-5.961332159622532	2.2062051486940666	3.5499619567162433	0.13471879643137832	158.34793085322465	-11.506746604500128
-60	5	-8.113054034169204	2.352745445918701	92.97481171057348	-5.9611959453816254	2.2064410786800277	3.5956256000938596	0.13942533931261894	158.34793085322465	-11.508294359153611
-60	0	-8.113054034169204	2.352446985429781	92.97000000000001	-5.961357976859193	2.2061604319284616	3.5807988114831257	0.13845909247837507	158.34793085322465	-11.5064532895068
-60	-5	-8.113054034169204	2.352745445918697	92.96518828942652	-5.961195945381627	2.2064410786800277	3.5950052661257286	0.13942313675680432	158.34793085322465	-11.508294359153593
-60	-2	-8.113054034169204	2.3524945354703095	92.96807921906124	-5.961332159622531	2.206205148694067	3.5511974147819516	0.13471944724646195	158.34793085322465	-11.506746604500139
-60	-20	-8.113054034169204	2.3576125169724707	92.95002365199467	-5.958559446149613	2.2110076293039915	3.8212821603878	0.16337167911839298	158.34793085322465	-11.538317149836745
-60	-40	-8.113054034169204	2.379901283332976	92.9243776930035	-5.946623358680196	2.231681539244605	4.866948911340945	0.2986401663374579	158.34793085322465	-11.675806609027708
-60	-10	-8.113054034169204	2.3536593153496743	92.96030611582609	-5.960700069550599	2.20729996081361	3.6162505710634822	0.1402810699350818	158.34793085322465	-11.513931612099931
60	40	-9.067530979365582	1.2212709698608075	93.03333343585568	6.124592376249507	1.923430158641443	1.8484374358771412	0.21062563804161433	158.34793085322485	5.7742125835619635
60	20	-9.067530979365582	1.1989822035002808	92.99798238220366	6.1411270368857	1.8947912863336553	1.3849700438366213	0.11352968996987992	158.34793085322485	5.649005739600778
60	10	-9.067530979365582	1.1950290018774976	92.98360103251188	6.144124071835872	1.889600269527891	1.3308919174758977	0.103229506564929	158.34793085322485	5.626798682883282
60	5	-9.067530979365582	1.1941151324465282	92.976753627967	6.14481972622224	1.8883953607861927	1.3140950104777533	0.10080138875076845	158.34793085322485	5.621665033699046
60	-40	-9.067530979365582	1.2212709698608148	92.90666656414434	6.124592376249504	1.9234301586414468	1.8413865794515871	0.2102951771753799	158.34793085322485	5.774212583562001
60	2	-9.067530979365582	1.1938642219981401	92.9726962516292	6.14501091026102	1.8880642203174256	1.289355711025082	0.09600665755799144	158.34793085322485	5.620255547644437
60	-2	-9.067530979365582	1.1938642219981381	92.96730374837082	6.145010910261023	1.888064220317426	1.2900805558512833	0.09600680034221006	158.34793085322485	5.62025554764443
60	-5	-9.067530979365582	1.1941151324465231	92.96324637203301	6.144819726222242	1.8883953607861919	1.31333217755503	0.10077730544859133	158.34793085322485	5.621665033699022
60	0	-9.067530979365582	1.1938166719576124	92.97	6.145047150607331	1.8880014501963347	1.2981319121507957	0.09814122608925238	158.34793085322485	5.619988435934066
60	-20	-9.067530979365582	1.1989822035002946	92.94201761779638	6.141127036885693	1.894791286333657	1.3905783912096088	0.11368598729594213	158.34793085322485	5.649005739600841
60	-10	-9.067530979365582	1.1950290018774978	92.95639896748816	6.144124071835875	1.8896002695278922	1.3308919174759046	0.10322950656492862	158.34793085322485	5.626798682883287
30	40	-9.067530979365582	0	92.97000000000001	-0	1.0999999999999996	0	0	289.65465582679684	0
30	20	-9.067530979365582	0	92.97000000000001	-0	1.0999999999999996	0	0	289.65465582679684	0
30	10	-9.067530979365582	0	92.97000000000001	-0	1.0999999999999996	0	0	289.65465582679684	0
30	5	-9.067530979365582	0	92.97000000000001	-0	1.0999999999999996	0	0	289.65465582679684	0
30	2	-9.067530979365582	0	92.97000000000001	-0	1.0999999999999996	0	0	289.65465582679684	0
30	0	-9.067530979365582	0	92.97000000000001	-0	1.0999999999999996	0	0	289.65465582679684	0
30	-2	-9.067530979365582	0	92.97000000000001	-0	1.0999999999999996	0	0	289.65465582679684	0
30	-5	-9.067530979365582	0	92.97000000000001	-0	1.0999999999999996	0	0	289.65465582679684	0
30	-10	-9.067530979365582	0	92.97000000000001	-0	1.0999999999999996	0	0	289.65465582679684	0
30	-20	-9.067530979365582	0	92.97000000000001	-0	1.0999999999999996	0	0	289.65465582679684	0
30	-40	-9.067530979365582	0	92.97000000000001	-0	1.0999999999999996	0	0	289.65465582679684	0
15	40	-9.067530979365582	0	92.97000000000001	-0	1.0999999999999996	0	0	208.94730632394885	0
15	20	-9.067530979365582	0	92.97000000000001	-0	1.0999999999999996	0	0	208.94730632394885	0
15	10	-9.067530979365582	0	92.97000000000001	-0	1.0999999999999996	0	0	208.94730632394885	0
15	5	-9.067530979365582	0	92.97000000000001	-0	1.0999999999999996	0	0	208.94730632394885	0
15	2	-9.067530979365582	0	92.97000000000001	-0	1.0999999999999996	0	0	208.94730632394885	0
15	0	-9.067530979365582	0	92.97000000000001	-0	1.0999999999999996	0	0	208.94730632394885	0
15	-2	-9.067530979365582	0	92.97000000000001	-0	1.0999999999999996	0	0	208.94730632394885	0
15	-5	-9.067530979365582	0	92.97000000000001	-0	1.0999999999999996	0	0	208.94730632394885	0
15	-10	-9.067530979365582	0	92.97000000000001	-0	1.0999999999999996	0	0	208.94730632394885	0
15	-20	-9.067530979365582	0	92.97000000000001	-0	1.0999999999999996	0	0	208.94730632394885	0
15	-40	-9.067530979365582	0	92.97000000000001	-0	1.0999999999999996	0	0	208.94730632394885	0
10	40	-9.067530979365582	0	92.97000000000001	-0	1.0999999999999996	0	0	196.7584029510415	0
10	20	-9.067530979365582	0	92.97000000000001	-0	1.0999999999999996	0	0	196.7584029510415	0
10	10	-9.067530979365582	0	92.97000000000001	-0	1.0999999999999996	0	0	196.7584029510415	0
10	5	-9.067530979365582	0	92.97000000000001	-0	1.0999999999999996	0	0	196.7584029510415	0
10	2	-9.067530979365582	0	92.97000000000001	-0	1.0999999999999996	0	0	196.7584029510415	0
10	0	-9.067530979365582	0	92.97000000000001	-0	1.0999999999999996	0	0	196.7584029510415	0
10	-2	-9.067530979365582	0	92.97000000000001	-0	1.0999999999999996	0	0	196.7584029510415	0
10	-5	-9.067530979365582	0	92.97000000000001	-0	1.0999999999999996	0	0	196.7584029510415	0
10	-10	-9.067530979365582	0	92.97000000000001	-0	1.0999999999999996	0	0	196.7584029510415	0
10	-20	-9.067530979365582	0	92.97000000000001	-0	1.0999999999999996	0	0	196.7584029510415	0
10	-40	-9.067530979365582	0	92.97000000000001	-0	1.0999999999999996	0	0	196.7584029510415	0
5	40	-9.067530979365582	0	92.97000000000001	-0	1.0999999999999996	0	0	189.1106476058704	0
5	20	-9.067530979365582	0	92.97000000000001	-0	1.0999999999999996	0	0	189.1106476058704	0
5	10	-9.067530979365582	0	92.97000000000001	-0	1.0999999999999996	0	0	189.1106476058704	0
5	5	-9.067530979365582	0	92.97000000000001	-0	1.0999999999999996	0	0	189.1106476058704	0
5	2	-9.067530979365582	0	92.97000000000001	-0	1.0999999999999996	0	0	189.1106476058704	0
5	0	-9.067530979365582	0	92.97000000000001	-0	1.0999999999999996	0	0	189.1106476058704	0
5	-2	-9.067530979365582	0	92.97000000000001	-0	1.0999999999999996	0	0	189.1106476058704	0
5	-5	-9.067530979365582	0	92.97000000000001	-0	1.0999999999999996	0	0	189.1106476058704	0
5	-10	-9.067530979365582	0	92.97000000000001	-0	1.0999999999999996	0	0	189.1106476058704	0
5	-20	-9.067530979365582	0	92.97000000000001	-0	1.0999999999999996	0	0	189.1106476058704	0
5	-40	-9.067530979365582	0	92.97000000000001	-0	1.0999999999999996	0	0	189.1106476058704	0
2	40	-9.067530979365582	0	92.97000000000001	-0	1.0999999999999996	0	0	188.18202113571078	0
2	20	-9.067530979365582	0	92.97000000000001	-0	1.0999999999999996	0	0	188.18202113571078	0
2	10	-9.067530979365582	0	92.97000000000001	-0	1.0999999999999996	0	0	188.18202113571078	0
2	5	-9.067530979365582	0	92.97000000000001	-0	1.0999999999999996	0	0	188.18202113571078	0
2	2	-9.067530979365582	0	92.97000000000001	-0	1.0999999999999996	0	0	188.18202113571078	0
2	0	-9.067530979365582	0	92.97000000000001	-0	1.0999999999999996	0	0	188.18202113571078	0
2	-2	-9.067530979365582	0	92.97000000000001	-0	1.0999999999999996	0	0	188.18202113571078	0
2	-5	-9.067530979365582	0	92.97000000000001	-0	1.0999999999999996	0	0	188.18202113571078	0
2	-10	-9.067530979365582	0	92.97000000000001	-0	1.0999999999999996	0	0	188.18202113571078	0
2	-20	-9.067530979365582	0	92.97000000000001	-0	1.0999999999999996	0	0	188.18202113571078	0
2	-40	-9.067530979365582	0	92.97000000000001	-0	1.0999999999999996	0	0	188.18202113571078	0
0	40	-9.067530979365582	0	92.97000000000001	-0	1.0999999999999996	0	0	187.404022058532	0
0	20	-9.067530979365582	0	92.97000000000001	-0	1.0999999999999996	0	0	187.404022058532	0
0	10	-9.067530979365582	0	92.97000000000001	-0	1.0999999999999996	0	0	187.404022058532	0
0	5	-9.067530979365582	0	92.97000000000001	-0	1.0999999999999996	0	0	187.404022058532	0
0	2	-9.067530979365582	0	92.97000000000001	-0	1.0999999999999996	0	0	187.404022058532	0
0	0	-9.067530979365582	0	92.97000000000001	-0	1.0999999999999996	0	0	187.404022058532	0
0	-2	-9.067530979365582	0	92.97000000000001	-0	1.0999999999999996	0	0	187.404022058532	0
0	-5	-9.067530979365582	0	92.97000000000001	-0	1.0999999999999996	0	0	187.404022058532	0
0	-10	-9.067530979365582	0	92.97000000000001	-0	1.0999999999999996	0	0	187.404022058532	0
0	-20	-9.067530979365582	0	92.97000000000001	-0	1.0999999999999996	0	0	187.404022058532	0
0	-40	-9.067530979365582	0	92.97000000000001	-0	1.0999999999999996	0	0	187.404022058532	0
-2	40	-9.067530979365582	0	92.97000000000001	-0	1.0999999999999996	0	0	188.18202113571078	-0
-2	20	-9.067530979365582	0	92.97000000000001	-0	1.0999999999999996	0	0	188.18202113571078	-0
-2	10	-9.067530979365582	0	92.97000000000001	-0	1.0999999999999996	0	0	188.18202113571078	-0
-2	5	-9.067530979365582	0	92.97000000000001	-0	1.0999999999999996	0	0	188.18202113571078	-0
-2	2	-9.067530979365582	0	92.97000000000001	-0	1.0999999999999996	0	0	188.18202113571078	-0
-2	0	-9.067530979365582	0	92.97000000000001	-0	1.0999999999999996	0	0	188.18202113571078	-0
-2	-2	-9.067530979365582	0	92.97000000000001	-0	1.0999999999999996	0	0	188.18202113571078	-0
-2	-5	-9.067530979365582	0	92.97000000000001	-0	1.0999999999999996	0	0	188.18202113571078	-0
-2	-10	-9.067530979365582	0	92.97000000000001	-0	1.0999999999999996	0	0	188.18202113571078	-0
-2	-20	-9.067530979365582	0	92.97000000000001	-0	1.0999999999999996	0	0	188.18202113571078	-0
-2	-40	-9.067530979365582	0	92.97000000000001	-0	1.0999999999999996	0	0	188.18202113571078	-0
-15	40	-9.067530979365582	0	92.97000000000001	-0	1.0999999999999996	0	0	208.94730632394885	-0
-15	20	-9.067530979365582	0	92.97000000000001	-0	1.0999999999999996	0	0	208.94730632394885	-0
-15	10	-9.067530979365582	0	92.97000000000001	-0	1.0999999999999996	0	0	208.94730632394885	-0
-15	5	-9.067530979365582	0	92.97000000000001	-0	1.0999999999999996	0	0	208.94730632394885	-0
-15	2	-9.067530979365582	0	92.97000000000001	-0	1.0999999999999996	0	0	208.94730632394885	-0
-15	0	-9.067530979365582	0	92.97000000000001	-0	1.0999999999999996	0	0	208.94730632394885	-0
-15	-2	-9.067530979365582	0	92.97000000000001	-0	1.0999999999999996	0	0	208.94730632394885	-0
-15	-5	-9.067530979365582	0	92.97000000000001	-0	1.0999999999999996	0	0	208.94730632394885	-0
-15	-10	-9.067530979365582	0	92.97000000000001	-0	1.0999999999999996	0	0	208.94730632394885	-0
-15	-20	-9.067530979365582	0	92.97000000000001	-0	1.0999999999999996	0	0	208.94730632394885	-0
-15	-40	-9.067530979365582	0	92.97000000000001	-0	1.0999999999999996	0	0	208.94730632394885	-0
-15	40	-9.067530979365582	0	92.97000000000001	-0	1.0999999999999996	0	0	208.94730632394885	-0
-15	20	-9.067530979365582	0	92.97000000000001	-0	1.0999999999999996	0	0	208.94730632394885	-0
-15	10	-9.067530979365582	0	92.97000000000001	-0	1.0999999999999996	0	0	208.94730632394885	-0
-15	5	-9.067530979365582	0	92.97000000000001	-0	1.0999999999999996	0	0	208.94730632394885	-0
-15	2	-9.067530979365582	0	92.97000000000001	-0	1.0999999999999996	0	0	208.94730632394885	-0
-15	0	-9.067530979365582	0	92.97000000000001	-0	1.0999999999999996	0	0	208.94730632394885	-0
-15	-2	-9.067530979365582	0	92.97000000000001	-0	1.0999999999999996	0	0	208.94730632394885	-0
-15	-5	-9.067530979365582	0	92.97000000000001	-0	1.0999999999999996	0	0	208.94730632394885	-0
-15	-10	-9.067530979365582	0	92.97000000000001	-0	1.0999999999999996	0	0	208.94730632394885	-0
-15	-20	-9.067530979365582	0	92.97000000000001	-0	1.0999999999999996	0	0	208.94730632394885	-0
-15	-40	-9.067530979365582	0	92.97000000000001	-0	1.0999999999999996	0	0	208.94730632394885	-0
-30	40	-9.067530979365582	0	92.97000000000001	-0	1.0999999999999996	0	0	289.65465582679684	-0
-30	20	-9.067530979365582	0	92.97000000000001	-0	1.0999999999999996	0	0	289.65465582679684	-0
-30	10	-9.067530979365582	0	92.97000000000001	-0	1.0999999999999996	0	0	289.65465582679684	-0
-30	5	-9.067530979365582	0	92.97000000000001	-0	1.0999999999999996	0	0	289.65465582679684	-0
-30	2	-9.067530979365582	0	92.97000000000001	-0	1.0999999999999996	0	0	289.65465582679684	-0
-30	0	-9.067530979365582	0	92.97000000000001	-0	1.0999999999999996	0	0	289.65465582679684	-0
-60	40	-9.067530979365582	1.2212709698608049	93.03333343585564	-6.124592376249508	1.9234301586414433	1.8484374358771032	0.21062563804161033	158.34793085322465	-5.774212583561951
-30	-2	-9.067530979365582	0	92.97000000000001	-0	1.0999999999999996	0	0	289.65465582679684	-0
-30	-5	-9.067530979365582	0	92.97000000000001	-0	1.0999999999999996	0	0	289.65465582679684	-0
-30	-10	-9.067530979365582	0	92.97000000000001	-0	1.0999999999999996	0	0	289.65465582679684	-0
-60	20	-9.067530979365582	1.1989822035002842	92.99798238220366	-6.141127036885697	1.894791286333655	1.3849700438366213	0.11352968996987992	158.34793085322465	-5.649005739600791
-30	-20	-9.067530979365582	0	92.97000000000001	-0	1.0999999999999996	0	0	289.65465582679684	-0
-30	-40	-9.067530979365582	0	92.97000000000001	-0	1.0999999999999996	0	0	289.65465582679684	-0
-60	10	-9.067530979365582	1.1950290018774972	92.98360103251184	-6.144124071835871	1.8896002695278902	1.3308919174759075	0.10322950656492977	158.34793085322465	-5.62679868288328
-60	5	-9.067530979365582	1.1941151324465284	92.97675362796701	-6.1448197262222415	1.888395360786193	1.3140950104777527	0.10080138875076845	158.34793085322465	-5.621665033699048
-60	-40	-9.067530979365582	1.2212709698608166	92.90666656414436	-6.124592376249505	1.9234301586414468	1.8413865794515984	0.21029517717538118	158.34793085322465	-5.774212583562009
-60	2	-9.067530979365582	1.1938642219981381	92.97269625162924	-6.145010910261023	1.888064220317427	1.2893557110250855	0.09600665755799169	158.34793085322465	-5.6202555476444305
-60	-20	-9.067530979365582	1.1989822035002942	92.94201761779637	-6.141127036885697	1.894791286333658	1.3905783912095957	0.11368598729594166	158.34793085322465	-5.649005739600842
-60	0	-9.067530979365582	1.1938166719576135	92.96999999999997	-6.14504715060733	1.888001450196335	1.2981319121507957	0.09814122608925238	158.34793085322465	-5.61998843593407
-60	-5	-9.067530979365582	1.1941151324465233	92.96324637203301	-6.1448197262222415	1.8883953607861912	1.31333217755503	0.10077730544859133	158.34793085322465	-5.621665033699022
-60	-2	-9.067530979365582	1.1938642219981372	92.96730374837081	-6.145010910261023	1.8880642203174254	1.2900805558512827	0.09600680034221006	158.34793085322465	-5.620255547644424
-60	-10	-9.067530979365582	1.1950290018774976	92.95639896748816	-6.144124071835873	1.8896002695278906	1.3308919174759013	0.10322950656492835	158.34793085322465	-5.626798682883282
