60	40	41.71913563581244	6753.263530700271	47.310861896472915	0.2672214759882536	6.411547292295049	2255.3846974115586	4044.5386942544137	8922.06264933494	38400.22860415206
60	20	41.71913563581244	7451.459788009154	45.00576958530595	-0.00000000000000006102795476642589	6.525657039637908	0	0	8922.06264933494	42111.066380424636
60	10	41.71913563581244	7451.459788009154	45.00576958530595	-0.00000000000000006102795476642589	6.525657039637908	0	0	8922.06264933494	42111.066380424636
60	5	41.71913563581244	7451.459788009154	45.00576958530595	-0.00000000000000006102795476642589	6.525657039637908	0	0	8922.06264933494	42111.066380424636
60	2	41.71913563581244	7451.459788009154	45.00576958530595	-0.00000000000000006102795476642589	6.525657039637908	0	0	8922.06264933494	42111.066380424636
60	0	41.71913563581244	7451.459788009154	45.00576958530595	-0.00000000000000006102795476642589	6.525657039637908	0	0	8922.06264933494	42111.066380424636
60	-2	41.71913563581244	7451.459788009154	45.00576958530595	-0.00000000000000006102795476642589	6.525657039637908	0	0	8922.06264933494	42111.066380424636
60	-5	41.71913563581244	7451.459788009154	45.00576958530595	-0.00000000000000006102795476642589	6.525657039637908	0	0	8922.06264933494	42111.066380424636
60	-10	41.71913563581244	7451.459788009154	45.00576958530595	-0.00000000000000006102795476642589	6.525657039637908	0	0	8922.06264933494	42111.066380424636
60	-20	41.71913563581244	7451.459788009154	45.00576958530595	-0.00000000000000006102795476642589	6.525657039637908	0	0	8922.06264933494	42111.066380424636
60	-40	41.71913563581244	6764.495121603301	42.7546912256823	0.280206244042573	6.4267189317931575	2215.101048752462	3823.5525471854344	8922.06264933494	38596.88995160062
30	40	41.71913563581244	7451.459788009154	45.00576958530595	-0.00000000000000006102795476642589	6.525657039637908	0	0	15579.530461609818	24312.835510600362
30	20	41.71913563581244	7451.459788009154	45.00576958530595	-0.00000000000000006102795476642589	6.525657039637908	0	0	15579.530461609818	24312.835510600362
30	10	41.71913563581244	7451.459788009154	45.00576958530595	-0.00000000000000006102795476642589	6.525657039637908	0	0	15579.530461609818	24312.835510600362
30	5	41.71913563581244	7451.459788009154	45.00576958530595	-0.00000000000000006102795476642589	6.525657039637908	0	0	15579.530461609818	24312.835510600362
30	2	41.71913563581244	7451.459788009154	45.00576958530595	-0.00000000000000006102795476642589	6.525657039637908	0	0	15579.530461609818	24312.835510600362
30	0	41.71913563581244	7451.459788009154	45.00576958530595	-0.00000000000000006102795476642589	6.525657039637908	0	0	15579.530461609818	24312.835510600362
30	-2	41.71913563581244	7451.459788009154	45.00576958530595	-0.00000000000000006102795476642589	6.525657039637908	0	0	15579.530461609818	24312.835510600362
30	-5	41.71913563581244	7451.459788009154	45.00576958530595	-0.00000000000000006102795476642589	6.525657039637908	0	0	15579.530461609818	24312.835510600362
30	-10	41.71913563581244	7451.459788009154	45.00576958530595	-0.00000000000000006102795476642589	6.525657039637908	0	0	15579.530461609818	24312.835510600362
30	-20	41.71913563581244	7451.459788009154	45.00576958530595	-0.00000000000000006102795476642589	6.525657039637908	0	0	15579.530461609818	24312.835510600362
30	-40	41.71913563581244	7451.459788009154	45.00576958530595	-0.00000000000000006102795476642589	6.525657039637908	0	0	15579.530461609818	24312.835510600362
15	40	41.71913563581244	7451.459788009154	45.00576958530595	-0.00000000000000006102795476642589	6.525657039637908	0	0	11307.554100793299	12585.249741176487
15	20	41.71913563581244	7451.459788009154	45.00576958530595	-0.00000000000000006102795476642589	6.525657039637908	0	0	11307.554100793299	12585.249741176487
15	10	41.71913563581244	7451.459788009154	45.00576958530595	-0.00000000000000006102795476642589	6.525657039637908	0	0	11307.554100793299	12585.249741176487
15	5	41.71913563581244	7451.459788009154	45.00576958530595	-0.00000000000000006102795476642589	6.525657039637908	0	0	11307.554100793299	12585.249741176487
15	2	41.71913563581244	7451.459788009154	45.00576958530595	-0.00000000000000006102795476642589	6.525657039637908	0	0	11307.554100793299	12585.249741176487
15	0	41.71913563581244	7451.459788009154	45.00576958530595	-0.00000000000000006102795476642589	6.525657039637908	0	0	11307.554100793299	12585.249741176487
15	-2	41.71913563581244	7451.459788009154	45.00576958530595	-0.00000000000000006102795476642589	6.525657039637908	0	0	11307.554100793299	12585.249741176487
15	-5	41.71913563581244	7451.459788009154	45.00576958530595	-0.00000000000000006102795476642589	6.525657039637908	0	0	11307.554100793299	12585.249741176487
15	-10	41.71913563581244	7451.459788009154	45.00576958530595	-0.00000000000000006102795476642589	6.525657039637908	0	0	11307.554100793299	12585.249741176487
15	-20	41.71913563581244	7451.459788009154	45.00576958530595	-0.00000000000000006102795476642589	6.525657039637908	0	0	11307.554100793299	12585.249741176487
15	-40	41.71913563581244	7451.459788009154	45.00576958530595	-0.00000000000000006102795476642589	6.525657039637908	0	0	11307.554100793299	12585.249741176487
10	40	41.71913563581244	7451.459788009154	45.00576958530595	-0.00000000000000006102795476642589	6.525657039637908	0	0	10622.265535754355	8443.75916066317
10	20	41.71913563581244	7451.459788009154	45.00576958530595	-0.00000000000000006102795476642589	6.525657039637908	0	0	10622.265535754355	8443.75916066317
10	10	41.71913563581244	7451.459788009154	45.00576958530595	-0.00000000000000006102795476642589	6.525657039637908	0	0	10622.265535754355	8443.75916066317
10	5	41.71913563581244	7451.459788009154	45.00576958530595	-0.00000000000000006102795476642589	6.525657039637908	0	0	10622.265535754355	8443.75916066317
10	2	41.71913563581244	7451.459788009154	45.00576958530595	-0.00000000000000006102795476642589	6.525657039637908	0	0	10622.265535754355	8443.75916066317
10	0	41.71913563581244	7451.459788009154	45.00576958530595	-0.00000000000000006102795476642589	6.525657039637908	0	0	10622.265535754355	8443.75916066317
10	-2	41.71913563581244	7451.459788009154	45.00576958530595	-0.00000000000000006102795476642589	6.525657039637908	0	0	10622.265535754355	8443.75916066317
10	-5	41.71913563581244	7451.459788009154	45.00576958530595	-0.00000000000000006102795476642589	6.525657039637908	0	0	10622.265535754355	8443.75916066317
10	-10	41.71913563581244	7451.459788009154	45.00576958530595	-0.00000000000000006102795476642589	6.525657039637908	0	0	10622.265535754355	8443.75916066317
10	-20	41.71913563581244	7451.459788009154	45.00576958530595	-0.00000000000000006102795476642589	6.525657039637908	0	0	10622.265535754355	8443.75916066317
10	-40	41.71913563581244	7451.459788009154	45.00576958530595	-0.00000000000000006102795476642589	6.525657039637908	0	0	10622.265535754355	8443.75916066317
5	40	41.71913563581244	7451.459788009154	45.00576958530595	-0.00000000000000006102795476642589	6.525657039637908	0	0	10234.192365617175	4238.006474456027
5	20	41.71913563581244	7451.459788009154	45.00576958530595	-0.00000000000000006102795476642589	6.525657039637908	0	0	10234.192365617175	4238.006474456027
5	10	41.71913563581244	7451.459788009154	45.00576958530595	-0.00000000000000006102795476642589	6.525657039637908	0	0	10234.192365617175	4238.006474456027
5	5	41.71913563581244	7451.459788009154	45.00576958530595	-0.00000000000000006102795476642589	6.525657039637908	0	0	10234.192365617175	4238.006474456027
5	2	41.71913563581244	7451.459788009154	45.00576958530595	-0.00000000000000006102795476642589	6.525657039637908	0	0	10234.192365617175	4238.006474456027
5	0	41.71913563581244	7451.459788009154	45.00576958530595	-0.00000000000000006102795476642589	6.525657039637908	0	0	10234.192365617175	4238.006474456027
5	-2	41.71913563581244	7451.459788009154	45.00576958530595	-0.00000000000000006102795476642589	6.525657039637908	0	0	10234.192365617175	4238.006474456027
5	-5	41.71913563581244	7451.459788009154	45.00576958530595	-0.00000000000000006102795476642589	6.525657039637908	0	0	10234.192365617175	4238.006474456027
5	-10	41.71913563581244	7451.459788009154	45.00576958530595	-0.00000000000000006102795476642589	6.525657039637908	0	0	10234.192365617175	4238.006474456027
5	-20	41.71913563581244	7451.459788009154	45.00576958530595	-0.00000000000000006102795476642589	6.525657039637908	0	0	10234.192365617175	4238.006474456027
5	-40	41.71913563581244	7451.459788009154	45.00576958530595	-0.00000000000000006102795476642589	6.525657039637908	0	0	10234.192365617175	4238.006474456027
2	40	41.71913563581244	7451.459788009154	45.00576958530595	-0.00000000000000006102795476642589	6.525657039637908	0	0	10245.035389240702	1697.0114454612913
2	20	41.71913563581244	7451.459788009154	45.00576958530595	-0.00000000000000006102795476642589	6.525657039637908	0	0	10245.035389240702	1697.0114454612913
2	10	41.71913563581244	7451.459788009154	45.00576958530595	-0.00000000000000006102795476642589	6.525657039637908	0	0	10245.035389240702	1697.0114454612913
2	5	41.71913563581244	7451.459788009154	45.00576958530595	-0.00000000000000006102795476642589	6.525657039637908	0	0	10245.035389240702	1697.0114454612913
2	2	41.71913563581244	7451.459788009154	45.00576958530595	-0.00000000000000006102795476642589	6.525657039637908	0	0	10245.035389240702	1697.0114454612913
2	0	41.71913563581244	7451.459788009154	45.00576958530595	-0.00000000000000006102795476642589	6.525657039637908	0	0	10245.035389240702	1697.0114454612913
2	-2	41.71913563581244	7451.459788009154	45.00576958530595	-0.00000000000000006102795476642589	6.525657039637908	0	0	10245.035389240702	1697.0114454612913
2	-5	41.71913563581244	7451.459788009154	45.00576958530595	-0.00000000000000006102795476642589	6.525657039637908	0	0	10245.035389240702	1697.0114454612913
2	-10	41.71913563581244	7451.459788009154	45.00576958530595	-0.00000000000000006102795476642589	6.525657039637908	0	0	10245.035389240702	1697.0114454612913
2	-20	41.71913563581244	7451.459788009154	45.00576958530595	-0.00000000000000006102795476642589	6.525657039637908	0	0	10245.035389240702	1697.0114454612913
2	-40	41.71913563581244	7451.459788009154	45.00576958530595	-0.00000000000000006102795476642589	6.525657039637908	0	0	10245.035389240702	1697.0114454612913
0	40	41.71913563581244	7451.459788009154	45.00576958530595	-0.00000000000000006102795476642589	6.525657039637908	0	0	10225.372951420271	-0.0000000000004547473508864641
0	20	41.71913563581244	7451.459788009154	45.00576958530595	-0.00000000000000006102795476642589	6.525657039637908	0	0	10225.372951420271	-0.0000000000004547473508864641
0	10	41.71913563581244	7451.459788009154	45.00576958530595	-0.00000000000000006102795476642589	6.525657039637908	0	0	10225.372951420271	-0.0000000000004547473508864641
0	5	41.71913563581244	7451.459788009154	45.00576958530595	-0.00000000000000006102795476642589	6.525657039637908	0	0	10225.372951420271	-0.0000000000004547473508864641
0	2	41.71913563581244	7451.459788009154	45.00576958530595	-0.00000000000000006102795476642589	6.525657039637908	0	0	10225.372951420271	-0.0000000000004547473508864641
0	0	41.71913563581244	7451.459788009154	45.00576958530595	-0.00000000000000006102795476642589	6.525657039637908	0	0	10225.372951420271	-0.0000000000004547473508864641
0	-2	41.71913563581244	7451.459788009154	45.00576958530595	-0.00000000000000006102795476642589	6.525657039637908	0	0	10225.372951420271	-0.0000000000004547473508864641
0	-5	41.71913563581244	7451.459788009154	45.00576958530595	-0.00000000000000006102795476642589	6.525657039637908	0	0	10225.372951420271	-0.0000000000004547473508864641
0	-10	41.71913563581244	7451.459788009154	45.00576958530595	-0.00000000000000006102795476642589	6.525657039637908	0	0	10225.372951420271	-0.0000000000004547473508864641
0	-20	41.71913563581244	7451.459788009154	45.00576958530595	-0.00000000000000006102795476642589	6.525657039637908	0	0	10225.372951420271	-0.0000000000004547473508864641
0	-40	41.71913563581244	7451.459788009154	45.00576958530595	-0.00000000000000006102795476642589	6.525657039637908	0	0	10225.372951420271	-0.0000000000004547473508864641
-2	40	41.71913563581244	7451.459788009154	45.00576958530595	-0.00000000000000006102795476642589	6.525657039637908	0	0	10245.035389240702	-1697.0114454612922
-2	20	41.71913563581244	7451.459788009154	45.00576958530595	-0.00000000000000006102795476642589	6.525657039637908	0	0	10245.035389240702	-1697.0114454612922
-2	10	41.71913563581244	7451.459788009154	45.00576958530595	-0.00000000000000006102795476642589	6.525657039637908	0	0	10245.035389240702	-1697.0114454612922
-2	5	41.71913563581244	7451.459788009154	45.00576958530595	-0.00000000000000006102795476642589	6.525657039637908	0	0	10245.035389240702	-1697.0114454612922
-2	2	41.71913563581244	7451.459788009154	45.00576958530595	-0.00000000000000006102795476642589	6.525657039637908	0	0	10245.035389240702	-1697.0114454612922
-2	0	41.71913563581244	7451.459788009154	45.00576958530595	-0.00000000000000006102795476642589	6.525657039637908	0	0	10245.035389240702	-1697.0114454612922
-2	-2	41.71913563581244	7451.459788009154	45.00576958530595	-0.00000000000000006102795476642589	6.525657039637908	0	0	10245.035389240702	-1697.0114454612922
-2	-5	41.71913563581244	7451.459788009154	45.00576958530595	-0.00000000000000006102795476642589	6.525657039637908	0	0	10245.035389240702	-1697.0114454612922
-2	-10	41.71913563581244	7451.459788009154	45.00576958530595	-0.00000000000000006102795476642589	6.525657039637908	0	0	10245.035389240702	-1697.0114454612922
-2	-20	41.71913563581244	7451.459788009154	45.00576958530595	-0.00000000000000006102795476642589	6.525657039637908	0	0	10245.035389240702	-1697.0114454612922
-2	-40	41.71913563581244	7451.459788009154	45.00576958530595	-0.00000000000000006102795476642589	6.525657039637908	0	0	10245.035389240702	-1697.0114454612922
-5	40	41.71913563581244	7451.459788009154	45.00576958530595	-0.00000000000000006102795476642589	6.525657039637908	0	0	10234.192365617177	-4238.006474456029
-5	20	41.71913563581244	7451.459788009154	45.00576958530595	-0.00000000000000006102795476642589	6.525657039637908	0	0	10234.192365617177	-4238.006474456029
-5	10	41.71913563581244	7451.459788009154	45.00576958530595	-0.00000000000000006102795476642589	6.525657039637908	0	0	10234.192365617177	-4238.006474456029
-5	5	41.71913563581244	7451.459788009154	45.00576958530595	-0.00000000000000006102795476642589	6.525657039637908	0	0	10234.192365617177	-4238.006474456029
-5	2	41.71913563581244	7451.459788009154	45.00576958530595	-0.00000000000000006102795476642589	6.525657039637908	0	0	10234.192365617177	-4238.006474456029
-5	0	41.71913563581244	7451.459788009154	45.00576958530595	-0.00000000000000006102795476642589	6.525657039637908	0	0	10234.192365617177	-4238.006474456029
-5	-2	41.71913563581244	7451.459788009154	45.00576958530595	-0.00000000000000006102795476642589	6.525657039637908	0	0	10234.192365617177	-4238.006474456029
-5	-5	41.71913563581244	7451.459788009154	45.00576958530595	-0.00000000000000006102795476642589	6.525657039637908	0	0	10234.192365617177	-4238.006474456029
-5	-10	41.71913563581244	7451.459788009154	45.00576958530595	-0.00000000000000006102795476642589	6.525657039637908	0	0	10234.192365617177	-4238.006474456029
-5	-20	41.71913563581244	7451.459788009154	45.00576958530595	-0.00000000000000006102795476642589	6.525657039637908	0	0	10234.192365617177	-4238.006474456029
-5	-40	41.71913563581244	7451.459788009154	45.00576958530595	-0.00000000000000006102795476642589	6.525657039637908	0	0	10234.192365617177	-4238.006474456029
-10	40	41.71913563581244	7451.459788009154	45.00576958530595	-0.00000000000000006102795476642589	6.525657039637908	0	0	10622.265535754357	-8443.75916066317
-10	20	41.71913563581244	7451.459788009154	45.00576958530595	-0.00000000000000006102795476642589	6.525657039637908	0	0	10622.265535754357	-8443.75916066317
-10	10	41.71913563581244	7451.459788009154	45.00576958530595	-0.00000000000000006102795476642589	6.525657039637908	0	0	10622.265535754357	-8443.75916066317
-10	5	41.71913563581244	7451.459788009154	45.00576958530595	-0.00000000000000006102795476642589	6.525657039637908	0	0	10622.265535754357	-8443.75916066317
-10	2	41.71913563581244	7451.459788009154	45.00576958530595	-0.00000000000000006102795476642589	6.525657039637908	0	0	10622.265535754357	-8443.75916066317
-10	0	41.71913563581244	7451.459788009154	45.00576958530595	-0.00000000000000006102795476642589	6.525657039637908	0	0	10622.265535754357	-8443.75916066317
-10	-2	41.71913563581244	7451.459788009154	45.00576958530595	-0.00000000000000006102795476642589	6.525657039637908	0	0	10622.265535754357	-8443.75916066317
-10	-5	41.71913563581244	7451.459788009154	45.00576958530595	-0.00000000000000006102795476642589	6.525657039637908	0	0	10622.265535754357	-8443.75916066317
-10	-10	41.71913563581244	7451.459788009154	45.00576958530595	-0.00000000000000006102795476642589	6.525657039637908	0	0	10622.265535754357	-8443.75916066317
-10	-20	41.71913563581244	7451.459788009154	45.00576958530595	-0.00000000000000006102795476642589	6.525657039637908	0	0	10622.265535754357	-8443.75916066317
-10	-40	41.71913563581244	7451.459788009154	45.00576958530595	-0.00000000000000006102795476642589	6.525657039637908	0	0	10622.265535754357	-8443.75916066317
-15	40	41.71913563581244	7451.459788009154	45.00576958530595	-0.00000000000000006102795476642589	6.525657039637908	0	0	11307.554100793297	-12585.249741176487
-15	20	41.71913563581244	7451.459788009154	45.00576958530595	-0.00000000000000006102795476642589	6.525657039637908	0	0	11307.554100793297	-12585.249741176487
-15	10	41.71913563581244	7451.459788009154	45.00576958530595	-0.00000000000000006102795476642589	6.525657039637908	0	0	11307.554100793297	-12585.249741176487
-15	5	41.71913563581244	7451.459788009154	45.00576958530595	-0.00000000000000006102795476642589	6.525657039637908	0	0	11307.554100793297	-12585.249741176487
-15	2	41.71913563581244	7451.459788009154	45.00576958530595	-0.00000000000000006102795476642589	6.525657039637908	0	0	11307.554100793297	-12585.249741176487
-15	0	41.71913563581244	7451.459788009154	45.00576958530595	-0.00000000000000006102795476642589	6.525657039637908	0	0	11307.554100793297	-12585.249741176487
-15	-2	41.71913563581244	7451.459788009154	45.00576958530595	-0.00000000000000006102795476642589	6.525657039637908	0	0	11307.554100793297	-12585.249741176487
-15	-5	41.71913563581244	7451.459788009154	45.00576958530595	-0.00000000000000006102795476642589	6.525657039637908	0	0	11307.554100793297	-12585.249741176487
-15	-10	41.71913563581244	7451.459788009154	45.00576958530595	-0.00000000000000006102795476642589	6.525657039637908	0	0	11307.554100793297	-12585.249741176487
-15	-20	41.71913563581244	7451.459788009154	45.00576958530595	-0.00000000000000006102795476642589	6.525657039637908	0	0	11307.554100793297	-12585.249741176487
-15	-40	41.71913563581244	7451.459788009154	45.00576958530595	-0.00000000000000006102795476642589	6.525657039637908	0	0	11307.554100793297	-12585.249741176487
-30	40	41.71913563581244	7451.459788009154	45.00576958530595	-0.00000000000000006102795476642589	6.525657039637908	0	0	15579.530461609822	-24312.835510600362
-30	20	41.71913563581244	7451.459788009154	45.00576958530595	-0.00000000000000006102795476642589	6.525657039637908	0	0	15579.530461609822	-24312.835510600362
-30	10	41.71913563581244	7451.459788009154	45.00576958530595	-0.00000000000000006102795476642589	6.525657039637908	0	0	15579.530461609822	-24312.835510600362
-30	5	41.71913563581244	7451.459788009154	45.00576958530595	-0.00000000000000006102795476642589	6.525657039637908	0	0	15579.530461609822	-24312.835510600362
-30	2	41.71913563581244	7451.459788009154	45.00576958530595	-0.00000000000000006102795476642589	6.525657039637908	0	0	15579.530461609822	-24312.835510600362
-30	0	41.71913563581244	7451.459788009154	45.00576958530595	-0.00000000000000006102795476642589	6.525657039637908	0	0	15579.530461609822	-24312.835510600362
-30	-2	41.71913563581244	7451.459788009154	45.00576958530595	-0.00000000000000006102795476642589	6.525657039637908	0	0	15579.530461609822	-24312.835510600362
-30	-5	41.71913563581244	7451.459788009154	45.00576958530595	-0.00000000000000006102795476642589	6.525657039637908	0	0	15579.530461609822	-24312.835510600362
-30	-10	41.71913563581244	7451.459788009154	45.00576958530595	-0.00000000000000006102795476642589	6.525657039637908	0	0	15579.530461609822	-24312.835510600362
-30	-20	41.71913563581244	7451.459788009154	45.00576958530595	-0.00000000000000006102795476642589	6.525657039637908	0	0	15579.530461609822	-24312.835510600362
-30	-40	41.71913563581244	7451.459788009154	45.00576958530595	-0.00000000000000006102795476642589	6.525657039637908	0	0	15579.530461609822	-24312.835510600362
-60	40	41.71913563581244	6753.263530700273	47.31086189647291	-0.2672214759882538	6.411547292295049	2255.384697411646	4044.5386942543846	8922.06264933494	-38400.22860415207
-60	20	41.71913563581244	7451.459788009154	45.00576958530595	-0.00000000000000006102795476642589	6.525657039637908	0	0	8922.06264933494	-42111.066380424636
-60	10	41.71913563581244	7451.459788009154	45.00576958530595	-0.00000000000000006102795476642589	6.525657039637908	0	0	8922.06264933494	-42111.066380424636
-60	5	41.71913563581244	7451.459788009154	45.00576958530595	-0.00000000000000006102795476642589	6.525657039637908	0	0	8922.06264933494	-42111.066380424636
-60	2	41.71913563581244	7451.459788009154	45.00576958530595	-0.00000000000000006102795476642589	6.525657039637908	0	0	8922.06264933494	-42111.066380424636
-60	0	41.71913563581244	7451.459788009154	45.00576958530595	-0.00000000000000006102795476642589	6.525657039637908	0	0	8922.06264933494	-42111.066380424636
-60	-2	41.71913563581244	7451.459788009154	45.00576958530595	-0.00000000000000006102795476642589	6.525657039637908	0	0	8922.06264933494	-42111.066380424636
-60	-5	41.71913563581244	7451.459788009154	45.00576958530595	-0.00000000000000006102795476642589	6.525657039637908	0	0	8922.06264933494	-42111.066380424636
-60	-10	41.71913563581244	7451.459788009154	45.00576958530595	-0.00000000000000006102795476642589	6.525657039637908	0	0	8922.06264933494	-42111.066380424636
-60	-20	41.71913563581244	7451.459788009154	45.00576958530595	-0.00000000000000006102795476642589	6.525657039637908	0	0	8922.06264933494	-42111.066380424636
-60	-40	41.71913563581244	6764.495121603302	42.75469122568227	-0.28020624404257344	6.426718931793157	2215.1010487524036	3823.5525471854344	8922.06264933494	-38596.88995160063
60	40	38.28423167627772	6491.954892698362	48.199296402320634	0.30238575794349165	6.394023239283667	2399.6784029025293	5618.733180055438	8922.06264933494	36930.00110580537
60	20	38.28423167627772	7447.232447969729	45.02013974427599	0.003486355968299381	6.523053954765768	5.156407044775733	10.172360110792397	8922.06264933494	42083.36933061485
60	10	38.28423167627772	7451.459788009154	45.00576958530595	-0.00000000000000006102795476642589	6.525657039637908	0	0	8922.06264933494	42111.066380424636
60	5	38.28423167627772	7451.459788009154	45.00576958530595	-0.00000000000000006102795476642589	6.525657039637908	0	0	8922.06264933494	42111.066380424636
60	2	38.28423167627772	7451.459788009154	45.00576958530595	-0.00000000000000006102795476642589	6.525657039637908	0	0	8922.06264933494	42111.066380424636
60	0	38.28423167627772	7451.459788009154	45.00576958530595	-0.00000000000000006102795476642589	6.525657039637908	0	0	8922.06264933494	42111.066380424636
60	-2	38.28423167627772	7451.459788009154	45.00576958530595	-0.00000000000000006102795476642589	6.525657039637908	0	0	8922.06264933494	42111.066380424636
60	-5	38.28423167627772	7451.459788009154	45.00576958530595	-0.00000000000000006102795476642589	6.525657039637908	0	0	8922.06264933494	42111.066380424636
60	-10	38.28423167627772	7451.459788009154	45.00576958530595	-0.00000000000000006102795476642589	6.525657039637908	0	0	8922.06264933494	42111.066380424636
60	-20	38.28423167627772	7447.974042064133	44.99401684820433	0.002887817622619752	6.5234876952813545	3.987052216058146	7.865502193696557	8922.06264933494	42088.12872084578
60	-40	38.28423167627772	6507.053634191093	41.8874366337488	0.31828185516318935	6.4089226219362105	2391.6388323575084	5461.926116612754	8922.06264933494	37151.57197473853
30	40	38.28423167627772	7449.363960670027	45.01305957474923	0.001623440030645644	6.52427836623071	3.278783099402972	1.8312835604601787	15579.530461609818	24311.335426450794
30	20	38.28423167627772	7451.459788009154	45.00576958530595	-0.00000000000000006102795476642589	6.525657039637908	0	0	15579.530461609818	24312.835510600362
30	10	38.28423167627772	7451.459788009154	45.00576958530595	-0.00000000000000006102795476642589	6.525657039637908	0	0	15579.530461609818	24312.835510600362
30	5	38.28423167627772	7451.459788009154	45.00576958530595	-0.00000000000000006102795476642589	6.525657039637908	0	0	15579.530461609818	24312.835510600362
30	2	38.28423167627772	7451.459788009154	45.00576958530595	-0.00000000000000006102795476642589	6.525657039637908	0	0	15579.530461609818	24312.835510600362
30	0	38.28423167627772	7451.459788009154	45.00576958530595	-0.00000000000000006102795476642589	6.525657039637908	0	0	15579.530461609818	24312.835510600362
30	-2	38.28423167627772	7451.459788009154	45.00576958530595	-0.00000000000000006102795476642589	6.525657039637908	0	0	15579.530461609818	24312.835510600362
30	-5	38.28423167627772	7451.459788009154	45.00576958530595	-0.00000000000000006102795476642589	6.525657039637908	0	0	15579.530461609818	24312.835510600362
30	-10	38.28423167627772	7451.459788009154	45.00576958530595	-0.00000000000000006102795476642589	6.525657039637908	0	0	15579.530461609818	24312.835510600362
30	-20	38.28423167627772	7451.459788009154	45.00576958530595	-0.00000000000000006102795476642589	6.525657039637908	0	0	15579.530461609818	24312.835510600362
30	-40	38.28423167627772	7450.114181434298	45.001126369423204	0.0010627861939006837	6.524760084413679	1.8160570476054545	1.0143139437177524	15579.530461609818	24311.960901594157
15	40	38.28423167627772	7451.459788009154	45.00576958530595	-0.00000000000000006102795476642589	6.525657039637908	0	0	11307.554100793299	12585.249741176487
15	20	38.28423167627772	7451.459788009154	45.00576958530595	-0.00000000000000006102795476642589	6.525657039637908	0	0	11307.554100793299	12585.249741176487
15	10	38.28423167627772	7451.459788009154	45.00576958530595	-0.00000000000000006102795476642589	6.525657039637908	0	0	11307.554100793299	12585.249741176487
15	5	38.28423167627772	7451.459788009154	45.00576958530595	-0.00000000000000006102795476642589	6.525657039637908	0	0	11307.554100793299	12585.249741176487
15	2	38.28423167627772	7451.459788009154	45.00576958530595	-0.00000000000000006102795476642589	6.525657039637908	0	0	11307.554100793299	12585.249741176487
15	0	38.28423167627772	7451.459788009154	45.00576958530595	-0.00000000000000006102795476642589	6.525657039637908	0	0	11307.554100793299	12585.249741176487
15	-2	38.28423167627772	7451.459788009154	45.00576958530595	-0.00000000000000006102795476642589	6.525657039637908	0	0	11307.554100793299	12585.249741176487
15	-5	38.28423167627772	7451.459788009154	45.00576958530595	-0.00000000000000006102795476642589	6.525657039637908	0	0	11307.554100793299	12585.249741176487
15	-10	38.28423167627772	7451.459788009154	45.00576958530595	-0.00000000000000006102795476642589	6.525657039637908	0	0	11307.554100793299	12585.249741176487
15	-20	38.28423167627772	7451.459788009154	45.00576958530595	-0.00000000000000006102795476642589	6.525657039637908	0	0	11307.554100793299	12585.249741176487
15	-40	38.28423167627772	7451.459788009154	45.00576958530595	-0.00000000000000006102795476642589	6.525657039637908	0	0	11307.554100793299	12585.249741176487
10	40	38.28423167627772	7451.459788009154	45.00576958530595	-0.00000000000000006102795476642589	6.525657039637908	0	0	10622.265535754355	8443.75916066317
10	20	38.28423167627772	7451.459788009154	45.00576958530595	-0.00000000000000006102795476642589	6.525657039637908	0	0	10622.265535754355	8443.75916066317
10	10	38.28423167627772	7451.459788009154	45.00576958530595	-0.00000000000000006102795476642589	6.525657039637908	0	0	10622.265535754355	8443.75916066317
10	5	38.28423167627772	7451.459788009154	45.00576958530595	-0.00000000000000006102795476642589	6.525657039637908	0	0	10622.265535754355	8443.75916066317
10	2	38.28423167627772	7451.459788009154	45.00576958530595	-0.00000000000000006102795476642589	6.525657039637908	0	0	10622.265535754355	8443.75916066317
10	0	38.28423167627772	7451.459788009154	45.00576958530595	-0.00000000000000006102795476642589	6.525657039637908	0	0	10622.265535754355	8443.75916066317
10	-2	38.28423167627772	7451.459788009154	45.00576958530595	-0.00000000000000006102795476642589	6.525657039637908	0	0	10622.265535754355	8443.75916066317
10	-5	38.28423167627772	7451.459788009154	45.00576958530595	-0.00000000000000006102795476642589	6.525657039637908	0	0	10622.265535754355	8443.75916066317
10	-10	38.28423167627772	7451.459788009154	45.00576958530595	-0.00000000000000006102795476642589	6.525657039637908	0	0	10622.265535754355	8443.75916066317
10	-20	38.28423167627772	7451.459788009154	45.00576958530595	-0.00000000000000006102795476642589	6.525657039637908	0	0	10622.265535754355	8443.75916066317
10	-40	38.28423167627772	7451.459788009154	45.00576958530595	-0.00000000000000006102795476642589	6.525657039637908	0	0	10622.265535754355	8443.75916066317
5	40	38.28423167627772	7451.459788009154	45.00576958530595	-0.00000000000000006102795476642589	6.525657039637908	0	0	10234.192365617175	4238.006474456027
5	20	38.28423167627772	7451.459788009154	45.00576958530595	-0.00000000000000006102795476642589	6.525657039637908	0	0	10234.192365617175	4238.006474456027
5	10	38.28423167627772	7451.459788009154	45.00576958530595	-0.00000000000000006102795476642589	6.525657039637908	0	0	10234.192365617175	4238.006474456027
5	5	38.28423167627772	7451.459788009154	45.00576958530595	-0.00000000000000006102795476642589	6.525657039637908	0	0	10234.192365617175	4238.006474456027
5	2	38.28423167627772	7451.459788009154	45.00576958530595	-0.00000000000000006102795476642589	6.525657039637908	0	0	10234.192365617175	4238.006474456027
5	0	38.28423167627772	7451.459788009154	45.00576958530595	-0.00000000000000006102795476642589	6.525657039637908	0	0	10234.192365617175	4238.006474456027
5	-2	38.28423167627772	7451.459788009154	45.00576958530595	-0.00000000000000006102795476642589	6.525657039637908	0	0	10234.192365617175	4238.006474456027
5	-5	38.28423167627772	7451.459788009154	45.00576958530595	-0.00000000000000006102795476642589	6.525657039637908	0	0	10234.192365617175	4238.006474456027
5	-10	38.28423167627772	7451.459788009154	45.00576958530595	-0.00000000000000006102795476642589	6.525657039637908	0	0	10234.192365617175	4238.006474456027
5	-20	38.28423167627772	7451.459788009154	45.00576958530595	-0.00000000000000006102795476642589	6.525657039637908	0	0	10234.192365617175	4238.006474456027
5	-40	38.28423167627772	7451.459788009154	45.00576958530595	-0.00000000000000006102795476642589	6.525657039637908	0	0	10234.192365617175	4238.006474456027
2	40	38.28423167627772	7451.459788009154	45.00576958530595	-0.00000000000000006102795476642589	6.525657039637908	0	0	10245.035389240702	1697.0114454612913
2	20	38.28423167627772	7451.459788009154	45.00576958530595	-0.00000000000000006102795476642589	6.525657039637908	0	0	10245.035389240702	1697.0114454612913
2	10	38.28423167627772	7451.459788009154	45.00576958530595	-0.00000000000000006102795476642589	6.525657039637908	0	0	10245.035389240702	1697.0114454612913
2	5	38.28423167627772	7451.459788009154	45.00576958530595	-0.00000000000000006102795476642589	6.525657039637908	0	0	10245.035389240702	1697.0114454612913
2	2	38.28423167627772	7451.459788009154	45.00576958530595	-0.00000000000000006102795476642589	6.525657039637908	0	0	10245.035389240702	1697.0114454612913
2	0	38.28423167627772	7451.459788009154	45.00576958530595	-0.00000000000000006102795476642589	6.525657039637908	0	0	10245.035389240702	1697.0114454612913
2	-2	38.28423167627772	7451.459788009154	45.00576958530595	-0.00000000000000006102795476642589	6.525657039637908	0	0	10245.035389240702	1697.0114454612913
2	-5	38.28423167627772	7451.459788009154	45.00576958530595	-0.00000000000000006102795476642589	6.525657039637908	0	0	10245.035389240702	1697.0114454612913
2	-10	38.28423167627772	7451.459788009154	45.00576958530595	-0.00000000000000006102795476642589	6.525657039637908	0	0	10245.035389240702	1697.0114454612913
2	-20	38.28423167627772	7451.459788009154	45.00576958530595	-0.00000000000000006102795476642589	6.525657039637908	0	0	10245.035389240702	1697.0114454612913
2	-40	38.28423167627772	7451.459788009154	45.00576958530595	-0.00000000000000006102795476642589	6.525657039637908	0	0	10245.035389240702	1697.0114454612913
0	40	38.28423167627772	7451.459788009154	45.00576958530595	-0.00000000000000006102795476642589	6.525657039637908	0	0	10225.372951420271	-0.0000000000004547473508864641
0	20	38.28423167627772	7451.459788009154	45.00576958530595	-0.00000000000000006102795476642589	6.525657039637908	0	0	10225.372951420271	-0.0000000000004547473508864641
0	10	38.28423167627772	7451.459788009154	45.00576958530595	-0.00000000000000006102795476642589	6.525657039637908	0	0	10225.372951420271	-0.0000000000004547473508864641
0	5	38.28423167627772	7451.459788009154	45.00576958530595	-0.00000000000000006102795476642589	6.525657039637908	0	0	10225.372951420271	-0.0000000000004547473508864641
0	2	38.28423167627772	7451.459788009154	45.00576958530595	-0.00000000000000006102795476642589	6.525657039637908	0	0	10225.372951420271	-0.0000000000004547473508864641
0	0	38.28423167627772	7451.459788009154	45.00576958530595	-0.00000000000000006102795476642589	6.525657039637908	0	0	10225.372951420271	-0.0000000000004547473508864641
0	-2	38.28423167627772	7451.459788009154	45.00576958530595	-0.00000000000000006102795476642589	6.525657039637908	0	0	10225.372951420271	-0.0000000000004547473508864641
0	-5	38.28423167627772	7451.459788009154	45.00576958530595	-0.00000000000000006102795476642589	6.525657039637908	0	0	10225.372951420271	-0.0000000000004547473508864641
0	-10	38.28423167627772	7451.459788009154	45.00576958530595	-0.00000000000000006102795476642589	6.525657039637908	0	0	10225.372951420271	-0.0000000000004547473508864641
0	-20	38.28423167627772	7451.459788009154	45.00576958530595	-0.00000000000000006102795476642589	6.525657039637908	0	0	10225.372951420271	-0.0000000000004547473508864641
0	-40	38.28423167627772	7451.459788009154	45.00576958530595	-0.00000000000000006102795476642589	6.525657039637908	0	0	10225.372951420271	-0.0000000000004547473508864641
-2	40	38.28423167627772	7451.459788009154	45.00576958530595	-0.00000000000000006102795476642589	6.525657039637908	0	0	10245.035389240702	-1697.0114454612922
-2	20	38.28423167627772	7451.459788009154	45.00576958530595	-0.00000000000000006102795476642589	6.525657039637908	0	0	10245.035389240702	-1697.0114454612922
-2	10	38.28423167627772	7451.459788009154	45.00576958530595	-0.00000000000000006102795476642589	6.525657039637908	0	0	10245.035389240702	-1697.0114454612922
-2	5	38.28423167627772	7451.459788009154	45.00576958530595	-0.00000000000000006102795476642589	6.525657039637908	0	0	10245.035389240702	-1697.0114454612922
-2	2	38.28423167627772	7451.459788009154	45.00576958530595	-0.00000000000000006102795476642589	6.525657039637908	0	0	10245.035389240702	-1697.0114454612922
-2	0	38.28423167627772	7451.459788009154	45.00576958530595	-0.00000000000000006102795476642589	6.525657039637908	0	0	10245.035389240702	-1697.0114454612922
-2	-2	38.28423167627772	7451.459788009154	45.00576958530595	-0.00000000000000006102795476642589	6.525657039637908	0	0	10245.035389240702	-1697.0114454612922
-2	-5	38.28423167627772	7451.459788009154	45.00576958530595	-0.00000000000000006102795476642589	6.525657039637908	0	0	10245.035389240702	-1697.0114454612922
-2	-10	38.28423167627772	7451.459788009154	45.00576958530595	-0.00000000000000006102795476642589	6.525657039637908	0	0	10245.035389240702	-1697.0114454612922
-2	-20	38.28423167627772	7451.459788009154	45.00576958530595	-0.00000000000000006102795476642589	6.525657039637908	0	0	10245.035389240702	-1697.0114454612922
-2	-40	38.28423167627772	7451.459788009154	45.00576958530595	-0.00000000000000006102795476642589	6.525657039637908	0	0	10245.035389240702	-1697.0114454612922
-5	40	38.28423167627772	7451.459788009154	45.00576958530595	-0.00000000000000006102795476642589	6.525657039637908	0	0	10234.192365617177	-4238.006474456029
-5	20	38.28423167627772	7451.459788009154	45.00576958530595	-0.00000000000000006102795476642589	6.525657039637908	0	0	10234.192365617177	-4238.006474456029
-5	10	38.28423167627772	7451.459788009154	45.00576958530595	-0.00000000000000006102795476642589	6.525657039637908	0	0	10234.192365617177	-4238.006474456029
-5	5	38.28423167627772	7451.459788009154	45.00576958530595	-0.00000000000000006102795476642589	6.525657039637908	0	0	10234.192365617177	-4238.006474456029
-5	2	38.28423167627772	7451.459788009154	45.00576958530595	-0.00000000000000006102795476642589	6.525657039637908	0	0	10234.192365617177	-4238.006474456029
-5	0	38.28423167627772	7451.459788009154	45.00576958530595	-0.00000000000000006102795476642589	6.525657039637908	0	0	10234.192365617177	-4238.006474456029
-5	-2	38.28423167627772	7451.459788009154	45.00576958530595	-0.00000000000000006102795476642589	6.525657039637908	0	0	10234.192365617177	-4238.006474456029
-5	-5	38.28423167627772	7451.459788009154	45.00576958530595	-0.00000000000000006102795476642589	6.525657039637908	0	0	10234.192365617177	-4238.006474456029
-5	-10	38.28423167627772	7451.459788009154	45.00576958530595	-0.00000000000000006102795476642589	6.525657039637908	0	0	10234.192365617177	-4238.006474456029
-5	-20	38.28423167627772	7451.459788009154	45.00576958530595	-0.00000000000000006102795476642589	6.525657039637908	0	0	10234.192365617177	-4238.006474456029
-5	-40	38.28423167627772	7451.459788009154	45.00576958530595	-0.00000000000000006102795476642589	6.525657039637908	0	0	10234.192365617177	-4238.006474456029
-10	40	38.28423167627772	7451.459788009154	45.00576958530595	-0.00000000000000006102795476642589	6.525657039637908	0	0	10622.265535754357	-8443.75916066317
-10	20	38.28423167627772	7451.459788009154	45.00576958530595	-0.00000000000000006102795476642589	6.525657039637908	0	0	10622.265535754357	-8443.75916066317
-10	10	38.28423167627772	7451.459788009154	45.00576958530595	-0.00000000000000006102795476642589	6.525657039637908	0	0	10622.265535754357	-8443.75916066317
-10	5	38.28423167627772	7451.459788009154	45.00576958530595	-0.00000000000000006102795476642589	6.525657039637908	0	0	10622.265535754357	-8443.75916066317
-10	2	38.28423167627772	7451.459788009154	45.00576958530595	-0.00000000000000006102795476642589	6.525657039637908	0	0	10622.265535754357	-8443.75916066317
-10	0	38.28423167627772	7451.459788009154	45.00576958530595	-0.00000000000000006102795476642589	6.525657039637908	0	0	10622.265535754357	-8443.75916066317
-10	-2	38.28423167627772	7451.459788009154	45.00576958530595	-0.00000000000000006102795476642589	6.525657039637908	0	0	10622.265535754357	-8443.75916066317
-10	-5	38.28423167627772	7451.459788009154	45.00576958530595	-0.00000000000000006102795476642589	6.525657039637908	0	0	10622.265535754357	-8443.75916066317
-10	-10	38.28423167627772	7451.459788009154	45.00576958530595	-0.00000000000000006102795476642589	6.525657039637908	0	0	10622.265535754357	-8443.75916066317
-10	-20	38.28423167627772	7451.459788009154	45.00576958530595	-0.00000000000000006102795476642589	6.525657039637908	0	0	10622.265535754357	-8443.75916066317
-10	-40	38.28423167627772	7451.459788009154	45.00576958530595	-0.00000000000000006102795476642589	6.525657039637908	0	0	10622.265535754357	-8443.75916066317
-15	40	38.28423167627772	7451.459788009154	45.00576958530595	-0.00000000000000006102795476642589	6.525657039637908	0	0	11307.554100793297	-12585.249741176487
-15	20	38.28423167627772	7451.459788009154	45.00576958530595	-0.00000000000000006102795476642589	6.525657039637908	0	0	11307.554100793297	-12585.249741176487
-15	10	38.28423167627772	7451.459788009154	45.00576958530595	-0.00000000000000006102795476642589	6.525657039637908	0	0	11307.554100793297	-12585.249741176487
-15	5	38.28423167627772	7451.459788009154	45.00576958530595	-0.00000000000000006102795476642589	6.525657039637908	0	0	11307.554100793297	-12585.249741176487
-15	2	38.28423167627772	7451.459788009154	45.00576958530595	-0.00000000000000006102795476642589	6.525657039637908	0	0	11307.554100793297	-12585.249741176487
-15	0	38.28423167627772	7451.459788009154	45.00576958530595	-0.00000000000000006102795476642589	6.525657039637908	0	0	11307.554100793297	-12585.249741176487
-15	-2	38.28423167627772	7451.459788009154	45.00576958530595	-0.00000000000000006102795476642589	6.525657039637908	0	0	11307.554100793297	-12585.249741176487
-15	-5	38.28423167627772	7451.459788009154	45.00576958530595	-0.00000000000000006102795476642589	6.525657039637908	0	0	11307.554100793297	-12585.249741176487
-15	-10	38.28423167627772	7451.459788009154	45.00576958530595	-0.00000000000000006102795476642589	6.525657039637908	0	0	11307.554100793297	-12585.249741176487
-15	-20	38.28423167627772	7451.459788009154	45.00576958530595	-0.00000000000000006102795476642589	6.525657039637908	0	0	11307.554100793297	-12585.249741176487
-15	-40	38.28423167627772	7451.459788009154	45.00576958530595	-0.00000000000000006102795476642589	6.525657039637908	0	0	11307.554100793297	-12585.249741176487
-30	40	38.28423167627772	7449.363960670025	45.01305957474921	-0.001623440030645687	6.5242783662307104	3.278783099405473	1.8312835604747306	15579.530461609822	-24311.335426450794
-30	20	38.28423167627772	7451.459788009154	45.00576958530595	-0.00000000000000006102795476642589	6.525657039637908	0	0	15579.530461609822	-24312.835510600362
-30	10	38.28423167627772	7451.459788009154	45.00576958530595	-0.00000000000000006102795476642589	6.525657039637908	0	0	15579.530461609822	-24312.835510600362
-30	5	38.28423167627772	7451.459788009154	45.00576958530595	-0.00000000000000006102795476642589	6.525657039637908	0	0	15579.530461609822	-24312.835510600362
-30	2	38.28423167627772	7451.459788009154	45.00576958530595	-0.00000000000000006102795476642589	6.525657039637908	0	0	15579.530461609822	-24312.835510600362
-30	0	38.28423167627772	7451.459788009154	45.00576958530595	-0.00000000000000006102795476642589	6.525657039637908	0	0	15579.530461609822	-24312.835510600362
-30	-2	38.28423167627772	7451.459788009154	45.00576958530595	-0.00000000000000006102795476642589	6.525657039637908	0	0	15579.530461609822	-24312.835510600362
-30	-5	38.28423167627772	7451.459788009154	45.00576958530595	-0.00000000000000006102795476642589	6.525657039637908	0	0	15579.530461609822	-24312.835510600362
-30	-10	38.28423167627772	7451.459788009154	45.00576958530595	-0.00000000000000006102795476642589	6.525657039637908	0	0	15579.530461609822	-24312.835510600362
-30	-20	38.28423167627772	7451.459788009154	45.00576958530595	-0.00000000000000006102795476642589	6.525657039637908	0	0	15579.530461609822	-24312.835510600362
-30	-40	38.28423167627772	7450.1141814343	45.00112636942319	-0.001062786193900397	6.524760084413677	1.8160570476109115	1.0143139437241189	15579.530461609822	-24311.96090159415
-60	40	38.28423167627772	6491.9548926983625	48.19929640232064	-0.30238575794349115	6.394023239283667	2399.6784029025293	5618.733180055526	8922.06264933494	-36930.00110580537
-60	20	38.28423167627772	7447.232447969729	45.020139744275966	-0.0034863559682992017	6.523053954765769	5.156407044764819	10.172360110785121	8922.06264933494	-42083.369330614856
-60	10	38.28423167627772	7451.459788009154	45.00576958530595	-0.00000000000000006102795476642589	6.525657039637908	0	0	8922.06264933494	-42111.066380424636
-60	5	38.28423167627772	7451.459788009154	45.00576958530595	-0.00000000000000006102795476642589	6.525657039637908	0	0	8922.06264933494	-42111.066380424636
-60	2	38.28423167627772	7451.459788009154	45.00576958530595	-0.00000000000000006102795476642589	6.525657039637908	0	0	8922.06264933494	-42111.066380424636
-60	0	38.28423167627772	7451.459788009154	45.00576958530595	-0.00000000000000006102795476642589	6.525657039637908	0	0	8922.06264933494	-42111.066380424636
-60	-2	38.28423167627772	7451.459788009154	45.00576958530595	-0.00000000000000006102795476642589	6.525657039637908	0	0	8922.06264933494	-42111.066380424636
-60	-5	38.28423167627772	7451.459788009154	45.00576958530595	-0.00000000000000006102795476642589	6.525657039637908	0	0	8922.06264933494	-42111.066380424636
-60	-10	38.28423167627772	7451.459788009154	45.00576958530595	-0.00000000000000006102795476642589	6.525657039637908	0	0	8922.06264933494	-42111.066380424636
-60	-20	38.28423167627772	7447.9740420641365	44.9940168482043	-0.002887817622619714	6.523487695281353	3.9870522160817927	7.86550219372748	8922.06264933494	-42088.128720845794
-60	-40	38.28423167627772	6507.053634191095	41.88743663374882	-0.31828185516318924	6.408922621936206	2391.6388323575957	5461.926116612856	8922.06264933494	-37151.571974738516
60	40	31.41442375720829	5929.177456936438	50.13754810244763	0.3512540673703697	6.369419317260006	2419.517295259473	6450.312446009935	8922.06264933494	33747.13472757569
60	20	31.41442375720829	7318.357081106745	45.42296683244191	0.09353577424592661	6.472787034983913	425.37348625245795	971.0548366375224	8922.06264933494	41366.03195588817
60	10	31.41442375720829	7451.459128376789	45.005771914425694	0.0000005825430116560824	6.525656566407602	0.00003246226599529223	0.0002484370223392318	8922.06264933494	42111.06176915853
60	5	31.41442375720829	7451.459788009154	45.00576958530595	-0.00000000000000006102795476642589	6.525657039637908	0	0	8922.06264933494	42111.066380424636
60	2	31.41442375720829	7451.459788009154	45.00576958530595	-0.00000000000000006102795476642589	6.525657039637908	0	0	8922.06264933494	42111.066380424636
60	0	31.41442375720829	7451.459788009154	45.00576958530595	-0.00000000000000006102795476642589	6.525657039637908	0	0	8922.06264933494	42111.066380424636
60	-2	31.41442375720829	7451.459788009154	45.00576958530595	-0.00000000000000006102795476642589	6.525657039637908	0	0	8922.06264933494	42111.066380424636
60	-5	31.41442375720829	7451.459788009154	45.00576958530595	-0.00000000000000006102795476642589	6.525657039637908	0	0	8922.06264933494	42111.066380424636
60	-10	31.41442375720829	7451.459772496796	45.0057695309568	0.000000013728243272111315	6.525657028459273	0.00000021871269684226036	0.000001673848657013366	8922.06264933494	42111.066271768614
60	-20	31.41442375720829	7325.274649493852	44.61383208703137	0.08921019481244859	6.475395480234394	477.4580580803449	941.9107650758306	8922.06264933494	41405.837202654126
60	-40	31.41442375720829	5934.728034149744	39.91293774940517	0.36014849028887713	6.392252311459293	2424.5004802023905	7154.409729252337	8922.06264933494	33922.473004897416
30	40	31.41442375720829	7249.931915616019	45.67661575390561	0.07832300984314165	6.437253635410272	1280.8782259268191	780.8930196497386	15579.530461609818	23826.58611462503
30	20	31.41442375720829	7451.459788009154	45.00576958530595	-0.00000000000000006102795476642589	6.525657039637908	0	0	15579.530461609818	24312.835510600362
30	10	31.41442375720829	7451.459788009154	45.00576958530595	-0.00000000000000006102795476642589	6.525657039637908	0	0	15579.530461609818	24312.835510600362
30	5	31.41442375720829	7451.459788009154	45.00576958530595	-0.00000000000000006102795476642589	6.525657039637908	0	0	15579.530461609818	24312.835510600362
30	2	31.41442375720829	7451.459788009154	45.00576958530595	-0.00000000000000006102795476642589	6.525657039637908	0	0	15579.530461609818	24312.835510600362
30	0	31.41442375720829	7451.459788009154	45.00576958530595	-0.00000000000000006102795476642589	6.525657039637908	0	0	15579.530461609818	24312.835510600362
30	-2	31.41442375720829	7451.459788009154	45.00576958530595	-0.00000000000000006102795476642589	6.525657039637908	0	0	15579.530461609818	24312.835510600362
30	-5	31.41442375720829	7451.459788009154	45.00576958530595	-0.00000000000000006102795476642589	6.525657039637908	0	0	15579.530461609818	24312.835510600362
30	-10	31.41442375720829	7451.459788009154	45.00576958530595	-0.00000000000000006102795476642589	6.525657039637908	0	0	15579.530461609818	24312.835510600362
30	-20	31.41442375720829	7451.459788009154	45.00576958530595	-0.00000000000000006102795476642589	6.525657039637908	0	0	15579.530461609818	24312.835510600362
30	-40	31.41442375720829	7267.2322059948165	44.399061566304646	0.07405551566018458	6.443359598890524	1195.7568485719166	703.8018876029964	15579.530461609818	23878.771559932047
15	40	31.41442375720829	7402.3190479033965	45.17321984964902	0.018602626967585075	6.496761788625628	564.0375816121691	99.72768533444469	11307.554100793299	12579.903973850767
15	20	31.41442375720829	7451.459788009154	45.00576958530595	-0.00000000000000006102795476642589	6.525657039637908	0	0	11307.554100793299	12585.249741176487
15	10	31.41442375720829	7451.459788009154	45.00576958530595	-0.00000000000000006102795476642589	6.525657039637908	0	0	11307.554100793299	12585.249741176487
15	5	31.41442375720829	7451.459788009154	45.00576958530595	-0.00000000000000006102795476642589	6.525657039637908	0	0	11307.554100793299	12585.249741176487
15	2	31.41442375720829	7451.459788009154	45.00576958530595	-0.00000000000000006102795476642589	6.525657039637908	0	0	11307.554100793299	12585.249741176487
15	0	31.41442375720829	7451.459788009154	45.00576958530595	-0.00000000000000006102795476642589	6.525657039637908	0	0	11307.554100793299	12585.249741176487
15	-2	31.41442375720829	7451.459788009154	45.00576958530595	-0.00000000000000006102795476642589	6.525657039637908	0	0	11307.554100793299	12585.249741176487
15	-5	31.41442375720829	7451.459788009154	45.00576958530595	-0.00000000000000006102795476642589	6.525657039637908	0	0	11307.554100793299	12585.249741176487
15	-10	31.41442375720829	7451.459788009154	45.00576958530595	-0.00000000000000006102795476642589	6.525657039637908	0	0	11307.554100793299	12585.249741176487
15	-20	31.41442375720829	7451.459788009154	45.00576958530595	-0.00000000000000006102795476642589	6.525657039637908	0	0	11307.554100793299	12585.249741176487
15	-40	31.41442375720829	7410.245125604582	44.86659968327799	0.016700845125261692	6.5011106254933235	478.08002856950725	80.03155300718208	11307.554100793299	12588.102197121481
10	40	31.41442375720829	7420.309017435966	45.11282228562561	0.01009978453398824	6.506311958039149	492.7437745670411	46.35429151174321	10622.265535754355	8457.338466655963
10	20	31.41442375720829	7451.459788009154	45.00576958530595	-0.00000000000000006102795476642589	6.525657039637908	0	0	10622.265535754355	8443.75916066317
10	10	31.41442375720829	7451.459788009154	45.00576958530595	-0.00000000000000006102795476642589	6.525657039637908	0	0	10622.265535754355	8443.75916066317
10	5	31.41442375720829	7451.459788009154	45.00576958530595	-0.00000000000000006102795476642589	6.525657039637908	0	0	10622.265535754355	8443.75916066317
10	2	31.41442375720829	7451.459788009154	45.00576958530595	-0.00000000000000006102795476642589	6.525657039637908	0	0	10622.265535754355	8443.75916066317
10	0	31.41442375720829	7451.459788009154	45.00576958530595	-0.00000000000000006102795476642589	6.525657039637908	0	0	10622.265535754355	8443.75916066317
10	-2	31.41442375720829	7451.459788009154	45.00576958530595	-0.00000000000000006102795476642589	6.525657039637908	0	0	10622.265535754355	8443.75916066317
10	-5	31.41442375720829	7451.459788009154	45.00576958530595	-0.00000000000000006102795476642589	6.525657039637908	0	0	10622.265535754355	8443.75916066317
10	-10	31.41442375720829	7451.459788009154	45.00576958530595	-0.00000000000000006102795476642589	6.525657039637908	0	0	10622.265535754355	8443.75916066317
10	-20	31.41442375720829	7451.459788009154	45.00576958530595	-0.00000000000000006102795476642589	6.525657039637908	0	0	10622.265535754355	8443.75916066317
10	-40	31.41442375720829	7426.666788096439	44.921300100540606	0.008855481569131329	6.510064373622455	413.66829528903395	34.87098990837694	10622.265535754355	8460.32335655851
5	40	31.41442375720829	7429.712027326867	45.081020565989185	0.004373678091529592	6.511631170518386	466.47636088930153	22.256504557772132	10234.192365617175	4248.926642957147
5	20	31.41442375720829	7451.459788009154	45.00576958530595	-0.00000000000000006102795476642589	6.525657039637908	0	0	10234.192365617175	4238.006474456027
5	10	31.41442375720829	7451.459788009154	45.00576958530595	-0.00000000000000006102795476642589	6.525657039637908	0	0	10234.192365617175	4238.006474456027
5	5	31.41442375720829	7451.459788009154	45.00576958530595	-0.00000000000000006102795476642589	6.525657039637908	0	0	10234.192365617175	4238.006474456027
5	2	31.41442375720829	7451.459788009154	45.00576958530595	-0.00000000000000006102795476642589	6.525657039637908	0	0	10234.192365617175	4238.006474456027
5	0	31.41442375720829	7451.459788009154	45.00576958530595	-0.00000000000000006102795476642589	6.525657039637908	0	0	10234.192365617175	4238.006474456027
5	-2	31.41442375720829	7451.459788009154	45.00576958530595	-0.00000000000000006102795476642589	6.525657039637908	0	0	10234.192365617175	4238.006474456027
5	-5	31.41442375720829	7451.459788009154	45.00576958530595	-0.00000000000000006102795476642589	6.525657039637908	0	0	10234.192365617175	4238.006474456027
5	-10	31.41442375720829	7451.459788009154	45.00576958530595	-0.00000000000000006102795476642589	6.525657039637908	0	0	10234.192365617175	4238.006474456027
5	-20	31.41442375720829	7451.459788009154	45.00576958530595	-0.00000000000000006102795476642589	6.525657039637908	0	0	10234.192365617175	4238.006474456027
5	-40	31.41442375720829	7435.152751055116	44.94979941667875	0.003758077989768216	6.514994589242679	394.94684765435704	15.103761930000474	10234.192365617175	4249.657987241612
2	40	31.41442375720829	7432.162300706161	45.07269923707887	0.0016744670175577187	6.5130603250362515	462.1252604009589	16.423360787965066	10245.035389240702	1701.7866040660967
2	20	31.41442375720829	7451.459788009154	45.00576958530595	-0.00000000000000006102795476642589	6.525657039637908	0	0	10245.035389240702	1697.0114454612913
2	10	31.41442375720829	7451.459788009154	45.00576958530595	-0.00000000000000006102795476642589	6.525657039637908	0	0	10245.035389240702	1697.0114454612913
2	5	31.41442375720829	7451.459788009154	45.00576958530595	-0.00000000000000006102795476642589	6.525657039637908	0	0	10245.035389240702	1697.0114454612913
2	2	31.41442375720829	7451.459788009154	45.00576958530595	-0.00000000000000006102795476642589	6.525657039637908	0	0	10245.035389240702	1697.0114454612913
2	0	31.41442375720829	7451.459788009154	45.00576958530595	-0.00000000000000006102795476642589	6.525657039637908	0	0	10245.035389240702	1697.0114454612913
2	-2	31.41442375720829	7451.459788009154	45.00576958530595	-0.00000000000000006102795476642589	6.525657039637908	0	0	10245.035389240702	1697.0114454612913
2	-5	31.41442375720829	7451.459788009154	45.00576958530595	-0.00000000000000006102795476642589	6.525657039637908	0	0	10245.035389240702	1697.0114454612913
2	-10	31.41442375720829	7451.459788009154	45.00576958530595	-0.00000000000000006102795476642589	6.525657039637908	0	0	10245.035389240702	1697.0114454612913
2	-20	31.41442375720829	7451.459788009154	45.00576958530595	-0.00000000000000006102795476642589	6.525657039637908	0	0	10245.035389240702	1697.0114454612913
2	-40	31.41442375720829	7437.349380356861	44.95721075843426	0.0014289343780080292	6.516310899528538	393.5634725377034	10.384970285391319	10245.035389240702	1701.9930393795983
0	40	31.41442375720829	7432.620058903192	45.071142870054935	0.000000000000000030591322258006666	6.5133294518943625	461.471808625871	15.353470809823193	10225.372951420271	0.00000000000022737367544323203
0	20	31.41442375720829	7451.459788009154	45.00576958530595	-0.00000000000000006102795476642589	6.525657039637908	0	0	10225.372951420271	-0.0000000000004547473508864641
0	10	31.41442375720829	7451.459788009154	45.00576958530595	-0.00000000000000006102795476642589	6.525657039637908	0	0	10225.372951420271	-0.0000000000004547473508864641
0	5	31.41442375720829	7451.459788009154	45.00576958530595	-0.00000000000000006102795476642589	6.525657039637908	0	0	10225.372951420271	-0.0000000000004547473508864641
0	2	31.41442375720829	7451.459788009154	45.00576958530595	-0.00000000000000006102795476642589	6.525657039637908	0	0	10225.372951420271	-0.0000000000004547473508864641
0	0	31.41442375720829	7451.459788009154	45.00576958530595	-0.00000000000000006102795476642589	6.525657039637908	0	0	10225.372951420271	-0.0000000000004547473508864641
0	-2	31.41442375720829	7451.459788009154	45.00576958530595	-0.00000000000000006102795476642589	6.525657039637908	0	0	10225.372951420271	-0.0000000000004547473508864641
0	-5	31.41442375720829	7451.459788009154	45.00576958530595	-0.00000000000000006102795476642589	6.525657039637908	0	0	10225.372951420271	-0.0000000000004547473508864641
0	-10	31.41442375720829	7451.459788009154	45.00576958530595	-0.00000000000000006102795476642589	6.525657039637908	0	0	10225.372951420271	-0.0000000000004547473508864641
0	-20	31.41442375720829	7451.459788009154	45.00576958530595	-0.00000000000000006102795476642589	6.525657039637908	0	0	10225.372951420271	-0.0000000000004547473508864641
0	-40	31.41442375720829	7437.758978685111	44.95859450396717	-0.000000000000000005254250719712655	6.516558343019859	393.5328214513649	9.521687419637601	10225.372951420271	-0.00000000000003907985046680551
-2	40	31.41442375720829	7432.16230070616	45.07269923707886	-0.0016744670175584762	6.513060325036252	462.1252604009585	16.42336078794324	10245.035389240702	-1701.7866040661024
-2	20	31.41442375720829	7451.459788009154	45.00576958530595	-0.00000000000000006102795476642589	6.525657039637908	0	0	10245.035389240702	-1697.0114454612922
-2	10	31.41442375720829	7451.459788009154	45.00576958530595	-0.00000000000000006102795476642589	6.525657039637908	0	0	10245.035389240702	-1697.0114454612922
-2	5	31.41442375720829	7451.459788009154	45.00576958530595	-0.00000000000000006102795476642589	6.525657039637908	0	0	10245.035389240702	-1697.0114454612922
-2	2	31.41442375720829	7451.459788009154	45.00576958530595	-0.00000000000000006102795476642589	6.525657039637908	0	0	10245.035389240702	-1697.0114454612922
-2	0	31.41442375720829	7451.459788009154	45.00576958530595	-0.00000000000000006102795476642589	6.525657039637908	0	0	10245.035389240702	-1697.0114454612922
-2	-2	31.41442375720829	7451.459788009154	45.00576958530595	-0.00000000000000006102795476642589	6.525657039637908	0	0	10245.035389240702	-1697.0114454612922
-2	-5	31.41442375720829	7451.459788009154	45.00576958530595	-0.00000000000000006102795476642589	6.525657039637908	0	0	10245.035389240702	-1697.0114454612922
-2	-10	31.41442375720829	7451.459788009154	45.00576958530595	-0.00000000000000006102795476642589	6.525657039637908	0	0	10245.035389240702	-1697.0114454612922
-2	-20	31.41442375720829	7451.459788009154	45.00576958530595	-0.00000000000000006102795476642589	6.525657039637908	0	0	10245.035389240702	-1697.0114454612922
-2	-40	31.41442375720829	7437.349380356856	44.95721075843428	-0.0014289343780077592	6.516310899528542	393.56347253770394	10.384970285438612	10245.035389240702	-1701.9930393795964
-5	40	31.41442375720829	7429.712027326867	45.0810205659892	-0.004373678091529753	6.5116311705183865	466.4763608892999	22.256504557655717	10234.192365617177	-4248.92664295715
-5	20	31.41442375720829	7451.459788009154	45.00576958530595	-0.00000000000000006102795476642589	6.525657039637908	0	0	10234.192365617177	-4238.006474456029
-5	10	31.41442375720829	7451.459788009154	45.00576958530595	-0.00000000000000006102795476642589	6.525657039637908	0	0	10234.192365617177	-4238.006474456029
-5	5	31.41442375720829	7451.459788009154	45.00576958530595	-0.00000000000000006102795476642589	6.525657039637908	0	0	10234.192365617177	-4238.006474456029
-5	2	31.41442375720829	7451.459788009154	45.00576958530595	-0.00000000000000006102795476642589	6.525657039637908	0	0	10234.192365617177	-4238.006474456029
-5	0	31.41442375720829	7451.459788009154	45.00576958530595	-0.00000000000000006102795476642589	6.525657039637908	0	0	10234.192365617177	-4238.006474456029
-5	-2	31.41442375720829	7451.459788009154	45.00576958530595	-0.00000000000000006102795476642589	6.525657039637908	0	0	10234.192365617177	-4238.006474456029
-5	-5	31.41442375720829	7451.459788009154	45.00576958530595	-0.00000000000000006102795476642589	6.525657039637908	0	0	10234.192365617177	-4238.006474456029
-5	-10	31.41442375720829	7451.459788009154	45.00576958530595	-0.00000000000000006102795476642589	6.525657039637908	0	0	10234.192365617177	-4238.006474456029
-5	-20	31.41442375720829	7451.459788009154	45.00576958530595	-0.00000000000000006102795476642589	6.525657039637908	0	0	10234.192365617177	-4238.006474456029
-5	-40	31.41442375720829	7435.15275105512	44.94979941667874	-0.0037580779897674194	6.5149945892426775	394.9468476543569	15.103761929920438	10234.192365617177	-4249.657987241607
-10	40	31.41442375720829	7420.309017435967	45.112822285625604	-0.010099784533989069	6.506311958039149	492.7437745670429	46.35429151173594	10622.265535754357	-8457.338466655972
-10	20	31.41442375720829	7451.459788009154	45.00576958530595	-0.00000000000000006102795476642589	6.525657039637908	0	0	10622.265535754357	-8443.75916066317
-10	10	31.41442375720829	7451.459788009154	45.00576958530595	-0.00000000000000006102795476642589	6.525657039637908	0	0	10622.265535754357	-8443.75916066317
-10	5	31.41442375720829	7451.459788009154	45.00576958530595	-0.00000000000000006102795476642589	6.525657039637908	0	0	10622.265535754357	-8443.75916066317
-10	2	31.41442375720829	7451.459788009154	45.00576958530595	-0.00000000000000006102795476642589	6.525657039637908	0	0	10622.265535754357	-8443.75916066317
-10	0	31.41442375720829	7451.459788009154	45.00576958530595	-0.00000000000000006102795476642589	6.525657039637908	0	0	10622.265535754357	-8443.75916066317
-10	-2	31.41442375720829	7451.459788009154	45.00576958530595	-0.00000000000000006102795476642589	6.525657039637908	0	0	10622.265535754357	-8443.75916066317
-10	-5	31.41442375720829	7451.459788009154	45.00576958530595	-0.00000000000000006102795476642589	6.525657039637908	0	0	10622.265535754357	-8443.75916066317
-10	-10	31.41442375720829	7451.459788009154	45.00576958530595	-0.00000000000000006102795476642589	6.525657039637908	0	0	10622.265535754357	-8443.75916066317
-10	-20	31.41442375720829	7451.459788009154	45.00576958530595	-0.00000000000000006102795476642589	6.525657039637908	0	0	10622.265535754357	-8443.75916066317
-10	-40	31.41442375720829	7426.666788096438	44.921300100540606	-0.00885548156913104	6.510064373622459	413.66829528903486	34.87098990828963	10622.265535754357	-8460.323356558514
-15	40	31.41442375720829	7402.3190479033965	45.17321984964901	-0.018602626967585703	6.496761788625627	564.0375816121696	99.72768533451017	11307.554100793297	-12579.903973850769
-15	20	31.41442375720829	7451.459788009154	45.00576958530595	-0.00000000000000006102795476642589	6.525657039637908	0	0	11307.554100793297	-12585.249741176487
-15	10	31.41442375720829	7451.459788009154	45.00576958530595	-0.00000000000000006102795476642589	6.525657039637908	0	0	11307.554100793297	-12585.249741176487
-15	5	31.41442375720829	7451.459788009154	45.00576958530595	-0.00000000000000006102795476642589	6.525657039637908	0	0	11307.554100793297	-12585.249741176487
-15	2	31.41442375720829	7451.459788009154	45.00576958530595	-0.00000000000000006102795476642589	6.525657039637908	0	0	11307.554100793297	-12585.249741176487
-15	0	31.41442375720829	7451.459788009154	45.00576958530595	-0.00000000000000006102795476642589	6.525657039637908	0	0	11307.554100793297	-12585.249741176487
-15	-2	31.41442375720829	7451.459788009154	45.00576958530595	-0.00000000000000006102795476642589	6.525657039637908	0	0	11307.554100793297	-12585.249741176487
-15	-5	31.41442375720829	7451.459788009154	45.00576958530595	-0.00000000000000006102795476642589	6.525657039637908	0	0	11307.554100793297	-12585.249741176487
-15	-10	31.41442375720829	7451.459788009154	45.00576958530595	-0.00000000000000006102795476642589	6.525657039637908	0	0	11307.554100793297	-12585.249741176487
-15	-20	31.41442375720829	7451.459788009154	45.00576958530595	-0.00000000000000006102795476642589	6.525657039637908	0	0	11307.554100793297	-12585.249741176487
-15	-40	31.41442375720829	7410.245125604583	44.86659968327798	-0.01670084512526283	6.501110625493322	478.0800285695077	80.03155300720391	11307.554100793297	-12588.102197121489
-30	40	31.41442375720829	7249.931915616024	45.67661575390558	-0.07832300984314154	6.437253635410267	1280.8782259268155	780.8930196497677	15579.530461609822	-23826.586114625028
-30	20	31.41442375720829	7451.459788009154	45.00576958530595	-0.00000000000000006102795476642589	6.525657039637908	0	0	15579.530461609822	-24312.835510600362
-30	10	31.41442375720829	7451.459788009154	45.00576958530595	-0.00000000000000006102795476642589	6.525657039637908	0	0	15579.530461609822	-24312.835510600362
-30	5	31.41442375720829	7451.459788009154	45.00576958530595	-0.00000000000000006102795476642589	6.525657039637908	0	0	15579.530461609822	-24312.835510600362
-30	2	31.41442375720829	7451.459788009154	45.00576958530595	-0.00000000000000006102795476642589	6.525657039637908	0	0	15579.530461609822	-24312.835510600362
-30	0	31.41442375720829	7451.459788009154	45.00576958530595	-0.00000000000000006102795476642589	6.525657039637908	0	0	15579.530461609822	-24312.835510600362
-30	-2	31.41442375720829	7451.459788009154	45.00576958530595	-0.00000000000000006102795476642589	6.525657039637908	0	0	15579.530461609822	-24312.835510600362
-30	-5	31.41442375720829	7451.459788009154	45.00576958530595	-0.00000000000000006102795476642589	6.525657039637908	0	0	15579.530461609822	-24312.835510600362
-30	-10	31.41442375720829	7451.459788009154	45.00576958530595	-0.00000000000000006102795476642589	6.525657039637908	0	0	15579.530461609822	-24312.835510600362
-30	-20	31.41442375720829	7451.459788009154	45.00576958530595	-0.00000000000000006102795476642589	6.525657039637908	0	0	15579.530461609822	-24312.835510600362
-30	-40	31.41442375720829	7267.23220599482	44.39906156630466	-0.07405551566018324	6.443359598890526	1195.7568485719094	703.8018876029673	15579.530461609822	-23878.771559932058
-60	40	31.41442375720829	5929.177456936436	50.137548102447646	-0.35125406737037007	6.369419317260008	2419.5172952595167	6450.312446009979	8922.06264933494	-33747.134727575685
-60	20	31.41442375720829	7318.357081106744	45.422966832441894	-0.09353577424592703	6.472787034983914	425.3734862524434	971.0548366375297	8922.06264933494	-41366.03195588817
-60	10	31.41442375720829	7451.459128376788	45.00577191442568	-0.0000005825430119015055	6.525656566407603	0.000032462262169019596	0.00024843701649857053	8922.06264933494	-42111.06176915853
-60	5	31.41442375720829	7451.459788009154	45.00576958530595	-0.00000000000000006102795476642589	6.525657039637908	0	0	8922.06264933494	-42111.066380424636
-60	2	31.41442375720829	7451.459788009154	45.00576958530595	-0.00000000000000006102795476642589	6.525657039637908	0	0	8922.06264933494	-42111.066380424636
-60	0	31.41442375720829	7451.459788009154	45.00576958530595	-0.00000000000000006102795476642589	6.525657039637908	0	0	8922.06264933494	-42111.066380424636
-60	-2	31.41442375720829	7451.459788009154	45.00576958530595	-0.00000000000000006102795476642589	6.525657039637908	0	0	8922.06264933494	-42111.066380424636
-60	-5	31.41442375720829	7451.459788009154	45.00576958530595	-0.00000000000000006102795476642589	6.525657039637908	0	0	8922.06264933494	-42111.066380424636
-60	-10	31.41442375720829	7451.459772496799	45.00576953095677	-0.000000013728243303459655	6.52565702845927	0.00000021871260780237378	0.0000016738484436285006	8922.06264933494	-42111.066271768614
-60	-20	31.41442375720829	7325.274649493855	44.61383208703134	-0.08921019481244877	6.475395480234391	477.45805808033765	941.910765075816	8922.06264933494	-41405.83720265412
-60	-40	31.41442375720829	5934.728034149745	39.91293774940516	-0.3601484902888777	6.392252311459296	2424.5004802023323	7154.409729252249	8922.06264933494	-33922.47300489744
60	40	24.54461583813886	5354.061666142545	52.11874345363835	0.3989675180170709	6.3482530675080815	2423.617874986725	7024.92836448898	8922.06264933494	30503.332445480704
60	20	24.54461583813886	6863.043424534371	46.74446855482976	0.3446735935504534	6.3752277438783125	2167.907737564492	7057.549548503506	8922.06264933494	39074.366981466665
60	10	24.54461583813886	7357.707634177319	45.27896577008401	0.07121594866594025	6.479424633425174	240.7786337794896	1842.7031924470357	8922.06264933494	41548.63882760412
60	5	24.54461583813886	7444.660615633536	45.0268685409192	0.005722930063321438	6.521272071890906	5.699051476564819	173.13643286840306	8922.06264933494	42065.673227191066
60	2	24.54461583813886	7451.459788009154	45.00576958530595	-0.00000000000000006102795476642589	6.525657039637908	0	0	8922.06264933494	42111.066380424636
60	0	24.54461583813886	7451.459788009154	45.00576958530595	-0.00000000000000006102795476642589	6.525657039637908	0	0	8922.06264933494	42111.066380424636
60	-2	24.54461583813886	7451.459788009154	45.00576958530595	-0.00000000000000006102795476642589	6.525657039637908	0	0	8922.06264933494	42111.066380424636
60	-5	24.54461583813886	7445.07118574864	44.986120545348605	0.005382937414487856	6.5215268939831725	5.2448810742989735	159.33879589562912	8922.06264933494	42068.37049406306
60	-10	24.54461583813886	7361.500655054721	44.74625013100008	0.06846839099605201	6.481025409750372	227.87846673103195	1743.9769116713505	8922.06264933494	41570.150113185904
60	-20	24.54461583813886	6861.320183841545	43.2665110380947	0.3539373724088363	6.390172075917876	2118.912550561472	6767.778072176225	8922.06264933494	39185.137060505804
60	-40	24.54461583813886	5350.880069105059	37.88934211661563	0.39944519670977985	6.380222909234972	2424.500480202325	7154.409729252242	8922.06264933494	30634.632334075675
30	40	24.54461583813886	6517.934342258297	48.14188321536836	0.1659442636431058	6.300619430588913	2820.4122156714	4662.695775684231	15579.530461609818	21470.216922855434
30	20	24.54461583813886	7450.363566854212	45.009552558206664	0.0008966461816442012	6.524908528239126	0.8526847989811586	1.6821435470355937	15579.530461609818	24312.25573210865
30	10	24.54461583813886	7451.459788009154	45.00576958530595	-0.00000000000000006102795476642589	6.525657039637908	0	0	15579.530461609818	24312.835510600362
30	5	24.54461583813886	7451.459788009154	45.00576958530595	-0.00000000000000006102795476642589	6.525657039637908	0	0	15579.530461609818	24312.835510600362
30	2	24.54461583813886	7451.459788009154	45.00576958530595	-0.00000000000000006102795476642589	6.525657039637908	0	0	15579.530461609818	24312.835510600362
30	0	24.54461583813886	7451.459788009154	45.00576958530595	-0.00000000000000006102795476642589	6.525657039637908	0	0	15579.530461609818	24312.835510600362
30	-2	24.54461583813886	7451.459788009154	45.00576958530595	-0.00000000000000006102795476642589	6.525657039637908	0	0	15579.530461609818	24312.835510600362
30	-5	24.54461583813886	7451.459788009154	45.00576958530595	-0.00000000000000006102795476642589	6.525657039637908	0	0	15579.530461609818	24312.835510600362
30	-10	24.54461583813886	7451.459788009154	45.00576958530595	-0.00000000000000006102795476642589	6.525657039637908	0	0	15579.530461609818	24312.835510600362
30	-20	24.54461583813886	7450.654378978122	45.00301230548926	0.0006640946251651064	6.525104035188657	0.5653008116454998	1.1152035471732233	15579.530461609818	24312.432517859896
30	-40	24.54461583813886	6533.493993040758	41.946254900205496	0.18214672649624347	6.3156230607174235	2882.7302091053025	4623.991860174137	15579.530461609818	21662.160131240176
15	40	24.54461583813886	6808.018105234336	47.15677081718425	0.07374691616346671	6.3076708889802235	2491.8998514007862	3008.0484407994954	11307.554100793299	11599.36105180375
15	20	24.54461583813886	7451.459788009154	45.00576958530595	-0.00000000000000006102795476642589	6.525657039637908	0	0	11307.554100793299	12585.249741176487
15	10	24.54461583813886	7451.459788009154	45.00576958530595	-0.00000000000000006102795476642589	6.525657039637908	0	0	11307.554100793299	12585.249741176487
15	5	24.54461583813886	7451.459788009154	45.00576958530595	-0.00000000000000006102795476642589	6.525657039637908	0	0	11307.554100793299	12585.249741176487
15	2	24.54461583813886	7451.459788009154	45.00576958530595	-0.00000000000000006102795476642589	6.525657039637908	0	0	11307.554100793299	12585.249741176487
15	0	24.54461583813886	7451.459788009154	45.00576958530595	-0.00000000000000006102795476642589	6.525657039637908	0	0	11307.554100793299	12585.249741176487
15	-2	24.54461583813886	7451.459788009154	45.00576958530595	-0.00000000000000006102795476642589	6.525657039637908	0	0	11307.554100793299	12585.249741176487
15	-5	24.54461583813886	7451.459788009154	45.00576958530595	-0.00000000000000006102795476642589	6.525657039637908	0	0	11307.554100793299	12585.249741176487
15	-10	24.54461583813886	7451.459788009154	45.00576958530595	-0.00000000000000006102795476642589	6.525657039637908	0	0	11307.554100793299	12585.249741176487
15	-20	24.54461583813886	7451.459788009154	45.00576958530595	-0.00000000000000006102795476642589	6.525657039637908	0	0	11307.554100793299	12585.249741176487
15	-40	24.54461583813886	6833.161164824561	42.96019273677894	0.07754682420024389	6.316178025841236	2726.862022653014	2997.9378910812375	11307.554100793299	11682.325230006683
10	40	24.54461583813886	6856.670152358901	46.994363539668235	0.04820054138571617	6.3127184911574465	2444.2437425764647	2630.9111793357006	10622.265535754355	7841.701642084626
10	20	24.54461583813886	7451.459788009154	45.00576958530595	-0.00000000000000006102795476642589	6.525657039637908	0	0	10622.265535754355	8443.75916066317
10	10	24.54461583813886	7451.459788009154	45.00576958530595	-0.00000000000000006102795476642589	6.525657039637908	0	0	10622.265535754355	8443.75916066317
10	5	24.54461583813886	7451.459788009154	45.00576958530595	-0.00000000000000006102795476642589	6.525657039637908	0	0	10622.265535754355	8443.75916066317
10	2	24.54461583813886	7451.459788009154	45.00576958530595	-0.00000000000000006102795476642589	6.525657039637908	0	0	10622.265535754355	8443.75916066317
10	0	24.54461583813886	7451.459788009154	45.00576958530595	-0.00000000000000006102795476642589	6.525657039637908	0	0	10622.265535754355	8443.75916066317
10	-2	24.54461583813886	7451.459788009154	45.00576958530595	-0.00000000000000006102795476642589	6.525657039637908	0	0	10622.265535754355	8443.75916066317
10	-5	24.54461583813886	7451.459788009154	45.00576958530595	-0.00000000000000006102795476642589	6.525657039637908	0	0	10622.265535754355	8443.75916066317
10	-10	24.54461583813886	7451.459788009154	45.00576958530595	-0.00000000000000006102795476642589	6.525657039637908	0	0	10622.265535754355	8443.75916066317
10	-20	24.54461583813886	7451.459788009154	45.00576958530595	-0.00000000000000006102795476642589	6.525657039637908	0	0	10622.265535754355	8443.75916066317
10	-40	24.54461583813886	6884.628621502511	43.132135972370655	0.049131369863069	6.319690233085326	2560.224230234004	2583.762568743754	10622.265535754355	7888.322424239154
5	40	24.54461583813886	6885.016985415485	46.90018687454414	0.023911137088423635	6.316286529045493	2447.257945037896	2450.1087696311006	10234.192365617175	3954.2084068875474
5	20	24.54461583813886	7451.459788009154	45.00576958530595	-0.00000000000000006102795476642589	6.525657039637908	0	0	10234.192365617175	4238.006474456027
5	10	24.54461583813886	7451.459788009154	45.00576958530595	-0.00000000000000006102795476642589	6.525657039637908	0	0	10234.192365617175	4238.006474456027
5	5	24.54461583813886	7451.459788009154	45.00576958530595	-0.00000000000000006102795476642589	6.525657039637908	0	0	10234.192365617175	4238.006474456027
5	2	24.54461583813886	7451.459788009154	45.00576958530595	-0.00000000000000006102795476642589	6.525657039637908	0	0	10234.192365617175	4238.006474456027
5	0	24.54461583813886	7451.459788009154	45.00576958530595	-0.00000000000000006102795476642589	6.525657039637908	0	0	10234.192365617175	4238.006474456027
5	-2	24.54461583813886	7451.459788009154	45.00576958530595	-0.00000000000000006102795476642589	6.525657039637908	0	0	10234.192365617175	4238.006474456027
5	-5	24.54461583813886	7451.459788009154	45.00576958530595	-0.00000000000000006102795476642589	6.525657039637908	0	0	10234.192365617175	4238.006474456027
5	-10	24.54461583813886	7451.459788009154	45.00576958530595	-0.00000000000000006102795476642589	6.525657039637908	0	0	10234.192365617175	4238.006474456027
5	-20	24.54461583813886	7451.459788009154	45.00576958530595	-0.00000000000000006102795476642589	6.525657039637908	0	0	10234.192365617175	4238.006474456027
5	-40	24.54461583813886	6914.249320312946	43.230450564788505	0.02382103417703241	6.3226672761700025	2470.3510501179253	2350.3557955771394	10234.192365617175	3974.2216650227742
2	40	24.54461583813886	6892.820739666464	46.87433657080576	0.009553255163636564	6.317357178332523	2462.2839059485505	2416.491268451471	10245.035389240702	1585.4867753709527
2	20	24.54461583813886	7451.459788009154	45.00576958530595	-0.00000000000000006102795476642589	6.525657039637908	0	0	10245.035389240702	1697.0114454612913
2	10	24.54461583813886	7451.459788009154	45.00576958530595	-0.00000000000000006102795476642589	6.525657039637908	0	0	10245.035389240702	1697.0114454612913
2	5	24.54461583813886	7451.459788009154	45.00576958530595	-0.00000000000000006102795476642589	6.525657039637908	0	0	10245.035389240702	1697.0114454612913
2	2	24.54461583813886	7451.459788009154	45.00576958530595	-0.00000000000000006102795476642589	6.525657039637908	0	0	10245.035389240702	1697.0114454612913
2	0	24.54461583813886	7451.459788009154	45.00576958530595	-0.00000000000000006102795476642589	6.525657039637908	0	0	10245.035389240702	1697.0114454612913
2	-2	24.54461583813886	7451.459788009154	45.00576958530595	-0.00000000000000006102795476642589	6.525657039637908	0	0	10245.035389240702	1697.0114454612913
2	-5	24.54461583813886	7451.459788009154	45.00576958530595	-0.00000000000000006102795476642589	6.525657039637908	0	0	10245.035389240702	1697.0114454612913
2	-10	24.54461583813886	7451.459788009154	45.00576958530595	-0.00000000000000006102795476642589	6.525657039637908	0	0	10245.035389240702	1697.0114454612913
2	-20	24.54461583813886	7451.459788009154	45.00576958530595	-0.00000000000000006102795476642589	6.525657039637908	0	0	10245.035389240702	1697.0114454612913
2	-40	24.54461583813886	6922.378123710193	43.257353325830735	0.009446310205309784	6.323606606731447	2446.440730406142	2286.967491335512	10245.035389240702	1593.0554868873448
0	40	24.54461583813886	6894.292742209929	46.86947042192218	0.00000000000000005131634632592645	6.3175674278904665	2461.8263145534297	2404.7079362958902	10225.372951420271	0.0000000000003537899140315659
0	20	24.54461583813886	7451.459788009154	45.00576958530595	-0.00000000000000006102795476642589	6.525657039637908	0	0	10225.372951420271	-0.0000000000004547473508864641
0	10	24.54461583813886	7451.459788009154	45.00576958530595	-0.00000000000000006102795476642589	6.525657039637908	0	0	10225.372951420271	-0.0000000000004547473508864641
0	5	24.54461583813886	7451.459788009154	45.00576958530595	-0.00000000000000006102795476642589	6.525657039637908	0	0	10225.372951420271	-0.0000000000004547473508864641
0	2	24.54461583813886	7451.459788009154	45.00576958530595	-0.00000000000000006102795476642589	6.525657039637908	0	0	10225.372951420271	-0.0000000000004547473508864641
0	0	24.54461583813886	7451.459788009154	45.00576958530595	-0.00000000000000006102795476642589	6.525657039637908	0	0	10225.372951420271	-0.0000000000004547473508864641
0	-2	24.54461583813886	7451.459788009154	45.00576958530595	-0.00000000000000006102795476642589	6.525657039637908	0	0	10225.372951420271	-0.0000000000004547473508864641
0	-5	24.54461583813886	7451.459788009154	45.00576958530595	-0.00000000000000006102795476642589	6.525657039637908	0	0	10225.372951420271	-0.0000000000004547473508864641
0	-10	24.54461583813886	7451.459788009154	45.00576958530595	-0.00000000000000006102795476642589	6.525657039637908	0	0	10225.372951420271	-0.0000000000004547473508864641
0	-20	24.54461583813886	7451.459788009154	45.00576958530595	-0.00000000000000006102795476642589	6.525657039637908	0	0	10225.372951420271	-0.0000000000004547473508864641
0	-40	24.54461583813886	6923.918377359033	43.26244721467838	0.00000000000000031966590321605424	6.3237905374722025	2441.9463956374325	2274.9896299281245	10225.372951420271	0.000000000002213340621892712
-2	40	24.54461583813886	6892.820739666465	46.874336570805745	-0.009553255163636146	6.317357178332518	2462.283905948552	2416.491268451442	10245.035389240702	-1585.4867753709489
-2	20	24.54461583813886	7451.459788009154	45.00576958530595	-0.00000000000000006102795476642589	6.525657039637908	0	0	10245.035389240702	-1697.0114454612922
-2	10	24.54461583813886	7451.459788009154	45.00576958530595	-0.00000000000000006102795476642589	6.525657039637908	0	0	10245.035389240702	-1697.0114454612922
-2	5	24.54461583813886	7451.459788009154	45.00576958530595	-0.00000000000000006102795476642589	6.525657039637908	0	0	10245.035389240702	-1697.0114454612922
-2	2	24.54461583813886	7451.459788009154	45.00576958530595	-0.00000000000000006102795476642589	6.525657039637908	0	0	10245.035389240702	-1697.0114454612922
-2	0	24.54461583813886	7451.459788009154	45.00576958530595	-0.00000000000000006102795476642589	6.525657039637908	0	0	10245.035389240702	-1697.0114454612922
-2	-2	24.54461583813886	7451.459788009154	45.00576958530595	-0.00000000000000006102795476642589	6.525657039637908	0	0	10245.035389240702	-1697.0114454612922
-2	-5	24.54461583813886	7451.459788009154	45.00576958530595	-0.00000000000000006102795476642589	6.525657039637908	0	0	10245.035389240702	-1697.0114454612922
-2	-10	24.54461583813886	7451.459788009154	45.00576958530595	-0.00000000000000006102795476642589	6.525657039637908	0	0	10245.035389240702	-1697.0114454612922
-2	-20	24.54461583813886	7451.459788009154	45.00576958530595	-0.00000000000000006102795476642589	6.525657039637908	0	0	10245.035389240702	-1697.0114454612922
-2	-40	24.54461583813886	6922.37812371019	43.257353325830756	-0.009446310205309314	6.323606606731448	2446.440730406143	2286.967491335541	10245.035389240702	-1593.0554868873414
-5	40	24.54461583813886	6885.016985415483	46.90018687454414	-0.02391113708842322	6.316286529045495	2447.2579450378953	2450.108769631159	10234.192365617177	-3954.2084068875456
-5	20	24.54461583813886	7451.459788009154	45.00576958530595	-0.00000000000000006102795476642589	6.525657039637908	0	0	10234.192365617177	-4238.006474456029
-5	10	24.54461583813886	7451.459788009154	45.00576958530595	-0.00000000000000006102795476642589	6.525657039637908	0	0	10234.192365617177	-4238.006474456029
-5	5	24.54461583813886	7451.459788009154	45.00576958530595	-0.00000000000000006102795476642589	6.525657039637908	0	0	10234.192365617177	-4238.006474456029
-5	2	24.54461583813886	7451.459788009154	45.00576958530595	-0.00000000000000006102795476642589	6.525657039637908	0	0	10234.192365617177	-4238.006474456029
-5	0	24.54461583813886	7451.459788009154	45.00576958530595	-0.00000000000000006102795476642589	6.525657039637908	0	0	10234.192365617177	-4238.006474456029
-5	-2	24.54461583813886	7451.459788009154	45.00576958530595	-0.00000000000000006102795476642589	6.525657039637908	0	0	10234.192365617177	-4238.006474456029
-5	-5	24.54461583813886	7451.459788009154	45.00576958530595	-0.00000000000000006102795476642589	6.525657039637908	0	0	10234.192365617177	-4238.006474456029
-5	-10	24.54461583813886	7451.459788009154	45.00576958530595	-0.00000000000000006102795476642589	6.525657039637908	0	0	10234.192365617177	-4238.006474456029
-5	-20	24.54461583813886	7451.459788009154	45.00576958530595	-0.00000000000000006102795476642589	6.525657039637908	0	0	10234.192365617177	-4238.006474456029
-5	-40	24.54461583813886	6914.249320312945	43.23045056478851	-0.02382103417703178	6.322667276170001	2470.3510501179253	2350.3557955771685	10234.192365617177	-3974.221665022769
-10	40	24.54461583813886	6856.670152358897	46.99436353966825	-0.04820054138571619	6.312718491157451	2444.2437425764665	2630.911179335759	10622.265535754357	-7841.701642084628
-10	20	24.54461583813886	7451.459788009154	45.00576958530595	-0.00000000000000006102795476642589	6.525657039637908	0	0	10622.265535754357	-8443.75916066317
-10	10	24.54461583813886	7451.459788009154	45.00576958530595	-0.00000000000000006102795476642589	6.525657039637908	0	0	10622.265535754357	-8443.75916066317
-10	5	24.54461583813886	7451.459788009154	45.00576958530595	-0.00000000000000006102795476642589	6.525657039637908	0	0	10622.265535754357	-8443.75916066317
-10	2	24.54461583813886	7451.459788009154	45.00576958530595	-0.00000000000000006102795476642589	6.525657039637908	0	0	10622.265535754357	-8443.75916066317
-10	0	24.54461583813886	7451.459788009154	45.00576958530595	-0.00000000000000006102795476642589	6.525657039637908	0	0	10622.265535754357	-8443.75916066317
-10	-2	24.54461583813886	7451.459788009154	45.00576958530595	-0.00000000000000006102795476642589	6.525657039637908	0	0	10622.265535754357	-8443.75916066317
-10	-5	24.54461583813886	7451.459788009154	45.00576958530595	-0.00000000000000006102795476642589	6.525657039637908	0	0	10622.265535754357	-8443.75916066317
-10	-10	24.54461583813886	7451.459788009154	45.00576958530595	-0.00000000000000006102795476642589	6.525657039637908	0	0	10622.265535754357	-8443.75916066317
-10	-20	24.54461583813886	7451.459788009154	45.00576958530595	-0.00000000000000006102795476642589	6.525657039637908	0	0	10622.265535754357	-8443.75916066317
-10	-40	24.54461583813886	6884.62862150251	43.132135972370634	-0.049131369863069395	6.3196902330853275	2560.224230234004	2583.762568743725	10622.265535754357	-7888.322424239158
-15	40	24.54461583813886	6808.018105234337	47.15677081718425	-0.07374691616346657	6.307670888980224	2491.8998514007844	3008.0484407994954	11307.554100793297	-11599.361051803751
-15	20	24.54461583813886	7451.459788009154	45.00576958530595	-0.00000000000000006102795476642589	6.525657039637908	0	0	11307.554100793297	-12585.249741176487
-15	10	24.54461583813886	7451.459788009154	45.00576958530595	-0.00000000000000006102795476642589	6.525657039637908	0	0	11307.554100793297	-12585.249741176487
-15	5	24.54461583813886	7451.459788009154	45.00576958530595	-0.00000000000000006102795476642589	6.525657039637908	0	0	11307.554100793297	-12585.249741176487
-15	2	24.54461583813886	7451.459788009154	45.00576958530595	-0.00000000000000006102795476642589	6.525657039637908	0	0	11307.554100793297	-12585.249741176487
-15	0	24.54461583813886	7451.459788009154	45.00576958530595	-0.00000000000000006102795476642589	6.525657039637908	0	0	11307.554100793297	-12585.249741176487
-15	-2	24.54461583813886	7451.459788009154	45.00576958530595	-0.00000000000000006102795476642589	6.525657039637908	0	0	11307.554100793297	-12585.249741176487
-15	-5	24.54461583813886	7451.459788009154	45.00576958530595	-0.00000000000000006102795476642589	6.525657039637908	0	0	11307.554100793297	-12585.249741176487
-15	-10	24.54461583813886	7451.459788009154	45.00576958530595	-0.00000000000000006102795476642589	6.525657039637908	0	0	11307.554100793297	-12585.249741176487
-15	-20	24.54461583813886	7451.459788009154	45.00576958530595	-0.00000000000000006102795476642589	6.525657039637908	0	0	11307.554100793297	-12585.249741176487
-15	-40	24.54461583813886	6833.161164824558	42.96019273677896	-0.07754682420024402	6.316178025841241	2726.8620226530165	2997.9378910812084	11307.554100793297	-11682.325230006689
-30	40	24.54461583813886	6517.934342258294	48.141883215368374	-0.16594426364310605	6.300619430588916	2820.4122156714	4662.695775684348	15579.530461609822	-21470.216922855438
-30	20	24.54461583813886	7450.36356685421	45.009552558206664	-0.0008966461816445279	6.524908528239129	0.8526847989794533	1.68214354703332	15579.530461609822	-24312.255732108653
-30	10	24.54461583813886	7451.459788009154	45.00576958530595	-0.00000000000000006102795476642589	6.525657039637908	0	0	15579.530461609822	-24312.835510600362
-30	5	24.54461583813886	7451.459788009154	45.00576958530595	-0.00000000000000006102795476642589	6.525657039637908	0	0	15579.530461609822	-24312.835510600362
-30	2	24.54461583813886	7451.459788009154	45.00576958530595	-0.00000000000000006102795476642589	6.525657039637908	0	0	15579.530461609822	-24312.835510600362
-30	0	24.54461583813886	7451.459788009154	45.00576958530595	-0.00000000000000006102795476642589	6.525657039637908	0	0	15579.530461609822	-24312.835510600362
-30	-2	24.54461583813886	7451.459788009154	45.00576958530595	-0.00000000000000006102795476642589	6.525657039637908	0	0	15579.530461609822	-24312.835510600362
-30	-5	24.54461583813886	7451.459788009154	45.00576958530595	-0.00000000000000006102795476642589	6.525657039637908	0	0	15579.530461609822	-24312.835510600362
-30	-10	24.54461583813886	7451.459788009154	45.00576958530595	-0.00000000000000006102795476642589	6.525657039637908	0	0	15579.530461609822	-24312.835510600362
-30	-20	24.54461583813886	7450.65437897812	45.00301230548926	-0.0006640946251648174	6.525104035188659	0.5653008116433398	1.1152035471643558	15579.530461609822	-24312.432517859892
-30	-40	24.54461583813886	6533.49399304076	41.94625490020551	-0.18214672649624386	6.3156230607174235	2882.7302091053025	4623.991860174108	15579.530461609822	-21662.160131240187
-60	40	24.54461583813886	5354.061666142545	52.11874345363835	-0.3989675180170707	6.3482530675080815	2423.6178749867977	7024.92836448898	8922.06264933494	-30503.3324454807
-60	20	24.54461583813886	6863.043424534368	46.74446855482979	-0.3446735935504532	6.375227743878318	2167.907737564441	7057.549548503506	8922.06264933494	-39074.36698146669
-60	10	24.54461583813886	7357.707634177317	45.27896577008402	-0.07121594866594043	6.479424633425178	240.77863377950416	1842.7031924470211	8922.06264933494	-41548.63882760413
-60	5	24.54461583813886	7444.660615633538	45.02686854091915	-0.005722930063321597	6.521272071890905	5.699051476561181	173.1364328683885	8922.06264933494	-42065.67322719108
-60	2	24.54461583813886	7451.459788009154	45.00576958530595	-0.00000000000000006102795476642589	6.525657039637908	0	0	8922.06264933494	-42111.066380424636
-60	0	24.54461583813886	7451.459788009154	45.00576958530595	-0.00000000000000006102795476642589	6.525657039637908	0	0	8922.06264933494	-42111.066380424636
-60	-2	24.54461583813886	7451.459788009154	45.00576958530595	-0.00000000000000006102795476642589	6.525657039637908	0	0	8922.06264933494	-42111.066380424636
-60	-5	24.54461583813886	7445.071185748641	44.98612054534857	-0.00538293741448755	6.521526893983171	5.244881074298064	159.33879589562366	8922.06264933494	-42068.370494063056
-60	-10	24.54461583813886	7361.500655054718	44.74625013100009	-0.06846839099605204	6.481025409750375	227.8784667310283	1743.9769116713396	8922.06264933494	-41570.1501131859
-60	-20	24.54461583813886	6861.3201838415425	43.266511038094734	-0.3539373724088369	6.390172075917877	2118.9125505614793	6767.778072176239	8922.06264933494	-39185.1370605058
-60	-40	24.54461583813886	5350.88006910506	37.889342116615616	-0.3994451967097787	6.380222909234971	2424.5004802023323	7154.409729252242	8922.06264933494	-30634.632334075675
60	40	17.67480791906943	4770.413810303531	54.13363846681532	0.4480498813661849	6.3291725214135335	2424.5004802023286	7154.409729252238	8922.06264933494	27216.399236974794
60	20	17.67480791906943	5983.228400500455	49.28092821565534	0.6927698967287612	6.260872425605744	4043.473594968884	23480.406089630094	8922.06264933494	34514.01081997619
60	10	17.67480791906943	6751.306273974968	46.692170276266005	0.4712286648615301	6.299659789536604	2732.827027582345	26126.836480814236	8922.06264933494	38423.57265185499
60	5	17.67480791906943	7026.255248521768	45.80895474736054	0.31911578792726736	6.338572949950476	1317.346265181317	42241.45864960883	8922.06264933494	39690.77552620161
60	2	17.67480791906943	7117.512275364124	45.325140296479276	0.2641830844225756	6.3520421400835705	772.6261668560473	60480.14376761852	8922.06264933494	40093.810723315255
60	0	17.67480791906943	7135.844446215988	45.01177461588006	0.25308581630315163	6.3549854219685304	639.8894026461057	63663.08174972901	8922.06264933494	40175.672837552826
60	-2	17.67480791906943	7120.1365244768895	44.70050030649274	0.26216469370129364	6.353202795794658	764.0964946038657	60200.69178249719	8922.06264933494	40108.564685831654
60	-5	17.67480791906943	7032.301033433041	44.225955783889496	0.31480445776842053	6.341139317822909	1387.9246822930581	42164.96895499056	8922.06264933494	39725.39798317499
60	-10	17.67480791906943	6744.949150022939	43.29954385327037	0.4813608812676278	6.314375425952838	2781.4662768453345	25876.94024611356	8922.06264933494	38507.52153071616
60	-20	17.67480791906943	5993.088989853439	40.78828054380155	0.7059061303215274	6.278370444331453	3997.613836009041	22848.305144611862	8922.06264933494	34701.07218376792
60	-40	17.67480791906943	4767.032104060381	35.8714254440313	0.4483677254771501	6.365246876127505	2424.5004802023177	7154.409729252224	8922.06264933494	27346.791663253953
30	40	17.67480791906943	5533.34069401992	51.54281865249384	0.22232986289384446	6.244212659215183	2942.9700202233653	5695.592113906292	15579.530461609818	18341.085733308235
30	20	17.67480791906943	7094.73992717393	46.092988172812746	0.15690433611798105	6.356241914810024	1873.8807284723034	3747.4037251603004	15579.530461609818	23511.99719607079
30	10	17.67480791906943	7433.822748334311	45.06166837812345	0.013278367558268079	6.51426865627056	25.954372289945923	198.63143139371277	15579.530461609818	24298.443791141708
30	5	17.67480791906943	7451.459788009154	45.00576958530595	-0.00000000000000006102795476642589	6.525657039637908	0	0	15579.530461609818	24312.835510600362
30	2	17.67480791906943	7451.459788009154	45.00576958530595	-0.00000000000000006102795476642589	6.525657039637908	0	0	15579.530461609818	24312.835510600362
30	0	17.67480791906943	7451.459788009154	45.00576958530595	-0.00000000000000006102795476642589	6.525657039637908	0	0	15579.530461609818	24312.835510600362
30	-2	17.67480791906943	7451.459788009154	45.00576958530595	-0.00000000000000006102795476642589	6.525657039637908	0	0	15579.530461609818	24312.835510600362
30	-5	17.67480791906943	7451.459788009154	45.00576958530595	-0.00000000000000006102795476642589	6.525657039637908	0	0	15579.530461609818	24312.835510600362
30	-10	17.67480791906943	7435.055367498771	44.95423540752237	0.012401140141924795	6.515035829188965	23.564458553562645	180.34118029218553	15579.530461609818	24299.67633759463
30	-20	17.67480791906943	7109.689608323408	43.97607684964288	0.1523480962925411	6.362304017079714	1784.3074883053432	3546.7380194972357	15579.530461609818	23555.036781996092
30	-40	17.67480791906943	5530.556018248115	38.46770084031964	0.2231274475230061	6.274750436762701	2956.029758742514	5867.961840653181	15579.530461609818	18420.12106640852
15	40	17.67480791906943	5741.527816451932	50.835780969782135	0.11037428661169323	6.224977626954994	3113.37604224551	5249.355932026665	11307.554100793299	9862.544655037667
15	20	17.67480791906943	7267.02594331726	45.593090206253436	0.05776769214352835	6.4203488843805046	1546.6274728760545	1216.6791148522752	11307.554100793299	12481.174272737213
15	10	17.67480791906943	7451.459788009154	45.00576958530595	-0.00000000000000006102795476642589	6.525657039637908	0	0	11307.554100793299	12585.249741176487
15	5	17.67480791906943	7451.459788009154	45.00576958530595	-0.00000000000000006102795476642589	6.525657039637908	0	0	11307.554100793299	12585.249741176487
15	2	17.67480791906943	7451.459788009154	45.00576958530595	-0.00000000000000006102795476642589	6.525657039637908	0	0	11307.554100793299	12585.249741176487
15	0	17.67480791906943	7451.459788009154	45.00576958530595	-0.00000000000000006102795476642589	6.525657039637908	0	0	11307.554100793299	12585.249741176487
15	-2	17.67480791906943	7451.459788009154	45.00576958530595	-0.00000000000000006102795476642589	6.525657039637908	0	0	11307.554100793299	12585.249741176487
15	-5	17.67480791906943	7451.459788009154	45.00576958530595	-0.00000000000000006102795476642589	6.525657039637908	0	0	11307.554100793299	12585.249741176487
15	-10	17.67480791906943	7451.459788009154	45.00576958530595	-0.00000000000000006102795476642589	6.525657039637908	0	0	11307.554100793299	12585.249741176487
15	-20	17.67480791906943	7277.882779686078	44.45851471463987	0.05576540678357164	6.426014474754312	1482.0198759786228	1127.0790981109676	11307.554100793299	12496.417134737512
15	-40	17.67480791906943	5738.946913609749	39.17609024900043	0.11130529158643712	6.254233928104729	3150.582977543429	5397.089232780985	11307.554100793299	9906.728034193791
10	40	17.67480791906943	5781.147717694285	50.70086675391504	0.07351041965771148	6.221287842312887	3152.78495741555	5195.590918091082	10622.265535754355	6663.980586915365
10	20	17.67480791906943	7294.312299806554	45.51274855412375	0.03622127429542533	6.432643645752938	1534.6894550417192	846.2523074510318	10622.265535754355	8408.065077594332
10	10	17.67480791906943	7451.459788009154	45.00576958530595	-0.00000000000000006102795476642589	6.525657039637908	0	0	10622.265535754355	8443.75916066317
10	5	17.67480791906943	7451.459788009154	45.00576958530595	-0.00000000000000006102795476642589	6.525657039637908	0	0	10622.265535754355	8443.75916066317
10	2	17.67480791906943	7451.459788009154	45.00576958530595	-0.00000000000000006102795476642589	6.525657039637908	0	0	10622.265535754355	8443.75916066317
10	0	17.67480791906943	7451.459788009154	45.00576958530595	-0.00000000000000006102795476642589	6.525657039637908	0	0	10622.265535754355	8443.75916066317
10	-2	17.67480791906943	7451.459788009154	45.00576958530595	-0.00000000000000006102795476642589	6.525657039637908	0	0	10622.265535754355	8443.75916066317
10	-5	17.67480791906943	7451.459788009154	45.00576958530595	-0.00000000000000006102795476642589	6.525657039637908	0	0	10622.265535754355	8443.75916066317
10	-10	17.67480791906943	7451.459788009154	45.00576958530595	-0.00000000000000006102795476642589	6.525657039637908	0	0	10622.265535754355	8443.75916066317
10	-20	17.67480791906943	7304.488862868368	44.53609723161548	0.034914486147631166	6.438178955611146	1475.0376548481863	774.0801450277359	10622.265535754355	8417.416123879035
10	-40	17.67480791906943	5778.334350793067	39.309972401710326	0.07416847524109363	6.250522435764497	3189.739260248285	5302.320197010558	10622.265535754355	6693.816201051739
5	40	17.67480791906943	5805.183955898891	50.618860768042076	0.036742566295086425	6.2189704665271455	3184.213574893458	5181.476151941213	10234.192365617175	3359.005640847208
5	20	17.67480791906943	7310.062643273414	45.46611845572456	0.017440279154354456	6.4400243155223755	1534.8037717260602	635.0186231728367	10234.192365617175	4230.033657218272
5	10	17.67480791906943	7451.459788009154	45.00576958530595	-0.00000000000000006102795476642589	6.525657039637908	0	0	10234.192365617175	4238.006474456027
5	5	17.67480791906943	7451.459788009154	45.00576958530595	-0.00000000000000006102795476642589	6.525657039637908	0	0	10234.192365617175	4238.006474456027
5	2	17.67480791906943	7451.459788009154	45.00576958530595	-0.00000000000000006102795476642589	6.525657039637908	0	0	10234.192365617175	4238.006474456027
5	0	17.67480791906943	7451.459788009154	45.00576958530595	-0.00000000000000006102795476642589	6.525657039637908	0	0	10234.192365617175	4238.006474456027
5	-2	17.67480791906943	7451.459788009154	45.00576958530595	-0.00000000000000006102795476642589	6.525657039637908	0	0	10234.192365617175	4238.006474456027
5	-5	17.67480791906943	7451.459788009154	45.00576958530595	-0.00000000000000006102795476642589	6.525657039637908	0	0	10234.192365617175	4238.006474456027
5	-10	17.67480791906943	7451.459788009154	45.00576958530595	-0.00000000000000006102795476642589	6.525657039637908	0	0	10234.192365617175	4238.006474456027
5	-20	17.67480791906943	7319.841425458732	44.581131639583184	0.016794933274228856	6.445475369908096	1478.3216631207154	572.7486865942265	10234.192365617175	4234.463972328135
5	-40	17.67480791906943	5802.087360250543	39.3907101656132	0.03707349529955471	6.2483085386684545	3213.7192739317743	5244.281930414159	10234.192365617175	3373.962485656569
2	40	17.67480791906943	5811.980228234618	50.59562025553907	0.014689250924239637	6.218281989788816	3192.2101139344063	5179.578705861466	10245.035389240702	1346.6080052281804
2	20	17.67480791906943	7314.391364959765	45.45326615851271	0.006901900534634833	6.442089860278087	1535.8362236378616	577.2079580169884	10245.035389240702	1694.9155622849494
2	10	17.67480791906943	7451.459788009154	45.00576958530595	-0.00000000000000006102795476642589	6.525657039637908	0	0	10245.035389240702	1697.0114454612913
2	5	17.67480791906943	7451.459788009154	45.00576958530595	-0.00000000000000006102795476642589	6.525657039637908	0	0	10245.035389240702	1697.0114454612913
2	2	17.67480791906943	7451.459788009154	45.00576958530595	-0.00000000000000006102795476642589	6.525657039637908	0	0	10245.035389240702	1697.0114454612913
2	0	17.67480791906943	7451.459788009154	45.00576958530595	-0.00000000000000006102795476642589	6.525657039637908	0	0	10245.035389240702	1697.0114454612913
2	-2	17.67480791906943	7451.459788009154	45.00576958530595	-0.00000000000000006102795476642589	6.525657039637908	0	0	10245.035389240702	1697.0114454612913
2	-5	17.67480791906943	7451.459788009154	45.00576958530595	-0.00000000000000006102795476642589	6.525657039637908	0	0	10245.035389240702	1697.0114454612913
2	-10	17.67480791906943	7451.459788009154	45.00576958530595	-0.00000000000000006102795476642589	6.525657039637908	0	0	10245.035389240702	1697.0114454612913
2	-20	17.67480791906943	7324.060125771106	44.59354485589386	0.006644644419326777	6.447516570011233	1480.2746986439358	517.6306579957309	10245.035389240702	1696.6601284734456
2	-40	17.67480791906943	5808.754440851042	39.413371762105264	0.014828182924886541	6.24769038828261	3220.4996194046475	5227.871618753648	10245.035389240702	1352.6288831827617
0	40	17.67480791906943	5813.2778865914315	50.59118028943865	0.0000000000000000048891021528421804	6.218149162317293	3192.981059592008	5178.396913725301	10225.372951420271	0.00000000000002842170943040401
0	20	17.67480791906943	7315.211893877131	45.450828064484355	-0.00000000000000008450502720621126	6.44248321289117	1536.0831616300977	566.2591437797091	10225.372951420271	-0.0000000000006181721801112872
0	10	17.67480791906943	7451.459788009154	45.00576958530595	-0.00000000000000006102795476642589	6.525657039637908	0	0	10225.372951420271	-0.0000000000004547473508864641
0	5	17.67480791906943	7451.459788009154	45.00576958530595	-0.00000000000000006102795476642589	6.525657039637908	0	0	10225.372951420271	-0.0000000000004547473508864641
0	2	17.67480791906943	7451.459788009154	45.00576958530595	-0.00000000000000006102795476642589	6.525657039637908	0	0	10225.372951420271	-0.0000000000004547473508864641
0	0	17.67480791906943	7451.459788009154	45.00576958530595	-0.00000000000000006102795476642589	6.525657039637908	0	0	10225.372951420271	-0.0000000000004547473508864641
0	-2	17.67480791906943	7451.459788009154	45.00576958530595	-0.00000000000000006102795476642589	6.525657039637908	0	0	10225.372951420271	-0.0000000000004547473508864641
0	-5	17.67480791906943	7451.459788009154	45.00576958530595	-0.00000000000000006102795476642589	6.525657039637908	0	0	10225.372951420271	-0.0000000000004547473508864641
0	-10	17.67480791906943	7451.459788009154	45.00576958530595	-0.00000000000000006102795476642589	6.525657039637908	0	0	10225.372951420271	-0.0000000000004547473508864641
0	-20	17.67480791906943	7324.85976472729	44.5958996910574	-0.00000000000000015569186681042481	6.4479052495678335	1480.6987918426348	507.19061467929714	10225.372951420271	-0.0000000000011404210908949608
0	-40	17.67480791906943	5810.025167237753	39.41769098875566	0.000000000000000279140579892442	6.2475727315625615	3221.7943980125983	5224.737896353763	10225.372951420271	0.0000000000016218137943724287
-2	40	17.67480791906943	5811.980228234619	50.59562025553906	-0.014689250924239783	6.218281989788816	3192.2101139344045	5179.578705861481	10245.035389240702	-1346.6080052281816
-2	20	17.67480791906943	7314.391364959765	45.4532661585127	-0.006901900534635406	6.442089860278087	1535.836223637862	577.2079580169666	10245.035389240702	-1694.9155622849532
-2	10	17.67480791906943	7451.459788009154	45.00576958530595	-0.00000000000000006102795476642589	6.525657039637908	0	0	10245.035389240702	-1697.0114454612922
-2	5	17.67480791906943	7451.459788009154	45.00576958530595	-0.00000000000000006102795476642589	6.525657039637908	0	0	10245.035389240702	-1697.0114454612922
-2	2	17.67480791906943	7451.459788009154	45.00576958530595	-0.00000000000000006102795476642589	6.525657039637908	0	0	10245.035389240702	-1697.0114454612922
-2	0	17.67480791906943	7451.459788009154	45.00576958530595	-0.00000000000000006102795476642589	6.525657039637908	0	0	10245.035389240702	-1697.0114454612922
-2	-2	17.67480791906943	7451.459788009154	45.00576958530595	-0.00000000000000006102795476642589	6.525657039637908	0	0	10245.035389240702	-1697.0114454612922
-2	-5	17.67480791906943	7451.459788009154	45.00576958530595	-0.00000000000000006102795476642589	6.525657039637908	0	0	10245.035389240702	-1697.0114454612922
-2	-10	17.67480791906943	7451.459788009154	45.00576958530595	-0.00000000000000006102795476642589	6.525657039637908	0	0	10245.035389240702	-1697.0114454612922
-2	-20	17.67480791906943	7324.0601257711005	44.593544855893875	-0.006644644419327289	6.447516570011235	1480.2746986439363	517.6306579957381	10245.035389240702	-1696.6601284734484
-2	-40	17.67480791906943	5808.754440851043	39.41337176210526	-0.014828182924886475	6.2476903882826145	3220.499619404646	5227.871618753619	10245.035389240702	-1352.6288831827621
-5	40	17.67480791906943	5805.183955898891	50.61886076804207	-0.03674256629508611	6.218970466527146	3184.213574893457	5181.476151941213	10234.192365617177	-3359.0056408472065
-5	20	17.67480791906943	7310.062643273416	45.466118455724555	-0.017440279154355108	6.440024315522375	1534.8037717260593	635.0186231728367	10234.192365617177	-4230.033657218277
-5	10	17.67480791906943	7451.459788009154	45.00576958530595	-0.00000000000000006102795476642589	6.525657039637908	0	0	10234.192365617177	-4238.006474456029
-5	5	17.67480791906943	7451.459788009154	45.00576958530595	-0.00000000000000006102795476642589	6.525657039637908	0	0	10234.192365617177	-4238.006474456029
-5	2	17.67480791906943	7451.459788009154	45.00576958530595	-0.00000000000000006102795476642589	6.525657039637908	0	0	10234.192365617177	-4238.006474456029
-5	0	17.67480791906943	7451.459788009154	45.00576958530595	-0.00000000000000006102795476642589	6.525657039637908	0	0	10234.192365617177	-4238.006474456029
-5	-2	17.67480791906943	7451.459788009154	45.00576958530595	-0.00000000000000006102795476642589	6.525657039637908	0	0	10234.192365617177	-4238.006474456029
-5	-5	17.67480791906943	7451.459788009154	45.00576958530595	-0.00000000000000006102795476642589	6.525657039637908	0	0	10234.192365617177	-4238.006474456029
-5	-10	17.67480791906943	7451.459788009154	45.00576958530595	-0.00000000000000006102795476642589	6.525657039637908	0	0	10234.192365617177	-4238.006474456029
-5	-20	17.67480791906943	7319.841425458735	44.58113163958317	-0.01679493327422907	6.445475369908095	1478.3216631207163	572.7486865942046	10234.192365617177	-4234.463972328138
-5	-40	17.67480791906943	5802.0873602505435	39.39071016561321	-0.03707349529955529	6.2483085386684545	3213.719273931774	5244.281930414203	10234.192365617177	-3373.9624856565724
-10	40	17.67480791906943	5781.147717694285	50.70086675391504	-0.07351041965771163	6.221287842312886	3152.7849574155507	5195.590918091068	10622.265535754357	-6663.980586915365
-10	20	17.67480791906943	7294.3122998065555	45.51274855412373	-0.03622127429542572	6.432643645752936	1534.6894550417192	846.2523074510245	10622.265535754357	-8408.065077594338
-10	10	17.67480791906943	7451.459788009154	45.00576958530595	-0.00000000000000006102795476642589	6.525657039637908	0	0	10622.265535754357	-8443.75916066317
-10	5	17.67480791906943	7451.459788009154	45.00576958530595	-0.00000000000000006102795476642589	6.525657039637908	0	0	10622.265535754357	-8443.75916066317
-10	2	17.67480791906943	7451.459788009154	45.00576958530595	-0.00000000000000006102795476642589	6.525657039637908	0	0	10622.265535754357	-8443.75916066317
-10	0	17.67480791906943	7451.459788009154	45.00576958530595	-0.00000000000000006102795476642589	6.525657039637908	0	0	10622.265535754357	-8443.75916066317
-10	-2	17.67480791906943	7451.459788009154	45.00576958530595	-0.00000000000000006102795476642589	6.525657039637908	0	0	10622.265535754357	-8443.75916066317
-10	-5	17.67480791906943	7451.459788009154	45.00576958530595	-0.00000000000000006102795476642589	6.525657039637908	0	0	10622.265535754357	-8443.75916066317
-10	-10	17.67480791906943	7451.459788009154	45.00576958530595	-0.00000000000000006102795476642589	6.525657039637908	0	0	10622.265535754357	-8443.75916066317
-10	-20	17.67480791906943	7304.488862868368	44.53609723161547	-0.03491448614763168	6.43817895561115	1475.0376548481877	774.0801450277868	10622.265535754357	-8417.416123879044
-10	-40	17.67480791906943	5778.334350793066	39.30997240171034	-0.07416847524109328	6.250522435764496	3189.739260248286	5302.320197010602	10622.265535754357	-6693.816201051737
-15	40	17.67480791906943	5741.527816451933	50.835780969782135	-0.11037428661169305	6.224977626954994	3113.3760422455116	5249.355932026578	11307.554100793297	-9862.544655037667
-15	20	17.67480791906943	7267.0259433172605	45.593090206253414	-0.057767692143529	6.4203488843805046	1546.6274728760516	1216.6791148522825	11307.554100793297	-12481.174272737218
-15	10	17.67480791906943	7451.459788009154	45.00576958530595	-0.00000000000000006102795476642589	6.525657039637908	0	0	11307.554100793297	-12585.249741176487
-15	5	17.67480791906943	7451.459788009154	45.00576958530595	-0.00000000000000006102795476642589	6.525657039637908	0	0	11307.554100793297	-12585.249741176487
-15	2	17.67480791906943	7451.459788009154	45.00576958530595	-0.00000000000000006102795476642589	6.525657039637908	0	0	11307.554100793297	-12585.249741176487
-15	0	17.67480791906943	7451.459788009154	45.00576958530595	-0.00000000000000006102795476642589	6.525657039637908	0	0	11307.554100793297	-12585.249741176487
-15	-2	17.67480791906943	7451.459788009154	45.00576958530595	-0.00000000000000006102795476642589	6.525657039637908	0	0	11307.554100793297	-12585.249741176487
-15	-5	17.67480791906943	7451.459788009154	45.00576958530595	-0.00000000000000006102795476642589	6.525657039637908	0	0	11307.554100793297	-12585.249741176487
-15	-10	17.67480791906943	7451.459788009154	45.00576958530595	-0.00000000000000006102795476642589	6.525657039637908	0	0	11307.554100793297	-12585.249741176487
-15	-20	17.67480791906943	7277.882779686075	44.45851471463989	-0.05576540678357168	6.4260144747543135	1482.0198759786228	1127.0790981109967	11307.554100793297	-12496.41713473751
-15	-40	17.67480791906943	5738.946913609748	39.17609024900044	-0.11130529158643741	6.254233928104729	3150.5829775434304	5397.089232781102	11307.554100793297	-9906.728034193791
-30	40	17.67480791906943	5533.340694019921	51.54281865249382	-0.22232986289384443	6.244212659215182	2942.9700202233544	5695.592113906314	15579.530461609822	-18341.085733308235
-30	20	17.67480791906943	7094.739927173929	46.092988172812746	-0.1569043361179813	6.356241914810022	1873.8807284723061	3747.4037251603586	15579.530461609822	-23511.997196070784
-30	10	17.67480791906943	7433.822748334311	45.06166837812345	-0.013278367558267777	6.514268656270559	25.954372289945695	198.63143139370914	15579.530461609822	-24298.443791141704
-30	5	17.67480791906943	7451.459788009154	45.00576958530595	-0.00000000000000006102795476642589	6.525657039637908	0	0	15579.530461609822	-24312.835510600362
-30	2	17.67480791906943	7451.459788009154	45.00576958530595	-0.00000000000000006102795476642589	6.525657039637908	0	0	15579.530461609822	-24312.835510600362
-30	0	17.67480791906943	7451.459788009154	45.00576958530595	-0.00000000000000006102795476642589	6.525657039637908	0	0	15579.530461609822	-24312.835510600362
-30	-2	17.67480791906943	7451.459788009154	45.00576958530595	-0.00000000000000006102795476642589	6.525657039637908	0	0	15579.530461609822	-24312.835510600362
-30	-5	17.67480791906943	7451.459788009154	45.00576958530595	-0.00000000000000006102795476642589	6.525657039637908	0	0	15579.530461609822	-24312.835510600362
-30	-10	17.67480791906943	7435.05536749877	44.95423540752235	-0.012401140141924269	6.515035829188968	23.564458553561735	180.34118029218916	15579.530461609822	-24299.676337594632
-30	-20	17.67480791906943	7109.689608323408	43.97607684964288	-0.15234809629254117	6.3623040170797145	1784.3074883053396	3546.7380194972793	15579.530461609822	-23555.036781996096
-30	-40	17.67480791906943	5530.556018248114	38.46770084031965	-0.22312744752300628	6.274750436762702	2956.0297587425102	5867.961840653181	15579.530461609822	-18420.121066408523
-60	40	17.67480791906943	4770.413810303529	54.133638466815334	-0.44804988136618507	6.329172521413536	2424.5004802023286	7154.40972925222	8922.06264933494	-27216.39923697479
-60	20	17.67480791906943	5983.228400500454	49.28092821565534	-0.6927698967287607	6.260872425605744	4043.473594968891	23480.40608963011	8922.06264933494	-34514.01081997618
-60	10	17.67480791906943	6751.3062739749685	46.692170276266026	-0.47122866486153014	6.299659789536608	2732.8270275823525	26126.836480814258	8922.06264933494	-38423.57265185502
-60	5	17.67480791906943	7026.25524852177	45.80895474736052	-0.3191157879272681	6.338572949950478	1317.346265181317	42241.45864960883	8922.06264933494	-39690.775526201636
-60	2	17.67480791906943	7117.512275364123	45.32514029647928	-0.2641830844225759	6.352042140083572	772.6261668560801	60480.14376761851	8922.06264933494	-40093.81072331525
-60	0	17.67480791906943	7135.844446215991	45.01177461588003	-0.25308581630315163	6.354985421968528	639.8894026461094	63663.08174972901	8922.06264933494	-40175.67283755283
-60	-2	17.67480791906943	7120.136524476893	44.70050030649269	-0.26216469370129397	6.353202795794652	764.0964946038584	60200.6917824972	8922.06264933494	-40108.56468583163
-60	-5	17.67480791906943	7032.301033433039	44.225955783889475	-0.3148044577684198	6.341139317822909	1387.9246822930581	42164.968954990574	8922.06264933494	-39725.39798317497
-60	-10	17.67480791906943	6744.949150022939	43.299543853270364	-0.4813608812676279	6.314375425952836	2781.466276845342	25876.94024611356	8922.06264933494	-38507.52153071615
-60	-20	17.67480791906943	5993.088989853437	40.78828054380155	-0.705906130321528	6.278370444331457	3997.6138360090335	22848.305144611862	8922.06264933494	-34701.07218376793
-60	-40	17.67480791906943	4767.032104060379	35.87142544403132	-0.44836772547715015	6.36524687612751	2424.5004802023323	7154.4097292522165	8922.06264933494	-27346.791663253964
60	40	10.805	4186.565845258847	56.14097184640496	0.5105337932746535	6.305000706279267	2424.5004802023377	7154.40972925224	8922.06264933494	23928.558566153057
60	20	10.805	4764.803164166363	53.006974934568966	1.0075775914280778	6.1213576545440365	4541.099944740676	41563.203201548386	8922.06264933494	27659.873104006983
60	10	10.805	5307.815713002752	49.317187166072614	1.3674023861406805	6.024041784190414	6241.227118790517	102631.76246460472	8922.06264933494	31319.692359406366
60	5	10.805	5454.861286725052	47.253426313568944	1.495983129402028	5.961104559802787	7076.528308675821	131227.1001946951	8922.06264933494	32240.73697571503
60	2	10.805	5490.189886098804	45.91536762196122	1.5452071119273327	5.940315422816258	8024.394699248751	143949.67974248866	8922.06264933494	32485.82479508305
60	0	10.805	5489.741465655255	44.992387482199725	1.5657284798571969	5.942938276076955	8207.981917026813	144132.01665838357	8922.06264933494	32551.969677947836
60	-2	10.805	5480.175815626588	44.08605111812583	1.561451926304191	5.9518862705847875	7860.213636160774	139966.39631321272	8922.06264933494	32525.99799583416
60	-5	10.805	5448.143491936134	42.76641649594434	1.5129953587755471	5.977198068658096	7041.6732802124425	130828.72797160459	8922.06264933494	32323.30714176346
60	-10	10.805	5312.298098166425	40.73216009045542	1.3799028899073134	6.043464338748275	6189.3521005666225	101553.85629170992	8922.06264933494	31468.699771246982
60	-20	10.805	4778.173525875866	37.11018786756091	1.0256324662253333	6.14388943681259	4546.016390423667	43377.47045469899	8922.06264933494	27873.86020927027
60	-40	10.805	4183.184139015697	33.86156557296825	0.5109465112566209	6.34609042630222	2424.500480202335	7154.409729252233	8922.06264933494	24058.95099243222
30	40	10.805	4522.683385138178	55.0402532461691	0.2728510361326122	6.185843859091984	2956.0297587425107	5867.961840653183	15579.530461609818	15056.998293174223
30	20	10.805	5509.911814407488	50.886159758313696	0.46664972239039676	5.943460212620876	5368.084320897342	28483.747271080523	15579.530461609818	18600.69431706876
30	10	10.805	6358.972382125673	47.59417260507816	0.45816420481877507	5.996347304703651	5198.376528464105	46044.880970237005	15579.530461609818	21588.42821744916
30	5	10.805	6679.198610184413	46.232316875914876	0.43719673749180893	6.091850250416145	3112.2362835001213	78493.85725686722	15579.530461609818	22873.240291892642
30	2	10.805	6771.867180358524	45.49505972710446	0.4301722939185909	6.1198564617165125	2134.1539751510218	90036.53439166855	15579.530461609818	23244.21987124392
30	0	10.805	6790.7856351497585	45.01897858063808	0.428075104820656	6.125876495951595	1937.9775150542264	92109.04153229104	15579.530461609818	23317.263695704813
30	-2	10.805	6775.66399735003	44.5452767309554	0.42812968695176806	6.122003096499476	2116.8967608541125	89764.5499016857	15579.530461609818	23252.53895586607
30	-5	10.805	6688.710956248782	43.820798001843634	0.4326407169720422	6.096969747655644	3061.4558817464876	77714.6916863939	15579.530461609818	22896.546026653727
30	-10	10.805	6376.760361002032	42.498102574638374	0.4535127899262767	6.005260582064996	5331.536359975802	46003.23798376342	15579.530461609818	21651.549387700983
30	-20	10.805	5524.537118464204	39.21853369722137	0.4850153687084149	5.962870341080773	5357.82434830589	28057.479458205	15579.530461609818	18791.551697870953
30	-40	10.805	4519.301678895027	34.96377731394195	0.2730552052980941	6.223788418629442	2956.0297587425143	5867.961840653192	15579.530461609818	15132.280395586784
15	40	10.805	4614.4209637269505	54.742761795800774	0.13843018758793374	6.1563374870249215	3150.582977543434	5397.089232781089	11307.554100793299	7969.523454122808
15	20	10.805	5719.370068536833	50.2563851445451	0.21729491883966712	5.900393435058893	5286.835311682438	25117.804764744375	11307.554100793299	9934.68861382491
15	10	10.805	6573.696394843243	47.255417301610734	0.2062919052969799	6.040342845432857	5141.723348134732	27729.9906283834	11307.554100793299	11586.918526764697
15	5	10.805	6958.674846193862	46.06023083561928	0.19487910904154881	6.218576660498445	4324.1080606262385	42286.51604068913	11307.554100793299	12509.78260774655
15	2	10.805	7113.658195162939	45.41873841392328	0.19036683115864278	6.303181006188509	2087.590457227481	75031.75781059165	11307.554100793299	12913.164271021556
15	0	10.805	7144.83984658734	45.011596120705946	0.18882547002091024	6.320101000535981	1396.7198158880528	82582.7074027608	11307.554100793299	12990.418460988933
15	-2	10.805	7117.062328149835	44.608070881316706	0.1888491141403959	6.305396795539904	2060.2394797775205	74528.34540767975	11307.554100793299	12912.991594692896
15	-5	10.805	6967.20338235795	43.98475642570315	0.19263900545438317	6.223812916005569	4259.567453650071	41378.49630887963	11307.554100793299	12519.481367320604
15	-10	10.805	6590.88503358877	42.83050003515166	0.20363807342047485	6.049100793812359	5082.9460121814245	26997.53694718564	11307.554100793299	11615.26014870715
15	-20	10.805	5735.503076046269	39.84990610362613	0.23311089143128447	5.918047834537311	5518.567950819096	25427.81502166085	11307.554100793299	10076.540859095161
15	-40	10.805	4611.039257483794	35.26163632796485	0.13853171138841913	6.193505491930059	3150.5829775434313	5397.089232781083	11307.554100793299	8008.492337842259
10	40	10.805	4631.760051923409	54.686661344297896	0.09252859462216374	6.150891897148017	3189.739260248282	5302.320197010573	10622.265535754355	5369.201311397886
10	20	10.805	5757.789195554747	50.140573694687326	0.14179624385003833	5.893863771355911	5092.712454662353	23596.884791984252	10622.265535754355	6696.888894868389
10	10	10.805	6610.853466496232	47.19988235849396	0.1349896953104333	6.049969978469141	5135.604910772861	24114.79525508065	10622.265535754355	7823.979191051769
10	5	10.805	7009.091758730701	46.03257403567733	0.12731993329558836	6.242982854675192	4742.768699308123	30621.116616616782	10622.265535754355	8477.273966950946
10	2	10.805	7204.919383370774	45.40462666003516	0.12382389849773684	6.359573214737456	2774.0323866067383	64224.03899444381	10622.265535754355	8835.183947373213
10	0	10.805	7249.685085852468	45.0095483518748	0.12246169026320222	6.386734727997239	1317.9115136393557	80999.3317388221	10622.265535754355	8914.546765689733
10	-2	10.805	7208.258248198059	44.61956835099919	0.12256444513330426	6.361814765781851	2726.8183282503524	63409.25355389704	10622.265535754355	8833.143509261228
10	-5	10.805	7017.456775472426	44.01150401477047	0.12586045230540724	6.248225873268783	4685.146614524554	29876.296130203555	10622.265535754355	8483.693918738092
10	-10	10.805	6627.71254384638	42.884062279170166	0.133261706501536	6.058759147640458	5080.205682026367	23430.23745626829	10622.265535754355	7842.768742627126
10	-20	10.805	5777.387309441194	39.98159474340454	0.15287536478637023	5.908831041924279	5476.281093286547	24723.174945004008	10622.265535754355	6797.7350738237765
10	-40	10.805	4628.3783456802585	35.31780452122624	0.09259620027207664	6.18791668240884	3189.7392602482846	5302.320197010562	10622.265535754355	5395.346511187638
5	40	10.805	4642.216571955363	54.65284848785898	0.04633641174290385	6.147627540042213	3213.719273931774	5244.281930414178	10234.192365617175	2701.5896116463095
5	20	10.805	5779.89006652076	50.07554862472437	0.07001229789955983	5.890767783724433	4958.012533417037	22546.231317325248	10234.192365617175	3370.601393525418
5	10	10.805	6632.768616181741	47.167636038073944	0.0667569231994964	6.055923792013868	5137.5568273019235	21933.954493529076	10234.192365617175	3941.9301949632654
5	5	10.805	7038.951367279109	46.016531236421216	0.06290471435401193	6.257543483360431	4995.724153224943	23087.760238548	10234.192365617175	4280.007581533337
5	2	10.805	7269.216966017696	45.396431533870604	0.06091209372074152	6.400306004886049	4424.386145588375	35191.40539126772	10234.192365617175	4496.037796629541
5	0	10.805	7351.344655576774	45.00761857901392	0.05992190590170551	6.455019082759581	1273.233189735296	80073.4736271939	10234.192365617175	4574.637886779989
5	-2	10.805	7272.517666146358	44.62720793355538	0.060258353490765325	6.402567998392704	4365.252453300942	34395.81248678015	10234.192365617175	4494.776792045001
5	-5	10.805	7047.220768187497	44.027020197859414	0.06218478953756325	6.262788476235974	4942.148417408023	22433.36074273003	10234.192365617175	4283.2031010749115
5	-10	10.805	6649.4349868368545	42.91516631863749	0.06590483870614534	6.064726896474372	5084.083551555342	21277.317574969915	10234.192365617175	3951.292609333667
5	-20	10.805	5802.484692956096	40.060505796664444	0.07552453190035456	5.903638082745251	5365.719289830261	23926.718074922013	10234.192365617175	3422.1493866340347
5	-40	10.805	4638.834865712207	35.35165797132919	0.046370190943374176	6.184566487044704	3213.7192739317725	5244.281930414183	10234.192365617175	2714.712146749052
2	40	10.805	4645.151545815347	54.64336034050392	0.018542618591696244	6.146713929942723	3220.4996194046453	5227.871618753648	10245.035389240702	1082.5458111875348
2	20	10.805	5785.909866048148	50.05812456434951	0.02791772776175515	5.890021418525008	4928.026961314156	22250.72056919262	10245.035389240702	1350.7756481515307
2	10	10.805	6638.855428417348	47.158746461391424	0.026621343582460263	6.057613085197344	5138.8316796188765	21321.56631378451	10245.035389240702	1580.1323998301755
2	5	10.805	7047.261258851672	46.01211069849468	0.025078572350669494	6.261609075534847	5066.813404690346	20905.325625583508	10245.035389240702	1716.6444873649402
2	2	10.805	7287.313819941239	45.39421512427645	0.024252455118723357	6.411697912019807	4961.848864255206	22809.672245296213	10245.035389240702	1807.2735855582582
2	0	10.805	7411.499211159436	45.006501614115905	0.02372347795355955	6.497067459753035	1261.0565210622149	79817.39248410694	10245.035389240702	1856.2352553857665
2	-2	10.805	7290.603964176376	44.62935472320283	0.023992226951681878	6.41396548168245	4908.645112060114	22163.434093824406	10245.035389240702	1806.7704422957177
2	-5	10.805	7055.504213578304	44.031295730090015	0.024791683149551418	6.266854359219566	5014.357619803701	20275.23135986962	10245.035389240702	1717.9210410739497
2	-10	10.805	6655.4684987339715	42.92374140340762	0.02628181997354977	6.066419488257698	5085.88486870907	20672.638606765468	10245.035389240702	1583.873695909313
2	-20	10.805	5809.438608748736	40.082221696471535	0.030109247502837465	5.90228548078966	5336.045161917673	23704.892734855195	10245.035389240702	1371.4788959634118
2	-40	10.805	4641.7698395722	35.3611574779186	0.018556127596068523	6.183628854986195	3220.499619404646	5227.87161875365	10245.035389240702	1087.8004261573462
0	40	10.805	4645.710943391542	54.641552054216106	0.00000000000000019577083310933746	6.146539929462191	3221.7943980126015	5224.737896353656	10225.372951420271	0.0000000000009094947017729282
0	20	10.805	5787.0494643981	50.05483889591103	0.00000000000000008485354182863893	5.88988452945918	4922.55726934277	22194.18808666915	10225.372951420271	0.0000000000004910516437917067
0	10	10.805	6640.012402539747	47.157060013931094	-0.0000000000000005976466516391277	6.057935922912202	5139.110050990166	21204.83005982203	10225.372951420271	-0.0000000000039683811792201595
0	5	10.805	7048.841612440772	46.01127217797319	-0.00000000000000022227010032198895	6.262382905071023	5080.367754910473	20485.968242515984	10225.372951420271	-0.000000000001566746732351021
0	2	10.805	7290.756264425836	45.393795194847826	0.00000000000000006968249076537753	6.413860141239547	5064.12034708556	20290.049026973094	10225.372951420271	0.0000000000005080380560684716
0	0	10.805	7451.459788009154	45.00576958530595	-0.00000000000000006102795476642589	6.525657039637908	0	0	10225.372951420271	-0.0000000000004547473508864641
0	-2	10.805	7294.044404394001	44.62976146341609	0.00000000000000033997519213193967	6.416128759839998	5012.044340193071	19670.5161437087	10225.372951420271	0.0000000000024797941478027496
0	-5	10.805	7057.079545782102	44.032106749803894	0.0000000000000002879593762675482	6.2676282315369685	5028.124670605915	19860.45319546597	10225.372951420271	0.0000000000020321522242738865
0	-10	10.805	6656.6153526228045	42.92536820834696	-0.00000000000000010727605721690627	6.066742925235794	5086.262900430096	20557.36540911396	10225.372951420271	-0.0000000000007140954494389007
0	-20	10.805	5810.759571908482	40.08633957982616	0.0000000000000005178580267701046	5.9020327440381894	5330.457031803305	23662.704656341943	10225.372951420271	0.0000000000030091484859440243
0	-40	10.805	4642.32923714839	35.36296792752138	-0.0000000000000005102550302518574	6.183450279531116	3221.794398012599	5224.737896353665	10225.372951420271	-0.000000000002368771845340234
-2	40	10.805	4645.151545815347	54.643360340503925	-0.018542618591696147	6.146713929942726	3220.499619404646	5227.871618753659	10245.035389240702	-1082.5458111875346
-2	20	10.805	5785.909866048148	50.05812456434951	-0.02791772776175509	5.890021418525007	4928.026961314155	22250.720569192606	10245.035389240702	-1350.77564815153
-2	10	10.805	6638.855428417347	47.15874646139143	-0.026621343582460797	6.057613085197345	5138.831679618877	21321.56631378449	10245.035389240702	-1580.1323998301789
-2	5	10.805	7047.261258851673	46.01211069849466	-0.025078572350669483	6.261609075534846	5066.813404690346	20905.32562558355	10245.035389240702	-1716.64448736494
-2	2	10.805	7287.313819941238	45.39421512427645	-0.024252455118724096	6.4116979120198065	4961.848864255206	22809.672245296213	10245.035389240702	-1807.2735855582632
-2	0	10.805	7411.499211159433	45.0065016141159	-0.023723477953560165	6.497067459753038	1261.0565210622162	79817.39248410695	10245.035389240702	-1856.235255385771
-2	-2	10.805	7290.6039641763755	44.629354723202816	-0.023992226951682676	6.413965481682449	4908.645112060124	22163.434093824508	10245.035389240702	-1806.7704422957231
-2	-5	10.805	7055.504213578307	44.031295730090015	-0.024791683149551165	6.266854359219562	5014.357619803699	20275.231359869606	10245.035389240702	-1717.9210410739477
-2	-10	10.805	6655.468498733973	42.92374140340759	-0.026281819973549832	6.0664194882576945	5085.884868709071	20672.638606765482	10245.035389240702	-1583.873695909313
-2	-20	10.805	5809.438608748736	40.08222169647153	-0.03010924750283762	5.902285480789657	5336.045161917672	23704.892734855195	10245.035389240702	-1371.4788959634122
-2	-40	10.805	4641.769839572199	35.36115747791859	-0.018556127596068218	6.183628854986196	3220.499619404645	5227.871618753641	10245.035389240702	-1087.8004261573449
-5	40	10.805	4642.216571955362	54.65284848785898	-0.04633641174290317	6.147627540042214	3213.719273931772	5244.281930414178	10234.192365617177	-2701.589611646306
-5	20	10.805	5779.890066520761	50.07554862472436	-0.07001229789955964	5.890767783724432	4958.012533417037	22546.231317325233	10234.192365617177	-3370.601393525417
-5	10	10.805	6632.768616181738	47.16763603807397	-0.06675692319949654	6.055923792013869	5137.5568273019235	21933.95449352904	10234.192365617177	-3941.9301949632654
-5	5	10.805	7038.951367279111	46.0165312364212	-0.06290471435401251	6.257543483360428	4995.724153224942	23087.76023854802	10234.192365617177	-4280.00758153334
-5	2	10.805	7269.216966017696	45.3964315338706	-0.06091209372074198	6.400306004886052	4424.386145588376	35191.405391267734	10234.192365617177	-4496.037796629546
-5	0	10.805	7351.344655576773	45.007618579013894	-0.05992190590170529	6.455019082759583	1273.233189735297	80073.4736271939	10234.192365617177	-4574.637886779989
-5	-2	10.805	7272.51766614636	44.62720793355538	-0.06025835349076504	6.402567998392702	4365.252453300942	34395.81248678018	10234.192365617177	-4494.776792045
-5	-5	10.805	7047.220768187496	44.02702019785943	-0.06218478953756276	6.262788476235976	4942.148417408024	22433.36074273003	10234.192365617177	-4283.20310107491
-5	-10	10.805	6649.434986836854	42.91516631863749	-0.06590483870614554	6.0647268964743715	5084.083551555343	21277.317574969944	10234.192365617177	-3951.292609333667
-5	-20	10.805	5802.484692956098	40.060505796664415	-0.07552453190035434	5.903638082745249	5365.71928983026	23926.718074922042	10234.192365617177	-3422.1493866340343
-5	-40	10.805	4638.834865712209	35.35165797132916	-0.04637019094337402	6.184566487044702	3213.7192739317725	5244.281930414178	10234.192365617177	-2714.7121467490515
-10	40	10.805	4631.76005192341	54.686661344297896	-0.09252859462216353	6.150891897148015	3189.739260248282	5302.320197010569	10622.265535754357	-5369.201311397883
-10	20	10.805	5757.789195554749	50.14057369468728	-0.14179624385003858	5.89386377135591	5092.712454662355	23596.88479198431	10622.265535754357	-6696.888894868392
-10	10	10.805	6610.85346649623	47.199882358493966	-0.1349896953104333	6.049969978469141	5135.604910772862	24114.795255080666	10622.265535754357	-7823.979191051767
-10	5	10.805	7009.091758730698	46.03257403567735	-0.12731993329558783	6.242982854675194	4742.768699308126	30621.116616616753	10622.265535754357	-8477.273966950941
-10	2	10.805	7204.919383370777	45.40462666003512	-0.12382389849773728	6.359573214737456	2774.032386606738	64224.0389944438	10622.265535754357	-8835.183947373218
-10	0	10.805	7249.685085852467	45.009548351874784	-0.12246169026320215	6.386734727997238	1317.9115136393539	80999.3317388221	10622.265535754357	-8914.546765689729
-10	-2	10.805	7208.25824819806	44.61956835099914	-0.12256444513330479	6.361814765781851	2726.818328250351	63409.25355389704	10622.265535754357	-8833.143509261234
-10	-5	10.805	7017.456775472423	44.011504014770516	-0.12586045230540777	6.248225873268784	4685.146614524555	29876.29613020357	10622.265535754357	-8483.693918738092
-10	-10	10.805	6627.712543846378	42.88406227917018	-0.13326170650153554	6.05875914764046	5080.205682026368	23430.237456268304	10622.265535754357	-7842.768742627122
-10	-20	10.805	5777.387309441195	39.98159474340453	-0.1528753647863708	5.908831041924278	5476.281093286546	24723.17494500398	10622.265535754357	-6797.73507382378
-10	-40	10.805	4628.3783456802585	35.31780452122624	-0.09259620027207675	6.187916682408839	3189.739260248284	5302.320197010553	10622.265535754357	-5395.346511187637
-15	40	10.805	4614.4209637269505	54.74276179580079	-0.13843018758793382	6.156337487024922	3150.582977543433	5397.089232781089	11307.554100793297	-7969.52345412281
-15	20	10.805	5719.370068536836	50.25638514454508	-0.21729491883966726	5.900393435058891	5286.835311682438	25117.80476474433	11307.554100793297	-9934.688613824912
-15	10	10.805	6573.696394843244	47.255417301610734	-0.20629190529698047	6.040342845432856	5141.723348134732	27729.99062838337	11307.554100793297	-11586.918526764703
-15	5	10.805	6958.674846193862	46.0602308356193	-0.1948791090415499	6.218576660498446	4324.10806062624	42286.51604068914	11307.554100793297	-12509.782607746562
-15	2	10.805	7113.658195162939	45.41873841392327	-0.1903668311586429	6.303181006188509	2087.5904572274817	75031.75781059163	11307.554100793297	-12913.164271021556
-15	0	10.805	7144.83984658734	45.01159612070593	-0.18882547002091019	6.32010100053598	1396.71981588805	82582.70740276079	11307.554100793297	-12990.41846098893
-15	-2	10.805	7117.0623281498365	44.60807088131668	-0.18884911414039518	6.305396795539905	2060.2394797775155	74528.34540767965	11307.554100793297	-12912.991594692896
-15	-5	10.805	6967.203382357951	43.98475642570315	-0.1926390054543834	6.223812916005568	4259.56745365007	41378.496308879665	11307.554100793297	-12519.481367320606
-15	-10	10.805	6590.885033588769	42.830500035151665	-0.20363807342047457	6.049100793812358	5082.946012181425	26997.536947185654	11307.554100793297	-11615.260148707144
-15	-20	10.805	5735.50307604627	39.849906103626125	-0.23311089143128455	5.91804783453731	5518.567950819093	25427.815021660805	11307.554100793297	-10076.540859095163
-15	-40	10.805	4611.039257483796	35.26163632796484	-0.1385317113884195	6.193505491930057	3150.5829775434313	5397.0892327810725	11307.554100793297	-8008.492337842261
-30	40	10.805	4522.683385138177	55.0402532461691	-0.27285103613261186	6.185843859091984	2956.029758742512	5867.961840653188	15579.530461609822	-15056.99829317422
-30	20	10.805	5509.911814407489	50.88615975831368	-0.46664972239039676	5.9434602126208755	5368.084320897344	28483.747271080516	15579.530461609822	-18600.69431706876
-30	10	10.805	6358.972382125673	47.59417260507815	-0.4581642048187741	5.996347304703653	5198.376528464103	46044.880970236976	15579.530461609822	-21588.42821744916
-30	5	10.805	6679.198610184414	46.23231687591485	-0.43719673749180893	6.091850250416146	3112.236283500122	78493.85725686721	15579.530461609822	-22873.24029189265
-30	2	10.805	6771.867180358521	45.495059727104454	-0.4301722939185909	6.119856461716514	2134.153975151018	90036.53439166852	15579.530461609822	-23244.219871243917
-30	0	10.805	6790.78563514976	45.01897858063805	-0.4280751048206561	6.125876495951593	1937.9775150542227	92109.04153229101	15579.530461609822	-23317.26369570481
-30	-2	10.805	6775.663997350029	44.54527673095539	-0.4281296869517679	6.122003096499477	2116.8967608541116	89764.5499016857	15579.530461609822	-23252.538955866068
-30	-5	10.805	6688.710956248782	43.82079800184361	-0.43264071697204204	6.096969747655643	3061.455881746485	77714.6916863939	15579.530461609822	-22896.546026653727
-30	-10	10.805	6376.76036100203	42.498102574638416	-0.45351278992627764	6.005260582065	5331.536359975804	46003.237983763436	15579.530461609822	-21651.54938770099
-30	-20	10.805	5524.5371184642045	39.21853369722136	-0.4850153687084149	5.962870341080772	5357.824348305886	28057.479458205016	15579.530461609822	-18791.551697870953
-30	-40	10.805	4519.301678895025	34.96377731394196	-0.27305520529809396	6.223788418629444	2956.0297587425125	5867.9618406531845	15579.530461609822	-15132.28039558678
-60	40	10.805	4186.565845258846	56.14097184640497	-0.5105337932746534	6.305000706279269	2424.500480202336	7154.40972925224	8922.06264933494	-23928.558566153057
-60	20	10.805	4764.803164166365	53.006974934568944	-1.0075775914280771	6.121357654544036	4541.0999447406775	41563.2032015484	8922.06264933494	-27659.873104006994
-60	10	10.805	5307.815713002752	49.317187166072586	-1.36740238614068	6.024041784190414	6241.227118790517	102631.76246460469	8922.06264933494	-31319.692359406366
-60	5	10.805	5454.861286725051	47.25342631356894	-1.4959831294020278	5.961104559802787	7076.528308675832	131227.100194695	8922.06264933494	-32240.736975715026
-60	2	10.805	5490.189886098802	45.915367621961245	-1.5452071119273334	5.940315422816261	8024.394699248751	143949.6797424887	8922.06264933494	-32485.82479508306
-60	0	10.805	5489.7414656552555	44.99238748219974	-1.5657284798571953	5.942938276076956	8207.981917026806	144132.01665838357	8922.06264933494	-32551.96967794784
-60	-2	10.805	5480.175815626589	44.08605111812584	-1.561451926304191	5.951886270584788	7860.2136361607845	139966.39631321272	8922.06264933494	-32525.99799583417
-60	-5	10.805	5448.143491936134	42.766416495944355	-1.5129953587755458	5.977198068658097	7041.67328021245	130828.7279716046	8922.06264933494	-32323.307141763467
-60	-10	10.805	5312.298098166425	40.73216009045542	-1.3799028899073134	6.043464338748271	6189.352100566633	101553.85629170996	8922.06264933494	-31468.699771246967
-60	-20	10.805	4778.173525875867	37.1101878675609	-1.0256324662253333	6.143889436812588	4546.016390423676	43377.470454698996	8922.06264933494	-27873.860209270264
-60	-40	10.805	4183.184139015696	33.86156557296826	-0.5109465112566219	6.346090426302223	2424.500480202337	7154.409729252233	8922.06264933494	-24058.950992432223
60	40	9.604444444444445	4084.5336012293587	56.49061232585023	0.5232870017597114	6.300067145168031	2424.5004802023395	7154.409729252238	8922.06264933494	23353.98131018937
60	20	9.604444444444445	4536.445414582298	53.712219443627845	1.067063681765451	6.095833053100095	4545.2056801260605	42496.72418039059	8922.06264933494	26368.89701342643
60	10	9.604444444444445	4977.1726393461095	49.84862876680858	1.5724228636008744	5.957792287589052	6906.483805463617	115291.50725845157	8922.06264933494	29593.327346747796
60	5	9.604444444444445	5083.782698027248	47.51452044871416	1.7867197232069079	5.902789485161352	7898.685868953959	140606.24301919315	8922.06264933494	30529.769918395526
60	2	9.604444444444445	5099.833733729278	46.00179873905427	1.8731221169471868	5.894161682318216	8564.287933488049	150946.92098979594	8922.06264933494	30808.375104152976
60	0	9.604444444444445	5101.073930518321	44.978486521682235	1.893797453664567	5.896081253952058	8355.127432658963	147628.8614437745	8922.06264933494	30877.080425572967
60	-2	9.604444444444445	5096.397405922365	43.982739771246194	1.8816585459618211	5.902229491054025	8170.999675765846	143466.46159711236	8922.06264933494	30844.976735130705
60	-5	9.604444444444445	5078.038856464145	42.522371305981785	1.805758970656668	5.919430620500862	7810.918909763586	139006.30326034394	8922.06264933494	30616.80019744014
60	-10	9.604444444444445	4983.167784581637	40.21863079306563	1.5867436606677001	5.978304819910511	6852.449718077254	114337.24515714892	8922.06264933494	29753.177670612942
60	-20	9.604444444444445	4546.253259385593	36.38597615026932	1.0823743076436252	6.12232225760412	4552.35204252956	45723.575211627154	8922.06264933494	26565.002372617364
60	-40	9.604444444444445	4081.15189498621	33.5114103245741	0.5237206055476468	6.3421800548672165	2424.5004802023395	7154.409729252237	8922.06264933494	23484.373736468548
30	40	9.604444444444445	4345.958354468839	55.649842674622505	0.2839463122019549	6.1729672823626975	2956.029758742511	5867.961840653184	15579.530461609818	14482.421037210539
30	20	9.604444444444445	5125.897213137083	52.104680503082946	0.5239723106455079	5.881948357739193	5425.989081779274	32288.823488614442	15579.530461609818	17401.12680475096
30	10	9.604444444444445	5902.675240099476	48.52149375459954	0.595352650939183	5.794337140528318	6730.93783065483	70755.01118218355	15579.530461609818	20144.408582076532
30	5	9.604444444444445	6195.8091256256375	46.74838484574016	0.649598197815	5.832670668777211	5984.717590554434	111418.94483444137	15579.530461609818	21554.624381779115
30	2	9.604444444444445	6289.377527682664	45.70414154208269	0.6686543151821691	5.849737855958558	4670.501779398189	119677.94196154262	15579.530461609818	22037.60496153835
30	0	9.604444444444445	6308.8941028839345	45.030357994419255	0.6713268189827251	5.853944785047697	4407.471616584684	121129.2960309303	15579.530461609818	22133.86207483325
30	-2	9.604444444444445	6294.370585494237	44.35944452229869	0.6663821869368232	5.8525240999407675	4641.05306070892	119408.83822900393	15579.530461609818	22051.48360155682
30	-5	9.604444444444445	6208.318002238972	43.33065389773303	0.6445520692110349	5.839385054053004	5905.222128855694	110696.60119476142	15579.530461609818	21591.8532618224
30	-10	9.604444444444445	5915.880619122353	41.559842341484064	0.5991386379234201	5.808920100863547	7101.203722544922	71844.55474222003	15579.530461609818	20252.0076436875
30	-20	9.604444444444445	5140.147888931007	38.00823433114369	0.5428156458991791	5.9029515619518556	5464.120075731891	33183.29852462021	15579.530461609818	17587.365120288894
30	-40	9.604444444444445	4342.576648225688	34.35340760869175	0.2841674304675547	6.212446002189716	2956.029758742511	5867.9618406531845	15579.530461609818	14557.703139623094
15	40	9.604444444444445	4417.309804482328	55.4239255924041	0.14460728087720726	6.140890869685493	3150.582977543434	5397.089232781089	11307.554100793299	7637.7911207219395
15	20	9.604444444444445	5297.301788631634	51.60065930336162	0.2556903203162933	5.824878592932758	5606.440376103993	30693.505390240032	11307.554100793299	9294.473021985948
15	10	9.604444444444445	6103.123875273286	48.274795479273195	0.27753888143061406	5.805398298832377	6562.767555166169	50055.734200015904	11307.554100793299	10806.371892932812
15	5	9.604444444444445	6436.68452253813	46.78203264323788	0.31503413694503835	5.894862713050789	7180.905509407681	96462.42923232193	11307.554100793299	11779.147785976522
15	2	9.604444444444445	6555.878637284348	45.76047009870568	0.3644411593744736	5.9352697164789925	7290.76484616493	131132.52405945898	11307.554100793299	12378.704942007986
15	0	9.604444444444445	6587.22064477213	45.02358246822124	0.3813294430709988	5.949735196853322	6609.362910961905	138645.53401419506	11307.554100793299	12570.002795412054
15	-2	9.604444444444445	6561.519855834087	44.29084716562149	0.36328974306697526	5.939066468229528	7247.225911681264	130800.71434441984	11307.554100793299	12388.506810876017
15	-5	9.604444444444445	6449.340052016374	43.28597717137924	0.31241392574028815	5.902810691493595	7131.435584771517	95448.11916211018	11307.554100793299	11799.251469782039
15	-10	9.604444444444445	6124.615685768556	41.84039936536985	0.2742880592033054	5.815976860944958	6504.06753374017	48946.14764915739	11307.554100793299	10841.963099885996
15	-20	9.604444444444445	5308.656691007822	38.49044511530502	0.27169070101212006	5.846862880368377	5757.732642102522	31859.02974036143	11307.554100793299	9426.648216498092
15	-40	9.604444444444445	4413.928098239175	34.57963176644577	0.14471807093396966	6.1797068381390785	3150.58297754343	5397.089232781078	11307.554100793299	7676.760004441395
10	40	9.604444444444445	4430.795761968464	55.381383563307395	0.09672534489406331	6.134944271365179	3189.739260248285	5302.320197010575	10622.265535754355	5142.283030966837
10	20	9.604444444444445	5332.056705507988	51.49126439402408	0.16874001163346472	5.812982334148907	5544.845345561465	30722.39400955427	10622.265535754355	6268.31393321527
10	10	9.604444444444445	6139.262271110054	48.23083429469005	0.1822702044490856	5.808975020206316	6502.2992463324335	45703.3580192045	10622.265535754355	7294.788302785544
10	5	9.604444444444445	6483.551604211063	46.82364394097532	0.20808078278381323	5.911299628509865	7537.789983564281	87014.26840643495	10622.265535754355	7983.884192895289
10	2	9.604444444444445	6596.716043863355	45.82398336195847	0.25396465707155697	5.943325441802128	8620.143534321276	137312.6796380331	10622.265535754355	8458.005832987223
10	0	9.604444444444445	6618.840894675819	45.022848757273486	0.26826711915785034	5.9481245987385245	10543.292109114942	161998.66347764473	10622.265535754355	8585.116744185521
10	-2	9.604444444444445	6602.777369961761	44.22500085821706	0.2532732789900387	5.9475562111017055	8585.939737990133	136902.86390733192	10622.265535754355	8466.132555694454
10	-5	9.604444444444445	6496.219037623649	43.24267215122256	0.2062631523819037	5.91941647785468	7483.843724768065	85499.84361073968	10622.265535754355	7997.010872216453
10	-10	9.604444444444445	6160.424520209944	41.88202676499432	0.18015443161282615	5.819643753233179	6446.945373714819	44640.449744445235	10622.265535754355	7318.510487535674
10	-20	9.604444444444445	5342.11305651898	38.59119336457519	0.18166500656360576	5.835338149862527	5839.691219164016	32247.688244853736	10622.265535754355	6368.872222038902
10	-40	9.604444444444445	4427.414055725314	34.622230602296106	0.09679922474776151	6.173637463827594	3189.7392602482846	5302.320197010569	10622.265535754355	5168.428230756591
5	40	9.604444444444445	4438.928610882207	55.35575191440013	0.048458463141425476	6.131375578105052	3213.7192739317757	5244.281930414185	10234.192365617175	2586.38018130979
5	20	9.604444444444445	5353.56202012436	51.42188961754288	0.08381719518283419	5.805609307195855	5481.193261361423	30950.923372383913	10234.192365617175	3155.873613258382
5	10	9.604444444444445	6160.563097599459	48.20587174976869	0.09033586139276042	5.811403737640082	6472.912968484774	43078.23104793062	10234.192365617175	3674.7100641193138
5	5	9.604444444444445	6512.1722673289305	46.85336211793971	0.10319304604876911	5.921989915310689	7674.874708071352	75742.47108801249	10234.192365617175	4030.6165192397557
5	2	9.604444444444445	6614.173456409227	45.863485863586426	0.13200998385678575	5.941484491933839	9738.6943421204	152463.7936224244	10234.192365617175	4294.861546062847
5	0	9.604444444444445	6618.84089467582	45.02284875727348	0.13310686560144466	5.930295904055095	10185.86551788245	160146.94725438824	10234.192365617175	4298.670408719014
5	-2	9.604444444444445	6620.637272272823	44.183585733166396	0.1317675234549726	5.946107621083151	9713.638107347684	151986.8206864381	10234.192365617175	4300.127308450915
5	-5	9.604444444444445	6524.744839987063	43.21235731840538	0.10229635398973354	5.930108607673215	7621.872420129401	74264.71651013706	10234.192365617175	4037.1865597646165
5	-10	9.604444444444445	6181.532640004317	41.905639141645736	0.08929282128157204	5.822119643474959	6419.452672732062	42042.65471070828	10234.192365617175	3686.5683799307985
5	-20	9.604444444444445	5363.029142912763	38.656279723436576	0.09128300640833958	5.827804404916557	5926.079852574952	33025.43413290864	10234.192365617175	3211.7157986016077
5	-40	9.604444444444445	4435.546904639052	34.64789632401981	0.04849540836844275	6.169995103403625	3213.7192739317748	5244.281930414187	10234.192365617175	2599.502716412531
2	40	9.604444444444445	4441.211368328858	55.34856072764367	0.019394094599711396	6.130376253516841	3220.499619404645	5227.8716187536465	10245.035389240702	1036.2648555776252
2	20	9.604444444444445	5359.735503433726	51.401605738830895	0.033491284711013036	5.803475592643033	5471.172870472773	31223.64999692933	10245.035389240702	1264.947210142075
2	10	9.604444444444445	6166.477479378599	48.199066687804276	0.03604625435617849	5.812119551032561	6465.576079002386	42341.20550780839	10245.035389240702	1472.9515920922668
2	5	9.604444444444445	6520.1346379708375	46.86183333457689	0.04118383617558372	5.924984189214228	7713.188501122962	72514.25766717845	10245.035389240702	1616.5872788658485
2	2	9.604444444444445	6615.550750440682	45.865571099449745	0.05315552544950452	5.937747179532794	10094.839061881976	159926.8763577415	10245.035389240702	1722.3423150113454
2	0	9.604444444444445	6618.840894675818	45.02284875727349	0.05312910249291628	5.925400887737021	10088.452168497954	159634.78496821516	10245.035389240702	1720.1721911436703
2	-2	9.604444444444445	6622.13103891096	44.18096381261762	0.05310270579232904	5.942483757964917	10094.839061881976	159926.8763577415	10245.035389240702	1724.8005773592215
2	-5	9.604444444444445	6532.680764447212	43.20372272340523	0.04082653660249453	5.933102864897694	7660.82455377985	71060.1114714075	10245.035389240702	1619.2161893359341
2	-10	9.604444444444445	6187.393721444974	41.912072632362	0.03563067087656077	5.82284778997659	6412.631418255853	41313.19320986636	10245.035389240702	1477.6945472618606
2	-20	9.604444444444445	5369.199520544931	38.676311895775136	0.03664677717233468	5.825429954882355	5984.535578890122	33636.392756743684	10245.035389240702	1288.2268137635676
2	-40	9.604444444444445	4437.829662085712	34.655097049575375	0.019408873249587996	6.168975151968931	3220.499619404645	5227.871618753639	10245.035389240702	1041.5194705474357
0	40	9.604444444444445	4441.646455332568	55.347190266751205	0.00000000000000010238260866992283	6.130185901672222	3221.7943980125997	5224.737896353665	10225.372951420271	0.0000000000004547473508864641
0	20	9.604444444444445	5360.919226898824	51.39769635570996	0.000000000000000005301648509792108	5.803064157681079	5475.044692621923	31432.30241042396	10225.372951420271	0.00000000000002842170943040401
0	10	9.604444444444445	6167.601588751939	48.19777951357404	-0.0000000000000003340964723568118	5.8122576234052685	6464.222027928707	42200.71769249696	10225.372951420271	-0.0000000000020605739337042905
0	5	9.604444444444445	6521.648755070085	46.86345426696883	-0.0000000000000003050639086598432	5.925554550735799	7720.506806518556	71896.61986335706	10225.372951420271	-0.0000000000019895196601282805
0	2	9.604444444444445	6615.552754707655	45.86505748061043	0.00000000000000007867408412303914	5.936802575688369	10076.164687278639	159829.45322574402	10225.372951420271	0.0000000000005204725539442734
0	0	9.604444444444445	6618.84089467582	45.02284875727348	0.000000000000000299913353352635	5.924473233166293	10070.026560000004	159537.53977039998	10225.372951420271	0.00000000000198507876802978
0	-2	9.604444444444445	6622.129034643985	44.18147641152754	0.00000000000000016175208434547475	5.9415372082213604	10076.164687278639	159829.4532257441	10225.372951420271	0.000000000001071143174158351
0	-5	9.604444444444445	6534.189860161161	43.20207081221538	0.00000000000000013837455761232303	5.933673206988741	7668.263722213994	70446.9449271722	10225.372951420271	0.0000000000009041656312547276
0	-10	9.604444444444445	6188.50771058474	41.91328934677509	0.00000000000000027211508210148465	5.822988169291917	6411.374877368634	41174.14179365239	10225.372951420271	0.0000000000016839862837514374
0	-20	9.604444444444445	5370.465502324182	38.680668585461966	-0.000000000000000014222853505185773	5.824897896191648	6003.234014359267	33800.7908463628	10225.372951420271	-0.00000000000007638334409421077
0	-40	9.604444444444445	4438.264749089415	34.656469327301295	-0.00000000000000042134928139703427	6.168780871202965	3221.7943980125997	5224.737896353667	10225.372951420271	-0.0000000000018700596626786137
-2	40	9.604444444444445	4441.211368328859	55.34856072764367	-0.019394094599710882	6.130376253516842	3220.4996194046444	5227.8716187536465	10245.035389240702	-1036.2648555776232
-2	20	9.604444444444445	5359.735503433725	51.401605738830895	-0.03349128471101354	5.803475592643034	5471.172870472771	31223.649996929307	10245.035389240702	-1264.9472101420777
-2	10	9.604444444444445	6166.477479378602	48.19906668780427	-0.03604625435617902	5.812119551032557	6465.576079002386	42341.20550780839	10245.035389240702	-1472.9515920922697
-2	5	9.604444444444445	6520.1346379708375	46.86183333457691	-0.04118383617558385	5.924984189214229	7713.1885011229615	72514.25766717843	10245.035389240702	-1616.5872788658496
-2	2	9.604444444444445	6615.550750440681	45.86557109944975	-0.05315552544950406	5.937747179532794	10094.839061881976	159926.87635774148	10245.035389240702	-1722.3423150113424
-2	0	9.604444444444445	6618.840894675823	45.02284875727345	-0.05312910249291626	5.92540088773702	10088.452168497952	159634.78496821513	10245.035389240702	-1720.172191143671
-2	-2	9.604444444444445	6622.131038910957	44.18096381261763	-0.053102705792328585	5.942483757964919	10094.839061881976	159926.8763577415	10245.035389240702	-1724.8005773592179
-2	-5	9.604444444444445	6532.680764447213	43.20372272340524	-0.04082653660249489	5.933102864897694	7660.824553779847	71060.11147140746	10245.035389240702	-1619.2161893359364
-2	-10	9.604444444444445	6187.3937214449725	41.912072632362	-0.035630670876560286	5.822847789976591	6412.631418255852	41313.19320986633	10245.035389240702	-1477.6945472618575
-2	-20	9.604444444444445	5369.199520544928	38.676311895775164	-0.03664677717233484	5.825429954882357	5984.5355788901215	33636.39275674366	10245.035389240702	-1288.2268137635683
-2	-40	9.604444444444445	4437.829662085712	34.65509704957537	-0.01940887324958745	6.1689751519689295	3220.499619404645	5227.871618753648	10245.035389240702	-1041.5194705474328
-5	40	9.604444444444445	4438.928610882207	55.35575191440013	-0.04845846314142558	6.131375578105051	3213.719273931775	5244.281930414179	10234.192365617177	-2586.38018130979
-5	20	9.604444444444445	5353.562020124361	51.421889617542874	-0.08381719518283422	5.805609307195851	5481.193261361422	30950.923372383928	10234.192365617177	-3155.8736132583817
-5	10	9.604444444444445	6160.563097599457	48.20587174976872	-0.0903358613927605	5.8114037376400836	6472.912968484775	43078.23104793066	10234.192365617177	-3674.7100641193147
-5	5	9.604444444444445	6512.1722673289305	46.853362117939746	-0.1031930460487696	5.921989915310693	7674.87470807135	75742.47108801245	10234.192365617177	-4030.6165192397607
-5	2	9.604444444444445	6614.173456409224	45.86348586358645	-0.13200998385678642	5.941484491933839	9738.6943421204	152463.7936224244	10234.192365617177	-4294.86154606285
-5	0	9.604444444444445	6618.840894675825	45.022848757273444	-0.13310686560144439	5.930295904055087	10185.86551788245	160146.94725438824	10234.192365617177	-4298.670408719011
-5	-2	9.604444444444445	6620.637272272823	44.183585733166396	-0.13176752345497317	5.946107621083152	9713.638107347682	151986.8206864381	10234.192365617177	-4300.127308450919
-5	-5	9.604444444444445	6524.744839987065	43.212357318405374	-0.10229635398973352	5.930108607673213	7621.872420129397	74264.71651013708	10234.192365617177	-4037.186559764617
-5	-10	9.604444444444445	6181.532640004314	41.90563914164575	-0.08929282128157136	5.822119643474959	6419.452672732063	42042.65471070829	10234.192365617177	-3686.5683799307926
-5	-20	9.604444444444445	5363.029142912761	38.65627972343659	-0.09128300640833958	5.827804404916555	5926.079852574955	33025.43413290866	10234.192365617177	-3211.7157986016055
-5	-40	9.604444444444445	4435.546904639052	34.647896324019804	-0.048495408368442745	6.169995103403622	3213.7192739317734	5244.281930414178	10234.192365617177	-2599.5027164125295
-10	40	9.604444444444445	4430.795761968464	55.381383563307395	-0.0967253448940632	6.134944271365178	3189.7392602482855	5302.320197010575	10622.265535754357	-5142.283030966835
-10	20	9.604444444444445	5332.056705507989	51.49126439402405	-0.16874001163346572	5.812982334148903	5544.845345561466	30722.394009554286	10622.265535754357	-6268.313933215271
-10	10	9.604444444444445	6139.262271110053	48.23083429469007	-0.1822702044490857	5.808975020206317	6502.299246332432	45703.35801920444	10622.265535754357	-7294.788302785543
-10	5	9.604444444444445	6483.551604211061	46.82364394097532	-0.2080807827838137	5.911299628509867	7537.789983564281	87014.26840643499	10622.265535754357	-7983.884192895291
-10	2	9.604444444444445	6596.716043863356	45.82398336195845	-0.2539646570715564	5.943325441802124	8620.14353432128	137312.67963803315	10622.265535754357	-8458.005832987219
-10	0	9.604444444444445	6618.840894675823	45.022848757273465	-0.2682671191578497	5.948124598738523	10543.292109114938	161998.66347764473	10622.265535754357	-8585.116744185516
-10	-2	9.604444444444445	6602.77736996176	44.22500085821705	-0.2532732789900389	5.947556211101707	8585.939737990127	136902.8639073318	10622.265535754357	-8466.132555694456
-10	-5	9.604444444444445	6496.21903762365	43.242672151222536	-0.20626315238190357	5.919416477854677	7483.843724768066	85499.84361073967	10622.265535754357	-7997.01087221645
-10	-10	9.604444444444445	6160.424520209945	41.882026764994315	-0.1801544316128258	5.819643753233179	6446.945373714818	44640.44974444524	10622.265535754357	-7318.510487535674
-10	-20	9.604444444444445	5342.11305651898	38.5911933645752	-0.1816650065636061	5.835338149862524	5839.691219164019	32247.688244853758	10622.265535754357	-6368.8722220389
-10	-40	9.604444444444445	4427.414055725312	34.62223060229613	-0.0967992247477614	6.173637463827595	3189.7392602482837	5302.320197010573	10622.265535754357	-5168.428230756588
-15	40	9.604444444444445	4417.309804482328	55.4239255924041	-0.14460728087720706	6.140890869685492	3150.5829775434318	5397.08923278108	11307.554100793297	-7637.791120721938
-15	20	9.604444444444445	5297.301788631636	51.60065930336156	-0.2556903203162934	5.824878592932758	5606.440376103994	30693.505390240032	11307.554100793297	-9294.47302198595
-15	10	9.604444444444445	6103.123875273289	48.27479547927317	-0.2775388814306142	5.805398298832376	6562.767555166168	50055.7342000159	11307.554100793297	-10806.371892932817
-15	5	9.604444444444445	6436.6845225381285	46.78203264323788	-0.315034136945038	5.89486271305079	7180.905509407686	96462.42923232201	11307.554100793297	-11779.147785976516
-15	2	9.604444444444445	6555.878637284348	45.760470098705696	-0.36444115937447435	5.935269716478991	7290.764846164929	131132.52405945893	11307.554100793297	-12378.704942007987
-15	0	9.604444444444445	6587.220644772134	45.023582468221214	-0.38132944307099853	5.949735196853319	6609.362910961906	138645.5340141951	11307.554100793297	-12570.002795412052
-15	-2	9.604444444444445	6561.519855834087	44.29084716562148	-0.36328974306697465	5.939066468229528	7247.225911681265	130800.71434441986	11307.554100793297	-12388.506810876013
-15	-5	9.604444444444445	6449.340052016374	43.28597717137923	-0.31241392574028776	5.902810691493596	7131.435584771516	95448.11916211018	11307.554100793297	-11799.251469782037
-15	-10	9.604444444444445	6124.615685768556	41.84039936536984	-0.27428805920330485	5.815976860944959	6504.067533740171	48946.147649157385	11307.554100793297	-10841.963099885994
-15	-20	9.604444444444445	5308.656691007821	38.49044511530503	-0.27169070101212006	5.846862880368375	5757.732642102521	31859.029740361402	11307.554100793297	-9426.648216498088
-15	-40	9.604444444444445	4413.928098239175	34.57963176644577	-0.14471807093396924	6.179706838139079	3150.582977543429	5397.0892327810725	11307.554100793297	-7676.760004441394
-30	40	9.604444444444445	4345.958354468839	55.6498426746225	-0.2839463122019544	6.172967282362697	2956.02975874251	5867.961840653184	15579.530461609822	-14482.421037210535
-30	20	9.604444444444445	5125.897213137084	52.10468050308294	-0.5239723106455076	5.8819483577391924	5425.989081779273	32288.82348861442	15579.530461609822	-17401.12680475096
-30	10	9.604444444444445	5902.6752400994765	48.52149375459956	-0.5953526509391829	5.794337140528319	6730.937830654834	70755.0111821836	15579.530461609822	-20144.40858207654
-30	5	9.604444444444445	6195.809125625639	46.74838484574016	-0.6495981978149992	5.832670668777207	5984.717590554432	111418.94483444143	15579.530461609822	-21554.624381779107
-30	2	9.604444444444445	6289.377527682663	45.70414154208268	-0.668654315182169	5.8497378559585576	4670.50177939819	119677.94196154262	15579.530461609822	-22037.60496153834
-30	0	9.604444444444445	6308.894102883933	45.030357994419255	-0.6713268189827257	5.853944785047699	4407.471616584682	121129.2960309303	15579.530461609822	-22133.862074833254
-30	-2	9.604444444444445	6294.37058549424	44.35944452229867	-0.6663821869368228	5.852524099940765	4641.05306070892	119408.83822900393	15579.530461609822	-22051.48360155682
-30	-5	9.604444444444445	6208.318002238975	43.330653897733015	-0.6445520692110347	5.839385054053001	5905.2221288556975	110696.60119476145	15579.530461609822	-21591.8532618224
-30	-10	9.604444444444445	5915.880619122351	41.55984234148404	-0.5991386379234214	5.808920100863547	7101.203722544927	71844.55474222012	15579.530461609822	-20252.0076436875
-30	-20	9.604444444444445	5140.1478889310065	38.0082343311437	-0.5428156458991794	5.902951561951857	5464.120075731891	33183.2985246202	15579.530461609822	-17587.365120288898
-30	-40	9.604444444444445	4342.576648225688	34.35340760869175	-0.2841674304675552	6.212446002189718	2956.0297587425125	5867.9618406531845	15579.530461609822	-14557.7031396231
-60	40	9.604444444444445	4084.533601229359	56.49061232585022	-0.5232870017597108	6.300067145168031	2424.5004802023373	7154.409729252236	8922.06264933494	-23353.98131018937
-60	20	9.604444444444445	4536.445414582297	53.712219443627866	-1.0670636817654513	6.095833053100098	4545.20568012606	42496.724180390585	8922.06264933494	-26368.897013426442
-60	10	9.604444444444445	4977.172639346109	49.84862876680856	-1.5724228636008737	5.9577922875890525	6906.483805463613	115291.50725845154	8922.06264933494	-29593.327346747796
-60	5	9.604444444444445	5083.7826980272475	47.51452044871416	-1.7867197232069065	5.902789485161355	7898.685868953955	140606.2430191931	8922.06264933494	-30529.769918395526
-60	2	9.604444444444445	5099.833733729278	46.00179873905427	-1.873122116947185	5.894161682318215	8564.287933488047	150946.920989796	8922.06264933494	-30808.375104152965
-60	0	9.604444444444445	5101.073930518321	44.978486521682235	-1.893797453664567	5.896081253952058	8355.127432658954	147628.8614437745	8922.06264933494	-30877.080425572967
-60	-2	9.604444444444445	5096.3974059223665	43.982739771246194	-1.88165854596182	5.902229491054024	8170.999675765834	143466.46159711236	8922.06264933494	-30844.97673513071
-60	-5	9.604444444444445	5078.038856464144	42.52237130598179	-1.8057589706566686	5.919430620500858	7810.918909763581	139006.30326034396	8922.06264933494	-30616.80019744012
-60	-10	9.604444444444445	4983.167784581634	40.21863079306564	-1.5867436606677012	5.9783048199105115	6852.4497180772505	114337.24515714892	8922.06264933494	-29753.177670612935
-60	-20	9.604444444444445	4546.253259385592	36.38597615026933	-1.0823743076436254	6.12232225760412	4552.352042529559	45723.57521162715	8922.06264933494	-26565.002372617357
-60	-40	9.604444444444445	4081.15189498621	33.51141032457409	-0.5237206055476469	6.342180054867214	2424.5004802023373	7154.4097292522365	8922.06264933494	-23484.37373646854
60	40	8.40388888888889	3982.501357199871	56.83984026366263	0.536693688229379	6.294880786999826	2424.500480202338	7154.409729252242	8922.06264933494	22779.40405422568
60	20	8.40388888888889	4306.758564864176	54.414765697414076	1.1316105286082618	6.068729946552087	4548.453740357741	43429.7492767223	8922.06264933494	25071.70698417734
60	10	8.40388888888889	4629.099319553584	50.417387109692825	1.7874431240022146	5.886157118172934	7585.892001416946	126409.04319705574	8922.06264933494	27734.24478534687
60	5	8.40388888888889	4699.645644918369	47.774421620261876	2.0917172259458665	5.844512150727641	8548.4017045606	148104.76656202512	8922.06264933494	28702.402486539766
60	2	8.40388888888889	4706.353253174288	46.096357507317435	2.2031159624142993	5.843287247511232	8569.889385515484	151069.5800920929	8922.06264933494	29000.516644784617
60	0	8.40388888888889	4709.272410836922	44.97844871916461	2.223335200022162	5.843901982582458	8466.21587906062	150076.58090761068	8922.06264933494	29068.620527803745
60	-2	8.40388888888889	4708.997719203719	43.87824911859605	2.203413103723893	5.847208737931059	8328.306945155122	146484.9332593495	8922.06264933494	29033.503721066212
60	-5	8.40388888888889	4697.7973404139075	42.2698147633404	2.107923064536095	5.860082013389109	8250.810491472705	142697.87411300052	8922.06264933494	28792.524721798953
60	-10	8.40388888888889	4636.376917822397	39.67200246650818	1.8043676493095129	5.907913855302758	7535.388396984607	125611.15824372448	8922.06264933494	27904.439266761605
60	-20	8.40388888888889	4312.033160135749	35.65412691776832	1.1426353645834217	6.100533939534162	4555.717020958246	47176.46488301912	8922.06264933494	25244.949275267012
60	-40	8.40388888888889	3979.1196509567208	33.16164156909437	0.5371498042940738	6.338069144615836	2424.500480202336	7154.409729252229	8922.06264933494	22909.796480504847
30	40	8.40388888888889	4169.233323799501	56.25858853352365	0.29598219909892626	6.158999083629716	2956.029758742511	5867.961840653177	15579.530461609818	13907.843781246853
30	20	8.40388888888889	4732.577775751863	53.353326807236215	0.5841176668655444	5.817583160423125	5453.176264610494	34481.64516469765	15579.530461609818	16160.107674530378
30	10	8.40388888888889	5354.733674973444	49.581615170232034	0.7664769995902099	5.561217157059173	8441.697427217978	100417.72385068957	15579.530461609818	18443.829310513243
30	5	8.40388888888889	5587.85943494362	47.37951493191385	0.8748407660179536	5.503771232152244	8980.42954370121	135345.63035579608	15579.530461609818	19610.704129604557
30	2	8.40388888888889	5675.723703808484	45.972879740854886	0.9203724339450178	5.503447181149929	8727.250886824879	149099.96111975517	15579.530461609818	20141.948681084614
30	0	8.40388888888889	5695.838399419793	45.04761768055867	0.9289146130924555	5.505788997298093	8394.87152220746	150149.55052956947	15579.530461609818	20262.137159994694
30	-2	8.40388888888889	5681.913002440129	44.126054255454164	0.9180971067837819	5.5070044303076555	8682.291377874359	148832.23654269605	15579.530461609818	20162.823030061725
30	-5	8.40388888888889	5602.088074373701	42.73294477203783	0.8706982989572181	5.512300959246393	9135.06909984849	136864.89123607977	15579.530461609818	19664.434576173568
30	-10	8.40388888888889	5362.929688632721	40.48613508530662	0.7809789006828938	5.583285891021509	8716.500013469793	101421.13338906021	15579.530461609818	18598.589283790025
30	-20	8.40388888888889	4741.316324706251	36.73338200401928	0.5983878903237081	5.8439113465941395	5528.213506467282	37202.13099004123	15579.530461609818	16310.956880453734
30	-40	8.40388888888889	4165.851617556347	33.743815955495236	0.2962224680625009	6.200141242835648	2956.029758742511	5867.961840653181	15579.530461609818	13983.125883659404
15	40	8.40388888888889	4220.198645237707	56.104169893762005	0.15136139630281287	6.12400133417745	3150.5829775434313	5397.089232781082	11307.554100793299	7306.058787321067
15	20	8.40388888888889	4856.47661211066	53.02253080973831	0.2945061982705125	5.751041894777865	5741.59353252255	33278.506759193166	11307.554100793299	8610.291736622323
15	10	8.40388888888889	5530.009536727662	49.4155366935473	0.3655889825881437	5.523929875576064	7741.35219862566	80318.63368685707	11307.554100793299	9859.067431577882
15	5	8.40388888888889	5741.860653779969	47.4287523890035	0.4388379216653531	5.449975991789269	9342.215463436425	137556.09157826402	11307.554100793299	10533.113006343152
15	2	8.40388888888889	5782.2944479459	46.04025597940462	0.46606989443306507	5.400514649455592	10962.555853909804	162570.54640293887	11307.554100793299	10685.3620703751
15	0	8.40388888888889	5786.222001342489	45.04484320599992	0.4663242239730729	5.385504277027689	11173.758527104384	165165.4148055214	11307.554100793299	10671.562136004646
15	-2	8.40388888888889	5789.051765369058	44.0508309563453	0.4654712571152909	5.405282284016276	10948.563471852032	162406.21725126888	11307.554100793299	10701.645191540036
15	-5	8.40388888888889	5757.371680946746	42.67490795433991	0.4364668631381083	5.460096566240553	9301.306262332679	136856.99164021836	11307.554100793299	10563.46202128935
15	-10	8.40388888888889	5554.1233638915055	40.72949462832447	0.3632729482338361	5.537127428168927	7930.847323543556	81007.43239966549	11307.554100793299	9908.604714535648
15	-20	8.40388888888889	4860.036278445784	37.02772152410787	0.30293621526476455	5.78035235709882	5908.8441627027605	35604.46229739676	11307.554100793299	8693.045761010875
15	-40	8.40388888888889	4216.816938994554	33.89846883603044	0.15148278164779122	6.164618174046914	3150.5829775434318	5397.089232781075	11307.554100793299	7345.027671040525
10	40	8.40388888888889	4229.831472013517	56.075175256734106	0.1013208802920798	6.117481264502447	3189.7392602482855	5302.320197010572	10622.265535754355	4915.364750535786
10	20	8.40388888888889	4881.197698159558	52.95258246619036	0.1968145924974954	5.737774466486628	5827.061384781312	33438.44638222234	10622.265535754355	5809.497123584192
10	10	8.40388888888889	5561.415680160717	49.38980559979507	0.24194922754542625	5.5193003448006435	7864.444533165978	77672.14947244621	10622.265535754355	6655.290096462968
10	5	8.40388888888889	5764.290736692592	47.449630557337755	0.2961227150731123	5.437215588599587	9545.672854576502	143454.94984206287	10622.265535754355	7123.432813915476
10	2	8.40388888888889	5782.883136515211	46.023196326674274	0.3070470796421534	5.365030661064428	10555.864552356341	162295.08016856835	10622.265535754355	7136.136440416557
10	0	8.40388888888889	5786.222001342487	45.04484320599994	0.30686990208237414	5.350083399067608	10543.292109114938	161998.6634776447	10622.265535754355	7124.228505510123
10	-2	8.40388888888889	5789.560866169772	44.06761852628984	0.30669292888072786	5.36980445599687	10555.864552356337	162295.0801685684	10622.265535754355	7147.156917939106
10	-5	8.40388888888889	5780.095086285996	42.65102817798738	0.29458801679478436	5.447891903211485	9510.737984442729	142638.96825492414	10622.265535754355	7144.943528859588
10	-10	8.40388888888889	5586.876170884234	40.76143073296924	0.23920975357113788	5.53207176460785	7816.0226094020745	76208.92638320087	10622.265535754355	6683.076030125891
10	-20	8.40388888888889	4882.300388277043	37.08153534835233	0.20236955854587174	5.76883960980622	5994.748890172827	35197.62717006007	10622.265535754355	5863.85561374723
10	-40	8.40388888888889	4226.449765770368	33.92750695819596	0.1014019500959184	6.158000314509051	3189.739260248285	5302.320197010574	10622.265535754355	4941.50995032554
5	40	8.40388888888889	4235.640649809047	56.057718723770634	0.050784208638556996	6.1135636027112294	3213.719273931773	5244.28193041418	10234.192365617175	2471.17075097327
5	20	8.40388888888889	4896.644888420203	52.90729040110878	0.09845524672367448	5.729358857871632	5877.265749688019	33645.94887889895	10234.192365617175	2925.3884607510004
5	10	8.40388888888889	5580.868606935686	49.370794160338015	0.12009892550216175	5.516573800386465	7808.893163036844	74813.68726558937	10234.192365617175	3350.993487987246
5	5	8.40388888888889	5775.678939381053	47.46121857970672	0.150470677831383	5.427609823829558	9837.082608562298	152975.1438390563	10234.192365617175	3597.9329564602863
5	2	8.40388888888889	5782.921301213823	46.012006935808294	0.15234742434071108	5.344257882757761	10193.569988531068	160439.9757717084	10234.192365617175	3571.2457189780102
5	0	8.40388888888889	5786.222001342487	45.04484320599994	0.15226051907454524	5.329689212076161	10185.86551788245	160146.94725438821	10234.192365617175	3565.436111510951
5	-2	8.40388888888889	5789.5227014711545	44.0787822674274	0.15217371290056234	5.3490008280073384	10193.569988531064	160439.97577170833	10234.192365617175	3576.71378090473
5	-5	8.40388888888889	5791.855006676198	42.63689503736343	0.14975247932744365	5.438833986675884	9807.31440482495	152089.00062957933	10234.192365617175	3609.5317750196473
5	-10	8.40388888888889	5606.141321090289	40.77884964821739	0.11874531877057042	5.529444590215838	7755.37907380971	73312.51363853659	10234.192365617175	3364.8974415248285
5	-20	8.40388888888889	4895.692909111886	37.113673184905004	0.10129343311013546	5.761979233788299	6039.816573982269	34812.3601184007	10234.192365617175	2952.5804520739157
5	-40	8.40388888888889	4232.258943565891	33.94498959648481	0.050824786797335986	6.1540239061358655	3213.7192739317725	5244.281930414181	10234.192365617175	2484.2932860760106
2	40	8.40388888888889	4237.27119084237	56.05282286528822	0.02032753381488457	6.112465909928562	3220.499619404646	5227.871618753646	10245.035389240702	989.9838999677155
2	20	8.40388888888889	4901.059945521607	52.894108908014566	0.03937838441117758	5.726939233757218	5883.620100723989	33696.20722399688	10245.035389240702	1172.4398579919887
2	10	8.40388888888889	5586.26569734543	49.36569957634672	0.04794286461879946	5.515862874443219	7792.41912061162	73993.08341108593	10245.035389240702	1343.019259518374
2	5	8.40388888888889	5777.891260383817	47.461886582690546	0.06077430900831735	5.423837416761088	10056.990098141681	159949.41012446512	10245.035389240702	1444.6258308890397
2	2	8.40388888888889	5782.931857107352	46.00891211185328	0.06080878782020404	5.338554647574962	10094.839061881978	159926.87635774157	10245.035389240702	1428.8734918826212
2	0	8.40388888888889	5786.222001342488	45.04484320599993	0.06077421090928593	5.324089818520468	10088.452168497948	159634.78496821513	10245.035389240702	1426.565514970164
2	-2	8.40388888888889	5789.512145577623	44.081870049036326	0.060739673298060244	5.343288915367093	10094.839061881978	159926.8763577415	10245.035389240702	1431.0560481409264
2	-5	8.40388888888889	5794.312193263745	42.63494597182475	0.06054196094838589	5.435372767529597	10032.117672467055	159281.66216072845	10245.035389240702	1449.7186841593625
2	-10	8.40388888888889	5611.485111161548	40.78349883242389	0.04740352123407662	5.528760665064871	7739.465906721158	72499.0535026473	10245.035389240702	1348.58357611196
2	-20	8.40388888888889	4899.4519702956695	37.12268376806587	0.04052948729534641	5.760060379594773	6052.559455196739	34703.425914106934	10245.035389240702	1183.3548651263459
2	-40	8.40388888888889	4233.889484599223	33.94989276631041	0.02034376989007169	6.1529097546667515	3220.4996194046466	5227.8716187536465	10245.035389240702	995.238514937522
0	40	8.40388888888889	4237.581967273591	56.05188992256669	-0.0000000000000001073129332714815	6.112256788687704	3221.7943980126	5224.737896353664	10225.372951420271	-0.0000000000004547473508864641
0	20	8.40388888888889	4901.904644233414	52.89157722528882	-0.00000000000000017974094893482187	5.72647599261468	5884.622438665186	33705.8896894131	10225.372951420271	-0.0000000000008810729923425242
0	10	8.40388888888889	5587.29121247159	49.364740758118145	-0.00000000000000024162535056893723	5.515730023003242	7789.33400486724	73836.65648937217	10225.372951420271	-0.0000000000013500311979441904
0	5	8.40388888888889	5777.984068001157	47.460766531353016	0.0000000000000000062255668368948975	5.422748350330512	10108.492425516404	161372.75462708581	10225.372951420271	0.00000000000003597122599785507
0	2	8.40388888888889	5782.933861374321	46.00832449319769	0.00000000000000004392563258087615	5.337473832541109	10076.164687278642	159829.4532257441	10225.372951420271	0.0000000000002540190280342358
0	0	8.40388888888889	5786.222001342486	45.04484320599993	-0.000000000000000009056432115834695	5.323028677415363	10070.026560000002	159537.5397704	10225.372951420271	-0.00000000000005240252676230739
0	-2	8.40388888888889	5789.510141310652	44.08245633309687	0.000000000000000008437641854177333	5.342206445676369	10076.164687278639	159829.453225744	10225.372951420271	0.00000000000004884981308350688
0	-5	8.40388888888889	5794.459934683818	42.635789275046456	-0.00000000000000022087737549568855	5.43435259441614	10108.492425516399	161372.75462708576	10225.372951420271	-0.0000000000012798651027878805
0	-10	8.40388888888889	5612.500506054135	40.78437320807108	0.0000000000000005434306313131246	5.528632894905105	7736.486854307169	72343.9834091401	10225.372951420271	0.00000000000305000469325023
0	-20	8.40388888888889	4900.168436545551	37.12440066471018	-0.00000000000000010249951666855357	5.759694985539122	6054.99284300363	34682.62377681779	10225.372951420271	-0.0000000000005022648963404208
0	-40	8.40388888888889	4234.200261030439	33.95082710175923	0.0000000000000004820353036335083	6.152697497962397	3221.794398012598	5224.737896353656	10225.372951420271	0.0000000000020410340084708878
-2	40	8.40388888888889	4237.271190842369	56.05282286528824	-0.02032753381488393	6.112465909928563	3220.499619404645	5227.871618753639	10245.035389240702	-989.9838999677127
-2	20	8.40388888888889	4901.059945521607	52.89410890801456	-0.03937838441117748	5.726939233757217	5883.620100723989	33696.20722399688	10245.035389240702	-1172.4398579919882
-2	10	8.40388888888889	5586.265697345434	49.365699576346664	-0.047942864618799604	5.515862874443215	7792.41912061162	73993.08341108594	10245.035389240702	-1343.0192595183748
-2	5	8.40388888888889	5777.891260383819	47.46188658269052	-0.060774309008317776	5.423837416761087	10056.990098141683	159949.41012446515	10245.035389240702	-1444.6258308890424
-2	2	8.40388888888889	5782.931857107352	46.0089121118533	-0.06080878782020378	5.338554647574962	10094.839061881978	159926.87635774145	10245.035389240702	-1428.8734918826199
-2	0	8.40388888888889	5786.2220013424885	45.04484320599992	-0.06077421090928544	5.324089818520466	10088.45216849795	159634.78496821507	10245.035389240702	-1426.565514970161
-2	-2	8.40388888888889	5789.512145577625	44.081870049036304	-0.060739673298060314	5.343288915367093	10094.839061881978	159926.87635774157	10245.035389240702	-1431.056048140927
-2	-5	8.40388888888889	5794.312193263745	42.63494597182474	-0.060541960948386125	5.435372767529596	10032.117672467055	159281.6621607284	10245.035389240702	-1449.7186841593636
-2	-10	8.40388888888889	5611.48511116155	40.783498832423874	-0.04740352123407674	5.528760665064868	7739.465906721158	72499.05350264728	10245.035389240702	-1348.5835761119604
-2	-20	8.40388888888889	4899.4519702956695	37.12268376806586	-0.04052948729534641	5.7600603795947745	6052.559455196739	34703.42591410693	10245.035389240702	-1183.354865126346
-2	-40	8.40388888888889	4233.889484599221	33.949892766310434	-0.02034376989007192	6.152909754666751	3220.499619404646	5227.871618753642	10245.035389240702	-995.2385149375224
-5	40	8.40388888888889	4235.640649809048	56.05771872377062	-0.05078420863855677	6.1135636027112294	3213.719273931773	5244.281930414177	10234.192365617177	-2471.1707509732696
-5	20	8.40388888888889	4896.644888420202	52.90729040110878	-0.09845524672367477	5.729358857871633	5877.265749688017	33645.948878899006	10234.192365617177	-2925.388460751002
-5	10	8.40388888888889	5580.868606935685	49.370794160338	-0.12009892550216258	5.516573800386466	7808.893163036846	74813.68726558937	10234.192365617177	-3350.9934879872512
-5	5	8.40388888888889	5775.678939381057	47.46121857970667	-0.15047067783138285	5.4276098238295525	9837.082608562298	152975.14383905628	10234.192365617177	-3597.9329564602854
-5	2	8.40388888888889	5782.921301213823	46.012006935808266	-0.15234742434071094	5.344257882757761	10193.569988531068	160439.9757717084	10234.192365617177	-3571.245718978009
-5	0	8.40388888888889	5786.222001342489	45.04484320599991	-0.15226051907454508	5.329689212076159	10185.86551788245	160146.94725438821	10234.192365617177	-3565.436111510951
-5	-2	8.40388888888889	5789.522701471151	44.07878226742743	-0.15217371290056175	5.34900082800734	10193.569988531068	160439.9757717084	10234.192365617177	-3576.7137809047254
-5	-5	8.40388888888889	5791.855006676197	42.63689503736343	-0.14975247932744332	5.438833986675885	9807.31440482495	152089.00062957933	10234.192365617177	-3609.5317750196455
-5	-10	8.40388888888889	5606.141321090288	40.7788496482174	-0.11874531877057054	5.529444590215839	7755.379073809711	73312.51363853665	10234.192365617177	-3364.8974415248294
-5	-20	8.40388888888889	4895.6929091118855	37.11367318490499	-0.10129343311013508	5.761979233788301	6039.816573982269	34812.36011840067	10234.192365617177	-2952.5804520739134
-5	-40	8.40388888888889	4232.258943565892	33.944989596484795	-0.05082478679733604	6.154023906135866	3213.719273931773	5244.281930414181	10234.192365617177	-2484.293286076011
-10	40	8.40388888888889	4229.831472013515	56.07517525673411	-0.10132088029207985	6.117481264502449	3189.7392602482846	5302.320197010565	10622.265535754357	-4915.364750535785
-10	20	8.40388888888889	4881.197698159558	52.95258246619036	-0.19681459249749578	5.737774466486629	5827.061384781311	33438.44638222235	10622.265535754357	-5809.497123584195
-10	10	8.40388888888889	5561.415680160714	49.389805599795075	-0.2419492275454262	5.519300344800645	7864.444533165979	77672.14947244621	10622.265535754357	-6655.290096462966
-10	5	8.40388888888889	5764.290736692593	47.44963055733775	-0.2961227150731121	5.437215588599584	9545.672854576502	143454.94984206287	10622.265535754357	-7123.432813915473
-10	2	8.40388888888889	5782.883136515207	46.0231963266743	-0.3070470796421534	5.36503066106443	10555.864552356341	162295.08016856838	10622.265535754357	-7136.136440416553
-10	0	8.40388888888889	5786.2220013424885	45.04484320599991	-0.3068699020823738	5.350083399067608	10543.29210911494	161998.6634776447	10622.265535754357	-7124.228505510122
-10	-2	8.40388888888889	5789.56086616977	44.067618526289834	-0.3066929288807276	5.369804455996872	10555.86455235634	162295.0801685684	10622.265535754357	-7147.156917939103
-10	-5	8.40388888888889	5780.095086285997	42.65102817798738	-0.294588016794785	5.447891903211484	9510.737984442729	142638.96825492423	10622.265535754357	-7144.943528859591
-10	-10	8.40388888888889	5586.876170884231	40.761430732969266	-0.23920975357113783	5.532071764607852	7816.022609402073	76208.92638320087	10622.265535754357	-6683.076030125888
-10	-20	8.40388888888889	4882.3003882770445	37.08153534835233	-0.20236955854587244	5.768839609806217	5994.748890172827	35197.62717006011	10622.265535754357	-5863.855613747232
-10	-40	8.40388888888889	4226.449765770367	33.92750695819598	-0.10140195009591887	6.158000314509052	3189.7392602482846	5302.320197010572	10622.265535754357	-4941.5099503255415
-15	40	8.40388888888889	4220.198645237706	56.104169893762005	-0.15136139630281245	6.12400133417745	3150.5829775434327	5397.089232781082	11307.554100793297	-7306.058787321063
-15	20	8.40388888888889	4856.47661211066	53.0225308097383	-0.2945061982705126	5.751041894777864	5741.593532522549	33278.50675919317	11307.554100793297	-8610.291736622321
-15	10	8.40388888888889	5530.009536727661	49.41553669354731	-0.3655889825881435	5.523929875576066	7741.352198625661	80318.63368685704	11307.554100793297	-9859.067431577882
-15	5	8.40388888888889	5741.860653779968	47.42875238900351	-0.43883792166535296	5.449975991789269	9342.215463436421	137556.09157826402	11307.554100793297	-10533.11300634315
-15	2	8.40388888888889	5782.294447945904	46.04025597940462	-0.46606989443306446	5.400514649455588	10962.555853909807	162570.54640293893	11307.554100793297	-10685.3620703751
-15	0	8.40388888888889	5786.222001342487	45.04484320599994	-0.46632422397307316	5.385504277027691	11173.75852710438	165165.4148055214	11307.554100793297	-10671.562136004646
-15	-2	8.40388888888889	5789.051765369058	44.050830956345294	-0.46547125711529114	5.405282284016275	10948.563471852032	162406.21725126888	11307.554100793297	-10701.645191540036
-15	-5	8.40388888888889	5757.371680946744	42.67490795433992	-0.43646686313810834	5.460096566240555	9301.306262332679	136856.99164021836	11307.554100793297	-10563.46202128935
-15	-10	8.40388888888889	5554.123363891503	40.729494628324474	-0.3632729482338362	5.5371274281689296	7930.847323543556	81007.43239966551	11307.554100793297	-9908.604714535648
-15	-20	8.40388888888889	4860.036278445785	37.027721524107854	-0.3029362152647649	5.780352357098819	5908.844162702761	35604.46229739679	11307.554100793297	-8693.045761010877
-15	-40	8.40388888888889	4216.816938994554	33.89846883603044	-0.15148278164779078	6.164618174046913	3150.582977543432	5397.089232781085	11307.554100793297	-7345.027671040522
-30	40	8.40388888888889	4169.233323799501	56.25858853352364	-0.2959821990989265	6.158999083629716	2956.029758742513	5867.961840653181	15579.530461609822	-13907.843781246853
-30	20	8.40388888888889	4732.577775751861	53.35332680723622	-0.5841176668655448	5.817583160423127	5453.176264610493	34481.64516469769	15579.530461609822	-16160.107674530376
-30	10	8.40388888888889	5354.733674973444	49.581615170232055	-0.7664769995902095	5.5612171570591755	8441.697427217978	100417.7238506896	15579.530461609822	-18443.829310513247
-30	5	8.40388888888889	5587.859434943618	47.37951493191387	-0.8748407660179535	5.503771232152245	8980.429543701212	135345.63035579608	15579.530461609822	-19610.704129604557
-30	2	8.40388888888889	5675.723703808487	45.972879740854864	-0.920372433945017	5.503447181149925	8727.250886824884	149099.96111975526	15579.530461609822	-20141.94868108461
-30	0	8.40388888888889	5695.838399419793	45.04761768055867	-0.9289146130924564	5.505788997298093	8394.871522207459	150149.55052956945	15579.530461609822	-20262.137159994698
-30	-2	8.40388888888889	5681.913002440131	44.12605425545415	-0.9180971067837819	5.507004430307655	8682.291377874359	148832.2365426961	15579.530461609822	-20162.823030061725
-30	-5	8.40388888888889	5602.088074373702	42.73294477203781	-0.8706982989572175	5.5123009592463905	9135.069099848499	136864.89123607974	15579.530461609822	-19664.43457617356
-30	-10	8.40388888888889	5362.929688632722	40.48613508530661	-0.7809789006828938	5.583285891021507	8716.500013469791	101421.1333890602	15579.530461609822	-18598.589283790025
-30	-20	8.40388888888889	4741.316324706251	36.733382004019276	-0.5983878903237081	5.843911346594137	5528.21350646728	37202.1309900412	15579.530461609822	-16310.956880453727
-30	-40	8.40388888888889	4165.851617556347	33.743815955495236	-0.29622246806250063	6.200141242835647	2956.029758742511	5867.9618406531845	15579.530461609822	-13983.125883659402
-60	40	8.40388888888889	3982.501357199872	56.83984026366263	-0.5366936882293785	6.294880786999826	2424.500480202338	7154.409729252238	8922.06264933494	-22779.404054225688
-60	20	8.40388888888889	4306.758564864175	54.4147656974141	-1.1316105286082616	6.068729946552088	4548.453740357738	43429.74927672228	8922.06264933494	-25071.706984177337
-60	10	8.40388888888889	4629.099319553585	50.417387109692804	-1.787443124002215	5.886157118172933	7585.892001416943	126409.04319705574	8922.06264933494	-27734.24478534687
-60	5	8.40388888888889	4699.6456449183715	47.77442162026187	-2.0917172259458656	5.84451215072764	8548.40170456059	148104.76656202503	8922.06264933494	-28702.402486539773
-60	2	8.40388888888889	4706.353253174289	46.09635750731743	-2.203115962414298	5.843287247511231	8569.889385515482	151069.58009209292	8922.06264933494	-29000.51664478462
-60	0	8.40388888888889	4709.272410836923	44.97844871916459	-2.223335200022161	5.843901982582456	8466.215879060623	150076.58090761068	8922.06264933494	-29068.620527803745
-60	-2	8.40388888888889	4708.997719203719	43.87824911859605	-2.2034131037238924	5.8472087379310596	8328.306945155116	146484.93325934943	8922.06264933494	-29033.503721066212
-60	-5	8.40388888888889	4697.797340413909	42.26981476334038	-2.1079230645360933	5.860082013389108	8250.810491472701	142697.8741130006	8922.06264933494	-28792.524721798956
-60	-10	8.40388888888889	4636.376917822397	39.672002466508154	-1.8043676493095129	5.907913855302758	7535.3883969846065	125611.15824372452	8922.06264933494	-27904.439266761605
-60	-20	8.40388888888889	4312.033160135749	35.654126917768295	-1.1426353645834217	6.10053393953416	4555.717020958249	47176.4648830191	8922.06264933494	-25244.949275267005
-60	-40	8.40388888888889	3979.119650956719	33.16164156909438	-0.5371498042940741	6.338069144615839	2424.500480202337	7154.409729252231	8922.06264933494	-22909.79648050485
60	40	7.203333333333334	3880.4691131703835	57.188623117991675	0.5508053999244029	6.289421690795671	2424.500480202337	7154.409729252242	8922.06264933494	22204.82679826199
60	20	7.203333333333334	4075.751377240107	55.113933901221586	1.202048982389234	6.039750160749976	4551.087958390574	44425.48682385823	8922.06264933494	23768.158101567362
60	10	7.203333333333334	4267.298959660834	51.03374327445234	2.010205216653165	5.80948764879888	8066.651262876705	134192.48167163235	8922.06264933494	25758.553735024743
60	5	7.203333333333334	4308.159710258307	48.04954705374394	2.4039799199073637	5.782385483699444	8900.500550815399	152267.90212427633	8922.06264933494	26752.30474973246
60	2	7.203333333333334	4312.860739579337	46.208246698102535	2.530102419646015	5.783142647758642	8569.889385515486	151069.58009209283	8922.06264933494	27056.29908217136
60	0	7.203333333333334	4315.968664397006	44.98720214904334	2.5521324509483376	5.783660656285034	8503.373218786917	150793.66572066743	8922.06264933494	27125.272979458357
60	-2	7.203333333333334	4318.364128189391	43.771959793468326	2.5261586253495443	5.784881179105339	8474.578278511286	149423.55385550964	8922.06264933494	27088.810450674802
60	-5	7.203333333333334	4313.208660865011	41.98904171495071	2.4106784265621144	5.79405150634739	8423.476112183876	144960.2901533961	8922.06264933494	26841.67981688353
60	-10	7.203333333333334	4275.48040795531	39.08204932244141	2.0305469530636793	5.832538934058459	8038.107648941003	133720.4782793375	8922.06264933494	25936.77589449387
60	-20	7.203333333333334	4076.8778595817676	34.92486382567555	1.2086550801717932	6.077258423465079	4556.570420676056	47492.08590119564	8922.06264933494	23920.623089941473
60	-40	7.203333333333334	3877.0874069272327	32.81228982021256	0.5512858281077748	6.333741862973293	2424.500480202339	7154.409729252241	8922.06264933494	22335.219224541153
30	40	7.203333333333334	3992.508293130161	56.8663788031766	0.3090836028714222	6.143794303696023	2956.029758742513	5867.9618406531845	15579.530461609818	13333.266525283158
30	20	7.203333333333334	4333.939243300329	54.60883311437254	0.6498467867062584	5.745739007166339	5496.038443899126	36300.54117116904	15579.530461609818	14889.912790828845
30	10	7.203333333333334	4726.793137244683	50.8051552947432	0.9774069748779208	5.306911714328081	9667.921609624402	121388.2019569726	15579.530461609818	16543.37480439777
30	5	7.203333333333334	4887.656133583736	48.067201810598824	1.105295375010955	5.114184927248804	11551.25878803039	152336.32675094053	15579.530461609818	17176.720923669134
30	2	7.203333333333334	4935.554567505745	46.32374201320225	1.1600844301238598	5.06283433468728	13369.847583456487	170906.72738042774	15579.530461609818	17452.5145827242
30	0	7.203333333333334	4951.61852475733	45.07431331700611	1.1715509911264872	5.05723206086691	14263.83832946975	179169.80502820876	15579.530461609818	17544.61907676716
30	-2	7.203333333333334	4942.610160041086	43.82811883614422	1.1581889490180186	5.067303093395106	13446.435480054615	171806.95396673787	15579.530461609818	17480.39392020814
30	-5	7.203333333333334	4895.108320267914	42.05027530617028	1.1133136170583318	5.127539985856607	11981.91011712526	156625.72815107077	15579.530461609818	17269.589058385205
30	-10	7.203333333333334	4735.917950307158	39.28866133558585	0.997145863462908	5.332036115626933	9639.247052337603	120745.99202441648	15579.530461609818	16715.762003371517
30	-20	7.203333333333334	4335.173782759703	35.42938819798697	0.6562403410343847	5.780706168826451	5555.4978020976	38951.18997737066	15579.530461609818	14993.952374239258
30	-40	7.203333333333334	3989.1265868870087	33.13510576140414	0.3093456226210393	6.186746240328417	2956.0297587425107	5867.961840653181	15579.530461609818	13408.548627695718
15	40	7.203333333333334	4023.0874859930855	56.78335954787415	0.15877734745823915	6.105456793186837	3150.58297754343	5397.089232781077	11307.554100793299	6974.326453920196
15	20	7.203333333333334	4407.846400362844	54.464796276057875	0.33238133441344075	5.668435540870392	5860.838590017411	34887.41614442574	11307.554100793299	7881.911649983606
15	10	7.203333333333334	4861.103224859161	50.618679209966835	0.47329312164991916	5.185158804435435	8995.408381756197	119754.07781983512	11307.554100793299	8746.01865877188
15	5	7.203333333333334	4944.029423330558	47.99212283149946	0.5444704922565313	4.918957806685064	11028.658178717034	163389.5554267052	11307.554100793299	8894.497164372786
15	2	7.203333333333334	4950.198975022258	46.23951767352827	0.5450802075081885	4.812818673400024	11195.03901934139	165467.6258525802	11307.554100793299	8772.52572132007
15	0	7.203333333333334	4953.603108009152	45.07423146208592	0.5447056265265434	4.794168605809526	11173.758527104388	165165.41480552146	11307.554100793299	8752.855070658727
15	-2	7.203333333333334	4957.007240996053	43.91054572812469	0.5443315600180112	4.817612766092426	11195.03901934139	165467.62585258024	11307.554100793299	8787.157098870974
15	-5	7.203333333333334	4960.935303583179	42.16711529920868	0.5424346154008931	4.930375768027028	11005.039045541556	163068.47325744262	11307.554100793299	8929.816263207973
15	-10	7.203333333333334	4879.974458816562	39.52218768438851	0.48196337677853773	5.205050912151253	9315.95032699326	122133.43267226158	11307.554100793299	8845.964738487892
15	-20	7.203333333333334	4405.671295879925	35.548009181029286	0.33425936941910767	5.7058076749887965	5921.159150342508	35826.71878738583	11307.554100793299	7928.628686102785
15	-40	7.203333333333334	4019.7057797499324	33.2182713479316	0.15891092398761425	6.148049727983817	3150.5829775434304	5397.0892327810825	11307.554100793299	7013.295337639649
10	40	7.203333333333334	4028.867182058572	56.76789717768455	0.10637487632753727	6.098276109975839	3189.7392602482864	5302.320197010576	10622.265535754355	4688.446470104739
10	20	7.203333333333334	4421.942850821796	54.437757441096785	0.2228170695921368	5.6539462920286825	5954.332768375035	34738.463852176865	10622.265535754355	5311.767969228688
10	10	7.203333333333334	4883.393755195248	50.61429454262697	0.31474419549173316	5.168532851664577	8915.035978277327	118309.33596481822	10622.265535754355	5896.545767645974
10	5	7.203333333333334	4945.238091267425	47.940575751004026	0.3590559941116553	4.874103678306907	10622.265535754352	163862.1894816514	10622.265535754355	5934.188527009166
10	2	7.203333333333334	4950.264243181876	46.21716032579496	0.35869143378041973	4.770662299895898	10555.864552356341	162295.0801685684	10622.265535754355	5849.523897170794
10	0	7.203333333333334	4953.6031080091525	45.07423146208592	0.3584496658821884	4.752794063099771	10543.292109114938	161998.66347764473	10622.265535754355	5836.919894808751
10	-2	7.203333333333334	4956.941972836441	43.93284229160062	0.3582082236808623	4.775421327185115	10555.864552356341	162295.0801685684	10622.265535754355	5859.152239782124
10	-5	7.203333333333334	4961.9681247508815	42.21755149077791	0.35784538198096516	4.885665849910723	10622.265535754352	163862.18948165144	10622.265535754355	5958.310871370271
10	-10	7.203333333333334	4907.0677753324435	39.55310132610363	0.3185284997458096	5.186368201930609	9191.95593181113	120231.39707451404	10622.265535754355	5958.616691246477
10	-20	7.203333333333334	4418.9958493194235	35.569581181486335	0.22358676223154528	5.69191982974294	5994.748890172829	35197.627170060085	10622.265535754355	5340.716555958744
10	-40	7.203333333333334	4025.4854758154215	33.233760933723225	0.1064642391101256	6.14080185854633	3189.739260248284	5302.320197010573	10622.265535754355	4714.59166989449
5	40	7.203333333333334	4032.3526887358903	56.75860725946642	0.053344455478493855	6.093955673223106	3213.719273931776	5244.281930414181	10234.192365617175	2355.9613206367508
5	20	7.203333333333334	4430.36298446663	54.422224490752726	0.11186021189932509	5.645312922716053	6026.247486530696	34699.03247689296	10234.192365617175	2673.529084588993
5	10	7.203333333333334	4895.557577848016	50.62334639607353	0.15797123238571797	5.1598673244376405	8927.580602749007	116213.65800559903	10234.192365617175	2972.0057338478696
5	5	7.203333333333334	4945.333707100768	47.90775738466641	0.17815039744233116	4.847414180012735	10234.192365617173	161989.17233368385	10234.192365617175	2966.9651461389453
5	2	7.203333333333334	4950.302407880492	46.204087433669976	0.17797158492831774	4.7463909590349145	10193.569988531066	160439.97577170838	10234.192365617175	2925.478128531797
5	0	7.203333333333334	4953.603108009156	45.074231462085905	0.17785299835194865	4.728971950004237	10185.865517882454	160146.94725438827	10234.192365617175	2919.32315127975
5	-2	7.203333333333334	4956.903808137821	43.94588018613246	0.177734569704295	4.751127948335866	10193.569988531066	160439.97577170833	10234.192365617175	2930.2554508885346
5	-5	7.203333333333334	4961.872508917546	42.25015018436318	0.17755659054552272	4.858933371984889	10234.192365617173	161989.17233368385	10234.192365617175	2978.933998896396
5	-10	7.203333333333334	4923.261030094774	39.56796823808123	0.1583177455870859	5.17618893393152	9093.179750144176	117251.5001261364	10234.192365617175	2997.526936155166
5	-20	7.203333333333334	4427.0313618203345	35.58246275738425	0.11201672219755339	5.683585027890558	6039.816573982271	34812.3601184007	10234.192365617175	2686.97579157628
5	-40	7.203333333333334	4028.9709824927345	33.24306719762182	0.053389230007501745	6.136441005958076	3213.719273931773	5244.2819304141785	10234.192365617175	2369.0838557394904
2	40	7.203333333333334	4033.3310133558853	56.756004429312966	0.02135536932859298	6.092744339521482	3220.499619404646	5227.871618753647	10245.035389240702	943.7029443578039
2	20	7.203333333333334	4432.667982676942	54.41829508434107	0.044796687561488774	5.642950352542372	6052.059008043629	34700.129724206345	10245.035389240702	1071.4003456745872
2	10	7.203333333333334	4898.638130613179	50.62808810656912	0.06349157796859072	5.157536705229636	9015.769065755554	116755.30601644491	10245.035389240702	1192.5653008387674
2	5	7.203333333333334	4945.360153282524	47.89868044595652	0.0711076777783569	4.840086672891387	10128.48415123907	161471.118469654	10245.035389240702	1186.7922266023152
2	2	7.203333333333334	4950.3129637740185	46.200471665585475	0.07103653422539251	4.739727181898883	10094.839061881976	159926.87635774145	10245.035389240702	1170.2903884630864
2	0	7.203333333333334	4953.603108009153	45.07423146208592	0.07098935231790629	4.722431390843621	10088.45216849795	159634.78496821513	10245.035389240702	1167.8445585058462
2	-2	7.203333333333334	4956.893252244291	43.949486345337014	0.0709422330445229	4.744457878179311	10094.839061881978	159926.8763577415	10245.035389240702	1172.1972386318284
2	-5	7.203333333333334	4961.84606273579	42.25916681009794	0.07087141999799369	4.851593432701442	10128.48415123907	161471.1184696539	10245.035389240702	1191.5695489590535
2	-10	7.203333333333334	4927.742667883707	39.571845756939766	0.06322313054236577	5.173412031700198	9066.599927600491	116408.68662496014	10245.035389240702	1201.058889006473
2	-20	7.203333333333334	4429.286798530604	35.58606123521353	0.04483165923013447	5.681251020993563	6052.559455196736	34703.42591410691	10245.035389240702	1076.658412705994
2	-40	7.203333333333334	4029.949307112735	33.245674606716015	0.02137328955048102	6.135218341885209	3220.4996194046466	5227.871618753649	10245.035389240702	948.9575593276109
0	40	7.203333333333334	4033.5174792146163	56.755508570739124	0.00000000000000022548425944841074	6.092513529474052	3221.794398012599	5224.737896353658	10225.372951420271	0.0000000000009094947017729282
0	20	7.203333333333334	4433.098384523686	54.41760780181539	-0.0000000000000004103201070150167	5.642509288007309	6054.992843003633	34682.623776817825	10225.372951420271	-0.0000000000018189894035458565
0	10	7.203333333333334	4899.132812921318	50.629616544583065	0.000000000000000018940336919832685	5.157116939055866	9064.4951066933	117369.89599145504	10225.372951420271	0.00000000000009279122609173739
0	5	7.203333333333334	4945.365174667826	47.896957001830245	0.0000000000000002415595071959288	4.838698052511776	10108.492425516402	161372.75462708581	10225.372951420271	0.0000000000011945999744966684
0	2	7.203333333333334	4950.314968040988	46.1997851347729	0.00000000000000020032083049204863	4.7384643354090645	10076.164687278639	159829.45322574396	10225.372951420271	0.0000000000009916512055951898
0	0	7.203333333333334	4953.603108009153	45.07423146208591	0.000000000000000243488682410311	4.7211918894392895	10070.026560000002	159537.53977039998	10225.372951420271	0.00000000000120614629395277
0	-2	7.203333333333334	4956.891247977319	43.950171055170685	-0.00000000000000002329346939135119	4.743193827200166	10076.16468727864	159829.4532257441	10225.372951420271	-0.00000000000011546319456101628
0	-5	7.203333333333334	4961.841041350485	42.260878824312236	0.00000000000000019063690454766786	4.8502024252869536	10108.492425516402	161372.75462708587	10225.372951420271	0.0000000000009459100169806334
0	-10	7.203333333333334	4928.593739030986	39.572570356903434	-0.000000000000000017300092644271394	5.172886643554534	9061.59883124571	116248.01261987817	10225.372951420271	-0.00000000000008526512829121201
0	-20	7.203333333333334	4429.71667828053	35.58674624289165	-0.00000000000000002085247485504383	5.680806435665353	6054.99284300363	34682.62377681779	10225.372951420271	-0.00000000000009237055564881302
0	-40	7.203333333333334	4030.1357729714628	33.246171337574765	0.00000000000000008440716489666432	6.134985372981703	3221.7943980125965	5224.737896353655	10225.372951420271	0.00000000000034017233474514796
-2	40	7.203333333333334	4033.3310133558844	56.75600442931298	-0.02135536932859231	6.0927443395214835	3220.4996194046466	5227.871618753648	10245.035389240702	-943.7029443578011
-2	20	7.203333333333334	4432.667982676943	54.41829508434106	-0.044796687561488385	5.642950352542371	6052.05900804363	34700.129724206345	10245.035389240702	-1071.4003456745857
-2	10	7.203333333333334	4898.638130613178	50.628088106569145	-0.06349157796859077	5.1575367052296395	9015.76906575555	116755.30601644491	10245.035389240702	-1192.565300838768
-2	5	7.203333333333334	4945.3601532825205	47.898680445956565	-0.07110767777835678	4.840086672891391	10128.48415123907	161471.11846965397	10245.035389240702	-1186.7922266023143
-2	2	7.203333333333334	4950.3129637740185	46.200471665585475	-0.07103653422539245	4.739727181898883	10094.839061881978	159926.8763577415	10245.035389240702	-1170.2903884630862
-2	0	7.203333333333334	4953.603108009153	45.074231462085926	-0.07098935231790607	4.722431390843623	10088.45216849795	159634.78496821513	10245.035389240702	-1167.8445585058455
-2	-2	7.203333333333334	4956.893252244292	43.949486345337	-0.07094223304452303	4.744457878179311	10094.839061881976	159926.87635774148	10245.035389240702	-1172.1972386318294
-2	-5	7.203333333333334	4961.846062735788	42.25916681009795	-0.07087141999799343	4.851593432701443	10128.48415123907	161471.11846965394	10245.035389240702	-1191.5695489590519
-2	-10	7.203333333333334	4927.742667883707	39.57184575693974	-0.0632231305423657	5.173412031700197	9066.599927600491	116408.68662496014	10245.035389240702	-1201.0588890064726
-2	-20	7.203333333333334	4429.286798530603	35.58606123521352	-0.04483165923013468	5.681251020993562	6052.559455196736	34703.42591410693	10245.035389240702	-1076.6584127059946
-2	-40	7.203333333333334	4029.9493071127354	33.245674606716015	-0.021373289550481383	6.135218341885208	3220.4996194046453	5227.871618753641	10245.035389240702	-948.9575593276122
-5	40	7.203333333333334	4032.3526887358903	56.758607259466416	-0.05334445547849295	6.093955673223106	3213.7192739317757	5244.281930414185	10234.192365617177	-2355.9613206367476
-5	20	7.203333333333334	4430.362984466631	54.42222449075271	-0.11186021189932517	5.645312922716051	6026.247486530696	34699.03247689295	10234.192365617177	-2673.529084588994
-5	10	7.203333333333334	4895.557577848014	50.62334639607354	-0.15797123238571792	5.159867324437643	8927.58060274901	116213.65800559903	10234.192365617177	-2972.005733847869
-5	5	7.203333333333334	4945.333707100768	47.90775738466641	-0.17815039744233122	4.847414180012734	10234.192365617171	161989.1723336838	10234.192365617177	-2966.9651461389453
-5	2	7.203333333333334	4950.302407880492	46.204087433669976	-0.17797158492831755	4.7463909590349145	10193.569988531068	160439.97577170836	10234.192365617177	-2925.4781285317963
-5	0	7.203333333333334	4953.603108009155	45.0742314620859	-0.1778529983519482	4.728971950004234	10185.865517882452	160146.94725438824	10234.192365617177	-2919.323151279746
-5	-2	7.203333333333334	4956.9038081378185	43.94588018613248	-0.17773456970429544	4.751127948335868	10193.569988531068	160439.97577170833	10234.192365617177	-2930.255450888536
-5	-5	7.203333333333334	4961.872508917546	42.25015018436318	-0.17755659054552284	4.8589333719848895	10234.192365617173	161989.17233368385	10234.192365617177	-2978.9339988963975
-5	-10	7.203333333333334	4923.261030094773	39.56796823808124	-0.1583177455870855	5.1761889339315195	9093.179750144176	117251.50012613641	10234.192365617177	-2997.526936155163
-5	-20	7.203333333333334	4427.031361820333	35.582462757384256	-0.11201672219755446	5.683585027890559	6039.816573982272	34812.36011840071	10234.192365617177	-2686.975791576284
-5	-40	7.203333333333334	4028.970982492735	33.24306719762182	-0.05338923000750197	6.136441005958076	3213.7192739317743	5244.281930414179	10234.192365617177	-2369.083855739492
-10	40	7.203333333333334	4028.867182058572	56.76789717768455	-0.10637487632753659	6.0982761099758385	3189.7392602482855	5302.320197010571	10622.265535754357	-4688.446470104735
-10	20	7.203333333333334	4421.942850821796	54.437757441096785	-0.22281706959213657	5.653946292028682	5954.332768375035	34738.46385217684	10622.265535754357	-5311.7679692286865
-10	10	7.203333333333334	4883.393755195248	50.61429454262697	-0.3147441954917335	5.168532851664577	8915.035978277323	118309.33596481824	10622.265535754357	-5896.545767645976
-10	5	7.203333333333334	4945.238091267428	47.940575751004	-0.35905599411165523	4.874103678306901	10622.265535754354	163862.18948165138	10622.265535754357	-5934.188527009164
-10	2	7.203333333333334	4950.264243181875	46.217160325794985	-0.3586914337804194	4.770662299895897	10555.864552356343	162295.0801685684	10622.265535754357	-5849.52389717079
-10	0	7.203333333333334	4953.603108009155	45.0742314620859	-0.3584496658821881	4.7527940630997705	10543.292109114938	161998.66347764467	10622.265535754357	-5836.919894808752
-10	-2	7.203333333333334	4956.94197283644	43.93284229160064	-0.3582082236808624	4.775421327185116	10555.86455235634	162295.08016856847	10622.265535754357	-5859.152239782124
-10	-5	7.203333333333334	4961.968124750881	42.217551490777915	-0.35784538198096477	4.885665849910723	10622.265535754352	163862.18948165144	10622.265535754357	-5958.310871370269
-10	-10	7.203333333333334	4907.0677753324435	39.553101326103636	-0.31852849974580943	5.18636820193061	9191.95593181113	120231.3970745141	10622.265535754357	-5958.616691246475
-10	-20	7.203333333333334	4418.9958493194235	35.56958118148636	-0.22358676223154472	5.691919829742939	5994.748890172829	35197.62717006008	10622.265535754357	-5340.716555958741
-10	-40	7.203333333333334	4025.4854758154206	33.233760933723254	-0.10646423911012622	6.140801858546329	3189.7392602482837	5302.320197010568	10622.265535754357	-4714.591669894489
-15	40	7.203333333333334	4023.0874859930855	56.78335954787414	-0.15877734745823915	6.105456793186837	3150.5829775434304	5397.089232781074	11307.554100793297	-6974.326453920196
-15	20	7.203333333333334	4407.846400362844	54.46479627605786	-0.3323813344134407	5.668435540870391	5860.838590017411	34887.41614442573	11307.554100793297	-7881.911649983605
-15	10	7.203333333333334	4861.10322485916	50.61867920996683	-0.47329312164991943	5.185158804435435	8995.408381756197	119754.07781983515	11307.554100793297	-8746.01865877188
-15	5	7.203333333333334	4944.0294233305585	47.99212283149947	-0.5444704922565308	4.918957806685063	11028.658178717033	163389.55542670513	11307.554100793297	-8894.497164372782
-15	2	7.203333333333334	4950.198975022259	46.239517673528276	-0.5450802075081889	4.812818673400024	11195.039019341391	165467.62585258024	11307.554100793297	-8772.525721320073
-15	0	7.203333333333334	4953.6031080091525	45.074231462085905	-0.544705626526543	4.794168605809525	11173.758527104384	165165.4148055214	11307.554100793297	-8752.855070658727
-15	-2	7.203333333333334	4957.007240996053	43.91054572812469	-0.5443315600180106	4.817612766092426	11195.03901934139	165467.62585258033	11307.554100793297	-8787.157098870972
-15	-5	7.203333333333334	4960.935303583176	42.16711529920866	-0.5424346154008933	4.930375768027029	11005.039045541556	163068.47325744262	11307.554100793297	-8929.816263207971
-15	-10	7.203333333333334	4879.974458816564	39.52218768438848	-0.4819633767785374	5.205050912151251	9315.95032699326	122133.43267226161	11307.554100793297	-8845.964738487892
-15	-20	7.203333333333334	4405.6712958799235	35.54800918102928	-0.3342593694191084	5.7058076749887965	5921.159150342507	35826.71878738579	11307.554100793297	-7928.628686102784
-15	-40	7.203333333333334	4019.7057797499315	33.218271347931605	-0.15891092398761458	6.148049727983817	3150.582977543431	5397.089232781082	11307.554100793297	-7013.295337639649
-30	40	7.203333333333334	3992.5082931301613	56.86637880317661	-0.3090836028714216	6.143794303696024	2956.029758742514	5867.961840653184	15579.530461609822	-13333.26652528316
-30	20	7.203333333333334	4333.9392433003295	54.60883311437253	-0.6498467867062586	5.745739007166338	5496.038443899125	36300.54117116906	15579.530461609822	-14889.912790828848
-30	10	7.203333333333334	4726.793137244683	50.805155294743216	-0.97740697487792	5.3069117143280815	9667.921609624402	121388.2019569726	15579.530461609822	-16543.374804397765
-30	5	7.203333333333334	4887.656133583736	48.067201810598824	-1.1052953750109553	5.114184927248804	11551.258788030393	152336.32675094059	15579.530461609822	-17176.720923669134
-30	2	7.203333333333334	4935.554567505746	46.32374201320225	-1.1600844301238593	5.062834334687279	13369.847583456487	170906.72738042776	15579.530461609822	-17452.5145827242
-30	0	7.203333333333334	4951.61852475733	45.07431331700609	-1.1715509911264865	5.057232060866909	14263.838329469749	179169.80502820876	15579.530461609822	-17544.619076767158
-30	-2	7.203333333333334	4942.6101600410875	43.828118836144206	-1.1581889490180175	5.067303093395107	13446.435480054612	171806.95396673784	15579.530461609822	-17480.393920208142
-30	-5	7.203333333333334	4895.108320267916	42.050275306170256	-1.1133136170583313	5.127539985856607	11981.91011712526	156625.72815107065	15579.530461609822	-17269.58905838521
-30	-10	7.203333333333334	4735.917950307157	39.28866133558586	-0.9971458634629082	5.332036115626936	9639.2470523376	120745.99202441648	15579.530461609822	-16715.76200337152
-30	-20	7.203333333333334	4335.173782759706	35.42938819798696	-0.656240341034384	5.780706168826447	5555.4978020976005	38951.18997737065	15579.530461609822	-14993.95237423926
-30	-40	7.203333333333334	3989.1265868870105	33.13510576140414	-0.30934562262103893	6.186746240328415	2956.0297587425102	5867.961840653184	15579.530461609822	-13408.548627695718
-60	40	7.203333333333334	3880.469113170385	57.18862311799167	-0.5508053999244025	6.289421690795672	2424.5004802023377	7154.409729252233	8922.06264933494	-22204.826798262005
-60	20	7.203333333333334	4075.7513772401076	55.11393390122158	-1.2020489823892342	6.039750160749976	4551.087958390572	44425.486823858235	8922.06264933494	-23768.158101567362
-60	10	7.203333333333334	4267.298959660834	51.033743274452334	-2.010205216653165	5.809487648798879	8066.65126287671	134192.48167163238	8922.06264933494	-25758.55373502474
-60	5	7.203333333333334	4308.1597102583055	48.04954705374394	-2.403979919907363	5.782385483699445	8900.500550815395	152267.90212427636	8922.06264933494	-26752.304749732448
-60	2	7.203333333333334	4312.860739579337	46.208246698102535	-2.5301024196460156	5.783142647758643	8569.889385515487	151069.58009209298	8922.06264933494	-27056.29908217137
-60	0	7.203333333333334	4315.968664397006	44.98720214904334	-2.552132450948337	5.783660656285037	8503.373218786923	150793.66572066743	8922.06264933494	-27125.272979458372
-60	-2	7.203333333333334	4318.36412818939	43.77195979346831	-2.5261586253495456	5.784881179105337	8474.578278511288	149423.55385550956	8922.06264933494	-27088.810450674795
-60	-5	7.203333333333334	4313.208660865012	41.989041714950694	-2.410678426562115	5.794051506347391	8423.476112183876	144960.29015339617	8922.06264933494	-26841.67981688354
-60	-10	7.203333333333334	4275.4804079553105	39.082049322441414	-2.03054695306368	5.832538934058453	8038.1076489410025	133720.47827933746	8922.06264933494	-25936.775894493858
-60	-20	7.203333333333334	4076.877859581768	34.92486382567556	-1.208655080171793	6.077258423465079	4556.570420676057	47492.08590119564	8922.06264933494	-23920.623089941477
-60	-40	7.203333333333334	3877.087406927233	32.81228982021258	-0.5512858281077746	6.333741862973293	2424.5004802023377	7154.409729252241	8922.06264933494	-22335.219224541157
60	40	6.002777777777778	3778.4368691408968	57.536924831969294	0.5656792519759853	6.283667761645846	2424.500480202339	7154.4097292522365	8922.06264933494	21630.249542298312
60	20	6.002777777777778	3843.39436687096	55.80919203657665	1.2793694883863191	6.008544490278509	4553.317510692708	45594.92227029386	8922.06264933494	22457.863833961645
60	10	6.002777777777778	3897.2257419857024	51.69967217916505	2.2397567553778535	5.729771106416959	8292.026036269097	137965.7293486583	8922.06264933494	23702.949230398448
60	5	6.002777777777778	3914.6897190425466	48.36927531117269	2.7138621849854148	5.709975354402215	8922.062649334937	152528.29680513163	8922.06264933494	24670.04109502004
60	2	6.002777777777778	3919.368225984383	46.34260255003689	2.8531565142273076	5.710921382395048	8569.889385515487	151069.5800920928	8922.06264933494	24975.70860797793
60	0	6.002777777777778	3922.476150802053	44.9989595610588	2.877689774235097	5.71154857979185	8503.373218786923	150793.6657206674	8922.06264933494	25045.759620436675
60	-2	6.002777777777778	3925.5670442041696	43.65755202409529	2.848121372655344	5.712194267493456	8560.780910251702	150926.84569395363	8922.06264933494	25009.654300179885
60	-5	6.002777777777778	3925.861503136665	41.66660698145502	2.7104680374593606	5.717390551400015	8599.558302004094	147596.2202340131	8922.06264933494	24758.993147120396
60	-10	6.002777777777778	3906.0060203728544	38.44677497986394	2.264131817809245	5.754070794098321	8245.69386673589	137285.65453330136	8922.06264933494	23886.154068254476
60	-20	6.002777777777778	3841.6519804492536	34.20662174381995	1.2826615115841833	6.051220712554984	4556.570420676057	47492.085901195685	8922.06264933494	22595.98849575823
60	-40	6.002777777777778	3775.055162897744	32.463388890509314	0.5661859892223257	6.329180665672577	2424.5004802023363	7154.409729252238	8922.06264933494	21760.641968577474
30	40	6.002777777777778	3815.783262460822	57.47308071146547	0.32339856927274074	6.127181128675253	2956.029758742511	5867.96184065318	15579.530461609818	12758.68926931947
30	20	6.002777777777778	3930.3848488878957	55.86859976517962	0.7226219958185875	5.663430493314504	5537.930546037188	38018.371572234464	15579.530461609818	13589.40093617577
30	10	6.002777777777778	4053.5865707275984	52.16089278342092	1.211075162001026	5.0308021162597925	10054.069834205719	130347.50537176443	15579.530461609818	14447.886140547433
30	5	6.002777777777778	4118.001175238217	48.84769344611586	1.3660517539758688	4.683997595981365	13861.299103793825	168514.54508458218	15579.530461609818	14516.09547176588
30	2	6.002777777777778	4124.6853256260265	46.63148773369115	1.39868779795463	4.552650389790126	15092.215981938174	179021.2786756109	15579.530461609818	14385.353018522137
30	0	6.002777777777778	4121.866650221314	45.110444235307114	1.4091473659474774	4.525786601903179	15255.50018509236	181590.83285119318	15579.530461609818	14357.494966979473
30	-2	6.002777777777778	4124.778240917255	43.55567878225949	1.4095095238854385	4.559804850770256	15579.530461609818	184467.77882299433	15579.530461609818	14439.089320813364
30	-5	6.002777777777778	4117.303361279754	41.27509798857639	1.392483834467765	4.703991567441886	14234.22279534242	172208.9512880415	15579.530461609818	14649.044863307423
30	-10	6.002777777777778	4064.067158828567	37.98016438973509	1.2362661671396458	5.057681425415869	10045.382274518613	130139.00423935534	15579.530461609818	14628.522845562433
30	-20	6.002777777777778	3927.750627839279	34.139724446353334	0.7243117795148919	5.705834912928496	5555.518702227771	38952.44448494374	15579.530461609818	13669.317898912792
30	-40	6.002777777777778	3812.4015562176705	32.52739960733114	0.32368543280078454	6.172109379011717	2956.0297587425102	5867.961840653184	15579.530461609818	12833.971371732026
15	40	6.002777777777778	3825.976326748463	57.461331551059814	0.1669574260437952	6.085001453142521	3150.582977543431	5397.089232781083	11307.554100793299	6642.594120519323
15	20	6.002777777777778	3954.629685507683	55.90834676640886	0.3723799994403087	5.57131078117222	5920.4403181401085	35814.84088913972	11307.554100793299	7124.869626105752
15	10	6.002777777777778	4106.737216356522	51.98165948593709	0.6061336725731867	4.797212399253394	10129.969521067118	149019.33957434018	11307.554100793299	7503.378914799829
15	5	6.002777777777778	4115.275179741167	48.61049170078977	0.6516071223727373	4.358994604127779	10939.205253398897	162112.22518146713	11307.554100793299	7232.9869525443955
15	2	6.002777777777778	4117.580081688924	46.516448848420175	0.6553012767162026	4.2293742871679845	11195.039019341391	165467.6258525803	11307.554100793299	7113.5932839797915
15	0	6.002777777777778	4120.984214675817	45.11549514209234	0.6547599660544245	4.206446327159682	11173.75852710438	165165.4148055214	11307.554100793299	7092.864878504873
15	-2	6.002777777777778	4124.388347662715	43.716854036966325	0.6542195489522833	4.234117510541989	11195.03901934139	165467.6258525803	11307.554100793299	7126.109151903529
15	-5	6.002777777777778	4129.512750839907	41.61576139909856	0.653407713528226	4.370911823395471	11307.554100793299	167065.369032583	11307.554100793299	7277.930122114065
15	-10	6.002777777777778	4119.269382641034	38.16125330047255	0.6309856164035398	4.825052966065067	10343.561589887715	151224.88389276483	11307.554100793299	7654.842018187515
15	-20	6.002777777777778	3951.249792548638	34.09387569961371	0.3727015467373953	5.6141824568851915	5921.159150342511	35826.718787385806	11307.554100793299	7163.850546573209
15	-40	6.002777777777778	3822.5946205053096	32.53918865054199	0.16710512702337696	6.129772586160591	3150.5829775434304	5397.089232781076	11307.554100793299	6681.563004238778
10	40	6.002777777777778	3827.9028921036243	57.45938083750677	0.11195954033098018	6.0770544203637265	3189.739260248284	5302.320197010568	10622.265535754355	4461.528189673685
10	20	6.002777777777778	3959.0730166049634	55.918291268455505	0.24956068506946485	5.554170898255518	5994.748890172824	35197.62717006005	10622.265535754355	4791.4322983805105
10	10	6.002777777777778	4114.72023637256	51.92443101096094	0.4028993833979838	4.748953512921935	9843.608571059362	151296.58269977107	10622.265535754355	5025.824468123652
10	5	6.002777777777778	4112.636162027445	48.56210586545353	0.43172022903993257	4.303808552499131	10601.247205249672	163563.39396990178	10622.265535754355	4822.106783115667
10	2	6.002777777777778	4117.64534984854	46.48956628704349	0.43122154243909433	4.178683795793424	10555.864552356341	162295.08016856847	10622.265535754355	4736.490981899048
10	0	6.002777777777778	4120.984214675819	45.11549514209233	0.43087216220228347	4.156712318805654	10543.292109114935	161998.66347764467	10622.265535754355	4723.190912081399
10	-2	6.002777777777778	4124.3230795031	43.74364876844431	0.43052334765024736	4.18341822341217	10555.864552356341	162295.08016856847	10622.265535754355	4744.727189599159
10	-5	6.002777777777778	4129.349231417546	41.68272660225327	0.42999932422022535	4.315151118872679	10622.265535754354	163862.1894816514	10622.265535754355	4842.837997763607
10	-10	6.002777777777778	4131.017708543148	38.24109399474068	0.42147271890738736	4.774561021151412	10250.590971828655	157500.5527389761	10622.265535754355	5139.661127552838
10	-20	6.002777777777778	3955.6913103618062	34.083918826703055	0.2497740335996021	5.59698181699017	5994.7488901728275	35197.62717006008	10622.265535754355	4817.577498170252
10	-40	6.002777777777778	3824.5211858604757	32.5411466396474	0.11205853684796119	6.1217959734582825	3189.7392602482846	5302.320197010573	10622.265535754355	4487.6733894634435
5	40	6.002777777777778	3829.0647276627324	57.45824578237702	0.05617655322561092	6.07226574393085	3213.7192739317748	5244.281930414181	10234.192365617175	2240.7518903002297
5	20	6.002777777777778	3961.7515207719316	55.92449375802587	0.12517229806483735	5.543854311609143	6039.816573982272	34812.36011840072	10234.192365617175	2408.248595975906
5	10	6.002777777777778	4118.039921183	51.88288260007837	0.20163555689364565	4.717977537557118	9692.75368178854	154754.42099618708	10234.192365617175	2520.516790444875
5	5	6.002777777777778	4112.714813767432	48.522751204167186	0.21421693584387191	4.2717036836920075	10234.192365617173	161989.1723336839	10234.192365617175	2408.8387942217105
5	2	6.002777777777778	4117.683514547157	46.47384745740856	0.21395844588164004	4.149499011960038	10193.56998853107	160439.9757717084	10234.192365617175	2366.831875062443
5	0	6.002777777777778	4120.984214675821	45.1154951420923	0.21378707597749577	4.128077097867618	10185.86551788245	160146.94725438827	10234.192365617175	2360.3315280254046
5	-2	6.002777777777778	4124.284914804485	43.7593170284884	0.21361598037092067	4.154226079950576	10193.569988531068	160439.97577170844	10234.192365617175	2370.918457849203
5	-5	6.002777777777778	4129.253615584212	41.72188608211417	0.2133589378186722	4.283042917783604	10234.192365617175	161989.17233368385	10234.192365617175	2419.0771043049435
5	-10	6.002777777777778	4136.676108502346	38.294294312918375	0.2117236103434036	4.742381997909261	10183.80799976929	163206.14476092314	10234.192365617175	2582.294262376222
5	-20	6.002777777777778	3958.369814528779	34.077717350926264	0.12527923500142266	5.586627447898827	6039.8165739822725	34812.36011840073	10234.192365617175	2421.3711310786507
5	-40	6.002777777777778	3825.6830214195766	32.5422860422884	0.05622621039785917	6.116989476358098	3213.7192739317743	5244.281930414183	10234.192365617175	2253.8744254029702
2	40	6.002777777777778	3829.390835869396	57.45793277682099	0.022492682806853695	6.070922163173921	3220.4996194046457	5227.871618753646	10245.035389240702	897.4219887478927
2	20	6.002777777777778	3962.503333008688	55.92626124306557	0.05011283516914724	5.540961121546062	6052.559455196738	34703.42591410691	10245.035389240702	964.7073453158368
2	10	6.002777777777778	4118.404908926676	51.86676213378976	0.08074117751840534	4.708055838171893	9688.005678973184	157026.12481153916	10245.035389240702	1009.0123795178547
2	5	6.002777777777778	4112.741259949186	48.511832696921125	0.08550333075946599	4.262888714741774	10128.48415123907	161471.11846965385	10245.035389240702	963.302359632181
2	2	6.002777777777778	4117.694070440684	46.46949987090149	0.08540048635519513	4.141486237337018	10094.839061881976	159926.8763577415	10245.035389240702	946.5930047527468
2	0	6.002777777777778	4120.984214675819	45.11549514209232	0.08533230363397563	4.1202150599421286	10088.45216849795	159634.7849682151	10245.035389240702	944.009321750724
2	-2	6.002777777777778	4124.274358910959	43.763650730694195	0.08526422969843199	4.146210984258516	10094.839061881978	159926.87635774157	10245.035389240702	948.2241488319228
2	-5	6.002777777777778	4129.227169402453	41.73271744025892	0.08516195933304087	4.274226951179197	10128.484151239069	161471.1184696539	10245.035389240702	967.3889424189406
2	-10	6.002777777777778	4137.579384197692	38.31163157225505	0.08496419426951993	4.732345975781714	10227.955844310856	166696.832273731	10245.035389240702	1034.6800458997666
2	-20	6.002777777777778	3959.1216267655336	34.07595012751929	0.05015563933217317	5.583723664252089	6052.559455196738	34703.42591410692	10245.035389240702	969.9619602856432
2	-40	6.002777777777778	3826.009129626247	32.542600262707914	0.02251256348232915	6.115640896038713	3220.4996194046444	5227.871618753647	10245.035389240702	902.6766037177014
0	40	6.002777777777778	3829.45299115564	57.45787339655704	-0.0000000000000003562498497331588	6.070666106509933	3221.794398012599	5224.737896353659	10225.372951420271	-0.0000000000013642420526593924
0	20	6.002777777777778	3962.646626258665	55.926599439778926	0.0000000000000004590339677255694	5.540409812402406	6054.992843003628	34682.62377681779	10225.372951420271	0.0000000000018189894035458565
0	10	6.002777777777778	4118.374752593629	51.86290572790258	-0.00000000000000004140717317554193	4.705939503859014	9669.459075090464	157013.43443026269	10225.372951420271	-0.00000000000017053025658242404
0	5	6.002777777777778	4112.74628133449	48.509759595676066	-0.00000000000000011116412495844312	4.261218209314283	10108.4924255164	161372.75462708576	10225.372951420271	-0.0000000000004571898415406395
0	2	6.002777777777778	4117.696074707653	46.468674389151495	-0.00000000000000014322340939714793	4.139967743750623	10076.164687278639	159829.45322574402	10225.372951420271	-0.0000000000005897504706808832
0	0	6.002777777777778	4120.98421467582	45.11549514209232	0.0000000000000003744760775188665	4.118725125089425	10070.026560000002	159537.5397704	10225.372951420271	0.0000000000015432100042289676
0	-2	6.002777777777778	4124.272354643984	43.76447358123027	0.00000000000000013438087648814354	4.144692036063665	10076.164687278642	159829.45322574404	10225.372951420271	0.0000000000005542233338928781
0	-5	6.002777777777778	4129.222148017152	41.73477402587775	0.00000000000000026306218661906224	4.2725562180100205	10108.492425516402	161372.75462708584	10225.372951420271	0.0000000000010862422072932532
0	-10	6.002777777777778	4137.587164758878	38.315674976225004	0.00000000000000032113279139795944	4.7301563336305	10225.37295142027	167035.39699192898	10225.372951420271	0.0000000000013287149158713873
0	-20	6.002777777777778	3959.264920015506	34.07561197953436	0.00000000000000007873952150530079	5.583170336564722	6054.992843003628	34682.62377681779	10225.372951420271	0.00000000000031175062531474396
0	-40	6.002777777777778	3826.0712849124884	32.5426598742524	-0.0000000000000002534952336453189	6.115383886592149	3221.794398012596	5224.737896353652	10225.372951420271	-0.0000000000009698908343125368
-2	40	6.002777777777778	3829.3908358693957	57.457932776821	-0.022492682806853816	6.07092216317392	3220.4996194046457	5227.871618753644	10245.035389240702	-897.4219887478929
-2	20	6.002777777777778	3962.503333008689	55.92626124306556	-0.05011283516914642	5.540961121546062	6052.559455196738	34703.42591410692	10245.035389240702	-964.7073453158338
-2	10	6.002777777777778	4118.404908926677	51.866762133789734	-0.08074117751840575	4.708055838171893	9688.005678973184	157026.12481153916	10245.035389240702	-1009.0123795178565
-2	5	6.002777777777778	4112.741259949188	48.5118326969211	-0.08550333075946548	4.262888714741772	10128.48415123907	161471.11846965397	10245.035389240702	-963.3023596321789
-2	2	6.002777777777778	4117.694070440684	46.4694998709015	-0.08540048635519487	4.141486237337018	10094.839061881974	159926.8763577415	10245.035389240702	-946.5930047527457
-2	0	6.002777777777778	4120.984214675818	45.115495142092335	-0.08533230363397563	4.1202150599421286	10088.45216849795	159634.78496821516	10245.035389240702	-944.0093217507238
-2	-2	6.002777777777778	4124.274358910957	43.763650730694216	-0.08526422969843175	4.146210984258517	10094.839061881978	159926.8763577415	10245.035389240702	-948.2241488319215
-2	-5	6.002777777777778	4129.227169402454	41.732717440258924	-0.08516195933304056	4.274226951179196	10128.48415123907	161471.11846965388	10245.035389240702	-967.3889424189395
-2	-10	6.002777777777778	4137.579384197691	38.31163157225505	-0.08496419426951998	4.732345975781714	10227.955844310858	166696.832273731	10245.035389240702	-1034.6800458997666
-2	-20	6.002777777777778	3959.1216267655345	34.07595012751928	-0.05015563933217264	5.583723664252086	6052.559455196736	34703.42591410693	10245.035389240702	-969.9619602856409
-2	-40	6.002777777777778	3826.009129626248	32.54260026270793	-0.02251256348232965	6.1156408960387125	3220.4996194046444	5227.871618753643	10245.035389240702	-902.6766037177033
-5	40	6.002777777777778	3829.0647276627324	57.458245782377034	-0.05617655322561116	6.072265743930849	3213.7192739317748	5244.281930414183	10234.192365617177	-2240.75189030023
-5	20	6.002777777777778	3961.7515207719316	55.924493758025875	-0.12517229806483746	5.5438543116091425	6039.81657398227	34812.3601184007	10234.192365617177	-2408.248595975906
-5	10	6.002777777777778	4118.039921183	51.88288260007837	-0.20163555689364576	4.717977537557117	9692.753681788536	154754.42099618708	10234.192365617177	-2520.516790444875
-5	5	6.002777777777778	4112.714813767434	48.52275120416716	-0.21421693584387164	4.271703683692006	10234.192365617173	161989.17233368385	10234.192365617177	-2408.8387942217105
-5	2	6.002777777777778	4117.683514547156	46.473847457408574	-0.2139584458816396	4.149499011960038	10193.56998853107	160439.97577170836	10234.192365617177	-2366.8318750624408
-5	0	6.002777777777778	4120.984214675821	45.11549514209231	-0.21378707597749533	4.128077097867619	10185.86551788245	160146.94725438821	10234.192365617177	-2360.3315280254037
-5	-2	6.002777777777778	4124.284914804486	43.75931702848839	-0.2136159803709199	4.1542260799505755	10193.569988531068	160439.97577170844	10234.192365617177	-2370.9184578492
-5	-5	6.002777777777778	4129.25361558421	41.72188608211417	-0.21335893781867166	4.283042917783605	10234.192365617175	161989.17233368385	10234.192365617177	-2419.077104304941
-5	-10	6.002777777777778	4136.6761085023445	38.294294312918346	-0.21172361034340484	4.742381997909264	10183.80799976929	163206.14476092317	10234.192365617177	-2582.2942623762274
-5	-20	6.002777777777778	3958.369814528778	34.077717350926264	-0.12527923500142202	5.5866274478988265	6039.81657398227	34812.36011840069	10234.192365617177	-2421.3711310786475
-5	-40	6.002777777777778	3825.6830214195747	32.54228604228841	-0.05622621039785897	6.1169894763581	3213.719273931773	5244.281930414177	10234.192365617177	-2253.874425402969
-10	40	6.002777777777778	3827.9028921036256	57.459380837506764	-0.11195954033098063	6.077054420363726	3189.739260248284	5302.320197010572	10622.265535754357	-4461.528189673688
-10	20	6.002777777777778	3959.073016604964	55.91829126845552	-0.2495606850694639	5.554170898255518	5994.748890172826	35197.627170060056	10622.265535754357	-4791.432298380508
-10	10	6.002777777777778	4114.720236372559	51.92443101096094	-0.40289938339798403	4.7489535129219345	9843.608571059362	151296.5826997711	10622.265535754357	-5025.82446812365
-10	5	6.002777777777778	4112.636162027444	48.562105865453546	-0.431720229039932	4.303808552499133	10601.24720524967	163563.39396990175	10622.265535754357	-4822.106783115665
-10	2	6.002777777777778	4117.645349848542	46.48956628704347	-0.43122154243909366	4.178683795793424	10555.864552356343	162295.08016856847	10622.265535754357	-4736.490981899048
-10	0	6.002777777777778	4120.984214675818	45.115495142092335	-0.4308721622022833	4.1567123188056545	10543.29210911494	161998.66347764467	10622.265535754357	-4723.190912081398
-10	-2	6.002777777777778	4124.323079503101	43.743648768444274	-0.43052334765024663	4.183418223412168	10555.864552356343	162295.0801685684	10622.265535754357	-4744.727189599155
-10	-5	6.002777777777778	4129.349231417545	41.6827266022533	-0.4299993242202249	4.31515111887268	10622.265535754354	163862.1894816514	10622.265535754357	-4842.837997763603
-10	-10	6.002777777777778	4131.017708543147	38.241093994740666	-0.4214727189073864	4.774561021151413	10250.590971828657	157500.5527389761	10622.265535754357	-5139.661127552834
-10	-20	6.002777777777778	3955.6913103618053	34.08391882670307	-0.24977403359960287	5.596981816990171	5994.7488901728275	35197.627170060085	10622.265535754357	-4817.577498170254
-10	-40	6.002777777777778	3824.5211858604744	32.54114663964741	-0.11205853684796098	6.121795973458288	3189.7392602482846	5302.320197010575	10622.265535754357	-4487.673389463444
-15	40	6.002777777777778	3825.9763267484627	57.46133155105981	-0.16695742604379504	6.085001453142519	3150.58297754343	5397.089232781078	11307.554100793297	-6642.594120519319
-15	20	6.002777777777778	3954.6296855076844	55.90834676640886	-0.37237999944030836	5.571310781172221	5920.4403181401085	35814.840889139734	11307.554100793297	-7124.869626105754
-15	10	6.002777777777778	4106.737216356521	51.98165948593709	-0.6061336725731865	4.797212399253396	10129.969521067118	149019.3395743402	11307.554100793297	-7503.378914799826
-15	5	6.002777777777778	4115.2751797411665	48.610491700789794	-0.6516071223727379	4.35899460412778	10939.205253398892	162112.22518146713	11307.554100793297	-7232.986952544397
-15	2	6.002777777777778	4117.580081688924	46.516448848420175	-0.6553012767162024	4.229374287167986	11195.039019341391	165467.6258525803	11307.554100793297	-7113.593283979793
-15	0	6.002777777777778	4120.984214675817	45.11549514209233	-0.6547599660544247	4.206446327159681	11173.758527104384	165165.4148055214	11307.554100793297	-7092.864878504873
-15	-2	6.002777777777778	4124.388347662717	43.716854036966296	-0.6542195489522833	4.234117510541986	11195.03901934139	165467.62585258024	11307.554100793297	-7126.10915190353
-15	-5	6.002777777777778	4129.512750839906	41.61576139909856	-0.6534077135282258	4.370911823395471	11307.554100793297	167065.36903258302	11307.554100793297	-7277.930122114063
-15	-10	6.002777777777778	4119.269382641032	38.16125330047258	-0.6309856164035402	4.82505296606507	10343.561589887717	151224.88389276486	11307.554100793297	-7654.842018187517
-15	-20	6.002777777777778	3951.24979254864	34.09387569961372	-0.3727015467373948	5.6141824568851915	5921.159150342512	35826.71878738581	11307.554100793297	-7163.8505465732105
-15	-40	6.002777777777778	3822.5946205053096	32.53918865054197	-0.16710512702337668	6.129772586160589	3150.5829775434304	5397.089232781077	11307.554100793297	-6681.563004238776
-30	40	6.002777777777778	3815.7832624608213	57.47308071146547	-0.32339856927274063	6.127181128675253	2956.0297587425102	5867.961840653178	15579.530461609822	-12758.689269319468
-30	20	6.002777777777778	3930.3848488878966	55.86859976517959	-0.7226219958185874	5.663430493314502	5537.930546037186	38018.37157223447	15579.530461609822	-13589.400936175769
-30	10	6.002777777777778	4053.586570727597	52.16089278342094	-1.2110751620010263	5.030802116259794	10054.069834205722	130347.50537176442	15579.530461609822	-14447.88614054743
-30	5	6.002777777777778	4118.001175238218	48.847693446115855	-1.3660517539758694	4.683997595981367	13861.299103793826	168514.5450845822	15579.530461609822	-14516.09547176589
-30	2	6.002777777777778	4124.685325626029	46.631487733691145	-1.3986877979546295	4.552650389790124	15092.215981938174	179021.27867561087	15579.530461609822	-14385.353018522139
-30	0	6.002777777777778	4121.866650221314	45.11044423530711	-1.4091473659474776	4.525786601903182	15255.50018509236	181590.83285119318	15579.530461609822	-14357.494966979479
-30	-2	6.002777777777778	4124.778240917253	43.5556787822595	-1.4095095238854392	4.559804850770258	15579.530461609822	184467.77882299433	15579.530461609822	-14439.089320813366
-30	-5	6.002777777777778	4117.303361279755	41.275097988576384	-1.392483834467765	4.703991567441886	14234.222795342419	172208.95128804148	15579.530461609822	-14649.044863307425
-30	-10	6.002777777777778	4064.0671588285686	37.98016438973509	-1.2362661671396453	5.057681425415872	10045.382274518612	130139.00423935532	15579.530461609822	-14628.522845562444
-30	-20	6.002777777777778	3927.750627839281	34.13972444635331	-0.7243117795148916	5.705834912928496	5555.518702227771	38952.44448494372	15579.530461609822	-13669.3178989128
-30	-40	6.002777777777778	3812.401556217669	32.52739960733115	-0.3236854328007849	6.172109379011717	2956.0297587425107	5867.961840653183	15579.530461609822	-12833.971371732023
-60	40	6.002777777777778	3778.4368691408968	57.536924831969294	-0.5656792519759849	6.283667761645846	2424.5004802023377	7154.409729252234	8922.06264933494	-21630.24954229831
-60	20	6.002777777777778	3843.394366870959	55.80919203657666	-1.2793694883863191	6.008544490278512	4553.317510692708	45594.92227029385	8922.06264933494	-22457.86383396165
-60	10	6.002777777777778	3897.2257419857024	51.69967217916505	-2.239756755377853	5.729771106416959	8292.0260362691	137965.72934865835	8922.06264933494	-23702.949230398448
-60	5	6.002777777777778	3914.689719042547	48.36927531117271	-2.7138621849854148	5.709975354402217	8922.062649334937	152528.2968051317	8922.06264933494	-24670.04109502004
-60	2	6.002777777777778	3919.368225984383	46.34260255003687	-2.8531565142273076	5.71092138239505	8569.889385515487	151069.58009209283	8922.06264933494	-24975.708607977936
-60	0	6.002777777777778	3922.4761508020542	44.9989595610588	-2.8776897742350966	5.711548579791849	8503.37321878692	150793.6657206674	8922.06264933494	-25045.75962043668
-60	-2	6.002777777777778	3925.5670442041705	43.65755202409528	-2.848121372655343	5.712194267493457	8560.780910251702	150926.84569395363	8922.06264933494	-25009.654300179896
-60	-5	6.002777777777778	3925.861503136668	41.66660698145504	-2.7104680374593597	5.7173905514000145	8599.558302004092	147596.220234013	8922.06264933494	-24758.993147120415
-60	-10	6.002777777777778	3906.006020372854	38.44677497986396	-2.264131817809245	5.754070794098319	8245.69386673589	137285.65453330136	8922.06264933494	-23886.15406825447
-60	-20	6.002777777777778	3841.651980449253	34.20662174381996	-1.2826615115841835	6.051220712554985	4556.570420676056	47492.085901195685	8922.06264933494	-22595.98849575823
-60	-40	6.002777777777778	3775.0551628977446	32.46338889050931	-0.5661859892223253	6.329180665672575	2424.500480202336	7154.409729252238	8922.06264933494	-21760.641968577467
60	40	4.802222222222222	3676.4046251114087	57.88470534594366	0.5813787000415757	6.2775944518167925	2424.500480202339	7154.40972925224	8922.06264933494	21055.672286334622
60	20	4.802222222222222	3609.5223332068526	56.50107207001741	1.3646408824107354	5.97479397837956	4555.010482147105	46799.15366284014	8922.06264933494	21139.68662571911
60	10	4.802222222222222	3524.5455467207203	52.41809466309676	2.474802541888083	5.648714567922595	8282.793710119382	137809.50894578052	8922.06264933494	21603.108344021355
60	5	4.802222222222222	3521.197205447595	48.76031806101468	3.0156025576661705	5.621411012024641	8922.06264933494	152528.2968051317	8922.06264933494	22451.456276585162
60	2	4.802222222222222	3525.8757123894297	46.50694699272505	3.1709616751359064	5.622580134615132	8569.889385515487	151069.58009209286	8922.06264933494	22758.745222204318
60	0	4.802222222222222	3528.9836372071	45.013338948171324	3.1985610218859986	5.623355067306335	8503.373218786921	150793.6657206674	8922.06264933494	22829.873349834794
60	-2	4.802222222222222	3532.0915620247692	43.52235938672911	3.1659912517138897	5.624128636254555	8569.889385515487	151069.58009209283	8922.06264933494	22794.82583907229
60	-5	4.802222222222222	3535.6503798406306	41.28982481547655	3.0063141999450824	5.626560451228337	8772.367825496072	150396.73212236512	8922.06264933494	22542.958159588918
60	-10	4.802222222222222	3535.1477875566825	37.75787582180433	2.5001557822599705	5.6731839924127065	8072.79821732449	135112.33860641043	8922.06264933494	21787.820542543857
60	-20	4.802222222222222	3606.426101316747	33.50225709762131	1.3663219480427762	6.021786429377854	4556.570420676055	47492.08590119567	8922.06264933494	21271.35390157502
60	-40	4.802222222222222	3673.022918868258	32.114976349659564	0.5819139681362735	6.3243660590105035	2424.500480202336	7154.409729252237	8922.06264933494	21186.064712613785
30	40	4.802222222222222	3639.0582317914836	58.0785356948143	0.3391039024751201	6.108954369216943	2956.0297587425134	5867.961840653183	15579.530461609818	12184.112013355787
30	20	4.802222222222222	3523.708371575355	57.11776272065581	0.8073627437023367	5.565518002318113	5555.379932100188	38944.21568567391	15579.530461609818	12269.396263754834
30	10	4.802222222222222	3366.621377546555	53.63574677548743	1.4565041307866433	4.732487729729122	10035.795740348372	129120.45293512003	15579.530461609818	12212.800966149714
30	5	4.802222222222222	3313.1013007339784	49.79554348987267	1.6936299819278513	4.241391446561713	14234.22279534243	172208.9512880416	15579.530461609818	11885.49352896893
30	2	4.802222222222222	3301.7521354537275	47.00007184773672	1.7302922439784683	4.055372513254621	15097.956215501845	179080.84500563776	15579.530461609818	11642.517192143043
30	0	4.802222222222222	3297.690426842825	45.109414952121796	1.7462042055582327	4.022886125363147	15077.463903995264	178756.3965961093	15579.530461609818	11620.072630592029
30	-2	4.802222222222222	3294.2730082622998	43.20947671778065	1.7608542501322726	4.066717680838176	15296.455612236554	180807.1717674336	15579.530461609818	11722.022692299804
30	-5	4.802222222222222	3310.3710267708416	40.39510392888542	1.7329252418925716	4.263224316679269	14263.935568752831	172410.98010968906	15579.530461609818	12024.490554947908
30	-10	4.802222222222222	3376.8180912861335	36.567289605316475	1.4899555003886675	4.7614000224697826	10054.069834205717	130347.5053717644	15579.530461609818	12396.432006752413
30	-20	4.802222222222222	3520.3274539267136	32.88214865082579	0.8081396074582975	5.613633314478342	5555.518702227771	38952.44448494373	15579.530461609818	12344.683304729564
30	-40	4.802222222222222	3635.676525548329	31.920843908119625	0.33941931826528215	6.156049563949321	2956.029758742512	5867.961840653182	15579.530461609818	12259.394115768342
15	40	4.802222222222222	3628.865167503843	58.13788748377906	0.17602614870857988	6.062323944126491	3150.5829775434327	5397.089232781084	11307.554100793299	6310.861787118452
15	20	4.802222222222222	3500.209995460512	57.3237786499254	0.42072815949288156	5.450415050126467	5921.159150342508	35826.71878738583	11307.554100793299	6360.103523324189
15	10	4.802222222222222	3316.526441425477	53.61976532189918	0.7559502826753909	4.387776662129943	10169.44765084536	145860.8108990567	11307.554100793299	6188.081386268578
15	5	4.802222222222222	3292.3399675189444	49.47477998344098	0.7974214314128812	3.815318480160036	10939.205253398892	162112.22518146716	11307.554100793299	5787.03498853027
15	2	4.802222222222222	3286.869734010493	46.91865980795337	0.8173928872476286	3.654406655098197	10873.44229953843	160800.46729568482	11307.554100793299	5703.93822294618
15	0	4.802222222222222	3288.365321342485	45.17765486996713	0.820546144006405	3.6250821898764887	11173.75852710438	165165.41480552137	11307.554100793299	5691.591559543075
15	-2	4.802222222222222	3291.7694543293833	43.425177742829064	0.8196975887734709	3.659112184361233	11195.03901934139	165467.62585258024	11307.554100793299	5723.778078128157
15	-5	4.802222222222222	3296.8938575065736	40.793914940088065	0.8184235226039809	3.829481117018577	11307.554100793299	167065.369032583	11307.554100793299	5874.006759744718
15	-10	4.802222222222222	3322.72495773823	36.54329197168586	0.784052366185967	4.419280924774438	10364.07960605246	151865.58991150546	11307.554100793299	6316.933755788274
15	-20	4.802222222222222	3496.8282892173543	32.67584804323214	0.42113503650426254	5.498743390396705	5921.159150342511	35826.71878738583	11307.554100793299	6399.072407043636
15	-40	4.802222222222222	3625.4834612606887	31.861402571492075	0.17619033887312138	6.109508052227619	3150.5829775434304	5397.0892327810825	11307.554100793299	6349.830670837904
10	40	4.802222222222222	3626.9386021486794	58.14942040453743	0.11816308331705949	6.053480994341177	3189.739260248286	5302.320197010574	10622.265535754355	4234.609909242638
10	20	4.802222222222222	3495.7684776473475	57.36456005301734	0.28263570101441854	5.428486036665511	5994.7488901728275	35197.627170060056	10622.265535754355	4268.293240592024
10	10	4.802222222222222	3308.3485991198904	53.539670737149095	0.5047741952146142	4.309599857399975	10035.70614614802	152164.0566999428	10622.265535754355	4120.414862618406
10	5	4.802222222222222	3287.879105015411	49.43047314685901	0.5261086319688927	3.747459271931579	10293.861218423122	159004.0133021038	10622.265535754355	3843.0550266220025
10	2	4.802222222222222	3285.0264565152083	46.90005962931891	0.5405184410181116	3.5909123397342344	10555.864552356343	162295.0801685684	10622.265535754355	3797.0376946013316
10	0	4.802222222222222	3288.3653213424855	45.17765486996714	0.5399696218222944	3.562755458102105	10543.292109114938	161998.66347764467	10622.265535754355	3783.0415573280707
10	-2	4.802222222222222	3291.7041861697685	43.458744274333625	0.539421915990866	3.5956011883276227	10555.864552356341	162295.08016856838	10622.265535754355	3803.8817673902195
10	-5	4.802222222222222	3296.7303380842122	40.87775204351373	0.5385995203995649	3.759670238042157	10622.265535754355	163862.18948165138	10622.265535754355	3900.9447521309694
10	-10	4.802222222222222	3311.176321759604	36.59338060563079	0.5270385893631161	4.342132853370047	10289.872030132523	158505.23254752383	10622.265535754355	4215.243832589829
10	-20	4.802222222222222	3492.386771404189	32.635012001230265	0.28290937944044153	5.4768546054990965	5994.748890172827	35197.62717006006	10622.265535754355	4294.43844038177
10	-40	4.802222222222222	3623.556895905528	31.84985237498141	0.11827335972448	6.100681936456851	3189.7392602482855	5302.32019701057	10622.265535754355	4260.755109032393
5	40	4.802222222222222	3625.7767665895744	58.156424037514256	0.059326227819641635	6.048143617740936	3213.719273931773	5244.281930414176	10234.192365617175	2125.542459963711
5	20	4.802222222222222	3493.0899734803756	57.38943918001226	0.14196643830585093	5.4152345580280485	6039.816573982269	34812.36011840069	10234.192365617175	2142.6439354782733
5	10	4.802222222222222	3305.508255819534	53.47092156140116	0.251831009020498	4.261296335232843	9779.732631335019	155942.33623370517	10234.192365617175	2056.9158561884706
5	5	4.802222222222222	3283.621104379248	49.41882204314682	0.2621008362692082	3.7082144597012285	9935.173962482986	157186.5272520725	10234.192365617175	1918.6055241209228
5	2	4.802222222222222	3285.064621213822	46.880352001166855	0.26818746873826405	3.5543233821805096	10193.569988531068	160439.97577170844	10234.192365617175	1895.3069585699482
5	0	4.802222222222222	3288.3653213424877	45.17765486996716	0.26791827528617834	3.5268697574764785	10185.86551788245	160146.94725438821	10234.192365617175	1888.4612417479198
5	-2	4.802222222222222	3291.666021471151	43.47837247926865	0.26764962169862067	3.5590320676624914	10193.569988531068	160439.9757717084	10234.192365617175	1898.7028017867262
5	-5	4.802222222222222	3296.6347222508775	40.926778541474135	0.267246219139323	3.719471296621708	10234.192365617171	161989.17233368385	10234.192365617175	1946.3415466903505
5	-10	4.802222222222222	3305.725557793424	36.63921655689027	0.2653664564482018	4.294364138731258	10215.10973347252	164093.1486242211	10234.192365617175	2111.152547724921
5	-20	4.802222222222222	3489.708267237225	32.610099579798934	0.1421040110637928	5.463627410497587	6039.81657398227	34812.3601184007	10234.192365617175	2155.766470581018
5	-40	4.802222222222222	3622.395060346421	31.842838269442066	0.05938161213627579	6.0953547162014	3213.7192739317743	5244.281930414179	10234.192365617175	2138.6649950664496
2	40	4.802222222222222	3625.450658382907	58.1583964186296	0.02375794943327194	6.04664488872308	3220.4996194046453	5227.871618753645	10245.035389240702	851.1410331379826
2	20	4.802222222222222	3492.338161243621	57.396461034428604	0.0568594068546754	5.411511431660903	6052.559455196735	34703.4259141069	10245.035389240702	858.0108928954842
2	10	4.802222222222222	3305.1549964499627	53.44758250580846	0.1006110292828601	4.247582069039977	9692.88529710188	157107.45064808166	10245.035389240702	822.2836157463707
2	5	4.802222222222222	3281.249357904228	49.42606240068097	0.10522344077989118	3.6973745466236183	9906.042177681757	157446.9879152683	10245.035389240702	768.4549899852175
2	2	4.802222222222222	3285.0751771073515	46.87490119068789	0.10704567089608716	3.5442777841044006	10094.83906188198	159926.87635774157	10245.035389240702	757.7813407516018
2	0	4.802222222222222	3288.3653213424864	45.17765486996715	0.10693856731647271	3.5170170400865137	10088.45216849795	159634.7849682151	10245.035389240702	755.0598047047948
2	-2	4.802222222222222	3291.655465577624	43.48380148344384	0.10683167784567328	3.5489915078710434	10094.839061881976	159926.8763577415	10245.035389240702	759.1367787412116
2	-5	4.802222222222222	3296.6082760691206	40.94033917926627	0.10667117437952027	3.708433805968452	10128.48415123907	161471.11846965397	10245.035389240702	778.0940555880215
2	-10	4.802222222222222	3304.9800253080934	36.659301293438666	0.10639784517758646	4.28039596370489	10245.035389240702	167047.39164078	10245.035389240702	845.1385701234487
2	-20	4.802222222222222	3488.9564550004634	32.6030683334899	0.05691451840840827	5.459911103309551	6052.559455196738	34703.42591410691	10245.035389240702	863.2655078652906
2	-40	4.802222222222222	3622.0689521397585	31.840862941502795	0.023780130790662452	6.093858838500156	3220.4996194046453	5227.871618753646	10245.035389240702	856.3956481077897
0	40	4.802222222222222	3625.388503096665	58.15877267599419	0.0000000000000002508682037790084	6.046359204690641	3221.794398012599	5224.737896353657	10225.372951420271	0.0000000000009094947017729282
0	20	4.802222222222222	3492.194867993643	57.39780130592843	0.0000000000000006510910302490197	5.410801632597466	6054.992843003627	34682.62377681777	10225.372951420271	0.0000000000022737367544323206
0	10	4.802222222222222	3305.123221482519	53.442782782362904	-0.00000000000000029237582258742038	4.244948544042723	9669.45907509046	157013.43443026257	10225.372951420271	-0.0000000000009663381206337363
0	5	4.802222222222222	3280.4774286308702	49.43042283081557	0.00000000000000007258549658909234	3.6953096006937765	9930.111897773279	157534.9734136783	10225.372951420271	0.00000000000023811508320648045
0	2	4.802222222222222	3285.0771813743204	46.873866239206826	0.00000000000000010159062413952295	3.5423740527752576	10076.164687278642	159829.4532257441	10225.372951420271	0.00000000000033373304120232206
0	0	4.802222222222222	3288.3653213424873	45.17765486996713	0.0000000000000000931835501389625	3.5151498515569957	10070.02656	159537.53977039998	10225.372951420271	0.0000000000003064215547965432
0	-2	4.802222222222222	3291.6534613106523	43.48483230241217	-0.00000000000000011008959463593166	3.5470887113357423	10076.164687278639	159829.45322574396	10225.372951420271	-0.0000000000003623767952376511
0	-5	4.802222222222222	3296.603254683819	40.94291398715013	0.00000000000000021446014805597463	3.7063420647165586	10108.492425516404	161372.75462708581	10225.372951420271	0.0000000000007069900220812997
0	-10	4.802222222222222	3304.968271425545	36.66444736988901	0.0000000000000001244267946160288	4.277619587970724	10225.372951420271	167035.39699192898	10225.372951420271	0.00000000000041122660832115803
0	-20	4.802222222222222	3488.8131617504887	32.60172626959595	0.0000000000000001544021380834985	5.459202604119195	6054.99284300363	34682.62377681783	10225.372951420271	0.000000000000538680211548126
0	-40	4.802222222222222	3622.006796853513	31.840486122116324	0.00000000000000036831625703974115	6.093573697950157	3221.794398012599	5224.737896353656	10225.372951420271	0.000000000001334043986389588
-2	40	4.802222222222222	3625.450658382908	58.1583964186296	-0.02375794943327181	6.04664488872308	3220.4996194046453	5227.871618753643	10245.035389240702	-851.1410331379824
-2	20	4.802222222222222	3492.338161243621	57.396461034428604	-0.056859406854675006	5.411511431660904	6052.559455196736	34703.42591410691	10245.035389240702	-858.0108928954828
-2	10	4.802222222222222	3305.1549964499627	53.447582505808455	-0.1006110292828596	4.247582069039976	9692.885297101879	157107.45064808158	10245.035389240702	-822.283615746369
-2	5	4.802222222222222	3281.2493579042275	49.426062400680955	-0.10522344077989096	3.6973745466236183	9906.042177681758	157446.98791526828	10245.035389240702	-768.4549899852167
-2	2	4.802222222222222	3285.07517710735	46.8749011906879	-0.10704567089608648	3.544277784104401	10094.839061881978	159926.8763577415	10245.035389240702	-757.7813407515993
-2	0	4.802222222222222	3288.365321342487	45.17765486996712	-0.10693856731647242	3.517017040086514	10088.452168497954	159634.78496821513	10245.035389240702	-755.0598047047939
-2	-2	4.802222222222222	3291.655465577624	43.483801483443834	-0.10683167784567327	3.5489915078710443	10094.839061881976	159926.87635774148	10245.035389240702	-759.1367787412117
-2	-5	4.802222222222222	3296.608276069119	40.94033917926628	-0.10667117437951977	3.7084338059684527	10128.48415123907	161471.11846965388	10245.035389240702	-778.0940555880196
-2	-10	4.802222222222222	3304.980025308095	36.65930129343866	-0.10639784517758669	4.28039596370489	10245.035389240702	167047.39164077997	10245.035389240702	-845.1385701234498
-2	-20	4.802222222222222	3488.9564550004648	32.60306833348988	-0.0569145184084083	5.459911103309548	6052.559455196739	34703.42591410694	10245.035389240702	-863.2655078652907
-2	-40	4.802222222222222	3622.068952139758	31.840862941502795	-0.023780130790662633	6.093858838500157	3220.499619404645	5227.871618753639	10245.035389240702	-856.3956481077905
-5	40	4.802222222222222	3625.776766589575	58.15642403751424	-0.05932622781964112	6.048143617740937	3213.719273931774	5244.2819304141785	10234.192365617177	-2125.5424599637095
-5	20	4.802222222222222	3493.089973480376	57.389439180012246	-0.14196643830585037	5.4152345580280485	6039.81657398227	34812.36011840069	10234.192365617177	-2142.643935478272
-5	10	4.802222222222222	3305.5082558195345	53.470921561401155	-0.251831009020498	4.261296335232845	9779.73263133502	155942.33623370517	10234.192365617177	-2056.9158561884715
-5	5	4.802222222222222	3283.621104379248	49.418822043146825	-0.2621008362692081	3.708214459701229	9935.173962482988	157186.52725207247	10234.192365617177	-1918.6055241209226
-5	2	4.802222222222222	3285.064621213822	46.88035200116685	-0.2681874687382633	3.5543233821805105	10193.569988531066	160439.97577170836	10234.192365617177	-1895.306958569946
-5	0	4.802222222222222	3288.365321342486	45.177654869967164	-0.2679182752861786	3.5268697574764767	10185.86551788245	160146.94725438821	10234.192365617177	-1888.4612417479195
-5	-2	4.802222222222222	3291.66602147115	43.47837247926865	-0.267649621698621	3.559032067662493	10193.569988531068	160439.97577170836	10234.192365617177	-1898.7028017867276
-5	-5	4.802222222222222	3296.6347222508766	40.92677854147414	-0.2672462191393231	3.7194712966217085	10234.192365617171	161989.17233368382	10234.192365617177	-1946.3415466903507
-5	-10	4.802222222222222	3305.7255577934234	36.639216556890254	-0.26536645644820206	4.29436413873126	10215.109733472518	164093.14862422107	10234.192365617177	-2111.152547724922
-5	-20	4.802222222222222	3489.708267237225	32.61009957979895	-0.14210401106379303	5.463627410497587	6039.81657398227	34812.36011840069	10234.192365617177	-2155.766470581019
-5	-40	4.802222222222222	3622.395060346419	31.842838269442062	-0.05938161213627622	6.095354716201402	3213.7192739317743	5244.28193041418	10234.192365617177	-2138.66499506645
-10	40	4.802222222222222	3626.9386021486794	58.14942040453743	-0.11816308331705924	6.053480994341179	3189.739260248284	5302.320197010569	10622.265535754357	-4234.609909242638
-10	20	4.802222222222222	3495.7684776473457	57.36456005301736	-0.28263570101441815	5.42848603666551	5994.748890172826	35197.62717006007	10622.265535754357	-4268.293240592019
-10	10	4.802222222222222	3308.3485991198904	53.539670737149095	-0.5047741952146154	4.309599857399974	10035.70614614802	152164.05669994283	10622.265535754357	-4120.414862618409
-10	5	4.802222222222222	3287.879105015412	49.430473146859015	-0.5261086319688925	3.7474592719315787	10293.861218423122	159004.0133021038	10622.265535754357	-3843.0550266220025
-10	2	4.802222222222222	3285.0264565152065	46.90005962931892	-0.5405184410181116	3.590912339734235	10555.864552356341	162295.0801685684	10622.265535754357	-3797.03769460133
-10	0	4.802222222222222	3288.365321342487	45.17765486996712	-0.539969621822294	3.562755458102106	10543.292109114942	161998.6634776447	10622.265535754357	-3783.0415573280716
-10	-2	4.802222222222222	3291.7041861697676	43.45874427433365	-0.5394219159908658	3.5956011883276218	10555.864552356341	162295.08016856847	10622.265535754357	-3803.8817673902167
-10	-5	4.802222222222222	3296.7303380842122	40.8777520435137	-0.5385995203995639	3.7596702380421565	10622.265535754357	163862.18948165147	10622.265535754357	-3900.9447521309653
-10	-10	4.802222222222222	3311.176321759603	36.59338060563081	-0.5270385893631162	4.342132853370048	10289.872030132523	158505.23254752383	10622.265535754357	-4215.243832589828
-10	-20	4.802222222222222	3492.38677140419	32.63501200123028	-0.2829093794404417	5.476854605499095	5994.748890172827	35197.62717006007	10622.265535754357	-4294.43844038177
-10	-40	4.802222222222222	3623.556895905528	31.849852374981413	-0.11827335972447925	6.100681936456851	3189.739260248285	5302.32019701057	10622.265535754357	-4260.75510903239
-15	40	4.802222222222222	3628.8651675038427	58.13788748377907	-0.17602614870857963	6.062323944126492	3150.582977543431	5397.0892327810825	11307.554100793297	-6310.8617871184515
-15	20	4.802222222222222	3500.209995460512	57.3237786499254	-0.4207281594928817	5.450415050126467	5921.159150342507	35826.71878738583	11307.554100793297	-6360.103523324189
-15	10	4.802222222222222	3316.526441425477	53.61976532189918	-0.7559502826753909	4.3877766621299426	10169.447650845364	145860.81089905673	11307.554100793297	-6188.081386268577
-15	5	4.802222222222222	3292.3399675189435	49.474779983440996	-0.7974214314128814	3.815318480160038	10939.205253398895	162112.2251814672	11307.554100793297	-5787.034988530269
-15	2	4.802222222222222	3286.8697340104936	46.91865980795338	-0.817392887247628	3.654406655098199	10873.442299538428	160800.46729568488	11307.554100793297	-5703.938222946181
-15	0	4.802222222222222	3288.365321342485	45.17765486996712	-0.8205461440064047	3.625082189876489	11173.758527104384	165165.41480552137	11307.554100793297	-5691.591559543074
-15	-2	4.802222222222222	3291.7694543293837	43.42517774282907	-0.8196975887734701	3.659112184361233	11195.03901934139	165467.6258525803	11307.554100793297	-5723.778078128156
-15	-5	4.802222222222222	3296.8938575065717	40.793914940088094	-0.8184235226039812	3.8294811170185787	11307.554100793295	167065.36903258297	11307.554100793297	-5874.006759744718
-15	-10	4.802222222222222	3322.7249577382295	36.54329197168588	-0.7840523661859679	4.419280924774439	10364.079606052457	151865.58991150546	11307.554100793297	-6316.933755788276
-15	-20	4.802222222222222	3496.828289217354	32.67584804323216	-0.4211350365042632	5.498743390396706	5921.159150342511	35826.71878738582	11307.554100793297	-6399.072407043638
-15	-40	4.802222222222222	3625.4834612606874	31.861402571492075	-0.17619033887312144	6.109508052227621	3150.582977543431	5397.089232781084	11307.554100793297	-6349.830670837905
-30	40	4.802222222222222	3639.058231791484	58.07853569481429	-0.33910390247511996	6.108954369216941	2956.0297587425125	5867.961840653184	15579.530461609822	-12184.112013355783
-30	20	4.802222222222222	3523.708371575357	57.11776272065581	-0.807362743702337	5.565518002318112	5555.379932100188	38944.21568567386	15579.530461609822	-12269.396263754837
-30	10	4.802222222222222	3366.621377546554	53.63574677548744	-1.456504130786644	4.732487729729123	10035.795740348374	129120.45293512006	15579.530461609822	-12212.800966149714
-30	5	4.802222222222222	3313.101300733979	49.795543489872664	-1.693629981927851	4.241391446561715	14234.22279534243	172208.95128804157	15579.530461609822	-11885.493528968933
-30	2	4.802222222222222	3301.7521354537284	47.00007184773673	-1.7302922439784676	4.055372513254624	15097.956215501845	179080.84500563776	15579.530461609822	-11642.517192143048
-30	0	4.802222222222222	3297.6904268428248	45.10941495212181	-1.746204205558233	4.022886125363148	15077.46390399526	178756.3965961093	15579.530461609822	-11620.072630592029
-30	-2	4.802222222222222	3294.2730082623007	43.20947671778066	-1.7608542501322717	4.0667176808381775	15296.455612236556	180807.1717674338	15579.530461609822	-11722.02269229981
-30	-5	4.802222222222222	3310.3710267708407	40.39510392888541	-1.7329252418925727	4.2632243166792705	14263.935568752831	172410.98010968903	15579.530461609822	-12024.490554947912
-30	-10	4.802222222222222	3376.818091286132	36.567289605316475	-1.4899555003886678	4.7614000224697826	10054.069834205717	130347.5053717644	15579.530461609822	-12396.43200675241
-30	-20	4.802222222222222	3520.3274539267154	32.8821486508258	-0.8081396074582967	5.613633314478341	5555.518702227769	38952.444484943706	15579.530461609822	-12344.683304729566
-30	-40	4.802222222222222	3635.676525548332	31.92084390811961	-0.33941931826528177	6.156049563949317	2956.0297587425107	5867.961840653178	15579.530461609822	-12259.39411576834
-60	40	4.802222222222222	3676.4046251114096	57.88470534594363	-0.581378700041575	6.277594451816792	2424.500480202338	7154.409729252234	8922.06264933494	-21055.672286334626
-60	20	4.802222222222222	3609.5223332068517	56.50107207001742	-1.3646408824107352	5.974793978379561	4555.010482147103	46799.15366284011	8922.06264933494	-21139.68662571911
-60	10	4.802222222222222	3524.5455467207194	52.418094663096745	-2.4748025418880837	5.648714567922595	8282.793710119387	137809.5089457805	8922.06264933494	-21603.10834402135
-60	5	4.802222222222222	3521.197205447596	48.760318061014665	-3.0156025576661705	5.621411012024639	8922.06264933494	152528.29680513171	8922.06264933494	-22451.456276585162
-60	2	4.802222222222222	3525.875712389432	46.506946992725034	-3.170961675135906	5.622580134615131	8569.889385515487	151069.58009209277	8922.06264933494	-22758.74522220433
-60	0	4.802222222222222	3528.983637207101	45.01333894817132	-3.198561021885999	5.623355067306333	8503.37321878692	150793.6657206674	8922.06264933494	-22829.873349834797
-60	-2	4.802222222222222	3532.091562024771	43.52235938672909	-3.16599125171389	5.624128636254551	8569.889385515486	151069.58009209283	8922.06264933494	-22794.82583907229
-60	-5	4.802222222222222	3535.6503798406325	41.28982481547654	-3.0063141999450793	5.626560451228336	8772.36782549607	150396.73212236507	8922.06264933494	-22542.95815958892
-60	-10	4.802222222222222	3535.147787556681	37.75787582180434	-2.5001557822599687	5.673183992412708	8072.79821732449	135112.33860641046	8922.06264933494	-21787.820542543854
-60	-20	4.802222222222222	3606.426101316745	33.502257097621325	-1.3663219480427764	6.021786429377855	4556.570420676055	47492.085901195685	8922.06264933494	-21271.35390157501
-60	-40	4.802222222222222	3673.0229188682574	32.114976349659564	-0.5819139681362737	6.3243660590105035	2424.5004802023373	7154.409729252238	8922.06264933494	-21186.06471261378
60	40	3.6016666666666666	3574.3723810819206	58.23192002617189	0.5979744452723044	6.271174410665715	2424.500480202337	7154.4097292522365	8922.06264933494	20481.09503037093
60	20	3.6016666666666666	3374.57967276086	57.1846693040868	1.4601890549862933	5.937629750692478	4556.513196902446	47472.79373129588	8922.06264933494	19816.31720390352
60	10	3.6016666666666666	3155.0155235582497	53.193704846468684	2.713096450455788	5.567176854610952	8037.897058839508	133274.98615906923	8922.06264933494	19491.25937383506
60	5	3.6016666666666666	3127.7378705214423	49.249434799375614	3.306098421770633	5.510629128424345	8894.312821355148	152193.45455898313	8922.06264933494	20096.948231067807
60	2	3.6016666666666666	3132.3831987944786	46.71258159932008	3.4815397764783804	5.512043888690405	8569.889385515491	151069.58009209292	8922.06264933494	20405.40892485053
60	0	3.6016666666666666	3135.491123612149	45.03132745484804	3.512981938534191	5.513025637005994	8503.373218786921	150793.6657206674	8922.06264933494	20477.61416765274
60	-2	3.6016666666666666	3138.5990484298177	43.3534029561191	3.476703849211018	5.5140054410146435	8569.88938551549	151069.58009209286	8922.06264933494	20443.64377206196
60	-5	3.6016666666666666	3143.2185322674045	40.834583470511234	3.2950600815473448	5.515630867476642	8870.78554422587	151882.67273827546	8922.06264933494	20192.684894185215
60	-10	3.6016666666666666	3169.980944680943	37.00189541054143	2.7310315253734214	5.58889379196246	7601.203922983888	128797.7618395703	8922.06264933494	19671.75980644083
60	-20	3.6016666666666666	3371.2002221842317	32.814674786036115	1.4616572174496394	5.988244585284342	4556.570420676054	47492.085901195685	8922.06264933494	19946.719307391777
60	-40	3.6016666666666666	3570.9906748387707	31.767094061181236	0.5985407234004068	6.319276321346093	2424.5004802023354	7154.409729252231	8922.06264933494	20611.48745665009
30	40	3.6016666666666666	3462.3332011221437	58.68255281592549	0.3564125045315559	6.088866942724491	2956.029758742514	5867.961840653182	15579.530461609818	11609.534757392095
30	20	3.6016666666666666	3116.28600524945	58.327806604398546	0.912918749065147	5.443015909781462	5555.4978020976	38951.18997737066	15579.530461609818	10944.76661277344
30	10	3.6016666666666666	2699.4637669168205	55.17787635531182	1.7141416545287451	4.4110143074242005	9565.628074003771	114258.33846908054	15579.530461609818	9961.014206323693
30	5	3.6016666666666666	2535.29634174582	50.912836084042986	2.1014032900653	3.8137196125323625	11981.910117125275	156625.7281510708	15579.530461609818	9448.360978226217
30	2	3.6016666666666666	2487.793411542895	47.549950553700626	2.2519436251569367	3.6164525551468802	13444.835037789713	171773.97536401992	15579.530461609818	9350.288606316852
30	0	3.6016666666666666	2476.519048853559	45.09693925324471	2.2979237060536404	3.582637523066932	13956.91256493336	175086.4244648912	15579.530461609818	9364.657290199148
30	-2	3.6016666666666666	2485.1054023015813	42.688675542835455	2.2777651484229597	3.6275979404330423	13067.245228930737	166844.89092810857	15579.530461609818	9409.606705152823
30	-5	3.6016666666666666	2532.3823061140674	39.39743857211564	2.153195448746893	3.8347720530604406	11839.267622974185	155042.42753119097	15579.530461609818	9577.743339654338
30	-10	3.6016666666666666	2703.6115247690473	35.05471083417672	1.7539913607402438	4.444134151998249	9667.921609624394	121388.2019569726	15579.530461609818	10114.394971825403
30	-20	3.6016666666666666	3112.9042800141515	31.669260238112688	0.9139105448909173	5.497296654682713	5555.51870222777	38952.444484943735	15579.530461609818	11020.04871054635
30	-40	3.6016666666666666	3458.951494878993	31.315615001169146	0.35676095763750326	6.138348690136227	2956.0297587425125	5867.9618406531845	15579.530461609818	11684.816859804658
15	40	3.6016666666666666	3431.754008259222	58.8127833396516	0.1861366397711125	6.037041359058874	3150.58297754343	5397.089232781082	11307.554100793299	5979.129453717582
15	20	3.6016666666666666	3045.788492129226	58.68622823964368	0.48349940024864024	5.293447478087501	5921.15915034251	35826.71878738584	11307.554100793299	5595.325383794617
15	10	3.6016666666666666	2565.471079703242	55.49141692107829	0.9026967623940009	3.9788349678144455	9156.62109128797	115608.93902603438	11307.554100793299	4878.849692047477
15	5	3.6016666666666666	2469.46922066222	50.91429305862565	1.0405021474266805	3.309373564484255	10924.722223461336	161597.52387652718	11307.554100793299	4597.106615316954
15	2	3.6016666666666666	2463.923254129369	47.50860378192432	1.0676284010245278	3.096257175187841	10864.387543424415	160561.85179362135	11307.554100793299	4515.4354550750295
15	0	3.6016666666666666	2460.281901508138	45.237268852643865	1.085768790029341	3.0571940450943638	10866.479329331994	160268.60068121649	11307.554100793299	4526.9978192572025
15	-2	3.6016666666666666	2459.151376041774	42.93598381476595	1.0972281572469913	3.1012205440356233	11191.996083678958	165437.63446530746	11307.554100793299	4580.159488830189
15	-5	3.6016666666666666	2465.320112687751	39.42952845130576	1.0918980135674177	3.326815367184102	11028.658178717036	163389.5554267053	11307.554100793299	4722.901671793171
15	-10	3.6016666666666666	2559.3058223721746	34.63677804353783	0.9240510030614321	4.015492454550764	9366.666806907995	123674.9361397793	11307.554100793299	4944.196620001039
15	-20	3.6016666666666666	3042.4067858860653	31.310104781463444	0.484036821131334	5.348819787270834	5921.159150342509	35826.71878738581	11307.554100793299	5634.294267514059
15	-40	3.6016666666666666	3428.3723020160674	31.185136754471763	0.18632024277024467	6.086913336258859	3150.58297754343	5397.089232781078	11307.554100793299	6018.098337437032
10	40	3.6016666666666666	3425.9743121937327	58.83776175157997	0.12509441378652103	6.0271419802606205	3189.7392602482855	5302.320197010571	10622.265535754355	4007.6916288115895
10	20	3.6016666666666666	3032.4639386897275	58.75646150874963	0.3258172213223006	5.2643965193036895	5994.748890172826	35197.62717006007	10622.265535754355	3745.154182803536
10	10	3.6016666666666666	2541.770174542313	55.55601141177733	0.6086348498499994	3.8989883843041184	9029.407101754432	115386.3259538934	10622.265535754355	3244.4185108344896
10	5	3.6016666666666666	2466.2864381541326	50.841640002374746	0.6815237014596222	3.220291581243816	10125.141758549174	155181.6808190981	10622.265535754355	3034.438900416959
10	2	3.6016666666666666	2459.5674896036476	47.511384762156204	0.7049115933262559	3.012361731964844	10251.158179604467	157483.3655501635	10622.265535754355	2994.0155856058723
10	0	3.6016666666666666	2456.2244619091985	45.27732867248272	0.7216812650554637	2.9732168162546606	10334.49256289721	159012.6111210352	10622.265535754355	3013.8144012554894
10	-2	3.6016666666666666	2459.085292836433	42.98090880277123	0.7220641692060894	3.016222290644466	10555.864552356345	162295.0801685685	10622.265535754355	3036.6159731553016
10	-5	3.6016666666666666	2464.1114447508808	39.528778529136844	0.7205913445032365	3.234462941501373	10622.265535754352	163862.18948165135	10622.265535754355	3132.6311344723513
10	-10	3.6016666666666666	2532.0472554011235	34.53151011071414	0.6209195726327763	3.9374889812216045	9245.163277749129	122221.28069651757	10622.265535754355	3279.568868834783
10	-20	3.6016666666666666	3029.08223244657	31.239726213087764	0.3261809678458094	5.31997997147853	5994.748890172826	35197.62717006007	10622.265535754355	3771.299382593281
10	-40	3.6016666666666666	3422.592605950581	31.16011066413317	0.1252180138198258	6.07708839462233	3189.7392602482837	5302.320197010568	10622.265535754355	4033.836828601342
5	40	3.6016666666666666	3422.4888055164183	58.852881815239606	0.06285006926279718	6.021155893953165	3213.7192739317743	5244.281930414184	10234.192365617175	2010.3330296271902
5	20	3.6016666666666666	3024.4284261888224	58.79921052046948	0.16396537538227957	5.2467533005650235	6039.816573982272	34812.3601184007	10234.192365617175	1877.0392749806404
5	10	3.6016666666666666	2527.6760843718175	55.60167798810687	0.3070692963467156	3.852006755893375	9015.359160967553	115682.29734432594	10234.192365617175	1621.8209634643922
5	5	3.6016666666666666	2465.7095832360787	50.78362088387266	0.3378807875754491	3.169329312533567	9677.745958373423	152269.97837983025	10234.192365617175	1511.0368850704351
5	2	3.6016666666666666	2455.370943628869	47.530885125790164	0.3518605966341623	2.9632819193889977	9906.257391762638	155683.2611750895	10234.192365617175	1494.8020786251504
5	0	3.6016666666666666	2455.7464280091526	45.28196501145363	0.35875575562546486	2.9250320821406492	10185.86551788245	160146.94725438821	10234.192365617175	1503.7122924472935
5	-2	3.6016666666666666	2459.047128137817	43.007175586380704	0.3582742092755783	2.967280721558034	10193.569988531068	160439.9757717084	10234.192365617175	1513.6084827011114
5	-5	3.6016666666666666	2464.0158289175424	39.594319290021886	0.35755174746259377	3.180706528679958	10234.192365617173	161989.1723336838	10234.192365617175	1560.727326052616
5	-10	3.6016666666666666	2515.664391827878	34.459339356975235	0.3116444604392168	3.891922240903873	9146.789302348525	119304.92733320226	10234.192365617175	1634.3313910743507
5	-20	3.6016666666666666	3021.046719945671	31.19688851642422	0.1641489153222389	5.302464846535735	6039.816573982271	34812.36011840069	10234.192365617175	1890.1618100833873
5	-40	3.6016666666666666	3419.1070992732616	31.14496171363955	0.06291223182905764	6.071147304090341	3213.719273931772	5244.281930414173	10234.192365617175	2023.4555647299337
2	40	3.6016666666666666	3421.5104808964193	58.857133442046745	0.025174049267303766	6.019473505551521	3220.4996194046453	5227.871618753646	10245.035389240702	804.860077528071
2	20	3.6016666666666666	3022.1729894785503	58.81126317760751	0.06570513239168385	5.241784275269574	6052.559455196736	34703.425914106934	10245.035389240702	751.3144404751309
2	10	3.6016666666666666	2523.6525800911845	55.616709995334865	0.12328829743461835	3.839053807620254	9041.429688494263	116009.16318469473	10245.035389240702	649.0689054293065
2	5	3.6016666666666666	2465.6265588456454	50.766717893780374	0.13486838099478418	3.1553525471134907	9577.829317927706	151783.00724750708	10245.035389240702	603.8478195290786
2	2	3.6016666666666666	2452.9288053667806	47.550230670574734	0.14224994249710346	2.9492913581319886	9863.628321035094	155780.7112986402	10245.035389240702	601.1934026483908
2	0	3.6016666666666666	2455.746428009153	45.28196501145363	0.14319600438658428	2.9118388086753586	10088.45216849795	159634.78496821513	10245.035389240702	600.9960073680583
2	-2	3.6016666666666666	2459.0365722442875	43.014440804622396	0.14300441085208992	2.9538430860972444	10094.839061881976	159926.87635774154	10245.035389240702	604.9351283596908
2	-5	3.6016666666666666	2463.989382735787	39.612447968914594	0.14271696085276706	3.1659464077760537	10128.484151239072	161471.11846965394	10245.035389240702	623.684888466294
2	-10	3.6016666666666666	2511.1294537004615	34.438754979297165	0.12479035835442187	3.879264343719117	9119.568362375318	118455.66712271792	10245.035389240702	653.1415381085351
2	-20	3.6016666666666666	3018.791283235398	31.18481082185126	0.06577873650524035	5.297531878745388	6052.559455196739	34703.42591410694	10245.035389240702	756.5690554449383
2	-40	3.6016666666666666	3418.128774653271	31.14070196059195	0.025198955069625564	6.069477559590316	3220.4996194046453	5227.871618753645	10245.035389240702	810.1146924978798
0	40	3.6016666666666666	3421.3240150376896	58.857944172000856	0.0000000000000005316624194466476	6.0191527379928065	3221.794398012599	5224.737896353656	10225.372951420271	0.0000000000018189894035458565
0	20	3.6016666666666666	3021.743109728621	58.81356306009722	0.00000000000000030098346177898915	5.240836351701797	6054.992843003628	34682.62377681779	10225.372951420271	0.0000000000009094947017729282
0	10	3.6016666666666666	2522.8653470305935	55.61990955403864	0.0000000000000001802503456721147	3.836612960619312	9060.258161160269	116230.79235111443	10225.372951420271	0.00000000000045474735088646407
0	5	3.6016666666666666	2465.6107948515164	50.76350836328927	-0.0000000000000004149809619713975	3.1527036852517942	9558.93289015111	151690.5451405315	10225.372951420271	-0.0000000000010231815394945443
0	2	3.6016666666666666	2452.4582880409876	47.55418643001795	0.000000000000000049117735767099116	2.9466028771053954	10076.16468727864	159829.45322574393	10225.372951420271	0.00000000000012045919817182948
0	0	3.6016666666666666	2455.746428009153	45.28196501145363	0.00000000000000007328409409013588	2.9093385513446965	10070.026560000002	159537.53977039998	10225.372951420271	0.00000000000017996715229173785
0	-2	3.6016666666666666	2459.0345679773195	43.01582027205453	0.000000000000000043252489063858895	2.9512965040013226	10076.16468727864	159829.4532257441	10225.372951420271	0.00000000000010635936575909
0	-5	3.6016666666666666	2463.984361350483	39.61589013856864	0.00000000000000025863314156164537	3.163149175491104	10108.492425516402	161372.7546270858	10225.372951420271	0.0000000000006372680161348399
0	-10	3.6016666666666666	2510.2682623196097	34.4348160544866	0.00000000000000008120126059070018	3.876858193737699	9114.445981805779	118293.76881474862	10225.372951420271	0.00000000000020383694732117874
0	-20	3.6016666666666666	3018.361403485466	31.18250616004954	-0.00000000000000044109345209393134	5.296590832805577	6054.99284300363	34682.623776817796	10225.372951420271	-0.0000000000013313794511304877
0	-40	3.6016666666666666	3417.9423087945365	31.139889680893873	0.0000000000000003280702696432828	6.069159202636138	3221.794398012598	5224.737896353652	10225.372951420271	0.0000000000011213252548714081
-2	40	3.6016666666666666	3421.5104808964197	58.857133442046745	-0.025174049267303895	6.01947350555152	3220.4996194046453	5227.871618753646	10245.035389240702	-804.8600775280713
-2	20	3.6016666666666666	3022.172989478551	58.81126317760751	-0.06570513239168353	5.241784275269574	6052.559455196736	34703.425914106934	10245.035389240702	-751.31444047513
-2	10	3.6016666666666666	2523.6525800911854	55.616709995334844	-0.12328829743461844	3.8390538076202554	9041.429688494265	116009.16318469477	10245.035389240702	-649.0689054293072
-2	5	3.6016666666666666	2465.6265588456445	50.76671789378038	-0.13486838099478382	3.155352547113492	9577.829317927706	151783.00724750708	10245.035389240702	-603.8478195290776
-2	2	3.6016666666666666	2452.9288053667806	47.55023067057473	-0.14224994249710252	2.949291358131989	9863.628321035094	155780.71129864026	10245.035389240702	-601.1934026483885
-2	0	3.6016666666666666	2455.7464280091526	45.28196501145366	-0.1431960043865842	2.91183880867536	10088.452168497954	159634.78496821513	10245.035389240702	-600.9960073680581
-2	-2	3.6016666666666666	2459.03657224429	43.01444080462238	-0.14300441085208979	2.9538430860972444	10094.839061881976	159926.87635774154	10245.035389240702	-604.935128359691
-2	-5	3.6016666666666666	2463.989382735787	39.61244796891461	-0.1427169608527675	3.1659464077760537	10128.48415123907	161471.11846965394	10245.035389240702	-623.6848884662951
-2	-10	3.6016666666666666	2511.129453700462	34.438754979297165	-0.1247903583544225	3.879264343719117	9119.568362375318	118455.66712271796	10245.035389240702	-653.1415381085369
-2	-20	3.6016666666666666	3018.7912832353977	31.18481082185126	-0.06577873650524063	5.297531878745389	6052.559455196739	34703.42591410694	10245.035389240702	-756.569055444939
-2	-40	3.6016666666666666	3418.1287746532716	31.140701960591954	-0.025198955069625464	6.069477559590319	3220.4996194046453	5227.871618753641	10245.035389240702	-810.1146924978799
-5	40	3.6016666666666666	3422.488805516419	58.8528818152396	-0.0628500692627969	6.021155893953165	3213.7192739317748	5244.281930414183	10234.192365617177	-2010.3330296271897
-5	20	3.6016666666666666	3024.428426188822	58.799210520469465	-0.16396537538228004	5.2467533005650235	6039.816573982272	34812.36011840071	10234.192365617177	-1877.0392749806415
-5	10	3.6016666666666666	2527.676084371818	55.601677988106886	-0.3070692963467158	3.8520067558933757	9015.359160967551	115682.29734432594	10234.192365617177	-1621.8209634643931
-5	5	3.6016666666666666	2465.7095832360783	50.78362088387268	-0.3378807875754495	3.169329312533568	9677.745958373425	152269.97837983022	10234.192365617177	-1511.036885070436
-5	2	3.6016666666666666	2455.3709436288696	47.53088512579014	-0.3518605966341615	2.9632819193889963	9906.257391762638	155683.26117508946	10234.192365617177	-1494.8020786251486
-5	0	3.6016666666666666	2455.7464280091517	45.28196501145365	-0.3587557556254646	2.9250320821406506	10185.86551788245	160146.94725438824	10234.192365617177	-1503.7122924472924
-5	-2	3.6016666666666666	2459.047128137817	43.00717558638071	-0.35827420927557835	2.9672807215580326	10193.56998853107	160439.9757717084	10234.192365617177	-1513.6084827011111
-5	-5	3.6016666666666666	2464.0158289175424	39.59431929002188	-0.357551747462594	3.1807065286799565	10234.192365617177	161989.1723336839	10234.192365617177	-1560.727326052616
-5	-10	3.6016666666666666	2515.664391827877	34.45933935697522	-0.31164446043921684	3.891922240903872	9146.789302348527	119304.92733320223	10234.192365617177	-1634.3313910743502
-5	-20	3.6016666666666666	3021.0467199456716	31.196888516424217	-0.16414891532223833	5.302464846535737	6039.816573982271	34812.360118400684	10234.192365617177	-1890.1618100833862
-5	-40	3.6016666666666666	3419.107099273262	31.144961713639542	-0.06291223182905778	6.071147304090334	3213.7192739317725	5244.281930414171	10234.192365617177	-2023.4555647299323
-10	40	3.6016666666666666	3425.9743121937327	58.83776175157997	-0.1250944137865205	6.0271419802606205	3189.7392602482855	5302.320197010571	10622.265535754357	-4007.6916288115876
-10	20	3.6016666666666666	3032.4639386897275	58.75646150874962	-0.3258172213222998	5.264396519303687	5994.748890172827	35197.62717006008	10622.265535754357	-3745.154182803533
-10	10	3.6016666666666666	2541.7701745423124	55.55601141177733	-0.608634849849999	3.8989883843041184	9029.407101754432	115386.32595389345	10622.265535754357	-3244.4185108344877
-10	5	3.6016666666666666	2466.286438154133	50.841640002374724	-0.6815237014596225	3.2202915812438158	10125.141758549174	155181.68081909802	10622.265535754357	-3034.4389004169607
-10	2	3.6016666666666666	2459.567489603647	47.5113847621562	-0.7049115933262557	3.012361731964845	10251.158179604468	157483.36555016346	10622.265535754357	-2994.015585605872
-10	0	3.6016666666666666	2456.224461909199	45.27732867248271	-0.7216812650554632	2.9732168162546615	10334.492562897209	159012.61112103524	10622.265535754357	-3013.814401255489
-10	-2	3.6016666666666666	2459.085292836432	42.98090880277124	-0.7220641692060885	3.016222290644469	10555.864552356345	162295.08016856847	10622.265535754357	-3036.6159731553003
-10	-5	3.6016666666666666	2464.111444750879	39.528778529136844	-0.720591344503237	3.234462941501375	10622.265535754352	163862.18948165144	10622.265535754357	-3132.6311344723513
-10	-10	3.6016666666666666	2532.0472554011226	34.53151011071415	-0.6209195726327764	3.937488981221606	9245.16327774913	122221.28069651756	10622.265535754357	-3279.5688688347827
-10	-20	3.6016666666666666	3029.082232446569	31.23972621308778	-0.32618096784580913	5.319979971478535	5994.748890172827	35197.62717006009	10622.265535754357	-3771.2993825932813
-10	-40	3.6016666666666666	3422.59260595058	31.160110664133164	-0.12521801381982575	6.077088394622333	3189.7392602482832	5302.320197010562	10622.265535754357	-4033.8368286013415
-15	40	3.6016666666666666	3431.7540082592213	58.8127833396516	-0.18613663977111233	6.037041359058874	3150.5829775434295	5397.089232781081	11307.554100793297	-5979.129453717582
-15	20	3.6016666666666666	3045.7884921292266	58.68622823964367	-0.48349940024863935	5.2934474780875	5921.159150342507	35826.71878738582	11307.554100793297	-5595.325383794615
-15	10	3.6016666666666666	2565.4710797032412	55.49141692107831	-0.9026967623940007	3.9788349678144463	9156.621091287972	115608.93902603438	11307.554100793297	-4878.849692047475
-15	5	3.6016666666666666	2469.4692206622194	50.91429305862565	-1.04050214742668	3.3093735644842543	10924.722223461336	161597.52387652718	11307.554100793297	-4597.106615316952
-15	2	3.6016666666666666	2463.923254129368	47.508603781924336	-1.067628401024528	3.096257175187841	10864.387543424413	160561.8517936213	11307.554100793297	-4515.435455075028
-15	0	3.6016666666666666	2460.281901508138	45.237268852643844	-1.0857687900293405	3.057194045094361	10866.479329331996	160268.6006812165	11307.554100793297	-4526.9978192572
-15	-2	3.6016666666666666	2459.1513760417724	42.935983814765954	-1.097228157246991	3.1012205440356237	11191.996083678958	165437.63446530746	11307.554100793297	-4580.159488830186
-15	-5	3.6016666666666666	2465.320112687751	39.42952845130575	-1.0918980135674183	3.3268153671841034	11028.658178717036	163389.55542670522	11307.554100793297	-4722.901671793174
-15	-10	3.6016666666666666	2559.305822372175	34.63677804353784	-0.9240510030614321	4.015492454550764	9366.666806907995	123674.93613977934	11307.554100793297	-4944.196620001039
-15	-20	3.6016666666666666	3042.4067858860662	31.31010478146343	-0.4840368211313331	5.348819787270833	5921.159150342509	35826.71878738582	11307.554100793297	-5634.2942675140575
-15	-40	3.6016666666666666	3428.3723020160664	31.185136754471777	-0.18632024277024536	6.086913336258857	3150.5829775434295	5397.089232781078	11307.554100793297	-6018.098337437031
-30	40	3.6016666666666666	3462.3332011221446	58.68255281592549	-0.3564125045315549	6.088866942724491	2956.029758742514	5867.96184065318	15579.530461609822	-11609.534757392095
-30	20	3.6016666666666666	3116.28600524945	58.327806604398546	-0.9129187490651466	5.443015909781462	5555.4978020976005	38951.18997737067	15579.530461609822	-10944.766612773437
-30	10	3.6016666666666666	2699.46376691682	55.1778763553118	-1.7141416545287456	4.4110143074242	9565.62807400377	114258.33846908053	15579.530461609822	-9961.01420632369
-30	5	3.6016666666666666	2535.2963417458213	50.91283608404296	-2.101403290065299	3.813719612532361	11981.910117125277	156625.72815107083	15579.530461609822	-9448.360978226217
-30	2	3.6016666666666666	2487.7934115428952	47.54995055370063	-2.2519436251569362	3.6164525551468802	13444.83503778971	171773.97536402	15579.530461609822	-9350.288606316853
-30	0	3.6016666666666666	2476.5190488535595	45.0969392532447	-2.2979237060536417	3.582637523066931	13956.912564933358	175086.42446489117	15579.530461609822	-9364.657290199151
-30	-2	3.6016666666666666	2485.1054023015818	42.68867554283545	-2.27776514842296	3.6275979404330414	13067.245228930738	166844.89092810854	15579.530461609822	-9409.606705152823
-30	-5	3.6016666666666666	2532.382306114067	39.397438572115654	-2.153195448746893	3.8347720530604406	11839.267622974186	155042.42753119097	15579.530461609822	-9577.743339654338
-30	-10	3.6016666666666666	2703.6115247690486	35.05471083417671	-1.753991360740243	4.444134151998247	9667.921609624396	121388.2019569726	15579.530461609822	-10114.394971825403
-30	-20	3.6016666666666666	3112.904280014149	31.669260238112685	-0.9139105448909179	5.497296654682711	5555.518702227769	38952.44448494373	15579.530461609822	-11020.048710546342
-30	-40	3.6016666666666666	3458.951494878993	31.31561500116914	-0.35676095763750343	6.138348690136226	2956.029758742512	5867.961840653187	15579.530461609822	-11684.816859804656
-60	40	3.6016666666666666	3574.3723810819215	58.23192002617188	-0.5979744452723037	6.271174410665716	2424.500480202337	7154.409729252235	8922.06264933494	-20481.095030370936
-60	20	3.6016666666666666	3374.5796727608604	57.18466930408683	-1.4601890549862937	5.9376297506924836	4556.513196902445	47472.79373129589	8922.06264933494	-19816.317203903538
-60	10	3.6016666666666666	3155.015523558249	53.19370484646869	-2.7130964504557884	5.567176854610951	8037.897058839506	133274.98615906926	8922.06264933494	-19491.259373835048
-60	5	3.6016666666666666	3127.737870521443	49.24943479937561	-3.306098421770631	5.510629128424343	8894.312821355146	152193.45455898313	8922.06264933494	-20096.948231067803
-60	2	3.6016666666666666	3132.3831987944786	46.712581599320075	-3.4815397764783813	5.512043888690402	8569.88938551549	151069.5800920928	8922.06264933494	-20405.408924850522
-60	0	3.6016666666666666	3135.4911236121497	45.03132745484804	-3.512981938534189	5.513025637005993	8503.37321878692	150793.6657206674	8922.06264933494	-20477.61416765274
-60	-2	3.6016666666666666	3138.5990484298177	43.3534029561191	-3.4767038492110176	5.5140054410146435	8569.88938551549	151069.5800920929	8922.06264933494	-20443.64377206196
-60	-5	3.6016666666666666	3143.218532267405	40.834583470511234	-3.2950600815473434	5.515630867476643	8870.785544225875	151882.6727382755	8922.06264933494	-20192.68489418522
-60	-10	3.6016666666666666	3169.9809446809427	37.00189541054143	-2.7310315253734214	5.58889379196246	7601.20392298389	128797.76183957027	8922.06264933494	-19671.759806440827
-60	-20	3.6016666666666666	3371.2002221842313	32.81467478603612	-1.4616572174496396	5.988244585284342	4556.570420676053	47492.08590119569	8922.06264933494	-19946.719307391777
-60	-40	3.6016666666666666	3570.9906748387702	31.76709406118124	-0.5985407234004072	6.319276321346094	2424.500480202336	7154.409729252233	8922.06264933494	-20611.487456650095
60	40	2.401111111111111	3472.3401370524325	58.57851899278804	0.6155454988313639	6.264377072833124	2424.500480202336	7154.409729252241	8922.06264933494	19906.517774407246
60	20	2.401111111111111	3139.426627873401	57.85034219806934	1.5694208420997702	5.895432226946156	4555.717020958247	47176.46488301908	8922.06264933494	18492.178780631508
60	10	2.401111111111111	2795.0695802595815	54.025633867562625	2.951115125043318	5.484108818887145	7532.4907946007015	123270.50963376724	8922.06264933494	17399.126784046683
60	5	2.401111111111111	2736.4342653625954	49.85651101263146	3.5830117994726467	5.372793318885252	8527.343732312664	147858.8659855686	8922.06264933494	17634.89973413806
60	2	2.401111111111111	2738.8906851995257	46.97730266647997	3.781775914271952	5.369746473554138	8569.889385515486	151069.58009209277	8922.06264933494	17915.69971591656
60	0	2.401111111111111	2741.9986100171955	45.054478869107776	3.8181755457918976	5.371030395721089	8503.373218786921	150793.66572066743	8922.06264933494	17988.982073890507
60	-2	2.401111111111111	2745.1065348348657	43.13600899514364	3.7771364590964667	5.372311410654003	8569.889385515482	151069.5800920929	8922.06264933494	17956.088793471463
60	-5	2.401111111111111	2751.8141430907845	40.277367592371796	3.5723087534814364	5.37876504936528	8548.401704560609	148104.76656202515	8922.06264933494	17733.520148949738
60	-10	2.401111111111111	2814.389281564866	36.17609574429601	2.9550181311442736	5.501338981439368	7114.607606711274	121214.40084321445	8922.06264933494	17566.87859754877
60	-20	2.401111111111111	3136.0048809876607	32.14751730371262	1.5712157593597225	5.949727368124389	4556.057838710047	47308.71380858949	8922.06264933494	18622.296080539287
60	-40	2.401111111111111	3468.958430809283	31.419788813907765	0.6161455619620867	6.313887175449631	2424.5004802023386	7154.409729252236	8922.06264933494	20036.910200686405
30	40	2.401111111111111	3285.608170452806	59.28490005725324	0.37558308347055147	6.0666186066659655	2956.029758742511	5867.961840653177	15579.530461609818	11034.95750142841
30	20	2.401111111111111	2710.1434633029025	59.47806849292586	1.0468620245810338	5.286648910214926	5528.213506467282	37202.13099004122	15579.530461609818	9620.829239980489
30	10	2.401111111111111	2081.727819382711	56.7254526408774	1.9920652067811617	4.067290960271637	8654.1471028597	93277.1753867768	15579.530461609818	7824.849644745774
30	5	2.401111111111111	1828.3908618640205	52.24674303965987	2.601170329755905	3.421280064836263	9130.799632362792	136342.83790090863	15579.530461609818	7246.497371387788
30	2	2.401111111111111	1748.4916595736024	48.15543597883613	2.9136182517937605	3.2181857370755154	8682.291377874371	148832.2365426961	15579.530461609818	7225.397504077888
30	0	2.401111111111111	1734.566262593941	45.161623798744095	2.9799016378941205	3.179835538320381	8394.871522207482	150149.5505295696	15579.530461609818	7234.161740150612
30	-2	2.401111111111111	1753.3960079109215	42.183921995053126	2.9132944267793732	3.223145076510765	8508.431948866257	146681.08637581093	15579.530461609818	7249.520157802365
30	-5	2.401111111111111	1831.4084928824568	38.18966546056496	2.6429292399320343	3.439875350693148	8748.03886910775	133229.08353301923	15579.530461609818	7341.716553947254
30	-10	2.401111111111111	2073.888236366501	33.45650468874309	2.0331310920687935	4.109264792226415	8773.416754987255	102547.85273543709	15579.530461609818	7912.662514159666
30	-20	2.401111111111111	2706.4375337164815	30.51680027666516	1.0490048463955026	5.348140565865846	5532.595513759675	37488.16086611282	15579.530461609818	9695.907537912806
30	-40	2.401111111111111	3282.2264642096525	30.711927202041686	0.37597004996175637	6.118741678826773	2956.0297587425102	5867.961840653185	15579.530461609818	11110.239603840968
15	40	2.401111111111111	3234.642849014598	59.48571563570856	0.1974793476234982	6.0086774572066854	3150.5829775434286	5397.089232781081	11307.554100793299	5647.397120316704
15	20	2.401111111111111	2591.423509563369	59.96804914536898	0.5681360035550055	5.081575369588865	5908.844162702759	35604.46229739676	11307.554100793299	4830.376425243781
15	10	2.401111111111111	1897.144535943236	57.527231998804524	1.062882085151835	3.5858334297838255	7904.474677009247	80058.93520856474	11307.554100793299	3708.4380465433887
15	5	2.401111111111111	1679.835011965116	53.19786252955896	1.4461485488004815	2.8653036744307654	9091.902674612034	131039.77521256258	11307.554100793299	3592.2723985085368
15	2	2.401111111111111	1641.0126421613927	48.68970315893857	1.568686876468544	2.580339607200092	10834.013006000301	160313.18144349716	11307.554100793299	3582.455643850774
15	0	2.401111111111111	1637.346689285916	45.27976870711838	1.5971798473698942	2.5231881544814674	10866.47932933199	160268.6006812165	11307.554100793299	3595.2963599177333
15	-2	2.401111111111111	1634.2287570743792	41.8629677733696	1.62313743501573	2.589120016346051	10672.624583323397	157733.6162169462	11307.554100793299	3657.3123408287256
15	-5	2.401111111111111	1667.5012745464294	37.27246888577951	1.5110428064569708	2.878226204205306	9328.198891012147	137443.90179905394	11307.554100793299	3675.9982708331772
15	-10	2.401111111111111	1881.0211543718108	32.55976497672947	1.0800558985175388	3.628279969137927	7990.0610456519	82578.4007208292	11307.554100793299	3728.789321815247
15	-20	2.401111111111111	2588.003441749045	30.024106397952767	0.5689794700091548	5.146293375253095	5915.110297780572	35720.48939719364	11307.554100793299	4869.459692369818
15	-40	2.401111111111111	3231.261142771445	30.51066941340231	0.19768602146174433	6.061562005791536	3150.5829775434295	5397.089232781073	11307.554100793299	5686.36600403616
10	40	2.401111111111111	3225.0100222387855	59.524087408389256	0.13288958647453808	5.997520370946986	3189.7392602482837	5302.320197010569	10622.265535754355	3780.7733483805373
10	20	2.401111111111111	2569.159399732111	60.06458294500295	0.38457285848709394	5.041125451589619	5994.748890172827	35197.62717006002	10622.265535754355	3222.015125015049
10	10	2.401111111111111	1864.5836171249246	57.723137354439	0.7167472993945868	3.502250463235977	7816.022609402078	76208.92638320095	10622.265535754355	2450.0958910764575
10	5	2.401111111111111	1661.05912090803	53.34822542876918	0.9886817134179657	2.7582874181158727	9280.91597691566	137228.4542081759	10622.265535754355	2412.9092944352146
10	2	2.401111111111111	1637.254044588828	48.68634810914252	1.0266132177355176	2.4565427137984885	10113.376055712995	154424.70925605568	10622.265535754355	2353.7013874277172
10	0	2.401111111111111	1633.0607411818855	45.34371588221843	1.0517546068410013	2.398530734451303	10253.350785136068	157195.73700317717	10622.265535754355	2371.6558717268595
10	-2	2.401111111111111	1629.489204982346	41.975351186441095	1.078583914677621	2.4601716978619095	10279.970390031998	157483.3655501635	10622.265535754355	2426.9646984652295
10	-5	2.401111111111111	1645.0587993257132	37.06093121757556	1.037614840344824	2.769740376395433	9545.672854576504	143454.94984206287	10622.265535754355	2472.21329559454
10	-10	2.401111111111111	1847.9387859837127	32.36239772434514	0.7281691870237019	3.5435447939207774	7871.596512358255	77735.8958132412	10622.265535754355	2462.2615628183894
10	-20	2.401111111111111	2565.7776934889503	29.927108643613753	0.38507972719976424	5.106451380122941	5994.748890172826	35197.627170060085	10622.265535754355	3248.1603248047904
10	-40	2.401111111111111	3221.6283159956365	30.472212050745526	0.13302907914723366	6.0505513354622655	3189.7392602482832	5302.320197010567	10622.265535754355	3806.918548170293
5	40	2.401111111111111	3219.2008444432604	59.54729317843824	0.0668189618703508	5.990759697312702	3213.7192739317734	5244.281930414181	10234.192365617175	1895.1235992906709
5	20	2.401111111111111	2555.766878897267	60.12345528054482	0.19403238468715736	5.016481832528241	6039.8165739822725	34812.360118400684	10234.192365617175	1611.43461448301
5	10	2.401111111111111	1845.3184669188647	57.847298538202104	0.3607523851193338	3.452815085954175	7755.379073809708	73312.51363853658	10234.192365617175	1218.486438250439
5	5	2.401111111111111	1653.2503442030027	53.39632124969905	0.5020852587698144	2.69096092694512	9541.043949626988	146911.72168056344	10234.192365617175	1214.6552141088694
5	2	2.401111111111111	1636.8594542889323	48.65380889357403	0.5089721623522353	2.386762337035128	9639.37669063019	150813.73211596158	10234.192365617175	1170.445214513987
5	0	2.401111111111111	1628.9050194422007	45.406041386421705	0.5201610991064942	2.3252425045190583	9905.75345197731	155398.92034934284	10234.192365617175	1174.179839863446
5	-2	2.401111111111111	1626.4441608467744	42.053361448983644	0.5416175656862341	2.3842720713614716	10167.300818744527	160150.51691557857	10234.192365617175	1215.538577162206
5	-5	2.401111111111111	1633.670596637258	36.94754403237593	0.5319740263024875	2.702333329047961	9837.082608562308	152975.14383905657	10234.192365617175	1250.531668663927
5	-10	2.401111111111111	1828.4809290826204	32.23930899431753	0.36656456865426673	3.4932673147353057	7808.893163036846	74813.68726558941	10234.192365617175	1224.4020042365103
5	-20	2.401111111111111	2552.385172654116	29.86805416546077	0.19428946208037287	5.082117879372472	6039.81657398227	34812.3601184007	10234.192365617175	1624.5571495857528
5	-40	2.401111111111111	3215.8191382001055	30.448954348270057	0.06688922766914351	6.04387934955482	3213.719273931773	5244.281930414181	10234.192365617175	1908.2461343934126
2	40	2.401111111111111	3217.570303409934	59.55381553083252	0.026769663221779313	5.988857699300419	3220.4996194046435	5227.871618753641	10245.035389240702	758.5791219181602
2	20	2.401111111111111	2552.0078177134833	60.14004937520549	0.0778102147673564	5.009518284095659	6052.55945519674	34703.42591410695	10245.035389240702	644.617988054779
2	10	2.401111111111111	1839.974676847608	57.882691079510316	0.14456946444360425	3.43904613797769	7739.465906721164	72499.05350264747	10245.035389240702	486.6776737767735
2	5	2.401111111111111	1652.3878884557764	53.38704738441678	0.20121485887874707	2.670926496020116	9567.909760862385	151314.14244929564	10245.035389240702	486.30812375106535
2	2	2.401111111111111	1636.8263154171782	48.64360281277561	0.20315842859876054	2.3676621241843367	9546.020468940542	150331.41817148073	10245.035389240702	467.58380356283
2	0	2.401111111111111	1626.536583206841	45.44164790025422	0.20459799018478836	2.3041633392839658	9681.192219630344	152105.71059553273	10245.035389240702	463.37993349409174
2	-2	2.401111111111111	1626.4176789109565	42.06451652391466	0.21621326479493447	2.3639464502268184	10094.839061881976	159926.87635774154	10245.035389240702	485.619197687366
2	-5	2.401111111111111	1631.458275634492	36.93092131390093	0.21523526167928347	2.682362393247354	10056.990098141685	159949.4101244652	10245.035389240702	503.65930201874176
2	-10	2.401111111111111	1823.083838672876	32.204203381978914	0.14690579466023854	3.47926156559121	7792.419120611631	73993.08341108625	10245.035389240702	489.0254329964532
2	-20	2.401111111111111	2548.6261114703307	29.851408509955892	0.07791345913414523	5.075241900175616	6052.559455196739	34703.42591410693	10245.035389240702	649.8726030245881
2	-40	2.401111111111111	3214.1885971667825	30.44241737621943	0.02679782807101164	6.042002297737101	3220.4996194046453	5227.871618753647	10245.035389240702	763.8337368879686
0	40	2.401111111111111	3217.2595269787153	59.55505911479183	0.00000000000000014134618207611966	5.988494965205409	3221.7943980126	5224.737896353659	10225.372951420271	0.0000000000004547473508864641
0	20	2.401111111111111	2551.2913514636007	60.143215647402826	0.0000000000000001782420305017649	5.008188723534811	6054.992843003631	34682.62377681783	10225.372951420271	0.0000000000004547473508864641
0	10	2.401111111111111	1838.9592819550214	57.889463931326475	0	3.4364270177578153	7736.4868543071725	72343.98340914024	10225.372951420271	0
0	5	2.401111111111111	1652.3592637404058	53.382552444487864	-0.00000000000000017200683927577874	2.6669931016253003	9558.93289015111	151690.54514053158	10225.372951420271	-0.00000000000028421709430404007
0	2	2.401111111111111	1636.8200232784827	48.6416649187094	-0.00000000000000019100377517880157	2.364042347235073	9528.362685683716	150239.84033334974	10225.372951420271	-0.0000000000003126388037344441
0	0	2.401111111111111	1626.4973302313751	45.44222467515882	-0.0000000000000003320094470126535	2.300559486373025	9522.558264583333	149965.4414035098	10225.372951420271	-0.0000000000005400124791776761
0	-2	2.401111111111111	1626.4156746439846	42.06660101821222	0.00000000000000010860475951606121	2.360096936490465	10076.164687278639	159829.45322574404	10225.372951420271	0.0000000000001766364832178624
0	-5	2.401111111111111	1631.3654680171496	36.93428921955816	-0.00000000000000008779073296845071	2.6782264380670937	10108.492425516399	161372.75462708573	10225.372951420271	-0.0000000000001432187701766452
0	-10	2.401111111111111	1822.0583235467188	32.197484509638706	-0.00000000000000000658069421324111	3.4765972887889034	7789.334004867241	73836.6564893722	10225.372951420271	-0.00000000000001199040866595169
0	-20	2.401111111111111	2547.909645220443	29.848232388521634	0.00000000000000037543252752758953	5.073929056286634	6054.992843003631	34682.62377681778	10225.372951420271	0.0000000000009565681580170349
0	-40	2.401111111111111	3213.877820735563	30.441171003647074	-0.00000000000000013569140720257743	6.041644320956883	3221.794398012596	5224.737896353657	10225.372951420271	-0.00000000000043609560407276144
-2	40	2.401111111111111	3217.5703034099333	59.55381553083254	-0.026769663221779597	5.988857699300419	3220.4996194046435	5227.871618753644	10245.035389240702	-758.579121918161
-2	20	2.401111111111111	2552.0078177134837	60.14004937520549	-0.07781021476735674	5.00951828409566	6052.559455196736	34703.42591410693	10245.035389240702	-644.61798805478
-2	10	2.401111111111111	1839.9746768476075	57.882691079510316	-0.1445694644436039	3.4390461379776904	7739.465906721165	72499.05350264751	10245.035389240702	-486.67767377677285
-2	5	2.401111111111111	1652.3878884557762	53.38704738441678	-0.20121485887874677	2.670926496020116	9567.909760862387	151314.1424492957	10245.035389240702	-486.3081237510647
-2	2	2.401111111111111	1636.8263154171784	48.64360281277562	-0.20315842859875943	2.3676621241843367	9546.020468940542	150331.41817148076	10245.035389240702	-467.5838035628282
-2	0	2.401111111111111	1626.5365832068403	45.441647900254246	-0.20459799018478828	2.304163339283966	9681.192219630342	152105.71059553276	10245.035389240702	-463.37993349409146
-2	-2	2.401111111111111	1626.4176789109567	42.064516523914676	-0.21621326479493452	2.3639464502268175	10094.839061881976	159926.87635774145	10245.035389240702	-485.61919768736607
-2	-5	2.401111111111111	1631.4582756344919	36.930921313900924	-0.21523526167928325	2.682362393247355	10056.990098141683	159949.41012446518	10245.035389240702	-503.6593020187413
-2	-10	2.401111111111111	1823.083838672877	32.20420338197891	-0.14690579466023915	3.4792615655912082	7792.419120611632	73993.0834110862	10245.035389240702	-489.02543299645447
-2	-20	2.401111111111111	2548.6261114703307	29.851408509955892	-0.07791345913414507	5.075241900175616	6052.559455196738	34703.425914106934	10245.035389240702	-649.8726030245878
-2	-40	2.401111111111111	3214.1885971667825	30.442417376219442	-0.02679782807101148	6.042002297737101	3220.4996194046453	5227.871618753648	10245.035389240702	-763.833736887968
-5	40	2.401111111111111	3219.200844443261	59.54729317843823	-0.0668189618703501	5.990759697312702	3213.7192739317734	5244.2819304141785	10234.192365617177	-1895.123599290669
-5	20	2.401111111111111	2555.766878897268	60.12345528054482	-0.19403238468715603	5.0164818325282425	6039.816573982273	34812.3601184007	10234.192365617177	-1611.4346144830076
-5	10	2.401111111111111	1845.3184669188647	57.847298538202104	-0.3607523851193335	3.4528150859541746	7755.379073809708	73312.51363853659	10234.192365617177	-1218.4864382504386
-5	5	2.401111111111111	1653.2503442030024	53.39632124969904	-0.5020852587698134	2.6909609269451193	9541.043949626988	146911.72168056344	10234.192365617177	-1214.6552141088675
-5	2	2.401111111111111	1636.8594542889323	48.653808893574016	-0.5089721623522353	2.3867623370351274	9639.37669063019	150813.73211596155	10234.192365617177	-1170.4452145139867
-5	0	2.401111111111111	1628.905019442201	45.40604138642171	-0.520161099106494	2.3252425045190597	9905.75345197731	155398.9203493428	10234.192365617177	-1174.179839863446
-5	-2	2.401111111111111	1626.4441608467746	42.05336144898362	-0.5416175656862346	2.384272071361471	10167.300818744528	160150.5169155785	10234.192365617177	-1215.538577162207
-5	-5	2.401111111111111	1633.6705966372574	36.947544032375916	-0.5319740263024875	2.702333329047962	9837.082608562308	152975.14383905657	10234.192365617177	-1250.5316686639264
-5	-10	2.401111111111111	1828.4809290826202	32.23930899431754	-0.3665645686542675	3.493267314735306	7808.893163036844	74813.68726558938	10234.192365617177	-1224.4020042365119
-5	-20	2.401111111111111	2552.385172654115	29.868054165460777	-0.1942894620803723	5.082117879372473	6039.81657398227	34812.36011840073	10234.192365617177	-1624.557149585751
-5	-40	2.401111111111111	3215.8191382001046	30.448954348270046	-0.06688922766914321	6.043879349554822	3213.7192739317725	5244.281930414181	10234.192365617177	-1908.2461343934117
-10	40	2.401111111111111	3225.010022238786	59.524087408389256	-0.13288958647453783	5.997520370946985	3189.7392602482837	5302.320197010568	10622.265535754357	-3780.7733483805373
-10	20	2.401111111111111	2569.1593997321106	60.06458294500295	-0.3845728584870931	5.041125451589617	5994.748890172825	35197.62717006005	10622.265535754357	-3222.015125015045
-10	10	2.401111111111111	1864.5836171249246	57.723137354439	-0.716747299394587	3.5022504632359777	7816.022609402077	76208.92638320096	10622.265535754357	-2450.095891076458
-10	5	2.401111111111111	1661.0591209080292	53.34822542876919	-0.9886817134179657	2.758287418115872	9280.91597691566	137228.45420817586	10622.265535754357	-2412.9092944352133
-10	2	2.401111111111111	1637.2540445888274	48.68634810914252	-1.0266132177355178	2.4565427137984885	10113.376055712995	154424.70925605568	10622.265535754357	-2353.7013874277163
-10	0	2.401111111111111	1633.060741181886	45.34371588221843	-1.0517546068409998	2.3985307344513016	10253.35078513607	157195.73700317717	10622.265535754357	-2371.655871726857
-10	-2	2.401111111111111	1629.4892049823472	41.975351186441095	-1.0785839146776204	2.4601716978619086	10279.970390031998	157483.36555016346	10622.265535754357	-2426.96469846523
-10	-5	2.401111111111111	1645.0587993257132	37.06093121757556	-1.0376148403448249	2.769740376395433	9545.672854576504	143454.9498420629	10622.265535754357	-2472.2132955945413
-10	-10	2.401111111111111	1847.9387859837136	32.36239772434514	-0.7281691870237021	3.5435447939207774	7871.596512358255	77735.89581324122	10622.265535754357	-2462.2615628183908
-10	-20	2.401111111111111	2565.77769348895	29.927108643613764	-0.38507972719976435	5.1064513801229445	5994.748890172826	35197.627170060085	10622.265535754357	-3248.1603248047923
-10	-40	2.401111111111111	3221.6283159956365	30.472212050745526	-0.1330290791472335	6.050551335462265	3189.739260248282	5302.320197010567	10622.265535754357	-3806.918548170292
-15	40	2.401111111111111	3234.6428490145986	59.48571563570855	-0.19747934762349853	6.008677457206685	3150.58297754343	5397.089232781079	11307.554100793297	-5647.397120316706
-15	20	2.401111111111111	2591.423509563369	59.96804914536897	-0.5681360035550055	5.081575369588864	5908.84416270276	35604.46229739675	11307.554100793297	-4830.376425243781
-15	10	2.401111111111111	1897.1445359432366	57.52723199880452	-1.0628820851518348	3.585833429783825	7904.474677009246	80058.93520856474	11307.554100793297	-3708.438046543389
-15	5	2.401111111111111	1679.8350119651159	53.19786252955895	-1.446148548800481	2.865303674430765	9091.902674612034	131039.7752125626	11307.554100793297	-3592.2723985085345
-15	2	2.401111111111111	1641.0126421613932	48.689703158938556	-1.5686868764685438	2.580339607200093	10834.013006000301	160313.18144349722	11307.554100793297	-3582.455643850775
-15	0	2.401111111111111	1637.3466892859162	45.27976870711837	-1.597179847369893	2.523188154481468	10866.479329331993	160268.6006812165	11307.554100793297	-3595.296359917732
-15	-2	2.401111111111111	1634.2287570743788	41.86296777336962	-1.62313743501573	2.589120016346052	10672.624583323397	157733.6162169462	11307.554100793297	-3657.3123408287256
-15	-5	2.401111111111111	1667.5012745464292	37.272468885779524	-1.5110428064569714	2.878226204205307	9328.198891012144	137443.90179905397	11307.554100793297	-3675.9982708331786
-15	-10	2.401111111111111	1881.021154371811	32.559764976729475	-1.0800558985175388	3.6282799691379264	7990.061045651904	82578.40072082926	11307.554100793297	-3728.7893218152476
-15	-20	2.401111111111111	2588.003441749046	30.024106397952778	-0.5689794700091548	5.146293375253094	5915.110297780574	35720.489397193654	11307.554100793297	-4869.459692369819
-15	-40	2.401111111111111	3231.261142771445	30.51066941340232	-0.1976860214617446	6.0615620057915365	3150.5829775434295	5397.089232781075	11307.554100793297	-5686.366004036161
-30	40	2.401111111111111	3285.608170452805	59.28490005725325	-0.37558308347055186	6.066618606665966	2956.029758742511	5867.961840653184	15579.530461609822	-11034.95750142841
-30	20	2.401111111111111	2710.1434633029025	59.47806849292585	-1.0468620245810345	5.286648910214927	5528.21350646728	37202.13099004123	15579.530461609822	-9620.829239980492
-30	10	2.401111111111111	2081.7278193827105	56.7254526408774	-1.9920652067811617	4.067290960271637	8654.147102859699	93277.1753867768	15579.530461609822	-7824.849644745772
-30	5	2.401111111111111	1828.390861864021	52.24674303965985	-2.601170329755905	3.421280064836263	9130.799632362796	136342.83790090863	15579.530461609822	-7246.49737138779
-30	2	2.401111111111111	1748.4916595736022	48.155435978836124	-2.9136182517937605	3.2181857370755145	8682.291377874377	148832.23654269613	15579.530461609822	-7225.397504077885
-30	0	2.401111111111111	1734.5662625939403	45.16162379874411	-2.9799016378941205	3.179835538320381	8394.87152220748	150149.5505295696	15579.530461609822	-7234.161740150608
-30	-2	2.401111111111111	1753.3960079109213	42.18392199505313	-2.913294426779372	3.223145076510765	8508.43194886625	146681.08637581093	15579.530461609822	-7249.520157802362
-30	-5	2.401111111111111	1831.408492882456	38.18966546056496	-2.642929239932035	3.439875350693149	8748.038869107748	133229.0835330192	15579.530461609822	-7341.716553947254
-30	-10	2.401111111111111	2073.8882363665007	33.4565046887431	-2.0331310920687944	4.1092647922264165	8773.416754987255	102547.85273543703	15579.530461609822	-7912.662514159667
-30	-20	2.401111111111111	2706.437533716481	30.516800276665148	-1.0490048463955028	5.348140565865846	5532.595513759675	37488.16086611281	15579.530461609822	-9695.907537912806
-30	-40	2.401111111111111	3282.2264642096534	30.711927202041668	-0.3759700499617558	6.118741678826769	2956.02975874251	5867.961840653179	15579.530461609822	-11110.239603840962
-60	40	2.401111111111111	3472.340137052432	58.57851899278803	-0.6155454988313638	6.264377072833124	2424.500480202336	7154.409729252239	8922.06264933494	-19906.517774407243
-60	20	2.401111111111111	3139.4266278734012	57.85034219806931	-1.5694208420997695	5.895432226946155	4555.717020958244	47176.46488301906	8922.06264933494	-18492.17878063151
-60	10	2.401111111111111	2795.0695802595806	54.02563386756263	-2.951115125043319	5.484108818887145	7532.490794600695	123270.50963376724	8922.06264933494	-17399.126784046675
-60	5	2.401111111111111	2736.434265362596	49.85651101263145	-3.5830117994726463	5.372793318885254	8527.34373231266	147858.86598556855	8922.06264933494	-17634.899734138067
-60	2	2.401111111111111	2738.8906851995257	46.97730266647997	-3.781775914271952	5.369746473554137	8569.889385515493	151069.58009209286	8922.06264933494	-17915.699715916555
-60	0	2.401111111111111	2741.998610017196	45.05447886910777	-3.818175545791898	5.371030395721086	8503.373218786923	150793.6657206674	8922.06264933494	-17988.982073890504
-60	-2	2.401111111111111	2745.106534834865	43.13600899514365	-3.777136459096467	5.372311410654006	8569.889385515487	151069.58009209277	8922.06264933494	-17956.088793471466
-60	-5	2.401111111111111	2751.814143090784	40.27736759237179	-3.5723087534814364	5.378765049365281	8548.401704560605	148104.76656202515	8922.06264933494	-17733.520148949738
-60	-10	2.401111111111111	2814.389281564866	36.176095744296035	-2.9550181311442745	5.501338981439367	7114.607606711275	121214.40084321446	8922.06264933494	-17566.87859754877
-60	-20	2.401111111111111	3136.004880987661	32.147517303712604	-1.5712157593597225	5.949727368124388	4556.057838710045	47308.71380858949	8922.06264933494	-18622.296080539287
-60	-40	2.401111111111111	3468.9584308092835	31.419788813907747	-0.6161455619620875	6.313887175449634	2424.5004802023373	7154.409729252236	8922.06264933494	-20036.910200686416
60	40	1.2005555555555556	3370.307893022945	58.92444632570096	0.6341804397748997	6.257168171633323	2424.50048020234	7154.409729252233	8922.06264933494	19331.940518443553
60	20	1.2005555555555556	2905.2065286235616	58.49457446481044	1.693768644507151	5.848178859160154	4552.352042529558	45723.5752116271	8922.06264933494	17174.29044684715
60	10	1.2005555555555556	2451.117115701688	54.90529183947318	3.184045177206342	5.3958865450461175	6841.528802753412	108747.20360225387	8922.06264933494	15356.242387732394
60	5	1.2005555555555556	2352.7055042613483	50.57897812435343	3.8465520061544214	5.207775840978354	7868.774427602215	140264.134516252	8922.06264933494	15135.759554340293
60	2	1.2005555555555556	2345.3981785284227	47.33084929863569	4.066464815362589	5.179701989310129	8569.778495610659	151067.9136700976	8922.06264933494	15289.617689619092
60	0	1.2005555555555556	2348.5060964222425	45.08538832853856	4.109503732855859	5.181452510731875	8503.37321878692	150793.6657206674	8922.06264933494	15363.977068548078
60	-2	1.2005555555555556	2351.6140212399123	42.84586253705601	4.062128670526655	5.183198424916827	8569.889385515486	151069.58009209277	8922.06264933494	15332.16090330078
60	-5	1.2005555555555556	2367.6770899819044	39.61907885496108	3.8363739943662347	5.214825277774671	7898.685868953955	140606.2430191931	8922.06264933494	15234.482413719496
60	-10	1.2005555555555556	2471.0668648067235	35.284684878856545	3.173645708660844	5.41138758278941	6619.429182321897	112205.8422729771	8922.06264933494	15501.550947497162
60	-20	1.2005555555555556	2901.5377108619005	31.50250792704211	1.6965268976012589	5.906349893577107	4553.055922345434	46031.978103555055	8922.06264933494	17302.77610121055
60	-40	1.2005555555555556	3366.926186779794	31.073113068278435	0.6348174041256148	6.30817140127639	2424.500480202336	7154.409729252233	8922.06264933494	19462.332944722715
30	40	1.2005555555555556	3108.8831397834647	59.88529264493248	0.3969331725413944	6.041840849142884	2956.0297587425107	5867.961840653182	15579.530461609818	10460.380245464712
30	20	1.2005555555555556	2311.311899078146	60.56765289441203	1.2071727305433013	5.0945024947242175	5464.120075731889	33183.298524620164	15579.530461609818	8303.835233444179
30	10	1.2005555555555556	1534.912407305661	58.29652833736354	2.3064513148121804	3.7191250873506174	7083.020714127613	69410.91892401426	15579.530461609818	5920.16939574272
30	5	1.2005555555555556	1226.2378646025354	53.816874858125935	3.181990883909218	3.0640149329507427	5826.526568964331	103536.09276008006	15579.530461609818	5257.730780681916
30	2	1.2005555555555556	1136.034087143847	49.03461756191274	3.5847038847415376	2.825263428979305	4641.047065742075	119407.41633640302	15579.530461609818	5131.5527006976845
30	0	1.2005555555555556	1121.5105591297972	45.321035256470076	3.667570581310308	2.777218047162615	4407.471616584684	121129.29603093033	15579.530461609818	5119.491943213578
30	-2	1.2005555555555556	1141.027134331069	41.60214724744088	3.578625454857394	2.8288411461733336	4670.501779398194	119677.94196154269	15579.530461609818	5150.141360164939
30	-5	1.2005555555555556	1231.814266863798	36.710590151458334	3.180119195363244	3.074735349133797	5586.070947617977	108621.73042392518	15579.530461609818	5286.246774625225
30	-10	1.2005555555555556	1518.1596405703076	31.82416657133647	2.3494331511029336	3.7701457049317617	6988.296071244566	72445.5415498584	15579.530461609818	5950.793568137971
30	-20	1.2005555555555556	2306.6042830273454	29.427225158836343	1.2126420944229435	5.163787018260577	5471.685027642926	33627.89979511786	15579.530461609818	8377.753681675556
30	-40	1.2005555555555556	3105.5014335403152	30.11004361059386	0.39736540914357266	6.096903111841585	2956.029758742511	5867.961840653177	15579.530461609818	10535.662347877274
15	40	1.2005555555555556	3037.5316897699786	60.156302114652526	0.2102941548790196	5.9766323812000905	3150.5829775434318	5397.089232781082	11307.554100793299	5315.664786915837
15	20	1.2005555555555556	2142.80309700133	61.147066417553305	0.6730962167410479	4.7976741404569845	5757.732642102521	31859.029740361424	11307.554100793299	4053.9487348905554
15	10	1.2005555555555556	1326.8441022405968	59.616887852740504	1.2660936932822573	3.2035109715383516	6504.067533740165	48946.14764915732	11307.554100793299	2722.793227370915
15	5	1.2005555555555556	997.5498258370603	56.23257796121756	1.9922921371244833	2.4756293590340817	6974.8349528296585	88023.69943556598	11307.554100793299	2558.8613999247386
15	2	1.2005555555555556	874.7646138443404	50.78566127719393	2.6235056140271458	2.1562434230359075	7054.070926136633	124787.94890903503	11307.554100793299	2704.937246882956
15	0	1.2005555555555556	843.3203433052417	45.46569731836625	2.834573740827951	2.0820607230549646	6581.240819212384	137575.633918617	11307.554100793299	2763.4468754195354
15	-2	1.2005555555555556	870.3285785743792	40.02368557053907	2.6319877776129488	2.1552729865200417	6895.112862662002	127189.82133753125	11307.554100793299	2698.1323152208597
15	-5	1.2005555555555556	978.9164592487215	34.21398267658692	2.03344405852678	2.4865338697237296	6805.337741629457	93439.74171362341	11307.554100793299	2552.7385159245964
15	-10	1.2005555555555556	1306.225660745017	30.510669960049082	1.296754630137734	3.245407321646756	6562.767555166157	50055.73420001575	11307.554100793299	2733.332071696215
15	-20	1.2005555555555556	2138.319879800879	28.84416161724615	0.6769618714302758	4.872266076113433	5773.378033176679	32312.515560676366	11307.554100793299	4094.7333329087683
15	-40	1.2005555555555556	3034.1499835268237	29.838351057996277	0.21052853783975425	6.032916816969196	3150.58297754343	5397.089232781074	11307.554100793299	5354.633670635288
10	40	1.2005555555555556	3024.0457322838397	60.207995514220755	0.14172082242548828	5.963961727467838	3189.7392602482855	5302.320197010562	10622.265535754355	3553.855067949489
10	20	1.2005555555555556	2109.3467314901714	61.25126913700528	0.46008320442909995	4.731047386582477	5839.691219164018	32247.68824485372	10622.265535754355	2688.639290338222
10	10	1.2005555555555556	1291.0352677992103	59.91131271417926	0.8596417197990504	3.110463991954127	6446.94537371482	44640.44974444528	10622.265535754355	1790.2892367222028
10	5	1.2005555555555556	954.2216505445585	57.032751115600824	1.397581935592847	2.357722448440392	7352.681366433187	81096.45091492138	10622.265535754355	1704.0144160775833
10	2	1.2005555555555556	837.6579632393937	51.47658625332027	1.9194266811910694	1.9842295350977257	8357.317961525136	131325.267205472	10622.265535754355	1872.0182204050814
10	0	1.2005555555555556	813.2477223575542	45.44224877153412	2.0646492497142988	1.8823083208955578	9969.250466889383	152270.70148077895	10622.265535754355	1919.38010439547
10	-2	1.2005555555555556	825.3399787453105	39.328273746983136	1.9399230229000044	1.9779675982758436	8292.85313461404	133186.98070596982	10622.265535754355	1860.251689724318
10	-5	1.2005555555555556	928.1437282950296	33.344490935093184	1.4381701133609006	2.365079068267901	7219.308314771304	84427.83459851726	10622.265535754355	1695.7304236002103
10	-10	1.2005555555555556	1270.0872649082542	30.21771547724815	0.8810454369862679	3.1501856668370096	6502.299246332436	45703.35801920456	10622.265535754355	1796.7726116751294
10	-20	1.2005555555555556	2105.100521562609	28.738287713341016	0.4628981344103749	4.807370104578608	5858.770370880879	32712.58492027501	10622.265535754355	2716.962154750358
10	-40	1.2005555555555556	3020.664026040689	29.786524397747904	0.1418794823048551	6.020483263779379	3189.739260248285	5302.320197010564	10622.265535754355	3580.0002677392426
5	40	1.2005555555555556	3015.9128833700997	60.23924431067769	0.07132290181985976	5.956265782284223	3213.7192739317734	5244.281930414183	10234.192365617175	1779.9141689541493
5	20	1.2005555555555556	2088.4306450963936	61.31107484013425	0.23441210497944193	4.687277695347591	5926.079852574957	33025.434132908726	10234.192365617175	1340.8628304203432
5	10	1.2005555555555556	1269.9271480048376	60.09605059541287	0.4346442157231567	3.054784799937327	6419.452672732059	42042.65471070825	10234.192365617175	887.9740823509673
5	5	1.2005555555555556	926.7149230592357	57.632692542826035	0.7202403098859215	2.286250427209336	7621.725623914688	74261.93369022386	10234.192365617175	849.5746466295418
5	2	1.2005555555555556	823.8747937343054	51.81538256203357	1.0095736076858048	1.8637950857221444	9451.584624798938	147023.84463953826	10234.192365617175	962.4277294625379
5	0	1.2005555555555556	813.2457991202638	45.44229801444243	1.0244330764663887	1.7450945488754843	9632.09950751569	150538.28502678758	10234.192365617175	953.6362676357962
5	-2	1.2005555555555556	804.2949956181442	38.94491587951683	1.0263920382176328	1.8514842356836727	9240.212153056542	144145.69667085743	10234.192365617175	952.167679148278
5	-5	1.2005555555555556	897.2602693326132	32.72817372677273	0.7483713705680398	2.2889869586808294	7625.964334297705	75475.29079464122	10234.192365617175	847.9306494603513
5	-10	1.2005555555555556	1248.786438418848	30.033607948269953	0.4456484767649599	3.093156336583775	6472.912968484775	43078.23104793062	10234.192365617175	891.0578111422291
5	-20	1.2005555555555556	2084.5186721787686	28.676545199531475	0.23596236585306513	4.76532524631833	5949.162063117534	33517.28618747658	10234.192365617175	1355.749930537962
5	-40	1.2005555555555556	3012.531177126946	29.755194576632654	0.07140296509163398	6.012931269202021	3213.719273931773	5244.281930414174	10234.192365617175	1793.0367040568913
2	40	1.2005555555555556	3013.6301259234433	60.24802549669651	0.02858123585696864	5.9540981908032915	3220.4996194046435	5227.8716187536465	10245.035389240702	712.2981663082511
2	20	1.2005555555555556	2082.260267464223	61.326554130325455	0.09449532390244261	4.6737766791014845	5984.535578890121	33636.392756743655	10245.035389240702	536.2865768744823
2	10	1.2005555555555556	1264.0660665641858	60.14890300927951	0.17440622377573353	3.039208260324179	6412.6314182558635	41313.19320986653	10245.035389240702	354.402181931579
2	5	1.2005555555555556	918.7790235619418	57.81864032949482	0.2902838696818976	2.266178358267414	7660.82455377985	71060.11147140751	10245.035389240702	339.2091000428095
2	2	1.2005555555555556	823.5748246390972	51.804923757966236	0.40376998696623856	1.8261170824921347	9545.954573463941	150330.76150653054	10245.035389240702	384.81911561974545
2	0	1.2005555555555556	813.2457991202641	45.44229801444243	0.40889859190047423	1.7074209352462155	9539.982144196432	150056.8519833376	10245.035389240702	380.7922882108685
2	-2	1.2005555555555556	802.9168139344605	38.915969093698514	0.414158797472133	1.8139104409337852	9546.020468940544	150331.41817148085	10245.035389240702	383.1607875427588
2	-5	1.2005555555555556	889.2148980474705	32.5404064099356	0.30197892248832414	2.2678871407819243	7713.1885011229615	72514.25766717845	10245.035389240702	338.7402663828399
2	-10	1.2005555555555556	1242.8720566397092	29.98089580930619	0.17884255625176074	3.0771953051056298	6465.576079002399	42341.20550780858	10245.035389240702	355.61823081483254
2	-20	1.2005555555555556	2078.596988510246	28.659777976090066	0.09520211405441771	4.752848818368691	6010.7273861167405	34188.692286086414	10245.035389240702	542.5473857598524
2	-40	1.2005555555555556	3010.2484196802943	29.746390558215648	0.028613343952467018	6.010804213712664	3220.4996194046453	5227.871618753645	10245.035389240702	717.552781278059
0	40	1.2005555555555556	3013.195038919738	60.24969967265657	0.0000000000000006036746310978871	5.953684681459987	3221.7943980125997	5224.7378963536685	10225.372951420271	0.0000000000018189894035458565
0	20	1.2005555555555556	2080.994285684968	61.32909010187208	-0.0000000000000002185240747726427	4.67087917398622	6003.234014359264	33800.790846362725	10225.372951420271	-0.0000000000004547473508864641
0	10	1.2005555555555556	1262.952077424415	60.159026896547566	0	3.0362418325726304	6411.374877368638	41174.141793652474	10225.372951420271	0
0	5	1.2005555555555556	917.2699278479959	57.85445226431176	0.00000000000000024788087839821886	2.26233481560523	7668.263722214	70446.94492717242	10225.372951420271	0.00000000000022737367544323203
0	2	1.2005555555555556	823.5684921673712	51.80109773380251	0.00000000000000032784916149264917	1.8189279310247253	9528.362685683716	150239.8403333498	10225.372951420271	0.00000000000027000623958883807
0	0	1.2005555555555556	813.2457991202635	45.44229801444242	0.00000000000000034074773856342974	1.7002814085095863	9522.558264583336	149965.4414035098	10225.372951420271	0.00000000000027711166694643907
0	-2	1.2005555555555556	802.9231060731562	38.91999586962094	0.00000000000000007909195354850441	1.806543945326882	9528.362685683716	150239.84033334968	10225.372951420271	0.00000000000006350475700855895
0	-5	1.2005555555555556	887.700780948223	32.50407043975255	-0.0000000000000003031630330229875	2.2638695383729908	7720.5068065185615	71896.61986335723	10225.372951420271	-0.00000000000026911806116913795
0	-10	1.2005555555555556	1241.74794726637	29.970796788124037	-0.000000000000000038266659154592196	3.0741553122705882	6464.222027928709	42200.71769249698	10225.372951420271	-0.0000000000000475175454539567
0	-20	1.2005555555555556	2077.4578869554202	28.65661465059249	0.0000000000000006229132083151834	4.750421313243422	6054.992843003631	34682.62377681777	10225.372951420271	0.0000000000012940759575030825
0	-40	1.2005555555555556	3009.813332676585	29.744712025966695	0.00000000000000007259317010597764	6.010398436970656	3221.794398012598	5224.737896353661	10225.372951420271	0.0000000000002184918912462308
-2	40	1.2005555555555556	3013.6301259234438	60.2480254966965	-0.02858123585696833	5.954098190803289	3220.4996194046444	5227.8716187536465	10245.035389240702	-712.2981663082501
-2	20	1.2005555555555556	2082.260267464223	61.32655413032546	-0.09449532390244232	4.6737766791014845	5984.5355788901215	33636.392756743655	10245.035389240702	-536.2865768744816
-2	10	1.2005555555555556	1264.0660665641858	60.14890300927948	-0.1744062237757329	3.039208260324178	6412.631418255863	41313.19320986651	10245.035389240702	-354.4021819315782
-2	5	1.2005555555555556	918.7790235619419	57.81864032949482	-0.29028386968189723	2.2661783582674135	7660.82455377985	71060.11147140755	10245.035389240702	-339.20910004280915
-2	2	1.2005555555555556	823.5748246390968	51.80492375796623	-0.4037699869662385	1.8261170824921344	9545.954573463943	150330.7615065306	10245.035389240702	-384.8191156197452
-2	0	1.2005555555555556	813.2457991202641	45.442298014442414	-0.40889859190047406	1.707420935246214	9539.982144196432	150056.8519833376	10245.035389240702	-380.7922882108683
-2	-2	1.2005555555555556	802.9168139344616	38.91596909369849	-0.41415879747213197	1.813910440933783	9546.020468940544	150331.41817148076	10245.035389240702	-383.1607875427584
-2	-5	1.2005555555555556	889.2148980474706	32.54040640993561	-0.30197892248832536	2.2678871407819257	7713.1885011229615	72514.2576671784	10245.035389240702	-338.74026638284107
-2	-10	1.2005555555555556	1242.8720566397092	29.9808958093062	-0.17884255625176118	3.0771953051056298	6465.576079002396	42341.205507808576	10245.035389240702	-355.6182308148331
-2	-20	1.2005555555555556	2078.596988510246	28.659777976090076	-0.09520211405441797	4.75284881836869	6010.72738611674	34188.69228608639	10245.035389240702	-542.5473857598529
-2	-40	1.2005555555555556	3010.248419680294	29.746390558215644	-0.028613343952467302	6.010804213712665	3220.4996194046453	5227.87161875365	10245.035389240702	-717.5527812780598
-5	40	1.2005555555555556	3015.9128833701	60.239244310677684	-0.07132290181985915	5.956265782284222	3213.719273931772	5244.281930414176	10234.192365617177	-1779.914168954148
-5	20	1.2005555555555556	2088.4306450963927	61.31107484013426	-0.2344121049794417	4.687277695347592	5926.079852574956	33025.43413290865	10234.192365617177	-1340.8628304203426
-5	10	1.2005555555555556	1269.9271480048376	60.09605059541287	-0.4346442157231568	3.0547847999373263	6419.452672732059	42042.65471070827	10234.192365617177	-887.9740823509673
-5	5	1.2005555555555556	926.7149230592356	57.632692542826035	-0.7202403098859211	2.286250427209336	7621.725623914688	74261.93369022386	10234.192365617177	-849.5746466295415
-5	2	1.2005555555555556	823.8747937343053	51.81538256203358	-1.009573607685805	1.8637950857221444	9451.58462479894	147023.84463953835	10234.192365617177	-962.4277294625379
-5	0	1.2005555555555556	813.245799120264	45.44229801444242	-1.0244330764663883	1.745094548875484	9632.09950751569	150538.2850267876	10234.192365617177	-953.6362676357961
-5	-2	1.2005555555555556	804.2949956181444	38.94491587951682	-1.0263920382176335	1.8514842356836714	9240.21215305654	144145.69667085743	10234.192365617177	-952.1676791482788
-5	-5	1.2005555555555556	897.2602693326137	32.728173726772724	-0.7483713705680395	2.2889869586808307	7625.964334297702	75475.29079464126	10234.192365617177	-847.9306494603516
-5	-10	1.2005555555555556	1248.7864384188483	30.03360794826997	-0.44564847676496067	3.093156336583774	6472.912968484773	43078.23104793063	10234.192365617177	-891.0578111422302
-5	-20	1.2005555555555556	2084.518672178769	28.67654519953147	-0.2359623658530648	4.765325246318327	5949.162063117535	33517.28618747652	10234.192365617177	-1355.749930537961
-5	-40	1.2005555555555556	3012.531177126946	29.75519457663265	-0.07140296509163346	6.012931269202018	3213.719273931773	5244.281930414176	10234.192365617177	-1793.0367040568888
-10	40	1.2005555555555556	3024.0457322838392	60.20799551422076	-0.14172082242548747	5.963961727467839	3189.739260248285	5302.320197010564	10622.265535754357	-3553.855067949487
-10	20	1.2005555555555556	2109.3467314901714	61.251269137005266	-0.4600832044290991	4.731047386582477	5839.691219164017	32247.688244853678	10622.265535754357	-2688.6392903382202
-10	10	1.2005555555555556	1291.0352677992105	59.91131271417926	-0.8596417197990512	3.1104639919541266	6446.945373714819	44640.44974444528	10622.265535754357	-1790.289236722204
-10	5	1.2005555555555556	954.2216505445579	57.032751115600846	-1.3975819355928465	2.3577224484403922	7352.681366433182	81096.45091492127	10622.265535754357	-1704.014416077582
-10	2	1.2005555555555556	837.6579632393937	51.47658625332027	-1.9194266811910699	1.984229535097726	8357.317961525136	131325.26720547193	10622.265535754357	-1872.0182204050818
-10	0	1.2005555555555556	813.2477223575538	45.44224877153414	-2.0646492497143005	1.882308320895558	9969.250466889383	152270.70148077895	10622.265535754357	-1919.3801043954707
-10	-2	1.2005555555555556	825.3399787453102	39.328273746983136	-1.9399230229000046	1.977967598275844	8292.853134614044	133186.98070596982	10622.265535754357	-1860.2516897243174
-10	-5	1.2005555555555556	928.1437282950295	33.344490935093184	-1.4381701133609017	2.3650790682679	7219.308314771307	84427.83459851731	10622.265535754357	-1695.730423600211
-10	-10	1.2005555555555556	1270.0872649082542	30.21771547724815	-0.8810454369862681	3.15018566683701	6502.299246332436	45703.35801920456	10622.265535754357	-1796.7726116751296
-10	-20	1.2005555555555556	2105.100521562609	28.73828771334101	-0.462898134410375	4.807370104578606	5858.770370880881	32712.58492027501	10622.265535754357	-2716.9621547503575
-10	-40	1.2005555555555556	3020.66402604069	29.786524397747893	-0.14187948230485506	6.0204832637793775	3189.7392602482832	5302.320197010564	10622.265535754357	-3580.0002677392426
-15	40	1.2005555555555556	3037.5316897699768	60.156302114652554	-0.21029415487901942	5.976632381200092	3150.58297754343	5397.089232781078	11307.554100793297	-5315.664786915835
-15	20	1.2005555555555556	2142.8030970013306	61.14706641755332	-0.673096216741048	4.797674140456985	5757.732642102523	31859.029740361424	11307.554100793297	-4053.9487348905573
-15	10	1.2005555555555556	1326.8441022405964	59.616887852740504	-1.2660936932822568	3.203510971538351	6504.067533740166	48946.14764915731	11307.554100793297	-2722.7932273709134
-15	5	1.2005555555555556	997.5498258370603	56.232577961217565	-1.9922921371244826	2.475629359034081	6974.834952829658	88023.69943556588	11307.554100793297	-2558.8613999247377
-15	2	1.2005555555555556	874.7646138443404	50.7856612771939	-2.6235056140271458	2.156243423035907	7054.070926136633	124787.94890903497	11307.554100793297	-2704.9372468829556
-15	0	1.2005555555555556	843.3203433052421	45.46569731836623	-2.834573740827951	2.0820607230549637	6581.240819212385	137575.633918617	11307.554100793297	-2763.4468754195364
-15	-2	1.2005555555555556	870.3285785743795	40.023685570539065	-2.6319877776129488	2.1552729865200413	6895.112862662002	127189.82133753126	11307.554100793297	-2698.1323152208606
-15	-5	1.2005555555555556	978.9164592487215	34.21398267658694	-2.033444058526781	2.4865338697237305	6805.337741629457	93439.74171362339	11307.554100793297	-2552.7385159245973
-15	-10	1.2005555555555556	1306.225660745016	30.510669960049103	-1.2967546301377353	3.245407321646758	6562.76755516616	50055.73420001577	11307.554100793297	-2733.3320716962153
-15	-20	1.2005555555555556	2138.31987980088	28.844161617246154	-0.6769618714302761	4.872266076113431	5773.37803317668	32312.515560676395	11307.554100793297	-4094.7333329087687
-15	-40	1.2005555555555556	3034.149983526824	29.838351057996288	-0.21052853783975436	6.032916816969196	3150.58297754343	5397.089232781074	11307.554100793297	-5354.6336706352895
-30	40	1.2005555555555556	3108.8831397834656	59.88529264493248	-0.3969331725413942	6.0418408491428846	2956.0297587425107	5867.961840653181	15579.530461609822	-10460.380245464718
-30	20	1.2005555555555556	2311.311899078146	60.56765289441203	-1.2071727305433009	5.0945024947242175	5464.120075731887	33183.29852462018	15579.530461609822	-8303.835233444177
-30	10	1.2005555555555556	1534.9124073056607	58.29652833736355	-2.30645131481218	3.719125087350616	7083.020714127613	69410.91892401426	15579.530461609822	-5920.169395742718
-30	5	1.2005555555555556	1226.2378646025354	53.81687485812595	-3.1819908839092195	3.064014932950743	5826.526568964334	103536.09276008006	15579.530461609822	-5257.730780681919
-30	2	1.2005555555555556	1136.0340871438473	49.03461756191273	-3.584703884741537	2.8252634289793046	4641.047065742078	119407.41633640307	15579.530461609822	-5131.5527006976845
-30	0	1.2005555555555556	1121.510559129797	45.321035256470076	-3.6675705813103097	2.777218047162615	4407.471616584682	121129.29603093033	15579.530461609822	-5119.491943213579
-30	-2	1.2005555555555556	1141.0271343310687	41.6021472474409	-3.5786254548573946	2.828841146173334	4670.501779398198	119677.94196154272	15579.530461609822	-5150.141360164939
-30	-5	1.2005555555555556	1231.8142668637968	36.710590151458334	-3.1801191953632464	3.0747353491337983	5586.070947617973	108621.73042392512	15579.530461609822	-5286.246774625224
-30	-10	1.2005555555555556	1518.1596405703067	31.824166571336484	-2.3494331511029336	3.770145704931765	6988.296071244569	72445.5415498584	15579.530461609822	-5950.79356813797
-30	-20	1.2005555555555556	2306.604283027346	29.42722515883632	-1.2126420944229437	5.163787018260576	5471.685027642928	33627.899795117875	15579.530461609822	-8377.753681675556
-30	-40	1.2005555555555556	3105.5014335403157	30.110043610593852	-0.3973654091435734	6.096903111841584	2956.0297587425102	5867.961840653179	15579.530461609822	-10535.662347877278
-60	40	1.2005555555555556	3370.3078930229467	58.92444632570095	-0.6341804397748984	6.257168171633323	2424.500480202338	7154.409729252231	8922.06264933494	-19331.94051844356
-60	20	1.2005555555555556	2905.2065286235606	58.494574464810434	-1.6937686445071511	5.8481788591601545	4552.3520425295565	45723.5752116271	8922.06264933494	-17174.29044684715
-60	10	1.2005555555555556	2451.117115701688	54.90529183947318	-3.1840451772063414	5.395886545046118	6841.528802753421	108747.20360225384	8922.06264933494	-15356.242387732396
-60	5	1.2005555555555556	2352.7055042613492	50.57897812435341	-3.8465520061544214	5.207775840978355	7868.774427602217	140264.134516252	8922.06264933494	-15135.759554340302
-60	2	1.2005555555555556	2345.3981785284222	47.3308492986357	-4.066464815362589	5.179701989310129	8569.77849561067	151067.9136700976	8922.06264933494	-15289.617689619088
-60	0	1.2005555555555556	2348.506096422243	45.085388328538556	-4.10950373285586	5.181452510731875	8503.373218786925	150793.66572066743	8922.06264933494	-15363.977068548082
-60	-2	1.2005555555555556	2351.614021239913	42.845862537056014	-4.062128670526657	5.18319842491683	8569.88938551549	151069.58009209286	8922.06264933494	-15332.160903300795
-60	-5	1.2005555555555556	2367.677089981905	39.619078854961096	-3.8363739943662365	5.21482527777467	7898.68586895396	140606.24301919312	8922.06264933494	-15234.482413719497
-60	-10	1.2005555555555556	2471.0668648067226	35.28468487885657	-3.1736457086608456	5.411387582789414	6619.429182321905	112205.84227297705	8922.06264933494	-15501.550947497164
-60	-20	1.2005555555555556	2901.5377108619014	31.502507927042096	-1.6965268976012577	5.9063498935771035	4553.055922345434	46031.978103555084	8922.06264933494	-17302.776101210547
-60	-40	1.2005555555555556	3366.9261867797945	31.073113068278445	-0.6348174041256147	6.3081714012763905	2424.5004802023363	7154.409729252238	8922.06264933494	-19462.33294472272
60	40	0	3268.2756489934577	59.26963912174588	0.6539789085514756	6.2495091612962295	2424.500480202337	7154.409729252242	8922.06264933494	18757.363262479867
60	20	0	2673.286262133287	59.118160042515406	1.8331930877787603	5.796979878377236	4546.016390423676	43377.47045469899	8922.06264933494	15871.10908765844
60	10	0	2127.117720324685	55.81149474250599	3.4115100506478875	5.2995674025000135	6172.555557493557	92698.19018837949	8922.06264933494	13390.876144611988
60	5	0	1982.2611700775947	51.41714292005732	4.096788689469236	5.015210021322732	7041.6732802124425	130828.72797160447	8922.06264933494	12670.006090836461
60	2	0	1954.3932456719526	47.79528920426374	4.329321599942292	4.921545823664656	8091.130554680996	145624.66134649407	8922.06264933494	12560.581499674348
60	0	0	1955.0135828272907	45.128740300893206	4.37859427291597	4.915560599956163	8503.373218786892	150793.66572066737	8922.06264933494	12602.599151625484
60	-2	0	1960.4946679655156	42.46865197296924	4.325338536692148	4.926174227485637	8104.865788059709	145757.1568950375	8922.06264933494	12603.748285657264
60	-5	0	1996.5985012841024	38.86499783527037	4.087141432251207	5.023365849773058	7076.528308675814	131227.10019469511	8922.06264933494	12766.117353649877
60	-10	0	2142.8762373105615	34.335840682195396	3.388685513144255	5.319139879138422	6122.225326629843	101486.30302775164	8922.06264933494	13501.948207463503
60	-20	0	2669.1444109892927	30.878960800966006	1.8377466008126269	5.859289864398458	4547.391568309209	43813.58790866628	8922.06264933494	15996.628658898257
60	-40	0	3264.893942750307	30.727125842564504	0.6546562857026831	6.302098376132368	2424.500480202337	7154.409729252234	8922.06264933494	18887.75568875902
30	40	0	2932.158109114127	60.483377150314595	0.42085685758177854	6.014076315467062	2956.0297587425116	5867.961840653181	15579.530461609818	9885.80298950103
30	20	0	1926.922669544949	61.597924518322415	1.3905516032400063	4.865818943494783	5357.824348305889	28057.47945820501	15579.530461609818	7008.530845986611
30	10	0	1074.6994270071245	59.88508485278429	2.6909313519064115	3.3915554178506335	5331.536359975807	46003.237983763494	15579.530461609818	4326.946901214451
30	5	0	755.4163476671765	55.727361867088156	3.772167424109562	2.730498726381204	3020.1272472259107	69095.9988133425	15579.530461609818	3499.120385703003
30	2	0	656.9966895729931	50.442979150239886	4.247387390033918	2.4364450244239637	2085.393286113722	85018.14271138782	15579.530461609818	3217.0288951130506
30	0	0	639.6247453277788	45.66060690213908	4.3539289156008785	2.3690411751130336	1937.7607614373092	92023.31565472657	15579.530461609818	3169.4260891847307
30	-2	0	658.5374816552088	40.74677373062385	4.238117101515999	2.436690280583532	2134.1539751510263	90036.53439166858	15579.530461609818	3219.3673033457367
30	-5	0	751.1964363709401	34.77755099223715	3.7247986945299556	2.736458867317102	3103.8571225967517	78431.12239339367	15579.530461609818	3450.9962236900515
30	-10	0	1060.1638499936523	30.22100018543733	2.7082746446499657	3.443148138141977	4920.337283576781	45332.315058572836	15579.530461609818	4311.695613820527
30	-20	0	1920.535479510528	28.399541739019142	1.4022742326899122	4.943633084287616	5370.564234901011	28568.73328204937	15579.530461609818	7079.5194655583855
30	-40	0	2928.776402870975	29.51029082942037	0.4213427991720495	6.072429026886205	2956.029758742513	5867.961840653181	15579.530461609818	9961.085091913588
15	40	0	2840.420530525356	60.82405441211049	0.224887530826385	5.940139765111414	3150.5829775434313	5397.089232781089	11307.554100793299	4983.9324535149635
15	20	0	1715.9567119628823	62.23899618868718	0.7791619832499262	4.448438310732502	5518.567950819094	25427.81502166079	11307.554100793299	3267.1013384642415
15	10	0	860.5747544203826	61.6655094260238	1.559603187848369	2.829540997033118	5082.946012181419	26997.53694718559	11307.554100793299	1926.65484353101
15	5	0	484.2564056512069	59.69552124579365	2.7715795077010568	2.13658285523127	4259.567453650089	41378.49630887981	11307.554100793299	1564.2104464871084
15	2	0	328.9058226396999	54.010010640026884	3.987245000080383	1.7969568062085832	1997.8970632649512	67432.68382956492	11307.554100793299	1419.71197350215
15	0	0	294.08281859407015	45.89123042829813	4.3381047214561965	1.68120357894435	1336.7623362812901	77627.82468486887	11307.554100793299	1360.2550487611525
15	-2	0	318.2438774739583	37.25887797361607	3.897192643744935	1.7622726619309184	2012.6903916948268	72111.37793381556	11307.554100793299	1343.151070209164
15	-5	0	466.61105645006177	30.641220595941242	2.7061693349474227	2.138646424079097	3853.4283029214944	40720.37693053499	11307.554100793299	1477.9817845871437
15	-10	0	836.1846373082166	28.52305715210711	1.6177646737687732	2.867347259961422	5033.522289055675	27513.384301313643	11307.554100793299	1927.2088841285818
15	-20	0	1708.9497007736256	27.75760812087467	0.7892974768103921	4.531418028414764	5546.654464019087	26035.844555059433	11307.554100793299	3307.1938186028715
15	-40	0	2837.038824282202	29.168629608513033	0.22515559327251494	6.000291219893555	3150.582977543432	5397.089232781082	11307.554100793299	5022.901337234417
10	40	0	2823.081442328893	60.88896978065814	0.15180938169392896	5.925625262947103	3189.7392602482864	5302.320197010571	10622.265535754355	3326.9367875184407
10	20	0	1674.0724785679586	62.34468671322208	0.5275877859234025	4.350616315042314	5476.281093286547	24723.17494500398	10622.265535754355	2134.524668750473
10	10	0	823.7472441627764	62.07662017314464	1.0721981652178658	2.722771952185884	5080.205682026373	23430.23745626836	10622.265535754355	1259.2734944942713
10	5	0	434.0030125367276	61.08219178291136	2.0350556523380345	1.993518756550887	4685.1466145245495	29876.296130203475	10622.265535754355	1020.0413962125544
10	2	0	241.7952676637783	56.65470768667767	3.618126019976586	1.625520830926327	2650.9337276213214	56471.07333683822	10622.265535754355	929.8061198753363
10	0	0	193.523527432976	45.89133808564628	4.338093410390835	1.4824687759056845	1261.3370655620342	76139.45003215814	10622.265535754355	876.5872711190996
10	-2	0	231.31333043741805	34.17365548809259	3.476671782222357	1.598576677647928	2618.676769066986	61375.08841121053	10622.265535754355	856.193166217733
10	-5	0	412.2453898850867	29.318751076946196	1.9943375327842052	1.9869169821118298	4349.605350376499	29371.525724166902	10622.265535754355	951.9008147876153
10	-10	0	798.502079708387	28.11453847099129	1.1175403033337734	2.7559517014480974	5127.949227634326	24104.62456436904	10622.265535754355	1260.9372681848852
10	-20	0	1666.7581779751788	27.652740811655196	0.5353926682203811	4.433730709091804	5529.960342916679	25465.084155436503	10622.265535754355	2162.0655529993373
10	-40	0	2819.699736085745	29.10352044067226	0.15199144885777324	5.986129197670391	3189.7392602482832	5302.320197010567	10622.265535754355	3353.081987308195
5	40	0	2812.624922296946	60.928201757961126	0.07647790388708874	5.916785637062034	3213.719273931774	5244.281930414163	10234.192365617175	1664.704738617632
5	20	0	1648.975095053059	62.40737711855934	0.26575898059902625	4.290555824082128	5365.719289830266	23926.718074922086	10234.192365617175	1053.1909397865315
5	10	0	802.0248011722988	62.33856339001314	0.5464044748415933	2.657858866654003	5084.083551555339	21277.317574969893	10234.192365617175	622.3495144406711
5	5	0	404.2390198216596	62.06860288899611	1.084086193578787	1.896676002266343	4942.148417408037	22433.36074273017	10234.192365617175	503.3855616408282
5	2	0	178.94212186279492	60.39117058212965	2.4490038216407135	1.476791198674899	4365.252453300936	34395.812486780094	10234.192365617175	459.59413277399256
5	0	0	96.01967944835499	45.8916577930034	4.338059820200522	1.2897715668704017	1218.5766636806075	75269.14251339382	10234.192365617175	425.7477243599437
5	-2	0	168.57485967915574	30.126720373641056	2.3424729314688055	1.4632658730825019	3839.2413509815356	32420.55023207656	10234.192365617175	414.8780933738208
5	-5	0	378.76526175933316	28.38137669480921	1.0501563561800882	1.8776490070105405	4566.34086761372	21662.105455428456	10234.192365617175	458.2332771372101
5	-10	0	776.580919836566	27.851393623677374	0.5701701056519133	2.688297794662247	5137.556827301921	21933.954493528996	10234.192365617175	623.0516697521092
5	-20	0	1641.2671949163491	27.59167853556443	0.26978131682760187	4.3727749196636925	5422.05375836555	24676.639956861516	10234.192365617175	1066.6056564393964
5	-40	0	2809.2432160537896	29.064170333069807	0.07656996633421308	5.97750413761001	3213.7192739317734	5244.281930414176	10234.192365617175	1677.827273720372
2	40	0	2809.6899484369537	60.93922502559333	0.03065579298619691	5.914292673342651	3220.499619404645	5227.871618753643	10245.035389240702	666.0172106983373
2	20	0	1642.0211792604177	62.42518509509926	0.10652592495922615	4.273866656335348	5336.045161917672	23704.89273485518	10245.035389240702	419.728244569239
2	10	0	795.9912892751811	62.41409196873153	0.21974841594389025	2.639550869885978	5085.884868709075	20672.638606765468	10245.035389240702	248.13718880351843
2	5	0	395.9555744308494	62.369849889973075	0.44176123842879395	1.8677564085079708	5014.357619803703	20275.231359869642	10245.035389240702	200.62114229839904
2	2	0	160.855823832779	62.0663373685209	1.087419906569227	1.417052420968151	4908.64511206012	22163.434093824486	10245.035389240702	182.76630058549017
2	0	0	38.324264111342124	45.89256080928153	4.337964971900439	1.1757450962577336	1206.8926794856338	75027.25977664598	10245.035389240702	167.72059685884997
2	-2	0	150.52110665612898	28.395476815365615	1.047143757492947	1.4084927290661424	4408.175660806836	20631.33599171295	10245.035389240702	164.92018950256252
2	-5	0	370.07214493684495	28.079219186655443	0.42590948646727705	1.8483410050021658	4515.660989535284	18793.830444419436	10245.035389240702	181.39315803667697
2	-10	0	770.4941076009595	27.77539339774304	0.22937910830294428	2.6691937096174314	5138.831679618881	21321.566313784584	10245.035389240702	248.40182501681159
2	-20	0	1634.2032577497262	27.574328479001892	0.10814765575583392	4.355828494746141	5391.580429841598	24450.904429867354	10245.035389240702	425.0529945464375
2	-40	0	2806.3082421938075	29.053113736122945	0.030692734361692512	5.9750716721418184	3220.4996194046453	5227.871618753637	10245.035389240702	671.2718256681487
0	40	0	2809.130550860764	60.9413266032023	-0.0000000000000001618818857482868	5.913816930570847	3221.794398012598	5224.737896353661	10225.372951420271	-0.0000000000004547473508864641
0	20	0	1640.7002161006685	62.42858986176865	0.0000000000000002771666307006582	4.270693988801033	5330.457031803298	23662.7046563419	10225.372951420271	0.0000000000004547473508864641
0	10	0	794.8444353863498	62.42858986176864	0	2.6360566473874445	5086.262900430102	20557.365409114005	10225.372951420271	0
0	5	0	394.3802422270532	62.428589861768664	-0.00000000000000021620030407639703	1.862149630420045	5028.12467060592	19860.45319546604	10225.372951420271	-0.00000000000008526512829121202
0	2	0	157.41538361515506	62.42858986176863	-0.0000000000000008350543834837959	1.4042091453852508	5012.044340193063	19670.516143708628	10225.372951420271	-0.00000000000013145040611561853
0	0	0	0.00000000000009109513143812366	59.485	-1.5562499999999997	1.0999999999999999	9520.294816159416	149942.75804101376	10225.372951420271	-0.00000000000014176679830057993
0	-2	0	147.08695857720062	28.018019287326954	-0.0000000000000005072304708486579	1.3966232008416384	4516.318345490649	18216.3015476828	10225.372951420271	-0.00000000000007460698725481051
0	-5	0	368.51257672717577	28.017939997464328	0.00000000000000041454945593762104	1.843133791740139	4530.808219545189	18392.1968106547	10225.372951420271	0.00000000000015276668818842154
0	-10	0	769.3371334785596	27.760799008159285	-0.0000000000000008289111204879364	2.6655462678441877	5139.110050990168	21204.830059822052	10225.372951420271	-0.0000000000006377121053446899
0	-20	0	1632.8614046287955	27.57101071747811	0.00000000000000007723946149985057	4.35260675863543	5385.8414015907665	24407.97354173781	10225.372951420271	0.00000000000012612133559741778
0	-40	0	2805.7488446176108	29.051005797438428	0.00000000000000014213393020204797	5.974607473811124	3221.794398012598	5224.737896353641	10225.372951420271	0.00000000000039879211044535623
-2	40	0	2809.689948436955	60.939225025593316	-0.03065579298619722	5.914292673342652	3220.499619404645	5227.871618753641	10245.035389240702	-666.0172106983387
-2	20	0	1642.0211792604173	62.425185095099266	-0.10652592495922646	4.273866656335348	5336.045161917671	23704.892734855195	10245.035389240702	-419.72824456923934
-2	10	0	795.9912892751811	62.414091968731526	-0.2197484159438907	2.639550869885978	5085.884868709075	20672.638606765468	10245.035389240702	-248.13718880351877
-2	5	0	395.9555744308494	62.369849889973075	-0.44176123842879406	1.8677564085079712	5014.357619803703	20275.231359869635	10245.035389240702	-200.6211422983991
-2	2	0	160.8558238327789	62.066337368520905	-1.0874199065692258	1.4170524209681512	4908.6451120601205	22163.434093824515	10245.035389240702	-182.76630058548986
-2	0	0	38.324264111342146	45.89256080928153	-4.337964971900439	1.1757450962577334	1206.8926794856338	75027.259776646	10245.035389240702	-167.72059685885006
-2	-2	0	150.521106656129	28.39547681536561	-1.0471437574929479	1.4084927290661424	4408.175660806836	20631.335991712935	10245.035389240702	-164.9201895025627
-2	-5	0	370.0721449368451	28.079219186655433	-0.4259094864672776	1.8483410050021654	4515.660989535282	18793.830444419407	10245.035389240702	-181.39315803667722
-2	-10	0	770.4941076009595	27.77539339774305	-0.2293791083029444	2.6691937096174305	5138.831679618881	21321.566313784584	10245.035389240702	-248.40182501681167
-2	-20	0	1634.2032577497266	27.574328479001892	-0.10814765575583454	4.35582849474614	5391.580429841599	24450.904429867354	10245.035389240702	-425.05299454643864
-2	-40	0	2806.3082421938066	29.05311373612296	-0.030692734361692488	5.975071672141819	3220.499619404645	5227.871618753643	10245.035389240702	-671.2718256681485
-5	40	0	2812.6249222969454	60.92820175796115	-0.07647790388708835	5.916785637062035	3213.719273931774	5244.28193041417	10234.192365617177	-1664.704738617631
-5	20	0	1648.9750950530592	62.407377118559346	-0.2657589805990261	4.290555824082128	5365.719289830267	23926.71807492213	10234.192365617177	-1053.1909397865313
-5	10	0	802.0248011722988	62.338563390013114	-0.546404474841593	2.657858866654003	5084.08355155534	21277.317574969893	10234.192365617177	-622.349514440671
-5	5	0	404.2390198216597	62.06860288899611	-1.0840861935787862	1.8966760022663431	4942.148417408037	22433.36074273017	10234.192365617177	-503.385561640828
-5	2	0	178.94212186279472	60.39117058212965	-2.4490038216407153	1.4767911986748987	4365.252453300939	34395.81248678012	10234.192365617177	-459.5941327739924
-5	0	0	96.01967944835498	45.891657793003404	-4.338059820200522	1.2897715668704017	1218.576663680608	75269.14251339385	10234.192365617177	-425.7477243599436
-5	-2	0	168.57485967915574	30.126720373641028	-2.342472931468806	1.4632658730825008	3839.2413509815365	32420.55023207656	10234.192365617177	-414.87809337382083
-5	-5	0	378.7652617593333	28.381376694809195	-1.050156356180088	1.877649007010539	4566.340867613719	21662.105455428464	10234.192365617177	-458.2332771372101
-5	-10	0	776.580919836566	27.851393623677374	-0.5701701056519137	2.688297794662248	5137.556827301921	21933.954493528996	10234.192365617177	-623.0516697521097
-5	-20	0	1641.2671949163494	27.59167853556442	-0.26978131682760154	4.3727749196636925	5422.0537583655505	24676.639956861487	10234.192365617177	-1066.605656439396
-5	-40	0	2809.2432160537905	29.064170333069796	-0.0765699663342125	5.977504137610008	3213.7192739317734	5244.2819304141685	10234.192365617177	-1677.8272737203706
-10	40	0	2823.081442328894	60.88896978065814	-0.15180938169392819	5.9256252629471025	3189.7392602482864	5302.320197010573	10622.265535754357	-3326.9367875184385
-10	20	0	1674.0724785679577	62.34468671322211	-0.5275877859234017	4.350616315042314	5476.281093286548	24723.174945003964	10622.265535754357	-2134.5246687504705
-10	10	0	823.7472441627766	62.07662017314463	-1.0721981652178647	2.7227719521858833	5080.205682026373	23430.23745626834	10622.265535754357	-1259.2734944942706
-10	5	0	434.00301253672757	61.082191782911366	-2.035055652338035	1.9935187565508872	4685.146614524549	29876.296130203482	10622.265535754357	-1020.0413962125544
-10	2	0	241.7952676637783	56.65470768667766	-3.6181260199765855	1.6255208309263272	2650.9337276213196	56471.073336838264	10622.265535754357	-929.8061198753362
-10	0	0	193.52352743297604	45.89133808564629	-4.338093410390834	1.4824687759056847	1261.3370655620333	76139.45003215816	10622.265535754357	-876.5872711190995
-10	-2	0	231.31333043741796	34.173655488092585	-3.476671782222358	1.5985766776479287	2618.6767690669853	61375.08841121055	10622.265535754357	-856.193166217733
-10	-5	0	412.2453898850866	29.318751076946196	-1.9943375327842054	1.9869169821118295	4349.605350376498	29371.525724166946	10622.265535754357	-951.9008147876153
-10	-10	0	798.5020797083871	28.114538470991313	-1.1175403033337739	2.7559517014480974	5127.949227634324	24104.624564369064	10622.265535754357	-1260.9372681848856
-10	-20	0	1666.7581779751786	27.652740811655196	-0.5353926682203813	4.433730709091803	5529.960342916678	25465.084155436474	10622.265535754357	-2162.0655529993373
-10	-40	0	2819.6997360857436	29.103520440672277	-0.15199144885777316	5.986129197670394	3189.739260248284	5302.320197010567	10622.265535754357	-3353.081987308194
-15	40	0	2840.4205305253554	60.82405441211049	-0.22488753082638488	5.9401397651114145	3150.5829775434318	5397.089232781089	11307.554100793297	-4983.932453514963
-15	20	0	1715.9567119628832	62.23899618868718	-0.7791619832499262	4.448438310732501	5518.567950819097	25427.81502166082	11307.554100793297	-3267.101338464243
-15	10	0	860.5747544203825	61.6655094260238	-1.559603187848369	2.8295409970331176	5082.946012181418	26997.536947185574	11307.554100793297	-1926.6548435310094
-15	5	0	484.2564056512066	59.69552124579365	-2.771579507701057	2.13658285523127	4259.567453650088	41378.49630887981	11307.554100793297	-1564.2104464871074
-15	2	0	328.9058226396999	54.010010640026906	-3.9872450000803834	1.796956806208584	1997.897063264952	67432.68382956495	11307.554100793297	-1419.7119735021502
-15	0	0	294.08281859407015	45.89123042829814	-4.338104721456197	1.6812035789443502	1336.7623362812915	77627.82468486886	11307.554100793297	-1360.2550487611527
-15	-2	0	318.2438774739582	37.25887797361609	-3.8971926437449347	1.7622726619309186	2012.6903916948236	72111.37793381556	11307.554100793297	-1343.1510702091632
-15	-5	0	466.61105645006194	30.64122059594123	-2.7061693349474223	2.1386464240790968	3853.428302921495	40720.37693053494	11307.554100793297	-1477.981784587144
-15	-10	0	836.1846373082166	28.52305715210712	-1.6177646737687725	2.8673472599614205	5033.522289055678	27513.38430131368	11307.554100793297	-1927.208884128581
-15	-20	0	1708.9497007736256	27.75760812087467	-0.7892974768103922	4.531418028414766	5546.654464019086	26035.844555059462	11307.554100793297	-3307.193818602873
-15	-40	0	2837.038824282202	29.16862960851303	-0.22515559327251478	6.0002912198935565	3150.582977543431	5397.089232781078	11307.554100793297	-5022.901337234418
-30	40	0	2932.158109114127	60.483377150314595	-0.4208568575817784	6.014076315467062	2956.0297587425093	5867.9618406531845	15579.530461609822	-9885.802989501028
-30	20	0	1926.9226695449488	61.5979245183224	-1.3905516032400058	4.8658189434947845	5357.824348305887	28057.479458204994	15579.530461609822	-7008.530845986611
-30	10	0	1074.6994270071248	59.885084852784296	-2.690931351906412	3.391555417850633	5331.536359975804	46003.237983763494	15579.530461609822	-4326.946901214454
-30	5	0	755.4163476671765	55.72736186708815	-3.772167424109563	2.730498726381204	3020.127247225908	69095.99881334249	15579.530461609822	-3499.120385703004
-30	2	0	656.9966895729935	50.44297915023988	-4.247387390033918	2.436445024423964	2085.3932861137246	85018.14271138782	15579.530461609822	-3217.028895113053
-30	0	0	639.6247453277788	45.66060690213908	-4.353928915600878	2.369041175113035	1937.760761437311	92023.31565472657	15579.530461609822	-3169.4260891847307
-30	-2	0	658.5374816552091	40.74677373062384	-4.238117101515998	2.4366902805835324	2134.1539751510236	90036.53439166864	15579.530461609822	-3219.3673033457376
-30	-5	0	751.1964363709401	34.77755099223716	-3.724798694529956	2.7364588673171024	3103.857122596748	78431.12239339369	15579.530461609822	-3450.9962236900515
-30	-10	0	1060.1638499936525	30.22100018543735	-2.7082746446499657	3.443148138141979	4920.337283576781	45332.31505857284	15579.530461609822	-4311.695613820529
-30	-20	0	1920.5354795105272	28.399541739019163	-1.402274232689912	4.943633084287618	5370.56423490101	28568.733282049347	15579.530461609822	-7079.519465558385
-30	-40	0	2928.7764028709744	29.510290829420374	-0.4213427991720492	6.072429026886206	2956.029758742511	5867.961840653175	15579.530461609822	-9961.085091913588
-60	40	0	3268.2756489934573	59.26963912174589	-0.6539789085514754	6.249509161296232	2424.500480202337	7154.409729252242	8922.06264933494	-18757.363262479874
-60	20	0	2673.2862621332865	59.118160042515406	-1.8331930877787599	5.796979878377238	4546.016390423672	43377.47045469899	8922.06264933494	-15871.10908765844
-60	10	0	2127.117720324685	55.811494742505985	-3.411510050647887	5.299567402500012	6172.5555574935715	92698.19018837949	8922.06264933494	-13390.876144611982
-60	5	0	1982.2611700775958	51.41714292005733	-4.096788689469236	5.015210021322732	7041.673280212457	130828.72797160459	8922.06264933494	-12670.006090836469
-60	2	0	1954.3932456719529	47.79528920426373	-4.329321599942293	4.921545823664657	8091.130554681	145624.6613464941	8922.06264933494	-12560.581499674357
-60	0	0	1955.013582827291	45.128740300893185	-4.378594272915971	4.915560599956166	8503.373218786903	150793.6657206674	8922.06264933494	-12602.599151625489
-60	-2	0	1960.494667965516	42.46865197296924	-4.325338536692145	4.926174227485635	8104.865788059713	145757.15689503757	8922.06264933494	-12603.748285657262
-60	-5	0	1996.5985012841031	38.864997835270366	-4.087141432251206	5.023365849773059	7076.528308675821	131227.10019469511	8922.06264933494	-12766.117353649883
-60	-10	0	2142.8762373105615	34.33584068219539	-3.388685513144254	5.3191398791384215	6122.225326629839	101486.30302775164	8922.06264933494	-13501.9482074635
-60	-20	0	2669.1444109892927	30.878960800966006	-1.8377466008126278	5.859289864398458	4547.391568309209	43813.587908666304	8922.06264933494	-15996.628658898258
-60	-40	0	3264.893942750306	30.7271258425645	-0.6546562857026833	6.302098376132372	2424.500480202334	7154.4097292522365	8922.06264933494	-18887.75568875903
60	40	-3.4349039595347186	2976.351666471116	60.252535332498255	0.7181219094006703	6.224695529893716	2424.5004802023414	7154.40972925224	8922.06264933494	17113.442927069
60	20	-3.4349039595347186	2034.726668885568	60.79551358813122	2.3140891420492644	5.637039369778579	4456.98596037117	33831.94961541521	8922.06264933494	12287.437360739536
60	10	-3.4349039595347186	1319.6513951561174	58.524214705733215	4.030441755697243	4.962755192093069	4413.045633840684	56524.85856636835	8922.06264933494	8331.081915211736
60	5	-3.4349039595347186	1051.4298356345457	54.43211698505686	4.7356132490989475	4.296334105832326	4257.241590164369	89500.16419820425	8922.06264933494	6401.673771545017
60	2	-3.4349039595347186	963.5568066732569	49.434150775720234	4.992460783315668	3.8860911638908378	3662.276525708825	109512.3608101153	8922.06264933494	5648.065575553876
60	0	-3.4349039595347186	948.8150350744578	45.403128991396436	5.0446590472678325	3.795739261263365	3446.9751801091406	111600.31076006443	8922.06264933494	5512.175245957015
60	-2	-3.4349039595347186	968.1352136322167	41.362278025097915	4.988951410857376	3.892191603227203	3687.7925390214295	109977.53540561536	8922.06264933494	5678.318766580121
60	-5	-3.4349039595347186	1058.1365321448861	36.16654501548033	4.726077623572304	4.313940121371774	4324.282243408052	97206.82354730998	8922.06264933494	6453.596451399403
60	-10	-3.4349039595347186	1318.811876100316	31.46635993075961	3.985826719728881	5.014191715650675	4464.283427205235	58551.0939251863	8922.06264933494	8355.109451989318
60	-20	-3.4349039595347186	2029.696560511497	29.202236470514617	2.3233058153704182	5.711635601900161	4308.344104542444	33871.89488995724	8922.06264933494	12397.537674280828
60	-40	-3.4349039595347186	2972.969960227966	29.741660883558154	0.718938761698827	6.282420397233824	2424.5004802023377	7154.409729252235	8922.06264933494	17243.83535334817
30	40	-3.4349039595347186	2426.530939437583	62.177291849858996	0.5085526945808162	5.912301274729021	2956.0297587425075	5867.961840653177	15579.530461609818	8241.882654090168
30	20	-3.4349039595347186	970.7464267879099	64.2146791860642	2.046673910850667	4.009249017717149	4336.517872173141	13121.642789092119	15579.530461609818	3666.6025513667632
30	10	-3.4349039595347186	262.10969286610873	64.14524537733342	4.1332720731772445	2.5241660325686843	948.3173932487161	7257.5687491971985	15579.530461609818	1269.0307168506713
30	5	-3.4349039595347186	78.37608393919892	63.67693365092546	5.294132598628342	1.8539428957078832	148.40183041555792	4508.428052448518	15579.530461609818	431.99524077441504
30	2	-3.4349039595347186	20.909085844692846	62.2776999586774	5.981043326180534	1.4573548022463836	18.705132100132232	3544.054193723261	15579.530461609818	123.53951175272803
30	0	-3.4349039595347186	5.699198366005733	47.816759765051636	6.382734465891378	1.2251322693354307	1.6572184503822882	6415.91666805692	15579.530461609818	34.99408289404375
30	-2	-3.4349039595347186	14.23054482753435	30.817910760072916	5.975184525820517	1.3935857144218853	15.079605613938384	2567.800030546444	15579.530461609818	83.55399573748741
30	-5	-3.4349039595347186	61.77458693424851	27.733123370254482	5.109915856452889	1.73508239831961	137.20566350847548	4182.1579778876585	15579.530461609818	326.9641254266463
30	-10	-3.4349039595347186	248.76027228230396	26.07037094170224	3.9662701271401337	2.549257869900352	985.6708556381645	7543.438567932928	15579.530461609818	1171.5413838171476
30	-20	-3.4349039595347186	956.623830398594	25.812348640044913	2.102338659531399	4.113115443862005	4289.111844089126	13496.151877588287	15579.530461609818	3709.056744405934
30	-40	-3.4349039595347186	2423.1492331944296	27.810283033596793	0.5092624221529678	5.982688136842511	2956.0297587425102	5867.961840653181	15579.530461609818	8317.164756502722
15	40	-3.4349039595347186	2276.466702462379	62.71231380391352	0.280599386289057	5.800825095200904	3150.5829775434304	5397.089232781087	11307.554100793299	4034.8146053391993
15	20	-3.4349039595347186	738.5498361167815	65.18666734919687	1.1834064125577823	3.3432735729844643	3567.863262119413	7780.678913070966	11307.554100793299	1483.2929226238464
15	10	-3.4349039595347186	101.93137028814425	66.88864665853451	3.703658664962164	1.8760723217282678	775.8939696803484	1715.4207435122662	11307.554100793299	414.14948183188085
15	5	-3.4349039595347186	2.362233828528395	69.20605760013963	5.946268989467599	1.2751666963393387	4.01212057129959	35.21200056426642	11307.554100793299	14.347481211228276
15	2	-3.4349039595347186	0	45.00576958530595	-0.00000000000000006102795476642589	1.1	0	0	11307.554100793299	0
15	0	-3.4349039595347186	0	45.00576958530595	-0.00000000000000006102795476642589	1.1	0	0	11307.554100793299	0
15	-2	-3.4349039595347186	0	45.00576958530595	-0.00000000000000006102795476642589	1.1	0	0	11307.554100793299	0
15	-5	-3.4349039595347186	0.13755943772986817	22.626375136800764	5.517754888215334	1.1355931305973155	1.5915823570876455	14.099236129393375	11307.554100793299	0.7735868307015696
15	-10	-3.4349039595347186	87.00016500086271	23.415544343594487	3.172811598770009	1.7864936329772998	742.2171717070919	1758.2155144422723	11307.554100793299	306.85647597034057
15	-20	-3.4349039595347186	719.6095821621391	24.861685254069375	1.2339202974070196	3.4326197875615563	3627.141328871378	8125.8025736449345	11307.554100793299	1497.0058707502906
15	-40	-3.4349039595347186	2273.0849962192256	27.272883047239013	0.2810168386491825	5.875692903289053	3150.5829775434313	5397.0892327810725	11307.554100793299	4073.7834890586537
10	40	-3.4349039595347186	2248.1034397724898	62.81405526853444	0.190636356250105	5.778082993241981	3189.739260248285	5302.320197010573	10622.265535754355	2677.7019425863928
10	20	-3.4349039595347186	699.824528527936	65.39724117173837	0.8132415431387019	3.222437876492608	3472.1686729144	6875.742100006581	10622.265535754355	952.0812077569292
10	10	-3.4349039595347186	73.71853619927269	67.77747744207609	3.186099998754169	1.7020499416148251	973.9394702699367	979.1891940987261	10622.265535754355	253.09444831870613
10	5	-3.4349039595347186	0.0013763901486295608	70.99767637870879	6.528293497909193	1.1126437910108373	0.00038071618943824603	0.0015098813542380185	10622.265535754355	0.009114899611610786
10	2	-3.4349039595347186	0	45.00576958530595	-0.00000000000000006102795476642589	1.1	0	0	10622.265535754355	0
10	0	-3.4349039595347186	0	45.00576958530595	-0.00000000000000006102795476642589	1.1	0	0	10622.265535754355	0
10	-2	-3.4349039595347186	0	45.00576958530595	-0.00000000000000006102795476642589	1.1	0	0	10622.265535754355	0
10	-5	-3.4349039595347186	0	45.00576958530595	-0.00000000000000006102795476642589	1.1	0	0	10622.265535754355	0
10	-10	-3.4349039595347186	62.20074666011389	22.400409120683104	2.538779390667311	1.6301155676478927	724.6366697924481	927.1185467936375	10622.265535754355	173.12185934547836
10	-20	-3.4349039595347186	680.2026244333057	24.65326044500501	0.8501925310532549	3.307790343510827	3530.2283312613245	7199.056194404053	10622.265535754355	960.2202521653771
10	-40	-3.4349039595347186	2244.721733529339	27.170655458277412	0.19092355271925904	5.853862534917897	3189.7392602482855	5302.320197010566	10622.265535754355	2703.8471423761475
5	40	-3.4349039595347186	2230.9986750277776	62.87551487989807	0.09641586115024335	5.764088618143803	3213.7192739317725	5244.281930414181	10234.192365617175	1335.0795691638712
5	20	-3.4349039595347186	677.1633398239521	65.52931967646828	0.4143506858765361	3.14992120080581	3421.4335269149606	6345.52419584243	10234.192365617175	465.41956290647136
5	10	-3.4349039595347186	57.024861065814896	68.57134974068272	1.978414726428631	1.5546524344980204	1211.5284512244016	511.16931163085246	10234.192365617175	120.11620640815607
5	5	-3.4349039595347186	0	45.00576958530595	-0.00000000000000006102795476642589	1.1	0	0	10234.192365617175	0
5	2	-3.4349039595347186	0	45.00576958530595	-0.00000000000000006102795476642589	1.1	0	0	10234.192365617175	0
5	0	-3.4349039595347186	0	45.00576958530595	-0.00000000000000006102795476642589	1.1	0	0	10234.192365617175	0
5	-2	-3.4349039595347186	0	45.00576958530595	-0.00000000000000006102795476642589	1.1	0	0	10234.192365617175	0
5	-5	-3.4349039595347186	0	45.00576958530595	-0.00000000000000006102795476642589	1.1	0	0	10234.192365617175	0
5	-10	-3.4349039595347186	47.58776977739533	21.49652600555862	1.487702747631204	1.5282181089864433	763.25905521925	476.05877527791745	10234.192365617175	76.86541103904555
5	-20	-3.4349039595347186	657.1436548528327	24.52208390900597	0.433902658903932	3.232651848195618	3477.4699537721026	6655.801087476226	10234.192365617175	469.1977446108649
5	-40	-3.4349039595347186	2227.6169687846227	27.108896543855625	0.09656222837771528	5.840428788682171	3213.7192739317725	5244.281930414167	10234.192365617175	1348.2021042666136
2	40	-3.4349039595347186	2226.1976477975345	62.89277987711316	0.03869075753444382	5.760121974876674	3220.4996194046466	5227.871618753648	10245.035389240702	533.6029821856334
2	20	-3.4349039595347186	670.8932279013789	65.56712138464489	0.16663128413463693	3.1295983116214363	3408.0801071071696	6198.712586573747	10245.035389240702	184.99960113648166
2	10	-3.4349039595347186	52.40284191802436	68.86190090725758	0.8513753443327349	1.5019351828314202	1281.4873007694084	367.36536432670255	10245.035389240702	47.33409798051266
2	5	-3.4349039595347186	0	45.00576958530595	-0.00000000000000006102795476642589	1.1	0	0	10245.035389240702	0
2	2	-3.4349039595347186	0	45.00576958530595	-0.00000000000000006102795476642589	1.1	0	0	10245.035389240702	0
2	0	-3.4349039595347186	0	45.00576958530595	-0.00000000000000006102795476642589	1.1	0	0	10245.035389240702	0
2	-2	-3.4349039595347186	0	45.00576958530595	-0.00000000000000006102795476642589	1.1	0	0	10245.035389240702	0
2	-5	-3.4349039595347186	0	45.00576958530595	-0.00000000000000006102795476642589	1.1	0	0	10245.035389240702	0
2	-10	-3.4349039595347186	43.34325667082646	21.16171182697416	0.6300685794591377	1.4970132245207628	779.7442238626281	338.77385636650433	10245.035389240702	29.557056913766885
2	-20	-3.4349039595347186	650.7635215562804	24.484475298689922	0.1745783571912125	3.211561293061604	3463.5680774617745	6505.38518405924	10245.035389240702	186.4788130601127
2	-40	-3.4349039595347186	2222.8159415543846	27.09154668752257	0.03874962015723661	5.836620996720998	3220.499619404646	5227.871618753656	10245.035389240702	538.8575971554419
0	40	-3.4349039595347186	2225.2825858160813	62.89607125397862	0.00000000000000030653231669430466	5.759364002060458	3221.7943980125997	5224.737896353632	10225.372951420271	0.0000000000006821210263296962
0	20	-3.4349039595347186	669.7025957925217	65.57436355070762	0.0000000000000010185432020350444	3.1257260022894626	3405.577911822966	6170.828883472335	10225.372951420271	0.0000000000006821210263296961
0	10	-3.4349039595347186	51.52501448750426	68.92202598771604	-0.000000000000001585878537350596	1.4910886608758718	1294.9911384941881	339.2902909991535	10225.372951420271	-0.00000000000008171241461241152
0	5	-3.4349039595347186	0	45.00576958530595	-0.00000000000000006102795476642589	1.1	0	0	10225.372951420271	-0
0	2	-3.4349039595347186	0	45.00576958530595	-0.00000000000000006102795476642589	1.1	0	0	10225.372951420271	-0
0	0	-3.4349039595347186	0	45.00576958530595	-0.00000000000000006102795476642589	1.1	0	0	10225.372951420271	-0
0	-2	-3.4349039595347186	0	45.00576958530595	-0.00000000000000006102795476642589	1.1	0	0	10225.372951420271	-0
0	-5	-3.4349039595347186	0	45.00576958530595	-0.00000000000000006102795476642589	1.1	0	0	10225.372951420271	-0
0	-10	-3.4349039595347186	42.49736489587024	21.08923342791704	-0.000000000000000023185506601859376	1.4911148414548836	791.2461511700553	311.352720519586	10225.372951420271	-0.0000000000000009853229343548264
0	-20	-3.4349039595347186	649.551999486239	24.47726677877321	0.00000000000000039517015342321974	3.207541018543212	3460.962281610425	6476.8172218049	10225.372951420271	0.0000000000002566835632933362
0	-40	-3.4349039595347186	2221.9008795729283	27.088239094051236	-0.00000000000000016189392753095765	5.835893375441037	3221.794398012596	5224.737896353654	10225.372951420271	-0.0000000000003597122599785507
-2	40	-3.4349039595347186	2226.197647797535	62.89277987711315	-0.038690757534442795	5.760121974876675	3220.499619404646	5227.87161875367	10245.035389240702	-533.6029821856313
-2	20	-3.4349039595347186	670.8932279013789	65.56712138464489	-0.1666312841346366	3.1295983116214354	3408.0801071071696	6198.712586573776	10245.035389240702	-184.99960113648143
-2	10	-3.4349039595347186	52.402841918024386	68.86190090725758	-0.8513753443327339	1.5019351828314202	1281.4873007694073	367.365364326688	10245.035389240702	-47.33409798051264
-2	5	-3.4349039595347186	0	45.00576958530595	-0.00000000000000006102795476642589	1.1	0	0	10245.035389240702	-0
-2	2	-3.4349039595347186	0	45.00576958530595	-0.00000000000000006102795476642589	1.1	0	0	10245.035389240702	-0
-2	0	-3.4349039595347186	0	45.00576958530595	-0.00000000000000006102795476642589	1.1	0	0	10245.035389240702	-0
-2	-2	-3.4349039595347186	0	45.00576958530595	-0.00000000000000006102795476642589	1.1	0	0	10245.035389240702	-0
-2	-5	-3.4349039595347186	0	45.00576958530595	-0.00000000000000006102795476642589	1.1	0	0	10245.035389240702	-0
-2	-10	-3.4349039595347186	43.34325667082646	21.161711826974155	-0.6300685794591373	1.4970132245207626	779.7442238626284	338.77385636649706	10245.035389240702	-29.557056913766868
-2	-20	-3.4349039595347186	650.7635215562804	24.48447529868993	-0.174578357191212	3.2115612930616044	3463.5680774617745	6505.385184059269	10245.035389240702	-186.4788130601124
-2	-40	-3.4349039595347186	2222.815941554385	27.09154668752259	-0.03874962015723675	5.836620996721001	3220.499619404645	5227.871618753641	10245.035389240702	-538.8575971554426
-5	40	-3.4349039595347186	2230.9986750277776	62.87551487989807	-0.09641586115024377	5.764088618143804	3213.7192739317734	5244.281930414167	10234.192365617177	-1335.0795691638725
-5	20	-3.4349039595347186	677.1633398239521	65.52931967646826	-0.4143506858765361	3.1499212008058097	3421.43352691496	6345.524195842372	10234.192365617177	-465.41956290647136
-5	10	-3.4349039595347186	57.02486106581475	68.5713497406827	-1.978414726428634	1.5546524344980197	1211.5284512243986	511.169311630867	10234.192365617177	-120.11620640815592
-5	5	-3.4349039595347186	0	45.00576958530595	-0.00000000000000006102795476642589	1.1	0	0	10234.192365617177	-0
-5	2	-3.4349039595347186	0	45.00576958530595	-0.00000000000000006102795476642589	1.1	0	0	10234.192365617177	-0
-5	0	-3.4349039595347186	0	45.00576958530595	-0.00000000000000006102795476642589	1.1	0	0	10234.192365617177	-0
-5	-2	-3.4349039595347186	0	45.00576958530595	-0.00000000000000006102795476642589	1.1	0	0	10234.192365617177	-0
-5	-5	-3.4349039595347186	0	45.00576958530595	-0.00000000000000006102795476642589	1.1	0	0	10234.192365617177	-0
-5	-10	-3.4349039595347186	47.58776977739523	21.49652600555863	-1.487702747631204	1.528218108986443	763.2590552192491	476.0587752779393	10234.192365617177	-76.8654110390454
-5	-20	-3.4349039595347186	657.1436548528327	24.52208390900597	-0.4339026589039322	3.232651848195616	3477.4699537721026	6655.801087476153	10234.192365617177	-469.1977446108649
-5	-40	-3.4349039595347186	2227.6169687846227	27.108896543855636	-0.09656222837771529	5.84042878868217	3213.7192739317734	5244.281930414167	10234.192365617177	-1348.2021042666133
-10	40	-3.4349039595347186	2248.1034397724898	62.81405526853444	-0.1906363562501043	5.778082993241981	3189.739260248285	5302.320197010573	10622.265535754357	-2677.701942586391
-10	20	-3.4349039595347186	699.8245285279359	65.39724117173839	-0.8132415431387009	3.222437876492607	3472.1686729144003	6875.742100006566	10622.265535754357	-952.0812077569283
-10	10	-3.4349039595347186	73.7185361992727	67.77747744207609	-3.1860999987541683	1.7020499416148254	973.9394702699382	979.189194098748	10622.265535754357	-253.09444831870613
-10	5	-3.4349039595347186	0.001376390148629546	70.99767637870879	-6.528293497909194	1.112643791010837	0.0003807161893165656	0.0015098813530443067	10622.265535754357	-0.00911489961161069
-10	2	-3.4349039595347186	0	45.00576958530595	-0.00000000000000006102795476642589	1.1	0	0	10622.265535754357	-0
-10	0	-3.4349039595347186	0	45.00576958530595	-0.00000000000000006102795476642589	1.1	0	0	10622.265535754357	-0
-10	-2	-3.4349039595347186	0	45.00576958530595	-0.00000000000000006102795476642589	1.1	0	0	10622.265535754357	-0
-10	-5	-3.4349039595347186	0	45.00576958530595	-0.00000000000000006102795476642589	1.1	0	0	10622.265535754357	-0
-10	-10	-3.4349039595347186	62.20074666011389	22.4004091206831	-2.538779390667312	1.6301155676478918	724.6366697924482	927.1185467936448	10622.265535754357	-173.12185934547844
-10	-20	-3.4349039595347186	680.2026244333053	24.653260445005028	-0.8501925310532553	3.3077903435108293	3530.2283312613254	7199.056194404053	10622.265535754357	-960.2202521653772
-10	-40	-3.4349039595347186	2244.721733529339	27.170655458277395	-0.19092355271925832	5.853862534917898	3189.7392602482846	5302.320197010551	10622.265535754357	-2703.8471423761457
-15	40	-3.4349039595347186	2276.466702462379	62.71231380391354	-0.2805993862890564	5.800825095200905	3150.582977543432	5397.089232781087	11307.554100793297	-4034.8146053391984
-15	20	-3.4349039595347186	738.5498361167819	65.18666734919687	-1.1834064125577823	3.343273572984463	3567.863262119413	7780.678913070937	11307.554100793297	-1483.292922623847
-15	10	-3.4349039595347186	101.93137028814422	66.88864665853451	-3.7036586649621643	1.8760723217282684	775.8939696803484	1715.4207435122808	11307.554100793297	-414.14948183188085
-15	5	-3.4349039595347186	2.3622338285283853	69.20605760013964	-5.9462689894676	1.2751666963393389	4.012120571299249	35.21200056426369	11307.554100793297	-14.347481211228219
-15	2	-3.4349039595347186	0	45.00576958530595	-0.00000000000000006102795476642589	1.1	0	0	11307.554100793297	-0
-15	0	-3.4349039595347186	0	45.00576958530595	-0.00000000000000006102795476642589	1.1	0	0	11307.554100793297	-0
-15	-2	-3.4349039595347186	0	45.00576958530595	-0.00000000000000006102795476642589	1.1	0	0	11307.554100793297	-0
-15	-5	-3.4349039595347186	0.13755943772986803	22.62637513680077	-5.517754888215336	1.1355931305973157	1.591582357088157	14.099236129396559	11307.554100793297	-0.7735868307015691
-15	-10	-3.4349039595347186	87.00016500086278	23.415544343594494	-3.1728115987700094	1.7864936329772994	742.2171717070917	1758.2155144423014	11307.554100793297	-306.85647597034085
-15	-20	-3.4349039595347186	719.6095821621394	24.86168525406936	-1.2339202974070191	3.4326197875615545	3627.14132887138	8125.802573644949	11307.554100793297	-1497.0058707502908
-15	-40	-3.4349039595347186	2273.084996219225	27.272883047239002	-0.2810168386491825	5.875692903289052	3150.5829775434304	5397.089232781058	11307.554100793297	-4073.7834890586523
-30	40	-3.4349039595347186	2426.530939437583	62.17729184985898	-0.5085526945808156	5.912301274729019	2956.0297587425093	5867.96184065317	15579.530461609822	-8241.882654090165
-30	20	-3.4349039595347186	970.7464267879088	64.2146791860642	-2.046673910850667	4.009249017717148	4336.517872173135	13121.642789092104	15579.530461609822	-3666.6025513667587
-30	10	-3.4349039595347186	262.1096928661088	64.14524537733341	-4.1332720731772445	2.524166032568685	948.317393248717	7257.568749197206	15579.530461609822	-1269.0307168506715
-30	5	-3.4349039595347186	78.37608393919892	63.676933650925456	-5.294132598628342	1.8539428957078836	148.40183041555838	4508.428052448518	15579.530461609822	-431.99524077441504
-30	2	-3.4349039595347186	20.909085844692896	62.27769995867741	-5.981043326180535	1.457354802246384	18.705132100132232	3544.0541937232592	15579.530461609822	-123.53951175272834
-30	0	-3.4349039595347186	5.6991983660057155	47.81675976505164	-6.382734465891378	1.2251322693354303	1.6572184503759217	6415.916668056919	15579.530461609822	-34.994082894043636
-30	-2	-3.4349039595347186	14.230544827534358	30.81791076007292	-5.975184525820518	1.393585714421886	15.079605613938156	2567.8000305464557	15579.530461609822	-83.55399573748745
-30	-5	-3.4349039595347186	61.7745869342485	27.73312337025447	-5.10991585645289	1.7350823983196102	137.2056635084723	4182.157977887655	15579.530461609822	-326.9641254266463
-30	-10	-3.4349039595347186	248.76027228230387	26.070370941702237	-3.966270127140134	2.549257869900352	985.6708556381609	7543.43856793295	15579.530461609822	-1171.541383817147
-30	-20	-3.4349039595347186	956.6238303985944	25.812348640044924	-2.1023386595313975	4.113115443862004	4289.111844089122	13496.151877588301	15579.530461609822	-3709.0567444059334
-30	-40	-3.4349039595347186	2423.1492331944305	27.81028303359677	-0.5092624221529676	5.982688136842511	2956.0297587425084	5867.961840653181	15579.530461609822	-8317.164756502725
-60	40	-3.4349039595347186	2976.351666471117	60.25253533249823	-0.7181219094006699	6.224695529893715	2424.500480202334	7154.409729252227	8922.06264933494	-17113.442927069005
-60	20	-3.4349039595347186	2034.7266688855684	60.79551358813122	-2.3140891420492644	5.63703936977858	4456.985960371163	33831.949615415164	8922.06264933494	-12287.437360739543
-60	10	-3.4349039595347186	1319.6513951561178	58.524214705733215	-4.030441755697242	4.962755192093067	4413.045633840698	56524.8585663684	8922.06264933494	-8331.081915211736
-60	5	-3.4349039595347186	1051.4298356345457	54.43211698505686	-4.735613249098947	4.296334105832325	4257.241590164354	89500.16419820418	8922.06264933494	-6401.673771545017
-60	2	-3.4349039595347186	963.5568066732568	49.43415077572024	-4.992460783315667	3.886091163890838	3662.2765257088467	109512.36081011526	8922.06264933494	-5648.0655755538755
-60	0	-3.4349039595347186	948.8150350744581	45.40312899139643	-5.044659047267832	3.7957392612633654	3446.975180109148	111600.3107600644	8922.06264933494	-5512.175245957017
-60	-2	-3.4349039595347186	968.1352136322167	41.362278025097915	-4.988951410857377	3.8921916032272024	3687.792539021437	109977.53540561539	8922.06264933494	-5678.318766580121
-60	-5	-3.4349039595347186	1058.1365321448864	36.166545015480324	-4.726077623572304	4.3139401213717745	4324.282243408059	97206.82354731002	8922.06264933494	-6453.596451399407
-60	-10	-3.4349039595347186	1318.8118761003166	31.46635993075961	-3.9858267197288773	5.014191715650674	4464.283427205231	58551.09392518633	8922.06264933494	-8355.109451989318
-60	-20	-3.4349039595347186	2029.6965605114974	29.20223647051461	-2.3233058153704174	5.711635601900159	4308.3441045424515	33871.894889957206	8922.06264933494	-12397.537674280828
-60	-40	-3.4349039595347186	2972.969960227965	29.741660883558158	-0.7189387616988276	6.282420397233822	2424.5004802023286	7154.409729252229	8922.06264933494	-17243.835353348164
60	40	-10.30471187860415	2392.5037014264344	62.18868254589224	0.8933667858067594	6.156902291180996	2424.500480202296	7154.409729252227	8922.06264933494	13825.602256247283
60	20	-10.30471187860415	973.7247697748566	63.80820724512579	3.518618882400553	5.239661424659807	3013.0413575154816	13155.107811915906	8922.06264933494	6131.534497493847
60	10	-10.30471187860415	301.9252985779517	63.80762572713116	5.107092965968929	3.685790833918774	1145.0970082051645	8763.543008611035	8922.06264933494	1734.7223637812747
60	5	-10.30471187860415	101.82799451134842	62.9964860232123	5.7773161028297295	2.524930308467678	210.38628814219555	6391.507710213253	8922.06264933494	516.808826322654
60	2	-10.30471187860415	35.44524227996803	60.57294217657649	6.173904196291231	1.8380195809154847	37.80866280336886	7163.592817736197	8922.06264933494	165.8384968043508
60	0	-10.30471187860415	17.103327088864518	47.80898954927235	6.382797811093684	1.4753851533312072	8.611159665919331	11112.693646202613	8922.06264933494	76.43681993988591
60	-2	-10.30471187860415	24.42737778523376	33.095680600982966	6.199621192059386	1.7361837523127868	27.231309177283038	4991.106045782787	8922.06264933494	112.44874249870175
60	-5	-10.30471187860415	83.53472981576141	28.297411544635153	5.760350173224471	2.572256468013928	217.39268094135696	6474.713208465451	8922.06264933494	426.67990695992773
60	-10	-10.30471187860415	289.33393030845104	26.375382818476957	5.041873216408576	3.8046893436300446	1188.0958385733102	9092.617398423623	8922.06264933494	1682.7355367777434
60	-20	-10.30471187860415	977.5424670305719	26.1286751396579	3.4359253063321598	5.3174169154850075	3010.5958132575906	13480.100958327545	8922.06264933494	6180.982235056461
60	-40	-10.30471187860415	2389.121995183282	27.798534901445816	0.8946313106167428	6.228637866043735	2424.5004802023395	7154.40972925222	8922.06264933494	13955.99468252644
30	40	-10.30471187860415	1415.2766000844922	65.39653186391463	0.8719276837199398	5.490587934753423	2956.0297587425066	5867.961840653239	15579.530461609818	4954.041983268432
30	20	-10.30471187860415	62.149953424682366	68.46949336592654	4.656030149573678	2.222351516440154	185.71430568259075	366.3699895532409	15579.530461609818	319.66307407534254
30	10	-10.30471187860415	0	45.00576958530595	-0.00000000000000006102795476642589	1.1	0	0	15579.530461609818	0
30	5	-10.30471187860415	0	45.00576958530595	-0.00000000000000006102795476642589	1.1	0	0	15579.530461609818	0
30	2	-10.30471187860415	0	45.00576958530595	-0.00000000000000006102795476642589	1.1	0	0	15579.530461609818	0
30	0	-10.30471187860415	0	45.00576958530595	-0.00000000000000006102795476642589	1.1	0	0	15579.530461609818	0
30	-2	-10.30471187860415	0	45.00576958530595	-0.00000000000000006102795476642589	1.1	0	0	15579.530461609818	0
30	-5	-10.30471187860415	0	45.00576958530595	-0.00000000000000006102795476642589	1.1	0	0	15579.530461609818	0
30	-10	-10.30471187860415	0	45.00576958530595	-0.00000000000000006102795476642589	1.1	0	0	15579.530461609818	0
30	-20	-10.30471187860415	46.32863799231396	21.580881443574533	4.076877659448188	2.1911264402039783	196.04615188530624	402.0406167752153	15579.530461609818	214.32752985937015
30	-40	-10.30471187860415	1411.894893841345	24.566168283055394	0.8740160851331531	5.610378551647358	2956.029758742501	5867.961840653137	15579.530461609818	5029.324085681004
15	40	-10.30471187860415	1148.5629084387324	66.22730446504573	0.5561300099384598	5.111789182757564	3148.538931937923	5387.052307557082	11307.554100793299	2136.566754309329
15	20	-10.30471187860415	3.7227555677202337	70.26994236285417	5.376461438950033	1.4278461693416766	12.545633525899689	7.149867090506632	11307.554100793299	20.709006991159317
15	10	-10.30471187860415	0	45.00576958530595	-0.00000000000000006102795476642589	1.1	0	0	11307.554100793299	0
15	5	-10.30471187860415	0	45.00576958530595	-0.00000000000000006102795476642589	1.1	0	0	11307.554100793299	0
15	2	-10.30471187860415	0	45.00576958530595	-0.00000000000000006102795476642589	1.1	0	0	11307.554100793299	0
15	0	-10.30471187860415	0	45.00576958530595	-0.00000000000000006102795476642589	1.1	0	0	11307.554100793299	0
15	-2	-10.30471187860415	0	45.00576958530595	-0.00000000000000006102795476642589	1.1	0	0	11307.554100793299	0
15	-5	-10.30471187860415	0	45.00576958530595	-0.00000000000000006102795476642589	1.1	0	0	11307.554100793299	0
15	-10	-10.30471187860415	0	45.00576958530595	-0.00000000000000006102795476642589	1.1	0	0	11307.554100793299	0
15	-20	-10.30471187860415	1.042961747926792	19.28195363450928	3.7460067577484826	1.2960056680870722	2.853356836741483	2.0583392712087516	11307.554100793299	4.123657593100445
15	-40	-10.30471187860415	1145.1773400932752	23.72158429656318	0.5577958428398416	5.258338281832105	3150.5829775434263	5397.089232781029	11307.554100793299	2175.5477927071324
10	40	-10.30471187860415	1098.1474348937393	66.37960668332143	0.3902665826744864	5.01948932974713	3189.7344428634997	5302.30439294425	10622.265535754355	1379.232251686716
10	20	-10.30471187860415	0.355198546671482	70.78969677436214	5.865757068040328	1.2294668392989798	1.066523958314292	0.2746633672122698	10622.265535754355	2.127688210388495
10	10	-10.30471187860415	0	45.00576958530595	-0.00000000000000006102795476642589	1.1	0	0	10622.265535754355	0
10	5	-10.30471187860415	0	45.00576958530595	-0.00000000000000006102795476642589	1.1	0	0	10622.265535754355	0
10	2	-10.30471187860415	0	45.00576958530595	-0.00000000000000006102795476642589	1.1	0	0	10622.265535754355	0
10	0	-10.30471187860415	0	45.00576958530595	-0.00000000000000006102795476642589	1.1	0	0	10622.265535754355	0
10	-2	-10.30471187860415	0	45.00576958530595	-0.00000000000000006102795476642589	1.1	0	0	10622.265535754355	0
10	-5	-10.30471187860415	0	45.00576958530595	-0.00000000000000006102795476642589	1.1	0	0	10622.265535754355	0
10	-10	-10.30471187860415	0	45.00576958530595	-0.00000000000000006102795476642589	1.1	0	0	10622.265535754355	0
10	-20	-10.30471187860415	0.025767616599642395	18.76399788514007	4.015681246508222	1.1509639434212402	0.03692628604013848	0.011093984450894823	10622.265535754355	0.10705251183724979
10	-40	-10.30471187860415	1094.7657284165316	23.56590919539919	0.39147210869620214	5.172525396979542	3189.739260248287	5302.320197010646	10622.265535754355	1405.3774525120477
5	40	-10.30471187860415	1067.7461804894426	66.47050680786901	0.20145579764963958	4.959628815210133	3213.7192739317748	5244.281930414203	10234.192365617175	675.8292302563559
5	20	-10.30471187860415	0	45.00576958530595	-0.00000000000000006102795476642589	1.1	0	0	10234.192365617175	0
5	10	-10.30471187860415	0	45.00576958530595	-0.00000000000000006102795476642589	1.1	0	0	10234.192365617175	0
5	5	-10.30471187860415	0	45.00576958530595	-0.00000000000000006102795476642589	1.1	0	0	10234.192365617175	0
5	2	-10.30471187860415	0	45.00576958530595	-0.00000000000000006102795476642589	1.1	0	0	10234.192365617175	0
5	0	-10.30471187860415	0	45.00576958530595	-0.00000000000000006102795476642589	1.1	0	0	10234.192365617175	0
5	-2	-10.30471187860415	0	45.00576958530595	-0.00000000000000006102795476642589	1.1	0	0	10234.192365617175	0
5	-5	-10.30471187860415	0	45.00576958530595	-0.00000000000000006102795476642589	1.1	0	0	10234.192365617175	0
5	-10	-10.30471187860415	0	45.00576958530595	-0.00000000000000006102795476642589	1.1	0	0	10234.192365617175	0
5	-20	-10.30471187860415	0	45.00576958530595	-0.00000000000000006102795476642589	1.1	0	0	10234.192365617175	0
5	-40	-10.30471187860415	1064.3644742462864	23.472834449688175	0.20209586441728788	5.116845836824577	3213.7192739317734	5244.281930414174	10234.192365617175	688.951765359096
2	40	-10.30471187860415	1059.2130465186915	66.49588059514586	0.08131817644975026	4.942209349560997	3220.499619404648	5227.8716187536775	10245.035389240702	268.77452516022123
2	20	-10.30471187860415	0	45.00576958530595	-0.00000000000000006102795476642589	1.1	0	0	10245.035389240702	0
2	10	-10.30471187860415	0	45.00576958530595	-0.00000000000000006102795476642589	1.1	0	0	10245.035389240702	0
2	5	-10.30471187860415	0	45.00576958530595	-0.00000000000000006102795476642589	1.1	0	0	10245.035389240702	0
2	2	-10.30471187860415	0	45.00576958530595	-0.00000000000000006102795476642589	1.1	0	0	10245.035389240702	0
2	0	-10.30471187860415	0	45.00576958530595	-0.00000000000000006102795476642589	1.1	0	0	10245.035389240702	0
2	-2	-10.30471187860415	0	45.00576958530595	-0.00000000000000006102795476642589	1.1	0	0	10245.035389240702	0
2	-5	-10.30471187860415	0	45.00576958530595	-0.00000000000000006102795476642589	1.1	0	0	10245.035389240702	0
2	-10	-10.30471187860415	0	45.00576958530595	-0.00000000000000006102795476642589	1.1	0	0	10245.035389240702	0
2	-20	-10.30471187860415	0	45.00576958530595	-0.00000000000000006102795476642589	1.1	0	0	10245.035389240702	0
2	-40	-10.30471187860415	1055.831340275543	23.446828223689383	0.0815786292081489	5.100641192466749	3220.4996194046453	5227.871618753648	10245.035389240702	274.02914013002805
0	40	-10.30471187860415	1057.5866557267145	66.5007095161001	0.0000000000000002149929504235221	4.938857355538303	3221.7943980125983	5224.737896353676	10225.372951420271	0.00000000000022737367544323206
0	20	-10.30471187860415	0	45.00576958530595	-0.00000000000000006102795476642589	1.1	0	0	10225.372951420271	-0
0	10	-10.30471187860415	0	45.00576958530595	-0.00000000000000006102795476642589	1.1	0	0	10225.372951420271	-0
0	5	-10.30471187860415	0	45.00576958530595	-0.00000000000000006102795476642589	1.1	0	0	10225.372951420271	-0
0	2	-10.30471187860415	0	45.00576958530595	-0.00000000000000006102795476642589	1.1	0	0	10225.372951420271	-0
0	0	-10.30471187860415	0	45.00576958530595	-0.00000000000000006102795476642589	1.1	0	0	10225.372951420271	-0
0	-2	-10.30471187860415	0	45.00576958530595	-0.00000000000000006102795476642589	1.1	0	0	10225.372951420271	-0
0	-5	-10.30471187860415	0	45.00576958530595	-0.00000000000000006102795476642589	1.1	0	0	10225.372951420271	-0
0	-10	-10.30471187860415	0	45.00576958530595	-0.00000000000000006102795476642589	1.1	0	0	10225.372951420271	-0
0	-20	-10.30471187860415	0	45.00576958530595	-0.00000000000000006102795476642589	1.1	0	0	10225.372951420271	-0
0	-40	-10.30471187860415	1054.204949483564	23.441877623319257	-0.00000000000000033784658900930635	5.097522868976013	3221.794398012596	5224.7378963536175	10225.372951420271	-0.00000000000035615954629975017
-2	40	-10.30471187860415	1059.2130465186915	66.49588059514586	-0.08131817644974854	4.942209349560998	3220.499619404647	5227.87161875359	10245.035389240702	-268.77452516021947
-2	20	-10.30471187860415	0	45.00576958530595	-0.00000000000000006102795476642589	1.1	0	0	10245.035389240702	-0
-2	10	-10.30471187860415	0	45.00576958530595	-0.00000000000000006102795476642589	1.1	0	0	10245.035389240702	-0
-2	5	-10.30471187860415	0	45.00576958530595	-0.00000000000000006102795476642589	1.1	0	0	10245.035389240702	-0
-2	2	-10.30471187860415	0	45.00576958530595	-0.00000000000000006102795476642589	1.1	0	0	10245.035389240702	-0
-2	0	-10.30471187860415	0	45.00576958530595	-0.00000000000000006102795476642589	1.1	0	0	10245.035389240702	-0
-2	-2	-10.30471187860415	0	45.00576958530595	-0.00000000000000006102795476642589	1.1	0	0	10245.035389240702	-0
-2	-5	-10.30471187860415	0	45.00576958530595	-0.00000000000000006102795476642589	1.1	0	0	10245.035389240702	-0
-2	-10	-10.30471187860415	0	45.00576958530595	-0.00000000000000006102795476642589	1.1	0	0	10245.035389240702	-0
-2	-20	-10.30471187860415	0	45.00576958530595	-0.00000000000000006102795476642589	1.1	0	0	10245.035389240702	-0
-2	-40	-10.30471187860415	1055.8313402755437	23.446828223689376	-0.08157862920814898	5.100641192466746	3220.4996194046425	5227.871618753619	10245.035389240702	-274.0291401300282
-5	40	-10.30471187860415	1067.7461804894428	66.47050680786901	-0.20145579764963806	4.959628815210133	3213.719273931775	5244.281930414145	10234.192365617177	-675.8292302563544
-5	20	-10.30471187860415	0	45.00576958530595	-0.00000000000000006102795476642589	1.1	0	0	10234.192365617177	-0
-5	10	-10.30471187860415	0	45.00576958530595	-0.00000000000000006102795476642589	1.1	0	0	10234.192365617177	-0
-5	5	-10.30471187860415	0	45.00576958530595	-0.00000000000000006102795476642589	1.1	0	0	10234.192365617177	-0
-5	2	-10.30471187860415	0	45.00576958530595	-0.00000000000000006102795476642589	1.1	0	0	10234.192365617177	-0
-5	0	-10.30471187860415	0	45.00576958530595	-0.00000000000000006102795476642589	1.1	0	0	10234.192365617177	-0
-5	-2	-10.30471187860415	0	45.00576958530595	-0.00000000000000006102795476642589	1.1	0	0	10234.192365617177	-0
-5	-5	-10.30471187860415	0	45.00576958530595	-0.00000000000000006102795476642589	1.1	0	0	10234.192365617177	-0
-5	-10	-10.30471187860415	0	45.00576958530595	-0.00000000000000006102795476642589	1.1	0	0	10234.192365617177	-0
-5	-20	-10.30471187860415	0	45.00576958530595	-0.00000000000000006102795476642589	1.1	0	0	10234.192365617177	-0
-5	-40	-10.30471187860415	1064.364474246286	23.47283444968819	-0.2020958644172874	5.116845836824577	3213.7192739317725	5244.281930414058	10234.192365617177	-688.9517653590952
-10	40	-10.30471187860415	1098.1474348937395	66.37960668332141	-0.3902665826744869	5.019489329747129	3189.734442863498	5302.3043929442065	10622.265535754357	-1379.2322516867166
-10	20	-10.30471187860415	0.35519854667148365	70.78969677436214	-5.86575706804033	1.2294668392989798	1.0665239583137804	0.27466336720340223	10622.265535754357	-2.1276882103885058
-10	10	-10.30471187860415	0	45.00576958530595	-0.00000000000000006102795476642589	1.1	0	0	10622.265535754357	-0
-10	5	-10.30471187860415	0	45.00576958530595	-0.00000000000000006102795476642589	1.1	0	0	10622.265535754357	-0
-10	2	-10.30471187860415	0	45.00576958530595	-0.00000000000000006102795476642589	1.1	0	0	10622.265535754357	-0
-10	0	-10.30471187860415	0	45.00576958530595	-0.00000000000000006102795476642589	1.1	0	0	10622.265535754357	-0
-10	-2	-10.30471187860415	0	45.00576958530595	-0.00000000000000006102795476642589	1.1	0	0	10622.265535754357	-0
-10	-5	-10.30471187860415	0	45.00576958530595	-0.00000000000000006102795476642589	1.1	0	0	10622.265535754357	-0
-10	-10	-10.30471187860415	0	45.00576958530595	-0.00000000000000006102795476642589	1.1	0	0	10622.265535754357	-0
-10	-20	-10.30471187860415	0.02576761659964242	18.76399788514007	-4.015681246508223	1.1509639434212406	0.03692628604024861	0.01109398444867793	10622.265535754357	-0.10705251183724991
-10	-40	-10.30471187860415	1094.765728416531	23.565909195399183	-0.391472108696202	5.172525396979543	3189.739260248284	5302.320197010558	10622.265535754357	-1405.3774525120468
-15	40	-10.30471187860415	1148.5629084387328	66.22730446504573	-0.5561300099384597	5.111789182757564	3148.5389319379233	5387.052307557067	11307.554100793297	-2136.56675430933
-15	20	-10.30471187860415	3.7227555677202298	70.26994236285418	-5.376461438950034	1.4278461693416769	12.545633525900485	7.14986709051027	11307.554100793297	-20.709006991159303
-15	10	-10.30471187860415	0	45.00576958530595	-0.00000000000000006102795476642589	1.1	0	0	11307.554100793297	-0
-15	5	-10.30471187860415	0	45.00576958530595	-0.00000000000000006102795476642589	1.1	0	0	11307.554100793297	-0
-15	2	-10.30471187860415	0	45.00576958530595	-0.00000000000000006102795476642589	1.1	0	0	11307.554100793297	-0
-15	0	-10.30471187860415	0	45.00576958530595	-0.00000000000000006102795476642589	1.1	0	0	11307.554100793297	-0
-15	-2	-10.30471187860415	0	45.00576958530595	-0.00000000000000006102795476642589	1.1	0	0	11307.554100793297	-0
-15	-5	-10.30471187860415	0	45.00576958530595	-0.00000000000000006102795476642589	1.1	0	0	11307.554100793297	-0
-15	-10	-10.30471187860415	0	45.00576958530595	-0.00000000000000006102795476642589	1.1	0	0	11307.554100793297	-0
-15	-20	-10.30471187860415	1.042961747926791	19.281953634509282	-3.746006757748482	1.2960056680870722	2.8533568367418525	2.05833927121148	11307.554100793297	-4.12365759310044
-15	-40	-10.30471187860415	1145.1773400932755	23.72158429656317	-0.557795842839842	5.258338281832105	3150.5829775434263	5397.089232781043	11307.554100793297	-2175.5477927071333
-30	40	-10.30471187860415	1415.276600084492	65.39653186391462	-0.8719276837199391	5.490587934753419	2956.0297587425102	5867.96184065321	15579.530461609822	-4954.041983268428
-30	20	-10.30471187860415	62.14995342468258	68.46949336592655	-4.656030149573678	2.2223515164401553	185.7143056825962	366.3699895532445	15579.530461609822	-319.6630740753437
-30	10	-10.30471187860415	0	45.00576958530595	-0.00000000000000006102795476642589	1.1	0	0	15579.530461609822	-0
-30	5	-10.30471187860415	0	45.00576958530595	-0.00000000000000006102795476642589	1.1	0	0	15579.530461609822	-0
-30	2	-10.30471187860415	0	45.00576958530595	-0.00000000000000006102795476642589	1.1	0	0	15579.530461609822	-0
-30	0	-10.30471187860415	0	45.00576958530595	-0.00000000000000006102795476642589	1.1	0	0	15579.530461609822	-0
-30	-2	-10.30471187860415	0	45.00576958530595	-0.00000000000000006102795476642589	1.1	0	0	15579.530461609822	-0
-30	-5	-10.30471187860415	0	45.00576958530595	-0.00000000000000006102795476642589	1.1	0	0	15579.530461609822	-0
-30	-10	-10.30471187860415	0	45.00576958530595	-0.00000000000000006102795476642589	1.1	0	0	15579.530461609822	-0
-30	-20	-10.30471187860415	46.328637992313965	21.580881443574533	-4.076877659448188	2.191126440203978	196.04615188530988	402.0406167752262	15579.530461609822	-214.32752985937017
-30	-40	-10.30471187860415	1411.8948938413453	24.5661682830554	-0.8740160851331525	5.610378551647358	2956.029758742512	5867.961840653166	15579.530461609822	-5029.324085681005
-60	40	-10.30471187860415	2392.5037014264344	62.188682545892256	-0.8933667858067581	6.156902291180999	2424.5004802023177	7154.409729252249	8922.06264933494	-13825.602256247286
-60	20	-10.30471187860415	973.7247697748568	63.80820724512581	-3.518618882400553	5.239661424659808	3013.041357515489	13155.107811915892	8922.06264933494	-6131.534497493849
-60	10	-10.30471187860415	301.92529857795165	63.80762572713117	-5.1070929659689295	3.685790833918775	1145.0970082051645	8763.543008611035	8922.06264933494	-1734.722363781275
-60	5	-10.30471187860415	101.82799451134858	62.996486023212306	-5.7773161028297295	2.5249303084676784	210.38628814218464	6391.507710213253	8922.06264933494	-516.8088263226548
-60	2	-10.30471187860415	35.44524227996806	60.57294217657647	-6.173904196291231	1.8380195809154853	37.80866280335431	7163.592817736215	8922.06264933494	-165.838496804351
-60	0	-10.30471187860415	17.103327088864525	47.808989549272354	-6.382797811093685	1.4753851533312075	8.611159665922969	11112.6936462026	8922.06264933494	-76.43681993988595
-60	-2	-10.30471187860415	24.427377785233823	33.09568060098297	-6.199621192059384	1.7361837523127865	27.231309177290314	4991.106045782804	8922.06264933494	-112.44874249870202
-60	-5	-10.30471187860415	83.53472981576157	28.29741154463515	-5.76035017322447	2.572256468013928	217.3926809413606	6474.7132084654295	8922.06264933494	-426.6799069599285
-60	-10	-10.30471187860415	289.3339303084509	26.37538281847697	-5.041873216408578	3.8046893436300477	1188.0958385733247	9092.617398423601	8922.06264933494	-1682.7355367777434
-60	-20	-10.30471187860415	977.542467030572	26.128675139657908	-3.4359253063321593	5.317416915485007	3010.5958132575906	13480.100958327486	8922.06264933494	-6180.982235056461
-60	-40	-10.30471187860415	2389.1219951832827	27.79853490144582	-0.8946313106167417	6.228637866043734	2424.500480202347	7154.409729252242	8922.06264933494	-13955.994682526438
60	40	-17.174519797673582	1808.6557363817496	64.0534038121375	1.1817524467370344	6.04534069603645	2424.500480202376	7154.409729252307	8922.06264933494	10537.76158542554
60	20	-17.174519797673582	307.66522241406307	66.55457607500817	4.672853506495354	4.367432543952451	1294.5941583451204	2965.5389339264366	8922.06264933494	1882.521744879491
60	10	-17.174519797673582	11.433706292433378	68.67770282159171	6.098664328807869	1.9683388541514162	14.562155018910744	111.44564250183066	8922.06264933494	54.35542370288396
60	5	-17.174519797673582	0	45.00576958530595	-0.00000000000000006102795476642589	1.1	0	0	8922.06264933494	0
60	2	-17.174519797673582	0	45.00576958530595	-0.00000000000000006102795476642589	1.1	0	0	8922.06264933494	0
60	0	-17.174519797673582	0	45.00576958530595	-0.00000000000000006102795476642589	1.1	0	0	8922.06264933494	0
60	-2	-17.174519797673582	0	45.00576958530595	-0.00000000000000006102795476642589	1.1	0	0	8922.06264933494	0
60	-5	-17.174519797673582	0	45.00576958530595	-0.00000000000000006102795476642589	1.1	0	0	8922.06264933494	0
60	-10	-17.174519797673582	1.3709509391472492	24.113396050106225	6.293272818703243	1.8772019549692052	7.521446553726037	52.19744410017529	8922.06264933494	6.542645362704391
60	-20	-17.174519797673582	300.12347916247904	23.427574329135965	4.5610327796361565	4.5463404103241585	1341.3866413803626	3128.4812444773124	8922.06264933494	1866.0965679513176
60	-40	-17.174519797673582	1805.2740301386007	25.922454623856414	1.1839661492333142	6.140067462357771	2424.500480202347	7154.409729252249	8922.06264933494	10668.154011704713
30	40	-17.174519797673582	484.65402771509963	67.95343939072939	1.914125761174528	4.177313742187035	2474.5064512222125	2335.566074529983	15579.530461609818	1815.677997801368
30	20	-17.174519797673582	0	45.00576958530595	-0.00000000000000006102795476642589	1.1	0	0	15579.530461609818	0
30	10	-17.174519797673582	0	45.00576958530595	-0.00000000000000006102795476642589	1.1	0	0	15579.530461609818	0
30	5	-17.174519797673582	0	45.00576958530595	-0.00000000000000006102795476642589	1.1	0	0	15579.530461609818	0
30	2	-17.174519797673582	0	45.00576958530595	-0.00000000000000006102795476642589	1.1	0	0	15579.530461609818	0
30	0	-17.174519797673582	0	45.00576958530595	-0.00000000000000006102795476642589	1.1	0	0	15579.530461609818	0
30	-2	-17.174519797673582	0	45.00576958530595	-0.00000000000000006102795476642589	1.1	0	0	15579.530461609818	0
30	-5	-17.174519797673582	0	45.00576958530595	-0.00000000000000006102795476642589	1.1	0	0	15579.530461609818	0
30	-10	-17.174519797673582	0	45.00576958530595	-0.00000000000000006102795476642589	1.1	0	0	15579.530461609818	0
30	-20	-17.174519797673582	0	45.00576958530595	-0.00000000000000006102795476642589	1.1	0	0	15579.530461609818	0
30	-40	-17.174519797673582	476.3218435879238	21.97007622588779	1.9473880533776224	4.398269390973499	2295.3711120853695	2486.3668336780684	15579.530461609818	1850.806739668173
15	40	-17.174519797673582	240.11632641289327	68.87877034820242	1.3611054973403895	3.0643298845419342	1615.4388675689142	784.2495614369836	11307.554100793299	506.125329582553
15	20	-17.174519797673582	0	45.00576958530595	-0.00000000000000006102795476642589	1.1	0	0	11307.554100793299	0
15	10	-17.174519797673582	0	45.00576958530595	-0.00000000000000006102795476642589	1.1	0	0	11307.554100793299	0
15	5	-17.174519797673582	0	45.00576958530595	-0.00000000000000006102795476642589	1.1	0	0	11307.554100793299	0
15	2	-17.174519797673582	0	45.00576958530595	-0.00000000000000006102795476642589	1.1	0	0	11307.554100793299	0
15	0	-17.174519797673582	0	45.00576958530595	-0.00000000000000006102795476642589	1.1	0	0	11307.554100793299	0
15	-2	-17.174519797673582	0	45.00576958530595	-0.00000000000000006102795476642589	1.1	0	0	11307.554100793299	0
15	-5	-17.174519797673582	0	45.00576958530595	-0.00000000000000006102795476642589	1.1	0	0	11307.554100793299	0
15	-10	-17.174519797673582	0	45.00576958530595	-0.00000000000000006102795476642589	1.1	0	0	11307.554100793299	0
15	-20	-17.174519797673582	0	45.00576958530595	-0.00000000000000006102795476642589	1.1	0	0	11307.554100793299	0
15	-40	-17.174519797673582	224.1609465001747	21.012290402104828	1.3592511609613136	3.2658910081782846	1450.2896721337456	869.1130434908409	11307.554100793299	483.7865292582383
10	40	-17.174519797673582	204.41947711868553	69.07936930113578	0.9882080507436474	2.8557482200164097	1499.7028754038631	585.5884208503121	10622.265535754355	300.3106963637923
10	20	-17.174519797673582	0	45.00576958530595	-0.00000000000000006102795476642589	1.1	0	0	10622.265535754355	0
10	10	-17.174519797673582	0	45.00576958530595	-0.00000000000000006102795476642589	1.1	0	0	10622.265535754355	0
10	5	-17.174519797673582	0	45.00576958530595	-0.00000000000000006102795476642589	1.1	0	0	10622.265535754355	0
10	2	-17.174519797673582	0	45.00576958530595	-0.00000000000000006102795476642589	1.1	0	0	10622.265535754355	0
10	0	-17.174519797673582	0	45.00576958530595	-0.00000000000000006102795476642589	1.1	0	0	10622.265535754355	0
10	-2	-17.174519797673582	0	45.00576958530595	-0.00000000000000006102795476642589	1.1	0	0	10622.265535754355	0
10	-5	-17.174519797673582	0	45.00576958530595	-0.00000000000000006102795476642589	1.1	0	0	10622.265535754355	0
10	-10	-17.174519797673582	0	45.00576958530595	-0.00000000000000006102795476642589	1.1	0	0	10622.265535754355	0
10	-20	-17.174519797673582	0	45.00576958530595	-0.00000000000000006102795476642589	1.1	0	0	10622.265535754355	0
10	-40	-17.174519797673582	186.77327068288278	20.79320173962611	0.9714656239793062	3.04569137316856	1324.0445584013703	650.1905469163175	10622.265535754355	277.46768792215823
5	40	-17.174519797673582	184.30940944154003	69.2071319481462	0.5226169783076138	2.728064145022689	1437.3818283252576	478.81941098756215	10234.192365617175	139.7792829198719
5	20	-17.174519797673582	0	45.00576958530595	-0.00000000000000006102795476642589	1.1	0	0	10234.192365617175	0
5	10	-17.174519797673582	0	45.00576958530595	-0.00000000000000006102795476642589	1.1	0	0	10234.192365617175	0
5	5	-17.174519797673582	0	45.00576958530595	-0.00000000000000006102795476642589	1.1	0	0	10234.192365617175	0
5	2	-17.174519797673582	0	45.00576958530595	-0.00000000000000006102795476642589	1.1	0	0	10234.192365617175	0
5	0	-17.174519797673582	0	45.00576958530595	-0.00000000000000006102795476642589	1.1	0	0	10234.192365617175	0
5	-2	-17.174519797673582	0	45.00576958530595	-0.00000000000000006102795476642589	1.1	0	0	10234.192365617175	0
5	-5	-17.174519797673582	0	45.00576958530595	-0.00000000000000006102795476642589	1.1	0	0	10234.192365617175	0
5	-10	-17.174519797673582	0	45.00576958530595	-0.00000000000000006102795476642589	1.1	0	0	10234.192365617175	0
5	-20	-17.174519797673582	0	45.00576958530595	-0.00000000000000006102795476642589	1.1	0	0	10234.192365617175	0
5	-40	-17.174519797673582	165.7184282887887	20.65349315163206	0.5063007290116683	2.908706370837954	1249.3399599587924	529.32962799503	10234.192365617175	125.59543911289366
2	40	-17.174519797673582	178.85008438727286	69.2440859276875	0.21251993138917502	2.6918304989513753	1420.8449768842008	450.51865944996825	10245.035389240702	54.78786168110281
2	20	-17.174519797673582	0	45.00576958530595	-0.00000000000000006102795476642589	1.1	0	0	10245.035389240702	0
2	10	-17.174519797673582	0	45.00576958530595	-0.00000000000000006102795476642589	1.1	0	0	10245.035389240702	0
2	5	-17.174519797673582	0	45.00576958530595	-0.00000000000000006102795476642589	1.1	0	0	10245.035389240702	0
2	2	-17.174519797673582	0	45.00576958530595	-0.00000000000000006102795476642589	1.1	0	0	10245.035389240702	0
2	0	-17.174519797673582	0	45.00576958530595	-0.00000000000000006102795476642589	1.1	0	0	10245.035389240702	0
2	-2	-17.174519797673582	0	45.00576958530595	-0.00000000000000006102795476642589	1.1	0	0	10245.035389240702	0
2	-5	-17.174519797673582	0	45.00576958530595	-0.00000000000000006102795476642589	1.1	0	0	10245.035389240702	0
2	-10	-17.174519797673582	0	45.00576958530595	-0.00000000000000006102795476642589	1.1	0	0	10245.035389240702	0
2	-20	-17.174519797673582	0	45.00576958530595	-0.00000000000000006102795476642589	1.1	0	0	10245.035389240702	0
2	-40	-17.174519797673582	160.01031685484276	20.613306318684845	0.2045121543580459	2.869467161530911	1224.3790583814173	495.0656864375487	10245.035389240702	48.72802672866204
0	40	-17.174519797673582	177.81862563269664	69.25118841842128	-0.0000000000000004795061708964968	2.6849011014660786	1417.7396085444013	445.20543833702686	10225.372951420271	-0.00000000000008526512829121202
0	20	-17.174519797673582	0	45.00576958530595	-0.00000000000000006102795476642589	1.1	0	0	10225.372951420271	-0
0	10	-17.174519797673582	0	45.00576958530595	-0.00000000000000006102795476642589	1.1	0	0	10225.372951420271	-0
0	5	-17.174519797673582	0	45.00576958530595	-0.00000000000000006102795476642589	1.1	0	0	10225.372951420271	-0
0	2	-17.174519797673582	0	45.00576958530595	-0.00000000000000006102795476642589	1.1	0	0	10225.372951420271	-0
0	0	-17.174519797673582	0	45.00576958530595	-0.00000000000000006102795476642589	1.1	0	0	10225.372951420271	-0
0	-2	-17.174519797673582	0	45.00576958530595	-0.00000000000000006102795476642589	1.1	0	0	10225.372951420271	-0
0	-5	-17.174519797673582	0	45.00576958530595	-0.00000000000000006102795476642589	1.1	0	0	10225.372951420271	-0
0	-10	-17.174519797673582	0	45.00576958530595	-0.00000000000000006102795476642589	1.1	0	0	10225.372951420271	-0
0	-20	-17.174519797673582	0	45.00576958530595	-0.00000000000000006102795476642589	1.1	0	0	10225.372951420271	-0
0	-40	-17.174519797673582	158.9338161167378	20.60564260420662	-0.0000000000000005504528644565086	2.861932656582965	1216.6203094500847	487.43140064647014	10225.372951420271	-0.00000000000008748557434046234
-2	40	-17.174519797673582	178.8500843872726	69.24408592768752	-0.21251993138917175	2.6918304989513753	1420.8449768842002	450.51865944996825	10245.035389240702	-54.78786168110215
-2	20	-17.174519797673582	0	45.00576958530595	-0.00000000000000006102795476642589	1.1	0	0	10245.035389240702	-0
-2	10	-17.174519797673582	0	45.00576958530595	-0.00000000000000006102795476642589	1.1	0	0	10245.035389240702	-0
-2	5	-17.174519797673582	0	45.00576958530595	-0.00000000000000006102795476642589	1.1	0	0	10245.035389240702	-0
-2	2	-17.174519797673582	0	45.00576958530595	-0.00000000000000006102795476642589	1.1	0	0	10245.035389240702	-0
-2	0	-17.174519797673582	0	45.00576958530595	-0.00000000000000006102795476642589	1.1	0	0	10245.035389240702	-0
-2	-2	-17.174519797673582	0	45.00576958530595	-0.00000000000000006102795476642589	1.1	0	0	10245.035389240702	-0
-2	-5	-17.174519797673582	0	45.00576958530595	-0.00000000000000006102795476642589	1.1	0	0	10245.035389240702	-0
-2	-10	-17.174519797673582	0	45.00576958530595	-0.00000000000000006102795476642589	1.1	0	0	10245.035389240702	-0
-2	-20	-17.174519797673582	0	45.00576958530595	-0.00000000000000006102795476642589	1.1	0	0	10245.035389240702	-0
-2	-40	-17.174519797673582	160.01031685484273	20.61330631868485	-0.20451215435804626	2.8694671615309133	1224.379058381418	495.0656864375778	10245.035389240702	-48.7280267286621
-5	40	-17.174519797673582	184.30940944153986	69.20713194814621	-0.5226169783076158	2.7280641450226892	1437.3818283252579	478.81941098762036	10234.192365617177	-139.77928291987214
-5	20	-17.174519797673582	0	45.00576958530595	-0.00000000000000006102795476642589	1.1	0	0	10234.192365617177	-0
-5	10	-17.174519797673582	0	45.00576958530595	-0.00000000000000006102795476642589	1.1	0	0	10234.192365617177	-0
-5	5	-17.174519797673582	0	45.00576958530595	-0.00000000000000006102795476642589	1.1	0	0	10234.192365617177	-0
-5	2	-17.174519797673582	0	45.00576958530595	-0.00000000000000006102795476642589	1.1	0	0	10234.192365617177	-0
-5	0	-17.174519797673582	0	45.00576958530595	-0.00000000000000006102795476642589	1.1	0	0	10234.192365617177	-0
-5	-2	-17.174519797673582	0	45.00576958530595	-0.00000000000000006102795476642589	1.1	0	0	10234.192365617177	-0
-5	-5	-17.174519797673582	0	45.00576958530595	-0.00000000000000006102795476642589	1.1	0	0	10234.192365617177	-0
-5	-10	-17.174519797673582	0	45.00576958530595	-0.00000000000000006102795476642589	1.1	0	0	10234.192365617177	-0
-5	-20	-17.174519797673582	0	45.00576958530595	-0.00000000000000006102795476642589	1.1	0	0	10234.192365617177	-0
-5	-40	-17.174519797673582	165.71842828878877	20.653493151632052	-0.5063007290116679	2.9087063708379524	1249.3399599587929	529.3296279950737	10234.192365617177	-125.59543911289366
-10	40	-17.174519797673582	204.41947711868565	69.07936930113578	-0.9882080507436447	2.8557482200164093	1499.7028754038627	585.5884208503412	10622.265535754357	-300.3106963637919
-10	20	-17.174519797673582	0	45.00576958530595	-0.00000000000000006102795476642589	1.1	0	0	10622.265535754357	-0
-10	10	-17.174519797673582	0	45.00576958530595	-0.00000000000000006102795476642589	1.1	0	0	10622.265535754357	-0
-10	5	-17.174519797673582	0	45.00576958530595	-0.00000000000000006102795476642589	1.1	0	0	10622.265535754357	-0
-10	2	-17.174519797673582	0	45.00576958530595	-0.00000000000000006102795476642589	1.1	0	0	10622.265535754357	-0
-10	0	-17.174519797673582	0	45.00576958530595	-0.00000000000000006102795476642589	1.1	0	0	10622.265535754357	-0
-10	-2	-17.174519797673582	0	45.00576958530595	-0.00000000000000006102795476642589	1.1	0	0	10622.265535754357	-0
-10	-5	-17.174519797673582	0	45.00576958530595	-0.00000000000000006102795476642589	1.1	0	0	10622.265535754357	-0
-10	-10	-17.174519797673582	0	45.00576958530595	-0.00000000000000006102795476642589	1.1	0	0	10622.265535754357	-0
-10	-20	-17.174519797673582	0	45.00576958530595	-0.00000000000000006102795476642589	1.1	0	0	10622.265535754357	-0
-10	-40	-17.174519797673582	186.77327068288275	20.793201739626113	-0.9714656239793059	3.045691373168559	1324.0445584013723	650.1905469162302	10622.265535754357	-277.46768792215806
-15	40	-17.174519797673582	240.11632641289302	68.87877034820244	-1.3611054973403913	3.064329884541934	1615.4388675689115	784.2495614369691	11307.554100793297	-506.12532958255287
-15	20	-17.174519797673582	0	45.00576958530595	-0.00000000000000006102795476642589	1.1	0	0	11307.554100793297	-0
-15	10	-17.174519797673582	0	45.00576958530595	-0.00000000000000006102795476642589	1.1	0	0	11307.554100793297	-0
-15	5	-17.174519797673582	0	45.00576958530595	-0.00000000000000006102795476642589	1.1	0	0	11307.554100793297	-0
-15	2	-17.174519797673582	0	45.00576958530595	-0.00000000000000006102795476642589	1.1	0	0	11307.554100793297	-0
-15	0	-17.174519797673582	0	45.00576958530595	-0.00000000000000006102795476642589	1.1	0	0	11307.554100793297	-0
-15	-2	-17.174519797673582	0	45.00576958530595	-0.00000000000000006102795476642589	1.1	0	0	11307.554100793297	-0
-15	-5	-17.174519797673582	0	45.00576958530595	-0.00000000000000006102795476642589	1.1	0	0	11307.554100793297	-0
-15	-10	-17.174519797673582	0	45.00576958530595	-0.00000000000000006102795476642589	1.1	0	0	11307.554100793297	-0
-15	-20	-17.174519797673582	0	45.00576958530595	-0.00000000000000006102795476642589	1.1	0	0	11307.554100793297	-0
-15	-40	-17.174519797673582	224.1609465001748	21.012290402104814	-1.3592511609613145	3.2658910081782846	1450.289672133752	869.1130434909137	11307.554100793297	-483.7865292582387
-30	40	-17.174519797673582	484.6540277150997	67.95343939072939	-1.9141257611745284	4.177313742187036	2474.5064512222125	2335.5660745299247	15579.530461609822	-1815.6779978013687
-30	20	-17.174519797673582	0	45.00576958530595	-0.00000000000000006102795476642589	1.1	0	0	15579.530461609822	-0
-30	10	-17.174519797673582	0	45.00576958530595	-0.00000000000000006102795476642589	1.1	0	0	15579.530461609822	-0
-30	5	-17.174519797673582	0	45.00576958530595	-0.00000000000000006102795476642589	1.1	0	0	15579.530461609822	-0
-30	2	-17.174519797673582	0	45.00576958530595	-0.00000000000000006102795476642589	1.1	0	0	15579.530461609822	-0
-30	0	-17.174519797673582	0	45.00576958530595	-0.00000000000000006102795476642589	1.1	0	0	15579.530461609822	-0
-30	-2	-17.174519797673582	0	45.00576958530595	-0.00000000000000006102795476642589	1.1	0	0	15579.530461609822	-0
-30	-5	-17.174519797673582	0	45.00576958530595	-0.00000000000000006102795476642589	1.1	0	0	15579.530461609822	-0
-30	-10	-17.174519797673582	0	45.00576958530595	-0.00000000000000006102795476642589	1.1	0	0	15579.530461609822	-0
-30	-20	-17.174519797673582	0	45.00576958530595	-0.00000000000000006102795476642589	1.1	0	0	15579.530461609822	-0
-30	-40	-17.174519797673582	476.32184358792404	21.970076225887787	-1.9473880533776216	4.398269390973499	2295.371112085373	2486.3668336780684	15579.530461609822	-1850.8067396681733
-60	40	-17.174519797673582	1808.6557363817506	64.0534038121375	-1.1817524467370342	6.04534069603645	2424.5004802023614	7154.409729252307	8922.06264933494	-10537.761585425545
-60	20	-17.174519797673582	307.665222414063	66.55457607500817	-4.672853506495354	4.367432543952452	1294.5941583451422	2965.5389339264657	8922.06264933494	-1882.5217448794908
-60	10	-17.174519797673582	11.43370629243338	68.67770282159171	-6.098664328807868	1.9683388541514164	14.562155018922567	111.4456425018434	8922.06264933494	-54.35542370288397
-60	5	-17.174519797673582	0	45.00576958530595	-0.00000000000000006102795476642589	1.1	0	0	8922.06264933494	-0
-60	2	-17.174519797673582	0	45.00576958530595	-0.00000000000000006102795476642589	1.1	0	0	8922.06264933494	-0
-60	0	-17.174519797673582	0	45.00576958530595	-0.00000000000000006102795476642589	1.1	0	0	8922.06264933494	-0
-60	-2	-17.174519797673582	0	45.00576958530595	-0.00000000000000006102795476642589	1.1	0	0	8922.06264933494	-0
-60	-5	-17.174519797673582	0	45.00576958530595	-0.00000000000000006102795476642589	1.1	0	0	8922.06264933494	-0
-60	-10	-17.174519797673582	1.3709509391472479	24.11339605010621	-6.293272818703244	1.8772019549692063	7.521446553732858	52.197444100175744	8922.06264933494	-6.542645362704388
-60	-20	-17.174519797673582	300.12347916247893	23.427574329135975	-4.561032779636159	4.546340410324159	1341.386641380348	3128.481244477298	8922.06264933494	-1866.0965679513176
-60	-40	-17.174519797673582	1805.274030138601	25.922454623856417	-1.1839661492333147	6.140067462357773	2424.5004802023323	7154.409729252206	8922.06264933494	-10668.154011704717
60	40	-24.044327716743013	1225.6228344306935	65.7483840738056	1.7397594503015223	5.8310585077938395	2421.34898168614	6780.114177839569	8922.06264933494	7255.349549974346
60	20	-24.044327716743013	34.83734863482427	68.93811268119781	5.674598228007985	2.702842886504442	85.83236424753704	169.3267639082187	8922.06264933494	180.38882646316836
60	10	-24.044327716743013	0	45.00576958530595	-0.00000000000000006102795476642589	1.1	0	0	8922.06264933494	0
60	5	-24.044327716743013	0	45.00576958530595	-0.00000000000000006102795476642589	1.1	0	0	8922.06264933494	0
60	2	-24.044327716743013	0	45.00576958530595	-0.00000000000000006102795476642589	1.1	0	0	8922.06264933494	0
60	0	-24.044327716743013	0	45.00576958530595	-0.00000000000000006102795476642589	1.1	0	0	8922.06264933494	0
60	-2	-24.044327716743013	0	45.00576958530595	-0.00000000000000006102795476642589	1.1	0	0	8922.06264933494	0
60	-5	-24.044327716743013	0	45.00576958530595	-0.00000000000000006102795476642589	1.1	0	0	8922.06264933494	0
60	-10	-24.044327716743013	0	45.00576958530595	-0.00000000000000006102795476642589	1.1	0	0	8922.06264933494	0
60	-20	-24.044327716743013	17.667510527905154	20.96388186240519	5.468836890021018	3.1891252111416306	96.38371404031932	179.69591459024014	8922.06264933494	97.1056182214307
60	-40	-24.044327716743013	1223.494697351237	24.206904301006453	1.7362345897004559	5.9644669129619485	2308.966931011615	6820.352733437292	8922.06264933494	7381.951783587584
30	40	-24.044327716743013	39.24049174107051	69.8272165358147	4.3968877587729605	2.371967445527391	163.0113863613078	91.04599571406288	15579.530461609818	195.95917626788003
30	20	-24.044327716743013	0	45.00576958530595	-0.00000000000000006102795476642589	1.1	0	0	15579.530461609818	0
30	10	-24.044327716743013	0	45.00576958530595	-0.00000000000000006102795476642589	1.1	0	0	15579.530461609818	0
30	5	-24.044327716743013	0	45.00576958530595	-0.00000000000000006102795476642589	1.1	0	0	15579.530461609818	0
30	2	-24.044327716743013	0	45.00576958530595	-0.00000000000000006102795476642589	1.1	0	0	15579.530461609818	0
30	0	-24.044327716743013	0	45.00576958530595	-0.00000000000000006102795476642589	1.1	0	0	15579.530461609818	0
30	-2	-24.044327716743013	0	45.00576958530595	-0.00000000000000006102795476642589	1.1	0	0	15579.530461609818	0
30	-5	-24.044327716743013	0	45.00576958530595	-0.00000000000000006102795476642589	1.1	0	0	15579.530461609818	0
30	-10	-24.044327716743013	0	45.00576958530595	-0.00000000000000006102795476642589	1.1	0	0	15579.530461609818	0
30	-20	-24.044327716743013	0	45.00576958530595	-0.00000000000000006102795476642589	1.1	0	0	15579.530461609818	0
30	-40	-24.044327716743013	28.844790268342052	19.791867728481847	3.4445356393101476	2.520130309671672	176.84273272930295	76.42829208105832	15579.530461609818	122.391921561136
15	40	-24.044327716743013	0.05572176992356341	71.01713268273944	6.201660223434331	1.206734821443965	0.07499301982630868	0.012100256852932034	11307.554100793299	0.3511959125916304
15	20	-24.044327716743013	0	45.00576958530595	-0.00000000000000006102795476642589	1.1	0	0	11307.554100793299	0
15	10	-24.044327716743013	0	45.00576958530595	-0.00000000000000006102795476642589	1.1	0	0	11307.554100793299	0
15	5	-24.044327716743013	0	45.00576958530595	-0.00000000000000006102795476642589	1.1	0	0	11307.554100793299	0
15	2	-24.044327716743013	0	45.00576958530595	-0.00000000000000006102795476642589	1.1	0	0	11307.554100793299	0
15	0	-24.044327716743013	0	45.00576958530595	-0.00000000000000006102795476642589	1.1	0	0	11307.554100793299	0
15	-2	-24.044327716743013	0	45.00576958530595	-0.00000000000000006102795476642589	1.1	0	0	11307.554100793299	0
15	-5	-24.044327716743013	0	45.00576958530595	-0.00000000000000006102795476642589	1.1	0	0	11307.554100793299	0
15	-10	-24.044327716743013	0	45.00576958530595	-0.00000000000000006102795476642589	1.1	0	0	11307.554100793299	0
15	-20	-24.044327716743013	0	45.00576958530595	-0.00000000000000006102795476642589	1.1	0	0	11307.554100793299	0
15	-40	-24.044327716743013	0.00002906232421294999	18.610632741547327	4.22262279272979	1.1082861808424331	0.000003373806219786335	0.0000006087845285662752	11307.554100793299	0.0001268740751651593
10	40	-24.044327716743013	0	45.00576958530595	-0.00000000000000006102795476642589	1.1	0	0	10622.265535754355	0
10	20	-24.044327716743013	0	45.00576958530595	-0.00000000000000006102795476642589	1.1	0	0	10622.265535754355	0
10	10	-24.044327716743013	0	45.00576958530595	-0.00000000000000006102795476642589	1.1	0	0	10622.265535754355	0
10	5	-24.044327716743013	0	45.00576958530595	-0.00000000000000006102795476642589	1.1	0	0	10622.265535754355	0
10	2	-24.044327716743013	0	45.00576958530595	-0.00000000000000006102795476642589	1.1	0	0	10622.265535754355	0
10	0	-24.044327716743013	0	45.00576958530595	-0.00000000000000006102795476642589	1.1	0	0	10622.265535754355	0
10	-2	-24.044327716743013	0	45.00576958530595	-0.00000000000000006102795476642589	1.1	0	0	10622.265535754355	0
10	-5	-24.044327716743013	0	45.00576958530595	-0.00000000000000006102795476642589	1.1	0	0	10622.265535754355	0
10	-10	-24.044327716743013	0	45.00576958530595	-0.00000000000000006102795476642589	1.1	0	0	10622.265535754355	0
10	-20	-24.044327716743013	0	45.00576958530595	-0.00000000000000006102795476642589	1.1	0	0	10622.265535754355	0
10	-40	-24.044327716743013	0	45.00576958530595	-0.00000000000000006102795476642589	1.1	0	0	10622.265535754355	0
5	40	-24.044327716743013	0	45.00576958530595	-0.00000000000000006102795476642589	1.1	0	0	10234.192365617175	0
5	20	-24.044327716743013	0	45.00576958530595	-0.00000000000000006102795476642589	1.1	0	0	10234.192365617175	0
5	10	-24.044327716743013	0	45.00576958530595	-0.00000000000000006102795476642589	1.1	0	0	10234.192365617175	0
5	5	-24.044327716743013	0	45.00576958530595	-0.00000000000000006102795476642589	1.1	0	0	10234.192365617175	0
5	2	-24.044327716743013	0	45.00576958530595	-0.00000000000000006102795476642589	1.1	0	0	10234.192365617175	0
5	0	-24.044327716743013	0	45.00576958530595	-0.00000000000000006102795476642589	1.1	0	0	10234.192365617175	0
5	-2	-24.044327716743013	0	45.00576958530595	-0.00000000000000006102795476642589	1.1	0	0	10234.192365617175	0
5	-5	-24.044327716743013	0	45.00576958530595	-0.00000000000000006102795476642589	1.1	0	0	10234.192365617175	0
5	-10	-24.044327716743013	0	45.00576958530595	-0.00000000000000006102795476642589	1.1	0	0	10234.192365617175	0
5	-20	-24.044327716743013	0	45.00576958530595	-0.00000000000000006102795476642589	1.1	0	0	10234.192365617175	0
5	-40	-24.044327716743013	0	45.00576958530595	-0.00000000000000006102795476642589	1.1	0	0	10234.192365617175	0
2	40	-24.044327716743013	0	45.00576958530595	-0.00000000000000006102795476642589	1.1	0	0	10245.035389240702	0
2	20	-24.044327716743013	0	45.00576958530595	-0.00000000000000006102795476642589	1.1	0	0	10245.035389240702	0
2	10	-24.044327716743013	0	45.00576958530595	-0.00000000000000006102795476642589	1.1	0	0	10245.035389240702	0
2	5	-24.044327716743013	0	45.00576958530595	-0.00000000000000006102795476642589	1.1	0	0	10245.035389240702	0
2	2	-24.044327716743013	0	45.00576958530595	-0.00000000000000006102795476642589	1.1	0	0	10245.035389240702	0
2	0	-24.044327716743013	0	45.00576958530595	-0.00000000000000006102795476642589	1.1	0	0	10245.035389240702	0
2	-2	-24.044327716743013	0	45.00576958530595	-0.00000000000000006102795476642589	1.1	0	0	10245.035389240702	0
2	-5	-24.044327716743013	0	45.00576958530595	-0.00000000000000006102795476642589	1.1	0	0	10245.035389240702	0
2	-10	-24.044327716743013	0	45.00576958530595	-0.00000000000000006102795476642589	1.1	0	0	10245.035389240702	0
2	-20	-24.044327716743013	0	45.00576958530595	-0.00000000000000006102795476642589	1.1	0	0	10245.035389240702	0
2	-40	-24.044327716743013	0	45.00576958530595	-0.00000000000000006102795476642589	1.1	0	0	10245.035389240702	0
0	40	-24.044327716743013	0	45.00576958530595	-0.00000000000000006102795476642589	1.1	0	0	10225.372951420271	-0
0	20	-24.044327716743013	0	45.00576958530595	-0.00000000000000006102795476642589	1.1	0	0	10225.372951420271	-0
0	10	-24.044327716743013	0	45.00576958530595	-0.00000000000000006102795476642589	1.1	0	0	10225.372951420271	-0
0	5	-24.044327716743013	0	45.00576958530595	-0.00000000000000006102795476642589	1.1	0	0	10225.372951420271	-0
0	2	-24.044327716743013	0	45.00576958530595	-0.00000000000000006102795476642589	1.1	0	0	10225.372951420271	-0
0	0	-24.044327716743013	0	45.00576958530595	-0.00000000000000006102795476642589	1.1	0	0	10225.372951420271	-0
0	-2	-24.044327716743013	0	45.00576958530595	-0.00000000000000006102795476642589	1.1	0	0	10225.372951420271	-0
0	-5	-24.044327716743013	0	45.00576958530595	-0.00000000000000006102795476642589	1.1	0	0	10225.372951420271	-0
0	-10	-24.044327716743013	0	45.00576958530595	-0.00000000000000006102795476642589	1.1	0	0	10225.372951420271	-0
0	-20	-24.044327716743013	0	45.00576958530595	-0.00000000000000006102795476642589	1.1	0	0	10225.372951420271	-0
0	-40	-24.044327716743013	0	45.00576958530595	-0.00000000000000006102795476642589	1.1	0	0	10225.372951420271	-0
-2	40	-24.044327716743013	0	45.00576958530595	-0.00000000000000006102795476642589	1.1	0	0	10245.035389240702	-0
-2	20	-24.044327716743013	0	45.00576958530595	-0.00000000000000006102795476642589	1.1	0	0	10245.035389240702	-0
-2	10	-24.044327716743013	0	45.00576958530595	-0.00000000000000006102795476642589	1.1	0	0	10245.035389240702	-0
-2	5	-24.044327716743013	0	45.00576958530595	-0.00000000000000006102795476642589	1.1	0	0	10245.035389240702	-0
-2	2	-24.044327716743013	0	45.00576958530595	-0.00000000000000006102795476642589	1.1	0	0	10245.035389240702	-0
-2	0	-24.044327716743013	0	45.00576958530595	-0.00000000000000006102795476642589	1.1	0	0	10245.035389240702	-0
-2	-2	-24.044327716743013	0	45.00576958530595	-0.00000000000000006102795476642589	1.1	0	0	10245.035389240702	-0
-2	-5	-24.044327716743013	0	45.00576958530595	-0.00000000000000006102795476642589	1.1	0	0	10245.035389240702	-0
-2	-10	-24.044327716743013	0	45.00576958530595	-0.00000000000000006102795476642589	1.1	0	0	10245.035389240702	-0
-2	-20	-24.044327716743013	0	45.00576958530595	-0.00000000000000006102795476642589	1.1	0	0	10245.035389240702	-0
-2	-40	-24.044327716743013	0	45.00576958530595	-0.00000000000000006102795476642589	1.1	0	0	10245.035389240702	-0
-5	40	-24.044327716743013	0	45.00576958530595	-0.00000000000000006102795476642589	1.1	0	0	10234.192365617177	-0
-5	20	-24.044327716743013	0	45.00576958530595	-0.00000000000000006102795476642589	1.1	0	0	10234.192365617177	-0
-5	10	-24.044327716743013	0	45.00576958530595	-0.00000000000000006102795476642589	1.1	0	0	10234.192365617177	-0
-5	5	-24.044327716743013	0	45.00576958530595	-0.00000000000000006102795476642589	1.1	0	0	10234.192365617177	-0
-5	2	-24.044327716743013	0	45.00576958530595	-0.00000000000000006102795476642589	1.1	0	0	10234.192365617177	-0
-5	0	-24.044327716743013	0	45.00576958530595	-0.00000000000000006102795476642589	1.1	0	0	10234.192365617177	-0
-5	-2	-24.044327716743013	0	45.00576958530595	-0.00000000000000006102795476642589	1.1	0	0	10234.192365617177	-0
-5	-5	-24.044327716743013	0	45.00576958530595	-0.00000000000000006102795476642589	1.1	0	0	10234.192365617177	-0
-5	-10	-24.044327716743013	0	45.00576958530595	-0.00000000000000006102795476642589	1.1	0	0	10234.192365617177	-0
-5	-20	-24.044327716743013	0	45.00576958530595	-0.00000000000000006102795476642589	1.1	0	0	10234.192365617177	-0
-5	-40	-24.044327716743013	0	45.00576958530595	-0.00000000000000006102795476642589	1.1	0	0	10234.192365617177	-0
-10	40	-24.044327716743013	0	45.00576958530595	-0.00000000000000006102795476642589	1.1	0	0	10622.265535754357	-0
-10	20	-24.044327716743013	0	45.00576958530595	-0.00000000000000006102795476642589	1.1	0	0	10622.265535754357	-0
-10	10	-24.044327716743013	0	45.00576958530595	-0.00000000000000006102795476642589	1.1	0	0	10622.265535754357	-0
-10	5	-24.044327716743013	0	45.00576958530595	-0.00000000000000006102795476642589	1.1	0	0	10622.265535754357	-0
-10	2	-24.044327716743013	0	45.00576958530595	-0.00000000000000006102795476642589	1.1	0	0	10622.265535754357	-0
-10	0	-24.044327716743013	0	45.00576958530595	-0.00000000000000006102795476642589	1.1	0	0	10622.265535754357	-0
-10	-2	-24.044327716743013	0	45.00576958530595	-0.00000000000000006102795476642589	1.1	0	0	10622.265535754357	-0
-10	-5	-24.044327716743013	0	45.00576958530595	-0.00000000000000006102795476642589	1.1	0	0	10622.265535754357	-0
-10	-10	-24.044327716743013	0	45.00576958530595	-0.00000000000000006102795476642589	1.1	0	0	10622.265535754357	-0
-10	-20	-24.044327716743013	0	45.00576958530595	-0.00000000000000006102795476642589	1.1	0	0	10622.265535754357	-0
-10	-40	-24.044327716743013	0	45.00576958530595	-0.00000000000000006102795476642589	1.1	0	0	10622.265535754357	-0
-15	40	-24.044327716743013	0.05572176992356307	71.01713268273944	-6.201660223434332	1.2067348214439655	0.07499301982583972	0.012100256861458547	11307.554100793297	-0.35119591259162836
-15	20	-24.044327716743013	0	45.00576958530595	-0.00000000000000006102795476642589	1.1	0	0	11307.554100793297	-0
-15	10	-24.044327716743013	0	45.00576958530595	-0.00000000000000006102795476642589	1.1	0	0	11307.554100793297	-0
-15	5	-24.044327716743013	0	45.00576958530595	-0.00000000000000006102795476642589	1.1	0	0	11307.554100793297	-0
-15	2	-24.044327716743013	0	45.00576958530595	-0.00000000000000006102795476642589	1.1	0	0	11307.554100793297	-0
-15	0	-24.044327716743013	0	45.00576958530595	-0.00000000000000006102795476642589	1.1	0	0	11307.554100793297	-0
-15	-2	-24.044327716743013	0	45.00576958530595	-0.00000000000000006102795476642589	1.1	0	0	11307.554100793297	-0
-15	-5	-24.044327716743013	0	45.00576958530595	-0.00000000000000006102795476642589	1.1	0	0	11307.554100793297	-0
-15	-10	-24.044327716743013	0	45.00576958530595	-0.00000000000000006102795476642589	1.1	0	0	11307.554100793297	-0
-15	-20	-24.044327716743013	0	45.00576958530595	-0.00000000000000006102795476642589	1.1	0	0	11307.554100793297	-0
-15	-40	-24.044327716743013	0.0000290623242129515	18.610632741547327	-4.222622792729791	1.1082861808424331	0.000003373806715389893	0.0000006087894464101851	11307.554100793297	-0.0001268740751651659
-30	40	-24.044327716743013	39.24049174107056	69.82721653581469	-4.3968877587729605	2.371967445527391	163.0113863612969	91.0459957140556	15579.530461609822	-195.95917626788028
-30	20	-24.044327716743013	0	45.00576958530595	-0.00000000000000006102795476642589	1.1	0	0	15579.530461609822	-0
-30	10	-24.044327716743013	0	45.00576958530595	-0.00000000000000006102795476642589	1.1	0	0	15579.530461609822	-0
-30	5	-24.044327716743013	0	45.00576958530595	-0.00000000000000006102795476642589	1.1	0	0	15579.530461609822	-0
-30	2	-24.044327716743013	0	45.00576958530595	-0.00000000000000006102795476642589	1.1	0	0	15579.530461609822	-0
-30	0	-24.044327716743013	0	45.00576958530595	-0.00000000000000006102795476642589	1.1	0	0	15579.530461609822	-0
-30	-2	-24.044327716743013	0	45.00576958530595	-0.00000000000000006102795476642589	1.1	0	0	15579.530461609822	-0
-30	-5	-24.044327716743013	0	45.00576958530595	-0.00000000000000006102795476642589	1.1	0	0	15579.530461609822	-0
-30	-10	-24.044327716743013	0	45.00576958530595	-0.00000000000000006102795476642589	1.1	0	0	15579.530461609822	-0
-30	-20	-24.044327716743013	0	45.00576958530595	-0.00000000000000006102795476642589	1.1	0	0	15579.530461609822	-0
-30	-40	-24.044327716743013	28.844790268342063	19.791867728481847	-3.444535639310147	2.5201303096716714	176.84273272929386	76.42829208099283	15579.530461609822	-122.39192156113603
-60	40	-24.044327716743013	1225.6228344306926	65.7483840738056	-1.7397594503015237	5.831058507793841	2421.348981686053	6780.11417783951	8922.06264933494	-7255.349549974342
-60	20	-24.044327716743013	34.83734863482425	68.9381126811978	-5.6745982280079845	2.7028428865044423	85.83236424754432	169.32676390822962	8922.06264933494	-180.3888264631683
-60	10	-24.044327716743013	0	45.00576958530595	-0.00000000000000006102795476642589	1.1	0	0	8922.06264933494	-0
-60	5	-24.044327716743013	0	45.00576958530595	-0.00000000000000006102795476642589	1.1	0	0	8922.06264933494	-0
-60	2	-24.044327716743013	0	45.00576958530595	-0.00000000000000006102795476642589	1.1	0	0	8922.06264933494	-0
-60	0	-24.044327716743013	0	45.00576958530595	-0.00000000000000006102795476642589	1.1	0	0	8922.06264933494	-0
-60	-2	-24.044327716743013	0	45.00576958530595	-0.00000000000000006102795476642589	1.1	0	0	8922.06264933494	-0
-60	-5	-24.044327716743013	0	45.00576958530595	-0.00000000000000006102795476642589	1.1	0	0	8922.06264933494	-0
-60	-10	-24.044327716743013	0	45.00576958530595	-0.00000000000000006102795476642589	1.1	0	0	8922.06264933494	-0
-60	-20	-24.044327716743013	17.66751052790514	20.963881862405195	-5.468836890021018	3.1891252111416306	96.3837140403266	179.69591459022922	8922.06264933494	-97.10561822143062
-60	-40	-24.044327716743013	1223.4946973512378	24.206904301006457	-1.7362345897004547	5.9644669129619485	2308.966931011557	6820.352733437263	8922.06264933494	-7381.951783587589
60	40	-30.914135635812443	686.9646664058524	67.1719876263148	2.759172143140411	5.505106030014496	2215.1010487526073	3823.55254718542	8922.06264933494	4222.87329936604
60	20	-30.914135635812443	0	45.00576958530595	-0.00000000000000006102795476642589	1.1	0	0	8922.06264933494	0
60	10	-30.914135635812443	0	45.00576958530595	-0.00000000000000006102795476642589	1.1	0	0	8922.06264933494	0
60	5	-30.914135635812443	0	45.00576958530595	-0.00000000000000006102795476642589	1.1	0	0	8922.06264933494	0
60	2	-30.914135635812443	0	45.00576958530595	-0.00000000000000006102795476642589	1.1	0	0	8922.06264933494	0
60	0	-30.914135635812443	0	45.00576958530595	-0.00000000000000006102795476642589	1.1	0	0	8922.06264933494	0
60	-2	-30.914135635812443	0	45.00576958530595	-0.00000000000000006102795476642589	1.1	0	0	8922.06264933494	0
60	-5	-30.914135635812443	0	45.00576958530595	-0.00000000000000006102795476642589	1.1	0	0	8922.06264933494	0
60	-10	-30.914135635812443	0	45.00576958530595	-0.00000000000000006102795476642589	1.1	0	0	8922.06264933494	0
60	-20	-30.914135635812443	0	45.00576958530595	-0.00000000000000006102795476642589	1.1	0	0	8922.06264933494	0
60	-40	-30.914135635812443	690.9602308348448	22.744970459954203	2.6679293976971192	5.658546083862329	1969.7462810283469	3783.1383014509483	8922.06264933494	4307.728927711853
30	40	-30.914135635812443	0	45.00576958530595	-0.00000000000000006102795476642589	1.1	0	0	15579.530461609818	0
30	20	-30.914135635812443	0	45.00576958530595	-0.00000000000000006102795476642589	1.1	0	0	15579.530461609818	0
30	10	-30.914135635812443	0	45.00576958530595	-0.00000000000000006102795476642589	1.1	0	0	15579.530461609818	0
30	5	-30.914135635812443	0	45.00576958530595	-0.00000000000000006102795476642589	1.1	0	0	15579.530461609818	0
30	2	-30.914135635812443	0	45.00576958530595	-0.00000000000000006102795476642589	1.1	0	0	15579.530461609818	0
30	0	-30.914135635812443	0	45.00576958530595	-0.00000000000000006102795476642589	1.1	0	0	15579.530461609818	0
30	-2	-30.914135635812443	0	45.00576958530595	-0.00000000000000006102795476642589	1.1	0	0	15579.530461609818	0
30	-5	-30.914135635812443	0	45.00576958530595	-0.00000000000000006102795476642589	1.1	0	0	15579.530461609818	0
30	-10	-30.914135635812443	0	45.00576958530595	-0.00000000000000006102795476642589	1.1	0	0	15579.530461609818	0
30	-20	-30.914135635812443	0	45.00576958530595	-0.00000000000000006102795476642589	1.1	0	0	15579.530461609818	0
30	-40	-30.914135635812443	0	45.00576958530595	-0.00000000000000006102795476642589	1.1	0	0	15579.530461609818	0
15	40	-30.914135635812443	0	45.00576958530595	-0.00000000000000006102795476642589	1.1	0	0	11307.554100793299	0
15	20	-30.914135635812443	0	45.00576958530595	-0.00000000000000006102795476642589	1.1	0	0	11307.554100793299	0
15	10	-30.914135635812443	0	45.00576958530595	-0.00000000000000006102795476642589	1.1	0	0	11307.554100793299	0
15	5	-30.914135635812443	0	45.00576958530595	-0.00000000000000006102795476642589	1.1	0	0	11307.554100793299	0
15	2	-30.914135635812443	0	45.00576958530595	-0.00000000000000006102795476642589	1.1	0	0	11307.554100793299	0
15	0	-30.914135635812443	0	45.00576958530595	-0.00000000000000006102795476642589	1.1	0	0	11307.554100793299	0
15	-2	-30.914135635812443	0	45.00576958530595	-0.00000000000000006102795476642589	1.1	0	0	11307.554100793299	0
15	-5	-30.914135635812443	0	45.00576958530595	-0.00000000000000006102795476642589	1.1	0	0	11307.554100793299	0
15	-10	-30.914135635812443	0	45.00576958530595	-0.00000000000000006102795476642589	1.1	0	0	11307.554100793299	0
15	-20	-30.914135635812443	0	45.00576958530595	-0.00000000000000006102795476642589	1.1	0	0	11307.554100793299	0
15	-40	-30.914135635812443	0	45.00576958530595	-0.00000000000000006102795476642589	1.1	0	0	11307.554100793299	0
10	40	-30.914135635812443	0	45.00576958530595	-0.00000000000000006102795476642589	1.1	0	0	10622.265535754355	0
10	20	-30.914135635812443	0	45.00576958530595	-0.00000000000000006102795476642589	1.1	0	0	10622.265535754355	0
10	10	-30.914135635812443	0	45.00576958530595	-0.00000000000000006102795476642589	1.1	0	0	10622.265535754355	0
10	5	-30.914135635812443	0	45.00576958530595	-0.00000000000000006102795476642589	1.1	0	0	10622.265535754355	0
10	2	-30.914135635812443	0	45.00576958530595	-0.00000000000000006102795476642589	1.1	0	0	10622.265535754355	0
10	0	-30.914135635812443	0	45.00576958530595	-0.00000000000000006102795476642589	1.1	0	0	10622.265535754355	0
10	-2	-30.914135635812443	0	45.00576958530595	-0.00000000000000006102795476642589	1.1	0	0	10622.265535754355	0
10	-5	-30.914135635812443	0	45.00576958530595	-0.00000000000000006102795476642589	1.1	0	0	10622.265535754355	0
10	-10	-30.914135635812443	0	45.00576958530595	-0.00000000000000006102795476642589	1.1	0	0	10622.265535754355	0
10	-20	-30.914135635812443	0	45.00576958530595	-0.00000000000000006102795476642589	1.1	0	0	10622.265535754355	0
10	-40	-30.914135635812443	0	45.00576958530595	-0.00000000000000006102795476642589	1.1	0	0	10622.265535754355	0
5	40	-30.914135635812443	0	45.00576958530595	-0.00000000000000006102795476642589	1.1	0	0	10234.192365617175	0
5	20	-30.914135635812443	0	45.00576958530595	-0.00000000000000006102795476642589	1.1	0	0	10234.192365617175	0
5	10	-30.914135635812443	0	45.00576958530595	-0.00000000000000006102795476642589	1.1	0	0	10234.192365617175	0
5	5	-30.914135635812443	0	45.00576958530595	-0.00000000000000006102795476642589	1.1	0	0	10234.192365617175	0
5	2	-30.914135635812443	0	45.00576958530595	-0.00000000000000006102795476642589	1.1	0	0	10234.192365617175	0
5	0	-30.914135635812443	0	45.00576958530595	-0.00000000000000006102795476642589	1.1	0	0	10234.192365617175	0
5	-2	-30.914135635812443	0	45.00576958530595	-0.00000000000000006102795476642589	1.1	0	0	10234.192365617175	0
5	-5	-30.914135635812443	0	45.00576958530595	-0.00000000000000006102795476642589	1.1	0	0	10234.192365617175	0
5	-10	-30.914135635812443	0	45.00576958530595	-0.00000000000000006102795476642589	1.1	0	0	10234.192365617175	0
5	-20	-30.914135635812443	0	45.00576958530595	-0.00000000000000006102795476642589	1.1	0	0	10234.192365617175	0
5	-40	-30.914135635812443	0	45.00576958530595	-0.00000000000000006102795476642589	1.1	0	0	10234.192365617175	0
2	40	-30.914135635812443	0	45.00576958530595	-0.00000000000000006102795476642589	1.1	0	0	10245.035389240702	0
2	20	-30.914135635812443	0	45.00576958530595	-0.00000000000000006102795476642589	1.1	0	0	10245.035389240702	0
2	10	-30.914135635812443	0	45.00576958530595	-0.00000000000000006102795476642589	1.1	0	0	10245.035389240702	0
2	5	-30.914135635812443	0	45.00576958530595	-0.00000000000000006102795476642589	1.1	0	0	10245.035389240702	0
2	2	-30.914135635812443	0	45.00576958530595	-0.00000000000000006102795476642589	1.1	0	0	10245.035389240702	0
2	0	-30.914135635812443	0	45.00576958530595	-0.00000000000000006102795476642589	1.1	0	0	10245.035389240702	0
2	-2	-30.914135635812443	0	45.00576958530595	-0.00000000000000006102795476642589	1.1	0	0	10245.035389240702	0
2	-5	-30.914135635812443	0	45.00576958530595	-0.00000000000000006102795476642589	1.1	0	0	10245.035389240702	0
2	-10	-30.914135635812443	0	45.00576958530595	-0.00000000000000006102795476642589	1.1	0	0	10245.035389240702	0
2	-20	-30.914135635812443	0	45.00576958530595	-0.00000000000000006102795476642589	1.1	0	0	10245.035389240702	0
2	-40	-30.914135635812443	0	45.00576958530595	-0.00000000000000006102795476642589	1.1	0	0	10245.035389240702	0
0	40	-30.914135635812443	0	45.00576958530595	-0.00000000000000006102795476642589	1.1	0	0	10225.372951420271	-0
0	20	-30.914135635812443	0	45.00576958530595	-0.00000000000000006102795476642589	1.1	0	0	10225.372951420271	-0
0	10	-30.914135635812443	0	45.00576958530595	-0.00000000000000006102795476642589	1.1	0	0	10225.372951420271	-0
0	5	-30.914135635812443	0	45.00576958530595	-0.00000000000000006102795476642589	1.1	0	0	10225.372951420271	-0
0	2	-30.914135635812443	0	45.00576958530595	-0.00000000000000006102795476642589	1.1	0	0	10225.372951420271	-0
0	0	-30.914135635812443	0	45.00576958530595	-0.00000000000000006102795476642589	1.1	0	0	10225.372951420271	-0
0	-2	-30.914135635812443	0	45.00576958530595	-0.00000000000000006102795476642589	1.1	0	0	10225.372951420271	-0
0	-5	-30.914135635812443	0	45.00576958530595	-0.00000000000000006102795476642589	1.1	0	0	10225.372951420271	-0
0	-10	-30.914135635812443	0	45.00576958530595	-0.00000000000000006102795476642589	1.1	0	0	10225.372951420271	-0
0	-20	-30.914135635812443	0	45.00576958530595	-0.00000000000000006102795476642589	1.1	0	0	10225.372951420271	-0
0	-40	-30.914135635812443	0	45.00576958530595	-0.00000000000000006102795476642589	1.1	0	0	10225.372951420271	-0
-2	40	-30.914135635812443	0	45.00576958530595	-0.00000000000000006102795476642589	1.1	0	0	10245.035389240702	-0
-2	20	-30.914135635812443	0	45.00576958530595	-0.00000000000000006102795476642589	1.1	0	0	10245.035389240702	-0
-2	10	-30.914135635812443	0	45.00576958530595	-0.00000000000000006102795476642589	1.1	0	0	10245.035389240702	-0
-2	5	-30.914135635812443	0	45.00576958530595	-0.00000000000000006102795476642589	1.1	0	0	10245.035389240702	-0
-2	2	-30.914135635812443	0	45.00576958530595	-0.00000000000000006102795476642589	1.1	0	0	10245.035389240702	-0
-2	0	-30.914135635812443	0	45.00576958530595	-0.00000000000000006102795476642589	1.1	0	0	10245.035389240702	-0
-2	-2	-30.914135635812443	0	45.00576958530595	-0.00000000000000006102795476642589	1.1	0	0	10245.035389240702	-0
-2	-5	-30.914135635812443	0	45.00576958530595	-0.00000000000000006102795476642589	1.1	0	0	10245.035389240702	-0
-2	-10	-30.914135635812443	0	45.00576958530595	-0.00000000000000006102795476642589	1.1	0	0	10245.035389240702	-0
-2	-20	-30.914135635812443	0	45.00576958530595	-0.00000000000000006102795476642589	1.1	0	0	10245.035389240702	-0
-2	-40	-30.914135635812443	0	45.00576958530595	-0.00000000000000006102795476642589	1.1	0	0	10245.035389240702	-0
-5	40	-30.914135635812443	0	45.00576958530595	-0.00000000000000006102795476642589	1.1	0	0	10234.192365617177	-0
-5	20	-30.914135635812443	0	45.00576958530595	-0.00000000000000006102795476642589	1.1	0	0	10234.192365617177	-0
-5	10	-30.914135635812443	0	45.00576958530595	-0.00000000000000006102795476642589	1.1	0	0	10234.192365617177	-0
-5	5	-30.914135635812443	0	45.00576958530595	-0.00000000000000006102795476642589	1.1	0	0	10234.192365617177	-0
-5	2	-30.914135635812443	0	45.00576958530595	-0.00000000000000006102795476642589	1.1	0	0	10234.192365617177	-0
-5	0	-30.914135635812443	0	45.00576958530595	-0.00000000000000006102795476642589	1.1	0	0	10234.192365617177	-0
-5	-2	-30.914135635812443	0	45.00576958530595	-0.00000000000000006102795476642589	1.1	0	0	10234.192365617177	-0
-5	-5	-30.914135635812443	0	45.00576958530595	-0.00000000000000006102795476642589	1.1	0	0	10234.192365617177	-0
-5	-10	-30.914135635812443	0	45.00576958530595	-0.00000000000000006102795476642589	1.1	0	0	10234.192365617177	-0
-5	-20	-30.914135635812443	0	45.00576958530595	-0.00000000000000006102795476642589	1.1	0	0	10234.192365617177	-0
-5	-40	-30.914135635812443	0	45.00576958530595	-0.00000000000000006102795476642589	1.1	0	0	10234.192365617177	-0
-10	40	-30.914135635812443	0	45.00576958530595	-0.00000000000000006102795476642589	1.1	0	0	10622.265535754357	-0
-10	20	-30.914135635812443	0	45.00576958530595	-0.00000000000000006102795476642589	1.1	0	0	10622.265535754357	-0
-10	10	-30.914135635812443	0	45.00576958530595	-0.00000000000000006102795476642589	1.1	0	0	10622.265535754357	-0
-10	5	-30.914135635812443	0	45.00576958530595	-0.00000000000000006102795476642589	1.1	0	0	10622.265535754357	-0
-10	2	-30.914135635812443	0	45.00576958530595	-0.00000000000000006102795476642589	1.1	0	0	10622.265535754357	-0
-10	0	-30.914135635812443	0	45.00576958530595	-0.00000000000000006102795476642589	1.1	0	0	10622.265535754357	-0
-10	-2	-30.914135635812443	0	45.00576958530595	-0.00000000000000006102795476642589	1.1	0	0	10622.265535754357	-0
-10	-5	-30.914135635812443	0	45.00576958530595	-0.00000000000000006102795476642589	1.1	0	0	10622.265535754357	-0
-10	-10	-30.914135635812443	0	45.00576958530595	-0.00000000000000006102795476642589	1.1	0	0	10622.265535754357	-0
-10	-20	-30.914135635812443	0	45.00576958530595	-0.00000000000000006102795476642589	1.1	0	0	10622.265535754357	-0
-10	-40	-30.914135635812443	0	45.00576958530595	-0.00000000000000006102795476642589	1.1	0	0	10622.265535754357	-0
-15	40	-30.914135635812443	0	45.00576958530595	-0.00000000000000006102795476642589	1.1	0	0	11307.554100793297	-0
-15	20	-30.914135635812443	0	45.00576958530595	-0.00000000000000006102795476642589	1.1	0	0	11307.554100793297	-0
-15	10	-30.914135635812443	0	45.00576958530595	-0.00000000000000006102795476642589	1.1	0	0	11307.554100793297	-0
-15	5	-30.914135635812443	0	45.00576958530595	-0.00000000000000006102795476642589	1.1	0	0	11307.554100793297	-0
-15	2	-30.914135635812443	0	45.00576958530595	-0.00000000000000006102795476642589	1.1	0	0	11307.554100793297	-0
-15	0	-30.914135635812443	0	45.00576958530595	-0.00000000000000006102795476642589	1.1	0	0	11307.554100793297	-0
-15	-2	-30.914135635812443	0	45.00576958530595	-0.00000000000000006102795476642589	1.1	0	0	11307.554100793297	-0
-15	-5	-30.914135635812443	0	45.00576958530595	-0.00000000000000006102795476642589	1.1	0	0	11307.554100793297	-0
-15	-10	-30.914135635812443	0	45.00576958530595	-0.00000000000000006102795476642589	1.1	0	0	11307.554100793297	-0
-15	-20	-30.914135635812443	0	45.00576958530595	-0.00000000000000006102795476642589	1.1	0	0	11307.554100793297	-0
-15	-40	-30.914135635812443	0	45.00576958530595	-0.00000000000000006102795476642589	1.1	0	0	11307.554100793297	-0
-30	20	-30.914135635812443	0	45.00576958530595	-0.00000000000000006102795476642589	1.1	0	0	15579.530461609822	-0
-30	40	-30.914135635812443	0	45.00576958530595	-0.00000000000000006102795476642589	1.1	0	0	15579.530461609822	-0
-30	10	-30.914135635812443	0	45.00576958530595	-0.00000000000000006102795476642589	1.1	0	0	15579.530461609822	-0
-30	5	-30.914135635812443	0	45.00576958530595	-0.00000000000000006102795476642589	1.1	0	0	15579.530461609822	-0
-30	2	-30.914135635812443	0	45.00576958530595	-0.00000000000000006102795476642589	1.1	0	0	15579.530461609822	-0
-30	0	-30.914135635812443	0	45.00576958530595	-0.00000000000000006102795476642589	1.1	0	0	15579.530461609822	-0
-30	-2	-30.914135635812443	0	45.00576958530595	-0.00000000000000006102795476642589	1.1	0	0	15579.530461609822	-0
-30	-5	-30.914135635812443	0	45.00576958530595	-0.00000000000000006102795476642589	1.1	0	0	15579.530461609822	-0
-30	-10	-30.914135635812443	0	45.00576958530595	-0.00000000000000006102795476642589	1.1	0	0	15579.530461609822	-0
-30	-20	-30.914135635812443	0	45.00576958530595	-0.00000000000000006102795476642589	1.1	0	0	15579.530461609822	-0
-30	-40	-30.914135635812443	0	45.00576958530595	-0.00000000000000006102795476642589	1.1	0	0	15579.530461609822	-0
-60	40	-30.914135635812443	686.9646664058527	67.1719876263148	-2.75917214314041	5.505106030014497	2215.101048752462	3823.5525471854926	8922.06264933494	-4222.8732993660415
-60	20	-30.914135635812443	0	45.00576958530595	-0.00000000000000006102795476642589	1.1	0	0	8922.06264933494	-0
-60	10	-30.914135635812443	0	45.00576958530595	-0.00000000000000006102795476642589	1.1	0	0	8922.06264933494	-0
-60	5	-30.914135635812443	0	45.00576958530595	-0.00000000000000006102795476642589	1.1	0	0	8922.06264933494	-0
-60	2	-30.914135635812443	0	45.00576958530595	-0.00000000000000006102795476642589	1.1	0	0	8922.06264933494	-0
-60	0	-30.914135635812443	0	45.00576958530595	-0.00000000000000006102795476642589	1.1	0	0	8922.06264933494	-0
-60	-2	-30.914135635812443	0	45.00576958530595	-0.00000000000000006102795476642589	1.1	0	0	8922.06264933494	-0
-60	-5	-30.914135635812443	0	45.00576958530595	-0.00000000000000006102795476642589	1.1	0	0	8922.06264933494	-0
-60	-10	-30.914135635812443	0	45.00576958530595	-0.00000000000000006102795476642589	1.1	0	0	8922.06264933494	-0
-60	-20	-30.914135635812443	0	45.00576958530595	-0.00000000000000006102795476642589	1.1	0	0	8922.06264933494	-0
-60	-40	-30.914135635812443	690.9602308348443	22.74497045995422	-2.667929397697121	5.658546083862333	1969.7462810283178	3783.138301450832	8922.06264933494	-4307.728927711854
