60	-40	15.36645649450907	77.25146636680626	109.7708121049576	2.987771574424074	0.5864311384482959	1.3804330928716586	5.256842498991283	25.991817785431305	154.63812671474213
60	-40	14.615590363219114	75.9483320708563	109.63810626207513	3.015464597426415	0.5860292208928989	1.4829664398644737	5.796868736378713	25.991817785431305	153.05476162759214
-60	40	15.36645649450907	76.6717701204152	111.08920550867415	2.5654486641083256	0.5842207230495947	0.9292994259580505	6.195468669980936	21.541774193074936	59.5566639750925
60	40	11.612125838059312	82.06737556148926	110.5451549206328	2.8758760011919646	0.587234443943426	2.609808908644394	14.838271420019664	25.991817785431305	159.74397804843264
60	-40	13.113858100639213	73.20438610324172	109.36582023306464	3.0744409533536183	0.5852387673522855	1.7099160669269315	7.025344997275612	25.991817785431305	149.63358035019778
-60	-40	15.36645649450907	83.31058696734178	110.41536503257609	2.8395350715986423	0.5869624986653266	0.05009419104443766	0.3719835956518076	21.541774193074936	75.93285972217667
-60	40	14.615590363219114	75.3749839409224	111.2048111349753	2.51897632618557	0.5841962430512962	0.8553521232339323	5.706370120245125	21.541774193074936	56.79952585058219
60	40	15.36645649450907	83.62288247038413	110.4493378007884	2.8391380990889026	0.5881650976612288	0	0	25.991817785431305	161.30310193295924
60	20	15.36645649450907	83.62288247038413	110.4493378007884	2.8391380990889026	0.5881650976612288	0	0	25.991817785431305	161.30310193295924
60	10	15.36645649450907	83.62288247038413	110.4493378007884	2.8391380990889026	0.5881650976612288	0	0	25.991817785431305	161.30310193295924
60	5	15.36645649450907	83.62288247038413	110.4493378007884	2.8391380990889026	0.5881650976612288	0	0	25.991817785431305	161.30310193295924
60	2	15.36645649450907	83.62288247038413	110.4493378007884	2.8391380990889026	0.5881650976612288	0	0	25.991817785431305	161.30310193295924
60	0	15.36645649450907	83.62288247038413	110.4493378007884	2.8391380990889026	0.5881650976612288	0	0	25.991817785431305	161.30310193295924
60	-2	15.36645649450907	83.62288247038413	110.4493378007884	2.8391380990889026	0.5881650976612288	0	0	25.991817785431305	161.30310193295924
60	-10	15.36645649450907	83.62288247038413	110.4493378007884	2.8391380990889026	0.5881650976612288	0	0	25.991817785431305	161.30310193295924
60	-5	15.36645649450907	83.62288247038413	110.4493378007884	2.8391380990889026	0.5881650976612288	0	0	25.991817785431305	161.30310193295924
60	-20	15.36645649450907	83.62288247038413	110.4493378007884	2.8391380990889026	0.5881650976612288	0	0	25.991817785431305	161.30310193295924
30	20	15.36645649450907	83.62288247038413	110.4493378007884	2.8391380990889026	0.5881650976612288	0	0	108.46950087474609	230.20110713144004
30	40	15.36645649450907	83.62288247038413	110.4493378007884	2.8391380990889026	0.5881650976612288	0	0	108.46950087474609	230.20110713144004
30	10	15.36645649450907	83.62288247038413	110.4493378007884	2.8391380990889026	0.5881650976612288	0	0	108.46950087474609	230.20110713144004
30	5	15.36645649450907	83.62288247038413	110.4493378007884	2.8391380990889026	0.5881650976612288	0	0	108.46950087474609	230.20110713144004
30	2	15.36645649450907	83.62288247038413	110.4493378007884	2.8391380990889026	0.5881650976612288	0	0	108.46950087474609	230.20110713144004
30	0	15.36645649450907	83.62288247038413	110.4493378007884	2.8391380990889026	0.5881650976612288	0	0	108.46950087474609	230.20110713144004
30	-2	15.36645649450907	83.62288247038413	110.4493378007884	2.8391380990889026	0.5881650976612288	0	0	108.46950087474609	230.20110713144004
60	-40	11.612125838059312	70.27190193052809	109.08456219927598	3.138679922597432	0.5844714264284379	1.9535854939444572	8.411510147394798	25.991817785431305	145.8498288836584
30	-5	15.36645649450907	83.62288247038413	110.4493378007884	2.8391380990889026	0.5881650976612288	0	0	108.46950087474609	230.20110713144004
30	-10	15.36645649450907	83.62288247038413	110.4493378007884	2.8391380990889026	0.5881650976612288	0	0	108.46950087474609	230.20110713144004
30	-20	15.36645649450907	83.62288247038413	110.4493378007884	2.8391380990889026	0.5881650976612288	0	0	108.46950087474609	230.20110713144004
15	10	15.36645649450907	83.62288247038413	110.4493378007884	2.8391380990889026	0.5881650976612288	0	0	222.31097728988945	242.0568981498581
15	40	15.36645649450907	83.62288247038413	110.4493378007884	2.8391380990889026	0.5881650976612288	0	0	222.31097728988945	242.0568981498581
30	-40	15.36645649450907	83.62288247038413	110.4493378007884	2.8391380990889026	0.5881650976612288	0	0	108.46950087474609	230.20110713144004
15	20	15.36645649450907	83.62288247038413	110.4493378007884	2.8391380990889026	0.5881650976612288	0	0	222.31097728988945	242.0568981498581
15	0	15.36645649450907	83.62288247038413	110.4493378007884	2.8391380990889026	0.5881650976612288	0	0	222.31097728988945	242.0568981498581
15	5	15.36645649450907	83.62288247038413	110.4493378007884	2.8391380990889026	0.5881650976612288	0	0	222.31097728988945	242.0568981498581
15	2	15.36645649450907	83.62288247038413	110.4493378007884	2.8391380990889026	0.5881650976612288	0	0	222.31097728988945	242.0568981498581
15	-10	15.36645649450907	83.62288247038413	110.4493378007884	2.8391380990889026	0.5881650976612288	0	0	222.31097728988945	242.0568981498581
15	-5	15.36645649450907	83.62288247038413	110.4493378007884	2.8391380990889026	0.5881650976612288	0	0	222.31097728988945	242.0568981498581
15	-40	15.36645649450907	83.62288247038413	110.4493378007884	2.8391380990889026	0.5881650976612288	0	0	222.31097728988945	242.0568981498581
15	-20	15.36645649450907	83.62288247038413	110.4493378007884	2.8391380990889026	0.5881650976612288	0	0	222.31097728988945	242.0568981498581
15	-2	15.36645649450907	83.62288247038413	110.4493378007884	2.8391380990889026	0.5881650976612288	0	0	222.31097728988945	242.0568981498581
10	10	15.36645649450907	83.62288247038413	110.4493378007884	2.8391380990889026	0.5881650976612288	0	0	306.7059016969317	242.350737751781
10	40	15.36645649450907	83.62288247038413	110.4493378007884	2.8391380990889026	0.5881650976612288	0	0	306.7059016969317	242.350737751781
10	20	15.36645649450907	83.62288247038413	110.4493378007884	2.8391380990889026	0.5881650976612288	0	0	306.7059016969317	242.350737751781
10	5	15.36645649450907	83.62288247038413	110.4493378007884	2.8391380990889026	0.5881650976612288	0	0	306.7059016969317	242.350737751781
10	2	15.36645649450907	83.62288247038413	110.4493378007884	2.8391380990889026	0.5881650976612288	0	0	306.7059016969317	242.350737751781
10	-2	15.36645649450907	83.62288247038413	110.4493378007884	2.8391380990889026	0.5881650976612288	0	0	306.7059016969317	242.350737751781
10	0	15.36645649450907	83.62288247038413	110.4493378007884	2.8391380990889026	0.5881650976612288	0	0	306.7059016969317	242.350737751781
10	-5	15.36645649450907	83.62288247038413	110.4493378007884	2.8391380990889026	0.5881650976612288	0	0	306.7059016969317	242.350737751781
10	-10	15.36645649450907	83.62288247038413	110.4493378007884	2.8391380990889026	0.5881650976612288	0	0	306.7059016969317	242.350737751781
10	-20	15.36645649450907	83.62288247038413	110.4493378007884	2.8391380990889026	0.5881650976612288	0	0	306.7059016969317	242.350737751781
10	-40	15.36645649450907	83.62288247038413	110.4493378007884	2.8391380990889026	0.5881650976612288	0	0	306.7059016969317	242.350737751781
5	5	15.36645649450907	83.62288247038413	110.4493378007884	2.8391380990889026	0.5881650976612288	0	0	313.75400038458673	240.80014190403642
5	40	15.36645649450907	83.62288247038413	110.4493378007884	2.8391380990889026	0.5881650976612288	0	0	313.75400038458673	240.80014190403642
5	20	15.36645649450907	83.62288247038413	110.4493378007884	2.8391380990889026	0.5881650976612288	0	0	313.75400038458673	240.80014190403642
5	10	15.36645649450907	83.62288247038413	110.4493378007884	2.8391380990889026	0.5881650976612288	0	0	313.75400038458673	240.80014190403642
5	2	15.36645649450907	83.62288247038413	110.4493378007884	2.8391380990889026	0.5881650976612288	0	0	313.75400038458673	240.80014190403642
5	0	15.36645649450907	83.62288247038413	110.4493378007884	2.8391380990889026	0.5881650976612288	0	0	313.75400038458673	240.80014190403642
5	-20	15.36645649450907	83.62288247038413	110.4493378007884	2.8391380990889026	0.5881650976612288	0	0	313.75400038458673	240.80014190403642
5	-5	15.36645649450907	83.62288247038413	110.4493378007884	2.8391380990889026	0.5881650976612288	0	0	313.75400038458673	240.80014190403642
5	-10	15.36645649450907	83.62288247038413	110.4493378007884	2.8391380990889026	0.5881650976612288	0	0	313.75400038458673	240.80014190403642
5	-2	15.36645649450907	83.62288247038413	110.4493378007884	2.8391380990889026	0.5881650976612288	0	0	313.75400038458673	240.80014190403642
5	-40	15.36645649450907	83.62288247038413	110.4493378007884	2.8391380990889026	0.5881650976612288	0	0	313.75400038458673	240.80014190403642
2	20	15.36645649450907	83.62288247038413	110.4493378007884	2.8391380990889026	0.5881650976612288	0	0	315.16884005788893	238.98878257848193
2	40	15.36645649450907	83.62288247038413	110.4493378007884	2.8391380990889026	0.5881650976612288	0	0	315.16884005788893	238.98878257848193
-60	-40	14.615590363219114	82.90633958798115	110.37244812881487	2.841165998109129	0.585810047302235	0.1435076986230208	1.1255082856236718	21.541774193074936	75.71476316182776
2	10	15.36645649450907	83.62288247038413	110.4493378007884	2.8391380990889026	0.5881650976612288	0	0	315.16884005788893	238.98878257848193
2	-2	15.36645649450907	83.62288247038413	110.4493378007884	2.8391380990889026	0.5881650976612288	0	0	315.16884005788893	238.98878257848193
2	5	15.36645649450907	83.62288247038413	110.4493378007884	2.8391380990889026	0.5881650976612288	0	0	315.16884005788893	238.98878257848193
2	2	15.36645649450907	83.62288247038413	110.4493378007884	2.8391380990889026	0.5881650976612288	0	0	315.16884005788893	238.98878257848193
2	0	15.36645649450907	83.62288247038413	110.4493378007884	2.8391380990889026	0.5881650976612288	0	0	315.16884005788893	238.98878257848193
2	-5	15.36645649450907	83.62288247038413	110.4493378007884	2.8391380990889026	0.5881650976612288	0	0	315.16884005788893	238.98878257848193
2	-20	15.36645649450907	83.62288247038413	110.4493378007884	2.8391380990889026	0.5881650976612288	0	0	315.16884005788893	238.98878257848193
2	-10	15.36645649450907	83.62288247038413	110.4493378007884	2.8391380990889026	0.5881650976612288	0	0	315.16884005788893	238.98878257848193
60	40	14.615590363219114	83.62203986714849	110.44939052870272	2.8391663509413396	0.5881605572678038	0	0	25.991817785431305	161.3023290349886
2	-40	15.36645649450907	83.62288247038413	110.4493378007884	2.8391380990889026	0.5881650976612288	0	0	315.16884005788893	238.98878257848193
0	40	15.36645649450907	83.62288247038413	110.4493378007884	2.8391380990889026	0.5881650976612288	0	0	314.65562932839464	237.4169115773011
0	5	15.36645649450907	83.62288247038413	110.4493378007884	2.8391380990889026	0.5881650976612288	0	0	314.65562932839464	237.4169115773011
0	20	15.36645649450907	83.62288247038413	110.4493378007884	2.8391380990889026	0.5881650976612288	0	0	314.65562932839464	237.4169115773011
0	10	15.36645649450907	83.62288247038413	110.4493378007884	2.8391380990889026	0.5881650976612288	0	0	314.65562932839464	237.4169115773011
0	2	15.36645649450907	83.62288247038413	110.4493378007884	2.8391380990889026	0.5881650976612288	0	0	314.65562932839464	237.4169115773011
0	-2	15.36645649450907	83.62288247038413	110.4493378007884	2.8391380990889026	0.5881650976612288	0	0	314.65562932839464	237.4169115773011
0	0	15.36645649450907	83.62288247038413	110.4493378007884	2.8391380990889026	0.5881650976612288	0	0	314.65562932839464	237.4169115773011
0	-10	15.36645649450907	83.62288247038413	110.4493378007884	2.8391380990889026	0.5881650976612288	0	0	314.65562932839464	237.4169115773011
0	-5	15.36645649450907	83.62288247038413	110.4493378007884	2.8391380990889026	0.5881650976612288	0	0	314.65562932839464	237.4169115773011
0	-40	15.36645649450907	83.62288247038413	110.4493378007884	2.8391380990889026	0.5881650976612288	0	0	314.65562932839464	237.4169115773011
0	-20	15.36645649450907	83.62288247038413	110.4493378007884	2.8391380990889026	0.5881650976612288	0	0	314.65562932839464	237.4169115773011
-2	40	15.36645649450907	83.62288247038413	110.4493378007884	2.8391380990889026	0.5881650976612288	0	0	300.265867373234	235.555784640635
-2	20	15.36645649450907	83.62288247038413	110.4493378007884	2.8391380990889026	0.5881650976612288	0	0	300.265867373234	235.555784640635
-2	10	15.36645649450907	83.62288247038413	110.4493378007884	2.8391380990889026	0.5881650976612288	0	0	300.265867373234	235.555784640635
-2	5	15.36645649450907	83.62288247038413	110.4493378007884	2.8391380990889026	0.5881650976612288	0	0	300.265867373234	235.555784640635
-2	-2	15.36645649450907	83.62288247038413	110.4493378007884	2.8391380990889026	0.5881650976612288	0	0	300.265867373234	235.555784640635
-2	2	15.36645649450907	83.62288247038413	110.4493378007884	2.8391380990889026	0.5881650976612288	0	0	300.265867373234	235.555784640635
-2	0	15.36645649450907	83.62288247038413	110.4493378007884	2.8391380990889026	0.5881650976612288	0	0	300.265867373234	235.555784640635
-2	-10	15.36645649450907	83.62288247038413	110.4493378007884	2.8391380990889026	0.5881650976612288	0	0	300.265867373234	235.555784640635
-2	-5	15.36645649450907	83.62288247038413	110.4493378007884	2.8391380990889026	0.5881650976612288	0	0	300.265867373234	235.555784640635
-2	-20	15.36645649450907	83.62288247038413	110.4493378007884	2.8391380990889026	0.5881650976612288	0	0	300.265867373234	235.555784640635
-2	-40	15.36645649450907	83.62288247038413	110.4493378007884	2.8391380990889026	0.5881650976612288	0	0	300.265867373234	235.555784640635
-5	20	15.36645649450907	83.62288247038413	110.4493378007884	2.8391380990889026	0.5881650976612288	0	0	263.1788187611562	232.22679519721183
-5	40	15.36645649450907	83.62288247038413	110.4493378007884	2.8391380990889026	0.5881650976612288	0	0	263.1788187611562	232.22679519721183
-5	10	15.36645649450907	83.62288247038413	110.4493378007884	2.8391380990889026	0.5881650976612288	0	0	263.1788187611562	232.22679519721183
-5	5	15.36645649450907	83.62288247038413	110.4493378007884	2.8391380990889026	0.5881650976612288	0	0	263.1788187611562	232.22679519721183
-5	0	15.36645649450907	83.62288247038413	110.4493378007884	2.8391380990889026	0.5881650976612288	0	0	263.1788187611562	232.22679519721183
-5	-40	15.36645649450907	83.62288247038413	110.4493378007884	2.8391380990889026	0.5881650976612288	0	0	263.1788187611562	232.22679519721183
-5	2	15.36645649450907	83.62288247038413	110.4493378007884	2.8391380990889026	0.5881650976612288	0	0	263.1788187611562	232.22679519721183
-5	-2	15.36645649450907	83.62288247038413	110.4493378007884	2.8391380990889026	0.5881650976612288	0	0	263.1788187611562	232.22679519721183
-5	-5	15.36645649450907	83.62288247038413	110.4493378007884	2.8391380990889026	0.5881650976612288	0	0	263.1788187611562	232.22679519721183
-5	-10	15.36645649450907	83.62288247038413	110.4493378007884	2.8391380990889026	0.5881650976612288	0	0	263.1788187611562	232.22679519721183
-5	-20	15.36645649450907	83.62288247038413	110.4493378007884	2.8391380990889026	0.5881650976612288	0	0	263.1788187611562	232.22679519721183
-60	20	14.615590363219114	83.60185628749532	110.4513622992644	2.837985551137221	0.5880647096949859	0	0	21.541774193074936	76.053762195091
-10	20	15.36645649450907	83.62288247038413	110.4493378007884	2.8391380990889026	0.5881650976612288	0	0	203.07703078002987	225.26929268329894
-10	40	15.36645649450907	83.62288247038413	110.4493378007884	2.8391380990889026	0.5881650976612288	0	0	203.07703078002987	225.26929268329894
-10	10	15.36645649450907	83.62288247038413	110.4493378007884	2.8391380990889026	0.5881650976612288	0	0	203.07703078002987	225.26929268329894
-10	5	15.36645649450907	83.62288247038413	110.4493378007884	2.8391380990889026	0.5881650976612288	0	0	203.07703078002987	225.26929268329894
-10	2	15.36645649450907	83.62288247038413	110.4493378007884	2.8391380990889026	0.5881650976612288	0	0	203.07703078002987	225.26929268329894
-10	0	15.36645649450907	83.62288247038413	110.4493378007884	2.8391380990889026	0.5881650976612288	0	0	203.07703078002987	225.26929268329894
-10	-2	15.36645649450907	83.62288247038413	110.4493378007884	2.8391380990889026	0.5881650976612288	0	0	203.07703078002987	225.26929268329894
-10	-5	15.36645649450907	83.62288247038413	110.4493378007884	2.8391380990889026	0.5881650976612288	0	0	203.07703078002987	225.26929268329894
-10	-10	15.36645649450907	83.62288247038413	110.4493378007884	2.8391380990889026	0.5881650976612288	0	0	203.07703078002987	225.26929268329894
-10	-20	15.36645649450907	83.62288247038413	110.4493378007884	2.8391380990889026	0.5881650976612288	0	0	203.07703078002987	225.26929268329894
-10	-40	15.36645649450907	83.62288247038413	110.4493378007884	2.8391380990889026	0.5881650976612288	0	0	203.07703078002987	225.26929268329894
-15	40	15.36645649450907	83.62288247038413	110.4493378007884	2.8391380990889026	0.5881650976612288	0	0	154.6635536027069	216.59735483074832
-15	5	15.36645649450907	83.62288247038413	110.4493378007884	2.8391380990889026	0.5881650976612288	0	0	154.6635536027069	216.59735483074832
-15	20	15.36645649450907	83.62288247038413	110.4493378007884	2.8391380990889026	0.5881650976612288	0	0	154.6635536027069	216.59735483074832
-15	10	15.36645649450907	83.62288247038413	110.4493378007884	2.8391380990889026	0.5881650976612288	0	0	154.6635536027069	216.59735483074832
-15	2	15.36645649450907	83.62288247038413	110.4493378007884	2.8391380990889026	0.5881650976612288	0	0	154.6635536027069	216.59735483074832
-15	0	15.36645649450907	83.62288247038413	110.4493378007884	2.8391380990889026	0.5881650976612288	0	0	154.6635536027069	216.59735483074832
-15	-2	15.36645649450907	83.62288247038413	110.4493378007884	2.8391380990889026	0.5881650976612288	0	0	154.6635536027069	216.59735483074832
-15	-5	15.36645649450907	83.62288247038413	110.4493378007884	2.8391380990889026	0.5881650976612288	0	0	154.6635536027069	216.59735483074832
-60	-40	13.113858100639213	81.38194064491566	110.21386220985498	2.852515061541144	0.5828096829014058	0.6383015821915068	5.2983222043552365	21.541774193074936	74.99586231106103
60	40	10.11039357547941	79.1922943285335	110.74191852576716	2.9036730438039506	0.5871390305004162	5.804061237026061	36.42574679505913	25.991817785431305	155.24175042479538
-15	-10	15.36645649450907	83.62288247038413	110.4493378007884	2.8391380990889026	0.5881650976612288	0	0	154.6635536027069	216.59735483074832
-15	-20	15.36645649450907	83.62288247038413	110.4493378007884	2.8391380990889026	0.5881650976612288	0	0	154.6635536027069	216.59735483074832
-15	-40	15.36645649450907	83.62288247038413	110.4493378007884	2.8391380990889026	0.5881650976612288	0	0	154.6635536027069	216.59735483074832
-30	40	15.36645649450907	83.62288247038413	110.4493378007884	2.8391380990889026	0.5881650976612288	0	0	85.522965133938	181.01704629653312
-30	20	15.36645649450907	83.62288247038413	110.4493378007884	2.8391380990889026	0.5881650976612288	0	0	85.522965133938	181.01704629653312
-30	10	15.36645649450907	83.62288247038413	110.4493378007884	2.8391380990889026	0.5881650976612288	0	0	85.522965133938	181.01704629653312
60	40	13.113858100639213	83.33284084070566	110.46674171360975	2.8481127581438535	0.5877499685255827	0.13620828771057303	0.12875055668532384	25.991817785431305	161.08761322154606
-30	5	15.36645649450907	83.62288247038413	110.4493378007884	2.8391380990889026	0.5881650976612288	0	0	85.522965133938	181.01704629653312
-30	2	15.36645649450907	83.62288247038413	110.4493378007884	2.8391380990889026	0.5881650976612288	0	0	85.522965133938	181.01704629653312
-30	0	15.36645649450907	83.62288247038413	110.4493378007884	2.8391380990889026	0.5881650976612288	0	0	85.522965133938	181.01704629653312
-30	-2	15.36645649450907	83.62288247038413	110.4493378007884	2.8391380990889026	0.5881650976612288	0	0	85.522965133938	181.01704629653312
-30	-5	15.36645649450907	83.62288247038413	110.4493378007884	2.8391380990889026	0.5881650976612288	0	0	85.522965133938	181.01704629653312
-30	-10	15.36645649450907	83.62288247038413	110.4493378007884	2.8391380990889026	0.5881650976612288	0	0	85.522965133938	181.01704629653312
-30	-20	15.36645649450907	83.62288247038413	110.4493378007884	2.8391380990889026	0.5881650976612288	0	0	85.522965133938	181.01704629653312
-30	-40	15.36645649450907	83.62288247038413	110.4493378007884	2.8391380990889026	0.5881650976612288	0	0	85.522965133938	181.01704629653312
-60	20	15.36645649450907	83.62288247038413	110.4493378007884	2.8391380990889026	0.5881650976612288	0	0	21.541774193074936	76.1138096443419
-60	10	15.36645649450907	83.62288247038413	110.4493378007884	2.8391380990889026	0.5881650976612288	0	0	21.541774193074936	76.1138096443419
-60	5	15.36645649450907	83.62288247038413	110.4493378007884	2.8391380990889026	0.5881650976612288	0	0	21.541774193074936	76.1138096443419
-60	2	15.36645649450907	83.62288247038413	110.4493378007884	2.8391380990889026	0.5881650976612288	0	0	21.541774193074936	76.1138096443419
-60	-2	15.36645649450907	83.62288247038413	110.4493378007884	2.8391380990889026	0.5881650976612288	0	0	21.541774193074936	76.1138096443419
-60	0	15.36645649450907	83.62288247038413	110.4493378007884	2.8391380990889026	0.5881650976612288	0	0	21.541774193074936	76.1138096443419
-60	-10	15.36645649450907	83.62288247038413	110.4493378007884	2.8391380990889026	0.5881650976612288	0	0	21.541774193074936	76.1138096443419
-60	-5	15.36645649450907	83.62288247038413	110.4493378007884	2.8391380990889026	0.5881650976612288	0	0	21.541774193074936	76.1138096443419
-60	-20	15.36645649450907	83.62288247038413	110.4493378007884	2.8391380990889026	0.5881650976612288	0	0	21.541774193074936	76.1138096443419
60	20	14.615590363219114	83.62288247038413	110.4493378007884	2.8391380990889026	0.5881650976612288	0	0	25.991817785431305	161.30310193295924
60	10	14.615590363219114	83.62288247038413	110.4493378007884	2.8391380990889026	0.5881650976612288	0	0	25.991817785431305	161.30310193295924
60	5	14.615590363219114	83.62288247038413	110.4493378007884	2.8391380990889026	0.5881650976612288	0	0	25.991817785431305	161.30310193295924
60	2	14.615590363219114	83.62288247038413	110.4493378007884	2.8391380990889026	0.5881650976612288	0	0	25.991817785431305	161.30310193295924
60	0	14.615590363219114	83.62288247038413	110.4493378007884	2.8391380990889026	0.5881650976612288	0	0	25.991817785431305	161.30310193295924
60	-2	14.615590363219114	83.62288247038413	110.4493378007884	2.8391380990889026	0.5881650976612288	0	0	25.991817785431305	161.30310193295924
60	-5	14.615590363219114	83.62288247038413	110.4493378007884	2.8391380990889026	0.5881650976612288	0	0	25.991817785431305	161.30310193295924
60	-10	14.615590363219114	83.62288247038413	110.4493378007884	2.8391380990889026	0.5881650976612288	0	0	25.991817785431305	161.30310193295924
60	-20	14.615590363219114	83.62288247038413	110.4493378007884	2.8391380990889026	0.5881650976612288	0	0	25.991817785431305	161.30310193295924
30	20	14.615590363219114	83.62288247038413	110.4493378007884	2.8391380990889026	0.5881650976612288	0	0	108.46950087474609	230.20110713144004
30	5	14.615590363219114	83.62288247038413	110.4493378007884	2.8391380990889026	0.5881650976612288	0	0	108.46950087474609	230.20110713144004
30	10	14.615590363219114	83.62288247038413	110.4493378007884	2.8391380990889026	0.5881650976612288	0	0	108.46950087474609	230.20110713144004
30	2	14.615590363219114	83.62288247038413	110.4493378007884	2.8391380990889026	0.5881650976612288	0	0	108.46950087474609	230.20110713144004
30	40	14.615590363219114	83.62288247038413	110.4493378007884	2.8391380990889026	0.5881650976612288	0	0	108.46950087474609	230.20110713144004
30	0	14.615590363219114	83.62288247038413	110.4493378007884	2.8391380990889026	0.5881650976612288	0	0	108.46950087474609	230.20110713144004
30	-2	14.615590363219114	83.62288247038413	110.4493378007884	2.8391380990889026	0.5881650976612288	0	0	108.46950087474609	230.20110713144004
30	-5	14.615590363219114	83.62288247038413	110.4493378007884	2.8391380990889026	0.5881650976612288	0	0	108.46950087474609	230.20110713144004
30	-10	14.615590363219114	83.62288247038413	110.4493378007884	2.8391380990889026	0.5881650976612288	0	0	108.46950087474609	230.20110713144004
30	-20	14.615590363219114	83.62288247038413	110.4493378007884	2.8391380990889026	0.5881650976612288	0	0	108.46950087474609	230.20110713144004
30	-40	14.615590363219114	83.62288247038413	110.4493378007884	2.8391380990889026	0.5881650976612288	0	0	108.46950087474609	230.20110713144004
15	20	14.615590363219114	83.62288247038413	110.4493378007884	2.8391380990889026	0.5881650976612288	0	0	222.31097728988945	242.0568981498581
15	40	14.615590363219114	83.62288247038413	110.4493378007884	2.8391380990889026	0.5881650976612288	0	0	222.31097728988945	242.0568981498581
15	5	14.615590363219114	83.62288247038413	110.4493378007884	2.8391380990889026	0.5881650976612288	0	0	222.31097728988945	242.0568981498581
15	2	14.615590363219114	83.62288247038413	110.4493378007884	2.8391380990889026	0.5881650976612288	0	0	222.31097728988945	242.0568981498581
15	-2	14.615590363219114	83.62288247038413	110.4493378007884	2.8391380990889026	0.5881650976612288	0	0	222.31097728988945	242.0568981498581
15	0	14.615590363219114	83.62288247038413	110.4493378007884	2.8391380990889026	0.5881650976612288	0	0	222.31097728988945	242.0568981498581
15	10	14.615590363219114	83.62288247038413	110.4493378007884	2.8391380990889026	0.5881650976612288	0	0	222.31097728988945	242.0568981498581
15	-10	14.615590363219114	83.62288247038413	110.4493378007884	2.8391380990889026	0.5881650976612288	0	0	222.31097728988945	242.0568981498581
15	-5	14.615590363219114	83.62288247038413	110.4493378007884	2.8391380990889026	0.5881650976612288	0	0	222.31097728988945	242.0568981498581
15	-40	14.615590363219114	83.62288247038413	110.4493378007884	2.8391380990889026	0.5881650976612288	0	0	222.31097728988945	242.0568981498581
10	40	14.615590363219114	83.62288247038413	110.4493378007884	2.8391380990889026	0.5881650976612288	0	0	306.7059016969317	242.350737751781
10	20	14.615590363219114	83.62288247038413	110.4493378007884	2.8391380990889026	0.5881650976612288	0	0	306.7059016969317	242.350737751781
10	10	14.615590363219114	83.62288247038413	110.4493378007884	2.8391380990889026	0.5881650976612288	0	0	306.7059016969317	242.350737751781
15	-20	14.615590363219114	83.62288247038413	110.4493378007884	2.8391380990889026	0.5881650976612288	0	0	222.31097728988945	242.0568981498581
10	2	14.615590363219114	83.62288247038413	110.4493378007884	2.8391380990889026	0.5881650976612288	0	0	306.7059016969317	242.350737751781
10	5	14.615590363219114	83.62288247038413	110.4493378007884	2.8391380990889026	0.5881650976612288	0	0	306.7059016969317	242.350737751781
10	0	14.615590363219114	83.62288247038413	110.4493378007884	2.8391380990889026	0.5881650976612288	0	0	306.7059016969317	242.350737751781
10	-2	14.615590363219114	83.62288247038413	110.4493378007884	2.8391380990889026	0.5881650976612288	0	0	306.7059016969317	242.350737751781
10	-10	14.615590363219114	83.62288247038413	110.4493378007884	2.8391380990889026	0.5881650976612288	0	0	306.7059016969317	242.350737751781
10	-20	14.615590363219114	83.62288247038413	110.4493378007884	2.8391380990889026	0.5881650976612288	0	0	306.7059016969317	242.350737751781
10	-5	14.615590363219114	83.62288247038413	110.4493378007884	2.8391380990889026	0.5881650976612288	0	0	306.7059016969317	242.350737751781
5	40	14.615590363219114	83.62288247038413	110.4493378007884	2.8391380990889026	0.5881650976612288	0	0	313.75400038458673	240.80014190403642
5	20	14.615590363219114	83.62288247038413	110.4493378007884	2.8391380990889026	0.5881650976612288	0	0	313.75400038458673	240.80014190403642
5	10	14.615590363219114	83.62288247038413	110.4493378007884	2.8391380990889026	0.5881650976612288	0	0	313.75400038458673	240.80014190403642
10	-40	14.615590363219114	83.62288247038413	110.4493378007884	2.8391380990889026	0.5881650976612288	0	0	306.7059016969317	242.350737751781
5	5	14.615590363219114	83.62288247038413	110.4493378007884	2.8391380990889026	0.5881650976612288	0	0	313.75400038458673	240.80014190403642
5	2	14.615590363219114	83.62288247038413	110.4493378007884	2.8391380990889026	0.5881650976612288	0	0	313.75400038458673	240.80014190403642
5	0	14.615590363219114	83.62288247038413	110.4493378007884	2.8391380990889026	0.5881650976612288	0	0	313.75400038458673	240.80014190403642
5	-10	14.615590363219114	83.62288247038413	110.4493378007884	2.8391380990889026	0.5881650976612288	0	0	313.75400038458673	240.80014190403642
5	-5	14.615590363219114	83.62288247038413	110.4493378007884	2.8391380990889026	0.5881650976612288	0	0	313.75400038458673	240.80014190403642
5	-2	14.615590363219114	83.62288247038413	110.4493378007884	2.8391380990889026	0.5881650976612288	0	0	313.75400038458673	240.80014190403642
5	-40	14.615590363219114	83.62288247038413	110.4493378007884	2.8391380990889026	0.5881650976612288	0	0	313.75400038458673	240.80014190403642
5	-20	14.615590363219114	83.62288247038413	110.4493378007884	2.8391380990889026	0.5881650976612288	0	0	313.75400038458673	240.80014190403642
2	10	14.615590363219114	83.62288247038413	110.4493378007884	2.8391380990889026	0.5881650976612288	0	0	315.16884005788893	238.98878257848193
2	40	14.615590363219114	83.62288247038413	110.4493378007884	2.8391380990889026	0.5881650976612288	0	0	315.16884005788893	238.98878257848193
2	5	14.615590363219114	83.62288247038413	110.4493378007884	2.8391380990889026	0.5881650976612288	0	0	315.16884005788893	238.98878257848193
2	2	14.615590363219114	83.62288247038413	110.4493378007884	2.8391380990889026	0.5881650976612288	0	0	315.16884005788893	238.98878257848193
2	20	14.615590363219114	83.62288247038413	110.4493378007884	2.8391380990889026	0.5881650976612288	0	0	315.16884005788893	238.98878257848193
2	-2	14.615590363219114	83.62288247038413	110.4493378007884	2.8391380990889026	0.5881650976612288	0	0	315.16884005788893	238.98878257848193
2	0	14.615590363219114	83.62288247038413	110.4493378007884	2.8391380990889026	0.5881650976612288	0	0	315.16884005788893	238.98878257848193
2	-5	14.615590363219114	83.62288247038413	110.4493378007884	2.8391380990889026	0.5881650976612288	0	0	315.16884005788893	238.98878257848193
2	-40	14.615590363219114	83.62288247038413	110.4493378007884	2.8391380990889026	0.5881650976612288	0	0	315.16884005788893	238.98878257848193
2	-20	14.615590363219114	83.62288247038413	110.4493378007884	2.8391380990889026	0.5881650976612288	0	0	315.16884005788893	238.98878257848193
0	20	14.615590363219114	83.62288247038413	110.4493378007884	2.8391380990889026	0.5881650976612288	0	0	314.65562932839464	237.4169115773011
2	-10	14.615590363219114	83.62288247038413	110.4493378007884	2.8391380990889026	0.5881650976612288	0	0	315.16884005788893	238.98878257848193
0	10	14.615590363219114	83.62288247038413	110.4493378007884	2.8391380990889026	0.5881650976612288	0	0	314.65562932839464	237.4169115773011
0	40	14.615590363219114	83.62288247038413	110.4493378007884	2.8391380990889026	0.5881650976612288	0	0	314.65562932839464	237.4169115773011
0	5	14.615590363219114	83.62288247038413	110.4493378007884	2.8391380990889026	0.5881650976612288	0	0	314.65562932839464	237.4169115773011
0	0	14.615590363219114	83.62288247038413	110.4493378007884	2.8391380990889026	0.5881650976612288	0	0	314.65562932839464	237.4169115773011
0	2	14.615590363219114	83.62288247038413	110.4493378007884	2.8391380990889026	0.5881650976612288	0	0	314.65562932839464	237.4169115773011
0	-2	14.615590363219114	83.62288247038413	110.4493378007884	2.8391380990889026	0.5881650976612288	0	0	314.65562932839464	237.4169115773011
0	-10	14.615590363219114	83.62288247038413	110.4493378007884	2.8391380990889026	0.5881650976612288	0	0	314.65562932839464	237.4169115773011
0	-40	14.615590363219114	83.62288247038413	110.4493378007884	2.8391380990889026	0.5881650976612288	0	0	314.65562932839464	237.4169115773011
0	-20	14.615590363219114	83.62288247038413	110.4493378007884	2.8391380990889026	0.5881650976612288	0	0	314.65562932839464	237.4169115773011
0	-5	14.615590363219114	83.62288247038413	110.4493378007884	2.8391380990889026	0.5881650976612288	0	0	314.65562932839464	237.4169115773011
-2	20	14.615590363219114	83.62288247038413	110.4493378007884	2.8391380990889026	0.5881650976612288	0	0	300.265867373234	235.555784640635
-2	10	14.615590363219114	83.62288247038413	110.4493378007884	2.8391380990889026	0.5881650976612288	0	0	300.265867373234	235.555784640635
-2	40	14.615590363219114	83.62288247038413	110.4493378007884	2.8391380990889026	0.5881650976612288	0	0	300.265867373234	235.555784640635
-2	2	14.615590363219114	83.62288247038413	110.4493378007884	2.8391380990889026	0.5881650976612288	0	0	300.265867373234	235.555784640635
-60	40	13.113858100639213	72.91023370374064	111.41546402434898	2.4282212701529953	0.5840488089502781	0.7143126498291023	4.770893616663541	21.541774193074936	51.64301332864621
-2	5	14.615590363219114	83.62288247038413	110.4493378007884	2.8391380990889026	0.5881650976612288	0	0	300.265867373234	235.555784640635
-2	0	14.615590363219114	83.62288247038413	110.4493378007884	2.8391380990889026	0.5881650976612288	0	0	300.265867373234	235.555784640635
-2	-2	14.615590363219114	83.62288247038413	110.4493378007884	2.8391380990889026	0.5881650976612288	0	0	300.265867373234	235.555784640635
-2	-10	14.615590363219114	83.62288247038413	110.4493378007884	2.8391380990889026	0.5881650976612288	0	0	300.265867373234	235.555784640635
-2	-20	14.615590363219114	83.62288247038413	110.4493378007884	2.8391380990889026	0.5881650976612288	0	0	300.265867373234	235.555784640635
-2	-40	14.615590363219114	83.62288247038413	110.4493378007884	2.8391380990889026	0.5881650976612288	0	0	300.265867373234	235.555784640635
-2	-5	14.615590363219114	83.62288247038413	110.4493378007884	2.8391380990889026	0.5881650976612288	0	0	300.265867373234	235.555784640635
-5	20	14.615590363219114	83.62288247038413	110.4493378007884	2.8391380990889026	0.5881650976612288	0	0	263.1788187611562	232.22679519721183
-5	40	14.615590363219114	83.62288247038413	110.4493378007884	2.8391380990889026	0.5881650976612288	0	0	263.1788187611562	232.22679519721183
-5	2	14.615590363219114	83.62288247038413	110.4493378007884	2.8391380990889026	0.5881650976612288	0	0	263.1788187611562	232.22679519721183
-5	5	14.615590363219114	83.62288247038413	110.4493378007884	2.8391380990889026	0.5881650976612288	0	0	263.1788187611562	232.22679519721183
-5	0	14.615590363219114	83.62288247038413	110.4493378007884	2.8391380990889026	0.5881650976612288	0	0	263.1788187611562	232.22679519721183
-5	10	14.615590363219114	83.62288247038413	110.4493378007884	2.8391380990889026	0.5881650976612288	0	0	263.1788187611562	232.22679519721183
-5	-5	14.615590363219114	83.62288247038413	110.4493378007884	2.8391380990889026	0.5881650976612288	0	0	263.1788187611562	232.22679519721183
-5	-2	14.615590363219114	83.62288247038413	110.4493378007884	2.8391380990889026	0.5881650976612288	0	0	263.1788187611562	232.22679519721183
-5	-10	14.615590363219114	83.62288247038413	110.4493378007884	2.8391380990889026	0.5881650976612288	0	0	263.1788187611562	232.22679519721183
-5	-20	14.615590363219114	83.62288247038413	110.4493378007884	2.8391380990889026	0.5881650976612288	0	0	263.1788187611562	232.22679519721183
-10	40	14.615590363219114	83.62288247038413	110.4493378007884	2.8391380990889026	0.5881650976612288	0	0	203.07703078002987	225.26929268329894
-5	-40	14.615590363219114	83.62288247038413	110.4493378007884	2.8391380990889026	0.5881650976612288	0	0	263.1788187611562	232.22679519721183
-10	10	14.615590363219114	83.62288247038413	110.4493378007884	2.8391380990889026	0.5881650976612288	0	0	203.07703078002987	225.26929268329894
-10	5	14.615590363219114	83.62288247038413	110.4493378007884	2.8391380990889026	0.5881650976612288	0	0	203.07703078002987	225.26929268329894
-10	2	14.615590363219114	83.62288247038413	110.4493378007884	2.8391380990889026	0.5881650976612288	0	0	203.07703078002987	225.26929268329894
-10	20	14.615590363219114	83.62288247038413	110.4493378007884	2.8391380990889026	0.5881650976612288	0	0	203.07703078002987	225.26929268329894
-10	-2	14.615590363219114	83.62288247038413	110.4493378007884	2.8391380990889026	0.5881650976612288	0	0	203.07703078002987	225.26929268329894
-10	0	14.615590363219114	83.62288247038413	110.4493378007884	2.8391380990889026	0.5881650976612288	0	0	203.07703078002987	225.26929268329894
-10	-5	14.615590363219114	83.62288247038413	110.4493378007884	2.8391380990889026	0.5881650976612288	0	0	203.07703078002987	225.26929268329894
-10	-10	14.615590363219114	83.62288247038413	110.4493378007884	2.8391380990889026	0.5881650976612288	0	0	203.07703078002987	225.26929268329894
-60	20	13.113858100639213	83.04462315339951	110.50252520531777	2.809754944829935	0.5865222582550825	0.09095552184119889	0.5402734171776159	21.541774193074936	74.48557067784608
-10	-20	14.615590363219114	83.62288247038413	110.4493378007884	2.8391380990889026	0.5881650976612288	0	0	203.07703078002987	225.26929268329894
-10	-40	14.615590363219114	83.62288247038413	110.4493378007884	2.8391380990889026	0.5881650976612288	0	0	203.07703078002987	225.26929268329894
-15	40	14.615590363219114	83.62288247038413	110.4493378007884	2.8391380990889026	0.5881650976612288	0	0	154.6635536027069	216.59735483074832
-15	20	14.615590363219114	83.62288247038413	110.4493378007884	2.8391380990889026	0.5881650976612288	0	0	154.6635536027069	216.59735483074832
-15	10	14.615590363219114	83.62288247038413	110.4493378007884	2.8391380990889026	0.5881650976612288	0	0	154.6635536027069	216.59735483074832
-15	5	14.615590363219114	83.62288247038413	110.4493378007884	2.8391380990889026	0.5881650976612288	0	0	154.6635536027069	216.59735483074832
-15	0	14.615590363219114	83.62288247038413	110.4493378007884	2.8391380990889026	0.5881650976612288	0	0	154.6635536027069	216.59735483074832
-15	2	14.615590363219114	83.62288247038413	110.4493378007884	2.8391380990889026	0.5881650976612288	0	0	154.6635536027069	216.59735483074832
-15	-2	14.615590363219114	83.62288247038413	110.4493378007884	2.8391380990889026	0.5881650976612288	0	0	154.6635536027069	216.59735483074832
-15	-5	14.615590363219114	83.62288247038413	110.4493378007884	2.8391380990889026	0.5881650976612288	0	0	154.6635536027069	216.59735483074832
-15	-10	14.615590363219114	83.62288247038413	110.4493378007884	2.8391380990889026	0.5881650976612288	0	0	154.6635536027069	216.59735483074832
-15	-20	14.615590363219114	83.62288247038413	110.4493378007884	2.8391380990889026	0.5881650976612288	0	0	154.6635536027069	216.59735483074832
-15	-40	14.615590363219114	83.62288247038413	110.4493378007884	2.8391380990889026	0.5881650976612288	0	0	154.6635536027069	216.59735483074832
60	40	8.608661312899509	74.61033089442968	111.07472953496398	2.9123944983435464	0.5878837211967565	9.472047113404672	61.05332313508318	25.991817785431305	146.63313717861467
-30	40	14.615590363219114	83.62288247038413	110.4493378007884	2.8391380990889026	0.5881650976612288	0	0	85.522965133938	181.01704629653312
-30	20	14.615590363219114	83.62288247038413	110.4493378007884	2.8391380990889026	0.5881650976612288	0	0	85.522965133938	181.01704629653312
-30	10	14.615590363219114	83.62288247038413	110.4493378007884	2.8391380990889026	0.5881650976612288	0	0	85.522965133938	181.01704629653312
-30	5	14.615590363219114	83.62288247038413	110.4493378007884	2.8391380990889026	0.5881650976612288	0	0	85.522965133938	181.01704629653312
-30	2	14.615590363219114	83.62288247038413	110.4493378007884	2.8391380990889026	0.5881650976612288	0	0	85.522965133938	181.01704629653312
-30	0	14.615590363219114	83.62288247038413	110.4493378007884	2.8391380990889026	0.5881650976612288	0	0	85.522965133938	181.01704629653312
-30	-2	14.615590363219114	83.62288247038413	110.4493378007884	2.8391380990889026	0.5881650976612288	0	0	85.522965133938	181.01704629653312
-30	-5	14.615590363219114	83.62288247038413	110.4493378007884	2.8391380990889026	0.5881650976612288	0	0	85.522965133938	181.01704629653312
-30	-10	14.615590363219114	83.62288247038413	110.4493378007884	2.8391380990889026	0.5881650976612288	0	0	85.522965133938	181.01704629653312
-30	-40	14.615590363219114	83.62288247038413	110.4493378007884	2.8391380990889026	0.5881650976612288	0	0	85.522965133938	181.01704629653312
-30	-20	14.615590363219114	83.62288247038413	110.4493378007884	2.8391380990889026	0.5881650976612288	0	0	85.522965133938	181.01704629653312
-60	10	14.615590363219114	83.62288247038413	110.4493378007884	2.8391380990889026	0.5881650976612288	0	0	21.541774193074936	76.1138096443419
-60	5	14.615590363219114	83.62288247038413	110.4493378007884	2.8391380990889026	0.5881650976612288	0	0	21.541774193074936	76.1138096443419
-60	2	14.615590363219114	83.62288247038413	110.4493378007884	2.8391380990889026	0.5881650976612288	0	0	21.541774193074936	76.1138096443419
-60	0	14.615590363219114	83.62288247038413	110.4493378007884	2.8391380990889026	0.5881650976612288	0	0	21.541774193074936	76.1138096443419
-60	-2	14.615590363219114	83.62288247038413	110.4493378007884	2.8391380990889026	0.5881650976612288	0	0	21.541774193074936	76.1138096443419
-60	-5	14.615590363219114	83.62288247038413	110.4493378007884	2.8391380990889026	0.5881650976612288	0	0	21.541774193074936	76.1138096443419
-60	-10	14.615590363219114	83.62288247038413	110.4493378007884	2.8391380990889026	0.5881650976612288	0	0	21.541774193074936	76.1138096443419
-60	-20	14.615590363219114	83.62288247038413	110.4493378007884	2.8391380990889026	0.5881650976612288	0	0	21.541774193074936	76.1138096443419
60	20	13.113858100639213	83.62288247038413	110.4493378007884	2.8391380990889026	0.5881650976612288	0	0	25.991817785431305	161.30310193295924
60	10	13.113858100639213	83.62288247038413	110.4493378007884	2.8391380990889026	0.5881650976612288	0	0	25.991817785431305	161.30310193295924
60	5	13.113858100639213	83.62288247038413	110.4493378007884	2.8391380990889026	0.5881650976612288	0	0	25.991817785431305	161.30310193295924
60	0	13.113858100639213	83.62288247038413	110.4493378007884	2.8391380990889026	0.5881650976612288	0	0	25.991817785431305	161.30310193295924
60	2	13.113858100639213	83.62288247038413	110.4493378007884	2.8391380990889026	0.5881650976612288	0	0	25.991817785431305	161.30310193295924
60	-2	13.113858100639213	83.62288247038413	110.4493378007884	2.8391380990889026	0.5881650976612288	0	0	25.991817785431305	161.30310193295924
60	-5	13.113858100639213	83.62288247038413	110.4493378007884	2.8391380990889026	0.5881650976612288	0	0	25.991817785431305	161.30310193295924
60	-10	13.113858100639213	83.62288247038413	110.4493378007884	2.8391380990889026	0.5881650976612288	0	0	25.991817785431305	161.30310193295924
60	-20	13.113858100639213	83.62288247038413	110.4493378007884	2.8391380990889026	0.5881650976612288	0	0	25.991817785431305	161.30310193295924
30	10	13.113858100639213	83.62288247038413	110.4493378007884	2.8391380990889026	0.5881650976612288	0	0	108.46950087474609	230.20110713144004
30	40	13.113858100639213	83.62288247038413	110.4493378007884	2.8391380990889026	0.5881650976612288	0	0	108.46950087474609	230.20110713144004
30	20	13.113858100639213	83.62288247038413	110.4493378007884	2.8391380990889026	0.5881650976612288	0	0	108.46950087474609	230.20110713144004
30	5	13.113858100639213	83.62288247038413	110.4493378007884	2.8391380990889026	0.5881650976612288	0	0	108.46950087474609	230.20110713144004
30	2	13.113858100639213	83.62288247038413	110.4493378007884	2.8391380990889026	0.5881650976612288	0	0	108.46950087474609	230.20110713144004
30	0	13.113858100639213	83.62288247038413	110.4493378007884	2.8391380990889026	0.5881650976612288	0	0	108.46950087474609	230.20110713144004
30	-20	13.113858100639213	83.62288247038413	110.4493378007884	2.8391380990889026	0.5881650976612288	0	0	108.46950087474609	230.20110713144004
30	-2	13.113858100639213	83.62288247038413	110.4493378007884	2.8391380990889026	0.5881650976612288	0	0	108.46950087474609	230.20110713144004
30	-5	13.113858100639213	83.62288247038413	110.4493378007884	2.8391380990889026	0.5881650976612288	0	0	108.46950087474609	230.20110713144004
30	-10	13.113858100639213	83.62288247038413	110.4493378007884	2.8391380990889026	0.5881650976612288	0	0	108.46950087474609	230.20110713144004
30	-40	13.113858100639213	83.62288247038413	110.4493378007884	2.8391380990889026	0.5881650976612288	0	0	108.46950087474609	230.20110713144004
15	40	13.113858100639213	83.62288247038413	110.4493378007884	2.8391380990889026	0.5881650976612288	0	0	222.31097728988945	242.0568981498581
15	20	13.113858100639213	83.62288247038413	110.4493378007884	2.8391380990889026	0.5881650976612288	0	0	222.31097728988945	242.0568981498581
15	10	13.113858100639213	83.62288247038413	110.4493378007884	2.8391380990889026	0.5881650976612288	0	0	222.31097728988945	242.0568981498581
15	5	13.113858100639213	83.62288247038413	110.4493378007884	2.8391380990889026	0.5881650976612288	0	0	222.31097728988945	242.0568981498581
15	2	13.113858100639213	83.62288247038413	110.4493378007884	2.8391380990889026	0.5881650976612288	0	0	222.31097728988945	242.0568981498581
15	0	13.113858100639213	83.62288247038413	110.4493378007884	2.8391380990889026	0.5881650976612288	0	0	222.31097728988945	242.0568981498581
15	-2	13.113858100639213	83.62288247038413	110.4493378007884	2.8391380990889026	0.5881650976612288	0	0	222.31097728988945	242.0568981498581
15	-10	13.113858100639213	83.62288247038413	110.4493378007884	2.8391380990889026	0.5881650976612288	0	0	222.31097728988945	242.0568981498581
15	-5	13.113858100639213	83.62288247038413	110.4493378007884	2.8391380990889026	0.5881650976612288	0	0	222.31097728988945	242.0568981498581
-60	-40	11.612125838059312	78.73607536043154	109.94125506432512	2.8837479623270337	0.5796599723242417	1.6277814602165055	14.382312593298648	21.541774193074936	74.00196801364703
15	-20	13.113858100639213	83.62288247038413	110.4493378007884	2.8391380990889026	0.5881650976612288	0	0	222.31097728988945	242.0568981498581
10	40	13.113858100639213	83.62288247038413	110.4493378007884	2.8391380990889026	0.5881650976612288	0	0	306.7059016969317	242.350737751781
15	-40	13.113858100639213	83.62288247038413	110.4493378007884	2.8391380990889026	0.5881650976612288	0	0	222.31097728988945	242.0568981498581
10	20	13.113858100639213	83.62288247038413	110.4493378007884	2.8391380990889026	0.5881650976612288	0	0	306.7059016969317	242.350737751781
10	5	13.113858100639213	83.62288247038413	110.4493378007884	2.8391380990889026	0.5881650976612288	0	0	306.7059016969317	242.350737751781
10	10	13.113858100639213	83.62288247038413	110.4493378007884	2.8391380990889026	0.5881650976612288	0	0	306.7059016969317	242.350737751781
10	2	13.113858100639213	83.62288247038413	110.4493378007884	2.8391380990889026	0.5881650976612288	0	0	306.7059016969317	242.350737751781
10	0	13.113858100639213	83.62288247038413	110.4493378007884	2.8391380990889026	0.5881650976612288	0	0	306.7059016969317	242.350737751781
10	-2	13.113858100639213	83.62288247038413	110.4493378007884	2.8391380990889026	0.5881650976612288	0	0	306.7059016969317	242.350737751781
10	-5	13.113858100639213	83.62288247038413	110.4493378007884	2.8391380990889026	0.5881650976612288	0	0	306.7059016969317	242.350737751781
60	-40	10.11039357547941	67.14518133259764	108.79457293118499	3.208887989450156	0.5837332732567688	2.240608130382665	10.070451673614842	25.991817785431305	141.67444169602118
10	-10	13.113858100639213	83.62288247038413	110.4493378007884	2.8391380990889026	0.5881650976612288	0	0	306.7059016969317	242.350737751781
10	-20	13.113858100639213	83.62288247038413	110.4493378007884	2.8391380990889026	0.5881650976612288	0	0	306.7059016969317	242.350737751781
5	40	13.113858100639213	83.62288247038413	110.4493378007884	2.8391380990889026	0.5881650976612288	0	0	313.75400038458673	240.80014190403642
10	-40	13.113858100639213	83.62288247038413	110.4493378007884	2.8391380990889026	0.5881650976612288	0	0	306.7059016969317	242.350737751781
5	5	13.113858100639213	83.62288247038413	110.4493378007884	2.8391380990889026	0.5881650976612288	0	0	313.75400038458673	240.80014190403642
5	20	13.113858100639213	83.62288247038413	110.4493378007884	2.8391380990889026	0.5881650976612288	0	0	313.75400038458673	240.80014190403642
5	10	13.113858100639213	83.62288247038413	110.4493378007884	2.8391380990889026	0.5881650976612288	0	0	313.75400038458673	240.80014190403642
5	2	13.113858100639213	83.62288247038413	110.4493378007884	2.8391380990889026	0.5881650976612288	0	0	313.75400038458673	240.80014190403642
5	0	13.113858100639213	83.62288247038413	110.4493378007884	2.8391380990889026	0.5881650976612288	0	0	313.75400038458673	240.80014190403642
5	-2	13.113858100639213	83.62288247038413	110.4493378007884	2.8391380990889026	0.5881650976612288	0	0	313.75400038458673	240.80014190403642
5	-5	13.113858100639213	83.62288247038413	110.4493378007884	2.8391380990889026	0.5881650976612288	0	0	313.75400038458673	240.80014190403642
5	-20	13.113858100639213	83.62288247038413	110.4493378007884	2.8391380990889026	0.5881650976612288	0	0	313.75400038458673	240.80014190403642
5	-10	13.113858100639213	83.62288247038413	110.4493378007884	2.8391380990889026	0.5881650976612288	0	0	313.75400038458673	240.80014190403642
5	-40	13.113858100639213	83.62288247038413	110.4493378007884	2.8391380990889026	0.5881650976612288	0	0	313.75400038458673	240.80014190403642
2	20	13.113858100639213	83.62288247038413	110.4493378007884	2.8391380990889026	0.5881650976612288	0	0	315.16884005788893	238.98878257848193
2	40	13.113858100639213	83.62288247038413	110.4493378007884	2.8391380990889026	0.5881650976612288	0	0	315.16884005788893	238.98878257848193
60	-20	11.612125838059312	83.30446906672185	110.41468068786196	2.849245450619289	0.5874733826295483	0.14906302527173163	0.34034373721803707	25.991817785431305	161.05999401999293
2	10	13.113858100639213	83.62288247038413	110.4493378007884	2.8391380990889026	0.5881650976612288	0	0	315.16884005788893	238.98878257848193
2	5	13.113858100639213	83.62288247038413	110.4493378007884	2.8391380990889026	0.5881650976612288	0	0	315.16884005788893	238.98878257848193
2	2	13.113858100639213	83.62288247038413	110.4493378007884	2.8391380990889026	0.5881650976612288	0	0	315.16884005788893	238.98878257848193
2	0	13.113858100639213	83.62288247038413	110.4493378007884	2.8391380990889026	0.5881650976612288	0	0	315.16884005788893	238.98878257848193
2	-2	13.113858100639213	83.62288247038413	110.4493378007884	2.8391380990889026	0.5881650976612288	0	0	315.16884005788893	238.98878257848193
2	-5	13.113858100639213	83.62288247038413	110.4493378007884	2.8391380990889026	0.5881650976612288	0	0	315.16884005788893	238.98878257848193
2	-10	13.113858100639213	83.62288247038413	110.4493378007884	2.8391380990889026	0.5881650976612288	0	0	315.16884005788893	238.98878257848193
2	-20	13.113858100639213	83.62288247038413	110.4493378007884	2.8391380990889026	0.5881650976612288	0	0	315.16884005788893	238.98878257848193
0	40	13.113858100639213	83.62288247038413	110.4493378007884	2.8391380990889026	0.5881650976612288	0	0	314.65562932839464	237.4169115773011
2	-40	13.113858100639213	83.62288247038413	110.4493378007884	2.8391380990889026	0.5881650976612288	0	0	315.16884005788893	238.98878257848193
0	20	13.113858100639213	83.62288247038413	110.4493378007884	2.8391380990889026	0.5881650976612288	0	0	314.65562932839464	237.4169115773011
0	10	13.113858100639213	83.62288247038413	110.4493378007884	2.8391380990889026	0.5881650976612288	0	0	314.65562932839464	237.4169115773011
0	0	13.113858100639213	83.62288247038413	110.4493378007884	2.8391380990889026	0.5881650976612288	0	0	314.65562932839464	237.4169115773011
0	5	13.113858100639213	83.62288247038413	110.4493378007884	2.8391380990889026	0.5881650976612288	0	0	314.65562932839464	237.4169115773011
0	-2	13.113858100639213	83.62288247038413	110.4493378007884	2.8391380990889026	0.5881650976612288	0	0	314.65562932839464	237.4169115773011
0	2	13.113858100639213	83.62288247038413	110.4493378007884	2.8391380990889026	0.5881650976612288	0	0	314.65562932839464	237.4169115773011
0	-5	13.113858100639213	83.62288247038413	110.4493378007884	2.8391380990889026	0.5881650976612288	0	0	314.65562932839464	237.4169115773011
0	-10	13.113858100639213	83.62288247038413	110.4493378007884	2.8391380990889026	0.5881650976612288	0	0	314.65562932839464	237.4169115773011
0	-20	13.113858100639213	83.62288247038413	110.4493378007884	2.8391380990889026	0.5881650976612288	0	0	314.65562932839464	237.4169115773011
0	-40	13.113858100639213	83.62288247038413	110.4493378007884	2.8391380990889026	0.5881650976612288	0	0	314.65562932839464	237.4169115773011
-2	20	13.113858100639213	83.62288247038413	110.4493378007884	2.8391380990889026	0.5881650976612288	0	0	300.265867373234	235.555784640635
-2	40	13.113858100639213	83.62288247038413	110.4493378007884	2.8391380990889026	0.5881650976612288	0	0	300.265867373234	235.555784640635
-2	5	13.113858100639213	83.62288247038413	110.4493378007884	2.8391380990889026	0.5881650976612288	0	0	300.265867373234	235.555784640635
-2	10	13.113858100639213	83.62288247038413	110.4493378007884	2.8391380990889026	0.5881650976612288	0	0	300.265867373234	235.555784640635
-2	2	13.113858100639213	83.62288247038413	110.4493378007884	2.8391380990889026	0.5881650976612288	0	0	300.265867373234	235.555784640635
-2	0	13.113858100639213	83.62288247038413	110.4493378007884	2.8391380990889026	0.5881650976612288	0	0	300.265867373234	235.555784640635
-2	-2	13.113858100639213	83.62288247038413	110.4493378007884	2.8391380990889026	0.5881650976612288	0	0	300.265867373234	235.555784640635
-2	-5	13.113858100639213	83.62288247038413	110.4493378007884	2.8391380990889026	0.5881650976612288	0	0	300.265867373234	235.555784640635
-2	-10	13.113858100639213	83.62288247038413	110.4493378007884	2.8391380990889026	0.5881650976612288	0	0	300.265867373234	235.555784640635
-2	-20	13.113858100639213	83.62288247038413	110.4493378007884	2.8391380990889026	0.5881650976612288	0	0	300.265867373234	235.555784640635
-2	-40	13.113858100639213	83.62288247038413	110.4493378007884	2.8391380990889026	0.5881650976612288	0	0	300.265867373234	235.555784640635
30	-40	10.11039357547941	81.83007905727823	110.25153211669097	2.8829052757159817	0.585810525033166	2.083065467473645	1.3690909401017612	108.46950087474609	228.27109925185238
-5	40	13.113858100639213	83.62288247038413	110.4493378007884	2.8391380990889026	0.5881650976612288	0	0	263.1788187611562	232.22679519721183
-60	40	11.612125838059312	70.62383320247376	111.59792066292118	2.3412192695865066	0.5837536322381487	0.6077335639662123	3.94774565993029	21.541774193074936	46.96938028526135
-5	20	13.113858100639213	83.62288247038413	110.4493378007884	2.8391380990889026	0.5881650976612288	0	0	263.1788187611562	232.22679519721183
-5	5	13.113858100639213	83.62288247038413	110.4493378007884	2.8391380990889026	0.5881650976612288	0	0	263.1788187611562	232.22679519721183
-5	10	13.113858100639213	83.62288247038413	110.4493378007884	2.8391380990889026	0.5881650976612288	0	0	263.1788187611562	232.22679519721183
-5	0	13.113858100639213	83.62288247038413	110.4493378007884	2.8391380990889026	0.5881650976612288	0	0	263.1788187611562	232.22679519721183
-5	2	13.113858100639213	83.62288247038413	110.4493378007884	2.8391380990889026	0.5881650976612288	0	0	263.1788187611562	232.22679519721183
30	-40	11.612125838059312	83.60881978158997	110.44775046317702	2.8395893107247687	0.588094205223974	0	0	108.46950087474609	230.19210211066832
-5	-2	13.113858100639213	83.62288247038413	110.4493378007884	2.8391380990889026	0.5881650976612288	0	0	263.1788187611562	232.22679519721183
-5	-5	13.113858100639213	83.62288247038413	110.4493378007884	2.8391380990889026	0.5881650976612288	0	0	263.1788187611562	232.22679519721183
-5	-10	13.113858100639213	83.62288247038413	110.4493378007884	2.8391380990889026	0.5881650976612288	0	0	263.1788187611562	232.22679519721183
-5	-20	13.113858100639213	83.62288247038413	110.4493378007884	2.8391380990889026	0.5881650976612288	0	0	263.1788187611562	232.22679519721183
-5	-40	13.113858100639213	83.62288247038413	110.4493378007884	2.8391380990889026	0.5881650976612288	0	0	263.1788187611562	232.22679519721183
-10	40	13.113858100639213	83.62288247038413	110.4493378007884	2.8391380990889026	0.5881650976612288	0	0	203.07703078002987	225.26929268329894
-10	20	13.113858100639213	83.62288247038413	110.4493378007884	2.8391380990889026	0.5881650976612288	0	0	203.07703078002987	225.26929268329894
-10	10	13.113858100639213	83.62288247038413	110.4493378007884	2.8391380990889026	0.5881650976612288	0	0	203.07703078002987	225.26929268329894
-10	5	13.113858100639213	83.62288247038413	110.4493378007884	2.8391380990889026	0.5881650976612288	0	0	203.07703078002987	225.26929268329894
-10	2	13.113858100639213	83.62288247038413	110.4493378007884	2.8391380990889026	0.5881650976612288	0	0	203.07703078002987	225.26929268329894
-10	0	13.113858100639213	83.62288247038413	110.4493378007884	2.8391380990889026	0.5881650976612288	0	0	203.07703078002987	225.26929268329894
-10	-2	13.113858100639213	83.62288247038413	110.4493378007884	2.8391380990889026	0.5881650976612288	0	0	203.07703078002987	225.26929268329894
-10	-5	13.113858100639213	83.62288247038413	110.4493378007884	2.8391380990889026	0.5881650976612288	0	0	203.07703078002987	225.26929268329894
-10	-10	13.113858100639213	83.62288247038413	110.4493378007884	2.8391380990889026	0.5881650976612288	0	0	203.07703078002987	225.26929268329894
-10	-20	13.113858100639213	83.62288247038413	110.4493378007884	2.8391380990889026	0.5881650976612288	0	0	203.07703078002987	225.26929268329894
-15	40	13.113858100639213	83.62288247038413	110.4493378007884	2.8391380990889026	0.5881650976612288	0	0	154.6635536027069	216.59735483074832
-10	-40	13.113858100639213	83.62288247038413	110.4493378007884	2.8391380990889026	0.5881650976612288	0	0	203.07703078002987	225.26929268329894
-15	20	13.113858100639213	83.62288247038413	110.4493378007884	2.8391380990889026	0.5881650976612288	0	0	154.6635536027069	216.59735483074832
-15	10	13.113858100639213	83.62288247038413	110.4493378007884	2.8391380990889026	0.5881650976612288	0	0	154.6635536027069	216.59735483074832
-15	5	13.113858100639213	83.62288247038413	110.4493378007884	2.8391380990889026	0.5881650976612288	0	0	154.6635536027069	216.59735483074832
-15	2	13.113858100639213	83.62288247038413	110.4493378007884	2.8391380990889026	0.5881650976612288	0	0	154.6635536027069	216.59735483074832
-15	0	13.113858100639213	83.62288247038413	110.4493378007884	2.8391380990889026	0.5881650976612288	0	0	154.6635536027069	216.59735483074832
-15	-2	13.113858100639213	83.62288247038413	110.4493378007884	2.8391380990889026	0.5881650976612288	0	0	154.6635536027069	216.59735483074832
-15	-5	13.113858100639213	83.62288247038413	110.4493378007884	2.8391380990889026	0.5881650976612288	0	0	154.6635536027069	216.59735483074832
-15	-10	13.113858100639213	83.62288247038413	110.4493378007884	2.8391380990889026	0.5881650976612288	0	0	154.6635536027069	216.59735483074832
-15	-20	13.113858100639213	83.62288247038413	110.4493378007884	2.8391380990889026	0.5881650976612288	0	0	154.6635536027069	216.59735483074832
-15	-40	13.113858100639213	83.62288247038413	110.4493378007884	2.8391380990889026	0.5881650976612288	0	0	154.6635536027069	216.59735483074832
-30	40	13.113858100639213	83.62288247038413	110.4493378007884	2.8391380990889026	0.5881650976612288	0	0	85.522965133938	181.01704629653312
-30	20	13.113858100639213	83.62288247038413	110.4493378007884	2.8391380990889026	0.5881650976612288	0	0	85.522965133938	181.01704629653312
-30	10	13.113858100639213	83.62288247038413	110.4493378007884	2.8391380990889026	0.5881650976612288	0	0	85.522965133938	181.01704629653312
-30	5	13.113858100639213	83.62288247038413	110.4493378007884	2.8391380990889026	0.5881650976612288	0	0	85.522965133938	181.01704629653312
-30	2	13.113858100639213	83.62288247038413	110.4493378007884	2.8391380990889026	0.5881650976612288	0	0	85.522965133938	181.01704629653312
-30	0	13.113858100639213	83.62288247038413	110.4493378007884	2.8391380990889026	0.5881650976612288	0	0	85.522965133938	181.01704629653312
-30	-2	13.113858100639213	83.62288247038413	110.4493378007884	2.8391380990889026	0.5881650976612288	0	0	85.522965133938	181.01704629653312
-30	-10	13.113858100639213	83.62288247038413	110.4493378007884	2.8391380990889026	0.5881650976612288	0	0	85.522965133938	181.01704629653312
-30	-5	13.113858100639213	83.62288247038413	110.4493378007884	2.8391380990889026	0.5881650976612288	0	0	85.522965133938	181.01704629653312
-30	-20	13.113858100639213	83.62288247038413	110.4493378007884	2.8391380990889026	0.5881650976612288	0	0	85.522965133938	181.01704629653312
-30	-40	13.113858100639213	83.62288247038413	110.4493378007884	2.8391380990889026	0.5881650976612288	0	0	85.522965133938	181.01704629653312
-60	10	13.113858100639213	83.62288247038413	110.4493378007884	2.8391380990889026	0.5881650976612288	0	0	21.541774193074936	76.1138096443419
-60	5	13.113858100639213	83.62288247038413	110.4493378007884	2.8391380990889026	0.5881650976612288	0	0	21.541774193074936	76.1138096443419
60	-20	10.11039357547941	81.281562856347	110.20621448248845	2.9077200346604344	0.586780438981792	0.6138238429376048	4.5585845404441985	25.991817785431305	159.47660336402421
-60	0	13.113858100639213	83.62288247038413	110.4493378007884	2.8391380990889026	0.5881650976612288	0	0	21.541774193074936	76.1138096443419
-60	2	13.113858100639213	83.62288247038413	110.4493378007884	2.8391380990889026	0.5881650976612288	0	0	21.541774193074936	76.1138096443419
-60	-2	13.113858100639213	83.62288247038413	110.4493378007884	2.8391380990889026	0.5881650976612288	0	0	21.541774193074936	76.1138096443419
-60	-5	13.113858100639213	83.62288247038413	110.4493378007884	2.8391380990889026	0.5881650976612288	0	0	21.541774193074936	76.1138096443419
-60	-10	13.113858100639213	83.62288247038413	110.4493378007884	2.8391380990889026	0.5881650976612288	0	0	21.541774193074936	76.1138096443419
-60	-20	13.113858100639213	83.62288247038413	110.4493378007884	2.8391380990889026	0.5881650976612288	0	0	21.541774193074936	76.1138096443419
-30	40	11.612125838059312	83.62116553550482	110.44950582755705	2.839043030882777	0.5881554670301186	0	0	85.522965133938	181.0068476843439
60	20	11.612125838059312	83.62288247038413	110.4493378007884	2.8391380990889026	0.5881650976612288	0	0	25.991817785431305	161.30310193295924
60	10	11.612125838059312	83.62288247038413	110.4493378007884	2.8391380990889026	0.5881650976612288	0	0	25.991817785431305	161.30310193295924
60	5	11.612125838059312	83.62288247038413	110.4493378007884	2.8391380990889026	0.5881650976612288	0	0	25.991817785431305	161.30310193295924
60	2	11.612125838059312	83.62288247038413	110.4493378007884	2.8391380990889026	0.5881650976612288	0	0	25.991817785431305	161.30310193295924
60	0	11.612125838059312	83.62288247038413	110.4493378007884	2.8391380990889026	0.5881650976612288	0	0	25.991817785431305	161.30310193295924
60	-2	11.612125838059312	83.62288247038413	110.4493378007884	2.8391380990889026	0.5881650976612288	0	0	25.991817785431305	161.30310193295924
60	-5	11.612125838059312	83.62288247038413	110.4493378007884	2.8391380990889026	0.5881650976612288	0	0	25.991817785431305	161.30310193295924
60	-10	11.612125838059312	83.62288247038413	110.4493378007884	2.8391380990889026	0.5881650976612288	0	0	25.991817785431305	161.30310193295924
30	40	11.612125838059312	83.62288247038413	110.4493378007884	2.8391380990889026	0.5881650976612288	0	0	108.46950087474609	230.20110713144004
30	10	11.612125838059312	83.62288247038413	110.4493378007884	2.8391380990889026	0.5881650976612288	0	0	108.46950087474609	230.20110713144004
30	5	11.612125838059312	83.62288247038413	110.4493378007884	2.8391380990889026	0.5881650976612288	0	0	108.46950087474609	230.20110713144004
30	20	11.612125838059312	83.62288247038413	110.4493378007884	2.8391380990889026	0.5881650976612288	0	0	108.46950087474609	230.20110713144004
30	2	11.612125838059312	83.62288247038413	110.4493378007884	2.8391380990889026	0.5881650976612288	0	0	108.46950087474609	230.20110713144004
30	0	11.612125838059312	83.62288247038413	110.4493378007884	2.8391380990889026	0.5881650976612288	0	0	108.46950087474609	230.20110713144004
30	-2	11.612125838059312	83.62288247038413	110.4493378007884	2.8391380990889026	0.5881650976612288	0	0	108.46950087474609	230.20110713144004
30	-5	11.612125838059312	83.62288247038413	110.4493378007884	2.8391380990889026	0.5881650976612288	0	0	108.46950087474609	230.20110713144004
30	-10	11.612125838059312	83.62288247038413	110.4493378007884	2.8391380990889026	0.5881650976612288	0	0	108.46950087474609	230.20110713144004
30	-20	11.612125838059312	83.62288247038413	110.4493378007884	2.8391380990889026	0.5881650976612288	0	0	108.46950087474609	230.20110713144004
15	40	11.612125838059312	83.62288247038413	110.4493378007884	2.8391380990889026	0.5881650976612288	0	0	222.31097728988945	242.0568981498581
15	20	11.612125838059312	83.62288247038413	110.4493378007884	2.8391380990889026	0.5881650976612288	0	0	222.31097728988945	242.0568981498581
15	5	11.612125838059312	83.62288247038413	110.4493378007884	2.8391380990889026	0.5881650976612288	0	0	222.31097728988945	242.0568981498581
15	10	11.612125838059312	83.62288247038413	110.4493378007884	2.8391380990889026	0.5881650976612288	0	0	222.31097728988945	242.0568981498581
15	2	11.612125838059312	83.62288247038413	110.4493378007884	2.8391380990889026	0.5881650976612288	0	0	222.31097728988945	242.0568981498581
15	0	11.612125838059312	83.62288247038413	110.4493378007884	2.8391380990889026	0.5881650976612288	0	0	222.31097728988945	242.0568981498581
-60	20	11.612125838059312	81.34717189881286	110.65157345001455	2.731943261442612	0.584145111029162	0.33015836511114166	3.2079737117265275	21.541774193074936	69.9656552113155
15	-2	11.612125838059312	83.62288247038413	110.4493378007884	2.8391380990889026	0.5881650976612288	0	0	222.31097728988945	242.0568981498581
15	-5	11.612125838059312	83.62288247038413	110.4493378007884	2.8391380990889026	0.5881650976612288	0	0	222.31097728988945	242.0568981498581
15	-10	11.612125838059312	83.62288247038413	110.4493378007884	2.8391380990889026	0.5881650976612288	0	0	222.31097728988945	242.0568981498581
15	-20	11.612125838059312	83.62288247038413	110.4493378007884	2.8391380990889026	0.5881650976612288	0	0	222.31097728988945	242.0568981498581
15	-40	11.612125838059312	83.62288247038413	110.4493378007884	2.8391380990889026	0.5881650976612288	0	0	222.31097728988945	242.0568981498581
10	40	11.612125838059312	83.62288247038413	110.4493378007884	2.8391380990889026	0.5881650976612288	0	0	306.7059016969317	242.350737751781
10	20	11.612125838059312	83.62288247038413	110.4493378007884	2.8391380990889026	0.5881650976612288	0	0	306.7059016969317	242.350737751781
10	5	11.612125838059312	83.62288247038413	110.4493378007884	2.8391380990889026	0.5881650976612288	0	0	306.7059016969317	242.350737751781
10	10	11.612125838059312	83.62288247038413	110.4493378007884	2.8391380990889026	0.5881650976612288	0	0	306.7059016969317	242.350737751781
10	2	11.612125838059312	83.62288247038413	110.4493378007884	2.8391380990889026	0.5881650976612288	0	0	306.7059016969317	242.350737751781
10	0	11.612125838059312	83.62288247038413	110.4493378007884	2.8391380990889026	0.5881650976612288	0	0	306.7059016969317	242.350737751781
10	-5	11.612125838059312	83.62288247038413	110.4493378007884	2.8391380990889026	0.5881650976612288	0	0	306.7059016969317	242.350737751781
10	-2	11.612125838059312	83.62288247038413	110.4493378007884	2.8391380990889026	0.5881650976612288	0	0	306.7059016969317	242.350737751781
10	-10	11.612125838059312	83.62288247038413	110.4493378007884	2.8391380990889026	0.5881650976612288	0	0	306.7059016969317	242.350737751781
10	-20	11.612125838059312	83.62288247038413	110.4493378007884	2.8391380990889026	0.5881650976612288	0	0	306.7059016969317	242.350737751781
10	-40	11.612125838059312	83.62288247038413	110.4493378007884	2.8391380990889026	0.5881650976612288	0	0	306.7059016969317	242.350737751781
5	20	11.612125838059312	83.62288247038413	110.4493378007884	2.8391380990889026	0.5881650976612288	0	0	313.75400038458673	240.80014190403642
5	40	11.612125838059312	83.62288247038413	110.4493378007884	2.8391380990889026	0.5881650976612288	0	0	313.75400038458673	240.80014190403642
5	5	11.612125838059312	83.62288247038413	110.4493378007884	2.8391380990889026	0.5881650976612288	0	0	313.75400038458673	240.80014190403642
5	10	11.612125838059312	83.62288247038413	110.4493378007884	2.8391380990889026	0.5881650976612288	0	0	313.75400038458673	240.80014190403642
5	2	11.612125838059312	83.62288247038413	110.4493378007884	2.8391380990889026	0.5881650976612288	0	0	313.75400038458673	240.80014190403642
5	-2	11.612125838059312	83.62288247038413	110.4493378007884	2.8391380990889026	0.5881650976612288	0	0	313.75400038458673	240.80014190403642
5	0	11.612125838059312	83.62288247038413	110.4493378007884	2.8391380990889026	0.5881650976612288	0	0	313.75400038458673	240.80014190403642
5	-5	11.612125838059312	83.62288247038413	110.4493378007884	2.8391380990889026	0.5881650976612288	0	0	313.75400038458673	240.80014190403642
5	-10	11.612125838059312	83.62288247038413	110.4493378007884	2.8391380990889026	0.5881650976612288	0	0	313.75400038458673	240.80014190403642
5	-20	11.612125838059312	83.62288247038413	110.4493378007884	2.8391380990889026	0.5881650976612288	0	0	313.75400038458673	240.80014190403642
5	-40	11.612125838059312	83.62288247038413	110.4493378007884	2.8391380990889026	0.5881650976612288	0	0	313.75400038458673	240.80014190403642
2	20	11.612125838059312	83.62288247038413	110.4493378007884	2.8391380990889026	0.5881650976612288	0	0	315.16884005788893	238.98878257848193
2	40	11.612125838059312	83.62288247038413	110.4493378007884	2.8391380990889026	0.5881650976612288	0	0	315.16884005788893	238.98878257848193
2	5	11.612125838059312	83.62288247038413	110.4493378007884	2.8391380990889026	0.5881650976612288	0	0	315.16884005788893	238.98878257848193
2	10	11.612125838059312	83.62288247038413	110.4493378007884	2.8391380990889026	0.5881650976612288	0	0	315.16884005788893	238.98878257848193
2	2	11.612125838059312	83.62288247038413	110.4493378007884	2.8391380990889026	0.5881650976612288	0	0	315.16884005788893	238.98878257848193
2	0	11.612125838059312	83.62288247038413	110.4493378007884	2.8391380990889026	0.5881650976612288	0	0	315.16884005788893	238.98878257848193
2	-2	11.612125838059312	83.62288247038413	110.4493378007884	2.8391380990889026	0.5881650976612288	0	0	315.16884005788893	238.98878257848193
60	40	7.106929050319607	68.37787833098076	111.56806189885127	2.878439249609895	0.5898241127108608	13.807769209364622	90.35244191445992	25.991817785431305	133.33838690043493
2	-5	11.612125838059312	83.62288247038413	110.4493378007884	2.8391380990889026	0.5881650976612288	0	0	315.16884005788893	238.98878257848193
2	-10	11.612125838059312	83.62288247038413	110.4493378007884	2.8391380990889026	0.5881650976612288	0	0	315.16884005788893	238.98878257848193
2	-40	11.612125838059312	83.62288247038413	110.4493378007884	2.8391380990889026	0.5881650976612288	0	0	315.16884005788893	238.98878257848193
2	-20	11.612125838059312	83.62288247038413	110.4493378007884	2.8391380990889026	0.5881650976612288	0	0	315.16884005788893	238.98878257848193
0	40	11.612125838059312	83.62288247038413	110.4493378007884	2.8391380990889026	0.5881650976612288	0	0	314.65562932839464	237.4169115773011
0	20	11.612125838059312	83.62288247038413	110.4493378007884	2.8391380990889026	0.5881650976612288	0	0	314.65562932839464	237.4169115773011
0	5	11.612125838059312	83.62288247038413	110.4493378007884	2.8391380990889026	0.5881650976612288	0	0	314.65562932839464	237.4169115773011
0	10	11.612125838059312	83.62288247038413	110.4493378007884	2.8391380990889026	0.5881650976612288	0	0	314.65562932839464	237.4169115773011
0	2	11.612125838059312	83.62288247038413	110.4493378007884	2.8391380990889026	0.5881650976612288	0	0	314.65562932839464	237.4169115773011
0	-2	11.612125838059312	83.62288247038413	110.4493378007884	2.8391380990889026	0.5881650976612288	0	0	314.65562932839464	237.4169115773011
0	0	11.612125838059312	83.62288247038413	110.4493378007884	2.8391380990889026	0.5881650976612288	0	0	314.65562932839464	237.4169115773011
0	-5	11.612125838059312	83.62288247038413	110.4493378007884	2.8391380990889026	0.5881650976612288	0	0	314.65562932839464	237.4169115773011
0	-10	11.612125838059312	83.62288247038413	110.4493378007884	2.8391380990889026	0.5881650976612288	0	0	314.65562932839464	237.4169115773011
0	-20	11.612125838059312	83.62288247038413	110.4493378007884	2.8391380990889026	0.5881650976612288	0	0	314.65562932839464	237.4169115773011
0	-40	11.612125838059312	83.62288247038413	110.4493378007884	2.8391380990889026	0.5881650976612288	0	0	314.65562932839464	237.4169115773011
-2	40	11.612125838059312	83.62288247038413	110.4493378007884	2.8391380990889026	0.5881650976612288	0	0	300.265867373234	235.555784640635
-2	20	11.612125838059312	83.62288247038413	110.4493378007884	2.8391380990889026	0.5881650976612288	0	0	300.265867373234	235.555784640635
-60	10	11.612125838059312	83.59943770844201	110.45157283446088	2.8378511550910908	0.5880495555519125	0.002454514260010932	0.016329083162579326	21.541774193074936	76.04704141180436
-2	10	11.612125838059312	83.62288247038413	110.4493378007884	2.8391380990889026	0.5881650976612288	0	0	300.265867373234	235.555784640635
-60	-40	10.11039357547941	75.31038091268492	109.59650572044335	2.9292875832789083	0.5770772370739766	2.2233347666129837	20.05952084707916	21.541774193074936	72.66549873995886
-2	5	11.612125838059312	83.62288247038413	110.4493378007884	2.8391380990889026	0.5881650976612288	0	0	300.265867373234	235.555784640635
-2	2	11.612125838059312	83.62288247038413	110.4493378007884	2.8391380990889026	0.5881650976612288	0	0	300.265867373234	235.555784640635
-2	0	11.612125838059312	83.62288247038413	110.4493378007884	2.8391380990889026	0.5881650976612288	0	0	300.265867373234	235.555784640635
-2	-2	11.612125838059312	83.62288247038413	110.4493378007884	2.8391380990889026	0.5881650976612288	0	0	300.265867373234	235.555784640635
-2	-5	11.612125838059312	83.62288247038413	110.4493378007884	2.8391380990889026	0.5881650976612288	0	0	300.265867373234	235.555784640635
-2	-10	11.612125838059312	83.62288247038413	110.4493378007884	2.8391380990889026	0.5881650976612288	0	0	300.265867373234	235.555784640635
-2	-40	11.612125838059312	83.62288247038413	110.4493378007884	2.8391380990889026	0.5881650976612288	0	0	300.265867373234	235.555784640635
-2	-20	11.612125838059312	83.62288247038413	110.4493378007884	2.8391380990889026	0.5881650976612288	0	0	300.265867373234	235.555784640635
-5	40	11.612125838059312	83.62288247038413	110.4493378007884	2.8391380990889026	0.5881650976612288	0	0	263.1788187611562	232.22679519721183
-5	20	11.612125838059312	83.62288247038413	110.4493378007884	2.8391380990889026	0.5881650976612288	0	0	263.1788187611562	232.22679519721183
-5	10	11.612125838059312	83.62288247038413	110.4493378007884	2.8391380990889026	0.5881650976612288	0	0	263.1788187611562	232.22679519721183
-5	5	11.612125838059312	83.62288247038413	110.4493378007884	2.8391380990889026	0.5881650976612288	0	0	263.1788187611562	232.22679519721183
-5	2	11.612125838059312	83.62288247038413	110.4493378007884	2.8391380990889026	0.5881650976612288	0	0	263.1788187611562	232.22679519721183
-5	0	11.612125838059312	83.62288247038413	110.4493378007884	2.8391380990889026	0.5881650976612288	0	0	263.1788187611562	232.22679519721183
-5	-2	11.612125838059312	83.62288247038413	110.4493378007884	2.8391380990889026	0.5881650976612288	0	0	263.1788187611562	232.22679519721183
-5	-5	11.612125838059312	83.62288247038413	110.4493378007884	2.8391380990889026	0.5881650976612288	0	0	263.1788187611562	232.22679519721183
-5	-10	11.612125838059312	83.62288247038413	110.4493378007884	2.8391380990889026	0.5881650976612288	0	0	263.1788187611562	232.22679519721183
-5	-20	11.612125838059312	83.62288247038413	110.4493378007884	2.8391380990889026	0.5881650976612288	0	0	263.1788187611562	232.22679519721183
-5	-40	11.612125838059312	83.62288247038413	110.4493378007884	2.8391380990889026	0.5881650976612288	0	0	263.1788187611562	232.22679519721183
-10	40	11.612125838059312	83.62288247038413	110.4493378007884	2.8391380990889026	0.5881650976612288	0	0	203.07703078002987	225.26929268329894
-10	20	11.612125838059312	83.62288247038413	110.4493378007884	2.8391380990889026	0.5881650976612288	0	0	203.07703078002987	225.26929268329894
-10	10	11.612125838059312	83.62288247038413	110.4493378007884	2.8391380990889026	0.5881650976612288	0	0	203.07703078002987	225.26929268329894
-10	5	11.612125838059312	83.62288247038413	110.4493378007884	2.8391380990889026	0.5881650976612288	0	0	203.07703078002987	225.26929268329894
-10	2	11.612125838059312	83.62288247038413	110.4493378007884	2.8391380990889026	0.5881650976612288	0	0	203.07703078002987	225.26929268329894
-10	0	11.612125838059312	83.62288247038413	110.4493378007884	2.8391380990889026	0.5881650976612288	0	0	203.07703078002987	225.26929268329894
-10	-2	11.612125838059312	83.62288247038413	110.4493378007884	2.8391380990889026	0.5881650976612288	0	0	203.07703078002987	225.26929268329894
-10	-5	11.612125838059312	83.62288247038413	110.4493378007884	2.8391380990889026	0.5881650976612288	0	0	203.07703078002987	225.26929268329894
-10	-10	11.612125838059312	83.62288247038413	110.4493378007884	2.8391380990889026	0.5881650976612288	0	0	203.07703078002987	225.26929268329894
-10	-20	11.612125838059312	83.62288247038413	110.4493378007884	2.8391380990889026	0.5881650976612288	0	0	203.07703078002987	225.26929268329894
-15	40	11.612125838059312	83.62288247038413	110.4493378007884	2.8391380990889026	0.5881650976612288	0	0	154.6635536027069	216.59735483074832
-10	-40	11.612125838059312	83.62288247038413	110.4493378007884	2.8391380990889026	0.5881650976612288	0	0	203.07703078002987	225.26929268329894
-15	5	11.612125838059312	83.62288247038413	110.4493378007884	2.8391380990889026	0.5881650976612288	0	0	154.6635536027069	216.59735483074832
-15	20	11.612125838059312	83.62288247038413	110.4493378007884	2.8391380990889026	0.5881650976612288	0	0	154.6635536027069	216.59735483074832
-15	10	11.612125838059312	83.62288247038413	110.4493378007884	2.8391380990889026	0.5881650976612288	0	0	154.6635536027069	216.59735483074832
-15	2	11.612125838059312	83.62288247038413	110.4493378007884	2.8391380990889026	0.5881650976612288	0	0	154.6635536027069	216.59735483074832
-60	20	10.11039357547941	78.36361606362472	110.90693118438926	2.6084730390122157	0.5819648920666901	0.6938921394657844	9.366906375899537	21.541774193074936	62.709711000772316
-15	0	11.612125838059312	83.62288247038413	110.4493378007884	2.8391380990889026	0.5881650976612288	0	0	154.6635536027069	216.59735483074832
-15	-2	11.612125838059312	83.62288247038413	110.4493378007884	2.8391380990889026	0.5881650976612288	0	0	154.6635536027069	216.59735483074832
-15	-5	11.612125838059312	83.62288247038413	110.4493378007884	2.8391380990889026	0.5881650976612288	0	0	154.6635536027069	216.59735483074832
-15	-10	11.612125838059312	83.62288247038413	110.4493378007884	2.8391380990889026	0.5881650976612288	0	0	154.6635536027069	216.59735483074832
-15	-40	11.612125838059312	83.62288247038413	110.4493378007884	2.8391380990889026	0.5881650976612288	0	0	154.6635536027069	216.59735483074832
-15	-20	11.612125838059312	83.62288247038413	110.4493378007884	2.8391380990889026	0.5881650976612288	0	0	154.6635536027069	216.59735483074832
-30	20	11.612125838059312	83.62288247038413	110.4493378007884	2.8391380990889026	0.5881650976612288	0	0	85.522965133938	181.01704629653312
-30	10	11.612125838059312	83.62288247038413	110.4493378007884	2.8391380990889026	0.5881650976612288	0	0	85.522965133938	181.01704629653312
-30	5	11.612125838059312	83.62288247038413	110.4493378007884	2.8391380990889026	0.5881650976612288	0	0	85.522965133938	181.01704629653312
-30	2	11.612125838059312	83.62288247038413	110.4493378007884	2.8391380990889026	0.5881650976612288	0	0	85.522965133938	181.01704629653312
60	-20	8.608661312899509	77.34493025695282	109.81980284339937	3.0100085811200215	0.5866055436567688	1.4721077407100946	17.91626950044653	25.991817785431305	155.69686005489302
-30	0	11.612125838059312	83.62288247038413	110.4493378007884	2.8391380990889026	0.5881650976612288	0	0	85.522965133938	181.01704629653312
-30	-2	11.612125838059312	83.62288247038413	110.4493378007884	2.8391380990889026	0.5881650976612288	0	0	85.522965133938	181.01704629653312
-30	40	10.11039357547941	82.58012889473852	110.54795763444942	2.791236220126272	0.5855760901737207	0.8833738063788518	0.6970655506697658	85.522965133938	175.4409412446095
-30	-5	11.612125838059312	83.62288247038413	110.4493378007884	2.8391380990889026	0.5881650976612288	0	0	85.522965133938	181.01704629653312
-30	-10	11.612125838059312	83.62288247038413	110.4493378007884	2.8391380990889026	0.5881650976612288	0	0	85.522965133938	181.01704629653312
-30	-20	11.612125838059312	83.62288247038413	110.4493378007884	2.8391380990889026	0.5881650976612288	0	0	85.522965133938	181.01704629653312
-30	-40	11.612125838059312	83.62288247038413	110.4493378007884	2.8391380990889026	0.5881650976612288	0	0	85.522965133938	181.01704629653312
-60	40	10.11039357547941	68.24638009373511	111.77726041005225	2.2532433823222107	0.5827897377230732	1.0818601496724385	6.381798390618085	21.541774193074936	42.4431726633865
15	-40	10.11039357547941	83.62286383276917	110.44933567852392	2.839138725704803	0.588164985236291	0	0	222.31097728988945	242.05689238166434
-60	5	11.612125838059312	83.62288247038413	110.4493378007884	2.8391380990889026	0.5881650976612288	0	0	21.541774193074936	76.1138096443419
30	-40	8.608661312899509	77.53149284962524	109.79144113947228	2.9689474207046302	0.5837966544044821	3.153289829679735	2.194342323171623	108.46950087474609	221.9790383602313
-60	2	11.612125838059312	83.62288247038413	110.4493378007884	2.8391380990889026	0.5881650976612288	0	0	21.541774193074936	76.1138096443419
-60	0	11.612125838059312	83.62288247038413	110.4493378007884	2.8391380990889026	0.5881650976612288	0	0	21.541774193074936	76.1138096443419
-60	-2	11.612125838059312	83.62288247038413	110.4493378007884	2.8391380990889026	0.5881650976612288	0	0	21.541774193074936	76.1138096443419
-60	-5	11.612125838059312	83.62288247038413	110.4493378007884	2.8391380990889026	0.5881650976612288	0	0	21.541774193074936	76.1138096443419
-60	-10	11.612125838059312	83.62288247038413	110.4493378007884	2.8391380990889026	0.5881650976612288	0	0	21.541774193074936	76.1138096443419
-60	-20	11.612125838059312	83.62288247038413	110.4493378007884	2.8391380990889026	0.5881650976612288	0	0	21.541774193074936	76.1138096443419
60	20	10.11039357547941	83.62288247038413	110.4493378007884	2.8391380990889026	0.5881650976612288	0	0	25.991817785431305	161.30310193295924
60	10	10.11039357547941	83.62288247038413	110.4493378007884	2.8391380990889026	0.5881650976612288	0	0	25.991817785431305	161.30310193295924
60	5	10.11039357547941	83.62288247038413	110.4493378007884	2.8391380990889026	0.5881650976612288	0	0	25.991817785431305	161.30310193295924
60	2	10.11039357547941	83.62288247038413	110.4493378007884	2.8391380990889026	0.5881650976612288	0	0	25.991817785431305	161.30310193295924
60	-40	8.608661312899509	63.819357388294904	108.49616142461643	3.2859847053003306	0.5830295836439015	2.5620240980999194	11.975801453633808	25.991817785431305	137.07828591399883
60	0	10.11039357547941	83.62288247038413	110.4493378007884	2.8391380990889026	0.5881650976612288	0	0	25.991817785431305	161.30310193295924
60	-2	10.11039357547941	83.62288247038413	110.4493378007884	2.8391380990889026	0.5881650976612288	0	0	25.991817785431305	161.30310193295924
60	-5	10.11039357547941	83.62288247038413	110.4493378007884	2.8391380990889026	0.5881650976612288	0	0	25.991817785431305	161.30310193295924
60	-10	10.11039357547941	83.62288247038413	110.4493378007884	2.8391380990889026	0.5881650976612288	0	0	25.991817785431305	161.30310193295924
30	40	10.11039357547941	83.62288247038413	110.4493378007884	2.8391380990889026	0.5881650976612288	0	0	108.46950087474609	230.20110713144004
30	20	10.11039357547941	83.62288247038413	110.4493378007884	2.8391380990889026	0.5881650976612288	0	0	108.46950087474609	230.20110713144004
30	10	10.11039357547941	83.62288247038413	110.4493378007884	2.8391380990889026	0.5881650976612288	0	0	108.46950087474609	230.20110713144004
30	5	10.11039357547941	83.62288247038413	110.4493378007884	2.8391380990889026	0.5881650976612288	0	0	108.46950087474609	230.20110713144004
30	2	10.11039357547941	83.62288247038413	110.4493378007884	2.8391380990889026	0.5881650976612288	0	0	108.46950087474609	230.20110713144004
30	0	10.11039357547941	83.62288247038413	110.4493378007884	2.8391380990889026	0.5881650976612288	0	0	108.46950087474609	230.20110713144004
30	-2	10.11039357547941	83.62288247038413	110.4493378007884	2.8391380990889026	0.5881650976612288	0	0	108.46950087474609	230.20110713144004
30	-5	10.11039357547941	83.62288247038413	110.4493378007884	2.8391380990889026	0.5881650976612288	0	0	108.46950087474609	230.20110713144004
30	-10	10.11039357547941	83.62288247038413	110.4493378007884	2.8391380990889026	0.5881650976612288	0	0	108.46950087474609	230.20110713144004
30	-20	10.11039357547941	83.62288247038413	110.4493378007884	2.8391380990889026	0.5881650976612288	0	0	108.46950087474609	230.20110713144004
15	40	10.11039357547941	83.62288247038413	110.4493378007884	2.8391380990889026	0.5881650976612288	0	0	222.31097728988945	242.0568981498581
15	20	10.11039357547941	83.62288247038413	110.4493378007884	2.8391380990889026	0.5881650976612288	0	0	222.31097728988945	242.0568981498581
15	10	10.11039357547941	83.62288247038413	110.4493378007884	2.8391380990889026	0.5881650976612288	0	0	222.31097728988945	242.0568981498581
15	5	10.11039357547941	83.62288247038413	110.4493378007884	2.8391380990889026	0.5881650976612288	0	0	222.31097728988945	242.0568981498581
15	2	10.11039357547941	83.62288247038413	110.4493378007884	2.8391380990889026	0.5881650976612288	0	0	222.31097728988945	242.0568981498581
15	0	10.11039357547941	83.62288247038413	110.4493378007884	2.8391380990889026	0.5881650976612288	0	0	222.31097728988945	242.0568981498581
15	-5	10.11039357547941	83.62288247038413	110.4493378007884	2.8391380990889026	0.5881650976612288	0	0	222.31097728988945	242.0568981498581
15	-10	10.11039357547941	83.62288247038413	110.4493378007884	2.8391380990889026	0.5881650976612288	0	0	222.31097728988945	242.0568981498581
15	-2	10.11039357547941	83.62288247038413	110.4493378007884	2.8391380990889026	0.5881650976612288	0	0	222.31097728988945	242.0568981498581
15	-20	10.11039357547941	83.62288247038413	110.4493378007884	2.8391380990889026	0.5881650976612288	0	0	222.31097728988945	242.0568981498581
10	40	10.11039357547941	83.62288247038413	110.4493378007884	2.8391380990889026	0.5881650976612288	0	0	306.7059016969317	242.350737751781
10	20	10.11039357547941	83.62288247038413	110.4493378007884	2.8391380990889026	0.5881650976612288	0	0	306.7059016969317	242.350737751781
10	10	10.11039357547941	83.62288247038413	110.4493378007884	2.8391380990889026	0.5881650976612288	0	0	306.7059016969317	242.350737751781
10	5	10.11039357547941	83.62288247038413	110.4493378007884	2.8391380990889026	0.5881650976612288	0	0	306.7059016969317	242.350737751781
10	0	10.11039357547941	83.62288247038413	110.4493378007884	2.8391380990889026	0.5881650976612288	0	0	306.7059016969317	242.350737751781
10	2	10.11039357547941	83.62288247038413	110.4493378007884	2.8391380990889026	0.5881650976612288	0	0	306.7059016969317	242.350737751781
10	-2	10.11039357547941	83.62288247038413	110.4493378007884	2.8391380990889026	0.5881650976612288	0	0	306.7059016969317	242.350737751781
10	-5	10.11039357547941	83.62288247038413	110.4493378007884	2.8391380990889026	0.5881650976612288	0	0	306.7059016969317	242.350737751781
10	-10	10.11039357547941	83.62288247038413	110.4493378007884	2.8391380990889026	0.5881650976612288	0	0	306.7059016969317	242.350737751781
10	-20	10.11039357547941	83.62288247038413	110.4493378007884	2.8391380990889026	0.5881650976612288	0	0	306.7059016969317	242.350737751781
10	-40	10.11039357547941	83.62288247038413	110.4493378007884	2.8391380990889026	0.5881650976612288	0	0	306.7059016969317	242.350737751781
5	40	10.11039357547941	83.62288247038413	110.4493378007884	2.8391380990889026	0.5881650976612288	0	0	313.75400038458673	240.80014190403642
5	20	10.11039357547941	83.62288247038413	110.4493378007884	2.8391380990889026	0.5881650976612288	0	0	313.75400038458673	240.80014190403642
5	10	10.11039357547941	83.62288247038413	110.4493378007884	2.8391380990889026	0.5881650976612288	0	0	313.75400038458673	240.80014190403642
5	5	10.11039357547941	83.62288247038413	110.4493378007884	2.8391380990889026	0.5881650976612288	0	0	313.75400038458673	240.80014190403642
5	2	10.11039357547941	83.62288247038413	110.4493378007884	2.8391380990889026	0.5881650976612288	0	0	313.75400038458673	240.80014190403642
5	0	10.11039357547941	83.62288247038413	110.4493378007884	2.8391380990889026	0.5881650976612288	0	0	313.75400038458673	240.80014190403642
5	-5	10.11039357547941	83.62288247038413	110.4493378007884	2.8391380990889026	0.5881650976612288	0	0	313.75400038458673	240.80014190403642
5	-2	10.11039357547941	83.62288247038413	110.4493378007884	2.8391380990889026	0.5881650976612288	0	0	313.75400038458673	240.80014190403642
5	-10	10.11039357547941	83.62288247038413	110.4493378007884	2.8391380990889026	0.5881650976612288	0	0	313.75400038458673	240.80014190403642
5	-20	10.11039357547941	83.62288247038413	110.4493378007884	2.8391380990889026	0.5881650976612288	0	0	313.75400038458673	240.80014190403642
5	-40	10.11039357547941	83.62288247038413	110.4493378007884	2.8391380990889026	0.5881650976612288	0	0	313.75400038458673	240.80014190403642
2	40	10.11039357547941	83.62288247038413	110.4493378007884	2.8391380990889026	0.5881650976612288	0	0	315.16884005788893	238.98878257848193
2	10	10.11039357547941	83.62288247038413	110.4493378007884	2.8391380990889026	0.5881650976612288	0	0	315.16884005788893	238.98878257848193
2	5	10.11039357547941	83.62288247038413	110.4493378007884	2.8391380990889026	0.5881650976612288	0	0	315.16884005788893	238.98878257848193
2	20	10.11039357547941	83.62288247038413	110.4493378007884	2.8391380990889026	0.5881650976612288	0	0	315.16884005788893	238.98878257848193
2	2	10.11039357547941	83.62288247038413	110.4493378007884	2.8391380990889026	0.5881650976612288	0	0	315.16884005788893	238.98878257848193
2	0	10.11039357547941	83.62288247038413	110.4493378007884	2.8391380990889026	0.5881650976612288	0	0	315.16884005788893	238.98878257848193
-60	10	10.11039357547941	82.79484264816385	110.52264535088042	2.7972491296097073	0.5857237656380057	0.12302209816484865	1.560592478910894	21.541774193074936	73.80107934093444
2	-2	10.11039357547941	83.62288247038413	110.4493378007884	2.8391380990889026	0.5881650976612288	0	0	315.16884005788893	238.98878257848193
2	-5	10.11039357547941	83.62288247038413	110.4493378007884	2.8391380990889026	0.5881650976612288	0	0	315.16884005788893	238.98878257848193
2	-10	10.11039357547941	83.62288247038413	110.4493378007884	2.8391380990889026	0.5881650976612288	0	0	315.16884005788893	238.98878257848193
2	-40	10.11039357547941	83.62288247038413	110.4493378007884	2.8391380990889026	0.5881650976612288	0	0	315.16884005788893	238.98878257848193
2	-20	10.11039357547941	83.62288247038413	110.4493378007884	2.8391380990889026	0.5881650976612288	0	0	315.16884005788893	238.98878257848193
0	40	10.11039357547941	83.62288247038413	110.4493378007884	2.8391380990889026	0.5881650976612288	0	0	314.65562932839464	237.4169115773011
0	20	10.11039357547941	83.62288247038413	110.4493378007884	2.8391380990889026	0.5881650976612288	0	0	314.65562932839464	237.4169115773011
0	10	10.11039357547941	83.62288247038413	110.4493378007884	2.8391380990889026	0.5881650976612288	0	0	314.65562932839464	237.4169115773011
0	2	10.11039357547941	83.62288247038413	110.4493378007884	2.8391380990889026	0.5881650976612288	0	0	314.65562932839464	237.4169115773011
0	5	10.11039357547941	83.62288247038413	110.4493378007884	2.8391380990889026	0.5881650976612288	0	0	314.65562932839464	237.4169115773011
0	0	10.11039357547941	83.62288247038413	110.4493378007884	2.8391380990889026	0.5881650976612288	0	0	314.65562932839464	237.4169115773011
0	-2	10.11039357547941	83.62288247038413	110.4493378007884	2.8391380990889026	0.5881650976612288	0	0	314.65562932839464	237.4169115773011
0	-10	10.11039357547941	83.62288247038413	110.4493378007884	2.8391380990889026	0.5881650976612288	0	0	314.65562932839464	237.4169115773011
0	-5	10.11039357547941	83.62288247038413	110.4493378007884	2.8391380990889026	0.5881650976612288	0	0	314.65562932839464	237.4169115773011
0	-20	10.11039357547941	83.62288247038413	110.4493378007884	2.8391380990889026	0.5881650976612288	0	0	314.65562932839464	237.4169115773011
0	-40	10.11039357547941	83.62288247038413	110.4493378007884	2.8391380990889026	0.5881650976612288	0	0	314.65562932839464	237.4169115773011
-2	40	10.11039357547941	83.62288247038413	110.4493378007884	2.8391380990889026	0.5881650976612288	0	0	300.265867373234	235.555784640635
-30	-40	10.11039357547941	83.60938732353922	110.44781857537708	2.8391238102260985	0.5880928267974947	0	0	85.522965133938	180.98982021471917
-2	20	10.11039357547941	83.62288247038413	110.4493378007884	2.8391380990889026	0.5881650976612288	0	0	300.265867373234	235.555784640635
-2	10	10.11039357547941	83.62288247038413	110.4493378007884	2.8391380990889026	0.5881650976612288	0	0	300.265867373234	235.555784640635
-2	5	10.11039357547941	83.62288247038413	110.4493378007884	2.8391380990889026	0.5881650976612288	0	0	300.265867373234	235.555784640635
-2	2	10.11039357547941	83.62288247038413	110.4493378007884	2.8391380990889026	0.5881650976612288	0	0	300.265867373234	235.555784640635
-2	0	10.11039357547941	83.62288247038413	110.4493378007884	2.8391380990889026	0.5881650976612288	0	0	300.265867373234	235.555784640635
-2	-5	10.11039357547941	83.62288247038413	110.4493378007884	2.8391380990889026	0.5881650976612288	0	0	300.265867373234	235.555784640635
-2	-2	10.11039357547941	83.62288247038413	110.4493378007884	2.8391380990889026	0.5881650976612288	0	0	300.265867373234	235.555784640635
-2	-10	10.11039357547941	83.62288247038413	110.4493378007884	2.8391380990889026	0.5881650976612288	0	0	300.265867373234	235.555784640635
-60	5	10.11039357547941	83.58191550017023	110.45317628982286	2.836901387116967	0.5879660238266011	0.004747633940799331	0.061516377840714474	21.541774193074936	75.99745681698325
-2	-20	10.11039357547941	83.62288247038413	110.4493378007884	2.8391380990889026	0.5881650976612288	0	0	300.265867373234	235.555784640635
-2	-40	10.11039357547941	83.62288247038413	110.4493378007884	2.8391380990889026	0.5881650976612288	0	0	300.265867373234	235.555784640635
-5	40	10.11039357547941	83.62288247038413	110.4493378007884	2.8391380990889026	0.5881650976612288	0	0	263.1788187611562	232.22679519721183
-5	20	10.11039357547941	83.62288247038413	110.4493378007884	2.8391380990889026	0.5881650976612288	0	0	263.1788187611562	232.22679519721183
-5	10	10.11039357547941	83.62288247038413	110.4493378007884	2.8391380990889026	0.5881650976612288	0	0	263.1788187611562	232.22679519721183
-5	5	10.11039357547941	83.62288247038413	110.4493378007884	2.8391380990889026	0.5881650976612288	0	0	263.1788187611562	232.22679519721183
-5	2	10.11039357547941	83.62288247038413	110.4493378007884	2.8391380990889026	0.5881650976612288	0	0	263.1788187611562	232.22679519721183
-5	0	10.11039357547941	83.62288247038413	110.4493378007884	2.8391380990889026	0.5881650976612288	0	0	263.1788187611562	232.22679519721183
-5	-2	10.11039357547941	83.62288247038413	110.4493378007884	2.8391380990889026	0.5881650976612288	0	0	263.1788187611562	232.22679519721183
-5	-5	10.11039357547941	83.62288247038413	110.4493378007884	2.8391380990889026	0.5881650976612288	0	0	263.1788187611562	232.22679519721183
-5	-10	10.11039357547941	83.62288247038413	110.4493378007884	2.8391380990889026	0.5881650976612288	0	0	263.1788187611562	232.22679519721183
-5	-20	10.11039357547941	83.62288247038413	110.4493378007884	2.8391380990889026	0.5881650976612288	0	0	263.1788187611562	232.22679519721183
-5	-40	10.11039357547941	83.62288247038413	110.4493378007884	2.8391380990889026	0.5881650976612288	0	0	263.1788187611562	232.22679519721183
-10	40	10.11039357547941	83.62288247038413	110.4493378007884	2.8391380990889026	0.5881650976612288	0	0	203.07703078002987	225.26929268329894
-10	20	10.11039357547941	83.62288247038413	110.4493378007884	2.8391380990889026	0.5881650976612288	0	0	203.07703078002987	225.26929268329894
-10	10	10.11039357547941	83.62288247038413	110.4493378007884	2.8391380990889026	0.5881650976612288	0	0	203.07703078002987	225.26929268329894
-10	5	10.11039357547941	83.62288247038413	110.4493378007884	2.8391380990889026	0.5881650976612288	0	0	203.07703078002987	225.26929268329894
-10	2	10.11039357547941	83.62288247038413	110.4493378007884	2.8391380990889026	0.5881650976612288	0	0	203.07703078002987	225.26929268329894
-10	0	10.11039357547941	83.62288247038413	110.4493378007884	2.8391380990889026	0.5881650976612288	0	0	203.07703078002987	225.26929268329894
15	-40	8.608661312899509	81.43489617569712	110.20639016346692	2.88445984747615	0.5845143945653525	2.9443022997678727	0.931574761066864	222.31097728988945	239.2115643689852
-10	-2	10.11039357547941	83.62288247038413	110.4493378007884	2.8391380990889026	0.5881650976612288	0	0	203.07703078002987	225.26929268329894
-10	-5	10.11039357547941	83.62288247038413	110.4493378007884	2.8391380990889026	0.5881650976612288	0	0	203.07703078002987	225.26929268329894
-10	-20	10.11039357547941	83.62288247038413	110.4493378007884	2.8391380990889026	0.5881650976612288	0	0	203.07703078002987	225.26929268329894
-10	-10	10.11039357547941	83.62288247038413	110.4493378007884	2.8391380990889026	0.5881650976612288	0	0	203.07703078002987	225.26929268329894
-10	-40	10.11039357547941	83.62288247038413	110.4493378007884	2.8391380990889026	0.5881650976612288	0	0	203.07703078002987	225.26929268329894
-15	40	10.11039357547941	83.62288247038413	110.4493378007884	2.8391380990889026	0.5881650976612288	0	0	154.6635536027069	216.59735483074832
-15	20	10.11039357547941	83.62288247038413	110.4493378007884	2.8391380990889026	0.5881650976612288	0	0	154.6635536027069	216.59735483074832
-15	10	10.11039357547941	83.62288247038413	110.4493378007884	2.8391380990889026	0.5881650976612288	0	0	154.6635536027069	216.59735483074832
-15	5	10.11039357547941	83.62288247038413	110.4493378007884	2.8391380990889026	0.5881650976612288	0	0	154.6635536027069	216.59735483074832
-15	2	10.11039357547941	83.62288247038413	110.4493378007884	2.8391380990889026	0.5881650976612288	0	0	154.6635536027069	216.59735483074832
-15	0	10.11039357547941	83.62288247038413	110.4493378007884	2.8391380990889026	0.5881650976612288	0	0	154.6635536027069	216.59735483074832
-15	-2	10.11039357547941	83.62288247038413	110.4493378007884	2.8391380990889026	0.5881650976612288	0	0	154.6635536027069	216.59735483074832
-15	-5	10.11039357547941	83.62288247038413	110.4493378007884	2.8391380990889026	0.5881650976612288	0	0	154.6635536027069	216.59735483074832
-15	-10	10.11039357547941	83.62288247038413	110.4493378007884	2.8391380990889026	0.5881650976612288	0	0	154.6635536027069	216.59735483074832
-15	-20	10.11039357547941	83.62288247038413	110.4493378007884	2.8391380990889026	0.5881650976612288	0	0	154.6635536027069	216.59735483074832
-15	-40	10.11039357547941	83.62288247038413	110.4493378007884	2.8391380990889026	0.5881650976612288	0	0	154.6635536027069	216.59735483074832
10	-40	8.608661312899509	82.3217786779244	110.30433497381433	2.8651579780533036	0.5847598519093982	2.778459360481254	0.6336408007604571	306.7059016969317	240.64074089934599
-30	20	10.11039357547941	83.62288247038413	110.4493378007884	2.8391380990889026	0.5881650976612288	0	0	85.522965133938	181.01704629653312
-30	10	10.11039357547941	83.62288247038413	110.4493378007884	2.8391380990889026	0.5881650976612288	0	0	85.522965133938	181.01704629653312
-30	5	10.11039357547941	83.62288247038413	110.4493378007884	2.8391380990889026	0.5881650976612288	0	0	85.522965133938	181.01704629653312
-30	0	10.11039357547941	83.62288247038413	110.4493378007884	2.8391380990889026	0.5881650976612288	0	0	85.522965133938	181.01704629653312
-30	2	10.11039357547941	83.62288247038413	110.4493378007884	2.8391380990889026	0.5881650976612288	0	0	85.522965133938	181.01704629653312
-30	-2	10.11039357547941	83.62288247038413	110.4493378007884	2.8391380990889026	0.5881650976612288	0	0	85.522965133938	181.01704629653312
-30	-5	10.11039357547941	83.62288247038413	110.4493378007884	2.8391380990889026	0.5881650976612288	0	0	85.522965133938	181.01704629653312
-30	-10	10.11039357547941	83.62288247038413	110.4493378007884	2.8391380990889026	0.5881650976612288	0	0	85.522965133938	181.01704629653312
-30	-20	10.11039357547941	83.62288247038413	110.4493378007884	2.8391380990889026	0.5881650976612288	0	0	85.522965133938	181.01704629653312
60	20	8.608661312899509	83.36841307290845	110.46411511249744	2.8472550278640067	0.587548605894714	0.12182438641220322	0.2573519721002712	25.991817785431305	161.106084560056
60	-10	8.608661312899509	83.49836353964068	110.43593889097491	2.843206313985278	0.5876888430451374	0.037743541542203864	0.2887085791252939	25.991817785431305	161.19831887391197
5	-40	8.608661312899509	82.89050891355657	110.36744116872951	2.852719704340521	0.5855358003959994	2.1983123022832904	0.25763225435629405	313.75400038458673	239.79370889094935
2	-40	8.608661312899509	83.09741723281938	110.3904562734501	2.848151363318186	0.5860471330550723	1.911027674443636	0.15317576633811752	315.16884005788893	238.229417459556
60	-20	7.106929050319607	71.87132228105956	109.30439723330672	3.144519427412718	0.5855521128459807	2.511239718185499	34.37122177796001	25.991817785431305	149.44654809279712
-60	2	10.11039357547941	83.62288247038413	110.4493378007884	2.8391380990889026	0.5881650976612288	0	0	21.541774193074936	76.1138096443419
-60	0	10.11039357547941	83.62288247038413	110.4493378007884	2.8391380990889026	0.5881650976612288	0	0	21.541774193074936	76.1138096443419
-60	-2	10.11039357547941	83.62288247038413	110.4493378007884	2.8391380990889026	0.5881650976612288	0	0	21.541774193074936	76.1138096443419
-60	-5	10.11039357547941	83.62288247038413	110.4493378007884	2.8391380990889026	0.5881650976612288	0	0	21.541774193074936	76.1138096443419
-60	-40	8.608661312899509	71.49091784304639	109.23075478770816	2.9754107540117882	0.574351935079805	2.9357507724763607	25.797271793544382	21.541774193074936	70.79759967346236
-60	-10	10.11039357547941	83.62288247038413	110.4493378007884	2.8391380990889026	0.5881650976612288	0	0	21.541774193074936	76.1138096443419
-60	-20	10.11039357547941	83.62288247038413	110.4493378007884	2.8391380990889026	0.5881650976612288	0	0	21.541774193074936	76.1138096443419
-2	-40	8.608661312899509	83.2617536379513	110.40880140589725	2.844370973610072	0.5865698294433263	1.5825997766975373	0.09052057139614067	300.265867373234	234.97859577972085
0	-40	8.608661312899509	83.19329933600307	110.40114846869737	2.8459833233541003	0.5863371199545078	1.728339140510613	0.11062045856263368	314.65562932839464	236.76674252507047
60	10	8.608661312899509	83.62288247038413	110.4493378007884	2.8391380990889026	0.5881650976612288	0	0	25.991817785431305	161.30310193295924
60	5	8.608661312899509	83.62288247038413	110.4493378007884	2.8391380990889026	0.5881650976612288	0	0	25.991817785431305	161.30310193295924
60	2	8.608661312899509	83.62288247038413	110.4493378007884	2.8391380990889026	0.5881650976612288	0	0	25.991817785431305	161.30310193295924
60	0	8.608661312899509	83.62288247038413	110.4493378007884	2.8391380990889026	0.5881650976612288	0	0	25.991817785431305	161.30310193295924
60	-2	8.608661312899509	83.62288247038413	110.4493378007884	2.8391380990889026	0.5881650976612288	0	0	25.991817785431305	161.30310193295924
-15	40	8.608661312899509	83.15084387852887	110.49461457027668	2.8176679295821523	0.5864177076602662	1.1968810993853194	0.20958787065180545	154.6635536027069	213.6878696040109
60	-5	8.608661312899509	83.62288247038413	110.4493378007884	2.8391380990889026	0.5881650976612288	0	0	25.991817785431305	161.30310193295924
-60	40	8.608661312899509	65.24798831594099	112.00570652654083	2.1569688991033735	0.5818137480753599	1.8458245635052162	11.646647340160095	21.541774193074936	37.49273141313315
30	40	8.608661312899509	83.62288247038413	110.4493378007884	2.8391380990889026	0.5881650976612288	0	0	108.46950087474609	230.20110713144004
30	10	8.608661312899509	83.62288247038413	110.4493378007884	2.8391380990889026	0.5881650976612288	0	0	108.46950087474609	230.20110713144004
30	20	8.608661312899509	83.62288247038413	110.4493378007884	2.8391380990889026	0.5881650976612288	0	0	108.46950087474609	230.20110713144004
30	5	8.608661312899509	83.62288247038413	110.4493378007884	2.8391380990889026	0.5881650976612288	0	0	108.46950087474609	230.20110713144004
30	0	8.608661312899509	83.62288247038413	110.4493378007884	2.8391380990889026	0.5881650976612288	0	0	108.46950087474609	230.20110713144004
30	2	8.608661312899509	83.62288247038413	110.4493378007884	2.8391380990889026	0.5881650976612288	0	0	108.46950087474609	230.20110713144004
30	-2	8.608661312899509	83.62288247038413	110.4493378007884	2.8391380990889026	0.5881650976612288	0	0	108.46950087474609	230.20110713144004
30	-5	8.608661312899509	83.62288247038413	110.4493378007884	2.8391380990889026	0.5881650976612288	0	0	108.46950087474609	230.20110713144004
30	-10	8.608661312899509	83.62288247038413	110.4493378007884	2.8391380990889026	0.5881650976612288	0	0	108.46950087474609	230.20110713144004
15	40	8.608661312899509	83.62288247038413	110.4493378007884	2.8391380990889026	0.5881650976612288	0	0	222.31097728988945	242.0568981498581
30	-20	8.608661312899509	83.62288247038413	110.4493378007884	2.8391380990889026	0.5881650976612288	0	0	108.46950087474609	230.20110713144004
15	20	8.608661312899509	83.62288247038413	110.4493378007884	2.8391380990889026	0.5881650976612288	0	0	222.31097728988945	242.0568981498581
15	10	8.608661312899509	83.62288247038413	110.4493378007884	2.8391380990889026	0.5881650976612288	0	0	222.31097728988945	242.0568981498581
15	5	8.608661312899509	83.62288247038413	110.4493378007884	2.8391380990889026	0.5881650976612288	0	0	222.31097728988945	242.0568981498581
15	2	8.608661312899509	83.62288247038413	110.4493378007884	2.8391380990889026	0.5881650976612288	0	0	222.31097728988945	242.0568981498581
15	0	8.608661312899509	83.62288247038413	110.4493378007884	2.8391380990889026	0.5881650976612288	0	0	222.31097728988945	242.0568981498581
15	-2	8.608661312899509	83.62288247038413	110.4493378007884	2.8391380990889026	0.5881650976612288	0	0	222.31097728988945	242.0568981498581
15	-5	8.608661312899509	83.62288247038413	110.4493378007884	2.8391380990889026	0.5881650976612288	0	0	222.31097728988945	242.0568981498581
15	-10	8.608661312899509	83.62288247038413	110.4493378007884	2.8391380990889026	0.5881650976612288	0	0	222.31097728988945	242.0568981498581
15	-20	8.608661312899509	83.62288247038413	110.4493378007884	2.8391380990889026	0.5881650976612288	0	0	222.31097728988945	242.0568981498581
-30	-40	8.608661312899509	82.18708813888362	110.29325029562628	2.851048674296703	0.5839289320352541	1.7388292927801623	1.784037597113492	85.522965133938	178.9308338964197
10	40	8.608661312899509	83.62288247038413	110.4493378007884	2.8391380990889026	0.5881650976612288	0	0	306.7059016969317	242.350737751781
10	20	8.608661312899509	83.62288247038413	110.4493378007884	2.8391380990889026	0.5881650976612288	0	0	306.7059016969317	242.350737751781
10	10	8.608661312899509	83.62288247038413	110.4493378007884	2.8391380990889026	0.5881650976612288	0	0	306.7059016969317	242.350737751781
10	5	8.608661312899509	83.62288247038413	110.4493378007884	2.8391380990889026	0.5881650976612288	0	0	306.7059016969317	242.350737751781
10	2	8.608661312899509	83.62288247038413	110.4493378007884	2.8391380990889026	0.5881650976612288	0	0	306.7059016969317	242.350737751781
10	0	8.608661312899509	83.62288247038413	110.4493378007884	2.8391380990889026	0.5881650976612288	0	0	306.7059016969317	242.350737751781
10	-2	8.608661312899509	83.62288247038413	110.4493378007884	2.8391380990889026	0.5881650976612288	0	0	306.7059016969317	242.350737751781
-30	40	8.608661312899509	78.4057252465698	110.93899000807454	2.6379378130674724	0.5832352239442595	2.7878042246854524	3.621110290923569	85.522965133938	156.2550480076335
10	-5	8.608661312899509	83.62288247038413	110.4493378007884	2.8391380990889026	0.5881650976612288	0	0	306.7059016969317	242.350737751781
10	-10	8.608661312899509	83.62288247038413	110.4493378007884	2.8391380990889026	0.5881650976612288	0	0	306.7059016969317	242.350737751781
10	-20	8.608661312899509	83.62288247038413	110.4493378007884	2.8391380990889026	0.5881650976612288	0	0	306.7059016969317	242.350737751781
5	40	8.608661312899509	83.62288247038413	110.4493378007884	2.8391380990889026	0.5881650976612288	0	0	313.75400038458673	240.80014190403642
5	20	8.608661312899509	83.62288247038413	110.4493378007884	2.8391380990889026	0.5881650976612288	0	0	313.75400038458673	240.80014190403642
5	5	8.608661312899509	83.62288247038413	110.4493378007884	2.8391380990889026	0.5881650976612288	0	0	313.75400038458673	240.80014190403642
5	10	8.608661312899509	83.62288247038413	110.4493378007884	2.8391380990889026	0.5881650976612288	0	0	313.75400038458673	240.80014190403642
5	2	8.608661312899509	83.62288247038413	110.4493378007884	2.8391380990889026	0.5881650976612288	0	0	313.75400038458673	240.80014190403642
-15	-40	8.608661312899509	83.24862955052637	110.40769237428142	2.841827759526308	0.5866069443503076	0.9539853579933791	0.20126319603377185	154.6635536027069	215.87783017741012
5	0	8.608661312899509	83.62288247038413	110.4493378007884	2.8391380990889026	0.5881650976612288	0	0	313.75400038458673	240.80014190403642
5	-2	8.608661312899509	83.62288247038413	110.4493378007884	2.8391380990889026	0.5881650976612288	0	0	313.75400038458673	240.80014190403642
5	-5	8.608661312899509	83.62288247038413	110.4493378007884	2.8391380990889026	0.5881650976612288	0	0	313.75400038458673	240.80014190403642
5	-10	8.608661312899509	83.62288247038413	110.4493378007884	2.8391380990889026	0.5881650976612288	0	0	313.75400038458673	240.80014190403642
5	-20	8.608661312899509	83.62288247038413	110.4493378007884	2.8391380990889026	0.5881650976612288	0	0	313.75400038458673	240.80014190403642
2	20	8.608661312899509	83.62288247038413	110.4493378007884	2.8391380990889026	0.5881650976612288	0	0	315.16884005788893	238.98878257848193
2	40	8.608661312899509	83.62288247038413	110.4493378007884	2.8391380990889026	0.5881650976612288	0	0	315.16884005788893	238.98878257848193
-5	-40	8.608661312899509	83.32212146195072	110.41558190986544	2.84277128528523	0.5868008177951346	1.382336356963418	0.08267233144172025	263.1788187611562	231.703040339704
2	10	8.608661312899509	83.62288247038413	110.4493378007884	2.8391380990889026	0.5881650976612288	0	0	315.16884005788893	238.98878257848193
2	5	8.608661312899509	83.62288247038413	110.4493378007884	2.8391380990889026	0.5881650976612288	0	0	315.16884005788893	238.98878257848193
2	2	8.608661312899509	83.62288247038413	110.4493378007884	2.8391380990889026	0.5881650976612288	0	0	315.16884005788893	238.98878257848193
-60	20	8.608661312899509	74.14152207138159	111.26858928145444	2.4500393459173972	0.58007031938567	1.120124541617205	19.42396830126783	21.541774193074936	53.57941190072121
2	0	8.608661312899509	83.62288247038413	110.4493378007884	2.8391380990889026	0.5881650976612288	0	0	315.16884005788893	238.98878257848193
2	-2	8.608661312899509	83.62288247038413	110.4493378007884	2.8391380990889026	0.5881650976612288	0	0	315.16884005788893	238.98878257848193
2	-5	8.608661312899509	83.62288247038413	110.4493378007884	2.8391380990889026	0.5881650976612288	0	0	315.16884005788893	238.98878257848193
2	-10	8.608661312899509	83.62288247038413	110.4493378007884	2.8391380990889026	0.5881650976612288	0	0	315.16884005788893	238.98878257848193
2	-20	8.608661312899509	83.62288247038413	110.4493378007884	2.8391380990889026	0.5881650976612288	0	0	315.16884005788893	238.98878257848193
0	40	8.608661312899509	83.62288247038413	110.4493378007884	2.8391380990889026	0.5881650976612288	0	0	314.65562932839464	237.4169115773011
-10	-40	8.608661312899509	83.33327800738708	110.41693589614819	2.841650792473229	0.5868771694826125	1.1132425875960248	0.11431199407558293	203.07703078002987	224.71398254189785
0	20	8.608661312899509	83.62288247038413	110.4493378007884	2.8391380990889026	0.5881650976612288	0	0	314.65562932839464	237.4169115773011
0	10	8.608661312899509	83.62288247038413	110.4493378007884	2.8391380990889026	0.5881650976612288	0	0	314.65562932839464	237.4169115773011
0	5	8.608661312899509	83.62288247038413	110.4493378007884	2.8391380990889026	0.5881650976612288	0	0	314.65562932839464	237.4169115773011
0	2	8.608661312899509	83.62288247038413	110.4493378007884	2.8391380990889026	0.5881650976612288	0	0	314.65562932839464	237.4169115773011
0	0	8.608661312899509	83.62288247038413	110.4493378007884	2.8391380990889026	0.5881650976612288	0	0	314.65562932839464	237.4169115773011
0	-5	8.608661312899509	83.62288247038413	110.4493378007884	2.8391380990889026	0.5881650976612288	0	0	314.65562932839464	237.4169115773011
0	-2	8.608661312899509	83.62288247038413	110.4493378007884	2.8391380990889026	0.5881650976612288	0	0	314.65562932839464	237.4169115773011
0	-10	8.608661312899509	83.62288247038413	110.4493378007884	2.8391380990889026	0.5881650976612288	0	0	314.65562932839464	237.4169115773011
0	-20	8.608661312899509	83.62288247038413	110.4493378007884	2.8391380990889026	0.5881650976612288	0	0	314.65562932839464	237.4169115773011
-2	40	8.608661312899509	83.62288247038413	110.4493378007884	2.8391380990889026	0.5881650976612288	0	0	300.265867373234	235.555784640635
-2	20	8.608661312899509	83.62288247038413	110.4493378007884	2.8391380990889026	0.5881650976612288	0	0	300.265867373234	235.555784640635
-2	5	8.608661312899509	83.62288247038413	110.4493378007884	2.8391380990889026	0.5881650976612288	0	0	300.265867373234	235.555784640635
-2	10	8.608661312899509	83.62288247038413	110.4493378007884	2.8391380990889026	0.5881650976612288	0	0	300.265867373234	235.555784640635
-2	2	8.608661312899509	83.62288247038413	110.4493378007884	2.8391380990889026	0.5881650976612288	0	0	300.265867373234	235.555784640635
-10	40	8.608661312899509	83.58313410907238	110.45320540463743	2.837131003610058	0.587960125200353	0.10603003760427226	0.00789015801127933	203.07703078002987	224.99998000197
-2	0	8.608661312899509	83.62288247038413	110.4493378007884	2.8391380990889026	0.5881650976612288	0	0	300.265867373234	235.555784640635
-2	-2	8.608661312899509	83.62288247038413	110.4493378007884	2.8391380990889026	0.5881650976612288	0	0	300.265867373234	235.555784640635
-2	-5	8.608661312899509	83.62288247038413	110.4493378007884	2.8391380990889026	0.5881650976612288	0	0	300.265867373234	235.555784640635
-2	-10	8.608661312899509	83.62288247038413	110.4493378007884	2.8391380990889026	0.5881650976612288	0	0	300.265867373234	235.555784640635
60	-40	7.106929050319607	60.29037491193651	108.18970809666125	3.371201855592768	0.5823678778045964	2.921041411784564	14.153163620762887	25.991817785431305	132.03268372465536
-2	-20	8.608661312899509	83.62288247038413	110.4493378007884	2.8391380990889026	0.5881650976612288	0	0	300.265867373234	235.555784640635
-60	10	8.608661312899509	80.30620471756629	110.7274726583058	2.684035566872613	0.5819822825437263	0.429214523118226	8.835085101504005	21.541774193074936	67.29710887141137
-5	40	8.608661312899509	83.62288247038413	110.4493378007884	2.8391380990889026	0.5881650976612288	0	0	263.1788187611562	232.22679519721183
-5	20	8.608661312899509	83.62288247038413	110.4493378007884	2.8391380990889026	0.5881650976612288	0	0	263.1788187611562	232.22679519721183
-5	10	8.608661312899509	83.62288247038413	110.4493378007884	2.8391380990889026	0.5881650976612288	0	0	263.1788187611562	232.22679519721183
-5	5	8.608661312899509	83.62288247038413	110.4493378007884	2.8391380990889026	0.5881650976612288	0	0	263.1788187611562	232.22679519721183
-5	2	8.608661312899509	83.62288247038413	110.4493378007884	2.8391380990889026	0.5881650976612288	0	0	263.1788187611562	232.22679519721183
-5	0	8.608661312899509	83.62288247038413	110.4493378007884	2.8391380990889026	0.5881650976612288	0	0	263.1788187611562	232.22679519721183
-5	-2	8.608661312899509	83.62288247038413	110.4493378007884	2.8391380990889026	0.5881650976612288	0	0	263.1788187611562	232.22679519721183
-5	-5	8.608661312899509	83.62288247038413	110.4493378007884	2.8391380990889026	0.5881650976612288	0	0	263.1788187611562	232.22679519721183
-5	-10	8.608661312899509	83.62288247038413	110.4493378007884	2.8391380990889026	0.5881650976612288	0	0	263.1788187611562	232.22679519721183
-5	-20	8.608661312899509	83.62288247038413	110.4493378007884	2.8391380990889026	0.5881650976612288	0	0	263.1788187611562	232.22679519721183
60	20	7.106929050319607	81.47455710774504	110.5606745073998	2.902398707837025	0.5867999368633993	0.5735617346633552	4.036201813657732	25.991817785431305	159.6398626330652
-10	20	8.608661312899509	83.62288247038413	110.4493378007884	2.8391380990889026	0.5881650976612288	0	0	203.07703078002987	225.26929268329894
-10	5	8.608661312899509	83.62288247038413	110.4493378007884	2.8391380990889026	0.5881650976612288	0	0	203.07703078002987	225.26929268329894
-10	10	8.608661312899509	83.62288247038413	110.4493378007884	2.8391380990889026	0.5881650976612288	0	0	203.07703078002987	225.26929268329894
-10	2	8.608661312899509	83.62288247038413	110.4493378007884	2.8391380990889026	0.5881650976612288	0	0	203.07703078002987	225.26929268329894
-10	0	8.608661312899509	83.62288247038413	110.4493378007884	2.8391380990889026	0.5881650976612288	0	0	203.07703078002987	225.26929268329894
-10	-2	8.608661312899509	83.62288247038413	110.4493378007884	2.8391380990889026	0.5881650976612288	0	0	203.07703078002987	225.26929268329894
-10	-5	8.608661312899509	83.62288247038413	110.4493378007884	2.8391380990889026	0.5881650976612288	0	0	203.07703078002987	225.26929268329894
-10	-10	8.608661312899509	83.62288247038413	110.4493378007884	2.8391380990889026	0.5881650976612288	0	0	203.07703078002987	225.26929268329894
-60	5	8.608661312899509	82.43216418697409	110.55032040551846	2.779621355196185	0.5846765561909278	0.17905677490443522	3.818974025566875	21.541774193074936	72.82600834307819
-10	-20	8.608661312899509	83.62288247038413	110.4493378007884	2.8391380990889026	0.5881650976612288	0	0	203.07703078002987	225.26929268329894
60	-10	7.106929050319607	80.86319018206544	110.18326704047085	2.923980416517836	0.5856014678602213	0.7934885524672088	15.876077818586666	25.991817785431305	159.23061529784772
-60	2	8.608661312899509	83.23729793523886	110.4828579952284	2.81900554968835	0.5866642018214924	0.058571963547500515	1.408088520161016	21.541774193074936	75.03315288494572
-15	20	8.608661312899509	83.62288247038413	110.4493378007884	2.8391380990889026	0.5881650976612288	0	0	154.6635536027069	216.59735483074832
-15	10	8.608661312899509	83.62288247038413	110.4493378007884	2.8391380990889026	0.5881650976612288	0	0	154.6635536027069	216.59735483074832
-15	5	8.608661312899509	83.62288247038413	110.4493378007884	2.8391380990889026	0.5881650976612288	0	0	154.6635536027069	216.59735483074832
-15	2	8.608661312899509	83.62288247038413	110.4493378007884	2.8391380990889026	0.5881650976612288	0	0	154.6635536027069	216.59735483074832
-15	0	8.608661312899509	83.62288247038413	110.4493378007884	2.8391380990889026	0.5881650976612288	0	0	154.6635536027069	216.59735483074832
-15	-2	8.608661312899509	83.62288247038413	110.4493378007884	2.8391380990889026	0.5881650976612288	0	0	154.6635536027069	216.59735483074832
-15	-5	8.608661312899509	83.62288247038413	110.4493378007884	2.8391380990889026	0.5881650976612288	0	0	154.6635536027069	216.59735483074832
-15	-10	8.608661312899509	83.62288247038413	110.4493378007884	2.8391380990889026	0.5881650976612288	0	0	154.6635536027069	216.59735483074832
-15	-20	8.608661312899509	83.62288247038413	110.4493378007884	2.8391380990889026	0.5881650976612288	0	0	154.6635536027069	216.59735483074832
60	40	5.605196787739706	61.36090297589474	112.17739470885786	2.7987997614463214	0.5926498163644737	14.66649473064696	94.62736438813288	25.991817785431305	117.36191127218274
-30	10	8.608661312899509	83.62288247038413	110.4493378007884	2.8391380990889026	0.5881650976612288	0	0	85.522965133938	181.01704629653312
-30	20	8.608661312899509	83.62288247038413	110.4493378007884	2.8391380990889026	0.5881650976612288	0	0	85.522965133938	181.01704629653312
-30	5	8.608661312899509	83.62288247038413	110.4493378007884	2.8391380990889026	0.5881650976612288	0	0	85.522965133938	181.01704629653312
-30	0	8.608661312899509	83.62288247038413	110.4493378007884	2.8391380990889026	0.5881650976612288	0	0	85.522965133938	181.01704629653312
-30	2	8.608661312899509	83.62288247038413	110.4493378007884	2.8391380990889026	0.5881650976612288	0	0	85.522965133938	181.01704629653312
-30	-2	8.608661312899509	83.62288247038413	110.4493378007884	2.8391380990889026	0.5881650976612288	0	0	85.522965133938	181.01704629653312
-30	-5	8.608661312899509	83.62288247038413	110.4493378007884	2.8391380990889026	0.5881650976612288	0	0	85.522965133938	181.01704629653312
30	40	7.106929050319607	82.79554855115329	110.52405557595263	2.8284845131823517	0.5861341631120671	8.408127421197412	7.84624661417806	108.46950087474609	227.07561162968773
-30	-10	8.608661312899509	83.62288247038413	110.4493378007884	2.8391380990889026	0.5881650976612288	0	0	85.522965133938	181.01704629653312
-30	-20	8.608661312899509	83.62288247038413	110.4493378007884	2.8391380990889026	0.5881650976612288	0	0	85.522965133938	181.01704629653312
-60	-2	8.608661312899509	83.62230456443604	110.44939335607157	2.839105720615504	0.5881616947857464	0	0	21.541774193074936	76.11217628423117
-60	0	8.608661312899509	83.53100585129805	110.45758791188298	2.834183597436826	0.5877286007337473	0.012065845166192893	0.3593359768069333	21.541774193074936	75.85483218050271
60	10	7.106929050319607	83.49886779371221	110.45635443612014	2.843190037893288	0.5876903881522292	0.037539883327962945	0.2871507530374797	25.991817785431305	161.19872457732504
30	-40	7.106929050319607	72.62761353908145	109.29713589725672	3.0679481005556704	0.5817126147179443	4.337554734943211	3.0674904426897776	108.46950087474609	214.09003053876722
10	40	7.106929050319607	83.03383205097634	110.50601302283059	2.8234212474653133	0.5859863956992579	2.6850879072231897	0.24610896781497021	306.7059016969317	239.32696968674048
60	-5	7.106929050319607	83.51655188894343	110.43825553669141	2.8426465351332917	0.5876974989738184	0.024139945062076795	0.7303668306745007	25.991817785431305	161.21068317367676
15	-40	7.106929050319607	76.36179275151417	109.66777709911398	2.982177637006934	0.5818538905049876	4.40781627451564	1.2432074934281132	222.31097728988945	231.46460298144368
10	-40	7.106929050319607	77.24664436318926	109.75871483375197	2.9615793893253493	0.5818622097150875	4.385184148905293	1.028055672616086	306.7059016969317	233.10145588100826
-60	-5	8.608661312899509	83.62288247038413	110.4493378007884	2.8391380990889026	0.5881650976612288	0	0	21.541774193074936	76.1138096443419
-60	-10	8.608661312899509	83.62288247038413	110.4493378007884	2.8391380990889026	0.5881650976612288	0	0	21.541774193074936	76.1138096443419
-60	-20	8.608661312899509	83.62288247038413	110.4493378007884	2.8391380990889026	0.5881650976612288	0	0	21.541774193074936	76.1138096443419
15	40	7.106929050319607	83.183775794725	110.49148777645946	2.8291953050317016	0.5865844545072566	1.2323470833399686	0.19889532364035387	222.31097728988945	239.95292128440894
5	40	7.106929050319607	82.64610522276672	110.54333857608071	2.8083660744118037	0.5848541223555819	3.8500339582636736	0.38489532483289607	313.75400038458673	235.4300581480036
-15	40	7.106929050319607	78.29873013872556	110.95282591482487	2.64294419611281	0.5832366875671389	3.697075028129063	2.0427288846257845	154.6635536027069	188.0684833894227
60	5	7.106929050319607	83.62288247038413	110.4493378007884	2.8391380990889026	0.5881650976612288	0	0	25.991817785431305	161.30310193295924
60	2	7.106929050319607	83.62288247038413	110.4493378007884	2.8391380990889026	0.5881650976612288	0	0	25.991817785431305	161.30310193295924
60	0	7.106929050319607	83.62288247038413	110.4493378007884	2.8391380990889026	0.5881650976612288	0	0	25.991817785431305	161.30310193295924
60	-2	7.106929050319607	83.62288247038413	110.4493378007884	2.8391380990889026	0.5881650976612288	0	0	25.991817785431305	161.30310193295924
-10	40	7.106929050319607	79.66992391947447	110.82608481773536	2.6947271253144316	0.583237001485081	4.255072488151902	1.7242194793126016	203.07703078002987	203.35828728765387
-5	40	7.106929050319607	80.91479609615415	110.70877090961997	2.7416589291134765	0.58326829907314	4.664467084083785	1.406578388591977	263.1788187611562	216.88328372474268
5	-40	7.106929050319607	77.95164982521771	109.83221228417536	2.9447023469647804	0.5818273727901018	4.361593580462451	0.9775396143639936	313.75400038458673	232.62381715778363
2	40	7.106929050319607	82.26797233707622	110.5795909477497	2.793635912537633	0.5841173207362023	4.3362533684705165	0.5795089900354651	315.16884005788893	231.36382328397326
30	20	7.106929050319607	83.62288247038413	110.4493378007884	2.8391380990889026	0.5881650976612288	0	0	108.46950087474609	230.20110713144004
30	10	7.106929050319607	83.62288247038413	110.4493378007884	2.8391380990889026	0.5881650976612288	0	0	108.46950087474609	230.20110713144004
-2	40	7.106929050319607	81.5719971730295	110.64613488530438	2.7667053635187067	0.5834247747734574	4.665366523827447	1.0294642443932336	300.265867373234	223.88729419400056
30	5	7.106929050319607	83.62288247038413	110.4493378007884	2.8391380990889026	0.5881650976612288	0	0	108.46950087474609	230.20110713144004
30	2	7.106929050319607	83.62288247038413	110.4493378007884	2.8391380990889026	0.5881650976612288	0	0	108.46950087474609	230.20110713144004
30	0	7.106929050319607	83.62288247038413	110.4493378007884	2.8391380990889026	0.5881650976612288	0	0	108.46950087474609	230.20110713144004
30	-5	7.106929050319607	83.62288247038413	110.4493378007884	2.8391380990889026	0.5881650976612288	0	0	108.46950087474609	230.20110713144004
30	-2	7.106929050319607	83.62288247038413	110.4493378007884	2.8391380990889026	0.5881650976612288	0	0	108.46950087474609	230.20110713144004
30	-10	7.106929050319607	83.62288247038413	110.4493378007884	2.8391380990889026	0.5881650976612288	0	0	108.46950087474609	230.20110713144004
0	40	7.106929050319607	81.94779492594951	110.61022606518355	2.7812048057436596	0.5837077764948664	4.53573601325572	0.7703689165923202	314.65562932839464	227.91360106814665
30	-20	7.106929050319607	83.62288247038413	110.4493378007884	2.8391380990889026	0.5881650976612288	0	0	108.46950087474609	230.20110713144004
15	20	7.106929050319607	83.62288247038413	110.4493378007884	2.8391380990889026	0.5881650976612288	0	0	222.31097728988945	242.0568981498581
15	10	7.106929050319607	83.62288247038413	110.4493378007884	2.8391380990889026	0.5881650976612288	0	0	222.31097728988945	242.0568981498581
15	5	7.106929050319607	83.62288247038413	110.4493378007884	2.8391380990889026	0.5881650976612288	0	0	222.31097728988945	242.0568981498581
2	-40	7.106929050319607	78.2878791523185	109.86766538183316	2.9363104244225067	0.5817800613464805	4.335193065890152	1.0225487537561062	315.16884005788893	231.32702438311534
15	2	7.106929050319607	83.62288247038413	110.4493378007884	2.8391380990889026	0.5881650976612288	0	0	222.31097728988945	242.0568981498581
15	0	7.106929050319607	83.62288247038413	110.4493378007884	2.8391380990889026	0.5881650976612288	0	0	222.31097728988945	242.0568981498581
-60	40	7.106929050319607	61.59527486475123	112.29421060142646	2.0587301219830474	0.5810222093541227	2.9254350017539874	19.234753408666695	21.541774193074936	32.41051386410827
15	-2	7.106929050319607	83.62288247038413	110.4493378007884	2.8391380990889026	0.5881650976612288	0	0	222.31097728988945	242.0568981498581
15	-5	7.106929050319607	83.62288247038413	110.4493378007884	2.8391380990889026	0.5881650976612288	0	0	222.31097728988945	242.0568981498581
15	-10	7.106929050319607	83.62288247038413	110.4493378007884	2.8391380990889026	0.5881650976612288	0	0	222.31097728988945	242.0568981498581
15	-20	7.106929050319607	83.62288247038413	110.4493378007884	2.8391380990889026	0.5881650976612288	0	0	222.31097728988945	242.0568981498581
0	-40	7.106929050319607	78.47560988397532	109.88761004038165	2.931424432612618	0.5817357004202077	4.32761194178608	1.0882375435994804	314.65562932839464	230.04532017806153
10	20	7.106929050319607	83.62288247038413	110.4493378007884	2.8391380990889026	0.5881650976612288	0	0	306.7059016969317	242.350737751781
10	10	7.106929050319607	83.62288247038413	110.4493378007884	2.8391380990889026	0.5881650976612288	0	0	306.7059016969317	242.350737751781
10	5	7.106929050319607	83.62288247038413	110.4493378007884	2.8391380990889026	0.5881650976612288	0	0	306.7059016969317	242.350737751781
10	2	7.106929050319607	83.62288247038413	110.4493378007884	2.8391380990889026	0.5881650976612288	0	0	306.7059016969317	242.350737751781
-10	-40	7.106929050319607	78.96843910942054	109.94137186358277	2.9153043907498586	0.5813276596481891	4.308345555030459	1.80050180968099	203.07703078002987	218.74793652719555
10	0	7.106929050319607	83.62288247038413	110.4493378007884	2.8391380990889026	0.5881650976612288	0	0	306.7059016969317	242.350737751781
10	-2	7.106929050319607	83.62288247038413	110.4493378007884	2.8391380990889026	0.5881650976612288	0	0	306.7059016969317	242.350737751781
10	-5	7.106929050319607	83.62288247038413	110.4493378007884	2.8391380990889026	0.5881650976612288	0	0	306.7059016969317	242.350737751781
10	-10	7.106929050319607	83.62288247038413	110.4493378007884	2.8391380990889026	0.5881650976612288	0	0	306.7059016969317	242.350737751781
10	-20	7.106929050319607	83.62288247038413	110.4493378007884	2.8391380990889026	0.5881650976612288	0	0	306.7059016969317	242.350737751781
-5	-40	7.106929050319607	78.81597633552883	109.9242342574427	2.9216493275280793	0.5815736195085852	4.311986611858659	1.3571810612611876	263.1788187611562	225.4014040416164
5	20	7.106929050319607	83.62288247038413	110.4493378007884	2.8391380990889026	0.5881650976612288	0	0	313.75400038458673	240.80014190403642
5	10	7.106929050319607	83.62288247038413	110.4493378007884	2.8391380990889026	0.5881650976612288	0	0	313.75400038458673	240.80014190403642
5	5	7.106929050319607	83.62288247038413	110.4493378007884	2.8391380990889026	0.5881650976612288	0	0	313.75400038458673	240.80014190403642
5	0	7.106929050319607	83.62288247038413	110.4493378007884	2.8391380990889026	0.5881650976612288	0	0	313.75400038458673	240.80014190403642
5	2	7.106929050319607	83.62288247038413	110.4493378007884	2.8391380990889026	0.5881650976612288	0	0	313.75400038458673	240.80014190403642
5	-2	7.106929050319607	83.62288247038413	110.4493378007884	2.8391380990889026	0.5881650976612288	0	0	313.75400038458673	240.80014190403642
-60	20	7.106929050319607	69.517088729656	111.64913702859283	2.281359852416207	0.5796076905070233	0.7814630374107396	15.44943056648151	21.541774193074936	44.4022984668718
5	-5	7.106929050319607	83.62288247038413	110.4493378007884	2.8391380990889026	0.5881650976612288	0	0	313.75400038458673	240.80014190403642
5	-10	7.106929050319607	83.62288247038413	110.4493378007884	2.8391380990889026	0.5881650976612288	0	0	313.75400038458673	240.80014190403642
5	-20	7.106929050319607	83.62288247038413	110.4493378007884	2.8391380990889026	0.5881650976612288	0	0	313.75400038458673	240.80014190403642
-2	-40	7.106929050319607	78.63398533726713	109.90455137279963	2.9270986210380454	0.5816800725288056	4.321713296803933	1.1732814866160934	300.265867373234	228.43292027229572
2	20	7.106929050319607	83.62288247038413	110.4493378007884	2.8391380990889026	0.5881650976612288	0	0	315.16884005788893	238.98878257848193
2	10	7.106929050319607	83.62288247038413	110.4493378007884	2.8391380990889026	0.5881650976612288	0	0	315.16884005788893	238.98878257848193
2	2	7.106929050319607	83.62288247038413	110.4493378007884	2.8391380990889026	0.5881650976612288	0	0	315.16884005788893	238.98878257848193
2	5	7.106929050319607	83.62288247038413	110.4493378007884	2.8391380990889026	0.5881650976612288	0	0	315.16884005788893	238.98878257848193
2	0	7.106929050319607	83.62288247038413	110.4493378007884	2.8391380990889026	0.5881650976612288	0	0	315.16884005788893	238.98878257848193
2	-2	7.106929050319607	83.62288247038413	110.4493378007884	2.8391380990889026	0.5881650976612288	0	0	315.16884005788893	238.98878257848193
30	40	5.605196787739706	75.65522203942676	111.12227996359563	2.749195898312539	0.582283490084086	40.5093674745455	33.402100488994115	108.46950087474609	202.151905742371
2	-5	7.106929050319607	83.62288247038413	110.4493378007884	2.8391380990889026	0.5881650976612288	0	0	315.16884005788893	238.98878257848193
2	-10	7.106929050319607	83.62288247038413	110.4493378007884	2.8391380990889026	0.5881650976612288	0	0	315.16884005788893	238.98878257848193
2	-20	7.106929050319607	83.62288247038413	110.4493378007884	2.8391380990889026	0.5881650976612288	0	0	315.16884005788893	238.98878257848193
-15	-40	7.106929050319607	78.92651478190473	109.93824915615599	2.912336668060443	0.5809842470910596	4.31537360684383	2.4419257863557156	154.6635536027069	210.16011034492317
0	20	7.106929050319607	83.62288247038413	110.4493378007884	2.8391380990889026	0.5881650976612288	0	0	314.65562932839464	237.4169115773011
0	10	7.106929050319607	83.62288247038413	110.4493378007884	2.8391380990889026	0.5881650976612288	0	0	314.65562932839464	237.4169115773011
0	2	7.106929050319607	83.62288247038413	110.4493378007884	2.8391380990889026	0.5881650976612288	0	0	314.65562932839464	237.4169115773011
0	5	7.106929050319607	83.62288247038413	110.4493378007884	2.8391380990889026	0.5881650976612288	0	0	314.65562932839464	237.4169115773011
0	0	7.106929050319607	83.62288247038413	110.4493378007884	2.8391380990889026	0.5881650976612288	0	0	314.65562932839464	237.4169115773011
0	-5	7.106929050319607	83.62288247038413	110.4493378007884	2.8391380990889026	0.5881650976612288	0	0	314.65562932839464	237.4169115773011
0	-2	7.106929050319607	83.62288247038413	110.4493378007884	2.8391380990889026	0.5881650976612288	0	0	314.65562932839464	237.4169115773011
0	-10	7.106929050319607	83.62288247038413	110.4493378007884	2.8391380990889026	0.5881650976612288	0	0	314.65562932839464	237.4169115773011
0	-20	7.106929050319607	83.62288247038413	110.4493378007884	2.8391380990889026	0.5881650976612288	0	0	314.65562932839464	237.4169115773011
-30	-40	7.106929050319607	77.52915926047322	109.79845994942225	2.9232961462889264	0.5792282180535483	4.38510906746031	6.0567926602755975	85.522965133938	173.8230588458264
-60	10	7.106929050319607	75.98403342514784	111.06862065417761	2.506264055532944	0.5784100920367473	0.8131973183376526	24.57952370303899	21.541774193074936	57.156268479321426
-2	20	7.106929050319607	83.62288247038413	110.4493378007884	2.8391380990889026	0.5881650976612288	0	0	300.265867373234	235.555784640635
-2	10	7.106929050319607	83.62288247038413	110.4493378007884	2.8391380990889026	0.5881650976612288	0	0	300.265867373234	235.555784640635
-2	5	7.106929050319607	83.62288247038413	110.4493378007884	2.8391380990889026	0.5881650976612288	0	0	300.265867373234	235.555784640635
-2	2	7.106929050319607	83.62288247038413	110.4493378007884	2.8391380990889026	0.5881650976612288	0	0	300.265867373234	235.555784640635
-2	0	7.106929050319607	83.62288247038413	110.4493378007884	2.8391380990889026	0.5881650976612288	0	0	300.265867373234	235.555784640635
-2	-2	7.106929050319607	83.62288247038413	110.4493378007884	2.8391380990889026	0.5881650976612288	0	0	300.265867373234	235.555784640635
-2	-5	7.106929050319607	83.62288247038413	110.4493378007884	2.8391380990889026	0.5881650976612288	0	0	300.265867373234	235.555784640635
-2	-20	7.106929050319607	83.62288247038413	110.4493378007884	2.8391380990889026	0.5881650976612288	0	0	300.265867373234	235.555784640635
-2	-10	7.106929050319607	83.62288247038413	110.4493378007884	2.8391380990889026	0.5881650976612288	0	0	300.265867373234	235.555784640635
-5	20	7.106929050319607	83.62288247038413	110.4493378007884	2.8391380990889026	0.5881650976612288	0	0	263.1788187611562	232.22679519721183
-5	5	7.106929050319607	83.62288247038413	110.4493378007884	2.8391380990889026	0.5881650976612288	0	0	263.1788187611562	232.22679519721183
-5	10	7.106929050319607	83.62288247038413	110.4493378007884	2.8391380990889026	0.5881650976612288	0	0	263.1788187611562	232.22679519721183
-5	-2	7.106929050319607	83.62288247038413	110.4493378007884	2.8391380990889026	0.5881650976612288	0	0	263.1788187611562	232.22679519721183
-5	0	7.106929050319607	83.62288247038413	110.4493378007884	2.8391380990889026	0.5881650976612288	0	0	263.1788187611562	232.22679519721183
-5	2	7.106929050319607	83.62288247038413	110.4493378007884	2.8391380990889026	0.5881650976612288	0	0	263.1788187611562	232.22679519721183
-5	-5	7.106929050319607	83.62288247038413	110.4493378007884	2.8391380990889026	0.5881650976612288	0	0	263.1788187611562	232.22679519721183
-30	40	7.106929050319607	73.72104250764161	111.35408477605607	2.467310120808384	0.5832455097195941	2.018633328283234	2.8798971230025603	85.522965133938	136.0249431951064
-5	-10	7.106929050319607	83.62288247038413	110.4493378007884	2.8391380990889026	0.5881650976612288	0	0	263.1788187611562	232.22679519721183
-60	5	7.106929050319607	79.11233087790094	110.80612654253046	2.6313215501226397	0.5796718477943082	0.5669033532932436	18.824190155543658	21.541774193074936	64.36976613653914
60	20	5.605196787739706	77.61317180830227	110.72430836063563	3.0030623576179494	0.5869286470550851	1.4038437003290976	17.79939096277132	25.991817785431305	155.98899372242852
-5	-20	7.106929050319607	83.62288247038413	110.4493378007884	2.8391380990889026	0.5881650976612288	0	0	263.1788187611562	232.22679519721183
-60	-40	7.106929050319607	67.2694100390813	108.84657721893595	3.0203277494066687	0.5714409546330637	3.8212725128193075	32.68719337055922	21.541774193074936	68.29738693852447
-10	20	7.106929050319607	83.62288247038413	110.4493378007884	2.8391380990889026	0.5881650976612288	0	0	203.07703078002987	225.26929268329894
-10	10	7.106929050319607	83.62288247038413	110.4493378007884	2.8391380990889026	0.5881650976612288	0	0	203.07703078002987	225.26929268329894
-10	5	7.106929050319607	83.62288247038413	110.4493378007884	2.8391380990889026	0.5881650976612288	0	0	203.07703078002987	225.26929268329894
-10	2	7.106929050319607	83.62288247038413	110.4493378007884	2.8391380990889026	0.5881650976612288	0	0	203.07703078002987	225.26929268329894
-10	0	7.106929050319607	83.62288247038413	110.4493378007884	2.8391380990889026	0.5881650976612288	0	0	203.07703078002987	225.26929268329894
-10	-5	7.106929050319607	83.62288247038413	110.4493378007884	2.8391380990889026	0.5881650976612288	0	0	203.07703078002987	225.26929268329894
-10	-2	7.106929050319607	83.62288247038413	110.4493378007884	2.8391380990889026	0.5881650976612288	0	0	203.07703078002987	225.26929268329894
-10	-10	7.106929050319607	83.62288247038413	110.4493378007884	2.8391380990889026	0.5881650976612288	0	0	203.07703078002987	225.26929268329894
60	-20	5.605196787739706	65.53495383621781	108.75461136224767	3.3100305073647864	0.5842510975770621	3.234923823669854	48.61998162604126	25.991817785431305	141.62048123201612
-10	-20	7.106929050319607	83.62288247038413	110.4493378007884	2.8391380990889026	0.5881650976612288	0	0	203.07703078002987	225.26929268329894
-15	20	7.106929050319607	83.62288247038413	110.4493378007884	2.8391380990889026	0.5881650976612288	0	0	154.6635536027069	216.59735483074832
-60	2	7.106929050319607	80.74622438213966	110.67462805563015	2.702055570784002	0.5811774697896812	0.42875066381403215	14.889910854795106	21.541774193074936	68.44965095349473
-15	5	7.106929050319607	83.62288247038413	110.4493378007884	2.8391380990889026	0.5881650976612288	0	0	154.6635536027069	216.59735483074832
-15	10	7.106929050319607	83.62288247038413	110.4493378007884	2.8391380990889026	0.5881650976612288	0	0	154.6635536027069	216.59735483074832
-15	2	7.106929050319607	83.62288247038413	110.4493378007884	2.8391380990889026	0.5881650976612288	0	0	154.6635536027069	216.59735483074832
-15	0	7.106929050319607	83.62288247038413	110.4493378007884	2.8391380990889026	0.5881650976612288	0	0	154.6635536027069	216.59735483074832
-15	-2	7.106929050319607	83.62288247038413	110.4493378007884	2.8391380990889026	0.5881650976612288	0	0	154.6635536027069	216.59735483074832
-15	-5	7.106929050319607	83.62288247038413	110.4493378007884	2.8391380990889026	0.5881650976612288	0	0	154.6635536027069	216.59735483074832
-15	-10	7.106929050319607	83.62288247038413	110.4493378007884	2.8391380990889026	0.5881650976612288	0	0	154.6635536027069	216.59735483074832
-30	20	7.106929050319607	83.61976132759504	110.44964151384852	2.8389653042708702	0.5881475091076288	0	0	85.522965133938	180.99851213232392
-15	-20	7.106929050319607	83.62288247038413	110.4493378007884	2.8391380990889026	0.5881650976612288	0	0	154.6635536027069	216.59735483074832
-60	0	7.106929050319607	81.69192524682639	110.60000229032526	2.7449685522292464	0.5825753644564974	0.3201717154838217	11.84050806516494	21.541774193074936	70.90525897220266
-60	-2	7.106929050319607	82.49158221917139	110.53756144722605	2.782623135042831	0.5842441116699917	0.21140679490267048	8.732091469728317	21.541774193074936	73.03320668707707
-30	10	7.106929050319607	83.62288247038413	110.4493378007884	2.8391380990889026	0.5881650976612288	0	0	85.522965133938	181.01704629653312
-30	5	7.106929050319607	83.62288247038413	110.4493378007884	2.8391380990889026	0.5881650976612288	0	0	85.522965133938	181.01704629653312
-30	2	7.106929050319607	83.62288247038413	110.4493378007884	2.8391380990889026	0.5881650976612288	0	0	85.522965133938	181.01704629653312
-30	0	7.106929050319607	83.62288247038413	110.4493378007884	2.8391380990889026	0.5881650976612288	0	0	85.522965133938	181.01704629653312
-30	-2	7.106929050319607	83.62288247038413	110.4493378007884	2.8391380990889026	0.5881650976612288	0	0	85.522965133938	181.01704629653312
-30	-5	7.106929050319607	83.62288247038413	110.4493378007884	2.8391380990889026	0.5881650976612288	0	0	85.522965133938	181.01704629653312
-30	-10	7.106929050319607	83.62288247038413	110.4493378007884	2.8391380990889026	0.5881650976612288	0	0	85.522965133938	181.01704629653312
-60	-20	7.106929050319607	83.2031047304103	110.4088814482605	2.8372430684132066	0.5862279592073917	0.1515684203793251	5.155759908318464	21.541774193074936	75.79247286523955
-30	-20	7.106929050319607	83.62288247038413	110.4493378007884	2.8391380990889026	0.5881650976612288	0	0	85.522965133938	181.01704629653312
60	10	5.605196787739706	80.86641572869816	110.56986408861475	2.923884278963312	0.585602384664003	0.7924140695040457	15.852687768330016	25.991817785431305	159.23314389391604
60	-2	5.605196787739706	81.89718328460218	110.32980314618807	2.895684317144195	0.5830589541635643	0.6963494833202083	129.78426361507698	25.991817785431305	159.92767498715912
-60	-5	7.106929050319607	83.33959318665725	110.47160590637193	2.8244240757448185	0.5868620119409534	0.061224182864685193	3.745215365113422	21.541774193074936	75.33687766653176
60	5	5.605196787739706	82.32344364782509	110.50228420031421	2.880898923197745	0.5852806095341208	0.5470617180910969	18.979353070148566	25.991817785431305	160.30986912263506
60	2	5.605196787739706	82.96817370730687	110.4688764259911	2.8606531674701428	0.585665624082522	0.19376549105630284	36.66945802007376	25.991817785431305	160.75315073224377
60	-10	5.605196787739706	74.19727371747861	109.633865366041	3.1196846034116317	0.5849803821938315	2.124409564773512	88.90356359308169	25.991817785431305	153.32496913938027
15	40	5.605196787739706	77.52873093113497	111.01633873246516	2.66174195289499	0.5826955542466644	32.49719702191769	8.822037071642102	222.31097728988945	211.02219668175232
60	-5	5.605196787739706	79.1917977786526	110.09261535020674	2.980162644701152	0.5832299006235082	1.3416381974200875	91.7685067895188	25.991817785431305	158.00135516446718
60	-40	5.605196787739706	56.554742075012086	107.875640868447	3.4662265902610625	0.5817570091745998	3.3030336904158735	16.552893890823437	25.991817785431305	126.50897905101807
-60	-10	7.106929050319607	83.62288247038413	110.4493378007884	2.8391380990889026	0.5881650976612288	0	0	21.541774193074936	76.1138096443419
30	-40	5.605196787739706	67.08377833265156	108.76976567756043	3.1822818171362135	0.579554694640106	5.826241979898955	4.195503607090608	108.46950087474609	204.31801913941683
10	40	5.605196787739706	77.28417738293449	111.04515940164553	2.63157998028522	0.5834352198522228	22.184148242021926	4.194379045323761	306.7059016969317	208.11955282823115
60	0	5.605196787739706	82.89649096815398	110.43066759053563	2.863321074871728	0.5848844554380263	0.1421644458873788	131.74570769494875	25.991817785431305	160.66876304480394
5	40	5.605196787739706	76.7239743704167	111.09788124257925	2.600244356843632	0.5837809727780957	10.652950769772856	1.7321933078627354	313.75400038458673	202.6456249489029
15	-40	5.605196787739706	70.46410965639716	109.08244944063979	3.0958911707892467	0.5790021981740407	6.405424456742014	1.6534575009059398	222.31097728988945	221.2754864070793
2	40	5.605196787739706	76.2721619546513	111.13839673402042	2.5804937329912536	0.5837485485562739	4.304586088196622	1.1850167425094495	315.16884005788893	198.25379554870676
30	-20	5.605196787739706	82.60664964092054	110.34042990030993	2.8679950966407968	0.5853725826622336	0.8032251605497398	1.587811577616156	108.46950087474609	229.3526461321145
10	-40	5.605196787739706	71.28615652917222	109.16097791024686	3.074181530215581	0.5788084714108241	6.520669659665879	1.2998556893658946	306.7059016969317	222.98215959736748
2	-40	5.605196787739706	72.27010748735412	109.25680714620647	3.0463534651819186	0.5784385244379117	6.645878264174344	1.2218857361643949	315.16884005788893	221.48510875215885
5	-40	5.605196787739706	71.94976104360121	109.22532650041245	3.0558132998814913	0.5785884391915915	6.604207393742252	1.1799043878163582	313.75400038458673	222.65661643308857
-30	40	5.605196787739706	69.03976561628093	111.72912640906803	2.298548863589195	0.5811253115091556	5.658285740119179	4.806880420917888	85.522965133938	117.3702976853953
0	40	5.605196787739706	75.93887092441511	111.16785778326451	2.5667076292906046	0.5836778444008448	3.8528168470811432	1.1928697050767652	314.65562932839464	194.91287936141075
-2	40	5.605196787739706	75.58842919417577	111.19857314795114	2.5522784946658645	0.5836110147966206	3.693950684785221	1.2147584970392178	300.265867373234	191.26563419921624
30	10	5.605196787739706	83.62288247038413	110.4493378007884	2.8391380990889026	0.5881650976612288	0	0	108.46950087474609	230.20110713144004
30	20	5.605196787739706	83.62288247038413	110.4493378007884	2.8391380990889026	0.5881650976612288	0	0	108.46950087474609	230.20110713144004
-2	-40	5.605196787739706	72.60428380981084	109.29012232791324	3.0355191554160066	0.5782120632388502	6.694056996605745	1.4153292663088504	300.265867373234	218.79233325466012
30	5	5.605196787739706	83.62288247038413	110.4493378007884	2.8391380990889026	0.5881650976612288	0	0	108.46950087474609	230.20110713144004
30	2	5.605196787739706	83.62288247038413	110.4493378007884	2.8391380990889026	0.5881650976612288	0	0	108.46950087474609	230.20110713144004
30	0	5.605196787739706	83.62288247038413	110.4493378007884	2.8391380990889026	0.5881650976612288	0	0	108.46950087474609	230.20110713144004
30	-2	5.605196787739706	83.62288247038413	110.4493378007884	2.8391380990889026	0.5881650976612288	0	0	108.46950087474609	230.20110713144004
30	-5	5.605196787739706	83.62288247038413	110.4493378007884	2.8391380990889026	0.5881650976612288	0	0	108.46950087474609	230.20110713144004
30	-10	5.605196787739706	83.62288247038413	110.4493378007884	2.8391380990889026	0.5881650976612288	0	0	108.46950087474609	230.20110713144004
0	-40	5.605196787739706	72.45061519590122	109.2747220511689	3.0406846238931506	0.5783294288517561	6.6662797743381565	1.297751536897348	314.65562932839464	220.29947161777628
-5	-40	5.605196787739706	72.7836524050266	109.30840122253025	3.0287023818996994	0.5780187379856373	6.727017082917181	1.6677212870342843	263.1788187611562	215.93451102483155
15	10	5.605196787739706	83.62288247038413	110.4493378007884	2.8391380990889026	0.5881650976612288	0	0	222.31097728988945	242.0568981498581
15	20	5.605196787739706	83.62288247038413	110.4493378007884	2.8391380990889026	0.5881650976612288	0	0	222.31097728988945	242.0568981498581
15	5	5.605196787739706	83.62288247038413	110.4493378007884	2.8391380990889026	0.5881650976612288	0	0	222.31097728988945	242.0568981498581
15	2	5.605196787739706	83.62288247038413	110.4493378007884	2.8391380990889026	0.5881650976612288	0	0	222.31097728988945	242.0568981498581
15	0	5.605196787739706	83.62288247038413	110.4493378007884	2.8391380990889026	0.5881650976612288	0	0	222.31097728988945	242.0568981498581
15	-2	5.605196787739706	83.62288247038413	110.4493378007884	2.8391380990889026	0.5881650976612288	0	0	222.31097728988945	242.0568981498581
15	-5	5.605196787739706	83.62288247038413	110.4493378007884	2.8391380990889026	0.5881650976612288	0	0	222.31097728988945	242.0568981498581
-15	-40	5.605196787739706	72.92062705146068	109.32556274428968	3.0138232560592275	0.5771920832903211	6.80411460310005	3.2560358485720324	154.6635536027069	201.38791574018427
15	-10	5.605196787739706	83.62288247038413	110.4493378007884	2.8391380990889026	0.5881650976612288	0	0	222.31097728988945	242.0568981498581
15	-20	5.605196787739706	83.62288247038413	110.4493378007884	2.8391380990889026	0.5881650976612288	0	0	222.31097728988945	242.0568981498581
10	20	5.605196787739706	83.62288247038413	110.4493378007884	2.8391380990889026	0.5881650976612288	0	0	306.7059016969317	242.350737751781
10	5	5.605196787739706	83.62288247038413	110.4493378007884	2.8391380990889026	0.5881650976612288	0	0	306.7059016969317	242.350737751781
10	10	5.605196787739706	83.62288247038413	110.4493378007884	2.8391380990889026	0.5881650976612288	0	0	306.7059016969317	242.350737751781
10	2	5.605196787739706	83.62288247038413	110.4493378007884	2.8391380990889026	0.5881650976612288	0	0	306.7059016969317	242.350737751781
10	0	5.605196787739706	83.62288247038413	110.4493378007884	2.8391380990889026	0.5881650976612288	0	0	306.7059016969317	242.350737751781
10	-2	5.605196787739706	83.62288247038413	110.4493378007884	2.8391380990889026	0.5881650976612288	0	0	306.7059016969317	242.350737751781
-5	40	5.605196787739706	75.03321912807502	111.24669315034049	2.529511557132962	0.5835168923866039	3.485914624251653	1.2973228398448013	263.1788187611562	185.25920553187345
-10	40	5.605196787739706	74.03409186287813	111.33159493267294	2.4888577574918505	0.5833360262666897	3.518029936354755	1.4925740752061658	203.07703078002987	173.96169455169766
10	-5	5.605196787739706	83.62288247038413	110.4493378007884	2.8391380990889026	0.5881650976612288	0	0	306.7059016969317	242.350737751781
10	-10	5.605196787739706	83.62288247038413	110.4493378007884	2.8391380990889026	0.5881650976612288	0	0	306.7059016969317	242.350737751781
10	-20	5.605196787739706	83.62288247038413	110.4493378007884	2.8391380990889026	0.5881650976612288	0	0	306.7059016969317	242.350737751781
5	20	5.605196787739706	83.62288247038413	110.4493378007884	2.8391380990889026	0.5881650976612288	0	0	313.75400038458673	240.80014190403642
5	10	5.605196787739706	83.62288247038413	110.4493378007884	2.8391380990889026	0.5881650976612288	0	0	313.75400038458673	240.80014190403642
5	5	5.605196787739706	83.62288247038413	110.4493378007884	2.8391380990889026	0.5881650976612288	0	0	313.75400038458673	240.80014190403642
5	2	5.605196787739706	83.62288247038413	110.4493378007884	2.8391380990889026	0.5881650976612288	0	0	313.75400038458673	240.80014190403642
5	0	5.605196787739706	83.62288247038413	110.4493378007884	2.8391380990889026	0.5881650976612288	0	0	313.75400038458673	240.80014190403642
-10	-40	5.605196787739706	72.94277724208911	109.32560240388727	3.0197783079663427	0.5776437628121132	6.770714522924591	2.3094615742341937	203.07703078002987	209.60794915050306
5	-2	5.605196787739706	83.62288247038413	110.4493378007884	2.8391380990889026	0.5881650976612288	0	0	313.75400038458673	240.80014190403642
5	-5	5.605196787739706	83.62288247038413	110.4493378007884	2.8391380990889026	0.5881650976612288	0	0	313.75400038458673	240.80014190403642
-15	40	5.605196787739706	72.94511883253388	111.42169049979134	2.445190464872016	0.5830408900981877	3.8392515591763527	1.701370242045474	154.6635536027069	161.27950832215703
5	-10	5.605196787739706	83.62288247038413	110.4493378007884	2.8391380990889026	0.5881650976612288	0	0	313.75400038458673	240.80014190403642
5	-20	5.605196787739706	83.62288247038413	110.4493378007884	2.8391380990889026	0.5881650976612288	0	0	313.75400038458673	240.80014190403642
2	20	5.605196787739706	83.62288247038413	110.4493378007884	2.8391380990889026	0.5881650976612288	0	0	315.16884005788893	238.98878257848193
2	5	5.605196787739706	83.62288247038413	110.4493378007884	2.8391380990889026	0.5881650976612288	0	0	315.16884005788893	238.98878257848193
2	10	5.605196787739706	83.62288247038413	110.4493378007884	2.8391380990889026	0.5881650976612288	0	0	315.16884005788893	238.98878257848193
-30	-40	5.605196787739706	71.67003196900627	109.21447212709124	3.0126756054235986	0.5752597036820281	6.775628016154452	8.541756311029125	85.522965133938	166.37651479304984
2	2	5.605196787739706	83.62288247038413	110.4493378007884	2.8391380990889026	0.5881650976612288	0	0	315.16884005788893	238.98878257848193
2	0	5.605196787739706	83.62288247038413	110.4493378007884	2.8391380990889026	0.5881650976612288	0	0	315.16884005788893	238.98878257848193
2	-2	5.605196787739706	83.62288247038413	110.4493378007884	2.8391380990889026	0.5881650976612288	0	0	315.16884005788893	238.98878257848193
2	-10	5.605196787739706	83.62288247038413	110.4493378007884	2.8391380990889026	0.5881650976612288	0	0	315.16884005788893	238.98878257848193
2	-5	5.605196787739706	83.62288247038413	110.4493378007884	2.8391380990889026	0.5881650976612288	0	0	315.16884005788893	238.98878257848193
2	-20	5.605196787739706	83.62288247038413	110.4493378007884	2.8391380990889026	0.5881650976612288	0	0	315.16884005788893	238.98878257848193
60	-10	4.103464525159804	63.80009153794567	108.9100638623352	3.4424820363632027	0.5841852227141728	4.457639914079791	236.96644126421026	25.991817785431305	142.09302855768442
-60	40	5.605196787739706	57.29301014546872	112.6560644440369	1.9672904446303217	0.5804231057836453	4.377011255225028	29.54502224317188	21.541774193074936	27.557025074157906
60	20	4.103464525159804	71.60947578914352	110.94307286994044	3.138792583420858	0.5875071795844058	4.9763970350127025	87.52452099908326	25.991817785431305	148.81827079746253
0	20	5.605196787739706	83.62288247038413	110.4493378007884	2.8391380990889026	0.5881650976612288	0	0	314.65562932839464	237.4169115773011
0	10	5.605196787739706	83.62288247038413	110.4493378007884	2.8391380990889026	0.5881650976612288	0	0	314.65562932839464	237.4169115773011
0	5	5.605196787739706	83.62288247038413	110.4493378007884	2.8391380990889026	0.5881650976612288	0	0	314.65562932839464	237.4169115773011
0	2	5.605196787739706	83.62288247038413	110.4493378007884	2.8391380990889026	0.5881650976612288	0	0	314.65562932839464	237.4169115773011
0	0	5.605196787739706	83.62288247038413	110.4493378007884	2.8391380990889026	0.5881650976612288	0	0	314.65562932839464	237.4169115773011
0	-2	5.605196787739706	83.62288247038413	110.4493378007884	2.8391380990889026	0.5881650976612288	0	0	314.65562932839464	237.4169115773011
0	-5	5.605196787739706	83.62288247038413	110.4493378007884	2.8391380990889026	0.5881650976612288	0	0	314.65562932839464	237.4169115773011
0	-10	5.605196787739706	83.62288247038413	110.4493378007884	2.8391380990889026	0.5881650976612288	0	0	314.65562932839464	237.4169115773011
0	-20	5.605196787739706	83.62288247038413	110.4493378007884	2.8391380990889026	0.5881650976612288	0	0	314.65562932839464	237.4169115773011
-60	20	5.605196787739706	65.40874832036323	111.93662241512135	2.1268839221842804	0.5781431771638338	0.9700894555470213	15.35666761660692	21.541774193074936	36.809118648390964
-2	20	5.605196787739706	83.62288247038413	110.4493378007884	2.8391380990889026	0.5881650976612288	0	0	300.265867373234	235.555784640635
-2	10	5.605196787739706	83.62288247038413	110.4493378007884	2.8391380990889026	0.5881650976612288	0	0	300.265867373234	235.555784640635
-2	5	5.605196787739706	83.62288247038413	110.4493378007884	2.8391380990889026	0.5881650976612288	0	0	300.265867373234	235.555784640635
-2	2	5.605196787739706	83.62288247038413	110.4493378007884	2.8391380990889026	0.5881650976612288	0	0	300.265867373234	235.555784640635
-2	0	5.605196787739706	83.62288247038413	110.4493378007884	2.8391380990889026	0.5881650976612288	0	0	300.265867373234	235.555784640635
-30	20	5.605196787739706	81.49807979526793	110.64144045543416	2.741909609283713	0.5827528966852753	1.2646200456112828	3.1769921030956487	85.522965133938	169.77573450108707
-2	-2	5.605196787739706	83.62288247038413	110.4493378007884	2.8391380990889026	0.5881650976612288	0	0	300.265867373234	235.555784640635
-2	-5	5.605196787739706	83.62288247038413	110.4493378007884	2.8391380990889026	0.5881650976612288	0	0	300.265867373234	235.555784640635
-2	-10	5.605196787739706	83.62288247038413	110.4493378007884	2.8391380990889026	0.5881650976612288	0	0	300.265867373234	235.555784640635
-2	-20	5.605196787739706	83.62288247038413	110.4493378007884	2.8391380990889026	0.5881650976612288	0	0	300.265867373234	235.555784640635
60	40	4.103464525159804	54.48711576076354	112.80473674399461	2.7095417032474907	0.5957186257482974	13.673877105669904	87.04375122176526	25.991817785431305	101.92786590215294
-5	20	5.605196787739706	83.62288247038413	110.4493378007884	2.8391380990889026	0.5881650976612288	0	0	263.1788187611562	232.22679519721183
-5	10	5.605196787739706	83.62288247038413	110.4493378007884	2.8391380990889026	0.5881650976612288	0	0	263.1788187611562	232.22679519721183
-5	2	5.605196787739706	83.62288247038413	110.4493378007884	2.8391380990889026	0.5881650976612288	0	0	263.1788187611562	232.22679519721183
-5	5	5.605196787739706	83.62288247038413	110.4493378007884	2.8391380990889026	0.5881650976612288	0	0	263.1788187611562	232.22679519721183
-5	0	5.605196787739706	83.62288247038413	110.4493378007884	2.8391380990889026	0.5881650976612288	0	0	263.1788187611562	232.22679519721183
-5	-2	5.605196787739706	83.62288247038413	110.4493378007884	2.8391380990889026	0.5881650976612288	0	0	263.1788187611562	232.22679519721183
-60	10	5.605196787739706	69.94653298071249	111.54362590981965	2.2790905571955875	0.5749988534648045	1.1815526578462219	49.22175114430933	21.541774193074936	44.87641304530198
-5	-5	5.605196787739706	83.62288247038413	110.4493378007884	2.8391380990889026	0.5881650976612288	0	0	263.1788187611562	232.22679519721183
-5	-10	5.605196787739706	83.62288247038413	110.4493378007884	2.8391380990889026	0.5881650976612288	0	0	263.1788187611562	232.22679519721183
-5	-20	5.605196787739706	83.62288247038413	110.4493378007884	2.8391380990889026	0.5881650976612288	0	0	263.1788187611562	232.22679519721183
-60	-10	5.605196787739706	82.26112119256211	110.51289302457688	2.7783789686488634	0.5823697821087314	0.9795925551504997	58.461374559168284	21.541774193074936	72.78813272501765
-10	20	5.605196787739706	83.62288247038413	110.4493378007884	2.8391380990889026	0.5881650976612288	0	0	203.07703078002987	225.26929268329894
-10	10	5.605196787739706	83.62288247038413	110.4493378007884	2.8391380990889026	0.5881650976612288	0	0	203.07703078002987	225.26929268329894
-10	5	5.605196787739706	83.62288247038413	110.4493378007884	2.8391380990889026	0.5881650976612288	0	0	203.07703078002987	225.26929268329894
-10	2	5.605196787739706	83.62288247038413	110.4493378007884	2.8391380990889026	0.5881650976612288	0	0	203.07703078002987	225.26929268329894
-10	0	5.605196787739706	83.62288247038413	110.4493378007884	2.8391380990889026	0.5881650976612288	0	0	203.07703078002987	225.26929268329894
-10	-2	5.605196787739706	83.62288247038413	110.4493378007884	2.8391380990889026	0.5881650976612288	0	0	203.07703078002987	225.26929268329894
60	5	4.103464525159804	73.9638562279376	110.5483938985985	3.1502280895260184	0.5818917900927448	2.3800199922714453	254.575455528076	25.991817785431305	153.77434207042032
-10	-5	5.605196787739706	83.62288247038413	110.4493378007884	2.8391380990889026	0.5881650976612288	0	0	203.07703078002987	225.26929268329894
-10	-10	5.605196787739706	83.62288247038413	110.4493378007884	2.8391380990889026	0.5881650976612288	0	0	203.07703078002987	225.26929268329894
-10	-20	5.605196787739706	83.62288247038413	110.4493378007884	2.8391380990889026	0.5881650976612288	0	0	203.07703078002987	225.26929268329894
-60	5	5.605196787739706	73.54752453583217	111.21203582632293	2.4064655906914107	0.5748075745751663	0.9789371972820767	48.93219273316729	21.541774193074936	51.88298572349895
-60	2	5.605196787739706	75.621248204607	111.03364082751366	2.486690131206747	0.5750449797906453	0.9276106397376224	48.58509603636809	21.541774193074936	56.3636549306148
-15	20	5.605196787739706	83.62288247038413	110.4493378007884	2.8391380990889026	0.5881650976612288	0	0	154.6635536027069	216.59735483074832
-15	10	5.605196787739706	83.62288247038413	110.4493378007884	2.8391380990889026	0.5881650976612288	0	0	154.6635536027069	216.59735483074832
-15	5	5.605196787739706	83.62288247038413	110.4493378007884	2.8391380990889026	0.5881650976612288	0	0	154.6635536027069	216.59735483074832
-15	2	5.605196787739706	83.62288247038413	110.4493378007884	2.8391380990889026	0.5881650976612288	0	0	154.6635536027069	216.59735483074832
-15	0	5.605196787739706	83.62288247038413	110.4493378007884	2.8391380990889026	0.5881650976612288	0	0	154.6635536027069	216.59735483074832
-15	-2	5.605196787739706	83.62288247038413	110.4493378007884	2.8391380990889026	0.5881650976612288	0	0	154.6635536027069	216.59735483074832
-15	-5	5.605196787739706	83.62288247038413	110.4493378007884	2.8391380990889026	0.5881650976612288	0	0	154.6635536027069	216.59735483074832
-15	-10	5.605196787739706	83.62288247038413	110.4493378007884	2.8391380990889026	0.5881650976612288	0	0	154.6635536027069	216.59735483074832
-15	-20	5.605196787739706	83.62288247038413	110.4493378007884	2.8391380990889026	0.5881650976612288	0	0	154.6635536027069	216.59735483074832
-60	-2	5.605196787739706	78.23060291673926	110.82056923655433	2.5946088995002436	0.5760922756786816	0.9217756426744312	48.57541718560031	21.541774193074936	62.4588364818845
60	-5	4.103464525159804	67.31174477758215	109.48866964430044	3.379211745929515	0.5832221621101484	3.451962379825071	343.86019419102416	25.991817785431305	147.72848593698282
-30	10	5.605196787739706	83.62288247038413	110.4493378007884	2.8391380990889026	0.5881650976612288	0	0	85.522965133938	181.01704629653312
-30	2	5.605196787739706	83.62288247038413	110.4493378007884	2.8391380990889026	0.5881650976612288	0	0	85.522965133938	181.01704629653312
-30	5	5.605196787739706	83.62288247038413	110.4493378007884	2.8391380990889026	0.5881650976612288	0	0	85.522965133938	181.01704629653312
-30	0	5.605196787739706	83.62288247038413	110.4493378007884	2.8391380990889026	0.5881650976612288	0	0	85.522965133938	181.01704629653312
-30	-5	5.605196787739706	83.62288247038413	110.4493378007884	2.8391380990889026	0.5881650976612288	0	0	85.522965133938	181.01704629653312
-30	-2	5.605196787739706	83.62288247038413	110.4493378007884	2.8391380990889026	0.5881650976612288	0	0	85.522965133938	181.01704629653312
-30	-10	5.605196787739706	83.62288247038413	110.4493378007884	2.8391380990889026	0.5881650976612288	0	0	85.522965133938	181.01704629653312
-60	0	5.605196787739706	76.9544904382727	110.9232383674853	2.540858748038118	0.5754277339839488	0.9173551299496886	48.341086310321174	21.541774193074936	59.41612637775682
-30	-20	5.605196787739706	83.62288247038413	110.4493378007884	2.8391380990889026	0.5881650976612288	0	0	85.522965133938	181.01704629653312
60	10	4.103464525159804	74.18254150562322	110.72484818846478	3.1200064717848788	0.585134149607743	2.128744101448384	91.04330442390402	25.991817785431305	153.3163428930444
-60	-20	5.605196787739706	80.02401340544009	110.17493725983803	2.8122868720088126	0.5755599796115263	2.784975163591193	87.04329594111246	21.541774193074936	72.63730660170374
-60	-40	5.605196787739706	62.63809542912825	108.44623239392352	3.062127868131126	0.5683474548294161	4.852202754644922	40.43293875124064	21.541774193074936	65.07224940080368
15	40	4.103464525159804	66.08585091123392	111.99050895685708	2.508009302017534	0.57999229644863	41.26944748710156	8.9847004897239	222.31097728988945	170.01669019142383
60	-20	4.103464525159804	58.41191472597089	108.1955237254233	3.518334017371036	0.5831310625201906	4.138403916865045	67.32180093717076	25.991817785431305	132.25469904241575
-60	-5	5.605196787739706	79.99186062236755	110.68352008652849	2.6719755856021994	0.5777829916135573	0.9180442629722005	49.42786826720597	21.541774193074936	66.84224216501379
30	40	4.103464525159804	64.13428644045423	112.10697592627679	2.6111585674974607	0.5835206543845671	36.34497404565791	29.442014005838253	108.46950087474609	163.74060408265345
60	2	4.103464525159804	72.20035192607529	110.27821688953632	3.2256703917474607	0.5810762546088458	2.736988899023893	347.4314721824513	25.991817785431305	152.78042065703798
60	-2	4.103464525159804	69.4029673854636	109.84013618915762	3.3239425005246677	0.5823288269050721	2.7369888990238804	347.43147218239585	25.991817785431305	150.34645505175106
60	0	4.103464525159804	70.80165965576941	110.06350369843034	3.2780965468002123	0.5816901684255947	2.58850638321244	346.5484919801912	25.991817785431305	151.71427325785587
30	-20	4.103464525159804	74.37738167493907	109.49566391374181	3.0542578700244905	0.5798601165263028	5.84266264852814	14.306749379249572	108.46950087474609	218.29724060778588
10	40	4.103464525159804	66.30217510517657	111.9815299582688	2.4686974257732244	0.5791265462172048	41.34216522399738	5.281993204620342	306.7059016969317	167.86097167990653
60	-40	4.103464525159804	52.609744951754784	107.55447758291491	3.57342992450434	0.5812081730810301	3.740005920647631	19.318581779694476	25.991817785431305	120.47926234973048
30	-40	4.103464525159804	60.86719808875406	108.21003207713986	3.315734319842855	0.5773059216404877	7.751840284232181	5.6848336171452925	108.46950087474609	192.3502742528598
30	20	4.103464525159804	83.20062375839117	110.47351368005147	2.8516786361404267	0.5866462877532717	0.2500972488449639	0.49338621378394837	108.46950087474609	229.8791040249417
15	-20	4.103464525159804	79.85542736207766	110.0440994875498	2.9205367182740765	0.5801592098219743	5.743931811214919	5.868393272738183	222.31097728988945	237.2646965849971
5	40	4.103464525159804	66.31122594143956	111.98629338404393	2.4276904337150116	0.5784036751055763	40.6842803603403	3.2180108444963613	313.75400038458673	163.71336805843018
30	-10	4.103464525159804	83.35164794048814	110.42062635586565	2.847565029601989	0.586968290540221	0.10657901734114884	0.815568974255278	108.46950087474609	230.01285668668052
15	-40	4.103464525159804	63.678956757958204	108.45054932068167	3.2287512502815385	0.5759285732849481	9.145499476722794	2.212862956909785	222.31097728988945	208.08980850996042
2	40	4.103464525159804	66.22055272267448	111.99549834213344	2.402447085185709	0.5780357774864677	39.89098472408328	2.723128070403321	315.16884005788893	160.33033735525942
-5	40	4.103464525159804	65.74258415175348	112.03469654541374	2.3422786675790035	0.5773636878108299	37.16485565230982	3.559632945349988	263.1788187611562	150.09327994449117
10	-20	4.103464525159804	81.1944190253097	110.18633196335723	2.8887327826657088	0.5808696189849327	5.165897591121086	3.1886824987897424	306.7059016969317	239.17548744185814
10	-40	4.103464525159804	64.38061953870546	108.51263143326764	3.2054680145076957	0.575485627679431	9.48936524167119	1.65712619437689	306.7059016969317	209.66847845778972
30	10	4.103464525159804	83.62288247038413	110.4493378007884	2.8391380990889026	0.5881650976612288	0	0	108.46950087474609	230.20110713144004
30	2	4.103464525159804	83.62288247038413	110.4493378007884	2.8391380990889026	0.5881650976612288	0	0	108.46950087474609	230.20110713144004
30	5	4.103464525159804	83.62288247038413	110.4493378007884	2.8391380990889026	0.5881650976612288	0	0	108.46950087474609	230.20110713144004
30	0	4.103464525159804	83.62288247038413	110.4493378007884	2.8391380990889026	0.5881650976612288	0	0	108.46950087474609	230.20110713144004
30	-2	4.103464525159804	83.62288247038413	110.4493378007884	2.8391380990889026	0.5881650976612288	0	0	108.46950087474609	230.20110713144004
-10	40	4.103464525159804	65.18392392952839	112.0775065475283	2.2987210916190413	0.5770513677120884	34.10289267268288	5.45312578047739	203.07703078002987	141.03157504034104
0	40	4.103464525159804	66.1213897401924	112.00419783564794	2.3854123760470016	0.5778174675929081	39.295466895506074	2.70389504696737	314.65562932839464	157.72678140768218
30	-5	4.103464525159804	83.62288247038413	110.4493378007884	2.8391380990889026	0.5881650976612288	0	0	108.46950087474609	230.20110713144004
5	-20	4.103464525159804	82.11853056262709	110.285109723986	2.8670952321279426	0.5824694555328812	4.269816532172868	1.4301457543822325	313.75400038458673	238.7145139233418
5	-40	4.103464525159804	64.95456922265336	108.5643850949307	3.184907811855992	0.5750334338113945	9.769241703184855	1.4253189944565865	313.75400038458673	209.34245412400284
-2	40	4.103464525159804	65.99198830399934	112.01491108897838	2.3682416692765695	0.5776204600428001	38.46888408943258	2.8807547413962133	300.265867373234	154.8594616795193
15	20	4.103464525159804	83.62288247038413	110.4493378007884	2.8391380990889026	0.5881650976612288	0	0	222.31097728988945	242.0568981498581
15	10	4.103464525159804	83.62288247038413	110.4493378007884	2.8391380990889026	0.5881650976612288	0	0	222.31097728988945	242.0568981498581
2	-40	4.103464525159804	65.23506663599163	108.59016739332894	3.173843257011978	0.5747533867950343	9.921472124805527	1.4506923849962547	315.16884005788893	208.22827397349704
15	5	4.103464525159804	83.62288247038413	110.4493378007884	2.8391380990889026	0.5881650976612288	0	0	222.31097728988945	242.0568981498581
15	2	4.103464525159804	83.62288247038413	110.4493378007884	2.8391380990889026	0.5881650976612288	0	0	222.31097728988945	242.0568981498581
15	0	4.103464525159804	83.62288247038413	110.4493378007884	2.8391380990889026	0.5881650976612288	0	0	222.31097728988945	242.0568981498581
15	-2	4.103464525159804	83.62288247038413	110.4493378007884	2.8391380990889026	0.5881650976612288	0	0	222.31097728988945	242.0568981498581
15	-5	4.103464525159804	83.62288247038413	110.4493378007884	2.8391380990889026	0.5881650976612288	0	0	222.31097728988945	242.0568981498581
15	-10	4.103464525159804	83.62288247038413	110.4493378007884	2.8391380990889026	0.5881650976612288	0	0	222.31097728988945	242.0568981498581
2	-20	4.103464525159804	82.5044467871115	110.3266839144362	2.8581172561280885	0.583504126156791	3.7861111664613953	0.8795103419211923	315.16884005788893	237.34385616440866
-30	40	4.103464525159804	61.33058242519846	112.37177920804784	2.127987653982249	0.5774748788109505	19.073444713003237	16.86508883048057	85.522965133938	95.31716557546216
-15	40	4.103464525159804	64.44483817131393	112.13356547092594	2.2554350482124206	0.576967882366876	29.984440910907523	7.761552105220521	154.6635536027069	130.77486097195148
10	20	4.103464525159804	83.62288247038413	110.4493378007884	2.8391380990889026	0.5881650976612288	0	0	306.7059016969317	242.350737751781
10	10	4.103464525159804	83.62288247038413	110.4493378007884	2.8391380990889026	0.5881650976612288	0	0	306.7059016969317	242.350737751781
10	5	4.103464525159804	83.62288247038413	110.4493378007884	2.8391380990889026	0.5881650976612288	0	0	306.7059016969317	242.350737751781
10	2	4.103464525159804	83.62288247038413	110.4493378007884	2.8391380990889026	0.5881650976612288	0	0	306.7059016969317	242.350737751781
10	0	4.103464525159804	83.62288247038413	110.4493378007884	2.8391380990889026	0.5881650976612288	0	0	306.7059016969317	242.350737751781
10	-2	4.103464525159804	83.62288247038413	110.4493378007884	2.8391380990889026	0.5881650976612288	0	0	306.7059016969317	242.350737751781
10	-5	4.103464525159804	83.62288247038413	110.4493378007884	2.8391380990889026	0.5881650976612288	0	0	306.7059016969317	242.350737751781
10	-10	4.103464525159804	83.62288247038413	110.4493378007884	2.8391380990889026	0.5881650976612288	0	0	306.7059016969317	242.350737751781
-2	-40	4.103464525159804	65.53166871376318	108.61806727337394	3.1605330004503402	0.574365239525436	10.087543943310928	1.6884198646167972	300.265867373234	205.67524659557293
5	20	4.103464525159804	83.62288247038413	110.4493378007884	2.8391380990889026	0.5881650976612288	0	0	313.75400038458673	240.80014190403642
5	10	4.103464525159804	83.62288247038413	110.4493378007884	2.8391380990889026	0.5881650976612288	0	0	313.75400038458673	240.80014190403642
5	5	4.103464525159804	83.62288247038413	110.4493378007884	2.8391380990889026	0.5881650976612288	0	0	313.75400038458673	240.80014190403642
0	-40	4.103464525159804	65.39460003876627	108.60506178295323	3.166984629667236	0.5745616891874609	9.996112970357808	1.5339380600658095	314.65562932839464	207.10369318600922
5	2	4.103464525159804	83.62288247038413	110.4493378007884	2.8391380990889026	0.5881650976612288	0	0	313.75400038458673	240.80014190403642
5	0	4.103464525159804	83.62288247038413	110.4493378007884	2.8391380990889026	0.5881650976612288	0	0	313.75400038458673	240.80014190403642
5	-2	4.103464525159804	83.62288247038413	110.4493378007884	2.8391380990889026	0.5881650976612288	0	0	313.75400038458673	240.80014190403642
0	-20	4.103464525159804	82.7032342881063	110.34824311699107	2.853477653727269	0.584140555923365	3.477333476737946	0.6655657180006745	314.65562932839464	235.9918309320822
5	-5	4.103464525159804	83.62288247038413	110.4493378007884	2.8391380990889026	0.5881650976612288	0	0	313.75400038458673	240.80014190403642
5	-10	4.103464525159804	83.62288247038413	110.4493378007884	2.8391380990889026	0.5881650976612288	0	0	313.75400038458673	240.80014190403642
-2	-20	4.103464525159804	82.86091218727303	110.36545107683811	2.849763448110988	0.5847051092014556	3.1585678485273725	0.5299949614541576	300.265867373234	234.29929972588258
-5	20	4.103464525159804	83.26851316402899	110.4831668040272	2.8241745098953515	0.5864249865495247	2.416329409341703	0.20622771628280942	263.1788187611562	230.01406011846
2	10	4.103464525159804	83.62288247038413	110.4493378007884	2.8391380990889026	0.5881650976612288	0	0	315.16884005788893	238.98878257848193
2	20	4.103464525159804	83.62288247038413	110.4493378007884	2.8391380990889026	0.5881650976612288	0	0	315.16884005788893	238.98878257848193
2	5	4.103464525159804	83.62288247038413	110.4493378007884	2.8391380990889026	0.5881650976612288	0	0	315.16884005788893	238.98878257848193
-60	-20	4.103464525159804	72.17487446213947	109.74242048321159	2.7253179158271377	0.5577067603697591	10.676873338837698	306.1714875663779	21.541774193074936	63.490124907857506
2	2	4.103464525159804	83.62288247038413	110.4493378007884	2.8391380990889026	0.5881650976612288	0	0	315.16884005788893	238.98878257848193
2	0	4.103464525159804	83.62288247038413	110.4493378007884	2.8391380990889026	0.5881650976612288	0	0	315.16884005788893	238.98878257848193
2	-2	4.103464525159804	83.62288247038413	110.4493378007884	2.8391380990889026	0.5881650976612288	0	0	315.16884005788893	238.98878257848193
2	-5	4.103464525159804	83.62288247038413	110.4493378007884	2.8391380990889026	0.5881650976612288	0	0	315.16884005788893	238.98878257848193
2	-10	4.103464525159804	83.62288247038413	110.4493378007884	2.8391380990889026	0.5881650976612288	0	0	315.16884005788893	238.98878257848193
-2	20	4.103464525159804	83.57190906234594	110.4542910461932	2.8369469609696654	0.5878770987666765	0.9771667288109739	0.012655945827091652	300.265867373234	235.2300325070771
0	20	4.103464525159804	83.62288247038413	110.4493378007884	2.8391380990889026	0.5881650976612288	0	0	314.65562932839464	237.4169115773011
0	10	4.103464525159804	83.62288247038413	110.4493378007884	2.8391380990889026	0.5881650976612288	0	0	314.65562932839464	237.4169115773011
0	5	4.103464525159804	83.62288247038413	110.4493378007884	2.8391380990889026	0.5881650976612288	0	0	314.65562932839464	237.4169115773011
0	2	4.103464525159804	83.62288247038413	110.4493378007884	2.8391380990889026	0.5881650976612288	0	0	314.65562932839464	237.4169115773011
0	0	4.103464525159804	83.62288247038413	110.4493378007884	2.8391380990889026	0.5881650976612288	0	0	314.65562932839464	237.4169115773011
-5	-20	4.103464525159804	83.02968395879272	110.38404064313502	2.8456797187759464	0.5853824747041207	2.6744464718958616	0.4676964499471249	263.1788187611562	231.14065826943028
0	-2	4.103464525159804	83.62288247038413	110.4493378007884	2.8391380990889026	0.5881650976612288	0	0	314.65562932839464	237.4169115773011
-60	40	4.103464525159804	52.389718801052766	113.10750231607233	1.8927454081238828	0.5802908422145703	5.315345886533823	38.29796689382157	21.541774193074936	23.25192421516105
0	-5	4.103464525159804	83.62288247038413	110.4493378007884	2.8391380990889026	0.5881650976612288	0	0	314.65562932839464	237.4169115773011
0	-10	4.103464525159804	83.62288247038413	110.4493378007884	2.8391380990889026	0.5881650976612288	0	0	314.65562932839464	237.4169115773011
60	10	2.601732262579903	63.437381802252126	110.69242444163399	3.450650761113053	0.5867869506061774	4.570823984783002	276.9185971425501	25.991817785431305	141.6872518297506
-2	5	4.103464525159804	83.62288247038413	110.4493378007884	2.8391380990889026	0.5881650976612288	0	0	300.265867373234	235.555784640635
-2	10	4.103464525159804	83.62288247038413	110.4493378007884	2.8391380990889026	0.5881650976612288	0	0	300.265867373234	235.555784640635
60	20	2.601732262579903	62.12346621170995	111.35840841355564	3.2818369642388294	0.5890633310608984	10.81285622842128	229.7591119930061	25.991817785431305	133.63144557012777
-2	2	4.103464525159804	83.62288247038413	110.4493378007884	2.8391380990889026	0.5881650976612288	0	0	300.265867373234	235.555784640635
-2	0	4.103464525159804	83.62288247038413	110.4493378007884	2.8391380990889026	0.5881650976612288	0	0	300.265867373234	235.555784640635
-2	-2	4.103464525159804	83.62288247038413	110.4493378007884	2.8391380990889026	0.5881650976612288	0	0	300.265867373234	235.555784640635
-5	-40	4.103464525159804	65.69419896866968	108.63393491638769	3.151604350295941	0.5740602705989665	10.200720153051885	2.030612019177765	263.1788187611562	202.96741065633185
-2	-5	4.103464525159804	83.62288247038413	110.4493378007884	2.8391380990889026	0.5881650976612288	0	0	300.265867373234	235.555784640635
-10	20	4.103464525159804	82.1505575980715	110.58668060115102	2.7781117701076075	0.5826821105063974	4.241945862928996	1.5832371999699961	203.07703078002987	216.44407227530127
-2	-10	4.103464525159804	83.62288247038413	110.4493378007884	2.8391380990889026	0.5881650976612288	0	0	300.265867373234	235.555784640635
-30	20	4.103464525159804	73.23601053238353	111.36825252294263	2.4317734086969156	0.5774519717572753	2.885369627737397	14.552493345582132	85.522965133938	133.0882545566203
-10	-40	4.103464525159804	65.84647192247036	108.65030836139194	3.1386607854290935	0.5735193869210249	10.339396882165694	2.935056948521832	203.07703078002987	196.97227214854436
-15	20	4.103464525159804	80.34506348530807	110.75031722063568	2.705568882110177	0.5793953592582985	4.973351304119366	4.761529825210794	154.6635536027069	197.92366074915574
-5	10	4.103464525159804	83.62288247038413	110.4493378007884	2.8391380990889026	0.5881650976612288	0	0	263.1788187611562	232.22679519721183
-5	5	4.103464525159804	83.62288247038413	110.4493378007884	2.8391380990889026	0.5881650976612288	0	0	263.1788187611562	232.22679519721183
-15	-40	4.103464525159804	65.84410087614462	108.65352821557495	3.128030589699848	0.5729297992312721	10.414920145865123	4.301048559564074	154.6635536027069	189.18066245146463
-5	2	4.103464525159804	83.62288247038413	110.4493378007884	2.8391380990889026	0.5881650976612288	0	0	263.1788187611562	232.22679519721183
-5	0	4.103464525159804	83.62288247038413	110.4493378007884	2.8391380990889026	0.5881650976612288	0	0	263.1788187611562	232.22679519721183
-5	-2	4.103464525159804	83.62288247038413	110.4493378007884	2.8391380990889026	0.5881650976612288	0	0	263.1788187611562	232.22679519721183
-5	-5	4.103464525159804	83.62288247038413	110.4493378007884	2.8391380990889026	0.5881650976612288	0	0	263.1788187611562	232.22679519721183
-5	-10	4.103464525159804	83.62288247038413	110.4493378007884	2.8391380990889026	0.5881650976612288	0	0	263.1788187611562	232.22679519721183
-10	-20	4.103464525159804	83.16014621054236	110.39876651234394	2.842027853629669	0.5859924022938091	1.6755864263790805	0.5468040824022588	203.07703078002987	224.29077726686754
-30	-40	4.103464525159804	64.82959336662559	108.57868822995947	3.1083826729962682	0.5707954460067605	10.13182716069189	11.817635070771454	85.522965133938	156.015050884216
-15	-20	4.103464525159804	83.14783521300113	110.39801162301492	2.840931932844212	0.5859894805622354	0.9699435919202501	0.7575708185428092	154.6635536027069	215.5577933197838
-60	-10	4.103464525159804	74.7635014603053	110.69864938803438	2.5065256202531554	0.5622399920392289	6.25253576175069	348.8308108742108	21.541774193074936	57.29491170275115
-10	10	4.103464525159804	83.62288247038413	110.4493378007884	2.8391380990889026	0.5881650976612288	0	0	203.07703078002987	225.26929268329894
-10	5	4.103464525159804	83.62288247038413	110.4493378007884	2.8391380990889026	0.5881650976612288	0	0	203.07703078002987	225.26929268329894
-10	2	4.103464525159804	83.62288247038413	110.4493378007884	2.8391380990889026	0.5881650976612288	0	0	203.07703078002987	225.26929268329894
-10	0	4.103464525159804	83.62288247038413	110.4493378007884	2.8391380990889026	0.5881650976612288	0	0	203.07703078002987	225.26929268329894
-10	-2	4.103464525159804	83.62288247038413	110.4493378007884	2.8391380990889026	0.5881650976612288	0	0	203.07703078002987	225.26929268329894
-10	-5	4.103464525159804	83.62288247038413	110.4493378007884	2.8391380990889026	0.5881650976612288	0	0	203.07703078002987	225.26929268329894
-10	-10	4.103464525159804	83.62288247038413	110.4493378007884	2.8391380990889026	0.5881650976612288	0	0	203.07703078002987	225.26929268329894
-30	10	4.103464525159804	81.4352292481903	110.63766194047756	2.736387211027999	0.5815372845264214	0.9672601830381526	6.7640612075622855	85.522965133938	169.30483487882148
30	20	2.601732262579903	74.43697543644994	110.99161382513766	2.980354012781528	0.5770397320496029	32.44344031204759	81.75677061809857	108.46950087474609	213.60301626286815
-60	-5	4.103464525159804	72.59268125222987	111.05877197758748	2.3784972667328264	0.5661407200705215	2.482983305851029	170.17195980314307	21.541774193074936	50.739118259231404
-15	10	4.103464525159804	83.62288247038413	110.4493378007884	2.8391380990889026	0.5881650976612288	0	0	154.6635536027069	216.59735483074832
-15	5	4.103464525159804	83.62288247038413	110.4493378007884	2.8391380990889026	0.5881650976612288	0	0	154.6635536027069	216.59735483074832
-15	2	4.103464525159804	83.62288247038413	110.4493378007884	2.8391380990889026	0.5881650976612288	0	0	154.6635536027069	216.59735483074832
-30	2	4.103464525159804	83.6224412520402	110.44938052395757	2.839113388782929	0.5881624646996242	0	0	85.522965133938	181.01441178638467
-15	0	4.103464525159804	83.62288247038413	110.4493378007884	2.8391380990889026	0.5881650976612288	0	0	154.6635536027069	216.59735483074832
-15	-2	4.103464525159804	83.62288247038413	110.4493378007884	2.8391380990889026	0.5881650976612288	0	0	154.6635536027069	216.59735483074832
-15	-5	4.103464525159804	83.62288247038413	110.4493378007884	2.8391380990889026	0.5881650976612288	0	0	154.6635536027069	216.59735483074832
-15	-10	4.103464525159804	83.62288247038413	110.4493378007884	2.8391380990889026	0.5881650976612288	0	0	154.6635536027069	216.59735483074832
-30	5	4.103464525159804	83.37845963263486	110.47118947195904	2.826379744904649	0.5870157436183052	0.057707364696580006	0.7964341811526481	85.522965133938	179.61461047219743
-30	-20	4.103464525159804	82.52301820493396	110.33745400347146	2.8403432681190055	0.5837185809206471	1.266047511401255	4.739010894871989	85.522965133938	178.90578847440378
-60	20	4.103464525159804	60.510638691435055	112.26686464321764	1.960442579409189	0.5755153705415302	1.5783315596689786	28.635550955125833	21.541774193074936	29.15465252384132
-60	-2	4.103464525159804	70.71976035467877	111.2592468409795	2.2984209014175825	0.5674020524650627	1.7185317365334478	131.52830325907428	21.541774193074936	46.521287111696346
60	40	2.601732262579903	47.83816290223213	113.4428079480901	2.614032129887831	0.5990859380030088	12.51776174827431	78.3639827660714	25.991817785431305	87.34481730356076
-60	10	4.103464525159804	63.62350108192767	111.9922126300759	2.046337244695358	0.5737153751675657	0.9289631105429303	33.544277288161496	21.541774193074936	33.48610050108972
-60	5	4.103464525159804	65.93036222513008	111.76206991640437	2.122634765675405	0.5698453948143543	1.2370486413270623	91.8134466479712	21.541774193074936	37.43636695201072
-30	0	4.103464525159804	83.62288247038413	110.4493378007884	2.8391380990889026	0.5881650976612288	0	0	85.522965133938	181.01704629653312
-30	-2	4.103464525159804	83.62288247038413	110.4493378007884	2.8391380990889026	0.5881650976612288	0	0	85.522965133938	181.01704629653312
-30	-5	4.103464525159804	83.62288247038413	110.4493378007884	2.8391380990889026	0.5881650976612288	0	0	85.522965133938	181.01704629653312
-30	-10	4.103464525159804	83.62288247038413	110.4493378007884	2.8391380990889026	0.5881650976612288	0	0	85.522965133938	181.01704629653312
-60	2	4.103464525159804	68.0212284890363	111.53931400189668	2.195155655817735	0.5687734135320784	1.3631809092466116	107.31722741068056	21.541774193074936	41.15322434472272
-60	0	4.103464525159804	69.39034485719174	111.3968325776114	2.2460717070563465	0.5681140192891743	1.4681852367592843	116.88622833253518	21.541774193074936	43.78771410213207
-60	-40	4.103464525159804	57.600092538412035	108.03279828361593	3.0984214718834413	0.5650657732741967	6.0369576148443045	49.06282774774094	21.541774193074936	61.047424753867396
60	5	2.601732262579903	60.19069431365523	110.11862903276621	3.6345100519881113	0.5872768007561258	3.4950869222577103	350.9061271112717	25.991817785431305	139.99462595504593
30	-10	2.601732262579903	72.31819817428536	109.38599025214486	3.135259820061814	0.5740846525396628	9.409191776606555	88.13517662272746	108.46950087474609	217.1178150984811
60	-20	2.601732262579903	50.47441571948559	107.64401360922456	3.7920807007590813	0.5822653808336099	5.226597129826761	90.9340711274768	25.991817785431305	121.15358670645445
60	-10	2.601732262579903	51.641318160956644	108.20399635636758	3.8923714221453025	0.5854868461183065	4.688551422819198	208.90930790366417	25.991817785431305	126.68814422169577
60	2	2.601732262579903	58.0851848185309	109.7188661487541	3.733685480332703	0.5886279545930777	2.7369203117324497	347.42532872065925	25.991817785431305	138.04580217802012
60	-5	2.601732262579903	53.54739834579522	108.73610868977086	3.882204510588842	0.5889597285163813	3.4390819438912805	304.927792673005	25.991817785431305	131.25304505266033
60	-2	2.601732262579903	55.36200504473966	109.15418298372904	3.8357802482043772	0.5898562151400423	2.6723202212862485	332.83974275720163	25.991817785431305	134.45884161085104
60	0	2.601732262579903	56.69821375932836	109.43896343455037	3.789781474900409	0.5894635584023659	2.5527634648750386	342.0703935060578	25.991817785431305	136.3808148212771
30	40	2.601732262579903	52.80592054160773	113.14438185174131	2.4554692582576814	0.5867663248638314	30.624193206928574	24.547921544126257	108.46950087474609	127.78409229754853
60	-40	2.601732262579903	48.45328340556253	107.22683785158448	3.6962453495689713	0.5807376655033487	4.220029841139093	22.40275867457907	25.991817785431305	113.91639459202935
15	20	2.601732262579903	76.85827687589878	110.97624547075695	2.802712025705621	0.5712784118294763	75.09914288797758	49.95873487278197	222.31097728988945	219.43573460636955
30	10	2.601732262579903	81.1111135699791	110.56646172636138	2.910817401598184	0.5816656470795825	1.9253590928986755	14.927481240711337	108.46950087474609	228.05806097400222
30	-5	2.601732262579903	79.8168044749957	110.12470360650636	2.9518043430719674	0.576874719379799	2.692781298939951	81.77313220704912	108.46950087474609	227.06084259056485
30	-20	2.601732262579903	62.39648609497697	108.40322107245834	3.3355828620609884	0.5739331078290479	10.63122382423802	26.992206139826095	108.46950087474609	198.1504024616897
10	20	2.601732262579903	76.29801640157032	111.0709281081697	2.7118673688242874	0.5702061151782792	76.41936314088557	36.15795669657983	306.7059016969317	211.3213390087765
30	5	2.601732262579903	82.76433195074765	110.4868053183889	2.8655812230798023	0.5845925657789098	0.3756498519943443	11.410763324754168	108.46950087474609	229.5851464388818
30	-2	2.601732262579903	82.60606321714563	110.37184059163799	2.8713048177207683	0.5834703792834172	0.34713854088691504	65.75792508349618	108.46950087474609	229.50922516208593
15	40	2.601732262579903	53.81238315348797	113.10372959577457	2.3407947679051713	0.5827047688268068	33.70930120565307	7.439745536246	222.31097728988945	129.7873539156873
30	2	2.601732262579903	83.31614659556311	110.46075019383838	2.8490328062796495	0.5866027974967093	0.07177797872420816	13.577695860810312	108.46950087474609	230.00556910328933
15	-10	2.601732262579903	80.24152115919094	110.10556799977682	2.9199118858188076	0.5771528147067966	7.26016291911543	17.982417461260603	222.31097728988945	238.30098398959947
30	-40	2.601732262579903	53.95459193805771	107.61873646233367	3.4748516272753784	0.5749199404593952	10.138278583654065	7.563224715600174	108.46950087474609	177.87586678172957
30	0	2.601732262579903	83.38075196964056	110.44315054182294	2.8471522741681277	0.5868118160096318	0.02872221552433259	77.3290023426873	108.46950087474609	230.05684215656706
5	20	2.601732262579903	75.10003578136774	111.20677286414613	2.6129730711605776	0.5712418856419816	64.54349557968196	20.440758149313044	313.75400038458673	199.2266464078539
10	40	2.601732262579903	53.941893645821914	113.10113094086782	2.3007718392260457	0.5816502250747605	33.47292072701192	4.468741070648217	306.7059016969317	127.67077682035297
15	-20	2.601732262579903	67.10772493851331	108.785984956638	3.1809848798288356	0.5716500551640872	12.767143233220507	11.016894310976658	222.31097728988945	216.12374126427747
10	-10	2.601732262579903	81.7890432182089	110.25791072161121	2.880905055367354	0.5806721347339389	5.629247939429687	6.874084003902807	306.7059016969317	240.29377920553262
15	-40	2.601732262579903	55.962305640429236	107.77257764050884	3.386365491950253	0.5725371766127121	12.631096367914834	2.913391780446898	222.31097728988945	191.3441559311974
2	20	2.601732262579903	74.24752396117029	111.29077320117037	2.5562457405128587	0.572060583690398	55.36259515144391	13.745061861643949	315.16884005788893	191.1616230151273
10	-20	2.601732262579903	68.4202989367061	108.90263156748507	3.138422766793083	0.5709924965074373	13.424470714674962	8.572838180142313	306.7059016969317	218.2535612284907
15	10	2.601732262579903	83.5861460656679	110.45152072361962	2.8402953213460407	0.5879644176488522	0.021904459747307505	0.04831734267318672	222.31097728988945	242.03965041112423
5	40	2.601732262579903	53.97498322737308	113.10328430590732	2.2605715597850966	0.5807417253081126	32.64940552697288	2.8486571112452617	313.75400038458673	124.28195323228705
15	-5	2.601732262579903	83.61033513636053	110.44795818033089	2.839547048973226	0.5880928735671204	0.004332170931170543	0.0376150048978624	222.31097728988945	242.05204275358508
10	-40	2.601732262579903	56.47889177485376	107.81410864498166	3.3603909023439353	0.5717833585811485	13.331195070464798	2.088548297883962	306.7059016969317	192.5155404985382
15	2	2.601732262579903	83.62288247038413	110.4493378007884	2.8391380990889026	0.5881650976612288	0	0	222.31097728988945	242.0568981498581
15	5	2.601732262579903	83.62288247038413	110.4493378007884	2.8391380990889026	0.5881650976612288	0	0	222.31097728988945	242.0568981498581
2	40	2.601732262579903	53.9503723026502	113.10675855443816	2.2365230986316473	0.5802657443639907	31.901148263712024	2.483723017245697	315.16884005788893	121.68029830067726
15	0	2.601732262579903	83.62288247038413	110.4493378007884	2.8391380990889026	0.5881650976612288	0	0	222.31097728988945	242.0568981498581
15	-2	2.601732262579903	83.62288247038413	110.4493378007884	2.8391380990889026	0.5881650976612288	0	0	222.31097728988945	242.0568981498581
5	-20	2.601732262579903	69.5843779659838	109.0107378075732	3.099902165548888	0.5703364579972181	14.092696746837799	7.739480514544712	313.75400038458673	218.34284924752578
5	-40	2.601732262579903	56.908495780367595	107.8498140329796	3.336139499919945	0.5710393821573364	13.92128742412202	1.6954393023022725	313.75400038458673	191.96452577367864
5	-10	2.601732262579903	82.78827066894142	110.35964292740758	2.8564849981674665	0.5841314805149019	4.265584990894728	1.8654468418754968	313.75400038458673	239.79834730953078
0	20	2.601732262579903	73.64244506733304	111.34654412314772	2.5199214445723013	0.5725710284736456	49.33702087754988	11.075200546987826	314.65562932839464	185.57317655591024
2	-20	2.601732262579903	70.20606782393753	109.07072662978342	3.0786133443067514	0.5699288420800938	14.511979646021302	8.089983319504638	315.16884005788893	217.4020870465587
2	-40	2.601732262579903	57.12185216886941	107.86820703504372	3.3223946231781065	0.5705951599057895	14.224626761856317	1.6865829333872795	315.16884005788893	190.80321993415592
-2	20	2.601732262579903	73.0133894601887	111.40199885608952	2.4848080991113135	0.5730217918632824	43.409350859551324	9.36447793647423	300.265867373234	179.8536083854469
10	10	2.601732262579903	83.62288247038413	110.4493378007884	2.8391380990889026	0.5881650976612288	0	0	306.7059016969317	242.350737751781
10	5	2.601732262579903	83.62288247038413	110.4493378007884	2.8391380990889026	0.5881650976612288	0	0	306.7059016969317	242.350737751781
10	2	2.601732262579903	83.62288247038413	110.4493378007884	2.8391380990889026	0.5881650976612288	0	0	306.7059016969317	242.350737751781
10	0	2.601732262579903	83.62288247038413	110.4493378007884	2.8391380990889026	0.5881650976612288	0	0	306.7059016969317	242.350737751781
10	-2	2.601732262579903	83.62288247038413	110.4493378007884	2.8391380990889026	0.5881650976612288	0	0	306.7059016969317	242.350737751781
10	-5	2.601732262579903	83.62288247038413	110.4493378007884	2.8391380990889026	0.5881650976612288	0	0	306.7059016969317	242.350737751781
0	40	2.601732262579903	53.91598939301637	113.10996965997657	2.2205634111747012	0.5799766959854826	31.371902707140634	2.487499042576239	314.65562932839464	119.72387332341543
-10	20	2.601732262579903	70.33081152810821	111.61977944475663	2.356429769282806	0.573822626424478	20.818877012269997	8.917467785667839	203.07703078002987	156.20382181936412
0	-20	2.601732262579903	70.58661905069552	109.1084390135684	3.06514033742729	0.569645987353935	14.80670370244854	8.723402437662719	314.65562932839464	216.35789333490044
-5	40	2.601732262579903	53.76909263437592	113.12111995774298	2.1810568195792586	0.5793528921421072	29.585760487956485	3.2121852350407014	263.1788187611562	114.11217241712467
5	10	2.601732262579903	83.62288247038413	110.4493378007884	2.8391380990889026	0.5881650976612288	0	0	313.75400038458673	240.80014190403642
5	5	2.601732262579903	83.62288247038413	110.4493378007884	2.8391380990889026	0.5881650976612288	0	0	313.75400038458673	240.80014190403642
5	2	2.601732262579903	83.62288247038413	110.4493378007884	2.8391380990889026	0.5881650976612288	0	0	313.75400038458673	240.80014190403642
5	0	2.601732262579903	83.62288247038413	110.4493378007884	2.8391380990889026	0.5881650976612288	0	0	313.75400038458673	240.80014190403642
-5	20	2.601732262579903	72.03358501576521	111.48444448381709	2.434421694039523	0.5735370188692623	34.34432292139757	8.374212011249496	263.1788187611562	171.09207780817184
5	-2	2.601732262579903	83.62288247038413	110.4493378007884	2.8391380990889026	0.5881650976612288	0	0	313.75400038458673	240.80014190403642
5	-5	2.601732262579903	83.62288247038413	110.4493378007884	2.8391380990889026	0.5881650976612288	0	0	313.75400038458673	240.80014190403642
2	-10	2.601732262579903	83.16598125219772	110.3994098417678	2.847464521438781	0.585776893875839	3.434781751169	0.6324543171566829	315.16884005788893	238.36811009013368
-2	40	2.601732262579903	53.8675482627808	113.11389337112912	2.204684915269783	0.5797102725126743	30.668788602316706	2.647069394181097	300.265867373234	117.59879858871497
-2	-20	2.601732262579903	70.9388600427334	109.14418765397555	3.052218295746158	0.5693509834439685	15.121865198354287	9.685434988310654	300.265867373234	214.97942822611915
0	-40	2.601732262579903	57.244739878786035	107.87913345699258	3.313558261063535	0.5702991208331422	14.407627629377078	1.7851297333352494	314.65562932839464	189.68378072778464
-10	40	2.601732262579903	53.5382746333575	113.13679480799203	2.1423040653126186	0.5788675968199489	27.50801047003289	4.877144938801639	203.07703078002987	107.57115456107636
2	10	2.601732262579903	83.62288247038413	110.4493378007884	2.8391380990889026	0.5881650976612288	0	0	315.16884005788893	238.98878257848193
2	5	2.601732262579903	83.62288247038413	110.4493378007884	2.8391380990889026	0.5881650976612288	0	0	315.16884005788893	238.98878257848193
2	2	2.601732262579903	83.62288247038413	110.4493378007884	2.8391380990889026	0.5881650976612288	0	0	315.16884005788893	238.98878257848193
2	0	2.601732262579903	83.62288247038413	110.4493378007884	2.8391380990889026	0.5881650976612288	0	0	315.16884005788893	238.98878257848193
2	-2	2.601732262579903	83.62288247038413	110.4493378007884	2.8391380990889026	0.5881650976612288	0	0	315.16884005788893	238.98878257848193
2	-5	2.601732262579903	83.62288247038413	110.4493378007884	2.8391380990889026	0.5881650976612288	0	0	315.16884005788893	238.98878257848193
0	-10	2.601732262579903	83.33671643435272	110.41779267535651	2.843462165536621	0.5866090777767595	2.8471318379770874	0.3008221381660342	314.65562932839464	236.9648001811359
-2	-40	2.601732262579903	57.351677947268506	107.88895200085368	3.3049774761399835	0.5700027606813783	14.586379130892121	1.9656808874562797	300.265867373234	188.289651528375
-5	-20	2.601732262579903	71.41170599635716	109.19386656227121	3.033817038168063	0.568878959555896	15.63615726240865	11.856529882123546	263.1788187611562	212.28496285716395
-2	-10	2.601732262579903	83.44822021242952	110.4300118473554	2.8409143000737256	0.5871945202984156	2.0975591381704852	0.1937877183500518	300.265867373234	235.2147388184934
-5	10	2.601732262579903	83.12743777342682	110.49545974256846	2.8176854410573533	0.5856531460379604	3.3690299923114426	0.901395332598243	263.1788187611562	229.09259011587827
0	10	2.601732262579903	83.62288247038413	110.4493378007884	2.8391380990889026	0.5881650976612288	0	0	314.65562932839464	237.4169115773011
0	5	2.601732262579903	83.62288247038413	110.4493378007884	2.8391380990889026	0.5881650976612288	0	0	314.65562932839464	237.4169115773011
0	2	2.601732262579903	83.62288247038413	110.4493378007884	2.8391380990889026	0.5881650976612288	0	0	314.65562932839464	237.4169115773011
0	0	2.601732262579903	83.62288247038413	110.4493378007884	2.8391380990889026	0.5881650976612288	0	0	314.65562932839464	237.4169115773011
0	-2	2.601732262579903	83.62288247038413	110.4493378007884	2.8391380990889026	0.5881650976612288	0	0	314.65562932839464	237.4169115773011
0	-5	2.601732262579903	83.62288247038413	110.4493378007884	2.8391380990889026	0.5881650976612288	0	0	314.65562932839464	237.4169115773011
-2	10	2.601732262579903	83.58268422005091	110.4532188681505	2.837273553986603	0.5879327045295701	0.6769977972880257	0.026885130706206288	300.265867373234	235.28748005712188
-30	40	2.601732262579903	51.853038930634945	113.2485397515916	1.998501472210637	0.5782525917066219	17.45046204689196	17.02966080812731	85.522965133938	74.75272791765163
-15	-20	2.601732262579903	72.45245078140888	109.32048744819527	2.9797795851878606	0.5668996148826935	17.71572323249038	27.056985793292448	154.6635536027069	197.90543725210557
-5	-40	2.601732262579903	57.481311659869064	107.90153171466676	3.2925729756184845	0.5695569409767159	14.803320459561387	2.4092956050662906	263.1788187611562	185.6878351509724
-30	-20	2.601732262579903	72.02888233948514	109.37456028122462	2.9082880011334926	0.561687707498226	22.63157405150823	92.91064883542768	85.522965133938	161.18676856037567
-15	40	2.601732262579903	53.22756775033224	113.15713237753008	2.104523540755433	0.5785176597632243	25.237621981958693	7.3046228635032	154.6635536027069	100.2318881357554
-2	5	2.601732262579903	83.62288247038413	110.4493378007884	2.8391380990889026	0.5881650976612288	0	0	300.265867373234	235.555784640635
-2	2	2.601732262579903	83.62288247038413	110.4493378007884	2.8391380990889026	0.5881650976612288	0	0	300.265867373234	235.555784640635
-2	0	2.601732262579903	83.62288247038413	110.4493378007884	2.8391380990889026	0.5881650976612288	0	0	300.265867373234	235.555784640635
-2	-2	2.601732262579903	83.62288247038413	110.4493378007884	2.8391380990889026	0.5881650976612288	0	0	300.265867373234	235.555784640635
-2	-5	2.601732262579903	83.62288247038413	110.4493378007884	2.8391380990889026	0.5881650976612288	0	0	300.265867373234	235.555784640635
-15	20	2.601732262579903	68.605918960085	111.7497706557394	2.284570375628241	0.5735169430315865	14.378549941070988	10.668440395903259	154.6635536027069	141.2107685560626
-30	20	2.601732262579903	63.65443171750732	112.09454228709563	2.0929439498253624	0.5721413829308708	7.609596505311541	21.52727001711892	85.522965133938	97.16670373212541
-5	-10	2.601732262579903	83.51663205533951	110.43764695127278	2.83948220878104	0.587575963669176	0.5914706048231391	0.17685814870685004	263.1788187611562	231.9646479085355
-10	-20	2.601732262579903	72.04127097083246	109.26515717698969	3.005538599296615	0.5679844507433041	16.590389638518488	17.683697125423297	203.07703078002987	206.1279604750621
-10	10	2.601732262579903	81.3580957574552	110.6507367415536	2.7441852873172836	0.5791980913477717	6.1792138096742075	7.221158696320624	203.07703078002987	211.68711442794535
-10	-40	2.601732262579903	57.612056133956465	107.916515291598	3.2730882969221593	0.5688082330340418	15.067367812513387	3.6334590371841706	203.07703078002987	180.01406703469073
-5	5	2.601732262579903	83.62288247038413	110.4493378007884	2.8391380990889026	0.5881650976612288	0	0	263.1788187611562	232.22679519721183
-5	2	2.601732262579903	83.62288247038413	110.4493378007884	2.8391380990889026	0.5881650976612288	0	0	263.1788187611562	232.22679519721183
-5	0	2.601732262579903	83.62288247038413	110.4493378007884	2.8391380990889026	0.5881650976612288	0	0	263.1788187611562	232.22679519721183
-5	-2	2.601732262579903	83.62288247038413	110.4493378007884	2.8391380990889026	0.5881650976612288	0	0	263.1788187611562	232.22679519721183
-5	-5	2.601732262579903	83.62288247038413	110.4493378007884	2.8391380990889026	0.5881650976612288	0	0	263.1788187611562	232.22679519721183
-15	-40	2.601732262579903	57.630994506284054	107.92364259427157	3.254984308486409	0.5680493389738833	15.17612291500452	5.513682787191965	154.6635536027069	172.72305393538338
-10	5	2.601732262579903	83.62082957422172	110.44953631655093	2.839024742557919	0.5881529044297986	0	0	203.07703078002987	225.25460453775514
-10	-10	2.601732262579903	83.52088629225503	110.43828871383083	2.8391364557781733	0.5876072547824346	0.22297194654137595	0.2968895273819382	203.07703078002987	225.00248346359538
-15	10	2.601732262579903	78.67657256108316	110.87644981540261	2.6352289979682895	0.5733973008761226	6.745924282872504	19.39800127822882	154.6635536027069	188.59007368396138
-30	10	2.601732262579903	69.62070610585856	111.59641968628458	2.280049113458152	0.5694756471799545	2.9923545105653746	48.71615864272578	85.522965133938	117.64803714604385
-30	5	2.601732262579903	74.73197863697838	111.1332980013222	2.4617679034152466	0.5684323563471152	3.5726605809417236	64.2548964419299	85.522965133938	138.08506924347634
-30	-5	2.601732262579903	82.64910834102187	110.50067748407088	2.7945988852169785	0.583375823470478	1.755598566826167	50.057838068835444	85.522965133938	175.9190995468585
-10	2	2.601732262579903	83.62288247038413	110.4493378007884	2.8391380990889026	0.5881650976612288	0	0	203.07703078002987	225.26929268329894
-10	0	2.601732262579903	83.62288247038413	110.4493378007884	2.8391380990889026	0.5881650976612288	0	0	203.07703078002987	225.26929268329894
-10	-2	2.601732262579903	83.62288247038413	110.4493378007884	2.8391380990889026	0.5881650976612288	0	0	203.07703078002987	225.26929268329894
-10	-5	2.601732262579903	83.62288247038413	110.4493378007884	2.8391380990889026	0.5881650976612288	0	0	203.07703078002987	225.26929268329894
-30	-10	2.601732262579903	82.53593093996737	110.37856642702364	2.82427205858284	0.5826902054663465	6.7536450588732535	83.90161200572716	85.522965133938	177.82748026571144
-15	5	2.601732262579903	83.01702879544077	110.50218376693458	2.809332702799151	0.5852969178232537	0.5506822316442537	3.1585719722122216	154.6635536027069	212.69967473546922
-15	-10	2.601732262579903	83.4824385367992	110.43450859805664	2.83892578809237	0.5874102518264729	0.23516755228578415	0.7484235977243207	154.6635536027069	216.23277091608864
-15	2	2.601732262579903	83.62079206405285	110.4495378070816	2.839022150230946	0.5881526727114568	0	0	154.6635536027069	216.58284387385976
-60	40	2.601732262579903	47.436887582701495	113.59141887154146	1.8260467471527582	0.5810105284096917	4.714493204683386	34.178150225051276	21.541774193074936	19.442174220222306
-30	-40	2.601732262579903	56.96398995964985	107.89468594174271	3.207418350306484	0.5657060104207983	14.413721493553853	15.736224476899078	85.522965133938	142.1167679542081
-60	-20	2.601732262579903	59.42172514602319	109.16821842091298	2.548289566680994	0.5390649414481754	21.541774193074936	571.5066328624138	21.541774193074936	47.97120920439991
-15	0	2.601732262579903	83.62288247038413	110.4493378007884	2.8391380990889026	0.5881650976612288	0	0	154.6635536027069	216.59735483074832
-15	-2	2.601732262579903	83.62288247038413	110.4493378007884	2.8391380990889026	0.5881650976612288	0	0	154.6635536027069	216.59735483074832
-15	-5	2.601732262579903	83.62288247038413	110.4493378007884	2.8391380990889026	0.5881650976612288	0	0	154.6635536027069	216.59735483074832
60	10	1.100000000000001	49.350415352991604	110.25102816561979	3.938120204528357	0.5937605905299597	8.710626639843582	509.61049305227516	25.991817785431305	122.55049759852469
-30	0	2.601732262579903	79.57537811446923	110.73112190538019	2.6557308085140603	0.5744267153012984	1.8567729986445074	55.03714962264873	85.522965133938	160.16271536829922
-30	-2	2.601732262579903	81.05956623147735	110.61747044335407	2.720895071304385	0.5779731209025037	1.5929477370747738	51.6317363335751	85.522965133938	167.5807389769201
-30	2	2.601732262579903	77.8081872275032	110.8723089078124	2.5817744770314963	0.5714594911934429	2.3638582468354343	59.10633709527399	85.522965133938	151.73783382650387
30	10	1.100000000000001	59.782381716813035	111.21854090949222	3.3747781560332593	0.5623407063949812	48.90883296320701	463.85831815376025	108.46950087474609	191.53162961207937
-60	20	2.601732262579903	54.4923413509905	112.69095397019753	1.7832535480188934	0.5727688885037309	2.415494051754899	47.98612739331097	21.541774193074936	21.556863232297392
-60	-10	2.601732262579903	61.86795395823826	110.82840560193819	2.1020411766130382	0.5417769158596515	8.965759336800044	524.6170086613071	21.541774193074936	35.99650890476345
60	20	1.100000000000001	49.57367160844582	111.9931674397307	3.409159261704542	0.5959976067166209	16.601919241881575	374.49095219422344	25.991817785431305	110.08967524891489
30	5	1.100000000000001	58.739312343365356	110.41238229055934	3.604066520510589	0.5573714536466597	23.785182115237312	572.6379894071326	108.46950087474609	199.70772286579194
-60	10	2.601732262579903	57.17375177967976	112.36130286484001	1.8202796422427194	0.5689518398634833	1.3756520352436847	59.29045152838224	21.541774193074936	23.86507149788815
-60	-5	2.601732262579903	61.23083102562862	111.48117388879494	1.9762568187282674	0.5515345652072946	4.112840402428166	389.98820530153614	21.541774193074936	31.257449238009194
60	40	1.100000000000001	41.45534366002276	114.08932615990288	2.513416927613359	0.602749663111332	11.255734261683639	69.02811661925182	25.991817785431305	73.73682638912672
-60	2	2.601732262579903	58.57885840702559	112.12251728331002	1.8529314352747903	0.5647129874055716	1.432038216719167	121.4486681962187	21.541774193074936	25.622974044663167
-60	0	2.601732262579903	59.32762388372106	111.9873790973153	1.8798581945954755	0.5600306247334608	1.7782684906646502	197.543797551911	21.541774193074936	26.98981800613529
-60	5	2.601732262579903	58.21339304197562	112.20945644177986	1.8431549201486743	0.5663285913801388	1.1961063570594492	75.31150875411579	21.541774193074936	25.097104301405306
-60	-2	2.601732262579903	60.17013700425105	111.80689551053274	1.9151030530315412	0.556710220078341	2.4637190796275523	280.115069301297	21.541774193074936	28.6064676149937
-60	-40	2.601732262579903	52.1698642584764	107.61018811554088	3.1262016075143175	0.5615662837281618	7.32521613479723	58.16489436019434	21.541774193074936	56.17495183999198
60	5	1.100000000000001	46.085538958839535	109.36674356382684	4.1735584335786315	0.598569762445482	3.401072491508947	346.3759956264848	25.991817785431305	120.06001082011083
30	20	1.100000000000001	49.78209605453543	112.98221162181814	2.837366666874401	0.5743354234366043	73.45668323282766	212.6072186900979	108.46950087474609	136.6219508132698
60	2	1.100000000000001	44.1193027678584	108.8344892111482	4.2806927280701315	0.599190587336527	2.4607389396208967	324.07289605428906	25.991817785431305	117.3247250667268
60	-2	1.100000000000001	42.046347060584424	108.1853867771971	4.365301460490124	0.5958330313376003	2.4358891739900748	250.66172665914846	25.991817785431305	113.46868024755976
15	10	1.100000000000001	62.076514546126646	111.76682200432462	2.971953577558842	0.5412263099651022	144.06181356661128	339.0061240298562	222.31097728988945	186.89788371716386
60	0	1.100000000000001	42.96867453501707	108.49067879334142	4.332568294022397	0.5980894462854439	2.299857825495297	299.73006394616476	25.991817785431305	115.33844123635322
60	-5	1.100000000000001	41.24673152843856	107.85334092374771	4.378925940174416	0.5927282094074813	2.7439829261602613	185.95080718306545	25.991817785431305	111.48086813845305
30	2	1.100000000000001	55.33310322451202	109.73508988687803	3.7888749140653335	0.5562927720519248	15.543563326266167	599.7361772935232	108.46950087474609	196.9531076217846
60	-20	1.100000000000001	41.869683592666945	107.12310005341875	4.161775703040839	0.5827888830611677	5.786931906484769	93.88677762008439	25.991817785431305	108.25816301044928
60	-10	1.100000000000001	40.8637395775295	107.49923433040084	4.344686952018951	0.5886890941636996	3.534106011326546	132.9738599482948	25.991817785431305	109.60321795700425
30	-5	1.100000000000001	48.66194214268724	108.09163580366243	3.9909007659222246	0.5563084975474372	18.515603837004733	332.48376209797914	108.46950087474609	181.72197406000592
30	-2	1.100000000000001	50.584479581913314	108.66072950683362	3.967933996045337	0.5566031067810867	14.52336949450109	535.8332298020545	108.46950087474609	187.90278698177138
30	40	1.100000000000001	42.25000522807516	114.19113371932801	2.2903364891309064	0.5902445055661047	24.586227491180306	19.440004308261162	108.46950087474609	96.27136196621508
15	2	1.100000000000001	70.05388472883911	110.39238398733157	3.2083149625005913	0.5374566957079914	29.089998945066462	683.5869287539443	222.31097728988945	226.84136574350865
15	5	1.100000000000001	70.01505489433832	110.8535100324557	3.138838614992398	0.5470014201546366	68.42255092651168	475.9235544418577	222.31097728988945	222.18995286059868
30	-10	1.100000000000001	47.850856081039645	107.60053340360535	3.9143620547602542	0.557664801358764	21.850118451948287	179.17605126369855	108.46950087474609	175.55375558310564
60	-40	1.100000000000001	44.08439516310463	106.89357079604295	3.8398217518255398	0.5803677275586966	4.741904392961955	25.80260524377427	25.991817785431305	106.79550846081132
30	0	1.100000000000001	52.910497945121186	109.21257546786526	3.893082789301515	0.5565808900211269	13.339467018665713	598.5654258079031	108.46950087474609	193.11268458389054
15	-2	1.100000000000001	63.72836879053442	109.32077106612142	3.3841509973468917	0.5217744309527337	42.67019108466079	790.4556111999718	222.31097728988945	216.9239754060755
15	20	1.100000000000001	48.27910930923345	113.51331128100651	2.4307865422379478	0.5662364740179218	66.9198261845583	53.41878252451391	222.31097728988945	120.43283117699247
10	2	1.100000000000001	75.05077133763182	110.51704680091163	3.04986993029006	0.5494839137287219	36.91480991993232	634.707607202855	306.7059016969317	232.57877045815167
10	10	1.100000000000001	60.80962833705275	112.09807674051291	2.739092319623522	0.5325124017005952	166.42975174421883	259.05349499964973	306.7059016969317	169.65577154276409
15	-5	1.100000000000001	58.16549457359411	108.42298420691532	3.504827888020744	0.5322645230450433	42.00635839878474	407.11141880546774	222.31097728988945	204.92657474017176
10	5	1.100000000000001	72.50976940193394	110.92879391875199	2.996660032367541	0.5449041250055718	116.64161939164156	371.3202793899943	306.7059016969317	220.84703920731667
10	-5	1.100000000000001	62.14329851228171	108.6416195005117	3.326418347835448	0.5306383589542665	51.68195976163072	400.5182531944768	306.7059016969317	209.300304943151
30	-20	1.100000000000001	47.44672304106003	107.22174353067417	3.770644265661055	0.5661350271642193	18.105906465683955	47.571814275740785	108.46950087474609	168.3666532374964
15	0	1.100000000000001	67.63992265719146	109.94587347132654	3.286387084197134	0.527141190487428	31.73436581906388	799.0663575411021	222.31097728988945	223.94498448495818
15	-10	1.100000000000001	53.87630250002259	107.7765747988395	3.5534032790002303	0.5472998942160319	35.39233664434218	106.24147075078893	222.31097728988945	192.55259240730646
30	-40	1.100000000000001	46.332750656766706	106.99635243005594	3.6720584246032772	0.5722995945521383	12.947391302898565	9.805992798276533	108.46950087474609	160.6006966750967
15	40	1.100000000000001	42.49301456636294	114.21920747712804	2.1663870171869544	0.585485202185334	26.08148045638266	5.877805598507787	222.31097728988945	95.35873931125066
10	-2	1.100000000000001	69.05114930449643	109.57704132200826	3.19019113371937	0.5265361266910741	45.43699773001148	741.0522456131857	306.7059016969317	223.2532067977077
10	0	1.100000000000001	73.1051159450401	110.142795539471	3.111452754257276	0.5385346860947422	30.058596385534177	784.7461719220859	306.7059016969317	230.84390490085386
10	20	1.100000000000001	47.995317297550734	113.60171776015993	2.3154181003017764	0.5641643863688839	61.80261234846971	30.358246341823605	306.7059016969317	114.14283864394068
15	-20	1.100000000000001	50.11884749754364	107.33189263880445	3.576359334485955	0.5594928768071757	25.346827178457126	19.81010868196276	222.31097728988945	180.39303129207929
5	5	1.100000000000001	72.29986489090338	111.13840622775611	2.8016538077525817	0.5366136921128251	187.0993002651638	267.8930080329983	313.75400038458673	205.16978273630775
10	40	1.100000000000001	42.56784424691693	114.22056293345855	2.1267350714211886	0.5841911657628636	25.708297210882357	3.6474736317996896	306.7059016969317	93.47340610009113
5	2	1.100000000000001	78.85560021831263	110.60312053625825	2.9213247273449543	0.5635122456705443	84.33693161415798	407.3874477501397	313.75400038458673	233.3590757319068
15	-40	1.100000000000001	47.29088036385828	107.0482473887503	3.5803164897910396	0.5686105963895267	17.047622914502206	3.802295839958462	222.31097728988945	170.50667401368284
10	-10	1.100000000000001	55.78066925124489	107.88143619033713	3.4429247113943293	0.5446414313962682	40.43187493706746	79.97170077346712	306.7059016969317	194.40650627235334
5	-2	1.100000000000001	73.93306213882977	109.78261289702232	3.029554954578335	0.5410502224519397	55.7415161890448	608.64886775704	313.75400038458673	226.6183073407024
5	10	1.100000000000001	59.09795745568724	112.41122066861037	2.4825053906232983	0.5296991648733436	152.00641262835285	162.41826750285995	313.75400038458673	148.88105377842186
2	5	1.100000000000001	70.89758022527475	111.31730551577202	2.6520572005026595	0.5308775704610655	180.26167352209413	219.1150316389135	315.16884005788893	189.22344372055542
5	-5	1.100000000000001	65.94118876225211	108.92059247511325	3.163916875859667	0.5302802259328696	61.848185301170744	324.5579551174702	313.75400038458673	210.88613225934947
5	0	1.100000000000001	78.40425210035886	110.30751974675215	2.9651211668578603	0.5596081286776876	28.761274581158265	773.2900234268731	313.75400038458673	235.41747354522735
10	-20	1.100000000000001	50.8869081751013	107.37621875141777	3.5139600603300822	0.5573148227238187	27.99025734782873	14.26752583160813	306.7059016969317	181.02263513308145
5	20	1.100000000000001	47.82766768816858	113.6498515251165	2.2120690849970615	0.5624582470995262	56.192439344545136	18.64579434671255	313.75400038458673	107.74009376861095
5	-10	1.100000000000001	57.510028566558304	108.00483501737416	3.3380585032799126	0.5417371249528066	46.88176767002912	68.8579783034804	313.75400038458673	193.95669391184816
2	2	1.100000000000001	79.11562148306177	110.69996567827899	2.82552669580696	0.5631462033934947	188.8006076849949	266.79191405859746	315.16884005788893	224.96202439241125
10	-40	1.100000000000001	47.55484774345892	107.06502815178101	3.549478492969679	0.5674451685759607	18.21322833509697	2.6238406313403804	306.7059016969317	170.91639124063923
5	40	1.100000000000001	42.64054750810838	114.21790159543838	2.08846310495079	0.5830523138181206	24.952275595654285	2.4697604128797415	313.75400038458673	90.881173199657
2	10	1.100000000000001	58.2812278151682	112.52970508533254	2.3472388650642326	0.5297135095154545	128.88340966515293	115.6899339646852	315.16884005788893	137.79405779717655
2	-5	1.100000000000001	67.81090499723427	109.08361856854991	3.0807347971174837	0.5308318089324574	68.87086563813989	275.9708572193262	315.16884005788893	210.03640264894221
2	0	1.100000000000001	81.53988587551343	110.39490846159947	2.8874900185556447	0.5759341402520973	28.761274581158265	773.2900234268731	315.16884005788893	236.94111582402465
2	20	1.100000000000001	47.77740706743143	113.66184120248388	2.155657625494813	0.5616113642096614	52.78643129135749	15.926290818314998	315.16884005788893	103.8654270694966
2	-2	1.100000000000001	76.31918144194964	109.89624955048227	2.949702158730828	0.5507099061604375	66.69149497052173	367.789083582175	315.16884005788893	226.4485343257584
5	-20	1.100000000000001	51.563580452083926	107.42311143892125	3.4523436921874784	0.5550960593511113	30.779290583532482	11.524510803973103	313.75400038458673	179.83243632517468
0	10	1.100000000000001	57.81660386520669	112.58376372688849	2.2685428835028354	0.5303833430319158	113.7914150351571	97.83174239844293	314.65562932839464	131.15944524671715
5	-40	1.100000000000001	47.783344057592	107.08129565597676	3.5186459491456987	0.5663141716939588	19.225549507695366	2.006443757043453	313.75400038458673	169.85134238080508
2	40	1.100000000000001	42.68295797813632	114.21449613159986	2.0662560214734493	0.5824446457402443	24.40431626299645	2.234210251124422	315.16884005788893	89.00781113773999
0	5	1.100000000000001	69.66595456149345	111.4409300110814	2.5483551258063355	0.528527967851473	165.3949681288998	209.32785405388594	314.65562932839464	177.5335924009731
2	-10	1.100000000000001	58.43388524360353	108.08614472133486	3.2767166840533184	0.5397657774104947	51.80781955274036	72.21676582581632	315.16884005788893	192.45539902418767
0	2	1.100000000000001	77.96707382489025	110.80958189910339	2.730755724855408	0.5573089548600568	176.87135258851242	215.92938664535012	314.65562932839464	212.90903319754327
-2	-2	1.100000000000001	77.89101229867033	110.04265394759902	2.858474957820477	0.5571390401037294	117.50400256927054	443.7427000937137	300.265867373234	220.99937315016825
0	-5	1.100000000000001	68.81268726374438	109.18292302298262	3.0302626888945	0.5313460756340186	75.8828493247976	267.6279677370037	314.65562932839464	208.52051873789037
0	-2	1.100000000000001	77.40435463000142	109.97087818106917	2.9047375556785346	0.5553110939725495	82.4072887710922	302.16130433244655	314.65562932839464	224.8393358668248
0	20	1.100000000000001	47.76249373712173	113.66365370226481	2.1202680982307736	0.5611194401655059	50.69922648604657	15.672140784186665	314.65562932839464	101.26929176276633
-2	5	1.100000000000001	68.30035901920759	111.56362473552218	2.445674991256403	0.5277737319007939	145.8068075743607	211.25016544290625	300.265867373234	165.68069651803813
2	-20	1.100000000000001	51.91702100457855	107.45217661251348	3.4155349991833206	0.5537273342061496	32.530045680104045	11.558832869006514	315.16884005788893	178.2196673810715
2	-40	1.100000000000001	47.90157334278348	107.09074114979649	3.5001712852326903	0.5656529206056811	19.740844773695184	1.9407139099321216	315.16884005788893	168.50720039547178
0	40	1.100000000000001	42.710603298621855	114.21152712407776	2.0517899266066753	0.5820711883561196	23.965624892572233	2.2553274924496853	314.65562932839464	87.63318560740616
-2	10	1.100000000000001	57.40331125745556	112.62227880666504	2.198315856198395	0.5314936590337492	100.55904267591842	87.87648134141767	300.265867373234	125.04897137292167
-2	2	1.100000000000001	76.26784998988452	110.92400857939204	2.6318208774620886	0.5506014135519641	137.0184580071184	251.40566260897833	300.265867373234	199.1355036026268
-5	5	1.100000000000001	66.14563410205552	111.74068559710594	2.2999590419415874	0.5294988971255921	112.34593322699777	223.43536446490924	263.1788187611562	148.50079385269473
-2	0	1.100000000000001	80.81980764222895	110.56106201340862	2.7510147463212373	0.5719399731679156	60.34118624852657	827.18778522888	300.265867373234	220.5878441615601
0	-10	1.100000000000001	58.98992664587293	108.14302120109554	3.235960278915214	0.5383084285710344	55.46879528777358	79.92827705976583	314.65562932839464	190.88905948216697
-5	-2	1.100000000000001	76.71715263796784	110.20377668877641	2.7454946331319032	0.5501923956582478	163.06226722248292	1166.4585989579734	263.1788187611562	206.14625964330736
-5	2	1.100000000000001	73.15421677616094	111.11011438929131	2.4898157274232724	0.5410629672302891	72.1732829450308	327.36555903666516	263.1788187611562	177.99770506010248
-5	-5	1.100000000000001	70.22677040381662	109.40678052052658	2.905935413880044	0.5308236160016488	108.16169251022478	399.39001814291976	263.1788187611562	200.04889995371173
-2	20	1.100000000000001	47.761006245281344	113.661002543176	2.0865768941748115	0.5606844833327189	48.42841292819275	16.289891834429095	300.265867373234	98.66173514921861
-2	-5	1.100000000000001	69.58755708024825	109.2754770494144	2.9816163435588794	0.5316280186605725	85.86404379976148	287.5640642076978	300.265867373234	206.06590797961897
0	0	1.100000000000001	83.62288247038413	110.4493378007884	2.8391380990889026	0.5881650976612288	0	0	314.65562932839464	237.4169115773011
0	-20	1.100000000000001	52.1277063897944	107.47185954924488	3.390968182886183	0.5527929143316037	33.71224897675387	12.390166171776972	314.65562932839464	176.76339381462557
-2	40	1.100000000000001	42.73766083581964	114.20803534546279	2.0376060457927387	0.5817230485858778	23.44287557344185	2.400254347462084	300.265867373234	86.16181456486459
-2	-10	1.100000000000001	59.4892729445178	108.20197923362018	3.1949097241280713	0.5367023989689954	60.12161983297313	93.77240348966022	300.265867373234	188.83280308509964
0	-40	1.100000000000001	47.97197523811929	107.09688539034703	3.4878709578521208	0.5652197178564424	20.05477238816618	2.0409147729372394	314.65562932839464	167.32005922383735
-5	0	1.100000000000001	76.80084983437472	110.73801921509728	2.6158530010304406	0.5522448713048885	56.00798557188104	799.9799223102098	263.1788187611562	196.43872372118483
-5	10	1.100000000000001	56.858212276312095	112.65789539288731	2.107039484861159	0.5337896352049091	82.83260769511679	82.55396173834406	263.1788187611562	116.70140856460573
-10	-5	1.100000000000001	69.35142051380761	109.66666007521603	2.734349039425749	0.5228495442559381	153.57550839210063	905.4367565170996	203.07703078002987	180.4535240331103
-10	5	1.100000000000001	62.708340921763295	111.99433646464925	2.101294678025307	0.5359922517688669	53.97483681182115	219.68564001655338	203.07703078002987	123.93031936539421
-2	-20	1.100000000000001	52.31663242861582	107.49175605381788	3.366312995984507	0.5518372169665013	34.98220368890776	14.055245147185264	300.265867373234	174.99931795037995
-10	-2	1.100000000000001	71.93138854060798	110.54862811647831	2.5150699593415604	0.5300937427450095	89.16846468520356	1154.345843248861	203.07703078002987	171.54273663486268
-5	-10	1.100000000000001	60.111765600049175	108.2946343286697	3.13175764504936	0.533935868683743	68.15192116714077	128.30751631861503	263.1788187611562	184.74177682287566
-2	-40	1.100000000000001	48.03533547793984	107.10289468071711	3.475585507974141	0.5647927845036569	20.331109811075997	2.2541287491967674	300.265867373234	165.90239014551022
-5	40	1.100000000000001	42.776943868248416	114.20189459853003	2.0168762828996174	0.5812481937110864	22.62815249577915	2.859535649708586	263.1788187611562	83.78045581397375
-5	20	1.100000000000001	47.781042925594676	113.64954550381522	2.0390638160061854	0.5601353517148484	45.208444873491615	18.91772346835314	263.1788187611562	94.72522716192182
-10	0	1.100000000000001	70.69806685851145	111.04860458321758	2.3908580673529416	0.5317511154579645	46.16936117015985	743.2698422288612	203.07703078002987	159.9330218391791
-10	2	1.100000000000001	67.81979707018859	111.43851623199741	2.2693826126394785	0.531869369907053	41.253918914735124	391.96691170736307	203.07703078002987	145.3071329085488
-10	10	1.100000000000001	56.069661854679715	112.6804231326747	1.9857669866088385	0.5386523916255035	59.32376761043188	88.4363838245986	203.07703078002987	104.40522694409471
-5	-20	1.100000000000001	52.55565677684466	107.52197303330583	3.3290160813798395	0.5503564624464973	36.82202086232594	18.097091540265634	263.1788187611562	171.7719333799583
-10	20	1.100000000000001	47.862801842283915	113.61373913662906	1.9673236688274687	0.5594842758668938	40.096587394102805	26.717172349743514	203.07703078002987	88.08106116245415
-15	-5	1.100000000000001	66.42162636369514	110.02309606801074	2.5074851148634094	0.5115399233259482	125.39487170161081	1104.448993854001	154.6635536027069	152.08216767256633
-10	-10	1.100000000000001	60.7155693838524	108.46488360455002	3.0167064751708472	0.5280134187770565	85.78588214962669	241.16746996170275	203.07703078002987	174.8114997646624
-15	-2	1.100000000000001	66.85420112089407	110.87908754866052	2.296937784090008	0.5178275069824132	58.93225633775669	995.0827242623286	154.6635536027069	139.36747038378323
-5	-40	1.100000000000001	48.11662812015087	107.1116326420714	3.4571881006710865	0.5641645304026272	20.700013702407563	2.814750851231344	263.1788187611562	163.34932572633133
-10	40	1.100000000000001	42.83800432520079	114.18958038789091	1.98382911025222	0.5805818804494218	21.10224779105333	4.176900297512209	203.07703078002987	79.37339456373132
-15	5	1.100000000000001	59.88495564908007	112.17446771815901	1.965745677917494	0.5409403519477621	25.98437130193884	191.91764702019702	154.6635536027069	105.32319590143184
-15	10	1.100000000000001	55.331617745095734	112.68310081568647	1.894363891711588	0.5438053848459227	40.687132571835555	97.5481221155981	154.6635536027069	93.45885479392044
-15	2	1.100000000000001	63.29955395384609	111.73275221839359	2.080484241007977	0.5317173527775823	25.610115506265224	391.4576780584769	154.6635536027069	118.49517504762457
-15	20	1.100000000000001	47.98765573993854	113.5619106356732	1.9039230644549079	0.5591414024488565	35.2037134886853	37.483845170701535	154.6635536027069	81.30702146250746
-30	-10	1.100000000000001	55.481072469613835	109.60070688943424	2.2921396041564397	0.5009052764450228	84.00124890477142	886.7385069174991	85.522965133938	96.23738441826482
-30	-5	1.100000000000001	56.567815533058585	110.97404100875175	1.948410791933998	0.5094130638460483	36.032648365532275	829.0596830885629	85.522965133938	81.04282622252089
-15	0	1.100000000000001	65.50142458366459	111.35520742006878	2.182857818289237	0.524518238116846	34.653538342085746	680.5023673409939	154.6635536027069	129.21619512354468
-15	-10	1.100000000000001	60.5832548884508	108.6725993287293	2.8763747891781155	0.51991328730623	107.31570188791734	452.3736364082104	154.6635536027069	160.17008405788673
-10	-20	1.100000000000001	52.82141206693015	107.57341104634395	3.2653301272470174	0.5477358736269662	40.13491989665776	30.13554522741176	203.07703078002987	164.8349785982791
-15	40	1.100000000000001	42.89188717886091	114.17524410321192	1.9527154560867663	0.5800699685487203	19.401077126648527	6.0666972861562725	154.6635536027069	74.46225207107366
-10	-40	1.100000000000001	48.213672173645165	107.12538534988826	3.426622089825646	0.5631528261365368	21.1019792841728	4.419256489868918	203.07703078002987	157.98528518199305
-15	-20	1.100000000000001	52.8971894030587	107.62687084100276	3.1983530905819046	0.5448859851757524	43.44013208662686	50.4210364746306	154.6635536027069	155.9591629072863
-30	-20	1.100000000000001	51.728374368209025	107.823627269078	2.956455750892861	0.5349186465004475	50.908087647209115	183.6496060812716	85.522965133938	118.60832386732547
-30	10	1.100000000000001	52.965978052134595	112.71606128341357	1.730400414114259	0.553529721844322	10.624685353664201	101.81172573989241	85.522965133938	64.71414217510595
-30	-2	1.100000000000001	56.16660511903437	111.65115098193384	1.8273499631065104	0.522794757232637	16.32290265455415	607.4270004208798	85.522965133938	74.20361792398461
-30	20	1.100000000000001	48.34384877275661	113.37506168892742	1.7571878748340937	0.5605859353175028	20.69765982229493	66.41751918732136	85.522965133938	60.01774594277207
60	10	1.0421052631578958	48.7548203665226	110.23246615740109	3.9583828557455876	0.5940814941628071	8.861099778514108	523.2317175143165	25.991817785431305	121.57897377649238
-30	5	1.100000000000001	54.688322548916084	112.4195197978882	1.7454035003416042	0.5483510296806132	6.536458934287066	147.87511105720404	85.522965133938	67.67068807931139
-30	2	1.100000000000001	55.23936593111815	112.2249111822163	1.7547631764211515	0.5430585550709485	6.550016385218724	262.0268266375378	85.522965133938	68.94647384163056
-30	40	1.100000000000001	42.98858672064899	114.12733859079054	1.8711961961065091	0.5794231824432944	13.863301450727956	13.976189811875512	85.522965133938	57.20886085392721
-30	0	1.100000000000001	55.80991778775101	111.98277124381279	1.7837879056377768	0.5336309318554928	9.409144046275024	430.10423246660235	85.522965133938	71.3245266180515
-60	-10	1.100000000000001	46.1537379219663	110.86808994860029	1.6233402859499764	0.5268381217730972	9.437641778438927	600.4956128437709	21.541774193074936	16.403728263729516
-15	-40	1.100000000000001	48.26000430521299	107.13800349183816	3.396189105744929	0.5621901094465461	21.226488537120712	6.923691094603417	154.6635536027069	151.29324394807503
-30	-40	1.100000000000001	48.07627251661735	107.16796121263721	3.305969736928062	0.559686562384282	19.597536489162344	20.26065650001014	85.522965133938	124.19113173166161
60	20	1.0421052631578958	49.04902944980776	112.02132010877929	3.413522230048935	0.5963857737556278	16.843910172650993	380.51956908900996	25.991817785431305	109.0480754771811
30	10	1.0421052631578958	58.365859175670785	111.25994370085382	3.3990576495601013	0.5611395904340777	52.23395360790592	505.3242601883222	108.46950087474609	188.1855417961929
-60	20	1.100000000000001	47.36055562883478	113.24685786231852	1.6083971530905214	0.5696569887922459	3.525073298693822	74.54155854653939	21.541774193074936	14.722556920398885
-60	-20	1.100000000000001	44.44387653773096	108.56829031483991	2.2719686663791547	0.5281814702245128	20.524057706755137	488.145870098796	21.541774193074936	30.158092956478587
-60	40	1.100000000000001	42.69590869439815	114.07258272479257	1.7595453170443807	0.5816865984827839	4.159181975113969	30.218493005701045	21.541774193074936	16.05439976159903
-60	5	1.100000000000001	49.4573832318103	112.60360074057883	1.5516364625520813	0.557881943076907	1.6175290082935918	139.3978065258947	21.541774193074936	14.475102661705538
-60	-5	1.100000000000001	47.168605031484205	111.82210872338852	1.5013541289849943	0.537102451324191	4.300887466984214	395.2636477124496	21.541774193074936	13.468179018313101
-60	10	1.100000000000001	49.16220729700565	112.82326741224004	1.5700047875077443	0.5630071937756638	1.9657862630730003	102.05121436927806	21.541774193074936	14.622013530734883
30	20	1.0421052631578958	48.71705594447387	113.08454689982372	2.822381639689257	0.5745836892471218	72.48109699191065	209.6409402031166	108.46950087474609	133.07288142921215
-60	2	1.100000000000001	49.26769897773718	112.44446119673206	1.5364956981097835	0.5533896492482714	1.6705767258085416	183.9248680489512	21.541774193074936	14.238283940209953
60	40	1.0421052631578958	41.215173626716776	114.11437791417364	2.509458028146196	0.6028967145586656	11.205696829032686	68.67174339419236	25.991817785431305	73.23330015365367
-60	0	1.100000000000001	48.88747033220422	112.31020695565904	1.5233534505595647	0.5493364957188719	1.8986055716190884	224.91966248964314	21.541774193074936	13.97875443663759
-60	-2	1.100000000000001	48.28700613788056	112.14697347859533	1.5095389676402926	0.5447715738707761	2.3059380934278257	258.182093270089	21.541774193074936	13.664424146638895
60	5	1.0421052631578958	45.54468099700847	109.32905462247831	4.195464198335	0.5991082813438409	3.3830062090936748	345.5324908102099	25.991817785431305	119.1710777983029
-60	-40	1.100000000000001	46.37226437686438	107.18327867574104	3.1414838120174635	0.5577648723676841	8.65024076942159	67.26636994862663	21.541774193074936	50.439267643668956
30	5	1.0421052631578958	57.15775775580572	110.36510883020658	3.656931158719886	0.5567899890136012	26.285910969105128	610.2700512755773	108.46950087474609	196.93078287550614
60	0	1.0421052631578958	42.46048223326618	108.44676281313727	4.35385519815446	0.5983393357233688	2.288039980268917	296.4755362548723	25.991817785431305	114.43544369819877
60	-20	1.0421052631578958	41.542912314433764	107.10327405428136	4.1771195321213686	0.5828911094516293	5.720824306165925	92.4907840358387	25.991817785431305	107.73565539687863
60	2	1.0421052631578958	43.59322931809432	108.79179036121579	4.302544774422627	0.5995924603061767	2.442069951347262	322.25231072073353	25.991817785431305	116.41723113237529
60	-2	1.0421052631578958	41.570328709184224	108.14484537929475	4.385424559689016	0.5959967221833224	2.4130351196074424	244.66722206396943	25.991817785431305	112.6082248139221
30	2	1.0421052631578958	53.70059975809393	109.64860434216806	3.849706578359784	0.5564840729356106	15.543563326266167	599.7361772935232	108.46950087474609	193.97654016244172
15	2	1.0421052631578958	67.77062376117165	110.35045179572617	3.269307629653221	0.5310569398905983	37.471695692138006	765.2205245311742	222.31097728988945	223.32835356864103
60	-5	1.0421052631578958	40.815515108913246	107.8190632924452	4.397506291695567	0.5928784103230724	2.7216224788178915	182.23020377976488	25.991817785431305	110.69987724267196
30	40	1.0421052631578958	41.86042181839064	114.23153234317431	2.2838612139010968	0.5903813768243901	24.360806776532478	19.251762635115067	108.46950087474609	95.15177444269737
15	5	1.0421052631578958	67.91116627759476	110.90353697191766	3.176609666191742	0.5418096938180468	80.86048282490505	572.6663264393125	222.31097728988945	217.89976704498005
60	-40	1.0421052631578958	43.91170114231864	106.88062352536502	3.8458689555995016	0.5803559117306193	4.763400798173204	25.94670328914203	25.991817785431305	106.50947520090975
30	-5	1.0421052631578958	47.33982421204826	108.00542450693571	4.044577943559626	0.5564065553443523	17.917481109523674	314.9368483483011	108.46950087474609	178.98763958568145
30	-10	1.0421052631578958	46.79391740519834	107.53478057589986	3.9575527604141256	0.5572695400808351	22.06037107665559	176.14571030009657	108.46950087474609	173.41713472687323
60	-10	1.0421052631578958	40.481060184699956	107.47161969934166	4.361683373408721	0.5888198389370795	3.494204261746827	130.53851402819353	25.991817785431305	108.92540955736284
30	-2	1.0421052631578958	49.03309906366036	108.54809402979018	4.028173525260304	0.5567422569024666	14.125453302241823	501.37715136059524	108.46950087474609	184.70139480401392
15	10	1.0421052631578958	59.95870504621775	111.92163099836301	2.9624455450220464	0.5384789826958976	150.31413569976115	367.96814524091826	222.31097728988945	179.92835578056403
30	0	1.0421052631578958	51.27831442083709	109.10543590725965	3.9553501575548995	0.556786970047371	13.320032007746802	597.7117723008326	108.46950087474609	189.9260158414764
10	10	1.0421052631578958	58.493506282881896	112.29296566435308	2.7123125321208206	0.5303746826795988	167.558744585544	276.12491120554324	306.7059016969317	161.6295494584786
15	-2	1.0421052631578958	61.07956647671609	109.15797364491642	3.4621673720324666	0.5166517432426118	48.427626287466644	816.5237242361712	222.31097728988945	212.42961315309063
15	-5	1.0421052631578958	56.07303144146801	108.27923122939809	3.5697878708886015	0.5290820870765004	44.365429483536936	397.6463194341215	222.31097728988945	201.02668594588468
15	0	1.0421052631578958	65.11466232549844	109.84371744388268	3.3566650962123306	0.5202444039469454	39.45315437995129	859.21113714097	222.31097728988945	219.88822096202784
10	5	1.0421052631578958	70.24592493721826	111.02578697296194	3.012387582221313	0.5370883118549166	142.20699566937174	461.64717513692926	306.7059016969317	214.94459621675216
15	20	1.0421052631578958	47.206154390653516	113.61910370634028	2.413691310226931	0.5662899533767124	65.4632213392042	52.37776407535691	222.31097728988945	116.97748305856645
30	-20	1.0421052631578958	46.80862366182456	107.17522483558128	3.7927832057459194	0.5657619643604425	18.459043979872206	48.5557941982133	108.46950087474609	166.99105633554913
15	40	1.0421052631578958	42.077563207688165	114.26211394667946	2.1596021637451317	0.5855909878331054	25.80117374314913	5.820324207057441	222.31097728988945	94.15181309651346
30	-40	1.0421052631578958	46.0246333310638	106.9717318863515	3.680706224807942	0.5721915629186775	13.063215145009908	9.900444443282307	108.46950087474609	159.8748886275133
10	2	1.0421052631578958	72.77075307805276	110.50498365031976	3.0977480166695703	0.539939767185515	54.31408348221163	791.1080690674524	306.7059016969317	228.8236903575347
15	-10	1.0421052631578958	52.539109075168724	107.67636837830011	3.5929961008824804	0.5455841542228069	37.02884967657121	110.55699818728968	222.31097728988945	189.75945630600873
10	-2	1.0421052631578958	66.34727541205042	109.42918461093481	3.2534035200308815	0.5169652040055159	53.91188766514813	794.5706019000132	306.7059016969317	218.5311443754989
10	-5	1.0421052631578958	59.8687570360152	108.47447812136521	3.385760653890032	0.5260591228115422	55.91790108757189	411.8204614119092	306.7059016969317	205.09075756987326
5	2	1.0421052631578958	76.5046641079669	110.66068714520249	2.943022360243535	0.5514845096093685	133.38598566596454	670.3285224652581	313.75400038458673	227.975354518025
10	20	1.0421052631578958	46.94287412424194	113.70554449251564	2.298676379899838	0.5641698733899184	60.345671647431296	29.821338084503118	306.7059016969317	110.86598997424908
15	-20	1.0421052631578958	49.37397094270142	107.27221169642297	3.596211785692798	0.558881827094476	25.96464718024735	20.241387539058447	222.31097728988945	178.65097967079396
15	-40	1.0421052631578958	46.937371539722946	107.01936501091578	3.5888038992020053	0.5684431512813851	17.22761052383383	3.8381138287634196	222.31097728988945	169.61487055846197
10	0	1.0421052631578958	70.5317732410296	110.05387621957202	3.1701319036186546	0.527719918910819	41.444120988800975	873.2175842164457	306.7059016969317	226.66147631303303
10	40	1.0421052631578958	42.15078787110677	114.26358156000317	2.1199818940703015	0.5842865191379688	25.423803470889904	3.6171628393331505	306.7059016969317	92.27797565114422
5	5	1.0421052631578958	69.7241155322744	111.28825904570863	2.782164733248501	0.5262289617157047	202.88449822687423	329.73869193195935	313.75400038458673	196.44362588942727
5	10	1.0421052631578958	56.83442087840728	112.6110653535318	2.449866621609795	0.5280701045162107	147.18135142881343	163.49681989125787	313.75400038458673	141.32267962973512
10	-10	1.0421052631578958	54.38151490116424	107.77025820221994	3.4783286202102355	0.5426803719217781	42.49226201335071	82.95530637852553	306.7059016969317	191.40773011848464
5	-2	1.0421052631578958	71.17973592380794	109.6401616574939	3.0785369031653387	0.5283018845734317	69.37156340822864	728.8225151227668	313.75400038458673	221.57302853015565
2	0	1.0421052631578958	78.43744956025458	110.3148574131939	2.9288476328336968	0.5578080470689081	107.92971424276463	1214.357947595334	315.16884005788893	231.11835144041916
2	2	1.0421052631578958	76.33940628291643	110.8227010925543	2.8068116458553742	0.5480492213188105	228.48102419942236	442.55902693120385	315.16884005788893	215.59992338800396
5	0	1.0421052631578958	75.69138969532283	110.22638173912974	3.0144551140509495	0.545233751093153	53.16772263078721	939.334047923285	313.75400038458673	230.89692145563959
2	5	1.0421052631578958	68.2729650139425	111.4826064992739	2.61686468745379	0.5206991054556295	190.9860767629039	275.20775305301964	315.16884005788893	179.7929413851335
5	-5	1.0421052631578958	63.60185227787173	108.73528777978194	3.210939800643212	0.5248057477838259	69.70210931486334	372.2430193311565	313.75400038458673	206.3537317898625
10	-20	1.0421052631578958	50.11149681440561	107.31292168390424	3.5325374394979394	0.5566195160775002	28.726468105237824	14.54412389797735	306.7059016969317	179.17497092587942
2	-2	1.0421052631578958	73.64022930958753	109.74772657315359	2.9839071651878806	0.5373531913459452	90.94905931388008	568.608302285091	315.16884005788893	220.9827523186614
5	20	1.0421052631578958	46.803017469207475	113.75087803461776	2.1959775279091356	0.562426953202826	54.825946288769956	18.411676596492807	313.75400038458673	104.6814967463301
10	-40	1.0421052631578958	47.1902623531835	107.03510278852532	3.557715481401092	0.5672588291775793	18.41884175249879	2.6450262776088507	306.7059016969317	169.9873119975029
5	40	1.0421052631578958	42.22514049375028	114.26070295464481	2.0817995281305732	0.5831378715407319	24.6710357979266	2.4551096185662775	313.75400038458673	89.7158179400358
5	-10	1.0421052631578958	56.04592520081984	107.8843490400565	3.368850977329873	0.5394892068838325	49.492151593988154	70.9350696859704	313.75400038458673	190.72714543277257
2	-5	1.0421052631578958	65.50284905252609	108.90458920567652	3.1170033613261814	0.5242381975509992	78.98240758328188	330.1275475056898	315.16884005788893	205.2466413923225
2	10	1.0421052631578958	56.15332558522273	112.71643434237603	2.314937010541413	0.5277626389420279	127.26319927990069	121.5538348188702	315.16884005788893	130.9464928835812
0	0	1.0421052631578958	78.57351336721952	110.43551885435747	2.8234942091400552	0.5571310237965466	314.65562932839464	1892.8005687309303	314.65562932839464	221.85185998413303
5	-20	1.0421052631578958	50.76001460996717	107.35674733263885	3.4693865538790196	0.5543140640013702	31.62786903581296	11.693071717207719	313.75400038458673	177.88827549887495
-2	0	1.0421052631578958	77.54743726976348	110.59878784517693	2.6941011486138176	0.5528217015656524	170.50762351167285	1472.1421552512852	300.265867373234	207.29723286071138
-5	-2	1.0421052631578958	73.63286303168175	110.1367489380915	2.708431444332326	0.5332965609568523	192.34106671472907	1369.7591585656146	263.1788187611562	195.2482268713734
2	40	1.0421052631578958	42.270028336173176	114.25701774411483	2.0596712013052705	0.5825246835004451	24.13040619330772	2.224268142801353	315.16884005788893	87.86866599936432
5	-40	1.0421052631578958	47.40989656961456	107.05055226052667	3.526542905229645	0.5661100474154562	19.44736277515524	2.01848775801125	313.75400038458673	168.89600646129645
2	20	1.0421052631578958	46.77211757993208	113.76091226964664	2.1400447802229343	0.5615630368160585	51.587635669545826	15.812230914231616	315.16884005788893	100.95010373192811
2	-10	1.0421052631578958	56.92769148452625	107.961038042557	3.30441678974032	0.5373164102046135	54.83031618313769	74.2699506290698	315.16884005788893	189.06573848139914
0	-2	1.0421052631578958	74.73699922539562	109.82290225637293	2.9250852970509746	0.5415112626221197	117.15763737983468	505.355661107726	314.65562932839464	218.6120975799148
0	-5	1.0421052631578958	66.51217958991023	109.00947093599214	3.0591843482244507	0.5240348602599216	87.89123395946768	325.6924383645326	314.65562932839464	203.47301876774713
0	2	1.0421052631578958	75.13466293680315	110.94465339536507	2.6943163819848253	0.5422183050881783	207.09555790410417	370.4787580120031	314.65562932839464	202.43655320553682
-2	-2	1.0421052631578958	75.08053217469121	109.9110139786128	2.8584043224217837	0.5420384936848849	169.47185610769804	742.2634021788937	300.265867373234	213.05949405561233
0	10	1.0421052631578958	55.79317396248109	112.75977302106514	2.2363834020431086	0.5281647454368157	112.50414149793549	104.55486778815678	314.65562932839464	124.77492819699646
0	5	1.0421052631578958	67.06822851015595	111.61140747875953	2.5052161544170257	0.5190835006059908	174.79377422274968	261.1060287870315	314.65562932839464	168.0204095117752
-2	-5	1.0421052631578958	67.27634135744354	109.10904190196788	3.002627388709877	0.5235874574772383	99.89440148573232	353.28632041573064	300.265867373234	200.65339224108263
-2	2	1.0421052631578958	73.53812811904172	111.05963020919714	2.58340123380527	0.5368575104730565	168.8736444525808	377.9519424304851	300.265867373234	188.48494659687552
2	-20	1.0421052631578958	51.09767828077115	107.38428266241613	3.431526131485631	0.5528923285688571	33.439857019436104	11.703209702283432	315.16884005788893	176.22216768075612
0	-10	1.0421052631578958	57.45366109767644	108.01532311349276	3.26140142490785	0.5357090291411984	58.85388986509727	82.22689844449776	314.65562932839464	187.37945217013464
0	20	1.0421052631578958	46.77103308467688	113.76133443845715	2.1049979335088103	0.561061729353555	49.427022954103535	15.513683007744726	314.65562932839464	98.45292799131703
0	40	1.0421052631578958	42.299926893805726	114.25380210291614	2.045267638501139	0.5821476996381255	23.596047877170744	2.2231384887123053	314.65562932839464	86.51467158686485
2	-40	1.0421052631578958	47.52393079493928	107.05962413399779	3.507824398287291	0.5654389308868611	19.978238766049337	1.950896023203157	315.16884005788893	167.5418665044119
-2	5	1.0421052631578958	65.76949280761521	111.73572125979351	2.3964734447728726	0.5193823020484956	154.12989723653715	257.3886430199671	300.265867373234	156.32667855908133
-2	10	1.0421052631578958	55.4816846358288	112.7878692537388	2.1665049350747747	0.5290826737155803	99.48029593595473	95.6481643788013	300.265867373234	119.10366644108643
-5	2	1.0421052631578958	70.70696926856905	111.23435757986371	2.4287126504738503	0.530584841698264	101.82680751667232	425.4623226581767	263.1788187611562	167.80369913562393
-5	5	1.0421052631578958	63.7809736683758	111.90800823689499	2.245326139908657	0.5229529589489241	119.59669076863635	258.625418192059	263.1788187611562	139.75710182463055
0	-20	1.0421052631578958	51.2983018848082	107.40309151476565	3.406199946986822	0.551922134058335	34.67025785770258	12.544821114658227	314.65562932839464	174.73227316054766
-2	20	1.0421052631578958	46.784063906626066	113.75723000645961	2.071665011743177	0.5606185567329133	47.247739670273425	16.143833011778227	300.265867373234	95.94652220233388
-2	40	1.0421052631578958	42.329704386524	114.25001721853712	2.0311537883882793	0.5817961727627843	23.176955151110015	2.389528647619563	300.265867373234	85.06628488717733
-5	0	1.0421052631578958	74.05207869767855	110.79418761815644	2.551448736139871	0.5379303928971371	88.26143854931125	1068.1557450780133	263.1788187611562	184.74927140409687
0	-40	1.0421052631578958	47.59201319135869	107.06557014175313	3.495345571547819	0.5649994833069304	20.258430753998983	2.033728828082047	314.65562932839464	166.35053254946098
-5	10	1.0421052631578958	55.08280515387071	112.80867809444135	2.075932735913496	0.5312224564336049	82.34498109584446	91.0281043988627	263.1788187611562	111.36278535767487
-5	-5	1.0421052631578958	67.85294888947024	109.25602675738881	2.912752461521383	0.5215833814567615	126.07483693194719	489.57223855297974	263.1788187611562	193.80224210691057
-2	-10	1.0421052631578958	57.92086131078734	108.07216054772603	3.217884262975064	0.533937870196192	63.79366950826682	96.5846392102536	300.265867373234	185.18978208148434
-10	5	1.0421052631578958	60.783493041164384	112.12876061580123	2.048075867671308	0.5319149832659051	61.37211882871614	234.91796729694804	203.07703078002987	116.98360227468645
-10	-5	1.0421052631578958	66.78471640642957	109.56715651875135	2.7094117588750066	0.5116493521109736	166.91836862259152	1000.5224703882717	203.07703078002987	172.26467973046104
-10	-2	1.0421052631578958	69.21077154368027	110.55370401904244	2.4553517004660486	0.5170894430151103	105.9331897088338	1275.8206739156287	203.07703078002987	161.1405153352736
-2	-20	1.0421052631578958	51.47754023615629	107.42224181365854	3.380736581542481	0.5509303409006516	35.89629446362967	14.189703617101662	300.265867373234	172.93621927989327
-10	2	1.0421052631578958	65.68591027207154	111.55062466994652	2.2035506986620406	0.5255455535756707	49.48046979774143	455.86493081439454	203.07703078002987	136.54877572353953
-5	20	1.0421052631578958	46.8269607365832	113.7435006595544	2.024704019012827	0.5600598110339893	44.109610820306756	18.71479675975667	263.1788187611562	92.16421444088826
-5	-10	1.0421052631578958	58.49035823493541	108.16273630155185	3.1505241546633465	0.5308914769770133	72.38798961123878	132.7476054925519	263.1788187611562	180.86770036358914
-5	40	1.0421052631578958	42.37391264547731	114.2433528652801	2.0105419466052696	0.5813164838281725	22.37685290671524	2.8456798500795117	263.1788187611562	82.72346066549912
-2	-40	1.0421052631578958	47.65344383936272	107.07142313374365	3.4828693870901097	0.5645665918748265	20.580936471527853	2.265104364108235	300.265867373234	164.93069577028118
-10	-10	1.0421052631578958	58.99082174298028	108.33375294464133	3.0265446427857023	0.5244109422648628	90.95663382495523	250.9507273553466	203.07703078002987	170.4540752616526
-5	-20	1.0421052631578958	51.70273869443154	107.45159945192928	3.342130674518448	0.5493952020901969	37.88390386195527	18.348937630776593	263.1788187611562	169.66408352629438
-15	-2	1.0421052631578958	64.50106198611397	110.91315166402143	2.232535612045909	0.5089450907477695	65.8317321626883	1047.7435829556873	154.6635536027069	130.59782370337635
-10	0	1.0421052631578958	68.29709015662809	111.11779637870914	2.322902278532417	0.5220113759255268	57.58199530135993	867.2159180079507	203.07703078002987	150.04637467641152
-15	-5	1.0421052631578958	63.96232638809389	109.97094719877886	2.4640272097707094	0.5015041539952207	133.48830780893266	1161.0743796855252	154.6635536027069	143.93242056065003
-15	-10	1.0421052631578958	58.74394179367678	108.55153796764323	2.8737128705181014	0.5156311121236657	113.67339183292033	476.95879090071224	154.6635536027069	155.22136887506895
-30	-10	1.0421052631578958	53.811319167724484	109.55105401051169	2.258967315026873	0.49731662557681056	84.86549170995906	894.8399669468288	85.522965133938	91.89169388081532
-10	10	1.0421052631578958	54.52323601046666	112.8083434607587	1.9560315112252091	0.5361046747698662	59.695222022518685	96.25982423517473	203.07703078002987	99.95316291959713
-15	2	1.0421052631578958	61.46427648892651	111.83062421702284	2.0197813010060646	0.5279678678262202	28.14584623227708	428.12957242341923	154.6635536027069	111.51529958483
-10	20	1.0421052631578958	46.949501594282225	113.70368265353495	1.9539099904813175	0.5593982976034523	39.15142850198053	26.344954036570453	203.07703078002987	85.78083398889308
-5	-40	1.0421052631578958	47.73260569704608	107.08000863936067	3.4641647924858012	0.5639301035741434	20.95464938093543	2.8309601194200167	263.1788187611562	162.37834619829775
-10	40	1.0421052631578958	42.44532775881976	114.22995347039205	1.9777218110028125	0.5806428100153913	20.8632642811112	4.149532718120157	203.07703078002987	78.39007746445604
-15	5	1.0421052631578958	58.09005282501116	112.29998176743388	1.910024243826994	0.5398643280605675	28.463747516412152	197.66283340328016	154.6635536027069	99.05600480230311
-15	20	1.0421052631578958	47.118033446082755	113.64760399636698	1.8914590963406333	0.5590512259488652	34.40839918727881	36.882720441820915	154.6635536027069	79.2674256099204
-15	0	1.0421052631578958	63.40458030315433	111.4281175211554	2.1168126975236095	0.5183337815000574	39.01949796359965	744.9245097079897	154.6635536027069	121.13631473736335
-10	-20	1.0421052631578958	51.94746977409598	107.50239228349565	3.2759828888637585	0.5466843306890506	41.29778884466858	30.656463961052623	203.07703078002987	162.66220873219967
-15	10	1.0421052631578958	54.00338153693756	112.78919112250999	1.8661749753464096	0.5415048092407884	41.8431905720027	104.8377532468891	154.6635536027069	89.77710334527113
-30	-5	1.0421052631578958	54.94042222005311	110.99204755823182	1.8988862575350178	0.5058899911855457	36.760595537617284	842.6277104536507	85.522965133938	76.45172603915611
-10	-40	1.0421052631578958	47.82819775547239	107.0937331510189	3.433035246939507	0.5629067610412645	21.28325053285006	4.431440182885437	203.07703078002987	157.02628628065085
-15	40	1.0421052631578958	42.51212100575064	114.21427998212235	1.9468714114535615	0.580124604340162	19.1917236556626	6.021768503257173	154.6635536027069	73.56238244730393
-15	-20	1.0421052631578958	52.0052329205349	107.55636603126625	3.2061587884241263	0.5437477258953475	44.675179187184696	51.40450029138646	154.6635536027069	153.73679355735555
-30	-20	1.0421052631578958	50.813516596541	107.76372144280154	2.953306111403415	0.5336136500984833	52.025345522272545	186.8040942344459	85.522965133938	116.40519390528519
-30	10	1.0421052631578958	52.1400266136858	112.77314140121557	1.707949187828947	0.5524659564681121	11.138071545958518	107.27314209494828	85.522965133938	62.718946383943845
-30	-2	1.0421052631578958	54.75642027337598	111.68830917507678	1.7806108405983556	0.5203665873505307	16.59457026644949	611.9647356640886	85.522965133938	70.1906632991878
-30	40	1.0421052631578958	42.66096194073606	114.16103658769002	1.8663020580085377	0.5794637860683215	13.734477018901247	13.86236261007397	85.522965133938	56.59117810657828
-30	0	1.0421052631578958	54.5728409030383	112.02567322323685	1.7420289548377037	0.5317473098577995	9.600243494576455	437.70264749173765	85.522965133938	67.82136255747648
-30	20	1.0421052631578958	47.649782404779224	113.44177234863429	1.7466230462955246	0.5602778460665346	20.69276552848672	67.43020170756249	85.522965133938	58.727451748873506
-30	2	1.0421052631578958	54.20304972897062	112.26714358224051	1.7201551598881561	0.5413445770861284	6.6683626492056405	265.8470056263487	85.522965133938	66.07491488593837
-15	-40	1.0421052631578958	47.8758136351895	107.1066153452907	3.401983044515467	0.5619353780778038	21.482398458751284	6.981677177554871	154.6635536027069	150.35991521471308
-30	5	1.0421052631578958	53.77267308264128	112.466673085823	1.7163750985741562	0.5468336086870833	6.831373655330902	157.32141697466434	85.522965133938	65.22666291997011
-60	-20	1.0421052631578958	43.87641224614403	108.54739225853736	2.2592995781685996	0.5279016803975947	20.355511077658495	482.33405329868106	21.541774193074936	29.50572552676264
-60	-10	1.0421052631578958	45.51809104902181	110.86711030629907	1.6036609119104095	0.526324625417189	9.441794621501936	602.0984092268942	21.541774193074936	15.750168030703442
-30	-40	1.0421052631578958	47.71376701251671	107.13917687948202	3.3097033522088055	0.5594279549304231	19.81124188121498	20.441001872289	85.522965133938	123.41515124215105
-60	20	1.0421052631578958	47.06332682979967	113.27184254750796	1.6019478455594278	0.5695246007967761	3.574921246499692	75.74725052358379	21.541774193074936	14.483792973969836
60	10	0.9842105263157905	48.0481637020869	110.22387107984834	3.978418095105233	0.5943212685247745	8.988872941084534	536.4689352563154	25.991817785431305	120.30810287718853
-60	40	1.0421052631578958	42.51739995145041	114.09107106087703	1.7569864027386064	0.5817114444376562	4.13726268126067	30.06073709110102	21.541774193074936	15.931963340252153
60	20	0.9842105263157905	48.5214630420873	112.0498116325772	3.4178231108416313	0.596785153899226	17.10391936607528	386.8885948312583	25.991817785431305	107.99629018437119
-60	-5	1.0421052631578958	46.648700334025754	111.82526388683821	1.484466734118759	0.5366923864230253	4.227443746773622	385.5982018155736	21.541774193074936	12.942407911838615
-60	10	1.0421052631578958	48.821694676003936	112.84341154133394	1.5599912520370047	0.5627412579547091	1.9916513469795554	104.06330817484893	21.541774193074936	14.287542053104415
30	10	0.9842105263157905	56.90111740379223	111.30301549206224	3.4237439613765273	0.5599600066006287	55.585618785175214	547.6713284902919	108.46950087474609	184.6457903276386
-60	5	1.0421052631578958	49.07988177644722	112.61981896588848	1.5396451827408402	0.5574908138447344	1.6355910408631853	142.47609567180768	21.541774193074936	14.086975604065113
-60	2	1.0421052631578958	48.85691029981062	112.45654807358176	1.5231402298791417	0.5528719458524263	1.6873270296407117	188.50384020619512	21.541774193074936	13.815217948395235
30	20	0.9842105263157905	47.657127534036476	113.18734818005383	2.807170748308286	0.5748351281651307	71.49344910694354	206.63746713714693	108.46950087474609	129.55584138577436
-60	-2	1.0421052631578958	47.825420803090715	112.15103371196946	1.49463915656614	0.5441338007088553	2.3175085797209185	261.18944174313447	21.541774193074936	13.203923571074492
-60	0	1.0421052631578958	48.44959749514825	112.31832505066114	1.509091691021226	0.548726846570493	1.9125262897604403	228.8071383819119	21.541774193074936	13.533641990832793
60	40	0.9842105263157905	40.97546278773304	114.13943736767912	2.5054941481611026	0.6030441837563763	11.154042225967382	68.2877083752911	25.991817785431305	72.73139141072309
30	5	0.9842105263157905	55.54029322837171	110.31399910461082	3.7112635031244157	0.5562057087737639	28.87111606167625	649.9453982106647	108.46950087474609	193.95510876777828
60	5	0.9842105263157905	45.004478673400286	109.29059606608344	4.217454462648962	0.5996515979934169	3.3636360673955568	344.6335064444161	25.991817785431305	118.27360382349778
-60	-40	1.0421052631578958	46.14181679109295	107.16681301877254	3.141752131155259	0.5576103011336119	8.70392142532778	67.6315155515867	21.541774193074936	50.20097606149066
60	2	0.9842105263157905	43.06868806600154	108.7483844748143	4.324440824608994	0.5999883642501475	2.422943217691984	320.3117915485412	25.991817785431305	115.50270925425549
15	10	0.9842105263157905	57.767398831306195	112.08729223727973	2.9497088111727043	0.5358583925744138	155.45803942941768	395.6274253750289	222.31097728988945	172.6026493661415
60	-2	0.9842105263157905	41.098210656084476	108.10431653804406	4.405482695189389	0.5961609815394262	2.390349624420056	238.79853028000554	25.991817785431305	111.74734590351375
60	-20	0.9842105263157905	41.21780165762145	107.08341468629105	4.1924375778696	0.5829938344110241	5.6546103108745225	91.1007812998934	25.991817785431305	107.21188190619287
60	0	0.9842105263157905	41.954806856105684	108.4023714193526	4.375136439938735	0.5985779966289121	2.2760145274011845	292.9731774855328	25.991817785431305	113.52769231344348
60	-5	0.9842105263157905	40.387415644866685	107.78475707219773	4.416034850707733	0.5930291656918968	2.6938988643860267	178.36338274959783	25.991817785431305	109.91821869291437
60	-10	0.9842105263157905	40.10078404251691	107.44396522055914	4.378639670290828	0.5889511391101135	3.4545243010074005	128.11757461078523	25.991817785431305	108.24671239451405
10	5	0.9842105263157905	67.70617926016179	111.13595446377332	3.0266020362609347	0.5284770097112119	171.0760541296968	565.609216903206	306.7059016969317	208.019803010601
30	40	0.9842105263157905	41.472187693553145	114.27192898613147	2.2773808453790774	0.5905183508311852	24.13183843184315	19.057979581312168	108.46950087474609	94.03938171962727
30	-2	0.9842105263157905	47.515778467764044	108.4357440718379	4.088022145988763	0.5568782537855322	13.737421657301162	469.1184627933826	108.46950087474609	181.45183677805304
30	2	0.9842105263157905	52.06809629167581	109.55669559355485	3.911208785060918	0.5566873696239453	15.543563326266101	599.7361772935207	108.46950087474609	190.85820266522532
30	0	0.9842105263157905	49.647566216250176	108.99155983819263	4.018331229510893	0.5569909597725382	13.273210548291397	595.6824786471703	108.46950087474609	186.59900762217634
15	5	0.9842105263157905	65.61834848665434	110.95516782833369	3.2166013703072434	0.5361489876847229	94.12821465756325	680.3840343932635	222.31097728988945	212.98166705531006
60	-40	0.9842105263157905	43.73869040655275	106.86766954045	3.8519589351923056	0.5803442980047652	4.7671655540475655	26.006501382387068	25.991817785431305	106.22257513548409
15	2	0.9842105263157905	65.2804383666944	110.30151359611503	3.335917244135761	0.5245010294393669	49.01228477036636	866.9607948242027	222.31097728988945	219.21167783288652
30	-10	0.9842105263157905	45.740140186725945	107.46916838453545	4.001496819456241	0.5569486607478913	22.20269630895646	172.6214493372154	108.46950087474609	171.24524060414333
15	-5	0.9842105263157905	53.95837078063345	108.13541473402792	3.637702173747212	0.525960465949745	46.64120160057613	384.989700871588	222.31097728988945	196.94152781437467
30	-5	0.9842105263157905	46.04159360614983	107.91900410622974	4.097987687231656	0.5565061439160576	17.332036512124173	298.1107252876233	108.46950087474609	176.21105527396347
10	2	0.9842105263157905	70.15313931591568	110.48921457649479	3.14926282425813	0.5290550662752239	74.03947392568278	947.520552482073	306.7059016969317	224.01917048583772
15	-2	0.9842105263157905	58.3193832876729	108.98124742151644	3.5469270066522802	0.512150415811956	53.643020008906575	825.6807383453098	222.31097728988945	207.5366801244288
15	20	0.9842105263157905	46.14148201356616	113.72498122681232	2.39650080582106	0.5663382567128165	63.987160118060785	51.30976900065491	222.31097728988945	113.57361962237324
15	0	0.9842105263157905	62.40506323461818	109.72500182656735	3.4337305088335044	0.5134849898374874	48.17315833622433	916.2490489718632	222.31097728988945	215.27429552089657
15	-10	0.9842105263157905	51.17834427329284	107.57602445780572	3.634550159116884	0.5437761534632527	38.7233218697261	115.01700632471265	222.31097728988945	186.87493440402693
30	-20	0.9842105263157905	46.16588714237083	107.12868863119198	3.815494176564217	0.5653808842665395	18.813635755750926	49.550221188031465	108.46950087474609	165.59728310672548
30	-40	0.9842105263157905	45.71545720702007	106.94706438715521	3.689447827799234	0.5720828925008826	13.185612855837508	9.999055226028949	108.46950087474609	159.144512074097
10	10	0.9842105263157905	56.13104031927585	112.49810470885383	2.68241149728055	0.5285635394708522	167.28839862981854	290.3683216319098	306.7059016969317	153.43104048298878
15	40	0.9842105263157905	41.66372684743367	114.30500706652889	2.152816341041358	0.5856965211061733	25.516841451303957	5.761410910667377	222.31097728988945	92.95387100626512
10	-2	0.9842105263157905	63.45682498944802	109.26708581246325	3.322451256911309	0.5073251950848293	63.302080829295605	840.4888074926307	306.7059016969317	213.2194914911395
15	-20	0.9842105263157905	48.62232761843275	107.21227578786242	3.616562284987214	0.5582544770854382	26.595603623804962	20.675984148002385	222.31097728988945	176.87916908884952
5	2	0.9842105263157905	73.50518652787216	110.72213954893685	2.962161422046437	0.5358450345087902	197.1337427381531	1013.0807659967862	313.75400038458673	220.33852054207668
15	-40	0.9842105263157905	46.582441631354605	106.99040922182104	3.5973833996163957	0.5682742064755691	17.418436864037236	3.877531308511845	222.31097728988945	168.71628015802483
10	0	0.9842105263157905	67.68407011425917	109.94832110134084	3.2335343094842193	0.5160386613183918	55.06943153743461	949.7533776791639	306.7059016969317	221.598920096203
2	0	0.9842105263157905	74.16734788280236	110.24641519808043	2.9507408263730346	0.5322380549768011	235.8259956213755	1655.2182382845624	315.16884005788893	220.09295135283207
5	5	0.9842105263157905	66.8999895569502	111.45211037069652	2.7594104586341643	0.5151905997249983	216.54605145178587	401.01472433670574	313.75400038458673	186.9059861397067
10	40	0.9842105263157905	41.73537672000756	114.30658442077161	2.113228706608224	0.5843815370650548	25.135687843944247	3.586538009445139	306.7059016969317	91.09166674799181
10	20	0.9842105263157905	45.899071245309	113.8093727989041	2.2818783773370965	0.5641691830969039	58.900202525816646	29.2868842408474	306.7059016969317	107.64151358446229
5	-2	0.9842105263157905	68.11587807008586	109.48858470833295	3.1316783058645217	0.5142582905654586	84.95934588736625	827.2732095050411	313.75400038458673	215.5582740060258
5	10	0.9842105263157905	54.558345931413626	112.81607558977208	2.4166506938216106	0.5266728067137245	141.50841840049978	164.4408335899878	313.75400038458673	133.8511090639091
10	-5	0.9842105263157905	57.529344127918336	108.30691652134503	3.4489401847896892	0.5212287282981467	60.00308790527429	413.11302692133336	306.7059016969317	200.60789805975736
5	0	0.9842105263157905	72.46368797501759	110.12794578216958	3.0644512946769047	0.528115012314652	87.14886122040323	1102.6448248028405	313.75400038458673	224.55180879348111
5	-5	0.9842105263157905	61.133889089042526	108.54390784988215	3.262226339420752	0.5190042877569717	77.26893494197965	400.73223369118153	313.75400038458673	201.43902484991753
10	-10	0.9842105263157905	52.95497414262043	107.65838815086377	3.5153672161565335	0.5406115146081363	44.624929304431326	85.98840605909163	306.7059016969317	188.2992613413114
2	-2	0.9842105263157905	70.45924300243165	109.59701221365846	3.0226735106314004	0.5211917582830573	119.53169359858677	812.6076267890163	315.16884005788893	214.12715503791915
2	2	0.9842105263157905	72.95829048387593	110.94765968452502	2.7836838400386443	0.5295390144227482	258.31748883472693	689.2633579693468	315.16884005788893	204.31741183441122
5	20	0.9842105263157905	45.78700381121525	113.85185508378486	2.1798556431149065	0.5623887347147327	53.472378319909595	18.18100768554279	313.75400038458673	101.67352370562979
10	-20	0.9842105263157905	49.32860759565914	107.24929765921313	3.551555357320865	0.5559048730369445	29.461552954117828	14.822233878657359	306.7059016969317	177.29348363132954
5	40	0.9842105263157905	41.811377429582386	114.30348712385182	2.07513644058702	0.5832230263738345	24.39076043823862	2.4408702684170374	313.75400038458673	88.55947252542985
10	-40	0.9842105263157905	46.824157289778846	107.00509687909334	3.5660389043806973	0.5670706810260377	18.63088748550891	2.6679072050580706	306.7059016969317	169.05082605805134
0	0	0.9842105263157905	73.56254779823657	110.42102187493154	2.806907008625713	0.526064538463606	310.68037164994337	1875.4184886654075	314.65562932839464	206.4832309872342
2	5	0.9842105263157905	65.43432451067612	111.6617242203135	2.5784239788263577	0.5101014654082096	200.0692766460079	339.7821381638974	315.16884005788893	169.77953371115487
2	10	0.9842105263157905	53.98609600541071	112.9115846415783	2.2828562646809853	0.526268091712278	123.93035959844762	127.77671144005069	315.16884005788893	124.15895664715578
5	-10	0.9842105263157905	54.55017673022359	107.76272921040811	3.4008828454711435	0.5371139760948607	52.19379200488624	73.05589748824734	313.75400038458673	187.36643919858187
0	2	0.9842105263157905	71.80242235450876	111.08216979694437	2.655675226768008	0.5243939729107132	230.24358236012375	578.5408277441808	314.65562932839464	190.68391426880234
2	-5	0.9842105263157905	63.02555362516364	108.71509085634048	3.1570206008015953	0.5173232344116258	90.07387713768141	388.2164280407975	315.16884005788893	199.98964575928727
5	-20	0.9842105263157905	49.948286619797756	107.28999871607763	3.486795642166726	0.5535097352154736	32.476567378264576	11.861554710962178	313.75400038458673	175.90632163404268
2	20	0.9842105263157905	45.77531656998375	113.859916859684	2.1244113163423703	0.5615077309984643	50.2989539897367	15.658044221630435	315.16884005788893	98.08338967730852
-2	2	0.9842105263157905	70.37548111317432	111.20154650825496	2.5335669167800616	0.5208203885650703	193.77093044682658	541.0139231558738	300.265867373234	176.91320381105427
2	40	0.9842105263157905	41.858732990017494	114.29952113535285	2.0530873908499543	0.5826042657562105	23.85883302658272	2.2137714359481135	315.16884005788893	86.7383814863477
5	-40	0.9842105263157905	47.03485288771637	107.01972328801645	3.534518531143174	0.5659038654030617	19.672010568149673	2.030714038417929	313.75400038458673	167.93278687446892
0	-2	0.9842105263157905	71.49715967337693	109.67428376866557	2.9457135678537205	0.5243773467345837	159.91842060954838	786.7834918565771	314.65562932839464	210.6101533128703
-2	0	0.9842105263157905	72.95554849453413	110.60456821139293	2.6596625376899863	0.5248037679257479	300.265867373234	1852.887205937952	300.265867373234	192.5827279336802
0	5	0.9842105263157905	64.27836774471491	111.79565119556689	2.458970957859128	0.5093598293246476	181.8881362078585	319.1525358227029	314.65562932839464	158.0586395028429
-2	-2	0.9842105263157905	71.61670961240986	109.78890790499263	2.8518897165228374	0.5229139818124809	228.44275008245756	1138.649583936769	300.265867373234	202.81157391196524
2	-10	0.9842105263157905	55.386977884950525	107.83460557664945	3.333072564223112	0.5347261919187607	57.94738214683353	76.24701327257074	315.16884005788893	185.52997147951973
0	10	0.9842105263157905	53.72781946150032	112.94412710086874	2.204488256300671	0.5263708393971838	110.50074353301918	113.1895272845285	314.65562932839464	118.44234703952009
0	-5	0.9842105263157905	64.02992497612108	108.82590129520223	3.0907148155595863	0.5162633822360346	100.95043100277334	389.52767199855936	314.65562932839464	197.89823776286622
2	-20	0.9842105263157905	50.269774744308265	107.31597933151116	3.4478298820232647	0.552033050563137	34.35498861618143	11.845317654249207	315.16884005788893	174.184529845179
-5	-2	0.9842105263157905	70.07672720391804	110.07310346014218	2.6691945983377807	0.5135027568145237	214.92466393595583	1526.8960475872	263.1788187611562	183.20038210957352
2	-40	0.9842105263157905	47.14465308897807	107.02841931750164	3.5155503884764903	0.5652227185518313	20.217311917132232	1.960887700861669	315.16884005788893	166.5684143951367
0	40	0.9842105263157905	41.89087403985526	114.2960582148953	2.0387467612107124	0.582223733663253	23.429464856653535	2.2376179917665375	314.65562932839464	85.40488377304082
0	20	0.9842105263157905	45.787976594411184	113.85893444593805	2.0897162076723155	0.5609968443003239	48.167466304552846	15.35144472295234	314.65562932839464	95.68387680586169
-5	-5	0.9842105263157905	65.26598587055247	109.09900248202872	2.9185313919534184	0.5115005356565515	145.12195441488393	589.5545988317888	263.1788187611562	186.84642023218595
-2	5	0.9842105263157905	63.06756634127968	111.92127366764103	2.3444851842688244	0.510813005876224	160.3021726646439	308.39108880068886	300.265867373234	146.6465891118337
0	-10	0.9842105263157905	55.880855970209325	107.8862211891954	3.2875822683687828	0.532958577683433	62.468650691905644	84.58115092560583	314.65562932839464	183.71291122893
-2	-5	0.9842105263157905	64.77054057090652	108.93343298673736	3.024945631993168	0.5149372000273307	115.19317717636308	426.6146045895343	300.265867373234	194.64401555980157
-5	2	0.9842105263157905	67.90321406299677	111.3704859998075	2.3662497812373546	0.5183021046054428	132.46624134350296	542.6575818018224	263.1788187611562	156.99715264282463
-2	10	0.9842105263157905	53.51754580413518	112.96147319626992	2.134903575402378	0.5270490410575611	97.96660639098712	104.566951889651	300.265867373234	113.20081078844261
-5	0	0.9842105263157905	70.78576593000071	110.84133157924595	2.486483000583398	0.5205591559325178	129.92347941540933	1301.4765405723124	263.1788187611562	172.12631122642387
-10	-2	0.9842105263157905	66.24615750969524	110.55409785478429	2.393871955997672	0.5028699022194204	124.36067651611523	1367.9044368813377	203.07703078002987	150.39078266646766
0	-20	0.9842105263157905	50.46010030218276	107.33390426033509	3.4217056218191844	0.551025883956969	35.633365598583254	12.694499247959744	314.65562932839464	172.65960888153867
-2	20	0.9842105263157905	45.81533041368139	113.85337343660593	2.0567433169487077	0.5605454072999028	46.083947802662024	15.996295581726738	300.265867373234	93.27669807004375
0	-40	0.9842105263157905	47.210386039930036	107.03416541882402	3.502888538553816	0.564776892235265	20.529518586160197	2.0591875976392937	314.65562932839464	165.372720159972
-2	40	0.9842105263157905	41.92335500731412	114.29197986076313	2.0247031713118573	0.5818687991966419	22.912602272478658	2.3794981250423803	300.265867373234	83.97930723960097
-2	-10	0.9842105263157905	56.3138060659609	107.9409096234307	3.241356242815172	0.5310113248205859	67.5859774777424	99.39037495705784	300.265867373234	181.3783035821223
-5	5	0.9842105263157905	61.27850673969375	112.08699495937685	2.1889714175023864	0.5162407944047646	124.28005265571902	294.76920150195656	263.1788187611562	130.86934306635803
-5	10	0.9842105263157905	53.26452059202618	112.96696820773593	2.044972694997231	0.5289653156911137	81.51262766100241	100.26310551356288	263.1788187611562	106.05437928366244
-10	5	0.9842105263157905	58.77368279931823	112.2689344767808	1.9955367170861207	0.5273101314159433	66.81756695847824	247.8223462829495	203.07703078002987	110.1215215993919
-2	-20	0.9842105263157905	50.629415283679826	107.3523023434055	3.3953921220881202	0.5499968472318101	36.903444405114506	14.361047550359006	300.265867373234	170.83018483171202
-5	-10	0.9842105263157905	56.82709676028157	108.02948870256417	3.169366113794902	0.5276675081380187	76.7597747966056	137.20660829258443	263.1788187611562	176.80708182424118
-10	2	0.9842105263157905	63.384109438486234	111.66877941300932	2.134840992538962	0.518667923579303	58.62601804003003	527.0407373508752	203.07703078002987	127.55051957348978
-10	-5	0.9842105263157905	64.02973815628849	109.46567379582862	2.6816762780399257	0.4996345585665391	177.75835851307772	1081.1942499590123	203.07703078002987	163.54315383576244
-2	-40	0.9842105263157905	47.26987605163941	107.03986205173258	3.49021728675114	0.564337955053265	20.828184726384578	2.275961171158981	300.265867373234	163.95065043993125
-5	40	0.9842105263157905	41.972451711647764	114.28479198934566	2.0042091256469847	0.5813842269526317	22.117129561587763	2.8313435646779483	263.1788187611562	81.67467775806509
-10	10	0.9842105263157905	52.94058063983898	112.94204642030961	1.9265881802531732	0.5336950615044386	59.626153879113176	103.8629398853589	203.07703078002987	95.53889072146244
-10	-10	0.9842105263157905	57.21948242650081	108.20189651537797	3.0355681779006374	0.5205989848061536	96.18376036269763	260.5949653798152	203.07703078002987	165.88214118009662
-5	20	0.9842105263157905	45.880819458846986	113.83736413497606	2.010340606887634	0.5599771699955676	43.024284055040816	18.509376821667452	263.1788187611562	89.64586455466387
-5	-20	0.9842105263157905	50.840468368997016	107.38080263111297	3.355408913755061	0.5484056810061699	38.96734598216972	18.60123752344772	263.1788187611562	167.51140531748916
-10	0	0.9842105263157905	65.6761826441088	111.18545647720252	2.251755655968615	0.5113399497947204	70.16188375057668	977.3219897057003	203.07703078002987	139.80838248556816
-5	-40	0.9842105263157905	47.34689832840512	107.04829569201404	3.4711987906831347	0.5636931851626645	21.132667354388033	2.8342238816580143	263.1788187611562	161.39898254418608
-15	5	0.9842105263157905	56.79200204057775	112.37146480084608	1.8740553765591512	0.5348318488000658	30.920217255632622	203.93941759054522	154.6635536027069	94.94338218078187
-15	-2	0.9842105263157905	62.03181584766304	110.94461378068009	2.165960155352734	0.49978204511579316	72.93913928433211	1095.6043698205428	154.6635536027069	121.75628021252511
-10	20	0.9842105263157905	46.043562892125664	113.7935327562535	1.9404965362695048	0.5593056593619605	38.21808998680816	25.972605471961028	203.07703078002987	83.51812520712662
-10	40	0.9842105263157905	42.05415213585299	114.27030722254177	1.9716165099253908	0.5807032141054874	20.638939620562024	4.122598601487135	203.07703078002987	77.41434175664921
-30	-10	0.9842105263157905	52.11765096735347	109.49963806375413	2.2249943335640463	0.49380942773000036	85.3708204514034	899.967663511936	85.522965133938	87.55749217915417
-15	2	0.9842105263157905	59.54941299937615	111.92987819271207	1.9577140204604757	0.5239262837648195	30.613177368984754	465.0272445866492	154.6635536027069	104.53330352490217
-15	-5	0.9842105263157905	61.3709698797623	109.91596348461964	2.4185950150664093	0.4909898407162875	140.1640990403665	1208.043278373403	154.6635536027069	135.57496960383838
-15	-10	0.9842105263157905	56.85138288855604	108.4303720536919	2.869291814553378	0.5111517105292158	119.49208967386194	496.7670762792312	154.6635536027069	150.04372001207378
-15	10	0.9842105263157905	52.64148331019908	112.90010140867845	1.8383219657388767	0.5392198265352799	42.643298532411826	112.05207932945854	154.6635536027069	86.12790491405512
-30	-5	0.9842105263157905	53.290466030228416	111.00887487723456	1.8486069358616048	0.5024047014289647	37.40259351021875	851.6812544097692	85.522965133938	71.92817862159256
-15	20	0.9842105263157905	46.25514213391741	113.73320582163952	1.8789977481850073	0.5589547970293098	33.618520168051816	36.2866855725267	154.6635536027069	77.26016306650668
-10	-20	0.9842105263157905	51.06375582810701	107.43098808838421	3.286670516103568	0.5456019949268299	42.48717515600626	31.182812017962007	203.07703078002987	160.44210704396363
-30	-20	0.9842105263157905	49.88998533141062	107.70410218269551	2.9495692527594444	0.5322778998321848	53.136061722851736	189.90940631128893	85.522965133938	114.16140516931243
-15	0	0.9842105263157905	61.196092446384526	111.50055033351458	2.048322735617433	0.5118518126601803	43.55291008248218	804.553368897628	154.6635536027069	112.97109746889171
-10	-40	0.9842105263157905	47.44102383945491	107.06199374805662	3.439492546722397	0.5626580040207818	21.54740780068592	4.4628618809671305	203.07703078002987	156.05887938785258
-15	40	0.9842105263157905	42.13376391137182	114.25329705850211	1.9410293730200563	0.5801786981865377	18.984159038831887	5.978200318817013	154.6635536027069	72.66932889300836
-30	20	0.9842105263157905	46.95393518113589	113.50939819593779	1.7362282929742416	0.5600034877587771	20.641835180381257	68.27315418927502	85.522965133938	57.45358938408773
-30	-2	0.9842105263157905	53.333196090268935	111.72325137702646	1.7336587923582163	0.517940679090428	16.819242424122557	614.3256235242184	85.522965133938	66.2623476798346
-30	10	0.9842105263157905	51.29768341773375	112.83207670464883	1.685505916814002	0.5513662938743344	11.669790597046159	112.93161628355001	85.522965133938	60.73685704500395
-15	-20	0.9842105263157905	51.10330870668353	107.48556462686012	3.213854936635719	0.5425769504710685	45.91827586976481	52.38504167640928	154.6635536027069	151.46592644156806
-30	2	0.9842105263157905	53.159161145996016	112.30655106464827	1.6858252053314398	0.5393552667607879	6.74253301690519	269.01635564691964	85.522965133938	63.27480839311
-30	5	0.9842105263157905	52.83461491865481	112.51497489825584	1.6870192935401873	0.5452570557989234	7.122115025178414	166.9754637206217	85.522965133938	62.78723178859383
-30	40	0.9842105263157905	42.33439256262327	114.19471961869843	1.8614094244347383	0.5795039544002364	13.604473648299388	13.7503712718275	85.522965133938	55.977745807640574
-30	0	0.9842105263157905	53.321762425461166	112.06620017061053	1.7001760277034927	0.5297553497213577	9.747388581648034	442.7350412371359	85.522965133938	64.38698557622268
-15	-40	0.9842105263157905	47.489947296331174	107.07514511727193	3.40780781660621	0.5616778998609433	21.66308885760075	7.00852012649655	154.6635536027069	149.41841157227944
-60	-20	0.9842105263157905	43.31082412477033	108.52667482325543	2.246495842665121	0.5276273042363026	20.177177837133765	476.4133217906848	21.541774193074936	28.858403698083038
60	10	0.9263157894736852	47.546638452057216	110.19626356398564	3.9991895853062056	0.5947679700076174	9.094677351385364	548.5822027827986	25.991817785431305	119.56453152606107
-60	-10	0.9842105263157905	44.88140773674191	110.86585015758678	1.5839031255838631	0.5258178837349807	9.445383248298956	603.1976728045581	21.541774193074936	15.106180522888138
-30	-40	0.9842105263157905	47.349821958634074	107.11033896242539	3.3134297124677707	0.5591668666666884	20.02538594796455	20.62366698384139	85.522965133938	122.63276564207322
-60	-5	0.9842105263157905	46.13255488782894	111.82719674866682	1.4678353454494653	0.5362530372366511	4.13480722020376	375.4786427411776	21.541774193074936	12.43313502718589
60	20	0.9263157894736852	47.990972385283996	112.07865354833534	3.422058605962539	0.5971961899522127	17.36633084772519	393.3297580011775	25.991817785431305	106.93427049817875
-60	20	0.9842105263157905	46.764442281103705	113.29714452392356	1.5955331219127615	0.5693910109663798	3.6247647118011614	76.94737899793674	21.541774193074936	14.247230703999618
-60	2	0.9842105263157905	48.44247772907442	112.46853149214336	1.509704024427232	0.5523439160021811	1.7040304722912893	193.17546378187754	21.541774193074936	13.39473986582365
30	10	0.9263157894736852	55.38958048370785	111.34761052543452	3.4488600927903077	0.5588031508463406	59.02708675440795	590.3580578116707	108.46950087474609	180.91356020997372
-60	10	0.9842105263157905	48.47881589091564	112.86375779544723	1.5499556771274152	0.5624717137758128	2.0188417502925744	106.08994669782398	21.541774193074936	13.955259585740961
-60	40	0.9842105263157905	42.33920797165365	114.10955462027847	1.7544278520509768	0.5817361833448715	4.116454023735669	29.915200025975636	21.541774193074936	15.810121296477554
-60	5	0.9842105263157905	48.69937262669125	112.63610676283545	1.5275981178705185	0.557093116202541	1.6537370541622367	145.67088635424201	21.541774193074936	13.701191946452001
15	5	0.9263157894736852	63.13903077666387	111.00785572271045	3.2586452777895674	0.5299725807791764	107.8730265412105	788.6052954870091	222.31097728988945	207.3976127246487
-60	0	0.9842105263157905	48.00836235219953	112.32628727847712	1.494758391029428	0.5481117789364413	1.9263011053652936	232.56581266245405	21.541774193074936	13.091903017811392
60	40	0.9263157894736852	40.73621232795339	114.16450452010493	2.50152529621217	0.6031920706844329	11.105301911666881	67.9341067538734	25.991817785431305	72.23110141112691
-60	-2	0.9842105263157905	47.360899038690604	112.15489746503324	1.4796821922952577	0.5434953212659889	2.3289452423210095	264.1036273895042	21.541774193074936	12.747675739739199
-60	-40	0.9842105263157905	45.91087422865897	107.15035029015952	3.141993391345302	0.5574550486301222	8.755328175759823	67.97771297013934	21.541774193074936	49.961428233361914
60	5	0.9263157894736852	44.46498625716956	109.25135164257244	4.239529136004585	0.600199254875256	3.3430921250284618	343.6796461990052	25.991817785431305	117.36765985965299
15	10	0.9263157894736852	55.51267814300396	112.2638032384259	2.9335811977729898	0.533381180829768	159.7218341634737	422.2788689844033	222.31097728988945	164.96541856457154
30	20	0.9263157894736852	46.60254836144935	113.29059994060806	2.791740698997845	0.5750892485435909	70.46249778610596	203.4961785870905	108.46950087474609	126.0721493397561
30	5	0.9263157894736852	53.88813049604444	110.25921008840056	3.7669992710020748	0.5555996750393023	31.25709783006147	688.5656827867016	108.46950087474609	190.77028159942626
30	2	0.9263157894736852	50.43559282525773	109.4588370248916	3.973446646686032	0.5569038269605334	15.543563326266101	599.7361772935207	108.46950087474609	187.59809513013585
60	2	0.9263157894736852	42.5457672810882	108.70426861955438	4.346378085014459	0.6003775003030586	2.4030260533292847	318.2577758986513	25.991817785431305	114.58133370236538
60	-2	0.9263157894736852	40.62997570268949	108.06379802721449	4.425474487088963	0.5963258211036978	2.3678412771076363	233.1153122473507	25.991817785431305	110.88613327934992
60	-10	0.9263157894736852	39.72290545282063	107.41626964428946	4.395554959207205	0.5890829921632571	3.415552614037402	125.73668015285027	25.991817785431305	107.56717768877971
60	-5	0.9263157894736852	39.962424322115815	107.7504207888173	4.434510437354014	0.5931804834663436	2.66643071890284	174.58295990747376	25.991817785431305	109.13596560990861
60	0	0.9263157894736852	41.45180726741043	108.35753281012495	4.396405372701656	0.5988052065485603	2.2639611124750045	289.2349585966077	25.991817785431305	112.61557388971563
15	2	0.9263157894736852	62.56981375507424	110.24552523177293	3.4086034567706287	0.5177737560671479	62.07205662821596	971.5035217774772	222.31097728988945	214.39345330996395
60	-20	0.9263157894736852	40.89435202323123	107.06352163092582	4.207729221951258	0.5830970468240185	5.600489429033911	89.85961456556244	25.991817785431305	106.68688129963816
60	-40	0.9263157894736852	43.565362945088445	106.85470891611712	3.8580922718603827	0.580332888384369	4.788804752655132	26.14835129488376	25.991817785431305	105.93480689989097
30	40	0.9263157894736852	41.08531031381908	114.31232282375603	2.270895885219536	0.5906554170528079	23.90189471027665	18.86501038906073	108.46950087474609	92.934200942485
30	-2	0.9263157894736852	46.03191229333299	108.32359225233012	4.14746218731683	0.5570120024728915	13.373513249463038	438.89625406959595	108.46950087474609	178.15793695108337
30	0	0.9263157894736852	48.01961622178067	108.8705661059248	4.082019466397286	0.5571783060237923	13.194245387961919	592.2132550248984	108.46950087474609	183.1334528742845
15	-5	0.9263157894736852	51.82893081604174	107.99149660582094	3.708539828109014	0.5229371773165411	48.824886901936424	369.89876858415363	222.31097728988945	192.67511273298103
30	-10	0.9263157894736852	44.6911335036401	107.40365570424572	4.046115739021376	0.5567036012955411	22.264990137898103	168.60998469396725	108.46950087474609	169.03933297855392
15	20	0.9263157894736852	45.085240480379	113.83093193204792	2.379221561792608	0.5663810433533931	62.52112108959989	50.25666745856209	222.31097728988945	110.2217698826853
10	5	0.9263157894736852	64.88409580852233	111.26037161326536	3.03878617183341	0.5190456788820729	198.70841631101922	678.7118949054575	306.7059016969317	200.02154484982978
30	-5	0.9263157894736852	44.7670813466373	107.83234524524252	4.151111833772324	0.5566074954494148	16.78409946588948	282.1931903493275	108.46950087474609	173.39508492755
30	-20	0.9263157894736852	45.51851251918781	107.08214360797288	3.8388052453955748	0.5649913419119209	19.175655641259727	50.566088451689204	108.46950087474609	164.18520791061613
5	2	0.9263157894736852	69.83566924546906	110.78487719454726	2.9745374932112703	0.5160654341578084	260.40960890630134	1327.3501250632569	313.75400038458673	210.07941902806192
15	0	0.9263157894736852	59.51965206697738	109.58779298806299	3.518523280327144	0.5070786385949402	57.52162984280283	962.9417957841495	222.31097728988945	210.09687921861808
30	-40	0.9263157894736852	45.40522267960386	106.92234985441392	3.6982853943415663	0.5719735626039397	13.309098601793425	10.097152272386197	108.46950087474609	158.4095539625024
15	-2	0.9263157894736852	55.47853588513298	108.79219948410888	3.6381941752679	0.508326342826541	58.268982246800036	820.4539707592255	222.31097728988945	202.2631054138239
15	-10	0.9263157894736852	49.79390577387937	107.47562765340633	3.6782537901630192	0.5418662061512781	40.47650461135162	119.64325684730885	222.31097728988945	183.8971411691294
10	10	0.9263157894736852	53.73984149354219	112.71225963958062	2.6496023390781955	0.5270450466138432	165.18757780355443	300.01738763914443	306.7059016969317	145.1442901090197
15	40	0.9263157894736852	41.251511783181364	114.34788608407429	2.1460299973701344	0.5858017793905597	25.23661233530185	5.70324624138061	222.31097728988945	91.76491428963394
10	2	0.9263157894736852	67.19792561529995	110.4690691852998	3.2039661582245635	0.5167999235826508	96.4422915468127	1103.9668677762434	306.7059016969317	218.05942419380497
5	5	0.9263157894736852	63.83790162608113	111.63042369861043	2.733330102890284	0.5035879581618955	228.1779880228473	482.6769247569054	313.75400038458673	176.62795355841374
10	-2	0.9263157894736852	60.39647544713173	109.08908422650353	3.397941517323602	0.4978209668560358	73.6398994446683	879.1213291788956	306.7059016969317	207.32689823496074
10	-5	0.9263157894736852	55.13639347350408	108.13878323982192	3.515866463157919	0.5162061484307151	64.06234748400796	407.14511929226956	306.7059016969317	195.8494764682606
15	-20	0.9263157894736852	47.863920324793156	107.15208713309474	3.637437467756776	0.5576098665966042	27.241117282058568	21.129109572340568	222.31097728988945	175.0773582957915
10	20	0.9263157894736852	44.864011137648255	113.91319397021701	2.265028868005885	0.564161907308602	57.45229632225651	28.756562599089595	306.7059016969317	104.46960402534283
5	0	0.9263157894736852	68.73278888730788	110.02529283234121	3.1113849121084742	0.5079987823584541	131.92232242955316	1309.6542621566964	313.75400038458673	216.08352765637486
5	-2	0.9263157894736852	64.78236229982451	109.3271165140185	3.188192025727466	0.49913844371866795	102.82187782006916	908.188133059539	313.75400038458673	208.5708820933046
10	0	0.9263157894736852	64.58613351524173	109.82603952982971	3.3017617576715046	0.503683194905088	69.68874764481163	1005.7034978905135	306.7059016969317	215.65724923853557
15	-40	0.9263157894736852	46.2260909972696	106.96137960940425	3.6060573127842135	0.568103710454898	17.609527540318233	3.9126210207362395	222.31097728988945	167.81087771903225
10	40	0.9263157894736852	41.32161499687925	114.34957100479797	2.106475798825661	0.5844762060298744	24.852810199778727	3.5560906172986795	306.7059016969317	89.91446757380324
10	-10	0.9263157894736852	51.5010070701572	107.54588824708024	3.5541943201222077	0.5384227130505173	46.83276210282235	89.15237958464479	306.7059016969317	185.0788727250849
2	2	0.9263157894736852	69.03690665592728	111.06311667728045	2.7580044099114933	0.5076511247266207	279.7561342735481	1015.0998367400149	315.16884005788893	191.51121488545846
5	-5	0.9263157894736852	58.55874254346673	108.35092952463395	3.317430841978379	0.5126194025762686	85.14316729642842	424.0157907025357	313.75400038458673	196.14161459231272
2	0	0.9263157894736852	69.24776205805024	110.20976647275384	2.9473287018710064	0.501810417550519	315.16884005788893	1873.6249488096296	315.16884005788893	205.18431821578554
5	10	0.9263157894736852	52.283577458493305	113.02520637307944	2.3826943585124596	0.5254522594879976	135.51075330531197	164.58782757823946	313.75400038458673	126.49612480711698
2	-2	0.9263157894736852	66.82970437965125	109.44747192101521	3.0632650780002524	0.5023222872810906	148.92096708323086	994.0615329340129	315.16884005788893	205.7639693214235
10	-20	0.9263157894736852	48.53823550819312	107.18534582400595	3.571037351356999	0.5551697284964425	30.213718390309868	15.103781774607425	306.7059016969317	175.37784199177307
5	-10	0.9263157894736852	53.022652814104696	107.64000740446248	3.4342655820388837	0.534597516519319	54.99436653029467	75.2271455119737	313.75400038458673	183.87144685081086
5	20	0.9263157894736852	44.779718803446436	113.95277385708393	2.1637087536136423	0.5623433201962067	52.12568082575503	17.950440456498583	313.75400038458673	98.71629176972274
2	5	0.9263157894736852	62.39352572070996	111.85547890756018	2.536565402011189	0.49919239097587886	207.35788659110088	412.84141447569976	315.16884005788893	159.2558404850485
10	-40	0.9263157894736852	46.456534220420785	106.9750100352102	3.574451013499955	0.5668806676384432	18.839561595195192	2.691299738753689	306.7059016969317	168.10691164507824
5	40	0.9263157894736852	41.39926359022123	114.34625345206399	2.068474218572053	0.5833077559882901	24.11907241765735	2.426662942396963	313.75400038458673	87.41213026845601
0	-2	0.9263157894736852	67.65223639996194	109.53756227940657	2.9653440230883668	0.5031689147365235	210.80365936870243	1159.8089909589573	314.65562932839464	200.6121548571884
0	0	0.9263157894736852	68.59324607464688	110.40577161776876	2.7892984622412924	0.49496775822189204	305.3541029317298	1853.030811030834	314.65562932839464	191.32703579615114
2	-5	0.9263157894736852	60.38109491177072	108.51557245260302	3.201199734107581	0.5100300968380542	102.18305054175971	448.1238406859638	315.16884005788893	194.24896777814843
0	2	0.9263157894736852	68.02465529311884	111.21461553164318	2.615722893897727	0.5038930555280124	249.05569422005132	843.6589945540316	314.65562932839464	177.93364819971214
2	10	0.9263157894736852	51.80239546959866	113.11321945892128	2.250377108958883	0.5251311514552223	118.5130517743534	130.83213984808467	315.16884005788893	117.45328346843942
0	5	0.9263157894736852	61.30865174069495	111.99452740319316	2.4094323677349556	0.49946841139322934	187.72108737540904	384.9467262912308	314.65562932839464	147.71904992622044
5	-20	0.9263157894736852	49.128397148430174	107.22286398295596	3.5045901777637583	0.552681627146474	33.33789439023107	12.034494242961838	313.75400038458673	173.8862049462588
-2	-2	0.9263157894736852	67.50245882879909	109.69146553432103	2.8375766553953135	0.49913061903917894	273.0625512242647	1529.5650627257637	300.265867373234	190.2508654592214
5	-40	0.9263157894736852	46.658215397316354	106.98880834273503	3.5425749081389775	0.5656955630469659	19.90037267999981	2.044108475246136	313.75400038458673	166.96166270388863
2	40	0.9263157894736852	41.449078646281336	114.34200549132181	2.0465051006238357	0.582683371751229	23.581767651326306	2.2034601120762325	315.16884005788893	85.61695909744203
2	-10	0.9263157894736852	53.81165519405248	107.70688233408163	3.362763512243802	0.5319795625559187	61.20496852179005	78.33329659169587	315.16884005788893	181.84469464272965
2	20	0.9263157894736852	44.78712072541638	113.95884240707228	2.1087646903554913	0.5614448952752193	49.02068950445785	15.502406969230316	315.16884005788893	95.26553042741858
-2	2	0.9263157894736852	66.82283727160156	111.34427969402404	2.482576020607966	0.5025531097695513	213.46164859184094	745.9528085917062	300.265867373234	164.61972028476978
0	10	0.9263157894736852	51.62133995406782	113.13812987565612	2.172805358278622	0.5251303310214429	108.69420508010253	122.99076489334047	314.65562932839464	112.16312405372089
0	-5	0.9263157894736852	61.365924736388095	108.63254590318694	3.1250925443284414	0.5079704389462372	114.84114473153458	457.4166867879327	314.65562932839464	191.77419386950672
-2	0	0.9263157894736852	68.04899156410875	110.6017446043725	2.634118253014828	0.49420295015546767	295.33171305320303	1833.0006483600228	300.265867373234	177.96622656894382
2	-20	0.9263157894736852	49.43332874780648	107.24726589787386	3.4644630335442095	0.5511480688220275	35.29416424030545	11.989835648458174	315.16884005788893	172.10645285147876
-2	5	0.9263157894736852	60.20754736109765	112.12094323596428	2.2895928451057324	0.5021673492976267	164.39716796862263	363.70511793646074	300.265867373234	136.71163408202548
0	20	0.9263157894736852	44.813358209611565	113.95644941671493	2.074424324054312	0.5609242527403724	46.91580360354015	15.178615692517683	314.65562932839464	92.96192031257722
-5	-2	0.9263157894736852	66.14549729421933	110.01446470631835	2.6295780953521994	0.49112432072881246	232.2237071012252	1611.2051809882255	263.1788187611562	170.44156451440762
0	40	0.9263157894736852	41.48344852749983	114.33829494486788	2.0322275717955	0.5822992667792759	23.064362398758423	2.205483896752273	314.65562932839464	84.30380787074459
2	-40	0.9263157894736852	46.763740878566765	106.99712614430621	3.523351093208558	0.5650042006181438	20.45257862869058	1.9707356259990187	315.16884005788893	165.58681149575315
-5	2	0.9263157894736852	64.76205057990023	111.51551826444029	2.3027075887132837	0.5042023626640769	155.8402768233041	679.4935030126276	263.1788187611562	145.71467595812584
0	-10	0.9263157894736852	54.27141775199023	107.75575394714858	3.3145575558860068	0.5300405016664093	65.88679610939845	86.75634904627262	314.65562932839464	179.88573777850516
-2	10	0.9263157894736852	51.51335165319535	113.144013676024	2.1034967513232035	0.5254940719362746	96.2610595289201	114.24953612749415	300.265867373234	107.34743097230958
-2	-5	0.9263157894736852	62.06943248182649	108.7491691720562	3.048584918290483	0.5056031635273741	131.68619556263386	506.67945117934585	300.265867373234	188.01343213708182
-5	5	0.9263157894736852	58.65907465363552	112.27646665058924	2.1314048811815134	0.5093585060497184	125.70976908312487	326.0263039969045	263.1788187611562	121.94639271970267
0	-20	0.9263157894736852	49.61310108606208	107.26429559209765	3.4374988957198127	0.5501025799213747	36.57505009263912	12.86636610226335	314.65562932839464	170.54498019657385
-5	-5	0.9263157894736852	62.46563420790813	108.93684464089604	2.922896765162178	0.5004771986341917	165.16359992850192	698.5941958711775	263.1788187611562	179.1611084978086
-5	0	0.9263157894736852	67.00572344319991	110.87922113507744	2.4251012055833026	0.49970239235050934	183.02585237035254	1514.1555680361948	263.1788187611562	158.9590868667212
-2	20	0.9263157894736852	44.85487048208948	113.94942621679292	2.0418158614797615	0.5604647806411656	44.91249520939432	15.84576750675662	300.265867373234	90.65223615245438
-2	40	0.9263157894736852	41.51861520745873	114.33392287485808	2.018254369882747	0.5819408981029218	22.656408681845406	2.369464909611514	300.265867373234	82.90086083751434
0	-40	0.9263157894736852	46.82711583880052	107.00267236787339	3.5105022223739177	0.5645519137833324	20.73840172906323	2.0514669130459264	314.65562932839464	164.38669421947012
-2	-10	0.9263157894736852	54.66804094785267	107.8082757475593	3.265353360089711	0.5279052664822909	71.50813138538051	102.21673868482281	300.265867373234	177.39454378697766
-10	-2	0.9263157894736852	63.06244336182196	110.54669562820094	2.3318564436205462	0.48746859960984773	144.43385485516708	1446.018703799785	203.07703078002987	139.48039416819822
-10	2	0.9263157894736852	60.908823484498924	111.79313327740994	2.0635821468716435	0.5111092541421031	68.6183116142968	605.4611918372058	203.07703078002987	118.37498930723652
-5	10	0.9263157894736852	51.412301642407115	113.13251746502478	2.0143325129339074	0.5270352717472588	80.32768819475689	108.7026263877444	263.1788187611562	100.80580769629914
-2	-20	0.9263157894736852	49.77226084558782	107.28193596375382	3.410290847216619	0.5490351104678896	37.94004284694626	14.53356268450254	300.265867373234	168.68079714297522
-10	-5	0.9263157894736852	61.1030129864989	109.36234575340208	2.6513527167756017	0.4868344459343092	186.32567012493902	1148.4993035714676	203.07703078002987	154.37888851734675
-10	5	0.9263157894736852	56.69162019488215	112.41359735460547	1.943921702284743	0.5221516213000251	70.18011926991645	257.29276108064823	203.07703078002987	103.38955575943491
-5	-10	0.9263157894736852	55.122050477027294	107.89497811908387	3.1882644574800176	0.5242446944946129	81.23141973905506	141.6049540417366	263.1788187611562	172.55633855425984
-5	20	0.9263157894736852	44.94265739247928	113.93113073096009	1.9959757354205407	0.5598869016279735	41.9530865904156	18.307528165134638	263.1788187611562	87.17001813540791
-10	0	0.9263157894736852	62.839809434302516	111.25195184241906	2.177922841759622	0.4996630043642767	83.91999242421298	1076.5404050884674	203.07703078002987	129.32870962765136
-5	40	0.9263157894736852	41.57256270407452	114.32621167883323	1.9978779332531527	0.5814514051488843	21.87437190980222	2.8172658699869224	263.1788187611562	80.6340833987894
-2	-40	0.9263157894736852	46.88463822829069	107.00821127197008	3.4976310429056965	0.5641068212134359	21.07847891707506	2.2872679351923266	300.265867373234	162.96225082760685
-10	-10	0.9263157894736852	55.40191904611392	108.06950404029635	3.043659721994204	0.5165556388631601	101.49282566683794	270.19396399922744	203.07703078002987	161.09330940068722
-15	-5	0.9263157894736852	58.65926446755145	109.85855377416352	2.371097641890951	0.4800210766286133	145.53448113438208	1246.1604389505578	154.6635536027069	127.05982968264209
-5	-20	0.9263157894736852	49.968858087927885	107.3095827264495	3.3688577663901724	0.5473861215024726	40.060855238367665	18.85240882524498	263.1788187611562	165.31349234121967
-10	10	0.9263157894736852	51.32795693107242	113.08131809831823	1.8975285280481984	0.5314352740121848	59.32962295600462	111.42791339908219	203.07703078002987	91.17990860268802
-15	-2	0.9263157894736852	59.45056174740546	110.97322449558841	2.097362894190901	0.4903066020249544	80.19965799904536	1139.2690449046106	154.6635536027069	112.89639679456288
-10	20	0.9263157894736852	45.145007676038446	113.88328581753674	1.9270844863902272	0.5592059438134463	37.299418850177254	25.605773377154744	203.07703078002987	81.29273494851867
-15	-10	0.9263157894736852	54.909909276365184	108.31011448411046	2.862713415938503	0.506423070664341	125.01288672746507	513.5870514640868	154.6635536027069	144.63802104376063
-10	40	0.9263157894736852	41.664481524681115	114.31064112596928	1.9655135297542805	0.5807630807374713	20.40261059868453	4.095891446642973	203.07703078002987	76.44617869687995
-5	-40	0.9263157894736852	46.95950727892035	107.01649331948178	3.478291493378506	0.5634536807339744	21.388296386948102	2.8500363902666352	263.1788187611562	160.41120304137726
-15	5	0.9263157894736852	55.17532004724953	112.47279095275046	1.8288810273102374	0.5311213638940221	33.63228747911902	215.69804823408398	154.6635536027069	89.8860638588875
-15	20	0.9263157894736852	45.39899601924907	113.8187132571673	1.8665397739038367	0.5588517997907241	32.83880563262939	35.69740077092528	154.6635536027069	75.28504088546167
-10	-20	0.9263157894736852	50.17031262091626	107.35920387184993	3.297392580479806	0.5444869533592391	43.67818189547309	31.70441475094277	203.07703078002987	158.17438341734953
-30	-10	0.9263157894736852	50.40349843313202	109.44650554211505	2.1901916691423815	0.49039453251625725	85.522965133938	902.1025386828949	85.522965133938	83.24462154963231
-15	2	0.9263157894736852	57.5554907457697	112.02997167709681	1.894532472216346	0.5195016822652563	33.1256545022379	503.4635237952259	154.6635536027069	97.58653829363388
-15	0	0.9263157894736852	58.88093392729691	111.5725644793516	1.9775958035990457	0.5050452259938844	47.99154828809056	856.0761653587177	154.6635536027069	104.77835916933422
-15	10	0.9263157894736852	51.24995362916834	113.01572983401267	1.8108428698829289	0.5369683047651955	43.081376117626625	119.04173289302145	154.6635536027069	82.52074174887291
-30	-20	0.9263157894736852	48.957932722438414	107.64481475405995	2.9452092547417035	0.5309091312185303	54.24874889644615	193.0056520939359	85.522965133938	111.87727101200669
-10	-40	0.9263157894736852	47.05215718062283	107.03016703516845	3.445995304435166	0.5624065124292453	21.80228598167699	4.493280682412432	203.07703078002987	155.08306438291706
-30	20	0.9263157894736852	46.257108073681124	113.5778485778768	1.725990315957476	0.5597622296179632	20.50932109531794	68.81246960938388	85.522965133938	56.196388867124476
-15	40	0.9263157894736852	41.75681757791925	114.29229501044354	1.9351894530383893	0.5802322205488962	18.785666878639983	5.9326337713301704	154.6635536027069	71.78307287464882
-30	-5	0.9263157894736852	51.62343716157481	111.02382327355012	1.7977747260117294	0.49897817171134246	37.88494776345421	854.7573480712637	85.522965133938	67.49400448942056
-15	-20	0.9263157894736852	50.19147734022068	107.41447894206861	3.2214321849184904	0.5413715525385426	47.174960611415514	53.371410244067405	154.6635536027069	149.14634780779227
-30	5	0.9263157894736852	51.8741323498393	112.56446017163715	1.6573508558173737	0.5436159082101828	7.433589520922712	177.25314547489657	85.522965133938	60.355552471159626
-30	-2	0.9263157894736852	51.8983223986843	111.75581050780072	1.6865641194006642	0.5155019880035276	16.991407274480554	614.6359807209609	85.522965133938	62.426228131253986
-30	40	0.9263157894736852	42.008878912403084	114.22838753250878	1.8565183188060503	0.5795436719517607	13.477371986751269	13.640772022077538	85.522965133938	55.368550595274876
-30	10	0.9263157894736852	50.43894330032838	112.89296905116014	1.6630969763922778	0.5502278166802896	12.219263004936161	118.78872883321895	85.522965133938	58.76995981529199
-15	-40	0.9263157894736852	47.10240750407308	107.04359255171123	3.4136640966118352	0.5614175904935294	21.9205736688095	7.06669717567866	154.6635536027069	148.46870780612988
-30	2	0.9263157894736852	52.116409936726505	112.34154992156678	1.6522052464532735	0.5369616020654392	6.7890957343248735	273.1924816829058	85.522965133938	60.57859908703923
-60	-20	0.9263157894736852	42.747196740064425	108.50613753496117	2.2335590093996625	0.5273577597474748	19.994687672457687	470.47057593181006	21.541774193074936	28.216325446879083
-30	0	0.9263157894736852	51.955186188062434	112.11463537605462	1.654011552304806	0.5282524182298559	9.844781426475086	445.3211663209004	85.522965133938	60.69871477338302
60	10	0.8684210526315799	46.93451087931486	110.17855650787585	4.0197469153964205	0.595142584493889	9.181550928137394	559.5600534894461	25.991817785431305	118.52287807171358
-60	20	0.9263157894736852	46.46390170743645	113.32277101729393	1.5891546561675285	0.5692561828672755	3.675927754746521	78.18582151600216	21.541774193074936	14.01290930315037
-30	-40	0.9263157894736852	46.98444066726599	107.08144776925427	3.317148487467442	0.5589032202354884	20.243152996987746	20.809675030828064	85.522965133938	121.84396290631526
30	10	0.8684210526315799	53.832899197478014	111.39354004762713	3.474436088589435	0.557666526816565	62.54715472742774	633.7666877436259	108.46950087474609	176.9909005095291
-60	40	0.9263157894736852	42.16133299170126	114.12803337272095	1.7518696836596444	0.5817608161158502	4.096839620365139	29.77218415638092	21.541774193074936	15.688872696031323
30	20	0.8684210526315799	45.553545802122905	113.39428771220992	2.776097901327271	0.5753455807263476	69.41122858950772	200.2854639631843	108.46950087474609	122.62304333321563
-60	10	0.9263157894736852	48.13356958735748	112.88431029180178	1.5398986867017	0.5621984484091812	2.044931802522975	108.1509880267437	21.541774193074936	13.625227546947288
30	5	0.8684210526315799	52.20441928399737	110.20074788486917	3.824075032940205	0.5549681926197343	33.36306620296264	725.1690667038075	108.46950087474609	187.37367935416324
-60	-10	0.9263157894736852	44.24406962071545	110.86425872292769	1.5640823894988436	0.5253209164279045	9.4482428020652	603.793432776324	21.541774193074936	14.472232340587079
-60	-5	0.9263157894736852	45.61447900927711	111.82848079392336	1.451205505581062	0.53582877517741	4.023257041627593	364.94960779983865	21.541774193074936	11.930987966460725
60	20	0.8684210526315799	47.4575574793982	112.1078580372493	3.4262252460560227	0.5976193487731849	17.63204615048583	399.8552501700531	25.991817785431305	105.86196754630038
-60	2	0.9263157894736852	48.024388961870436	112.48040268885211	1.4961862394521817	0.5518051481416247	1.7208951281120213	197.95411382546973	21.541774193074936	12.976950771731426
-60	5	0.9263157894736852	48.315849528451686	112.65246327451447	1.5154950742800173	0.5566886163776628	1.6720392979646577	148.88007330659423	21.541774193074936	13.31783165797394
-60	0	0.9263157894736852	47.563840042100466	112.33409588464909	1.4803554013965334	0.5474916407611851	1.939411816890418	236.23032531125466	21.541774193074936	12.653695244821531
-60	-2	0.9263157894736852	46.89350927609222	112.15856410020854	1.4646696554528724	0.5428562888720351	2.3399580056672686	266.96284670839356	21.541774193074936	12.295829409551905
15	5	0.8684210526315799	60.480599625088374	111.06176460344179	3.3023256079011927	0.5232600959993813	121.98951089339705	894.0761211929453	222.31097728988945	201.1119810940931
60	40	0.8684210526315799	40.49742430416964	114.18957920440666	2.4975515717374766	0.6033403809826989	11.056029617928873	67.57355810939202	25.991817785431305	71.73243497010222
-60	-40	0.9263157894736852	45.679440067746704	107.1338908769158	3.142207290473698	0.557299109357305	8.807244243204323	68.33244933829737	21.541774193074936	49.7206297397556
60	5	0.8684210526315799	43.92626034333177	109.21130496675936	4.261688005724706	0.6007507554132872	3.3209710805096435	342.6450544060005	25.991817785431305	116.45332251098769
60	2	0.8684210526315799	42.02455531745916	108.65943998612022	4.368353673820188	0.6007590722230692	2.382526206476501	316.10904069277746	25.991817785431305	113.6532857253082
60	-5	0.8684210526315799	39.54053694259897	107.71605399546316	4.452931705255669	0.5933323623440174	2.6388407524922957	170.8316827693305	25.991817785431305	108.35320033403615
60	0	0.8684210526315799	40.951656382036965	108.31228105492484	4.417654612884638	0.5990209532667414	2.2519349299425473	285.181866858703	25.991817785431305	111.69951964953597
60	-20	0.8684210526315799	40.572563259101955	107.0435946485196	4.222993913875369	0.5832007454802495	5.5344011589255695	88.48470239123532	25.991817785431305	106.16069291397078
60	-2	0.8684210526315799	40.16559858952102	108.02328533532187	4.445398773700981	0.5964911849960578	2.3454755127058804	227.5134584450311	25.991817785431305	110.02465647399647
60	-10	0.8684210526315799	39.34742082112725	107.38853214934517	4.412428303980958	0.5892153965049894	3.3762425975911823	123.37780386903951	25.991817785431305	106.886861558984
30	2	0.8684210526315799	48.8030893588396	109.35443155706051	4.036493988021385	0.5571347656488982	15.543563326266101	599.7361772935207	108.46950087474609	184.1962175571733
30	0	0.8684210526315799	46.39738398946003	108.74239722338822	4.146366161462396	0.5573443473722053	13.026603548967861	584.1226802762171	108.46950087474609	179.5360972419365
30	40	0.8684210526315799	40.699797200337876	114.35271302220087	2.2644068459147357	0.5907925788192843	23.671734729823232	18.67047755483682	108.46950087474609	91.83624919547007
30	-10	0.8684210526315799	43.64851597324686	107.33819852251428	4.091320103601927	0.5565337183826005	22.243469460711136	164.16097537491257	108.46950087474609	166.80079613132892
30	-2	0.8684210526315799	44.58104922048434	108.21158170135575	4.206470309399214	0.5571443789785248	13.003552859143667	410.325519721742	108.46950087474609	174.82379711399486
15	10	0.8684210526315799	53.205007042040336	112.45111715387152	2.9139205277377234	0.5310598606666262	162.97969789449675	447.2602872605954	222.31097728988945	157.0654105609306
60	-40	0.8684210526315799	43.3917187471626	106.84174172808852	3.8642695580347994	0.5803216849111571	4.809792985233561	26.286882331407845	25.991817785431305	105.64616912909172
30	-5	0.8684210526315799	43.5161648411421	107.74542671568233	4.203930169646758	0.556710850682403	16.230179418972376	266.72588251657976	108.46950087474609	170.5427111128554
15	2	0.8684210526315799	59.64626983462516	110.1803730304293	3.487673616912009	0.5108979753794729	75.24937862567361	1066.5838372479343	222.31097728988945	208.82541678300544
15	-2	0.8684210526315799	52.5890715262723	108.59266326617194	3.7356274010155848	0.5052189700158481	62.25391337034585	801.0516937988132	222.31097728988945	196.63575923896076
15	20	0.8684210526315799	44.0375483879758	113.93694835708027	2.361858043338283	0.5664181876205807	61.04329628923157	49.19520624988466	222.31097728988945	106.92226456379086
10	5	0.8684210526315799	61.791459557178655	111.39846232426675	3.0486903923111957	0.5087773175220571	221.77131895328446	796.4442998484354	306.7059016969317	190.98023513837532
15	0	0.8684210526315799	56.471300048906095	109.43015924826379	3.6123004147220596	0.5013247918015863	67.48973164656765	1000.6157164757731	222.31097728988945	204.36775250757316
30	-20	0.8684210526315799	44.86649825548598	107.03559886948646	3.8627464487617815	0.564592856498274	19.54343939519069	51.597478800124435	108.46950087474609	162.75470217519378
15	-5	0.8684210526315799	49.6921758602984	107.84743641482531	3.7822579781022565	0.5200484001393493	50.94582856858606	353.3240779129982	222.31097728988945	188.23292324786885
30	-40	0.8684210526315799	45.09392982682384	106.89758816513422	3.7072211479442854	0.5718635504574165	13.429080735630363	10.195019184246773	108.46950087474609	157.66999971660076
10	0	0.8684210526315799	61.25135980799135	109.6878434750779	3.375055012696431	0.4907517393619114	88.81238934632896	1102.9103458158063	306.7059016969317	208.80579300849783
15	40	0.8684210526315799	40.84092372888335	114.39075031240061	2.139243553962448	0.5859067530016542	24.95303962829443	5.645317232332687	222.31097728988945	90.58494109455592
5	2	0.8684210526315799	65.56996500013831	110.84270530796046	2.9779976353549564	0.49209318289852216	299.89351393515267	1570.121860383653	313.75400038458673	197.33636369948283
10	2	0.8684210526315799	63.905111976205184	110.44362107028998	3.261432781564962	0.503095838476183	121.85962895004303	1260.31133218832	306.7059016969317	210.8386828148105
15	-10	0.8684210526315799	48.385715778950306	107.3752596491986	3.7243160653950977	0.5398443044439865	42.22958387363026	123.98644213123545	222.31097728988945	180.82395485080553
10	-2	0.8684210526315799	57.18349771507709	108.89301986168819	3.480744230067307	0.48868999297016513	84.90465561673348	910.3937938056528	306.7059016969317	200.8698465858675
10	10	0.8684210526315799	51.33998271990725	112.9333485292794	2.6144258295136145	0.5257396424638776	160.6832706804415	300.9679498595679	306.7059016969317	136.8724225492827
10	-5	0.8684210526315799	52.701310055072646	107.96992481385921	3.586468393367754	0.5110499992533346	67.99942637675345	394.8269087151817	306.7059016969317	190.81693929643703
5	0	0.8684210526315799	64.5669063185865	109.92513640459362	3.1523804473224364	0.48495545072157814	183.0519670756946	1481.0775227086046	313.75400038458673	205.49395094664914
5	5	0.8684210526315799	60.54955992974551	111.82411436845157	2.703835274697149	0.49151949073358864	237.82054780317162	575.6498898826661	313.75400038458673	165.68691429700323
15	-20	0.8684210526315799	47.098747595366646	107.09164735049102	3.658866097035546	0.5569469809595248	27.89005722381088	21.582032404919428	222.31097728988945	173.24528936284676
10	20	0.8684210526315799	43.837803809292275	114.01699758226822	2.2481336472380438	0.5641475539958928	56.01779595467746	28.226001921750868	306.7059016969317	101.35048788355785
10	-10	0.8684210526315799	50.01949218960582	107.43281341092586	3.5949889839934093	0.536100895768997	49.1137034721183	92.40026372188751	306.7059016969317	181.74412255885983
15	-40	0.8684210526315799	45.86831984592584	106.93227572077305	3.6148280434987017	0.5679316082284199	17.79465866316124	3.9505460966017725	222.31097728988945	166.89863730676385
10	40	0.8684210526315799	40.90950600041226	114.39254089276709	2.099723385010813	0.5845705070031911	24.571497557998562	3.5257674345938965	306.7059016969317	88.74636068962285
5	10	0.8684210526315799	50.0239025382041	113.2371108143913	2.3479959658736536	0.5243301053827847	129.43987123255584	163.34863133661855	313.75400038458673	119.29497741153288
5	-2	0.8684210526315799	61.22072302613316	109.15445821429329	3.2476410945488583	0.48317521795644686	122.8223076135715	973.9782279206859	313.75400038458673	200.64445081163984
2	0	0.8684210526315799	64.2645045233083	110.17900936138561	2.9382528071476544	0.4705246053532408	311.14648220888427	1853.8362225423734	315.16884005788893	189.76562555787413
2	-2	0.8684210526315799	62.87975442731817	109.2971812885681	3.1019959950697316	0.4814392600149429	181.39841964291287	1117.6013697534652	315.16884005788893	195.9904304125379
2	2	0.8684210526315799	64.64899393324211	111.15769641291956	2.7317708003645333	0.48235719472172595	294.95136135973934	1417.3060938013525	315.16884005788893	177.5869528257383
10	-20	0.8684210526315799	47.740382166045116	107.1210657320366	3.5910090438178393	0.5544127967863721	30.98198885820699	15.38915616832757	306.7059016969317	173.427742789271
5	20	0.8684210526315799	43.78121757387409	114.05362874362841	2.1475393346486356	0.5622901567549293	50.788204665443786	17.71660862840386	313.75400038458673	95.80968327814095
5	-5	0.8684210526315799	55.87676495396845	108.15734482894811	3.377078106993372	0.5055270861331372	93.42253873224844	447.47775392391094	313.75400038458673	190.44404566611348
2	5	0.8684210526315799	59.163259323910836	112.06516130588061	2.491058839958193	0.48809002633577947	212.67281382946874	494.1235583328291	315.16884005788893	148.29717339191438
10	-40	0.8684210526315799	46.087393819952766	106.94484174708674	3.582954111350746	0.5666887262172473	19.05195535880001	2.7146802359982907	306.7059016969317	167.15554166917912
5	40	0.8684210526315799	40.98880482238882	114.3890011897201	2.061813274298434	0.5833920204967219	23.90108782591995	2.4214777188358902	313.75400038458673	86.27378634395635
2	-5	0.8684210526315799	57.58739290560601	108.30961044765245	3.249312505502306	0.5021347624238873	113.26369895817228	480.00245212088726	315.16884005788893	188.01462372097166
5	-10	0.8684210526315799	51.46326128918147	107.51621918340636	3.469129486617856	0.5319239629596533	57.89260992526971	77.44217581221599	313.75400038458673	180.23919485726555
2	10	0.8684210526315799	49.63415361978809	113.31742712783932	2.2173345312615775	0.5241090360288928	112.9878699612995	129.5490980323074	315.16884005788893	110.89634523103572
0	2	0.8684210526315799	63.85635931185408	111.33476143454642	2.575243446902311	0.4806870573404514	263.296864915524	1162.8363740575276	314.65562932839464	164.4456708608916
0	-2	0.8684210526315799	63.302622019138596	109.42066497320933	2.980465214552295	0.47799998717712827	258.0568538043355	1424.2614833264786	314.65562932839464	188.67126291799477
5	-20	0.8684210526315799	48.30034102061568	107.15534031750326	3.5227911062141937	0.5518282395854807	34.2247313206598	12.205695347397105	313.75400038458673	171.82753690518197
0	0	0.8684210526315799	63.669207265471606	110.38968989348375	2.7705785174806197	0.46384341397497625	301.5616305854602	1835.2953551349278	314.65562932839464	176.4005378747366
2	20	0.8684210526315799	43.80758365863853	114.0576824755217	2.09310775849246	0.5613739509512504	47.76613878239859	15.348293453482095	315.16884005788893	92.4963993837718
2	40	0.8684210526315799	41.04106852913473	114.38447034780314	2.039924565163565	0.5827619767292633	23.314688292639186	2.1935125973808867	315.16884005788893	84.5043808375178
-2	-2	0.8684210526315799	62.93599450834393	109.61780603250727	2.8211204775477725	0.47148126326130346	290.4469178512866	1714.000660587856	300.265867373234	176.40628647742318
-2	2	0.8684210526315799	62.9235789273738	111.48257339222891	2.430611374603759	0.48204955328639293	228.28450289713507	988.4069382306903	300.265867373234	151.79101665608536
5	-40	0.8684210526315799	46.27998478785836	106.9578068564674	3.550714125197049	0.565485062141077	20.127959995856042	2.0565365341080852	313.75400038458673	165.9826034436383
0	-5	0.8684210526315799	58.52194718484179	108.42998676160761	3.1625964119568715	0.4990589032306149	129.8115165164707	527.8796000322902	314.65562932839464	185.08130018751018
0	5	0.8684210526315799	58.172300372816075	112.20928068662117	2.3563774505457427	0.4895288486950698	190.7221751916916	456.02480036827126	314.65562932839464	137.0758968448775
-2	0	0.8684210526315799	63.19270641657302	110.59962400101382	2.606636072621444	0.4636256310191558	290.1362723361821	1812.5031967597051	300.265867373234	163.5975678399389
2	-10	0.8684210526315799	52.201612356188406	107.57789848976189	3.393583816116463	0.5290589578609481	64.55129195993298	80.38838017919045	315.16884005788893	178.00647643955827
0	10	0.8684210526315799	49.51514749473704	113.33675025719238	2.141120327205008	0.5241487159302047	103.52643337006974	120.9492222553644	314.65562932839464	106.0178888055356
0	20	0.8684210526315799	43.84721445604574	114.05387504380904	2.059124069287459	0.560843556319247	45.65917645017943	14.996813783181258	314.65562932839464	90.28685465765281
2	-20	0.8684210526315799	48.58833962789267	107.17813948501359	3.481443302837745	0.5502357799653091	36.173229648931326	12.102385752852529	315.16884005788893	169.98754292816196
-2	5	0.8684210526315799	57.20402605493417	112.3355376153973	2.231722296788538	0.4935444551156081	166.4077579457921	422.61710531695627	300.265867373234	126.60042319477964
0	40	0.8684210526315799	41.07765436212142	114.38051174415101	2.025710376389169	0.5823742761908941	22.902099411721327	2.219232231470368	314.65562932839464	83.21143067907717
2	-40	0.8684210526315799	46.38119506512243	106.9657440428508	3.5312284331005297	0.5647832897452477	20.68739124072616	1.9806319685969687	315.16884005788893	164.5970264648206
-5	-2	0.8684210526315799	61.965152359357916	109.95837644636802	2.59146233353318	0.46676851074601267	245.56760800248648	1629.922102645646	263.1788187611562	157.44846275598087
0	-10	0.8684210526315799	52.62526726989254	107.62395883297317	3.342393289968876	0.5269358899651204	69.46566760068856	88.96567997092932	314.65562932839464	175.89434020570752
-2	10	0.8684210526315799	49.490298889094085	113.33355347767815	2.07263669555463	0.5243272009431746	93.94601798782188	119.2950893788688	300.265867373234	101.60731250844755
-2	-5	0.8684210526315799	59.173560274056754	108.55693475504209	3.0735686738117014	0.4954767633629047	149.41106546662925	592.8845044813451	300.265867373234	180.7399857732141
-5	2	0.8684210526315799	61.31687866711449	111.66555632713388	2.2378741743120165	0.48832921156502174	173.22692017099345	838.9151923392919	263.1788187611562	134.08760876869871
-5	0	0.8684210526315799	62.71615062850637	110.90705378051072	2.372593142809898	0.47465873162300737	247.9655875047768	1710.6544101130937	263.1788187611562	145.63916121711023
0	-20	0.8684210526315799	48.7573168474807	107.19426343575013	3.4535954400574	0.5491506469036661	37.53308344526644	12.951174311233125	314.65562932839464	168.3880471338932
-10	2	0.8684210526315799	58.255608866711746	111.92373214295465	1.9902445538094269	0.502696137396238	79.14415934657991	691.0222074935396	203.07703078002987	109.09621074468845
0	-40	0.8684210526315799	46.442184743513934	106.9710889118759	3.5181878770907797	0.564324410834254	21.016267982674087	2.0771240878329515	314.65562932839464	163.39233135024108
-2	20	0.8684210526315799	43.90273641035162	114.0453817196351	2.026885771141293	0.5603761136554387	43.77369466496927	15.697927746577705	300.265867373234	88.0730249982585
-5	-5	0.8684210526315799	59.45271946075257	108.77091094044242	2.9253930310583884	0.48837509664830875	186.0369928252811	815.8193205693332	263.1788187611562	170.73015646749715
-2	40	0.8684210526315799	41.11548609802455	114.37584599288026	2.0118074453085004	0.5820124348081541	22.39661657723938	2.3590426806676286	300.265867373234	81.83091709867946
-10	-2	0.8684210526315799	59.674018072191856	110.53120810948225	2.2699159725268783	0.4707968206521937	161.6398184511909	1493.077224797274	203.07703078002987	128.51861025472152
-5	5	0.8684210526315799	55.94953047341046	112.47407889573243	2.073473920858573	0.5022279777312508	124.70818636386161	350.46338211973097	263.1788187611562	113.11941387507937
-2	-10	0.8684210526315799	52.98356231999738	107.67431563048162	3.2899094150557926	0.5245990198045289	75.53575508979472	105.01486805809051	300.265867373234	173.23489902650687
-10	-5	0.8684210526315799	58.021417258592564	109.25730236498592	2.618603576542092	0.4732616541861857	192.9518331292798	1203.8287774980581	203.07703078002987	144.85859585144993
-5	10	0.8684210526315799	49.53894395418885	113.30440046594036	1.9842323440466743	0.5254005399998358	78.85763821617387	115.89897610673526	263.1788187611562	95.65425479187654
-2	-20	0.8684210526315799	48.90609666702244	107.2111417360316	3.4254455480103547	0.5480433579063498	38.98115732796142	14.704411943408424	300.265867373234	166.48771989623577
-5	20	0.8684210526315799	44.01250723821735	114.02479616268582	1.9816113923086205	0.5597886834893911	40.895228689825124	18.10494998196266	263.1788187611562	84.736486385173
-2	-40	0.8684210526315799	46.49773755166211	106.97647065932996	3.505112640027085	0.5638731549021476	21.264957199516193	2.2885359205353977	300.265867373234	161.96550089930386
-10	5	0.8684210526315799	54.54856737964054	112.56163880232059	1.8934098524792198	0.516416827668705	71.98894051890736	267.1760970965003	203.07703078002987	96.82206307650134
-10	-10	0.8684210526315799	53.53862600071843	107.93679376165595	3.05068557729505	0.5122544670598579	106.8111832934839	279.5274333788054	203.07703078002987	156.0858010600034
-5	40	0.8684210526315799	41.174249418375155	114.36761143044326	1.9915486638419064	0.581518004380438	21.62010798847069	2.8034276660682753	263.1788187611562	79.6016652765097
-5	-10	0.8684210526315799	53.37539240011099	107.75930334636402	3.2072008716837597	0.5206003768850301	85.81308697072477	146.00590798569496	263.1788187611562	168.112373762243
-10	0	0.8684210526315799	59.792797759659656	111.31765400412921	2.101970381309079	0.4868640130179235	98.84863692001382	1168.0862551410412	203.07703078002987	118.71822203041175
-10	10	0.8684210526315799	49.691698451366356	113.22590786377803	1.8689347509799257	0.5293335036944219	58.78227666618621	118.72947778657972	203.07703078002987	86.8920783427734
-5	-20	0.8684210526315799	49.087932716749435	107.23794040200082	3.3824852172061597	0.5463345574882602	41.17632696160029	19.104004151819634	263.1788187611562	163.06999691279967
-15	-5	0.8684210526315799	55.8399004891584	109.79908494649833	2.32142402543133	0.4686204106981493	149.6447066975282	1274.3038079649336	154.6635536027069	118.4384130810319
-15	-10	0.8684210526315799	52.921354713228915	108.19135819271325	2.85365204736169	0.5014076218383451	130.46063957377788	529.7675831556511	154.6635536027069	139.0054725621686
-5	-40	0.8684210526315799	46.57043324552691	106.98460096127873	3.485444336139383	0.563211490759283	21.646972599191344	2.865636781539558	263.1788187611562	159.41497305835014
-10	20	0.8684210526315799	44.253862526943706	113.97293760440763	1.9136753957567003	0.5590986830432102	36.393190713522976	25.241269552479405	203.07703078002987	79.10448286099589
-30	-10	0.8684210526315799	48.67239424492596	109.3917235048529	2.154523779832961	0.48708050827601707	85.33814205809735	901.2464096081859	85.522965133938	78.9627862169834
-10	40	0.8684210526315799	41.27631844733088	114.35095477090195	1.959413059714631	0.5808223832687629	20.171267905094403	4.068957218773974	203.07703078002987	75.48557081568285
-15	2	0.8684210526315799	55.48270726291903	112.13030494241272	1.8304937819976885	0.5145875367883307	35.60407292939953	543.1061517192501	154.6635536027069	90.7106845807665
-15	0	0.8684210526315799	56.46463098437979	111.64413062060375	1.9048868778578223	0.4978683486806936	52.361700645556546	900.0733157352522	154.6635536027069	96.61785089293154
-15	-2	0.8684210526315799	56.76146640046766	110.99863364300404	2.0269087555936114	0.48047144095483385	87.5299197575063	1178.636562856208	154.6635536027069	104.07148765868189
-15	20	0.8684210526315799	44.54960443137698	113.90412365172809	1.85408563073355	0.5587419024763859	32.07244571331143	35.1110597868893	154.6635536027069	73.34184222461847
-10	-20	0.8684210526315799	49.267200317751296	107.28704546901712	3.308149748969729	0.5433372093665245	44.881469018272554	32.22610954865802	203.07703078002987	155.85885765649758
-15	5	0.8684210526315799	53.501889472912346	112.57772112930354	1.7841332556987337	0.5269662299541362	36.534454782419424	232.4954642352979	154.6635536027069	84.90490336572792
-15	10	0.8684210526315799	49.83280931534939	113.13596966447429	1.783771848234643	0.5347662560937968	43.30443387700594	126.0278558129777	154.6635536027069	78.9642526153494
-30	-20	0.8684210526315799	48.017519286055546	107.58590636333167	2.9401881287014886	0.5295049539325765	55.34900849419461	196.03878887003341	85.522965133938	109.5531771424147
-10	-40	0.8684210526315799	46.661602123480804	106.99825274271497	3.4525447549000834	0.5621522121524362	22.064369021031442	4.525127333238795	203.07703078002987	154.0988274353186
-15	40	0.8684210526315799	41.38128265280831	114.33127360862586	1.9293516980168846	0.5802851475928336	18.576924009271295	5.8882799358211955	154.6635536027069	70.90359120189011
-30	-5	0.8684210526315799	49.94487342486981	111.0360727624098	1.7466235969466075	0.4956285808383131	38.240262148819895	852.1221823719179	85.522965133938	63.17058133995295
-30	20	0.8684210526315799	45.56010142416558	113.6470250833042	1.715893949202092	0.5595524119144186	20.36682838424289	69.26188270691324	85.522965133938	54.95603149714022
-15	-20	0.8684210526315799	49.26980294983119	107.34312134395915	3.228880822772772	0.5401293089632648	48.44558017281716	54.349906048520744	154.6635536027069	146.77787776634185
-30	-2	0.8684210526315799	50.453136746850895	111.78580000388567	1.639400987543803	0.5130331512351871	17.10430041889037	613.0120857788976	85.522965133938	58.68942598544662
-30	5	0.8684210526315799	50.89116922581328	112.61516784698404	1.6273830511643028	0.5419039922551446	7.7544281086518225	188.03697774684645	85.522965133938	57.93466317410348
-30	2	0.8684210526315799	51.04872524212415	112.37591524480048	1.6182661890429308	0.5343724308086488	6.889890342780485	284.82038126050514	85.522965133938	57.90321188075777
-30	10	0.8684210526315799	49.5637991530005	112.95593097753633	1.6407505110239389	0.5490472983326831	12.786062730469524	124.87608695854288	85.522965133938	56.820334603083985
-30	40	0.8684210526315799	41.68442123206883	114.262040181995	1.8516287588502243	0.5795829233262659	13.347138459791068	13.529977239031409	85.522965133938	54.763578757449345
-15	-40	0.8684210526315799	46.713199493881056	107.01195751189734	3.4195527652946436	0.5611543897222411	22.175290196677967	7.121647853361082	154.6635536027069	147.51079594607734
-30	0	0.8684210526315799	50.696321099311085	112.14858854642225	1.612788887777504	0.5259523242626108	9.885151075917532	445.5782840326111	85.522965133938	57.47644635438669
60	20	0.8105263157894745	46.921218324429596	112.13743796849168	3.4303193786886785	0.5980551229252441	17.901176966688894	406.452553939443	25.991817785431305	104.77933245642957
60	10	0.8105263157894745	46.31744683657029	110.1610483078568	4.040415820028127	0.5955425982288709	9.252002239285135	569.4310286488613	25.991817785431305	117.45932814884596
30	10	0.8105263157894745	52.23272432716336	111.44060332703893	3.500507871141571	0.5565457651945687	66.14908616110634	677.6598684193438	108.46950087474609	172.879955864228
-30	-40	0.8684210526315799	46.61762819365652	107.05250363567194	3.3208594624711663	0.5586369547853122	20.459324862439853	20.9922278636881	85.522965133938	121.04874026460614
-60	-10	0.8684210526315799	43.60646748949133	110.86228288387645	1.5442153599387025	0.5248364079731342	9.45019834023847	603.8443601468924	21.541774193074936	13.848804361779791
-60	-20	0.8684210526315799	42.18561127535416	108.48577961155515	2.220490670776438	0.5270924584056981	19.80461983480284	464.4767827873064	21.541774193074936	27.579681863680875
-60	20	0.8684210526315799	46.16170479019074	113.34872951237357	1.582814171671936	0.569120079313614	3.7267440334782096	79.40984168798883	21.541774193074936	13.780867891162146
-60	-5	0.8684210526315799	45.09723043909205	111.828832370072	1.434704553956833	0.5353959145632093	3.9101463551316384	354.9696501143832	21.541774193074936	11.440527607867743
30	5	0.8105263157894745	50.492486622325586	110.13863976697041	3.882416649641225	0.5543052736989683	35.145859338649565	759.2055881753286	108.46950087474609	183.76357184982314
-60	40	0.8684210526315799	41.98377492613541	114.14650729730647	1.7493118906494747	0.5817853400871972	4.075193331340618	29.62195061284826	21.541774193074936	15.568216071154893
-60	10	0.8684210526315799	47.78595476755233	112.90507333097416	1.5298209341051914	0.5619213430817186	2.0730858869550106	110.25497075760367	21.541774193074936	13.297507971660616
-60	-40	0.8684210526315799	45.44751622956362	107.11743518962062	3.142393405497587	0.5571424693068038	8.859328960437308	68.68008904300939	21.541774193074936	49.478582339099795
60	40	0.8105263157894745	40.25909991950291	114.2146614171693	2.493572981803927	0.6034891097181794	11.006533543660717	67.21447202993856	25.991817785431305	71.23539309113582
-60	-2	0.8684210526315799	46.42331929185416	112.16203290140353	1.4496031048033875	0.542216834211383	2.3508747102672474	269.7033941917439	21.541774193074936	11.848530918351203
-60	0	0.8684210526315799	47.11609820791138	112.3417522287621	1.465884326776306	0.5468667379294784	1.9524242416614892	239.780628130365	21.541774193074936	12.21916786905907
60	5	0.8105263157894745	43.38836997664976	109.17044192224171	4.283930079770104	0.6013054437024219	3.2978894774993095	341.5653255485507	25.991817785431305	115.53068261400792
-60	5	0.8684210526315799	47.929307713445134	112.6688877096958	1.5033359000848434	0.5562770670043146	1.6903849111645413	152.16009466267766	21.541774193074936	12.93697705474002
-60	2	0.8684210526315799	47.6026386406929	112.49215366883499	1.4825862046792369	0.5512553061888205	1.7374138957802092	202.65189798969232	21.541774193074936	12.561955668932834
30	20	0.8105263157894745	44.51024187509188	113.49841992142649	2.7602393707609725	0.5756043209431925	68.41678735128241	197.2652632362672	108.46950087474609	119.20909133061177
60	-5	0.8105263157894745	39.12174882003417	107.6816560836858	4.471297268445964	0.5934847744059109	2.6118481635732094	167.16903069306917	25.991817785431305	107.57000267537786
60	2	0.8105263157894745	41.50514650006626	108.61389744053434	4.390364298395335	0.6011322437476823	2.3622168251777724	313.83519782504743	25.991817785431305	112.71876139902488
60	0	0.8105263157894745	40.454553701776646	108.26665995713806	4.43887549595317	0.5992254905980438	2.2396212023360884	280.76216020591255	25.991817785431305	110.7800316037269
30	2	0.8105263157894745	47.17058589242165	109.24279945487964	4.100434853715212	0.5573816892228479	15.543563326266101	599.7361772935207	108.46950087474609	180.65256994633802
60	-2	0.8105263157894745	39.70505274255027	107.9827732706489	4.465254377691054	0.5966569518852504	2.327619788305443	222.25604797128182	25.991817785431305	109.16297822487195
15	5	0.8105263157894745	57.65105073754285	111.11726405255999	3.347155272354614	0.5159790990275839	136.4562539033429	997.2664478718292	222.31097728988945	194.09084884794717
15	2	0.8105263157894745	56.52922227734257	110.102737674898	3.5730068760743743	0.5038082367724779	88.23134415014728	1155.545614870651	222.31097728988945	202.46815951086475
30	0	0.8105263157894745	44.78697285320545	108.60779536954067	4.211226673573039	0.5575074889220865	12.767558166121658	569.333479416247	108.46950087474609	175.82393776242444
30	-2	0.8105263157894745	43.16258955254533	108.0996157921711	4.265025776167183	0.5572758455742083	12.642258529745918	383.32627684067324	108.46950087474609	171.45296723515153
30	40	0.8105263157894745	40.31565853723976	114.39309833505821	2.257914485434012	0.5909298413144367	23.440821388524096	18.47798909147321	108.46950087474609	90.7455572812077
15	10	0.8105263157894745	50.855208987737555	112.64911311179064	2.8906116538127278	0.5289005803664769	165.08428459046684	469.56687324915595	222.31097728988945	148.9552119183784
30	-5	0.8105263157894745	42.28874105261634	107.65823092512633	4.256421035176111	0.5568165880261678	15.692663766980996	251.88766300707127	108.46950087474609	167.65697181409348
60	-10	0.8105263157894745	38.97432813244054	107.36075223449981	4.429258717140211	0.5893483464910614	3.3388291185106254	121.08286727671683	25.991817785431305	106.20582358158553
60	-20	0.8105263157894745	40.25243527816877	107.02363351135071	4.238231091851307	0.5833049287039825	5.4697353037639616	87.1337790758824	25.991817785431305	105.6333562348863
60	-40	0.8105263157894745	43.21775780202316	106.82876805302311	3.8704913975916795	0.5803106896677829	4.830825574840657	26.424457009983684	25.991817785431305	105.35666045790497
30	-10	0.8105263157894745	42.613922226180506	107.27275049641123	4.1370077578020865	0.5564358650277801	22.165160495639913	159.494424085069	108.46950087474609	164.53114971958402
15	0	0.8105263157894745	53.27303269808709	109.24935601702755	3.7167600629142505	0.49658932453556126	78.70378103127547	1033.6589859497988	222.31097728988945	198.10330008267016
10	5	0.8105263157894745	58.446594429447195	111.54924278176875	3.0559706257144805	0.4976104452229683	240.50444923579306	920.4582320456215	306.7059016969317	180.94789254165934
15	-2	0.8105263157894745	49.688246500992484	108.38576437027848	3.838507254717174	0.5028076720046774	65.36643412182019	753.3421187088985	222.31097728988945	190.69601165519663
30	-40	0.8105263157894745	44.78157874579833	106.87277918835099	3.7162573881442915	0.5717528324292039	13.552302977748322	10.294386745057178	108.46950087474609	156.9258348415395
15	-5	0.8105263157894745	47.55548548656194	107.70316555193288	3.8587971425558405	0.5173290808475095	52.86937761248045	335.25776933207135	222.31097728988945	183.62154668078787
30	-20	0.8105263157894745	44.20984250515974	106.98906401559721	3.8873499890378005	0.5641849167132943	19.91402490866572	52.639056280005974	108.46950087474609	161.30563628172382
10	2	0.8105263157894745	60.2746983986317	110.41157355985717	3.321242161290358	0.4877993423441382	150.62710313729562	1416.5706911842356	306.7059016969317	202.25117768222913
15	20	0.8105263157894745	42.99858991326796	114.04301102892545	2.3444204916641787	0.5664489317402388	59.562313939443804	48.12594735102764	222.31097728988945	103.67579518199496
15	40	0.8105263157894745	40.43196515402453	114.4335994474506	2.132457139293699	0.586011414754982	24.685182061625365	5.590843384159472	222.31097728988945	89.41392996115665
10	10	0.8105263157894745	48.955806687990155	113.15778678978114	2.577969154579916	0.5244849296468022	154.37309707408733	294.6012202385301	306.7059016969317	128.74789017115376
10	-2	0.8105263157894745	53.836772457361775	108.67628120204314	3.572020736474271	0.48021125059982894	96.79323811779521	930.6769589982249	306.7059016969317	193.87383680153494
10	0	0.8105263157894745	57.665231714349076	109.53668196753371	3.453613340765275	0.4770606719263307	110.92779943805756	1206.6316628909203	306.7059016969317	200.90485480170653
15	-10	0.8105263157894745	46.956086046903486	107.27497413178337	3.7728244218878015	0.5377219028855161	43.81753614558255	126.44055470789333	222.31097728988945	177.65559131965247
5	2	0.8105263157894745	60.84118053484644	110.88619371015085	2.9734888863307525	0.46423736050234365	313.75400038458673	1769.993136549304	313.75400038458673	182.6838468817289
5	5	0.8105263157894745	57.048023015145624	112.03468983998191	2.6708013077260357	0.47909907386889355	245.1920690380114	679.1054983672368	313.75400038458673	154.1662543928438
15	-20	0.8105263157894745	46.32680363686311	107.03095748220532	3.6808791825785963	0.5562646953326201	28.541394124144013	22.03473223307684	222.31097728988945	171.3826820839826
10	20	0.8105263157894745	42.82058492032608	114.12076864252174	2.231200513630646	0.5641253400463722	54.59206635696027	27.69533870370371	306.7059016969317	98.28449999342473
10	-5	0.8105263157894745	50.23568430660697	107.80019738225073	3.6606932312799114	0.5058204987664615	71.93869180527957	378.2813260416747	306.7059016969317	185.51605601802578
5	0	0.8105263157894745	60.058450355098806	109.83074427032713	3.1855321038082565	0.4592094029864518	235.73912590518393	1625.2047039070262	313.75400038458673	192.99380203631608
15	-40	0.8105263157894745	45.509128748068356	106.90309710943504	3.6236981048104715	0.5677578446582854	17.993197876728438	3.9909593931862433	222.31097728988945	165.97953498111036
5	10	0.8105263157894745	47.792861096942204	113.45009653240392	2.3127500052136427	0.5232016822022584	123.33801729694376	160.07933079383434	313.75400038458673	112.29168450264169
10	40	0.8105263157894745	40.49905484814561	114.43549344899391	2.092971853249626	0.5846644315182655	24.286412334261193	3.495059806608889	306.7059016969317	87.58733916966192
2	2	0.8105263157894745	59.89547702646781	111.22377027605613	2.7060303445333487	0.4537805707508998	297.52951254255623	1758.261141597347	315.16884005788893	162.92879171111377
5	-2	0.8105263157894745	57.47329915102292	108.96866333447514	3.309997466330383	0.4666357682320696	144.49921095400916	1028.2654273641988	313.75400038458673	191.85000567958846
10	-10	0.8105263157894745	48.51036980887072	107.31923282269706	3.637958014030629	0.5336305461806572	51.476858300828916	95.72865206452904	306.7059016969317	178.29274432875363
2	-2	0.8105263157894745	58.70184465212415	109.1451044176293	3.13721811037811	0.4590010387446532	217.41958834612439	1270.474845191351	315.16884005788893	184.98864384727847
5	-5	0.8105263157894745	53.09544939045408	107.96350233030961	3.4413964420029517	0.49768329303520786	101.09875716524539	456.7399540435993	313.75400038458673	184.33024230933697
10	-20	0.8105263157894745	46.93505179909325	107.05645661108902	3.6114986815862173	0.553632843648942	31.75460785527209	15.681396121950376	306.7059016969317	171.44291330252994
2	0	0.8105263157894745	59.3261646524113	110.14523127277617	2.9291925127787444	0.4392048091656354	306.9510950126143	1832.770164572837	315.16884005788893	174.5812496383783
2	5	0.8105263157894745	55.75731998660424	112.29263948752617	2.4416141982952575	0.47692943092614076	216.3923010052012	583.8349132796793	315.16884005788893	136.98299075633443
5	20	0.8105263157894745	42.79159699548092	114.1544084509347	2.1313531323384005	0.562228478166755	49.545461516589356	17.520733335904534	313.75400038458673	92.95379542121734
0	0	0.8105263157894745	58.79432887836638	110.37271079276262	2.7506337989257155	0.432694142683626	296.1996906465981	1811.595051765067	314.65562932839464	161.7216681979888
10	-40	0.8105263157894745	45.716737166649516	106.91459150635765	3.591550611948846	0.5664947949233885	19.263101605326614	2.7380695144706464	306.7059016969317	166.19669141607682
5	40	0.8105263157894745	40.580006059612984	114.43172969054558	2.0551539834214916	0.5834757979664964	23.61977008503745	2.4069363711431495	313.75400038458673	85.14443178373106
2	-5	0.8105263157894745	54.66849759989584	108.10270016188306	3.30076651386679	0.49327845281240834	124.773910396336	506.8560690148123	315.16884005788893	181.27914969330104
0	2	0.8105263157894745	59.352623098754144	111.43522502547111	2.5349285685255967	0.4546490719512957	273.3996858511877	1529.571484439552	314.65562932839464	150.4546599099641
5	-10	0.8105263157894745	49.87197126998931	107.39140876103602	3.505626886891746	0.5290746643354872	60.87526700076388	79.67566832551786	313.75400038458673	176.46692397105787
2	10	0.8105263157894745	47.50029444261604	113.52151949265638	2.184062047739826	0.5230283096292301	107.43322111449588	127.1623845186778	315.16884005788893	104.54743560743141
0	-2	0.8105263157894745	58.671844508738765	109.32178519977077	2.984488824463439	0.45011101240571083	302.7640856115265	1731.5424461079658	314.65562932839464	175.10546424698745
0	5	0.8105263157894745	54.883798609436674	112.44157790423833	2.2995606685309875	0.47967127453385844	192.80058991015036	532.6765598580305	314.65562932839464	126.20862462183628
-2	2	0.8105263157894745	58.72075440280117	111.61109178785102	2.3777539679516506	0.45922221766737165	239.50245206796774	1271.2627715446322	300.265867373234	138.59735644680896
5	-20	0.8105263157894745	47.4641289891878	107.08742554871284	3.5414220085581287	0.550948088018427	35.11461529534851	12.381095766865945	313.75400038458673	169.73002217918238
2	20	0.8105263157894745	42.83673687635111	114.15643286816248	2.077441828658501	0.5612943334617181	46.528369011449406	15.192469907697422	315.16884005788893	89.77574229708361
2	40	0.8105263157894745	40.63470701546564	114.42691510690032	2.033346121390936	0.5828400563697742	23.041502722340685	2.1830405765849354	315.16884005788893	83.40063478625372
0	10	0.8105263157894745	47.44367952164738	113.53497131906492	2.109310426972297	0.5230998942723895	98.45279527481833	118.87982653270541	314.65562932839464	100.07344790894285
5	-40	0.8105263157894745	45.90016172261992	106.92671822166334	3.5589383559366787	0.5652722806140127	20.360639455899545	2.0681549015244314	313.75400038458673	164.99557845213542
-2	0	0.8105263157894745	58.39095703535091	110.59848224316643	2.5769451111688304	0.4330824794578857	283.9402951373521	1787.3201423176297	300.265867373234	149.49608685455226
2	-10	0.8105263157894745	50.55682443402851	107.44769528817596	3.4256430609922783	0.5259432483567796	68.00654304738421	82.46098702424523	315.16884005788893	174.01211069382933
2	-20	0.8105263157894745	47.734810312608246	107.10859698350347	3.4987899744672424	0.5492943979233031	37.13513327111377	12.246441589655745	315.16884005788893	167.8274162855584
-2	-2	0.8105263157894745	58.2271606478464	109.55136768620191	2.8069082102595355	0.442139450861886	292.8230872988481	1718.2868563737666	300.265867373234	162.4402621294552
0	20	0.8105263157894745	42.8896272143799	114.15120211667337	2.043820990965104	0.5607543448288139	44.60323674847414	14.972650463600697	314.65562932839464	87.65872039541782
-2	5	0.8105263157894745	54.075472083946245	112.56558223842819	2.1710154577390077	0.4850187607101521	165.02835169915798	478.22348154829734	300.265867373234	116.41183898762763
2	-40	0.8105263157894745	45.99701746054956	106.93427247417343	3.5391844524142178	0.5645599005037181	20.930980552729224	1.99054215164851	315.16884005788893	163.5990332383227
0	40	0.8105263157894745	40.6734935600193	114.42270824899752	2.019195316235355	0.5824487290306251	22.5366981487748	2.1870036618520747	314.65562932839464	82.12772769131985
-5	2	0.8105263157894745	57.60140122254402	111.81678063277894	2.171475619316881	0.47066752269461276	185.65415525799753	1022.262867051947	263.1788187611562	122.24118225878998
-2	-5	0.8105263157894745	56.08510185351039	108.357701145358	3.099921673468747	0.4843993210917472	167.90235568617956	681.6414493884458	300.265867373234	172.8053772793189
0	-5	0.8105263157894745	55.504973691044626	108.21985875758408	3.203385469357478	0.48935050487854387	145.4918362553328	584.8641278499821	314.65562932839464	177.80382619896147
-5	-2	0.8105263157894745	57.627282982965234	109.90389664599375	2.5555536585531202	0.44084834134399276	255.38829257568193	1637.495455455528	263.1788187611562	144.49502627487186
-5	5	0.8105263157894745	53.17699536548368	112.677000537197	2.016001496599592	0.4947349076015141	121.69034995706126	365.47269701409164	263.1788187611562	104.50401697954543
0	-10	0.8105263157894745	50.94244210572524	107.49088592113664	3.3711686781120096	0.5236222230919623	73.39564458723099	91.18866243397326	314.65562932839464	171.73556521335533
-2	10	0.8105263157894745	47.48001947691344	113.52587833645899	2.0422474560439383	0.5232963810149215	90.04648793012493	118.69014273148406	300.265867373234	96.03976278798088
-5	-5	0.8105263157894745	56.229505976039015	108.60291644449667	2.9254515910584096	0.4749988095056056	207.43683740408753	939.0826383917141	263.1788187611562	161.54289988867745
-5	0	0.8105263157894745	58.06431755168282	110.92737459029435	2.3300744156144697	0.4458855910758027	263.1788187611562	1743.9781144393587	263.1788187611562	132.5228796945815
0	-20	0.8105263157894745	47.8927616732249	107.12380568447253	3.4700120260635687	0.5481681847061699	38.56052403121068	13.119948585442106	314.65562932839464	166.18845896748678
0	-40	0.8105263157894745	46.0556056940643	106.93941535727733	3.525947844645562	0.564094353417618	21.222217659765185	2.0680669187969283	314.65562932839464	162.38966363083188
-2	20	0.8105263157894745	42.95896861335196	114.14123398847478	2.011955404669081	0.5602787557827507	42.641833135109444	15.54881538977198	300.265867373234	85.53888143008945
-2	40	0.8105263157894745	40.713968618208966	114.4177489660158	2.0053624462766813	0.582083378508553	22.140164112059534	2.348687538425248	300.265867373234	80.7694464738499
-2	-10	0.8105263157894745	51.26046430915329	107.53909333899283	3.315069144326352	0.5210686727709162	79.68091575897468	107.80473161228586	300.265867373234	168.89629227392967
-10	2	0.8105263157894745	55.421478587348005	112.06040133565854	1.91550843176737	0.49318609759025894	90.02452203493006	783.6235808280713	203.07703078002987	99.80115241029235
-5	10	0.8105263157894745	47.657265350616086	113.48146982789038	1.9547858288581246	0.524011538101168	77.01921243666362	121.24069438337678	263.1788187611562	90.62870937787633
-2	-20	0.8105263157894745	48.0309502237426	107.13991868952914	3.4408704985832395	0.5470196704985278	40.034648456293986	14.873387470646628	300.265867373234	164.250657674489
-10	-2	0.8105263157894745	56.1143523518271	110.51006221988894	2.207998026567025	0.4529074519858458	174.67243049755626	1509.739843743663	203.07703078002987	117.6048536664312
-5	-10	0.8105263157894745	51.58727020310794	107.62256818701591	3.226154150039863	0.5167076741619786	90.48227708207786	150.35097648499521	263.1788187611562	163.47199197231922
-15	-5	0.8105263157894745	52.93079172330385	109.73744140455955	2.2695728706321625	0.4568609860608597	152.50187761593997	1289.1926064100815	154.6635536027069	109.77818288940368
-10	0	0.8105263157894745	56.54046076317222	111.38292673569498	2.0245769723854186	0.47276803160865455	115.02285585939336	1251.7620539334825	203.07703078002987	108.08974404182402
-10	-5	0.8105263157894745	54.80215604850672	109.15067594285988	2.5835405845249033	0.4589104154959007	197.82738123773242	1247.4040344744217	203.07703078002987	135.06549466044
-2	-40	0.8105263157894745	46.10917645110597	106.94463971746013	3.512663897117146	0.5636368707227414	21.51158498119011	2.2993932124973977	300.265867373234	160.96037695642883
-5	40	0.8105263157894745	40.77751557313165	114.40899073611723	1.985221611316106	0.581584010296684	21.37839043240617	2.789353694656914	263.1788187611562	78.57741036438689
-5	20	0.8105263157894745	43.09040198992541	114.11835595182961	1.9672497276855945	0.5596821897130421	39.85053218622814	17.902287116492246	263.1788187611562	82.34507873586931
-10	5	0.8105263157894745	52.347342058384726	112.71342780370409	1.8438739259466932	0.5101536076161508	72.64095524110091	282.4783413269813	203.07703078002987	90.4182078039941
-10	10	0.8105263157894745	48.03803719507054	113.3755208804342	1.8408675073104628	0.5273930091187083	58.00386375762163	125.54360520206279	203.07703078002987	82.68882258438681
-5	-20	0.8105263157894745	48.19773049484428	107.16587640023486	3.3963008575255946	0.545248946970673	42.30656057753098	19.357356037882564	263.1788187611562	160.78065618613627
-15	-10	0.8105263157894745	50.88745136049221	108.0745363063574	2.841826468921682	0.49607469007288124	135.1384347783701	541.9094897449744	154.6635536027069	133.15210536110922
-15	-2	0.8105263157894745	53.96928235967583	111.02034710317764	1.9548124905845878	0.47020770396812556	94.81651289319112	1213.6242134944243	154.6635536027069	95.33701583825587
-10	-10	0.8105263157894745	51.63022591747125	107.80401033658192	3.0564958773086857	0.5076642003322989	112.17834632394207	288.6802279533074	203.07703078002987	150.85866037227976
-10	40	0.8105263157894745	40.88966434607848	114.39124782515333	1.9533151981271573	0.5808810852032884	19.948924465678004	4.042612041428467	203.07703078002987	74.53249475026304
-15	5	0.8105263157894745	51.76382401530908	112.68781590902579	1.739786897599853	0.5223693688477478	39.584355155115915	253.60872652701772	154.6635536027069	79.99094552487854
-5	-40	0.8105263157894745	46.17967645896327	106.95261797658247	3.492658806876447	0.5629665147930534	21.90550397221539	2.881575722296804	263.1788187611562	158.41025595424892
-10	20	0.8105263157894745	43.37015278547182	114.0624839724825	1.9002708467063263	0.5589834481045532	35.496578650168274	24.878911534011287	203.07703078002987	76.95318028332015
-30	-10	0.8105263157894745	46.92774359642576	109.33535050892121	2.1179473913378732	0.4838754540311382	84.81490064500453	897.4001265005668	85.522965133938	74.7210994607606
-15	2	0.8105263157894745	53.33105859989489	112.23019821638157	1.7658746006524877	0.5090574282651253	38.03280571797009	583.436999130792	154.6635536027069	83.94042636420403
-15	10	0.8105263157894745	48.39405514332754	113.26070506638086	1.7571387427587157	0.5326278174104968	43.28400587848593	132.79799723802887	154.6635536027069	75.46624461739965
-15	20	0.8105263157894745	43.70697929563619	113.98943399120864	1.8416359646433282	0.5586247235283094	31.316679720073253	34.5333257566456	154.6635536027069	71.43036099072397
-10	-20	0.8105263157894745	48.35446231189613	107.21451778951027	3.31894199381389	0.542150475166152	46.10647153697777	32.74867355787947	203.07703078002987	153.49526231831157
-15	0	0.8105263157894745	53.95352920362424	111.71507628812748	1.8305296799361803	0.4902505483906323	56.413273054625385	937.1328712823486	154.6635536027069	88.55229349083649
-15	40	0.8105263157894745	41.00716195368527	114.37023244910328	1.9235163222198735	0.5803374677951918	18.371137987109858	5.842290233277186	154.6635536027069	70.03087083226646
-10	-40	0.8105263157894745	46.26936245372334	106.96625053893473	3.4591421507031432	0.5618950164359943	22.321191623249312	4.555737581400426	203.07703078002987	153.10615150238465
-30	-5	0.8105263157894745	48.25831992512638	111.04499561182195	1.6953237487526585	0.49235631553560893	38.492513787835925	847.1753209510584	85.522965133938	58.97240415664592
-30	20	0.8105263157894745	44.86371517688455	113.71682079772708	1.705922006679884	0.5593712641623323	20.17773914120683	69.4757761165867	85.522965133938	53.732650869219476
-15	-20	0.8105263157894745	48.33837531795567	107.2715050797935	3.236191788893441	0.5388479104535575	49.7219374707386	55.3281979611849	154.6635536027069	144.36048543132793
-30	-20	0.8105263157894745	47.06892830149006	107.5274257897069	2.93446686512629	0.5280627989010351	56.435777098071	199.00514814170336	85.522965133938	107.18966809049482
-30	5	0.8105263157894745	49.885676810911136	112.66714282751171	1.5971296663682908	0.5401145234434273	8.084280619891365	199.27572712521086	85.522965133938	55.52762725686563
-30	2	0.8105263157894745	49.921608049068375	112.4128781595605	1.58259405612805	0.5319040793744573	7.109224847983255	302.3103485791403	85.522965133938	55.144137945057544
-30	10	0.8105263157894745	48.67224831659626	113.02108724510859	1.6184970372978564	0.5478212118488108	13.374505874227632	131.17990252162886	85.522965133938	54.890076656984604
-30	-2	0.8105263157894745	48.99892900462858	111.81301252918702	1.592248245601124	0.5105142245461621	17.153072646539677	609.4556642449298	85.522965133938	55.058642114177026
30	10	0.7526315789473692	50.59084516829234	111.48860705535316	3.5271087001291694	0.5554357511359619	69.73505024779173	720.118745697314	108.46950087474609	168.58304426085283
-30	0	0.8105263157894745	49.430191755511515	112.17914296400276	1.5718887964244803	0.5234260772763116	9.861275645829219	443.59223245578545	85.522965133938	54.35257832363762
-30	40	0.8105263157894745	41.361019763136895	114.29567741819619	1.84674076260403	0.5796216928986536	13.218906050215432	13.418371885848	85.522965133938	54.16281657317572
-15	-40	0.8105263157894745	46.32232832277714	106.98023983060162	3.4254747243099324	0.5608882266234935	22.431763304398803	7.178824128447479	154.6635536027069	146.54466697389557
60	10	0.7526315789473692	45.6957640169792	110.14368967167205	4.061203110891289	0.5959710794871058	9.308236331703787	578.3385326593071	25.991817785431305	116.37466571916086
-30	-40	0.8105263157894745	46.249391834637315	107.02350695400825	3.324562562057341	0.5583680211420307	20.674481517058585	21.17365601105461	85.522965133938	120.24710642697507
-60	-20	0.8105263157894745	41.62614296832179	108.46560042376073	2.2072921492406783	0.5268308302859709	19.612378968141734	458.4866589358142	21.541774193074936	26.948648075471535
-60	-5	0.8105263157894745	44.58245120599948	111.82808508278016	1.4184111669767157	0.5349355874431684	3.7995014553103372	345.7083348307286	21.541774193074936	10.964508870333322
-60	20	0.8105263157894745	45.85785127409158	113.37502775852995	1.5765134479708147	0.5689826609912276	3.778285599127264	80.65708181574267	21.541774193074936	13.551145706189597
60	20	0.7526315789473692	46.381954920378355	112.16740694688883	3.434337155519267	0.5985040324646139	18.172308485033835	413.1127639131375	25.991817785431305	103.68631635626157
-60	40	0.8105263157894745	41.80653385408903	114.16497636803007	1.7467544792324607	0.5818097544196089	4.055058743138519	29.476823334341713	21.541774193074936	15.44815022506489
-60	-10	0.8105263157894745	42.969016737508895	110.85987051151557	1.5243198698900073	0.524366520462386	9.450685821297354	603.205816615116	21.541774193074936	13.236399669694725
-60	10	0.8105263157894745	47.435970437411875	112.9260514009655	1.5197230862354831	0.5616402745811904	2.1004116107503457	112.37555607042779	21.541774193074936	12.972162923814277
-60	2	0.8105263157894745	47.17727952944378	112.5037851762648	1.468905186687743	0.5506946702633707	1.7534024032914348	207.21696762219167	21.541774193074936	12.14989594242589
-60	5	0.8105263157894745	47.5397424584171	112.68537927412501	1.4911204220233323	0.5558582115905111	1.7090427481658084	155.49987658326867	21.541774193074936	12.558710626078156
-60	-2	0.8105263157894745	45.95039988420492	112.16530340123572	1.434484197210443	0.5415770467026063	2.3614950088581863	272.4025505413102	21.541774193074936	11.40592855989536
-60	0	0.8105263157894745	46.66520625634192	112.34925799850473	1.4513468181451428	0.5462373619268126	1.9653804432291455	243.27319852941991	21.541774193074936	11.788470007659953
60	40	0.7526315789473692	40.02124178729767	114.23975088583607	2.489589672845111	0.6036382493547974	10.954729108347411	66.83133486375726	25.991817785431305	70.73998195495956
-60	-40	0.8105263157894745	45.215103912081176	107.10098366017745	3.1425512431399305	0.5569851075391815	8.911634905986169	69.03699537562949	21.541774193074936	49.235285911480645
15	5	0.7526315789473692	54.65837981964256	111.17488913173169	3.392576814105762	0.5080755978639929	151.2393350157621	1098.5296203107284	222.31097728988945	186.3018415951296
30	5	0.7526315789473692	48.75565954112414	110.07295970228643	3.9419351520775354	0.5536002140290054	36.55968535122611	790.0727779768788	108.46950087474609	179.9384215217734
60	0	0.7526315789473692	39.96073635198566	108.2207271106277	4.460057650864468	0.5994195374437171	2.226873377230007	275.8781238389892	25.991817785431305	109.85771357614153
10	5	0.7526315789473692	54.86949298224694	111.71175442274078	3.060297834754013	0.4854546756156221	255.14490915644296	1052.5496389989908	306.7059016969317	169.99136023798712
60	5	0.7526315789473692	42.85138379842192	109.12874771398846	4.3062543859970726	0.6018626530057017	3.2740714674847595	340.4549681280265	25.991817785431305	114.59983566185709
60	2	0.7526315789473692	40.987642840365254	108.56764227819981	4.412406152544314	0.601496151881429	2.3414225362259447	311.42843101596657	25.991817785431305	111.77797560394467
60	-10	0.7526315789473692	38.6036259119706	107.33292950148568	4.446045175226956	0.5894818328959915	3.300285007881706	118.79790271476489	25.991817785431305	105.52412437178026
60	-5	0.7526315789473692	38.70605366644048	107.64722608989211	4.4896057606812425	0.5936376987599571	2.585001178299845	163.52349405125807	25.991817785431305	106.78644916392281
60	-2	0.7526315789473692	39.24831131944422	107.94225721990469	4.485040243851414	0.5968231732820413	2.305378890121488	216.89889820257227	25.991817785431305	108.30116823017885
30	-5	0.7526315789473692	41.08469474136741	107.57073691325913	4.308561309501465	0.55692501156322	15.171532324132109	237.72590073545115	108.46950087474609	164.74083598922365
30	20	0.7526315789473692	43.47284522736775	113.60298616046201	2.74416997272033	0.5758649948971359	67.3144709745357	193.90584458605187	108.46950087474609	115.83137054008424
30	0	0.7526315789473692	43.196503595085865	108.46817555602014	4.276344061343836	0.557682619707294	12.443008062752762	545.0709011660105	108.46950087474609	172.0198769722882
60	-20	0.7526315789473692	39.93396798338726	107.00363799171947	4.2534401832011755	0.5834095947758509	5.404996498625759	85.78647621278625	25.991817785431305	105.10491072981611
60	-40	0.7526315789473692	43.04348009891819	106.81578796853714	3.876758406127366	0.580299904778846	4.852180523816471	26.56445252600498	25.991817785431305	105.06627952097634
30	2	0.7526315789473692	45.53721985305516	109.12328847164969	4.165369393359531	0.5576362773643597	15.7490096523142	607.1787655896329	108.46950087474609	176.96373148206607
15	2	0.7526315789473692	53.23870310452499	110.00892495565076	3.6645102409100168	0.4964023694001535	100.80238822400277	1241.9313940239233	222.31097728988945	195.28613635040026
30	-2	0.7526315789473692	41.776217796383385	107.98765927182131	4.323098281835047	0.5574071886076921	12.303059872980004	358.07594223154456	108.46950087474609	168.0497042447935
30	40	0.7526315789473692	39.9329041227031	114.43347753044655	2.251419513228048	0.5910671797179419	23.206577888322823	18.280950184309305	108.46950087474609	89.66215159484433
15	10	0.7526315789473692	48.47457147019731	112.857531508409	2.8635881493063184	0.5269004883645306	166.1739258518723	489.1134165349386	222.31097728988945	140.6918996813383
15	0	0.7526315789473692	49.92321030358696	109.0435044664723	3.834001588625949	0.49311759982310394	90.87829995797237	1097.613564585521	222.31097728988945	191.2552884284698
30	-10	0.7526315789473692	41.58898276726145	107.2072590399785	4.1830625998506905	0.5564042366237287	21.93940865078017	154.20080158744236	108.46950087474609	162.23199230005517
10	2	0.7526315789473692	56.30668488257936	110.37107370675122	3.382954629838278	0.47067439996767885	183.09244819992261	1572.815752950302	306.7059016969317	192.1911401294342
15	-2	0.7526315789473692	46.82661645250948	108.17840690271237	3.94507072144212	0.5008925976884757	67.44602403375298	683.4845057351596	222.31097728988945	184.51027248343505
15	-5	0.7526315789473692	45.42646182161956	107.558638354063	3.9380686532970204	0.5148118865320424	54.587619696199816	316.31322647890545	222.31097728988945	178.84967388986803
30	-20	0.7526315789473692	43.548542766582344	106.94254914797061	3.9126504533521107	0.5637669902623069	20.29153940011132	53.68979604245557	108.46950087474609	159.83787936776855
15	-10	0.7526315789473692	45.50857396177097	107.17467096245632	3.82373422421174	0.5355293005819252	45.230248319255345	127.11495739755989	222.31097728988945	174.3910772516873
30	-40	0.7526315789473692	44.468169540470996	106.84792278345186	3.725396493694051	0.571641384108544	13.672854175818344	10.391915021286824	108.46950087474609	156.17704488327425
15	20	0.7526315789473692	41.968498051128286	114.1491069626816	2.326915038025754	0.5664723182905562	58.18209256567078	47.15091542568134	222.31097728988945	100.48270526041024
10	0	0.7526315789473692	53.850813119521206	109.37130810741192	3.538332225125609	0.46277356049153434	134.54928452355458	1294.8584529108848	306.7059016969317	191.97474504905054
15	40	0.7526315789473692	40.024640742767446	114.47643291063763	2.1256710966405055	0.586115752941161	24.402026714020785	5.534404172919333	222.31097728988945	88.25187252061608
10	10	0.7526315789473692	46.5983722708352	113.38414737955506	2.540547909156259	0.5232024704805719	147.90239765227165	287.0685512301522	306.7059016969317	120.82046621238464
10	-2	0.7526315789473692	50.39118911651912	108.43879321236736	3.672303367805474	0.47258042580192966	107.48483163993122	918.3473049995793	306.7059016969317	186.37562039328498
10	-5	0.7526315789473692	47.751089578833806	107.6294375595008	3.738500392967769	0.5005799795429806	75.70555713208573	358.067025874414	306.7059016969317	179.95613967233237
5	2	0.7526315789473692	55.861009595849524	110.91179264177212	2.9651621261762378	0.4337114655188066	310.96301896830835	1898.004815226609	313.75400038458673	167.1182223978807
10	20	0.7526315789473692	41.812423098640274	114.22450072456995	2.214232158987771	0.5640945654860067	53.17488290364296	27.16404494137561	306.7059016969317	95.27157081560577
15	-20	0.7526315789473692	45.54808069847195	106.9700181727766	3.703510407552416	0.555561830581821	29.225813267846494	22.513307278464673	222.31097728988945	169.4892515463506
15	-40	0.7526315789473692	45.148519872539	106.87384345392093	3.632670172356477	0.5675823708522457	18.1850655775662	4.028294455242952	222.31097728988945	165.0535555529732
5	0	0.7526315789473692	55.30554522816242	109.74363046126233	3.210187445073534	0.43107466565653535	285.3766674451169	1746.9166477629221	313.75400038458673	178.9434335171688
10	40	0.7526315789473692	40.09026561789112	114.47842812723857	2.086221490289654	0.5847579504584599	24.01061870372558	3.4658444663293095	306.7059016969317	86.43738894757426
5	5	0.7526315789473692	53.34761788721811	112.26447299452516	2.6340444114943393	0.466463555884191	250.35373394966487	793.209308256735	313.75400038458673	142.15411997251388
10	-10	0.7526315789473692	46.97358120372872	107.20522294958405	3.6833424144842395	0.5309937310937791	53.914536576072784	99.1742036729655	306.7059016969317	174.722475148064
5	-2	0.7526315789473692	53.56732958547967	108.76821726009207	3.37552812168223	0.44965680075308895	169.01330133170714	1105.0369994855782	313.75400038458673	182.2292731186257
2	2	0.7526315789473692	54.98128351084948	111.27351553675929	2.6785089676046043	0.42326005606450684	291.8873833719232	1860.0299604942848	315.16884005788893	147.9903088217883
2	-2	0.7526315789473692	54.290943692590325	108.99757415346652	3.1669578942086205	0.43445938592539607	256.66238095450484	1488.4923273775485	315.16884005788893	172.6555750152629
2	0	0.7526315789473692	54.43689332551143	110.10787601720266	2.9202958580631164	0.4078566622753211	301.3310477947363	1806.1376117336722	315.16884005788893	159.64984707542789
2	5	0.7526315789473692	52.19055420993504	112.5405292503815	2.3878584229590936	0.4658677591932649	217.93117784028576	680.2366342866491	315.16884005788893	125.39627985816432
10	-20	0.7526315789473692	46.12224706073808	106.99151729222262	3.6325367340682972	0.5528284302203124	32.53077516475543	15.972952689497102	306.7059016969317	169.42306345562292
2	-5	0.7526315789473692	51.624147254090964	107.89610357866054	3.3561094568956293	0.48324212309824677	136.913858357251	534.4081599989987	315.16884005788893	174.02138218999735
5	-5	0.7526315789473692	50.237474955617785	107.76901451401417	3.5098586017012043	0.48919178044472417	108.29963713494256	451.45652439323175	313.75400038458673	177.7973768870443
5	10	0.7526315789473692	45.59825920250761	113.66304785095569	2.2771638525685325	0.5219947968757024	117.23839256150451	156.34814347402764	313.75400038458673	105.51407088471633
10	-40	0.7526315789473692	45.344568537886644	106.88425905048682	3.600243171324531	0.5662988346671197	19.476049646026002	2.7600866530750645	306.7059016969317	165.23035451598142
5	40	0.7526315789473692	40.17287291970734	114.47443821934381	2.0484968017117597	0.5835590711416355	23.347997117957043	2.3922786463969103	313.75400038458673	84.0240615485484
0	0	0.7526315789473692	53.97378808279551	110.3547327852388	2.729384668153595	0.4015292592299616	289.43742070802654	1783.2604605753293	314.65562932839464	147.3152296753533
5	-10	0.7526315789473692	48.24872854031986	107.26561955487206	3.543936329208435	0.5260278964415561	63.98401646104827	81.98388718425403	313.75400038458673	172.55177992655376
5	20	0.7526315789473692	41.81096125799263	114.25510075132996	2.115157240752433	0.5621577568935311	48.2329498478625	17.288031000568722	313.75400038458673	90.14876850771172
2	10	0.7526315789473692	45.40267506600056	113.72524136594357	2.1506226608783066	0.5218696093532761	101.98746159956193	124.7715310153786	315.16884005788893	98.4114580791805
5	-20	0.7526315789473692	46.619778460144545	107.01911784808027	3.560508454971536	0.5500394194205014	35.944140759459614	12.5212765817149	313.75400038458673	167.5933828218427
0	-2	0.7526315789473692	53.941020512703076	109.22986513057378	2.9828179626187628	0.4207911221645478	298.0824633035541	1699.2460510985675	314.65562932839464	160.8962449072779
2	20	0.7526315789473692	41.874637718644905	114.25508669153744	2.061770475287429	0.5612055707956564	45.29064228060143	15.035464506343379	315.16884005788893	87.10344616221437
0	2	0.7526315789473692	54.57655858056389	111.509330422984	2.4952183371660417	0.42563246753822354	277.6352863678554	1826.4851170389209	314.65562932839464	136.1804297496397
5	-40	0.7526315789473692	45.51874703636134	106.89554180808517	3.5672498676355664	0.5650571315560979	20.601402098748817	2.0820431140916034	313.75400038458673	164.00055787566268
2	40	0.7526315789473692	40.22999759399079	114.46933925414767	2.026770045656061	0.5829175875302304	22.771085646764025	2.1725424534102618	315.16884005788893	82.30570413096157
0	5	0.7526315789473692	51.4595893635673	112.69348857624334	2.2387608842232614	0.4700349024484991	191.89788432212768	611.9378397254961	314.65562932839464	115.20571578534586
2	-10	0.7526315789473692	48.8773144067103	107.31631688841193	3.459073729623651	0.522608168986966	71.56201522653608	84.54924447790279	315.16884005788893	169.85870292833107
-2	0	0.7526315789473692	53.64798812912038	110.59854821398991	2.544723066997459	0.4025824591077697	276.3957883305607	1757.5871749767189	300.265867373234	135.68235881719565
-2	2	0.7526315789473692	54.25853531921981	111.72422481176922	2.324003134937818	0.4338989366404338	247.5285980491743	1573.8915036591052	300.265867373234	125.19856218368066
-2	-5	0.7526315789473692	52.80842862728189	108.15295292801113	3.1276416898114365	0.4721363946697923	187.0116999888426	768.5000756037721	300.265867373234	164.19508686743353
-2	-2	0.7526315789473692	53.56118125973404	109.47897024442487	2.7931553170862653	0.4127418489407164	287.2953360399626	1686.6637492736545	300.265867373234	148.7420419710782
2	-20	0.7526315789473692	46.87276601961272	107.03863641636835	3.5165249175808957	0.5483220530975159	38.12215461271895	12.390414215392635	315.16884005788893	165.62580506142172
2	-40	0.7526315789473692	45.61121081847302	106.90271092962146	3.5472213322187525	0.5643339528334695	21.114535530289952	1.9919965699535147	315.16884005788893	162.59281151393265
-2	5	0.7526315789473692	50.86281481682455	112.8073773399289	2.1090242988260504	0.47644874773770585	158.89644627648894	505.63891780429833	300.265867373234	106.35982800813744
0	40	0.7526315789473692	40.2709669943844	114.46488420453935	2.0126824317380367	0.5825225876836594	22.37321881688607	2.200713026899874	314.65562932839464	81.05266777869981
-5	-2	0.7526315789473692	53.20051093805693	109.85132165105613	2.521583510426462	0.41366092316061165	260.9904969013171	1636.9488267497322	263.1788187611562	131.72101762986475
0	10	0.7526315789473692	45.4074490837292	113.73272799782302	2.0773983872656427	0.5219763530734511	93.11067640645143	116.63037079567843	314.65562932839464	94.32936149638583
0	-5	0.7526315789473692	52.344340320223885	108.00900814995471	3.246494069091912	0.47838733228095326	159.20898259142592	616.7310426453837	314.65562932839464	169.93559040013548
-5	2	0.7526315789473692	53.651331138737845	111.96543207705157	2.1031942264830112	0.4511507082986775	193.94157643174503	1216.380987054955	263.1788187611562	110.30019232206197
0	-10	0.7526315789473692	49.223017855428125	107.35659025202897	3.4009784783814574	0.5200729047713719	77.34275387722329	93.70512550155425	314.65562932839464	167.40642436729726
0	20	0.7526315789473692	41.940642540445744	114.24842391599618	2.0285178843574734	0.5606559235384527	43.36720430276534	14.773676252612749	314.65562932839464	85.07734347473804
-2	10	0.7526315789473692	45.50223412999162	113.71793101138783	2.011852434099777	0.52220938904483	85.53937379550938	116.54006844354637	300.265867373234	90.65874333636411
-5	-5	0.7526315789473692	52.80096305851046	108.4349486722433	2.922439829235504	0.46008551988236546	227.07327450668205	1057.808719966488	263.1788187611562	151.60317947187255
0	-20	0.7526315789473692	47.01946243334631	107.05292063114095	3.4867673892313538	0.5471531232152879	39.59812889965508	13.285454276363899	314.65562932839464	163.94592827178064
-5	5	0.7526315789473692	50.36230770746722	112.8830575139896	1.9595390308577063	0.48678468435960215	117.56782911262452	381.36821156587945	263.1788187611562	96.17469882667663
-2	20	0.7526315789473692	42.02359785766257	114.23697826521497	1.9970266264768408	0.560172217131956	41.52317145920843	15.398084633349404	300.265867373234	83.04957077226602
0	-40	0.7526315789473692	45.66738499564119	106.90765143849542	3.533784368998388	0.5638616967916094	21.477515011939563	2.100125614132353	314.65562932839464	161.37869127062837
-10	-5	0.7526315789473692	51.46667305003893	109.04232806379342	2.546316105914536	0.4437995311587813	201.03621807312226	1274.6473218291762	203.07703078002987	125.0931900585839
-2	40	0.7526315789473692	40.314066032221575	114.4596313172564	1.9989196245587266	0.5821537093949313	21.878359520039847	2.338523641810729	300.265867373234	79.71643209246665
-5	0	0.7526315789473692	53.45534255301066	110.9508380670676	2.2847167795409824	0.4170637204310938	255.54618655941684	1714.885136802637	263.1788187611562	119.72250046978796
-10	-2	0.7526315789473692	52.41911050831671	110.48594553506427	2.1458019841767686	0.43387750403054115	183.85648244147583	1506.395418362257	203.07703078002987	106.82282911711167
-2	-10	0.7526315789473692	49.49889892726684	107.40268335089897	3.340885594798741	0.5172854803657659	83.91137927996536	110.58007649963388	300.265867373234	164.37581558548254
-2	-20	0.7526315789473692	47.14684025576301	107.06826489370347	3.4565807040318166	0.5459618103782955	41.12375086290776	15.04670145278599	300.265867373234	161.96925717069544
-10	5	0.7526315789473692	50.08828498590618	112.86991325858021	1.79506842367523	0.5034385308227155	72.28975944409089	302.6262830287579	203.07703078002987	84.16715785074422
-2	-40	0.7526315789473692	45.718955435615456	106.91271776482274	3.5202866267277333	0.5633978708609929	21.761590134040645	2.3101799727134296	300.265867373234	159.94684486172653
-5	10	0.7526315789473692	45.78001202560561	113.6623023650949	1.9259711593540008	0.5227969012578668	74.79711766326682	124.3420450455639	263.1788187611562	85.74951072168055
-5	-10	0.7526315789473692	49.757986408433545	107.48489481166172	3.2451054990320003	0.5125347548585326	95.26514972662198	154.6595830396744	263.1788187611562	158.632767006883
-10	0	0.7526315789473692	53.08870164009597	111.44812424795154	1.946600493968152	0.45711814737316164	132.5649109240387	1329.200166308642	203.07703078002987	97.55842736279953
-10	-10	0.7526315789473692	49.67743414805121	107.6714374500973	3.060915269063278	0.5027466977579351	117.52623352843021	297.5592845995209	203.07703078002987	145.41141563060262
-10	2	0.7526315789473692	52.4095757467255	112.20259692371779	1.8404429068356092	0.4822640759672984	99.72237903967756	866.1369748283901	203.07703078002987	90.60243384057054
-5	20	0.7526315789473692	42.176358162241364	114.21180641549745	1.9528915973589482	0.5595669136663478	38.82475365817005	17.69876758644146	263.1788187611562	79.99550988211901
-5	40	0.7526315789473692	40.38236630681842	114.45034894070517	1.9788971974242633	0.5816494115141848	21.127772563847696	2.774915918492285	263.1788187611562	77.56131295537388
-10	10	0.7526315789473692	46.37321238932066	113.52979749052298	1.813368851747139	0.5256114771013405	56.962175613330274	131.557813815062	203.07703078002987	78.58164493255597
-15	-2	0.7526315789473692	51.079212402736054	111.0376818916635	1.8813493002043553	0.45941805898537513	101.9347216642111	1243.9401067003166	154.6635536027069	86.74975384701716
-15	-5	0.7526315789473692	49.95230959272265	109.67316550501371	2.215590013615157	0.44484674765888055	154.19008785500966	1290.6880397529821	154.6635536027069	101.15146900317806
-5	-20	0.7526315789473692	47.29829113748608	107.09339099621333	3.4103152859075507	0.5441270488064546	43.44497680906113	19.60738169195708	263.1788187611562	158.44521756911124
-15	2	0.7526315789473692	51.1024215298413	112.32917438403598	1.7010330994616376	0.502782448823839	40.346818394913754	616.7562315708585	154.6635536027069	77.31500641842338
-5	-40	0.7526315789473692	45.787237286804796	106.92054368918009	3.499936468222804	0.5627186509254947	22.160720009916453	2.8967227810291187	263.1788187611562	157.39701603161524
-15	5	0.7526315789473692	49.95498534125735	112.80458526994558	1.6957570690858697	0.5173569480867893	42.139223764256556	277.7078675506509	154.6635536027069	75.1359804779777
-10	20	0.7526315789473692	42.49390259100173	114.15192071905342	1.886872394376504	0.5588598085909972	34.61241799646015	24.519151249669857	203.07703078002987	74.83862844028845
-15	-10	0.7526315789473692	48.81300238555334	107.95979626458531	2.8271838876992663	0.4904212451072155	138.59745942930988	547.9259732342791	154.6635536027069	127.10513239894904
-10	40	0.7526315789473692	40.504520737671044	114.43151993809472	1.947220047324182	0.5809391455630045	19.719661252400673	4.016066000857805	203.07703078002987	73.58692729428891
-10	-20	0.7526315789473692	47.432146844129456	107.14162635626624	3.329769081833313	0.5409241068674021	47.33370537308845	33.265673432412015	203.07703078002987	151.08333690535892
-15	10	0.7526315789473692	46.93769485053246	113.38980388118752	1.7309689652795517	0.5305648066934593	43.06554151958921	139.30358491025592	154.6635536027069	72.03374783872995
-15	0	0.7526315789473692	51.35536700890009	111.78495208073494	1.7550015534581167	0.48208446848177133	59.9229885323491	963.432056665648	154.6635536027069	80.6499414215208
-30	-5	0.7526315789473692	46.56564141542949	111.05019752587708	1.6439827335159147	0.4891420236273395	38.64435051001546	840.6112917037558	85.522965133938	54.908332362135845
-10	-40	0.7526315789473692	45.8754400872093	106.93415993904388	3.465788703304918	0.5616348237575244	22.583607379219323	4.5874894325094	203.07703078002987	152.10500926300566
-30	-10	0.7526315789473692	45.17321544981259	109.27753007195896	2.080398883749604	0.480783022037775	83.95299674124473	889.6846619523475	85.522965133938	70.5283437446403
-15	40	0.7526315789473692	40.634455017516174	114.4091713879665	1.9176832991640076	0.5803891549403969	18.16927412725966	5.79835587801072	154.6635536027069	69.16488348675817
-15	20	0.7526315789473692	42.871130857316146	114.07464125820128	1.8291913416398013	0.5584998645341261	30.63368477649753	34.042929907025815	154.6635536027069	69.55038247478849
-15	-20	0.7526315789473692	47.397285896314656	107.19964465026634	3.2433548297475276	0.5375246247028985	51.004106773137934	56.299095117297426	154.6635536027069	141.89413560890182
-30	20	0.7526315789473692	44.16874975439513	113.78711949272343	1.6960551596024094	0.5592148135752799	19.949372798358578	69.45403640303329	85.522965133938	52.52633618621203
-30	-20	0.7526315789473692	46.112326863217326	107.46942652521679	2.9280012612715263	0.5265797220742874	57.516634329738785	201.94721878704635	85.522965133938	104.78720156237448
-30	5	0.7526315789473692	48.857598649301295	112.72043717436487	1.5666045530853026	0.5382399843974455	8.412552019501314	210.80146064298114	85.522965133938	53.13749245817893
-30	-2	0.7526315789473692	47.53694099978323	111.8372160318041	1.5451904621292119	0.5079222861106305	17.128517038697336	604.0669405656548	85.522965133938	51.54017182869079
-30	10	0.7526315789473692	47.76428878035782	113.08857649005198	1.596369558761699	0.5465457027139802	13.957294575707413	137.49493820884805	85.522965133938	52.981283056526216
-15	-40	0.7526315789473692	45.92979727227283	106.94843922356307	3.4314308087020686	0.5606190085919169	22.697984096171105	7.237012597903623	154.6635536027069	145.57030194741506
-30	40	0.7526315789473692	41.0386747548883	114.32929908977766	1.8418543491530686	0.5796599648514572	13.090686739128254	13.307920893143132	85.522965133938	53.566250348461224
-30	2	0.7526315789473692	48.76632032095364	112.4497316216409	1.546407131415868	0.5293083451239124	7.344539169166154	319.46039935522145	85.522965133938	52.403004669557156
-60	-10	0.7526315789473692	42.33210432252966	110.85696053713576	1.5044149772313984	0.5239134093698855	9.449230602108175	602.0097183444593	21.541774193074936	12.635505216236679
60	10	0.6947368421052639	45.069780113697234	110.12643033887858	4.0821156979846736	0.5964308628924743	9.352591109092264	586.2985180112818	25.991817785431305	115.26966412529517
-30	0	0.7526315789473692	48.15534044261788	112.20648560228713	1.5312889395241658	0.5206698739408963	9.735490639267146	437.7684662246063	85.522965133938	51.32397076170729
-60	-20	0.7526315789473692	41.06886125454684	108.44559945512003	2.1939645074322827	0.5265723285401311	19.411337756225592	452.4161761320552	21.541774193074936	26.323383970764862
30	10	0.6947368421052639	48.910089572094876	111.5375225503164	3.5542042477595426	0.5543398271956173	73.30237618198136	760.0343772020822	108.46950087474609	164.10318547238458
-30	-40	0.7526315789473692	45.879739519039305	106.99445813247996	3.3282577477077466	0.5580963667796428	20.895765290786592	21.360213443099386	85.522965133938	119.43907349626885
-60	20	0.7526315789473692	45.552340903798914	113.40167378509813	1.5702543206632527	0.5688438872306785	3.8312092720371407	81.93737831424166	21.541774193074936	13.323781990957054
60	20	0.6947368421052639	45.83976726724447	112.1977793646358	3.438274518382794	0.5989666268808027	18.44582913714465	419.8333816226957	25.991817785431305	102.5828703734914
-60	-5	0.7526315789473692	44.06956136504058	111.82631184225859	1.4023002888147733	0.5344488558573809	3.695286948591853	337.43668621659725	21.541774193074936	10.501946502971778
-60	40	0.7526315789473692	41.62960976357678	114.18344056136027	1.7441974482964293	0.5818340572057008	4.034523786110347	29.330591700378836	21.541774193074936	15.328673810894635
-60	2	0.7526315789473692	46.748388911265366	112.515301937651	1.455145271505916	0.5501237785438924	1.7690476507554027	211.58504030987757	21.541774193074936	11.740926516100652
-60	5	0.7526315789473692	47.14714874654172	112.70193715512322	1.4788484293470012	0.5554317857403098	1.727594397365032	158.87252746327547	21.541774193074936	12.1831145184066
-60	10	0.7526315789473692	47.0836155866845	112.94724918626993	1.509605823431884	0.5613551151593149	2.1279572063031362	114.51861006857146	21.541774193074936	12.649254463446225
-60	-2	0.7526315789473692	45.47481915632768	112.16837481286483	1.4193145122760507	0.5409369980056982	2.3721288103477463	275.0374715221352	21.541774193074936	10.968165947917184
30	5	0.6947368421052639	46.997265070488034	110.00383981386557	4.002522678393437	0.5528367011446691	37.55518995342598	817.1330721029676	108.46950087474609	175.89688342291146
-60	0	0.7526315789473692	46.211233988077346	112.35661509420362	1.4367445289484049	0.5456037901831338	1.9780438343388997	246.63138129065348	21.541774193074936	11.361749156323718
30	20	0.6947368421052639	42.44162634930142	113.70796145544561	2.7279012139956826	0.5761269631027884	66.18748053952986	190.47051085484532	108.46950087474609	112.49132827231344
-60	-40	0.7526315789473692	44.98220440822319	107.08453673292024	3.1426803016143694	0.5568270006644841	8.963598820178278	69.38642995178593	21.541774193074936	48.990740597351554
60	40	0.6947368421052639	39.783855952370715	114.26484666406567	2.485602156791395	0.6037878074652268	10.903396583885863	66.45790780926099	25.991817785431305	70.24622150365636
30	2	0.6947368421052639	43.89678403329359	108.99587265135779	4.231443788054833	0.5578262781328759	16.336678450256844	627.7004912289302	108.46950087474609	173.10481488274442
60	5	0.6947368421052639	42.31536780571703	109.08620628293974	4.328660118967414	0.602421731009124	3.2469807948951797	339.1562750234105	25.991817785431305	113.66087981308671
60	2	0.6947368421052639	40.47215165033242	108.52067803333149	4.434475025041475	0.6018499547227596	2.3202332289768663	308.8894217032863	25.991817785431305	110.83116048581311
60	0	0.6947368421052639	39.470477171336256	108.17455411495465	4.481189095484273	0.5996044523998167	2.21281678673141	270.4075526157725	25.991817785431305	108.93327672429858
60	-5	0.6947368421052639	38.293444627439555	107.6127629270171	4.507855809356869	0.593791126282101	2.5584841064776858	160.0098502872589	25.991817785431305	106.00261544530872
15	5	0.6947368421052639	51.51058257700235	111.23540017918073	3.4379236972776646	0.499467311258257	166.29432393069962	1198.2087206581568	222.31097728988945	177.714133869172
60	-20	0.6947368421052639	39.617161188059384	106.98360785183397	4.268620606502736	0.5835147430980465	5.341885437967282	84.46572941190044	25.991817785431305	104.57539572366338
60	-2	0.6947368421052639	38.79536685242146	107.90173687934532	4.504754533676854	0.5969898571843224	2.283173183925223	211.59563076462246	25.991817785431305	107.43933220730023
10	5	0.6947368421052639	51.08434956896438	111.88535616495048	3.061244170800437	0.4722109127750973	264.61226513505454	1178.188366884749	306.7059016969317	158.1947217545146
30	40	0.6947368421052639	39.55154312261802	114.47384942806269	2.2449226004913445	0.5912045587634015	22.977175869380034	18.091135050266598	108.46950087474609	88.58605443889422
60	-10	0.6947368421052639	38.23531222342253	107.3050634664202	4.462786643870869	0.5896158497446597	3.262881937349767	116.55153163443966	25.991817785431305	104.84182359263505
30	0	0.6947368421052639	41.63963035356458	108.32674631391873	4.3411543220265445	0.5578647392224296	12.065852363460044	503.2862539628849	108.46950087474609	168.1609099213531
60	-40	0.6947368421052639	42.8688856270957	106.80280155323051	3.883071211241881	0.5802893324119142	4.873388827506461	26.70473449357043	25.991817785431305	104.7750249527797
15	10	0.6947368421052639	46.075114324454816	113.07585075424834	2.8328770398448304	0.5250437081139324	166.0307747429782	504.53373603999836	222.31097728988945	132.3388051041128
30	-20	0.6947368421052639	42.88259879133505	106.89606530907051	3.9386850173983756	0.5633385046199036	20.62849769816418	54.647356463178795	108.46950087474609	158.35130901593365
15	2	0.6947368421052639	49.79474433747049	109.89473692448705	3.762140471984557	0.4885337545151876	112.68123771995613	1327.5446192827424	222.31097728988945	187.24768275292536
30	-2	0.6947368421052639	40.42145680395339	107.87563538902997	4.380660476582509	0.5575391106708619	11.957570360978123	334.08838461355884	108.46950087474609	164.61770919994842
30	-10	0.6947368421052639	40.57531248234038	107.14166265084032	4.229353195377771	0.5564301346669733	21.59000017152531	148.49306474765777	108.46950087474609	159.9049683854599
30	-5	0.6947368421052639	39.9038697916421	107.48291417270994	4.360327308878891	0.5570365244362122	14.68416866314014	224.3513325229382	108.46950087474609	161.79712271051488
15	0	0.6947368421052639	46.530114619714865	108.81909999718229	3.957526840959777	0.48996006522017116	90.64872426415495	1101.168304861243	222.31097728988945	183.770147016862
10	2	0.6947368421052639	52.001657695797164	110.31950237743283	3.4460738542905314	0.45135202528595914	219.54471230611685	1722.1168280020274	306.7059016969317	180.55478438354504
15	-2	0.6947368421052639	44.02858516385908	107.97216517272247	4.05427980155483	0.4993952539836508	68.43127607548313	617.5449878640782	222.31097728988945	178.11264712188247
30	-40	0.6947368421052639	44.15370231683228	106.82301879915366	3.73464092571202	0.5715291803039753	13.798842251078423	10.491865078371406	108.46950087474609	155.4236154043232
15	-10	0.6947368421052639	44.047161365944376	107.07428734479738	3.8769983910202828	0.5332982025638655	46.49285497496373	126.35372006667106	222.31097728988945	171.03163049967378
15	40	0.6947368421052639	39.61895659590676	114.51924993696726	2.118885919450369	0.5862197686020214	24.12385751206686	5.476176478296202	222.31097728988945	87.09876874010764
10	10	0.6947368421052639	44.27474184361989	113.61152993917169	2.502317911804009	0.5218335146922755	141.232196605595	278.43952125558855	306.7059016969317	113.11831358182519
15	-5	0.6947368421052639	43.31260604548887	107.41377307474045	4.01994905783155	0.5125276243506678	56.09199923236891	296.99434622785884	222.31097728988945	173.92716310603848
15	20	0.6947368421052639	40.94740125109135	114.25522473150801	2.3093485201869908	0.5664881279107904	56.71778225330367	46.09369508281377	222.31097728988945	97.34332723756553
5	5	0.6947368421052639	49.46392703662625	112.51694633578519	2.593279887334326	0.45378388871553205	253.46403438231283	918.1578343365571	313.75400038458673	129.74197854597733
5	2	0.6947368421052639	50.860883606916886	110.93455983550781	2.9565444207562175	0.40256668296996295	306.05700674224596	1883.518548229663	313.75400038458673	151.58475392116677
10	-2	0.6947368421052639	46.89911595702398	108.18427339531097	3.781081287599066	0.46584390548307925	116.69287018358996	873.0533689337742	306.7059016969317	178.42914578666947
10	0	0.6947368421052639	49.834207693430336	109.18917725136346	3.6306900382517537	0.44811095280181995	159.6872751023807	1373.2776652639677	306.7059016969317	182.06157088798398
5	0	0.6947368421052639	50.42192314623275	109.6613428024567	3.2285395713284455	0.4012014911535306	313.0342070464915	1811.0313638561622	313.75400038458673	163.93281627528472
15	-20	0.6947368421052639	44.76258207972828	106.90883124961132	3.7267964177464754	0.5548370493650842	29.907211435980848	22.990621007187645	222.31097728988945	167.56475577707593
10	-5	0.6947368421052639	45.259353819530546	107.45750769542857	3.819850944499875	0.4953927844690504	79.31573164751588	335.4575454100801	306.7059016969317	174.15088233642533
10	20	0.6947368421052639	40.81341582899126	114.32818413434389	2.1972345880599145	0.5640549798599716	51.76601984316058	26.63598909531641	306.7059016969317	92.31181562851162
10	40	0.6947368421052639	39.683144440715886	114.52134410273162	2.0794727393382484	0.5848510132376722	23.73261641544001	3.4354671434840363	306.7059016969317	85.29650578509896
15	-40	0.6947368421052639	44.786494243443826	106.84451429336829	3.6417469841830257	0.5674051319170833	18.372246669621813	4.068303508516361	222.31097728988945	164.12067780624355
2	0	0.6947368421052639	49.60123907816725	110.06618440388837	2.9117816305385835	0.3764873635049146	297.18618610864	1782.3527717029292	315.16884005788893	144.99171674638507
5	-2	0.6947368421052639	49.49149423268847	108.55463928546206	3.4443261422729874	0.43189460691926823	196.74126086027567	1225.0374164883501	313.75400038458673	171.67914073688516
2	2	0.6947368421052639	50.08947685646719	111.3285021732236	2.648208552146302	0.3925135968083515	285.3413477238611	1836.6409980259525	315.16884005788893	133.2527278333548
10	-10	0.6947368421052639	45.409052996455394	107.0908672358632	3.7314242550740016	0.5281695446098501	56.42989831299236	102.72102232247273	306.7059016969317	171.03098283482865
2	5	0.6947368421052639	48.47929834507008	112.81240340326714	2.329338584089903	0.4550933791861244	217.17076359767606	781.5245725348514	315.16884005788893	113.62588339338974
5	-5	0.6947368421052639	47.327224296085326	107.57341191506157	3.581957931560184	0.4801794434052656	115.28995376700804	435.4928524124598	313.75400038458673	170.8596990445967
5	10	0.6947368421052639	43.441500876055535	113.87579613711175	2.241294322034221	0.5206956789746027	111.28661105775025	152.71784735033114	313.75400038458673	98.96613093987149
2	-2	0.6947368421052639	49.69349855371245	108.85645474019047	3.1901050668953603	0.4077003027817451	290.5548895094167	1627.0858382960782	315.16884005788893	159.1379765714345
10	-20	0.6947368421052639	45.301972243068356	106.92624657543637	3.654156059230857	0.5519978467478726	33.34461536892253	16.274820652666225	306.7059016969317	167.3678935433357
10	-40	0.6947368421052639	44.97089112438377	106.85384399303435	3.6090345015472685	0.5661007933051381	19.687020469036003	2.781878235145539	306.7059016969317	164.2565184241961
2	10	0.6947368421052639	43.342014106105445	113.92850359269275	2.1170518583097215	0.5206239242035832	96.63582547864515	122.33928174151742	315.16884005788893	92.4888987289693
5	20	0.6947368421052639	40.8393515693502	114.35570017845774	2.0989538370552046	0.5620773548120234	46.94841133072737	17.05771300077017	313.75400038458673	87.39437268259645
5	-10	0.6947368421052639	46.59348262040695	107.13889729462335	3.5842685889122516	0.5227581913581218	67.17439771601502	84.31424221686902	313.75400038458673	168.49092054799388
5	40	0.6947368421052639	39.76740902285593	114.51712623336583	2.0418420047180934	0.5836418076152015	23.07390488681726	2.3780402061349966	313.75400038458673	82.91265837525629
0	2	0.6947368421052639	49.77141271933139	111.58301178120819	2.4527661305439055	0.39585074834505835	270.30102971015987	1802.27464276656	314.65562932839464	122.07763538729817
0	0	0.6947368421052639	49.21181456944289	110.33557492167868	2.7066806623174466	0.3703500008171832	284.2051512954341	1758.8375431164714	314.65562932839464	133.20066685266306
2	-5	0.6947368421052639	48.45781463039839	107.69098371280214	3.4158554718763052	0.4718005234532062	148.35262288435678	552.6214800801714	315.16884005788893	166.221945000941
5	-20	0.6947368421052639	45.76729691472717	106.95041417594645	3.5800776470572364	0.5491001442047263	36.86708942674921	12.70039676554206	313.75400038458673	165.41727221580007
0	-2	0.6947368421052639	49.27476935073334	109.12611647706431	2.9827434233185626	0.3916912056188121	293.2023992146355	1664.0816500574895	314.65562932839464	146.97399421643894
0	5	0.6947368421052639	47.928222502595	112.96532784992597	2.1744427526184533	0.4606695349374678	185.26908552173697	660.718874634221	314.65562932839464	104.21717606665237
2	20	0.6947368421052639	40.921371773801376	114.35363320621596	2.046099793430508	0.5611070714857662	44.07484743887191	14.877688132093132	315.16884005788893	84.47954156486372
5	-40	0.6947368421052639	45.13574168190675	106.86427695051776	3.575651036033436	0.564839528898516	20.77462416822359	2.0857639691500833	313.75400038458673	162.9975129389256
2	40	0.6947368421052639	39.82694195534406	114.51174244079161	2.020196448755113	0.5829945307050032	22.498824018196064	2.1619868752499074	315.16884005788893	81.21956126475082
-2	2	0.6947368421052639	49.632713590126926	111.8244989849804	2.269324696315797	0.4064836874168142	250.60305171744767	1735.5392115065247	300.265867373234	111.8600364191616
0	-5	0.6947368421052639	49.0460640852506	107.80038024249428	3.291989097839516	0.46579995265014296	174.27564749901097	651.0403081051217	314.65562932839464	161.4591082605832
2	-10	0.6947368421052639	47.16312710716924	107.18381063645833	3.494033661100882	0.519025037874388	75.21069821219707	86.62423258511485	315.16884005788893	165.54346766122794
-2	0	0.6947368421052639	48.968856054393726	110.60024462224771	2.5095528462519123	0.37213933523416126	270.1141142895604	1730.782642266382	300.265867373234	122.17908904433989
0	10	0.6947368421052639	43.4070042626753	113.929941756178	2.045412816850904	0.5207692353059834	88.43495983840744	114.5891368152609	314.65562932839464	88.78524285997788
2	-20	0.6947368421052639	46.00222699093435	106.96825501255553	3.5346716306329773	0.5473165603705188	39.10926649804132	12.535497090666341	315.16884005788893	163.38240535133951
-2	-2	0.6947368421052639	48.96330361587706	109.39783609176281	2.779256877644059	0.3835215085355998	281.4582557280488	1651.162601346825	300.265867373234	135.34334159057263
-2	-5	0.6947368421052639	49.36459439226502	107.94835829419684	3.155894959774686	0.458204554098124	204.05605397449372	816.7472451690135	300.265867373234	154.90517731887724
0	20	0.6947368421052639	41.0002982972816	114.34553439120502	2.013217131013868	0.5605476144958675	42.139716081208384	14.570092214554023	314.65562932839464	82.54250290876604
2	-40	0.6947368421052639	45.22378143032329	106.87105911634876	3.5553415388645075	0.564105403276612	21.35848032028851	2.0019629570441655	315.16884005788893	161.57836252734813
0	40	0.6947368421052639	39.87007624344273	114.50703928550487	2.006171826421354	0.582595820170709	22.019682085934534	2.1682868473742833	314.65562932839464	79.98622367686615
-5	-2	0.6947368421052639	48.753694590110875	109.79934750110425	2.4885346890758386	0.38564956482816654	261.01058668663865	1622.4182652928178	263.1788187611562	119.22489253760385
-5	0	0.6947368421052639	48.91889116395416	110.97890909681749	2.235059937093455	0.3884683704083274	246.77845546527254	1683.0551932970275	263.1788187611562	107.26433573381124
-2	5	0.6947368421052639	47.616871306573564	113.05405145595307	2.0477971151273087	0.4675203479121141	150.87841697455335	522.3176335505775	300.265867373234	96.67336384500379
0	-10	0.6947368421052639	47.46708357675549	107.22112613684426	3.4319387712478053	0.516257070597359	81.30541910612912	95.78955250978835	314.65562932839464	162.9041244851271
-5	2	0.6947368421052639	49.523239885556414	112.11073348304038	2.032894235711191	0.4298939145205398	198.0656480216185	1372.1002333229878	263.1788187611562	98.43688513593978
-5	-5	0.6947368421052639	49.19040622484673	108.26775700572705	2.9168939170967922	0.44347165070759	239.30640616106245	1141.605513058976	263.1788187611562	141.03593645019282
-2	10	0.6947368421052639	43.55881226425128	113.90940359530073	1.9814191838687143	0.5210430003826145	81.1122170273294	114.33576260834724	300.265867373234	85.46361010913333
0	-20	0.6947368421052639	46.137443294391275	106.98160541043171	3.5038821710176156	0.5461032769897413	40.643923269387436	13.446332061801169	314.65562932839464	161.66016497555384
-5	5	0.6947368421052639	47.509602620629074	113.09319725328383	1.9039921768954455	0.4784241963815858	112.61838930444766	404.4652191406186	263.1788187611562	88.13266437980232
-2	-10	0.6947368421052639	47.69902336847838	107.2651585017166	3.367427129960348	0.5132161720233775	88.25451006855482	113.33976924499802	300.265867373234	159.670801636142
-2	20	0.6947368421052639	41.09666689756212	114.3326087922852	1.9821024620590404	0.5600561297775701	40.42450512881201	15.246953044768397	300.265867373234	80.60492056721614
0	-40	0.6947368421052639	45.277524124746165	106.87579650019416	3.5416995450785587	0.5636263506842973	21.695970708058137	2.0963840226766832	314.65562932839464	160.35938659489696
-2	40	0.6947368421052639	39.915782631031625	114.50149245553193	1.9924793277826123	0.5822234098543699	21.62558108945763	2.327887315718994	300.265867373234	78.67186246122027
-10	-5	0.6947368421052639	48.04454622719757	108.93140417202208	2.5072347041189853	0.4280354380454189	202.7370069959602	1283.5378768802136	203.07703078002987	115.0578769137457
-5	10	0.6947368421052639	43.91995252069451	113.84511555911118	1.89760797591879	0.5216575570226253	71.8491992107218	124.3222139766493	263.1788187611562	81.02886700446557
-10	2	0.6947368421052639	49.24790130909996	112.34870549430718	1.765953675883715	0.469796575714454	104.6649467502854	924.1907080039955	203.07703078002987	81.63063977125094
-10	-2	0.6947368421052639	48.62535274647231	110.46115207470186	2.083013118441686	0.4137882956660742	189.585836758491	1491.7618397738045	203.07703078002987	96.25456093366977
-2	-20	0.6947368421052639	46.25379019360146	106.99617772834237	3.472593123114465	0.544867441439151	42.20207357156475	15.212929615427962	300.265867373234	159.64320446983442
-5	20	0.6947368421052639	41.27040978370362	114.30514179197843	1.938539237237073	0.5594422001578461	37.80999544104298	17.49761875360121	263.1788187611562	77.68758073173377
-5	-10	0.6947368421052639	47.887856515989625	107.34641708403552	3.2640350593609906	0.5080434918975362	100.12299842877624	158.9333691058292	263.1788187611562	153.5924228277772
-2	-40	0.6947368421052639	45.32707466969316	106.88070404690629	3.5279827083086883	0.5631560540967215	22.015448999491962	2.321109711777462	300.265867373234	158.92486878227962
-10	0	0.6947368421052639	49.44430104566028	111.51358880194105	1.8691888202334752	0.43953859429446396	149.89255469333892	1396.3277498700188	203.07703078002987	87.24281607906052
-5	40	0.6947368421052639	39.988802405379104	114.49168581591789	1.972575557531246	0.5817142054200102	20.88225387381194	2.760593679454421	263.1788187611562	76.55334679981704
-10	-10	0.6947368421052639	47.681076103503415	107.53940220480685	3.063739995472283	0.4974557984985654	122.86696294119551	306.1562079000878	203.07703078002987	139.74429900122226
-10	10	0.6947368421052639	44.703450394382216	113.68829329547219	1.7864568203969942	0.5239795369397208	55.78392375774581	136.85093856192563	203.07703078002987	74.58003745452092
-15	-2	0.6947368421052639	48.09699722155964	111.04965591811309	1.8068929143828236	0.4479651774327964	108.67096913423372	1269.0879172517252	154.6635536027069	78.36841095639002
-5	-20	0.6947368421052639	46.38964365298036	107.02048352854501	3.424539395589585	0.5429662600212503	44.59773515390434	19.85397884928131	263.1788187611562	156.06336010782707
-10	5	0.6947368421052639	47.77165200956203	113.03226799423526	1.746699783827983	0.4963600562090521	71.29593629000573	328.4585804667149	203.07703078002987	78.05751646179331
-15	2	0.6947368421052639	48.8017637014194	112.42718077073694	1.6364596127203235	0.49564063886889853	42.54490129036666	641.9302645752892	154.6635536027069	70.88052912745964
-15	-5	0.6947368421052639	46.92526418187917	109.6055465847428	2.159536921814613	0.4326945104660774	154.6635536027069	1278.2513218536672	154.6635536027069	92.62873082983403
-5	-40	0.6947368421052639	45.39311960033208	106.88837760222427	3.507279142503712	0.5624678267893299	22.421031585365828	2.912666299471656	263.1788187611562	156.37523820981428
-10	20	0.6947368421052639	41.62512525688684	114.24124432488321	1.873480868240777	0.5587273263727328	33.74233857927345	24.162613879170742	203.07703078002987	72.76057334960393
-10	40	0.6947368421052639	40.12088868902184	114.47177081170682	1.9411276899085415	0.5809965352638425	19.4972892049109	3.989548517085022	203.07703078002987	72.64884338666334
-15	10	0.6947368421052639	45.467728967532736	113.52311006669538	1.7052822064618085	0.5285862905677873	42.6154437513319	145.2736442749794	154.6635536027069	68.67299947123355
-15	5	0.6947368421052639	48.077175752167	112.92855671725502	1.6518843714129892	0.5119907503466237	43.82601402708468	302.4962034538304	154.6635536027069	70.34098599709502
-15	0	0.6947368421052639	48.677969278224374	111.85320794640894	1.6788539377573235	0.473229312549821	62.99165346800951	983.335659620671	154.6635536027069	72.97643526448302
-15	-10	0.6947368421052639	46.70374580154785	107.84720733744295	2.8097312937293655	0.4844498669564078	140.81702518700203	547.8337334919289	154.6635536027069	120.89765122813279
-30	-10	0.6947368421052639	43.41312206700761	109.21853911033772	2.0418012637989476	0.47779757215783236	82.76102606635597	878.0555676686158	85.522965133938	66.39398751094993
-10	-20	0.6947368421052639	46.500326881043854	107.06837707696894	3.3406324912149934	0.5396554010672133	48.574700384912255	33.783168711927246	203.07703078002987	148.62297768383738
-15	20	0.6947368421052639	42.04206903369999	114.15974253054561	1.8167523766227762	0.558366965994614	29.902347269925293	33.47881870475379	154.6635536027069	67.70169060772525
-10	-40	0.6947368421052639	45.479835924311836	106.90198035561772	3.4724856233612615	0.5613715225923434	22.84539615541635	4.618983046015253	203.07703078002987	151.09536771805114
-15	40	0.6947368421052639	40.26316397033901	114.44809006648397	1.9118528003042212	0.5804401926709681	17.96620462090444	5.753682999685557	154.6635536027069	68.30561293318877
-30	-20	0.6947368421052639	45.14787979770831	107.41196704322866	2.920742277488857	0.5250524072530058	58.60051849200415	204.8622660875033	85.522965133938	102.34621660787367
-15	-20	0.6947368421052639	46.44660959421657	107.12755485327068	3.2503578070054684	0.5361562843173685	52.305153348689814	57.275346804511045	154.6635536027069	139.37870891135597
-30	-5	0.6947368421052639	44.86848449662399	111.05125081079984	1.5927086398822512	0.4859633179344706	38.698447354617386	832.4824627041221	85.522965133938	50.98605486307748
-30	-2	0.6947368421052639	46.06841194866027	111.8581509193001	1.4983211001070191	0.5052307053610845	17.023375287616688	596.9493109763675	85.522965133938	48.14005237050245
-30	10	0.6947368421052639	46.83991513694483	113.15855292978388	1.5744036994311854	0.545216523030596	14.581908552061094	144.22880569262824	85.522965133938	51.09603985795645
-30	20	0.6947368421052639	43.47600584141705	113.85779476677993	1.6862717222769588	0.5590777723997309	19.680880790418122	69.1603071831158	85.522965133938	51.33713127074937
-30	5	0.6947368421052639	47.806877277758936	112.77511006662635	1.5358220014395956	0.5362719218574032	8.762025591598569	223.04782768723297	85.522965133938	50.76731375538406
30	10	0.6368421052631585	47.193756750405605	111.58741283326314	3.581722301645962	0.5532637277164468	76.82230503754629	797.149193597872	108.46950087474609	159.44384130978452
-30	2	0.6947368421052639	47.58373177275907	112.48656342185933	1.5097344321528041	0.5265846738561168	7.582208516686609	335.76625930222104	85.522965133938	49.68579233892951
-15	-40	0.6947368421052639	45.53560918365575	106.91655534906035	3.4374218681318336	0.5603466358909396	22.956695398309357	7.292562251152835	154.6635536027069	144.58767969230468
-30	0	0.6947368421052639	46.87241158019547	112.23039361588884	1.491076441382965	0.5176500930649344	9.552059916692707	431.5148453238088	85.522965133938	48.39506330887739
-30	40	0.6947368421052639	40.71738672969626	114.36290503401017	1.836969563499981	0.5796977293850547	12.964371282598455	13.198711758475724	85.522965133938	52.97386751045427
60	20	0.6368421052631585	45.29465536502786	112.22857045745924	3.4421271841800842	0.5994434872034551	18.7225511790743	426.64252387456185	25.991817785431305	101.46894563581384
-30	-40	0.6947368421052639	45.508675742627084	106.96535747222619	3.331944757594284	0.5578219135692343	21.109362156595157	21.54117416497154	85.522965133938	118.62463657116314
-60	20	0.6947368421052639	45.24517344619572	113.42867591350948	1.5640386852373158	0.5687037157922525	3.8835729900688265	83.21778722647565	21.541774193074936	13.09881603418031
60	10	0.6368421052631585	44.439812819879876	110.10921895382363	4.10316059471327	0.5969245337918645	9.386842895333345	593.3784484369274	25.991817785431305	114.14508609082024
30	5	0.6368421052631585	45.220453905108705	109.93144521997073	4.06406325325466	0.5519938836269858	38.16407610174617	840.628405286849	108.46950087474609	171.63780348160802
-60	40	0.6947368421052639	41.45300264261232	114.2018998535884	1.741640796697288	0.58185824651112	4.013992464751442	29.185027031987765	21.541774193074936	15.209785481915377
-60	10	0.6947368421052639	46.7288892347746	112.96867157978451	1.4994698426733992	0.5610657322995012	2.151076888227145	116.52874184267729	21.541774193074936	12.328844714039683
-60	-10	0.6947368421052639	41.696097514294316	110.85348312484078	1.4845212492536874	0.523479132120079	9.44517520813486	600.1977089875197	21.541774193074936	12.046602906446886
-60	-20	0.6947368421052639	40.513833938264945	108.42577599864254	2.1805088605163983	0.5263163827319487	19.22422932666867	446.68080842543685	21.541774193074936	25.704045388535626
-60	-2	0.6947368421052639	44.99664521277054	112.17124634694856	1.4040956322659182	0.5402967328625288	2.3825812473883987	277.575977109705	21.541774193074936	10.535384914932607
-60	-5	0.6947368421052639	43.557983005981114	111.8235945166995	1.386345163156306	0.5339376305865801	3.599938817649378	330.32362792631517	21.541774193074936	10.051833463251182
-60	2	0.6947368421052639	46.31604233119414	112.52670869092822	1.4413084756913352	0.5495431431097785	1.7844556213602594	215.84125228686335	21.541774193074936	11.335199019346064
-60	5	0.6947368421052639	46.75152061951318	112.71856036733814	1.4665196448401376	0.5549974974147799	1.746391228513363	162.34404470005052	21.541774193074936	11.81027052227616
-60	-40	0.6947368421052639	44.74881924547093	107.06809485560031	3.1427800862634854	0.556668127357398	9.015692440021672	69.73713371096666	21.541774193074936	48.74494712805239
-60	0	0.6947368421052639	45.75425126794955	112.3638256590798	1.4220791035752078	0.5449662896400077	1.9906242296516934	249.8979058559926	21.541774193074936	10.939150623435106
60	5	0.6368421052631585	41.780383509709516	109.04280042765528	4.35114668301049	0.6029820297825643	3.221897203462347	338.12369990325095	25.991817785431305	112.71391106754187
60	40	0.6368421052631585	39.54694583972807	114.28994829459093	2.481610686645949	0.6039377866385431	10.850919767068241	66.07195305816109	25.991817785431305	69.75412146832336
30	20	0.6368421052631585	41.416733392382454	113.81334738218742	2.7114333067336815	0.5763901351215075	65.05220161009773	187.01267359832468	108.46950087474609	109.18963427619659
60	2	0.6368421052631585	39.95878210857816	108.47300938651095	4.456566470819985	0.6021928393549948	2.298689452196468	306.1980284392079	25.991817785431305	109.87856043462293
15	5	0.6368421052631585	48.21565471523768	111.2998734734445	3.482364119562556	0.4900332978578235	181.55625837324482	1296.3932305986048	222.31097728988945	168.2984491282223
60	0	0.6368421052631585	38.98411286788573	108.12823628835245	4.502255256712808	0.5997828065569103	2.1964835846784174	264.2239015131173	25.991817785431305	108.00762007817526
60	-2	0.6368421052631585	38.346202465099815	107.86120986800738	4.524395745619073	0.5971570405104315	2.2612047926714833	206.44016089269957	25.991817785431305	106.5775576991366
60	-5	0.6368421052631585	37.883909928708896	107.57826426394485	4.526046132160502	0.5939450212918191	2.5318406170264027	156.49644289736935	25.991817785431305	105.21856470237279
30	2	0.6368421052631585	42.24261727419134	108.86068857021678	4.29878956469343	0.5578487447192453	16.963766552064968	652.0445513132188	108.46950087474609	169.04588656942826
60	-20	0.6368421052631585	39.30201465299977	106.96354284816192	4.283771770283132	0.5836203736618956	5.278765323297746	83.16682721100203	25.991817785431305	104.044850450558
15	10	0.6368421052631585	43.66949138132903	113.30319327525483	2.798630512035865	0.5232950657139426	164.413554363988	514.056599467187	222.31097728988945	123.96494410508146
30	0	0.6368421052631585	40.12592086544215	108.18609153134393	4.405180919676562	0.5580401805140232	11.717219159924937	462.43673128614023	108.46950087474609	164.27626937322415
30	40	0.6368421052631585	39.171580211487466	114.51421350121456	2.2384240479805144	0.5913419601720518	22.74635815289112	17.896433463674715	108.46950087474609	87.51726476835692
60	-40	0.6368421052631585	42.69397437580353	106.78980888671313	3.8894304528306107	0.5802789747785555	4.895219019529435	26.849679883917467	25.991817785431305	104.48289538761696
15	2	0.6368421052631585	46.219329799620496	109.75564306744629	3.8658666235723147	0.4800176838972448	123.43417422206434	1404.3684393964982	222.31097728988945	178.33165134109012
30	-10	0.6368421052631585	39.57451463347295	107.0758907363887	4.2757308810656784	0.556501522839447	21.10795389224008	142.44040231792894	108.46950087474609	157.5517751657338
60	-10	0.6368421052631585	37.86938493878837	107.27715360797667	4.479482070190539	0.5897503916200423	3.2324888489453376	114.4982400768483	25.991817785431305	104.15898043817204
30	-2	0.6368421052631585	39.09792824343674	107.76348639402455	4.437679942000279	0.5576722172689103	11.617565664225197	311.4044735303868	108.46950087474609	161.16086544737018
30	-20	0.6368421052631585	42.21200756747962	106.84962385850102	3.9654936577615714	0.5628988515423411	21.01452748067643	55.73296769145822	108.46950087474609	156.84579188611858
30	-5	0.6368421052631585	38.74613593241542	107.39473703926373	4.41169367204743	0.5571517145344466	14.188988526041944	211.37659987931153	108.46950087474609	158.8287280828398
10	5	0.6368421052631585	47.12615548968554	112.07083674536146	3.0579073652885618	0.4578526544698025	268.413551434345	1287.8512765281737	306.7059016969317	145.66488062765805
15	0	0.6368421052631585	43.1764956238312	108.58006443920766	4.082628942432345	0.48654257951883917	89.790453263753	1091.4210366512407	222.31097728988945	175.70429740063156
15	-2	0.6368421052631585	41.31169453214825	107.76677902625097	4.165072119771808	0.49825089781754506	67.97071783666664	553.9666353256771	222.31097728988945	171.53059878835222
30	-40	0.6368421052631585	43.83817725449842	106.79806708094185	3.7439932340995883	0.5714161958312373	13.924583243048113	10.592058580266414	108.46950087474609	154.6655323637844
10	-2	0.6368421052631585	43.40971130559052	107.92116070069044	3.896928060533048	0.45971855657230776	125.02293738530459	800.7848598647721	306.7059016969317	170.05989930005123
10	2	0.6368421052631585	47.39806028210629	110.25854564273926	3.5098024006160777	0.4296784168037412	257.44070171949835	1802.533358039031	306.7059016969317	167.3669820878976
10	0	0.6368421052631585	45.6422909146416	108.98638688626103	3.732977331434856	0.43335312055909075	185.95470086556955	1440.8478815574506	306.7059016969317	171.22778452824414
10	10	0.6368421052631585	41.9879325989975	113.83959200358312	2.4633724185165673	0.5203539437531188	134.4455941405664	269.5132185611131	306.7059016969317	105.65451907337176
15	-5	0.6368421052631585	41.22165128158445	107.26851090094239	4.10425689484236	0.510501966624556	57.209996364777595	277.1359413509122	222.31097728988945	168.86595223657721
15	20	0.6368421052631585	39.93544071282794	114.36134938994105	2.2917292469019785	0.5664957812049509	55.24025878733631	45.02929155143481	222.31097728988945	94.25803781701372
10	-5	0.6368421052631585	42.77226347816161	107.28424082725303	3.904707593344763	0.49032863736365173	82.75008923663599	311.50286406386635	306.7059016969317	168.11770692121226
5	2	0.6368421052631585	45.90713472143367	110.96355875896963	2.9483341761510116	0.3715121117376678	300.6691154589103	1862.089125159792	313.75400038458673	136.3209743577339
15	40	0.6368421052631585	39.214916706670806	114.56204999564243	2.112101896943871	0.5863234392738391	23.850245650614546	5.420776676453399	222.31097728988945	85.95460506550745
15	-10	0.6368421052631585	42.57577229009827	106.97375257765025	3.932568206921243	0.5310596073331034	47.65682715678773	124.48177942178879	222.31097728988945	167.57898630727414
5	-2	0.6368421052631585	45.25559243077761	108.32788475807457	3.516856769146033	0.41313875255638866	225.41357104390585	1329.0295915206007	313.75400038458673	160.1813313751006
5	0	0.6368421052631585	45.54431624071463	109.57207777709917	3.248506871669155	0.37095785690928196	310.7948622101122	1789.3453213951439	313.75400038458673	148.86052414497215
5	5	0.6368421052631585	45.42242676527449	112.79587110880348	2.5476652479598605	0.44119767679415517	251.64843940783712	1046.092331555583	313.75400038458673	117.02740882385305
15	-20	0.6368421052631585	43.97031220550282	106.84739862213905	3.7507769555843904	0.5540888405552954	30.593800766263833	23.47120280510795	222.31097728988945	165.60895173784397
10	20	0.6368421052631585	39.82369662376925	114.43180225181756	2.1802169427545492	0.5640057886614012	50.3596521758234	26.106705399080504	306.7059016969317	89.40551811487585
15	-40	0.6368421052631585	44.423052441288355	106.81510909277485	3.650931370215327	0.5672260687840838	18.580431793549128	4.109432710905278	222.31097728988945	163.18087816730323
10	40	0.6368421052631585	39.27769605317246	114.56424072670366	2.0727259785091534	0.5849436007644826	23.455934974147727	3.4057070457310514	306.7059016969317	84.16467930729057
2	-2	0.6368421052631585	45.0485648934202	108.7095319303599	3.2107325451569158	0.3799375327220662	299.76378261303404	1635.0453675110457	315.16884005788893	145.14811055268137
10	-10	0.6368421052631585	43.816804607738455	106.97626448196795	3.7825327767383765	0.5251340289205786	58.98076850107119	106.13472911775149	306.7059016969317	167.21615100879228
2	0	0.6368421052631585	44.824375155343816	110.0191163116704	2.9039859057323976	0.34510769099161487	291.4070681158867	1754.8797870999538	315.16884005788893	130.6299266032346
2	2	0.6368421052631585	45.25403863289601	111.3953997245325	2.614714578766881	0.361905374006304	278.05464579579694	1811.8179133293365	315.16884005788893	118.82588610038088
2	-5	0.6368421052631585	45.212296343702626	107.4867251372181	3.478517373689792	0.459170225555662	157.8530750402857	541.3501092429002	315.16884005788893	157.90047107843674
5	10	0.6368421052631585	41.32364909800724	114.08821337492068	2.2051944984745626	0.5192926681028427	105.27687674551932	148.8405667118295	313.75400038458673	92.65020011449172
2	5	0.6368421052631585	44.647250121124216	113.11174266357848	2.2657884019014447	0.4447781258427484	213.4203966391434	868.5015103088139	315.16884005788893	101.79263521996847
5	-5	0.6368421052631585	44.38931341035918	107.37620952568858	3.657299240176344	0.4707891098700664	122.00355548892946	411.13166320173843	313.75400038458673	163.5486116390273
10	-20	0.6368421052631585	44.47423251864289	106.86064292369502	3.6763925293705038	0.5511392287847011	34.15300989403449	16.575627829650315	306.7059016969317	165.2771081469434
5	20	0.6368421052631585	39.87680677115224	114.45620121866051	2.0827449694441396	0.5619865580869647	45.653576554638335	16.821988123637155	313.75400038458673	84.69035631568639
5	40	0.6368421052631585	39.363618732645456	114.55979310600648	2.0351899502795705	0.5837239863601631	22.804775590878172	2.363719606197442	313.75400038458673	81.81020929757646
10	-40	0.6368421052631585	44.59570581142929	106.82334571408173	3.6179273136703554	0.5659005935604604	19.902992717816197	2.804810127147058	306.7059016969317	163.27515717761125
2	10	0.6368421052631585	41.31892949521539	114.13121422674733	2.083381383398956	0.5192803078492072	91.36526859738585	119.83999197776461	315.16884005788893	86.77945631622555
5	-10	0.6368421052631585	44.90629116600603	107.01130315015595	3.626876007146598	0.5192353976581177	70.43841466102835	86.68348376652999	313.75400038458673	164.2819870619183
0	-2	0.6368421052631585	44.67968757366849	109.0079107099535	2.984864877712359	0.3628690989364496	288.28871963689056	1626.1826967313561	314.65562932839464	133.3628301858044
0	2	0.6368421052631585	45.02963269108952	111.67134539797554	2.405392221121585	0.3663339703076742	260.9002081230766	1771.8010083052177	314.65562932839464	108.31392819510894
0	0	0.6368421052631585	44.513712045713554	110.3151044613154	2.6823474400873613	0.339161237369385	277.41698400533227	1728.613645882598	314.65562932839464	119.40124155460569
5	-20	0.6368421052631585	44.90669278394999	106.88131046214926	3.6001598737455835	0.54812817999895	37.802339744762264	12.875800481403164	313.75400038458673	163.2013712366032
2	20	0.6368421052631585	39.976981098664105	114.45206554461332	2.030432501191988	0.5609980499074577	42.87254988438634	14.718282196900413	315.16884005788893	81.90380611623218
5	-40	0.6368421052631585	44.751147510465316	106.83292301369674	3.584144384993197	0.5646193901821606	21.010323484843997	2.098380972405109	313.75400038458673	161.98642031050144
0	5	0.6368421052631585	44.36828431696606	113.24565452180528	2.110357717769845	0.45107667300412424	173.8375511913961	677.960807784287	314.65562932839464	93.6329512325161
-2	-2	0.6368421052631585	44.43969660415236	109.30609423966415	2.765363901451755	0.3545183711069103	275.13020467697186	1612.4732462754828	300.265867373234	122.26723962391016
2	40	0.6368421052631585	39.42554093898216	114.55412440491286	2.013625368744622	0.5830708455126621	22.242456880346875	2.1517766802271505	315.16884005788893	80.14217378654784
-2	0	0.6368421052631585	44.359274600982275	110.6041044650642	2.4709171265308267	0.34177011713058464	261.4551963231629	1696.9581874849089	300.265867373234	109.01222113543302
0	-5	0.6368421052631585	45.61031437867652	107.59617905942446	3.340394922985237	0.4511571979671212	189.63536229540983	683.4414308849441	314.65562932839464	152.3564625862916
-2	2	0.6368421052631585	45.00065327187165	111.9300173890522	2.2111785196673535	0.3785090652602416	242.477396204466	1725.0388512424252	300.265867373234	98.84941390240775
2	-10	0.6368421052631585	45.414326628566315	107.05022728491102	3.5307116556423987	0.5151597731059053	78.98878900499322	88.77341335103556	315.16884005788893	161.06371044325414
0	10	0.6368421052631585	41.442785772566054	114.12653771270651	2.0133768067049695	0.519468768997651	83.46033763389015	112.33852058433418	314.65562932839464	83.4399436797272
2	-20	0.6368421052631585	45.12320986766927	106.89744858561338	3.553256148608562	0.5462756576916722	40.118630070795675	12.68107985412184	315.16884005788893	161.09691408273767
-2	5	0.6368421052631585	44.347969086318535	113.30622064533708	1.987504905246999	0.4582445740442857	142.09620084823206	547.8050934247543	300.265867373234	87.37887737264994
-2	-5	0.6368421052631585	45.776435609930864	107.75047736595842	3.1836633078955967	0.4420058637505042	220.71842371851247	853.1789929811036	300.265867373234	144.94184219713057
0	20	0.6368421052631585	40.06862993392775	114.44252807825818	1.9979211603147333	0.5604289284947457	41.08543058759765	14.510777863388947	314.65562932839464	80.05396360981459
0	-10	0.6368421052631585	45.67475071225137	107.08455217554246	3.4641891796494906	0.5121378275400006	85.42970467097105	98.06734593597687	314.65562932839464	158.22597720056905
2	-40	0.6368421052631585	44.83473452441297	106.83931662107277	3.5635475924416995	0.563874197812799	21.60215106149185	2.0116104814484363	315.16884005788893	160.55568168220452
0	40	0.6368421052631585	39.470825567360926	114.54917289082866	1.9996638491354934	0.5826684068659754	21.848544357729054	2.1808987354039955	314.65562932839464	78.9283829825846
-5	2	0.6368421052631585	45.28877905961694	112.25511374379825	1.9603084123144732	0.40721642824979765	197.6953934514142	1482.04339109587	263.1788187611562	86.83478457563956
-2	10	0.6368421052631585	41.650051128550714	114.1002359999804	1.9509629396874568	0.5197885799475157	76.80724766194298	112.1220518489702	300.265867373234	80.45265927430232
-5	-2	0.6368421052631585	44.35462862092417	109.74429011242763	2.4543339343598296	0.35747718820269236	254.2839300447815	1586.568669197543	263.1788187611562	107.06489970202894
0	-20	0.6368421052631585	45.24671880880572	106.90985580585244	3.5213785258917705	0.545016144044995	41.71938094624317	13.602358185932603	314.65562932839464	159.33082398039173
-2	-10	0.6368421052631585	45.86103042664894	107.12660187819752	3.3947762150396743	0.5088204239961175	92.68945821523008	116.07888063227547	300.265867373234	154.77871364019327
-5	-5	0.6368421052631585	45.44805643423778	108.10034882709375	2.9103626158499143	0.42523327024776386	245.2359974565074	1176.2465130396565	263.1788187611562	130.08262177026222
-5	0	0.6368421052631585	44.46120967399299	111.01273857399582	2.1803400017388825	0.36014377595706554	236.05456387282825	1644.4306162261653	263.1788187611562	95.17609085294582
0	-40	0.6368421052631585	44.88602328934848	106.84384974353374	3.549695500085561	0.563388214855013	21.914166407746333	2.0924357320510594	314.65562932839464	159.33171488693597
-2	40	0.6368421052631585	39.51912283352239	114.5433317654579	1.9860419268219522	0.5822924641728358	21.373703021436743	2.317684707162493	300.265867373234	77.63572661216682
-2	20	0.6368421052631585	40.17820052485526	114.42812084860124	1.9671845558317802	0.5599299417286473	39.335972242283674	15.094803074366498	300.265867373234	78.20465458746969
-10	-2	0.6368421052631585	44.769914719805044	110.43770389205392	2.019129291831244	0.3927418198940814	191.96384338657995	1469.7786495128257	203.07703078002987	85.96966510845138
-10	-5	0.6368421052631585	44.566964960745814	108.81668567782258	2.466607846197549	0.41175361911338026	203.07703078002987	1274.2222741698604	203.07703078002987	105.07260367714001
-5	5	0.6368421052631585	44.619909413277384	113.30931119460074	1.8490916034049647	0.4697410619184795	107.15484198766417	435.544650280165	263.1788187611562	80.36557120729299
-2	-20	0.6368421052631585	45.35184177423501	106.92365512192862	3.488927193159634	0.5437340375365937	43.31977428423552	15.385526207560565	300.265867373234	157.2722864711479
-10	2	0.6368421052631585	45.979153636168675	112.49578035089274	1.6925826316174137	0.4557836273015537	105.35747539726042	959.8207423991162	203.07703078002987	73.00213684826905
-5	10	0.6368421052631585	42.08865243371369	114.02793135254365	1.8693696164036462	0.5204753298681274	68.18094222119566	121.63154035794385	263.1788187611562	76.4706068876253
-2	-40	0.6368421052631585	44.93353441841409	106.84859777219597	3.5357541041407576	0.5629113136436537	22.279022551068202	2.331880944190763	300.265867373234	157.89441329738048
-5	-10	0.6368421052631585	45.97727934991874	107.20728549022789	3.2829255143793223	0.5031883403585907	105.03441072093126	163.10079381256048	263.1788187611562	148.3492430206214
-10	5	0.6368421052631585	45.39774211097459	113.2019260000755	1.698418237656013	0.4890202237937119	69.76954259292634	358.38918416876527	203.07703078002987	72.07790333706089
-5	40	0.6368421052631585	39.596840178835464	114.5329994867838	1.966257846729503	0.5817783210931212	20.63690418773312	2.746635437518916	263.1788187611562	75.5535555230516
-5	20	0.6368421052631585	40.37258794088199	114.39835634159861	1.9241947466027232	0.5593073789102433	36.814195396946964	17.29688104948768	263.1788187611562	75.42107131336383
-10	-10	0.6368421052631585	45.64203285479262	107.40828445577158	3.064727876535759	0.49173513781303985	128.21651830270284	314.5014728419181	203.07703078002987	133.8579892258635
-10	0	0.6368421052631585	45.61524124321233	111.57956712732953	1.7939730413271582	0.41947160326517224	168.12023332734225	1456.1136140753927	203.07703078002987	77.26665726964964
-10	10	0.6368421052631585	43.034949990572336	113.85045725435467	1.760119186636062	0.5224793019600664	54.40513055139246	140.93266476836092	203.07703078002987	70.69142268297072
-5	-20	0.6368421052631585	45.47183464080907	106.94715360043521	3.438986186910405	0.5417638094050921	45.763308666731994	20.10138358428823	263.1788187611562	153.63486825335116
-5	-40	0.6368421052631585	44.99733025628009	106.85611937268867	3.514688894839304	0.562213989915952	22.674153006814336	2.927445205656734	263.1788187611562	155.34492511297
-10	20	0.6368421052631585	40.76383436690508	114.33045094356103	1.8600971408134612	0.5585854837691279	32.884796280441634	23.8089817435172	203.07703078002987	70.71876034601523
-15	-2	0.6368421052631585	45.030685852047064	111.05526160448812	1.7318723134029976	0.4356837156416964	113.89967497798625	1280.3027844618648	154.6635536027069	70.25223574883447
-15	-10	0.6368421052631585	44.565529292214975	107.73687319021806	2.789457278879959	0.47815704828603023	142.02564086326907	542.8146330066387	154.6635536027069	114.56249714815388
-10	40	0.6368421052631585	39.738769315731	114.5120001474097	1.9350382213472719	0.5810532312916175	19.27260434173499	3.963109481313104	203.07703078002987	71.71821838322201
-15	-5	0.6368421052631585	43.87071489368475	109.53356620847896	2.1014863828412436	0.4205409778664331	154.0192792030861	1251.6341460345884	154.6635536027069	84.27722074651767
-15	2	0.6368421052631585	46.33915862321828	112.53642087908509	1.5680432363125871	0.4882349034568922	44.58169532568208	659.3340570190612	154.6635536027069	64.33028909931181
-15	5	0.6368421052631585	46.137876489387516	113.05948741352711	1.6081712381879547	0.5062938798031854	44.71388286815392	327.0719807111664	154.6635536027069	65.62354578714327
-15	10	0.6368421052631585	43.9881347175928	113.66043731173971	1.680089892236833	0.5266983178607165	42.046838886621195	150.89200143658948	154.6635536027069	65.38935910418432
-15	0	0.6368421052631585	45.92868659393807	111.91927788236299	1.60269202272396	0.4635071512701623	65.60427267044166	994.7298874601678	154.6635536027069	65.59154445277437
-10	-20	0.6368421052631585	45.55906947166164	106.99477524665927	3.3515338216158828	0.5383413525490629	49.83718059545858	34.29958479670424	203.07703078002987	146.11406336185232
-30	-10	0.6368421052631585	41.65170986286221	109.15868594946917	2.0020656158114885	0.4749102979890652	81.23878599655404	862.455408753042	85.522965133938	62.32697446766853
-15	20	0.6368421052631585	41.21981038073922	114.24473418896012	1.8043201742244916	0.5582256000723369	29.175864496940388	32.91899330007935	154.6635536027069	65.88409770363072
-30	-5	0.6368421052631585	43.16844308502421	111.04768539457726	1.541616904267537	0.48279439652762224	38.65289710391446	822.8939245441812	85.522965133938	47.212557965055424
-15	40	0.6368421052631585	39.89329113286733	114.4869881099883	1.9060250284729865	0.5804905679070698	17.768161818195075	5.709758558368177	154.6635536027069	67.45304416519876
-10	-40	0.6368421052631585	45.08255234100483	106.86971123779546	3.4792342649144894	0.5611050132830705	23.11704043555339	4.650390157103329	203.07703078002987	150.077202658328
-30	-2	0.6368421052631585	44.544863680877725	111.88111957338371	1.4491948617737893	0.5027670805347862	16.828969062364806	588.1252748551491	85.522965133938	44.70772081890451
-30	-20	0.6368421052631585	44.17576794400412	107.35510820376761	2.9126384483817995	0.523477331669567	59.66618284271382	207.7180573153502	85.522965133938	99.86728490489855
-15	-20	0.6368421052631585	45.48643808753979	107.05525054848424	3.2571890648030872	0.534739641681178	53.5998278471832	58.23633107188813	154.6635536027069	136.81421015832342
-30	5	0.6368421052631585	46.733443148531094	112.83122903037462	1.5047962987815344	0.5342008624855525	9.122929482794872	235.8523603337868	85.522965133938	48.42011811904797
-30	10	0.6368421052631585	45.89911761036862	113.23118849666517	1.5526380446153478	0.5438289872028892	15.226087900895507	151.16863187482775	85.522965133938	49.23641931488315
-30	20	0.6368421052631585	42.78628330809612	113.9287092307528	1.6765473799483492	0.5589534308849428	19.368475871977715	68.56787742928442	85.522965133938	50.16503057067975
30	10	0.5789473684210532	45.44514826734563	111.63836165962262	3.6095810168122817	0.5522102744830597	80.27224496561799	831.3431983624383	108.46950087474609	154.60866601399707
-30	0	0.6368421052631585	45.583185898724615	112.25051264536778	1.4513949363581995	0.5143190641487961	9.279295956190502	423.3209800891618	85.522965133938	45.57340163816574
-30	2	0.6368421052631585	46.374827622607846	112.5234508391854	1.4726106330798288	0.5237298855650383	7.821265357687332	351.16698420717046	85.522965133938	46.99872094781679
-30	40	0.6368421052631585	40.39715708749518	114.39649504081001	1.8320865275516178	0.5797349868182464	12.838396629076394	13.08911863516432	85.522965133938	52.3856590556003
-15	-40	0.6368421052631585	45.139766903319234	106.88458782819649	3.4434487939344898	0.5600710054641337	23.221517496628906	7.350571052492143	154.6635536027069	143.59677929676602
-30	-40	0.6368421052631585	45.136205372582	106.9362052799527	3.33562334295838	0.5575445811647307	21.325111725988982	21.72219188855208	85.522965133938	117.80379266672219
-60	20	0.6368421052631585	44.93634869299257	113.45604276945035	1.5578684997617864	0.568562102483251	3.9368313874761065	84.50499032592	21.541774193074936	12.876287182169161
-60	-10	0.6368421052631585	41.06136467463527	110.84936330715288	1.4646608517654196	0.5230654170071856	9.437583370006381	597.7067038283211	21.541774193074936	11.470183724270084
60	10	0.5789473684210532	43.806179828683085	110.09200293353261	4.124344922563391	0.5974544105343378	9.412690714421736	599.6502432513076	25.991817785431305	113.00168372024076
60	20	0.5789473684210532	44.74661921372858	112.25979636567709	3.4458906284512496	0.599935228292908	19.003007546668215	433.53540692066565	25.991817785431305	100.34449327092378
-60	10	0.6368421052631585	46.37179045684643	112.99032369066376	1.4893158596916916	0.5607719874544201	2.1799969786140094	118.71914312881616	21.541774193074936	12.010995935401501
-60	40	0.6368421052631585	41.276712479211	114.22035422082367	1.7390845232584173	0.581882320374117	3.9936417292786515	29.041550338982244	21.541774193074936	15.091483891536914
-60	-20	0.6368421052631585	39.96112325132001	108.40612963196953	2.1669259902992875	0.526062444276547	19.016021426086912	440.57930384509245	21.541774193074936	25.090772261529896
15	5	0.5789473684210532	44.78159194047341	111.36984220037029	3.5248158793995032	0.4795976880476212	196.93313891284154	1393.1086683072351	222.31097728988945	158.02705975891192
-60	-5	0.6368421052631585	43.047138802561726	111.82002423600888	1.3705172130733339	0.5334047325410756	3.517878583478401	324.624194675756	21.541774193074936	9.613138854381988
-60	5	0.6368421052631585	46.35284987669419	112.73524763624188	1.4541336660130775	0.554555022743293	1.7655760273143888	165.8515954656133	21.541774193074936	11.440258599740586
-60	2	0.6368421052631585	45.88031327435194	112.53801000753727	1.4273967409160557	0.5489532296117062	1.7998281051709462	219.937397806006	21.541774193074936	10.932862432800919
-60	-2	0.6368421052631585	44.51594581762069	112.17391730145432	1.3888291223809999	0.5396562814265442	2.392644797129754	280.04252724445087	21.541774193074936	10.107724424889627
30	5	0.5789473684210532	43.426440756308246	109.85555959392748	4.126596094197987	0.5510690010133954	38.64299069974385	863.4448497253459	108.46950087474609	167.16016288800492
60	5	0.5789473684210532	41.246295112124294	108.99854363236956	4.373715634901537	0.6035406282901201	3.2199001244387717	338.9644561450316	25.991817785431305	111.7584589784225
-60	-40	0.6368421052631585	44.514950485689226	107.05165848393122	3.1428501251960133	0.5565084692578309	9.067690626563596	70.09074381785607	21.541774193074936	48.497907464857796
-60	0	0.6368421052631585	45.29432874984639	112.3708919114287	1.4073522183265708	0.5443250897915692	2.0031438616873745	253.09229932782	21.541774193074936	10.520819633366413
60	40	0.5789473684210532	39.3105135971739	114.31505556413332	2.477615382202168	0.6040881824050838	10.8008685456966	65.70650661367827	25.991817785431305	69.26368631881758
30	20	0.5789473684210532	40.39836377795874	113.91913465319068	2.6947715270830934	0.5766543027536911	63.885911658670565	183.4793514288003	108.46950087474609	105.92724686447369
60	2	0.5789473684210532	39.44765242314726	108.42464405076727	4.478675410909309	0.6025239693417316	2.277146358646427	303.34300227892726	25.991817785431305	108.92044246317174
60	0	0.5789473684210532	38.50206351276378	108.0819004024073	4.523238397244902	0.5999591294182468	2.1877050413966597	257.48122390165094	25.991817785431305	107.08190230807527
60	-5	0.5789473684210532	37.47743707364141	107.54372764790467	4.544175470245357	0.5940993790473347	2.50570621916516	153.10180526074342	25.991817785431305	104.43435967547087
60	-20	0.5789473684210532	38.98852810941883	106.94344273379362	4.298893071909918	0.583726486655649	5.216453437768824	81.8677266532097	25.991817785431305	103.5133140800086
60	-2	0.5789473684210532	37.90080430365763	107.82067441629624	4.543962205343679	0.5973247252653682	2.2395204241384836	201.40937694957015	25.991817785431305	105.71593606307712
15	2	0.5789473684210532	42.55004337170641	109.58966477441226	3.975458638069603	0.47080149412376443	132.39491136672376	1457.4041551616024	222.31097728988945	168.57691328775664
60	-10	0.5789473684210532	37.50584248713746	107.24919950935819	4.496130361246282	0.5898854469382976	3.1950730656808877	112.31028550993668	25.991817785431305	103.47565507253123
30	2	0.5789473684210532	40.57407415719366	108.71734384648656	4.367483902058644	0.5576513002030489	17.39582525534799	674.3366619035614	108.46950087474609	164.77852353847894
60	-40	0.5789473684210532	42.51874633429	106.77681004963075	3.8958367833844645	0.5802688341354083	4.9166388092691955	26.987664261271096	25.991817785431305	104.1898894596182
30	40	0.5789473684210532	38.793021209508936	114.55456903375541	2.2319242818251936	0.5914793691034567	22.51918359459738	17.707171185592127	108.46950087474609	86.45578787184067
15	10	0.5789473684210532	41.27053743715463	113.53817590149949	2.761249849609678	0.5216037606795633	160.76637867126263	514.0352337396765	222.31097728988945	115.64679486311618
30	-10	0.5789473684210532	38.58822749537493	107.00987159469001	4.322027318207868	0.5566024136205763	20.46791065824002	135.93400646088708	108.46950087474609	155.1743244690189
30	0	0.5789473684210532	38.654454165914444	108.0460893128255	4.468387260043215	0.5582106751512363	11.361991318071418	424.70893481542925	108.46950087474609	160.37123138511473
15	-2	0.5789473684210532	38.6928772009866	107.5617108452545	4.275940040265861	0.49732746666948396	65.80237744108076	493.70875777310613	222.31097728988945	164.79136739867374
30	-20	0.5789473684210532	41.53676461785589	106.803236712953	3.993119408805781	0.562447363745487	21.40728174868897	56.836689329497354	108.46950087474609	155.3211873866023
30	-5	0.5789473684210532	37.61140941586959	107.3061884118052	4.462631816570291	0.5572709605841581	13.703715796159331	198.91775855567218	108.46950087474609	155.8386624811317
10	5	0.5789473684210532	43.03490757078536	112.26982663927315	3.0491885264431615	0.4423796194374482	267.0280085117426	1382.7979307284027	306.7059016969317	132.5338696369305
30	-2	0.5789473684210532	37.805303465582654	107.65116227025695	4.494120371331612	0.5578071583479868	11.284182947586435	290.01979358925314	108.46950087474609	157.6831227244132
15	0	0.5789473684210532	39.87770476300527	108.32638320325395	4.209369287581896	0.48289378939185823	88.57409654413374	1070.476211102787	222.31097728988945	167.12429503874046
10	2	0.5789473684210532	42.59680765366821	110.19338061967863	3.5725241782949673	0.4057895996799546	291.3891247766291	1845.3379135225498	306.7059016969317	152.86776565204764
30	-40	0.5789473684210532	43.52159458612698	106.77306746847346	3.7534560607137597	0.5713024054366005	14.051829573340903	10.69563424478493	108.46950087474609	153.90278202142042
15	40	0.5789473684210532	38.81252567383498	114.60483246323719	2.1053193708526616	0.5864267371812225	23.57487545625386	5.362907003474898	222.31097728988945	84.81937064418757
15	20	0.5789473684210532	38.93279433255657	114.46745753431098	2.2740690920428186	0.5664939794291539	53.76983611133839	43.95834315360767	222.31097728988945	91.22738198510133
15	-5	0.5789473684210532	39.16122648882016	107.12274813514455	4.190746892223607	0.5087572027184449	57.90977693994967	257.22052443489827	222.31097728988945	163.6793081521216
10	-2	0.5789473684210532	39.94913046782724	107.6593901650499	4.018181972376215	0.4536188845435895	132.59910405828737	745.0910717797066	306.7059016969317	161.23096938919386
5	5	0.5789473684210532	41.267526258500745	113.10344093860135	2.49549945362711	0.4286909149310213	245.47543266276693	1164.4299963087528	313.75400038458673	104.1330809139455
10	0	0.5789473684210532	41.30266604634597	108.75694052002758	3.8487402200104155	0.4188821518146578	212.85078550047277	1497.5745508875987	306.7059016969317	159.55250169862768
15	-10	0.5789473684210532	41.098361836489715	106.87299890198886	3.990391191823475	0.5288440912541521	48.6252966210256	121.49376203826844	222.31097728988945	164.03576139365384
10	10	0.5789473684210532	39.73987980551853	114.06813645702437	2.423789796765061	0.5187475387160844	127.6513032768714	260.5373792559417	306.7059016969317	98.43753210185305
5	0	0.5789473684210532	40.72400605109975	109.46715125479021	3.275197925189061	0.3410014877663059	306.01944035218776	1758.8700951970418	313.75400038458673	134.08195922518655
5	2	0.5789473684210532	41.0049013052199	111.00098564491337	2.9409570314069375	0.3406150441083256	294.5852669183157	1837.9245630968455	313.75400038458673	121.35205190500025
15	-20	0.5789473684210532	43.171284617580326	106.78572303573878	3.77549577065202	0.5533156805831841	31.301825818175676	23.956148004323456	222.31097728988945	163.6216513951556
10	20	0.5789473684210532	38.84335317145648	114.5353432114419	2.1631844584929683	0.5639458235239199	48.97439725618767	25.579623647471674	306.7059016969317	86.55266249104706
10	-5	0.5789473684210532	40.30186952039085	107.10950059460255	3.9930141152531213	0.48546115740560897	85.77642875051033	286.4365902867102	306.7059016969317	161.8785325775646
5	-2	0.5789473684210532	40.90769681868739	108.08281939131896	3.594689940029267	0.3936431792516108	252.69735602647748	1396.4188216624916	313.75400038458673	147.89438677645782
2	0	0.5789473684210532	40.11222407640614	109.9652340740297	2.8974196638506013	0.31373352192747594	284.37972540030245	1720.336310209985	315.16884005788893	116.590341967891
2	2	0.5789473684210532	40.48060962699614	111.47806221284011	2.5773455084500903	0.33150032569682614	270.1769329595072	1783.7504084066359	315.16884005788893	104.73728889803527
15	-40	0.5789473684210532	44.0581953094093	106.78562731038464	3.6602262833223085	0.5670451200162714	18.777244135841627	4.146860683864549	222.31097728988945	162.23413443297866
10	40	0.5789473684210532	38.87392441139046	114.60711742725232	2.0659815257521936	0.585035690724032	23.178482135153185	3.3756396186809785	306.7059016969317	83.0418944405255
2	-2	0.5789473684210532	40.467096394716144	108.54130683085442	3.2365254749276473	0.3525469487135586	294.6552820513134	1587.4711344121663	315.16884005788893	131.39089875598665
5	-5	0.5789473684210532	41.4486548944421	107.17691032018466	3.7356138863044723	0.46118906894600653	128.44847844065893	381.45103912522944	313.75400038458673	155.91301253327563
10	-10	0.5789473684210532	42.1992442126897	106.8614331656826	3.836851698808874	0.5218898754980172	61.18475118068011	107.53037418253828	306.7059016969317	163.276747113776
2	5	0.5789473684210532	40.76228779817839	113.43189259844624	2.199828283597452	0.43465089188228173	200.90529524220813	898.200094103174	315.16884005788893	90.23373615345706
5	10	0.5789473684210532	39.245662414805416	114.30016769635407	2.168915574716148	0.5177720546965764	99.33353031416495	144.90115729774206	313.75400038458673	86.56765061484282
10	-20	0.5789473684210532	43.63903979800865	106.79470478782832	3.6992859603084223	0.5502507159297355	34.9761057876654	16.8822372859312	306.7059016969317	163.15046461418694
5	20	0.5789473684210532	38.92342897986174	114.55659031494264	2.0665383498891736	0.5618846554477042	44.38431406001934	16.588775288017874	313.75400038458673	82.03681025383125
5	40	0.5789473684210532	38.961505196039155	114.60243831892615	2.0285408856684235	0.5838055723204668	22.534003704403258	2.3490267135277554	313.75400038458673	80.71669382704113
10	-40	0.5789473684210532	44.21901306598729	106.79276351400593	3.6269244219393495	0.5656981564934449	20.121551872490397	2.8296527218020397	306.7059016969317	162.2862429100955
5	-10	0.5789473684210532	43.1871799589501	106.8828989478538	3.672060083977324	0.5154237953407981	73.81602577596682	89.10015004819795	313.75400038458673	159.9225130687398
2	10	0.5789473684210532	39.334038458675515	114.33327011686772	2.0496473948425535	0.5178263927120459	86.23706210302194	117.33525180960764	315.16884005788893	81.28263741773938
0	0	0.5789473684210532	39.88561726487972	110.29314752123581	2.656185770315811	0.30797011310699246	269.53559762906633	1693.752138870478	314.65562932839464	105.94360901923615
0	2	0.5789473684210532	40.357706961209686	111.77872183538634	2.3520057371587915	0.3371710978818065	252.07728043479955	1740.7156800610876	314.65562932839464	94.92155831133847
5	-20	0.5789473684210532	44.03798640548771	106.81180275055246	3.6207890434235552	0.547121371650666	38.746795145015376	13.053831855290266	313.75400038458673	160.94543591906861
2	-5	0.5789473684210532	41.95032663290862	107.28152260289112	3.5424825249879452	0.4458988446784697	166.77227876244615	509.9352680838152	315.16884005788893	149.17058695569904
0	5	0.5789473684210532	40.79766553786743	113.53472268843888	2.047209224125301	0.441231686617816	161.8192973209435	705.6062467911503	314.65562932839464	83.52135721190112
0	-2	0.5789473684210532	40.163095799825584	108.87174247803725	2.9900078065204077	0.33439903777309066	281.86366181280545	1579.5397854142548	314.65562932839464	120.08796997550549
5	-40	0.5789473684210532	44.36496754300516	106.801479412925	3.592732602753063	0.5643966383170469	21.24325395318191	2.111522079656903	313.75400038458673	160.96726352869115
2	20	0.5789473684210532	39.04149851431963	114.5503778639434	2.0147707808062787	0.5608777992546726	41.68839992601291	14.560603457611643	315.16884005788893	79.3759651695032
2	40	0.5789473684210532	39.02579695605851	114.59648472382783	2.0070569965639313	0.5831465038904811	21.975658249661603	2.1416796742850286	315.16884005788893	79.07351840312822
0	-5	0.5789473684210532	42.11841203620473	107.39475805434779	3.3897539305759343	0.4350879063053234	199.37763244084837	653.5668549445819	314.65562932839464	142.77105274934172
-2	2	0.5789473684210532	40.445227784801155	112.05558142750395	2.146080077445717	0.3510264563891905	231.25411690387836	1687.353447837736	300.265867373234	86.25034196081091
2	-10	0.5789473684210532	43.63100700718367	106.91562204601195	3.5693362584575037	0.5109717418039504	82.84883951064116	90.9011993179617	315.16884005788893	156.41692328585532
-2	-2	0.5789473684210532	39.997420735866186	109.20126373355171	2.7517060242580262	0.32578420944233827	268.3152822123344	1568.4547079406038	300.265867373234	109.53933844648698
-2	0	0.5789473684210532	39.82562222179388	110.61085629845894	2.4281391122616145	0.31149558380788817	253.1757905832509	1662.820761599503	300.265867373234	96.21029675296363
-2	-5	0.5789473684210532	42.086654600220804	107.5607856174789	3.2106464480712438	0.4234751561366702	237.07924533543596	867.2229191095031	300.265867373234	134.42105177349274
0	10	0.5789473684210532	39.515236519651495	114.32243197002494	1.9813168528882426	0.5180639267951196	79.13665550497949	110.30284841654161	314.65562932839464	78.29220406225045
-2	5	0.5789473684210532	41.0584391022232	113.56673252024154	1.9279361651787061	0.4487230533472546	132.9125254764743	582.7368612865869	300.265867373234	78.46684495982333
2	-20	0.5789473684210532	44.23573833801623	106.82621270321515	3.572307289335473	0.5451968635008226	41.135789920398594	12.825853677537806	315.16884005788893	158.7690644219746
2	-40	0.5789473684210532	44.44407085619447	106.80748264859452	3.5718418942273966	0.563640241057958	21.85050935934898	2.0216921381842807	315.16884005788893	159.5247384165105
0	20	0.5789473684210532	39.14568008966745	114.53939855877142	1.9826332219386829	0.5602993888218599	39.88660435412845	14.297169983438202	314.65562932839464	77.61152584115833
0	-10	0.5789473684210532	43.84622343464993	106.94693854791478	3.4979016095758073	0.5076708194228543	89.66512596512126	100.57900451049696	314.65562932839464	153.36977552588246
-2	10	0.5789473684210532	39.776241702471054	114.2903594590714	1.9205004144686775	0.5184359041125629	72.62233521678348	109.90673726195979	300.265867373234	75.62407618361257
0	40	0.5789473684210532	39.07321902341416	114.59128442805171	1.9931588443628976	0.5827403293826354	21.49914999265564	2.1485102328742087	314.65562932839464	77.87913207424656
-5	0	0.5789473684210532	40.088942788971366	111.05376526025054	2.119596343010265	0.33214031314653547	225.8843991051215	1606.6380527781187	263.1788187611562	83.48853884640627
0	-20	0.5789473684210532	44.34731649278214	106.83766756345729	3.539281529986385	0.5438890633790932	42.71670001761583	13.652777789624269	314.65562932839464	156.95763816736442
-5	-5	0.5789473684210532	41.64533067902929	107.93383555103149	2.9038157653823693	0.4054845914586869	245.00786641156452	1139.833169334751	263.1788187611562	118.99843229392532
-5	-2	0.5789473684210532	40.04082131023804	109.68270284515172	2.4172933352336283	0.32959738484962775	245.97024519241853	1544.1615605649683	263.1788187611562	95.27186891600486
-5	2	0.5789473684210532	41.022778675990985	112.40304328570588	1.884732012229789	0.3835662250692	191.59892311744326	1534.314638149746	263.1788187611562	75.6513384260356
-2	20	0.5789473684210532	39.26823667761606	114.52350754118422	1.9522756017241008	0.559792842880291	38.26610897161005	14.943494475908315	300.265867373234	75.84855626003214
0	-40	0.5789473684210532	44.492882771861936	106.81181032884663	3.5577744538517893	0.5631471834522073	22.203032259363013	2.117544185435135	314.65562932839464	158.29564170395278
-10	2	0.5789473684210532	42.6458922127395	112.64077977180766	1.620896676612039	0.44020747593089965	102.6849023644093	975.6402671802721	203.07703078002987	64.81452290695061
-2	40	0.5789473684210532	39.12409297637286	114.58514842020453	1.9796079711716765	0.5823608589086974	21.117251754606635	2.3069960249390356	300.265867373234	76.60802363806515
-2	-10	0.5789473684210532	43.98520637543481	106.98711040421635	3.4230370407270962	0.5040496411930109	97.24689225442056	118.85095395092316	300.265867373234	149.6975245303244
-10	-2	0.5789473684210532	40.89105984766056	110.41726437544848	1.9534846726153094	0.37087835144009695	191.0102151854576	1443.2587186801434	203.07703078002987	76.03302073624124
-5	10	0.5789473684210532	40.28966348145809	114.21006031572351	1.841135387848711	0.5192040001908579	64.61148074054563	118.89207088670732	263.1788187611562	72.07328060573089
-10	0	0.5789473684210532	41.628577066527335	111.64653770675615	1.7226268110471399	0.39636834581121866	173.51740866932943	1467.4570194543908	203.07703078002987	67.75582090440084
-2	-20	0.5789473684210532	44.441030661270915	106.85069367626198	3.5056041751773046	0.5425588132680597	44.42820341492533	15.551706724242434	300.265867373234	154.85626572740466
-5	5	0.5789473684210532	41.6939793145217	113.53387988645048	1.7944696062420518	0.46084638384816295	101.34557608111173	473.5941837181021	263.1788187611562	72.8592156362391
-2	-40	0.5789473684210532	44.538335151557355	106.81639811182917	3.5436028770572556	0.5626635419769249	22.534392645811305	2.3428094545723748	300.265867373234	156.85544435545302
-10	5	0.5789473684210532	42.97193219789189	113.37973029985916	1.6500511723001245	0.4814802544959849	67.68347224333684	389.82932060436457	203.07703078002987	66.23586278960926
-5	40	0.5789473684210532	39.20646849113171	114.57429087646578	1.9599433248398765	0.5818417523489305	20.396680878001206	2.7322350058561353	263.1788187611562	74.56185411837185
-10	-5	0.5789473684210532	41.06563657343651	108.69651665151979	2.424733865753618	0.3951231505610823	202.03564753059388	1245.1615445397406	203.07703078002987	95.2428859663403
-5	20	0.5789473684210532	39.482924607427165	114.49144420363373	1.9098604691381436	0.5591618293093359	35.82727979518429	17.09872178051219	263.1788187611562	73.19576363635406
-10	10	0.5789473684210532	41.373910536207084	114.01560129034357	1.7343086326335493	0.5210822169188128	52.7513961953837	143.39025544975516	203.07703078002987	66.92129118888133
-5	-10	0.5789473684210532	44.02677077293982	107.06767594837636	3.3017625722827146	0.4979140200098494	109.99810885260888	167.171638877518	263.1788187611562	142.9021939520556
-10	-10	0.5789473684210532	43.56128706008904	107.27853127716817	3.0635912632864106	0.4855154283350931	133.5099801003015	322.52580136292966	203.07703078002987	127.75390979272768
-5	-20	0.5789473684210532	44.5449231318479	106.87340036379742	3.4536711075499236	0.5405168155756406	46.94815606735101	20.349281587916497	263.1788187611562	151.15961976921068
-15	-2	0.5789473684210532	41.90191544321256	111.0554488322567	1.6563766673701261	0.42253482187025143	115.7172005266877	1265.6088802095485	154.6635536027069	62.458028983459435
-15	2	0.5789473684210532	43.94649844757697	112.62772781871004	1.5075174169333923	0.4786125828934679	46.40831444251372	669.6522760039968	154.6635536027069	58.54886318454848
-10	20	0.5789473684210532	39.91004252825851	114.41953666838567	1.8467220836342533	0.5584337418327582	32.0399623152428	23.4578441647365	203.07703078002987	68.71292961073465
-5	-40	0.5789473684210532	44.599873388156425	106.82376845039964	3.5221677179538626	0.5619570500319805	22.942992824055505	2.9432312792113287	263.1788187611562	154.30606314580305
-10	40	0.5789473684210532	39.35816387380326	114.55220762859179	1.9289517513676782	0.5811092104121153	19.05051700936434	3.936985631384432	203.07703078002987	70.7950282965826
-15	-5	0.5789473684210532	40.808172203155344	109.45618820535326	2.041461329069179	0.40851457276501346	152.2462599015251	1216.6055789125114	154.6635536027069	76.15494058610432
-15	5	0.5789473684210532	44.144967211103044	113.19709172472679	1.564634075154209	0.500278630862756	44.90566967193003	351.28065900483244	154.6635536027069	61.00122959232486
-15	-10	0.5789473684210532	42.40419670274372	107.62892714828995	2.7663286506126963	0.47153284376528826	142.43649043105447	534.0505138503106	154.6635536027069	108.13182985200837
-15	0	0.5789473684210532	43.11441835586093	111.98254587338452	1.527209502880678	0.4526889970478337	67.81984138865825	1001.3513534689827	154.6635536027069	58.54966326146383
-15	10	0.5789473684210532	42.50288140302886	113.8015585128407	1.6553944712881754	0.524903256286958	41.33536395381911	155.91206520213998	154.6635536027069	62.18738167713421
-10	-20	0.5789473684210532	44.60842799817253	106.92082570978846	3.362473940537516	0.5369784757642349	51.102734745611684	34.817268160783215	203.07703078002987	143.5563927400166
-30	-10	0.5789473684210532	39.89390870275195	109.09829797605765	1.9611122280311581	0.4721165512848916	79.42039220318168	842.2545828813501	85.522965133938	58.33745047313106
-30	-5	0.5789473684210532	41.46697088428102	111.03895753854373	1.4908323166112107	0.47960577893432405	38.50015914164362	811.9313473536877	85.522965133938	43.59405106466378
-15	20	0.5789473684210532	40.404363552212274	114.3296128192886	1.79189525603035	0.5580752761233237	28.4625757730787	32.365555713248675	154.6635536027069	64.09737711588348
-10	-40	0.5789473684210532	44.68359404778338	106.83735212017538	3.486036184797285	0.5608352143396396	23.384133094449115	4.681530416580658	203.07703078002987	149.0505038471191
-15	40	0.5789473684210532	39.52483899653925	114.52586512594527	1.900200210571561	0.5805402702692549	17.569518407762125	5.667154423724902	154.6635536027069	66.60716303145624
-30	20	0.5789473684210532	42.1003815930791	113.99971363395439	1.6668550047372512	0.558833545985468	19.018295190455607	67.6504411924022	85.522965133938	49.00998065392221
-30	-20	0.5789473684210532	43.196173017822574	107.29891659080214	2.9036330578897878	0.5218504175213948	60.71559270827376	210.5128605773576	85.522965133938	97.35098976028797
-15	-20	0.5789473684210532	44.516887262250556	106.98274782155461	3.263837348789916	0.5332711457151346	54.90779802985762	59.19731173004099	154.6635536027069	134.2007890476603
-30	5	0.5789473684210532	45.637229972192	112.88887270035124	1.4735425646248974	0.5320162496220477	9.494105512728906	249.15672817428677	85.522965133938	46.09894957299758
-30	10	0.5789473684210532	44.94188014539183	113.30667493522365	1.5311144635052323	0.5423778581684139	15.892830408819703	158.38510913347045	85.522965133938	47.404474621177314
-30	-2	0.5789473684210532	43.0790194985574	111.89336825817082	1.4035789274487418	0.49972340860964665	16.535615287156652	577.6731150990692	85.522965133938	41.600259052718854
-30	2	0.5789473684210532	45.14056102002959	112.56047706076069	1.4350699615997724	0.5207391125358651	8.064561399775167	365.8742571160405	85.522965133938	44.34777931608813
-30	40	0.5789473684210532	40.077986565434294	114.4300689293427	1.8272053081009825	0.5797717288692437	12.713042329674483	12.981795368652891	85.522965133938	51.80161323529871
-15	-40	0.5789473684210532	44.7422736394189	106.85253626038312	3.4495125423551003	0.5597920141550832	23.4813374161647	7.407077709983107	154.6635536027069	142.59758212053964
-30	0	0.5789473684210532	44.26195309928456	112.27029054106194	1.4110003878249815	0.5109286638623605	9.452938756555717	432.3875861453729	85.522965133938	42.77908244861002
30	10	0.5210526315789479	43.66756568703592	111.69047700862858	3.6376862907766716	0.5511787818727932	83.65430576753214	862.7941387092637	108.46950087474609	149.601504969151
60	10	0.5210526315789479	43.16919883326227	110.07472833002295	4.1456759152951985	0.5980225244742535	9.431708373810293	605.149902920544	25.991817785431305	111.84019849899661
-30	-40	0.5789473684210532	44.762333818648564	106.90700188461146	3.339293269495754	0.5572642822546697	21.547859011525727	21.908944592120314	85.522965133938	116.97654130692155
60	20	0.5210526315789479	44.195658813346675	112.29147420066693	3.4495600674972637	0.6004425013333614	19.284954152457214	440.4789673803037	25.991817785431305	99.20946440651633
-60	20	0.5789473684210532	44.62586637539897	113.48378329615159	1.551745782645411	0.5684190010598515	3.9909835658358683	85.80893888722777	21.541774193074936	12.656234700489858
-60	-20	0.5789473684210532	39.41078634803838	108.38666015308593	2.153216381999523	0.5258099860376749	18.803260609186456	434.4891472589792	21.541774193074936	24.483690337160056
-60	40	0.5789473684210532	41.10073926138676	114.23880363899231	1.736528626770039	0.5819062768051056	3.973548187735656	28.896465254015286	21.541774193074936	14.973767693306076
-60	-10	0.5789473684210532	40.428275476485325	110.84452073258991	1.4448576589912208	0.5226736327101075	9.425505352818268	594.5211940658969	21.541774193074936	10.90674766478297
15	5	0.5210526315789479	41.21856210662196	111.4470494564021	3.5640237776528036	0.4679359548392258	210.0004730814141	1480.7207252727324	222.31097728988945	146.89031564888288
-60	10	0.5789473684210532	46.01231733591795	113.01221078395515	1.4791445552542664	0.560473730179598	2.207987902407552	120.96636951154628	21.541774193074936	11.695769216722768
-60	-5	0.5789473684210532	42.53645079516479	111.81570149929999	1.3547859464178875	0.5328539465548296	3.452765350454421	320.50496982710445	21.541774193074936	9.184807301236106
-60	2	0.5789473684210532	45.441275727440875	112.54921071505456	1.4134120257513367	0.5483544804339407	1.8148557407804238	223.9716139603143	21.541774193074936	10.534064874895604
-60	-2	0.5789473684210532	44.03278024497725	112.1763857833527	1.3735163107577368	0.5390156705610223	2.4026594841476734	282.4734159811173	21.541774193074936	9.685313472737482
-60	5	0.5789473684210532	45.9511286498718	112.75199774561285	1.4416900708643263	0.5541040413986723	1.7843207652134605	169.43327578618013	21.541774193074936	11.07315866063851
60	5	0.5210526315789479	40.712577993765514	108.9535131547368	4.396372832731832	0.604090187195277	3.23986570586545	341.883584307616	25.991817785431305	110.79292433757813
-60	0	0.5789473684210532	44.83153550450539	112.37781580108255	1.3925655098949847	0.5436803738334495	2.015473466899024	256.1765822924938	21.541774193074936	10.106899356155004
-60	-40	0.5789473684210532	44.28060055955827	107.03522809674413	3.14288994879831	0.5563480018469714	9.121003443972558	70.45196438864791	21.541774193074936	48.24962450582221
60	40	0.5210526315789479	39.07456096424545	114.34016833774741	2.473616321477798	0.6042389903843941	10.74906218185658	65.33581880002113	25.991817785431305	68.77491891970614
15	2	0.5210526315789479	38.83095477730181	109.39607761229655	4.090531325628835	0.4608696350067601	139.00962643071261	1490.2321533814384	222.31097728988945	158.0587488597909
30	2	0.5210526315789479	38.89334245501775	108.56521539439692	4.437584295742854	0.5572079468133513	17.6282478663319	692.9337182314191	108.46950087474609	160.30531685456927
30	5	0.5210526315789479	41.615243360492904	109.77564167132455	4.19028387826645	0.5500739671064876	39.02495546437497	885.8378171841641	108.46950087474609	162.4629666831551
60	2	0.5210526315789479	38.93889199763541	108.37559396766774	4.500795994329116	0.6028425198308143	2.255790721510436	300.297963343707	25.991817785431305	107.95710201414764
60	-5	0.5210526315789479	37.074016550524036	107.50915130094494	4.562242451222095	0.5942541943701306	2.479560019910159	149.71945879414312	25.991817785431305	103.65006935183278
30	20	0.5210526315789479	39.386805428011215	114.02529154936944	2.677930805090716	0.576918545625087	62.69152917397823	179.8298850140205	108.46950087474609	102.70563958731674
60	-2	0.5210526315789479	37.45915999016386	107.78012896078195	4.563452120213993	0.5974928817997829	2.218034395743626	196.47450170391195	25.991817785431305	104.85455965385583
60	0	0.5210526315789479	38.02449818306403	108.03560164095326	4.5441297261940345	0.6001357205292885	2.16455485480197	250.47769073558536	25.991817785431305	106.15670439589758
15	10	0.5210526315789479	38.89670745620399	113.77717494881888	2.72195840653431	0.519828998328989	154.17422609225395	497.4215176654305	222.31097728988945	107.5008362190186
60	-20	0.5210526315789479	38.67670127824832	106.92330726131456	4.313983896996219	0.5838330822260983	5.154688821491183	80.57894181081119	25.991817785431305	102.98082575129864
60	-40	0.5210526315789479	42.34320149180285	106.76380512369253	3.9022908682990614	0.5802589127852783	4.938190130694841	27.12995584161664	25.991817785431305	103.896005802741
60	-10	0.5210526315789479	37.14468327239587	107.22120076015122	4.512730403669905	0.5900210071162748	3.158700952832269	110.13854790457457	25.991817785431305	102.79190773531768
30	40	0.5210526315789479	38.415870452917815	114.59491552232052	2.225423585603968	0.5916167645321138	22.292798252853505	17.517883416747356	108.46950087474609	85.40162019078984
30	0	0.5210526315789479	37.22418868489683	107.90657332847566	4.530740104149667	0.5583778231948521	11.048403864122394	390.2394366577859	108.46950087474609	156.4504709851912
15	-2	0.5210526315789479	36.17581132132243	107.35699246830943	4.385165068014702	0.4962668569905091	62.80975583220964	448.05876323925986	222.31097728988945	157.87802377991113
30	-2	0.5210526315789479	36.54323179872388	107.53860446948165	4.549943570522167	0.5579445288261142	10.970302809472969	270.0291365607157	108.46950087474609	154.18828246651822
10	2	0.5210526315789479	37.7102426295747	110.12471666068338	3.633739364248691	0.3798820989301617	306.7059016969317	1855.4527085857346	306.7059016969317	137.4349993458965
30	-10	0.5210526315789479	37.617963117392684	106.94353304374233	4.368067984405986	0.5567144665524528	19.71199349676732	129.19749552744648	108.46950087474609	152.77463883653903
10	5	0.5210526315789479	38.8541286054745	112.48489694073206	3.033820730287429	0.42581674178983964	261.0714669788043	1463.3665215523351	306.7059016969317	118.9586161951579
30	-5	0.5210526315789479	36.499629199469936	107.21725621730508	4.513110610386549	0.5573946173447153	13.236020767859358	187.03150508422334	108.46950087474609	152.82999717522281
30	-20	0.5210526315789479	40.85686775812642	106.7569169532285	4.021608693086261	0.5619833033352016	21.800377630391434	57.93526164758218	108.46950087474609	153.77736257651773
15	0	0.5210526315789479	36.65120862924336	108.0589549047133	4.337604947979752	0.47901476499211937	86.84339505594264	1029.8793204777096	222.31097728988945	158.10535292803314
30	-40	0.5210526315789479	43.20395454778935	106.74801978971935	3.763032141370299	0.5711877832220241	14.175564276682788	10.796357500555468	108.46950087474609	153.13535067699223
10	-2	0.5210526315789479	36.533084618860926	107.4012626442606	4.144389515257014	0.4473159035575507	137.96045913507177	687.4647520401763	306.7059016969317	151.94484421479544
15	-5	0.5210526315789479	37.13909426068807	106.97638345292722	4.279073962681995	0.5073060912806394	58.169601640391754	237.5104873396974	222.31097728988945	158.38221266420825
10	0	0.5210526315789479	36.84507075704702	108.49175014553906	3.983529798505994	0.4052624562114712	239.6883802821715	1542.716762136737	306.7059016969317	147.13652034805173
5	5	0.5210526315789479	37.06311919672159	113.43752625395256	2.4356652999645516	0.4160058802246863	235.4007209291968	1250.4143194335788	313.75400038458673	91.27364465863569
15	20	0.5210526315789479	37.93956825383292	114.57353757988479	2.256374481485494	0.5664820993704839	52.31679774057446	42.902119069228384	222.31097728988945	88.25148548382272
15	40	0.5210526315789479	38.411790809258726	114.64759634809916	2.0985389311218383	0.5865296329742523	23.300219683990225	5.307979567020326	222.31097728988945	83.69306910120825
10	10	0.5210526315789479	37.532488531972334	114.29694517212918	2.3836596693266245	0.5169960355216929	120.67198201692447	251.04039042608494	306.7059016969317	91.47500460017484
15	-10	0.5210526315789479	39.61886102465016	106.77195290819023	4.050408688883835	0.5266821762743884	49.445739485072195	117.68269668737496	222.31097728988945	160.40526842131538
5	-2	0.5210526315789479	36.51659829496153	107.81631225258567	3.6795202803906952	0.3736796469258528	271.22227467424307	1365.906090633393	313.75400038458673	135.0415545913927
5	2	0.5210526315789479	36.1598993344506	111.05014418847426	2.9350882307559063	0.3099770435555389	287.9250630748138	1811.5413546772518	313.75400038458673	106.70553472213304
10	-5	0.5210526315789479	37.860254503111676	106.93313717103487	4.084689832904679	0.4808715872400636	88.43065662875559	261.2546286184091	306.7059016969317	155.45938014244425
15	-20	0.5210526315789479	42.3655031678184	106.72380602688438	3.801000488610754	0.5525159300137807	32.01523607111496	24.45751032883735	222.31097728988945	161.60262647357823
10	-10	0.5210526315789479	40.562225105145494	106.746248358557	3.8942946151391338	0.5184833416804011	63.050750794989376	106.87603322591549	306.7059016969317	159.2134351042523
15	-40	0.5210526315789479	43.691925737988896	106.75606856289532	3.6696348901490023	0.5668622390481102	18.96463730351631	4.186929615515013	222.31097728988945	161.28043614189812
5	0	0.5210526315789479	35.96734812648247	109.34142959601654	3.3113184789907644	0.3114673676582098	299.99173986921795	1723.0009640855787	313.75400038458673	119.62251126706477
10	20	0.5210526315789479	37.872485191838564	114.63879419247985	2.146144614086106	0.5638745280760002	47.68854852144713	25.120482558355935	306.7059016969317	83.75332095068325
10	40	0.5210526315789479	38.4718373976222	114.64997313328435	2.0592400448533916	0.585127254207272	22.966011576073722	3.359107315457918	306.7059016969317	81.92815694750523
2	2	0.5210526315789479	35.77537794509228	111.58212539280194	2.5351472582268535	0.3013905746014999	261.44300570979493	1752.5304722602773	315.16884005788893	91.01690084456604
5	-5	0.5210526315789479	38.530254100191094	106.97500601473159	3.8167885553006884	0.4515829074973732	134.2443241999538	348.3912249947715	313.75400038458673	148.01869363436634
2	0	0.5210526315789479	35.47115192208913	109.90257237105138	2.8928201083975393	0.28238318368948667	277.346112522589	1684.165191237126	315.16884005788893	102.89872259787528
10	-20	0.5210526315789479	42.7964051648949	106.72842988645846	3.722880202064389	0.5493303717403493	35.720408553320226	17.14358786301499	306.7059016969317	160.987729660819
2	-2	0.5210526315789479	35.97149062934871	108.3440324602758	3.270667037916942	0.3258764418209779	288.98287545970385	1530.910442412134	315.16884005788893	117.98820005881352
2	5	0.5210526315789479	36.88110455019588	113.76659924989198	2.134633668141403	0.424406583883194	184.0306663976423	918.3798993853362	315.16884005788893	79.22595602484368
5	10	0.5210526315789479	37.20842593287135	114.51151800562366	2.1325097500805312	0.5161177665338361	93.5373431697336	140.93926709286916	313.75400038458673	80.71912329229079
10	-40	0.5210526315789479	43.840813234611225	106.76209663930213	3.636028756852506	0.5654934007229964	20.282763388232485	2.8418358313963887	306.7059016969317	161.28974725701235
0	2	0.5210526315789479	35.763019307697014	111.911461739802	2.29109862980029	0.30848783710357536	241.51862581482365	1704.3943784701805	314.65562932839464	81.93660453338595
5	20	0.5210526315789479	37.97928109595576	114.65685788851816	2.050338747759818	0.5617708713879177	43.13415249869444	16.35641269098558	313.75400038458673	79.43359605026424
5	-10	0.5210526315789479	41.4362281449934	106.75376007260101	3.720183901734916	0.5112801442906533	77.29082031438814	91.57644550439723	313.75400038458673	155.4102399171302
2	10	0.5210526315789479	37.387880627933335	114.53456491662159	2.015884024362969	0.5162480708783564	81.21137311454234	114.76723888515636	315.16884005788893	75.99732800690678
5	40	0.5210526315789479	38.5610691316268	114.64506161590757	2.021894853322338	0.5838865258079485	22.266993213456622	2.3351295476098914	313.75400038458673	79.63207813024667
2	-5	0.5210526315789479	38.71008992236094	107.07466181286631	3.607298234766248	0.4322855836536621	175.05282063730002	480.3605807980125	315.16884005788893	140.13777651681445
5	-20	0.5210526315789479	43.16119288892383	106.74188607982717	3.6420019988525865	0.5460772009262207	39.711187992737585	13.236101733619273	313.75400038458673	158.64918700794195
0	-2	0.5210526315789479	35.733521065013946	108.71283932398006	2.999349419620883	0.30638035035482447	275.2225817381659	1527.7366967660746	314.65562932839464	107.17731566736018
0	5	0.5210526315789479	37.21975759775415	113.8369706341131	1.9848359175787638	0.4312710948210444	150.26288232340627	746.5763637448057	314.65562932839464	73.87511172359753
5	-40	0.5210526315789479	43.97720811480311	106.76994577255243	3.6014186739897727	0.564171232321568	21.477555992111874	2.123699061360475	313.75400038458673	159.9400463985036
2	20	0.5210526315789479	38.114969536811095	114.6485632252446	1.999118215401849	0.5607458134766141	40.51948526956399	14.40200377428831	315.16884005788893	76.89581343322632
0	0	0.5210526315789479	35.33441310624236	110.26944239422241	2.6279611999585932	0.2767848071815739	261.77602191361973	1658.0819728397182	314.65562932839464	92.85746666651332
2	40	0.5210526315789479	38.627714677890246	114.63882272631395	2.0004917360594803	0.5832214858528054	21.71582595410013	2.1312081886013785	315.16884005788893	78.01358427514417
-2	0	0.5210526315789479	35.374509244007534	110.62165401628612	2.3802283822900923	0.2813403089171797	243.58185722144367	1623.5744058433543	300.265867373234	83.80078950497777
0	-5	0.5210526315789479	38.641547038062484	107.19451362677798	3.4374565563495723	0.41821989624295763	209.37197947911508	633.2506414449614	314.65562932839464	132.82863921347828
2	-10	0.5210526315789479	41.81335437224825	106.78006481913107	3.610185771202192	0.5064115137849949	86.7916129932609	93.03986582392565	315.16884005788893	151.60100852610512
-2	-2	0.5210526315789479	35.64454102255274	109.07999570175083	2.7386241041786055	0.2973861531187021	260.8937506555943	1520.0502809094976	300.265867373234	97.18759218998093
0	10	0.5210526315789479	37.62468469102719	114.5175423707339	1.9492527026300928	0.5165419999974897	74.54309454610129	108.06413135638115	314.65562932839464	73.34001831958983
-2	5	0.5210526315789479	37.750043810524474	113.83955403835365	1.8687420279261902	0.43909420011739975	123.63869342223863	627.9929580405018	300.265867373234	69.92363129983457
-2	2	0.5210526315789479	35.978168254137934	112.20758324574456	2.072384575139012	0.3242205875137454	218.61861596695726	1644.3723451206083	300.265867373234	74.10808278556932
-2	-5	0.5210526315789479	38.36119925420549	107.37984253237262	3.2344663745366855	0.4028985417039576	247.52662460905267	860.2509475321825	300.265867373234	123.4630289565875
2	-20	0.5210526315789479	43.3398054743733	106.75453944588223	3.591855983289238	0.5440773822206435	42.175525962963555	12.972239814685151	315.16884005788893	156.3984468310474
0	20	0.5210526315789479	38.23148191749228	114.63613927075818	1.9673557563664033	0.560158182794451	38.835945712643635	14.215389471567642	314.65562932839464	75.2149260247965
2	-40	0.5210526315789479	44.051790719303185	106.77555632010227	3.5802269238030022	0.5634034286266133	22.097762210485403	2.031302456378632	315.16884005788893	158.4854993734569
-5	-2	0.5210526315789479	35.82117960766469	109.61294165984185	2.376848797366668	0.3020919661145525	237.03356331477707	1497.5557579601834	263.1788187611562	83.87440083535725
0	40	0.5210526315789479	38.67726242238139	114.63337310484395	1.986657316520711	0.582811570573365	21.323937919021642	2.1594582366724397	314.65562932839464	76.83846637441555
0	-10	0.5210526315789479	41.98174026245921	106.80836520065365	3.533285516196755	0.5028019831676376	93.90300768441743	102.59062808428594	314.65562932839464	148.33347481408128
-5	0	0.5210526315789479	35.81087855229439	111.10397228603333	2.0516076305061066	0.3045287946848104	214.1062231238453	1562.0493882467797	263.1788187611562	72.23982460595283
-5	2	0.5210526315789479	36.80659107747897	112.56112371188215	1.805178685499092	0.3595802640727354	176.7181380317218	1500.1696959227081	263.1788187611562	65.03614041828679
-2	10	0.5210526315789479	37.93764389052795	114.47969742042703	1.890047779229224	0.516972896986054	68.58913605974212	107.71518642228195	300.265867373234	70.97580493574337
-5	-5	0.5210526315789479	37.85673607690627	107.77053458825617	2.8974762048777216	0.38436978013264805	240.80037369051806	1059.5062205825197	263.1788187611562	108.00339031320088
0	-20	0.5210526315789479	43.439274238197875	106.76503611959144	3.557619447205938	0.54271918235299	43.80971746949472	13.796484110076335	314.65562932839464	154.54040680232467
-2	20	0.5210526315789479	38.36681261079589	114.61876162457071	1.9373783186375608	0.5596439641954499	37.20777084536007	14.789110601017393	300.265867373234	73.53639700529878
-2	40	0.5210526315789479	38.730697596050035	114.6269417359249	1.9731778470077868	0.5824285622859899	20.869377263304866	2.2969211627572483	300.265867373234	75.5887418220197
0	-40	0.5210526315789479	44.098102748610195	106.77967735605306	3.565938721405475	0.562903146717173	22.4280937488321	2.11303779626073	314.65562932839464	157.2511321317863
-5	5	0.5210526315789479	38.733510133087584	113.76995052865541	1.739691984694866	0.45187044710320873	95.48060823873696	518.515546440288	263.1788187611562	65.60251334378233
-2	-10	0.5210526315789479	42.071892608066705	106.84679503996352	3.452339828425347	0.49884464502491266	101.81303837752134	121.45121639184497	300.265867373234	144.42554273768974
-10	-5	0.5210526315789479	37.57250510858976	108.56878054366055	2.38189338618529	0.37835250880450505	199.7308704467702	1199.1282618939963	203.07703078002987	85.665569015268
-10	2	0.5210526315789479	39.290240647471734	112.78050493450311	1.5515252501293915	0.4230344050499456	97.29916697954613	971.8064104806016	203.07703078002987	57.14745628362815
-5	-10	0.5210526315789479	42.03689737557557	106.92779282524984	3.3205326257853045	0.4921526174598983	114.98876692127413	171.13661509014793	263.1788187611562	137.2505989730977
-2	-20	0.5210526315789479	43.5213839063759	106.7772886590624	3.522646942495895	0.5413385905118315	45.56385165854015	15.719685783278878	300.265867373234	152.39485203131903
-5	20	0.5210526315789479	38.601441042090244	114.58440046371076	1.8955380830104427	0.559004983337512	34.86149115592212	16.90062103117602	263.1788187611562	71.01138440832281
-10	-2	0.5210526315789479	37.027170998549465	110.40084211991531	1.8850979395014487	0.3484078249142765	186.580086373648	1411.2972081201474	203.07703078002987	66.49926922944974
-2	-40	0.5210526315789479	44.1414816112128	106.78410447328386	3.551531421588001	0.5624126704934972	22.791517587720396	2.353592383620732	300.265867373234	155.807953543631
-10	-10	0.5210526315789479	41.43987389027035	107.15068177043784	3.0599773240518084	0.4787101084615966	138.7699754839804	330.20315967246285	203.07703078002987	121.43384229183116
-5	10	0.5210526315789479	38.52313034008352	114.3914433279255	1.812911513169181	0.5178336631681287	61.155775552959675	116.17502371135589	263.1788187611562	67.83463517833752
-5	40	0.5210526315789479	38.817692408889215	114.61555923301583	1.9536323485721427	0.5819044468736343	20.151768000573785	2.7180856062472882	263.1788187611562	73.57823232798124
-10	0	0.5210526315789479	37.70169727627186	111.71881570738476	1.6488505514046377	0.3728537644121765	158.1103654031533	1403.198442130101	203.07703078002987	58.779035853332864
-10	5	0.5210526315789479	40.50614296848965	113.5654739921224	1.6017096298845424	0.47372731117836514	65.03351597894316	420.9480308822128	203.07703078002987	60.561308619420565
-10	10	0.5210526315789479	39.726531742014856	114.18286641351983	1.7089343843395277	0.519746584247238	50.887804153967224	144.12799805881113	203.07703078002987	63.273193324053814
-5	-20	0.5210526315789479	43.60895230281714	106.79922178451196	3.4686099723555572	0.5392218610205947	48.14024526180355	20.59296722495975	263.1788187611562	148.6373889523582
-5	-40	0.5210526315789479	44.20075202616234	106.79132416594112	3.529717632781181	0.5616969030580928	23.207734293922663	2.958549262196584	263.1788187611562	153.25863245279507
-15	-5	0.5210526315789479	37.75260029036352	109.37298202015052	1.979278204837813	0.39667993650119904	149.4389565182646	1177.1744512875798	154.6635536027069	68.30078175515736
-15	-2	0.5210526315789479	38.73896907513873	111.05173948799838	1.5804110132678522	0.40853237047578467	114.18135461814063	1231.4607023787084	154.6635536027069	55.041251412879475
-10	20	0.5210526315789479	39.0637617743022	114.5084974900789	1.8333565486956391	0.5582715418743367	31.21092916158588	23.111199152014848	203.07703078002987	66.74281625970686
-10	40	0.5210526315789479	38.979073763169154	114.5923929233958	1.9228684098920363	0.581164451465658	18.83401517539418	3.9108057970716126	203.07703078002987	69.87924998535395
-15	5	0.5210526315789479	42.10628521498366	113.34109868721993	1.5212835557653857	0.493950464676082	44.576851287793254	375.56832542848645	154.6635536027069	56.48993069103493
-15	-10	0.5210526315789479	40.225481799135906	107.52354473417319	2.7402788078872438	0.4645591757997401	142.0160125083342	521.4517950558626	154.6635536027069	101.63649032159907
-15	2	0.5210526315789479	41.512388753019785	112.71662829297563	1.4502917407093738	0.4673309742729075	48.577597923262076	689.8720332972861	154.6635536027069	53.13254041101451
-15	0	0.5210526315789479	40.241710550705825	112.042276620002	1.4532439595182354	0.4404735058460874	69.59053897403788	1002.1323930020017	154.6635536027069	51.900657250987
-15	10	0.5210526315789479	41.015931245530496	113.94619370190486	1.6311874278098142	0.523198958266014	40.49181967311431	160.18197035427414	154.6635536027069	59.07082463545901
-10	-20	0.5210526315789479	43.64847776018114	106.84653383044014	3.3734551222472002	0.5355630343725134	52.378451127072054	35.32738194574081	203.07703078002987	140.94989196124314
-30	-10	0.5210526315789479	38.14602978608807	109.03767263642514	1.9189222301691367	0.46941612442441166	77.30104804767744	817.4309617256278	85.522965133938	54.439241905779035
-30	-5	0.5210526315789479	39.76549955743566	111.02444997251234	1.440494585492702	0.47636265388079596	38.23631834320236	799.6382107201526	85.522965133938	40.136256298651205
-15	20	0.5210526315789479	39.59573189032892	114.4143752246592	1.7794777584892196	0.5579154837033826	27.760583016556726	31.818944458569554	154.6635536027069	62.3412772098227
-10	-40	0.5210526315789479	44.28296877444936	106.80490266876697	3.492893176127475	0.5605620626278824	23.648930361101435	4.712214202508122	203.07703078002987	148.01527843254772
-15	40	0.5210526315789479	39.15780865401583	114.56472082202222	1.894378456421665	0.5805892808959551	17.368541229222682	5.6215361980333345	154.6635536027069	65.76794833088873
-30	10	0.5210526315789479	43.96817986160774	113.38522584782905	1.5098783300956156	0.540857264750316	16.574026738845703	165.80668691602023	85.522965133938	45.60222904348532
-30	20	0.5210526315789479	41.41898951434977	114.07066953705467	1.657168914274821	0.5587097384110592	18.633697664186066	66.47980946470112	85.522965133938	47.87188206462136
-15	-20	0.5210526315789479	43.538063256304035	106.91006333781107	3.270289587503649	0.531746788645552	56.212123762948984	60.145676993565985	154.6635536027069	131.53854534239937
-30	-20	0.5210526315789479	42.209257299567305	107.24346456043932	2.893662306171161	0.5201672744470882	61.75790331325102	213.25500170707193	85.522965133938	94.79783132386811
-30	5	0.5210526315789479	44.51815701154108	112.94812967071078	1.4420761530225383	0.5297059778396256	9.878327981262457	263.1070947117948	85.522965133938	43.806827815065226
-30	2	0.5210526315789479	43.88188553985802	112.59773773924366	1.397147585483347	0.5176058966114222	8.310957600959496	379.8168384136311	85.522965133938	41.73879752869617
-30	40	0.5210526315789479	39.759876181508844	114.46362649767049	1.8223259962468763	0.5798079474752263	12.592648909837125	12.875470938696088	85.522965133938	51.221719415172466
-15	-40	0.5210526315789479	44.34313393135396	106.82040027399576	3.4556141924505743	0.5595095630903416	23.752279787041424	7.464935119870006	154.6635536027069	141.59007719224675
-30	-2	0.5210526315789479	41.61156338446086	111.90105319369383	1.3586135213962842	0.49643921847425143	16.13425863618929	565.6362567759521	85.522965133938	38.63110245939347
30	10	0.46315789473684255	41.864310573597265	111.74389604524211	3.665928288562116	0.5501643031386754	86.95717720405875	891.4282126512384	108.46950087474609	144.426394702562
-30	0	0.5210526315789479	42.915856115851724	112.28975142479945	1.370138549739964	0.5074348517786953	9.65092634287458	443.4083443993019	85.522965133938	40.034372448224545
60	10	0.46315789473684255	42.52918752677332	110.05733968654737	4.167160922581131	0.5986305974971683	9.44526359825274	609.9319765384022	25.991817785431305	110.66136129346083
-60	20	0.5210526315789479	44.31372599250945	113.51190676461925	1.5456726044520788	0.5682743620654136	4.044651297836439	87.11917016505757	21.541774193074936	12.438697523136115
60	20	0.46315789473684255	43.64177416388209	112.3236221173002	3.4531304388974764	0.6009659965499178	19.57109386914809	447.5172492896947	25.991817785431305	98.06381017028609
-30	-40	0.5210526315789479	44.38706614790367	106.87774762035512	3.3429542547163056	0.5569809120287796	21.762152948714178	22.08838672214079	85.522965133938	116.14288001536131
-60	40	0.5210526315789479	40.92508297715406	114.25724808383622	1.7339731059886445	0.5819301137862185	3.952508916305611	28.748799454919258	21.541774193074936	14.85663554090833
30	5	0.46315789473684255	39.786861717662624	109.69103722003851	4.255323544628846	0.5490229174070271	39.32173509166791	907.8239425254917	108.46950087474609	157.5452199895998
-60	-20	0.5210526315789479	38.862876411059254	108.36736754593265	2.139380280679363	0.5255584911834771	18.58670600668051	428.33786432214976	21.541774193074936	23.882913935866835
-60	-10	0.5210526315789479	39.79720384329716	110.8388699951947	1.425137360027552	0.5223047223036044	9.40777860238377	590.5525365505121	21.541774193074936	10.356805304410935
-60	10	0.5210526315789479	45.65046589288661	113.03433820696435	1.468956518564504	0.560170790049107	2.237101214506443	123.2204923658578	21.541774193074936	11.383223263139506
-60	5	0.5210526315789479	45.546349065194846	112.76880942852746	1.4291884043734087	0.5536442163398142	1.8037483542069273	173.04043441527674	21.541774193074936	10.709050990118447
-60	2	0.5210526315789479	44.99900089415119	112.56031553269358	1.399356187766573	0.54774730440346	1.8299289655813658	227.8913771219902	21.541774193074936	10.138950490147177
60	40	0.46315789473684255	38.83909034386846	114.3652863433949	2.4696136672313083	0.6043902227220349	10.697892256133164	64.96517883249761	25.991817785431305	68.28782545278465
-60	-5	0.5210526315789479	42.02533661555041	111.81073596535578	1.3391187874317145	0.5322901017150425	3.4072451551308625	318.102072527965	21.541774193074936	8.765755803047886
-60	-2	0.5210526315789479	43.54720384584403	112.17864935669519	1.3581584079582272	0.5383749214772032	2.412602271610036	284.85121395088214	21.541774193074936	9.268275295860331
-60	-40	0.5210526315789479	44.04577165320953	107.01880417986821	3.142899062371896	0.5561866963775107	9.171876843111745	70.78798519567523	21.541774193074936	48.00010073455456
-60	0	0.5210526315789479	44.36593955806265	112.38459925678761	1.3777205811850572	0.5430323002605768	2.0277446013935037	259.16825174492783	21.541774193074936	9.697530293787823
15	2	0.46315789473684255	35.10533032538615	109.17435169689622	4.2105041981581355	0.4501389557199954	142.67337702134972	1500.6771997898688	222.31097728988945	146.86452840215713
60	5	0.46315789473684255	40.178667413802344	108.9077926169493	4.419125379601359	0.6046232757968946	3.276551142661937	346.56952967124914	25.991817785431305	109.81560277920022
15	5	0.46315789473684255	37.545778894860085	111.53203413662162	3.599169334261397	0.4548590425116531	218.50706624409918	1552.4856081187982	222.31097728988945	134.9491709610915
60	2	0.46315789473684255	38.43263790693729	108.3258747117609	4.522921771458328	0.6031477354234048	2.2341037738625875	297.0481190462628	25.991817785431305	106.98885991409051
60	-2	0.46315789473684255	37.02125490036536	107.73957130413285	4.582863739263974	0.5976614803850727	2.196520320268592	191.64372329284848	25.991817785431305	103.9935155773203
60	-5	0.46315789473684255	36.67363974304747	107.47453365763458	4.580245652873115	0.5944094692559398	2.4535248587151495	146.41721280660164	25.991817785431305	102.8657647500051
60	0	0.46315789473684255	37.551397115046676	107.98933829071096	4.564927173955361	0.6003126288688998	2.1406451869296266	243.5863732270136	25.991817785431305	105.23214170059892
30	20	0.46315789473684255	38.38221729386226	114.13181507281021	2.6609133831900786	0.5771823226756249	61.485080539563505	176.15303536220392	108.46950087474609	99.52546361012703
60	-40	0.46315789473684255	42.16733983759018	106.75079419169906	3.908793386192865	0.5802492130782759	4.959687418525273	27.272662314218824	25.991817785431305	103.60124305077089
15	10	0.46315789473684255	36.557805826751476	114.01817299370568	2.6814410781196822	0.5178777311037762	147.25366693958034	479.70201355331324	222.31097728988945	99.5874774435042
60	-20	0.46315789473684255	38.366533819768584	106.90313617607214	4.3290436205668446	0.5839401612133674	5.092542278313959	79.30399275382841	25.991817785431305	102.44742448958321
60	-10	0.46315789473684255	36.785905321718424	107.19315688432083	4.5292810716167144	0.5901570686251328	3.1223819715561745	108.001508734165	25.991817785431305	102.10779797696732
30	2	0.46315789473684255	37.206020450210985	108.40459503172227	4.509029940336231	0.5565260604283406	17.640296923299754	702.259370789098	108.46950087474609	155.6401319171846
10	5	0.46315789473684255	34.63542290514089	112.71891752419992	3.0103696413394605	0.4081910007856474	251.28283633646944	1518.4021241777152	306.7059016969317	105.13641453373141
30	-10	0.46315789473684255	36.66419100804873	106.8768442087807	4.413779924079644	0.5568313855497196	19.002967462915567	122.82558668217196	108.46950087474609	150.35475957140378
30	-20	0.46315789473684255	40.17247210871196	106.71067214717488	4.050995775439706	0.5615079766210408	22.163645207289637	58.82279912084442	108.46950087474609	152.21426975694303
30	40	0.46315789473684255	38.04013206779075	114.63525247565141	2.218922223998868	0.5917541130505686	22.137141436654954	17.383830349737583	108.46950087474609	84.35475638398441
30	-5	0.46315789473684255	35.4106637896421	107.12791311924155	4.563099199051264	0.557523531853456	12.776077645389751	175.6854959854439	108.46950087474609	149.80557775952815
30	-2	0.46315789473684255	35.311427376386554	107.42576840421847	4.6051066708253945	0.5580850160553024	10.649470304468156	250.98721008363836	108.46950087474609	150.68028277847915
30	0	0.46315789473684255	35.834126661532814	107.76742330758022	4.5921996193823444	0.5585413513323945	10.82761571431174	361.8441226992787	108.46950087474609	152.5183639456346
15	0	0.46315789473684255	33.52369093817439	107.7826452368269	4.466217137138181	0.47477890955617685	83.37511958510221	937.0792124206106	222.31097728988945	148.74181084633122
10	2	0.46315789473684255	32.91588152438068	110.03882892441528	3.7019265056490633	0.3537602396586656	289.2625295060904	1812.5149609301511	306.7059016969317	122.02298265275068
15	-2	0.46315789473684255	33.74587915931019	107.15408859203916	4.492238805160941	0.4947013637557507	60.016579368222224	417.6186854565006	222.31097728988945	150.74984833310435
30	-40	0.46315789473684255	42.88525801001317	106.72292393167493	3.7727243340057774	0.5710723072974238	14.308023449120668	10.901126836591292	108.46950087474609	152.36322790507725
5	5	0.46315789473684255	32.88472623013082	113.79172301575129	2.3681198262824434	0.4026635989168572	219.20720650747637	1274.8210383322694	313.75400038458673	78.73270560462218
10	0	0.46315789473684255	32.36040218892389	108.18447828777482	4.138898359576185	0.392638638619824	238.64777313529385	1501.76688474115	306.7059016969317	134.1079844958953
15	-5	0.46315789473684255	35.163015652691506	106.82928261354081	4.3687759755055655	0.5061523203532309	57.753567993520846	217.73053930994513	222.31097728988945	152.99130646290828
15	20	0.46315789473684255	36.95583069762016	114.67958348451727	2.238648326892388	0.566459371731565	50.877468641923926	41.8633711163794	222.31097728988945	85.33022623961999
10	10	0.46315789473684255	35.36756835099238	114.52577604498988	2.343078648374163	0.5150766923466072	113.6891809450038	241.3487797417442	306.7059016969317	84.77337863020124
15	40	0.46315789473684255	38.01271627092884	114.69034103458742	2.091760910776499	0.5866320919743607	23.03029839295467	5.25214380682782	222.31097728988945	82.57568664962747
15	-10	0.46315789473684255	38.1412164485781	106.67054189336659	4.112551024338861	0.5246036978505167	50.123936431345015	113.21972950047979	222.31097728988945	156.6916185744946
5	2	0.46315789473684255	31.37846967219489	111.11628611188465	2.9318075170435995	0.2797574648696479	280.5768889609532	1781.8425492646456	313.75400038458673	92.41064668360615
10	-5	0.46315789473684255	35.45959059905966	106.75500818070297	4.179601369189495	0.47664779926809014	90.39891749005241	236.1302214689884	306.7059016969317	148.8903124019795
10	-2	0.46315789473684255	33.18957559183286	107.1475442151944	4.274759440078084	0.44070215480069297	140.48319446447192	629.3017531810988	306.7059016969317	142.26191712276446
5	-2	0.46315789473684255	32.20081964331521	107.54028765489547	3.7699510947662813	0.35315007299940493	275.189694591938	1206.722610735968	313.75400038458673	121.92467954125775
5	0	0.46315789473684255	31.28163653843118	109.18719220917372	3.3610515983189693	0.28256093872849386	293.7535433934181	1681.9597294579235	313.75400038458673	105.50947498029086
15	-20	0.46315789473684255	41.552959477254056	106.66164756796846	3.8273428873958415	0.5516877748526279	32.73173237792668	24.961460356078536	222.31097728988945	159.55159011565684
10	20	0.46315789473684255	36.91117465075342	114.74214399321582	2.1291038179037054	0.5637912781669111	46.3302652616369	24.60786872278519	306.7059016969317	81.00745179390498
15	-40	0.46315789473684255	43.32424766209811	106.72643253325208	3.679160538826813	0.5666773878477978	19.169633813188472	4.2286125488111415	222.31097728988945	160.31977911221793
10	40	0.46315789473684255	38.071438550922196	114.69280727332776	2.052501823442683	0.5852182571711918	22.7042270751759	3.330269772850932	306.7059016969317	80.8234480077054
10	-10	0.46315789473684255	38.91189492036443	106.63057313408049	3.954759854305835	0.5149651656509134	64.69691419416556	104.72580510705568	306.7059016969317	155.02891667799008
2	0	0.46315789473684255	30.908679614142912	109.82815871061953	2.8913940107153677	0.25108635926146217	270.14240675955824	1645.5262660131136	315.16884005788893	89.58557602452159
2	-2	0.46315789473684255	31.574142363771422	108.10956789807375	3.3162161311172125	0.30014884833426203	282.6229530953984	1462.8041970419158	315.16884005788893	104.97363627481083
10	-20	0.46315789473684255	41.94633059282995	106.661814710122	3.7472226146959184	0.5483758502664275	36.57442862593695	17.46004194749357	306.7059016969317	158.78860418651112
5	-5	0.46315789473684255	35.649567670920696	106.77045139058382	3.9008433820482047	0.44205414189914877	139.5485010186304	320.06587425617556	313.75400038458673	139.90769272927403
2	2	0.46315789473684255	31.145762027497266	111.71623918803263	2.4867549705727177	0.2717203717206078	251.71614306675056	1717.772816305407	315.16884005788893	77.7000492204986
2	5	0.46315789473684255	33.05142649680349	114.11192165318019	2.0688453998588083	0.4136846294532212	164.48363926339863	917.5955963554607	315.16884005788893	68.81381364000059
5	10	0.46315789473684255	35.21279128517434	114.72210461473406	2.096034424787974	0.5143105660319671	87.84550126346988	136.9253258946915	313.75400038458673	75.10478153436898
10	-40	0.46315789473684255	43.46110676751683	106.731344300921	3.645243378691681	0.5652862426639719	20.503896142859727	2.8649146208741714	306.7059016969317	160.2856424994583
5	20	0.46315789473684255	37.04440163006552	114.75699665740783	2.0341490254388668	0.5616442868242586	41.903306448442095	16.12696331130288	313.75400038458673	76.8804322947448
0	2	0.46315789473684255	31.254360575116866	112.07890698179793	2.2205513672489343	0.2804674978210981	229.81509918776695	1664.0445810110748	314.65562932839464	69.40191310756694
5	40	0.46315789473684255	38.16231142908736	114.68766272287456	2.0152519231849757	0.5839668113639942	21.99912907398516	2.3205508703394893	313.75400038458673	78.55632973426671
5	-10	0.46315789473684255	39.65353919737032	106.62397361028985	3.7716894545351165	0.5067521528322977	80.83676522086948	94.05639732332914	313.75400038458673	150.74306399064477
2	10	0.46315789473684255	35.48092399731304	114.73498710720015	1.9821235097842491	0.5145291165118409	76.36353009079245	112.2106913494291	315.16884005788893	70.92185605796688
0	0	0.46315789473684255	30.86761353786624	110.24370313623814	2.5973345351388497	0.2456122354974286	252.6306098008304	1615.6727330202527	314.65562932839464	80.17351865921948
5	-20	0.46315789473684255	42.27633134151914	106.67155500365313	3.663839241159741	0.5449928591655738	40.68225722791492	13.416467091249709	313.75400038458673	156.3123588643253
0	-2	0.46315789473684255	31.401419994658372	108.5246483387864	3.0146034237082064	0.2789480557873622	268.56824172438536	1470.1679829508957	314.65562932839464	94.66282822519646
2	-5	0.46315789473684255	35.495221000716306	106.86743845528805	3.6726272654896186	0.41809931696146013	182.70874449718667	458.93018970360936	315.16884005788893	130.79923116156954
0	-5	0.46315789473684255	35.181638016420564	106.99798749735787	3.482523583821322	0.40014051911866383	218.56189465952156	621.3976214021346	314.65562932839464	122.5208841096494
2	20	0.46315789473684255	37.19743579345201	114.74661427581422	1.9834781912157782	0.5606013814547658	39.3681663914366	14.242577595930783	315.16884005788893	74.46311459616923
0	5	0.46315789473684255	33.637472347628794	114.15886637030978	1.9229273189554639	0.4213916436808163	137.60424678436345	796.1500519734946	314.65562932839464	64.68241451786439
5	-40	0.46315789473684255	43.58787278379355	106.73832145402356	3.6102055700217517	0.5639431033464917	21.720663158190952	2.1368573769142523	313.75400038458673	158.90475661306687
2	40	0.46315789473684255	38.23129880259967	114.68113771615381	1.9939299902104495	0.5832957660444342	21.449094134910645	2.1207193721344737	315.16884005788893	76.96235984220968
2	-10	0.46315789473684255	39.96154693089287	106.64362832123422	3.653602021472336	0.5014193747836809	90.81117361495009	95.17513604304638	315.16884005788893	146.61394565805588
0	10	0.46315789473684255	35.77147837054333	114.71176960624399	1.9172088302100316	0.5148876346306267	70.11751695119999	105.81985415471219	314.65562932839464	68.58139420167282
-2	-2	0.46315789473684255	31.390412506821185	108.93764228591202	2.7266322468963873	0.2694139529146142	252.79623636397747	1466.026659747493	300.265867373234	85.24282623024233
2	-20	0.46315789473684255	42.43550415408705	106.68242867066638	3.6119383460167516	0.5429140900690691	43.227501926525015	13.117561727107088	315.16884005788893	153.9850977291732
-2	2	0.46315789473684255	31.610870473893893	112.39431834743876	1.988115388691782	0.298290119799118	204.2509942959714	1593.165178649102	300.265867373234	62.47869922338799
-2	0	0.46315789473684255	31.015403453787044	110.63808162108607	2.3259864189939647	0.25134492665345903	234.30941961117546	1582.8584779513005	300.265867373234	71.82539934624948
-2	5	0.46315789473684255	34.42658067524861	114.12963477793188	1.8095150840066763	0.42951759816003154	114.25145521211871	676.6351346659656	300.265867373234	61.74141568358852
-2	-5	0.46315789473684255	34.671783417867765	107.20595461393377	3.2540266173889623	0.38081119443182393	242.86796431305973	811.8914581460215	300.265867373234	112.29338531964524
2	-40	0.46315789473684255	43.657894281104596	106.7435366927111	3.5887052673067354	0.5631636524845924	22.34211196817125	2.0412345848535094	315.16884005788893	157.43793064119248
0	20	0.46315789473684255	37.32608338244641	114.73274115103622	1.9520924477328847	0.5600042610897212	37.65622326714012	13.98282691056309	314.65562932839464	72.86396547432157
0	40	0.46315789473684255	38.28296216123837	114.67543803659976	1.9801598260528634	0.5828821066852228	20.975783507636027	2.1265781181751966	314.65562932839464	75.80638369398613
0	-10	0.46315789473684255	40.08154497404794	106.66891888708928	3.570599642697766	0.49746535638069356	98.26175265472229	104.82308713486225	314.65562932839464	143.11515016311
-2	10	0.46315789473684255	36.13446082945527	114.66817199388721	1.8596181471231001	0.5153861824527192	64.66452656437818	105.47585652214131	300.265867373234	66.50542455456572
-5	-5	0.46315789473684255	34.141229361767756	107.6082107491877	2.891895797831592	0.36232748343239546	234.2667411385965	956.2773863874799	263.1788187611562	97.27902613340163
-5	0	0.46315789473684255	31.636442440582115	111.16608790223795	1.9747272243071052	0.27739622354808285	202.09362915398071	1514.8643988314905	263.1788187611562	61.4707502796642
-5	2	0.46315789473684255	32.7275283763739	112.73480408255057	1.7215352235749366	0.33594289943149014	154.45869286298256	1389.152198824009	263.1788187611562	55.168955256017924
0	-20	0.46315789473684255	42.522630977956446	106.69195632165072	3.5764231100822723	0.5415032079795585	44.96428788581856	14.039946008405241	314.65562932839464	152.07892013106377
-5	-2	0.46315789473684255	31.70456614261275	109.5329169773169	2.3323317464082653	0.2750452203098813	227.35353960103566	1446.1482152642664	263.1788187611562	72.90416633437835
-2	-10	0.46315789473684255	40.12146814106478	106.70578175928866	3.48284856163797	0.4931328597829342	106.48406368121383	124.08917810915062	300.265867373234	138.96137958050986
-2	20	0.46315789473684255	37.4739588924324	114.71387668197755	1.9224951959937768	0.5594825718118662	36.17322420229621	14.637730424938205	300.265867373234	71.26791520173767
0	-40	0.46315789473684255	43.70168371525156	106.74744989245907	3.574190740190595	0.5626559944757805	22.72113130685725	2.1380219419446997	314.65562932839464	156.19815326579024
-2	40	0.46315789473684255	38.338939144070594	114.66871121858506	1.9667517660683997	0.5824955327958559	20.6147666398663	2.285944132188254	300.265867373234	74.5778580315562
-5	5	0.46315789473684255	35.75403072661399	114.0182610135373	1.6849172102046828	0.442800311736514	89.01133015431658	558.1044252676709	263.1788187611562	58.633499843573254
-5	10	0.46315789473684255	36.789129160523444	114.57202220825235	1.7847009137627825	0.5163532917657286	57.81708439977006	113.46779332819429	263.1788187611562	63.75211859799413
-10	2	0.46315789473684255	35.95385052177658	112.91156442254207	1.4851688205637081	0.4042279234200379	89.87141439327716	950.5685538391932	203.07703078002987	50.062584660977954
-2	-20	0.46315789473684255	42.592947550076765	106.70343562430713	3.5400816370767005	0.5400699108876834	46.7074614552387	15.88583777228321	300.265867373234	149.88785982480752
-10	-5	0.46315789473684255	34.113844603523276	108.4322550385191	2.3380217930069858	0.3615650770572112	196.03604074075994	1139.9150209157428	203.07703078002987	76.40535331794305
-5	-10	0.46315789473684255	40.008302419062026	106.78787541905004	3.33922581358372	0.48582035686809905	120.02745516404421	175.02605702376513	263.1788187611562	131.3943473010075
-10	0	0.46315789473684255	33.91073145399717	111.79636765575046	1.5709754711361332	0.34977015852827986	140.18306951381382	1323.5804035678154	203.07703078002987	50.40395743069511
-10	-2	0.46315789473684255	33.218187508612196	110.38833211447994	1.8126405259218974	0.3256529411487274	178.48683637895874	1371.433140008401	203.07703078002987	57.41941107842671
-2	-40	0.46315789473684255	43.74298047823343	106.75171635838274	3.5595423375495527	0.5621586363280205	23.04374724413035	2.364003003114482	300.265867373234	154.75194383622662
-5	20	0.46315789473684255	37.72815386725807	114.67722020732911	1.8812289545163152	0.5588361679109187	33.91061399395222	16.699891567973115	263.1788187611562	68.86763381761799
-10	-10	0.46315789473684255	39.27897478678585	107.02539055774753	3.0534578155014573	0.47121063215057934	143.9693725932225	337.5476240894181	203.07703078002987	114.90058778129084
-10	5	0.46315789473684255	38.01260968716083	113.75883443459051	1.5535064176718907	0.46572948525638663	62.05133656205436	451.66331074572145	203.07703078002987	55.081491188241536
-5	40	0.46315789473684255	38.430512740660184	114.65680424889935	1.947324995079924	0.5819663721357659	19.91874329389674	2.7040406282327822	263.1788187611562	72.60266042692604
-10	10	0.46315789473684255	38.0989727227135	114.351188486437	1.6838492316220062	0.5184151019108926	48.72635970400109	142.56774837394042	203.07703078002987	59.74855930897402
-15	-5	0.46315789473684255	34.71874588918826	109.28348425597156	1.9146989302120698	0.3850951922552541	145.517486468342	1132.9125346010728	154.6635536027069	60.75041633505085
-15	-2	0.46315789473684255	35.572654289221965	111.04486130029159	1.5042728700218595	0.3936594439223238	109.4307023777382	1182.9066402889819	154.6635536027069	48.06326095177862
-5	-20	0.46315789473684255	42.66396489586018	106.72461513118364	3.4838200834424	0.5378750975668858	49.35245396851948	20.840100476365148	263.1788187611562	146.0679422074677
-15	-10	0.46315789473684255	38.035288764110454	107.42095474614699	2.711218925983395	0.45720792143638833	140.91047172044375	505.94792973263975	154.6635536027069	95.10732565482174
-10	20	0.46315789473684255	38.22501355715887	114.5973284289742	1.8200021673581879	0.5580982763686396	30.3918828560685	22.76607263181585	203.07703078002987	64.80819772999182
-5	-40	0.46315789473684255	43.79996719981068	106.75878566257607	3.5373406449451683	0.5614334281856351	23.475487046898493	2.9743686652606898	263.1788187611562	152.2026017810572
-10	40	0.46315789473684255	38.601500619094786	114.63255567671263	1.916788355821138	0.5812189360408897	18.611473795058192	3.884587811030005	203.07703078002987	68.97086160740727
-15	2	0.46315789473684255	38.949013840938576	112.81702252834086	1.3917245711981467	0.45514521494982324	50.265739912536674	716.7042767791994	154.6635536027069	47.77106115358232
-30	-5	0.46315789473684255	38.065349088585506	111.00344595862094	1.3907588176124521	0.4730245964902203	37.85439298492582	786.0897830793848	85.522965133938	36.84421909791517
-15	5	0.46315789473684255	40.029654130304614	113.4912390539372	1.4781249168557786	0.48730699046088	43.79706422507125	399.64949606500875	154.6635536027069	52.1039869142345
-15	10	0.46315789473684255	39.53123303384978	114.09399676358474	1.607446327480608	0.5215778776104661	39.52055792105997	163.52683956902453	154.6635536027069	56.042623973355525
-30	-10	0.46315789473684255	36.4143247786975	108.97714797665468	1.87547776535715	0.46680615680128845	74.9184661991236	788.1455392927578	85.522965133938	50.6453455282477
-15	0	0.46315789473684255	37.316800158357154	112.0975495544798	1.3818491605749372	0.42645656980098273	70.80146959725263	995.7551950957252	154.6635536027069	45.690268809517974
-10	-20	0.46315789473684255	42.67931324604534	106.7719048619655	3.384481570910821	0.5340910824487077	53.65633545431717	35.83384458321368	203.07703078002987	138.29462153304289
-30	-20	0.46315789473684255	41.215213097644295	107.18882906862045	2.88265875335001	0.5184230805842851	62.78970494299783	215.9690202761857	85.522965133938	92.20849524070323
-10	-40	0.46315789473684255	43.88067657264554	106.77236207284469	3.4998066660140013	0.5602854205695547	23.915122070028083	4.743368619936518	203.07703078002987	146.97148941616862
-15	40	0.46315789473684255	38.79220069734711	114.60355493963404	1.8885598341685723	0.5806375775477882	17.168506568753457	5.579290099751372	154.6635536027069	64.93537633563047
-15	20	0.46315789473684255	38.79391732800856	114.49901821712305	1.767067728510224	0.5577456962749707	27.07213642922523	31.277421180317358	154.6635536027069	60.61554033133723
-15	-20	0.46315789473684255	42.55007525895543	106.83721456599231	3.2765317479715903	0.5301620976211228	57.52770455948228	61.09328655932446	154.6635536027069	128.82761138578812
-30	10	0.46315789473684255	42.9784817044906	113.46698839872603	1.4889627185866336	0.5392668015321265	17.14642218589587	172.96781807097008	85.522965133938	43.83143861858056
-30	-2	0.46315789473684255	40.14188242127605	111.9039289636233	1.3143593710510861	0.4928779853365721	15.613885773290608	552.0316304685055	85.522965133938	35.79971943933157
-30	5	0.46315789473684255	43.37613943722944	113.00910192441278	1.4104131979991608	0.5272563217750861	10.262010987529417	277.32788743586866	85.522965133938	41.546772375677925
-30	20	0.46315789473684255	40.74226529902419	114.14154253724725	1.6474827072681824	0.5585797306406348	18.256333076134904	65.32195765218204	85.522965133938	46.750609114494914
30	10	0.4052631578947372	40.03860797391871	111.79880406484546	3.694176567318568	0.5491577039824915	90.17152480196087	917.5576331150676	108.46950087474609	139.08730173697435
-30	2	0.46315789473684255	42.59974003291607	112.63534072489138	1.3588794472056607	0.5143218725515044	8.561427224540019	393.16091745009356	85.522965133938	39.17741262802038
-15	-40	0.46315789473684255	43.942355865938566	106.78817964581903	3.4617550774341894	0.5592235676357385	24.018724105821736	7.522345090441312	154.6635536027069	140.57427355073176
-30	40	0.46315789473684255	39.44282685130687	114.49716754431529	1.8174486755324528	0.5798436323355035	12.466040347945093	12.766610651814636	85.522965133938	50.64596650459012
60	10	0.4052631578947372	41.88646360237175	110.03977988725273	4.1888074130084085	0.599280016846196	9.454528159760304	614.0574198706254	25.991817785431305	109.46589235094083
-30	-40	0.46315789473684255	44.0104067229558	106.84844278929694	3.346605966469385	0.5566943584361621	21.986246837104492	22.276968092838846	85.522965133938	115.30280314378932
-30	0	0.46315789473684255	41.54838537114933	112.30860487761312	1.3289635535302988	0.5038000274718796	9.845967911196727	453.88520349583746	85.522965133938	37.35267088123282
-60	20	0.46315789473684255	43.99992697252597	113.54042279312775	1.5396511012312557	0.5681281339492638	4.100017417908164	88.46310414172059	21.541774193074936	12.223714488560498
-60	40	0.46315789473684255	40.74974361452727	114.27568753091013	1.7314179596363257	0.5819538292708561	3.9327668965256586	28.603172647602264	21.541774193074936	14.74008608816669
-60	10	0.46315789473684255	45.28623253830837	113.05671157286571	1.4587523746318978	0.5598629918689292	2.266003355302022	125.52253247246175	21.541774193074936	11.073417373274731
-60	-20	0.46315789473684255	38.31744197067111	108.34825218548401	2.1254175638049246	0.5253074623326391	18.367215895373285	422.23681989190226	21.541774193074936	23.2885432585022
60	20	0.4052631578947372	43.08496679034121	112.35625903549928	3.4565964717374142	0.6015064249013217	19.859409282834353	454.6122416605844	25.991817785431305	96.90748629709748
-60	-10	0.46315789473684255	39.16853307394159	110.83232124829651	1.4055276117960895	0.5219591000512979	9.383035515371663	585.7201059771907	21.541774193074936	9.820881621119312
-60	5	0.46315789473684255	45.1385068877554	112.78568181788367	1.4166283345354935	0.5531752261639494	1.8234534429423237	176.76352390162936	21.541774193074936	10.348019345031044
-60	-5	0.46315789473684255	41.51322055223126	111.80524904868878	1.3234811200980687	0.53171911115712	3.3872663495171493	317.7199114451685	21.541774193074936	8.354880283430415
-60	2	0.46315789473684255	44.5535575165789	112.57132909302155	1.3852309917317414	0.5471320821901525	1.8449548037106291	231.7038348690956	21.541774193074936	9.747659591832988
-60	0	0.46315789473684255	43.8976071217919	112.39124412838004	1.3628189734634717	0.5423810091250488	2.0398932382732555	262.1072274246694	21.541774193074936	9.292849256363615
-60	-2	0.46315789473684255	43.05927659727015	112.18070600795907	1.342756768240988	0.5377340093220727	2.422494897648919	287.1546642870748	21.541774193074936	8.85673650716006
30	20	0.4052631578947372	37.38478488201267	114.23869664965417	2.6437248324008467	0.5774454345594652	60.261538081487856	172.45762150157398	108.46950087474609	96.3875303321298
60	5	0.4052631578947372	39.64400517909838	108.86146369087508	4.441981310968165	0.6051329864154652	3.321370486175256	352.5257896750814	25.991817785431305	108.82482376720091
30	5	0.4052631578947372	37.94129582781739	109.60095375579161	4.321953489599336	0.5479325471335453	39.54470628457051	929.3921228054623	108.46950087474609	152.40592792987982
15	5	0.4052631578947372	33.78745279393618	111.62480494598037	3.6294812478110856	0.44012961062345984	222.31097728988945	1605.536915176266	222.31097728988945	122.30124022275157
15	2	0.4052631578947372	31.416460108804163	108.92497675667728	4.334369603745875	0.43844051297696257	142.65786667702176	1481.4498511821678	222.31097728988945	135.09568872998764
-60	-40	0.46315789473684255	43.81046479313935	107.00238722440108	3.142876880764053	0.5560245269097718	9.22437201033846	71.14946640629874	21.541774193074936	47.74933553493167
60	40	0.4052631578947372	38.604103977452574	114.39040933144241	2.4656075730912628	0.604541892234461	10.64631594997999	64.58770902203187	25.991817785431305	67.80241155362418
60	2	0.4052631578947372	37.92904542174911	108.27550849053642	4.545045094870928	0.6034388760133069	2.212051808657386	293.5721886565697	25.991817785431305	106.01607958742926
60	-2	0.4052631578947372	36.58706819325449	107.69899761123358	4.602195513814985	0.5978304979253193	2.1750881743332835	186.87327623249593	25.991817785431305	103.1328774642623
30	2	0.4052631578947372	35.52121524028417	108.23697622421159	4.58158111843292	0.55563699880442	17.45418714589213	699.3981596432925	108.46950087474609	150.8083079676035
60	0	0.4052631578947372	37.08274497924897	107.94310989924233	4.585628425940657	0.6004899061572803	2.116249578530982	236.8367762583949	25.991817785431305	104.30833740071358
60	-20	0.4052631578947372	38.05802517120051	106.88292919277389	4.344071610877035	0.5840477274163853	5.032151840285844	78.05704199683632	25.991817785431305	101.91314891820139
60	-10	0.4052631578947372	36.42950654192665	107.16506738469184	4.545781217977327	0.590293629290022	3.0857058475764925	105.89673303825789	25.991817785431305	101.42338507037489
60	-5	0.4052631578947372	36.276298984320206	107.439873363792	4.598183586552481	0.5945651937796116	2.4338197982685794	143.3985006127472	25.991817785431305	102.0815182306793
60	-40	0.4052631578947372	41.99116136089993	106.73777733757284	3.915345029235002	0.5802397374129848	4.980898166396901	27.412911241716582	25.991817785431305	103.30559983732213
10	5	0.4052631578947372	30.441040630703597	112.97426308716494	2.9772534407574955	0.38950048389459	238.53224119400352	1541.4568758486287	306.7059016969317	91.31272080857893
15	10	0.4052631578947372	34.25654094729763	114.26095272160627	2.639780298378928	0.5157223297769538	139.9760867520297	460.8399201165986	222.31097728988945	91.92094378914601
30	40	0.4052631578947372	37.66580831461891	114.67557968093821	2.2124203177128505	0.5918913962800072	21.911602772967587	17.19517595760483	108.46950087474609	83.31518215323723
30	0	0.4052631578947372	34.473005685421086	107.62969346792525	4.652926549272069	0.5585454013246766	10.906816220477943	353.30998671894633	108.46950087474609	148.5381588670288
30	-10	0.4052631578947372	35.72687996663164	106.80979364524437	4.459142092551512	0.5569536132571367	18.281602792847146	116.52852608081182	108.46950087474609	147.91668345141147
30	-5	0.4052631578947372	34.34443840605125	107.03814336776583	4.612562611863864	0.5576581849043043	12.350791121860667	164.9893426019581	108.46950087474609	146.76839855412197
30	-2	0.4052631578947372	34.109688330012126	107.31263005826317	4.65956107239641	0.5582294848330186	10.33283877021094	232.98514390493526	108.46950087474609	147.16328281142108
10	2	0.4052631578947372	28.29452127839165	109.92351656867335	3.7819022134200626	0.3281301026629829	268.9918011944873	1765.929250574473	306.7059016969317	106.99363319296357
30	-20	0.4052631578947372	39.484262867921444	106.66448972592356	4.081263738073727	0.5610293895809272	22.52494772573279	59.500535846141624	108.46950087474609	150.63217742938483
10	-2	0.4052631578947372	29.947195315882922	106.89875098873847	4.4079164301586005	0.43360401723158687	138.99794882017616	569.4026695686127	306.7059016969317	132.25414626130802
15	-2	0.4052631578947372	31.396266622483456	106.95359988336651	4.597090265306301	0.492494667438791	57.122554840639346	388.81434376932447	222.31097728988945	143.41548392324864
15	-5	0.4052631578947372	33.2408508143118	106.68129721494512	4.459231010915879	0.5052843482479795	56.60817672666367	198.08966909265177	222.31097728988945	147.5250104093627
30	-40	0.4052631578947372	42.56550667158912	106.69777986321881	3.782535632500183	0.5709559623791867	14.435027892387685	11.00410080058457	108.46950087474609	151.5864076399088
15	20	0.4052631578947372	35.98175994786714	114.78556980018512	2.220904731272105	0.5664247863479773	49.43197183570112	40.810823092658005	222.31097728988945	82.46410424703664
15	40	0.4052631578947372	37.61530673590232	114.73306582795716	2.084985683012894	0.5867340774149269	22.764340209704415	5.19720358026149	222.31097728988945	81.46721147942412
5	5	0.4052631578947372	28.831336760546563	114.1549065493006	2.294376695023772	0.38816731783955194	193.19929653376673	1193.3519429419919	313.75400038458673	66.8736198977719
15	0	0.4052631578947372	30.540861260837776	107.51217196311616	4.591438266512155	0.469690030952071	78.2179696198984	815.1662356783161	222.31097728988945	139.16106908778374
10	0	0.4052631578947372	28.089927977414337	107.85282319006288	4.29551075972361	0.3790478652896276	220.91057625785726	1393.3621513635126	306.7059016969317	120.67638875064816
5	2	0.4052631578947372	26.668341967518483	111.2077256738297	2.9328398513547507	0.25019823758354587	271.3690107801288	1745.1898813000848	313.75400038458673	78.49788385087415
10	10	0.4052631578947372	33.246842869385056	114.75436695595594	2.302151775916033	0.5129630957772082	106.71832748415528	231.52598016293234	306.7059016969317	78.3379408134048
5	-2	0.4052631578947372	28.054133129948916	107.26079267792728	3.867231709578878	0.3323322225277831	265.44888778636056	1020.4028328570662	313.75400038458673	108.89156752009538
15	-10	0.4052631578947372	36.66940859394569	106.56869643123208	4.176734051688826	0.5226379824426484	50.695418150816266	108.3780912716468	222.31097728988945	152.89984460281283
10	-5	0.4052631578947372	33.11174054246464	106.57500633514826	4.27754182025536	0.4728780753841641	91.69728396726595	212.22119270490265	306.7059016969317	142.20402406845668
15	-20	0.4052631578947372	40.73365591824562	106.59924878294562	3.8545796730199267	0.5508291315491282	33.472989316388656	25.478461522009862	222.31097728988945	157.46829436183685
5	0	0.4052631578947372	26.67566594864814	108.99210920997832	3.4312742902084143	0.25462033118529975	287.31214393799144	1636.2460854075484	313.75400038458673	91.77519800129984
15	-40	0.4052631578947372	42.955161929233284	106.69671858097607	3.6888065744397758	0.566490500618324	19.38452543867745	4.268702464060045	222.31097728988945	159.3521417322074
10	20	0.4052631578947372	35.959487339004745	114.84538147600604	2.1120665976951205	0.563694661831552	44.98979797671622	24.091394684004314	306.7059016969317	78.3148769283065
10	-10	0.4052631578947372	37.254455553582474	106.51427532240824	4.0181510562783025	0.5113877140547628	65.99622477156457	101.1392413568601	306.7059016969317	150.72809445574086
10	40	0.4052631578947372	37.672731664987765	114.73561924277296	2.0457672060771754	0.5853086788968941	22.42965812316741	3.300465122217636	306.7059016969317	79.7277510313492
2	0	0.4052631578947372	26.43385595308501	109.73744646751098	2.8951484178235822	0.21989171044503789	261.6762537001131	1599.9702607243455	315.16884005788893	76.68617258909462
10	-20	0.4052631578947372	41.08881923312556	106.59485534638303	3.7723650327982425	0.5473844774431607	37.42930850347948	17.778632942447455	306.7059016969317	156.55278333844916
2	2	0.4052631578947372	26.60031094659525	111.89422576915193	2.430109254028395	0.2427173121529357	240.89671769811045	1677.9043539976037	315.16884005788893	64.82760741162318
5	-5	0.4052631578947372	32.80825015940356	106.56410449646714	3.9877977509730274	0.43243187528974836	144.29271250721595	297.79046921597256	313.75400038458673	131.5713159622285
2	5	0.4052631578947372	29.340566377995444	114.4550343810023	2.0018844652362784	0.40161247187517557	145.45061188048837	884.5809400861032	315.16884005788893	59.11188291508803
5	10	0.4052631578947372	33.25949079304094	114.93176397346046	2.0595439086024205	0.5123282766553124	82.30157044984253	132.9040971360804	313.75400038458673	69.72383531127834
2	-2	0.4052631578947372	27.29447518316444	107.82832893479029	3.3772409542381485	0.27563093749487116	272.98473189883805	1344.8742497327314	315.16884005788893	92.38642179163794
10	-40	0.4052631578947372	43.0798955473808	106.70050579549824	3.6545715390074656	0.5650765999237052	20.73065260639604	2.8881140652155235	306.7059016969317	159.27390882995226
5	20	0.4052631578947372	36.118826412152444	114.85699994699291	2.0179721331611593	0.5615041702475869	40.679489463308364	15.893813959657553	313.75400038458673	74.37702339211882
5	-10	0.4052631578947372	37.839216679481154	106.49363496365987	3.827118063562686	0.5017764920562265	84.43361127884383	96.52619085877623	313.75400038458673	145.9188955191812
2	-5	0.4052631578947372	32.30715035815066	106.6618548518872	3.7379991761282647	0.4029704075967415	189.48975148666048	444.71192038486606	315.16884005788893	121.1448856534566
2	10	0.4052631578947372	33.61356911472055	114.93441553739007	1.9483965003713601	0.5126501570855965	71.65281155593514	109.61722493011408	315.16884005788893	66.05405230891778
5	40	0.4052631578947372	37.765236960346776	114.73024090509973	2.008612515673933	0.5840463952759042	21.733201105181948	2.305936055586614	313.75400038458673	77.48943742891895
5	-20	0.4052631578947372	41.383428497044726	106.60080370032028	3.6863457690638075	0.5438652967647475	41.66919698043038	13.596878195674575	313.75400038458673	153.93472917089122
0	-2	0.4052631578947372	27.179641501007783	108.29798230473651	3.0382922142262605	0.25228586135174497	260.20807157110266	1397.6483537229585	314.65562932839464	82.5796931579729
0	0	0.4052631578947372	26.49466912894553	110.21569075793006	2.563880220545199	0.21446608122364683	243.6161527443286	1573.070184952401	314.65562932839464	67.92915812959295
2	20	0.4052631578947372	36.28895283720868	114.84452041650125	1.967855182994229	0.5604432958189639	38.234473557001614	14.083688303139017	315.16884005788893	72.07768451383329
0	2	0.4052631578947372	26.842448789208948	112.29544562640976	2.1372725441030744	0.2533877434757851	216.60726787661733	1617.756839595616	314.65562932839464	57.369628813669095
5	-40	0.4052631578947372	43.19696191384655	106.70660551601671	3.61909622624278	0.5637121496334995	21.96536492618876	2.149651316443047	313.75400038458673	157.8613631081555
2	40	0.4052631578947372	37.8365564556732	114.72342871667925	1.9873723926962263	0.5833693244360004	21.192113712516278	2.1106952529499297	315.16884005788893	75.91984641823375
-2	-2	0.4052631578947372	27.246194442279144	108.76764942463385	2.716501144443306	0.24198916251155836	244.0840753572826	1403.4653135907395	300.265867373234	73.73912857586215
0	5	0.4052631578947372	30.12259483550957	114.48902313944087	1.8611429020813983	0.41088770211014664	122.26353304767144	765.6732741554194	314.65562932839464	56.062453570382424
2	-10	0.4052631578947372	38.07580095396743	106.50639636795854	3.700008535708366	0.4959219311447469	94.91879693877469	97.30944993288838	315.16884005788893	141.45396186352147
-2	2	0.4052631578947372	27.359365127016687	112.62703259877219	1.890945989381465	0.2734922641594738	186.8485265146041	1527.940845814095	300.265867373234	51.44242805340612
-2	5	0.4052631578947372	31.12656907329218	114.4339442851009	1.7512095380138253	0.41971824781447714	104.38293509971292	697.4924790586332	300.265867373234	54.019998546724764
0	-5	0.4052631578947372	31.741251527957623	106.80881752692396	3.523598254947603	0.38026641467753586	225.50994439568612	616.183828761389	314.65562932839464	111.84341849376442
-2	-5	0.4052631578947372	31.08891639713003	107.03338222595373	3.2727819775677345	0.35803535750545634	232.03377038196538	723.0495832330708	300.265867373234	101.29679971384206
0	10	0.4052631578947372	33.95588037382017	114.90501211131587	1.8852049560382036	0.5130833238728809	65.8954867817613	103.5871051957597	314.65562932839464	64.01379396736615
-2	0	0.4052631578947372	26.75706756429334	110.66272974367601	2.263435039259155	0.22155543497828933	222.90121399685157	1536.411174668137	300.265867373234	60.319100720107556
2	-20	0.4052631578947372	41.52281828956461	106.60986932497065	3.6325927632640673	0.5417036680881283	44.28318668276364	13.261759415590161	315.16884005788893	151.52860090158995
0	20	0.4052631578947372	36.42951034997949	114.82919769488058	1.9368454884776412	0.559836742675894	36.63264155815401	13.88911708053002	314.65562932839464	70.5583327688073
2	-40	0.4052631578947372	43.26238167237729	106.71142276500859	3.597279624983809	0.5629207999587106	22.593269591303144	2.050911455948335	315.16884005788893	156.38199814647612
-5	-2	0.4052631578947372	27.701088430507244	109.43970883476088	2.2828134172725485	0.24856999355826934	216.9830896302652	1389.4198521837075	263.1788187611562	62.395657929499585
0	40	0.4052631578947372	37.89032202631083	114.71747858357622	1.973666712375078	0.5829519022036908	20.80042919592732	2.136973424838255	314.65562932839464	74.78286730450189
-5	-5	0.4052631578947372	30.549278614365225	107.4437239816054	2.886882590873137	0.3399423182048758	225.24926243564732	845.9542253364292	263.1788187611562	86.95147097967612
-2	10	0.4052631578947372	34.36685855982928	114.85570083656523	1.8292229236504822	0.5136606928656322	60.86969688766274	103.2341363102424	300.265867373234	62.21027256982555
0	-10	0.4052631578947372	38.14596798933832	106.52870107724237	3.6101704227697717	0.49157997509951756	102.75208572260816	107.31947371592453	314.65562932839464	137.71344538303168
-5	0	0.4052631578947372	27.57709351347824	111.24385409821024	1.8867594413815278	0.2508558859334755	188.28530309911432	1461.4085618368308	263.1788187611562	51.23041394850963
0	-20	0.4052631578947372	41.59741620124561	106.6184212062215	3.5957261460239454	0.5402374407612278	46.07531335989414	14.176327593749301	314.65562932839464	149.5729170418589
-5	2	0.4052631578947372	28.83454685271014	112.92156548641688	1.635726943274972	0.31267817381720103	130.7022553184908	1247.9490909983833	263.1788187611562	46.20017604890173
0	-40	0.4052631578947372	43.30363115129048	106.71512730227522	3.5825333352012447	0.5624056605357821	22.94222791764394	2.132730159769588	314.65562932839464	155.1367021347572
-2	20	0.4052631578947372	36.58970079601719	114.80884679931945	1.9076285341993537	0.5593079908152266	35.14620348385119	14.483012703550271	300.265867373234	69.04282216177167
-2	-10	0.4052631578947372	38.13437563424431	106.56421691372925	3.5147726442286547	0.48682449919568616	111.20415313006744	126.67382513964651	300.265867373234	133.30411022681855
-2	40	0.4052631578947372	37.9488182628094	114.71045655426015	1.9603297924631897	0.5825617287255646	20.368254059104206	2.2759046561185206	300.265867373234	73.57533967033928
-10	-5	0.4052631578947372	30.718267068895237	108.28836876677668	2.2924774777108254	0.344760477821895	190.43255055897788	1057.4441448630782	203.07703078002987	67.51207178949998
-10	-2	0.4052631578947372	29.50555654118993	110.37777576559091	1.7342490939895054	0.3031238918260171	166.19945943977322	1317.3708760057457	203.07703078002987	48.839516287160905
-5	5	0.4052631578947372	32.780644249279234	114.27714587792718	1.63069051990302	0.4334672585510461	82.44512176248742	590.5693080110262	263.1788187611562	52.01324784085451
-5	10	0.4052631578947372	35.08774323380096	114.75172966346803	1.7565072464194529	0.5147499800166259	54.5939017861963	110.82340549732677	263.1788187611562	59.82319130758392
-2	-20	0.4052631578947372	41.65578444458506	106.62912991740077	3.5579383122860317	0.5387490780153131	47.85456586918449	16.049792217309694	300.265867373234	147.33521161652916
-10	5	0.4052631578947372	35.503454081286364	113.95939894677218	1.505531459907827	0.45743559653875204	58.75658035307317	480.730942742456	203.07703078002987	49.81937682890919
-5	20	0.4052631578947372	36.86308091195842	114.7698979566714	1.8669345581964825	0.5586545972428244	32.973599072253705	16.50039488022708	263.1788187611562	66.76421334596928
-10	2	0.4052631578947372	32.66515545571618	113.03420810688259	1.4216990792502597	0.38391495444286	82.19315061840797	940.1754286635288	203.07703078002987	43.556833586664965
-2	-40	0.4052631578947372	43.34283566101437	106.71923303603401	3.567638178077585	0.5619013403136295	23.30913007024014	2.375160622451305	300.265867373234	153.68740167139407
-10	0	0.4052631578947372	30.273674663229336	111.87714449924435	1.489833368438521	0.32704273368231707	121.4698929892392	1234.069678495534	203.07703078002987	42.69826554556353
-5	-10	0.4052631578947372	37.94165408130452	106.64820662060882	3.3578343390415313	0.4788124520090303	125.0558839686738	178.78706070571448	263.1788187611562	125.33363384613833
-5	40	0.4052631578947372	38.044930521578	114.69802559948556	1.9410213738489859	0.5820275033554644	19.678491629189264	2.689612718996675	263.1788187611562	71.63511020776016
-15	5	0.4052631578947372	37.9228215271965	113.64722884648785	1.4351523585154506	0.4803364313234606	42.62305482148198	423.14042956750455	154.6635536027069	47.855965558489046
-10	10	0.4052631578947372	36.497097173954494	114.51932289562991	1.6588522776767205	0.5170153829395577	46.274559319603924	138.69611338902016	203.07703078002987	56.34683929430739
-10	-10	0.4052631578947372	37.08070551528679	106.90334489837028	3.043605169003191	0.4628946484621295	148.1220723945347	341.79696192126727	203.07703078002987	108.16386753929986
-15	-5	0.4052631578947372	31.722286621160222	109.18704231009161	1.847491533220371	0.37381997504742875	140.45353348719001	1083.818498465302	154.6635536027069	53.54049649376847
-15	-2	0.4052631578947372	32.43354036004731	111.0350971554453	1.4283225651539206	0.3778979638933167	102.29815396283917	1127.2867946717888	154.6635536027069	41.574819018800156
-10	20	0.4052631578947372	37.393811637052906	114.68602474121597	1.8066600299997089	0.557913260982882	29.590551389452365	22.42482309756715	203.07703078002987	62.908812782063066
-5	-20	0.4052631578947372	41.710019748967284	106.64957719918287	3.4993219269546048	0.5364724379553502	50.56257010885174	21.081672765568534	263.1788187611562	143.4511560892613
-15	-10	0.4052631578947372	35.83942599057766	107.321427138357	2.6790247430863636	0.4494409770691459	139.3244645986109	488.3019448480284	154.6635536027069	88.57410588325767
-10	40	0.4052631578947372	38.225447187694975	114.67269543057873	1.9107118527392475	0.5812726510930342	18.397716275262795	3.8582533219036703	203.07703078002987	68.06984695368192
-5	-40	0.4052631578947372	43.39751974920948	106.72615201520631	3.5450388413096423	0.5611664983559044	23.737707539617922	2.9896255820123607	263.1788187611562	151.13793884218242
-15	2	0.4052631578947372	36.32471352206518	112.92230600360166	1.3342112910744526	0.4416778407403533	50.565287959756276	737.0616810090833	154.6635536027069	42.66099700964491
-15	0	0.4052631578947372	34.30426191058389	112.15378625015593	1.3114608549092486	0.4104531864441669	71.57310200442797	986.1093975925277	154.6635536027069	39.811495840671455
-15	10	0.4052631578947372	38.05275395335024	114.2445377844317	1.5841338377336407	0.5200259030409721	38.38110764915025	165.54346875667792	154.6635536027069	53.105022258261094
-30	-10	0.4052631578947372	34.70625295633225	108.91718061766561	1.8308270451064883	0.46426143151230814	72.22203501455661	754.6904646872805	85.522965133938	46.97185975511657
-10	-20	0.4052631578947372	41.70101274829184	106.69694375609579	3.395556707140348	0.5325579690073199	54.95910586698066	36.34544415554545	203.07703078002987	135.59054479568104
-30	-5	0.4052631578947372	36.36785707951735	110.97511654270724	1.341804113473016	0.46954336988570206	37.32284368157929	770.9632494658098	85.522965133938	33.72263242028857
-10	-40	0.4052631578947372	43.476721166813896	106.73972967883078	3.5067783605182914	0.5600051774339645	24.19126442805892	4.775896087054381	203.07703078002987	145.91912101100894
-15	20	0.4052631578947372	37.998920594865616	114.58353860712732	1.7546651342239026	0.5575653700456853	26.388076427814447	30.745381352264204	154.6635536027069	58.91990396229847
-30	-20	0.4052631578947372	40.21423328698134	107.13509486032804	2.8705476475739946	0.5166122921696489	63.81033060771316	218.6311016321736	85.522965133938	89.58368072628636
-15	40	0.4052631578947372	38.42801560143184	114.64236722160571	1.8827444009956689	0.5806851344308508	16.97788208593255	5.534063900181048	154.6635536027069	64.10942266000318
-30	10	0.4052631578947372	41.974291680079624	113.55192954959122	1.4683676007792879	0.5376184175259141	17.55346531759679	179.4531506392453	85.522965133938	42.09326510695063
-15	-20	0.4052631578947372	41.55304068837766	106.76421984209347	3.2825490876068075	0.5285121323406629	58.83976287643986	62.031113768845074	154.6635536027069	126.06818294748076
-30	5	0.4052631578947372	42.21108927610752	113.0719081102237	1.3785707792810944	0.5246517897385915	10.669699512394178	292.4493875221236	85.522965133938	39.32180019302314
-30	20	0.4052631578947372	40.07020800928682	114.21233085916272	1.637796105652144	0.5584432553397505	17.88553520782401	64.19326005160337	85.522965133938	45.646033794258805
-30	-2	0.4052631578947372	38.667813249242236	111.90190769540078	1.2707893858777557	0.4890176334238506	14.966846195612618	536.975226842908	85.522965133938	33.10069504601733
-30	2	0.4052631578947372	41.29501701303779	112.6734028005659	1.3203015019849504	0.5108762515921931	8.815170488495687	405.8652570224643	85.522965133938	36.669005317955886
-30	40	0.4052631578947372	39.126839272817456	114.53069187458044	1.8125734111843403	0.5798787698354636	12.34389323578151	12.660274848013703	85.522965133938	50.07434247730522
-15	-40	0.4052631578947372	43.53994551888359	106.7558740316158	3.4679364476483046	0.5589339117737121	24.28358625605332	7.5792103065816026	154.6635536027069	139.55016837425885
30	10	0.3473684210526319	38.19274691647485	111.85559323030049	3.722268761410655	0.5481576164022633	93.2854385468116	941.8497058458856	108.46950087474609	133.58517119785444
-30	0	0.4052631578947372	40.160521953135735	112.32685157157881	1.2875115284098642	0.5000085991706842	10.038565745634985	463.9244731099973	85.522965133938	34.739389306438724
-30	-40	0.4052631578947372	43.632359439548786	106.81908765581706	3.3502480472947687	0.5564045091597823	22.207201830575137	22.463522202800508	85.522965133938	114.45630332855914
15	5	0.3473684210526319	29.975804248646128	111.7238398774872	3.6541116077598437	0.4233525595225852	221.12692557714496	1634.4727852733279	222.31097728988945	109.08712186581499
60	20	0.3473684210526319	42.52524654910782	112.38940308908171	3.459953084782389	0.6020644237380741	20.132078436985363	461.3911188553505	25.991817785431305	95.7404737590265
-60	-20	0.4052631578947372	37.77452931721318	108.32931450584647	2.1113279852519544	0.5250563955482151	18.146469448254106	416.1298737086048	21.541774193074936	22.700671978946605
-60	40	0.4052631578947372	40.5747211615069	114.29412195557936	1.7288631863992037	0.5819774211833113	3.911862468208754	28.45720562146324	21.541774193074936	14.62411798901485
-60	20	0.4052631578947372	43.6844687800091	113.56934136609563	1.533683484729909	0.5679802636953075	4.1557167204277645	89.82327987683	21.541774193074936	12.011324496928514
-60	-10	0.4052631578947372	38.54267111354801	110.82478356187134	1.3860580749729297	0.5216364098106171	9.34965803895392	579.914450266365	21.541774193074936	9.299523848371491
-60	5	0.4052631578947372	44.72759463223898	112.80261365334695	1.4040093526472224	0.5526967147775387	1.8392488625976025	180.30963398784684	21.541774193074936	9.990144455821913
-60	-5	0.4052631578947372	40.99954163864389	111.79935584566091	1.3078386496074963	0.5311474498379561	3.391458416736969	319.05846846238086	21.541774193074936	7.95112885264033
-60	0	0.4052631578947372	43.42660128450267	112.39775189624656	1.3478621298497568	0.5417266109830214	2.0520140654962664	264.95752094725873	21.541774193074936	8.892988778970324
60	10	0.3473684210526319	41.241344753213276	110.0219899997261	4.210622976349674	0.5999718070031284	9.460503507770355	617.5537845862352	25.991817785431305	108.2545012996787
-60	10	0.4052631578947372	44.91961446674747	113.07933679565014	1.4485328064666574	0.5595501552528149	2.2958244982994693	127.85356318473498	21.541774193074936	10.766411988565244
-60	-2	0.4052631578947372	42.56906120250691	112.18255402090551	1.327312832448028	0.537092870887631	2.4322101610095963	289.39221024967304	21.541774193074936	8.45082475216799
-60	2	0.4052631578947372	44.105015953127825	112.58225630648327	1.3710382692925258	0.5465091560723127	1.8598537695122417	235.3557342001554	21.541774193074936	9.360333531345878
-60	-40	0.4052631578947372	43.57468077617567	106.98597772580048	3.1428227928492496	0.555861468896599	9.277701799301441	71.50279267589185	21.541774193074936	47.49732771932604
60	40	0.3473684210526319	38.36960322233347	114.41553722367432	2.4615980954025174	0.604693999904567	10.595023501756136	64.21789816597523	25.991817785431305	67.31867894372857
30	5	0.3473684210526319	36.0785456909573	109.50442173596127	4.390465206907919	0.5468228393462806	39.70527787398587	950.5916016103469	108.46950087474609	147.04409562653674
60	5	0.3473684210526319	39.10802956793423	108.81460306411827	4.464950374894894	0.6056130800407211	3.378106954909368	360.1603442326436	25.991817785431305	107.81894076476749
30	20	0.3473684210526319	36.39481173601868	114.34589720699702	2.6263843055905123	0.5777068945728963	59.004473832046976	168.62841320004267	108.46950087474609	93.2933312925113
60	2	0.3473684210526319	37.42827466077229	108.22452088712052	4.567157814262572	0.6037153336561811	2.1902892572099004	289.8589165758852	25.991817785431305	105.03914876961461
60	-2	0.3473684210526319	36.15657593157815	107.65840300521609	4.621445948666546	0.5979998602546948	2.1538054851421164	182.2661798912807	25.991817785431305	102.27270923836977
60	-5	0.3473684210526319	35.881990052537475	107.40516983140964	4.616054614618653	0.5947213465484356	2.4081092354597757	140.1640528475719	25.991817785431305	101.29740918497181
60	0	0.3473684210526319	36.61852092248856	107.89691449366843	4.60623136008828	0.6006676106552498	2.091789565552959	230.23483280827446	25.991817785431305	103.3854029865554
60	-20	0.3473684210526319	37.75117498151245	106.8626860557516	4.359067218015914	0.5841557814285767	4.971581486198209	76.81959348340453	25.991817785431305	101.37803799734345
60	-10	0.3473684210526319	36.07548478333455	107.13693175427377	4.56222967163376	0.5904306871636402	3.0502862274230833	103.82410965683648	25.991817785431305	100.73872810317444
15	2	0.3473684210526319	27.802746408584262	108.64842751048651	4.461189688814589	0.42557140787205316	140.69563005519154	1441.248881049619	222.31097728988945	122.86935341654103
10	2	0.3473684210526319	23.883841900776964	109.76838565151112	3.8757412470934445	0.3029749404705738	246.19819654635276	1712.474949699487	306.7059016969317	92.41783539727703
15	10	0.3473684210526319	31.995787994998597	114.50520432580134	2.597096479439315	0.5133271971957699	132.5465789412194	441.45488565219614	222.31097728988945	84.51563952275978
30	2	0.3473684210526319	33.851595926036445	108.0654334140589	4.654698778262313	0.5545576620430229	17.02542999598641	674.770559045918	108.46950087474609	145.845072379507
10	5	0.3473684210526319	26.33618718477915	113.25465604301903	2.932476765003403	0.36978975125829244	223.51186375342448	1527.131084931064	306.7059016969317	77.74808978004698
30	40	0.3473684210526319	37.2929042415959	114.71589649839717	2.205918283868025	0.5920286188959487	21.686068305573563	17.006969254254873	108.46950087474609	82.28289915675118
60	-40	0.3473684210526319	41.81466605098021	106.72475464638607	3.921946503482666	0.5802304882376528	5.002840432376344	27.556164586682154	25.991817785431305	103.00907479583582
30	-5	0.3473684210526319	33.30090026759086	106.94793698703249	4.66146267481523	0.557798877246511	11.917575902870487	154.6231093512276	108.46950087474609	143.72150839070758
30	-2	0.3473684210526319	32.9376836789072	107.1991306636357	4.7132597198069375	0.558379163623687	10.037601271082039	216.22873065554748	108.46950087474609	143.64098272302846
30	0	0.3473684210526319	33.13350136360906	107.49405040781826	4.713057058066924	0.5582904342915539	10.840302273779244	341.2003449596353	108.46950087474609	144.48765690057448
30	-10	0.3473684210526319	34.80601904811499	106.74237452662462	4.50413210120401	0.5570815137598525	17.57952776556672	110.45049433656567	108.46950087474609	145.46248354061353
15	-2	0.3473684210526319	29.12602898488896	106.75550016895392	4.699568716504761	0.4895917839953748	54.03453403572547	360.22925867049725	222.31097728988945	135.9064339453009
30	-20	0.3473684210526319	38.79303950593074	106.61835328749753	4.112383158359488	0.560556500857917	22.79761750107992	59.78533671515966	108.46950087474609	149.0314734081888
15	0	0.3473684210526319	27.70432203863453	107.24948933488716	4.712435610941212	0.46357340779013556	73.72988586654328	713.6191744301682	222.31097728988945	129.4302952936837
30	-40	0.3473684210526319	42.24470121833086	106.67258742838453	3.7924691008425353	0.5708387251502429	14.558312640124775	11.104505193663854	108.46950087474609	150.80487870085022
10	10	0.3473684210526319	31.172030311713975	114.98240412276941	2.2610041490349406	0.5106226369722408	99.82070418595723	221.64809108455822	306.7059016969317	72.17332204002567
10	-2	0.3473684210526319	26.835762454352654	106.65523700154849	4.541470066215405	0.42573436848978113	133.01501545098185	511.1453440771974	306.7059016969317	122.0061890120788
15	40	0.3473684210526319	37.21956762880591	114.7757699204246	2.078213704537268	0.5868355557677719	22.492162790613605	5.141895149196491	222.31097728988945	80.36763577297353
10	0	0.3473684210526319	24.0957296332071	107.50262354631509	4.450362453591083	0.3641768038863024	198.6158830721711	1233.5580028490801	306.7059016969317	107.12937507271361
15	20	0.3473684210526319	35.01749157864912	114.8914762784936	2.203154819062007	0.5663772772455314	48.00819630802767	39.7717103385018	222.31097728988945	79.65335540690519
15	-5	0.3473684210526319	31.38040605318403	106.53222754946242	4.549621509635355	0.5046718590134124	54.632276572569616	178.67486834865602	222.31097728988945	142.00310315171419
15	-10	0.3473684210526319	35.20742359108276	106.46634590387049	4.242854364027127	0.5208139696991482	51.017900729300244	102.98418914514974	222.31097728988945	149.0358118450815
5	2	0.3473684210526319	22.068533241550707	111.33204410244146	2.937828154886103	0.22142385167151937	255.1777425279593	1685.5956148604284	313.75400038458673	65.01273353575559
10	-5	0.3473684210526319	30.82200822689365	106.39336026188458	4.378257884233823	0.4695272764648017	92.44008759159702	193.05323890061163	306.7059016969317	135.40955403213758
5	5	0.3473684210526319	24.99420373447513	114.51443456989111	2.2167931953944358	0.37208228409774313	165.5916787004175	1058.6861094332744	313.75400038458673	56.006680201383894
5	0	0.3473684210526319	22.160725116368788	108.7353149620712	3.5339964880317964	0.22823786123995146	280.8656356945811	1584.8323860712478	313.75400038458673	78.45873546531956
5	-2	0.3473684210526319	24.13895213364864	106.97329640780114	3.9766430752235964	0.31208060913701585	244.2948702933696	829.7537684343257	313.75400038458673	96.28328857638652
10	20	0.3473684210526319	35.01751118507615	114.94849267158237	2.0950403083215265	0.5635836678783471	43.65588083897657	23.57795305251625	306.7059016969317	75.67554556201429
15	-20	0.3473684210526319	39.90760441488032	106.53661177751661	3.8827733904465256	0.5499377410549761	34.211151379497856	25.99757427253594	222.31097728988945	155.35254022073087
10	40	0.3473684210526319	37.27572019078228	114.77840846684813	2.0390365262061816	0.5853985024520579	22.158577311546587	3.2709485337856234	306.7059016969317	78.64104772035779
15	-40	0.3473684210526319	42.58466887682435	106.66692597882434	3.698576457269834	0.5663015037990683	19.578333862288908	4.309301770026241	222.31097728988945	158.37749946359813
10	-10	0.3473684210526319	35.59608592162112	106.3972174458731	4.0843716035366375	0.5078057007709676	67.08502485742177	96.57203648982332	306.7059016969317	146.3177238492407
5	-5	0.3473684210526319	30.006947643206964	106.357220311583	4.07766553825885	0.42246006353439036	148.3015104711213	282.8292906301191	313.75400038458673	122.99753648412533
2	2	0.3473684210526319	22.149569590881747	112.13984350345417	2.3618959953405105	0.2147755853515596	228.6948372819723	1634.3424417875501	315.16884005788893	52.44913426721869
5	10	0.3473684210526319	31.349237453947197	115.14030943461542	2.023099529776342	0.5101447389254157	76.91674330070431	128.8588030949279	313.75400038458673	64.57513646971768
2	5	0.3473684210526319	25.792959510896015	114.78238254877333	1.9351325981425036	0.38717597290540956	127.04456973947248	837.8998413871586	315.16884005788893	50.23091205411123
10	-20	0.3473684210526319	40.223896145455825	106.52754919827585	3.7983656889436266	0.5463535383380229	38.304045453709385	18.09876602205929	306.7059016969317	154.280092137822
2	0	0.3473684210526319	22.05712194858827	109.6229380881395	2.9075740292546803	0.18887598631719202	253.332679036659	1551.7426986735709	315.16884005788893	64.23904044106978
2	-2	0.3473684210526319	23.211589181834288	107.51520391087546	3.452581805994237	0.25202835604404156	254.10726459804235	1098.0947557285747	315.16884005788893	80.29525274029407
10	-40	0.3473684210526319	42.697181418422666	106.66958037073601	3.6640166269117667	0.5648643857363201	20.9600170045139	2.9132991555265795	306.7059016969317	158.25452626180723
5	20	0.3473684210526319	35.202618843720316	114.95685712506483	2.0018137889644425	0.5613497412322759	39.479560049437346	15.661726775291013	313.75400038458673	71.92321462932028
0	2	0.3473684210526319	22.541342226158978	112.58438002021765	2.0366063859398564	0.2276951270645233	200.98579583579286	1561.5790829399778	314.65562932839464	45.90784152545111
5	-10	0.3473684210526319	35.996819873842966	106.3627432662119	3.8867945992369437	0.49632998081035357	87.22809781883242	96.70527318336252	313.75400038458673	140.93698746877783
5	40	0.3473684210526319	37.36985085725292	114.7727953780776	2.0019770704999074	0.5841252417356837	21.47163655754817	2.291930006045331	313.75400038458673	76.43139049113759
2	10	0.3473684210526319	31.78618692808316	115.13271174007564	1.9147352871919865	0.5105879814320206	67.11482191994364	107.02753772287335	315.16884005788893	61.39146463193108
0	0	0.3473684210526319	22.226477195161593	110.18479486231927	2.5270959281630763	0.18336174753825105	232.35312493926358	1519.0749996207032	314.65562932839464	56.16844001730233
2	-5	0.3473684210526319	29.147757891945695	106.46077975941816	3.8027684530052475	0.3863776732627272	195.37817927087798	438.2812840163461	315.16884005788893	111.16769175784974
2	20	0.3473684210526319	35.38955115148566	114.94227405944838	1.9522519034320422	0.5602705305670014	37.11843438613363	13.921759936945445	315.16884005788893	69.73920879043784
5	-20	0.3473684210526319	40.48250584182765	106.52962499238079	3.7095709405434985	0.5426910229276318	42.67375940270136	13.78464756318892	313.75400038458673	151.51604214272066
0	-2	0.3473684210526319	23.085010874870967	108.01970308212425	3.0742618338299543	0.22665006395135787	251.2860413624216	1310.3216238439056	314.65562932839464	70.96936786616526
5	-40	0.3473684210526319	42.804475641650995	106.67479694244537	3.6280936991155084	0.5634782644744195	22.210794459605214	2.162296066683665	313.75400038458673	156.80983361998227
0	-5	0.3473684210526319	28.34572210186674	106.62878856819843	3.560443977750817	0.35831828655821246	222.26403262161085	568.0023049135923	314.65562932839464	100.92335555258967
2	40	0.3473684210526319	37.44349307566729	114.76569490241133	1.9808194418080722	0.5834421326009388	20.936811924452893	2.099983065719044	315.16884005788893	74.8860357196631
-2	2	0.3473684210526319	23.262036025585076	112.91417458899592	1.7808611592513954	0.2499826582576016	159.55379104179752	1390.5336744801318	300.265867373234	41.19827630632417
-2	-2	0.3473684210526319	23.22576038821302	108.5604240939244	2.709455169557873	0.21528335066593388	234.4782127897008	1331.2838788335373	300.265867373234	62.71632015423902
-2	0	0.3473684210526319	22.611862832690335	110.69966032541555	2.1897761404320435	0.19204596274572802	209.89157614040252	1480.5639474293828	300.265867373234	49.33320291514304
0	5	0.3473684210526319	26.75709496604819	114.8052254172955	1.7995727756085291	0.3984193124125843	107.57879584932205	731.6675225049809	314.65562932839464	48.151339655272345
2	-10	0.3473684210526319	36.156346425411506	106.36846806827394	3.749932192287038	0.48982725515426606	99.11752391150826	99.4871724855296	315.16884005788893	136.11933618707437
2	-20	0.3473684210526319	40.60180077164845	106.53685537518086	3.6538626379065318	0.5404423255459424	45.36008104422544	13.407647269577225	315.16884005788893	149.02882725667425
0	10	0.3473684210526319	32.178112536180386	115.09716259091732	1.8532596015591065	0.511109358349073	61.844308368643695	101.35816806464884	314.65562932839464	59.634396017725756
-2	-5	0.3473684210526319	27.663787250332728	106.8564505146842	3.2926786352225093	0.3353872060526547	220.4384998664024	627.1953243121027	300.265867373234	90.70867259028391
2	-40	0.3473684210526319	42.86525352458348	106.67921351413585	3.6059528458269887	0.5626747583313263	22.850195567670152	2.0608986807291974	315.16884005788893	155.31767082301118
0	20	0.3473684210526319	35.541800362707654	114.92550137700457	1.9216184082080134	0.5596549133003303	35.60876327658462	13.782050644486198	314.65562932839464	68.29777783783328
-5	-2	0.3473684210526319	23.82287443642099	109.32907155423898	2.227000762120493	0.22282325840694694	205.6752221296432	1325.93125414463	263.1788187611562	52.389026712689
0	40	0.3473684210526319	37.49934321909156	114.75949436464819	1.9671780963723458	0.5830209160868833	20.46234434947407	2.104752786429156	314.65562932839464	73.76788660894576
-5	-5	0.3473684210526319	27.114018122884303	107.27558816843165	2.8808805024539867	0.3176813313702023	213.27728278569896	736.0826985221371	263.1788187611562	77.06427925390001
-2	5	0.3473684210526319	27.913083382258126	114.73910961119452	1.6942886874563299	0.4088655411082796	93.50881476842875	680.6226825646401	300.265867373234	46.865714483431965
0	-10	0.3473684210526319	36.175350379003206	106.3878307837826	3.6524064437759574	0.48504409164562196	107.19752769414114	109.27171046605427	314.65562932839464	132.12708283012432
-2	10	0.3473684210526319	32.63493253036765	115.0421971606863	1.7988684298501862	0.5117788323528663	57.25640121161105	101.05854967808189	300.265867373234	58.087300985232815
-5	0	0.3473684210526319	23.647643901344907	111.34238538715076	1.7848209312107133	0.22505336415752736	171.92880365527398	1397.3089483359486	263.1788187611562	41.58235887710719
-5	2	0.3473684210526319	25.15992257769855	113.11501840020267	1.5504758511802232	0.28954627623758916	107.85076497102928	1098.0547797188713	263.1788187611562	38.22648184394983
0	-20	0.3473684210526319	40.663673040605495	106.54442332286574	3.6155667554039645	0.5389178956768541	47.18373158691202	14.303220996770056	314.65562932839464	147.02222439822967
-2	20	0.3473684210526319	35.71406155190983	114.90366555683129	1.892780447103313	0.5591193566903954	34.144528813295075	14.329932463340908	300.265867373234	66.86081006563211
0	-40	0.3473684210526319	42.90395141798955	106.68270897068966	3.5909694978898514	0.5621520742263217	23.229538094308307	2.15739164825102	314.65562932839464	154.06678088094853
-2	-10	0.3473684210526319	36.11111620070421	106.42227335682122	3.548380869629943	0.47980703247902223	115.99377753885575	129.25444426323398	300.265867373234	127.45325541662896
-10	-2	0.3473684210526319	25.9258193459061	110.36548314136803	1.647875424133024	0.28140653190036874	151.54552928166868	1252.0462599581479	203.07703078002987	40.80658534075675
-2	40	0.3473684210526319	37.560335294673976	114.75217746353415	1.9539119759233665	0.5826271139126429	20.12159242855225	2.2651441481174426	300.265867373234	72.58115293700124
-5	5	0.3473684210526319	29.83840620190105	114.54391335040857	1.5773897601508504	0.4236138330224121	75.8299519715436	612.3499232902324	263.1788187611562	45.786047788428
-10	-5	0.3473684210526319	27.4179591332625	108.14052718658641	2.244089195858974	0.3278977351059449	182.6868368551383	952.6239993593082	203.07703078002987	59.032445134013244
-2	-20	0.3473684210526319	40.709934182303826	106.55436431785266	3.5762489747747668	0.5373718048178217	49.02887633352838	16.214130302224774	300.265867373234	144.73669725175526
-5	10	0.3473684210526319	33.41905012197348	114.9304891999816	1.7283338269750301	0.5130087071725281	51.48946541418033	108.1842817301075	263.1788187611562	56.04526227613693
-5	20	0.3473684210526319	36.006238303296186	114.86242809826905	1.8526562740286385	0.5584594307481701	32.04744984859694	16.301634421093915	263.1788187611562	64.70081261494953
-5	-10	0.3473684210526319	35.83769625334868	106.50913033702014	3.376356999467684	0.4709961914611254	130.12032451968182	182.44131248629267	263.1788187611562	119.0692735474935
-2	-40	0.3473684210526319	42.94104944882469	106.68665360528443	3.5758215236257986	0.5616406664805641	23.57404208367378	2.385683493829966	300.265867373234	152.61430413706802
-10	5	0.3473684210526319	32.99072274546652	114.1665927443019	1.457847512180535	0.4487679145809683	55.33614992044065	507.9854450134809	203.07703078002987	44.793873076098166
-10	-10	0.3473684210526319	34.851724706371904	106.78481406381611	3.030428508042851	0.45368169264566566	150.44872059737705	340.6123103413955	203.07703078002987	101.26546721543941
-10	2	0.3473684210526319	29.437044592147128	113.1550867067693	1.3594605696095672	0.3625383568761661	74.84022884859094	939.3240371853732	203.07703078002987	37.55734706631926
-5	40	0.3473684210526319	37.66094693888236	114.73922294222406	1.9347216152756863	0.5820878175795334	19.44282209451615	2.675321679294744	263.1788187611562	70.67555436536678
-10	0	0.3473684210526319	26.80681765761606	111.95861999893226	1.4063510164405708	0.30458911595503924	102.73904161375752	1136.951495016867	203.07703078002987	35.70920202033046
-10	10	0.3473684210526319	34.923279735848325	114.68667079550461	1.6338416172463832	0.5155068636179095	43.867772225397175	134.72252061708082	203.07703078002987	53.06603057808563
-5	-20	0.3473684210526319	40.74718695529584	106.57410385196788	3.5151393881824196	0.5350095082987212	51.79834188017672	21.3220934904715	263.1788187611562	140.78699392578497
-10	40	0.3473684210526319	37.8509159919226	114.71281173495878	1.9046391510927274	0.5813255816173662	18.17800529058606	3.83277506852022	203.07703078002987	67.17618851479915
-10	20	0.3473684210526319	36.570159186420085	114.77458232798917	1.793330416914418	0.5577157801706087	28.79783347174734	22.08679004666551	203.07703078002987	61.04434945946143
-5	-40	0.3473684210526319	42.99341226712281	106.69342234731283	3.5528145109306752	0.5608960002964326	24.00516222172434	3.005026580005762	263.1788187611562	150.06462199150045
-15	5	0.3473684210526319	35.79350336242189	113.8087506943633	1.3923484615579635	0.4730156617947792	41.199898319607016	446.3983715434467	154.6635536027069	43.75683756313878
-10	-20	0.3473684210526319	40.713642567080285	106.62165489773838	3.40668359301797	0.530958397356957	56.258080257860094	36.85183500759982	203.07703078002987	132.83756016509608
-30	-10	0.3473684210526319	33.02955538527722	108.85807600078397	1.7851442497439882	0.46174196734474987	69.19059045332298	717.3500572723799	85.522965133938	43.43747500047597
-15	-5	0.3473684210526319	28.778889627191873	109.08284658329694	1.77732351333372	0.36292390611156267	134.27769100679777	1029.3569385801297	154.6635536027069	46.70327608523196
-15	-10	0.3473684210526319	33.64546675716003	107.22518621325968	2.643598211922079	0.4412385452340519	137.10325939524844	467.6136847498506	154.6635536027069	82.07202122016204
-15	10	0.3473684210526319	36.584451147760646	114.39728481189957	1.5611922101428632	0.5185210350387092	37.15514716946923	166.38275785495637	154.6635536027069	50.25945398454173
-15	-2	0.3473684210526319	29.350856591172988	111.02238349134352	1.3528564024051581	0.36125371218501695	93.39250475846009	1068.5919681095013	154.6635536027069	35.610208454562006
-15	2	0.3473684210526319	33.66302508377524	113.03111750780462	1.2777292645631932	0.42696465669280537	49.58109365871922	750.4280226800836	154.6635536027069	37.8266400748001
-15	0	0.3473684210526319	31.31485613032876	112.19290379283582	1.251296922667387	0.3907758512611687	71.6449567617864	969.8174230675517	154.6635536027069	34.681822612524506
-30	5	0.3473684210526319	41.02290980179638	113.13668450633297	1.346567000219346	0.5218745312607859	11.0909643675869	308.20158759084626	85.522965133938	37.13492104435908
-15	40	0.3473684210526319	38.0652539081814	114.68115739433827	1.8769322168742848	0.5807319207709458	16.78750927932343	5.493363757890872	154.6635536027069	63.29006310819375
-15	20	0.3473684210526319	37.21074126428439	114.667933175595	1.7422698510279662	0.5573739356967702	25.723529682626502	30.217616590052824	154.6635536027069	57.25410073768618
-30	-5	0.3473684210526319	34.675543895049294	110.93879939696735	1.2937926676271376	0.46588224651683363	36.390592462552	751.3621049000583	85.522965133938	30.775106747354968
-10	-40	0.3473684210526319	43.0711053411244	106.70700472796354	3.5138099890039824	0.5597212082151216	24.4674142464463	4.807590888625003	203.07703078002987	144.85815214702524
-15	-40	0.3473684210526319	43.135907040496335	106.7234829321246	3.4741595103188807	0.5586404690740198	24.552922787108127	7.63658683351751	154.6635536027069	138.51774874387874
-30	10	0.3473684210526319	40.957245555552646	113.63999150991188	1.448087990920747	0.535924860072882	17.850958744224346	185.67355530320168	85.522965133938	40.38869988659547
-30	-20	0.3473684210526319	39.206475527738974	107.08235616842596	2.8572428755551593	0.5147288722597584	64.78564139547225	221.10098576921968	85.522965133938	86.92391153835369
-30	20	0.3473684210526319	39.40281675117668	114.28303267146534	1.6281088207362402	0.558300032158786	17.518859628359515	63.07348608014713	85.522965133938	44.55802843929139
-30	-2	0.3473684210526319	37.181292516795324	111.89584502162884	1.2274749247922323	0.48491632640796106	14.462461638608632	526.0376364769395	85.522965133938	30.509715784937214
-15	-20	0.3473684210526319	40.547074369117865	106.6910985695132	3.28832513684781	0.5267913206691555	60.15436735809852	62.963197696244194	154.6635536027069	123.26045220850675
-30	0	0.3473684210526319	38.753243603275344	112.34449294165996	1.2458211096112115	0.4960416038977982	10.22850875637919	473.49061766799065	85.522965133938	32.1997572761591
-30	2	0.3473684210526319	39.968627066496126	112.71206002408222	1.2814528197820674	0.5072556112897141	9.07208171402904	417.9405509990983	85.522965133938	34.21885588754565
-30	40	0.3473684210526319	38.811914087468196	114.56419929320616	1.8077002645380906	0.5799133453083741	12.222238343129796	12.553993372649183	85.522965133938	49.50683504566632
30	10	0.28947368421052655	36.3283897046564	111.91485795815721	3.750004153298565	0.5471691245423723	96.27997246701247	964.3915291115502	108.46950087474609	127.91892362412301
-30	-40	0.3473684210526319	43.25292949489329	106.78968249894012	3.3538802265878704	0.5561112604009517	22.431893814101258	22.648838049395838	85.522965133938	113.60338018323554
15	5	0.28947368421052655	26.15253004165076	111.8254913290699	3.672466616031688	0.4040156010713364	214.45466865033075	1640.9126205276314	222.31097728988945	95.50635339444827
15	2	0.28947368421052655	24.291612888139635	108.34150314531617	4.591465886916059	0.4114364660576665	137.71769021589887	1385.806212634561	222.31097728988945	110.3204346030021
60	20	0.28947368421052655	41.962626127503206	112.42307291494727	3.463195060500141	0.6026406311367717	20.4258991733511	468.57200448350386	25.991817785431305	94.56276229132257
-60	5	0.3473684210526319	44.313605023404776	112.81960366594099	1.391330919676226	0.5522083139056906	1.8588412017205702	184.10287403387755	21.541774193074936	9.635507372513185
-60	40	0.3473684210526319	40.40001415604431	114.31255144401104	1.7263087170756894	0.5820008977507142	3.892032055919807	28.31403811042376	21.541774193074936	14.508727644654064
-60	-20	0.3473684210526319	37.234183568106616	108.31055484422858	2.097111287990151	0.5248047673641743	17.920225755048435	409.98255456627345	21.541774193074936	22.119390601375283
-60	20	0.3473684210526319	43.36735110256355	113.59867285613142	1.5277720581898735	0.5678306979594143	4.210778131346951	91.16172022943611	21.541774193074936	11.801566779593587
30	5	0.28947368421052655	34.19861130708223	109.40024191203968	4.461219079713019	0.5457180525188864	39.81393539826439	971.4031487492173	108.46950087474609	141.45872820211193
-60	10	0.3473684210526319	44.550608664861024	113.10222006523553	1.4382985059140807	0.5592320971121669	2.325512131623732	130.24818543532956	21.541774193074936	10.462267177357326
-60	-10	0.3473684210526319	37.92002160904985	110.81615938173395	1.3667604653565077	0.5213358248001363	9.306036518110616	573.1703400206742	21.541774193074936	8.793280048706308
60	40	0.28947368421052655	38.135588921463544	114.44067004366467	2.457585235543343	0.6048465446597917	10.543719121091437	63.84760969274778	25.991817785431305	66.8366272858733
60	5	0.28947368421052655	38.5701809942835	108.76728358130195	4.488043778373705	0.6060579618356668	3.444727595909212	369.213143923493	25.991817785431305	106.79633698734364
-60	0	0.3473684210526319	42.95298517061081	112.40412424793854	1.332851491348927	0.5410691999837866	2.0641870616941986	267.7306291788045	21.541774193074936	8.498079451796086
60	10	0.28947368421052655	40.59414867245361	110.00390910988293	4.232615324991728	0.6007065983533911	9.464118062374984	620.4405052241638	25.991817785431305	107.02788714884984
-60	2	0.3473684210526319	43.65344274770082	112.59310181370569	1.3567797115388687	0.5458788368898834	1.8746696140806864	238.9291020902776	21.541774193074936	8.977108551006127
-60	-5	0.3473684210526319	40.48418468591702	111.79309670235652	1.2921812002680517	0.5305772169358827	3.3975039919567855	320.60301222958856	21.541774193074936	7.554237595590286
-60	-40	0.3473684210526319	43.33842128537383	106.96957616153199	3.1427362563184427	0.5556975041225386	9.329300273171503	71.85556385123735	21.541774193074936	47.244078631484655
-60	-2	0.3473684210526319	42.076617736542204	112.18419118258409	1.3118279787973142	0.5364514203855412	2.4417430099537842	291.58069077786024	21.541774193074936	8.050663655280836
30	20	0.28947368421052655	35.412474957358995	114.4534060301853	2.6088982051088667	0.5779659240007978	57.75352647633791	164.84190606020317	108.46950087474609	90.2435605773379
60	2	0.28947368421052655	36.930493326130744	108.17294221325156	4.5892511303829995	0.6039766961763782	2.1691752235686774	285.8599612005884	25.991817785431305	104.05848701942747
60	0	0.28947368421052655	36.1586914754813	107.85074632430845	4.626734336307765	0.6008457392413336	2.0674755187554736	223.81443128874048	25.991817785431305	102.46342070471556
30	2	0.28947368421052655	32.217623160074865	107.89662010305113	4.7271589316475895	0.5532685459702192	16.38289680148867	628.193727765553	108.46950087474609	140.80628421851947
60	-20	0.28947368421052655	37.4459829268423	106.84240651355765	4.374029778251568	0.5842643234799132	4.911197597144608	75.57507703812873	25.991817785431305	100.84213072152089
60	-5	0.28947368421052655	35.490709214403275	107.37042262315107	4.633857057826064	0.5948779233364957	2.3827320554548344	137.03648526688576	25.991817785431305	100.51351874739407
15	10	0.28947368421052655	29.778550227615153	114.75051652308265	2.5535548836075326	0.5106477948593862	124.80846213114445	420.96881848215605	222.31097728988945	77.38581583236996
60	-40	0.28947368421052655	41.637853897079076	106.71172620439249	3.9285985292289016	0.580221468051441	5.024464672987029	27.6996211500603	25.991817785431305	102.7116665595821
60	-2	0.28947368421052655	35.72976331407824	107.61778503582855	4.640613201144858	0.5981695361603824	2.136976371360283	177.94340479320266	25.991817785431305	101.41309544738654
60	-10	0.28947368421052655	35.723837214792475	107.10874933361536	4.578625246296096	0.5905682384003141	3.0143646034956726	101.77952083794811	25.991817785431305	100.05388432470696
10	2	0.28947368421052655	19.72254080382163	109.56003517016053	3.9863039114696233	0.2782865527939127	221.10104502642685	1645.7607342358017	306.7059016969317	78.3786975911174
30	40	0.28947368421052655	36.92142554688218	114.75620217275264	2.1994166002962885	0.5921657803765115	21.458951698100115	16.818605546000207	108.46950087474609	81.25791167157821
30	-2	0.28947368421052655	31.79519132135688	107.08523709547185	4.766147239515427	0.5585346984733566	9.73125214230199	200.2059637732515	108.46950087474609	140.11733636035922
30	-10	0.28947368421052655	33.901605730140574	106.6745821104797	4.548726059136376	0.557215426494961	16.897787161576257	104.58700316519952	108.46950087474609	142.99426203853886
30	0	0.28947368421052655	31.814966365058236	107.36041268133867	4.7726176227171	0.5577773003906075	10.708417947915946	330.8106625010803	108.46950087474609	140.37070982845287
10	5	0.28947368421052655	22.387344143428145	113.56582967864964	2.873484219775259	0.34918962909021717	206.55389538812108	1468.507369107129	306.7059016969317	64.7098499251206
30	-5	0.28947368421052655	32.27998142913312	106.85728161736806	4.709759480120284	0.5579462052489699	11.493072927798663	144.7170661298441	108.46950087474609	140.66791018112602
15	-2	0.28947368421052655	26.934312800959272	106.55974289553106	4.799516067215884	0.4859333079135745	50.959918664194824	333.19056708091034	222.31097728988945	128.25433786680495
30	-20	0.28947368421052655	38.09960272813041	106.57224642677967	4.1443224742880185	0.560097773284274	23.026548388325754	59.810621531419635	108.46950087474609	147.4125990159372
15	0	0.28947368421052655	25.007809672255117	106.99362989318402	4.829075507842008	0.4563282389759992	68.90042404671459	623.8121010362522	222.31097728988945	119.60323054308527
30	-40	0.28947368421052655	41.92284215770019	106.6473464381522	3.8025279105639576	0.570720571280329	14.687230235667233	11.208632169478475	108.46950087474609	150.0186291247187
15	20	0.28947368421052655	34.063085965803985	114.99729457120108	2.1854028713847606	0.5663157962286565	46.5982118785106	38.747155950553434	222.31097728988945	76.89777041252353
15	-5	0.28947368421052655	29.58916352855898	106.38187931641676	4.638891374047108	0.504249186768305	51.54826353171555	159.45035480262953	222.31097728988945	136.44552399382863
15	40	0.28947368421052655	36.82550445991096	114.81845248244552	2.0714454968737672	0.5869365132379329	22.282126604113984	5.105271817267767	222.31097728988945	79.27695359345046
15	-10	0.28947368421052655	33.75921270526795	106.3634139244692	4.310780765917297	0.519159079827933	51.14875046602072	97.32299234550841	222.31097728988945	145.10596578433905
10	10	0.28947368421052655	29.14467161474518	115.209554065269	2.2197646183800157	0.5080159572545396	92.99080498806546	211.59174517396315	306.7059016969317	66.2824865839461
10	0	0.28947368421052655	20.447931547056164	107.15480514302261	4.598425747246477	0.3476735085714946	166.54350491911242	974.3130802880014	306.7059016969317	93.83429416121626
5	-2	0.28947368421052655	20.487394212007594	106.6767180641874	4.101426328274448	0.2927438418350238	221.2081427298028	663.0599676130694	313.75400038458673	84.23050953303557
5	5	0.28947368421052655	21.423721778001063	114.8676362907682	2.1354915590421086	0.3544429576901416	139.27888691035375	901.4612383307158	313.75400038458673	46.23789981096831
10	-2	0.28947368421052655	23.88564573408768	106.41682785182729	4.671550472135901	0.4166534528764516	121.45464780124662	452.21585601675514	306.7059016969317	111.61595616575157
10	-5	0.28947368421052655	28.590709434363486	106.21071547545718	4.481428847822529	0.4664270645691726	92.24839431743705	178.130072025493	306.7059016969317	128.4963714318554
5	2	0.28947368421052655	17.650654067646418	111.4961395332728	2.94262506352301	0.19335193043403257	233.90642351449605	1610.1588782267793	313.75400038458673	52.039056569316486
5	0	0.28947368421052655	17.750454817698763	108.37810165769663	3.692057832545681	0.2045244407675667	272.7435910030573	1518.9026391291334	313.75400038458673	65.6027329640881
15	-20	0.28947368421052655	39.074826241352454	106.47373957572786	3.9119932777209527	0.5490112241136009	34.95953249756997	26.519493794841818	222.31097728988945	153.2041840711754
10	20	0.28947368421052655	34.08533918687974	115.05146236022338	2.0780337262354855	0.5634574590688204	42.346419487509486	23.072728948205814	306.7059016969317	73.08943433274527
2	2	0.28947368421052655	17.806893145180208	112.4974240828407	2.2763488724454795	0.18863337770785427	214.46765662339007	1582.3168598984819	315.16884005788893	40.627235004081555
15	-40	0.28947368421052655	42.21276880849274	106.6370539547459	3.7084737921333413	0.566110320470837	19.78798934014421	4.351871078124775	222.31097728988945	157.3958275900149
10	-10	0.28947368421052655	33.942997684781936	106.27926654833382	4.15331827155065	0.504276211886863	67.92920451639678	91.2592672960512	306.7059016969317	141.80660359946455
10	40	0.28947368421052655	36.88040519224871	114.82117463490484	2.0323098857978867	0.5854876900469607	21.886799179474842	3.241549744131658	306.7059016969317	77.56330564466631
2	-2	0.28947368421052655	19.379887557363524	107.18117039765217	3.5423895095057554	0.22913776919697534	233.59468893439205	870.3204636358948	315.16884005788893	68.76426692273493
10	-20	0.28947368421052655	39.35159075800876	106.45989353254686	3.8252890143796865	0.5452800108587467	39.17501353292737	18.4236901894626	306.7059016969317	151.97037989626196
2	0	0.28947368421052655	17.791428593717146	109.47111996549827	2.9353483275357934	0.15818088231679936	243.62060979801817	1494.1478294998797	315.16884005788893	52.29044308555953
5	10	0.28947368421052655	29.482553933473984	115.34755237979668	1.9867521119230225	0.5077283454086434	71.70865083249187	124.8050029923944	313.75400038458673	59.656278033169244
5	-5	0.28947368421052655	27.24660538893762	106.15160310839175	4.170451566264999	0.4117820692244419	151.20758541585195	273.81759085744375	313.75400038458673	114.1761073073384
10	-40	0.28947368421052655	42.31296734858121	106.63856731432598	3.673582249875617	0.5646495296469602	21.186328265480245	2.9376098194574447	306.7059016969317	157.2274821599979
5	-10	0.28947368421052655	34.13791942501445	106.231029488817	3.950337893943049	0.4905135214561828	89.22611489303388	94.22618309206301	313.75400038458673	135.80258031853805
5	20	0.28947368421052655	34.29584552352803	115.05655492685742	1.9856799639212643	0.5611795688147634	38.29898137068212	15.432524226335772	313.75400038458673	69.51884062395933
0	-2	0.28947368421052655	19.165267167703124	107.68629856282602	3.1249913446883957	0.20211093917792913	234.64864534426906	1090.311551642142	314.65562932839464	59.891294017712944
5	40	0.28947368421052655	36.976159123495	114.8153252525433	1.9953461432859723	0.5842033302774128	21.20731167860952	2.2771590099353487	313.75400038458673	75.3821835088237
2	5	0.28947368421052655	22.436669261637643	115.09230662109584	1.8678126490170166	0.3701736483188992	107.79039346452376	747.3116319240241	315.16884005788893	42.17182223885458
0	2	0.28947368421052655	18.371664389412313	112.98484420574718	1.9115635521489067	0.20412819443281655	181.5827920963163	1488.1314126132263	314.65562932839464	35.118604039112576
2	-5	0.28947368421052655	26.02702280186744	106.26719213248592	3.8661403861018013	0.36777411721359493	199.03024704495357	422.3841752620226	315.16884005788893	100.89688674931669
2	10	0.28947368421052655	29.999062456481223	115.32973408621827	1.8811682572018502	0.5083163756002808	62.74901318492437	104.42801642237848	315.16884005788893	56.931089345302105
5	-20	0.28947368421052655	39.57359673855951	106.45801139091775	3.733570166941536	0.541466284016935	43.67566524674392	13.966336221935366	313.75400038458673	149.05611684760103
0	0	0.28947368421052655	18.07614220216299	110.15060815453019	2.4861318445704894	0.1523181044872754	221.30061137939106	1464.2559433260735	314.65562932839464	44.93967275578195
2	20	0.28947368421052655	34.49925980031111	115.03986789876966	1.936671342515449	0.5600821878268117	36.02271500311567	13.762029466939943	315.16884005788893	67.4473694402735
-2	-2	0.28947368421052655	19.346591817781498	108.30139226610969	2.7074515725386386	0.18954442215969425	223.8210783632447	1244.4386526280357	300.265867373234	52.2200741833025
5	-40	0.28947368421052655	42.41041410496163	106.64289465934085	3.6372011814802025	0.5632413361544713	22.452119171538715	2.175343251372743	313.75400038458673	155.75013587737973
2	40	0.28947368421052655	37.05211113503493	114.80793575136796	1.9742713850323719	0.5835141561748984	20.675596596436403	2.0895806977312135	315.16884005788893	73.86090337633539
0	-5	0.28947368421052655	25.10375492538789	106.44519799221729	3.5998509466608395	0.33633350908082277	210.02741995361703	486.66079508103763	314.65562932839464	90.3697759328993
-2	2	0.28947368421052655	19.418214073957543	113.23655323564869	1.6675900453585644	0.22721795859551933	126.3814710202272	1168.2338323179608	300.265867373234	32.20791207377156
0	5	0.28947368421052655	23.54170574804819	115.10333034151178	1.7383173546847375	0.3833453169749274	93.7226087654907	696.905638467006	314.65562932839464	40.92295566071361
0	10	0.28947368421052655	30.438308230654325	115.2881082890258	1.8213850960342317	0.5089425626100431	57.95581513172159	99.12152300421513	314.65562932839464	55.43988095980988
2	-10	0.28947368421052655	34.20351214966162	106.22996419395434	3.804044437326434	0.48302044599379174	103.38494689578772	101.65577916775591	315.16884005788893	130.60899404462495
0	-10	0.28947368421052655	34.17010583659439	106.24645234777654	3.6978301736238866	0.47772905205097305	111.61036654942139	111.22992172201158	314.65562932839464	126.3552483984804
-2	0	0.28947368421052655	18.594165019945034	110.75594710544219	2.100365122707787	0.16292700788277972	196.44992178721145	1422.203913961011	300.265867373234	38.92501699126471
-5	-2	0.28947368421052655	20.084638829208863	109.19475547769692	2.1629410008754983	0.19803034914036158	193.31326814558358	1253.5219173762987	263.1788187611562	42.929928843398045
2	-20	0.28947368421052655	39.672478194853014	106.46337707328912	3.6757955424894444	0.5391258453095645	46.446224306666835	13.553478802298565	315.16884005788893	146.48553051172328
0	20	0.28947368421052655	34.66297549867121	115.02164533734255	1.9064134261766437	0.5594577757592722	34.598558107151476	13.664665688796676	314.65562932839464	66.08196188189883
-2	5	0.28947368421052655	24.829080103191558	115.03106553295213	1.6375426858805535	0.3960028948385088	82.42478141052239	650.9477039865915	300.265867373234	40.29076497320934
2	-40	0.28947368421052655	42.4665159665401	106.6469082637743	3.614728214812446	0.5624254630629623	23.107648867267585	2.0709463523361737	315.16884005788893	154.2449507042029
0	40	0.28947368421052655	37.11002587236953	114.8014851117355	1.9606940170722733	0.5830891096908709	20.291051447580184	2.114848805620339	314.65562932839464	72.76140570135222
-2	-5	0.28947368421052655	24.408033113281093	106.6741869637205	3.3140504552048617	0.3129836427220235	208.41457013561427	537.81417519185	300.265867373234	80.57356932768282
-2	10	0.28947368421052655	30.938802085765293	115.22755677733953	1.7685637673501053	0.5097196086529073	53.73744666701778	98.80215024551276	300.265867373234	54.13354306250914
0	-20	0.28947368421052655	39.72145820455152	106.46995443868177	3.635988473067293	0.5375403171292644	48.29781047467843	14.42565195877234	314.65562932839464	144.42676416517358
-2	-10	0.28947368421052655	34.052253666778235	106.28016477912706	3.5840187230488025	0.4719366237820233	120.75896856008454	131.69713321929498	300.265867373234	121.40871629025881
-5	0	0.28947368421052655	19.86834193956198	111.4683085219852	1.6652987898777956	0.20016469099724818	153.20435643854574	1319.7687343350647	263.1788187611562	32.61420760273253
-5	2	0.28947368421052655	21.6991827976152	113.32133251009245	1.4655950918861396	0.2666710242215719	88.93003352890132	999.1450619467994	263.1788187611562	31.176868294255243
-5	-5	0.28947368421052655	23.851419228651046	107.10343355854017	2.872739752029989	0.29574857873139476	201.12087486602368	634.5476414671473	263.1788187611562	67.64338633949227
0	-40	0.28947368421052655	42.50264824704627	106.65019404562304	3.5995022008901074	0.5618951305393926	23.451460391299214	2.1517754432207123	314.65562932839464	152.9883759089011
-5	5	0.28947368421052655	26.952132962169436	114.81428703130283	1.525110372499427	0.412855157475649	69.27731914948353	621.1279224708547	263.1788187611562	39.97875023405326
-2	20	0.28947368421052655	34.847062537570515	114.99832615873841	1.8779529236232506	0.558915669152545	33.160622686136435	14.177232023822278	300.265867373234	64.72155553074438
-2	40	0.28947368421052655	37.173491060680234	114.79387362487674	1.9474984209272765	0.5826916616758591	19.882418293583704	2.2549540907735066	300.265867373234	71.59526692652096
-10	-2	0.28947368421052655	22.497792305453334	110.3489083772489	1.5523092890222774	0.2607117436937548	135.29182975541585	1177.8020561121987	203.07703078002987	33.37444232001243
-2	-20	0.28947368421052655	39.7554291924969	106.4791295310314	3.5950490357780622	0.5359333359767476	50.20995519014348	16.37751417906404	300.265867373234	142.0920749843454
-5	-10	0.28947368421052655	33.69736597162309	106.37109424915808	3.394794734907129	0.4621996242522031	135.03739385085385	185.77546677422293	263.1788187611562	112.60288779158365
-5	10	0.28947368421052655	31.783062298895697	115.10822192634484	1.7001782480074272	0.5111125039585216	48.499220880863305	105.58098429059783	263.1788187611562	52.41542388094235
-10	-5	0.28947368421052655	24.244308673681058	107.99312002636914	2.191238601575346	0.31094048913885947	173.1057996657259	836.4683400642406	203.07703078002987	51.008922678357465
-2	-40	0.28947368421052655	42.537622641551636	106.65397699749751	3.5840949925525383	0.5613764841792732	23.84205580602206	2.3966008368992733	300.265867373234	151.53261971821706
-5	20	0.28947368421052655	35.157648952145074	114.95480425918913	1.8383962196055543	0.55824982943054	31.143452185869265	16.10369007827154	263.1788187611562	62.67715411666016
-10	5	0.28947368421052655	30.486410357048324	114.37958265028331	1.4104785681696836	0.439612719204972	51.82386753873296	531.9032808053007	203.07703078002987	40.01988530436018
-10	2	0.28947368421052655	26.29582723916339	113.28047681455138	1.2971444197276183	0.34059479868651343	66.40414625310257	918.930983805231	203.07703078002987	32.036054209622
-10	0	0.28947368421052655	23.525336520285716	112.03729679218299	1.321706837318198	0.28230538329720617	84.61527780053139	1035.0141210628296	203.07703078002987	29.467961803492503
-5	40	0.28947368421052655	37.27856345873638	114.7803959003017	1.9284258783449368	0.5821472917641921	19.2103849800517	2.6614809789289593	263.1788187611562	69.72396698303463
-10	-10	0.28947368421052655	32.60106961760915	106.66991857938085	3.0140866844198824	0.4435074393452287	151.37790239385427	334.7494987223805	203.07703078002987	94.25887521785337
-10	10	0.28947368421052655	33.37755749179378	114.85316235854938	1.6088089399525827	0.5138767749277441	41.54996931419451	130.8257295479755	203.07703078002987	49.90391275425648
-5	-20	0.28947368421052655	39.775517246830496	106.49818926578133	3.531297589771182	0.5334811415583097	53.03406405758705	21.56140495313677	263.1788187611562	138.0752983011996
-15	-10	0.28947368421052655	31.46295450282529	107.13236959086117	2.6048804617580252	0.43261188998380096	134.39541683905435	444.6736972900079	154.6635536027069	75.64176011100976
-10	20	0.28947368421052655	35.75405707136543	114.86299716603897	1.7800134543974397	0.5575050951988826	28.024657118448513	21.754927477515572	203.07703078002987	59.214485873251206
-15	-5	0.28947368421052655	25.90694349067603	108.97029075244886	1.7038783351714206	0.3524557950387012	126.83951573249858	963.81589785248	154.6635536027069	40.27487778237234
-5	-40	0.28947368421052655	42.58765066142281	106.66059592863608	3.560670250081638	0.5606218486960485	24.272407012477796	3.0204833348887288	263.1788187611562	148.9826497255452
-10	40	0.28947368421052655	37.4779079544742	114.75290426691743	1.8985703615406437	0.581377702492685	17.963318142273806	3.806056130063144	203.07703078002987	66.28986045819565
-15	0	0.28947368421052655	28.356343425225408	112.22314979555404	1.1966311651821933	0.368543792542266	61.4404127798809	897.6411797831781	154.6635536027069	30.071074042046558
-30	-10	0.28947368421052655	31.389457570832246	108.80002552582678	1.73853323595833	0.45923101382758014	65.92775076824222	676.5655991618098	85.522965133938	40.05289891636049
-15	5	0.28947368421052655	33.64944797263381	113.975433977926	1.3496842123341717	0.4653078292430021	39.53765542328226	468.24360509074404	154.6635536027069	39.81619083670779
-10	-20	0.28947368421052655	39.71729677166573	106.54604215737663	3.417868337220023	0.5292868498251183	57.568170755669634	37.35252760457976	203.07703078002987	130.0357617618337
-15	-2	0.28947368421052655	26.35300561273904	111.00589344162647	1.2781656091052778	0.3437707103805618	83.1504925049185	1007.6463742461708	154.6635536027069	30.19102480723051
-15	2	0.28947368421052655	30.98841788698844	113.14216466674453	1.2223126269207736	0.41103045408231204	47.57304147415727	758.3153200614481	154.6635536027069	33.29026311784387
-15	10	0.28947368421052655	35.13026356603595	114.55158136665963	1.538538149028946	0.517031747470315	35.79561810561104	165.5820595900714	154.6635536027069	47.50651734822977
-30	-5	0.28947368421052655	32.99277833464667	110.8942075727547	1.2468382276096883	0.4620315071476937	35.02795345833417	727.1696361755384	85.522965133938	28.003538666790035
-10	-40	0.28947368421052655	42.663832765879995	106.67418646424858	3.5209034055685566	0.5594333839543822	24.742201502010676	4.838836360603309	203.07703078002987	143.78856670092384
-30	10	0.28947368421052655	39.92897272179986	113.73111387924578	1.428117874798422	0.5341979422085452	18.03136293562557	191.42810953825906	85.522965133938	38.71862126691261
-30	-20	0.28947368421052655	38.19247338256446	107.03067119352222	2.842694016252354	0.5127711780999628	65.57736405267904	222.6987867430873	85.522965133938	84.23195875783233
-15	40	0.28947368421052655	37.703916010649706	114.71992519317982	1.8711233310658644	0.5807779055691692	16.595504757739867	5.450070309179949	154.6635536027069	62.477272770377795
-15	-20	0.28947368421052655	39.53229090353185	106.61787028375673	3.293842214612198	0.5249936584694319	61.4715763510861	63.88046405490218	154.6635536027069	120.40464110335392
-15	20	0.28947368421052655	36.429379888814225	114.7521985084878	1.7298818120654824	0.5571707900706477	25.067125548871584	29.698515809116543	154.6635536027069	55.61786747975181
-30	5	0.28947368421052655	39.811491487649626	113.20358704151194	1.3144210759238382	0.5189037631872665	11.525401186535685	324.54169322307143	85.522965133938	34.98913195036384
-30	20	0.28947368421052655	38.740090514441945	114.35364608296275	1.6184205375045864	0.5581497664534638	17.156582375332164	61.96124392092779	85.522965133938	43.48646504999029
-30	40	0.28947368421052655	38.498051490997696	114.59768962952448	1.8028292606509007	0.5799473419612254	12.098545717161697	12.447448762216801	85.522965133938	48.94343011313299
-30	-2	0.28947368421052655	35.685827743278836	111.88553299707183	1.184604932964853	0.4805126949245895	14.375777758709841	526.4891514929362	85.522965133938	28.0362714455304
-15	-40	0.28947368421052655	42.73024465222983	106.69100578921744	3.4804255511413613	0.5583431172713187	24.82871097873014	7.697187400004896	154.6635536027069	137.4770029264229
-30	2	0.28947368421052655	38.62147616473017	112.75147068180715	1.242375159672301	0.5034435775970609	9.333760099955986	429.4874024564864	85.522965133938	31.832077893638203
-30	0	0.28947368421052655	37.327507196028606	112.36153148493105	1.203933164362928	0.4918762652081301	10.416131196037096	482.60305850953455	85.522965133938	29.738771686593086
60	10	0.23157894736842125	39.94519305324826	109.98547414865132	4.254792294395708	0.6014845923362118	9.46609465903061	622.7974382761828	25.991817785431305	105.78673828856405
30	10	0.23157894736842125	34.44718712052369	111.97733333669333	3.7771370269481412	0.5461960431021543	99.14435407913467	985.1790616765943	108.46950087474609	122.08753597158596
-60	20	0.28947368421052655	43.04857370901976	113.62842803831099	1.5219192110604365	0.5676793819869385	4.267458477428561	92.54563138760223	21.541774193074936	11.594480691693786
-30	-40	0.28947368421052655	42.87212332675195	106.76022760921994	3.357502321229903	0.5558145157810404	22.656477536984866	22.83866012652658	85.522965133938	112.74404007485433
-60	-20	0.28947368421052655	36.69644838406157	108.29197353032212	2.082767150508733	0.5245520367570249	17.69144440901242	403.85270750340777	21.541774193074936	21.544785236653738
60	20	0.23157894736842125	41.39711849708431	112.45728832368448	3.4663168733921674	0.6032357233118254	20.72145826930317	475.7962444757018	25.991817785431305	93.37434271022703
-60	-10	0.28947368421052655	37.30095455538499	110.80633689439422	1.3476689079940505	0.5210563957491484	9.250395660823568	565.3848362047853	21.541774193074936	8.302684388102849
-60	5	0.28947368421052655	43.896530984929726	112.83665062608361	1.3785924648389998	0.5517096493539295	1.878768184872261	187.9861718169017	21.541774193074936	9.284189196399165
-60	10	0.28947368421052655	44.1792123046528	113.12536790039863	1.4280501960644592	0.558908635782928	2.355540269888503	132.6100906504022	21.541774193074936	10.16104304318052
-60	40	0.28947368421052655	40.225626924886555	114.33097563887303	1.7237547530927924	0.5820242259235096	3.8724619606174784	28.172852496288733	21.541774193074936	14.393920445972705
15	5	0.23157894736842125	22.375033796610147	111.92410069584913	3.6849400379584463	0.381755232854359	201.87481340994648	1627.1129618996988	222.31097728988945	81.85199680572133
-60	2	0.28947368421052655	43.198903885205155	112.60387032809592	1.3424569938008852	0.5452414004820112	1.8896163392869085	242.36769768149364	21.541774193074936	8.598119446904235
-60	-5	0.28947368421052655	39.96719393432805	111.78646033430893	1.276510243452535	0.5300081455459833	3.4033014134501833	322.1028094519872	21.541774193074936	7.1643035005371765
-60	-2	0.28947368421052655	41.58200705429532	112.18561538161372	1.2963036116301705	0.5358095440796177	2.4511875206886633	293.70106548554804	21.541774193074936	7.656375579126515
-60	-40	0.28947368421052655	43.101688907071875	106.95318299223788	3.1426167983062756	0.5555326206941424	9.382593833861824	72.2162068686911	21.541774193074936	46.98959214636493
60	5	0.23157894736842125	38.02990981774385	108.71957629313579	4.511273767368913	0.6064626459572099	3.5152283624433505	379.3120888597256	25.991817785431305	105.75543446314401
-60	0	0.28947368421052655	42.476819383830204	112.41036268913253	1.3177884120038172	0.5404088577494756	2.0762443779742483	270.43959578589175	21.541774193074936	8.108247422803956
60	40	0.23157894736842125	37.90206153933286	114.46580789308028	2.453568952280792	0.6049995237252407	10.4911416350307	63.46590509629139	25.991817785431305	66.35625470692061
30	5	0.23157894736842125	32.30149267619225	109.28691271672733	4.53466616126961	0.5446480823569275	39.881321912765785	991.8503634385141	108.46950087474609	135.64883077914644
60	2	0.23157894736842125	36.43589526978752	108.12081334587388	4.61131456838019	0.6042227273924777	2.1479660936696376	281.5363431598048	25.991817785431305	103.07457955804914
15	2	0.23157894736842125	20.911910835921518	108.00002153526522	4.726075400940419	0.3959463959133115	133.18514394613717	1310.2289961179113	222.31097728988945	97.6066942027996
30	20	0.23157894736842125	34.43797207671356	114.56120813454497	2.5912758536558145	0.5782222546515857	56.47101842077557	160.95247484968255	108.46950087474609	87.23902315551317
60	0	0.23157894736842125	35.70321244577331	107.80459597728998	4.647136096729031	0.6010241609106433	2.0498301247417654	217.92136617280812	25.991817785431305	101.54244398947002
60	-5	0.23157894736842125	35.10245170391937	107.33563107761474	4.651589234312948	0.595034927177256	2.357662476494627	133.9207142455012	25.991817785431305	99.72992586658205
60	-2	0.23157894736842125	35.306619480100224	107.5771423335685	4.659695247057203	0.5983395113728045	2.1156825927518517	173.47766483690958	25.991817785431305	100.55412931218568
60	-20	0.23157894736842125	37.142448643597675	106.82209031050978	4.3889586160161675	0.5843733546219096	4.851722484587688	74.35728816144128	25.991817785431305	100.30546602055043
30	2	0.23157894736842125	30.62357354972658	107.7323885958208	4.798644892270907	0.5517683277264469	15.75023140458394	586.1070968363263	108.46950087474609	135.7124251660475
60	-10	0.23157894736842125	35.374559986230594	107.080519221114	4.594966742132016	0.5907062724035163	2.9796008728782613	99.76276738086855	25.991817785431305	99.3689080527246
60	-40	0.23157894736842125	41.46072488844437	106.69869209906007	3.935301841360701	0.5802126794056943	5.0472606324006	27.84747569598178	25.991817785431305	102.41337376165784
10	5	0.23157894736842125	18.66101002891095	113.91603346330383	2.79722780273177	0.32799914873804564	187.5099847168547	1359.72211375544	306.7059016969317	52.468939487530115
15	10	0.23157894736842125	27.607923000531823	114.99636144036441	2.5093731528561047	0.5076284951579617	116.88057609679572	399.6298296862799	222.31097728988945	70.54520760025875
30	40	0.23157894736842125	36.5513779942613	114.79649591795922	2.1929157493599525	0.5923028696335435	21.2362573308097	16.631793553150462	108.46950087474609	80.24022332900903
30	-2	0.23157894736842125	30.681916052324254	106.97094016878074	4.818166788526297	0.5586949800675284	9.4321672225608	185.4249175457093	108.46950087474609	136.59596170987618
30	0	0.23157894736842125	30.516743379921632	107.2286855865214	4.831640744616333	0.557007925805402	10.552905096135794	320.4004220820419	108.46950087474609	136.19096430372153
30	-5	0.23157894736842125	31.281580978636526	106.76615747414387	4.757411734948756	0.5581011344128317	11.080156547258415	135.29755048863012	108.46950087474609	137.61048962731095
30	-10	0.23157894736842125	33.013634596602515	106.606411672908	4.592898616151904	0.5573556951583556	16.23738469137251	98.94898150524675	108.46950087474609	140.5141081435959
10	2	0.23157894736842125	15.851268182423556	109.28109617877016	4.1175465739825325	0.25408046703606785	193.4533901067688	1555.0109687113372	306.7059016969317	64.97612995482287
30	-20	0.23157894736842125	37.40475536710281	106.52615285381358	4.1770475842822306	0.559661121715191	23.210877083207247	59.61039666234476	108.46950087474609	145.77605247560717
15	20	0.23157894736842125	33.11869317311619	115.10300033174704	2.167662666623713	0.5662392512514818	45.191293410971596	37.7161016426806	222.31097728988945	74.19762503114593
15	-5	0.23157894736842125	27.86890147202847	106.23028276037356	4.725968911960954	0.503836590740295	47.97485242249792	143.6281983982705	222.31097728988945	130.8539101937901
30	-40	0.23157894736842125	41.59992995923089	106.6220566853803	3.8127153489752685	0.5706014753326449	14.819892786665205	11.31451343823469	108.46950087474609	149.22764677987126
15	-2	0.23157894736842125	24.820685817176674	106.36636572813819	4.896750373936908	0.48145249648108396	47.87405233442676	307.163778897173	222.31097728988945	120.49218625527557
15	0	0.23157894736842125	22.446834525234507	106.74394276045365	4.941143969537213	0.44783390907350096	64.03515070138532	544.4820291633642	222.31097728988945	109.73553727711806
15	40	0.23157894736842125	36.43312208124382	114.86111274577183	2.064681535277517	0.5870369332519473	22.02478195166214	5.0486191907458915	222.31097728988945	78.19515503840164
10	10	0.23157894736842125	27.166155884310974	115.43544772499625	2.17856977854856	0.5050942771560742	86.32307749718987	201.59872647631008	306.7059016969317	60.66694612963403
10	0	0.23157894736842125	17.188772221716953	106.82128741316758	4.737878570216808	0.32985902254510524	131.8325234239222	752.9439193169114	306.7059016969317	81.18564742499613
15	-10	0.23157894736842125	32.32877780383847	106.259832132687	4.380347491499903	0.5176988173532061	51.05313889222092	91.4399693036811	222.31097728988945	141.11773645126908
10	-2	0.23157894736842125	21.114678804313503	106.18320005952036	4.794898446943537	0.4059677759039897	108.8799192355797	397.0398158109527	306.7059016969317	101.19312708656467
15	-20	0.23157894736842125	38.23533149282154	106.41063390106166	3.94231515161779	0.5480468453950262	35.63738703378861	26.98333936881358	222.31097728988945	151.02302044817654
5	0	0.23157894736842125	13.488094062827946	107.84798770548915	3.947852582850582	0.1855355232599122	241.81871239388724	1366.4308755762822	313.75400038458673	53.26448747651816
5	2	0.23157894736842125	13.489771414573493	111.71648204136417	2.940436211980848	0.16594783064609914	209.58118624974213	1524.1555060997375	313.75400038458673	39.70997866503319
10	-5	0.23157894736842125	26.41808093287626	106.02796409730588	4.586595331037232	0.463345795973077	90.93440078374324	167.5543471162475	306.7059016969317	121.4537929959302
10	20	0.23157894736842125	33.163014026464346	115.15428122413884	2.061050983566722	0.5633148044001073	41.056550085269514	22.57120508617363	306.7059016969317	70.5562217750205
5	5	0.23157894736842125	18.152885628537632	115.21767764072017	2.050723493703918	0.3357832085116805	115.08001976103243	733.4477342166615	313.75400038458673	37.61614287220998
15	-40	0.23157894736842125	41.83946215160925	106.60710170581875	3.718502340134231	0.5659168694626358	19.990204110961947	4.391133848202658	222.31097728988945	156.40710196433795
10	-10	0.23157894736842125	32.30142938521294	106.16029440622272	4.224876039209092	0.5008598729687491	68.55398599764743	85.45368425778827	306.7059016969317	137.2056214335272
10	40	0.23157894736842125	36.48678971209734	114.86391715872631	2.0255875156097973	0.5855761712032624	21.621804699599895	3.2127139521653154	306.7059016969317	76.494500805804
5	-2	0.23157894736842125	17.121290271621834	106.37211198321309	4.243348538211596	0.27437653496715986	195.80835646775964	519.8333401109022	313.75400038458673	72.78457058211929
2	0	0.23157894736842125	13.653215517739014	109.25468759305144	2.992712931785722	0.1280968937446153	232.50903154927147	1425.5594713568162	315.16884005788893	40.89630067191912
2	2	0.23157894736842125	13.609738090842644	113.04911365307153	2.159841551442908	0.16558943111996013	192.1703197774278	1481.751572032817	315.16884005788893	29.455621777965305
5	10	0.23157894736842125	27.65996499826974	115.55326586446536	1.9505621420405976	0.5050404328306687	66.69770128765977	120.76675384247774	313.75400038458673	54.964688591798435
2	-2	0.23157894736842125	15.824665300091334	106.82481723350674	3.6505542743222446	0.20705332542043384	211.7061547451857	668.1452782604433	315.16884005788893	57.84795829019672
10	-20	0.23157894736842125	38.471916619484404	106.39188336586675	3.853205480321157	0.544160378832881	40.07147078227537	18.75309786621073	306.7059016969317	149.62340419623757
5	-5	0.23157894736842125	24.531297528526185	105.94945720518763	4.266126023404278	0.39996723867022	152.84066099273954	265.36096204435944	313.75400038458673	105.11051554227282
0	0	0.23157894736842125	14.060678387001985	110.11226280442789	2.43990359959915	0.1213663434521536	208.15363106565147	1397.8804794643943	314.65562932839464	34.306699809252116
5	20	0.23157894736842125	33.39853399160429	115.15608525080219	1.969573647550665	0.560992460559727	37.14167149268318	15.20203572650251	313.75400038458673	67.1635347255947
10	-40	0.23157894736842125	41.92725893976782	106.60746608819227	3.683272318135679	0.5644319889396957	21.41092180091565	2.9615436701663844	306.7059016969317	156.1927800211804
2	5	0.23157894736842125	19.331876271937166	115.3935659828481	1.7986971616278318	0.3518419585423744	90.02536639667542	616.9959662705865	315.16884005788893	34.9883868825536
5	40	0.23157894736842125	36.58416873934017	114.85782949857429	1.9887203992186022	0.5842806394693029	20.94745211316516	2.2631251260629224	313.75400038458673	74.34181606017128
5	-10	0.23157894736842125	32.27524664095827	106.09818672462278	4.017315320897728	0.48445822892502766	90.83063079124253	89.89307605613675	313.75400038458673	130.52921593200236
2	-5	0.23157894736842125	22.99709425467071	106.07805106788567	3.9288388712480415	0.3476640053607226	196.67193003548428	379.5059614538742	315.16884005788893	90.57586852707811
2	10	0.23157894736842125	28.252398800556524	115.52533037065929	1.8477193430454184	0.5058043492638942	58.54130024911032	101.79370943055093	315.16884005788893	52.66942370223274
0	2	0.23157894736842125	14.454961585715767	113.50051211457632	1.7710488465490106	0.18274287568523323	138.291342446175	1194.5974305060577	314.65562932839464	25.600443043292167
5	-20	0.23157894736842125	38.65673484423642	106.38595388747268	3.758405221427155	0.5401869958506608	44.698275078091754	14.15329975023083	313.75400038458673	146.55478511302383
0	-2	0.23157894736842125	15.508469647965448	107.32187215825574	3.1872122154837847	0.17822462794583938	213.6622355762052	844.5433004848026	314.65562932839464	49.428783905454985
2	20	0.23157894736842125	33.61811729846915	115.13729284602728	1.9211174054642703	0.5598772218115234	34.939416602742526	13.599907717558157	315.16884005788893	65.20188619900793
5	-40	0.23157894736842125	42.014777471562006	106.61089753441455	3.6464220111689736	0.5630012475839677	22.69878624920426	2.1883410903817864	313.75400038458673	154.6822377521161
2	40	0.23157894736842125	36.66241089132978	114.8501509746278	1.9677282825585627	0.5835853568396501	20.432073656447454	2.0792986870934693	315.16884005788893	72.84441334786887
2	-10	0.23157894736842125	32.21908099683254	106.09098512997534	3.8630385605006623	0.4753821845394002	106.94376219832604	102.48781660158225	315.16884005788893	124.92226629388443
-2	0	0.23157894736842125	14.72205242037092	110.84477000450907	1.9869681055835802	0.134380166286617	180.8770264353597	1353.0376694467707	300.265867373234	29.165385444577108
0	5	0.23157894736842125	20.497347536839975	115.38234632143582	1.6772722074512687	0.3654696468715328	80.03963869451205	608.9576440887355	314.65562932839464	34.37963135001141
-2	-2	0.23157894736842125	15.63753577068429	107.9717409891117	2.712988804450951	0.16507862766588513	209.51062247715817	1087.1500311750358	300.265867373234	42.30852527906576
-2	2	0.23157894736842125	15.85627773180876	113.60052547334281	1.5546195009869113	0.20525021659358597	98.67683867887524	1017.3775477494314	300.265867373234	24.521881602489263
0	-5	0.23157894736842125	22.034457814958138	106.25572512389955	3.643398141875544	0.3146336319334631	197.47539069397794	412.504270454466	314.65562932839464	80.28030266025354
0	10	0.23157894736842125	28.736600314772435	115.47771566544893	1.789595125027045	0.5065549598341664	54.24609601835511	96.89119686307423	314.65562932839464	51.4268798331674
0	-10	0.23157894736842125	32.13069612122079	106.1047385723695	3.747119660530501	0.4694702699472512	116.2470730668284	113.5975000007651	314.65562932839464	120.39756314235753
2	-20	0.23157894736842125	38.73488822847345	106.38942374891099	3.6984452388546605	0.5377496526730503	47.54551350125582	13.698507430524371	315.16884005788893	143.89853861098362
2	-40	0.23157894736842125	42.066174993952444	106.61450628131887	3.6236091497287175	0.5621728360131842	23.359714628809265	2.0806845894249233	315.16884005788893	153.1638389091867
-5	-2	0.23157894736842125	16.50485546098272	109.02683984517968	2.0876195064840477	0.1745320299519924	179.66204360502252	1171.0516534108087	263.1788187611562	34.073680176738236
0	20	0.23157894736842125	33.793063523384596	115.11762155312533	1.891233283294933	0.5592442190104094	33.58878130764896	13.535228407439918	314.65562932839464	63.91056647992489
0	40	0.23157894736842125	36.72237037017381	114.8434505330689	1.9542145434856615	0.5831564496815698	20.1156076291286	2.1241558463814973	314.65562932839464	71.7633902486606
-2	5	0.23157894736842125	21.882491438784054	115.30527718742799	1.5808713044779779	0.38053741016583054	72.09007192151235	608.1058632972425	300.265867373234	34.28171758973469
-2	-5	0.23157894736842125	21.32831581435061	106.48630500952773	3.337133444107305	0.29083334706843406	195.9209996573674	455.2996677632568	300.265867373234	70.91559678687837
0	-20	0.23157894736842125	38.770805241886144	106.39500323323072	3.6570383996726505	0.5360997672023405	49.422303853422065	14.54257409824437	314.65562932839464	141.78632355580731
-2	10	0.23157894736842125	29.27854259893959	115.41166537391072	1.7383147034615143	0.507458542572899	50.38512263881063	96.59415559300396	300.265867373234	50.34579265420993
-5	0	0.23157894736842125	16.274483564605614	111.62598663989014	1.5257082538078812	0.17630545013260787	126.99245837951375	1203.6123164986502	263.1788187611562	24.485553578499058
0	-40	0.23157894736842125	42.0997234384915	106.61758147095289	3.6081344481476734	0.5616347057744555	23.75083252909564	2.1767870006764536	314.65562932839464	151.9014623959112
-5	5	0.23157894736842125	24.149216965220802	115.08203357508822	1.4736559799095736	0.40069458811680103	62.34769742534763	602.9970248628005	263.1788187611562	34.60885717818694
-5	-10	0.23157894736842125	31.521742197410383	106.23461741926448	3.413163510660268	0.4522069292055237	140.0514234257945	188.8302782968567	263.1788187611562	105.93710368263154
-2	-10	0.23157894736842125	31.958397735072722	106.13815185294308	3.622139780020459	0.463027837623123	125.59720421986265	134.14862639196582	300.265867373234	115.17083746522552
-2	20	0.23157894736842125	33.988720526124716	115.09282205322616	1.8631477204048146	0.5586959029047415	32.191723621709606	14.02280621733366	300.265867373234	62.624711606755405
-5	2	0.23157894736842125	18.428220938285	113.56038684067425	1.3779795630598102	0.24455792589443492	73.05910259526485	925.6058426451859	263.1788187611562	24.90429042836499
-5	-5	0.23157894736842125	20.769204360916678	106.9275628876929	2.861834955879813	0.27416085587380157	188.57284931757968	540.0167411198149	263.1788187611562	58.715581615101144
-2	40	0.23157894736842125	36.78828672291404	114.83554467741821	1.9410892669235151	0.582755346838067	19.633698029826363	2.244264575270394	300.265867373234	70.61765253010954
-2	-20	0.23157894736842125	38.79231708100198	106.40341537207868	3.614379105012861	0.5344285005733823	51.40209674595272	16.538248931371076	300.265867373234	139.40120147490205
-10	5	0.23157894736842125	28.004542093654347	114.5975698242525	1.3635127976891699	0.4298566884993596	48.175660499774175	545.5503337509043	203.07703078002987	35.51407610352421
-5	10	0.23157894736842125	30.179760001601093	115.28484118628525	1.6720345030078367	0.5090416782025836	45.64034689785748	103.01366269564326	263.1788187611562	48.93062601049046
-10	-5	0.23157894736842125	21.221615516576158	107.84843739871343	2.132395368830067	0.29396114211855284	162.44251400147513	725.6100263780941	203.07703078002987	43.48210710376831
-5	20	0.23157894736842125	34.31733237371059	115.04701993154515	1.8241563641413123	0.5580248587501669	30.257775102635026	15.91160793144099	263.1788187611562	60.692941766732616
-10	-2	0.23157894736842125	19.243344422001332	110.3232013781531	1.4473754724803822	0.24113358221300568	115.93818651630812	1086.9948804899377	203.07703078002987	26.623439872551206
-5	40	0.23157894736842125	36.897782165322624	114.82154403062835	1.9221343841780094	0.5822059053701745	18.97837313370773	2.6471219586235484	263.1788187611562	68.78032532851371
-2	-40	0.23157894736842125	42.13255610334451	106.62120208396638	3.5924613277899824	0.5611086570081604	24.103262834612018	2.407009166575542	300.265867373234	150.4423173002416
-10	-10	0.23157894736842125	30.341900169598283	106.55864061530929	2.9948208327394314	0.43236520109179094	150.93246939541422	324.0652281014404	203.07703078002987	87.21000465860685
-10	2	0.23157894736842125	23.280963502678567	113.41627181830151	1.2340484148217474	0.31866379113243537	57.00082867435433	872.5570840367936	203.07703078002987	27.005104223688427
-10	10	0.23157894736842125	31.859917587496128	115.0187329705446	1.583746488711066	0.5121114044689686	39.31136146670923	126.9798780073433	203.07703078002987	46.85824806555783
-10	0	0.23157894736842125	20.430207067485558	112.11160024371297	1.2359373111536822	0.2601834384424704	67.21649396718968	924.9563540229155	203.07703078002987	23.94379951985413
-5	-20	0.23157894736842125	38.79506375205681	106.42182641892747	3.547824765200699	0.5318815413395187	54.283102166614704	21.798241897191442	263.1788187611562	135.31592890108178
-15	-5	0.23157894736842125	23.13080625078022	108.85085702754539	1.6266968089281195	0.3423774596974151	117.9301194086637	882.4418807390305	154.6635536027069	34.29499749459331
-10	20	0.23157894736842125	34.94550543047813	114.95126513570847	1.766709215611921	0.557280425790156	27.262520924576016	21.423689836083618	203.07703078002987	57.418897157043396
-5	-40	0.23157894736842125	42.18023924707103	106.62767187484874	3.5686086747275136	0.5603439333123741	24.550429719809696	3.03584460892662	263.1788187611562	147.8920110633457
-15	5	0.23157894736842125	31.499838207428063	114.14709532129129	1.30718866445289	0.45718734225800295	37.66547767283915	484.77839970965124	154.6635536027069	36.0458475911092
-10	40	0.23157894736842125	37.10642383824201	114.79297270867548	1.8925055810197164	0.5814289850907653	17.752973831853886	3.7810321136296974	203.07703078002987	65.41083603569545
-15	2	0.23157894736842125	28.325261680269442	113.25449144153434	1.1679799930788266	0.39391080911372767	44.78608556386015	761.589504674617	154.6635536027069	29.068245203028688
-15	-2	0.23157894736842125	23.46774852357287	110.9834529135648	1.2045719231083216	0.32556031150139403	71.94523244618527	943.4479733889461	154.6635536027069	25.32794122894686
-10	-20	0.23157894736842125	38.71207192809954	106.47010923927958	3.429117968204658	0.5275370666511686	58.884592977820404	37.84949417835496	203.07703078002987	127.1852647952467
-15	-10	0.23157894736842125	29.30151540601177	107.04311767256901	2.5628032792313484	0.4235734455311006	131.36804251115836	420.34436312170175	154.6635536027069	69.32296093365676
-15	0	0.23157894736842125	25.51204152726773	112.25307071321691	1.1406209554092588	0.3465043876451584	53.017561007550164	857.0788359484714	154.6635536027069	25.820056162893398
-30	-10	0.23157894736842125	29.789889848820124	108.74310812986269	1.6910898140124446	0.4567229554775139	62.488612279692504	633.4698630607024	85.522965133938	36.82522696838341
-15	10	0.23157894736842125	33.69409223323633	114.70661744746737	1.5160556789192559	0.5155145292015172	34.291419360902225	162.86921426766443	154.6635536027069	44.8459053288788
-30	-5	0.23157894736842125	31.31444465767469	110.84231385559666	1.200331831856559	0.4580745320372764	33.284965720435295	699.2947058063556	85.522965133938	25.379749686272707
-15	20	0.23157894736842125	35.65483872812063	114.83633093670664	1.7175010737218641	0.5569552941480533	24.419363697674058	29.18621390033469	154.6635536027069	54.0109482687102
-15	40	0.23157894736842125	37.34400227322488	114.75867035213064	1.8653177919390014	0.580823057456923	16.401395762257632	5.406243464465232	154.6635536027069	61.67102660037545
-10	-40	0.23157894736842125	42.25490939490933	106.64127421637588	3.5280606758879776	0.5591415785901898	25.01265909262885	4.86939758234171	203.07703078002987	142.7103615312318
-15	-20	0.23157894736842125	38.50878515298586	106.54455620142176	3.29907877504432	0.5231121875032337	62.79360245750394	64.80120302385934	154.6635536027069	117.50085471351107
-30	-20	0.23157894736842125	37.17323608419187	106.98004255887442	2.826904374139089	0.5107438373072373	66.15474905772453	223.34196959132294	85.522965133938	81.51343801317796
-30	10	0.23157894736842125	38.89109994643448	113.82523131653495	1.4084501307224686	0.532448381286133	18.11827952169075	196.76528263929472	85.522965133938	37.0838072955067
-30	5	0.23157894736842125	38.576949175546744	113.27283739074143	1.282164596169989	0.515718766456457	11.969569527167247	340.45311739702254	85.522965133938	32.887918868056595
-30	20	0.23157894736842125	38.08202766642671	114.42416915431807	1.6087308755683647	0.5579921484317402	16.799429618998097	60.86284697241218	85.522965133938	42.4312135074965
-30	40	0.23157894736842125	38.185251548438536	114.63116271760653	1.7979604132996083	0.5799807415465618	11.981255690185183	12.344075982699469	85.522965133938	48.3841130447935
-15	-40	0.23157894736842125	42.32296181805371	106.65844196385365	3.4867358651582867	0.5580417192216485	25.097954165395937	7.75480906729254	154.6635536027069	136.42791491852466
-30	2	0.23157894736842125	37.25442433712192	112.79181383537868	1.203111874072943	0.4994201909398061	9.59757006719576	440.5253026018923	85.522965133938	29.513526855217194
-30	-2	0.23157894736842125	34.17613728902309	111.87208407694577	1.1418117438818205	0.4758427110267	14.50191622977351	533.3590465327758	85.522965133938	25.663429532852607
-30	0	0.23157894736842125	35.88420032077185	112.37796202666253	1.1618896652052622	0.4874852674330029	10.601662696386072	491.35344310873126	85.522965133938	27.361104653501894
-60	20	0.23157894736842125	42.728136367870334	113.65861810719993	1.5161274176838284	0.5675262590140269	4.325021232641807	93.95030691258732	21.541774193074936	11.390105592366472
60	10	0.17368421052631594	39.294795588753	109.9666197098755	4.277161842443122	0.6023055227512495	9.467008954001354	624.6089998566447	25.991817785431305	104.53173248986542
-30	-40	0.23157894736842125	42.48994819770717	106.73072328896637	3.361114195381979	0.5555141800954635	22.87588111338162	23.01822088107187	85.522965133938	111.8782935673021
-60	-10	0.23157894736842125	36.685839484407	110.79519630978804	1.3288200557721257	0.5207966040582596	9.180453333999301	556.609486109404	21.541774193074936	7.8282789763359375
30	10	0.17368421052631594	32.55078994613745	112.04393559201937	3.803362792452744	0.5452403750278928	101.84199270882443	1004.1489366535274	108.46950087474609	116.09008076764366
15	5	0.17368421052631594	18.736031520643106	112.01795433409465	3.693473232917821	0.35732231609854276	186.3307483158976	1572.6144575154824	222.31097728988945	68.57580527102668
-60	40	0.23157894736842125	40.05155510175287	114.34939484825517	1.7212010892568836	0.5820474345880616	3.851871625249731	28.02946246159284	21.541774193074936	14.279688281303885
-60	-20	0.23157894736842125	36.16136324110745	108.27357128745132	2.0682948771040612	0.5242976826168632	17.46030293642045	397.72973273004317	21.541774193074936	20.97692932328555
-60	10	0.23157894736842125	43.8054226274582	113.14878713835782	1.4177886258536114	0.5585795847447442	2.3864426887669326	135.05787042780594	21.541774193074936	9.862799775279576
-60	5	0.23157894736842125	43.476364713200006	112.85375317925457	1.3657933422595363	0.5512003252599187	1.8988580082312483	191.92340828645672	21.541774193074936	8.936270557127143
-60	2	0.23157894736842125	42.74146265252209	112.61456636177869	1.3280716972525597	0.5445970824139178	1.9045259653960178	245.76257894736682	21.541774193074936	8.22349760965365
-60	-2	0.23157894736842125	41.08528961650327	112.1868245430715	1.2807411212449265	0.5351671109363846	2.460513569549588	295.7632419577223	21.541774193074936	7.268080063376024
-60	0	0.23157894736842125	41.99816457445584	112.41646861109218	1.30267426093336	0.5397456207439013	2.088356829456708	273.0606470644938	21.541774193074936	7.723618333915116
60	20	0.17368421052631594	40.82873792734002	112.49207014889484	3.469312728298674	0.6038504027960109	21.020346275573875	483.0691428939352	25.991817785431305	92.17520996627978
30	20	0.17368421052631594	33.47160793064698	114.66925813002976	2.573539854158195	0.578474457118504	55.174171150507	157.012632859553	108.46950087474609	84.28111112371965
60	5	0.17368421052631594	37.486677773117194	108.67155074470757	4.534653643189528	0.606822788983844	3.583908031758868	390.1346564971406	25.991817785431305	104.69469697523824
30	5	0.17368421052631594	30.387251593332774	109.16251427812117	4.611377411558739	0.5436492549032284	39.91723085703112	1011.2942051362855	108.46950087474609	129.61361922878223
60	40	0.17368421052631594	37.66902196372283	114.49095080873776	2.4495492284378666	0.6051529283919593	10.439504747445307	63.08823300058256	25.991817785431305	65.8775603476456
-60	-5	0.23157894736842125	39.44862138782693	111.77943576703812	1.260827462964764	0.5294399206851913	3.408858356580369	323.55635046791696	21.541774193074936	6.781427504186743
-60	-40	0.23157894736842125	42.864487012324915	106.9367986675788	3.142464002240281	0.5553668123952916	9.434154330741565	72.56123107460199	21.541774193074936	46.73387424951271
60	2	0.17368421052631594	35.94470039830454	108.06818654802927	4.633335951966486	0.6044534763920058	2.126629948514517	276.82345596974335	25.991817785431305	102.08798289692449
60	0	0.17368421052631594	35.25205185510216	107.75845742074101	4.667434853178997	0.6012027969187668	2.0273861806352533	211.83052733866288	25.991817785431305	100.62255159706126
60	-20	0.17368421052631594	36.84057176594939	106.80173719222243	4.403853042549484	0.5844828757745679	4.793212826713651	73.16098321102972	25.991817785431305	99.76808280661047
15	10	0.17368421052631594	25.48693645625967	115.24209747906923	2.464816152343878	0.5041975752795427	108.83959960746147	377.69392791758315	222.31097728988945	64.00599378560376
60	-10	0.17368421052631594	35.02765039343133	107.05224075829193	4.611252909578551	0.5908447743804538	2.944445580304389	97.7785750316862	25.991817785431305	98.6838561823114
60	-2	0.17368421052631594	34.88713297023821	107.53647352464994	4.678690057717948	0.5985097946386482	2.0948635237040776	169.10160413899007	25.991817785431305	99.69590334722402
60	-5	0.17368421052631594	34.717213963024804	107.300794802349	4.669249374134352	0.5951923471559533	2.332521757112803	130.87786300386935	25.991817785431305	98.94671148994892
30	2	0.17368421052631594	29.066988023659388	107.5722707244521	4.869284605555602	0.5500692871035195	15.107035257923526	547.3727798072532	108.46950087474609	130.5677129394186
30	40	0.17368421052631594	36.18276988804463	114.83677653708824	2.186416489272882	0.5924398929065475	21.010634350105086	16.445758354585045	108.46950087474609	79.22985154705822
60	-40	0.17368421052631594	41.283279014353276	106.68565241910518	3.942057189728458	0.5802041249050618	5.0686490432941715	27.988793967573685	25.991817785431305	102.1141950350611
15	2	0.17368421052631594	17.698896793277395	107.6209456290501	4.865864120074304	0.37902983046928085	125.85148591567135	1203.455908909911	222.31097728988945	84.92220871783903
10	2	0.17368421052631594	12.3134986650815	108.91005480661204	4.274673254864564	0.23040879189165325	162.96921570086204	1424.2081708585765	306.7059016969317	52.32918542296827
10	5	0.17368421052631594	15.216583356845945	114.31901390921543	2.700243806350418	0.3069382028717193	165.65628373475636	1200.9471037659887	306.7059016969317	41.27529117755782
30	-2	0.17368421052631594	29.593806668809876	106.85650835129424	4.869372576526872	0.558793143826561	9.225810505330465	176.96699211077097	108.46950087474609	133.06550126552378
30	0	0.17368421052631594	29.238415160521548	107.09883620507843	4.890154301456215	0.5559858930498915	10.326832366503789	309.78968397345363	108.46950087474609	131.95269862635854
30	-10	0.17368421052631594	32.14210469237429	106.5378599640145	4.63662283489559	0.5575026880383681	15.592024206730603	93.50251789183886	108.46950087474609	138.02412798612323
30	-5	0.17368421052631594	30.305652635143346	106.67455841713422	4.8043736681034135	0.5582643908515555	10.67698397615348	126.27872820610169	108.46950087474609	134.55230459669664
15	-5	0.17368421052631594	26.21345990020012	106.07788915569132	4.810538160847316	0.5032491841970548	44.540712620465605	131.42954691983013	222.31097728988945	125.21838249667206
15	0	0.17368421052631594	20.018523872372096	106.5001064511456	5.048338839224126	0.437947068261061	59.36692007233748	474.1921206704865	222.31097728988945	99.8858261420809
30	-20	0.17368421052631594	36.70929985020148	106.48005600248858	4.210521310430487	0.5592538178667485	23.347879971349244	59.19288007748482	108.46950087474609	144.12237513219327
15	-2	0.17368421052631594	22.784822246945055	106.17541287167764	4.991071782202076	0.476073961548396	44.76832194309069	281.8310566720176	222.31097728988945	112.65322268718252
15	20	0.17368421052631594	32.18442522923573	115.20857305253506	2.1499447654861665	0.5661460135240567	43.80568180013025	36.70461555329972	222.31097728988945	71.55294665087786
5	2	0.17368421052631594	9.66593138520252	112.03350600043954	2.918547094774235	0.13936683061616426	183.3392661486625	1422.6997464025048	313.75400038458673	28.220534976527645
30	-40	0.17368421052631594	41.27596479652331	106.59671791507522	3.823034812887761	0.570481407586649	14.951150432595933	11.423058688765519	108.46950087474609	148.43191795691487
15	-20	0.17368421052631594	37.389123004334785	106.34729553501616	3.973822446342266	0.5470415024848927	36.407091195539344	27.51996856335779	222.31097728988945	148.80880263051185
15	-10	0.17368421052631594	30.92012050767949	106.15553334541625	4.4513458158460555	0.5164565289725132	50.69498635336344	85.4358228992493	222.31097728988945	137.0793659566694
10	10	0.17368421052631594	25.237848258808615	115.65964308099063	2.137582618456184	0.5017973314519085	79.88938733216925	191.8477321883286	306.7059016969317	55.32752463672861
15	40	0.17368421052631594	36.042423110358214	114.90375021388087	2.0579220844840673	0.5871367884375687	21.756901168195718	4.995902257701964	222.31097728988945	77.12221719262388
5	0	0.17368421052631594	9.80474311057925	107.19118169441913	4.2490640532707085	0.1686595035670511	162.39885143809255	961.7732375084234	313.75400038458673	41.64657512652971
10	-5	0.17368421052631594	24.30449465008839	105.84634515209207	4.693103718757724	0.459968304571792	88.33290091607958	161.77615405905843	306.7059016969317	114.27189773043082
10	-2	0.17368421052631594	18.525235946713238	105.95464825574193	4.910643689947468	0.3935073341128654	96.45913434672805	346.16143992968426	306.7059016969317	90.85464494339745
5	-2	0.17368421052631594	14.063553059565661	106.06089205906406	4.403212566099732	0.2569757591912411	167.75843561341028	400.3478077516074	313.75400038458673	62.004151121299884
15	-40	0.17368421052631594	41.464750456441585	106.5770684936208	3.72866607263723	0.5657210710216048	20.126611560040843	4.416602855190411	222.31097728988945	155.41130465305702
10	0	0.17368421052631594	14.302459245775564	106.49529852351039	4.87138332739212	0.31139005697784944	102.22394520813019	578.547823190609	306.7059016969317	69.38764280441131
10	20	0.17368421052631594	32.250577975067884	115.25693969415427	2.044096450879865	0.5631544554092647	39.77992089688463	22.074469863819957	306.7059016969317	68.07557708819043
2	2	0.17368421052631594	9.766237771163084	113.8422754110947	1.9871345373655576	0.14602069845417437	150.0210742979142	1155.006238277418	315.16884005788893	19.444775484807522
10	-10	0.17368421052631594	30.677582787996247	106.04017059642075	4.298908813553003	0.49762151943173377	69.01786117580457	79.41910085018168	306.7059016969317	132.52745825674342
10	40	0.17368421052631594	36.09487821684006	114.90663527312513	2.018869810567567	0.585663892002518	21.362509745083713	3.183651853405135	306.7059016969317	75.43461774225999
2	0	0.17368421052631594	9.664340874939565	108.90775023991662	3.115683652196624	0.09933286930509495	220.09121656420487	1342.6158016984346	315.16884005788893	30.12618910107492
5	5	0.17368421052631594	15.202666220802934	115.5687993275081	1.9635938781974125	0.3168540528384175	93.28699645050176	577.5348794260753	313.75400038458673	30.15809848903385
10	-20	0.17368421052631594	37.58488822822023	106.32351275096237	3.882193441729688	0.5429908133283422	40.9740240167407	19.08624819005407	306.7059016969317	147.23893363669112
5	-5	0.17368421052631594	21.881735618735487	105.75115661660334	4.3645688985770015	0.38690317512411426	152.39997931632558	249.3391090474949	313.75400038458673	95.87879023645124
5	10	0.17368421052631594	25.881857694230295	115.75721543013948	1.9145848406233088	0.5020360152033898	61.89348909878835	116.7708671543892	313.75400038458673	50.49691722790436
0	0	0.17368421052631594	10.201623372945873	110.06865670716408	2.3864995460301683	0.09054531993211978	193.27920937789662	1320.4548195592388	314.65562932839464	24.34616954830608
5	20	0.17368421052631594	32.51071665995708	115.2554391176527	1.9534985201073367	0.560787219480579	35.99604528496713	14.97143879947114	313.75400038458673	64.8569516917562
10	-40	0.17368421052631594	41.540057867158446	106.57627576872268	3.6930907062835208	0.5642116778170329	21.633866741869923	2.98519897346074	306.7059016969317	155.15040010560003
2	5	0.17368421052631594	16.509972026110354	115.69326847101108	1.7287844930654657	0.33328909987726313	74.24731092286638	495.92627191963993	315.16884005788893	28.716834243839216
5	40	0.17368421052631594	36.19388272832368	114.90030752098832	1.9821001709816168	0.5843571470015536	20.688846875260484	2.2487645473169975	313.75400038458673	73.31026654703449
2	-5	0.17368421052631594	20.120837209838648	105.88627252109046	3.995633020996611	0.3273329260944916	184.34987333986024	319.9250467254142	315.16884005788893	80.57636231267361
2	-2	0.17368421052631594	12.573991830893647	106.44465749333227	3.7824747045291187	0.1858973586316073	188.2082516294027	493.77089306055274	315.16884005788893	47.61340986910228
5	-10	0.17368421052631594	30.4215537766899	105.9639181014747	4.087355603687333	0.4783126489516298	91.9989064937213	84.08318068847703	313.75400038458673	125.13874738202242
2	10	0.17368421052631594	26.546329140727728	115.7193292505691	1.8144085445685685	0.5030142001290155	54.533624367880314	99.19016812119916	315.16884005788893	48.60256434275139
-2	-2	0.17368421052631594	12.191194948414369	107.5933833209519	2.7199620827624504	0.14160118565387553	188.11502197009284	825.2620877005744	300.265867373234	33.079141507711746
5	-20	0.17368421052631594	37.731945811634425	106.31344125128746	3.784144494187774	0.5388485463552732	45.73217851535325	14.339958338511684	313.75400038458673	144.01183555425922
0	-2	0.17368421052631594	12.14888847952944	106.92461094285278	3.263951247258746	0.15502183679234702	191.3736414804844	624.927920763311	314.65562932839464	39.653379705567524
0	2	0.17368421052631594	10.883243244019377	114.155360912933	1.6283599471636752	0.16396120393879535	100.7699740048209	961.7167181899109	314.65562932839464	17.72183739380082
2	-10	0.17368421052631594	30.222770164292882	105.95112984023541	3.9259730089056597	0.4671163633903696	108.5717260209622	98.45929175528147	315.16884005788893	119.07419464936262
0	-5	0.17368421052631594	19.144228508424245	106.05984674952674	3.691924161978602	0.29324350112793557	185.4226043440286	345.4923927090105	314.65562932839464	70.67903979269104
2	20	0.17368421052631594	32.74615437176292	115.23453987764415	1.905593400457556	0.5596543873973688	33.87953797284034	13.438961645221434	315.16884005788893	63.002429383108215
5	-40	0.17368421052631594	41.617566663523455	106.57880443071038	3.6557597190619204	0.5627578829831508	22.940375643405897	2.201112728080851	313.75400038458673	153.60611161433755
2	40	0.17368421052631594	36.27439238442955	114.89234030374502	1.96119017694503	0.5836556955701224	20.17290995828241	2.0690170794181255	315.16884005788893	71.83652847379643
0	10	0.17368421052631594	27.073096641197512	115.66583279394929	1.7579026475992794	0.5039133932092967	50.69741245755982	94.66108960980473	314.65562932839464	47.591868264272264
0	5	0.17368421052631594	17.706993949662895	115.65799085280372	1.615873665658775	0.3471648111492399	67.33847957601394	498.7249982916625	314.65562932839464	28.612265221239532
0	-10	0.17368421052631594	30.057637383054452	105.96290930906335	3.8011633006122048	0.4600522386687935	120.90720752328254	115.83081966349887	314.65562932839464	114.25398812357605
-2	0	0.17368421052631594	11.02113609269562	110.99301760352158	1.8336996937893302	0.10673831531759846	161.6827039132137	1270.1345511854397	300.265867373234	20.156087842463037
-5	-2	0.17368421052631594	13.107471104574042	108.80843316556947	1.9960888312532383	0.15287387416868034	164.1808499452836	1074.1654845900264	263.1788187611562	25.889474192999824
2	-20	0.17368421052631594	37.789082806063185	106.31498381382113	3.7218727463023082	0.5363088003873253	48.652125420235535	13.843267391665432	315.16884005788893	141.26777432114568
0	20	0.17368421052631594	32.93208212627379	115.21342279814	1.8760800544293093	0.5590130891403656	32.479349576985506	13.273505355412784	314.65562932839464	61.78322242793021
2	-40	0.17368421052631594	41.664234097281536	106.58200659200281	3.6325990784587603	0.5619167664084262	23.61862589213616	2.0906884263127568	315.16884005788893	152.0743215289242
-2	2	0.17368421052631594	12.552877370922479	114.056848801144	1.437427709379543	0.18509000790908148	75.31745329396513	894.8907613700635	300.265867373234	17.951776021791545
0	40	0.17368421052631594	36.336377720885444	114.88539027215901	1.9477398079433195	0.5832229089946982	19.779825454857814	2.0911073948111363	314.65562932839464	70.77380936343333
-2	-5	0.17368421052631594	18.431491025964018	106.29244626380536	3.3622603994810034	0.26894721110678	183.3048330650263	380.8143650016874	300.265867373234	61.7607208043544
0	-20	0.17368421052631594	37.811744235691336	106.31955626419656	3.6787689798328795	0.5345906905433622	50.56662176241502	14.652186816946948	314.65562932839464	139.100671767636
-2	-10	0.17368421052631594	29.831372961422616	105.99653558968073	3.6633481376786787	0.452860812112097	130.39381480239211	135.70876169521495	300.265867373234	108.74465916446916
-2	5	0.17368421052631594	19.11082726849839	115.56562085178525	1.525437063930787	0.3629899065469129	62.3465138391566	528.2856311748988	300.265867373234	28.892506291109566
0	-40	0.17368421052631594	41.695177754500115	106.58487004640504	3.616869326369122	0.5613706635046213	23.978172924072084	2.1705124469907986	314.65562932839464	150.80600947775963
-2	10	0.17368421052631594	27.654147413187932	115.59440279807444	1.708119213025672	0.504967226892639	47.172815234837095	94.39119997321406	300.265867373234	46.72045340523344
-5	5	0.17368421052631594	21.46791062555798	115.34065389615462	1.42292893624421	0.38681533429405995	55.02725236375307	552.9895336818727	263.1788187611562	29.707318000899605
-5	0	0.17368421052631594	12.9338046454996	111.80318287541046	1.3710678666693643	0.15324686005156032	94.38036934439171	1041.2740965756193	263.1788187611562	17.49289570991302
-2	20	0.17368421052631594	33.1390606237009	115.18714561433296	1.8483675477506882	0.5584590201471462	31.239174844400022	13.869351232457213	300.265867373234	60.56997218595832
-5	2	0.17368421052631594	15.362017382372038	113.84391377859454	1.2877065092651425	0.2234114048223576	58.3503317770256	843.0137801886805	263.1788187611562	19.40737131562382
-2	40	0.17368421052631594	36.404723800089236	114.87719021575606	1.93468468986999	0.5828181440297987	19.400074890628733	2.234080693223635	300.265867373234	69.64828244704363
-5	-5	0.17368421052631594	17.87524961877237	106.74845078817386	2.847370088041218	0.25293288067671066	175.69378886880813	453.6321033532889	263.1788187611562	50.309719023988215
-5	-10	0.17368421052631594	29.318387512550323	106.10017205202206	3.4315320643091205	0.4408662866726796	145.01069563416257	190.1864335930223	263.1788187611562	99.09761630195169
-5	10	0.17368421052631594	28.609129498564588	115.46024681479314	1.643895607850707	0.5067731264496972	42.887244737169055	100.47203215693438	263.1788187611562	45.587843954211976
-2	-20	0.17368421052631594	37.82066540667905	106.32721080617884	3.6342860879744556	0.5328516847959491	52.5961380556197	16.69737897374111	300.265867373234	136.66406385658618
-10	-10	0.17368421052631594	28.08827750387396	106.45094073646284	2.9728699432936847	0.4202595947568077	149.46688699209105	309.94562680636216	203.07703078002987	80.18439383715797
-10	5	0.17368421052631594	25.563545849084488	114.82020266560549	1.3172434789893754	0.4194468758081495	44.46938093112142	546.5943922864047	203.07703078002987	31.29988807571643
-2	-40	0.17368421052631594	41.72585244226026	106.5883277796149	3.6009235097918113	0.5608370635215894	24.37152647768203	2.418254975684523	300.265867373234	149.34337656737964
-5	40	0.17368421052631594	36.51860634371821	114.86266676586499	1.9158474731574686	0.5822636435551399	18.74093456503403	2.63264127538757	263.1788187611562	67.84461287122778
-5	20	0.17368421052631594	33.4852910241594	115.13906992889035	1.8099372793000708	0.5577835264564431	29.467900280981702	15.767016441007977	263.1788187611562	58.74779615818514
-10	-2	0.17368421052631594	16.196637236230078	110.27711031877527	1.3357637051935087	0.22262028703576825	94.36772987883323	982.7848573209915	203.07703078002987	20.680074483785976
-10	2	0.17368421052631594	20.417029900037843	113.56775959786704	1.169808670871175	0.29714458696259316	48.1296863621122	820.2458691975849	203.07703078002987	22.46767621443069
-10	10	0.17368421052631594	30.370314901681166	115.18331214257401	1.5586423550775377	0.5101950779682377	37.16951318593493	123.27311437876531	203.07703078002987	43.92667075427207
-10	-5	0.17368421052631594	18.372994531255927	107.70827570573438	2.0657684655093154	0.27712663449436326	150.41174684700175	620.3916098558058	203.07703078002987	36.49358574532388
-10	0	0.17368421052631594	17.572067950066547	112.16452252098728	1.1556824343735788	0.23765723131295097	52.4253660068461	828.1228419536772	203.07703078002987	19.274033017972553
-15	-2	0.17368421052631594	20.712986571460046	110.9527258712553	1.1313184580091997	0.306951667584278	60.07291957355199	872.6103844866993	154.6635536027069	20.988982536885505
-5	-20	0.17368421052631594	37.805904953331805	106.345007335203	3.5647547567567672	0.5302045362929129	55.54308973738274	22.033963657301673	263.1788187611562	132.50891875955944
-10	20	0.17368421052631594	34.14450401270451	115.03938194377395	1.753417724907179	0.557040933878151	26.515620900911312	21.096303287554125	203.07703078002987	55.657256506597484
-5	-40	0.17368421052631594	41.771180859531306	106.59464914641806	3.576632430871654	0.5600621219583846	24.821044735260077	3.0509997704165386	263.1788187611562	146.79268621821745
-10	40	0.17368421052631594	36.73646441233904	114.8330167274479	1.8864449036235786	0.5814793939028298	17.538540143727662	3.754932504807516	203.07703078002987	64.53908832071069
-15	-5	0.17368421052631594	20.48281622939199	108.72807469904625	1.5458311322152583	0.33248005294033817	107.07873829467454	786.0359880081614	154.6635536027069	28.821494511871055
-15	5	0.17368421052631594	29.355785107243843	114.32387333303774	1.2649851933895244	0.4486552078785976	35.640022078793415	495.3193010204493	154.6635536027069	32.46049273737767
-15	-10	0.17368421052631594	27.170674539986415	106.95757293965423	2.5172840655741937	0.414136452546741	127.83336941834607	394.3619848516728	154.6635536027069	63.15343163432716
-15	0	0.17368421052631594	22.791665602098238	112.28371806776788	1.0832650282979832	0.32469655927366176	45.606118580114206	818.3948527230623	154.6635536027069	21.932784797583544
-30	-10	0.17368421052631594	28.23330194545381	108.68705901612539	1.642953336860883	0.45423108758448405	59.02499434506656	590.3548465684681	85.522965133938	33.75923061336448
-15	2	0.17368421052631594	25.697765598588944	113.36762161906448	1.1147121863860545	0.37566894888155	41.386864978143734	759.5406804143634	154.6635536027069	25.170935990918508
-15	10	0.17368421052631594	32.27978223399079	114.86142079699998	1.4935967167525266	0.5139132125555989	32.63702636883601	158.04423362924047	154.6635536027069	42.27660857243369
-10	-20	0.17368421052631594	37.69807743181795	106.3938602175669	3.440441150908077	0.5257019157599897	60.18470009172019	38.3396756576508	203.07703078002987	124.28626143222789
-30	-5	0.17368421052631594	29.668542186542616	110.77951954786016	1.1562398622044043	0.4537652735412207	31.209172849382313	668.1092409866123	85.522965133938	22.97681604796775
-15	40	0.17368421052631594	36.98551299400693	114.79739260705908	1.8595156437074458	0.5808673447005801	16.216620535842573	5.365585409115225	154.6635536027069	60.87129924013634
-10	-40	0.17368421052631594	41.84434353450854	106.60826737921609	3.5352841222644447	0.558845682599558	25.28872109108405	4.901382759215491	203.07703078002987	141.623548095666
-15	20	0.17368421052631594	34.88711781681591	114.92032676862497	1.7051275031567614	0.5567267660818818	23.787045854592503	28.679952037855724	154.6635536027069	52.43307747837539
30	10	0.11578947368421062	30.640848963558046	112.11582045805517	3.828298743178975	0.5443017574657906	104.36564650421694	1021.3081452799946	108.46950087474609	109.92572611128773
-30	20	0.17368421052631594	37.428626270343344	114.49459989246796	1.5990394103100154	0.5578268537474467	16.4465850391149	59.77759000866766	85.522965133938	41.39214278013006
-30	10	0.17368421052631594	37.845230518148284	113.92227062357311	1.3890749717259567	0.530685591884354	18.111407644298378	201.62957795137618	85.522965133938	35.48487713005017
-30	5	0.17368421052631594	37.3199770817386	113.34479920173962	1.2498600103128599	0.5123039987822582	12.423183161686032	355.5986343179074	85.522965133938	30.83594905664101
-15	-20	0.17368421052631594	37.47668913554701	106.47117962540104	3.3040137204968287	0.5211391458388849	64.10129282902112	65.6948581834188	154.6635536027069	114.54942840414236
-30	-20	0.17368421052631594	36.14979130742344	106.93047058181475	2.809878951712549	0.5086514116191915	66.54870010394758	223.18167713130813	85.522965133938	78.77404089059512
-30	2	0.17368421052631594	35.86832390904737	112.83329876006714	1.1637104649426693	0.49516117558363015	9.865545963728533	451.06370340303454	85.522965133938	27.26789745745109
-30	0	0.17368421052631594	34.42421396528164	112.3937813741731	1.1197374266725244	0.482835552431041	10.784697567940672	499.7006517927052	85.522965133938	25.071267971634896
-30	-2	0.17368421052631594	32.65234012713207	111.8553687327639	1.0991023557697313	0.47087259966537404	14.619702819720041	539.9036147970819	85.522965133938	23.392602142449636
-15	-40	0.17368421052631594	41.91406188194279	106.62579076094275	3.4930918012380268	0.5577361295115086	25.373997604743376	7.8113708757231155	154.6635536027069	135.37046816587437
60	20	0.11578947368421062	40.25750228500547	112.52743973862424	3.4721766984855797	0.6044853671538576	21.321223048171237	490.3685648962875	25.991817785431305	90.96537041833491
-30	40	0.17368421052631594	37.87351431146968	114.66461839021042	1.7930937354958854	0.5800135254748444	11.862712342618977	12.240131944443789	85.522965133938	47.82886915657449
-30	-40	0.17368421052631594	42.106411237449876	106.70116982768467	3.364715697828026	0.5552101520107221	23.100916960835328	23.20675997479483	85.522965133938	111.00615070258226
-60	20	0.17368421052631594	42.40603883026908	113.68925469628341	1.5103992402586637	0.5673712699914643	4.382478046226187	95.35570112004012	21.541774193074936	11.188480821390998
15	5	0.11578947368421062	15.32071355401183	112.11897556846847	3.6975229984493194	0.33216661383080814	169.96052361471166	1472.0092177365561	222.31097728988945	56.035571157312255
-60	-20	0.17368421052631594	35.62896478193755	108.25534909214196	2.053693512162158	0.524041188038249	17.227996102868804	391.61806301240284	21.541774193074936	20.415887595165376
30	5	0.11578947368421062	28.457755690122177	109.0243067950999	4.692016350535387	0.5427321828480701	39.79231971232466	1024.3986384019206	108.46950087474609	123.35786678163684
-60	40	0.17368421052631594	39.877800112654434	114.36780893654333	1.718647791219963	0.5820705113285953	3.8320157516269275	27.88724640449299	21.541774193074936	14.166032035421841
60	10	0.11578947368421062	38.643273972123495	109.94727785888004	4.2997320475013865	0.6031686128602254	9.467346131775933	625.9296459077442	25.991817785431305	103.26353690473216
-60	5	0.17368421052631594	43.05309594197264	112.87090951135409	1.3529327519495107	0.5506798898800945	1.918800573281532	195.92551630613409	21.541774193074936	8.591830902802053
-60	-10	0.17368421052631594	36.075052621706334	110.78261102876657	1.3102532315804805	0.5205542128250844	9.093977636937906	546.6111693477127	21.541774193074936	7.370618223301191
-60	10	0.17368421052631594	43.42923709201081	113.17248497075036	1.407514580376651	0.5582447538459483	2.417365339031771	137.54663601720512	21.541774193074936	9.56759781287039
-60	2	0.17368421052631594	42.28118285200981	112.62519464998577	1.3136254292656984	0.5439460842356687	1.919394013484767	249.04889000773045	21.541774193074936	7.853374019899733
-60	-40	0.17368421052631594	42.626820951921175	106.92042360473647	3.1422776086720443	0.5552000826342691	9.485899951590213	72.90961544753429	21.541774193074936	46.476936316613894
-60	-5	0.17368421052631594	38.92852047707893	111.77201186156567	1.245134592854242	0.5288721870898654	3.4142212112511077	324.9714423167128	21.541774193074936	6.405709340438497
60	40	0.11578947368421062	37.43647245849177	114.51609856119812	2.4455261819917333	0.6053067442044933	10.38923363205724	62.724782291093064	25.991817785431305	65.40054810076748
-60	-2	0.17368421052631594	40.58652202522353	112.18781591336283	1.26514179946629	0.5345239758642599	2.4699657498126344	297.815818426509	21.541774193074936	6.88589137549583
-60	0	0.17368421052631594	41.51708436000862	112.42244382076038	1.2875105190958591	0.5390794807873951	2.1002517339177933	275.60122350370256	21.541774193074936	7.344319684541224
60	5	0.11578947368421062	36.93993714656537	108.6232677611888	4.558199480306524	0.6071350116691179	3.645195525133256	401.4112240779611	25.991817785431305	103.61261115781609
60	2	0.11578947368421062	35.45716036221958	108.01512843178	4.655301103763865	0.6046694712908293	2.105306640311798	271.6045349264221	25.991817785431305	101.09934438572765
60	0	0.11578947368421062	34.8051969851949	107.71233018506676	4.687627941187352	0.6013816286332839	2.004377115644621	205.91567631139657	25.991817785431305	99.70386311245689
30	20	0.11578947368421062	32.51349956757036	114.77755578611071	2.5556920188414245	0.578721321801824	53.87403812435256	153.07028889196786	108.46950087474609	81.3700681462382
60	-40	0.11578947368421062	41.10551626610527	106.67260725478612	3.948865339549006	0.5801958071955355	5.0907283873692295	28.13503007947216	25.991817785431305	101.81412901762063
60	-5	0.11578947368421062	34.33499080384234	107.2659129685828	4.686835698877547	0.5953501528764806	2.3078323918365755	127.90406213220274	25.991817785431305	98.16395179034008
60	-10	0.11578947368421062	34.683106162016465	107.02391339830177	4.627482470678598	0.5909837351342793	2.909873800018377	95.8211350679144	25.991817785431305	97.9987869097747
60	-20	0.11578947368421062	36.54035200222908	106.78134691812608	4.418712354294895	0.5845928867393634	4.734993988190274	71.98006173440584	25.991817785431305	99.23002012563414
60	-2	0.11578947368421062	34.47129499397197	107.49577795628636	4.697595458628928	0.5986804050259203	2.0740513785623107	164.83815221258698	25.991817785431305	98.83851581663315
30	40	0.11578947368421062	35.81560861276633	114.87704294739171	2.1799194512962727	0.5925768252337321	20.784517710128284	16.25781825015583	108.46950087474609	78.22680609059354
30	2	0.11578947368421062	27.54594410020209	107.41593194651665	4.939191582919878	0.5481859853541834	14.483737579101224	511.8396808744495	108.46950087474609	125.37697263938759
15	2	0.11578947368421062	14.7191212988072	107.22020932868854	5.007426029363413	0.3605664966938438	104.04931075409117	948.1536709040945	222.31097728988945	72.56708730659635
30	-10	0.11578947368421062	31.28700917239413	106.46892344771774	4.679870357601892	0.5576568643371419	14.969744932298632	88.29164535265721	108.46950087474609	135.52640844740787
15	10	0.11578947368421062	23.418563550449143	115.48694782944817	2.4202082854374685	0.5002641109102924	100.79766758630323	355.4436364790529	222.31097728988945	57.77873823178047
10	2	0.11578947368421062	9.153528497608338	108.4224297409122	4.464352917485579	0.20738962700349625	131.06703222427964	1245.2385298627398	306.7059016969317	40.57340130902351
30	-5	0.11578947368421062	29.35217045574303	106.58248522595981	4.850595915270271	0.5584366985874603	10.303630476460178	117.84481664528515	108.46950087474609	131.49648014908576
30	-2	0.11578947368421062	28.522649608875604	106.74273661540118	4.919981181656814	0.5586866179658919	9.058937372479175	175.41536258120757	108.46950087474609	129.49773507550776
30	-20	0.11578947368421062	36.01403780962064	106.43393893873642	4.244702905543285	0.5588824172936954	23.439806553615263	58.58434585585342	108.46950087474609	142.45214924823583
30	0	0.11578947368421062	27.97946212510461	106.97078962078608	4.9481967237657765	0.5547160377434246	10.046241545959706	298.6636862277721	108.46950087474609	127.65971180655461
10	5	0.11578947368421062	12.103488867590043	114.78066286331985	2.581421240694035	0.28645250123428634	137.2872678901138	977.6211629307397	306.7059016969317	31.371584793107004
30	-40	0.11578947368421062	40.950947002543934	106.57132987518388	3.8334898293277204	0.570360335536704	15.083122288757846	11.528747126967021	108.46950087474609	147.6314295821666
15	0	0.11578947368421062	17.721409925117104	106.26209186049287	5.150292071805282	0.42650552178572104	54.690021134485534	410.64116072917085	222.31097728988945	90.11669891398745
15	-2	0.11578947368421062	20.82662853525548	105.98696365841228	5.082263750041367	0.469714464276519	41.710459419278074	257.2447289703451	222.31097728988945	104.77170504498892
15	20	0.11578947368421062	31.260329510313184	115.31400289863595	2.1322538624202383	0.5660345768764754	42.44367012875251	35.70518545063079	222.31097728988945	68.96340050980022
15	40	0.11578947368421062	35.65341271559457	114.94636404156181	2.0511676392895177	0.5872360495267142	21.495153658627316	4.942558858758344	222.31097728988945	76.05813007289676
15	-5	0.11578947368421062	24.61492890681347	105.9253962892121	4.89261396151051	0.5023077384184659	41.293321144744105	123.4974009898952	222.31097728988945	119.52785463303401
10	-5	0.11578947368421062	22.252808938523795	105.6671741672165	4.799947062313677	0.45593207432759814	83.87372594484454	156.06724525019706	306.7059016969317	106.95138033216855
10	-2	0.11578947368421062	16.11961511289284	105.73146593325508	5.018179975049757	0.3791575528205127	84.07469738195317	298.65875899815035	306.7059016969317	80.72352749324882
15	-20	0.11578947368421062	36.536206275632715	106.28372538470572	4.006607711044908	0.5459917771814926	37.19076922683076	28.063944014437045	222.31097728988945	146.56129891784533
5	2	0.11578947368421062	6.286343557516533	112.52246259571385	2.8514031905685275	0.11375879773352718	154.01307686514076	1246.2574012526886	313.75400038458673	17.919017835286777
15	-10	0.11578947368421062	29.537233195175695	106.05045145891515	4.5235119769509655	0.5154521898205339	50.13398647751868	79.48073258709651	222.31097728988945	132.99983679087975
10	10	0.11578947368421062	23.360943790748852	115.88164210889803	2.0969792209486062	0.4980499255187652	73.58627415968803	181.95824873877848	306.7059016969317	50.26356683797111
10	0	0.11578947368421062	11.757937692608582	106.17488363175354	4.999064720890938	0.2922867402791761	77.98632117134619	441.86760351132546	306.7059016969317	58.48248594130088
10	20	0.11578947368421062	31.348135394536754	115.35941766891287	2.0271812185387827	0.5629750062345672	38.52085192117904	21.580585862522714	306.7059016969317	65.64748973163432
15	-40	0.11578947368421062	41.08863517761448	106.54695352284784	3.73896913628647	0.5655228449769527	20.325599739584323	4.45592946145515	222.31097728988945	154.4084175718959
10	-10	0.11578947368421062	29.07774770702137	105.91878633889495	4.375249782371374	0.49463029454630164	69.10396166590455	73.06346499160468	306.7059016969317	127.78715076963793
10	40	0.11578947368421062	35.704674827416994	114.94932826192002	2.012157180551152	0.5857508250748701	21.093022930115833	3.15410125936067	306.7059016969317	74.38364029437004
5	5	0.11578947368421062	12.568204847815272	115.92062505729125	1.8748215779767772	0.2977577213075948	74.10528928997692	444.54159389970175	313.75400038458673	23.799637973393047
5	-2	0.11578947368421062	11.337824951329637	105.7446271016586	4.578966994906347	0.24039512850469735	136.35179966858743	302.71776962684254	313.75400038458673	51.95552001703967
2	0	0.11578947368421062	5.856863421919802	108.21581508253804	3.426898467960009	0.07423929580576834	204.95405986959707	1231.454099309425	315.16884005788893	20.073824281872977
5	0	0.11578947368421062	6.876204142757146	106.53321463058602	4.538346874796104	0.15110875794329084	98.86164526023248	559.033515157225	313.75400038458673	31.178408630094005
10	-20	0.11578947368421062	36.690529457646626	106.25477553870047	3.9123406960384948	0.5417671931122681	41.88174533310835	19.419447695464278	306.7059016969317	144.81679827529643
5	10	0.11578947368421062	24.148511234903584	115.95914002286821	1.87887219876109	0.4986600265453502	57.29471667770784	112.79096317129478	313.75400038458673	46.2488328696177
2	2	0.11578947368421062	6.594466353277065	114.7500593288173	1.7794973511972911	0.12783719166640783	94.40882458640273	703.8784158771699	315.16884005788893	11.757107769525314
5	-5	0.11578947368421062	19.325006044561174	105.55614223887856	4.465801549028037	0.37265365487871904	149.29751083616432	227.97907669944234	313.75400038458673	86.60089318234978
10	-40	0.11578947368421062	41.151364282308556	106.54499524352275	3.7030413811351375	0.5639884908598263	21.865734205883623	3.0093553617143263	306.7059016969317	154.1003136265297
5	20	0.11578947368421062	31.6324431353646	115.35460451160232	1.9374601617214036	0.5605625009377422	34.87555348475246	14.744968594088956	313.75400038458673	62.59882665208929
0	0	0.11578947368421062	6.529596069620764	110.01888391009584	2.32220516652977	0.05991678147009196	174.79963575063664	1222.1838560344656	314.65562932839464	15.163061728225816
2	5	0.11578947368421062	13.963193577895613	115.99141717638805	1.6583690400580255	0.31457031330373	60.50110456813327	392.82538805962054	315.16884005788893	23.295314607385144
5	40	0.11578947368421062	35.80530194276791	114.94275895243509	1.9754855914853295	0.5844328175563116	20.43051780103978	2.234300381444401	313.75400038458673	72.28750128175666
2	-5	0.11578947368421062	17.42535610412195	105.68817335538618	4.070320998225398	0.30743899611397413	170.90327360169033	265.44724773347065	315.16884005788893	71.070550936219
2	-2	0.11578947368421062	9.65798168591587	106.03881779435086	3.945782452609406	0.1658383090523342	162.4451341256964	347.8152005408492	315.16884005788893	38.140977365311706
5	-10	0.11578947368421062	28.589646329934226	105.82794803055971	4.160156717140032	0.4722494570743605	92.86304069204621	77.30370585067135	313.75400038458673	119.66154493328209
2	10	0.11578947368421062	24.88101712783232	115.91152136231479	1.781262207063632	0.49990005482774386	50.68528505122675	96.55425441364004	315.16884005788893	44.7266978725494
2	-10	0.11578947368421062	28.24616402390326	105.80968479677023	3.991403557531713	0.45871742034022395	109.85360014718668	91.15386439973256	315.16884005788893	113.12535332951255
5	-20	0.11578947368421062	36.79925298134986	106.24046026618578	3.810864252726113	0.537445756650596	46.77422396469652	14.527529079484523	313.75400038458673	141.42704537454776
2	20	0.11578947368421062	31.883390365130328	115.33160092924597	1.8901018438850612	0.5594123854683306	32.8363743953116	13.276804495057796	315.16884005788893	60.84861056346381
5	-40	0.11578947368421062	41.218788407596435	106.5466146014136	3.6652183254167863	0.5625111785070701	23.188762339419448	2.2142670306594336	313.75400038458673	152.52176497000167
2	40	0.11578947368421062	35.88805626804564	114.9345034059785	1.9546571733804983	0.583725139986471	19.929216275673383	2.058828180911893	315.16884005788893	70.83721504490003
-2	-2	0.11578947368421062	9.071135180127136	107.17870679435802	2.7217478433418276	0.11900787520781526	165.5564218998789	587.0694480253242	300.265867373234	24.63662725139452
0	-2	0.11578947368421062	9.122449106712502	106.49059485820906	3.3604111137161605	0.1325690961103593	168.49480682571902	436.22513945618783	314.65562932839464	30.65517936250675
0	-5	0.11578947368421062	16.439409052140505	105.85689584833285	3.746537808605626	0.27219269681782515	171.82545588513557	284.65114313863586	314.65562932839464	61.59086756497798
2	-20	0.11578947368421062	36.83509341176991	106.24004227228188	3.7461450263095575	0.5347975441080001	49.7741012743146	13.987914529922886	315.16884005788893	138.5930387068885
0	2	0.11578947368421062	7.852282015979531	114.88485803435226	1.48222972261098	0.14650754264636595	65.90794304549767	616.4697058902881	314.65562932839464	11.638885794408527
-2	0	0.11578947368421062	7.533024080513772	111.2634017683317	1.6056566098890903	0.08069396776457691	136.1120838802301	1157.8190927362234	300.265867373234	12.066867342873383
0	5	0.11578947368421062	15.170888075178139	115.93200560927659	1.5541313642213523	0.32871972585296816	55.50723867779857	401.9001791298615	314.65562932839464	23.577552980726047
0	-10	0.11578947368421062	27.985292670402245	105.82034173659132	3.8588579047938913	0.44995278838692954	122.467678667096	108.37873956541814	314.65562932839464	107.99126783915226
-2	2	0.11578947368421062	9.582529023532379	114.61980694079203	1.321846314499577	0.1668627844203929	54.93824852510627	717.2424476945212	300.265867373234	12.603111344067054
0	10	0.11578947368421062	25.447797650335552	115.8522990359415	1.7263104724148577	0.5009787405471372	47.308871503825884	92.42846808253474	314.65562932839464	43.930799583668474
0	20	0.11578947368421062	32.08005279146244	115.30904115444282	1.8609563874699828	0.5587632018369633	31.500441247659083	13.13402743335113	314.65562932839464	59.69957915264629
2	-40	0.11578947368421062	41.26069467161661	106.54940799255459	3.641701474081377	0.561657123586439	23.868305132060623	2.1002135185386557	315.16884005788893	150.97637241164713
-2	5	0.11578947368421062	16.561650735661022	115.82139517924828	1.4704756996933372	0.34482541980999837	52.3852230303339	433.8916087238258	300.265867373234	24.139362682608752
-2	10	0.11578947368421062	26.065596389345895	115.77562938398056	1.6779726586792594	0.5022116357293847	44.10290511170171	92.18622108922209	300.265867373234	43.253864486701815
0	40	0.11578947368421062	35.952049359837424	114.92730391994888	1.9412699863919325	0.5832884609019761	19.60492869167296	2.09998792939007	314.65562932839464	69.79263437153368
-2	-10	0.11578947368421062	27.690019858948144	105.8552127917347	3.7081131689353857	0.4415302055224426	134.9628881332462	133.6193456627652	300.265867373234	102.18849823559172
-2	-5	0.11578947368421062	15.724366826989483	106.0921585163632	3.3898733896674877	0.24733654255539533	170.38324325853975	313.90796944268294	300.265867373234	53.13541006566722
-5	-2	0.11578947368421062	9.933306928721807	108.51742201163192	1.8785868730466315	0.13387769908320274	145.22027555968873	912.4706177990525	263.1788187611562	18.47366694732013
0	-20	0.11578947368421062	36.84431881538941	106.2435986898898	3.7012400013228004	0.5330069880030128	51.79050151296227	14.87422529695794	314.65562932839464	136.36966662100957
-2	20	0.11578947368421062	32.29810148426081	115.2812894047958	1.8336147453293268	0.5582038878560431	30.304204520968742	13.714655418532763	300.265867373234	58.55699808064242
0	-40	0.11578947368421062	41.28901203234239	106.55205850589503	3.6257100714153596	0.5611028613974013	24.27955174054821	2.195293849081949	314.65562932839464	149.70198676445378
-5	5	0.11578947368421062	18.93486569159233	115.58820958109949	1.3731604220659455	0.37121334570136244	48.22104740525994	491.83948614734794	263.1788187611562	25.289061193273373
-2	40	0.11578947368421062	36.022804189574096	114.91880978844559	1.9282849070825883	0.5828800294915885	19.161355494188527	2.223716405537621	300.265867373234	68.68713132021078
-5	2	0.11578947368421062	12.531176187966125	114.17985559911979	1.1967290648044302	0.20327977483053583	45.422549513318444	749.9698565343298	263.1788187611562	14.717341998651
-5	-10	0.11578947368421062	27.10056801398147	105.96821535737809	3.4498353504664223	0.4281001670423116	149.8855910156501	190.39478211214987	263.1788187611562	92.12557056403429
-5	0	0.11578947368421062	9.908797322438902	111.9769137907979	1.209487839183733	0.13062431631050425	62.32551716692765	851.5514496734282	263.1788187611562	11.826156674181714
-5	-5	0.11578947368421062	15.177566363904695	106.56674549697487	2.8283274588846616	0.2320820608115109	162.64055911761022	376.03308021123064	263.1788187611562	42.456776073933035
-2	-20	0.11578947368421062	36.84053086475825	106.25050257184068	3.654821606297405	0.5311963285381349	53.80621821844517	16.85668882585851	300.265867373234	133.880578138839
-5	10	0.11578947368421062	27.071151863350167	115.63432637228593	1.6157526964092053	0.5042801035214992	40.254760898038015	97.95177080496622	263.1788187611562	42.38403994471578
-10	5	0.11578947368421062	23.182272678772534	115.04680981110899	1.271946194060612	0.40831817643445384	40.74495366920432	534.7212644455993	203.07703078002987	27.394926664869107
-10	-2	0.11578947368421062	13.385991519667757	110.19674079236313	1.2202852941115883	0.20515334902889767	73.51240669090771	872.8038976076087	203.07703078002987	15.609698042690464
-10	-10	0.11578947368421062	25.85398742256689	106.34679339528202	2.948424835490815	0.407192728458997	147.2700089641874	293.37602287929315	203.07703078002987	73.24236496789038
-10	10	0.11578947368421062	28.908655170925144	115.34682013253918	1.5334782634857562	0.5081091791080233	35.10738123664465	119.66683057931046	203.07703078002987	41.10663475558644
-2	-40	0.11578947368421062	41.31751758540902	106.55535315014546	3.6094848635601213	0.5605616105437673	24.634487727310994	2.4282690491436676	300.265867373234	148.2357976009837
-10	-5	0.11578947368421062	15.722108346372563	107.57451733090585	1.9891054958172187	0.26073455507572224	136.5579647227949	522.0306096796456	203.07703078002987	30.08599056817767
-5	40	0.11578947368421062	36.14103826510054	114.90376361996258	1.9095653993808206	0.5823204847712757	18.521982033262113	2.619037440720595	263.1788187611562	66.91680756284852
-5	20	0.11578947368421062	32.661525161202086	115.2309490437302	1.7957393692090011	0.5575247754341002	28.60812672731367	15.57096924686353	263.1788187611562	56.8413275565595
-10	2	0.11578947368421062	17.71375803484846	113.73784857740914	1.104682074470457	0.27607806003037566	40.08960110678981	765.4381909129534	203.07703078002987	18.42158243818386
-10	0	0.11578947368421062	14.88371902005399	112.21842176263938	1.0721998914923014	0.21548780268748602	42.24845604984291	776.1766877488013	203.07703078002987	15.158944311977436
-5	-20	0.11578947368421062	36.80811889888811	106.2677220303122	3.5821257808297524	0.5284432150326708	56.8077525613675	22.26714342988726	263.1788187611562	129.65431119137796
-15	-5	0.11578947368421062	18.004533471011626	108.60581728546656	1.4634557938593682	0.3222598170102998	94.12300224497267	680.3411203366832	154.6635536027069	23.94932018355964
-10	20	0.11578947368421062	33.3510546358588	115.12734292286588	1.7401391656349658	0.5567857224972828	25.77949042630215	20.772736449632205	203.07703078002987	53.92924617928977
-5	-40	0.11578947368421062	41.36047849155202	106.56152665268375	3.584744289250649	0.5597762710377676	25.09529640182278	3.0665160537786273	263.1788187611562	145.6846560619588
-10	40	0.11578947368421062	36.3680301302289	114.8730360129995	1.8803883975205755	0.5815288916935474	17.332332170469048	3.72938135806666	203.07703078002987	63.67458878978241
-30	-10	0.11578947368421062	26.72176506659178	108.63152320601564	1.5942829511570296	0.45177520217209294	55.58561878517502	547.67132849029	85.522965133938	30.858346017176075
-15	-10	0.11578947368421062	25.079837648966333	106.87587458767263	2.4682268321334613	0.40431672223293735	123.90973971766219	367.4868584776643	154.6635536027069	57.16896761639756
-15	5	0.11578947368421062	27.22855772197222	114.50591565625838	1.223209339364885	0.4397077541277934	33.50107680763441	499.8009057295724	154.6635536027069	29.07260500841796
-10	-20	0.11578947368421062	36.67540486520406	106.31729776439991	3.451846636168181	0.5237733593139506	61.50177163615323	38.82396841663346	203.07703078002987	121.33885472509647
-15	0	0.11578947368421062	20.20038804759157	112.31495077993647	1.024602236144094	0.303115626140903	38.73806017303657	778.8390874776508	154.6635536027069	18.40735442954485
-15	10	0.11578947368421062	30.8893576059903	115.01538205197946	1.4710635911895025	0.5121871748108765	30.99677389791405	152.8838200500267	154.6635536027069	39.79706125849899
-15	-2	0.11578947368421062	18.14203635708065	110.9003104774129	1.0621441439474666	0.2880622461471192	47.91000687974542	791.4756321211715	154.6635536027069	17.26026924719117
-15	2	0.11578947368421062	23.130126947073897	113.48183344027869	1.0624339194034134	0.35642214606647876	37.515690843351535	750.6639702895015	154.6635536027069	21.603157429848487
-10	-40	0.11578947368421062	41.43213963737503	106.57516506153716	3.542575946079817	0.5585455557095305	25.558029204794607	4.932182887090884	203.07703078002987	140.52811587699966
-15	20	0.11578947368421062	34.12621622247904	115.00418219903229	1.6927608654959247	0.5564844750979399	23.16392795541594	28.17746525008813	154.6635536027069	50.88398538057662
-15	40	0.11578947368421062	36.62844853691852	114.836091691961	1.8537169412942365	0.5809107407083668	16.02803925517189	5.322370392542662	154.6635536027069	60.07806571977053
-30	10	0.11578947368421062	36.79299745434401	114.02215177814338	1.3699828867915516	0.5289180417843965	18.030173010350932	206.0133676439286	85.522965133938	33.92244318116843
-15	-20	0.11578947368421062	36.436144458509546	106.39776641229363	3.3086238918693325	0.5190656214740094	65.41737294957586	66.59247692378932	154.6635536027069	111.55075736104142
30	10	0.05789473684210531	28.719014954845992	112.19446526282267	3.8514570034598687	0.5433766696193039	106.67246857317488	1036.5499575603924	108.46950087474609	103.5937356731038
-30	5	0.11578947368421062	36.04137235420659	113.41991410225211	1.217581939801501	0.5086419716422131	12.886067903828932	369.99163018418875	85.522965133938	28.837996094585467
-30	-5	0.11578947368421062	28.045111335395656	110.70731413710952	1.1136873799342513	0.4492021462916254	28.844442295919215	634.4366844437232	85.522965133938	20.75003070996454
-30	-20	0.11578947368421062	35.12312274483103	106.88196052682557	2.7916171519310744	0.5064975186111527	66.76619460643734	222.27115102984743	85.522965133938	76.01917368233606
-30	20	0.11578947368421062	36.77988428840602	114.56493623545995	1.5893456828906918	0.557653541109949	16.09862848527649	58.7094734501133	85.522965133938	40.36912161416262
-30	2	0.11578947368421062	34.46400627430848	112.8761706515274	1.124222985461664	0.4906371031458842	10.135060390324384	461.13148775300994	85.522965133938	25.099691644173095
-15	-40	0.11578947368421062	41.50354819669411	106.59305143573573	3.499494769874694	0.5574261934545023	25.65099192758446	7.871348332091245	154.6635536027069	134.30464616938792
-30	40	0.11578947368421062	37.562839770119396	114.69805648280118	1.7882292359719516	0.5800456752167791	11.74528936640508	12.136475491107158	85.522965133938	47.27768353384675
-30	-2	0.11578947368421062	31.115383446260314	111.83496607194016	1.0565567896881767	0.46554794241013375	14.731222138977078	546.1440750562407	85.522965133938	21.227880694983785
-30	0	0.11578947368421062	32.948429601913055	112.40898990630407	1.0775285303091677	0.4778872078920794	10.965332618232399	507.672787886636	85.522965133938	22.873573346889152
-60	-10	0.11578947368421062	35.468980611866684	110.76844820521517	1.292010571049568	0.520326149724413	8.988498309070986	535.3867476007786	21.541774193074936	6.930270700648499
60	20	0.05789473684210531	39.68343194354907	112.56341929532718	3.474902637684331	0.6051413256463606	21.623619323883666	497.67780724856715	25.991817785431305	89.74483848957085
-30	-40	0.11578947368421062	41.72151882065313	106.67156748139884	3.3683066287755907	0.5549023179355761	23.31487971836513	23.384690641301866	85.522965133938	110.12761830496324
-60	20	0.11578947368421062	42.08228079231008	113.7203498998041	1.5047373310763676	0.5672143537242006	4.4396914873543905	96.74973884760765	21.541774193074936	10.989645635799587
-60	-20	0.11578947368421062	35.09928458333944	108.2373085600701	2.038961554619491	0.5237820736894688	16.994349833856973	385.53089607061395	21.541774193074936	19.861709225820455
60	10	0.05789473684210531	37.990945896515385	109.92737793111172	4.322511105018552	0.6040725278864031	9.467420474089293	626.7929380129123	25.991817785431305	101.98280806607649
30	5	0.05789473684210531	26.519484180196486	108.86952295701397	4.776992562642422	0.5418124541799186	39.244401969706914	1028.0927878925359	108.46950087474609	116.89531758980097
-60	40	0.11578947368421062	39.70436193533908	114.38621787881456	1.7160948568452048	0.582093454017601	3.8126526347970495	27.74769211691636	21.541774193074936	14.0529503438376
-60	10	0.11578947368421062	43.05065396288217	113.1964689557604	1.3972289100855961	0.5579039406057964	2.447865751133976	140.03577493590313	21.541774193074936	9.275498866449778
-60	5	0.11578947368421062	42.62671553521231	112.8881177955051	1.3400098903526003	0.5501478659322595	1.939463086347473	200.0689765113472	21.541774193074936	8.250951419930455
-60	2	0.11578947368421062	41.81812818302071	112.6357601815122	1.2991197982205411	0.5432885865061203	1.9344966674952688	252.29348604834325	21.541774193074936	7.487877990778513
-60	-5	0.11578947368421062	38.40694819356665	111.76417782881794	1.2294334459217275	0.5283045303781071	3.4194328551477593	326.3495759711881	21.541774193074936	6.03724882032618
-60	0	0.11578947368421062	41.03364233788452	112.42829027971935	1.2722986741767612	0.5384104028166754	2.1123046236027534	278.0962171950654	21.541774193074936	6.970477173731878
-60	-40	0.11578947368421062	42.38869419871343	106.90405826046454	3.142057194320816	0.555032425446119	9.538507931236397	73.25616219804532	21.541774193074936	46.218784719339155
60	5	0.05789473684210531	36.389359501573374	108.57476332438507	4.5819256391081025	0.6073996465982913	3.6869267198698683	412.26353306827906	25.991817785431305	102.5083287740276
-60	-2	0.11578947368421062	40.08576014925942	112.18858662639046	1.2495069187970114	0.5338799736341096	2.479085944016461	299.7744246075541	21.541774193074936	6.509921020872939
60	40	0.05789473684210531	37.204417950289034	114.54125038237888	2.441500214820094	0.6054609521050566	10.339264437938281	62.36094570632146	25.991817785431305	64.92523157460514
30	20	0.05789473684210531	31.563926468442876	114.88606043283201	2.5377546010908762	0.5789622431253738	52.61043473032873	149.2425686696939	108.46950087474609	78.5070943904345
60	2	0.05789473684210531	34.973559353550684	107.96172195085852	4.677193848650899	0.6048720483658739	2.084765130389144	265.8711391452306	25.991817785431305	100.1094174098695
30	2	0.05789473684210531	26.058805153186128	107.26309332094323	5.008483156351945	0.5461373543663536	13.861716757581933	478.1799395369536	108.46950087474609	120.14522409796454
60	-20	0.05789473684210531	36.241789129319336	106.76091926115039	4.433535832592461	0.584703386061157	4.676951841920055	70.80330372111476	25.991817785431305	98.69131714177934
60	0	0.05789473684210531	34.36263334000269	107.66621330313812	4.70771270652255	0.6015606306710551	1.9814523923988854	200.12282357910692	25.991817785431305	98.78649352318669
15	5	0.05789473684210531	12.160766222385028	112.23788230114316	3.694506365367689	0.30670855358614746	152.72366346261717	1359.8513362237563	222.31097728988945	44.3624889046547
60	-40	0.05789473684210531	40.927436638801254	106.65955669817232	3.9557270718232562	0.5801877289567431	5.11361507570828	28.285825291971456	25.991817785431305	101.51317435664565
60	-2	0.05789473684210531	34.05909415298131	107.45505411648656	4.71640929888291	0.5988513306258482	2.0531429716137253	160.6388399328243	25.991817785431305	97.98205744845846
60	-5	0.05789473684210531	33.95577563867658	107.23098439285437	4.704346432839764	0.5955083164352335	2.2831857079615645	124.96996017850012	25.991817785431305	97.38171960343715
60	-10	0.05789473684210531	34.340925354338744	106.99553669299526	4.643654122003051	0.5911231529747185	2.8755138987691624	93.89471795827349	25.991817785431305	97.31375959509002
15	10	0.05789473684210531	21.406602836793226	115.73009972608564	2.3758698417399864	0.49573257873423293	92.39878853441677	330.28552744495863	222.31097728988945	51.87288827566384
30	40	0.05789473684210531	35.44989905238975	114.91729441888587	2.1734250396934844	0.5927136266910454	20.55928012640683	16.06921831842951	108.46950087474609	77.23108310859547
30	0	0.05789473684210531	26.739469861290353	106.84449207070934	5.005808455552243	0.5532046225017275	9.762611136165617	286.4384302431595	108.46950087474609	123.31600683808185
15	2	0.05789473684210531	12.088068992175852	106.85346815747572	5.139010454558197	0.3409591136964007	77.46042852543364	686.67270645604	222.31097728988945	61.07073330863721
30	-2	0.05789473684210531	27.46346190014491	106.63026425153218	4.97015606290129	0.5582880578349413	8.851782874303465	174.07103518615463	108.46950087474609	125.87672994807797
30	-20	0.05789473684210531	35.31977307036506	106.38778480161787	4.279547638625411	0.5585527192516421	23.481715587015763	57.79707163403666	108.46950087474609	140.76601364237348
30	-5	0.05789473684210531	28.42106944948509	106.48993113930369	4.896027348080123	0.5586191554489093	9.920458825267112	109.69294913142011	108.46950087474609	128.44600047747525
30	-10	0.05789473684210531	30.44832489210573	106.39959616769507	4.722611489456354	0.5578188014887905	14.392209189624731	83.37444742393214	108.46950087474609	133.02297437013857
15	0	0.05789473684210531	15.555221032078208	106.03009673975869	5.246622228031038	0.4133386724625534	49.88922573950644	353.7554369096734	222.31097728988945	80.49559071957077
15	-5	0.05789473684210531	23.06545409586762	105.77372289881272	4.9722926950938975	0.500806759569575	38.1198349022262	119.34381482669228	222.31097728988945	113.76998921655047
15	20	0.05789473684210531	30.346518130182645	115.4192684625077	2.114602839376681	0.5659038245742531	41.09315813950177	34.71496586130392	222.31097728988945	66.42901926629193
10	5	0.05789473684210531	9.36474454724462	115.28204467167652	2.4462972357743977	0.2661067281238577	107.0244576819819	741.5871833927155	306.7059016969317	22.993645290378698
30	-40	0.05789473684210531	40.62487807896769	106.54589243340386	3.8440841031740574	0.5702382309615804	15.216732866399784	11.636778776054012	108.46950087474609	146.82617448026866
10	2	0.05789473684210531	6.406410664876233	107.77133520217583	4.703600052350332	0.18578880584789526	101.14328256217473	1020.5517689961582	306.7059016969317	29.8820855204933
15	-2	0.05789473684210531	18.9462694558171	105.80114939906758	5.170090985248127	0.46228150009253466	38.75364027366114	233.6481779446138	222.31097728988945	96.88310661523202
5	2	0.05789473684210531	3.504163058826673	113.31338275444433	2.686849072628277	0.08897854034977434	118.88077156300139	977.7435275505266	313.75400038458673	9.40650450122744
15	40	0.05789473684210531	35.266095831749574	114.98895336936377	2.0444186377569116	0.5873346547184073	21.233637014970576	4.8860518527815735	222.31097728988945	75.00288014932802
15	-10	0.05789473684210531	28.184139960134118	105.94453210895504	4.596512747743814	0.5147004700645728	49.16060918547482	73.37314520093163	222.31097728988945	128.8890217359107
15	-20	0.05789473684210531	35.67661093800877	106.21992689797352	4.040774990857625	0.5448941624180768	37.97148997975361	28.612169286194057	222.31097728988945	144.28042121581456
10	-2	0.05789473684210531	13.901191352354534	105.51370804749253	5.117186106310399	0.36290616927711566	71.68736398067902	254.13579719779233	306.7059016969317	70.93030822100066
10	-5	0.05789473684210531	20.27422440295588	105.49082722470177	4.905354029924062	0.45098343674898195	77.39051500256868	148.3056814368912	306.7059016969317	99.52906948213355
10	10	0.05789473684210531	21.536323672678996	116.1009072175701	2.056933116219028	0.49375670323126486	67.53278899581638	172.2331918324605	306.7059016969317	45.472302749046236
10	0	0.05789473684210531	9.527187501680729	105.85929793576516	5.1209245759687345	0.2725506749067107	58.73141019638091	334.6853839386271	306.7059016969317	48.49771118457097
5	-2	0.05789473684210531	8.96833077864127	105.4248007329942	4.761119742710296	0.22412502628771278	100.20136175071403	224.15313504803143	313.75400038458673	42.711998442528
10	20	0.05789473684210531	30.45574822816744	115.46169973081973	2.0103126802178912	0.5627747225051382	37.28781429468057	21.091540961806267	306.7059016969317	63.27170481988214
15	-40	0.05789473684210531	40.71111709847094	106.51675588176876	3.7494158321448343	0.5653221066164198	20.5361700378763	4.497147121459005	222.31097728988945	153.3984190773375
5	5	0.05789473684210531	10.238651238768897	116.27171191182725	1.7850126066375858	0.2784504282101974	57.65937697099496	333.9579146980503	313.75400038458673	18.45505263535033
5	-5	0.05789473684210531	16.888491508812844	105.36354598234236	4.570177783936163	0.35736578094697347	142.76540141001163	202.34178872552417	313.75400038458673	77.41571958957678
10	-10	0.05789473684210531	27.508211974078527	105.79604877688563	4.453685941061799	0.49195986310298656	68.89118669541682	66.67819685953774	306.7059016969317	123.00165984470765
5	10	0.05789473684210531	22.460132189166714	116.1587321509272	1.8434768553259036	0.4948434093544454	52.92216154742876	108.86007396145189	313.75400038458673	42.215846918781764
10	40	0.05789473684210531	35.31618514946267	114.99199520801712	2.005450198279147	0.5858369487857167	20.832461085935748	3.125909816270792	306.7059016969317	73.34156040148828
10	-20	0.05789473684210531	35.78885784079728	106.18566389930686	3.94374479880631	0.5404848116496009	42.81076264098114	19.76142785880367	306.7059016969317	142.35679070219018
5	0	0.05789473684210531	4.613954017476467	105.90247411307557	4.8033339961278285	0.13227931900650433	56.28469397244929	321.50596921600516	313.75400038458673	22.13122153466286
0	0	0.05789473684210531	3.0954660630406075	109.96426685395463	2.239072471804514	0.029620988920339972	151.93466946956974	1096.7492827470676	314.65562932839464	6.93097284915932
2	-2	0.05789473684210531	7.108199139835091	105.60483708914133	4.1509496283848035	0.1471001510553484	134.600491986194	232.32800950732445	315.16884005788893	29.52429396899056
10	-40	0.05789473684210531	40.76117833921717	106.51362333838095	3.713128489317658	0.5637623176165002	22.092704321850597	3.033143259365968	306.7059016969317	153.04249179873554
5	20	0.05789473684210531	30.76374835787349	115.45357050596499	1.9214630008292404	0.5603168072248869	33.77032494269722	14.516687236939667	313.75400038458673	60.38880984168102
2	0	0.05789473684210531	2.6440899673225586	106.69281561621175	4.167757482789296	0.05729161569826562	91.39883433384122	565.088600514796	315.16884005788893	11.018499427319915
5	40	0.05789473684210531	35.418426370957995	114.98518351485104	1.9688767112536876	0.5845076090171708	20.17485967840015	2.220097334571084	313.75400038458673	71.27348174299665
2	2	0.05789473684210531	4.1663576594509975	115.67489000795415	1.5622237966908885	0.10961587519147659	52.29066281561446	378.57642703312007	315.16884005788893	6.520756669520612
5	-10	0.05789473684210531	26.792330557402188	105.69003171733208	4.2354995721089015	0.46647299054299285	93.35928236954956	69.96751288196911	313.75400038458673	114.13634675108257
2	-5	0.05789473684210531	14.916685749665529	105.48304486601275	4.154493254974765	0.2880461838538122	156.77818553823457	216.98804826588838	315.16884005788893	62.08347158233579
2	-20	0.05789473684210531	35.8729480326629	106.16458153384632	3.7713370326935745	0.5332093782039353	50.900835880367	14.133435067599706	315.16884005788893	135.8741133226529
2	10	0.05789473684210531	23.256474459279826	116.10168587597988	1.748292981586926	0.49640696479698176	47.03976489285593	93.93780357081143	315.16884005788893	41.03726600797844
5	-20	0.05789473684210531	35.85868887518288	106.16699638528058	3.838650555423148	0.5359729099038087	47.82829194774874	14.717225207315755	313.75400038458673	138.80025118742398
0	-5	0.05789473684210531	13.926284533774506	105.64595687792054	3.8087250887160673	0.2515221141395528	158.18312930062615	231.07240641286046	314.65562932839464	53.0413892963855
2	5	0.05789473684210531	11.68058723939345	116.28753570680028	1.5876222994772358	0.29566570969018496	48.67001446121158	305.9835227775599	315.16884005788893	18.653591174696157
2	20	0.05789473684210531	31.02984302417287	115.42846780210144	1.874645372005393	0.5591498711656736	31.817233967254378	13.11588222333837	315.16884005788893	58.74003393636452
2	-10	0.05789473684210531	26.3104702107336	105.66623610741253	4.058920055165387	0.4505504884536427	110.68331682868161	83.90454579567987	315.16884005788893	107.14074578667251
5	-40	0.05789473684210531	40.818448237407566	106.51432715283669	3.674801960782908	0.5622610469755978	23.442827219283636	2.2274881036590055	313.75400038458673	151.4291980550684
2	40	0.05789473684210531	35.50340378628105	114.97663988134266	1.9481294382358676	0.5837936619066485	19.67895181529708	2.048322255421074	315.16884005788893	69.84644256252784
0	-10	0.05789473684210531	25.955058151124277	105.67618956635945	3.917937594866291	0.43992031447408625	123.516838311868	101.82687630776236	314.65562932839464	101.69029810723057
0	2	0.05789473684210531	5.4327757084183865	115.6082148255683	1.336315540990975	0.1288419128490883	40.709568777816834	371.6442791765465	314.65562932839464	7.259902609877744
0	5	0.05789473684210531	12.879011025893584	116.20412490087695	1.492111795889575	0.31012109527180043	45.58055469505866	320.17853395196227	314.65562932839464	19.216924271127716
0	-2	0.05789473684210531	6.4686439324911	106.01386280332727	3.4857385415705804	0.1109686230761495	143.65665255984777	282.25943125619693	314.65562932839464	22.54800146718091
0	10	0.05789473684210531	23.860678613877567	116.03692711877737	1.69481806611421	0.497703616292421	43.75918534163616	89.9720508834077	314.65562932839464	40.43950918454467
-2	-5	0.05789473684210531	13.213923188682422	105.88480865172485	3.4206405673507096	0.226019165617926	157.10182282337632	254.29829052015884	300.265867373234	45.06831621140911
-2	0	0.05789473684210531	4.395520178465268	111.7283556345924	1.2600464069309492	0.057051259944563476	73.49411311868187	856.232939790966	300.265867373234	5.5264337211815455
0	20	0.05789473684210531	31.237001026084773	115.40446782547438	1.845865598021385	0.5584933103206802	30.52994351322765	12.985707834710194	314.65562932839464	57.65930557940858
-2	-2	0.05789473684210531	6.328728653933903	106.7312167626304	2.7102101271842405	0.09737793781819866	141.80423336814	384.8815639738529	300.265867373234	17.1202280316773
-2	2	0.05789473684210531	7.055477704610409	115.24094846880658	1.2117411852112463	0.14956621880926607	37.44309487784452	487.86903150954805	300.265867373234	8.507376762611603
2	-40	0.05789473684210531	40.85555748179133	106.51670915826584	3.650919937909973	0.5613937659066068	24.12940427064083	2.110573643015865	315.16884005788893	149.8699617032136
0	40	0.05789473684210531	35.569386929310646	114.96919103669329	1.9348052793963768	0.5833530786161287	19.273532901529666	2.0670268845915016	314.65562932839464	68.81983761572272
-2	5	0.05789473684210531	14.240909560059485	116.07549936648617	1.4152507800215353	0.32653749796508513	43.658508363796535	352.373652704019	300.265867373234	19.9798914869608
0	-20	0.05789473684210531	35.868595030545706	106.1671146662959	3.724520218531109	0.5313419519462744	52.92335841761519	14.969265343436465	314.65562932839464	133.59330740157193
-5	-10	0.05789473684210531	24.881808839365068	105.83945265480942	3.467630695796686	0.4138005115043146	154.45507381995935	189.9853343033332	263.1788187611562	85.05523443492767
-2	-10	0.05789473684210531	25.565913113513496	105.7138328352094	3.7553176043939276	0.42946560491485647	137.37916589036033	129.08444918520073	300.265867373234	95.5664527149083
-5	-2	0.05789473684210531	7.098534628503054	108.19066843658582	1.7107553707609178	0.11790597238339577	119.66391536172861	643.6712839613024	263.1788187611562	12.0246993629025
-2	10	0.05789473684210531	24.512865356822356	115.95518547887717	1.6478687509690517	0.49915166524194376	41.17585509767849	90.00163132289212	300.265867373234	39.942360301304305
0	-40	0.05789473684210531	40.88122880284264	106.51914562073715	3.63466018083707	0.5608311723961088	24.50678137711421	2.188549360680357	314.65562932839464	148.58937447338167
-5	-5	0.05789473684210531	12.684094200191627	106.38331806700539	2.803377109257338	0.2116298216920056	149.30644311080644	307.1234887566664	263.1788187611562	35.18903426717272
-5	5	0.05789473684210531	16.56775609695517	115.82676977089358	1.3246194996488723	0.35418436064656456	41.84866414651562	424.44186875788563	263.1788187611562	21.351028345875164
-5	0	0.05789473684210531	7.254589299208846	112.10963659475476	1.0537058834479367	0.10790144792839397	39.00162121654438	716.0599917204022	263.1788187611562	7.546891092285766
-5	2	0.05789473684210531	9.965571274683215	114.57690380119404	1.107197431506148	0.1842125059371075	34.560138709794	645.613892358073	263.1788187611562	10.831868751164798
-2	20	0.05789473684210531	31.465844745819837	115.37524735906364	1.818890162302029	0.557929265240312	29.468872986572467	13.604336192956247	300.265867373234	56.58536507091976
-2	40	0.05789473684210531	35.642531145494054	114.96040279682472	1.9218902726608893	0.5829409855488746	18.918728063646988	2.212885226441905	300.265867373234	67.73418090083483
-2	-20	0.05789473684210531	35.85195408144143	106.17327414117368	3.676042686147671	0.5294549045491646	55.0197129614827	17.013041641808098	300.265867373234	131.05056665995397
-5	10	0.05789473684210531	25.56575512448825	115.80695447165343	1.587589642027029	0.5015309782993241	37.7413856554702	95.49334085098822	263.1788187611562	39.315966188391535
-5	20	0.05789473684210531	31.846035074859188	115.32265178852191	1.781563047443276	0.5572474650615491	27.762944320828087	15.373953001267541	263.1788187611562	54.97314628455247
-10	-10	0.05789473684210531	23.653032950991022	106.24617019356498	2.921673113263559	0.3931691705969009	144.20066542469215	274.5338976439227	203.07703078002987	66.44168234042571
-2	-40	0.05789473684210531	40.90755568011636	106.52227707937841	3.6181487555570793	0.5602821752043411	24.911914998571078	2.4392541613529835	300.265867373234	147.11956962759228
-5	40	0.05789473684210531	35.765078909037314	114.94483421582106	1.9032882989032394	0.5823763969232204	18.286435779923615	2.6045677164892584	263.1788187611562	65.99688040317193
-10	5	0.05789473684210531	20.879476779392334	115.27602095102654	1.2278135218941983	0.39637472874328333	37.02321165268037	509.7563786808901	203.07703078002987	23.80950474461153
-10	-5	0.05789473684210531	13.28823078973971	107.44887710839126	1.9003422269319694	0.24508631454154362	121.92820107725991	434.6667477905689	203.07703078002987	24.303017594101036
-10	-2	0.05789473684210531	10.833008361308613	110.06537342526447	1.1037144678470485	0.18875466499922033	54.24900465988089	758.3657514674015	203.07703078002987	11.419828756663648
-10	10	0.05789473684210531	27.474881283609925	115.50916849053834	1.508236102420085	0.5058328811389302	33.12540142949771	116.0998611481431	203.07703078002987	38.39575230243973
-10	2	0.05789473684210531	15.180191818561156	113.93005869924356	1.0390085480366307	0.2554967167560437	32.91354594101983	708.0380784313872	203.07703078002987	14.859239061456794
-5	-20	0.05789473684210531	35.80176680478859	106.1899583490992	3.599979343588888	0.5265894328766859	58.06953549697737	22.495765243424458	263.1788187611562	126.75203967920466
-10	0	0.05789473684210531	12.378259545557624	112.27453262385242	0.9854513965469454	0.19368708907879784	32.736932209560244	719.2716613366043	203.07703078002987	11.59653241752752
-15	5	0.05789473684210531	25.12941107616416	114.69330818617505	1.1820004951638812	0.43033121106954125	31.29625174314657	498.24776782306145	154.6635536027069	25.892010596055954
-10	40	0.05789473684210531	36.00112136553505	114.91303025811509	1.874336126289276	0.5815774409417876	17.123322014899117	3.7039269681290383	203.07703078002987	62.81730853871197
-5	-40	0.05789473684210531	40.94813585075224	106.52830329132779	3.5929471768419323	0.5594862245289787	25.360915880495206	3.08125895974139	263.1788187611562	144.56790508941148
-15	-5	0.05789473684210531	15.711716192789282	108.486140715556	1.3804758227171405	0.3114717147893273	80.8604828249056	572.6663264393163	154.6635536027069	19.683990584744645
-10	20	0.05789473684210531	32.56515903245595	115.2151432311729	1.7268737218538794	0.5565138480379533	25.057311256454263	20.45174131729375	203.07703078002987	52.23454811553116
-15	2	0.05789473684210531	20.646515146573464	113.59862424323515	1.0109657550746995	0.3363862341005014	33.269015665758246	732.0188606439056	154.6635536027069	18.36414134847785
-15	-2	0.05789473684210531	15.745349146123838	110.82268871759669	0.9953605157002657	0.2693433933419067	36.936042260568094	711.1804450221823	154.6635536027069	14.040651031300145
-15	-10	0.05789473684210531	23.038291635512845	106.79814029652363	2.4155303886577557	0.39413558530733633	119.72089271279998	340.28517669612654	154.6635536027069	51.40334479740025
-15	10	0.05789473684210531	29.522850413877926	115.16840952667032	1.448434652123471	0.510321107711418	29.421960723858117	147.90706223149576	154.6635536027069	37.40544014896188
-10	-20	0.05789473684210531	35.644148753418754	106.24042346956965	3.463344972429253	0.5217424503335608	62.83063142968795	39.31103560528813	203.07703078002987	118.34318459211495
-15	0	0.05789473684210531	17.743216714564422	112.34659324975858	0.9646638034446531	0.28175766967999377	32.44760203720434	738.2784023817181	154.6635536027069	15.239106433395255
-30	-10	0.05789473684210531	25.257023294713285	108.5761277531078	1.545233221575203	0.4493822953721713	52.23395360790592	505.3242601883222	85.522965133938	28.124202523154864
-10	-40	0.05789473684210531	41.01830121871687	106.5419662497798	3.5499383983402844	0.5582410450724437	25.841651481604053	4.9638829726237175	203.07703078002987	139.42404911725546
-15	40	0.05789473684210531	36.27281102719076	114.87476721121214	1.8479219088382568	0.5809532401354444	15.838832499915757	5.2812750517925755	154.6635536027069	59.291309614214526
-15	20	0.05789473684210531	33.3721320282868	115.08789328610766	1.6804008117453448	0.5562276320527381	22.55358751735775	27.684525420171024	154.6635536027069	49.363398195982384
-15	-20	0.05789473684210531	35.38726529614347	106.3243439353348	3.312881207901264	0.5168815177916057	66.72954112124332	67.47772001229879	154.6635536027069	108.50509591190657
30	10	0	26.7871893155635	112.2816934569842	3.8722403158709113	0.5424623745020553	108.46950087474609	1048.2996238955336	108.46950087474609	97.09524840992708
-30	-5	0.05789473684210531	26.44600753021776	110.62555162599213	1.0726770316771945	0.4443848850224605	26.273174745857542	599.3122142570389	85.522965133938	18.691327173737292
-30	5	0.05789473684210531	34.741912121210035	113.49869462485312	1.1854134044862044	0.5047109284323616	13.359902468086128	383.7473633406678	85.522965133938	26.898670386655233
-30	10	0.05789473684210531	35.73603116947724	114.12478318203283	1.3511623429313657	0.5271528166976086	17.88130092809171	209.9197817914052	85.522965133938	32.39701741735108
-30	20	0.05789473684210531	36.13579968647193	114.63517601268053	1.5796491962950143	0.5574718430538306	15.759246465205552	57.66015392516156	85.522965133938	39.362018753526684
-30	-20	0.05789473684210531	34.09421340819121	106.83451921020595	2.7721173674153228	0.5042849482320632	66.83199727388316	220.7457821537617	85.522965133938	73.25419919769524
-30	-2	0.05789473684210531	29.566180846666317	111.81036487888886	1.014267349155556	0.4598022066013724	14.83441938896317	552.0913837819475	85.522965133938	19.17308249310689
-30	40	0.05789473684210531	37.25322789076447	114.73147683042161	1.7833669217448802	0.580077171971479	11.626619278198701	12.034030478755426	85.522965133938	46.73054117530923
-15	-40	0.05789473684210531	41.0914246153924	106.56022322654543	3.5059462652979305	0.55711174350279	25.92978401496607	7.929997241885928	154.6635536027069	133.2304348469619
-30	2	0.05789473684210531	33.042295378807744	112.92071926044494	1.0847081543685413	0.485812076576046	10.406782541103977	470.74141741464655	85.522965133938	23.013257543672836
60	20	0	39.10655012414344	112.60003187072259	3.477484184556086	0.6058189957288608	21.92914007575523	505.0232600010384	25.991817785431305	88.51363777715443
-30	0	0.05789473684210531	31.45771362453526	112.42358700906206	1.0353220537202508	0.4725915265360075	11.143115547289266	515.267547320139	85.522965133938	20.772139729476095
60	10	0	37.33812905508444	109.90684632029438	4.345507322430278	0.6050153224761379	9.467425512600963	627.2089528628285	25.991817785431305	100.69019188774453
-60	20	0.05789473684210531	41.75686183635834	113.75191629797722	1.4991444342039184	0.5670554477212019	4.490656114164897	98.05576851718419	21.541774193074936	10.793639101321617
-60	-10	0.05789473684210531	34.867021261039596	110.75270439388322	1.2740693584241254	0.5201179531302342	8.860987397227442	522.9054671005283	21.541774193074936	6.5061624171822565
-60	-20	0.05789473684210531	34.572350005173	108.219451923818	2.024096993064505	0.523519889383756	16.758353522742528	379.4516341535731	21.541774193074936	19.31443012479493
-30	-40	0.05789473684210531	41.33527870855432	106.64191655076164	3.3718868668034188	0.5545905525806467	23.54141384358615	23.571937918967652	85.522965133938	109.2427102313665
-60	40	0.05789473684210531	39.5312405488349	114.4046216498451	1.7135422840059462	0.5821162604780957	3.7930605478560833	27.608181116529735	21.541774193074936	13.94044184455246
-60	10	0.05789473684210531	42.66967151721595	113.22074700422765	1.3869324922490336	0.5575569320448547	2.4792844480183267	142.5731058497021	21.541774193074936	8.986564745382674
-60	5	0.05789473684210531	42.19721541625642	112.90537624701282	1.327023944653329	0.5496037603615007	1.9597250534550623	204.16081805594618	21.541774193074936	7.913714467921705
-60	2	0.05789473684210531	41.35236230593854	112.64626824646305	1.2845564176531878	0.5426247494435381	1.9496855791539256	255.38711012093628	21.541774193074936	7.127137168134182
-60	-5	0.05789473684210531	37.883958091658464	111.75592168605228	1.2137258150061183	0.5277365257535149	3.424401678195394	327.68845346907176	21.541774193074936	5.676140927634182
30	5	0	24.57932670455656	108.6947048310821	4.866797438962423	0.5407672907905712	38.425895846801176	1024.7832762590565	108.46950087474609	110.24206210928982
-60	0	0.05789473684210531	40.54789656455395	112.43400926324531	1.2570400352265139	0.5377383365770664	2.1242312400540513	280.5314205105471	21.541774193074936	6.602209536813824
-60	-2	0.05789473684210531	39.583061207639325	112.18913391368842	1.2338378022771017	0.5332349003834107	2.4880094237871426	301.66796875467736	21.541774193074936	6.140280064332149
60	5	0	35.83501284819754	108.52604091821395	4.605840166701176	0.6076224968705503	3.706423772037755	422.528057267925	25.991817785431305	101.3821464659009
-60	-40	0.05789473684210531	42.15010791244872	106.8877031550819	3.1418021215894827	0.5548638182749995	9.589992509716692	73.59881309012455	21.541774193074936	45.9594196379704
60	40	0	36.972862059497906	114.56640574222459	2.437471612249561	0.6056155419191585	10.286815741889708	61.9822506063613	25.991817785431305	64.45162001846923
15	5	0	9.274901952563093	112.3864483117539	3.680313260962845	0.28092004696298084	134.48498358155274	1234.945598818284	222.31097728988945	33.64579279319544
60	2	0	34.49424016442906	107.90807581260387	4.6989946586972735	0.6050636411381595	2.0638443745755923	259.359029359445	25.991817785431305	99.1191236901614
30	20	0	30.623157597208245	114.99472876476973	2.519750659787564	0.5791958574808691	51.27716442529273	145.20023617357336	108.46950087474609	75.69328010804655
60	0	0	33.92434031587464	107.62010411599965	4.727686710941306	0.6017397789131018	1.9581863526803382	194.45431328387141	25.991817785431305	97.87054431362893
60	-2	0	33.650516752964386	107.41429980667168	4.735129453828744	0.599022538677752	2.032544567996509	156.53154181732785	25.991817785431305	97.12661254623364
60	-5	0	33.57956013317554	107.1960074632766	4.721779822974629	0.5956668232178635	2.2585945697696213	122.0512242556623	25.991817785431305	96.60008398463059
60	-20	0	35.94488295657374	106.74045400355003	4.448322744937934	0.5848143721905817	4.619481273892439	69.62776811683739	25.991817785431305	98.15201310733123
60	-10	0	34.0011066353833	106.9671103206553	4.659766513372959	0.5912630196252318	2.8414478192683132	91.97282501029595	25.991817785431305	96.62883475057342
60	-40	0	40.74904013493129	106.64650084369896	3.962643183849829	0.5801798929216085	5.135713566194663	28.431101645784914	25.991817785431305	101.21132972077385
30	2	0	24.604012101347013	107.11346167508432	5.077293602837287	0.5439460629341808	13.281536595202786	446.9683262262132	108.46950087474609	114.87707419505978
30	-20	0	34.627306265671045	106.34157594027745	4.315006114734564	0.5582696545239466	23.46581704412815	56.8362546866713	108.46950087474609	139.0646380558013
30	0	0	25.518160177297524	106.71992441718	5.063031674046107	0.5514602248141182	9.56279678429523	276.09066134674407	108.46950087474609	118.9259606308267
30	-2	0	26.41578053681244	106.51912054733184	5.019931055987627	0.5575949205531255	8.617964332966729	172.14616650520279	108.46950087474609	122.20429507933122
30	40	0	35.08564694726226	114.95753006609536	2.166933794818278	0.5928502789367541	20.338888259645366	15.88791913547121	108.46950087474609	76.24268455151841
15	10	0	19.457232218631763	115.97113009278861	2.3318843611574573	0.4905528176710711	83.82142172263516	302.395981819144	222.31097728988945	46.29637762823482
30	-10	0	29.626038079023665	106.32987480283637	4.76481450548629	0.5579889831928692	13.804571954508202	78.53505210297456	108.46950087474609	130.5158782933571
15	2	0	9.776961690335387	106.51304360028277	5.264967687695116	0.32106811224263576	58.06583520953568	508.5466127630711	222.31097728988945	50.533857355749646
30	-5	0	27.51232395909646	106.39690143878761	4.940612255771821	0.5588126812824642	9.546341309528929	101.9066414702736	108.46950087474609	125.40398063407919
15	-2	0	17.144245240033182	105.61818792962411	5.254297392947654	0.45367242717333817	35.85307343096598	210.74528892179882	222.31097728988945	89.02458992087193
15	0	0	13.521087816202806	105.80455560316827	5.337010511472344	0.3982917288030702	45.21704733922477	302.2250292426708	222.31097728988945	71.09714877329519
10	5	0	7.007706339433652	115.8216142896385	2.2954719577479237	0.24584493991575398	78.75951924754696	530.0076573866612	306.7059016969317	16.14077367399034
10	2	0	4.140416932628215	106.90628664801133	5.0110390609627435	0.16657787556203896	64.07733121532173	630.1250481048635	306.7059016969317	20.552350883609908
15	20	0	29.443077413603962	115.5243506313298	2.097002126907109	0.5657520815714627	39.762352736847674	33.738944818872575	222.31097728988945	63.94965532027367
30	-40	0	40.29775851044965	106.5204053255646	3.8548214422740315	0.5701150594836295	15.349216010845645	11.743301107517874	108.46950087474609	146.01614039757254
15	-5	0	21.55886420624254	105.62378341388177	5.049691177085198	0.49855363148146287	35.185040899509616	116.54191681498111	222.31097728988945	107.93795259967638
15	-10	0	26.864889498605862	105.83773493708078	4.6699310178051086	0.5142094276611705	47.808324719070654	67.3018756634317	222.31097728988945	124.7577037239324
15	-20	0	34.81035706806671	106.15590244583035	4.0764396455525125	0.5437446289825123	38.7751320668478	29.17005461192219	222.31097728988945	141.9660279092031
10	-5	0	18.38146741082628	105.31747304135955	5.006780991709148	0.4448270883381252	68.87964889601297	138.69847360089875	306.7059016969317	92.05365632017788
15	40	0	34.88047373710485	115.03151781237807	2.0376752235390656	0.5874325535292758	20.975784779827414	4.8348279513720795	222.31097728988945	73.9564356134306
10	-2	0	11.874499657798422	105.30073159985089	5.208023160833668	0.3449667811065093	59.21001838422223	211.7980175444029	306.7059016969317	61.614456541830265
10	10	0	19.764840028225233	116.31677068722492	2.0176570377524143	0.4887953908104548	61.74686972892516	162.6998982958613	306.7059016969317	40.95043056873018
10	0	0	7.583958858019405	105.54828458602896	5.237249750525966	0.25221395462174034	43.14303524687087	249.0014360702897	306.7059016969317	39.44781526844491
5	2	0	1.4657085252938327	114.80058001496718	2.283733957035959	0.06552790013062723	69.4271768713785	577.303503668461	313.75400038458673	3.3429217437034286
15	-40	0	40.33219936459545	106.48647482859494	3.760010775151343	0.5651187916362231	20.748584081096432	4.53898038359468	222.31097728988945	152.38130153185992
10	-10	0	25.975287350006504	105.67189228045605	4.533943400232672	0.4896890517966885	68.3072534678607	60.3536662827769	306.7059016969317	118.19005688171194
10	20	0	29.573440859264938	115.56377588054144	1.9934949948790583	0.5625519194907145	36.073088700036564	20.610078452705455	306.7059016969317	60.94776947734162
10	-20	0	34.87989500988246	106.11616905046809	3.976515183057426	0.539138456785743	43.73613812368182	20.102830748929783	306.7059016969317	139.85873095872162
5	-2	0	6.965694847874909	105.10245030815821	4.93220666798093	0.20727910720650897	67.29825488005694	161.98789558318654	313.75400038458673	34.3513498950263
10	40	0	34.92941560314192	115.0346350810275	1.9987495594464992	0.5859222600713138	20.572350690145008	3.0972662555099273	306.7059016969317	72.30837506740505
5	5	0	8.201155245087353	116.62045291010858	1.694809377990883	0.2588803736790634	43.85796863059022	243.81415951375095	313.75400038458673	14.03154536405091
5	-5	0	14.599881370632831	105.17194259444254	4.6785757877104075	0.3413497869814933	132.04244890755965	174.03703275840238	313.75400038458673	68.48107919918242
5	10	0	20.816878514767666	116.35562843809666	1.8084562465543468	0.490500622076257	48.769381177418104	104.95025256396322	313.75400038458673	38.393078445951645
5	-10	0	25.038496511396296	105.55004722501818	4.313286864497202	0.46113047006152247	93.38399728977555	63.375429243782214	313.75400038458673	108.59355368073409
2	-5	0	12.60060020633861	105.27003464924567	4.250056843823879	0.2692252728489795	142.3732479247563	174.8029681956144	315.16884005788893	53.63903699346731
10	-40	0	40.369500246229045	106.48215881893437	3.7233563693853826	0.5635330421873872	22.326025688669834	3.059248816597737	306.7059016969317	151.9769061098574
2	10	0	21.67266482110587	116.28956537373975	1.7155091338648962	0.4924675126686778	43.577153205346335	91.34617795516237	315.16884005788893	37.529490851603136
5	20	0	29.904650043039585	115.55232802075074	1.905510184401404	0.560048594132197	32.6947216256235	14.295514080974701	313.75400038458673	58.22646472436407
2	5	0	9.65037604036305	116.58110604518296	1.5166911548266309	0.2765500870585154	38.61082376154243	233.84705800158963	315.16884005788893	14.72086394281559
2	-2	0	4.9574129969051555	105.14008368092115	4.410071787612016	0.12992905038932454	103.93112897407187	146.1685730450508	315.16884005788893	21.871708307477686
5	40	0	35.03325624840408	115.02758090058616	1.9622736073885403	0.5845814814280715	19.924831710094523	2.2058688945869793	313.75400038458673	70.26817082469627
5	0	0	2.9051238105065673	105.29012393605147	5.043374449692339	0.11214479591021327	29.378451092301376	176.15346723540532	313.75400038458673	14.624268197258735
2	2	0	2.410475399737284	116.59076042699539	1.3464239914577907	0.09106422847494403	25.06822589247551	175.36280554297784	315.16884005788893	3.251205546371776
2	-10	0	24.41808046750962	105.52086548820098	4.12856600892275	0.44259309606211333	111.1971066574722	78.14146927765661	315.16884005788893	101.1274137012162
5	-20	0	34.91029962934633	106.09303375618593	3.867601083224163	0.5344237443444255	48.88774791357586	14.904634839274069	313.75400038458673	136.13137954569817
2	0	0	0.8956652886510548	105.1340943896172	4.844200132035266	0.03894226700264854	19.05518794168609	130.68393834664562	315.16884005788893	4.337356108643749
2	20	0	30.18554163177537	115.52513050796212	1.8592280728497639	0.5588654566950793	30.81770958887662	12.956164611489433	315.16884005788893	56.67636102960624
5	-40	0	40.416549146466025	106.48194092569645	3.684514801053467	0.562007369192625	23.696288991197942	2.2403302465044983	313.75400038458673	150.3283958512104
2	40	0	35.120436569008945	115.01874927818358	1.941607179224843	0.5838612329260743	19.431696661705004	2.0377920976677792	315.16884005788893	68.86418250079667
0	5	0	10.820895511706158	116.47406191271764	1.4298673299276081	0.29135368656482397	36.82166247419397	250.79188002272082	314.65562932839464	15.472444972748924
0	-2	0	4.22921356804252	105.4833935800932	3.6578230763445894	0.09041089596572478	117.08323420252573	165.44227999205444	314.65562932839464	15.46971498397557
2	-20	0	34.90268904620105	106.08858233473407	3.797534149565759	0.531537063121183	52.043300227242405	14.277883330199602	315.16884005788893	133.11086925207266
0	-5	0	11.611084181906055	105.42580123449441	3.8804957728589744	0.23128584369915395	144.73225574954614	184.2572575006962	314.65562932839464	45.05676308619615
-2	-2	0	4.021649556732243	106.26139538798137	2.6695158156123027	0.07680149264200553	116.79235190365648	230.86003076044332	300.265867373234	10.718537740689182
0	2	0	3.5620763821571795	116.3207569407016	1.1925136862166652	0.1108768334794964	23.37383470099198	206.36822299149352	314.65562932839464	4.2478248370715805
0	-10	0	23.967634719424836	105.53070335196962	3.978373920873611	0.4298538167856614	124.20629452160463	96.69767960690412	314.65562932839464	95.35221291278468
0	10	0	22.311703069584322	116.21950071143634	1.663423042627217	0.4940312825991834	40.70107639110444	87.74989533885707	314.65562932839464	37.11380100620297
0	20	0	30.40293151815894	115.4996957619529	1.8308091332361218	0.5582020086709569	29.578842259886848	12.83203495212423	314.65562932839464	55.661964700597736
-2	2	0	5.007310949040433	115.85924062022703	1.1028176533180718	0.13214024029129548	24.18318768658175	305.4032865267341	300.265867373234	5.49569511034566
-2	0	0	1.9380753626138716	112.16972335579031	0.8726639472447096	0.034452379932969325	22.3743082062135	579.1739401352696	300.265867373234	1.6879279236727716
2	-40	0	40.44882328064478	106.48390868495012	3.660258242916345	0.5611265454828781	24.396481625155985	2.1203985736621784	315.16884005788893	148.75505953985993
-2	-5	0	10.906813290159	105.6694781659182	3.455502183623564	0.2050181579549423	143.617653985051	202.58949681763903	300.265867373234	37.587519732137736
-2	5	0	12.139289537500227	116.32778685634229	1.3597634971690178	0.30811910035189416	36.06333636492387	282.6263325782505	300.265867373234	16.36597121580867
0	40	0	35.18839302886767	115.01105107357522	1.9283459870618547	0.5834167399779988	19.09987060400611	2.0749353161591095	314.65562932839464	67.85539648837232
-2	10	0	22.995884508188002	116.13288889313111	1.617794356961962	0.49573913147991355	38.384160933870575	87.81018110835646	300.265867373234	36.782096504603004
-2	-10	0	23.481942898422034	105.57239452698848	3.802740306721246	0.4169905088487611	138.2452254497789	125.13688786077334	300.265867373234	88.89960714024409
0	-20	0	34.88463027172229	106.09008518140104	3.748686533931225	0.5295878805737636	54.161249929047166	15.182479538231584	314.65562932839464	130.77154374077492
-5	-2	0	4.767245670373056	107.90566066083484	1.4796543157305406	0.10405294867189951	84.14854706315184	406.9905909092112	263.1788187611562	6.983800249049441
0	-40	0	40.4718340327619	106.48613032583276	3.6437235300400324	0.5605554978754784	24.805166964585954	2.213018200200176	314.65562932839464	147.4681739690495
-2	20	0	30.642290707111986	115.46901322211528	1.8041945550170886	0.5576338099533061	28.570132344050585	13.45167729814727	300.265867373234	54.65464224123835
0	0	0	0	110.4493378007884	2.8391380990889026	-0.0000000000000008881784197001252	0	0	314.65562932839464	0
-2	40	0	35.26390762057194	115.00196865700416	1.9155011222141232	0.5830009922107197	18.68908844241496	2.202709208249461	300.265867373234	66.78941114800503
-5	-5	0	10.40241742411796	106.19929902129317	2.7707317290412496	0.19160621272108608	135.71744077839995	247.0812532617745	263.1788187611562	28.53891441150921
-5	2	0	7.694524641349619	115.04093431833692	1.021175157053484	0.16620976671086887	25.68100913382381	526.9983017411653	263.1788187611562	7.716093483541615
-5	5	0	14.38381986880092	116.05993251558478	1.2768296748919947	0.3363366475501082	35.60018388762818	353.40222151731035	263.1788187611562	17.87415850528811
-5	-10	0	22.677745331599837	105.71463189134985	3.48426377259518	0.3978785461980678	156.46763071336431	186.69688478781575	263.1788187611562	77.92816438384482
-10	-2	0	8.572107551722924	109.85652624908678	0.9941332396371185	0.17317246246344575	36.91426320964988	634.3141482885594	203.07703078002987	8.134578947855656
-5	10	0	24.09281574472445	115.9779871356651	1.5593813704487978	0.4984876161815713	35.34551315714279	93.06334100454544	263.1788187611562	36.38018538654929
-5	0	0	4.927842118742303	112.25445719341914	0.8836560005680283	0.08595674365925238	22.944136687630433	617.7614857236117	263.1788187611562	4.301029465761163
-2	-20	0	34.85499714624318	106.09550684910431	3.6980157350718468	0.5276192453082049	56.241331813435636	17.169397953002367	300.265867373234	128.1740013680685
-10	5	0	18.673924182484246	115.50535654585615	1.1848986966222796	0.3834829787589107	33.278179512387	470.8404031565618	203.07703078002987	20.547036471139858
-2	-40	0	40.49596992323399	106.48909832243052	3.626918639441779	0.5599986091724045	25.182057143128716	2.449561711116064	300.265867373234	145.99467564011667
-10	-5	0	11.08062652746788	107.3334446599248	1.7983777702756092	0.23019585690226105	106.54324222971118	357.12277789642303	203.07703078002987	19.18148731312185
-10	-10	0	21.49921472182457	106.1490130215473	2.8927629814545632	0.37820363303277943	140.45859254372624	254.3233516804478	203.07703078002987	59.83534682223227
-10	10	0	26.068924574967227	115.67025702688616	1.482893481079147	0.5033419424175521	31.22997507259408	112.64463473733137	203.07703078002987	35.79160596119825
-5	40	0	35.39072949446333	114.9858781368467	1.8970163275659764	0.5824313414703852	18.05993202146099	2.590205045193021	263.1788187611562	65.08480336525231
-10	2	0	12.825168126992	114.14883665318852	0.9731882941013217	0.23544312532767797	26.614718119016203	647.7091904221943	203.07703078002987	11.767336813599169
-5	20	0	31.038821565020935	115.4141722841287	1.7674087651777624	0.5569503492687286	26.93646412822747	15.179335954028753	263.1788187611562	53.142864440858375
-5	-20	0	34.786913406004274	106.11170217284712	3.6183625453780413	0.5246339036075146	59.354967955195505	22.72492586614307	263.1788187611562	123.80205819260603
-10	0	0	10.06809597192255	112.3321309792786	0.8955362214921938	0.1722470447168169	24.75461435256374	663.2281534969135	203.07703078002987	8.57822545885474
-5	-40	0	40.53415666799706	106.49497787305307	3.6012441813225835	0.5591918280479391	25.64343636326108	3.0968153519491257	263.1788187611562	143.44241876366047
-10	20	0	31.786816482856693	115.30277796173952	1.7136213527522195	0.5562242904041398	24.355370406716975	20.136323924842316	203.07703078002987	50.572833273377285
-10	40	0	35.63573846898335	114.95299915260458	1.868288153315669	0.5816250033936112	16.91820355792707	3.678596250108634	203.07703078002987	61.96721855035185
-15	5	0	23.06955675982342	114.88603077859383	1.1414959096831343	0.42050072253903326	29.0572108693962	490.4870608032945	154.6635536027069	22.92575923629303
-15	-5	0	13.607827576045743	108.36978903896048	1.2971176733023024	0.3000393659703987	68.4225509265121	475.92355444186074	154.6635536027069	15.992783856192244
-15	-10	0	21.05518478200479	106.72443241711153	2.35910194826116	0.38362478110743115	115.10234930392981	312.52888589061587	154.6635536027069	45.88826134670562
-15	2	0	18.270913070172135	113.72144255464502	0.9599319778726229	0.31594744916087825	28.71278495775498	699.5842298291687	154.6635536027069	15.447141113092945
-10	-20	0	34.60441184416115	106.16323900115206	3.4749485484915237	0.5195988848518321	64.14761005136648	39.78354705521896	203.07703078002987	115.29943893600463
-15	10	0	28.180163630792023	115.32042870750469	1.4256868290163798	0.5082986077395886	27.906926357449994	143.06193397189287	154.6635536027069	35.099813182464565
-15	-2	0	13.520994770931845	110.71596803737954	0.9310641109239124	0.2508635334806564	28.887887209845164	647.8107848281667	154.6635536027069	11.282061501188132
-30	10	0	34.67595389102467	114.23005811789186	1.3325989487613763	0.5253953968358914	17.648082771867916	213.00398212226352	85.522965133938	30.908995591750564
-15	0	0	15.425076765745718	112.37844757684569	0.9034768645066416	0.26061957024818144	26.755061087362947	696.777903723914	154.6635536027069	12.420863032989697
-30	-10	0	23.840500753571135	108.52048595587159	1.4959683948088314	0.4470777215965877	48.90883296320717	463.8583181537618	85.522965133938	25.55720210489672
-15	-20	0	34.33017826622197	106.25094087356207	3.3167558267526696	0.5145756685473322	68.0376294926084	68.35161360365404	154.6635536027069	105.41280795871259
-15	20	0	32.6248628801917	115.17145593767104	1.6680469214138312	0.5559553948721693	21.954893903367093	27.199288224070543	154.6635536027069	47.87104060536832
-15	40	0	35.91860204665779	114.9134187919813	1.8421307209189868	0.5809948254861863	15.659457454501228	5.238649292614858	154.6635536027069	58.511011680796926
-10	-40	0	40.60283241492042	106.50866988896844	3.557373884707825	0.557931998565228	26.125302653956798	4.995558265723619	203.07703078002987	138.3113360598266
-30	-20	0	33.06402696007233	106.78815559277646	2.751375353216559	0.5020157079210731	66.79632092101994	218.81307154945483	85.522965133938	70.48434188039883
-30	-5	0	24.8754051101985	110.5338759924708	1.0333867449347929	0.43928569388269356	23.780524064665492	565.633394986269	85.522965133938	16.79826968132278
-30	5	0	33.422349891646896	113.5817390844498	1.1534477954388456	0.5004838695245274	13.841709928389447	396.87968165578104	85.522965133938	25.022416242060412
-30	20	0	35.49636911089504	114.7053170004585	1.569949322211857	0.557281368235886	15.422767515251673	56.62486552378235	85.522965133938	38.370698659313355
-30	2	0	31.604001677843566	112.96729160214711	1.0452326811989647	0.480642413584679	10.681141788036104	479.9574248684017	85.522965133938	21.01276901948857
-30	-2	0	28.005619647291706	111.78093585036285	0.9723431332702417	0.4535530940971598	14.931240751882594	557.7072802494012	85.522965133938	17.231782365494627
-60	-10	0	34.272467117392466	110.73489246572024	1.2566659886577527	0.5198920957771853	8.710626639843582	509.61049305227516	21.541774193074936	6.103694443002949
-15	-40	0	40.67769686829762	106.52730539760934	3.5124479842649046	0.5567926196221664	26.203598477038632	7.988243848971326	154.6635536027069	132.14783128021477
-30	40	0	36.944678728945746	114.7648792611736	1.7785068078548274	0.5801079976033039	11.509285349116395	11.931562642687188	85.522965133938	46.187427431058104
-30	0	0	29.95293263484069	112.43757341908793	0.9931868736277355	0.46688862137897996	11.316986215842345	522.5226575471494	85.522965133938	18.770926365501346
60	20	-0.7508661312899538	31.388713554412746	113.14377813930255	3.494768434013617	0.6168716217097647	25.991817785431305	597.0452977830257	25.991817785431305	71.61682509047327
-60	20	0	41.429782329673614	113.7839668127934	1.4936233667224381	0.566894497481853	4.5491549003961405	99.48721747572762	21.541774193074936	10.600499502081353
-60	-20	0	34.04818736183268	108.20178151792932	2.009097671577474	0.5232541718820112	16.538331550929627	373.72414054455805	21.541774193074936	18.774083017780313
-30	-40	0	40.94769815802733	106.6122173094146	3.375456254096721	0.554274722928247	23.76501932127898	23.75732470720955	85.522965133938	108.3514380975263
-60	10	0	42.28628701518087	113.24532733989972	1.3766261782190714	0.5572035042596972	2.511287958186769	145.0900095209034	21.541774193074936	8.700855988859365
-60	40	0	39.35843594357791	114.42302022333385	1.710990071112926	0.5821389283488889	3.773466614177657	27.466385916051333	21.541774193074936	13.828505196537149
60	10	-0.7508661312899538	28.92933380493143	109.57430195697187	4.663222177061746	0.6199083580340207	8.767875384788857	607.2487065677278	25.991817785431305	82.982853081484
-60	5	0	41.76458925358307	112.92268322843334	1.3139741232655486	0.5490470660251522	1.9805000215645185	208.39057875558458	21.541774193074936	7.58020422930507
-60	-5	0	37.35960081327205	111.74723031509953	1.1980134792770414	0.5271677365226296	3.429204772997179	328.9988783723228	21.541774193074936	5.3224761679322965
-60	2	0	40.883950248619286	112.65672448894423	1.269936967514575	0.5419546939467187	1.964732743575404	258.4068939622639	21.541774193074936	6.771279608819307
-60	-2	0	39.07848064533736	112.1894544555573	1.2181357469341507	0.532588519934024	2.497045363884742	303.5388321282937	21.541774193074936	5.777076736725282
-60	-40	0	41.91106291976629	106.8713588327997	3.1415117036591607	0.5546942338437665	9.643087759670795	73.95325290940568	21.541774193074936	45.69884036043459
-60	0	0	40.05990205468975	112.4396018965419	1.2417358024361291	0.5370632314126073	2.1362247213110805	282.9078703914035	21.541774193074936	6.239630169293415
60	40	-0.7508661312899538	34.01588293690622	114.89284699951139	2.3850629765639777	0.6076568398724357	9.631972816394464	57.24709649014205	25.991817785431305	58.465742683959874
30	20	-0.7508661312899538	19.311259656732997	116.40154042905993	2.2906257150506537	0.5807368626597913	33.99119112994481	93.50095251836372	108.46950087474609	43.91589955970884
60	5	-0.7508661312899538	28.377015332849204	107.87559605295577	4.936621684236647	0.6101868147139787	3.177605556412941	481.2372059835238	25.991817785431305	85.03876748372289
60	2	-0.7508661312899538	28.568406559282316	107.23736191697502	4.973704892581374	0.6054828696022831	2.1081782929230766	244.99333439962325	25.991817785431305	86.02564272362483
30	10	-0.7508661312899538	3.810852470600334	115.57996147146363	3.497567638766533	0.5547735520560366	38.22205197764906	383.697769088636	108.46950087474609	12.600085244651579
60	-2	-0.7508661312899538	28.674091615438996	106.88206320941295	4.968352780815218	0.6012468019221163	1.7773526337885623	110.57104897813342	25.991817785431305	86.16195766757491
60	-40	-0.7508661312899538	38.406660809544995	106.47674424725774	4.057661681325668	0.5801020521105368	5.4291165123018335	30.383130615377418	25.991817785431305	97.21547578986595
60	-10	-0.7508661312899538	29.807021537253902	106.59376502051293	4.862704390614962	0.5931119190332008	2.432647947961476	69.83117248688649	25.991817785431305	87.7817435399828
60	-20	-0.7508661312899538	32.24415020749137	106.47153239645036	4.636431146575483	0.5862966475588748	3.9319260721058575	55.797602046808606	25.991817785431305	91.12078719701526
30	5	-0.7508661312899538	4.884221556053254	105.71641646662567	6.120373926490992	0.4781240736323159	10.92323191242876	149.7430960753579	108.46950087474609	27.05595647509071
60	-5	-0.7508661312899538	28.969570452375052	106.73761875449895	4.939961035045228	0.597741678937931	1.9595246012505327	89.08211942698267	25.991817785431305	86.55064736156896
60	0	-0.7508661312899538	28.616059782004136	107.02101741129165	4.9755694400219825	0.6040588537735384	1.7327381711013148	133.7879330470817	25.991817785431305	86.16052457598896
30	40	-0.7508661312899538	30.495449130696223	115.47760112178753	2.083236331237932	0.5945991945503412	17.553844074581143	13.582676402053977	108.46950087474609	64.08420970065974
30	-20	-0.7508661312899538	26.16862498200729	105.72914452125966	4.796388251752998	0.5588344422507887	17.368871196132304	35.12981630132315	108.46950087474609	116.0110438070853
30	2	-0.7508661312899538	8.735266556960546	105.3392915668459	5.969944590490242	0.5104870416499032	7.847442171869122	126.11570534186527	108.46950087474609	47.392028620989976
15	-20	-0.7508661312899538	23.384014119657206	105.29613358622177	4.691514876703829	0.5282934177293486	40.102956077086226	21.982396226424942	222.31097728988945	109.16564580420263
30	0	-0.7508661312899538	11.316965568490149	105.24328062564028	5.814108542915756	0.5196816567464393	7.385942907215948	120.1622809424511	108.46950087474609	59.923406549839704
30	-2	-0.7508661312899538	13.844108319410392	105.19410614292087	5.6521080260419785	0.5275154991535833	6.5887368654945275	107.8012427759707	108.46950087474609	71.41658937623566
30	-5	-0.7508661312899538	16.98405817288895	105.21517006928345	5.462267892411454	0.5471821656814305	5.814832654456847	78.07893881014876	108.46950087474609	84.98914151789624
30	-10	-0.7508661312899538	20.445070132884034	105.39376156558629	5.245750438280795	0.561120514403217	7.648593756149181	32.80131150204359	108.46950087474609	98.61706972263487
30	-40	-0.7508661312899538	35.96030696919274	106.1852069106521	4.009065416412446	0.568404522812948	17.128107693181047	13.188001755101698	108.46950087474609	135.07247810181408
15	-10	-0.7508661312899538	13.37030346664967	104.42238299198394	5.446640946067539	0.505480495817724	15.302263035941642	32.07378371836076	222.31097728988945	72.09106029814318
15	20	-0.7508661312899538	18.692500896818423	116.86128637117947	1.8783724619749562	0.5607149383597421	24.70617057523332	22.530273852180926	222.31097728988945	36.627809282101644
15	40	-0.7508661312899538	30.03416608190423	115.58098482541007	1.9509080982009672	0.5886242376567272	17.759216737583703	4.1725954173503945	222.31097728988945	61.17297917786329
15	10	-0.7508661312899538	2.2418887828125253	118.672708584654	1.7884543966577453	0.32388273801317496	9.141619456785802	17.40464496552076	222.31097728988945	4.060825768880789
15	-2	-0.7508661312899538	1.7144441006621167	103.57623957604804	6.123252323969872	0.24278993807814764	4.752416871147889	13.801393543165126	222.31097728988945	10.247997409831486
15	-40	-0.7508661312899538	35.29184165655591	106.08568734486751	3.9133294050789083	0.5622056280892329	23.55252338604281	5.105203155484614	222.31097728988945	138.5379643021531
15	-5	-0.7508661312899538	6.001081243284003	103.91636777752473	5.8083276335750265	0.37397129824164244	13.352762543525921	35.622884178393214	222.31097728988945	34.24939825535574
10	-20	-0.7508661312899538	22.61174786266336	105.17034664090475	4.582901392845069	0.5153746292400739	49.80251844368046	17.5416216995192	306.7059016969317	104.07669027005062
10	20	-0.7508661312899538	19.05790758506568	116.86213629841261	1.7831801029482255	0.5565057509993915	22.57976147816759	15.051718375509843	306.7059016969317	35.30907707539429
10	-10	-0.7508661312899538	10.231384950142111	104.05401686565395	5.484604130580907	0.4559477569121217	20.258665112423653	32.96106324924109	306.7059016969317	56.07264651657477
10	40	-0.7508661312899538	30.069784180722703	115.58496836272911	1.91253687325203	0.5869397702849977	17.36816931077167	2.7421794858680273	306.7059016969317	59.70061452961182
15	0	-0.7508661312899538	0.23015987445704578	103.06126332505346	6.379629686320422	0.14685821313300879	0.5562847710267577	1.858127582115201	222.31097728988945	1.4270507820989329
10	10	-0.7508661312899538	3.0248851044586234	118.60930091559663	1.5299744979066028	0.30247314041238044	9.812791390573638	18.604648037167415	306.7059016969317	4.71656618624447
10	-5	-0.7508661312899538	2.504017437798261	103.44240570971206	5.772626280507781	0.22930867327545243	8.728656226192147	13.635803837091256	306.7059016969317	14.334864185375526
5	-20	-0.7508661312899538	21.94730485361489	105.07377796427426	4.4235895258244415	0.5028189417570994	60.4651067738203	15.441493257069968	313.75400038458673	97.67823582683434
5	10	-0.7508661312899538	4.209732611091514	118.43335475669831	1.3539275831058788	0.3127522952163278	10.65379678953078	24.583447225314202	313.75400038458673	5.792733681850745
15	5	-0.7508661312899538	0	110.4493378007884	2.8391380990889026	-0.0000000000000008881784197001252	0	0	222.31097728988945	0
15	2	-0.7508661312899538	0	110.4493378007884	2.8391380990889026	-0.0000000000000008881784197001252	0	0	222.31097728988945	0
10	-40	-0.7508661312899538	35.155596180338605	106.06508712742384	3.871204139837431	0.5602242597282264	25.4348521629695	3.3873519312611315	306.7059016969317	137.44691233202445
5	-10	-0.7508661312899538	6.786807806982127	103.74418935356488	5.413370676079622	0.3613630859925789	29.174934599648882	30.55566892173153	313.75400038458673	36.81345106993729
2	-10	-0.7508661312899538	4.994642374435599	103.62043188116374	5.243725155762383	0.28952255069942945	40.82909475096986	24.592314372535203	315.16884005788893	26.22504412054188
2	-20	-0.7508661312899538	21.609962508636603	105.0369693523315	4.300410290069274	0.49622545894521336	67.01796402798655	15.950524246982159	315.16884005788893	93.24933539261502
5	40	-0.7508661312899538	30.19312917883075	115.57475115757049	1.8772778936084527	0.5854411410720345	16.809031620769407	2.025898598319441	313.75400038458673	58.005797087830345
5	20	-0.7508661312899538	19.637011696279348	116.80930217388645	1.7042473887318517	0.5534988776961853	20.743956136033518	11.571692717957838	313.75400038458673	34.28627777229291
2	10	-0.7508661312899538	5.123911204177019	118.29339459763023	1.2780074719745806	0.32931762832392686	11.28279172812262	30.898984515045225	315.16884005788893	6.603296909573551
10	-2	-0.7508661312899538	0.09757255966766258	102.7216719284559	6.263159620366248	0.08949239888467841	0.2821449741152202	0.41458772171865643	306.7059016969317	0.6033446397987772
5	-40	-0.7508661312899538	35.06394912046371	106.05225221353251	3.824473626230721	0.5583275452403641	27.064724993702143	2.4133418989559945	313.75400038458673	135.29711595949627
10	5	-0.7508661312899538	0	110.4493378007884	2.8391380990889026	-0.0000000000000008881784197001252	0	0	306.7059016969317	0
10	2	-0.7508661312899538	0	110.4493378007884	2.8391380990889026	-0.0000000000000008881784197001252	0	0	306.7059016969317	0
10	0	-0.7508661312899538	0	110.4493378007884	2.8391380990889026	-0.0000000000000008881784197001252	0	0	306.7059016969317	0
2	20	-0.7508661312899538	20.07396800466291	116.75613886697657	1.6636803928587438	0.5522155480722267	19.760063715673923	10.938101790569787	315.16884005788893	33.76318903772975
2	40	-0.7508661312899538	30.30710075599953	115.56218873964757	1.8576343352376576	0.5846358034523332	16.40323122372629	1.9037898081374511	315.16884005788893	56.88358561260589
5	-5	-0.7508661312899538	0.49451086561496477	102.8627236053547	5.689571306299257	0.09547807808656607	3.1054929257689734	1.8164905850681499	313.75400038458673	2.8069634598644546
0	-10	-0.7508661312899538	4.065288252141079	103.5918770929556	5.020073676926392	0.24329246525414724	48.38281022496937	23.18618647210168	314.65562932839464	20.408046543691533
0	-20	-0.7508661312899538	21.404054319670333	105.02371986723618	4.2075525505102656	0.492238258546487	69.85849417101626	16.744207816993516	314.65562932839464	90.05868334398917
2	-40	-0.7508661312899538	35.03082363327523	106.04860820936582	3.794411378422272	0.5572416214214634	27.886272765272665	2.247999671836531	315.16884005788893	133.52164395672906
0	10	-0.7508661312899538	5.823833022158531	118.18996935367711	1.236684668378369	0.34359111130238845	11.798980340919814	36.51121741660461	314.65562932839464	7.202245009699117
-2	-20	-0.7508661312899538	21.199698817733424	105.02071801281839	4.1083756072298865	0.4882483706658311	72.41925652806799	18.99611503996601	300.265867373234	86.6820339122721
5	5	-0.7508661312899538	0	110.4493378007884	2.8391380990889026	-0.0000000000000008881784197001252	0	0	313.75400038458673	0
5	2	-0.7508661312899538	0	110.4493378007884	2.8391380990889026	-0.0000000000000008881784197001252	0	0	313.75400038458673	0
5	0	-0.7508661312899538	0	110.4493378007884	2.8391380990889026	-0.0000000000000008881784197001252	0	0	313.75400038458673	0
5	-2	-0.7508661312899538	0	110.4493378007884	2.8391380990889026	-0.0000000000000008881784197001252	0	0	313.75400038458673	0
0	20	-0.7508661312899538	20.39896717799621	116.71294436876032	1.6391755114820066	0.5515557541143347	19.150783098450475	11.02758115240871	314.65562932839464	33.4374874576966
-10	-20	-0.7508661312899538	20.405529748322408	105.13240231915266	3.6472957203168392	0.4726232760533775	80.81829204607418	45.11090573623896	203.07703078002987	71.61963301188094
-2	-10	-0.7508661312899538	3.3497725219584855	103.64994644970243	4.660457594977902	0.2011678765426747	52.90500146800653	23.85111876121852	300.265867373234	15.578445097930938
0	40	-0.7508661312899538	30.399010392902102	115.5512705469776	1.8451698049477794	0.5841389972735782	16.148355182321588	1.9528820756117655	314.65562932839464	56.091336077276694
2	-5	-0.7508661312899538	0.0386480782145517	102.44147467758727	5.648496181266781	0.02712584314759545	0.5746738830845286	0.06290746876162945	315.16884005788893	0.2182071248967872
-2	20	-0.7508661312899538	20.74913474510308	116.66414057333257	1.6165551062019967	0.5510402554156313	18.562889266535556	11.470364487324344	300.265867373234	33.122659585934784
2	5	-0.7508661312899538	0.00032824135326663616	119.92937298531379	0.8415583913127399	0.0051816521869286584	0	0	315.16884005788893	0.00027612534896574915
0	-40	-0.7508661312899538	35.0180095527743	106.04796167104352	3.7735964663616417	0.5565430522024419	28.34338005517778	2.3258793613932514	314.65562932839464	132.14383710736732
2	2	-0.7508661312899538	0	110.4493378007884	2.8391380990889026	-0.0000000000000008881784197001252	0	0	315.16884005788893	0
2	0	-0.7508661312899538	0	110.4493378007884	2.8391380990889026	-0.0000000000000008881784197001252	0	0	315.16884005788893	0
2	-2	-0.7508661312899538	0	110.4493378007884	2.8391380990889026	-0.0000000000000008881784197001252	0	0	315.16884005788893	0
-5	-10	-0.7508661312899538	2.6716174831070534	103.99405597409175	3.815290021648135	0.1559182417094968	54.826397307758526	28.553463542065472	263.1788187611562	10.117903035045762
-5	-20	-0.7508661312899538	20.896089973072044	105.03774613273237	3.947624108816211	0.48227937142903543	75.93869184805357	25.346968258230493	263.1788187611562	81.29767549131591
-2	40	-0.7508661312899538	30.503234090550333	115.53840040803108	1.8332079324948718	0.5836744904593765	15.793845053203091	2.065329952830047	300.265867373234	55.26335726742719
-5	10	-0.7508661312899538	7.910326659263954	117.90418947891989	1.1584723651885416	0.3876295207213981	12.789447712034818	54.29714037355218	263.1788187611562	8.861779874145208
-2	10	-0.7508661312899538	6.600187873467902	118.08013345966174	1.2014022974499934	0.3600337277199188	12.274769137843325	43.32010855945579	300.265867373234	7.841719115758941
-5	20	-0.7508661312899538	21.318507363673778	116.58142911293795	1.585902720891787	0.5505146388847353	17.731579984177824	12.760737608154033	263.1788187611562	32.657552177583135
0	5	-0.7508661312899538	0.04478931078678099	119.66582489518521	0.5732605795749834	0.029123746863816986	0.16434799471792996	0.09444596760444629	314.65562932839464	0.02567594626039413
-5	40	-0.7508661312899538	30.681834452541526	115.51559656292845	1.8162004937897327	0.5830383943053035	15.296358765541427	2.4096269930793084	263.1788187611562	53.95321301338433
0	2	-0.7508661312899538	0	110.4493378007884	2.8391380990889026	-0.0000000000000008881784197001252	0	0	314.65562932839464	0
0	0	-0.7508661312899538	0	110.4493378007884	2.8391380990889026	-0.0000000000000008881784197001252	0	0	314.65562932839464	0
0	-2	-0.7508661312899538	0	110.4493378007884	2.8391380990889026	-0.0000000000000008881784197001252	0	0	314.65562932839464	0
0	-5	-0.7508661312899538	0	110.4493378007884	2.8391380990889026	-0.0000000000000008881784197001252	0	0	314.65562932839464	0
-10	20	-0.7508661312899538	22.374442336765735	116.42169285126762	1.5426699281891527	0.5502149427947151	16.41686347200552	16.340036010252604	203.07703078002987	31.85425825353936
-30	-20	-0.7508661312899538	19.99302227600169	106.29551444835747	2.3599738391856495	0.46671108770220937	55.18258216848745	159.95608440385485	85.522965133938	36.19620230013869
-10	10	-0.7508661312899538	10.317175430855137	117.5530297904268	1.1174290533948235	0.42617390407938743	12.844958521619793	68.46199429110672	203.07703078002987	10.590048970922242
-2	-40	-0.7508661312899538	35.012707641829216	106.04878587673977	3.7522064290775297	0.5558667983705491	28.806616499079013	2.58493025415985	300.265867373234	130.61564864562294
-2	5	-0.7508661312899538	0.1875076906505396	119.3616657153443	0.5805798530534011	0.05628838246998844	0.44914808875516493	0.7681689150831454	300.265867373234	0.10842852407309979
-5	-40	-0.7508661312899538	35.019101418055456	106.05285459944643	3.719136692009696	0.5548985257924648	29.321061990230938	3.2916902142217244	263.1788187611562	128.0516047902882
-2	0	-0.7508661312899538	0	110.4493378007884	2.8391380990889026	-0.0000000000000008881784197001252	0	0	300.265867373234	0
-2	2	-0.7508661312899538	0	110.4493378007884	2.8391380990889026	-0.0000000000000008881784197001252	0	0	300.265867373234	0
-2	-2	-0.7508661312899538	0	110.4493378007884	2.8391380990889026	-0.0000000000000008881784197001252	0	0	300.265867373234	0
-10	-10	-0.7508661312899538	2.536250001855636	105.17222993471988	2.1109045564624234	0.16123654382857955	43.83925486987921	39.96320023274788	203.07703078002987	5.2014346883287805
-2	-5	-0.7508661312899538	0	110.4493378007884	2.8391380990889026	-0.0000000000000008881784197001252	0	0	300.265867373234	0
-15	10	-0.7508661312899538	12.891993704138828	117.14084489467149	1.099329052197062	0.45331415993362334	12.82367774791642	87.17234619463323	154.6635536027069	12.17705510921143
-10	40	-0.7508661312899538	31.035682437940473	115.46889473697365	1.790312970894713	0.5821391743067119	14.380196850815022	3.3577305926639736	203.07703078002987	51.58213247006935
-15	-20	-0.7508661312899538	19.948780569018997	105.32305474104976	3.307580721450633	0.46371478588197707	84.08863578607348	78.10596972855838	154.6635536027069	61.33969591605389
-30	10	-0.7508661312899538	21.36458472586566	115.73069335728921	1.0997651740235783	0.5008109069750263	11.753281476870507	181.62460236839624	85.522965133938	14.998347084092348
-15	20	-0.7508661312899538	23.548421052596954	116.23955664914315	1.5079750697479197	0.5505096258497105	15.163672016047386	21.482555145056807	154.6635536027069	30.945208279701735
-10	-40	-0.7508661312899538	35.069014510385166	106.06739914777307	3.6617802032855784	0.5534230344442027	29.841675195236668	5.402015625152438	203.07703078002987	123.09394642923198
-5	5	-0.7508661312899538	0.6097377192176149	118.9073647745061	0.6091998106009627	0.09657638988870766	1.0940707039120405	4.4517953154226335	263.1788187611562	0.3649063392679017
-5	2	-0.7508661312899538	0	110.4493378007884	2.8391380990889026	-0.0000000000000008881784197001252	0	0	263.1788187611562	0
-5	0	-0.7508661312899538	0	110.4493378007884	2.8391380990889026	-0.0000000000000008881784197001252	0	0	263.1788187611562	0
-5	-2	-0.7508661312899538	0	110.4493378007884	2.8391380990889026	-0.0000000000000008881784197001252	0	0	263.1788187611562	0
-5	-5	-0.7508661312899538	0	110.4493378007884	2.8391380990889026	-0.0000000000000008881784197001252	0	0	263.1788187611562	0
-10	5	-0.7508661312899538	1.9319291028268675	118.15815755338406	0.6488696430945428	0.164000149794391	2.6125269618939204	24.298022960728602	203.07703078002987	1.1795074911200871
-15	40	-0.7508661312899538	31.454490902808548	115.41238217152355	1.7674241733765113	0.5814375092964231	13.434121364207616	4.741170323435866	154.6635536027069	48.96563232663228
-15	5	-0.7508661312899538	4.122866433448992	117.41632734444269	0.6778815552125088	0.23400190462936235	4.647961535573635	74.2015402332951	154.6635536027069	2.4498861952189004
-30	5	-0.7508661312899538	15.987135149821263	115.11809470805645	0.7708048375436919	0.4211847203719283	9.571470259853227	367.1388498539433	85.522965133938	7.305228848981012
-30	20	-0.7508661312899538	27.623095160792037	115.6048918826302	1.4434510432353027	0.5537932039669666	11.536127159455894	44.54328388176281	85.522965133938	26.881930794862072
-15	-10	-0.7508661312899538	3.4566668252405153	106.1615898886539	1.2358808470964973	0.2307207002703956	27.554668582951642	47.12312956783067	154.6635536027069	3.920047935930503
-10	2	-0.7508661312899538	0.017982019297429527	119.36166864231252	0.12434686675917478	0.02192570757620277	0.009682724552004323	0.2391083921452056	203.07703078002987	0.0021335737695464554
-10	-5	-0.7508661312899538	0.11003217191801602	105.79310712352162	0.3089000043410473	0.054467405106288586	0.1387722473419747	0.5509625734649056	203.07703078002987	0.03243186752874626
-10	0	-0.7508661312899538	0	110.4493378007884	2.8391380990889026	-0.0000000000000008881784197001252	0	0	203.07703078002987	0
-10	-2	-0.7508661312899538	0	110.4493378007884	2.8391380990889026	-0.0000000000000008881784197001252	0	0	203.07703078002987	0
-30	-5	-0.7508661312899538	8.098693962478576	108.72727989275523	0.6206935539390737	0.34556364587833305	6.499241658600376	210.7473230237467	85.522965133938	2.9540355750272305
-15	2	-0.7508661312899538	0.7626217483837424	117.519289623337	0.3270196032358066	0.08896365644205194	0.6189343517685749	36.38783858410198	154.6635536027069	0.22333468795185663
-30	-10	-0.7508661312899538	9.825556898894186	107.6940203027445	0.9049782235339047	0.4127215110111014	12.197439389470302	101.30174568433229	85.522965133938	5.673014957269188
-30	40	-0.7508661312899538	33.03924723855569	115.19638665266764	1.7156803027053513	0.5804382789555458	10.060901267127731	10.660210759274793	85.522965133938	39.50184252465622
-15	-40	-0.7508661312899538	35.16973762387944	106.09182929685018	3.602313166554664	0.5521441048609671	29.84853345183344	8.739346432151153	154.6635536027069	117.34952398383014
-15	-2	-0.7508661312899538	0.13842469596008128	106.56564640008058	0.1869562516742796	0.05009477665607291	0.07149140817380852	3.901370458780141	154.6635536027069	0.023202801469808576
-30	-2	-0.7508661312899538	8.632607715134323	110.82626250426321	0.5040916031365669	0.2910374223229927	6.091615771542245	418.3004442390076	85.522965133938	2.5124119030893275
-15	-5	-0.7508661312899538	0.7939122060205106	106.52460090689301	0.4545157651486491	0.12178713221879389	0.967213258920334	8.484870393560428	154.6635536027069	0.32352532655481164
-15	0	-0.7508661312899538	0.0026950862449878384	112.58000000000003	0.012289182477369669	0.0032928765204498106	0.00017534930112535161	14.320185619016167	154.6635536027069	0.00002969494423681222
-30	2	-0.7508661312899538	12.331692450511365	113.96043240409226	0.581940483668708	0.34627046753299334	8.415831170013202	466.7841309425672	85.522965133938	4.079817236147995
-60	-10	-0.7508661312899538	26.94336399707453	110.33440574042262	1.0662431661957985	0.5148590225331368	6.353775832579417	368.24893286431814	21.541774193074936	2.3505549775248875
-60	-20	-0.7508661312899538	27.50976548760153	107.99116894101948	1.8007996001128834	0.5192781582623666	13.518692397814387	299.17018245928574	21.541774193074936	12.39842361713469
-30	0	-0.7508661312899538	10.088400953927081	112.56304608152323	0.5107561513683033	0.29680028331242575	6.879978072912995	473.5023515802779	85.522965133938	2.9652600912588376
-30	-40	-0.7508661312899538	35.80209229175635	106.22272898297292	3.4206319949019246	0.549737649665711	26.699929584412754	26.157406670965976	85.522965133938	96.2175995985573
60	20	-2.2525983938698557	16.076936718875636	114.64808170839834	3.4352148216361096	0.6583549200484105	20.64868177234247	422.6065758921585	25.991817785431305	36.780164649804085
-60	20	-0.7508661312899538	37.097103940470035	114.2362506639686	1.4275344180056129	0.5651421912346334	4.547483536862189	107.80119874764036	21.541774193074936	8.322353712094577
-60	10	-0.7508661312899538	37.09483353875005	113.59602024164239	1.2424893722477224	0.5519107664486936	2.949329055588048	181.37351096559422	21.541774193074936	5.314797209589217
60	10	-2.2525983938698557	13.202999545769822	108.26441336384411	5.468818181299087	0.6633952001509197	5.421480602173761	484.09129997565776	25.991817785431305	43.687750940367565
-60	5	-0.7508661312899538	35.88472615387152	113.154137181981	1.1392916400332422	0.5406556889920054	2.2617463684693297	256.64917132374615	21.541774193074936	3.639581746977575
-60	40	-0.7508661312899538	37.14594156571381	114.66115726084558	1.6779211484537304	0.5824191999383663	3.5237088959043192	25.68546827005983	21.541774193074936	12.427945582157498
-60	-40	-0.7508661312899538	38.770118930041086	106.66062047233578	3.1342424295371862	0.5523924835781802	10.307450278376802	78.37826171213888	21.541774193074936	42.21039672045507
-60	-5	-0.7508661312899538	30.456880735874385	111.58746049755801	0.9946886641232366	0.5194523343292834	3.4756053436858014	342.8146641639632	21.541774193074936	1.4462576054296505
-60	2	-0.7508661312899538	34.59541371006002	112.79028946155849	1.075913946993562	0.5326993087673044	2.165940148763609	291.2227179965888	21.541774193074936	2.6509026192786584
60	40	-2.2525983938698557	28.37235359492032	115.54491409873664	2.280501082133251	0.6119394986980249	8.278348290963864	47.70961721331589	25.991817785431305	47.38766648437597
-60	-2	-0.7508661312899538	32.3868973739878	112.17092946418877	1.0120567020308804	0.5239297894924654	2.602925516561424	323.81746311831677	21.541774193074936	1.6935705694341665
-60	0	-0.7508661312899538	33.55136192774218	112.50119574070825	1.0396559714706644	0.5279479422827197	2.2877775994053295	308.661061391395	21.541774193074936	2.1007063260762275
60	5	-2.2525983938698557	15.135745893730633	106.55469124754296	5.637433368997365	0.6224940451165498	1.992791095298453	203.5433573481418	25.991817785431305	50.82299435635827
60	-40	-2.2525983938698557	33.562759001257284	106.13574295314719	4.284717536285377	0.5801113912436383	6.048332608402063	34.53361853763645	25.991817785431305	88.76510586116929
60	-5	-2.2525983938698557	21.140536583304804	105.80021214647296	5.319868603655697	0.6001781433551701	1.458173230498146	63.044975947181555	25.991817785431305	67.22064494705388
60	2	-2.2525983938698557	16.97197133056451	106.174995850268	5.563643276828624	0.6094784705013728	1.752532598732345	157.13780057867592	25.991817785431305	56.17120814875768
60	0	-2.2525983938698557	18.283186371308386	106.00703044299308	5.4926682577983525	0.6030899348665038	1.7771249753954754	139.7402322502716	25.991817785431305	59.76088614597752
60	-20	-2.2525983938698557	25.67776512451819	105.91351992612188	4.9857099335743165	0.5894579549343087	2.7746587921413597	33.8332927391493	25.991817785431305	77.11907272401449
60	-2	-2.2525983938698557	19.624821886617877	105.88080597951502	5.412627673001179	0.5982769125884382	1.70861389371837	120.78195790118194	25.991817785431305	63.27899869515928
30	40	-2.2525983938698557	22.084241861066847	116.5025179540834	1.9220640223285435	0.5977822807067578	12.606665399793728	9.54698849194936	108.46950087474609	43.361247514622335
30	-40	-2.2525983938698557	26.763369684394128	105.48506235105441	4.4498046874899595	0.5639659622174186	21.011522353175817	16.36600442726462	108.46950087474609	110.68331112916084
60	-10	-2.2525983938698557	22.600319277408726	105.8213519545977	5.222535204856462	0.5968354295893971	1.733918038444153	36.94521288992368	25.991817785431305	70.69701351223674
30	20	-2.2525983938698557	3.0966172903828313	118.79448251792651	2.1798280065278837	0.5614010880569529	6.846468396966881	10.310241110631598	108.46950087474609	6.714974256303312
15	-40	-2.2525983938698557	24.526289729343283	105.22511316164473	4.374513846270075	0.5536442096876032	29.641550138205695	6.335232481472445	222.31097728988945	107.14921764129886
30	-20	-2.2525983938698557	14.277439983539209	104.42786079182048	5.483405960937996	0.5657545831138802	4.465954488015591	7.771928196958979	108.46950087474609	71.83902596775302
30	-10	-2.2525983938698557	6.068940256451233	103.71295576188616	6.085833187715066	0.507358830530658	4.9314198182100855	16.542034940777178	108.46950087474609	33.525830744444015
15	40	-2.2525983938698557	21.217834646440135	116.66093697531943	1.7838653727454346	0.5902454697961971	12.27201856304111	3.0341474163843887	222.31097728988945	39.80144123720149
10	-40	-2.2525983938698557	24.003700345610433	105.16334145771143	4.318343119579501	0.5502188020336349	32.13251365548584	4.091401783049556	306.7059016969317	104.37486478611615
30	-5	-2.2525983938698557	1.5646336917881294	103.20842850375853	6.604878160355069	0.4391466663196227	1.9618770874730351	4.477300164108311	108.46950087474609	9.293244466315343
15	-20	-2.2525983938698557	8.251711359992886	103.54344606318904	5.627589384238608	0.5116644249677036	5.955244482596524	7.120702577121272	222.31097728988945	45.94769429846414
10	40	-2.2525983938698557	21.23212405302601	116.66641726462719	1.7461256619665446	0.5881045188711124	12.012925261335397	2.1312683897496316	306.7059016969317	38.67901406731108
15	20	-2.2525983938698557	2.7834825431376724	119.1371172844143	1.6333390930995764	0.4407969101739248	6.329515083399922	4.473829154257165	222.31097728988945	4.709015180451515
30	-2	-2.2525983938698557	0.13517813032180842	102.68026308231133	6.855057082879928	0.31051041197417506	0.19974226238311457	0.29042990371028005	108.46950087474609	0.8234928395328786
5	-40	-2.2525983938698557	23.60560754137653	105.11888795190075	4.246680968299922	0.5469526437096494	34.261859608360524	2.7654960107820794	313.75400038458673	100.98930077859303
10	-20	-2.2525983938698557	6.062177609682658	103.26165850477543	5.641885567184121	0.46552854157948703	7.148987396633823	6.613330957159255	306.7059016969317	34.17256084563799
10	20	-2.2525983938698557	3.178639029486562	119.1016290888641	1.4698877568438864	0.4265030018455076	6.494168652171876	5.097856597748907	306.7059016969317	4.83667540548218
30	10	-2.2525983938698557	0	110.4493378007884	2.8391380990889026	-0.0000000000000008881784197001252	0	0	108.46950087474609	0
30	5	-2.2525983938698557	0	110.4493378007884	2.8391380990889026	-0.0000000000000008881784197001252	0	0	108.46950087474609	0
30	2	-2.2525983938698557	0	110.4493378007884	2.8391380990889026	-0.0000000000000008881784197001252	0	0	108.46950087474609	0
30	0	-2.2525983938698557	0	110.4493378007884	2.8391380990889026	-0.0000000000000008881784197001252	0	0	108.46950087474609	0
5	20	-2.2525983938698557	3.844031963917472	119.0153878723229	1.3403837723570649	0.43348121951089974	6.75644063908226	6.497716339851719	313.75400038458673	5.278100309553838
5	40	-2.2525983938698557	21.385736416797016	116.65005058469565	1.7126703484286843	0.5862187491317601	11.621191287472136	1.6991141296448322	313.75400038458673	37.579988038482156
2	-40	-2.2525983938698557	23.429706005875882	105.10165587919886	4.196698236033717	0.5451133304059285	35.311463241145205	2.495486073125527	315.16884005788893	98.71323843166263
5	-20	-2.2525983938698557	3.878092882022735	103.02892005105284	5.577858615188317	0.3790679461549475	7.814159952400494	5.117997085770439	313.75400038458673	21.677263812618772
15	-10	-2.2525983938698557	0.05621821915652075	102.43300689867176	6.502046323896064	0.14179962125134737	0.1271491517950301	0.03593510032937944	222.31097728988945	0.3551414479356043
2	40	-2.2525983938698557	21.54172792968677	116.63031037630608	1.6946477928275	0.585218989890026	11.354798647223697	1.6482566670158056	315.16884005788893	36.92336842053821
2	20	-2.2525983938698557	4.38074962633003	118.94338860850775	1.2793561054767564	0.44605161991194947	6.893980827178853	7.265214278191331	315.16884005788893	5.669319676257977
15	10	-2.2525983938698557	0	110.4493378007884	2.8391380990889026	-0.0000000000000008881784197001252	0	0	222.31097728988945	0
15	5	-2.2525983938698557	0	110.4493378007884	2.8391380990889026	-0.0000000000000008881784197001252	0	0	222.31097728988945	0
15	2	-2.2525983938698557	0	110.4493378007884	2.8391380990889026	-0.0000000000000008881784197001252	0	0	222.31097728988945	0
15	0	-2.2525983938698557	0	110.4493378007884	2.8391380990889026	-0.0000000000000008881784197001252	0	0	222.31097728988945	0
15	-2	-2.2525983938698557	0	110.4493378007884	2.8391380990889026	-0.0000000000000008881784197001252	0	0	222.31097728988945	0
15	-5	-2.2525983938698557	0	110.4493378007884	2.8391380990889026	-0.0000000000000008881784197001252	0	0	222.31097728988945	0
0	-40	-2.2525983938698557	23.339670333468618	105.09441439071603	4.160694857958937	0.5439513224865784	35.938583457783	2.568729481959352	314.65562932839464	97.10924634291963
-30	-40	-2.2525983938698557	24.898195944351052	105.41937295486638	3.503209857405015	0.5363207807056366	32.39168987323457	30.668799495833312	85.522965133938	68.861148197849
-5	20	-2.2525983938698557	5.91884684771319	118.70265695098163	1.192448125997873	0.4750198504593987	6.6899015339647425	8.580175256077663	263.1788187611562	6.786015874062915
0	20	-2.2525983938698557	4.782908526312529	118.8847100767051	1.2470784255060599	0.4549531884569685	6.850179589801599	7.494559510983559	314.65562932839464	5.964662034333338
2	-20	-2.2525983938698557	2.7534052864743606	102.9210821186338	5.468867795821919	0.31143329631443234	6.443140824250588	3.3356434227755507	315.16884005788893	15.078762958680699
10	10	-2.2525983938698557	0	110.4493378007884	2.8391380990889026	-0.0000000000000008881784197001252	0	0	306.7059016969317	0
10	5	-2.2525983938698557	0	110.4493378007884	2.8391380990889026	-0.0000000000000008881784197001252	0	0	306.7059016969317	0
10	2	-2.2525983938698557	0	110.4493378007884	2.8391380990889026	-0.0000000000000008881784197001252	0	0	306.7059016969317	0
10	0	-2.2525983938698557	0	110.4493378007884	2.8391380990889026	-0.0000000000000008881784197001252	0	0	306.7059016969317	0
10	-2	-2.2525983938698557	0	110.4493378007884	2.8391380990889026	-0.0000000000000008881784197001252	0	0	306.7059016969317	0
10	-5	-2.2525983938698557	0	110.4493378007884	2.8391380990889026	-0.0000000000000008881784197001252	0	0	306.7059016969317	0
10	-10	-2.2525983938698557	0	110.4493378007884	2.8391380990889026	-0.0000000000000008881784197001252	0	0	306.7059016969317	0
0	40	-2.2525983938698557	21.671349181909935	116.61321094409148	1.683479706473657	0.5846089512673713	11.173173661176522	1.694528156790819	314.65562932839464	36.483276559649866
-5	-40	-2.2525983938698557	23.213396851154336	105.09203088498587	4.0624108118142646	0.5413188622068821	37.04677707938695	3.656399763389666	263.1788187611562	92.84831946546204
-2	-40	-2.2525983938698557	23.271976168508832	105.09071613068882	4.122713505687442	0.5428483283418848	36.44721251946038	2.8336400482778017	300.265867373234	95.44435345599535
-2	20	-2.2525983938698557	5.215174343047642	118.81750097520755	1.2212799636218263	0.46337553067271703	6.780134674361823	7.850596348053583	300.265867373234	6.28097042318229
5	10	-2.2525983938698557	0	110.4493378007884	2.8391380990889026	-0.0000000000000008881784197001252	0	0	313.75400038458673	0
5	5	-2.2525983938698557	0	110.4493378007884	2.8391380990889026	-0.0000000000000008881784197001252	0	0	313.75400038458673	0
5	2	-2.2525983938698557	0	110.4493378007884	2.8391380990889026	-0.0000000000000008881784197001252	0	0	313.75400038458673	0
5	0	-2.2525983938698557	0	110.4493378007884	2.8391380990889026	-0.0000000000000008881784197001252	0	0	313.75400038458673	0
5	-2	-2.2525983938698557	0	110.4493378007884	2.8391380990889026	-0.0000000000000008881784197001252	0	0	313.75400038458673	0
5	-5	-2.2525983938698557	0	110.4493378007884	2.8391380990889026	-0.0000000000000008881784197001252	0	0	313.75400038458673	0
5	-10	-2.2525983938698557	0	110.4493378007884	2.8391380990889026	-0.0000000000000008881784197001252	0	0	313.75400038458673	0
-10	-40	-2.2525983938698557	23.23390963530723	105.11301663568301	3.954670277001127	0.5391530481670055	37.53872147104996	6.182170546525582	203.07703078002987	88.31132392327486
-2	40	-2.2525983938698557	21.820937370350457	116.5930729291138	1.6729827396734676	0.5840444196858495	10.982005613047274	1.8017203743334362	300.265867373234	36.039040053099505
0	-20	-2.2525983938698557	2.1500541318583295	102.85484327852741	5.378603643823959	0.27103685215835444	5.409536774799281	2.4249280086359977	314.65562932839464	11.564288988031969
-15	-40	-2.2525983938698557	23.407651357480752	105.15761763331551	3.8409656369912475	0.5375323515455908	37.32790982541631	10.20128755979659	154.6635536027069	83.58788726763194
2	10	-2.2525983938698557	0	110.4493378007884	2.8391380990889026	-0.0000000000000008881784197001252	0	0	315.16884005788893	0
2	5	-2.2525983938698557	0	110.4493378007884	2.8391380990889026	-0.0000000000000008881784197001252	0	0	315.16884005788893	0
2	2	-2.2525983938698557	0	110.4493378007884	2.8391380990889026	-0.0000000000000008881784197001252	0	0	315.16884005788893	0
2	0	-2.2525983938698557	0	110.4493378007884	2.8391380990889026	-0.0000000000000008881784197001252	0	0	315.16884005788893	0
2	-2	-2.2525983938698557	0	110.4493378007884	2.8391380990889026	-0.0000000000000008881784197001252	0	0	315.16884005788893	0
2	-5	-2.2525983938698557	0	110.4493378007884	2.8391380990889026	-0.0000000000000008881784197001252	0	0	315.16884005788893	0
2	-10	-2.2525983938698557	0	110.4493378007884	2.8391380990889026	-0.0000000000000008881784197001252	0	0	315.16884005788893	0
-60	10	-2.2525983938698557	25.476996221641496	114.5999001906806	0.9821855380770035	0.5341355663266735	3.8371122636612287	263.62646158513627	21.541774193074936	0.7265478709980038
-10	40	-2.2525983938698557	22.609946590883848	116.48412698028116	1.6375540619163376	0.582236745218469	10.14932174544379	2.7845781740786935	203.07703078002987	34.17655283621214
-10	20	-2.2525983938698557	7.234964204245037	118.47970195434877	1.1639768568582596	0.49179098356925793	6.60750791702318	10.470692361742827	203.07703078002987	7.675536082410246
-5	40	-2.2525983938698557	22.081766423028096	116.55738484754225	1.658480403729376	0.5832827869368398	10.686854605370979	2.0706923796627015	263.1788187611562	35.360259958877265
0	10	-2.2525983938698557	0	110.4493378007884	2.8391380990889026	-0.0000000000000008881784197001252	0	0	314.65562932839464	0
0	5	-2.2525983938698557	0	110.4493378007884	2.8391380990889026	-0.0000000000000008881784197001252	0	0	314.65562932839464	0
0	2	-2.2525983938698557	0	110.4493378007884	2.8391380990889026	-0.0000000000000008881784197001252	0	0	314.65562932839464	0
0	0	-2.2525983938698557	0	110.4493378007884	2.8391380990889026	-0.0000000000000008881784197001252	0	0	314.65562932839464	0
0	-2	-2.2525983938698557	0	110.4493378007884	2.8391380990889026	-0.0000000000000008881784197001252	0	0	314.65562932839464	0
0	-5	-2.2525983938698557	0	110.4493378007884	2.8391380990889026	-0.0000000000000008881784197001252	0	0	314.65562932839464	0
0	-10	-2.2525983938698557	0	110.4493378007884	2.8391380990889026	-0.0000000000000008881784197001252	0	0	314.65562932839464	0
-2	-20	-2.2525983938698557	1.654166373457474	102.79415262267177	5.2733940810582265	0.2354075023684836	4.424275603230567	1.7324136858844073	300.265867373234	8.704167328809644
-15	20	-2.2525983938698557	8.72425148732734	118.2244390404937	1.1522601385293734	0.5055935236018859	6.493419203787256	13.110682361160405	154.6635536027069	8.568441532911455
-60	-10	-2.2525983938698557	14.305276945741134	108.98318111754574	0.7743461572995658	0.4995652316829305	3.1753414243249183	166.98047322120124	21.541774193074936	-0.6503622768687211
-5	-20	-2.2525983938698557	1.0895121546588167	102.71613168004572	5.087792619025152	0.19252309568584342	3.0786113841221003	1.0396961396291269	263.1788187611562	5.503836841985965
-2	10	-2.2525983938698557	0	110.4493378007884	2.8391380990889026	-0.0000000000000008881784197001252	0	0	300.265867373234	0
-2	5	-2.2525983938698557	0	110.4493378007884	2.8391380990889026	-0.0000000000000008881784197001252	0	0	300.265867373234	0
-2	2	-2.2525983938698557	0	110.4493378007884	2.8391380990889026	-0.0000000000000008881784197001252	0	0	300.265867373234	0
-2	0	-2.2525983938698557	0	110.4493378007884	2.8391380990889026	-0.0000000000000008881784197001252	0	0	300.265867373234	0
-2	-2	-2.2525983938698557	0	110.4493378007884	2.8391380990889026	-0.0000000000000008881784197001252	0	0	300.265867373234	0
-2	-5	-2.2525983938698557	0	110.4493378007884	2.8391380990889026	-0.0000000000000008881784197001252	0	0	300.265867373234	0
-2	-10	-2.2525983938698557	0	110.4493378007884	2.8391380990889026	-0.0000000000000008881784197001252	0	0	300.265867373234	0
-30	40	-2.2525983938698557	25.763976014855462	116.04853208802187	1.5911564363292394	0.5805265229410299	7.557531419730548	8.422935285515354	85.522965133938	28.023956791766725
-15	40	-2.2525983938698557	23.248995264219214	116.39502539216925	1.6205464144511932	0.5814584950753017	9.567643484851024	3.8029808531400424	154.6635536027069	32.89349458503586
-30	20	-2.2525983938698557	14.165142208066941	117.31898957707172	1.1702985681703222	0.5341748843064105	6.003054848102907	26.62977330960945	85.522965133938	10.573157457496432
-10	-20	-2.2525983938698557	0.5495934258482468	102.72242571788047	4.579784822549891	0.14842991820510487	7.289070915610796	2.6940095341719617	203.07703078002987	2.464614904012564
-5	10	-2.2525983938698557	0	110.4493378007884	2.8391380990889026	-0.0000000000000008881784197001252	0	0	263.1788187611562	0
-5	5	-2.2525983938698557	0	110.4493378007884	2.8391380990889026	-0.0000000000000008881784197001252	0	0	263.1788187611562	0
-5	2	-2.2525983938698557	0	110.4493378007884	2.8391380990889026	-0.0000000000000008881784197001252	0	0	263.1788187611562	0
-5	0	-2.2525983938698557	0	110.4493378007884	2.8391380990889026	-0.0000000000000008881784197001252	0	0	263.1788187611562	0
-5	-2	-2.2525983938698557	0	110.4493378007884	2.8391380990889026	-0.0000000000000008881784197001252	0	0	263.1788187611562	0
-5	-5	-2.2525983938698557	0	110.4493378007884	2.8391380990889026	-0.0000000000000008881784197001252	0	0	263.1788187611562	0
-5	-10	-2.2525983938698557	0	110.4493378007884	2.8391380990889026	-0.0000000000000008881784197001252	0	0	263.1788187611562	0
-60	20	-2.2525983938698557	28.742146833059298	115.19381791531018	1.3032063826173945	0.5627797293577468	3.4848519191708136	83.79343875123509	21.541774193074936	4.720082747286802
-15	-20	-2.2525983938698557	0.4823456530168225	103.79072464417314	2.8065265379425473	0.13258498310595426	12.130609864355504	7.706767384287436	154.6635536027069	1.2910371844639206
-60	5	-2.2525983938698557	22.993587459100894	113.7789687752641	0.7750047010266955	0.5166184711391739	2.8768207445058014	314.94320145483636	21.541774193074936	-1.377370373426715
-30	-20	-2.2525983938698557	2.8644676461525123	105.98845043155089	0.867609015488697	0.36363520848642417	9.135050007704123	18.31252639492383	85.522965133938	1.6314685580846366
-10	10	-2.2525983938698557	0	110.4493378007884	2.8391380990889026	-0.0000000000000008881784197001252	0	0	203.07703078002987	0
-10	5	-2.2525983938698557	0	110.4493378007884	2.8391380990889026	-0.0000000000000008881784197001252	0	0	203.07703078002987	0
-10	2	-2.2525983938698557	0	110.4493378007884	2.8391380990889026	-0.0000000000000008881784197001252	0	0	203.07703078002987	0
-10	0	-2.2525983938698557	0	110.4493378007884	2.8391380990889026	-0.0000000000000008881784197001252	0	0	203.07703078002987	0
-10	-2	-2.2525983938698557	0	110.4493378007884	2.8391380990889026	-0.0000000000000008881784197001252	0	0	203.07703078002987	0
-10	-5	-2.2525983938698557	0	110.4493378007884	2.8391380990889026	-0.0000000000000008881784197001252	0	0	203.07703078002987	0
-10	-10	-2.2525983938698557	0	110.4493378007884	2.8391380990889026	-0.0000000000000008881784197001252	0	0	203.07703078002987	0
-60	-20	-2.2525983938698557	16.270337872331947	107.67899639299786	1.298131531336193	0.5108050465331644	7.933036656455464	158.27816711980557	21.541774193074936	3.363007557683187
-15	10	-2.2525983938698557	0.05193594486656759	119.64044196889168	0.23133231685574807	0.06198534172781441	0.03472191464529704	0.07656311337181355	154.6635536027069	0.010771871887311976
-30	10	-2.2525983938698557	3.182140419149545	118.30587814430778	0.5379333282979597	0.3374673782115108	1.8750362504452907	19.512738354926363	85.522965133938	0.9455101424543567
-60	-5	-2.2525983938698557	16.37519635262417	110.74697377128679	0.6121968594872663	0.49214136717224505	3.4620127804594207	349.04771452684497	21.541774193074936	-1.9668002134905203
-60	40	-2.2525983938698557	32.88073821172945	115.134540172505	1.6119469668021962	0.5828844386508549	3.0612614688806308	22.372583974900717	21.541774193074936	9.90304546285805
-15	5	-2.2525983938698557	0	110.4493378007884	2.8391380990889026	-0.0000000000000008881784197001252	0	0	154.6635536027069	0
-15	2	-2.2525983938698557	0	110.4493378007884	2.8391380990889026	-0.0000000000000008881784197001252	0	0	154.6635536027069	0
-15	0	-2.2525983938698557	0	110.4493378007884	2.8391380990889026	-0.0000000000000008881784197001252	0	0	154.6635536027069	0
-15	-2	-2.2525983938698557	0	110.4493378007884	2.8391380990889026	-0.0000000000000008881784197001252	0	0	154.6635536027069	0
-15	-5	-2.2525983938698557	0	110.4493378007884	2.8391380990889026	-0.0000000000000008881784197001252	0	0	154.6635536027069	0
-15	-10	-2.2525983938698557	0	110.4493378007884	2.8391380990889026	-0.0000000000000008881784197001252	0	0	154.6635536027069	0
-60	-40	-2.2525983938698557	32.27735833904279	106.25073490857184	3.094597794351644	0.5469928322666548	11.596535465663264	86.84841640068433	21.541774193074936	34.652623599588516
-60	2	-2.2525983938698557	21.16410211391112	113.11140510171876	0.6726976395129226	0.5079123561444111	2.5409896624808566	331.07056280810497	21.541774193074936	-2.1908270793190714
-60	-2	-2.2525983938698557	18.477964604791257	111.9307023206	0.5953894781254089	0.4987717412240375	2.7296692816611654	345.9487461654108	21.541774193074936	-2.4807454555844
-30	5	-2.2525983938698557	0.12188353354128764	119.11535507898823	0.15129325712759972	0.08734920272919475	0.02893793091010316	0.8771759738092232	85.522965133938	0.010646429480648586
-60	0	-2.2525983938698557	19.8481202805321	112.56965247841772	0.6231416482929006	0.5030593753865124	2.526501131847667	339.1675244955834	21.541774193074936	-2.4629805278489587
-30	-10	-2.2525983938698557	0.1375029449761685	105.74413380283106	0.19894402033756572	0.11486038369555951	0.04308185637239554	0.32967300963359636	85.522965133938	0.01579364101923221
-30	2	-2.2525983938698557	0	110.4493378007884	2.8391380990889026	-0.0000000000000008881784197001252	0	0	85.522965133938	0
-30	0	-2.2525983938698557	0	110.4493378007884	2.8391380990889026	-0.0000000000000008881784197001252	0	0	85.522965133938	0
-30	-2	-2.2525983938698557	0	110.4493378007884	2.8391380990889026	-0.0000000000000008881784197001252	0	0	85.522965133938	0
-30	-5	-2.2525983938698557	0	110.4493378007884	2.8391380990889026	-0.0000000000000008881784197001252	0	0	85.522965133938	0
60	20	-3.7543306564497576	5.201762545462681	116.60895058856731	3.251727669114439	0.7354353212966583	7.1568300747636995	120.10010052644094	25.991817785431305	11.770389663455841
60	40	-3.7543306564497576	23.114292550717707	116.19124662271714	2.1793340586204217	0.6164956958103415	6.962508505287283	38.704068930360954	25.991817785431305	37.527624877510135
60	-40	-3.7543306564497576	28.553724048310105	105.79426304408531	4.5780880608145225	0.5809051555761927	6.221185120718388	33.88185261474504	25.991817785431305	79.72549972354076
60	10	-3.7543306564497576	2.3635995619223364	106.0399046719009	6.506426180827335	0.735643269128606	1.1387163171407626	80.26507831711584	25.991817785431305	9.19510865666643
60	5	-3.7543306564497576	5.79101358259842	105.25346247203407	6.334112428106821	0.6491959366807164	1.1334143791524736	64.3799585856243	25.991817785431305	21.596290211843055
60	-10	-3.7543306564497576	16.598947214833878	105.04568951600106	5.515125058205001	0.5948555708669014	1.3834690742612596	39.112708680378624	25.991817785431305	54.32374910615915
15	-40	-3.7543306564497576	13.698775114628775	104.21416517605955	5.272041391901842	0.5504915081862556	19.306146574783792	2.4524156233989363	222.31097728988945	71.71142502513925
60	2	-3.7543306564497576	7.964024870665987	105.13517619053377	6.1692369331525825	0.6259426410189501	1.2133626370154462	61.00803104197553	25.991817785431305	28.88313453352625
60	-5	-3.7543306564497576	13.123591085741728	105.03490020127417	5.772028693652035	0.5988825192066484	1.6382009160885491	59.464320653509944	25.991817785431305	44.68138954164475
60	-2	-3.7543306564497576	10.897783101546594	105.06326551897988	5.943001817761139	0.6077354427208901	1.401948831867509	59.36016707621453	25.991817785431305	38.118431826323565
60	0	-3.7543306564497576	9.426477116636976	105.09215922082079	6.056461624375879	0.615613612747819	1.287280547401874	59.822624144739805	25.991817785431305	33.571152445264886
30	-40	-3.7543306564497576	17.68231382176271	104.72545790525118	5.132369708882617	0.5650784613421576	13.093640154188519	8.235972187340092	108.46950087474609	83.58963360727022
10	-40	-3.7543306564497576	12.66271140836782	104.06982922683406	5.270188867943409	0.5435870119226665	23.39927589169139	1.532582599217054	306.7059016969317	66.91629788805281
30	40	-3.7543306564497576	14.719701326968957	117.49492710303103	1.7783483390612538	0.599798696610134	8.716640366291918	6.441563833037567	108.46950087474609	27.08416487172999
60	-20	-3.7543306564497576	20.22770425814834	105.33176139024032	5.280152100563208	0.5926859948586789	1.8868856692737717	18.558196696728075	25.991817785431305	63.7851764228902
15	40	-3.7543306564497576	13.569416475264038	117.70503188088614	1.631613362627834	0.589312162553538	8.161186276808504	2.169944194505795	222.31097728988945	23.455315746255316
30	-20	-3.7543306564497576	5.188574342122369	103.30251560170956	6.026965714501601	0.5122658583142756	4.245968581010911	6.807243970074113	108.46950087474609	28.41075662699837
5	-40	-3.7543306564497576	11.808130770727567	103.9518464444125	5.226460132247152	0.5346904984764653	28.27353586221038	1.2702327505032613	313.75400038458673	62.03015635564717
-30	-40	-3.7543306564497576	13.310354045067449	104.56407119440753	3.5703552710771658	0.5039573582177866	37.6769221861479	34.65311187371557	85.522965133938	37.80193372509284
10	40	-3.7543306564497576	13.564419160439966	117.71249734243091	1.5923346440221595	0.5864102705356895	7.921549464232641	1.6261479022304717	306.7059016969317	22.65220802991084
2	-40	-3.7543306564497576	11.393070513968263	103.89846324758442	5.174357406354283	0.5283043434097079	31.370739237798503	1.4912765431862123	315.16884005788893	59.12596731197302
-15	-40	-3.7543306564497576	10.901973378054771	103.98916527662657	4.407823049770862	0.4991320183113369	44.05711827143522	11.262366464266155	154.6635536027069	45.008200198733654
-2	-40	-3.7543306564497576	10.971001135128054	103.85387600641613	5.067883881539103	0.5189978901452624	35.69824787478327	2.3509603603778806	300.265867373234	55.36717477855353
30	-10	-3.7543306564497576	0.004326114547039375	102.29577415778856	6.961823977933884	0.2627791374343774	0	0	108.46950087474609	0.026651054581688954
-5	-40	-3.7543306564497576	10.767095150232564	103.84462645933435	4.956474289332887	0.5121097351403132	39.12618505389996	3.504696496255545	263.1788187611562	52.68318234717697
5	40	-3.7543306564497576	13.73288829986343	117.69104531765524	1.5583187493545694	0.5839694537033986	7.675008630402358	1.3990926480238755	313.75400038458673	22.017736118427305
30	20	-3.7543306564497576	0	110.4493378007884	2.8391380990889026	-0.0000000000000008881784197001252	0	0	108.46950087474609	0
30	10	-3.7543306564497576	0	110.4493378007884	2.8391380990889026	-0.0000000000000008881784197001252	0	0	108.46950087474609	0
30	5	-3.7543306564497576	0	110.4493378007884	2.8391380990889026	-0.0000000000000008881784197001252	0	0	108.46950087474609	0
30	2	-3.7543306564497576	0	110.4493378007884	2.8391380990889026	-0.0000000000000008881784197001252	0	0	108.46950087474609	0
30	0	-3.7543306564497576	0	110.4493378007884	2.8391380990889026	-0.0000000000000008881784197001252	0	0	108.46950087474609	0
30	-2	-3.7543306564497576	0	110.4493378007884	2.8391380990889026	-0.0000000000000008881784197001252	0	0	108.46950087474609	0
30	-5	-3.7543306564497576	0	110.4493378007884	2.8391380990889026	-0.0000000000000008881784197001252	0	0	108.46950087474609	0
15	-20	-3.7543306564497576	0.09269887769625246	102.40111876055323	6.4665746597848965	0.17245410577742656	0.2247746751228635	0.03139416526225769	222.31097728988945	0.583156206674043
-10	-40	-3.7543306564497576	10.679201640821605	103.88373330949148	4.707107348727518	0.5034249288044946	43.624411545503534	6.573354903451857	203.07703078002987	48.570899172311
2	40	-3.7543306564497576	13.913907648844475	117.66499753964662	1.5405117722870985	0.5827443265372575	7.519231768069234	1.3958397372763132	315.16884005788893	21.704455059873748
0	-40	-3.7543306564497576	11.162030349037574	103.87196763547585	5.12680115068099	0.5237143612459703	33.46894317843661	1.8175200324286027	314.65562932839464	57.225510037381966
15	20	-3.7543306564497576	0	110.4493378007884	2.8391380990889026	-0.0000000000000008881784197001252	0	0	222.31097728988945	0
15	10	-3.7543306564497576	0	110.4493378007884	2.8391380990889026	-0.0000000000000008881784197001252	0	0	222.31097728988945	0
15	5	-3.7543306564497576	0	110.4493378007884	2.8391380990889026	-0.0000000000000008881784197001252	0	0	222.31097728988945	0
15	2	-3.7543306564497576	0	110.4493378007884	2.8391380990889026	-0.0000000000000008881784197001252	0	0	222.31097728988945	0
15	0	-3.7543306564497576	0	110.4493378007884	2.8391380990889026	-0.0000000000000008881784197001252	0	0	222.31097728988945	0
15	-2	-3.7543306564497576	0	110.4493378007884	2.8391380990889026	-0.0000000000000008881784197001252	0	0	222.31097728988945	0
15	-5	-3.7543306564497576	0	110.4493378007884	2.8391380990889026	-0.0000000000000008881784197001252	0	0	222.31097728988945	0
15	-10	-3.7543306564497576	0	110.4493378007884	2.8391380990889026	-0.0000000000000008881784197001252	0	0	222.31097728988945	0
0	40	-3.7543306564497576	14.066920112690651	117.6423805898822	1.5297376308332307	0.5820289215169968	7.437055080573848	1.454222440316167	314.65562932839464	21.518697046307718
-5	40	-3.7543306564497576	14.559488941179149	117.56832042516506	1.5066419289311588	0.5805880610822253	7.15958721864663	1.7423179030387785	263.1788187611562	21.115730443357787
-60	5	-3.7543306564497576	9.583431279471988	115.46479034056523	0.4528121802627464	0.4650656988796566	2.255482594113285	247.82828145809611	21.541774193074936	-1.6900632101935367
10	20	-3.7543306564497576	0	110.4493378007884	2.8391380990889026	-0.0000000000000008881784197001252	0	0	306.7059016969317	0
10	10	-3.7543306564497576	0	110.4493378007884	2.8391380990889026	-0.0000000000000008881784197001252	0	0	306.7059016969317	0
10	5	-3.7543306564497576	0	110.4493378007884	2.8391380990889026	-0.0000000000000008881784197001252	0	0	306.7059016969317	0
10	2	-3.7543306564497576	0	110.4493378007884	2.8391380990889026	-0.0000000000000008881784197001252	0	0	306.7059016969317	0
10	0	-3.7543306564497576	0	110.4493378007884	2.8391380990889026	-0.0000000000000008881784197001252	0	0	306.7059016969317	0
10	-2	-3.7543306564497576	0	110.4493378007884	2.8391380990889026	-0.0000000000000008881784197001252	0	0	306.7059016969317	0
10	-5	-3.7543306564497576	0	110.4493378007884	2.8391380990889026	-0.0000000000000008881784197001252	0	0	306.7059016969317	0
10	-10	-3.7543306564497576	0	110.4493378007884	2.8391380990889026	-0.0000000000000008881784197001252	0	0	306.7059016969317	0
10	-20	-3.7543306564497576	0	110.4493378007884	2.8391380990889026	-0.0000000000000008881784197001252	0	0	306.7059016969317	0
-2	40	-3.7543306564497576	14.245290315993651	117.61569973039683	1.5198426215081837	0.5813938221818469	7.316849213635267	1.5354861417634977	300.265867373234	21.348368466122455
-10	40	-3.7543306564497576	15.204296070701334	117.47074073444168	1.4889540990211012	0.5796145892023205	6.886734470858709	2.2691216220527726	203.07703078002987	20.764271833421674
5	20	-3.7543306564497576	0	110.4493378007884	2.8391380990889026	-0.0000000000000008881784197001252	0	0	313.75400038458673	0
5	10	-3.7543306564497576	0	110.4493378007884	2.8391380990889026	-0.0000000000000008881784197001252	0	0	313.75400038458673	0
5	5	-3.7543306564497576	0	110.4493378007884	2.8391380990889026	-0.0000000000000008881784197001252	0	0	313.75400038458673	0
5	2	-3.7543306564497576	0	110.4493378007884	2.8391380990889026	-0.0000000000000008881784197001252	0	0	313.75400038458673	0
5	0	-3.7543306564497576	0	110.4493378007884	2.8391380990889026	-0.0000000000000008881784197001252	0	0	313.75400038458673	0
5	-2	-3.7543306564497576	0	110.4493378007884	2.8391380990889026	-0.0000000000000008881784197001252	0	0	313.75400038458673	0
5	-5	-3.7543306564497576	0	110.4493378007884	2.8391380990889026	-0.0000000000000008881784197001252	0	0	313.75400038458673	0
5	-10	-3.7543306564497576	0	110.4493378007884	2.8391380990889026	-0.0000000000000008881784197001252	0	0	313.75400038458673	0
5	-20	-3.7543306564497576	0	110.4493378007884	2.8391380990889026	-0.0000000000000008881784197001252	0	0	313.75400038458673	0
-60	-20	-3.7543306564497576	8.683736006100474	107.2347820230717	0.8668593903739007	0.5046355224748124	2.3676288612893512	34.817662275799655	21.541774193074936	-0.03123962677049447
-60	10	-3.7543306564497576	13.937403511027535	116.09802061646647	0.7424483132961645	0.5104448635087526	2.4247243700067407	147.4863477032591	21.541774193074936	-0.9872429097401342
2	20	-3.7543306564497576	0	110.4493378007884	2.8391380990889026	-0.0000000000000008881784197001252	0	0	315.16884005788893	0
2	10	-3.7543306564497576	0	110.4493378007884	2.8391380990889026	-0.0000000000000008881784197001252	0	0	315.16884005788893	0
2	5	-3.7543306564497576	0	110.4493378007884	2.8391380990889026	-0.0000000000000008881784197001252	0	0	315.16884005788893	0
2	2	-3.7543306564497576	0	110.4493378007884	2.8391380990889026	-0.0000000000000008881784197001252	0	0	315.16884005788893	0
2	0	-3.7543306564497576	0	110.4493378007884	2.8391380990889026	-0.0000000000000008881784197001252	0	0	315.16884005788893	0
2	-2	-3.7543306564497576	0	110.4493378007884	2.8391380990889026	-0.0000000000000008881784197001252	0	0	315.16884005788893	0
2	-5	-3.7543306564497576	0	110.4493378007884	2.8391380990889026	-0.0000000000000008881784197001252	0	0	315.16884005788893	0
2	-10	-3.7543306564497576	0	110.4493378007884	2.8391380990889026	-0.0000000000000008881784197001252	0	0	315.16884005788893	0
2	-20	-3.7543306564497576	0	110.4493378007884	2.8391380990889026	-0.0000000000000008881784197001252	0	0	315.16884005788893	0
-60	-40	-3.7543306564497576	25.537117063929752	105.87207530890826	3.001095460082223	0.5396753843887204	12.782898901513523	94.51961559340577	21.541774193074936	26.384314430389527
-30	40	-3.7543306564497576	19.19583780242696	116.88273871982213	1.4673487065031445	0.5792126078016016	5.571231337124203	6.605835960699477	85.522965133938	18.834091320349675
0	20	-3.7543306564497576	0	110.4493378007884	2.8391380990889026	-0.0000000000000008881784197001252	0	0	314.65562932839464	0
0	10	-3.7543306564497576	0	110.4493378007884	2.8391380990889026	-0.0000000000000008881784197001252	0	0	314.65562932839464	0
0	5	-3.7543306564497576	0	110.4493378007884	2.8391380990889026	-0.0000000000000008881784197001252	0	0	314.65562932839464	0
0	2	-3.7543306564497576	0	110.4493378007884	2.8391380990889026	-0.0000000000000008881784197001252	0	0	314.65562932839464	0
0	0	-3.7543306564497576	0	110.4493378007884	2.8391380990889026	-0.0000000000000008881784197001252	0	0	314.65562932839464	0
0	-2	-3.7543306564497576	0	110.4493378007884	2.8391380990889026	-0.0000000000000008881784197001252	0	0	314.65562932839464	0
0	-5	-3.7543306564497576	0	110.4493378007884	2.8391380990889026	-0.0000000000000008881784197001252	0	0	314.65562932839464	0
0	-10	-3.7543306564497576	0	110.4493378007884	2.8391380990889026	-0.0000000000000008881784197001252	0	0	314.65562932839464	0
0	-20	-3.7543306564497576	0	110.4493378007884	2.8391380990889026	-0.0000000000000008881784197001252	0	0	314.65562932839464	0
-60	2	-3.7543306564497576	7.201060881637817	114.20952433516085	0.29005359718023793	0.4209753083595557	2.39687985191272	317.82149513528395	21.541774193074936	-1.5809822072556108
-2	5	-3.7543306564497576	0	110.4493378007884	2.8391380990889026	-0.0000000000000008881784197001252	0	0	300.265867373234	0
-2	20	-3.7543306564497576	0	110.4493378007884	2.8391380990889026	-0.0000000000000008881784197001252	0	0	300.265867373234	0
-2	10	-3.7543306564497576	0	110.4493378007884	2.8391380990889026	-0.0000000000000008881784197001252	0	0	300.265867373234	0
-2	2	-3.7543306564497576	0	110.4493378007884	2.8391380990889026	-0.0000000000000008881784197001252	0	0	300.265867373234	0
-60	20	-3.7543306564497576	21.209087237907507	116.12353767948963	1.171488265033909	0.5579687465059224	2.61138870036385	62.32106654665945	21.541774193074936	2.174547004360597
-2	0	-3.7543306564497576	0	110.4493378007884	2.8391380990889026	-0.0000000000000008881784197001252	0	0	300.265867373234	0
-2	-2	-3.7543306564497576	0	110.4493378007884	2.8391380990889026	-0.0000000000000008881784197001252	0	0	300.265867373234	0
-2	-5	-3.7543306564497576	0	110.4493378007884	2.8391380990889026	-0.0000000000000008881784197001252	0	0	300.265867373234	0
-2	-10	-3.7543306564497576	0	110.4493378007884	2.8391380990889026	-0.0000000000000008881784197001252	0	0	300.265867373234	0
-2	-20	-3.7543306564497576	0	110.4493378007884	2.8391380990889026	-0.0000000000000008881784197001252	0	0	300.265867373234	0
-15	40	-3.7543306564497576	15.995610276248515	117.3515314476536	1.476483647769426	0.5790549130155066	6.634068653688981	3.041014894317046	154.6635536027069	20.415249346525066
-5	20	-3.7543306564497576	0	110.4493378007884	2.8391380990889026	-0.0000000000000008881784197001252	0	0	263.1788187611562	0
-5	10	-3.7543306564497576	0	110.4493378007884	2.8391380990889026	-0.0000000000000008881784197001252	0	0	263.1788187611562	0
-60	40	-3.7543306564497576	28.82785461473731	115.60361273678349	1.546099010671016	0.5831749097952457	2.653767216157632	19.452249401767766	21.541774193074936	7.726015477881836
-5	5	-3.7543306564497576	0	110.4493378007884	2.8391380990889026	-0.0000000000000008881784197001252	0	0	263.1788187611562	0
-5	2	-3.7543306564497576	0	110.4493378007884	2.8391380990889026	-0.0000000000000008881784197001252	0	0	263.1788187611562	0
-5	0	-3.7543306564497576	0	110.4493378007884	2.8391380990889026	-0.0000000000000008881784197001252	0	0	263.1788187611562	0
-5	-2	-3.7543306564497576	0	110.4493378007884	2.8391380990889026	-0.0000000000000008881784197001252	0	0	263.1788187611562	0
-5	-5	-3.7543306564497576	0	110.4493378007884	2.8391380990889026	-0.0000000000000008881784197001252	0	0	263.1788187611562	0
-5	-10	-3.7543306564497576	0	110.4493378007884	2.8391380990889026	-0.0000000000000008881784197001252	0	0	263.1788187611562	0
-5	-20	-3.7543306564497576	0	110.4493378007884	2.8391380990889026	-0.0000000000000008881784197001252	0	0	263.1788187611562	0
-60	-2	-3.7543306564497576	4.666177901707199	110.350548266982	0.23019801548592328	0.3726710767069491	1.7797074570618614	261.69991663997985	21.541774193074936	-0.9689020334695513
-10	20	-3.7543306564497576	0.04820676214314937	119.79490693581049	0.3583776675871835	0.06873335100817948	0.05665550714600574	0.020364119767777338	203.07703078002987	0.01643839426317662
-30	20	-3.7543306564497576	3.9185443528065873	118.74659930717837	0.7352251198164195	0.43666382102249696	2.032300802015385	8.03638116101202	85.522965133938	1.639486514606839
-10	10	-3.7543306564497576	0	110.4493378007884	2.8391380990889026	-0.0000000000000008881784197001252	0	0	203.07703078002987	0
-10	5	-3.7543306564497576	0	110.4493378007884	2.8391380990889026	-0.0000000000000008881784197001252	0	0	203.07703078002987	0
-10	2	-3.7543306564497576	0	110.4493378007884	2.8391380990889026	-0.0000000000000008881784197001252	0	0	203.07703078002987	0
-10	0	-3.7543306564497576	0	110.4493378007884	2.8391380990889026	-0.0000000000000008881784197001252	0	0	203.07703078002987	0
-10	-2	-3.7543306564497576	0	110.4493378007884	2.8391380990889026	-0.0000000000000008881784197001252	0	0	203.07703078002987	0
-10	-5	-3.7543306564497576	0	110.4493378007884	2.8391380990889026	-0.0000000000000008881784197001252	0	0	203.07703078002987	0
-10	-10	-3.7543306564497576	0	110.4493378007884	2.8391380990889026	-0.0000000000000008881784197001252	0	0	203.07703078002987	0
-10	-20	-3.7543306564497576	0	110.4493378007884	2.8391380990889026	-0.0000000000000008881784197001252	0	0	203.07703078002987	0
-15	20	-3.7543306564497576	0.32655245709765807	119.56796718588281	0.48412358871965344	0.15827104307232936	0.3023365692576437	0.2994604214336002	154.6635536027069	0.13932815052463762
-60	-5	-3.7543306564497576	4.4601826157543405	108.3445749023636	0.3196955050343855	0.42402885157911546	1.3478727548521725	92.59066908065421	21.541774193074936	-0.9249170111949684
-60	0	-3.7543306564497576	5.763635032557416	112.58000000000007	0.22448489656404072	0.3855622881152174	2.58850638321244	346.5484919801912	21.541774193074936	-1.2775920555935705
-15	10	-3.7543306564497576	0	110.4493378007884	2.8391380990889026	-0.0000000000000008881784197001252	0	0	154.6635536027069	0
-15	5	-3.7543306564497576	0	110.4493378007884	2.8391380990889026	-0.0000000000000008881784197001252	0	0	154.6635536027069	0
-15	2	-3.7543306564497576	0	110.4493378007884	2.8391380990889026	-0.0000000000000008881784197001252	0	0	154.6635536027069	0
-15	0	-3.7543306564497576	0	110.4493378007884	2.8391380990889026	-0.0000000000000008881784197001252	0	0	154.6635536027069	0
-15	-2	-3.7543306564497576	0	110.4493378007884	2.8391380990889026	-0.0000000000000008881784197001252	0	0	154.6635536027069	0
-15	-5	-3.7543306564497576	0	110.4493378007884	2.8391380990889026	-0.0000000000000008881784197001252	0	0	154.6635536027069	0
-15	-10	-3.7543306564497576	0	110.4493378007884	2.8391380990889026	-0.0000000000000008881784197001252	0	0	154.6635536027069	0
-15	-20	-3.7543306564497576	0	110.4493378007884	2.8391380990889026	-0.0000000000000008881784197001252	0	0	154.6635536027069	0
-60	-10	-3.7543306564497576	5.590737563409127	107.5919270318227	0.49108006457081865	0.4697267631061416	1.3547881634192573	42.74435565307308	21.541774193074936	-0.9015359366690086
60	40	-5.2560629190296595	18.263357074378554	116.82537645097212	2.086403780374706	0.6213720303444787	5.757951875307536	30.69866715528287	25.991817785431305	28.880318716463016
60	-40	-5.2560629190296595	23.932193408949033	105.44239383010888	4.880296218475765	0.5834224016199872	4.451566888393602	22.485165146182222	25.991817785431305	70.49004353463334
-30	10	-3.7543306564497576	0	110.4493378007884	2.8391380990889026	-0.0000000000000008881784197001252	0	0	85.522965133938	0
-30	5	-3.7543306564497576	0	110.4493378007884	2.8391380990889026	-0.0000000000000008881784197001252	0	0	85.522965133938	0
-30	2	-3.7543306564497576	0	110.4493378007884	2.8391380990889026	-0.0000000000000008881784197001252	0	0	85.522965133938	0
-30	0	-3.7543306564497576	0	110.4493378007884	2.8391380990889026	-0.0000000000000008881784197001252	0	0	85.522965133938	0
-30	-2	-3.7543306564497576	0	110.4493378007884	2.8391380990889026	-0.0000000000000008881784197001252	0	0	85.522965133938	0
-30	-5	-3.7543306564497576	0	110.4493378007884	2.8391380990889026	-0.0000000000000008881784197001252	0	0	85.522965133938	0
-30	-10	-3.7543306564497576	0	110.4493378007884	2.8391380990889026	-0.0000000000000008881784197001252	0	0	85.522965133938	0
-30	-20	-3.7543306564497576	0.0006751091993908278	105.2391431884578	0.043052720316482856	0.024856499664065803	0	0	85.522965133938	0.00001678085158786711
30	40	-5.2560629190296595	8.380492204768638	118.43746830473876	1.6725523071174897	0.5980789327293239	5.784930714119889	4.1701367282375665	108.46950087474609	14.645012818082801
60	-10	-5.2560629190296595	10.051585052154296	104.42398515670142	5.9338295621271815	0.5956231851432767	1.5506540470925607	30.319618488762956	25.991817785431305	35.007053208221485
60	-20	-5.2560629190296595	15.87181653676472	104.74519143432555	5.491663776047018	0.594676479417581	1.2150967459387527	10.59414045229195	25.991817785431305	51.75540386228407
60	-2	-5.2560629190296595	4.517425511926882	104.1832939570286	6.47868914566487	0.6262544719873405	0.8990788230757625	19.6312327376495	25.991817785431305	17.083533850279164
60	2	-5.2560629190296595	2.057750792858742	103.95167272102414	6.795722222807668	0.6635972792515138	0.598018455402611	12.386284981109865	25.991817785431305	8.174524523966866
60	-5	-5.2560629190296595	6.521758743904604	104.2948668722039	6.266607973988998	0.6109401173673449	1.1088746992490681	23.974625838285252	25.991817785431305	23.88524780284948
60	0	-5.2560629190296595	3.246886815278913	104.08444811810926	6.630454618750755	0.6415446359888027	0.7629466801330549	16.358459411235575	25.991817785431305	12.568118519250492
60	5	-5.2560629190296595	0.5517080130071859	103.58707922973107	7.091371580189136	0.7167535075195783	0.28577830819115296	4.966985037675507	25.991817785431305	2.2986431815265163
60	20	-5.2560629190296595	0.5108242302329369	118.79106604448222	3.0301814108256737	0.8565533902697307	0.4350437256339303	4.185940083052071	25.991817785431305	1.1528729226284733
30	-40	-5.2560629190296595	11.796248340360625	103.97960981769845	5.515054122750931	0.5737568213058739	2.9184553647933025	1.773438000183937	108.46950087474609	59.72505867303905
15	-40	-5.2560629190296595	7.772169230160392	103.36415574967636	5.573643809904675	0.5489079206969745	3.5549117746216927	1.263425232989548	222.31097728988945	42.94740863589632
15	40	-5.2560629190296595	7.044802486840786	118.69790552766383	1.506546961478253	0.5793744670932078	5.239615197695695	1.5436785319850184	222.31097728988945	11.308075772634048
60	10	-5.2560629190296595	0	110.4493378007884	2.8391380990889026	-0.0000000000000008881784197001252	0	0	25.991817785431305	0
30	-20	-5.2560629190296595	0.1066304718257993	102.41828492779977	6.857215318756594	0.33543798105482797	0.16714198027486066	0.03703728495809681	108.46950087474609	0.6511114288392836
10	40	-5.2560629190296595	7.019791376168888	118.70887828529804	1.4581627227192244	0.5746281166806244	5.07042030140165	1.2469606963568762	306.7059016969317	10.780947017054974
30	20	-5.2560629190296595	0	110.4493378007884	2.8391380990889026	-0.0000000000000008881784197001252	0	0	108.46950087474609	0
30	10	-5.2560629190296595	0	110.4493378007884	2.8391380990889026	-0.0000000000000008881784197001252	0	0	108.46950087474609	0
30	5	-5.2560629190296595	0	110.4493378007884	2.8391380990889026	-0.0000000000000008881784197001252	0	0	108.46950087474609	0
30	2	-5.2560629190296595	0	110.4493378007884	2.8391380990889026	-0.0000000000000008881784197001252	0	0	108.46950087474609	0
30	0	-5.2560629190296595	0	110.4493378007884	2.8391380990889026	-0.0000000000000008881784197001252	0	0	108.46950087474609	0
30	-2	-5.2560629190296595	0	110.4493378007884	2.8391380990889026	-0.0000000000000008881784197001252	0	0	108.46950087474609	0
30	-5	-5.2560629190296595	0	110.4493378007884	2.8391380990889026	-0.0000000000000008881784197001252	0	0	108.46950087474609	0
30	-10	-5.2560629190296595	0	110.4493378007884	2.8391380990889026	-0.0000000000000008881784197001252	0	0	108.46950087474609	0
5	40	-5.2560629190296595	7.18725407196071	118.6843627420945	1.4159789803932081	0.5712393464524212	4.919538180407352	1.1483028314286636	313.75400038458673	10.49610443824181
10	-40	-5.2560629190296595	6.555482470154219	103.18593785650243	5.5709224383625795	0.5355752526226997	3.9933362653878453	1.1611184261297658	306.7059016969317	36.57493304048016
15	20	-5.2560629190296595	0	110.4493378007884	2.8391380990889026	-0.0000000000000008881784197001252	0	0	222.31097728988945	0
15	10	-5.2560629190296595	0	110.4493378007884	2.8391380990889026	-0.0000000000000008881784197001252	0	0	222.31097728988945	0
15	5	-5.2560629190296595	0	110.4493378007884	2.8391380990889026	-0.0000000000000008881784197001252	0	0	222.31097728988945	0
15	2	-5.2560629190296595	0	110.4493378007884	2.8391380990889026	-0.0000000000000008881784197001252	0	0	222.31097728988945	0
5	-40	-5.2560629190296595	5.43602499373055	103.02780340254431	5.5491080620828805	0.5184813733936519	4.3719093530293485	1.138566050122172	313.75400038458673	30.295949361161956
15	0	-5.2560629190296595	0	110.4493378007884	2.8391380990889026	-0.0000000000000008881784197001252	0	0	222.31097728988945	0
15	-2	-5.2560629190296595	0	110.4493378007884	2.8391380990889026	-0.0000000000000008881784197001252	0	0	222.31097728988945	0
15	-5	-5.2560629190296595	0	110.4493378007884	2.8391380990889026	-0.0000000000000008881784197001252	0	0	222.31097728988945	0
15	-10	-5.2560629190296595	0	110.4493378007884	2.8391380990889026	-0.0000000000000008881784197001252	0	0	222.31097728988945	0
15	-20	-5.2560629190296595	0	110.4493378007884	2.8391380990889026	-0.0000000000000008881784197001252	0	0	222.31097728988945	0
10	20	-5.2560629190296595	0	110.4493378007884	2.8391380990889026	-0.0000000000000008881784197001252	0	0	306.7059016969317	0
10	10	-5.2560629190296595	0	110.4493378007884	2.8391380990889026	-0.0000000000000008881784197001252	0	0	306.7059016969317	0
2	40	-5.2560629190296595	7.377024189423	118.65341581859623	1.3942838146384182	0.569893052428054	4.829129974123162	1.1713437120562176	315.16884005788893	10.426121169795836
10	5	-5.2560629190296595	0	110.4493378007884	2.8391380990889026	-0.0000000000000008881784197001252	0	0	306.7059016969317	0
10	2	-5.2560629190296595	0	110.4493378007884	2.8391380990889026	-0.0000000000000008881784197001252	0	0	306.7059016969317	0
10	0	-5.2560629190296595	0	110.4493378007884	2.8391380990889026	-0.0000000000000008881784197001252	0	0	306.7059016969317	0
10	-2	-5.2560629190296595	0	110.4493378007884	2.8391380990889026	-0.0000000000000008881784197001252	0	0	306.7059016969317	0
10	-5	-5.2560629190296595	0	110.4493378007884	2.8391380990889026	-0.0000000000000008881784197001252	0	0	306.7059016969317	0
0	40	-5.2560629190296595	7.539935232159971	118.62629924157585	1.3814691350184292	0.5692706842964941	4.770957998000782	1.2157997842256008	314.65562932839464	10.416187803267015
10	-10	-5.2560629190296595	0	110.4493378007884	2.8391380990889026	-0.0000000000000008881784197001252	0	0	306.7059016969317	0
10	-20	-5.2560629190296595	0	110.4493378007884	2.8391380990889026	-0.0000000000000008881784197001252	0	0	306.7059016969317	0
2	-40	-5.2560629190296595	4.820772228329487	102.94497930752136	5.523183929818981	0.5059012034107424	4.5632912613682555	1.178941048836542	315.16884005788893	26.694905949512055
5	20	-5.2560629190296595	0	110.4493378007884	2.8391380990889026	-0.0000000000000008881784197001252	0	0	313.75400038458673	0
5	10	-5.2560629190296595	0	110.4493378007884	2.8391380990889026	-0.0000000000000008881784197001252	0	0	313.75400038458673	0
5	5	-5.2560629190296595	0	110.4493378007884	2.8391380990889026	-0.0000000000000008881784197001252	0	0	313.75400038458673	0
5	2	-5.2560629190296595	0	110.4493378007884	2.8391380990889026	-0.0000000000000008881784197001252	0	0	313.75400038458673	0
5	0	-5.2560629190296595	0	110.4493378007884	2.8391380990889026	-0.0000000000000008881784197001252	0	0	313.75400038458673	0
5	-2	-5.2560629190296595	0	110.4493378007884	2.8391380990889026	-0.0000000000000008881784197001252	0	0	313.75400038458673	0
0	-40	-5.2560629190296595	4.437104330344623	102.89572795841775	5.49902336534727	0.4963638602735558	4.675484797960739	1.2353724629549623	314.65562932839464	24.399740387048634
-60	-40	-5.2560629190296595	18.606493267863755	105.56279562574481	2.8009771335396243	0.5284213319508954	13.340272401917913	95.48795046549056	21.541774193074936	17.543360468090164
5	-5	-5.2560629190296595	0	110.4493378007884	2.8391380990889026	-0.0000000000000008881784197001252	0	0	313.75400038458673	0
5	-10	-5.2560629190296595	0	110.4493378007884	2.8391380990889026	-0.0000000000000008881784197001252	0	0	313.75400038458673	0
5	-20	-5.2560629190296595	0	110.4493378007884	2.8391380990889026	-0.0000000000000008881784197001252	0	0	313.75400038458673	0
2	20	-5.2560629190296595	0	110.4493378007884	2.8391380990889026	-0.0000000000000008881784197001252	0	0	315.16884005788893	0
2	10	-5.2560629190296595	0	110.4493378007884	2.8391380990889026	-0.0000000000000008881784197001252	0	0	315.16884005788893	0
-2	40	-5.2560629190296595	7.731584059807168	118.59415806065654	1.3700191150610879	0.5688541381324581	4.730717781455092	1.2950698298613963	300.265867373234	10.432472339216279
2	5	-5.2560629190296595	0	110.4493378007884	2.8391380990889026	-0.0000000000000008881784197001252	0	0	315.16884005788893	0
2	2	-5.2560629190296595	0	110.4493378007884	2.8391380990889026	-0.0000000000000008881784197001252	0	0	315.16884005788893	0
2	0	-5.2560629190296595	0	110.4493378007884	2.8391380990889026	-0.0000000000000008881784197001252	0	0	315.16884005788893	0
2	-2	-5.2560629190296595	0	110.4493378007884	2.8391380990889026	-0.0000000000000008881784197001252	0	0	315.16884005788893	0
2	-5	-5.2560629190296595	0	110.4493378007884	2.8391380990889026	-0.0000000000000008881784197001252	0	0	315.16884005788893	0
2	-10	-5.2560629190296595	0	110.4493378007884	2.8391380990889026	-0.0000000000000008881784197001252	0	0	315.16884005788893	0
2	-20	-5.2560629190296595	0	110.4493378007884	2.8391380990889026	-0.0000000000000008881784197001252	0	0	315.16884005788893	0
0	20	-5.2560629190296595	0	110.4493378007884	2.8391380990889026	-0.0000000000000008881784197001252	0	0	314.65562932839464	0
-2	-40	-5.2560629190296595	4.076186417134603	102.85186017486139	5.468322715433814	0.48580767686790444	4.773797407636614	1.3135111522882064	300.265867373234	22.207214898675048
0	10	-5.2560629190296595	0	110.4493378007884	2.8391380990889026	-0.0000000000000008881784197001252	0	0	314.65562932839464	0
0	5	-5.2560629190296595	0	110.4493378007884	2.8391380990889026	-0.0000000000000008881784197001252	0	0	314.65562932839464	0
0	2	-5.2560629190296595	0	110.4493378007884	2.8391380990889026	-0.0000000000000008881784197001252	0	0	314.65562932839464	0
-5	40	-5.2560629190296595	8.072325884798316	118.53683579619464	1.3554354338229369	0.5685796351735101	4.664077979698403	1.454047239124479	263.1788187611562	10.499856812739342
0	0	-5.2560629190296595	0	110.4493378007884	2.8391380990889026	-0.0000000000000008881784197001252	0	0	314.65562932839464	0
0	-2	-5.2560629190296595	0	110.4493378007884	2.8391380990889026	-0.0000000000000008881784197001252	0	0	314.65562932839464	0
0	-5	-5.2560629190296595	0	110.4493378007884	2.8391380990889026	-0.0000000000000008881784197001252	0	0	314.65562932839464	0
0	-10	-5.2560629190296595	0	110.4493378007884	2.8391380990889026	-0.0000000000000008881784197001252	0	0	314.65562932839464	0
-60	20	-5.2560629190296595	14.479081268794607	117.00471483881415	1.0190370879583042	0.5475911042076378	1.9271067997097353	45.52854939778757	21.541774193074936	0.5109774468718248
0	-20	-5.2560629190296595	0	110.4493378007884	2.8391380990889026	-0.0000000000000008881784197001252	0	0	314.65562932839464	0
-10	40	-5.2560629190296595	8.780321790885331	118.41818130144637	1.337953257868749	0.5688991067893592	4.548507860940406	1.8418964620169673	203.07703078002987	10.701793787588004
-15	-40	-5.2560629190296595	2.443330027950252	102.7207706663449	5.113218770387469	0.4111205896108605	4.327557545220229	1.7869023805454884	154.6635536027069	11.807598155303111
-2	20	-5.2560629190296595	0	110.4493378007884	2.8391380990889026	-0.0000000000000008881784197001252	0	0	300.265867373234	0
-30	-40	-5.2560629190296595	3.3424653141526766	103.59906766251483	3.641042730329941	0.40995481823078034	26.629474918457326	22.831452223194596	85.522965133938	9.854450408393078
-5	-40	-5.2560629190296595	3.580357535783109	102.79747027439333	5.407921405358006	0.467924179165323	4.8897778582084435	1.4830517046758873	263.1788187611562	19.142597647983067
-2	10	-5.2560629190296595	0	110.4493378007884	2.8391380990889026	-0.0000000000000008881784197001252	0	0	300.265867373234	0
-2	5	-5.2560629190296595	0	110.4493378007884	2.8391380990889026	-0.0000000000000008881784197001252	0	0	300.265867373234	0
-2	2	-5.2560629190296595	0	110.4493378007884	2.8391380990889026	-0.0000000000000008881784197001252	0	0	300.265867373234	0
-2	0	-5.2560629190296595	0	110.4493378007884	2.8391380990889026	-0.0000000000000008881784197001252	0	0	300.265867373234	0
-2	-2	-5.2560629190296595	0	110.4493378007884	2.8391380990889026	-0.0000000000000008881784197001252	0	0	300.265867373234	0
-10	-40	-5.2560629190296595	2.8914906466523282	102.74144928069853	5.2656013817472465	0.434006196726773	4.630280840176434	1.7117120777538122	203.07703078002987	14.776213127953735
-15	40	-5.2560629190296595	9.660874501113703	118.272498607135	1.3285381134314729	0.5699268821504635	4.4334338351400655	2.387788603091274	154.6635536027069	10.972447803314429
-2	-5	-5.2560629190296595	0	110.4493378007884	2.8391380990889026	-0.0000000000000008881784197001252	0	0	300.265867373234	0
-30	40	-5.2560629190296595	13.316610376469182	117.69349534572133	1.3403369511062702	0.5747997452140994	3.992897285445836	5.094796032200876	85.522965133938	11.630274427538149
-2	-10	-5.2560629190296595	0	110.4493378007884	2.8391380990889026	-0.0000000000000008881784197001252	0	0	300.265867373234	0
-2	-20	-5.2560629190296595	0	110.4493378007884	2.8391380990889026	-0.0000000000000008881784197001252	0	0	300.265867373234	0
-5	20	-5.2560629190296595	0	110.4493378007884	2.8391380990889026	-0.0000000000000008881784197001252	0	0	263.1788187611562	0
60	40	-6.757795181609561	13.82929883087319	117.43963249840434	2.0089566646387738	0.6267335358748474	4.656089792861002	23.676679787609118	25.991817785431305	21.397320326011457
-5	10	-5.2560629190296595	0	110.4493378007884	2.8391380990889026	-0.0000000000000008881784197001252	0	0	263.1788187611562	0
-5	5	-5.2560629190296595	0	110.4493378007884	2.8391380990889026	-0.0000000000000008881784197001252	0	0	263.1788187611562	0
-5	2	-5.2560629190296595	0	110.4493378007884	2.8391380990889026	-0.0000000000000008881784197001252	0	0	263.1788187611562	0
-5	0	-5.2560629190296595	0	110.4493378007884	2.8391380990889026	-0.0000000000000008881784197001252	0	0	263.1788187611562	0
-5	-2	-5.2560629190296595	0	110.4493378007884	2.8391380990889026	-0.0000000000000008881784197001252	0	0	263.1788187611562	0
-5	-5	-5.2560629190296595	0	110.4493378007884	2.8391380990889026	-0.0000000000000008881784197001252	0	0	263.1788187611562	0
-5	-10	-5.2560629190296595	0	110.4493378007884	2.8391380990889026	-0.0000000000000008881784197001252	0	0	263.1788187611562	0
-60	40	-5.2560629190296595	24.985900027335994	116.06772907135795	1.4801575542843062	0.5832063639390638	2.2802293734699215	16.765547662968885	21.541774193074936	5.871867662248897
-5	-20	-5.2560629190296595	0	110.4493378007884	2.8391380990889026	-0.0000000000000008881784197001252	0	0	263.1788187611562	0
-10	20	-5.2560629190296595	0	110.4493378007884	2.8391380990889026	-0.0000000000000008881784197001252	0	0	203.07703078002987	0
-10	10	-5.2560629190296595	0	110.4493378007884	2.8391380990889026	-0.0000000000000008881784197001252	0	0	203.07703078002987	0
-10	5	-5.2560629190296595	0	110.4493378007884	2.8391380990889026	-0.0000000000000008881784197001252	0	0	203.07703078002987	0
-10	2	-5.2560629190296595	0	110.4493378007884	2.8391380990889026	-0.0000000000000008881784197001252	0	0	203.07703078002987	0
-10	0	-5.2560629190296595	0	110.4493378007884	2.8391380990889026	-0.0000000000000008881784197001252	0	0	203.07703078002987	0
-10	-2	-5.2560629190296595	0	110.4493378007884	2.8391380990889026	-0.0000000000000008881784197001252	0	0	203.07703078002987	0
-10	-5	-5.2560629190296595	0	110.4493378007884	2.8391380990889026	-0.0000000000000008881784197001252	0	0	203.07703078002987	0
-10	-10	-5.2560629190296595	0	110.4493378007884	2.8391380990889026	-0.0000000000000008881784197001252	0	0	203.07703078002987	0
-10	-20	-5.2560629190296595	0	110.4493378007884	2.8391380990889026	-0.0000000000000008881784197001252	0	0	203.07703078002987	0
-15	20	-5.2560629190296595	0	110.4493378007884	2.8391380990889026	-0.0000000000000008881784197001252	0	0	154.6635536027069	0
-60	10	-5.2560629190296595	5.556656953600754	117.55370039535202	0.48478875943006783	0.47277502643582264	1.2337639862197538	41.19039447188718	21.541774193074936	-0.9281884420435471
-15	10	-5.2560629190296595	0	110.4493378007884	2.8391380990889026	-0.0000000000000008881784197001252	0	0	154.6635536027069	0
-15	5	-5.2560629190296595	0	110.4493378007884	2.8391380990889026	-0.0000000000000008881784197001252	0	0	154.6635536027069	0
-15	2	-5.2560629190296595	0	110.4493378007884	2.8391380990889026	-0.0000000000000008881784197001252	0	0	154.6635536027069	0
-15	0	-5.2560629190296595	0	110.4493378007884	2.8391380990889026	-0.0000000000000008881784197001252	0	0	154.6635536027069	0
-15	-2	-5.2560629190296595	0	110.4493378007884	2.8391380990889026	-0.0000000000000008881784197001252	0	0	154.6635536027069	0
-15	-5	-5.2560629190296595	0	110.4493378007884	2.8391380990889026	-0.0000000000000008881784197001252	0	0	154.6635536027069	0
-15	-10	-5.2560629190296595	0	110.4493378007884	2.8391380990889026	-0.0000000000000008881784197001252	0	0	154.6635536027069	0
-15	-20	-5.2560629190296595	0	110.4493378007884	2.8391380990889026	-0.0000000000000008881784197001252	0	0	154.6635536027069	0
-60	5	-5.2560629190296595	1.284596833914209	118.07292125785884	0.1926592102951308	0.3280316926171898	0.5417011746264574	18.711094936207054	21.541774193074936	-0.24118841735296367
60	-40	-6.757795181609561	19.958310813126836	105.07689295010707	5.144809297877025	0.5861071893078289	3.041205501782899	13.86680756226905	25.991817785431305	61.47136507391263
-30	20	-5.2560629190296595	0.040316145034917955	119.7488256075301	0.1682811955672248	0.09715719356029072	0	0	85.522965133938	0.003917003506762191
-30	10	-5.2560629190296595	0	110.4493378007884	2.8391380990889026	-0.0000000000000008881784197001252	0	0	85.522965133938	0
-60	-20	-5.2560629190296595	3.8330768455755293	106.56054939063978	0.580212639180606	0.4823594350949422	0.9238817408455477	9.246101431148327	21.541774193074936	-0.4892125503399976
-30	5	-5.2560629190296595	0	110.4493378007884	2.8391380990889026	-0.0000000000000008881784197001252	0	0	85.522965133938	0
-30	2	-5.2560629190296595	0	110.4493378007884	2.8391380990889026	-0.0000000000000008881784197001252	0	0	85.522965133938	0
-30	0	-5.2560629190296595	0	110.4493378007884	2.8391380990889026	-0.0000000000000008881784197001252	0	0	85.522965133938	0
-30	-2	-5.2560629190296595	0	110.4493378007884	2.8391380990889026	-0.0000000000000008881784197001252	0	0	85.522965133938	0
60	-20	-6.757795181609561	11.593196703101677	104.1899590551626	5.707438834644136	0.5889150633459816	1.4798605256644701	16.762321764016693	25.991817785431305	38.996439458384636
-30	-5	-5.2560629190296595	0	110.4493378007884	2.8391380990889026	-0.0000000000000008881784197001252	0	0	85.522965133938	0
-30	-10	-5.2560629190296595	0	110.4493378007884	2.8391380990889026	-0.0000000000000008881784197001252	0	0	85.522965133938	0
-30	-20	-5.2560629190296595	0	110.4493378007884	2.8391380990889026	-0.0000000000000008881784197001252	0	0	85.522965133938	0
-60	-10	-5.2560629190296595	0.9375284995911296	106.27412718298908	0.22276961142763746	0.3621765116637042	0.36962050126966955	3.8359276427250526	21.541774193074936	-0.18963319025445713
60	-10	-6.757795181609561	4.8695553155038604	103.80837668560126	6.382941160578977	0.6073472223253258	0.9695437669747299	11.494092183302156	25.991817785431305	18.10232209541559
-60	-5	-5.2560629190296595	0.10924242387925467	106.01365538244728	0.08421854016381779	0.14587079050301177	0.025025367436787096	0.757155753845726	21.541774193074936	-0.009200237463067742
-60	-2	-5.2560629190296595	0.00003532433804737551	105.28555029341057	0.004256107788373411	0.007371794931951497	0	0	21.541774193074936	-0.00000015034419028254384
60	-5	-6.757795181609561	2.0759703831389964	103.48335985688512	6.7676242987509765	0.63640893357266	0.5774499277879399	5.452473992056802	25.991817785431305	8.168857207403397
-60	2	-5.2560629190296595	0.048220799977792266	118.80911860698366	0.047213487097519505	0.08177615845540095	0.0065097954352118705	1.221002215304752	21.541774193074936	-0.002276672117583544
30	40	-6.757795181609561	3.0073012064719196	119.2778276336576	1.7192053262973213	0.5757773653000103	3.6655857941703482	2.3954052189148927	108.46950087474609	5.343265030688758
-60	0	-5.2560629190296595	0	110.4493378007884	2.8391380990889026	-0.0000000000000008881784197001252	0	0	21.541774193074936	0
60	-2	-6.757795181609561	0.7755808802277047	103.16005648989065	7.032558351718367	0.6701675375535455	0.31651737946578257	2.0832216747137724	25.991817785431305	3.1772921678753705
30	-40	-6.757795181609561	7.371463367405364	103.33426016146774	5.674739594266934	0.5578574317686851	2.9160853145745453	2.300115424714178	108.46950087474609	38.282938423913414
60	0	-6.757795181609561	0.1901680606596379	102.80062007289719	7.235288569503007	0.6999652922927265	0.13239975934875514	0.45380794875360864	25.991817785431305	0.8032379418261777
60	20	-6.757795181609561	0	110.4493378007884	2.8391380990889026	-0.0000000000000008881784197001252	0	0	25.991817785431305	0
60	10	-6.757795181609561	0	110.4493378007884	2.8391380990889026	-0.0000000000000008881784197001252	0	0	25.991817785431305	0
60	5	-6.757795181609561	0	110.4493378007884	2.8391380990889026	-0.0000000000000008881784197001252	0	0	25.991817785431305	0
15	40	-6.757795181609561	1.58658258295404	119.57214916777026	1.5045101939266567	0.48462120584668006	2.9648469752534883	0.7588265202674649	222.31097728988945	2.504697386465214
60	2	-6.757795181609561	0	110.4493378007884	2.8391380990889026	-0.0000000000000008881784197001252	0	0	25.991817785431305	0
15	-40	-6.757795181609561	2.2161482154022054	102.64708734394746	5.884965372552847	0.44319511107721815	4.09905977152685	1.0273706086004746	222.31097728988945	12.85177010730977
30	20	-6.757795181609561	0	110.4493378007884	2.8391380990889026	-0.0000000000000008881784197001252	0	0	108.46950087474609	0
30	10	-6.757795181609561	0	110.4493378007884	2.8391380990889026	-0.0000000000000008881784197001252	0	0	108.46950087474609	0
30	5	-6.757795181609561	0	110.4493378007884	2.8391380990889026	-0.0000000000000008881784197001252	0	0	108.46950087474609	0
10	40	-6.757795181609561	1.5276808741188235	119.58793474571111	1.3833900168657345	0.45935399865627924	2.9224228151028786	0.7419947414553695	306.7059016969317	2.203128471853968
30	2	-6.757795181609561	0	110.4493378007884	2.8391380990889026	-0.0000000000000008881784197001252	0	0	108.46950087474609	0
30	0	-6.757795181609561	0	110.4493378007884	2.8391380990889026	-0.0000000000000008881784197001252	0	0	108.46950087474609	0
30	-2	-6.757795181609561	0	110.4493378007884	2.8391380990889026	-0.0000000000000008881784197001252	0	0	108.46950087474609	0
30	-5	-6.757795181609561	0	110.4493378007884	2.8391380990889026	-0.0000000000000008881784197001252	0	0	108.46950087474609	0
30	-10	-6.757795181609561	0	110.4493378007884	2.8391380990889026	-0.0000000000000008881784197001252	0	0	108.46950087474609	0
30	-20	-6.757795181609561	0	110.4493378007884	2.8391380990889026	-0.0000000000000008881784197001252	0	0	108.46950087474609	0
15	20	-6.757795181609561	0	110.4493378007884	2.8391380990889026	-0.0000000000000008881784197001252	0	0	222.31097728988945	0
15	10	-6.757795181609561	0	110.4493378007884	2.8391380990889026	-0.0000000000000008881784197001252	0	0	222.31097728988945	0
15	5	-6.757795181609561	0	110.4493378007884	2.8391380990889026	-0.0000000000000008881784197001252	0	0	222.31097728988945	0
15	2	-6.757795181609561	0	110.4493378007884	2.8391380990889026	-0.0000000000000008881784197001252	0	0	222.31097728988945	0
15	0	-6.757795181609561	0	110.4493378007884	2.8391380990889026	-0.0000000000000008881784197001252	0	0	222.31097728988945	0
15	-2	-6.757795181609561	0	110.4493378007884	2.8391380990889026	-0.0000000000000008881784197001252	0	0	222.31097728988945	0
10	-40	-6.757795181609561	0.9516402544791316	102.49191957643289	5.858091491047679	0.3133292511854051	3.3829832977152843	0.3759197289705582	306.7059016969317	5.541879849964449
2	40	-6.757795181609561	1.8513854100285385	119.53880900330329	1.2120954774508095	0.46303651819733527	2.997124211263783	0.9630109788028615	315.16884005788893	2.272606773834523
5	40	-6.757795181609561	1.667296585764549	119.56721528982031	1.2682935140749445	0.4546205947903442	2.980787348422461	0.8861539747517999	313.75400038458673	2.172637624576229
15	-5	-6.757795181609561	0	110.4493378007884	2.8391380990889026	-0.0000000000000008881784197001252	0	0	222.31097728988945	0
15	-10	-6.757795181609561	0	110.4493378007884	2.8391380990889026	-0.0000000000000008881784197001252	0	0	222.31097728988945	0
15	-20	-6.757795181609561	0	110.4493378007884	2.8391380990889026	-0.0000000000000008881784197001252	0	0	222.31097728988945	0
10	20	-6.757795181609561	0	110.4493378007884	2.8391380990889026	-0.0000000000000008881784197001252	0	0	306.7059016969317	0
10	10	-6.757795181609561	0	110.4493378007884	2.8391380990889026	-0.0000000000000008881784197001252	0	0	306.7059016969317	0
10	5	-6.757795181609561	0	110.4493378007884	2.8391380990889026	-0.0000000000000008881784197001252	0	0	306.7059016969317	0
10	2	-6.757795181609561	0	110.4493378007884	2.8391380990889026	-0.0000000000000008881784197001252	0	0	306.7059016969317	0
10	0	-6.757795181609561	0	110.4493378007884	2.8391380990889026	-0.0000000000000008881784197001252	0	0	306.7059016969317	0
10	-2	-6.757795181609561	0	110.4493378007884	2.8391380990889026	-0.0000000000000008881784197001252	0	0	306.7059016969317	0
10	-5	-6.757795181609561	0	110.4493378007884	2.8391380990889026	-0.0000000000000008881784197001252	0	0	306.7059016969317	0
10	-10	-6.757795181609561	0	110.4493378007884	2.8391380990889026	-0.0000000000000008881784197001252	0	0	306.7059016969317	0
5	-40	-6.757795181609561	0.2681591254769464	102.37106899762011	5.665885448484235	0.16373220190959553	1.520023414121322	0.06111202565170522	313.75400038458673	1.5174039524463525
10	-20	-6.757795181609561	0	110.4493378007884	2.8391380990889026	-0.0000000000000008881784197001252	0	0	306.7059016969317	0
5	20	-6.757795181609561	0	110.4493378007884	2.8391380990889026	-0.0000000000000008881784197001252	0	0	313.75400038458673	0
5	10	-6.757795181609561	0	110.4493378007884	2.8391380990889026	-0.0000000000000008881784197001252	0	0	313.75400038458673	0
5	5	-6.757795181609561	0	110.4493378007884	2.8391380990889026	-0.0000000000000008881784197001252	0	0	313.75400038458673	0
5	2	-6.757795181609561	0	110.4493378007884	2.8391380990889026	-0.0000000000000008881784197001252	0	0	313.75400038458673	0
5	0	-6.757795181609561	0	110.4493378007884	2.8391380990889026	-0.0000000000000008881784197001252	0	0	313.75400038458673	0
5	-2	-6.757795181609561	0	110.4493378007884	2.8391380990889026	-0.0000000000000008881784197001252	0	0	313.75400038458673	0
5	-5	-6.757795181609561	0	110.4493378007884	2.8391380990889026	-0.0000000000000008881784197001252	0	0	313.75400038458673	0
5	-10	-6.757795181609561	0	110.4493378007884	2.8391380990889026	-0.0000000000000008881784197001252	0	0	313.75400038458673	0
5	-20	-6.757795181609561	0	110.4493378007884	2.8391380990889026	-0.0000000000000008881784197001252	0	0	313.75400038458673	0
2	20	-6.757795181609561	0	110.4493378007884	2.8391380990889026	-0.0000000000000008881784197001252	0	0	315.16884005788893	0
2	10	-6.757795181609561	0	110.4493378007884	2.8391380990889026	-0.0000000000000008881784197001252	0	0	315.16884005788893	0
0	40	-6.757795181609561	2.013084822574733	119.51243011334019	1.183231840256606	0.47091991213459405	2.9751079807408978	1.0079823462737718	314.65562932839464	2.381946059207744
2	5	-6.757795181609561	0	110.4493378007884	2.8391380990889026	-0.0000000000000008881784197001252	0	0	315.16884005788893	0
2	2	-6.757795181609561	0	110.4493378007884	2.8391380990889026	-0.0000000000000008881784197001252	0	0	315.16884005788893	0
2	0	-6.757795181609561	0	110.4493378007884	2.8391380990889026	-0.0000000000000008881784197001252	0	0	315.16884005788893	0
2	-2	-6.757795181609561	0	110.4493378007884	2.8391380990889026	-0.0000000000000008881784197001252	0	0	315.16884005788893	0
2	-40	-6.757795181609561	0.08877801277616043	102.31031925007103	5.441389292832636	0.08999788282381313	0.7356732365094146	0.01234006257361149	315.16884005788893	0.4830602926349416
2	-5	-6.757795181609561	0	110.4493378007884	2.8391380990889026	-0.0000000000000008881784197001252	0	0	315.16884005788893	0
2	-10	-6.757795181609561	0	110.4493378007884	2.8391380990889026	-0.0000000000000008881784197001252	0	0	315.16884005788893	0
2	-20	-6.757795181609561	0	110.4493378007884	2.8391380990889026	-0.0000000000000008881784197001252	0	0	315.16884005788893	0
-2	40	-6.757795181609561	2.205180954210694	119.48002958201329	1.1612465680418032	0.47959257809676875	2.953158276336583	1.0666097636164162	300.265867373234	2.5222895663661267
-60	-40	-6.757795181609561	11.927175794067171	105.34605404464108	2.4546187716906944	0.5153118101172238	11.146838402797542	73.76139470603127	21.541774193074936	9.315556862985122
0	-40	-6.757795181609561	0.03210282944328284	102.2768798472568	5.1767567421241	0.05179014337760419	0.3782419624955035	0.0031362314530393918	314.65562932839464	0.1661885387617745
0	20	-6.757795181609561	0	110.4493378007884	2.8391380990889026	-0.0000000000000008881784197001252	0	0	314.65562932839464	0
-5	40	-6.757795181609561	2.5500990842395885	119.42039716799425	1.139496809832637	0.49294693147394897	2.9295990003895187	1.1868590351794361	263.1788187611562	2.7852119070360426
0	10	-6.757795181609561	0	110.4493378007884	2.8391380990889026	-0.0000000000000008881784197001252	0	0	314.65562932839464	0
0	5	-6.757795181609561	0	110.4493378007884	2.8391380990889026	-0.0000000000000008881784197001252	0	0	314.65562932839464	0
0	2	-6.757795181609561	0	110.4493378007884	2.8391380990889026	-0.0000000000000008881784197001252	0	0	314.65562932839464	0
0	0	-6.757795181609561	0	110.4493378007884	2.8391380990889026	-0.0000000000000008881784197001252	0	0	314.65562932839464	0
0	-2	-6.757795181609561	0	110.4493378007884	2.8391380990889026	-0.0000000000000008881784197001252	0	0	314.65562932839464	0
0	-5	-6.757795181609561	0	110.4493378007884	2.8391380990889026	-0.0000000000000008881784197001252	0	0	314.65562932839464	0
0	-10	-6.757795181609561	0	110.4493378007884	2.8391380990889026	-0.0000000000000008881784197001252	0	0	314.65562932839464	0
-10	40	-6.757795181609561	3.2761421265718487	119.29277581068277	1.1259130289715178	0.5135832044294327	2.9004879157097765	1.4685977549491622	203.07703078002987	3.3404367192391433
0	-20	-6.757795181609561	0	110.4493378007884	2.8391380990889026	-0.0000000000000008881784197001252	0	0	314.65562932839464	0
-2	-40	-6.757795181609561	0.008073622580528394	102.25449031468348	4.691257930009946	0.029050637146000917	0.12243580844430181	0.0005824562430960913	300.265867373234	0.037844187793127745
-2	20	-6.757795181609561	0	110.4493378007884	2.8391380990889026	-0.0000000000000008881784197001252	0	0	300.265867373234	0
-2	10	-6.757795181609561	0	110.4493378007884	2.8391380990889026	-0.0000000000000008881784197001252	0	0	300.265867373234	0
-2	5	-6.757795181609561	0	110.4493378007884	2.8391380990889026	-0.0000000000000008881784197001252	0	0	300.265867373234	0
-2	2	-6.757795181609561	0	110.4493378007884	2.8391380990889026	-0.0000000000000008881784197001252	0	0	300.265867373234	0
-2	0	-6.757795181609561	0	110.4493378007884	2.8391380990889026	-0.0000000000000008881784197001252	0	0	300.265867373234	0
-2	-2	-6.757795181609561	0	110.4493378007884	2.8391380990889026	-0.0000000000000008881784197001252	0	0	300.265867373234	0
-2	-5	-6.757795181609561	0	110.4493378007884	2.8391380990889026	-0.0000000000000008881784197001252	0	0	300.265867373234	0
-15	40	-6.757795181609561	4.191818818729076	119.13184820707046	1.1307237706253022	0.5305914964657943	2.879657250520951	1.8614421270898867	154.6635536027069	4.002634104481495
-2	-10	-6.757795181609561	0	110.4493378007884	2.8391380990889026	-0.0000000000000008881784197001252	0	0	300.265867373234	0
-2	-20	-6.757795181609561	0	110.4493378007884	2.8391380990889026	-0.0000000000000008881784197001252	0	0	300.265867373234	0
-5	20	-6.757795181609561	0	110.4493378007884	2.8391380990889026	-0.0000000000000008881784197001252	0	0	263.1788187611562	0
-5	10	-6.757795181609561	0	110.4493378007884	2.8391380990889026	-0.0000000000000008881784197001252	0	0	263.1788187611562	0
-30	40	-6.757795181609561	8.098634783283721	118.47024949834284	1.1952648328333786	0.5619766729171498	2.8017782942679936	3.8968517775373663	85.522965133938	6.107515555095969
-5	5	-6.757795181609561	0	110.4493378007884	2.8391380990889026	-0.0000000000000008881784197001252	0	0	263.1788187611562	0
-5	-40	-6.757795181609561	0.0010889537941668292	102.24326294180544	4.1539660322282135	0.019594488834849853	0	0	263.1788187611562	0.0045044041906549745
-5	2	-6.757795181609561	0	110.4493378007884	2.8391380990889026	-0.0000000000000008881784197001252	0	0	263.1788187611562	0
-5	0	-6.757795181609561	0	110.4493378007884	2.8391380990889026	-0.0000000000000008881784197001252	0	0	263.1788187611562	0
-5	-2	-6.757795181609561	0	110.4493378007884	2.8391380990889026	-0.0000000000000008881784197001252	0	0	263.1788187611562	0
-5	-5	-6.757795181609561	0	110.4493378007884	2.8391380990889026	-0.0000000000000008881784197001252	0	0	263.1788187611562	0
-5	-10	-6.757795181609561	0	110.4493378007884	2.8391380990889026	-0.0000000000000008881784197001252	0	0	263.1788187611562	0
-5	-20	-6.757795181609561	0	110.4493378007884	2.8391380990889026	-0.0000000000000008881784197001252	0	0	263.1788187611562	0
-10	20	-6.757795181609561	0	110.4493378007884	2.8391380990889026	-0.0000000000000008881784197001252	0	0	203.07703078002987	0
-10	10	-6.757795181609561	0	110.4493378007884	2.8391380990889026	-0.0000000000000008881784197001252	0	0	203.07703078002987	0
-10	5	-6.757795181609561	0	110.4493378007884	2.8391380990889026	-0.0000000000000008881784197001252	0	0	203.07703078002987	0
-60	20	-6.757795181609561	8.609326616996748	117.80456263564895	0.8197575704850087	0.5260007843487701	1.3370924389910672	26.229391124073494	21.541774193074936	-0.3930265769450009
-60	40	-6.757795181609561	21.352340862594097	116.5261266965157	1.4136538736183066	0.5828538221515789	1.9477098744657872	14.371230721980513	21.541774193074936	4.314469371221665
-10	2	-6.757795181609561	0	110.4493378007884	2.8391380990889026	-0.0000000000000008881784197001252	0	0	203.07703078002987	0
-10	0	-6.757795181609561	0	110.4493378007884	2.8391380990889026	-0.0000000000000008881784197001252	0	0	203.07703078002987	0
-10	-40	-6.757795181609561	0.0002594954359415991	102.23807861722351	4.0173591721389155	0.015403779060450389	0	0	203.07703078002987	0.0010259545510029674
-10	-2	-6.757795181609561	0	110.4493378007884	2.8391380990889026	-0.0000000000000008881784197001252	0	0	203.07703078002987	0
-10	-5	-6.757795181609561	0	110.4493378007884	2.8391380990889026	-0.0000000000000008881784197001252	0	0	203.07703078002987	0
60	40	-8.259527444189462	9.809543600440136	118.023308792931	1.9606025161256417	0.6330647608947285	3.7233707404176237	17.941695762380416	25.991817785431305	14.994391831771688
-10	-10	-6.757795181609561	0	110.4493378007884	2.8391380990889026	-0.0000000000000008881784197001252	0	0	203.07703078002987	0
-10	-20	-6.757795181609561	0	110.4493378007884	2.8391380990889026	-0.0000000000000008881784197001252	0	0	203.07703078002987	0
-15	20	-6.757795181609561	0	110.4493378007884	2.8391380990889026	-0.0000000000000008881784197001252	0	0	154.6635536027069	0
-15	10	-6.757795181609561	0	110.4493378007884	2.8391380990889026	-0.0000000000000008881784197001252	0	0	154.6635536027069	0
-15	5	-6.757795181609561	0	110.4493378007884	2.8391380990889026	-0.0000000000000008881784197001252	0	0	154.6635536027069	0
-15	2	-6.757795181609561	0	110.4493378007884	2.8391380990889026	-0.0000000000000008881784197001252	0	0	154.6635536027069	0
-15	-40	-6.757795181609561	0.0006891676216636754	102.24841426086677	4.022119943507249	0.024683464469570753	0	0	154.6635536027069	0.0026730613456013106
-15	0	-6.757795181609561	0	110.4493378007884	2.8391380990889026	-0.0000000000000008881784197001252	0	0	154.6635536027069	0
-15	-2	-6.757795181609561	0	110.4493378007884	2.8391380990889026	-0.0000000000000008881784197001252	0	0	154.6635536027069	0
-15	-5	-6.757795181609561	0	110.4493378007884	2.8391380990889026	-0.0000000000000008881784197001252	0	0	154.6635536027069	0
-60	10	-6.757795181609561	0.9393468399609542	118.88504267098214	0.22293863319323332	0.36233891621357717	0.37039010787777976	3.8454778809090877	21.541774193074936	-0.1900537153872318
-15	-10	-6.757795181609561	0	110.4493378007884	2.8391380990889026	-0.0000000000000008881784197001252	0	0	154.6635536027069	0
-15	-20	-6.757795181609561	0	110.4493378007884	2.8391380990889026	-0.0000000000000008881784197001252	0	0	154.6635536027069	0
-30	20	-6.757795181609561	0	110.4493378007884	2.8391380990889026	-0.0000000000000008881784197001252	0	0	85.522965133938	0
60	-40	-8.259527444189462	16.636512785086623	104.70522434533838	5.355648661791819	0.5887669772414753	1.978910117678888	7.760139883352793	25.991817785431305	53.03240296015632
-30	-40	-6.757795181609561	0.05991524551478021	102.37116830091482	4.1836905310866435	0.14646829641373812	0.03155798350055402	0.017644814756325896	85.522965133938	0.21269601397060078
-30	10	-6.757795181609561	0	110.4493378007884	2.8391380990889026	-0.0000000000000008881784197001252	0	0	85.522965133938	0
60	-20	-8.259527444189462	6.959515153987557	103.73841045454833	6.072073728448451	0.5902358546372977	1.40898516163421	11.822537108729234	25.991817785431305	24.686765071720643
-30	5	-6.757795181609561	0	110.4493378007884	2.8391380990889026	-0.0000000000000008881784197001252	0	0	85.522965133938	0
-30	2	-6.757795181609561	0	110.4493378007884	2.8391380990889026	-0.0000000000000008881784197001252	0	0	85.522965133938	0
-30	0	-6.757795181609561	0	110.4493378007884	2.8391380990889026	-0.0000000000000008881784197001252	0	0	85.522965133938	0
-30	-2	-6.757795181609561	0	110.4493378007884	2.8391380990889026	-0.0000000000000008881784197001252	0	0	85.522965133938	0
-30	-5	-6.757795181609561	0	110.4493378007884	2.8391380990889026	-0.0000000000000008881784197001252	0	0	85.522965133938	0
-30	-10	-6.757795181609561	0	110.4493378007884	2.8391380990889026	-0.0000000000000008881784197001252	0	0	85.522965133938	0
-30	-20	-6.757795181609561	0	110.4493378007884	2.8391380990889026	-0.0000000000000008881784197001252	0	0	85.522965133938	0
-60	-20	-6.757795181609561	0.9554562132724139	105.90285728035221	0.3038000184764912	0.4169092812534198	0.32360489708938883	1.342780374540723	21.541774193074936	-0.19983750736732395
-60	5	-6.757795181609561	0	110.4493378007884	2.8391380990889026	-0.0000000000000008881784197001252	0	0	21.541774193074936	0
-60	2	-6.757795181609561	0	110.4493378007884	2.8391380990889026	-0.0000000000000008881784197001252	0	0	21.541774193074936	0
60	-10	-8.259527444189462	1.4769531955740853	103.14836727949779	6.837578045474591	0.632877371152288	0.4576143654852605	2.3078991941530207	25.991817785431305	5.85889151927347
-60	0	-6.757795181609561	0	110.4493378007884	2.8391380990889026	-0.0000000000000008881784197001252	0	0	21.541774193074936	0
-60	-10	-6.757795181609561	0.0000015884298538193143	105.19275266066532	0.002596503683714052	0.00449727630223199	0	0	21.541774193074936	-0.000000004124363966762537
-60	-2	-6.757795181609561	0	110.4493378007884	2.8391380990889026	-0.0000000000000008881784197001252	0	0	21.541774193074936	0
-60	-5	-6.757795181609561	0	110.4493378007884	2.8391380990889026	-0.0000000000000008881784197001252	0	0	21.541774193074936	0
30	-40	-8.259527444189462	2.584902122269827	102.75988483738261	6.120344094463888	0.5072148316037708	2.9861457194940164	1.6070261993032886	108.46950087474609	14.356496967660412
60	-5	-8.259527444189462	0.08646480830132773	102.53420562380576	7.286601519055817	0.6937091570777267	0.06651791384463804	0.07289721678232061	25.991817785431305	0.366962743271561
60	20	-8.259527444189462	0	110.4493378007884	2.8391380990889026	-0.0000000000000008881784197001252	0	0	25.991817785431305	0
30	40	-8.259527444189462	0.034985163546614406	119.8974005322327	2.3363819642119843	0.5362310540407506	0.14206638419776654	0.0058761048346186815	108.46950087474609	0.08016786067316391
60	10	-8.259527444189462	0	110.4493378007884	2.8391380990889026	-0.0000000000000008881784197001252	0	0	25.991817785431305	0
60	5	-8.259527444189462	0	110.4493378007884	2.8391380990889026	-0.0000000000000008881784197001252	0	0	25.991817785431305	0
60	2	-8.259527444189462	0	110.4493378007884	2.8391380990889026	-0.0000000000000008881784197001252	0	0	25.991817785431305	0
60	0	-8.259527444189462	0	110.4493378007884	2.8391380990889026	-0.0000000000000008881784197001252	0	0	25.991817785431305	0
60	-2	-8.259527444189462	0	110.4493378007884	2.8391380990889026	-0.0000000000000008881784197001252	0	0	25.991817785431305	0
30	20	-8.259527444189462	0	110.4493378007884	2.8391380990889026	-0.0000000000000008881784197001252	0	0	108.46950087474609	0
30	10	-8.259527444189462	0	110.4493378007884	2.8391380990889026	-0.0000000000000008881784197001252	0	0	108.46950087474609	0
30	5	-8.259527444189462	0	110.4493378007884	2.8391380990889026	-0.0000000000000008881784197001252	0	0	108.46950087474609	0
30	2	-8.259527444189462	0	110.4493378007884	2.8391380990889026	-0.0000000000000008881784197001252	0	0	108.46950087474609	0
30	0	-8.259527444189462	0	110.4493378007884	2.8391380990889026	-0.0000000000000008881784197001252	0	0	108.46950087474609	0
30	-2	-8.259527444189462	0	110.4493378007884	2.8391380990889026	-0.0000000000000008881784197001252	0	0	108.46950087474609	0
30	-5	-8.259527444189462	0	110.4493378007884	2.8391380990889026	-0.0000000000000008881784197001252	0	0	108.46950087474609	0
30	-10	-8.259527444189462	0	110.4493378007884	2.8391380990889026	-0.0000000000000008881784197001252	0	0	108.46950087474609	0
30	-20	-8.259527444189462	0	110.4493378007884	2.8391380990889026	-0.0000000000000008881784197001252	0	0	108.46950087474609	0
15	40	-8.259527444189462	0	110.4493378007884	2.8391380990889026	-0.0000000000000008881784197001252	0	0	222.31097728988945	0
15	20	-8.259527444189462	0	110.4493378007884	2.8391380990889026	-0.0000000000000008881784197001252	0	0	222.31097728988945	0
15	10	-8.259527444189462	0	110.4493378007884	2.8391380990889026	-0.0000000000000008881784197001252	0	0	222.31097728988945	0
15	5	-8.259527444189462	0	110.4493378007884	2.8391380990889026	-0.0000000000000008881784197001252	0	0	222.31097728988945	0
15	2	-8.259527444189462	0	110.4493378007884	2.8391380990889026	-0.0000000000000008881784197001252	0	0	222.31097728988945	0
15	0	-8.259527444189462	0	110.4493378007884	2.8391380990889026	-0.0000000000000008881784197001252	0	0	222.31097728988945	0
15	-2	-8.259527444189462	0	110.4493378007884	2.8391380990889026	-0.0000000000000008881784197001252	0	0	222.31097728988945	0
15	-5	-8.259527444189462	0	110.4493378007884	2.8391380990889026	-0.0000000000000008881784197001252	0	0	222.31097728988945	0
15	-10	-8.259527444189462	0	110.4493378007884	2.8391380990889026	-0.0000000000000008881784197001252	0	0	222.31097728988945	0
15	-20	-8.259527444189462	0	110.4493378007884	2.8391380990889026	-0.0000000000000008881784197001252	0	0	222.31097728988945	0
15	-40	-8.259527444189462	0	110.4493378007884	2.8391380990889026	-0.0000000000000008881784197001252	0	0	222.31097728988945	0
10	40	-8.259527444189462	0	110.4493378007884	2.8391380990889026	-0.0000000000000008881784197001252	0	0	306.7059016969317	0
10	20	-8.259527444189462	0	110.4493378007884	2.8391380990889026	-0.0000000000000008881784197001252	0	0	306.7059016969317	0
10	10	-8.259527444189462	0	110.4493378007884	2.8391380990889026	-0.0000000000000008881784197001252	0	0	306.7059016969317	0
10	5	-8.259527444189462	0	110.4493378007884	2.8391380990889026	-0.0000000000000008881784197001252	0	0	306.7059016969317	0
10	2	-8.259527444189462	0	110.4493378007884	2.8391380990889026	-0.0000000000000008881784197001252	0	0	306.7059016969317	0
10	0	-8.259527444189462	0	110.4493378007884	2.8391380990889026	-0.0000000000000008881784197001252	0	0	306.7059016969317	0
10	-2	-8.259527444189462	0	110.4493378007884	2.8391380990889026	-0.0000000000000008881784197001252	0	0	306.7059016969317	0
10	-5	-8.259527444189462	0	110.4493378007884	2.8391380990889026	-0.0000000000000008881784197001252	0	0	306.7059016969317	0
10	-10	-8.259527444189462	0	110.4493378007884	2.8391380990889026	-0.0000000000000008881784197001252	0	0	306.7059016969317	0
10	-20	-8.259527444189462	0	110.4493378007884	2.8391380990889026	-0.0000000000000008881784197001252	0	0	306.7059016969317	0
10	-40	-8.259527444189462	0	110.4493378007884	2.8391380990889026	-0.0000000000000008881784197001252	0	0	306.7059016969317	0
5	40	-8.259527444189462	0	110.4493378007884	2.8391380990889026	-0.0000000000000008881784197001252	0	0	313.75400038458673	0
5	20	-8.259527444189462	0	110.4493378007884	2.8391380990889026	-0.0000000000000008881784197001252	0	0	313.75400038458673	0
5	10	-8.259527444189462	0	110.4493378007884	2.8391380990889026	-0.0000000000000008881784197001252	0	0	313.75400038458673	0
5	5	-8.259527444189462	0	110.4493378007884	2.8391380990889026	-0.0000000000000008881784197001252	0	0	313.75400038458673	0
5	2	-8.259527444189462	0	110.4493378007884	2.8391380990889026	-0.0000000000000008881784197001252	0	0	313.75400038458673	0
5	0	-8.259527444189462	0	110.4493378007884	2.8391380990889026	-0.0000000000000008881784197001252	0	0	313.75400038458673	0
5	-2	-8.259527444189462	0	110.4493378007884	2.8391380990889026	-0.0000000000000008881784197001252	0	0	313.75400038458673	0
5	-5	-8.259527444189462	0	110.4493378007884	2.8391380990889026	-0.0000000000000008881784197001252	0	0	313.75400038458673	0
5	-10	-8.259527444189462	0	110.4493378007884	2.8391380990889026	-0.0000000000000008881784197001252	0	0	313.75400038458673	0
5	-20	-8.259527444189462	0	110.4493378007884	2.8391380990889026	-0.0000000000000008881784197001252	0	0	313.75400038458673	0
5	-40	-8.259527444189462	0	110.4493378007884	2.8391380990889026	-0.0000000000000008881784197001252	0	0	313.75400038458673	0
2	40	-8.259527444189462	0	110.4493378007884	2.8391380990889026	-0.0000000000000008881784197001252	0	0	315.16884005788893	0
2	20	-8.259527444189462	0	110.4493378007884	2.8391380990889026	-0.0000000000000008881784197001252	0	0	315.16884005788893	0
2	10	-8.259527444189462	0	110.4493378007884	2.8391380990889026	-0.0000000000000008881784197001252	0	0	315.16884005788893	0
2	5	-8.259527444189462	0	110.4493378007884	2.8391380990889026	-0.0000000000000008881784197001252	0	0	315.16884005788893	0
2	2	-8.259527444189462	0	110.4493378007884	2.8391380990889026	-0.0000000000000008881784197001252	0	0	315.16884005788893	0
2	0	-8.259527444189462	0	110.4493378007884	2.8391380990889026	-0.0000000000000008881784197001252	0	0	315.16884005788893	0
2	-2	-8.259527444189462	0	110.4493378007884	2.8391380990889026	-0.0000000000000008881784197001252	0	0	315.16884005788893	0
2	-5	-8.259527444189462	0	110.4493378007884	2.8391380990889026	-0.0000000000000008881784197001252	0	0	315.16884005788893	0
2	-10	-8.259527444189462	0	110.4493378007884	2.8391380990889026	-0.0000000000000008881784197001252	0	0	315.16884005788893	0
-60	-40	-8.259527444189462	6.508209568855574	105.22702738381271	1.9789543860957168	0.5027282487583687	7.541470045058532	48.076345421518674	21.541774193074936	3.606210366288585
2	-20	-8.259527444189462	0	110.4493378007884	2.8391380990889026	-0.0000000000000008881784197001252	0	0	315.16884005788893	0
2	-40	-8.259527444189462	0	110.4493378007884	2.8391380990889026	-0.0000000000000008881784197001252	0	0	315.16884005788893	0
0	40	-8.259527444189462	0	110.4493378007884	2.8391380990889026	-0.0000000000000008881784197001252	0	0	314.65562932839464	0
0	20	-8.259527444189462	0	110.4493378007884	2.8391380990889026	-0.0000000000000008881784197001252	0	0	314.65562932839464	0
0	10	-8.259527444189462	0	110.4493378007884	2.8391380990889026	-0.0000000000000008881784197001252	0	0	314.65562932839464	0
0	5	-8.259527444189462	0	110.4493378007884	2.8391380990889026	-0.0000000000000008881784197001252	0	0	314.65562932839464	0
0	2	-8.259527444189462	0	110.4493378007884	2.8391380990889026	-0.0000000000000008881784197001252	0	0	314.65562932839464	0
0	0	-8.259527444189462	0	110.4493378007884	2.8391380990889026	-0.0000000000000008881784197001252	0	0	314.65562932839464	0
0	-2	-8.259527444189462	0	110.4493378007884	2.8391380990889026	-0.0000000000000008881784197001252	0	0	314.65562932839464	0
0	-5	-8.259527444189462	0	110.4493378007884	2.8391380990889026	-0.0000000000000008881784197001252	0	0	314.65562932839464	0
0	-10	-8.259527444189462	0	110.4493378007884	2.8391380990889026	-0.0000000000000008881784197001252	0	0	314.65562932839464	0
0	-20	-8.259527444189462	0	110.4493378007884	2.8391380990889026	-0.0000000000000008881784197001252	0	0	314.65562932839464	0
0	-40	-8.259527444189462	0	110.4493378007884	2.8391380990889026	-0.0000000000000008881784197001252	0	0	314.65562932839464	0
-2	40	-8.259527444189462	0	110.4493378007884	2.8391380990889026	-0.0000000000000008881784197001252	0	0	300.265867373234	0
-2	20	-8.259527444189462	0	110.4493378007884	2.8391380990889026	-0.0000000000000008881784197001252	0	0	300.265867373234	0
-2	10	-8.259527444189462	0	110.4493378007884	2.8391380990889026	-0.0000000000000008881784197001252	0	0	300.265867373234	0
-2	5	-8.259527444189462	0	110.4493378007884	2.8391380990889026	-0.0000000000000008881784197001252	0	0	300.265867373234	0
-2	2	-8.259527444189462	0	110.4493378007884	2.8391380990889026	-0.0000000000000008881784197001252	0	0	300.265867373234	0
-2	0	-8.259527444189462	0	110.4493378007884	2.8391380990889026	-0.0000000000000008881784197001252	0	0	300.265867373234	0
-5	40	-8.259527444189462	0.00001032309018867609	119.97507660450437	0.04740042611424879	0.0041469999312939414	0	0	263.1788187611562	0.0000004837257430662945
-2	-2	-8.259527444189462	0	110.4493378007884	2.8391380990889026	-0.0000000000000008881784197001252	0	0	300.265867373234	0
-2	-5	-8.259527444189462	0	110.4493378007884	2.8391380990889026	-0.0000000000000008881784197001252	0	0	300.265867373234	0
-2	-10	-8.259527444189462	0	110.4493378007884	2.8391380990889026	-0.0000000000000008881784197001252	0	0	300.265867373234	0
-2	-20	-8.259527444189462	0	110.4493378007884	2.8391380990889026	-0.0000000000000008881784197001252	0	0	300.265867373234	0
-60	40	-8.259527444189462	17.924220538984862	116.97780298345873	1.3457679941861729	0.5819132909798147	1.6559625800791058	12.256013331948072	21.541774193074936	3.0279798785174386
-2	-40	-8.259527444189462	0	110.4493378007884	2.8391380990889026	-0.0000000000000008881784197001252	0	0	300.265867373234	0
60	40	-9.761259706769364	6.190965043512997	118.5537998510847	1.9778271376462009	0.6419101609169636	2.927413388576575	13.288837318209895	25.991817785431305	9.563951847473373
-5	20	-8.259527444189462	0	110.4493378007884	2.8391380990889026	-0.0000000000000008881784197001252	0	0	263.1788187611562	0
-5	10	-8.259527444189462	0	110.4493378007884	2.8391380990889026	-0.0000000000000008881784197001252	0	0	263.1788187611562	0
-10	40	-8.259527444189462	0.048197477195656306	119.86943074511284	0.4380429443610525	0.09614283329303851	0.06839306339073933	0.009533608634406356	203.07703078002987	0.01998715930071486
-5	5	-8.259527444189462	0	110.4493378007884	2.8391380990889026	-0.0000000000000008881784197001252	0	0	263.1788187611562	0
-5	2	-8.259527444189462	0	110.4493378007884	2.8391380990889026	-0.0000000000000008881784197001252	0	0	263.1788187611562	0
-15	40	-8.259527444189462	0.29599157949819216	119.74281138218424	0.5757921330094112	0.21525942079871563	0.32727507902923986	0.11807872938290662	154.6635536027069	0.148131725097741
-5	0	-8.259527444189462	0	110.4493378007884	2.8391380990889026	-0.0000000000000008881784197001252	0	0	263.1788187611562	0
-5	-2	-8.259527444189462	0	110.4493378007884	2.8391380990889026	-0.0000000000000008881784197001252	0	0	263.1788187611562	0
-5	-5	-8.259527444189462	0	110.4493378007884	2.8391380990889026	-0.0000000000000008881784197001252	0	0	263.1788187611562	0
-5	-10	-8.259527444189462	0	110.4493378007884	2.8391380990889026	-0.0000000000000008881784197001252	0	0	263.1788187611562	0
-5	-20	-8.259527444189462	0	110.4493378007884	2.8391380990889026	-0.0000000000000008881784197001252	0	0	263.1788187611562	0
-5	-40	-8.259527444189462	0	110.4493378007884	2.8391380990889026	-0.0000000000000008881784197001252	0	0	263.1788187611562	0
-10	20	-8.259527444189462	0	110.4493378007884	2.8391380990889026	-0.0000000000000008881784197001252	0	0	203.07703078002987	0
-10	10	-8.259527444189462	0	110.4493378007884	2.8391380990889026	-0.0000000000000008881784197001252	0	0	203.07703078002987	0
-10	5	-8.259527444189462	0	110.4493378007884	2.8391380990889026	-0.0000000000000008881784197001252	0	0	203.07703078002987	0
-10	2	-8.259527444189462	0	110.4493378007884	2.8391380990889026	-0.0000000000000008881784197001252	0	0	203.07703078002987	0
-30	40	-8.259527444189462	3.5091799831738815	119.17037220419746	0.9463614586464104	0.511641997905426	1.8432440875612457	2.746731285244164	85.522965133938	1.9783074633661033
-10	0	-8.259527444189462	0	110.4493378007884	2.8391380990889026	-0.0000000000000008881784197001252	0	0	203.07703078002987	0
-10	-2	-8.259527444189462	0	110.4493378007884	2.8391380990889026	-0.0000000000000008881784197001252	0	0	203.07703078002987	0
-10	-5	-8.259527444189462	0	110.4493378007884	2.8391380990889026	-0.0000000000000008881784197001252	0	0	203.07703078002987	0
-10	-10	-8.259527444189462	0	110.4493378007884	2.8391380990889026	-0.0000000000000008881784197001252	0	0	203.07703078002987	0
-10	-20	-8.259527444189462	0	110.4493378007884	2.8391380990889026	-0.0000000000000008881784197001252	0	0	203.07703078002987	0
-10	-40	-8.259527444189462	0	110.4493378007884	2.8391380990889026	-0.0000000000000008881784197001252	0	0	203.07703078002987	0
-60	20	-8.259527444189462	4.016730602028844	118.53719029387418	0.5807145332424252	0.492371848538608	0.7933518839039063	9.392918331165207	21.541774193074936	-0.5464732353503224
-15	20	-8.259527444189462	0	110.4493378007884	2.8391380990889026	-0.0000000000000008881784197001252	0	0	154.6635536027069	0
-15	10	-8.259527444189462	0	110.4493378007884	2.8391380990889026	-0.0000000000000008881784197001252	0	0	154.6635536027069	0
-15	5	-8.259527444189462	0	110.4493378007884	2.8391380990889026	-0.0000000000000008881784197001252	0	0	154.6635536027069	0
-15	2	-8.259527444189462	0	110.4493378007884	2.8391380990889026	-0.0000000000000008881784197001252	0	0	154.6635536027069	0
-15	0	-8.259527444189462	0	110.4493378007884	2.8391380990889026	-0.0000000000000008881784197001252	0	0	154.6635536027069	0
-15	-2	-8.259527444189462	0	110.4493378007884	2.8391380990889026	-0.0000000000000008881784197001252	0	0	154.6635536027069	0
-15	-5	-8.259527444189462	0	110.4493378007884	2.8391380990889026	-0.0000000000000008881784197001252	0	0	154.6635536027069	0
-15	-10	-8.259527444189462	0	110.4493378007884	2.8391380990889026	-0.0000000000000008881784197001252	0	0	154.6635536027069	0
-15	-20	-8.259527444189462	0	110.4493378007884	2.8391380990889026	-0.0000000000000008881784197001252	0	0	154.6635536027069	0
-15	-40	-8.259527444189462	0	110.4493378007884	2.8391380990889026	-0.0000000000000008881784197001252	0	0	154.6635536027069	0
-30	20	-8.259527444189462	0	110.4493378007884	2.8391380990889026	-0.0000000000000008881784197001252	0	0	85.522965133938	0
-30	10	-8.259527444189462	0	110.4493378007884	2.8391380990889026	-0.0000000000000008881784197001252	0	0	85.522965133938	0
-30	5	-8.259527444189462	0	110.4493378007884	2.8391380990889026	-0.0000000000000008881784197001252	0	0	85.522965133938	0
-30	2	-8.259527444189462	0	110.4493378007884	2.8391380990889026	-0.0000000000000008881784197001252	0	0	85.522965133938	0
-30	0	-8.259527444189462	0	110.4493378007884	2.8391380990889026	-0.0000000000000008881784197001252	0	0	85.522965133938	0
-30	-2	-8.259527444189462	0	110.4493378007884	2.8391380990889026	-0.0000000000000008881784197001252	0	0	85.522965133938	0
-30	-5	-8.259527444189462	0	110.4493378007884	2.8391380990889026	-0.0000000000000008881784197001252	0	0	85.522965133938	0
-30	-10	-8.259527444189462	0	110.4493378007884	2.8391380990889026	-0.0000000000000008881784197001252	0	0	85.522965133938	0
-30	-20	-8.259527444189462	0	110.4493378007884	2.8391380990889026	-0.0000000000000008881784197001252	0	0	85.522965133938	0
-60	10	-8.259527444189462	0.0000018803563129994226	119.96650959956673	0.0027467110855599196	0.004757443153901482	0	0	21.541774193074936	-0.000000005164795529716521
-30	-40	-8.259527444189462	0	110.4493378007884	2.8391380990889026	-0.0000000000000008881784197001252	0	0	85.522965133938	0
60	-40	-9.761259706769364	13.971897529967542	104.34447269433124	5.495220378323316	0.5910090376157676	1.2135197598927254	3.7981820216194637	25.991817785431305	45.540548126791435
-60	5	-8.259527444189462	0	110.4493378007884	2.8391380990889026	-0.0000000000000008881784197001252	0	0	21.541774193074936	0
-60	2	-8.259527444189462	0	110.4493378007884	2.8391380990889026	-0.0000000000000008881784197001252	0	0	21.541774193074936	0
-60	0	-8.259527444189462	0	110.4493378007884	2.8391380990889026	-0.0000000000000008881784197001252	0	0	21.541774193074936	0
-60	-20	-8.259527444189462	0.015913351776876916	105.3495771296017	0.0712693037843841	0.12344205517461442	0	0	21.541774193074936	-0.0011341335020140133
60	-20	-9.761259706769364	3.3591083672645325	103.29769131971477	6.467055677813026	0.6011424522841052	0.8080620142800053	4.289423918886767	25.991817785431305	12.610537804822497
-60	-2	-8.259527444189462	0	110.4493378007884	2.8391380990889026	-0.0000000000000008881784197001252	0	0	21.541774193074936	0
-60	-5	-8.259527444189462	0	110.4493378007884	2.8391380990889026	-0.0000000000000008881784197001252	0	0	21.541774193074936	0
-60	-10	-8.259527444189462	0	110.4493378007884	2.8391380990889026	-0.0000000000000008881784197001252	0	0	21.541774193074936	0
60	20	-9.761259706769364	0	110.4493378007884	2.8391380990889026	-0.0000000000000008881784197001252	0	0	25.991817785431305	0
60	10	-9.761259706769364	0	110.4493378007884	2.8391380990889026	-0.0000000000000008881784197001252	0	0	25.991817785431305	0
60	-10	-9.761259706769364	0.049553949220414166	102.42350141319795	7.31004628492773	0.6908312570300353	0.04167054877499323	0.020763672265776176	25.991817785431305	0.2107678400080618
60	5	-9.761259706769364	0	110.4493378007884	2.8391380990889026	-0.0000000000000008881784197001252	0	0	25.991817785431305	0
60	2	-9.761259706769364	0	110.4493378007884	2.8391380990889026	-0.0000000000000008881784197001252	0	0	25.991817785431305	0
60	0	-9.761259706769364	0	110.4493378007884	2.8391380990889026	-0.0000000000000008881784197001252	0	0	25.991817785431305	0
60	-2	-9.761259706769364	0	110.4493378007884	2.8391380990889026	-0.0000000000000008881784197001252	0	0	25.991817785431305	0
60	-5	-9.761259706769364	0	110.4493378007884	2.8391380990889026	-0.0000000000000008881784197001252	0	0	25.991817785431305	0
30	-40	-9.761259706769364	0.055489296334759235	102.31947552704568	6.868605984906084	0.33586538512399444	0.10930920981100102	0.009156373168622592	108.46950087474609	0.3393902909648449
30	40	-9.761259706769364	0	110.4493378007884	2.8391380990889026	-0.0000000000000008881784197001252	0	0	108.46950087474609	0
30	20	-9.761259706769364	0	110.4493378007884	2.8391380990889026	-0.0000000000000008881784197001252	0	0	108.46950087474609	0
30	10	-9.761259706769364	0	110.4493378007884	2.8391380990889026	-0.0000000000000008881784197001252	0	0	108.46950087474609	0
30	5	-9.761259706769364	0	110.4493378007884	2.8391380990889026	-0.0000000000000008881784197001252	0	0	108.46950087474609	0
30	2	-9.761259706769364	0	110.4493378007884	2.8391380990889026	-0.0000000000000008881784197001252	0	0	108.46950087474609	0
30	0	-9.761259706769364	0	110.4493378007884	2.8391380990889026	-0.0000000000000008881784197001252	0	0	108.46950087474609	0
30	-2	-9.761259706769364	0	110.4493378007884	2.8391380990889026	-0.0000000000000008881784197001252	0	0	108.46950087474609	0
30	-5	-9.761259706769364	0	110.4493378007884	2.8391380990889026	-0.0000000000000008881784197001252	0	0	108.46950087474609	0
30	-10	-9.761259706769364	0	110.4493378007884	2.8391380990889026	-0.0000000000000008881784197001252	0	0	108.46950087474609	0
30	-20	-9.761259706769364	0	110.4493378007884	2.8391380990889026	-0.0000000000000008881784197001252	0	0	108.46950087474609	0
15	40	-9.761259706769364	0	110.4493378007884	2.8391380990889026	-0.0000000000000008881784197001252	0	0	222.31097728988945	0
15	20	-9.761259706769364	0	110.4493378007884	2.8391380990889026	-0.0000000000000008881784197001252	0	0	222.31097728988945	0
15	10	-9.761259706769364	0	110.4493378007884	2.8391380990889026	-0.0000000000000008881784197001252	0	0	222.31097728988945	0
15	5	-9.761259706769364	0	110.4493378007884	2.8391380990889026	-0.0000000000000008881784197001252	0	0	222.31097728988945	0
15	2	-9.761259706769364	0	110.4493378007884	2.8391380990889026	-0.0000000000000008881784197001252	0	0	222.31097728988945	0
15	0	-9.761259706769364	0	110.4493378007884	2.8391380990889026	-0.0000000000000008881784197001252	0	0	222.31097728988945	0
15	-2	-9.761259706769364	0	110.4493378007884	2.8391380990889026	-0.0000000000000008881784197001252	0	0	222.31097728988945	0
15	-5	-9.761259706769364	0	110.4493378007884	2.8391380990889026	-0.0000000000000008881784197001252	0	0	222.31097728988945	0
15	-10	-9.761259706769364	0	110.4493378007884	2.8391380990889026	-0.0000000000000008881784197001252	0	0	222.31097728988945	0
15	-20	-9.761259706769364	0	110.4493378007884	2.8391380990889026	-0.0000000000000008881784197001252	0	0	222.31097728988945	0
15	-40	-9.761259706769364	0	110.4493378007884	2.8391380990889026	-0.0000000000000008881784197001252	0	0	222.31097728988945	0
10	40	-9.761259706769364	0	110.4493378007884	2.8391380990889026	-0.0000000000000008881784197001252	0	0	306.7059016969317	0
10	20	-9.761259706769364	0	110.4493378007884	2.8391380990889026	-0.0000000000000008881784197001252	0	0	306.7059016969317	0
10	10	-9.761259706769364	0	110.4493378007884	2.8391380990889026	-0.0000000000000008881784197001252	0	0	306.7059016969317	0
10	5	-9.761259706769364	0	110.4493378007884	2.8391380990889026	-0.0000000000000008881784197001252	0	0	306.7059016969317	0
10	2	-9.761259706769364	0	110.4493378007884	2.8391380990889026	-0.0000000000000008881784197001252	0	0	306.7059016969317	0
10	0	-9.761259706769364	0	110.4493378007884	2.8391380990889026	-0.0000000000000008881784197001252	0	0	306.7059016969317	0
10	-2	-9.761259706769364	0	110.4493378007884	2.8391380990889026	-0.0000000000000008881784197001252	0	0	306.7059016969317	0
10	-5	-9.761259706769364	0	110.4493378007884	2.8391380990889026	-0.0000000000000008881784197001252	0	0	306.7059016969317	0
10	-10	-9.761259706769364	0	110.4493378007884	2.8391380990889026	-0.0000000000000008881784197001252	0	0	306.7059016969317	0
10	-20	-9.761259706769364	0	110.4493378007884	2.8391380990889026	-0.0000000000000008881784197001252	0	0	306.7059016969317	0
10	-40	-9.761259706769364	0	110.4493378007884	2.8391380990889026	-0.0000000000000008881784197001252	0	0	306.7059016969317	0
5	40	-9.761259706769364	0	110.4493378007884	2.8391380990889026	-0.0000000000000008881784197001252	0	0	313.75400038458673	0
5	20	-9.761259706769364	0	110.4493378007884	2.8391380990889026	-0.0000000000000008881784197001252	0	0	313.75400038458673	0
5	10	-9.761259706769364	0	110.4493378007884	2.8391380990889026	-0.0000000000000008881784197001252	0	0	313.75400038458673	0
5	5	-9.761259706769364	0	110.4493378007884	2.8391380990889026	-0.0000000000000008881784197001252	0	0	313.75400038458673	0
5	2	-9.761259706769364	0	110.4493378007884	2.8391380990889026	-0.0000000000000008881784197001252	0	0	313.75400038458673	0
5	0	-9.761259706769364	0	110.4493378007884	2.8391380990889026	-0.0000000000000008881784197001252	0	0	313.75400038458673	0
5	-2	-9.761259706769364	0	110.4493378007884	2.8391380990889026	-0.0000000000000008881784197001252	0	0	313.75400038458673	0
5	-5	-9.761259706769364	0	110.4493378007884	2.8391380990889026	-0.0000000000000008881784197001252	0	0	313.75400038458673	0
5	-10	-9.761259706769364	0	110.4493378007884	2.8391380990889026	-0.0000000000000008881784197001252	0	0	313.75400038458673	0
5	-20	-9.761259706769364	0	110.4493378007884	2.8391380990889026	-0.0000000000000008881784197001252	0	0	313.75400038458673	0
5	-40	-9.761259706769364	0	110.4493378007884	2.8391380990889026	-0.0000000000000008881784197001252	0	0	313.75400038458673	0
2	40	-9.761259706769364	0	110.4493378007884	2.8391380990889026	-0.0000000000000008881784197001252	0	0	315.16884005788893	0
2	20	-9.761259706769364	0	110.4493378007884	2.8391380990889026	-0.0000000000000008881784197001252	0	0	315.16884005788893	0
2	10	-9.761259706769364	0	110.4493378007884	2.8391380990889026	-0.0000000000000008881784197001252	0	0	315.16884005788893	0
2	5	-9.761259706769364	0	110.4493378007884	2.8391380990889026	-0.0000000000000008881784197001252	0	0	315.16884005788893	0
2	2	-9.761259706769364	0	110.4493378007884	2.8391380990889026	-0.0000000000000008881784197001252	0	0	315.16884005788893	0
2	0	-9.761259706769364	0	110.4493378007884	2.8391380990889026	-0.0000000000000008881784197001252	0	0	315.16884005788893	0
2	-2	-9.761259706769364	0	110.4493378007884	2.8391380990889026	-0.0000000000000008881784197001252	0	0	315.16884005788893	0
2	-5	-9.761259706769364	0	110.4493378007884	2.8391380990889026	-0.0000000000000008881784197001252	0	0	315.16884005788893	0
2	-10	-9.761259706769364	0	110.4493378007884	2.8391380990889026	-0.0000000000000008881784197001252	0	0	315.16884005788893	0
2	-20	-9.761259706769364	0	110.4493378007884	2.8391380990889026	-0.0000000000000008881784197001252	0	0	315.16884005788893	0
2	-40	-9.761259706769364	0	110.4493378007884	2.8391380990889026	-0.0000000000000008881784197001252	0	0	315.16884005788893	0
0	40	-9.761259706769364	0	110.4493378007884	2.8391380990889026	-0.0000000000000008881784197001252	0	0	314.65562932839464	0
0	20	-9.761259706769364	0	110.4493378007884	2.8391380990889026	-0.0000000000000008881784197001252	0	0	314.65562932839464	0
0	10	-9.761259706769364	0	110.4493378007884	2.8391380990889026	-0.0000000000000008881784197001252	0	0	314.65562932839464	0
0	5	-9.761259706769364	0	110.4493378007884	2.8391380990889026	-0.0000000000000008881784197001252	0	0	314.65562932839464	0
0	2	-9.761259706769364	0	110.4493378007884	2.8391380990889026	-0.0000000000000008881784197001252	0	0	314.65562932839464	0
0	0	-9.761259706769364	0	110.4493378007884	2.8391380990889026	-0.0000000000000008881784197001252	0	0	314.65562932839464	0
0	-2	-9.761259706769364	0	110.4493378007884	2.8391380990889026	-0.0000000000000008881784197001252	0	0	314.65562932839464	0
0	-5	-9.761259706769364	0	110.4493378007884	2.8391380990889026	-0.0000000000000008881784197001252	0	0	314.65562932839464	0
0	-10	-9.761259706769364	0	110.4493378007884	2.8391380990889026	-0.0000000000000008881784197001252	0	0	314.65562932839464	0
0	-20	-9.761259706769364	0	110.4493378007884	2.8391380990889026	-0.0000000000000008881784197001252	0	0	314.65562932839464	0
0	-40	-9.761259706769364	0	110.4493378007884	2.8391380990889026	-0.0000000000000008881784197001252	0	0	314.65562932839464	0
-2	40	-9.761259706769364	0	110.4493378007884	2.8391380990889026	-0.0000000000000008881784197001252	0	0	300.265867373234	0
-2	20	-9.761259706769364	0	110.4493378007884	2.8391380990889026	-0.0000000000000008881784197001252	0	0	300.265867373234	0
-2	10	-9.761259706769364	0	110.4493378007884	2.8391380990889026	-0.0000000000000008881784197001252	0	0	300.265867373234	0
-2	5	-9.761259706769364	0	110.4493378007884	2.8391380990889026	-0.0000000000000008881784197001252	0	0	300.265867373234	0
-2	2	-9.761259706769364	0	110.4493378007884	2.8391380990889026	-0.0000000000000008881784197001252	0	0	300.265867373234	0
-2	0	-9.761259706769364	0	110.4493378007884	2.8391380990889026	-0.0000000000000008881784197001252	0	0	300.265867373234	0
-2	-2	-9.761259706769364	0	110.4493378007884	2.8391380990889026	-0.0000000000000008881784197001252	0	0	300.265867373234	0
-2	-5	-9.761259706769364	0	110.4493378007884	2.8391380990889026	-0.0000000000000008881784197001252	0	0	300.265867373234	0
-2	-10	-9.761259706769364	0	110.4493378007884	2.8391380990889026	-0.0000000000000008881784197001252	0	0	300.265867373234	0
-2	-20	-9.761259706769364	0	110.4493378007884	2.8391380990889026	-0.0000000000000008881784197001252	0	0	300.265867373234	0
-2	-40	-9.761259706769364	0	110.4493378007884	2.8391380990889026	-0.0000000000000008881784197001252	0	0	300.265867373234	0
-5	40	-9.761259706769364	0	110.4493378007884	2.8391380990889026	-0.0000000000000008881784197001252	0	0	263.1788187611562	0
-5	20	-9.761259706769364	0	110.4493378007884	2.8391380990889026	-0.0000000000000008881784197001252	0	0	263.1788187611562	0
-5	10	-9.761259706769364	0	110.4493378007884	2.8391380990889026	-0.0000000000000008881784197001252	0	0	263.1788187611562	0
-5	5	-9.761259706769364	0	110.4493378007884	2.8391380990889026	-0.0000000000000008881784197001252	0	0	263.1788187611562	0
-5	2	-9.761259706769364	0	110.4493378007884	2.8391380990889026	-0.0000000000000008881784197001252	0	0	263.1788187611562	0
-5	0	-9.761259706769364	0	110.4493378007884	2.8391380990889026	-0.0000000000000008881784197001252	0	0	263.1788187611562	0
-5	-2	-9.761259706769364	0	110.4493378007884	2.8391380990889026	-0.0000000000000008881784197001252	0	0	263.1788187611562	0
-5	-5	-9.761259706769364	0	110.4493378007884	2.8391380990889026	-0.0000000000000008881784197001252	0	0	263.1788187611562	0
-60	40	-9.761259706769364	14.697779272237232	117.4213680871937	1.2749772477126582	0.5800410924294787	1.4084174257087319	10.454788136437442	21.541774193074936	1.9865268980358963
-5	-10	-9.761259706769364	0	110.4493378007884	2.8391380990889026	-0.0000000000000008881784197001252	0	0	263.1788187611562	0
-5	-20	-9.761259706769364	0	110.4493378007884	2.8391380990889026	-0.0000000000000008881784197001252	0	0	263.1788187611562	0
-60	-40	-9.761259706769364	2.7796872502292143	105.26949120970275	1.3325238102272077	0.4805510317814051	4.188892276300945	25.58594897626225	21.541774193074936	0.6951789441242823
-5	-40	-9.761259706769364	0	110.4493378007884	2.8391380990889026	-0.0000000000000008881784197001252	0	0	263.1788187611562	0
-10	40	-9.761259706769364	0	110.4493378007884	2.8391380990889026	-0.0000000000000008881784197001252	0	0	203.07703078002987	0
-10	20	-9.761259706769364	0	110.4493378007884	2.8391380990889026	-0.0000000000000008881784197001252	0	0	203.07703078002987	0
-10	10	-9.761259706769364	0	110.4493378007884	2.8391380990889026	-0.0000000000000008881784197001252	0	0	203.07703078002987	0
-10	5	-9.761259706769364	0	110.4493378007884	2.8391380990889026	-0.0000000000000008881784197001252	0	0	203.07703078002987	0
-10	2	-9.761259706769364	0	110.4493378007884	2.8391380990889026	-0.0000000000000008881784197001252	0	0	203.07703078002987	0
-10	0	-9.761259706769364	0	110.4493378007884	2.8391380990889026	-0.0000000000000008881784197001252	0	0	203.07703078002987	0
60	40	-11.262991969349265	3.073189757857397	118.98367928693338	2.15291958377588	0.6658613527493459	1.8646710283183863	6.466485613104142	25.991817785431305	5.080328830043805
-10	-2	-9.761259706769364	0	110.4493378007884	2.8391380990889026	-0.0000000000000008881784197001252	0	0	203.07703078002987	0
-10	-5	-9.761259706769364	0	110.4493378007884	2.8391380990889026	-0.0000000000000008881784197001252	0	0	203.07703078002987	0
-10	-10	-9.761259706769364	0	110.4493378007884	2.8391380990889026	-0.0000000000000008881784197001252	0	0	203.07703078002987	0
-10	-20	-9.761259706769364	0	110.4493378007884	2.8391380990889026	-0.0000000000000008881784197001252	0	0	203.07703078002987	0
-10	-40	-9.761259706769364	0	110.4493378007884	2.8391380990889026	-0.0000000000000008881784197001252	0	0	203.07703078002987	0
-15	40	-9.761259706769364	0	110.4493378007884	2.8391380990889026	-0.0000000000000008881784197001252	0	0	154.6635536027069	0
-15	20	-9.761259706769364	0	110.4493378007884	2.8391380990889026	-0.0000000000000008881784197001252	0	0	154.6635536027069	0
-15	10	-9.761259706769364	0	110.4493378007884	2.8391380990889026	-0.0000000000000008881784197001252	0	0	154.6635536027069	0
-15	5	-9.761259706769364	0	110.4493378007884	2.8391380990889026	-0.0000000000000008881784197001252	0	0	154.6635536027069	0
-15	2	-9.761259706769364	0	110.4493378007884	2.8391380990889026	-0.0000000000000008881784197001252	0	0	154.6635536027069	0
-30	40	-9.761259706769364	0.3970998671125749	119.68796586340895	0.4520158559728791	0.28585791482183837	0.28959468100301067	0.21112349876061876	85.522965133938	0.09869053773905737
-15	0	-9.761259706769364	0	110.4493378007884	2.8391380990889026	-0.0000000000000008881784197001252	0	0	154.6635536027069	0
-15	-2	-9.761259706769364	0	110.4493378007884	2.8391380990889026	-0.0000000000000008881784197001252	0	0	154.6635536027069	0
-15	-5	-9.761259706769364	0	110.4493378007884	2.8391380990889026	-0.0000000000000008881784197001252	0	0	154.6635536027069	0
-60	20	-9.761259706769364	1.0829168466890997	119.2149769680666	0.3205448229554131	0.4250811272830026	0.3403732075046723	1.5531304515385138	21.541774193074936	-0.22509362668805272
-15	-10	-9.761259706769364	0	110.4493378007884	2.8391380990889026	-0.0000000000000008881784197001252	0	0	154.6635536027069	0
-15	-20	-9.761259706769364	0	110.4493378007884	2.8391380990889026	-0.0000000000000008881784197001252	0	0	154.6635536027069	0
-15	-40	-9.761259706769364	0	110.4493378007884	2.8391380990889026	-0.0000000000000008881784197001252	0	0	154.6635536027069	0
-30	20	-9.761259706769364	0	110.4493378007884	2.8391380990889026	-0.0000000000000008881784197001252	0	0	85.522965133938	0
-30	10	-9.761259706769364	0	110.4493378007884	2.8391380990889026	-0.0000000000000008881784197001252	0	0	85.522965133938	0
60	-40	-11.262991969349265	11.730952548437154	104.00668041608533	5.580016070980936	0.5895496050151094	1.0202454317490972	3.6443827937869786	25.991817785431305	38.71886489635947
-30	5	-9.761259706769364	0	110.4493378007884	2.8391380990889026	-0.0000000000000008881784197001252	0	0	85.522965133938	0
-30	2	-9.761259706769364	0	110.4493378007884	2.8391380990889026	-0.0000000000000008881784197001252	0	0	85.522965133938	0
-30	0	-9.761259706769364	0	110.4493378007884	2.8391380990889026	-0.0000000000000008881784197001252	0	0	85.522965133938	0
-30	-2	-9.761259706769364	0	110.4493378007884	2.8391380990889026	-0.0000000000000008881784197001252	0	0	85.522965133938	0
-30	-5	-9.761259706769364	0	110.4493378007884	2.8391380990889026	-0.0000000000000008881784197001252	0	0	85.522965133938	0
60	-20	-11.262991969349265	1.0349117283204055	102.84214158290222	6.869039134298451	0.6252820452872722	0.35396456315991637	0.8268114808091733	25.991817785431305	4.114839771679744
-30	-10	-9.761259706769364	0	110.4493378007884	2.8391380990889026	-0.0000000000000008881784197001252	0	0	85.522965133938	0
-30	-20	-9.761259706769364	0	110.4493378007884	2.8391380990889026	-0.0000000000000008881784197001252	0	0	85.522965133938	0
-30	-40	-9.761259706769364	0	110.4493378007884	2.8391380990889026	-0.0000000000000008881784197001252	0	0	85.522965133938	0
-60	10	-9.761259706769364	0	110.4493378007884	2.8391380990889026	-0.0000000000000008881784197001252	0	0	21.541774193074936	0
-60	5	-9.761259706769364	0	110.4493378007884	2.8391380990889026	-0.0000000000000008881784197001252	0	0	21.541774193074936	0
-60	2	-9.761259706769364	0	110.4493378007884	2.8391380990889026	-0.0000000000000008881784197001252	0	0	21.541774193074936	0
-60	0	-9.761259706769364	0	110.4493378007884	2.8391380990889026	-0.0000000000000008881784197001252	0	0	21.541774193074936	0
-60	-2	-9.761259706769364	0	110.4493378007884	2.8391380990889026	-0.0000000000000008881784197001252	0	0	21.541774193074936	0
-60	-5	-9.761259706769364	0	110.4493378007884	2.8391380990889026	-0.0000000000000008881784197001252	0	0	21.541774193074936	0
-60	-10	-9.761259706769364	0	110.4493378007884	2.8391380990889026	-0.0000000000000008881784197001252	0	0	21.541774193074936	0
-60	-20	-9.761259706769364	0	110.4493378007884	2.8391380990889026	-0.0000000000000008881784197001252	0	0	21.541774193074936	0
60	20	-11.262991969349265	0	110.4493378007884	2.8391380990889026	-0.0000000000000008881784197001252	0	0	25.991817785431305	0
60	10	-11.262991969349265	0	110.4493378007884	2.8391380990889026	-0.0000000000000008881784197001252	0	0	25.991817785431305	0
60	5	-11.262991969349265	0	110.4493378007884	2.8391380990889026	-0.0000000000000008881784197001252	0	0	25.991817785431305	0
60	2	-11.262991969349265	0	110.4493378007884	2.8391380990889026	-0.0000000000000008881784197001252	0	0	25.991817785431305	0
60	0	-11.262991969349265	0	110.4493378007884	2.8391380990889026	-0.0000000000000008881784197001252	0	0	25.991817785431305	0
60	-2	-11.262991969349265	0	110.4493378007884	2.8391380990889026	-0.0000000000000008881784197001252	0	0	25.991817785431305	0
60	-5	-11.262991969349265	0	110.4493378007884	2.8391380990889026	-0.0000000000000008881784197001252	0	0	25.991817785431305	0
60	-10	-11.262991969349265	0	110.4493378007884	2.8391380990889026	-0.0000000000000008881784197001252	0	0	25.991817785431305	0
30	40	-11.262991969349265	0	110.4493378007884	2.8391380990889026	-0.0000000000000008881784197001252	0	0	108.46950087474609	0
30	20	-11.262991969349265	0	110.4493378007884	2.8391380990889026	-0.0000000000000008881784197001252	0	0	108.46950087474609	0
30	10	-11.262991969349265	0	110.4493378007884	2.8391380990889026	-0.0000000000000008881784197001252	0	0	108.46950087474609	0
30	5	-11.262991969349265	0	110.4493378007884	2.8391380990889026	-0.0000000000000008881784197001252	0	0	108.46950087474609	0
30	2	-11.262991969349265	0	110.4493378007884	2.8391380990889026	-0.0000000000000008881784197001252	0	0	108.46950087474609	0
30	0	-11.262991969349265	0	110.4493378007884	2.8391380990889026	-0.0000000000000008881784197001252	0	0	108.46950087474609	0
30	-2	-11.262991969349265	0	110.4493378007884	2.8391380990889026	-0.0000000000000008881784197001252	0	0	108.46950087474609	0
30	-5	-11.262991969349265	0	110.4493378007884	2.8391380990889026	-0.0000000000000008881784197001252	0	0	108.46950087474609	0
30	-10	-11.262991969349265	0	110.4493378007884	2.8391380990889026	-0.0000000000000008881784197001252	0	0	108.46950087474609	0
30	-20	-11.262991969349265	0	110.4493378007884	2.8391380990889026	-0.0000000000000008881784197001252	0	0	108.46950087474609	0
30	-40	-11.262991969349265	0	110.4493378007884	2.8391380990889026	-0.0000000000000008881784197001252	0	0	108.46950087474609	0
15	40	-11.262991969349265	0	110.4493378007884	2.8391380990889026	-0.0000000000000008881784197001252	0	0	222.31097728988945	0
15	20	-11.262991969349265	0	110.4493378007884	2.8391380990889026	-0.0000000000000008881784197001252	0	0	222.31097728988945	0
15	10	-11.262991969349265	0	110.4493378007884	2.8391380990889026	-0.0000000000000008881784197001252	0	0	222.31097728988945	0
15	5	-11.262991969349265	0	110.4493378007884	2.8391380990889026	-0.0000000000000008881784197001252	0	0	222.31097728988945	0
15	2	-11.262991969349265	0	110.4493378007884	2.8391380990889026	-0.0000000000000008881784197001252	0	0	222.31097728988945	0
15	0	-11.262991969349265	0	110.4493378007884	2.8391380990889026	-0.0000000000000008881784197001252	0	0	222.31097728988945	0
15	-2	-11.262991969349265	0	110.4493378007884	2.8391380990889026	-0.0000000000000008881784197001252	0	0	222.31097728988945	0
15	-5	-11.262991969349265	0	110.4493378007884	2.8391380990889026	-0.0000000000000008881784197001252	0	0	222.31097728988945	0
15	-10	-11.262991969349265	0	110.4493378007884	2.8391380990889026	-0.0000000000000008881784197001252	0	0	222.31097728988945	0
15	-20	-11.262991969349265	0	110.4493378007884	2.8391380990889026	-0.0000000000000008881784197001252	0	0	222.31097728988945	0
15	-40	-11.262991969349265	0	110.4493378007884	2.8391380990889026	-0.0000000000000008881784197001252	0	0	222.31097728988945	0
10	40	-11.262991969349265	0	110.4493378007884	2.8391380990889026	-0.0000000000000008881784197001252	0	0	306.7059016969317	0
10	20	-11.262991969349265	0	110.4493378007884	2.8391380990889026	-0.0000000000000008881784197001252	0	0	306.7059016969317	0
10	10	-11.262991969349265	0	110.4493378007884	2.8391380990889026	-0.0000000000000008881784197001252	0	0	306.7059016969317	0
10	5	-11.262991969349265	0	110.4493378007884	2.8391380990889026	-0.0000000000000008881784197001252	0	0	306.7059016969317	0
10	2	-11.262991969349265	0	110.4493378007884	2.8391380990889026	-0.0000000000000008881784197001252	0	0	306.7059016969317	0
10	0	-11.262991969349265	0	110.4493378007884	2.8391380990889026	-0.0000000000000008881784197001252	0	0	306.7059016969317	0
10	-2	-11.262991969349265	0	110.4493378007884	2.8391380990889026	-0.0000000000000008881784197001252	0	0	306.7059016969317	0
10	-5	-11.262991969349265	0	110.4493378007884	2.8391380990889026	-0.0000000000000008881784197001252	0	0	306.7059016969317	0
10	-10	-11.262991969349265	0	110.4493378007884	2.8391380990889026	-0.0000000000000008881784197001252	0	0	306.7059016969317	0
10	-20	-11.262991969349265	0	110.4493378007884	2.8391380990889026	-0.0000000000000008881784197001252	0	0	306.7059016969317	0
10	-40	-11.262991969349265	0	110.4493378007884	2.8391380990889026	-0.0000000000000008881784197001252	0	0	306.7059016969317	0
5	40	-11.262991969349265	0	110.4493378007884	2.8391380990889026	-0.0000000000000008881784197001252	0	0	313.75400038458673	0
5	20	-11.262991969349265	0	110.4493378007884	2.8391380990889026	-0.0000000000000008881784197001252	0	0	313.75400038458673	0
5	10	-11.262991969349265	0	110.4493378007884	2.8391380990889026	-0.0000000000000008881784197001252	0	0	313.75400038458673	0
5	5	-11.262991969349265	0	110.4493378007884	2.8391380990889026	-0.0000000000000008881784197001252	0	0	313.75400038458673	0
5	2	-11.262991969349265	0	110.4493378007884	2.8391380990889026	-0.0000000000000008881784197001252	0	0	313.75400038458673	0
5	0	-11.262991969349265	0	110.4493378007884	2.8391380990889026	-0.0000000000000008881784197001252	0	0	313.75400038458673	0
5	-2	-11.262991969349265	0	110.4493378007884	2.8391380990889026	-0.0000000000000008881784197001252	0	0	313.75400038458673	0
5	-5	-11.262991969349265	0	110.4493378007884	2.8391380990889026	-0.0000000000000008881784197001252	0	0	313.75400038458673	0
5	-10	-11.262991969349265	0	110.4493378007884	2.8391380990889026	-0.0000000000000008881784197001252	0	0	313.75400038458673	0
5	-20	-11.262991969349265	0	110.4493378007884	2.8391380990889026	-0.0000000000000008881784197001252	0	0	313.75400038458673	0
5	-40	-11.262991969349265	0	110.4493378007884	2.8391380990889026	-0.0000000000000008881784197001252	0	0	313.75400038458673	0
2	40	-11.262991969349265	0	110.4493378007884	2.8391380990889026	-0.0000000000000008881784197001252	0	0	315.16884005788893	0
2	20	-11.262991969349265	0	110.4493378007884	2.8391380990889026	-0.0000000000000008881784197001252	0	0	315.16884005788893	0
2	10	-11.262991969349265	0	110.4493378007884	2.8391380990889026	-0.0000000000000008881784197001252	0	0	315.16884005788893	0
2	5	-11.262991969349265	0	110.4493378007884	2.8391380990889026	-0.0000000000000008881784197001252	0	0	315.16884005788893	0
2	2	-11.262991969349265	0	110.4493378007884	2.8391380990889026	-0.0000000000000008881784197001252	0	0	315.16884005788893	0
2	0	-11.262991969349265	0	110.4493378007884	2.8391380990889026	-0.0000000000000008881784197001252	0	0	315.16884005788893	0
2	-2	-11.262991969349265	0	110.4493378007884	2.8391380990889026	-0.0000000000000008881784197001252	0	0	315.16884005788893	0
2	-5	-11.262991969349265	0	110.4493378007884	2.8391380990889026	-0.0000000000000008881784197001252	0	0	315.16884005788893	0
2	-10	-11.262991969349265	0	110.4493378007884	2.8391380990889026	-0.0000000000000008881784197001252	0	0	315.16884005788893	0
2	-20	-11.262991969349265	0	110.4493378007884	2.8391380990889026	-0.0000000000000008881784197001252	0	0	315.16884005788893	0
2	-40	-11.262991969349265	0	110.4493378007884	2.8391380990889026	-0.0000000000000008881784197001252	0	0	315.16884005788893	0
0	40	-11.262991969349265	0	110.4493378007884	2.8391380990889026	-0.0000000000000008881784197001252	0	0	314.65562932839464	0
0	20	-11.262991969349265	0	110.4493378007884	2.8391380990889026	-0.0000000000000008881784197001252	0	0	314.65562932839464	0
0	10	-11.262991969349265	0	110.4493378007884	2.8391380990889026	-0.0000000000000008881784197001252	0	0	314.65562932839464	0
0	5	-11.262991969349265	0	110.4493378007884	2.8391380990889026	-0.0000000000000008881784197001252	0	0	314.65562932839464	0
0	2	-11.262991969349265	0	110.4493378007884	2.8391380990889026	-0.0000000000000008881784197001252	0	0	314.65562932839464	0
0	0	-11.262991969349265	0	110.4493378007884	2.8391380990889026	-0.0000000000000008881784197001252	0	0	314.65562932839464	0
0	-2	-11.262991969349265	0	110.4493378007884	2.8391380990889026	-0.0000000000000008881784197001252	0	0	314.65562932839464	0
0	-5	-11.262991969349265	0	110.4493378007884	2.8391380990889026	-0.0000000000000008881784197001252	0	0	314.65562932839464	0
0	-10	-11.262991969349265	0	110.4493378007884	2.8391380990889026	-0.0000000000000008881784197001252	0	0	314.65562932839464	0
0	-20	-11.262991969349265	0	110.4493378007884	2.8391380990889026	-0.0000000000000008881784197001252	0	0	314.65562932839464	0
0	-40	-11.262991969349265	0	110.4493378007884	2.8391380990889026	-0.0000000000000008881784197001252	0	0	314.65562932839464	0
-2	40	-11.262991969349265	0	110.4493378007884	2.8391380990889026	-0.0000000000000008881784197001252	0	0	300.265867373234	0
-2	20	-11.262991969349265	0	110.4493378007884	2.8391380990889026	-0.0000000000000008881784197001252	0	0	300.265867373234	0
-2	10	-11.262991969349265	0	110.4493378007884	2.8391380990889026	-0.0000000000000008881784197001252	0	0	300.265867373234	0
-2	5	-11.262991969349265	0	110.4493378007884	2.8391380990889026	-0.0000000000000008881784197001252	0	0	300.265867373234	0
-2	2	-11.262991969349265	0	110.4493378007884	2.8391380990889026	-0.0000000000000008881784197001252	0	0	300.265867373234	0
-2	0	-11.262991969349265	0	110.4493378007884	2.8391380990889026	-0.0000000000000008881784197001252	0	0	300.265867373234	0
-2	-2	-11.262991969349265	0	110.4493378007884	2.8391380990889026	-0.0000000000000008881784197001252	0	0	300.265867373234	0
-2	-5	-11.262991969349265	0	110.4493378007884	2.8391380990889026	-0.0000000000000008881784197001252	0	0	300.265867373234	0
-2	-10	-11.262991969349265	0	110.4493378007884	2.8391380990889026	-0.0000000000000008881784197001252	0	0	300.265867373234	0
-2	-20	-11.262991969349265	0	110.4493378007884	2.8391380990889026	-0.0000000000000008881784197001252	0	0	300.265867373234	0
-2	-40	-11.262991969349265	0	110.4493378007884	2.8391380990889026	-0.0000000000000008881784197001252	0	0	300.265867373234	0
-5	40	-11.262991969349265	0	110.4493378007884	2.8391380990889026	-0.0000000000000008881784197001252	0	0	263.1788187611562	0
-5	20	-11.262991969349265	0	110.4493378007884	2.8391380990889026	-0.0000000000000008881784197001252	0	0	263.1788187611562	0
-5	10	-11.262991969349265	0	110.4493378007884	2.8391380990889026	-0.0000000000000008881784197001252	0	0	263.1788187611562	0
-5	5	-11.262991969349265	0	110.4493378007884	2.8391380990889026	-0.0000000000000008881784197001252	0	0	263.1788187611562	0
-5	2	-11.262991969349265	0	110.4493378007884	2.8391380990889026	-0.0000000000000008881784197001252	0	0	263.1788187611562	0
-5	0	-11.262991969349265	0	110.4493378007884	2.8391380990889026	-0.0000000000000008881784197001252	0	0	263.1788187611562	0
-5	-2	-11.262991969349265	0	110.4493378007884	2.8391380990889026	-0.0000000000000008881784197001252	0	0	263.1788187611562	0
-60	40	-11.262991969349265	11.668482380299928	117.85463404309911	1.1983032053546367	0.5765941886391941	1.1865754219810014	8.83236144613324	21.541774193074936	1.1645890756338897
-5	-5	-11.262991969349265	0	110.4493378007884	2.8391380990889026	-0.0000000000000008881784197001252	0	0	263.1788187611562	0
-5	-10	-11.262991969349265	0	110.4493378007884	2.8391380990889026	-0.0000000000000008881784197001252	0	0	263.1788187611562	0
-5	-20	-11.262991969349265	0	110.4493378007884	2.8391380990889026	-0.0000000000000008881784197001252	0	0	263.1788187611562	0
-5	-40	-11.262991969349265	0	110.4493378007884	2.8391380990889026	-0.0000000000000008881784197001252	0	0	263.1788187611562	0
-10	40	-11.262991969349265	0	110.4493378007884	2.8391380990889026	-0.0000000000000008881784197001252	0	0	203.07703078002987	0
-10	20	-11.262991969349265	0	110.4493378007884	2.8391380990889026	-0.0000000000000008881784197001252	0	0	203.07703078002987	0
-10	10	-11.262991969349265	0	110.4493378007884	2.8391380990889026	-0.0000000000000008881784197001252	0	0	203.07703078002987	0
-10	5	-11.262991969349265	0	110.4493378007884	2.8391380990889026	-0.0000000000000008881784197001252	0	0	203.07703078002987	0
-10	2	-11.262991969349265	0	110.4493378007884	2.8391380990889026	-0.0000000000000008881784197001252	0	0	203.07703078002987	0
-10	0	-11.262991969349265	0	110.4493378007884	2.8391380990889026	-0.0000000000000008881784197001252	0	0	203.07703078002987	0
-10	-2	-11.262991969349265	0	110.4493378007884	2.8391380990889026	-0.0000000000000008881784197001252	0	0	203.07703078002987	0
-10	-5	-11.262991969349265	0	110.4493378007884	2.8391380990889026	-0.0000000000000008881784197001252	0	0	203.07703078002987	0
-10	-10	-11.262991969349265	0	110.4493378007884	2.8391380990889026	-0.0000000000000008881784197001252	0	0	203.07703078002987	0
-10	-20	-11.262991969349265	0	110.4493378007884	2.8391380990889026	-0.0000000000000008881784197001252	0	0	203.07703078002987	0
-10	-40	-11.262991969349265	0	110.4493378007884	2.8391380990889026	-0.0000000000000008881784197001252	0	0	203.07703078002987	0
-15	40	-11.262991969349265	0	110.4493378007884	2.8391380990889026	-0.0000000000000008881784197001252	0	0	154.6635536027069	0
-15	20	-11.262991969349265	0	110.4493378007884	2.8391380990889026	-0.0000000000000008881784197001252	0	0	154.6635536027069	0
-15	10	-11.262991969349265	0	110.4493378007884	2.8391380990889026	-0.0000000000000008881784197001252	0	0	154.6635536027069	0
-15	5	-11.262991969349265	0	110.4493378007884	2.8391380990889026	-0.0000000000000008881784197001252	0	0	154.6635536027069	0
-15	2	-11.262991969349265	0	110.4493378007884	2.8391380990889026	-0.0000000000000008881784197001252	0	0	154.6635536027069	0
-15	0	-11.262991969349265	0	110.4493378007884	2.8391380990889026	-0.0000000000000008881784197001252	0	0	154.6635536027069	0
-15	-2	-11.262991969349265	0	110.4493378007884	2.8391380990889026	-0.0000000000000008881784197001252	0	0	154.6635536027069	0
-15	-5	-11.262991969349265	0	110.4493378007884	2.8391380990889026	-0.0000000000000008881784197001252	0	0	154.6635536027069	0
-60	-40	-11.262991969349265	0.7530975342308174	105.51594731405395	0.4729867365491854	0.44295708817603224	1.0061949173986429	4.230674265192563	21.541774193074936	-0.11079474743426694
-15	-10	-11.262991969349265	0	110.4493378007884	2.8391380990889026	-0.0000000000000008881784197001252	0	0	154.6635536027069	0
-15	-20	-11.262991969349265	0	110.4493378007884	2.8391380990889026	-0.0000000000000008881784197001252	0	0	154.6635536027069	0
-15	-40	-11.262991969349265	0	110.4493378007884	2.8391380990889026	-0.0000000000000008881784197001252	0	0	154.6635536027069	0
60	-40	-12.764724231929167	9.359845121776715	103.67107860315865	5.68413985141745	0.5866591454388262	1.1644831725508962	4.457058675385822	25.991817785431305	31.356713372401035
-30	40	-11.262991969349265	0	110.4493378007884	2.8391380990889026	-0.0000000000000008881784197001252	0	0	85.522965133938	0
-30	20	-11.262991969349265	0	110.4493378007884	2.8391380990889026	-0.0000000000000008881784197001252	0	0	85.522965133938	0
-30	10	-11.262991969349265	0	110.4493378007884	2.8391380990889026	-0.0000000000000008881784197001252	0	0	85.522965133938	0
-30	5	-11.262991969349265	0	110.4493378007884	2.8391380990889026	-0.0000000000000008881784197001252	0	0	85.522965133938	0
-30	2	-11.262991969349265	0	110.4493378007884	2.8391380990889026	-0.0000000000000008881784197001252	0	0	85.522965133938	0
-30	0	-11.262991969349265	0	110.4493378007884	2.8391380990889026	-0.0000000000000008881784197001252	0	0	85.522965133938	0
-30	-2	-11.262991969349265	0	110.4493378007884	2.8391380990889026	-0.0000000000000008881784197001252	0	0	85.522965133938	0
-60	20	-11.262991969349265	0.027466583521905723	119.77658564116881	0.08549030029995866	0.1480735436738507	0	0	21.541774193074936	-0.0023481264735016505
-30	-5	-11.262991969349265	0	110.4493378007884	2.8391380990889026	-0.0000000000000008881784197001252	0	0	85.522965133938	0
-30	-10	-11.262991969349265	0	110.4493378007884	2.8391380990889026	-0.0000000000000008881784197001252	0	0	85.522965133938	0
-30	-20	-11.262991969349265	0	110.4493378007884	2.8391380990889026	-0.0000000000000008881784197001252	0	0	85.522965133938	0
-30	-40	-11.262991969349265	0	110.4493378007884	2.8391380990889026	-0.0000000000000008881784197001252	0	0	85.522965133938	0
60	40	-12.764724231929167	1.0299400998039452	119.36624700446198	2.420118155874807	0.7254779591340214	0.6276857149102528	1.4137795801664683	25.991817785431305	1.89338154603465
-60	10	-11.262991969349265	0	110.4493378007884	2.8391380990889026	-0.0000000000000008881784197001252	0	0	21.541774193074936	0
-60	5	-11.262991969349265	0	110.4493378007884	2.8391380990889026	-0.0000000000000008881784197001252	0	0	21.541774193074936	0
-60	2	-11.262991969349265	0	110.4493378007884	2.8391380990889026	-0.0000000000000008881784197001252	0	0	21.541774193074936	0
-60	0	-11.262991969349265	0	110.4493378007884	2.8391380990889026	-0.0000000000000008881784197001252	0	0	21.541774193074936	0
-60	-2	-11.262991969349265	0	110.4493378007884	2.8391380990889026	-0.0000000000000008881784197001252	0	0	21.541774193074936	0
-60	-5	-11.262991969349265	0	110.4493378007884	2.8391380990889026	-0.0000000000000008881784197001252	0	0	21.541774193074936	0
-60	-10	-11.262991969349265	0	110.4493378007884	2.8391380990889026	-0.0000000000000008881784197001252	0	0	21.541774193074936	0
-60	-20	-11.262991969349265	0	110.4493378007884	2.8391380990889026	-0.0000000000000008881784197001252	0	0	21.541774193074936	0
60	20	-12.764724231929167	0	110.4493378007884	2.8391380990889026	-0.0000000000000008881784197001252	0	0	25.991817785431305	0
60	-20	-12.764724231929167	0.04711981448888675	102.37227034830345	7.295249832716811	0.6848672493254688	0.038074674895573445	0.010694173926835929	25.991817785431305	0.19982275734562102
60	10	-12.764724231929167	0	110.4493378007884	2.8391380990889026	-0.0000000000000008881784197001252	0	0	25.991817785431305	0
60	5	-12.764724231929167	0	110.4493378007884	2.8391380990889026	-0.0000000000000008881784197001252	0	0	25.991817785431305	0
60	2	-12.764724231929167	0	110.4493378007884	2.8391380990889026	-0.0000000000000008881784197001252	0	0	25.991817785431305	0
60	0	-12.764724231929167	0	110.4493378007884	2.8391380990889026	-0.0000000000000008881784197001252	0	0	25.991817785431305	0
60	-2	-12.764724231929167	0	110.4493378007884	2.8391380990889026	-0.0000000000000008881784197001252	0	0	25.991817785431305	0
60	-5	-12.764724231929167	0	110.4493378007884	2.8391380990889026	-0.0000000000000008881784197001252	0	0	25.991817785431305	0
60	-10	-12.764724231929167	0	110.4493378007884	2.8391380990889026	-0.0000000000000008881784197001252	0	0	25.991817785431305	0
30	40	-12.764724231929167	0	110.4493378007884	2.8391380990889026	-0.0000000000000008881784197001252	0	0	108.46950087474609	0
30	20	-12.764724231929167	0	110.4493378007884	2.8391380990889026	-0.0000000000000008881784197001252	0	0	108.46950087474609	0
30	10	-12.764724231929167	0	110.4493378007884	2.8391380990889026	-0.0000000000000008881784197001252	0	0	108.46950087474609	0
30	5	-12.764724231929167	0	110.4493378007884	2.8391380990889026	-0.0000000000000008881784197001252	0	0	108.46950087474609	0
30	2	-12.764724231929167	0	110.4493378007884	2.8391380990889026	-0.0000000000000008881784197001252	0	0	108.46950087474609	0
30	0	-12.764724231929167	0	110.4493378007884	2.8391380990889026	-0.0000000000000008881784197001252	0	0	108.46950087474609	0
30	-2	-12.764724231929167	0	110.4493378007884	2.8391380990889026	-0.0000000000000008881784197001252	0	0	108.46950087474609	0
30	-5	-12.764724231929167	0	110.4493378007884	2.8391380990889026	-0.0000000000000008881784197001252	0	0	108.46950087474609	0
30	-10	-12.764724231929167	0	110.4493378007884	2.8391380990889026	-0.0000000000000008881784197001252	0	0	108.46950087474609	0
30	-20	-12.764724231929167	0	110.4493378007884	2.8391380990889026	-0.0000000000000008881784197001252	0	0	108.46950087474609	0
30	-40	-12.764724231929167	0	110.4493378007884	2.8391380990889026	-0.0000000000000008881784197001252	0	0	108.46950087474609	0
15	40	-12.764724231929167	0	110.4493378007884	2.8391380990889026	-0.0000000000000008881784197001252	0	0	222.31097728988945	0
15	20	-12.764724231929167	0	110.4493378007884	2.8391380990889026	-0.0000000000000008881784197001252	0	0	222.31097728988945	0
15	10	-12.764724231929167	0	110.4493378007884	2.8391380990889026	-0.0000000000000008881784197001252	0	0	222.31097728988945	0
15	5	-12.764724231929167	0	110.4493378007884	2.8391380990889026	-0.0000000000000008881784197001252	0	0	222.31097728988945	0
15	2	-12.764724231929167	0	110.4493378007884	2.8391380990889026	-0.0000000000000008881784197001252	0	0	222.31097728988945	0
15	0	-12.764724231929167	0	110.4493378007884	2.8391380990889026	-0.0000000000000008881784197001252	0	0	222.31097728988945	0
15	-2	-12.764724231929167	0	110.4493378007884	2.8391380990889026	-0.0000000000000008881784197001252	0	0	222.31097728988945	0
15	-5	-12.764724231929167	0	110.4493378007884	2.8391380990889026	-0.0000000000000008881784197001252	0	0	222.31097728988945	0
15	-10	-12.764724231929167	0	110.4493378007884	2.8391380990889026	-0.0000000000000008881784197001252	0	0	222.31097728988945	0
15	-20	-12.764724231929167	0	110.4493378007884	2.8391380990889026	-0.0000000000000008881784197001252	0	0	222.31097728988945	0
15	-40	-12.764724231929167	0	110.4493378007884	2.8391380990889026	-0.0000000000000008881784197001252	0	0	222.31097728988945	0
10	40	-12.764724231929167	0	110.4493378007884	2.8391380990889026	-0.0000000000000008881784197001252	0	0	306.7059016969317	0
10	20	-12.764724231929167	0	110.4493378007884	2.8391380990889026	-0.0000000000000008881784197001252	0	0	306.7059016969317	0
10	10	-12.764724231929167	0	110.4493378007884	2.8391380990889026	-0.0000000000000008881784197001252	0	0	306.7059016969317	0
10	5	-12.764724231929167	0	110.4493378007884	2.8391380990889026	-0.0000000000000008881784197001252	0	0	306.7059016969317	0
10	2	-12.764724231929167	0	110.4493378007884	2.8391380990889026	-0.0000000000000008881784197001252	0	0	306.7059016969317	0
10	0	-12.764724231929167	0	110.4493378007884	2.8391380990889026	-0.0000000000000008881784197001252	0	0	306.7059016969317	0
10	-2	-12.764724231929167	0	110.4493378007884	2.8391380990889026	-0.0000000000000008881784197001252	0	0	306.7059016969317	0
10	-5	-12.764724231929167	0	110.4493378007884	2.8391380990889026	-0.0000000000000008881784197001252	0	0	306.7059016969317	0
10	-10	-12.764724231929167	0	110.4493378007884	2.8391380990889026	-0.0000000000000008881784197001252	0	0	306.7059016969317	0
10	-20	-12.764724231929167	0	110.4493378007884	2.8391380990889026	-0.0000000000000008881784197001252	0	0	306.7059016969317	0
10	-40	-12.764724231929167	0	110.4493378007884	2.8391380990889026	-0.0000000000000008881784197001252	0	0	306.7059016969317	0
5	40	-12.764724231929167	0	110.4493378007884	2.8391380990889026	-0.0000000000000008881784197001252	0	0	313.75400038458673	0
5	20	-12.764724231929167	0	110.4493378007884	2.8391380990889026	-0.0000000000000008881784197001252	0	0	313.75400038458673	0
5	10	-12.764724231929167	0	110.4493378007884	2.8391380990889026	-0.0000000000000008881784197001252	0	0	313.75400038458673	0
5	5	-12.764724231929167	0	110.4493378007884	2.8391380990889026	-0.0000000000000008881784197001252	0	0	313.75400038458673	0
5	2	-12.764724231929167	0	110.4493378007884	2.8391380990889026	-0.0000000000000008881784197001252	0	0	313.75400038458673	0
5	0	-12.764724231929167	0	110.4493378007884	2.8391380990889026	-0.0000000000000008881784197001252	0	0	313.75400038458673	0
5	-2	-12.764724231929167	0	110.4493378007884	2.8391380990889026	-0.0000000000000008881784197001252	0	0	313.75400038458673	0
5	-5	-12.764724231929167	0	110.4493378007884	2.8391380990889026	-0.0000000000000008881784197001252	0	0	313.75400038458673	0
5	-10	-12.764724231929167	0	110.4493378007884	2.8391380990889026	-0.0000000000000008881784197001252	0	0	313.75400038458673	0
5	-20	-12.764724231929167	0	110.4493378007884	2.8391380990889026	-0.0000000000000008881784197001252	0	0	313.75400038458673	0
5	-40	-12.764724231929167	0	110.4493378007884	2.8391380990889026	-0.0000000000000008881784197001252	0	0	313.75400038458673	0
2	40	-12.764724231929167	0	110.4493378007884	2.8391380990889026	-0.0000000000000008881784197001252	0	0	315.16884005788893	0
2	20	-12.764724231929167	0	110.4493378007884	2.8391380990889026	-0.0000000000000008881784197001252	0	0	315.16884005788893	0
2	10	-12.764724231929167	0	110.4493378007884	2.8391380990889026	-0.0000000000000008881784197001252	0	0	315.16884005788893	0
2	5	-12.764724231929167	0	110.4493378007884	2.8391380990889026	-0.0000000000000008881784197001252	0	0	315.16884005788893	0
2	2	-12.764724231929167	0	110.4493378007884	2.8391380990889026	-0.0000000000000008881784197001252	0	0	315.16884005788893	0
2	0	-12.764724231929167	0	110.4493378007884	2.8391380990889026	-0.0000000000000008881784197001252	0	0	315.16884005788893	0
2	-2	-12.764724231929167	0	110.4493378007884	2.8391380990889026	-0.0000000000000008881784197001252	0	0	315.16884005788893	0
2	-5	-12.764724231929167	0	110.4493378007884	2.8391380990889026	-0.0000000000000008881784197001252	0	0	315.16884005788893	0
2	-10	-12.764724231929167	0	110.4493378007884	2.8391380990889026	-0.0000000000000008881784197001252	0	0	315.16884005788893	0
2	-20	-12.764724231929167	0	110.4493378007884	2.8391380990889026	-0.0000000000000008881784197001252	0	0	315.16884005788893	0
2	-40	-12.764724231929167	0	110.4493378007884	2.8391380990889026	-0.0000000000000008881784197001252	0	0	315.16884005788893	0
0	40	-12.764724231929167	0	110.4493378007884	2.8391380990889026	-0.0000000000000008881784197001252	0	0	314.65562932839464	0
0	20	-12.764724231929167	0	110.4493378007884	2.8391380990889026	-0.0000000000000008881784197001252	0	0	314.65562932839464	0
0	10	-12.764724231929167	0	110.4493378007884	2.8391380990889026	-0.0000000000000008881784197001252	0	0	314.65562932839464	0
0	5	-12.764724231929167	0	110.4493378007884	2.8391380990889026	-0.0000000000000008881784197001252	0	0	314.65562932839464	0
0	2	-12.764724231929167	0	110.4493378007884	2.8391380990889026	-0.0000000000000008881784197001252	0	0	314.65562932839464	0
0	0	-12.764724231929167	0	110.4493378007884	2.8391380990889026	-0.0000000000000008881784197001252	0	0	314.65562932839464	0
0	-2	-12.764724231929167	0	110.4493378007884	2.8391380990889026	-0.0000000000000008881784197001252	0	0	314.65562932839464	0
0	-5	-12.764724231929167	0	110.4493378007884	2.8391380990889026	-0.0000000000000008881784197001252	0	0	314.65562932839464	0
0	-10	-12.764724231929167	0	110.4493378007884	2.8391380990889026	-0.0000000000000008881784197001252	0	0	314.65562932839464	0
0	-20	-12.764724231929167	0	110.4493378007884	2.8391380990889026	-0.0000000000000008881784197001252	0	0	314.65562932839464	0
0	-40	-12.764724231929167	0	110.4493378007884	2.8391380990889026	-0.0000000000000008881784197001252	0	0	314.65562932839464	0
-2	40	-12.764724231929167	0	110.4493378007884	2.8391380990889026	-0.0000000000000008881784197001252	0	0	300.265867373234	0
-2	20	-12.764724231929167	0	110.4493378007884	2.8391380990889026	-0.0000000000000008881784197001252	0	0	300.265867373234	0
-2	10	-12.764724231929167	0	110.4493378007884	2.8391380990889026	-0.0000000000000008881784197001252	0	0	300.265867373234	0
-2	5	-12.764724231929167	0	110.4493378007884	2.8391380990889026	-0.0000000000000008881784197001252	0	0	300.265867373234	0
-2	2	-12.764724231929167	0	110.4493378007884	2.8391380990889026	-0.0000000000000008881784197001252	0	0	300.265867373234	0
-2	0	-12.764724231929167	0	110.4493378007884	2.8391380990889026	-0.0000000000000008881784197001252	0	0	300.265867373234	0
-2	-2	-12.764724231929167	0	110.4493378007884	2.8391380990889026	-0.0000000000000008881784197001252	0	0	300.265867373234	0
-2	-5	-12.764724231929167	0	110.4493378007884	2.8391380990889026	-0.0000000000000008881784197001252	0	0	300.265867373234	0
-60	40	-12.764724231929167	8.831171335443445	118.2735511112413	1.1093661115600566	0.5702271870486862	0.99562609314081	7.425538614734332	21.541774193074936	0.5373929003089191
-2	-10	-12.764724231929167	0	110.4493378007884	2.8391380990889026	-0.0000000000000008881784197001252	0	0	300.265867373234	0
-2	-20	-12.764724231929167	0	110.4493378007884	2.8391380990889026	-0.0000000000000008881784197001252	0	0	300.265867373234	0
-2	-40	-12.764724231929167	0	110.4493378007884	2.8391380990889026	-0.0000000000000008881784197001252	0	0	300.265867373234	0
-5	40	-12.764724231929167	0	110.4493378007884	2.8391380990889026	-0.0000000000000008881784197001252	0	0	263.1788187611562	0
-5	20	-12.764724231929167	0	110.4493378007884	2.8391380990889026	-0.0000000000000008881784197001252	0	0	263.1788187611562	0
-5	10	-12.764724231929167	0	110.4493378007884	2.8391380990889026	-0.0000000000000008881784197001252	0	0	263.1788187611562	0
-5	5	-12.764724231929167	0	110.4493378007884	2.8391380990889026	-0.0000000000000008881784197001252	0	0	263.1788187611562	0
-5	2	-12.764724231929167	0	110.4493378007884	2.8391380990889026	-0.0000000000000008881784197001252	0	0	263.1788187611562	0
-5	0	-12.764724231929167	0	110.4493378007884	2.8391380990889026	-0.0000000000000008881784197001252	0	0	263.1788187611562	0
-5	-2	-12.764724231929167	0	110.4493378007884	2.8391380990889026	-0.0000000000000008881784197001252	0	0	263.1788187611562	0
-5	-5	-12.764724231929167	0	110.4493378007884	2.8391380990889026	-0.0000000000000008881784197001252	0	0	263.1788187611562	0
-5	-10	-12.764724231929167	0	110.4493378007884	2.8391380990889026	-0.0000000000000008881784197001252	0	0	263.1788187611562	0
-5	-20	-12.764724231929167	0	110.4493378007884	2.8391380990889026	-0.0000000000000008881784197001252	0	0	263.1788187611562	0
-5	-40	-12.764724231929167	0	110.4493378007884	2.8391380990889026	-0.0000000000000008881784197001252	0	0	263.1788187611562	0
-10	40	-12.764724231929167	0	110.4493378007884	2.8391380990889026	-0.0000000000000008881784197001252	0	0	203.07703078002987	0
-10	20	-12.764724231929167	0	110.4493378007884	2.8391380990889026	-0.0000000000000008881784197001252	0	0	203.07703078002987	0
60	-40	-14.266456494509068	6.814303386430228	103.35129789971525	5.845192382302034	0.5832929777221548	1.3247016843894797	5.380426765657869	25.991817785431305	23.35767887722863
-10	10	-12.764724231929167	0	110.4493378007884	2.8391380990889026	-0.0000000000000008881784197001252	0	0	203.07703078002987	0
-10	5	-12.764724231929167	0	110.4493378007884	2.8391380990889026	-0.0000000000000008881784197001252	0	0	203.07703078002987	0
-10	2	-12.764724231929167	0	110.4493378007884	2.8391380990889026	-0.0000000000000008881784197001252	0	0	203.07703078002987	0
-10	0	-12.764724231929167	0	110.4493378007884	2.8391380990889026	-0.0000000000000008881784197001252	0	0	203.07703078002987	0
-10	-2	-12.764724231929167	0	110.4493378007884	2.8391380990889026	-0.0000000000000008881784197001252	0	0	203.07703078002987	0
-10	-5	-12.764724231929167	0	110.4493378007884	2.8391380990889026	-0.0000000000000008881784197001252	0	0	203.07703078002987	0
-10	-10	-12.764724231929167	0	110.4493378007884	2.8391380990889026	-0.0000000000000008881784197001252	0	0	203.07703078002987	0
-10	-20	-12.764724231929167	0	110.4493378007884	2.8391380990889026	-0.0000000000000008881784197001252	0	0	203.07703078002987	0
-10	-40	-12.764724231929167	0	110.4493378007884	2.8391380990889026	-0.0000000000000008881784197001252	0	0	203.07703078002987	0
-15	40	-12.764724231929167	0	110.4493378007884	2.8391380990889026	-0.0000000000000008881784197001252	0	0	154.6635536027069	0
-15	20	-12.764724231929167	0	110.4493378007884	2.8391380990889026	-0.0000000000000008881784197001252	0	0	154.6635536027069	0
-15	10	-12.764724231929167	0	110.4493378007884	2.8391380990889026	-0.0000000000000008881784197001252	0	0	154.6635536027069	0
-15	5	-12.764724231929167	0	110.4493378007884	2.8391380990889026	-0.0000000000000008881784197001252	0	0	154.6635536027069	0
-15	2	-12.764724231929167	0	110.4493378007884	2.8391380990889026	-0.0000000000000008881784197001252	0	0	154.6635536027069	0
-15	0	-12.764724231929167	0	110.4493378007884	2.8391380990889026	-0.0000000000000008881784197001252	0	0	154.6635536027069	0
-15	-2	-12.764724231929167	0	110.4493378007884	2.8391380990889026	-0.0000000000000008881784197001252	0	0	154.6635536027069	0
-15	-5	-12.764724231929167	0	110.4493378007884	2.8391380990889026	-0.0000000000000008881784197001252	0	0	154.6635536027069	0
-15	-10	-12.764724231929167	0	110.4493378007884	2.8391380990889026	-0.0000000000000008881784197001252	0	0	154.6635536027069	0
-15	-20	-12.764724231929167	0	110.4493378007884	2.8391380990889026	-0.0000000000000008881784197001252	0	0	154.6635536027069	0
-15	-40	-12.764724231929167	0	110.4493378007884	2.8391380990889026	-0.0000000000000008881784197001252	0	0	154.6635536027069	0
-30	40	-12.764724231929167	0	110.4493378007884	2.8391380990889026	-0.0000000000000008881784197001252	0	0	85.522965133938	0
-30	20	-12.764724231929167	0	110.4493378007884	2.8391380990889026	-0.0000000000000008881784197001252	0	0	85.522965133938	0
-30	10	-12.764724231929167	0	110.4493378007884	2.8391380990889026	-0.0000000000000008881784197001252	0	0	85.522965133938	0
-30	5	-12.764724231929167	0	110.4493378007884	2.8391380990889026	-0.0000000000000008881784197001252	0	0	85.522965133938	0
-30	2	-12.764724231929167	0	110.4493378007884	2.8391380990889026	-0.0000000000000008881784197001252	0	0	85.522965133938	0
-30	0	-12.764724231929167	0	110.4493378007884	2.8391380990889026	-0.0000000000000008881784197001252	0	0	85.522965133938	0
-30	-2	-12.764724231929167	0	110.4493378007884	2.8391380990889026	-0.0000000000000008881784197001252	0	0	85.522965133938	0
-30	-5	-12.764724231929167	0	110.4493378007884	2.8391380990889026	-0.0000000000000008881784197001252	0	0	85.522965133938	0
-30	-10	-12.764724231929167	0	110.4493378007884	2.8391380990889026	-0.0000000000000008881784197001252	0	0	85.522965133938	0
60	40	-14.266456494509068	0.12039878042950214	119.72818226785107	2.7511935110628865	0.844287038043844	0.0695122590274912	0.0731187217730418	25.991817785431305	0.2536526323835378
-30	-20	-12.764724231929167	0	110.4493378007884	2.8391380990889026	-0.0000000000000008881784197001252	0	0	85.522965133938	0
-60	-40	-12.764724231929167	0.05661986546548963	105.32834442460371	0.1437322178174338	0.24895150394435248	0.02926518212728452	0.016362855295776718	21.541774193074936	-0.008138098835879575
-30	-40	-12.764724231929167	0	110.4493378007884	2.8391380990889026	-0.0000000000000008881784197001252	0	0	85.522965133938	0
-60	20	-12.764724231929167	0	110.4493378007884	2.8391380990889026	-0.0000000000000008881784197001252	0	0	21.541774193074936	0
-60	10	-12.764724231929167	0	110.4493378007884	2.8391380990889026	-0.0000000000000008881784197001252	0	0	21.541774193074936	0
-60	5	-12.764724231929167	0	110.4493378007884	2.8391380990889026	-0.0000000000000008881784197001252	0	0	21.541774193074936	0
-60	0	-12.764724231929167	0	110.4493378007884	2.8391380990889026	-0.0000000000000008881784197001252	0	0	21.541774193074936	0
-60	2	-12.764724231929167	0	110.4493378007884	2.8391380990889026	-0.0000000000000008881784197001252	0	0	21.541774193074936	0
-60	-2	-12.764724231929167	0	110.4493378007884	2.8391380990889026	-0.0000000000000008881784197001252	0	0	21.541774193074936	0
-60	-5	-12.764724231929167	0	110.4493378007884	2.8391380990889026	-0.0000000000000008881784197001252	0	0	21.541774193074936	0
-60	-10	-12.764724231929167	0	110.4493378007884	2.8391380990889026	-0.0000000000000008881784197001252	0	0	21.541774193074936	0
-60	-20	-12.764724231929167	0	110.4493378007884	2.8391380990889026	-0.0000000000000008881784197001252	0	0	21.541774193074936	0
60	20	-14.266456494509068	0	110.4493378007884	2.8391380990889026	-0.0000000000000008881784197001252	0	0	25.991817785431305	0
60	10	-14.266456494509068	0	110.4493378007884	2.8391380990889026	-0.0000000000000008881784197001252	0	0	25.991817785431305	0
60	5	-14.266456494509068	0	110.4493378007884	2.8391380990889026	-0.0000000000000008881784197001252	0	0	25.991817785431305	0
60	2	-14.266456494509068	0	110.4493378007884	2.8391380990889026	-0.0000000000000008881784197001252	0	0	25.991817785431305	0
60	0	-14.266456494509068	0	110.4493378007884	2.8391380990889026	-0.0000000000000008881784197001252	0	0	25.991817785431305	0
60	-2	-14.266456494509068	0	110.4493378007884	2.8391380990889026	-0.0000000000000008881784197001252	0	0	25.991817785431305	0
60	-5	-14.266456494509068	0	110.4493378007884	2.8391380990889026	-0.0000000000000008881784197001252	0	0	25.991817785431305	0
60	-10	-14.266456494509068	0	110.4493378007884	2.8391380990889026	-0.0000000000000008881784197001252	0	0	25.991817785431305	0
60	-20	-14.266456494509068	0	110.4493378007884	2.8391380990889026	-0.0000000000000008881784197001252	0	0	25.991817785431305	0
30	40	-14.266456494509068	0	110.4493378007884	2.8391380990889026	-0.0000000000000008881784197001252	0	0	108.46950087474609	0
30	20	-14.266456494509068	0	110.4493378007884	2.8391380990889026	-0.0000000000000008881784197001252	0	0	108.46950087474609	0
30	10	-14.266456494509068	0	110.4493378007884	2.8391380990889026	-0.0000000000000008881784197001252	0	0	108.46950087474609	0
30	5	-14.266456494509068	0	110.4493378007884	2.8391380990889026	-0.0000000000000008881784197001252	0	0	108.46950087474609	0
30	2	-14.266456494509068	0	110.4493378007884	2.8391380990889026	-0.0000000000000008881784197001252	0	0	108.46950087474609	0
30	0	-14.266456494509068	0	110.4493378007884	2.8391380990889026	-0.0000000000000008881784197001252	0	0	108.46950087474609	0
30	-2	-14.266456494509068	0	110.4493378007884	2.8391380990889026	-0.0000000000000008881784197001252	0	0	108.46950087474609	0
30	-5	-14.266456494509068	0	110.4493378007884	2.8391380990889026	-0.0000000000000008881784197001252	0	0	108.46950087474609	0
30	-10	-14.266456494509068	0	110.4493378007884	2.8391380990889026	-0.0000000000000008881784197001252	0	0	108.46950087474609	0
30	-20	-14.266456494509068	0	110.4493378007884	2.8391380990889026	-0.0000000000000008881784197001252	0	0	108.46950087474609	0
30	-40	-14.266456494509068	0	110.4493378007884	2.8391380990889026	-0.0000000000000008881784197001252	0	0	108.46950087474609	0
15	40	-14.266456494509068	0	110.4493378007884	2.8391380990889026	-0.0000000000000008881784197001252	0	0	222.31097728988945	0
15	20	-14.266456494509068	0	110.4493378007884	2.8391380990889026	-0.0000000000000008881784197001252	0	0	222.31097728988945	0
15	10	-14.266456494509068	0	110.4493378007884	2.8391380990889026	-0.0000000000000008881784197001252	0	0	222.31097728988945	0
15	5	-14.266456494509068	0	110.4493378007884	2.8391380990889026	-0.0000000000000008881784197001252	0	0	222.31097728988945	0
15	2	-14.266456494509068	0	110.4493378007884	2.8391380990889026	-0.0000000000000008881784197001252	0	0	222.31097728988945	0
15	0	-14.266456494509068	0	110.4493378007884	2.8391380990889026	-0.0000000000000008881784197001252	0	0	222.31097728988945	0
15	-2	-14.266456494509068	0	110.4493378007884	2.8391380990889026	-0.0000000000000008881784197001252	0	0	222.31097728988945	0
15	-5	-14.266456494509068	0	110.4493378007884	2.8391380990889026	-0.0000000000000008881784197001252	0	0	222.31097728988945	0
15	-10	-14.266456494509068	0	110.4493378007884	2.8391380990889026	-0.0000000000000008881784197001252	0	0	222.31097728988945	0
15	-20	-14.266456494509068	0	110.4493378007884	2.8391380990889026	-0.0000000000000008881784197001252	0	0	222.31097728988945	0
15	-40	-14.266456494509068	0	110.4493378007884	2.8391380990889026	-0.0000000000000008881784197001252	0	0	222.31097728988945	0
10	40	-14.266456494509068	0	110.4493378007884	2.8391380990889026	-0.0000000000000008881784197001252	0	0	306.7059016969317	0
10	20	-14.266456494509068	0	110.4493378007884	2.8391380990889026	-0.0000000000000008881784197001252	0	0	306.7059016969317	0
10	10	-14.266456494509068	0	110.4493378007884	2.8391380990889026	-0.0000000000000008881784197001252	0	0	306.7059016969317	0
10	5	-14.266456494509068	0	110.4493378007884	2.8391380990889026	-0.0000000000000008881784197001252	0	0	306.7059016969317	0
10	2	-14.266456494509068	0	110.4493378007884	2.8391380990889026	-0.0000000000000008881784197001252	0	0	306.7059016969317	0
10	0	-14.266456494509068	0	110.4493378007884	2.8391380990889026	-0.0000000000000008881784197001252	0	0	306.7059016969317	0
10	-2	-14.266456494509068	0	110.4493378007884	2.8391380990889026	-0.0000000000000008881784197001252	0	0	306.7059016969317	0
10	-5	-14.266456494509068	0	110.4493378007884	2.8391380990889026	-0.0000000000000008881784197001252	0	0	306.7059016969317	0
10	-10	-14.266456494509068	0	110.4493378007884	2.8391380990889026	-0.0000000000000008881784197001252	0	0	306.7059016969317	0
10	-20	-14.266456494509068	0	110.4493378007884	2.8391380990889026	-0.0000000000000008881784197001252	0	0	306.7059016969317	0
10	-40	-14.266456494509068	0	110.4493378007884	2.8391380990889026	-0.0000000000000008881784197001252	0	0	306.7059016969317	0
5	40	-14.266456494509068	0	110.4493378007884	2.8391380990889026	-0.0000000000000008881784197001252	0	0	313.75400038458673	0
5	20	-14.266456494509068	0	110.4493378007884	2.8391380990889026	-0.0000000000000008881784197001252	0	0	313.75400038458673	0
5	10	-14.266456494509068	0	110.4493378007884	2.8391380990889026	-0.0000000000000008881784197001252	0	0	313.75400038458673	0
5	5	-14.266456494509068	0	110.4493378007884	2.8391380990889026	-0.0000000000000008881784197001252	0	0	313.75400038458673	0
5	2	-14.266456494509068	0	110.4493378007884	2.8391380990889026	-0.0000000000000008881784197001252	0	0	313.75400038458673	0
5	0	-14.266456494509068	0	110.4493378007884	2.8391380990889026	-0.0000000000000008881784197001252	0	0	313.75400038458673	0
5	-2	-14.266456494509068	0	110.4493378007884	2.8391380990889026	-0.0000000000000008881784197001252	0	0	313.75400038458673	0
5	-5	-14.266456494509068	0	110.4493378007884	2.8391380990889026	-0.0000000000000008881784197001252	0	0	313.75400038458673	0
5	-10	-14.266456494509068	0	110.4493378007884	2.8391380990889026	-0.0000000000000008881784197001252	0	0	313.75400038458673	0
5	-20	-14.266456494509068	0	110.4493378007884	2.8391380990889026	-0.0000000000000008881784197001252	0	0	313.75400038458673	0
5	-40	-14.266456494509068	0	110.4493378007884	2.8391380990889026	-0.0000000000000008881784197001252	0	0	313.75400038458673	0
2	40	-14.266456494509068	0	110.4493378007884	2.8391380990889026	-0.0000000000000008881784197001252	0	0	315.16884005788893	0
2	20	-14.266456494509068	0	110.4493378007884	2.8391380990889026	-0.0000000000000008881784197001252	0	0	315.16884005788893	0
2	10	-14.266456494509068	0	110.4493378007884	2.8391380990889026	-0.0000000000000008881784197001252	0	0	315.16884005788893	0
2	5	-14.266456494509068	0	110.4493378007884	2.8391380990889026	-0.0000000000000008881784197001252	0	0	315.16884005788893	0
2	2	-14.266456494509068	0	110.4493378007884	2.8391380990889026	-0.0000000000000008881784197001252	0	0	315.16884005788893	0
2	0	-14.266456494509068	0	110.4493378007884	2.8391380990889026	-0.0000000000000008881784197001252	0	0	315.16884005788893	0
2	-2	-14.266456494509068	0	110.4493378007884	2.8391380990889026	-0.0000000000000008881784197001252	0	0	315.16884005788893	0
2	-5	-14.266456494509068	0	110.4493378007884	2.8391380990889026	-0.0000000000000008881784197001252	0	0	315.16884005788893	0
2	-10	-14.266456494509068	0	110.4493378007884	2.8391380990889026	-0.0000000000000008881784197001252	0	0	315.16884005788893	0
2	-20	-14.266456494509068	0	110.4493378007884	2.8391380990889026	-0.0000000000000008881784197001252	0	0	315.16884005788893	0
2	-40	-14.266456494509068	0	110.4493378007884	2.8391380990889026	-0.0000000000000008881784197001252	0	0	315.16884005788893	0
0	40	-14.266456494509068	0	110.4493378007884	2.8391380990889026	-0.0000000000000008881784197001252	0	0	314.65562932839464	0
0	20	-14.266456494509068	0	110.4493378007884	2.8391380990889026	-0.0000000000000008881784197001252	0	0	314.65562932839464	0
0	10	-14.266456494509068	0	110.4493378007884	2.8391380990889026	-0.0000000000000008881784197001252	0	0	314.65562932839464	0
0	5	-14.266456494509068	0	110.4493378007884	2.8391380990889026	-0.0000000000000008881784197001252	0	0	314.65562932839464	0
0	2	-14.266456494509068	0	110.4493378007884	2.8391380990889026	-0.0000000000000008881784197001252	0	0	314.65562932839464	0
0	0	-14.266456494509068	0	110.4493378007884	2.8391380990889026	-0.0000000000000008881784197001252	0	0	314.65562932839464	0
0	-2	-14.266456494509068	0	110.4493378007884	2.8391380990889026	-0.0000000000000008881784197001252	0	0	314.65562932839464	0
0	-5	-14.266456494509068	0	110.4493378007884	2.8391380990889026	-0.0000000000000008881784197001252	0	0	314.65562932839464	0
0	-10	-14.266456494509068	0	110.4493378007884	2.8391380990889026	-0.0000000000000008881784197001252	0	0	314.65562932839464	0
0	-20	-14.266456494509068	0	110.4493378007884	2.8391380990889026	-0.0000000000000008881784197001252	0	0	314.65562932839464	0
0	-40	-14.266456494509068	0	110.4493378007884	2.8391380990889026	-0.0000000000000008881784197001252	0	0	314.65562932839464	0
-2	40	-14.266456494509068	0	110.4493378007884	2.8391380990889026	-0.0000000000000008881784197001252	0	0	300.265867373234	0
-2	20	-14.266456494509068	0	110.4493378007884	2.8391380990889026	-0.0000000000000008881784197001252	0	0	300.265867373234	0
-2	10	-14.266456494509068	0	110.4493378007884	2.8391380990889026	-0.0000000000000008881784197001252	0	0	300.265867373234	0
-2	5	-14.266456494509068	0	110.4493378007884	2.8391380990889026	-0.0000000000000008881784197001252	0	0	300.265867373234	0
-2	2	-14.266456494509068	0	110.4493378007884	2.8391380990889026	-0.0000000000000008881784197001252	0	0	300.265867373234	0
-2	0	-14.266456494509068	0	110.4493378007884	2.8391380990889026	-0.0000000000000008881784197001252	0	0	300.265867373234	0
-60	40	-14.266456494509068	6.180043725611239	118.6687851329583	0.9920140325076411	0.557586310169473	0.8329634320688363	6.218669043649635	21.541774193074936	0.08110137411566662
-2	-2	-14.266456494509068	0	110.4493378007884	2.8391380990889026	-0.0000000000000008881784197001252	0	0	300.265867373234	0
-2	-5	-14.266456494509068	0	110.4493378007884	2.8391380990889026	-0.0000000000000008881784197001252	0	0	300.265867373234	0
-2	-10	-14.266456494509068	0	110.4493378007884	2.8391380990889026	-0.0000000000000008881784197001252	0	0	300.265867373234	0
-2	-20	-14.266456494509068	0	110.4493378007884	2.8391380990889026	-0.0000000000000008881784197001252	0	0	300.265867373234	0
-2	-40	-14.266456494509068	0	110.4493378007884	2.8391380990889026	-0.0000000000000008881784197001252	0	0	300.265867373234	0
-5	40	-14.266456494509068	0	110.4493378007884	2.8391380990889026	-0.0000000000000008881784197001252	0	0	263.1788187611562	0
-5	20	-14.266456494509068	0	110.4493378007884	2.8391380990889026	-0.0000000000000008881784197001252	0	0	263.1788187611562	0
-5	10	-14.266456494509068	0	110.4493378007884	2.8391380990889026	-0.0000000000000008881784197001252	0	0	263.1788187611562	0
-5	5	-14.266456494509068	0	110.4493378007884	2.8391380990889026	-0.0000000000000008881784197001252	0	0	263.1788187611562	0
-5	2	-14.266456494509068	0	110.4493378007884	2.8391380990889026	-0.0000000000000008881784197001252	0	0	263.1788187611562	0
-5	0	-14.266456494509068	0	110.4493378007884	2.8391380990889026	-0.0000000000000008881784197001252	0	0	263.1788187611562	0
-5	-2	-14.266456494509068	0	110.4493378007884	2.8391380990889026	-0.0000000000000008881784197001252	0	0	263.1788187611562	0
-5	-5	-14.266456494509068	0	110.4493378007884	2.8391380990889026	-0.0000000000000008881784197001252	0	0	263.1788187611562	0
-5	-10	-14.266456494509068	0	110.4493378007884	2.8391380990889026	-0.0000000000000008881784197001252	0	0	263.1788187611562	0
-5	-20	-14.266456494509068	0	110.4493378007884	2.8391380990889026	-0.0000000000000008881784197001252	0	0	263.1788187611562	0
-5	-40	-14.266456494509068	0	110.4493378007884	2.8391380990889026	-0.0000000000000008881784197001252	0	0	263.1788187611562	0
-10	40	-14.266456494509068	0	110.4493378007884	2.8391380990889026	-0.0000000000000008881784197001252	0	0	203.07703078002987	0
-10	20	-14.266456494509068	0	110.4493378007884	2.8391380990889026	-0.0000000000000008881784197001252	0	0	203.07703078002987	0
-10	10	-14.266456494509068	0	110.4493378007884	2.8391380990889026	-0.0000000000000008881784197001252	0	0	203.07703078002987	0
-10	5	-14.266456494509068	0	110.4493378007884	2.8391380990889026	-0.0000000000000008881784197001252	0	0	203.07703078002987	0
-10	2	-14.266456494509068	0	110.4493378007884	2.8391380990889026	-0.0000000000000008881784197001252	0	0	203.07703078002987	0
-10	0	-14.266456494509068	0	110.4493378007884	2.8391380990889026	-0.0000000000000008881784197001252	0	0	203.07703078002987	0
-10	-2	-14.266456494509068	0	110.4493378007884	2.8391380990889026	-0.0000000000000008881784197001252	0	0	203.07703078002987	0
-10	-5	-14.266456494509068	0	110.4493378007884	2.8391380990889026	-0.0000000000000008881784197001252	0	0	203.07703078002987	0
-10	-10	-14.266456494509068	0	110.4493378007884	2.8391380990889026	-0.0000000000000008881784197001252	0	0	203.07703078002987	0
-10	-20	-14.266456494509068	0	110.4493378007884	2.8391380990889026	-0.0000000000000008881784197001252	0	0	203.07703078002987	0
-10	-40	-14.266456494509068	0	110.4493378007884	2.8391380990889026	-0.0000000000000008881784197001252	0	0	203.07703078002987	0
-15	40	-14.266456494509068	0	110.4493378007884	2.8391380990889026	-0.0000000000000008881784197001252	0	0	154.6635536027069	0
-15	20	-14.266456494509068	0	110.4493378007884	2.8391380990889026	-0.0000000000000008881784197001252	0	0	154.6635536027069	0
-15	10	-14.266456494509068	0	110.4493378007884	2.8391380990889026	-0.0000000000000008881784197001252	0	0	154.6635536027069	0
-15	5	-14.266456494509068	0	110.4493378007884	2.8391380990889026	-0.0000000000000008881784197001252	0	0	154.6635536027069	0
-15	2	-14.266456494509068	0	110.4493378007884	2.8391380990889026	-0.0000000000000008881784197001252	0	0	154.6635536027069	0
-15	0	-14.266456494509068	0	110.4493378007884	2.8391380990889026	-0.0000000000000008881784197001252	0	0	154.6635536027069	0
-15	-2	-14.266456494509068	0	110.4493378007884	2.8391380990889026	-0.0000000000000008881784197001252	0	0	154.6635536027069	0
-15	-5	-14.266456494509068	0	110.4493378007884	2.8391380990889026	-0.0000000000000008881784197001252	0	0	154.6635536027069	0
-15	-10	-14.266456494509068	0	110.4493378007884	2.8391380990889026	-0.0000000000000008881784197001252	0	0	154.6635536027069	0
-15	-20	-14.266456494509068	0	110.4493378007884	2.8391380990889026	-0.0000000000000008881784197001252	0	0	154.6635536027069	0
-15	-40	-14.266456494509068	0	110.4493378007884	2.8391380990889026	-0.0000000000000008881784197001252	0	0	154.6635536027069	0
-30	40	-14.266456494509068	0	110.4493378007884	2.8391380990889026	-0.0000000000000008881784197001252	0	0	85.522965133938	0
-30	20	-14.266456494509068	0	110.4493378007884	2.8391380990889026	-0.0000000000000008881784197001252	0	0	85.522965133938	0
-30	10	-14.266456494509068	0	110.4493378007884	2.8391380990889026	-0.0000000000000008881784197001252	0	0	85.522965133938	0
-30	5	-14.266456494509068	0	110.4493378007884	2.8391380990889026	-0.0000000000000008881784197001252	0	0	85.522965133938	0
-30	2	-14.266456494509068	0	110.4493378007884	2.8391380990889026	-0.0000000000000008881784197001252	0	0	85.522965133938	0
-30	0	-14.266456494509068	0	110.4493378007884	2.8391380990889026	-0.0000000000000008881784197001252	0	0	85.522965133938	0
-30	-2	-14.266456494509068	0	110.4493378007884	2.8391380990889026	-0.0000000000000008881784197001252	0	0	85.522965133938	0
-30	-5	-14.266456494509068	0	110.4493378007884	2.8391380990889026	-0.0000000000000008881784197001252	0	0	85.522965133938	0
-30	-10	-14.266456494509068	0	110.4493378007884	2.8391380990889026	-0.0000000000000008881784197001252	0	0	85.522965133938	0
-30	-20	-14.266456494509068	0	110.4493378007884	2.8391380990889026	-0.0000000000000008881784197001252	0	0	85.522965133938	0
-30	-40	-14.266456494509068	0	110.4493378007884	2.8391380990889026	-0.0000000000000008881784197001252	0	0	85.522965133938	0
-60	20	-14.266456494509068	0	110.4493378007884	2.8391380990889026	-0.0000000000000008881784197001252	0	0	21.541774193074936	0
-60	10	-14.266456494509068	0	110.4493378007884	2.8391380990889026	-0.0000000000000008881784197001252	0	0	21.541774193074936	0
-60	5	-14.266456494509068	0	110.4493378007884	2.8391380990889026	-0.0000000000000008881784197001252	0	0	21.541774193074936	0
-60	2	-14.266456494509068	0	110.4493378007884	2.8391380990889026	-0.0000000000000008881784197001252	0	0	21.541774193074936	0
-60	0	-14.266456494509068	0	110.4493378007884	2.8391380990889026	-0.0000000000000008881784197001252	0	0	21.541774193074936	0
-60	-2	-14.266456494509068	0	110.4493378007884	2.8391380990889026	-0.0000000000000008881784197001252	0	0	21.541774193074936	0
-60	-5	-14.266456494509068	0	110.4493378007884	2.8391380990889026	-0.0000000000000008881784197001252	0	0	21.541774193074936	0
-60	-10	-14.266456494509068	0	110.4493378007884	2.8391380990889026	-0.0000000000000008881784197001252	0	0	21.541774193074936	0
-60	-20	-14.266456494509068	0	110.4493378007884	2.8391380990889026	-0.0000000000000008881784197001252	0	0	21.541774193074936	0
-60	-40	-14.266456494509068	0	110.4493378007884	2.8391380990889026	-0.0000000000000008881784197001252	0	0	21.541774193074936	0
