60	40	40.05605180857958	5898.044342139068	96.80222758091189	0.23726208797692033	6.511346242978655	1498.8642149970838	1741.5523265540833	7840.980746982219	33958.71164982397
60	20	40.05605180857958	6281.857162815506	95.55621654058416	-0.00000000000000009557820182084236	6.591563835904824	0	0	7840.980746982219	35859.74122334263
60	10	40.05605180857958	6281.857162815506	95.55621654058416	-0.00000000000000009557820182084236	6.591563835904824	0	0	7840.980746982219	35859.74122334263
60	5	40.05605180857958	6281.857162815506	95.55621654058416	-0.00000000000000009557820182084236	6.591563835904824	0	0	7840.980746982219	35859.74122334263
60	2	40.05605180857958	6281.857162815506	95.55621654058416	-0.00000000000000009557820182084236	6.591563835904824	0	0	7840.980746982219	35859.74122334263
60	0	40.05605180857958	6281.857162815506	95.55621654058416	-0.00000000000000009557820182084236	6.591563835904824	0	0	7840.980746982219	35859.74122334263
60	-2	40.05605180857958	6281.857162815506	95.55621654058416	-0.00000000000000009557820182084236	6.591563835904824	0	0	7840.980746982219	35859.74122334263
60	-5	40.05605180857958	6281.857162815506	95.55621654058416	-0.00000000000000009557820182084236	6.591563835904824	0	0	7840.980746982219	35859.74122334263
60	-10	40.05605180857958	6281.857162815506	95.55621654058416	-0.00000000000000009557820182084236	6.591563835904824	0	0	7840.980746982219	35859.74122334263
60	-20	40.05605180857958	6281.857162815506	95.55621654058416	-0.00000000000000009557820182084236	6.591563835904824	0	0	7840.980746982219	35859.74122334263
60	-40	40.05605180857958	5835.329923972059	93.98756946404598	0.16692464369949161	6.4588235553294195	1324.0526956407994	2825.074050070558	7840.980746982219	33126.97890976887
30	40	40.05605180857958	6281.857162815506	95.55621654058416	-0.00000000000000009557820182084236	6.591563835904824	0	0	12266.815791367448	20703.631248367183
30	20	40.05605180857958	6281.857162815506	95.55621654058416	-0.00000000000000009557820182084236	6.591563835904824	0	0	12266.815791367448	20703.631248367183
30	10	40.05605180857958	6281.857162815506	95.55621654058416	-0.00000000000000009557820182084236	6.591563835904824	0	0	12266.815791367448	20703.631248367183
30	5	40.05605180857958	6281.857162815506	95.55621654058416	-0.00000000000000009557820182084236	6.591563835904824	0	0	12266.815791367448	20703.631248367183
30	2	40.05605180857958	6281.857162815506	95.55621654058416	-0.00000000000000009557820182084236	6.591563835904824	0	0	12266.815791367448	20703.631248367183
30	0	40.05605180857958	6281.857162815506	95.55621654058416	-0.00000000000000009557820182084236	6.591563835904824	0	0	12266.815791367448	20703.631248367183
30	-2	40.05605180857958	6281.857162815506	95.55621654058416	-0.00000000000000009557820182084236	6.591563835904824	0	0	12266.815791367448	20703.631248367183
30	-5	40.05605180857958	6281.857162815506	95.55621654058416	-0.00000000000000009557820182084236	6.591563835904824	0	0	12266.815791367448	20703.631248367183
30	-10	40.05605180857958	6281.857162815506	95.55621654058416	-0.00000000000000009557820182084236	6.591563835904824	0	0	12266.815791367448	20703.631248367183
30	-20	40.05605180857958	6281.857162815506	95.55621654058416	-0.00000000000000009557820182084236	6.591563835904824	0	0	12266.815791367448	20703.631248367183
30	-40	40.05605180857958	6281.857162815506	95.55621654058416	-0.00000000000000009557820182084236	6.591563835904824	0	0	12266.815791367448	20703.631248367183
15	40	40.05605180857958	6281.857162815506	95.55621654058416	-0.00000000000000009557820182084236	6.591563835904824	0	0	9383.106816495063	10716.988139714209
15	20	40.05605180857958	6281.857162815506	95.55621654058416	-0.00000000000000009557820182084236	6.591563835904824	0	0	9383.106816495063	10716.988139714209
15	10	40.05605180857958	6281.857162815506	95.55621654058416	-0.00000000000000009557820182084236	6.591563835904824	0	0	9383.106816495063	10716.988139714209
15	5	40.05605180857958	6281.857162815506	95.55621654058416	-0.00000000000000009557820182084236	6.591563835904824	0	0	9383.106816495063	10716.988139714209
15	2	40.05605180857958	6281.857162815506	95.55621654058416	-0.00000000000000009557820182084236	6.591563835904824	0	0	9383.106816495063	10716.988139714209
15	0	40.05605180857958	6281.857162815506	95.55621654058416	-0.00000000000000009557820182084236	6.591563835904824	0	0	9383.106816495063	10716.988139714209
15	-2	40.05605180857958	6281.857162815506	95.55621654058416	-0.00000000000000009557820182084236	6.591563835904824	0	0	9383.106816495063	10716.988139714209
15	-5	40.05605180857958	6281.857162815506	95.55621654058416	-0.00000000000000009557820182084236	6.591563835904824	0	0	9383.106816495063	10716.988139714209
15	-10	40.05605180857958	6281.857162815506	95.55621654058416	-0.00000000000000009557820182084236	6.591563835904824	0	0	9383.106816495063	10716.988139714209
15	-20	40.05605180857958	6281.857162815506	95.55621654058416	-0.00000000000000009557820182084236	6.591563835904824	0	0	9383.106816495063	10716.988139714209
15	-40	40.05605180857958	6281.857162815506	95.55621654058416	-0.00000000000000009557820182084236	6.591563835904824	0	0	9383.106816495063	10716.988139714209
10	40	40.05605180857958	6281.857162815506	95.55621654058416	-0.00000000000000009557820182084236	6.591563835904824	0	0	8938.160201271732	7190.295674734151
10	20	40.05605180857958	6281.857162815506	95.55621654058416	-0.00000000000000009557820182084236	6.591563835904824	0	0	8938.160201271732	7190.295674734151
10	10	40.05605180857958	6281.857162815506	95.55621654058416	-0.00000000000000009557820182084236	6.591563835904824	0	0	8938.160201271732	7190.295674734151
10	5	40.05605180857958	6281.857162815506	95.55621654058416	-0.00000000000000009557820182084236	6.591563835904824	0	0	8938.160201271732	7190.295674734151
10	2	40.05605180857958	6281.857162815506	95.55621654058416	-0.00000000000000009557820182084236	6.591563835904824	0	0	8938.160201271732	7190.295674734151
10	0	40.05605180857958	6281.857162815506	95.55621654058416	-0.00000000000000009557820182084236	6.591563835904824	0	0	8938.160201271732	7190.295674734151
10	-2	40.05605180857958	6281.857162815506	95.55621654058416	-0.00000000000000009557820182084236	6.591563835904824	0	0	8938.160201271732	7190.295674734151
10	-5	40.05605180857958	6281.857162815506	95.55621654058416	-0.00000000000000009557820182084236	6.591563835904824	0	0	8938.160201271732	7190.295674734151
10	-10	40.05605180857958	6281.857162815506	95.55621654058416	-0.00000000000000009557820182084236	6.591563835904824	0	0	8938.160201271732	7190.295674734151
10	-20	40.05605180857958	6281.857162815506	95.55621654058416	-0.00000000000000009557820182084236	6.591563835904824	0	0	8938.160201271732	7190.295674734151
10	-40	40.05605180857958	6281.857162815506	95.55621654058416	-0.00000000000000009557820182084236	6.591563835904824	0	0	8938.160201271732	7190.295674734151
5	40	40.05605180857958	6281.857162815506	95.55621654058416	-0.00000000000000009557820182084236	6.591563835904824	0	0	8622.846593737871	3608.8807180501344
5	20	40.05605180857958	6281.857162815506	95.55621654058416	-0.00000000000000009557820182084236	6.591563835904824	0	0	8622.846593737871	3608.8807180501344
5	10	40.05605180857958	6281.857162815506	95.55621654058416	-0.00000000000000009557820182084236	6.591563835904824	0	0	8622.846593737871	3608.8807180501344
5	5	40.05605180857958	6281.857162815506	95.55621654058416	-0.00000000000000009557820182084236	6.591563835904824	0	0	8622.846593737871	3608.8807180501344
5	2	40.05605180857958	6281.857162815506	95.55621654058416	-0.00000000000000009557820182084236	6.591563835904824	0	0	8622.846593737871	3608.8807180501344
5	0	40.05605180857958	6281.857162815506	95.55621654058416	-0.00000000000000009557820182084236	6.591563835904824	0	0	8622.846593737871	3608.8807180501344
5	-2	40.05605180857958	6281.857162815506	95.55621654058416	-0.00000000000000009557820182084236	6.591563835904824	0	0	8622.846593737871	3608.8807180501344
5	-5	40.05605180857958	6281.857162815506	95.55621654058416	-0.00000000000000009557820182084236	6.591563835904824	0	0	8622.846593737871	3608.8807180501344
5	-10	40.05605180857958	6281.857162815506	95.55621654058416	-0.00000000000000009557820182084236	6.591563835904824	0	0	8622.846593737871	3608.8807180501344
5	-20	40.05605180857958	6281.857162815506	95.55621654058416	-0.00000000000000009557820182084236	6.591563835904824	0	0	8622.846593737871	3608.8807180501344
5	-40	40.05605180857958	6281.857162815506	95.55621654058416	-0.00000000000000009557820182084236	6.591563835904824	0	0	8622.846593737871	3608.8807180501344
2	40	40.05605180857958	6281.857162815506	95.55621654058416	-0.00000000000000009557820182084236	6.591563835904824	0	0	8519.372319745116	1445.0926209643728
2	20	40.05605180857958	6281.857162815506	95.55621654058416	-0.00000000000000009557820182084236	6.591563835904824	0	0	8519.372319745116	1445.0926209643728
2	10	40.05605180857958	6281.857162815506	95.55621654058416	-0.00000000000000009557820182084236	6.591563835904824	0	0	8519.372319745116	1445.0926209643728
2	5	40.05605180857958	6281.857162815506	95.55621654058416	-0.00000000000000009557820182084236	6.591563835904824	0	0	8519.372319745116	1445.0926209643728
2	2	40.05605180857958	6281.857162815506	95.55621654058416	-0.00000000000000009557820182084236	6.591563835904824	0	0	8519.372319745116	1445.0926209643728
2	0	40.05605180857958	6281.857162815506	95.55621654058416	-0.00000000000000009557820182084236	6.591563835904824	0	0	8519.372319745116	1445.0926209643728
2	-2	40.05605180857958	6281.857162815506	95.55621654058416	-0.00000000000000009557820182084236	6.591563835904824	0	0	8519.372319745116	1445.0926209643728
2	-5	40.05605180857958	6281.857162815506	95.55621654058416	-0.00000000000000009557820182084236	6.591563835904824	0	0	8519.372319745116	1445.0926209643728
2	-10	40.05605180857958	6281.857162815506	95.55621654058416	-0.00000000000000009557820182084236	6.591563835904824	0	0	8519.372319745116	1445.0926209643728
2	-20	40.05605180857958	6281.857162815506	95.55621654058416	-0.00000000000000009557820182084236	6.591563835904824	0	0	8519.372319745116	1445.0926209643728
2	-40	40.05605180857958	6281.857162815506	95.55621654058416	-0.00000000000000009557820182084236	6.591563835904824	0	0	8519.372319745116	1445.0926209643728
0	40	40.05605180857958	6281.857162815506	95.55621654058416	-0.00000000000000009557820182084236	6.591563835904824	0	0	8499.807928058532	-0.0000000000006004086117172847
0	20	40.05605180857958	6281.857162815506	95.55621654058416	-0.00000000000000009557820182084236	6.591563835904824	0	0	8499.807928058532	-0.0000000000006004086117172847
0	10	40.05605180857958	6281.857162815506	95.55621654058416	-0.00000000000000009557820182084236	6.591563835904824	0	0	8499.807928058532	-0.0000000000006004086117172847
0	5	40.05605180857958	6281.857162815506	95.55621654058416	-0.00000000000000009557820182084236	6.591563835904824	0	0	8499.807928058532	-0.0000000000006004086117172847
0	2	40.05605180857958	6281.857162815506	95.55621654058416	-0.00000000000000009557820182084236	6.591563835904824	0	0	8499.807928058532	-0.0000000000006004086117172847
0	0	40.05605180857958	6281.857162815506	95.55621654058416	-0.00000000000000009557820182084236	6.591563835904824	0	0	8499.807928058532	-0.0000000000006004086117172847
0	-2	40.05605180857958	6281.857162815506	95.55621654058416	-0.00000000000000009557820182084236	6.591563835904824	0	0	8499.807928058532	-0.0000000000006004086117172847
0	-5	40.05605180857958	6281.857162815506	95.55621654058416	-0.00000000000000009557820182084236	6.591563835904824	0	0	8499.807928058532	-0.0000000000006004086117172847
0	-10	40.05605180857958	6281.857162815506	95.55621654058416	-0.00000000000000009557820182084236	6.591563835904824	0	0	8499.807928058532	-0.0000000000006004086117172847
0	-20	40.05605180857958	6281.857162815506	95.55621654058416	-0.00000000000000009557820182084236	6.591563835904824	0	0	8499.807928058532	-0.0000000000006004086117172847
0	-40	40.05605180857958	6281.857162815506	95.55621654058416	-0.00000000000000009557820182084236	6.591563835904824	0	0	8499.807928058532	-0.0000000000006004086117172847
-2	40	40.05605180857958	6281.857162815506	95.55621654058416	-0.00000000000000009557820182084236	6.591563835904824	0	0	8519.372319745116	-1445.0926209643737
-2	20	40.05605180857958	6281.857162815506	95.55621654058416	-0.00000000000000009557820182084236	6.591563835904824	0	0	8519.372319745116	-1445.0926209643737
-2	10	40.05605180857958	6281.857162815506	95.55621654058416	-0.00000000000000009557820182084236	6.591563835904824	0	0	8519.372319745116	-1445.0926209643737
-2	5	40.05605180857958	6281.857162815506	95.55621654058416	-0.00000000000000009557820182084236	6.591563835904824	0	0	8519.372319745116	-1445.0926209643737
-2	2	40.05605180857958	6281.857162815506	95.55621654058416	-0.00000000000000009557820182084236	6.591563835904824	0	0	8519.372319745116	-1445.0926209643737
-2	0	40.05605180857958	6281.857162815506	95.55621654058416	-0.00000000000000009557820182084236	6.591563835904824	0	0	8519.372319745116	-1445.0926209643737
-2	-2	40.05605180857958	6281.857162815506	95.55621654058416	-0.00000000000000009557820182084236	6.591563835904824	0	0	8519.372319745116	-1445.0926209643737
-2	-5	40.05605180857958	6281.857162815506	95.55621654058416	-0.00000000000000009557820182084236	6.591563835904824	0	0	8519.372319745116	-1445.0926209643737
-2	-10	40.05605180857958	6281.857162815506	95.55621654058416	-0.00000000000000009557820182084236	6.591563835904824	0	0	8519.372319745116	-1445.0926209643737
-2	-20	40.05605180857958	6281.857162815506	95.55621654058416	-0.00000000000000009557820182084236	6.591563835904824	0	0	8519.372319745116	-1445.0926209643737
-2	-40	40.05605180857958	6281.857162815506	95.55621654058416	-0.00000000000000009557820182084236	6.591563835904824	0	0	8519.372319745116	-1445.0926209643737
-5	40	40.05605180857958	6281.857162815506	95.55621654058416	-0.00000000000000009557820182084236	6.591563835904824	0	0	8622.846593737871	-3608.880718050136
-5	20	40.05605180857958	6281.857162815506	95.55621654058416	-0.00000000000000009557820182084236	6.591563835904824	0	0	8622.846593737871	-3608.880718050136
-5	10	40.05605180857958	6281.857162815506	95.55621654058416	-0.00000000000000009557820182084236	6.591563835904824	0	0	8622.846593737871	-3608.880718050136
-5	5	40.05605180857958	6281.857162815506	95.55621654058416	-0.00000000000000009557820182084236	6.591563835904824	0	0	8622.846593737871	-3608.880718050136
-5	2	40.05605180857958	6281.857162815506	95.55621654058416	-0.00000000000000009557820182084236	6.591563835904824	0	0	8622.846593737871	-3608.880718050136
-5	0	40.05605180857958	6281.857162815506	95.55621654058416	-0.00000000000000009557820182084236	6.591563835904824	0	0	8622.846593737871	-3608.880718050136
-5	-2	40.05605180857958	6281.857162815506	95.55621654058416	-0.00000000000000009557820182084236	6.591563835904824	0	0	8622.846593737871	-3608.880718050136
-5	-5	40.05605180857958	6281.857162815506	95.55621654058416	-0.00000000000000009557820182084236	6.591563835904824	0	0	8622.846593737871	-3608.880718050136
-5	-10	40.05605180857958	6281.857162815506	95.55621654058416	-0.00000000000000009557820182084236	6.591563835904824	0	0	8622.846593737871	-3608.880718050136
-5	-20	40.05605180857958	6281.857162815506	95.55621654058416	-0.00000000000000009557820182084236	6.591563835904824	0	0	8622.846593737871	-3608.880718050136
-5	-40	40.05605180857958	6281.857162815506	95.55621654058416	-0.00000000000000009557820182084236	6.591563835904824	0	0	8622.846593737871	-3608.880718050136
-10	40	40.05605180857958	6281.857162815506	95.55621654058416	-0.00000000000000009557820182084236	6.591563835904824	0	0	8938.160201271732	-7190.295674734151
-10	20	40.05605180857958	6281.857162815506	95.55621654058416	-0.00000000000000009557820182084236	6.591563835904824	0	0	8938.160201271732	-7190.295674734151
-10	10	40.05605180857958	6281.857162815506	95.55621654058416	-0.00000000000000009557820182084236	6.591563835904824	0	0	8938.160201271732	-7190.295674734151
-10	5	40.05605180857958	6281.857162815506	95.55621654058416	-0.00000000000000009557820182084236	6.591563835904824	0	0	8938.160201271732	-7190.295674734151
-10	2	40.05605180857958	6281.857162815506	95.55621654058416	-0.00000000000000009557820182084236	6.591563835904824	0	0	8938.160201271732	-7190.295674734151
-10	0	40.05605180857958	6281.857162815506	95.55621654058416	-0.00000000000000009557820182084236	6.591563835904824	0	0	8938.160201271732	-7190.295674734151
-10	-2	40.05605180857958	6281.857162815506	95.55621654058416	-0.00000000000000009557820182084236	6.591563835904824	0	0	8938.160201271732	-7190.295674734151
-10	-5	40.05605180857958	6281.857162815506	95.55621654058416	-0.00000000000000009557820182084236	6.591563835904824	0	0	8938.160201271732	-7190.295674734151
-10	-10	40.05605180857958	6281.857162815506	95.55621654058416	-0.00000000000000009557820182084236	6.591563835904824	0	0	8938.160201271732	-7190.295674734151
-10	-20	40.05605180857958	6281.857162815506	95.55621654058416	-0.00000000000000009557820182084236	6.591563835904824	0	0	8938.160201271732	-7190.295674734151
-10	-40	40.05605180857958	6281.857162815506	95.55621654058416	-0.00000000000000009557820182084236	6.591563835904824	0	0	8938.160201271732	-7190.295674734151
-15	40	40.05605180857958	6281.857162815506	95.55621654058416	-0.00000000000000009557820182084236	6.591563835904824	0	0	9383.106816495067	-10716.988139714209
-15	20	40.05605180857958	6281.857162815506	95.55621654058416	-0.00000000000000009557820182084236	6.591563835904824	0	0	9383.106816495067	-10716.988139714209
-15	10	40.05605180857958	6281.857162815506	95.55621654058416	-0.00000000000000009557820182084236	6.591563835904824	0	0	9383.106816495067	-10716.988139714209
-15	5	40.05605180857958	6281.857162815506	95.55621654058416	-0.00000000000000009557820182084236	6.591563835904824	0	0	9383.106816495067	-10716.988139714209
-15	2	40.05605180857958	6281.857162815506	95.55621654058416	-0.00000000000000009557820182084236	6.591563835904824	0	0	9383.106816495067	-10716.988139714209
-15	0	40.05605180857958	6281.857162815506	95.55621654058416	-0.00000000000000009557820182084236	6.591563835904824	0	0	9383.106816495067	-10716.988139714209
-15	-2	40.05605180857958	6281.857162815506	95.55621654058416	-0.00000000000000009557820182084236	6.591563835904824	0	0	9383.106816495067	-10716.988139714209
-15	-5	40.05605180857958	6281.857162815506	95.55621654058416	-0.00000000000000009557820182084236	6.591563835904824	0	0	9383.106816495067	-10716.988139714209
-15	-10	40.05605180857958	6281.857162815506	95.55621654058416	-0.00000000000000009557820182084236	6.591563835904824	0	0	9383.106816495067	-10716.988139714209
-15	-20	40.05605180857958	6281.857162815506	95.55621654058416	-0.00000000000000009557820182084236	6.591563835904824	0	0	9383.106816495067	-10716.988139714209
-15	-40	40.05605180857958	6281.857162815506	95.55621654058416	-0.00000000000000009557820182084236	6.591563835904824	0	0	9383.106816495067	-10716.988139714209
-30	40	40.05605180857958	6281.857162815506	95.55621654058416	-0.00000000000000009557820182084236	6.591563835904824	0	0	12266.815791367446	-20703.631248367183
-30	20	40.05605180857958	6281.857162815506	95.55621654058416	-0.00000000000000009557820182084236	6.591563835904824	0	0	12266.815791367446	-20703.631248367183
-30	10	40.05605180857958	6281.857162815506	95.55621654058416	-0.00000000000000009557820182084236	6.591563835904824	0	0	12266.815791367446	-20703.631248367183
-30	5	40.05605180857958	6281.857162815506	95.55621654058416	-0.00000000000000009557820182084236	6.591563835904824	0	0	12266.815791367446	-20703.631248367183
-30	2	40.05605180857958	6281.857162815506	95.55621654058416	-0.00000000000000009557820182084236	6.591563835904824	0	0	12266.815791367446	-20703.631248367183
-30	0	40.05605180857958	6281.857162815506	95.55621654058416	-0.00000000000000009557820182084236	6.591563835904824	0	0	12266.815791367446	-20703.631248367183
-30	-2	40.05605180857958	6281.857162815506	95.55621654058416	-0.00000000000000009557820182084236	6.591563835904824	0	0	12266.815791367446	-20703.631248367183
-30	-5	40.05605180857958	6281.857162815506	95.55621654058416	-0.00000000000000009557820182084236	6.591563835904824	0	0	12266.815791367446	-20703.631248367183
-30	-10	40.05605180857958	6281.857162815506	95.55621654058416	-0.00000000000000009557820182084236	6.591563835904824	0	0	12266.815791367446	-20703.631248367183
-30	-20	40.05605180857958	6281.857162815506	95.55621654058416	-0.00000000000000009557820182084236	6.591563835904824	0	0	12266.815791367446	-20703.631248367183
-30	-40	40.05605180857958	6281.857162815506	95.55621654058416	-0.00000000000000009557820182084236	6.591563835904824	0	0	12266.815791367446	-20703.631248367183
-60	40	40.05605180857958	5898.0443421390755	96.80222758091178	-0.23726208797692044	6.511346242978646	1498.8642149970983	1741.5523265540542	7840.9807469822135	-33958.71164982397
-60	20	40.05605180857958	6281.857162815506	95.55621654058416	-0.00000000000000009557820182084236	6.591563835904824	0	0	7840.9807469822135	-35859.74122334263
-60	10	40.05605180857958	6281.857162815506	95.55621654058416	-0.00000000000000009557820182084236	6.591563835904824	0	0	7840.9807469822135	-35859.74122334263
-60	5	40.05605180857958	6281.857162815506	95.55621654058416	-0.00000000000000009557820182084236	6.591563835904824	0	0	7840.9807469822135	-35859.74122334263
-60	2	40.05605180857958	6281.857162815506	95.55621654058416	-0.00000000000000009557820182084236	6.591563835904824	0	0	7840.9807469822135	-35859.74122334263
-60	0	40.05605180857958	6281.857162815506	95.55621654058416	-0.00000000000000009557820182084236	6.591563835904824	0	0	7840.9807469822135	-35859.74122334263
-60	-2	40.05605180857958	6281.857162815506	95.55621654058416	-0.00000000000000009557820182084236	6.591563835904824	0	0	7840.9807469822135	-35859.74122334263
-60	-5	40.05605180857958	6281.857162815506	95.55621654058416	-0.00000000000000009557820182084236	6.591563835904824	0	0	7840.9807469822135	-35859.74122334263
-60	-10	40.05605180857958	6281.857162815506	95.55621654058416	-0.00000000000000009557820182084236	6.591563835904824	0	0	7840.9807469822135	-35859.74122334263
-60	-20	40.05605180857958	6281.857162815506	95.55621654058416	-0.00000000000000009557820182084236	6.591563835904824	0	0	7840.9807469822135	-35859.74122334263
-60	-40	40.05605180857958	5835.329923972058	93.98756946404599	-0.16692464369949164	6.45882355532942	1324.052695640712	2825.0740500704997	7840.9807469822135	-33126.97890976887
60	40	36.805934940959624	5708.936601396952	97.41757961997398	0.30758784959290947	6.491050395956816	1992.6840228003857	3009.471573116156	7840.980746982219	32970.29898619402
60	20	36.805934940959624	6281.327687126295	95.55804156429535	0.0005370154362575538	6.5911494144552	0.32313622574770307	0.6374706311212321	7840.980746982219	35856.150951209886
60	10	36.805934940959624	6281.857162815506	95.55621654058416	-0.00000000000000009557820182084236	6.591563835904824	0	0	7840.980746982219	35859.74122334263
60	5	36.805934940959624	6281.857162815506	95.55621654058416	-0.00000000000000009557820182084236	6.591563835904824	0	0	7840.980746982219	35859.74122334263
60	2	36.805934940959624	6281.857162815506	95.55621654058416	-0.00000000000000009557820182084236	6.591563835904824	0	0	7840.980746982219	35859.74122334263
60	0	36.805934940959624	6281.857162815506	95.55621654058416	-0.00000000000000009557820182084236	6.591563835904824	0	0	7840.980746982219	35859.74122334263
60	-2	36.805934940959624	6281.857162815506	95.55621654058416	-0.00000000000000009557820182084236	6.591563835904824	0	0	7840.980746982219	35859.74122334263
60	-5	36.805934940959624	6281.857162815506	95.55621654058416	-0.00000000000000009557820182084236	6.591563835904824	0	0	7840.980746982219	35859.74122334263
60	-10	36.805934940959624	6281.857162815506	95.55621654058416	-0.00000000000000009557820182084236	6.591563835904824	0	0	7840.980746982219	35859.74122334263
60	-20	36.805934940959624	6281.857162815506	95.55621654058416	-0.00000000000000009557820182084236	6.591563835904824	0	0	7840.980746982219	35859.74122334263
60	-40	36.805934940959624	5634.358485328654	93.27866022991697	0.20686770157174644	6.4350845116168705	1633.9768669147015	3666.879713077098	7840.980746982219	31982.76271132447
30	40	36.805934940959624	6281.857162815506	95.55621654058416	-0.00000000000000009557820182084236	6.591563835904824	0	0	12266.815791367448	20703.631248367183
30	20	36.805934940959624	6281.857162815506	95.55621654058416	-0.00000000000000009557820182084236	6.591563835904824	0	0	12266.815791367448	20703.631248367183
30	10	36.805934940959624	6281.857162815506	95.55621654058416	-0.00000000000000009557820182084236	6.591563835904824	0	0	12266.815791367448	20703.631248367183
30	5	36.805934940959624	6281.857162815506	95.55621654058416	-0.00000000000000009557820182084236	6.591563835904824	0	0	12266.815791367448	20703.631248367183
30	2	36.805934940959624	6281.857162815506	95.55621654058416	-0.00000000000000009557820182084236	6.591563835904824	0	0	12266.815791367448	20703.631248367183
30	0	36.805934940959624	6281.857162815506	95.55621654058416	-0.00000000000000009557820182084236	6.591563835904824	0	0	12266.815791367448	20703.631248367183
30	-2	36.805934940959624	6281.857162815506	95.55621654058416	-0.00000000000000009557820182084236	6.591563835904824	0	0	12266.815791367448	20703.631248367183
30	-5	36.805934940959624	6281.857162815506	95.55621654058416	-0.00000000000000009557820182084236	6.591563835904824	0	0	12266.815791367448	20703.631248367183
30	-10	36.805934940959624	6281.857162815506	95.55621654058416	-0.00000000000000009557820182084236	6.591563835904824	0	0	12266.815791367448	20703.631248367183
30	-20	36.805934940959624	6281.857162815506	95.55621654058416	-0.00000000000000009557820182084236	6.591563835904824	0	0	12266.815791367448	20703.631248367183
30	-40	36.805934940959624	6281.854096769606	95.55620465102463	0.00000211374787836751	6.591561267394829	0.0005773250925926732	0.00042090839322384	12266.815791367448	20703.624575152844
15	40	36.805934940959624	6281.857162815506	95.55621654058416	-0.00000000000000009557820182084236	6.591563835904824	0	0	9383.106816495063	10716.988139714209
15	20	36.805934940959624	6281.857162815506	95.55621654058416	-0.00000000000000009557820182084236	6.591563835904824	0	0	9383.106816495063	10716.988139714209
15	10	36.805934940959624	6281.857162815506	95.55621654058416	-0.00000000000000009557820182084236	6.591563835904824	0	0	9383.106816495063	10716.988139714209
15	5	36.805934940959624	6281.857162815506	95.55621654058416	-0.00000000000000009557820182084236	6.591563835904824	0	0	9383.106816495063	10716.988139714209
15	2	36.805934940959624	6281.857162815506	95.55621654058416	-0.00000000000000009557820182084236	6.591563835904824	0	0	9383.106816495063	10716.988139714209
15	0	36.805934940959624	6281.857162815506	95.55621654058416	-0.00000000000000009557820182084236	6.591563835904824	0	0	9383.106816495063	10716.988139714209
15	-2	36.805934940959624	6281.857162815506	95.55621654058416	-0.00000000000000009557820182084236	6.591563835904824	0	0	9383.106816495063	10716.988139714209
15	-5	36.805934940959624	6281.857162815506	95.55621654058416	-0.00000000000000009557820182084236	6.591563835904824	0	0	9383.106816495063	10716.988139714209
15	-10	36.805934940959624	6281.857162815506	95.55621654058416	-0.00000000000000009557820182084236	6.591563835904824	0	0	9383.106816495063	10716.988139714209
15	-20	36.805934940959624	6281.857162815506	95.55621654058416	-0.00000000000000009557820182084236	6.591563835904824	0	0	9383.106816495063	10716.988139714209
15	-40	36.805934940959624	6281.857162815506	95.55621654058416	-0.00000000000000009557820182084236	6.591563835904824	0	0	9383.106816495063	10716.988139714209
10	40	36.805934940959624	6281.857162815506	95.55621654058416	-0.00000000000000009557820182084236	6.591563835904824	0	0	8938.160201271732	7190.295674734151
10	20	36.805934940959624	6281.857162815506	95.55621654058416	-0.00000000000000009557820182084236	6.591563835904824	0	0	8938.160201271732	7190.295674734151
10	10	36.805934940959624	6281.857162815506	95.55621654058416	-0.00000000000000009557820182084236	6.591563835904824	0	0	8938.160201271732	7190.295674734151
10	5	36.805934940959624	6281.857162815506	95.55621654058416	-0.00000000000000009557820182084236	6.591563835904824	0	0	8938.160201271732	7190.295674734151
10	2	36.805934940959624	6281.857162815506	95.55621654058416	-0.00000000000000009557820182084236	6.591563835904824	0	0	8938.160201271732	7190.295674734151
10	0	36.805934940959624	6281.857162815506	95.55621654058416	-0.00000000000000009557820182084236	6.591563835904824	0	0	8938.160201271732	7190.295674734151
10	-2	36.805934940959624	6281.857162815506	95.55621654058416	-0.00000000000000009557820182084236	6.591563835904824	0	0	8938.160201271732	7190.295674734151
10	-5	36.805934940959624	6281.857162815506	95.55621654058416	-0.00000000000000009557820182084236	6.591563835904824	0	0	8938.160201271732	7190.295674734151
10	-10	36.805934940959624	6281.857162815506	95.55621654058416	-0.00000000000000009557820182084236	6.591563835904824	0	0	8938.160201271732	7190.295674734151
10	-20	36.805934940959624	6281.857162815506	95.55621654058416	-0.00000000000000009557820182084236	6.591563835904824	0	0	8938.160201271732	7190.295674734151
10	-40	36.805934940959624	6281.857162815506	95.55621654058416	-0.00000000000000009557820182084236	6.591563835904824	0	0	8938.160201271732	7190.295674734151
5	40	36.805934940959624	6281.857162815506	95.55621654058416	-0.00000000000000009557820182084236	6.591563835904824	0	0	8622.846593737871	3608.8807180501344
5	20	36.805934940959624	6281.857162815506	95.55621654058416	-0.00000000000000009557820182084236	6.591563835904824	0	0	8622.846593737871	3608.8807180501344
5	10	36.805934940959624	6281.857162815506	95.55621654058416	-0.00000000000000009557820182084236	6.591563835904824	0	0	8622.846593737871	3608.8807180501344
5	5	36.805934940959624	6281.857162815506	95.55621654058416	-0.00000000000000009557820182084236	6.591563835904824	0	0	8622.846593737871	3608.8807180501344
5	2	36.805934940959624	6281.857162815506	95.55621654058416	-0.00000000000000009557820182084236	6.591563835904824	0	0	8622.846593737871	3608.8807180501344
5	0	36.805934940959624	6281.857162815506	95.55621654058416	-0.00000000000000009557820182084236	6.591563835904824	0	0	8622.846593737871	3608.8807180501344
5	-2	36.805934940959624	6281.857162815506	95.55621654058416	-0.00000000000000009557820182084236	6.591563835904824	0	0	8622.846593737871	3608.8807180501344
5	-5	36.805934940959624	6281.857162815506	95.55621654058416	-0.00000000000000009557820182084236	6.591563835904824	0	0	8622.846593737871	3608.8807180501344
5	-10	36.805934940959624	6281.857162815506	95.55621654058416	-0.00000000000000009557820182084236	6.591563835904824	0	0	8622.846593737871	3608.8807180501344
5	-20	36.805934940959624	6281.857162815506	95.55621654058416	-0.00000000000000009557820182084236	6.591563835904824	0	0	8622.846593737871	3608.8807180501344
5	-40	36.805934940959624	6281.857162815506	95.55621654058416	-0.00000000000000009557820182084236	6.591563835904824	0	0	8622.846593737871	3608.8807180501344
2	40	36.805934940959624	6281.857162815506	95.55621654058416	-0.00000000000000009557820182084236	6.591563835904824	0	0	8519.372319745116	1445.0926209643728
2	20	36.805934940959624	6281.857162815506	95.55621654058416	-0.00000000000000009557820182084236	6.591563835904824	0	0	8519.372319745116	1445.0926209643728
2	10	36.805934940959624	6281.857162815506	95.55621654058416	-0.00000000000000009557820182084236	6.591563835904824	0	0	8519.372319745116	1445.0926209643728
2	5	36.805934940959624	6281.857162815506	95.55621654058416	-0.00000000000000009557820182084236	6.591563835904824	0	0	8519.372319745116	1445.0926209643728
2	2	36.805934940959624	6281.857162815506	95.55621654058416	-0.00000000000000009557820182084236	6.591563835904824	0	0	8519.372319745116	1445.0926209643728
2	0	36.805934940959624	6281.857162815506	95.55621654058416	-0.00000000000000009557820182084236	6.591563835904824	0	0	8519.372319745116	1445.0926209643728
2	-2	36.805934940959624	6281.857162815506	95.55621654058416	-0.00000000000000009557820182084236	6.591563835904824	0	0	8519.372319745116	1445.0926209643728
2	-5	36.805934940959624	6281.857162815506	95.55621654058416	-0.00000000000000009557820182084236	6.591563835904824	0	0	8519.372319745116	1445.0926209643728
2	-10	36.805934940959624	6281.857162815506	95.55621654058416	-0.00000000000000009557820182084236	6.591563835904824	0	0	8519.372319745116	1445.0926209643728
2	-20	36.805934940959624	6281.857162815506	95.55621654058416	-0.00000000000000009557820182084236	6.591563835904824	0	0	8519.372319745116	1445.0926209643728
2	-40	36.805934940959624	6281.857162815506	95.55621654058416	-0.00000000000000009557820182084236	6.591563835904824	0	0	8519.372319745116	1445.0926209643728
0	40	36.805934940959624	6281.857162815506	95.55621654058416	-0.00000000000000009557820182084236	6.591563835904824	0	0	8499.807928058532	-0.0000000000006004086117172847
0	20	36.805934940959624	6281.857162815506	95.55621654058416	-0.00000000000000009557820182084236	6.591563835904824	0	0	8499.807928058532	-0.0000000000006004086117172847
0	10	36.805934940959624	6281.857162815506	95.55621654058416	-0.00000000000000009557820182084236	6.591563835904824	0	0	8499.807928058532	-0.0000000000006004086117172847
0	5	36.805934940959624	6281.857162815506	95.55621654058416	-0.00000000000000009557820182084236	6.591563835904824	0	0	8499.807928058532	-0.0000000000006004086117172847
0	2	36.805934940959624	6281.857162815506	95.55621654058416	-0.00000000000000009557820182084236	6.591563835904824	0	0	8499.807928058532	-0.0000000000006004086117172847
0	0	36.805934940959624	6281.857162815506	95.55621654058416	-0.00000000000000009557820182084236	6.591563835904824	0	0	8499.807928058532	-0.0000000000006004086117172847
0	-2	36.805934940959624	6281.857162815506	95.55621654058416	-0.00000000000000009557820182084236	6.591563835904824	0	0	8499.807928058532	-0.0000000000006004086117172847
0	-5	36.805934940959624	6281.857162815506	95.55621654058416	-0.00000000000000009557820182084236	6.591563835904824	0	0	8499.807928058532	-0.0000000000006004086117172847
0	-10	36.805934940959624	6281.857162815506	95.55621654058416	-0.00000000000000009557820182084236	6.591563835904824	0	0	8499.807928058532	-0.0000000000006004086117172847
0	-20	36.805934940959624	6281.857162815506	95.55621654058416	-0.00000000000000009557820182084236	6.591563835904824	0	0	8499.807928058532	-0.0000000000006004086117172847
0	-40	36.805934940959624	6281.857162815506	95.55621654058416	-0.00000000000000009557820182084236	6.591563835904824	0	0	8499.807928058532	-0.0000000000006004086117172847
-2	40	36.805934940959624	6281.857162815506	95.55621654058416	-0.00000000000000009557820182084236	6.591563835904824	0	0	8519.372319745116	-1445.0926209643737
-2	20	36.805934940959624	6281.857162815506	95.55621654058416	-0.00000000000000009557820182084236	6.591563835904824	0	0	8519.372319745116	-1445.0926209643737
-2	10	36.805934940959624	6281.857162815506	95.55621654058416	-0.00000000000000009557820182084236	6.591563835904824	0	0	8519.372319745116	-1445.0926209643737
-2	5	36.805934940959624	6281.857162815506	95.55621654058416	-0.00000000000000009557820182084236	6.591563835904824	0	0	8519.372319745116	-1445.0926209643737
-2	2	36.805934940959624	6281.857162815506	95.55621654058416	-0.00000000000000009557820182084236	6.591563835904824	0	0	8519.372319745116	-1445.0926209643737
-2	0	36.805934940959624	6281.857162815506	95.55621654058416	-0.00000000000000009557820182084236	6.591563835904824	0	0	8519.372319745116	-1445.0926209643737
-2	-2	36.805934940959624	6281.857162815506	95.55621654058416	-0.00000000000000009557820182084236	6.591563835904824	0	0	8519.372319745116	-1445.0926209643737
-2	-5	36.805934940959624	6281.857162815506	95.55621654058416	-0.00000000000000009557820182084236	6.591563835904824	0	0	8519.372319745116	-1445.0926209643737
-2	-10	36.805934940959624	6281.857162815506	95.55621654058416	-0.00000000000000009557820182084236	6.591563835904824	0	0	8519.372319745116	-1445.0926209643737
-2	-20	36.805934940959624	6281.857162815506	95.55621654058416	-0.00000000000000009557820182084236	6.591563835904824	0	0	8519.372319745116	-1445.0926209643737
-2	-40	36.805934940959624	6281.857162815506	95.55621654058416	-0.00000000000000009557820182084236	6.591563835904824	0	0	8519.372319745116	-1445.0926209643737
-5	40	36.805934940959624	6281.857162815506	95.55621654058416	-0.00000000000000009557820182084236	6.591563835904824	0	0	8622.846593737871	-3608.880718050136
-5	20	36.805934940959624	6281.857162815506	95.55621654058416	-0.00000000000000009557820182084236	6.591563835904824	0	0	8622.846593737871	-3608.880718050136
-5	10	36.805934940959624	6281.857162815506	95.55621654058416	-0.00000000000000009557820182084236	6.591563835904824	0	0	8622.846593737871	-3608.880718050136
-5	5	36.805934940959624	6281.857162815506	95.55621654058416	-0.00000000000000009557820182084236	6.591563835904824	0	0	8622.846593737871	-3608.880718050136
-5	2	36.805934940959624	6281.857162815506	95.55621654058416	-0.00000000000000009557820182084236	6.591563835904824	0	0	8622.846593737871	-3608.880718050136
-5	0	36.805934940959624	6281.857162815506	95.55621654058416	-0.00000000000000009557820182084236	6.591563835904824	0	0	8622.846593737871	-3608.880718050136
-5	-2	36.805934940959624	6281.857162815506	95.55621654058416	-0.00000000000000009557820182084236	6.591563835904824	0	0	8622.846593737871	-3608.880718050136
-5	-5	36.805934940959624	6281.857162815506	95.55621654058416	-0.00000000000000009557820182084236	6.591563835904824	0	0	8622.846593737871	-3608.880718050136
-5	-10	36.805934940959624	6281.857162815506	95.55621654058416	-0.00000000000000009557820182084236	6.591563835904824	0	0	8622.846593737871	-3608.880718050136
-5	-20	36.805934940959624	6281.857162815506	95.55621654058416	-0.00000000000000009557820182084236	6.591563835904824	0	0	8622.846593737871	-3608.880718050136
-5	-40	36.805934940959624	6281.857162815506	95.55621654058416	-0.00000000000000009557820182084236	6.591563835904824	0	0	8622.846593737871	-3608.880718050136
-10	40	36.805934940959624	6281.857162815506	95.55621654058416	-0.00000000000000009557820182084236	6.591563835904824	0	0	8938.160201271732	-7190.295674734151
-10	20	36.805934940959624	6281.857162815506	95.55621654058416	-0.00000000000000009557820182084236	6.591563835904824	0	0	8938.160201271732	-7190.295674734151
-10	10	36.805934940959624	6281.857162815506	95.55621654058416	-0.00000000000000009557820182084236	6.591563835904824	0	0	8938.160201271732	-7190.295674734151
-10	5	36.805934940959624	6281.857162815506	95.55621654058416	-0.00000000000000009557820182084236	6.591563835904824	0	0	8938.160201271732	-7190.295674734151
-10	2	36.805934940959624	6281.857162815506	95.55621654058416	-0.00000000000000009557820182084236	6.591563835904824	0	0	8938.160201271732	-7190.295674734151
-10	0	36.805934940959624	6281.857162815506	95.55621654058416	-0.00000000000000009557820182084236	6.591563835904824	0	0	8938.160201271732	-7190.295674734151
-10	-2	36.805934940959624	6281.857162815506	95.55621654058416	-0.00000000000000009557820182084236	6.591563835904824	0	0	8938.160201271732	-7190.295674734151
-10	-5	36.805934940959624	6281.857162815506	95.55621654058416	-0.00000000000000009557820182084236	6.591563835904824	0	0	8938.160201271732	-7190.295674734151
-10	-10	36.805934940959624	6281.857162815506	95.55621654058416	-0.00000000000000009557820182084236	6.591563835904824	0	0	8938.160201271732	-7190.295674734151
-10	-20	36.805934940959624	6281.857162815506	95.55621654058416	-0.00000000000000009557820182084236	6.591563835904824	0	0	8938.160201271732	-7190.295674734151
-10	-40	36.805934940959624	6281.857162815506	95.55621654058416	-0.00000000000000009557820182084236	6.591563835904824	0	0	8938.160201271732	-7190.295674734151
-15	40	36.805934940959624	6281.857162815506	95.55621654058416	-0.00000000000000009557820182084236	6.591563835904824	0	0	9383.106816495067	-10716.988139714209
-15	20	36.805934940959624	6281.857162815506	95.55621654058416	-0.00000000000000009557820182084236	6.591563835904824	0	0	9383.106816495067	-10716.988139714209
-15	10	36.805934940959624	6281.857162815506	95.55621654058416	-0.00000000000000009557820182084236	6.591563835904824	0	0	9383.106816495067	-10716.988139714209
-15	5	36.805934940959624	6281.857162815506	95.55621654058416	-0.00000000000000009557820182084236	6.591563835904824	0	0	9383.106816495067	-10716.988139714209
-15	2	36.805934940959624	6281.857162815506	95.55621654058416	-0.00000000000000009557820182084236	6.591563835904824	0	0	9383.106816495067	-10716.988139714209
-15	0	36.805934940959624	6281.857162815506	95.55621654058416	-0.00000000000000009557820182084236	6.591563835904824	0	0	9383.106816495067	-10716.988139714209
-15	-2	36.805934940959624	6281.857162815506	95.55621654058416	-0.00000000000000009557820182084236	6.591563835904824	0	0	9383.106816495067	-10716.988139714209
-15	-5	36.805934940959624	6281.857162815506	95.55621654058416	-0.00000000000000009557820182084236	6.591563835904824	0	0	9383.106816495067	-10716.988139714209
-15	-10	36.805934940959624	6281.857162815506	95.55621654058416	-0.00000000000000009557820182084236	6.591563835904824	0	0	9383.106816495067	-10716.988139714209
-15	-20	36.805934940959624	6281.857162815506	95.55621654058416	-0.00000000000000009557820182084236	6.591563835904824	0	0	9383.106816495067	-10716.988139714209
-15	-40	36.805934940959624	6281.857162815506	95.55621654058416	-0.00000000000000009557820182084236	6.591563835904824	0	0	9383.106816495067	-10716.988139714209
-30	40	36.805934940959624	6281.857162815506	95.55621654058416	-0.00000000000000009557820182084236	6.591563835904824	0	0	12266.815791367446	-20703.631248367183
-30	20	36.805934940959624	6281.857162815506	95.55621654058416	-0.00000000000000009557820182084236	6.591563835904824	0	0	12266.815791367446	-20703.631248367183
-30	10	36.805934940959624	6281.857162815506	95.55621654058416	-0.00000000000000009557820182084236	6.591563835904824	0	0	12266.815791367446	-20703.631248367183
-30	5	36.805934940959624	6281.857162815506	95.55621654058416	-0.00000000000000009557820182084236	6.591563835904824	0	0	12266.815791367446	-20703.631248367183
-30	2	36.805934940959624	6281.857162815506	95.55621654058416	-0.00000000000000009557820182084236	6.591563835904824	0	0	12266.815791367446	-20703.631248367183
-30	0	36.805934940959624	6281.857162815506	95.55621654058416	-0.00000000000000009557820182084236	6.591563835904824	0	0	12266.815791367446	-20703.631248367183
-30	-2	36.805934940959624	6281.857162815506	95.55621654058416	-0.00000000000000009557820182084236	6.591563835904824	0	0	12266.815791367446	-20703.631248367183
-30	-5	36.805934940959624	6281.857162815506	95.55621654058416	-0.00000000000000009557820182084236	6.591563835904824	0	0	12266.815791367446	-20703.631248367183
-30	-10	36.805934940959624	6281.857162815506	95.55621654058416	-0.00000000000000009557820182084236	6.591563835904824	0	0	12266.815791367446	-20703.631248367183
-30	-20	36.805934940959624	6281.857162815506	95.55621654058416	-0.00000000000000009557820182084236	6.591563835904824	0	0	12266.815791367446	-20703.631248367183
-30	-40	36.805934940959624	6281.854096769606	95.55620465102461	-0.0000021137478785158964	6.5915612673948285	0.0005773250917897599	0.0004209083956965287	12266.815791367446	-20703.624575152844
-60	40	36.805934940959624	5708.936601396958	97.41757961997385	-0.30758784959290986	6.491050395956808	1992.6840228003566	3009.471573116156	7840.9807469822135	-32970.29898619402
-60	20	36.805934940959624	6281.327687126297	95.5580415642954	-0.0005370154362579479	6.5911494144552005	0.3231362257420187	0.6374706311153204	7840.9807469822135	-35856.1509512099
-60	10	36.805934940959624	6281.857162815506	95.55621654058416	-0.00000000000000009557820182084236	6.591563835904824	0	0	7840.9807469822135	-35859.74122334263
-60	5	36.805934940959624	6281.857162815506	95.55621654058416	-0.00000000000000009557820182084236	6.591563835904824	0	0	7840.9807469822135	-35859.74122334263
-60	2	36.805934940959624	6281.857162815506	95.55621654058416	-0.00000000000000009557820182084236	6.591563835904824	0	0	7840.9807469822135	-35859.74122334263
-60	0	36.805934940959624	6281.857162815506	95.55621654058416	-0.00000000000000009557820182084236	6.591563835904824	0	0	7840.9807469822135	-35859.74122334263
-60	-2	36.805934940959624	6281.857162815506	95.55621654058416	-0.00000000000000009557820182084236	6.591563835904824	0	0	7840.9807469822135	-35859.74122334263
-60	-5	36.805934940959624	6281.857162815506	95.55621654058416	-0.00000000000000009557820182084236	6.591563835904824	0	0	7840.9807469822135	-35859.74122334263
-60	-10	36.805934940959624	6281.857162815506	95.55621654058416	-0.00000000000000009557820182084236	6.591563835904824	0	0	7840.9807469822135	-35859.74122334263
-60	-20	36.805934940959624	6281.857162815506	95.55621654058416	-0.00000000000000009557820182084236	6.591563835904824	0	0	7840.9807469822135	-35859.74122334263
-60	-40	36.805934940959624	5634.358485328657	93.27866022991684	-0.20686770157174614	6.435084511616867	1633.9768669147452	3666.8797130771563	7840.9807469822135	-31982.762711324463
60	40	30.305701205719718	5227.379245951203	99.03783252119656	0.40298208009827446	6.455597630335086	2411.0375755529967	6055.1903895682335	7840.980746982219	30278.039578716754
60	20	30.305701205719718	6211.909466193445	95.77487264379386	0.06117186404510105	6.554502427922532	217.41466731805122	428.90723523571796	7840.980746982219	35451.06631785367
60	10	30.305701205719718	6281.857162815506	95.55621654058416	-0.00000000000000009557820182084236	6.591563835904824	0	0	7840.980746982219	35859.74122334263
60	5	30.305701205719718	6281.857162815506	95.55621654058416	-0.00000000000000009557820182084236	6.591563835904824	0	0	7840.980746982219	35859.74122334263
60	2	30.305701205719718	6281.857162815506	95.55621654058416	-0.00000000000000009557820182084236	6.591563835904824	0	0	7840.980746982219	35859.74122334263
60	0	30.305701205719718	6281.857162815506	95.55621654058416	-0.00000000000000009557820182084236	6.591563835904824	0	0	7840.980746982219	35859.74122334263
60	-2	30.305701205719718	6281.857162815506	95.55621654058416	-0.00000000000000009557820182084236	6.591563835904824	0	0	7840.980746982219	35859.74122334263
60	-5	30.305701205719718	6281.857162815506	95.55621654058416	-0.00000000000000009557820182084236	6.591563835904824	0	0	7840.980746982219	35859.74122334263
60	-10	30.305701205719718	6281.857162815506	95.55621654058416	-0.00000000000000009557820182084236	6.591563835904824	0	0	7840.980746982219	35859.74122334263
60	-20	30.305701205719718	6214.939512461755	95.3385805695967	0.04998160980759999	6.551861115333975	155.0941117008224	726.4664223084546	7840.980746982219	35419.368943613204
60	-40	30.305701205719718	5178.916128298259	91.7026192510833	0.2995060698023809	6.396851611731746	2193.6011365219456	4547.1815651183715	7840.980746982219	29465.904416234152
30	40	30.305701205719718	6223.245808950541	95.75113025546241	0.038441358332311666	6.555214966243355	278.3220986915476	155.44995457210825	12266.815791367448	20604.536309236068
30	20	30.305701205719718	6281.857162815506	95.55621654058416	-0.00000000000000009557820182084236	6.591563835904824	0	0	12266.815791367448	20703.631248367183
30	10	30.305701205719718	6281.857162815506	95.55621654058416	-0.00000000000000009557820182084236	6.591563835904824	0	0	12266.815791367448	20703.631248367183
30	5	30.305701205719718	6281.857162815506	95.55621654058416	-0.00000000000000009557820182084236	6.591563835904824	0	0	12266.815791367448	20703.631248367183
30	2	30.305701205719718	6281.857162815506	95.55621654058416	-0.00000000000000009557820182084236	6.591563835904824	0	0	12266.815791367448	20703.631248367183
30	0	30.305701205719718	6281.857162815506	95.55621654058416	-0.00000000000000009557820182084236	6.591563835904824	0	0	12266.815791367448	20703.631248367183
30	-2	30.305701205719718	6281.857162815506	95.55621654058416	-0.00000000000000009557820182084236	6.591563835904824	0	0	12266.815791367448	20703.631248367183
30	-5	30.305701205719718	6281.857162815506	95.55621654058416	-0.00000000000000009557820182084236	6.591563835904824	0	0	12266.815791367448	20703.631248367183
30	-10	30.305701205719718	6281.857162815506	95.55621654058416	-0.00000000000000009557820182084236	6.591563835904824	0	0	12266.815791367448	20703.631248367183
30	-20	30.305701205719718	6281.857162815506	95.55621654058416	-0.00000000000000009557820182084236	6.591563835904824	0	0	12266.815791367448	20703.631248367183
30	-40	30.305701205719718	6174.281971449372	95.16769403912876	0.038098281553373095	6.528140720953858	504.80434375632467	441.42116335940227	12266.815791367448	20357.005531479776
15	40	30.305701205719718	6279.192778432133	95.5654456010605	0.0021870240028406813	6.589473623807344	13.015178973044954	2.1000222296579523	9383.106816495063	10722.31049425375
15	20	30.305701205719718	6281.857162815506	95.55621654058416	-0.00000000000000009557820182084236	6.591563835904824	0	0	9383.106816495063	10716.988139714209
15	10	30.305701205719718	6281.857162815506	95.55621654058416	-0.00000000000000009557820182084236	6.591563835904824	0	0	9383.106816495063	10716.988139714209
15	5	30.305701205719718	6281.857162815506	95.55621654058416	-0.00000000000000009557820182084236	6.591563835904824	0	0	9383.106816495063	10716.988139714209
15	2	30.305701205719718	6281.857162815506	95.55621654058416	-0.00000000000000009557820182084236	6.591563835904824	0	0	9383.106816495063	10716.988139714209
15	0	30.305701205719718	6281.857162815506	95.55621654058416	-0.00000000000000009557820182084236	6.591563835904824	0	0	9383.106816495063	10716.988139714209
15	-2	30.305701205719718	6281.857162815506	95.55621654058416	-0.00000000000000009557820182084236	6.591563835904824	0	0	9383.106816495063	10716.988139714209
15	-5	30.305701205719718	6281.857162815506	95.55621654058416	-0.00000000000000009557820182084236	6.591563835904824	0	0	9383.106816495063	10716.988139714209
15	-10	30.305701205719718	6281.857162815506	95.55621654058416	-0.00000000000000009557820182084236	6.591563835904824	0	0	9383.106816495063	10716.988139714209
15	-20	30.305701205719718	6281.857162815506	95.55621654058416	-0.00000000000000009557820182084236	6.591563835904824	0	0	9383.106816495063	10716.988139714209
15	-40	30.305701205719718	6262.8278161408725	95.48480571490923	0.006102463767368105	6.5776279970010805	160.16526185414114	32.684259466092044	9383.106816495063	10698.850914251143
10	40	30.305701205719718	6281.646031829019	95.55695689997653	0.000194419926939182	6.591390080532719	0.8637593245063613	0.062978345709098	8938.160201271732	7191.067202938466
10	20	30.305701205719718	6281.857162815506	95.55621654058416	-0.00000000000000009557820182084236	6.591563835904824	0	0	8938.160201271732	7190.295674734151
10	10	30.305701205719718	6281.857162815506	95.55621654058416	-0.00000000000000009557820182084236	6.591563835904824	0	0	8938.160201271732	7190.295674734151
10	5	30.305701205719718	6281.857162815506	95.55621654058416	-0.00000000000000009557820182084236	6.591563835904824	0	0	8938.160201271732	7190.295674734151
10	2	30.305701205719718	6281.857162815506	95.55621654058416	-0.00000000000000009557820182084236	6.591563835904824	0	0	8938.160201271732	7190.295674734151
10	0	30.305701205719718	6281.857162815506	95.55621654058416	-0.00000000000000009557820182084236	6.591563835904824	0	0	8938.160201271732	7190.295674734151
10	-2	30.305701205719718	6281.857162815506	95.55621654058416	-0.00000000000000009557820182084236	6.591563835904824	0	0	8938.160201271732	7190.295674734151
10	-5	30.305701205719718	6281.857162815506	95.55621654058416	-0.00000000000000009557820182084236	6.591563835904824	0	0	8938.160201271732	7190.295674734151
10	-10	30.305701205719718	6281.857162815506	95.55621654058416	-0.00000000000000009557820182084236	6.591563835904824	0	0	8938.160201271732	7190.295674734151
10	-20	30.305701205719718	6281.857162815506	95.55621654058416	-0.00000000000000009557820182084236	6.591563835904824	0	0	8938.160201271732	7190.295674734151
10	-40	30.305701205719718	6271.297370177329	95.51620162085155	0.0029300078151059186	6.583504552036733	120.88331786167333	12.153000362970488	8938.160201271732	7187.5280368436015
5	40	30.305701205719718	6281.857162815506	95.55621654058416	-0.00000000000000009557820182084236	6.591563835904824	0	0	8622.846593737871	3608.8807180501344
5	20	30.305701205719718	6281.857162815506	95.55621654058416	-0.00000000000000009557820182084236	6.591563835904824	0	0	8622.846593737871	3608.8807180501344
5	10	30.305701205719718	6281.857162815506	95.55621654058416	-0.00000000000000009557820182084236	6.591563835904824	0	0	8622.846593737871	3608.8807180501344
5	5	30.305701205719718	6281.857162815506	95.55621654058416	-0.00000000000000009557820182084236	6.591563835904824	0	0	8622.846593737871	3608.8807180501344
5	2	30.305701205719718	6281.857162815506	95.55621654058416	-0.00000000000000009557820182084236	6.591563835904824	0	0	8622.846593737871	3608.8807180501344
5	-2	30.305701205719718	6281.857162815506	95.55621654058416	-0.00000000000000009557820182084236	6.591563835904824	0	0	8622.846593737871	3608.8807180501344
5	0	30.305701205719718	6281.857162815506	95.55621654058416	-0.00000000000000009557820182084236	6.591563835904824	0	0	8622.846593737871	3608.8807180501344
5	-5	30.305701205719718	6281.857162815506	95.55621654058416	-0.00000000000000009557820182084236	6.591563835904824	0	0	8622.846593737871	3608.8807180501344
5	-10	30.305701205719718	6281.857162815506	95.55621654058416	-0.00000000000000009557820182084236	6.591563835904824	0	0	8622.846593737871	3608.8807180501344
5	-20	30.305701205719718	6281.857162815506	95.55621654058416	-0.00000000000000009557820182084236	6.591563835904824	0	0	8622.846593737871	3608.8807180501344
5	-40	30.305701205719718	6275.356275513823	95.53140520541905	0.0011524908767021837	6.586458438295168	103.32184473114116	4.6649091463805235	8622.846593737871	3609.5584637819484
2	40	30.305701205719718	6281.857162815506	95.55621654058416	-0.00000000000000009557820182084236	6.591563835904824	0	0	8519.372319745116	1445.0926209643728
2	20	30.305701205719718	6281.857162815506	95.55621654058416	-0.00000000000000009557820182084236	6.591563835904824	0	0	8519.372319745116	1445.0926209643728
2	10	30.305701205719718	6281.857162815506	95.55621654058416	-0.00000000000000009557820182084236	6.591563835904824	0	0	8519.372319745116	1445.0926209643728
2	5	30.305701205719718	6281.857162815506	95.55621654058416	-0.00000000000000009557820182084236	6.591563835904824	0	0	8519.372319745116	1445.0926209643728
2	2	30.305701205719718	6281.857162815506	95.55621654058416	-0.00000000000000009557820182084236	6.591563835904824	0	0	8519.372319745116	1445.0926209643728
2	0	30.305701205719718	6281.857162815506	95.55621654058416	-0.00000000000000009557820182084236	6.591563835904824	0	0	8519.372319745116	1445.0926209643728
2	-2	30.305701205719718	6281.857162815506	95.55621654058416	-0.00000000000000009557820182084236	6.591563835904824	0	0	8519.372319745116	1445.0926209643728
2	-5	30.305701205719718	6281.857162815506	95.55621654058416	-0.00000000000000009557820182084236	6.591563835904824	0	0	8519.372319745116	1445.0926209643728
2	-10	30.305701205719718	6281.857162815506	95.55621654058416	-0.00000000000000009557820182084236	6.591563835904824	0	0	8519.372319745116	1445.0926209643728
2	-20	30.305701205719718	6281.857162815506	95.55621654058416	-0.00000000000000009557820182084236	6.591563835904824	0	0	8519.372319745116	1445.0926209643728
2	-40	30.305701205719718	6276.360778936068	95.53518882292109	0.0004274725499170534	6.58720707483924	99.51452535967009	3.089954484741611	8519.372319745116	1445.5552450185842
0	40	30.305701205719718	6281.857162815506	95.55621654058416	-0.00000000000000009557820182084236	6.591563835904824	0	0	8499.807928058532	-0.0000000000006004086117172847
0	20	30.305701205719718	6281.857162815506	95.55621654058416	-0.00000000000000009557820182084236	6.591563835904824	0	0	8499.807928058532	-0.0000000000006004086117172847
0	10	30.305701205719718	6281.857162815506	95.55621654058416	-0.00000000000000009557820182084236	6.591563835904824	0	0	8499.807928058532	-0.0000000000006004086117172847
0	5	30.305701205719718	6281.857162815506	95.55621654058416	-0.00000000000000009557820182084236	6.591563835904824	0	0	8499.807928058532	-0.0000000000006004086117172847
0	2	30.305701205719718	6281.857162815506	95.55621654058416	-0.00000000000000009557820182084236	6.591563835904824	0	0	8499.807928058532	-0.0000000000006004086117172847
0	0	30.305701205719718	6281.857162815506	95.55621654058416	-0.00000000000000009557820182084236	6.591563835904824	0	0	8499.807928058532	-0.0000000000006004086117172847
0	-2	30.305701205719718	6281.857162815506	95.55621654058416	-0.00000000000000009557820182084236	6.591563835904824	0	0	8499.807928058532	-0.0000000000006004086117172847
0	-5	30.305701205719718	6281.857162815506	95.55621654058416	-0.00000000000000009557820182084236	6.591563835904824	0	0	8499.807928058532	-0.0000000000006004086117172847
0	-10	30.305701205719718	6281.857162815506	95.55621654058416	-0.00000000000000009557820182084236	6.591563835904824	0	0	8499.807928058532	-0.0000000000006004086117172847
0	-20	30.305701205719718	6281.857162815506	95.55621654058416	-0.00000000000000009557820182084236	6.591563835904824	0	0	8499.807928058532	-0.0000000000006004086117172847
0	-40	30.305701205719718	6276.545685796122	95.53588635694011	-0.0000000000000000601406963748841	6.587345750593928	98.85646328584339	2.8127961089412565	8499.807928058532	-0.00000000000037747582837255327
-2	40	30.305701205719718	6281.857162815506	95.55621654058416	-0.00000000000000009557820182084236	6.591563835904824	0	0	8519.372319745116	-1445.0926209643737
-2	10	30.305701205719718	6281.857162815506	95.55621654058416	-0.00000000000000009557820182084236	6.591563835904824	0	0	8519.372319745116	-1445.0926209643737
-2	20	30.305701205719718	6281.857162815506	95.55621654058416	-0.00000000000000009557820182084236	6.591563835904824	0	0	8519.372319745116	-1445.0926209643737
-2	5	30.305701205719718	6281.857162815506	95.55621654058416	-0.00000000000000009557820182084236	6.591563835904824	0	0	8519.372319745116	-1445.0926209643737
-2	2	30.305701205719718	6281.857162815506	95.55621654058416	-0.00000000000000009557820182084236	6.591563835904824	0	0	8519.372319745116	-1445.0926209643737
-2	0	30.305701205719718	6281.857162815506	95.55621654058416	-0.00000000000000009557820182084236	6.591563835904824	0	0	8519.372319745116	-1445.0926209643737
-2	-2	30.305701205719718	6281.857162815506	95.55621654058416	-0.00000000000000009557820182084236	6.591563835904824	0	0	8519.372319745116	-1445.0926209643737
-2	-40	30.305701205719718	6276.360778936068	95.53518882292106	-0.0004274725499170411	6.587207074839236	99.51452535967015	3.089954484767077	8519.372319745116	-1445.5552450185835
-2	-5	30.305701205719718	6281.857162815506	95.55621654058416	-0.00000000000000009557820182084236	6.591563835904824	0	0	8519.372319745116	-1445.0926209643737
-2	-10	30.305701205719718	6281.857162815506	95.55621654058416	-0.00000000000000009557820182084236	6.591563835904824	0	0	8519.372319745116	-1445.0926209643737
-2	-20	30.305701205719718	6281.857162815506	95.55621654058416	-0.00000000000000009557820182084236	6.591563835904824	0	0	8519.372319745116	-1445.0926209643737
-5	40	30.305701205719718	6281.857162815506	95.55621654058416	-0.00000000000000009557820182084236	6.591563835904824	0	0	8622.846593737871	-3608.880718050136
-5	20	30.305701205719718	6281.857162815506	95.55621654058416	-0.00000000000000009557820182084236	6.591563835904824	0	0	8622.846593737871	-3608.880718050136
-5	10	30.305701205719718	6281.857162815506	95.55621654058416	-0.00000000000000009557820182084236	6.591563835904824	0	0	8622.846593737871	-3608.880718050136
-5	5	30.305701205719718	6281.857162815506	95.55621654058416	-0.00000000000000009557820182084236	6.591563835904824	0	0	8622.846593737871	-3608.880718050136
-5	2	30.305701205719718	6281.857162815506	95.55621654058416	-0.00000000000000009557820182084236	6.591563835904824	0	0	8622.846593737871	-3608.880718050136
-5	0	30.305701205719718	6281.857162815506	95.55621654058416	-0.00000000000000009557820182084236	6.591563835904824	0	0	8622.846593737871	-3608.880718050136
-5	-2	30.305701205719718	6281.857162815506	95.55621654058416	-0.00000000000000009557820182084236	6.591563835904824	0	0	8622.846593737871	-3608.880718050136
-5	-5	30.305701205719718	6281.857162815506	95.55621654058416	-0.00000000000000009557820182084236	6.591563835904824	0	0	8622.846593737871	-3608.880718050136
-5	-10	30.305701205719718	6281.857162815506	95.55621654058416	-0.00000000000000009557820182084236	6.591563835904824	0	0	8622.846593737871	-3608.880718050136
-5	-20	30.305701205719718	6281.857162815506	95.55621654058416	-0.00000000000000009557820182084236	6.591563835904824	0	0	8622.846593737871	-3608.880718050136
-5	-40	30.305701205719718	6275.356275513822	95.53140520541905	-0.0011524908767020774	6.586458438295172	103.32184473114094	4.664909146398713	8622.846593737871	-3609.5584637819493
-10	40	30.305701205719718	6281.646031829023	95.55695689997647	-0.00019441992693930348	6.591390080532721	0.8637593245054944	0.06297834571137173	8938.160201271732	-7191.067202938472
-10	20	30.305701205719718	6281.857162815506	95.55621654058416	-0.00000000000000009557820182084236	6.591563835904824	0	0	8938.160201271732	-7190.295674734151
-10	10	30.305701205719718	6281.857162815506	95.55621654058416	-0.00000000000000009557820182084236	6.591563835904824	0	0	8938.160201271732	-7190.295674734151
-10	5	30.305701205719718	6281.857162815506	95.55621654058416	-0.00000000000000009557820182084236	6.591563835904824	0	0	8938.160201271732	-7190.295674734151
-10	2	30.305701205719718	6281.857162815506	95.55621654058416	-0.00000000000000009557820182084236	6.591563835904824	0	0	8938.160201271732	-7190.295674734151
-10	0	30.305701205719718	6281.857162815506	95.55621654058416	-0.00000000000000009557820182084236	6.591563835904824	0	0	8938.160201271732	-7190.295674734151
-10	-2	30.305701205719718	6281.857162815506	95.55621654058416	-0.00000000000000009557820182084236	6.591563835904824	0	0	8938.160201271732	-7190.295674734151
-10	-5	30.305701205719718	6281.857162815506	95.55621654058416	-0.00000000000000009557820182084236	6.591563835904824	0	0	8938.160201271732	-7190.295674734151
-10	-10	30.305701205719718	6281.857162815506	95.55621654058416	-0.00000000000000009557820182084236	6.591563835904824	0	0	8938.160201271732	-7190.295674734151
-10	-20	30.305701205719718	6281.857162815506	95.55621654058416	-0.00000000000000009557820182084236	6.591563835904824	0	0	8938.160201271732	-7190.295674734151
-10	-40	30.305701205719718	6271.297370177327	95.51620162085166	-0.0029300078151059915	6.583504552036737	120.88331786167475	12.15300036296685	8938.160201271732	-7187.528036843605
-15	40	30.305701205719718	6279.192778432132	95.56544560106055	-0.0021870240028408865	6.589473623807346	13.015178973047	2.100022229653405	9383.106816495067	-10722.310494253752
-15	20	30.305701205719718	6281.857162815506	95.55621654058416	-0.00000000000000009557820182084236	6.591563835904824	0	0	9383.106816495067	-10716.988139714209
-15	10	30.305701205719718	6281.857162815506	95.55621654058416	-0.00000000000000009557820182084236	6.591563835904824	0	0	9383.106816495067	-10716.988139714209
-15	5	30.305701205719718	6281.857162815506	95.55621654058416	-0.00000000000000009557820182084236	6.591563835904824	0	0	9383.106816495067	-10716.988139714209
-15	2	30.305701205719718	6281.857162815506	95.55621654058416	-0.00000000000000009557820182084236	6.591563835904824	0	0	9383.106816495067	-10716.988139714209
-15	0	30.305701205719718	6281.857162815506	95.55621654058416	-0.00000000000000009557820182084236	6.591563835904824	0	0	9383.106816495067	-10716.988139714209
-15	-2	30.305701205719718	6281.857162815506	95.55621654058416	-0.00000000000000009557820182084236	6.591563835904824	0	0	9383.106816495067	-10716.988139714209
-15	-5	30.305701205719718	6281.857162815506	95.55621654058416	-0.00000000000000009557820182084236	6.591563835904824	0	0	9383.106816495067	-10716.988139714209
-15	-10	30.305701205719718	6281.857162815506	95.55621654058416	-0.00000000000000009557820182084236	6.591563835904824	0	0	9383.106816495067	-10716.988139714209
-15	-20	30.305701205719718	6281.857162815506	95.55621654058416	-0.00000000000000009557820182084236	6.591563835904824	0	0	9383.106816495067	-10716.988139714209
-15	-40	30.305701205719718	6262.827816140874	95.48480571490923	-0.006102463767367641	6.577627997001081	160.16526185414023	32.68425946606658	9383.106816495067	-10698.850914251145
-30	40	30.305701205719718	6223.24580895054	95.75113025546241	-0.03844135833231138	6.555214966243357	278.3220986915494	155.4499545721228	12266.815791367446	-20604.536309236068
-30	20	30.305701205719718	6281.857162815506	95.55621654058416	-0.00000000000000009557820182084236	6.591563835904824	0	0	12266.815791367446	-20703.631248367183
-30	10	30.305701205719718	6281.857162815506	95.55621654058416	-0.00000000000000009557820182084236	6.591563835904824	0	0	12266.815791367446	-20703.631248367183
-30	5	30.305701205719718	6281.857162815506	95.55621654058416	-0.00000000000000009557820182084236	6.591563835904824	0	0	12266.815791367446	-20703.631248367183
-30	2	30.305701205719718	6281.857162815506	95.55621654058416	-0.00000000000000009557820182084236	6.591563835904824	0	0	12266.815791367446	-20703.631248367183
-30	0	30.305701205719718	6281.857162815506	95.55621654058416	-0.00000000000000009557820182084236	6.591563835904824	0	0	12266.815791367446	-20703.631248367183
-30	-2	30.305701205719718	6281.857162815506	95.55621654058416	-0.00000000000000009557820182084236	6.591563835904824	0	0	12266.815791367446	-20703.631248367183
-30	-5	30.305701205719718	6281.857162815506	95.55621654058416	-0.00000000000000009557820182084236	6.591563835904824	0	0	12266.815791367446	-20703.631248367183
-30	-10	30.305701205719718	6281.857162815506	95.55621654058416	-0.00000000000000009557820182084236	6.591563835904824	0	0	12266.815791367446	-20703.631248367183
-30	-40	30.305701205719718	6174.2819714493735	95.16769403912868	-0.03809828155337279	6.528140720953856	504.80434375633376	441.4211633594823	12266.815791367446	-20357.005531479776
-30	-20	30.305701205719718	6281.857162815506	95.55621654058416	-0.00000000000000009557820182084236	6.591563835904824	0	0	12266.815791367446	-20703.631248367183
-60	40	30.305701205719718	5227.379245951205	99.03783252119656	-0.4029820800982743	6.4555976303350855	2411.0375755529967	6055.1903895682335	7840.9807469822135	-30278.039578716765
-60	20	30.305701205719718	6211.909466193446	95.77487264379388	-0.06117186404510147	6.554502427922531	217.4146673180585	428.9072352357143	7840.9807469822135	-35451.06631785368
-60	10	30.305701205719718	6281.857162815506	95.55621654058416	-0.00000000000000009557820182084236	6.591563835904824	0	0	7840.9807469822135	-35859.74122334263
-60	5	30.305701205719718	6281.857162815506	95.55621654058416	-0.00000000000000009557820182084236	6.591563835904824	0	0	7840.9807469822135	-35859.74122334263
-60	2	30.305701205719718	6281.857162815506	95.55621654058416	-0.00000000000000009557820182084236	6.591563835904824	0	0	7840.9807469822135	-35859.74122334263
-60	0	30.305701205719718	6281.857162815506	95.55621654058416	-0.00000000000000009557820182084236	6.591563835904824	0	0	7840.9807469822135	-35859.74122334263
-60	-2	30.305701205719718	6281.857162815506	95.55621654058416	-0.00000000000000009557820182084236	6.591563835904824	0	0	7840.9807469822135	-35859.74122334263
-60	-5	30.305701205719718	6281.857162815506	95.55621654058416	-0.00000000000000009557820182084236	6.591563835904824	0	0	7840.9807469822135	-35859.74122334263
-60	-10	30.305701205719718	6281.857162815506	95.55621654058416	-0.00000000000000009557820182084236	6.591563835904824	0	0	7840.9807469822135	-35859.74122334263
-60	-20	30.305701205719718	6214.939512461754	95.3385805695967	-0.04998160980759982	6.551861115333981	155.09411170081512	726.466422308451	7840.9807469822135	-35419.36894361323
-60	-40	30.305701205719718	5178.916128298258	91.70261925108332	-0.29950606980238065	6.396851611731744	2193.60113652196	4547.181565118393	7840.9807469822135	-29465.904416234138
60	40	23.80546747047981	4680.122221122162	100.94264171024517	0.45669391541266635	6.4453738205124695	2424.5004802023323	7154.409729252235	7840.980746982219	27192.466830080724
60	20	23.80546747047981	5878.593358299024	96.73063320719311	0.3064048498037451	6.467388637559948	1604.3396761840122	4159.491893656916	7840.980746982219	33826.16266073948
60	10	23.80546747047981	6214.964008639048	95.74736517943516	0.0613143237805053	6.551214886434011	153.51536164536083	1174.868561022835	7840.980746982219	35451.24654513803
60	5	23.80546747047981	6275.035276836157	95.57675142655376	0.006811924807372483	6.586416509393144	5.7244502571620615	173.90804447608025	7840.980746982219	35814.19896037392
60	2	23.80546747047981	6281.857162815506	95.55621654058416	-0.00000000000000009557820182084236	6.591563835904824	0	0	7840.980746982219	35859.74122334263
60	0	23.80546747047981	6281.857162815506	95.55621654058416	-0.00000000000000009557820182084236	6.591563835904824	0	0	7840.980746982219	35859.74122334263
60	-2	23.80546747047981	6281.857162815506	95.55621654058416	-0.00000000000000009557820182084236	6.591563835904824	0	0	7840.980746982219	35859.74122334263
60	-5	23.80546747047981	6279.522912104577	95.55025176402657	0.00233880232173836	6.589719721316148	1.453397344982477	64.49554896181871	7840.980746982219	35843.730811291
60	-10	23.80546747047981	6226.401591439664	95.3997426906706	0.04750994703048228	6.555080529211841	101.22399998867513	1458.9778124682707	7840.980746982219	35494.35713394202
60	-20	23.80546747047981	5893.291168209233	94.37715668253543	0.2419909528130221	6.418288944437432	962.3940222390374	5467.980014289213	7840.980746982219	33470.33871412072
60	-40	23.80546747047981	4682.06887262752	90.01052351098376	0.39618839707892256	6.357380903569253	2389.754744714155	5415.187261220708	7840.980746982219	26705.33892000835
30	40	23.80546747047981	5757.1111112999215	97.27866264554247	0.1676709869428761	6.3966620615977465	2554.8343726549792	2559.906806460902	12266.815791367448	19249.121872020674
30	20	23.80546747047981	6281.855334211894	95.55622297774708	0.0000019037437569759622	6.59156229928721	0.00016868781455858795	0.0003327807872643973	12266.815791367448	20703.630752118617
30	10	23.80546747047981	6281.857162815506	95.55621654058416	-0.00000000000000009557820182084236	6.591563835904824	0	0	12266.815791367448	20703.631248367183
30	5	23.80546747047981	6281.857162815506	95.55621654058416	-0.00000000000000009557820182084236	6.591563835904824	0	0	12266.815791367448	20703.631248367183
30	2	23.80546747047981	6281.857162815506	95.55621654058416	-0.00000000000000009557820182084236	6.591563835904824	0	0	12266.815791367448	20703.631248367183
30	0	23.80546747047981	6281.857162815506	95.55621654058416	-0.00000000000000009557820182084236	6.591563835904824	0	0	12266.815791367448	20703.631248367183
30	-2	23.80546747047981	6281.857162815506	95.55621654058416	-0.00000000000000009557820182084236	6.591563835904824	0	0	12266.815791367448	20703.631248367183
30	-5	23.80546747047981	6281.857162815506	95.55621654058416	-0.00000000000000009557820182084236	6.591563835904824	0	0	12266.815791367448	20703.631248367183
30	-10	23.80546747047981	6281.857162815506	95.55621654058416	-0.00000000000000009557820182084236	6.591563835904824	0	0	12266.815791367448	20703.631248367183
30	-20	23.80546747047981	6281.857162815506	95.55621654058416	-0.00000000000000009557820182084236	6.591563835904824	0	0	12266.815791367448	20703.631248367183
30	-40	23.80546747047981	5661.83321006084	93.36959352418246	0.12002497305023589	6.363062848709572	1632.66470320191	3272.2853025906516	12266.815791367448	18601.817694434714
15	40	23.80546747047981	5974.169182673894	96.56886279367481	0.062158566278125396	6.431294211942153	1856.3276394563627	1107.5545266144618	9383.106816495063	10302.944584829658
15	20	23.80546747047981	6281.857162815506	95.55621654058416	-0.00000000000000009557820182084236	6.591563835904824	0	0	9383.106816495063	10716.988139714209
15	10	23.80546747047981	6281.857162815506	95.55621654058416	-0.00000000000000009557820182084236	6.591563835904824	0	0	9383.106816495063	10716.988139714209
15	5	23.80546747047981	6281.857162815506	95.55621654058416	-0.00000000000000009557820182084236	6.591563835904824	0	0	9383.106816495063	10716.988139714209
15	2	23.80546747047981	6281.857162815506	95.55621654058416	-0.00000000000000009557820182084236	6.591563835904824	0	0	9383.106816495063	10716.988139714209
15	0	23.80546747047981	6281.857162815506	95.55621654058416	-0.00000000000000009557820182084236	6.591563835904824	0	0	9383.106816495063	10716.988139714209
15	-2	23.80546747047981	6281.857162815506	95.55621654058416	-0.00000000000000009557820182084236	6.591563835904824	0	0	9383.106816495063	10716.988139714209
15	-5	23.80546747047981	6281.857162815506	95.55621654058416	-0.00000000000000009557820182084236	6.591563835904824	0	0	9383.106816495063	10716.988139714209
15	-20	23.80546747047981	6281.857162815506	95.55621654058416	-0.00000000000000009557820182084236	6.591563835904824	0	0	9383.106816495063	10716.988139714209
15	-10	23.80546747047981	6281.857162815506	95.55621654058416	-0.00000000000000009557820182084236	6.591563835904824	0	0	9383.106816495063	10716.988139714209
15	-40	23.80546747047981	5869.316961853058	94.09114378663787	0.051474777792007466	6.399872887430556	1448.619286004452	1772.8937033674156	9383.106816495063	10013.816614022186
10	40	23.80546747047981	6007.649901629602	96.46106565215968	0.03903050048084538	6.441279047064449	1751.4367668805044	893.8100949025247	8938.160201271732	6950.574030651431
10	20	23.80546747047981	6281.857162815506	95.55621654058416	-0.00000000000000009557820182084236	6.591563835904824	0	0	8938.160201271732	7190.295674734151
10	10	23.80546747047981	6281.857162815506	95.55621654058416	-0.00000000000000009557820182084236	6.591563835904824	0	0	8938.160201271732	7190.295674734151
10	5	23.80546747047981	6281.857162815506	95.55621654058416	-0.00000000000000009557820182084236	6.591563835904824	0	0	8938.160201271732	7190.295674734151
10	2	23.80546747047981	6281.857162815506	95.55621654058416	-0.00000000000000009557820182084236	6.591563835904824	0	0	8938.160201271732	7190.295674734151
10	0	23.80546747047981	6281.857162815506	95.55621654058416	-0.00000000000000009557820182084236	6.591563835904824	0	0	8938.160201271732	7190.295674734151
10	-2	23.80546747047981	6281.857162815506	95.55621654058416	-0.00000000000000009557820182084236	6.591563835904824	0	0	8938.160201271732	7190.295674734151
10	-5	23.80546747047981	6281.857162815506	95.55621654058416	-0.00000000000000009557820182084236	6.591563835904824	0	0	8938.160201271732	7190.295674734151
10	-10	23.80546747047981	6281.857162815506	95.55621654058416	-0.00000000000000009557820182084236	6.591563835904824	0	0	8938.160201271732	7190.295674734151
10	-20	23.80546747047981	6281.857162815506	95.55621654058416	-0.00000000000000009557820182084236	6.591563835904824	0	0	8938.160201271732	7190.295674734151
10	-40	23.80546747047981	5904.508955043832	94.21244383569743	0.03292142305664881	6.409263658374047	1429.6386278219804	1541.9351673163328	8938.160201271732	6762.895999000836
5	40	23.80546747047981	6026.806879758104	96.3995084711682	0.018813458316237614	6.447594953381513	1694.8993440161278	774.9960701062082	8622.846593737871	3499.687168230507
5	20	23.80546747047981	6281.857162815506	95.55621654058416	-0.00000000000000009557820182084236	6.591563835904824	0	0	8622.846593737871	3608.8807180501344
5	10	23.80546747047981	6281.857162815506	95.55621654058416	-0.00000000000000009557820182084236	6.591563835904824	0	0	8622.846593737871	3608.8807180501344
5	5	23.80546747047981	6281.857162815506	95.55621654058416	-0.00000000000000009557820182084236	6.591563835904824	0	0	8622.846593737871	3608.8807180501344
5	2	23.80546747047981	6281.857162815506	95.55621654058416	-0.00000000000000009557820182084236	6.591563835904824	0	0	8622.846593737871	3608.8807180501344
5	0	23.80546747047981	6281.857162815506	95.55621654058416	-0.00000000000000009557820182084236	6.591563835904824	0	0	8622.846593737871	3608.8807180501344
5	-2	23.80546747047981	6281.857162815506	95.55621654058416	-0.00000000000000009557820182084236	6.591563835904824	0	0	8622.846593737871	3608.8807180501344
5	-5	23.80546747047981	6281.857162815506	95.55621654058416	-0.00000000000000009557820182084236	6.591563835904824	0	0	8622.846593737871	3608.8807180501344
5	-10	23.80546747047981	6281.857162815506	95.55621654058416	-0.00000000000000009557820182084236	6.591563835904824	0	0	8622.846593737871	3608.8807180501344
5	-20	23.80546747047981	6281.857162815506	95.55621654058416	-0.00000000000000009557820182084236	6.591563835904824	0	0	8622.846593737871	3608.8807180501344
5	-40	23.80546747047981	5925.216913173793	94.28386939584153	0.015986383696396756	6.415150082106177	1411.2234520807706	1396.065526467879	8622.846593737871	3407.252855814436
2	40	23.80546747047981	6032.048795126643	96.38267672128775	0.007447849990423454	6.449400805339164	1679.8760649900255	742.9498919265316	8519.372319745116	1402.5970496117195
2	20	23.80546747047981	6281.857162815506	95.55621654058416	-0.00000000000000009557820182084236	6.591563835904824	0	0	8519.372319745116	1445.0926209643728
2	10	23.80546747047981	6281.857162815506	95.55621654058416	-0.00000000000000009557820182084236	6.591563835904824	0	0	8519.372319745116	1445.0926209643728
2	5	23.80546747047981	6281.857162815506	95.55621654058416	-0.00000000000000009557820182084236	6.591563835904824	0	0	8519.372319745116	1445.0926209643728
2	2	23.80546747047981	6281.857162815506	95.55621654058416	-0.00000000000000009557820182084236	6.591563835904824	0	0	8519.372319745116	1445.0926209643728
2	0	23.80546747047981	6281.857162815506	95.55621654058416	-0.00000000000000009557820182084236	6.591563835904824	0	0	8519.372319745116	1445.0926209643728
2	-2	23.80546747047981	6281.857162815506	95.55621654058416	-0.00000000000000009557820182084236	6.591563835904824	0	0	8519.372319745116	1445.0926209643728
2	-5	23.80546747047981	6281.857162815506	95.55621654058416	-0.00000000000000009557820182084236	6.591563835904824	0	0	8519.372319745116	1445.0926209643728
2	-10	23.80546747047981	6281.857162815506	95.55621654058416	-0.00000000000000009557820182084236	6.591563835904824	0	0	8519.372319745116	1445.0926209643728
2	-20	23.80546747047981	6281.857162815506	95.55621654058416	-0.00000000000000009557820182084236	6.591563835904824	0	0	8519.372319745116	1445.0926209643728
2	-40	23.80546747047981	5930.931701841052	94.30356773240408	0.006340343335540767	6.416841960520293	1405.354279898048	1353.5693907991663	8519.372319745116	1365.7810956262647
0	40	23.80546747047981	6033.041270396329	96.37949039985087	-0.00000000000000017533785208025894	6.449746499447624	1677.0534572670529	736.9054377404245	8499.807928058532	-0.0000000000010578204978628492
0	20	23.80546747047981	6281.857162815506	95.55621654058416	-0.00000000000000009557820182084236	6.591563835904824	0	0	8499.807928058532	-0.0000000000006004086117172847
0	10	23.80546747047981	6281.857162815506	95.55621654058416	-0.00000000000000009557820182084236	6.591563835904824	0	0	8499.807928058532	-0.0000000000006004086117172847
0	5	23.80546747047981	6281.857162815506	95.55621654058416	-0.00000000000000009557820182084236	6.591563835904824	0	0	8499.807928058532	-0.0000000000006004086117172847
0	2	23.80546747047981	6281.857162815506	95.55621654058416	-0.00000000000000009557820182084236	6.591563835904824	0	0	8499.807928058532	-0.0000000000006004086117172847
0	0	23.80546747047981	6281.857162815506	95.55621654058416	-0.00000000000000009557820182084236	6.591563835904824	0	0	8499.807928058532	-0.0000000000006004086117172847
0	-2	23.80546747047981	6281.857162815506	95.55621654058416	-0.00000000000000009557820182084236	6.591563835904824	0	0	8499.807928058532	-0.0000000000006004086117172847
0	-5	23.80546747047981	6281.857162815506	95.55621654058416	-0.00000000000000009557820182084236	6.591563835904824	0	0	8499.807928058532	-0.0000000000006004086117172847
0	-10	23.80546747047981	6281.857162815506	95.55621654058416	-0.00000000000000009557820182084236	6.591563835904824	0	0	8499.807928058532	-0.0000000000006004086117172847
0	-20	23.80546747047981	6281.857162815506	95.55621654058416	-0.00000000000000009557820182084236	6.591563835904824	0	0	8499.807928058532	-0.0000000000006004086117172847
0	-40	23.80546747047981	5932.01587350246	94.30730404246827	0.0000000000000003707221649558855	6.417166384556774	1404.2486019955384	1345.5436605675059	8499.807928058532	0.00000000000219912976717751
-2	40	23.80546747047981	6032.048795126643	96.38267672128768	-0.007447849990423616	6.449400805339167	1679.876064990026	742.9498919265316	8519.372319745116	-1402.597049611721
-2	20	23.80546747047981	6281.857162815506	95.55621654058416	-0.00000000000000009557820182084236	6.591563835904824	0	0	8519.372319745116	-1445.0926209643737
-2	10	23.80546747047981	6281.857162815506	95.55621654058416	-0.00000000000000009557820182084236	6.591563835904824	0	0	8519.372319745116	-1445.0926209643737
-2	5	23.80546747047981	6281.857162815506	95.55621654058416	-0.00000000000000009557820182084236	6.591563835904824	0	0	8519.372319745116	-1445.0926209643737
-2	2	23.80546747047981	6281.857162815506	95.55621654058416	-0.00000000000000009557820182084236	6.591563835904824	0	0	8519.372319745116	-1445.0926209643737
-2	0	23.80546747047981	6281.857162815506	95.55621654058416	-0.00000000000000009557820182084236	6.591563835904824	0	0	8519.372319745116	-1445.0926209643737
-2	-2	23.80546747047981	6281.857162815506	95.55621654058416	-0.00000000000000009557820182084236	6.591563835904824	0	0	8519.372319745116	-1445.0926209643737
-2	-5	23.80546747047981	6281.857162815506	95.55621654058416	-0.00000000000000009557820182084236	6.591563835904824	0	0	8519.372319745116	-1445.0926209643737
-2	-10	23.80546747047981	6281.857162815506	95.55621654058416	-0.00000000000000009557820182084236	6.591563835904824	0	0	8519.372319745116	-1445.0926209643737
-2	-20	23.80546747047981	6281.857162815506	95.55621654058416	-0.00000000000000009557820182084236	6.591563835904824	0	0	8519.372319745116	-1445.0926209643737
-2	-40	23.80546747047981	5930.931701841053	94.30356773240415	-0.006340343335540493	6.416841960520297	1405.354279898048	1353.5693907991372	8519.372319745116	-1365.781095626264
-5	40	23.80546747047981	6026.806879758106	96.39950847116809	-0.018813458316236976	6.447594953381508	1694.8993440161275	774.9960701061791	8622.846593737871	-3499.6871682305014
-5	20	23.80546747047981	6281.857162815506	95.55621654058416	-0.00000000000000009557820182084236	6.591563835904824	0	0	8622.846593737871	-3608.880718050136
-5	10	23.80546747047981	6281.857162815506	95.55621654058416	-0.00000000000000009557820182084236	6.591563835904824	0	0	8622.846593737871	-3608.880718050136
-5	5	23.80546747047981	6281.857162815506	95.55621654058416	-0.00000000000000009557820182084236	6.591563835904824	0	0	8622.846593737871	-3608.880718050136
-5	2	23.80546747047981	6281.857162815506	95.55621654058416	-0.00000000000000009557820182084236	6.591563835904824	0	0	8622.846593737871	-3608.880718050136
-5	0	23.80546747047981	6281.857162815506	95.55621654058416	-0.00000000000000009557820182084236	6.591563835904824	0	0	8622.846593737871	-3608.880718050136
-5	-2	23.80546747047981	6281.857162815506	95.55621654058416	-0.00000000000000009557820182084236	6.591563835904824	0	0	8622.846593737871	-3608.880718050136
-5	-5	23.80546747047981	6281.857162815506	95.55621654058416	-0.00000000000000009557820182084236	6.591563835904824	0	0	8622.846593737871	-3608.880718050136
-5	-10	23.80546747047981	6281.857162815506	95.55621654058416	-0.00000000000000009557820182084236	6.591563835904824	0	0	8622.846593737871	-3608.880718050136
-5	-20	23.80546747047981	6281.857162815506	95.55621654058416	-0.00000000000000009557820182084236	6.591563835904824	0	0	8622.846593737871	-3608.880718050136
-5	-40	23.80546747047981	5925.2169131737965	94.28386939584138	-0.015986383696396943	6.415150082106171	1411.2234520807715	1396.065526467908	8622.846593737871	-3407.252855814436
-10	40	23.80546747047981	6007.649901629601	96.46106565215965	-0.03903050048084556	6.441279047064451	1751.4367668805041	893.8100949025247	8938.160201271732	-6950.5740306514335
-10	20	23.80546747047981	6281.857162815506	95.55621654058416	-0.00000000000000009557820182084236	6.591563835904824	0	0	8938.160201271732	-7190.295674734151
-10	10	23.80546747047981	6281.857162815506	95.55621654058416	-0.00000000000000009557820182084236	6.591563835904824	0	0	8938.160201271732	-7190.295674734151
-10	5	23.80546747047981	6281.857162815506	95.55621654058416	-0.00000000000000009557820182084236	6.591563835904824	0	0	8938.160201271732	-7190.295674734151
-10	2	23.80546747047981	6281.857162815506	95.55621654058416	-0.00000000000000009557820182084236	6.591563835904824	0	0	8938.160201271732	-7190.295674734151
-10	0	23.80546747047981	6281.857162815506	95.55621654058416	-0.00000000000000009557820182084236	6.591563835904824	0	0	8938.160201271732	-7190.295674734151
-10	-2	23.80546747047981	6281.857162815506	95.55621654058416	-0.00000000000000009557820182084236	6.591563835904824	0	0	8938.160201271732	-7190.295674734151
-10	-5	23.80546747047981	6281.857162815506	95.55621654058416	-0.00000000000000009557820182084236	6.591563835904824	0	0	8938.160201271732	-7190.295674734151
-10	-10	23.80546747047981	6281.857162815506	95.55621654058416	-0.00000000000000009557820182084236	6.591563835904824	0	0	8938.160201271732	-7190.295674734151
-10	-20	23.80546747047981	6281.857162815506	95.55621654058416	-0.00000000000000009557820182084236	6.591563835904824	0	0	8938.160201271732	-7190.295674734151
-10	-40	23.80546747047981	5904.508955043834	94.21244383569741	-0.03292142305664828	6.4092636583740425	1429.6386278219804	1541.9351673164056	8938.160201271732	-6762.89599900083
-15	40	23.80546747047981	5974.169182673895	96.56886279367481	-0.0621585662781253	6.431294211942156	1856.3276394563627	1107.5545266144327	9383.106816495067	-10302.944584829664
-15	20	23.80546747047981	6281.857162815506	95.55621654058416	-0.00000000000000009557820182084236	6.591563835904824	0	0	9383.106816495067	-10716.988139714209
-15	10	23.80546747047981	6281.857162815506	95.55621654058416	-0.00000000000000009557820182084236	6.591563835904824	0	0	9383.106816495067	-10716.988139714209
-15	5	23.80546747047981	6281.857162815506	95.55621654058416	-0.00000000000000009557820182084236	6.591563835904824	0	0	9383.106816495067	-10716.988139714209
-15	2	23.80546747047981	6281.857162815506	95.55621654058416	-0.00000000000000009557820182084236	6.591563835904824	0	0	9383.106816495067	-10716.988139714209
-15	0	23.80546747047981	6281.857162815506	95.55621654058416	-0.00000000000000009557820182084236	6.591563835904824	0	0	9383.106816495067	-10716.988139714209
-15	-2	23.80546747047981	6281.857162815506	95.55621654058416	-0.00000000000000009557820182084236	6.591563835904824	0	0	9383.106816495067	-10716.988139714209
-15	-5	23.80546747047981	6281.857162815506	95.55621654058416	-0.00000000000000009557820182084236	6.591563835904824	0	0	9383.106816495067	-10716.988139714209
-15	-10	23.80546747047981	6281.857162815506	95.55621654058416	-0.00000000000000009557820182084236	6.591563835904824	0	0	9383.106816495067	-10716.988139714209
-15	-20	23.80546747047981	6281.857162815506	95.55621654058416	-0.00000000000000009557820182084236	6.591563835904824	0	0	9383.106816495067	-10716.988139714209
-15	-40	23.80546747047981	5869.316961853058	94.09114378663789	-0.05147477779200671	6.39987288743055	1448.619286004453	1772.8937033674738	9383.106816495067	-10013.816614022173
-30	40	23.80546747047981	5757.111111299925	97.27866264554247	-0.16767098694287577	6.396662061597742	2554.834372654981	2559.9068064608728	12266.815791367446	-19249.12187202067
-30	20	23.80546747047981	6281.855334211896	95.55622297774703	-0.0000019037437571507525	6.59156229928721	0.00016868781473444727	0.00033278078732479344	12266.815791367446	-20703.630752118628
-30	10	23.80546747047981	6281.857162815506	95.55621654058416	-0.00000000000000009557820182084236	6.591563835904824	0	0	12266.815791367446	-20703.631248367183
-30	5	23.80546747047981	6281.857162815506	95.55621654058416	-0.00000000000000009557820182084236	6.591563835904824	0	0	12266.815791367446	-20703.631248367183
-30	2	23.80546747047981	6281.857162815506	95.55621654058416	-0.00000000000000009557820182084236	6.591563835904824	0	0	12266.815791367446	-20703.631248367183
-30	0	23.80546747047981	6281.857162815506	95.55621654058416	-0.00000000000000009557820182084236	6.591563835904824	0	0	12266.815791367446	-20703.631248367183
-30	-2	23.80546747047981	6281.857162815506	95.55621654058416	-0.00000000000000009557820182084236	6.591563835904824	0	0	12266.815791367446	-20703.631248367183
-30	-5	23.80546747047981	6281.857162815506	95.55621654058416	-0.00000000000000009557820182084236	6.591563835904824	0	0	12266.815791367446	-20703.631248367183
-30	-10	23.80546747047981	6281.857162815506	95.55621654058416	-0.00000000000000009557820182084236	6.591563835904824	0	0	12266.815791367446	-20703.631248367183
-30	-20	23.80546747047981	6281.857162815506	95.55621654058416	-0.00000000000000009557820182084236	6.591563835904824	0	0	12266.815791367446	-20703.631248367183
-30	-40	23.80546747047981	5661.833210060843	93.36959352418239	-0.12002497305023561	6.363062848709564	1632.6647032019064	3272.2853025906807	12266.815791367446	-18601.8176944347
-60	40	23.80546747047981	4680.122221122163	100.9426417102452	-0.4566939154126661	6.445373820512465	2424.5004802023395	7154.4097292522565	7840.9807469822135	-27192.466830080713
-60	20	23.80546747047981	5878.593358299024	96.73063320719307	-0.3064048498037449	6.467388637559945	1604.339676184034	4159.4918936568865	7840.9807469822135	-33826.162660739465
-60	10	23.80546747047981	6214.964008639046	95.74736517943508	-0.06131432378050574	6.551214886434014	153.5153616453481	1174.8685610228458	7840.9807469822135	-35451.24654513803
-60	5	23.80546747047981	6275.035276836159	95.57675142655377	-0.006811924807372711	6.586416509393142	5.724450257163426	173.90804447608025	7840.9807469822135	-35814.19896037391
-60	2	23.80546747047981	6281.857162815506	95.55621654058416	-0.00000000000000009557820182084236	6.591563835904824	0	0	7840.9807469822135	-35859.74122334263
-60	0	23.80546747047981	6281.857162815506	95.55621654058416	-0.00000000000000009557820182084236	6.591563835904824	0	0	7840.9807469822135	-35859.74122334263
-60	-2	23.80546747047981	6281.857162815506	95.55621654058416	-0.00000000000000009557820182084236	6.591563835904824	0	0	7840.9807469822135	-35859.74122334263
-60	-5	23.80546747047981	6279.522912104578	95.5502517640266	-0.0023388023217383136	6.589719721316145	1.4533973449833866	64.49554896181962	7840.9807469822135	-35843.730811291
-60	-10	23.80546747047981	6226.401591439661	95.3997426906707	-0.04750994703048215	6.555080529211847	101.2239999886915	1458.9778124682816	7840.9807469822135	-35494.35713394204
-60	-20	23.80546747047981	5893.2911682092345	94.3771566825354	-0.241990952813022	6.418288944437427	962.3940222390302	5467.980014289176	7840.9807469822135	-33470.33871412071
-60	-40	23.80546747047981	4682.068872627521	90.01052351098376	-0.39618839707892234	6.357380903569251	2389.7547447141696	5415.187261220715	7840.9807469822135	-26705.338920008344
60	40	17.305233735239906	4127.6834508765	102.87199701416895	0.5178166802786776	6.437728196345673	2424.5004802023323	7154.409729252213	7840.980746982219	24081.501706114912
60	20	17.305233735239906	5185.829431631639	98.61378957174598	0.7083458142925149	6.358190718355253	3276.0913691112146	15453.754581897505	7840.980746982219	30391.696468103477
60	10	17.305233735239906	5717.160737741965	96.85247339478197	0.4694436608105602	6.37891491704186	2305.7256018134285	19581.522373948304	7840.980746982219	32925.267027612106
60	5	17.305233735239906	5908.214368864238	96.17900659889737	0.33637765250625046	6.395792798499389	1185.88516436383	29280.745098837324	7840.980746982219	33718.81670502978
60	2	17.305233735239906	5970.293706727624	95.83411478019433	0.29070608627897165	6.406132820049389	762.6173975151942	36265.323071981504	7840.980746982219	33990.23616677204
60	0	17.305233735239906	5984.389840275279	95.60358558007832	0.2791863502169073	6.407675978649153	666.7124644495125	40495.85180812204	7840.980746982219	34044.01698206289
60	-2	17.305233735239906	5974.811069729925	95.36082889548835	0.28353959682375174	6.403747891713047	679.8745981684988	40905.89412981503	7840.980746982219	33982.204902920486
60	-5	17.305233735239906	5923.704710779975	94.98840090003551	0.3107185555091553	6.388300310998599	771.230456048288	33551.632155613646	7840.980746982219	33692.786249345314
60	-10	17.305233735239906	5754.820707353336	94.34772141024155	0.39757133933205563	6.336444550510719	1515.4529375740822	21362.200898166415	7840.980746982219	32723.680840416175
60	-20	17.305233735239906	5144.055577762353	92.17147177146215	0.595890404319596	6.2796608138344165	3458.2160850023283	19091.473021270103	7840.980746982219	29507.799683816953
60	-40	17.305233735239906	4161.482268226612	88.24788670480719	0.48999912353574104	6.316401684657111	2406.4981006399103	6078.873518069227	7840.980746982219	23783.55315157202
30	40	17.305233735239906	4868.214238646531	100.33520301390034	0.2534849099159165	6.323245528240612	2956.0297587425075	5867.961840653174	12266.815791367448	16460.148628406525
30	20	17.305233735239906	6080.879129047769	96.15929924502298	0.1231243044085617	6.470805104127698	888.0874640043794	1751.984553445007	12266.815791367448	20322.488548048666
30	10	17.305233735239906	6273.174682120274	95.58382834041242	0.008038355130007238	6.584842744561104	10.088688414378794	77.20975095242193	12266.815791367448	20697.604597571964
30	5	17.305233735239906	6281.857162815506	95.55621654058416	-0.00000000000000009557820182084236	6.591563835904824	0	0	12266.815791367448	20703.631248367183
30	2	17.305233735239906	6281.857162815506	95.55621654058416	-0.00000000000000009557820182084236	6.591563835904824	0	0	12266.815791367448	20703.631248367183
30	0	17.305233735239906	6281.857162815506	95.55621654058416	-0.00000000000000009557820182084236	6.591563835904824	0	0	12266.815791367448	20703.631248367183
30	-2	17.305233735239906	6281.857162815506	95.55621654058416	-0.00000000000000009557820182084236	6.591563835904824	0	0	12266.815791367448	20703.631248367183
30	-5	17.305233735239906	6281.857162815506	95.55621654058416	-0.00000000000000009557820182084236	6.591563835904824	0	0	12266.815791367448	20703.631248367183
30	-10	17.305233735239906	6276.034235517062	95.53721446043801	0.0046749126822243055	6.586902529358275	11.992440467962297	132.17462893221182	12266.815791367448	20695.221999306137
30	-20	17.305233735239906	6034.37740497645	94.75839380400949	0.11637286439771995	6.441417360430502	1068.108552700458	2620.3144266984746	12266.815791367448	20043.127447888182
30	-40	17.305233735239906	4865.488308727241	90.60293983041754	0.19679367865316982	6.244488107279426	2568.5106548222557	4462.478502395017	12266.815791367448	16020.458962827419
15	40	17.305233735239906	5070.329550346256	99.64427562118301	0.1259829668418286	6.297808519713245	3150.5829775434286	5397.0892327810725	9383.106816495063	8881.61002022006
15	20	17.305233735239906	6202.771619143587	95.80849485179822	0.04094664351930494	6.53539452016804	734.3282519519028	420.1328707854409	9383.106816495063	10737.220907717265
15	10	17.305233735239906	6281.857162815506	95.55621654058416	-0.00000000000000009557820182084236	6.591563835904824	0	0	9383.106816495063	10716.988139714209
15	5	17.305233735239906	6281.857162815506	95.55621654058416	-0.00000000000000009557820182084236	6.591563835904824	0	0	9383.106816495063	10716.988139714209
15	2	17.305233735239906	6281.857162815506	95.55621654058416	-0.00000000000000009557820182084236	6.591563835904824	0	0	9383.106816495063	10716.988139714209
15	0	17.305233735239906	6281.857162815506	95.55621654058416	-0.00000000000000009557820182084236	6.591563835904824	0	0	9383.106816495063	10716.988139714209
15	-2	17.305233735239906	6281.857162815506	95.55621654058416	-0.00000000000000009557820182084236	6.591563835904824	0	0	9383.106816495063	10716.988139714209
15	-5	17.305233735239906	6281.857162815506	95.55621654058416	-0.00000000000000009557820182084236	6.591563835904824	0	0	9383.106816495063	10716.988139714209
15	-10	17.305233735239906	6281.857162815506	95.55621654058416	-0.00000000000000009557820182084236	6.591563835904824	0	0	9383.106816495063	10716.988139714209
15	-20	17.305233735239906	6166.343701668685	95.15948938770559	0.037077606773625815	6.51085648706119	813.5319478294521	786.4468667620604	9383.106816495063	10611.95610063805
15	-40	17.305233735239906	5048.632779759449	91.22742999348074	0.08900068658012962	6.235517799087516	2292.921164476927	4184.119105050639	9383.106816495063	8581.862008188156
10	40	17.305233735239906	5108.53085530032	99.5137415340918	0.08389305269378815	6.29322690378553	3189.7392602482846	5302.320197010573	8938.160201271732	6004.699540611409
10	20	17.305233735239906	6221.9942833711675	95.7510104645135	0.02503051664517042	6.54737565606412	806.7818282548578	245.17644501442192	8938.160201271732	7227.40694956584
10	10	17.305233735239906	6281.857162815506	95.55621654058416	-0.00000000000000009557820182084236	6.591563835904824	0	0	8938.160201271732	7190.295674734151
10	5	17.305233735239906	6281.857162815506	95.55621654058416	-0.00000000000000009557820182084236	6.591563835904824	0	0	8938.160201271732	7190.295674734151
10	2	17.305233735239906	6281.857162815506	95.55621654058416	-0.00000000000000009557820182084236	6.591563835904824	0	0	8938.160201271732	7190.295674734151
10	0	17.305233735239906	6281.857162815506	95.55621654058416	-0.00000000000000009557820182084236	6.591563835904824	0	0	8938.160201271732	7190.295674734151
10	-2	17.305233735239906	6281.857162815506	95.55621654058416	-0.00000000000000009557820182084236	6.591563835904824	0	0	8938.160201271732	7190.295674734151
10	-5	17.305233735239906	6281.857162815506	95.55621654058416	-0.00000000000000009557820182084236	6.591563835904824	0	0	8938.160201271732	7190.295674734151
10	-10	17.305233735239906	6281.857162815506	95.55621654058416	-0.00000000000000009557820182084236	6.591563835904824	0	0	8938.160201271732	7190.295674734151
10	-20	17.305233735239906	6186.920824280627	95.22405536252467	0.022090097190372176	6.523487274471347	781.4916344249102	515.1761571348761	8938.160201271732	7143.085780269081
10	-40	17.305233735239906	5081.877671192747	91.34149407879421	0.05830340611124402	6.234673851459252	2239.11537576871	4138.014258123178	8938.160201271732	5793.632239952398
5	40	17.305233735239906	5131.568555205457	99.43502979200778	0.04191772090029906	6.290496884906374	3213.719273931771	5244.281930414203	8622.846593737871	3027.6826110527827
5	20	17.305233735239906	6233.060489470043	95.71754292329547	0.01185032042427066	6.554511999853293	863.3103983660931	142.39298256019538	8622.846593737871	3634.3017789688924
5	10	17.305233735239906	6281.857162815506	95.55621654058416	-0.00000000000000009557820182084236	6.591563835904824	0	0	8622.846593737871	3608.8807180501344
5	5	17.305233735239906	6281.857162815506	95.55621654058416	-0.00000000000000009557820182084236	6.591563835904824	0	0	8622.846593737871	3608.8807180501344
5	2	17.305233735239906	6281.857162815506	95.55621654058416	-0.00000000000000009557820182084236	6.591563835904824	0	0	8622.846593737871	3608.8807180501344
5	0	17.305233735239906	6281.857162815506	95.55621654058416	-0.00000000000000009557820182084236	6.591563835904824	0	0	8622.846593737871	3608.8807180501344
5	-2	17.305233735239906	6281.857162815506	95.55621654058416	-0.00000000000000009557820182084236	6.591563835904824	0	0	8622.846593737871	3608.8807180501344
5	-5	17.305233735239906	6281.857162815506	95.55621654058416	-0.00000000000000009557820182084236	6.591563835904824	0	0	8622.846593737871	3608.8807180501344
5	-10	17.305233735239906	6281.857162815506	95.55621654058416	-0.00000000000000009557820182084236	6.591563835904824	0	0	8622.846593737871	3608.8807180501344
5	-20	17.305233735239906	6198.77024159894	95.26166470014515	0.010198784019699278	6.53103484733308	760.5480344843413	356.9853349629702	8622.846593737871	3591.425945165637
5	-40	17.305233735239906	5101.706427773903	91.40961806737296	0.028854289794789986	6.234289234699698	2207.74214532901	4110.458175227221	8622.846593737871	2918.6791011894425
2	40	17.305233735239906	5138.034860133786	99.41293779197284	0.016763855395959325	6.289735013475343	3220.4996194046453	5227.871618753648	8519.372319745116	1213.9235721803952
2	20	17.305233735239906	6236.09781426667	95.70830460360875	0.004666443766577882	6.556502158095014	881.0978111691261	113.62762563586148	8519.372319745116	1456.0180026055373
2	10	17.305233735239906	6281.857162815506	95.55621654058416	-0.00000000000000009557820182084236	6.591563835904824	0	0	8519.372319745116	1445.0926209643728
2	5	17.305233735239906	6281.857162815506	95.55621654058416	-0.00000000000000009557820182084236	6.591563835904824	0	0	8519.372319745116	1445.0926209643728
2	2	17.305233735239906	6281.857162815506	95.55621654058416	-0.00000000000000009557820182084236	6.591563835904824	0	0	8519.372319745116	1445.0926209643728
2	0	17.305233735239906	6281.857162815506	95.55621654058416	-0.00000000000000009557820182084236	6.591563835904824	0	0	8519.372319745116	1445.0926209643728
2	-2	17.305233735239906	6281.857162815506	95.55621654058416	-0.00000000000000009557820182084236	6.591563835904824	0	0	8519.372319745116	1445.0926209643728
2	-5	17.305233735239906	6281.857162815506	95.55621654058416	-0.00000000000000009557820182084236	6.591563835904824	0	0	8519.372319745116	1445.0926209643728
2	-10	17.305233735239906	6281.857162815506	95.55621654058416	-0.00000000000000009557820182084236	6.591563835904824	0	0	8519.372319745116	1445.0926209643728
2	-20	17.305233735239906	6202.026447409479	95.27206893345993	0.003973186002652577	6.5331477527368085	750.0910902838971	311.0189502105859	8519.372319745116	1438.7109552002255
2	-40	17.305233735239906	5107.242355315846	91.42864891391012	0.011509028401325444	6.23419785110029	2199.0931288377924	4102.720055860038	8519.372319745116	1169.9281858764161
0	40	17.305233735239906	5139.267319254861	99.40872717450966	-0.00000000000000020583099343745013	6.289590020501207	3221.794398012599	5224.737896353661	8499.807928058532	-0.0000000000010578204978628492
0	20	17.305233735239906	6236.673350977696	95.70655139428919	0.00000000000000019040512149845225	6.556880817524229	884.5884458652828	108.14210774068852	8499.807928058532	0.0000000000011874945471390674
0	10	17.305233735239906	6281.857162815506	95.55621654058416	-0.00000000000000009557820182084236	6.591563835904824	0	0	8499.807928058532	-0.0000000000006004086117172847
0	5	17.305233735239906	6281.857162815506	95.55621654058416	-0.00000000000000009557820182084236	6.591563835904824	0	0	8499.807928058532	-0.0000000000006004086117172847
0	2	17.305233735239906	6281.857162815506	95.55621654058416	-0.00000000000000009557820182084236	6.591563835904824	0	0	8499.807928058532	-0.0000000000006004086117172847
0	0	17.305233735239906	6281.857162815506	95.55621654058416	-0.00000000000000009557820182084236	6.591563835904824	0	0	8499.807928058532	-0.0000000000006004086117172847
0	-2	17.305233735239906	6281.857162815506	95.55621654058416	-0.00000000000000009557820182084236	6.591563835904824	0	0	8499.807928058532	-0.0000000000006004086117172847
0	-5	17.305233735239906	6281.857162815506	95.55621654058416	-0.00000000000000009557820182084236	6.591563835904824	0	0	8499.807928058532	-0.0000000000006004086117172847
0	-10	17.305233735239906	6281.857162815506	95.55621654058416	-0.00000000000000009557820182084236	6.591563835904824	0	0	8499.807928058532	-0.0000000000006004086117172847
0	-20	17.305233735239906	6202.641327400525	95.27403861880038	-0.0000000000000001287310287930264	6.533548254914582	747.3734135006886	302.1005051977045	8499.807928058532	-0.0000000000007984723993104126
0	-40	17.305233735239906	5108.296012540999	91.43227162491779	0.00000000000000013527070648025637	6.2341812524680025	2197.4527153043646	4101.244182106486	8499.807928058532	0.0000000000006910028105266975
-2	40	17.305233735239906	5138.034860133784	99.41293779197288	-0.01676385539596014	6.289735013475346	3220.4996194046444	5227.871618753648	8519.372319745116	-1213.9235721803993
-2	20	17.305233735239906	6236.097814266672	95.70830460360878	-0.004666443766578083	6.55650215809501	881.0978111691275	113.62762563587239	8519.372319745116	-1456.0180026055382
-2	10	17.305233735239906	6281.857162815506	95.55621654058416	-0.00000000000000009557820182084236	6.591563835904824	0	0	8519.372319745116	-1445.0926209643737
-2	5	17.305233735239906	6281.857162815506	95.55621654058416	-0.00000000000000009557820182084236	6.591563835904824	0	0	8519.372319745116	-1445.0926209643737
-2	2	17.305233735239906	6281.857162815506	95.55621654058416	-0.00000000000000009557820182084236	6.591563835904824	0	0	8519.372319745116	-1445.0926209643737
-2	0	17.305233735239906	6281.857162815506	95.55621654058416	-0.00000000000000009557820182084236	6.591563835904824	0	0	8519.372319745116	-1445.0926209643737
-2	-2	17.305233735239906	6281.857162815506	95.55621654058416	-0.00000000000000009557820182084236	6.591563835904824	0	0	8519.372319745116	-1445.0926209643737
-2	-5	17.305233735239906	6281.857162815506	95.55621654058416	-0.00000000000000009557820182084236	6.591563835904824	0	0	8519.372319745116	-1445.0926209643737
-2	-10	17.305233735239906	6281.857162815506	95.55621654058416	-0.00000000000000009557820182084236	6.591563835904824	0	0	8519.372319745116	-1445.0926209643737
-2	-20	17.305233735239906	6202.0264474094765	95.27206893345989	-0.003973186002652411	6.533147752736811	750.0910902838965	311.0189502105932	8519.372319745116	-1438.7109552002244
-2	-40	17.305233735239906	5107.242355315848	91.42864891391008	-0.011509028401325085	6.23419785110029	2199.0931288377906	4102.720055859929	8519.372319745116	-1169.9281858764148
-5	40	17.305233735239906	5131.568555205459	99.43502979200781	-0.041917720900299105	6.290496884906373	3213.7192739317725	5244.281930414174	8622.846593737871	-3027.682611052784
-5	20	17.305233735239906	6233.060489470044	95.71754292329545	-0.011850320424271135	6.554511999853294	863.3103983660958	142.392982560159	8622.846593737871	-3634.301778968897
-5	10	17.305233735239906	6281.857162815506	95.55621654058416	-0.00000000000000009557820182084236	6.591563835904824	0	0	8622.846593737871	-3608.880718050136
-5	5	17.305233735239906	6281.857162815506	95.55621654058416	-0.00000000000000009557820182084236	6.591563835904824	0	0	8622.846593737871	-3608.880718050136
-5	2	17.305233735239906	6281.857162815506	95.55621654058416	-0.00000000000000009557820182084236	6.591563835904824	0	0	8622.846593737871	-3608.880718050136
-5	0	17.305233735239906	6281.857162815506	95.55621654058416	-0.00000000000000009557820182084236	6.591563835904824	0	0	8622.846593737871	-3608.880718050136
-5	-2	17.305233735239906	6281.857162815506	95.55621654058416	-0.00000000000000009557820182084236	6.591563835904824	0	0	8622.846593737871	-3608.880718050136
-5	-5	17.305233735239906	6281.857162815506	95.55621654058416	-0.00000000000000009557820182084236	6.591563835904824	0	0	8622.846593737871	-3608.880718050136
-5	-10	17.305233735239906	6281.857162815506	95.55621654058416	-0.00000000000000009557820182084236	6.591563835904824	0	0	8622.846593737871	-3608.880718050136
-5	-20	17.305233735239906	6198.770241598942	95.26166470014503	-0.010198784019699189	6.5310348473330775	760.548034484341	356.98533496296295	8622.846593737871	-3591.425945165636
-5	-40	17.305233735239906	5101.7064277739	91.40961806737303	-0.028854289794789146	6.234289234699704	2207.7421453290094	4110.458175227286	8622.846593737871	-2918.6791011894384
-10	40	17.305233735239906	5108.530855300318	99.51374153409179	-0.08389305269378843	6.293226903785534	3189.739260248283	5302.320197010573	8938.160201271732	-6004.699540611413
-10	20	17.305233735239906	6221.994283371168	95.75101046451348	-0.025030516645170642	6.547375656064118	806.7818282548542	245.17644501442555	8938.160201271732	-7227.4069495658405
-10	10	17.305233735239906	6281.857162815506	95.55621654058416	-0.00000000000000009557820182084236	6.591563835904824	0	0	8938.160201271732	-7190.295674734151
-10	5	17.305233735239906	6281.857162815506	95.55621654058416	-0.00000000000000009557820182084236	6.591563835904824	0	0	8938.160201271732	-7190.295674734151
-10	2	17.305233735239906	6281.857162815506	95.55621654058416	-0.00000000000000009557820182084236	6.591563835904824	0	0	8938.160201271732	-7190.295674734151
-10	0	17.305233735239906	6281.857162815506	95.55621654058416	-0.00000000000000009557820182084236	6.591563835904824	0	0	8938.160201271732	-7190.295674734151
-10	-2	17.305233735239906	6281.857162815506	95.55621654058416	-0.00000000000000009557820182084236	6.591563835904824	0	0	8938.160201271732	-7190.295674734151
-10	-5	17.305233735239906	6281.857162815506	95.55621654058416	-0.00000000000000009557820182084236	6.591563835904824	0	0	8938.160201271732	-7190.295674734151
-10	-10	17.305233735239906	6281.857162815506	95.55621654058416	-0.00000000000000009557820182084236	6.591563835904824	0	0	8938.160201271732	-7190.295674734151
-10	-20	17.305233735239906	6186.920824280624	95.22405536252471	-0.02209009719037191	6.523487274471352	781.4916344249104	515.1761571348761	8938.160201271732	-7143.085780269081
-10	-40	17.305233735239906	5081.877671192742	91.34149407879427	-0.05830340611124364	6.234673851459256	2239.11537576871	4138.014258123192	8938.160201271732	-5793.632239952394
-15	40	17.305233735239906	5070.329550346259	99.64427562118298	-0.12598296684182944	6.297808519713243	3150.5829775434254	5397.0892327810725	9383.106816495067	-8881.610020220067
-15	20	17.305233735239906	6202.771619143585	95.80849485179824	-0.040946643519305076	6.535394520168042	734.3282519519012	420.13287078543	9383.106816495067	-10737.220907717267
-15	10	17.305233735239906	6281.857162815506	95.55621654058416	-0.00000000000000009557820182084236	6.591563835904824	0	0	9383.106816495067	-10716.988139714209
-15	5	17.305233735239906	6281.857162815506	95.55621654058416	-0.00000000000000009557820182084236	6.591563835904824	0	0	9383.106816495067	-10716.988139714209
-15	2	17.305233735239906	6281.857162815506	95.55621654058416	-0.00000000000000009557820182084236	6.591563835904824	0	0	9383.106816495067	-10716.988139714209
-15	0	17.305233735239906	6281.857162815506	95.55621654058416	-0.00000000000000009557820182084236	6.591563835904824	0	0	9383.106816495067	-10716.988139714209
-15	-2	17.305233735239906	6281.857162815506	95.55621654058416	-0.00000000000000009557820182084236	6.591563835904824	0	0	9383.106816495067	-10716.988139714209
-15	-5	17.305233735239906	6281.857162815506	95.55621654058416	-0.00000000000000009557820182084236	6.591563835904824	0	0	9383.106816495067	-10716.988139714209
-15	-10	17.305233735239906	6281.857162815506	95.55621654058416	-0.00000000000000009557820182084236	6.591563835904824	0	0	9383.106816495067	-10716.988139714209
-15	-20	17.305233735239906	6166.34370166868	95.15948938770566	-0.03707760677362617	6.5108564870611945	813.5319478294498	786.4468667620604	9383.106816495067	-10611.95610063805
-15	-40	17.305233735239906	5048.63277975945	91.22742999348068	-0.08900068658012919	6.2355177990875115	2292.9211644769266	4184.119105050617	9383.106816495067	-8581.86200818815
-30	40	17.305233735239906	4868.214238646528	100.33520301390037	-0.2534849099159171	6.323245528240614	2956.029758742514	5867.961840653188	12266.815791367446	-16460.14862840652
-30	20	17.305233735239906	6080.879129047768	96.15929924502296	-0.12312430440856187	6.470805104127704	888.0874640043812	1751.9845534449923	12266.815791367446	-20322.488548048685
-30	10	17.305233735239906	6273.174682120277	95.58382834041242	-0.008038355130007816	6.584842744561104	10.088688414378339	77.20975095241829	12266.815791367446	-20697.604597571975
-30	5	17.305233735239906	6281.857162815506	95.55621654058416	-0.00000000000000009557820182084236	6.591563835904824	0	0	12266.815791367446	-20703.631248367183
-30	2	17.305233735239906	6281.857162815506	95.55621654058416	-0.00000000000000009557820182084236	6.591563835904824	0	0	12266.815791367446	-20703.631248367183
-30	0	17.305233735239906	6281.857162815506	95.55621654058416	-0.00000000000000009557820182084236	6.591563835904824	0	0	12266.815791367446	-20703.631248367183
-30	-2	17.305233735239906	6281.857162815506	95.55621654058416	-0.00000000000000009557820182084236	6.591563835904824	0	0	12266.815791367446	-20703.631248367183
-30	-5	17.305233735239906	6281.857162815506	95.55621654058416	-0.00000000000000009557820182084236	6.591563835904824	0	0	12266.815791367446	-20703.631248367183
-30	-10	17.305233735239906	6276.034235517067	95.53721446043795	-0.004674912682224497	6.5869025293582695	11.992440467963547	132.17462893221636	12266.815791367446	-20695.221999306134
-30	-20	17.305233735239906	6034.377404976446	94.7583938040095	-0.11637286439772021	6.4414173604305	1068.108552700457	2620.314426698482	12266.815791367446	-20043.127447888164
-30	-40	17.305233735239906	4865.488308727241	90.60293983041754	-0.19679367865316974	6.244488107279422	2568.510654822254	4462.478502395003	12266.815791367446	-16020.458962827412
-60	40	17.305233735239906	4127.683450876502	102.87199701416888	-0.5178166802786778	6.437728196345668	2424.500480202325	7154.409729252224	7840.9807469822135	-24081.50170611491
-60	20	17.305233735239906	5185.82943163164	98.61378957174595	-0.7083458142925146	6.358190718355255	3276.0913691111855	15453.754581897483	7840.9807469822135	-30391.696468103488
-60	10	17.305233735239906	5717.160737741963	96.85247339478201	-0.4694436608105602	6.378914917041865	2305.725601813436	19581.522373948275	7840.9807469822135	-32925.26702761212
-60	5	17.305233735239906	5908.21436886424	96.17900659889729	-0.33637765250625024	6.395792798499384	1185.8851643638336	29280.745098837317	7840.9807469822135	-33718.81670502976
-60	2	17.305233735239906	5970.2937067276225	95.83411478019441	-0.29070608627897215	6.406132820049392	762.6173975152014	36265.32307198148	7840.9807469822135	-33990.23616677205
-60	0	17.305233735239906	5984.389840275278	95.60358558007833	-0.2791863502169064	6.407675978649153	666.7124644495234	40495.851808122025	7840.9807469822135	-34044.01698206288
-60	-2	17.305233735239906	5974.811069729925	95.3608288954883	-0.2835395968237515	6.40374789171305	679.8745981684988	40905.89412981503	7840.9807469822135	-33982.2049029205
-60	-5	17.305233735239906	5923.704710779973	94.98840090003551	-0.31071855550915584	6.388300310998602	771.230456048288	33551.63215561366	7840.9807469822135	-33692.786249345314
-60	-10	17.305233735239906	5754.820707353332	94.34772141024156	-0.39757133933205596	6.336444550510724	1515.4529375740785	21362.20089816643	7840.9807469822135	-32723.680840416186
-60	-20	17.305233735239906	5144.055577762354	92.17147177146212	-0.5958904043195958	6.279660813834412	3458.216085002299	19091.473021270103	7840.9807469822135	-29507.799683816935
-60	-40	17.305233735239906	4161.482268226611	88.24788670480723	-0.48999912353574104	6.316401684657113	2406.4981006399103	6078.87351806922	7840.9807469822135	-23783.55315157202
60	40	10.805	3575.24468063084	104.79909205629367	0.597828549568521	6.427719802863889	2424.500480202337	7154.409729252229	7840.980746982219	20970.536582149074
60	20	10.805	4144.920510066592	101.52871100510201	1.147815591186617	6.205407404802467	4485.729543695457	35585.224773614726	7840.980746982219	24653.772690029742
60	10	10.805	4525.0906520963745	98.77876718469341	1.412097122460148	6.122029437471265	5345.856239075811	62825.363258218524	7840.980746982219	27186.208762063172
60	5	10.805	4626.675596697447	97.32556508274652	1.478373053219949	6.05673433733761	5873.445192577396	78291.24788148733	7840.980746982219	27688.212073136678
60	2	10.805	4659.013176980708	96.3927396700177	1.4866776987398662	6.017330212018591	6366.966707386095	83762.75794907632	7840.980746982219	27742.092452520796
60	0	10.805	4669.7790112026405	95.74084215226816	1.4751516306190442	5.994452956451538	6685.877377333181	90162.13941978145	7840.980746982219	27686.766523135262
60	-2	10.805	4667.657930681259	95.04603175012527	1.4532472529358416	5.977104682973571	6769.517562582252	93834.24850040911	7840.980746982219	27552.94262073018
60	-5	10.805	4633.7244769823865	93.98974447068883	1.4128059967685858	5.9739280987084245	6361.176399147294	91616.11908892135	7840.980746982219	27246.190996208086
60	-10	10.805	4496.1155333435545	92.17350422414393	1.3180799145681679	6.017161427480408	5791.972223819799	79616.92944275237	7840.980746982219	26392.44372328036
60	-20	10.805	4094.9556468549126	89.07185632627375	1.0246257221587747	6.131509436235696	4318.385927807551	30757.12491123945	7840.980746982219	23842.28874648095
60	-40	10.805	3623.485024608458	86.43182812660176	0.587348943215609	6.275957880516138	2422.088751665933	6836.966891196968	7840.980746982219	20758.269669539724
30	40	10.805	3911.3622205101724	103.68895260361856	0.31549592652499	6.279393797464182	2956.0297587425075	5867.961840653174	12266.815791367448	13349.183504440702
30	20	10.805	4847.997702609435	99.68994296886521	0.49656698070676675	6.022312688602905	5064.652485140844	20562.87111406806	12266.815791367448	16682.91012902945
30	10	10.805	5462.94275577897	97.3495943086224	0.449574457618198	6.107412176181225	4133.4631308229145	32576.430646715642	12266.815791367448	18809.179533782462
30	5	10.805	5664.620949275073	96.43357305917233	0.4276175383473787	6.180353136586552	2311.1947884140336	48099.63059504069	12266.815791367448	19602.44469743421
30	2	10.805	5717.836978815036	95.90841362336552	0.42216378250401104	6.196403663369424	1723.5094109128495	57334.09782441871	12266.815791367448	19805.48027500975
30	0	10.805	5723.196337679834	95.5475365335253	0.4222127101572186	6.1947834177261	1631.4402185753215	60127.03009385691	12266.815791367448	19819.650071191554
30	-2	10.805	5704.613336700709	95.17182637193952	0.42403378520102963	6.184060715052826	1794.8323025768277	60434.7712446705	12266.815791367448	19733.708714391538
30	-5	10.805	5631.4911301913035	94.56729377599267	0.4280431507854395	6.151446619717294	2524.224467039192	56380.45424201108	12266.815791367448	19408.481140003772
30	-10	10.805	5415.428072476283	93.51015825286783	0.4201697446071457	6.061097028817915	3418.770943557228	34936.236386921475	12266.815791367448	18382.270863788566
30	-20	10.805	4803.215804850246	91.04884418019965	0.39837269263517533	5.955042172633823	4371.050875619427	21861.171201617006	12266.815791367448	15958.789982130911
30	-40	10.805	3956.973602285186	87.5043622075647	0.305403409544733	6.144940912677455	2905.493767393821	5441.978289265724	12266.815791367448	13204.25300617469
15	40	10.805	4003.0997990989417	103.38961231096158	0.15957013106747817	6.243237600037934	3150.5829775434295	5397.089232781071	9383.106816495063	7085.493468458852
15	20	10.805	5038.349673337651	99.1547315660038	0.22624742643072837	5.988451780454317	4754.331729058854	16340.179328746359	9383.106816495063	8910.138020417275
15	10	10.805	5650.589233782397	97.11064518559041	0.20173358916901998	6.166867113854007	4226.892147323378	17848.491317399537	9383.106816495063	10119.992524934109
15	5	10.805	5911.413941279465	96.29356556123852	0.19279156947547696	6.3178151840527565	3288.376797115023	29211.025230485942	9383.106816495063	10767.009445387897
15	2	10.805	6007.77507629068	95.85478720761121	0.18666629500226264	6.37956394490552	1560.8135264796156	46716.52219418982	9383.106816495063	11002.990390910221
15	0	10.805	6022.581771555848	95.55238838925175	0.18620885190504405	6.38776480100069	1175.795314455509	53908.42039646257	9383.106816495063	11040.23028059627
15	-2	10.805	5995.919083118245	95.22636027667177	0.18703837462228717	6.369193513778277	1726.9396288577632	52242.10800768364	9383.106816495063	10967.33813626312
15	-5	10.805	5881.710558091591	94.69078202671007	0.18757218532201786	6.294401517736461	3213.4690980331998	33204.55844728631	9383.106816495063	10647.612442742551
15	-10	10.805	5590.724813107633	93.72097403171755	0.1972910435172934	6.128651077388947	4071.9599753423763	20628.709231647103	9383.106816495063	9933.488781725153
15	-20	10.805	4970.81314647961	91.52055030718019	0.18072631600529052	5.942013786762603	3746.402877191611	16525.085197785374	9383.106816495063	8512.39100811771
15	-40	10.805	4050.193455679351	87.80607740340868	0.15370606935651676	6.110976277393332	3077.3525566542817	5158.055275410394	9383.106816495063	7007.2628113470055
10	40	10.805	4020.4388872954037	103.3331913057034	0.10659787656164495	6.236589212853323	3189.739260248286	5302.320197010578	8938.160201271732	4776.083459685465
10	20	10.805	5072.0394654924985	99.06229249831044	0.1478957341376814	5.985102193578817	4621.928390535563	15310.94868591964	8938.160201271732	6010.118006817732
10	10	10.805	5683.020195921005	97.07214130675182	0.13199548382085882	6.17901920807192	4275.120677484782	14950.51791879494	8938.160201271732	6836.477805936046
10	5	10.805	5959.448527341129	96.2734883888891	0.125872888553832	6.347062742227962	3837.712345926288	20462.245768256067	8938.160201271732	7306.978022881066
10	2	10.805	6086.748218180944	95.84106604814471	0.12184818820113018	6.437036053432787	1964.4299245974148	39102.210949728935	8938.160201271732	7534.0346404659085
10	0	10.805	6111.238074554689	95.55373392819203	0.1207591767183635	6.453865055603103	1109.4524220083968	52874.82288408218	8938.160201271732	7575.6525384838615
10	-2	10.805	6075.119542465775	95.23269744584053	0.12087283380541194	6.4271389443363125	2245.710420640781	47240.56442887827	8938.160201271732	7503.364771721366
10	-5	10.805	5930.3146533829195	94.71422107207083	0.12239538697797919	6.3247807374518334	3707.960019088753	23327.744409552484	8938.160201271732	7228.001377761906
10	-10	10.805	5624.3030110383	93.76690579727241	0.12905477451649344	6.141917437430692	4129.147805928902	17535.392966176565	8938.160201271732	6713.3194402667
10	-20	10.805	4997.385558043738	91.58884943129428	0.11875184105049112	5.942686712042728	3650.391436501104	15362.09494375161	8938.160201271732	5741.41856699996
10	-40	10.805	4068.212757182944	87.86493794368235	0.10250480477117112	6.10433375350133	3110.276337518607	5123.8008426342385	8938.160201271732	4723.007704983889
5	40	10.805	4030.895407327356	103.29918936755564	0.05336374099085727	6.232607480079377	3213.719273931774	5244.281930414172	8622.846593737871	2403.897878871296
5	20	10.805	5091.8302256891475	99.0087449666921	0.07309663221533516	5.98365110010917	4550.016823676187	14699.602008817688	8622.846593737871	3026.217444614323
5	10	10.805	5702.1718151759405	97.04978034930674	0.06527261074798726	6.186433622121094	4308.164533015941	13186.666790481613	8622.846593737871	3445.294669401716
5	5	10.805	5987.936947073097	96.26191614386282	0.062157575238338494	6.364459072546471	4162.2315090332195	14325.895911362248	8622.846593737871	3692.2829051578587
5	2	10.805	6146.948374788188	95.83060734242991	0.060549661167920474	6.482406346675476	3488.830669984351	24198.81933286889	8622.846593737871	3843.6757011590507
5	0	10.805	6197.200600649158	95.555001822272	0.0590863011031694	6.521564586279342	1071.8410390334107	52270.44032169284	8622.846593737871	3887.2143123698997
5	-2	10.805	6135.452619968877	95.2350870871693	0.058698795732057885	6.472970501026484	3381.3124080925913	27298.746260383952	8622.846593737871	3820.1290184481527
5	-5	10.805	5959.136086152752	94.72787122459916	0.06043555221035073	6.342828617199864	4026.118480332318	16797.271483911492	8622.846593737871	3653.0667189620144
5	-10	10.805	5644.125793631848	93.79357083060958	0.06380858493083488	6.149983049982682	4166.80287074156	15653.71878374429	8622.846593737871	3384.0604371990516
5	-20	10.805	5012.433386185067	91.62604401117628	0.05891896719884793	5.943452819213109	3609.2927412294234	14647.422531080301	8622.846593737871	2890.67438227876
5	-40	10.805	4079.168329617402	87.90085386361712	0.05124357509135397	6.100272466878525	3125.1371045311867	5105.26887135572	8622.846593737871	2377.0225780506757
2	40	10.805	4033.8303811873366	103.28964871334912	0.02135272564170849	6.231493583151661	3220.499619404646	5227.871618753652	8519.372319745116	963.3420580117576
2	20	10.805	5097.316389883472	98.99399949441406	0.029144842622114343	5.98331559097988	4530.846396212677	14529.214725083068	8519.372319745116	1212.8645916575297
2	10	10.805	5707.494268356172	97.04361546691955	0.026029020265852056	6.188524923473369	4317.953037941086	12689.256520777904	8519.372319745116	1381.1540794968712
2	5	10.805	5995.867584421832	96.25872882977313	0.024777145573438047	6.369307002886498	4253.145702109311	12516.562955326444	8519.372319745116	1481.2650608997526
2	2	10.805	6164.8938508212095	95.8289336458453	0.024097817022184463	6.49594019124316	4134.044535779821	14156.712948358487	8519.372319745116	1546.082512236692
2	0	10.805	6248.066815881026	95.55573563757963	0.023392073242341962	6.563236526042232	1061.5904004954423	52103.275422995444	8519.372319745116	1577.208721742178
2	-2	10.805	6153.434860312241	95.23704952233169	0.023360934574792196	6.486656388857077	4001.054084868396	16597.372125126065	8519.372319745116	1536.6834238405215
2	-5	10.805	5967.158830875532	94.7316304714566	0.02409018986359202	6.347855360391714	4115.2133846646175	14882.469081058021	8519.372319745116	1465.608631200934
2	-10	10.805	5649.633882464879	93.80092089631864	0.025444124729597877	6.152254404392359	4177.838098718069	15123.807055057856	8519.372319745116	1356.698601252994
2	-20	10.805	5016.532159601683	91.63596278898567	0.02351800043830801	5.943713560232625	3597.9967496455724	14439.076483098746	8519.372319745116	1158.4993040522
2	-40	10.805	4082.2545988363013	87.91098882550484	0.0204954554800487	6.099126609270262	3128.6760188465705	5100.356489059548	8519.372319745116	952.5509170810362
0	40	10.805	4034.389778763536	103.28783044736512	-0.00000000000000002972050129877764	6.231281461488651	3221.794398012596	5224.737896353654	8499.807928058532	-0.0000000000001199040866595169
0	20	10.805	5098.3586683403955	98.99120291792555	0.00000000000000038343334177317175	5.983255104643551	4527.2417308933655	14496.798249407191	8499.807928058532	0.0000000000019548807017599756
0	10	10.805	5708.5061122150755	97.04244589992174	0.000000000000000017737099313803706	6.188923996408793	4319.8437806996	12594.332862764997	8499.807928058532	0.00000000000010125233984581428
0	5	10.805	5997.375928312023	96.25812430360685	0.00000000000000005583162840372252	6.370229280635855	4270.466059680567	12167.374241359277	8499.807928058532	0.0000000000003348432642269472
0	2	10.805	6168.307552906556	95.82861667714455	0.00000000000000005428446317809921	6.498507381539606	4256.808779928132	12051.010572902727	8499.807928058532	0.0000000000003348432642269472
0	0	10.805	6281.857162815506	95.55621654058416	-0.00000000000000009557820182084236	6.591563835904824	0	0	8499.807928058532	-0.0000000000006004086117172847
0	-2	10.805	6156.855542904994	95.23742116798945	-0.00000000000000023773792083729467	6.489252310024287	4118.970265026741	14374.633504376594	8499.807928058532	-0.0000000000014637180356658064
0	-5	10.805	5968.684663362693	94.73234345549668	0.0000000000000001816926025780153	6.348811521401546	4132.185312286246	14513.433904323807	8499.807928058532	0.000000000001084465850453853
0	-10	10.805	5650.680973307537	93.80231523924698	0.0000000000000003704750887763949	6.152687661085533	4179.964147358943	15022.716811936727	8499.807928058532	0.000000000002093436535233195
0	-20	10.805	5017.307708235557	91.63782947906668	-0.00000000000000013878596281864845	5.943765483792475	3595.880191577775	14398.100928790234	8499.807928058532	-0.0000000000006963318810448983
0	-40	10.805	4082.8433734556156	87.91292314209659	0.0000000000000002543033071951207	6.098907951266416	3129.3200033229173	5099.4346114604905	8499.807928058532	0.0000000000010382805726294464
-2	40	10.805	4033.8303811873375	103.28964871334905	-0.021352725641709005	6.2314935831516545	3220.499619404646	5227.871618753643	8519.372319745116	-963.342058011759
-2	20	10.805	5097.31638988347	98.9939994944141	-0.029144842622114323	5.983315590979884	4530.846396212677	14529.21472508306	8519.372319745116	-1212.8645916575297
-2	10	10.805	5707.494268356172	97.0436154669195	-0.026029020265852364	6.188524923473369	4317.953037941085	12689.256520777904	8519.372319745116	-1381.1540794968728
-2	5	10.805	5995.86758442183	96.25872882977326	-0.024777145573438342	6.3693070028865	4253.14570210931	12516.562955326473	8519.372319745116	-1481.265060899754
-2	2	10.805	6164.893850821209	95.8289336458452	-0.024097817022184293	6.495940191243158	4134.044535779821	14156.712948358516	8519.372319745116	-1546.0825122366905
-2	0	10.805	6248.066815881024	95.5557356375797	-0.023392073242342108	6.563236526042236	1061.5904004954364	52103.27542299541	8519.372319745116	-1577.2087217421797
-2	-2	10.805	6153.43486031224	95.23704952233169	-0.023360934574792214	6.486656388857076	4001.0540848683963	16597.372125126087	8519.372319745116	-1536.6834238405213
-2	-5	10.805	5967.158830875533	94.73163047145655	-0.02409018986359208	6.347855360391711	4115.2133846646175	14882.469081058007	8519.372319745116	-1465.6086312009343
-2	-10	10.805	5649.633882464882	93.80092089631862	-0.025444124729598096	6.15225440439236	4177.838098718069	15123.807055057841	8519.372319745116	-1356.698601252996
-2	-20	10.805	5016.532159601685	91.63596278898568	-0.02351800043830837	5.943713560232626	3597.9967496455715	14439.076483098717	8519.372319745116	-1158.4993040522024
-2	-40	10.805	4082.2545988363017	87.91098882550489	-0.020495455480048243	6.09912660927026	3128.676018846569	5100.356489059555	8519.372319745116	-952.5509170810342
-5	40	10.805	4030.895407327357	103.29918936755556	-0.053363740990857535	6.232607480079379	3213.719273931774	5244.281930414174	8622.846593737871	-2403.8978788712984
-5	20	10.805	5091.830225689151	99.00874496669205	-0.07309663221533491	5.983651100109161	4550.016823676187	14699.602008817696	8622.846593737871	-3026.21744461432
-5	10	10.805	5702.17181517594	97.04978034930672	-0.06527261074798758	6.186433622121097	4308.164533015942	13186.666790481635	8622.846593737871	-3445.2946694017187
-5	5	10.805	5987.936947073098	96.26191614386275	-0.06215757523833873	6.364459072546469	4162.231509033226	14325.895911362313	8622.846593737871	-3692.282905157859
-5	2	10.805	6146.948374788189	95.83060734242987	-0.06054966116792041	6.482406346675472	3488.830669984349	24198.819332868898	8622.846593737871	-3843.675701159049
-5	0	10.805	6197.200600649156	95.55500182227199	-0.05908630110316906	6.52156458627935	1071.8410390334107	52270.44032169284	8622.846593737871	-3887.2143123699
-5	-2	10.805	6135.452619968875	95.2350870871694	-0.058698795732057996	6.47297050102648	3381.312408092588	27298.746260383887	8622.846593737871	-3820.1290184481495
-5	-5	10.805	5959.136086152751	94.72787122459913	-0.06043555221035038	6.342828617199862	4026.118480332319	16797.271483911536	8622.846593737871	-3653.066718962011
-5	-10	10.805	5644.125793631849	93.79357083060958	-0.06380858493083505	6.149983049982685	4166.80287074156	15653.718783744283	8622.846593737871	-3384.0604371990553
-5	-20	10.805	5012.433386185067	91.62604401117628	-0.058918967198848114	5.9434528192131095	3609.292741229424	14647.422531080323	8622.846593737871	-2890.6743822787616
-5	-40	10.805	4079.168329617399	87.90085386361716	-0.05124357509135289	6.100272466878529	3125.1371045311853	5105.268871355725	8622.846593737871	-2377.0225780506717
-10	40	10.805	4020.4388872954037	103.33319130570338	-0.10659787656164532	6.236589212853319	3189.739260248285	5302.320197010562	8938.160201271732	-4776.083459685464
-10	20	10.805	5072.0394654924985	99.06229249831041	-0.1478957341376815	5.9851021935788165	4621.928390535563	15310.94868591964	8938.160201271732	-6010.118006817734
-10	10	10.805	5683.020195921006	97.0721413067519	-0.1319954838208589	6.179019208071917	4275.1206774847815	14950.51791879494	8938.160201271732	-6836.477805936044
-10	5	10.805	5959.44852734113	96.27348838888913	-0.12587288855383144	6.347062742227964	3837.71234592629	20462.245768256074	8938.160201271732	-7306.978022881065
-10	2	10.805	6086.748218180943	95.8410660481447	-0.12184818820113043	6.437036053432785	1964.429924597413	39102.21094972891	8938.160201271732	-7534.034640465908
-10	0	10.805	6111.238074554686	95.55373392819206	-0.12075917671836325	6.453865055603109	1109.4524220083986	52874.82288408217	8938.160201271732	-7575.652538483864
-10	-2	10.805	6075.119542465774	95.23269744584057	-0.12087283380541164	6.4271389443363125	2245.7104206407807	47240.564428878264	8938.160201271732	-7503.3647717213635
-10	-5	10.805	5930.314653382918	94.71422107207091	-0.12239538697797915	6.324780737451837	3707.960019088755	23327.74440955249	8938.160201271732	-7228.001377761905
-10	-10	10.805	5624.3030110383	93.76690579727249	-0.12905477451649403	6.1419174374306875	4129.147805928902	17535.39296617653	8938.160201271732	-6713.3194402667
-10	-20	10.805	4997.385558043739	91.58884943129429	-0.11875184105049061	5.942686712042728	3650.391436501102	15362.09494375153	8938.160201271732	-5741.418566999959
-10	-40	10.805	4068.2127571829456	87.86493794368232	-0.10250480477117074	6.104333753501328	3110.276337518606	5123.8008426342385	8938.160201271732	-4723.0077049838865
-15	40	10.805	4003.099799098941	103.38961231096162	-0.15957013106747875	6.243237600037937	3150.5829775434286	5397.089232781074	9383.106816495067	-7085.493468458856
-15	20	10.805	5038.349673337653	99.15473156600379	-0.2262474264307282	5.988451780454317	4754.331729058852	16340.179328746337	9383.106816495067	-8910.138020417276
-15	10	10.805	5650.589233782397	97.11064518559039	-0.20173358916902015	6.166867113854007	4226.892147323378	17848.491317399545	9383.106816495067	-10119.992524934109
-15	5	10.805	5911.413941279465	96.29356556123845	-0.19279156947547704	6.317815184052754	3288.376797115021	29211.025230485935	9383.106816495067	-10767.009445387894
-15	2	10.805	6007.775076290683	95.85478720761112	-0.18666629500226228	6.3795639449055175	1560.8135264796156	46716.522194189834	9383.106816495067	-11002.990390910221
-15	0	10.805	6022.581771555845	95.55238838925182	-0.1862088519050438	6.387764801000693	1175.795314455509	53908.42039646257	9383.106816495067	-11040.230280596268
-15	-2	10.805	5995.919083118246	95.2263602766718	-0.18703837462228723	6.369193513778276	1726.9396288577655	52242.10800768368	9383.106816495067	-10967.338136263123
-15	-5	10.805	5881.710558091593	94.69078202670995	-0.18757218532201744	6.294401517736457	3213.469098033199	33204.55844728631	9383.106816495067	-10647.612442742546
-15	-10	10.805	5590.724813107631	93.7209740317175	-0.19729104351729343	6.128651077388949	4071.9599753423745	20628.70923164714	9383.106816495067	-9933.488781725153
-15	-20	10.805	4970.81314647961	91.52055030718022	-0.18072631600529057	5.9420137867626055	3746.4028771916105	16525.085197785374	9383.106816495067	-8512.391008117713
-15	-40	10.805	4050.193455679348	87.80607740340866	-0.15370606935651684	6.110976277393335	3077.352556654281	5158.055275410385	9383.106816495067	-7007.262811347005
-30	40	10.805	3911.362220510172	103.6889526036186	-0.31549592652499053	6.279393797464182	2956.0297587425102	5867.961840653181	12266.815791367446	-13349.183504440702
-30	20	10.805	4847.997702609435	99.68994296886521	-0.49656698070676725	6.0223126886029075	5064.652485140845	20562.87111406803	12266.815791367446	-16682.910129029457
-30	10	10.805	5462.942755778971	97.34959430862243	-0.44957445761819775	6.107412176181224	4133.463130822916	32576.430646715642	12266.815791367446	-18809.179533782462
-30	5	10.805	5664.620949275073	96.4335730591723	-0.4276175383473785	6.180353136586554	2311.194788414032	48099.630595040646	12266.815791367446	-19602.444697434214
-30	2	10.805	5717.836978815038	95.90841362336549	-0.42216378250401043	6.196403663369424	1723.5094109128477	57334.09782441872	12266.815791367446	-19805.480275009755
-30	0	10.805	5723.196337679831	95.54753653352535	-0.42221271015721895	6.194783417726109	1631.4402185753243	60127.03009385692	12266.815791367446	-19819.650071191572
-30	-2	10.805	5704.6133367007105	95.1718263719395	-0.4240337852010297	6.184060715052829	1794.832302576826	60434.77124467053	12266.815791367446	-19733.70871439155
-30	-5	10.805	5631.4911301913035	94.56729377599267	-0.4280431507854392	6.151446619717294	2524.224467039193	56380.45424201109	12266.815791367446	-19408.48114000377
-30	-10	10.805	5415.428072476281	93.5101582528679	-0.42016974460714573	6.0610970288179145	3418.770943557227	34936.23638692149	12266.815791367446	-18382.27086378856
-30	-20	10.805	4803.215804850243	91.04884418019968	-0.39837269263517566	5.9550421726338305	4371.050875619426	21861.17120161697	12266.815791367446	-15958.78998213092
-30	-40	10.805	3956.9736022851857	87.50436220756474	-0.30540340954473255	6.144940912677453	2905.493767393822	5441.978289265717	12266.815791367446	-13204.253006174682
-60	40	10.805	3575.244680630838	104.79909205629363	-0.5978285495685217	6.4277198028638916	2424.500480202335	7154.409729252231	7840.9807469822135	-20970.536582149078
-60	20	10.805	4144.920510066594	101.52871100510197	-1.1478155911866164	6.205407404802464	4485.729543695459	35585.22477361471	7840.9807469822135	-24653.77269002974
-60	10	10.805	4525.090652096372	98.77876718469344	-1.4120971224601486	6.122029437471266	5345.856239075816	62825.363258218524	7840.9807469822135	-27186.20876206316
-60	5	10.805	4626.675596697449	97.32556508274651	-1.4783730532199493	6.056734337337608	5873.445192577397	78291.24788148733	7840.9807469822135	-27688.21207313668
-60	2	10.805	4659.0131769807085	96.39273967001773	-1.4866776987398653	6.017330212018589	6366.966707386091	83762.75794907637	7840.9807469822135	-27742.092452520792
-60	0	10.805	4669.77901120264	95.7408421522682	-1.4751516306190442	5.994452956451538	6685.877377333174	90162.13941978145	7840.9807469822135	-27686.766523135255
-60	-2	10.805	4667.65793068126	95.04603175012522	-1.453247252935842	5.977104682973567	6769.517562582256	93834.24850040907	7840.9807469822135	-27552.942620730173
-60	-5	10.805	4633.724476982386	93.98974447068888	-1.4128059967685862	5.973928098708427	6361.176399147294	91616.1190889213	7840.9807469822135	-27246.190996208094
-60	-10	10.805	4496.1155333435545	92.17350422414394	-1.3180799145681676	6.017161427480407	5791.9722238197955	79616.92944275239	7840.9807469822135	-26392.44372328036
-60	-20	10.805	4094.9556468549117	89.07185632627376	-1.0246257221587747	6.131509436235695	4318.385927807549	30757.124911239458	7840.9807469822135	-23842.288746480943
-60	-40	10.805	3623.485024608456	86.43182812660186	-0.5873489432156086	6.275957880516144	2422.0887516659313	6836.9668911969675	7840.9807469822135	-20758.269669539728
60	40	9.604444444444445	3473.212436601351	105.15468215189496	0.6153909041813759	6.425522991853319	2424.500480202334	7154.40972925222	7840.980746982219	20395.959326185377
60	20	9.604444444444445	3924.0433558565514	102.169945461906	1.232669146256757	6.17566255667906	4523.68130842635	39104.53490802669	7840.980746982219	23405.40877299023
60	10	9.604444444444445	4243.633156902075	99.18553128804542	1.6311387095663445	6.06386071770311	5846.489069885814	70157.99083040103	7840.980746982219	25746.236013041966
60	5	9.604444444444445	4319.4771465935655	97.54267250772436	1.75442539340787	5.995742184455743	6277.4077237329	82979.14117839145	7840.980746982219	26217.834298009646
60	2	9.604444444444445	4339.447494559169	96.49861189403555	1.7851105684695636	5.958556482960638	6615.444430894944	89483.9702857649	7840.980746982219	26265.879692609713
60	0	9.604444444444445	4339.523813129447	95.75279395358235	1.7883529756091325	5.938573332472997	6938.373918035777	95785.51954717588	7840.980746982219	26198.27745195378
60	-2	9.604444444444445	4331.20535558429	94.96800561051005	1.7724318497170701	5.923454717354201	7250.169589438059	98953.42385637292	7840.980746982219	26056.870068579756
60	-5	9.604444444444445	4301.298563751377	93.73543635515776	1.7123908341402585	5.915410905986793	7212.872670248627	100322.21949677914	7840.980746982219	25717.857834090453
60	-10	9.604444444444445	4190.957727470122	91.67729052910785	1.5466929826940052	5.950360143830903	6295.16079618746	86526.40233165098	7840.980746982219	24837.750943408526
60	-20	9.604444444444445	3885.9638512146976	88.47767038941397	1.1159486355970203	6.094794042885853	4408.435411396279	32509.802314902787	7840.980746982219	22679.343016760602
60	-40	9.604444444444445	3522.277634485346	86.08954652977505	0.6057275716265759	6.268512560466813	2423.512980211497	6966.265993674489	7840.980746982219	20188.12766017134
30	40	9.604444444444445	3734.637189840831	104.30833375076821	0.3304253626273379	6.268836292549668	2956.029758742508	5867.9618406531845	12266.815791367448	12774.606248477003
30	20	9.604444444444445	4495.210315305701	100.7345381833752	0.5825104698837169	5.938158244274945	5299.561114371851	25998.962794094965	12266.815791367448	15614.328741993939
30	10	9.604444444444445	5066.835031063364	98.0688669684332	0.6105607903079932	5.893400657981324	5877.973742700751	49562.00999664406	12266.815791367448	17609.5899959999
30	5	9.604444444444445	5257.707374323624	96.79138414481861	0.6464301166528282	5.922485442287556	4608.435094945857	71337.11538995961	12266.815791367448	18512.74321186291
30	2	9.604444444444445	5304.369412430875	96.02092426556162	0.6626336909315066	5.923679374357514	3842.0549753318737	78201.84652700069	12266.815791367448	18754.644593444114
30	0	9.604444444444445	5305.374965074635	95.49753115410857	0.6668261718556089	5.916578352708696	3741.1437140416597	80428.55166468491	12266.815791367448	18758.625860785087
30	-2	9.604444444444445	5282.449151184469	94.95665899496566	0.6646185464017634	5.903803274901825	3970.669053985577	80835.65115465593	12266.815791367448	18633.724130763505
30	-5	9.604444444444445	5212.706878074881	94.13074054108172	0.6378954315684948	5.87650074637656	4279.19261666889	72719.00135980708	12266.815791367448	18195.912610064122
30	-10	9.604444444444445	5021.251851364233	92.76701688626733	0.5617437432698367	5.832606006034522	5030.6561535224755	55085.26145362304	12266.815791367448	17086.252306624316
30	-20	9.604444444444445	4457.445905167923	89.99004834423212	0.47777112286939316	5.866615664798788	4867.214572866345	25435.639821366836	12266.815791367448	14919.38240493339
30	-40	9.604444444444445	3782.6902948524885	86.91018823216663	0.32351714438336826	6.125837104057339	2931.110679647775	5613.422176666343	12266.815791367448	12645.883999481062
15	40	9.604444444444445	3805.9886398543213	104.08159845841621	0.1678342265474721	6.2298104679467015	3150.5829775434327	5397.089232781091	9383.106816495063	6753.7611350579855
15	20	9.604444444444445	4661.5958579749	100.2636292492726	0.27931590538095236	5.877420025346453	5426.160415544173	23704.54145924931	9383.106816495063	8348.856114010301
15	10	9.604444444444445	5246.726904496494	97.90531589704008	0.2816360548943555	5.91384440863945	5653.439002270223	34719.60266463203	9383.106816495063	9458.03902196127
15	5	9.604444444444445	5463.955789553494	96.83857131953805	0.32297788029174873	5.987395005432499	6029.205530740213	63881.80660198114	9383.106816495063	10171.83414971295
15	2	9.604444444444445	5531.39162130946	96.06780222050294	0.36578996573653194	6.010365348167376	6051.345941020127	87461.05377695174	9383.106816495063	10559.000660446454
15	0	9.604444444444445	5537.565503022681	95.49128463325388	0.3784845463762001	6.008786187102436	5649.8149303743385	93110.14409819093	9383.106816495063	10636.424585474191
15	-2	9.604444444444445	5506.468265695777	94.90206424979486	0.3645363921873756	5.988547513344663	5964.1034235442385	87734.20556826831	9383.106816495063	10473.662019853697
15	-5	9.604444444444445	5415.1887545686595	94.06638155094656	0.3230184554990807	5.947998284684497	5950.874815723194	69935.59003933125	9383.106816495063	10026.043845626908
15	-10	9.604444444444445	5177.587477772822	92.84033346489012	0.2720984545877801	5.867189489684371	5132.114677791206	36980.04415635366	9383.106816495063	9223.185055489179
15	-20	9.604444444444445	4616.286487860185	90.4596185254697	0.2179216664695677	5.820283237433712	4282.028075201345	22712.362750872835	9383.106816495063	7925.685262252082
15	-40	9.604444444444445	3854.910701984937	87.13679561343427	0.16447809690671564	6.089055482592384	3118.894572365351	5279.483121375171	9383.106816495063	6687.64236220204
10	40	9.604444444444445	3819.474597340453	104.03893050313204	0.11220659734979532	6.222598133408129	3189.739260248286	5302.3201970105765	8938.160201271732	4549.16517925441
10	20	9.604444444444445	4694.549482181814	100.16425538479952	0.18317284773087433	5.865644483804071	5326.072173553063	22852.84953834957	8938.160201271732	5628.523135144568
10	10	9.604444444444445	5278.13919081888	97.88439827390782	0.1850539478308662	5.92002761210317	5644.4279457861685	31064.03919134471	8938.160201271732	6387.83929079537
10	5	9.604444444444445	5503.059270479802	96.88162723701376	0.2165748270608744	6.002521047004133	6464.851531909619	58977.955523078715	8938.160201271732	6909.704010011458
10	2	9.604444444444445	5564.013062657276	96.11926720557965	0.2557556224939711	6.016024253551607	7394.28543973908	92668.89945836032	8938.160201271732	7213.975335312382
10	0	9.604444444444445	5562.599527259947	95.48543787330097	0.26533928067141166	6.005534241060615	8764.077191379582	105749.64576816469	8938.160201271732	7254.510107533984
10	-2	9.604444444444445	5539.7131880195675	94.85173800713494	0.2551848497104506	5.995139914596276	7307.576597694981	92614.1510583431	8938.160201271732	7159.265730322755
10	-5	9.604444444444445	5456.370968563815	94.02219967827413	0.21601676106406686	5.965701690361012	6422.922816943081	66967.43613439256	8938.160201271732	6813.196960111976
10	-10	9.604444444444445	5205.328017712433	92.84872622329917	0.18152693995398617	5.874317230036459	5367.673199598015	33990.54070851316	8938.160201271732	6240.3222301398355
10	-20	9.604444444444445	4644.611698328193	90.54306312089841	0.1422753167509529	5.814019723707547	4125.577998722907	21660.99421141336	8938.160201271732	5339.9461346991375
10	-40	9.604444444444445	3868.7076231078318	87.1801906028849	0.1100702709089289	6.082083167454737	3162.8915366750184	5228.795523377805	8938.160201271732	4505.267540048535
5	40	9.604444444444445	3827.607446254201	104.01322713850394	0.05619794127225884	6.2182732253643955	3213.719273931771	5244.281930414176	8622.846593737871	2288.688448534778
5	20	9.604444444444445	4714.042630804358	100.1060994412469	0.0906431795663772	5.859182354682912	5230.489461781134	22188.40691500473	8622.846593737871	2832.9493855391647
5	10	9.604444444444445	5296.676486877709	97.87289662402635	0.09174284883919687	5.923957420556965	5644.199063180136	28846.410157134178	8622.846593737871	3218.793736476562
5	5	9.604444444444445	5527.980259590151	96.91725073318685	0.10866597623523365	6.013326534073252	6812.0824421766665	54335.63760923277	8622.846593737871	3495.6095268332406
5	2	9.604444444444445	5574.08123772176	96.14158654963708	0.1313713313742786	6.009111243258467	8449.106514546114	104206.63624267218	8622.846593737871	3648.7934525494916
5	0	9.604444444444445	5562.59952725995	95.48543787330088	0.13165415158587504	5.987900126833484	8466.967502736405	104540.88064338603	8622.846593737871	3632.561339913209
5	-2	9.604444444444445	5550.901636848408	94.82725555368725	0.1317073816232983	5.9894622820626315	8325.29380060424	102935.45269613877	8622.846593737871	3625.9723408753307
5	-5	9.604444444444445	5483.311225446042	93.98308848607354	0.10748456970265227	5.978956986926121	6713.414328154457	60548.52783997896	8622.846593737871	3444.484487770277
5	-10	9.604444444444445	5223.089702316974	92.85832443836465	0.09055457266964666	5.878774268984136	5474.083110461891	32376.764593161643	8622.846593737871	3147.3237677666066
5	-20	9.604444444444445	4661.2153684710165	90.59135133957804	0.07015314732232378	5.810807785602939	4015.082621971249	20939.462194025622	8622.846593737871	2686.40506770501
5	-40	9.604444444444445	3877.0799268612836	87.20658187865591	0.055174555259959346	6.077835649169907	3194.357534940996	5205.804822998805	8622.846593737871	2266.862256546282
2	40	9.604444444444445	3829.8902037008525	104.00601638738836	0.022489750053787422	6.217062595887682	3220.499619404643	5227.871618753637	8519.372319745116	917.0611024018467
2	20	9.604444444444445	4719.445260305706	100.09011313271321	0.036153416520852626	5.8574691467019715	5204.848243871382	22003.035691117286	8519.372319745116	1135.2819920735858
2	10	9.604444444444445	5301.826509601477	97.86981344907366	0.03661071292617909	5.925085502971914	5644.807108112872	28222.088228806762	8519.372319745116	1290.310356311565
2	5	9.604444444444445	5535.451153825051	96.92934465274767	0.043420018119201424	6.016897956773517	6901.304493261336	52109.912577959425	8519.372319745116	1402.5741534240694
2	2	9.604444444444445	5574.058517768916	96.13954950525972	0.05244122791830328	6.004190084953974	8391.259666116059	104397.2225485309	8519.372319745116	1460.1385316032354
2	0	9.604444444444445	5562.599527259948	95.4854378733009	0.052549257182328245	5.983058534197048	8385.992973657529	104206.55084599172	8519.372319745116	1453.6350693223308
2	-2	9.604444444444445	5551.1405367509815	94.82862573000304	0.05265773244706303	5.984785002434963	8391.259666116062	104397.22254853098	8519.372319745116	1451.5768385892907
2	-5	9.604444444444445	5490.986449238159	93.97128049380022	0.04289555197016376	5.982847457686531	6762.89270630993	57585.32050520951	8519.372319745116	1381.904404173245
2	-10	9.604444444444445	5228.218525057278	92.8617506095597	0.03619952732819163	5.8800507614580635	5499.798096717866	32015.415777527178	8519.372319745116	1262.0307175595806
2	-20	9.604444444444445	4665.7902065681155	90.6045739281206	0.027946911801303948	5.809978955362396	3979.6438558208274	20735.59428098947	8519.372319745116	1076.375538733148
2	-40	9.604444444444445	3879.443407709639	87.2140507645223	0.022084830808332085	6.0766294580483	3203.203617511642	5200.311119290522	8519.372319745116	908.3433037767579
0	40	9.604444444444445	3830.3252907045626	104.00464222554709	0.0000000000000001282300141155435	6.216832017116986	3221.794398012596	5224.737896353647	8499.807928058532	0.0000000000004911626660941693
0	20	9.604444444444445	4720.471617290412	100.08708262406128	-0.000000000000000055505605171276146	5.857147475188705	5200.018713449324	21967.759336156516	8499.807928058532	-0.00000000000026201263381153694
0	10	9.604444444444445	5302.805488711323	97.86923290787973	0.000000000000000022443951318444414	5.925301712803389	5644.955757638131	28102.999128260053	8499.807928058532	0.00000000000011901590823981678
0	5	9.604444444444445	5536.89326122539	96.93172063034723	0.0000000000000002678863201655695	6.0176002367769375	6910.605111288648	51560.755652970765	8499.807928058532	0.0000000000014832579608992091
0	2	9.604444444444445	5574.051537261509	96.1391518567863	0.00000000000000021654526591719988	6.003254637618401	8375.779044954883	104333.62658127284	8499.807928058532	0.0000000000012070344723724702
0	0	9.604444444444445	5562.599527259947	95.48543787330094	0.00000000000000017084654475337769	5.982141003948537	8370.676746666672	104143.07103078313	8499.807928058532	0.000000000000950350909079134
0	-2	9.604444444444445	5551.147517258389	94.82902666764518	0.00000000000000020799878620058987	5.983857540884926	8375.779044954881	104333.62658127285	8499.807928058532	0.0000000000011546319456101628
0	-5	9.604444444444445	5492.446045235479	93.96902450256678	0.0000000000000000043661452719605634	5.983587813082557	6772.324363894324	57017.84720884685	8499.807928058532	0.00000000000002398081733190338
0	-10	9.604444444444445	5229.2243987631955	92.86255194989107	0.0000000000000000552009178399025	5.880297034827688	5505.076124297474	31967.58550742054	8499.807928058532	0.0000000000002886579864025407
0	-20	9.604444444444445	4666.657580945705	90.60707850599086	-0.000000000000000028643809803114	5.8098239631625	3972.9003520966435	20696.327960026945	8499.807928058532	-0.00000000000013367085216486885
0	-40	9.604444444444445	3879.8946145281952	87.2154776840282	0.0000000000000002415086815180358	6.076398803603016	3204.8504860879452	5199.278720765231	8499.807928058532	0.0000000000009370282327836321
-2	40	9.604444444444445	3829.890203700852	104.00601638738844	-0.022489750053788105	6.217062595887684	3220.499619404643	5227.871618753637	8519.372319745116	-917.0611024018497
-2	20	9.604444444444445	4719.445260305707	100.09011313271316	-0.036153416520852494	5.8574691467019715	5204.848243871383	22003.03569111728	8519.372319745116	-1135.2819920735853
-2	10	9.604444444444445	5301.826509601478	97.86981344907363	-0.036610712926179095	5.925085502971915	5644.807108112873	28222.08822880677	8519.372319745116	-1290.3103563115658
-2	5	9.604444444444445	5535.451153825052	96.92934465274762	-0.043420018119200966	6.016897956773514	6901.304493261335	52109.91257795942	8519.372319745116	-1402.574153424067
-2	2	9.604444444444445	5574.05851776892	96.13954950525957	-0.05244122791830333	6.00419008495397	8391.259666116059	104397.2225485308	8519.372319745116	-1460.1385316032356
-2	0	9.604444444444445	5562.599527259949	95.4854378733009	-0.05254925718232805	5.9830585341970455	8385.992973657527	104206.55084599172	8519.372319745116	-1453.6350693223292
-2	-2	9.604444444444445	5551.14053675098	94.82862573000307	-0.05265773244706282	5.984785002434965	8391.259666116059	104397.22254853082	8519.372319745116	-1451.576838589289
-2	-5	9.604444444444445	5490.986449238162	93.97128049380017	-0.04289555197016321	5.9828474576865265	6762.89270630993	57585.32050520952	8519.372319745116	-1381.9044041732418
-2	-10	9.604444444444445	5228.218525057276	92.86175060955975	-0.03619952732819172	5.880050761458066	5499.7980967178655	32015.41577752715	8519.372319745116	-1262.0307175595808
-2	-20	9.604444444444445	4665.790206568117	90.60457392812054	-0.0279469118013041	5.8099789553624	3979.643855820827	20735.59428098945	8519.372319745116	-1076.3755387331498
-2	-40	9.604444444444445	3879.44340770964	87.21405076452228	-0.022084830808331797	6.0766294580483	3203.2036175116414	5200.311119290511	8519.372319745116	-908.343303776757
-5	40	9.604444444444445	3827.6074462542006	104.01322713850396	-0.056197941272258564	6.218273225364398	3213.719273931772	5244.281930414176	8622.846593737871	-2288.6884485347778
-5	20	9.604444444444445	4714.042630804358	100.10609944124684	-0.09064317956637728	5.859182354682914	5230.489461781135	22188.406915004736	8622.846593737871	-2832.9493855391656
-5	10	9.604444444444445	5296.676486877709	97.87289662402632	-0.09174284883919705	5.923957420556966	5644.199063180137	28846.410157134156	8622.846593737871	-3218.793736476564
-5	5	9.604444444444445	5527.980259590148	96.9172507331868	-0.10866597623523387	6.013326534073258	6812.082442176664	54335.63760923274	8622.846593737871	-3495.6095268332433
-5	2	9.604444444444445	5574.081237721762	96.14158654963713	-0.13137133137427806	6.009111243258465	8449.106514546113	104206.63624267222	8622.846593737871	-3648.793452549489
-5	0	9.604444444444445	5562.599527259951	95.48543787330092	-0.13165415158587465	5.987900126833484	8466.967502736405	104540.88064338602	8622.846593737871	-3632.561339913207
-5	-2	9.604444444444445	5550.901636848408	94.82725555368725	-0.13170738162329804	5.989462282062631	8325.293800604239	102935.45269613877	8622.846593737871	-3625.972340875329
-5	-5	9.604444444444445	5483.311225446041	93.98308848607363	-0.10748456970265195	5.978956986926127	6713.4143281544575	60548.52783997894	8622.846593737871	-3444.484487770278
-5	-10	9.604444444444445	5223.089702316976	92.85832443836459	-0.0905545726696468	5.8787742689841345	5474.083110461894	32376.76459316165	8622.846593737871	-3147.3237677666075
-5	-20	9.604444444444445	4661.2153684710165	90.59135133957807	-0.07015314732232374	5.810807785602942	4015.08262197125	20939.462194025615	8622.846593737871	-2686.405067705011
-5	-40	9.604444444444445	3877.0799268612823	87.20658187865594	-0.05517455525995924	6.077835649169907	3194.3575349409975	5205.8048229988035	8622.846593737871	-2266.8622565462806
-10	40	9.604444444444445	3819.4745973404524	104.03893050313208	-0.11220659734979574	6.22259813340813	3189.739260248286	5302.320197010578	8938.160201271732	-4549.165179254412
-10	20	9.604444444444445	4694.549482181812	100.16425538479957	-0.1831728477308748	5.865644483804073	5326.072173553063	22852.84953834956	8938.160201271732	-5628.523135144569
-10	10	9.604444444444445	5278.139190818881	97.88439827390785	-0.1850539478308657	5.920027612103168	5644.4279457861685	31064.03919134471	8938.160201271732	-6387.839290795367
-10	5	9.604444444444445	5503.0592704798	96.88162723701379	-0.21657482706087355	6.002521047004135	6464.851531909619	58977.95552307875	8938.160201271732	-6909.704010011453
-10	2	9.604444444444445	5564.013062657275	96.11926720557965	-0.2557556224939708	6.016024253551608	7394.285439739078	92668.89945836032	8938.160201271732	-7213.975335312379
-10	0	9.604444444444445	5562.599527259947	95.4854378733009	-0.26533928067141144	6.005534241060612	8764.077191379582	105749.64576816469	8938.160201271732	-7254.51010753398
-10	-2	9.604444444444445	5539.713188019565	94.85173800713495	-0.25518484971045075	5.995139914596278	7307.576597694982	92614.15105834308	8938.160201271732	-7159.265730322754
-10	-5	9.604444444444445	5456.370968563817	94.0221996782741	-0.21601676106406695	5.965701690361009	6422.922816943084	66967.43613439258	8938.160201271732	-6813.196960111976
-10	-10	9.604444444444445	5205.3280177124325	92.84872622329914	-0.18152693995398608	5.874317230036458	5367.673199598019	33990.54070851314	8938.160201271732	-6240.322230139833
-10	-20	9.604444444444445	4644.611698328195	90.54306312089837	-0.1422753167509532	5.814019723707546	4125.577998722905	21660.994211413363	8938.160201271732	-5339.946134699141
-10	-40	9.604444444444445	3868.7076231078318	87.18019060288492	-0.11007027090892817	6.082083167454737	3162.8915366750184	5228.795523377801	8938.160201271732	-4505.267540048532
-15	40	9.604444444444445	3805.9886398543217	104.0815984584162	-0.1678342265474727	6.2298104679467	3150.5829775434313	5397.089232781082	9383.106816495067	-6753.761135057987
-15	20	9.604444444444445	4661.595857974899	100.26362924927254	-0.2793159053809524	5.877420025346457	5426.1604155441755	23704.541459249296	9383.106816495067	-8348.856114010305
-15	10	9.604444444444445	5246.726904496495	97.90531589704011	-0.28163605489435556	5.9138444086394495	5653.439002270224	34719.60266463207	9383.106816495067	-9458.039021961271
-15	5	9.604444444444445	5463.955789553496	96.83857131953802	-0.32297788029174823	5.987395005432498	6029.205530740212	63881.806601981116	9383.106816495067	-10171.834149712951
-15	2	9.604444444444445	5531.39162130946	96.06780222050298	-0.3657899657365318	6.010365348167375	6051.345941020125	87461.0537769517	9383.106816495067	-10559.000660446452
-15	0	9.604444444444445	5537.565503022683	95.49128463325387	-0.37848454637619977	6.008786187102435	5649.814930374338	93110.14409819093	9383.106816495067	-10636.42458547419
-15	-2	9.604444444444445	5506.468265695778	94.90206424979478	-0.36453639218737577	5.98854751334466	5964.103423544239	87734.20556826833	9383.106816495067	-10473.662019853695
-15	-5	9.604444444444445	5415.18875456866	94.06638155094662	-0.3230184554990805	5.947998284684496	5950.874815723195	69935.59003933126	9383.106816495067	-10026.043845626904
-15	-10	9.604444444444445	5177.5874777728195	92.84033346489016	-0.27209845458777987	5.867189489684372	5132.114677791208	36980.04415635366	9383.106816495067	-9223.185055489175
-15	-20	9.604444444444445	4616.286487860184	90.45961852546975	-0.21792166646956793	5.820283237433712	4282.028075201346	22712.362750872828	9383.106816495067	-7925.685262252081
-15	-40	9.604444444444445	3854.910701984936	87.1367956134343	-0.16447809690671558	6.089055482592385	3118.894572365352	5279.483121375182	9383.106816495067	-6687.642362202039
-30	40	9.604444444444445	3734.637189840832	104.30833375076826	-0.33042536262733835	6.268836292549665	2956.0297587425093	5867.961840653194	12266.815791367446	-12774.606248477001
-30	20	9.604444444444445	4495.210315305702	100.7345381833752	-0.5825104698837154	5.938158244274943	5299.561114371852	25998.962794094958	12266.815791367446	-15614.328741993932
-30	10	9.604444444444445	5066.83503106336	98.06886696843328	-0.6105607903079937	5.893400657981331	5877.973742700751	49562.00999664405	12266.815791367446	-17609.589995999904
-30	5	9.604444444444445	5257.707374323627	96.79138414481858	-0.6464301166528271	5.922485442287552	4608.435094945854	71337.11538995961	12266.815791367446	-18512.743211862908
-30	2	9.604444444444445	5304.369412430873	96.02092426556166	-0.6626336909315071	5.923679374357517	3842.0549753318737	78201.84652700069	12266.815791367446	-18754.64459344412
-30	0	9.604444444444445	5305.374965074637	95.49753115410856	-0.6668261718556088	5.916578352708694	3741.1437140416588	80428.55166468491	12266.815791367446	-18758.625860785087
-30	-2	9.604444444444445	5282.44915118447	94.95665899496565	-0.6646185464017632	5.903803274901825	3970.669053985577	80835.65115465595	12266.815791367446	-18633.72413076351
-30	-5	9.604444444444445	5212.706878074878	94.13074054108178	-0.6378954315684956	5.876500746376566	4279.192616668887	72719.0013598071	12266.815791367446	-18195.912610064126
-30	-10	9.604444444444445	5021.2518513642335	92.76701688626736	-0.5617437432698366	5.832606006034518	5030.6561535224755	55085.261453623025	12266.815791367446	-17086.25230662431
-30	-20	9.604444444444445	4457.445905167922	89.99004834423212	-0.47777112286939294	5.866615664798791	4867.214572866346	25435.63982136687	12266.815791367446	-14919.382404933394
-30	-40	9.604444444444445	3782.6902948524894	86.91018823216663	-0.3235171443833678	6.125837104057339	2931.1106796477748	5613.42217666634	12266.815791367446	-12645.883999481064
-60	40	9.604444444444445	3473.212436601349	105.15468215189503	-0.6153909041813768	6.425522991853322	2424.5004802023354	7154.409729252224	7840.9807469822135	-20395.959326185373
-60	20	9.604444444444445	3924.0433558565537	102.16994546190597	-1.232669146256756	6.175662556679057	4523.681308426346	39104.53490802669	7840.9807469822135	-23405.408772990224
-60	10	9.604444444444445	4243.633156902075	99.18553128804537	-1.6311387095663448	6.063860717703113	5846.489069885809	70157.990830401	7840.9807469822135	-25746.236013041977
-60	5	9.604444444444445	4319.4771465935655	97.54267250772432	-1.754425393407869	5.995742184455743	6277.407723732898	82979.1411783915	7840.9807469822135	-26217.834298009642
-60	2	9.604444444444445	4339.44749455917	96.49861189403552	-1.785110568469563	5.958556482960638	6615.444430894942	89483.97028576488	7840.9807469822135	-26265.879692609713
-60	0	9.604444444444445	4339.523813129448	95.75279395358238	-1.7883529756091328	5.938573332472993	6938.373918035772	95785.51954717588	7840.9807469822135	-26198.27745195377
-60	-2	9.604444444444445	4331.205355584291	94.96800561051005	-1.7724318497170695	5.923454717354201	7250.1695894380555	98953.42385637292	7840.9807469822135	-26056.87006857976
-60	-5	9.604444444444445	4301.298563751375	93.73543635515774	-1.712390834140259	5.9154109059867945	7212.872670248622	100322.2194967792	7840.9807469822135	-25717.857834090453
-60	-10	9.604444444444445	4190.957727470124	91.67729052910778	-1.5466929826940041	5.950360143830902	6295.160796187465	86526.40233165097	7840.9807469822135	-24837.75094340853
-60	-20	9.604444444444445	3885.963851214698	88.477670389414	-1.115948635597021	6.0947940428858525	4408.435411396279	32509.802314902787	7840.9807469822135	-22679.343016760606
-60	-40	9.604444444444445	3522.2776344853455	86.08954652977508	-0.6057275716265753	6.268512560466815	2423.512980211499	6966.265993674493	7840.9807469822135	-20188.127660171343
60	40	8.40388888888889	3371.1801925718637	105.51014503915586	0.6340163443305891	6.423193203342701	2424.5004802023354	7154.409729252234	7840.980746982219	19821.382070221698
60	20	8.40388888888889	3697.7669336790523	102.83287130119334	1.3214619377421852	6.146495061611358	4539.198690174188	41863.54269364951	7840.980746982219	22126.519680210953
60	10	8.40388888888889	3949.474919179953	99.61731620900144	1.8559407516108746	5.999115626405884	6257.340846926372	76839.53981697481	7840.980746982219	24184.044531359898
60	5	8.40388888888889	4003.8364896937946	97.76569014519964	2.034635893343633	5.929438041339442	6520.575936965973	86663.38994073775	7840.980746982219	24633.05115565149
60	2	8.40388888888889	4010.0496025807142	96.57923438180299	2.0914585328638076	5.895108148284517	6876.809549972613	95134.58709752384	7840.980746982219	24665.98625801183
60	0	8.40388888888889	4002.2807527469477	95.73461206071511	2.106877059426498	5.878381769594024	7124.803024087203	98398.3529740433	7840.980746982219	24591.079453941562
60	-2	8.40388888888889	3988.609929109938	94.85633344282503	2.096507319906151	5.866382674482113	7420.795858791392	102297.98899746637	7840.980746982219	24444.95412297767
60	-5	8.40388888888889	3956.7931697021577	93.45842981533585	2.0271398923652058	5.8585609766460225	7724.179106529681	105402.7869074256	7840.980746982219	24085.92030117717
60	-10	8.40388888888889	3873.7437366964386	91.15164760445462	1.787836160313424	5.882123575729701	6726.568416985058	91515.46602641314	7840.980746982219	23195.925296401223
60	-20	8.40388888888889	3673.034009669689	87.88210085669797	1.2136700846904673	6.054504114590434	4462.68919189529	34297.92881826708	7840.980746982219	21487.944676583757
60	-40	8.40388888888889	3420.6656429742247	85.74573099750502	0.6245152901017115	6.2610226218895635	2424.0338473188067	7066.819947577829	7840.980746982219	19615.678133858655
30	40	8.40388888888889	3557.912159171495	104.92769911486533	0.34683791856796614	6.257229984125493	2956.0297587425093	5867.961840653183	12266.815791367448	12200.028992513326
30	20	8.40388888888889	4118.1494869920725	101.8720722657873	0.6693762934377474	5.855390285227174	5430.235011970191	31323.829179045857	12266.815791367448	14443.96463722544
30	10	8.40388888888889	4585.948362179543	98.89632877762809	0.8024230932461146	5.6422692153023855	7566.417568941845	68346.30360209172	12266.815791367448	16124.43928972632
30	5	8.40388888888889	4736.059956912693	97.2148804009771	0.8799194920039071	5.586958075463371	7701.258615508115	91384.4306387268	12266.815791367448	16839.116451795348
30	2	8.40388888888889	4774.562633687203	96.13995073033539	0.9179026838771349	5.569875255504442	7240.971619030486	98717.15200789149	12266.815791367448	17092.28808795443
30	0	8.40388888888889	4773.353582953034	95.41585271392886	0.9225093655911552	5.556812441487328	6903.5847614219365	98882.4158933004	12266.815791367448	17075.826445208662
30	-2	8.40388888888889	4754.846286244739	94.69805271473409	0.9038881689555693	5.54298553220393	6793.061131146496	94501.79610823996	12266.815791367448	16900.068764582862
30	-5	8.40388888888889	4699.3898652223215	93.64426773226943	0.847235769700389	5.530893862535236	6902.409162010494	88366.33779836283	12266.815791367448	16443.985796732744
30	-10	8.40388888888889	4543.163068164847	91.93087743912788	0.7301927839133702	5.558361604271444	6506.739120128276	71195.20092631149	12266.815791367448	15499.211167600968
30	-20	8.40388888888889	4094.047552500456	88.8889807951535	0.5711553463998859	5.775327943069403	5126.38837446088	27731.416167830186	12266.815791367448	13847.29298790876
30	-40	8.40388888888889	3607.1515599947084	86.31133295297478	0.341353146734392	6.106038612255131	2946.703351373118	5752.9911850029475	12266.815791367448	12079.051288751532
15	40	8.40388888888889	3608.877480609698	104.77369155315772	0.17700106558078524	6.2149165985743835	3150.582977543431	5397.08923278107	9383.106816495063	6422.028801657111
15	20	8.40388888888889	4242.387619053034	101.54998242108351	0.33581615861795633	5.777745803522871	5712.459506468043	30509.255796783546	9383.106816495063	7720.14490892018
15	10	8.40388888888889	4739.881284433754	98.7641973013733	0.3813624068605605	5.597460216892695	6994.8341802262075	58199.22745791844	9383.106816495063	8612.824566140105
15	5	8.40388888888889	4855.421536491111	97.27122862133346	0.4448252006777943	5.520537221184692	8104.537225551873	93446.55146562746	9383.106816495063	9023.74422181403
15	2	8.40388888888889	4855.197884876829	96.17083826924943	0.4619618247399628	5.456029527339876	9303.257358938237	108014.11841539213	9383.106816495063	9022.633730987982
15	0	8.40388888888889	4843.341891704393	95.39363731740595	0.46309265885461176	5.432044662201517	9288.150345822029	107816.84079292505	9383.106816495063	8975.825387636445
15	-2	8.40388888888889	4831.401659999612	94.61297209503367	0.4641248241859335	5.436049898125136	9231.498193372225	107318.19444627262	9383.106816495063	8963.52266115003
15	-5	8.40388888888889	4796.0500651217235	93.49239453340137	0.44735667128707185	5.470584018662235	7871.082463712399	93028.6236544023	9383.106816495063	8863.123034069451
15	-10	8.40388888888889	4672.790708186799	91.92614208287979	0.3523730673952698	5.538569856710906	6347.482274775456	62511.013548423754	9383.106816495063	8288.846656367126
15	-20	8.40388888888889	4225.161731891827	89.27215761146559	0.2700486749995993	5.7026642182185805	4777.9347725412545	27200.80275611444	9383.106816495063	7338.282431754989
15	-40	8.40388888888889	3658.4520611871735	86.4633931319423	0.17445404446512142	6.0660005329391975	3143.167560923217	5365.959435779088	9383.106816495063	6360.241344109747
10	40	8.40388888888889	3618.5103073855093	104.74480568803983	0.1184383107481618	6.207052984963509	3189.7392602482846	5302.320197010576	8938.160201271732	4322.246898823364
10	20	8.40388888888889	4267.867053080419	101.4762482270283	0.22440490652201128	5.761579656814865	5789.321729178569	30933.298963964684	8938.160201271732	5213.1291840188915
10	10	8.40388888888889	4767.1628938282865	98.75569230425589	0.2522016090435762	5.593421333238221	6982.897781031478	55755.805878205196	8938.160201271732	5814.3060789507535
10	5	8.40388888888889	4868.604352172136	97.28121150394935	0.29955196044211974	5.500714006108277	8320.91185214003	98542.26356447492	8938.160201271732	6086.680748175986
10	2	8.40388888888889	4854.970567419561	96.15597252358275	0.3040134099125506	5.420215522479904	8773.431171872404	105943.14094517447	8938.160201271732	6023.102271379778
10	0	8.40388888888889	4843.341891704391	95.39363731740605	0.3047433342986421	5.396869246235038	8764.07719137958	105749.64576816472	8938.160201271732	5992.522145485755
10	-2	8.40388888888889	4831.713215989231	94.62763262651326	0.30547677216063873	5.400558845362769	8773.431171872406	105943.14094517447	8938.160201271732	5984.719897140219
10	-5	8.40388888888889	4809.991604498098	93.4833654243097	0.30198366329389603	5.4517136565002335	8239.07301691812	99623.44399946135	8938.160201271732	5983.995088941294
10	-10	8.40388888888889	4693.503331760302	91.90076392488648	0.23392014151103555	5.537604943696349	6315.151971790758	57959.22823872352	8938.160201271732	5594.474689857986
10	-20	8.40388888888889	4250.344992229103	89.34918922470595	0.17789784653143503	5.6902352651224275	4668.6313254580855	27117.60429095134	8938.160201271732	4944.40151931634
10	-40	8.40388888888889	3668.147379374419	86.49190496616966	0.11679827805971306	6.058555202121179	3186.074565358713	5291.069509353283	8938.160201271732	4281.024817902349
5	40	8.40388888888889	3624.3194851810395	104.72741936122888	0.05935008195534639	6.202330954895606	3213.7192739317725	5244.281930414168	8622.846593737871	2173.479018198256
5	20	8.40388888888889	4284.299906146067	101.4249186662765	0.11243621998362219	5.750796192748239	5865.587574627957	31569.63598500501	8622.846593737871	2627.23244005319
5	10	8.40388888888889	4783.692186497995	98.75370036151214	0.12535688248377355	5.591946591850382	6979.595778793353	53753.89981977259	8622.846593737871	2928.816116745765
5	5	8.40388888888889	4872.076892637634	97.27476622158848	0.15025698362165557	5.483500856783335	8476.390242266021	104903.92493666033	8622.846593737871	3057.7339739796357
5	2	8.40388888888889	4854.837646523708	96.14727932915761	0.15084733511073917	5.399591740706504	8473.104881464351	104732.16408512155	8622.846593737871	3014.2655010451185
5	0	8.40388888888889	4843.34189170439	95.39363731740602	0.15120537384068147	5.376616388258714	8466.967502736405	104540.88064338603	8622.846593737871	2999.157064390748
5	-2	8.40388888888889	4831.846136885082	94.6364092296315	0.15156511623640173	5.380062147923761	8473.104881464353	104732.16408512153	8622.846593737871	2995.221208381122
5	-5	8.40388888888889	4814.498001059443	93.48987561653794	0.1520554738217719	5.43543065311171	8463.982774863991	105225.23536927448	8622.846593737871	3010.052327412422
5	-10	8.40388888888889	4704.196287588362	91.8776630878127	0.11724021196911638	5.5369153700033875	6376.342688368598	54974.44480084348	8622.846593737871	2819.544951806267
5	-20	8.40388888888889	4265.590865497109	89.39622532732446	0.0883466740470696	5.683013665336733	4607.9130152829075	27067.77029344687	8622.846593737871	2488.1949314620806
5	-40	8.40388888888889	3673.976876636794	86.50896975857107	0.05854682113203378	6.054105351427858	3213.2981413151365	5243.328977390276	8622.846593737871	2152.855225291718
2	40	8.40388888888889	3625.950026214361	104.72254382628515	0.02375467747541158	6.201008277864797	3220.499619404646	5227.871618753655	8519.372319745116	870.780146791937
2	20	8.40388888888889	4289.333556087375	101.40777257216449	0.0449225162810324	5.747337471506173	5879.128256889351	31681.663555099232	8519.372319745116	1052.9213058461894
2	10	8.40388888888889	4788.324917852364	98.75347205217658	0.05004815186686575	5.5916371309347825	6971.557528150016	53039.473683665114	8519.372319745116	1173.92003239345
2	5	8.40388888888889	4872.0506452507	97.26908460208776	0.05999742088995406	5.477456944802214	8419.0024914149	105405.27442259806	8519.372319745116	1223.4759970103914
2	2	8.40388888888889	4854.80088221336	96.14487481279986	0.0602105998273223	5.393928884012258	8391.259666116059	104397.22254853089	8519.372319745116	1206.0263555368363
2	0	8.40388888888889	4843.341891704392	95.393637317406	0.06035305367579877	5.37105579775885	8385.992973657527	104206.55084599173	8519.372319745116	1200.0030110315995
2	-2	8.40388888888889	4831.882901195422	94.63883664653548	0.060496183193504534	5.3744350371408975	8391.259666116059	104397.22254853092	8519.372319745116	1198.4248980742277
2	-5	8.40388888888889	4814.633138158092	93.49582415256661	0.060712927604719934	5.429439229210291	8419.002491414903	105405.27442259798	8519.372319745116	1204.4317043463934
2	-10	8.40388888888889	4706.892858589571	91.86967447809201	0.04700177184069927	5.536681343971371	6424.778761407639	54128.65804308837	8519.372319745116	1130.5981684082321
2	-20	8.40388888888889	4269.870593903494	89.40946745236353	0.035274399041290705	5.68102322798142	4593.766012312751	27053.774220659765	8519.372319745116	997.0906261523143
2	-40	8.40388888888889	3675.6080240335823	86.51372766675615	0.02343374833537392	6.05286548987275	3220.4996194046453	5227.871618753637	8519.372319745116	862.5234436163828
0	40	8.40388888888889	3626.260802645586	104.721614787773	-0.00000000000000017414490870211918	6.200756314387795	3221.794398012595	5224.737896353648	8499.807928058532	-0.000000000000631494856406789
0	20	8.40388888888889	4290.312148655426	101.40437758899584	-0.0000000000000001405662632648738	5.746660076406918	5872.79569600528	31645.045233681954	8499.807928058532	-0.000000000000603073146976385
0	10	8.40388888888889	4789.205302715028	98.75343755600926	-0.000000000000000003709084758578263	5.591580291764839	6970.067734576664	52903.21166512635	8499.807928058532	-0.000000000000017763568394002505
0	5	8.40388888888889	4872.033156653722	97.26794885825888	0.00000000000000018170891112000321	5.47629497667261	8402.651371966816	105341.06437737508	8499.807928058532	0.0000000000008852918398360998
0	2	8.40388888888889	4854.793901705954	96.14441825873071	-0.0000000000000001884829377771342	5.392855695075666	8375.779044954881	104333.62658127287	8499.807928058532	-0.000000000000915045816896054
0	0	8.40388888888889	4843.341891704395	95.39363731740592	0.00000000000000006179950417120181	5.3700020102210795	8370.67674666667	104143.07103078312	8499.807928058532	0.0000000000002993161274389422
0	-2	8.40388888888889	4831.88988170283	94.6392975404871	0.0000000000000004044869937849976	5.373368664367215	8375.77904495488	104333.6265812728	8499.807928058532	0.0000000000019544366125501256
0	-5	8.40388888888889	4814.6506267550685	93.49698713843145	-0.0000000000000001116068403660542	5.428292837783629	8402.651371966816	105341.06437737499	8499.807928058532	-0.0000000000005373479439185757
0	-10	8.40388888888889	4707.393582906849	91.86807644432724	0.0000000000000004241466221851268	5.536634262441111	6440.559841459236	53984.89919868793	8499.807928058532	0.0000000000019966250874858815
0	-20	8.40388888888889	4270.68572015933	89.4119908251855	0.0000000000000000698782276603834	5.680645599041807	4591.06287553047	27051.016105524435	8499.807928058532	0.0000000000002984279490192421
0	-40	8.40388888888889	3675.918800464796	86.5146336851047	0.000000000000000347299688952608	6.052629454736915	3221.794398012596	5224.737896353656	8499.807928058532	0.0000000000012766454560164675
-2	40	8.40388888888889	3625.950026214362	104.7225438262851	-0.023754677475412003	6.201008277864789	3220.4996194046453	5227.871618753647	8519.372319745116	-870.7801467919378
-2	20	8.40388888888889	4289.333556087378	101.40777257216435	-0.044922516281032415	5.74733747150617	5879.128256889351	31681.663555099225	8519.372319745116	-1052.92130584619
-2	10	8.40388888888889	4788.324917852365	98.75347205217655	-0.050048151866865793	5.591637130934784	6971.557528150017	53039.473683665135	8519.372319745116	-1173.9200323934504
-2	5	8.40388888888889	4872.0506452507	97.26908460208774	-0.05999742088995476	5.4774569448022135	8419.002491414902	105405.274422598	8519.372319745116	-1223.4759970103946
-2	2	8.40388888888889	4854.800882213363	96.14487481279971	-0.06021059982732226	5.393928884012257	8391.259666116059	104397.22254853089	8519.372319745116	-1206.026355536837
-2	0	8.40388888888889	4843.3418917043955	95.39363731740588	-0.06035305367579888	5.3710557977588484	8385.992973657527	104206.55084599172	8519.372319745116	-1200.0030110316009
-2	-2	8.40388888888889	4831.882901195425	94.63883664653547	-0.060496183193504006	5.374435037140897	8391.259666116059	104397.22254853092	8519.372319745116	-1198.4248980742257
-2	-5	8.40388888888889	4814.633138158087	93.49582415256668	-0.06071292760471964	5.429439229210298	8419.0024914149	105405.27442259804	8519.372319745116	-1204.4317043463918
-2	-10	8.40388888888889	4706.892858589568	91.86967447809207	-0.04700177184069956	5.536681343971372	6424.778761407638	54128.65804308838	8519.372319745116	-1130.5981684082328
-2	-20	8.40388888888889	4269.8705939034935	89.40946745236354	-0.03527439904129007	5.681023227981425	4593.766012312749	27053.774220659747	8519.372319745116	-997.0906261523121
-2	-40	8.40388888888889	3675.608024033582	86.51372766675617	-0.023433748335373122	6.052865489872749	3220.499619404645	5227.871618753643	8519.372319745116	-862.5234436163798
-5	40	8.40388888888889	3624.3194851810404	104.72741936122891	-0.05935008195534668	6.202330954895604	3213.7192739317725	5244.281930414175	8622.846593737871	-2173.479018198257
-5	20	8.40388888888889	4284.299906146069	101.42491866627643	-0.11243621998362163	5.750796192748236	5865.587574627958	31569.635985004992	8622.846593737871	-2627.232440053188
-5	10	8.40388888888889	4783.692186497997	98.75370036151214	-0.12535688248377358	5.5919465918503795	6979.595778793351	53753.89981977258	8622.846593737871	-2928.816116745765
-5	5	8.40388888888889	4872.07689263763	97.27476622158852	-0.1502569836216558	5.483500856783342	8476.390242266023	104903.92493666033	8622.846593737871	-3057.733973979637
-5	2	8.40388888888889	4854.837646523707	96.14727932915763	-0.15084733511073917	5.399591740706503	8473.104881464351	104732.16408512155	8622.846593737871	-3014.265501045117
-5	0	8.40388888888889	4843.341891704397	95.39363731740585	-0.15120537384068136	5.376616388258708	8466.967502736405	104540.88064338602	8622.846593737871	-2999.1570643907494
-5	-2	8.40388888888889	4831.846136885085	94.63640922963144	-0.15156511623640143	5.380062147923759	8473.104881464351	104732.16408512155	8622.846593737871	-2995.2212083811214
-5	-5	8.40388888888889	4814.498001059442	93.489875616538	-0.1520554738217717	5.435430653111714	8463.98277486399	105225.2353692745	8622.846593737871	-3010.0523274124225
-5	-10	8.40388888888889	4704.19628758836	91.87766308781276	-0.11724021196911626	5.536915370003388	6376.342688368598	54974.44480084348	8622.846593737871	-2819.544951806266
-5	-20	8.40388888888889	4265.590865497107	89.39622532732446	-0.08834667404706954	5.683013665336738	4607.913015282905	27067.7702934468	8622.846593737871	-2488.194931462081
-5	-40	8.40388888888889	3673.976876636794	86.50896975857101	-0.05854682113203279	6.0541053514278556	3213.2981413151365	5243.328977390278	8622.846593737871	-2152.8552252917134
-10	40	8.40388888888889	3618.5103073855103	104.74480568803978	-0.11843831074816237	6.207052984963503	3189.7392602482837	5302.32019701057	8938.160201271732	-4322.246898823363
-10	20	8.40388888888889	4267.86705308042	101.47624822702835	-0.2244049065220113	5.7615796568148605	5789.321729178569	30933.2989639647	8938.160201271732	-5213.12918401889
-10	10	8.40388888888889	4767.162893828288	98.75569230425587	-0.25220160904357586	5.593421333238219	6982.8977810314755	55755.8058782052	8938.160201271732	-5814.306078950752
-10	5	8.40388888888889	4868.6043521721385	97.28121150394922	-0.2995519604421193	5.5007140061082715	8320.911852140029	98542.26356447492	8938.160201271732	-6086.680748175982
-10	2	8.40388888888889	4854.970567419559	96.15597252358276	-0.3040134099125505	5.4202155224799045	8773.431171872406	105943.14094517443	8938.160201271732	-6023.1022713797765
-10	0	8.40388888888889	4843.341891704394	95.39363731740596	-0.30474333429864137	5.396869246235038	8764.077191379583	105749.64576816473	8938.160201271732	-5992.522145485754
-10	-2	8.40388888888889	4831.713215989232	94.6276326265132	-0.30547677216063895	5.4005588453627675	8773.431171872402	105943.14094517447	8938.160201271732	-5984.7198971402195
-10	-5	8.40388888888889	4809.991604498096	93.48336542430972	-0.30198366329389625	5.451713656500237	8239.073016918122	99623.44399946138	8938.160201271732	-5983.995088941297
-10	-10	8.40388888888889	4693.503331760302	91.90076392488652	-0.23392014151103518	5.537604943696346	6315.151971790758	57959.22823872351	8938.160201271732	-5594.4746898579815
-10	-20	8.40388888888889	4250.344992229102	89.349189224706	-0.1778978465314353	5.690235265122431	4668.6313254580855	27117.60429095134	8938.160201271732	-4944.401519316343
-10	-40	8.40388888888889	3668.1473793744176	86.49190496616966	-0.1167982780597127	6.058555202121178	3186.0745653587137	5291.06950935328	8938.160201271732	-4281.024817902346
-15	40	8.40388888888889	3608.8774806097	104.77369155315762	-0.1770010655807852	6.214916598574383	3150.5829775434318	5397.089232781077	9383.106816495067	-6422.028801657113
-15	20	8.40388888888889	4242.3876190530345	101.54998242108346	-0.335816158617957	5.777745803522868	5712.459506468044	30509.255796783542	9383.106816495067	-7720.1449089201815
-15	10	8.40388888888889	4739.881284433757	98.76419730137324	-0.38136240686056005	5.597460216892692	6994.8341802262075	58199.22745791843	9383.106816495067	-8612.824566140103
-15	5	8.40388888888889	4855.421536491112	97.27122862133342	-0.4448252006777939	5.520537221184691	8104.537225551872	93446.5514656274	9383.106816495067	-9023.744221814031
-15	2	8.40388888888889	4855.197884876831	96.17083826924939	-0.46196182473996295	5.456029527339873	9303.257358938237	108014.1184153921	9383.106816495067	-9022.633730987984
-15	0	8.40388888888889	4843.341891704394	95.39363731740596	-0.46309265885461176	5.432044662201515	9288.150345822027	107816.84079292502	9383.106816495067	-8975.825387636443
-15	-2	8.40388888888889	4831.401659999615	94.61297209503363	-0.4641248241859331	5.436049898125135	9231.498193372227	107318.19444627268	9383.106816495067	-8963.522661150031
-15	-5	8.40388888888889	4796.050065121724	93.49239453340138	-0.44735667128707207	5.470584018662236	7871.082463712399	93028.62365440224	9383.106816495067	-8863.123034069455
-15	-10	8.40388888888889	4672.790708186798	91.92614208287982	-0.35237306739527	5.538569856710907	6347.482274775458	62511.01354842378	9383.106816495067	-8288.846656367128
-15	-20	8.40388888888889	4225.161731891828	89.27215761146559	-0.2700486749995994	5.702664218218579	4777.9347725412545	27200.802756114477	9383.106816495067	-7338.282431754989
-15	-40	8.40388888888889	3658.452061187173	86.46339313194234	-0.17445404446512092	6.066000532939199	3143.167560923218	5365.959435779091	9383.106816495067	-6360.241344109746
-30	40	8.40388888888889	3557.912159171495	104.92769911486526	-0.3468379185679669	6.257229984125492	2956.029758742511	5867.96184065319	12266.815791367446	-12200.028992513326
-30	20	8.40388888888889	4118.149486992076	101.87207226578721	-0.6693762934377474	5.85539028522717	5430.235011970191	31323.829179045853	12266.815791367446	-14443.964637225445
-30	10	8.40388888888889	4585.94836217954	98.89632877762816	-0.8024230932461147	5.642269215302392	7566.417568941844	68346.30360209174	12266.815791367446	-16124.439289726322
-30	5	8.40388888888889	4736.059956912692	97.2148804009771	-0.8799194920039076	5.586958075463373	7701.258615508116	91384.4306387268	12266.815791367446	-16839.116451795348
-30	2	8.40388888888889	4774.562633687202	96.1399507303354	-0.9179026838771355	5.569875255504444	7240.971619030489	98717.15200789149	12266.815791367446	-17092.288087954432
-30	0	8.40388888888889	4773.353582953034	95.41585271392894	-0.9225093655911554	5.556812441487328	6903.584761421935	98882.41589330042	12266.815791367446	-17075.826445208662
-30	-2	8.40388888888889	4754.846286244741	94.69805271473402	-0.9038881689555687	5.54298553220393	6793.061131146496	94501.79610823994	12266.815791367446	-16900.06876458287
-30	-5	8.40388888888889	4699.389865222321	93.64426773226943	-0.8472357697003895	5.530893862535236	6902.409162010493	88366.33779836282	12266.815791367446	-16443.98579673274
-30	-10	8.40388888888889	4543.163068164848	91.93087743912783	-0.7301927839133702	5.558361604271443	6506.739120128275	71195.20092631146	12266.815791367446	-15499.211167600966
-30	-20	8.40388888888889	4094.0475525004576	88.88898079515347	-0.5711553463998857	5.775327943069402	5126.388374460878	27731.4161678302	12266.815791367446	-13847.292987908764
-30	-40	8.40388888888889	3607.1515599947084	86.31133295297478	-0.34135314673439193	6.106038612255128	2946.7033513731167	5752.99118500294	12266.815791367446	-12079.051288751525
-60	40	8.40388888888889	3371.180192571863	105.51014503915596	-0.6340163443305896	6.4231932033427075	2424.500480202337	7154.409729252235	7840.9807469822135	-19821.38207022171
-60	20	8.40388888888889	3697.7669336790505	102.83287130119331	-1.3214619377421841	6.14649506161136	4539.198690174191	41863.54269364952	7840.9807469822135	-22126.51968021095
-60	10	8.40388888888889	3949.474919179951	99.61731620900147	-1.8559407516108766	5.999115626405883	6257.340846926372	76839.53981697478	7840.9807469822135	-24184.044531359887
-60	5	8.40388888888889	4003.8364896937937	97.76569014519961	-2.034635893343633	5.929438041339444	6520.575936965973	86663.38994073769	7840.9807469822135	-24633.051155651494
-60	2	8.40388888888889	4010.049602580714	96.579234381803	-2.0914585328638067	5.895108148284515	6876.8095499726105	95134.58709752384	7840.9807469822135	-24665.986258011824
-60	0	8.40388888888889	4002.280752746948	95.73461206071508	-2.1068770594264956	5.878381769594023	7124.803024087207	98398.3529740433	7840.9807469822135	-24591.079453941562
-60	-2	8.40388888888889	3988.609929109938	94.856333442825	-2.0965073199061512	5.866382674482113	7420.795858791394	102297.98899746647	7840.9807469822135	-24444.954122977673
-60	-5	8.40388888888889	3956.7931697021586	93.45842981533585	-2.0271398923652044	5.858560976646025	7724.179106529677	105402.78690742559	7840.9807469822135	-24085.920301177182
-60	-10	8.40388888888889	3873.74373669644	91.15164760445461	-1.7878361603134232	5.882123575729698	6726.568416985058	91515.46602641312	7840.9807469822135	-23195.925296401216
-60	-20	8.40388888888889	3673.0340096696877	87.882100856698	-1.2136700846904673	6.054504114590433	4462.68919189529	34297.92881826707	7840.9807469822135	-21487.944676583742
-60	-40	8.40388888888889	3420.665642974225	85.74573099750502	-0.6245152901017107	6.26102262188956	2424.033847318808	7066.819947577828	7840.9807469822135	-19615.678133858644
60	40	7.203333333333334	3269.1479485423765	105.86546880731001	0.6538044087992729	6.42071798638798	2424.5004802023377	7154.409729252233	7840.980746982219	19246.80481425802
60	20	7.203333333333334	3468.283647806207	103.51254600554414	1.414603739967047	6.118288255193869	4529.673733409536	43390.60980432391	7840.980746982219	20830.147164568058
60	10	7.203333333333334	3645.2924322475114	100.08705184649521	2.0813877390693425	5.925379065290432	6547.016061560851	82356.80127798954	7840.980746982219	22499.55657863072
60	5	7.203333333333334	3680.1874156460235	97.9948410219613	2.3182492233751923	5.85552153922321	6783.7491489624335	91869.78351151156	7840.980746982219	22928.138091314973
60	2	7.203333333333334	3673.266921817922	96.63803269683943	2.403496254790234	5.825302040747946	7086.522193420732	98296.23582549873	7840.980746982219	22945.45736231446
60	0	7.203333333333334	3660.5903772851425	95.68994604270483	2.4277214088447927	5.811206674322326	7300.23968270167	101214.23804791099	7840.980746982219	22865.926517929773
60	-2	7.203333333333334	3641.7727712923743	94.69755198007817	2.4226720608529306	5.802742204771263	7548.856856897307	104775.77904256321	7840.980746982219	22712.491985190638
60	-5	7.203333333333334	3607.9852880221556	93.14584785690343	2.3457424875092663	5.795814160962685	7840.980746982219	106531.26710341862	7840.980746982219	22341.34320287076
60	-10	7.203333333333334	3548.46868733863	90.59036817697081	2.0395436910471862	5.812992274688815	7075.190668468444	94420.55784149955	7840.980746982219	21482.325915114558
60	-20	7.203333333333334	3456.624000273138	87.28897217665472	1.3197805902247455	6.010420206960186	4492.250647269485	35937.27056260028	7840.980746982219	20273.33094669604
60	-40	7.203333333333334	3318.7855119561636	85.40108906355407	0.6439853525439677	6.253391006413094	2424.333892220402	7132.018176917558	7840.980746982219	19041.82441790215
30	40	7.203333333333334	3381.1871285021543	105.54704622110424	0.3649661497088925	6.244410418265829	2956.029758742511	5867.961840653179	12266.815791367448	11625.451736549636
30	20	7.203333333333334	3723.9499745834746	103.08018760062599	0.7587625301896149	5.77054222315131	5507.374730057401	35849.77914461093	12266.815791367448	13191.641211934551
30	10	7.203333333333334	4030.272143305816	99.82843312688267	1.0334027723197285	5.359707483498504	8870.695837317991	84538.33604319062	12266.815791367448	14407.444243264017
30	5	7.203333333333334	4119.556639587737	97.68067828900641	1.1229920353170946	5.178789459101745	10263.743741933362	105002.20152771141	12266.815791367448	14673.590344091765
30	2	7.203333333333334	4137.965994024193	96.29362908866516	1.1473259909354003	5.112764825084754	11093.217453395522	112190.28369421522	12266.815791367448	14689.76217704659
30	0	7.203333333333334	4140.546314948474	95.34578829784994	1.1404664865932899	5.0920953053960565	11235.737824492446	111722.24702358313	12266.815791367448	14631.533817714513
30	-2	7.203333333333334	4131.2757097244075	94.41648077455866	1.1158404123157029	5.087799780178926	10552.272314990041	107507.16829641668	12266.815791367448	14501.794174281082
30	-5	7.203333333333334	4097.11100166901	93.0737041791116	1.0594738451045154	5.116819255663363	9398.712710585296	100081.71802763162	12266.815791367448	14241.315671146636
30	-10	7.203333333333334	3994.2156208885203	90.96300079627832	0.9282859472401137	5.252241064978575	8053.237232458176	84503.84008863683	12266.815791367448	13700.318328850082
30	-20	7.203333333333334	3720.5021531079915	87.78443704740928	0.6770755095855475	5.672403575270807	5210.551489471303	29786.299032016825	12266.815791367448	12733.665583031057
30	-40	7.203333333333334	3430.810700903576	85.70978624401157	0.35962160714409763	6.085118348930362	2954.405071082578	5843.920061544544	12266.815791367448	11506.941224800878
15	40	7.203333333333334	3411.766321365078	105.46591013148212	0.1872271133044171	6.198301774376273	3150.582977543428	5397.089232781064	9383.106816495063	6090.29646825624
15	20	7.203333333333334	3797.360740192702	102.9570025542672	0.3872158315365635	5.68059138143592	5883.124111635815	35086.367053524766	9383.106816495063	7003.3471343713145
15	10	7.203333333333334	4138.401511676741	99.64853854912569	0.5029524757971019	5.213139823533608	8185.6151831556745	85504.6028010393	9383.106816495063	7594.275734077416
15	5	7.203333333333334	4153.787639336714	97.54665783711746	0.5399688836113601	4.954470427214783	9383.106816495063	109057.09476894155	9383.106816495063	7492.9394107604185
15	2	7.203333333333334	4135.940249321272	96.18253040869918	0.54229895481188	4.853038911794298	9303.25735893824	108014.1184153921	9383.106816495063	7361.475110037884
15	0	7.203333333333334	4124.084256148836	95.26981595559401	0.543857965808341	4.826588875988165	9288.15034582203	107816.84079292502	9383.106816495063	7318.350739638095
15	-2	7.203333333333334	4114.024075529874	94.35976644890452	0.5426098755462382	4.833744958806476	8840.331196604488	104236.45128926302	9383.106816495063	7303.15854688147
15	-5	7.203333333333334	4112.136646739986	93.0511130336311	0.5224369016607266	4.9095245200618445	8720.151907467434	103082.48702101389	9383.106816495063	7300.332706617369
15	-10	7.203333333333334	4078.2957656572453	91.01052968691182	0.4534774110364707	5.133615258899345	7268.623330854104	82085.64931072133	9383.106816495063	7205.137128311299
15	-20	7.203333333333334	3809.8166810497996	88.02017341082927	0.3339808602347121	5.577088739059477	5265.173198899892	29853.916260905993	9383.106816495063	6728.355400465117
15	-40	7.203333333333334	3461.424319184295	85.78868857208586	0.18454113125574514	6.04103113359271	3150.582977543427	5397.089232781076	9383.106816495063	6029.063721841329
10	40	7.203333333333334	3417.5460174305626	105.45084085012027	0.12540291953516025	6.18967961258072	3189.739260248286	5302.320197010573	8938.160201271732	4095.3286183923115
10	20	7.203333333333334	3811.0451714655565	102.93634730563039	0.2592353239983461	5.664158399655829	5988.5730286415965	35120.77984273629	8938.160201271732	4721.380922595033
10	10	7.203333333333334	4155.651961200394	99.62637869038456	0.33528478998549893	5.188304701035293	8115.003166674283	86337.67042602735	8938.160201271732	5116.1507792613975
10	5	7.203333333333334	4153.2181301070505	97.5033096929904	0.355381323828577	4.909077739844815	8822.817011955542	106966.120093156	8938.160201271732	4993.973540372089
10	2	7.203333333333334	4135.712931864005	96.16507994706502	0.3568855434463272	4.811029201397018	8773.431171872402	105943.14094517448	8938.160201271732	4908.636750362155
10	0	7.203333333333334	4124.084256148836	95.26981595559404	0.3578918532097568	4.785278719568692	8764.07719137958	105749.64576816469	8938.160201271732	4880.480904316492
10	-2	7.203333333333334	4112.4555804336715	94.36948893818497	0.35890385400117636	4.791279019806122	8773.431171872404	105943.14094517447	8938.160201271732	4875.102935819311
10	-5	7.203333333333334	4104.135968066202	93.05289857000515	0.3480044143497901	4.863338483136626	8254.02651491879	101416.398889336	8938.160201271732	4872.542306506683
10	-10	7.203333333333334	4090.4556648783378	91.0025272278734	0.3022759352069035	5.113686941993667	7207.17876111781	83544.7595044476	8938.160201271732	4849.914628395206
10	-20	7.203333333333334	3827.9158106615287	88.0730871115797	0.22155427609733358	5.55894103109093	5217.5613522734275	29961.88566111894	8938.160201271732	4530.293761418223
10	-40	7.203333333333334	3467.2040152497807	85.80330504351133	0.12360687353457558	6.032794624268001	3189.739260248285	5302.3201970105765	8938.160201271732	4054.246035677895
5	40	7.203333333333334	3421.0315241078833	105.44179356969485	0.06287684195893124	6.184494009305794	3213.719273931774	5244.281930414183	8622.846593737871	2058.269587861737
5	20	7.203333333333334	3819.091903435476	102.9256539947744	0.12984802533052378	5.654541951275318	6039.816573982271	34812.360118400684	8622.846593737871	2376.1615236985263
5	10	7.203333333333334	4165.404162777234	99.61504017208577	0.16803061574831682	5.173358275270462	8137.158634237835	87167.42975804632	8622.846593737871	2575.3823015193243
5	5	7.203333333333334	4152.885117069185	97.47795692679823	0.1763447099375172	4.882932255073927	8505.458158241856	105743.45012993994	8622.846593737871	2496.9190725794274
5	2	7.203333333333334	4135.580010968151	96.1548751301144	0.1770826146347374	4.786837550752268	8473.104881464353	104732.16408512152	8622.846593737871	2454.918110136632
5	0	7.203333333333334	4124.084256148839	95.269815955594	0.1775762268390882	4.76149367800044	8466.967502736406	104540.88064338603	8622.846593737871	2441.012535364737
5	-2	7.203333333333334	4112.588501329524	94.3798088397624	0.1780725985925034	4.767178509578261	8473.104881464351	104732.16408512155	8622.846593737871	2438.2795412375813
5	-5	7.203333333333334	4097.403356682407	93.04299784509271	0.1762736443530584	4.8355088379392095	8225.91588516374	101728.1797300212	8622.846593737871	2446.335146912445
5	-10	7.203333333333334	4098.674390657917	90.99604665201079	0.15120662930464637	5.103049378496029	7217.783636462368	86377.67572572229	8622.846593737871	2440.315079019493
5	-20	7.203333333333334	3838.9197640137877	88.10585813299792	0.11041707525765564	5.548089686211062	5181.3584597707795	30028.690404595272	8622.846593737871	2278.5707959166725
5	-40	7.203333333333334	3470.6895219270928	85.81208055926872	0.061977211478835746	6.027840770432301	3213.7192739317707	5244.281930414172	8622.846593737871	2037.64983210861
2	40	7.203333333333334	3422.0098487278756	105.4392595943696	0.02517037566291674	6.183040394065211	3220.499619404645	5227.871618753647	8519.372319745116	824.4991911820254
2	20	7.203333333333334	3821.3473401457536	102.92269526923761	0.0519639432663258	5.651853768233842	6052.559455196739	34703.42591410692	8519.372319745116	952.2000445604109
2	10	7.203333333333334	4167.928607844721	99.61176036198663	0.06726815966928826	5.168952835289454	8155.7025927639925	87611.88187210694	8519.372319745116	1032.0667921566767
2	5	7.203333333333334	4152.79300969514	97.47094394080484	0.07038888586015438	4.87575250337264	8419.002491414903	105405.27442259801	8519.372319745116	998.7770976188375
2	2	7.203333333333334	4135.5432466578095	96.15205248549802	0.0706824849181579	4.780195030066393	8391.259666116055	104397.22254853086	8519.372319745116	982.0502002520892
2	0	7.203333333333334	4124.084256148837	95.269815955594	0.07087888001426176	4.754963297135782	8385.992973657529	104206.55084599172	8519.372319745116	976.506973522519
2	-2	7.203333333333334	4112.625265639869	94.38266308181231	0.07107636954002929	4.760562019144534	8391.259666116059	104397.22254853086	8519.372319745116	975.4089783408161
2	-5	7.203333333333334	4095.8344319927196	93.04070112408658	0.07087983591738539	4.827853536110784	8343.0773787865	103648.22815378942	8519.372319745116	980.2409671935527
2	-10	7.203333333333334	4101.693541398061	90.99311684661104	0.06032716599150745	5.100963117795117	7210.279219226039	86551.56481981468	8519.372319745116	977.4805837924929
2	-20	7.203333333333334	3842.017826789176	88.11515992728697	0.04412507623786428	5.54505962022295	5170.341469281529	30047.417014841776	8519.372319745116	912.9325395792396
2	-40	7.203333333333334	3471.6678465470955	85.8145384307118	0.02481034396777116	6.026452092666389	3220.4996194046444	5227.871618753639	8519.372319745116	816.2424880064733
0	40	7.203333333333334	3422.1963145866093	105.43877689654857	0.00000000000000006877667427123182	6.182763433480571	3221.7943980125965	5224.7378963536485	8499.807928058532	0.0000000000002353672812205332
0	20	7.203333333333334	3821.777219895683	102.9221322463358	-0.0000000000000004596858511325788	5.651341768280149	6054.992843003632	34682.62377681782	8499.807928058532	-0.000000000001756816914166848
0	10	7.203333333333334	4168.3937307766755	99.61111102371477	-0.0000000000000002271374194836248	5.168093855582238	8157.917334793586	87697.87426461597	8499.807928058532	-0.0000000000009467981954003335
0	5	7.203333333333334	4152.775521098167	97.46961233707927	0.00000000000000010795049654821764	4.874391805169738	8402.651371966815	105341.06437737502	8499.807928058532	0.0000000000004482941795558304
0	2	7.203333333333334	4135.536266150401	96.15151653909008	-0.0000000000000002438147040850777	4.778936181284402	8375.779044954883	104333.62658127285	8499.807928058532	-0.0000000000010083045509645672
0	0	7.203333333333334	4124.084256148837	95.26981595559405	-0.0000000000000004800997310286397	4.7537257246203755	8370.67674666667	104143.07103078312	8499.807928058532	-0.000000000001979971742116504
0	-2	7.203333333333334	4112.632246147276	94.3832050162497	-0.000000000000000014793499177188488	4.75930815280092	8375.779044954881	104333.62658127284	8499.807928058532	-0.00000000000006084022174945858
0	-5	7.203333333333334	4095.5941036289146	93.04049316314595	0.0000000000000002622944978056925	4.8264178314850374	8353.55654642052	103878.44172012612	8499.807928058532	0.0000000000010742517986273015
0	-10	7.203333333333334	4102.309430923721	90.99246736919655	-0.00000000000000023390867420926277	5.10062585634821	7191.638968714636	86347.76362935938	8499.807928058532	-0.0000000000009595657601835228
0	-20	7.203333333333334	3842.608722050854	88.11693768530493	-0.0000000000000003846160244991629	5.544482945620163	5168.202392724878	30050.97944068391	8499.807928058532	-0.0000000000014779288903810084
0	-40	7.203333333333334	3471.8543124058197	85.8150066320885	0.0000000000000002292169522228188	6.026187503476494	3221.794398012595	5224.737896353644	8499.807928058532	0.0000000000007958078640513121
-2	40	7.203333333333334	3422.0098487278747	105.4392595943696	-0.0251703756629171	6.1830403940652126	3220.499619404645	5227.8716187536465	8519.372319745116	-824.4991911820264
-2	20	7.203333333333334	3821.347340145753	102.92269526923756	-0.05196394326632624	5.651853768233845	6052.559455196739	34703.42591410695	8519.372319745116	-952.200044560413
-2	10	7.203333333333334	4167.9286078447185	99.61176036198665	-0.0672681596692882	5.168952835289458	8155.702592763992	87611.88187210694	8519.372319745116	-1032.0667921566762
-2	5	7.203333333333334	4152.79300969514	97.47094394080484	-0.07038888586015436	4.875752503372642	8419.002491414903	105405.27442259806	8519.372319745116	-998.7770976188378
-2	2	7.203333333333334	4135.543246657809	96.152052485498	-0.07068248491815737	4.780195030066391	8391.259666116059	104397.22254853089	8519.372319745116	-982.0502002520866
-2	0	7.203333333333334	4124.084256148838	95.26981595559404	-0.07087888001426158	4.754963297135781	8385.992973657529	104206.55084599172	8519.372319745116	-976.5069735225184
-2	-2	7.203333333333334	4112.62526563987	94.38266308181234	-0.0710763695400283	4.760562019144532	8391.259666116057	104397.22254853084	8519.372319745116	-975.408978340812
-2	-5	7.203333333333334	4095.834431992721	93.0407011240865	-0.07087983591738616	4.827853536110782	8343.0773787865	103648.22815378934	8519.372319745116	-980.2409671935557
-2	-10	7.203333333333334	4101.693541398061	90.9931168466111	-0.06032716599150695	5.1009631177951125	7210.279219226039	86551.56481981464	8519.372319745116	-977.4805837924903
-2	-20	7.203333333333334	3842.017826789177	88.11515992728701	-0.044125076237863874	5.5450596202229505	5170.341469281532	30047.417014841816	8519.372319745116	-912.9325395792383
-2	-40	7.203333333333334	3471.667846547095	85.81453843071183	-0.024810343967771015	6.026452092666389	3220.4996194046435	5227.8716187536365	8519.372319745116	-816.2424880064727
-5	40	7.203333333333334	3421.0315241078843	105.44179356969487	-0.0628768419589311	6.184494009305791	3213.719273931774	5244.281930414183	8622.846593737871	-2058.269587861736
-5	20	7.203333333333334	3819.0919034354756	102.9256539947744	-0.12984802533052373	5.654541951275319	6039.816573982272	34812.36011840069	8622.846593737871	-2376.161523698526
-5	10	7.203333333333334	4165.404162777234	99.61504017208583	-0.16803061574831665	5.173358275270462	8137.158634237834	87167.42975804632	8622.846593737871	-2575.3823015193234
-5	5	7.203333333333334	4152.885117069184	97.47795692679833	-0.1763447099375169	4.882932255073928	8505.458158241858	105743.45012993988	8622.846593737871	-2496.919072579426
-5	2	7.203333333333334	4135.580010968152	96.15487513011442	-0.17708261463473723	4.786837550752268	8473.104881464353	104732.16408512152	8622.846593737871	-2454.918110136632
-5	0	7.203333333333334	4124.084256148839	95.269815955594	-0.17757622683908775	4.7614936780004395	8466.967502736405	104540.88064338602	8622.846593737871	-2441.012535364735
-5	-2	7.203333333333334	4112.588501329525	94.37980883976243	-0.17807259859250288	4.767178509578259	8473.104881464351	104732.1640851216	8622.846593737871	-2438.279541237579
-5	-5	7.203333333333334	4097.403356682406	93.04299784509267	-0.17627364435305848	4.835508837939212	8225.915885163737	101728.17973002126	8622.846593737871	-2446.3351469124455
-5	-10	7.203333333333334	4098.6743906579195	90.99604665201076	-0.15120662930464587	5.103049378496027	7217.783636462371	86377.6757257223	8622.846593737871	-2440.3150790194923
-5	-20	7.203333333333334	3838.919764013788	88.10585813299788	-0.11041707525765522	5.54808968621106	5181.358459770779	30028.690404595232	8622.846593737871	-2278.5707959166707
-5	-40	7.203333333333334	3470.6895219270928	85.8120805592687	-0.061977211478835226	6.0278407704323005	3213.7192739317707	5244.281930414174	8622.846593737871	-2037.649832108608
-10	40	7.203333333333334	3417.5460174305613	105.45084085012033	-0.12540291953516072	6.189679612580724	3189.739260248286	5302.320197010575	8938.160201271732	-4095.328618392313
-10	20	7.203333333333334	3811.045171465556	102.93634730563039	-0.2592353239983457	5.664158399655827	5988.5730286415965	35120.7798427363	8938.160201271732	-4721.380922595031
-10	10	7.203333333333334	4155.651961200392	99.62637869038457	-0.33528478998549954	5.188304701035297	8115.003166674284	86337.67042602741	8938.160201271732	-5116.150779261399
-10	5	7.203333333333334	4153.218130107051	97.50330969299036	-0.3553813238285767	4.909077739844812	8822.817011955542	106966.12009315599	8938.160201271732	-4993.973540372087
-10	2	7.203333333333334	4135.712931864007	96.16507994706504	-0.3568855434463273	4.811029201397019	8773.431171872404	105943.14094517451	8938.160201271732	-4908.636750362159
-10	0	7.203333333333334	4124.084256148837	95.26981595559403	-0.3578918532097575	4.785278719568691	8764.077191379582	105749.64576816472	8938.160201271732	-4880.480904316495
-10	-2	7.203333333333334	4112.455580433672	94.36948893818492	-0.3589038540011762	4.791279019806121	8773.4311718724	105943.14094517443	8938.160201271732	-4875.102935819311
-10	-5	7.203333333333334	4104.135968066203	93.05289857000518	-0.3480044143497895	4.8633384831366255	8254.02651491879	101416.39888933598	8938.160201271732	-4872.542306506681
-10	-10	7.203333333333334	4090.455664878339	91.00252722787336	-0.302275935206904	5.113686941993663	7207.178761117808	83544.7595044476	8938.160201271732	-4849.914628395207
-10	-20	7.203333333333334	3827.915810661529	88.07308711157968	-0.22155427609733372	5.558941031090932	5217.561352273428	29961.885661118977	8938.160201271732	-4530.293761418226
-10	-40	7.203333333333334	3467.204015249779	85.80330504351136	-0.12360687353457595	6.032794624268002	3189.7392602482837	5302.3201970105765	8938.160201271732	-4054.2460356778947
-15	40	7.203333333333334	3411.766321365079	105.46591013148205	-0.18722711330441785	6.198301774376271	3150.582977543428	5397.089232781071	9383.106816495067	-6090.296468256242
-15	20	7.203333333333334	3797.360740192702	102.95700255426722	-0.38721583153656475	5.680591381435922	5883.124111635815	35086.36705352477	9383.106816495067	-7003.347134371321
-15	10	7.203333333333334	4138.401511676739	99.64853854912582	-0.502952475797102	5.213139823533612	8185.6151831556745	85504.60280103933	9383.106816495067	-7594.275734077416
-15	5	7.203333333333334	4153.787639336711	97.54665783711758	-0.5399688836113605	4.954470427214791	9383.106816495067	109057.09476894152	9383.106816495067	-7492.939410760425
-15	2	7.203333333333334	4135.940249321274	96.1825304086992	-0.5422989548118801	4.853038911794294	9303.257358938237	108014.11841539206	9383.106816495067	-7361.4751100378835
-15	0	7.203333333333334	4124.084256148833	95.2698159555941	-0.5438579658083418	4.826588875988165	9288.15034582203	107816.84079292505	9383.106816495067	-7318.350739638093
-15	-2	7.203333333333334	4114.024075529872	94.35976644890458	-0.5426098755462381	4.833744958806476	8840.331196604484	104236.45128926302	9383.106816495067	-7303.158546881466
-15	-5	7.203333333333334	4112.136646739986	93.05111303363107	-0.5224369016607259	4.9095245200618445	8720.151907467434	103082.48702101389	9383.106816495067	-7300.332706617366
-15	-10	7.203333333333334	4078.2957656572444	91.01052968691185	-0.45347741103647077	5.133615258899346	7268.623330854104	82085.64931072135	9383.106816495067	-7205.1371283112985
-15	-20	7.203333333333334	3809.8166810497987	88.02017341082929	-0.33398086023471146	5.5770887390594766	5265.173198899895	29853.916260906022	9383.106816495067	-6728.355400465112
-15	-40	7.203333333333334	3461.4243191842947	85.78868857208586	-0.184541131255745	6.04103113359271	3150.5829775434277	5397.089232781085	9383.106816495067	-6029.0637218413285
-30	40	7.203333333333334	3381.187128502157	105.54704622110418	-0.36496614970889274	6.244410418265826	2956.02975874251	5867.961840653174	12266.815791367446	-11625.451736549641
-30	20	7.203333333333334	3723.9499745834746	103.080187600626	-0.7587625301896149	5.77054222315131	5507.3747300574005	35849.77914461093	12266.815791367446	-13191.641211934551
-30	10	7.203333333333334	4030.272143305816	99.82843312688264	-1.033402772319729	5.359707483498504	8870.695837317991	84538.33604319068	12266.815791367446	-14407.444243264017
-30	5	7.203333333333334	4119.556639587736	97.68067828900642	-1.1229920353170961	5.178789459101744	10263.743741933362	105002.20152771144	12266.815791367446	-14673.590344091766
-30	2	7.203333333333334	4137.965994024192	96.29362908866517	-1.1473259909353992	5.112764825084756	11093.217453395522	112190.28369421519	12266.815791367446	-14689.762177046588
-30	0	7.203333333333334	4140.546314948475	95.34578829784994	-1.1404664865932899	5.092095305396053	11235.737824492446	111722.24702358317	12266.815791367446	-14631.533817714508
-30	-2	7.203333333333334	4131.275709724408	94.41648077455865	-1.1158404123157029	5.087799780178926	10552.272314990034	107507.16829641673	12266.815791367446	-14501.794174281085
-30	-5	7.203333333333334	4097.11100166901	93.07370417911163	-1.0594738451045158	5.11681925566336	9398.712710585296	100081.71802763162	12266.815791367446	-14241.315671146633
-30	-10	7.203333333333334	3994.215620888521	90.96300079627837	-0.9282859472401144	5.252241064978573	8053.237232458175	84503.84008863688	12266.815791367446	-13700.318328850084
-30	-20	7.203333333333334	3720.502153107992	87.78443704740933	-0.6770755095855472	5.672403575270806	5210.551489471303	29786.299032016792	12266.815791367446	-12733.665583031057
-30	-40	7.203333333333334	3430.810700903576	85.70978624401155	-0.35962160714409774	6.085118348930356	2954.405071082578	5843.920061544541	12266.815791367446	-11506.941224800867
-60	40	7.203333333333334	3269.147948542377	105.86546880731004	-0.6538044087992734	6.420717986387977	2424.5004802023395	7154.409729252229	7840.9807469822135	-19246.804814258012
-60	20	7.203333333333334	3468.283647806209	103.51254600554404	-1.4146037399670466	6.118288255193864	4529.673733409536	43390.6098043239	7840.9807469822135	-20830.147164568054
-60	10	7.203333333333334	3645.2924322475096	100.0870518464952	-2.0813877390693434	5.925379065290437	6547.01606156085	82356.80127798954	7840.9807469822135	-22499.556578630723
-60	5	7.203333333333334	3680.1874156460235	97.99484102196139	-2.318249223375193	5.855521539223207	6783.749148962432	91869.78351151157	7840.9807469822135	-22928.138091314966
-60	2	7.203333333333334	3673.2669218179226	96.63803269683936	-2.4034962547902334	5.8253020407479426	7086.522193420729	98296.23582549872	7840.9807469822135	-22945.457362314453
-60	0	7.203333333333334	3660.5903772851434	95.68994604270486	-2.4277214088447923	5.811206674322324	7300.239682701668	101214.23804791099	7840.9807469822135	-22865.92651792977
-60	-2	7.203333333333334	3641.7727712923743	94.69755198007819	-2.4226720608529324	5.802742204771263	7548.85685689731	104775.77904256326	7840.9807469822135	-22712.491985190645
-60	-5	7.203333333333334	3607.985288022155	93.14584785690343	-2.345742487509267	5.795814160962686	7840.9807469822135	106531.26710341855	7840.9807469822135	-22341.343202870765
-60	-10	7.203333333333334	3548.4686873386295	90.59036817697087	-2.0395436910471867	5.812992274688815	7075.190668468443	94420.55784149964	7840.9807469822135	-21482.325915114554
-60	-20	7.203333333333334	3456.624000273137	87.28897217665467	-1.319780590224747	6.010420206960189	4492.250647269484	35937.27056260027	7840.9807469822135	-20273.330946696053
-60	-40	7.203333333333334	3318.7855119561614	85.40108906355412	-0.6439853525439684	6.253391006413095	2424.3338922204016	7132.018176917557	7840.9807469822135	-19041.824417902142
60	40	6.002777777777778	3167.115704512895	106.2206400107153	0.6748674633921639	6.418083285559651	2424.500480202331	7154.409729252222	7840.980746982219	18672.227558294355
60	20	6.002777777777778	3238.084284319282	104.202708787424	1.5120343807954566	6.090834255973158	4490.704996673375	43541.09254012152	7840.980746982219	19528.350047645887
60	10	6.002777777777778	3333.582848022027	100.60964521704727	2.3027977101764967	5.840622440666164	6683.187085458143	85950.96097371881	7840.980746982219	20699.97024340774
60	5	6.002777777777778	3348.141884654292	98.22729517590093	2.6064668132773576	5.771883641683348	7067.3804506457445	96999.40599755784	7840.980746982219	21099.425218496213
60	2	6.002777777777778	3332.267194225545	96.68571891873695	2.71675566534038	5.745432598151705	7266.037064787679	100693.53752880762	7840.980746982219	21106.80839661706
60	0	6.002777777777778	3314.7692014225286	95.60961922363143	2.750552226711811	5.734413166216526	7454.444443269411	103938.3067353257	7840.980746982219	21020.355612937194
60	-2	6.002777777777778	3292.883205146587	94.49039752707911	2.7478609418118856	5.7281863695171475	7592.694821641507	105541.58797379117	7840.980746982219	20859.37911257197
60	-5	6.002777777777778	3259.257115087676	92.77176251483183	2.659553557514192	5.720861621830279	7760.668440836543	105641.83316125824	7840.980746982219	20481.7853471845
60	-10	6.002777777777778	3219.610859981615	89.98788833557192	2.2992411104833277	5.742541952880548	7310.883031414912	94095.97142684166	7840.980746982219	19713.05838579617
60	-20	6.002777777777778	3237.3021979157434	86.70399540190357	1.4369319091170683	5.961987198641051	4505.979445269524	37373.365081791024	7840.980746982219	19040.834917004722
60	-40	6.002777777777778	3216.7737023321056	85.05642197084445	0.6644493954375906	6.24545866788686	2424.500480202335	7154.409729252226	7840.980746982219	18467.338795499454
30	40	6.002777777777778	3204.4620978328167	106.16637204874017	0.38509391281902383	6.230176862725174	2956.0297587425052	5867.96184065318	12266.815791367448	11050.874480585942
30	20	6.002777777777778	3320.3503044862764	104.32625031815195	0.8554683243522725	5.677693724049066	5536.023658440538	37911.188900203706	12266.815791367448	11885.87180774226
30	10	6.002777777777778	3425.3397774414984	100.84832386564342	1.2962577344947819	5.047258073392833	9407.49009540818	92908.71493554968	12266.815791367448	12489.546392525246
30	5	6.002777777777778	3444.917022536035	98.18755878859365	1.3816625940895264	4.717189454838814	12116.895640750243	114076.53075191968	12266.815791367448	12247.19548962338
30	2	6.002777777777778	3443.832638395678	96.44848145065598	1.3615436673806804	4.581649715954658	12266.815791367448	114223.53958292057	12266.815791367448	11949.948629882627
30	0	6.002777777777778	3442.6947416230937	95.29225677969215	1.3436779789258773	4.546924650600313	12129.153665061613	114014.92103703726	12266.815791367448	11832.960422682609
30	-2	6.002777777777778	3441.5568448505123	94.13526753363575	1.3258004764519258	4.558826417111874	12099.025652210916	114223.53958292057	12266.815791367448	11796.246175203296
30	-5	6.002777777777778	3437.5404984886436	92.44262508695526	1.2864647559348885	4.651122085995281	11237.626598548963	107889.31022344696	12266.815791367448	11824.01249834333
30	-10	6.002777777777778	3392.670712301671	89.80850241152496	1.1714301997427374	4.933474423708609	9375.097420501208	91784.45717264421	12266.815791367448	11810.651876806929
30	-20	6.002777777777778	3338.1707530866634	86.68726428051033	0.796616816952208	5.551351309246072	5312.441615816154	31978.46613176963	12266.815791367448	11568.65124831031
30	-40	6.002777777777778	3254.120095652026	85.10797241356906	0.3792173648979726	6.062400856394267	2956.029758742508	5867.961840653186	12266.815791367448	10932.581898232367
15	40	6.002777777777778	3214.655162120456	106.15827727600329	0.19870721038615727	6.179649426964525	3150.5829775434286	5397.089232781077	9383.106816495063	5758.564134855372
15	20	6.002777777777778	3343.31142697238	104.39264173235033	0.4404704008613454	5.568388365765344	5920.589900189263	35817.380469015436	9383.106816495063	6240.848093398024
15	10	6.002777777777778	3461.1699358272726	100.58054731541358	0.6437253506969471	4.762990230677861	9279.01544838176	106567.21789076366	9383.106816495063	6418.890292069674
15	5	6.002777777777778	3434.5301446769395	97.8488615982762	0.6530486128009118	4.368480167325609	9382.571129568627	109055.82951047165	9383.106816495063	6049.726974144664
15	2	6.002777777777778	3418.674561517915	96.20730640736483	0.6524798670841776	4.250011165665743	8992.615362658962	106059.35770528331	9383.106816495063	5915.0966584922335
15	0	6.002777777777778	3415.3825079705116	95.14848450335462	0.6395291141371797	4.224336158333138	8741.602594635187	102222.98166298488	9383.106816495063	5843.980197000614
15	-2	6.002777777777778	3414.362297634355	94.10285130349969	0.6231625212052024	4.237938461387134	8724.587924855603	102410.02393426324	9383.106816495063	5800.277558840355
15	-5	6.002777777777778	3413.153163375517	92.53017977762032	0.5988442099279934	4.329916287958082	8723.882518685663	102278.23553861128	9383.106816495063	5799.30180789721
15	-10	6.002777777777778	3430.9490359579263	90.0654517030005	0.5675210345502917	4.673491160299643	8052.486171128199	93841.27392872969	9383.106816495063	6030.825269269712
15	-20	6.002777777777778	3376.970322077043	86.73642499111693	0.40775449607948316	5.433060703050143	5616.300608121845	32092.248923151285	9383.106816495063	6078.682272133983
15	-40	6.002777777777778	3264.3131599396675	85.1154384649722	0.19568439923522027	6.013165956829302	3150.58297754343	5397.089232781081	9383.106816495063	5697.33138844045
10	40	6.002777777777778	3216.5817274756164	106.15706597434053	0.13323779233425403	6.170135347156295	3189.7392602482855	5302.320197010575	8938.160201271732	3868.4103379612625
10	20	6.002777777777778	3347.751851976958	104.40715756128235	0.2951320820509753	5.548122852791647	5994.748890172826	35197.627170060056	8938.160201271732	4198.31444666809
10	10	6.002777777777778	3463.2329306335173	100.49276677780485	0.42581537775516004	4.70078634415336	8938.160201271732	109203.15121175742	8938.160201271732	4279.2719697070725
10	5	6.002777777777778	3433.9604945514966	97.79648378087907	0.4298174540936483	4.3136816323467215	8822.81701195554	106966.12009315593	8938.160201271732	4025.8053565562595
10	2	6.002777777777778	3416.4552979519494	96.1780221006386	0.43201974492991424	4.198091895447543	8773.38437262387	105943.03602798416	8938.160201271732	3944.117941348899
10	0	6.002777777777778	3407.418199535885	95.10629356557335	0.42868038918201934	4.170444280654627	8304.526575650858	101609.61689357541	8938.160201271732	3906.1204998248036
10	-2	6.002777777777778	3406.2939509550315	94.07744027330851	0.41269206169854333	4.184857847240177	8237.385157484214	100446.49494931453	8938.160201271732	3859.7237271860804
10	-5	6.002777777777778	3406.6234518743136	92.54234746768071	0.39052921498689136	4.276441733351686	8133.078365286323	98341.48598385866	8938.160201271732	3839.9204481736906
10	-10	6.002777777777778	3431.9816938774206	90.13330243430383	0.3762689278355793	4.619862603077492	7808.394218764569	94839.8191849201	8938.160201271732	4024.970745944464
10	-20	6.002777777777778	3385.725509523868	86.75437737857455	0.2724575395135166	5.409428328947364	5643.781916147292	32300.044687857062	8938.160201271732	4088.79060464877
10	-40	6.002777777777778	3266.2397252948344	85.1165362194275	0.13121212289243947	6.003894722466249	3189.7392602482837	5302.320197010579	8938.160201271732	3827.3277552468476
5	40	6.002777777777778	3217.743563034726	106.156384255939	0.06684922345862299	6.164403287907128	3213.7192739317697	5244.281930414168	8622.846593737871	1943.0601575252178
5	20	6.002777777777778	3350.4303561439237	104.41613989241104	0.14801129690922157	5.535928731804907	6039.816573982269	34812.36011840069	8622.846593737871	2110.5568632008944
5	10	6.002777777777778	3462.8726421373713	100.43375602637421	0.21148318088919896	4.661672539910686	8622.846593737871	109454.03524013517	8622.846593737871	2136.488382344549
5	5	6.002777777777778	3433.627481513629	97.76584868864256	0.21328444198336965	4.282118025292414	8505.45815824186	105743.45012993991	8622.846593737871	2011.020703005942
5	2	6.002777777777778	3416.3223754125947	96.16566930478184	0.214364817162476	4.168829901823061	8473.104881464351	104732.16408512156	8622.846593737871	1970.8304657245874
5	0	6.002777777777778	3404.826620593283	95.09368094034106	0.21508857953119162	4.14009908830412	8466.967502736405	104540.88064338602	8622.846593737871	1958.12775283516
5	-2	6.002777777777778	3398.4632284079667	94.0449315015921	0.20754006973426378	4.1519738257905034	7964.916346825381	99298.34717899324	8622.846593737871	1932.4296741722396
5	-5	6.002777777777778	3402.925088752788	92.55170076961602	0.19140143737618381	4.245891252645432	7644.026469419304	95046.99293553464	8622.846593737871	1908.1116457197038
5	-10	6.002777777777778	3430.998034286583	90.18205782346787	0.18679184202616056	4.585196593457316	7549.368142021796	93984.44754249592	8622.846593737871	2009.560448875599
5	-20	6.002777777777778	3391.2485437409	86.76687515563283	0.13634726170295366	5.394997087848144	5644.879584686024	32440.33931870729	8622.846593737871	2055.209876800315
5	-40	6.002777777777778	3267.401560853935	85.11715026791663	0.06583324836927543	5.9983088916025205	3213.71927393177	5244.28193041417	8622.846593737871	1922.4404017720901
2	40	6.002777777777778	3218.0696712413874	106.15619949685319	0.02676550920709487	6.162795136693586	3220.4996194046466	5227.871618753645	8519.372319745116	778.2182355721172
2	20	6.002777777777778	3351.182168380681	104.41869167759654	0.05925439633149275	5.532509545337449	6052.559455196736	34703.425914106905	8519.372319745116	845.5035921400596
2	10	6.002777777777778	3462.687006484573	100.41696342189468	0.08441723800414744	4.650750186495362	8519.372319745116	109103.99279548963	8519.372319745116	854.1571195859368
2	5	6.002777777777778	3433.535374139587	97.75737434395532	0.08513396290071147	4.273450346403193	8419.0024914149	105405.27442259795	8519.372319745116	804.2142190089384
2	2	6.002777777777778	3416.2856111022506	96.16225250262617	0.08556382762914445	4.160795147790197	8391.259666116059	104397.22254853089	8519.372319745116	788.2100657489906
2	0	6.002777777777778	3404.826620593282	95.09368094034106	0.08585179386001904	4.132189187474605	8385.992973657529	104206.55084599173	8519.372319745116	783.1469567950891
2	-2	6.002777777777778	3394.238276822155	94.02376638350029	0.08489845487250164	4.141467105539143	8122.572971873626	100381.77618270418	8519.372319745116	778.5766709628914
2	-5	6.002777777777778	3402.4073871488586	92.5572820250849	0.07609039566323512	4.237860596003029	7463.450112209974	94184.50555909166	8519.372319745116	761.9461522671743
2	-10	6.002777777777778	3430.7000589745817	90.19604938837881	0.07454256404808389	4.575551345323359	7454.165613691156	93492.10002439718	8519.372319745116	803.4068077303218
2	-20	6.002777777777778	3392.8284660433887	86.77059748041023	0.05454881297907356	5.390927955858109	5643.335294920238	32481.502564140348	8519.372319745116	823.2910519210653
2	-40	6.002777777777778	3267.7276690606086	85.11731614193161	0.026358767356964626	5.996741754307136	3220.499619404646	5227.871618753647	8519.372319745116	769.961532396563
0	40	6.002777777777778	3218.131826527637	106.1561646097998	-0.00000000000000016090329625927341	6.162488664677541	3221.794398012596	5224.7378963536485	8499.807928058532	-0.000000000000517808018685173
0	20	6.002777777777778	3351.3254616306604	104.41917956036409	-0.00000000000000008825266812977084	5.5318580322900575	6054.99284300363	34682.6237768178	8499.807928058532	-0.0000000000002957634137601417
0	10	6.002777777777778	3462.6517595008204	100.41377477572195	-0.0000000000000002184759027250954	4.6486801116322605	8499.807928058532	109037.52959096986	8499.807928058532	-0.0000000000007565059689795817
0	5	6.002777777777778	3433.5178855426093	97.7557652531413	-0.000000000000000014292005844809207	4.271807654632227	8402.651371966815	105341.06437737503	8499.807928058532	-0.00000000000004907185768843192
0	2	6.002777777777778	3416.2786305948425	96.16160373979244	-0.0000000000000002719927136100453	4.159272450553663	8375.779044954883	104333.62658127285	8499.807928058532	-0.0000000000009292028951835007
0	0	6.002777777777778	3404.8266205932805	95.0936809403411	-0.00000000000000010261526497013146	4.130690182122685	8370.67674666667	104143.07103078312	8499.807928058532	-0.00000000000034938718584953676
0	-2	6.002777777777778	3393.468014295333	94.01924833765457	0.0000000000000005337365299285389	4.139464124495304	8322.260495918035	102772.95424016043	8499.807928058532	0.0000000000018112178423734804
0	-5	6.002777777777778	3402.3857069663545	92.55869979414362	-0.00000000000000019630642412086144	4.23638783280676	7440.623922407217	94099.68607513008	8499.807928058532	-0.0000000000006679101716144942
0	-10	6.002777777777778	3430.648869964062	90.19874715325712	-0.0000000000000001180561971611801	4.573722090130623	7435.66658204898	93392.90941142286	8499.807928058532	-0.00000000000040500935938325706
0	-20	6.002777777777778	3393.131003299716	86.77131734393727	-0.0000000000000001612427890356198	5.390151590794965	5642.953851410156	32489.43138598951	8499.807928058532	-0.0000000000005471179065352771
0	-40	6.002777777777778	3267.7898243468435	85.1173474349491	0.00000000000000033050624930299017	5.996443097935177	3221.7943980125965	5224.737896353652	8499.807928058532	0.0000000000010800249583553523
-2	40	6.002777777777778	3218.069671241386	106.15619949685322	-0.02676550920709515	6.16279513669359	3220.4996194046466	5227.871618753654	8519.372319745116	-778.2182355721183
-2	20	6.002777777777778	3351.1821683806816	104.4186916775966	-0.05925439633149223	5.53250954533745	6052.559455196739	34703.42591410694	8519.372319745116	-845.5035921400581
-2	10	6.002777777777778	3462.6870064845716	100.41696342189474	-0.08441723800414828	4.6507501864953635	8519.372319745116	109103.99279548964	8519.372319745116	-854.1571195859395
-2	5	6.002777777777778	3433.535374139586	97.75737434395526	-0.08513396290071092	4.273450346403194	8419.0024914149	105405.27442259798	8519.372319745116	-804.2142190089364
-2	2	6.002777777777778	3416.2856111022493	96.16225250262625	-0.08556382762914418	4.160795147790198	8391.259666116057	104397.22254853084	8519.372319745116	-788.2100657489893
-2	0	6.002777777777778	3404.8266205932814	95.09368094034112	-0.08585179386001915	4.132189187474606	8385.992973657527	104206.55084599173	8519.372319745116	-783.1469567950896
-2	-2	6.002777777777778	3394.2382768221537	94.02376638350032	-0.08489845487250185	4.141467105539146	8122.572971873625	100381.77618270415	8519.372319745116	-778.5766709628922
-2	-5	6.002777777777778	3402.407387148859	92.55728202508485	-0.07609039566323583	4.237860596003028	7463.450112209973	94184.50555909165	8519.372319745116	-761.9461522671767
-2	-10	6.002777777777778	3430.7000589745808	90.19604938837875	-0.07454256404808302	4.57555134532336	7454.165613691155	93492.10002439716	8519.372319745116	-803.4068077303186
-2	-20	6.002777777777778	3392.828466043389	86.77059748041026	-0.05454881297907355	5.39092795585811	5643.335294920237	32481.502564140388	8519.372319745116	-823.2910519210654
-2	-40	6.002777777777778	3267.7276690606095	85.11731614193158	-0.026358767356964272	5.996741754307134	3220.4996194046466	5227.87161875365	8519.372319745116	-769.9615323965619
-5	40	6.002777777777778	3217.743563034726	106.15638425593905	-0.06684922345862261	6.164403287907129	3213.7192739317697	5244.281930414174	8622.846593737871	-1943.060157525217
-5	20	6.002777777777778	3350.4303561439233	104.4161398924111	-0.14801129690922185	5.5359287318049075	6039.816573982269	34812.3601184007	8622.846593737871	-2110.556863200896
-5	10	6.002777777777778	3462.8726421373713	100.43375602637417	-0.21148318088919962	4.661672539910688	8622.846593737871	109454.03524013511	8622.846593737871	-2136.4883823445516
-5	5	6.002777777777778	3433.627481513629	97.76584868864258	-0.21328444198336963	4.282118025292415	8505.45815824186	105743.45012993997	8622.846593737871	-2011.0207030059426
-5	2	6.002777777777778	3416.3223754125947	96.1656693047819	-0.21436481716247585	4.1688299018230595	8473.104881464351	104732.16408512148	8622.846593737871	-1970.8304657245862
-5	0	6.002777777777778	3404.826620593282	95.09368094034112	-0.21508857953119156	4.140099088304122	8466.967502736405	104540.880643386	8622.846593737871	-1958.1277528351595
-5	-2	6.002777777777778	3398.4632284079685	94.04493150159212	-0.20754006973426395	4.151973825790503	7964.916346825384	99298.34717899325	8622.846593737871	-1932.4296741722414
-5	-5	6.002777777777778	3402.9250887527883	92.551700769616	-0.19140143737618381	4.245891252645433	7644.0264694193065	95046.99293553467	8622.846593737871	-1908.1116457197045
-5	-10	6.002777777777778	3430.998034286583	90.1820578234679	-0.18679184202616067	4.585196593457316	7549.368142021796	93984.44754249592	8622.846593737871	-2009.5604488755996
-5	-20	6.002777777777778	3391.2485437408995	86.76687515563286	-0.13634726170295416	5.394997087848147	5644.879584686023	32440.339318707258	8622.846593737871	-2055.209876800317
-5	-40	6.002777777777778	3267.4015608539353	85.11715026791664	-0.0658332483692748	5.99830889160252	3213.7192739317716	5244.281930414181	8622.846593737871	-1922.4404017720879
-10	40	6.002777777777778	3216.5817274756155	106.15706597434058	-0.1332377923342547	6.170135347156297	3189.7392602482855	5302.320197010573	8938.160201271732	-3868.4103379612643
-10	20	6.002777777777778	3347.751851976959	104.40715756128229	-0.29513208205097446	5.548122852791647	5994.748890172826	35197.62717006007	8938.160201271732	-4198.31444666809
-10	10	6.002777777777778	3463.232930633519	100.49276677780479	-0.42581537775515993	4.700786344153357	8938.160201271732	109203.15121175747	8938.160201271732	-4279.271969707073
-10	5	6.002777777777778	3433.9604945514957	97.7964837808791	-0.4298174540936485	4.313681632346721	8822.817011955543	106966.12009315593	8938.160201271732	-4025.805356556259
-10	2	6.002777777777778	3416.455297951951	96.17802210063861	-0.43201974492991446	4.198091895447543	8773.384372623874	105943.0360279842	8938.160201271732	-3944.1179413489012
-10	0	6.002777777777778	3407.4181995358826	95.10629356557332	-0.42868038918201934	4.170444280654629	8304.526575650858	101609.61689357542	8938.160201271732	-3906.1204998248027
-10	-2	6.002777777777778	3406.2939509550324	94.07744027330855	-0.4126920616985434	4.184857847240175	8237.38515748421	100446.49494931454	8938.160201271732	-3859.7237271860804
-10	-5	6.002777777777778	3406.6234518743136	92.54234746768064	-0.39052921498689086	4.276441733351688	8133.078365286324	98341.4859838586	8938.160201271732	-3839.92044817369
-10	-10	6.002777777777778	3431.9816938774215	90.13330243430374	-0.3762689278355788	4.619862603077492	7808.394218764571	94839.81918492017	8938.160201271732	-4024.9707459444635
-10	-20	6.002777777777778	3385.7255095238684	86.7543773785746	-0.27245753951351614	5.4094283289473655	5643.781916147291	32300.04468785705	8938.160201271732	-4088.7906046487706
-10	-40	6.002777777777778	3266.2397252948335	85.11653621942749	-0.13121212289243958	6.003894722466248	3189.739260248282	5302.320197010561	8938.160201271732	-3827.3277552468453
-15	40	6.002777777777778	3214.655162120457	106.15827727600332	-0.198707210386157	6.179649426964523	3150.5829775434286	5397.089232781077	9383.106816495067	-5758.564134855371
-15	20	6.002777777777778	3343.31142697238	104.39264173235038	-0.4404704008613463	5.568388365765343	5920.589900189261	35817.380469015436	9383.106816495067	-6240.848093398026
-15	10	6.002777777777778	3461.1699358272713	100.5805473154137	-0.6437253506969475	4.762990230677865	9279.015448381759	106567.21789076367	9383.106816495067	-6418.8902920696755
-15	5	6.002777777777778	3434.5301446769386	97.84886159827626	-0.6530486128009118	4.368480167325607	9382.571129568627	109055.82951047171	9383.106816495067	-6049.72697414466
-15	2	6.002777777777778	3418.6745615179166	96.20730640736477	-0.6524798670841772	4.250011165665745	8992.61536265896	106059.35770528326	9383.106816495067	-5915.096658492236
-15	0	6.002777777777778	3415.3825079705116	95.14848450335458	-0.6395291141371802	4.224336158333139	8741.602594635187	102222.98166298488	9383.106816495067	-5843.9801970006165
-15	-2	6.002777777777778	3414.3622976343563	94.10285130349965	-0.6231625212052024	4.237938461387133	8724.587924855603	102410.02393426326	9383.106816495067	-5800.2775588403565
-15	-5	6.002777777777778	3413.153163375515	92.53017977762032	-0.598844209927994	4.329916287958084	8723.882518685661	102278.23553861132	9383.106816495067	-5799.301807897211
-15	-10	6.002777777777778	3430.949035957927	90.06545170300052	-0.5675210345502912	4.673491160299642	8052.486171128199	93841.2739287297	9383.106816495067	-6030.8252692697115
-15	-20	6.002777777777778	3376.9703220770434	86.73642499111693	-0.407754496079483	5.433060703050142	5616.300608121843	32092.248923151277	9383.106816495067	-6078.682272133982
-15	-40	6.002777777777778	3264.3131599396675	85.11543846497219	-0.19568439923522013	6.013165956829299	3150.5829775434304	5397.089232781084	9383.106816495067	-5697.331388440448
-30	40	6.002777777777778	3204.4620978328153	106.16637204874027	-0.3850939128190246	6.230176862725177	2956.0297587425057	5867.961840653184	12266.815791367446	-11050.874480585942
-30	20	6.002777777777778	3320.350304486275	104.32625031815205	-0.8554683243522727	5.6776937240490675	5536.023658440541	37911.18890020373	12266.815791367446	-11885.871807742256
-30	10	6.002777777777778	3425.339777441498	100.8483238656435	-1.2962577344947817	5.047258073392834	9407.490095408179	92908.71493554965	12266.815791367446	-12489.546392525244
-30	5	6.002777777777778	3444.9170225360326	98.18755878859368	-1.3816625940895295	4.717189454838814	12116.895640750237	114076.53075191974	12266.815791367446	-12247.195489623382
-30	2	6.002777777777778	3443.8326383956783	96.44848145065596	-1.3615436673806796	4.581649715954658	12266.815791367446	114223.53958292055	12266.815791367446	-11949.948629882625
-30	0	6.002777777777778	3442.694741623093	95.29225677969215	-1.3436779789258788	4.546924650600314	12129.153665061614	114014.92103703726	12266.815791367446	-11832.960422682612
-30	-2	6.002777777777778	3441.5568448505105	94.13526753363584	-1.3258004764519267	4.5588264171118755	12099.025652210916	114223.53958292062	12266.815791367446	-11796.246175203296
-30	-5	6.002777777777778	3437.540498488643	92.44262508695523	-1.286464755934889	4.651122085995283	11237.626598548964	107889.31022344693	12266.815791367446	-11824.012498343334
-30	-10	6.002777777777778	3392.6707123016704	89.80850241152487	-1.171430199742738	4.933474423708608	9375.097420501208	91784.45717264422	12266.815791367446	-11810.651876806927
-30	-20	6.002777777777778	3338.1707530866643	86.68726428051029	-0.7966168169522082	5.55135130924607	5312.441615816154	31978.46613176963	12266.815791367446	-11568.65124831031
-30	-40	6.002777777777778	3254.1200956520247	85.10797241356906	-0.3792173648979724	6.062400856394269	2956.029758742506	5867.961840653178	12266.815791367446	-10932.581898232365
-60	40	6.002777777777778	3167.1157045128934	106.22064001071529	-0.6748674633921652	6.418083285559655	2424.500480202333	7154.409729252225	7840.9807469822135	-18672.22755829436
-60	20	6.002777777777778	3238.0842843192813	104.202708787424	-1.5120343807954584	6.0908342559731565	4490.704996673373	43541.0925401215	7840.9807469822135	-19528.35004764588
-60	10	6.002777777777778	3333.582848022025	100.60964521704729	-2.3027977101764985	5.8406224406661655	6683.187085458147	85950.96097371881	7840.9807469822135	-20699.970243407734
-60	5	6.002777777777778	3348.14188465429	98.22729517590099	-2.6064668132773603	5.771883641683352	7067.380450645744	96999.40599755781	7840.9807469822135	-21099.42521849622
-60	2	6.002777777777778	3332.267194225544	96.68571891873697	-2.716755665340381	5.745432598151711	7266.037064787678	100693.5375288076	7840.9807469822135	-21106.80839661707
-60	0	6.002777777777778	3314.769201422529	95.60961922363136	-2.75055222671181	5.734413166216525	7454.444443269409	103938.30673532568	7840.9807469822135	-21020.355612937194
-60	-2	6.002777777777778	3292.883205146588	94.49039752707907	-2.7478609418118842	5.728186369517145	7592.694821641509	105541.58797379122	7840.9807469822135	-20859.379112571965
-60	-5	6.002777777777778	3259.2571150876765	92.77176251483185	-2.659553557514193	5.720861621830276	7760.66844083654	105641.8331612582	7840.9807469822135	-20481.785347184497
-60	-10	6.002777777777778	3219.6108599816143	89.98788833557198	-2.2992411104833277	5.742541952880551	7310.883031414914	94095.97142684166	7840.9807469822135	-19713.058385796176
-60	-20	6.002777777777778	3237.302197915742	86.70399540190355	-1.4369319091170687	5.961987198641052	4505.979445269523	37373.36508179102	7840.9807469822135	-19040.834917004715
-60	-40	6.002777777777778	3216.7737023321056	85.05642197084448	-0.6644493954375902	6.24545866788686	2424.5004802023354	7154.4097292522265	7840.9807469822135	-18467.33879549945
60	40	4.802222222222222	3065.083460483403	106.575643413385	0.6973328359016406	6.415273173887657	2424.5004802023373	7154.409729252234	7840.980746982219	18097.65030233065
60	20	4.802222222222222	3009.6681204040333	104.89468009537967	1.6137654595214397	6.062959351928769	4410.436590958695	42165.00697641131	7840.980746982219	18231.243867020636
60	10	4.802222222222222	3017.8457799627386	101.1889237087187	2.5187678078959133	5.746056704719921	6614.488975050026	87104.21944707517	7840.980746982219	18818.12435836186
60	5	4.802222222222222	3009.984117234292	98.47665511562573	2.8955402071627776	5.674572591764421	7284.552008548957	99845.00111459782	7840.980746982219	19149.802264591144
60	2	4.802222222222222	2987.476298705279	96.71920502337396	3.030338054209702	5.651478066013883	7439.577973798683	103397.55080445322	7840.980746982219	19148.207232822075
60	0	4.802222222222222	2966.3416902262484	95.49059180535208	3.0728923640563566	5.642964718559261	7539.572601876507	105267.66364174208	7840.980746982219	19053.990257494483
60	-2	4.802222222222222	2943.727986602686	94.23187601576312	3.0684576551281624	5.636345325788741	7592.357582438411	105537.48617268007	7840.980746982219	18885.331069450076
60	-5	4.802222222222222	2912.283695148618	92.32400023814418	2.9667691368127147	5.6312421550832985	7601.297557844494	103630.26537148777	7840.980746982219	18522.6582088637
60	-10	4.802222222222222	2893.119434142279	89.3500787318926	2.5635219350400886	5.668229064468854	7365.280660302756	88941.92565225936	7840.980746982219	17910.120090919365
60	-20	4.802222222222222	3015.7716947421245	86.13212924426159	1.5676095272227726	5.9087877987168005	4513.52042003465	38090.23801154546	7840.980746982219	17795.963528901426
60	-40	4.802222222222222	3114.741458302618	84.7124712397353	0.6862153313164161	6.237038545615098	2424.500480202336	7154.409729252224	7840.980746982219	17892.761539535764
30	40	4.802222222222222	3027.7370671634767	106.78567287176112	0.40757133805241025	6.214281719349351	2956.0297587425093	5867.961840653182	12266.815791367448	10476.297224622254
30	20	4.802222222222222	2916.1307836295464	105.5627079983856	0.9675365373299669	5.568235841248907	5504.58160378189	36747.87695350193	12266.815791367448	10562.310677395379
30	10	4.802222222222222	2804.8285697288647	101.95031180922513	1.5711993307184744	4.704425565517267	9206.135563364996	93493.24404224995	12266.815791367448	10414.079740389809
30	5	4.802222222222222	2751.786649172774	98.79984510991763	1.687633388535454	4.237708437966724	11686.850595619475	109931.37799552384	12266.815791367448	9852.462812311154
30	2	4.802222222222222	2744.4842958401246	96.66350358793002	1.6698765788783032	4.069387258074736	12266.815791367446	114223.53958292062	12266.815791367448	9553.135876475975
30	0	4.802222222222222	2743.4258337322594	95.21324545175908	1.6474214305845556	4.026084709639251	12103.385283896707	113481.27510144246	12266.815791367448	9436.702206148357
30	-2	4.802222222222222	2744.897286167681	93.78423086204391	1.6201432269382259	4.0405998048461464	12006.79969378406	112122.6468936397	12266.815791367448	9396.840456006215
30	-5	4.802222222222222	2748.655389426027	91.65126396940786	1.5780635420353788	4.170931101859275	12091.839836091462	111709.75840562324	12266.815791367448	9488.65709275909
30	-10	4.802222222222222	2780.897906944062	88.5492230901371	1.4532396605029405	4.600575186975143	9233.862289232264	84731.19818490201	12266.815791367448	9896.74305743229
30	-20	4.802222222222222	2947.3176978906426	85.60602036581014	0.9345429938407127	5.404236842211453	5413.28825209326	33931.78733659881	12266.815791367448	10349.377577472193
30	-40	4.802222222222222	3077.3950649826866	84.5079629169665	0.4009946144960249	6.037127359488954	2956.029758742511	5867.961840653175	12266.815791367448	10358.004642268685
15	40	4.802222222222222	3017.544002875834	106.85082210051912	0.21168710680263128	6.158560272787096	3150.5829775434318	5397.089232781091	9383.106816495063	5426.831801454496
15	20	4.802222222222222	2889.607914400993	105.78470646556062	0.5080446301097422	5.422979501884609	5880.350505989699	35206.79652279655	9383.106816495063	5473.795268418068
15	10	4.802222222222222	2749.0515436797423	101.74040879316426	0.8084451538502393	4.286028037310491	9176.607255307365	107737.2857390237	9383.106816495063	5196.267501458107
15	5	4.802222222222222	2720.407885882375	98.33430417093685	0.8130975438175669	3.7941926914772615	9028.64804486465	106233.50407363483	9383.106816495063	4808.052287704493
15	2	4.802222222222222	2717.0543757511145	96.34505413123517	0.7857008778590379	3.6574579534962712	8787.184881811923	102410.0239342632	9383.106816495063	4634.068136402003
15	0	4.802222222222222	2716.0341654149565	95.03102433459895	0.7651811242369584	3.6272792531564004	8741.602594635187	102222.9816629849	9383.106816495063	4557.280339574164
15	-2	4.802222222222222	2715.239375258894	93.71809876604375	0.7449241999944398	3.6448270774219798	8686.194372222873	101184.28936478449	9383.106816495063	4515.150343345184
15	-5	4.802222222222222	2726.84102964101	91.85468353924237	0.7252129851016388	3.767985616906003	8309.326810493209	95733.18955904948	9383.106816495063	4569.444931651682
15	-10	4.802222222222222	2762.672978469089	88.89150300758351	0.7100076015856857	4.20454623362113	8429.844456165383	95367.5482105661	9383.106816495063	4901.068392126375
15	-20	4.802222222222222	2933.342346202982	85.4606255504851	0.4910688021893161	5.2555113266204465	5775.999644710289	33824.991689441726	9383.106816495063	5381.399755368255
15	-40	4.802222222222222	3067.2020006950484	84.44447063519334	0.2082598927210096	5.981719315725982	3150.582977543429	5397.089232781083	9383.106816495063	5365.599055039579
10	40	4.802222222222222	3015.61743752067	106.8635190386011	0.14211691539491386	6.147986176099714	3189.739260248284	5302.320197010575	8938.160201271732	3641.492057530213
10	20	4.802222222222222	2884.659995672664	105.82938945377089	0.34203616316077456	5.3952931324686615	5971.617094439256	34942.59102121066	8938.160201271732	3674.2568770869407
10	10	4.802222222222222	2744.4858952569443	101.64324014593073	0.5373512888121179	4.203476836615158	8918.729289089186	109788.12294598385	8938.160201271732	3455.620086185841
10	5	4.802222222222222	2715.762049231214	98.24918785049182	0.5410417356843348	3.721819912755019	8640.9399210721	105994.88041935145	8938.160201271732	3202.1804014297663
10	2	4.802222222222222	2708.946907655959	96.26925972448176	0.5207455287877134	3.5885622528379084	8277.013342146569	100446.49494931453	8938.160201271732	3077.313652160306
10	0	4.802222222222222	2707.946258027716	94.97654668494026	0.5004611855972275	3.561172557300676	8248.367765731553	100263.03887894668	8938.160201271732	3009.203060316615
10	-2	4.802222222222222	2709.654568441609	93.70576581605427	0.4842747522345672	3.5821875079947505	7991.103121274683	96048.85407356365	8938.160201271732	2977.796195122404
10	-5	4.802222222222222	2724.8545001894163	91.89971009400473	0.47766180480393367	3.707025556687806	7755.769072138135	93597.28086314246	8938.160201271732	3035.8238364681215
10	-10	4.802222222222222	2760.9232724148374	88.99874443312976	0.46766523419426953	4.129390320723769	7873.8876088447005	94825.71110130798	8938.160201271732	3251.3224743517176
10	-20	4.802222222222222	2931.1717854923436	85.43425843730463	0.3308342432235823	5.226488637761951	5870.929457795606	33933.73449927016	8938.160201271732	3615.2438356953076
10	-40	4.802222222222222	3065.275435339889	84.43209431939142	0.13981459652549388	5.971205374418722	3189.7392602482846	5302.320197010578	8938.160201271732	3600.4094748157995
5	40	4.802222222222222	3014.4556019615675	106.87123521625367	0.0713573815245048	6.141602822309902	3213.7192739317716	5244.281930414176	8622.846593737871	1827.850727188696
5	20	4.802222222222222	2881.785027963819	105.85706816794499	0.17204461863125614	5.378771642595843	6034.580938953382	34770.43690418638	8622.846593737871	1844.8633711333036
5	10	4.802222222222222	2743.615006581817	101.56893502533597	0.2669249583547787	4.153687025649841	8622.846593737871	109454.03524013514	8622.846593737871	1722.789682785885
5	5	4.802222222222222	2714.3717775255186	98.20631818855294	0.26979600574198265	3.681021355697439	8502.124660066622	105734.86529249423	8622.846593737871	1600.370530073808
5	2	4.802222222222222	2701.1586671030364	96.20564608564324	0.26237106272178445	3.54529971337159	8008.842953452472	100042.77335946063	8622.846593737871	1540.6487709699243
5	0	4.802222222222222	2700.2315148167727	94.92447745561802	0.24245710724481748	3.520254869479795	7893.439627519401	97174.89927527627	8622.846593737871	1480.6582138907668
5	-2	4.802222222222222	2708.71050073435	93.71476250233299	0.2394102670948345	3.5486630044880236	7503.018736605313	93555.76403778621	8622.846593737871	1483.792603257356
5	-5	4.802222222222222	2723.411303738479	91.92284971777013	0.23764793303082435	3.6719556782369507	7491.079312380418	92797.86813711496	8622.846593737871	1516.3290590155327
5	-10	4.802222222222222	2760.0393650845176	89.0630338105206	0.23211715152064746	4.0859132842567	7542.828274931302	93749.38060281043	8622.846593737871	1621.0944453264021
5	-20	4.802222222222222	2930.083612917799	85.41954243920095	0.1664777469077871	5.20861884167548	5939.801590216197	34096.65888996154	8622.846593737871	1816.0813312095145
5	-40	4.802222222222222	3064.113599780777	84.42457264996214	0.07020094114436372	5.964858440410152	3213.7192739317725	5244.281930414173	8622.846593737871	1807.2309714355695
2	40	4.802222222222222	3014.129493754897	106.87340902946765	0.02857650064243938	6.139810234996673	3220.4996194046453	5227.871618753646	8519.372319745116	731.9372799622045
2	20	4.802222222222222	2881.017010061293	105.86499596557768	0.06892433714838239	5.37421279055823	6052.506682829007	34703.07816794285	8519.372319745116	738.8070567036239
2	10	4.802222222222222	2743.4293709290137	101.54781663816134	0.10654929784516147	4.139947971180586	8519.372319745116	109103.99279548955	8519.372319745116	688.5088437918024
2	5	4.802222222222222	2714.277738584032	98.19560738070702	0.1076936486657295	3.670075307193157	8419.0024914149	105405.27442259798	8519.372319745116	639.7873611806865
2	2	4.802222222222222	2697.6765891130653	96.1810906245978	0.10687669380529033	3.5318481993384725	8142.130330885774	102921.111541151	8519.372319745116	620.6579922026767
2	0	4.802222222222222	2699.1931694377245	94.91812671466447	0.0958966462289542	3.5103237345084293	7425.872759770306	93086.24114952424	8519.372319745116	589.3600836475227
2	-2	4.802222222222222	2708.680063574985	93.71859747503974	0.0955607773520326	3.5396971849121366	7430.537669522433	93256.56549035369	8519.372319745116	593.2990275284883
2	-5	4.802222222222222	2722.9800186809043	91.92884341783801	0.09503642647360735	3.662298286318482	7447.368961295462	93731.72365824509	8519.372319745116	606.6551685465688
2	-10	4.802222222222222	2759.7949108744074	89.08082301088395	0.09265689056795358	4.073970215777612	7452.6972484667185	93449.56285047701	8519.372319745116	647.9445294147396
2	-20	4.802222222222222	2929.8269387243777	85.41571322705073	0.06670440557107797	5.203528392414544	5956.767624937444	34148.571585316065	8519.372319745116	727.3714136190374
2	-40	4.802222222222222	3063.7874915741186	84.42245358833746	0.02811333150604074	5.963076094833195	3220.499619404646	5227.871618753652	8519.372319745116	723.6805767866513
0	40	4.802222222222222	3014.0673384686606	106.87382375051935	-0.0000000000000006291368815347004	6.139468528998662	3221.7943980125965	5224.737896353649	8499.807928058532	-0.0000000000018962609260597674
0	20	4.802222222222222	2880.87370336564	105.86651705774271	-0.00000000000000007522562830631839	5.37335048653355	6054.99284300363	34682.62377681778	8499.807928058532	-0.00000000000021671553440683056
0	10	4.802222222222222	2743.394123945266	101.54380652819596	-0.00000000000000011056119413545999	4.137344030106321	8499.807928058528	109037.5295909698	8499.807928058532	-0.00000000000030331293032759277
0	5	4.802222222222222	2714.260249987053	98.19357471710815	0.0000000000000001216465250615141	3.6680011627824696	8402.651371966815	105341.06437737503	8499.807928058532	0.00000000000033018032752352156
0	2	4.802222222222222	2697.0292357623493	96.1771031536932	-0.000000000000000376739005519062	3.529277266486945	8353.795881713138	104272.59762622022	8499.807928058532	-0.0000000000010160761121369433
0	0	4.802222222222222	2699.1931694377263	94.91812671466444	-0.00000000000000010003220319540285	3.50864934216943	7412.310101996668	93029.53552652206	8499.807928058532	-0.00000000000027000623958883807
0	-2	4.802222222222222	2708.674284415405	93.71932563811572	0.0000000000000002308426712899656	3.5379980400686017	7416.828233360445	93199.75611036504	8499.807928058532	0.0000000000006252776074688882
0	-5	4.802222222222222	2722.9466574108	91.93045584476346	-0.00000000000000030269765705416387	3.660466716340556	7440.623922407209	94099.68607512995	8499.807928058532	-0.0000000000008242295734817162
0	-10	4.802222222222222	2759.74849590268	89.08420103515996	0.000000000000000028643146094896427	4.071706587655428	7435.655619547276	93392.63590091675	8499.807928058532	0.00000000000007904787935331115
0	-20	4.802222222222222	2929.7804154654286	85.41499859433586	-0.0000000000000006178304728210491	5.202554565808776	5959.845777253606	34158.64043928833	8499.807928058532	-0.0000000000018101076193488554
0	-40	4.802222222222222	3063.7253362878687	84.42204931056264	0.0000000000000007978087924736477	5.962736341841402	3221.7943980125947	5224.737896353651	8499.807928058532	0.0000000000024442670110147446
-2	40	4.802222222222222	3014.129493754898	106.87340902946761	-0.028576500642439828	6.139810234996672	3220.4996194046444	5227.871618753645	8519.372319745116	-731.9372799622059
-2	20	4.802222222222222	2881.0170100612936	105.8649959655776	-0.06892433714838286	5.374212790558228	6052.506682829007	34703.07816794287	8519.372319745116	-738.8070567036249
-2	10	4.802222222222222	2743.4293709290164	101.54781663816128	-0.10654929784516101	4.139947971180582	8519.372319745116	109103.99279548958	8519.372319745116	-688.5088437918015
-2	5	4.802222222222222	2714.2777385840304	98.1956073807071	-0.10769364866572954	3.6700753071931596	8419.0024914149	105405.27442259798	8519.372319745116	-639.7873611806865
-2	2	4.802222222222222	2697.6765891130644	96.18109062459784	-0.10687669380529054	3.531848199338473	8142.130330885775	102921.11154115105	8519.372319745116	-620.6579922026771
-2	0	4.802222222222222	2699.193169437727	94.91812671466441	-0.0958966462289543	3.510323734508427	7425.872759770308	93086.2411495243	8519.372319745116	-589.3600836475233
-2	-2	4.802222222222222	2708.6800635749864	93.7185974750397	-0.09556077735203272	3.5396971849121375	7430.537669522433	93256.56549035369	8519.372319745116	-593.299027528489
-2	-5	4.802222222222222	2722.9800186809043	91.92884341783802	-0.09503642647360719	3.662298286318482	7447.368961295462	93731.72365824507	8519.372319745116	-606.6551685465683
-2	-10	4.802222222222222	2759.7949108744074	89.0808230108839	-0.09265689056795338	4.073970215777611	7452.697248466718	93449.56285047706	8519.372319745116	-647.9445294147389
-2	-20	4.802222222222222	2929.82693872438	85.4157132270507	-0.06670440557107808	5.203528392414542	5956.767624937447	34148.57158531612	8519.372319745116	-727.3714136190381
-2	-40	4.802222222222222	3063.7874915741195	84.42245358833745	-0.028113331506040493	5.963076094833194	3220.4996194046453	5227.871618753646	8519.372319745116	-723.6805767866506
-5	40	4.802222222222222	3014.4556019615684	106.87123521625364	-0.071357381524505	6.141602822309899	3213.7192739317725	5244.2819304141885	8622.846593737871	-1827.8507271886965
-5	20	4.802222222222222	2881.7850279638187	105.85706816794507	-0.17204461863125572	5.378771642595846	6034.580938953379	34770.436904186376	8622.846593737871	-1844.863371133303
-5	10	4.802222222222222	2743.6150065818156	101.56893502533603	-0.26692495835477836	4.153687025649842	8622.846593737871	109454.03524013514	8622.846593737871	-1722.7896827858833
-5	5	4.802222222222222	2714.371777525519	98.20631818855293	-0.2697960057419828	3.6810213556974363	8502.124660066625	105734.86529249426	8622.846593737871	-1600.370530073808
-5	2	4.802222222222222	2701.158667103037	96.20564608564328	-0.26237106272178423	3.5452997133715862	8008.84295345247	100042.77335946063	8622.846593737871	-1540.6487709699231
-5	0	4.802222222222222	2700.2315148167727	94.92447745561799	-0.2424571072448169	3.520254869479797	7893.439627519402	97174.89927527629	8622.846593737871	-1480.6582138907654
-5	-2	4.802222222222222	2708.7105007343494	93.71476250233302	-0.23941026709483443	3.548663004488025	7503.018736605314	93555.76403778626	8622.846593737871	-1483.792603257356
-5	-5	4.802222222222222	2723.411303738478	91.92284971777019	-0.23764793303082368	3.6719556782369485	7491.079312380417	92797.86813711499	8622.846593737871	-1516.32905901553
-5	-10	4.802222222222222	2760.0393650845185	89.06303381052057	-0.23211715152064796	4.0859132842567	7542.828274931303	93749.38060281047	8622.846593737871	-1621.0944453264037
-5	-20	4.802222222222222	2930.0836129177987	85.41954243920094	-0.16647774690778702	5.208618841675481	5939.801590216197	34096.658889961574	8622.846593737871	-1816.0813312095145
-5	-40	4.802222222222222	3064.113599780777	84.42457264996214	-0.07020094114436264	5.964858440410151	3213.7192739317725	5244.281930414174	8622.846593737871	-1807.230971435566
-10	40	4.802222222222222	3015.6174375206697	106.8635190386011	-0.14211691539491444	6.147986176099718	3189.7392602482837	5302.3201970105665	8938.160201271732	-3641.4920575302167
-10	20	4.802222222222222	2884.6599956726636	105.82938945377089	-0.34203616316077384	5.395293132468661	5971.617094439258	34942.59102121069	8938.160201271732	-3674.2568770869375
-10	10	4.802222222222222	2744.4858952569434	101.64324014593075	-0.5373512888121178	4.203476836615156	8918.729289089186	109788.12294598378	8938.160201271732	-3455.6200861858388
-10	5	4.802222222222222	2715.7620492312144	98.24918785049172	-0.5410417356843346	3.7218199127550187	8640.9399210721	105994.88041935148	8938.160201271732	-3202.180401429766
-10	2	4.802222222222222	2708.9469076559585	96.26925972448173	-0.520745528787713	3.588562252837907	8277.013342146573	100446.49494931454	8938.160201271732	-3077.3136521603033
-10	0	4.802222222222222	2707.9462580277163	94.97654668494027	-0.5004611855972274	3.5611725573006754	8248.367765731557	100263.03887894673	8938.160201271732	-3009.2030603166145
-10	-2	4.802222222222222	2709.654568441607	93.7057658160543	-0.4842747522345676	3.5821875079947536	7991.103121274686	96048.85407356365	8938.160201271732	-2977.7961951224042
-10	-5	4.802222222222222	2724.854500189416	91.89971009400475	-0.4776618048039338	3.707025556687805	7755.769072138135	93597.2808631424	8938.160201271732	-3035.823836468121
-10	-10	4.802222222222222	2760.9232724148387	88.99874443312973	-0.4676652341942691	4.129390320723767	7873.8876088447005	94825.71110130801	8938.160201271732	-3251.322474351717
-10	-20	4.802222222222222	2931.171785492345	85.43425843730462	-0.3308342432235829	5.226488637761951	5870.929457795608	33933.734499270155	8938.160201271732	-3615.243835695311
-10	-40	4.802222222222222	3065.275435339889	84.43209431939142	-0.13981459652549372	5.971205374418721	3189.7392602482837	5302.320197010567	8938.160201271732	-3600.409474815798
-15	40	4.802222222222222	3017.544002875834	106.85082210051914	-0.2116871068026316	6.158560272787102	3150.5829775434313	5397.0892327810825	9383.106816495067	-5426.831801454501
-15	20	4.802222222222222	2889.607914400993	105.7847064655606	-0.5080446301097433	5.42297950188461	5880.350505989699	35206.79652279654	9383.106816495067	-5473.795268418073
-15	10	4.802222222222222	2749.0515436797414	101.74040879316428	-0.8084451538502389	4.286028037310489	9176.607255307366	107737.28573902376	9383.106816495067	-5196.267501458103
-15	5	4.802222222222222	2720.4078858823755	98.33430417093686	-0.8130975438175676	3.794192691477263	9028.648044864654	106233.50407363485	9383.106816495067	-4808.052287704497
-15	2	4.802222222222222	2717.054375751115	96.3450541312351	-0.785700877859038	3.6574579534962703	8787.184881811925	102410.02393426324	9383.106816495067	-4634.068136402004
-15	0	4.802222222222222	2716.0341654149543	95.03102433459902	-0.7651811242369585	3.627279253156403	8741.602594635186	102222.98166298491	9383.106816495067	-4557.280339574163
-15	-2	4.802222222222222	2715.239375258894	93.7180987660438	-0.744924199994439	3.6448270774219784	8686.194372222873	101184.28936478453	9383.106816495067	-4515.150343345182
-15	-5	4.802222222222222	2726.8410296410098	91.85468353924237	-0.7252129851016391	3.7679856169060026	8309.326810493209	95733.18955904954	9383.106816495067	-4569.444931651682
-15	-10	4.802222222222222	2762.6729784690897	88.8915030075835	-0.7100076015856858	4.204546233621129	8429.844456165385	95367.54821056615	9383.106816495067	-4901.068392126377
-15	-20	4.802222222222222	2933.3423462029805	85.46062555048508	-0.49106880218931576	5.255511326620446	5775.99964471029	33824.991689441726	9383.106816495067	-5381.399755368251
-15	-40	4.802222222222222	3067.2020006950474	84.44447063519333	-0.20825989272100984	5.981719315725982	3150.5829775434286	5397.089232781077	9383.106816495067	-5365.599055039578
-30	40	4.802222222222222	3027.7370671634776	106.78567287176115	-0.40757133805241125	6.214281719349348	2956.0297587425093	5867.961840653188	12266.815791367446	-10476.297224622256
-30	20	4.802222222222222	2916.1307836295455	105.56270799838562	-0.9675365373299671	5.568235841248909	5504.5816037818895	36747.87695350194	12266.815791367446	-10562.31067739538
-30	10	4.802222222222222	2804.828569728865	101.95031180922511	-1.5711993307184766	4.704425565517268	9206.135563364998	93493.24404224992	12266.815791367446	-10414.079740389816
-30	5	4.802222222222222	2751.7866491727737	98.79984510991763	-1.687633388535454	4.237708437966722	11686.850595619475	109931.37799552381	12266.815791367446	-9852.46281231115
-30	2	4.802222222222222	2744.4842958401223	96.66350358793005	-1.669876578878305	4.069387258074734	12266.815791367446	114223.53958292055	12266.815791367446	-9553.13587647597
-30	0	4.802222222222222	2743.42583373226	95.21324545175904	-1.6474214305845558	4.0260847096392505	12103.385283896709	113481.27510144246	12266.815791367446	-9436.702206148357
-30	-2	4.802222222222222	2744.897286167681	93.78423086204393	-1.6201432269382254	4.040599804846144	12006.799693784065	112122.6468936397	12266.815791367446	-9396.840456006212
-30	-5	4.802222222222222	2748.655389426028	91.65126396940782	-1.5780635420353777	4.170931101859274	12091.839836091463	111709.75840562324	12266.815791367446	-9488.65709275909
-30	-10	4.802222222222222	2780.8979069440634	88.54922309013705	-1.4532396605029394	4.600575186975139	9233.86228923226	84731.19818490198	12266.815791367446	-9896.743057432286
-30	-20	4.802222222222222	2947.317697890644	85.6060203658101	-0.9345429938407128	5.40423684221145	5413.288252093258	33931.78733659882	12266.815791367446	-10349.377577472194
-30	-40	4.802222222222222	3077.395064982686	84.5079629169665	-0.40099461449602436	6.037127359488952	2956.029758742512	5867.961840653179	12266.815791367446	-10358.00464226868
-60	40	4.802222222222222	3065.083460483403	106.57564341338495	-0.6973328359016406	6.415273173887658	2424.5004802023395	7154.409729252236	7840.9807469822135	-18097.65030233065
-60	20	4.802222222222222	3009.6681204040337	104.89468009537968	-1.613765459521441	6.0629593519287726	4410.436590958694	42165.00697641132	7840.9807469822135	-18231.24386702065
-60	10	4.802222222222222	3017.8457799627377	101.18892370871873	-2.518767807895914	5.746056704719924	6614.488975050026	87104.21944707516	7840.9807469822135	-18818.124358361863
-60	5	4.802222222222222	3009.984117234291	98.47665511562576	-2.895540207162779	5.674572591764425	7284.552008548962	99845.0011145979	7840.9807469822135	-19149.80226459115
-60	2	4.802222222222222	2987.476298705278	96.71920502337397	-3.0303380542097025	5.651478066013884	7439.577973798679	103397.55080445317	7840.9807469822135	-19148.20723282207
-60	0	4.802222222222222	2966.3416902262484	95.49059180535208	-3.072892364056358	5.64296471855926	7539.5726018765035	105267.66364174207	7840.9807469822135	-19053.990257494486
-60	-2	4.802222222222222	2943.727986602686	94.23187601576316	-3.0684576551281615	5.6363453257887475	7592.35758243841	105537.48617268007	7840.9807469822135	-18885.331069450087
-60	-5	4.802222222222222	2912.283695148618	92.3240002381442	-2.9667691368127134	5.631242155083299	7601.297557844497	103630.26537148783	7840.9807469822135	-18522.6582088637
-60	-10	4.802222222222222	2893.1194341422793	89.3500787318926	-2.563521935040088	5.668229064468856	7365.280660302755	88941.92565225941	7840.9807469822135	-17910.120090919376
-60	-20	4.802222222222222	3015.7716947421254	86.13212924426163	-1.5676095272227724	5.9087877987168005	4513.520420034649	38090.23801154546	7840.9807469822135	-17795.96352890143
-60	-40	4.802222222222222	3114.7414583026175	84.71247123973532	-0.686215331316415	6.2370385456150945	2424.500480202336	7154.4097292522265	7840.9807469822135	-17892.76153953575
60	40	3.6016666666666666	2963.051216453915	106.93046168073627	0.7213453921772085	6.412269530630198	2424.5004802023377	7154.409729252236	7840.980746982219	17523.073046366964
60	20	3.6016666666666666	2785.330647730338	105.57843077999424	1.719602301183363	6.032481664743081	4273.8650255593175	39771.56977823494	7840.980746982219	16946.184291949758
60	10	3.6016666666666666	2701.146956462591	101.82223507429813	2.730183979772459	5.6432426059987275	6429.026225126987	87100.4170693889	7840.980746982219	16888.336402184326
60	5	3.6016666666666666	2668.1632656801144	98.76610424764897	3.1793456250606207	5.556673512797343	7472.944637473936	102004.43561973247	7840.980746982219	17081.296360830387
60	2	3.6016666666666666	2639.707906849	96.73743514799362	3.3421735814547846	5.536805953741732	7561.609248531864	105142.46593874425	7840.980746982219	17068.618998647282
60	0	3.6016666666666666	2617.1955879609477	95.33333478580263	3.3903504407077145	5.528279975687814	7545.246658923611	105348.8261954949	7840.980746982219	16966.771571029032
60	-2	3.6016666666666666	2594.924230806255	93.90723251196648	3.38224892819006	5.5206071185850405	7529.360678760598	104702.35094056389	7840.980746982219	16794.636291109615
60	-5	3.6016666666666666	2568.513109246215	91.78782683791684	3.2658934238081256	5.523632699463821	7396.0405662285175	100623.32904664087	7840.980746982219	16481.000370338625
60	-10	3.6016666666666666	2575.8911149347273	88.69361559952233	2.8277805097431354	5.58572079811596	7061.50494377134	79652.24961371516	7840.980746982219	16102.58148537258
60	-20	3.6016666666666666	2793.2768176381082	85.57234463868804	1.711878298191563	5.8517932852483	4518.891114260992	37867.50422466146	7840.980746982219	16546.647827476863
60	-40	3.6016666666666666	3012.709214273128	84.36945124006913	0.7094555729600314	6.228048090191821	2424.5004802023377	7154.40972925223	7840.980746982219	17318.18428357207
30	40	3.6016666666666666	2851.0120364941395	107.4049440403009	0.4328353693140346	6.196415998743668	2956.029758742513	5867.961840653186	12266.815791367448	9901.719968658575
30	20	3.6016666666666666	2516.634820073328	106.75566966338592	1.1020549206504262	5.433028846978567	5414.212493813372	34740.62001111779	12266.815791367448	9238.370079504948
30	10	3.6016666666666666	2200.767984226406	103.14389872972424	1.8369469364619182	4.329132377601918	8434.931903578457	87463.20905959215	12266.815791367448	8264.783677397965
30	5	3.6016666666666666	2088.9324773613516	99.53903435612843	2.0770452661447503	3.7841609565448575	9516.288673382249	100132.78227988271	12266.815791367448	7709.9457163742845
30	2	3.6016666666666666	2055.429094824464	96.95329302329294	2.1482018190096097	3.604207253680373	10505.614894546537	106156.44936978971	12266.815791367448	7528.01106293039
30	0	3.6016666666666666	2048.970906926913	95.11688095633662	2.1437193552622476	3.5573773058683855	11232.048076031813	110212.21788470513	12266.815791367448	7448.427386679216
30	-2	3.6016666666666666	2052.399346009967	93.22827895725392	2.101121945284144	3.5748429512729407	11250.144582690016	110212.50809517283	12266.815791367448	7403.09978876176
30	-5	3.6016666666666666	2075.8945200189123	90.57794839822861	2.012420200280457	3.7380344429491448	10178.748479043095	100256.2608573066	12266.815791367448	7497.766142949003
30	-10	3.6016666666666666	2198.1811952810713	87.30089565053937	1.7628347739074157	4.245151505019626	8626.671691564141	72708.2053504672	12266.815791367448	8021.680741998281
30	-20	3.6016666666666666	2552.4622995398754	84.55019462934256	1.093723581282804	5.225310208614935	5443.1895927570495	33252.84601777941	12266.815791367448	9086.376562448922
30	-40	3.6016666666666666	2900.670034313348	83.91033323802917	0.4254254476162161	6.008774257207723	2956.029758742507	5867.961840653183	12266.815791367448	9783.427386304997
15	40	3.6016666666666666	2820.4328436312144	107.54358185751332	0.22648125129475263	6.1345234096175645	3150.5829775434295	5397.089232781087	9383.106816495063	5095.099468053625
15	20	3.6016666666666666	2439.2838487948934	107.11369875688239	0.5915069049571439	5.2315983974246505	5782.430283532341	33892.39182252296	9383.106816495063	4696.570528196417
15	10	3.6016666666666666	2066.6433532974124	103.3048358369438	0.9939821638835836	3.8388963346098137	7861.957507250393	90488.20012063184	9383.106816495063	4037.5856743547793
15	5	3.6016666666666666	2019.2800266454872	99.26165956647795	1.0467447674957668	3.2539063513624704	8874.478330089822	103082.48702101386	9383.106816495063	3742.2322019715007
15	2	3.6016666666666666	2017.7060331955593	96.60167880602721	1.0055050147228057	3.072788755904885	8787.184881811927	102410.02393426334	9383.106816495063	3564.357434850401
15	0	3.6016666666666666	2020.1247241534018	94.86785932048109	0.9839997613215962	3.0376555378610153	8370.943610382581	96566.59650607372	9383.106816495063	3508.2978593088474
15	-2	3.6016666666666666	2032.3072446223425	93.24223990544978	0.9724766076694829	3.075513056580996	8182.136764593725	94514.29827295402	9383.106816495063	3526.747352956884
15	-5	3.6016666666666666	2051.9443593276055	90.84737354075365	0.9564648663530271	3.242308520952273	8221.503816205977	93972.2357134014	9383.106816495063	3617.670882518482
15	-10	3.6016666666666666	2113.2384112440623	87.29920362116512	0.9060850802806723	3.775872692959421	7831.494407390594	75889.45395163294	9383.106816495063	3914.7292392683075
15	-20	3.6016666666666666	2483.64746301947	84.23666088714111	0.5898541888208584	5.022301908359435	5838.349995513244	34412.83278993171	9383.106816495063	4643.4838715315
15	-40	3.6016666666666666	2870.0908414504247	83.77625530723627	0.22256269745650492	5.945953310376276	3150.582977543427	5397.089232781078	9383.106816495063	5033.866721638704
10	40	3.6016666666666666	2814.6531475657257	107.57024886718614	0.15226396495859684	6.122674134024136	3189.739260248282	5302.320197010569	8938.160201271732	3414.573777099164
10	20	3.6016666666666666	2423.982546009249	107.18236587905434	0.4003017504583936	5.190135196336799	5872.760828963122	33944.24645826246	8938.160201271732	3140.2155422119317
10	10	3.6016666666666666	2045.0501075216275	103.35248045211137	0.6776245634690267	3.751148621880742	7938.965669309307	93382.91524871018	8938.160201271732	2696.8281215323364
10	5	3.6016666666666666	2011.1048905447826	99.12062873522889	0.6902499396245955	3.1538874322711137	8353.62742078334	101416.39888933602	8938.160201271732	2468.491073580236
10	2	3.6016666666666666	2010.4383835952653	96.50759791817802	0.651020521755424	2.9837702921258495	7978.743163192931	96796.59434833823	8938.160201271732	2330.6134242665544
10	0	3.6016666666666666	2019.7541198821698	94.86485885568607	0.6471036486541117	2.9624413231881834	7760.669760209096	94464.66606500091	8938.160201271732	2326.141180417847
10	-2	3.6016666666666666	2030.9126596444835	93.25909944412682	0.6408646446155062	2.9999238569568702	7717.988244776686	92702.15569321378	8938.160201271732	2339.732795014865
10	-5	3.6016666666666666	2051.0660453836185	90.91987200195788	0.6295204642413729	3.162276578134911	7717.765964391963	91618.51887480593	8938.160201271732	2397.8607003693746
10	-10	3.6016666666666666	2103.380567053682	87.33511784158614	0.6039420944283099	3.6900609521400525	7616.216635709077	77441.09366253742	8938.160201271732	2598.809178412929
10	-20	3.6016666666666666	2470.5739194582006	84.17069671596445	0.39926902934788605	4.9833338064650965	5963.897133267107	34849.84595789532	8938.160201271732	3109.3409788743766
10	-40	3.6016666666666666	2864.3111453849406	83.75046912466152	0.14962419460681767	5.933928960730615	3189.7392602482846	5302.320197010572	8938.160201271732	3373.4911943847455
5	40	3.6016666666666666	2811.1676408884114	107.58640291534509	0.07651754927353739	6.115504751763501	3213.719273931774	5244.281930414176	8622.846593737871	1712.6412968521788
5	20	3.6016666666666666	2414.4519420240376	107.223538284569	0.20202026394983186	5.164025607374198	5939.3606046803625	34089.22412334794	8622.846593737871	1572.5953333955663
5	10	3.6016666666666666	2032.3770379716518	103.39772181088844	0.34442481624231464	3.700234188259064	8099.372225593465	96504.7148600446	8622.846593737871	1352.772176973904
5	5	3.6016666666666666	2003.3728166609142	99.01655263758082	0.34197240552152586	3.0912181492053588	8037.3657836466855	100953.68252105748	8622.846593737871	1222.2347388212638
5	2	3.6016666666666666	2010.2367885855483	96.48608991104926	0.32259538187025705	2.9394705935434304	7503.018736605312	93555.7640377862	8622.846593737871	1161.0314588549181
5	0	3.6016666666666666	2019.7541198821707	94.86485885568605	0.32107527251942214	2.9194356301438495	7497.576438942342	93384.89323896644	8622.846593737871	1159.942902419426
5	-2	3.6016666666666666	2029.654270081556	93.26356736925017	0.3188415507960548	2.9561312580599663	7455.5778202767315	91642.52913591119	8622.846593737871	1167.6034293484634
5	-5	3.6016666666666666	2050.627517064896	90.96321741689529	0.3124177697166034	3.1161849901499665	7440.4860385238335	90571.19663942861	8622.846593737871	1195.1515343968733
5	-10	3.6016666666666666	2098.5925227662806	87.36601215050592	0.30141663318799194	3.6388538251250084	7421.105603739806	78394.85477972441	8622.846593737871	1295.7059856403293
5	-20	3.6016666666666666	2462.74760978853	84.12802497502656	0.20131428468321952	4.960392193889798	6034.331688565047	34768.50547549559	8622.846593737871	1558.611120253091
5	-40	3.6016666666666666	2860.825638707616	83.73484924262394	0.07518936336680362	5.926654065086324	3213.7192739317707	5244.281930414165	8622.846593737871	1692.0215410990475
2	40	3.6016666666666666	2810.189316268409	107.59094689475279	0.030650345482437565	6.1134892271488726	3220.4996194046435	5227.871618753651	8519.372319745116	685.6563243522934
2	20	3.6016666666666666	2411.711718760419	107.23499363503002	0.08101260980173071	5.156479286632295	5955.149637227243	34137.33337557197	8519.372319745116	629.2681409600513
2	10	3.6016666666666666	2028.53435166473	103.41921581561793	0.13821776355173537	3.686863303507381	8158.439507230397	97016.62538247764	8519.372319745116	541.219534895207
2	5	3.6016666666666666	2000.0217540498325	98.97874732182646	0.13583269678110546	3.07203311403183	7854.794997696009	101064.85472420492	8519.372319745116	485.93000682616355
2	2	3.6016666666666666	2010.2672257449099	96.48088062080443	0.12876077824790874	2.9274521591135554	7430.5376695224295	93256.5654903537	8519.372319745116	464.06807352736405
2	0	3.6016666666666666	2019.7541198821702	94.86485885568604	0.1281559819213438	2.90762805965371	7425.872759770308	93086.24114952426	8519.372319745116	463.6399482151827
2	-2	3.6016666666666666	2029.2410140194277	93.26394720050861	0.12755684055511593	2.944041401193387	7430.537669522433	93256.56549035366	8519.372319745116	467.18140276167134
2	-5	3.6016666666666666	2050.5062255192693	90.97520950785903	0.12470774866331835	3.103526018430819	7364.948944857149	90281.54296511087	8519.372319745116	477.65163787419846
2	-10	3.6016666666666666	2097.3781481221804	87.37577188410754	0.12048308445159193	3.624593181339182	7360.842001249457	78658.49655599175	8519.372319745116	517.8555997049814
2	-20	3.6016666666666666	2460.5098009111257	84.11554919867378	0.08070365453099176	4.953999403926659	6052.4874763975195	34702.95177657484	8519.372319745116	623.8538399269645
2	-40	3.6016666666666666	2859.847314087632	83.73045559913166	0.030118137073398728	5.924608933870348	3220.4996194046466	5227.871618753654	8519.372319745116	677.3996211767392
0	40	3.6016666666666666	2810.0028504096845	107.59181345249844	-0.00000000000000035621923972643077	6.1131049147167795	3221.7943980125983	5224.7378963536485	8499.807928058532	-0.0000000000010009770790020411
0	20	3.6016666666666666	2411.1862435430453	107.23717136624865	0.00000000000000012450481859813372	5.155030274691375	5957.958602988611	34146.670759334964	8499.807928058532	0.00000000000030020430585864233
0	10	3.6016666666666666	2027.7830434341176	103.42383225190439	-0.0000000000000002991571818392586	3.6843738412091875	8155.30007817455	96867.91472110458	8499.807928058532	-0.0000000000006066258606551855
0	5	3.6016666666666666	1999.2878920365713	98.97066265797906	0.00000000000000002954245116239514	3.068242283548285	7791.30850879214	101008.98916311526	8499.807928058532	0.00000000000005906386491005833
0	2	3.6016666666666666	2010.273004904493	96.4798915410777	-0.00000000000000005655293457368853	2.925174596287992	7416.828233360444	93199.75611036504	8499.807928058532	-0.00000000000011368683772161603
0	0	3.6016666666666666	2019.7541198821693	94.8648588556861	0.00000000000000019700612471030358	2.9053904069018777	7412.310101996671	93029.53552652204	8499.807928058532	0.0000000000003979039320256561
0	-2	3.6016666666666666	2029.2352348598474	93.2649178760955	0.00000000000000007003059315685252	2.9417750625984995	7416.82823336044	93199.75611036504	8499.807928058532	0.00000000000014210854715202004
0	-5	3.6016666666666666	2050.4831956697935	90.97748662854796	0.0000000000000002806848732928437	3.1011268135694916	7350.662792804477	90226.54588778739	8499.807928058532	0.0000000000005755396159656812
0	-10	3.6016666666666666	2097.1526272748974	87.3776827118785	-0.0000000000000003591418622136266	3.6218814216454485	7349.139563354843	78708.43828090315	8499.807928058532	-0.0000000000007531752999057062
0	-20	3.6016666666666666	2460.0799429198228	84.11313765652906	-0.00000000000000008375480486950032	4.9527847368792095	6054.992843003633	34682.623776817854	8499.807928058532	-0.00000000000020604351558262124
0	-40	3.6016666666666666	2859.6608482288925	83.72961771513002	0.0000000000000003180428554442798	5.924218978971887	3221.794398012598	5224.737896353658	8499.807928058532	0.0000000000009094947017729282
-2	40	3.6016666666666666	2810.1893162684114	107.59094689475263	-0.030650345482438064	6.113489227148866	3220.4996194046435	5227.871618753645	8519.372319745116	-685.6563243522949
-2	20	3.6016666666666666	2411.7117187604204	107.23499363502998	-0.08101260980173032	5.156479286632293	5955.149637227243	34137.333375571965	8519.372319745116	-629.2681409600505
-2	10	3.6016666666666666	2028.5343516647304	103.41921581561793	-0.1382177635517357	3.6868633035073795	8158.439507230394	97016.62538247756	8519.372319745116	-541.2195348952076
-2	5	3.6016666666666666	2000.0217540498322	98.97874732182643	-0.1358326967811048	3.072033114031828	7854.794997696009	101064.85472420501	8519.372319745116	-485.93000682616207
-2	2	3.6016666666666666	2010.2672257449099	96.4808806208044	-0.12876077824790852	2.9274521591135563	7430.5376695224295	93256.56549035369	8519.372319745116	-464.0680735273636
-2	0	3.6016666666666666	2019.75411988217	94.86485885568608	-0.12815598192134348	2.9076280596537107	7425.87275977031	93086.24114952428	8519.372319745116	-463.63994821518213
-2	-2	3.6016666666666666	2029.2410140194281	93.2639472005086	-0.12755684055511637	2.9440414011933855	7430.537669522433	93256.56549035372	8519.372319745116	-467.18140276167225
-2	-5	3.6016666666666666	2050.506225519268	90.97520950785905	-0.1247077486633184	3.10352601843082	7364.948944857149	90281.5429651109	8519.372319745116	-477.65163787419823
-2	-10	3.6016666666666666	2097.378148122179	87.37577188410756	-0.12048308445159073	3.6245931813391823	7360.842001249458	78658.49655599172	8519.372319745116	-517.8555997049785
-2	-20	3.6016666666666666	2460.5098009111275	84.11554919867375	-0.08070365453099307	4.953999403926657	6052.487476397521	34702.951776574875	8519.372319745116	-623.8538399269679
-2	-40	3.6016666666666666	2859.8473140876326	83.73045559913162	-0.030118137073398773	5.9246089338703465	3220.499619404647	5227.871618753657	8519.372319745116	-677.3996211767392
-5	40	3.6016666666666666	2811.1676408884127	107.58640291534508	-0.07651754927353761	6.1155047517634955	3213.7192739317743	5244.281930414187	8622.846593737871	-1712.6412968521788
-5	20	3.6016666666666666	2414.4519420240367	107.22353828456909	-0.2020202639498313	5.164025607374198	5939.360604680362	34089.22412334794	8622.846593737871	-1572.5953333955642
-5	10	3.6016666666666666	2032.3770379716498	103.39772181088838	-0.34442481624231486	3.7002341882590595	8099.372225593464	96504.71486004446	8622.846593737871	-1352.7721769739023
-5	5	3.6016666666666666	2003.3728166609133	99.0165526375809	-0.3419724055215254	3.0912181492053605	8037.365783646683	100953.68252105746	8622.846593737871	-1222.2347388212627
-5	2	3.6016666666666666	2010.2367885855485	96.4860899110493	-0.322595381870257	2.93947059354343	7503.018736605316	93555.76403778621	8622.846593737871	-1161.0314588549184
-5	0	3.6016666666666666	2019.7541198821696	94.86485885568602	-0.32107527251942236	2.919435630143851	7497.576438942341	93384.89323896644	8622.846593737871	-1159.9429024194262
-5	-2	3.6016666666666666	2029.654270081556	93.26356736925018	-0.318841550796055	2.9561312580599663	7455.577820276733	91642.5291359112	8622.846593737871	-1167.6034293484638
-5	-5	3.6016666666666666	2050.627517064896	90.9632174168953	-0.3124177697166038	3.116184990149967	7440.486038523832	90571.19663942864	8622.846593737871	-1195.1515343968742
-5	-10	3.6016666666666666	2098.59252276628	87.3660121505059	-0.3014166331879923	3.638853825125008	7421.105603739804	78394.8547797244	8622.846593737871	-1295.7059856403298
-5	-20	3.6016666666666666	2462.7476097885296	84.12802497502655	-0.20131428468322068	4.960392193889799	6034.331688565047	34768.50547549554	8622.846593737871	-1558.6111202530938
-5	-40	3.6016666666666666	2860.825638707616	83.73484924262394	-0.07518936336680311	5.926654065086325	3213.719273931771	5244.281930414178	8622.846593737871	-1692.0215410990465
-10	40	3.6016666666666666	2814.6531475657234	107.57024886718621	-0.15226396495859768	6.122674134024139	3189.7392602482814	5302.320197010566	8938.160201271732	-3414.573777099165
-10	20	3.6016666666666666	2423.9825460092493	107.18236587905433	-0.4003017504583921	5.190135196336796	5872.760828963123	33944.24645826242	8938.160201271732	-3140.215542211927
-10	10	3.6016666666666666	2045.0501075216278	103.35248045211134	-0.6776245634690264	3.7511486218807413	7938.965669309307	93382.91524871018	8938.160201271732	-2696.8281215323354
-10	5	3.6016666666666666	2011.1048905447822	99.12062873522886	-0.6902499396245956	3.153887432271111	8353.62742078334	101416.39888933611	8938.160201271732	-2468.491073580234
-10	2	3.6016666666666666	2010.4383835952647	96.50759791817799	-0.6510205217554238	2.983770292125847	7978.743163192928	96796.59434833826	8938.160201271732	-2330.613424266552
-10	0	3.6016666666666666	2019.7541198821702	94.8648588556861	-0.6471036486541121	2.9624413231881834	7760.669760209097	94464.66606500094	8938.160201271732	-2326.1411804178483
-10	-2	3.6016666666666666	2030.9126596444846	93.25909944412679	-0.6408646446155062	2.99992385695687	7717.988244776684	92702.15569321376	8938.160201271732	-2339.7327950148665
-10	-5	3.6016666666666666	2051.0660453836176	90.91987200195788	-0.629520464241373	3.162276578134912	7717.7659643919615	91618.51887480597	8938.160201271732	-2397.860700369374
-10	-10	3.6016666666666666	2103.3805670536813	87.33511784158614	-0.6039420944283108	3.690060952140053	7616.216635709077	77441.09366253742	8938.160201271732	-2598.8091784129297
-10	-20	3.6016666666666666	2470.5739194582006	84.1706967159645	-0.3992690293478869	4.9833338064650965	5963.897133267109	34849.845957895326	8938.160201271732	-3109.340978874379
-10	-40	3.6016666666666666	2864.3111453849397	83.75046912466154	-0.14962419460681756	5.933928960730616	3189.739260248286	5302.3201970105765	8938.160201271732	-3373.4911943847437
-15	40	3.6016666666666666	2820.4328436312135	107.54358185751346	-0.22648125129475372	6.134523409617569	3150.5829775434286	5397.089232781075	9383.106816495067	-5095.0994680536305
-15	20	3.6016666666666666	2439.2838487948925	107.11369875688243	-0.5915069049571456	5.231598397424653	5782.4302835323415	33892.39182252297	9383.106816495067	-4696.570528196421
-15	10	3.6016666666666666	2066.643353297412	103.30483583694372	-0.9939821638835827	3.838896334609813	7861.957507250391	90488.20012063178	9383.106816495067	-4037.5856743547756
-15	5	3.6016666666666666	2019.2800266454865	99.26165956647795	-1.0467447674957677	3.2539063513624735	8874.47833008982	103082.48702101395	9383.106816495067	-3742.2322019715025
-15	2	3.6016666666666666	2017.7060331955597	96.60167880602722	-1.0055050147228062	3.072788755904884	8787.184881811925	102410.02393426334	9383.106816495067	-3564.3574348504017
-15	0	3.6016666666666666	2020.1247241534015	94.8678593204811	-0.9839997613215962	3.0376555378610135	8370.943610382577	96566.59650607369	9383.106816495067	-3508.297859308846
-15	-2	3.6016666666666666	2032.3072446223428	93.24223990544984	-0.9724766076694826	3.0755130565809963	8182.136764593729	94514.29827295401	9383.106816495067	-3526.7473529568842
-15	-5	3.6016666666666666	2051.9443593276064	90.84737354075364	-0.9564648663530266	3.2423085209522737	8221.503816205977	93972.2357134014	9383.106816495067	-3617.670882518483
-15	-10	3.6016666666666666	2113.2384112440623	87.29920362116513	-0.906085080280672	3.77587269295942	7831.494407390592	75889.45395163295	9383.106816495067	-3914.7292392683066
-15	-20	3.6016666666666666	2483.64746301947	84.23666088714113	-0.5898541888208593	5.022301908359435	5838.349995513247	34412.83278993174	9383.106816495067	-4643.483871531502
-15	-40	3.6016666666666666	2870.0908414504243	83.77625530723628	-0.22256269745650545	5.945953310376276	3150.5829775434268	5397.089232781079	9383.106816495067	-5033.866721638705
-30	40	3.6016666666666666	2851.0120364941386	107.40494404030103	-0.43283536931403527	6.196415998743668	2956.029758742513	5867.961840653183	12266.815791367446	-9901.719968658574
-30	20	3.6016666666666666	2516.6348200733282	106.75566966338593	-1.102054920650426	5.433028846978565	5414.212493813373	34740.6200111178	12266.815791367446	-9238.370079504946
-30	10	3.6016666666666666	2200.767984226407	103.14389872972423	-1.8369469364619184	4.329132377601917	8434.931903578457	87463.20905959219	12266.815791367446	-8264.783677397969
-30	5	3.6016666666666666	2088.9324773613516	99.5390343561284	-2.077045266144751	3.784160956544857	9516.288673382243	100132.78227988274	12266.815791367446	-7709.945716374285
-30	2	3.6016666666666666	2055.429094824464	96.95329302329297	-2.148201819009611	3.604207253680376	10505.614894546537	106156.44936978971	12266.815791367446	-7528.011062930395
-30	0	3.6016666666666666	2048.970906926913	95.11688095633659	-2.143719355262248	3.557377305868387	11232.048076031813	110212.21788470513	12266.815791367446	-7448.427386679218
-30	-2	3.6016666666666666	2052.3993460099664	93.22827895725398	-2.101121945284145	3.574842951272943	11250.144582690013	110212.50809517285	12266.815791367446	-7403.099788761763
-30	-5	3.6016666666666666	2075.8945200189123	90.57794839822863	-2.012420200280456	3.7380344429491448	10178.748479043095	100256.26085730652	12266.815791367446	-7497.766142949001
-30	-10	3.6016666666666666	2198.1811952810717	87.30089565053939	-1.7628347739074155	4.245151505019624	8626.671691564141	72708.20535046716	12266.815791367446	-8021.68074199828
-30	-20	3.6016666666666666	2552.462299539876	84.55019462934254	-1.0937235812828041	5.225310208614935	5443.189592757048	33252.846017779404	12266.815791367446	-9086.376562448924
-30	-40	3.6016666666666666	2900.6700343133475	83.91033323802914	-0.4254254476162159	6.008774257207723	2956.029758742506	5867.96184065318	12266.815791367446	-9783.427386304993
-60	40	3.6016666666666666	2963.051216453917	106.9304616807362	-0.7213453921772085	6.4122695306301924	2424.5004802023386	7154.409729252236	7840.9807469822135	-17523.07304636696
-60	20	3.6016666666666666	2785.3306477303386	105.57843077999422	-1.719602301183363	6.032481664743082	4273.865025559317	39771.56977823494	7840.9807469822135	-16946.18429194976
-60	10	3.6016666666666666	2701.14695646259	101.82223507429819	-2.7301839797724607	5.643242605998729	6429.026225126989	87100.41706938895	7840.9807469822135	-16888.336402184326
-60	5	3.6016666666666666	2668.1632656801166	98.7661042476489	-3.1793456250606194	5.55667351279734	7472.94463747394	102004.43561973247	7840.9807469822135	-17081.29636083039
-60	2	3.6016666666666666	2639.707906849	96.73743514799365	-3.3421735814547837	5.536805953741733	7561.609248531864	105142.4659387443	7840.9807469822135	-17068.618998647282
-60	0	3.6016666666666666	2617.195587960949	95.33333478580258	-3.390350440707712	5.5282799756878145	7545.246658923608	105348.82619549491	7840.9807469822135	-16966.77157102904
-60	-2	3.6016666666666666	2594.9242308062535	93.90723251196654	-3.3822489281900614	5.520607118585045	7529.360678760596	104702.35094056389	7840.9807469822135	-16794.636291109615
-60	-5	3.6016666666666666	2568.5131092462157	91.78782683791684	-3.2658934238081248	5.523632699463822	7396.040566228519	100623.32904664087	7840.9807469822135	-16481.00037033863
-60	-10	3.6016666666666666	2575.8911149347273	88.69361559952236	-2.8277805097431354	5.585720798115961	7061.504943771338	79652.24961371513	7840.9807469822135	-16102.581485372584
-60	-20	3.6016666666666666	2793.276817638108	85.57234463868805	-1.711878298191564	5.851793285248301	4518.891114260995	37867.504224661476	7840.9807469822135	-16546.647827476867
-60	-40	3.6016666666666666	3012.7092142731285	84.36945124006911	-0.7094555729600304	6.2280480901918205	2424.500480202335	7154.409729252229	7840.9807469822135	-17318.184283572067
60	40	2.401111111111111	2861.0189724244256	107.28507500538002	0.7470706634157295	6.4090516500923975	2424.5004802023386	7154.409729252234	7840.980746982219	16948.49579040326
60	20	2.401111111111111	2566.0101650356505	106.25044329944515	1.8289571282848338	5.997795967697968	4121.049302542093	37413.667330371296	7840.980746982219	15675.043360357547
60	10	2.401111111111111	2386.1278950785127	102.50288705593941	2.939686956840427	5.533533733615628	6176.672299603652	85903.17482124311	7840.980746982219	14941.990777013734
60	5	2.401111111111111	2323.469076235591	99.11248365135964	3.4542988947337334	5.409217373633697	7541.46426952034	103266.97096549944	7840.980746982219	14897.314898391222
60	2	2.401111111111111	2290.663299739845	96.7488189930145	3.646849960675715	5.389405661944013	7592.694821641516	105541.5879737912	7840.980746982219	14868.208013735386
60	0	2.401111111111111	2268.129918787798	95.12852815554767	3.698905037297271	5.378553135634205	7520.966046443374	104990.99764917967	7840.980746982219	14759.66530852798
60	-2	2.401111111111111	2247.9534888573708	93.50233911227949	3.686986179424831	5.373650965201662	7387.5305973757695	102568.45727590861	7840.980746982219	14605.428892061136
60	-5	2.401111111111111	2229.49438795971	91.1415992348447	3.5545846405423616	5.39231786058366	7167.883166690646	96343.37464180627	7840.980746982219	14373.94398728123
60	-10	2.401111111111111	2272.604586212896	88.02224170580783	3.0861772715856137	5.490872230894532	6522.98083355358	69876.20879733308	7840.980746982219	14313.598818559876
60	-20	2.401111111111111	2571.189996891383	85.02202264413478	1.8692205965263031	5.792215866846475	4520.56737331558	36932.895384252864	7840.980746982219	15300.679557706788
60	-40	2.401111111111111	2910.6769702436395	84.02745985074347	0.7343251633983948	6.218427323434744	2424.5004802023373	7154.4097292522265	7840.980746982219	16743.607027608374
30	40	2.401111111111111	2674.287005824801	108.02417967538437	0.46143844884521007	6.176189035672165	2956.02975874251	5867.961840653175	12266.815791367448	9327.142712694887
30	20	2.401111111111111	2125.700560271696	107.89035791284452	1.2590961356337276	5.26230792555885	5212.123863188586	32027.765838404186	12266.815791367448	7910.928983673689
30	10	2.401111111111111	1645.8507385735647	104.47966388615437	2.0869507318825464	3.9396537067199198	6652.0045500358	72645.06636147069	12266.815791367448	6216.673181997373
30	5	2.401111111111111	1486.9665649755982	100.35866882675232	2.5330315837451716	3.348293064583833	6674.472222542487	87704.58913712548	12266.815791367448	5751.313417053989
30	2	2.401111111111111	1432.5742326872162	97.15178642116594	2.7209792613440786	3.1569540825882765	6814.655310990631	94405.50326468608	12266.815791367448	5637.056697615239
30	0	2.401111111111111	1414.9214892952823	94.79878542990237	2.7806151718474057	3.119671639142188	6925.36866122136	95631.86876617765	12266.815791367448	5614.294138970839
30	-2	2.401111111111111	1420.3012039318728	92.47221044375449	2.767401520401221	3.1663498293957626	7016.695402070453	93010.7970731342	12266.815791367448	5652.535941954763
30	-5	2.401111111111111	1477.6158833836048	89.40701217035028	2.5779677526257325	3.3553698408560404	7369.297421515774	80489.2583321164	12266.815791367448	5777.877775985381
30	-10	2.401111111111111	1665.6673656324203	86.06208981096009	2.105920174654833	3.8750075150811427	7399.597420132859	57054.061705550426	12266.815791367448	6265.048223438026
30	-20	2.401111111111111	2162.5041910747827	83.52182342142176	1.2711743318124085	5.014211049209163	5408.7617759720015	30313.391783854706	12266.815791367448	7802.260601624162
30	-40	2.401111111111111	2723.9450036440103	83.31554657261732	0.45302634454214985	5.976742150494672	2956.029758742508	5867.961840653181	12266.815791367448	9208.850130341309
15	40	2.401111111111111	2623.3216843865926	108.23660499577935	0.24349860080837835	6.106874382532231	3150.5829775434286	5397.089232781088	9383.106816495063	4763.367134652757
15	20	2.401111111111111	1995.488888379255	108.35105825371757	0.6917252911329523	4.971835898249454	5606.548326739798	31920.45332910243	9383.106816495063	3901.1032380577362
15	10	2.401111111111111	1459.2359335103213	105.25857519951236	1.154761949273233	3.4233340957022063	6400.905002999993	63551.9857540984	9383.106816495063	2920.5709074816596
15	5	2.401111111111111	1337.8940422833696	100.87758121444121	1.429655671075657	2.754002876883805	7432.372666291081	89739.90627893984	9383.106816495063	2801.188532182491
15	2	2.401111111111111	1331.7936408091182	97.30017659970824	1.487580220889645	2.536788033499617	8121.750410877626	93893.00914163578	9383.106816495063	2788.058327413774
15	0	2.401111111111111	1344.4234679838107	94.82871604471971	1.4664219819396296	2.499564663446348	8174.7092464365505	94341.67682059063	9383.106816495063	2774.0696760405604
15	-2	2.401111111111111	1357.4891008122327	92.40905385488523	1.44561641172158	2.55119341788518	8155.630647021967	93090.36649685533	9383.106816495063	2791.8876578836644
15	-5	2.401111111111111	1385.4688492127118	89.01391132396986	1.4034867070857664	2.7848715369392756	7666.028262456817	84738.73643685343	9383.106816495063	2876.8454992008433
15	-10	2.401111111111111	1531.3909430364974	85.52156196657249	1.1393682219985162	3.3691006148818685	6750.323368163147	52223.877858600856	9383.106816495063	3020.718551255248
15	-20	2.401111111111111	2039.4653869983813	83.0882811434172	0.6985335715903414	4.720585804764115	5711.161810063517	30488.565775207182	9383.106816495063	3867.864721953613
15	-40	2.401111111111111	2672.9796822058042	83.11140140696966	0.2389749401653832	5.904912383692178	3150.582977543433	5397.089232781091	9383.106816495063	4702.134388237833
10	40	2.401111111111111	2613.6888576107776	108.2773193006091	0.1639714103626385	6.093469649626512	3189.7392602482837	5302.320197010572	8938.160201271732	3187.655496668118
10	20	2.401111111111111	1969.3761763826456	108.43297242882812	0.4686873331256784	4.907111351905306	5645.170910637176	32236.68250068265	8938.160201271732	2587.125887360956
10	10	2.401111111111111	1423.6508700384961	105.45713790418777	0.7866233783475501	3.3253364719837153	6428.209892987838	60023.16103027738	8938.160201271732	1924.9345997377452
10	5	2.401111111111111	1320.4736173072954	100.94998355639531	0.972250558721797	2.6385914594020217	7263.776409785578	89687.00803830172	8938.160201271732	1869.3502465041474
10	2	2.401111111111111	1330.8967974765633	97.23737379576444	0.9814319820959851	2.4212119766741016	7738.578046318419	93511.48946260077	8938.160201271732	1845.9017834582664
10	0	2.401111111111111	1343.2726524866875	94.80884799759535	0.9651543302410395	2.3870768997230365	7713.460718912856	92532.84394162899	8938.160201271732	1833.5712284861931
10	-2	2.401111111111111	1357.1139609035629	92.45275015721474	0.951421977240394	2.43945988772778	7674.948639383962	90742.2354931185	8938.160201271732	1846.4560107555933
10	-5	2.401111111111111	1380.4324074045103	89.04748808240613	0.9348348962480688	2.672086104487757	7680.627840414901	89581.78477575706	8938.160201271732	1911.3957666487559
10	-10	2.401111111111111	1509.1229500270529	85.39576828386133	0.7743205448674234	3.2784217986892177	6747.741334831695	51742.85390448656	8938.160201271732	2009.9236607755622
10	-20	2.401111111111111	2013.9901097350787	83.01101680716012	0.4755387340113908	4.654608195976699	5789.321729178563	30933.298963964597	8938.160201271732	2571.0163989780435
10	-40	2.401111111111111	2663.3468554299925	83.07229824334435	0.16091416983777077	5.891027122780835	3189.739260248286	5302.320197010577	8938.160201271732	3146.5729139536957
5	40	2.401111111111111	2607.8796798152516	108.30196142393892	0.08248220197531961	6.085337917162998	3213.7192739317716	5244.281930414165	8622.846593737871	1597.431866515658
5	20	2.401111111111111	1953.4004310014213	108.48108957744034	0.2364706666903028	4.866503919530782	5639.572660715104	32391.43307093854	8622.846593737871	1288.6867607367528
5	10	2.401111111111111	1401.2538849161365	105.57844764097085	0.39877154396230075	3.263190442166069	6479.059545785478	58178.60481055717	8622.846593737871	955.1785614299887
5	5	2.401111111111111	1316.5138776130066	100.95699629499735	0.492379585872936	2.571736659752443	7490.331449301306	93987.56496300096	8622.846593737871	940.8434193195426
5	2	2.401111111111111	1330.7977390299925	97.2057691065963	0.4872965180539567	2.3548388689241775	7503.018736605316	93555.76403778618	8622.846593737871	919.1553003576221
5	0	2.401111111111111	1342.1568039226634	94.78955109675658	0.47829661270686563	2.3218245228311236	7451.967823903434	91475.15268588168	8622.846593737871	911.1055513529006
5	-2	2.401111111111111	1356.9389241163205	92.47909367534744	0.4721306641409134	2.3751415762697152	7412.27786685797	89705.01167858181	8622.846593737871	919.1107648868035
5	-5	2.401111111111111	1379.727144695488	89.10561567533892	0.4643327329135097	2.60412257612615	7440.486042990844	90571.19673771076	8622.846593737871	951.363318799682
5	-10	2.401111111111111	1496.2015362647978	85.3155309619068	0.39266378322025774	3.2240357124329053	6811.443373433369	51817.02529971577	8622.846593737871	1005.6910231648288
5	-20	2.401111111111111	1997.5572566694361	82.96920313590981	0.2411497768661777	4.610183354875449	5865.587574627956	31569.63598500498	8622.846593737871	1282.5038379529733
5	-40	2.401111111111111	2657.5376776344647	83.0486350431895	0.0809409628650401	5.8826048134102145	3213.719273931773	5244.28193041418	8622.846593737871	1576.8121107625327
2	40	2.401111111111111	2606.2491387819227	108.30889016924985	0.03304874892157841	6.083048957690794	3220.499619404646	5227.8716187536465	8519.372319745116	639.3753687423853
2	20	2.401111111111111	1948.8826594111479	108.49440382652608	0.09482262295478786	4.854897795923788	5634.974077465994	32420.776257778874	8519.372319745116	514.8915813906541
2	10	2.401111111111111	1394.6707165602656	105.61201232145334	0.16018202215053082	3.244925158282984	6492.351728946468	57759.255372194646	8519.372319745116	381.2063210679263
2	5	2.401111111111111	1316.5471035503717	100.93769960992111	0.1966079085018283	2.551982659368745	7455.110580019837	94157.044002298	8519.372319745116	375.94140869064705
2	2	2.401111111111111	1330.8281761893559	97.19788381334297	0.19449811561274716	2.3366704740528177	7430.53766952243	93256.56549035366	8519.372319745116	367.2130978511783
2	0	2.401111111111111	1341.8007448704518	94.78343224094958	0.19057525192367647	2.303883072573617	7336.089979097923	89254.81431152874	8519.372319745116	363.44487064484616
2	-2	2.401111111111111	1356.8905110599721	92.48638117337434	0.18845589451488065	2.357479246383352	7340.69446217294	89418.1281305943	8519.372319745116	367.19618954138565
2	-5	2.401111111111111	1379.6058531621484	89.12327618760176	0.18535295031164467	2.5853680949937794	7364.948949093441	90281.5430630504	8519.372319745116	380.0373805054681
2	-10	2.401111111111111	1492.7404164378738	85.29361197092517	0.15772056751035013	3.2086479641141374	6845.651605727285	51984.4081613557	8519.372319745116	402.44981341051744
2	-20	2.401111111111111	1992.5236067281262	82.95948967781058	0.09670533180006935	4.596058211070556	5879.128256889349	31681.6635550992	8519.372319745116	512.1712987916575
2	-40	2.401111111111111	2655.9071366011403	83.04198206158401	0.03243083021528819	5.880234187114267	3220.499619404646	5227.871618753646	8519.372319745116	631.1186655668287
0	40	2.401111111111111	2605.938362350711	108.31021137200301	-0.0000000000000003861588455271421	6.082612363596227	3221.7943980125947	5224.737896353652	8499.807928058532	-0.0000000000010063061495202419
0	20	2.401111111111111	1948.019907782988	108.49693112180383	0.00000000000000020517258949367024	4.852675257533803	5633.989270543236	32426.425251787692	8499.807928058532	0.00000000000039968028886505635
0	10	2.401111111111111	1393.3965377884706	105.61836198382059	-0.0000000000000002198301231465965	3.2413901889084498	6499.010731575071	57700.86111958684	8499.807928058532	-0.0000000000003063105324940807
0	5	2.401111111111111	1316.5615823535425	100.93386692730557	0.0000000000000006368410254673282	2.5482300462781424	7440.6239224072115	94099.68607513003	8499.807928058532	0.0000000000008384404281969183
0	2	2.401111111111111	1330.8339553489373	97.19638665891426	-0.00000000000000017085052160666878	2.333227484769826	7416.8282333604375	93199.75611036504	8499.807928058532	-0.00000000000022737367544323206
0	0	2.401111111111111	1341.8007448708147	94.78343224095495	-0.00000000000000006884073958216966	2.30055555535231	7322.691301093325	89200.44268955286	8499.807928058532	-0.00000000000009237055564881302
0	-2	2.401111111111111	1356.8813187836593	92.48776492280767	-0.000000000000000010473174417303462	2.3541319012776984	7327.154806841758	89363.65702226534	8499.807928058532	-0.000000000000014210854715202004
0	-5	2.401111111111111	1379.5828233149964	89.12662977242421	-0.00000000000000005568888797807179	2.581813532224866	7350.662796997673	90226.54598566085	8499.807928058532	-0.00000000000007682743330406083
0	-10	2.401111111111111	1492.0950128661684	85.28955218491555	-0.0000000000000002321498166646026	3.205700519446587	6851.029640316031	52017.957267527636	8499.807928058532	-0.00000000000034638958368304884
0	-20	2.401111111111111	1991.5450141600832	82.95773836665451	-0.0000000000000008277287910856767	4.59329108173696	5872.795696005283	31645.045233682	8499.807928058532	-0.0000000000016484591469634324
0	-40	2.401111111111111	2655.5963601699164	83.04071346831363	0.0000000000000001712411410510321	5.879782022256534	3221.794398012596	5224.7378963536485	8499.807928058532	0.0000000000004547473508864641
-2	40	2.401111111111111	2606.249138781923	108.30889016924972	-0.03304874892157899	6.083048957690794	3220.499619404646	5227.871618753642	8519.372319745116	-639.375368742387
-2	20	2.401111111111111	1948.8826594111488	108.49440382652607	-0.09482262295478731	4.854897795923788	5634.974077465993	32420.77625777881	8519.372319745116	-514.8915813906534
-2	10	2.401111111111111	1394.6707165602659	105.61201232145325	-0.1601820221505305	3.244925158282982	6492.351728946471	57759.25537219469	8519.372319745116	-381.2063210679258
-2	5	2.401111111111111	1316.5471035503724	100.93769960992108	-0.19660790850182833	2.5519826593687447	7455.110580019835	94157.04400229792	8519.372319745116	-375.9414086906472
-2	2	2.401111111111111	1330.8281761893556	97.197883813343	-0.19449811561274738	2.336670474052818	7430.53766952243	93256.56549035369	8519.372319745116	-367.21309785117853
-2	0	2.401111111111111	1341.800744870452	94.78343224094958	-0.19057525192367694	2.3038830725736177	7336.089979097923	89254.81431152874	8519.372319745116	-363.4448706448469
-2	-2	2.401111111111111	1356.8905110599721	92.48638117337434	-0.1884558945148809	2.3574792463833516	7340.694462172942	89418.1281305943	8519.372319745116	-367.19618954138593
-2	-5	2.401111111111111	1379.6058531621477	89.12327618760177	-0.18535295031164473	2.5853680949937803	7364.948949093439	90281.5430630504	8519.372319745116	-380.037380505468
-2	-10	2.401111111111111	1492.7404164378725	85.29361197092517	-0.1577205675103506	3.208647964114138	6845.651605727281	51984.40816135562	8519.372319745116	-402.4498134105178
-2	-20	2.401111111111111	1992.5236067281267	82.9594896778106	-0.09670533180006989	4.596058211070557	5879.128256889349	31681.6635550992	8519.372319745116	-512.1712987916587
-2	-40	2.401111111111111	2655.9071366011403	83.04198206158401	-0.03243083021528796	5.880234187114269	3220.499619404646	5227.871618753639	8519.372319745116	-631.1186655668282
-5	40	2.401111111111111	2607.879679815253	108.30196142393888	-0.08248220197531927	6.085337917162996	3213.719273931772	5244.281930414164	8622.846593737871	-1597.4318665156575
-5	20	2.401111111111111	1953.4004310014209	108.48108957744036	-0.23647066669030292	4.86650391953078	5639.572660715102	32391.433070938565	8622.846593737871	-1288.6867607367526
-5	10	2.401111111111111	1401.2538849161374	105.57844764097072	-0.3987715439623006	3.263190442166065	6479.059545785478	58178.604810557095	8622.846593737871	-955.1785614299887
-5	5	2.401111111111111	1316.5138776130061	100.95699629499737	-0.4923795858729367	2.5717366597524434	7490.331449301304	93987.56496300094	8622.846593737871	-940.8434193195432
-5	2	2.401111111111111	1330.7977390299927	97.20576910659628	-0.48729651805395696	2.354838868924177	7503.018736605313	93555.76403778623	8622.846593737871	-919.1553003576227
-5	0	2.401111111111111	1342.1568039226624	94.7895510967566	-0.4782966127068662	2.321824522831124	7451.967823903435	91475.15268588171	8622.846593737871	-911.1055513529008
-5	-2	2.401111111111111	1356.9389241163205	92.47909367534747	-0.47213066414091354	2.3751415762697157	7412.2778668579695	89705.0116785818	8622.846593737871	-919.1107648868037
-5	-5	2.401111111111111	1379.727144695489	89.10561567533891	-0.46433273291350957	2.6041225761261497	7440.486042990842	90571.19673771078	8622.846593737871	-951.3633187996825
-5	-10	2.401111111111111	1496.2015362647978	85.31553096190679	-0.3926637832202585	3.2240357124329058	6811.443373433372	51817.025299715766	8622.846593737871	-1005.6910231648302
-5	-20	2.401111111111111	1997.5572566694357	82.96920313590981	-0.24114977686617803	4.610183354875449	5865.587574627954	31569.63598500496	8622.846593737871	-1282.5038379529735
-5	-40	2.401111111111111	2657.537677634464	83.0486350431895	-0.0809409628650389	5.882604813410214	3213.719273931771	5244.28193041418	8622.846593737871	-1576.8121107625288
-10	40	2.401111111111111	2613.6888576107785	108.27731930060897	-0.16397141036263893	6.09346964962651	3189.7392602482832	5302.320197010571	8938.160201271732	-3187.655496668119
-10	20	2.401111111111111	1969.3761763826456	108.43297242882811	-0.4686873331256779	4.9071113519053045	5645.170910637176	32236.68250068269	8938.160201271732	-2587.1258873609545
-10	10	2.401111111111111	1423.6508700384968	105.45713790418772	-0.7866233783475501	3.3253364719837117	6428.2098929878375	60023.16103027732	8938.160201271732	-1924.9345997377457
-10	5	2.401111111111111	1320.473617307294	100.94998355639538	-0.9722505587217982	2.6385914594020212	7263.776409785576	89687.00803830165	8938.160201271732	-1869.350246504147
-10	2	2.401111111111111	1330.8967974765635	97.23737379576438	-0.9814319820959853	2.4212119766741003	7738.57804631842	93511.48946260085	8938.160201271732	-1845.901783458267
-10	0	2.401111111111111	1343.2726524866873	94.80884799759535	-0.9651543302410399	2.3870768997230374	7713.460718912853	92532.84394162902	8938.160201271732	-1833.5712284861938
-10	-2	2.401111111111111	1357.1139609035624	92.45275015721478	-0.9514219772403947	2.43945988772778	7674.948639383959	90742.2354931185	8938.160201271732	-1846.4560107555935
-10	-5	2.401111111111111	1380.4324074045091	89.0474880824062	-0.93483489624807	2.6720861044877586	7680.627840414897	89581.784775757	8938.160201271732	-1911.3957666487563
-10	-10	2.401111111111111	1509.1229500270526	85.39576828386136	-0.7743205448674229	3.2784217986892177	6747.741334831695	51742.85390448656	8938.160201271732	-2009.9236607755613
-10	-20	2.401111111111111	2013.990109735079	83.01101680716013	-0.4755387340113907	4.6546081959767	5789.321729178567	30933.298963964637	8938.160201271732	-2571.016398978044
-10	-40	2.401111111111111	2663.346855429992	83.07229824334432	-0.16091416983777027	5.891027122780834	3189.7392602482855	5302.32019701057	8938.160201271732	-3146.572913953693
-15	40	2.401111111111111	2623.3216843865907	108.23660499577942	-0.2434986008083795	6.1068743825322365	3150.5829775434286	5397.089232781091	9383.106816495067	-4763.36713465276
-15	20	2.401111111111111	1995.4888883792548	108.3510582537177	-0.691725291132953	4.971835898249457	5606.548326739796	31920.453329102438	9383.106816495067	-3901.1032380577385
-15	10	2.401111111111111	1459.2359335103208	105.25857519951239	-1.1547619492732333	3.423334095702207	6400.905002999993	63551.985754098394	9383.106816495067	-2920.5709074816596
-15	5	2.401111111111111	1337.8940422833691	100.87758121444126	-1.429655671075657	2.7540028768838063	7432.372666291081	89739.90627893983	9383.106816495067	-2801.1885321824907
-15	2	2.401111111111111	1331.7936408091182	97.30017659970821	-1.4875802208896456	2.5367880334996173	8121.7504108776275	93893.00914163576	9383.106816495067	-2788.0583274137753
-15	0	2.401111111111111	1344.423467983811	94.82871604471968	-1.46642198193963	2.499564663446348	8174.7092464365505	94341.67682059063	9383.106816495067	-2774.0696760405613
-15	-2	2.401111111111111	1357.4891008122333	92.40905385488522	-1.4456164117215793	2.55119341788518	8155.630647021965	93090.3664968554	9383.106816495067	-2791.8876578836653
-15	-5	2.401111111111111	1385.4688492127116	89.01391132396988	-1.4034867070857666	2.784871536939276	7666.028262456816	84738.73643685342	9383.106816495067	-2876.8454992008433
-15	-10	2.401111111111111	1531.3909430364972	85.52156196657248	-1.1393682219985157	3.3691006148818685	6750.3233681631455	52223.87785860087	9383.106816495067	-3020.7185512552473
-15	-20	2.401111111111111	2039.4653869983813	83.08828114341719	-0.6985335715903411	4.720585804764116	5711.161810063515	30488.565775207175	9383.106816495067	-3867.864721953613
-15	-40	2.401111111111111	2672.9796822058047	83.11140140696963	-0.23897494016538293	5.904912383692178	3150.582977543432	5397.08923278109	9383.106816495067	-4702.134388237833
-30	40	2.401111111111111	2674.2870058248	108.02417967538435	-0.4614384488452114	6.1761890356721665	2956.029758742509	5867.961840653179	12266.815791367446	-9327.14271269489
-30	20	2.401111111111111	2125.700560271697	107.89035791284441	-1.2590961356337271	5.262307925558847	5212.123863188586	32027.7658384042	12266.815791367446	-7910.92898367369
-30	10	2.401111111111111	1645.850738573565	104.4796638861543	-2.086950731882545	3.939653706719918	6652.0045500357965	72645.06636147069	12266.815791367446	-6216.673181997371
-30	5	2.401111111111111	1486.9665649755993	100.35866882675226	-2.533031583745171	3.3482930645838294	6674.4722225424875	87704.5891371255	12266.815791367446	-5751.31341705399
-30	2	2.401111111111111	1432.574232687216	97.15178642116595	-2.7209792613440795	3.156954082588276	6814.655310990629	94405.50326468608	12266.815791367446	-5637.056697615239
-30	0	2.401111111111111	1414.9214892952818	94.79878542990237	-2.780615171847407	3.119671639142189	6925.368661221358	95631.86876617765	12266.815791367446	-5614.294138970839
-30	-2	2.401111111111111	1420.3012039318728	92.47221044375452	-2.7674015204012212	3.166349829395764	7016.695402070453	93010.7970731342	12266.815791367446	-5652.535941954764
-30	-5	2.401111111111111	1477.615883383604	89.40701217035033	-2.577967752625733	3.3553698408560426	7369.297421515773	80489.2583321164	12266.815791367446	-5777.877775985379
-30	-10	2.401111111111111	1665.6673656324201	86.06208981096007	-2.105920174654832	3.875007515081143	7399.597420132861	57054.06170555045	12266.815791367446	-6265.048223438023
-30	-20	2.401111111111111	2162.5041910747827	83.52182342142176	-1.2711743318124096	5.014211049209164	5408.761775972004	30313.391783854695	12266.815791367446	-7802.260601624164
-30	-40	2.401111111111111	2723.9450036440094	83.31554657261732	-0.45302634454215074	5.9767421504946725	2956.0297587425084	5867.961840653182	12266.815791367446	-9208.850130341309
-60	40	2.401111111111111	2861.0189724244256	107.28507500538	-0.7470706634157303	6.409051650092398	2424.5004802023404	7154.409729252235	7840.9807469822135	-16948.49579040326
-60	20	2.401111111111111	2566.010165035652	106.25044329944514	-1.8289571282848325	5.997795967697962	4121.0493025420965	37413.66733037131	7840.9807469822135	-15675.04336035754
-60	10	2.401111111111111	2386.1278950785127	102.50288705593942	-2.9396869568404265	5.533533733615627	6176.672299603653	85903.17482124308	7840.9807469822135	-14941.990777013732
-60	5	2.401111111111111	2323.46907623559	99.1124836513597	-3.454298894733735	5.409217373633699	7541.464269520342	103266.97096549944	7840.9807469822135	-14897.314898391223
-60	2	2.401111111111111	2290.6632997398456	96.74881899301448	-3.6468499606757128	5.3894056619440125	7592.694821641515	105541.58797379126	7840.9807469822135	-14868.208013735384
-60	0	2.401111111111111	2268.129918787797	95.12852815554771	-3.698905037297273	5.37855313563421	7520.966046443373	104990.99764917967	7840.9807469822135	-14759.665308527983
-60	-2	2.401111111111111	2247.9534888573717	93.50233911227944	-3.6869861794248275	5.373650965201659	7387.530597375772	102568.45727590863	7840.9807469822135	-14605.428892061133
-60	-5	2.401111111111111	2229.4943879597104	91.14159923484468	-3.554584640542362	5.3923178605836615	7167.88316669065	96343.37464180634	7840.9807469822135	-14373.943987281236
-60	-10	2.401111111111111	2272.604586212896	88.02224170580783	-3.086177271585614	5.490872230894532	6522.98083355358	69876.20879733309	7840.9807469822135	-14313.59881855988
-60	-20	2.401111111111111	2571.1899968913826	85.02202264413476	-1.8692205965263042	5.792215866846475	4520.567373315578	36932.89538425284	7840.9807469822135	-15300.679557706786
-60	-40	2.401111111111111	2910.676970243641	84.02745985074347	-0.7343251633983942	6.218427323434743	2424.5004802023386	7154.4097292522265	7840.9807469822135	-16743.607027608374
60	40	1.2005555555555556	2758.9867283949366	107.63946064987701	0.7746986673681993	6.4055957636454695	2424.500480202338	7154.40972925223	7840.980746982219	16373.918534439572
60	20	1.2005555555555556	2351.7621307506693	106.908777535952	1.9425259944143471	5.957857783232909	3972.0678599166886	35156.045499117834	7840.980746982219	14418.46357684493
60	10	1.2005555555555556	2076.799344028435	103.23007358778787	3.1470242512160147	5.41756038621671	5823.321676076848	82074.26908665829	7840.980746982219	13011.681724564844
60	5	1.2005555555555556	1980.1898506637172	99.50680666961533	3.7195134538925014	5.227106361231666	7204.349812024493	100549.35282512146	7840.980746982219	12646.608468974002
60	2	1.2005555555555556	1941.512596923273	96.76304852774403	3.9368095741713214	5.189245745716885	7589.48243679217	105488.11939036073	7840.980746982219	12546.876494748338
60	0	1.2005555555555556	1920.3430094636803	94.86525443697853	3.9942817891697895	5.178481291376509	7410.741777371404	103188.94922369257	7840.980746982219	12447.350843721037
60	-2	1.2005555555555556	1904.5241897856727	92.99579442582895	3.979054633093831	5.183163844454974	7200.769814669358	99314.20692938232	7840.980746982219	12338.038830989462
60	-5	1.2005555555555556	1898.8180318111288	90.37805833313223	3.8299917558752967	5.229469133572468	6773.055061561801	87765.30552529263	7840.980746982219	12235.69666771714
60	-10	1.2005555555555556	1984.2717207200762	87.32876987003864	3.337190208378777	5.382963800613388	5937.683372009298	61008.94097354475	7840.980746982219	12561.191045299704
60	-20	1.2005555555555556	2350.8838893728507	84.47788236074567	2.0389629412172363	5.731162798218871	4512.884426290721	35461.13237139631	7840.980746982219	14064.90115641857
60	-40	1.2005555555555556	2808.6447262141537	83.68660917360627	0.7610016752297262	6.208107551629186	2424.5004802023414	7154.409729252233	7840.980746982219	16169.029771644695
30	40	1.2005555555555556	2497.561975155461	108.64337223407387	0.4940893799673929	6.15309959254634	2956.029758742508	5867.9618406531845	12266.815791367448	8752.565456731198
30	20	1.2005555555555556	1750.1399291284768	108.95983657560323	1.42907966646779	5.047177178583744	4883.065160810262	27760.751453107114	12266.815791367448	6582.640100389644
30	10	1.2005555555555556	1164.7154271210911	105.99061359439536	2.331964507576077	3.5627658431325315	4822.06268869252	55128.10436585137	12266.815791367448	4426.994151394395
30	5	1.2005555555555556	972.0526998949586	101.3088531678382	3.001595153156533	2.910647685161184	4190.332281795123	72693.45694754247	12266.815791367448	3941.461301730838
30	2	1.2005555555555556	907.6527899355548	97.17989723039311	3.3493423271701315	2.710529022351249	3722.0092843555262	75734.32492049405	12266.815791367448	3862.861403260417
30	0	1.2005555555555556	896.3260685188098	94.26140300673092	3.483492381091882	2.7091361385872466	3464.6481369721655	74196.73670315964	12266.815791367448	3918.1647880221362
30	-2	1.2005555555555556	910.4371550649672	91.50530188364134	3.4772388928633022	2.7857808017149113	3608.4638793755653	68707.84713789681	12266.815791367448	4009.808879461248
30	-5	1.2005555555555556	980.1324631635855	88.13988835320943	3.2257213725502676	3.006073957444294	4426.630352566568	59060.196463233806	12266.815791367448	4211.230900608717
30	-10	1.2005555555555556	1202.0122431971379	84.80040832925103	2.508861952705248	3.5194912497783335	5773.972330189223	42096.080278734415	12266.815791367448	4726.893686419748
30	-20	1.2005555555555556	1786.5971138764353	82.52686884232892	1.465457816467968	4.769562923732349	5297.2178945465685	25873.95828970883	12266.815791367448	6528.0564116296855
30	-40	1.2005555555555556	2547.2199729746685	82.724194661913	0.48445711828083726	5.940265296094866	2956.0297587425075	5867.961840653188	12266.815791367448	8634.272874377613
15	40	1.2005555555555556	2426.2105251419703	108.92995570849483	0.26328101085994426	6.074732808963971	3150.5829775434313	5397.089232781082	9383.106816495063	4431.634801251886
15	20	1.2005555555555556	1569.1833097361982	109.4791463914208	0.7975403488884248	4.625924792695459	5121.184837885951	26747.33399626625	9383.106816495063	3087.5913908800853
15	10	1.2005555555555556	954.8698682123156	107.34444893909988	1.3030712869999899	3.0096724605849747	4847.70128866702	36766.95261445681	9383.106816495063	1945.6722171084875
15	5	1.2005555555555556	755.1137796064169	103.42660617106782	1.970884712648203	2.33047039082918	4795.397271834205	61362.84573584918	9383.106816495063	1892.9936510955245
15	2	1.2005555555555556	700.7327645592795	98.67066075659893	2.4710382846068257	2.089963242656056	4876.340109059402	76968.78095431683	9383.106816495063	2051.5787515525944
15	0	1.2005555555555556	692.0016633301113	94.6660432459041	2.6564527945803142	2.0561749681069332	5095.058154888786	82474.77119178501	9383.106816495063	2143.899766054773
15	-2	1.2005555555555556	713.0025375335969	90.6289458154074	2.564647892961762	2.1329423680487207	5679.143555916051	78294.69031775305	9383.106816495063	2159.9026810871637
15	-5	1.2005555555555556	800.9861011828116	86.45401197136472	2.0850374374812715	2.3918355946822776	5724.059993504139	53201.67219517635	9383.106816495063	2109.031739356007
15	-10	1.2005555555555556	1033.8964102368743	83.61981299189527	1.4216990320561564	2.980227395470887	5573.078552735367	33041.88155846356	9383.106816495063	2217.289507138252
15	-20	1.2005555555555556	1620.2613048406024	82.01268777825342	0.8036098027524344	4.358798545242199	5426.1604155441755	23704.541459249296	9383.106816495063	3085.5730352750934
15	-40	1.2005555555555556	2475.868522961183	82.45071177376387	0.258000436491042	5.857336679769183	3150.5829775434313	5397.089232781085	9383.106816495063	4370.402054836962
10	40	1.2005555555555556	2412.7245676558323	108.98481544938358	0.17762916413121535	6.059400077394857	3189.739260248285	5302.320197010573	8938.160201271732	2960.737216237069
10	20	1.2005555555555556	1533.5046173707285	109.56419747209111	0.5418440986638111	4.53003361002274	5095.8226415488	26374.250503043884	8938.160201271732	2024.6008074549468
10	10	1.2005555555555556	917.1637854899475	107.65187782088155	0.8785814026968319	2.900479833975175	4740.541879338657	32712.910254377275	8938.160201271732	1255.5025843848255
10	5	1.2005555555555556	714.138543058837	104.30295215281942	1.41229408846593	2.2215517591493845	5367.227358053149	59112.80692475621	8938.160201271732	1268.743236360737
10	2	1.2005555555555556	666.9373148043946	99.25694587574417	1.843069855479277	1.9285632003305022	6229.699390381923	80330.51851682899	8938.160201271732	1433.8891951135683
10	0	1.2005555555555556	670.9003725323869	94.78343224377443	1.9245600409032033	1.8699537082482534	7666.83910922976	90576.50337779192	8938.160201271732	1489.422780297182
10	-2	1.2005555555555556	689.3564889021583	90.25823696450466	1.8495951077875088	1.9572763350050133	6935.340283335712	84267.0981557222	8938.160201271732	1489.9565513266382
10	-5	1.2005555555555556	769.7001821914419	85.89096540890523	1.4801239154583556	2.260092991157848	6136.996671816454	51188.41632937999	8938.160201271732	1424.0211807197227
10	-10	1.2005555555555556	1003.5723174542843	83.30979975572568	0.9723285217809067	2.8823444120782638	5618.262239362076	30706.84908611547	8938.160201271732	1463.2792120633706
10	-20	1.2005555555555556	1587.3076806336903	81.92768904467445	0.5417437387573449	4.266489885129371	5326.07217355306	22852.84953834957	8938.160201271732	2022.8357456450221
10	-40	1.2005555555555556	2462.382565475051	82.3984274339163	0.1740469796369242	5.841122524559579	3189.739260248285	5302.320197010575	8938.160201271732	2919.65463352265
5	40	1.2005555555555556	2404.5917187420955	109.01800986098297	0.08945537689465992	6.050070379395166	3213.71927393177	5244.281930414165	8622.846593737871	1482.2224361791386
5	20	1.2005555555555556	1512.0890885791746	109.6139057214731	0.2739207577283291	4.470644073484497	5055.617730958696	25754.471543402025	8622.846593737871	1001.7903385616091
5	10	1.2005555555555556	895.7721463762293	107.84904642691832	0.4417083529037253	2.837967652678592	4610.300548206629	29695.907284040422	8622.846593737871	615.7293169838853
5	5	1.2005555555555556	687.5217042401695	105.02133565719527	0.7352716582712884	2.155775567874537	5735.524777311117	53655.52547759743	8622.846593737871	632.7688153108827
5	2	1.2005555555555556	655.9643289817428	99.54396491243817	0.9747601295346192	1.8128115950794368	7264.591684555468	88123.14875434767	8622.846593737871	740.6150916885321
5	0	1.2005555555555556	670.9003725881779	94.783432245272	0.9549144728397998	1.7420498731951035	7406.926725747638	89541.17395493393	8622.846593737871	740.077168688737
5	-2	1.2005555555555556	686.0385516893197	90.22560282128877	0.9338432575523519	1.8345582232238025	7412.277872526557	89705.01178723203	8622.846593737871	747.906871152001
5	-5	1.2005555555555556	750.8751410162065	85.47767248164352	0.7758740740701021	2.1767811325057456	6532.709014875185	50294.82310832162	8622.846593737871	722.8229078199622
5	-10	1.2005555555555556	985.1806759377944	83.1009327278912	0.4932416988621816	2.824150169122003	5644.199063180138	28846.41015713418	8622.846593737871	726.5763353701674
5	-20	1.2005555555555556	1567.8145320111526	81.87580886418728	0.2725423217754166	4.211340537348445	5230.489461781142	22188.406915004824	8622.846593737871	1001.1244080532218
5	-40	1.2005555555555556	2454.2497165613045	82.3668020652704	0.08764538385247964	5.831258274502403	3213.7192739317734	5244.281930414172	8622.846593737871	1461.60268042601
2	40	1.2005555555555556	2402.308961295434	109.02734210265896	0.03585436960957621	6.047440332241839	3220.499619404646	5227.871618753659	8519.372319745116	593.0944131324742
2	20	1.2005555555555556	1506.1725920323552	109.62807610992762	0.10995022872249327	4.454095890229799	5048.514104636994	25555.91695384764	8519.372319745116	399.63119966405935
2	10	1.2005555555555556	890.0304903174563	107.90663425557644	0.17708747663170965	2.8212190546380094	4585.324263737889	28873.058499435443	8519.372319745116	245.148863304014
2	5	1.2005555555555556	680.0123784703034	105.24350105413481	0.29715928755329746	2.137189258665448	5798.617612271121	50876.18392408559	8519.372319745116	252.66886443570516
2	2	1.2005555555555556	655.8106064619017	99.53609523603978	0.38992052353768814	1.7766185105417864	7340.694461960187	89418.12812479181	8519.372319745116	296.2205262132378
2	0	1.2005555555555556	670.9003726029914	94.78343224567618	0.38115050390804767	1.7069328121471627	7336.0899821204475	89254.81437272756	8519.372319745116	295.5245115564853
2	-2	1.2005555555555556	685.9901386466872	90.23985847641629	0.3727663136849977	1.7996686596204294	7340.694467569916	89418.12823919456	8519.372319745116	298.6435876615186
2	-5	1.2005555555555556	745.6170661853628	85.34814042158239	0.31579592971448167	2.1526093538672075	6738.216425458051	50515.221857197736	8519.372319745116	291.33386648690396
2	-10	1.2005555555555556	980.0306532140271	83.0399861739787	0.1980587522348002	2.8078831316156716	5644.807108112875	28222.088228806802	8519.372319745116	290.02224338245054
2	-20	1.2005555555555556	1562.4119025097966	81.86105923407152	0.1092055622266525	4.19601853177381	5204.84824387138	22003.035691117235	8519.372319745116	399.3180655690673
2	-40	1.2005555555555556	2451.966959114655	82.35791240511846	0.035128235759663395	5.828477779935964	3220.4996194046444	5227.871618753645	8519.372319745116	584.8377099569195
0	40	1.2005555555555556	2401.873874291734	109.02912155617061	-0.00000000000000025330314968099305	6.046938485595333	3221.7943980125942	5224.737896353639	8499.807928058532	-0.0000000000006084022174945858
0	20	1.2005555555555556	1505.049253425011	109.63079429916709	-0.00000000000000015763913361803951	4.450948120561257	5048.535656914722	25518.03189109044	8499.807928058532	-0.00000000000023725466036239595
0	10	1.2005555555555556	888.9550239872785	107.91781815579134	-0.00000000000000032190603222377337	2.8180898475918585	4581.381512725648	28717.927510349477	8499.807928058532	-0.0000000000002861599845971341
0	5	1.2005555555555556	678.5847498731321	105.2864277671797	0.00000000000000012041593128594246	2.1336199974092542	5810.296914334722	50338.84572878447	8499.807928058532	0.00000000000008171241461241152
0	2	1.2005555555555556	655.8197987412217	99.53313346721866	-0.00000000000000043337681303547926	1.7697162771962245	7327.154806629191	89363.65701642496	8499.807928058532	-0.00000000000028421709430404007
0	0	1.2005555555555556	670.9003726057748	94.7834322457524	-0.000000000000000005295441504976026	1.700277777705326	7322.691304080621	89200.44275074697	8499.807928058532	-0.000000000000003552713678800501
0	-2	1.2005555555555556	685.9809463729614	90.24256545124445	-0.00000000000000018871078760387525	1.7930561701927648	7327.154812188262	89363.65713085464	8499.807928058532	-0.00000000000012945200467129325
0	-5	1.2005555555555556	744.6595322697401	85.32376512618285	0.00000000000000002146915585149746	2.1478895271977	6785.476401534419	50646.13150822449	8499.807928058532	0.000000000000015987211554602254
0	-10	1.2005555555555556	979.0516741041832	83.02830181208249	-0.00000000000000005805967178680211	2.804782467102685	5644.955757638134	28102.999128260115	8499.807928058532	-0.00000000000005684341886080802
0	-20	1.2005555555555556	1561.385545525098	81.85823860675796	-0.00000000000000029124603605417097	4.193105896551776	5200.018713449327	21967.75933615659	8499.807928058532	-0.0000000000004547473508864641
0	-40	1.2005555555555556	2451.531872110943	82.3562174151856	0.0000000000000008231348702887121	5.82794723814503	3221.7943980125947	5224.737896353643	8499.807928058532	0.0000000000020179413695586845
-2	40	1.2005555555555556	2402.308961295434	109.02734210265899	-0.035854369609576144	6.047440332241841	3220.499619404646	5227.87161875365	8519.372319745116	-593.0944131324742
-2	20	1.2005555555555556	1506.1725920323556	109.62807610992766	-0.10995022872249305	4.454095890229795	5048.514104636994	25555.916953847693	8519.372319745116	-399.631199664059
-2	10	1.2005555555555556	890.0304903174557	107.90663425557645	-0.1770874766317095	2.8212190546380094	4585.324263737889	28873.05849943546	8519.372319745116	-245.14886330401373
-2	5	1.2005555555555556	680.0123784703035	105.2435010541348	-0.29715928755329685	2.1371892586654466	5798.61761227112	50876.18392408561	8519.372319745116	-252.66886443570476
-2	2	1.2005555555555556	655.8106064619019	99.53609523603977	-0.38992052353768764	1.7766185105417864	7340.694461960187	89418.12812479177	8519.372319745116	-296.2205262132376
-2	0	1.2005555555555556	670.9003726029918	94.78343224567614	-0.38115050390804806	1.7069328121471632	7336.089982120448	89254.81437272756	8519.372319745116	-295.5245115564858
-2	-2	1.2005555555555556	685.9901386466877	90.23985847641627	-0.3727663136849973	1.7996686596204285	7340.694467569918	89418.12823919456	8519.372319745116	-298.6435876615185
-2	-5	1.2005555555555556	745.6170661853632	85.34814042158237	-0.31579592971448284	2.1526093538672075	6738.216425458051	50515.22185719774	8519.372319745116	-291.333866486905
-2	-10	1.2005555555555556	980.0306532140266	83.03998617397869	-0.19805875223480038	2.8078831316156707	5644.807108112875	28222.088228806773	8519.372319745116	-290.0222433824505
-2	-20	1.2005555555555556	1562.411902509797	81.86105923407153	-0.10920556222665341	4.19601853177381	5204.84824387138	22003.03569111727	8519.372319745116	-399.3180655690689
-2	-40	1.2005555555555556	2451.9669591146558	82.35791240511844	-0.03512823575966243	5.828477779935964	3220.499619404645	5227.871618753652	8519.372319745116	-584.8377099569174
-5	40	1.2005555555555556	2404.5917187420973	109.0180098609829	-0.08945537689466007	6.0500703793951605	3213.719273931769	5244.281930414156	8622.846593737871	-1482.222436179139
-5	20	1.2005555555555556	1512.089088579174	109.6139057214731	-0.2739207577283291	4.470644073484495	5055.617730958695	25754.471543402033	8622.846593737871	-1001.7903385616083
-5	10	1.2005555555555556	895.772146376229	107.84904642691839	-0.4417083529037261	2.8379676526785946	4610.300548206628	29695.907284040444	8622.846593737871	-615.729316983886
-5	5	1.2005555555555556	687.5217042401697	105.02133565719527	-0.7352716582712879	2.1557755678745365	5735.524777311115	53655.52547759748	8622.846593737871	-632.7688153108826
-5	2	1.2005555555555556	655.9643289817426	99.54396491243821	-0.9747601295346189	1.812811595079438	7264.591684555471	88123.14875434768	8622.846593737871	-740.6150916885316
-5	0	1.2005555555555556	670.9003725881779	94.783432245272	-0.9549144728398005	1.7420498731951037	7406.926725747638	89541.17395493391	8622.846593737871	-740.0771686887373
-5	-2	1.2005555555555556	686.0385516893198	90.22560282128872	-0.9338432575523512	1.834558223223803	7412.277872526556	89705.01178723203	8622.846593737871	-747.9068711520009
-5	-5	1.2005555555555556	750.8751410162066	85.4776724816435	-0.7758740740701021	2.176781132505746	6532.709014875183	50294.82310832164	8622.846593737871	-722.8229078199623
-5	-10	1.2005555555555556	985.1806759377943	83.1009327278912	-0.49324169886218167	2.8241501691220035	5644.199063180136	28846.41015713418	8622.846593737871	-726.5763353701674
-5	-20	1.2005555555555556	1567.814532011152	81.87580886418729	-0.27254232177541704	4.211340537348446	5230.4894617811415	22188.406915004824	8622.846593737871	-1001.1244080532224
-5	-40	1.2005555555555556	2454.249716561304	82.3668020652704	-0.0876453838524787	5.8312582745024	3213.719273931773	5244.281930414181	8622.846593737871	-1461.602680426007
-10	40	1.2005555555555556	2412.7245676558327	108.98481544938352	-0.17762916413121557	6.0594000773948595	3189.739260248284	5302.320197010571	8938.160201271732	-2960.7372162370702
-10	20	1.2005555555555556	1533.5046173707278	109.5641974720911	-0.541844098663811	4.530033610022742	5095.822641548802	26374.250503043935	8938.160201271732	-2024.6008074549463
-10	10	1.2005555555555556	917.1637854899476	107.65187782088155	-0.878581402696832	2.900479833975174	4740.541879338658	32712.910254377268	8938.160201271732	-1255.5025843848257
-10	5	1.2005555555555556	714.1385430588374	104.30295215281936	-1.4122940884659294	2.221551759149384	5367.227358053151	59112.80692475622	8938.160201271732	-1268.7432363607375
-10	2	1.2005555555555556	666.9373148043938	99.25694587574425	-1.843069855479279	1.928563200330503	6229.699390381918	80330.5185168289	8938.160201271732	-1433.8891951135681
-10	0	1.2005555555555556	670.9003725323863	94.78343224377447	-1.9245600409032055	1.8699537082482536	7666.839109229758	90576.50337779192	8938.160201271732	-1489.4227802971823
-10	-2	1.2005555555555556	689.3564889021582	90.25823696450468	-1.8495951077875088	1.957276335005014	6935.340283335709	84267.09815572217	8938.160201271732	-1489.956551326638
-10	-5	1.2005555555555556	769.7001821914415	85.89096540890525	-1.4801239154583563	2.2600929911578485	6136.996671816453	51188.41632937994	8938.160201271732	-1424.0211807197227
-10	-10	1.2005555555555556	1003.5723174542841	83.30979975572572	-0.9723285217809069	2.8823444120782655	5618.262239362076	30706.84908611546	8938.160201271732	-1463.2792120633708
-10	-20	1.2005555555555556	1587.3076806336908	81.92768904467448	-0.5417437387573449	4.266489885129372	5326.07217355306	22852.84953834954	8938.160201271732	-2022.8357456450235
-10	-40	1.2005555555555556	2462.382565475051	82.39842743391628	-0.17404697963692412	5.84112252455958	3189.739260248284	5302.320197010571	8938.160201271732	-2919.65463352265
-15	40	1.2005555555555556	2426.2105251419707	108.92995570849477	-0.263281010859945	6.074732808963972	3150.5829775434313	5397.089232781071	9383.106816495067	-4431.634801251888
-15	20	1.2005555555555556	1569.183309736198	109.47914639142081	-0.7975403488884248	4.625924792695457	5121.184837885951	26747.333996266316	9383.106816495067	-3087.5913908800844
-15	10	1.2005555555555556	954.8698682123159	107.34444893909985	-1.3030712869999894	3.009672460584974	4847.701288667022	36766.9526144568	9383.106816495067	-1945.672217108487
-15	5	1.2005555555555556	755.1137796064169	103.42660617106779	-1.9708847126482034	2.3304703908291806	4795.397271834202	61362.84573584915	9383.106816495067	-1892.993651095525
-15	2	1.2005555555555556	700.73276455928	98.67066075659889	-2.4710382846068257	2.089963242656055	4876.3401090594025	76968.78095431681	9383.106816495067	-2051.578751552596
-15	0	1.2005555555555556	692.0016633301116	94.66604324590408	-2.6564527945803142	2.0561749681069315	5095.058154888786	82474.77119178501	9383.106816495067	-2143.8997660547734
-15	-2	1.2005555555555556	713.0025375335974	90.62894581540738	-2.564647892961761	2.1329423680487207	5679.143555916053	78294.69031775306	9383.106816495067	-2159.9026810871646
-15	-5	1.2005555555555556	800.9861011828118	86.4540119713647	-2.0850374374812706	2.391835594682279	5724.059993504139	53201.67219517633	9383.106816495067	-2109.0317393560076
-15	-10	1.2005555555555556	1033.8964102368743	83.61981299189527	-1.4216990320561576	2.980227395470887	5573.078552735368	33041.88155846356	9383.106816495067	-2217.2895071382527
-15	-20	1.2005555555555556	1620.2613048406029	82.01268777825344	-0.8036098027524344	4.358798545242199	5426.160415544176	23704.54145924928	9383.106816495067	-3085.5730352750943
-15	-40	1.2005555555555556	2475.868522961182	82.4507117737639	-0.2580004364910421	5.857336679769185	3150.5829775434313	5397.089232781089	9383.106816495067	-4370.402054836961
-30	40	1.2005555555555556	2497.561975155462	108.64337223407387	-0.49408937996739366	6.15309959254634	2956.029758742507	5867.961840653179	12266.815791367446	-8752.565456731203
-30	20	1.2005555555555556	1750.139929128477	108.95983657560323	-1.4290796664677892	5.047177178583745	4883.0651608102635	27760.751453107077	12266.815791367446	-6582.640100389644
-30	10	1.2005555555555556	1164.7154271210911	105.99061359439533	-2.3319645075760764	3.562765843132532	4822.062688692522	55128.1043658514	12266.815791367446	-4426.994151394396
-30	5	1.2005555555555556	972.0526998949587	101.30885316783821	-3.0015951531565332	2.910647685161185	4190.332281795119	72693.45694754242	12266.815791367446	-3941.461301730839
-30	2	1.2005555555555556	907.652789935555	97.17989723039311	-3.349342327170131	2.710529022351249	3722.009284355529	75734.3249204941	12266.815791367446	-3862.861403260417
-30	0	1.2005555555555556	896.3260685188104	94.26140300673083	-3.483492381091883	2.7091361385872452	3464.6481369721655	74196.73670315961	12266.815791367446	-3918.164788022139
-30	-2	1.2005555555555556	910.4371550649668	91.50530188364137	-3.4772388928633036	2.785780801714912	3608.4638793755635	68707.84713789677	12266.815791367446	-4009.8088794612477
-30	-5	1.2005555555555556	980.1324631635856	88.13988835320941	-3.225721372550268	3.006073957444293	4426.630352566568	59060.1964632338	12266.815791367446	-4211.230900608717
-30	-10	1.2005555555555556	1202.012243197138	84.800408329251	-2.5088619527052467	3.5194912497783313	5773.972330189222	42096.080278734415	12266.815791367446	-4726.893686419746
-30	-20	1.2005555555555556	1786.5971138764353	82.52686884232895	-1.4654578164679681	4.769562923732349	5297.217894546569	25873.95828970882	12266.815791367446	-6528.056411629686
-30	-40	1.2005555555555556	2547.2199729746676	82.72419466191302	-0.48445711828083715	5.940265296094868	2956.029758742507	5867.961840653184	12266.815791367446	-8634.272874377612
-60	40	1.2005555555555556	2758.9867283949384	107.63946064987705	-0.774698667368199	6.405595763645468	2424.500480202342	7154.409729252241	7840.9807469822135	-16373.91853443958
-60	20	1.2005555555555556	2351.7621307506706	106.90877753595193	-1.9425259944143451	5.957857783232907	3972.067859916686	35156.045499117856	7840.9807469822135	-14418.463576844932
-60	5	1.2005555555555556	1980.189850663717	99.50680666961532	-3.7195134538925014	5.227106361231665	7204.349812024497	100549.35282512152	7840.9807469822135	-12646.608468973996
-60	10	1.2005555555555556	2076.799344028434	103.23007358778784	-3.1470242512160156	5.417560386216708	5823.321676076846	82074.26908665826	7840.9807469822135	-13011.681724564836
-60	2	1.2005555555555556	1941.5125969232727	96.76304852774402	-3.9368095741713223	5.189245745716886	7589.482436792176	105488.11939036073	7840.9807469822135	-12546.876494748336
-60	0	1.2005555555555556	1920.3430094636801	94.86525443697859	-3.9942817891697895	5.178481291376509	7410.741777371399	103188.94922369257	7840.9807469822135	-12447.350843721035
-60	-2	1.2005555555555556	1904.5241897856736	92.99579442582888	-3.9790546330938286	5.183163844454973	7200.769814669378	99314.20692938227	7840.9807469822135	-12338.038830989464
-60	-5	1.2005555555555556	1898.8180318111285	90.37805833313224	-3.8299917558752963	5.229469133572466	6773.055061561805	87765.30552529269	7840.9807469822135	-12235.696667717137
-60	-10	1.2005555555555556	1984.271720720077	87.32876987003866	-3.3371902083787766	5.382963800613389	5937.683372009298	61008.94097354473	7840.9807469822135	-12561.19104529971
-60	-20	1.2005555555555556	2350.88388937285	84.47788236074568	-2.038962941217237	5.731162798218874	4512.884426290724	35461.13237139627	7840.9807469822135	-14064.90115641857
-60	-40	1.2005555555555556	2808.6447262141533	83.68660917360629	-0.7610016752297256	6.208107551629186	2424.500480202341	7154.4097292522365	7840.9807469822135	-16169.029771644693
60	40	0	2656.9544843654535	107.99359238413957	0.8044486099973845	6.401874451613443	2424.5004802023404	7154.409729252231	7840.980746982219	15799.341278475911
60	20	0	2142.6075100992184	107.55098283274349	2.061378455248319	5.911432161654212	3825.9601616865966	32910.248782630384	7840.980746982219	13177.335407316386
60	10	0	1778.0667588071774	104.01003378718126	3.34823262906407	5.2944893088024125	5407.265552788918	76090.73190099532	7840.980746982219	11129.41513457382
60	5	0	1645.413682326892	99.92993698933834	3.9731647080522094	5.0059014223174385	6542.414773558234	94855.03289412096	7840.980746982219	10402.009379578318
60	2	0	1594.1366905777518	96.7794793366896	4.203952306506062	4.908787985407506	7231.545690728548	101538.31804019799	7840.980746982219	10127.727743597321
60	0	0	1575.761389124235	94.53323145791246	4.2691546198634684	4.902042659480011	7245.4036489574755	100090.2262688826	7840.980746982219	10053.154048203978
60	-2	0	1566.6253686580553	92.35211287413081	4.252265594167534	4.927013872196745	6894.566937937587	94332.745155849	7840.980746982219	10015.517407504834
60	-5	0	1584.917290445099	89.55522361268562	4.091417521750208	5.030632401692972	6106.456074280508	75330.8054688069	7840.980746982219	10147.217748585339
60	-10	0	1712.2447826059301	86.61751764156472	3.5813372392664475	5.261473906577675	5336.973980426916	52322.68243704488	7840.980746982219	10868.026320767844
60	-20	0	2133.8661168029453	83.93694926805387	2.2203984654066384	5.669608470354348	4481.270265213285	33418.85858971708	7840.980746982219	12846.352430691257
60	-40	0	2706.6124821846684	83.34702821429661	0.7896894571508429	6.197009722763647	2424.5004802023386	7154.4097292522365	7840.980746982219	15594.452515681012
30	40	0	2320.8369444861232	109.2625118759408	0.531712859305561	6.126493760598594	2956.0297587425134	5867.961840653183	12266.815791367448	8177.988200767519
30	20	0	1397.916002585151	109.96508406789943	1.5943013580541117	4.77916252225666	4446.390067894718	22797.72504555923	12266.815791367448	5270.544166071454
30	10	0	768.2860525753525	107.53452806920144	2.5702690344753885	3.1732005632194356	3249.779576832444	34771.53257636959	12266.815791367448	2929.1048348525696
30	5	0	559.0219946686531	102.48363618237438	3.484449211653369	2.470992729544232	2160.0898732656633	52007.2391973477	12266.815791367448	2377.5864521646304
30	2	0	504.9182904089093	97.25118310530766	4.053077757199423	2.3073236003774547	1617.0205803607469	55237.46011229076	12266.815791367448	2354.802629746182
30	0	0	500.4437287033829	93.52590653218155	4.224009167769166	2.319366414738825	1497.070015922086	51499.899599079065	12266.815791367448	2411.0290145987556
30	-2	0	521.1216820285375	90.2189180112257	4.194353981744797	2.418413727995788	1620.6892326532125	46752.51266643905	12266.815791367448	2523.075224209804
30	-5	0	596.3574247709772	86.64699302428897	3.86153624673796	2.6647486609303024	2234.9335353148495	37145.471826243025	12266.815791367448	2788.9029587877885
30	-10	0	815.8623586259614	83.4970546765053	2.9868608956185443	3.189884449899426	4089.7749100460624	29137.052084326046	12266.815791367448	3411.642378085056
30	-20	0	1433.8594602060678	81.57974479861701	1.6789341274159006	4.488750843867998	5064.652485140847	20562.871114067995	12266.815791367448	5302.950020652235
30	-40	0	2370.4949423053317	82.13704570894444	0.5205743432359338	5.898349600128701	2956.0297587425093	5867.961840653181	12266.815791367448	8059.695618413933
15	40	0	2229.099365897346	109.6237208943154	0.2865619942255331	6.036906910216748	3150.5829775434304	5397.089232781076	9383.106816495063	4099.902467851009
15	20	0	1183.5888126779764	110.55143509774759	0.8907501655531564	4.224884202514813	4264.7212231517005	19142.52882017925	9383.106816495063	2312.5894259085444
15	10	0	563.560246783555	109.42131576974327	1.5046916594963844	2.593816519053155	3020.6914844915327	18694.963388869048	9383.106816495063	1197.4244366236228
15	5	0	330.93545482334156	106.90968764984969	2.5324195452815865	1.9587567068676282	2347.9332820977424	29143.404010754643	9383.106816495063	977.283169215311
15	2	0	245.14368741504524	100.51195494132651	3.7302541828352007	1.6893408129215575	1565.6013562925327	46969.029406399495	9383.106816495063	990.4742474268655
15	0	0	232.25674286403992	93.52590653966742	4.224009167851445	1.6659099225675065	1078.9533629786115	46173.54683570106	9383.106816495063	1047.7679435014168
15	-2	0	260.7562462585151	87.80173795962573	4.017778947720264	1.7784527517655484	1463.8391604196831	35946.78594919822	9383.106816495063	1131.9882086668772
15	-5	0	368.70456187306445	83.66911725556047	3.0615872693724135	2.04851150747335	3197.36295690173	25791.625185899484	9383.106816495063	1285.8424132561943
15	-10	0	631.2679290331082	81.64225487361219	1.8057525095512321	2.6119017998851635	4226.892147323377	17848.491317399523	9383.106816495063	1527.8154197834072
15	-20	0	1243.5074894778518	80.97602530230175	0.9166922247725207	3.9697923153226955	4754.331729058856	16340.179328746337	9383.106816495063	2378.7235708664684
15	-40	0	2278.757363716561	81.79526702750528	0.28031732109319457	5.801530435551327	3150.582977543427	5397.089232781078	9383.106816495063	4038.6697214360893
10	40	0	2211.760277700886	109.69285335716638	0.1937688512414417	6.019139266933975	3189.739260248287	5302.320197010582	8938.160201271732	2733.8189358060204
10	20	0	1144.5556521205779	110.66930786474714	0.6072843124974904	4.114896076224929	4216.74460971102	18094.57098548639	8938.160201271732	1502.3466151187768
10	10	0	531.6620017806985	109.9383849113911	1.0473896162797716	2.504790186530485	3103.2222731467327	15419.462246606177	8938.160201271732	779.6449316248278
10	5	0	284.14011154005556	108.51606390302132	1.9072494635934765	1.8444996007295555	2599.7927949892833	19918.333358138803	8938.160201271732	624.7013718218304
10	2	0	174.71641493863586	103.33944196964207	3.3148136337331784	1.5302400975697035	1872.0544097866914	41661.360138056145	8938.160201271732	616.7799692367059
10	0	0	152.83916272926425	93.52590654283213	4.224009167923158	1.4724033914784773	1018.0746658882103	45288.25170479017	8938.160201271732	674.8639431660101
10	-2	0	190.02963083627537	86.00519148105958	3.7469719406780495	1.5996833091340752	1849.733644429475	30788.915208126775	8938.160201271732	754.0051007998097
10	-5	0	322.3560417458277	82.29401701966668	2.3259758108511726	1.8941618897528503	3821.6011880335514	20141.84998253071	8938.160201271732	844.4299522170684
10	-10	0	598.8369668945018	81.16994525492083	1.2526497891645016	2.498348116255662	4275.120677484792	14950.517918794998	8938.160201271732	998.5323902126834
10	-20	0	1209.8176973230068	80.85734441633687	0.6200380453882781	3.8709064995091533	4621.928390535564	15310.948685919655	8938.160201271732	1551.947045117274
10	-40	0	2261.418275520102	81.73000309318054	0.1895139226877375	5.782348234025685	3189.739260248286	5302.3201970105765	8938.160201271732	2692.7363530915977
5	40	0	2201.303757668939	109.73468395952439	0.0977164817569907	6.008289005615446	3213.7192739317707	5244.281930414167	8622.846593737871	1367.0130058426187
5	20	0	1121.2391219461583	110.74404080718817	0.307822143374638	4.048405204941379	4203.156351696582	17480.995907133394	8622.846593737871	739.448847428769
5	10	0	513.0660384133662	110.27998660962298	0.538522222222518	2.4515886208441127	3180.6886858160105	13678.65376466341	8622.846593737871	384.87290225285
5	5	0	255.99381617535215	109.76539508808143	1.0486848401242088	1.7698193378968665	2946.8771777399643	13698.82555931377	8622.846593737871	306.9223002751967
5	2	0	119.55283447863688	107.67713014698988	2.2570678537763507	1.4111781543435638	2409.4066169446833	23049.497192054303	8622.846593737871	283.51611691832176
5	0	0	75.83464555700371	93.52590654639248	4.224009168037947	1.2847764584008399	983.5610669269818	44770.58702190329	8622.846593737871	327.5989335057211
5	-2	0	134.69101349878085	83.01302139012331	2.753068722096668	1.4402767436664177	3423.2285864643654	22587.459250028605	8622.846593737871	386.3101046341446
5	-5	0	293.92021574241033	81.17923768142828	1.2663152154063295	1.7867077849843198	4162.231509033236	14325.895911362408	8622.846593737871	416.54912253184335
5	-10	0	579.6853476395667	80.86452649020846	0.6420649457946039	2.4283050995953865	4308.164533015952	13186.666790481708	8622.846593737871	493.46435732173967
5	-20	0	1190.0269371263596	80.7837033758331	0.3127623667149027	3.8123282848228284	4550.0168236761965	14699.60200881774	8622.846593737871	766.1851757067523
5	-40	0	2250.9617554881484	81.69053733426148	0.09556077883304881	5.770637359273194	3213.719273931771	5244.281930414167	8622.846593737871	1346.39325008949
2	40	0	2198.368783808946	109.74644425811061	0.039180538792698165	6.005224963240493	3220.499619404647	5227.8716187536575	8519.372319745116	546.8134575225631
2	20	0	1114.725986944278	110.7655129436226	0.12359952515421177	4.029709601523021	4199.483995827195	17310.4551015111	8519.372319745116	294.4649784703808
2	10	0	507.897272923582	110.37962520421016	0.21713660295926057	2.4364661137127084	3202.6230746048873	13187.214933421717	8519.372319745116	153.40314406523552
2	5	0	248.18447039043411	110.16562764583932	0.4317495405520297	1.7470069858389046	3058.876884737635	11973.948201396845	8519.372319745116	122.21997993140886
2	2	0	101.87354606199985	109.76241615602511	1.0518288150537283	1.3665622416156182	2932.8320220408805	13536.983640399063	8519.372319745116	111.94684343356471
2	0	0	30.269112255276184	93.52590654875159	4.2240091681365834	1.1737528252430136	974.1547012078731	44627.40724732748	8519.372319745116	129.01904587711275
2	-2	0	116.96331199429599	81.18186293712498	1.270146009421518	1.373311966888973	4134.0445357798235	14156.712948358538	8519.372319745116	154.07579045228448
2	-5	0	285.98957839367364	80.8278104005244	0.5194611804132974	1.7537469964134378	4253.145702109315	12516.562955326488	8519.372319745116	165.97394492241494
2	-10	0	574.3628944593349	80.7758034451148	0.25865264871980115	2.40840327492774	4317.953037941088	12689.256520777926	8519.372319745116	196.7463706480969
2	-20	0	1184.5407729320304	80.76274737865394	0.12541609995454575	3.796022041405736	4530.846396212673	14529.214725082988	8519.372319745116	305.39706846310423
2	-40	0	2248.026781628168	81.67944518523723	0.038315056617030004	5.767330727635218	3220.4996194046444	5227.871618753636	8519.372319745116	538.5567543470075
0	40	0	2197.8093862327596	109.74868669484525	-0.0000000000000005407123716018708	6.004640037058943	3221.7943980125942	5224.737896353639	8499.807928058532	-0.0000000000011883827255587676
0	20	0	1113.4861879252617	110.76962963545499	0.00000000000000003669215455858719	4.02614441017769	4198.786820355727	17278.037385354	8499.807928058532	0.00000000000004085620730620576
0	10	0	506.9146100298922	110.39881018670958	-0.000000000000000028034020787769374	2.4335737223615426	3206.8131524173655	13093.40475899278	8499.807928058532	-0.000000000000014210854715202004
0	5	0	246.69915635311477	110.24463402222686	-0.000000000000000007200498232988069	1.7425350069764036	3080.1967341722934	11640.313729398844	8499.807928058532	-0.0000000000000017763568394002503
0	2	0	98.46903625903923	110.24463402579435	-0.0000000000000000811788769443484	1.3564654205165394	3070.3460325501005	11528.990661314332	8499.807928058532	-0.000000000000007993605777301127
0	0	0	0.00000000000014489874912014709	87.65321417329962	0.4740446189332232	1.1	7322.691312543572	89200.44289443623	8499.807928058532	0.00000000000006868847231056084
0	-2	0	113.54960990894789	80.75873884686138	0.0000000000000023152947195683855	1.358369653800885	4256.808779928125	12051.010572902647	8499.807928058532	0.00000000000026290081223123707
0	-5	0	284.48123450348277	80.7587388468614	-0.0000000000000005994429013219721	1.7473057734892399	4270.46605968057	12167.374241359299	8499.807928058532	-0.00000000000017053025658242402
0	-10	0	573.3510506004285	80.75873884686139	-0.00000000000000029742730287812364	2.4045972819174994	4319.843780699598	12594.332862764997	8499.807928058532	-0.00000000000017053025658242404
0	-20	0	1183.4984944751104	80.75873884686139	-0.00000000000000016810495910353024	3.7929207113665875	4527.241730893365	14496.798249407148	8499.807928058532	-0.00000000000019895196601282805
0	-40	0	2247.467384051967	81.67733031504686	0.0000000000000004299675837304129	5.766699513264356	3221.7943980125965	5224.737896353654	8499.807928058532	0.0000000000009663381206337363
-2	40	0	2198.368783808947	109.74644425811056	-0.0391805387926988	6.005224963240491	3220.4996194046466	5227.871618753645	8519.372319745116	-546.8134575225646
-2	20	0	1114.7259869442778	110.76551294362255	-0.12359952515421196	4.029709601523023	4199.483995827194	17310.45510151112	8519.372319745116	-294.46497847038097
-2	10	0	507.897272923582	110.37962520421014	-0.21713660295926024	2.4364661137127066	3202.6230746048873	13187.214933421703	8519.372319745116	-153.40314406523532
-2	5	0	248.184470390434	110.16562764583931	-0.43174954055202974	1.7470069858389043	3058.8768847376346	11973.94820139687	8519.372319745116	-122.21997993140882
-2	2	0	101.87354606199982	109.76241615602518	-1.0518288150537292	1.3665622416156187	2932.832022040881	13536.983640399067	8519.372319745116	-111.94684343356477
-2	0	0	30.2691122552762	93.52590654875156	-4.224009168136586	1.173752825243014	974.1547012078736	44627.40724732748	8519.372319745116	-129.0190458771129
-2	-2	0	116.96331199429602	81.18186293712498	-1.2701460094215173	1.3733119668889728	4134.0445357798235	14156.712948358545	8519.372319745116	-154.07579045228442
-2	-5	0	285.9895783936737	80.82781040052441	-0.5194611804132971	1.7537469964134382	4253.1457021093165	12516.562955326524	8519.372319745116	-165.97394492241492
-2	-10	0	574.3628944593348	80.77580344511482	-0.25865264871980104	2.40840327492774	4317.953037941089	12689.25652077797	8519.372319745116	-196.7463706480968
-2	-20	0	1184.5407729320307	80.76274737865394	-0.125416099954546	3.796022041405735	4530.8463962126725	14529.214725082988	8519.372319745116	-305.3970684631045
-2	-40	0	2248.0267816281676	81.67944518523723	-0.03831505661702941	5.767330727635217	3220.499619404643	5227.871618753632	8519.372319745116	-538.556754347006
-5	40	0	2201.3037576689403	109.73468395952435	-0.0977164817569909	6.008289005615443	3213.719273931772	5244.281930414178	8622.846593737871	-1367.013005842619
-5	20	0	1121.2391219461563	110.74404080718821	-0.30782214337463815	4.0484052049413775	4203.15635169658	17480.99590713338	8622.846593737871	-739.4488474287676
-5	10	0	513.0660384133663	110.27998660962304	-0.5385222222225186	2.451588620844113	3180.688685816009	13678.653764663395	8622.846593737871	-384.87290225285045
-5	5	0	255.99381617535218	109.76539508808148	-1.0486848401242088	1.7698193378968659	2946.877177739964	13698.825559313755	8622.846593737871	-306.92230027519673
-5	2	0	119.5528344786369	107.67713014698987	-2.25706785377635	1.4111781543435644	2409.4066169446814	23049.497192054307	8622.846593737871	-283.51611691832176
-5	0	0	75.83464555700371	93.52590654639248	-4.224009168037946	1.2847764584008394	983.5610669269822	44770.587021903295	8622.846593737871	-327.59893350572105
-5	-2	0	134.6910134987809	83.01302139012331	-2.7530687220966654	1.4402767436664181	3423.2285864643627	22587.459250028598	8622.846593737871	-386.3101046341444
-5	-5	0	293.92021574241045	81.1792376814283	-1.26631521540633	1.7867077849843203	4162.231509033236	14325.895911362364	8622.846593737871	-416.5491225318437
-5	-10	0	579.6853476395664	80.86452649020849	-0.6420649457946038	2.428305099595388	4308.164533015951	13186.666790481686	8622.846593737871	-493.4643573217395
-5	-20	0	1190.0269371263573	80.78370337583311	-0.3127623667149022	3.8123282848228257	4550.016823676192	14699.602008817696	8622.846593737871	-766.18517570675
-5	-40	0	2250.961755488148	81.6905373342615	-0.09556077883304841	5.770637359273194	3213.719273931771	5244.281930414181	8622.846593737871	-1346.393250089489
-10	40	0	2211.7602777008856	109.69285335716641	-0.19376885124144225	6.019139266933979	3189.7392602482855	5302.320197010567	8938.160201271732	-2733.818935806022
-10	20	0	1144.5556521205767	110.6693078647472	-0.6072843124974912	4.114896076224935	4216.744609711019	18094.57098548641	8938.160201271732	-1502.346615118777
-10	10	0	531.6620017806983	109.93838491139113	-1.0473896162797716	2.5047901865304856	3103.2222731467327	15419.46224660616	8938.160201271732	-779.6449316248278
-10	5	0	284.14011154005556	108.51606390302128	-1.907249463593477	1.844499600729555	2599.792794989283	19918.333358138818	8938.160201271732	-624.7013718218307
-10	2	0	174.7164149386358	103.3394419696421	-3.3148136337331793	1.530240097569704	1872.0544097866905	41661.3601380561	8938.160201271732	-616.7799692367059
-10	0	0	152.83916272926433	93.52590654283213	-4.224009167923158	1.4724033914784773	1018.0746658882117	45288.251704790164	8938.160201271732	-674.8639431660105
-10	-2	0	190.0296308362754	86.0051914810596	-3.746971940678051	1.599683309134076	1849.733644429473	30788.91520812674	8938.160201271732	-754.0051007998101
-10	-5	0	322.35604174582784	82.29401701966665	-2.325975810851172	1.8941618897528503	3821.601188033552	20141.849982530683	8938.160201271732	-844.4299522170686
-10	-10	0	598.8369668945019	81.16994525492082	-1.2526497891645019	2.498348116255662	4275.1206774847915	14950.517918795013	8938.160201271732	-998.5323902126837
-10	-20	0	1209.817697323008	80.85734441633689	-0.6200380453882777	3.870906499509153	4621.928390535564	15310.948685919626	8938.160201271732	-1551.9470451172747
-10	-40	0	2261.418275520101	81.73000309318054	-0.18951392268773742	5.782348234025683	3189.739260248286	5302.32019701056	8938.160201271732	-2692.736353091596
-15	40	0	2229.0993658973457	109.62372089431547	-0.2865619942255339	6.036906910216753	3150.5829775434313	5397.0892327810925	9383.106816495067	-4099.902467851012
-15	20	0	1183.5888126779757	110.55143509774767	-0.8907501655531576	4.224884202514813	4264.7212231517	19142.528820179294	9383.106816495067	-2312.589425908544
-15	10	0	563.5602467835553	109.42131576974322	-1.5046916594963848	2.5938165190531537	3020.6914844915327	18694.9633888691	9383.106816495067	-1197.4244366236235
-15	5	0	330.9354548233414	106.90968764984973	-2.532419545281586	1.9587567068676288	2347.9332820977406	29143.404010754624	9383.106816495067	-977.2831692153103
-15	2	0	245.1436874150453	100.51195494132652	-3.7302541828351994	1.6893408129215577	1565.6013562925318	46969.02940639951	9383.106816495067	-990.4742474268654
-15	0	0	232.25674286403992	93.52590653966742	-4.224009167851445	1.665909922567506	1078.953362978611	46173.54683570106	9383.106816495067	-1047.7679435014168
-15	-2	0	260.7562462585151	87.80173795962575	-4.017778947720265	1.7784527517655488	1463.8391604196827	35946.78594919821	9383.106816495067	-1131.9882086668774
-15	-5	0	368.7045618730646	83.66911725556047	-3.0615872693724095	2.0485115074733495	3197.3629569017294	25791.625185899502	9383.106816495067	-1285.8424132561934
-15	-10	0	631.2679290331079	81.64225487361217	-1.8057525095512341	2.6119017998851635	4226.892147323376	17848.491317399516	9383.106816495067	-1527.8154197834074
-15	-20	0	1243.5074894778515	80.97602530230175	-0.9166922247725202	3.9697923153226946	4754.331729058857	16340.179328746344	9383.106816495067	-2378.723570866467
-15	-40	0	2278.7573637165606	81.79526702750532	-0.28031732109319446	5.801530435551329	3150.582977543428	5397.08923278108	9383.106816495067	-4038.6697214360893
-30	40	0	2320.836944486121	109.26251187594083	-0.5317128593055631	6.126493760598599	2956.029758742511	5867.961840653183	12266.815791367446	-8177.9882007675205
-30	20	0	1397.9160025851504	109.96508406789947	-1.594301358054112	4.77916252225666	4446.390067894719	22797.725045559244	12266.815791367446	-5270.544166071451
-30	10	0	768.2860525753518	107.53452806920149	-2.5702690344753893	3.1732005632194364	3249.7795768324445	34771.53257636957	12266.815791367446	-2929.1048348525683
-30	5	0	559.0219946686531	102.48363618237438	-3.48444921165337	2.470992729544232	2160.0898732656638	52007.2391973477	12266.815791367446	-2377.586452164631
-30	2	0	504.91829040890934	97.25118310530766	-4.0530777571994205	2.3073236003774524	1617.0205803607487	55237.46011229079	12266.815791367446	-2354.8026297461806
-30	0	0	500.4437287033828	93.5259065321816	-4.224009167769167	2.3193664147388255	1497.070015922086	51499.89959907906	12266.815791367446	-2411.029014598756
-30	-2	0	521.1216820285377	90.21891801122568	-4.194353981744795	2.418413727995788	1620.6892326532115	46752.51266643907	12266.815791367446	-2523.075224209804
-30	-5	0	596.3574247709771	86.64699302428899	-3.861536246737961	2.6647486609303033	2234.933535314852	37145.471826243025	12266.815791367446	-2788.9029587877885
-30	-10	0	815.8623586259613	83.49705467650527	-2.9868608956185434	3.189884449899426	4089.774910046062	29137.052084326016	12266.815791367446	-3411.6423780850546
-30	-20	0	1433.8594602060682	81.57974479861701	-1.6789341274159002	4.488750843867998	5064.652485140847	20562.871114068002	12266.815791367446	-5302.950020652236
-30	-40	0	2370.4949423053317	82.13704570894444	-0.5205743432359335	5.898349600128701	2956.0297587425093	5867.961840653181	12266.815791367446	-8059.695618413932
-60	40	0	2656.954484365452	107.99359238413967	-0.8044486099973844	6.401874451613442	2424.500480202337	7154.409729252233	7840.9807469822135	-15799.3412784759
-60	20	0	2142.6075100992193	107.55098283274349	-2.0613784552483194	5.911432161654212	3825.960161686602	32910.2487826304	7840.9807469822135	-13177.335407316394
-60	10	0	1778.0667588071776	104.01003378718123	-3.348232629064071	5.294489308802412	5407.265552788915	76090.7319009953	7840.9807469822135	-11129.41513457382
-60	5	0	1645.4136823268916	99.92993698933843	-3.9731647080522117	5.005901422317439	6542.414773558234	94855.0328941209	7840.9807469822135	-10402.009379578316
-60	2	0	1594.1366905777518	96.77947933668962	-4.203952306506064	4.908787985407506	7231.545690728555	101538.31804019798	7840.9807469822135	-10127.727743597325
-60	0	0	1575.7613891242356	94.53323145791241	-4.269154619863465	4.90204265948001	7245.4036489574755	100090.22626888257	7840.9807469822135	-10053.15404820398
-60	-2	0	1566.625368658056	92.3521128741308	-4.252265594167533	4.927013872196743	6894.566937937601	94332.745155849	7840.9807469822135	-10015.517407504834
-60	-5	0	1584.917290445099	89.55522361268568	-4.091417521750207	5.030632401692974	6106.456074280501	75330.80546880692	7840.9807469822135	-10147.21774858534
-60	-10	0	1712.244782605931	86.6175176415647	-3.5813372392664453	5.261473906577672	5336.973980426903	52322.68243704486	7840.9807469822135	-10868.026320767844
-60	-20	0	2133.8661168029444	83.9369492680539	-2.2203984654066393	5.66960847035435	4481.270265213285	33418.85858971708	7840.9807469822135	-12846.352430691257
-60	-40	0	2706.6124821846684	83.34702821429661	-0.7896894571508424	6.197009722763649	2424.5004802023395	7154.409729252235	7840.9807469822135	-15594.452515681018
60	40	-3.2501168676199574	2380.92097214805	108.95057575335335	0.8972038456719726	6.3901463772675005	2414.1502985822935	7115.928782254143	7840.980746982219	14244.171662833738
60	20	-3.2501168676199574	1606.1502742345106	109.20804751353359	2.408120777141382	5.7512010891800225	3437.909721085325	25378.959621016013	7840.980746982219	9933.632502387834
60	10	-3.2501168676199574	1050.129006438564	106.30936132170967	3.859049185248311	4.9023932459117265	4184.8943944237035	52219.97603390688	7840.980746982219	6484.674397527225
60	5	-3.2501168676199574	835.5788653474452	101.04665386813245	4.585648450442559	4.152419806910731	3831.565611323251	70958.22426385878	7840.980746982219	4920.661491198054
60	2	-3.2501168676199574	765.4925207182996	96.30395448750069	4.8622018788510974	3.8370956365470206	3171.86362559961	73055.39067009433	7840.980746982219	4404.738301540734
60	0	-3.2501168676199574	753.4963814912458	93.0410566318059	4.936320488465511	3.810090222833219	3061.3409888644273	66235.97438246313	7840.980746982219	4346.012788208179
60	-2	-3.2501168676199574	775.9706403694739	90.32131112224678	4.907355506908914	3.9303786529012448	3190.7345894074497	55731.41341157749	7840.980746982219	4545.236784756096
60	-5	-3.2501168676199574	860.6628880711656	87.36789573004864	4.728498626771644	4.281274438397368	3648.176295100755	44532.17320066893	7840.980746982219	5225.894912092048
60	-10	-3.2501168676199574	1066.408991101661	84.63082220187756	4.2065441305800215	4.849542288266753	3782.499197550671	33469.23670074807	7840.980746982219	6721.681321333534
60	-20	-3.2501168676199574	1577.7598648321068	82.49148416478472	2.7657038604297326	5.503217185946983	4156.0921592583945	25208.61046397193	7840.980746982219	9701.294855520433
60	-40	-3.2501168676199574	2430.3930970618335	82.43535284729653	0.8794393566859803	6.162290097925493	2424.500480202336	7154.409729252247	7840.980746982219	14038.96995369808
30	40	-3.2501168676199574	1842.98110876987	110.93742339333893	0.6675754916735159	6.029137208988272	2917.885577119612	5801.726193926577	12266.815791367448	6621.289175361203
30	20	-3.2501168676199574	621.5271080037194	112.457345819769	1.8954070405692285	3.7811251836860893	2381.2246853695915	9442.876745939495	12266.815791367448	2195.2544047119095
30	10	-3.2501168676199574	135.29610430296486	111.32441634455324	3.3135967607685157	2.0631273716373295	535.9004016628396	5529.068123263012	12266.815791367448	527.820227719192
30	5	-3.2501168676199574	29.003953286822124	107.40119184363738	4.994054909314027	1.5149097338211386	88.75853475137751	2759.8926855620157	12266.815791367448	147.41065761839127
30	2	-3.2501168676199574	8.902100609178767	101.83653670945966	6.039713877989414	1.3450775561752573	8.671092921774061	1471.7718742231364	12266.815791367448	52.54985148267394
30	0	-3.2501168676199574	9.17427083745384	90.23575000486584	6.271071185135141	1.2852438846039143	4.020341250475894	3785.251815573477	12266.815791367448	55.72019904540573
30	-2	-3.2501168676199574	22.054695543618198	82.36562512773207	5.969366383029077	1.4640915256755778	20.021190811008182	3616.876505574337	12266.815791367448	130.15950626836118
30	-5	-3.2501168676199574	62.91164330030881	80.29585160070857	5.386383226079734	1.8006819711159108	110.7055048236316	3363.218648380125	12266.815791367448	350.10868610785894
30	-10	-3.2501168676199574	185.83317067857877	79.59714540941226	4.400445963437346	2.3699131151065758	599.5249431238308	4588.224915577997	12266.815791367448	928.3954912514797
30	-20	-3.2501168676199574	656.2263234594916	79.29775367778446	2.438836859764101	3.5954990785191114	3273.2752082482593	8032.466268777862	12266.815791367448	2565.742694837669
30	-40	-3.2501168676199574	1892.0689332371533	80.57789245965701	0.6522060724412463	5.745584941500304	2956.0297587425084	5867.961840653199	12266.815791367448	6504.213056431019
15	40	-3.2501168676199574	1695.6484645172563	111.50486900161323	0.37608450879582567	5.890605779228188	3130.4135916159908	5368.705809510815	9383.106816495063	3201.1650583562764
15	20	-3.2501168676199574	425.46302697263025	113.5857595255006	1.010164694265918	3.0969730808749736	1705.3479988040888	5228.9735040693195	9383.106816495063	756.1753452990234
15	10	-3.2501168676199574	39.66658517921185	115.49944587280689	2.1138550730983496	1.5784340152579643	308.77402583223557	1032.518906350102	9383.106816495063	97.1972547047893
15	5	-3.2501168676199574	0	95.55621654058416	-0.00000000000000009557820182084236	1.1	0	0	9383.106816495063	0
15	2	-3.2501168676199574	0	95.55621654058416	-0.00000000000000009557820182084236	1.1	0	0	9383.106816495063	0
15	0	-3.2501168676199574	0	95.55621654058416	-0.00000000000000009557820182084236	1.1	0	0	9383.106816495063	0
15	-2	-3.2501168676199574	0	95.55621654058416	-0.00000000000000009557820182084236	1.1	0	0	9383.106816495063	0
15	-5	-3.2501168676199574	1.0152783811846953	74.81947822457354	6.106652227765739	1.2321921371578637	1.301338608125036	11.421076458027073	9383.106816495063	6.312481041300939
15	-10	-3.2501168676199574	57.85271198156567	76.87991753128524	4.201967697591684	1.7425508188540544	364.6057579376984	806.1053504875235	9383.106816495063	260.9038399507907
15	-20	-3.2501168676199574	476.2760377054457	78.23047842839638	1.4633282120247462	2.9352435832287194	2786.9378587188257	4234.298792685782	9383.106816495063	1035.0256790081673
15	-40	-3.2501168676199574	1745.1424880929053	80.06117351156578	0.3660303751566276	5.587193904579575	3150.5829775434304	5397.089232781102	9383.106816495063	3140.6114455554894
10	40	-3.2501168676199574	1667.7644313093433	111.61383378892573	0.25677626465662595	5.861542578232698	3179.7907990343883	5289.9318518474465	8938.160201271732	2119.2640251554053
10	20	-3.2501168676199574	394.5757526589199	113.84660135968056	0.683416359155636	2.987763738840115	1608.0017496151233	4460.773197081471	8938.160201271732	470.276475084067
10	10	-3.2501168676199574	27.544876963347843	116.80436047772989	1.4375699936953423	1.503892121681822	228.15667202835232	421.6998929783331	8938.160201271732	46.18940374632431
10	5	-3.2501168676199574	0	95.55621654058416	-0.00000000000000009557820182084236	1.1	0	0	8938.160201271732	0
10	2	-3.2501168676199574	0	95.55621654058416	-0.00000000000000009557820182084236	1.1	0	0	8938.160201271732	0
10	0	-3.2501168676199574	0	95.55621654058416	-0.00000000000000009557820182084236	1.1	0	0	8938.160201271732	0
10	-2	-3.2501168676199574	0	95.55621654058416	-0.00000000000000009557820182084236	1.1	0	0	8938.160201271732	0
10	-5	-3.2501168676199574	0	95.55621654058416	-0.00000000000000009557820182084236	1.1	0	0	8938.160201271732	0
10	-10	-3.2501168676199574	35.51707859512228	75.99591187442861	3.9234249361195546	1.5719523996536062	370.9459915958571	370.59855007454826	8938.160201271732	146.92655225120376
10	-20	-3.2501168676199574	446.2030275324159	77.98884960537487	1.0150903018408723	2.810753667503287	2737.75595149196	3595.0057644890694	8938.160201271732	663.839023390703
10	-40	-3.2501168676199574	1717.3722915176427	79.96284445250011	0.24954999585606785	5.5542115172021145	3189.739260248287	5302.320197010587	8938.160201271732	2078.428312628622
5	40	-3.2501168676199574	1650.9701723290195	111.67980397148428	0.13027734166189595	5.843554276015417	3212.065392682988	5242.374917588328	8622.846593737871	1055.103520539921
5	20	-3.2501168676199574	376.78174435817743	114.01697690031368	0.3461766544129132	2.9266334178891027	1574.9196331341593	3999.5030745005934	8622.846593737871	226.04352229504786
5	10	-3.2501168676199574	21.632394998012224	117.55420403913334	0.7397481413782458	1.4541289796422652	185.09330720915318	182.94677136110113	8622.846593737871	18.683226092184587
5	5	-3.2501168676199574	0	95.55621654058416	-0.00000000000000009557820182084236	1.1	0	0	8622.846593737871	0
5	2	-3.2501168676199574	0	95.55621654058416	-0.00000000000000009557820182084236	1.1	0	0	8622.846593737871	0
5	0	-3.2501168676199574	0	95.55621654058416	-0.00000000000000009557820182084236	1.1	0	0	8622.846593737871	0
5	-2	-3.2501168676199574	0	95.55621654058416	-0.00000000000000009557820182084236	1.1	0	0	8622.846593737871	0
5	-5	-3.2501168676199574	0	95.55621654058416	-0.00000000000000009557820182084236	1.1	0	0	8622.846593737871	0
5	-10	-3.2501168676199574	21.316515568472102	75.1349305548952	3.0160007223591663	1.4141636331847367	568.3024198121554	148.11827766553688	8622.846593737871	66.67329455705318
5	-20	-3.2501168676199574	428.59340586020716	77.83506071943135	0.5203759545004475	2.7350106073912324	2713.2745236530286	3219.3471787447415	8622.846593737871	324.345623614427
5	-40	-3.2501168676199574	1700.6251815490946	79.90343232378582	0.12648504844666428	5.533800469721379	3213.719273931771	5244.281930414174	8622.846593737871	1034.500883998745
2	40	-3.2501168676199574	1646.2665443357214	111.69834680450494	0.052320369208157615	5.8384556983400495	3220.499619404644	5227.871618753634	8519.372319745116	421.5227004382428
2	20	-3.2501168676199574	371.893254213599	114.06687039497518	0.13912483967453662	2.9100796898741885	1574.6294037271248	3882.686616543666	8519.372319745116	89.47766762593588
2	10	-3.2501168676199574	20.141759158990173	117.76049662416031	0.2994537352230005	1.4389702245403548	175.2582930355705	134.3787178745879	8519.372319745116	7.039356555098661
2	5	-3.2501168676199574	0	95.55621654058416	-0.00000000000000009557820182084236	1.1	0	0	8519.372319745116	0
2	2	-3.2501168676199574	0	95.55621654058416	-0.00000000000000009557820182084236	1.1	0	0	8519.372319745116	0
2	0	-3.2501168676199574	0	95.55621654058416	-0.00000000000000009557820182084236	1.1	0	0	8519.372319745116	0
2	-2	-3.2501168676199574	0	95.55621654058416	-0.00000000000000009557820182084236	1.1	0	0	8519.372319745116	0
2	-5	-3.2501168676199574	0	95.55621654058416	-0.00000000000000009557820182084236	1.1	0	0	8519.372319745116	0
2	-10	-3.2501168676199574	17.257772351511576	74.71496586924175	1.4640973473559984	1.3390626712064622	705.824462014093	76.55147857587508	8519.372319745116	26.05816751298857
2	-20	-3.2501168676199574	423.719451515308	77.79071180099024	0.20964447480058235	2.7136301920866397	2707.06618107614	3115.1711625346725	8519.372319745116	128.90439466173433
2	-40	-3.2501168676199574	1695.9245421549438	79.8867404835687	0.05078838785199595	5.527998969897487	3220.4996194046457	5227.871618753641	8519.372319745116	413.26599726268876
0	40	-3.2501168676199574	1645.3706159870999	111.70188242659815	0.0000000000000004869036354395392	5.8374818642987565	3221.794398012596	5224.737896353654	8499.807928058532	0.000000000000801136934569513
0	20	-3.2501168676199574	370.96750707085727	114.07647921936882	0.0000000000000001131269707748691	2.9069510822403517	1574.941290562954	3861.426559820058	8499.807928058532	0.00000000000004196643033083092
0	10	-3.2501168676199574	19.86538673088414	117.7997416549373	0.000000000000000229482952802809	1.4360083779270205	173.48048875889313	125.86749245108149	8499.807928058532	0.000000000000004558767605573033
0	5	-3.2501168676199574	0	95.55621654058416	-0.00000000000000009557820182084236	1.1	0	0	8499.807928058532	-0
0	2	-3.2501168676199574	0	95.55621654058416	-0.00000000000000009557820182084236	1.1	0	0	8499.807928058532	-0
0	0	-3.2501168676199574	0	95.55621654058416	-0.00000000000000009557820182084236	1.1	0	0	8499.807928058532	-0
0	-2	-3.2501168676199574	0	95.55621654058416	-0.00000000000000009557820182084236	1.1	0	0	8499.807928058532	-0
0	-5	-3.2501168676199574	0	95.55621654058416	-0.00000000000000009557820182084236	1.1	0	0	8499.807928058532	-0
0	-10	-3.2501168676199574	16.486787976942413	74.61462927920608	0.0000000000000005252532879168031	1.321224992710846	732.5305840685443	61.41130519368744	8499.807928058532	0.000000000000008659739592076221
0	-20	-3.2501168676199574	422.7938584948603	77.78219794540324	-0.00000000000000010083534396023937	2.709548422159936	2705.9150883793254	3095.376886803191	8499.807928058532	-0.00000000000004263256414560601
0	-40	-3.2501168676199574	1695.028613806305	79.88355826920686	0.00000000000000023474761947064426	5.526889569805284	3221.794398012595	5224.737896353647	8499.807928058532	0.0000000000003979039320256561
-2	40	-3.2501168676199574	1646.2665443357218	111.69834680450484	-0.05232036920815758	5.838455698340047	3220.4996194046435	5227.871618753597	8519.372319745116	-421.52270043824274
-2	20	-3.2501168676199574	371.8932542135989	114.06687039497518	-0.13912483967453637	2.910079689874188	1574.629403727124	3882.6866165436513	8519.372319745116	-89.47766762593577
-2	10	-3.2501168676199574	20.141759158990162	117.76049662416028	-0.29945373522300034	1.4389702245403542	175.25829303557046	134.3787178745988	8519.372319745116	-7.039356555098653
-2	5	-3.2501168676199574	0	95.55621654058416	-0.00000000000000009557820182084236	1.1	0	0	8519.372319745116	-0
-2	2	-3.2501168676199574	0	95.55621654058416	-0.00000000000000009557820182084236	1.1	0	0	8519.372319745116	-0
-2	0	-3.2501168676199574	0	95.55621654058416	-0.00000000000000009557820182084236	1.1	0	0	8519.372319745116	-0
-2	-2	-3.2501168676199574	0	95.55621654058416	-0.00000000000000009557820182084236	1.1	0	0	8519.372319745116	-0
-2	-5	-3.2501168676199574	0	95.55621654058416	-0.00000000000000009557820182084236	1.1	0	0	8519.372319745116	-0
-2	-10	-3.2501168676199574	17.2577723515116	74.71496586924175	-1.4640973473559988	1.339062671206462	705.8244620140945	76.55147857587144	8519.372319745116	-26.058167512988618
-2	-20	-3.2501168676199574	423.7194515153081	77.79071180099025	-0.20964447480058288	2.713630192086639	2707.0661810761385	3115.171162534658	8519.372319745116	-128.90439466173456
-2	-40	-3.2501168676199574	1695.9245421549438	79.88674048356869	-0.050788387851994965	5.527998969897486	3220.499619404647	5227.871618753641	8519.372319745116	-413.265997262687
-5	40	-3.2501168676199574	1650.9701723290189	111.67980397148435	-0.130277341661897	5.8435542760154195	3212.065392682988	5242.374917588371	8622.846593737871	-1055.1035205399226
-5	20	-3.2501168676199574	376.7817443581775	114.01697690031365	-0.34617665441291373	2.926633417889102	1574.9196331341595	3999.5030745006225	8622.846593737871	-226.04352229504806
-5	10	-3.2501168676199574	21.632394998012217	117.55420403913334	-0.7397481413782456	1.4541289796422658	185.09330720915295	182.94677136110477	8622.846593737871	-18.683226092184576
-5	5	-3.2501168676199574	0	95.55621654058416	-0.00000000000000009557820182084236	1.1	0	0	8622.846593737871	-0
-5	2	-3.2501168676199574	0	95.55621654058416	-0.00000000000000009557820182084236	1.1	0	0	8622.846593737871	-0
-5	0	-3.2501168676199574	0	95.55621654058416	-0.00000000000000009557820182084236	1.1	0	0	8622.846593737871	-0
-5	-2	-3.2501168676199574	0	95.55621654058416	-0.00000000000000009557820182084236	1.1	0	0	8622.846593737871	-0
-5	-5	-3.2501168676199574	0	95.55621654058416	-0.00000000000000009557820182084236	1.1	0	0	8622.846593737871	-0
-5	-10	-3.2501168676199574	21.31651556847208	75.1349305548952	-3.0160007223591694	1.4141636331847367	568.30241981216	148.11827766553324	8622.846593737871	-66.67329455705318
-5	-20	-3.2501168676199574	428.5934058602074	77.83506071943134	-0.5203759545004467	2.7350106073912315	2713.2745236530286	3219.347178744756	8622.846593737871	-324.3456236144268
-5	-40	-3.2501168676199574	1700.625181549094	79.90343232378582	-0.12648504844666283	5.533800469721379	3213.719273931774	5244.2819304141885	8622.846593737871	-1034.5008839987422
-10	40	-3.2501168676199574	1667.764431309343	111.61383378892569	-0.25677626465662556	5.861542578232698	3179.7907990343874	5289.931851847454	8938.160201271732	-2119.2640251554044
-10	20	-3.2501168676199574	394.57575265892007	113.84660135968053	-0.6834163591556341	2.987763738840115	1608.0017496151236	4460.773197081449	8938.160201271732	-470.27647508406636
-10	10	-3.2501168676199574	27.544876963347843	116.8043604777299	-1.4375699936953426	1.5038921216818217	228.15667202835238	421.69989297834036	8938.160201271732	-46.18940374632431
-10	5	-3.2501168676199574	0	95.55621654058416	-0.00000000000000009557820182084236	1.1	0	0	8938.160201271732	-0
-10	2	-3.2501168676199574	0	95.55621654058416	-0.00000000000000009557820182084236	1.1	0	0	8938.160201271732	-0
-10	0	-3.2501168676199574	0	95.55621654058416	-0.00000000000000009557820182084236	1.1	0	0	8938.160201271732	-0
-10	-2	-3.2501168676199574	0	95.55621654058416	-0.00000000000000009557820182084236	1.1	0	0	8938.160201271732	-0
-10	-5	-3.2501168676199574	0	95.55621654058416	-0.00000000000000009557820182084236	1.1	0	0	8938.160201271732	-0
-10	-10	-3.2501168676199574	35.517078595122264	75.9959118744286	-3.9234249361195546	1.5719523996536058	370.9459915958579	370.59855007455917	8938.160201271732	-146.9265522512037
-10	-20	-3.2501168676199574	446.20302753241623	77.98884960537487	-1.0150903018408712	2.810753667503287	2737.7559514919617	3595.0057644890767	8938.160201271732	-663.839023390703
-10	-40	-3.2501168676199574	1717.372291517642	79.96284445250011	-0.24954999585606805	5.554211517202113	3189.739260248286	5302.320197010551	8938.160201271732	-2078.428312628621
-15	40	-3.2501168676199574	1695.6484645172561	111.50486900161316	-0.37608450879582567	5.890605779228187	3130.4135916159903	5368.7058095108005	9383.106816495067	-3201.165058356275
-15	20	-3.2501168676199574	425.46302697263036	113.58575952550058	-1.0101646942659168	3.096973080874975	1705.34799880409	5228.973504069312	9383.106816495067	-756.1753452990232
-15	10	-3.2501168676199574	39.666585179211836	115.49944587280692	-2.113855073098349	1.5784340152579643	308.77402583223545	1032.5189063500948	9383.106816495067	-97.19725470478926
-15	5	-3.2501168676199574	0	95.55621654058416	-0.00000000000000009557820182084236	1.1	0	0	9383.106816495067	-0
-15	2	-3.2501168676199574	0	95.55621654058416	-0.00000000000000009557820182084236	1.1	0	0	9383.106816495067	-0
-15	0	-3.2501168676199574	0	95.55621654058416	-0.00000000000000009557820182084236	1.1	0	0	9383.106816495067	-0
-15	-5	-3.2501168676199574	1.0152783811846955	74.81947822457354	-6.106652227765739	1.2321921371578637	1.3013386081260592	11.421076458019343	9383.106816495067	-6.31248104130094
-15	-2	-3.2501168676199574	0	95.55621654058416	-0.00000000000000009557820182084236	1.1	0	0	9383.106816495067	-0
-15	-10	-3.2501168676199574	57.852711981565655	76.87991753128523	-4.201967697591685	1.7425508188540542	364.6057579376984	806.1053504875272	9383.106816495067	-260.90383995079065
-15	-20	-3.2501168676199574	476.27603770544584	78.23047842839637	-1.4633282120247448	2.935243583228719	2786.937858718826	4234.298792685819	9383.106816495067	-1035.025679008167
-15	-40	-3.2501168676199574	1745.142488092905	80.06117351156578	-0.36603037515662845	5.587193904579574	3150.5829775434313	5397.089232781145	9383.106816495067	-3140.6114455554894
-30	40	-3.2501168676199574	1842.9811087698697	110.93742339333899	-0.6675754916735164	6.029137208988272	2917.885577119616	5801.72619392661	12266.815791367446	-6621.289175361203
-30	20	-3.2501168676199574	621.5271080037195	112.45734581976897	-1.8954070405692263	3.781125183686087	2381.2246853695915	9442.876745939488	12266.815791367446	-2195.254404711908
-30	10	-3.2501168676199574	135.29610430296484	111.32441634455326	-3.3135967607685175	2.0631273716373304	535.9004016628405	5529.0681232630195	12266.815791367446	-527.8202277191921
-30	5	-3.2501168676199574	29.003953286822142	107.40119184363735	-4.994054909314027	1.5149097338211381	88.75853475137774	2759.892685562011	12266.815791367446	-147.41065761839135
-30	2	-3.2501168676199574	8.902100609178762	101.83653670945968	-6.039713877989415	1.3450775561752575	8.671092921774289	1471.7718742231364	12266.815791367446	-52.549851482673915
-30	0	-3.2501168676199574	9.17427083745384	90.23575000486584	-6.271071185135141	1.2852438846039143	4.020341250479532	3785.251815573478	12266.815791367446	-55.72019904540573
-30	-2	-3.2501168676199574	22.05469554361819	82.36562512773207	-5.96936638302908	1.4640915256755775	20.021190811007727	3616.8765055743297	12266.815791367446	-130.1595062683612
-30	-5	-3.2501168676199574	62.91164330030881	80.29585160070857	-5.386383226079735	1.8006819711159112	110.70550482362933	3363.218648380109	12266.815791367446	-350.108686107859
-30	-10	-3.2501168676199574	185.8331706785788	79.59714540941226	-4.400445963437346	2.3699131151065758	599.524943123829	4588.2249155780155	12266.815791367446	-928.3954912514798
-30	-20	-3.2501168676199574	656.2263234594918	79.29775367778444	-2.4388368597641006	3.595499078519111	3273.2752082482666	8032.466268777891	12266.815791367446	-2565.7426948376697
-30	-40	-3.2501168676199574	1892.0689332371528	80.57789245965701	-0.6522060724412461	5.745584941500305	2956.0297587425084	5867.961840653181	12266.815791367446	-6504.213056431018
-60	40	-3.2501168676199574	2380.9209721480515	108.95057575335333	-0.8972038456719725	6.3901463772675005	2414.1502985823045	7115.928782254146	7840.9807469822135	-14244.171662833747
-60	20	-3.2501168676199574	1606.1502742345106	109.20804751353356	-2.408120777141382	5.751201089180027	3437.9097210853215	25378.959621015998	7840.9807469822135	-9933.63250238784
-60	10	-3.2501168676199574	1050.1290064385635	106.30936132170966	-3.859049185248311	4.902393245911722	4184.894394423722	52219.97603390689	7840.9807469822135	-6484.6743975272175
-60	5	-3.2501168676199574	835.5788653474453	101.04665386813242	-4.585648450442559	4.152419806910729	3831.565611323247	70958.22426385879	7840.9807469822135	-4920.661491198053
-60	2	-3.2501168676199574	765.4925207183003	96.30395448750063	-4.862201878851094	3.8370956365470192	3171.863625599606	73055.39067009436	7840.9807469822135	-4404.738301540736
-60	0	-3.2501168676199574	753.4963814912459	93.04105663180584	-4.936320488465508	3.8100902228332174	3061.3409888644383	66235.97438246314	7840.9807469822135	-4346.012788208177
-60	-2	-3.2501168676199574	775.970640369474	90.32131112224673	-4.907355506908914	3.930378652901244	3190.734589407428	55731.41341157749	7840.9807469822135	-4545.236784756096
-60	-5	-3.2501168676199574	860.6628880711655	87.36789573004866	-4.7284986267716445	4.281274438397368	3648.176295100733	44532.173200668934	7840.9807469822135	-5225.894912092048
-60	-10	-3.2501168676199574	1066.4089911016608	84.63082220187756	-4.206544130580021	4.849542288266755	3782.4991975506564	33469.23670074808	7840.9807469822135	-6721.681321333534
-60	-20	-3.2501168676199574	1577.7598648321073	82.49148416478471	-2.7657038604297317	5.5032171859469825	4156.092159258387	25208.610463971967	7840.9807469822135	-9701.294855520435
-60	-40	-3.2501168676199574	2430.393097061834	82.43535284729654	-0.8794393566859797	6.162290097925495	2424.500480202343	7154.409729252253	7840.9807469822135	-14038.969953698088
60	40	-9.750350602859864	1837.4886480078635	110.8443071952529	1.131678017450545	6.348356914665321	2223.689925250852	6675.5093485200305	7840.980746982219	11141.938330932911
60	20	-9.750350602859864	701.2288717307252	112.1794507300467	3.1907273821467195	5.253020683465769	2591.650861055932	11047.98647875557	7840.980746982219	4308.780075964716
60	10	-9.750350602859864	136.96181726747318	109.36793630190068	4.70165136339206	3.015356916239847	677.9750844477567	7391.522628526858	7840.980746982219	679.6321176434918
60	5	-9.750350602859864	36.4115846116743	103.66674681296793	5.821348894340967	1.9758401784283934	56.87809027547337	2572.5512680063343	7840.980746982219	168.28714315660497
60	2	-9.750350602859864	22.37807586938331	98.75498961271937	6.195748134386492	1.7022035953163674	20.713132548084104	4309.128151198997	7840.980746982219	102.31313627162477
60	0	-9.750350602859864	27.522812508406215	90.23575000236427	6.271071185157111	1.6557316538303362	20.8903059266122	6556.248459600952	7840.980746982219	125.76387525006243
60	-2	-9.750350602859864	45.43974915703237	84.35263609259108	6.125608300711687	1.9209947509246048	52.63197465018493	6664.474133083243	7840.980746982219	214.7679937791425
60	-5	-9.750350602859864	94.77774788385977	81.31105780530808	5.796758642455577	2.49125484200754	191.19198863406928	5808.387420475385	7840.980746982219	479.1839060109614
60	-10	-9.750350602859864	234.59144320494374	80.10086318241996	5.227527498464911	3.477192104649928	817.9482547841326	6259.8405709350445	7840.980746982219	1319.6004317290594
60	-20	-9.750350602859864	704.3835073777044	79.72876015497674	3.9233589736945893	5.030474241741438	2400.686235674162	8531.868643548456	7840.980746982219	4450.434448724714
60	-40	-9.750350602859864	1877.9543268161765	80.66200455039659	1.1381444752161558	6.06221037966841	2424.5004802023323	7154.409729252249	7840.980746982219	10928.004829732285
30	40	-9.750350602859864	933.7355959419481	114.21830320238247	1.01048720032334	5.588740949145768	2226.4013778138433	4800.131143272563	12266.815791367448	3426.3222833852215
30	20	-9.750350602859864	9.015282032480389	118.0165956307985	2.265237599090584	1.5985286316964549	19.140900427252177	64.6739487072391	12266.815791367448	24.891352561397518
30	10	-9.750350602859864	0	95.55621654058416	-0.00000000000000009557820182084236	1.1	0	0	12266.815791367448	0
30	5	-9.750350602859864	0	95.55621654058416	-0.00000000000000009557820182084236	1.1	0	0	12266.815791367448	0
30	2	-9.750350602859864	0	95.55621654058416	-0.00000000000000009557820182084236	1.1	0	0	12266.815791367448	0
30	0	-9.750350602859864	0	95.55621654058416	-0.00000000000000009557820182084236	1.1	0	0	12266.815791367448	0
30	-2	-9.750350602859864	0	95.55621654058416	-0.00000000000000009557820182084236	1.1	0	0	12266.815791367448	0
30	-5	-9.750350602859864	0	95.55621654058416	-0.00000000000000009557820182084236	1.1	0	0	12266.815791367448	0
30	-10	-9.750350602859864	0	95.55621654058416	-0.00000000000000009557820182084236	1.1	0	0	12266.815791367448	0
30	-20	-9.750350602859864	26.728721352237955	75.3757629250472	5.132644591890896	1.9471780398686456	60.2876738019786	118.93318794066909	12266.815791367448	144.83197221165668
30	-40	-9.750350602859864	942.1849773710229	77.78347743879546	1.270088445611398	5.017152346809382	2890.4981307392754	4735.340046715384	12266.815791367448	3399.8792322547397
15	40	-9.750350602859864	688.8920126934429	115.13845472608017	0.5697588551730923	5.075590994875992	1952.710109455781	4324.960201903697	9383.106816495063	1284.097748016425
15	20	-9.750350602859864	0.005637146707040658	119.86358714667514	2.4663315651084283	1.1348771561529647	0.0025944914588338364	0.001821913079368187	9383.106816495063	0.015085123964737305
15	10	-9.750350602859864	0	95.55621654058416	-0.00000000000000009557820182084236	1.1	0	0	9383.106816495063	0
15	5	-9.750350602859864	0	95.55621654058416	-0.00000000000000009557820182084236	1.1	0	0	9383.106816495063	0
15	2	-9.750350602859864	0	95.55621654058416	-0.00000000000000009557820182084236	1.1	0	0	9383.106816495063	0
15	0	-9.750350602859864	0	95.55621654058416	-0.00000000000000009557820182084236	1.1	0	0	9383.106816495063	0
15	-2	-9.750350602859864	0	95.55621654058416	-0.00000000000000009557820182084236	1.1	0	0	9383.106816495063	0
15	-5	-9.750350602859864	0	95.55621654058416	-0.00000000000000009557820182084236	1.1	0	0	9383.106816495063	0
15	-10	-9.750350602859864	0	95.55621654058416	-0.00000000000000009557820182084236	1.1	0	0	9383.106816495063	0
15	-20	-9.750350602859864	0.09191800809813717	73.61335338880424	6.243715970597574	1.1954660179544865	0.09020017370583844	0.05140587378167538	9383.106816495063	0.5827947215964275
15	-40	-9.750350602859864	698.0680339056055	77.10081267159946	0.806446900718436	4.348299522954998	2880.6265181033123	3540.3844975193933	9383.106816495063	1329.3942153930282
10	40	-9.750350602859864	643.8337272126532	115.29917814438677	0.38623208439255013	4.945687418094482	1861.3600409907606	4198.011826605536	8938.160201271732	797.8219884523289
10	20	-9.750350602859864	0	95.55621654058416	-0.00000000000000009557820182084236	1.1	0	0	8938.160201271732	0
10	10	-9.750350602859864	0	95.55621654058416	-0.00000000000000009557820182084236	1.1	0	0	8938.160201271732	0
10	5	-9.750350602859864	0	95.55621654058416	-0.00000000000000009557820182084236	1.1	0	0	8938.160201271732	0
10	2	-9.750350602859864	0	95.55621654058416	-0.00000000000000009557820182084236	1.1	0	0	8938.160201271732	0
10	0	-9.750350602859864	0	95.55621654058416	-0.00000000000000009557820182084236	1.1	0	0	8938.160201271732	0
10	-2	-9.750350602859864	0	95.55621654058416	-0.00000000000000009557820182084236	1.1	0	0	8938.160201271732	0
10	-5	-9.750350602859864	0	95.55621654058416	-0.00000000000000009557820182084236	1.1	0	0	8938.160201271732	0
10	-10	-9.750350602859864	0	95.55621654058416	-0.00000000000000009557820182084236	1.1	0	0	8938.160201271732	0
10	-20	-9.750350602859864	0	95.55621654058416	-0.00000000000000009557820182084236	1.1	0	0	8938.160201271732	0
10	-40	-9.750350602859864	653.6923613987411	76.98259289524009	0.5559104837698171	4.186608886865358	2758.1005591941876	3188.5469376501133	8938.160201271732	833.1060469723009
5	40	-9.750350602859864	616.9304883532318	115.39115558785232	0.19479433537487617	4.85956190863673	1796.8090532996523	4133.775881829541	8622.846593737871	381.01121799147137
5	20	-9.750350602859864	0	95.55621654058416	-0.00000000000000009557820182084236	1.1	0	0	8622.846593737871	0
5	10	-9.750350602859864	0	95.55621654058416	-0.00000000000000009557820182084236	1.1	0	0	8622.846593737871	0
5	5	-9.750350602859864	0	95.55621654058416	-0.00000000000000009557820182084236	1.1	0	0	8622.846593737871	0
5	2	-9.750350602859864	0	95.55621654058416	-0.00000000000000009557820182084236	1.1	0	0	8622.846593737871	0
5	0	-9.750350602859864	0	95.55621654058416	-0.00000000000000009557820182084236	1.1	0	0	8622.846593737871	0
5	-2	-9.750350602859864	0	95.55621654058416	-0.00000000000000009557820182084236	1.1	0	0	8622.846593737871	0
5	-5	-9.750350602859864	0	95.55621654058416	-0.00000000000000009557820182084236	1.1	0	0	8622.846593737871	0
5	-10	-9.750350602859864	0	95.55621654058416	-0.00000000000000009557820182084236	1.1	0	0	8622.846593737871	0
5	-20	-9.750350602859864	0	95.55621654058416	-0.00000000000000009557820182084236	1.1	0	0	8622.846593737871	0
5	-40	-9.750350602859864	627.9127054719302	76.90995926389165	0.2836185966374737	4.090147924629405	2673.0532181086965	2966.968714435352	8622.846593737871	401.24828889208436
2	40	-9.750350602859864	609.3906671384187	115.4157666122125	0.0781412954094761	4.833733793468464	1779.8700544549392	4138.361193865814	8519.372319745116	150.390651576194
2	20	-9.750350602859864	0	95.55621654058416	-0.00000000000000009557820182084236	1.1	0	0	8519.372319745116	0
2	10	-9.750350602859864	0	95.55621654058416	-0.00000000000000009557820182084236	1.1	0	0	8519.372319745116	0
2	5	-9.750350602859864	0	95.55621654058416	-0.00000000000000009557820182084236	1.1	0	0	8519.372319745116	0
2	2	-9.750350602859864	0	95.55621654058416	-0.00000000000000009557820182084236	1.1	0	0	8519.372319745116	0
2	0	-9.750350602859864	0	95.55621654058416	-0.00000000000000009557820182084236	1.1	0	0	8519.372319745116	0
2	-2	-9.750350602859864	0	95.55621654058416	-0.00000000000000009557820182084236	1.1	0	0	8519.372319745116	0
2	-5	-9.750350602859864	0	95.55621654058416	-0.00000000000000009557820182084236	1.1	0	0	8519.372319745116	0
2	-10	-9.750350602859864	0	95.55621654058416	-0.00000000000000009557820182084236	1.1	0	0	8519.372319745116	0
2	-20	-9.750350602859864	0	95.55621654058416	-0.00000000000000009557820182084236	1.1	0	0	8519.372319745116	0
2	-40	-9.750350602859864	620.8119129471522	76.88934179001555	0.11409972237656307	4.063274541086036	2650.4163919185025	2906.2980470325856	8519.372319745116	158.8263173890833
0	40	-9.750350602859864	607.9421541113612	115.42029964432436	0.0000000000000017443847674489318	4.828580980869308	1777.2704460143648	4140.715234263422	8499.807928058532	0.0000000000010604850331219495
0	20	-9.750350602859864	0	95.55621654058416	-0.00000000000000009557820182084236	1.1	0	0	8499.807928058532	-0
0	10	-9.750350602859864	0	95.55621654058416	-0.00000000000000009557820182084236	1.1	0	0	8499.807928058532	-0
0	5	-9.750350602859864	0	95.55621654058416	-0.00000000000000009557820182084236	1.1	0	0	8499.807928058532	-0
0	2	-9.750350602859864	0	95.55621654058416	-0.00000000000000009557820182084236	1.1	0	0	8499.807928058532	-0
0	0	-9.750350602859864	0	95.55621654058416	-0.00000000000000009557820182084236	1.1	0	0	8499.807928058532	-0
0	-2	-9.750350602859864	0	95.55621654058416	-0.00000000000000009557820182084236	1.1	0	0	8499.807928058532	-0
0	-5	-9.750350602859864	0	95.55621654058416	-0.00000000000000009557820182084236	1.1	0	0	8499.807928058532	-0
0	-10	-9.750350602859864	0	95.55621654058416	-0.00000000000000009557820182084236	1.1	0	0	8499.807928058532	-0
0	-20	-9.750350602859864	0	95.55621654058416	-0.00000000000000009557820182084236	1.1	0	0	8499.807928058532	-0
0	-40	-9.750350602859864	619.4651410379586	76.88540039352426	-0.00000000000000013764314186968478	4.058162169958451	2646.161121957868	2894.8088762382104	8499.807928058532	-0.00000000000008526512829121202
-2	40	-9.750350602859864	609.3906671384185	115.41576661221256	-0.07814129540947534	4.833733793468466	1779.8700544549386	4138.361193865829	8519.372319745116	-150.3906515761935
-2	20	-9.750350602859864	0	95.55621654058416	-0.00000000000000009557820182084236	1.1	0	0	8519.372319745116	-0
-2	10	-9.750350602859864	0	95.55621654058416	-0.00000000000000009557820182084236	1.1	0	0	8519.372319745116	-0
-2	5	-9.750350602859864	0	95.55621654058416	-0.00000000000000009557820182084236	1.1	0	0	8519.372319745116	-0
-2	2	-9.750350602859864	0	95.55621654058416	-0.00000000000000009557820182084236	1.1	0	0	8519.372319745116	-0
-2	0	-9.750350602859864	0	95.55621654058416	-0.00000000000000009557820182084236	1.1	0	0	8519.372319745116	-0
-2	-2	-9.750350602859864	0	95.55621654058416	-0.00000000000000009557820182084236	1.1	0	0	8519.372319745116	-0
-2	-5	-9.750350602859864	0	95.55621654058416	-0.00000000000000009557820182084236	1.1	0	0	8519.372319745116	-0
-2	-10	-9.750350602859864	0	95.55621654058416	-0.00000000000000009557820182084236	1.1	0	0	8519.372319745116	-0
-2	-20	-9.750350602859864	0	95.55621654058416	-0.00000000000000009557820182084236	1.1	0	0	8519.372319745116	-0
-2	-40	-9.750350602859864	620.8119129471522	76.88934179001554	-0.11409972237656417	4.063274541086036	2650.416391918503	2906.2980470326147	8519.372319745116	-158.82631738908398
-5	40	-9.750350602859864	616.930488353232	115.3911555878524	-0.19479433537487703	4.859561908636726	1796.8090532996525	4133.775881829468	8622.846593737871	-381.0112179914719
-5	20	-9.750350602859864	0	95.55621654058416	-0.00000000000000009557820182084236	1.1	0	0	8622.846593737871	-0
-5	10	-9.750350602859864	0	95.55621654058416	-0.00000000000000009557820182084236	1.1	0	0	8622.846593737871	-0
-5	5	-9.750350602859864	0	95.55621654058416	-0.00000000000000009557820182084236	1.1	0	0	8622.846593737871	-0
-5	2	-9.750350602859864	0	95.55621654058416	-0.00000000000000009557820182084236	1.1	0	0	8622.846593737871	-0
-5	0	-9.750350602859864	0	95.55621654058416	-0.00000000000000009557820182084236	1.1	0	0	8622.846593737871	-0
-5	-2	-9.750350602859864	0	95.55621654058416	-0.00000000000000009557820182084236	1.1	0	0	8622.846593737871	-0
-5	-5	-9.750350602859864	0	95.55621654058416	-0.00000000000000009557820182084236	1.1	0	0	8622.846593737871	-0
-5	-10	-9.750350602859864	0	95.55621654058416	-0.00000000000000009557820182084236	1.1	0	0	8622.846593737871	-0
-5	-20	-9.750350602859864	0	95.55621654058416	-0.00000000000000009557820182084236	1.1	0	0	8622.846593737871	-0
-5	-40	-9.750350602859864	627.9127054719299	76.90995926389165	-0.2836185966374733	4.090147924629405	2673.0532181086955	2966.968714435323	8622.846593737871	-401.248288892084
-10	40	-9.750350602859864	643.8337272126529	115.29917814438686	-0.38623208439254963	4.945687418094481	1861.360040990758	4198.01182660558	8938.160201271732	-797.8219884523281
-10	20	-9.750350602859864	0	95.55621654058416	-0.00000000000000009557820182084236	1.1	0	0	8938.160201271732	-0
-10	10	-9.750350602859864	0	95.55621654058416	-0.00000000000000009557820182084236	1.1	0	0	8938.160201271732	-0
-10	5	-9.750350602859864	0	95.55621654058416	-0.00000000000000009557820182084236	1.1	0	0	8938.160201271732	-0
-10	2	-9.750350602859864	0	95.55621654058416	-0.00000000000000009557820182084236	1.1	0	0	8938.160201271732	-0
-10	0	-9.750350602859864	0	95.55621654058416	-0.00000000000000009557820182084236	1.1	0	0	8938.160201271732	-0
-10	-2	-9.750350602859864	0	95.55621654058416	-0.00000000000000009557820182084236	1.1	0	0	8938.160201271732	-0
-10	-5	-9.750350602859864	0	95.55621654058416	-0.00000000000000009557820182084236	1.1	0	0	8938.160201271732	-0
-10	-10	-9.750350602859864	0	95.55621654058416	-0.00000000000000009557820182084236	1.1	0	0	8938.160201271732	-0
-10	-20	-9.750350602859864	0	95.55621654058416	-0.00000000000000009557820182084236	1.1	0	0	8938.160201271732	-0
-10	-40	-9.750350602859864	653.6923613987411	76.98259289524006	-0.5559104837698177	4.186608886865358	2758.100559194185	3188.5469376500405	8938.160201271732	-833.1060469723011
-15	40	-9.750350602859864	688.8920126934432	115.13845472608003	-0.5697588551730924	5.0755909948759905	1952.7101094557797	4324.960201903712	9383.106816495067	-1284.0977480164254
-15	20	-9.750350602859864	0.00563714670704067	119.86358714667514	-2.4663315651084274	1.134877156152965	0.0025944914588631462	0.001821913081613502	9383.106816495067	-0.015085123964737332
-15	10	-9.750350602859864	0	95.55621654058416	-0.00000000000000009557820182084236	1.1	0	0	9383.106816495067	-0
-15	5	-9.750350602859864	0	95.55621654058416	-0.00000000000000009557820182084236	1.1	0	0	9383.106816495067	-0
-15	2	-9.750350602859864	0	95.55621654058416	-0.00000000000000009557820182084236	1.1	0	0	9383.106816495067	-0
-15	0	-9.750350602859864	0	95.55621654058416	-0.00000000000000009557820182084236	1.1	0	0	9383.106816495067	-0
-15	-2	-9.750350602859864	0	95.55621654058416	-0.00000000000000009557820182084236	1.1	0	0	9383.106816495067	-0
-15	-5	-9.750350602859864	0	95.55621654058416	-0.00000000000000009557820182084236	1.1	0	0	9383.106816495067	-0
-15	-10	-9.750350602859864	0	95.55621654058416	-0.00000000000000009557820182084236	1.1	0	0	9383.106816495067	-0
-15	-20	-9.750350602859864	0.09191800809813717	73.61335338880424	-6.243715970597575	1.1954660179544867	0.09020017370590239	0.05140587378082273	9383.106816495067	-0.5827947215964275
-15	-40	-9.750350602859864	698.0680339056054	77.10081267159947	-0.8064469007184369	4.348299522954999	2880.626518103312	3540.3844975193933	9383.106816495067	-1329.3942153930286
-30	40	-9.750350602859864	933.7355959419475	114.21830320238254	-1.0104872003233405	5.588740949145768	2226.401377813856	4800.131143272622	12266.815791367446	-3426.32228338522
-30	20	-9.750350602859864	9.0152820324804	118.01659563079852	-2.265237599090586	1.5985286316964546	19.140900427252177	64.67394870722819	12266.815791367446	-24.891352561397557
-30	10	-9.750350602859864	0	95.55621654058416	-0.00000000000000009557820182084236	1.1	0	0	12266.815791367446	-0
-30	5	-9.750350602859864	0	95.55621654058416	-0.00000000000000009557820182084236	1.1	0	0	12266.815791367446	-0
-30	2	-9.750350602859864	0	95.55621654058416	-0.00000000000000009557820182084236	1.1	0	0	12266.815791367446	-0
-30	0	-9.750350602859864	0	95.55621654058416	-0.00000000000000009557820182084236	1.1	0	0	12266.815791367446	-0
-30	-2	-9.750350602859864	0	95.55621654058416	-0.00000000000000009557820182084236	1.1	0	0	12266.815791367446	-0
-30	-5	-9.750350602859864	0	95.55621654058416	-0.00000000000000009557820182084236	1.1	0	0	12266.815791367446	-0
-30	-10	-9.750350602859864	0	95.55621654058416	-0.00000000000000009557820182084236	1.1	0	0	12266.815791367446	-0
-30	-20	-9.750350602859864	26.728721352237972	75.37576292504718	-5.132644591890896	1.947178039868645	60.28767380198087	118.93318794069273	12266.815791367446	-144.83197221165676
-30	-40	-9.750350602859864	942.1849773710233	77.78347743879546	-1.2700884456113986	5.017152346809382	2890.49813073927	4735.340046715413	12266.815791367446	-3399.879232254741
-60	40	-9.750350602859864	1837.4886480078644	110.84430719525284	-1.1316780174505443	6.348356914665319	2223.6899252508374	6675.509348520045	7840.9807469822135	-11141.938330932913
-60	20	-9.750350602859864	701.2288717307247	112.17945073004677	-3.1907273821467204	5.2530206834657704	2591.650861055954	11047.9864787556	7840.9807469822135	-4308.780075964714
-60	10	-9.750350602859864	136.961817267473	109.36793630190071	-4.701651363392064	3.015356916239847	677.975084447764	7391.522628526916	7840.9807469822135	-679.6321176434914
-60	5	-9.750350602859864	36.41158461167434	103.66674681296793	-5.821348894340966	1.9758401784283937	56.87809027547337	2572.5512680063334	7840.9807469822135	-168.28714315660517
-60	2	-9.750350602859864	22.378075869383302	98.75498961271937	-6.195748134386492	1.7022035953163677	20.713132548082285	4309.128151198997	7840.9807469822135	-102.31313627162473
-60	0	-9.750350602859864	27.52281250840622	90.23575000236421	-6.27107118515711	1.6557316538303353	20.890305926608562	6556.248459600948	7840.9807469822135	-125.7638752500624
-60	-2	-9.750350602859864	45.43974915703235	84.35263609259108	-6.125608300711691	1.9209947509246053	52.63197465020494	6664.474133083248	7840.9807469822135	-214.76799377914256
-60	-5	-9.750350602859864	94.77774788385977	81.31105780530808	-5.796758642455578	2.49125484200754	191.19198863405836	5808.387420475397	7840.9807469822135	-479.1839060109614
-60	-10	-9.750350602859864	234.59144320494372	80.10086318241996	-5.227527498464911	3.4771921046499283	817.9482547841253	6259.840570935041	7840.9807469822135	-1319.6004317290594
-60	-20	-9.750350602859864	704.3835073777041	79.72876015497673	-3.92335897369459	5.030474241741438	2400.6862356741767	8531.868643548456	7840.9807469822135	-4450.434448724712
-60	-40	-9.750350602859864	1877.9543268161767	80.66200455039659	-1.138144475216155	6.062210379668412	2424.5004802023177	7154.409729252209	7840.9807469822135	-10928.004829732286
60	40	-16.25058433809977	1322.1087558395868	112.69949412845031	1.40399997607138	6.267043745688568	1988.9472848201694	5607.4744148958125	7840.980746982219	8103.758631803007
60	20	-16.25058433809977	115.69769438833008	115.03816017694479	3.621060590336462	3.7847843587353567	737.9969056481787	2321.6963122936286	7840.980746982219	588.6987584935832
60	10	-16.25058433809977	0	95.55621654058416	-0.00000000000000009557820182084236	1.1	0	0	7840.980746982219	0
60	5	-16.25058433809977	0	95.55621654058416	-0.00000000000000009557820182084236	1.1	0	0	7840.980746982219	0
60	2	-16.25058433809977	0	95.55621654058416	-0.00000000000000009557820182084236	1.1	0	0	7840.980746982219	0
60	0	-16.25058433809977	0	95.55621654058416	-0.00000000000000009557820182084236	1.1	0	0	7840.980746982219	0
60	-2	-16.25058433809977	0	95.55621654058416	-0.00000000000000009557820182084236	1.1	0	0	7840.980746982219	0
60	-5	-16.25058433809977	0	95.55621654058416	-0.00000000000000009557820182084236	1.1	0	0	7840.980746982219	0
60	-10	-16.25058433809977	7.430267054011952	75.49278100667848	6.165755422673972	1.8521336708399527	8.196884928191139	62.731587883079555	7840.980746982219	34.82471448277298
60	-20	-16.25058433809977	192.66862260019525	77.25441213225136	4.963269610902216	3.933774683426338	826.8315281456598	1649.6233253867613	7840.980746982219	1134.5067602629633
60	-40	-16.25058433809977	1325.6242048311387	79.02431228579879	1.6118336260896209	5.87917822155907	2423.539725186638	7047.400041324632	7840.980746982219	7817.781927945967
30	40	-16.25058433809977	233.93460004688035	117.03293034278106	1.1632455212154602	3.971892881243041	843.5628038533268	1212.145346674297	12266.815791367448	700.2473426746734
30	20	-16.25058433809977	0	95.55621654058416	-0.00000000000000009557820182084236	1.1	0	0	12266.815791367448	0
30	10	-16.25058433809977	0	95.55621654058416	-0.00000000000000009557820182084236	1.1	0	0	12266.815791367448	0
30	5	-16.25058433809977	0	95.55621654058416	-0.00000000000000009557820182084236	1.1	0	0	12266.815791367448	0
30	2	-16.25058433809977	0	95.55621654058416	-0.00000000000000009557820182084236	1.1	0	0	12266.815791367448	0
30	0	-16.25058433809977	0	95.55621654058416	-0.00000000000000009557820182084236	1.1	0	0	12266.815791367448	0
30	-2	-16.25058433809977	0	95.55621654058416	-0.00000000000000009557820182084236	1.1	0	0	12266.815791367448	0
30	-5	-16.25058433809977	0	95.55621654058416	-0.00000000000000009557820182084236	1.1	0	0	12266.815791367448	0
30	-10	-16.25058433809977	0	95.55621654058416	-0.00000000000000009557820182084236	1.1	0	0	12266.815791367448	0
30	-20	-16.25058433809977	0	95.55621654058416	-0.00000000000000009557820182084236	1.1	0	0	12266.815791367448	0
30	-40	-16.25058433809977	221.11430099590027	75.7072335558264	2.714540366686697	3.374255238211368	1414.148639283594	883.4758508333907	12266.815791367448	892.857012623414
15	40	-16.25058433809977	98.09257027984489	117.90739798047247	0.6196880916605144	2.872621089085168	315.0691831266861	330.87760640463966	9383.106816495063	131.64628939578174
15	20	-16.25058433809977	0	95.55621654058416	-0.00000000000000009557820182084236	1.1	0	0	9383.106816495063	0
15	10	-16.25058433809977	0	95.55621654058416	-0.00000000000000009557820182084236	1.1	0	0	9383.106816495063	0
15	5	-16.25058433809977	0	95.55621654058416	-0.00000000000000009557820182084236	1.1	0	0	9383.106816495063	0
15	2	-16.25058433809977	0	95.55621654058416	-0.00000000000000009557820182084236	1.1	0	0	9383.106816495063	0
15	0	-16.25058433809977	0	95.55621654058416	-0.00000000000000009557820182084236	1.1	0	0	9383.106816495063	0
15	-2	-16.25058433809977	0	95.55621654058416	-0.00000000000000009557820182084236	1.1	0	0	9383.106816495063	0
15	-5	-16.25058433809977	0	95.55621654058416	-0.00000000000000009557820182084236	1.1	0	0	9383.106816495063	0
15	-10	-16.25058433809977	0	95.55621654058416	-0.00000000000000009557820182084236	1.1	0	0	9383.106816495063	0
15	-20	-16.25058433809977	0	95.55621654058416	-0.00000000000000009557820182084236	1.1	0	0	9383.106816495063	0
15	-40	-16.25058433809977	77.73111533485107	74.76017850645188	2.305432339903989	2.3163348741381875	806.5482296516475	176.74740860230668	9383.106816495063	219.69830856510353
10	40	-16.25058433809977	80.8999860806976	118.0753833865553	0.4224019594191218	2.68596360660376	254.9320802020468	236.92201361780462	8938.160201271732	71.38593819391959
10	20	-16.25058433809977	0	95.55621654058416	-0.00000000000000009557820182084236	1.1	0	0	8938.160201271732	0
10	10	-16.25058433809977	0	95.55621654058416	-0.00000000000000009557820182084236	1.1	0	0	8938.160201271732	0
10	5	-16.25058433809977	0	95.55621654058416	-0.00000000000000009557820182084236	1.1	0	0	8938.160201271732	0
10	2	-16.25058433809977	0	95.55621654058416	-0.00000000000000009557820182084236	1.1	0	0	8938.160201271732	0
10	0	-16.25058433809977	0	95.55621654058416	-0.00000000000000009557820182084236	1.1	0	0	8938.160201271732	0
10	-2	-16.25058433809977	0	95.55621654058416	-0.00000000000000009557820182084236	1.1	0	0	8938.160201271732	0
10	-5	-16.25058433809977	0	95.55621654058416	-0.00000000000000009557820182084236	1.1	0	0	8938.160201271732	0
10	-10	-16.25058433809977	0	95.55621654058416	-0.00000000000000009557820182084236	1.1	0	0	8938.160201271732	0
10	-20	-16.25058433809977	0	95.55621654058416	-0.00000000000000009557820182084236	1.1	0	0	8938.160201271732	0
10	-40	-16.25058433809977	58.369826809925364	74.52601128221443	1.80861814496347	2.0934930283215953	744.3749410064011	103.7732984354152	8938.160201271732	125.18415776174461
5	40	-16.25058433809977	71.63297357102235	118.18018675557994	0.21650969678891008	2.579273969461912	231.41309859263242	194.5754840105219	8622.846593737871	31.553203843883985
5	20	-16.25058433809977	0	95.55621654058416	-0.00000000000000009557820182084236	1.1	0	0	8622.846593737871	0
5	10	-16.25058433809977	0	95.55621654058416	-0.00000000000000009557820182084236	1.1	0	0	8622.846593737871	0
5	5	-16.25058433809977	0	95.55621654058416	-0.00000000000000009557820182084236	1.1	0	0	8622.846593737871	0
5	2	-16.25058433809977	0	95.55621654058416	-0.00000000000000009557820182084236	1.1	0	0	8622.846593737871	0
5	0	-16.25058433809977	0	95.55621654058416	-0.00000000000000009557820182084236	1.1	0	0	8622.846593737871	0
5	-2	-16.25058433809977	0	95.55621654058416	-0.00000000000000009557820182084236	1.1	0	0	8622.846593737871	0
5	-5	-16.25058433809977	0	95.55621654058416	-0.00000000000000009557820182084236	1.1	0	0	8622.846593737871	0
5	-10	-16.25058433809977	0	95.55621654058416	-0.00000000000000009557820182084236	1.1	0	0	8622.846593737871	0
5	-20	-16.25058433809977	0	95.55621654058416	-0.00000000000000009557820182084236	1.1	0	0	8622.846593737871	0
5	-40	-16.25058433809977	47.7277201363937	74.36305542575683	1.0200034602275876	1.9448784554015053	715.8185884454606	66.74761832308286	8622.846593737871	56.58738653961099
2	40	-16.25058433809977	69.14922035310282	118.20953253645649	0.08719912897169496	2.548965300595092	225.39660693693276	183.9964264832306	8519.372319745116	12.177427728488574
2	20	-16.25058433809977	0	95.55621654058416	-0.00000000000000009557820182084236	1.1	0	0	8519.372319745116	0
2	10	-16.25058433809977	0	95.55621654058416	-0.00000000000000009557820182084236	1.1	0	0	8519.372319745116	0
2	5	-16.25058433809977	0	95.55621654058416	-0.00000000000000009557820182084236	1.1	0	0	8519.372319745116	0
2	2	-16.25058433809977	0	95.55621654058416	-0.00000000000000009557820182084236	1.1	0	0	8519.372319745116	0
2	0	-16.25058433809977	0	95.55621654058416	-0.00000000000000009557820182084236	1.1	0	0	8519.372319745116	0
2	-2	-16.25058433809977	0	95.55621654058416	-0.00000000000000009557820182084236	1.1	0	0	8519.372319745116	0
2	-5	-16.25058433809977	0	95.55621654058416	-0.00000000000000009557820182084236	1.1	0	0	8519.372319745116	0
2	-10	-16.25058433809977	0	95.55621654058416	-0.00000000000000009557820182084236	1.1	0	0	8519.372319745116	0
2	-20	-16.25058433809977	0	95.55621654058416	-0.00000000000000009557820182084236	1.1	0	0	8519.372319745116	0
2	-40	-16.25058433809977	44.875789683015924	74.31298243766066	0.42377242475352905	1.9001346323586001	709.1465739864623	57.210648241649324	8519.372319745116	21.981419043856004
0	40	-16.25058433809977	68.68155473151518	118.21511997131806	-0.000000000000002311565210514199	2.543166763401487	224.26056015015334	182.03125846818875	8499.807928058532	-0.00000000000015876189252139736
0	20	-16.25058433809977	0	95.55621654058416	-0.00000000000000009557820182084236	1.1	0	0	8499.807928058532	-0
0	10	-16.25058433809977	0	95.55621654058416	-0.00000000000000009557820182084236	1.1	0	0	8499.807928058532	-0
0	5	-16.25058433809977	0	95.55621654058416	-0.00000000000000009557820182084236	1.1	0	0	8499.807928058532	-0
0	2	-16.25058433809977	0	95.55621654058416	-0.00000000000000009557820182084236	1.1	0	0	8499.807928058532	-0
0	0	-16.25058433809977	0	95.55621654058416	-0.00000000000000009557820182084236	1.1	0	0	8499.807928058532	-0
0	-2	-16.25058433809977	0	95.55621654058416	-0.00000000000000009557820182084236	1.1	0	0	8499.807928058532	-0
0	-5	-16.25058433809977	0	95.55621654058416	-0.00000000000000009557820182084236	1.1	0	0	8499.807928058532	-0
0	-10	-16.25058433809977	0	95.55621654058416	-0.00000000000000009557820182084236	1.1	0	0	8499.807928058532	-0
0	-20	-16.25058433809977	0	95.55621654058416	-0.00000000000000009557820182084236	1.1	0	0	8499.807928058532	-0
0	-40	-16.25058433809977	44.338838664132425	74.30317475796618	-0.000000000000003375326648790553	1.89141759154514	707.9457925762405	55.433341377858596	8499.807928058532	-0.0000000000001496580637194711
-2	40	-16.25058433809977	69.14922035310278	118.20953253645649	-0.08719912897169751	2.54896530059509	225.3966069369328	183.99642648324516	8519.372319745116	-12.17742772848874
-2	20	-16.25058433809977	0	95.55621654058416	-0.00000000000000009557820182084236	1.1	0	0	8519.372319745116	-0
-2	10	-16.25058433809977	0	95.55621654058416	-0.00000000000000009557820182084236	1.1	0	0	8519.372319745116	-0
-2	5	-16.25058433809977	0	95.55621654058416	-0.00000000000000009557820182084236	1.1	0	0	8519.372319745116	-0
-2	2	-16.25058433809977	0	95.55621654058416	-0.00000000000000009557820182084236	1.1	0	0	8519.372319745116	-0
-2	0	-16.25058433809977	0	95.55621654058416	-0.00000000000000009557820182084236	1.1	0	0	8519.372319745116	-0
-2	-2	-16.25058433809977	0	95.55621654058416	-0.00000000000000009557820182084236	1.1	0	0	8519.372319745116	-0
-2	-5	-16.25058433809977	0	95.55621654058416	-0.00000000000000009557820182084236	1.1	0	0	8519.372319745116	-0
-2	-10	-16.25058433809977	0	95.55621654058416	-0.00000000000000009557820182084236	1.1	0	0	8519.372319745116	-0
-2	-20	-16.25058433809977	0	95.55621654058416	-0.00000000000000009557820182084236	1.1	0	0	8519.372319745116	-0
-2	-40	-16.25058433809977	44.87578968301586	74.31298243766065	-0.42377242475352855	1.9001346323586001	709.1465739864634	57.21064824167115	8519.372319745116	-21.981419043855947
-5	40	-16.25058433809977	71.63297357102242	118.1801867555799	-0.21650969678891008	2.579273969461915	231.4130985926325	194.57548401056556	8622.846593737871	-31.553203843884035
-5	20	-16.25058433809977	0	95.55621654058416	-0.00000000000000009557820182084236	1.1	0	0	8622.846593737871	-0
-5	10	-16.25058433809977	0	95.55621654058416	-0.00000000000000009557820182084236	1.1	0	0	8622.846593737871	-0
-5	5	-16.25058433809977	0	95.55621654058416	-0.00000000000000009557820182084236	1.1	0	0	8622.846593737871	-0
-5	2	-16.25058433809977	0	95.55621654058416	-0.00000000000000009557820182084236	1.1	0	0	8622.846593737871	-0
-5	0	-16.25058433809977	0	95.55621654058416	-0.00000000000000009557820182084236	1.1	0	0	8622.846593737871	-0
-5	-2	-16.25058433809977	0	95.55621654058416	-0.00000000000000009557820182084236	1.1	0	0	8622.846593737871	-0
-5	-5	-16.25058433809977	0	95.55621654058416	-0.00000000000000009557820182084236	1.1	0	0	8622.846593737871	-0
-5	-10	-16.25058433809977	0	95.55621654058416	-0.00000000000000009557820182084236	1.1	0	0	8622.846593737871	-0
-5	-20	-16.25058433809977	0	95.55621654058416	-0.00000000000000009557820182084236	1.1	0	0	8622.846593737871	-0
-5	-40	-16.25058433809977	47.72772013639371	74.36305542575683	-1.0200034602275891	1.944878455401505	715.8185884454613	66.74761832306831	8622.846593737871	-56.587386539611074
-10	40	-16.25058433809977	80.89998608069764	118.07538338655519	-0.42240195941912195	2.6859636066037575	254.9320802020468	236.92201361779735	8938.160201271732	-71.38593819391961
-10	20	-16.25058433809977	0	95.55621654058416	-0.00000000000000009557820182084236	1.1	0	0	8938.160201271732	-0
-10	10	-16.25058433809977	0	95.55621654058416	-0.00000000000000009557820182084236	1.1	0	0	8938.160201271732	-0
-10	5	-16.25058433809977	0	95.55621654058416	-0.00000000000000009557820182084236	1.1	0	0	8938.160201271732	-0
-10	2	-16.25058433809977	0	95.55621654058416	-0.00000000000000009557820182084236	1.1	0	0	8938.160201271732	-0
-10	0	-16.25058433809977	0	95.55621654058416	-0.00000000000000009557820182084236	1.1	0	0	8938.160201271732	-0
-10	-2	-16.25058433809977	0	95.55621654058416	-0.00000000000000009557820182084236	1.1	0	0	8938.160201271732	-0
-10	-5	-16.25058433809977	0	95.55621654058416	-0.00000000000000009557820182084236	1.1	0	0	8938.160201271732	-0
-10	-10	-16.25058433809977	0	95.55621654058416	-0.00000000000000009557820182084236	1.1	0	0	8938.160201271732	-0
-10	-20	-16.25058433809977	0	95.55621654058416	-0.00000000000000009557820182084236	1.1	0	0	8938.160201271732	-0
-10	-40	-16.25058433809977	58.36982680992534	74.52601128221443	-1.8086181449634657	2.093493028321595	744.3749410063996	103.77329843542248	8938.160201271732	-125.18415776174432
-15	40	-16.25058433809977	98.092570279845	117.9073979804725	-0.6196880916605146	2.872621089085171	315.0691831266897	330.87760640467604	9383.106816495067	-131.646289395782
-15	20	-16.25058433809977	0	95.55621654058416	-0.00000000000000009557820182084236	1.1	0	0	9383.106816495067	-0
-15	10	-16.25058433809977	0	95.55621654058416	-0.00000000000000009557820182084236	1.1	0	0	9383.106816495067	-0
-15	5	-16.25058433809977	0	95.55621654058416	-0.00000000000000009557820182084236	1.1	0	0	9383.106816495067	-0
-15	2	-16.25058433809977	0	95.55621654058416	-0.00000000000000009557820182084236	1.1	0	0	9383.106816495067	-0
-15	0	-16.25058433809977	0	95.55621654058416	-0.00000000000000009557820182084236	1.1	0	0	9383.106816495067	-0
-15	-2	-16.25058433809977	0	95.55621654058416	-0.00000000000000009557820182084236	1.1	0	0	9383.106816495067	-0
-15	-5	-16.25058433809977	0	95.55621654058416	-0.00000000000000009557820182084236	1.1	0	0	9383.106816495067	-0
-15	-10	-16.25058433809977	0	95.55621654058416	-0.00000000000000009557820182084236	1.1	0	0	9383.106816495067	-0
-15	-20	-16.25058433809977	0	95.55621654058416	-0.00000000000000009557820182084236	1.1	0	0	9383.106816495067	-0
-15	-40	-16.25058433809977	77.7311153348511	74.76017850645191	-2.3054323399039873	2.316334874138187	806.5482296516539	176.74740860224847	9383.106816495067	-219.69830856510347
-30	40	-16.25058433809977	233.9346000468805	117.03293034278104	-1.16324552121546	3.9718928812430407	843.5628038533214	1212.145346674297	12266.815791367446	-700.2473426746737
-30	20	-16.25058433809977	0	95.55621654058416	-0.00000000000000009557820182084236	1.1	0	0	12266.815791367446	-0
-30	10	-16.25058433809977	0	95.55621654058416	-0.00000000000000009557820182084236	1.1	0	0	12266.815791367446	-0
-30	5	-16.25058433809977	0	95.55621654058416	-0.00000000000000009557820182084236	1.1	0	0	12266.815791367446	-0
-30	2	-16.25058433809977	0	95.55621654058416	-0.00000000000000009557820182084236	1.1	0	0	12266.815791367446	-0
-30	0	-16.25058433809977	0	95.55621654058416	-0.00000000000000009557820182084236	1.1	0	0	12266.815791367446	-0
-30	-2	-16.25058433809977	0	95.55621654058416	-0.00000000000000009557820182084236	1.1	0	0	12266.815791367446	-0
-30	-5	-16.25058433809977	0	95.55621654058416	-0.00000000000000009557820182084236	1.1	0	0	12266.815791367446	-0
-30	-10	-16.25058433809977	0	95.55621654058416	-0.00000000000000009557820182084236	1.1	0	0	12266.815791367446	-0
-30	-20	-16.25058433809977	0	95.55621654058416	-0.00000000000000009557820182084236	1.1	0	0	12266.815791367446	-0
-30	-40	-16.25058433809977	221.11430099589998	75.7072335558264	-2.714540366686701	3.374255238211369	1414.148639283596	883.4758508334053	12266.815791367446	-892.8570126234137
-60	40	-16.25058433809977	1322.1087558395875	112.69949412845025	-1.4039999760713806	6.267043745688563	1988.9472848201694	5607.474414895842	7840.9807469822135	-8103.758631803005
-60	20	-16.25058433809977	115.69769438833004	115.03816017694481	-3.621060590336464	3.7847843587353553	737.9969056481714	2321.6963122935995	7840.9807469822135	-588.698758493583
-60	10	-16.25058433809977	0	95.55621654058416	-0.00000000000000009557820182084236	1.1	0	0	7840.9807469822135	-0
-60	5	-16.25058433809977	0	95.55621654058416	-0.00000000000000009557820182084236	1.1	0	0	7840.9807469822135	-0
-60	2	-16.25058433809977	0	95.55621654058416	-0.00000000000000009557820182084236	1.1	0	0	7840.9807469822135	-0
-60	0	-16.25058433809977	0	95.55621654058416	-0.00000000000000009557820182084236	1.1	0	0	7840.9807469822135	-0
-60	-2	-16.25058433809977	0	95.55621654058416	-0.00000000000000009557820182084236	1.1	0	0	7840.9807469822135	-0
-60	-5	-16.25058433809977	0	95.55621654058416	-0.00000000000000009557820182084236	1.1	0	0	7840.9807469822135	-0
-60	-10	-16.25058433809977	7.43026705401195	75.49278100667847	-6.165755422673972	1.8521336708399523	8.196884928192048	62.73158788307046	7840.9807469822135	-34.82471448277297
-60	-20	-16.25058433809977	192.66862260019514	77.25441213225136	-4.963269610902218	3.9337746834263383	826.8315281456526	1649.6233253867977	7840.9807469822135	-1134.5067602629629
-60	-40	-16.25058433809977	1325.6242048311387	79.02431228579881	-1.6118336260896216	5.879178221559072	2423.5397251865943	7047.400041324632	7840.9807469822135	-7817.78192794597
60	40	-22.750818073339676	842.757717207173	114.51142743218755	1.7114972720804493	6.101468319254606	1778.3190846142097	4657.263508966789	7840.980746982219	5174.342932476248
60	20	-22.750818073339676	0	95.55621654058416	-0.00000000000000009557820182084236	1.1	0	0	7840.980746982219	0
60	10	-22.750818073339676	0	95.55621654058416	-0.00000000000000009557820182084236	1.1	0	0	7840.980746982219	0
60	5	-22.750818073339676	0	95.55621654058416	-0.00000000000000009557820182084236	1.1	0	0	7840.980746982219	0
60	2	-22.750818073339676	0	95.55621654058416	-0.00000000000000009557820182084236	1.1	0	0	7840.980746982219	0
60	0	-22.750818073339676	0	95.55621654058416	-0.00000000000000009557820182084236	1.1	0	0	7840.980746982219	0
60	-2	-22.750818073339676	0	95.55621654058416	-0.00000000000000009557820182084236	1.1	0	0	7840.980746982219	0
60	-5	-22.750818073339676	0	95.55621654058416	-0.00000000000000009557820182084236	1.1	0	0	7840.980746982219	0
60	-10	-22.750818073339676	0	95.55621654058416	-0.00000000000000009557820182084236	1.1	0	0	7840.980746982219	0
60	-20	-22.750818073339676	14.971140702151677	75.02161991741193	5.90165998831099	2.3095603812036116	27.835400321861016	54.912599692577714	7840.980746982219	74.121637878903
60	-40	-22.750818073339676	799.6397637444163	77.62926216029898	2.4907893755188173	5.58368468505814	2327.2384981683717	4576.664793522068	7840.980746982219	4862.615378031699
30	40	-22.750818073339676	4.947703702345782	119.23657183823727	1.747135424354106	1.7053769942118617	12.29702772098949	8.098891725572685	12266.815791367448	11.705040713187142
30	20	-22.750818073339676	0	95.55621654058416	-0.00000000000000009557820182084236	1.1	0	0	12266.815791367448	0
30	10	-22.750818073339676	0	95.55621654058416	-0.00000000000000009557820182084236	1.1	0	0	12266.815791367448	0
30	5	-22.750818073339676	0	95.55621654058416	-0.00000000000000009557820182084236	1.1	0	0	12266.815791367448	0
30	2	-22.750818073339676	0	95.55621654058416	-0.00000000000000009557820182084236	1.1	0	0	12266.815791367448	0
30	0	-22.750818073339676	0	95.55621654058416	-0.00000000000000009557820182084236	1.1	0	0	12266.815791367448	0
30	-2	-22.750818073339676	0	95.55621654058416	-0.00000000000000009557820182084236	1.1	0	0	12266.815791367448	0
30	-5	-22.750818073339676	0	95.55621654058416	-0.00000000000000009557820182084236	1.1	0	0	12266.815791367448	0
30	-10	-22.750818073339676	0	95.55621654058416	-0.00000000000000009557820182084236	1.1	0	0	12266.815791367448	0
30	-20	-22.750818073339676	0	95.55621654058416	-0.00000000000000009557820182084236	1.1	0	0	12266.815791367448	0
30	-40	-22.750818073339676	5.032647098403027	74.0220342274574	5.48897464782754	1.7414507861532693	10.543075658359612	5.888575286847299	12266.815791367448	28.30520202071291
15	40	-22.750818073339676	0	95.55621654058416	-0.00000000000000009557820182084236	1.1	0	0	9383.106816495063	0
15	20	-22.750818073339676	0	95.55621654058416	-0.00000000000000009557820182084236	1.1	0	0	9383.106816495063	0
15	10	-22.750818073339676	0	95.55621654058416	-0.00000000000000009557820182084236	1.1	0	0	9383.106816495063	0
15	5	-22.750818073339676	0	95.55621654058416	-0.00000000000000009557820182084236	1.1	0	0	9383.106816495063	0
15	2	-22.750818073339676	0	95.55621654058416	-0.00000000000000009557820182084236	1.1	0	0	9383.106816495063	0
15	0	-22.750818073339676	0	95.55621654058416	-0.00000000000000009557820182084236	1.1	0	0	9383.106816495063	0
15	-2	-22.750818073339676	0	95.55621654058416	-0.00000000000000009557820182084236	1.1	0	0	9383.106816495063	0
15	-5	-22.750818073339676	0	95.55621654058416	-0.00000000000000009557820182084236	1.1	0	0	9383.106816495063	0
15	-10	-22.750818073339676	0	95.55621654058416	-0.00000000000000009557820182084236	1.1	0	0	9383.106816495063	0
15	-20	-22.750818073339676	0	95.55621654058416	-0.00000000000000009557820182084236	1.1	0	0	9383.106816495063	0
15	-40	-22.750818073339676	0	95.55621654058416	-0.00000000000000009557820182084236	1.1	0	0	9383.106816495063	0
10	40	-22.750818073339676	0	95.55621654058416	-0.00000000000000009557820182084236	1.1	0	0	8938.160201271732	0
10	20	-22.750818073339676	0	95.55621654058416	-0.00000000000000009557820182084236	1.1	0	0	8938.160201271732	0
10	10	-22.750818073339676	0	95.55621654058416	-0.00000000000000009557820182084236	1.1	0	0	8938.160201271732	0
10	5	-22.750818073339676	0	95.55621654058416	-0.00000000000000009557820182084236	1.1	0	0	8938.160201271732	0
10	2	-22.750818073339676	0	95.55621654058416	-0.00000000000000009557820182084236	1.1	0	0	8938.160201271732	0
10	0	-22.750818073339676	0	95.55621654058416	-0.00000000000000009557820182084236	1.1	0	0	8938.160201271732	0
10	-2	-22.750818073339676	0	95.55621654058416	-0.00000000000000009557820182084236	1.1	0	0	8938.160201271732	0
10	-5	-22.750818073339676	0	95.55621654058416	-0.00000000000000009557820182084236	1.1	0	0	8938.160201271732	0
10	-10	-22.750818073339676	0	95.55621654058416	-0.00000000000000009557820182084236	1.1	0	0	8938.160201271732	0
10	-20	-22.750818073339676	0	95.55621654058416	-0.00000000000000009557820182084236	1.1	0	0	8938.160201271732	0
10	-40	-22.750818073339676	0	95.55621654058416	-0.00000000000000009557820182084236	1.1	0	0	8938.160201271732	0
5	40	-22.750818073339676	0	95.55621654058416	-0.00000000000000009557820182084236	1.1	0	0	8622.846593737871	0
5	20	-22.750818073339676	0	95.55621654058416	-0.00000000000000009557820182084236	1.1	0	0	8622.846593737871	0
5	10	-22.750818073339676	0	95.55621654058416	-0.00000000000000009557820182084236	1.1	0	0	8622.846593737871	0
5	5	-22.750818073339676	0	95.55621654058416	-0.00000000000000009557820182084236	1.1	0	0	8622.846593737871	0
5	2	-22.750818073339676	0	95.55621654058416	-0.00000000000000009557820182084236	1.1	0	0	8622.846593737871	0
5	0	-22.750818073339676	0	95.55621654058416	-0.00000000000000009557820182084236	1.1	0	0	8622.846593737871	0
5	-2	-22.750818073339676	0	95.55621654058416	-0.00000000000000009557820182084236	1.1	0	0	8622.846593737871	0
5	-5	-22.750818073339676	0	95.55621654058416	-0.00000000000000009557820182084236	1.1	0	0	8622.846593737871	0
5	-10	-22.750818073339676	0	95.55621654058416	-0.00000000000000009557820182084236	1.1	0	0	8622.846593737871	0
5	-20	-22.750818073339676	0	95.55621654058416	-0.00000000000000009557820182084236	1.1	0	0	8622.846593737871	0
5	-40	-22.750818073339676	0	95.55621654058416	-0.00000000000000009557820182084236	1.1	0	0	8622.846593737871	0
2	40	-22.750818073339676	0	95.55621654058416	-0.00000000000000009557820182084236	1.1	0	0	8519.372319745116	0
2	20	-22.750818073339676	0	95.55621654058416	-0.00000000000000009557820182084236	1.1	0	0	8519.372319745116	0
2	10	-22.750818073339676	0	95.55621654058416	-0.00000000000000009557820182084236	1.1	0	0	8519.372319745116	0
2	5	-22.750818073339676	0	95.55621654058416	-0.00000000000000009557820182084236	1.1	0	0	8519.372319745116	0
2	2	-22.750818073339676	0	95.55621654058416	-0.00000000000000009557820182084236	1.1	0	0	8519.372319745116	0
2	0	-22.750818073339676	0	95.55621654058416	-0.00000000000000009557820182084236	1.1	0	0	8519.372319745116	0
2	-2	-22.750818073339676	0	95.55621654058416	-0.00000000000000009557820182084236	1.1	0	0	8519.372319745116	0
2	-5	-22.750818073339676	0	95.55621654058416	-0.00000000000000009557820182084236	1.1	0	0	8519.372319745116	0
2	-10	-22.750818073339676	0	95.55621654058416	-0.00000000000000009557820182084236	1.1	0	0	8519.372319745116	0
2	-20	-22.750818073339676	0	95.55621654058416	-0.00000000000000009557820182084236	1.1	0	0	8519.372319745116	0
2	-40	-22.750818073339676	0	95.55621654058416	-0.00000000000000009557820182084236	1.1	0	0	8519.372319745116	0
0	40	-22.750818073339676	0	95.55621654058416	-0.00000000000000009557820182084236	1.1	0	0	8499.807928058532	-0
0	20	-22.750818073339676	0	95.55621654058416	-0.00000000000000009557820182084236	1.1	0	0	8499.807928058532	-0
0	10	-22.750818073339676	0	95.55621654058416	-0.00000000000000009557820182084236	1.1	0	0	8499.807928058532	-0
0	5	-22.750818073339676	0	95.55621654058416	-0.00000000000000009557820182084236	1.1	0	0	8499.807928058532	-0
0	2	-22.750818073339676	0	95.55621654058416	-0.00000000000000009557820182084236	1.1	0	0	8499.807928058532	-0
0	0	-22.750818073339676	0	95.55621654058416	-0.00000000000000009557820182084236	1.1	0	0	8499.807928058532	-0
0	-2	-22.750818073339676	0	95.55621654058416	-0.00000000000000009557820182084236	1.1	0	0	8499.807928058532	-0
0	-5	-22.750818073339676	0	95.55621654058416	-0.00000000000000009557820182084236	1.1	0	0	8499.807928058532	-0
0	-10	-22.750818073339676	0	95.55621654058416	-0.00000000000000009557820182084236	1.1	0	0	8499.807928058532	-0
0	-20	-22.750818073339676	0	95.55621654058416	-0.00000000000000009557820182084236	1.1	0	0	8499.807928058532	-0
0	-40	-22.750818073339676	0	95.55621654058416	-0.00000000000000009557820182084236	1.1	0	0	8499.807928058532	-0
-2	40	-22.750818073339676	0	95.55621654058416	-0.00000000000000009557820182084236	1.1	0	0	8519.372319745116	-0
-2	20	-22.750818073339676	0	95.55621654058416	-0.00000000000000009557820182084236	1.1	0	0	8519.372319745116	-0
-2	10	-22.750818073339676	0	95.55621654058416	-0.00000000000000009557820182084236	1.1	0	0	8519.372319745116	-0
-2	5	-22.750818073339676	0	95.55621654058416	-0.00000000000000009557820182084236	1.1	0	0	8519.372319745116	-0
-2	2	-22.750818073339676	0	95.55621654058416	-0.00000000000000009557820182084236	1.1	0	0	8519.372319745116	-0
-2	0	-22.750818073339676	0	95.55621654058416	-0.00000000000000009557820182084236	1.1	0	0	8519.372319745116	-0
-2	-2	-22.750818073339676	0	95.55621654058416	-0.00000000000000009557820182084236	1.1	0	0	8519.372319745116	-0
-2	-5	-22.750818073339676	0	95.55621654058416	-0.00000000000000009557820182084236	1.1	0	0	8519.372319745116	-0
-2	-10	-22.750818073339676	0	95.55621654058416	-0.00000000000000009557820182084236	1.1	0	0	8519.372319745116	-0
-2	-20	-22.750818073339676	0	95.55621654058416	-0.00000000000000009557820182084236	1.1	0	0	8519.372319745116	-0
-2	-40	-22.750818073339676	0	95.55621654058416	-0.00000000000000009557820182084236	1.1	0	0	8519.372319745116	-0
-5	40	-22.750818073339676	0	95.55621654058416	-0.00000000000000009557820182084236	1.1	0	0	8622.846593737871	-0
-5	20	-22.750818073339676	0	95.55621654058416	-0.00000000000000009557820182084236	1.1	0	0	8622.846593737871	-0
-5	10	-22.750818073339676	0	95.55621654058416	-0.00000000000000009557820182084236	1.1	0	0	8622.846593737871	-0
-5	5	-22.750818073339676	0	95.55621654058416	-0.00000000000000009557820182084236	1.1	0	0	8622.846593737871	-0
-5	2	-22.750818073339676	0	95.55621654058416	-0.00000000000000009557820182084236	1.1	0	0	8622.846593737871	-0
-5	0	-22.750818073339676	0	95.55621654058416	-0.00000000000000009557820182084236	1.1	0	0	8622.846593737871	-0
-5	-2	-22.750818073339676	0	95.55621654058416	-0.00000000000000009557820182084236	1.1	0	0	8622.846593737871	-0
-5	-5	-22.750818073339676	0	95.55621654058416	-0.00000000000000009557820182084236	1.1	0	0	8622.846593737871	-0
-5	-10	-22.750818073339676	0	95.55621654058416	-0.00000000000000009557820182084236	1.1	0	0	8622.846593737871	-0
-5	-20	-22.750818073339676	0	95.55621654058416	-0.00000000000000009557820182084236	1.1	0	0	8622.846593737871	-0
-5	-40	-22.750818073339676	0	95.55621654058416	-0.00000000000000009557820182084236	1.1	0	0	8622.846593737871	-0
-10	40	-22.750818073339676	0	95.55621654058416	-0.00000000000000009557820182084236	1.1	0	0	8938.160201271732	-0
-10	20	-22.750818073339676	0	95.55621654058416	-0.00000000000000009557820182084236	1.1	0	0	8938.160201271732	-0
-10	10	-22.750818073339676	0	95.55621654058416	-0.00000000000000009557820182084236	1.1	0	0	8938.160201271732	-0
-10	5	-22.750818073339676	0	95.55621654058416	-0.00000000000000009557820182084236	1.1	0	0	8938.160201271732	-0
-10	2	-22.750818073339676	0	95.55621654058416	-0.00000000000000009557820182084236	1.1	0	0	8938.160201271732	-0
-10	0	-22.750818073339676	0	95.55621654058416	-0.00000000000000009557820182084236	1.1	0	0	8938.160201271732	-0
-10	-2	-22.750818073339676	0	95.55621654058416	-0.00000000000000009557820182084236	1.1	0	0	8938.160201271732	-0
-10	-5	-22.750818073339676	0	95.55621654058416	-0.00000000000000009557820182084236	1.1	0	0	8938.160201271732	-0
-10	-10	-22.750818073339676	0	95.55621654058416	-0.00000000000000009557820182084236	1.1	0	0	8938.160201271732	-0
-10	-20	-22.750818073339676	0	95.55621654058416	-0.00000000000000009557820182084236	1.1	0	0	8938.160201271732	-0
-10	-40	-22.750818073339676	0	95.55621654058416	-0.00000000000000009557820182084236	1.1	0	0	8938.160201271732	-0
-15	40	-22.750818073339676	0	95.55621654058416	-0.00000000000000009557820182084236	1.1	0	0	9383.106816495067	-0
-15	20	-22.750818073339676	0	95.55621654058416	-0.00000000000000009557820182084236	1.1	0	0	9383.106816495067	-0
-15	10	-22.750818073339676	0	95.55621654058416	-0.00000000000000009557820182084236	1.1	0	0	9383.106816495067	-0
-15	5	-22.750818073339676	0	95.55621654058416	-0.00000000000000009557820182084236	1.1	0	0	9383.106816495067	-0
-15	2	-22.750818073339676	0	95.55621654058416	-0.00000000000000009557820182084236	1.1	0	0	9383.106816495067	-0
-15	0	-22.750818073339676	0	95.55621654058416	-0.00000000000000009557820182084236	1.1	0	0	9383.106816495067	-0
-15	-2	-22.750818073339676	0	95.55621654058416	-0.00000000000000009557820182084236	1.1	0	0	9383.106816495067	-0
-15	-5	-22.750818073339676	0	95.55621654058416	-0.00000000000000009557820182084236	1.1	0	0	9383.106816495067	-0
-15	-10	-22.750818073339676	0	95.55621654058416	-0.00000000000000009557820182084236	1.1	0	0	9383.106816495067	-0
-15	-20	-22.750818073339676	0	95.55621654058416	-0.00000000000000009557820182084236	1.1	0	0	9383.106816495067	-0
-15	-40	-22.750818073339676	0	95.55621654058416	-0.00000000000000009557820182084236	1.1	0	0	9383.106816495067	-0
-30	40	-22.750818073339676	4.947703702345792	119.23657183823728	-1.7471354243541068	1.7053769942118626	12.29702772098176	8.098891725556314	12266.815791367446	-11.705040713187168
-30	20	-22.750818073339676	0	95.55621654058416	-0.00000000000000009557820182084236	1.1	0	0	12266.815791367446	-0
-30	10	-22.750818073339676	0	95.55621654058416	-0.00000000000000009557820182084236	1.1	0	0	12266.815791367446	-0
-30	5	-22.750818073339676	0	95.55621654058416	-0.00000000000000009557820182084236	1.1	0	0	12266.815791367446	-0
-30	2	-22.750818073339676	0	95.55621654058416	-0.00000000000000009557820182084236	1.1	0	0	12266.815791367446	-0
-30	0	-22.750818073339676	0	95.55621654058416	-0.00000000000000009557820182084236	1.1	0	0	12266.815791367446	-0
-30	-2	-22.750818073339676	0	95.55621654058416	-0.00000000000000009557820182084236	1.1	0	0	12266.815791367446	-0
-30	-5	-22.750818073339676	0	95.55621654058416	-0.00000000000000009557820182084236	1.1	0	0	12266.815791367446	-0
-30	-10	-22.750818073339676	0	95.55621654058416	-0.00000000000000009557820182084236	1.1	0	0	12266.815791367446	-0
-30	-20	-22.750818073339676	0	95.55621654058416	-0.00000000000000009557820182084236	1.1	0	0	12266.815791367446	-0
-30	-40	-22.750818073339676	5.032647098403023	74.02203422745738	-5.48897464782754	1.741450786153269	10.543075658356884	5.88857528686367	12266.815791367446	-28.30520202071289
-60	40	-22.750818073339676	842.7577172071731	114.51142743218755	-1.7114972720804509	6.101468319254601	1778.319084614268	4657.263508966804	7840.9807469822135	-5174.342932476246
-60	20	-22.750818073339676	0	95.55621654058416	-0.00000000000000009557820182084236	1.1	0	0	7840.9807469822135	-0
-60	10	-22.750818073339676	0	95.55621654058416	-0.00000000000000009557820182084236	1.1	0	0	7840.9807469822135	-0
-60	5	-22.750818073339676	0	95.55621654058416	-0.00000000000000009557820182084236	1.1	0	0	7840.9807469822135	-0
-60	2	-22.750818073339676	0	95.55621654058416	-0.00000000000000009557820182084236	1.1	0	0	7840.9807469822135	-0
-60	0	-22.750818073339676	0	95.55621654058416	-0.00000000000000009557820182084236	1.1	0	0	7840.9807469822135	-0
-60	-2	-22.750818073339676	0	95.55621654058416	-0.00000000000000009557820182084236	1.1	0	0	7840.9807469822135	-0
-60	-5	-22.750818073339676	0	95.55621654058416	-0.00000000000000009557820182084236	1.1	0	0	7840.9807469822135	-0
-60	-10	-22.750818073339676	0	95.55621654058416	-0.00000000000000009557820182084236	1.1	0	0	7840.9807469822135	-0
-60	-20	-22.750818073339676	14.971140702151676	75.02161991741193	-5.901659988310989	2.309560381203611	27.83540032185556	54.91259969258499	7840.9807469822135	-74.12163787890297
-60	-40	-22.750818073339676	799.6397637444169	77.62926216029898	-2.4907893755188177	5.583684685058138	2327.238498168357	4576.664793522083	7840.9807469822135	-4862.615378031702
60	40	-29.251051808579582	411.46260457257017	116.29597995751956	2.1201899213984894	5.74186754641923	1558.5544975571684	2444.0003443983587	7840.980746982219	2482.2296814929296
60	20	-29.251051808579582	0	95.55621654058416	-0.00000000000000009557820182084236	1.1	0	0	7840.980746982219	0
60	10	-29.251051808579582	0	95.55621654058416	-0.00000000000000009557820182084236	1.1	0	0	7840.980746982219	0
60	5	-29.251051808579582	0	95.55621654058416	-0.00000000000000009557820182084236	1.1	0	0	7840.980746982219	0
60	2	-29.251051808579582	0	95.55621654058416	-0.00000000000000009557820182084236	1.1	0	0	7840.980746982219	0
60	0	-29.251051808579582	0	95.55621654058416	-0.00000000000000009557820182084236	1.1	0	0	7840.980746982219	0
60	-2	-29.251051808579582	0	95.55621654058416	-0.00000000000000009557820182084236	1.1	0	0	7840.980746982219	0
60	-5	-29.251051808579582	0	95.55621654058416	-0.00000000000000009557820182084236	1.1	0	0	7840.980746982219	0
60	-10	-29.251051808579582	0	95.55621654058416	-0.00000000000000009557820182084236	1.1	0	0	7840.980746982219	0
60	-20	-29.251051808579582	0	95.55621654058416	-0.00000000000000009557820182084236	1.1	0	0	7840.980746982219	0
60	-40	-29.251051808579582	383.81282067643036	76.40878849559255	3.6460020098601946	5.18073393370997	1498.864214997011	1741.5523265540396	7840.980746982219	2421.7238737977004
30	40	-29.251051808579582	0	95.55621654058416	-0.00000000000000009557820182084236	1.1	0	0	12266.815791367448	0
30	20	-29.251051808579582	0	95.55621654058416	-0.00000000000000009557820182084236	1.1	0	0	12266.815791367448	0
30	10	-29.251051808579582	0	95.55621654058416	-0.00000000000000009557820182084236	1.1	0	0	12266.815791367448	0
30	5	-29.251051808579582	0	95.55621654058416	-0.00000000000000009557820182084236	1.1	0	0	12266.815791367448	0
30	2	-29.251051808579582	0	95.55621654058416	-0.00000000000000009557820182084236	1.1	0	0	12266.815791367448	0
30	0	-29.251051808579582	0	95.55621654058416	-0.00000000000000009557820182084236	1.1	0	0	12266.815791367448	0
30	-2	-29.251051808579582	0	95.55621654058416	-0.00000000000000009557820182084236	1.1	0	0	12266.815791367448	0
30	-5	-29.251051808579582	0	95.55621654058416	-0.00000000000000009557820182084236	1.1	0	0	12266.815791367448	0
30	-10	-29.251051808579582	0	95.55621654058416	-0.00000000000000009557820182084236	1.1	0	0	12266.815791367448	0
30	-20	-29.251051808579582	0	95.55621654058416	-0.00000000000000009557820182084236	1.1	0	0	12266.815791367448	0
30	-40	-29.251051808579582	0	95.55621654058416	-0.00000000000000009557820182084236	1.1	0	0	12266.815791367448	0
15	40	-29.251051808579582	0	95.55621654058416	-0.00000000000000009557820182084236	1.1	0	0	9383.106816495063	0
15	20	-29.251051808579582	0	95.55621654058416	-0.00000000000000009557820182084236	1.1	0	0	9383.106816495063	0
15	10	-29.251051808579582	0	95.55621654058416	-0.00000000000000009557820182084236	1.1	0	0	9383.106816495063	0
15	5	-29.251051808579582	0	95.55621654058416	-0.00000000000000009557820182084236	1.1	0	0	9383.106816495063	0
15	2	-29.251051808579582	0	95.55621654058416	-0.00000000000000009557820182084236	1.1	0	0	9383.106816495063	0
15	0	-29.251051808579582	0	95.55621654058416	-0.00000000000000009557820182084236	1.1	0	0	9383.106816495063	0
15	-2	-29.251051808579582	0	95.55621654058416	-0.00000000000000009557820182084236	1.1	0	0	9383.106816495063	0
15	-5	-29.251051808579582	0	95.55621654058416	-0.00000000000000009557820182084236	1.1	0	0	9383.106816495063	0
15	-10	-29.251051808579582	0	95.55621654058416	-0.00000000000000009557820182084236	1.1	0	0	9383.106816495063	0
15	-20	-29.251051808579582	0	95.55621654058416	-0.00000000000000009557820182084236	1.1	0	0	9383.106816495063	0
15	-40	-29.251051808579582	0	95.55621654058416	-0.00000000000000009557820182084236	1.1	0	0	9383.106816495063	0
10	40	-29.251051808579582	0	95.55621654058416	-0.00000000000000009557820182084236	1.1	0	0	8938.160201271732	0
10	20	-29.251051808579582	0	95.55621654058416	-0.00000000000000009557820182084236	1.1	0	0	8938.160201271732	0
10	10	-29.251051808579582	0	95.55621654058416	-0.00000000000000009557820182084236	1.1	0	0	8938.160201271732	0
10	5	-29.251051808579582	0	95.55621654058416	-0.00000000000000009557820182084236	1.1	0	0	8938.160201271732	0
10	2	-29.251051808579582	0	95.55621654058416	-0.00000000000000009557820182084236	1.1	0	0	8938.160201271732	0
10	0	-29.251051808579582	0	95.55621654058416	-0.00000000000000009557820182084236	1.1	0	0	8938.160201271732	0
10	-2	-29.251051808579582	0	95.55621654058416	-0.00000000000000009557820182084236	1.1	0	0	8938.160201271732	0
10	-5	-29.251051808579582	0	95.55621654058416	-0.00000000000000009557820182084236	1.1	0	0	8938.160201271732	0
10	-10	-29.251051808579582	0	95.55621654058416	-0.00000000000000009557820182084236	1.1	0	0	8938.160201271732	0
10	-20	-29.251051808579582	0	95.55621654058416	-0.00000000000000009557820182084236	1.1	0	0	8938.160201271732	0
10	-40	-29.251051808579582	0	95.55621654058416	-0.00000000000000009557820182084236	1.1	0	0	8938.160201271732	0
5	40	-29.251051808579582	0	95.55621654058416	-0.00000000000000009557820182084236	1.1	0	0	8622.846593737871	0
5	20	-29.251051808579582	0	95.55621654058416	-0.00000000000000009557820182084236	1.1	0	0	8622.846593737871	0
5	10	-29.251051808579582	0	95.55621654058416	-0.00000000000000009557820182084236	1.1	0	0	8622.846593737871	0
5	5	-29.251051808579582	0	95.55621654058416	-0.00000000000000009557820182084236	1.1	0	0	8622.846593737871	0
5	2	-29.251051808579582	0	95.55621654058416	-0.00000000000000009557820182084236	1.1	0	0	8622.846593737871	0
5	0	-29.251051808579582	0	95.55621654058416	-0.00000000000000009557820182084236	1.1	0	0	8622.846593737871	0
5	-2	-29.251051808579582	0	95.55621654058416	-0.00000000000000009557820182084236	1.1	0	0	8622.846593737871	0
5	-5	-29.251051808579582	0	95.55621654058416	-0.00000000000000009557820182084236	1.1	0	0	8622.846593737871	0
5	-10	-29.251051808579582	0	95.55621654058416	-0.00000000000000009557820182084236	1.1	0	0	8622.846593737871	0
5	-20	-29.251051808579582	0	95.55621654058416	-0.00000000000000009557820182084236	1.1	0	0	8622.846593737871	0
5	-40	-29.251051808579582	0	95.55621654058416	-0.00000000000000009557820182084236	1.1	0	0	8622.846593737871	0
2	40	-29.251051808579582	0	95.55621654058416	-0.00000000000000009557820182084236	1.1	0	0	8519.372319745116	0
2	20	-29.251051808579582	0	95.55621654058416	-0.00000000000000009557820182084236	1.1	0	0	8519.372319745116	0
2	10	-29.251051808579582	0	95.55621654058416	-0.00000000000000009557820182084236	1.1	0	0	8519.372319745116	0
2	5	-29.251051808579582	0	95.55621654058416	-0.00000000000000009557820182084236	1.1	0	0	8519.372319745116	0
2	2	-29.251051808579582	0	95.55621654058416	-0.00000000000000009557820182084236	1.1	0	0	8519.372319745116	0
2	0	-29.251051808579582	0	95.55621654058416	-0.00000000000000009557820182084236	1.1	0	0	8519.372319745116	0
2	-2	-29.251051808579582	0	95.55621654058416	-0.00000000000000009557820182084236	1.1	0	0	8519.372319745116	0
2	-5	-29.251051808579582	0	95.55621654058416	-0.00000000000000009557820182084236	1.1	0	0	8519.372319745116	0
2	-10	-29.251051808579582	0	95.55621654058416	-0.00000000000000009557820182084236	1.1	0	0	8519.372319745116	0
2	-20	-29.251051808579582	0	95.55621654058416	-0.00000000000000009557820182084236	1.1	0	0	8519.372319745116	0
2	-40	-29.251051808579582	0	95.55621654058416	-0.00000000000000009557820182084236	1.1	0	0	8519.372319745116	0
0	40	-29.251051808579582	0	95.55621654058416	-0.00000000000000009557820182084236	1.1	0	0	8499.807928058532	-0
0	20	-29.251051808579582	0	95.55621654058416	-0.00000000000000009557820182084236	1.1	0	0	8499.807928058532	-0
0	10	-29.251051808579582	0	95.55621654058416	-0.00000000000000009557820182084236	1.1	0	0	8499.807928058532	-0
0	5	-29.251051808579582	0	95.55621654058416	-0.00000000000000009557820182084236	1.1	0	0	8499.807928058532	-0
0	2	-29.251051808579582	0	95.55621654058416	-0.00000000000000009557820182084236	1.1	0	0	8499.807928058532	-0
0	0	-29.251051808579582	0	95.55621654058416	-0.00000000000000009557820182084236	1.1	0	0	8499.807928058532	-0
0	-2	-29.251051808579582	0	95.55621654058416	-0.00000000000000009557820182084236	1.1	0	0	8499.807928058532	-0
0	-5	-29.251051808579582	0	95.55621654058416	-0.00000000000000009557820182084236	1.1	0	0	8499.807928058532	-0
0	-10	-29.251051808579582	0	95.55621654058416	-0.00000000000000009557820182084236	1.1	0	0	8499.807928058532	-0
0	-20	-29.251051808579582	0	95.55621654058416	-0.00000000000000009557820182084236	1.1	0	0	8499.807928058532	-0
0	-40	-29.251051808579582	0	95.55621654058416	-0.00000000000000009557820182084236	1.1	0	0	8499.807928058532	-0
-2	40	-29.251051808579582	0	95.55621654058416	-0.00000000000000009557820182084236	1.1	0	0	8519.372319745116	-0
-2	20	-29.251051808579582	0	95.55621654058416	-0.00000000000000009557820182084236	1.1	0	0	8519.372319745116	-0
-2	10	-29.251051808579582	0	95.55621654058416	-0.00000000000000009557820182084236	1.1	0	0	8519.372319745116	-0
-2	5	-29.251051808579582	0	95.55621654058416	-0.00000000000000009557820182084236	1.1	0	0	8519.372319745116	-0
-2	2	-29.251051808579582	0	95.55621654058416	-0.00000000000000009557820182084236	1.1	0	0	8519.372319745116	-0
-2	0	-29.251051808579582	0	95.55621654058416	-0.00000000000000009557820182084236	1.1	0	0	8519.372319745116	-0
-2	-2	-29.251051808579582	0	95.55621654058416	-0.00000000000000009557820182084236	1.1	0	0	8519.372319745116	-0
-2	-5	-29.251051808579582	0	95.55621654058416	-0.00000000000000009557820182084236	1.1	0	0	8519.372319745116	-0
-2	-10	-29.251051808579582	0	95.55621654058416	-0.00000000000000009557820182084236	1.1	0	0	8519.372319745116	-0
-2	-20	-29.251051808579582	0	95.55621654058416	-0.00000000000000009557820182084236	1.1	0	0	8519.372319745116	-0
-2	-40	-29.251051808579582	0	95.55621654058416	-0.00000000000000009557820182084236	1.1	0	0	8519.372319745116	-0
-5	40	-29.251051808579582	0	95.55621654058416	-0.00000000000000009557820182084236	1.1	0	0	8622.846593737871	-0
-5	20	-29.251051808579582	0	95.55621654058416	-0.00000000000000009557820182084236	1.1	0	0	8622.846593737871	-0
-5	10	-29.251051808579582	0	95.55621654058416	-0.00000000000000009557820182084236	1.1	0	0	8622.846593737871	-0
-5	5	-29.251051808579582	0	95.55621654058416	-0.00000000000000009557820182084236	1.1	0	0	8622.846593737871	-0
-5	2	-29.251051808579582	0	95.55621654058416	-0.00000000000000009557820182084236	1.1	0	0	8622.846593737871	-0
-5	0	-29.251051808579582	0	95.55621654058416	-0.00000000000000009557820182084236	1.1	0	0	8622.846593737871	-0
-5	-2	-29.251051808579582	0	95.55621654058416	-0.00000000000000009557820182084236	1.1	0	0	8622.846593737871	-0
-5	-5	-29.251051808579582	0	95.55621654058416	-0.00000000000000009557820182084236	1.1	0	0	8622.846593737871	-0
-5	-10	-29.251051808579582	0	95.55621654058416	-0.00000000000000009557820182084236	1.1	0	0	8622.846593737871	-0
-5	-20	-29.251051808579582	0	95.55621654058416	-0.00000000000000009557820182084236	1.1	0	0	8622.846593737871	-0
-5	-40	-29.251051808579582	0	95.55621654058416	-0.00000000000000009557820182084236	1.1	0	0	8622.846593737871	-0
-10	40	-29.251051808579582	0	95.55621654058416	-0.00000000000000009557820182084236	1.1	0	0	8938.160201271732	-0
-10	20	-29.251051808579582	0	95.55621654058416	-0.00000000000000009557820182084236	1.1	0	0	8938.160201271732	-0
-10	10	-29.251051808579582	0	95.55621654058416	-0.00000000000000009557820182084236	1.1	0	0	8938.160201271732	-0
-10	5	-29.251051808579582	0	95.55621654058416	-0.00000000000000009557820182084236	1.1	0	0	8938.160201271732	-0
-10	2	-29.251051808579582	0	95.55621654058416	-0.00000000000000009557820182084236	1.1	0	0	8938.160201271732	-0
-10	0	-29.251051808579582	0	95.55621654058416	-0.00000000000000009557820182084236	1.1	0	0	8938.160201271732	-0
-10	-2	-29.251051808579582	0	95.55621654058416	-0.00000000000000009557820182084236	1.1	0	0	8938.160201271732	-0
-10	-5	-29.251051808579582	0	95.55621654058416	-0.00000000000000009557820182084236	1.1	0	0	8938.160201271732	-0
-10	-10	-29.251051808579582	0	95.55621654058416	-0.00000000000000009557820182084236	1.1	0	0	8938.160201271732	-0
-10	-20	-29.251051808579582	0	95.55621654058416	-0.00000000000000009557820182084236	1.1	0	0	8938.160201271732	-0
-10	-40	-29.251051808579582	0	95.55621654058416	-0.00000000000000009557820182084236	1.1	0	0	8938.160201271732	-0
-15	40	-29.251051808579582	0	95.55621654058416	-0.00000000000000009557820182084236	1.1	0	0	9383.106816495067	-0
-15	20	-29.251051808579582	0	95.55621654058416	-0.00000000000000009557820182084236	1.1	0	0	9383.106816495067	-0
-15	10	-29.251051808579582	0	95.55621654058416	-0.00000000000000009557820182084236	1.1	0	0	9383.106816495067	-0
-15	5	-29.251051808579582	0	95.55621654058416	-0.00000000000000009557820182084236	1.1	0	0	9383.106816495067	-0
-15	2	-29.251051808579582	0	95.55621654058416	-0.00000000000000009557820182084236	1.1	0	0	9383.106816495067	-0
-15	0	-29.251051808579582	0	95.55621654058416	-0.00000000000000009557820182084236	1.1	0	0	9383.106816495067	-0
-15	-2	-29.251051808579582	0	95.55621654058416	-0.00000000000000009557820182084236	1.1	0	0	9383.106816495067	-0
-15	-5	-29.251051808579582	0	95.55621654058416	-0.00000000000000009557820182084236	1.1	0	0	9383.106816495067	-0
-15	-10	-29.251051808579582	0	95.55621654058416	-0.00000000000000009557820182084236	1.1	0	0	9383.106816495067	-0
-15	-20	-29.251051808579582	0	95.55621654058416	-0.00000000000000009557820182084236	1.1	0	0	9383.106816495067	-0
-15	-40	-29.251051808579582	0	95.55621654058416	-0.00000000000000009557820182084236	1.1	0	0	9383.106816495067	-0
-30	40	-29.251051808579582	0	95.55621654058416	-0.00000000000000009557820182084236	1.1	0	0	12266.815791367446	-0
-30	20	-29.251051808579582	0	95.55621654058416	-0.00000000000000009557820182084236	1.1	0	0	12266.815791367446	-0
-30	10	-29.251051808579582	0	95.55621654058416	-0.00000000000000009557820182084236	1.1	0	0	12266.815791367446	-0
-30	5	-29.251051808579582	0	95.55621654058416	-0.00000000000000009557820182084236	1.1	0	0	12266.815791367446	-0
-30	2	-29.251051808579582	0	95.55621654058416	-0.00000000000000009557820182084236	1.1	0	0	12266.815791367446	-0
-30	0	-29.251051808579582	0	95.55621654058416	-0.00000000000000009557820182084236	1.1	0	0	12266.815791367446	-0
-30	-2	-29.251051808579582	0	95.55621654058416	-0.00000000000000009557820182084236	1.1	0	0	12266.815791367446	-0
-30	-5	-29.251051808579582	0	95.55621654058416	-0.00000000000000009557820182084236	1.1	0	0	12266.815791367446	-0
-30	-10	-29.251051808579582	0	95.55621654058416	-0.00000000000000009557820182084236	1.1	0	0	12266.815791367446	-0
-30	-20	-29.251051808579582	0	95.55621654058416	-0.00000000000000009557820182084236	1.1	0	0	12266.815791367446	-0
-30	-40	-29.251051808579582	0	95.55621654058416	-0.00000000000000009557820182084236	1.1	0	0	12266.815791367446	-0
-60	40	-29.251051808579582	411.46260457256966	116.29597995751958	-2.120189921398489	5.741867546419227	1558.5544975571393	2444.0003443984315	7840.9807469822135	-2482.2296814929255
-60	20	-29.251051808579582	0	95.55621654058416	-0.00000000000000009557820182084236	1.1	0	0	7840.9807469822135	-0
-60	10	-29.251051808579582	0	95.55621654058416	-0.00000000000000009557820182084236	1.1	0	0	7840.9807469822135	-0
-60	5	-29.251051808579582	0	95.55621654058416	-0.00000000000000009557820182084236	1.1	0	0	7840.9807469822135	-0
-60	2	-29.251051808579582	0	95.55621654058416	-0.00000000000000009557820182084236	1.1	0	0	7840.9807469822135	-0
-60	0	-29.251051808579582	0	95.55621654058416	-0.00000000000000009557820182084236	1.1	0	0	7840.9807469822135	-0
-60	-2	-29.251051808579582	0	95.55621654058416	-0.00000000000000009557820182084236	1.1	0	0	7840.9807469822135	-0
-60	-5	-29.251051808579582	0	95.55621654058416	-0.00000000000000009557820182084236	1.1	0	0	7840.9807469822135	-0
-60	-10	-29.251051808579582	0	95.55621654058416	-0.00000000000000009557820182084236	1.1	0	0	7840.9807469822135	-0
-60	-20	-29.251051808579582	0	95.55621654058416	-0.00000000000000009557820182084236	1.1	0	0	7840.9807469822135	-0
-60	-40	-29.251051808579582	383.8128206764304	76.40878849559256	-3.6460020098601946	5.18073393370997	1498.8642149971274	1741.552326554025	7840.9807469822135	-2421.723873797701
