15	10	17.846993376792476	1453.9398458631122	112.66003872440552	0.3481248445276079	6.357019018789043	1331.719495096054	1459.6957650830734
0	10	17.846993376792476	1472.4370888778815	112.32721361884259	0.36618980783179556	6.3793710870411475	874.9570024582213	1999.1049655492077
60	10	17.846993376792476	1094.9177519517068	114.3301519164762	0.29054007731926157	6.298648758502587	1983.4698209336352	2126.99665206927
-15	5	17.846993376792476	687.218229514415	111.13867037498655	0.7135904206215375	3.97203647619999	1809.9349583634335	2593.31324212078
60	5	17.846993376792476	739.0792933595658	115.83959971906476	0.32611278157475	6.131528929968033	1550.58864789959	1845.8662765719816
60	0	17.846993376792476	424.757815693903	117.24124968454852	0.3654989232085477	5.718819035010506	1040.1472893067469	1540.3348848355329
-60	10	17.846993376792476	1106.8447689674938	110.19492218942233	0.18012483534639637	6.258209033787878	1265.4744614496979	1532.321171591149
15	5	17.846993376792476	690.1040149223326	113.12077931457927	0.7740620131267884	4.008656207539232	1987.921145918198	2931.275662468194
-15	0	17.846993376792476	84.20325408639924	108.5477836125358	2.8025436159794515	2.083474002863691	500.94141488359395	459.83265926615525
15	0	17.846993376792476	69.91108352892903	115.93921449578745	1.645012850527557	1.8869138343960195	367.5692447442208	988.062738291101
5	10	17.846993376792476	1472.7432471811685	112.44276569969033	0.3662695222892784	6.385653600119531	911.2284260737051	1894.179574904173
-60	5	17.846993376792476	792.1809320984452	109.05298305251814	0.3055619928505363	5.895052708148355	1570.233469561049	1698.6212157985676
15	10	16.958006623207524	1456.7001342520844	112.66059961704642	0.3313751211224364	6.361296636132882	1366.425927937336	1426.8548981359272
5	5	17.846993376792476	687.8942999621247	112.443383215107	0.7564792920929786	3.8682249292839535	1870.0006586359225	2603.4972482561916
5	0	17.846993376792476	51.40758757734218	112.93148956953759	3.005401886346968	1.611476507819197	234.67785648441622	1173.7257240867605
60	-5	17.846993376792476	163.10476722086517	118.31837895385739	0.5127169722743405	4.423077580056542	604.1670295760455	727.5040611078219
0	5	17.846993376792476	687.0524432197681	112.11583901455818	0.746292267380833	3.846852987849157	1856.0257463318824	2573.9087898602397
-60	0	17.846993376792476	452.5518315468133	107.99740173318308	0.6029591508406374	5.1037497007192725	1758.3259946264739	1725.872365581997
-15	10	17.846993376792476	1437.838517157236	111.93854461505231	0.3181989363090451	6.30201462461817	1193.38609096636	1881.3153836568079
60	40	17.846993376792476	1637.9546028155028	112.32977857405396	0.000000000000000026027927802348313	6.844076191772873	0	0
-5	5	17.846993376792476	686.2105864773869	111.78749113858025	0.7360802473812302	3.855583463050683	1860.2747464187514	2603.496220749192
5	10	16.958006623207524	1476.3099002342635	112.44283570210877	0.35183110618331503	6.392826479580585	946.0938013623595	1912.25399779488
60	-10	17.846993376792476	25.60136004797724	119.2193792195632	0.6307446774621	2.5508304293518895	107.96934425704293	52.547613127658295
-5	0	17.846993376792476	56.3203014214215	109.59931786591962	3.4429291322768862	1.7797401971943214	215.8101522380562	784.124648300339
0	0	17.846993376792476	50.75441434469648	111.00729838438403	3.432285365788814	1.652546202215279	0.352258935397791	1.3883201443933495
60	-40	17.846993376792476	0	111.00729838438403	3.432285365788814	1.0999999999999996	0	0
15	40	17.846993376792476	1637.9546028155028	112.32977857405396	0.000000000000000026027927802348313	6.844076191772873	0	0
60	10	16.958006623207524	1096.3773094131723	114.3249062031591	0.2765381278532493	6.296085169880823	1994.7166127211567	2124.779711571819
15	0	16.958006623207524	67.92432203454929	116.04909233910996	1.5647457051950016	1.870892360799999	365.281160724698	933.627534256377
-5	5	16.958006623207524	684.7104356801548	111.785830606427	0.696660687342069	3.837847878444928	1833.3745278285926	2590.8673918534832
15	-5	17.846993376792476	0	111.00729838438403	3.432285365788814	1.0999999999999996	0	0
15	-10	17.846993376792476	0	111.00729838438403	3.432285365788814	1.0999999999999996	0	0
15	-40	17.846993376792476	0	111.00729838438403	3.432285365788814	1.0999999999999996	0	0
5	40	17.846993376792476	1637.9546028155028	112.32977857405396	0.000000000000000026027927802348313	6.844076191772873	0	0
-60	0	16.958006623207524	450.657241079674	107.99213315834332	0.5765678850586682	5.088017834846116	1759.1446637195759	1731.2629350965635
-60	-5	17.846993376792476	156.66373442248596	107.15681654653203	1.1580658720556158	3.5025406205352847	1235.7368544320793	467.32718620824835
0	10	16.958006623207524	1476.0508604920865	112.32626506003224	0.3520798708273489	6.386786938438813	904.3458046030908	2023.4790185461145
5	-5	17.846993376792476	0	111.00729838438403	3.432285365788814	1.0999999999999996	0	0
5	-10	17.846993376792476	0	111.00729838438403	3.432285365788814	1.0999999999999996	0	0
5	-40	17.846993376792476	0	111.00729838438403	3.432285365788814	1.0999999999999996	0	0
0	40	17.846993376792476	1637.9546028155028	112.32977857405396	0.000000000000000026027927802348313	6.844076191772873	0	0
60	5	16.958006623207524	738.6089042435412	115.84196088775748	0.31045703714166506	6.126805483877014	1552.2677218970425	1843.6426594338186
-5	10	17.846993376792476	1465.9139820830994	112.20334949564926	0.3570621209077458	6.360652304689175	999.5581955673201	2067.416818798544
15	10	15.958006623207524	1459.6274438035896	112.66141208681222	0.3125043810423651	6.365834248515964	1404.1227334132857	1387.156944749454
0	-5	17.846993376792476	0	111.00729838438403	3.432285365788814	1.0999999999999996	0	0
0	-10	17.846993376792476	0	111.00729838438403	3.432285365788814	1.0999999999999996	0	0
0	-40	17.846993376792476	0	111.00729838438403	3.432285365788814	1.0999999999999996	0	0
-5	40	17.846993376792476	1637.9546028155028	112.32977857405396	0.000000000000000026027927802348313	6.844076191772873	0	0
60	0	16.958006623207524	422.9529066974636	117.2486766149006	0.3481840256290744	5.708049631642069	1034.598170091671	1540.7981210368316
0	5	16.958006623207524	685.548208251787	112.11330453796148	0.7068936360703412	3.8290463490528444	1829.0689526138544	2561.3877578524357
5	5	16.958006623207524	686.385980823447	112.43997906890962	0.7171016050232818	3.850121654003472	1842.497189947515	2590.8679522633834
-5	-5	17.846993376792476	0	111.00729838438403	3.432285365788814	1.0999999999999996	0	0
-5	-10	17.846993376792476	0	111.00729838438403	3.432285365788814	1.0999999999999996	0	0
-5	-40	17.846993376792476	0	111.00729838438403	3.432285365788814	1.0999999999999996	0	0
-15	40	17.846993376792476	1637.9546028155028	112.32977857405396	0.000000000000000026027927802348313	6.844076191772873	0	0
15	5	16.958006623207524	688.6842381039337	113.11643587552126	0.734044390384703	3.989623519087594	1961.5647942380958	2923.9327232756023
-60	-10	17.846993376792476	14.769029994697364	106.41588405463277	3.526126007635956	2.048154661582991	0.5681877327166948	0.07026520895416812
60	-5	16.958006623207524	160.87733816442878	118.32559310308137	0.48825239149162	4.391007713338166	590.2347532002975	714.0762862019794
-15	-5	17.846993376792476	0	111.00729838438403	3.432285365788814	1.0999999999999996	0	0
-15	-10	17.846993376792476	0	111.00729838438403	3.432285365788814	1.0999999999999996	0	0
-15	-40	17.846993376792476	0	111.00729838438403	3.432285365788814	1.0999999999999996	0	0
-60	40	17.846993376792476	1637.9546028155028	112.32977857405396	0.000000000000000026027927802348313	6.844076191772873	0	0
-15	5	16.958006623207524	685.419681489468	111.13794735324255	0.6766069679135656	3.953733021657386	1782.443966904467	2577.445277774115
-60	10	16.958006623207524	1108.140624703964	110.19964229363066	0.17113311208309726	6.257082462354289	1267.6684678651181	1529.2463185025358
-60	5	16.958006623207524	791.9647203015429	109.05191319827047	0.290830141166641	5.890671356545539	1571.182320316003	1696.9604384778902
0	0	16.958006623207524	48.068210936995	111.00729838468784	3.4322853659426333	1.6233024110680208	0.3484216732653533	1.3848284808970792
5	0	16.958006623207524	48.87529143617358	113.03150498081958	2.9732828581906547	1.585412673905193	238.03074316530322	1170.127524262805
-60	-40	17.846993376792476	0	111.00729838438403	3.432285365788814	1.0999999999999996	0	0
60	40	16.958006623207524	1637.9546028155028	112.32977857405396	0.000000000000000026027927802348313	6.844076191772873	0	0
60	-10	16.958006623207524	24.665748283854786	119.23132224803679	0.6023004618591349	2.51606265910229	103.4808076838192	49.57111734557916
-5	0	16.958006623207524	53.76417181358474	109.54875024384027	3.434398065788506	1.750808879629999	216.3585364991408	762.0819734677175
60	10	15.958006623207524	1097.9323444942313	114.31933493499741	0.26070235414605597	6.293368055336757	2007.0687766362273	2122.326207170909
60	5	15.958006623207524	738.1053428483042	115.84448812763912	0.2927398733703322	6.121764026352574	1554.045756306396	1841.2627445404726
-15	0	16.958006623207524	82.30509768208205	108.51007859032353	2.742291953045021	2.0531082119616797	525.1703965533576	448.3940036641237
60	-40	16.958006623207524	0	111.00729838438403	3.432285365788814	1.0999999999999996	0	0
15	40	16.958006623207524	1637.9546028155028	112.32977857405396	0.000000000000000026027927802348313	6.844076191772873	0	0
-60	-5	16.958006623207524	154.45089945105534	107.1481453447565	1.1081675583760953	3.46896431190971	1219.1566789781077	456.19587395347395
-5	10	16.958006623207524	1469.301787061613	112.20107872454479	0.34224143248211875	6.36742770710738	1036.0126204167404	2084.7802194358787
5	10	15.958006623207524	1480.164218797552	112.44314562850884	0.33559195784949714	6.400612452968933	993.6954570553311	1936.3025281320736
15	-5	16.958006623207524	0	111.00729838438403	3.432285365788814	1.0999999999999996	0	0
15	-10	16.958006623207524	0	111.00729838438403	3.432285365788814	1.0999999999999996	0	0
15	-40	16.958006623207524	0	111.00729838438403	3.432285365788814	1.0999999999999996	0	0
5	40	16.958006623207524	1637.9546028155028	112.32977857405396	0.000000000000000026027927802348313	6.844076191772873	0	0
15	5	15.958006623207524	687.1215617129991	113.11197509571811	0.6891729691397244	3.969327836354693	1934.0561645169562	2915.536573980416
-15	5	15.958006623207524	684.09044150385	111.13887753794626	0.6353046698660978	3.93593516882582	1753.52020921543	2562.0545577736216
-15	10	16.958006623207524	1440.91026307265	111.93679225398175	0.30212716275866347	6.308144460136945	1212.2661259119218	1861.8579868734303
5	-5	16.958006623207524	0	111.00729838438403	3.432285365788814	1.0999999999999996	0	0
5	-10	16.958006623207524	0	111.00729838438403	3.432285365788814	1.0999999999999996	0	0
5	-40	16.958006623207524	0	111.00729838438403	3.432285365788814	1.0999999999999996	0	0
0	40	16.958006623207524	1637.9546028155028	112.32977857405396	0.000000000000000026027927802348313	6.844076191772873	0	0
-60	5	15.958006623207524	791.7334286275947	109.05076945420053	0.27416770815367836	5.8859989852626144	1572.1584578390675	1695.187127954356
-60	0	15.958006623207524	448.63435308855105	107.98655872037295	0.5463130172770051	5.071037355268867	1760.2531173769235	1737.910933896031
5	5	15.958006623207524	684.7064808926516	112.43626400740696	0.6730473980293179	3.830704311085505	1813.7601201439775	2577.5447544233957
0	-5	16.958006623207524	0	111.00729838438403	3.432285365788814	1.0999999999999996	0	0
0	-10	16.958006623207524	0	111.00729838438403	3.432285365788814	1.0999999999999996	0	0
0	-40	16.958006623207524	0	111.00729838438403	3.432285365788814	1.0999999999999996	0	0
-5	40	16.958006623207524	1637.9546028155028	112.32977857405396	0.000000000000000026027927802348313	6.844076191772873	0	0
0	10	15.958006623207524	1479.9644248234372	112.32516732582444	0.33627391391797845	6.394856097024389	944.1311804787069	2055.4422999481926
60	0	15.958006623207524	421.0318301746661	117.25655165677574	0.32854956738410757	5.696492154866581	1028.617921438359	1541.36292396818
-5	0	15.958006623207524	50.940323028894596	109.48800997823194	3.422694192080904	1.718657555846609	217.93267580193432	734.6521321934763
-5	-5	16.958006623207524	0	111.00729838438403	3.432285365788814	1.0999999999999996	0	0
-5	-10	16.958006623207524	0	111.00729838438403	3.432285365788814	1.0999999999999996	0	0
-5	-40	16.958006623207524	0	111.00729838438403	3.432285365788814	1.0999999999999996	0	0
-15	40	16.958006623207524	1637.9546028155028	112.32977857405396	0.000000000000000026027927802348313	6.844076191772873	0	0
15	0	15.958006623207524	65.83071662654478	116.17098784765602	1.472015448409311	1.8543101657239898	360.46741255886013	864.5264846429648
-60	10	15.958006623207524	1109.5213921193586	110.20467039190642	0.16102449118284148	6.255892452038628	1270.1431037176217	1525.9207210803609
15	10	14.958006623207524	1462.3681092460965	112.66238296804923	0.2935912002775583	6.370081279555984	1440.5729967704904	1347.2175035157964
-15	-5	16.958006623207524	0	111.00729838438403	3.432285365788814	1.0999999999999996	0	0
-15	-10	16.958006623207524	0	111.00729838438403	3.432285365788814	1.0999999999999996	0	0
-15	-40	16.958006623207524	0	111.00729838438403	3.432285365788814	1.0999999999999996	0	0
-60	40	16.958006623207524	1637.9546028155028	112.32977857405396	0.000000000000000026027927802348313	6.844076191772873	0	0
0	5	15.958006623207524	683.8730168695745	112.11046889560284	0.6628133600997023	3.8099488040951948	1801.2102210157718	2548.3084551049114
-60	-10	16.958006623207524	13.696413841200545	106.39717977646048	3.5057215563551174	2.005832210199505	0.5729599811629338	0.06485530360506435
5	0	15.958006623207524	46.07658549066057	113.15689744018026	2.9316232036951746	1.5567842636864888	243.07613691189195	1166.2329312269205
60	-5	15.958006623207524	158.5350094701132	118.33327125128461	0.4605452540302262	4.357055382841938	575.8033069106835	700.0134694760021
15	10	13.958006623207524	1464.92388132789	112.6634806645319	0.27462285973066486	6.374039097361214	1475.796938996931	1307.4746154811296
-60	-40	16.958006623207524	0	111.00729838438403	3.432285365788814	1.0999999999999996	0	0
60	40	15.958006623207524	1637.9546028155028	112.32977857405396	0.000000000000000026027927802348313	6.844076191772873	0	0
-15	0	15.958006623207524	80.29313929929907	108.46633580263622	2.6652728266002823	2.0194198413233413	558.272485206075	436.02892473445075
-60	5	14.958006623207524	791.5149423294266	109.04968978630717	0.2574145942620348	5.881599824683348	1573.0372624432873	1693.5097408076115
60	-10	15.958006623207524	23.694618125422114	119.24402356642695	0.5697956677568847	2.4791038167314214	99.46130232593697	46.674109442667415
-5	5	15.958006623207524	683.0395528464327	111.78387869512935	0.652554346450001	3.8188364690196224	1805.2928979574879	2577.5449955964273
-60	10	14.958006623207524	1110.8203271257842	110.20939924184573	0.1509213522373898	6.254782564024721	1272.6169726872777	1522.7514524428905
60	-40	15.958006623207524	0	111.00729838438403	3.432285365788814	1.0999999999999996	0	0
15	40	15.958006623207524	1637.9546028155028	112.32977857405396	0.000000000000000026027927802348313	6.844076191772873	0	0
0	0	15.958006623207524	45.076720314658544	111.00729838502652	3.432285366123844	1.5907350609128648	0.3444221692866382	1.381194273302475
-15	10	15.958006623207524	1444.2356455891586	111.9346707775766	0.28411593933521206	6.314907988386207	1235.0680572724148	1838.7872784394856
-60	-5	15.958006623207524	152.1215348595387	107.13881814920191	1.050753334139	3.4333653746746986	1201.9875833849494	444.45605561505664
15	-5	15.958006623207524	0	111.00729838438403	3.432285365788814	1.0999999999999996	0	0
15	-10	15.958006623207524	0	111.00729838438403	3.432285365788814	1.0999999999999996	0	0
15	-40	15.958006623207524	0	111.00729838438403	3.432285365788814	1.0999999999999996	0	0
5	40	15.958006623207524	1637.9546028155028	112.32977857405396	0.000000000000000026027927802348313	6.844076191772873	0	0
-5	10	15.958006623207524	1472.948646141449	112.19828702800902	0.32554958021267555	6.374748185619528	1080.3436020261079	2103.340564695901
60	10	14.958006623207524	1099.3947261004007	114.3141139248419	0.24477939303097954	6.2908276151530735	2019.0346476534269	2119.7664204839934
-15	5	14.958006623207524	682.5277710610161	111.1391270082965	0.5942761725700353	3.9184038748885937	1726.4242692533821	2549.4243521867434
5	-5	15.958006623207524	0	111.00729838438403	3.432285365788814	1.0999999999999996	0	0
5	-10	15.958006623207524	0	111.00729838438403	3.432285365788814	1.0999999999999996	0	0
5	-40	15.958006623207524	0	111.00729838438403	3.432285365788814	1.0999999999999996	0	0
0	40	15.958006623207524	1637.9546028155028	112.32977857405396	0.000000000000000026027927802348313	6.844076191772873	0	0
60	5	14.958006623207524	737.629356011331	115.84687652960162	0.2749163083858652	6.117013308500727	1555.7122555500498	1839.010535183093
0	10	14.958006623207524	1483.7003547210652	112.32402766231766	0.3204730959788459	6.402568356497771	992.9054754772243	2093.2107633661844
60	0	14.958006623207524	419.2266214361215	117.26392299578372	0.30875649906943753	5.685541193916249	1022.9300589346062	1541.9587500698813
0	-5	15.958006623207524	0	111.00729838438403	3.432285365788814	1.0999999999999996	0	0
0	-10	15.958006623207524	0	111.00729838438403	3.432285365788814	1.0999999999999996	0	0
0	-40	15.958006623207524	0	111.00729838438403	3.432285365788814	1.0999999999999996	0	0
-5	40	15.958006623207524	1637.9546028155028	112.32977857405396	0.000000000000000026027927802348313	6.844076191772873	0	0
5	0	14.958006623207524	43.332570835966756	113.29821856125335	2.8827909184762897	1.5289382829798843	249.73005789776752	1162.3122538933055
5	10	14.958006623207524	1483.83295019053	112.4437365333743	0.31927213158682927	6.408027340397923	1052.3510796287214	1964.9271279886982
-5	0	14.958006623207524	48.17277011448155	109.42302988993107	3.4081869800767994	1.6868860151629825	220.6954103051325	703.7350612165384
-5	-5	15.958006623207524	0	111.00729838438403	3.432285365788814	1.0999999999999996	0	0
-5	-10	15.958006623207524	0	111.00729838438403	3.432285365788814	1.0999999999999996	0	0
-5	-40	15.958006623207524	0	111.00729838438403	3.432285365788814	1.0999999999999996	0	0
-15	40	15.958006623207524	1637.9546028155028	112.32977857405396	0.000000000000000026027927802348313	6.844076191772873	0	0
0	5	14.958006623207524	682.2144652557859	112.1076477006862	0.6189576707132208	3.7918071064024637	1775.3250462588367	2536.0436421334807
-60	0	14.958006623207524	446.72719990121567	107.9813528297256	0.5154740501708781	5.054850865954544	1761.6021137128082	1745.1553970179782
60	-5	14.958006623207524	156.36030102886764	118.34048635812094	0.43264834921853335	4.325317694447689	562.6056451682848	687.0088148913105
-15	-5	15.958006623207524	0	111.00729838438403	3.432285365788814	1.0999999999999996	0	0
-15	-10	15.958006623207524	0	111.00729838438403	3.432285365788814	1.0999999999999996	0	0
-15	-40	15.958006623207524	0	111.00729838438403	3.432285365788814	1.0999999999999996	0	0
-60	40	15.958006623207524	1637.9546028155028	112.32977857405396	0.000000000000000026027927802348313	6.844076191772873	0	0
15	0	14.958006623207524	63.90037606070058	116.28832239270434	1.3780091469538496	1.839149536308939	352.0058360469159	785.254232179833
15	5	14.958006623207524	685.6017418015779	113.10790965601335	0.6444641122342348	3.9502052347548795	1907.316869159097	2905.6185434958293
5	5	14.958006623207524	683.0439161862104	112.43266673334382	0.6292204783777094	3.812256895554407	1787.2472469735576	2565.13581366405
-15	0	14.958006623207524	78.42466399771934	108.42113244390677	2.5765158299858393	1.9862015684424335	599.0326796004374	424.2343913268739
-60	-10	15.958006623207524	12.57621049519771	106.37634393025849	3.4764776845043466	1.959530467027263	0.5830435044907681	0.05933381047124011
-60	-40	15.958006623207524	0	111.00729838438403	3.432285365788814	1.0999999999999996	0	0
60	40	14.958006623207524	1637.9546028155028	112.32977857405396	0.000000000000000026027927802348313	6.844076191772873	0	0
-5	5	14.958006623207524	681.3850143253601	111.78183737578304	0.6086698771884946	3.800787504295901	1779.4121392462202	2565.13446564418
60	0	13.958006623207524	417.5374968807723	117.27079454089034	0.288813413706349	5.675213740856595	1017.5397191964124	1542.5750976818215
60	10	13.958006623207524	1100.763793642702	114.3092437478144	0.22877304932965836	6.288463651529999	2030.5098938310673	2116.906761048104
60	5	13.958006623207524	737.1814451065511	115.84912362731492	0.2569928289614813	6.1125562026655125	1557.2623687995542	1836.8867003227404
60	-10	14.958006623207524	22.80436959521248	119.25593004725928	0.5366943263763001	2.4443244317203905	95.80230323649953	44.08428798331687
60	-40	14.958006623207524	0	111.00729838438403	3.432285365788814	1.0999999999999996	0	0
15	40	14.958006623207524	1637.9546028155028	112.32977857405396	0.000000000000000026027927802348313	6.844076191772873	0	0
-15	10	14.958006623207524	1447.4217212704925	111.9324058294128	0.2661530818558539	6.321517979986145	1259.4949246873302	1814.1618843399358
0	0	14.958006623207524	42.11494433317871	111.00729838535925	3.432285366314237	1.558491204042359	0.3406728593963623	1.3776964893408212
-5	10	14.958006623207524	1476.415008956282	112.19525685931848	0.3087872197910095	6.381721516035209	1128.594951593417	2121.1076280127695
15	-5	14.958006623207524	0	111.00729838438403	3.432285365788814	1.0999999999999996	0	0
15	-10	14.958006623207524	0	111.00729838438403	3.432285365788814	1.0999999999999996	0	0
15	-40	14.958006623207524	0	111.00729838438403	3.432285365788814	1.0999999999999996	0	0
5	40	14.958006623207524	1637.9546028155028	112.32977857405396	0.000000000000000026027927802348313	6.844076191772873	0	0
5	10	13.958006623207524	1487.2902289996218	112.44465733741302	0.3027602419878195	6.414975661602294	1125.1690151828277	1998.9784383150245
0	10	13.958006623207524	1487.2345669240967	112.3228337934754	0.30459203063256424	6.409833103905117	1053.3091022199615	2138.093351108702
-60	-5	14.958006623207524	149.9566654367919	107.12995781806572	0.9920167253871951	3.4000397603304267	1186.287978569131	433.51986250511203
5	-5	14.958006623207524	0	111.00729838438403	3.432285365788814	1.0999999999999996	0	0
5	-10	14.958006623207524	0	111.00729838438403	3.432285365788814	1.0999999999999996	0	0
5	-40	14.958006623207524	0	111.00729838438403	3.432285365788814	1.0999999999999996	0	0
0	40	14.958006623207524	1637.9546028155028	112.32977857405396	0.000000000000000026027927802348313	6.844076191772873	0	0
5	5	13.958006623207524	681.397037308908	112.42918422274258	0.5855926540388091	3.794748618014647	1762.8558782998628	2553.619055724484
-60	10	13.958006623207524	1112.0370261050641	110.21382759229365	0.14082281338507407	6.253751140700294	1275.072416827469	1519.7495510308854
0	10	12.958006623207524	1490.5343000583525	112.32156985209048	0.28851731989711865	6.416531274756771	1127.9911385479063	2191.0695385452345
0	-5	14.958006623207524	0	111.00729838438403	3.432285365788814	1.0999999999999996	0	0
0	-10	14.958006623207524	0	111.00729838438403	3.432285365788814	1.0999999999999996	0	0
0	-40	14.958006623207524	0	111.00729838438403	3.432285365788814	1.0999999999999996	0	0
-5	40	14.958006623207524	1637.9546028155028	112.32977857405396	0.000000000000000026027927802348313	6.844076191772873	0	0
15	0	13.958006623207524	62.14511697273216	116.39831754226732	1.284213596476853	1.8252904608851865	341.88494608317245	706.5677813335548
15	5	13.958006623207524	684.1329226682501	113.10417876067707	0.5999401863623438	3.932257326193721	1881.4788364920043	2895.0116024248173
-5	0	13.958006623207524	45.46379297431219	109.35361579529578	3.39010527006244	1.6554589937083433	224.88520411058738	671.2032072308361
-5	-5	14.958006623207524	0	111.00729838438403	3.432285365788814	1.0999999999999996	0	0
-5	-10	14.958006623207524	0	111.00729838438403	3.432285365788814	1.0999999999999996	0	0
-5	-40	14.958006623207524	0	111.00729838438403	3.432285365788814	1.0999999999999996	0	0
-15	40	14.958006623207524	1637.9546028155028	112.32977857405396	0.000000000000000026027927802348313	6.844076191772873	0	0
-15	5	13.958006623207524	681.0325061596267	111.13951102968223	0.5535259115942675	3.9019399606879945	1700.886479008702	2539.6997016277987
60	-5	13.958006623207524	154.348203726264	118.34723790874277	0.40457115832984386	4.295763882018248	550.5656533764427	675.0217701039481
60	10	12.958006623207524	1102.0390904428746	114.3047236197822	0.21268805141955244	6.2862751623109645	2041.3383026899323	2113.4872699091
-15	-5	14.958006623207524	0	111.00729838438403	3.432285365788814	1.0999999999999996	0	0
-15	-10	14.958006623207524	0	111.00729838438403	3.432285365788814	1.0999999999999996	0	0
-15	-40	14.958006623207524	0	111.00729838438403	3.432285365788814	1.0999999999999996	0	0
-60	40	14.958006623207524	1637.9546028155028	112.32977857405396	0.000000000000000026027927802348313	6.844076191772873	0	0
-5	5	13.958006623207524	679.7456157763796	111.77970642962221	0.5649791311126389	3.783670956604349	1755.5925875349851	2553.3499530418467
-60	-10	14.958006623207524	11.54303530281494	106.35573119578467	3.4393116624606077	1.91456390434025	0.5993203523898553	0.05438624537458555
-60	5	13.958006623207524	791.3094515253009	109.04867506612247	0.2405766415213594	5.8774758842982955	1573.8230053692018	1691.9341778340124
5	0	13.958006623207524	40.64595595291506	113.45823980525249	2.825089196144469	1.5019531852751717	257.6163206857975	1156.633589988185
-60	0	13.958006623207524	444.93694073773383	107.97651077310023	0.4840697049426612	5.039496125329819	1763.2255622525952	1752.9661257526586
-60	-40	14.958006623207524	0	111.00729838438403	3.432285365788814	1.0999999999999996	0	0
60	40	13.958006623207524	1637.9546028155028	112.32977857405396	0.000000000000000026027927802348313	6.844076191772873	0	0
60	-10	13.958006623207524	21.99066242443985	119.26704347900812	0.5030404275351599	2.411730708035784	92.44759652152446	41.74330792000512
15	10	12.958006623207524	1467.2961917541995	112.66467433386087	0.2555874148078345	6.377708646743782	1509.8104079430352	1268.3544996222165
0	5	13.958006623207524	680.5713106915631	112.10483913652463	0.5752983273756421	3.7745910668194993	1751.3426338086563	2524.571875450201
-5	10	13.958006623207524	1479.6922081081466	112.19200633341997	0.29189846398548563	6.388314200119708	1181.241350389041	2138.4308630267346
15	0	12.958006623207524	60.560523066997746	116.50070557214062	1.190963462658021	1.8127769177434778	332.31746654224054	636.5127919007782
60	-40	13.958006623207524	0	111.00729838438403	3.432285365788814	1.0999999999999996	0	0
15	40	13.958006623207524	1637.9546028155028	112.32977857405396	0.000000000000000026027927802348313	6.844076191772873	0	0
15	10	11.958006623207524	1469.4861546787397	112.66593385473529	0.2364736695080469	6.381090406308571	1542.614193391388	1230.2772837880264
-60	5	12.958006623207524	791.1171442706566	109.04772614593712	0.22365973368482436	5.873629047219048	1574.5093122473609	1690.4585197744943
-15	10	13.958006623207524	1450.4657293677813	111.9300163775072	0.24821602953347852	6.327957474198607	1285.486484442755	1787.5826969007112
15	-5	13.958006623207524	0	111.00729838438403	3.432285365788814	1.0999999999999996	0	0
15	-10	13.958006623207524	0	111.00729838438403	3.432285365788814	1.0999999999999996	0	0
15	-40	13.958006623207524	0	111.00729838438403	3.432285365788814	1.0999999999999996	0	0
5	40	13.958006623207524	1637.9546028155028	112.32977857405396	0.000000000000000026027927802348313	6.844076191772873	0	0
0	0	13.958006623207524	39.180663794032824	111.00729838568601	3.4322853665145603	1.5265466807900783	0.3373007079676791	1.3746498593693157
-15	0	13.958006623207524	76.7109696584623	108.37460653422198	2.4742077587255986	1.9534966297453655	639.6536130677339	411.44729812932763
5	0	12.958006623207524	38.019389565901136	113.6400374699262	2.7565324088158842	1.4759481209639	266.508662710493	1147.8167070140598
5	-5	13.958006623207524	0	111.00729838438403	3.432285365788814	1.0999999999999996	0	0
5	-10	13.958006623207524	0	111.00729838438403	3.432285365788814	1.0999999999999996	0	0
5	-40	13.958006623207524	0	111.00729838438403	3.432285365788814	1.0999999999999996	0	0
0	40	13.958006623207524	1637.9546028155028	112.32977857405396	0.000000000000000026027927802348313	6.844076191772873	0	0
5	10	12.958006623207524	1490.500961922809	112.44597299827798	0.2859064176745359	6.42133206067254	1216.5488364650776	2039.57274786031
-60	-5	13.958006623207524	147.9517819388565	107.1215799101063	0.9320031772777014	3.3689645531898726	1171.9649056544451	423.36561647212295
-5	5	12.958006623207524	678.122490560713	111.77751285913693	0.5214651829819044	3.7674680103115987	1733.0114067979785	2537.9889047836236
0	-5	13.958006623207524	0	111.00729838438403	3.432285365788814	1.0999999999999996	0	0
0	-10	13.958006623207524	0	111.00729838438403	3.432285365788814	1.0999999999999996	0	0
0	-40	13.958006623207524	0	111.00729838438403	3.432285365788814	1.0999999999999996	0	0
-5	40	13.958006623207524	1637.9546028155028	112.32977857405396	0.000000000000000026027927802348313	6.844076191772873	0	0
60	5	12.958006623207524	736.7620890637259	115.8512270726588	0.2389759275202564	6.108395405743162	1558.7189491056015	1834.9060602384845
5	5	12.958006623207524	679.7646369846034	112.4258136476517	0.5421362267662484	3.7781513687707453	1740.4953706943406	2542.976740570582
-15	5	12.958006623207524	679.6069094563398	111.14005571731383	0.5130523280923915	3.8865267763511753	1676.6912933168921	2533.0365661125365
-5	-5	13.958006623207524	0	111.00729838438403	3.432285365788814	1.0999999999999996	0	0
-5	-10	13.958006623207524	0	111.00729838438403	3.432285365788814	1.0999999999999996	0	0
-5	-40	13.958006623207524	0	111.00729838438403	3.432285365788814	1.0999999999999996	0	0
-15	40	13.958006623207524	1637.9546028155028	112.32977857405396	0.000000000000000026027927802348313	6.844076191772873	0	0
60	10	11.958006623207524	1103.2204627742155	114.30055066795717	0.1965306502870867	6.2842598680173545	2051.261536837617	2109.1368847129843
-60	10	12.958006623207524	1113.1711006251905	110.21795426685432	0.13072796519457067	6.252796592282919	1277.519855473342	1516.931458066412
60	0	12.958006623207524	415.9646544881069	117.27717012989352	0.2687292080237877	5.665526017691205	1012.462971030879	1543.2027256817
-15	-5	13.958006623207524	0	111.00729838438403	3.432285365788814	1.0999999999999996	0	0
-15	-10	13.958006623207524	0	111.00729838438403	3.432285365788814	1.0999999999999996	0	0
-15	-40	13.958006623207524	0	111.00729838438403	3.432285365788814	1.0999999999999996	0	0
-60	40	13.958006623207524	1637.9546028155028	112.32977857405396	0.000000000000000026027927802348313	6.844076191772873	0	0
15	5	12.958006623207524	682.7227881098812	113.10073691482863	0.555618314007716	3.915487031521296	1856.6880510777203	2884.367661681438
-60	0	12.958006623207524	443.2647759631048	107.97202749565061	0.45211952894859136	5.025011220843629	1765.1608974300775	1761.3071572954464
-60	-10	13.958006623207524	10.59275655977109	106.33534886208787	3.392548650361797	1.8708861429433077	0.6231701916567591	0.04995592605739431
0	5	12.958006623207524	678.9423520284961	112.10204141799636	0.5318075802288257	3.758273137066161	1729.683429320795	2514.118224309653
-5	0	12.958006623207524	42.81668132496459	109.27944908848785	3.3674565912994825	1.6243465152596372	230.84122035509796	638.3585979818668
-60	-40	13.958006623207524	0	111.00729838438403	3.432285365788814	1.0999999999999996	0	0
60	40	12.958006623207524	1637.9546028155028	112.32977857405396	0.000000000000000026027927802348313	6.844076191772873	0	0
60	-5	12.958006623207524	152.4941185840806	118.35352538470023	0.3763235569945796	4.268365938943283	539.6153682187452	664.013977041475
60	-10	12.958006623207524	21.24951345365266	119.27736617584597	0.46887966244973933	2.3813306690065343	89.41826305072907	39.6673778409311
-15	10	12.958006623207524	1453.3636583618202	111.92752516362707	0.23028440515649784	6.334206032774661	1312.9190272736548	1758.5105703266615
-15	0	12.958006623207524	75.14730688474434	108.32746898057248	2.358477692891338	1.9215578609844635	674.4616447685603	397.227578561642
-5	10	12.958006623207524	1482.769768805978	112.18856001132711	0.27482088072403055	6.394487941414339	1238.8386060038047	2155.808635109104
60	-40	12.958006623207524	0	111.00729838438403	3.432285365788814	1.0999999999999996	0	0
15	40	12.958006623207524	1637.9546028155028	112.32977857405396	0.000000000000000026027927802348313	6.844076191772873	0	0
-60	-5	12.958006623207524	146.10273505083904	107.11369990685165	0.8707644347273835	3.340119160216978	1158.932436225189	413.9730541771432
0	0	12.958006623207524	36.27173373384902	111.0072983860045	3.4322853667253743	1.4948781396626007	0.3340953379175808	1.371583421363712
5	10	11.958006623207524	1493.4170309344058	112.44777125667034	0.26850157233451116	6.4269284256711146	1332.8897971503518	2088.198274126405
15	-5	12.958006623207524	0	111.00729838438403	3.432285365788814	1.0999999999999996	0	0
15	-10	12.958006623207524	0	111.00729838438403	3.432285365788814	1.0999999999999996	0	0
15	-40	12.958006623207524	0	111.00729838438403	3.432285365788814	1.0999999999999996	0	0
5	40	12.958006623207524	1637.9546028155028	112.32977857405396	0.000000000000000026027927802348313	6.844076191772873	0	0
60	5	11.958006623207524	736.3717443786616	115.85318463438331	0.22087210187831854	6.104533438696832	1560.0656620949724	1833.0561100019463
-60	10	11.958006623207524	1114.2221776379427	110.22177816430259	0.12063587205409206	6.251917396452737	1279.9302252819782	1514.3076055579477
5	10	10.958006623207524	1495.9736219790489	112.4501566123723	0.2502730659353833	6.431550626878021	1466.5460398985674	2137.67994875903
5	-5	12.958006623207524	0	111.00729838438403	3.432285365788814	1.0999999999999996	0	0
5	-10	12.958006623207524	0	111.00729838438403	3.432285365788814	1.0999999999999996	0	0
5	-40	12.958006623207524	0	111.00729838438403	3.432285365788814	1.0999999999999996	0	0
0	40	12.958006623207524	1637.9546028155028	112.32977857405396	0.000000000000000026027927802348313	6.844076191772873	0	0
0	10	11.958006623207524	1493.5545478950003	112.32021483987366	0.27209233978757885	6.422503099302809	1222.6701236504719	2254.7540445517357
15	5	11.958006623207524	681.3786365064022	113.09755167216686	0.5115108083809166	3.8998986176364507	1833.0714403657755	2874.1547147114575
60	0	11.958006623207524	414.5082699928966	117.28305352623596	0.24851302639538905	5.6564934084559	1007.7098119437966	1543.8270678221681
0	-5	12.958006623207524	0	111.00729838438403	3.432285365788814	1.0999999999999996	0	0
0	-10	12.958006623207524	0	111.00729838438403	3.432285365788814	1.0999999999999996	0	0
0	-40	12.958006623207524	0	111.00729838438403	3.432285365788814	1.0999999999999996	0	0
-5	40	12.958006623207524	1637.9546028155028	112.32977857405396	0.000000000000000026027927802348313	6.844076191772873	0	0
15	10	10.958006623207524	1471.4945663187957	112.66722980474364	0.21727115793643192	6.384184342660815	1574.1866066498046	1193.6453887245382
15	0	11.958006623207524	59.13918106993456	116.59573315983262	1.0983339498175269	1.8016753354350037	323.3510743923664	574.1390258701927
-5	0	11.958006623207524	40.234945002190415	109.20001987606082	3.3388904671143256	1.5935265101446272	239.03968883662935	605.2288480339334
-5	-5	12.958006623207524	0	111.00729838438403	3.432285365788814	1.0999999999999996	0	0
-5	-10	12.958006623207524	0	111.00729838438403	3.432285365788814	1.0999999999999996	0	0
-5	-40	12.958006623207524	0	111.00729838438403	3.432285365788814	1.0999999999999996	0	0
-15	40	12.958006623207524	1637.9546028155028	112.32977857405396	0.000000000000000026027927802348313	6.844076191772873	0	0
60	-5	11.958006623207524	150.79383756207736	118.35934826704768	0.34791582038480334	4.24309844763523	529.6945573552977	653.9508736985554
5	0	11.958006623207524	35.45659100767757	113.84714223332878	2.6746548181263092	1.4510818216658983	276.4897660518907	1134.9552292093285
5	5	11.958006623207524	678.1455462888279	112.42255236754646	0.4988239203450704	3.7624395773244124	1720.0824101767507	2533.190971948416
-15	-5	12.958006623207524	0	111.00729838438403	3.432285365788814	1.0999999999999996	0	0
-15	-10	12.958006623207524	0	111.00729838438403	3.432285365788814	1.0999999999999996	0	0
-15	-40	12.958006623207524	0	111.00729838438403	3.432285365788814	1.0999999999999996	0	0
-60	40	12.958006623207524	1637.9546028155028	112.32977857405396	0.000000000000000026027927802348313	6.844076191772873	0	0
-15	5	11.958006623207524	678.2551242349482	111.1407711552623	0.4728390186970149	3.872157254246194	1655.6037513198962	2531.0771841514097
-60	5	11.958006623207524	790.9382065819999	109.04684385909484	0.2066697963236579	5.870061069596491	1575.1020857982849	1689.0853091654044
60	10	10.958006623207524	1104.308200527484	114.29671889700609	0.18030954149788683	6.282413533089318	2059.9411382637654	2103.5107988749196
-60	-10	12.958006623207524	9.721745541784916	106.31520427558816	3.333996260184996	1.8284534860760076	0.656955598502708	0.04604954851905683
-5	10	11.958006623207524	1485.6351447618842	112.18495091323933	0.2574838789572275	6.4001987635979445	1302.0377550453002	2173.9382531817932
-60	-40	12.958006623207524	0	111.00729838438403	3.432285365788814	1.0999999999999996	0	0
60	40	11.958006623207524	1637.9546028155028	112.32977857405396	0.000000000000000026027927802348313	6.844076191772873	0	0
-60	0	11.958006623207524	441.71194787526724	107.96789762790416	0.41964388037933936	5.011434494336934	1767.448433823025	1770.14340733858
-60	10	10.958006623207524	1115.1898996727186	110.225298258933	0.11054557356443889	6.251112098038484	1282.2993777968163	1511.8911920203175
0	5	11.958006623207524	677.3264259467574	112.09925278691428	0.4884580981269242	3.7428282718700436	1709.8058330479766	2504.442650892222
-5	5	11.958006623207524	676.5220384891885	111.77534415062412	0.47813950396388827	3.7521819631842432	1710.7436620709534	2516.4690969516814
60	-10	11.958006623207524	20.57728006343443	119.28690092090866	0.4342587046496419	2.353133654932689	86.66407675153214	37.80555461140114
60	-40	11.958006623207524	0	111.00729838438403	3.432285365788814	1.0999999999999996	0	0
15	40	11.958006623207524	1637.9546028155028	112.32977857405396	0.000000000000000026027927802348313	6.844076191772873	0	0
0	10	10.958006623207524	1496.2325330150875	112.31874023312116	0.2550918252841963	6.4275290522312885	1343.8753128876053	2331.4313723204205
5	0	10.958006623207524	32.96296729359413	114.08354166706964	2.5763687164575138	1.4275599754724848	287.62634057562553	1116.8169573071486
60	0	10.958006623207524	413.16846097452475	117.28844860937583	0.22817390351016317	5.648130345649256	1003.3048501961937	1544.4398463480952
15	-5	11.958006623207524	0	111.00729838438403	3.432285365788814	1.0999999999999996	0	0
15	-10	11.958006623207524	0	111.00729838438403	3.432285365788814	1.0999999999999996	0	0
15	-40	11.958006623207524	0	111.00729838438403	3.432285365788814	1.0999999999999996	0	0
5	40	11.958006623207524	1637.9546028155028	112.32977857405396	0.000000000000000026027927802348313	6.844076191772873	0	0
0	0	11.958006623207524	33.38607674195433	111.00729838631175	3.4322853669496376	1.4634629645904493	0.3312508851926144	1.368969466284991
-15	10	11.958006623207524	1456.1098690220317	111.92496014115284	0.21234122038366646	6.340238241435609	1341.5500400037538	1726.2024866261136
-15	0	11.958006623207524	73.72629931766748	108.28050301750281	2.229922841456725	1.8906719887976404	704.2782581372574	382.3465778352224
5	-5	11.958006623207524	0	111.00729838438403	3.432285365788814	1.0999999999999996	0	0
5	-10	11.958006623207524	0	111.00729838438403	3.432285365788814	1.0999999999999996	0	0
5	-40	11.958006623207524	0	111.00729838438403	3.432285365788814	1.0999999999999996	0	0
0	40	11.958006623207524	1637.9546028155028	112.32977857405396	0.000000000000000026027927802348313	6.844076191772873	0	0
60	5	10.958006623207524	736.0108451179584	115.85499419687093	0.20268785480539708	6.100972645982198	1561.3129599928764	1831.3461533354023
-60	-5	11.958006623207524	144.40571804840212	107.10633308805926	0.8083585507177193	3.31348507411587	1147.114056933756	405.3257149590004
-5	5	10.958006623207524	674.9545754783609	111.77332869378903	0.43504234651720225	3.7378331954685713	1687.995551655751	2488.7160413869374
0	-5	11.958006623207524	0	111.00729838438403	3.432285365788814	1.0999999999999996	0	0
0	-10	11.958006623207524	0	111.00729838438403	3.432285365788814	1.0999999999999996	0	0
0	-40	11.958006623207524	0	111.00729838438403	3.432285365788814	1.0999999999999996	0	0
-5	40	11.958006623207524	1637.9546028155028	112.32977857405396	0.000000000000000026027927802348313	6.844076191772873	0	0
15	10	9.958006623207524	1473.3219026045404	112.66853344856692	0.1979701335070142	6.38698986075686	1604.5013945413482	1158.8681868826723
15	0	10.958006623207524	57.87234449064537	116.68354640911863	1.0063140310685164	1.7919761155122385	315.27118506853196	519.1343179196392
5	5	10.958006623207524	676.5386311043535	112.41939792150643	0.4556288110719299	3.74759008746258	1701.5434747852678	2524.246883127674
-5	-5	11.958006623207524	0	111.00729838438403	3.432285365788814	1.0999999999999996	0	0
-5	-10	11.958006623207524	0	111.00729838438403	3.432285365788814	1.0999999999999996	0	0
-5	-40	11.958006623207524	0	111.00729838438403	3.432285365788814	1.0999999999999996	0	0
-15	40	11.958006623207524	1637.9546028155028	112.32977857405396	0.000000000000000026027927802348313	6.844076191772873	0	0
15	5	10.958006623207524	680.107454118961	113.09460162276372	0.4676255505962789	3.885497751675138	1810.7461534506945	2864.696964134639
-60	5	10.958006623207524	790.7728224543276	109.04602902017864	0.18961279680528217	5.866773579962903	1575.6005200124903	1687.814646689262
-15	5	10.958006623207524	676.9855450233146	111.1416341379579	0.4328264357822668	3.8588430777542895	1638.4142984043697	2534.1783209632217
-15	-5	11.958006623207524	0	111.00729838438403	3.432285365788814	1.0999999999999996	0	0
-15	-10	11.958006623207524	0	111.00729838438403	3.432285365788814	1.0999999999999996	0	0
-15	-40	11.958006623207524	0	111.00729838438403	3.432285365788814	1.0999999999999996	0	0
-60	40	11.958006623207524	1637.9546028155028	112.32977857405396	0.000000000000000026027927802348313	6.844076191772873	0	0
60	-5	10.958006623207524	149.24352613443938	118.36470604041465	0.3193586275781259	4.219938422332511	520.7478228699788	644.8018814729229
-60	-10	11.958006623207524	8.926961317163913	106.29530483787543	3.2607281816752365	1.7872247620398165	0.7039610559428622	0.04262779498698435
-60	0	10.958006623207524	440.2797405532676	107.96411551935365	0.3866639147671623	4.998804449247882	1770.1273754619688	1779.4294554348567
-5	0	10.958006623207524	37.72612087855035	109.11502087515825	3.302577836380439	1.5629613730601615	250.1758789163829	571.8661514915696
0	5	10.958006623207524	675.7224034336034	112.09647150754125	0.44522289889815436	3.728233806466063	1691.660149692725	2495.53574620112
-60	-40	11.958006623207524	0	111.00729838438403	3.432285365788814	1.0999999999999996	0	0
60	40	10.958006623207524	1637.9546028155028	112.32977857405396	0.000000000000000026027927802348313	6.844076191772873	0	0
60	-10	10.958006623207524	19.970645209823086	119.29565089646759	0.3992244694096619	2.327149855976342	84.18663919246538	36.155597875221204
60	5	9.958006623207524	735.6798029199397	115.85665375899578	0.18442969341937138	6.09771519491047	1562.4615751397007	1829.7770342957565
0	0	10.958006623207524	30.521676672100764	111.00729838661317	3.4322853671817364	1.432279206467331	0.32862715564204353	1.3664936624627504
-15	10	10.958006623207524	1458.6965120352643	111.92235663495536	0.19437499352465945	6.346021421640164	1370.9275513476086	1689.5971385113726
0	10	9.958006623207524	1498.4794674039883	112.31710924667013	0.23717935104922439	6.431301418085311	1500.5114174011649	2421.768111033864
60	-40	10.958006623207524	0	111.00729838438403	3.432285365788814	1.0999999999999996	0	0
15	40	10.958006623207524	1637.9546028155028	112.32977857405396	0.000000000000000026027927802348313	6.844076191772873	0	0
-5	10	10.958006623207524	1488.273401576595	112.18122313816036	0.2398067018146	6.405395962080854	1371.6031487098655	2193.773311381576
-15	0	10.958006623207524	72.44135588043879	108.23444645461784	2.0892085669756524	1.861116370910927	729.7874226276815	367.3944853896814
0	10	8.958006623207524	1500.193830497925	112.31540177694784	0.21791170947016264	6.433474490256387	1690.6950294452815	2504.3160685941416
15	-5	10.958006623207524	0	111.00729838438403	3.432285365788814	1.0999999999999996	0	0
15	-10	10.958006623207524	0	111.00729838438403	3.432285365788814	1.0999999999999996	0	0
15	-40	10.958006623207524	0	111.00729838438403	3.432285365788814	1.0999999999999996	0	0
5	40	10.958006623207524	1637.9546028155028	112.32977857405396	0.000000000000000026027927802348313	6.844076191772873	0	0
60	0	9.958006623207524	411.9453117858855	117.29335919371732	0.20772095962113776	5.640450296239612	999.2623578833026	1545.0358217954142
5	0	9.958006623207524	30.54632028175142	114.35352479547403	2.4578400415495913	1.4056446817183499	299.93643711807414	1091.6732206975423
60	10	9.958006623207524	1105.3025726572316	114.29322274632491	0.16403334483222642	6.280732123484881	2067.792109268703	2097.860641089743
5	-5	10.958006623207524	0	111.00729838438403	3.432285365788814	1.0999999999999996	0	0
5	-10	10.958006623207524	0	111.00729838438403	3.432285365788814	1.0999999999999996	0	0
5	-40	10.958006623207524	0	111.00729838438403	3.432285365788814	1.0999999999999996	0	0
0	40	10.958006623207524	1637.9546028155028	112.32977857405396	0.000000000000000026027927802348313	6.844076191772873	0	0
-60	-5	10.958006623207524	142.85725106363748	107.09949440168447	0.7448498356968754	3.2890456501299457	1136.4400275414541	397.4083457306119
5	10	9.958006623207524	1498.17582212068	112.45292631160507	0.23115003115757182	6.435209510082218	1591.9505194177566	2176.8331739743053
-60	10	9.958006623207524	1116.07393501668	110.22851362168734	0.10045614412018075	6.2503793591558185	1284.5786690655307	1509.683802280202
0	-5	10.958006623207524	0	111.00729838438403	3.432285365788814	1.0999999999999996	0	0
0	-10	10.958006623207524	0	111.00729838438403	3.432285365788814	1.0999999999999996	0	0
0	-40	10.958006623207524	0	111.00729838438403	3.432285365788814	1.0999999999999996	0	0
-5	40	10.958006623207524	1637.9546028155028	112.32977857405396	0.000000000000000026027927802348313	6.844076191772873	0	0
-60	5	9.958006623207524	790.6211738728609	109.04528242509674	0.1724947441605008	5.863768078506305	1576.0018635431484	1686.6461924974951
15	0	9.958006623207524	56.74935588988822	116.7641171154273	0.9147937769652145	1.7835690826567354	308.2913145815019	472.20274274517277
5	5	9.958006623207524	674.9427887759085	112.41634802112135	0.4125242600858284	3.733582046788388	1684.8106780825044	2516.128882912068
-5	-5	10.958006623207524	0	111.00729838438403	3.432285365788814	1.0999999999999996	0	0
-5	-10	10.958006623207524	0	111.00729838438403	3.432285365788814	1.0999999999999996	0	0
-5	-40	10.958006623207524	0	111.00729838438403	3.432285365788814	1.0999999999999996	0	0
-15	40	10.958006623207524	1637.9546028155028	112.32977857405396	0.000000000000000026027927802348313	6.844076191772873	0	0
15	5	9.958006623207524	678.9159826048741	113.09187461801042	0.4239662794671811	3.8722915560331956	1789.8143886976184	2856.199230621723
-15	10	9.958006623207524	1461.1125972714012	111.91976072307436	0.17638355259607238	6.351511995038691	1400.205447225699	1647.1493159279999
0	5	9.958006623207524	674.129186458793	112.09369586222083	0.4020752814475934	3.7144693483351374	1675.3172644776453	2487.489086144155
-15	-5	10.958006623207524	0	111.00729838438403	3.432285365788814	1.0999999999999996	0	0
-15	-10	10.958006623207524	0	111.00729838438403	3.432285365788814	1.0999999999999996	0	0
-15	-40	10.958006623207524	0	111.00729838438403	3.432285365788814	1.0999999999999996	0	0
-60	40	10.958006623207524	1637.9546028155028	112.32977857405396	0.000000000000000026027927802348313	6.844076191772873	0	0
-15	5	9.958006623207524	675.8061231443721	111.14262122294411	0.3929548541964901	3.8465981980776176	1624.6537228237396	2541.6762106942283
60	-5	9.958006623207524	147.83970751002005	118.36959819798543	0.290663064909339	4.198865164263897	512.7262747950169	636.5395865593605
-60	-10	10.958006623207524	8.206078583823086	106.27565858769941	3.1687656481753934	1.7471622437298275	187.5819859319621	8.728098575758514
-5	5	9.958006623207524	673.4275145341617	111.7715492875093	0.3922064612231905	3.7244330803372288	1665.6870177810592	2461.591516027268
60	-10	9.958006623207524	19.42660395391157	119.30361960154896	0.3638233826493401	2.3033898868066727	81.97531218885982	34.70444551524275
-60	-40	10.958006623207524	0	111.00729838438403	3.432285365788814	1.0999999999999996	0	0
60	40	9.958006623207524	1637.9546028155028	112.32977857405396	0.000000000000000026027927802348313	6.844076191772873	0	0
-60	0	9.958006623207524	438.9694780174282	107.96067528214711	0.35320157785764783	4.987159627626231	1773.23797771202	1789.112063213588
-5	0	9.958006623207524	35.294153429779186	109.0234082775581	3.255774985613056	1.5326576822723836	265.2978560197608	538.3620699157283
0	0	9.958006623207524	27.676572705043245	111.00729838689949	3.432285367429282	1.4013055185163612	0.32621929030387947	1.3641564987958663
60	5	8.958006623207524	735.3790069919439	115.85816143307586	0.16610412843129307	6.094763074971657	1563.517752268292	1828.3467003329297
0	10	7.958006623207525	1501.282097780369	112.31395277531965	0.19676646170650947	6.433739711324411	1917.0691220966064	2578.2407299873544
60	-40	9.958006623207524	0	111.00729838438403	3.432285365788814	1.0999999999999996	0	0
15	40	9.958006623207524	1637.9546028155028	112.32977857405396	0.000000000000000026027927802348313	6.844076191772873	0	0
5	10	8.958006623207524	1500.0076887685386	112.45591608781258	0.2110904929477792	6.4378916332876654	1709.5310200032898	2212.888237884775
15	10	8.958006623207524	1474.968314824036	112.66981673705511	0.17856156599744163	6.389505749646581	1633.5244955389294	1126.3495440675108
-5	10	9.958006623207524	1490.6668395933732	112.17743528332278	0.22169591104734968	6.410020860979778	1448.4420078240623	2216.6147320324512
15	-5	9.958006623207524	0	111.00729838438403	3.432285365788814	1.0999999999999996	0	0
15	-10	9.958006623207524	0	111.00729838438403	3.432285365788814	1.0999999999999996	0	0
15	-40	9.958006623207524	0	111.00729838438403	3.432285365788814	1.0999999999999996	0	0
5	40	9.958006623207524	1637.9546028155028	112.32977857405396	0.000000000000000026027927802348313	6.844076191772873	0	0
-15	0	9.958006623207524	71.28660901652727	108.18998977791142	1.937067753279764	1.8331567364479082	751.5590001266048	352.82761942808594
-15	5	8.958006623207524	674.7238550594328	111.14371196823646	0.353177548463197	3.8354380899550726	1613.4240576079253	2552.193016449755
-60	0	8.958006623207524	437.782519270098	107.95757085139279	0.31927961426785717	4.976538433888807	1776.8187101854635	1799.1200096253935
5	-5	9.958006623207524	0	111.00729838438403	3.432285365788814	1.0999999999999996	0	0
5	-10	9.958006623207524	0	111.00729838438403	3.432285365788814	1.0999999999999996	0	0
5	-40	9.958006623207524	0	111.00729838438403	3.432285365788814	1.0999999999999996	0	0
0	40	9.958006623207524	1637.9546028155028	112.32977857405396	0.000000000000000026027927802348313	6.844076191772873	0	0
60	0	8.958006623207524	410.83889839944896	117.29778885279015	0.18716360446929195	5.633465746756749	995.5826373509658	1545.5979090139695
60	10	8.958006623207524	1106.2032561855756	114.29006138960791	0.1477072061098391	6.27921449901056	2074.9956595789236	2092.6720658288928
-60	-5	9.958006623207524	141.45416683734823	107.0931983299553	0.6803087453039162	3.2667858967327525	1126.8461554395578	390.2074893348591
0	-5	9.958006623207524	0	111.00729838438403	3.432285365788814	1.0999999999999996	0	0
0	-10	9.958006623207524	0	111.00729838438403	3.432285365788814	1.0999999999999996	0	0
0	-40	9.958006623207524	0	111.00729838438403	3.432285365788814	1.0999999999999996	0	0
-5	40	9.958006623207524	1637.9546028155028	112.32977857405396	0.000000000000000026027927802348313	6.844076191772873	0	0
0	5	8.958006623207524	672.5457048251293	112.09092414710548	0.35898875933465463	3.7015166822045233	1660.736171762047	2480.296435866872
15	0	8.958006623207524	55.75809186614391	116.83723813565582	0.8235625932418656	1.7762539306461365	302.6360354611716	433.3278930011004
-60	10	8.958006623207524	1116.8740600071299	110.23142358716454	0.09036717388900681	6.249718369485626	1286.666122827954	1507.6703246535078
-5	-5	9.958006623207524	0	111.00729838438403	3.432285365788814	1.0999999999999996	0	0
-5	-10	9.958006623207524	0	111.00729838438403	3.432285365788814	1.0999999999999996	0	0
-5	-40	9.958006623207524	0	111.00729838438403	3.432285365788814	1.0999999999999996	0	0
-15	40	9.958006623207524	1637.9546028155028	112.32977857405396	0.000000000000000026027927802348313	6.844076191772873	0	0
15	10	7.958006623207525	1476.4336232047556	112.67105231787706	0.1590371467520997	6.391730122796083	1661.1997688300214	1096.4915883361036
15	5	8.958006623207524	677.8107817904213	113.0893661851004	0.38053280553335206	3.8602886652796466	1770.3783217935013	2848.780985042789
-60	5	8.958006623207524	790.4834408209606	109.04460485107467	0.1553216888444912	5.861045936285398	1576.3088266362402	1685.5836965235333
-15	-5	9.958006623207524	0	111.00729838438403	3.432285365788814	1.0999999999999996	0	0
-15	-10	9.958006623207524	0	111.00729838438403	3.432285365788814	1.0999999999999996	0	0
-15	-40	9.958006623207524	0	111.00729838438403	3.432285365788814	1.0999999999999996	0	0
-60	40	9.958006623207524	1637.9546028155028	112.32977857405396	0.000000000000000026027927802348313	6.844076191772873	0	0
5	0	8.958006623207524	28.218005689235163	114.66122687533807	2.314412922030683	1.3856611583607523	313.30143166014557	1056.9837612289923
5	5	8.958006623207524	673.3569449424159	112.41340054408187	0.36948384718330207	3.720396809699637	1669.8246872297893	2508.8233893607253
-5	5	8.958006623207524	671.9486163030288	111.77006802932965	0.34967051968677054	3.711996242738117	1642.4579410639337	2433.5930301396224
-5	0	8.958006623207524	32.95205405308042	108.92463648897	3.1945989426857926	1.502582408809107	286.0477812219736	504.86222543580806
-60	-10	9.958006623207524	7.557011588691915	106.25630437891792	3.0534738623848954	1.7082861582041102	194.1517491816589	7.5929712048580145
-60	-40	9.958006623207524	0	111.00729838438403	3.432285365788814	1.0999999999999996	0	0
60	40	8.958006623207524	1637.9546028155028	112.32977857405396	0.000000000000000026027927802348313	6.844076191772873	0	0
60	-5	8.958006623207524	146.57924838123247	118.3740242473247	0.26184062810662206	4.179860128402464	505.58779087623805	629.135997717055
60	-10	8.958006623207524	18.9424513881887	119.31081075819014	0.3281006927097883	2.2818644082019306	79.98359134170744	33.408237733058826
-5	10	8.958006623207524	1492.7945506243302	112.17366491354414	0.20304221331321434	6.414005356100136	1533.630049929273	2244.208883686566
-15	10	8.958006623207524	1463.3424441535508	111.9172347851708	0.15838111554419074	6.35664944468474	1427.7709073668834	1596.5170791140315
-15	0	8.958006623207524	70.25686082265558	108.1477740084286	1.7742992780792517	1.8070449260152375	770.0724241551467	338.989755428421
60	-40	8.958006623207524	0	111.00729838438403	3.432285365788814	1.0999999999999996	0	0
15	40	8.958006623207524	1637.9546028155028	112.32977857405396	0.000000000000000026027927802348313	6.844076191772873	0	0
60	5	7.958006623207525	735.1088241078029	115.8595154439041	0.14771767325353716	6.092118097139032	1564.4820399784028	1827.0643455743977
0	0	8.958006623207524	24.848853724907606	111.00729838717194	3.4322853676905356	1.370521095062379	0.32415254734697707	1.3622734860743924
-60	0	7.958006623207525	436.7202473397127	107.95479607524653	0.2849216126433816	4.96697885864295	1780.9060236096504	1809.3585293761776
15	-5	8.958006623207524	0	111.00729838438403	3.432285365788814	1.0999999999999996	0	0
15	-10	8.958006623207524	0	111.00729838438403	3.432285365788814	1.0999999999999996	0	0
15	-40	8.958006623207524	0	111.00729838438403	3.432285365788814	1.0999999999999996	0	0
5	40	8.958006623207524	1637.9546028155028	112.32977857405396	0.000000000000000026027927802348313	6.844076191772873	0	0
60	10	7.958006623207525	1107.0098708656476	114.28723465038364	0.1313358053069601	6.277859915649602	2081.544556867863	2087.9892605547757
15	10	6.958006623207525	1477.717308350304	112.6722135587005	0.13938930247449408	6.393660352100282	1687.4600089149815	1069.6912895707421
5	10	7.958006623207525	1501.480987918781	112.45887855705662	0.19008901215728208	6.439648529252244	1820.2104805124948	2252.712024139854
5	-5	8.958006623207524	0	111.00729838438403	3.432285365788814	1.0999999999999996	0	0
5	-10	8.958006623207524	0	111.00729838438403	3.432285365788814	1.0999999999999996	0	0
5	-40	8.958006623207524	0	111.00729838438403	3.432285365788814	1.0999999999999996	0	0
0	40	8.958006623207524	1637.9546028155028	112.32977857405396	0.000000000000000026027927802348313	6.844076191772873	0	0
-60	-5	8.958006623207524	140.19359785222252	107.08745875330806	0.6148117045425845	3.246692280574999	1118.279859632935	383.71361362428604
60	0	7.958006623207525	409.8492888561454	117.30174089417227	0.1665115185648611	5.627188152732953	992.2773516172638	1546.126171962931
-60	10	7.958006623207525	1117.5901173488328	110.23402765402466	0.0802785299088039	6.249128623936385	1288.5517491286435	1505.8533813067795
0	-5	8.958006623207524	0	111.00729838438403	3.432285365788814	1.0999999999999996	0	0
0	-10	8.958006623207524	0	111.00729838438403	3.432285365788814	1.0999999999999996	0	0
0	-40	8.958006623207524	0	111.00729838438403	3.432285365788814	1.0999999999999996	0	0
-5	40	8.958006623207524	1637.9546028155028	112.32977857405396	0.000000000000000026027927802348313	6.844076191772873	0	0
-60	5	7.958006623207525	790.3598012846768	109.0439970565618	0.13809972239663446	5.858608394391469	1576.5185618769463	1684.624862080924
15	0	7.958006623207525	54.886274294833385	116.90260224296723	0.7323081480699885	1.7697854008663523	298.4184762090398	401.87059525111965
15	5	7.958006623207525	676.7982886304943	113.08707809082183	0.3373211585548841	3.849499285868321	1752.525339671229	2842.4697967164166
-5	-5	8.958006623207524	0	111.00729838438403	3.432285365788814	1.0999999999999996	0	0
-5	-10	8.958006623207524	0	111.00729838438403	3.432285365788814	1.0999999999999996	0	0
-5	-40	8.958006623207524	0	111.00729838438403	3.432285365788814	1.0999999999999996	0	0
-15	40	8.958006623207524	1637.9546028155028	112.32977857405396	0.000000000000000026027927802348313	6.844076191772873	0	0
-5	5	7.958006623207525	670.5207165167901	111.76890864341787	0.3074599726565803	3.7005241088989558	1617.472509184593	2406.001925240866
0	10	6.958006623207525	1501.6584368270157	112.31331046719107	0.17311418946256948	6.43182361575761	2177.612958163296	2656.527023564056
-5	0	7.958006623207525	30.716710583617484	108.81786743669402	3.1130955680314316	1.4727153237348163	315.13402599690374	471.60021534566135
-15	-5	8.958006623207524	0	111.00729838438403	3.432285365788814	1.0999999999999996	0	0
-15	-10	8.958006623207524	0	111.00729838438403	3.432285365788814	1.0999999999999996	0	0
-15	-40	8.958006623207524	0	111.00729838438403	3.432285365788814	1.0999999999999996	0	0
-60	40	8.958006623207524	1637.9546028155028	112.32977857405396	0.000000000000000026027927802348313	6.844076191772873	0	0
0	5	7.958006623207525	670.9709131743015	112.08815466795554	0.3159369954712464	3.6893596874684316	1647.9927447412674	2473.8760037665656
60	-5	7.958006623207525	145.45934611329537	118.37798371700188	0.2329032225881991	4.162906801399479	499.29252333657666	622.5725799536224
-60	-10	8.958006623207524	6.977332817714557	106.23734896225923	2.9104501097104274	1.6707404980243654	200.71293227797966	6.573893392765899
0	0	7.958006623207525	22.036652972081146	111.00729838742858	3.432285367966499	1.339905613322475	0.3222266971675464	1.3603717771597805
-15	5	7.958006623207525	673.7436365455684	111.14487227075662	0.3134688621647029	3.8253799703147306	1603.9250505183068	2564.259461941598
-60	-40	8.958006623207524	0	111.00729838438403	3.432285365788814	1.0999999999999996	0	0
60	40	7.958006623207525	1637.9546028155028	112.32977857405396	0.000000000000000026027927802348313	6.844076191772873	0	0
5	0	7.958006623207525	25.99493305500188	115.00951307820965	2.1407290166011954	1.3679930682653594	327.253883170794	1008.8242185402312
60	-10	7.958006623207525	18.515771873682716	119.31722820820832	0.29209985899586416	2.2625837990980115	78.2481026140145	32.29582916574272
5	5	7.958006623207525	671.7800505263642	112.41055352841808	0.32648130576638973	3.708017852955864	1656.5335818923606	2502.322191844438
60	10	6.958006623207525	1107.7220591840976	114.28474239629196	0.11492381900594334	6.276667650335692	2087.417879880045	2083.832301680509
-5	10	7.958006623207525	1494.6319120366525	112.17001438905443	0.18371644294174602	6.417270256725899	1628.4547272441798	2278.8755726213044
60	-40	7.958006623207525	0	111.00729838438403	3.432285365788814	1.0999999999999996	0	0
15	40	7.958006623207525	1637.9546028155028	112.32977857405396	0.000000000000000026027927802348313	6.844076191772873	0	0
-15	10	7.958006623207525	1465.3629719619119	111.91486710707149	0.14041214173987118	6.361345758532197	1450.428859981386	1534.0536893438868
0	10	5.958006623207525	1501.6584428154886	112.31331045498347	0.1480389139408022	6.428985064241471	2165.843704493925	2651.641436528223
-15	0	7.958006623207525	69.34753622426422	108.10838840146148	1.6017655848184498	1.7830166659124782	785.7254168785632	326.1444310938232
15	-5	7.958006623207525	0	111.00729838438403	3.432285365788814	1.0999999999999996	0	0
15	-10	7.958006623207525	0	111.00729838438403	3.432285365788814	1.0999999999999996	0	0
15	-40	7.958006623207525	0	111.00729838438403	3.432285365788814	1.0999999999999996	0	0
5	40	7.958006623207525	1637.9546028155028	112.32977857405396	0.000000000000000026027927802348313	6.844076191772873	0	0
-15	5	6.958006623207525	672.8699184896053	111.14606926502643	0.2738127653429429	3.816442147454002	1595.8729257583907	2577.2433179857508
60	0	6.958006623207525	408.9765434556028	117.30521833758827	0.1457746307003541	5.621627891464821	989.3485548025404	1546.6070759719548
60	5	6.958006623207525	734.8695986036868	115.86071412786515	0.1292768429885538	6.089781893176272	1565.3537204363518	1825.925814541817
5	-5	7.958006623207525	0	111.00729838438403	3.432285365788814	1.0999999999999996	0	0
5	-10	7.958006623207525	0	111.00729838438403	3.432285365788814	1.0999999999999996	0	0
5	-40	7.958006623207525	0	111.00729838438403	3.432285365788814	1.0999999999999996	0	0
0	40	7.958006623207525	1637.9546028155028	112.32977857405396	0.000000000000000026027927802348313	6.844076191772873	0	0
-5	5	6.958006623207525	669.1895506133749	111.76834171838729	0.2658247069273317	3.6901672080842056	1589.7900285807148	2380.3926796651745
15	5	6.958006623207525	675.8848731915801	113.08501702024158	0.29432367574283347	3.8399352594283145	1736.3502062639054	2837.262493057385
-60	-5	7.958006623207525	139.0723990234839	107.08229212696234	0.5484604191177935	3.2287440533137666	1110.687518734696	377.91592960076065
0	-5	7.958006623207525	0	111.00729838438403	3.432285365788814	1.0999999999999996	0	0
0	-10	7.958006623207525	0	111.00729838438403	3.432285365788814	1.0999999999999996	0	0
0	-40	7.958006623207525	0	111.00729838438403	3.432285365788814	1.0999999999999996	0	0
-5	40	7.958006623207525	1637.9546028155028	112.32977857405396	0.000000000000000026027927802348313	6.844076191772873	0	0
-60	10	6.958006623207525	1118.2219625299758	110.2363253604062	0.07019009235915552	6.248609672932419	1290.2266479061948	1504.2366852945968
-5	0	6.958006623207525	28.61424159805706	108.7021268182711	3.001788206013048	1.4430366863536008	357.31184187787323	438.94629171745345
-60	5	6.958006623207525	790.2504312549097	109.04345978105623	0.12083497700399556	5.856456563062115	1576.6294108448617	1683.773482072166
-5	-5	7.958006623207525	0	111.00729838438403	3.432285365788814	1.0999999999999996	0	0
-5	-10	7.958006623207525	0	111.00729838438403	3.432285365788814	1.0999999999999996	0	0
-5	-40	7.958006623207525	0	111.00729838438403	3.432285365788814	1.0999999999999996	0	0
-15	40	7.958006623207525	1637.9546028155028	112.32977857405396	0.000000000000000026027927802348313	6.844076191772873	0	0
15	0	6.958006623207525	54.12638414905528	116.9600916829882	0.6408576585473983	1.7640522785453918	294.8422549497085	375.24640618610016
5	10	6.958006623207525	1502.6003618756279	112.46159235944248	0.16812927145315482	6.4405135645287235	1924.7940644694565	2302.448884395341
60	-5	6.958006623207525	144.4775206118576	118.38147616630843	0.20386306319453387	4.147990640454859	493.81162786937017	616.82852144805
-15	-5	7.958006623207525	0	111.00729838438403	3.432285365788814	1.0999999999999996	0	0
-15	-10	7.958006623207525	0	111.00729838438403	3.432285365788814	1.0999999999999996	0	0
-15	-40	7.958006623207525	0	111.00729838438403	3.432285365788814	1.0999999999999996	0	0
-60	40	7.958006623207525	1637.9546028155028	112.32977857405396	0.000000000000000026027927802348313	6.844076191772873	0	0
-15	10	6.958006623207525	1467.1475283471714	111.91275487273647	0.1225398435949678	6.36549943788733	1469.0860707370302	1469.2948975644827
-60	-10	7.958006623207525	6.464798481266255	106.21895594408694	2.7352375289361466	1.6347716503685423	207.09174512104536	5.665694290001593
5	5	6.958006623207525	670.211308397133	112.40780774237398	0.28348911958031864	3.6964316016297856	1645.3264544259787	2498.0388300620684
60	-10	6.958006623207525	18.144429512470296	119.32287580302615	0.25586204984926386	2.245557880549324	76.73830229314547	31.338189245516542
-60	-40	7.958006623207525	0	111.00729838438403	3.432285365788814	1.0999999999999996	0	0
60	40	6.958006623207525	1637.9546028155028	112.32977857405396	0.000000000000000026027927802348313	6.844076191772873	0	0
5	0	6.958006623207525	23.903240149005157	115.39740470351589	1.9314410833064481	1.3530440463480757	340.42449956272753	940.7352305247366
0	10	4.958006623207525	1501.6584428155256	112.31331045498354	0.12305480440612133	6.426597664544031	2155.3349851023677	2647.3213880734534
0	5	6.958006623207525	669.4037881295941	112.08538573598776	0.2728937375969655	3.6779842673118743	1636.5932173197798	2468.169754518367
-5	10	6.958006623207525	1496.150094286946	112.16661839377082	0.16356469240687405	6.419723702505755	1734.1150265713532	2323.6363422901113
-60	0	6.958006623207525	435.78404611926305	107.95234486313063	0.2501521365978389	4.958518001800755	1785.5211543666683	1819.6830585530406
0	0	6.958006623207525	19.23814294076007	111.00729838766696	3.4322853682589924	1.3094391778567473	0.3206324151686918	1.3589252046558435
60	-40	6.958006623207525	0	111.00729838438403	3.432285365788814	1.0999999999999996	0	0
15	40	6.958006623207525	1637.9546028155028	112.32977857405396	0.000000000000000026027927802348313	6.844076191772873	0	0
-60	10	5.958006623207525	1118.7694363104997	110.23831617218936	0.06010185430506629	6.248161117550537	1291.6751853462006	1502.825466685665
15	10	5.958006623207525	1478.818590048133	112.67327458435223	0.1196116100124199	6.395293327763429	1711.9330737221837	1046.3174431723207
-15	5	5.958006623207525	672.1057918934233	111.14725629116676	0.23420563832617028	3.8086440342998076	1588.2522752173215	2586.0070282787783
15	-5	6.958006623207525	0	111.00729838438403	3.432285365788814	1.0999999999999996	0	0
15	-10	6.958006623207525	0	111.00729838438403	3.432285365788814	1.0999999999999996	0	0
15	-40	6.958006623207525	0	111.00729838438403	3.432285365788814	1.0999999999999996	0	0
5	40	6.958006623207525	1637.9546028155028	112.32977857405396	0.000000000000000026027927802348313	6.844076191772873	0	0
-15	0	6.958006623207525	68.55464247133688	108.07236806804535	1.4203893628599369	1.7612894120809504	798.8494884583986	314.49052242140556
-5	5	5.958006623207525	667.9431585872455	111.76823223783846	0.2247472911987362	3.680880578790056	1558.1841605977538	2358.2358889960406
60	10	5.958006623207525	1108.339489279918	114.28258451947991	0.0984759381462876	6.275636986371243	2092.593621471538	2080.2208568790397
5	-5	6.958006623207525	0	111.00729838438403	3.432285365788814	1.0999999999999996	0	0
5	-10	6.958006623207525	0	111.00729838438403	3.432285365788814	1.0999999999999996	0	0
5	-40	6.958006623207525	0	111.00729838438403	3.432285365788814	1.0999999999999996	0	0
0	40	6.958006623207525	1637.9546028155028	112.32977857405396	0.000000000000000026027927802348313	6.844076191772873	0	0
5	10	5.958006623207525	1503.3786768421867	112.46384467297119	0.1452283943503341	6.440549074984927	2012.0620791641506	2367.0041124333866
15	0	5.958006623207525	53.47495300203298	117.00976548479656	0.549205881087767	1.7590631128161944	291.79432602970417	352.8703159829767
60	0	5.958006623207525	408.22071493213843	117.30822389484662	0.12496309404655669	5.616794218809487	986.7998165155284	1547.0342762880239
0	-5	6.958006623207525	0	111.00729838438403	3.432285365788814	1.0999999999999996	0	0
0	-10	6.958006623207525	0	111.00729838438403	3.432285365788814	1.0999999999999996	0	0
0	-40	6.958006623207525	0	111.00729838438403	3.432285365788814	1.0999999999999996	0	0
-5	40	6.958006623207525	1637.9546028155028	112.32977857405396	0.000000000000000026027927802348313	6.844076191772873	0	0
5	0	5.958006623207525	21.98558971040614	115.8142549136032	1.6836225182036662	1.3411081081234004	348.8932168007617	841.104180157574
60	5	5.958006623207525	734.6616523754017	115.86175593212562	0.11078815330830832	6.087755914960901	1566.1329472492737	1824.9323344875786
-60	5	5.958006623207525	790.1555047287478	109.04299374485798	0.10353362497333868	5.854591420754254	1576.6425589782248	1683.030614707192
-5	-5	6.958006623207525	0	111.00729838438403	3.432285365788814	1.0999999999999996	0	0
-5	-10	6.958006623207525	0	111.00729838438403	3.432285365788814	1.0999999999999996	0	0
-5	-40	6.958006623207525	0	111.00729838438403	3.432285365788814	1.0999999999999996	0	0
-15	40	6.958006623207525	1637.9546028155028	112.32977857405396	0.000000000000000026027927802348313	6.844076191772873	0	0
-60	-5	6.958006623207525	138.0899738297921	107.07770072018562	0.48128341049799256	3.212955728663126	1104.046668748632	372.81298411097504
15	5	5.958006623207525	675.0768906963596	113.08319333623349	0.25152904741300625	3.831610123962703	1721.9338903509476	2833.0954073562684
-5	10	5.958006623207525	1497.3278719870768	112.1636510645057	0.14245571193763204	6.421304370019642	1839.5193832303523	2381.897063647875
-15	-5	6.958006623207525	0	111.00729838438403	3.432285365788814	1.0999999999999996	0	0
-15	-10	6.958006623207525	0	111.00729838438403	3.432285365788814	1.0999999999999996	0	0
-15	-40	6.958006623207525	0	111.00729838438403	3.432285365788814	1.0999999999999996	0	0
-60	40	6.958006623207525	1637.9546028155028	112.32977857405396	0.000000000000000026027927802348313	6.844076191772873	0	0
60	-5	5.958006623207525	143.63161054335893	118.38450119511018	0.17473248072280392	4.135099075241107	489.1197339265683	611.8873579629644
-5	0	5.958006623207525	26.68729307825509	108.57627527419586	2.844696934662767	1.413527191269239	421.6545745983186	407.5250799123996
5	5	5.958006623207525	668.66371163887	112.40520709282895	0.2404809676878787	3.685680725598213	1634.174803143267	2502.228283102178
-60	-10	6.958006623207525	6.017420407479809	106.20135303681688	2.523594593025193	1.6007404820056692	213.13924273883194	4.865300296597217
0	5	5.958006623207525	667.843325558258	112.08261566375363	0.2298327541947048	3.6673782889342523	1626.8575156739923	2463.2990515621755
-60	-40	6.958006623207525	0	111.00729838438403	3.432285365788814	1.0999999999999996	0	0
60	40	5.958006623207525	1637.9546028155028	112.32977857405396	0.000000000000000026027927802348313	6.844076191772873	0	0
60	-10	5.958006623207525	17.82655979008443	119.32775728970854	0.2194257780424314	2.2307956909085145	75.44776804963708	30.527470310739556
-60	0	5.958006623207525	434.97525043997115	107.95021145867702	0.21499707062955253	4.9511911582195385	1790.656749221983	1829.8658472971536
0	0	5.958006623207525	16.451530490255273	111.00729838788487	3.4322853685688677	1.2791022673465853	0.31917223513654996	1.3574605026870756
-60	10	4.958006623207525	1119.2323880378412	110.23999957526618	0.05001383713965524	6.2477826095897475	1292.8986866159014	1501.6228801601283
-15	10	5.958006623207525	1468.6902377685112	111.91091940405056	0.10476040422771363	6.369087609498136	1485.4326313538804	1412.710531867031
60	-40	5.958006623207525	0	111.00729838438403	3.432285365788814	1.0999999999999996	0	0
15	40	5.958006623207525	1637.9546028155028	112.32977857405396	0.000000000000000026027927802348313	6.844076191772873	0	0
15	0	4.958006623207525	52.92909761265226	117.05167402602336	0.45736154427414677	1.754828070156756	289.25274716129655	334.4375376923374
5	10	4.958006623207525	1503.8807369590118	112.46549803244011	0.12161421663745489	6.440003014113201	2068.1937754569585	2445.6018526119597
-15	0	5.958006623207525	67.87473434168355	108.04019159808878	1.2311493610358781	1.7420602998849053	809.7194387057559	304.17756757240727
15	-5	5.958006623207525	0	111.00729838438403	3.432285365788814	1.0999999999999996	0	0
15	-10	5.958006623207525	0	111.00729838438403	3.432285365788814	1.0999999999999996	0	0
15	-40	5.958006623207525	0	111.00729838438403	3.432285365788814	1.0999999999999996	0	0
5	40	5.958006623207525	1637.9546028155028	112.32977857405396	0.000000000000000026027927802348313	6.844076191772873	0	0
-15	5	4.958006623207525	671.4502734566577	111.14833468252465	0.19466997433753241	3.8020061600129087	1580.0420270185152	2586.272517028054
-5	5	4.958006623207525	666.8117637490811	111.7686679660458	0.18443831203890718	3.6727644389683367	1522.0833343020756	2341.101663392828
15	10	4.958006623207525	1479.7393786701587	112.67421085655107	0.09971174535872354	6.396636319437605	1732.2594397344617	1026.432775197915
5	-5	5.958006623207525	0	111.00729838438403	3.432285365788814	1.0999999999999996	0	0
5	-10	5.958006623207525	0	111.00729838438403	3.432285365788814	1.0999999999999996	0	0
5	-40	5.958006623207525	0	111.00729838438403	3.432285365788814	1.0999999999999996	0	0
0	40	5.958006623207525	1637.9546028155028	112.32977857405396	0.000000000000000026027927802348313	6.844076191772873	0	0
60	5	4.958006623207525	734.4852848772551	115.86263941389778	0.09225811923937828	6.086041433842229	1566.8212420184805	1824.085751162706
60	10	4.958006623207525	1108.8618547908143	114.28076094004774	0.08199686780272343	6.274767213179733	2097.0648676083315	2077.180515544246
-60	-5	5.958006623207525	137.2426526511923	107.0737052769945	0.4134288815112334	3.1992930532976014	1098.3618937016486	368.40801053433603
0	-5	5.958006623207525	0	111.00729838438403	3.432285365788814	1.0999999999999996	0	0
0	-10	5.958006623207525	0	111.00729838438403	3.432285365788814	1.0999999999999996	0	0
0	-40	5.958006623207525	0	111.00729838438403	3.432285365788814	1.0999999999999996	0	0
-5	40	5.958006623207525	1637.9546028155028	112.32977857405396	0.000000000000000026027927802348313	6.844076191772873	0	0
15	5	4.958006623207525	674.3803712230927	113.08161908771865	0.2089246135841524	3.8245378366363694	1709.1348064958106	2829.83358307292
60	0	4.958006623207525	407.58184861420534	117.310759951768	0.10408726094909936	5.612695230319087	984.6358102171556	1547.4024829375467
-60	5	4.958006623207525	790.0751867657846	109.04259961785286	0.0862018208348381	5.8530138093011885	1576.5814745397201	1682.4011403829932
-5	-5	5.958006623207525	0	111.00729838438403	3.432285365788814	1.0999999999999996	0	0
-5	-10	5.958006623207525	0	111.00729838438403	3.432285365788814	1.0999999999999996	0	0
-5	-40	5.958006623207525	0	111.00729838438403	3.432285365788814	1.0999999999999996	0	0
-15	40	5.958006623207525	1637.9546028155028	112.32977857405396	0.000000000000000026027927802348313	6.844076191772873	0	0
-5	0	4.958006623207525	25.011040247327188	108.43897191539776	2.612742773877017	1.384167918028055	0.9567283459663692	0.6904320870852088
0	10	3.958006623207525	1501.658442815487	112.3133104549835	0.09814624384882147	6.424655537587027	2146.4788937190256	2643.696905585889
5	5	4.958006623207525	667.209445217853	112.40259704563971	0.1977713285214614	3.6760423602828682	1609.4827830207355	2505.407354998986
-15	-5	5.958006623207525	0	111.00729838438403	3.432285365788814	1.0999999999999996	0	0
-15	-10	5.958006623207525	0	111.00729838438403	3.432285365788814	1.0999999999999996	0	0
-15	-40	5.958006623207525	0	111.00729838438403	3.432285365788814	1.0999999999999996	0	0
-60	40	5.958006623207525	1637.9546028155028	112.32977857405396	0.000000000000000026027927802348313	6.844076191772873	0	0
5	0	4.958006623207525	20.317171347650554	116.22655232997478	1.4040314739795696	1.3320019647743029	340.66504357206315	686.5189782928956
-5	10	4.958006623207525	1498.1713445174332	112.1613006821555	0.12036552020398159	6.422051708904097	1938.5861749459987	2455.5421519774554
0	5	4.958006623207525	666.2885379376002	112.07984276102319	0.18672777051373055	3.6575315343758987	1618.9853487482335	2459.2855212796317
60	-5	4.958006623207525	142.91976096475562	118.38705844471268	0.1455240182605816	4.124221375798166	485.19292071018714	607.7344875563526
-60	-10	5.958006623207525	5.633461860428728	106.1848386076467	2.272006030048901	1.5691336418659947	218.71213043350315	4.171140852100926
-60	-40	5.958006623207525	0	111.00729838438403	3.432285365788814	1.0999999999999996	0	0
60	40	4.958006623207525	1637.9546028155028	112.32977857405396	0.000000000000000026027927802348313	6.844076191772873	0	0
-15	10	4.958006623207525	1469.9921718845449	111.90936346745217	0.08705957305458781	6.372113824076087	1499.2140908802864	1364.435828801499
60	-10	4.958006623207525	17.560562330855024	119.3318761968714	0.18282669598129297	2.218305309393073	74.37094255662595	29.85702484085394
-60	0	4.958006623207525	434.29503129903316	107.94839101159758	0.17948456525565798	4.945029846273341	1796.2380916436725	1839.5069779046548
15	0	3.958006623207525	52.48642072182127	117.08585669568227	0.36534251937889956	1.7513561312979176	287.19982778857644	319.6660589505083
0	0	4.958006623207525	13.675052141527093	111.00729838808101	3.4322853688962627	1.2488756833896455	0.3179724214293641	1.3562933045963559
60	-40	4.958006623207525	0	111.00729838438403	3.432285365788814	1.0999999999999996	0	0
15	40	4.958006623207525	1637.9546028155028	112.32977857405396	0.000000000000000026027927802348313	6.844076191772873	0	0
-15	0	4.958006623207525	67.3048845362355	108.01227876102598	1.0350753761747709	1.7255042354117114	818.560061866958	295.3158508971819
-60	5	3.958006623207525	790.0095554133571	109.04227767632962	0.06884505338087506	5.8517243932480065	1576.5213202642135	1681.8854596247077
-60	10	3.958006623207525	1119.6106905130434	110.24137513543542	0.039926038948406024	6.247473853102918	1293.8975301690682	1500.6366185504958
15	-5	4.958006623207525	0	111.00729838438403	3.432285365788814	1.0999999999999996	0	0
15	-10	4.958006623207525	0	111.00729838438403	3.432285365788814	1.0999999999999996	0	0
15	-40	4.958006623207525	0	111.00729838438403	3.432285365788814	1.0999999999999996	0	0
5	40	4.958006623207525	1637.9546028155028	112.32977857405396	0.000000000000000026027927802348313	6.844076191772873	0	0
15	10	3.958006623207525	1480.484620073426	112.67500162820377	0.07971292176650843	6.397707871904581	1748.291575273374	1010.097616202349
60	0	3.958006623207525	407.0599825657463	117.31282855224482	0.08315765655596101	5.609337826991609	982.8642123617724	1547.7062205442164
0	10	2.958006623207525	1501.658442815497	112.31331045498345	0.07329777594597767	6.423153904731309	2139.665829093329	2640.899502733601
5	-5	4.958006623207525	0	111.00729838438403	3.432285365788814	1.0999999999999996	0	0
5	-10	4.958006623207525	0	111.00729838438403	3.432285365788814	1.0999999999999996	0	0
5	-40	4.958006623207525	0	111.00729838438403	3.432285365788814	1.0999999999999996	0	0
0	40	4.958006623207525	1637.9546028155028	112.32977857405396	0.000000000000000026027927802348313	6.844076191772873	0	0
-15	5	3.958006623207525	670.9038034090826	111.14922381399957	0.15522906008585047	3.7965490610532573	1572.5084383354474	2584.6917778141715
-5	5	3.958006623207525	665.812249872885	111.7696086066236	0.14506192519265088	3.6658708829919964	1480.7760262717306	2329.6421104534884
60	10	3.958006623207525	1109.2888747130778	114.27927160922687	0.06549132694033734	6.274057625952125	2100.8079650958866	2074.7218846509504
0	-5	4.958006623207525	0	111.00729838438403	3.432285365788814	1.0999999999999996	0	0
0	-10	4.958006623207525	0	111.00729838438403	3.432285365788814	1.0999999999999996	0	0
0	-40	4.958006623207525	0	111.00729838438403	3.432285365788814	1.0999999999999996	0	0
-5	40	4.958006623207525	1637.9546028155028	112.32977857405396	0.000000000000000026027927802348313	6.844076191772873	0	0
60	5	3.958006623207525	734.3407731238232	115.86336323977068	0.07369325386531823	6.084639540046542	1567.4196761931812	1823.3879964728278
60	-5	3.958006623207525	142.34041555473095	118.38914760230816	0.11625042557970942	4.11534857761274	482.00984144081906	604.3575448080961
-60	-5	4.958006623207525	136.52932155149838	107.07031196617504	0.34496988057866185	3.187757427093709	1093.6034110238352	364.6947274537075
-5	-5	4.958006623207525	0	111.00729838438403	3.432285365788814	1.0999999999999996	0	0
-5	-10	4.958006623207525	0	111.00729838438403	3.432285365788814	1.0999999999999996	0	0
-5	-40	4.958006623207525	0	111.00729838438403	3.432285365788814	1.0999999999999996	0	0
-15	40	4.958006623207525	1637.9546028155028	112.32977857405396	0.000000000000000026027927802348313	6.844076191772873	0	0
-60	0	3.958006623207525	433.74410115570566	107.94688097507684	0.14364793335103343	4.940056906227908	1801.9367163098184	1847.8147931299688
5	10	3.958006623207525	1504.1751333514908	112.46653589054698	0.09751351571968611	6.439131916848112	2105.008278397173	2531.3896145004305
15	5	3.958006623207525	673.8005822886068	113.0803061983719	0.16649934855778134	3.818730944620189	1697.9223412539243	2827.372627507892
-15	-5	4.958006623207525	0	111.00729838438403	3.432285365788814	1.0999999999999996	0	0
-15	-10	4.958006623207525	0	111.00729838438403	3.432285365788814	1.0999999999999996	0	0
-15	-40	4.958006623207525	0	111.00729838438403	3.432285365788814	1.0999999999999996	0	0
-60	40	4.958006623207525	1637.9546028155028	112.32977857405396	0.000000000000000026027927802348313	6.844076191772873	0	0
5	0	3.958006623207525	19.005180217977003	116.56964288101072	1.118674257148373	1.324614179180416	314.1262076863508	511.0762124885313
0	0	3.958006623207525	10.906969532099188	111.00729838824769	3.432285369247207	1.2187405010196066	0.3170298922538986	1.3554241399160265
-5	0	3.958006623207525	23.692666194323213	108.29202424197996	2.2627701555756645	1.3553320698650504	649.7573819983106	344.78161338446
5	5	3.958006623207525	665.918023278799	112.39981869272118	0.15581757780660252	3.6677827882021843	1573.668893997346	2510.518830130831
-60	-10	4.958006623207525	5.311431244569995	106.16978041674284	1.9783405702414232	1.540561412738169	223.67467155996528	3.5826373978836967
-60	-40	4.958006623207525	0	111.00729838438403	3.432285365788814	1.0999999999999996	0	0
60	40	3.958006623207525	1637.9546028155028	112.32977857405396	0.000000000000000026027927802348313	6.844076191772873	0	0
0	5	3.958006623207525	664.7384518098381	112.07706533065564	0.14355240436859593	3.6484356615499216	1612.2748619548831	2455.8722657680505
-15	10	3.958006623207525	1471.0542896585664	111.90808942614495	0.06942371753152306	6.374581292359155	1510.4849614771933	1324.8173329415326
-5	10	3.958006623207525	1498.6960189793808	112.15972821970831	0.0972967548606213	6.422038750892845	2030.3387176049446	2542.3901341317833
60	-10	3.958006623207525	17.345094717548513	119.3352357244659	0.14609756433824006	2.208093723336983	73.48145137810978	29.30353268587697
0	5	2.958006623207525	663.1969582826614	112.07433534260764	0.10030753787985644	3.640103682849859	1599.5387393393416	2426.5618997341894
60	-40	3.958006623207525	0	111.00729838438403	3.432285365788814	1.0999999999999996	0	0
15	40	3.958006623207525	1637.9546028155028	112.32977857405396	0.000000000000000026027927802348313	6.844076191772873	0	0
-15	0	3.958006623207525	66.84265883483991	107.98898835516071	0.8332424749503576	1.7117721626519582	825.5512836013256	287.98718775301097
-60	10	2.958006623207525	1119.9042399567732	110.24244249837487	0.02983843840259218	6.247234605246058	1294.6754291054026	1499.8702962394427
5	0	2.958006623207525	18.04182044598821	116.82776594599311	0.8359092443452238	1.3186208771797832	295.7138020774398	394.5352865139874
15	-5	3.958006623207525	0	111.00729838438403	3.432285365788814	1.0999999999999996	0	0
15	-10	3.958006623207525	0	111.00729838438403	3.432285365788814	1.0999999999999996	0	0
15	-40	3.958006623207525	0	111.00729838438403	3.432285365788814	1.0999999999999996	0	0
5	40	3.958006623207525	1637.9546028155028	112.32977857405396	0.000000000000000026027927802348313	6.844076191772873	0	0
5	5	2.958006623207525	664.845785629859	112.39702000733666	0.11489298368983125	3.661114915209914	1533.7182275313337	2524.0315935473777
-5	5	2.958006623207525	664.9633922776727	111.77096471229584	0.10681958544678812	3.660257929218724	1432.1900528337628	2323.4000484411636
0	5	1.9580066232075248	662.178371504573	112.07428151617626	0.060644771440252	3.6345970137905534	1273.6584733427824	2280.7303388918567
5	-5	3.958006623207525	0	111.00729838438403	3.432285365788814	1.0999999999999996	0	0
5	-10	3.958006623207525	0	111.00729838438403	3.432285365788814	1.0999999999999996	0	0
5	-40	3.958006623207525	0	111.00729838438403	3.432285365788814	1.0999999999999996	0	0
0	40	3.958006623207525	1637.9546028155028	112.32977857405396	0.000000000000000026027927802348313	6.844076191772873	0	0
5	10	2.958006623207525	1504.3142623350159	112.46701561719809	0.07307311009089698	6.4381302214364595	2129.3239911534633	2613.126788911672
0	10	1.9580066232075248	1501.6584428154968	112.3133104549835	0.0484940919668656	6.4220890845208825	2134.878729431532	2638.927321655593
-60	5	2.958006623207525	789.9586287224266	109.04202793816219	0.05146835704701481	5.850723686976492	1576.469906189469	1681.4821482849209
0	-5	3.958006623207525	0	111.00729838438403	3.432285365788814	1.0999999999999996	0	0
0	-10	3.958006623207525	0	111.00729838438403	3.432285365788814	1.0999999999999996	0	0
0	-40	3.958006623207525	0	111.00729838438403	3.432285365788814	1.0999999999999996	0	0
-5	40	3.958006623207525	1637.9546028155028	112.32977857405396	0.000000000000000026027927802348313	6.844076191772873	0	0
15	5	2.958006623207525	673.3427221833293	113.07926737320977	0.1242395700026294	3.814202963453746	1688.3804946015618	2825.6258764353433
-15	5	2.958006623207525	670.4725158191832	111.14991794730243	0.11588349435857542	3.7922932676328727	1565.8507336234672	2583.573978022613
60	5	2.958006623207525	734.2283716948348	115.86392618511057	0.05510006695854658	6.083551142141531	1567.9322126899099	1822.8433658183892
-5	-5	3.958006623207525	0	111.00729838438403	3.432285365788814	1.0999999999999996	0	0
-5	-10	3.958006623207525	0	111.00729838438403	3.432285365788814	1.0999999999999996	0	0
-5	-40	3.958006623207525	0	111.00729838438403	3.432285365788814	1.0999999999999996	0	0
-15	40	3.958006623207525	1637.9546028155028	112.32977857405396	0.000000000000000026027927802348313	6.844076191772873	0	0
60	10	2.958006623207525	1109.6202937229455	114.27811651160478	0.0489640507969736	6.27350752745704	2103.8022674961835	2072.8560545387027
15	0	2.958006623207525	52.14499075257484	117.11234347083199	0.27317448344459183	1.7486549035981864	285.6346642753627	308.5005234493436
-60	-5	3.958006623207525	135.94857082761598	107.06752898204284	0.2760024510394428	3.1783429928258697	1089.749409918923	361.66838156635714
-15	-5	3.958006623207525	0	111.00729838438403	3.432285365788814	1.0999999999999996	0	0
-15	-10	3.958006623207525	0	111.00729838438403	3.432285365788814	1.0999999999999996	0	0
-15	-40	3.958006623207525	0	111.00729838438403	3.432285365788814	1.0999999999999996	0	0
-60	40	3.958006623207525	1637.9546028155028	112.32977857405396	0.000000000000000026027927802348313	6.844076191772873	0	0
60	-5	2.958006623207525	141.89231082190364	118.39076840563868	0.08692462736011802	4.1084734289052	479.553390763763	601.7335425535499
15	10	2.958006623207525	1481.05849037505	112.67563071802832	0.059637401325884985	6.398523533256555	1760.3827880571948	997.3767392312287
60	0	2.958006623207525	406.65514770831265	117.31443138455153	0.06218495141957697	5.60672768588792	981.4826634442629	1547.9416086512617
-60	-10	3.958006623207525	5.0500767370814215	106.15660216626527	1.6425826316574441	1.5157345079749753	227.9069753450213	3.100147413040048
-15	10	2.958006623207525	1471.877368611757	111.90709920597968	0.05183944846946933	6.376492620415435	1519.2072475369068	1293.866312966886
-60	-40	3.958006623207525	0	111.00729838438403	3.432285365788814	1.0999999999999996	0	0
60	40	2.958006623207525	1637.9546028155028	112.32977857405396	0.000000000000000026027927802348313	6.844076191772873	0	0
-60	0	2.958006623207525	433.32024006662954	107.94569019143421	0.10755498396669533	4.9362572374284985	1806.3901527096368	1852.935566687747
60	-10	2.958006623207525	17.17906733440432	119.33783864158556	0.10926839787715281	2.2001667329997185	72.79784484455035	28.88095843469221
-5	0	2.958006623207525	22.724365246864973	108.1533412467248	1.7969471174818032	1.3293659125460142	728.6987094109951	307.18782736063747
-5	10	2.958006623207525	1498.9330168295355	112.15901947628586	0.07329123092054848	6.421394510093124	2109.2744213138612	2629.724740902766
-60	5	1.9580066232075248	789.922419922972	109.04185041338245	0.03407676268761996	5.850012089255875	1576.4290729853385	1681.1912376106836
60	-40	2.958006623207525	0	111.00729838438403	3.432285365788814	1.0999999999999996	0	0
15	40	2.958006623207525	1637.9546028155028	112.32977857405396	0.000000000000000026027927802348313	6.844076191772873	0	0
0	0	2.958006623207525	8.145565004373188	111.00729838838977	3.4322853696164763	1.1886780206761878	0.31627873035317594	1.3546951294203158
-15	0	2.958006623207525	66.48609565658889	107.9706162708522	0.626764523684059	1.7009895386662717	830.8354525081966	282.25019305302277
15	0	1.9580066232075248	51.90332559836491	117.13115622967993	0.1808894798616386	1.7467304606137342	284.5198858761793	300.5898876489312
15	-5	2.958006623207525	0	111.00729838438403	3.432285365788814	1.0999999999999996	0	0
15	-10	2.958006623207525	0	111.00729838438403	3.432285365788814	1.0999999999999996	0	0
15	-40	2.958006623207525	0	111.00729838438403	3.432285365788814	1.0999999999999996	0	0
5	40	2.958006623207525	1637.9546028155028	112.32977857405396	0.000000000000000026027927802348313	6.844076191772873	0	0
-60	10	1.9580066232075248	1120.1129559398248	110.24320138944485	0.019750998764548985	6.247064676960588	1295.2260435505766	1499.3201232105139
60	10	1.9580066232075248	1109.8559311664044	114.27729559460349	0.03242008092617286	6.273116474973873	2105.9543561756086	2071.538057586052
0	10	0.9580066232075248	1501.6584428154968	112.3133104549835	0.023719992826339135	6.421458473454718	2132.105965698326	2637.778502195447
5	-5	2.958006623207525	0	111.00729838438403	3.432285365788814	1.0999999999999996	0	0
5	-10	2.958006623207525	0	111.00729838438403	3.432285365788814	1.0999999999999996	0	0
5	-40	2.958006623207525	0	111.00729838438403	3.432285365788814	1.0999999999999996	0	0
0	40	2.958006623207525	1637.9546028155028	112.32977857405396	0.000000000000000026027927802348313	6.844076191772873	0	0
60	0	1.9580066232075248	406.36736792188316	117.31556977001758	0.041179933228147975	5.604869235828835	980.4947441916323	1548.1043574906662
-5	10	1.9580066232075248	1498.9668436032566	112.15900606601724	0.048576206664473466	6.420443910962902	2143.012517475962	2669.2682180797306
15	10	1.9580066232075248	1481.4641889500235	112.6760860537765	0.039505873356862606	6.399095148745052	1768.7946815968642	988.3076587720717
0	-5	2.958006623207525	0	111.00729838438403	3.432285365788814	1.0999999999999996	0	0
0	-10	2.958006623207525	0	111.00729838438403	3.432285365788814	1.0999999999999996	0	0
0	-40	2.958006623207525	0	111.00729838438403	3.432285365788814	1.0999999999999996	0	0
-5	40	2.958006623207525	1637.9546028155028	112.32977857405396	0.000000000000000026027927802348313	6.844076191772873	0	0
15	5	1.9580066232075248	673.0120663743802	113.07851538761511	0.08212816239714484	3.810968826929674	1680.595777948323	2824.4943810037944
5	0	1.9580066232075248	17.383985523109885	117.00753320754346	0.5536607774112356	1.3142087860409344	283.7572237860976	320.99357930709454
-60	-5	2.958006623207525	135.49925569580233	107.06536314316686	0.20662556797019696	3.1710450593129775	1086.7787751848812	359.32454902791386
-5	-5	2.958006623207525	0	111.00729838438403	3.432285365788814	1.0999999999999996	0	0
-5	-10	2.958006623207525	0	111.00729838438403	3.432285365788814	1.0999999999999996	0	0
-5	-40	2.958006623207525	0	111.00729838438403	3.432285365788814	1.0999999999999996	0	0
-15	40	2.958006623207525	1637.9546028155028	112.32977857405396	0.000000000000000026027927802348313	6.844076191772873	0	0
5	5	1.9580066232075248	664.0455497787066	112.3945549915749	0.0751102326518418	3.656237250199593	1492.9333474131447	2541.7996116212375
60	5	1.9580066232075248	734.1483127448814	115.86432713352129	0.03648506355331472	6.082776966571754	1568.367019245841	1822.459681472377
-5	5	1.9580066232075248	664.2999369404479	111.77249627516674	0.0698583085673211	3.656045121079243	1386.7188490421377	2329.1038774797116
-15	-5	2.958006623207525	0	111.00729838438403	3.432285365788814	1.0999999999999996	0	0
-15	-10	2.958006623207525	0	111.00729838438403	3.432285365788814	1.0999999999999996	0	0
-15	-40	2.958006623207525	0	111.00729838438403	3.432285365788814	1.0999999999999996	0	0
-60	40	2.958006623207525	1637.9546028155028	112.32977857405396	0.000000000000000026027927802348313	6.844076191772873	0	0
5	10	1.9580066232075248	1504.3474348907912	112.46706878303922	0.04840678644924641	6.437179387545196	2142.2097790608514	2666.8704554640185
60	-5	1.9580066232075248	141.5744714260491	118.39192064698601	0.05755968984100984	4.103590347916	477.84660285014553	599.9714273761202
-15	5	1.9580066232075248	670.1629855139876	111.15041791934419	0.076638026653058	3.789259902472174	1559.9482146998118	2582.8524660068615
5	10	-0.04199337679247517	1504.3460833302101	112.46698029111896	-0.001037790871155697	6.436340392178998	2139.370898263132	2667.75494794375
-60	-10	2.958006623207525	4.848381811120119	106.1457547877762	1.267501599783008	1.4954145048102452	231.30396006237967	2.7244496683905473
-60	-40	2.958006623207525	0	111.00729838438403	3.432285365788814	1.0999999999999996	0	0
60	40	1.9580066232075248	1637.9546028155028	112.32977857405396	0.000000000000000026027927802348313	6.844076191772873	0	0
60	-10	1.9580066232075248	17.061639199389337	119.33968719637086	0.07236678135518543	2.1945288869663475	72.33984629810985	28.603808794454096
-15	10	1.9580066232075248	1472.4620083202776	111.90639429813102	0.03429356877704368	6.37784981963763	1525.455236332419	1272.0695575296145
-5	0	1.9580066232075248	22.06302333409297	108.0416586564382	1.2405046595723388	1.3088950746273662	777.5182011878343	276.352198939136
15	0	0.9580066232075248	51.76038027236789	117.14230978689376	0.08852439105251601	1.7455872130109877	283.8624398886043	295.94881586647443
-60	0	1.9580066232075248	432.6449198846621	107.94291462264056	0.073785351656612	4.934131541122377	1806.8717355741119	1853.095384698357
60	-40	1.9580066232075248	0	111.00729838438403	3.432285365788814	1.0999999999999996	0	0
15	40	1.9580066232075248	1637.9546028155028	112.32977857405396	0.000000000000000026027927802348313	6.844076191772873	0	0
-15	0	1.9580066232075248	66.23368973537578	107.95739382534339	0.4167871160263248	1.693255045679793	834.5171461278717	278.1443802558111
-15	5	-0.04199337679247517	669.9211770200691	111.15081452100274	-0.0016424880458926331	3.7868951129795967	1555.1914611585669	2582.3853844830883
0	0	1.9580066232075248	5.389137302523867	111.00729838849844	3.4322853700096916	1.158669721360529	0.3157174851896054	1.354106499914093
15	-5	1.9580066232075248	0	111.00729838438403	3.432285365788814	1.0999999999999996	0	0
15	-10	1.9580066232075248	0	111.00729838438403	3.432285365788814	1.0999999999999996	0	0
15	-40	1.9580066232075248	0	111.00729838438403	3.432285365788814	1.0999999999999996	0	0
5	40	1.9580066232075248	1637.9546028155028	112.32977857405396	0.000000000000000026027927802348313	6.844076191772873	0	0
-60	5	0.9580066232075248	789.9009384339769	109.04174510899375	0.016675304821173523	5.849589883668198	1576.3975985540383	1681.011692676424
0	5	0.9580066232075248	662.1629712154986	112.07433684069687	0.029590282362489922	3.633747946262496	1172.9096991393253	2257.3405728110197
-5	10	-0.04199337679247517	1498.970802300805	112.15908956171343	-0.0010415123696443467	6.419616596772809	2139.37110259183	2667.7552219590116
5	-5	1.9580066232075248	0	111.00729838438403	3.432285365788814	1.0999999999999996	0	0
5	-10	1.9580066232075248	0	111.00729838438403	3.432285365788814	1.0999999999999996	0	0
5	-40	1.9580066232075248	0	111.00729838438403	3.432285365788814	1.0999999999999996	0	0
0	40	1.9580066232075248	1637.9546028155028	112.32977857405396	0.000000000000000026027927802348313	6.844076191772873	0	0
60	10	0.9580066232075248	1109.9957237405706	114.27680871594617	0.015865020666362736	6.27288448762681	2107.2236822357977	2070.74545579613
60	5	0.9580066232075248	734.1007840479116	115.8645651756177	0.017854940665429354	6.082317549545883	1568.6596655485837	1822.226882053407
15	5	0.9580066232075248	672.8139777253004	113.07806211724213	0.04014412600617965	3.809044846337575	1674.7785476034105	2823.8826225981657
0	-5	1.9580066232075248	0	111.00729838438403	3.432285365788814	1.0999999999999996	0	0
0	-10	1.9580066232075248	0	111.00729838438403	3.432285365788814	1.0999999999999996	0	0
0	-40	1.9580066232075248	0	111.00729838438403	3.432285365788814	1.0999999999999996	0	0
-5	40	1.9580066232075248	1637.9546028155028	112.32977857405396	0.000000000000000026027927802348313	6.844076191772873	0	0
60	-5	0.9580066232075248	141.38620658105427	118.39260417637925	0.02816878618769366	4.100695389985454	476.7881957720443	598.7722605067119
5	5	0.9580066232075248	663.563383890973	112.39285272895033	0.03643685873606333	3.6533211413460993	1459.0836130726425	2556.724151048892
60	0	0.9580066232075248	406.1966601245368	117.31624465414733	0.020153477829977045	5.6037656383556556	979.90475673141	1548.1947556921639
-5	-5	1.9580066232075248	0	111.00729838438403	3.432285365788814	1.0999999999999996	0	0
-5	-10	1.9580066232075248	0	111.00729838438403	3.432285365788814	1.0999999999999996	0	0
-5	-40	1.9580066232075248	0	111.00729838438403	3.432285365788814	1.0999999999999996	0	0
-15	40	1.9580066232075248	1637.9546028155028	112.32977857405396	0.000000000000000026027927802348313	6.844076191772873	0	0
0	10	-0.04199337679247517	1501.6584428154983	112.31331045498345	-0.001039648290062224	6.421260532437455	2130.9332909346285	2637.3185516657077
-60	-5	1.9580066232075248	135.18049224915546	107.063819817669	0.13694058998600628	3.1658600451710246	1084.676741275802	357.6599614369507
5	0	0.9580066232075248	17.003855112293337	117.11285778471466	0.271071709821069	1.3115282756719762	277.081458426926	280.6696408969875
-15	-5	1.9580066232075248	0	111.00729838438403	3.432285365788814	1.0999999999999996	0	0
-15	-10	1.9580066232075248	0	111.00729838438403	3.432285365788814	1.0999999999999996	0	0
-15	-40	1.9580066232075248	0	111.00729838438403	3.432285365788814	1.0999999999999996	0	0
-60	40	1.9580066232075248	1637.9546028155028	112.32977857405396	0.000000000000000026027927802348313	6.844076191772873	0	0
-60	10	0.9580066232075248	1120.2367813295573	110.24365161353647	0.009663671832409031	6.246963933497119	1295.5493340627943	1498.9883363106244
5	10	0.9580066232075248	1504.3464583448713	112.46700169482556	0.02367760916616757	6.436541017805871	2140.1401437791856	2668.0837445911725
15	10	0.9580066232075248	1481.7039689540854	112.6763593035233	0.019337881203805807	6.399431025549893	1773.7143945030878	982.9163107877515
-60	-10	1.9580066232075248	4.7055616193471	106.1376726732167	0.8590669602025941	1.4803382674921175	233.77983648942464	2.456480923064305
-15	10	0.9580066232075248	1472.8086331033744	111.90597576114087	0.016773023679129348	6.378654314420666	1529.148883451546	1259.0600021574664
-60	-40	1.9580066232075248	0	111.00729838438403	3.432285365788814	1.0999999999999996	0	0
60	40	0.9580066232075248	1637.9546028155028	112.32977857405396	0.000000000000000026027927802348313	6.844076191772873	0	0
60	-10	0.9580066232075248	16.992214758718774	119.3407830417562	0.03541833741280754	2.1911834410723743	72.03980850310231	28.416936007927763
-5	5	0.9580066232075248	663.8879605880583	111.77366453577332	0.03393190017137076	3.653479222195937	1358.3918370857555	2340.251458411884
-15	5	0.9580066232075248	669.9790122855119	111.15071915027063	0.037476898009811396	3.787460384340073	1556.2848109173447	2582.4583834314694
-5	10	0.9580066232075248	1498.9704272861436	112.15906800421423	0.023762528494767246	6.419815604233321	2140.1401768523992	2668.083672376243
-5	5	-0.04199337679247517	663.756374622135	111.77407069544182	-0.0014840264604480203	3.652665479179342	1350.005402041373	2344.9246455681023
60	-40	0.9580066232075248	0	111.00729838438403	3.432285365788814	1.0999999999999996	0	0
15	40	0.9580066232075248	1637.9546028155028	112.32977857405396	0.000000000000000026027927802348313	6.844076191772873	0	0
0	0	0.9580066232075248	2.63599735564332	111.00729838857018	3.4322853704290095	1.1286972147264236	0.3154087096933505	1.3538162156743396
0	5	-0.04199337679247517	662.1629712154988	112.07433684069682	-0.0012969433290301422	3.633501018253922	1172.4870802139992	2257.1094190443587
-5	0	0.9580066232075248	21.680814763300702	107.97025670526706	0.6220119657648929	1.29593165143188	803.9534879075353	256.89653680021667
15	-5	0.9580066232075248	0	111.00729838438403	3.432285365788814	1.0999999999999996	0	0
15	-10	0.9580066232075248	0	111.00729838438403	3.432285365788814	1.0999999999999996	0	0
15	-40	0.9580066232075248	0	111.00729838438403	3.432285365788814	1.0999999999999996	0	0
5	40	0.9580066232075248	1637.9546028155028	112.32977857405396	0.000000000000000026027927802348313	6.844076191772873	0	0
5	0	-0.04199337679247517	16.88594906945053	117.14575613209597	-0.011885183800308946	1.3106761320430516	275.0374607897017	268.44425485895937
-60	0	0.9580066232075248	432.8470505142654	107.94431472231445	0.03488203446738797	4.932032358957387	1806.9373635865381	1852.9648758343837
60	5	-0.04199337679247517	734.0858501218318	115.86463997361506	-0.0007827059547449413	6.08217320155062	1568.760685091905	1822.1483387652738
5	-5	0.9580066232075248	0	111.00729838438403	3.432285365788814	1.0999999999999996	0	0
5	-10	0.9580066232075248	0	111.00729838438403	3.432285365788814	1.0999999999999996	0	0
5	-40	0.9580066232075248	0	111.00729838438403	3.432285365788814	1.0999999999999996	0	0
0	40	0.9580066232075248	1637.9546028155028	112.32977857405396	0.000000000000000026027927802348313	6.844076191772873	0	0
-15	0	0.9580066232075248	66.08437968241222	107.94948641842181	0.20448000216077303	1.688639565037005	836.6712277897586	275.69724264299464
-60	10	-0.04199337679247517	1120.2756822515828	110.24379305496085	-0.0004235981600541056	6.246932294784699	1295.6546603598256	1498.8766497167417
0	10	-1.0419933767924752	1501.6584428155163	112.31331045498357	-0.025799922925420358	6.421494778789215	2132.17139452929	2637.813581357825
0	-5	0.9580066232075248	0	111.00729838438403	3.432285365788814	1.0999999999999996	0	0
0	-10	0.9580066232075248	0	111.00729838438403	3.432285365788814	1.0999999999999996	0	0
0	-40	0.9580066232075248	0	111.00729838438403	3.432285365788814	1.0999999999999996	0	0
-5	40	0.9580066232075248	1637.9546028155028	112.32977857405396	0.000000000000000026027927802348313	6.844076191772873	0	0
5	5	-0.04199337679247517	663.4117468276055	112.39227567721034	-0.0015928699562685299	3.652405585057566	1448.2929015190277	2562.2049364150243
15	5	-0.04199337679247517	672.7517429703985	113.07791818405596	-0.0017591189718056263	3.808440712689363	1672.7588958191814	2823.7019929468865
15	0	-0.04199337679247517	51.715538245717504	117.14581263889878	-0.0038806581961075386	1.7452278142582278	283.656887392529	294.50739010780916
-5	-5	0.9580066232075248	0	111.00729838438403	3.432285365788814	1.0999999999999996	0	0
-5	-10	0.9580066232075248	0	111.00729838438403	3.432285365788814	1.0999999999999996	0	0
-5	-40	0.9580066232075248	0	111.00729838438403	3.432285365788814	1.0999999999999996	0	0
-15	40	0.9580066232075248	1637.9546028155028	112.32977857405396	0.000000000000000026027927802348313	6.844076191772873	0	0
60	10	-0.04199337679247517	1110.039640203264	114.27665578123121	-0.0006954655215762762	6.272811608637867	2107.605705652452	2070.4795040907266
60	0	-0.04199337679247517	406.14303432924254	117.31645660025822	-0.000883480277263813	5.603418774094117	979.724503421761	1548.2267252029642
-60	-5	0.9580066232075248	134.9916543513754	107.06290286383852	0.06705068243151786	3.1627854352236744	1083.4323209259012	356.6723422475543
-15	-5	0.9580066232075248	0	111.00729838438403	3.432285365788814	1.0999999999999996	0	0
-15	-10	0.9580066232075248	0	111.00729838438403	3.432285365788814	1.0999999999999996	0	0
-15	-40	0.9580066232075248	0	111.00729838438403	3.432285365788814	1.0999999999999996	0	0
-60	40	0.9580066232075248	1637.9546028155028	112.32977857405396	0.000000000000000026027927802348313	6.844076191772873	0	0
60	-5	-0.04199337679247517	141.3271075148011	118.39281890393744	-0.001234839118981702	4.099786224262337	476.50266315768215	598.5417044246288
0	5	-2.041993376792475	662.20899622085	112.07419175412944	-0.06353244498434005	3.634811984298441	1333.3616598131764	2289.382203294468
60	-10	-0.04199337679247517	16.970441622695276	119.34112718025618	-0.0015526818173703554	2.1901323343945296	71.96033670798886	28.370093459808494
-60	-10	0.9580066232075248	4.621060213294546	106.13272015438578	0.42641173254262354	1.4711255223472604	235.27254778005872	2.297117467006507
15	10	-0.04199337679247517	1481.7791586952674	112.67644562142351	-0.0008477767596353117	6.39953604745668	1775.2391848912753	981.2114620018514
-60	-40	0.9580066232075248	0	111.00729838438403	3.432285365788814	1.0999999999999996	0	0
60	40	-0.04199337679247517	1637.9546028155028	112.32977857405396	0.000000000000000026027927802348313	6.844076191772873	0	0
-60	5	-0.04199337679247517	789.8941898482382	109.04171202909994	-0.0007309796053991079	5.84945723847585	1576.3907461840342	1680.9537332688142
-15	10	-0.04199337679247517	1472.9174939218487	111.90584422235091	-0.0007351479775855971	6.3789069475811315	1530.3369772998487	1254.6739033145695
15	5	-1.0419933767924752	672.825395450732	113.07808842514464	-0.04366605565386175	3.8091556642015747	1675.147468990153	2823.9157301621913
-60	0	-0.04199337679247517	432.791518880714	107.9441544351536	-0.0015293007892437356	4.931535896294829	1806.9615059589846	1852.9182777438555
0	10	-2.041993376792475	1501.658442815488	112.31331045498345	-0.05057592416766596	6.422161783742358	2135.009997714737	2638.9978034873448
60	-40	-0.04199337679247517	0	111.00729838438403	3.432285365788814	1.0999999999999996	0	0
15	40	-0.04199337679247517	1637.9546028155028	112.32977857405396	0.000000000000000026027927802348313	6.844076191772873	0	0
5	0	-1.0419933767924752	17.02555346181786	117.10681555837598	-0.2948231582793261	1.3116840065993494	277.46354404458634	282.9726752667328
0	0	-0.04199337679247517	0.11553587575203016	111.00729838857927	-3.4322853708595447	1.10125780013701	156.0850586663014	994.5543652604398
15	0	-1.0419933767924752	51.76860635555926	117.14166740977144	-0.0962839450893493	1.7456531036609295	283.8991524393622	296.2053271040141
15	-5	-0.04199337679247517	0	111.00729838438403	3.432285365788814	1.0999999999999996	0	0
15	-10	-0.04199337679247517	0	111.00729838438403	3.432285365788814	1.0999999999999996	0	0
15	-40	-0.04199337679247517	0	111.00729838438403	3.432285365788814	1.0999999999999996	0	0
5	40	-0.04199337679247517	1637.9546028155028	112.32977857405396	0.000000000000000026027927802348313	6.844076191772873	0	0
-5	0	-0.04199337679247517	21.562256221297737	107.94703281871439	-0.027474470957452545	1.2917304041616715	811.8938253732987	250.63356703077642
60	-5	-1.0419933767924752	141.39704596894495	118.39256480128287	-0.03063790654818858	4.100862119930315	476.8415319547913	598.8168115958613
60	5	-1.0419933767924752	734.1035223610131	115.86455146067634	-0.01942002276520662	6.082344017717175	1568.6431384529794	1822.2407280782702
5	-5	-0.04199337679247517	0	111.00729838438403	3.432285365788814	1.0999999999999996	0	0
5	-10	-0.04199337679247517	0	111.00729838438403	3.432285365788814	1.0999999999999996	0	0
5	-40	-0.04199337679247517	0	111.00729838438403	3.432285365788814	1.0999999999999996	0	0
0	40	-0.04199337679247517	1637.9546028155028	112.32977857405396	0.000000000000000026027927802348313	6.844076191772873	0	0
5	5	-1.0419933767924752	663.5911221598308	112.39295614352324	-0.03965077288507098	3.6534888190992136	1461.0636799280244	2555.7621591386533
-15	0	-0.04199337679247517	66.03720651403181	107.9469996482206	-0.008959976800196529	1.6871809232718193	837.343056750775	274.92460048656994
5	10	-1.0419933767924752	1504.3465271222415	112.4670056202591	-0.02575382160077722	6.436577815508702	2140.3115525442417	2668.156815046793
0	-5	-0.04199337679247517	0	111.00729838438403	3.432285365788814	1.0999999999999996	0	0
0	-10	-0.04199337679247517	0	111.00729838438403	3.432285365788814	1.0999999999999996	0	0
0	-40	-0.04199337679247517	0	111.00729838438403	3.432285365788814	1.0999999999999996	0	0
-5	40	-0.04199337679247517	1637.9546028155028	112.32977857405396	0.000000000000000026027927802348313	6.844076191772873	0	0
60	10	-1.0419933767924752	1109.9876707419999	114.27683676077105	-0.0172557138733822	6.272897851553605	2107.1515441967986	2070.7914665159415
-15	5	-1.0419933767924752	669.9896155527322	111.15070170026917	-0.040763700874705586	3.787564041481548	1556.4976359317552	2582.48558040909
-60	-5	-0.04199337679247517	134.93237144407314	107.06261458713848	-0.0029397813174085745	3.161819749535442	1083.0725971733334	356.3681996531094
-5	-5	-0.04199337679247517	0	111.00729838438403	3.432285365788814	1.0999999999999996	0	0
-5	-10	-0.04199337679247517	0	111.00729838438403	3.432285365788814	1.0999999999999996	0	0
-5	-40	-0.04199337679247517	0	111.00729838438403	3.432285365788814	1.0999999999999996	0	0
-15	40	-0.04199337679247517	1637.9546028155028	112.32977857405396	0.000000000000000026027927802348313	6.844076191772873	0	0
60	0	-1.0419933767924752	406.20649367799655	117.31620578568764	-0.021919977814648203	5.603829234626502	979.9388231312554	1548.1898676593287
0	5	-1.0419933767924752	662.1629712155138	112.07433684069693	-0.03218495932452603	3.633793236541732	1172.9860387308966	2257.381597273699
-5	10	-1.0419933767924752	1498.9703585085288	112.15906405057275	-0.025846189596100216	6.419852105197862	2140.311511444859	2668.1531487329617
-15	-5	-0.04199337679247517	0	111.00729838438403	3.432285365788814	1.0999999999999996	0	0
-15	-10	-0.04199337679247517	0	111.00729838438403	3.432285365788814	1.0999999999999996	0	0
-15	-40	-0.04199337679247517	0	111.00729838438403	3.432285365788814	1.0999999999999996	0	0
-60	40	-0.04199337679247517	1637.9546028155028	112.32977857405396	0.000000000000000026027927802348313	6.844076191772873	0	0
-5	5	-1.0419933767924752	663.9119785114822	111.77359205711689	-0.03692197288218031	3.6536280446842353	1359.9652743641816	2339.46418986712
-60	10	-1.0419933767924752	1120.2296480671032	110.2436256773824	-0.010510870673118346	6.24696973564857	1295.5320870393348	1499.0090605162902
15	10	-1.0419933767924752	1481.6901741848849	112.6763434999197	-0.021032662760866336	6.399411741936282	1773.4331389252818	983.2274664968754
-60	-10	-0.04199337679247517	4.594548579811424	106.13113879860815	-0.01877714249611671	1.4681878373689412	235.745149136464	2.2469624293497565
60	-10	-1.0419933767924752	16.99620922829563	119.34071993022715	-0.03852271616730124	2.191376177161875	72.06468635869486	28.433753591491644
-60	-40	-0.04199337679247517	0	111.00729838438403	3.432285365788814	1.0999999999999996	0	0
60	40	-1.0419933767924752	1637.9546028155028	112.32977857405396	0.000000000000000026027927802348313	6.844076191772873	0	0
0	5	-3.041993376792475	663.3242805517406	112.0745434244225	-0.10393221140661636	3.6407668212844917	1604.3586137170967	2438.2381259576123
-60	0	-1.0419933767924752	432.85723337321326	107.94434411569517	-0.03793881845846688	4.932123381098834	1806.934999432731	1852.9736764084762
-15	10	-1.0419933767924752	1472.7886694974966	111.90599987874347	-0.01824386170863855	6.37860798355259	1528.9082771185854	1259.6624025474734
-60	5	-1.0419933767924752	789.9021759236307	109.04175117498275	-0.0181370524559983	5.849614206543493	1576.400797442927	1681.0234268127824
-5	5	-2.041993376792475	664.3441006070775	111.77237662052252	-0.07289731848828869	3.656328590724539	1390.1194537707333	2328.184515682168
60	-40	-1.0419933767924752	0	111.00729838438403	3.432285365788814	1.0999999999999996	0	0
15	40	-1.0419933767924752	1637.9546028155028	112.32977857405396	0.000000000000000026027927802348313	6.844076191772873	0	0
15	0	-2.041993376792475	51.91981321228312	117.12987099191254	-0.18864381704064428	1.7468620883064276	284.59668118176637	301.13387160678747
-5	0	-1.0419933767924752	21.702632781022587	107.97447413841586	-0.6755933559024931	1.2966953130432366	802.4783923048518	258.03691984977496
60	10	-2.041993376792475	1109.8398269687189	114.2773516896953	-0.03381006059432885	6.27314320034176	2105.8057823512313	2071.626947976314
15	-5	-1.0419933767924752	0	111.00729838438403	3.432285365788814	1.0999999999999996	0	0
15	-10	-1.0419933767924752	0	111.00729838438403	3.432285365788814	1.0999999999999996	0	0
15	-40	-1.0419933767924752	0	111.00729838438403	3.432285365788814	1.0999999999999996	0	0
5	40	-1.0419933767924752	1637.9546028155028	112.32977857405396	0.000000000000000026027927802348313	6.844076191772873	0	0
0	10	-3.041993376792475	1501.6584428154974	112.31331045498347	-0.07538278347388001	6.423263175404492	2140.272709105302	2641.139705741431
0	0	-1.0419933767924752	2.8671395098408503	111.00729838856364	-3.432285370395329	1.1312135814508917	156.07079358835048	994.4496902480057
-15	0	-1.0419933767924752	66.0929722703073	107.94994321687167	-0.22237154345544557	1.6889059945308178	836.5478279765684	275.83850527279617
5	-5	-1.0419933767924752	0	111.00729838438403	3.432285365788814	1.0999999999999996	0	0
5	-10	-1.0419933767924752	0	111.00729838438403	3.432285365788814	1.0999999999999996	0	0
5	-40	-1.0419933767924752	0	111.00729838438403	3.432285365788814	1.0999999999999996	0	0
0	40	-1.0419933767924752	1637.9546028155028	112.32977857405396	0.000000000000000026027927802348313	6.844076191772873	0	0
5	10	-2.041993376792475	1504.3471770393826	112.46707468619454	-0.050483788621101935	6.437251633207128	2141.796195203838	2664.7141771541146
5	5	-2.041993376792475	664.1010692454871	112.3947388126342	-0.07840677975127056	3.6565734555299767	1496.3285945762498	2540.3072206142588
60	5	-2.041993376792475	734.1537872325484	115.86429971611447	-0.038049156754835334	6.082829885454945	1568.3344742166119	1822.4865041990208
0	-5	-1.0419933767924752	0	111.00729838438403	3.432285365788814	1.0999999999999996	0	0
0	-10	-1.0419933767924752	0	111.00729838438403	3.432285365788814	1.0999999999999996	0	0
0	-40	-1.0419933767924752	0	111.00729838438403	3.432285365788814	1.0999999999999996	0	0
-5	40	-1.0419933767924752	1637.9546028155028	112.32977857405396	0.000000000000000026027927802348313	6.844076191772873	0	0
15	5	-2.041993376792475	673.0348124063092	113.0785672094593	-0.0856597393754954	3.8111902885545237	1681.1798665329395	2824.5679792468454
5	0	-2.041993376792475	17.428254231797162	116.99533867436242	-0.5773737463636834	1.314514509945166	284.54636388249196	325.7922979600076
60	0	-2.041993376792475	406.38703445253117	117.31549200059855	-0.04294505276609798	5.6049963199320025	980.5632529578476	1548.0940320884179
-5	-5	-1.0419933767924752	0	111.00729838438403	3.432285365788814	1.0999999999999996	0	0
-5	-10	-1.0419933767924752	0	111.00729838438403	3.432285365788814	1.0999999999999996	0	0
-5	-40	-1.0419933767924752	0	111.00729838438403	3.432285365788814	1.0999999999999996	0	0
-15	40	-1.0419933767924752	1637.9546028155028	112.32977857405396	0.000000000000000026027927802348313	6.844076191772873	0	0
60	-5	-2.041993376792475	141.59617372889167	118.39184190198972	-0.060027138107739915	4.103923941890017	477.94022107464724	600.0184658311349
-60	-5	-1.0419933767924752	135.00252725260063	107.0629557143934	-0.07292583328561637	3.1629625250532545	1083.5051427086207	356.7295250877486
60	-10	-2.041993376792475	17.069648419932598	119.3395609151132	-0.07546817483856898	2.1949142473006913	72.37053841630951	28.62224399947333
-15	-5	-1.0419933767924752	0	111.00729838438403	3.432285365788814	1.0999999999999996	0	0
-15	-10	-1.0419933767924752	0	111.00729838438403	3.432285365788814	1.0999999999999996	0	0
-15	-40	-1.0419933767924752	0	111.00729838438403	3.432285365788814	1.0999999999999996	0	0
-60	40	-1.0419933767924752	1637.9546028155028	112.32977857405396	0.000000000000000026027927802348313	6.844076191772873	0	0
15	10	-2.041993376792475	1481.4365230608478	112.67605472377599	-0.041198323273999915	6.39905630107261	1768.2241907502587	988.9280537333723
0	10	-4.041993376792475	1501.658442815506	112.31331045498344	-0.10023570769366713	6.424801647211295	2147.1532687107847	2643.972679666933
-60	10	-2.041993376792475	1120.098691365936	110.24314952379979	-0.020598205005232958	6.247076285878717	1295.1881426426012	1499.3581583093348
-5	10	-2.041993376792475	1498.9686253696382	112.15899275661504	-0.05066512924205224	6.420521804046339	2143.3454280862784	2669.4080292360823
-60	-10	-1.0419933767924752	4.625923481402031	106.13300878494454	-0.46340676105020057	1.4716619170537306	235.1866153366063	2.306311797860534
-60	-40	-1.0419933767924752	0	111.00729838438403	3.432285365788814	1.0999999999999996	0	0
60	40	-2.041993376792475	1637.9546028155028	112.32977857405396	0.000000000000000026027927802348313	6.844076191772873	0	0
-5	0	-2.041993376792475	22.107531561581464	108.04963782373363	-1.2900418290317153	1.310348834330903	774.3574115162914	278.54479758571875
60	5	-3.041993376792475	734.236570901795	115.86388512181412	-0.05666257794636142	6.08363047500081	1567.8912636706796	1822.8821466547372
-60	5	-2.041993376792475	789.9248945800504	109.04186254512527	-0.03553787564667805	5.8500607253129555	1576.4322899446242	1681.2116284736396
-15	5	-2.041993376792475	670.1841671170511	111.1503834474176	-0.07993032934471238	3.789467225474704	1560.3705193210546	2582.9000979463017
-15	10	-2.041993376792475	1472.422066667014	111.90644249721001	-0.035766035026498486	6.377757109394218	1525.0125907904464	1273.47879454941
60	-40	-2.041993376792475	0	111.00729838438403	3.432285365788814	1.0999999999999996	0	0
15	40	-2.041993376792475	1637.9546028155028	112.32977857405396	0.000000000000000026027927802348313	6.844076191772873	0	0
5	5	-3.041993376792475	664.9260790950126	112.3972478698293	-0.11828697711808135	3.661608697975658	1537.1448457490847	2522.648302456774
60	0	-3.041993376792475	406.68464606144676	117.31431464939335	-0.0639477744145113	5.606918041414895	981.5835700638016	1547.924244156972
0	0	-2.041993376792475	5.620490836729433	111.00729838848878	-3.432285369977564	1.1611883893080086	156.38477075286406	995.1922434644391
15	-5	-2.041993376792475	0	111.00729838438403	3.432285365788814	1.0999999999999996	0	0
15	-10	-2.041993376792475	0	111.00729838438403	3.432285365788814	1.0999999999999996	0	0
15	-40	-2.041993376792475	0	111.00729838438403	3.432285365788814	1.0999999999999996	0	0
5	40	-2.041993376792475	1637.9546028155028	112.32977857405396	0.000000000000000026027927802348313	6.844076191772873	0	0
-60	0	-2.041993376792475	433.04417764885005	107.94488382076746	-0.07430326183550139	4.9337936373135785	1806.863716544655	1853.109883613449
60	-5	-3.041993376792475	141.92492318016306	118.39065030105299	-0.08938929391817238	4.108974155869995	479.74359326893557	601.9617418876488
-15	0	-2.041993376792475	66.25091091728292	107.9583017404514	-0.43452844123120343	1.6937854599930509	834.2676175457659	278.4256856936989
5	-5	-2.041993376792475	0	111.00729838438403	3.432285365788814	1.0999999999999996	0	0
5	-10	-2.041993376792475	0	111.00729838438403	3.432285365788814	1.0999999999999996	0	0
5	-40	-2.041993376792475	0	111.00729838438403	3.432285365788814	1.0999999999999996	0	0
0	40	-2.041993376792475	1637.9546028155028	112.32977857405396	0.000000000000000026027927802348313	6.844076191772873	0	0
-5	5	-3.041993376792475	665.028155932484	111.77083922501866	-0.1099833104633985	3.6606779154201843	1436.6060087543863	2323.742822515337
0	5	-4.041993376792475	664.8684813598492	112.07729881405437	-0.1471819215453887	3.6491708823750977	1612.7601088537015	2456.142532495532
60	10	-3.041993376792475	1109.5961419259138	114.27820066782922	-0.0503528411316678	6.273547609276877	2103.5817690314457	2072.991135113892
0	-5	-2.041993376792475	0	111.00729838438403	3.432285365788814	1.0999999999999996	0	0
0	-10	-2.041993376792475	0	111.00729838438403	3.432285365788814	1.0999999999999996	0	0
0	-40	-2.041993376792475	0	111.00729838438403	3.432285365788814	1.0999999999999996	0	0
-5	40	-2.041993376792475	1637.9546028155028	112.32977857405396	0.000000000000000026027927802348313	6.844076191772873	0	0
15	5	-3.041993376792475	673.3763572643952	113.07934376126192	-0.12778286305347197	3.8145337015261576	1689.1147096633808	2825.745157576181
15	0	-3.041993376792475	52.169811084612704	117.11041437961201	-0.28092035883518296	1.7488519644211704	285.7403512148076	309.24222903408736
-60	10	-3.041993376792475	1119.8828479747197	110.24236471656909	-0.03068565643651459	6.247252030148884	1294.618789785541	1499.9263786363128
-5	-5	-2.041993376792475	0	111.00729838438403	3.432285365788814	1.0999999999999996	0	0
-5	-10	-2.041993376792475	0	111.00729838438403	3.432285365788814	1.0999999999999996	0	0
-5	-40	-2.041993376792475	0	111.00729838438403	3.432285365788814	1.0999999999999996	0	0
-15	40	-2.041993376792475	1637.9546028155028	112.32977857405396	0.000000000000000026027927802348313	6.844076191772873	0	0
-5	0	-3.041993376792475	22.793395001429975	108.16417379058706	-1.8399306208126602	1.3313682072360329	723.3707571706011	310.18093099087326
-60	-5	-2.041993376792475	135.20225938018385	107.06392538563304	-0.14280253161073625	3.1662143098382542	1084.8204355428518	357.77370902108674
15	10	-3.041993376792475	1481.0167999439118	112.67558442449763	-0.06132591231577667	6.398464556789748	1759.5109871325424	998.3042860182635
-15	-5	-2.041993376792475	0	111.00729838438403	3.432285365788814	1.0999999999999996	0	0
-15	-10	-2.041993376792475	0	111.00729838438403	3.432285365788814	1.0999999999999996	0	0
-15	-40	-2.041993376792475	0	111.00729838438403	3.432285365788814	1.0999999999999996	0	0
-60	40	-2.041993376792475	1637.9546028155028	112.32977857405396	0.000000000000000026027927802348313	6.844076191772873	0	0
-5	10	-3.041993376792475	1498.922768154875	112.15904670322824	-0.07534045889982623	6.421467401729215	2103.524331076518	2623.11484390109
5	10	-3.041993376792475	1504.3073972506895	112.46699429959757	-0.07513606207053648	6.43821512103004	2127.678559808338	2606.835977682215
60	-10	-3.041993376792475	17.191131945602418	119.33764907616396	-0.11236471575908724	2.2007444945404413	72.85651081649016	28.918843892775023
5	0	-3.041993376792475	18.11049046568505	116.8091723457786	-0.859618173267351	1.3190658195721603	296.99056600819756	402.49115307055
-60	-10	-2.041993376792475	4.715307092713766	106.13823546100451	-0.8944481772076988	1.481386385090385	233.60934561403008	2.474823509375432
-60	-40	-2.041993376792475	0	111.00729838438403	3.432285365788814	1.0999999999999996	0	0
60	40	-3.041993376792475	1637.9546028155028	112.32977857405396	0.000000000000000026027927802348313	6.844076191772873	0	0
-15	5	-3.041993376792475	670.5041440092589	111.1498671225388	-0.11918424327892332	3.79260396579376	1566.3843078808536	2583.6529194651953
-15	10	-3.041993376792475	1471.817419963583	111.90717141423421	-0.05331463509472263	6.376353433598109	1518.6392535181803	1296.4914823239556
15	5	-4.041993376792475	673.8446593542953	113.08040610118391	-0.17005593046489104	3.819169648511996	1698.8011492424107	2827.55029987869
-60	0	-3.041993376792475	433.3502927082654	107.94577946135493	-0.1106025449478	4.936526132504489	1806.1552989566549	1852.7172493410355
-5	5	-4.041993376792475	665.8906875821618	111.76951203725775	-0.14832855325389166	3.666401485230434	1484.4911967531377	2330.3920737574113
60	-40	-3.041993376792475	0	111.00729838438403	3.432285365788814	1.0999999999999996	0	0
15	40	-3.041993376792475	1637.9546028155028	112.32977857405396	0.000000000000000026027927802348313	6.844076191772873	0	0
-60	5	-3.041993376792475	789.962339902827	109.04204613518351	-0.052928412386779575	5.850796616832612	1576.474094226504	1681.5115111822008
60	5	-4.041993376792475	734.3516784143194	115.86330862019612	-0.07525363652121281	6.084745232885659	1567.372430480331	1823.4408541736705
0	10	-5.041993376792475	1501.658442815409	112.31331045498337	-0.1251500164845765	6.426780971947485	2156.0785270406755	2647.6328021302675
15	-5	-3.041993376792475	0	111.00729838438403	3.432285365788814	1.0999999999999996	0	0
15	-10	-3.041993376792475	0	111.00729838438403	3.432285365788814	1.0999999999999996	0	0
15	-40	-3.041993376792475	0	111.00729838438403	3.432285365788814	1.0999999999999996	0	0
5	40	-3.041993376792475	1637.9546028155028	112.32977857405396	0.000000000000000026027927802348313	6.844076191772873	0	0
-15	0	-3.041993376792475	66.51201773919253	107.97196397354139	-0.644256653392487	1.7017790743284371	830.4543577665752	282.66947040621193
0	0	-3.041993376792475	8.377271411850911	111.00729838837913	-3.4322853695844397	1.1912005302361117	156.672712589297	995.740969737791
60	-5	-4.041993376792475	142.38400889541796	118.38899015339612	-0.11871120843628692	4.116016842996071	482.24893007902534	604.6115675535025
5	-5	-3.041993376792475	0	111.00729838438403	3.432285365788814	1.0999999999999996	0	0
5	-10	-3.041993376792475	0	111.00729838438403	3.432285365788814	1.0999999999999996	0	0
5	-40	-3.041993376792475	0	111.00729838438403	3.432285365788814	1.0999999999999996	0	0
0	40	-3.041993376792475	1637.9546028155028	112.32977857405396	0.000000000000000026027927802348313	6.844076191772873	0	0
60	10	-4.041993376792475	1109.2566847573019	114.27938383651622	-0.06687847578347549	6.274111077306305	2100.521741465279	2074.9054133279237
-15	5	-4.041993376792475	670.9453613120035	111.14915665461085	-0.15853793003466754	3.7969614667920846	1573.1019040495742	2584.805650426221
-5	0	-4.041993376792475	23.78919836717325	108.30434884294003	-2.2969433387434375	1.357683684241933	641.375781210232	347.97288362209576
0	-5	-3.041993376792475	0	111.00729838438403	3.432285365788814	1.0999999999999996	0	0
0	-10	-3.041993376792475	0	111.00729838438403	3.432285365788814	1.0999999999999996	0	0
0	-40	-3.041993376792475	0	111.00729838438403	3.432285365788814	1.0999999999999996	0	0
-5	40	-3.041993376792475	1637.9546028155028	112.32977857405396	0.000000000000000026027927802348313	6.844076191772873	0	0
0	5	-5.041993376792475	666.4189252062262	112.08007579863308	-0.19035035786957055	3.6583295439561128	1619.5328486594226	2459.594665015224
15	0	-4.041993376792475	52.51968128812859	117.08328219772955	-0.3730770338739348	1.751618177547335	287.3578863111725	320.8053005919039
15	10	-4.041993376792475	1480.4286731551304	112.67494123683926	-0.08139580601593269	6.397627909844559	1747.1008281359232	1011.3312165610381
-5	-5	-3.041993376792475	0	111.00729838438403	3.432285365788814	1.0999999999999996	0	0
-5	-10	-3.041993376792475	0	111.00729838438403	3.432285365788814	1.0999999999999996	0	0
-5	-40	-3.041993376792475	0	111.00729838438403	3.432285365788814	1.0999999999999996	0	0
-15	40	-3.041993376792475	1637.9546028155028	112.32977857405396	0.000000000000000026027927802348313	6.844076191772873	0	0
5	5	-4.041993376792475	666.0188278504911	112.40005681880999	-0.15930399960718156	3.668418172380177	1576.8971412371043	2509.7496068472146
-60	-5	-3.041993376792475	135.53195978810297	107.06552116374161	-0.21246558093467155	3.171576669890536	1086.994962886534	359.49528266392315
60	0	-4.041993376792475	407.0993110045533	117.31267275472334	-0.0849172731869919	5.609591130499002	982.9982031342937	1547.6835503145617
-15	-5	-3.041993376792475	0	111.00729838438403	3.432285365788814	1.0999999999999996	0	0
-15	-10	-3.041993376792475	0	111.00729838438403	3.432285365788814	1.0999999999999996	0	0
-15	-40	-3.041993376792475	0	111.00729838438403	3.432285365788814	1.0999999999999996	0	0
-60	40	-3.041993376792475	1637.9546028155028	112.32977857405396	0.000000000000000026027927802348313	6.844076191772873	0	0
5	10	-4.041993376792475	1504.157041532921	112.46647137670159	-0.09955240231579018	6.439212544752611	2102.461740058204	2524.1445633176086
-5	10	-4.041993376792475	1498.6636318875255	112.1598274023894	-0.09927134167760798	6.422066564972759	2022.987025802699	2534.7791082562644
-60	-10	-3.041993376792475	4.8630474307368505	106.14656518009144	-1.3003913051882348	1.4969291361876331	231.0532479940871	2.7518752811713383
15	0	-5.041993376792475	52.9709431515032	117.04845193163528	-0.46508227581324035	1.7551545198836618	289.4471705018833	335.840334465198
60	-10	-4.041993376792475	17.361275871758902	119.33498270804857	-0.1491865727583848	2.2088635533502003	73.54611498056931	29.343265851036
-60	-40	-3.041993376792475	0	111.00729838438403	3.432285365788814	1.0999999999999996	0	0
60	40	-4.041993376792475	1637.9546028155028	112.32977857405396	0.000000000000000026027927802348313	6.844076191772873	0	0
-15	10	-4.041993376792475	1470.9742904325633	111.9081855350024	-0.07090272675540862	6.37439548270874	1509.640206691826	1327.8323460695715
-60	10	-4.041993376792475	1119.5821769810434	110.24127145747423	-0.04077327235652627	6.247497107786016	1293.8219187290817	1500.711070245585
5	0	-4.041993376792475	19.1012318899901	116.54421203168205	-1.14250158294373	1.325183777593353	316.02203665968034	523.2870674653025
-60	5	-4.041993376792475	790.0145021522494	109.04230193790542	-0.07030362841818631	5.851821587840431	1576.5258983089498	1681.9242827515654
-15	0	-4.041993376792475	66.87739101842048	107.99075893707789	-0.8503881571416024	1.7128135886331812	825.0316456403964	288.5423802964754
60	-40	-4.041993376792475	0	111.00729838438403	3.432285365788814	1.0999999999999996	0	0
15	40	-4.041993376792475	1637.9546028155028	112.32977857405396	0.000000000000000026027927802348313	6.844076191772873	0	0
15	5	-5.041993376792475	674.4344512972666	113.08174142185993	-0.2124957638469829	3.825083317676722	1710.148990440345	2830.075827891297
-60	0	-4.041993376792475	433.7853986375444	107.94699583609321	-0.14666918956105182	4.940428600885822	1801.4726368753627	1847.2018033097352
60	-5	-5.041993376792475	142.97443026240654	118.38686167145359	-0.1479798259955719	4.125057723884913	485.49310105859433	608.0530427542841
15	-5	-4.041993376792475	0	111.00729838438403	3.432285365788814	1.0999999999999996	0	0
15	-10	-4.041993376792475	0	111.00729838438403	3.432285365788814	1.0999999999999996	0	0
15	-40	-4.041993376792475	0	111.00729838438403	3.432285365788814	1.0999999999999996	0	0
5	40	-4.041993376792475	1637.9546028155028	112.32977857405396	0.000000000000000026027927802348313	6.844076191772873	0	0
60	10	-5.041993376792475	1108.8216468800451	114.28090123873471	-0.08338197533154652	6.274834091055321	2096.717299328842	2077.4139647694115
0	0	-4.041993376792475	11.139171168965461	111.00729838823658	-3.432285369215358	1.2212684019750084	157.17165454222555	996.7890482645444
-60	10	-5.041993376792475	1119.196760772922	110.23987002784006	-0.05086108836124458	6.247811712388251	1292.8037980292108	1501.7156561737245
5	-5	-4.041993376792475	0	111.00729838438403	3.432285365788814	1.0999999999999996	0	0
5	-10	-4.041993376792475	0	111.00729838438403	3.432285365788814	1.0999999999999996	0	0
5	-40	-4.041993376792475	0	111.00729838438403	3.432285365788814	1.0999999999999996	0	0
0	40	-4.041993376792475	1637.9546028155028	112.32977857405396	0.000000000000000026027927802348313	6.844076191772873	0	0
-5	0	-5.041993376792475	25.139308941582772	108.45098126378343	-2.636235397864695	1.3866283881782346	516.0564613205981	380.67054533048815
5	5	-5.041993376792475	667.3261105839169	112.40282233765605	-0.20133470860457142	3.6768018140063745	1612.0880829103205	2505.220450436851
60	5	-5.041993376792475	734.4988757330436	115.86257133672652	-0.0938158269902297	6.08617341735361	1566.7663618278305	1824.151111590147
0	-5	-4.041993376792475	0	111.00729838438403	3.432285365788814	1.0999999999999996	0	0
0	-10	-4.041993376792475	0	111.00729838438403	3.432285365788814	1.0999999999999996	0	0
0	-40	-4.041993376792475	0	111.00729838438403	3.432285365788814	1.0999999999999996	0	0
-5	40	-4.041993376792475	1637.9546028155028	112.32977857405396	0.000000000000000026027927802348313	6.844076191772873	0	0
0	5	-6.041993376792475	667.9741518232375	112.08284839847994	-0.23345063320232137	3.668239716515376	1627.7911069128731	2463.7720664289245
-60	-5	-4.041993376792475	135.99227616509793	107.06773906173639	-0.28181194488198197	3.1790522085675716	1090.0392116013122	361.89637636381974
5	10	-5.041993376792475	1503.8473756908154	112.46538321217561	-0.1236187010176819	6.440064421936854	2064.3532139848944	2438.6040887681615
-5	-5	-4.041993376792475	0	111.00729838438403	3.432285365788814	1.0999999999999996	0	0
-5	-10	-4.041993376792475	0	111.00729838438403	3.432285365788814	1.0999999999999996	0	0
-5	-40	-4.041993376792475	0	111.00729838438403	3.432285365788814	1.0999999999999996	0	0
-15	40	-4.041993376792475	1637.9546028155028	112.32977857405396	0.000000000000000026027927802348313	6.844076191772873	0	0
60	0	-5.041993376792475	407.63100481375255	117.31056496406418	-0.10584277012729065	5.613011052721026	984.8041863315741	1547.3738519254096
0	10	-6.041993376792475	1501.6584428151862	112.31331045498308	-0.15014118031566487	6.429206021460391	2167.070246163907	2652.1235315930944
15	10	-5.041993376792475	1479.6688625905103	112.67413756230556	-0.10138719980780123	6.3965342110533205	1730.7227381652951	1027.9675024145179
-15	-5	-4.041993376792475	0	111.00729838438403	3.432285365788814	1.0999999999999996	0	0
-15	-10	-4.041993376792475	0	111.00729838438403	3.432285365788814	1.0999999999999996	0	0
-15	-40	-4.041993376792475	0	111.00729838438403	3.432285365788814	1.0999999999999996	0	0
-60	40	-4.041993376792475	1637.9546028155028	112.32977857405396	0.000000000000000026027927802348313	6.844076191772873	0	0
-60	5	-5.041993376792475	790.0813677791805	109.04262994299721	-0.08765849325025189	5.853135229900762	1576.5869223179218	1682.449685557922
60	-10	-5.041993376792475	17.580941925831745	119.3315595157741	-0.1859059730381715	2.2192667681588274	74.442036763647	29.89880421671269
-5	5	-5.041993376792475	666.9019468592904	111.76861105055094	-0.1877902921172116	3.673399772157796	1525.2910337540623	2342.3192833938556
-60	-10	-4.041993376792475	5.069719581623553	106.15762560111159	-1.6723536192199122	1.5176569358637193	227.58323849286623	3.1365790851949065
-15	10	-5.041993376792475	1469.8920636673547	111.9094833319198	-0.08854352130078912	6.371881195715876	1498.1690792776062	1368.2459323983269
-60	-40	-4.041993376792475	0	111.00729838438403	3.432285365788814	1.0999999999999996	0	0
60	40	-5.041993376792475	1637.9546028155028	112.32977857405396	0.000000000000000026027927802348313	6.844076191772873	0	0
60	10	-6.041993376792475	1108.2912860424992	114.2827528923897	-0.09985860750226613	6.275717349751621	2092.1846851958544	2080.5022615821736
-5	10	-5.041993376792475	1498.1130428738588	112.16147009709233	-0.12225861083720721	6.42201941746639	1930.5204940572405	2448.777006271355
-15	5	-5.041993376792475	671.5012031666879	111.14825110188069	-0.19798683822972016	3.8025185128059875	1580.7265006741204	2586.43022017273
0	10	-7.041993376792475	1501.6555491368813	112.3133162673595	-0.17521253263833733	6.432072239389063	2155.0120774499524	2649.3726453915237
0	5	-7.041993376792475	669.5351357538876	112.08561830999562	-0.2765091182248922	3.6789098984339605	1637.560320729553	2468.678591531771
60	-40	-5.041993376792475	0	111.00729838438403	3.432285365788814	1.0999999999999996	0	0
15	40	-5.041993376792475	1637.9546028155028	112.32977857405396	0.000000000000000026027927802348313	6.844076191772873	0	0
5	0	-5.041993376792475	20.44483803868918	116.19368263971553	-1.4281637345360394	1.3326819458742036	342.64802649190955	702.6141496069042
-15	0	-5.041993376792475	67.34857381430784	108.01444983406918	-1.0517797384719074	1.7267880286941861	817.8909146390056	296.00212776228807
-5	0	-6.041993376792475	26.84085136420176	108.58726550410454	-2.8602366248121904	1.415999558851673	415.0350374246931	410.0966700792124
15	-5	-5.041993376792475	0	111.00729838438403	3.432285365788814	1.0999999999999996	0	0
15	-10	-5.041993376792475	0	111.00729838438403	3.432285365788814	1.0999999999999996	0	0
15	-40	-5.041993376792475	0	111.00729838438403	3.432285365788814	1.0999999999999996	0	0
5	40	-5.041993376792475	1637.9546028155028	112.32977857405396	0.000000000000000026027927802348313	6.844076191772873	0	0
-60	0	-5.041993376792475	434.34719220683525	107.948531954126	-0.1824801325787875	4.945501828344184	1795.757769915408	1838.7338937819977
0	0	-5.041993376792475	13.907892578134119	111.00729838806548	-3.43228536886912	1.2514105387429735	157.88275148319394	998.3353414096855
15	5	-6.041993376792475	675.1405393845619	113.08333706893549	-0.25511576243655504	3.832261309342321	1723.0779553959003	2833.408445119654
5	-5	-5.041993376792475	0	111.00729838438403	3.432285365788814	1.0999999999999996	0	0
5	-10	-5.041993376792475	0	111.00729838438403	3.432285365788814	1.0999999999999996	0	0
5	-40	-5.041993376792475	0	111.00729838438403	3.432285365788814	1.0999999999999996	0	0
0	40	-5.041993376792475	1637.9546028155028	112.32977857405396	0.000000000000000026027927802348313	6.844076191772873	0	0
60	5	-6.041993376792475	734.6779063938726	115.86167450515484	-0.11234263924956372	6.087914104560536	1566.0708640419998	1825.0106551178708
-60	5	-6.041993376792475	790.1629174696748	109.04303012805157	-0.10498796514400974	5.8547370184169	1576.6448592514118	1683.0875505712079
-60	-5	-5.041993376792475	136.58411419594796	107.07057358717161	-0.35074044318962405	3.1886445986093643	1093.9684534000157	364.98024905147236
0	-5	-5.041993376792475	0	111.00729838438403	3.432285365788814	1.0999999999999996	0	0
0	-10	-5.041993376792475	0	111.00729838438403	3.432285365788814	1.0999999999999996	0	0
0	-40	-5.041993376792475	0	111.00729838438403	3.432285365788814	1.0999999999999996	0	0
-5	40	-5.041993376792475	1637.9546028155028	112.32977857405396	0.000000000000000026027927802348313	6.844076191772873	0	0
5	10	-6.041993376792475	1503.325051354387	112.46367757653498	-0.14718315068255114	6.440572654308536	2006.125118423006	2360.9768665067522
15	0	-6.041993376792475	53.52556668406706	117.00589286806242	-0.5569110091612892	1.7594532621475565	292.03068364255455	354.59438285961926
-5	0	-7.041993376792475	28.784816143005358	108.71221936429562	-3.0126142712455133	1.4455225268200858	353.0865896523369	441.6465585159673
-5	-5	-5.041993376792475	0	111.00729838438403	3.432285365788814	1.0999999999999996	0	0
-5	-10	-5.041993376792475	0	111.00729838438403	3.432285365788814	1.0999999999999996	0	0
-5	-40	-5.041993376792475	0	111.00729838438403	3.432285365788814	1.0999999999999996	0	0
-15	40	-5.041993376792475	1637.9546028155028	112.32977857405396	0.000000000000000026027927802348313	6.844076191772873	0	0
60	0	-6.041993376792475	408.2796959719471	117.307989558805	-0.12671360581863705	5.617172027219226	986.9997483138395	1547.0010295286056
60	-10	-6.041993376792475	17.851240781713493	119.32737669040024	-0.2224926810928648	2.2319482361468115	75.54753155651416	30.589795428503482
60	-5	-6.041993376792475	143.69747517127138	118.38426512189162	-0.1771822353432761	4.136104192383774	489.4837199934455	612.2716774817552
-15	-5	-5.041993376792475	0	111.00729838438403	3.432285365788814	1.0999999999999996	0	0
-15	-10	-5.041993376792475	0	111.00729838438403	3.432285365788814	1.0999999999999996	0	0
-15	-40	-5.041993376792475	0	111.00729838438403	3.432285365788814	1.0999999999999996	0	0
-60	40	-5.041993376792475	1637.9546028155028	112.32977857405396	0.000000000000000026027927802348313	6.844076191772873	0	0
5	5	-6.041993376792475	668.791347558089	112.4054223512041	-0.24408852134019515	3.686545684091472	1635.5451184342282	2501.7193935743844
-15	0	-6.041993376792475	67.92756671975872	108.04273542254035	-1.2473205253849997	1.7435747438739224	808.8877231000035	304.9892269459602
-60	-10	-5.041993376792475	5.336127732288506	106.17097896235487	-2.0046404143481094	1.5428274239901871	223.28445644763363	3.6279942874423288
-15	10	-6.041993376792475	1468.5699470539244	111.91106284251593	-0.10625042636343546	6.3688079161842	1484.1590939623575	1417.1440034824082
15	10	-6.041993376792475	1478.7331084095922	112.67318994795468	-0.12127767902765488	6.395167592166637	1710.0167892358845	1048.146315997234
-60	-40	-5.041993376792475	0	111.00729838438403	3.432285365788814	1.0999999999999996	0	0
60	40	-6.041993376792475	1637.9546028155028	112.32977857405396	0.000000000000000026027927802348313	6.844076191772873	0	0
-5	5	-6.041993376792475	668.0436768293355	111.76822037274508	-0.2281699625062406	3.6816163446054544	1561.0258604070889	2359.930541784774
60	10	-7.041993376792475	1107.6658853730673	114.28493884898003	-0.11630365448728819	6.276761558672391	2086.949952915952	2084.161080401837
-60	10	-6.041993376792475	1118.7267050937705	110.23816078869007	-0.060949124303896304	6.248196091288084	1291.5620717367517	1502.9358345313356
-5	10	-6.041993376792475	1497.2419749180033	112.16387906130787	-0.1442662570375879	6.421204492976115	1830.9073820592014	2376.41992665092
-15	5	-6.041993376792475	672.1657551015745	111.14715911519534	-0.23752984464979277	3.8092546318889076	1588.9040570097113	2585.5685957602836
60	-40	-6.041993376792475	0	111.00729838438403	3.432285365788814	1.0999999999999996	0	0
15	40	-6.041993376792475	1637.9546028155028	112.32977857405396	0.000000000000000026027927802348313	6.844076191772873	0	0
5	0	-6.041993376792475	22.13842356512924	115.77871929817718	-1.7058685130085955	1.341993470134198	348.56079301219694	851.1374703352025
-60	0	-6.041993376792475	435.03824711621286	107.9503785402294	-0.2179637929330366	4.951762082531842	1790.206585387542	1829.023678630757
-60	5	-7.041993376792475	790.2590637029015	109.04350217463818	-0.12228648110390881	5.8566262731881	1576.6229284778474	1683.8393227087297
15	-5	-6.041993376792475	0	111.00729838438403	3.432285365788814	1.0999999999999996	0	0
15	-10	-6.041993376792475	0	111.00729838438403	3.432285365788814	1.0999999999999996	0	0
15	-40	-6.041993376792475	0	111.00729838438403	3.432285365788814	1.0999999999999996	0	0
5	40	-6.041993376792475	1637.9546028155028	112.32977857405396	0.000000000000000026027927802348313	6.844076191772873	0	0
0	0	-6.041993376792475	16.685154869094504	111.00729838786786	-3.4322853685423875	1.2816456572149229	158.68835299095994	1000.0314579026777
-5	10	-7.041993376792475	1496.0356248587595	112.16688980032632	-0.16529312204132865	6.419551253512946	1724.9733490497495	2319.4010662377327
5	10	-7.041993376792475	1502.519850942768	112.46137936631607	-0.17001088576845272	6.4404744200226505	1916.2282338104621	2297.752938744881
5	-5	-6.041993376792475	0	111.00729838438403	3.432285365788814	1.0999999999999996	0	0
5	-10	-6.041993376792475	0	111.00729838438403	3.432285365788814	1.0999999999999996	0	0
5	-40	-6.041993376792475	0	111.00729838438403	3.432285365788814	1.0999999999999996	0	0
0	40	-6.041993376792475	1637.9546028155028	112.32977857405396	0.000000000000000026027927802348313	6.844076191772873	0	0
60	0	-7.041993376792475	409.0453458099233	117.3049444657775	-0.14751926858554895	5.622067051469147	989.5803738311748	1546.5693351159853
-60	-5	-6.041993376792475	137.30864074539787	107.0740178028569	-0.4191523263648978	3.2003586267893427	1098.8025959439362	368.7511037042639
5	5	-7.041993376792475	670.3426944509603	112.40803361754817	-0.28710059949982514	3.697374211551297	1646.08337337869	2497.9982933889078
0	-5	-6.041993376792475	0	111.00729838438403	3.432285365788814	1.0999999999999996	0	0
0	-10	-6.041993376792475	0	111.00729838438403	3.432285365788814	1.0999999999999996	0	0
0	-40	-6.041993376792475	0	111.00729838438403	3.432285365788814	1.0999999999999996	0	0
-5	40	-6.041993376792475	1637.9546028155028	112.32977857405396	0.000000000000000026027927802348313	6.844076191772873	0	0
60	5	-7.041993376792475	734.8884914978537	115.86061946805377	-0.13082756000048928	6.089966189046943	1565.2830716776004	1826.0154928635068
15	5	-7.041993376792475	675.9576207600516	113.08518115525217	-0.2979269103675187	3.8406910547934245	1737.6427929178367	2837.659083170954
15	0	-7.041993376792475	54.18598912134877	116.95556475930424	-0.6485460805951292	1.764505316458951	295.1219807737495	377.31465090770905
-5	-5	-6.041993376792475	0	111.00729838438403	3.432285365788814	1.0999999999999996	0	0
-5	-10	-6.041993376792475	0	111.00729838438403	3.432285365788814	1.0999999999999996	0	0
-5	-40	-6.041993376792475	0	111.00729838438403	3.432285365788814	1.0999999999999996	0	0
-15	40	-6.041993376792475	1637.9546028155028	112.32977857405396	0.000000000000000026027927802348313	6.844076191772873	0	0
-15	0	-7.041993376792475	68.61684452163504	108.07525170553838	-1.4359390134503103	1.763020715934526	797.8375052785602	315.41954362231104
-5	5	-7.041993376792475	669.2988270230398	111.76837533106809	-0.2693043969242554	3.6909983605566357	1592.2464866707403	2382.430387621885
-60	0	-7.041993376792475	435.85779169342936	107.95253843134455	-0.25308751521094486	4.9591854533030695	1785.1115077063585	1818.8170731257594
-15	-5	-6.041993376792475	0	111.00729838438403	3.432285365788814	1.0999999999999996	0	0
-15	-10	-6.041993376792475	0	111.00729838438403	3.432285365788814	1.0999999999999996	0	0
-15	-40	-6.041993376792475	0	111.00729838438403	3.432285365788814	1.0999999999999996	0	0
-60	40	-6.041993376792475	1637.9546028155028	112.32977857405396	0.000000000000000026027927802348313	6.844076191772873	0	0
-15	5	-7.041993376792475	672.9390964845239	111.14596809166058	-0.2771415938338893	3.8171492450171374	1596.5120302776627	2576.207962794606
-60	10	-7.041993376792475	1118.172139113059	110.23614418094388	-0.07103738028383878	6.2486505448563445	1290.0948690245461	1504.364160435246
15	10	-7.041993376792475	1477.6165011991059	112.67211953036453	-0.14104438144663237	6.393509631943118	1685.3104351186507	1071.8148838991626
-60	-10	-6.041993376792475	5.663308020437025	106.18617512526912	-2.2947371030759918	1.5716807158412718	218.26541262442348	4.225373628943638
60	-5	-7.041993376792475	144.5547247850048	118.3812008215599	-0.2063057028678129	4.149165359111141	494.2410238764161	617.2796550845608
-60	-40	-6.041993376792475	0	111.00729838438403	3.432285365788814	1.0999999999999996	0	0
60	40	-7.041993376792475	1637.9546028155028	112.32977857405396	0.000000000000000026027927802348313	6.844076191772873	0	0
-15	10	-7.041993376792475	1467.0069662049257	111.91292166671282	-0.1240370973157791	6.36517238206156	1467.596154674304	1474.4224255089293
60	-10	-7.041993376792475	18.17353630937181	119.32243100030242	-0.2589136965458678	2.246900874137367	76.86740155299529	31.421875843498462
-60	-5	-7.041993376792475	138.1672879805658	107.07806340278512	-0.48695182119207514	3.2142002512272017	1104.566994996913	373.2146926500196
5	0	-7.041993376792475	24.072966716383487	115.36346424379894	-1.9504935885809638	1.354186095811179	339.4192549638218	947.4585536170893
0	0	-7.041993376792475	19.47269834233862	111.0072983876477	-3.4322853682337877	1.3119927034560785	159.58893923797035	1001.8760236992445
60	-40	-7.041993376792475	0	111.00729838438403	3.432285365788814	1.0999999999999996	0	0
15	40	-7.041993376792475	1637.9546028155028	112.32977857405396	0.000000000000000026027927802348313	6.844076191772873	0	0
-60	-10	-7.041993376792475	6.052532222248549	106.20279420444409	-2.5428647345668094	1.6035130111859068	212.64860085273406	4.928465255309209
15	-5	-7.041993376792475	0	111.00729838438403	3.432285365788814	1.0999999999999996	0	0
5	40	-7.041993376792475	1637.9546028155028	112.32977857405396	0.000000000000000026027927802348313	6.844076191772873	0	0
15	-10	-7.041993376792475	0	111.00729838438403	3.432285365788814	1.0999999999999996	0	0
5	-10	-7.041993376792475	0	111.00729838438403	3.432285365788814	1.0999999999999996	0	0
15	-40	-7.041993376792475	0	111.00729838438403	3.432285365788814	1.0999999999999996	0	0
0	40	-7.041993376792475	1637.9546028155028	112.32977857405396	0.000000000000000026027927802348313	6.844076191772873	0	0
-5	40	-7.041993376792475	1637.9546028155028	112.32977857405396	0.000000000000000026027927802348313	6.844076191772873	0	0
5	-5	-7.041993376792475	0	111.00729838438403	3.432285365788814	1.0999999999999996	0	0
5	-40	-7.041993376792475	0	111.00729838438403	3.432285365788814	1.0999999999999996	0	0
-5	-10	-7.041993376792475	0	111.00729838438403	3.432285365788814	1.0999999999999996	0	0
0	-40	-7.041993376792475	0	111.00729838438403	3.432285365788814	1.0999999999999996	0	0
-15	40	-7.041993376792475	1637.9546028155028	112.32977857405396	0.000000000000000026027927802348313	6.844076191772873	0	0
0	-5	-7.041993376792475	0	111.00729838438403	3.432285365788814	1.0999999999999996	0	0
0	-10	-7.041993376792475	0	111.00729838438403	3.432285365788814	1.0999999999999996	0	0
-5	-40	-7.041993376792475	0	111.00729838438403	3.432285365788814	1.0999999999999996	0	0
-5	-5	-7.041993376792475	0	111.00729838438403	3.432285365788814	1.0999999999999996	0	0
-60	40	-7.041993376792475	1637.9546028155028	112.32977857405396	0.000000000000000026027927802348313	6.844076191772873	0	0
-15	-5	-7.041993376792475	0	111.00729838438403	3.432285365788814	1.0999999999999996	0	0
-15	-10	-7.041993376792475	0	111.00729838438403	3.432285365788814	1.0999999999999996	0	0
-15	-40	-7.041993376792475	0	111.00729838438403	3.432285365788814	1.0999999999999996	0	0
-60	-40	-7.041993376792475	0	111.00729838438403	3.432285365788814	1.0999999999999996	0	0
