60	40	8.189422940808855	10.61771102643886	8.093556518014712	-3.3683250564782146	5.653813683499177	0.000059949208777942964	0.00003348315432030735	3.2059582381643934	34.106038820635234
60	20	8.189422940808855	10.618297041228857	8.09344276058766	-3.3682650657745197	5.653847069225611	0	0	3.2059582381643934	34.10854671300144
60	10	8.189422940808855	10.618297041228857	8.09344276058766	-3.3682650657745197	5.653847069225611	0	0	3.2059582381643934	34.10854671300144
60	5	8.189422940808855	10.618297041228857	8.09344276058766	-3.3682650657745197	5.653847069225611	0	0	3.2059582381643934	34.10854671300144
60	2	8.189422940808855	10.618297041228857	8.09344276058766	-3.3682650657745197	5.653847069225611	0	0	3.2059582381643934	34.10854671300144
60	0	8.189422940808855	10.618297041228857	8.09344276058766	-3.3682650657745197	5.653847069225611	0	0	3.2059582381643934	34.10854671300144
60	-2	8.189422940808855	10.618297041228857	8.09344276058766	-3.3682650657745197	5.653847069225611	0	0	3.2059582381643934	34.10854671300144
60	-5	8.189422940808855	10.618297041228857	8.09344276058766	-3.3682650657745197	5.653847069225611	0	0	3.2059582381643934	34.10854671300144
60	-10	8.189422940808855	10.618297041228857	8.09344276058766	-3.3682650657745197	5.653847069225611	0	0	3.2059582381643934	34.10854671300144
60	-20	8.189422940808855	10.618297041228857	8.09344276058766	-3.3682650657745197	5.653847069225611	0	0	3.2059582381643934	34.10854671300144
60	-40	8.189422940808855	10.618297041228857	8.09344276058766	-3.3682650657745197	5.653847069225611	0	0	3.2059582381643934	34.10854671300144
30	40	8.189422940808855	10.618297041228857	8.09344276058766	-3.3682650657745197	5.653847069225611	0	0	10.324851400143919	-0.9564917274638247
30	20	8.189422940808855	10.618297041228857	8.09344276058766	-3.3682650657745197	5.653847069225611	0	0	10.324851400143919	-0.9564917274638247
30	10	8.189422940808855	10.618297041228857	8.09344276058766	-3.3682650657745197	5.653847069225611	0	0	10.324851400143919	-0.9564917274638247
30	5	8.189422940808855	10.618297041228857	8.09344276058766	-3.3682650657745197	5.653847069225611	0	0	10.324851400143919	-0.9564917274638247
30	2	8.189422940808855	10.618297041228857	8.09344276058766	-3.3682650657745197	5.653847069225611	0	0	10.324851400143919	-0.9564917274638247
30	0	8.189422940808855	10.618297041228857	8.09344276058766	-3.3682650657745197	5.653847069225611	0	0	10.324851400143919	-0.9564917274638247
30	-2	8.189422940808855	10.618297041228857	8.09344276058766	-3.3682650657745197	5.653847069225611	0	0	10.324851400143919	-0.9564917274638247
30	-5	8.189422940808855	10.618297041228857	8.09344276058766	-3.3682650657745197	5.653847069225611	0	0	10.324851400143919	-0.9564917274638247
30	-10	8.189422940808855	10.618297041228857	8.09344276058766	-3.3682650657745197	5.653847069225611	0	0	10.324851400143919	-0.9564917274638247
30	-20	8.189422940808855	10.618297041228857	8.09344276058766	-3.3682650657745197	5.653847069225611	0	0	10.324851400143919	-0.9564917274638247
30	-40	8.189422940808855	10.618297041228857	8.09344276058766	-3.3682650657745197	5.653847069225611	0	0	10.324851400143919	-0.9564917274638247
15	40	8.189422940808855	10.618297041228857	8.09344276058766	-3.3682650657745197	5.653847069225611	0	0	9.104675089085017	-19.00856655346452
15	20	8.189422940808855	10.618297041228857	8.09344276058766	-3.3682650657745197	5.653847069225611	0	0	9.104675089085017	-19.00856655346452
15	10	8.189422940808855	10.618297041228857	8.09344276058766	-3.3682650657745197	5.653847069225611	0	0	9.104675089085017	-19.00856655346452
15	5	8.189422940808855	10.618297041228857	8.09344276058766	-3.3682650657745197	5.653847069225611	0	0	9.104675089085017	-19.00856655346452
15	2	8.189422940808855	10.618297041228857	8.09344276058766	-3.3682650657745197	5.653847069225611	0	0	9.104675089085017	-19.00856655346452
15	0	8.189422940808855	10.618297041228857	8.09344276058766	-3.3682650657745197	5.653847069225611	0	0	9.104675089085017	-19.00856655346452
15	-2	8.189422940808855	10.618297041228857	8.09344276058766	-3.3682650657745197	5.653847069225611	0	0	9.104675089085017	-19.00856655346452
15	-5	8.189422940808855	10.618297041228857	8.09344276058766	-3.3682650657745197	5.653847069225611	0	0	9.104675089085017	-19.00856655346452
15	-10	8.189422940808855	10.618297041228857	8.09344276058766	-3.3682650657745197	5.653847069225611	0	0	9.104675089085017	-19.00856655346452
15	-20	8.189422940808855	10.618297041228857	8.09344276058766	-3.3682650657745197	5.653847069225611	0	0	9.104675089085017	-19.00856655346452
15	-40	8.189422940808855	10.618297041228857	8.09344276058766	-3.3682650657745197	5.653847069225611	0	0	9.104675089085017	-19.00856655346452
10	40	8.189422940808855	10.618297041228857	8.09344276058766	-3.3682650657745197	5.653847069225611	0	0	8.028705009901106	-24.797050416247906
10	20	8.189422940808855	10.618297041228857	8.09344276058766	-3.3682650657745197	5.653847069225611	0	0	8.028705009901106	-24.797050416247906
10	10	8.189422940808855	10.618297041228857	8.09344276058766	-3.3682650657745197	5.653847069225611	0	0	8.028705009901106	-24.797050416247906
10	5	8.189422940808855	10.618297041228857	8.09344276058766	-3.3682650657745197	5.653847069225611	0	0	8.028705009901106	-24.797050416247906
10	2	8.189422940808855	10.618297041228857	8.09344276058766	-3.3682650657745197	5.653847069225611	0	0	8.028705009901106	-24.797050416247906
10	0	8.189422940808855	10.618297041228857	8.09344276058766	-3.3682650657745197	5.653847069225611	0	0	8.028705009901106	-24.797050416247906
10	-2	8.189422940808855	10.618297041228857	8.09344276058766	-3.3682650657745197	5.653847069225611	0	0	8.028705009901106	-24.797050416247906
10	-5	8.189422940808855	10.618297041228857	8.09344276058766	-3.3682650657745197	5.653847069225611	0	0	8.028705009901106	-24.797050416247906
10	-10	8.189422940808855	10.618297041228857	8.09344276058766	-3.3682650657745197	5.653847069225611	0	0	8.028705009901106	-24.797050416247906
10	-20	8.189422940808855	10.618297041228857	8.09344276058766	-3.3682650657745197	5.653847069225611	0	0	8.028705009901106	-24.797050416247906
10	-40	8.189422940808855	10.618297041228857	8.09344276058766	-3.3682650657745197	5.653847069225611	0	0	8.028705009901106	-24.797050416247906
5	40	8.189422940808855	10.618297041228857	8.09344276058766	-3.3682650657745197	5.653847069225611	0	0	8.134633626763081	-30.396813752495234
5	20	8.189422940808855	10.618297041228857	8.09344276058766	-3.3682650657745197	5.653847069225611	0	0	8.134633626763081	-30.396813752495234
5	10	8.189422940808855	10.618297041228857	8.09344276058766	-3.3682650657745197	5.653847069225611	0	0	8.134633626763081	-30.396813752495234
5	5	8.189422940808855	10.618297041228857	8.09344276058766	-3.3682650657745197	5.653847069225611	0	0	8.134633626763081	-30.396813752495234
5	2	8.189422940808855	10.618297041228857	8.09344276058766	-3.3682650657745197	5.653847069225611	0	0	8.134633626763081	-30.396813752495234
5	0	8.189422940808855	10.618297041228857	8.09344276058766	-3.3682650657745197	5.653847069225611	0	0	8.134633626763081	-30.396813752495234
5	-2	8.189422940808855	10.618297041228857	8.09344276058766	-3.3682650657745197	5.653847069225611	0	0	8.134633626763081	-30.396813752495234
5	-5	8.189422940808855	10.618297041228857	8.09344276058766	-3.3682650657745197	5.653847069225611	0	0	8.134633626763081	-30.396813752495234
5	-10	8.189422940808855	10.618297041228857	8.09344276058766	-3.3682650657745197	5.653847069225611	0	0	8.134633626763081	-30.396813752495234
5	-20	8.189422940808855	10.618297041228857	8.09344276058766	-3.3682650657745197	5.653847069225611	0	0	8.134633626763081	-30.396813752495234
5	-40	8.189422940808855	10.618297041228857	8.09344276058766	-3.3682650657745197	5.653847069225611	0	0	8.134633626763081	-30.396813752495234
2	40	8.189422940808855	10.618297041228857	8.09344276058766	-3.3682650657745197	5.653847069225611	0	0	7.478999948029685	-33.64828743634682
2	20	8.189422940808855	10.618297041228857	8.09344276058766	-3.3682650657745197	5.653847069225611	0	0	7.478999948029685	-33.64828743634682
2	10	8.189422940808855	10.618297041228857	8.09344276058766	-3.3682650657745197	5.653847069225611	0	0	7.478999948029685	-33.64828743634682
2	5	8.189422940808855	10.618297041228857	8.09344276058766	-3.3682650657745197	5.653847069225611	0	0	7.478999948029685	-33.64828743634682
2	2	8.189422940808855	10.618297041228857	8.09344276058766	-3.3682650657745197	5.653847069225611	0	0	7.478999948029685	-33.64828743634682
2	0	8.189422940808855	10.618297041228857	8.09344276058766	-3.3682650657745197	5.653847069225611	0	0	7.478999948029685	-33.64828743634682
2	-2	8.189422940808855	10.618297041228857	8.09344276058766	-3.3682650657745197	5.653847069225611	0	0	7.478999948029685	-33.64828743634682
2	-5	8.189422940808855	10.618297041228857	8.09344276058766	-3.3682650657745197	5.653847069225611	0	0	7.478999948029685	-33.64828743634682
2	-10	8.189422940808855	10.618297041228857	8.09344276058766	-3.3682650657745197	5.653847069225611	0	0	7.478999948029685	-33.64828743634682
2	-20	8.189422940808855	10.618297041228857	8.09344276058766	-3.3682650657745197	5.653847069225611	0	0	7.478999948029685	-33.64828743634682
2	-40	8.189422940808855	10.618297041228857	8.09344276058766	-3.3682650657745197	5.653847069225611	0	0	7.478999948029685	-33.64828743634682
0	40	8.189422940808855	10.618297041228857	8.09344276058766	-3.3682650657745197	5.653847069225611	0	0	6.841467529772567	-35.765238981988105
0	20	8.189422940808855	10.618297041228857	8.09344276058766	-3.3682650657745197	5.653847069225611	0	0	6.841467529772567	-35.765238981988105
0	10	8.189422940808855	10.618297041228857	8.09344276058766	-3.3682650657745197	5.653847069225611	0	0	6.841467529772567	-35.765238981988105
0	5	8.189422940808855	10.618297041228857	8.09344276058766	-3.3682650657745197	5.653847069225611	0	0	6.841467529772567	-35.765238981988105
0	2	8.189422940808855	10.618297041228857	8.09344276058766	-3.3682650657745197	5.653847069225611	0	0	6.841467529772567	-35.765238981988105
0	0	8.189422940808855	10.618297041228857	8.09344276058766	-3.3682650657745197	5.653847069225611	0	0	6.841467529772567	-35.765238981988105
0	-2	8.189422940808855	10.618297041228857	8.09344276058766	-3.3682650657745197	5.653847069225611	0	0	6.841467529772567	-35.765238981988105
0	-5	8.189422940808855	10.618297041228857	8.09344276058766	-3.3682650657745197	5.653847069225611	0	0	6.841467529772567	-35.765238981988105
0	-10	8.189422940808855	10.618297041228857	8.09344276058766	-3.3682650657745197	5.653847069225611	0	0	6.841467529772567	-35.765238981988105
0	-20	8.189422940808855	10.618297041228857	8.09344276058766	-3.3682650657745197	5.653847069225611	0	0	6.841467529772567	-35.765238981988105
0	-40	8.189422940808855	10.618297041228857	8.09344276058766	-3.3682650657745197	5.653847069225611	0	0	6.841467529772567	-35.765238981988105
-2	40	8.189422940808855	10.618297041228857	8.09344276058766	-3.3682650657745197	5.653847069225611	0	0	6.257692491828874	-37.83861609314257
-2	20	8.189422940808855	10.618297041228857	8.09344276058766	-3.3682650657745197	5.653847069225611	0	0	6.257692491828874	-37.83861609314257
-2	10	8.189422940808855	10.618297041228857	8.09344276058766	-3.3682650657745197	5.653847069225611	0	0	6.257692491828874	-37.83861609314257
-2	5	8.189422940808855	10.618297041228857	8.09344276058766	-3.3682650657745197	5.653847069225611	0	0	6.257692491828874	-37.83861609314257
-2	2	8.189422940808855	10.618297041228857	8.09344276058766	-3.3682650657745197	5.653847069225611	0	0	6.257692491828874	-37.83861609314257
-2	0	8.189422940808855	10.618297041228857	8.09344276058766	-3.3682650657745197	5.653847069225611	0	0	6.257692491828874	-37.83861609314257
-2	-2	8.189422940808855	10.618297041228857	8.09344276058766	-3.3682650657745197	5.653847069225611	0	0	6.257692491828874	-37.83861609314257
-2	-5	8.189422940808855	10.618297041228857	8.09344276058766	-3.3682650657745197	5.653847069225611	0	0	6.257692491828874	-37.83861609314257
-2	-10	8.189422940808855	10.618297041228857	8.09344276058766	-3.3682650657745197	5.653847069225611	0	0	6.257692491828874	-37.83861609314257
-2	-20	8.189422940808855	10.618297041228857	8.09344276058766	-3.3682650657745197	5.653847069225611	0	0	6.257692491828874	-37.83861609314257
-2	-40	8.189422940808855	10.618297041228857	8.09344276058766	-3.3682650657745197	5.653847069225611	0	0	6.257692491828874	-37.83861609314257
-5	40	8.189422940808855	10.618297041228857	8.09344276058766	-3.3682650657745197	5.653847069225611	0	0	5.525361865020128	-40.861469147186305
-5	20	8.189422940808855	10.618297041228857	8.09344276058766	-3.3682650657745197	5.653847069225611	0	0	5.525361865020128	-40.861469147186305
-5	10	8.189422940808855	10.618297041228857	8.09344276058766	-3.3682650657745197	5.653847069225611	0	0	5.525361865020128	-40.861469147186305
-5	5	8.189422940808855	10.618297041228857	8.09344276058766	-3.3682650657745197	5.653847069225611	0	0	5.525361865020128	-40.861469147186305
-5	2	8.189422940808855	10.618297041228857	8.09344276058766	-3.3682650657745197	5.653847069225611	0	0	5.525361865020128	-40.861469147186305
-5	0	8.189422940808855	10.618297041228857	8.09344276058766	-3.3682650657745197	5.653847069225611	0	0	5.525361865020128	-40.861469147186305
-5	-2	8.189422940808855	10.618297041228857	8.09344276058766	-3.3682650657745197	5.653847069225611	0	0	5.525361865020128	-40.861469147186305
-5	-5	8.189422940808855	10.618297041228857	8.09344276058766	-3.3682650657745197	5.653847069225611	0	0	5.525361865020128	-40.861469147186305
-5	-10	8.189422940808855	10.618297041228857	8.09344276058766	-3.3682650657745197	5.653847069225611	0	0	5.525361865020128	-40.861469147186305
-5	-20	8.189422940808855	10.618297041228857	8.09344276058766	-3.3682650657745197	5.653847069225611	0	0	5.525361865020128	-40.861469147186305
-5	-40	8.189422940808855	10.618297041228857	8.09344276058766	-3.3682650657745197	5.653847069225611	0	0	5.525361865020128	-40.861469147186305
-10	40	8.189422940808855	10.618297041228857	8.09344276058766	-3.3682650657745197	5.653847069225611	0	0	4.541597635884732	-45.646718859344766
-10	20	8.189422940808855	10.618297041228857	8.09344276058766	-3.3682650657745197	5.653847069225611	0	0	4.541597635884732	-45.646718859344766
-10	10	8.189422940808855	10.618297041228857	8.09344276058766	-3.3682650657745197	5.653847069225611	0	0	4.541597635884732	-45.646718859344766
-10	5	8.189422940808855	10.618297041228857	8.09344276058766	-3.3682650657745197	5.653847069225611	0	0	4.541597635884732	-45.646718859344766
-10	2	8.189422940808855	10.618297041228857	8.09344276058766	-3.3682650657745197	5.653847069225611	0	0	4.541597635884732	-45.646718859344766
-10	0	8.189422940808855	10.618297041228857	8.09344276058766	-3.3682650657745197	5.653847069225611	0	0	4.541597635884732	-45.646718859344766
-10	-2	8.189422940808855	10.618297041228857	8.09344276058766	-3.3682650657745197	5.653847069225611	0	0	4.541597635884732	-45.646718859344766
-10	-5	8.189422940808855	10.618297041228857	8.09344276058766	-3.3682650657745197	5.653847069225611	0	0	4.541597635884732	-45.646718859344766
-10	-10	8.189422940808855	10.618297041228857	8.09344276058766	-3.3682650657745197	5.653847069225611	0	0	4.541597635884732	-45.646718859344766
-10	-20	8.189422940808855	10.618297041228857	8.09344276058766	-3.3682650657745197	5.653847069225611	0	0	4.541597635884732	-45.646718859344766
-10	-40	8.189422940808855	10.618297041228857	8.09344276058766	-3.3682650657745197	5.653847069225611	0	0	4.541597635884732	-45.646718859344766
-15	40	8.189422940808855	10.618297041228857	8.09344276058766	-3.3682650657745197	5.653847069225611	0	0	3.8782468574861095	-50.084569478741194
-15	20	8.189422940808855	10.618297041228857	8.09344276058766	-3.3682650657745197	5.653847069225611	0	0	3.8782468574861095	-50.084569478741194
-15	10	8.189422940808855	10.618297041228857	8.09344276058766	-3.3682650657745197	5.653847069225611	0	0	3.8782468574861095	-50.084569478741194
-15	5	8.189422940808855	10.618297041228857	8.09344276058766	-3.3682650657745197	5.653847069225611	0	0	3.8782468574861095	-50.084569478741194
-15	2	8.189422940808855	10.618297041228857	8.09344276058766	-3.3682650657745197	5.653847069225611	0	0	3.8782468574861095	-50.084569478741194
-15	0	8.189422940808855	10.618297041228857	8.09344276058766	-3.3682650657745197	5.653847069225611	0	0	3.8782468574861095	-50.084569478741194
-15	-2	8.189422940808855	10.618297041228857	8.09344276058766	-3.3682650657745197	5.653847069225611	0	0	3.8782468574861095	-50.084569478741194
-15	-5	8.189422940808855	10.618297041228857	8.09344276058766	-3.3682650657745197	5.653847069225611	0	0	3.8782468574861095	-50.084569478741194
-15	-10	8.189422940808855	10.618297041228857	8.09344276058766	-3.3682650657745197	5.653847069225611	0	0	3.8782468574861095	-50.084569478741194
-15	-20	8.189422940808855	10.618297041228857	8.09344276058766	-3.3682650657745197	5.653847069225611	0	0	3.8782468574861095	-50.084569478741194
-15	-40	8.189422940808855	10.618297041228857	8.09344276058766	-3.3682650657745197	5.653847069225611	0	0	3.8782468574861095	-50.084569478741194
-30	40	8.189422940808855	10.618297041228857	8.09344276058766	-3.3682650657745197	5.653847069225611	0	0	2.3661424516257177	-60.990719334182565
-30	20	8.189422940808855	10.618297041228857	8.09344276058766	-3.3682650657745197	5.653847069225611	0	0	2.3661424516257177	-60.990719334182565
-30	10	8.189422940808855	10.618297041228857	8.09344276058766	-3.3682650657745197	5.653847069225611	0	0	2.3661424516257177	-60.990719334182565
-30	5	8.189422940808855	10.618297041228857	8.09344276058766	-3.3682650657745197	5.653847069225611	0	0	2.3661424516257177	-60.990719334182565
-30	2	8.189422940808855	10.618297041228857	8.09344276058766	-3.3682650657745197	5.653847069225611	0	0	2.3661424516257177	-60.990719334182565
-30	0	8.189422940808855	10.618297041228857	8.09344276058766	-3.3682650657745197	5.653847069225611	0	0	2.3661424516257177	-60.990719334182565
-30	-2	8.189422940808855	10.618297041228857	8.09344276058766	-3.3682650657745197	5.653847069225611	0	0	2.3661424516257177	-60.990719334182565
-30	-5	8.189422940808855	10.618297041228857	8.09344276058766	-3.3682650657745197	5.653847069225611	0	0	2.3661424516257177	-60.990719334182565
-30	-10	8.189422940808855	10.618297041228857	8.09344276058766	-3.3682650657745197	5.653847069225611	0	0	2.3661424516257177	-60.990719334182565
-30	-20	8.189422940808855	10.618297041228857	8.09344276058766	-3.3682650657745197	5.653847069225611	0	0	2.3661424516257177	-60.990719334182565
-30	-40	8.189422940808855	10.618297041228857	8.09344276058766	-3.3682650657745197	5.653847069225611	0	0	2.3661424516257177	-60.990719334182565
-60	40	8.189422940808855	10.61429371112428	8.094178262984842	-3.3678018621825014	5.6536113711707054	0.00019051611956699688	0.0018085305246426375	1.3152333231795232	-69.84281686585487
-60	20	8.189422940808855	10.618297041228857	8.09344276058766	-3.3682650657745197	5.653847069225611	0	0	1.3152333231795232	-69.87378569498955
-60	10	8.189422940808855	10.618297041228857	8.09344276058766	-3.3682650657745197	5.653847069225611	0	0	1.3152333231795232	-69.87378569498955
-60	5	8.189422940808855	10.618297041228857	8.09344276058766	-3.3682650657745197	5.653847069225611	0	0	1.3152333231795232	-69.87378569498955
-60	2	8.189422940808855	10.618297041228857	8.09344276058766	-3.3682650657745197	5.653847069225611	0	0	1.3152333231795232	-69.87378569498955
-60	-20	8.189422940808855	10.617378489645395	8.093326627912393	-3.3680469599408567	5.653792480252253	0.000012607739606540491	0.00007361803901054925	1.3152333231795232	-69.86608136189106
-60	0	8.189422940808855	10.618297041228857	8.09344276058766	-3.3682650657745197	5.653847069225611	0	0	1.3152333231795232	-69.87378569498955
-60	-2	8.189422940808855	10.618297041228857	8.09344276058766	-3.3682650657745197	5.653847069225611	0	0	1.3152333231795232	-69.87378569498955
-60	-5	8.189422940808855	10.618297041228857	8.09344276058766	-3.3682650657745197	5.653847069225611	0	0	1.3152333231795232	-69.87378569498955
-60	-10	8.189422940808855	10.618297041228857	8.09344276058766	-3.3682650657745197	5.653847069225611	0	0	1.3152333231795232	-69.87378569498955
-60	-40	8.189422940808855	10.55255551623095	8.085835051555758	-3.354807885218236	5.650593086102473	0.004999883767533575	0.01583422371704568	1.3152333231795232	-69.34043181986625
60	40	6.4450589787684045	10.22163301917259	8.162676386469961	-3.400238236654218	5.644421614654397	0.1697616018876964	0.17194811988892322	3.2059582381643934	32.587520659684444
60	10	6.4450589787684045	10.618297041228857	8.09344276058766	-3.3682650657745197	5.653847069225611	0	0	3.2059582381643934	34.10854671300144
60	20	6.4450589787684045	10.618297041228857	8.09344276058766	-3.3682650657745197	5.653847069225611	0	0	3.2059582381643934	34.10854671300144
60	5	6.4450589787684045	10.618297041228857	8.09344276058766	-3.3682650657745197	5.653847069225611	0	0	3.2059582381643934	34.10854671300144
60	2	6.4450589787684045	10.618297041228857	8.09344276058766	-3.3682650657745197	5.653847069225611	0	0	3.2059582381643934	34.10854671300144
60	0	6.4450589787684045	10.618297041228857	8.09344276058766	-3.3682650657745197	5.653847069225611	0	0	3.2059582381643934	34.10854671300144
60	-2	6.4450589787684045	10.618297041228857	8.09344276058766	-3.3682650657745197	5.653847069225611	0	0	3.2059582381643934	34.10854671300144
60	-40	6.4450589787684045	10.587977541481832	8.089759930945519	-3.3711330734060567	5.652538439546061	0.011557610688815778	0.006455218845303756	3.2059582381643934	33.98397049808038
60	-5	6.4450589787684045	10.618297041228857	8.09344276058766	-3.3682650657745197	5.653847069225611	0	0	3.2059582381643934	34.10854671300144
60	-10	6.4450589787684045	10.618297041228857	8.09344276058766	-3.3682650657745197	5.653847069225611	0	0	3.2059582381643934	34.10854671300144
60	-20	6.4450589787684045	10.618297041228857	8.09344276058766	-3.3682650657745197	5.653847069225611	0	0	3.2059582381643934	34.10854671300144
30	40	6.4450589787684045	10.618297041228857	8.09344276058766	-3.3682650657745197	5.653847069225611	0	0	10.324851400143919	-0.9564917274638247
30	10	6.4450589787684045	10.618297041228857	8.09344276058766	-3.3682650657745197	5.653847069225611	0	0	10.324851400143919	-0.9564917274638247
30	20	6.4450589787684045	10.618297041228857	8.09344276058766	-3.3682650657745197	5.653847069225611	0	0	10.324851400143919	-0.9564917274638247
30	5	6.4450589787684045	10.618297041228857	8.09344276058766	-3.3682650657745197	5.653847069225611	0	0	10.324851400143919	-0.9564917274638247
30	2	6.4450589787684045	10.618297041228857	8.09344276058766	-3.3682650657745197	5.653847069225611	0	0	10.324851400143919	-0.9564917274638247
30	0	6.4450589787684045	10.618297041228857	8.09344276058766	-3.3682650657745197	5.653847069225611	0	0	10.324851400143919	-0.9564917274638247
30	-2	6.4450589787684045	10.618297041228857	8.09344276058766	-3.3682650657745197	5.653847069225611	0	0	10.324851400143919	-0.9564917274638247
30	-5	6.4450589787684045	10.618297041228857	8.09344276058766	-3.3682650657745197	5.653847069225611	0	0	10.324851400143919	-0.9564917274638247
30	-10	6.4450589787684045	10.618297041228857	8.09344276058766	-3.3682650657745197	5.653847069225611	0	0	10.324851400143919	-0.9564917274638247
30	-20	6.4450589787684045	10.618297041228857	8.09344276058766	-3.3682650657745197	5.653847069225611	0	0	10.324851400143919	-0.9564917274638247
30	-40	6.4450589787684045	10.618297041228857	8.09344276058766	-3.3682650657745197	5.653847069225611	0	0	10.324851400143919	-0.9564917274638247
15	40	6.4450589787684045	10.618297041228857	8.09344276058766	-3.3682650657745197	5.653847069225611	0	0	9.104675089085017	-19.00856655346452
15	20	6.4450589787684045	10.618297041228857	8.09344276058766	-3.3682650657745197	5.653847069225611	0	0	9.104675089085017	-19.00856655346452
15	10	6.4450589787684045	10.618297041228857	8.09344276058766	-3.3682650657745197	5.653847069225611	0	0	9.104675089085017	-19.00856655346452
15	5	6.4450589787684045	10.618297041228857	8.09344276058766	-3.3682650657745197	5.653847069225611	0	0	9.104675089085017	-19.00856655346452
15	2	6.4450589787684045	10.618297041228857	8.09344276058766	-3.3682650657745197	5.653847069225611	0	0	9.104675089085017	-19.00856655346452
15	0	6.4450589787684045	10.618297041228857	8.09344276058766	-3.3682650657745197	5.653847069225611	0	0	9.104675089085017	-19.00856655346452
15	-2	6.4450589787684045	10.618297041228857	8.09344276058766	-3.3682650657745197	5.653847069225611	0	0	9.104675089085017	-19.00856655346452
15	-5	6.4450589787684045	10.618297041228857	8.09344276058766	-3.3682650657745197	5.653847069225611	0	0	9.104675089085017	-19.00856655346452
15	-10	6.4450589787684045	10.618297041228857	8.09344276058766	-3.3682650657745197	5.653847069225611	0	0	9.104675089085017	-19.00856655346452
15	-20	6.4450589787684045	10.618297041228857	8.09344276058766	-3.3682650657745197	5.653847069225611	0	0	9.104675089085017	-19.00856655346452
15	-40	6.4450589787684045	10.618297041228857	8.09344276058766	-3.3682650657745197	5.653847069225611	0	0	9.104675089085017	-19.00856655346452
10	40	6.4450589787684045	10.618297041228857	8.09344276058766	-3.3682650657745197	5.653847069225611	0	0	8.028705009901106	-24.797050416247906
10	20	6.4450589787684045	10.618297041228857	8.09344276058766	-3.3682650657745197	5.653847069225611	0	0	8.028705009901106	-24.797050416247906
10	10	6.4450589787684045	10.618297041228857	8.09344276058766	-3.3682650657745197	5.653847069225611	0	0	8.028705009901106	-24.797050416247906
10	5	6.4450589787684045	10.618297041228857	8.09344276058766	-3.3682650657745197	5.653847069225611	0	0	8.028705009901106	-24.797050416247906
10	2	6.4450589787684045	10.618297041228857	8.09344276058766	-3.3682650657745197	5.653847069225611	0	0	8.028705009901106	-24.797050416247906
10	0	6.4450589787684045	10.618297041228857	8.09344276058766	-3.3682650657745197	5.653847069225611	0	0	8.028705009901106	-24.797050416247906
10	-2	6.4450589787684045	10.618297041228857	8.09344276058766	-3.3682650657745197	5.653847069225611	0	0	8.028705009901106	-24.797050416247906
10	-5	6.4450589787684045	10.618297041228857	8.09344276058766	-3.3682650657745197	5.653847069225611	0	0	8.028705009901106	-24.797050416247906
10	-10	6.4450589787684045	10.618297041228857	8.09344276058766	-3.3682650657745197	5.653847069225611	0	0	8.028705009901106	-24.797050416247906
10	-20	6.4450589787684045	10.618297041228857	8.09344276058766	-3.3682650657745197	5.653847069225611	0	0	8.028705009901106	-24.797050416247906
10	-40	6.4450589787684045	10.618297041228857	8.09344276058766	-3.3682650657745197	5.653847069225611	0	0	8.028705009901106	-24.797050416247906
5	40	6.4450589787684045	10.618297041228857	8.09344276058766	-3.3682650657745197	5.653847069225611	0	0	8.134633626763081	-30.396813752495234
5	20	6.4450589787684045	10.618297041228857	8.09344276058766	-3.3682650657745197	5.653847069225611	0	0	8.134633626763081	-30.396813752495234
5	10	6.4450589787684045	10.618297041228857	8.09344276058766	-3.3682650657745197	5.653847069225611	0	0	8.134633626763081	-30.396813752495234
5	5	6.4450589787684045	10.618297041228857	8.09344276058766	-3.3682650657745197	5.653847069225611	0	0	8.134633626763081	-30.396813752495234
5	2	6.4450589787684045	10.618297041228857	8.09344276058766	-3.3682650657745197	5.653847069225611	0	0	8.134633626763081	-30.396813752495234
5	0	6.4450589787684045	10.618297041228857	8.09344276058766	-3.3682650657745197	5.653847069225611	0	0	8.134633626763081	-30.396813752495234
5	-2	6.4450589787684045	10.618297041228857	8.09344276058766	-3.3682650657745197	5.653847069225611	0	0	8.134633626763081	-30.396813752495234
5	-5	6.4450589787684045	10.618297041228857	8.09344276058766	-3.3682650657745197	5.653847069225611	0	0	8.134633626763081	-30.396813752495234
5	-10	6.4450589787684045	10.618297041228857	8.09344276058766	-3.3682650657745197	5.653847069225611	0	0	8.134633626763081	-30.396813752495234
5	-20	6.4450589787684045	10.618297041228857	8.09344276058766	-3.3682650657745197	5.653847069225611	0	0	8.134633626763081	-30.396813752495234
5	-40	6.4450589787684045	10.618297041228857	8.09344276058766	-3.3682650657745197	5.653847069225611	0	0	8.134633626763081	-30.396813752495234
2	40	6.4450589787684045	10.618297041228857	8.09344276058766	-3.3682650657745197	5.653847069225611	0	0	7.478999948029685	-33.64828743634682
2	20	6.4450589787684045	10.618297041228857	8.09344276058766	-3.3682650657745197	5.653847069225611	0	0	7.478999948029685	-33.64828743634682
2	10	6.4450589787684045	10.618297041228857	8.09344276058766	-3.3682650657745197	5.653847069225611	0	0	7.478999948029685	-33.64828743634682
2	5	6.4450589787684045	10.618297041228857	8.09344276058766	-3.3682650657745197	5.653847069225611	0	0	7.478999948029685	-33.64828743634682
2	2	6.4450589787684045	10.618297041228857	8.09344276058766	-3.3682650657745197	5.653847069225611	0	0	7.478999948029685	-33.64828743634682
2	0	6.4450589787684045	10.618297041228857	8.09344276058766	-3.3682650657745197	5.653847069225611	0	0	7.478999948029685	-33.64828743634682
2	-2	6.4450589787684045	10.618297041228857	8.09344276058766	-3.3682650657745197	5.653847069225611	0	0	7.478999948029685	-33.64828743634682
2	-5	6.4450589787684045	10.618297041228857	8.09344276058766	-3.3682650657745197	5.653847069225611	0	0	7.478999948029685	-33.64828743634682
2	-10	6.4450589787684045	10.618297041228857	8.09344276058766	-3.3682650657745197	5.653847069225611	0	0	7.478999948029685	-33.64828743634682
2	-20	6.4450589787684045	10.618297041228857	8.09344276058766	-3.3682650657745197	5.653847069225611	0	0	7.478999948029685	-33.64828743634682
2	-40	6.4450589787684045	10.618297041228857	8.09344276058766	-3.3682650657745197	5.653847069225611	0	0	7.478999948029685	-33.64828743634682
0	40	6.4450589787684045	10.618297041228857	8.09344276058766	-3.3682650657745197	5.653847069225611	0	0	6.841467529772567	-35.765238981988105
0	20	6.4450589787684045	10.618297041228857	8.09344276058766	-3.3682650657745197	5.653847069225611	0	0	6.841467529772567	-35.765238981988105
0	10	6.4450589787684045	10.618297041228857	8.09344276058766	-3.3682650657745197	5.653847069225611	0	0	6.841467529772567	-35.765238981988105
0	5	6.4450589787684045	10.618297041228857	8.09344276058766	-3.3682650657745197	5.653847069225611	0	0	6.841467529772567	-35.765238981988105
0	2	6.4450589787684045	10.618297041228857	8.09344276058766	-3.3682650657745197	5.653847069225611	0	0	6.841467529772567	-35.765238981988105
0	0	6.4450589787684045	10.618297041228857	8.09344276058766	-3.3682650657745197	5.653847069225611	0	0	6.841467529772567	-35.765238981988105
0	-2	6.4450589787684045	10.618297041228857	8.09344276058766	-3.3682650657745197	5.653847069225611	0	0	6.841467529772567	-35.765238981988105
0	-5	6.4450589787684045	10.618297041228857	8.09344276058766	-3.3682650657745197	5.653847069225611	0	0	6.841467529772567	-35.765238981988105
0	-10	6.4450589787684045	10.618297041228857	8.09344276058766	-3.3682650657745197	5.653847069225611	0	0	6.841467529772567	-35.765238981988105
0	-20	6.4450589787684045	10.618297041228857	8.09344276058766	-3.3682650657745197	5.653847069225611	0	0	6.841467529772567	-35.765238981988105
0	-40	6.4450589787684045	10.618297041228857	8.09344276058766	-3.3682650657745197	5.653847069225611	0	0	6.841467529772567	-35.765238981988105
-2	40	6.4450589787684045	10.618297041228857	8.09344276058766	-3.3682650657745197	5.653847069225611	0	0	6.257692491828874	-37.83861609314257
-2	20	6.4450589787684045	10.618297041228857	8.09344276058766	-3.3682650657745197	5.653847069225611	0	0	6.257692491828874	-37.83861609314257
-2	10	6.4450589787684045	10.618297041228857	8.09344276058766	-3.3682650657745197	5.653847069225611	0	0	6.257692491828874	-37.83861609314257
-2	5	6.4450589787684045	10.618297041228857	8.09344276058766	-3.3682650657745197	5.653847069225611	0	0	6.257692491828874	-37.83861609314257
-2	2	6.4450589787684045	10.618297041228857	8.09344276058766	-3.3682650657745197	5.653847069225611	0	0	6.257692491828874	-37.83861609314257
-2	0	6.4450589787684045	10.618297041228857	8.09344276058766	-3.3682650657745197	5.653847069225611	0	0	6.257692491828874	-37.83861609314257
-2	-2	6.4450589787684045	10.618297041228857	8.09344276058766	-3.3682650657745197	5.653847069225611	0	0	6.257692491828874	-37.83861609314257
-2	-5	6.4450589787684045	10.618297041228857	8.09344276058766	-3.3682650657745197	5.653847069225611	0	0	6.257692491828874	-37.83861609314257
-2	-20	6.4450589787684045	10.618297041228857	8.09344276058766	-3.3682650657745197	5.653847069225611	0	0	6.257692491828874	-37.83861609314257
-2	-10	6.4450589787684045	10.618297041228857	8.09344276058766	-3.3682650657745197	5.653847069225611	0	0	6.257692491828874	-37.83861609314257
-2	-40	6.4450589787684045	10.618297041228857	8.09344276058766	-3.3682650657745197	5.653847069225611	0	0	6.257692491828874	-37.83861609314257
-5	40	6.4450589787684045	10.618297041228857	8.09344276058766	-3.3682650657745197	5.653847069225611	0	0	5.525361865020128	-40.861469147186305
-5	20	6.4450589787684045	10.618297041228857	8.09344276058766	-3.3682650657745197	5.653847069225611	0	0	5.525361865020128	-40.861469147186305
-5	10	6.4450589787684045	10.618297041228857	8.09344276058766	-3.3682650657745197	5.653847069225611	0	0	5.525361865020128	-40.861469147186305
-5	5	6.4450589787684045	10.618297041228857	8.09344276058766	-3.3682650657745197	5.653847069225611	0	0	5.525361865020128	-40.861469147186305
-5	2	6.4450589787684045	10.618297041228857	8.09344276058766	-3.3682650657745197	5.653847069225611	0	0	5.525361865020128	-40.861469147186305
-5	0	6.4450589787684045	10.618297041228857	8.09344276058766	-3.3682650657745197	5.653847069225611	0	0	5.525361865020128	-40.861469147186305
-5	-2	6.4450589787684045	10.618297041228857	8.09344276058766	-3.3682650657745197	5.653847069225611	0	0	5.525361865020128	-40.861469147186305
-5	-5	6.4450589787684045	10.618297041228857	8.09344276058766	-3.3682650657745197	5.653847069225611	0	0	5.525361865020128	-40.861469147186305
-5	-10	6.4450589787684045	10.618297041228857	8.09344276058766	-3.3682650657745197	5.653847069225611	0	0	5.525361865020128	-40.861469147186305
-5	-20	6.4450589787684045	10.618297041228857	8.09344276058766	-3.3682650657745197	5.653847069225611	0	0	5.525361865020128	-40.861469147186305
-5	-40	6.4450589787684045	10.618297041228857	8.09344276058766	-3.3682650657745197	5.653847069225611	0	0	5.525361865020128	-40.861469147186305
-10	40	6.4450589787684045	10.618297041228857	8.09344276058766	-3.3682650657745197	5.653847069225611	0	0	4.541597635884732	-45.646718859344766
-10	20	6.4450589787684045	10.618297041228857	8.09344276058766	-3.3682650657745197	5.653847069225611	0	0	4.541597635884732	-45.646718859344766
-10	10	6.4450589787684045	10.618297041228857	8.09344276058766	-3.3682650657745197	5.653847069225611	0	0	4.541597635884732	-45.646718859344766
-10	5	6.4450589787684045	10.618297041228857	8.09344276058766	-3.3682650657745197	5.653847069225611	0	0	4.541597635884732	-45.646718859344766
-10	2	6.4450589787684045	10.618297041228857	8.09344276058766	-3.3682650657745197	5.653847069225611	0	0	4.541597635884732	-45.646718859344766
-10	0	6.4450589787684045	10.618297041228857	8.09344276058766	-3.3682650657745197	5.653847069225611	0	0	4.541597635884732	-45.646718859344766
-10	-2	6.4450589787684045	10.618297041228857	8.09344276058766	-3.3682650657745197	5.653847069225611	0	0	4.541597635884732	-45.646718859344766
-10	-5	6.4450589787684045	10.618297041228857	8.09344276058766	-3.3682650657745197	5.653847069225611	0	0	4.541597635884732	-45.646718859344766
-10	-10	6.4450589787684045	10.618297041228857	8.09344276058766	-3.3682650657745197	5.653847069225611	0	0	4.541597635884732	-45.646718859344766
-10	-20	6.4450589787684045	10.618297041228857	8.09344276058766	-3.3682650657745197	5.653847069225611	0	0	4.541597635884732	-45.646718859344766
-10	-40	6.4450589787684045	10.618297041228857	8.09344276058766	-3.3682650657745197	5.653847069225611	0	0	4.541597635884732	-45.646718859344766
-15	40	6.4450589787684045	10.618297041228857	8.09344276058766	-3.3682650657745197	5.653847069225611	0	0	3.8782468574861095	-50.084569478741194
-15	20	6.4450589787684045	10.618297041228857	8.09344276058766	-3.3682650657745197	5.653847069225611	0	0	3.8782468574861095	-50.084569478741194
-15	10	6.4450589787684045	10.618297041228857	8.09344276058766	-3.3682650657745197	5.653847069225611	0	0	3.8782468574861095	-50.084569478741194
-15	5	6.4450589787684045	10.618297041228857	8.09344276058766	-3.3682650657745197	5.653847069225611	0	0	3.8782468574861095	-50.084569478741194
-15	2	6.4450589787684045	10.618297041228857	8.09344276058766	-3.3682650657745197	5.653847069225611	0	0	3.8782468574861095	-50.084569478741194
-15	0	6.4450589787684045	10.618297041228857	8.09344276058766	-3.3682650657745197	5.653847069225611	0	0	3.8782468574861095	-50.084569478741194
-15	-2	6.4450589787684045	10.618297041228857	8.09344276058766	-3.3682650657745197	5.653847069225611	0	0	3.8782468574861095	-50.084569478741194
-15	-5	6.4450589787684045	10.618297041228857	8.09344276058766	-3.3682650657745197	5.653847069225611	0	0	3.8782468574861095	-50.084569478741194
-15	-10	6.4450589787684045	10.618297041228857	8.09344276058766	-3.3682650657745197	5.653847069225611	0	0	3.8782468574861095	-50.084569478741194
-15	-20	6.4450589787684045	10.618297041228857	8.09344276058766	-3.3682650657745197	5.653847069225611	0	0	3.8782468574861095	-50.084569478741194
-15	-40	6.4450589787684045	10.618297041228857	8.09344276058766	-3.3682650657745197	5.653847069225611	0	0	3.8782468574861095	-50.084569478741194
-30	40	6.4450589787684045	10.618297041228857	8.09344276058766	-3.3682650657745197	5.653847069225611	0	0	2.3661424516257177	-60.990719334182565
-30	20	6.4450589787684045	10.618297041228857	8.09344276058766	-3.3682650657745197	5.653847069225611	0	0	2.3661424516257177	-60.990719334182565
-30	10	6.4450589787684045	10.618297041228857	8.09344276058766	-3.3682650657745197	5.653847069225611	0	0	2.3661424516257177	-60.990719334182565
-30	5	6.4450589787684045	10.618297041228857	8.09344276058766	-3.3682650657745197	5.653847069225611	0	0	2.3661424516257177	-60.990719334182565
-30	2	6.4450589787684045	10.618297041228857	8.09344276058766	-3.3682650657745197	5.653847069225611	0	0	2.3661424516257177	-60.990719334182565
-30	0	6.4450589787684045	10.618297041228857	8.09344276058766	-3.3682650657745197	5.653847069225611	0	0	2.3661424516257177	-60.990719334182565
-30	-2	6.4450589787684045	10.618297041228857	8.09344276058766	-3.3682650657745197	5.653847069225611	0	0	2.3661424516257177	-60.990719334182565
-30	-5	6.4450589787684045	10.618297041228857	8.09344276058766	-3.3682650657745197	5.653847069225611	0	0	2.3661424516257177	-60.990719334182565
-30	-10	6.4450589787684045	10.618297041228857	8.09344276058766	-3.3682650657745197	5.653847069225611	0	0	2.3661424516257177	-60.990719334182565
-30	-20	6.4450589787684045	10.618297041228857	8.09344276058766	-3.3682650657745197	5.653847069225611	0	0	2.3661424516257177	-60.990719334182565
-30	-40	6.4450589787684045	10.618297041228857	8.09344276058766	-3.3682650657745197	5.653847069225611	0	0	2.3661424516257177	-60.990719334182565
-60	40	6.4450589787684045	10.30948614139248	8.137859840934125	-3.3385817098502053	5.638406275083941	0.060796140430799284	0.5517380526033442	1.3152333231795232	-67.55078342448265
-60	20	6.4450589787684045	10.602825518203835	8.094653066192345	-3.3657416123082613	5.652920779965551	0.009060892808771648	0.24598265395119626	1.3152333231795232	-69.75009186889366
-60	10	6.4450589787684045	10.594952931630841	8.091574192394102	-3.363203548438983	5.6524987530527575	0.0019043143570955934	0.06341414594496415	1.3152333231795232	-69.68098485963061
-60	5	6.4450589787684045	10.577496798827891	8.089857395314567	-3.3595245898096575	5.651564668815479	0.0022118072808225975	0.05760123392902977	1.3152333231795232	-69.5381655492559
-60	2	6.4450589787684045	10.564507727239269	8.088586296706747	-3.356865851709388	5.650895081548081	0.002709619783490602	0.058196344294688146	1.3152333231795232	-69.43260303114587
-60	0	6.4450589787684045	10.554820034326506	8.087636180567083	-3.354918422561967	5.6504076392401235	0.003160948596971025	0.05941972261012915	1.3152333231795232	-69.35420010909537
-60	-2	6.4450589787684045	10.544298170084023	8.086601524470272	-3.352834115737681	5.64988861496162	0.0037134283181581296	0.06114584143331048	1.3152333231795232	-69.2693341427106
60	20	5.282149670741436	10.425032961669922	8.125025867121856	-3.3859590182640473	5.646887560307538	0.08429318668883212	0.16629033403265447	3.2059582381643934	33.332672737117456
-60	-5	6.4450589787684045	10.526903198844765	8.084884459027604	-3.3494521408734985	5.649052001039859	0.004751182351657057	0.06455972441021945	1.3152333231795232	-69.12963233595944
-60	-10	6.4450589787684045	10.493309926787326	8.081545805110393	-3.343119771819012	5.647502616818893	0.007143194025800881	0.07238709021123824	1.3152333231795232	-68.86172330194277
-60	-20	6.4450589787684045	10.405381598759593	8.072677282808272	-3.3275653648760524	5.643780634537153	0.01559634544416788	0.09819054996534948	1.3152333231795232	-68.17023410930892
60	10	5.282149670741436	10.606664821833089	8.095467026141554	-3.3694361581493038	5.653219960829916	0.0014900232799814894	0.01140329858901068	3.2059582381643934	34.05921011679471
-60	-40	6.4450589787684045	10.083929658708918	8.038803339464597	-3.279705237125056	5.632983202979541	0.07262787067306675	0.2539036458599857	1.3152333231795232	-65.7286585890073
60	40	5.282149670741436	9.372029500022908	8.298292460291977	-3.45329564454293	5.628873394512028	0.4869737868951276	0.7374394379996856	3.2059582381643934	29.50408168349616
60	5	5.282149670741436	10.618297041228857	8.09344276058766	-3.3682650657745197	5.653847069225611	0	0	3.2059582381643934	34.10854671300144
60	2	5.282149670741436	10.618297041228857	8.09344276058766	-3.3682650657745197	5.653847069225611	0	0	3.2059582381643934	34.10854671300144
60	-40	5.282149670741436	10.178884593841008	8.045401859153856	-3.404254876244263	5.646669625330947	0.40838378792813934	0.228092708339946	3.2059582381643934	32.4506088342579
60	-10	5.282149670741436	10.617961826341265	8.093400751802866	-3.36829988197608	5.6538271047170054	0.000013164590018599487	0.00010074993646271013	3.2059582381643934	34.107101500755185
60	0	5.282149670741436	10.618297041228857	8.09344276058766	-3.3682650657745197	5.653847069225611	0	0	3.2059582381643934	34.10854671300144
30	40	5.282149670741436	10.605722569096324	8.09581829998237	-3.3694121687187253	5.653168756582644	0.0035745801265197885	0.0019964937060132915	10.324851400143919	-0.9694919621557417
60	-2	5.282149670741436	10.618297041228857	8.09344276058766	-3.3682650657745197	5.653847069225611	0	0	3.2059582381643934	34.10854671300144
60	-20	5.282149670741436	10.584456446407373	8.089642927338227	-3.371547359661996	5.65224715297173	0.008257367236717883	0.016289814277550163	3.2059582381643934	33.96780637697229
60	-5	5.282149670741436	10.618297041228857	8.09344276058766	-3.3682650657745197	5.653847069225611	0	0	3.2059582381643934	34.10854671300144
30	10	5.282149670741436	10.618297041228857	8.09344276058766	-3.3682650657745197	5.653847069225611	0	0	10.324851400143919	-0.9564917274638247
30	20	5.282149670741436	10.618297041228857	8.09344276058766	-3.3682650657745197	5.653847069225611	0	0	10.324851400143919	-0.9564917274638247
30	5	5.282149670741436	10.618297041228857	8.09344276058766	-3.3682650657745197	5.653847069225611	0	0	10.324851400143919	-0.9564917274638247
30	2	5.282149670741436	10.618297041228857	8.09344276058766	-3.3682650657745197	5.653847069225611	0	0	10.324851400143919	-0.9564917274638247
30	-2	5.282149670741436	10.618297041228857	8.09344276058766	-3.3682650657745197	5.653847069225611	0	0	10.324851400143919	-0.9564917274638247
30	0	5.282149670741436	10.618297041228857	8.09344276058766	-3.3682650657745197	5.653847069225611	0	0	10.324851400143919	-0.9564917274638247
30	-5	5.282149670741436	10.618297041228857	8.09344276058766	-3.3682650657745197	5.653847069225611	0	0	10.324851400143919	-0.9564917274638247
30	-10	5.282149670741436	10.618297041228857	8.09344276058766	-3.3682650657745197	5.653847069225611	0	0	10.324851400143919	-0.9564917274638247
30	-20	5.282149670741436	10.618297041228857	8.09344276058766	-3.3682650657745197	5.653847069225611	0	0	10.324851400143919	-0.9564917274638247
30	-40	5.282149670741436	10.618297041228857	8.09344276058766	-3.3682650657745197	5.653847069225611	0	0	10.324851400143919	-0.9564917274638247
15	20	5.282149670741436	10.618297041228857	8.09344276058766	-3.3682650657745197	5.653847069225611	0	0	9.104675089085017	-19.00856655346452
15	40	5.282149670741436	10.618297041228857	8.09344276058766	-3.3682650657745197	5.653847069225611	0	0	9.104675089085017	-19.00856655346452
15	10	5.282149670741436	10.618297041228857	8.09344276058766	-3.3682650657745197	5.653847069225611	0	0	9.104675089085017	-19.00856655346452
15	5	5.282149670741436	10.618297041228857	8.09344276058766	-3.3682650657745197	5.653847069225611	0	0	9.104675089085017	-19.00856655346452
15	2	5.282149670741436	10.618297041228857	8.09344276058766	-3.3682650657745197	5.653847069225611	0	0	9.104675089085017	-19.00856655346452
15	-2	5.282149670741436	10.618297041228857	8.09344276058766	-3.3682650657745197	5.653847069225611	0	0	9.104675089085017	-19.00856655346452
15	0	5.282149670741436	10.618297041228857	8.09344276058766	-3.3682650657745197	5.653847069225611	0	0	9.104675089085017	-19.00856655346452
15	-5	5.282149670741436	10.618297041228857	8.09344276058766	-3.3682650657745197	5.653847069225611	0	0	9.104675089085017	-19.00856655346452
15	-10	5.282149670741436	10.618297041228857	8.09344276058766	-3.3682650657745197	5.653847069225611	0	0	9.104675089085017	-19.00856655346452
15	-20	5.282149670741436	10.618297041228857	8.09344276058766	-3.3682650657745197	5.653847069225611	0	0	9.104675089085017	-19.00856655346452
15	-40	5.282149670741436	10.618297041228857	8.09344276058766	-3.3682650657745197	5.653847069225611	0	0	9.104675089085017	-19.00856655346452
10	40	5.282149670741436	10.618297041228857	8.09344276058766	-3.3682650657745197	5.653847069225611	0	0	8.028705009901106	-24.797050416247906
10	20	5.282149670741436	10.618297041228857	8.09344276058766	-3.3682650657745197	5.653847069225611	0	0	8.028705009901106	-24.797050416247906
10	10	5.282149670741436	10.618297041228857	8.09344276058766	-3.3682650657745197	5.653847069225611	0	0	8.028705009901106	-24.797050416247906
10	5	5.282149670741436	10.618297041228857	8.09344276058766	-3.3682650657745197	5.653847069225611	0	0	8.028705009901106	-24.797050416247906
10	2	5.282149670741436	10.618297041228857	8.09344276058766	-3.3682650657745197	5.653847069225611	0	0	8.028705009901106	-24.797050416247906
10	0	5.282149670741436	10.618297041228857	8.09344276058766	-3.3682650657745197	5.653847069225611	0	0	8.028705009901106	-24.797050416247906
10	-2	5.282149670741436	10.618297041228857	8.09344276058766	-3.3682650657745197	5.653847069225611	0	0	8.028705009901106	-24.797050416247906
10	-5	5.282149670741436	10.618297041228857	8.09344276058766	-3.3682650657745197	5.653847069225611	0	0	8.028705009901106	-24.797050416247906
10	-10	5.282149670741436	10.618297041228857	8.09344276058766	-3.3682650657745197	5.653847069225611	0	0	8.028705009901106	-24.797050416247906
10	-20	5.282149670741436	10.618297041228857	8.09344276058766	-3.3682650657745197	5.653847069225611	0	0	8.028705009901106	-24.797050416247906
10	-40	5.282149670741436	10.618297041228857	8.09344276058766	-3.3682650657745197	5.653847069225611	0	0	8.028705009901106	-24.797050416247906
5	40	5.282149670741436	10.618297041228857	8.09344276058766	-3.3682650657745197	5.653847069225611	0	0	8.134633626763081	-30.396813752495234
5	20	5.282149670741436	10.618297041228857	8.09344276058766	-3.3682650657745197	5.653847069225611	0	0	8.134633626763081	-30.396813752495234
5	10	5.282149670741436	10.618297041228857	8.09344276058766	-3.3682650657745197	5.653847069225611	0	0	8.134633626763081	-30.396813752495234
5	5	5.282149670741436	10.618297041228857	8.09344276058766	-3.3682650657745197	5.653847069225611	0	0	8.134633626763081	-30.396813752495234
5	2	5.282149670741436	10.618297041228857	8.09344276058766	-3.3682650657745197	5.653847069225611	0	0	8.134633626763081	-30.396813752495234
5	0	5.282149670741436	10.618297041228857	8.09344276058766	-3.3682650657745197	5.653847069225611	0	0	8.134633626763081	-30.396813752495234
5	-2	5.282149670741436	10.618297041228857	8.09344276058766	-3.3682650657745197	5.653847069225611	0	0	8.134633626763081	-30.396813752495234
5	-5	5.282149670741436	10.618297041228857	8.09344276058766	-3.3682650657745197	5.653847069225611	0	0	8.134633626763081	-30.396813752495234
5	-10	5.282149670741436	10.618297041228857	8.09344276058766	-3.3682650657745197	5.653847069225611	0	0	8.134633626763081	-30.396813752495234
5	-20	5.282149670741436	10.618297041228857	8.09344276058766	-3.3682650657745197	5.653847069225611	0	0	8.134633626763081	-30.396813752495234
5	-40	5.282149670741436	10.618297041228857	8.09344276058766	-3.3682650657745197	5.653847069225611	0	0	8.134633626763081	-30.396813752495234
2	40	5.282149670741436	10.618297041228857	8.09344276058766	-3.3682650657745197	5.653847069225611	0	0	7.478999948029685	-33.64828743634682
2	20	5.282149670741436	10.618297041228857	8.09344276058766	-3.3682650657745197	5.653847069225611	0	0	7.478999948029685	-33.64828743634682
2	10	5.282149670741436	10.618297041228857	8.09344276058766	-3.3682650657745197	5.653847069225611	0	0	7.478999948029685	-33.64828743634682
2	5	5.282149670741436	10.618297041228857	8.09344276058766	-3.3682650657745197	5.653847069225611	0	0	7.478999948029685	-33.64828743634682
2	2	5.282149670741436	10.618297041228857	8.09344276058766	-3.3682650657745197	5.653847069225611	0	0	7.478999948029685	-33.64828743634682
2	0	5.282149670741436	10.618297041228857	8.09344276058766	-3.3682650657745197	5.653847069225611	0	0	7.478999948029685	-33.64828743634682
2	-2	5.282149670741436	10.618297041228857	8.09344276058766	-3.3682650657745197	5.653847069225611	0	0	7.478999948029685	-33.64828743634682
2	-5	5.282149670741436	10.618297041228857	8.09344276058766	-3.3682650657745197	5.653847069225611	0	0	7.478999948029685	-33.64828743634682
2	-10	5.282149670741436	10.618297041228857	8.09344276058766	-3.3682650657745197	5.653847069225611	0	0	7.478999948029685	-33.64828743634682
2	-20	5.282149670741436	10.618297041228857	8.09344276058766	-3.3682650657745197	5.653847069225611	0	0	7.478999948029685	-33.64828743634682
2	-40	5.282149670741436	10.618297041228857	8.09344276058766	-3.3682650657745197	5.653847069225611	0	0	7.478999948029685	-33.64828743634682
0	40	5.282149670741436	10.618297041228857	8.09344276058766	-3.3682650657745197	5.653847069225611	0	0	6.841467529772567	-35.765238981988105
0	20	5.282149670741436	10.618297041228857	8.09344276058766	-3.3682650657745197	5.653847069225611	0	0	6.841467529772567	-35.765238981988105
0	10	5.282149670741436	10.618297041228857	8.09344276058766	-3.3682650657745197	5.653847069225611	0	0	6.841467529772567	-35.765238981988105
0	5	5.282149670741436	10.618297041228857	8.09344276058766	-3.3682650657745197	5.653847069225611	0	0	6.841467529772567	-35.765238981988105
0	2	5.282149670741436	10.618297041228857	8.09344276058766	-3.3682650657745197	5.653847069225611	0	0	6.841467529772567	-35.765238981988105
0	0	5.282149670741436	10.618297041228857	8.09344276058766	-3.3682650657745197	5.653847069225611	0	0	6.841467529772567	-35.765238981988105
0	-2	5.282149670741436	10.618297041228857	8.09344276058766	-3.3682650657745197	5.653847069225611	0	0	6.841467529772567	-35.765238981988105
0	-5	5.282149670741436	10.618297041228857	8.09344276058766	-3.3682650657745197	5.653847069225611	0	0	6.841467529772567	-35.765238981988105
0	-10	5.282149670741436	10.618297041228857	8.09344276058766	-3.3682650657745197	5.653847069225611	0	0	6.841467529772567	-35.765238981988105
0	-20	5.282149670741436	10.618297041228857	8.09344276058766	-3.3682650657745197	5.653847069225611	0	0	6.841467529772567	-35.765238981988105
0	-40	5.282149670741436	10.618297041228857	8.09344276058766	-3.3682650657745197	5.653847069225611	0	0	6.841467529772567	-35.765238981988105
-2	20	5.282149670741436	10.618297041228857	8.09344276058766	-3.3682650657745197	5.653847069225611	0	0	6.257692491828874	-37.83861609314257
-2	40	5.282149670741436	10.618297041228857	8.09344276058766	-3.3682650657745197	5.653847069225611	0	0	6.257692491828874	-37.83861609314257
-2	10	5.282149670741436	10.618297041228857	8.09344276058766	-3.3682650657745197	5.653847069225611	0	0	6.257692491828874	-37.83861609314257
-2	5	5.282149670741436	10.618297041228857	8.09344276058766	-3.3682650657745197	5.653847069225611	0	0	6.257692491828874	-37.83861609314257
-2	2	5.282149670741436	10.618297041228857	8.09344276058766	-3.3682650657745197	5.653847069225611	0	0	6.257692491828874	-37.83861609314257
-2	0	5.282149670741436	10.618297041228857	8.09344276058766	-3.3682650657745197	5.653847069225611	0	0	6.257692491828874	-37.83861609314257
-2	-2	5.282149670741436	10.618297041228857	8.09344276058766	-3.3682650657745197	5.653847069225611	0	0	6.257692491828874	-37.83861609314257
-2	-5	5.282149670741436	10.618297041228857	8.09344276058766	-3.3682650657745197	5.653847069225611	0	0	6.257692491828874	-37.83861609314257
-2	-10	5.282149670741436	10.618297041228857	8.09344276058766	-3.3682650657745197	5.653847069225611	0	0	6.257692491828874	-37.83861609314257
-2	-20	5.282149670741436	10.618297041228857	8.09344276058766	-3.3682650657745197	5.653847069225611	0	0	6.257692491828874	-37.83861609314257
-2	-40	5.282149670741436	10.618297041228857	8.09344276058766	-3.3682650657745197	5.653847069225611	0	0	6.257692491828874	-37.83861609314257
-5	40	5.282149670741436	10.618297041228857	8.09344276058766	-3.3682650657745197	5.653847069225611	0	0	5.525361865020128	-40.861469147186305
-5	20	5.282149670741436	10.618297041228857	8.09344276058766	-3.3682650657745197	5.653847069225611	0	0	5.525361865020128	-40.861469147186305
-5	10	5.282149670741436	10.618297041228857	8.09344276058766	-3.3682650657745197	5.653847069225611	0	0	5.525361865020128	-40.861469147186305
-5	5	5.282149670741436	10.618297041228857	8.09344276058766	-3.3682650657745197	5.653847069225611	0	0	5.525361865020128	-40.861469147186305
-5	2	5.282149670741436	10.618297041228857	8.09344276058766	-3.3682650657745197	5.653847069225611	0	0	5.525361865020128	-40.861469147186305
-5	-2	5.282149670741436	10.618297041228857	8.09344276058766	-3.3682650657745197	5.653847069225611	0	0	5.525361865020128	-40.861469147186305
-5	0	5.282149670741436	10.618297041228857	8.09344276058766	-3.3682650657745197	5.653847069225611	0	0	5.525361865020128	-40.861469147186305
-5	-5	5.282149670741436	10.618297041228857	8.09344276058766	-3.3682650657745197	5.653847069225611	0	0	5.525361865020128	-40.861469147186305
-5	-10	5.282149670741436	10.618297041228857	8.09344276058766	-3.3682650657745197	5.653847069225611	0	0	5.525361865020128	-40.861469147186305
-5	-20	5.282149670741436	10.618297041228857	8.09344276058766	-3.3682650657745197	5.653847069225611	0	0	5.525361865020128	-40.861469147186305
-5	-40	5.282149670741436	10.618297041228857	8.09344276058766	-3.3682650657745197	5.653847069225611	0	0	5.525361865020128	-40.861469147186305
-10	40	5.282149670741436	10.618297041228857	8.09344276058766	-3.3682650657745197	5.653847069225611	0	0	4.541597635884732	-45.646718859344766
-10	20	5.282149670741436	10.618297041228857	8.09344276058766	-3.3682650657745197	5.653847069225611	0	0	4.541597635884732	-45.646718859344766
-10	10	5.282149670741436	10.618297041228857	8.09344276058766	-3.3682650657745197	5.653847069225611	0	0	4.541597635884732	-45.646718859344766
-10	5	5.282149670741436	10.618297041228857	8.09344276058766	-3.3682650657745197	5.653847069225611	0	0	4.541597635884732	-45.646718859344766
-10	2	5.282149670741436	10.618297041228857	8.09344276058766	-3.3682650657745197	5.653847069225611	0	0	4.541597635884732	-45.646718859344766
-10	0	5.282149670741436	10.618297041228857	8.09344276058766	-3.3682650657745197	5.653847069225611	0	0	4.541597635884732	-45.646718859344766
-10	-2	5.282149670741436	10.618297041228857	8.09344276058766	-3.3682650657745197	5.653847069225611	0	0	4.541597635884732	-45.646718859344766
-10	-5	5.282149670741436	10.618297041228857	8.09344276058766	-3.3682650657745197	5.653847069225611	0	0	4.541597635884732	-45.646718859344766
-10	-10	5.282149670741436	10.618297041228857	8.09344276058766	-3.3682650657745197	5.653847069225611	0	0	4.541597635884732	-45.646718859344766
-10	-20	5.282149670741436	10.618297041228857	8.09344276058766	-3.3682650657745197	5.653847069225611	0	0	4.541597635884732	-45.646718859344766
-10	-40	5.282149670741436	10.618297041228857	8.09344276058766	-3.3682650657745197	5.653847069225611	0	0	4.541597635884732	-45.646718859344766
-15	40	5.282149670741436	10.618297041228857	8.09344276058766	-3.3682650657745197	5.653847069225611	0	0	3.8782468574861095	-50.084569478741194
-15	20	5.282149670741436	10.618297041228857	8.09344276058766	-3.3682650657745197	5.653847069225611	0	0	3.8782468574861095	-50.084569478741194
-15	10	5.282149670741436	10.618297041228857	8.09344276058766	-3.3682650657745197	5.653847069225611	0	0	3.8782468574861095	-50.084569478741194
-15	5	5.282149670741436	10.618297041228857	8.09344276058766	-3.3682650657745197	5.653847069225611	0	0	3.8782468574861095	-50.084569478741194
-15	-2	5.282149670741436	10.618297041228857	8.09344276058766	-3.3682650657745197	5.653847069225611	0	0	3.8782468574861095	-50.084569478741194
-15	2	5.282149670741436	10.618297041228857	8.09344276058766	-3.3682650657745197	5.653847069225611	0	0	3.8782468574861095	-50.084569478741194
-15	0	5.282149670741436	10.618297041228857	8.09344276058766	-3.3682650657745197	5.653847069225611	0	0	3.8782468574861095	-50.084569478741194
-15	-5	5.282149670741436	10.618297041228857	8.09344276058766	-3.3682650657745197	5.653847069225611	0	0	3.8782468574861095	-50.084569478741194
-15	-20	5.282149670741436	10.618297041228857	8.09344276058766	-3.3682650657745197	5.653847069225611	0	0	3.8782468574861095	-50.084569478741194
-15	-10	5.282149670741436	10.618297041228857	8.09344276058766	-3.3682650657745197	5.653847069225611	0	0	3.8782468574861095	-50.084569478741194
-15	-40	5.282149670741436	10.618297041228857	8.09344276058766	-3.3682650657745197	5.653847069225611	0	0	3.8782468574861095	-50.084569478741194
-30	40	5.282149670741436	10.599303122803994	8.096910793927485	-3.3663365074526395	5.652768742942943	0.006657381604562751	0.007094368929125849	2.3661424516257177	-60.85820215703636
-30	20	5.282149670741436	10.618297041228857	8.09344276058766	-3.3682650657745197	5.653847069225611	0	0	2.3661424516257177	-60.990719334182565
-30	10	5.282149670741436	10.618297041228857	8.09344276058766	-3.3682650657745197	5.653847069225611	0	0	2.3661424516257177	-60.990719334182565
-30	5	5.282149670741436	10.618297041228857	8.09344276058766	-3.3682650657745197	5.653847069225611	0	0	2.3661424516257177	-60.990719334182565
-30	-2	5.282149670741436	10.618297041228857	8.09344276058766	-3.3682650657745197	5.653847069225611	0	0	2.3661424516257177	-60.990719334182565
-30	0	5.282149670741436	10.618297041228857	8.09344276058766	-3.3682650657745197	5.653847069225611	0	0	2.3661424516257177	-60.990719334182565
-30	2	5.282149670741436	10.618297041228857	8.09344276058766	-3.3682650657745197	5.653847069225611	0	0	2.3661424516257177	-60.990719334182565
-30	-5	5.282149670741436	10.618297041228857	8.09344276058766	-3.3682650657745197	5.653847069225611	0	0	2.3661424516257177	-60.990719334182565
-30	-10	5.282149670741436	10.618297041228857	8.09344276058766	-3.3682650657745197	5.653847069225611	0	0	2.3661424516257177	-60.990719334182565
-30	-40	5.282149670741436	10.593192960234967	8.090391323393385	-3.362933076573388	5.65248122284137	0.005218118127167548	0.004397498973266578	2.3661424516257177	-60.7903734658075
-60	5	5.282149670741436	10.107726399925166	8.073728657997453	-3.2787320159277833	5.628509727957244	0.055232820028836116	1.1585255182806544	1.3152333231795232	-65.83969223161735
-30	-20	5.282149670741436	10.618297041228857	8.09344276058766	-3.3682650657745197	5.653847069225611	0	0	2.3661424516257177	-60.990719334182565
-60	20	5.282149670741436	10.06275751759845	8.113678186902192	-3.2836007622895815	5.624728685034477	0.10831742798069577	1.9085244754627435	1.3152333231795232	-65.53832021366638
-60	40	5.282149670741436	9.57044204387807	8.222160483304446	-3.2775368923979737	5.605142053972987	0.3055339126410441	2.685925932868126	1.3152333231795232	-62.14053428411739
-60	10	5.282149670741436	10.113311653414906	8.084827195083346	-3.281722940815651	5.628027382454327	0.06640245361144892	1.4194678612179061	1.3152333231795232	-65.88697295719835
-60	2	5.282149670741436	10.095327001797102	8.067935221625486	-3.2761275182931247	5.62842149643764	0.05118810046569777	0.9857363148660698	1.3152333231795232	-65.74500703267972
-60	0	5.282149670741436	10.083330620468349	8.064403962150735	-3.2740079263928186	5.628197563728514	0.049620150748278746	0.8663706110393535	1.3152333231795232	-65.65423981435748
-60	-2	5.282149670741436	10.068611233711705	8.061068902694622	-3.271592923602694	5.627854564754086	0.049282276287511806	0.7738938022011259	1.3152333231795232	-65.54325074226703
-60	-5	5.282149670741436	10.04226441013379	8.056240698581092	-3.2675080936437704	5.627169797992494	0.05057107606526223	0.6760836001722892	1.3152333231795232	-65.34527605036426
-60	-10	5.282149670741436	9.988720061121613	8.048200158152602	-3.2596898126302265	5.625699461072559	0.05626334624119167	0.5807181636086456	1.3152333231795232	-64.94509513872163
-60	-20	5.282149670741436	9.848186175422589	8.03029058641522	-3.2409016859450275	5.621925870676196	0.07914563204340119	0.5241100932215206	1.3152333231795232	-63.90666719510601
-60	-40	5.282149670741436	9.374080438529422	7.973075627652013	-3.1902043343003936	5.612018070684595	0.20896744265882106	0.7745864566151426	1.3152333231795232	-60.512055087942024
60	5	4.119240362714468	9.883823924368341	8.149423886316214	-3.438410117066749	5.627301856501798	0.305228564455863	3.3243144678589474	3.2059582381643934	31.17537263388027
60	40	4.119240362714468	8.114844287418745	8.48099731012465	-3.521237983008308	5.605108353779881	0.9656595116712481	1.4888943390376	3.2059582381643934	25.103654098334623
60	20	4.119240362714468	9.204575176828637	8.283097981616251	-3.486870754173533	5.623389234953546	0.5700849698832897	1.9863969466428695	3.2059582381643934	28.77868008946703
60	2	4.119240362714468	9.969912504027983	8.127309362415245	-3.4308482252076318	5.628546494048396	0.23499095950765359	3.2723724965961294	3.2059582381643934	31.49535376882312
60	10	4.119240362714468	9.690451259364202	8.191866972194592	-3.4541821216520447	5.626232799661375	0.41536019798445345	3.0133270552829847	3.2059582381643934	30.48004955418886
60	0	4.119240362714468	10.01304004450988	8.114202802781993	-3.426856951390268	5.629598276943882	0.20820372681544796	3.1931803929896265	3.2059582381643934	31.660698377385497
60	-2	4.119240362714468	10.044942820494477	8.102289182782838	-3.423711229514951	5.630743423579704	0.19583701109713836	3.0724402534886637	3.2059582381643934	31.787334382811068
60	-10	4.119240362714468	10.059374386795321	8.065311969603052	-3.420213149033103	5.634864552150111	0.2601704236008189	1.9801094171983362	3.2059582381643934	31.88649941471974
60	-5	4.119240362714468	10.071800942050793	8.08649406034182	-3.420625961312282	5.632485477693922	0.20125262829663093	2.7964270520907655	3.2059582381643934	31.90305926835824
30	20	4.119240362714468	10.585565618164994	8.099249018319497	-3.371237414531155	5.6520891708465	0.007898491085969739	0.01558183730659346	10.324851400143919	-0.9900960860465986
60	-20	4.119240362714468	9.850106501218248	8.031901968859636	-3.43523843080522	5.637494162092717	0.5307413057122723	1.0470258923489886	3.2059582381643934	31.171587368273233
30	40	4.119240362714468	9.638498320888678	8.265022672317924	-3.4157492765506747	5.622444403685791	0.8674035734001078	0.4646551202099545	10.324851400143919	-1.4159286041899348
60	-40	4.119240362714468	8.858594299347235	7.907068376064232	-3.5003226871102333	5.677253064175715	2.0806459724241755	1.3616990073710955	3.2059582381643934	28.050597410210916
30	10	4.119240362714468	10.618297041228857	8.09344276058766	-3.3682650657745197	5.653847069225611	0	0	10.324851400143919	-0.9564917274638247
30	5	4.119240362714468	10.618297041228857	8.09344276058766	-3.3682650657745197	5.653847069225611	0	0	10.324851400143919	-0.9564917274638247
30	2	4.119240362714468	10.618297041228857	8.09344276058766	-3.3682650657745197	5.653847069225611	0	0	10.324851400143919	-0.9564917274638247
30	0	4.119240362714468	10.618297041228857	8.09344276058766	-3.3682650657745197	5.653847069225611	0	0	10.324851400143919	-0.9564917274638247
30	-2	4.119240362714468	10.618297041228857	8.09344276058766	-3.3682650657745197	5.653847069225611	0	0	10.324851400143919	-0.9564917274638247
30	-20	4.119240362714468	10.618020231913487	8.09340723742132	-3.3682933848625	5.653830366669452	0.000013609177671493333	0.000026847658628054855	10.324851400143919	-0.9568158741097086
30	-5	4.119240362714468	10.618297041228857	8.09344276058766	-3.3682650657745197	5.653847069225611	0	0	10.324851400143919	-0.9564917274638247
30	-40	4.119240362714468	10.43818624227384	8.072937149270334	-3.3812431040109625	5.646120868308321	0.12434405415578875	0.06944930948961714	10.324851400143919	-1.0979092039830087
30	-10	4.119240362714468	10.618297041228857	8.09344276058766	-3.3682650657745197	5.653847069225611	0	0	10.324851400143919	-0.9564917274638247
15	40	4.119240362714468	10.028639188504453	8.199683380104617	-3.387074179281489	5.629441809506197	0.8473832984673992	0.23111612526282777	9.104675089085017	-18.198526983135693
15	20	4.119240362714468	10.618297041228857	8.09344276058766	-3.3682650657745197	5.653847069225611	0	0	9.104675089085017	-19.00856655346452
15	10	4.119240362714468	10.618297041228857	8.09344276058766	-3.3682650657745197	5.653847069225611	0	0	9.104675089085017	-19.00856655346452
15	5	4.119240362714468	10.618297041228857	8.09344276058766	-3.3682650657745197	5.653847069225611	0	0	9.104675089085017	-19.00856655346452
15	2	4.119240362714468	10.618297041228857	8.09344276058766	-3.3682650657745197	5.653847069225611	0	0	9.104675089085017	-19.00856655346452
15	-40	4.119240362714468	10.585277157685537	8.089377052193036	-3.370709696156227	5.652070556531206	0.037326879795557544	0.006022758311372334	9.104675089085017	-18.979317728819
15	-2	4.119240362714468	10.618297041228857	8.09344276058766	-3.3682650657745197	5.653847069225611	0	0	9.104675089085017	-19.00856655346452
15	0	4.119240362714468	10.618297041228857	8.09344276058766	-3.3682650657745197	5.653847069225611	0	0	9.104675089085017	-19.00856655346452
15	-5	4.119240362714468	10.618297041228857	8.09344276058766	-3.3682650657745197	5.653847069225611	0	0	9.104675089085017	-19.00856655346452
15	-10	4.119240362714468	10.618297041228857	8.09344276058766	-3.3682650657745197	5.653847069225611	0	0	9.104675089085017	-19.00856655346452
15	-20	4.119240362714468	10.618297041228857	8.09344276058766	-3.3682650657745197	5.653847069225611	0	0	9.104675089085017	-19.00856655346452
10	40	4.119240362714468	10.099393438828724	8.187488004100373	-3.3801924981491247	5.631021500950724	0.826082008515577	0.1693378177595779	8.028705009901106	-23.743907844396723
10	20	4.119240362714468	10.618297041228857	8.09344276058766	-3.3682650657745197	5.653847069225611	0	0	8.028705009901106	-24.797050416247906
10	10	4.119240362714468	10.618297041228857	8.09344276058766	-3.3682650657745197	5.653847069225611	0	0	8.028705009901106	-24.797050416247906
10	5	4.119240362714468	10.618297041228857	8.09344276058766	-3.3682650657745197	5.653847069225611	0	0	8.028705009901106	-24.797050416247906
10	-40	4.119240362714468	10.604315088444833	8.091678225109808	-3.369304464907247	5.653054677088746	0.023142692658216057	0.0016873780202780742	8.028705009901106	-24.776711967723315
10	2	4.119240362714468	10.618297041228857	8.09344276058766	-3.3682650657745197	5.653847069225611	0	0	8.028705009901106	-24.797050416247906
10	0	4.119240362714468	10.618297041228857	8.09344276058766	-3.3682650657745197	5.653847069225611	0	0	8.028705009901106	-24.797050416247906
10	-2	4.119240362714468	10.618297041228857	8.09344276058766	-3.3682650657745197	5.653847069225611	0	0	8.028705009901106	-24.797050416247906
10	-5	4.119240362714468	10.618297041228857	8.09344276058766	-3.3682650657745197	5.653847069225611	0	0	8.028705009901106	-24.797050416247906
10	-10	4.119240362714468	10.618297041228857	8.09344276058766	-3.3682650657745197	5.653847069225611	0	0	8.028705009901106	-24.797050416247906
10	-20	4.119240362714468	10.618297041228857	8.09344276058766	-3.3682650657745197	5.653847069225611	0	0	8.028705009901106	-24.797050416247906
5	40	4.119240362714468	10.142574237033314	8.179895218070675	-3.3741957084980108	5.631995691380445	0.8161075438034484	0.13494451878739788	8.134633626763081	-29.114209724816725
5	20	4.119240362714468	10.618297041228857	8.09344276058766	-3.3682650657745197	5.653847069225611	0	0	8.134633626763081	-30.396813752495234
5	-40	4.119240362714468	10.614420440806944	8.092942030301419	-3.368548582085738	5.653617260321631	0.013238265088180295	0.0002433676486742753	8.134633626763081	-30.388926783863592
5	10	4.119240362714468	10.618297041228857	8.09344276058766	-3.3682650657745197	5.653847069225611	0	0	8.134633626763081	-30.396813752495234
5	2	4.119240362714468	10.618297041228857	8.09344276058766	-3.3682650657745197	5.653847069225611	0	0	8.134633626763081	-30.396813752495234
5	5	4.119240362714468	10.618297041228857	8.09344276058766	-3.3682650657745197	5.653847069225611	0	0	8.134633626763081	-30.396813752495234
5	-5	4.119240362714468	10.618297041228857	8.09344276058766	-3.3682650657745197	5.653847069225611	0	0	8.134633626763081	-30.396813752495234
5	0	4.119240362714468	10.618297041228857	8.09344276058766	-3.3682650657745197	5.653847069225611	0	0	8.134633626763081	-30.396813752495234
5	-2	4.119240362714468	10.618297041228857	8.09344276058766	-3.3682650657745197	5.653847069225611	0	0	8.134633626763081	-30.396813752495234
5	-20	4.119240362714468	10.618297041228857	8.09344276058766	-3.3682650657745197	5.653847069225611	0	0	8.134633626763081	-30.396813752495234
5	-10	4.119240362714468	10.618297041228857	8.09344276058766	-3.3682650657745197	5.653847069225611	0	0	8.134633626763081	-30.396813752495234
2	40	4.119240362714468	10.156488247623036	8.177305967606213	-3.3708537790685016	5.632239636403471	0.8142290472602907	0.12732928704796898	7.478999948029685	-32.2187981424405
2	20	4.119240362714468	10.618297041228857	8.09344276058766	-3.3682650657745197	5.653847069225611	0	0	7.478999948029685	-33.64828743634682
2	5	4.119240362714468	10.618297041228857	8.09344276058766	-3.3682650657745197	5.653847069225611	0	0	7.478999948029685	-33.64828743634682
2	10	4.119240362714468	10.618297041228857	8.09344276058766	-3.3682650657745197	5.653847069225611	0	0	7.478999948029685	-33.64828743634682
2	2	4.119240362714468	10.618297041228857	8.09344276058766	-3.3682650657745197	5.653847069225611	0	0	7.478999948029685	-33.64828743634682
2	0	4.119240362714468	10.618297041228857	8.09344276058766	-3.3682650657745197	5.653847069225611	0	0	7.478999948029685	-33.64828743634682
2	-2	4.119240362714468	10.618297041228857	8.09344276058766	-3.3682650657745197	5.653847069225611	0	0	7.478999948029685	-33.64828743634682
2	-40	4.119240362714468	10.617238638994342	8.093304239853776	-3.3683357903255335	5.653782783244931	0.010789414195854032	0.00003180537751587553	7.478999948029685	-33.64570773119719
2	-10	4.119240362714468	10.618297041228857	8.09344276058766	-3.3682650657745197	5.653847069225611	0	0	7.478999948029685	-33.64828743634682
2	-5	4.119240362714468	10.618297041228857	8.09344276058766	-3.3682650657745197	5.653847069225611	0	0	7.478999948029685	-33.64828743634682
2	-20	4.119240362714468	10.618297041228857	8.09344276058766	-3.3682650657745197	5.653847069225611	0	0	7.478999948029685	-33.64828743634682
0	40	4.119240362714468	10.161038909452525	8.176340806447387	-3.368683006312401	5.632248842278402	0.8143954225269764	0.12783347324537253	6.841467529772567	-34.229319100751816
0	20	4.119240362714468	10.618297041228857	8.09344276058766	-3.3682650657745197	5.653847069225611	0	0	6.841467529772567	-35.765238981988105
0	10	4.119240362714468	10.618297041228857	8.09344276058766	-3.3682650657745197	5.653847069225611	0	0	6.841467529772567	-35.765238981988105
0	5	4.119240362714468	10.618297041228857	8.09344276058766	-3.3682650657745197	5.653847069225611	0	0	6.841467529772567	-35.765238981988105
0	0	4.119240362714468	10.618297041228857	8.09344276058766	-3.3682650657745197	5.653847069225611	0	0	6.841467529772567	-35.765238981988105
0	2	4.119240362714468	10.618297041228857	8.09344276058766	-3.3682650657745197	5.653847069225611	0	0	6.841467529772567	-35.765238981988105
0	-40	4.119240362714468	10.617629361972828	8.093354743642124	-3.3682181113113336	5.653805982090408	0.11620143496907831	0.000006086792599668822	6.841467529772567	-35.76249151618788
0	-2	4.119240362714468	10.618297041228857	8.09344276058766	-3.3682650657745197	5.653847069225611	0	0	6.841467529772567	-35.765238981988105
0	-5	4.119240362714468	10.618297041228857	8.09344276058766	-3.3682650657745197	5.653847069225611	0	0	6.841467529772567	-35.765238981988105
0	-10	4.119240362714468	10.618297041228857	8.09344276058766	-3.3682650657745197	5.653847069225611	0	0	6.841467529772567	-35.765238981988105
0	-20	4.119240362714468	10.618297041228857	8.09344276058766	-3.3682650657745197	5.653847069225611	0	0	6.841467529772567	-35.765238981988105
-2	40	4.119240362714468	10.161910493530284	8.1759587860541	-3.3665312312520794	5.632129885436996	0.8156040144987196	0.13300832583152555	6.257692491828874	-36.186958868111574
-2	20	4.119240362714468	10.618297041228857	8.09344276058766	-3.3682650657745197	5.653847069225611	0	0	6.257692491828874	-37.83861609314257
-2	10	4.119240362714468	10.618297041228857	8.09344276058766	-3.3682650657745197	5.653847069225611	0	0	6.257692491828874	-37.83861609314257
-2	5	4.119240362714468	10.618297041228857	8.09344276058766	-3.3682650657745197	5.653847069225611	0	0	6.257692491828874	-37.83861609314257
-2	2	4.119240362714468	10.618297041228857	8.09344276058766	-3.3682650657745197	5.653847069225611	0	0	6.257692491828874	-37.83861609314257
-2	0	4.119240362714468	10.618297041228857	8.09344276058766	-3.3682650657745197	5.653847069225611	0	0	6.257692491828874	-37.83861609314257
-2	-5	4.119240362714468	10.618297041228857	8.09344276058766	-3.3682650657745197	5.653847069225611	0	0	6.257692491828874	-37.83861609314257
-2	-2	4.119240362714468	10.618297041228857	8.09344276058766	-3.3682650657745197	5.653847069225611	0	0	6.257692491828874	-37.83861609314257
-2	-40	4.119240362714468	10.611194602440742	8.092522851994401	-3.3670625558354303	5.653423525127703	0.13204001175589097	0.00039881599954616487	6.257692491828874	-37.80039719909446
-2	-20	4.119240362714468	10.618297041228857	8.09344276058766	-3.3682650657745197	5.653847069225611	0	0	6.257692491828874	-37.83861609314257
-2	-10	4.119240362714468	10.618297041228857	8.09344276058766	-3.3682650657745197	5.653847069225611	0	0	6.257692491828874	-37.83861609314257
-5	40	4.119240362714468	10.156435246116766	8.176439809048311	-3.3632894736769683	5.631701651600991	0.8192349029769771	0.15012239636935298	5.525361865020128	-39.014181644403976
-5	20	4.119240362714468	10.618297041228857	8.09344276058766	-3.3682650657745197	5.653847069225611	0	0	5.525361865020128	-40.861469147186305
-5	10	4.119240362714468	10.618297041228857	8.09344276058766	-3.3682650657745197	5.653847069225611	0	0	5.525361865020128	-40.861469147186305
-5	2	4.119240362714468	10.618297041228857	8.09344276058766	-3.3682650657745197	5.653847069225611	0	0	5.525361865020128	-40.861469147186305
-5	5	4.119240362714468	10.618297041228857	8.09344276058766	-3.3682650657745197	5.653847069225611	0	0	5.525361865020128	-40.861469147186305
-5	-5	4.119240362714468	10.618297041228857	8.09344276058766	-3.3682650657745197	5.653847069225611	0	0	5.525361865020128	-40.861469147186305
-5	0	4.119240362714468	10.618297041228857	8.09344276058766	-3.3682650657745197	5.653847069225611	0	0	5.525361865020128	-40.861469147186305
-5	-2	4.119240362714468	10.618297041228857	8.09344276058766	-3.3682650657745197	5.653847069225611	0	0	5.525361865020128	-40.861469147186305
-5	-10	4.119240362714468	10.618297041228857	8.09344276058766	-3.3682650657745197	5.653847069225611	0	0	5.525361865020128	-40.861469147186305
-5	-40	4.119240362714468	10.586738744185492	8.089464916021896	-3.362852448541884	5.652052524982958	0.19953075124327135	0.0038900688666705374	5.525361865020128	-40.68128636652254
-5	-20	4.119240362714468	10.618297041228857	8.09344276058766	-3.3682650657745197	5.653847069225611	0	0	5.525361865020128	-40.861469147186305
-10	40	4.119240362714468	10.129344384525014	8.1799343124267	-3.357656633238199	5.630285504009075	0.8299727799675987	0.20695285959659238	4.541597635884732	-43.39750570566734
-10	10	4.119240362714468	10.618297041228857	8.09344276058766	-3.3682650657745197	5.653847069225611	0	0	4.541597635884732	-45.646718859344766
-10	20	4.119240362714468	10.618297041228857	8.09344276058766	-3.3682650657745197	5.653847069225611	0	0	4.541597635884732	-45.646718859344766
-10	5	4.119240362714468	10.618297041228857	8.09344276058766	-3.3682650657745197	5.653847069225611	0	0	4.541597635884732	-45.646718859344766
-10	2	4.119240362714468	10.618297041228857	8.09344276058766	-3.3682650657745197	5.653847069225611	0	0	4.541597635884732	-45.646718859344766
-10	0	4.119240362714468	10.618297041228857	8.09344276058766	-3.3682650657745197	5.653847069225611	0	0	4.541597635884732	-45.646718859344766
-10	-2	4.119240362714468	10.618297041228857	8.09344276058766	-3.3682650657745197	5.653847069225611	0	0	4.541597635884732	-45.646718859344766
-10	-10	4.119240362714468	10.618297041228857	8.09344276058766	-3.3682650657745197	5.653847069225611	0	0	4.541597635884732	-45.646718859344766
-10	-5	4.119240362714468	10.618297041228857	8.09344276058766	-3.3682650657745197	5.653847069225611	0	0	4.541597635884732	-45.646718859344766
-10	-20	4.119240362714468	10.618297041228857	8.09344276058766	-3.3682650657745197	5.653847069225611	0	0	4.541597635884732	-45.646718859344766
-10	-40	4.119240362714468	10.51172714179009	8.080569755380415	-3.350499868544923	5.6482119606421435	0.2943672254262424	0.02406881460082344	4.541597635884732	-44.99439644830221
-15	40	4.119240362714468	10.079383595312198	8.186649938270055	-3.3514077624047585	5.627926680741185	0.8466410514191656	0.30731498168451843	3.8782468574861095	-47.3108719929106
-15	20	4.119240362714468	10.618297041228857	8.09344276058766	-3.3682650657745197	5.653847069225611	0	0	3.8782468574861095	-50.084569478741194
-15	10	4.119240362714468	10.618297041228857	8.09344276058766	-3.3682650657745197	5.653847069225611	0	0	3.8782468574861095	-50.084569478741194
-15	5	4.119240362714468	10.618297041228857	8.09344276058766	-3.3682650657745197	5.653847069225611	0	0	3.8782468574861095	-50.084569478741194
-15	0	4.119240362714468	10.618297041228857	8.09344276058766	-3.3682650657745197	5.653847069225611	0	0	3.8782468574861095	-50.084569478741194
-15	2	4.119240362714468	10.618297041228857	8.09344276058766	-3.3682650657745197	5.653847069225611	0	0	3.8782468574861095	-50.084569478741194
-15	-20	4.119240362714468	10.617952811989339	8.093398374107052	-3.368183074508015	5.653826132792458	0.000038341502223995794	0.0000231880669088122	3.8782468574861095	-50.08204736110278
-15	-2	4.119240362714468	10.618297041228857	8.09344276058766	-3.3682650657745197	5.653847069225611	0	0	3.8782468574861095	-50.084569478741194
-15	-5	4.119240362714468	10.618297041228857	8.09344276058766	-3.3682650657745197	5.653847069225611	0	0	3.8782468574861095	-50.084569478741194
-15	-10	4.119240362714468	10.618297041228857	8.09344276058766	-3.3682650657745197	5.653847069225611	0	0	3.8782468574861095	-50.084569478741194
-30	40	4.119240362714468	9.775381100604157	8.224830347998532	-3.324446855043508	5.614185767490931	0.9300174978170834	1.0432065942116129	2.3661424516257177	-55.584266761409474
-15	-40	4.119240362714468	10.399953116737615	8.06808724035741	-3.3330692112874174	5.643039888250383	0.3604104746957879	0.06923002513790832	3.8782468574861095	-48.67202838959099
-30	20	4.119240362714468	10.5326583745219	8.105206115250931	-3.357934536264599	5.648983157706441	0.07310732021163746	0.2580479941959246	2.3661424516257177	-60.37897171658951
-30	10	4.119240362714468	10.611709348042714	8.093388173911421	-3.366957379519666	5.653445892986987	0.01894042240178262	0.1977056157640215	2.3661424516257177	-60.938733875326484
-30	5	4.119240362714468	10.601560153091727	8.092061673022435	-3.3646101736472724	5.652856814031075	0.00354962131708092	0.06278418429189878	2.3661424516257177	-60.855778381193446
-30	2	4.119240362714468	10.589653403513795	8.090899875827182	-3.362080945692207	5.652184641701801	0.0032622414790046683	0.06117015218392752	2.3661424516257177	-60.76067611288197
-30	0	4.119240362714468	10.579747807115307	8.089934387581115	-3.3600312118768403	5.651638295816053	0.0037183316371520725	0.06330877078472169	2.3661424516257177	-60.68216993866909
-30	-2	4.119240362714468	10.568281287106501	8.088812974931658	-3.3577084123499574	5.651017931952179	0.0046667878876966995	0.06664541361973814	2.3661424516257177	-60.591864236462854
-30	-5	4.119240362714468	10.548107282728587	8.086829347168656	-3.35373212707984	5.649953067786455	0.007152644549766496	0.07314437280650116	2.3661424516257177	-60.43425997619987
-30	-10	4.119240362714468	10.50613722132473	8.082663822621868	-3.345830969895573	5.6478258129370875	0.01499344266022229	0.08724143928951827	2.3661424516257177	-60.11073302848815
-30	-20	4.119240362714468	10.385419292913054	8.070439742546071	-3.325201783759109	5.642189595904468	0.054019970211592216	0.13056628677389726	2.3661424516257177	-59.20524000661971
-30	-40	4.119240362714468	9.890502619389359	8.016958731784829	-3.261603079945813	5.623553850800845	0.4412480920811115	0.384997780901184	2.3661424516257177	-55.746908579456296
-60	40	4.119240362714468	8.179944129854944	8.36201450379326	-3.176321934733555	5.542817407430595	0.7320905786813938	5.818723688910892	1.3152333231795232	-52.25660498324594
-60	20	4.119240362714468	8.787086882606985	8.159171164648573	-3.1240625077073445	5.565318870978104	0.3217928281119953	3.389806255106103	1.3152333231795232	-56.07689308928876
-60	5	4.119240362714468	8.922668638392858	8.071870887882755	-3.115543842702431	5.57583990382924	0.21125056805443343	2.5395048593461884	1.3152333231795232	-56.985434557223954
-60	10	4.119240362714468	8.897281148363453	8.09787137292837	-3.117454579543973	5.572760650325186	0.23505355561809083	2.7646896232796117	1.3152333231795232	-56.808068740957474
-60	2	4.119240362714468	8.92944044143998	8.057335227894985	-3.1145787395776843	5.5774977259285965	0.20193044284214423	2.4219638737915004	1.3152333231795232	-57.03719451866392
-60	0	4.119240362714468	8.930513932225617	8.048016918036572	-3.113959905656894	5.578523429861628	0.19761120341913863	2.3486576911231083	1.3152333231795232	-57.04922108339884
-60	-2	4.119240362714468	8.92883378021335	8.038962730531901	-3.1133328952330066	5.579483771782128	0.19473710134462774	2.2780204007386984	1.3152333231795232	-57.043114766766536
-60	-5	4.119240362714468	8.921073909942823	8.025821974269801	-3.1123233346399197	5.5807957900891845	0.1930724310952332	2.1744798598578017	1.3152333231795232	-56.99917304961138
-60	-10	4.119240362714468	8.893521275963293	8.004919467823601	-3.1102330055904197	5.582602597793352	0.19726093101112951	1.9957879695026282	1.3152333231795232	-56.82775262815109
60	20	2.9563310546874995	6.762230855140559	8.502932982766186	-3.705238301464657	5.592895995537218	1.7930320941483604	4.365456074751873	3.2059582381643934	20.225635450702644
-60	-20	4.119240362714468	8.77590089309212	7.965687394132729	-3.102800406359752	5.5844251014374535	0.2330561171471084	1.6180209348164598	1.3152333231795232	-56.057420256080206
-60	-40	4.119240362714468	8.243943671989864	7.867353962953833	-3.0777238317534463	5.584484716971681	0.46738009146869963	1.815395807371404	1.3152333231795232	-52.55652216372706
60	40	2.9563310546874995	6.533366282991564	8.675718663588148	-3.6222474275904664	5.577922766616829	1.4713568933128347	2.127060700571043	3.2059582381643934	19.72749362742124
60	5	2.9563310546874995	6.952296024917032	8.309929451369044	-3.7430781728699642	5.61513018914504	2.119054034451464	5.3860427912829065	3.2059582381643934	20.796446919110693
60	10	2.9563310546874995	6.888127212095085	8.378339991538164	-3.735354033386817	5.606616296819266	1.9646250550773878	5.017284619268893	3.2059582381643934	20.580312908975106
60	0	2.9563310546874995	7.017906862079563	8.237148809222699	-3.74499596306404	5.624950450116134	2.3382873272520284	5.846999281367882	3.2059582381643934	21.045664052300914
60	2	2.9563310546874995	6.991418250735847	8.266828263669202	-3.74497872653785	5.620852871364961	2.241789039822482	5.648457894950547	3.2059582381643934	20.941479083200495
60	-5	2.9563310546874995	7.086415548044991	8.159155893145366	-3.74013017363231	5.6362814199328914	2.6407629041471097	6.454180223296417	3.2059582381643934	21.337890307166393
60	-2	2.9563310546874995	7.044844466821161	8.20664164028805	-3.743934332041352	5.629289871345244	2.4480037148221623	6.068543854456598	3.2059582381643934	21.15666032582188
60	-10	2.9563310546874995	7.160683807785719	8.074521261849288	-3.7268911196867736	5.649306499198187	3.052107482731296	7.288910498435218	3.2059582381643934	21.689692508736606
60	-20	2.9563310546874995	7.201646835262578	7.905560182574957	-3.695322008158485	5.691887263223035	3.0467871383830003	6.469384834239444	3.2059582381643934	22.193012304710674
60	-40	2.9563310546874995	6.686655675209783	7.669858715792375	-3.6429019865818764	5.7582096496846615	1.9693136523497228	3.4397513996615707	3.2059582381643934	21.16530359657915
30	40	2.9563310546874995	7.327875731952657	8.612072585524478	-3.4937614814376863	5.552926135300783	1.7572106196281336	0.9625985483792117	10.324851400143919	-1.8262761264482068
30	20	2.9563310546874995	8.27642667408916	8.420025544248839	-3.498944148732237	5.5687690117963315	1.816976555803784	3.422854142358165	10.324851400143919	-2.0342630225232314
30	10	2.9563310546874995	8.938040897383516	8.258879041783704	-3.4889657314403157	5.5816184606845995	1.1326795420020783	4.911091261063383	10.324851400143919	-2.062218099148897
30	2	2.9563310546874995	9.295006204884467	8.160041941526316	-3.4728497238039227	5.5915399767824825	0.6792218584631942	4.703133821865441	10.324851400143919	-1.9687389760757796
30	5	2.9563310546874995	9.183797183995976	8.19340082611621	-3.47888285098406	5.587869692469923	0.7995132882454681	4.8067341354074555	10.324851400143919	-2.0100216846510963
30	0	2.9563310546874995	9.354821214903719	8.139828641809705	-3.4689547419369777	5.593887516793404	0.627955945791111	4.613568925111165	10.324851400143919	-1.9388725057499896
30	-5	2.9563310546874995	9.455390023000426	8.095288062326395	-3.4600620758348555	5.5991849501186985	0.5896872950365977	4.292598693825852	10.324851400143919	-1.8618531081570544
30	-2	2.9563310546874995	9.40341146042567	8.12104870413223	-3.4652248548776896	5.596120279087662	0.5979401620921525	4.504061433187548	10.324851400143919	-1.9080708056462354
15	2	2.9563310546874995	9.973598191751506	8.130726138371543	-3.4147784421305465	5.618144619873368	0.5480892015180974	4.2565666749953195	9.104675089085017	-18.394704718059582
30	-10	2.9563310546874995	9.485416332710713	8.057987359447578	-3.4531364433790928	5.603231535575501	0.6630250250740388	3.757268020610618	10.324851400143919	-1.7916824102449158
30	-20	2.9563310546874995	9.318890839873376	7.999898511519565	-3.449519176471284	5.605049466793656	1.0696725779699394	2.110208633502106	10.324851400143919	-1.7225643954138832
15	-10	2.9563310546874995	10.031368166998103	8.055729937794672	-3.403320107547385	5.623419125577833	0.8007664336706224	1.7704111704758316	9.104675089085017	-18.376531746170453
15	0	2.9563310546874995	10.031915869543932	8.113517527060756	-3.4118412937552915	5.621156657107915	0.4525741429805208	4.136412737411428	9.104675089085017	-18.465980506968904
30	-40	2.9563310546874995	8.204428301880053	7.832082180841182	-3.4414005197500668	5.60764382872459	3.9584353238370857	2.2108865740806616	10.324851400143919	-1.448232231360473
15	10	2.9563310546874995	9.538839489900267	8.22474214142941	-3.4228381969961332	5.598549910853724	1.7603659632586006	3.8596198972925904	9.104675089085017	-17.715499045721792
15	20	2.9563310546874995	8.69765618270795	8.384142397538309	-3.4268706846982573	5.5695174828751375	2.2548077013981462	2.1788696616222465	9.104675089085017	-16.25248992924541
15	40	2.9563310546874995	7.530521608065816	8.59025798307661	-3.439409880484337	5.545065760584776	2.013647104833883	0.7026041780592152	9.104675089085017	-14.210442226451327
15	-2	2.9563310546874995	10.07079168492384	8.098365471506574	-3.4090166166509075	5.623382465346845	0.4324872327719649	3.9080188639477145	9.104675089085017	-18.50426109000108
15	-5	2.9563310546874995	10.092651595694214	8.079195748165594	-3.4054874103003785	5.625149128212721	0.5164462994656567	3.314146455808135	9.104675089085017	-18.505406714165446
15	-20	2.9563310546874995	9.67565366382708	8.010036050873573	-3.4017982939658395	5.609836414055598	2.009724200858687	1.1453595304745443	9.104675089085017	-17.74468752396697
15	5	2.9563310546874995	9.849148117826367	8.160820955171868	-3.4188921804437795	5.612206014449517	0.8485067328911584	4.264795541830844	9.104675089085017	-18.21945110555332
10	5	2.9563310546874995	10.023805503476952	8.154701738063304	-3.4021917733930684	5.620466217382965	1.19725585314286	4.002349810921034	8.028705009901106	-23.801737864611106
15	-40	2.9563310546874995	8.260164564367926	7.822294303246722	-3.332273243083486	5.577988855321008	4.519306522882427	1.5356827067494052	9.104675089085017	-14.662114550655694
10	-2	2.9563310546874995	10.265876254172833	8.092284502351063	-3.3937802935953174	5.633488829338444	0.4263676128370897	3.670475803426638	8.028705009901106	-24.2682858643602
10	2	2.9563310546874995	10.170546272340992	8.12335307858081	-3.399080598182899	5.6280754565515725	0.5949110389207359	4.189183220307372	8.028705009901106	-24.105576633190953
10	-5	2.9563310546874995	10.262640237814127	8.076110059797355	-3.3911901850107387	5.633794865397751	0.6253439954717406	2.4627233875654144	8.028705009901106	-24.233913093573705
10	0	2.9563310546874995	10.23242231397407	8.106394325476485	-3.396378984063741	5.631468383920193	0.4270381697350296	4.057104423717092	8.028705009901106	-24.218978484165675
10	20	2.9563310546874995	8.774416044276041	8.37520624583366	-3.403810101239323	5.568639989652161	2.4371480855757435	1.8588683948194893	8.028705009901106	-20.92798598153915
10	40	2.9563310546874995	7.566424092594138	8.584845940649439	-3.421157712834181	5.542114552077232	2.105292072844613	0.6969719410211066	8.028705009901106	-18.210903914270975
10	-10	2.9563310546874995	10.140371081300257	8.056699474663118	-3.3909650057998224	5.628071219458825	1.1872491360698985	1.1861371153031113	8.028705009901106	-23.953019920606028
10	10	2.9563310546874995	9.646490014143549	8.222776836396665	-3.402224302590707	5.602002190798662	2.192282060002571	2.8262350430238437	8.028705009901106	-22.937032298099187
5	2	2.9563310546874995	10.351726006669683	8.117481689260027	-3.3842523977693006	5.637993671469998	0.9254069020610886	4.043634470176203	8.134633626763081	-29.812875348828364
5	-5	2.9563310546874995	10.383005235872506	8.075848220289869	-3.379272000554998	5.640163936843017	1.1428640778364123	1.1427976324374798	8.134633626763081	-29.849480570929867
5	0	2.9563310546874995	10.42683647155141	8.099749155319474	-3.38195433558181	5.64234234152185	0.4125612117075732	4.010729929510892	8.134633626763081	-30.00137056492779
10	-40	2.9563310546874995	8.207732620155172	7.813713595155796	-3.2954774932475046	5.571053102341984	4.1284263625337205	1.3965229086784428	8.028705009901106	-18.697285218777537
10	-20	2.9563310546874995	9.67623163635151	8.003755796634263	-3.378369230958477	5.607136960788118	3.6737655044113695	0.9934042088705124	8.028705009901106	-22.771802556272295
5	20	2.9563310546874995	8.809969186501867	8.369003397168601	-3.379966467441423	5.566674530726988	2.676800455565715	1.6926634331339878	8.134633626763081	-25.389776354502146
5	40	2.9563310546874995	7.5854112312514985	8.58031999049793	-3.402387192011189	5.538805046487501	2.195972686629594	0.747492322321119	8.134633626763081	-22.048525549948902
5	-2	2.9563310546874995	10.445966324734211	8.08735071504295	-3.379750367495134	5.643581988151031	0.5352410605274935	2.9231650837415537	8.134633626763081	-30.032349745752715
5	10	2.9563310546874995	9.688382600740306	8.224289125505265	-3.3801324593576694	5.6025780551177915	2.698100322699372	2.009363171432705	8.134633626763081	-27.892593695767925
5	-10	2.9563310546874995	10.169507112099344	8.052991356327642	-3.373912130451152	5.628585013520814	3.3523437013904274	0.8639393709110585	8.134633626763081	-29.191670525209084
5	5	2.9563310546874995	10.139590185913839	8.154020218203172	-3.384169906413085	5.626082266569212	2.23333320609457	2.773614516473449	8.134633626763081	-29.211619286056663
2	0	2.9563310546874995	10.541876278229351	8.095932465182695	-3.373669459154861	5.649163063478721	0.40861564916424653	3.9979033059308247	7.478999948029685	-33.46477894053715
2	-2	2.9563310546874995	10.524583420872725	8.086537311856917	-3.372600061252271	5.648174136551424	1.1310345072972003	1.1310328274060213	7.478999948029685	-33.398998557281196
5	-20	2.9563310546874995	9.569590166536567	7.988309296507423	-3.3392990294568023	5.59948999737584	4.335583844509778	0.8380591386333514	8.134633626763081	-27.16389680908839
5	-40	2.9563310546874995	8.138289461034105	7.805302984107327	-3.2605430274853853	5.56528219305492	3.7225847005392496	1.3486782918278122	8.134633626763081	-22.486821130243705
2	40	2.9563310546874995	7.588372312573452	8.57799462461229	-3.390747709149791	5.536602185328007	2.248563664221892	0.8098289281411706	7.478999948029685	-24.24832142806787
2	10	2.9563310546874995	9.675693200339914	8.226533647623354	-3.364641649438776	5.601074969296904	3.106356223757938	1.8452115621910377	7.478999948029685	-30.644055355580825
2	20	2.9563310546874995	8.809959180538762	8.3663025979453	-3.364613993431908	5.564754163223495	2.8539784581278136	1.7116630264165478	7.478999948029685	-27.913097970734988
2	5	2.9563310546874995	10.148746121129212	8.157119914305714	-3.3705768455497793	5.626164396402892	3.0434074237358324	1.9506851941987744	7.478999948029685	-32.19358122432048
2	2	2.9563310546874995	10.427542072081325	8.116915479264946	-3.37441546786629	5.642306372690641	2.2643992237233794	2.7651153157425705	7.478999948029685	-33.11209897835725
2	-5	2.9563310546874995	10.387776149786758	8.072578494598556	-3.3678617778552264	5.6401256182899875	3.948670785608936	0.7808321913951626	7.478999948029685	-32.918578222549485
2	-10	2.9563310546874995	10.093106596648138	8.043373122084024	-3.3501977497251474	5.623640568507908	4.505896859305126	0.7385892116907442	7.478999948029685	-31.8124089291037
2	-20	2.9563310546874995	9.473146458552238	7.978033433635538	-3.312262899866181	5.593950373509089	4.222447127211097	0.8417311160662231	7.478999948029685	-29.509032214104536
2	-40	2.9563310546874995	8.090512173891437	7.800500840526948	-3.240542037019945	5.562284449817573	3.483768834535619	1.358918722101678	7.478999948029685	-24.631135989988813
0	40	2.9563310546874995	7.586728675668041	8.57659054173744	-3.3827863030148437	5.53502893484484	2.2823971510905907	0.8665808964907067	6.841467529772567	-25.664281848739794
0	20	2.9563310546874995	8.800422262570548	8.364766441420173	-3.3536733248289754	5.563087345350488	2.987389418829035	1.789717021477153	6.841467529772567	-29.5137413892139
0	10	2.9563310546874995	9.64792125166711	8.22824685727864	-3.3525270483132736	5.599053978727651	3.4465950740537354	1.9707947629463405	6.841467529772567	-32.34491695621044
0	2	2.9563310546874995	10.41382552851374	8.120057938506841	-3.3638132334123183	5.641366969198678	4.034672267748548	2.11395115747802	6.841467529772567	-35.03016412326155
0	5	2.9563310546874995	10.117221394080389	8.160316893507925	-3.35834208697459	5.624083727730916	3.788700554330734	2.0541865211949375	6.841467529772567	-33.977090410979905
0	0	2.9563310546874995	10.618297041228857	8.09344276058766	-3.3682650657745197	5.653847069225611	0	0	6.841467529772567	-35.765238981988105
0	-2	2.9563310546874995	10.495111181171419	8.08232187883708	-3.360443870887178	5.646304092612413	4.964648679101814	0.8062399690041677	6.841467529772567	-35.268232043046986
0	-5	2.9563310546874995	10.312136358914342	8.065336708641713	-3.3489087047123642	5.635500651055004	4.783985428364816	0.8043545024488656	6.841467529772567	-34.53440321654911
0	-10	2.9563310546874995	10.009789159458144	8.03597981010606	-3.330119429488428	5.618790316963658	4.513127049266174	0.8150174357092097	6.841467529772567	-33.33379336499421
0	-20	2.9563310546874995	9.400779504899953	7.971452294069057	-3.293770310591999	5.590171768155797	4.056142491801772	0.8919577303561916	6.841467529772567	-30.964008429661217
0	-40	2.9563310546874995	8.056588096430724	7.797420027079124	-3.2276111598137027	5.5604561246237	3.328264771535541	1.3797553161844442	6.841467529772567	-26.003533650062042
-2	40	2.9563310546874995	7.582131136329497	8.575291567129177	-3.374636870832704	5.533364111769703	2.3148644886400964	0.9366157856472443	6.257692491828874	-27.035550066359015
-2	20	2.9563310546874995	8.78280578823672	8.363315112167859	-3.3419840765245072	5.561062495158885	3.133821536716947	1.9314787752637095	6.257692491828874	-31.038668508315016
-2	10	2.9563310546874995	9.60171087028899	8.229666469149473	-3.3382154098555916	5.596009501955657	3.8592127886485206	2.382535775186054	6.257692491828874	-33.90824773790986
-2	5	2.9563310546874995	10.04224971556713	8.162827581302409	-3.3406647402472696	5.6194444748716315	4.848820086840423	3.4293960991755656	6.257692491828874	-35.49679680589352
-2	2	2.9563310546874995	10.28241681379678	8.12043809254345	-3.3383518578035605	5.6332841671990455	5.522307320636738	6.65892264032035	6.257692491828874	-36.32692522700329
-2	0	2.9563310546874995	10.377041251105512	8.092710710414925	-3.335854353749883	5.639075916595582	2.4782922476381737	6.507919695069463	6.257692491828874	-36.637422098358144
-2	-2	2.9563310546874995	10.34667463316933	8.076020370713776	-3.3336177693340696	5.637433639363352	3.7794841040387936	2.7484500469493587	6.257692491828874	-36.5064888837387
-2	-5	2.9563310546874995	10.194026226694348	8.058264476500115	-3.325063349082357	5.6286597571163846	4.402000746035819	1.3671594718752462	6.257692491828874	-35.87762252320813
-2	-10	2.9563310546874995	9.910382400408634	8.029011100576291	-3.308533449038806	5.6133257834164425	4.267185902023608	1.028735232265944	6.257692491828874	-34.710323751954334
-2	-20	2.9563310546874995	9.324061171016751	7.965272686476133	-3.27525549026161	5.5864198299686265	3.851267562416335	0.9752337570693972	6.257692491828874	-32.33792838154427
-2	-40	2.9563310546874995	8.021212840477745	7.794436820283813	-3.215000142273275	5.5587532637583825	3.1764193656603705	1.4105010060346865	6.257692491828874	-27.32858772008099
-5	40	2.9563310546874995	7.569582505207396	8.57351361746448	-3.3620071730540095	5.530680547818268	2.360541663884203	1.0688588966379742	5.525361865020128	-29.000919764293755
-5	20	2.9563310546874995	8.74020120893092	8.360978770573567	-3.3226321271832546	5.557250888821612	3.379178242215872	2.290384422758418	5.525361865020128	-33.16324993520103
-5	10	2.9563310546874995	9.490060431283982	8.229454938887722	-3.310420828703647	5.5889689385619965	4.654045852196893	3.8392149245209772	5.525361865020128	-35.91925634616587
-5	5	2.9563310546874995	9.835042145883358	8.158766052643749	-3.2997166943550913	5.606850326033456	4.940208367580036	6.226850623019452	5.525361865020128	-37.135442078960764
-5	0	2.9563310546874995	10.0517107960714	8.091318111250361	-3.29196469781831	5.619849705075224	2.0738949575559316	6.096265436055679	5.525361865020128	-37.887309933055256
-5	2	2.9563310546874995	9.996792097248623	8.11534421112792	-3.293383096504588	5.616315904820249	3.118044709478535	6.780470262328921	5.525361865020128	-37.69135473714667
-5	-2	2.9563310546874995	10.057263636680123	8.072051958312093	-3.2911724294716054	5.620629567883907	2.1340950333629127	4.838478262855545	5.525361865020128	-37.90098577834642
-5	-10	2.9563310546874995	9.743170115871512	8.02015734601941	-3.275394011290521	5.604645963332616	3.6986748116882113	1.513701242171744	5.525361865020128	-36.55059881561511
-5	-5	2.9563310546874995	9.977311584183017	8.050625854282147	-3.2871681763252085	5.616651321925392	3.2626468435268814	2.5983720555671033	5.525361865020128	-37.556425919628744
-5	-20	2.9563310546874995	9.203692728959126	7.956918088541587	-3.2478764945998058	5.580946998543142	3.509285333671232	1.1485472739781706	5.525361865020128	-34.25549018353301
-5	-40	2.9563310546874995	7.965746886075263	7.790136794118591	-3.196674309161387	5.556417538503154	2.9561218880349087	1.4727931607029903	5.525361865020128	-29.224602301275414
-10	40	2.9563310546874995	7.533168886692178	8.570881694706202	-3.339661825917664	5.525656361736641	2.4255570795215657	1.3709532874018677	4.541597635884732	-32.00425381310037
-10	20	2.9563310546874995	8.621265919778246	8.354913689170841	-3.283533253629242	5.548372114707242	3.859889813965593	3.4122633082817746	4.541597635884732	-36.18443340828936
-10	10	2.9563310546874995	9.207394035363544	8.218126946205565	-3.2489068397279874	5.571847994446765	4.211508865745816	5.697124845359384	4.541597635884732	-38.36803864451935
-10	5	2.9563310546874995	9.454648027208226	8.147190114683866	-3.234417047967441	5.585289315936523	2.9489827144529595	6.281888762130492	4.541597635884732	-39.28552137468475
-10	2	2.9563310546874995	9.55151739971413	8.110060749843928	-3.2303767824107967	5.5913262175535134	1.9184952547494554	5.900459933402175	4.541597635884732	-39.66003700295197
-10	0	2.9563310546874995	9.588202173782731	8.088456495167753	-3.229234287633547	5.593993604038015	1.583673138306808	5.5256142920482825	4.541597635884732	-39.80601347241909
-10	-2	2.9563310546874995	9.602722123201213	8.069101367743851	-3.2286585913470884	5.5955563015669325	1.506119950248257	5.035569044833935	4.541597635884732	-39.86345546487243
-10	-10	2.9563310546874995	9.443401124867181	8.009842664360763	-3.222198740141936	5.590141683562427	2.637023050813888	2.4203091286218084	4.541597635884732	-39.133116350951646
-10	-5	2.9563310546874995	9.582636385195734	8.043928724526141	-3.2276421633229413	5.595719473095767	1.781697146556446	4.032874272826695	4.541597635884732	-39.770753652098435
-10	-20	2.9563310546874995	8.996348281179221	7.945540714239522	-3.2042743644937994	5.572436956857517	2.9254998175292855	1.515269494091019	4.541597635884732	-37.09408293195583
-10	-40	2.9563310546874995	7.867850284885615	7.78337131045306	-3.167659695190922	5.553056345935985	2.610946523487648	1.6111843152828458	4.541597635884732	-32.13083668448159
-15	20	2.9563310546874995	8.441212253384514	8.342980191878324	-3.2340459067175362	5.536136715785174	3.85977853094225	4.699333898831536	3.8782468574861095	-38.46412322322427
-15	40	2.9563310546874995	7.476717548038252	8.568415591865813	-3.315320913079201	5.519855671149727	2.471830980460454	1.791088364053999	3.8782468574861095	-34.62466301181936
-15	10	2.9563310546874995	8.919437084769761	8.203675164235053	-3.1924979530192035	5.556147562861473	3.0944889293529623	5.855282174393721	3.8782468574861095	-40.33149166274557
-15	5	2.9563310546874995	9.102210076061734	8.138808408067286	-3.180826626325097	5.566811967303537	1.8990569376379463	5.62644250782452	3.8782468574861095	-41.080454461798126
-15	2	2.9563310546874995	9.170944633299637	8.105432586601934	-3.177721782626979	5.571505952728472	1.4232339309302802	5.315562051798636	3.8782468574861095	-41.37430758875242
-15	0	2.9563310546874995	9.199828342609404	8.085184914667114	-3.176689057529457	5.573901597458757	1.2492593482908076	5.070664776025409	3.8782468574861095	-41.50114224384724
-15	-5	2.9563310546874995	9.213005950655702	8.040559305874094	-3.1758165532497644	5.577223140988824	1.2525892588428942	4.276146655020799	3.8782468574861095	-41.5607431996553
-15	-2	2.9563310546874995	9.215258432742715	8.06636518057365	-3.17617401405794	5.575699484486786	1.1807565403214855	4.788475898130941	3.8782468574861095	-41.570452160745596
-15	-10	2.9563310546874995	9.13922665952211	8.003316484081996	-3.1741653102762895	5.576268286932457	1.7031283992025679	3.108937874450629	3.8782468574861095	-41.21108233834061
-15	-20	2.9563310546874995	8.7876398830129	7.936966130722775	-3.1639458997666017	5.564775830146242	2.3824803842909565	1.9110100177679723	3.8782468574861095	-39.512805695539306
-15	-40	2.9563310546874995	7.764275591512396	7.776955318609413	-3.1404646773532217	5.550297068687372	2.2950623013584464	1.7805047858375516	3.8782468574861095	-34.70614516211986
-30	40	2.9563310546874995	7.181887814626936	8.558187563602852	-3.225750339391892	5.496949831711191	2.3661424516257177	3.8221053976429467	2.3661424516257177	-39.80242916595166
-30	10	2.9563310546874995	8.16630821875027	8.172845543043357	-3.067919188583293	5.521811296935218	1.2209407800654781	4.798022245446734	2.3661424516257177	-44.243437754368394
-30	20	2.9563310546874995	7.865143203789372	8.299527985136548	-3.100036831824428	5.50502948261157	2.1230301186507545	5.339009858703733	2.3661424516257177	-42.76455632624992
-30	5	2.9563310546874995	8.259251869313765	8.120845198965682	-3.061199135039668	5.5287299400041165	0.9024217581722989	4.466022310864051	2.3661424516257177	-44.72749274680063
-30	2	2.9563310546874995	8.297723666791128	8.09237723332139	-3.0591432947533432	5.532365409163979	0.7830309752648335	4.290073732946049	2.3661424516257177	-44.93614421316024
-30	0	2.9563310546874995	8.31643322697772	8.074331827488193	-3.0584091850780384	5.534581094738428	0.7302848053783066	4.179085045389502	2.3661424516257177	-45.04139149901757
-30	-2	2.9563310546874995	8.329645460866493	8.056938414157788	-3.0580955326899883	5.536629921163522	0.6976309221655743	4.071012840896783	2.3661424516257177	-45.11921871450551
-30	-5	2.9563310546874995	8.33910909166806	8.031918196177063	-3.058262310516086	5.53938214361562	0.6840554467121345	3.909787558134664	2.3661424516257177	-45.18316038658294
-30	-10	2.9563310546874995	8.326386993847592	7.992579338372567	-3.059692230017903	5.543044171406462	0.7476863668325577	3.6215676423668657	2.3661424516257177	-45.13978589523127
-30	-40	2.9563310546874995	7.426248842337992	7.757489243079913	-3.06863316095944	5.5452513353594775	1.529608564514226	2.3700003179463853	2.3661424516257177	-40.32557044290548
-30	-20	2.9563310546874995	8.179565301284464	7.920090065369433	-3.062901194253654	5.5458866280502095	1.1268994267877976	2.814437001191195	2.3661424516257177	-44.3781788455186
-60	40	2.9563310546874995	6.334635213100771	8.550224750122828	-3.052422098477185	5.454498396670586	0.796848230135971	5.174268898949855	1.3152333231795232	-39.59112310639667
-60	20	2.9563310546874995	6.840325148194964	8.256537941186114	-2.9283518851443966	5.472023160965152	0.6942400934298327	4.746265203134115	1.3152333231795232	-42.43113207138806
-60	10	2.9563310546874995	7.003904674136703	8.14363798205353	-2.9076992341445114	5.486030064509052	0.5492368942390804	3.9703708861132503	1.3152333231795232	-43.45846520951835
-60	5	2.9563310546874995	7.056693033140997	8.094937937383872	-2.903524104627835	5.49263785066216	0.5077079492960739	3.7362674176571886	1.3152333231795232	-43.81166192170488
-60	2	2.9563310546874995	7.080351483096366	8.06735307678062	-2.9024615946521233	5.496526935759732	0.4905941966095011	3.6325492690429666	1.3152333231795232	-43.97863150347257
-60	0	2.9563310546874995	7.092922945907774	8.049495818201027	-2.902276213743762	5.499098088035826	0.48216270994735044	3.5766729032063718	1.3152333231795232	-44.071853665400084
-60	-2	2.9563310546874995	7.102965823853719	8.031991558984684	-2.9024751958938713	5.50165700294812	0.4760211961213303	3.5304539439069154	1.3152333231795232	-44.15070251486575
-60	-10	2.9563310546874995	7.117432673571351	7.964393404284243	-2.906679310499707	5.511845559837113	0.47370634346830065	3.4272669743770168	1.3152333231795232	-44.31838800559681
-60	-5	2.9563310546874995	7.113279229772189	8.0062714125662	-2.903442237508118	5.505481083657713	0.470987049003462	3.4775599439208844	1.3152333231795232	-44.241805538896685
-60	-20	2.9563310546874995	7.070164105538865	7.881584973004584	-2.9184761999157787	5.524672761602262	0.5234321255587577	3.4182026851342195	1.3152333231795232	-44.144302200994204
-60	-40	2.9563310546874995	6.619109588202748	7.691611927048312	-2.960526184264715	5.551722729354707	0.8141401977410581	3.4970603633602484	1.3152333231795232	-41.6222585057379
60	40	2.6278498263888888	6.026697543584952	8.729211016883953	-3.6623669584606886	5.570182378669379	1.6497042736076826	2.339172310573787	3.2059582381643934	18.0363144853067
60	20	2.6278498263888888	5.94484326623555	8.566835351905631	-3.791538952093983	5.591319728560834	2.255262948876847	4.326114903332572	3.2059582381643934	17.51621583862619
60	5	2.6278498263888888	5.947677579624401	8.357554592764009	-3.8694219316182763	5.636160804600371	2.717417977741879	5.422590085373748	3.2059582381643934	17.52392479379434
60	10	2.6278498263888888	5.942481213153038	8.433908950307636	-3.848409524225158	5.618664940693365	2.5390283653818155	5.045015854298049	3.2059582381643934	17.481007751800266
60	2	2.6278498263888888	5.952303717472908	8.308609006739157	-3.8791011857906916	5.647929093223436	2.841160584964468	5.683819311249245	3.2059582381643934	17.569411791293934
60	0	2.6278498263888888	5.9560446525375665	8.274598541248428	-3.8841856979149254	5.656326911487909	2.9293298750440853	5.87798698903083	3.2059582381643934	17.60862878536915
60	-2	2.6278498263888888	5.960400851954513	8.23942124496373	-3.8880676166083084	5.665174251010299	3.019530144121507	6.091010959369899	3.2059582381643934	17.655607403241913
60	-10	2.6278498263888888	5.989852727228794	8.085895851215412	-3.8882996013802074	5.704272869219905	3.2059582381643934	7.128894789123385	3.2059582381643934	17.94497231707448
60	-5	2.6278498263888888	5.968470384093732	8.18432819196838	-3.891359046215549	5.679266989849974	3.1472842210425154	6.449935821264292	3.2059582381643934	17.74253138646364
60	-20	2.6278498263888888	6.1310714176669885	7.87992958831538	-3.8280322138457525	5.737804035977866	2.2706860222552026	7.210340836568161	3.2059582381643934	18.730839788322886
30	40	2.6278498263888888	6.511140349556189	8.716060851043025	-3.524223540406699	5.524736439462921	2.102599143759542	1.161690664670589	10.324851400143919	-1.8862701636481505
60	-40	2.6278498263888888	6.003698349059512	7.590140797765591	-3.683569587649741	5.783108672964549	1.9679256323773933	4.2107937731811	3.2059582381643934	19.010916327741974
30	10	2.6278498263888888	7.225197148080163	8.428021958229387	-3.5880471368261295	5.516251289049401	2.7883572264791185	6.338359738415853	10.324851400143919	-2.523142351870278
30	20	2.6278498263888888	6.86383186403123	8.578627637482342	-3.5689187620219704	5.513385723002372	2.526033894058606	3.4990299787055945	10.324851400143919	-2.2930789047993594
30	5	2.6278498263888888	7.5023281629342335	8.320076357098134	-3.5858886479613434	5.522539418569823	2.4747627193598842	7.155464348886673	10.324851400143919	-2.5823085183441874
30	2	2.6278498263888888	7.654723189378019	8.258615510023798	-3.579624937639046	5.526583149791744	2.2657914888722246	7.060691551443751	10.324851400143919	-2.5777629175138825
30	0	2.6278498263888888	7.742115183408952	8.221031128081526	-3.574766545175294	5.529599876610324	2.156767273798614	6.960841035661676	10.324851400143919	-2.562939764266077
30	-2	2.6278498263888888	7.818282412942477	8.18579329941655	-3.569489426283045	5.532827299436646	2.081291660817105	6.862062162826285	10.324851400143919	-2.5398071323813043
30	-10	2.6278498263888888	8.011955982184245	8.062969882884293	-3.5455082179018613	5.547116797997579	2.0879033103979494	6.414650417577725	10.324851400143919	-2.3790845269612255
30	-5	2.6278498263888888	7.911773920232034	8.13669881502487	-3.5609415096907697	5.537979457596859	2.0275711833255556	6.709972042774828	10.324851400143919	-2.4912283577245895
30	-20	2.6278498263888888	7.9847899018193385	7.93643577350824	-3.513499474527458	5.565536082638055	2.7388235431689294	5.274463257241939	10.324851400143919	-2.076139274045461
30	-40	2.6278498263888888	6.822047674528243	7.646779016166869	-3.4298426426825044	5.612565242936864	6.400194433105833	3.898136297021389	10.324851400143919	-1.1191449010889103
15	40	2.6278498263888888	6.615968051984714	8.71004282410601	-3.454700207750841	5.5078849052653975	2.4521338511595827	0.8914119721632261	9.104675089085017	-12.646016982432311
15	10	2.6278498263888888	7.4654240697759615	8.427482956775936	-3.4692076950598194	5.487754947055716	4.108024525393999	6.667300028570349	9.104675089085017	-14.41320917881466
15	20	2.6278498263888888	7.075409194507949	8.579625595258653	-3.4630805644642395	5.492720981618436	3.3942564136826343	3.323896604758424	9.104675089085017	-13.609253524043899
15	2	2.6278498263888888	7.931261709771514	8.248459779689272	-3.475683287413125	5.50336806515656	4.373542752360384	8.650909733635732	9.104675089085017	-15.330143694131449
15	5	2.6278498263888888	7.752128601506023	8.317780406620004	-3.4728611811646544	5.494975939514274	4.361834456562967	8.062333337885965	9.104675089085017	-14.979607716963883
15	0	2.6278498263888888	8.041560127343116	8.203491261748926	-3.4762087018830634	5.509725263725861	4.168932188290538	8.670994243228968	9.104675089085017	-15.534186723892658
15	-5	2.6278498263888888	8.235767346479975	8.10524722765223	-3.4670495722690253	5.523373631164198	4.032187077057777	8.140496931908434	9.104675089085017	-15.807389516242585
15	-2	2.6278498263888888	8.133710584859106	8.161861841321588	-3.474246278925927	5.515629331182153	4.001441255235917	8.485172490338485	9.104675089085017	-15.684350360188585
15	-10	2.6278498263888888	8.308100167788217	8.023281988020956	-3.4460051608160205	5.5330479994729025	4.734284314367898	7.302790462717212	9.104675089085017	-15.756537804203434
15	-20	2.6278498263888888	8.06589512567207	7.89241454157461	-3.3841221199400424	5.537221884322444	6.196879311238769	4.13595896972927	9.104675089085017	-14.806341663150397
15	-40	2.6278498263888888	6.820790116991601	7.634946351899989	-3.278082903011251	5.558968289214422	4.55959792583146	2.665853547928433	9.104675089085017	-11.78372027392696
10	40	2.6278498263888888	6.626896452299879	8.70780279241581	-3.429958928672406	5.502174416437852	2.5725486987715764	0.8957347328878357	8.028705009901106	-16.05304423006674
10	10	2.6278498263888888	7.439352756463614	8.42815439955528	-3.4182717178808475	5.474637287225357	5.022799547663214	6.863598465823687	8.028705009901106	-17.971093445025684
10	20	2.6278498263888888	7.096493291427345	8.578291526861157	-3.4218607011453956	5.485183722154068	3.8450244729380234	3.313336912710613	8.028705009901106	-17.154940756981908
10	5	2.6278498263888888	7.6575730272631235	8.324415585781749	-3.41630231528604	5.476611002806093	5.914555770516461	8.360054923076948	8.028705009901106	-18.480767495150225
10	2	2.6278498263888888	7.797423726452511	8.256311121575617	-3.415476358498791	5.481780602835088	6.6501078894111405	9.222915876929047	8.028705009901106	-18.804940647171566
10	-2	2.6278498263888888	7.989274680939469	8.16017430016853	-3.4138283900682724	5.493820590377128	7.675606843436843	10.365306844973354	8.028705009901106	-19.237955580514736
10	0	2.6278498263888888	7.893160900896006	8.208912263792378	-3.4148716021874517	5.487075224756159	7.2007193988781495	9.806335423722217	8.028705009901106	-19.02387078424293
10	-5	2.6278498263888888	8.105046001383103	8.089966057207334	-3.406299185880879	5.5038899677976865	8.028705009901106	9.966581733329585	8.028705009901106	-19.442460408684298
10	-10	2.6278498263888888	8.171243135259541	7.99316053343548	-3.376330229286099	5.515316376256837	7.83133644519731	7.973976598394053	8.028705009901106	-19.34387824000244
10	-20	2.6278498263888888	7.916143381890337	7.86575283372756	-3.315278299755373	5.521953461740213	6.009211517584533	3.6387520209081066	8.028705009901106	-18.254900673353337
10	-40	2.6278498263888888	6.7928971152201685	7.6328758480909	-3.2361552455958695	5.548132262490597	4.037717824599582	2.509554671632913	8.028705009901106	-15.104466743737888
5	40	2.6278498263888888	6.6247609888950905	8.705185207502382	-3.4039495737836085	5.49621873827156	2.6886629741201467	0.9675629993658453	8.134633626763081	-19.291101888388535
5	20	2.6278498263888888	7.081178374849035	8.573721992382023	-3.3751586784902248	5.4759239738933685	4.353811778561836	3.436775401091256	8.134633626763081	-20.429602952215085
5	10	2.6278498263888888	7.327096072883825	8.422789813577538	-3.3505938905134856	5.456103227336469	6.4760613492186	7.694109772730963	8.134633626763081	-20.972443366737696
5	5	2.6278498263888888	7.4257572965229075	8.317160928442915	-3.3269146801378615	5.447789282223913	8.134633626763081	9.304992854915529	8.134633626763081	-21.0850564872651
5	2	2.6278498263888888	7.494480307565604	8.247529811296511	-3.31159529298663	5.447201905523941	8.083862618034003	9.675533158994835	8.134633626763081	-21.166201659214078
5	0	2.6278498263888888	7.551777728098187	8.199920526130484	-3.303515940222591	5.449724434334139	7.992503311407507	9.883811776477929	8.134633626763081	-21.26558167269208
5	-5	2.6278498263888888	7.734810403842628	8.077947575375333	-3.2912881682215374	5.46648016821704	7.93616889982415	10.46798377938259	8.134633626763081	-21.67548105842808
5	-2	2.6278498263888888	7.6181902146377505	8.151570190704502	-3.2972427574404777	5.454623477367982	7.939986523703718	10.104253012061385	8.134633626763081	-21.40173600526425
5	-10	2.6278498263888888	7.915843537523167	7.965837034589381	-3.2823394091367137	5.492020218013738	7.371288435584317	8.326801409435694	8.134633626763081	-22.094607613980944
5	-20	2.6278498263888888	7.74703743399232	7.8456202498889285	-3.247881610757596	5.5086426451971695	5.253325049035032	3.421470926902445	8.134633626763081	-21.3462845535902
5	-40	2.6278498263888888	6.758394271277614	7.632086806519958	-3.1979718748344395	5.539611431810045	3.565758981511991	2.450732783131896	8.134633626763081	-18.26789698520589
2	40	2.6278498263888888	6.61694452764338	8.70333911391066	-3.387596246701494	5.492481978393029	2.754269115881565	1.0493415202619203	7.478999948029685	-21.133513443791053
2	10	2.6278498263888888	7.209274678064762	8.411341178912119	-3.296170004323819	5.441227080624273	7.478999948029685	8.46932424729131	7.478999948029685	-22.379506124016608
2	20	2.6278498263888888	7.050999595699593	8.568391811127533	-3.3433932892958405	5.469122365116582	4.708839809957152	3.7287700885532016	7.478999948029685	-22.214082326995488
2	5	2.6278498263888888	7.271593590978364	8.304258317077698	-3.2647329836468884	5.4310645687263355	7.0971582385666725	8.932798355286407	7.478999948029685	-22.34708161349102
2	2	2.6278498263888888	7.336267563064995	8.236664759470127	-3.2504300298143245	5.431400621616304	6.9221175926751926	9.198638993545858	7.478999948029685	-22.44088542821062
2	0	2.6278498263888888	7.390201582748867	8.190548539173204	-3.2429175559209242	5.434361388060154	6.843810264918709	9.387077205946357	7.478999948029685	-22.5496155288225
2	-2	2.6278498263888888	7.452657049060572	8.143741960075147	-3.2370696759146536	5.439538223035419	6.797372820724394	9.589546790319762	7.478999948029685	-22.69528283398473
2	-10	2.6278498263888888	7.768862614204516	7.956335399926831	-3.2285590655636347	5.4807375182931075	6.602804520106315	8.513869396961562	7.478999948029685	-23.58096335577013
2	-5	2.6278498263888888	7.562328730095183	8.072477328710317	-3.2314878374998273	5.451511941164083	6.789489435118808	9.928088678265791	7.478999948029685	-22.983915578510086
2	-20	2.6278498263888888	7.648220848863223	7.8374616597823605	-3.2103888056115792	5.502088334841555	4.757248921472474	3.414119806761618	7.478999948029685	-23.070192870291272
2	-40	2.6278498263888888	6.735482452798739	7.632167664228145	-3.1767271698482236	5.53544034723309	3.3051465349321716	2.4515861536188717	7.478999948029685	-20.082567767980013
0	20	2.6278498263888888	7.021022714387016	8.56332903343946	-3.3201475411365053	5.463941285300211	4.962524410373895	4.029399927580072	6.841467529772567	-23.310831301435602
0	40	2.6278498263888888	6.608929915828489	8.701957465768652	-3.3763347734871023	5.489908805826659	2.7955949324399803	1.1221910785824336	6.841467529772567	-22.313959890350915
0	10	2.6278498263888888	7.1286036093776985	8.401002440617706	-3.2578516261363135	5.43195430202997	6.841467529772567	8.2900596893068	6.841467529772567	-23.22393286089233
0	2	2.6278498263888888	7.2531741638602805	8.229205858552309	-3.2143915851595755	5.424128989844905	6.301615018446937	8.92862908738207	6.841467529772567	-23.314541998009325
0	5	2.6278498263888888	7.190282093349348	8.29554368180207	-3.2279654824391164	5.423201386153568	6.456862692815777	8.683560253501538	6.841467529772567	-23.20998240633177
0	0	2.6278498263888888	7.3054255654373055	8.183997707439053	-3.20726210362837	5.42736844880139	6.232020777225398	9.10520345478269	6.841467529772567	-23.430414566904926
0	-2	2.6278498263888888	7.365841110310136	8.138136014837738	-3.20171103326646	5.4327296166185315	6.190475999973897	9.296779760958989	6.841467529772567	-23.58329475216763
0	-5	2.6278498263888888	7.471834178744543	8.068327603304992	-3.196410749642285	5.4448023589915024	6.182672705759838	9.620018342968674	6.841467529772567	-23.88305108848369
0	-10	2.6278498263888888	7.67920698879501	7.95274744739341	-3.195442224139607	5.474647701726631	6.00794462220828	8.439368536024347	6.841467529772567	-24.538462259903543
0	-20	2.6278498263888888	7.585216360936445	7.8335571140753295	-3.186879898251015	5.498336535340357	4.437256281620428	3.4454885587948954	6.841467529772567	-24.173173544553073
0	-40	2.6278498263888888	6.719511919513242	7.632422905936588	-3.163218371070722	5.533009084971696	3.1404448931759177	2.464212815965248	6.841467529772567	-21.255283548432978
-2	40	2.6278498263888888	6.598630066434516	8.700432090609574	-3.3647577523437455	5.4872625502888255	2.834552688264157	1.211021552597657	6.257692491828874	-23.452921812564256
-2	20	2.6278498263888888	6.982335773528553	8.556767046472414	-3.294904784928865	5.458161526383524	5.228896781653146	4.42835938860152	6.257692491828874	-24.32216166068486
-2	5	2.6278498263888888	7.123602862411155	8.286844285000255	-3.19445906348434	5.417572600525205	5.916394498381546	8.465251180573922	6.257692491828874	-24.0890589147815
-2	10	2.6278498263888888	7.062038085152904	8.390795898906005	-3.222842995172421	5.42501722855078	6.257692491828874	8.11384260847376	6.257692491828874	-24.08303358463614
-2	2	2.6278498263888888	7.185173408650432	8.221664601275245	-3.1815934205453553	5.419054603691832	5.779487733423204	8.691807263315992	6.257692491828874	-24.205250929899684
-2	0	2.6278498263888888	7.236098663350128	8.177296663820655	-3.1748416771834744	5.422559976257055	5.718257582648997	8.857609558831804	6.257692491828874	-24.328865499353462
-2	-2	2.6278498263888888	7.294862256907012	8.13231251387337	-3.1695888088222595	5.428102204052286	5.681921919706403	9.039272461199204	6.257692491828874	-24.489553019424378
-2	-5	2.6278498263888888	7.397807572356689	8.06386329176388	-3.1645833559643055	5.440286330453834	5.675640202975662	9.348407346545356	6.257692491828874	-24.801289202861618
-2	-20	2.6278498263888888	7.524954404060612	7.830761413372014	-3.164594937741822	5.495062393310056	4.132581601274084	3.497880049257356	6.257692491828874	-25.24202358180215
-2	-10	2.6278498263888888	7.5964546168293765	7.951089927991992	-3.1647606152858065	5.46960960284667	5.454824329425214	8.40016712456621	6.257692491828874	-25.47637684689532
-2	-40	2.6278498263888888	6.703080178966187	7.632819814024481	-3.150211851404357	5.530837277782614	2.98276438761112	2.48495498218412	6.257692491828874	-22.397110826227497
-5	40	2.6278498263888888	6.578822518904797	8.697826988299465	-3.3467458112559334	5.483142709985036	2.8876796571350383	1.3768033065111758	5.525361865020128	-25.07779914241622
-5	20	2.6278498263888888	6.906809248743203	8.54340197028949	-3.2526519078533633	5.448236818974619	5.50719308423254	5.1762216427642445	5.525361865020128	-25.659623186783854
-5	10	2.6278498263888888	6.984935425731347	8.375825747355263	-3.175736968822188	5.418371501759706	5.525361865020128	7.866797749025525	5.525361865020128	-25.396488462068923
-5	5	2.6278498263888888	7.04707712660579	8.273927252661737	-3.149461194180983	5.412710098645324	5.257571327563123	8.188423417659699	5.525361865020128	-25.434489143879166
-5	2	2.6278498263888888	7.107346550079031	8.21031181090422	-3.137604366080916	5.414956142375764	5.145267957316056	8.391019095256182	5.525361865020128	-25.569456464330656
-5	-2	2.6278498263888888	7.213705554045307	8.123290192526111	-3.1265838564200292	5.42464173981052	5.067255275434103	8.711203441651337	5.525361865020128	-25.878987906010067
-5	0	2.6278498263888888	7.156822143834462	8.16708172313589	-3.131398221019164	5.4188358577858455	5.09579240077171	8.542719580108194	5.525361865020128	-25.705623068495086
-5	-5	2.6278498263888888	7.313072843241045	8.056698011289594	-3.1220299970632577	5.437011775858283	5.065005575482875	9.001471930743499	5.525361865020128	-26.210173955346775
-5	-10	2.6278498263888888	7.488189189383075	7.95062836199395	-3.1236391279335924	5.464189103218412	4.663370519108225	7.879088041993465	5.525361865020128	-26.867534434430194
-5	-40	2.6278498263888888	6.677708352658156	7.633641901346281	-3.131605575640376	5.528033017723531	2.7590439022987834	2.5287731437242056	5.525361865020128	-24.049691137672326
-5	-20	2.6278498263888888	7.440019941111132	7.828391961716544	-3.1334341940007935	5.490995131180146	3.709618216080199	3.603565551213232	5.525361865020128	-26.784684026978788
-10	40	2.6278498263888888	6.533950226946364	8.692438309092603	-3.3147858137016883	5.47582718778976	2.9584581509232626	1.749964692492235	4.541597635884732	-27.542522372466053
-10	20	2.6278498263888888	6.775677985657081	8.51594974786878	-3.1836086024024404	5.433282720076187	4.541597635884732	5.49312403645057	4.541597635884732	-27.63610738872591
-10	10	2.6278498263888888	6.897475391559227	8.350717112753612	-3.109898981488662	5.414327280979813	4.415630240513895	7.214908524067993	4.541597635884732	-27.609495181053767
-10	2	2.6278498263888888	7.030329594981777	8.191540383817339	-3.075501215794806	5.415772501901671	4.387537706319361	8.012069084241705	4.541597635884732	-27.90489999913869
-10	5	2.6278498263888888	6.970885840679286	8.25297660496157	-3.0858442192510305	5.412413826257456	4.465999775476137	7.841000209493917	4.541597635884732	-27.73589379244675
-10	0	2.6278498263888888	7.078488006374073	8.149901242683857	-3.0701284268084756	5.420217207837043	4.355042235832658	8.144893800820775	4.541597635884732	-28.064060999829724
-10	-2	2.6278498263888888	7.13348154681756	8.10778442035054	-3.065998903403441	5.426442947158506	4.338751569987758	8.295543975862007	4.541597635884732	-28.26079530686181
-10	-10	2.6278498263888888	7.3483068406034056	7.951962677482466	-3.0672249560996603	5.460275999159284	3.6465824142619407	6.9606914170973795	4.541597635884732	-29.163915318843465
-10	-5	2.6278498263888888	7.227253690594882	8.044272343281325	-3.062360707466229	5.43895320444626	4.218978806551641	8.286793137014282	4.541597635884732	-28.62209914795885
-10	-20	2.6278498263888888	7.312791959899924	7.828335193015296	-3.0872049525806933	5.486228436670292	3.0988777052809087	3.817455870123062	4.541597635884732	-29.19980968287226
-10	-40	2.6278498263888888	6.633877402045214	7.635461871537595	-3.1028650925530843	5.524460228274268	2.4188888812922316	2.6276638312636447	4.541597635884732	-26.635270194419373
-15	20	2.6278498263888888	6.671857164570775	8.487944455894826	-3.1259051153168103	5.423883753408368	3.6825393024833804	5.4937211451640104	3.8782468574861095	-29.51093789566639
-15	40	2.6278498263888888	6.473968806646484	8.685374965516354	-3.280038696674131	5.46788067052917	3.0009230847587034	2.2607172399308317	3.8782468574861095	-29.673214241503697
-15	10	2.6278498263888888	6.838500802406525	8.324682884284016	-3.057075770859461	5.4154425886114215	3.5668938539320876	6.683478029466486	3.8782468574861095	-29.7784440399019
-15	5	2.6278498263888888	6.939547027509227	8.231954962588931	-3.03377193453443	5.419069464092269	3.7072611010335788	7.301846508299767	3.8782468574861095	-30.06875919360187
-15	2	2.6278498263888888	7.005768207542938	8.173121438248689	-3.0240962965812863	5.424226209157187	3.8626657160014934	7.710281524433534	3.8782468574861095	-30.29956751825658
-15	0	2.6278498263888888	7.053815119544555	8.132754358745311	-3.0194336241615303	5.42920361998644	3.8782468574861095	7.878086462852303	3.8782468574861095	-30.484685932702885
-15	-2	2.6278498263888888	7.106329135200216	8.092391360966886	-3.016096688466668	5.435614261511557	3.7247384727676516	7.751910847364628	3.8782468574861095	-30.70052278449547
-15	-5	2.6278498263888888	7.17326009331124	8.036370972362091	-3.0152317404485234	5.445374340290991	3.297956154783343	7.206514642092058	3.8782468574861095	-31.001802893261996
-15	-10	2.6278498263888888	7.242152766715435	7.955196769519847	-3.0225166087518103	5.460493239167539	2.8923363908040955	6.289034762549792	3.8782468574861095	-31.378846572428326
-15	-20	2.6278498263888888	7.201562736312188	7.831712551745397	-3.047355808942104	5.483571399384685	2.5955742942627187	4.042104105092866	3.8782468574861095	-31.418779078681276
-15	-40	2.6278498263888888	6.588493159896729	7.637587163426447	-3.076748064516648	5.522117107465281	2.1174591409263734	2.7484515832398553	3.8782468574861095	-28.996877446699507
-30	40	2.6278498263888888	6.22786166518164	8.653287222016345	-3.165207929948751	5.442865541981785	2.3185767418603085	3.7684887503977214	2.3661424516257177	-34.020212794279324
-30	20	2.6278498263888888	6.472124823765714	8.41007820821009	-3.0033155335799195	5.41740062818083	2.120357615570048	5.382754968994348	2.3661424516257177	-34.36470373149346
-30	5	2.6278498263888888	6.83687986652046	8.168700728652835	-2.934357985971448	5.441628578225831	1.5965848415978043	5.637985763971704	2.3661424516257177	-35.97595480946841
-30	10	2.6278498263888888	6.717502143975802	8.248692970024297	-2.94997407440395	5.430510446139677	1.9284867170628421	5.827757876241057	2.3661424516257177	-35.401288104190435
-30	2	2.6278498263888888	6.892667235063575	8.124451905124536	-2.9293001847610634	5.447878434726242	1.4331352446447632	5.468257878054481	2.3661424516257177	-36.260858270671335
-30	0	2.6278498263888888	6.923124039610345	8.096299837249681	-2.927481057395599	5.451837355662391	1.3583414416208948	5.37037612918666	2.3661424516257177	-36.423882338113124
-30	-2	2.6278498263888888	6.9482801028747945	8.06905796552347	-2.926777745495932	5.455640056141272	1.3093368232378064	5.28295813099219	2.3661424516257177	-36.56521222201944
-30	-5	2.6278498263888888	6.976094837980911	8.029625617876958	-2.92762334096262	5.461062588672487	1.2819429470305874	5.167983664687097	2.3661424516257177	-36.73560951265713
-30	-10	2.6278498263888888	6.995401714022586	7.966793441393396	-2.933527008548934	5.469358794679732	1.3531779131977442	5.004577078101729	2.3661424516257177	-36.902061341585615
-30	-20	2.6278498263888888	6.933998865889092	7.849536074363579	-2.957724496656381	5.484306743659301	1.5352266175049152	4.3951131244475885	2.3661424516257177	-36.775280665476636
-30	-40	2.6278498263888888	6.44355070397388	7.642892072033822	-3.01196047592168	5.521255061026138	1.4206905632396092	3.162596559427362	2.3661424516257177	-34.59582205612474
-60	40	2.6278498263888888	5.792785810330506	8.604189452187565	-3.0131764077079977	5.425228380242526	0.8000232721979592	4.646172751895186	1.3152333231795232	-35.9440841964574
-60	20	2.6278498263888888	6.175916533201079	8.30319986328673	-2.872327908681629	5.435698066943229	0.8327534933888638	5.113795418282563	1.3152333231795232	-37.942463133585356
-60	10	2.6278498263888888	6.353715972949859	8.167480398648364	-2.844522091021697	5.452815435890175	0.6693469175810279	4.294380405789266	1.3152333231795232	-39.04064755414999
-60	5	2.6278498263888888	6.413627422316013	8.109045753868644	-2.838765255163947	5.460963092910445	0.6223395046568945	4.055396642716597	1.3152333231795232	-39.43556967048959
-60	2	2.6278498263888888	6.441634731294423	8.075939438342205	-2.8372555850710275	5.465791085418078	0.6029039059730027	3.953424677519821	1.3152333231795232	-39.62984980300684
-60	0	2.6278498263888888	6.457151936999622	8.054496508733541	-2.8369648656686968	5.4689992117926405	0.5932958204452348	3.900675998829195	1.3152333231795232	-39.74231526951225
-60	-2	2.6278498263888888	6.470186452123516	8.033464001276613	-2.8372074026316114	5.472206808368473	0.586267864899428	3.859204414341751	1.3152333231795232	-39.841297675807375
-60	-5	2.6278498263888888	6.485090699648909	8.002526301780227	-2.838514381367277	5.477031677465326	0.5804320166730128	3.8166480377430894	1.3152333231795232	-39.964408795252986
-60	-10	2.6278498263888888	6.497254601466141	7.952034599842622	-2.8430580135390624	5.485162065791551	0.5828882196766859	3.7925724262351426	1.3152333231795232	-40.099877445519155
-60	-20	2.6278498263888888	6.468250563606997	7.8515497303379576	-2.8606024291641594	5.5020728232863725	0.6363417898048445	3.884813696017451	1.3152333231795232	-40.0723390916253
-60	-40	2.6278498263888888	6.07779573746568	7.623407974318193	-2.9297650545226737	5.543441875359516	0.8352846265264511	3.935664695459478	1.3152333231795232	-38.08130449125153
60	40	2.2993685980902776	5.492582502990984	8.78054285311486	-3.7107950432923738	5.562727630490774	1.8465398623804903	2.4997104719257006	3.2059582381643934	16.269391448701167
60	20	2.2993685980902776	5.121036577326228	8.62960949309248	-3.8900418170051787	5.597383907243437	2.667888566821245	3.9942330637688084	3.2059582381643934	14.863582059331389
60	5	2.2993685980902776	4.955213390164152	8.403812216575757	-4.0125275493151005	5.671938661057599	3.088769125060078	5.260268159379103	3.2059582381643934	14.398755973572788
60	10	2.2993685980902776	4.9995132111260165	8.489430333630473	-3.9768490007384036	5.643061612814485	3.0012530064630476	4.868429771137765	3.2059582381643934	14.491640046043688
60	0	2.2993685980902776	4.922266040651347	8.308719119757694	-4.039916519624488	5.703630346437485	3.0594906394484154	5.668643314826831	3.2059582381643934	14.370705903699973
60	2	2.2993685980902776	4.933834936016991	8.3478600866977	-4.030159861983158	5.690725109396943	3.0941788930947722	5.504334816798849	3.2059582381643934	14.37340867846751
60	-2	2.2993685980902776	4.913475551006012	8.268197081345875	-4.047724498478422	5.716592354110484	2.973096016826712	5.827064657182096	3.2059582381643934	14.381015510024708
60	-5	2.2993685980902776	4.907698762320835	8.205246313996867	-4.0547922807200765	5.735262768035327	2.6709891325460324	6.014318274649789	3.2059582381643934	14.426117271911204
60	-10	2.2993685980902776	4.930479500802994	8.097819016595118	-4.049308033521898	5.75909427972438	1.9430693437130258	6.19506499164598	3.2059582381643934	14.608359603643825
60	-20	2.2993685980902776	5.094311149264632	7.871303527124864	-3.973199309358777	5.784704243438712	1.786431667202022	7.357068390049348	3.2059582381643934	15.400618013608643
60	-40	2.2993685980902776	5.307514525836533	7.504391499942135	-3.723230556317781	5.808450157333461	1.9843077350726859	5.002987154700381	3.2059582381643934	16.817656511104207
30	40	2.2993685980902776	5.614343807349139	8.819670005030158	-3.5619909346339025	5.48937753469195	2.4946958104291324	1.3916114863711997	10.324851400143919	-1.9093589987452577
30	20	2.2993685980902776	5.334930952351935	8.733996057012341	-3.6474713092688087	5.444743540138965	3.3186120731779227	2.7167337024049925	10.324851400143919	-2.328329481640166
30	10	2.2993685980902776	5.27363590366662	8.633577478303481	-3.6875085293126793	5.430950158894231	4.061834284847225	4.216968269852061	10.324851400143919	-2.520803149150805
30	5	2.2993685980902776	5.324093073275933	8.546610371511722	-3.7029578006248207	5.431565261610992	4.550574277825067	5.939424962052085	10.324851400143919	-2.614517791701157
30	2	2.2993685980902776	5.409229861178854	8.470683293772858	-3.7087113212805667	5.436711553071184	4.848552800027488	7.731727160478542	10.324851400143919	-2.669359966623243
30	0	2.2993685980902776	5.491323169064591	8.409376009975896	-3.708782875691182	5.441866834407636	4.862287542076309	8.45422837331841	10.324851400143919	-2.696057200799477
30	-2	2.2993685980902776	5.58129583467634	8.345096293631254	-3.7043971304481906	5.447161044729781	4.911069274932874	8.94529260327229	10.324851400143919	-2.704257820325507
30	-10	2.2993685980902776	5.884387145251387	8.105791260769418	-3.6643297275581634	5.472035554338781	4.89864311794846	8.965550258491593	10.324851400143919	-2.573741816750821
30	-5	2.2993685980902776	5.714049331057193	8.24949059492745	-3.6916792010379362	5.455517932156207	4.889900172813062	9.105013200380528	10.324851400143919	-2.6817690850282996
30	-20	2.2993685980902776	6.005403223486301	7.855623765478895	-3.591855691552231	5.51437016385817	5.750753735937689	8.634013209227987	10.324851400143919	-2.1226289486946364
30	-40	2.2993685980902776	5.2153999139975795	7.373260046965476	-3.406537181020005	5.655656139129451	6.266173732939596	3.983295156808993	10.324851400143919	-0.6379459866705967
15	40	2.2993685980902776	5.5990337421729794	8.830087464011951	-3.469420325881672	5.458395396962499	2.9554746745988214	1.1211622104644459	9.104675089085017	-10.853536601334936
15	20	2.2993685980902776	5.196851323840674	8.757054897004934	-3.482556656537522	5.371627535231306	4.5210698360564345	2.8872538272520014	9.104675089085017	-10.256567650338997
15	10	2.2993685980902776	4.967807472588997	8.656721837139036	-3.455943499912435	5.314457051138174	6.302101810624005	4.587287918477084	9.104675089085017	-9.750327557518963
15	2	2.2993685980902776	4.911924532466021	8.48819811450507	-3.397427819838616	5.276793009572596	8.54636293725494	8.126900109753183	9.104675089085017	-9.410897410886422
15	5	2.2993685980902776	4.906462983262151	8.566753182153066	-3.423885246980611	5.288317715126139	7.687197284589213	6.50021249767798	9.104675089085017	-9.511187545875336
15	0	2.2993685980902776	4.935384323778095	8.425214064936888	-3.3785928324493835	5.272502242207093	8.976646968807604	9.033473359034131	9.104675089085017	-9.37153516539021
15	-5	2.2993685980902776	5.059134899542097	8.244179826023835	-3.340349615748633	5.2797408713948295	8.952349320084673	10.477545471283795	9.104675089085017	-9.410155193190631
15	-2	2.2993685980902776	4.973033884710885	8.355850178919711	-3.360690627375012	5.271854827191598	9.104675089085017	9.734736983983565	9.104675089085017	-9.357864477019262
15	-10	2.2993685980902776	5.27157135992584	8.049596921736127	-3.3260748102810695	5.316589663633756	8.809002970317941	10.964774361761917	9.104675089085017	-9.68233148785786
15	-20	2.2993685980902776	5.5690684553105285	7.7455402097034725	-3.2834409853731557	5.406219325539671	6.758068228007007	8.48843285688465	9.104675089085017	-9.870215530767556
15	-40	2.2993685980902776	5.253001579131906	7.394135931908092	-3.224757956524793	5.564404342593875	4.2994696693885786	3.6170099715837263	9.104675089085017	-8.797218424028845
10	40	2.2993685980902776	5.57923567564646	8.830718118395254	-3.4344232365188305	5.448166766894815	3.1083211254380334	1.1398532875735505	8.028705009901106	-13.592035757079527
10	20	2.2993685980902776	5.098195104723001	8.752936035461778	-3.4069020508677625	5.342629503212751	5.1391211767010425	3.2731622678621943	8.028705009901106	-12.375387735912543
10	10	2.2993685980902776	4.779712764747588	8.63496311047839	-3.3318018353533936	5.264916807868747	7.008085690332815	5.223365776195603	8.028705009901106	-11.313298444259607
10	5	2.2993685980902776	4.692985850323369	8.531918074648436	-3.276265407434278	5.233083891990001	6.861316362041516	6.791718272588013	8.028705009901106	-10.87729040746888
10	0	2.2993685980902776	4.705147991244471	8.39193046809448	-3.22657899288674	5.219402064680785	6.3447056845433085	8.103839320594602	8.028705009901106	-10.686427871514736
10	2	2.2993685980902776	4.688935327158419	8.451737807145811	-3.2449607929782136	5.222250245408182	6.5436340741245616	7.627578777825143	8.028705009901106	-10.732167914509528
10	-2	2.2993685980902776	4.735476267613586	8.328048686523209	-3.210859129854033	5.2203760345716805	6.18289903035117	8.534003636255042	8.028705009901106	-10.68119905624151
10	-5	2.2993685980902776	4.806063567625882	8.226341694139258	-3.193118861400182	5.22937803733053	6.03565874705004	9.127639045984958	8.028705009901106	-10.748935362282149
10	-10	2.2993685980902776	4.988015308244737	8.046894370481315	-3.1810221085143393	5.265196686003673	6.092648816421142	10.07968560392918	8.028705009901106	-11.065430245686253
10	-20	2.2993685980902776	5.42049367993746	7.726896179266314	-3.1846503518711495	5.381213156874654	5.517012349151426	8.325946861807472	8.028705009901106	-11.935008303186226
10	-40	2.2993685980902776	5.264115273235682	7.4061890268416	-3.1772818558618616	5.544863609286539	3.724939208381141	3.5730057375015107	8.028705009901106	-11.40289669463251
5	40	2.2993685980902776	5.5512904202952145	8.829323345054151	-3.396854207075983	5.437824955478626	3.252416323201468	1.2387183549125544	8.134633626763081	-16.15420226563265
5	10	2.2993685980902776	4.637527433959651	8.598281354835878	-3.2100485602379134	5.2272701524179075	5.436023515148708	5.400303390280155	8.134633626763081	-12.717244504360627
5	20	2.2993685980902776	4.9695615846207515	8.736915067211807	-3.3136930329483745	5.310072367715127	5.830678898940679	3.888455190538318	8.134633626763081	-14.105007896835962
5	5	2.2993685980902776	4.58126549637701	8.490474232169184	-3.160127051907529	5.202873068776407	5.027172122141177	6.509012259965966	8.134633626763081	-12.344868347470095
5	2	2.2993685980902776	4.5851310637352904	8.412642300876344	-3.133691247792176	5.196197554413457	4.775413053516024	7.071808483411824	8.134633626763081	-12.237201958479647
5	0	2.2993685980902776	4.602406149589889	8.35626115078868	-3.118412774587038	5.19555143242516	4.629878796859867	7.414798755560177	8.134633626763081	-12.213516247994411
5	-2	2.2993685980902776	4.631008173414251	8.29687919639983	-3.1053936224819085	5.198142091872769	4.511806339269295	7.741653636599709	8.134633626763081	-12.228310118165847
5	-10	2.2993685980902776	4.855620875828589	8.03880574574332	-3.080295200411112	5.242889027825272	4.408254488858786	9.032074673852998	8.134633626763081	-12.681065044909118
5	-5	2.2993685980902776	4.694648353061136	8.203251294708087	-3.0906495087268713	5.208356624434494	4.398104779362956	8.2185462434345	8.134633626763081	-12.323219373418407
5	-20	2.2993685980902776	5.3252343815472285	7.720782421184341	-3.1029149414145594	5.365671706119046	4.480357481268107	8.102017534634701	8.134633626763081	-13.970530392991078
5	-40	2.2993685980902776	5.275829425310719	7.41935122562299	-3.1353523484805117	5.5296430376783485	3.2248150803597135	3.5706732270455306	8.134633626763081	-13.936004453070995
2	20	2.2993685980902776	4.890010873270266	8.721083769232582	-3.2514452546371384	5.29107926698856	5.487280614308424	4.0720299247693355	7.478999948029685	-14.986947176085799
2	40	2.2993685980902776	5.530461247230018	8.827327152465907	-3.372936830446017	5.4315291351958255	3.3319303733116556	1.3441518198826903	7.478999948029685	-17.594191836227026
2	10	2.2993685980902776	4.5957813810389405	8.574985577157133	-3.151508338666348	5.21491412542767	4.658874116911261	5.4655530896614275	7.478999948029685	-13.638397840250022
2	2	2.2993685980902776	4.5622647924237505	8.389792652938109	-3.081822443043914	5.189899118718143	4.070912278655778	6.821962763630696	7.478999948029685	-13.225185396878397
2	5	2.2993685980902776	4.554168278329705	8.466045771790874	-3.1055917598879055	5.1945284532186875	4.281406481698003	6.3589501645942965	7.478999948029685	-13.309162806281567
2	0	2.2993685980902776	4.580698674509981	8.335220603853875	-3.0681929808331816	5.19033380858482	3.9520447922002093	7.112392937258154	7.478999948029685	-13.216157988261758
2	-2	2.2993685980902776	4.60928389863736	8.278119654765073	-3.056622360651522	5.193731605271096	3.856078565321638	7.39552323229012	7.478999948029685	-13.2447852561722
2	-5	2.2993685980902776	4.670936442395433	8.188559763824646	-3.0435536092926547	5.204592463273891	3.7628688602151894	7.819094666701103	7.478999948029685	-13.359167361625909
2	-10	2.2993685980902776	4.824027029886313	8.031826177166886	-3.034417697133241	5.238628535724463	3.7658509771951025	8.56443699141093	7.478999948029685	-13.747240697595686
2	-20	2.2993685980902776	5.2902216070188075	7.721497179687403	-3.0615927442945385	5.360146609349583	3.9512398821970285	7.889712815838099	7.478999948029685	-15.197014803776408
2	-40	2.2993685980902776	5.283556151699935	7.427597959086391	-3.1126117331511804	5.522304004339496	2.9575254953036563	3.5846052553460486	7.478999948029685	-15.417363929471708
0	40	2.2993685980902776	5.514845667724544	8.825447596614616	-3.35637181638787	5.427283779629112	3.3811013919405104	1.4362560328901548	6.841467529772567	-18.509872570879406
0	20	2.2993685980902776	4.850555356595677	8.70999555825843	-3.2137346863500524	5.28156230669736	4.995777880382625	4.113436511616782	6.841467529772567	-15.588397997552576
0	5	2.2993685980902776	4.548526378057961	8.450195041584522	-3.074081815753866	5.191975346539997	3.8880663848675887	6.271382336651205	6.841467529772567	-13.982542227264771
0	10	2.2993685980902776	4.581755665528362	8.559405717213954	-3.1173902887629295	5.209962474703614	4.23641369134022	5.491422521957327	6.841467529772567	-14.28312061720265
0	0	2.2993685980902776	4.578548796087659	8.321535411487279	-3.0393079585662313	5.189605483211748	3.598893000178153	6.945926985524998	6.841467529772567	-13.91561979463306
0	2	2.2993685980902776	4.559248336935946	8.374996219293745	-3.051940559832109	5.188540500388783	3.702424929359784	6.683231853408271	6.841467529772567	-13.914554921841903
0	-2	2.2993685980902776	4.60736091995729	8.265807384462025	-3.0286156245571045	5.193477176169356	3.515717148704423	7.205387685262633	6.841467529772567	-13.953925270156443
0	-5	2.2993685980902776	4.668258602624577	8.17867818769641	-3.016577837257941	5.20472806327452	3.435143034620425	7.5992895581535	6.841467529772567	-14.082165439266024
0	-10	2.2993685980902776	4.817466611089145	8.02657420445512	-3.008253774769432	5.238515608417703	3.4375011348992444	8.30521678917808	6.841467529772567	-14.492162117634624
0	-20	2.2993685980902776	5.274658073602748	7.723310629498989	-3.0369335286736097	5.357793413189086	3.645154318197644	7.764749477814511	6.841467529772567	-16.01878595601314
0	-40	2.2993685980902776	5.289083323673527	7.433187406818869	-3.09838635836432	5.518081708864856	2.7919661107648865	3.5987414726967746	6.841467529772567	-16.387623618322273
-2	40	2.2993685980902776	5.497832240870436	8.823089917239669	-3.3392843102737193	5.422994862285652	3.4265742830596166	1.5473067060589627	6.257692491828874	-19.388159824926174
-2	10	2.2993685980902776	4.576911996549495	8.543967679305899	-3.0866200035403106	5.2072054250351	3.877651828353248	5.50830877189104	6.257692491828874	-14.950339168787185
-2	20	2.2993685980902776	4.821981576547294	8.698817090984502	-3.179415497391274	5.274517495349066	4.577084975647372	4.164794234689939	6.257692491828874	-16.209364424378954
-2	5	2.2993685980902776	4.551181897643901	8.4347551818136	-3.0458080977383335	5.191402720643103	3.5602415746915725	6.194369865480488	6.257692491828874	-14.67815334577831
-2	2	2.2993685980902776	4.5643866951247025	8.360590194913147	-3.0251720103109356	5.189041609310144	3.3969399668889175	6.56389363428531	6.257692491828874	-14.626230717503011
-2	0	2.2993685980902776	4.584595140367278	8.308167807268383	-3.0134559000699346	5.1906732255868295	3.3069678446390256	6.803298008565008	6.257692491828874	-14.637567303936656
-2	-5	2.2993685980902776	4.674251685667737	8.168802975649315	-2.9924919547718374	5.20658390850599	3.166199408833785	7.410764269547079	6.257692491828874	-14.828484648385707
-2	-2	2.2993685980902776	4.613766277609391	8.253705109243489	-3.0035719483157237	5.194973110397959	3.2351724678373146	7.042594993321639	6.257692491828874	-14.685821991828123
-2	-10	2.2993685980902776	4.820452896227711	8.020947212573825	-2.9849592910513043	5.240178933709332	3.1700120463539267	8.081821017444758	6.257692491828874	-15.261652890812767
-2	-20	2.2993685980902776	5.264645843053246	7.725930788044038	-3.014366730710404	5.356393966342493	3.372060533553768	7.64893792123218	6.257692491828874	-16.844054921546686
-2	-40	2.2993685980902776	5.294939174259692	7.438821716590379	-3.0848710295298716	5.514357669411944	2.63606556346417	3.616018290043917	6.257692491828874	-17.34325618711687
-5	40	2.2993685980902776	5.469677410307748	8.818580513035807	-3.312624751529245	5.416471884196142	3.4867768354229076	1.7522730353917044	5.525361865020128	-20.632147429520153
-5	10	2.2993685980902776	4.584243609189725	8.521291108700133	-3.0458205095736757	5.206547066296694	3.4387339870429114	5.524473391207798	5.525361865020128	-15.989890850524702
-5	20	2.2993685980902776	4.796856672217243	8.681987275623634	-3.133437945563392	5.2679524071170905	4.060957080416713	4.259309394700834	5.525361865020128	-17.175848404409408
-5	5	2.2993685980902776	4.56842558816538	8.412414966167374	-3.008491195127489	5.193650074270666	3.1665612954784743	6.098495348463646	5.525361865020128	-15.75969504532414
-5	2	2.2993685980902776	4.58511756534301	8.33973518336912	-2.9898908430586246	5.19270197627686	3.032470560173322	6.417230411109735	5.525361865020128	-15.731938204247328
-5	0	2.2993685980902776	4.606729959817693	8.288738491302155	-2.979407367383314	5.195080491383487	2.9598847968611226	6.6281753639697865	5.525361865020128	-15.758936429079824
-5	-2	2.2993685980902776	4.636621788502683	8.235988791964681	-2.9706126209756194	5.199949168674263	2.902759836137928	6.842510758382154	5.525361865020128	-15.822536650732816
-5	-10	2.2993685980902776	4.840021391088557	8.011938635399781	-2.9544316224632206	5.245452244277565	2.857728685693497	7.804623433179183	5.525361865020128	-16.457817095528544
-5	-5	2.2993685980902776	4.696989225956997	8.154080852052967	-2.9608350490637787	5.212051817119546	2.8492560337546755	7.178256429050328	5.525361865020128	-15.987745439991548
-5	-20	2.2993685980902776	5.2588188770735265	7.730986536806706	-2.9840501809159865	5.355885557034457	3.0158841906173652	7.4865370530371855	5.525361865020128	-18.0876610022034
-5	-40	2.2993685980902776	5.304365587134032	7.44730698583788	-3.0658619311003537	5.509641176078919	2.419155973241538	3.6465040405696265	5.525361865020128	-18.747708727453716
-10	20	2.2993685980902776	4.794091071602257	8.653968090083145	-3.068872239411325	5.265719741625549	3.394833649130535	4.419464512459977	4.541597635884732	-18.87257142024537
-10	40	2.2993685980902776	5.41573709255785	8.808169115595645	-3.2652706217635146	5.405338328637883	3.5612088190314433	2.207018190957088	4.541597635884732	-22.498547723536113
-10	10	2.2993685980902776	4.628299507756438	8.48521400429856	-2.9892585866254393	5.212923727821341	2.911328243423223	5.549051177806239	4.541597635884732	-17.814601288488593
-10	5	2.2993685980902776	4.626336726713737	8.377371512054525	-2.9569837489581334	5.204020469810302	2.7049846920832405	5.989842205697188	4.541597635884732	-17.652848103053465
-10	0	2.2993685980902776	4.672346848513365	8.257973472483416	-2.932482959778976	5.208407847911468	2.5595060675000396	6.423278310958402	4.541597635884732	-17.71923290849233
-10	2	2.2993685980902776	4.648334048898072	8.306927094253192	-2.9412436490939196	5.205001482742975	2.6093773534422247	6.247260756655015	4.541597635884732	-17.66552207862511
-10	-2	2.2993685980902776	4.703785776523748	8.207637223792558	-2.9252142964003154	5.2140728631675115	2.521813205038975	6.606550139347679	4.541597635884732	-17.80941711690383
-10	-5	2.2993685980902776	4.7649576616713984	8.129909928754543	-2.9172840572030245	5.226903886151374	2.489866266519997	6.901443028133798	4.541597635884732	-18.014428916556085
-10	-10	2.2993685980902776	4.905508460799594	7.995740833185021	-2.912584444606381	5.26021088095163	2.509792760173577	7.470045256583777	4.541597635884732	-18.551464388759776
-10	-20	2.2993685980902776	5.271694427333251	7.74054826229666	-2.9422701947801473	5.358999059160122	2.4839868120263016	6.961868818336985	4.541597635884732	-20.180841872050483
-10	-40	2.2993685980902776	5.32179449464221	7.46136180479415	-3.0373112533512665	5.503879632138562	2.0993791010081724	3.705632955040436	4.541597635884732	-21.004624424856868
-15	20	2.2993685980902776	4.824977991682462	8.62526052137621	-3.0167616816022256	5.270770684999984	2.8530661736839136	4.509764358557956	3.8782468574861095	-20.641949948834615
-15	40	2.2993685980902776	5.354791911536467	8.793862826349173	-3.214784072029328	5.394124306831836	3.410174095437161	2.7006447395354556	3.8782468574861095	-24.10376613639172
-15	10	2.2993685980902776	4.704773629694887	8.451531870060187	-2.943464555459547	5.226680000027615	2.5691967035243186	5.592080527783228	3.8782468574861095	-19.74091379909639
-15	5	2.2993685980902776	4.714374041608697	8.344876225269829	-2.9153682113299686	5.220928707950389	2.4148061578354265	5.9423213353118935	3.8782468574861095	-19.646235605456944
-15	0	2.2993685980902776	4.767739606307618	8.22901285316512	-2.8945606096292362	5.227685931909179	2.3154286852913786	6.309487582418398	3.8782468574861095	-19.78113960324728
-15	2	2.2993685980902776	4.7412535988906175	8.27631095807729	-2.9019356960627563	5.223444490274238	2.3481235093036967	6.157686315995151	3.8782468574861095	-19.699821228095896
-15	-2	2.2993685980902776	4.801060703626147	8.180606036998544	-2.8885240659781037	5.234019775445223	2.2927032318154184	6.471014516090983	3.8782468574861095	-19.899263544667736
-15	-5	2.2993685980902776	4.863999255998273	8.10619692540768	-2.8821070493546013	5.24752157564675	2.2784552637623374	6.736935188974456	3.8782468574861095	-20.146977519346624
-15	-20	2.2993685980902776	5.308099981083932	7.749879271012385	-2.9098334286468055	5.366258590822577	2.0949057878113226	6.40984681189947	3.8782468574861095	-22.291754334193655
-15	-10	2.2993685980902776	5.004755699492175	7.97838002751224	-2.878907017744641	5.2810044514040415	2.3057646376341414	7.242616215737446	3.8782468574861095	-20.75790075256271
-15	-40	2.2993685980902776	5.341213779281696	7.475049097077403	-3.0123161493365953	5.500430167049542	1.8264506181662326	3.7704104302132984	3.8782468574861095	-23.14502851977418
-30	40	2.2993685980902776	5.237588599476201	8.743433354717844	-3.0921769412544364	5.37637211494193	2.0530133006578835	3.3058757859469186	2.3661424516257177	-28.10537097809657
-30	20	2.2993685980902776	5.016113375324234	8.534335855030207	-2.911553175780731	5.3057976234012685	1.8416197373936953	4.700381389135337	2.3661424516257177	-25.95526582396614
-30	10	2.2993685980902776	5.069153089331283	8.359065495587082	-2.8482724111292677	5.2964702970847855	1.9308068340100124	5.512958709557987	2.3661424516257177	-25.928268993291358
-30	5	2.2993685980902776	5.130265870278344	8.258020351166218	-2.8266903373104353	5.3019800950500295	2.040687464869385	5.943974018051989	2.3661424516257177	-26.159100946899606
-30	2	2.2993685980902776	5.17722109442444	8.193775872194717	-2.81738892968249	5.308982467439704	2.1322708451532417	6.2391587149148835	2.3661424516257177	-26.374947070637806
-30	0	2.2993685980902776	5.212949579264097	8.14953796291657	-2.812787075097651	5.31532527753393	2.1809428757931513	6.428289270580186	2.3661424516257177	-26.552720123105303
-30	-2	2.2993685980902776	5.251308516617664	8.105439923119187	-2.8095961419653013	5.322875898945807	2.0740327192581227	6.305132592718755	2.3661424516257177	-26.753419204030184
-30	-5	2.2993685980902776	5.304578377397155	8.04275835868248	-2.8081808992711697	5.334683223315041	1.888897241065076	6.075379957558258	2.3661424516257177	-27.049623835811207
-30	-10	2.2993685980902776	5.381264856242996	7.946376720958278	-2.8136719449368863	5.355414004376771	1.6578327223659273	5.768131508787867	2.3661424516257177	-27.522039912198654
-30	-20	2.2993685980902776	5.486161607381683	7.777455790167432	-2.8476193863649613	5.400524864746787	1.4258373546600016	5.306777469931156	2.3661424516257177	-28.34355808679132
-30	-40	2.2993685980902776	5.407299818090905	7.511498363531137	-2.9551768827250644	5.501128534192567	1.2375035150827165	3.9688829657935227	2.3661424516257177	-28.711802347641108
-60	40	2.2993685980902776	5.2518378157813395	8.657955571361146	-2.972430222942352	5.3936906446023185	0.8011746173998505	4.102260447180091	1.3152333231795232	-32.33707916819812
-60	10	2.2993685980902776	5.654187221859334	8.199909446642486	-2.781250651331631	5.413155115168906	0.805493461737071	4.614103804266191	1.3152333231795232	-34.369288969737994
-60	20	2.2993685980902776	5.464315040121656	8.364919003316185	-2.818623930220913	5.392022153831803	0.945620699120279	5.3088693334737895	1.3152333231795232	-33.21724396996104
-60	5	2.2993685980902776	5.720967503392934	8.128881952395673	-2.7731980641684193	5.423362205014758	0.7529749093391455	4.369527384669737	1.3152333231795232	-34.80275335979446
-60	2	2.2993685980902776	5.753134186291366	8.088689658386537	-2.7709453012148226	5.429425073911239	0.7312729714213495	4.268755115632929	1.3152333231795232	-35.0221623183586
-60	0	2.2993685980902776	5.771456626088717	8.062665138672829	-2.770399483470162	5.433462948263819	0.720548814963876	4.218653768297755	1.3152333231795232	-35.15230717188706
-60	-2	2.2993685980902776	5.787336331766266	8.037140018553153	-2.7705717505913676	5.437508861674711	0.7124667554666212	4.180927205930398	1.3152333231795232	-35.269802482346414
-60	-5	2.2993685980902776	5.806622274461514	7.999590108978057	-2.7721147940447888	5.44361251357779	0.7052413429258939	4.146452557218002	1.3152333231795232	-35.42251019394179
-60	-10	2.2993685980902776	5.826509861819123	7.938265085233245	-2.7779647296063086	5.453956667543874	0.7065862788299423	4.144780339643399	1.3152333231795232	-35.61306969592103
-60	-20	2.2993685980902776	5.815026670557717	7.815718240536199	-2.801843988546191	5.4758682233870255	0.7651571717521931	4.330818815150116	1.3152333231795232	-35.72265659064833
-60	-40	2.2993685980902776	5.516220343267071	7.546988203238312	-2.9000306762784747	5.537458026881226	0.8430984528166688	4.318353735469139	1.3152333231795232	-34.4520763292679
60	40	1.9708873697916665	4.937995262160038	8.829343424340054	-3.768677574230294	5.5567940704723755	2.061757426951489	2.47072036407466	3.2059582381643934	14.458381200660265
60	20	1.9708873697916665	4.318176367234438	8.688929885965408	-4.002497998199967	5.614168723892624	2.94677790152497	3.4359982288000133	3.2059582381643934	12.353282361022574
60	5	1.9708873697916665	4.02063909545701	8.451183991995608	-4.168832038316753	5.720274771378177	2.9251080860344096	4.808614268868716	3.2059582381643934	11.537172619184124
60	10	1.9708873697916665	4.096814862096381	8.545418553550657	-4.120107899465294	5.680842059269274	3.1566155889234913	4.445896043310229	3.2059582381643934	11.715659775222516
60	2	1.9708873697916665	3.9884192692742007	8.389109292032899	-4.191344591446128	5.743302676054918	2.57317744373783	4.953991280066088	3.2059582381643934	11.479363538582223
60	0	1.9708873697916665	3.9744371599539767	8.346180623534535	-4.2022786164970825	5.7571535904901205	2.1824868090544065	4.988522323650794	3.2059582381643934	11.46506664377277
60	-2	1.9708873697916665	3.9674961316673087	8.302535376572052	-4.209319387852605	5.769113948584134	1.874322471142848	5.035081980007325	3.2059582381643934	11.472171950918465
60	-5	1.9708873697916665	3.9676849822777447	8.235329497652344	-4.213576197774521	5.784771325306056	1.6128629828240315	5.175684787665072	3.2059582381643934	11.518073742024342
60	-10	1.9708873697916665	3.9934394442256336	8.118519546668807	-4.204391510513391	5.805992539431039	1.3599607052978868	5.512393251099374	3.2059582381643934	11.684569311346708
60	-20	1.9708873697916665	4.142481354058652	7.867506061754226	-4.120457724829135	5.831276331228948	1.336920969332363	6.658919064215181	3.2059582381643934	12.38520971215632
60	-40	1.9708873697916665	4.607740036462963	7.412268778571135	-3.761537929932466	5.833980905881098	2.0142218430120504	5.76745714215552	3.2059582381643934	14.613939193253398
30	40	1.9708873697916665	4.639217962829495	8.919582906038263	-3.6108008379710235	5.4428337832131755	2.9085374312408097	1.4517040809428035	10.324851400143919	-1.881798383606045
30	20	1.9708873697916665	3.807171058390412	8.886751301215483	-3.725245203586244	5.361812664848177	4.077926156805668	1.7330214886577175	10.324851400143919	-2.0758624912322627
30	10	1.9708873697916665	3.3963456903108646	8.840167789375455	-3.775249632040531	5.326024946189128	5.137521725356226	2.226691325680094	10.324851400143919	-2.0597125324933536
30	2	1.9708873697916665	3.1054580000328578	8.760584508903321	-3.8105743521979756	5.3065775157383115	6.449952960672908	3.398613942812557	10.324851400143919	-2.0085028916063474
30	5	1.9708873697916665	3.206445505579843	8.798129808884445	-3.7978705292298676	5.312047748083368	5.889149413452408	2.798802005559536	10.324851400143919	-2.029771339207427
30	0	1.9708873697916665	3.048177587974423	8.72691357407492	-3.8186222427530674	5.305117292593487	6.880687577408776	4.006579759405742	10.324851400143919	-1.9949262260269323
30	-2	1.9708873697916665	3.00408744467755	8.68245473651225	-3.826229132411333	5.306476365137023	7.367544278639706	4.917162669446419	10.324851400143919	-1.983819580329707
30	-5	1.9708873697916665	2.9823719697691287	8.580406544226365	-3.8359176670656976	5.317716163135614	8.211839927287897	7.501570167380428	10.324851400143919	-1.977742271185753
30	-20	1.9708873697916665	3.3727984965905318	7.685209323614238	-3.6491467287156767	5.4631823808745335	10.324851400143919	11.646985375445373	10.324851400143919	-1.4457925012112782
30	-10	1.9708873697916665	3.1057663063388783	8.289247979134457	-3.8178013822762766	5.36055162814146	9.359969635904095	10.995834599345097	10.324851400143919	-1.9443251478093453
30	-40	1.9708873697916665	3.7778670461456305	7.090457588325169	-3.3973070110615318	5.7110076310460345	4.638085998691012	2.767373019781282	10.324851400143919	-0.32735354151209284
15	40	1.9708873697916665	4.474045289169866	8.944870522464614	-3.482453551783864	5.38615121854662	3.516376235831963	1.3765330291892488	9.104675089085017	-8.812765514560427
15	20	1.9708873697916665	3.3509950518030753	8.910364121062898	-3.4253166011403904	5.1917246788443885	5.317920135948448	1.8417430327630069	9.104675089085017	-6.5843183857978556
15	10	1.9708873697916665	2.785836467386535	8.84576997083835	-3.2995169540993095	5.0634018353508905	5.423175850063898	2.234930444348854	9.104675089085017	-5.2278556182657665
15	5	1.9708873697916665	2.5481350639774862	8.79184497084767	-3.224506863624333	5.003443734293787	4.775825782518886	2.603772070193572	9.104675089085017	-4.636708687104326
15	2	1.9708873697916665	2.427404033065958	8.747381346566515	-3.1784180122875454	4.971885435511287	4.443425525786387	3.005950263603855	9.104675089085017	-4.328783310705135
15	-2	1.9708873697916665	2.3020937223900027	8.662574755774676	-3.115620809100989	4.938568632209819	4.076363261350665	4.006267126041469	9.104675089085017	-3.9855296538853042
15	0	1.9708873697916665	2.3585935257613624	8.709732381894298	-3.1472036833693737	4.953612681738384	4.247398151815362	3.4113030418210406	9.104675089085017	-4.1461149863325995
15	-5	1.9708873697916665	2.25180698323021	8.562526601026864	-3.0677958854365937	4.9258521512941735	3.867090358422184	5.544668381031258	9.104675089085017	-3.801858418442673
15	-20	1.9708873697916665	2.7816127554590855	7.643556703092965	-3.058730191633082	5.188496738397386	4.481545735272563	9.698134175200131	9.104675089085017	-4.482915868148451
15	-10	1.9708873697916665	2.295117331105197	8.293206862004848	-3.0062444396799943	4.9516678089968575	3.5121516051330457	7.915158479679035	9.104675089085017	-3.7231926051913025
15	-40	1.9708873697916665	3.737867733965403	7.1098342703603885	-3.185516340812327	5.598680006506994	3.816270779736021	3.7761453543617405	9.104675089085017	-6.084977640116367
10	40	1.9708873697916665	4.417077730547682	8.94720838650428	-3.4298147529091336	5.367507699572267	3.7162923230215745	1.435247668516666	8.028705009901106	-10.802627165065
10	20	1.9708873697916665	3.1960367956718643	8.889200574631309	-3.284298082580594	5.130514691391596	4.990776572063151	2.0249570893367284	8.028705009901106	-7.489904842298641
10	10	1.9708873697916665	2.6932363976329343	8.809251771722233	-3.1522035326521944	5.01042612798004	3.7541142866303963	2.294794372982384	8.028705009901106	-6.017398733968519
10	2	1.9708873697916665	2.407873731574535	8.695347092441994	-3.0464645775655996	4.937647214780206	3.0621515552534975	3.2009897554333238	8.028705009901106	-5.1595159706434375
10	5	1.9708873697916665	2.5005829309022354	8.746714202187212	-3.086280194580049	4.961576784334757	3.2934639120920863	2.7301485838326687	8.028705009901106	-5.445829262439424
10	0	1.9708873697916665	2.3586460862655114	8.651916087221402	-3.0197754759334963	4.925008240405166	2.9287066282299823	3.6787850351555305	8.028705009901106	-4.997215335067333
10	-2	1.9708873697916665	2.3229438367801873	8.597529410910958	-2.9929744629680712	4.916179496719391	2.810721285499804	4.3635225451624065	8.028705009901106	-4.863823581349394
10	-5	1.9708873697916665	2.300967455858717	8.489835574430328	-2.9543523722469325	4.913159561538664	2.596505093782599	5.453471034004812	8.028705009901106	-4.731497595944215
10	-10	1.9708873697916665	2.3514846515510683	8.249734781479313	-2.9093609295714056	4.943985912447662	2.337783743359764	6.931051790975046	8.028705009901106	-4.71859975242986
10	-20	1.9708873697916665	2.77085460310204	7.685520870322849	-2.9503538994414527	5.147622449023862	3.2146008115991576	9.116714368007463	8.028705009901106	-5.574006666259621
10	-40	1.9708873697916665	3.7697907386247307	7.137394066897032	-3.1284621677809867	5.566804219358637	3.2852698482183005	4.044367807476927	8.028705009901106	-7.970349394517981
5	40	1.9708873697916665	4.358298078633929	8.945167801936904	-3.371875904826067	5.348861421046009	3.891462471206109	1.5689628858410762	8.134633626763081	-12.607950141473768
5	20	1.9708873697916665	3.108749104448486	8.861139126910112	-3.1664322053045537	5.0909571000849985	3.690619455583963	2.0763757716311066	8.134633626763081	-8.426814159743968
5	10	1.9708873697916665	2.6787648215144304	8.769490664310796	-3.04907175771154	4.987293599526957	2.782566819025606	2.429583069223677	8.134633626763081	-6.972283294429458
5	2	1.9708873697916665	2.454764335249536	8.63926769535042	-2.9575824273234343	4.9308484195496876	2.299608940590056	3.522535626779316	8.134633626763081	-6.177601445960716
5	5	1.9708873697916665	2.5233904073603157	8.698017395167064	-2.99179512379334	4.9481405469595074	2.4568073116527627	2.953582328345802	8.134633626763081	-6.432504632548368
5	0	1.9708873697916665	2.4228377808948087	8.589674027467849	-2.934833991238417	4.92312581057781	2.2033991166552256	4.044059228568065	8.134633626763081	-6.043980540353719
5	-2	1.9708873697916665	2.4036107899206174	8.530275112410399	-2.912712295348175	4.919387802325834	2.094647873161635	4.565150672575947	8.134633626763081	-5.94383058946527
5	-5	1.9708873697916665	2.3992680965928326	8.423467804890413	-2.882863279266115	4.922783691295237	1.930039221441531	5.291031804858591	8.134633626763081	-5.861038262279553
5	-10	1.9708873697916665	2.457710147969186	8.207270820883018	-2.8501009106117055	4.956397982951488	1.7616426170122783	6.353212092009269	8.134633626763081	-5.916388788980592
5	-20	1.9708873697916665	2.830584253650122	7.714739372856396	-2.8804855842949073	5.133329109742691	2.2800724135308865	8.27104610961848	8.134633626763081	-6.856029892144576
5	-40	1.9708873697916665	3.814995092219209	7.168032633736297	-3.079255542785884	5.540722760313903	2.801886658661095	4.249905412209376	8.134633626763081	-9.86035930414927
2	40	1.9708873697916665	4.322098282323138	8.941483487224415	-3.3344663555610907	5.33766069682861	3.9858610851852294	1.703404006892744	7.478999948029685	-13.597984278950845
2	20	1.9708873697916665	3.0883564944514528	8.843655174435678	-3.1107844899610906	5.077807951075266	3.156727651047211	2.129199267389844	7.478999948029685	-9.054062288907005
2	10	1.9708873697916665	2.695325603208814	8.744955771363374	-3.0015581836273566	4.982729399723834	2.3966044389809076	2.5390396159499833	7.478999948029685	-7.616545337607414
2	5	1.9708873697916665	2.559612812469366	8.667946593280108	-2.9487581815222903	4.948644121566409	2.131449925572917	3.127811316031014	7.478999948029685	-7.10102296498501
2	2	1.9708873697916665	2.5041462285423814	8.604553660740507	-2.9173614267242103	4.934860183410965	2.0037517641502207	3.7437047144996987	7.478999948029685	-6.86977487867268
2	0	1.9708873697916665	2.480732745313482	8.552328827404162	-2.896843577876306	4.929604223306067	1.9126220568533847	4.186853326599369	7.478999948029685	-6.7551300113772115
2	-2	1.9708873697916665	2.4686375690368236	8.491997295677663	-2.8773884247670742	4.928164481245284	1.8171163365437375	4.613373454411049	7.478999948029685	-6.674319959580063
2	-10	1.9708873697916665	2.5348347178471715	8.183270654355324	-2.8245798607767476	4.968782849768305	1.5545498406212903	6.12042142312959	7.478999948029685	-6.715920840293003
2	-5	1.9708873697916665	2.4718825576614627	8.38746475305794	-2.851832422005204	4.93419548706935	1.68387442320972	5.21010467609014	7.478999948029685	-6.619440022621692
2	-20	1.9708873697916665	2.8901000657303078	7.7250893791416555	-2.8512498519772693	5.133979496613007	1.9477112758581325	7.905925199154993	7.478999948029685	-7.717548789585392
2	-40	1.9708873697916665	3.8474433350752673	7.186957075063543	-3.053260205882269	5.527828467775483	2.542899291025076	4.3474178843554565	7.478999948029685	-10.997846791696649
0	40	1.9708873697916665	4.297601017947445	8.937887678169291	-3.308390011783389	5.33019339233644	4.04301090037023	1.8185312657803907	6.841467529772567	-14.218140282407452
0	20	1.9708873697916665	3.0851313882498976	8.831882421456218	-3.0785643365258424	5.072409262526825	2.8728155644672877	2.1723494903762726	6.841467529772567	-9.497775465362597
0	10	1.9708873697916665	2.7144884520110626	8.728449109028555	-2.9743276140145696	4.982537491012324	2.194964174315637	2.6231355215559904	6.841467529772567	-8.073777960740166
0	5	1.9708873697916665	2.591066946224356	8.647644615264186	-2.9241902172695435	4.951555780638656	1.9635610935289258	3.2607596909194987	6.841467529772567	-7.576772616439732
0	2	1.9708873697916665	2.5436912000750405	8.581395927571304	-2.8945294167816136	4.939909230424262	1.8460079897336044	3.860828446012369	6.841467529772567	-7.3627890058257295
0	0	1.9708873697916665	2.5250302395649986	8.528091118758615	-2.875456044538047	4.936064309759874	1.7609046210391255	4.256353758433148	6.841467529772567	-7.260613464998528
0	-2	1.9708873697916665	2.516874126213017	8.467677616873143	-2.857620608534397	4.935888864237915	1.6753158126194496	4.633339067648652	6.841467529772567	-7.1922713721533205
0	-5	1.9708873697916665	2.524394952005415	8.364934676098063	-2.8345296633406476	4.9433220307704495	1.5603087424470004	5.166023865714344	6.841467529772567	-7.155472373446739
0	-10	1.9708873697916665	2.590239137581434	8.16789488456481	-2.810360863628279	4.978376533734243	1.4520821163739772	5.9989218040473915	6.841467529772567	-7.279506699697127
0	-20	1.9708873697916665	2.936807398287602	7.7296731323253836	-2.8352717045552382	5.1370968026801185	1.7856563399375038	7.709451520063909	6.841467529772567	-8.326646918093324
0	-40	1.9708873697916665	3.8710480942842844	7.199594030789629	-3.0373024219684166	5.520326264877905	2.3837168230432795	4.403054348454129	6.841467529772567	-11.75754375232588
-2	40	1.9708873697916665	4.272836306990563	8.933315615879495	-3.281389841229302	5.32273088726082	4.094831653360734	1.955733203765634	6.257692491828874	-14.806025293298044
-2	20	1.9708873697916665	3.0890251716662442	8.820070104028112	-3.0496251986704506	5.069274398845279	2.634518949676646	2.2214817025695304	6.257692491828874	-9.961125643462044
-2	10	1.9708873697916665	2.739247700527132	8.711858955186814	-2.950012182498074	4.984224820170129	2.027905797252012	2.7160977436297253	6.257692491828874	-8.552375222871959
-2	5	1.9708873697916665	2.627620563110348	8.62715358425199	-2.9022916816823603	4.956155267642346	1.8257691382480639	3.4066712734997218	6.257692491828874	-8.075968174278447
-2	2	1.9708873697916665	2.5875738883620887	8.558528505679217	-2.874318823146229	4.946463953494529	1.7141693781723595	3.958822526374028	6.257692491828874	-7.87967215987172
-2	0	1.9708873697916665	2.5730682660687427	8.504554155561017	-2.8566169227043745	4.943860082664148	1.6361254223774098	4.312291256918336	6.257692491828874	-7.7897454068543395
-2	-2	1.9708873697916665	2.5683578778966165	8.444339559737074	-2.840261344329846	4.944772360152427	1.5602368343696325	4.64920261494814	6.257692491828874	-7.733585489545554
-2	-5	1.9708873697916665	2.579687283068318	8.343475025809377	-2.8193548430352835	4.953388819429223	1.4612128090593124	5.130244923726266	6.257692491828874	-7.714575831597618
-2	-10	1.9708873697916665	2.6483508114846654	8.152980405106744	-2.7978828663658035	4.988810877058607	1.3709611165831612	5.899504855357285	6.257692491828874	-7.8663579095852665
-2	-20	1.9708873697916665	2.98819285064141	7.732697831178696	-2.8214621347388475	5.141947276863259	1.6588171230111708	7.5442627227882255	6.257692491828874	-8.962172304470771
-2	-40	1.9708873697916665	3.896116545682968	7.212163525608534	-3.022384780504061	5.513659135636756	2.235114593608772	4.451892329152279	6.257692491828874	-12.51809604858616
-5	40	1.9708873697916665	4.235306738887147	8.924515318809076	-3.2391748245306657	5.311572118636129	4.123941114172599	2.196049254953091	5.525361865020128	-15.62736195595211
-5	20	1.9708873697916665	3.1065474986036286	8.80234640146376	-3.011415411516723	5.068193139009874	2.345759659003823	2.3060356616929076	5.525361865020128	-10.691736816019178
-5	10	1.9708873697916665	2.785668603468124	8.686850449803284	-2.9180624956001044	4.989719925571458	1.8287423986603002	2.872587403702982	5.525361865020128	-9.30926192206882
-5	5	1.9708873697916665	2.6908472201962814	8.596263724286077	-2.873589906415038	4.965692692182661	1.6581179894780684	3.6032037214105563	5.525361865020128	-8.867535422868812
-5	2	1.9708873697916665	2.660302801571969	8.525104353782563	-2.8480719154585024	4.958583232398407	1.5566177272843138	4.080009316286882	5.525361865020128	-8.697602350260526
-5	0	1.9708873697916665	2.6511357031798277	8.47068991356176	-2.832258188494093	4.957564504269489	1.4896516279542398	4.3816152454235215	5.525361865020128	-8.625631219478464
-5	-2	1.9708873697916665	2.6508872040528386	8.411107273872277	-2.817868491960275	4.959840086694984	1.4270452910131681	4.671508629678599	5.525361865020128	-8.58734815570929
-5	-10	1.9708873697916665	2.740069515085531	8.131382092573368	-2.7817650836322647	5.005765214244943	1.2804822935485056	5.785441051695446	5.525361865020128	-8.788665594311112
-5	-5	1.9708873697916665	2.6672651101166984	8.31308333904411	-2.7997867908852196	4.969914301695564	1.348258406101765	5.092036823855344	5.525361865020128	-8.594699902539565
-5	-20	1.9708873697916665	3.0728990551699598	7.7347495709529115	-2.8039552832017898	5.151931749846029	1.5192654475175806	7.346120283322484	5.525361865020128	-9.963278506383674
-5	-40	1.9708873697916665	3.9362718351471933	7.23077015537599	-3.0018501122710703	5.505141414046451	2.0313671486165523	4.513638266053484	5.525361865020128	-13.65977591298611
-10	40	1.9708873697916665	4.187096799595687	8.906659849249861	-3.17296966049823	5.296607805206948	3.4392528829397784	2.3608897592951394	4.541597635884732	-16.934760801347277
-10	10	1.9708873697916665	2.8847588325954026	8.644864385355199	-2.8741585547495476	5.0052823144365854	1.5984085416521872	3.1825723931748096	4.541597635884732	-10.672603151942441
-10	20	1.9708873697916665	3.1623883890164732	8.7729598825213	-2.9587393406816385	5.074302687274515	2.0018761067795	2.47577744458981	4.541597635884732	-12.001051602243312
-10	5	1.9708873697916665	2.814827642125813	8.545723319725402	-2.8345085029678483	4.987128645978884	1.4583748025570649	3.8648731358920108	4.541597635884732	-10.295096288080599
-10	2	1.9708873697916665	2.79704878904364	8.472332783394908	-2.8127056392789482	4.983501793580003	1.3769413768832974	4.242960568354407	4.541597635884732	-10.168252225292314
-10	0	1.9708873697916665	2.795077855209384	8.418094456855084	-2.799569631834242	4.984548945714977	1.326995920080964	4.483440317421826	4.541597635884732	-10.125437073791208
-10	-2	1.9708873697916665	2.800957060667894	8.360000191266382	-2.7878654626516863	4.9885699751690575	1.282614485227349	4.718635776721711	4.541597635884732	-10.116405981232516
-10	-5	1.9708873697916665	2.8245445182745	8.266470860966642	-2.7735356973135326	5.000486319359589	1.2299182160817272	5.068919236100125	4.541597635884732	-10.167582936380493
-10	-10	1.9708873697916665	2.9042116689128967	8.097084158180252	-2.7600630362402363	5.036898844824066	1.191518477518488	5.672234210290636	4.541597635884732	-10.434192967846046
-10	-20	1.9708873697916665	3.231966556626504	7.732801432493684	-2.781067876921169	5.174447724833631	1.3847087991935223	7.125190975923197	4.541597635884732	-11.755795573739805
-10	-40	1.9708873697916665	4.00934209160811	7.260787013701259	-2.972136641334418	5.4945721632925455	1.739293223462652	4.590051174814621	4.541597635884732	-15.56068024698075
-15	40	1.9708873697916665	4.169624636136083	8.88763019688892	-3.1189800024925525	5.288909778608172	2.831241069929719	2.4385384918561606	3.8782468574861095	-18.26951853944848
-15	20	1.9708873697916665	3.246931338501467	8.743913790010765	-2.916368791956234	5.088409307776212	1.7807660984274047	2.6832818363084403	3.8782468574861095	-13.422727048793272
-15	10	1.9708873697916665	3.008261127285959	8.60254082142102	-2.8388078954935856	5.027297632510575	1.454950298904804	3.5245251357616008	3.8782468574861095	-12.1631164101747
-15	5	1.9708873697916665	2.958701699782909	8.49752631983124	-2.8035687986324094	5.013954421885653	1.3361111041547615	4.084035356359839	3.8782468574861095	-11.851808694524335
-15	2	1.9708873697916665	2.951056227174656	8.423395010806898	-2.7849204723539347	5.013009669250747	1.273812580409754	4.392262049800371	3.8782468574861095	-11.767304197297985
-15	0	1.9708873697916665	2.95492191579919	8.369866855945329	-2.7739409757549596	5.015615537080902	1.2379743039540922	4.592265814906304	3.8782468574861095	-11.7533734621492
-15	-2	1.9708873697916665	2.9659148259994472	8.313392582115753	-2.764338604080141	5.02094489214584	1.2077282991005416	4.791467781346615	3.8782468574861095	-11.77368001111309
-15	-5	1.9708873697916665	2.9958435432266426	8.22383683214917	-2.752886004507086	5.0342542545237405	1.1747745423080462	5.095352879867398	3.8782468574861095	-11.869665635647662
-15	-10	1.9708873697916665	3.08263375663646	8.064356680623602	-2.7429078912822793	5.071223085890714	1.1601712318377513	5.638660692707028	3.8782468574861095	-12.213316915902082
-15	-20	1.9708873697916665	3.410204911245336	7.726460059472459	-2.7638676544799194	5.202466930687965	1.297693654694526	6.8466797677847415	3.8782468574861095	-13.696026330622786
-15	-40	1.9708873697916665	4.0891051323811345	7.2892120390804935	-2.9474514476934894	5.48800916071974	1.5001715516808367	4.639435169185054	3.8782468574861095	-17.449932154446934
-30	40	1.9708873697916665	4.252331565921332	8.828151994297988	-3.0116143633619132	5.295210145182683	1.7226648020092081	2.6865095766579508	2.3661424516257177	-22.349147478459585
-30	20	1.9708873697916665	3.6483459356934334	8.65728929112617	-2.82853078911132	5.166141966087345	1.4533020185287775	3.4209335776194085	2.3661424516257177	-18.360850004009443
-30	10	1.9708873697916665	3.5154572162832958	8.481802783210473	-2.764798392293349	5.1248163512222344	1.3671447353746713	4.427739570854206	2.3661424516257177	-17.425396603020847
-30	5	1.9708873697916665	3.5096472595450745	8.369022890161176	-2.739989847185275	5.121052849851499	1.3068460307721548	4.764550947706686	2.3661424516257177	-17.314589388467216
-30	2	1.9708873697916665	3.5252049189517787	8.295422673386927	-2.7279982083689225	5.125393714302295	1.2876497623865983	4.965951330211709	2.3661424516257177	-17.3623837093514
-30	0	1.9708873697916665	3.5433325458413667	8.244282680290299	-2.721374461668144	5.131139205392107	1.2820898992618175	5.105436034121838	2.3661424516257177	-17.441519483531863
-30	-2	1.9708873697916665	3.5676662859157275	8.19169815974453	-2.715930384470209	5.139214867820907	1.2825699952567768	5.251910601976257	2.3661424516257177	-17.558883770529516
-30	-5	1.9708873697916665	3.6159595925308174	8.1104981180061	-2.710119056060765	5.155781526285321	1.295133320823766	5.489466204462575	2.3661424516257177	-17.808321526442505
-30	-10	1.9708873697916665	3.728327913607984	7.970830058636556	-2.707322763758021	5.195293690948306	1.3194000130780676	5.841018283142772	2.3661424516257177	-18.426355233142708
-30	-20	1.9708873697916665	3.989844963639999	7.71807984745733	-2.7368415683905694	5.29247386354625	1.1227269748507052	5.6857607875294685	2.3661424516257177	-20.01470318582767
-30	-40	1.9708873697916665	4.358175377897683	7.363414330694132	-2.897596394339945	5.486909701386893	1.032005203638477	4.68336171685643	2.3661424516257177	-22.892828189518937
-60	20	1.9708873697916665	4.724765156930496	8.441444692434212	-2.767744348272196	5.3403715541129095	0.9708134313596897	5.020960711070792	1.3152333231795232	-28.390025268777613
-60	40	1.9708873697916665	4.71617462431133	8.711480221397307	-2.930445280370259	5.359576523865385	0.800746457979777	3.5610537545996244	1.3152333231795232	-28.800509118270064
-60	10	1.9708873697916665	4.905658601919929	8.245492791546594	-2.7193540289440246	5.36384421270037	0.9596828897232434	4.931767080693745	1.3152333231795232	-29.458000938651484
-60	5	1.9708873697916665	4.979083947541142	8.157319208925419	-2.7079140927764747	5.376990286448692	0.9011548856701193	4.679975242013607	1.3152333231795232	-29.92711881227725
-60	2	1.9708873697916665	5.0152847433280385	8.107587053148832	-2.7044916165008615	5.384777930180793	0.876022637309573	4.578094394229296	1.3152333231795232	-30.169948354013393
-60	0	1.9708873697916665	5.036351747681533	8.075437421277124	-2.703490942556318	5.389957953023904	0.8632944826195769	4.528951081221368	1.3152333231795232	-30.316752390469162
-60	-5	1.9708873697916665	5.078616766787646	7.99763373242687	-2.705125900021819	5.402971920531934	0.8450943078929193	4.467125156720292	1.3152333231795232	-30.63256014510833
-60	-2	1.9708873697916665	5.055029476954037	8.043936383157305	-2.703454218619724	5.395145362612981	0.8537036835540348	4.494031518203913	1.3152333231795232	-30.451801125928114
-60	-10	1.9708873697916665	5.1059926301674405	7.922047081287864	-2.7123434930193597	5.416261252705298	0.8462031546406817	4.487286173984887	1.3152333231795232	-30.874873268585368
-60	-20	1.9708873697916665	5.111188386566353	7.770670169122733	-2.743586037640885	5.444703331528148	0.9079689895610717	4.7527622961154306	1.3152333231795232	-31.11203074798474
-60	-40	1.9708873697916665	4.944353847225566	7.46254799601838	-2.8710626535511232	5.534781611849187	0.8527272483066293	4.630432453328082	1.3152333231795232	-30.797355679039082
60	40	1.6424061414930553	4.374035328778213	8.875637734643785	-3.836613278383632	5.554258349214161	2.288112671557222	2.316969488244398	3.2059582381643934	12.6489324253958
60	20	1.6424061414930553	3.5593109454626157	8.743759865656326	-4.130060227564647	5.644100345386862	3.039922783186795	2.849461962822825	3.2059582381643934	10.047593698994394
60	10	1.6424061414930553	3.271805907221485	8.603867042527087	-4.273784412398506	5.728762774579858	2.704143105829165	3.7045211555559074	3.2059582381643934	9.240763912042944
60	5	1.6424061414930553	3.1878175753588653	8.507531071578606	-4.326521754593851	5.769110329108473	1.8738372932456895	3.958019740012489	3.2059582381643934	9.030880699936766
60	2	1.6424061414930553	3.157928258592452	8.443521584461243	-4.347860775346882	5.789353980344239	1.5778162783094696	4.11363022318491	3.2059582381643934	8.96787592383241
60	0	1.6424061414930553	3.144907917319159	8.39838364539274	-4.358107992755144	5.80172914237151	1.4255309309636792	4.22382610037215	3.2059582381643934	8.948492139047541
60	-2	1.6424061414930553	3.136990469815187	8.351396704235382	-4.365132698581125	5.8132688276277	1.2982085074687726	4.3403092879756695	3.2059582381643934	8.946295706942571
60	-10	1.6424061414930553	3.1530971693923227	8.147046362238557	-4.359304560253804	5.8511237003460455	0.9830873512373639	4.905671897984707	3.2059582381643934	9.104787169759964
60	-5	1.6424061414930553	3.1342156616542476	8.27768300117202	-4.3694648670004135	5.829036643465056	1.1460076710776148	4.530486602750062	3.2059582381643934	8.974392080074836
60	-20	1.6424061414930553	3.2836892889208804	7.861868639678833	-4.266094865304419	5.877836322429421	1.0021974982203754	6.0037721793658365	3.2059582381643934	9.710881069459495
60	-40	1.6424061414930553	3.914567999710242	7.313646423386421	-3.7986499667514293	5.859402661773472	2.044750792346252	6.425497866205512	3.2059582381643934	12.42901400252827
30	40	1.6424061414930553	3.627443192058652	9.015227675277846	-3.6675675968183783	5.383976198328624	3.3034576838338445	1.1637863859730655	10.324851400143919	-1.756475499503857
30	20	1.6424061414930553	2.3985997261366614	9.036653388542435	-3.7872859522776703	5.2583436965605355	4.5678999279599	0.8847063888709563	10.324851400143919	-1.5608024168879113
30	10	1.6424061414930553	1.7806433703340925	9.045260612935326	-3.8174853026874525	5.183182115183402	5.454884397372963	0.8352835440377215	10.324851400143919	-1.272177438507355
30	5	1.6424061414930553	1.4621377119835381	9.049875603469095	-3.8162231524445045	5.1352873577389415	5.974819375754442	0.832060760874632	10.324851400143919	-1.0780378162078854
30	2	1.6424061414930553	1.2659635859406906	9.052932182744653	-3.805191283442689	5.099714809100658	6.306215938772659	0.8364817916415461	10.324851400143919	-0.9438200521208683
30	0	1.6424061414930553	1.132565415452043	9.05514517446309	-3.790850757366317	5.071351080427286	6.527833474862426	0.841988254768884	10.324851400143919	-0.8463633235107847
30	-2	1.6424061414930553	0.9968191656685701	9.05751655318719	-3.7681054979352964	5.037438177892991	6.737409194108736	0.8496229673695344	10.324851400143919	-0.7421876871302457
30	-5	1.6424061414930553	0.7886131364441551	9.061216750931345	-3.7086025068032713	4.970027468228894	6.9474711319069655	0.8666422818955715	10.324851400143919	-0.5731090212618059
30	-10	1.6424061414930553	0.44298078508872557	9.066386528754775	-3.501186394978398	4.787999756014895	5.596065627513318	0.9003589910885084	10.324851400143919	-0.2826733408071265
30	-20	1.6424061414930553	0.5634875331720968	6.8705243241645695	-3.8315531243503846	5.693533270160349	5.394152068432075	4.299413156664815	10.324851400143919	-0.2656594130876532
30	-40	1.6424061414930553	2.5739466780828	6.832748044899349	-3.396020435557145	5.751517879717455	3.339175071947596	1.9246646630720354	10.324851400143919	-0.16802988800626725
15	40	1.6424061414930553	3.277794686605063	9.046965994093233	-3.4795648981078107	5.274387991083125	3.9478232829603845	1.1955023434794558	9.104675089085017	-6.542116116082244
15	20	1.6424061414930553	1.847105598651286	9.03574568825193	-3.2434364278096806	4.942979659344925	3.692905907222399	0.8681181495198609	9.104675089085017	-3.423761202410213
15	10	1.6424061414930553	1.3230280711151965	9.007577621340962	-3.06451640539774	4.772851101865681	2.2804982087610286	0.7709101195713319	9.104675089085017	-2.281946614055605
15	5	1.6424061414930553	1.1057771438704025	8.985462658779998	-2.9719087790452363	4.6919001555984	1.7303522527282393	0.7754549438534062	9.104675089085017	-1.831487985072391
15	2	1.6424061414930553	0.988028361239204	8.967679997625993	-2.915141549347836	4.6448429650559016	1.4396025030318231	0.8005696601804946	9.104675089085017	-1.5943188134053592
15	0	1.6424061414930553	0.914695207661684	8.953075752358755	-2.876848317040744	4.614375317592458	1.261061333798989	0.8302423310034939	9.104675089085017	-1.4493655412016182
15	-2	1.6424061414930553	0.8455839088462324	8.935478120565305	-2.8382739524596934	4.584935992822179	1.094934228352168	0.874500433381896	9.104675089085017	-1.3147928028590756
15	-5	1.6424061414930553	0.750337446347019	8.900976644933483	-2.7801070209703744	4.543725669405278	0.8701706922598877	0.9845551707584871	9.104675089085017	-1.132540157218183
15	-10	1.6424061414930553	0.6195167044394724	8.799454344971355	-2.683343320328036	4.491994802013637	0.5698184350176058	1.4812856748542953	9.104675089085017	-0.8854732485560283
15	-20	1.6424061414930553	0.7074594819780177	7.734551819176191	-2.648093854357453	4.815597935997683	0.9679985368395911	5.587625562657605	9.104675089085017	-0.9278287137313012
15	-40	1.6424061414930553	2.4065690665657806	6.805222319704104	-3.161826068050223	5.649576763183575	2.9295310918493773	2.754296657074663	9.104675089085017	-3.8309484554328037
10	40	1.6424061414930553	3.16830969002292	9.045256014937307	-3.3949153049206022	5.2345275307723425	4.168550127966791	1.3525992275262384	8.028705009901106	-7.712846761672355
10	20	1.6424061414930553	1.7885609952609416	9.007496833601836	-3.1013405149460067	4.8880227145027595	2.519903831327934	0.8983055122714649	8.028705009901106	-3.9445424040088026
10	10	1.6424061414930553	1.3378178505213805	8.967205566132863	-2.9502936019477897	4.743502388586029	1.5567758580123972	0.8455463986287672	8.028705009901106	-2.785031029691868
10	5	1.6424061414930553	1.152996315970638	8.93657444205416	-2.8757814650072047	4.678246758828533	1.1978297606162516	0.8853621631050208	8.028705009901106	-2.3287330149720384
10	2	1.6424061414930553	1.0536698231302635	8.91228576980369	-2.8312653973257227	4.641869142967795	1.0135405154942136	0.941828364519927	8.028705009901106	-2.0885843196965697
10	0	1.6424061414930553	0.9923050932301914	8.892448636994635	-2.801669182885091	4.619160723921631	0.9027186900192916	1.0004121604390157	8.028705009901106	-1.9419377835378133
10	-2	1.6424061414930553	0.9350378782633664	8.868573636707378	-2.77214637718616	4.598091390871885	0.8012920842566812	1.0839731238511563	8.028705009901106	-1.8061014503947692
10	-5	1.6424061414930553	0.8577821196428298	8.821551893250247	-2.72800845375678	4.570913789561364	0.6669745070571312	1.2876248781356723	8.028705009901106	-1.6236383249256612
10	-20	1.6424061414930553	0.8849708948700363	7.786499385889809	-2.626493710436114	4.822952072868968	0.6527583162069315	5.2960202137748205	8.028705009901106	-1.5478977521756423
10	-10	1.6424061414930553	0.7626387536874892	8.678612909214609	-2.654645108615021	4.550272470724171	0.4936010801976244	2.2512280011236205	8.028705009901106	-1.3911816386630342
10	-40	1.6424061414930553	2.4297510161841385	6.838918668733108	-3.0919889186585414	5.609012604786634	2.633974830860817	3.466174937431123	8.028705009901106	-5.032062565614475
5	40	1.6424061414930553	3.0659314727719424	9.035270141041812	-3.297958357867986	5.194184508654381	4.359693281843328	1.5768440231313798	8.134633626763081	-8.684881319021528
5	20	1.6424061414930553	1.7863657233320398	8.977541039250204	-3.0042074481416665	4.863508427063855	1.8501742128834326	0.9567813178363349	8.134633626763081	-4.588982120730389
5	10	1.6424061414930553	1.3887076102605738	8.926041772696093	-2.876437180680828	4.7393847955958215	1.1696156317397002	0.9478801947852846	8.134633626763081	-3.4057038534786304
5	5	1.6424061414930553	1.2276040430101203	8.887329409291459	-2.8150528958990733	4.68592077380267	0.9238238655172955	1.0284467154107124	8.134633626763081	-2.9412605537401313
5	2	1.6424061414930553	1.142159589452747	8.856645511546684	-2.7787746352286193	4.657395802135839	0.7999755525546993	1.123959735430752	8.134633626763081	-2.6981027747692816
5	0	1.6424061414930553	1.090139462328359	8.831512575762575	-2.754768648961125	4.640371487526669	0.7265319894278869	1.2195380579225366	8.134633626763081	-2.55076380090333
5	-2	1.6424061414930553	1.0425153591619685	8.801119941927904	-2.730873221440009	4.625470722165005	0.6600895297447298	1.354440067934037	8.134633626763081	-2.4158678467304533
5	-5	1.6424061414930553	0.9810578612821013	8.740648769004455	-2.695156814880862	4.608896770305468	0.5737322111243001	1.6850070911387007	8.134633626763081	-2.239960244596512
5	-10	1.6424061414930553	0.9217405414444118	8.556457479390875	-2.6361940559870263	4.612903369033266	0.45416490592644077	2.912945624210112	8.134633626763081	-2.050062976261945
5	-20	1.6424061414930553	1.0682513473381485	7.8015316472923875	-2.620315154731832	4.849388804105597	0.531192379831116	5.13102075673323	8.134633626763081	-2.3370049066693026
5	-40	1.6424061414930553	2.4827476613873354	6.88423188391344	-3.030888330193061	5.571446170610092	2.2801767134121436	4.030134837081829	8.134633626763081	-6.290714908272371
2	40	1.6424061414930553	3.0139204607343912	9.025594191088988	-3.2366124002636765	5.1720510291804995	4.069164586544679	1.6505305411535014	7.478999948029685	-9.204931315569116
2	20	1.6424061414930553	1.803453716142181	8.959319353154786	-2.960275406059064	4.858279986118483	1.5875637633033266	1.0028392978047158	7.478999948029685	-5.029689147795543
2	10	1.6424061414930553	1.4309887367600822	8.901289858403775	-2.8438212902972695	4.744137233992897	1.0238822105205179	1.0221723398480307	7.478999948029685	-3.8300712751268793
2	5	1.6424061414930553	1.2815696605563096	8.857692939827668	-2.7883759254232094	4.696380312701441	0.8233191304242655	1.1313518243018277	7.478999948029685	-3.361270164582893
2	2	1.6424061414930553	1.2032716568879065	8.823043068940104	-2.7556995708819354	4.671688107911767	0.7233320978459585	1.2550103067612992	7.478999948029685	-3.117654373178697
2	0	1.6424061414930553	1.1562587237147193	8.794569067103437	-2.734092233618947	4.6574769831347504	0.6644971758541516	1.377695497442305	7.478999948029685	-2.971449748547537
2	-2	1.6424061414930553	1.1140187401532708	8.760005224972423	-2.712582606362699	4.645685647166936	0.6118017264304189	1.550974122961767	7.478999948029685	-2.8394088297813282
2	-5	1.6424061414930553	1.0619740865831062	8.69072175636569	-2.680391303327237	4.634651837022078	0.5447901204028319	1.981201920858558	7.478999948029685	-2.6730009513177353
2	-10	1.6424061414930553	1.0222101447140843	8.48992673283931	-2.6287617168447777	4.649722810545689	0.4402386789808883	3.159399978261525	7.478999948029685	-2.519632865316514
2	-20	1.6424061414930553	1.1800661297612374	7.802122119698197	-2.619091488375416	4.869033286166174	0.4962377470927859	5.0749732854883485	7.478999948029685	-2.888293510206326
2	-40	1.6424061414930553	2.5262960324826826	6.914144316056626	-2.998913457866575	5.551637611560662	2.0710481212174283	4.2999647281327436	7.478999948029685	-7.082059752927955
0	40	1.6424061414930553	2.9901430495061403	9.018761553179912	-3.1996880705005473	5.160833012930233	3.689211345061553	1.66700523648338	6.841467529772567	-9.567525044594925
0	20	1.6424061414930553	1.820853841695983	8.947152732304936	-2.935373081871618	4.8577010089085055	1.451225575815441	1.0377477679283296	6.841467529772567	-5.344885352936913
0	10	1.6424061414930553	1.4631259711270024	8.884778330000744	-2.825468874370355	4.749431493953238	0.949925113975061	1.0773692487443631	6.841467529772567	-4.134016890702244
0	5	1.6424061414930553	1.3207873170443578	8.83785795688271	-2.7733573994761067	4.7050557406088105	0.773234261177886	1.2077260525061535	6.841467529772567	-3.6630152788591643
0	2	1.6424061414930553	1.2469662403568658	8.800472747936933	-2.7426754500409625	4.682663865321482	0.6858209237876227	1.3525192310955223	6.841467529772567	-3.420023694456654
0	0	1.6424061414930553	1.2031781702010396	8.769673825406631	-2.7223880343139792	4.670164044850797	0.6347754384008208	1.4958569892113953	6.841467529772567	-3.2755178537030987
0	-2	1.6424061414930553	1.16449847964783	8.732181358609237	-2.702185203348183	4.660292443424521	0.5894920324123721	1.6988999431996927	6.841467529772567	-3.146690561025821
0	-5	1.6424061414930553	1.11893815872355	8.656590503924653	-2.671911823050004	4.652775176222072	0.5331611993461836	2.2082710634469462	6.841467529772567	-2.9897040955552554
0	-10	1.6424061414930553	1.0907523557207128	8.449145616474487	-2.6249251642641873	4.673597442054903	0.4351410021230826	3.285898981858076	6.841467529772567	-2.8631433065117413
0	-20	1.6424061414930553	1.2554805736403276	7.800315466654608	-2.618786308292776	4.883082406047508	0.48250954945227087	5.0518333594756015	6.841467529772567	-3.2878353365768502
0	-40	1.6424061414930553	2.559580103078068	6.9345476781152895	-2.9795580930311436	5.5397753520845265	1.9381774904506577	4.453603302692562	6.841467529772567	-7.626417610887746
-2	40	1.6424061414930553	2.975088720381347	9.011857114683979	-3.166396459489377	5.1524841339217025	3.3680140026728758	1.68822839364252	6.257692491828874	-9.949549577488245
-2	20	1.6424061414930553	1.8424472947604231	8.934995021751805	-2.913328459113422	4.859044543606842	1.3388212340215264	1.0760656425532868	6.257692491828874	-5.676823220842172
-2	10	1.6424061414930553	1.4981158757488318	8.868248906961567	-2.8092686711962425	4.7561102379442195	0.8900761017838499	1.1373580558666416	6.257692491828874	-4.4547122664432
-2	5	1.6424061414930553	1.3624348134182958	8.817928746311475	-2.7600762371775245	4.7148410125314415	0.7334377613898045	1.290833916847232	6.257692491828874	-3.982315828915056
-2	2	1.6424061414930553	1.2929471178455303	8.777717692126862	-2.7311271504216728	4.694591574979451	0.6566436319259916	1.458991584647026	6.257692491828874	-3.7408868759756273
-2	0	1.6424061414930553	1.252352231856683	8.74449935099265	-2.711982260376183	4.683705688906211	0.612250091856398	1.625472091769137	6.257692491828874	-3.598996275053941
-2	-2	1.6424061414930553	1.2172739116035658	8.703933720225603	-2.692907090123427	4.675669193932829	0.5734103604597054	1.8624367143716412	6.257692491828874	-3.4746416077202076
-2	-5	1.6424061414930553	1.1783536494269962	8.621913424835071	-2.664324428074405	4.671535401504139	0.5240768692284083	2.418703087427753	6.257692491828874	-3.329715889523575
-2	-20	1.6424061414930553	1.3317257331015298	7.7971681506672335	-2.6187519763570295	4.897729152176817	0.4747633566078222	5.038854135953682	6.257692491828874	-3.712964521671172
-2	-10	1.6424061414930553	1.1604416725781812	8.411121241727194	-2.6217866975508937	4.696917983222823	0.43305636663368174	3.392760896968751	6.257692491828874	-3.2307968584234046
-2	-40	1.6424061414930553	2.5959656601816934	6.955040037104473	-2.9617336815482447	5.52903540765062	1.812128069154745	4.5878415447696295	6.257692491828874	-8.18479423883812
-5	40	1.6424061414930553	2.966996154826527	9.00143657461387	-3.122356631549445	5.144672431958175	2.976196600576244	1.7284687839980402	5.525361865020128	-10.559132447586764
-5	20	1.6424061414930553	1.88189451246582	8.916797047914061	-2.88467320755426	4.864106330901537	1.2055886402574052	1.140148762005109	5.525361865020128	-6.205793598664641
-5	5	1.6424061414930553	1.4293340035490782	8.787791467974976	-2.7427651269474933	4.731280645426676	0.6889449953812294	1.4293448467480259	5.525361865020128	-4.494807139664797
-5	10	1.6424061414930553	1.555602773939111	8.843391615148319	-2.7882250778345314	4.768308270212438	0.8209764900947959	1.2369590255205685	5.525361865020128	-4.967351537756016
-5	2	1.6424061414930553	1.3662120472378643	8.743138519560919	-2.716016057501226	4.714016347998149	0.6253811111551949	1.6375745401523123	5.525361865020128	-4.257846832731786
-5	0	1.6424061414930553	1.3304453748715024	8.706077846050032	-2.6983156599113305	4.70541938626499	0.5894344981831386	1.844504929302482	5.525361865020128	-4.121922099804523
-5	-2	1.6424061414930553	1.300961778757827	8.660568596699475	-2.6806600026866847	4.700035613584583	0.5590270264536171	2.1424802470350386	5.525361865020128	-4.007085059320946
-5	-5	1.6424061414930553	1.271643700516353	8.570277626784124	-2.6545066569698617	4.700462632528356	0.5140459513569822	2.6820838153107514	5.525361865020128	-3.8836987567492347
-5	-10	1.6424061414930553	1.2671409334758845	8.358768152802918	-2.6181030052797514	4.730960442060157	0.4350380449343514	3.5296952522728193	5.525361865020128	-3.827362067599904
-5	-20	1.6424061414930553	1.4479730488005051	7.7904617751335	-2.6190579261258504	4.920652409818719	0.4725127002185263	5.0367512746593075	5.525361865020128	-4.3988765805993815
-5	-40	1.6424061414930553	2.6558714230928206	6.985547720320709	-2.9377541573682797	5.515044142150721	1.6375063749061012	4.755973294433944	5.525361865020128	-9.049199008114803
-10	40	1.6424061414930553	2.986350948515686	8.983992984993725	-3.061952272041576	5.142040402274579	2.4735198116197994	1.794688475636364	4.541597635884732	-11.67167570888377
-10	20	1.6424061414930553	1.9645166033864487	8.88659523917492	-2.845980290826112	4.879178291060926	1.0531411662162795	1.2658221290061225	4.541597635884732	-7.170493213055553
-10	10	1.6424061414930553	1.6641827696950477	8.801655372318034	-2.7597072131050164	4.793406552217979	0.7465892614303621	1.4318896004817196	4.541597635884732	-5.908094086558442
-10	5	1.6424061414930553	1.5527480876161526	8.736637258595541	-2.719131035476715	4.762618404753924	0.645297096203543	1.7032983191146007	4.541597635884732	-5.44213567581956
-10	2	1.6424061414930553	1.5003295725639236	8.683892250989723	-2.695235865264532	4.74992099335916	0.599079785957415	1.9960510754944285	4.541597635884732	-5.219803068626282
-10	0	1.6424061414930553	1.473065500924945	8.639700303266652	-2.679398395721188	4.7449420100207975	0.5744218619086516	2.2855277617714624	4.541597635884732	-5.100699719483687
-10	-2	1.6424061414930553	1.4531055606872447	8.586190309055246	-2.66375629891217	4.743638483702743	0.5493002476085813	2.590620771148558	4.541597635884732	-5.008872353648519
-10	-5	1.6424061414930553	1.4374024185943626	8.488241130990412	-2.6417437333750136	4.749851457795755	0.508889275940144	3.0324589609474684	4.541597635884732	-4.925133988231679
-10	-10	1.6424061414930553	1.4513983816948308	8.281919183259234	-2.613927251679644	4.785801791507887	0.45082975216584154	3.726937931726956	4.541597635884732	-4.942391150863825
-10	-20	1.6424061414930553	1.6482060226643138	7.7753088990463395	-2.6202006230073223	4.961128944031478	0.49019987411717025	5.075564640167706	4.541597635884732	-5.672935402191522
-10	-40	1.6424061414930553	2.7683304862737534	7.034736840995986	-2.904598148285684	5.497196802801975	1.3872661014268668	4.9593209262166384	4.541597635884732	-10.56131640598887
-15	40	1.6424061414930553	3.0368712527578166	8.965993017272146	-3.014897390286763	5.148446247620016	2.086029124406965	1.842119599602742	3.8782468574861095	-12.890556370320294
-15	20	1.6424061414930553	2.0667527741917238	8.856534189301533	-2.8155288340264724	4.901030431347423	0.9624589895187026	1.418005384574489	3.8782468574861095	-8.242358935207802
-15	10	1.6424061414930553	1.7889342255003773	8.7592787313878	-2.737028470938643	4.823493925976532	0.7091493384070767	1.6700656749646852	3.8782468574861095	-6.962851472353586
-15	5	1.6424061414930553	1.6922006415331607	8.683825827304592	-2.7001136143095468	4.7982544453594835	0.6305735469226333	2.045162929547144	3.8782468574861095	-6.514954037917156
-15	2	1.6424061414930553	1.6512442614986274	8.621935684524868	-2.678351603135425	4.789853906657773	0.5970652807026073	2.4303466213972635	3.8782468574861095	-6.3189722923620675
-15	0	1.6424061414930553	1.632446581788785	8.57135583666596	-2.664160978741942	4.788107216788183	0.575172122123383	2.6943571411483314	3.8782468574861095	-6.223923352830302
-15	-2	1.6424061414930553	1.6205800223817064	8.513319517372349	-2.650630836028002	4.7899322973364065	0.552942352003011	2.9499942401146093	3.8782468574861095	-6.1582664510954785
-15	-5	1.6424061414930553	1.6161167811940058	8.41291090130407	-2.6324870339783346	4.80016878460321	0.5206516073562304	3.3210522779108755	3.8782468574861095	-6.117264336253394
-15	-20	1.6424061414930553	1.8594088953862704	7.7565049313769885	-2.6218744837268506	5.004445556367327	0.5333076302922655	5.1647263323687005	3.8782468574861095	-7.11741208129507
-15	-10	1.6424061414930553	1.6455688502983725	8.215045772902979	-2.6114042239026287	4.8393734681901694	0.48213227253745417	3.915436590986486	3.8782468574861095	-6.211931578884897
-15	-40	1.6424061414930553	2.8943922220617435	7.08089217886212	-2.8789792877858926	5.485612549262049	1.1870091215900787	5.0844568554949	3.8782468574861095	-12.158361826154664
-30	40	1.6424061414930553	3.3128282164565497	8.90641063961882	-2.928308935521511	5.195713814748174	1.4017054622660297	2.0523681569497105	2.3661424516257177	-17.007552656156133
-30	20	1.6424061414930553	2.4993113409022367	8.766531187587534	-2.753568588494582	5.001468819979305	0.9467540165748107	2.0936486584521607	2.3661424516257177	-12.210122525175311
-30	10	1.6424061414930553	2.2823018535312722	8.624836069476611	-2.6893089159351136	4.941563745106642	0.7646724764757948	2.7770579552515047	2.3661424516257177	-10.954573521722336
-30	5	1.6424061414930553	2.23314838098616	8.515711173790505	-2.659915759026818	4.930390430909094	0.7173323850220172	3.2731521895183486	2.3661424516257177	-10.649325972684613
-30	2	1.6424061414930553	2.222794496631761	8.437239173316595	-2.6442509943110903	4.931557576709832	0.6973985170818529	3.5443874023173985	2.3661424516257177	-10.571093433738199
-30	0	1.6424061414930553	2.2237388541479644	8.380080458435714	-2.6350162737061074	4.935955644059639	0.6881175619247915	3.718820566249919	2.3661424516257177	-10.562690297621417
-30	-2	1.6424061414930553	2.2309404310340955	8.31945622038526	-2.626948756620837	4.943397014390716	0.6824409643213849	3.8913006921681683	2.3661424516257177	-10.589611335341505
-30	-5	1.6424061414930553	2.253584832276006	8.222860290100536	-2.6173831411688733	4.9604786065270465	0.6813422993647602	4.1522151610729825	2.3661424516257177	-10.69767614261286
-30	-10	1.6424061414930553	2.3240407708342894	8.05019334723439	-2.6093773248751404	5.005267478986965	0.702422451392331	4.612825979114281	2.3661424516257177	-11.068060085907547
-30	-20	1.6424061414930553	2.598104392001384	7.689032483202732	-2.6299616520098588	5.153891685672964	0.7805800758213826	5.4622329125901565	2.3661424516257177	-12.612652213872694
-30	-40	1.6424061414930553	3.334970826436149	7.199117035987707	-2.836647698269348	5.4798142178143365	0.8358986928002019	5.15405768128093	2.3661424516257177	-17.330229516552006
-60	40	1.6424061414930553	4.19018392013498	8.764685100939749	-2.887471852273685	5.32246623429155	0.7987150986821014	3.037806685678041	1.3152333231795232	-25.363714985394083
-60	20	1.6424061414930553	3.9850145811172077	8.528913825354786	-2.7193570588512137	5.280519292753273	0.9585839272633003	4.371793501224583	1.3152333231795232	-23.642064898775292
-60	10	1.6424061414930553	4.108625486551844	8.31277810892818	-2.6613382842608235	5.298833513124693	1.1145339220844264	5.173284252056577	1.3152333231795232	-24.321393031947892
-60	5	1.6424061414930553	4.188413334047728	8.19990212800745	-2.6447903538318998	5.316403606930757	1.0643972647540498	4.9841459857599295	1.3152333231795232	-24.822781390540754
-60	2	1.6424061414930553	4.228693854230288	8.136492639605788	-2.6395273010608276	5.326786033686714	1.0363069619082403	4.881643442664636	1.3152333231795232	-25.08839948385166
-60	0	1.6424061414930553	4.2524925116711945	8.09562076863105	-2.6377539585413166	5.333665795145388	1.022199730292535	4.834031207598192	1.3152333231795232	-25.251160428124617
-60	-2	1.6424061414930553	4.2739196706484694	8.05565042369542	-2.637283882864124	5.3405386669104455	1.0116497119374457	4.802150407535076	1.3152333231795232	-25.402828377731417
-60	-5	1.6424061414930553	4.301681137320327	7.997011360669204	-2.638912030204104	5.350884390600267	1.00236446361095	4.782737367234891	1.3152333231795232	-25.609877249467775
-60	-10	1.6424061414930553	4.336213542217501	7.901475065384229	-2.647623226476635	5.3684162108233435	1.0043576964513123	4.823788285862715	1.3152333231795232	-25.900188006947126
-60	-20	1.6424061414930553	4.365435498885512	7.713319161081852	-2.6870875961337304	5.407594037511757	0.9752935548528172	4.950043864244794	1.3152333231795232	-26.308985061178273
-60	-40	1.6424061414930553	4.37194904583364	7.370410623728504	-2.8424270374623464	5.536240618670022	0.867548626912475	4.844601666176053	1.3152333231795232	-27.174892161453464
60	40	1.3139249131944442	3.811813300134541	8.919379108276132	-3.915552122134193	5.557188866121886	2.5077278303748454	2.0899598609584937	3.2059582381643934	10.882310228708848
60	20	1.3139249131944442	2.865093693498816	8.794703305286557	-4.2715838212582415	5.68726835468756	2.803558273690413	2.2570528019747185	3.2059582381643934	7.992256108589673
60	10	1.3139249131944442	2.559763993051794	8.66878247493473	-4.424393732893638	5.773506493672065	1.6345328910011725	2.671605857605653	3.2059582381643934	7.1361265088414925
60	5	1.3139249131944442	2.4698911587652095	8.578869368488233	-4.477107765100507	5.809311681035386	1.293588288615715	3.125924293441893	3.2059582381643934	6.897066366433778
60	2	1.3139249131944442	2.433906235104091	8.513776025626719	-4.500588119096493	5.829611204584448	1.1249058060936026	3.3689803570968087	3.2059582381643934	6.8107933381667705
60	0	1.3139249131944442	2.416590618392365	8.46615419987318	-4.512371275159133	5.842514262391058	1.0255146978289806	3.5220927362054417	3.2059582381643934	6.775105453660129
60	-2	1.3139249131944442	2.4043138917308253	8.415401843934134	-4.520797885708947	5.854823864403894	0.9369869476598538	3.672650918916473	3.2059582381643934	6.756187573519838
60	-5	1.3139249131944442	2.3949869091086535	8.333870295628662	-4.526673281818249	5.872004914589344	0.825499243211337	3.9001497123992004	3.2059582381643934	6.758578301035442
60	-10	1.3139249131944442	2.403114876403539	8.185369673458688	-4.516699545021007	5.896563585271905	0.7006419566898945	4.306939467929333	3.2059582381643934	6.84460967567824
60	-40	1.3139249131944442	3.2391120858549782	7.209353390806334	-3.836104748790907	5.884410709926862	2.0530809048493843	6.846136125882788	3.2059582381643934	10.293887800616133
60	-20	1.3139249131944442	2.513801374211009	7.854072128763107	-4.411353360389909	5.92566550606332	0.7314810428935763	5.341924315386135	3.2059582381643934	7.355634659558625
30	40	1.3139249131944442	2.637812369984727	9.10737935602802	-3.724814185312408	5.311896117571995	3.64769263437886	0.777788048983389	10.324851400143919	-1.503119526616063
30	20	1.3139249131944442	1.2260889288955288	9.182319451020078	-3.798104962177986	5.1138053479161	4.433687549729262	0.32447033142039716	10.324851400143919	-0.8979295491987049
30	10	1.3139249131944442	0.6132558085637705	9.239829577814497	-3.6929397649292257	4.927226721815141	4.215356685873735	0.16779612324903104	10.324851400143919	-0.4504770442199748
30	5	1.3139249131944442	0.34784334478164813	9.277467870715112	-3.5040839905974295	4.742831630688664	3.338015667582376	0.09760717648568562	10.324851400143919	-0.23069316295499995
30	2	1.3139249131944442	0.2166018360654999	9.302351268637977	-3.3042839625789813	4.57419948708529	2.3106845546695234	0.05924022085309	10.324851400143919	-0.12443647889797986
30	0	1.3139249131944442	0.14547144452510782	9.318024713725977	-3.1148600888820472	4.423823379868977	1.635790888990099	0.039705083261591056	10.324851400143919	-0.07064621062302687
30	-2	1.3139249131944442	0.08988837754156297	9.328082012796024	-2.8588844371123647	4.228281859081855	0.9773747849539903	0.026159147273401073	10.324851400143919	-0.032514929050485794
30	-5	1.3139249131944442	0.04062724832936436	9.324595563694738	-2.468879886023099	3.922880443921072	0.09915081106431572	0.012930187214293065	10.324851400143919	-0.007177716645929017
30	-10	1.3139249131944442	0.01319096146268098	9.353989866302696	-2.352959029418137	3.744989891519119	0.002181612078691858	0.00309383676673719	10.324851400143919	-0.002179507577153876
30	-20	1.3139249131944442	0.00008928647836899417	9.465435688568995	-2.262952860060837	3.4371240615314145	0.0000006838540810016891	0.000005446074697828748	10.324851400143919	-0.00002153702659347147
30	-40	1.3139249131944442	1.567369224664884	6.601527537432299	-3.4196737419407626	5.779739969670507	2.403997082632957	1.1957515100004663	10.324851400143919	-0.11230882040159328
15	40	1.3139249131944442	2.143129431131065	9.134359340184798	-3.4133476348634906	5.109221802213733	4.155963215071689	0.7911970427963562	9.104675089085017	-4.23198780964189
15	20	1.3139249131944442	0.8663379451337454	9.145807039694581	-3.004410970065958	4.662911899003532	1.491347868838649	0.3051086773161278	9.104675089085017	-1.468605466471852
15	10	1.3139249131944442	0.5081079952531623	9.145996223359637	-2.7958526839214572	4.459588681390182	0.62395732807872	0.20143876208573275	9.104675089085017	-0.7857177930759214
15	5	1.3139249131944442	0.37502918330410445	9.144523464210348	-2.6957441089668532	4.3605905148468125	0.3588175856874491	0.16569930636680796	9.104675089085017	-0.5532749222335187
15	2	1.3139249131944442	0.3077424913113022	9.14303751213913	-2.6383878784113923	4.302052645590525	0.2441050066540949	0.1476933529221327	9.104675089085017	-0.44162088713364445
15	0	1.3139249131944442	0.26775816167556504	9.141814069575528	-2.6018718988799194	4.263537982342408	0.18248942535575396	0.13662115705645728	9.104675089085017	-0.3774668295933099
15	-2	1.3139249131944442	0.23152475546440207	9.140539531326635	-2.5673852154558285	4.225668177383889	0.13215686109345587	0.1260606656464628	9.104675089085017	-0.32094431205315416
15	-5	1.3139249131944442	0.1837442087155272	9.138791703301916	-2.5200471132069895	4.170244293172493	0.07821574731120573	0.11159744860444287	9.104675089085017	-0.24894399350319132
15	-10	1.3139249131944442	0.11947171814873299	9.136974707946756	-2.4523373067647074	4.0809236238265525	0.029899032665614445	0.09124357827352225	9.104675089085017	-0.1568132229880802
15	-20	1.3139249131944442	0.03652867610174779	9.140889699690392	-2.348218389729577	3.9042991159690197	0.0026068663047429386	0.06653060945825107	9.104675089085017	-0.04594203627935843
15	-40	1.3139249131944442	1.3253299592618057	6.539302577213255	-3.1390173377206665	5.666204875750211	1.9309716531014403	1.2733413599450074	9.104675089085017	-2.0748520021614416
10	40	1.3139249131944442	2.0172045178884304	9.122294732292389	-3.271328520375648	5.038110502910332	3.833075502848625	0.8635352623225829	8.028705009901106	-4.733917026938227
10	20	1.3139249131944442	0.8792448742152387	9.11547312624934	-2.8985139926839802	4.632517610043638	1.0045829573636662	0.33583457156328933	8.028705009901106	-1.8024966676420318
10	10	1.3139249131944442	0.559443479894778	9.10586758252562	-2.736267685776967	4.464231102756728	0.4511531736419912	0.24520237894686914	8.028705009901106	-1.0738473040220076
10	5	1.3139249131944442	0.4364414647147646	9.098467850923283	-2.660639416158837	4.3846021187447475	0.2828769423421012	0.2169323854881604	8.028705009901106	-0.8112749209176207
10	2	1.3139249131944442	0.37239477413401395	9.092808902277003	-2.617326025735956	4.338061626280627	0.20623474956187787	0.20381477486996935	8.028705009901106	-0.6793472986761555
10	0	1.3139249131944442	0.33347416872366514	9.088450476550543	-2.589639019907989	4.3076507187250925	0.1635407981627151	0.19632317069887073	8.028705009901106	-0.6010141205908942
10	-2	1.3139249131944442	0.2974184695226877	9.083566245056238	-2.5630712739337262	4.277806324300546	0.12795797086585659	0.19004441540926653	8.028705009901106	-0.5297912786929673
10	-5	1.3139249131944442	0.24837412327744318	9.07500719654241	-2.5253961753545338	4.234204655301876	0.08652237827830389	0.18327221179056208	8.028705009901106	-0.4350937941569622
10	-10	1.3139249131944442	0.1788915586993706	9.0554143120521	-2.4681720243069583	4.1653318910112915	0.04236374993666181	0.18228315849586518	8.028705009901106	-0.30543455518537893
10	-20	1.3139249131944442	0.09008188254829141	8.709311266297341	-2.3651233330552266	4.161686017017417	0.009258087175893714	1.2259133169138228	8.028705009901106	-0.1447185803756936
10	-40	1.3139249131944442	1.323462493058107	6.561850757810757	-3.051828380650877	5.627030334332249	1.7685418791435885	1.6487586853074774	8.028705009901106	-2.6844328222483806
5	40	1.3139249131944442	1.9470409247935956	9.10532323191851	-3.152577582584993	4.990072921636645	2.7948900437962507	0.8793603298270458	8.134633626763081	-5.2680454706282465
5	20	1.3139249131944442	0.9183061886280376	9.085058668089491	-2.8321043007761824	4.6274647488994285	0.7517100266130579	0.37823944463360615	8.134633626763081	-2.2204801237493594
5	10	1.3139249131944442	0.6227150612151504	9.066411900159304	-2.7003076024196595	4.483303786954961	0.36742837788520966	0.3005508691716583	8.134633626763081	-1.4318002994937171
5	5	1.3139249131944442	0.5061013629571516	9.052939790445228	-2.6393408316432208	4.41658357490115	0.2470242215571814	0.2817798160980076	8.134633626763081	-1.1358770565053629
5	2	1.3139249131944442	0.4443177898512683	9.042770907522634	-2.604402949909792	4.378197078341977	0.18983315225867692	0.27604231361861675	8.134633626763081	-0.9832341216194526
5	0	1.3139249131944442	0.4062800893298593	9.034844469801556	-2.5819205473382287	4.353397404445654	0.1577121683475693	0.27492404807016435	8.134633626763081	-0.8908389662366
5	-2	1.3139249131944442	0.37062821218474523	9.02573443914374	-2.5601005599383604	4.32932224661954	0.13010286598840748	0.27650035108587523	8.134633626763081	-0.8053874501080508
5	-5	1.3139249131944442	0.32141771469980573	9.009041824142384	-2.528589207749017	4.294865382134329	0.09624619956940328	0.2856998802401901	8.134633626763081	-0.6893268883237996
5	-10	1.3139249131944442	0.25039040080365604	8.966846742487855	-2.4790305428149164	4.244378679528542	0.05633162079525278	0.335469458603541	8.134633626763081	-0.5257384915598998
5	-20	1.3139249131944442	0.18650171860925038	8.31316850947592	-2.391297179696005	4.38949371424764	0.02356941071768759	1.9291101210427557	8.134633626763081	-0.3729340561590338
5	-40	1.3139249131944442	1.3586112069484548	6.602137446559178	-2.9741881486840005	5.590420083200639	1.6110664888772486	2.2644830650829686	8.134633626763081	-3.3634230780479144
2	40	1.3139249131944442	1.9308682683217349	9.094640463148322	-3.097470032965446	4.973338619130437	2.3711737013112306	0.8993382692715475	7.478999948029685	-5.642028211760088
2	20	1.3139249131944442	0.9505463083460023	9.066896644258847	-2.803437129246646	4.631698267911067	0.658151986446311	0.4091800826584193	7.478999948029685	-2.509523442727706
2	10	1.3139249131944442	0.6653747177967196	9.042841124175485	-2.6848818744446272	4.498613678571697	0.33787813330880984	0.3400350802938059	7.478999948029685	-1.6809008605624678
2	5	1.3139249131944442	0.5516933120698229	9.02555635212421	-2.630121081263122	4.437891363506012	0.23520942769732145	0.32846969209718735	7.478999948029685	-1.3646899314363332
2	2	1.3139249131944442	0.49109683194765213	9.012464918187016	-2.598711378565017	4.403372641665769	0.1858866503254183	0.329018722706226	7.478999948029685	-1.1999719412828052
2	0	1.3139249131944442	0.4536326218136492	9.002168840561865	-2.5784135589708668	4.3812946546676645	0.1579513095946401	0.33346963817098096	7.478999948029685	-1.0995772959552692
2	-2	1.3139249131944442	0.41841102105265415	8.990212235449123	-2.5586173409134	4.3601032030253215	0.13361712114319413	0.34218452351306883	7.478999948029685	-1.0062338582486077
2	-5	1.3139249131944442	0.36966980580275305	8.967938616948091	-2.5298143822881647	4.330440053181925	0.1031468862326177	0.36637806205082846	7.478999948029685	-0.8787580316037101
2	-10	1.3139249131944442	0.2996173670735022	8.909490016446716	-2.483849192037826	4.290605380177493	0.06598432128190423	0.470686676190797	7.478999948029685	-0.6988863108877249
2	-40	1.3139249131944442	1.3971164787372283	6.634962325572064	-2.9331348516261015	5.568857717825151	1.516210010883109	2.838235530982521	7.478999948029685	-3.823904635830396
2	-20	1.3139249131944442	0.2581730727595659	8.177728668284724	-2.4086291312349957	4.479245101910862	0.035196498920473385	2.2206573772699842	7.478999948029685	-0.5811058814476882
0	40	1.3139249131944442	1.92869687841834	9.087411209164102	-3.065977418437561	4.966113069053833	2.148291024176772	0.9166815109318538	6.841467529772567	-5.913341076241645
0	20	1.3139249131944442	0.9751001209754467	9.054819686563812	-2.787531596561908	4.636678654076593	0.6110712001972778	0.4322073181380235	6.841467529772567	-2.7181223970303967
0	10	1.3139249131944442	0.6956823548403228	9.02710763070127	-2.676309557670116	4.509959505219269	0.32361918180773636	0.36931248828307695	6.841467529772567	-1.8618613353616091
0	5	1.3139249131944442	0.5837324965692975	9.007187001658643	-2.6249636453105207	4.452740525287443	0.23009099741933614	0.3633959624933303	6.841467529772567	-1.5322765820807542
0	2	1.3139249131944442	0.523910437347628	8.992037064911763	-2.595481983214362	4.420514321207291	0.18503405640756254	0.3691239008287963	6.841467529772567	-1.359800100953725
0	0	1.3139249131944442	0.4868747723229272	8.980054645461385	-2.5763815176458076	4.4000769398594635	0.1593421383883341	0.3781542390151156	6.841467529772567	-1.2543751648208001
0	-2	1.3139249131944442	0.4520366026111475	8.966062033217964	-2.557703584809258	4.38065379701215	0.1368022298330568	0.3926770425568986	6.841467529772567	-1.1561756389635298
0	-5	1.3139249131944442	0.4038613178373293	8.939769458552716	-2.5304197344058115	4.354006044277379	0.10831964316007958	0.42971046128683466	6.841467529772567	-1.0219386486187159
0	-10	1.3139249131944442	0.3353676740863137	8.869053764987266	-2.4865035702852882	4.321320688069133	0.07327192681734052	0.5868498391838821	6.841467529772567	-0.833892918973892
0	-20	1.3139249131944442	0.31037617554628083	8.110967927657118	-2.419649766349982	4.52796615520729	0.04408870185455882	2.3862842123426837	6.841467529772567	-0.7510016406411594
0	-40	1.3139249131944442	1.4296033533359014	6.6596722600620675	-2.908387421065323	5.5549198260111545	1.4420018625010165	3.175398443511636	6.841467529772567	-4.1578404099549395
-2	40	1.3139249131944442	1.932555643264518	9.080131708862996	-3.0380171821306896	4.961571484211068	1.9629196944348382	0.9370875407080366	6.257692491828874	-6.2021949883043686
-2	20	1.3139249131944442	1.0019169212671155	9.04275836363169	-2.7736524733902903	4.643077354180059	0.5732039348149274	0.4572593130415763	6.257692491828874	-2.9396281565343987
-2	10	1.3139249131944442	0.7274956743210973	9.011326682415305	-2.6688074535858726	4.522064175210542	0.3127159778842066	0.40119710012487597	6.257692491828874	-2.055174881264132
-2	5	1.3139249131944442	0.617155307847221	8.988680753617164	-2.620422001809727	4.468036325361819	0.2268482188399934	0.40178283786678515	6.257692491828874	-1.7124565848185478
-2	2	1.3139249131944442	0.5581175666805126	8.971375710235511	-2.5926034732915597	4.437926744132375	0.18539128118980175	0.4134393468303824	6.257692491828874	-1.5325381178048778
-2	0	1.3139249131944442	0.5215578182096022	8.957622809982642	-2.5745405587124504	4.4190242433863585	0.16162413587005608	0.4277340531185345	6.257692491828874	-1.422389321272734
-2	-2	1.3139249131944442	0.4871889954511924	8.941482855661365	-2.556836883190692	4.401277333756322	0.14067712289868772	0.44926523282806907	6.257692491828874	-1.3197373498544376
-2	-5	1.3139249131944442	0.43980466406906826	8.910889193703099	-2.5308843144702067	4.377551545149784	0.11408112383557922	0.5025335210663927	6.257692491828874	-1.1796075282866956
-2	-10	1.3139249131944442	0.3737048174495085	8.826501572731726	-2.488770101371997	4.35218115774664	0.08143298357590123	0.7295558382873223	6.257692491828874	-0.9862604313012431
-2	-20	1.3139249131944442	0.3656839109532952	8.056656581718322	-2.4300672603642433	4.570682295148825	0.05392286489303544	2.5358333271770963	6.257692491828874	-0.946427056791897
-2	-40	1.3139249131944442	1.467101795112377	6.685790251443962	-2.8858930427436236	5.541752405891301	1.3638987106787672	3.4780399262574644	6.257692491828874	-4.515063584858827
-5	40	1.3139249131944442	1.9484643107022719	9.069164544276823	-3.0016787889867054	4.959122153336634	1.7411408250873024	0.9733173180970676	5.525361865020128	-6.66856546140283
-5	20	1.3139249131944442	1.0461961836918368	9.024674732247787	-2.755892639168834	4.654930861904231	0.5299146650817246	0.4989195167334859	5.525361865020128	-3.2966788299200145
-5	10	1.3139249131944442	0.7781274466172597	8.98750979715469	-2.6591600501635675	4.541459931013035	0.30144411306238117	0.4544602406713558	5.525361865020128	-2.369285601915687
-5	5	1.3139249131944442	0.6700524339147249	8.9605867288455	-2.6145294538608197	4.49174885384011	0.2249561653819434	0.46641561539674425	5.525361865020128	-2.007518693911274
-5	2	1.3139249131944442	0.612243783982583	8.939866386159638	-2.5888136107803974	4.464556258049948	0.18798683767297564	0.4887321280653605	5.525361865020128	-1.8171849243182971
-5	0	1.3139249131944442	0.5765110199677583	8.923281660595668	-2.5720669272523446	4.447806707306464	0.16670865643698074	0.5129784297192573	5.525361865020128	-1.700667921760594
-5	-2	1.3139249131944442	0.5430379498601008	8.903665969172277	-2.5556030435688126	4.432454089516249	0.1479135480133118	0.5480855409880827	5.525361865020128	-1.5922915490001626
-5	-5	1.3139249131944442	0.4973235651500412	8.865977030786945	-2.531351329637968	4.413023632435637	0.1240634903301262	0.6333749471515532	5.525361865020128	-1.4453909356976313
-5	-10	1.3139249131944442	0.4366403995906671	8.757939125877783	-2.4915342863293937	4.399168659671567	0.09587382755481277	1.008401268603233	5.525361865020128	-1.2511782446489295
-5	-20	1.3139249131944442	0.4539856933190438	7.991221806060109	-2.444522515710112	4.62690550058511	0.07062718522068989	2.7389631968077373	5.525361865020128	-1.2886301075366662
-5	-40	1.3139249131944442	1.5320149410012773	6.726318207577798	-2.856438844338981	5.523968887422249	1.2459403374541012	3.871377087347228	5.525361865020128	-5.097036449101561
-10	40	1.3139249131944442	1.998898955603124	9.050873852876478	-2.9529909908630296	4.964806436744218	1.4838579190159487	1.0487915538399841	4.541597635884732	-7.536364803714051
-10	20	1.3139249131944442	1.130616276675562	8.994474391058183	-2.7324462028553165	4.679692532465656	0.48430583614259504	0.580561896742591	4.541597635884732	-3.961175501476082
-10	10	1.3139249131944442	0.8708618747409805	8.947234084572	-2.646298419871515	4.57668800960189	0.2933555255999063	0.5597718110003043	4.541597635884732	-2.9616520863466915
-10	5	1.3139249131944442	0.7664059290579534	8.912608139637316	-2.606546788658704	4.533237706509295	0.22869850519585122	0.5968304330745132	4.541597635884732	-2.5706296810360514
-10	2	1.3139249131944442	0.7109456011483075	8.885585206339062	-2.583548587931745	4.510433677722673	0.19766029325786239	0.6441694049406059	4.541597635884732	-2.365690874101074
-10	0	1.3139249131944442	0.6770133172104192	8.863673631852695	-2.5685066290783483	4.49702770979594	0.17988870693353198	0.6923149626153726	4.541597635884732	-2.241175345297892
-10	-2	1.3139249131944442	0.64568427141916	8.83740268013201	-2.553652634563802	4.485509508334515	0.16435903805578156	0.7605364124324934	4.541597635884732	-2.1267273890512346
-10	-5	1.3139249131944442	0.6043384743292495	8.785750928465758	-2.5316150120446093	4.473288389029956	0.1453367781007322	0.9269531881051745	4.541597635884732	-1.9761459991350843
-10	-10	1.3139249131944442	0.5585609189832649	8.629497360933769	-2.4948950560640375	4.48049075643403	0.12560603768172207	1.6048705848889089	4.541597635884732	-1.8069563300998548
-10	-40	1.3139249131944442	1.6614307979681593	6.793673612014197	-2.818835761359084	5.500846247878582	1.0222855017971262	4.322327085280525	4.541597635884732	-6.199169203077668
-10	-20	1.3139249131944442	0.6146271672988413	7.908637566358707	-2.46579156874817	4.70759769091917	0.10480090744299053	3.043998318269005	4.541597635884732	-1.9949546558313807
-15	40	1.3139249131944442	2.076461407430317	9.032680858859987	-2.9154582326498177	4.980698077483407	1.3276572262688178	1.144245255110099	3.8782468574861095	-8.524322432741698
-15	20	1.3139249131944442	1.2288262277301434	8.964065443716054	-2.7145011661804954	4.709784087703239	0.463076587587415	0.6802221850629249	3.8782468574861095	-4.71990753470243
-15	10	1.3139249131944442	0.975436013848179	8.905941735467584	-2.636309330032046	4.615291777483229	0.2964207359941914	0.6910994034537514	3.8782468574861095	-3.649110691561454
-15	5	1.3139249131944442	0.8747990092992113	8.862652080811529	-2.6001862472383914	4.577317303902807	0.2406283382888097	0.7649978985800676	3.8782468574861095	-3.2335055315094743
-15	2	1.3139249131944442	0.8223471124416045	8.828322516823258	-2.579199984016098	4.5585748747175625	0.2144193173814326	0.8498495678960942	3.8782468574861095	-3.0189693646036724
-15	0	1.3139249131944442	0.7909730903033073	8.800100939801826	-2.565420932485241	4.548401161227859	0.19985013495327808	0.9346905836746322	3.8782468574861095	-2.8911800099728153
-15	-2	1.3139249131944442	0.7628971425800202	8.765780750275662	-2.551759877964406	4.5407428061022035	0.18771328809989352	1.0554675626821635	3.8782468574861095	-2.7769772483480297
-15	-5	1.3139249131944442	0.7286101682506373	8.696617941779898	-2.5313527755413747	4.536239751771127	0.17490756521016015	1.3592789276404675	3.8782468574861095	-2.6369598820471634
-15	-10	1.3139249131944442	0.7021617896967606	8.499976008255533	-2.4986354955723025	4.5619464887139785	0.15814791499350456	2.0830291455883088	3.8782468574861095	-2.5237205701365113
-15	-20	1.3139249131944442	0.7924371272868609	7.844819923704238	-2.4842406258343166	4.779509718324355	0.14953543016583049	3.332339075655237	3.8782468574861095	-2.8817929598614027
-15	-40	1.3139249131944442	1.8145771128408608	6.857138417387975	-2.7942374044731864	5.486281199931839	0.8430132799031878	4.586336127708489	3.8782468574861095	-7.4742070813874655
-30	40	1.3139249131944442	2.459275483339412	8.97678272094051	-2.847099037828615	5.0733100582353465	1.104634162926365	1.4749154334872037	2.3661424516257177	-12.302070941851914
-30	20	1.3139249131944442	1.62695478979749	8.870238142089294	-2.6801918744244984	4.830335198890313	0.5192609736527105	1.1400110921472653	2.3661424516257177	-7.705716441222138
-30	10	1.3139249131944442	1.388388928451505	8.771725804266524	-2.6163964072037627	4.753911594025102	0.3775804893014292	1.348757314751405	2.3661424516257177	-6.4460420396024665
-30	5	1.3139249131944442	1.305804375156604	8.69328284507246	-2.5866771539060345	4.730491516148189	0.339172625053918	1.6719379818819458	2.3661424516257177	-6.0137173679327045
-30	2	1.3139249131944442	1.2712690889149731	8.627462511326794	-2.5692194448995886	4.724185039997099	0.3273294305865686	2.009806669755931	2.3661424516257177	-5.83144076059748
-30	0	1.3139249131944442	1.2557234896292029	8.573022920482405	-2.5578837919572215	4.724467242696203	0.32181263780922564	2.235775558836294	2.3661424516257177	-5.747981306429166
-30	-2	1.3139249131944442	1.2462022006024422	8.510285408501607	-2.5471503707994634	4.728856437830745	0.31779752642739045	2.4501857097072417	2.3661424516257177	-5.695549256017316
-30	-5	1.3139249131944442	1.2433467904147526	8.40162494511606	-2.532922754254166	4.743920820852706	0.31505502323758394	2.758138550719447	2.3661424516257177	-5.676544359837552
-30	-10	1.3139249131944442	1.2702412832836671	8.187910781186158	-2.5170250296010956	4.793596091906262	0.3217220972697601	3.2530819790078045	2.3661424516257177	-5.813393451149729
-30	-20	1.3139249131944442	1.4582560750692826	7.700199516044147	-2.5295580384721057	4.984519822081651	0.4047334937308249	4.289477865419206	2.3661424516257177	-6.828898628313929
-60	40	1.3139249131944442	3.6782373681539915	8.817457113072958	-2.843760930081798	5.281795242588902	0.7945862951256313	2.544806569833925	1.3152333231795232	-22.054892680088855
-30	-40	1.3139249131944442	2.379608240997184	7.019287341758194	-2.768675317252022	5.480038742418473	0.6230520555131926	4.878031960314462	2.3661424516257177	-12.225862058531654
-60	20	1.3139249131944442	3.2725188470034037	8.621374692616605	-2.6729650543987558	5.21114918021403	0.9282124438749433	3.4243068068244282	1.3152333231795232	-19.142501147806165
-60	10	1.3139249131944442	3.2861810024594615	8.406367617795917	-2.6096981230130782	5.211598446512442	1.1196623561004397	4.750265447930885	1.3152333231795232	-19.119742797898606
-60	5	1.3139249131944442	3.349602985026279	8.268387646804582	-2.5875824114693513	5.2299897309894385	1.2349159420958458	5.232704014477038	1.3152333231795232	-19.50505697793836
-60	2	1.3139249131944442	3.3936986964809086	8.183558851907852	-2.5791890774072397	5.2447165030978065	1.2164084297630469	5.18465155847948	1.3152333231795232	-19.790870693568866
-60	0	1.3139249131944442	3.420156904027243	8.129085731855417	-2.5760293756851067	5.254439527533393	1.2012587831429649	5.138319526035471	1.3152333231795232	-19.968561463601223
-60	-2	1.3139249131944442	3.4442384384757148	8.076006610785567	-2.574698270082697	5.264098601625892	1.1900981237381085	5.109197170927323	1.3152333231795232	-20.135680073317378
-60	-5	1.3139249131944442	3.4759908811293707	7.998430680266848	-2.57596039073293	5.278551047352371	1.1806997314185548	5.096770736360375	1.3152333231795232	-20.36701066291304
-60	-10	1.3139249131944442	3.5195050608486977	7.873545880024805	-2.586177487233068	5.303468169841473	1.1362539911167717	5.039151724942342	1.3152333231795232	-20.71590148699035
-60	-20	1.3139249131944442	3.6036146516749294	7.644436768846029	-2.6323683781811322	5.365693681391352	0.9840748355924251	4.9309315352216885	1.3152333231795232	-21.48839462248009
-60	-40	1.3139249131944442	3.8090428552385798	7.27109919117983	-2.8136367043354085	5.542405230691889	0.8799517962811483	4.848683790765687	1.3152333231795232	-23.64151803161706
60	40	0.9854436848958331	3.26239865819994	8.960458689062227	-4.006772472339377	5.567875207964735	2.690730216972942	1.824501489199938	3.2059582381643934	9.195185255658686
60	20	0.9854436848958331	2.255823607745344	8.84444751366004	-4.419539734288489	5.737093520977072	1.9952066116426606	1.6546961096229873	3.2059582381643934	6.223138028377853
60	10	0.9854436848958331	1.9588577558739557	8.738668099559883	-4.569038378797603	5.812596277191973	1.1138825370490766	1.8739862744313154	3.2059582381643934	5.3855598093750885
60	5	0.9854436848958331	1.8555820894622106	8.660400473798788	-4.625932273568726	5.847241843230439	0.9074748858368995	2.2379445124851958	3.2059582381643934	5.104509342344838
60	2	0.9854436848958331	1.8095131101974677	8.599019278122137	-4.653179631205955	5.86807337727222	0.8026163210448782	2.5649671996391543	3.2059582381643934	4.985771015966983
60	0	0.9854436848958331	1.785799298804579	8.551016090079429	-4.667617406811579	5.8818965467498465	0.733401321828719	2.768547063681816	3.2059582381643934	4.928918799552282
60	-2	0.9854436848958331	1.7674063926584045	8.497659821408043	-4.678527969484632	5.895443121867947	0.6673135456795105	2.9591495307945386	3.2059582381643934	4.889246161387645
60	-5	0.9854436848958331	1.749437043983799	8.408326361395979	-4.687327430395552	5.914824322948244	0.5787601123125885	3.230739393690493	3.2059582381643934	4.861203413323108
60	-10	0.9854436848958331	1.744657249772965	8.237952582267845	-4.678541565144313	5.943057850093937	0.4735865069828744	3.670809256180328	3.2059582381643934	4.898244374468746
60	-20	0.9854436848958331	1.8340749736093849	7.843305339595107	-4.556529760772674	5.975459403593617	0.5176057769101519	4.668331390457227	3.2059582381643934	5.312645325420114
60	-40	0.9854436848958331	2.5971828796700653	7.101603278817269	-3.8770885471627117	5.909357909359136	1.9748408489390368	6.545462604468239	3.2059582381643934	8.25672953470586
30	40	0.9854436848958331	1.7290475097145837	9.196410045840405	-3.7712137109901676	5.222049100202114	3.830510225685855	0.4297907341967653	10.324851400143919	-1.132426399016038
30	20	0.9854436848958331	0.40582770563547776	9.317083380395493	-3.626688931484593	4.845036636365128	3.1393479392286814	0.06575251267373483	10.324851400143919	-0.29150053310774027
30	10	0.9854436848958331	0.069084029374255	9.376489157533314	-2.86557979631411	4.2086194994363595	0.7230928580980969	0.01022139121537613	10.324851400143919	-0.026069214298993296
30	5	0.9854436848958331	0.02036123783288121	9.380387800819706	-2.4084683064391483	3.8155943604300604	0.010023234633903255	0.0025587595711884514	10.324851400143919	-0.003624250599301971
30	2	0.9854436848958331	0.010407305294952573	9.395392305304188	-2.3571179149490753	3.7231512238737086	0.0020521693968543475	0.0011005045961126614	10.324851400143919	-0.0018706962890429803
30	0	0.9854436848958331	0.0062596918365879165	9.407186630003133	-2.332790444762877	3.667588924456186	0.0007573228766352413	0.000584465414727009	10.324851400143919	-0.0011671904317018859
30	-2	0.9854436848958331	0.0034765014143883096	9.420173900841862	-2.312892490452858	3.6142112201476295	0.00026216586108054885	0.00027962861581784515	10.324851400143919	-0.0006811093531786579
30	-5	0.9854436848958331	0.0011210422310538538	9.441775468997148	-2.2887312896092076	3.535975825782171	0.00003987336616503856	0.00006638002870486964	10.324851400143919	-0.00024002806319017148
30	-10	0.9854436848958331	0.000020321090088246678	9.483274518454465	-2.2586517225499976	3.405334098339799	0.0000001070048457410544	0.0000003538023592044963	10.324851400143919	-0.000005149013097398691
30	-40	0.9854436848958331	0.7769871455105584	6.3961875522546165	-3.485633791197318	5.80310414042064	1.614679263324366	0.4835875517947983	10.324851400143919	-0.09098157495510095
30	-20	0.9854436848958331	0	8.09344276058766	-3.3682650657745197	3.3566689453125003	0	0	10.324851400143919	-0
15	40	0.9854436848958331	1.2160258651160383	9.206082664037053	-3.238918111600538	4.87950429972351	2.9872523442621466	0.40153158678787193	9.104675089085017	-2.2686738030701212
15	20	0.9854436848958331	0.3268476585038875	9.240207227350067	-2.738567615929786	4.360393770674347	0.3767041936950358	0.08185924720506854	9.104675089085017	-0.4957299205498203
15	10	0.9854436848958331	0.14697268230149224	9.257445184566905	-2.543047765362142	4.137420685802296	0.07650393163579405	0.03588655436405175	9.104675089085017	-0.20363832961715467
15	5	0.9854436848958331	0.09314618342276813	9.269448654804101	-2.4714008956187894	4.035877543933205	0.028693608464155307	0.02248286881058148	9.104675089085017	-0.1250606721048563
15	2	0.9854436848958331	0.0689095099184367	9.27861654368109	-2.4359107642060707	3.977177726238368	0.015406855783955342	0.016543210595411917	9.104675089085017	-0.09120447734750038
15	0	0.9854436848958331	0.055485530178057095	9.285720987195191	-2.4147629954974295	3.9384848958334966	0.009997749772537867	0.013268050027993694	9.104675089085017	-0.07285955010695891
15	-2	0.9854436848958331	0.0439745799063081	9.293733498924377	-2.3953339402550804	3.8998584958761753	0.0063648092918678345	0.010458552465136772	9.104675089085017	-0.057358562711979665
15	-5	0.9854436848958331	0.029874622527468097	9.307710910133427	-2.3689687766084653	3.841488827552368	0.003079803671813486	0.007004828328311785	9.104675089085017	-0.03865769143120264
15	-10	0.9854436848958331	0.013525258449271963	9.337441749352152	-2.33114535979283	3.740768802435008	0.0007521208171887284	0.0029850675546689853	9.104675089085017	-0.017360092539432076
15	-20	0.9854436848958331	0.0006296752481441664	9.430666460958097	-2.2729496209886495	3.5076263408534665	0.000005947143261141735	0.00007256979068505018	9.104675089085017	-0.0008108077815571336
15	-40	0.9854436848958331	0.516370988319077	6.327775053696666	-3.071566600670284	5.613179655334851	1.2137449380275112	0.4069227979890382	9.104675089085017	-0.7818412937934205
10	40	0.9854436848958331	1.1543399630739355	9.189409130240488	-3.0916186784492	4.811036315290371	1.9863108006884445	0.4065700806981374	8.028705009901106	-2.550193651755762
10	20	0.9854436848958331	0.3622877458844632	9.21083389681953	-2.6886438596883244	4.364730442509835	0.27321998146305027	0.09966179497084693	8.028705009901106	-0.6846766810012814
10	10	0.9854436848958331	0.18603102247705935	9.222924213785609	-2.5397700868562234	4.179301760886531	0.07281103167589587	0.05154847876364732	8.028705009901106	-0.33029010669170705
10	5	0.9854436848958331	0.12770723085705019	9.231677246146445	-2.481039890899669	4.092441348415324	0.0337303165441577	0.03625985388170383	8.028705009901106	-0.22127861745096422
10	2	0.9854436848958331	0.09976617501335636	9.238396478386168	-2.4502047772966518	4.041276795821556	0.02061323621162764	0.02894429230113804	8.028705009901106	-0.1707219049445677
10	0	0.9854436848958331	0.08364578659104799	9.243652113563298	-2.4312302996255157	4.00725999444942	0.014610754895504952	0.02467718020776427	8.028705009901106	-0.14206743785300452
10	-2	0.9854436848958331	0.06933519225031402	9.249644547542438	-2.4133904080642137	3.9731249966844646	0.01019624687342996	0.020828586175300978	8.028705009901106	-0.11695457937877135
10	-5	0.9854436848958331	0.05095673033943935	9.260286771760596	-2.388541017982767	3.9212944722474474	0.0057291398582238195	0.015740007864436134	8.028705009901106	-0.08516541396005782
10	-10	0.9854436848958331	0.027620323856739275	9.283815655570958	-2.3515373608830035	3.8313777533939337	0.001904953380164942	0.00885066363638709	8.028705009901106	-0.04558735722164363
10	-40	0.9854436848958331	0.5036473052929995	6.361876557510333	-2.9292137042628763	5.5475192526293124	1.0370533425533426	0.5339503067014952	8.028705009901106	-0.9677057956140976
10	-20	0.9854436848958331	0.0035837366871380584	9.366983797664203	-2.290987995253664	3.619759089708047	0.00006627048528211332	0.000957429140202179	8.028705009901106	-0.005832954949422579
5	40	0.9854436848958331	1.1402848369828744	9.17137138793735	-2.992771980231792	4.777284822648232	1.4275539136886697	0.4266512813298977	8.134633626763081	-2.924848591740742
5	20	0.9854436848958331	0.4067879334158318	9.182039834767442	-2.6597867281805887	4.383020380556365	0.22430432674937656	0.12242477299904886	8.134633626763081	-0.9224567413298503
5	10	0.9854436848958331	0.23019570304425266	9.188296819952406	-2.53860736343692	4.22197169712582	0.07312984359132402	0.07209792112828728	8.134633626763081	-0.4974478768761194
5	5	0.9854436848958331	0.16764862751965293	9.193204855010922	-2.4884963524173966	4.145804151265857	0.03903663504623961	0.05540153609579057	8.134633626763081	-0.3550288668669018
5	2	0.9854436848958331	0.1363920484174837	9.197112111845632	-2.4612811913571364	4.100688590109185	0.026151878016354657	0.04709409226922634	8.134633626763081	-0.28567542499825266
5	0	0.9854436848958331	0.1178348875201471	9.200242420407433	-2.444187107159993	4.070632027736182	0.0197754804111398	0.04209884866175717	8.134633626763081	-0.24510920730586064
5	-2	0.9854436848958331	0.10095097758399166	9.203885256184586	-2.4278600799142205	4.0404502229925585	0.01477653273585744	0.03746039879645796	8.134633626763081	-0.20861245931489875
5	-5	0.9854436848958331	0.07852628375384199	9.210537012159657	-2.4046840757992003	3.9946370420453183	0.00928534108711876	0.03105546131464937	8.134633626763081	-0.1607729833050138
5	-10	0.9854436848958331	0.048176818489686295	9.226037723776203	-2.3691621049925313	3.9153823192984483	0.0038684024477467216	0.02148646507320867	8.134633626763081	-0.09726411495354816
5	-20	0.9854436848958331	0.010718035480633423	9.290479839176218	-2.307953769975205	3.7289691535861955	0.00031207415170173003	0.005711252183095705	8.134633626763081	-0.02115922660024203
5	-40	0.9854436848958331	0.528468429385986	6.409597020032016	-2.8271233809550447	5.5030651152177485	0.7510894455065231	0.6785313833636835	8.134633626763081	-1.2348941608300006
2	40	0.9854436848958331	1.1478624493026945	9.160277224127533	-2.949090439820791	4.76821779353601	1.213094110791314	0.4447074719314097	7.478999948029685	-3.1920740785019337
2	20	0.9854436848958331	0.4373002278891366	9.164849485851784	-2.6479312294973254	4.397861860645418	0.2073738422499109	0.13878012703406561	7.478999948029685	-1.0901173205139536
2	10	0.9854436848958331	0.2593974840427413	9.167299664963922	-2.53845613175081	4.247868637210317	0.07458945456080224	0.08732433764865788	7.478999948029685	-0.6196127302479973
2	5	0.9854436848958331	0.19442332661778683	9.169640696106672	-2.49225366619728	4.176908392294816	0.04252483046326999	0.07015673953110368	7.478999948029685	-0.4559155951230568
2	2	0.9854436848958331	0.16133067267226725	9.171665144200178	-2.4668096183627144	4.1349007368553465	0.029760870069056145	0.06156431975061416	7.478999948029685	-0.3744486445305216
2	0	0.9854436848958331	0.1414261386948145	9.173359154195573	-2.4506866262895084	4.106947644534984	0.023219505024781706	0.05637465066279579	7.478999948029685	-0.32610934689843823
2	-2	0.9854436848958331	0.12311208173813086	9.175393794038587	-2.435178689874557	4.078921587145454	0.01793740837675062	0.05153322044893999	7.478999948029685	-0.2820919986216522
2	-5	0.9854436848958331	0.09841210055673259	9.179248243967898	-2.412973127420246	4.036502271615304	0.011908284119021173	0.044787909467670084	7.478999948029685	-0.22345759697128423
2	-10	0.9854436848958331	0.06400276365203778	9.188750447093902	-2.378460973243865	3.963637917233758	0.005545282151356801	0.034463613954502204	7.478999948029685	-0.14328190602340776
2	-20	0.9854436848958331	0.01791512838933254	9.23426989070351	-2.3173394993005982	3.7955823563853457	0.0006619025670852319	0.014599769654243894	7.478999948029685	-0.0391170365455388
2	-40	0.9854436848958331	0.5600616862091222	6.4407430813956426	-2.78658466589184	5.486914263146055	0.6416735779810759	0.7959391310982014	7.478999948029685	-1.4524620770451226
0	40	0.9854436848958331	1.1582934530516358	9.152823250067149	-2.924761971446551	4.765692816566017	1.1033351941371876	0.459120808425975	6.841467529772567	-3.3877326432609354
0	20	0.9854436848958331	0.45921485910668014	9.1533797282556	-2.641549880992983	4.408932435796069	0.1993480695448317	0.1509562896276868	6.841467529772567	-1.2130389564234603
0	10	0.9854436848958331	0.28010122489441286	9.15316119166281	-2.5385090018107297	4.265278621480734	0.07602132906054848	0.09890999787439847	6.841467529772567	-0.7110394808126786
0	5	0.9854436848958331	0.21354654021322975	9.153678087210452	-2.494530432057171	4.197421225507599	0.04503447153967677	0.08164417119192346	6.841467529772567	-0.532698343222422
0	2	0.9854436848958331	0.17928647455945138	9.154355064394997	-2.470128298142087	4.157317190712596	0.032337449766924375	0.0730490745054797	6.841467529772567	-0.44286059428343216
0	0	0.9854436848958331	0.1585292421179672	9.155012951597735	-2.4545903449265545	4.130676242264437	0.02570052545851359	0.06788258763656774	6.841467529772567	-0.3891243470912864
0	-2	0.9854436848958331	0.13931061253384333	9.155876720825647	-2.439586377415392	4.104015886633761	0.020252139767181432	0.0630857275076881	6.841467529772567	-0.33986027256695817
0	-5	0.9854436848958331	0.11316841389174331	9.15766111935322	-2.417995602172203	4.063792190405943	0.013895904143886917	0.056448931007113456	6.841467529772567	-0.273640727095039
0	-10	0.9854436848958331	0.07616385587176157	9.162534849782926	-2.3841636618019155	3.9952360037729897	0.006922553481302052	0.046422385512779996	6.841467529772567	-0.1815870975121724
0	-20	0.9854436848958331	0.024341037675610487	9.18962310285717	-2.323165817330391	3.8419138959118486	0.0010577833937653325	0.027279763406300728	6.841467529772567	-0.05654826668632947
0	-40	0.9854436848958331	0.5872647773933292	6.462222764592456	-2.76554793423671	5.479278762744499	0.5885363501147095	0.8904685551451053	6.841467529772567	-1.6241088919701028
-2	20	0.9854436848958331	0.48242003380719845	9.141881152140314	-2.6361229727005124	4.420802805185493	0.19336860613989632	0.16426050475587162	6.257692491828874	-1.3453734296374469
-2	40	0.9854436848958331	1.1725652862689937	9.145338497683758	-2.903560446815874	4.765539060119905	1.0139032186397094	0.4754316854848484	6.257692491828874	-3.5975552831299216
-2	10	0.9854436848958331	0.3018684697370906	9.138884002246872	-2.53865927331839	4.282828070145157	0.07781167276664974	0.11179795302868889	6.257692491828874	-0.8109941963581243
-2	5	0.9854436848958331	0.23376060758040204	9.137480323474257	-2.4966539110381487	4.217831983360055	0.0477264395529724	0.09465343409539395	6.257692491828874	-0.6176734213513253
-2	2	0.9854436848958331	0.19837612820662232	9.136728007866308	-2.473196044313416	4.179519617389263	0.03508415027508255	0.08624990070536198	6.257692491828874	-0.519259944454297
-2	0	0.9854436848958331	0.17680240382874843	9.136278895954353	-2.458196454559731	4.154131147102489	0.02836238963497073	0.081271600957325	6.257692491828874	-0.45998258386126867
-2	-2	0.9854436848958331	0.15671982481691327	9.135881691627691	-2.4436623488750433	4.128790414912259	0.022763303874172636	0.07671913880178027	6.257692491828874	-0.4053192239188542
-2	-5	0.9854436848958331	0.12920233825418076	9.135406118246756	-2.4226554035708463	4.09072511561803	0.016104377452344498	0.07057874799512587	6.257692491828874	-0.3312675386395981
-2	-10	0.9854436848958331	0.08972337963856644	9.135043907687452	-2.3894916947512237	4.026557598151172	0.008548133208708508	0.06188771021853051	6.257692491828874	-0.22687103087916027
-2	-20	0.9854436848958331	0.032448044857690705	9.13538684491423	-2.3285410610516917	3.891563952260515	0.0016936792544212098	0.05381563170101464	6.257692491828874	-0.07991746430156202
-2	-40	0.9854436848958331	0.6191950496099888	6.4841461646430245	-2.7482527159310917	5.473689956677834	0.5468465169875958	0.9998031596444843	6.257692491828874	-1.8189520707531757
-5	40	0.9854436848958331	1.2005913695237858	9.134069767278596	-2.8765926022109953	4.769136319776363	0.9096374671474854	0.5035365084517807	5.525361865020128	-3.939505163663824
-5	20	0.9854436848958331	0.5197544431783874	9.124543875401889	-2.629419605107325	4.439937426419774	0.18751297494552654	0.18656607988759566	5.525361865020128	-1.5625793180897602
-5	10	0.9854436848958331	0.33667658795293204	9.11715871514906	-2.5390336398020468	4.309467685385344	0.08118487514332118	0.13391655520095969	5.525361865020128	-0.978034279101733
-5	5	0.9854436848958331	0.2662877699529803	9.112677377386529	-2.499595454105787	4.24838900616866	0.05217895482240731	0.11747208898712758	5.525361865020128	-0.7616776176184614
-5	2	0.9854436848958331	0.22929600453165536	9.109609574870504	-2.477392618760392	4.212591104170255	0.03959881341235971	0.10982606556149399	5.525361865020128	-0.6500809772009235
-5	0	0.9854436848958331	0.20656708121850045	9.107349081577832	-2.4631194092701865	4.188991397169283	0.03276282421525345	0.10553435114802556	5.525361865020128	-0.5822797893660545
-5	-2	0.9854436848958331	0.1852699618406474	9.104866602631848	-2.449227682439179	4.165564979066349	0.026965574817191806	0.10185539170036473	5.525361865020128	-0.5193043925422396
-5	-5	0.9854436848958331	0.15583253556473584	9.10058536523292	-2.4290327768741475	4.130701983203135	0.019906096427119824	0.09750962262292234	5.525361865020128	-0.43318390152110703
-5	-10	0.9854436848958331	0.11294279542022574	9.090975072275532	-2.396824411874004	4.073371954669037	0.011561510924569696	0.0939541431726495	5.525361865020128	-0.3097706366080158
-5	-20	0.9854436848958331	0.0497944177802888	8.98611774482916	-2.3344463807522673	3.9932245889938764	0.0046846596117928185	0.4058025308987001	5.525361865020128	-0.1331301344144942
-5	-40	0.9854436848958331	0.6758976560970154	6.5176590523102425	-2.7278822852527487	5.468558286229253	0.5005517971891718	1.1959473309354873	5.525361865020128	-2.1588969565409775
-10	40	0.9854436848958331	1.2636788323363088	9.11520538775439	-2.8416097637211024	4.783691594514192	0.7944507217079824	0.5607221350012415	4.541597635884732	-4.5860404234198
-10	20	0.9854436848958331	0.5893096930928794	9.095286905126928	-2.6211412231325024	4.47500393929633	0.1846137913989203	0.23115043604764152	4.541597635884732	-1.9791355973760472
-10	10	0.9854436848958331	0.40118537928320347	9.079930448360862	-2.5399669046412683	4.354951016265718	0.08881507709749648	0.1798401388909756	4.541597635884732	-1.306904864674872
-10	5	0.9854436848958331	0.3271301592984381	9.069713741384698	-2.5039777696547474	4.299634372287284	0.06103578979238622	0.16650051927833087	4.541597635884732	-1.0509253935458274
-10	2	0.9854436848958331	0.2876819910847335	9.062242847639068	-2.483504200691774	4.267686908944111	0.048511627085169984	0.16192645295714836	4.541597635884732	-0.9167994240785222
-10	0	0.9854436848958331	0.26323254244751476	9.056475887700751	-2.470249386369288	4.2469075346881455	0.04153128404191497	0.16041441411846935	4.541597635884732	-0.8344967793373878
-10	-2	0.9854436848958331	0.24016327898055145	9.0498808373146	-2.4572712869881195	4.22658078871394	0.03548855148280228	0.16030083597496458	4.541597635884732	-0.7574456498993907
-10	-5	0.9854436848958331	0.20800549776767283	9.037852695050972	-2.4382508851175215	4.1971116838187745	0.027947431440096593	0.16350391950002818	4.541597635884732	-0.651063275702154
-10	-10	0.9854436848958331	0.1606365910669656	9.007739031767334	-2.4074385575759067	4.1523898605815095	0.01876029533528334	0.1848474131265357	4.541597635884732	-0.4966753422562412
-10	-20	0.9854436848958331	0.10588218707257023	8.494065466732565	-2.3435986378609432	4.258472478763288	0.014059808952742836	1.1002814324548011	4.541597635884732	-0.32267279860117054
-10	-40	0.9854436848958331	0.7946248986629101	6.5745333855479124	-2.7049151893047636	5.467257735057811	0.455392207368962	1.634007061461352	4.541597635884732	-2.8711393133475194
-15	40	0.9854436848958331	1.346626860742122	9.096249816582974	-2.815744104995816	4.80728747116472	0.7317814535715345	0.6324701813587157	3.8782468574861095	-5.338052447414858
-15	20	0.9854436848958331	0.6693596979615531	9.06539218945056	-2.615465919947362	4.5138234594761215	0.18922081130725943	0.2873372617146648	3.8782468574861095	-2.4730227374264757
-15	10	0.9854436848958331	0.47531485127299594	9.041094126728003	-2.541195513964263	4.402252569489457	0.09947679561859601	0.24054803211578824	3.8782468574861095	-1.7082783352173891
-15	5	0.9854436848958331	0.3978070087256009	9.024212382085567	-2.5078674765582702	4.3520267441320835	0.0723729765992227	0.23407386402610042	3.8782468574861095	-1.4117380578374608
-15	2	0.9854436848958331	0.356238231325761	9.011475974563282	-2.488756181663782	4.323674989932561	0.059886512092110156	0.2362379996212849	3.8782468574861095	-1.255028465770003
-15	0	0.9854436848958331	0.33039108361738645	9.001412039488411	-2.4763140995930475	4.305637965162407	0.052849291789123454	0.24093395576822352	3.8782468574861095	-1.158455823412595
-15	-2	0.9854436848958331	0.30596756763572586	8.98964726018299	-2.4640715546510634	4.28843953949521	0.046724198395326266	0.24899324196036526	3.8782468574861095	-1.0678391045360325
-15	-5	0.9854436848958331	0.2719468008524852	8.96747732016624	-2.4460040562541288	4.264721702809614	0.03908399672106844	0.2701260700823094	3.8782468574861095	-0.9426899029385597
-15	-10	0.9854436848958331	0.22263827588788704	8.907486884713933	-2.416287683954659	4.2352510657600915	0.03044838365682001	0.3607350518096221	3.8782468574861095	-0.763675627583981
-15	-20	0.9854436848958331	0.19483810341034252	8.16705519992925	-2.3631645352485466	4.450996520921996	0.03049028065468873	1.58645922581893	3.8782468574861095	-0.6691995863019844
-15	-40	0.9854436848958331	0.944289563458297	6.633945407506236	-2.6921386935721054	5.471146045054746	0.42151832476418427	2.304849101636349	3.8782468574861095	-3.792685289345285
-30	40	0.9854436848958331	1.7313540679206605	9.038788053981422	-2.7714881220546648	4.926765959906976	0.7821349288937602	0.9683577156229246	2.3661424516257177	-8.420548026315272
-30	20	0.9854436848958331	0.9976478455689032	8.969873243714588	-2.6079939366701965	4.655672429773091	0.25601732862673043	0.5690092900886261	2.3661424516257177	-4.575637236561756
-30	10	0.9854436848958331	0.7821872927120639	8.910468694155691	-2.5461757461825383	4.562203319207858	0.1631324718318421	0.5801972476445622	2.3661424516257177	-3.509013072999099
-30	5	0.9854436848958331	0.6973612524044736	8.865118495401338	-2.517766677794818	4.52553476865947	0.13557735879560573	0.6495298877055893	2.3661424516257177	-3.0985275727360166
-30	2	0.9854436848958331	0.6534822340385499	8.828273162701722	-2.5011995803290357	4.508174073842513	0.12420092043441966	0.7310242807980829	2.3661424516257177	-2.8885152527560187
-30	0	0.9854436848958331	0.6274852422856638	8.797323395328648	-2.490271218751261	4.499387947027353	0.11899524325248101	0.8147318713149434	2.3661424516257177	-2.7649083724285344
-30	-2	0.9854436848958331	0.6045694865459645	8.75879787975168	-2.4793758690417476	4.493748439364914	0.11615768589386777	0.9377987331274942	2.3661424516257177	-2.656524699079879
-30	-5	0.9854436848958331	0.5778979155304237	8.677770816272341	-2.4629216064605837	4.494541538056078	0.11843870169972082	1.2614259710770401	2.3661424516257177	-2.5313220000136463
-30	-10	0.9854436848958331	0.5617988030481076	8.448381282264195	-2.43727005264679	4.53683307017667	0.12852810355827748	1.8642692812989685	2.3661424516257177	-2.4602036534083234
-30	-20	0.9854436848958331	0.653957796298521	7.745026038987468	-2.433060281289419	4.796566560851513	0.16941640984803774	2.8643354297500125	2.3661424516257177	-2.946325298082779
-30	-40	0.9854436848958331	1.5469578475005175	6.823176747293231	-2.6954074146281957	5.4872668965070694	0.42357010337089473	3.6674670841916974	2.3661424516257177	-7.855335530000548
-60	40	0.9854436848958331	3.1846819669461754	8.869643749123192	-2.799577499496063	5.236805581892724	0.7873571856692925	2.0913786839507162	1.3152333231795232	-18.901072882718754
-60	20	0.9854436848958331	2.6098553247745593	8.71222216620932	-2.628354104598193	5.129546999759241	0.8787627475370101	2.521192070178149	1.3152333231795232	-15.023619294810644
-60	10	0.9854436848958331	2.4932053446758244	8.517932663376977	-2.5648868518848946	5.099245991384979	1.0126208823507739	3.947899832131186	1.3152333231795232	-14.207580507348093
-60	5	0.9854436848958331	2.49691993863403	8.36809601236048	-2.540577665351746	5.103370877699131	1.144446596522478	4.650075734595813	1.3152333231795232	-14.20731878708827
-60	2	0.9854436848958331	2.517975981593441	8.264338525984401	-2.53000433612546	5.114977938812816	1.2534041788677666	5.063473163729698	1.3152333231795232	-14.339125383538718
-60	0	0.9854436848958331	2.5401283663756025	8.190461086943545	-2.524914221591524	5.127212196907037	1.3152333231795232	5.299378765736773	1.3152333231795232	-14.485724976482592
-60	-2	0.9854436848958331	2.568786756332677	8.11547889398596	-2.5215202347570442	5.143205447966681	1.30143581468068	5.267045604825509	1.3152333231795232	-14.68037662460084
-60	-5	0.9854436848958331	2.613244772795765	8.008717504119728	-2.520592232640111	5.169122068073194	1.2238663312099956	5.107430364707214	1.3152333231795232	-14.99189033734672
-60	-10	0.9854436848958331	2.689391240028343	7.845368236381984	-2.529240857713431	5.2158574793133035	1.1152338475275254	4.918573041087787	1.3152333231795232	-15.54921435905411
-60	-20	0.9854436848958331	2.853360235135988	7.564503827792586	-2.579369663066099	5.320303617986208	0.9740491611048085	4.7647717559305764	1.3152333231795232	-16.826844312040492
-60	-40	0.9854436848958331	3.2667105082853536	7.165408794799001	-2.7844941207584797	5.553437638718543	0.8709450002320054	4.578114626358539	1.3152333231795232	-20.259044661589098
60	40	0.6569624565972221	2.7368150766512582	8.99874678158196	-4.111714243283449	5.588729842087779	2.7926605975610315	1.5439977188855716	3.2059582381643934	7.619634992006233
60	20	0.6569624565972221	1.7433563166140134	8.897766164858322	-4.559670398774047	5.779600366651609	1.2340088342222444	1.148411360641337	3.2059582381643934	4.751422700980635
60	10	0.6569624565972221	1.453675086366247	8.811318323392339	-4.71248676048908	5.851209973283151	0.768837511002106	1.270830287987712	3.2059582381643934	3.940990348552653
60	5	0.6569624565972221	1.342511899212237	8.745886670313	-4.774977884933808	5.885919543461771	0.6194725247053547	1.4813633710209406	3.2059582381643934	3.6380285676635373
60	2	0.6569624565972221	1.2872642447364144	8.693815807988008	-4.806786091695125	5.907029841285258	0.5425201607323249	1.6945999732679855	3.2059582381643934	3.4913758281821563
60	0	0.6569624565972221	1.2560833257586548	8.65128854911457	-4.82476405342271	5.921331607124361	0.49489654867382527	1.8942596483161724	3.2059582381643934	3.411072093922334
60	-2	0.6569624565972221	1.230275710765302	8.60047600266908	-4.839320067338408	5.9358508111526955	0.44871702579730766	2.1386523630563388	3.2059582381643934	3.34750339286962
60	-5	0.6569624565972221	1.2020902357038143	8.507651655040851	-4.852866066918896	5.957545620164534	0.3813472403825653	2.475807345763236	3.2059582381643934	3.285255896925928
60	-10	0.6569624565972221	1.1822635479335792	8.31322119102265	-4.8471641386794095	5.990653268199427	0.2979386053503852	2.980675031787066	3.2059582381643934	3.2683390220876816
30	-5	0.6569624565972221	0	8.09344276058766	-3.3682650657745197	3.3566689453125003	0	0	10.324851400143919	-0
60	-20	0.6569624565972221	1.247322598613527	7.826842831237398	-4.7016121011277345	6.028416638551895	0.3484611802055877	3.957121901322591	3.2059582381643934	3.579760854859723
60	-40	0.6569624565972221	2.0139574987710107	6.9952417113399665	-3.9263056059133383	5.9362992983297715	1.681488160904287	5.284793026519434	3.2059582381643934	6.400020990627144
30	40	0.6569624565972221	0.9597081744544159	9.282081680132412	-3.7823204864944557	5.100525724369779	3.6647637911817443	0.18312754370603557	10.324851400143919	-0.6960981860872439
30	20	0.6569624565972221	0.042857171449387665	9.40307515303986	-2.7283901018612426	4.0867072766721515	0.41639298094921295	0.004734820190458788	10.324851400143919	-0.013692930619969701
30	10	0.6569624565972221	0.003151968194573074	9.435612567362469	-2.316878542364055	3.6110554012035876	0.0002934049225032376	0.00016193991683055575	10.324851400143919	-0.0006333816246039138
30	5	0.6569624565972221	0.0003924537885297448	9.464504351311241	-2.2780999157667385	3.485823139901423	0.000010137345073610651	0.000010721273569488238	10.324851400143919	-0.0000902568478117612
30	2	0.6569624565972221	0.00003257219728224076	9.483704653191387	-2.261197556515761	3.413788007854931	0.000000268169254903812	0.00000040399519337340484	10.324851400143919	-0.000008187364543813225
30	0	0.6569624565972221	0.0000001492621638533768	9.497211611176878	-2.251771446359937	3.366190555230494	0.0000000001697003947412866	0.00000000031535141696310137	10.324851400143919	-0.00000003985240046867378
30	-2	0.6569624565972221	0	8.09344276058766	-3.3682650657745197	3.3566689453125003	0	0	10.324851400143919	-0
30	-10	0.6569624565972221	0	8.09344276058766	-3.3682650657745197	3.3566689453125003	0	0	10.324851400143919	-0
30	-20	0.6569624565972221	0	8.09344276058766	-3.3682650657745197	3.3566689453125003	0	0	10.324851400143919	-0
30	-40	0.6569624565972221	0.24558528619018616	6.215854599870765	-3.641533056351378	5.848235775956963	0.8819631301544744	0.10058480309871953	10.324851400143919	-0.05637219855548855
15	40	0.6569624565972221	0.5931283146579511	9.269326478785286	-3.0074613324304043	4.616862661017991	1.2681615860362778	0.154888650909764	9.104675089085017	-1.0142806090616117
15	20	0.6569624565972221	0.09248871057908714	9.318794015951807	-2.50502347614638	4.0544448238219335	0.040397616237459105	0.014761846019623381	9.104675089085017	-0.12673721844871663
15	10	0.6569624565972221	0.028953093856753025	9.352804475676644	-2.385212908786003	3.843154557138798	0.003960575295944235	0.0035829462342828466	9.104675089085017	-0.037907045353138144
15	5	0.6569624565972221	0.01392933297329605	9.37490478607693	-2.344879642160608	3.745176490452759	0.0010610398517119923	0.0014786800530533495	9.104675089085017	-0.0180476350267522
15	2	0.6569624565972221	0.008212238911488513	9.390101739514307	-2.324628645360248	3.6868227953768304	0.0004303380903784987	0.0007768120054175154	9.104675089085017	-0.01060363376465561
15	0	0.6569624565972221	0.005461878661163122	9.40112897775388	-2.3124589921700642	3.6476925611036584	0.00021918848973848798	0.0004706081711715743	9.104675089085017	-0.007043483370745278
15	-2	0.6569624565972221	0.003415111586309943	9.412925679539796	-2.3012246772594738	3.6081584281891246	0.00010282220294038219	0.00026289905875594155	9.104675089085017	-0.004401915691103202
15	-5	0.6569624565972221	0.0014210468966246316	9.432154296382075	-2.2859292891708547	3.5476799137746373	0.000026209782949881272	0.0000873240029248823	9.104675089085017	-0.0018329103537434138
15	-10	0.6569624565972221	0.00011567003474260995	9.468532170225538	-2.2640404766841913	3.4421892492926855	0.0000006578158641204479	0.000003439743759848027	9.104675089085017	-0.00014990732788597487
15	-20	0.6569624565972221	0	8.09344276058766	-3.3682650657745197	3.3566689453125003	0	0	9.104675089085017	-0
15	-40	0.6569624565972221	0.08423044694599767	6.161536897808194	-2.7914157650886273	5.44683137596909	0.24833512874902663	0.03764194022775591	9.104675089085017	-0.10836726134786556
10	40	0.6569624565972221	0.584605869318768	9.251367839302578	-2.8934492014022157	4.570956823650121	0.8210049324045935	0.1644274530489538	8.028705009901106	-1.2018052017775265
10	20	0.6569624565972221	0.11787134105065199	9.293878027835705	-2.5055868853690577	4.093841968447329	0.03993430779990981	0.0211831067175966	8.028705009901106	-0.20705671020241448
10	10	0.6569624565972221	0.04466350969418839	9.32423084618749	-2.4012750266312595	3.905395158470274	0.006059158172174922	0.006715365855084421	8.028705009901106	-0.07533079351520659
10	5	0.6569624565972221	0.024699208091211174	9.344012085884325	-2.362868533923646	3.815570648235533	0.0020826358774923837	0.0033716788641940387	8.028705009901106	-0.04110946967831516
10	2	0.6569624565972221	0.01632264502818883	9.357764484568072	-2.3429072668989606	3.7616168192368344	0.0010175396276921045	0.0020787961157744117	8.028705009901106	-0.0269995374536057
10	0	0.6569624565972221	0.011965672378574594	9.367836075608105	-2.330679144865343	3.7252821975858796	0.0006031142998100536	0.0014425790449187348	8.028705009901106	-0.01972400407298742
10	-2	0.6569624565972221	0.008462471855482873	9.3787037017112	-2.319223915450085	3.6884559882315244	0.00034065181150293167	0.0009560980665405949	8.028705009901106	-0.013908038916629008
10	-5	0.6569624565972221	0.004593801781162599	9.396644140396495	-2.3033534066895136	3.6319018952847464	0.00012775187709308106	0.0004580068062191994	8.028705009901106	-0.007523210134040902
10	-10	0.6569624565972221	0.0010880036942242214	9.431469362364162	-2.279990295488311	3.5325166110764368	0.000014069017790604293	0.00007657531747859436	8.028705009901106	-0.0017755535366366848
10	-20	0.6569624565972221	0	8.09344276058766	-3.3682650657745197	3.3566689453125003	0	0	8.028705009901106	-0
10	-40	0.6569624565972221	0.09457365876668143	6.199096575315125	-2.6701454120342913	5.398436052359822	0.15259003977697683	0.055696945471054526	8.028705009901106	-0.16003294158524475
5	40	0.6569624565972221	0.6007339192838699	9.233023473183968	-2.8240070647169824	4.555841075879376	0.596029730651062	0.18077484613477024	8.134633626763081	-1.4514891822098075
5	20	0.6569624565972221	0.14745414580863836	9.268625308803772	-2.507751029679996	4.13457503723601	0.04133423890629562	0.02973874282481992	8.134633626763081	-0.31523577776092815
5	10	0.6569624565972221	0.06445514989060759	9.294820033479642	-2.4149956845378466	3.963739138776619	0.008562179898485206	0.01155191480505996	8.134633626763081	-0.13279973417490654
5	5	0.6569624565972221	0.0393618352829871	9.312080538901562	-2.3787108207857144	3.881092306900853	0.003536183025490358	0.006692505751839162	8.134633626763081	-0.07995961744419415
5	2	0.6569624565972221	0.028084731565300648	9.324229434959108	-2.3593371622476953	3.8311845773850464	0.001970407201457053	0.004608205393782372	8.134633626763081	-0.056631441085648104
5	0	0.6569624565972221	0.02190462939581311	9.333216057720477	-2.3472813455351442	3.7974782049515645	0.0012932908935858467	0.003495952360761778	8.134633626763081	-0.04397085357609763
5	-2	0.6569624565972221	0.016684751785487107	9.34300444824281	-2.3358501198933928	3.76323988363066	0.0008220340505506185	0.0025766234953591705	8.134633626763081	-0.033352377303605074
5	-5	0.6569624565972221	0.01047306925183829	9.35938647383431	-2.3197767822973243	3.7105056798704323	0.00038529825991431843	0.0015168527975564922	8.134633626763081	-0.020815826844997512
5	-10	0.6569624565972221	0.003806676005176428	9.39202968918242	-2.2955541686568637	3.6173074986501446	0.00007892730998945718	0.0004604747395612757	8.134633626763081	-0.007505051203257499
5	-20	0.6569624565972221	0.00001161081019504618	9.482236531973221	-2.255477570022042	3.3976769564249	0.00000002067218898989774	0.00000026970622446888595	8.134633626763081	-0.00002264999394247655
5	-40	0.6569624565972221	0.11931705877511775	6.243282955856619	-2.616684295097423	5.380666851767535	0.12190356887364082	0.08902402410470955	8.134633626763081	-0.25507254870054424
2	40	0.6569624565972221	0.6189271138424316	9.221933554384172	-2.7951004617364577	4.55599113128268	0.5151493308948412	0.19371714779126625	7.478999948029685	-1.6304990910839607
2	20	0.6569624565972221	0.16749147631907627	9.253218249489999	-2.509509465321492	4.159606527714769	0.04284529633312323	0.036156556673640594	7.478999948029685	-0.39575096488802813
2	10	0.6569624565972221	0.07849470032236613	9.276675513828023	-2.422348224443968	3.9975211119708454	0.010290727577834946	0.015538148879279512	7.478999948029685	-0.17907475747995139
2	5	0.6569624565972221	0.05024074582456933	9.292285421911364	-2.387312536937922	3.9187337365910295	0.004644076048265555	0.009649643887368553	7.478999948029685	-0.11299628134735694
2	2	0.6569624565972221	0.03712871699014006	9.30336554785316	-2.368359681232645	3.8710737652304745	0.0027544269507052688	0.007000360668256933	7.478999948029685	-0.08286455428167695
2	0	0.6569624565972221	0.029769628906016435	9.311615732785018	-2.356472905847349	3.8388548313027693	0.0018951493846315337	0.005532896789504471	7.478999948029685	-0.0661202303575836
2	-2	0.6569624565972221	0.023415877739138093	9.320658068368083	-2.3451326732971154	3.806102052864814	0.0012707884992800011	0.004276787645354468	7.478999948029685	-0.051769532702875876
2	-5	0.6569624565972221	0.0156065514893118	9.335925983664525	-2.329065207480126	3.755600438413359	0.0006558330262647349	0.00274879899289468	7.478999948029685	-0.03428100514102411
2	-10	0.6569624565972221	0.006629362313098422	9.36689210422289	-2.304554702849836	3.666119059640784	0.00017027757307769287	0.0010454185836466096	7.478999948029685	-0.01442022284816624
2	-20	0.6569624565972221	0.00015592860662881814	9.456316990455948	-2.2630259364711764	3.45299265603487	0.0000007225023058287511	0.000009672477340301466	7.478999948029685	-0.0003338649232205551
0	40	0.6569624565972221	0.6340823950631546	9.214505092608803	-2.7795044301279024	4.55892003816409	0.47518829114968686	0.20369636378825362	6.841467529772567	-1.762434826144149
2	-40	0.6569624565972221	0.14073625328482453	6.272179711495635	-2.5998148958550527	5.377131563117687	0.11527579056020498	0.11930460520038633	7.478999948029685	-0.33925486783916453
0	20	0.6569624565972221	0.1819111907359723	9.242813824709177	-2.5108225954377072	4.176561210392614	0.044117692680856524	0.041075726774055576	6.841467529772567	-0.4567467280628578
0	10	0.6569624565972221	0.0888417568203429	9.264337328166983	-2.426948148505263	4.019705312852788	0.011555634589530128	0.018758073906626815	6.841467529772567	-0.21561433722508602
0	5	0.6569624565972221	0.05844386738367275	9.278774881290905	-2.392714431720412	3.943321258408897	0.0054948661328776405	0.012140942259538823	6.841467529772567	-0.13983948493446768
0	2	0.6569624565972221	0.04407247768475842	9.289086938938638	-2.3740538874222143	3.897088551738266	0.0033802079095494597	0.009082082819054094	6.841467529772567	-0.10463043697582952
0	0	0.6569624565972221	0.03589568901229589	9.2968017235706	-2.3622957441218384	3.865825190642269	0.0023905137465933812	0.007350916885010272	6.841467529772567	-0.08479623338606761
0	-2	0.6569624565972221	0.028747512856595415	9.305294352426786	-2.351037152840296	3.8340361662018476	0.0016529004697937444	0.005838616746447478	6.841467529772567	-0.06758647077760989
0	-5	0.6569624565972221	0.019801244997642145	9.319726079625053	-2.33501191412023	3.7850005271113636	0.0009009097223755536	0.003945621068171923	6.841467529772567	-0.04623614298390801
0	-10	0.6569624565972221	0.009123818998021742	9.34936631602471	-2.3103833689579316	3.6980128565202173	0.00026584259327959436	0.001692588574401896	6.841467529772567	-0.021079519674411854
0	-20	0.6569624565972221	0.0004167518925284201	9.43791470801193	-2.2680276636203063	3.4893649787281436	0.0000028711175558242263	0.00003919828274675727	6.841467529772567	-0.0009452048211205736
-2	40	0.6569624565972221	0.6515093305858808	9.207043844304557	-2.7662369083784335	4.563747978948388	0.44357697121538747	0.21481393930749837	6.257692491828874	-1.9048988118817554
0	-40	0.6569624565972221	0.1579842100879618	6.2922921392358795	-2.592360519032269	5.37670664808102	0.11356250241473648	0.14513592126894181	6.841467529772567	-0.40955202886253167
-2	20	0.6569624565972221	0.19725146269271787	9.232288468560414	-2.512230559638624	4.193749905560791	0.04560831228518908	0.04658015284190875	6.257692491828874	-0.524108959165681
-2	10	0.6569624565972221	0.1000370176978811	9.251784358766066	-2.431337282495181	4.041705632946728	0.012924931422084007	0.022504533583665942	6.257692491828874	-0.2571861361499133
-2	5	0.6569624565972221	0.0674632368755867	9.264983761903279	-2.3978743211386866	3.967600382444396	0.006446118338444606	0.015130908377018693	6.257692491828874	-0.17101126773110398
-2	2	0.6569624565972221	0.05180442938600387	9.274475546547023	-2.3795084009753387	3.9227419873768277	0.00409926238054667	0.011639640159777476	6.257692491828874	-0.13028609828302434
-2	0	0.6569624565972221	0.04278599332407596	9.281613132486934	-2.3678869139064984	3.8924078570543683	0.0029720607869407056	0.009627255336451257	6.257692491828874	-0.10706285782513686
-2	-10	0.6569624565972221	0.01217831705093025	9.331132104216127	-2.316064823233209	3.7295089229281375	0.0003984445029820427	0.002637302277285619	6.257692491828874	-0.02977369473401642
-2	-2	0.6569624565972221	0.03481445557629849	9.289507409731895	-2.3567215484718482	3.8615633140631425	0.0021127802484199043	0.007838783894681733	6.257692491828874	-0.08668982261482396
-2	-5	0.6569624565972221	0.024677446475628226	9.303013939542842	-2.3407619408791653	3.8139799565858588	0.0012086368579644624	0.005534869145301685	6.257692491828874	-0.06101355494310369
-2	-20	0.6569624565972221	0.0008771857657148661	9.418310541676247	-2.2730053597656346	3.5255899456034885	0.000008311556798694386	0.0001163700069163956	6.257692491828874	-0.0021005634385156628
-5	40	0.6569624565972221	0.6817784063091107	9.19577992513764	-2.749861635692028	4.5740699339007875	0.40827277471386925	0.23377274217305555	5.525361865020128	-2.1394574853241273
-2	-40	0.6569624565972221	0.17781817075330972	6.313016402285489	-2.587133563240589	5.37752100403378	0.11344161912080941	0.1764884462890155	6.257692491828874	-0.4931307439890076
-5	20	0.6569624565972221	0.222140861527403	9.216246831327446	-2.51449684848397	4.220019841800924	0.048281270726428516	0.056090793304581	5.525361865020128	-0.6381501379144601
-5	10	0.6569624565972221	0.11854861845485168	9.232509849594145	-2.437575802659021	4.07450970256177	0.015207486724006847	0.02928538466087116	5.525361865020128	-0.3299702411506445
-5	5	0.6569624565972221	0.08264554237779466	9.243709417020016	-2.4052026618231537	4.0036114942365	0.00808821157341194	0.02074226758261455	5.525361865020128	-0.22686101158435748
-5	2	0.6569624565972221	0.0650034381298119	9.251857596310005	-2.387273698162325	3.960725151165901	0.005378849722784462	0.01657644023532162	5.525361865020128	-0.17702967068529535
-5	0	0.6569624565972221	0.0546794491478737	9.25803785569419	-2.375864739082457	3.9317415047086155	0.004031966274142346	0.01411790651474909	5.525361865020128	-0.14815384211854327
-5	-2	0.6569624565972221	0.04542163061628672	9.264926289858629	-2.3648534872956257	3.902284583111702	0.0029739569996152793	0.011881215491711339	5.525361865020128	-0.12245494547287673
-5	-5	0.6569624565972221	0.03340357601709329	9.276845711169766	-2.3490242280717237	3.8568659882946954	0.0018142608690895345	0.008902324961084479	5.525361865020128	-0.0893957692095898
-5	-10	0.6569624565972221	0.01795548677232216	9.302223015108007	-2.324297073106056	3.7762476760910793	0.0006903025243614747	0.004858824059365469	5.525361865020128	-0.047484615127821206
-5	-20	0.6569624565972221	0.002082039667840121	9.386129671103337	-2.2803708418289905	3.5800172029137043	0.0000295786761420197	0.0004316218049464568	5.525361865020128	-0.005379391708511161
-5	-40	0.6569624565972221	0.21290945025666336	6.345129983689684	-2.582469052930078	5.380719946898901	0.11565352991538658	0.23583981914252394	5.525361865020128	-0.647585942150112
-10	40	0.6569624565972221	0.7432479492475527	9.176775007247352	-2.7297058529484097	4.598278340912429	0.37320805663317613	0.27220930421774847	4.541597635884732	-2.591496108445919
-10	20	0.6569624565972221	0.26931930286140393	9.188731627996283	-2.518625859707324	4.2653229074325285	0.05408508221934938	0.07603083670406863	4.541597635884732	-0.8674849679527682
-10	10	0.6569624565972221	0.1545770062233536	9.199018843463234	-2.447213958288011	4.129186881003081	0.01978515581659135	0.04452243504008724	4.541597635884732	-0.4833717363966796
-10	5	0.6569624565972221	0.1129272386967768	9.206425028937671	-2.4164668929785553	4.063155762788789	0.01153467823470089	0.03404568750432779	4.541597635884732	-0.34841609497752835
-10	2	0.6569624565972221	0.09184039394843581	9.211959519914402	-2.399227464199133	4.023362344271755	0.008176741423897627	0.02876874211552516	4.541597635884732	-0.2811626936076584
-10	0	0.6569624565972221	0.07923138445144516	9.216235889362752	-2.3881709150132493	3.9965447865385495	0.006427742146426552	0.02556698986692313	4.541597635884732	-0.24132944391440678
-10	-5	0.6569624565972221	0.052319588500342594	9.229663723688722	-2.361866851621356	3.927575677208091	0.0033387719212518985	0.018418666766354896	4.541597635884732	-0.15737738217017697
-10	-20	0.6569624565972221	0.006106475514968959	9.321757373343141	-2.29221392614093	3.673145474836482	0.00015734353882687624	0.0025153977165681823	4.541597635884732	-0.017679620963866542
-10	-2	0.6569624565972221	0.06770335208582827	9.221081657961882	-2.3774317728012986	3.9693572379707143	0.004997402607009649	0.02258026284813197	4.541597635884732	-0.20518075603642805
-10	-10	0.6569624565972221	0.03142794292391288	9.248796204179087	-2.3372196353974912	3.853777100358904	0.0015508916227936764	0.012184325418575254	4.541597635884732	-0.0933696963913256
-10	-40	0.6569624565972221	0.2878333853950036	6.400658227535498	-2.58077074155532	5.390808100961147	0.12497938459352942	0.3749009657651161	4.541597635884732	-1.0009886767996234
-15	40	0.6569624565972221	0.8193303268003347	9.157422143611836	-2.7160055040219255	4.630129359763425	0.36038729862992114	0.3208579033207526	3.8782468574861095	-3.13133755249926
-15	20	0.6569624565972221	0.32498765916610317	9.160069031392958	-2.523136515476535	4.312960329472543	0.062046537679846026	0.10264678251396786	3.8782468574861095	-1.1548238218166202
-15	10	0.6569624565972221	0.1982953734077053	9.163490134445585	-2.4561169368432063	4.184686033261184	0.025700378530802648	0.06653280316137422	3.8782468574861095	-0.6852103022862074
-15	5	0.6569624565972221	0.15061799530198056	9.16636419593878	-2.426754369648983	4.123060794846201	0.016187531793487697	0.0544520685880015	3.8782468574861095	-0.5137868068742976
-15	2	0.6569624565972221	0.12591518055739	9.168666947345983	-2.410130152632895	4.086201625044276	0.012114145590979508	0.0483451818935976	3.8782468574861095	-0.4262976498156105
-15	0	0.6569624565972221	0.11089749416763323	9.170520928620698	-2.399400424524645	4.0615076601667335	0.009917520178912953	0.04462990737550604	3.8782468574861095	-0.37359573370371957
-15	-2	0.6569624565972221	0.09696297994834259	9.172692212361474	-2.3889238849618297	4.036610767504785	0.008065416414933135	0.04113356483941527	3.8782468574861095	-0.3250465757220225
-15	-5	0.6569624565972221	0.07797537384105145	9.176700765614624	-2.3736350818626257	3.9986572477250313	0.005829348485299146	0.036207615234167934	3.8782468574861095	-0.25947741003077385
-15	-10	0.6569624565972221	0.05110330764823288	9.186317673149414	-2.349135598031799	3.932672414775389	0.0032237885854415893	0.028497957331505175	3.8782468574861095	-0.16797357056877096
-15	-20	0.6569624565972221	0.014200759875486519	9.232323219768393	-2.3032118687536576	3.775878015367117	0.0006920277508640771	0.012669068406230055	3.8782468574861095	-0.04547084689328406
-15	-40	0.6569624565972221	0.3875923013289326	6.457460664543261	-2.58431315680384	5.406793814748883	0.14290332242600967	0.5810012757817482	3.8782468574861095	-1.5099185353932416
-30	40	0.6569624565972221	1.1608974837024577	9.09675767811564	-2.698674327310315	4.769804245110321	0.4456197462813325	0.5601621209196699	2.3661424516257177	-5.48178420836217
-30	20	0.6569624565972221	0.5670432558673798	9.06498661496302	-2.5387530123939417	4.476901097729106	0.11081541954576712	0.25355919421226003	2.3661424516257177	-2.5160135404529393
-30	10	0.6569624565972221	0.39815460278978687	9.039793789786817	-2.480181304024894	4.365979793202611	0.059943479513048015	0.21397677848726693	2.3661424516257177	-1.7243637525901119
-30	5	0.6569624565972221	0.3307948618979395	9.021705748683596	-2.4536271449269296	4.31634002536308	0.0450423757131686	0.2101463989805331	2.3661424516257177	-1.416818690921859
-30	2	0.6569624565972221	0.29473804924129254	9.007686146420756	-2.4382787078306682	4.288570327576407	0.03840887876308752	0.21400324983402086	2.3661424516257177	-1.2543746222431742
-30	0	0.6569624565972221	0.2723672597786499	8.996362313807714	-2.428227705480985	4.271098751375762	0.0348254291180049	0.22010473650509083	2.3661424516257177	-1.1544167158136283
-30	-2	0.6569624565972221	0.25128654192999866	8.982834339573659	-2.4182856352579125	4.254693240482098	0.03188508794686029	0.23002112588526197	2.3661424516257177	-1.0608421747609373
-30	-5	0.6569624565972221	0.22209071784871895	8.9564181402751	-2.403499500620351	4.232897866772516	0.028751980475957506	0.2562036381043108	2.3661424516257177	-0.9323236322138402
-30	-10	0.6569624565972221	0.18087100385127805	8.876935120145315	-2.3786975141469373	4.212169898451877	0.02892651485572484	0.38645269747339916	2.3661424516257177	-0.7535262232927429
-30	-20	0.6569624565972221	0.178471884576652	7.908421034704231	-2.343426097218206	4.55034961911641	0.06725175923515248	1.513378054514524	2.3661424516257177	-0.7682574526691643
-60	40	0.6569624565972221	2.7138480308964548	8.92103959807442	-2.755216352060056	5.186474892371301	0.7753936053027815	1.6837595431718402	1.3152333231795232	-15.928190649517479
-30	-40	0.6569624565972221	0.8896386747236311	6.631356763454613	-2.617549039342308	5.4830144788753685	0.25291561452054534	1.679081268851057	2.3661424516257177	-4.455640719702972
-60	20	0.6569624565972221	2.0103172318762317	8.79900166718839	-2.5862371191658604	5.0320064979794825	0.8030956676071277	1.7934087074744671	1.3152333231795232	-11.360230343789693
-60	10	0.6569624565972221	1.786230746101902	8.636886205948787	-2.5268127382986454	4.960075207959904	0.8045344581541887	2.867823449089441	1.3152333231795232	-9.929580809782903
-60	5	0.6569624565972221	1.7359067562314923	8.48515220814291	-2.5018396477737976	4.944833601650203	0.7555056488579428	3.620132828306919	1.3152333231795232	-9.605243103867437
-60	2	0.6569624565972221	1.7321780051907376	8.371222659042518	-2.4894028025533688	4.951199249232902	0.7578045832621516	3.9735951756773837	1.3152333231795232	-9.58338867031643
-60	0	0.6569624565972221	1.7406200791719018	8.287721270629351	-2.4827016153559733	4.962802142486192	0.7823927060815237	4.189818017242753	1.3152333231795232	-9.641753336373734
-60	-2	0.6569624565972221	1.757804360631155	8.199466538102145	-2.477537307184236	4.980507517760071	0.8266411735725168	4.395445047943473	1.3152333231795232	-9.759355628347874
-60	-5	0.6569624565972221	1.800179481645435	8.060774278965214	-2.473072255887673	5.018567201691946	0.9323958341309311	4.69146130984713	1.3152333231795232	-10.049939067241715
-60	-10	0.6569624565972221	1.9023979010018892	7.834592980537686	-2.4767043780757603	5.101652082574554	0.9945987235463924	4.666409684055092	1.3152333231795232	-10.760937495228863
-60	-20	0.6569624565972221	2.141827330020337	7.472773288302942	-2.5281703056322247	5.272772903202667	0.9557357187779978	4.47111187869724	1.3152333231795232	-12.487796670543664
-60	-40	0.6569624565972221	2.755771572606271	7.055483717779596	-2.7545595776986693	5.568211218189829	0.8080883583730927	4.0081172947011865	1.3152333231795232	-17.084384252066528
60	40	0.32848122829861104	2.2460397751322905	9.034204124926193	-4.231428688456834	5.621809617936934	2.748507616438964	1.262890784387296	3.2059582381643934	6.183157935507079
60	20	0.32848122829861104	1.31289558230074	8.95345374937184	-4.696246129304477	5.819406280071013	0.8453959842465402	0.7850450667678093	3.2059582381643934	3.5338299355209295
60	10	0.32848122829861104	1.0363327433977554	8.886188222229196	-4.856285703347325	5.891031332008747	0.5161726148481804	0.8195529548009176	3.2059582381643934	2.7707806100808776
60	5	0.32848122829861104	0.9248185747322956	8.834367868101223	-4.925099190986036	5.9264763805929155	0.4015681940816087	0.9197940452884467	3.2059582381643934	2.46920039947653
60	2	0.32848122829861104	0.8662788413246008	8.792704083369118	-4.9617964191487145	5.948048208615859	0.34280953698879024	1.0265345702346549	3.2059582381643934	2.3131920275627507
60	0	0.32848122829861104	0.831091119552348	8.75837165143626	-4.983681455250505	5.962676069665008	0.307418177998251	1.1286891100141172	3.2059582381643934	2.220665683885045
60	-2	0.32848122829861104	0.7994113382682688	8.716844633266698	-5.002818683336613	5.97757965366135	0.274585799108948	1.267043187823637	3.2059582381643934	2.1386863309124666
60	-5	0.32848122829861104	0.7599571389843058	8.635282466971208	-5.0241506453017255	6.000600349392643	0.2296366739676987	1.582115179853572	3.2059582381643934	2.040178669034601
60	-10	0.32848122829861104	0.722219123717756	8.42538356791409	-5.026611146698792	6.039539339026182	0.16780854269603296	2.2068032291368014	3.2059582381643934	1.96233357987872
60	-20	0.32848122829861104	0.7599887628369959	7.798795474586588	-4.845121121358489	6.085603624596799	0.21888516513174494	3.1837803764981225	3.2059582381643934	2.164240349074055
60	-40	0.32848122829861104	1.5099531915554065	6.896049049304412	-3.9882300857778086	5.967274479829507	1.2831511315492001	3.801898064154436	3.2059582381643934	4.79213277869203
30	40	0.32848122829861104	0.38817264498186693	9.36230390903557	-3.6811872828305447	4.89831370406207	2.8686799996907903	0.05089342382249029	10.324851400143919	-0.2867993600394118
30	20	0.32848122829861104	0.0019718636401104012	9.450966791104124	-2.3089295738055355	3.579937001911603	0.0001683675887872091	0.00007194007430039867	10.324851400143919	-0.00041334829819198175
30	10	0.32848122829861104	0	8.09344276058766	-3.3682650657745197	3.3566689453125003	0	0	10.324851400143919	-0
30	5	0.32848122829861104	0	8.09344276058766	-3.3682650657745197	3.3566689453125003	0	0	10.324851400143919	-0
30	2	0.32848122829861104	0	8.09344276058766	-3.3682650657745197	3.3566689453125003	0	0	10.324851400143919	-0
30	0	0.32848122829861104	0	8.09344276058766	-3.3682650657745197	3.3566689453125003	0	0	10.324851400143919	-0
30	-2	0.32848122829861104	0	8.09344276058766	-3.3682650657745197	3.3566689453125003	0	0	10.324851400143919	-0
30	-5	0.32848122829861104	0	8.09344276058766	-3.3682650657745197	3.3566689453125003	0	0	10.324851400143919	-0
30	-10	0.32848122829861104	0	8.09344276058766	-3.3682650657745197	3.3566689453125003	0	0	10.324851400143919	-0
30	-20	0.32848122829861104	0	8.09344276058766	-3.3682650657745197	3.3566689453125003	0	0	10.324851400143919	-0
30	-40	0.32848122829861104	0.015577464485608327	6.0662578128210995	-4.088137505819378	6.01952556495393	0.07654209281711655	0.002208611622328771	10.324851400143919	-0.008266464287164068
15	40	0.32848122829861104	0.2364375742262203	9.324703504515885	-2.7500704040446227	4.331734418733017	0.3504720910332178	0.047078416783963295	9.104675089085017	-0.3629857406042489
15	20	0.32848122829861104	0.017047285489440955	9.390823075321093	-2.365581557437092	3.778240804166529	0.001966574941407978	0.0014168436776683946	9.104675089085017	-0.02228243259538258
15	10	0.32848122829861104	0.0021290372047631538	9.436663518530787	-2.29651498452362	3.575366242951128	0.00006118999154701779	0.0000944973946227709	9.104675089085017	-0.002752611459081739
15	5	0.32848122829861104	0.00033755314195416455	9.463371903192362	-2.27277831338817	3.4777570908358717	0.00000379585747514212	0.000008522163841010594	9.104675089085017	-0.00043720743739586123
15	2	0.32848122829861104	0.000043892201957467194	9.480753386792227	-2.2608930738340796	3.418957088974511	0.00000020628268856785759	0.0000005796956881244132	9.104675089085017	-0.0000570143815099792
15	0	0.32848122829861104	0.000002062527653427139	9.492902092311535	-2.25377830223509	3.3793141994733653	0.0000000030310796417286692	0.000000009976142617996054	9.104675089085017	-0.0000026861365909555035
15	-2	0.32848122829861104	0	8.09344276058766	-3.3682650657745197	3.3566689453125003	0	0	9.104675089085017	-0
15	-5	0.32848122829861104	0	8.09344276058766	-3.3682650657745197	3.3566689453125003	0	0	9.104675089085017	-0
15	-10	0.32848122829861104	0	8.09344276058766	-3.3682650657745197	3.3566689453125003	0	0	9.104675089085017	-0
15	-20	0.32848122829861104	0	8.09344276058766	-3.3682650657745197	3.3566689453125003	0	0	9.104675089085017	-0
15	-40	0.32848122829861104	0.000042879442953880465	6.014069108155766	-2.287830980808567	5.194445542459706	0.000009035311610422047	0.0000017596064764563435	9.104675089085017	-0.00003711016807364721
10	40	0.32848122829861104	0.2506481795491069	9.307182077552023	-2.6890627662929947	4.31863142339901	0.23591627689476038	0.0539821996305081	8.028705009901106	-0.4758022770339216
10	20	0.32848122829861104	0.026694054631273167	9.369624799636725	-2.380555784052186	3.8351185636488214	0.0030786426968297392	0.0026777174947141824	8.028705009901106	-0.044804060549413056
10	10	0.32848122829861104	0.005253462624841539	9.412602272430956	-2.312789306531849	3.6453732849024125	0.00019544819841436217	0.0003317414826577575	8.028705009901106	-0.008640056937412797
10	5	0.32848122829861104	0.0015428555218267165	9.438030454814017	-2.2881331491966477	3.552900044680351	0.00002885136421132417	0.00006864794137666219	8.028705009901106	-0.00252475445992815
10	2	0.32848122829861104	0.000538587332087944	9.454721646167611	-2.27544525053842	3.4968879810421547	0.000006002045503767164	0.000017549201476445286	8.028705009901106	-0.0008798620634243741
10	0	0.32848122829861104	0.0002032961504937881	9.466472496619646	-2.267746714965025	3.459062355392598	0.0000014626665177262452	0.000004914798836857734	8.028705009901106	-0.0003319083440443913
10	-2	0.32848122829861104	0.000047989263548430554	9.478814913563602	-2.2605920462284197	3.4206618809500915	0.0000001910752669524729	0.0000007392535719087309	8.028705009901106	-0.00007833080518427501
10	-5	0.32848122829861104	0.000000022954021803064613	9.49828916963155	-2.250792991928942	3.3617193190623675	0.000000000006173947187233754	0.000000000029003040437634896	8.028705009901106	-0.000000037480289842783375
10	-10	0.32848122829861104	0	8.09344276058766	-3.3682650657745197	3.3566689453125003	0	0	8.028705009901106	-0
10	-20	0.32848122829861104	0	8.09344276058766	-3.3682650657745197	3.3566689453125003	0	0	8.028705009901106	-0
5	40	0.32848122829861104	0.2746696000607785	9.289735990716869	-2.655919839367233	4.3261798949677965	0.18461304227377495	0.06381717517993302	8.134633626763081	-0.6231599073710951
10	-40	0.32848122829861104	0.0010548905813445658	6.046370255267107	-2.3382324673856716	5.223526133399826	0.00037388555771468435	0.00014730061540096928	8.028705009901106	-0.0014722619093671045
5	20	0.32848122829861104	0.03931689251886053	9.347604747514932	-2.394191116950938	3.8898763385042847	0.004488627850607441	0.0046757719673046205	8.134633626763081	-0.08044454164306064
5	10	0.32848122829861104	0.010441141775514641	9.38762565709744	-2.328301307022821	3.7118272317818906	0.00046528754428756813	0.000875941987945883	8.134633626763081	-0.02083983360941481
5	5	0.32848122829861104	0.004181821295163553	9.411683966782732	-2.3031754089768657	3.6241850380277203	0.00010829509175250968	0.0002769802744643779	8.134633626763081	-0.00827391154609316
5	2	0.32848122829861104	0.0020554622448058185	9.427673442150573	-2.289952209873107	3.570854553927328	0.00003644963919884059	0.00011254471657171777	8.134633626763081	-0.004049297146737371
5	0	0.32848122829861104	0.0011449847555977004	9.439042089212464	-2.281809816181226	3.5347168922096777	0.000015195582426474202	0.00005330038510639387	8.134633626763081	-0.0022499591235811216
5	-2	0.32848122829861104	0.0005539079893847603	9.451005674345662	-2.2741552328210526	3.497949837259715	0.000005235034241582795	0.000020912176861398457	8.134633626763081	-0.001086011373825289
5	-5	0.32848122829861104	0.00011333623220082222	9.470098714030986	-2.263549633603065	3.4413698070402337	0.0000005455996569102978	0.00000266186108084307	8.134633626763081	-0.0002215724475450849
5	-10	0.32848122829861104	0	8.09344276058766	-3.3682650657745197	3.3566689453125003	0	0	8.134633626763081	-0
5	-20	0.32848122829861104	0	8.09344276058766	-3.3682650657745197	3.3566689453125003	0	0	8.134633626763081	-0
5	-40	0.32848122829861104	0.004902764570205468	6.085435853901849	-2.3732317114300394	5.245738730590014	0.0017446155970161081	0.0012794220304667148	8.134633626763081	-0.009349594553510211
2	40	0.32848122829861104	0.2930955905546385	9.279171380317498	-2.6432856308308654	4.336735616336261	0.16753139120678728	0.07126500104801137	7.478999948029685	-0.7299034296323362
2	20	0.32848122829861104	0.048547751390758204	9.333935627258766	-2.401872601401096	3.922174076018466	0.0055064718805112045	0.006357358037792082	7.478999948029685	-0.10988917248564989
2	10	0.32848122829861104	0.014769265657600684	9.372084439316755	-2.3372287174334865	3.7504546259460483	0.000717555269740891	0.0014406659955775725	7.478999948029685	-0.032564989595425975
2	5	0.32848122829861104	0.006688947915003624	9.395253255802109	-2.3119813974967727	3.665539483336957	0.00020128463103075145	0.0005401944206284565	7.478999948029685	-0.014599615563278882
2	2	0.32848122829861104	0.0036964542177735523	9.41077155263301	-2.2985374264832803	3.6137494744382797	0.00008033385176434149	0.00025780091537868505	7.478999948029685	-0.008025073011138568
2	0	0.32848122829861104	0.0023070084984131464	9.42186650762853	-2.2901960795991103	3.5785987359470615	0.00003933162960441036	0.00014255617338121418	7.478999948029685	-0.004992157973668867
2	-2	0.32848122829861104	0.0013178854251382434	9.433604494437807	-2.282313956784774	3.5427894830198086	0.000017096187722935585	0.0000700913660651413	7.478999948029685	-0.002843050588618689
2	-5	0.32848122829861104	0.0004351749992662707	9.45247555934221	-2.2712827983691257	3.4875261917846436	0.0000034229853409298294	0.00001693629584504329	7.478999948029685	-0.0009348369651841998
2	-10	0.32848122829861104	0.000006572582534965082	9.487610806206902	-2.25484608954036	3.3900262476327665	0.000000010245418298688094	0.00000006943905667589241	7.478999948029685	-0.000014033530365895276
2	-20	0.32848122829861104	0	8.09344276058766	-3.3682650657745197	3.3566689453125003	0	0	7.478999948029685	-0
2	-40	0.32848122829861104	0.00953883063104928	6.112004755959114	-2.390492265567187	5.257742540821015	0.0032304701131990465	0.0032833136629444315	7.478999948029685	-0.02103830564601298
0	40	0.32848122829861104	0.30701780852802796	9.272057822802507	-2.6368931703489826	4.345665889742113	0.1596318661366286	0.07695746873594178	6.841467529772567	-0.8095731624830685
0	20	0.32848122829861104	0.055481512646836796	9.32461032691742	-2.4068244697175722	3.9436028110610253	0.006270513356321117	0.007733254132627432	6.841467529772567	-0.13353426225535175
0	10	0.32848122829861104	0.01824222649173761	9.361451938144974	-2.3430263234534854	3.7758284199182555	0.0009332194604649846	0.0019562695991162393	6.841467529772567	-0.042742016868541746
0	5	0.32848122829861104	0.008826514687076832	9.383991904267912	-2.3177497521102435	3.692657282397719	0.0002900769268281006	0.000804613280093	6.841467529772567	-0.02045765222796975
0	2	0.32848122829861104	0.005176373308983289	9.39916752024714	-2.304193016903438	3.641864233916373	0.00012642947899591667	0.000417116221773442	6.841467529772567	-0.011927363231444638
0	0	0.32848122829861104	0.003411561740747645	9.41006046480148	-2.2957430494030975	3.60735699356445	0.00006697532920755395	0.0002485545364796435	6.841467529772567	-0.007832069153930938
0	-2	0.32848122829861104	0.002099449538527192	9.42162300685121	-2.287727701095839	3.572172344038888	0.00003236091089556595	0.00013540392812162044	6.841467529772567	-0.004802968866341533
0	-5	0.32848122829861104	0.000833904093802206	9.440310469476415	-2.2764620676600784	3.5178038822464854	0.000008380552002997671	0.000042013769093088293	6.841467529772567	-0.0018983510376071738
0	-10	0.32848122829861104	0.00004977650263188624	9.475333057340489	-2.259551517876584	3.421677752954821	0.00000015937727530779267	0.0000010892174198569825	6.841467529772567	-0.00011247257207646632
0	-20	0.32848122829861104	0	8.09344276058766	-3.3682650657745197	3.3566689453125003	0	0	6.841467529772567	-0
-2	40	0.32848122829861104	0.32228048819673644	9.264874788838215	-2.631779228200835	4.355903455213467	0.15386909357128542	0.08329423343956677	6.257692491828874	-0.8966471169899309
0	-40	0.32848122829861104	0.0139802230003703	6.130922365790278	-2.401084263856787	5.265559052526211	0.004550338346472255	0.005644365854013289	6.841467529772567	-0.033567693451397845
-2	20	0.32848122829861104	0.0630979975550142	9.315102002476559	-2.41166032762677	3.965015503691108	0.007113573924136474	0.009350464782822754	6.257692491828874	-0.16080955351094559
-2	10	0.32848122829861104	0.022236555311255516	9.350578612766805	-2.3487058178346034	3.8009759592774217	0.0011935526859544049	0.002612151599372642	6.257692491828874	-0.05514503829881744
-2	5	0.32848122829861104	0.01138707851336573	9.372452210955654	-2.323433080568014	3.7194906210253014	0.0004057022159936058	0.001164307794131958	6.257692491828874	-0.02791913583011923
-2	2	0.32848122829861104	0.007014345187417567	9.387259418885169	-2.3097863702602015	3.6696695762850227	0.00019042944237002146	0.0006465089660630807	6.257692491828874	-0.01709009384118438
-2	0	0.32848122829861104	0.004828826502743397	9.397931144862941	-2.3012455529351876	3.6357949470611874	0.00010756031437179903	0.000409480568681439	6.257692491828874	-0.01171826349942409
-2	-2	0.32848122829861104	0.003146883511234406	9.409299878522415	-2.2931146086419325	3.601226463707355	0.000056467747723644435	0.00024126979641023172	6.257692491828874	-0.007607272097388432
-2	-5	0.32848122829861104	0.0014264994850957213	9.42776526429015	-2.2816408441780784	3.5477501532869953	0.000017603393013272683	0.00008973585685576047	6.257692491828874	-0.0034293983761982732
-2	-10	0.32848122829861104	0.0001660742454917302	9.462634543896982	-2.2642899587866188	3.4529668676462233	0.000000826481426768888	0.000005688234850186394	6.257692491828874	-0.00039582424977382464
-2	-20	0.32848122829861104	0	8.09344276058766	-3.3682650657745197	3.3566689453125003	0	0	6.257692491828874	-0
-2	-40	0.32848122829861104	0.019752786957015246	6.150734829284779	-2.4111601113269545	5.273369357606105	0.006164962217614034	0.009208797504128174	6.257692491828874	-0.05123338098815157
-5	40	0.32848122829861104	0.3478001111492107	9.253949346822472	-2.626045080971108	4.373451685501692	0.1484489966545992	0.09414910747563132	5.525361865020128	-1.0424347070044224
-5	20	0.32848122829861104	0.07592953489903252	9.300470870453626	-2.4187290111515725	3.9972229844669767	0.00855096935945232	0.012313991662890933	5.525361865020128	-0.2094065164712631
-5	10	0.32848122829861104	0.029314040409228574	9.333771232012632	-2.357015354144257	3.8384114913323044	0.0016827512379104237	0.003925862179459699	5.525361865020128	-0.07863742864846807
-5	5	0.32848122829861104	0.016124986719639866	9.354558138057914	-2.3317966506820054	3.7593492298894495	0.0006417256962243933	0.0019396733342429417	5.525361865020128	-0.04274044369835856
-5	2	0.32848122829861104	0.010544142207996389	9.368755380324561	-2.3180529465453	3.7109429413579744	0.0003302665521265069	0.0011727665623160743	5.525361865020128	-0.027759162973234865
-5	0	0.32848122829861104	0.007640580989916991	9.379052040623932	-2.3094010504446065	3.6779950698761277	0.00020152437903221687	0.0007983528802100737	5.525361865020128	-0.020027272938290163
-5	-2	0.32848122829861104	0.005314164813577114	9.39008307146088	-2.3011270353981197	3.644338831727367	0.00011643585882645247	0.0005153509977761095	5.525361865020128	-0.0138699468342661
-5	-5	0.32848122829861104	0.0027722378788836545	9.408142883248948	-2.289376105152524	3.592184523662281	0.000044406944095159995	0.00023265868504544762	5.525361865020128	-0.007190474943927686
-5	-10	0.32848122829861104	0.0005607931392438071	9.442762754216028	-2.2714175087097708	3.4993844323774517	0.000004487928727925361	0.00003123590253023209	5.525361865020128	-0.0014399852916777162
-5	-20	0.32848122829861104	0	8.09344276058766	-3.3682650657745197	3.3566689453125003	0	0	5.525361865020128	-0
-10	40	0.32848122829861104	0.39798397659400575	9.2352724331995	-2.6204381579356224	4.40794560424996	0.14638948271114172	0.11651836794228254	4.541597635884732	-1.331678079921062
-5	-40	0.32848122829861104	0.031441028779426144	6.181980837917494	-2.425577066174446	5.285296116096257	0.00920778687904411	0.017753474892351795	5.525361865020128	-0.09045555436969428
-10	20	0.32848122829861104	0.10164036660116305	9.274995874884059	-2.4301246297135215	4.051574663626599	0.011532022029830724	0.019095246998784954	4.541597635884732	-0.3147552253668359
-10	10	0.32848122829861104	0.04449228138334514	9.304235525962564	-2.370359452910513	3.9005623928238147	0.002836283473171247	0.0073382748538565745	4.541597635884732	-0.13399624339640911
-10	5	0.32848122829861104	0.026872785574048662	9.322915833372962	-2.3453170107393584	3.8252781451937903	0.001262493559090444	0.004164185373477847	4.541597635884732	-0.07991802383269639
-10	2	0.32848122829861104	0.01893254712820934	9.335884276893793	-2.3314873082880276	3.7791312127110843	0.0007318158023979227	0.002808374487123233	4.541597635884732	-0.055894672964734035
-10	0	0.32848122829861104	0.014589914537630321	9.345402211240913	-2.322707000102276	3.7476851689063757	0.0004914244371768406	0.002090637423476288	4.541597635884732	-0.04286806591017684
-10	-2	0.32848122829861104	0.010938061322190216	9.35570898961527	-2.3142520431576017	3.7155216708394145	0.0003185279806149355	0.0015044734000820292	4.541597635884732	-0.03198602967377163
-10	-5	0.32848122829861104	0.006635767516399517	9.37283468505965	-2.3021387357052236	3.6655714054446125	0.000152229394560284	0.0008419693359087294	4.541597635884732	-0.01926817110307423
-10	-10	0.32848122829861104	0.00216349169608942	9.406578293606428	-2.2833499466863687	3.5762028428727675	0.00003046538028054699	0.0002189708379650504	4.541597635884732	-0.006208489554866925
-10	-20	0.32848122829861104	0.00000002159164542237791	9.4977494556508	-2.250618275541145	3.3617559342605206	0.000000000005406937511652846	0.00000000006132999695525635	4.541597635884732	-0.00000006046069056374739
-10	-40	0.32848122829861104	0.0613544438335754	6.237497368907848	-2.4484478122724584	5.306498296607639	0.016304866976050825	0.04531805348966467	4.541597635884732	-0.20447682296819214
-15	40	0.32848122829861104	0.45922440882916993	9.215921523005536	-2.6184737476086455	4.448562170689142	0.15207959413864858	0.14566626439896257	3.8782468574861095	-1.6902323949292772
-15	20	0.32848122829861104	0.13391801479608154	9.247970176186888	-2.441189600587657	4.107473639838802	0.015533605644795334	0.029080227901246314	3.8782468574861095	-0.4581469856801721
-15	10	0.32848122829861104	0.06488364984099215	9.272437248251322	-2.383167219317468	3.963252882941058	0.004584343427457227	0.01307564069664724	3.8782468574861095	-0.21591514429818767
-15	5	0.32848122829861104	0.0421075698397453	9.288503950990023	-2.358353547555647	3.8914740821494695	0.0023069769733879975	0.008295408346631228	3.8782468574861095	-0.13833103913701364
-15	2	0.32848122829861104	0.03134057454902815	9.299873337950624	-2.3444976869431455	3.84750003730705	0.0014651134010708056	0.006089467605073284	3.8782468574861095	-0.10218334678752097
-15	0	0.32848122829861104	0.025232038522232082	9.308335600325801	-2.335638132327003	3.8175332303542224	0.0010571163944275153	0.004848256064690165	3.8782468574861095	-0.08185534443688297
-15	-2	0.32848122829861104	0.019915124673967215	9.317615356342088	-2.3270567112215534	3.786870045748896	0.0007443627086063387	0.003772090304721948	3.8782468574861095	-0.06428359809532348
-15	-5	0.32848122829861104	0.013319373224685313	9.333310338373508	-2.314669505044205	3.7391927788575656	0.0004152937722233657	0.002443791262353584	3.8782468574861095	-0.042669589217504814
-15	-10	0.32848122829861104	0.005645403693474577	9.365299406788354	-2.295211076261004	3.6535188160919962	0.00012402552663454136	0.0009316144366530443	3.8782468574861095	-0.017854175775261747
-15	-20	0.32848122829861104	0.0001094391582640198	9.45884313601806	-2.26040896118185	3.443550351323681	0.0000006034756542443523	0.000006679801898456378	3.8782468574861095	-0.00033648643022962053
-15	-40	0.32848122829861104	0.10887577661602298	6.296222460882275	-2.470590431665733	5.330533255501635	0.02703421683424656	0.10028715742610839	3.8782468574861095	-0.410031687247681
-30	40	0.32848122829861104	0.738126565282287	9.153032900750963	-2.6268827253183744	4.609711167492582	0.23072597544132378	0.3008786176261764	2.3661424516257177	-3.3804740784249754
-30	20	0.32848122829861104	0.291175727943806	9.15497900487657	-2.4737915588599435	4.293602615738777	0.04079710699287298	0.09769682920772738	2.3661424516257177	-1.2489015102895773
-30	10	0.32848122829861104	0.17564716036097014	9.158059378837772	-2.419492008790114	4.165095199442505	0.017696205877293147	0.06395832544500102	2.3661424516257177	-0.7338343643739702
-30	5	0.32848122829861104	0.13206338091931416	9.160683763984188	-2.3952615640246604	4.103111143468972	0.011538525693976953	0.052586613407058225	2.3661424516257177	-0.5448820115600774
-30	2	0.32848122829861104	0.10948794187676608	9.162812535088545	-2.3814004366687445	4.06594706535167	0.008882008234791128	0.046811542109412074	2.3661424516257177	-0.4483889034565414
-30	-2	0.32848122829861104	0.0830733802761125	9.16659403079475	-2.36355513194703	4.015821343259153	0.006224345852016866	0.039945922956891367	2.3661424516257177	-0.33684672814638045
-30	0	0.32848122829861104	0.09577727987778449	9.164544713605274	-2.3723950295190903	4.041006113989981	0.007442411191890319	0.0432791877541322	2.3661424516257177	-0.39029791506886363
-30	-5	0.32848122829861104	0.06580948590451123	9.170440526916371	-2.350568291112279	3.9773400027084094	0.0047454827230035135	0.03522389558930128	2.3661424516257177	-0.264838552377862
-30	-10	0.32848122829861104	0.041557633783161185	9.180010704276668	-2.3295321109594704	3.910075348364595	0.002993863735953173	0.027745302785105536	2.3661424516257177	-0.16508652251033454
-30	-20	0.32848122829861104	0.009503639531997342	9.20058259840382	-2.2890578446567087	3.759080820222877	0.005102307382651217	0.10295327873629084	2.3661424516257177	-0.036702320807075556
-30	-40	0.32848122829861104	0.4312476996733922	6.478503785412017	-2.537250848677193	5.435058469166718	0.12719879431193748	0.6257977735978599	2.3661424516257177	-2.1195190182735986
-60	40	0.32848122829861104	2.270083767078598	8.971359219129427	-2.7110264982637244	5.129413124595545	0.7562774620090753	1.3253050861685387	1.3152333231795232	-13.161299437563832
-60	20	0.32848122829861104	1.4862563594078277	8.879620041297997	-2.547425549062998	4.914700058977172	0.6845738172051625	1.2252085229212681	1.3152333231795232	-8.218949925384106
-60	10	0.32848122829861104	1.216689307225546	8.751796343256418	-2.4923996551202987	4.804739099154654	0.48810803309045525	1.664515603304011	1.3152333231795232	-6.578913990231803
-60	2	0.32848122829861104	1.1122783321087941	8.515358232588403	-2.4523251073633294	4.776297420398828	0.4163649655555819	2.788225372379717	1.3152333231795232	-5.9646564627493674
-60	5	0.32848122829861104	1.135705291445863	8.627868582345116	-2.46687781810759	4.775996212699029	0.42005292969269803	2.3349067829778054	1.3152333231795232	-6.0982524207843465
-60	0	0.32848122829861104	1.1074678830232976	8.424874466942688	-2.4437267635205586	4.7858604810129055	0.43192673343035537	3.051739366029733	1.3152333231795232	-5.943270844999094
-60	-2	0.32848122829861104	1.1112672029452821	8.32391994178812	-2.436522689342216	4.803581472651163	0.4630896565518725	3.291967054510548	1.3152333231795232	-5.976711649842927
-60	-5	0.32848122829861104	1.1332728118214133	8.157499724132455	-2.4291708192876533	4.8459126911984125	0.541242720938035	3.619794833129153	1.3152333231795232	-6.132443927199955
-60	-10	0.32848122829861104	1.2150526586231614	7.8603795102500555	-2.4284229408037614	4.956504830418569	0.7603326516753821	4.098041914896401	1.3152333231795232	-6.690894713232729
-60	-20	0.32848122829861104	1.4956533723181324	7.366371485266006	-2.4790642495517847	5.224949240792794	0.917239089039926	4.031982532413051	1.3152333231795232	-8.621650342391321
-60	-40	0.32848122829861104	2.286416396966842	6.946294517087936	-2.7228442869971228	5.58288662254011	0.652438498682951	3.1253285232674255	1.3152333231795232	-14.167422031419864
60	40	0	1.8010007067034024	9.067180127578405	-4.364998699796864	5.667305088771949	2.4600154195394897	0.988034330506399	3.2059582381643934	4.908682947324701
60	20	0	0.9552571805886452	9.010618228016138	-4.8322191898894635	5.859543253986269	0.5741171789376747	0.5150298614959774	3.2059582381643934	2.539459240122904
60	10	0	0.7008181369024269	8.963178808569264	-5.001081554190167	5.932850984799437	0.32639725860534696	0.49256845733027566	3.2059582381643934	1.8483790272748037
60	5	0	0.5963991585772481	8.92606237215254	-5.076614089722877	5.969400821388308	0.24177242591881232	0.5234537637042939	3.2059582381643934	1.569332368462771
60	2	0	0.5401392230337698	8.895784437883293	-5.11866625764906	5.991813339520848	0.1995850116743405	0.5632758975441078	3.2059582381643934	1.420420015395242
60	0	0	0.5053225238697733	8.870533483877818	-5.144891370328051	6.007085243459277	0.17433622054584674	0.6032880187373009	3.2059582381643934	1.3289187699338942
60	-2	0	0.4727977987200726	8.839624272455135	-5.169159414118086	6.022696776406538	0.15112910344526753	0.6588829664945796	3.2059582381643934	1.2440391375725985
60	-5	0	0.4288954747692241	8.777724066949201	-5.200143259165366	6.046893281060612	0.11986656209619362	0.788189751557361	3.2059582381643934	1.1308650809291858
60	-10	0	0.37409555094641206	8.59449055320728	-5.222170418380097	6.0897818209722585	0.07840751679672309	1.2807804150651034	3.2059582381643934	0.9961493212012427
60	-20	0	0.38173124118000695	7.743218121384798	-4.98140602090833	6.147979643861275	0.12579997456391467	2.3224722072202137	3.2059582381643934	1.0816749975117281
60	-40	0	1.0939386805893958	6.79959082665118	-4.0547601795608434	5.9999499686455495	0.8526943110203682	2.481077209485391	3.2059582381643934	3.4663952263305626
30	40	0	0.07226474267522004	9.425124578050465	-3.133258844997802	4.392771698747661	0.950104934857276	0.006447185765691366	10.324851400143919	-0.03736780265968354
30	20	0	0	8.09344276058766	-3.3682650657745197	3.3566689453125003	0	0	10.324851400143919	-0
30	10	0	0	8.09344276058766	-3.3682650657745197	3.3566689453125003	0	0	10.324851400143919	-0
30	5	0	0	8.09344276058766	-3.3682650657745197	3.3566689453125003	0	0	10.324851400143919	-0
30	2	0	0	8.09344276058766	-3.3682650657745197	3.3566689453125003	0	0	10.324851400143919	-0
30	0	0	0	8.09344276058766	-3.3682650657745197	3.3566689453125003	0	0	10.324851400143919	-0
30	-2	0	0	8.09344276058766	-3.3682650657745197	3.3566689453125003	0	0	10.324851400143919	-0
30	-5	0	0	8.09344276058766	-3.3682650657745197	3.3566689453125003	0	0	10.324851400143919	-0
30	-10	0	0	8.09344276058766	-3.3682650657745197	3.3566689453125003	0	0	10.324851400143919	-0
30	-20	0	0	8.09344276058766	-3.3682650657745197	3.3566689453125003	0	0	10.324851400143919	-0
30	-40	0	0	8.09344276058766	-3.3682650657745197	3.3566689453125003	0	0	10.324851400143919	-0
15	40	0	0.07182116893741128	9.372439166742481	-2.5180779952702417	4.040440802700147	0.043753650312671116	0.009938916451757596	9.104675089085017	-0.09958245946244382
15	20	0	0.0008992853990013274	9.457290911637715	-2.285623317736736	3.525040825726576	0.000020091647661972523	0.00002526119624977896	9.104675089085017	-0.001164929711694614
15	10	0	0	8.09344276058766	-3.3682650657745197	3.3566689453125003	0	0	9.104675089085017	-0
15	5	0	0	8.09344276058766	-3.3682650657745197	3.3566689453125003	0	0	9.104675089085017	-0
15	2	0	0	8.09344276058766	-3.3682650657745197	3.3566689453125003	0	0	9.104675089085017	-0
15	0	0	0	8.09344276058766	-3.3682650657745197	3.3566689453125003	0	0	9.104675089085017	-0
15	-2	0	0	8.09344276058766	-3.3682650657745197	3.3566689453125003	0	0	9.104675089085017	-0
15	-5	0	0	8.09344276058766	-3.3682650657745197	3.3566689453125003	0	0	9.104675089085017	-0
15	-10	0	0	8.09344276058766	-3.3682650657745197	3.3566689453125003	0	0	9.104675089085017	-0
15	-20	0	0	8.09344276058766	-3.3682650657745197	3.3566689453125003	0	0	9.104675089085017	-0
10	40	0	0.0857704417365913	9.35755046643141	-2.509519075313989	4.062869015468987	0.03756861569472045	0.012976265627015149	8.028705009901106	-0.151460654257795
15	-40	0	0	8.09344276058766	-3.3682650657745197	3.3566689453125003	0	0	9.104675089085017	-0
10	20	0	0.002513967221049418	9.438826465162254	-2.3002120030469393	3.5887782117731537	0.00007473584183131238	0.00010341166317906492	8.028705009901106	-0.004128139863846241
10	10	0	0.000011563800153675012	9.488510794720002	-2.2569581696212975	3.3969370584278185	0.000000031435499506628564	0.00000008041821500295171	8.028705009901106	-0.000018881349460603583
10	5	0	0	8.09344276058766	-3.3682650657745197	3.3566689453125003	0	0	8.028705009901106	-0
10	2	0	0	8.09344276058766	-3.3682650657745197	3.3566689453125003	0	0	8.028705009901106	-0
10	0	0	0	8.09344276058766	-3.3682650657745197	3.3566689453125003	0	0	8.028705009901106	-0
10	-2	0	0	8.09344276058766	-3.3682650657745197	3.3566689453125003	0	0	8.028705009901106	-0
10	-5	0	0	8.09344276058766	-3.3682650657745197	3.3566689453125003	0	0	8.028705009901106	-0
10	-10	0	0	8.09344276058766	-3.3682650657745197	3.3566689453125003	0	0	8.028705009901106	-0
10	-20	0	0	8.09344276058766	-3.3682650657745197	3.3566689453125003	0	0	8.028705009901106	-0
10	-40	0	0	8.09344276058766	-3.3682650657745197	3.3566689453125003	0	0	8.028705009901106	-0
5	40	0	0.10354854217362433	9.342118758791097	-2.5075572129715953	4.092809446400621	0.03598515146284331	0.017198417778988118	8.134633626763081	-0.22172884060624598
5	20	0	0.005445528484958665	9.419460579545273	-2.3146675856565997	3.650833921125389	0.00019790280524931841	0.00030227480659303363	8.134633626763081	-0.010823905079441197
5	10	0	0.00025237729494003537	9.467357301266969	-2.2696432176238237	3.4668298727347433	0.000001947293684832936	0.000005186851070022522	8.134633626763081	-0.000494369871771127
5	5	0	0.0000012257728296752472	9.494180959593837	-2.2530745808896357	3.3756961599108855	0.0000000012390293853306415	0.000000004374219791231353	8.134633626763081	-0.0000023906120577941917
5	2	0	0	8.09344276058766	-3.3682650657745197	3.3566689453125003	0	0	8.134633626763081	-0
5	0	0	0	8.09344276058766	-3.3682650657745197	3.3566689453125003	0	0	8.134633626763081	-0
5	-2	0	0	8.09344276058766	-3.3682650657745197	3.3566689453125003	0	0	8.134633626763081	-0
5	-5	0	0	8.09344276058766	-3.3682650657745197	3.3566689453125003	0	0	8.134633626763081	-0
5	-10	0	0	8.09344276058766	-3.3682650657745197	3.3566689453125003	0	0	8.134633626763081	-0
5	-20	0	0	8.09344276058766	-3.3682650657745197	3.3566689453125003	0	0	8.134633626763081	-0
5	-40	0	0	8.09344276058766	-3.3682650657745197	3.3566689453125003	0	0	8.134633626763081	-0
2	40	0	0.11630880539260124	9.332514497332035	-2.5082802089158385	4.1134641901562405	0.03627471781437336	0.020455194241641994	7.478999948029685	-0.27486031785872245
2	20	0	0.008035907212120538	9.407327416333361	-2.323266191282786	3.687588608651395	0.00032196162653851806	0.0005217675936387695	7.478999948029685	-0.0176239975857589
2	10	0	0.0006791650001137443	9.454175055609497	-2.2774263788262474	3.5079804079330734	0.000007376203496421013	0.000020143820966617848	7.478999948029685	-0.0014626580854310777
2	5	0	0.00004350946227186309	9.480650557941294	-2.260159014541903	3.4186599609395594	0.00000015024391921553137	0.0000005356901397884917	7.478999948029685	-0.00009308730562171198
2	2	0	0.00000007623335432924489	9.497597990820449	-2.2511786784271077	3.364199167664715	0.000000000028108407155926374	0.00000000011644348983305686	7.478999948029685	-0.00000016255988763475337
2	0	0	0	8.09344276058766	-3.3682650657745197	3.3566689453125003	0	0	7.478999948029685	-0
2	-2	0	0	8.09344276058766	-3.3682650657745197	3.3566689453125003	0	0	7.478999948029685	-0
2	-5	0	0	8.09344276058766	-3.3682650657745197	3.3566689453125003	0	0	7.478999948029685	-0
2	-10	0	0	8.09344276058766	-3.3682650657745197	3.3566689453125003	0	0	7.478999948029685	-0
2	-20	0	0	8.09344276058766	-3.3682650657745197	3.3566689453125003	0	0	7.478999948029685	-0
2	-40	0	0	8.09344276058766	-3.3682650657745197	3.3566689453125003	0	0	7.478999948029685	-0
0	40	0	0.12580219171513893	9.325949668703812	-2.509345685888713	4.128219898349392	0.03687483249045731	0.022993804974266174	6.841467529772567	-0.3156811870557287
0	20	0	0.010183818163770507	9.398997001783346	-2.328968569925068	3.711995493456264	0.00043264267944104207	0.0007290089759447727	6.841467529772567	-0.023717792425253532
0	10	0	0.001143697315538611	9.44511333551266	-2.282676318237112	3.5351991752896623	0.000014871371416268903	0.00004138773512010405	6.841467529772567	-0.0026106907774113455
0	5	0	0.00013838691288555217	9.471308618002276	-2.2649910844804193	3.4470498604152233	0.0000007136516410165966	0.000002583875216387657	6.841467529772567	-0.0003134451238945441
0	2	0	0.000008726466129296387	9.48824702847117	-2.25570241996794	3.3931694037022693	0.000000015830740293307222	0.0000000665717154208368	6.841467529772567	-0.00001968431076562212
0	0	0	0	8.09344276058766	-3.3682650657745197	3.3566689453125003	0	0	6.841467529772567	-0
0	-2	0	0	8.09344276058766	-3.3682650657745197	3.3566689453125003	0	0	6.841467529772567	-0
0	-5	0	0	8.09344276058766	-3.3682650657745197	3.3566689453125003	0	0	6.841467529772567	-0
0	-10	0	0	8.09344276058766	-3.3682650657745197	3.3566689453125003	0	0	6.841467529772567	-0
0	-20	0	0	8.09344276058766	-3.3682650657745197	3.3566689453125003	0	0	6.841467529772567	-0
0	-40	0	0	8.09344276058766	-3.3682650657745197	3.3566689453125003	0	0	6.841467529772567	-0
-2	40	0	0.1361627748045447	9.319246887649562	-2.510803512048176	4.143725672425157	0.03777905696553274	0.025872206788920105	6.257692491828874	-0.3613607457712904
-2	20	0	0.01271656732166867	9.39045751818121	-2.334649175827084	3.736382699195518	0.0005707062966035931	0.0009992422617485786	6.257692491828874	-0.031328851213552916
-2	10	0	0.0017910846427678163	9.435810560322128	-2.2879616626133554	3.5622934369799837	0.00002721835971101344	0.00007724904866637794	6.257692491828874	-0.004318108316338547
-2	5	0	0.0003204994453218889	9.461782863165665	-2.269872130806657	3.4752432746078634	0.000002232029650481304	0.000008149406144946497	6.257692491828874	-0.0007659211219743459
-2	2	0	0.00005122923486550888	9.478614299269482	-2.260324807196367	3.4220073057858245	0.00000017202518174741846	0.0000007297901128532763	6.257692491828874	-0.00012184229105748476
-2	0	0	0.000004432481582568754	9.4903595376729	-2.2544259013321444	3.3858258851018057	0.000000006050945259824039	0.000000028515678653757114	6.257692491828874	-0.000010510372069622124
-2	-2	0	0	8.09344276058766	-3.3682650657745197	3.3566689453125003	0	0	6.257692491828874	-0
-2	-5	0	0	8.09344276058766	-3.3682650657745197	3.3566689453125003	0	0	6.257692491828874	-0
-2	-10	0	0	8.09344276058766	-3.3682650657745197	3.3566689453125003	0	0	6.257692491828874	-0
-2	-20	0	0	8.09344276058766	-3.3682650657745197	3.3566689453125003	0	0	6.257692491828874	-0
-5	40	0	0.15349945537813475	9.308920055148047	-2.5136251714799727	4.168356200516988	0.0397038204245474	0.030929034295764435	5.525361865020128	-0.4401376226750553
-2	-40	0	0	8.09344276058766	-3.3682650657745197	3.3566689453125003	0	0	6.257692491828874	-0
-5	20	0	0.017339859872439183	9.377224468855879	-2.3431358431055807	3.773034690709719	0.0008406623110565198	0.0015569223377517039	5.525361865020128	-0.04617710708069673
-5	10	0	0.0031865430781033823	9.421358440975919	-2.2959546079366304	3.6028158251045777	0.00005932664050372488	0.00017350219255343746	5.525361865020128	-0.008288912002644942
-5	5	0	0.0008284122969687661	9.446952318227837	-2.2773277324774974	3.517395377770766	0.000008175417730842127	0.000030314112883782218	5.525361865020128	-0.002133346416872162
-5	2	0	0.00024289082484910948	9.463605077560493	-2.267394571021442	3.4650393143053435	0.0000014255306000901177	0.000006116378202542655	5.525361865020128	-0.0006219862077754336
-5	0	0	0.00007122609486640127	9.47532104978598	-2.2612372597542003	3.4294414090520164	0.00000025842694132988814	0.0000012252988740588458	5.525361865020128	-0.00018173538125915454
-5	-2	0	0.000008666801601608496	9.487542527763917	-2.2554070081031665	3.3930994410137347	0.000000014554879986905349	0.0000000754913164172262	5.525361865020128	-0.000022035798993604082
-5	-5	0	0	8.09344276058766	-3.3682650657745197	3.3566689453125003	0	0	5.525361865020128	-0
-5	-10	0	0	8.09344276058766	-3.3682650657745197	3.3566689453125003	0	0	5.525361865020128	-0
-5	-20	0	0	8.09344276058766	-3.3682650657745197	3.3566689453125003	0	0	5.525361865020128	-0
-5	-40	0	0.00005009706641479115	6.021723888473354	-2.269596645424794	5.186776340514305	0.0000014374509021341728	0.000003216140935222156	5.525361865020128	-0.0001359142173510868
-10	40	0	0.18795424198869223	9.290931122623116	-2.5197512994385387	4.213062018930341	0.0445649706229444	0.04181367829433835	4.541597635884732	-0.6039084742901483
-10	20	0	0.02770559499738806	9.35390742009069	-2.3572179287098365	3.8347269219735876	0.0015161929945543828	0.0030668044762640068	4.541597635884732	-0.08276491932503906
-10	10	0	0.0070052394150878165	9.395739054732202	-2.3094205078021086	3.670457287677391	0.00017317711043488004	0.0005334048773057015	4.541597635884732	-0.020397179704744865
-10	5	0	0.002612953523631881	9.420537885327727	-2.290024220763751	3.5876310848758335	0.00003981124474750075	0.00015266922369614605	4.541597635884732	-0.007520653019300395
-10	2	0	0.0011835831285627292	9.43691912144291	-2.279518179544712	3.53667462619013	0.000012656476963166657	0.00005546945380071472	4.541597635884732	-0.0033838929021801733
-10	0	0	0.0006028629513720061	9.448525766122883	-2.2729370756752	3.501925680169733	0.000004852072467345994	0.000023253714693603766	4.541597635884732	-0.001716054857190767
-10	-2	0	0.000251721018074082	9.460693670052835	-2.26667697595715	3.466421936074394	0.000001427668594524388	0.000007494328579601278	4.541597635884732	-0.0007134224010624683
-10	-5	0	0.00002964452721820512	9.480145946742184	-2.257837721418346	3.4114144460453577	0.00000007550476111548889	0.0000004534208838339465	4.541597635884732	-0.00008347667622270753
-10	-10	0	0	8.09344276058766	-3.3682650657745197	3.3566689453125003	0	0	4.541597635884732	-0
-10	-20	0	0	8.09344276058766	-3.3682650657745197	3.3566689453125003	0	0	4.541597635884732	-0
-10	-40	0	0.002195858104502552	6.079103041707965	-2.313749721935568	5.218083568985001	0.0001754416682982346	0.0005196843750556179	4.541597635884732	-0.00699316987480262
-15	40	0	0.23091892520212295	9.271892786394945	-2.527369349691708	4.262540097063209	0.05200862139224649	0.056800574560529116	3.8782468574861095	-0.8184870236234587
-15	20	0	0.04233605742076179	9.328783604090798	-2.3712800715674276	3.897878099548218	0.0026102102666655247	0.00571349220089451	3.8782468574861095	-0.13968044440783792
-15	10	0	0.013418239872213227	9.367822233370287	-2.323046588997254	3.7389623282802993	0.00042324853951310193	0.0013731559818359051	3.8782468574861095	-0.04309409103451371
-15	5	0	0.006195420222766365	9.391542544114747	-2.3030072468274283	3.6585857340299923	0.0001329831797277775	0.0005297978279037024	3.8782468574861095	-0.019648439717009008
-15	2	0	0.003462973081691977	9.407473640933826	-2.292010734567652	3.608995039700267	0.00005702260654742025	0.00025724181217567227	3.8782468574861095	-0.010901401212115405
-15	0	0	0.0021778012620907983	9.418889127728683	-2.2850645163600314	3.575097600848321	0.000029370301508874208	0.00014396877089282306	3.8782468574861095	-0.006821975908584505
-15	-2	0	0.0012535584127547539	9.430993199058735	-2.2784034459204934	3.5403644959857616	0.000013451166808075427	0.00007161234585359097	3.8782468574861095	-0.003907444977695641
-15	-5	0	0.00041884744202880746	9.450513275448307	-2.2689249403267104	3.48638545788764	0.000002931180423835014	0.000017602032305568185	3.8782468574861095	-0.0012958956203674744
-15	-10	0	0.000006497621843867321	9.48702353933187	-2.254398174548238	3.3900611051587926	0.000000010350218703479054	0.0000000748930404253275	3.8782468574861095	-0.00001985019443223946
-15	-20	0	0	8.09344276058766	-3.3682650657745197	3.3566689453125003	0	0	3.8782468574861095	-0
-30	40	0	0.4388011393117425	9.207612995731102	-2.557628907856308	4.446055390882385	0.10613783679386235	0.14710389372688626	2.3661424516257177	-1.9473991504642112
-15	-40	0	0.011683300134355723	6.14108922047782	-2.353667684307143	5.249618124663769	0.00133552761285044	0.004954178442587609	3.8782468574861095	-0.04243572702601408
-30	20	0	0.12925722388183009	9.239349308899406	-2.4141486443709086	4.10552216427503	0.012033517921612225	0.030681014939548668	2.3661424516257177	-0.5355740933899305
-30	10	0	0.06197240599033108	9.26436651850843	-2.364995660562623	3.959648501518485	0.003759040495966759	0.013970810205468032	2.3661424516257177	-0.24962302764515112
-30	5	0	0.03966345127988207	9.281202160197134	-2.3434782299771286	3.8863156140422572	0.001955159566590259	0.00884758713892922	2.3661424516257177	-0.1575697826644495
-30	2	0	0.029131373748228634	9.293323292848745	-2.331316824194193	3.8410603836031934	0.0012696894426006688	0.0064531233716280945	2.3661424516257177	-0.11476333195563805
-30	0	0	0.023175173028002555	9.30245729399701	-2.323482864228575	3.8100470904108037	0.000930847357543424	0.005096559250951371	2.3661424516257177	-0.09078222187679658
-30	-2	0	0.018014089911511977	9.312582471630805	-2.3158506230084255	3.7781462951957154	0.0006665091856071781	0.003917139210699416	2.3661424516257177	-0.07015873052818104
-30	-5	0	0.01166926361752972	9.329962237083967	-2.304754743303649	3.7281591547561974	0.0003805601779915263	0.0024623214535753613	2.3661424516257177	-0.045044007945074974
-30	-10	0	0.004486625785263636	9.36627799618193	-2.2871306877874447	3.6369300269557474	0.00011503815406032486	0.0008391743458815298	2.3661424516257177	-0.017045491282661578
-30	-20	0	0.00001694249408679411	9.4763222654562	-2.2549825784927946	3.4047667892034617	0.00000009095617953193587	0.0000006716256986650203	2.3661424516257177	-0.00006192914626449578
-30	-40	0	0.1616211868562117	6.341923343300559	-2.458102481966046	5.366100396720381	0.034946013759312944	0.16156345841114206	2.3661424516257177	-0.7776935774217576
-60	40	0	1.8577472422115306	9.0202286549876	-2.6674559618839413	5.063734730283955	0.7266558906871428	1.017952590538028	1.3152333231795232	-10.624551028984508
-60	20	0	1.0501636301983504	8.953315871146055	-2.5120457892679315	4.777913276697059	0.4901318620628299	0.7795698334110364	1.3152333231795232	-5.664390619172478
-60	10	0	0.7900184092246998	8.862624573220872	-2.45883170014586	4.646069331936928	0.266391494680974	0.8873345850594357	1.3152333231795232	-4.149990340434682
-60	5	0	0.6969554815704743	8.778414086641254	-2.4339514512286287	4.601709093697469	0.2133731851998819	1.1377911947997228	1.3152333231795232	-3.625682780443989
-60	2	0	0.65615074762786	8.6964407166936	-2.41916533886922	4.588977356047236	0.20467066571030212	1.4869649471516593	1.3152333231795232	-3.4013238245431823
-60	0	0	0.6381889168326664	8.616048494642722	-2.4092706175015977	4.591209259185022	0.21415865172988102	1.8363948850736083	1.3152333231795232	-3.3062903137396633
-60	-2	0	0.6286891319081803	8.511456132353716	-2.3998864567644174	4.60502674870171	0.2358742632916382	2.1434722811629476	1.3152333231795232	-3.261647626857814
-60	-5	0	0.6303949918243524	8.31550723173578	-2.3885472193530775	4.649949501066601	0.2928730646743798	2.5351547454380565	1.3152333231795232	-3.291448592740907
-60	-10	0	0.6771683081402475	7.926788197565655	-2.3826343323110413	4.787828730188892	0.45838610856824147	3.0547078278920643	1.3152333231795232	-3.6145202459955064
-60	-20	0	0.9409050311681604	7.237601978315281	-2.432764330412084	5.180430338331805	0.8279020157741677	3.39863512730809	1.3152333231795232	-5.365761635666385
-60	-40	0	1.8639367237450393	6.842684301309363	-2.6884695924458457	5.593256277100675	0.5138886878274036	2.326189337150202	1.3152333231795232	-11.53429547421311
60	40	-1.7443639620404516	0.36292743722226445	9.251570289472738	-5.060306004977939	5.904525780784291	0.27334865480102266	0.11099690493033876	3.2059582381643934	0.9375563719042264
60	20	-1.7443639620404516	0.044977564953350445	9.33241775675672	-5.577320320420463	6.117414136465307	0.015558527953557721	0.008927101986008823	3.2059582381643934	0.11285662145665792
60	10	-1.7443639620404516	0.004093023200284476	9.408116758761714	-5.81430139989841	6.227738541128214	0.0006653328826413674	0.00056272411597523	3.2059582381643934	0.010176193325289065
60	5	-1.7443639620404516	0.00008566413969490369	9.471133322156756	-5.94191449566594	6.29005734025969	0.0000039874466301881295	0.000004572809954419069	3.2059582381643934	0.00021213800736811088
60	2	-1.7443639620404516	0	8.09344276058766	-3.3682650657745197	3.3566689453125003	0	0	3.2059582381643934	0
60	0	-1.7443639620404516	0	8.09344276058766	-3.3682650657745197	3.3566689453125003	0	0	3.2059582381643934	0
60	-2	-1.7443639620404516	0	8.09344276058766	-3.3682650657745197	3.3566689453125003	0	0	3.2059582381643934	0
60	-5	-1.7443639620404516	0	8.09344276058766	-3.3682650657745197	3.3566689453125003	0	0	3.2059582381643934	0
60	-10	-1.7443639620404516	0	8.09344276058766	-3.3682650657745197	3.3566689453125003	0	0	3.2059582381643934	0
60	-20	-1.7443639620404516	0	8.09344276058766	-3.3682650657745197	3.3566689453125003	0	0	3.2059582381643934	0
60	-40	-1.7443639620404516	0.06393321750993906	6.294838792760028	-4.418742587513913	6.1816377552198745	0.023831272498476608	0.05744233040643465	3.2059582381643934	0.2010114087513114
30	40	-1.7443639620404516	0	8.09344276058766	-3.3682650657745197	3.3566689453125003	0	0	10.324851400143919	-0
30	20	-1.7443639620404516	0	8.09344276058766	-3.3682650657745197	3.3566689453125003	0	0	10.324851400143919	-0
30	10	-1.7443639620404516	0	8.09344276058766	-3.3682650657745197	3.3566689453125003	0	0	10.324851400143919	-0
30	5	-1.7443639620404516	0	8.09344276058766	-3.3682650657745197	3.3566689453125003	0	0	10.324851400143919	-0
30	2	-1.7443639620404516	0	8.09344276058766	-3.3682650657745197	3.3566689453125003	0	0	10.324851400143919	-0
30	0	-1.7443639620404516	0	8.09344276058766	-3.3682650657745197	3.3566689453125003	0	0	10.324851400143919	-0
30	-2	-1.7443639620404516	0	8.09344276058766	-3.3682650657745197	3.3566689453125003	0	0	10.324851400143919	-0
30	-5	-1.7443639620404516	0	8.09344276058766	-3.3682650657745197	3.3566689453125003	0	0	10.324851400143919	-0
30	-10	-1.7443639620404516	0	8.09344276058766	-3.3682650657745197	3.3566689453125003	0	0	10.324851400143919	-0
30	-20	-1.7443639620404516	0	8.09344276058766	-3.3682650657745197	3.3566689453125003	0	0	10.324851400143919	-0
30	-40	-1.7443639620404516	0	8.09344276058766	-3.3682650657745197	3.3566689453125003	0	0	10.324851400143919	-0
15	40	-1.7443639620404516	0	8.09344276058766	-3.3682650657745197	3.3566689453125003	0	0	9.104675089085017	-0
15	20	-1.7443639620404516	0	8.09344276058766	-3.3682650657745197	3.3566689453125003	0	0	9.104675089085017	-0
15	10	-1.7443639620404516	0	8.09344276058766	-3.3682650657745197	3.3566689453125003	0	0	9.104675089085017	-0
15	5	-1.7443639620404516	0	8.09344276058766	-3.3682650657745197	3.3566689453125003	0	0	9.104675089085017	-0
15	2	-1.7443639620404516	0	8.09344276058766	-3.3682650657745197	3.3566689453125003	0	0	9.104675089085017	-0
15	0	-1.7443639620404516	0	8.09344276058766	-3.3682650657745197	3.3566689453125003	0	0	9.104675089085017	-0
15	-2	-1.7443639620404516	0	8.09344276058766	-3.3682650657745197	3.3566689453125003	0	0	9.104675089085017	-0
15	-5	-1.7443639620404516	0	8.09344276058766	-3.3682650657745197	3.3566689453125003	0	0	9.104675089085017	-0
15	-10	-1.7443639620404516	0	8.09344276058766	-3.3682650657745197	3.3566689453125003	0	0	9.104675089085017	-0
15	-20	-1.7443639620404516	0	8.09344276058766	-3.3682650657745197	3.3566689453125003	0	0	9.104675089085017	-0
15	-40	-1.7443639620404516	0	8.09344276058766	-3.3682650657745197	3.3566689453125003	0	0	9.104675089085017	-0
10	40	-1.7443639620404516	0	8.09344276058766	-3.3682650657745197	3.3566689453125003	0	0	8.028705009901106	-0
10	20	-1.7443639620404516	0	8.09344276058766	-3.3682650657745197	3.3566689453125003	0	0	8.028705009901106	-0
10	10	-1.7443639620404516	0	8.09344276058766	-3.3682650657745197	3.3566689453125003	0	0	8.028705009901106	-0
10	5	-1.7443639620404516	0	8.09344276058766	-3.3682650657745197	3.3566689453125003	0	0	8.028705009901106	-0
10	2	-1.7443639620404516	0	8.09344276058766	-3.3682650657745197	3.3566689453125003	0	0	8.028705009901106	-0
10	0	-1.7443639620404516	0	8.09344276058766	-3.3682650657745197	3.3566689453125003	0	0	8.028705009901106	-0
10	-2	-1.7443639620404516	0	8.09344276058766	-3.3682650657745197	3.3566689453125003	0	0	8.028705009901106	-0
10	-5	-1.7443639620404516	0	8.09344276058766	-3.3682650657745197	3.3566689453125003	0	0	8.028705009901106	-0
10	-10	-1.7443639620404516	0	8.09344276058766	-3.3682650657745197	3.3566689453125003	0	0	8.028705009901106	-0
10	-20	-1.7443639620404516	0	8.09344276058766	-3.3682650657745197	3.3566689453125003	0	0	8.028705009901106	-0
10	-40	-1.7443639620404516	0	8.09344276058766	-3.3682650657745197	3.3566689453125003	0	0	8.028705009901106	-0
5	40	-1.7443639620404516	0	8.09344276058766	-3.3682650657745197	3.3566689453125003	0	0	8.134633626763081	-0
5	20	-1.7443639620404516	0	8.09344276058766	-3.3682650657745197	3.3566689453125003	0	0	8.134633626763081	-0
5	10	-1.7443639620404516	0	8.09344276058766	-3.3682650657745197	3.3566689453125003	0	0	8.134633626763081	-0
5	5	-1.7443639620404516	0	8.09344276058766	-3.3682650657745197	3.3566689453125003	0	0	8.134633626763081	-0
5	2	-1.7443639620404516	0	8.09344276058766	-3.3682650657745197	3.3566689453125003	0	0	8.134633626763081	-0
5	0	-1.7443639620404516	0	8.09344276058766	-3.3682650657745197	3.3566689453125003	0	0	8.134633626763081	-0
5	-2	-1.7443639620404516	0	8.09344276058766	-3.3682650657745197	3.3566689453125003	0	0	8.134633626763081	-0
5	-5	-1.7443639620404516	0	8.09344276058766	-3.3682650657745197	3.3566689453125003	0	0	8.134633626763081	-0
5	-10	-1.7443639620404516	0	8.09344276058766	-3.3682650657745197	3.3566689453125003	0	0	8.134633626763081	-0
5	-20	-1.7443639620404516	0	8.09344276058766	-3.3682650657745197	3.3566689453125003	0	0	8.134633626763081	-0
5	-40	-1.7443639620404516	0	8.09344276058766	-3.3682650657745197	3.3566689453125003	0	0	8.134633626763081	-0
2	40	-1.7443639620404516	0	8.09344276058766	-3.3682650657745197	3.3566689453125003	0	0	7.478999948029685	-0
2	20	-1.7443639620404516	0	8.09344276058766	-3.3682650657745197	3.3566689453125003	0	0	7.478999948029685	-0
2	10	-1.7443639620404516	0	8.09344276058766	-3.3682650657745197	3.3566689453125003	0	0	7.478999948029685	-0
2	5	-1.7443639620404516	0	8.09344276058766	-3.3682650657745197	3.3566689453125003	0	0	7.478999948029685	-0
2	2	-1.7443639620404516	0	8.09344276058766	-3.3682650657745197	3.3566689453125003	0	0	7.478999948029685	-0
2	0	-1.7443639620404516	0	8.09344276058766	-3.3682650657745197	3.3566689453125003	0	0	7.478999948029685	-0
2	-2	-1.7443639620404516	0	8.09344276058766	-3.3682650657745197	3.3566689453125003	0	0	7.478999948029685	-0
2	-5	-1.7443639620404516	0	8.09344276058766	-3.3682650657745197	3.3566689453125003	0	0	7.478999948029685	-0
2	-10	-1.7443639620404516	0	8.09344276058766	-3.3682650657745197	3.3566689453125003	0	0	7.478999948029685	-0
2	-20	-1.7443639620404516	0	8.09344276058766	-3.3682650657745197	3.3566689453125003	0	0	7.478999948029685	-0
2	-40	-1.7443639620404516	0	8.09344276058766	-3.3682650657745197	3.3566689453125003	0	0	7.478999948029685	-0
0	40	-1.7443639620404516	0	8.09344276058766	-3.3682650657745197	3.3566689453125003	0	0	6.841467529772567	-0
0	20	-1.7443639620404516	0	8.09344276058766	-3.3682650657745197	3.3566689453125003	0	0	6.841467529772567	-0
0	10	-1.7443639620404516	0	8.09344276058766	-3.3682650657745197	3.3566689453125003	0	0	6.841467529772567	-0
0	5	-1.7443639620404516	0	8.09344276058766	-3.3682650657745197	3.3566689453125003	0	0	6.841467529772567	-0
0	2	-1.7443639620404516	0	8.09344276058766	-3.3682650657745197	3.3566689453125003	0	0	6.841467529772567	-0
0	0	-1.7443639620404516	0	8.09344276058766	-3.3682650657745197	3.3566689453125003	0	0	6.841467529772567	-0
0	-2	-1.7443639620404516	0	8.09344276058766	-3.3682650657745197	3.3566689453125003	0	0	6.841467529772567	-0
0	-5	-1.7443639620404516	0	8.09344276058766	-3.3682650657745197	3.3566689453125003	0	0	6.841467529772567	-0
0	-10	-1.7443639620404516	0	8.09344276058766	-3.3682650657745197	3.3566689453125003	0	0	6.841467529772567	-0
0	-20	-1.7443639620404516	0	8.09344276058766	-3.3682650657745197	3.3566689453125003	0	0	6.841467529772567	-0
0	-40	-1.7443639620404516	0	8.09344276058766	-3.3682650657745197	3.3566689453125003	0	0	6.841467529772567	-0
-2	40	-1.7443639620404516	0	8.09344276058766	-3.3682650657745197	3.3566689453125003	0	0	6.257692491828874	-0
-2	20	-1.7443639620404516	0	8.09344276058766	-3.3682650657745197	3.3566689453125003	0	0	6.257692491828874	-0
-2	10	-1.7443639620404516	0	8.09344276058766	-3.3682650657745197	3.3566689453125003	0	0	6.257692491828874	-0
-2	5	-1.7443639620404516	0	8.09344276058766	-3.3682650657745197	3.3566689453125003	0	0	6.257692491828874	-0
-2	2	-1.7443639620404516	0	8.09344276058766	-3.3682650657745197	3.3566689453125003	0	0	6.257692491828874	-0
-2	0	-1.7443639620404516	0	8.09344276058766	-3.3682650657745197	3.3566689453125003	0	0	6.257692491828874	-0
-2	-2	-1.7443639620404516	0	8.09344276058766	-3.3682650657745197	3.3566689453125003	0	0	6.257692491828874	-0
-2	-5	-1.7443639620404516	0	8.09344276058766	-3.3682650657745197	3.3566689453125003	0	0	6.257692491828874	-0
-2	-10	-1.7443639620404516	0	8.09344276058766	-3.3682650657745197	3.3566689453125003	0	0	6.257692491828874	-0
-2	-20	-1.7443639620404516	0	8.09344276058766	-3.3682650657745197	3.3566689453125003	0	0	6.257692491828874	-0
-2	-40	-1.7443639620404516	0	8.09344276058766	-3.3682650657745197	3.3566689453125003	0	0	6.257692491828874	-0
-5	40	-1.7443639620404516	0	8.09344276058766	-3.3682650657745197	3.3566689453125003	0	0	5.525361865020128	-0
-5	20	-1.7443639620404516	0	8.09344276058766	-3.3682650657745197	3.3566689453125003	0	0	5.525361865020128	-0
-5	10	-1.7443639620404516	0	8.09344276058766	-3.3682650657745197	3.3566689453125003	0	0	5.525361865020128	-0
-5	5	-1.7443639620404516	0	8.09344276058766	-3.3682650657745197	3.3566689453125003	0	0	5.525361865020128	-0
-5	2	-1.7443639620404516	0	8.09344276058766	-3.3682650657745197	3.3566689453125003	0	0	5.525361865020128	-0
-5	0	-1.7443639620404516	0	8.09344276058766	-3.3682650657745197	3.3566689453125003	0	0	5.525361865020128	-0
-5	-2	-1.7443639620404516	0	8.09344276058766	-3.3682650657745197	3.3566689453125003	0	0	5.525361865020128	-0
-5	-5	-1.7443639620404516	0	8.09344276058766	-3.3682650657745197	3.3566689453125003	0	0	5.525361865020128	-0
-5	-10	-1.7443639620404516	0	8.09344276058766	-3.3682650657745197	3.3566689453125003	0	0	5.525361865020128	-0
-5	-20	-1.7443639620404516	0	8.09344276058766	-3.3682650657745197	3.3566689453125003	0	0	5.525361865020128	-0
-5	-40	-1.7443639620404516	0	8.09344276058766	-3.3682650657745197	3.3566689453125003	0	0	5.525361865020128	-0
-10	40	-1.7443639620404516	0	8.09344276058766	-3.3682650657745197	3.3566689453125003	0	0	4.541597635884732	-0
-10	20	-1.7443639620404516	0	8.09344276058766	-3.3682650657745197	3.3566689453125003	0	0	4.541597635884732	-0
-10	10	-1.7443639620404516	0	8.09344276058766	-3.3682650657745197	3.3566689453125003	0	0	4.541597635884732	-0
-10	5	-1.7443639620404516	0	8.09344276058766	-3.3682650657745197	3.3566689453125003	0	0	4.541597635884732	-0
-10	2	-1.7443639620404516	0	8.09344276058766	-3.3682650657745197	3.3566689453125003	0	0	4.541597635884732	-0
-10	0	-1.7443639620404516	0	8.09344276058766	-3.3682650657745197	3.3566689453125003	0	0	4.541597635884732	-0
-10	-2	-1.7443639620404516	0	8.09344276058766	-3.3682650657745197	3.3566689453125003	0	0	4.541597635884732	-0
-10	-5	-1.7443639620404516	0	8.09344276058766	-3.3682650657745197	3.3566689453125003	0	0	4.541597635884732	-0
-10	-10	-1.7443639620404516	0	8.09344276058766	-3.3682650657745197	3.3566689453125003	0	0	4.541597635884732	-0
-10	-20	-1.7443639620404516	0	8.09344276058766	-3.3682650657745197	3.3566689453125003	0	0	4.541597635884732	-0
-10	-40	-1.7443639620404516	0	8.09344276058766	-3.3682650657745197	3.3566689453125003	0	0	4.541597635884732	-0
-15	40	-1.7443639620404516	0	8.09344276058766	-3.3682650657745197	3.3566689453125003	0	0	3.8782468574861095	-0
-15	20	-1.7443639620404516	0	8.09344276058766	-3.3682650657745197	3.3566689453125003	0	0	3.8782468574861095	-0
-15	10	-1.7443639620404516	0	8.09344276058766	-3.3682650657745197	3.3566689453125003	0	0	3.8782468574861095	-0
-15	5	-1.7443639620404516	0	8.09344276058766	-3.3682650657745197	3.3566689453125003	0	0	3.8782468574861095	-0
-15	2	-1.7443639620404516	0	8.09344276058766	-3.3682650657745197	3.3566689453125003	0	0	3.8782468574861095	-0
-15	0	-1.7443639620404516	0	8.09344276058766	-3.3682650657745197	3.3566689453125003	0	0	3.8782468574861095	-0
-15	-2	-1.7443639620404516	0	8.09344276058766	-3.3682650657745197	3.3566689453125003	0	0	3.8782468574861095	-0
-15	-5	-1.7443639620404516	0	8.09344276058766	-3.3682650657745197	3.3566689453125003	0	0	3.8782468574861095	-0
-15	-10	-1.7443639620404516	0	8.09344276058766	-3.3682650657745197	3.3566689453125003	0	0	3.8782468574861095	-0
-15	-20	-1.7443639620404516	0	8.09344276058766	-3.3682650657745197	3.3566689453125003	0	0	3.8782468574861095	-0
-15	-40	-1.7443639620404516	0	8.09344276058766	-3.3682650657745197	3.3566689453125003	0	0	3.8782468574861095	-0
-30	40	-1.7443639620404516	0.0006083385685491105	9.466139743762024	-2.276017167380568	3.5081844288402686	0.00000669157808669274	0.000018684794120864268	2.3661424516257177	-0.002266171216792058
-30	20	-1.7443639620404516	0	8.09344276058766	-3.3682650657745197	3.3566689453125003	0	0	2.3661424516257177	-0
-30	10	-1.7443639620404516	0	8.09344276058766	-3.3682650657745197	3.3566689453125003	0	0	2.3661424516257177	-0
-30	5	-1.7443639620404516	0	8.09344276058766	-3.3682650657745197	3.3566689453125003	0	0	2.3661424516257177	-0
-30	2	-1.7443639620404516	0	8.09344276058766	-3.3682650657745197	3.3566689453125003	0	0	2.3661424516257177	-0
-30	0	-1.7443639620404516	0	8.09344276058766	-3.3682650657745197	3.3566689453125003	0	0	2.3661424516257177	-0
-30	-2	-1.7443639620404516	0	8.09344276058766	-3.3682650657745197	3.3566689453125003	0	0	2.3661424516257177	-0
-30	-5	-1.7443639620404516	0	8.09344276058766	-3.3682650657745197	3.3566689453125003	0	0	2.3661424516257177	-0
-30	-10	-1.7443639620404516	0	8.09344276058766	-3.3682650657745197	3.3566689453125003	0	0	2.3661424516257177	-0
-30	-20	-1.7443639620404516	0	8.09344276058766	-3.3682650657745197	3.3566689453125003	0	0	2.3661424516257177	-0
-30	-40	-1.7443639620404516	0	8.09344276058766	-3.3682650657745197	3.3566689453125003	0	0	2.3661424516257177	-0
-60	40	-1.7443639620404516	0.3677963867461621	9.238887362838152	-2.4679550824210716	4.487792645506935	0.18769078933748418	0.12643931173983747	1.3152333231795232	-1.8833087465879428
-60	20	-1.7443639620404516	0.05676867949447265	9.302875726366137	-2.34304529913199	3.978159186061389	0.007892094123849613	0.012756140573562336	1.3152333231795232	-0.26208450561418695
-60	10	-1.7443639620404516	0.012303541164726591	9.35870450824034	-2.2993031342900685	3.744377985676456	0.0007686164608203816	0.002173436960696995	1.3152333231795232	-0.054041803830703054
-60	5	-1.7443639620404516	0.0034763187386415415	9.398525988214256	-2.2802028594323644	3.618885255195778	0.00013335980395451363	0.0004748955464009691	1.3152333231795232	-0.014858300763605368
-60	2	-1.7443639620404516	0.0010659506466969735	9.427841755690093	-2.2695001421152625	3.537588944052817	0.000028038636675956075	0.00010838782421065257	1.3152333231795232	-0.004475278629917264
-60	0	-1.7443639620404516	0.000319861763721449	9.450011430320975	-2.2626759378919865	3.4799143492506226	0.000005880186506115881	0.000023142029769898653	1.3152333231795232	-0.0013258373096595485
-60	-2	-1.7443639620404516	0.00003872609395403647	9.474463931381717	-2.2560840501081136	3.4188374395509826	0.0000003776745261321879	0.0000014679869218192296	1.3152333231795232	-0.00015834488329352986
-60	-5	-1.7443639620404516	0	8.09344276058766	-3.3682650657745197	3.3566689453125003	0	0	1.3152333231795232	-0
-60	-10	-1.7443639620404516	0	8.09344276058766	-3.3682650657745197	3.3566689453125003	0	0	1.3152333231795232	-0
-60	-20	-1.7443639620404516	0	8.09344276058766	-3.3682650657745197	3.3566689453125003	0	0	1.3152333231795232	-0
-60	-40	-1.7443639620404516	0.35966495718321134	6.369651751812541	-2.473417898008273	5.565022343607569	0.14545538783871237	0.25260043035478663	1.3152333231795232	-2.1781884088355103
60	40	-2.9072732700674195	0.04438705903112656	9.382602170662125	-5.526928563647421	6.08371610401788	0.02256750782821193	0.006601945868087267	3.2059582381643934	0.1111979460015876
60	20	-2.9072732700674195	0	8.09344276058766	-3.3682650657745197	3.3566689453125003	0	0	3.2059582381643934	0
60	10	-2.9072732700674195	0	8.09344276058766	-3.3682650657745197	3.3566689453125003	0	0	3.2059582381643934	0
60	5	-2.9072732700674195	0	8.09344276058766	-3.3682650657745197	3.3566689453125003	0	0	3.2059582381643934	0
60	2	-2.9072732700674195	0	8.09344276058766	-3.3682650657745197	3.3566689453125003	0	0	3.2059582381643934	0
60	0	-2.9072732700674195	0	8.09344276058766	-3.3682650657745197	3.3566689453125003	0	0	3.2059582381643934	0
60	-2	-2.9072732700674195	0	8.09344276058766	-3.3682650657745197	3.3566689453125003	0	0	3.2059582381643934	0
60	-5	-2.9072732700674195	0	8.09344276058766	-3.3682650657745197	3.3566689453125003	0	0	3.2059582381643934	0
60	-10	-2.9072732700674195	0	8.09344276058766	-3.3682650657745197	3.3566689453125003	0	0	3.2059582381643934	0
60	-20	-2.9072732700674195	0	8.09344276058766	-3.3682650657745197	3.3566689453125003	0	0	3.2059582381643934	0
60	-40	-2.9072732700674195	0	8.09344276058766	-3.3682650657745197	3.3566689453125003	0	0	3.2059582381643934	0
30	40	-2.9072732700674195	0	8.09344276058766	-3.3682650657745197	3.3566689453125003	0	0	10.324851400143919	-0
30	20	-2.9072732700674195	0	8.09344276058766	-3.3682650657745197	3.3566689453125003	0	0	10.324851400143919	-0
30	10	-2.9072732700674195	0	8.09344276058766	-3.3682650657745197	3.3566689453125003	0	0	10.324851400143919	-0
30	5	-2.9072732700674195	0	8.09344276058766	-3.3682650657745197	3.3566689453125003	0	0	10.324851400143919	-0
30	2	-2.9072732700674195	0	8.09344276058766	-3.3682650657745197	3.3566689453125003	0	0	10.324851400143919	-0
30	0	-2.9072732700674195	0	8.09344276058766	-3.3682650657745197	3.3566689453125003	0	0	10.324851400143919	-0
30	-2	-2.9072732700674195	0	8.09344276058766	-3.3682650657745197	3.3566689453125003	0	0	10.324851400143919	-0
30	-5	-2.9072732700674195	0	8.09344276058766	-3.3682650657745197	3.3566689453125003	0	0	10.324851400143919	-0
30	-10	-2.9072732700674195	0	8.09344276058766	-3.3682650657745197	3.3566689453125003	0	0	10.324851400143919	-0
30	-20	-2.9072732700674195	0	8.09344276058766	-3.3682650657745197	3.3566689453125003	0	0	10.324851400143919	-0
30	-40	-2.9072732700674195	0	8.09344276058766	-3.3682650657745197	3.3566689453125003	0	0	10.324851400143919	-0
15	40	-2.9072732700674195	0	8.09344276058766	-3.3682650657745197	3.3566689453125003	0	0	9.104675089085017	-0
15	20	-2.9072732700674195	0	8.09344276058766	-3.3682650657745197	3.3566689453125003	0	0	9.104675089085017	-0
15	10	-2.9072732700674195	0	8.09344276058766	-3.3682650657745197	3.3566689453125003	0	0	9.104675089085017	-0
15	5	-2.9072732700674195	0	8.09344276058766	-3.3682650657745197	3.3566689453125003	0	0	9.104675089085017	-0
15	2	-2.9072732700674195	0	8.09344276058766	-3.3682650657745197	3.3566689453125003	0	0	9.104675089085017	-0
15	0	-2.9072732700674195	0	8.09344276058766	-3.3682650657745197	3.3566689453125003	0	0	9.104675089085017	-0
15	-2	-2.9072732700674195	0	8.09344276058766	-3.3682650657745197	3.3566689453125003	0	0	9.104675089085017	-0
15	-5	-2.9072732700674195	0	8.09344276058766	-3.3682650657745197	3.3566689453125003	0	0	9.104675089085017	-0
15	-10	-2.9072732700674195	0	8.09344276058766	-3.3682650657745197	3.3566689453125003	0	0	9.104675089085017	-0
15	-20	-2.9072732700674195	0	8.09344276058766	-3.3682650657745197	3.3566689453125003	0	0	9.104675089085017	-0
15	-40	-2.9072732700674195	0	8.09344276058766	-3.3682650657745197	3.3566689453125003	0	0	9.104675089085017	-0
10	40	-2.9072732700674195	0	8.09344276058766	-3.3682650657745197	3.3566689453125003	0	0	8.028705009901106	-0
10	20	-2.9072732700674195	0	8.09344276058766	-3.3682650657745197	3.3566689453125003	0	0	8.028705009901106	-0
10	10	-2.9072732700674195	0	8.09344276058766	-3.3682650657745197	3.3566689453125003	0	0	8.028705009901106	-0
10	5	-2.9072732700674195	0	8.09344276058766	-3.3682650657745197	3.3566689453125003	0	0	8.028705009901106	-0
10	2	-2.9072732700674195	0	8.09344276058766	-3.3682650657745197	3.3566689453125003	0	0	8.028705009901106	-0
10	0	-2.9072732700674195	0	8.09344276058766	-3.3682650657745197	3.3566689453125003	0	0	8.028705009901106	-0
10	-2	-2.9072732700674195	0	8.09344276058766	-3.3682650657745197	3.3566689453125003	0	0	8.028705009901106	-0
10	-5	-2.9072732700674195	0	8.09344276058766	-3.3682650657745197	3.3566689453125003	0	0	8.028705009901106	-0
10	-10	-2.9072732700674195	0	8.09344276058766	-3.3682650657745197	3.3566689453125003	0	0	8.028705009901106	-0
10	-20	-2.9072732700674195	0	8.09344276058766	-3.3682650657745197	3.3566689453125003	0	0	8.028705009901106	-0
10	-40	-2.9072732700674195	0	8.09344276058766	-3.3682650657745197	3.3566689453125003	0	0	8.028705009901106	-0
5	40	-2.9072732700674195	0	8.09344276058766	-3.3682650657745197	3.3566689453125003	0	0	8.134633626763081	-0
5	20	-2.9072732700674195	0	8.09344276058766	-3.3682650657745197	3.3566689453125003	0	0	8.134633626763081	-0
5	10	-2.9072732700674195	0	8.09344276058766	-3.3682650657745197	3.3566689453125003	0	0	8.134633626763081	-0
5	5	-2.9072732700674195	0	8.09344276058766	-3.3682650657745197	3.3566689453125003	0	0	8.134633626763081	-0
5	2	-2.9072732700674195	0	8.09344276058766	-3.3682650657745197	3.3566689453125003	0	0	8.134633626763081	-0
5	0	-2.9072732700674195	0	8.09344276058766	-3.3682650657745197	3.3566689453125003	0	0	8.134633626763081	-0
5	-2	-2.9072732700674195	0	8.09344276058766	-3.3682650657745197	3.3566689453125003	0	0	8.134633626763081	-0
5	-5	-2.9072732700674195	0	8.09344276058766	-3.3682650657745197	3.3566689453125003	0	0	8.134633626763081	-0
5	-10	-2.9072732700674195	0	8.09344276058766	-3.3682650657745197	3.3566689453125003	0	0	8.134633626763081	-0
5	-20	-2.9072732700674195	0	8.09344276058766	-3.3682650657745197	3.3566689453125003	0	0	8.134633626763081	-0
5	-40	-2.9072732700674195	0	8.09344276058766	-3.3682650657745197	3.3566689453125003	0	0	8.134633626763081	-0
2	40	-2.9072732700674195	0	8.09344276058766	-3.3682650657745197	3.3566689453125003	0	0	7.478999948029685	-0
2	20	-2.9072732700674195	0	8.09344276058766	-3.3682650657745197	3.3566689453125003	0	0	7.478999948029685	-0
2	10	-2.9072732700674195	0	8.09344276058766	-3.3682650657745197	3.3566689453125003	0	0	7.478999948029685	-0
2	5	-2.9072732700674195	0	8.09344276058766	-3.3682650657745197	3.3566689453125003	0	0	7.478999948029685	-0
2	2	-2.9072732700674195	0	8.09344276058766	-3.3682650657745197	3.3566689453125003	0	0	7.478999948029685	-0
2	0	-2.9072732700674195	0	8.09344276058766	-3.3682650657745197	3.3566689453125003	0	0	7.478999948029685	-0
2	-2	-2.9072732700674195	0	8.09344276058766	-3.3682650657745197	3.3566689453125003	0	0	7.478999948029685	-0
2	-5	-2.9072732700674195	0	8.09344276058766	-3.3682650657745197	3.3566689453125003	0	0	7.478999948029685	-0
2	-10	-2.9072732700674195	0	8.09344276058766	-3.3682650657745197	3.3566689453125003	0	0	7.478999948029685	-0
2	-20	-2.9072732700674195	0	8.09344276058766	-3.3682650657745197	3.3566689453125003	0	0	7.478999948029685	-0
2	-40	-2.9072732700674195	0	8.09344276058766	-3.3682650657745197	3.3566689453125003	0	0	7.478999948029685	-0
0	40	-2.9072732700674195	0	8.09344276058766	-3.3682650657745197	3.3566689453125003	0	0	6.841467529772567	-0
0	20	-2.9072732700674195	0	8.09344276058766	-3.3682650657745197	3.3566689453125003	0	0	6.841467529772567	-0
0	10	-2.9072732700674195	0	8.09344276058766	-3.3682650657745197	3.3566689453125003	0	0	6.841467529772567	-0
0	5	-2.9072732700674195	0	8.09344276058766	-3.3682650657745197	3.3566689453125003	0	0	6.841467529772567	-0
0	2	-2.9072732700674195	0	8.09344276058766	-3.3682650657745197	3.3566689453125003	0	0	6.841467529772567	-0
0	0	-2.9072732700674195	0	8.09344276058766	-3.3682650657745197	3.3566689453125003	0	0	6.841467529772567	-0
0	-2	-2.9072732700674195	0	8.09344276058766	-3.3682650657745197	3.3566689453125003	0	0	6.841467529772567	-0
0	-5	-2.9072732700674195	0	8.09344276058766	-3.3682650657745197	3.3566689453125003	0	0	6.841467529772567	-0
0	-10	-2.9072732700674195	0	8.09344276058766	-3.3682650657745197	3.3566689453125003	0	0	6.841467529772567	-0
0	-20	-2.9072732700674195	0	8.09344276058766	-3.3682650657745197	3.3566689453125003	0	0	6.841467529772567	-0
0	-40	-2.9072732700674195	0	8.09344276058766	-3.3682650657745197	3.3566689453125003	0	0	6.841467529772567	-0
-2	40	-2.9072732700674195	0	8.09344276058766	-3.3682650657745197	3.3566689453125003	0	0	6.257692491828874	-0
-2	20	-2.9072732700674195	0	8.09344276058766	-3.3682650657745197	3.3566689453125003	0	0	6.257692491828874	-0
-2	10	-2.9072732700674195	0	8.09344276058766	-3.3682650657745197	3.3566689453125003	0	0	6.257692491828874	-0
-2	5	-2.9072732700674195	0	8.09344276058766	-3.3682650657745197	3.3566689453125003	0	0	6.257692491828874	-0
-2	2	-2.9072732700674195	0	8.09344276058766	-3.3682650657745197	3.3566689453125003	0	0	6.257692491828874	-0
-2	0	-2.9072732700674195	0	8.09344276058766	-3.3682650657745197	3.3566689453125003	0	0	6.257692491828874	-0
-2	-2	-2.9072732700674195	0	8.09344276058766	-3.3682650657745197	3.3566689453125003	0	0	6.257692491828874	-0
-2	-5	-2.9072732700674195	0	8.09344276058766	-3.3682650657745197	3.3566689453125003	0	0	6.257692491828874	-0
-2	-10	-2.9072732700674195	0	8.09344276058766	-3.3682650657745197	3.3566689453125003	0	0	6.257692491828874	-0
-2	-20	-2.9072732700674195	0	8.09344276058766	-3.3682650657745197	3.3566689453125003	0	0	6.257692491828874	-0
-2	-40	-2.9072732700674195	0	8.09344276058766	-3.3682650657745197	3.3566689453125003	0	0	6.257692491828874	-0
-5	40	-2.9072732700674195	0	8.09344276058766	-3.3682650657745197	3.3566689453125003	0	0	5.525361865020128	-0
-5	20	-2.9072732700674195	0	8.09344276058766	-3.3682650657745197	3.3566689453125003	0	0	5.525361865020128	-0
-5	10	-2.9072732700674195	0	8.09344276058766	-3.3682650657745197	3.3566689453125003	0	0	5.525361865020128	-0
-5	5	-2.9072732700674195	0	8.09344276058766	-3.3682650657745197	3.3566689453125003	0	0	5.525361865020128	-0
-5	2	-2.9072732700674195	0	8.09344276058766	-3.3682650657745197	3.3566689453125003	0	0	5.525361865020128	-0
-5	0	-2.9072732700674195	0	8.09344276058766	-3.3682650657745197	3.3566689453125003	0	0	5.525361865020128	-0
-5	-2	-2.9072732700674195	0	8.09344276058766	-3.3682650657745197	3.3566689453125003	0	0	5.525361865020128	-0
-5	-5	-2.9072732700674195	0	8.09344276058766	-3.3682650657745197	3.3566689453125003	0	0	5.525361865020128	-0
-5	-10	-2.9072732700674195	0	8.09344276058766	-3.3682650657745197	3.3566689453125003	0	0	5.525361865020128	-0
-5	-20	-2.9072732700674195	0	8.09344276058766	-3.3682650657745197	3.3566689453125003	0	0	5.525361865020128	-0
-5	-40	-2.9072732700674195	0	8.09344276058766	-3.3682650657745197	3.3566689453125003	0	0	5.525361865020128	-0
-10	40	-2.9072732700674195	0	8.09344276058766	-3.3682650657745197	3.3566689453125003	0	0	4.541597635884732	-0
-10	20	-2.9072732700674195	0	8.09344276058766	-3.3682650657745197	3.3566689453125003	0	0	4.541597635884732	-0
-10	10	-2.9072732700674195	0	8.09344276058766	-3.3682650657745197	3.3566689453125003	0	0	4.541597635884732	-0
-10	5	-2.9072732700674195	0	8.09344276058766	-3.3682650657745197	3.3566689453125003	0	0	4.541597635884732	-0
-10	2	-2.9072732700674195	0	8.09344276058766	-3.3682650657745197	3.3566689453125003	0	0	4.541597635884732	-0
-10	-2	-2.9072732700674195	0	8.09344276058766	-3.3682650657745197	3.3566689453125003	0	0	4.541597635884732	-0
-10	0	-2.9072732700674195	0	8.09344276058766	-3.3682650657745197	3.3566689453125003	0	0	4.541597635884732	-0
-10	-10	-2.9072732700674195	0	8.09344276058766	-3.3682650657745197	3.3566689453125003	0	0	4.541597635884732	-0
-10	-5	-2.9072732700674195	0	8.09344276058766	-3.3682650657745197	3.3566689453125003	0	0	4.541597635884732	-0
-10	-20	-2.9072732700674195	0	8.09344276058766	-3.3682650657745197	3.3566689453125003	0	0	4.541597635884732	-0
-10	-40	-2.9072732700674195	0	8.09344276058766	-3.3682650657745197	3.3566689453125003	0	0	4.541597635884732	-0
-15	40	-2.9072732700674195	0	8.09344276058766	-3.3682650657745197	3.3566689453125003	0	0	3.8782468574861095	-0
-15	20	-2.9072732700674195	0	8.09344276058766	-3.3682650657745197	3.3566689453125003	0	0	3.8782468574861095	-0
-15	10	-2.9072732700674195	0	8.09344276058766	-3.3682650657745197	3.3566689453125003	0	0	3.8782468574861095	-0
-15	5	-2.9072732700674195	0	8.09344276058766	-3.3682650657745197	3.3566689453125003	0	0	3.8782468574861095	-0
-15	2	-2.9072732700674195	0	8.09344276058766	-3.3682650657745197	3.3566689453125003	0	0	3.8782468574861095	-0
-15	0	-2.9072732700674195	0	8.09344276058766	-3.3682650657745197	3.3566689453125003	0	0	3.8782468574861095	-0
-15	-2	-2.9072732700674195	0	8.09344276058766	-3.3682650657745197	3.3566689453125003	0	0	3.8782468574861095	-0
-15	-5	-2.9072732700674195	0	8.09344276058766	-3.3682650657745197	3.3566689453125003	0	0	3.8782468574861095	-0
-15	-10	-2.9072732700674195	0	8.09344276058766	-3.3682650657745197	3.3566689453125003	0	0	3.8782468574861095	-0
-15	-20	-2.9072732700674195	0	8.09344276058766	-3.3682650657745197	3.3566689453125003	0	0	3.8782468574861095	-0
-15	-40	-2.9072732700674195	0	8.09344276058766	-3.3682650657745197	3.3566689453125003	0	0	3.8782468574861095	-0
-30	40	-2.9072732700674195	0	8.09344276058766	-3.3682650657745197	3.3566689453125003	0	0	2.3661424516257177	-0
-30	20	-2.9072732700674195	0	8.09344276058766	-3.3682650657745197	3.3566689453125003	0	0	2.3661424516257177	-0
-30	10	-2.9072732700674195	0	8.09344276058766	-3.3682650657745197	3.3566689453125003	0	0	2.3661424516257177	-0
-30	5	-2.9072732700674195	0	8.09344276058766	-3.3682650657745197	3.3566689453125003	0	0	2.3661424516257177	-0
-30	2	-2.9072732700674195	0	8.09344276058766	-3.3682650657745197	3.3566689453125003	0	0	2.3661424516257177	-0
-30	0	-2.9072732700674195	0	8.09344276058766	-3.3682650657745197	3.3566689453125003	0	0	2.3661424516257177	-0
-30	-2	-2.9072732700674195	0	8.09344276058766	-3.3682650657745197	3.3566689453125003	0	0	2.3661424516257177	-0
-30	-5	-2.9072732700674195	0	8.09344276058766	-3.3682650657745197	3.3566689453125003	0	0	2.3661424516257177	-0
-30	-10	-2.9072732700674195	0	8.09344276058766	-3.3682650657745197	3.3566689453125003	0	0	2.3661424516257177	-0
-30	-20	-2.9072732700674195	0	8.09344276058766	-3.3682650657745197	3.3566689453125003	0	0	2.3661424516257177	-0
-30	-40	-2.9072732700674195	0	8.09344276058766	-3.3682650657745197	3.3566689453125003	0	0	2.3661424516257177	-0
-60	40	-2.9072732700674195	0.052394399576417	9.36345816321373	-2.3575090111146206	3.9966845737042322	0.012211206557432241	0.008863039370632708	1.3152333231795232	-0.2431092216897127
-60	20	-2.9072732700674195	0.0000037463557874054023	9.492327619592398	-2.2534223510528393	3.3852888179448137	0.000000014768780557880556	0.00000002656952082110385	1.3152333231795232	-0.000015204424960128035
-60	10	-2.9072732700674195	0	8.09344276058766	-3.3682650657745197	3.3566689453125003	0	0	1.3152333231795232	-0
-60	5	-2.9072732700674195	0	8.09344276058766	-3.3682650657745197	3.3566689453125003	0	0	1.3152333231795232	-0
-60	2	-2.9072732700674195	0	8.09344276058766	-3.3682650657745197	3.3566689453125003	0	0	1.3152333231795232	-0
-60	0	-2.9072732700674195	0	8.09344276058766	-3.3682650657745197	3.3566689453125003	0	0	1.3152333231795232	-0
-60	-2	-2.9072732700674195	0	8.09344276058766	-3.3682650657745197	3.3566689453125003	0	0	1.3152333231795232	-0
-60	-5	-2.9072732700674195	0	8.09344276058766	-3.3682650657745197	3.3566689453125003	0	0	1.3152333231795232	-0
-60	-10	-2.9072732700674195	0	8.09344276058766	-3.3682650657745197	3.3566689453125003	0	0	1.3152333231795232	-0
-60	-20	-2.9072732700674195	0	8.09344276058766	-3.3682650657745197	3.3566689453125003	0	0	1.3152333231795232	-0
-60	-40	-2.9072732700674195	0.021592006279492485	6.135310701443355	-2.3325629342542187	5.348217361010589	0.006954641610109391	0.006552364919107934	1.3152333231795232	-0.12518988166101985
60	40	-4.070182578094387	0	8.09344276058766	-3.3682650657745197	3.3566689453125003	0	0	3.2059582381643934	0
60	20	-4.070182578094387	0	8.09344276058766	-3.3682650657745197	3.3566689453125003	0	0	3.2059582381643934	0
60	10	-4.070182578094387	0	8.09344276058766	-3.3682650657745197	3.3566689453125003	0	0	3.2059582381643934	0
60	5	-4.070182578094387	0	8.09344276058766	-3.3682650657745197	3.3566689453125003	0	0	3.2059582381643934	0
60	2	-4.070182578094387	0	8.09344276058766	-3.3682650657745197	3.3566689453125003	0	0	3.2059582381643934	0
60	0	-4.070182578094387	0	8.09344276058766	-3.3682650657745197	3.3566689453125003	0	0	3.2059582381643934	0
60	-2	-4.070182578094387	0	8.09344276058766	-3.3682650657745197	3.3566689453125003	0	0	3.2059582381643934	0
60	-5	-4.070182578094387	0	8.09344276058766	-3.3682650657745197	3.3566689453125003	0	0	3.2059582381643934	0
60	-10	-4.070182578094387	0	8.09344276058766	-3.3682650657745197	3.3566689453125003	0	0	3.2059582381643934	0
60	-20	-4.070182578094387	0	8.09344276058766	-3.3682650657745197	3.3566689453125003	0	0	3.2059582381643934	0
60	-40	-4.070182578094387	0	8.09344276058766	-3.3682650657745197	3.3566689453125003	0	0	3.2059582381643934	0
30	40	-4.070182578094387	0	8.09344276058766	-3.3682650657745197	3.3566689453125003	0	0	10.324851400143919	-0
30	20	-4.070182578094387	0	8.09344276058766	-3.3682650657745197	3.3566689453125003	0	0	10.324851400143919	-0
30	10	-4.070182578094387	0	8.09344276058766	-3.3682650657745197	3.3566689453125003	0	0	10.324851400143919	-0
30	5	-4.070182578094387	0	8.09344276058766	-3.3682650657745197	3.3566689453125003	0	0	10.324851400143919	-0
30	2	-4.070182578094387	0	8.09344276058766	-3.3682650657745197	3.3566689453125003	0	0	10.324851400143919	-0
30	0	-4.070182578094387	0	8.09344276058766	-3.3682650657745197	3.3566689453125003	0	0	10.324851400143919	-0
30	-2	-4.070182578094387	0	8.09344276058766	-3.3682650657745197	3.3566689453125003	0	0	10.324851400143919	-0
30	-5	-4.070182578094387	0	8.09344276058766	-3.3682650657745197	3.3566689453125003	0	0	10.324851400143919	-0
30	-10	-4.070182578094387	0	8.09344276058766	-3.3682650657745197	3.3566689453125003	0	0	10.324851400143919	-0
30	-20	-4.070182578094387	0	8.09344276058766	-3.3682650657745197	3.3566689453125003	0	0	10.324851400143919	-0
30	-40	-4.070182578094387	0	8.09344276058766	-3.3682650657745197	3.3566689453125003	0	0	10.324851400143919	-0
15	40	-4.070182578094387	0	8.09344276058766	-3.3682650657745197	3.3566689453125003	0	0	9.104675089085017	-0
15	20	-4.070182578094387	0	8.09344276058766	-3.3682650657745197	3.3566689453125003	0	0	9.104675089085017	-0
15	10	-4.070182578094387	0	8.09344276058766	-3.3682650657745197	3.3566689453125003	0	0	9.104675089085017	-0
15	5	-4.070182578094387	0	8.09344276058766	-3.3682650657745197	3.3566689453125003	0	0	9.104675089085017	-0
15	2	-4.070182578094387	0	8.09344276058766	-3.3682650657745197	3.3566689453125003	0	0	9.104675089085017	-0
15	0	-4.070182578094387	0	8.09344276058766	-3.3682650657745197	3.3566689453125003	0	0	9.104675089085017	-0
15	-2	-4.070182578094387	0	8.09344276058766	-3.3682650657745197	3.3566689453125003	0	0	9.104675089085017	-0
15	-5	-4.070182578094387	0	8.09344276058766	-3.3682650657745197	3.3566689453125003	0	0	9.104675089085017	-0
15	-10	-4.070182578094387	0	8.09344276058766	-3.3682650657745197	3.3566689453125003	0	0	9.104675089085017	-0
15	-20	-4.070182578094387	0	8.09344276058766	-3.3682650657745197	3.3566689453125003	0	0	9.104675089085017	-0
15	-40	-4.070182578094387	0	8.09344276058766	-3.3682650657745197	3.3566689453125003	0	0	9.104675089085017	-0
10	40	-4.070182578094387	0	8.09344276058766	-3.3682650657745197	3.3566689453125003	0	0	8.028705009901106	-0
10	20	-4.070182578094387	0	8.09344276058766	-3.3682650657745197	3.3566689453125003	0	0	8.028705009901106	-0
10	10	-4.070182578094387	0	8.09344276058766	-3.3682650657745197	3.3566689453125003	0	0	8.028705009901106	-0
10	5	-4.070182578094387	0	8.09344276058766	-3.3682650657745197	3.3566689453125003	0	0	8.028705009901106	-0
10	2	-4.070182578094387	0	8.09344276058766	-3.3682650657745197	3.3566689453125003	0	0	8.028705009901106	-0
10	0	-4.070182578094387	0	8.09344276058766	-3.3682650657745197	3.3566689453125003	0	0	8.028705009901106	-0
10	-2	-4.070182578094387	0	8.09344276058766	-3.3682650657745197	3.3566689453125003	0	0	8.028705009901106	-0
10	-5	-4.070182578094387	0	8.09344276058766	-3.3682650657745197	3.3566689453125003	0	0	8.028705009901106	-0
10	-10	-4.070182578094387	0	8.09344276058766	-3.3682650657745197	3.3566689453125003	0	0	8.028705009901106	-0
10	-20	-4.070182578094387	0	8.09344276058766	-3.3682650657745197	3.3566689453125003	0	0	8.028705009901106	-0
10	-40	-4.070182578094387	0	8.09344276058766	-3.3682650657745197	3.3566689453125003	0	0	8.028705009901106	-0
5	40	-4.070182578094387	0	8.09344276058766	-3.3682650657745197	3.3566689453125003	0	0	8.134633626763081	-0
5	20	-4.070182578094387	0	8.09344276058766	-3.3682650657745197	3.3566689453125003	0	0	8.134633626763081	-0
5	10	-4.070182578094387	0	8.09344276058766	-3.3682650657745197	3.3566689453125003	0	0	8.134633626763081	-0
5	5	-4.070182578094387	0	8.09344276058766	-3.3682650657745197	3.3566689453125003	0	0	8.134633626763081	-0
5	2	-4.070182578094387	0	8.09344276058766	-3.3682650657745197	3.3566689453125003	0	0	8.134633626763081	-0
5	0	-4.070182578094387	0	8.09344276058766	-3.3682650657745197	3.3566689453125003	0	0	8.134633626763081	-0
5	-2	-4.070182578094387	0	8.09344276058766	-3.3682650657745197	3.3566689453125003	0	0	8.134633626763081	-0
5	-5	-4.070182578094387	0	8.09344276058766	-3.3682650657745197	3.3566689453125003	0	0	8.134633626763081	-0
5	-10	-4.070182578094387	0	8.09344276058766	-3.3682650657745197	3.3566689453125003	0	0	8.134633626763081	-0
5	-20	-4.070182578094387	0	8.09344276058766	-3.3682650657745197	3.3566689453125003	0	0	8.134633626763081	-0
5	-40	-4.070182578094387	0	8.09344276058766	-3.3682650657745197	3.3566689453125003	0	0	8.134633626763081	-0
2	40	-4.070182578094387	0	8.09344276058766	-3.3682650657745197	3.3566689453125003	0	0	7.478999948029685	-0
2	20	-4.070182578094387	0	8.09344276058766	-3.3682650657745197	3.3566689453125003	0	0	7.478999948029685	-0
2	10	-4.070182578094387	0	8.09344276058766	-3.3682650657745197	3.3566689453125003	0	0	7.478999948029685	-0
2	5	-4.070182578094387	0	8.09344276058766	-3.3682650657745197	3.3566689453125003	0	0	7.478999948029685	-0
2	2	-4.070182578094387	0	8.09344276058766	-3.3682650657745197	3.3566689453125003	0	0	7.478999948029685	-0
2	0	-4.070182578094387	0	8.09344276058766	-3.3682650657745197	3.3566689453125003	0	0	7.478999948029685	-0
2	-2	-4.070182578094387	0	8.09344276058766	-3.3682650657745197	3.3566689453125003	0	0	7.478999948029685	-0
2	-5	-4.070182578094387	0	8.09344276058766	-3.3682650657745197	3.3566689453125003	0	0	7.478999948029685	-0
2	-10	-4.070182578094387	0	8.09344276058766	-3.3682650657745197	3.3566689453125003	0	0	7.478999948029685	-0
2	-20	-4.070182578094387	0	8.09344276058766	-3.3682650657745197	3.3566689453125003	0	0	7.478999948029685	-0
2	-40	-4.070182578094387	0	8.09344276058766	-3.3682650657745197	3.3566689453125003	0	0	7.478999948029685	-0
0	40	-4.070182578094387	0	8.09344276058766	-3.3682650657745197	3.3566689453125003	0	0	6.841467529772567	-0
0	20	-4.070182578094387	0	8.09344276058766	-3.3682650657745197	3.3566689453125003	0	0	6.841467529772567	-0
0	10	-4.070182578094387	0	8.09344276058766	-3.3682650657745197	3.3566689453125003	0	0	6.841467529772567	-0
0	5	-4.070182578094387	0	8.09344276058766	-3.3682650657745197	3.3566689453125003	0	0	6.841467529772567	-0
0	2	-4.070182578094387	0	8.09344276058766	-3.3682650657745197	3.3566689453125003	0	0	6.841467529772567	-0
0	0	-4.070182578094387	0	8.09344276058766	-3.3682650657745197	3.3566689453125003	0	0	6.841467529772567	-0
0	-2	-4.070182578094387	0	8.09344276058766	-3.3682650657745197	3.3566689453125003	0	0	6.841467529772567	-0
0	-5	-4.070182578094387	0	8.09344276058766	-3.3682650657745197	3.3566689453125003	0	0	6.841467529772567	-0
0	-10	-4.070182578094387	0	8.09344276058766	-3.3682650657745197	3.3566689453125003	0	0	6.841467529772567	-0
0	-20	-4.070182578094387	0	8.09344276058766	-3.3682650657745197	3.3566689453125003	0	0	6.841467529772567	-0
0	-40	-4.070182578094387	0	8.09344276058766	-3.3682650657745197	3.3566689453125003	0	0	6.841467529772567	-0
-2	40	-4.070182578094387	0	8.09344276058766	-3.3682650657745197	3.3566689453125003	0	0	6.257692491828874	-0
-2	20	-4.070182578094387	0	8.09344276058766	-3.3682650657745197	3.3566689453125003	0	0	6.257692491828874	-0
-2	10	-4.070182578094387	0	8.09344276058766	-3.3682650657745197	3.3566689453125003	0	0	6.257692491828874	-0
-2	5	-4.070182578094387	0	8.09344276058766	-3.3682650657745197	3.3566689453125003	0	0	6.257692491828874	-0
-2	2	-4.070182578094387	0	8.09344276058766	-3.3682650657745197	3.3566689453125003	0	0	6.257692491828874	-0
-2	0	-4.070182578094387	0	8.09344276058766	-3.3682650657745197	3.3566689453125003	0	0	6.257692491828874	-0
-2	-5	-4.070182578094387	0	8.09344276058766	-3.3682650657745197	3.3566689453125003	0	0	6.257692491828874	-0
-2	-2	-4.070182578094387	0	8.09344276058766	-3.3682650657745197	3.3566689453125003	0	0	6.257692491828874	-0
-2	-10	-4.070182578094387	0	8.09344276058766	-3.3682650657745197	3.3566689453125003	0	0	6.257692491828874	-0
-2	-20	-4.070182578094387	0	8.09344276058766	-3.3682650657745197	3.3566689453125003	0	0	6.257692491828874	-0
-2	-40	-4.070182578094387	0	8.09344276058766	-3.3682650657745197	3.3566689453125003	0	0	6.257692491828874	-0
-5	40	-4.070182578094387	0	8.09344276058766	-3.3682650657745197	3.3566689453125003	0	0	5.525361865020128	-0
-5	20	-4.070182578094387	0	8.09344276058766	-3.3682650657745197	3.3566689453125003	0	0	5.525361865020128	-0
-5	10	-4.070182578094387	0	8.09344276058766	-3.3682650657745197	3.3566689453125003	0	0	5.525361865020128	-0
-5	5	-4.070182578094387	0	8.09344276058766	-3.3682650657745197	3.3566689453125003	0	0	5.525361865020128	-0
-5	2	-4.070182578094387	0	8.09344276058766	-3.3682650657745197	3.3566689453125003	0	0	5.525361865020128	-0
-5	0	-4.070182578094387	0	8.09344276058766	-3.3682650657745197	3.3566689453125003	0	0	5.525361865020128	-0
-5	-2	-4.070182578094387	0	8.09344276058766	-3.3682650657745197	3.3566689453125003	0	0	5.525361865020128	-0
-5	-5	-4.070182578094387	0	8.09344276058766	-3.3682650657745197	3.3566689453125003	0	0	5.525361865020128	-0
-5	-10	-4.070182578094387	0	8.09344276058766	-3.3682650657745197	3.3566689453125003	0	0	5.525361865020128	-0
-5	-20	-4.070182578094387	0	8.09344276058766	-3.3682650657745197	3.3566689453125003	0	0	5.525361865020128	-0
-5	-40	-4.070182578094387	0	8.09344276058766	-3.3682650657745197	3.3566689453125003	0	0	5.525361865020128	-0
-10	40	-4.070182578094387	0	8.09344276058766	-3.3682650657745197	3.3566689453125003	0	0	4.541597635884732	-0
-10	20	-4.070182578094387	0	8.09344276058766	-3.3682650657745197	3.3566689453125003	0	0	4.541597635884732	-0
-10	10	-4.070182578094387	0	8.09344276058766	-3.3682650657745197	3.3566689453125003	0	0	4.541597635884732	-0
-10	5	-4.070182578094387	0	8.09344276058766	-3.3682650657745197	3.3566689453125003	0	0	4.541597635884732	-0
-10	2	-4.070182578094387	0	8.09344276058766	-3.3682650657745197	3.3566689453125003	0	0	4.541597635884732	-0
-10	0	-4.070182578094387	0	8.09344276058766	-3.3682650657745197	3.3566689453125003	0	0	4.541597635884732	-0
-10	-2	-4.070182578094387	0	8.09344276058766	-3.3682650657745197	3.3566689453125003	0	0	4.541597635884732	-0
-10	-5	-4.070182578094387	0	8.09344276058766	-3.3682650657745197	3.3566689453125003	0	0	4.541597635884732	-0
-10	-10	-4.070182578094387	0	8.09344276058766	-3.3682650657745197	3.3566689453125003	0	0	4.541597635884732	-0
-10	-20	-4.070182578094387	0	8.09344276058766	-3.3682650657745197	3.3566689453125003	0	0	4.541597635884732	-0
-10	-40	-4.070182578094387	0	8.09344276058766	-3.3682650657745197	3.3566689453125003	0	0	4.541597635884732	-0
-15	40	-4.070182578094387	0	8.09344276058766	-3.3682650657745197	3.3566689453125003	0	0	3.8782468574861095	-0
-15	20	-4.070182578094387	0	8.09344276058766	-3.3682650657745197	3.3566689453125003	0	0	3.8782468574861095	-0
-15	10	-4.070182578094387	0	8.09344276058766	-3.3682650657745197	3.3566689453125003	0	0	3.8782468574861095	-0
-15	5	-4.070182578094387	0	8.09344276058766	-3.3682650657745197	3.3566689453125003	0	0	3.8782468574861095	-0
-15	2	-4.070182578094387	0	8.09344276058766	-3.3682650657745197	3.3566689453125003	0	0	3.8782468574861095	-0
-15	0	-4.070182578094387	0	8.09344276058766	-3.3682650657745197	3.3566689453125003	0	0	3.8782468574861095	-0
-15	-2	-4.070182578094387	0	8.09344276058766	-3.3682650657745197	3.3566689453125003	0	0	3.8782468574861095	-0
-15	-5	-4.070182578094387	0	8.09344276058766	-3.3682650657745197	3.3566689453125003	0	0	3.8782468574861095	-0
-15	-10	-4.070182578094387	0	8.09344276058766	-3.3682650657745197	3.3566689453125003	0	0	3.8782468574861095	-0
-15	-20	-4.070182578094387	0	8.09344276058766	-3.3682650657745197	3.3566689453125003	0	0	3.8782468574861095	-0
-15	-40	-4.070182578094387	0	8.09344276058766	-3.3682650657745197	3.3566689453125003	0	0	3.8782468574861095	-0
-30	40	-4.070182578094387	0	8.09344276058766	-3.3682650657745197	3.3566689453125003	0	0	2.3661424516257177	-0
-30	20	-4.070182578094387	0	8.09344276058766	-3.3682650657745197	3.3566689453125003	0	0	2.3661424516257177	-0
-30	10	-4.070182578094387	0	8.09344276058766	-3.3682650657745197	3.3566689453125003	0	0	2.3661424516257177	-0
-30	5	-4.070182578094387	0	8.09344276058766	-3.3682650657745197	3.3566689453125003	0	0	2.3661424516257177	-0
-30	2	-4.070182578094387	0	8.09344276058766	-3.3682650657745197	3.3566689453125003	0	0	2.3661424516257177	-0
-30	0	-4.070182578094387	0	8.09344276058766	-3.3682650657745197	3.3566689453125003	0	0	2.3661424516257177	-0
-30	-2	-4.070182578094387	0	8.09344276058766	-3.3682650657745197	3.3566689453125003	0	0	2.3661424516257177	-0
-30	-5	-4.070182578094387	0	8.09344276058766	-3.3682650657745197	3.3566689453125003	0	0	2.3661424516257177	-0
-30	-10	-4.070182578094387	0	8.09344276058766	-3.3682650657745197	3.3566689453125003	0	0	2.3661424516257177	-0
-30	-20	-4.070182578094387	0	8.09344276058766	-3.3682650657745197	3.3566689453125003	0	0	2.3661424516257177	-0
-30	-40	-4.070182578094387	0	8.09344276058766	-3.3682650657745197	3.3566689453125003	0	0	2.3661424516257177	-0
-60	40	-4.070182578094387	0.00019112094719123056	9.47876272509529	-2.264984291126966	3.465961363175089	0.000005532957383008741	0.00000457113136050763	1.3152333231795232	-0.0007901136304242241
-60	20	-4.070182578094387	0	8.09344276058766	-3.3682650657745197	3.3566689453125003	0	0	1.3152333231795232	-0
-60	10	-4.070182578094387	0	8.09344276058766	-3.3682650657745197	3.3566689453125003	0	0	1.3152333231795232	-0
-60	5	-4.070182578094387	0	8.09344276058766	-3.3682650657745197	3.3566689453125003	0	0	1.3152333231795232	-0
-60	2	-4.070182578094387	0	8.09344276058766	-3.3682650657745197	3.3566689453125003	0	0	1.3152333231795232	-0
-60	0	-4.070182578094387	0	8.09344276058766	-3.3682650657745197	3.3566689453125003	0	0	1.3152333231795232	-0
-60	-2	-4.070182578094387	0	8.09344276058766	-3.3682650657745197	3.3566689453125003	0	0	1.3152333231795232	-0
-60	-5	-4.070182578094387	0	8.09344276058766	-3.3682650657745197	3.3566689453125003	0	0	1.3152333231795232	-0
-60	-10	-4.070182578094387	0	8.09344276058766	-3.3682650657745197	3.3566689453125003	0	0	1.3152333231795232	-0
-60	-20	-4.070182578094387	0	8.09344276058766	-3.3682650657745197	3.3566689453125003	0	0	1.3152333231795232	-0
-60	-40	-4.070182578094387	0	8.09344276058766	-3.3682650657745197	3.3566689453125003	0	0	1.3152333231795232	-0
60	40	-5.233091886121356	0	8.09344276058766	-3.3682650657745197	3.3566689453125003	0	0	3.2059582381643934	0
60	20	-5.233091886121356	0	8.09344276058766	-3.3682650657745197	3.3566689453125003	0	0	3.2059582381643934	0
60	10	-5.233091886121356	0	8.09344276058766	-3.3682650657745197	3.3566689453125003	0	0	3.2059582381643934	0
60	5	-5.233091886121356	0	8.09344276058766	-3.3682650657745197	3.3566689453125003	0	0	3.2059582381643934	0
60	2	-5.233091886121356	0	8.09344276058766	-3.3682650657745197	3.3566689453125003	0	0	3.2059582381643934	0
60	0	-5.233091886121356	0	8.09344276058766	-3.3682650657745197	3.3566689453125003	0	0	3.2059582381643934	0
60	-2	-5.233091886121356	0	8.09344276058766	-3.3682650657745197	3.3566689453125003	0	0	3.2059582381643934	0
60	-5	-5.233091886121356	0	8.09344276058766	-3.3682650657745197	3.3566689453125003	0	0	3.2059582381643934	0
60	-10	-5.233091886121356	0	8.09344276058766	-3.3682650657745197	3.3566689453125003	0	0	3.2059582381643934	0
60	-20	-5.233091886121356	0	8.09344276058766	-3.3682650657745197	3.3566689453125003	0	0	3.2059582381643934	0
60	-40	-5.233091886121356	0	8.09344276058766	-3.3682650657745197	3.3566689453125003	0	0	3.2059582381643934	0
30	40	-5.233091886121356	0	8.09344276058766	-3.3682650657745197	3.3566689453125003	0	0	10.324851400143919	-0
30	20	-5.233091886121356	0	8.09344276058766	-3.3682650657745197	3.3566689453125003	0	0	10.324851400143919	-0
30	10	-5.233091886121356	0	8.09344276058766	-3.3682650657745197	3.3566689453125003	0	0	10.324851400143919	-0
30	5	-5.233091886121356	0	8.09344276058766	-3.3682650657745197	3.3566689453125003	0	0	10.324851400143919	-0
30	2	-5.233091886121356	0	8.09344276058766	-3.3682650657745197	3.3566689453125003	0	0	10.324851400143919	-0
30	0	-5.233091886121356	0	8.09344276058766	-3.3682650657745197	3.3566689453125003	0	0	10.324851400143919	-0
30	-2	-5.233091886121356	0	8.09344276058766	-3.3682650657745197	3.3566689453125003	0	0	10.324851400143919	-0
30	-5	-5.233091886121356	0	8.09344276058766	-3.3682650657745197	3.3566689453125003	0	0	10.324851400143919	-0
30	-10	-5.233091886121356	0	8.09344276058766	-3.3682650657745197	3.3566689453125003	0	0	10.324851400143919	-0
30	-20	-5.233091886121356	0	8.09344276058766	-3.3682650657745197	3.3566689453125003	0	0	10.324851400143919	-0
30	-40	-5.233091886121356	0	8.09344276058766	-3.3682650657745197	3.3566689453125003	0	0	10.324851400143919	-0
15	40	-5.233091886121356	0	8.09344276058766	-3.3682650657745197	3.3566689453125003	0	0	9.104675089085017	-0
15	20	-5.233091886121356	0	8.09344276058766	-3.3682650657745197	3.3566689453125003	0	0	9.104675089085017	-0
15	10	-5.233091886121356	0	8.09344276058766	-3.3682650657745197	3.3566689453125003	0	0	9.104675089085017	-0
15	5	-5.233091886121356	0	8.09344276058766	-3.3682650657745197	3.3566689453125003	0	0	9.104675089085017	-0
15	2	-5.233091886121356	0	8.09344276058766	-3.3682650657745197	3.3566689453125003	0	0	9.104675089085017	-0
15	0	-5.233091886121356	0	8.09344276058766	-3.3682650657745197	3.3566689453125003	0	0	9.104675089085017	-0
15	-2	-5.233091886121356	0	8.09344276058766	-3.3682650657745197	3.3566689453125003	0	0	9.104675089085017	-0
15	-5	-5.233091886121356	0	8.09344276058766	-3.3682650657745197	3.3566689453125003	0	0	9.104675089085017	-0
15	-10	-5.233091886121356	0	8.09344276058766	-3.3682650657745197	3.3566689453125003	0	0	9.104675089085017	-0
15	-20	-5.233091886121356	0	8.09344276058766	-3.3682650657745197	3.3566689453125003	0	0	9.104675089085017	-0
15	-40	-5.233091886121356	0	8.09344276058766	-3.3682650657745197	3.3566689453125003	0	0	9.104675089085017	-0
10	40	-5.233091886121356	0	8.09344276058766	-3.3682650657745197	3.3566689453125003	0	0	8.028705009901106	-0
10	20	-5.233091886121356	0	8.09344276058766	-3.3682650657745197	3.3566689453125003	0	0	8.028705009901106	-0
10	10	-5.233091886121356	0	8.09344276058766	-3.3682650657745197	3.3566689453125003	0	0	8.028705009901106	-0
10	5	-5.233091886121356	0	8.09344276058766	-3.3682650657745197	3.3566689453125003	0	0	8.028705009901106	-0
10	2	-5.233091886121356	0	8.09344276058766	-3.3682650657745197	3.3566689453125003	0	0	8.028705009901106	-0
10	0	-5.233091886121356	0	8.09344276058766	-3.3682650657745197	3.3566689453125003	0	0	8.028705009901106	-0
10	-5	-5.233091886121356	0	8.09344276058766	-3.3682650657745197	3.3566689453125003	0	0	8.028705009901106	-0
10	-2	-5.233091886121356	0	8.09344276058766	-3.3682650657745197	3.3566689453125003	0	0	8.028705009901106	-0
10	-10	-5.233091886121356	0	8.09344276058766	-3.3682650657745197	3.3566689453125003	0	0	8.028705009901106	-0
10	-20	-5.233091886121356	0	8.09344276058766	-3.3682650657745197	3.3566689453125003	0	0	8.028705009901106	-0
10	-40	-5.233091886121356	0	8.09344276058766	-3.3682650657745197	3.3566689453125003	0	0	8.028705009901106	-0
5	20	-5.233091886121356	0	8.09344276058766	-3.3682650657745197	3.3566689453125003	0	0	8.134633626763081	-0
5	40	-5.233091886121356	0	8.09344276058766	-3.3682650657745197	3.3566689453125003	0	0	8.134633626763081	-0
5	10	-5.233091886121356	0	8.09344276058766	-3.3682650657745197	3.3566689453125003	0	0	8.134633626763081	-0
5	5	-5.233091886121356	0	8.09344276058766	-3.3682650657745197	3.3566689453125003	0	0	8.134633626763081	-0
5	2	-5.233091886121356	0	8.09344276058766	-3.3682650657745197	3.3566689453125003	0	0	8.134633626763081	-0
5	0	-5.233091886121356	0	8.09344276058766	-3.3682650657745197	3.3566689453125003	0	0	8.134633626763081	-0
5	-2	-5.233091886121356	0	8.09344276058766	-3.3682650657745197	3.3566689453125003	0	0	8.134633626763081	-0
5	-5	-5.233091886121356	0	8.09344276058766	-3.3682650657745197	3.3566689453125003	0	0	8.134633626763081	-0
5	-10	-5.233091886121356	0	8.09344276058766	-3.3682650657745197	3.3566689453125003	0	0	8.134633626763081	-0
5	-20	-5.233091886121356	0	8.09344276058766	-3.3682650657745197	3.3566689453125003	0	0	8.134633626763081	-0
5	-40	-5.233091886121356	0	8.09344276058766	-3.3682650657745197	3.3566689453125003	0	0	8.134633626763081	-0
2	20	-5.233091886121356	0	8.09344276058766	-3.3682650657745197	3.3566689453125003	0	0	7.478999948029685	-0
2	40	-5.233091886121356	0	8.09344276058766	-3.3682650657745197	3.3566689453125003	0	0	7.478999948029685	-0
2	10	-5.233091886121356	0	8.09344276058766	-3.3682650657745197	3.3566689453125003	0	0	7.478999948029685	-0
2	5	-5.233091886121356	0	8.09344276058766	-3.3682650657745197	3.3566689453125003	0	0	7.478999948029685	-0
2	2	-5.233091886121356	0	8.09344276058766	-3.3682650657745197	3.3566689453125003	0	0	7.478999948029685	-0
2	-2	-5.233091886121356	0	8.09344276058766	-3.3682650657745197	3.3566689453125003	0	0	7.478999948029685	-0
2	0	-5.233091886121356	0	8.09344276058766	-3.3682650657745197	3.3566689453125003	0	0	7.478999948029685	-0
2	-5	-5.233091886121356	0	8.09344276058766	-3.3682650657745197	3.3566689453125003	0	0	7.478999948029685	-0
2	-10	-5.233091886121356	0	8.09344276058766	-3.3682650657745197	3.3566689453125003	0	0	7.478999948029685	-0
2	-20	-5.233091886121356	0	8.09344276058766	-3.3682650657745197	3.3566689453125003	0	0	7.478999948029685	-0
2	-40	-5.233091886121356	0	8.09344276058766	-3.3682650657745197	3.3566689453125003	0	0	7.478999948029685	-0
0	40	-5.233091886121356	0	8.09344276058766	-3.3682650657745197	3.3566689453125003	0	0	6.841467529772567	-0
0	20	-5.233091886121356	0	8.09344276058766	-3.3682650657745197	3.3566689453125003	0	0	6.841467529772567	-0
0	10	-5.233091886121356	0	8.09344276058766	-3.3682650657745197	3.3566689453125003	0	0	6.841467529772567	-0
0	5	-5.233091886121356	0	8.09344276058766	-3.3682650657745197	3.3566689453125003	0	0	6.841467529772567	-0
0	2	-5.233091886121356	0	8.09344276058766	-3.3682650657745197	3.3566689453125003	0	0	6.841467529772567	-0
0	0	-5.233091886121356	0	8.09344276058766	-3.3682650657745197	3.3566689453125003	0	0	6.841467529772567	-0
0	-2	-5.233091886121356	0	8.09344276058766	-3.3682650657745197	3.3566689453125003	0	0	6.841467529772567	-0
0	-5	-5.233091886121356	0	8.09344276058766	-3.3682650657745197	3.3566689453125003	0	0	6.841467529772567	-0
0	-10	-5.233091886121356	0	8.09344276058766	-3.3682650657745197	3.3566689453125003	0	0	6.841467529772567	-0
0	-20	-5.233091886121356	0	8.09344276058766	-3.3682650657745197	3.3566689453125003	0	0	6.841467529772567	-0
0	-40	-5.233091886121356	0	8.09344276058766	-3.3682650657745197	3.3566689453125003	0	0	6.841467529772567	-0
-2	40	-5.233091886121356	0	8.09344276058766	-3.3682650657745197	3.3566689453125003	0	0	6.257692491828874	-0
-2	20	-5.233091886121356	0	8.09344276058766	-3.3682650657745197	3.3566689453125003	0	0	6.257692491828874	-0
-2	10	-5.233091886121356	0	8.09344276058766	-3.3682650657745197	3.3566689453125003	0	0	6.257692491828874	-0
-2	5	-5.233091886121356	0	8.09344276058766	-3.3682650657745197	3.3566689453125003	0	0	6.257692491828874	-0
-2	2	-5.233091886121356	0	8.09344276058766	-3.3682650657745197	3.3566689453125003	0	0	6.257692491828874	-0
-2	0	-5.233091886121356	0	8.09344276058766	-3.3682650657745197	3.3566689453125003	0	0	6.257692491828874	-0
-2	-2	-5.233091886121356	0	8.09344276058766	-3.3682650657745197	3.3566689453125003	0	0	6.257692491828874	-0
-2	-5	-5.233091886121356	0	8.09344276058766	-3.3682650657745197	3.3566689453125003	0	0	6.257692491828874	-0
-2	-10	-5.233091886121356	0	8.09344276058766	-3.3682650657745197	3.3566689453125003	0	0	6.257692491828874	-0
-2	-20	-5.233091886121356	0	8.09344276058766	-3.3682650657745197	3.3566689453125003	0	0	6.257692491828874	-0
-2	-40	-5.233091886121356	0	8.09344276058766	-3.3682650657745197	3.3566689453125003	0	0	6.257692491828874	-0
-5	40	-5.233091886121356	0	8.09344276058766	-3.3682650657745197	3.3566689453125003	0	0	5.525361865020128	-0
-5	20	-5.233091886121356	0	8.09344276058766	-3.3682650657745197	3.3566689453125003	0	0	5.525361865020128	-0
-5	10	-5.233091886121356	0	8.09344276058766	-3.3682650657745197	3.3566689453125003	0	0	5.525361865020128	-0
-5	5	-5.233091886121356	0	8.09344276058766	-3.3682650657745197	3.3566689453125003	0	0	5.525361865020128	-0
-5	2	-5.233091886121356	0	8.09344276058766	-3.3682650657745197	3.3566689453125003	0	0	5.525361865020128	-0
-5	0	-5.233091886121356	0	8.09344276058766	-3.3682650657745197	3.3566689453125003	0	0	5.525361865020128	-0
-5	-2	-5.233091886121356	0	8.09344276058766	-3.3682650657745197	3.3566689453125003	0	0	5.525361865020128	-0
-5	-5	-5.233091886121356	0	8.09344276058766	-3.3682650657745197	3.3566689453125003	0	0	5.525361865020128	-0
-5	-10	-5.233091886121356	0	8.09344276058766	-3.3682650657745197	3.3566689453125003	0	0	5.525361865020128	-0
-5	-20	-5.233091886121356	0	8.09344276058766	-3.3682650657745197	3.3566689453125003	0	0	5.525361865020128	-0
-5	-40	-5.233091886121356	0	8.09344276058766	-3.3682650657745197	3.3566689453125003	0	0	5.525361865020128	-0
-10	40	-5.233091886121356	0	8.09344276058766	-3.3682650657745197	3.3566689453125003	0	0	4.541597635884732	-0
-10	20	-5.233091886121356	0	8.09344276058766	-3.3682650657745197	3.3566689453125003	0	0	4.541597635884732	-0
-10	10	-5.233091886121356	0	8.09344276058766	-3.3682650657745197	3.3566689453125003	0	0	4.541597635884732	-0
-10	5	-5.233091886121356	0	8.09344276058766	-3.3682650657745197	3.3566689453125003	0	0	4.541597635884732	-0
-10	2	-5.233091886121356	0	8.09344276058766	-3.3682650657745197	3.3566689453125003	0	0	4.541597635884732	-0
-10	0	-5.233091886121356	0	8.09344276058766	-3.3682650657745197	3.3566689453125003	0	0	4.541597635884732	-0
-10	-2	-5.233091886121356	0	8.09344276058766	-3.3682650657745197	3.3566689453125003	0	0	4.541597635884732	-0
-10	-5	-5.233091886121356	0	8.09344276058766	-3.3682650657745197	3.3566689453125003	0	0	4.541597635884732	-0
-10	-10	-5.233091886121356	0	8.09344276058766	-3.3682650657745197	3.3566689453125003	0	0	4.541597635884732	-0
-10	-20	-5.233091886121356	0	8.09344276058766	-3.3682650657745197	3.3566689453125003	0	0	4.541597635884732	-0
-10	-40	-5.233091886121356	0	8.09344276058766	-3.3682650657745197	3.3566689453125003	0	0	4.541597635884732	-0
-15	40	-5.233091886121356	0	8.09344276058766	-3.3682650657745197	3.3566689453125003	0	0	3.8782468574861095	-0
-15	20	-5.233091886121356	0	8.09344276058766	-3.3682650657745197	3.3566689453125003	0	0	3.8782468574861095	-0
-15	10	-5.233091886121356	0	8.09344276058766	-3.3682650657745197	3.3566689453125003	0	0	3.8782468574861095	-0
-15	5	-5.233091886121356	0	8.09344276058766	-3.3682650657745197	3.3566689453125003	0	0	3.8782468574861095	-0
-15	2	-5.233091886121356	0	8.09344276058766	-3.3682650657745197	3.3566689453125003	0	0	3.8782468574861095	-0
-15	0	-5.233091886121356	0	8.09344276058766	-3.3682650657745197	3.3566689453125003	0	0	3.8782468574861095	-0
-15	-2	-5.233091886121356	0	8.09344276058766	-3.3682650657745197	3.3566689453125003	0	0	3.8782468574861095	-0
-15	-5	-5.233091886121356	0	8.09344276058766	-3.3682650657745197	3.3566689453125003	0	0	3.8782468574861095	-0
-15	-10	-5.233091886121356	0	8.09344276058766	-3.3682650657745197	3.3566689453125003	0	0	3.8782468574861095	-0
-15	-20	-5.233091886121356	0	8.09344276058766	-3.3682650657745197	3.3566689453125003	0	0	3.8782468574861095	-0
-15	-40	-5.233091886121356	0	8.09344276058766	-3.3682650657745197	3.3566689453125003	0	0	3.8782468574861095	-0
-30	40	-5.233091886121356	0	8.09344276058766	-3.3682650657745197	3.3566689453125003	0	0	2.3661424516257177	-0
-30	20	-5.233091886121356	0	8.09344276058766	-3.3682650657745197	3.3566689453125003	0	0	2.3661424516257177	-0
-30	10	-5.233091886121356	0	8.09344276058766	-3.3682650657745197	3.3566689453125003	0	0	2.3661424516257177	-0
-30	5	-5.233091886121356	0	8.09344276058766	-3.3682650657745197	3.3566689453125003	0	0	2.3661424516257177	-0
-30	2	-5.233091886121356	0	8.09344276058766	-3.3682650657745197	3.3566689453125003	0	0	2.3661424516257177	-0
-30	0	-5.233091886121356	0	8.09344276058766	-3.3682650657745197	3.3566689453125003	0	0	2.3661424516257177	-0
-30	-2	-5.233091886121356	0	8.09344276058766	-3.3682650657745197	3.3566689453125003	0	0	2.3661424516257177	-0
-30	-5	-5.233091886121356	0	8.09344276058766	-3.3682650657745197	3.3566689453125003	0	0	2.3661424516257177	-0
-30	-10	-5.233091886121356	0	8.09344276058766	-3.3682650657745197	3.3566689453125003	0	0	2.3661424516257177	-0
-30	-20	-5.233091886121356	0	8.09344276058766	-3.3682650657745197	3.3566689453125003	0	0	2.3661424516257177	-0
-30	-40	-5.233091886121356	0	8.09344276058766	-3.3682650657745197	3.3566689453125003	0	0	2.3661424516257177	-0
-60	40	-5.233091886121356	0	8.09344276058766	-3.3682650657745197	3.3566689453125003	0	0	1.3152333231795232	-0
-60	20	-5.233091886121356	0	8.09344276058766	-3.3682650657745197	3.3566689453125003	0	0	1.3152333231795232	-0
-60	10	-5.233091886121356	0	8.09344276058766	-3.3682650657745197	3.3566689453125003	0	0	1.3152333231795232	-0
-60	5	-5.233091886121356	0	8.09344276058766	-3.3682650657745197	3.3566689453125003	0	0	1.3152333231795232	-0
-60	2	-5.233091886121356	0	8.09344276058766	-3.3682650657745197	3.3566689453125003	0	0	1.3152333231795232	-0
-60	0	-5.233091886121356	0	8.09344276058766	-3.3682650657745197	3.3566689453125003	0	0	1.3152333231795232	-0
-60	-2	-5.233091886121356	0	8.09344276058766	-3.3682650657745197	3.3566689453125003	0	0	1.3152333231795232	-0
-60	-5	-5.233091886121356	0	8.09344276058766	-3.3682650657745197	3.3566689453125003	0	0	1.3152333231795232	-0
-60	-10	-5.233091886121356	0	8.09344276058766	-3.3682650657745197	3.3566689453125003	0	0	1.3152333231795232	-0
-60	-40	-5.233091886121356	0	8.09344276058766	-3.3682650657745197	3.3566689453125003	0	0	1.3152333231795232	-0
-60	-20	-5.233091886121356	0	8.09344276058766	-3.3682650657745197	3.3566689453125003	0	0	1.3152333231795232	-0
