solid CATIA STL
  facet normal  0.000000e+00  0.000000e+00 -1.000000e+00
    outer loop
      vertex  1.075293e+05  6.654043e+03  1.100000e+03
      vertex  1.078907e+05  6.568542e+03  1.100000e+03
      vertex  1.059700e+05  6.600000e+03  1.100000e+03
    endloop
  endfacet
  facet normal  0.000000e+00  0.000000e+00 -1.000000e+00
    outer loop
      vertex  1.051800e+05  6.600000e+03  1.100000e+03
      vertex  1.051800e+05  7.139135e+03  1.100000e+03
      vertex  1.057825e+05  7.026996e+03  1.100000e+03
    endloop
  endfacet
  facet normal  0.000000e+00  -0.000000e+00 -1.000000e+00
    outer loop
      vertex  1.051800e+05  6.600000e+03  1.100000e+03
      vertex  1.057825e+05  7.026996e+03  1.100000e+03
      vertex  1.061240e+05  6.959579e+03  1.100000e+03
    endloop
  endfacet
  facet normal  0.000000e+00  -0.000000e+00 -1.000000e+00
    outer loop
      vertex  1.051800e+05  6.600000e+03  1.100000e+03
      vertex  1.061240e+05  6.959579e+03  1.100000e+03
      vertex  1.064649e+05  6.889557e+03  1.100000e+03
    endloop
  endfacet
  facet normal  0.000000e+00  -0.000000e+00 -1.000000e+00
    outer loop
      vertex  1.051800e+05  6.600000e+03  1.100000e+03
      vertex  1.064649e+05  6.889557e+03  1.100000e+03
      vertex  1.068052e+05  6.816982e+03  1.100000e+03
    endloop
  endfacet
  facet normal  0.000000e+00  -0.000000e+00 -1.000000e+00
    outer loop
      vertex  1.051800e+05  6.600000e+03  1.100000e+03
      vertex  1.068052e+05  6.816982e+03  1.100000e+03
      vertex  1.071675e+05  6.736887e+03  1.100000e+03
    endloop
  endfacet
  facet normal  0.000000e+00  -0.000000e+00 -1.000000e+00
    outer loop
      vertex  1.051800e+05  6.600000e+03  1.100000e+03
      vertex  1.071675e+05  6.736887e+03  1.100000e+03
      vertex  1.075293e+05  6.654043e+03  1.100000e+03
    endloop
  endfacet
  facet normal  0.000000e+00  0.000000e+00 -1.000000e+00
    outer loop
      vertex  1.051800e+05  6.600000e+03  1.100000e+03
      vertex  1.075293e+05  6.654043e+03  1.100000e+03
      vertex  1.059700e+05  6.600000e+03  1.100000e+03
    endloop
  endfacet
  facet normal  0.000000e+00  0.000000e+00 -1.000000e+00
    outer loop
      vertex  1.199800e+05  2.562950e+03  1.100000e+03
      vertex  1.059700e+05  6.600000e+03  1.100000e+03
      vertex  1.078907e+05  6.568542e+03  1.100000e+03
    endloop
  endfacet
  facet normal  0.000000e+00  0.000000e+00 -1.000000e+00
    outer loop
      vertex  1.199800e+05  2.562950e+03  1.100000e+03
      vertex  1.078907e+05  6.568542e+03  1.100000e+03
      vertex  1.082520e+05  6.480485e+03  1.100000e+03
    endloop
  endfacet
  facet normal  0.000000e+00  0.000000e+00 -1.000000e+00
    outer loop
      vertex  1.199800e+05  2.562950e+03  1.100000e+03
      vertex  1.082520e+05  6.480485e+03  1.100000e+03
      vertex  1.086684e+05  6.375915e+03  1.100000e+03
    endloop
  endfacet
  facet normal  0.000000e+00  0.000000e+00 -1.000000e+00
    outer loop
      vertex  1.199800e+05  2.562950e+03  1.100000e+03
      vertex  1.086684e+05  6.375915e+03  1.100000e+03
      vertex  1.090847e+05  6.268270e+03  1.100000e+03
    endloop
  endfacet
  facet normal  0.000000e+00  0.000000e+00 -1.000000e+00
    outer loop
      vertex  1.199800e+05  2.562950e+03  1.100000e+03
      vertex  1.090847e+05  6.268270e+03  1.100000e+03
      vertex  1.095010e+05  6.157738e+03  1.100000e+03
    endloop
  endfacet
  facet normal  0.000000e+00  0.000000e+00 -1.000000e+00
    outer loop
      vertex  1.199800e+05  2.562950e+03  1.100000e+03
      vertex  1.095010e+05  6.157738e+03  1.100000e+03
      vertex  1.099176e+05  6.044519e+03  1.100000e+03
    endloop
  endfacet
  facet normal  0.000000e+00  0.000000e+00 -1.000000e+00
    outer loop
      vertex  1.199800e+05  2.562950e+03  1.100000e+03
      vertex  1.099176e+05  6.044519e+03  1.100000e+03
      vertex  1.103711e+05  5.918517e+03  1.100000e+03
    endloop
  endfacet
  facet normal  0.000000e+00  0.000000e+00 -9.999999e-01
    outer loop
      vertex  1.199800e+05  2.562950e+03  1.100000e+03
      vertex  1.103711e+05  5.918517e+03  1.100000e+03
      vertex  1.108250e+05  5.789846e+03  1.100000e+03
    endloop
  endfacet
  facet normal  0.000000e+00  0.000000e+00 -1.000000e+00
    outer loop
      vertex  1.199800e+05  2.562950e+03  1.100000e+03
      vertex  1.108250e+05  5.789846e+03  1.100000e+03
      vertex  1.117347e+05  5.525608e+03  1.100000e+03
    endloop
  endfacet
  facet normal  0.000000e+00  0.000000e+00 -1.000000e+00
    outer loop
      vertex  1.199800e+05  2.562950e+03  1.100000e+03
      vertex  1.117347e+05  5.525608e+03  1.100000e+03
      vertex  1.123670e+05  5.338035e+03  1.100000e+03
    endloop
  endfacet
  facet normal  0.000000e+00  0.000000e+00 -1.000000e+00
    outer loop
      vertex  1.199800e+05  2.562950e+03  1.100000e+03
      vertex  1.123670e+05  5.338035e+03  1.100000e+03
      vertex  1.136371e+05  4.955372e+03  1.100000e+03
    endloop
  endfacet
  facet normal  0.000000e+00  0.000000e+00 -1.000000e+00
    outer loop
      vertex  1.199800e+05  2.562950e+03  1.100000e+03
      vertex  1.136371e+05  4.955372e+03  1.100000e+03
      vertex  1.150040e+05  4.541042e+03  1.100000e+03
    endloop
  endfacet
  facet normal  0.000000e+00  0.000000e+00 -1.000000e+00
    outer loop
      vertex  1.199800e+05  2.562950e+03  1.100000e+03
      vertex  1.150040e+05  4.541042e+03  1.100000e+03
      vertex  1.156918e+05  4.333894e+03  1.100000e+03
    endloop
  endfacet
  facet normal  0.000000e+00  0.000000e+00 -1.000000e+00
    outer loop
      vertex  1.199800e+05  2.562950e+03  1.100000e+03
      vertex  1.156918e+05  4.333894e+03  1.100000e+03
      vertex  1.167484e+05  4.019935e+03  1.100000e+03
    endloop
  endfacet
  facet normal  0.000000e+00  0.000000e+00 -1.000000e+00
    outer loop
      vertex  1.199800e+05  2.562950e+03  1.100000e+03
      vertex  1.167484e+05  4.019935e+03  1.100000e+03
      vertex  1.178131e+05  3.711298e+03  1.100000e+03
    endloop
  endfacet
  facet normal  0.000000e+00  0.000000e+00 -1.000000e+00
    outer loop
      vertex  1.199800e+05  2.562950e+03  1.100000e+03
      vertex  1.178131e+05  3.711298e+03  1.100000e+03
      vertex  1.183514e+05  3.558987e+03  1.100000e+03
    endloop
  endfacet
  facet normal  0.000000e+00  0.000000e+00 -1.000000e+00
    outer loop
      vertex  1.199800e+05  2.562950e+03  1.100000e+03
      vertex  1.183514e+05  3.558987e+03  1.100000e+03
      vertex  1.188919e+05  3.408929e+03  1.100000e+03
    endloop
  endfacet
  facet normal  0.000000e+00  0.000000e+00 -1.000000e+00
    outer loop
      vertex  1.199800e+05  2.562950e+03  1.100000e+03
      vertex  1.188919e+05  3.408929e+03  1.100000e+03
      vertex  1.194348e+05  3.261387e+03  1.100000e+03
    endloop
  endfacet
  facet normal  0.000000e+00  0.000000e+00 -9.999999e-01
    outer loop
      vertex  1.199800e+05  2.562950e+03  1.100000e+03
      vertex  1.194348e+05  3.261387e+03  1.100000e+03
      vertex  1.199800e+05  3.116598e+03  1.100000e+03
    endloop
  endfacet
  facet normal  2.164403e-01  7.536526e-01 -6.206137e-01
    outer loop
      vertex  1.171897e+05  3.910169e+03  1.124110e+03
      vertex  1.180593e+05  3.660443e+03  1.124110e+03
      vertex  1.178131e+05  3.711298e+03  1.100000e+03
    endloop
  endfacet
  facet normal  2.255284e-01  7.779906e-01 -5.864022e-01
    outer loop
      vertex  1.178131e+05  3.711298e+03  1.100000e+03
      vertex  1.167484e+05  4.019935e+03  1.100000e+03
      vertex  1.171897e+05  3.910169e+03  1.124110e+03
    endloop
  endfacet
  facet normal  2.323184e-01  7.680038e-01 -5.968235e-01
    outer loop
      vertex  1.132445e+05  5.092023e+03  1.124110e+03
      vertex  1.147732e+05  4.629596e+03  1.124110e+03
      vertex  1.150040e+05  4.541042e+03  1.100000e+03
    endloop
  endfacet
  facet normal  2.376614e-01  7.840415e-01 -5.734074e-01
    outer loop
      vertex  1.132445e+05  5.092023e+03  1.124110e+03
      vertex  1.150040e+05  4.541042e+03  1.100000e+03
      vertex  1.136371e+05  4.955372e+03  1.100000e+03
    endloop
  endfacet
  facet normal  2.331156e-01  7.737405e-01 -5.890524e-01
    outer loop
      vertex  1.132445e+05  5.092023e+03  1.124110e+03
      vertex  1.136371e+05  4.955372e+03  1.100000e+03
      vertex  1.123670e+05  5.338035e+03  1.100000e+03
    endloop
  endfacet
  facet normal  2.384691e-01  7.960476e-01 -5.562739e-01
    outer loop
      vertex  1.132445e+05  5.092023e+03  1.124110e+03
      vertex  1.123670e+05  5.338035e+03  1.100000e+03
      vertex  1.122594e+05  5.387122e+03  1.124110e+03
    endloop
  endfacet
  facet normal  2.069187e-01  7.791842e-01 -5.916559e-01
    outer loop
      vertex  1.199800e+05  3.134905e+03  1.124110e+03
      vertex  1.199800e+05  3.116598e+03  1.100000e+03
      vertex  1.195379e+05  3.252311e+03  1.124110e+03
    endloop
  endfacet
  facet normal  2.068983e-01  7.791312e-01 -5.917326e-01
    outer loop
      vertex  1.195379e+05  3.252311e+03  1.124110e+03
      vertex  1.199800e+05  3.116598e+03  1.100000e+03
      vertex  1.194348e+05  3.261387e+03  1.100000e+03
    endloop
  endfacet
  facet normal  2.090843e-01  7.680960e-01 -6.052375e-01
    outer loop
      vertex  1.195379e+05  3.252311e+03  1.124110e+03
      vertex  1.194348e+05  3.261387e+03  1.100000e+03
      vertex  1.187949e+05  3.454555e+03  1.124110e+03
    endloop
  endfacet
  facet normal  2.076975e-01  7.641780e-01 -6.106502e-01
    outer loop
      vertex  1.187949e+05  3.454555e+03  1.124110e+03
      vertex  1.194348e+05  3.261387e+03  1.100000e+03
      vertex  1.188919e+05  3.408929e+03  1.100000e+03
    endloop
  endfacet
  facet normal  2.168387e-01  7.747614e-01 -5.939071e-01
    outer loop
      vertex  1.187949e+05  3.454555e+03  1.124110e+03
      vertex  1.188919e+05  3.408929e+03  1.100000e+03
      vertex  1.180593e+05  3.660443e+03  1.124110e+03
    endloop
  endfacet
  facet normal  2.074319e-01  7.472134e-01 -6.313828e-01
    outer loop
      vertex  1.180593e+05  3.660443e+03  1.124110e+03
      vertex  1.188919e+05  3.408929e+03  1.100000e+03
      vertex  1.183514e+05  3.558987e+03  1.100000e+03
    endloop
  endfacet
  facet normal  2.177329e-01  7.695017e-01 -6.003829e-01
    outer loop
      vertex  1.180593e+05  3.660443e+03  1.124110e+03
      vertex  1.183514e+05  3.558987e+03  1.100000e+03
      vertex  1.178131e+05  3.711298e+03  1.100000e+03
    endloop
  endfacet
  facet normal  2.300257e-01  7.637479e-01 -6.031396e-01
    outer loop
      vertex  1.150040e+05  4.541042e+03  1.100000e+03
      vertex  1.147732e+05  4.629596e+03  1.124110e+03
      vertex  1.156918e+05  4.333894e+03  1.100000e+03
    endloop
  endfacet
  facet normal  2.289242e-01  7.606756e-01 -6.074259e-01
    outer loop
      vertex  1.156918e+05  4.333894e+03  1.100000e+03
      vertex  1.147732e+05  4.629596e+03  1.124110e+03
      vertex  1.158076e+05  4.318283e+03  1.124110e+03
    endloop
  endfacet
  facet normal  2.280908e-01  7.676499e-01 -5.989058e-01
    outer loop
      vertex  1.156918e+05  4.333894e+03  1.100000e+03
      vertex  1.158076e+05  4.318283e+03  1.124110e+03
      vertex  1.167484e+05  4.019935e+03  1.100000e+03
    endloop
  endfacet
  facet normal  2.315024e-01  7.772849e-01 -5.850084e-01
    outer loop
      vertex  1.167484e+05  4.019935e+03  1.100000e+03
      vertex  1.158076e+05  4.318283e+03  1.124110e+03
      vertex  1.163297e+05  4.162774e+03  1.124110e+03
    endloop
  endfacet
  facet normal  2.210728e-01  7.526542e-01 -6.201923e-01
    outer loop
      vertex  1.167484e+05  4.019935e+03  1.100000e+03
      vertex  1.163297e+05  4.162774e+03  1.124110e+03
      vertex  1.171897e+05  3.910169e+03  1.124110e+03
    endloop
  endfacet
  facet normal  2.334924e-01  7.902127e-01 -5.666085e-01
    outer loop
      vertex  1.122594e+05  5.387122e+03  1.124110e+03
      vertex  1.123670e+05  5.338035e+03  1.100000e+03
      vertex  1.117704e+05  5.531598e+03  1.124110e+03
    endloop
  endfacet
  facet normal  2.374106e-01  8.002951e-01 -5.506033e-01
    outer loop
      vertex  1.117704e+05  5.531598e+03  1.124110e+03
      vertex  1.123670e+05  5.338035e+03  1.100000e+03
      vertex  1.117347e+05  5.525608e+03  1.100000e+03
    endloop
  endfacet
  facet normal  2.337537e-01  8.043792e-01 -5.461990e-01
    outer loop
      vertex  1.117704e+05  5.531598e+03  1.124110e+03
      vertex  1.117347e+05  5.525608e+03  1.100000e+03
      vertex  1.110410e+05  5.743560e+03  1.124110e+03
    endloop
  endfacet
  facet normal  2.332599e-01  8.030473e-01 -5.483655e-01
    outer loop
      vertex  1.110410e+05  5.743560e+03  1.124110e+03
      vertex  1.117347e+05  5.525608e+03  1.100000e+03
      vertex  1.108250e+05  5.789846e+03  1.100000e+03
    endloop
  endfacet
  facet normal  2.341222e-01  8.237246e-01 -5.163958e-01
    outer loop
      vertex  1.110410e+05  5.743560e+03  1.124110e+03
      vertex  1.108250e+05  5.789846e+03  1.100000e+03
      vertex  1.104968e+05  5.898233e+03  1.124110e+03
    endloop
  endfacet
  facet normal  2.324820e-01  8.201723e-01 -5.227519e-01
    outer loop
      vertex  1.104968e+05  5.898233e+03  1.124110e+03
      vertex  1.108250e+05  5.789846e+03  1.100000e+03
      vertex  1.103711e+05  5.918517e+03  1.100000e+03
    endloop
  endfacet
  facet normal  2.309278e-01  8.316723e-01 -5.049688e-01
    outer loop
      vertex  1.104968e+05  5.898233e+03  1.124110e+03
      vertex  1.103711e+05  5.918517e+03  1.100000e+03
      vertex  1.099548e+05  6.048750e+03  1.124110e+03
    endloop
  endfacet
  facet normal  2.313716e-01  8.327299e-01 -5.030190e-01
    outer loop
      vertex  1.099548e+05  6.048750e+03  1.124110e+03
      vertex  1.103711e+05  5.918517e+03  1.100000e+03
      vertex  1.099176e+05  6.044519e+03  1.100000e+03
    endloop
  endfacet
  facet normal  2.264125e-01  8.380998e-01 -4.963126e-01
    outer loop
      vertex  1.099548e+05  6.048750e+03  1.124110e+03
      vertex  1.099176e+05  6.044519e+03  1.100000e+03
      vertex  1.094145e+05  6.194709e+03  1.124110e+03
    endloop
  endfacet
  facet normal  2.310136e-01  8.498745e-01 -4.736517e-01
    outer loop
      vertex  1.094145e+05  6.194709e+03  1.124110e+03
      vertex  1.099176e+05  6.044519e+03  1.100000e+03
      vertex  1.095010e+05  6.157738e+03  1.100000e+03
    endloop
  endfacet
  facet normal  2.195495e-01  8.389158e-01 -4.980145e-01
    outer loop
      vertex  1.094145e+05  6.194709e+03  1.124110e+03
      vertex  1.095010e+05  6.157738e+03  1.100000e+03
      vertex  1.088756e+05  6.335734e+03  1.124110e+03
    endloop
  endfacet
  facet normal  2.313755e-01  8.715628e-01 -4.322541e-01
    outer loop
      vertex  1.088756e+05  6.335734e+03  1.124110e+03
      vertex  1.095010e+05  6.157738e+03  1.100000e+03
      vertex  1.090847e+05  6.268270e+03  1.100000e+03
    endloop
  endfacet
  facet normal  2.113881e-01  8.360677e-01 -5.062667e-01
    outer loop
      vertex  1.088756e+05  6.335734e+03  1.124110e+03
      vertex  1.090847e+05  6.268270e+03  1.100000e+03
      vertex  1.083878e+05  6.459055e+03  1.124110e+03
    endloop
  endfacet
  facet normal  2.303190e-01  8.907489e-01 -3.918158e-01
    outer loop
      vertex  1.083878e+05  6.459055e+03  1.124110e+03
      vertex  1.090847e+05  6.268270e+03  1.100000e+03
      vertex  1.086684e+05  6.375915e+03  1.100000e+03
    endloop
  endfacet
  facet normal  2.169469e-01  8.638488e-01 -4.546420e-01
    outer loop
      vertex  1.083878e+05  6.459055e+03  1.124110e+03
      vertex  1.086684e+05  6.375915e+03  1.100000e+03
      vertex  1.082520e+05  6.480485e+03  1.100000e+03
    endloop
  endfacet
  facet normal  2.142335e-01  8.790850e-01 -4.258094e-01
    outer loop
      vertex  1.083878e+05  6.459055e+03  1.124110e+03
      vertex  1.082520e+05  6.480485e+03  1.100000e+03
      vertex  1.079006e+05  6.577796e+03  1.124110e+03
    endloop
  endfacet
  facet normal  2.143541e-01  8.793631e-01 -4.251741e-01
    outer loop
      vertex  1.079006e+05  6.577796e+03  1.124110e+03
      vertex  1.082520e+05  6.480485e+03  1.100000e+03
      vertex  1.078907e+05  6.568542e+03  1.100000e+03
    endloop
  endfacet
  facet normal  2.068401e-01  8.821284e-01 -4.231628e-01
    outer loop
      vertex  1.079006e+05  6.577796e+03  1.124110e+03
      vertex  1.078907e+05  6.568542e+03  1.100000e+03
      vertex  1.074666e+05  6.679560e+03  1.124110e+03
    endloop
  endfacet
  facet normal  2.113327e-01  8.934615e-01 -3.963143e-01
    outer loop
      vertex  1.074666e+05  6.679560e+03  1.124110e+03
      vertex  1.078907e+05  6.568542e+03  1.100000e+03
      vertex  1.075293e+05  6.654043e+03  1.100000e+03
    endloop
  endfacet
  facet normal  1.996049e-01  8.858816e-01 -4.187739e-01
    outer loop
      vertex  1.074666e+05  6.679560e+03  1.124110e+03
      vertex  1.075293e+05  6.654043e+03  1.100000e+03
      vertex  1.070324e+05  6.777386e+03  1.124110e+03
    endloop
  endfacet
  facet normal  2.081202e-01  9.089407e-01 -3.612655e-01
    outer loop
      vertex  1.070324e+05  6.777386e+03  1.124110e+03
      vertex  1.075293e+05  6.654043e+03  1.100000e+03
      vertex  1.071675e+05  6.736887e+03  1.100000e+03
    endloop
  endfacet
  facet normal  1.982712e-01  8.966715e-01 -3.958136e-01
    outer loop
      vertex  1.070324e+05  6.777386e+03  1.124110e+03
      vertex  1.071675e+05  6.736887e+03  1.100000e+03
      vertex  1.068052e+05  6.816982e+03  1.100000e+03
    endloop
  endfacet
  facet normal  1.964191e-01  9.191490e-01 -3.414450e-01
    outer loop
      vertex  1.070324e+05  6.777386e+03  1.124110e+03
      vertex  1.068052e+05  6.816982e+03  1.100000e+03
      vertex  1.064172e+05  6.908856e+03  1.124110e+03
    endloop
  endfacet
  facet normal  1.955777e-01  9.171323e-01 -3.473006e-01
    outer loop
      vertex  1.064172e+05  6.908856e+03  1.124110e+03
      vertex  1.068052e+05  6.816982e+03  1.100000e+03
      vertex  1.064649e+05  6.889557e+03  1.100000e+03
    endloop
  endfacet
  facet normal  1.877094e-01  9.137973e-01 -3.601939e-01
    outer loop
      vertex  1.064172e+05  6.908856e+03  1.124110e+03
      vertex  1.064649e+05  6.889557e+03  1.100000e+03
      vertex  1.061240e+05  6.959579e+03  1.100000e+03
    endloop
  endfacet
  facet normal  1.865456e-01  9.351866e-01 -3.010427e-01
    outer loop
      vertex  1.064172e+05  6.908856e+03  1.124110e+03
      vertex  1.061240e+05  6.959579e+03  1.100000e+03
      vertex  1.058001e+05  7.031958e+03  1.124110e+03
    endloop
  endfacet
  facet normal  1.831866e-01  9.279720e-01 -3.245157e-01
    outer loop
      vertex  1.058001e+05  7.031958e+03  1.124110e+03
      vertex  1.061240e+05  6.959579e+03  1.100000e+03
      vertex  1.057825e+05  7.026996e+03  1.100000e+03
    endloop
  endfacet
  facet normal  1.722711e-01  9.324822e-01 -3.174894e-01
    outer loop
      vertex  1.058001e+05  7.031958e+03  1.124110e+03
      vertex  1.057825e+05  7.026996e+03  1.100000e+03
      vertex  1.051800e+05  7.146515e+03  1.124110e+03
    endloop
  endfacet
  facet normal  1.752169e-01  9.414154e-01 -2.881601e-01
    outer loop
      vertex  1.051800e+05  7.146515e+03  1.124110e+03
      vertex  1.057825e+05  7.026996e+03  1.100000e+03
      vertex  1.051800e+05  7.139135e+03  1.100000e+03
    endloop
  endfacet
  facet normal  2.251751e-01  8.340436e-01 -5.036540e-01
    outer loop
      vertex  1.195594e+05  3.348280e+03  1.282583e+03
      vertex  1.199800e+05  3.235303e+03  1.283556e+03
      vertex  1.195490e+05  3.303101e+03  1.203115e+03
    endloop
  endfacet
  facet normal  2.245802e-01  8.382145e-01 -4.969508e-01
    outer loop
      vertex  1.195490e+05  3.303101e+03  1.203115e+03
      vertex  1.199800e+05  3.235303e+03  1.283556e+03
      vertex  1.199800e+05  3.187998e+03  1.203766e+03
    endloop
  endfacet
  facet normal  2.185373e-01  8.153629e-01 -5.361202e-01
    outer loop
      vertex  1.195490e+05  3.303101e+03  1.203115e+03
      vertex  1.199800e+05  3.187998e+03  1.203766e+03
      vertex  1.195418e+05  3.270153e+03  1.150078e+03
    endloop
  endfacet
  facet normal  2.185363e-01  8.146484e-01 -5.372058e-01
    outer loop
      vertex  1.195418e+05  3.270153e+03  1.150078e+03
      vertex  1.199800e+05  3.187998e+03  1.203766e+03
      vertex  1.199800e+05  3.140535e+03  1.131791e+03
    endloop
  endfacet
  facet normal  2.099458e-01  7.909077e-01 -5.747937e-01
    outer loop
      vertex  1.195418e+05  3.270153e+03  1.150078e+03
      vertex  1.199800e+05  3.140535e+03  1.131791e+03
      vertex  1.195379e+05  3.252311e+03  1.124110e+03
    endloop
  endfacet
  facet normal  2.094295e-01  7.886389e-01 -5.780900e-01
    outer loop
      vertex  1.195379e+05  3.252311e+03  1.124110e+03
      vertex  1.199800e+05  3.140535e+03  1.131791e+03
      vertex  1.199800e+05  3.134905e+03  1.124110e+03
    endloop
  endfacet
  facet normal  2.148247e-01  7.896796e-01 -5.746794e-01
    outer loop
      vertex  1.195418e+05  3.270153e+03  1.150078e+03
      vertex  1.195379e+05  3.252311e+03  1.124110e+03
      vertex  1.189975e+05  3.418008e+03  1.149809e+03
    endloop
  endfacet
  facet normal  2.153036e-01  7.909434e-01 -5.727590e-01
    outer loop
      vertex  1.189975e+05  3.418008e+03  1.149809e+03
      vertex  1.195379e+05  3.252311e+03  1.124110e+03
      vertex  1.187949e+05  3.454555e+03  1.124110e+03
    endloop
  endfacet
  facet normal  2.151430e-01  7.746050e-01 -5.947273e-01
    outer loop
      vertex  1.189975e+05  3.418008e+03  1.149809e+03
      vertex  1.187949e+05  3.454555e+03  1.124110e+03
      vertex  1.184573e+05  3.567860e+03  1.149540e+03
    endloop
  endfacet
  facet normal  2.195449e-01  7.844305e-01 -5.800593e-01
    outer loop
      vertex  1.184573e+05  3.567860e+03  1.149540e+03
      vertex  1.187949e+05  3.454555e+03  1.124110e+03
      vertex  1.180593e+05  3.660443e+03  1.124110e+03
    endloop
  endfacet
  facet normal  2.149692e-01  7.533963e-01 -6.214358e-01
    outer loop
      vertex  1.184573e+05  3.567860e+03  1.149540e+03
      vertex  1.180593e+05  3.660443e+03  1.124110e+03
      vertex  1.173881e+05  3.872480e+03  1.149002e+03
    endloop
  endfacet
  facet normal  2.234265e-01  7.386088e-01 -6.360328e-01
    outer loop
      vertex  1.132445e+05  5.092023e+03  1.124110e+03
      vertex  1.132478e+05  5.110599e+03  1.146848e+03
      vertex  1.147732e+05  4.629596e+03  1.124110e+03
    endloop
  endfacet
  facet normal  2.249729e-01  7.432312e-01 -6.300750e-01
    outer loop
      vertex  1.147732e+05  4.629596e+03  1.124110e+03
      vertex  1.132478e+05  5.110599e+03  1.146848e+03
      vertex  1.147767e+05  4.648490e+03  1.147656e+03
    endloop
  endfacet
  facet normal  2.237670e-01  7.435389e-01 -6.301415e-01
    outer loop
      vertex  1.147732e+05  4.629596e+03  1.124110e+03
      vertex  1.147767e+05  4.648490e+03  1.147656e+03
      vertex  1.158076e+05  4.318283e+03  1.124110e+03
    endloop
  endfacet
  facet normal  2.256144e-01  7.488117e-01 -6.232008e-01
    outer loop
      vertex  1.158076e+05  4.318283e+03  1.124110e+03
      vertex  1.147767e+05  4.648490e+03  1.147656e+03
      vertex  1.158112e+05  4.337230e+03  1.148194e+03
    endloop
  endfacet
  facet normal  2.232065e-01  7.494307e-01 -6.233238e-01
    outer loop
      vertex  1.158076e+05  4.318283e+03  1.124110e+03
      vertex  1.158112e+05  4.337230e+03  1.148194e+03
      vertex  1.163297e+05  4.162774e+03  1.124110e+03
    endloop
  endfacet
  facet normal  2.245325e-01  7.527514e-01 -6.188301e-01
    outer loop
      vertex  1.163297e+05  4.162774e+03  1.124110e+03
      vertex  1.158112e+05  4.337230e+03  1.148194e+03
      vertex  1.163334e+05  4.181692e+03  1.148463e+03
    endloop
  endfacet
  facet normal  2.213420e-01  7.535706e-01 -6.189823e-01
    outer loop
      vertex  1.163297e+05  4.162774e+03  1.124110e+03
      vertex  1.163334e+05  4.181692e+03  1.148463e+03
      vertex  1.171897e+05  3.910169e+03  1.124110e+03
    endloop
  endfacet
  facet normal  2.207857e-01  7.520044e-01 -6.210821e-01
    outer loop
      vertex  1.171897e+05  3.910169e+03  1.124110e+03
      vertex  1.163334e+05  4.181692e+03  1.148463e+03
      vertex  1.173881e+05  3.872480e+03  1.149002e+03
    endloop
  endfacet
  facet normal  2.213837e-01  7.708655e-01 -5.972903e-01
    outer loop
      vertex  1.171897e+05  3.910169e+03  1.124110e+03
      vertex  1.173881e+05  3.872480e+03  1.149002e+03
      vertex  1.180593e+05  3.660443e+03  1.124110e+03
    endloop
  endfacet
  facet normal  2.295517e-01  8.328973e-01 -5.035754e-01
    outer loop
      vertex  1.195594e+05  3.348280e+03  1.282583e+03
      vertex  1.195490e+05  3.303101e+03  1.203115e+03
      vertex  1.188957e+05  3.530246e+03  1.281043e+03
    endloop
  endfacet
  facet normal  2.258596e-01  8.264478e-01 -5.157242e-01
    outer loop
      vertex  1.188957e+05  3.530246e+03  1.281043e+03
      vertex  1.195490e+05  3.303101e+03  1.203115e+03
      vertex  1.190047e+05  3.451428e+03  1.202436e+03
    endloop
  endfacet
  facet normal  2.337458e-01  8.292658e-01 -5.076230e-01
    outer loop
      vertex  1.188957e+05  3.530246e+03  1.281043e+03
      vertex  1.190047e+05  3.451428e+03  1.202436e+03
      vertex  1.182379e+05  3.714730e+03  1.279503e+03
    endloop
  endfacet
  facet normal  2.283609e-01  8.190541e-01 -5.263095e-01
    outer loop
      vertex  1.182379e+05  3.714730e+03  1.279503e+03
      vertex  1.190047e+05  3.451428e+03  1.202436e+03
      vertex  1.184643e+05  3.601652e+03  1.201757e+03
    endloop
  endfacet
  facet normal  2.361043e-01  8.253394e-01 -5.129032e-01
    outer loop
      vertex  1.182379e+05  3.714730e+03  1.279503e+03
      vertex  1.184643e+05  3.601652e+03  1.201757e+03
      vertex  1.173949e+05  3.906733e+03  1.200400e+03
    endloop
  endfacet
  facet normal  2.390573e-01  8.130192e-01 -5.308969e-01
    outer loop
      vertex  1.163399e+05  4.216055e+03  1.199042e+03
      vertex  1.163490e+05  4.262990e+03  1.275007e+03
      vertex  1.173949e+05  3.906733e+03  1.200400e+03
    endloop
  endfacet
  facet normal  2.411463e-01  8.175009e-01 -5.230111e-01
    outer loop
      vertex  1.173949e+05  3.906733e+03  1.200400e+03
      vertex  1.163490e+05  4.262990e+03  1.275007e+03
      vertex  1.172878e+05  3.987490e+03  1.277255e+03
    endloop
  endfacet
  facet normal  2.353420e-01  8.154041e-01 -5.288953e-01
    outer loop
      vertex  1.173949e+05  3.906733e+03  1.200400e+03
      vertex  1.172878e+05  3.987490e+03  1.277255e+03
      vertex  1.182379e+05  3.714730e+03  1.279503e+03
    endloop
  endfacet
  facet normal  2.464299e-01  8.150868e-01 -5.243146e-01
    outer loop
      vertex  1.132531e+05  5.143537e+03  1.194969e+03
      vertex  1.132603e+05  5.187972e+03  1.267432e+03
      vertex  1.147826e+05  4.682434e+03  1.197006e+03
    endloop
  endfacet
  facet normal  2.448115e-01  8.111611e-01 -5.311168e-01
    outer loop
      vertex  1.147826e+05  4.682434e+03  1.197006e+03
      vertex  1.132603e+05  5.187972e+03  1.267432e+03
      vertex  1.147908e+05  4.728560e+03  1.271219e+03
    endloop
  endfacet
  facet normal  2.444150e-01  8.112664e-01 -5.311386e-01
    outer loop
      vertex  1.147826e+05  4.682434e+03  1.197006e+03
      vertex  1.147908e+05  4.728560e+03  1.271219e+03
      vertex  1.158175e+05  4.371526e+03  1.198363e+03
    endloop
  endfacet
  facet normal  2.424717e-01  8.071344e-01 -5.382765e-01
    outer loop
      vertex  1.158175e+05  4.371526e+03  1.198363e+03
      vertex  1.147908e+05  4.728560e+03  1.271219e+03
      vertex  1.163490e+05  4.262990e+03  1.275007e+03
    endloop
  endfacet
  facet normal  2.424050e-01  8.121264e-01 -5.307453e-01
    outer loop
      vertex  1.158175e+05  4.371526e+03  1.198363e+03
      vertex  1.163490e+05  4.262990e+03  1.275007e+03
      vertex  1.163399e+05  4.216055e+03  1.199042e+03
    endloop
  endfacet
  facet normal  2.225826e-01  8.143298e-01 -5.360260e-01
    outer loop
      vertex  1.195490e+05  3.303101e+03  1.203115e+03
      vertex  1.195418e+05  3.270153e+03  1.150078e+03
      vertex  1.190047e+05  3.451428e+03  1.202436e+03
    endloop
  endfacet
  facet normal  2.202494e-01  8.097026e-01 -5.439411e-01
    outer loop
      vertex  1.190047e+05  3.451428e+03  1.202436e+03
      vertex  1.195418e+05  3.270153e+03  1.150078e+03
      vertex  1.189975e+05  3.418008e+03  1.149809e+03
    endloop
  endfacet
  facet normal  2.254146e-01  8.083768e-01 -5.437970e-01
    outer loop
      vertex  1.190047e+05  3.451428e+03  1.202436e+03
      vertex  1.189975e+05  3.418008e+03  1.149809e+03
      vertex  1.184643e+05  3.601652e+03  1.201757e+03
    endloop
  endfacet
  facet normal  2.233749e-01  8.043637e-01 -5.505475e-01
    outer loop
      vertex  1.184643e+05  3.601652e+03  1.201757e+03
      vertex  1.189975e+05  3.418008e+03  1.149809e+03
      vertex  1.184573e+05  3.567860e+03  1.149540e+03
    endloop
  endfacet
  facet normal  2.297003e-01  8.027248e-01 -5.503368e-01
    outer loop
      vertex  1.184643e+05  3.601652e+03  1.201757e+03
      vertex  1.184573e+05  3.567860e+03  1.149540e+03
      vertex  1.173949e+05  3.906733e+03  1.200400e+03
    endloop
  endfacet
  facet normal  2.271742e-01  7.963404e-01 -5.605657e-01
    outer loop
      vertex  1.173949e+05  3.906733e+03  1.200400e+03
      vertex  1.184573e+05  3.567860e+03  1.149540e+03
      vertex  1.173881e+05  3.872480e+03  1.149002e+03
    endloop
  endfacet
  facet normal  2.337067e-01  7.946409e-01 -5.602920e-01
    outer loop
      vertex  1.173949e+05  3.906733e+03  1.200400e+03
      vertex  1.173881e+05  3.872480e+03  1.149002e+03
      vertex  1.163399e+05  4.216055e+03  1.199042e+03
    endloop
  endfacet
  facet normal  2.320583e-01  7.905491e-01 -5.667284e-01
    outer loop
      vertex  1.163399e+05  4.216055e+03  1.199042e+03
      vertex  1.173881e+05  3.872480e+03  1.149002e+03
      vertex  1.163334e+05  4.181692e+03  1.148463e+03
    endloop
  endfacet
  facet normal  2.357436e-01  7.895886e-01 -5.665465e-01
    outer loop
      vertex  1.163399e+05  4.216055e+03  1.199042e+03
      vertex  1.163334e+05  4.181692e+03  1.148463e+03
      vertex  1.158175e+05  4.371526e+03  1.198363e+03
    endloop
  endfacet
  facet normal  2.351292e-01  7.884150e-01 -5.684331e-01
    outer loop
      vertex  1.158175e+05  4.371526e+03  1.198363e+03
      vertex  1.163334e+05  4.181692e+03  1.148463e+03
      vertex  1.158112e+05  4.337230e+03  1.148194e+03
    endloop
  endfacet
  facet normal  2.374190e-01  7.878165e-01 -5.683110e-01
    outer loop
      vertex  1.158175e+05  4.371526e+03  1.198363e+03
      vertex  1.158112e+05  4.337230e+03  1.148194e+03
      vertex  1.147826e+05  4.682434e+03  1.197006e+03
    endloop
  endfacet
  facet normal  2.370519e-01  7.869196e-01 -5.697052e-01
    outer loop
      vertex  1.147826e+05  4.682434e+03  1.197006e+03
      vertex  1.158112e+05  4.337230e+03  1.148194e+03
      vertex  1.147767e+05  4.648490e+03  1.147656e+03
    endloop
  endfacet
  facet normal  2.379297e-01  7.866918e-01 -5.696539e-01
    outer loop
      vertex  1.147826e+05  4.682434e+03  1.197006e+03
      vertex  1.147767e+05  4.648490e+03  1.147656e+03
      vertex  1.132531e+05  5.143537e+03  1.194969e+03
    endloop
  endfacet
  facet normal  2.386981e-01  7.887526e-01 -5.664738e-01
    outer loop
      vertex  1.132531e+05  5.143537e+03  1.194969e+03
      vertex  1.147767e+05  4.648490e+03  1.147656e+03
      vertex  1.132478e+05  5.110599e+03  1.146848e+03
    endloop
  endfacet
  facet normal  0.000000e+00  0.000000e+00  1.000000e+00
    outer loop
      vertex  1.199800e+05  2.562950e+03  3.710000e+03
      vertex  1.199800e+05  3.550000e+03  3.710000e+03
      vertex  1.147500e+05  4.070000e+03  3.710000e+03
    endloop
  endfacet
  facet normal  -0.000000e+00  0.000000e+00  1.000000e+00
    outer loop
      vertex  1.147500e+05  4.070000e+03  3.710000e+03
      vertex  1.199800e+05  3.550000e+03  3.710000e+03
      vertex  1.185000e+05  4.070000e+03  3.710000e+03
    endloop
  endfacet
  facet normal  2.275462e-01  8.317657e-01 -5.063483e-01
    outer loop
      vertex  1.103204e+05  5.997409e+03  1.190979e+03
      vertex  1.095977e+05  6.194505e+03  1.189981e+03
      vertex  1.099606e+05  6.137284e+03  1.259081e+03
    endloop
  endfacet
  facet normal  2.261660e-01  8.410488e-01 -4.914120e-01
    outer loop
      vertex  1.099606e+05  6.137284e+03  1.259081e+03
      vertex  1.095977e+05  6.194505e+03  1.189981e+03
      vertex  1.094185e+05  6.282245e+03  1.257689e+03
    endloop
  endfacet
  facet normal  2.214520e-01  7.391035e-01 -6.361485e-01
    outer loop
      vertex  1.132478e+05  5.110599e+03  1.146848e+03
      vertex  1.132445e+05  5.092023e+03  1.124110e+03
      vertex  1.122623e+05  5.405418e+03  1.146321e+03
    endloop
  endfacet
  facet normal  2.211546e-01  7.382492e-01 -6.372429e-01
    outer loop
      vertex  1.122623e+05  5.405418e+03  1.146321e+03
      vertex  1.132445e+05  5.092023e+03  1.124110e+03
      vertex  1.122594e+05  5.387122e+03  1.124110e+03
    endloop
  endfacet
  facet normal  2.183860e-01  7.389145e-01 -6.374268e-01
    outer loop
      vertex  1.122623e+05  5.405418e+03  1.146321e+03
      vertex  1.122594e+05  5.387122e+03  1.124110e+03
      vertex  1.117731e+05  5.549763e+03  1.146057e+03
    endloop
  endfacet
  facet normal  2.181794e-01  7.383887e-01 -6.381064e-01
    outer loop
      vertex  1.117731e+05  5.549763e+03  1.146057e+03
      vertex  1.122594e+05  5.387122e+03  1.124110e+03
      vertex  1.117704e+05  5.531598e+03  1.124110e+03
    endloop
  endfacet
  facet normal  2.148640e-01  7.391616e-01 -6.383365e-01
    outer loop
      vertex  1.117731e+05  5.549763e+03  1.146057e+03
      vertex  1.117704e+05  5.531598e+03  1.124110e+03
      vertex  1.110434e+05  5.761543e+03  1.145662e+03
    endloop
  endfacet
  facet normal  2.145148e-01  7.381755e-01 -6.395940e-01
    outer loop
      vertex  1.110434e+05  5.761543e+03  1.145662e+03
      vertex  1.117704e+05  5.531598e+03  1.124110e+03
      vertex  1.110410e+05  5.743560e+03  1.124110e+03
    endloop
  endfacet
  facet normal  2.101347e-01  7.391490e-01 -6.399237e-01
    outer loop
      vertex  1.110434e+05  5.761543e+03  1.145662e+03
      vertex  1.110410e+05  5.743560e+03  1.124110e+03
      vertex  1.104911e+05  5.918301e+03  1.145361e+03
    endloop
  endfacet
  facet normal  2.099092e-01  7.385347e-01 -6.407065e-01
    outer loop
      vertex  1.104911e+05  5.918301e+03  1.145361e+03
      vertex  1.110410e+05  5.743560e+03  1.124110e+03
      vertex  1.104968e+05  5.898233e+03  1.124110e+03
    endloop
  endfacet
  facet normal  2.050842e-01  7.386573e-01 -6.421260e-01
    outer loop
      vertex  1.104911e+05  5.918301e+03  1.145361e+03
      vertex  1.104968e+05  5.898233e+03  1.124110e+03
      vertex  1.099409e+05  6.070787e+03  1.145060e+03
    endloop
  endfacet
  facet normal  2.051572e-01  7.388611e-01 -6.418681e-01
    outer loop
      vertex  1.099409e+05  6.070787e+03  1.145060e+03
      vertex  1.104968e+05  5.898233e+03  1.124110e+03
      vertex  1.099548e+05  6.048750e+03  1.124110e+03
    endloop
  endfacet
  facet normal  1.993538e-01  7.379502e-01 -6.447384e-01
    outer loop
      vertex  1.099409e+05  6.070787e+03  1.145060e+03
      vertex  1.099548e+05  6.048750e+03  1.124110e+03
      vertex  1.094082e+05  6.214435e+03  1.144767e+03
    endloop
  endfacet
  facet normal  1.993684e-01  7.379920e-01 -6.446860e-01
    outer loop
      vertex  1.094082e+05  6.214435e+03  1.144767e+03
      vertex  1.099548e+05  6.048750e+03  1.124110e+03
      vertex  1.094145e+05  6.194709e+03  1.124110e+03
    endloop
  endfacet
  facet normal  1.932345e-01  7.380008e-01 -6.465409e-01
    outer loop
      vertex  1.094082e+05  6.214435e+03  1.144767e+03
      vertex  1.094145e+05  6.194709e+03  1.124110e+03
      vertex  1.088769e+05  6.353299e+03  1.144475e+03
    endloop
  endfacet
  facet normal  1.928295e-01  7.368166e-01 -6.480110e-01
    outer loop
      vertex  1.088769e+05  6.353299e+03  1.144475e+03
      vertex  1.094145e+05  6.194709e+03  1.124110e+03
      vertex  1.088756e+05  6.335734e+03  1.124110e+03
    endloop
  endfacet
  facet normal  2.430770e-01  8.159623e-01 -5.245181e-01
    outer loop
      vertex  1.132603e+05  5.187972e+03  1.267432e+03
      vertex  1.132531e+05  5.143537e+03  1.194969e+03
      vertex  1.122725e+05  5.480669e+03  1.264957e+03
    endloop
  endfacet
  facet normal  2.453313e-01  8.207399e-01 -5.159444e-01
    outer loop
      vertex  1.122725e+05  5.480669e+03  1.264957e+03
      vertex  1.132531e+05  5.143537e+03  1.194969e+03
      vertex  1.122667e+05  5.437555e+03  1.193639e+03
    endloop
  endfacet
  facet normal  2.414618e-01  8.217130e-01 -5.162207e-01
    outer loop
      vertex  1.122725e+05  5.480669e+03  1.264957e+03
      vertex  1.122667e+05  5.437555e+03  1.193639e+03
      vertex  1.117821e+05  5.623999e+03  1.263720e+03
    endloop
  endfacet
  facet normal  2.429590e-01  8.239773e-01 -5.118909e-01
    outer loop
      vertex  1.117821e+05  5.623999e+03  1.263720e+03
      vertex  1.122667e+05  5.437555e+03  1.193639e+03
      vertex  1.117771e+05  5.581518e+03  1.192974e+03
    endloop
  endfacet
  facet normal  2.384837e-01  8.250716e-01 -5.122327e-01
    outer loop
      vertex  1.117821e+05  5.623999e+03  1.263720e+03
      vertex  1.117771e+05  5.581518e+03  1.192974e+03
      vertex  1.110504e+05  5.834324e+03  1.261865e+03
    endloop
  endfacet
  facet normal  2.402523e-01  8.284388e-01 -5.059328e-01
    outer loop
      vertex  1.110504e+05  5.834324e+03  1.261865e+03
      vertex  1.117771e+05  5.581518e+03  1.192974e+03
      vertex  1.110466e+05  5.792751e+03  1.191976e+03
    endloop
  endfacet
  facet normal  2.346251e-01  8.297587e-01 -5.064104e-01
    outer loop
      vertex  1.110504e+05  5.834324e+03  1.261865e+03
      vertex  1.110466e+05  5.792751e+03  1.191976e+03
      vertex  1.105045e+05  5.987846e+03  1.260473e+03
    endloop
  endfacet
  facet normal  2.344531e-01  8.294731e-01 -5.069578e-01
    outer loop
      vertex  1.105045e+05  5.987846e+03  1.260473e+03
      vertex  1.110466e+05  5.792751e+03  1.191976e+03
      vertex  1.103204e+05  5.997409e+03  1.190979e+03
    endloop
  endfacet
  facet normal  2.310860e-01  8.363619e-01 -4.970897e-01
    outer loop
      vertex  1.105045e+05  5.987846e+03  1.260473e+03
      vertex  1.103204e+05  5.997409e+03  1.190979e+03
      vertex  1.099606e+05  6.137284e+03  1.259081e+03
    endloop
  endfacet
  facet normal  2.196465e-01  8.427436e-01 -4.914658e-01
    outer loop
      vertex  1.088778e+05  6.422358e+03  1.256297e+03
      vertex  1.094185e+05  6.282245e+03  1.257689e+03
      vertex  1.088778e+05  6.383125e+03  1.188983e+03
    endloop
  endfacet
  facet normal  2.198163e-01  8.363735e-01 -5.021554e-01
    outer loop
      vertex  1.088778e+05  6.383125e+03  1.188983e+03
      vertex  1.094185e+05  6.282245e+03  1.257689e+03
      vertex  1.095977e+05  6.194505e+03  1.189981e+03
    endloop
  endfacet
  facet normal  2.155367e-01  8.198891e-01 -5.304016e-01
    outer loop
      vertex  1.088778e+05  6.383125e+03  1.188983e+03
      vertex  1.095977e+05  6.194505e+03  1.189981e+03
      vertex  1.088774e+05  6.363929e+03  1.159158e+03
    endloop
  endfacet
  facet normal  2.145101e-01  8.137431e-01 -5.401920e-01
    outer loop
      vertex  1.088774e+05  6.363929e+03  1.159158e+03
      vertex  1.095977e+05  6.194505e+03  1.189981e+03
      vertex  1.094082e+05  6.214435e+03  1.144767e+03
    endloop
  endfacet
  facet normal  2.066375e-01  7.894279e-01 -5.780177e-01
    outer loop
      vertex  1.088774e+05  6.363929e+03  1.159158e+03
      vertex  1.094082e+05  6.214435e+03  1.144767e+03
      vertex  1.088769e+05  6.353299e+03  1.144475e+03
    endloop
  endfacet
  facet normal  2.360657e-01  7.894248e-01 -5.666406e-01
    outer loop
      vertex  1.132531e+05  5.143537e+03  1.194969e+03
      vertex  1.132478e+05  5.110599e+03  1.146848e+03
      vertex  1.122667e+05  5.437555e+03  1.193639e+03
    endloop
  endfacet
  facet normal  2.375620e-01  7.930889e-01 -5.608693e-01
    outer loop
      vertex  1.122667e+05  5.437555e+03  1.193639e+03
      vertex  1.132478e+05  5.110599e+03  1.146848e+03
      vertex  1.122623e+05  5.405418e+03  1.146321e+03
    endloop
  endfacet
  facet normal  2.341877e-01  7.939174e-01 -5.611162e-01
    outer loop
      vertex  1.122667e+05  5.437555e+03  1.193639e+03
      vertex  1.122623e+05  5.405418e+03  1.146321e+03
      vertex  1.117771e+05  5.581518e+03  1.192974e+03
    endloop
  endfacet
  facet normal  2.350793e-01  7.956308e-01 -5.583096e-01
    outer loop
      vertex  1.117771e+05  5.581518e+03  1.192974e+03
      vertex  1.122623e+05  5.405418e+03  1.146321e+03
      vertex  1.117731e+05  5.549763e+03  1.146057e+03
    endloop
  endfacet
  facet normal  2.311109e-01  7.965776e-01 -5.586160e-01
    outer loop
      vertex  1.117771e+05  5.581518e+03  1.192974e+03
      vertex  1.117731e+05  5.549763e+03  1.146057e+03
      vertex  1.110466e+05  5.792751e+03  1.191976e+03
    endloop
  endfacet
  facet normal  2.322171e-01  7.991116e-01 -5.545231e-01
    outer loop
      vertex  1.110466e+05  5.792751e+03  1.191976e+03
      vertex  1.117731e+05  5.549763e+03  1.146057e+03
      vertex  1.110434e+05  5.761543e+03  1.145662e+03
    endloop
  endfacet
  facet normal  2.263406e-01  8.004518e-01 -5.550197e-01
    outer loop
      vertex  1.110466e+05  5.792751e+03  1.191976e+03
      vertex  1.110434e+05  5.761543e+03  1.145662e+03
      vertex  1.103204e+05  5.997409e+03  1.190979e+03
    endloop
  endfacet
  facet normal  2.297039e-01  8.082861e-01 -5.421344e-01
    outer loop
      vertex  1.103204e+05  5.997409e+03  1.190979e+03
      vertex  1.110434e+05  5.761543e+03  1.145662e+03
      vertex  1.104911e+05  5.918301e+03  1.145361e+03
    endloop
  endfacet
  facet normal  2.178269e-01  7.958319e-01 -5.649807e-01
    outer loop
      vertex  1.103204e+05  5.997409e+03  1.190979e+03
      vertex  1.104911e+05  5.918301e+03  1.145361e+03
      vertex  1.095977e+05  6.194505e+03  1.189981e+03
    endloop
  endfacet
  facet normal  2.282231e-01  8.223791e-01 -5.211592e-01
    outer loop
      vertex  1.095977e+05  6.194505e+03  1.189981e+03
      vertex  1.104911e+05  5.918301e+03  1.145361e+03
      vertex  1.099409e+05  6.070787e+03  1.145060e+03
    endloop
  endfacet
  facet normal  2.168958e-01  8.031846e-01 -5.548431e-01
    outer loop
      vertex  1.095977e+05  6.194505e+03  1.189981e+03
      vertex  1.099409e+05  6.070787e+03  1.145060e+03
      vertex  1.094082e+05  6.214435e+03  1.144767e+03
    endloop
  endfacet
  facet normal  1.880338e-01  7.500545e-01 -6.340832e-01
    outer loop
      vertex  1.081123e+05  6.538752e+03  1.137113e+03
      vertex  1.082631e+05  6.524655e+03  1.165135e+03
      vertex  1.088769e+05  6.353299e+03  1.144475e+03
    endloop
  endfacet
  facet normal  1.614329e-01  8.240016e-01 -5.431028e-01
    outer loop
      vertex  1.058001e+05  7.031958e+03  1.124110e+03
      vertex  1.057380e+05  7.053260e+03  1.137991e+03
      vertex  1.062941e+05  6.944113e+03  1.137667e+03
    endloop
  endfacet
  facet normal  1.547249e-01  7.756636e-01 -6.118874e-01
    outer loop
      vertex  1.058001e+05  7.031958e+03  1.124110e+03
      vertex  1.062941e+05  6.944113e+03  1.137667e+03
      vertex  1.064172e+05  6.908856e+03  1.124110e+03
    endloop
  endfacet
  facet normal  1.680663e-01  8.054897e-01 -5.682781e-01
    outer loop
      vertex  1.064172e+05  6.908856e+03  1.124110e+03
      vertex  1.062941e+05  6.944113e+03  1.137667e+03
      vertex  1.068484e+05  6.828259e+03  1.137389e+03
    endloop
  endfacet
  facet normal  1.592173e-01  7.450623e-01 -6.477129e-01
    outer loop
      vertex  1.064172e+05  6.908856e+03  1.124110e+03
      vertex  1.068484e+05  6.828259e+03  1.137389e+03
      vertex  1.070324e+05  6.777386e+03  1.124110e+03
    endloop
  endfacet
  facet normal  1.728529e-01  7.817252e-01 -5.991892e-01
    outer loop
      vertex  1.070324e+05  6.777386e+03  1.124110e+03
      vertex  1.068484e+05  6.828259e+03  1.137389e+03
      vertex  1.074017e+05  6.705768e+03  1.137190e+03
    endloop
  endfacet
  facet normal  1.572859e-01  8.029698e-01 -5.748919e-01
    outer loop
      vertex  1.062941e+05  6.944113e+03  1.137667e+03
      vertex  1.057380e+05  7.053260e+03  1.137991e+03
      vertex  1.058007e+05  7.060993e+03  1.165928e+03
    endloop
  endfacet
  facet normal  1.568493e-01  8.016127e-01 -5.769014e-01
    outer loop
      vertex  1.058007e+05  7.060993e+03  1.165928e+03
      vertex  1.064185e+05  6.939539e+03  1.165129e+03
      vertex  1.062941e+05  6.944113e+03  1.137667e+03
    endloop
  endfacet
  facet normal  1.624406e-01  7.786639e-01 -6.060491e-01
    outer loop
      vertex  1.068484e+05  6.828259e+03  1.137389e+03
      vertex  1.062941e+05  6.944113e+03  1.137667e+03
      vertex  1.064185e+05  6.939539e+03  1.165129e+03
    endloop
  endfacet
  facet normal  1.652867e-01  7.868165e-01 -5.946428e-01
    outer loop
      vertex  1.064185e+05  6.939539e+03  1.165129e+03
      vertex  1.070342e+05  6.809797e+03  1.164616e+03
      vertex  1.068484e+05  6.828259e+03  1.137389e+03
    endloop
  endfacet
  facet normal  1.676377e-01  7.582189e-01 -6.300808e-01
    outer loop
      vertex  1.074017e+05  6.705768e+03  1.137190e+03
      vertex  1.068484e+05  6.828259e+03  1.137389e+03
      vertex  1.070342e+05  6.809797e+03  1.164616e+03
    endloop
  endfacet
  facet normal  1.744839e-01  7.760619e-01 -6.060390e-01
    outer loop
      vertex  1.070342e+05  6.809797e+03  1.164616e+03
      vertex  1.076488e+05  6.671561e+03  1.164552e+03
      vertex  1.074017e+05  6.705768e+03  1.137190e+03
    endloop
  endfacet
  facet normal  1.535133e-01  8.998124e-01 -4.083765e-01
    outer loop
      vertex  1.051800e+05  7.218344e+03  1.254375e+03
      vertex  1.054912e+05  7.164692e+03  1.253160e+03
      vertex  1.051800e+05  7.198283e+03  1.210173e+03
    endloop
  endfacet
  facet normal  1.572880e-01  8.774201e-01 -4.532047e-01
    outer loop
      vertex  1.051800e+05  7.198283e+03  1.210173e+03
      vertex  1.054912e+05  7.164692e+03  1.253160e+03
      vertex  1.058011e+05  7.078658e+03  1.194145e+03
    endloop
  endfacet
  facet normal  1.521677e-01  8.562512e-01 -4.936384e-01
    outer loop
      vertex  1.051800e+05  7.198283e+03  1.210173e+03
      vertex  1.058011e+05  7.078658e+03  1.194145e+03
      vertex  1.051800e+05  7.164949e+03  1.152353e+03
    endloop
  endfacet
  facet normal  1.516456e-01  8.367016e-01 -5.262452e-01
    outer loop
      vertex  1.051800e+05  7.164949e+03  1.152353e+03
      vertex  1.058011e+05  7.078658e+03  1.194145e+03
      vertex  1.058007e+05  7.060993e+03  1.165928e+03
    endloop
  endfacet
  facet normal  1.504759e-01  8.278760e-01 -5.403502e-01
    outer loop
      vertex  1.051800e+05  7.164949e+03  1.152353e+03
      vertex  1.058007e+05  7.060993e+03  1.165928e+03
      vertex  1.051800e+05  7.146515e+03  1.124110e+03
    endloop
  endfacet
  facet normal  1.499590e-01  8.138005e-01 -5.614634e-01
    outer loop
      vertex  1.051800e+05  7.146515e+03  1.124110e+03
      vertex  1.058007e+05  7.060993e+03  1.165928e+03
      vertex  1.057380e+05  7.053260e+03  1.137991e+03
    endloop
  endfacet
  facet normal  1.490249e-01  8.066531e-01 -5.719285e-01
    outer loop
      vertex  1.051800e+05  7.146515e+03  1.124110e+03
      vertex  1.057380e+05  7.053260e+03  1.137991e+03
      vertex  1.058001e+05  7.031958e+03  1.124110e+03
    endloop
  endfacet
  facet normal  1.852894e-01  7.381604e-01 -6.486810e-01
    outer loop
      vertex  1.088769e+05  6.353299e+03  1.144475e+03
      vertex  1.088756e+05  6.335734e+03  1.124110e+03
      vertex  1.081123e+05  6.538752e+03  1.137113e+03
    endloop
  endfacet
  facet normal  1.962539e-01  7.762098e-01 -5.991516e-01
    outer loop
      vertex  1.081123e+05  6.538752e+03  1.137113e+03
      vertex  1.088756e+05  6.335734e+03  1.124110e+03
      vertex  1.083878e+05  6.459055e+03  1.124110e+03
    endloop
  endfacet
  facet normal  1.608366e-01  6.736991e-01 -7.212914e-01
    outer loop
      vertex  1.081123e+05  6.538752e+03  1.137113e+03
      vertex  1.083878e+05  6.459055e+03  1.124110e+03
      vertex  1.077570e+05  6.623588e+03  1.137121e+03
    endloop
  endfacet
  facet normal  1.843139e-01  7.563128e-01 -6.277095e-01
    outer loop
      vertex  1.077570e+05  6.623588e+03  1.137121e+03
      vertex  1.083878e+05  6.459055e+03  1.124110e+03
      vertex  1.079006e+05  6.577796e+03  1.124110e+03
    endloop
  endfacet
  facet normal  1.636912e-01  7.083756e-01 -6.865925e-01
    outer loop
      vertex  1.077570e+05  6.623588e+03  1.137121e+03
      vertex  1.079006e+05  6.577796e+03  1.124110e+03
      vertex  1.074017e+05  6.705768e+03  1.137190e+03
    endloop
  endfacet
  facet normal  1.767498e-01  7.537997e-01 -6.328866e-01
    outer loop
      vertex  1.074017e+05  6.705768e+03  1.137190e+03
      vertex  1.079006e+05  6.577796e+03  1.124110e+03
      vertex  1.074666e+05  6.679560e+03  1.124110e+03
    endloop
  endfacet
  facet normal  1.663722e-01  7.383890e-01 -6.535305e-01
    outer loop
      vertex  1.074017e+05  6.705768e+03  1.137190e+03
      vertex  1.074666e+05  6.679560e+03  1.124110e+03
      vertex  1.070324e+05  6.777386e+03  1.124110e+03
    endloop
  endfacet
  facet normal  2.237793e-01  8.311877e-01 -5.089694e-01
    outer loop
      vertex  1.085713e+05  6.503241e+03  1.253609e+03
      vertex  1.088778e+05  6.422358e+03  1.256297e+03
      vertex  1.085708e+05  6.467389e+03  1.194826e+03
    endloop
  endfacet
  facet normal  2.218564e-01  8.423102e-01 -4.912160e-01
    outer loop
      vertex  1.085708e+05  6.467389e+03  1.194826e+03
      vertex  1.088778e+05  6.422358e+03  1.256297e+03
      vertex  1.088778e+05  6.383125e+03  1.188983e+03
    endloop
  endfacet
  facet normal  2.021735e-01  7.778063e-01 -5.950993e-01
    outer loop
      vertex  1.085708e+05  6.467389e+03  1.194826e+03
      vertex  1.088778e+05  6.383125e+03  1.188983e+03
      vertex  1.082631e+05  6.524655e+03  1.165135e+03
    endloop
  endfacet
  facet normal  2.096342e-01  8.210030e-01 -5.310438e-01
    outer loop
      vertex  1.082631e+05  6.524655e+03  1.165135e+03
      vertex  1.088778e+05  6.383125e+03  1.188983e+03
      vertex  1.088774e+05  6.363929e+03  1.159158e+03
    endloop
  endfacet
  facet normal  2.011734e-01  7.904321e-01 -5.785727e-01
    outer loop
      vertex  1.082631e+05  6.524655e+03  1.165135e+03
      vertex  1.088774e+05  6.363929e+03  1.159158e+03
      vertex  1.088769e+05  6.353299e+03  1.144475e+03
    endloop
  endfacet
  facet normal  1.547240e-01  8.387036e-01 -5.221464e-01
    outer loop
      vertex  1.061112e+05  7.051299e+03  1.251021e+03
      vertex  1.064192e+05  6.958333e+03  1.192967e+03
      vertex  1.058016e+05  7.109037e+03  1.252030e+03
    endloop
  endfacet
  facet normal  1.689305e-01  8.721974e-01 -4.590581e-01
    outer loop
      vertex  1.058016e+05  7.109037e+03  1.252030e+03
      vertex  1.064192e+05  6.958333e+03  1.192967e+03
      vertex  1.058011e+05  7.078658e+03  1.194145e+03
    endloop
  endfacet
  facet normal  1.551089e-01  8.742515e-01 -4.600278e-01
    outer loop
      vertex  1.058016e+05  7.109037e+03  1.252030e+03
      vertex  1.058011e+05  7.078658e+03  1.194145e+03
      vertex  1.054912e+05  7.164692e+03  1.253160e+03
    endloop
  endfacet
  facet normal  1.641344e-01  8.198120e-01 -5.486057e-01
    outer loop
      vertex  1.067284e+05  6.929241e+03  1.249545e+03
      vertex  1.070351e+05  6.829525e+03  1.192299e+03
      vertex  1.064201e+05  6.991397e+03  1.250177e+03
    endloop
  endfacet
  facet normal  1.774017e-01  8.508790e-01 -4.945033e-01
    outer loop
      vertex  1.064201e+05  6.991397e+03  1.250177e+03
      vertex  1.070351e+05  6.829525e+03  1.192299e+03
      vertex  1.064192e+05  6.958333e+03  1.192967e+03
    endloop
  endfacet
  facet normal  1.640512e-01  8.529715e-01 -4.955067e-01
    outer loop
      vertex  1.064201e+05  6.991397e+03  1.250177e+03
      vertex  1.064192e+05  6.958333e+03  1.192967e+03
      vertex  1.061112e+05  7.051299e+03  1.251021e+03
    endloop
  endfacet
  facet normal  1.759873e-01  8.085275e-01 -5.615262e-01
    outer loop
      vertex  1.073438e+05  6.797774e+03  1.249136e+03
      vertex  1.076498e+05  6.691779e+03  1.192419e+03
      vertex  1.070363e+05  6.864734e+03  1.249179e+03
    endloop
  endfacet
  facet normal  1.869129e-01  8.335887e-01 -5.198014e-01
    outer loop
      vertex  1.070363e+05  6.864734e+03  1.249179e+03
      vertex  1.076498e+05  6.691779e+03  1.192419e+03
      vertex  1.070351e+05  6.829525e+03  1.192299e+03
    endloop
  endfacet
  facet normal  1.744678e-01  8.356465e-01 -5.208223e-01
    outer loop
      vertex  1.070363e+05  6.864734e+03  1.249179e+03
      vertex  1.070351e+05  6.829525e+03  1.192299e+03
      vertex  1.067284e+05  6.929241e+03  1.249545e+03
    endloop
  endfacet
  facet normal  1.916399e-01  8.086675e-01 -5.561754e-01
    outer loop
      vertex  1.079579e+05  6.656073e+03  1.250291e+03
      vertex  1.082638e+05  6.544630e+03  1.193661e+03
      vertex  1.076510e+05  6.728258e+03  1.249483e+03
    endloop
  endfacet
  facet normal  1.985197e-01  8.239159e-01 -5.308036e-01
    outer loop
      vertex  1.076510e+05  6.728258e+03  1.249483e+03
      vertex  1.082638e+05  6.544630e+03  1.193661e+03
      vertex  1.076498e+05  6.691779e+03  1.192419e+03
    endloop
  endfacet
  facet normal  1.874946e-01  8.258471e-01 -5.318103e-01
    outer loop
      vertex  1.076510e+05  6.728258e+03  1.249483e+03
      vertex  1.076498e+05  6.691779e+03  1.192419e+03
      vertex  1.073438e+05  6.797774e+03  1.249136e+03
    endloop
  endfacet
  facet normal  2.147943e-01  8.329480e-01 -5.099618e-01
    outer loop
      vertex  1.085713e+05  6.503241e+03  1.253609e+03
      vertex  1.085708e+05  6.467389e+03  1.194826e+03
      vertex  1.082647e+05  6.581106e+03  1.251638e+03
    endloop
  endfacet
  facet normal  2.098730e-01  8.261595e-01 -5.228898e-01
    outer loop
      vertex  1.082647e+05  6.581106e+03  1.251638e+03
      vertex  1.085708e+05  6.467389e+03  1.194826e+03
      vertex  1.082638e+05  6.544630e+03  1.193661e+03
    endloop
  endfacet
  facet normal  2.044394e-01  8.271699e-01 -5.234449e-01
    outer loop
      vertex  1.082647e+05  6.581106e+03  1.251638e+03
      vertex  1.082638e+05  6.544630e+03  1.193661e+03
      vertex  1.079579e+05  6.656073e+03  1.250291e+03
    endloop
  endfacet
  facet normal  1.852356e-01  7.720524e-01 -6.079661e-01
    outer loop
      vertex  1.082631e+05  6.524655e+03  1.165135e+03
      vertex  1.081123e+05  6.538752e+03  1.137113e+03
      vertex  1.076488e+05  6.671561e+03  1.164552e+03
    endloop
  endfacet
  facet normal  1.826244e-01  7.649432e-01 -6.176651e-01
    outer loop
      vertex  1.076488e+05  6.671561e+03  1.164552e+03
      vertex  1.081123e+05  6.538752e+03  1.137113e+03
      vertex  1.077570e+05  6.623588e+03  1.137121e+03
    endloop
  endfacet
  facet normal  1.744524e-01  7.548619e-01 -6.322577e-01
    outer loop
      vertex  1.076488e+05  6.671561e+03  1.164552e+03
      vertex  1.077570e+05  6.623588e+03  1.137121e+03
      vertex  1.074017e+05  6.705768e+03  1.137190e+03
    endloop
  endfacet
  facet normal  1.634827e-01  8.350150e-01 -5.253793e-01
    outer loop
      vertex  1.058007e+05  7.060993e+03  1.165928e+03
      vertex  1.058011e+05  7.078658e+03  1.194145e+03
      vertex  1.064185e+05  6.939539e+03  1.165129e+03
    endloop
  endfacet
  facet normal  1.579053e-01  8.165099e-01 -5.553176e-01
    outer loop
      vertex  1.064185e+05  6.939539e+03  1.165129e+03
      vertex  1.058011e+05  7.078658e+03  1.194145e+03
      vertex  1.064192e+05  6.958333e+03  1.192967e+03
    endloop
  endfacet
  facet normal  1.711571e-01  8.145183e-01 -5.543151e-01
    outer loop
      vertex  1.064185e+05  6.939539e+03  1.165129e+03
      vertex  1.064192e+05  6.958333e+03  1.192967e+03
      vertex  1.070342e+05  6.809797e+03  1.164616e+03
    endloop
  endfacet
  facet normal  1.667584e-01  8.004050e-01 -5.757982e-01
    outer loop
      vertex  1.070342e+05  6.809797e+03  1.164616e+03
      vertex  1.064192e+05  6.958333e+03  1.192967e+03
      vertex  1.070351e+05  6.829525e+03  1.192299e+03
    endloop
  endfacet
  facet normal  1.795075e-01  7.983830e-01 -5.747710e-01
    outer loop
      vertex  1.070342e+05  6.809797e+03  1.164616e+03
      vertex  1.070351e+05  6.829525e+03  1.192299e+03
      vertex  1.076488e+05  6.671561e+03  1.164552e+03
    endloop
  endfacet
  facet normal  1.779771e-01  7.936620e-01 -5.817429e-01
    outer loop
      vertex  1.076488e+05  6.671561e+03  1.164552e+03
      vertex  1.070351e+05  6.829525e+03  1.192299e+03
      vertex  1.076498e+05  6.691779e+03  1.192419e+03
    endloop
  endfacet
  facet normal  1.899007e-01  7.916655e-01 -5.806924e-01
    outer loop
      vertex  1.076488e+05  6.671561e+03  1.164552e+03
      vertex  1.076498e+05  6.691779e+03  1.192419e+03
      vertex  1.082631e+05  6.524655e+03  1.165135e+03
    endloop
  endfacet
  facet normal  1.931749e-01  8.013140e-01 -5.661973e-01
    outer loop
      vertex  1.082631e+05  6.524655e+03  1.165135e+03
      vertex  1.076498e+05  6.691779e+03  1.192419e+03
      vertex  1.082638e+05  6.544630e+03  1.193661e+03
    endloop
  endfacet
  facet normal  2.033267e-01  7.995058e-01 -5.651981e-01
    outer loop
      vertex  1.082631e+05  6.524655e+03  1.165135e+03
      vertex  1.082638e+05  6.544630e+03  1.193661e+03
      vertex  1.085708e+05  6.467389e+03  1.194826e+03
    endloop
  endfacet
  facet normal  2.931925e-01  9.374231e-01 -1.878193e-01
    outer loop
      vertex  1.199800e+05  3.674986e+03  2.586820e+03
      vertex  1.199800e+05  3.633909e+03  2.381797e+03
      vertex  1.199770e+05  3.635253e+03  2.383810e+03
    endloop
  endfacet
  facet normal  2.214612e-01  8.540585e-01 -4.706793e-01
    outer loop
      vertex  1.199800e+05  3.235303e+03  1.283556e+03
      vertex  1.198562e+05  3.340932e+03  1.416989e+03
      vertex  1.199800e+05  3.281758e+03  1.367849e+03
    endloop
  endfacet
  facet normal  2.378812e-01  8.647791e-01 -4.422325e-01
    outer loop
      vertex  1.199800e+05  3.281758e+03  1.367849e+03
      vertex  1.198562e+05  3.340932e+03  1.416989e+03
      vertex  1.199800e+05  3.325217e+03  1.452832e+03
    endloop
  endfacet
  facet normal  2.718798e-01  9.348121e-01 -2.284906e-01
    outer loop
      vertex  1.199800e+05  3.588552e+03  2.187352e+03
      vertex  1.199510e+05  3.593857e+03  2.174511e+03
      vertex  1.199640e+05  3.615626e+03  2.279053e+03
    endloop
  endfacet
  facet normal  3.265218e-01  9.204797e-01 -2.147112e-01
    outer loop
      vertex  1.199800e+05  3.588552e+03  2.187352e+03
      vertex  1.199640e+05  3.615626e+03  2.279053e+03
      vertex  1.199800e+05  3.633909e+03  2.381797e+03
    endloop
  endfacet
  facet normal  2.781721e-01  9.372591e-01 -2.101566e-01
    outer loop
      vertex  1.199640e+05  3.615626e+03  2.279053e+03
      vertex  1.199770e+05  3.635253e+03  2.383810e+03
      vertex  1.199800e+05  3.633909e+03  2.381797e+03
    endloop
  endfacet
  facet normal  2.437479e-01  8.733848e-01 -4.216465e-01
    outer loop
      vertex  1.198562e+05  3.340932e+03  1.416989e+03
      vertex  1.195852e+05  3.446989e+03  1.479984e+03
      vertex  1.198730e+05  3.400744e+03  1.550546e+03
    endloop
  endfacet
  facet normal  2.423115e-01  8.780226e-01 -4.127488e-01
    outer loop
      vertex  1.195852e+05  3.446989e+03  1.479984e+03
      vertex  1.195981e+05  3.489772e+03  1.578576e+03
      vertex  1.198730e+05  3.400744e+03  1.550546e+03
    endloop
  endfacet
  facet normal  3.019296e-01  9.409810e-01 -1.529491e-01
    outer loop
      vertex  1.199800e+05  3.736723e+03  2.949123e+03
      vertex  1.199800e+05  3.711301e+03  2.792715e+03
      vertex  1.197642e+05  3.790965e+03  2.856820e+03
    endloop
  endfacet
  facet normal  3.027394e-01  9.403498e-01 -1.552131e-01
    outer loop
      vertex  1.197642e+05  3.790965e+03  2.856820e+03
      vertex  1.197918e+05  3.817715e+03  3.072781e+03
      vertex  1.199800e+05  3.736723e+03  2.949123e+03
    endloop
  endfacet
  facet normal  3.091082e-01  9.398755e-01 -1.452108e-01
    outer loop
      vertex  1.199800e+05  3.736723e+03  2.949123e+03
      vertex  1.197918e+05  3.817715e+03  3.072781e+03
      vertex  1.199800e+05  3.785194e+03  3.262846e+03
    endloop
  endfacet
  facet normal  3.133158e-01  9.377697e-01 -1.497368e-01
    outer loop
      vertex  1.197918e+05  3.817715e+03  3.072781e+03
      vertex  1.198336e+05  3.856221e+03  3.401425e+03
      vertex  1.199800e+05  3.785194e+03  3.262846e+03
    endloop
  endfacet
  facet normal  3.303201e-01  9.245387e-01 -1.900443e-01
    outer loop
      vertex  1.199800e+05  3.952139e+03  4.211325e+03
      vertex  1.199800e+05  3.916139e+03  4.036193e+03
      vertex  1.199173e+05  3.944096e+03  4.063170e+03
    endloop
  endfacet
  facet normal  3.498358e-01  9.156854e-01 -1.978264e-01
    outer loop
      vertex  1.199173e+05  3.944096e+03  4.063170e+03
      vertex  1.199486e+05  3.985833e+03  4.311832e+03
      vertex  1.199800e+05  3.952139e+03  4.211325e+03
    endloop
  endfacet
  facet normal  3.262580e-01  9.222513e-01 -2.073841e-01
    outer loop
      vertex  1.199800e+05  3.952139e+03  4.211325e+03
      vertex  1.199486e+05  3.985833e+03  4.311832e+03
      vertex  1.199800e+05  3.991422e+03  4.386022e+03
    endloop
  endfacet
  facet normal  3.655977e-01  9.037581e-01 -2.226194e-01
    outer loop
      vertex  1.199800e+05  4.034312e+03  4.560137e+03
      vertex  1.199800e+05  3.991422e+03  4.386022e+03
      vertex  1.199486e+05  3.985833e+03  4.311832e+03
    endloop
  endfacet
  facet normal  2.496239e-01  8.904480e-01 -3.805130e-01
    outer loop
      vertex  1.198730e+05  3.400744e+03  1.550546e+03
      vertex  1.195981e+05  3.489772e+03  1.578576e+03
      vertex  1.198897e+05  3.453099e+03  1.684031e+03
    endloop
  endfacet
  facet normal  2.504079e-01  8.890957e-01 -3.831511e-01
    outer loop
      vertex  1.198897e+05  3.453099e+03  1.684031e+03
      vertex  1.195981e+05  3.489772e+03  1.578576e+03
      vertex  1.196110e+05  3.528620e+03  1.677162e+03
    endloop
  endfacet
  facet normal  2.536887e-01  9.049878e-01 -3.415248e-01
    outer loop
      vertex  1.198897e+05  3.453099e+03  1.684031e+03
      vertex  1.196110e+05  3.528620e+03  1.677162e+03
      vertex  1.199064e+05  3.498802e+03  1.817558e+03
    endloop
  endfacet
  facet normal  2.593464e-01  8.982266e-01 -3.548639e-01
    outer loop
      vertex  1.199064e+05  3.498802e+03  1.817558e+03
      vertex  1.196110e+05  3.528620e+03  1.677162e+03
      vertex  1.196239e+05  3.563852e+03  1.775783e+03
    endloop
  endfacet
  facet normal  2.567400e-01  9.150727e-01 -3.110090e-01
    outer loop
      vertex  1.199064e+05  3.498802e+03  1.817558e+03
      vertex  1.196239e+05  3.563852e+03  1.775783e+03
      vertex  1.199175e+05  3.525956e+03  1.906646e+03
    endloop
  endfacet
  facet normal  2.632674e-01  9.072852e-01 -3.279084e-01
    outer loop
      vertex  1.199175e+05  3.525956e+03  1.906646e+03
      vertex  1.196239e+05  3.563852e+03  1.775783e+03
      vertex  1.196369e+05  3.595774e+03  1.874478e+03
    endloop
  endfacet
  facet normal  2.621341e-01  9.209231e-01 -2.884204e-01
    outer loop
      vertex  1.199175e+05  3.525956e+03  1.906646e+03
      vertex  1.196369e+05  3.595774e+03  1.874478e+03
      vertex  1.199287e+05  3.550710e+03  1.995820e+03
    endloop
  endfacet
  facet normal  2.662826e-01  9.159392e-01 -3.002483e-01
    outer loop
      vertex  1.199287e+05  3.550710e+03  1.995820e+03
      vertex  1.196369e+05  3.595774e+03  1.874478e+03
      vertex  1.196523e+05  3.629991e+03  1.992543e+03
    endloop
  endfacet
  facet normal  2.692289e-01  9.279720e-01 -2.576507e-01
    outer loop
      vertex  1.199287e+05  3.550710e+03  1.995820e+03
      vertex  1.196523e+05  3.629991e+03  1.992543e+03
      vertex  1.199510e+05  3.593857e+03  2.174511e+03
    endloop
  endfacet
  facet normal  2.777344e-01  9.210551e-01 -2.729855e-01
    outer loop
      vertex  1.199510e+05  3.593857e+03  2.174511e+03
      vertex  1.196523e+05  3.629991e+03  1.992543e+03
      vertex  1.196677e+05  3.660391e+03  2.110812e+03
    endloop
  endfacet
  facet normal  2.710101e-01  9.350774e-01 -2.284377e-01
    outer loop
      vertex  1.199510e+05  3.593857e+03  2.174511e+03
      vertex  1.196677e+05  3.660391e+03  2.110812e+03
      vertex  1.199640e+05  3.615626e+03  2.279053e+03
    endloop
  endfacet
  facet normal  2.809946e-01  9.270726e-01 -2.481498e-01
    outer loop
      vertex  1.199640e+05  3.615626e+03  2.279053e+03
      vertex  1.196677e+05  3.660391e+03  2.110812e+03
      vertex  1.196831e+05  3.687437e+03  2.229324e+03
    endloop
  endfacet
  facet normal  2.769542e-01  9.376376e-01 -2.100762e-01
    outer loop
      vertex  1.199640e+05  3.615626e+03  2.279053e+03
      vertex  1.196831e+05  3.687437e+03  2.229324e+03
      vertex  1.199770e+05  3.635253e+03  2.383810e+03
    endloop
  endfacet
  facet normal  2.843626e-01  9.316524e-01 -2.261896e-01
    outer loop
      vertex  1.199770e+05  3.635253e+03  2.383810e+03
      vertex  1.196831e+05  3.687437e+03  2.229324e+03
      vertex  1.196986e+05  3.711567e+03  2.348112e+03
    endloop
  endfacet
  facet normal  2.819999e-01  9.407536e-01 -1.883053e-01
    outer loop
      vertex  1.199770e+05  3.635253e+03  2.383810e+03
      vertex  1.196986e+05  3.711567e+03  2.348112e+03
      vertex  1.199800e+05  3.674986e+03  2.586820e+03
    endloop
  endfacet
  facet normal  2.973479e-01  9.318910e-01 -2.077584e-01
    outer loop
      vertex  1.199800e+05  3.674986e+03  2.586820e+03
      vertex  1.196986e+05  3.711567e+03  2.348112e+03
      vertex  1.197141e+05  3.733349e+03  2.468065e+03
    endloop
  endfacet
  facet normal  2.910028e-01  9.375048e-01 -1.907932e-01
    outer loop
      vertex  1.199800e+05  3.674986e+03  2.586820e+03
      vertex  1.197141e+05  3.733349e+03  2.468065e+03
      vertex  1.197297e+05  3.753003e+03  2.588342e+03
    endloop
  endfacet
  facet normal  2.308850e-01  8.556511e-01 -4.631989e-01
    outer loop
      vertex  1.199800e+05  3.235303e+03  1.283556e+03
      vertex  1.195594e+05  3.348280e+03  1.282583e+03
      vertex  1.198562e+05  3.340932e+03  1.416989e+03
    endloop
  endfacet
  facet normal  2.358070e-01  8.480922e-01 -4.744837e-01
    outer loop
      vertex  1.198562e+05  3.340932e+03  1.416989e+03
      vertex  1.195594e+05  3.348280e+03  1.282583e+03
      vertex  1.195723e+05  3.399939e+03  1.381337e+03
    endloop
  endfacet
  facet normal  2.353881e-01  8.648993e-01 -4.433300e-01
    outer loop
      vertex  1.198562e+05  3.340932e+03  1.416989e+03
      vertex  1.195723e+05  3.399939e+03  1.381337e+03
      vertex  1.195852e+05  3.446989e+03  1.479984e+03
    endloop
  endfacet
  facet normal  2.322048e-01  8.790381e-01 -4.163808e-01
    outer loop
      vertex  1.199800e+05  3.325217e+03  1.452832e+03
      vertex  1.198562e+05  3.340932e+03  1.416989e+03
      vertex  1.199800e+05  3.365770e+03  1.538446e+03
    endloop
  endfacet
  facet normal  2.381910e-01  8.749205e-01 -4.216387e-01
    outer loop
      vertex  1.199800e+05  3.365770e+03  1.538446e+03
      vertex  1.198562e+05  3.340932e+03  1.416989e+03
      vertex  1.198730e+05  3.400744e+03  1.550546e+03
    endloop
  endfacet
  facet normal  2.460941e-01  8.877923e-01 -3.889247e-01
    outer loop
      vertex  1.199800e+05  3.365770e+03  1.538446e+03
      vertex  1.198730e+05  3.400744e+03  1.550546e+03
      vertex  1.199800e+05  3.403527e+03  1.624633e+03
    endloop
  endfacet
  facet normal  2.400334e-01  8.931426e-01 -3.803687e-01
    outer loop
      vertex  1.199800e+05  3.403527e+03  1.624633e+03
      vertex  1.198730e+05  3.400744e+03  1.550546e+03
      vertex  1.198897e+05  3.453099e+03  1.684031e+03
    endloop
  endfacet
  facet normal  2.540775e-01  8.968434e-01 -3.621000e-01
    outer loop
      vertex  1.199800e+05  3.403527e+03  1.624633e+03
      vertex  1.198897e+05  3.453099e+03  1.684031e+03
      vertex  1.199800e+05  3.440532e+03  1.716288e+03
    endloop
  endfacet
  facet normal  2.467510e-01  9.085925e-01 -3.370069e-01
    outer loop
      vertex  1.199800e+05  3.440532e+03  1.716288e+03
      vertex  1.198897e+05  3.453099e+03  1.684031e+03
      vertex  1.199800e+05  3.474721e+03  1.808464e+03
    endloop
  endfacet
  facet normal  2.538551e-01  9.049395e-01 -3.415292e-01
    outer loop
      vertex  1.199800e+05  3.474721e+03  1.808464e+03
      vertex  1.198897e+05  3.453099e+03  1.684031e+03
      vertex  1.199064e+05  3.498802e+03  1.817558e+03
    endloop
  endfacet
  facet normal  2.605314e-01  9.139158e-01 -3.112579e-01
    outer loop
      vertex  1.199800e+05  3.474721e+03  1.808464e+03
      vertex  1.199064e+05  3.498802e+03  1.817558e+03
      vertex  1.199800e+05  3.506272e+03  1.901104e+03
    endloop
  endfacet
  facet normal  2.603862e-01  9.139981e-01 -3.111374e-01
    outer loop
      vertex  1.199800e+05  3.506272e+03  1.901104e+03
      vertex  1.199064e+05  3.498802e+03  1.817558e+03
      vertex  1.199175e+05  3.525956e+03  1.906646e+03
    endloop
  endfacet
  facet normal  2.644766e-01  9.204272e-01 -2.878644e-01
    outer loop
      vertex  1.199800e+05  3.506272e+03  1.901104e+03
      vertex  1.199175e+05  3.525956e+03  1.906646e+03
      vertex  1.199800e+05  3.535375e+03  1.994158e+03
    endloop
  endfacet
  facet normal  2.655335e-01  9.199041e-01 -2.885625e-01
    outer loop
      vertex  1.199800e+05  3.535375e+03  1.994158e+03
      vertex  1.199175e+05  3.525956e+03  1.906646e+03
      vertex  1.199287e+05  3.550710e+03  1.995820e+03
    endloop
  endfacet
  facet normal  2.680923e-01  9.260002e-01 -2.658008e-01
    outer loop
      vertex  1.199800e+05  3.535375e+03  1.994158e+03
      vertex  1.199287e+05  3.550710e+03  1.995820e+03
      vertex  1.199800e+05  3.563052e+03  2.090579e+03
    endloop
  endfacet
  facet normal  2.491558e-01  9.338598e-01 -2.565686e-01
    outer loop
      vertex  1.199800e+05  3.563052e+03  2.090579e+03
      vertex  1.199287e+05  3.550710e+03  1.995820e+03
      vertex  1.199510e+05  3.593857e+03  2.174511e+03
    endloop
  endfacet
  facet normal  2.779930e-01  9.288757e-01 -2.447649e-01
    outer loop
      vertex  1.199800e+05  3.563052e+03  2.090579e+03
      vertex  1.199510e+05  3.593857e+03  2.174511e+03
      vertex  1.199800e+05  3.588552e+03  2.187352e+03
    endloop
  endfacet
  facet normal  2.924725e-01  9.417387e-01 -1.660962e-01
    outer loop
      vertex  1.199800e+05  3.674986e+03  2.586820e+03
      vertex  1.197297e+05  3.753003e+03  2.588342e+03
      vertex  1.199800e+05  3.711301e+03  2.792715e+03
    endloop
  endfacet
  facet normal  2.998011e-01  9.376435e-01 -1.759089e-01
    outer loop
      vertex  1.199800e+05  3.711301e+03  2.792715e+03
      vertex  1.197297e+05  3.753003e+03  2.588342e+03
      vertex  1.197504e+05  3.776560e+03  2.749229e+03
    endloop
  endfacet
  facet normal  2.983184e-01  9.402392e-01 -1.641844e-01
    outer loop
      vertex  1.199800e+05  3.711301e+03  2.792715e+03
      vertex  1.197504e+05  3.776560e+03  2.749229e+03
      vertex  1.197642e+05  3.790965e+03  2.856820e+03
    endloop
  endfacet
  facet normal  3.349442e-01  9.249414e-01 -1.797098e-01
    outer loop
      vertex  1.199173e+05  3.944096e+03  4.063170e+03
      vertex  1.199800e+05  3.916139e+03  4.036193e+03
      vertex  1.198964e+05  3.919460e+03  3.897408e+03
    endloop
  endfacet
  facet normal  3.275940e-01  9.284332e-01 -1.751969e-01
    outer loop
      vertex  1.198964e+05  3.919460e+03  3.897408e+03
      vertex  1.199800e+05  3.916139e+03  4.036193e+03
      vertex  1.199800e+05  3.883037e+03  3.860770e+03
    endloop
  endfacet
  facet normal  3.307520e-01  9.286134e-01 -1.681675e-01
    outer loop
      vertex  1.198964e+05  3.919460e+03  3.897408e+03
      vertex  1.199800e+05  3.883037e+03  3.860770e+03
      vertex  1.198755e+05  3.896914e+03  3.731794e+03
    endloop
  endfacet
  facet normal  3.253133e-01  9.313707e-01 -1.634625e-01
    outer loop
      vertex  1.198755e+05  3.896914e+03  3.731794e+03
      vertex  1.199800e+05  3.883037e+03  3.860770e+03
      vertex  1.199800e+05  3.856575e+03  3.710000e+03
    endloop
  endfacet
  facet normal  3.270699e-01  9.320010e-01 -1.562030e-01
    outer loop
      vertex  1.198755e+05  3.896914e+03  3.731794e+03
      vertex  1.199800e+05  3.856575e+03  3.710000e+03
      vertex  1.198336e+05  3.856221e+03  3.401425e+03
    endloop
  endfacet
  facet normal  3.240029e-01  9.333137e-01 -1.547498e-01
    outer loop
      vertex  1.198336e+05  3.856221e+03  3.401425e+03
      vertex  1.199800e+05  3.856575e+03  3.710000e+03
      vertex  1.199800e+05  3.831852e+03  3.560892e+03
    endloop
  endfacet
  facet normal  3.159517e-01  9.373587e-01 -1.467423e-01
    outer loop
      vertex  1.198336e+05  3.856221e+03  3.401425e+03
      vertex  1.199800e+05  3.831852e+03  3.560892e+03
      vertex  1.199800e+05  3.785194e+03  3.262846e+03
    endloop
  endfacet
  facet normal -3.314860e-01 -9.434602e-01  0.000000e+00
    outer loop
      vertex  1.185000e+05  4.070000e+03  3.710000e+03
      vertex  1.199800e+05  3.550000e+03  3.710000e+03
      vertex  1.185000e+05  4.070000e+03  6.313000e+03
    endloop
  endfacet
  facet normal -3.314860e-01 -9.434602e-01  0.000000e+00
    outer loop
      vertex  1.185000e+05  4.070000e+03  6.313000e+03
      vertex  1.199800e+05  3.550000e+03  3.710000e+03
      vertex  1.199800e+05  3.550000e+03  6.313000e+03
    endloop
  endfacet
  facet normal  0.000000e+00 -1.000000e+00  0.000000e+00
    outer loop
      vertex  1.147500e+05  4.070000e+03  3.710000e+03
      vertex  1.185000e+05  4.070000e+03  3.710000e+03
      vertex  1.147500e+05  4.070000e+03  6.313000e+03
    endloop
  endfacet
  facet normal  0.000000e+00 -1.000000e+00  0.000000e+00
    outer loop
      vertex  1.147500e+05  4.070000e+03  6.313000e+03
      vertex  1.185000e+05  4.070000e+03  3.710000e+03
      vertex  1.185000e+05  4.070000e+03  6.313000e+03
    endloop
  endfacet
  facet normal -2.768886e-01 -9.609020e-01  0.000000e+00
    outer loop
      vertex  1.147500e+05  4.070000e+03  6.313000e+03
      vertex  1.059700e+05  6.600000e+03  6.313000e+03
      vertex  1.147500e+05  4.070000e+03  3.710000e+03
    endloop
  endfacet
  facet normal -2.768886e-01 -9.609020e-01  0.000000e+00
    outer loop
      vertex  1.147500e+05  4.070000e+03  3.710000e+03
      vertex  1.059700e+05  6.600000e+03  6.313000e+03
      vertex  1.059700e+05  6.600000e+03  3.710000e+03
    endloop
  endfacet
  facet normal -2.768886e-01 -9.609021e-01  -0.000000e+00
    outer loop
      vertex  1.147500e+05  4.070000e+03  3.710000e+03
      vertex  1.059700e+05  6.600000e+03  3.710000e+03
      vertex  1.059700e+05  6.600000e+03  1.100000e+03
    endloop
  endfacet
  facet normal -2.768886e-01 -9.609020e-01  0.000000e+00
    outer loop
      vertex  1.059700e+05  6.600000e+03  1.100000e+03
      vertex  1.199800e+05  2.562950e+03  1.100000e+03
      vertex  1.147500e+05  4.070000e+03  3.710000e+03
    endloop
  endfacet
  facet normal -2.768886e-01 -9.609020e-01  0.000000e+00
    outer loop
      vertex  1.147500e+05  4.070000e+03  3.710000e+03
      vertex  1.199800e+05  2.562950e+03  1.100000e+03
      vertex  1.199800e+05  2.562950e+03  3.710000e+03
    endloop
  endfacet
  facet normal  2.571462e-01  9.157591e-01 -3.086441e-01
    outer loop
      vertex  1.144366e+05  6.226061e+03  5.670122e+03
      vertex  1.149169e+05  6.042236e+03  5.524916e+03
      vertex  1.142694e+05  6.171428e+03  5.368771e+03
    endloop
  endfacet
  facet normal  2.444208e-01  9.212506e-01 -3.025816e-01
    outer loop
      vertex  1.144366e+05  6.226061e+03  5.670122e+03
      vertex  1.142694e+05  6.171428e+03  5.368771e+03
      vertex  1.140511e+05  6.323662e+03  5.655854e+03
    endloop
  endfacet
  facet normal  2.561639e-01  9.107999e-01 -3.237648e-01
    outer loop
      vertex  1.149169e+05  6.042236e+03  5.524916e+03
      vertex  1.148236e+05  6.125171e+03  5.684390e+03
      vertex  1.152122e+05  6.020968e+03  5.698658e+03
    endloop
  endfacet
  facet normal  2.482662e-01  8.228343e-01 -5.111827e-01
    outer loop
      vertex  1.132603e+05  5.187972e+03  1.267432e+03
      vertex  1.144900e+05  4.861793e+03  1.339589e+03
      vertex  1.147908e+05  4.728560e+03  1.271219e+03
    endloop
  endfacet
  facet normal  2.733932e-01  8.960578e-01 -3.497666e-01
    outer loop
      vertex  1.163864e+05  5.688233e+03  5.741461e+03
      vertex  1.161914e+05  5.658084e+03  5.511748e+03
      vertex  1.159936e+05  5.802523e+03  5.727193e+03
    endloop
  endfacet
  facet normal  2.511648e-01  8.260055e-01 -5.046099e-01
    outer loop
      vertex  1.151156e+05  4.715545e+03  1.411611e+03
      vertex  1.147908e+05  4.728560e+03  1.271219e+03
      vertex  1.144900e+05  4.861793e+03  1.339589e+03
    endloop
  endfacet
  facet normal  2.849208e-01  8.878271e-01 -3.613629e-01
    outer loop
      vertex  1.171762e+05  5.449396e+03  5.769997e+03
      vertex  1.168373e+05  5.462357e+03  5.534651e+03
      vertex  1.167806e+05  5.570532e+03  5.755729e+03
    endloop
  endfacet
  facet normal  2.902777e-01  8.821882e-01 -3.707868e-01
    outer loop
      vertex  1.174870e+05  5.257848e+03  5.557555e+03
      vertex  1.171762e+05  5.449396e+03  5.769997e+03
      vertex  1.175731e+05  5.324801e+03  5.784264e+03
    endloop
  endfacet
  facet normal  3.021293e-01  8.764193e-01 -3.749759e-01
    outer loop
      vertex  1.183706e+05  5.065140e+03  5.812800e+03
      vertex  1.181346e+05  5.027731e+03  5.535183e+03
      vertex  1.179712e+05  5.196723e+03  5.798532e+03
    endloop
  endfacet
  facet normal  2.984499e-01  8.766397e-01 -3.773997e-01
    outer loop
      vertex  1.181346e+05  5.027731e+03  5.535183e+03
      vertex  1.174870e+05  5.257848e+03  5.557555e+03
      vertex  1.179712e+05  5.196723e+03  5.798532e+03
    endloop
  endfacet
  facet normal  2.413977e-01  8.368067e-01 -4.914078e-01
    outer loop
      vertex  1.176318e+05  3.956585e+03  1.393601e+03
      vertex  1.182379e+05  3.714730e+03  1.279503e+03
      vertex  1.172878e+05  3.987490e+03  1.277255e+03
    endloop
  endfacet
  facet normal  2.365843e-01  8.395422e-01 -4.890775e-01
    outer loop
      vertex  1.182741e+05  3.772456e+03  1.396092e+03
      vertex  1.188957e+05  3.530246e+03  1.281043e+03
      vertex  1.182379e+05  3.714730e+03  1.279503e+03
    endloop
  endfacet
  facet normal  2.420105e-01  8.375786e-01 -4.897887e-01
    outer loop
      vertex  1.182741e+05  3.772456e+03  1.396092e+03
      vertex  1.182379e+05  3.714730e+03  1.279503e+03
      vertex  1.176318e+05  3.956585e+03  1.393601e+03
    endloop
  endfacet
  facet normal  3.186534e-01  8.634693e-01 -3.909996e-01
    outer loop
      vertex  1.194683e+05  4.626097e+03  5.717023e+03
      vertex  1.191730e+05  4.791365e+03  5.841335e+03
      vertex  1.195760e+05  4.649129e+03  5.855603e+03
    endloop
  endfacet
  facet normal  2.401604e-01  8.441115e-01 -4.793734e-01
    outer loop
      vertex  1.189236e+05  3.597407e+03  1.413266e+03
      vertex  1.188957e+05  3.530246e+03  1.281043e+03
      vertex  1.182741e+05  3.772456e+03  1.396092e+03
    endloop
  endfacet
  facet normal  2.410644e-01  8.655628e-01 -4.389635e-01
    outer loop
      vertex  1.189236e+05  3.597407e+03  1.413266e+03
      vertex  1.189407e+05  3.659647e+03  1.545393e+03
      vertex  1.195852e+05  3.446989e+03  1.479984e+03
    endloop
  endfacet
  facet normal  2.473608e-01  8.765939e-01 -4.127901e-01
    outer loop
      vertex  1.195852e+05  3.446989e+03  1.479984e+03
      vertex  1.189407e+05  3.659647e+03  1.545393e+03
      vertex  1.195981e+05  3.489772e+03  1.578576e+03
    endloop
  endfacet
  facet normal  3.210926e-01  9.311242e-01 -1.729376e-01
    outer loop
      vertex  1.191786e+05  4.077537e+03  3.410525e+03
      vertex  1.192225e+05  4.127699e+03  3.762097e+03
      vertex  1.198755e+05  3.896914e+03  3.731794e+03
    endloop
  endfacet
  facet normal  3.341351e-01  8.995017e-01 -2.815146e-01
    outer loop
      vertex  1.193454e+05  4.317865e+03  4.748425e+03
      vertex  1.193805e+05  4.392369e+03  5.028162e+03
      vertex  1.199800e+05  4.132889e+03  4.910577e+03
    endloop
  endfacet
  facet normal  2.768692e-01  9.360034e-01 -2.173502e-01
    outer loop
      vertex  1.134900e+05  5.959648e+03  3.710000e+03
      vertex  1.135250e+05  6.038340e+03  4.093428e+03
      vertex  1.141250e+05  5.808046e+03  3.866074e+03
    endloop
  endfacet
  facet normal  2.511881e-01  8.336411e-01 -4.918811e-01
    outer loop
      vertex  1.144900e+05  4.861793e+03  1.339589e+03
      vertex  1.138835e+05  5.083828e+03  1.406166e+03
      vertex  1.144974e+05  4.900451e+03  1.408888e+03
    endloop
  endfacet
  facet normal  2.819902e-01  9.328896e-01 -2.240503e-01
    outer loop
      vertex  1.147287e+05  5.574952e+03  3.655251e+03
      vertex  1.141250e+05  5.808046e+03  3.866074e+03
      vertex  1.147742e+05  5.670370e+03  4.109893e+03
    endloop
  endfacet
  facet normal  2.827132e-01  9.320978e-01 -2.264225e-01
    outer loop
      vertex  1.147742e+05  5.670370e+03  4.109893e+03
      vertex  1.141250e+05  5.808046e+03  3.866074e+03
      vertex  1.141684e+05  5.904873e+03  4.318764e+03
    endloop
  endfacet
  facet normal  2.752067e-01  9.283944e-01 -2.496900e-01
    outer loop
      vertex  1.141900e+05  5.956401e+03  4.544905e+03
      vertex  1.142117e+05  6.010682e+03  4.770609e+03
      vertex  1.148312e+05  5.802111e+03  4.677912e+03
    endloop
  endfacet
  facet normal  2.707819e-01  9.241108e-01 -2.696228e-01
    outer loop
      vertex  1.148653e+05  5.891066e+03  5.017116e+03
      vertex  1.148312e+05  5.802111e+03  4.677912e+03
      vertex  1.142117e+05  6.010682e+03  4.770609e+03
    endloop
  endfacet
  facet normal  2.692308e-01  9.260185e-01 -2.645840e-01
    outer loop
      vertex  1.142117e+05  6.010682e+03  4.770609e+03
      vertex  1.142406e+05  6.087971e+03  5.070501e+03
      vertex  1.148653e+05  5.891066e+03  5.017116e+03
    endloop
  endfacet
  facet normal  2.577879e-01  9.142521e-01 -3.125517e-01
    outer loop
      vertex  1.149169e+05  6.042236e+03  5.524916e+03
      vertex  1.149002e+05  5.990805e+03  5.360647e+03
      vertex  1.142694e+05  6.171428e+03  5.368771e+03
    endloop
  endfacet
  facet normal  2.496022e-01  9.111779e-01 -3.278011e-01
    outer loop
      vertex  1.149169e+05  6.042236e+03  5.524916e+03
      vertex  1.144366e+05  6.226061e+03  5.670122e+03
      vertex  1.148236e+05  6.125171e+03  5.684390e+03
    endloop
  endfacet
  facet normal  2.514651e-01  8.335652e-01 -4.918683e-01
    outer loop
      vertex  1.151156e+05  4.715545e+03  1.411611e+03
      vertex  1.144900e+05  4.861793e+03  1.339589e+03
      vertex  1.144974e+05  4.900451e+03  1.408888e+03
    endloop
  endfacet
  facet normal  2.590549e-01  8.536775e-01 -4.518022e-01
    outer loop
      vertex  1.157416e+05  4.544757e+03  1.442558e+03
      vertex  1.151312e+05  4.787847e+03  1.551834e+03
      vertex  1.157620e+05  4.632632e+03  1.620283e+03
    endloop
  endfacet
  facet normal  2.667548e-01  8.957430e-01 -3.556494e-01
    outer loop
      vertex  1.161914e+05  5.658084e+03  5.511748e+03
      vertex  1.156021e+05  5.913427e+03  5.712925e+03
      vertex  1.159936e+05  5.802523e+03  5.727193e+03
    endloop
  endfacet
  facet normal  2.435857e-01  8.266537e-01 -5.072570e-01
    outer loop
      vertex  1.163591e+05  4.312279e+03  1.360197e+03
      vertex  1.163490e+05  4.262990e+03  1.275007e+03
      vertex  1.157416e+05  4.544757e+03  1.442558e+03
    endloop
  endfacet
  facet normal  2.511646e-01  8.384313e-01 -4.836830e-01
    outer loop
      vertex  1.163591e+05  4.312279e+03  1.360197e+03
      vertex  1.157416e+05  4.544757e+03  1.442558e+03
      vertex  1.163692e+05  4.358459e+03  1.445508e+03
    endloop
  endfacet
  facet normal  2.785701e-01  8.889523e-01 -3.635418e-01
    outer loop
      vertex  1.168373e+05  5.462357e+03  5.534651e+03
      vertex  1.163864e+05  5.688233e+03  5.741461e+03
      vertex  1.167806e+05  5.570532e+03  5.755729e+03
    endloop
  endfacet
  facet normal  2.725206e-01  9.004793e-01 -3.389243e-01
    outer loop
      vertex  1.170647e+05  4.391027e+03  1.967225e+03
      vertex  1.164300e+05  4.580664e+03  1.960767e+03
      vertex  1.164402e+05  4.610171e+03  2.047312e+03
    endloop
  endfacet
  facet normal  2.509286e-01  8.533985e-01 -4.568872e-01
    outer loop
      vertex  1.170013e+05  4.170654e+03  1.445411e+03
      vertex  1.170120e+05  4.214424e+03  1.533041e+03
      vertex  1.176462e+05  4.015184e+03  1.509245e+03
    endloop
  endfacet
  facet normal  3.064606e-01  8.982355e-01 -3.150475e-01
    outer loop
      vertex  1.180679e+05  4.847588e+03  4.986301e+03
      vertex  1.174331e+05  5.105058e+03  5.102927e+03
      vertex  1.181012e+05  4.932875e+03  5.261930e+03
    endloop
  endfacet
  facet normal  3.076372e-01  8.947111e-01 -3.238079e-01
    outer loop
      vertex  1.174331e+05  5.105058e+03  5.102927e+03
      vertex  1.174600e+05  5.178362e+03  5.331064e+03
      vertex  1.181012e+05  4.932875e+03  5.261930e+03
    endloop
  endfacet
  facet normal  3.028476e-01  8.882671e-01 -3.453473e-01
    outer loop
      vertex  1.181346e+05  5.027731e+03  5.535183e+03
      vertex  1.181012e+05  4.932875e+03  5.261930e+03
      vertex  1.174600e+05  5.178362e+03  5.331064e+03
    endloop
  endfacet
  facet normal  3.032710e-01  8.872975e-01 -3.474621e-01
    outer loop
      vertex  1.174600e+05  5.178362e+03  5.331064e+03
      vertex  1.174870e+05  5.257848e+03  5.557555e+03
      vertex  1.181346e+05  5.027731e+03  5.535183e+03
    endloop
  endfacet
  facet normal  2.962746e-01  8.795583e-01 -3.722880e-01
    outer loop
      vertex  1.179712e+05  5.196723e+03  5.798532e+03
      vertex  1.174870e+05  5.257848e+03  5.557555e+03
      vertex  1.175731e+05  5.324801e+03  5.784264e+03
    endloop
  endfacet
  facet normal  3.075528e-01  8.716096e-01 -3.817170e-01
    outer loop
      vertex  1.187910e+05  4.805196e+03  5.557965e+03
      vertex  1.183706e+05  5.065140e+03  5.812800e+03
      vertex  1.187713e+05  4.930028e+03  5.827067e+03
    endloop
  endfacet
  facet normal  2.337997e-01  8.486356e-01 -4.745055e-01
    outer loop
      vertex  1.195594e+05  3.348280e+03  1.282583e+03
      vertex  1.188957e+05  3.530246e+03  1.281043e+03
      vertex  1.195723e+05  3.399939e+03  1.381337e+03
    endloop
  endfacet
  facet normal  2.339716e-01  8.460336e-01 -4.790453e-01
    outer loop
      vertex  1.195723e+05  3.399939e+03  1.381337e+03
      vertex  1.188957e+05  3.530246e+03  1.281043e+03
      vertex  1.189236e+05  3.597407e+03  1.413266e+03
    endloop
  endfacet
  facet normal  2.410021e-01  8.633532e-01 -4.433275e-01
    outer loop
      vertex  1.195723e+05  3.399939e+03  1.381337e+03
      vertex  1.189236e+05  3.597407e+03  1.413266e+03
      vertex  1.195852e+05  3.446989e+03  1.479984e+03
    endloop
  endfacet
  facet normal  2.531567e-01  9.250023e-01 -2.833414e-01
    outer loop
      vertex  1.142406e+05  6.087971e+03  5.070501e+03
      vertex  1.136228e+05  6.285381e+03  5.163011e+03
      vertex  1.142694e+05  6.171428e+03  5.368771e+03
    endloop
  endfacet
  facet normal  2.498634e-01  9.297740e-01 -2.703489e-01
    outer loop
      vertex  1.142694e+05  6.171428e+03  5.368771e+03
      vertex  1.136228e+05  6.285381e+03  5.163011e+03
      vertex  1.136375e+05  6.327954e+03  5.323065e+03
    endloop
  endfacet
  facet normal  2.497635e-01  9.211593e-01 -2.984689e-01
    outer loop
      vertex  1.142694e+05  6.171428e+03  5.368771e+03
      vertex  1.136375e+05  6.327954e+03  5.323065e+03
      vertex  1.140511e+05  6.323662e+03  5.655854e+03
    endloop
  endfacet
  facet normal  2.346898e-01  9.309876e-01 -2.796119e-01
    outer loop
      vertex  1.140511e+05  6.323662e+03  5.655854e+03
      vertex  1.136375e+05  6.327954e+03  5.323065e+03
      vertex  1.136523e+05  6.372150e+03  5.482607e+03
    endloop
  endfacet
  facet normal  2.384893e-01  9.269994e-01 -2.894734e-01
    outer loop
      vertex  1.140511e+05  6.323662e+03  5.655854e+03
      vertex  1.136523e+05  6.372150e+03  5.482607e+03
      vertex  1.136671e+05  6.417998e+03  5.641586e+03
    endloop
  endfacet
  facet normal  2.495919e-01  8.309042e-01 -4.972946e-01
    outer loop
      vertex  1.144900e+05  4.861793e+03  1.339589e+03
      vertex  1.132603e+05  5.187972e+03  1.267432e+03
      vertex  1.138835e+05  5.083828e+03  1.406166e+03
    endloop
  endfacet
  facet normal  2.501050e-01  8.280900e-01 -5.017117e-01
    outer loop
      vertex  1.138835e+05  5.083828e+03  1.406166e+03
      vertex  1.132603e+05  5.187972e+03  1.267432e+03
      vertex  1.132692e+05  5.240156e+03  1.358003e+03
    endloop
  endfacet
  facet normal  2.516014e-01  8.409454e-01 -4.790695e-01
    outer loop
      vertex  1.138835e+05  5.083828e+03  1.406166e+03
      vertex  1.132692e+05  5.240156e+03  1.358003e+03
      vertex  1.132781e+05  5.289324e+03  1.448985e+03
    endloop
  endfacet
  facet normal  2.618910e-01  9.054018e-01 -3.341566e-01
    outer loop
      vertex  1.152122e+05  6.020968e+03  5.698658e+03
      vertex  1.156021e+05  5.913427e+03  5.712925e+03
      vertex  1.149169e+05  6.042236e+03  5.524916e+03
    endloop
  endfacet
  facet normal  2.625735e-01  9.038975e-01 -3.376749e-01
    outer loop
      vertex  1.149169e+05  6.042236e+03  5.524916e+03
      vertex  1.156021e+05  5.913427e+03  5.712925e+03
      vertex  1.155492e+05  5.845102e+03  5.488844e+03
    endloop
  endfacet
  facet normal  2.664450e-01  9.117340e-01 -3.126469e-01
    outer loop
      vertex  1.149169e+05  6.042236e+03  5.524916e+03
      vertex  1.155492e+05  5.845102e+03  5.488844e+03
      vertex  1.149002e+05  5.990805e+03  5.360647e+03
    endloop
  endfacet
  facet normal  2.499920e-01  8.326631e-01 -4.941419e-01
    outer loop
      vertex  1.163490e+05  4.262990e+03  1.275007e+03
      vertex  1.147908e+05  4.728560e+03  1.271219e+03
      vertex  1.157416e+05  4.544757e+03  1.442558e+03
    endloop
  endfacet
  facet normal  2.505304e-01  8.271578e-01 -5.030353e-01
    outer loop
      vertex  1.157416e+05  4.544757e+03  1.442558e+03
      vertex  1.147908e+05  4.728560e+03  1.271219e+03
      vertex  1.151156e+05  4.715545e+03  1.411611e+03
    endloop
  endfacet
  facet normal  2.543041e-01  8.478239e-01 -4.653213e-01
    outer loop
      vertex  1.157416e+05  4.544757e+03  1.442558e+03
      vertex  1.151156e+05  4.715545e+03  1.411611e+03
      vertex  1.151312e+05  4.787847e+03  1.551834e+03
    endloop
  endfacet
  facet normal  2.449235e-01  8.305588e-01 -5.001846e-01
    outer loop
      vertex  1.172878e+05  3.987490e+03  1.277255e+03
      vertex  1.163490e+05  4.262990e+03  1.275007e+03
      vertex  1.169909e+05  4.125422e+03  1.360929e+03
    endloop
  endfacet
  facet normal  2.449469e-01  8.262835e-01 -5.072047e-01
    outer loop
      vertex  1.169909e+05  4.125422e+03  1.360929e+03
      vertex  1.163490e+05  4.262990e+03  1.275007e+03
      vertex  1.163591e+05  4.312279e+03  1.360197e+03
    endloop
  endfacet
  facet normal  2.492040e-01  8.407826e-01 -4.806057e-01
    outer loop
      vertex  1.169909e+05  4.125422e+03  1.360929e+03
      vertex  1.163591e+05  4.312279e+03  1.360197e+03
      vertex  1.170013e+05  4.170654e+03  1.445411e+03
    endloop
  endfacet
  facet normal  2.492220e-01  8.389743e-01 -4.837463e-01
    outer loop
      vertex  1.170013e+05  4.170654e+03  1.445411e+03
      vertex  1.163591e+05  4.312279e+03  1.360197e+03
      vertex  1.163692e+05  4.358459e+03  1.445508e+03
    endloop
  endfacet
  facet normal  2.533107e-01  8.527201e-01 -4.568391e-01
    outer loop
      vertex  1.170013e+05  4.170654e+03  1.445411e+03
      vertex  1.163692e+05  4.358459e+03  1.445508e+03
      vertex  1.170120e+05  4.214424e+03  1.533041e+03
    endloop
  endfacet
  facet normal  3.137458e-01  8.699387e-01 -3.804867e-01
    outer loop
      vertex  1.187713e+05  4.930028e+03  5.827067e+03
      vertex  1.191730e+05  4.791365e+03  5.841335e+03
      vertex  1.187910e+05  4.805196e+03  5.557965e+03
    endloop
  endfacet
  facet normal  3.198020e-01  8.639739e-01 -3.889419e-01
    outer loop
      vertex  1.187910e+05  4.805196e+03  5.557965e+03
      vertex  1.191730e+05  4.791365e+03  5.841335e+03
      vertex  1.194683e+05  4.626097e+03  5.717023e+03
    endloop
  endfacet
  facet normal  3.183225e-01  8.705618e-01 -3.752240e-01
    outer loop
      vertex  1.187910e+05  4.805196e+03  5.557965e+03
      vertex  1.194683e+05  4.626097e+03  5.717023e+03
      vertex  1.194508e+05  4.573782e+03  5.580746e+03
    endloop
  endfacet
  facet normal  2.491854e-01  8.894482e-01 -3.831297e-01
    outer loop
      vertex  1.195981e+05  3.489772e+03  1.578576e+03
      vertex  1.189407e+05  3.659647e+03  1.545393e+03
      vertex  1.196110e+05  3.528620e+03  1.677162e+03
    endloop
  endfacet
  facet normal  2.509641e-01  8.814064e-01 -4.001746e-01
    outer loop
      vertex  1.196110e+05  3.528620e+03  1.677162e+03
      vertex  1.189407e+05  3.659647e+03  1.545393e+03
      vertex  1.189579e+05  3.714777e+03  1.677558e+03
    endloop
  endfacet
  facet normal  2.560631e-01  8.992006e-01 -3.547817e-01
    outer loop
      vertex  1.196110e+05  3.528620e+03  1.677162e+03
      vertex  1.189579e+05  3.714777e+03  1.677558e+03
      vertex  1.196239e+05  3.563852e+03  1.775783e+03
    endloop
  endfacet
  facet normal  2.565213e-01  8.956332e-01 -3.633702e-01
    outer loop
      vertex  1.196239e+05  3.563852e+03  1.775783e+03
      vertex  1.189579e+05  3.714777e+03  1.677558e+03
      vertex  1.189750e+05  3.763549e+03  1.809857e+03
    endloop
  endfacet
  facet normal  2.620809e-01  9.076429e-01 -3.278689e-01
    outer loop
      vertex  1.196239e+05  3.563852e+03  1.775783e+03
      vertex  1.189750e+05  3.763549e+03  1.809857e+03
      vertex  1.196369e+05  3.595774e+03  1.874478e+03
    endloop
  endfacet
  facet normal  2.621122e-01  9.051780e-01 -3.345894e-01
    outer loop
      vertex  1.196369e+05  3.595774e+03  1.874478e+03
      vertex  1.189750e+05  3.763549e+03  1.809857e+03
      vertex  1.189864e+05  3.792888e+03  1.898170e+03
    endloop
  endfacet
  facet normal  2.665948e-01  9.158440e-01 -3.002615e-01
    outer loop
      vertex  1.196369e+05  3.595774e+03  1.874478e+03
      vertex  1.189864e+05  3.792888e+03  1.898170e+03
      vertex  1.196523e+05  3.629991e+03  1.992543e+03
    endloop
  endfacet
  facet normal  2.673105e-01  9.113153e-01 -3.131284e-01
    outer loop
      vertex  1.196523e+05  3.629991e+03  1.992543e+03
      vertex  1.189864e+05  3.792888e+03  1.898170e+03
      vertex  1.189978e+05  3.819924e+03  1.986599e+03
    endloop
  endfacet
  facet normal  2.704305e-01  9.233344e-01 -2.726185e-01
    outer loop
      vertex  1.196523e+05  3.629991e+03  1.992543e+03
      vertex  1.189978e+05  3.819924e+03  1.986599e+03
      vertex  1.196677e+05  3.660391e+03  2.110812e+03
    endloop
  endfacet
  facet normal  2.716056e-01  9.196457e-01 -2.836939e-01
    outer loop
      vertex  1.196677e+05  3.660391e+03  2.110812e+03
      vertex  1.189978e+05  3.819924e+03  1.986599e+03
      vertex  1.190206e+05  3.867868e+03  2.163872e+03
    endloop
  endfacet
  facet normal  2.772945e-01  9.282435e-01 -2.479353e-01
    outer loop
      vertex  1.196677e+05  3.660391e+03  2.110812e+03
      vertex  1.190206e+05  3.867868e+03  2.163872e+03
      vertex  1.196831e+05  3.687437e+03  2.229324e+03
    endloop
  endfacet
  facet normal  2.766866e-01  9.340825e-01 -2.256862e-01
    outer loop
      vertex  1.196831e+05  3.687437e+03  2.229324e+03
      vertex  1.190206e+05  3.867868e+03  2.163872e+03
      vertex  1.196986e+05  3.711567e+03  2.348112e+03
    endloop
  endfacet
  facet normal  2.819609e-01  9.256790e-01 -2.522230e-01
    outer loop
      vertex  1.196986e+05  3.711567e+03  2.348112e+03
      vertex  1.190206e+05  3.867868e+03  2.163872e+03
      vertex  1.190396e+05  3.902458e+03  2.312086e+03
    endloop
  endfacet
  facet normal  2.826602e-01  9.366794e-01 -2.067242e-01
    outer loop
      vertex  1.196986e+05  3.711567e+03  2.348112e+03
      vertex  1.190396e+05  3.902458e+03  2.312086e+03
      vertex  1.197141e+05  3.733349e+03  2.468065e+03
    endloop
  endfacet
  facet normal  2.860715e-01  9.306969e-01 -2.279613e-01
    outer loop
      vertex  1.197141e+05  3.733349e+03  2.468065e+03
      vertex  1.190396e+05  3.902458e+03  2.312086e+03
      vertex  1.190587e+05  3.933034e+03  2.460793e+03
    endloop
  endfacet
  facet normal  2.880248e-01  9.384702e-01 -1.905662e-01
    outer loop
      vertex  1.197141e+05  3.733349e+03  2.468065e+03
      vertex  1.190587e+05  3.933034e+03  2.460793e+03
      vertex  1.197297e+05  3.753003e+03  2.588342e+03
    endloop
  endfacet
  facet normal  2.898208e-01  9.348372e-01 -2.051423e-01
    outer loop
      vertex  1.197297e+05  3.753003e+03  2.588342e+03
      vertex  1.190587e+05  3.933034e+03  2.460793e+03
      vertex  1.190840e+05  3.968858e+03  2.659881e+03
    endloop
  endfacet
  facet normal  2.946191e-01  9.393623e-01 -1.754930e-01
    outer loop
      vertex  1.197297e+05  3.753003e+03  2.588342e+03
      vertex  1.190840e+05  3.968858e+03  2.659881e+03
      vertex  1.197504e+05  3.776560e+03  2.749229e+03
    endloop
  endfacet
  facet normal  2.937392e-01  9.417470e-01 -1.637984e-01
    outer loop
      vertex  1.197504e+05  3.776560e+03  2.749229e+03
      vertex  1.190840e+05  3.968858e+03  2.659881e+03
      vertex  1.197642e+05  3.790965e+03  2.856820e+03
    endloop
  endfacet
  facet normal  2.992863e-01  9.353025e-01 -1.887775e-01
    outer loop
      vertex  1.197642e+05  3.790965e+03  2.856820e+03
      vertex  1.190840e+05  3.968858e+03  2.659881e+03
      vertex  1.191009e+05  3.990343e+03  2.793131e+03
    endloop
  endfacet
  facet normal  2.980148e-01  9.419252e-01 -1.548037e-01
    outer loop
      vertex  1.197642e+05  3.790965e+03  2.856820e+03
      vertex  1.191009e+05  3.990343e+03  2.793131e+03
      vertex  1.197918e+05  3.817715e+03  3.072781e+03
    endloop
  endfacet
  facet normal  3.049981e-01  9.360029e-01 -1.757120e-01
    outer loop
      vertex  1.197918e+05  3.817715e+03  3.072781e+03
      vertex  1.191009e+05  3.990343e+03  2.793131e+03
      vertex  1.191348e+05  4.029582e+03  3.060862e+03
    endloop
  endfacet
  facet normal  3.059058e-01  9.403154e-01 -1.490923e-01
    outer loop
      vertex  1.197918e+05  3.817715e+03  3.072781e+03
      vertex  1.191348e+05  4.029582e+03  3.060862e+03
      vertex  1.198336e+05  3.856221e+03  3.401425e+03
    endloop
  endfacet
  facet normal  3.134970e-01  9.346939e-01 -1.675319e-01
    outer loop
      vertex  1.198336e+05  3.856221e+03  3.401425e+03
      vertex  1.191348e+05  4.029582e+03  3.060862e+03
      vertex  1.191786e+05  4.077537e+03  3.410525e+03
    endloop
  endfacet
  facet normal  3.142996e-01  9.365602e-01 -1.551480e-01
    outer loop
      vertex  1.198336e+05  3.856221e+03  3.401425e+03
      vertex  1.191786e+05  4.077537e+03  3.410525e+03
      vertex  1.198755e+05  3.896914e+03  3.731794e+03
    endloop
  endfacet
  facet normal  3.216335e-01  9.319366e-01 -1.674689e-01
    outer loop
      vertex  1.198755e+05  3.896914e+03  3.731794e+03
      vertex  1.192225e+05  4.127699e+03  3.762097e+03
      vertex  1.198964e+05  3.919460e+03  3.897408e+03
    endloop
  endfacet
  facet normal  3.239253e-01  9.277555e-01 -1.853162e-01
    outer loop
      vertex  1.198964e+05  3.919460e+03  3.897408e+03
      vertex  1.192225e+05  4.127699e+03  3.762097e+03
      vertex  1.192454e+05  4.156439e+03  3.946006e+03
    endloop
  endfacet
  facet normal  3.247460e-01  9.287114e-01 -1.789839e-01
    outer loop
      vertex  1.198964e+05  3.919460e+03  3.897408e+03
      vertex  1.192454e+05  4.156439e+03  3.946006e+03
      vertex  1.199173e+05  3.944096e+03  4.063170e+03
    endloop
  endfacet
  facet normal  3.266063e-01  9.242418e-01 -1.977513e-01
    outer loop
      vertex  1.199173e+05  3.944096e+03  4.063170e+03
      vertex  1.192454e+05  4.156439e+03  3.946006e+03
      vertex  1.192683e+05  4.187725e+03  4.130049e+03
    endloop
  endfacet
  facet normal  3.268254e-01  9.244533e-01 -1.963955e-01
    outer loop
      vertex  1.199173e+05  3.944096e+03  4.063170e+03
      vertex  1.192683e+05  4.187725e+03  4.130049e+03
      vertex  1.199486e+05  3.985833e+03  4.311832e+03
    endloop
  endfacet
  facet normal  3.296679e-01  9.199882e-01 -2.119921e-01
    outer loop
      vertex  1.199486e+05  3.985833e+03  4.311832e+03
      vertex  1.192683e+05  4.187725e+03  4.130049e+03
      vertex  1.192893e+05  4.219072e+03  4.298720e+03
    endloop
  endfacet
  facet normal  3.291713e-01  9.180884e-01 -2.208168e-01
    outer loop
      vertex  1.199486e+05  3.985833e+03  4.311832e+03
      vertex  1.192893e+05  4.219072e+03  4.298720e+03
      vertex  1.199800e+05  4.034312e+03  4.560137e+03
    endloop
  endfacet
  facet normal  3.310413e-01  9.158151e-01 -2.273640e-01
    outer loop
      vertex  1.199800e+05  4.034312e+03  4.560137e+03
      vertex  1.192893e+05  4.219072e+03  4.298720e+03
      vertex  1.193103e+05  4.253321e+03  4.467239e+03
    endloop
  endfacet
  facet normal  3.318887e-01  9.109847e-01 -2.448609e-01
    outer loop
      vertex  1.199800e+05  4.034312e+03  4.560137e+03
      vertex  1.193103e+05  4.253321e+03  4.467239e+03
      vertex  1.199800e+05  4.081527e+03  4.735800e+03
    endloop
  endfacet
  facet normal  3.335291e-01  9.089110e-01 -2.502777e-01
    outer loop
      vertex  1.199800e+05  4.081527e+03  4.735800e+03
      vertex  1.193103e+05  4.253321e+03  4.467239e+03
      vertex  1.193454e+05  4.317865e+03  4.748425e+03
    endloop
  endfacet
  facet normal  3.317906e-01  9.050817e-01 -2.659739e-01
    outer loop
      vertex  1.199800e+05  4.081527e+03  4.735800e+03
      vertex  1.193454e+05  4.317865e+03  4.748425e+03
      vertex  1.199800e+05  4.132889e+03  4.910577e+03
    endloop
  endfacet
  facet normal  3.333852e-01  8.886858e-01 -3.147884e-01
    outer loop
      vertex  1.194157e+05  4.477542e+03  5.305807e+03
      vertex  1.199800e+05  4.242810e+03  5.240815e+03
      vertex  1.193805e+05  4.392369e+03  5.028162e+03
    endloop
  endfacet
  facet normal  3.318489e-01  8.914593e-01 -3.085072e-01
    outer loop
      vertex  1.193805e+05  4.392369e+03  5.028162e+03
      vertex  1.199800e+05  4.242810e+03  5.240815e+03
      vertex  1.199800e+05  4.185854e+03  5.076234e+03
    endloop
  endfacet
  facet normal  3.324998e-01  8.983056e-01 -2.872121e-01
    outer loop
      vertex  1.193805e+05  4.392369e+03  5.028162e+03
      vertex  1.199800e+05  4.185854e+03  5.076234e+03
      vertex  1.199800e+05  4.132889e+03  4.910577e+03
    endloop
  endfacet
  facet normal  3.242405e-01  8.596924e-01 -3.947113e-01
    outer loop
      vertex  1.195760e+05  4.649129e+03  5.855603e+03
      vertex  1.199800e+05  4.503299e+03  5.869871e+03
      vertex  1.194683e+05  4.626097e+03  5.717023e+03
    endloop
  endfacet
  facet normal  3.238992e-01  8.607230e-01 -3.927406e-01
    outer loop
      vertex  1.194683e+05  4.626097e+03  5.717023e+03
      vertex  1.199800e+05  4.503299e+03  5.869871e+03
      vertex  1.199800e+05  4.432481e+03  5.714668e+03
    endloop
  endfacet
  facet normal  3.265621e-01  8.675460e-01 -3.751282e-01
    outer loop
      vertex  1.194683e+05  4.626097e+03  5.717023e+03
      vertex  1.199800e+05  4.432481e+03  5.714668e+03
      vertex  1.194508e+05  4.573782e+03  5.580746e+03
    endloop
  endfacet
  facet normal  3.261694e-01  8.690387e-01 -3.720016e-01
    outer loop
      vertex  1.194508e+05  4.573782e+03  5.580746e+03
      vertex  1.199800e+05  4.432481e+03  5.714668e+03
      vertex  1.199800e+05  4.365431e+03  5.558031e+03
    endloop
  endfacet
  facet normal  3.302595e-01  8.769368e-01 -3.491567e-01
    outer loop
      vertex  1.194508e+05  4.573782e+03  5.580746e+03
      vertex  1.199800e+05  4.365431e+03  5.558031e+03
      vertex  1.194157e+05  4.477542e+03  5.305807e+03
    endloop
  endfacet
  facet normal  3.307754e-01  8.761402e-01 -3.506651e-01
    outer loop
      vertex  1.194157e+05  4.477542e+03  5.305807e+03
      vertex  1.199800e+05  4.365431e+03  5.558031e+03
      vertex  1.199800e+05  4.302199e+03  5.400046e+03
    endloop
  endfacet
  facet normal  3.299031e-01  8.844963e-01 -3.298940e-01
    outer loop
      vertex  1.194157e+05  4.477542e+03  5.305807e+03
      vertex  1.199800e+05  4.302199e+03  5.400046e+03
      vertex  1.199800e+05  4.242810e+03  5.240815e+03
    endloop
  endfacet
  facet normal  2.550332e-01  8.480284e-01 -4.645492e-01
    outer loop
      vertex  1.138835e+05  5.083828e+03  1.406166e+03
      vertex  1.132781e+05  5.289324e+03  1.448985e+03
      vertex  1.138975e+05  5.155204e+03  1.544194e+03
    endloop
  endfacet
  facet normal  2.547739e-01  8.522232e-01 -4.569528e-01
    outer loop
      vertex  1.138975e+05  5.155204e+03  1.544194e+03
      vertex  1.132781e+05  5.289324e+03  1.448985e+03
      vertex  1.132870e+05  5.335663e+03  1.540373e+03
    endloop
  endfacet
  facet normal  2.581913e-01  8.643207e-01 -4.316098e-01
    outer loop
      vertex  1.138975e+05  5.155204e+03  1.544194e+03
      vertex  1.132870e+05  5.335663e+03  1.540373e+03
      vertex  1.139116e+05  5.220325e+03  1.683029e+03
    endloop
  endfacet
  facet normal  2.586905e-01  8.622208e-01 -4.354936e-01
    outer loop
      vertex  1.139116e+05  5.220325e+03  1.683029e+03
      vertex  1.132870e+05  5.335663e+03  1.540373e+03
      vertex  1.132960e+05  5.379352e+03  1.632161e+03
    endloop
  endfacet
  facet normal  2.599104e-01  8.769254e-01 -4.042875e-01
    outer loop
      vertex  1.139116e+05  5.220325e+03  1.683029e+03
      vertex  1.132960e+05  5.379352e+03  1.632161e+03
      vertex  1.139222e+05  5.265442e+03  1.787681e+03
    endloop
  endfacet
  facet normal  2.600441e-01  8.764900e-01 -4.051449e-01
    outer loop
      vertex  1.139222e+05  5.265442e+03  1.787681e+03
      vertex  1.132960e+05  5.379352e+03  1.632161e+03
      vertex  1.133138e+05  5.459465e+03  1.816906e+03
    endloop
  endfacet
  facet normal  2.640360e-01  8.855525e-01 -3.822063e-01
    outer loop
      vertex  1.139222e+05  5.265442e+03  1.787681e+03
      vertex  1.133138e+05  5.459465e+03  1.816906e+03
      vertex  1.139328e+05  5.307649e+03  1.892776e+03
    endloop
  endfacet
  facet normal  2.638615e-01  8.899305e-01 -3.720225e-01
    outer loop
      vertex  1.139328e+05  5.307649e+03  1.892776e+03
      vertex  1.133138e+05  5.459465e+03  1.816906e+03
      vertex  1.133271e+05  5.513842e+03  1.956453e+03
    endloop
  endfacet
  facet normal  2.683156e-01  8.967806e-01 -3.518401e-01
    outer loop
      vertex  1.139328e+05  5.307649e+03  1.892776e+03
      vertex  1.133271e+05  5.513842e+03  1.956453e+03
      vertex  1.139539e+05  5.384303e+03  2.104262e+03
    endloop
  endfacet
  facet normal  2.674942e-01  8.992052e-01 -3.462324e-01
    outer loop
      vertex  1.139539e+05  5.384303e+03  2.104262e+03
      vertex  1.133271e+05  5.513842e+03  1.956453e+03
      vertex  1.133405e+05  5.563911e+03  2.096811e+03
    endloop
  endfacet
  facet normal  2.696768e-01  9.076838e-01 -3.215348e-01
    outer loop
      vertex  1.139539e+05  5.384303e+03  2.104262e+03
      vertex  1.133405e+05  5.563911e+03  2.096811e+03
      vertex  1.139680e+05  5.430390e+03  2.246178e+03
    endloop
  endfacet
  facet normal  2.693278e-01  9.085905e-01 -3.192581e-01
    outer loop
      vertex  1.139680e+05  5.430390e+03  2.246178e+03
      vertex  1.133405e+05  5.563911e+03  2.096811e+03
      vertex  1.133584e+05  5.625064e+03  2.285934e+03
    endloop
  endfacet
  facet normal  2.723242e-01  9.141182e-01 -3.003788e-01
    outer loop
      vertex  1.139680e+05  5.430390e+03  2.246178e+03
      vertex  1.133584e+05  5.625064e+03  2.285934e+03
      vertex  1.139820e+05  5.473061e+03  2.388798e+03
    endloop
  endfacet
  facet normal  2.716874e-01  9.168777e-01 -2.924403e-01
    outer loop
      vertex  1.139820e+05  5.473061e+03  2.388798e+03
      vertex  1.133584e+05  5.625064e+03  2.285934e+03
      vertex  1.133762e+05  5.680498e+03  2.476340e+03
    endloop
  endfacet
  facet normal  2.740947e-01  9.194593e-01 -2.818983e-01
    outer loop
      vertex  1.139820e+05  5.473061e+03  2.388798e+03
      vertex  1.133762e+05  5.680498e+03  2.476340e+03
      vertex  1.139961e+05  5.512792e+03  2.532085e+03
    endloop
  endfacet
  facet normal  2.739544e-01  9.242294e-01 -2.659872e-01
    outer loop
      vertex  1.139961e+05  5.512792e+03  2.532085e+03
      vertex  1.133762e+05  5.680498e+03  2.476340e+03
      vertex  1.140102e+05  5.550034e+03  2.675997e+03
    endloop
  endfacet
  facet normal  2.743824e-01  9.235886e-01 -2.677651e-01
    outer loop
      vertex  1.140102e+05  5.550034e+03  2.675997e+03
      vertex  1.133762e+05  5.680498e+03  2.476340e+03
      vertex  1.133984e+05  5.742863e+03  2.714182e+03
    endloop
  endfacet
  facet normal  2.772035e-01  9.284668e-01 -2.471993e-01
    outer loop
      vertex  1.140102e+05  5.550034e+03  2.675997e+03
      vertex  1.133984e+05  5.742863e+03  2.714182e+03
      vertex  1.140384e+05  5.618707e+03  2.965511e+03
    endloop
  endfacet
  facet normal  2.769895e-01  9.287072e-01 -2.465357e-01
    outer loop
      vertex  1.140384e+05  5.618707e+03  2.965511e+03
      vertex  1.133984e+05  5.742863e+03  2.714182e+03
      vertex  1.134206e+05  5.799802e+03  2.953593e+03
    endloop
  endfacet
  facet normal  2.778519e-01  9.327570e-01 -2.297017e-01
    outer loop
      vertex  1.140384e+05  5.618707e+03  2.965511e+03
      vertex  1.134206e+05  5.799802e+03  2.953593e+03
      vertex  1.140673e+05  5.683697e+03  3.264358e+03
    endloop
  endfacet
  facet normal  2.784409e-01  9.322297e-01 -2.311244e-01
    outer loop
      vertex  1.140673e+05  5.683697e+03  3.264358e+03
      vertex  1.134206e+05  5.799802e+03  2.953593e+03
      vertex  1.134437e+05  5.855146e+03  3.204699e+03
    endloop
  endfacet
  facet normal  2.782066e-01  9.344317e-01 -2.223476e-01
    outer loop
      vertex  1.140673e+05  5.683697e+03  3.264358e+03
      vertex  1.134437e+05  5.855146e+03  3.204699e+03
      vertex  1.134591e+05  5.890543e+03  3.372751e+03
    endloop
  endfacet
  facet normal  2.794131e-01  9.352818e-01 -2.172012e-01
    outer loop
      vertex  1.134591e+05  5.890543e+03  3.372751e+03
      vertex  1.134900e+05  5.959648e+03  3.710000e+03
      vertex  1.140673e+05  5.683697e+03  3.264358e+03
    endloop
  endfacet
  facet normal  2.773223e-01  9.352725e-01 -2.199038e-01
    outer loop
      vertex  1.140673e+05  5.683697e+03  3.264358e+03
      vertex  1.134900e+05  5.959648e+03  3.710000e+03
      vertex  1.141250e+05  5.808046e+03  3.866074e+03
    endloop
  endfacet
  facet normal  2.835482e-01  9.333563e-01 -2.201055e-01
    outer loop
      vertex  1.140673e+05  5.683697e+03  3.264358e+03
      vertex  1.141250e+05  5.808046e+03  3.866074e+03
      vertex  1.147287e+05  5.574952e+03  3.655251e+03
    endloop
  endfacet
  facet normal  2.731615e-01  9.350119e-01 -2.261318e-01
    outer loop
      vertex  1.141250e+05  5.808046e+03  3.866074e+03
      vertex  1.135250e+05  6.038340e+03  4.093428e+03
      vertex  1.141684e+05  5.904873e+03  4.318764e+03
    endloop
  endfacet
  facet normal  2.721685e-01  9.361417e-01 -2.226273e-01
    outer loop
      vertex  1.141684e+05  5.904873e+03  4.318764e+03
      vertex  1.135250e+05  6.038340e+03  4.093428e+03
      vertex  1.135424e+05  6.078872e+03  4.285238e+03
    endloop
  endfacet
  facet normal  2.719480e-01  9.322946e-01 -2.384768e-01
    outer loop
      vertex  1.141684e+05  5.904873e+03  4.318764e+03
      vertex  1.135424e+05  6.078872e+03  4.285238e+03
      vertex  1.141900e+05  5.956401e+03  4.544905e+03
    endloop
  endfacet
  facet normal  2.692389e-01  9.351093e-01 -2.303933e-01
    outer loop
      vertex  1.141900e+05  5.956401e+03  4.544905e+03
      vertex  1.135424e+05  6.078872e+03  4.285238e+03
      vertex  1.135687e+05  6.142144e+03  4.572701e+03
    endloop
  endfacet
  facet normal  2.670998e-01  9.308119e-01 -2.494932e-01
    outer loop
      vertex  1.141900e+05  5.956401e+03  4.544905e+03
      vertex  1.135687e+05  6.142144e+03  4.572701e+03
      vertex  1.142117e+05  6.010682e+03  4.770609e+03
    endloop
  endfacet
  facet normal  2.650017e-01  9.337090e-01 -2.407522e-01
    outer loop
      vertex  1.142117e+05  6.010682e+03  4.770609e+03
      vertex  1.135687e+05  6.142144e+03  4.572701e+03
      vertex  1.135884e+05  6.192042e+03  4.787875e+03
    endloop
  endfacet
  facet normal  2.626670e-01  9.279406e-01 -2.644472e-01
    outer loop
      vertex  1.142117e+05  6.010682e+03  4.770609e+03
      vertex  1.135884e+05  6.192042e+03  4.787875e+03
      vertex  1.142406e+05  6.087971e+03  5.070501e+03
    endloop
  endfacet
  facet normal  2.577152e-01  9.330084e-01 -2.511542e-01
    outer loop
      vertex  1.142406e+05  6.087971e+03  5.070501e+03
      vertex  1.135884e+05  6.192042e+03  4.787875e+03
      vertex  1.136080e+05  6.244383e+03  5.002499e+03
    endloop
  endfacet
  facet normal  2.580903e-01  9.301133e-01 -2.613018e-01
    outer loop
      vertex  1.142406e+05  6.087971e+03  5.070501e+03
      vertex  1.136080e+05  6.244383e+03  5.002499e+03
      vertex  1.136228e+05  6.285381e+03  5.163011e+03
    endloop
  endfacet
  facet normal  2.551944e-01  8.474451e-01 -4.655241e-01
    outer loop
      vertex  1.144974e+05  4.900451e+03  1.408888e+03
      vertex  1.138835e+05  5.083828e+03  1.406166e+03
      vertex  1.145122e+05  4.972416e+03  1.548014e+03
    endloop
  endfacet
  facet normal  2.550753e-01  8.480167e-01 -4.645473e-01
    outer loop
      vertex  1.145122e+05  4.972416e+03  1.548014e+03
      vertex  1.138835e+05  5.083828e+03  1.406166e+03
      vertex  1.138975e+05  5.155204e+03  1.544194e+03
    endloop
  endfacet
  facet normal  2.595900e-01  8.638858e-01 -4.316415e-01
    outer loop
      vertex  1.145122e+05  4.972416e+03  1.548014e+03
      vertex  1.138975e+05  5.155204e+03  1.544194e+03
      vertex  1.145270e+05  5.037837e+03  1.687855e+03
    endloop
  endfacet
  facet normal  2.595804e-01  8.639264e-01 -4.315659e-01
    outer loop
      vertex  1.145270e+05  5.037837e+03  1.687855e+03
      vertex  1.138975e+05  5.155204e+03  1.544194e+03
      vertex  1.139116e+05  5.220325e+03  1.683029e+03
    endloop
  endfacet
  facet normal  2.630399e-01  8.763335e-01 -4.035464e-01
    outer loop
      vertex  1.145270e+05  5.037837e+03  1.687855e+03
      vertex  1.139116e+05  5.220325e+03  1.683029e+03
      vertex  1.145381e+05  5.083018e+03  1.793211e+03
    endloop
  endfacet
  facet normal  2.630868e-01  8.760116e-01 -4.042141e-01
    outer loop
      vertex  1.145381e+05  5.083018e+03  1.793211e+03
      vertex  1.139116e+05  5.220325e+03  1.683029e+03
      vertex  1.139222e+05  5.265442e+03  1.787681e+03
    endloop
  endfacet
  facet normal  2.657201e-01  8.856091e-01 -3.809057e-01
    outer loop
      vertex  1.145381e+05  5.083018e+03  1.793211e+03
      vertex  1.139222e+05  5.265442e+03  1.787681e+03
      vertex  1.145492e+05  5.125174e+03  1.898975e+03
    endloop
  endfacet
  facet normal  2.658167e-01  8.850325e-01 -3.821765e-01
    outer loop
      vertex  1.145492e+05  5.125174e+03  1.898975e+03
      vertex  1.139222e+05  5.265442e+03  1.787681e+03
      vertex  1.139328e+05  5.307649e+03  1.892776e+03
    endloop
  endfacet
  facet normal  2.691287e-01  8.973205e-01 -3.498365e-01
    outer loop
      vertex  1.145492e+05  5.125174e+03  1.898975e+03
      vertex  1.139328e+05  5.307649e+03  1.892776e+03
      vertex  1.145714e+05  5.201450e+03  2.111713e+03
    endloop
  endfacet
  facet normal  2.696560e-01  8.963824e-01 -3.518297e-01
    outer loop
      vertex  1.145714e+05  5.201450e+03  2.111713e+03
      vertex  1.139328e+05  5.307649e+03  1.892776e+03
      vertex  1.139539e+05  5.384303e+03  2.104262e+03
    endloop
  endfacet
  facet normal  2.726187e-01  9.077297e-01 -3.189132e-01
    outer loop
      vertex  1.145714e+05  5.201450e+03  2.111713e+03
      vertex  1.139539e+05  5.384303e+03  2.104262e+03
      vertex  1.145863e+05  5.247138e+03  2.254417e+03
    endloop
  endfacet
  facet normal  2.730156e-01  9.066829e-01 -3.215410e-01
    outer loop
      vertex  1.145863e+05  5.247138e+03  2.254417e+03
      vertex  1.139539e+05  5.384303e+03  2.104262e+03
      vertex  1.139680e+05  5.430390e+03  2.246178e+03
    endloop
  endfacet
  facet normal  2.749475e-01  9.142830e-01 -2.974735e-01
    outer loop
      vertex  1.145863e+05  5.247138e+03  2.254417e+03
      vertex  1.139680e+05  5.430390e+03  2.246178e+03
      vertex  1.146011e+05  5.289334e+03  2.397798e+03
    endloop
  endfacet
  facet normal  2.754050e-01  9.131864e-01 -3.004042e-01
    outer loop
      vertex  1.146011e+05  5.289334e+03  2.397798e+03
      vertex  1.139680e+05  5.430390e+03  2.246178e+03
      vertex  1.139820e+05  5.473061e+03  2.388798e+03
    endloop
  endfacet
  facet normal  2.771613e-01  9.202930e-01 -2.761200e-01
    outer loop
      vertex  1.146011e+05  5.289334e+03  2.397798e+03
      vertex  1.139820e+05  5.473061e+03  2.388798e+03
      vertex  1.146208e+05  5.341046e+03  2.589975e+03
    endloop
  endfacet
  facet normal  2.785475e-01  9.181014e-01 -2.819596e-01
    outer loop
      vertex  1.146208e+05  5.341046e+03  2.589975e+03
      vertex  1.139820e+05  5.473061e+03  2.388798e+03
      vertex  1.139961e+05  5.512792e+03  2.532085e+03
    endloop
  endfacet
  facet normal  2.782516e-01  9.257150e-01 -2.561794e-01
    outer loop
      vertex  1.146208e+05  5.341046e+03  2.589975e+03
      vertex  1.139961e+05  5.512792e+03  2.532085e+03
      vertex  1.146406e+05  5.388587e+03  2.783220e+03
    endloop
  endfacet
  facet normal  2.814020e-01  9.219490e-01 -2.661260e-01
    outer loop
      vertex  1.146406e+05  5.388587e+03  2.783220e+03
      vertex  1.139961e+05  5.512792e+03  2.532085e+03
      vertex  1.140102e+05  5.550034e+03  2.675997e+03
    endloop
  endfacet
  facet normal  2.790636e-01  9.295599e-01 -2.409188e-01
    outer loop
      vertex  1.146406e+05  5.388587e+03  2.783220e+03
      vertex  1.140102e+05  5.550034e+03  2.675997e+03
      vertex  1.146603e+05  5.432993e+03  2.977430e+03
    endloop
  endfacet
  facet normal  2.815856e-01  9.271188e-01 -2.473059e-01
    outer loop
      vertex  1.146603e+05  5.432993e+03  2.977430e+03
      vertex  1.140102e+05  5.550034e+03  2.675997e+03
      vertex  1.140384e+05  5.618707e+03  2.965511e+03
    endloop
  endfacet
  facet normal  2.825224e-01  9.313973e-01 -2.295218e-01
    outer loop
      vertex  1.146603e+05  5.432993e+03  2.977430e+03
      vertex  1.140384e+05  5.618707e+03  2.965511e+03
      vertex  1.146831e+05  5.481549e+03  3.202514e+03
    endloop
  endfacet
  facet normal  2.826175e-01  9.312892e-01 -2.298430e-01
    outer loop
      vertex  1.146831e+05  5.481549e+03  3.202514e+03
      vertex  1.140384e+05  5.618707e+03  2.965511e+03
      vertex  1.140673e+05  5.683697e+03  3.264358e+03
    endloop
  endfacet
  facet normal  2.840528e-01  9.329761e-01 -2.210650e-01
    outer loop
      vertex  1.146831e+05  5.481549e+03  3.202514e+03
      vertex  1.140673e+05  5.683697e+03  3.264358e+03
      vertex  1.147287e+05  5.574952e+03  3.655251e+03
    endloop
  endfacet
  facet normal  2.737024e-01  9.317687e-01 -2.385249e-01
    outer loop
      vertex  1.141900e+05  5.956401e+03  4.544905e+03
      vertex  1.148312e+05  5.802111e+03  4.677912e+03
      vertex  1.141684e+05  5.904873e+03  4.318764e+03
    endloop
  endfacet
  facet normal  2.787425e-01  9.275126e-01 -2.490442e-01
    outer loop
      vertex  1.141684e+05  5.904873e+03  4.318764e+03
      vertex  1.148312e+05  5.802111e+03  4.677912e+03
      vertex  1.147970e+05  5.720930e+03  4.337323e+03
    endloop
  endfacet
  facet normal  2.793470e-01  9.310004e-01 -2.349546e-01
    outer loop
      vertex  1.141684e+05  5.904873e+03  4.318764e+03
      vertex  1.147970e+05  5.720930e+03  4.337323e+03
      vertex  1.147742e+05  5.670370e+03  4.109893e+03
    endloop
  endfacet
  facet normal  2.651199e-01  9.215826e-01 -2.835433e-01
    outer loop
      vertex  1.142406e+05  6.087971e+03  5.070501e+03
      vertex  1.142694e+05  6.171428e+03  5.368771e+03
      vertex  1.148828e+05  5.939744e+03  5.189206e+03
    endloop
  endfacet
  facet normal  2.590705e-01  9.181566e-01 -2.997848e-01
    outer loop
      vertex  1.148828e+05  5.939744e+03  5.189206e+03
      vertex  1.142694e+05  6.171428e+03  5.368771e+03
      vertex  1.149002e+05  5.990805e+03  5.360647e+03
    endloop
  endfacet
  facet normal  2.718552e-01  9.143941e-01 -2.999634e-01
    outer loop
      vertex  1.148828e+05  5.939744e+03  5.189206e+03
      vertex  1.149002e+05  5.990805e+03  5.360647e+03
      vertex  1.155253e+05  5.773365e+03  5.264345e+03
    endloop
  endfacet
  facet normal  2.671582e-01  9.093217e-01 -3.189993e-01
    outer loop
      vertex  1.155253e+05  5.773365e+03  5.264345e+03
      vertex  1.149002e+05  5.990805e+03  5.360647e+03
      vertex  1.155492e+05  5.845102e+03  5.488844e+03
    endloop
  endfacet
  facet normal  2.555107e-01  8.474839e-01 -4.652797e-01
    outer loop
      vertex  1.151156e+05  4.715545e+03  1.411611e+03
      vertex  1.144974e+05  4.900451e+03  1.408888e+03
      vertex  1.151312e+05  4.787847e+03  1.551834e+03
    endloop
  endfacet
  facet normal  2.555388e-01  8.473486e-01 -4.655108e-01
    outer loop
      vertex  1.151312e+05  4.787847e+03  1.551834e+03
      vertex  1.144974e+05  4.900451e+03  1.408888e+03
      vertex  1.145122e+05  4.972416e+03  1.548014e+03
    endloop
  endfacet
  facet normal  2.603637e-01  8.642553e-01 -4.304342e-01
    outer loop
      vertex  1.151312e+05  4.787847e+03  1.551834e+03
      vertex  1.145122e+05  4.972416e+03  1.548014e+03
      vertex  1.151467e+05  4.853316e+03  1.692682e+03
    endloop
  endfacet
  facet normal  2.605138e-01  8.636206e-01 -4.316153e-01
    outer loop
      vertex  1.151467e+05  4.853316e+03  1.692682e+03
      vertex  1.145122e+05  4.972416e+03  1.548014e+03
      vertex  1.145270e+05  5.037837e+03  1.687855e+03
    endloop
  endfacet
  facet normal  2.641730e-01  8.766831e-01 -4.020440e-01
    outer loop
      vertex  1.151467e+05  4.853316e+03  1.692682e+03
      vertex  1.145270e+05  5.037837e+03  1.687855e+03
      vertex  1.151578e+05  4.896495e+03  1.794156e+03
    endloop
  endfacet
  facet normal  2.642638e-01  8.759763e-01 -4.035223e-01
    outer loop
      vertex  1.151578e+05  4.896495e+03  1.794156e+03
      vertex  1.145270e+05  5.037837e+03  1.687855e+03
      vertex  1.145381e+05  5.083018e+03  1.793211e+03
    endloop
  endfacet
  facet normal  2.671475e-01  8.856779e-01 -3.797459e-01
    outer loop
      vertex  1.151578e+05  4.896495e+03  1.794156e+03
      vertex  1.145381e+05  5.083018e+03  1.793211e+03
      vertex  1.151690e+05  4.936786e+03  1.895970e+03
    endloop
  endfacet
  facet normal  2.672150e-01  8.851674e-01 -3.808868e-01
    outer loop
      vertex  1.151690e+05  4.936786e+03  1.895970e+03
      vertex  1.145381e+05  5.083018e+03  1.793211e+03
      vertex  1.145492e+05  5.125174e+03  1.898975e+03
    endloop
  endfacet
  facet normal  2.699780e-01  8.938901e-01 -3.578719e-01
    outer loop
      vertex  1.151690e+05  4.936786e+03  1.895970e+03
      vertex  1.145492e+05  5.125174e+03  1.898975e+03
      vertex  1.151811e+05  4.977713e+03  2.007363e+03
    endloop
  endfacet
  facet normal  2.693824e-01  8.972447e-01 -3.498358e-01
    outer loop
      vertex  1.145492e+05  5.125174e+03  1.898975e+03
      vertex  1.145714e+05  5.201450e+03  2.111713e+03
      vertex  1.151811e+05  4.977713e+03  2.007363e+03
    endloop
  endfacet
  facet normal  2.730554e-01  9.011406e-01 -3.367287e-01
    outer loop
      vertex  1.151811e+05  4.977713e+03  2.007363e+03
      vertex  1.145714e+05  5.201450e+03  2.111713e+03
      vertex  1.151933e+05  5.015809e+03  2.119164e+03
    endloop
  endfacet
  facet normal  2.733013e-01  9.010658e-01 -3.367299e-01
    outer loop
      vertex  1.151811e+05  4.977713e+03  2.007363e+03
      vertex  1.151933e+05  5.015809e+03  2.119164e+03
      vertex  1.158098e+05  4.799361e+03  2.040350e+03
    endloop
  endfacet
  facet normal  2.750635e-01  9.033262e-01 -3.291534e-01
    outer loop
      vertex  1.158098e+05  4.799361e+03  2.040350e+03
      vertex  1.151933e+05  5.015809e+03  2.119164e+03
      vertex  1.158195e+05  4.827831e+03  2.126615e+03
    endloop
  endfacet
  facet normal  2.749691e-01  9.084280e-01 -3.148819e-01
    outer loop
      vertex  1.151933e+05  5.015809e+03  2.119164e+03
      vertex  1.145714e+05  5.201450e+03  2.111713e+03
      vertex  1.152088e+05  5.060845e+03  2.262655e+03
    endloop
  endfacet
  facet normal  2.755757e-01  9.068298e-01 -3.189321e-01
    outer loop
      vertex  1.152088e+05  5.060845e+03  2.262655e+03
      vertex  1.145714e+05  5.201450e+03  2.111713e+03
      vertex  1.145863e+05  5.247138e+03  2.254417e+03
    endloop
  endfacet
  facet normal  2.776421e-01  9.148772e-01 -2.931117e-01
    outer loop
      vertex  1.152088e+05  5.060845e+03  2.262655e+03
      vertex  1.145863e+05  5.247138e+03  2.254417e+03
      vertex  1.152243e+05  5.102315e+03  2.406797e+03
    endloop
  endfacet
  facet normal  2.783241e-01  9.132465e-01 -2.975173e-01
    outer loop
      vertex  1.152243e+05  5.102315e+03  2.406797e+03
      vertex  1.145863e+05  5.247138e+03  2.254417e+03
      vertex  1.146011e+05  5.289334e+03  2.397798e+03
    endloop
  endfacet
  facet normal  2.801896e-01  9.207089e-01 -2.716411e-01
    outer loop
      vertex  1.152243e+05  5.102315e+03  2.406797e+03
      vertex  1.146011e+05  5.289334e+03  2.397798e+03
      vertex  1.152450e+05  5.153002e+03  2.599962e+03
    endloop
  endfacet
  facet normal  2.812640e-01  9.190236e-01 -2.762000e-01
    outer loop
      vertex  1.152450e+05  5.153002e+03  2.599962e+03
      vertex  1.146011e+05  5.289334e+03  2.397798e+03
      vertex  1.146208e+05  5.341046e+03  2.589975e+03
    endloop
  endfacet
  facet normal  2.828306e-01  9.255179e-01 -2.518404e-01
    outer loop
      vertex  1.152450e+05  5.153002e+03  2.599962e+03
      vertex  1.146208e+05  5.341046e+03  2.589975e+03
      vertex  1.152658e+05  5.199523e+03  2.794176e+03
    endloop
  endfacet
  facet normal  2.839076e-01  9.239557e-01 -2.563247e-01
    outer loop
      vertex  1.152658e+05  5.199523e+03  2.794176e+03
      vertex  1.146208e+05  5.341046e+03  2.589975e+03
      vertex  1.146406e+05  5.388587e+03  2.783220e+03
    endloop
  endfacet
  facet normal  2.850202e-01  9.287533e-01 -2.370246e-01
    outer loop
      vertex  1.152658e+05  5.199523e+03  2.794176e+03
      vertex  1.146406e+05  5.388587e+03  2.783220e+03
      vertex  1.152865e+05  5.242979e+03  2.989349e+03
    endloop
  endfacet
  facet normal  2.860224e-01  9.273876e-01 -2.411296e-01
    outer loop
      vertex  1.152865e+05  5.242979e+03  2.989349e+03
      vertex  1.146406e+05  5.388587e+03  2.783220e+03
      vertex  1.146603e+05  5.432993e+03  2.977430e+03
    endloop
  endfacet
  facet normal  2.868001e-01  9.308812e-01 -2.262874e-01
    outer loop
      vertex  1.152865e+05  5.242979e+03  2.989349e+03
      vertex  1.146603e+05  5.432993e+03  2.977430e+03
      vertex  1.153103e+05  5.290606e+03  3.215544e+03
    endloop
  endfacet
  facet normal  2.877987e-01  9.297370e-01 -2.296977e-01
    outer loop
      vertex  1.153103e+05  5.290606e+03  3.215544e+03
      vertex  1.146603e+05  5.432993e+03  2.977430e+03
      vertex  1.146831e+05  5.481549e+03  3.202514e+03
    endloop
  endfacet
  facet normal  2.882893e-01  9.320437e-01 -2.195077e-01
    outer loop
      vertex  1.153103e+05  5.290606e+03  3.215544e+03
      vertex  1.146831e+05  5.481549e+03  3.202514e+03
      vertex  1.153581e+05  5.382983e+03  3.670515e+03
    endloop
  endfacet
  facet normal  2.893900e-01  9.312894e-01 -2.212541e-01
    outer loop
      vertex  1.153581e+05  5.382983e+03  3.670515e+03
      vertex  1.146831e+05  5.481549e+03  3.202514e+03
      vertex  1.147287e+05  5.574952e+03  3.655251e+03
    endloop
  endfacet
  facet normal  2.891991e-01  9.303241e-01 -2.255231e-01
    outer loop
      vertex  1.153581e+05  5.382983e+03  3.670515e+03
      vertex  1.147287e+05  5.574952e+03  3.655251e+03
      vertex  1.154059e+05  5.478884e+03  4.127376e+03
    endloop
  endfacet
  facet normal  2.884035e-01  9.308739e-01 -2.242700e-01
    outer loop
      vertex  1.154059e+05  5.478884e+03  4.127376e+03
      vertex  1.147287e+05  5.574952e+03  3.655251e+03
      vertex  1.147742e+05  5.670370e+03  4.109893e+03
    endloop
  endfacet
  facet normal  2.877585e-01  9.274014e-01 -2.390012e-01
    outer loop
      vertex  1.154059e+05  5.478884e+03  4.127376e+03
      vertex  1.147742e+05  5.670370e+03  4.109893e+03
      vertex  1.154298e+05  5.530362e+03  4.355882e+03
    endloop
  endfacet
  facet normal  2.866085e-01  9.287340e-01 -2.351781e-01
    outer loop
      vertex  1.154298e+05  5.530362e+03  4.355882e+03
      vertex  1.147742e+05  5.670370e+03  4.109893e+03
      vertex  1.147970e+05  5.720930e+03  4.337323e+03
    endloop
  endfacet
  facet normal  2.856802e-01  9.236914e-01 -2.553054e-01
    outer loop
      vertex  1.154298e+05  5.530362e+03  4.355882e+03
      vertex  1.147970e+05  5.720930e+03  4.337323e+03
      vertex  1.154656e+05  5.613844e+03  4.697999e+03
    endloop
  endfacet
  facet normal  2.827719e-01  9.262634e-01 -2.491508e-01
    outer loop
      vertex  1.154656e+05  5.613844e+03  4.697999e+03
      vertex  1.147970e+05  5.720930e+03  4.337323e+03
      vertex  1.148312e+05  5.802111e+03  4.677912e+03
    endloop
  endfacet
  facet normal  2.816589e-01  9.200305e-01 -2.724194e-01
    outer loop
      vertex  1.154656e+05  5.613844e+03  4.697999e+03
      vertex  1.148312e+05  5.802111e+03  4.677912e+03
      vertex  1.154835e+05  5.658854e+03  4.868530e+03
    endloop
  endfacet
  facet normal  2.811082e-01  9.209595e-01 -2.698366e-01
    outer loop
      vertex  1.154835e+05  5.658854e+03  4.868530e+03
      vertex  1.148312e+05  5.802111e+03  4.677912e+03
      vertex  1.148653e+05  5.891066e+03  5.017116e+03
    endloop
  endfacet
  facet normal  2.763018e-01  9.178497e-01 -2.849721e-01
    outer loop
      vertex  1.154835e+05  5.658854e+03  4.868530e+03
      vertex  1.148653e+05  5.891066e+03  5.017116e+03
      vertex  1.155014e+05  5.706254e+03  5.038568e+03
    endloop
  endfacet
  facet normal  2.718715e-01  9.142093e-01 -3.005115e-01
    outer loop
      vertex  1.155253e+05  5.773365e+03  5.264345e+03
      vertex  1.155014e+05  5.706254e+03  5.038568e+03
      vertex  1.148828e+05  5.939744e+03  5.189206e+03
    endloop
  endfacet
  facet normal  2.761762e-01  9.171386e-01 -2.873733e-01
    outer loop
      vertex  1.148828e+05  5.939744e+03  5.189206e+03
      vertex  1.155014e+05  5.706254e+03  5.038568e+03
      vertex  1.148653e+05  5.891066e+03  5.017116e+03
    endloop
  endfacet
  facet normal  2.655082e-01  9.203380e-01 -2.871988e-01
    outer loop
      vertex  1.148828e+05  5.939744e+03  5.189206e+03
      vertex  1.148653e+05  5.891066e+03  5.017116e+03
      vertex  1.142406e+05  6.087971e+03  5.070501e+03
    endloop
  endfacet
  facet normal  2.595334e-01  8.699091e-01 -4.194051e-01
    outer loop
      vertex  1.157620e+05  4.632632e+03  1.620283e+03
      vertex  1.151312e+05  4.787847e+03  1.551834e+03
      vertex  1.157713e+05  4.669017e+03  1.701494e+03
    endloop
  endfacet
  facet normal  2.610231e-01  8.640643e-01 -4.304181e-01
    outer loop
      vertex  1.157713e+05  4.669017e+03  1.701494e+03
      vertex  1.151312e+05  4.787847e+03  1.551834e+03
      vertex  1.151467e+05  4.853316e+03  1.692682e+03
    endloop
  endfacet
  facet normal  2.645490e-01  8.774644e-01 -4.000877e-01
    outer loop
      vertex  1.157713e+05  4.669017e+03  1.701494e+03
      vertex  1.151467e+05  4.853316e+03  1.692682e+03
      vertex  1.157806e+05  4.703333e+03  1.782893e+03
    endloop
  endfacet
  facet normal  2.646111e-01  8.765543e-01 -4.020371e-01
    outer loop
      vertex  1.157806e+05  4.703333e+03  1.782893e+03
      vertex  1.151467e+05  4.853316e+03  1.692682e+03
      vertex  1.151578e+05  4.896495e+03  1.794156e+03
    endloop
  endfacet
  facet normal  2.675867e-01  8.849312e-01 -3.811746e-01
    outer loop
      vertex  1.157806e+05  4.703333e+03  1.782893e+03
      vertex  1.151578e+05  4.896495e+03  1.794156e+03
      vertex  1.157903e+05  4.737260e+03  1.868492e+03
    endloop
  endfacet
  facet normal  2.675743e-01  8.855506e-01 -3.797423e-01
    outer loop
      vertex  1.157903e+05  4.737260e+03  1.868492e+03
      vertex  1.151578e+05  4.896495e+03  1.794156e+03
      vertex  1.151690e+05  4.936786e+03  1.895970e+03
    endloop
  endfacet
  facet normal  2.703318e-01  8.918020e-01 -3.627808e-01
    outer loop
      vertex  1.157903e+05  4.737260e+03  1.868492e+03
      vertex  1.151690e+05  4.936786e+03  1.895970e+03
      vertex  1.158001e+05  4.769220e+03  1.954310e+03
    endloop
  endfacet
  facet normal  2.703987e-01  8.937633e-01 -3.578712e-01
    outer loop
      vertex  1.158001e+05  4.769220e+03  1.954310e+03
      vertex  1.151690e+05  4.936786e+03  1.895970e+03
      vertex  1.151811e+05  4.977713e+03  2.007363e+03
    endloop
  endfacet
  facet normal  2.728602e-01  8.979030e-01 -3.454237e-01
    outer loop
      vertex  1.158001e+05  4.769220e+03  1.954310e+03
      vertex  1.151811e+05  4.977713e+03  2.007363e+03
      vertex  1.158098e+05  4.799361e+03  2.040350e+03
    endloop
  endfacet
  facet normal  2.767728e-01  9.098092e-01 -3.092636e-01
    outer loop
      vertex  1.158195e+05  4.827831e+03  2.126615e+03
      vertex  1.151933e+05  5.015809e+03  2.119164e+03
      vertex  1.158358e+05  4.871940e+03  2.270894e+03
    endloop
  endfacet
  facet normal  2.776149e-01  9.076124e-01 -3.149122e-01
    outer loop
      vertex  1.158358e+05  4.871940e+03  2.270894e+03
      vertex  1.151933e+05  5.015809e+03  2.119164e+03
      vertex  1.152088e+05  5.060845e+03  2.262655e+03
    endloop
  endfacet
  facet normal  2.798068e-01  9.160962e-01 -2.871862e-01
    outer loop
      vertex  1.158358e+05  4.871940e+03  2.270894e+03
      vertex  1.152088e+05  5.060845e+03  2.262655e+03
      vertex  1.158520e+05  4.912409e+03  2.415796e+03
    endloop
  endfacet
  facet normal  2.807281e-01  9.139170e-01 -2.931679e-01
    outer loop
      vertex  1.158520e+05  4.912409e+03  2.415796e+03
      vertex  1.152088e+05  5.060845e+03  2.262655e+03
      vertex  1.152243e+05  5.102315e+03  2.406797e+03
    endloop
  endfacet
  facet normal  2.826946e-01  9.217259e-01 -2.655281e-01
    outer loop
      vertex  1.158520e+05  4.912409e+03  2.415796e+03
      vertex  1.152243e+05  5.102315e+03  2.406797e+03
      vertex  1.158736e+05  4.961705e+03  2.609948e+03
    endloop
  endfacet
  facet normal  2.841485e-01  9.194657e-01 -2.717393e-01
    outer loop
      vertex  1.158736e+05  4.961705e+03  2.609948e+03
      vertex  1.152243e+05  5.102315e+03  2.406797e+03
      vertex  1.152450e+05  5.153002e+03  2.599962e+03
    endloop
  endfacet
  facet normal  2.857930e-01  9.262212e-01 -2.458385e-01
    outer loop
      vertex  1.158736e+05  4.961705e+03  2.609948e+03
      vertex  1.152450e+05  5.153002e+03  2.599962e+03
      vertex  1.158952e+05  5.006838e+03  2.805132e+03
    endloop
  endfacet
  facet normal  2.872568e-01  9.241165e-01 -2.519767e-01
    outer loop
      vertex  1.158952e+05  5.006838e+03  2.805132e+03
      vertex  1.152450e+05  5.153002e+03  2.599962e+03
      vertex  1.152658e+05  5.199523e+03  2.794176e+03
    endloop
  endfacet
  facet normal  2.884281e-01  9.291111e-01 -2.314338e-01
    outer loop
      vertex  1.158952e+05  5.006838e+03  2.805132e+03
      vertex  1.152658e+05  5.199523e+03  2.794176e+03
      vertex  1.159169e+05  5.048979e+03  3.001268e+03
    endloop
  endfacet
  facet normal  2.898233e-01  9.272226e-01 -2.371933e-01
    outer loop
      vertex  1.159169e+05  5.048979e+03  3.001268e+03
      vertex  1.152658e+05  5.199523e+03  2.794176e+03
      vertex  1.152865e+05  5.242979e+03  2.989349e+03
    endloop
  endfacet
  facet normal  2.906445e-01  9.308605e-01 -2.214145e-01
    outer loop
      vertex  1.159169e+05  5.048979e+03  3.001268e+03
      vertex  1.152865e+05  5.242979e+03  2.989349e+03
      vertex  1.159418e+05  5.095254e+03  3.228574e+03
    endloop
  endfacet
  facet normal  2.921177e-01  9.291769e-01 -2.264899e-01
    outer loop
      vertex  1.159418e+05  5.095254e+03  3.228574e+03
      vertex  1.152865e+05  5.242979e+03  2.989349e+03
      vertex  1.153103e+05  5.290606e+03  3.215544e+03
    endloop
  endfacet
  facet normal  2.926089e-01  9.314433e-01 -2.163182e-01
    outer loop
      vertex  1.159418e+05  5.095254e+03  3.228574e+03
      vertex  1.153103e+05  5.290606e+03  3.215544e+03
      vertex  1.159917e+05  5.185760e+03  3.685779e+03
    endloop
  endfacet
  facet normal  2.947578e-01  9.299580e-01 -2.197633e-01
    outer loop
      vertex  1.159917e+05  5.185760e+03  3.685779e+03
      vertex  1.153103e+05  5.290606e+03  3.215544e+03
      vertex  1.153581e+05  5.382983e+03  3.670515e+03
    endloop
  endfacet
  facet normal  2.947004e-01  9.296749e-01 -2.210345e-01
    outer loop
      vertex  1.159917e+05  5.185760e+03  3.685779e+03
      vertex  1.153581e+05  5.382983e+03  3.670515e+03
      vertex  1.160167e+05  5.232399e+03  3.915213e+03
    endloop
  endfacet
  facet normal  2.960995e-01  9.280897e-01 -2.257755e-01
    outer loop
      vertex  1.160167e+05  5.232399e+03  3.915213e+03
      vertex  1.153581e+05  5.382983e+03  3.670515e+03
      vertex  1.154059e+05  5.478884e+03  4.127376e+03
    endloop
  endfacet
  facet normal  2.946110e-01  9.276403e-01 -2.295387e-01
    outer loop
      vertex  1.160167e+05  5.232399e+03  3.915213e+03
      vertex  1.154059e+05  5.478884e+03  4.127376e+03
      vertex  1.160416e+05  5.281299e+03  4.144859e+03
    endloop
  endfacet
  facet normal  2.940587e-01  9.248205e-01 -2.413223e-01
    outer loop
      vertex  1.160416e+05  5.281299e+03  4.144859e+03
      vertex  1.154059e+05  5.478884e+03  4.127376e+03
      vertex  1.160666e+05  5.333272e+03  4.374442e+03
    endloop
  endfacet
  facet normal  2.934253e-01  9.255773e-01 -2.391825e-01
    outer loop
      vertex  1.160666e+05  5.333272e+03  4.374442e+03
      vertex  1.154059e+05  5.478884e+03  4.127376e+03
      vertex  1.154298e+05  5.530362e+03  4.355882e+03
    endloop
  endfacet
  facet normal  2.923976e-01  9.203076e-01 -2.598800e-01
    outer loop
      vertex  1.160666e+05  5.333272e+03  4.374442e+03
      vertex  1.154298e+05  5.530362e+03  4.355882e+03
      vertex  1.161040e+05  5.418419e+03  4.718086e+03
    endloop
  endfacet
  facet normal  2.903225e-01  9.222085e-01 -2.554297e-01
    outer loop
      vertex  1.161040e+05  5.418419e+03  4.718086e+03
      vertex  1.154298e+05  5.530362e+03  4.355882e+03
      vertex  1.154656e+05  5.613844e+03  4.697999e+03
    endloop
  endfacet
  facet normal  2.890828e-01  9.157310e-01 -2.790485e-01
    outer loop
      vertex  1.161040e+05  5.418419e+03  4.718086e+03
      vertex  1.154656e+05  5.613844e+03  4.697999e+03
      vertex  1.161227e+05  5.464694e+03  4.889325e+03
    endloop
  endfacet
  facet normal  2.877311e-01  9.181106e-01 -2.725505e-01
    outer loop
      vertex  1.161227e+05  5.464694e+03  4.889325e+03
      vertex  1.154656e+05  5.613844e+03  4.697999e+03
      vertex  1.154835e+05  5.658854e+03  4.868530e+03
    endloop
  endfacet
  facet normal  2.865837e-01  9.121385e-01 -2.930408e-01
    outer loop
      vertex  1.161227e+05  5.464694e+03  4.889325e+03
      vertex  1.154835e+05  5.658854e+03  4.868530e+03
      vertex  1.161414e+05  5.513652e+03  5.060021e+03
    endloop
  endfacet
  facet normal  2.849470e-01  9.151532e-01 -2.851313e-01
    outer loop
      vertex  1.161414e+05  5.513652e+03  5.060021e+03
      vertex  1.154835e+05  5.658854e+03  4.868530e+03
      vertex  1.155014e+05  5.706254e+03  5.038568e+03
    endloop
  endfacet
  facet normal  2.834651e-01  9.074410e-01 -3.101586e-01
    outer loop
      vertex  1.161414e+05  5.513652e+03  5.060021e+03
      vertex  1.155014e+05  5.706254e+03  5.038568e+03
      vertex  1.161664e+05  5.583295e+03  5.286585e+03
    endloop
  endfacet
  facet normal  2.806661e-01  9.115059e-01 -3.006385e-01
    outer loop
      vertex  1.161664e+05  5.583295e+03  5.286585e+03
      vertex  1.155014e+05  5.706254e+03  5.038568e+03
      vertex  1.155253e+05  5.773365e+03  5.264345e+03
    endloop
  endfacet
  facet normal  2.787975e-01  9.017191e-01 -3.304160e-01
    outer loop
      vertex  1.161664e+05  5.583295e+03  5.286585e+03
      vertex  1.155253e+05  5.773365e+03  5.264345e+03
      vertex  1.161914e+05  5.658084e+03  5.511748e+03
    endloop
  endfacet
  facet normal  2.754684e-01  9.068101e-01 -3.190810e-01
    outer loop
      vertex  1.161914e+05  5.658084e+03  5.511748e+03
      vertex  1.155253e+05  5.773365e+03  5.264345e+03
      vertex  1.155492e+05  5.845102e+03  5.488844e+03
    endloop
  endfacet
  facet normal  2.741671e-01  8.998791e-01 -3.391902e-01
    outer loop
      vertex  1.161914e+05  5.658084e+03  5.511748e+03
      vertex  1.155492e+05  5.845102e+03  5.488844e+03
      vertex  1.156021e+05  5.913427e+03  5.712925e+03
    endloop
  endfacet
  facet normal  2.561409e-01  8.557348e-01 -4.495662e-01
    outer loop
      vertex  1.163692e+05  4.358459e+03  1.445508e+03
      vertex  1.157416e+05  4.544757e+03  1.442558e+03
      vertex  1.163895e+05  4.442257e+03  1.616562e+03
    endloop
  endfacet
  facet normal  2.565483e-01  8.543978e-01 -4.518709e-01
    outer loop
      vertex  1.163895e+05  4.442257e+03  1.616562e+03
      vertex  1.157416e+05  4.544757e+03  1.442558e+03
      vertex  1.157620e+05  4.632632e+03  1.620283e+03
    endloop
  endfacet
  facet normal  2.631040e-01  8.751112e-01 -4.061486e-01
    outer loop
      vertex  1.163895e+05  4.442257e+03  1.616562e+03
      vertex  1.157620e+05  4.632632e+03  1.620283e+03
      vertex  1.164098e+05  4.515863e+03  1.788286e+03
    endloop
  endfacet
  facet normal  2.652750e-01  8.682232e-01 -4.193061e-01
    outer loop
      vertex  1.164098e+05  4.515863e+03  1.788286e+03
      vertex  1.157620e+05  4.632632e+03  1.620283e+03
      vertex  1.157713e+05  4.669017e+03  1.701494e+03
    endloop
  endfacet
  facet normal  2.648568e-01  8.773729e-01 -4.000844e-01
    outer loop
      vertex  1.164098e+05  4.515863e+03  1.788286e+03
      vertex  1.157713e+05  4.669017e+03  1.701494e+03
      vertex  1.157806e+05  4.703333e+03  1.782893e+03
    endloop
  endfacet
  facet normal  2.675972e-01  8.872717e-01 -3.756871e-01
    outer loop
      vertex  1.164098e+05  4.515863e+03  1.788286e+03
      vertex  1.157806e+05  4.703333e+03  1.782893e+03
      vertex  1.164199e+05  4.549281e+03  1.874428e+03
    endloop
  endfacet
  facet normal  2.678031e-01  8.848662e-01 -3.811734e-01
    outer loop
      vertex  1.164199e+05  4.549281e+03  1.874428e+03
      vertex  1.157806e+05  4.703333e+03  1.782893e+03
      vertex  1.157903e+05  4.737260e+03  1.868492e+03
    endloop
  endfacet
  facet normal  2.703651e-01  8.942174e-01 -3.567602e-01
    outer loop
      vertex  1.164199e+05  4.549281e+03  1.874428e+03
      vertex  1.157903e+05  4.737260e+03  1.868492e+03
      vertex  1.164300e+05  4.580664e+03  1.960767e+03
    endloop
  endfacet
  facet normal  2.706208e-01  8.917143e-01 -3.627809e-01
    outer loop
      vertex  1.164300e+05  4.580664e+03  1.960767e+03
      vertex  1.157903e+05  4.737260e+03  1.868492e+03
      vertex  1.158001e+05  4.769220e+03  1.954310e+03
    endloop
  endfacet
  facet normal  2.729594e-01  9.003443e-01 -3.389297e-01
    outer loop
      vertex  1.164300e+05  4.580664e+03  1.960767e+03
      vertex  1.158001e+05  4.769220e+03  1.954310e+03
      vertex  1.164402e+05  4.610171e+03  2.047312e+03
    endloop
  endfacet
  facet normal  2.732658e-01  8.977787e-01 -3.454261e-01
    outer loop
      vertex  1.164402e+05  4.610171e+03  2.047312e+03
      vertex  1.158001e+05  4.769220e+03  1.954310e+03
      vertex  1.158098e+05  4.799361e+03  2.040350e+03
    endloop
  endfacet
  facet normal  2.753912e-01  9.057134e-01 -3.222467e-01
    outer loop
      vertex  1.164402e+05  4.610171e+03  2.047312e+03
      vertex  1.158098e+05  4.799361e+03  2.040350e+03
      vertex  1.164503e+05  4.637957e+03  2.134067e+03
    endloop
  endfacet
  facet normal  2.757480e-01  9.031147e-01 -3.291608e-01
    outer loop
      vertex  1.164503e+05  4.637957e+03  2.134067e+03
      vertex  1.158098e+05  4.799361e+03  2.040350e+03
      vertex  1.158195e+05  4.827831e+03  2.126615e+03
    endloop
  endfacet
  facet normal  2.780621e-01  9.118698e-01 -3.019519e-01
    outer loop
      vertex  1.164503e+05  4.637957e+03  2.134067e+03
      vertex  1.158195e+05  4.827831e+03  2.126615e+03
      vertex  1.164672e+05  4.680843e+03  2.279132e+03
    endloop
  endfacet
  facet normal  2.791573e-01  9.090664e-01 -3.093045e-01
    outer loop
      vertex  1.164672e+05  4.680843e+03  2.279132e+03
      vertex  1.158195e+05  4.827831e+03  2.126615e+03
      vertex  1.158358e+05  4.871940e+03  2.270894e+03
    endloop
  endfacet
  facet normal  2.814631e-01  9.179711e-01 -2.794771e-01
    outer loop
      vertex  1.164672e+05  4.680843e+03  2.279132e+03
      vertex  1.158358e+05  4.871940e+03  2.270894e+03
      vertex  1.164841e+05  4.720014e+03  2.424796e+03
    endloop
  endfacet
  facet normal  2.826597e-01  9.151984e-01 -2.872549e-01
    outer loop
      vertex  1.164841e+05  4.720014e+03  2.424796e+03
      vertex  1.158358e+05  4.871940e+03  2.270894e+03
      vertex  1.158520e+05  4.912409e+03  2.415796e+03
    endloop
  endfacet
  facet normal  2.847160e-01  9.233392e-01 -2.576464e-01
    outer loop
      vertex  1.164841e+05  4.720014e+03  2.424796e+03
      vertex  1.158520e+05  4.912409e+03  2.415796e+03
      vertex  1.165066e+05  4.767522e+03  2.619935e+03
    endloop
  endfacet
  facet normal  2.865807e-01  9.204906e-01 -2.656475e-01
    outer loop
      vertex  1.165066e+05  4.767522e+03  2.619935e+03
      vertex  1.158520e+05  4.912409e+03  2.415796e+03
      vertex  1.158736e+05  4.961705e+03  2.609948e+03
    endloop
  endfacet
  facet normal  2.882891e-01  9.274781e-01 -2.380629e-01
    outer loop
      vertex  1.165066e+05  4.767522e+03  2.619935e+03
      vertex  1.158736e+05  4.961705e+03  2.609948e+03
      vertex  1.165291e+05  4.810872e+03  2.816088e+03
    endloop
  endfacet
  facet normal  2.901723e-01  9.248161e-01 -2.459987e-01
    outer loop
      vertex  1.165291e+05  4.810872e+03  2.816088e+03
      vertex  1.158736e+05  4.961705e+03  2.609948e+03
      vertex  1.158952e+05  5.006838e+03  2.805132e+03
    endloop
  endfacet
  facet normal  2.913944e-01  9.299967e-01 -2.240434e-01
    outer loop
      vertex  1.165291e+05  4.810872e+03  2.816088e+03
      vertex  1.158952e+05  5.006838e+03  2.805132e+03
      vertex  1.165516e+05  4.851299e+03  3.013187e+03
    endloop
  endfacet
  facet normal  2.932218e-01  9.275607e-01 -2.316294e-01
    outer loop
      vertex  1.165516e+05  4.851299e+03  3.013187e+03
      vertex  1.158952e+05  5.006838e+03  2.805132e+03
      vertex  1.159169e+05  5.048979e+03  3.001268e+03
    endloop
  endfacet
  facet normal  2.941441e-01  9.316173e-01 -2.134674e-01
    outer loop
      vertex  1.165516e+05  4.851299e+03  3.013187e+03
      vertex  1.159169e+05  5.048979e+03  3.001268e+03
      vertex  1.165906e+05  4.917590e+03  3.356178e+03
    endloop
  endfacet
  facet normal  2.978865e-01  9.284937e-01 -2.217277e-01
    outer loop
      vertex  1.165906e+05  4.917590e+03  3.356178e+03
      vertex  1.159169e+05  5.048979e+03  3.001268e+03
      vertex  1.159418e+05  5.095254e+03  3.228574e+03
    endloop
  endfacet
  facet normal  2.966319e-01  9.312859e-01 -2.114615e-01
    outer loop
      vertex  1.165906e+05  4.917590e+03  3.356178e+03
      vertex  1.159418e+05  5.095254e+03  3.228574e+03
      vertex  1.166295e+05  4.983486e+03  3.701042e+03
    endloop
  endfacet
  facet normal  2.998271e-01  9.290708e-01 -2.166364e-01
    outer loop
      vertex  1.166295e+05  4.983486e+03  3.701042e+03
      vertex  1.159418e+05  5.095254e+03  3.228574e+03
      vertex  1.159917e+05  5.185760e+03  3.685779e+03
    endloop
  endfacet
  facet normal  2.996453e-01  9.281995e-01 -2.205865e-01
    outer loop
      vertex  1.166295e+05  4.983486e+03  3.701042e+03
      vertex  1.159917e+05  5.185760e+03  3.685779e+03
      vertex  1.166685e+05  5.053119e+03  4.046960e+03
    endloop
  endfacet
  facet normal  2.999507e-01  9.279421e-01 -2.212533e-01
    outer loop
      vertex  1.166685e+05  5.053119e+03  4.046960e+03
      vertex  1.159917e+05  5.185760e+03  3.685779e+03
      vertex  1.160167e+05  5.232399e+03  3.915213e+03
    endloop
  endfacet
  facet normal  3.010095e-01  9.255231e-01 -2.297831e-01
    outer loop
      vertex  1.166685e+05  5.053119e+03  4.046960e+03
      vertex  1.160167e+05  5.232399e+03  3.915213e+03
      vertex  1.160416e+05  5.281299e+03  4.144859e+03
    endloop
  endfacet
  facet normal  2.991142e-01  9.239780e-01 -2.383177e-01
    outer loop
      vertex  1.166685e+05  5.053119e+03  4.046960e+03
      vertex  1.160416e+05  5.281299e+03  4.144859e+03
      vertex  1.167074e+05  5.129759e+03  4.393001e+03
    endloop
  endfacet
  facet normal  3.000509e-01  9.228408e-01 -2.415255e-01
    outer loop
      vertex  1.167074e+05  5.129759e+03  4.393001e+03
      vertex  1.160416e+05  5.281299e+03  4.144859e+03
      vertex  1.160666e+05  5.333272e+03  4.374442e+03
    endloop
  endfacet
  facet normal  2.993111e-01  9.192008e-01 -2.558957e-01
    outer loop
      vertex  1.167074e+05  5.129759e+03  4.393001e+03
      vertex  1.160666e+05  5.333272e+03  4.374442e+03
      vertex  1.167269e+05  5.171511e+03  4.565759e+03
    endloop
  endfacet
  facet normal  3.001693e-01  9.177424e-01 -2.600909e-01
    outer loop
      vertex  1.167269e+05  5.171511e+03  4.565759e+03
      vertex  1.160666e+05  5.333272e+03  4.374442e+03
      vertex  1.161040e+05  5.418419e+03  4.718086e+03
    endloop
  endfacet
  facet normal  2.972236e-01  9.160269e-01 -2.693562e-01
    outer loop
      vertex  1.167269e+05  5.171511e+03  4.565759e+03
      vertex  1.161040e+05  5.418419e+03  4.718086e+03
      vertex  1.167464e+05  5.215887e+03  4.738173e+03
    endloop
  endfacet
  facet normal  2.963787e-01  9.119072e-01 -2.838748e-01
    outer loop
      vertex  1.167464e+05  5.215887e+03  4.738173e+03
      vertex  1.161040e+05  5.418419e+03  4.718086e+03
      vertex  1.167659e+05  5.263083e+03  4.910119e+03
    endloop
  endfacet
  facet normal  2.954293e-01  9.136621e-01 -2.791829e-01
    outer loop
      vertex  1.167659e+05  5.263083e+03  4.910119e+03
      vertex  1.161040e+05  5.418419e+03  4.718086e+03
      vertex  1.161227e+05  5.464694e+03  4.889325e+03
    endloop
  endfacet
  facet normal  2.942065e-01  9.076945e-01 -2.992211e-01
    outer loop
      vertex  1.167659e+05  5.263083e+03  4.910119e+03
      vertex  1.161227e+05  5.464694e+03  4.889325e+03
      vertex  1.167854e+05  5.313255e+03  5.081474e+03
    endloop
  endfacet
  facet normal  2.929879e-01  9.100668e-01 -2.931488e-01
    outer loop
      vertex  1.167854e+05  5.313255e+03  5.081474e+03
      vertex  1.161227e+05  5.464694e+03  4.889325e+03
      vertex  1.161414e+05  5.513652e+03  5.060021e+03
    endloop
  endfacet
  facet normal  2.913764e-01  9.022381e-01 -3.179089e-01
    outer loop
      vertex  1.167854e+05  5.313255e+03  5.081474e+03
      vertex  1.161414e+05  5.513652e+03  5.060021e+03
      vertex  1.168113e+05  5.384974e+03  5.308825e+03
    endloop
  endfacet
  facet normal  2.891717e-01  9.056155e-01 -3.102259e-01
    outer loop
      vertex  1.168113e+05  5.384974e+03  5.308825e+03
      vertex  1.161414e+05  5.513652e+03  5.060021e+03
      vertex  1.161664e+05  5.583295e+03  5.286585e+03
    endloop
  endfacet
  facet normal  2.871039e-01  8.955618e-01 -3.399125e-01
    outer loop
      vertex  1.168113e+05  5.384974e+03  5.308825e+03
      vertex  1.161664e+05  5.583295e+03  5.286585e+03
      vertex  1.168373e+05  5.462357e+03  5.534651e+03
    endloop
  endfacet
  facet normal  2.843977e-01  8.999555e-01 -3.304511e-01
    outer loop
      vertex  1.168373e+05  5.462357e+03  5.534651e+03
      vertex  1.161664e+05  5.583295e+03  5.286585e+03
      vertex  1.161914e+05  5.658084e+03  5.511748e+03
    endloop
  endfacet
  facet normal  2.824591e-01  8.904819e-01 -3.567335e-01
    outer loop
      vertex  1.168373e+05  5.462357e+03  5.534651e+03
      vertex  1.161914e+05  5.658084e+03  5.511748e+03
      vertex  1.163864e+05  5.688233e+03  5.741461e+03
    endloop
  endfacet
  facet normal  2.531934e-01  8.565780e-01 -4.496300e-01
    outer loop
      vertex  1.163692e+05  4.358459e+03  1.445508e+03
      vertex  1.163895e+05  4.442257e+03  1.616562e+03
      vertex  1.170120e+05  4.214424e+03  1.533041e+03
    endloop
  endfacet
  facet normal  2.579622e-01  8.635877e-01 -4.332110e-01
    outer loop
      vertex  1.170120e+05  4.214424e+03  1.533041e+03
      vertex  1.163895e+05  4.442257e+03  1.616562e+03
      vertex  1.170226e+05  4.255253e+03  1.620795e+03
    endloop
  endfacet
  facet normal  2.552624e-01  8.643716e-01 -4.332469e-01
    outer loop
      vertex  1.170120e+05  4.214424e+03  1.533041e+03
      vertex  1.170226e+05  4.255253e+03  1.620795e+03
      vertex  1.176462e+05  4.015184e+03  1.509245e+03
    endloop
  endfacet
  facet normal  2.563155e-01  8.656380e-01 -4.300853e-01
    outer loop
      vertex  1.176462e+05  4.015184e+03  1.509245e+03
      vertex  1.170226e+05  4.255253e+03  1.620795e+03
      vertex  1.176607e+05  4.068426e+03  1.625027e+03
    endloop
  endfacet
  facet normal  2.620834e-01  8.782952e-01 -3.998872e-01
    outer loop
      vertex  1.170226e+05  4.255253e+03  1.620795e+03
      vertex  1.163895e+05  4.442257e+03  1.616562e+03
      vertex  1.170437e+05  4.327696e+03  1.793679e+03
    endloop
  endfacet
  facet normal  2.632149e-01  8.750783e-01 -4.061476e-01
    outer loop
      vertex  1.170437e+05  4.327696e+03  1.793679e+03
      vertex  1.163895e+05  4.442257e+03  1.616562e+03
      vertex  1.164098e+05  4.515863e+03  1.788286e+03
    endloop
  endfacet
  facet normal  2.684309e-01  8.940082e-01 -3.587397e-01
    outer loop
      vertex  1.170437e+05  4.327696e+03  1.793679e+03
      vertex  1.164098e+05  4.515863e+03  1.788286e+03
      vertex  1.170647e+05  4.391027e+03  1.967225e+03
    endloop
  endfacet
  facet normal  2.715481e-01  8.860710e-01 -3.756859e-01
    outer loop
      vertex  1.170647e+05  4.391027e+03  1.967225e+03
      vertex  1.164098e+05  4.515863e+03  1.788286e+03
      vertex  1.164199e+05  4.549281e+03  1.874428e+03
    endloop
  endfacet
  facet normal  2.707922e-01  8.940872e-01 -3.567629e-01
    outer loop
      vertex  1.170647e+05  4.391027e+03  1.967225e+03
      vertex  1.164199e+05  4.549281e+03  1.874428e+03
      vertex  1.164300e+05  4.580664e+03  1.960767e+03
    endloop
  endfacet
  facet normal  2.764157e-01  9.054423e-01 -3.221314e-01
    outer loop
      vertex  1.170647e+05  4.391027e+03  1.967225e+03
      vertex  1.164402e+05  4.610171e+03  2.047312e+03
      vertex  1.170857e+05  4.446620e+03  2.141518e+03
    endloop
  endfacet
  facet normal  2.764226e-01  9.053929e-01 -3.222645e-01
    outer loop
      vertex  1.170857e+05  4.446620e+03  2.141518e+03
      vertex  1.164402e+05  4.610171e+03  2.047312e+03
      vertex  1.164503e+05  4.637957e+03  2.134067e+03
    endloop
  endfacet
  facet normal  2.788578e-01  9.146298e-01 -2.927298e-01
    outer loop
      vertex  1.170857e+05  4.446620e+03  2.141518e+03
      vertex  1.164503e+05  4.637957e+03  2.134067e+03
      vertex  1.171032e+05  4.487963e+03  2.287371e+03
    endloop
  endfacet
  facet normal  2.802438e-01  9.111845e-01 -3.020034e-01
    outer loop
      vertex  1.171032e+05  4.487963e+03  2.287371e+03
      vertex  1.164503e+05  4.637957e+03  2.134067e+03
      vertex  1.164672e+05  4.680843e+03  2.279132e+03
    endloop
  endfacet
  facet normal  2.826462e-01  9.204789e-01 -2.698696e-01
    outer loop
      vertex  1.171032e+05  4.487963e+03  2.287371e+03
      vertex  1.164672e+05  4.680843e+03  2.279132e+03
      vertex  1.171207e+05  4.525516e+03  2.433795e+03
    endloop
  endfacet
  facet normal  2.841412e-01  9.171208e-01 -2.795589e-01
    outer loop
      vertex  1.171207e+05  4.525516e+03  2.433795e+03
      vertex  1.164672e+05  4.680843e+03  2.279132e+03
      vertex  1.164841e+05  4.720014e+03  2.424796e+03
    endloop
  endfacet
  facet normal  2.862664e-01  9.255454e-01 -2.478252e-01
    outer loop
      vertex  1.171207e+05  4.525516e+03  2.433795e+03
      vertex  1.164841e+05  4.720014e+03  2.424796e+03
      vertex  1.171440e+05  4.570811e+03  2.629921e+03
    endloop
  endfacet
  facet normal  2.885841e-01  9.220973e-01 -2.577904e-01
    outer loop
      vertex  1.171440e+05  4.570811e+03  2.629921e+03
      vertex  1.164841e+05  4.720014e+03  2.424796e+03
      vertex  1.165066e+05  4.767522e+03  2.619935e+03
    endloop
  endfacet
  facet normal  2.901899e-01  9.286589e-01 -2.310461e-01
    outer loop
      vertex  1.171440e+05  4.570811e+03  2.629921e+03
      vertex  1.165066e+05  4.767522e+03  2.619935e+03
      vertex  1.171596e+05  4.598617e+03  2.761229e+03
    endloop
  endfacet
  facet normal  2.911872e-01  9.265400e-01 -2.381882e-01
    outer loop
      vertex  1.171596e+05  4.598617e+03  2.761229e+03
      vertex  1.165066e+05  4.767522e+03  2.619935e+03
      vertex  1.165291e+05  4.810872e+03  2.816088e+03
    endloop
  endfacet
  facet normal  2.944598e-01  9.307410e-01 -2.168286e-01
    outer loop
      vertex  1.171596e+05  4.598617e+03  2.761229e+03
      vertex  1.165291e+05  4.810872e+03  2.816088e+03
      vertex  1.171907e+05  4.650241e+03  3.025105e+03
    endloop
  endfacet
  facet normal  2.962447e-01  9.284079e-01 -2.242716e-01
    outer loop
      vertex  1.171907e+05  4.650241e+03  3.025105e+03
      vertex  1.165291e+05  4.810872e+03  2.816088e+03
      vertex  1.165516e+05  4.851299e+03  3.013187e+03
    endloop
  endfacet
  facet normal  2.971846e-01  9.325323e-01 -2.050974e-01
    outer loop
      vertex  1.171907e+05  4.650241e+03  3.025105e+03
      vertex  1.165516e+05  4.851299e+03  3.013187e+03
      vertex  1.172311e+05  4.713172e+03  3.369765e+03
    endloop
  endfacet
  facet normal  3.011033e-01  9.293122e-01 -2.138124e-01
    outer loop
      vertex  1.172311e+05  4.713172e+03  3.369765e+03
      vertex  1.165516e+05  4.851299e+03  3.013187e+03
      vertex  1.165906e+05  4.917590e+03  3.356178e+03
    endloop
  endfacet
  facet normal  3.015106e-01  9.311789e-01 -2.049324e-01
    outer loop
      vertex  1.172311e+05  4.713172e+03  3.369765e+03
      vertex  1.165906e+05  4.917590e+03  3.356178e+03
      vertex  1.172715e+05  4.776360e+03  3.716306e+03
    endloop
  endfacet
  facet normal  3.046383e-01  9.286082e-01 -2.118544e-01
    outer loop
      vertex  1.172715e+05  4.776360e+03  3.716306e+03
      vertex  1.165906e+05  4.917590e+03  3.356178e+03
      vertex  1.166295e+05  4.983486e+03  3.701042e+03
    endloop
  endfacet
  facet normal  3.044363e-01  9.276569e-01 -2.162661e-01
    outer loop
      vertex  1.172715e+05  4.776360e+03  3.716306e+03
      vertex  1.166295e+05  4.983486e+03  3.701042e+03
      vertex  1.173119e+05  4.844136e+03  4.063894e+03
    endloop
  endfacet
  facet normal  3.065331e-01  9.258744e-01 -2.208940e-01
    outer loop
      vertex  1.173119e+05  4.844136e+03  4.063894e+03
      vertex  1.166295e+05  4.983486e+03  3.701042e+03
      vertex  1.166685e+05  5.053119e+03  4.046960e+03
    endloop
  endfacet
  facet normal  3.057685e-01  9.222515e-01 -2.365539e-01
    outer loop
      vertex  1.173119e+05  4.844136e+03  4.063894e+03
      vertex  1.166685e+05  5.053119e+03  4.046960e+03
      vertex  1.173523e+05  4.919919e+03  4.411561e+03
    endloop
  endfacet
  facet normal  3.066984e-01  9.214143e-01 -2.386037e-01
    outer loop
      vertex  1.173523e+05  4.919919e+03  4.411561e+03
      vertex  1.166685e+05  5.053119e+03  4.046960e+03
      vertex  1.167074e+05  5.129759e+03  4.393001e+03
    endloop
  endfacet
  facet normal  3.057526e-01  9.169319e-01 -2.564198e-01
    outer loop
      vertex  1.173523e+05  4.919919e+03  4.411561e+03
      vertex  1.167074e+05  5.129759e+03  4.393001e+03
      vertex  1.173734e+05  4.963456e+03  4.592339e+03
    endloop
  endfacet
  facet normal  3.056835e-01  9.170462e-01 -2.560934e-01
    outer loop
      vertex  1.173734e+05  4.963456e+03  4.592339e+03
      vertex  1.167074e+05  5.129759e+03  4.393001e+03
      vertex  1.167269e+05  5.171511e+03  4.565759e+03
    endloop
  endfacet
  facet normal  3.049445e-01  9.127302e-01 -2.719050e-01
    outer loop
      vertex  1.173734e+05  4.963456e+03  4.592339e+03
      vertex  1.167269e+05  5.171511e+03  4.565759e+03
      vertex  1.173944e+05  5.010158e+03  4.772705e+03
    endloop
  endfacet
  facet normal  3.044242e-01  9.136031e-01 -2.695462e-01
    outer loop
      vertex  1.173944e+05  5.010158e+03  4.772705e+03
      vertex  1.167269e+05  5.171511e+03  4.565759e+03
      vertex  1.167464e+05  5.215887e+03  4.738173e+03
    endloop
  endfacet
  facet normal  3.036996e-01  9.082529e-01 -2.878251e-01
    outer loop
      vertex  1.173944e+05  5.010158e+03  4.772705e+03
      vertex  1.167464e+05  5.215887e+03  4.738173e+03
      vertex  1.174137e+05  5.056105e+03  4.938112e+03
    endloop
  endfacet
  facet normal  3.029078e-01  9.097162e-01 -2.840129e-01
    outer loop
      vertex  1.174137e+05  5.056105e+03  4.938112e+03
      vertex  1.167464e+05  5.215887e+03  4.738173e+03
      vertex  1.167659e+05  5.263083e+03  4.910119e+03
    endloop
  endfacet
  facet normal  3.018256e-01  9.036455e-01 -3.038525e-01
    outer loop
      vertex  1.174137e+05  5.056105e+03  4.938112e+03
      vertex  1.167659e+05  5.263083e+03  4.910119e+03
      vertex  1.174331e+05  5.105058e+03  5.102927e+03
    endloop
  endfacet
  facet normal  3.009452e-01  9.054469e-01 -2.993292e-01
    outer loop
      vertex  1.174331e+05  5.105058e+03  5.102927e+03
      vertex  1.167659e+05  5.263083e+03  4.910119e+03
      vertex  1.167854e+05  5.313255e+03  5.081474e+03
    endloop
  endfacet
  facet normal  2.992263e-01  8.975842e-01 -3.237379e-01
    outer loop
      vertex  1.174331e+05  5.105058e+03  5.102927e+03
      vertex  1.167854e+05  5.313255e+03  5.081474e+03
      vertex  1.174600e+05  5.178362e+03  5.331064e+03
    endloop
  endfacet
  facet normal  2.976118e-01  9.001784e-01 -3.179717e-01
    outer loop
      vertex  1.174600e+05  5.178362e+03  5.331064e+03
      vertex  1.167854e+05  5.313255e+03  5.081474e+03
      vertex  1.168113e+05  5.384974e+03  5.308825e+03
    endloop
  endfacet
  facet normal  2.953685e-01  8.899613e-01 -3.474571e-01
    outer loop
      vertex  1.174600e+05  5.178362e+03  5.331064e+03
      vertex  1.168113e+05  5.384974e+03  5.308825e+03
      vertex  1.174870e+05  5.257848e+03  5.557555e+03
    endloop
  endfacet
  facet normal  2.932745e-01  8.935520e-01 -3.399338e-01
    outer loop
      vertex  1.174870e+05  5.257848e+03  5.557555e+03
      vertex  1.168113e+05  5.384974e+03  5.308825e+03
      vertex  1.168373e+05  5.462357e+03  5.534651e+03
    endloop
  endfacet
  facet normal  2.907952e-01  8.822953e-01 -3.701262e-01
    outer loop
      vertex  1.174870e+05  5.257848e+03  5.557555e+03
      vertex  1.168373e+05  5.462357e+03  5.534651e+03
      vertex  1.171762e+05  5.449396e+03  5.769997e+03
    endloop
  endfacet
  facet normal  2.501672e-01  8.405122e-01 -4.805787e-01
    outer loop
      vertex  1.170013e+05  4.170654e+03  1.445411e+03
      vertex  1.176462e+05  4.015184e+03  1.509245e+03
      vertex  1.169909e+05  4.125422e+03  1.360929e+03
    endloop
  endfacet
  facet normal  2.478685e-01  8.513312e-01 -4.623812e-01
    outer loop
      vertex  1.169909e+05  4.125422e+03  1.360929e+03
      vertex  1.176462e+05  4.015184e+03  1.509245e+03
      vertex  1.176318e+05  3.956585e+03  1.393601e+03
    endloop
  endfacet
  facet normal  2.442248e-01  8.299121e-01 -5.015975e-01
    outer loop
      vertex  1.169909e+05  4.125422e+03  1.360929e+03
      vertex  1.176318e+05  3.956585e+03  1.393601e+03
      vertex  1.172878e+05  3.987490e+03  1.277255e+03
    endloop
  endfacet
  facet normal  2.596542e-01  8.776573e-01 -4.028614e-01
    outer loop
      vertex  1.176607e+05  4.068426e+03  1.625027e+03
      vertex  1.170226e+05  4.255253e+03  1.620795e+03
      vertex  1.176715e+05  4.105133e+03  1.711987e+03
    endloop
  endfacet
  facet normal  2.595575e-01  8.790422e-01 -3.998933e-01
    outer loop
      vertex  1.176715e+05  4.105133e+03  1.711987e+03
      vertex  1.170226e+05  4.255253e+03  1.620795e+03
      vertex  1.170437e+05  4.327696e+03  1.793679e+03
    endloop
  endfacet
  facet normal  2.645677e-01  8.860909e-01 -3.805875e-01
    outer loop
      vertex  1.176715e+05  4.105133e+03  1.711987e+03
      vertex  1.170437e+05  4.327696e+03  1.793679e+03
      vertex  1.176824e+05  4.139297e+03  1.799072e+03
    endloop
  endfacet
  facet normal  2.677958e-01  8.979310e-01 -3.492926e-01
    outer loop
      vertex  1.176824e+05  4.139297e+03  1.799072e+03
      vertex  1.170437e+05  4.327696e+03  1.793679e+03
      vertex  1.177041e+05  4.200750e+03  1.973683e+03
    endloop
  endfacet
  facet normal  2.695538e-01  8.936659e-01 -3.587507e-01
    outer loop
      vertex  1.177041e+05  4.200750e+03  1.973683e+03
      vertex  1.170437e+05  4.327696e+03  1.793679e+03
      vertex  1.170647e+05  4.391027e+03  1.967225e+03
    endloop
  endfacet
  facet normal  2.739081e-01  9.099013e-01 -3.115346e-01
    outer loop
      vertex  1.177041e+05  4.200750e+03  1.973683e+03
      vertex  1.170647e+05  4.391027e+03  1.967225e+03
      vertex  1.177258e+05  4.254234e+03  2.148969e+03
    endloop
  endfacet
  facet normal  2.759274e-01  9.055948e-01 -3.221213e-01
    outer loop
      vertex  1.177258e+05  4.254234e+03  2.148969e+03
      vertex  1.170647e+05  4.391027e+03  1.967225e+03
      vertex  1.170857e+05  4.446620e+03  2.141518e+03
    endloop
  endfacet
  facet normal  2.791997e-01  9.180573e-01 -2.814574e-01
    outer loop
      vertex  1.177258e+05  4.254234e+03  2.148969e+03
      vertex  1.170857e+05  4.446620e+03  2.141518e+03
      vertex  1.177439e+05  4.293693e+03  2.295609e+03
    endloop
  endfacet
  facet normal  2.809066e-01  9.139826e-01 -2.927922e-01
    outer loop
      vertex  1.177439e+05  4.293693e+03  2.295609e+03
      vertex  1.170857e+05  4.446620e+03  2.141518e+03
      vertex  1.171032e+05  4.487963e+03  2.287371e+03
    endloop
  endfacet
  facet normal  2.833790e-01  9.236049e-01 -2.581672e-01
    outer loop
      vertex  1.177439e+05  4.293693e+03  2.295609e+03
      vertex  1.171032e+05  4.487963e+03  2.287371e+03
      vertex  1.177619e+05  4.329288e+03  2.442795e+03
    endloop
  endfacet
  facet normal  2.852123e-01  9.196588e-01 -2.699660e-01
    outer loop
      vertex  1.177619e+05  4.329288e+03  2.442795e+03
      vertex  1.171032e+05  4.487963e+03  2.287371e+03
      vertex  1.171207e+05  4.525516e+03  2.433795e+03
    endloop
  endfacet
  facet normal  2.873817e-01  9.283105e-01 -2.359054e-01
    outer loop
      vertex  1.177619e+05  4.329288e+03  2.442795e+03
      vertex  1.171207e+05  4.525516e+03  2.433795e+03
      vertex  1.177861e+05  4.371916e+03  2.639908e+03
    endloop
  endfacet
  facet normal  2.901964e-01  9.242740e-01 -2.479994e-01
    outer loop
      vertex  1.177861e+05  4.371916e+03  2.639908e+03
      vertex  1.171207e+05  4.525516e+03  2.433795e+03
      vertex  1.171440e+05  4.570811e+03  2.629921e+03
    endloop
  endfacet
  facet normal  2.918375e-01  9.310193e-01 -2.191660e-01
    outer loop
      vertex  1.177861e+05  4.371916e+03  2.639908e+03
      vertex  1.171440e+05  4.570811e+03  2.629921e+03
      vertex  1.178021e+05  4.397941e+03  2.771863e+03
    endloop
  endfacet
  facet normal  2.935289e-01  9.275680e-01 -2.312108e-01
    outer loop
      vertex  1.178021e+05  4.397941e+03  2.771863e+03
      vertex  1.171440e+05  4.570811e+03  2.629921e+03
      vertex  1.171596e+05  4.598617e+03  2.761229e+03
    endloop
  endfacet
  facet normal  2.948709e-01  9.332430e-01 -2.052037e-01
    outer loop
      vertex  1.178021e+05  4.397941e+03  2.771863e+03
      vertex  1.171596e+05  4.598617e+03  2.761229e+03
      vertex  1.178343e+05  4.446090e+03  3.037024e+03
    endloop
  endfacet
  facet normal  2.988252e-01  9.292945e-01 -2.170606e-01
    outer loop
      vertex  1.178343e+05  4.446090e+03  3.037024e+03
      vertex  1.171596e+05  4.598617e+03  2.761229e+03
      vertex  1.171907e+05  4.650241e+03  3.025105e+03
    endloop
  endfacet
  facet normal  2.998746e-01  9.339114e-01 -1.946397e-01
    outer loop
      vertex  1.178343e+05  4.446090e+03  3.037024e+03
      vertex  1.171907e+05  4.650241e+03  3.025105e+03
      vertex  1.178760e+05  4.504876e+03  3.383352e+03
    endloop
  endfacet
  facet normal  3.047329e-01  9.299998e-01 -2.055196e-01
    outer loop
      vertex  1.178760e+05  4.504876e+03  3.383352e+03
      vertex  1.171907e+05  4.650241e+03  3.025105e+03
      vertex  1.172311e+05  4.713172e+03  3.369765e+03
    endloop
  endfacet
  facet normal  3.051386e-01  9.318578e-01 -1.962944e-01
    outer loop
      vertex  1.178760e+05  4.504876e+03  3.383352e+03
      vertex  1.172311e+05  4.713172e+03  3.369765e+03
      vertex  1.179177e+05  4.564569e+03  3.731570e+03
    endloop
  endfacet
  facet normal  3.091981e-01  9.285620e-01 -2.053512e-01
    outer loop
      vertex  1.179177e+05  4.564569e+03  3.731570e+03
      vertex  1.172311e+05  4.713172e+03  3.369765e+03
      vertex  1.172715e+05  4.776360e+03  3.716306e+03
    endloop
  endfacet
  facet normal  3.089946e-01  9.276136e-01 -2.098935e-01
    outer loop
      vertex  1.179177e+05  4.564569e+03  3.731570e+03
      vertex  1.172715e+05  4.776360e+03  3.716306e+03
      vertex  1.179594e+05  4.629703e+03  4.080828e+03
    endloop
  endfacet
  facet normal  3.120215e-01  9.250461e-01 -2.166385e-01
    outer loop
      vertex  1.179594e+05  4.629703e+03  4.080828e+03
      vertex  1.172715e+05  4.776360e+03  3.716306e+03
      vertex  1.173119e+05  4.844136e+03  4.063894e+03
    endloop
  endfacet
  facet normal  3.115691e-01  9.229333e-01 -2.260947e-01
    outer loop
      vertex  1.179594e+05  4.629703e+03  4.080828e+03
      vertex  1.173119e+05  4.844136e+03  4.063894e+03
      vertex  1.179803e+05  4.665460e+03  4.255537e+03
    endloop
  endfacet
  facet normal  3.137396e-01  9.194871e-01 -2.368773e-01
    outer loop
      vertex  1.179803e+05  4.665460e+03  4.255537e+03
      vertex  1.173119e+05  4.844136e+03  4.063894e+03
      vertex  1.173523e+05  4.919919e+03  4.411561e+03
    endloop
  endfacet
  facet normal  3.129405e-01  9.190928e-01 -2.394506e-01
    outer loop
      vertex  1.179803e+05  4.665460e+03  4.255537e+03
      vertex  1.173523e+05  4.919919e+03  4.411561e+03
      vertex  1.180011e+05  4.703844e+03  4.430120e+03
    endloop
  endfacet
  facet normal  3.118452e-01  9.141138e-01 -2.591304e-01
    outer loop
      vertex  1.180011e+05  4.703844e+03  4.430120e+03
      vertex  1.173523e+05  4.919919e+03  4.411561e+03
      vertex  1.180345e+05  4.771472e+03  4.708841e+03
    endloop
  endfacet
  facet normal  3.109604e-01  9.151306e-01 -2.565923e-01
    outer loop
      vertex  1.180345e+05  4.771472e+03  4.708841e+03
      vertex  1.173523e+05  4.919919e+03  4.411561e+03
      vertex  1.173734e+05  4.963456e+03  4.592339e+03
    endloop
  endfacet
  facet normal  3.122601e-01  9.101946e-01 -2.721018e-01
    outer loop
      vertex  1.180345e+05  4.771472e+03  4.708841e+03
      vertex  1.173734e+05  4.963456e+03  4.592339e+03
      vertex  1.173944e+05  5.010158e+03  4.772705e+03
    endloop
  endfacet
  facet normal  3.096160e-01  9.068263e-01 -2.860142e-01
    outer loop
      vertex  1.180345e+05  4.771472e+03  4.708841e+03
      vertex  1.173944e+05  5.010158e+03  4.772705e+03
      vertex  1.180679e+05  4.847588e+03  4.986301e+03
    endloop
  endfacet
  facet normal  3.100486e-01  9.060625e-01 -2.879595e-01
    outer loop
      vertex  1.180679e+05  4.847588e+03  4.986301e+03
      vertex  1.173944e+05  5.010158e+03  4.772705e+03
      vertex  1.174137e+05  5.056105e+03  4.938112e+03
    endloop
  endfacet
  facet normal  3.096047e-01  9.009696e-01 -3.039714e-01
    outer loop
      vertex  1.180679e+05  4.847588e+03  4.986301e+03
      vertex  1.174137e+05  5.056105e+03  4.938112e+03
      vertex  1.174331e+05  5.105058e+03  5.102927e+03
    endloop
  endfacet
  facet normal  2.470384e-01  8.555894e-01 -4.549053e-01
    outer loop
      vertex  1.182741e+05  3.772456e+03  1.396092e+03
      vertex  1.176318e+05  3.956585e+03  1.393601e+03
      vertex  1.182889e+05  3.830127e+03  1.512638e+03
    endloop
  endfacet
  facet normal  2.475892e-01  8.514099e-01 -4.623861e-01
    outer loop
      vertex  1.182889e+05  3.830127e+03  1.512638e+03
      vertex  1.176318e+05  3.956585e+03  1.393601e+03
      vertex  1.176462e+05  4.015184e+03  1.509245e+03
    endloop
  endfacet
  facet normal  2.529755e-01  8.708678e-01 -4.214174e-01
    outer loop
      vertex  1.182889e+05  3.830127e+03  1.512638e+03
      vertex  1.176462e+05  4.015184e+03  1.509245e+03
      vertex  1.183038e+05  3.882242e+03  1.629260e+03
    endloop
  endfacet
  facet normal  2.536601e-01  8.664086e-01 -4.301078e-01
    outer loop
      vertex  1.183038e+05  3.882242e+03  1.629260e+03
      vertex  1.176462e+05  4.015184e+03  1.509245e+03
      vertex  1.176607e+05  4.068426e+03  1.625027e+03
    endloop
  endfacet
  facet normal  2.580719e-01  8.824869e-01 -3.932119e-01
    outer loop
      vertex  1.183038e+05  3.882242e+03  1.629260e+03
      vertex  1.176607e+05  4.068426e+03  1.625027e+03
      vertex  1.183150e+05  3.917991e+03  1.716813e+03
    endloop
  endfacet
  facet normal  2.584003e-01  8.780274e-01 -4.028612e-01
    outer loop
      vertex  1.183150e+05  3.917991e+03  1.716813e+03
      vertex  1.176607e+05  4.068426e+03  1.625027e+03
      vertex  1.176715e+05  4.105133e+03  1.711987e+03
    endloop
  endfacet
  facet normal  2.620075e-01  8.912743e-01 -3.701111e-01
    outer loop
      vertex  1.183150e+05  3.917991e+03  1.716813e+03
      vertex  1.176715e+05  4.105133e+03  1.711987e+03
      vertex  1.183261e+05  3.951110e+03  1.804464e+03
    endloop
  endfacet
  facet normal  2.624177e-01  8.867364e-01 -3.805727e-01
    outer loop
      vertex  1.183261e+05  3.951110e+03  1.804464e+03
      vertex  1.176715e+05  4.105133e+03  1.711987e+03
      vertex  1.176824e+05  4.139297e+03  1.799072e+03
    endloop
  endfacet
  facet normal  2.667136e-01  9.026583e-01 -3.377457e-01
    outer loop
      vertex  1.183261e+05  3.951110e+03  1.804464e+03
      vertex  1.176824e+05  4.139297e+03  1.799072e+03
      vertex  1.183484e+05  4.010252e+03  1.980141e+03
    endloop
  endfacet
  facet normal  2.688778e-01  8.976005e-01 -3.493108e-01
    outer loop
      vertex  1.183484e+05  4.010252e+03  1.980141e+03
      vertex  1.176824e+05  4.139297e+03  1.799072e+03
      vertex  1.177041e+05  4.200750e+03  1.973683e+03
    endloop
  endfacet
  facet normal  2.733193e-01  9.143353e-01 -2.988106e-01
    outer loop
      vertex  1.183484e+05  4.010252e+03  1.980141e+03
      vertex  1.177041e+05  4.200750e+03  1.973683e+03
      vertex  1.183707e+05  4.061193e+03  2.156420e+03
    endloop
  endfacet
  facet normal  2.757718e-01  9.093200e-01 -3.115879e-01
    outer loop
      vertex  1.183707e+05  4.061193e+03  2.156420e+03
      vertex  1.177041e+05  4.200750e+03  1.973683e+03
      vertex  1.177258e+05  4.254234e+03  2.148969e+03
    endloop
  endfacet
  facet normal  2.790988e-01  9.221196e-01 -2.679540e-01
    outer loop
      vertex  1.183707e+05  4.061193e+03  2.156420e+03
      vertex  1.177258e+05  4.254234e+03  2.148969e+03
      vertex  1.183893e+05  4.098408e+03  2.303848e+03
    endloop
  endfacet
  facet normal  2.811677e-01  9.174336e-01 -2.815321e-01
    outer loop
      vertex  1.183893e+05  4.098408e+03  2.303848e+03
      vertex  1.177258e+05  4.254234e+03  2.148969e+03
      vertex  1.177439e+05  4.293693e+03  2.295609e+03
    endloop
  endfacet
  facet normal  2.836767e-01  9.273004e-01 -2.442163e-01
    outer loop
      vertex  1.183893e+05  4.098408e+03  2.303848e+03
      vertex  1.177439e+05  4.293693e+03  2.295609e+03
      vertex  1.184079e+05  4.131684e+03  2.451794e+03
    endloop
  endfacet
  facet normal  2.858867e-01  9.228001e-01 -2.582806e-01
    outer loop
      vertex  1.184079e+05  4.131684e+03  2.451794e+03
      vertex  1.177439e+05  4.293693e+03  2.295609e+03
      vertex  1.177619e+05  4.329288e+03  2.442795e+03
    endloop
  endfacet
  facet normal  2.880675e-01  9.315954e-01 -2.216914e-01
    outer loop
      vertex  1.184079e+05  4.131684e+03  2.451794e+03
      vertex  1.177619e+05  4.329288e+03  2.442795e+03
      vertex  1.184327e+05  4.171163e+03  2.649895e+03
    endloop
  endfacet
  facet normal  2.914360e-01  9.269921e-01 -2.361162e-01
    outer loop
      vertex  1.184327e+05  4.171163e+03  2.649895e+03
      vertex  1.177619e+05  4.329288e+03  2.442795e+03
      vertex  1.177861e+05  4.371916e+03  2.639908e+03
    endloop
  endfacet
  facet normal  2.930844e-01  9.338496e-01 -2.050037e-01
    outer loop
      vertex  1.184327e+05  4.171163e+03  2.649895e+03
      vertex  1.177861e+05  4.371916e+03  2.639908e+03
      vertex  1.184492e+05  4.195086e+03  2.782497e+03
    endloop
  endfacet
  facet normal  2.951267e-01  9.299378e-01 -2.193533e-01
    outer loop
      vertex  1.184492e+05  4.195086e+03  2.782497e+03
      vertex  1.177861e+05  4.371916e+03  2.639908e+03
      vertex  1.178021e+05  4.397941e+03  2.771863e+03
    endloop
  endfacet
  facet normal  2.964640e-01  9.356689e-01 -1.913965e-01
    outer loop
      vertex  1.184492e+05  4.195086e+03  2.782497e+03
      vertex  1.178021e+05  4.397941e+03  2.771863e+03
      vertex  1.184823e+05  4.239119e+03  3.048943e+03
    endloop
  endfacet
  facet normal  3.011873e-01  9.311392e-01 -2.055873e-01
    outer loop
      vertex  1.184823e+05  4.239119e+03  3.048943e+03
      vertex  1.178021e+05  4.397941e+03  2.771863e+03
      vertex  1.178343e+05  4.446090e+03  3.037024e+03
    endloop
  endfacet
  facet normal  3.022147e-01  9.357185e-01 -1.819264e-01
    outer loop
      vertex  1.184823e+05  4.239119e+03  3.048943e+03
      vertex  1.178343e+05  4.446090e+03  3.037024e+03
      vertex  1.185251e+05  4.292927e+03  3.396938e+03
    endloop
  endfacet
  facet normal  3.080886e-01  9.311259e-01 -1.951561e-01
    outer loop
      vertex  1.185251e+05  4.292927e+03  3.396938e+03
      vertex  1.178343e+05  4.446090e+03  3.037024e+03
      vertex  1.178760e+05  4.504876e+03  3.383352e+03
    endloop
  endfacet
  facet normal  3.084897e-01  9.329773e-01 -1.854391e-01
    outer loop
      vertex  1.185251e+05  4.292927e+03  3.396938e+03
      vertex  1.178760e+05  4.504876e+03  3.383352e+03
      vertex  1.185680e+05  4.348293e+03  3.746834e+03
    endloop
  endfacet
  facet normal  3.135485e-01  9.289539e-01 -1.968040e-01
    outer loop
      vertex  1.185680e+05  4.348293e+03  3.746834e+03
      vertex  1.178760e+05  4.504876e+03  3.383352e+03
      vertex  1.179177e+05  4.564569e+03  3.731570e+03
    endloop
  endfacet
  facet normal  3.135776e-01  9.290903e-01 -1.961133e-01
    outer loop
      vertex  1.185680e+05  4.348293e+03  3.746834e+03
      vertex  1.179177e+05  4.564569e+03  3.731570e+03
      vertex  1.185895e+05  4.378081e+03  3.922231e+03
    endloop
  endfacet
  facet normal  3.164677e-01  9.249988e-01 -2.102983e-01
    outer loop
      vertex  1.185895e+05  4.378081e+03  3.922231e+03
      vertex  1.179177e+05  4.564569e+03  3.731570e+03
      vertex  1.179594e+05  4.629703e+03  4.080828e+03
    endloop
  endfacet
  facet normal  3.175138e-01  9.254248e-01 -2.068184e-01
    outer loop
      vertex  1.185895e+05  4.378081e+03  3.922231e+03
      vertex  1.179594e+05  4.629703e+03  4.080828e+03
      vertex  1.186109e+05  4.409952e+03  4.097762e+03
    endloop
  endfacet
  facet normal  3.169262e-01  9.227074e-01 -2.194740e-01
    outer loop
      vertex  1.186109e+05  4.409952e+03  4.097762e+03
      vertex  1.179594e+05  4.629703e+03  4.080828e+03
      vertex  1.186324e+05  4.444340e+03  4.273292e+03
    endloop
  endfacet
  facet normal  3.183163e-01  9.205500e-01 -2.264123e-01
    outer loop
      vertex  1.186324e+05  4.444340e+03  4.273292e+03
      vertex  1.179594e+05  4.629703e+03  4.080828e+03
      vertex  1.179803e+05  4.665460e+03  4.255537e+03
    endloop
  endfacet
  facet normal  3.179165e-01  9.187490e-01 -2.341569e-01
    outer loop
      vertex  1.186324e+05  4.444340e+03  4.273292e+03
      vertex  1.179803e+05  4.665460e+03  4.255537e+03
      vertex  1.186538e+05  4.481619e+03  4.448679e+03
    endloop
  endfacet
  facet normal  3.190120e-01  9.169375e-01 -2.397019e-01
    outer loop
      vertex  1.186538e+05  4.481619e+03  4.448679e+03
      vertex  1.179803e+05  4.665460e+03  4.255537e+03
      vertex  1.180011e+05  4.703844e+03  4.430120e+03
    endloop
  endfacet
  facet normal  3.181038e-01  9.129388e-01 -2.556418e-01
    outer loop
      vertex  1.186538e+05  4.481619e+03  4.448679e+03
      vertex  1.180011e+05  4.703844e+03  4.430120e+03
      vertex  1.186881e+05  4.548056e+03  4.728633e+03
    endloop
  endfacet
  facet normal  3.193882e-01  9.114338e-01 -2.593832e-01
    outer loop
      vertex  1.186881e+05  4.548056e+03  4.728633e+03
      vertex  1.180011e+05  4.703844e+03  4.430120e+03
      vertex  1.180345e+05  4.771472e+03  4.708841e+03
    endloop
  endfacet
  facet normal  3.177548e-01  9.044088e-01 -2.847400e-01
    outer loop
      vertex  1.186881e+05  4.548056e+03  4.728633e+03
      vertex  1.180345e+05  4.771472e+03  4.708841e+03
      vertex  1.187224e+05  4.623716e+03  5.007231e+03
    endloop
  endfacet
  facet normal  3.182563e-01  9.037667e-01 -2.862142e-01
    outer loop
      vertex  1.187224e+05  4.623716e+03  5.007231e+03
      vertex  1.180345e+05  4.771472e+03  4.708841e+03
      vertex  1.180679e+05  4.847588e+03  4.986301e+03
    endloop
  endfacet
  facet normal  3.160651e-01  8.945789e-01 -3.159612e-01
    outer loop
      vertex  1.187224e+05  4.623716e+03  5.007231e+03
      vertex  1.180679e+05  4.847588e+03  4.986301e+03
      vertex  1.187567e+05  4.709297e+03  5.283868e+03
    endloop
  endfacet
  facet normal  3.157959e-01  8.949555e-01 -3.151629e-01
    outer loop
      vertex  1.187567e+05  4.709297e+03  5.283868e+03
      vertex  1.180679e+05  4.847588e+03  4.986301e+03
      vertex  1.181012e+05  4.932875e+03  5.261930e+03
    endloop
  endfacet
  facet normal  3.130213e-01  8.835672e-01 -3.483196e-01
    outer loop
      vertex  1.187567e+05  4.709297e+03  5.283868e+03
      vertex  1.181012e+05  4.932875e+03  5.261930e+03
      vertex  1.187910e+05  4.805196e+03  5.557965e+03
    endloop
  endfacet
  facet normal  3.120315e-01  8.850771e-01 -3.453619e-01
    outer loop
      vertex  1.187910e+05  4.805196e+03  5.557965e+03
      vertex  1.181012e+05  4.932875e+03  5.261930e+03
      vertex  1.181346e+05  5.027731e+03  5.535183e+03
    endloop
  endfacet
  facet normal  3.087738e-01  8.719199e-01 -3.800191e-01
    outer loop
      vertex  1.187910e+05  4.805196e+03  5.557965e+03
      vertex  1.181346e+05  5.027731e+03  5.535183e+03
      vertex  1.183706e+05  5.065140e+03  5.812800e+03
    endloop
  endfacet
  facet normal  2.446060e-01  8.645726e-01 -4.389558e-01
    outer loop
      vertex  1.189236e+05  3.597407e+03  1.413266e+03
      vertex  1.182741e+05  3.772456e+03  1.396092e+03
      vertex  1.189407e+05  3.659647e+03  1.545393e+03
    endloop
  endfacet
  facet normal  2.466760e-01  8.556916e-01 -4.549096e-01
    outer loop
      vertex  1.189407e+05  3.659647e+03  1.545393e+03
      vertex  1.182741e+05  3.772456e+03  1.396092e+03
      vertex  1.182889e+05  3.830127e+03  1.512638e+03
    endloop
  endfacet
  facet normal  2.506733e-01  8.814904e-01 -4.001719e-01
    outer loop
      vertex  1.189407e+05  3.659647e+03  1.545393e+03
      vertex  1.182889e+05  3.830127e+03  1.512638e+03
      vertex  1.189579e+05  3.714777e+03  1.677558e+03
    endloop
  endfacet
  facet normal  2.540264e-01  8.705630e-01 -4.214152e-01
    outer loop
      vertex  1.189579e+05  3.714777e+03  1.677558e+03
      vertex  1.182889e+05  3.830127e+03  1.512638e+03
      vertex  1.183038e+05  3.882242e+03  1.629260e+03
    endloop
  endfacet
  facet normal  2.552106e-01  8.833280e-01 -3.931907e-01
    outer loop
      vertex  1.189579e+05  3.714777e+03  1.677558e+03
      vertex  1.183038e+05  3.882242e+03  1.629260e+03
      vertex  1.183150e+05  3.917991e+03  1.716813e+03
    endloop
  endfacet
  facet normal  2.605391e-01  8.944402e-01 -3.634503e-01
    outer loop
      vertex  1.189579e+05  3.714777e+03  1.677558e+03
      vertex  1.183150e+05  3.917991e+03  1.716813e+03
      vertex  1.189750e+05  3.763549e+03  1.809857e+03
    endloop
  endfacet
  facet normal  2.608182e-01  8.916301e-01 -3.700940e-01
    outer loop
      vertex  1.189750e+05  3.763549e+03  1.809857e+03
      vertex  1.183150e+05  3.917991e+03  1.716813e+03
      vertex  1.183261e+05  3.951110e+03  1.804464e+03
    endloop
  endfacet
  facet normal  2.642532e-01  9.045323e-01 -3.346515e-01
    outer loop
      vertex  1.189750e+05  3.763549e+03  1.809857e+03
      vertex  1.183261e+05  3.951110e+03  1.804464e+03
      vertex  1.189864e+05  3.792888e+03  1.898170e+03
    endloop
  endfacet
  facet normal  2.644030e-01  9.033591e-01 -3.376882e-01
    outer loop
      vertex  1.189864e+05  3.792888e+03  1.898170e+03
      vertex  1.183261e+05  3.951110e+03  1.804464e+03
      vertex  1.183484e+05  4.010252e+03  1.980141e+03
    endloop
  endfacet
  facet normal  2.699784e-01  9.104962e-01 -3.132223e-01
    outer loop
      vertex  1.189864e+05  3.792888e+03  1.898170e+03
      vertex  1.183484e+05  4.010252e+03  1.980141e+03
      vertex  1.189978e+05  3.819924e+03  1.986599e+03
    endloop
  endfacet
  facet normal  2.723034e-01  9.194295e-01 -2.837253e-01
    outer loop
      vertex  1.189978e+05  3.819924e+03  1.986599e+03
      vertex  1.183484e+05  4.010252e+03  1.980141e+03
      vertex  1.190206e+05  3.867868e+03  2.163872e+03
    endloop
  endfacet
  facet normal  2.752398e-01  9.137360e-01 -2.988804e-01
    outer loop
      vertex  1.190206e+05  3.867868e+03  2.163872e+03
      vertex  1.183484e+05  4.010252e+03  1.980141e+03
      vertex  1.183707e+05  4.061193e+03  2.156420e+03
    endloop
  endfacet
  facet normal  2.785751e-01  9.267536e-01 -2.520392e-01
    outer loop
      vertex  1.190206e+05  3.867868e+03  2.163872e+03
      vertex  1.183707e+05  4.061193e+03  2.156420e+03
      vertex  1.190396e+05  3.902458e+03  2.312086e+03
    endloop
  endfacet
  facet normal  2.810528e-01  9.214997e-01 -2.680438e-01
    outer loop
      vertex  1.190396e+05  3.902458e+03  2.312086e+03
      vertex  1.183707e+05  4.061193e+03  2.156420e+03
      vertex  1.183893e+05  4.098408e+03  2.303848e+03
    endloop
  endfacet
  facet normal  2.835575e-01  9.315041e-01 -2.278056e-01
    outer loop
      vertex  1.190396e+05  3.902458e+03  2.312086e+03
      vertex  1.183893e+05  4.098408e+03  2.303848e+03
      vertex  1.190587e+05  3.933034e+03  2.460793e+03
    endloop
  endfacet
  facet normal  2.861981e-01  9.264898e-01 -2.443509e-01
    outer loop
      vertex  1.190587e+05  3.933034e+03  2.460793e+03
      vertex  1.183893e+05  4.098408e+03  2.303848e+03
      vertex  1.184079e+05  4.131684e+03  2.451794e+03
    endloop
  endfacet
  facet normal  2.883483e-01  9.353147e-01 -2.050405e-01
    outer loop
      vertex  1.190587e+05  3.933034e+03  2.460793e+03
      vertex  1.184079e+05  4.131684e+03  2.451794e+03
      vertex  1.190840e+05  3.968858e+03  2.659881e+03
    endloop
  endfacet
  facet normal  2.923218e-01  9.302083e-01 -2.219471e-01
    outer loop
      vertex  1.190840e+05  3.968858e+03  2.659881e+03
      vertex  1.184079e+05  4.131684e+03  2.451794e+03
      vertex  1.184327e+05  4.171163e+03  2.649895e+03
    endloop
  endfacet
  facet normal  2.939401e-01  9.370754e-01 -1.883852e-01
    outer loop
      vertex  1.190840e+05  3.968858e+03  2.659881e+03
      vertex  1.184327e+05  4.171163e+03  2.649895e+03
      vertex  1.191009e+05  3.990343e+03  2.793131e+03
    endloop
  endfacet
  facet normal  2.963809e-01  9.327614e-01 -2.052183e-01
    outer loop
      vertex  1.191009e+05  3.990343e+03  2.793131e+03
      vertex  1.184327e+05  4.171163e+03  2.649895e+03
      vertex  1.184492e+05  4.195086e+03  2.782497e+03
    endloop
  endfacet
  facet normal  2.976809e-01  9.384611e-01 -1.751480e-01
    outer loop
      vertex  1.191009e+05  3.990343e+03  2.793131e+03
      vertex  1.184492e+05  4.195086e+03  2.782497e+03
      vertex  1.191348e+05  4.029582e+03  3.060862e+03
    endloop
  endfacet
  facet normal  3.032452e-01  9.333977e-01 -1.918622e-01
    outer loop
      vertex  1.191348e+05  4.029582e+03  3.060862e+03
      vertex  1.184492e+05  4.195086e+03  2.782497e+03
      vertex  1.184823e+05  4.239119e+03  3.048943e+03
    endloop
  endfacet
  facet normal  3.042274e-01  9.378814e-01 -1.668057e-01
    outer loop
      vertex  1.191348e+05  4.029582e+03  3.060862e+03
      vertex  1.184823e+05  4.239119e+03  3.048943e+03
      vertex  1.191786e+05  4.077537e+03  3.410525e+03
    endloop
  endfacet
  facet normal  3.111920e-01  9.326480e-01 -1.825578e-01
    outer loop
      vertex  1.191786e+05  4.077537e+03  3.410525e+03
      vertex  1.184823e+05  4.239119e+03  3.048943e+03
      vertex  1.185251e+05  4.292927e+03  3.396938e+03
    endloop
  endfacet
  facet normal  3.115813e-01  9.344807e-01 -1.722291e-01
    outer loop
      vertex  1.191786e+05  4.077537e+03  3.410525e+03
      vertex  1.185251e+05  4.292927e+03  3.396938e+03
      vertex  1.192225e+05  4.127699e+03  3.762097e+03
    endloop
  endfacet
  facet normal  3.177033e-01  9.297563e-01 -1.860587e-01
    outer loop
      vertex  1.192225e+05  4.127699e+03  3.762097e+03
      vertex  1.185251e+05  4.292927e+03  3.396938e+03
      vertex  1.185680e+05  4.348293e+03  3.746834e+03
    endloop
  endfacet
  facet normal  3.177491e-01  9.299731e-01 -1.848937e-01
    outer loop
      vertex  1.192225e+05  4.127699e+03  3.762097e+03
      vertex  1.185680e+05  4.348293e+03  3.746834e+03
      vertex  1.192454e+05  4.156439e+03  3.946006e+03
    endloop
  endfacet
  facet normal  3.202494e-01  9.267240e-01 -1.965269e-01
    outer loop
      vertex  1.192454e+05  4.156439e+03  3.946006e+03
      vertex  1.185680e+05  4.348293e+03  3.746834e+03
      vertex  1.185895e+05  4.378081e+03  3.922231e+03
    endloop
  endfacet
  facet normal  3.202232e-01  9.265580e-01 -1.973508e-01
    outer loop
      vertex  1.192454e+05  4.156439e+03  3.946006e+03
      vertex  1.185895e+05  4.378081e+03  3.922231e+03
      vertex  1.192683e+05  4.187725e+03  4.130049e+03
    endloop
  endfacet
  facet normal  3.223975e-01  9.236724e-01 -2.070969e-01
    outer loop
      vertex  1.192683e+05  4.187725e+03  4.130049e+03
      vertex  1.185895e+05  4.378081e+03  3.922231e+03
      vertex  1.186109e+05  4.409952e+03  4.097762e+03
    endloop
  endfacet
  facet normal  3.222872e-01  9.226950e-01 -2.115769e-01
    outer loop
      vertex  1.192683e+05  4.187725e+03  4.130049e+03
      vertex  1.186109e+05  4.409952e+03  4.097762e+03
      vertex  1.192893e+05  4.219072e+03  4.298720e+03
    endloop
  endfacet
  facet normal  3.240196e-01  9.201530e-01 -2.198400e-01
    outer loop
      vertex  1.192893e+05  4.219072e+03  4.298720e+03
      vertex  1.186109e+05  4.409952e+03  4.097762e+03
      vertex  1.186324e+05  4.444340e+03  4.273292e+03
    endloop
  endfacet
  facet normal  3.237345e-01  9.185129e-01 -2.270022e-01
    outer loop
      vertex  1.192893e+05  4.219072e+03  4.298720e+03
      vertex  1.186324e+05  4.444340e+03  4.273292e+03
      vertex  1.193103e+05  4.253321e+03  4.467239e+03
    endloop
  endfacet
  facet normal  3.251993e-01  9.161121e-01 -2.344870e-01
    outer loop
      vertex  1.193103e+05  4.253321e+03  4.467239e+03
      vertex  1.186324e+05  4.444340e+03  4.273292e+03
      vertex  1.186538e+05  4.481619e+03  4.448679e+03
    endloop
  endfacet
  facet normal  3.243225e-01  9.123365e-01 -2.499144e-01
    outer loop
      vertex  1.193103e+05  4.253321e+03  4.467239e+03
      vertex  1.186538e+05  4.481619e+03  4.448679e+03
      vertex  1.193454e+05  4.317865e+03  4.748425e+03
    endloop
  endfacet
  facet normal  3.263656e-01  9.099337e-01 -2.559413e-01
    outer loop
      vertex  1.193454e+05  4.317865e+03  4.748425e+03
      vertex  1.186538e+05  4.481619e+03  4.448679e+03
      vertex  1.186881e+05  4.548056e+03  4.728633e+03
    endloop
  endfacet
  facet normal  3.247084e-01  9.030238e-01 -2.812692e-01
    outer loop
      vertex  1.193454e+05  4.317865e+03  4.748425e+03
      vertex  1.186881e+05  4.548056e+03  4.728633e+03
      vertex  1.193805e+05  4.392369e+03  5.028162e+03
    endloop
  endfacet
  facet normal  3.259372e-01  9.014294e-01 -2.849385e-01
    outer loop
      vertex  1.193805e+05  4.392369e+03  5.028162e+03
      vertex  1.186881e+05  4.548056e+03  4.728633e+03
      vertex  1.187224e+05  4.623716e+03  5.007231e+03
    endloop
  endfacet
  facet normal  3.236767e-01  8.923088e-01 -3.146719e-01
    outer loop
      vertex  1.193805e+05  4.392369e+03  5.028162e+03
      vertex  1.187224e+05  4.623716e+03  5.007231e+03
      vertex  1.194157e+05  4.477542e+03  5.305807e+03
    endloop
  endfacet
  facet normal  3.241349e-01  8.916528e-01 -3.160571e-01
    outer loop
      vertex  1.194157e+05  4.477542e+03  5.305807e+03
      vertex  1.187224e+05  4.623716e+03  5.007231e+03
      vertex  1.187567e+05  4.709297e+03  5.283868e+03
    endloop
  endfacet
  facet normal  3.212360e-01  8.802760e-01 -3.491728e-01
    outer loop
      vertex  1.194157e+05  4.477542e+03  5.305807e+03
      vertex  1.187567e+05  4.709297e+03  5.283868e+03
      vertex  1.194508e+05  4.573782e+03  5.580746e+03
    endloop
  endfacet
  facet normal  3.209557e-01  8.807176e-01 -3.483159e-01
    outer loop
      vertex  1.194508e+05  4.573782e+03  5.580746e+03
      vertex  1.187567e+05  4.709297e+03  5.283868e+03
      vertex  1.187910e+05  4.805196e+03  5.557965e+03
    endloop
  endfacet
  facet normal  0.000000e+00  -0.000000e+00  1.000000e+00
    outer loop
      vertex  1.185000e+05  4.070000e+03  6.313000e+03
      vertex  1.199800e+05  3.550000e+03  6.313000e+03
      vertex  1.199800e+05  4.400000e+03  6.313000e+03
    endloop
  endfacet
  facet normal  -0.000000e+00  0.000000e+00  1.000000e+00
    outer loop
      vertex  1.125800e+05  6.600000e+03  6.313000e+03
      vertex  1.059700e+05  6.600000e+03  6.313000e+03
      vertex  1.199800e+05  4.400000e+03  6.313000e+03
    endloop
  endfacet
  facet normal  0.000000e+00  0.000000e+00  9.999999e-01
    outer loop
      vertex  1.199800e+05  4.400000e+03  6.313000e+03
      vertex  1.059700e+05  6.600000e+03  6.313000e+03
      vertex  1.147500e+05  4.070000e+03  6.313000e+03
    endloop
  endfacet
  facet normal  0.000000e+00  0.000000e+00  1.000000e+00
    outer loop
      vertex  1.199800e+05  4.400000e+03  6.313000e+03
      vertex  1.147500e+05  4.070000e+03  6.313000e+03
      vertex  1.185000e+05  4.070000e+03  6.313000e+03
    endloop
  endfacet
  facet normal  2.433153e-01  8.298877e-01 -5.020798e-01
    outer loop
      vertex  1.132603e+05  5.187972e+03  1.267432e+03
      vertex  1.129941e+05  5.347557e+03  1.402192e+03
      vertex  1.132692e+05  5.240156e+03  1.358003e+03
    endloop
  endfacet
  facet normal  2.513520e-01  8.410130e-01 -4.790816e-01
    outer loop
      vertex  1.132692e+05  5.240156e+03  1.358003e+03
      vertex  1.129941e+05  5.347557e+03  1.402192e+03
      vertex  1.132781e+05  5.289324e+03  1.448985e+03
    endloop
  endfacet
  facet normal  2.702263e-01  9.248311e-01 -2.677033e-01
    outer loop
      vertex  1.133762e+05  5.680498e+03  2.476340e+03
      vertex  1.131075e+05  5.812373e+03  2.660715e+03
      vertex  1.133984e+05  5.742863e+03  2.714182e+03
    endloop
  endfacet
  facet normal  2.530056e-01  9.372241e-01 -2.399986e-01
    outer loop
      vertex  1.132781e+05  6.234978e+03  4.628512e+03
      vertex  1.133072e+05  6.313129e+03  4.964357e+03
      vertex  1.135884e+05  6.192042e+03  4.787875e+03
    endloop
  endfacet
  facet normal  2.276624e-01  8.839822e-01 -4.083445e-01
    outer loop
      vertex  1.088779e+05  6.582300e+03  1.564294e+03
      vertex  1.088780e+05  6.630660e+03  1.669000e+03
      vertex  1.094240e+05  6.479946e+03  1.647170e+03
    endloop
  endfacet
  facet normal  2.311262e-01  8.932402e-01 -3.856198e-01
    outer loop
      vertex  1.094267e+05  6.565386e+03  1.846715e+03
      vertex  1.094240e+05  6.479946e+03  1.647170e+03
      vertex  1.088780e+05  6.630660e+03  1.669000e+03
    endloop
  endfacet
  facet normal  2.297020e-01  8.959091e-01 -3.802418e-01
    outer loop
      vertex  1.088780e+05  6.630660e+03  1.669000e+03
      vertex  1.088780e+05  6.720630e+03  1.881021e+03
      vertex  1.094267e+05  6.565386e+03  1.846715e+03
    endloop
  endfacet
  facet normal  2.223052e-01  9.652881e-01 -1.371100e-01
    outer loop
      vertex  1.088788e+05  7.406327e+03  4.882645e+03
      vertex  1.088788e+05  7.447986e+03  5.176049e+03
      vertex  1.094691e+05  7.303178e+03  5.113584e+03
    endloop
  endfacet
  facet normal  2.297285e-01  8.602244e-01 -4.552349e-01
    outer loop
      vertex  1.099633e+05  6.190982e+03  1.355949e+03
      vertex  1.094213e+05  6.385870e+03  1.450677e+03
      vertex  1.099660e+05  6.241991e+03  1.453694e+03
    endloop
  endfacet
  facet normal  2.426151e-01  8.644584e-01 -4.402835e-01
    outer loop
      vertex  1.110659e+05  5.987971e+03  1.553995e+03
      vertex  1.110603e+05  5.935692e+03  1.448286e+03
      vertex  1.105125e+05  6.093748e+03  1.456711e+03
    endloop
  endfacet
  facet normal  2.219144e-01  9.476331e-01 -2.296643e-01
    outer loop
      vertex  1.118470e+05  6.773853e+03  5.319688e+03
      vertex  1.112638e+05  6.967574e+03  5.555513e+03
      vertex  1.116628e+05  6.877604e+03  5.569858e+03
    endloop
  endfacet
  facet normal  2.649967e-01  9.402733e-01 -2.136885e-01
    outer loop
      vertex  1.131909e+05  6.023833e+03  3.617713e+03
      vertex  1.126270e+05  6.230341e+03  3.827125e+03
      vertex  1.132297e+05  6.114990e+03  4.066897e+03
    endloop
  endfacet
  facet normal  2.633640e-01  9.418200e-01 -2.088410e-01
    outer loop
      vertex  1.132297e+05  6.114990e+03  4.066897e+03
      vertex  1.126270e+05  6.230341e+03  3.827125e+03
      vertex  1.126611e+05  6.320056e+03  4.274632e+03
    endloop
  endfacet
  facet normal  2.540185e-01  9.416495e-01 -2.208411e-01
    outer loop
      vertex  1.126781e+05  6.366314e+03  4.498316e+03
      vertex  1.126951e+05  6.414116e+03  4.721711e+03
      vertex  1.132781e+05  6.234978e+03  4.628512e+03
    endloop
  endfacet
  facet normal  2.498717e-01  9.380827e-01 -2.399271e-01
    outer loop
      vertex  1.133072e+05  6.313129e+03  4.964357e+03
      vertex  1.132781e+05  6.234978e+03  4.628512e+03
      vertex  1.126951e+05  6.414116e+03  4.721711e+03
    endloop
  endfacet
  facet normal  2.465781e-01  9.413739e-01 -2.302488e-01
    outer loop
      vertex  1.126951e+05  6.414116e+03  4.721711e+03
      vertex  1.127178e+05  6.480846e+03  5.018836e+03
      vertex  1.133072e+05  6.313129e+03  4.964357e+03
    endloop
  endfacet
  facet normal  2.398290e-01  9.513180e-01 -1.935871e-01
    outer loop
      vertex  1.106417e+05  6.978084e+03  4.875680e+03
      vertex  1.112279e+05  6.819343e+03  4.821790e+03
      vertex  1.112183e+05  6.781786e+03  4.625360e+03
    endloop
  endfacet
  facet normal  2.413099e-01  9.515890e-01 -1.903887e-01
    outer loop
      vertex  1.106417e+05  6.978084e+03  4.875680e+03
      vertex  1.112183e+05  6.781786e+03  4.625360e+03
      vertex  1.111992e+05  6.707942e+03  4.232011e+03
    endloop
  endfacet
  facet normal  2.523825e-01  9.506606e-01 -1.804096e-01
    outer loop
      vertex  1.106417e+05  6.978084e+03  4.875680e+03
      vertex  1.111992e+05  6.707942e+03  4.232011e+03
      vertex  1.106172e+05  6.859203e+03  4.214963e+03
    endloop
  endfacet
  facet normal  2.488908e-01  9.515740e-01 -1.804445e-01
    outer loop
      vertex  1.106417e+05  6.978084e+03  4.875680e+03
      vertex  1.106172e+05  6.859203e+03  4.214963e+03
      vertex  1.100366e+05  7.007828e+03  4.197915e+03
    endloop
  endfacet
  facet normal  2.375138e-01  9.563793e-01 -1.700764e-01
    outer loop
      vertex  1.106417e+05  6.978084e+03  4.875680e+03
      vertex  1.100366e+05  7.007828e+03  4.197915e+03
      vertex  1.100476e+05  7.083129e+03  4.636710e+03
    endloop
  endfacet
  facet normal  2.367881e-01  9.569199e-01 -1.680347e-01
    outer loop
      vertex  1.106417e+05  6.978084e+03  4.875680e+03
      vertex  1.100476e+05  7.083129e+03  4.636710e+03
      vertex  1.100586e+05  7.157378e+03  5.075053e+03
    endloop
  endfacet
  facet normal  2.307812e-01  9.554036e-01 -1.842390e-01
    outer loop
      vertex  1.106417e+05  6.978084e+03  4.875680e+03
      vertex  1.100586e+05  7.157378e+03  5.075053e+03
      vertex  1.106540e+05  7.038683e+03  5.205257e+03
    endloop
  endfacet
  facet normal  2.342957e-01  9.545529e-01 -1.842131e-01
    outer loop
      vertex  1.106417e+05  6.978084e+03  4.875680e+03
      vertex  1.106540e+05  7.038683e+03  5.205257e+03
      vertex  1.112423e+05  6.877042e+03  5.115911e+03
    endloop
  endfacet
  facet normal  2.391973e-01  9.505361e-01 -1.981557e-01
    outer loop
      vertex  1.106417e+05  6.978084e+03  4.875680e+03
      vertex  1.112423e+05  6.877042e+03  5.115911e+03
      vertex  1.112279e+05  6.819343e+03  4.821790e+03
    endloop
  endfacet
  facet normal  2.386599e-01  8.443490e-01 -4.797042e-01
    outer loop
      vertex  1.105045e+05  5.987846e+03  1.260473e+03
      vertex  1.105085e+05  6.042232e+03  1.358183e+03
      vertex  1.110504e+05  5.834324e+03  1.261865e+03
    endloop
  endfacet
  facet normal  2.369312e-01  8.420780e-01 -4.845288e-01
    outer loop
      vertex  1.110504e+05  5.834324e+03  1.261865e+03
      vertex  1.105085e+05  6.042232e+03  1.358183e+03
      vertex  1.110554e+05  5.886370e+03  1.354738e+03
    endloop
  endfacet
  facet normal  2.428918e-01  8.406545e-01 -4.840491e-01
    outer loop
      vertex  1.110504e+05  5.834324e+03  1.261865e+03
      vertex  1.110554e+05  5.886370e+03  1.354738e+03
      vertex  1.117821e+05  5.623999e+03  1.263720e+03
    endloop
  endfacet
  facet normal  2.401177e-01  8.361363e-01 -4.931729e-01
    outer loop
      vertex  1.117821e+05  5.623999e+03  1.263720e+03
      vertex  1.110554e+05  5.886370e+03  1.354738e+03
      vertex  1.116050e+05  5.731262e+03  1.359372e+03
    endloop
  endfacet
  facet normal  2.464869e-01  8.391775e-01 -4.847939e-01
    outer loop
      vertex  1.117821e+05  5.623999e+03  1.263720e+03
      vertex  1.116050e+05  5.731262e+03  1.359372e+03
      vertex  1.122725e+05  5.480669e+03  1.264957e+03
    endloop
  endfacet
  facet normal  2.432803e-01  8.343493e-01 -4.946471e-01
    outer loop
      vertex  1.122725e+05  5.480669e+03  1.264957e+03
      vertex  1.116050e+05  5.731262e+03  1.359372e+03
      vertex  1.121573e+05  5.572956e+03  1.363979e+03
    endloop
  endfacet
  facet normal  2.478810e-01  8.355129e-01 -4.903806e-01
    outer loop
      vertex  1.122725e+05  5.480669e+03  1.264957e+03
      vertex  1.121573e+05  5.572956e+03  1.363979e+03
      vertex  1.124373e+05  5.510857e+03  1.399691e+03
    endloop
  endfacet
  facet normal  2.246434e-01  9.427074e-01 -2.466542e-01
    outer loop
      vertex  1.120624e+05  6.786898e+03  5.584204e+03
      vertex  1.128634e+05  6.603530e+03  5.612896e+03
      vertex  1.124417e+05  6.623767e+03  5.306114e+03
    endloop
  endfacet
  facet normal  2.340023e-01  9.368517e-01 -2.599072e-01
    outer loop
      vertex  1.124417e+05  6.623767e+03  5.306114e+03
      vertex  1.128634e+05  6.603530e+03  5.612896e+03
      vertex  1.127405e+05  6.551543e+03  5.314800e+03
    endloop
  endfacet
  facet normal  2.348232e-01  9.432811e-01 -2.346885e-01
    outer loop
      vertex  1.124417e+05  6.623767e+03  5.306114e+03
      vertex  1.127405e+05  6.551543e+03  5.314800e+03
      vertex  1.124207e+05  6.555894e+03  5.012347e+03
    endloop
  endfacet
  facet normal  2.425840e-01  9.392163e-01 -2.429518e-01
    outer loop
      vertex  1.124207e+05  6.555894e+03  5.012347e+03
      vertex  1.127405e+05  6.551543e+03  5.314800e+03
      vertex  1.127178e+05  6.480846e+03  5.018836e+03
    endloop
  endfacet
  facet normal  2.433041e-01  9.436904e-01 -2.241685e-01
    outer loop
      vertex  1.124207e+05  6.555894e+03  5.012347e+03
      vertex  1.127178e+05  6.480846e+03  5.018836e+03
      vertex  1.124031e+05  6.501471e+03  4.764093e+03
    endloop
  endfacet
  facet normal  2.480678e-01  9.409764e-01 -2.302733e-01
    outer loop
      vertex  1.124031e+05  6.501471e+03  4.764093e+03
      vertex  1.127178e+05  6.480846e+03  5.018836e+03
      vertex  1.126951e+05  6.414116e+03  4.721711e+03
    endloop
  endfacet
  facet normal  2.506776e-01  9.433797e-01 -2.172453e-01
    outer loop
      vertex  1.124031e+05  6.501471e+03  4.764093e+03
      vertex  1.126951e+05  6.414116e+03  4.721711e+03
      vertex  1.123913e+05  6.466407e+03  4.598264e+03
    endloop
  endfacet
  facet normal  2.519241e-01  9.422207e-01 -2.208037e-01
    outer loop
      vertex  1.123913e+05  6.466407e+03  4.598264e+03
      vertex  1.126951e+05  6.414116e+03  4.721711e+03
      vertex  1.126781e+05  6.366314e+03  4.498316e+03
    endloop
  endfacet
  facet normal  2.558763e-01  9.434659e-01 -2.107117e-01
    outer loop
      vertex  1.123913e+05  6.466407e+03  4.598264e+03
      vertex  1.126781e+05  6.366314e+03  4.498316e+03
      vertex  1.123678e+05  6.398604e+03  4.266108e+03
    endloop
  endfacet
  facet normal  2.585127e-01  9.419031e-01 -2.144519e-01
    outer loop
      vertex  1.123678e+05  6.398604e+03  4.266108e+03
      vertex  1.126781e+05  6.366314e+03  4.498316e+03
      vertex  1.126611e+05  6.320056e+03  4.274632e+03
    endloop
  endfacet
  facet normal  2.587748e-01  9.438809e-01 -2.052426e-01
    outer loop
      vertex  1.123678e+05  6.398604e+03  4.266108e+03
      vertex  1.126611e+05  6.320056e+03  4.274632e+03
      vertex  1.123413e+05  6.324560e+03  3.892228e+03
    endloop
  endfacet
  facet normal  2.630435e-01  9.419109e-01 -2.088349e-01
    outer loop
      vertex  1.123413e+05  6.324560e+03  3.892228e+03
      vertex  1.126611e+05  6.320056e+03  4.274632e+03
      vertex  1.126270e+05  6.230341e+03  3.827125e+03
    endloop
  endfacet
  facet normal  2.638523e-01  9.423318e-01 -2.058948e-01
    outer loop
      vertex  1.123413e+05  6.324560e+03  3.892228e+03
      vertex  1.126270e+05  6.230341e+03  3.827125e+03
      vertex  1.123149e+05  6.250416e+03  3.518977e+03
    endloop
  endfacet
  facet normal  2.671918e-01  9.406193e-01 -2.093893e-01
    outer loop
      vertex  1.123149e+05  6.250416e+03  3.518977e+03
      vertex  1.126270e+05  6.230341e+03  3.827125e+03
      vertex  1.125968e+05  6.150583e+03  3.430238e+03
    endloop
  endfacet
  facet normal  2.650638e-01  9.398821e-01 -2.153202e-01
    outer loop
      vertex  1.123149e+05  6.250416e+03  3.518977e+03
      vertex  1.125968e+05  6.150583e+03  3.430238e+03
      vertex  1.122869e+05  6.168441e+03  3.126774e+03
    endloop
  endfacet
  facet normal  2.658691e-01  9.394602e-01 -2.161672e-01
    outer loop
      vertex  1.122869e+05  6.168441e+03  3.126774e+03
      vertex  1.125968e+05  6.150583e+03  3.430238e+03
      vertex  1.125817e+05  6.109363e+03  3.232493e+03
    endloop
  endfacet
  facet normal  2.697904e-01  9.351711e-01 -2.294956e-01
    outer loop
      vertex  1.122869e+05  6.168441e+03  3.126774e+03
      vertex  1.125817e+05  6.109363e+03  3.232493e+03
      vertex  1.122730e+05  6.124598e+03  2.931696e+03
    endloop
  endfacet
  facet normal  2.678139e-01  9.362473e-01 -2.274128e-01
    outer loop
      vertex  1.122730e+05  6.124598e+03  2.931696e+03
      vertex  1.125817e+05  6.109363e+03  3.232493e+03
      vertex  1.125590e+05  6.044120e+03  2.937170e+03
    endloop
  endfacet
  facet normal  2.668598e-01  9.315172e-01 -2.471063e-01
    outer loop
      vertex  1.122730e+05  6.124598e+03  2.931696e+03
      vertex  1.125590e+05  6.044120e+03  2.937170e+03
      vertex  1.122524e+05  6.054772e+03  2.646284e+03
    endloop
  endfacet
  facet normal  2.670907e-01  9.313850e-01 -2.473546e-01
    outer loop
      vertex  1.122524e+05  6.054772e+03  2.646284e+03
      vertex  1.125590e+05  6.044120e+03  2.937170e+03
      vertex  1.125368e+05  5.974489e+03  2.651094e+03
    endloop
  endfacet
  facet normal  2.654824e-01  9.240226e-01 -2.751388e-01
    outer loop
      vertex  1.122524e+05  6.054772e+03  2.646284e+03
      vertex  1.125368e+05  5.974489e+03  2.651094e+03
      vertex  1.122319e+05  5.976406e+03  2.363265e+03
    endloop
  endfacet
  facet normal  2.655270e-01  9.239957e-01 -2.751862e-01
    outer loop
      vertex  1.122319e+05  5.976406e+03  2.363265e+03
      vertex  1.125368e+05  5.974489e+03  2.651094e+03
      vertex  1.125147e+05  5.896356e+03  2.367399e+03
    endloop
  endfacet
  facet normal  2.637329e-01  9.163035e-01 -3.013848e-01
    outer loop
      vertex  1.122319e+05  5.976406e+03  2.363265e+03
      vertex  1.125147e+05  5.896356e+03  2.367399e+03
      vertex  1.122216e+05  5.933163e+03  2.222804e+03
    endloop
  endfacet
  facet normal  2.637785e-01  9.162561e-01 -3.014894e-01
    outer loop
      vertex  1.122216e+05  5.933163e+03  2.222804e+03
      vertex  1.125147e+05  5.896356e+03  2.367399e+03
      vertex  1.125036e+05  5.853210e+03  2.226588e+03
    endloop
  endfacet
  facet normal  2.622130e-01  9.097720e-01 -3.218060e-01
    outer loop
      vertex  1.122216e+05  5.933163e+03  2.222804e+03
      vertex  1.125036e+05  5.853210e+03  2.226588e+03
      vertex  1.122113e+05  5.886715e+03  2.083122e+03
    endloop
  endfacet
  facet normal  2.623075e-01  9.096681e-01 -3.220227e-01
    outer loop
      vertex  1.122113e+05  5.886715e+03  2.083122e+03
      vertex  1.125036e+05  5.853210e+03  2.226588e+03
      vertex  1.124926e+05  5.806825e+03  2.086544e+03
    endloop
  endfacet
  facet normal  2.598429e-01  8.997686e-01 -3.505684e-01
    outer loop
      vertex  1.122113e+05  5.886715e+03  2.083122e+03
      vertex  1.124926e+05  5.806825e+03  2.086544e+03
      vertex  1.121959e+05  5.810151e+03  1.875188e+03
    endloop
  endfacet
  facet normal  2.601748e-01  8.994892e-01 -3.510388e-01
    outer loop
      vertex  1.121959e+05  5.810151e+03  1.875188e+03
      vertex  1.124926e+05  5.806825e+03  2.086544e+03
      vertex  1.124760e+05  5.730253e+03  1.878035e+03
    endloop
  endfacet
  facet normal  2.573456e-01  8.885464e-01 -3.798138e-01
    outer loop
      vertex  1.121959e+05  5.810151e+03  1.875188e+03
      vertex  1.124760e+05  5.730253e+03  1.878035e+03
      vertex  1.124677e+05  5.688412e+03  1.774530e+03
    endloop
  endfacet
  facet normal  2.254738e-01  9.335139e-01 -2.787714e-01
    outer loop
      vertex  1.128634e+05  6.603530e+03  5.612896e+03
      vertex  1.136671e+05  6.417998e+03  5.641586e+03
      vertex  1.133512e+05  6.442733e+03  5.468925e+03
    endloop
  endfacet
  facet normal  2.308915e-01  9.289643e-01 -2.893347e-01
    outer loop
      vertex  1.133512e+05  6.442733e+03  5.468925e+03
      vertex  1.136671e+05  6.417998e+03  5.641586e+03
      vertex  1.136523e+05  6.372150e+03  5.482607e+03
    endloop
  endfacet
  facet normal  2.313407e-01  9.345721e-01 -2.702894e-01
    outer loop
      vertex  1.133512e+05  6.442733e+03  5.468925e+03
      vertex  1.136523e+05  6.372150e+03  5.482607e+03
      vertex  1.133370e+05  6.399265e+03  5.306477e+03
    endloop
  endfacet
  facet normal  2.362233e-01  9.305902e-01 -2.796437e-01
    outer loop
      vertex  1.133370e+05  6.399265e+03  5.306477e+03
      vertex  1.136523e+05  6.372150e+03  5.482607e+03
      vertex  1.136375e+05  6.327954e+03  5.323065e+03
    endloop
  endfacet
  facet normal  2.364603e-01  9.359064e-01 -2.610856e-01
    outer loop
      vertex  1.133370e+05  6.399265e+03  5.306477e+03
      vertex  1.136375e+05  6.327954e+03  5.323065e+03
      vertex  1.133221e+05  6.355373e+03  5.135659e+03
    endloop
  endfacet
  facet normal  2.415251e-01  9.320242e-01 -2.701786e-01
    outer loop
      vertex  1.133221e+05  6.355373e+03  5.135659e+03
      vertex  1.136375e+05  6.327954e+03  5.323065e+03
      vertex  1.136228e+05  6.285381e+03  5.163011e+03
    endloop
  endfacet
  facet normal  2.410818e-01  9.372008e-01 -2.520599e-01
    outer loop
      vertex  1.133221e+05  6.355373e+03  5.135659e+03
      vertex  1.136228e+05  6.285381e+03  5.163011e+03
      vertex  1.133072e+05  6.313129e+03  4.964357e+03
    endloop
  endfacet
  facet normal  2.464044e-01  9.333467e-01 -2.610533e-01
    outer loop
      vertex  1.133072e+05  6.313129e+03  4.964357e+03
      vertex  1.136228e+05  6.285381e+03  5.163011e+03
      vertex  1.136080e+05  6.244383e+03  5.002499e+03
    endloop
  endfacet
  facet normal  2.457871e-01  9.362993e-01 -2.508634e-01
    outer loop
      vertex  1.133072e+05  6.313129e+03  4.964357e+03
      vertex  1.136080e+05  6.244383e+03  5.002499e+03
      vertex  1.135884e+05  6.192042e+03  4.787875e+03
    endloop
  endfacet
  facet normal  2.478274e-01  8.322365e-01 -4.959476e-01
    outer loop
      vertex  1.132603e+05  5.187972e+03  1.267432e+03
      vertex  1.122725e+05  5.480669e+03  1.264957e+03
      vertex  1.129941e+05  5.347557e+03  1.402192e+03
    endloop
  endfacet
  facet normal  2.473578e-01  8.359817e-01 -4.898456e-01
    outer loop
      vertex  1.129941e+05  5.347557e+03  1.402192e+03
      vertex  1.122725e+05  5.480669e+03  1.264957e+03
      vertex  1.124373e+05  5.510857e+03  1.399691e+03
    endloop
  endfacet
  facet normal  2.516559e-01  8.510833e-01 -4.607888e-01
    outer loop
      vertex  1.129941e+05  5.347557e+03  1.402192e+03
      vertex  1.124373e+05  5.510857e+03  1.399691e+03
      vertex  1.130067e+05  5.417694e+03  1.538619e+03
    endloop
  endfacet
  facet normal  2.511306e-01  8.531421e-01 -4.572549e-01
    outer loop
      vertex  1.130067e+05  5.417694e+03  1.538619e+03
      vertex  1.124373e+05  5.510857e+03  1.399691e+03
      vertex  1.124483e+05  5.580181e+03  1.535110e+03
    endloop
  endfacet
  facet normal  2.548626e-01  8.665763e-01 -4.290578e-01
    outer loop
      vertex  1.130067e+05  5.417694e+03  1.538619e+03
      vertex  1.124483e+05  5.580181e+03  1.535110e+03
      vertex  1.130193e+05  5.481999e+03  1.675986e+03
    endloop
  endfacet
  facet normal  2.544335e-01  8.680748e-01 -4.262744e-01
    outer loop
      vertex  1.130193e+05  5.481999e+03  1.675986e+03
      vertex  1.124483e+05  5.580181e+03  1.535110e+03
      vertex  1.124594e+05  5.643938e+03  1.671553e+03
    endloop
  endfacet
  facet normal  2.572421e-01  8.784307e-01 -4.027233e-01
    outer loop
      vertex  1.130193e+05  5.481999e+03  1.675986e+03
      vertex  1.124594e+05  5.643938e+03  1.671553e+03
      vertex  1.130288e+05  5.526737e+03  1.779610e+03
    endloop
  endfacet
  facet normal  2.570460e-01  8.794811e-01 -4.005499e-01
    outer loop
      vertex  1.130288e+05  5.526737e+03  1.779610e+03
      vertex  1.124594e+05  5.643938e+03  1.671553e+03
      vertex  1.124677e+05  5.688412e+03  1.774530e+03
    endloop
  endfacet
  facet normal  2.591339e-01  8.873275e-01 -3.814438e-01
    outer loop
      vertex  1.130288e+05  5.526737e+03  1.779610e+03
      vertex  1.124677e+05  5.688412e+03  1.774530e+03
      vertex  1.130382e+05  5.568735e+03  1.883729e+03
    endloop
  endfacet
  facet normal  2.589731e-01  8.880955e-01 -3.797620e-01
    outer loop
      vertex  1.130382e+05  5.568735e+03  1.883729e+03
      vertex  1.124677e+05  5.688412e+03  1.774530e+03
      vertex  1.124760e+05  5.730253e+03  1.878035e+03
    endloop
  endfacet
  facet normal  2.617207e-01  8.986361e-01 -3.520731e-01
    outer loop
      vertex  1.130382e+05  5.568735e+03  1.883729e+03
      vertex  1.124760e+05  5.730253e+03  1.878035e+03
      vertex  1.130571e+05  5.645371e+03  2.093388e+03
    endloop
  endfacet
  facet normal  2.614010e-01  8.991449e-01 -3.510099e-01
    outer loop
      vertex  1.130571e+05  5.645371e+03  2.093388e+03
      vertex  1.124760e+05  5.730253e+03  1.878035e+03
      vertex  1.124926e+05  5.806825e+03  2.086544e+03
    endloop
  endfacet
  facet normal  2.638802e-01  9.090194e-01 -3.225694e-01
    outer loop
      vertex  1.130571e+05  5.645371e+03  2.093388e+03
      vertex  1.124926e+05  5.806825e+03  2.086544e+03
      vertex  1.130697e+05  5.691662e+03  2.234156e+03
    endloop
  endfacet
  facet normal  2.637807e-01  9.092500e-01 -3.220005e-01
    outer loop
      vertex  1.130697e+05  5.691662e+03  2.234156e+03
      vertex  1.124926e+05  5.806825e+03  2.086544e+03
      vertex  1.125036e+05  5.853210e+03  2.226588e+03
    endloop
  endfacet
  facet normal  2.653530e-01  9.157072e-01 -3.017747e-01
    outer loop
      vertex  1.130697e+05  5.691662e+03  2.234156e+03
      vertex  1.125036e+05  5.853210e+03  2.226588e+03
      vertex  1.130823e+05  5.734646e+03  2.375666e+03
    endloop
  endfacet
  facet normal  2.652994e-01  9.158213e-01 -3.014758e-01
    outer loop
      vertex  1.130823e+05  5.734646e+03  2.375666e+03
      vertex  1.125036e+05  5.853210e+03  2.226588e+03
      vertex  1.125147e+05  5.896356e+03  2.367399e+03
    endloop
  endfacet
  facet normal  2.670992e-01  9.234704e-01 -2.754275e-01
    outer loop
      vertex  1.130823e+05  5.734646e+03  2.375666e+03
      vertex  1.125147e+05  5.896356e+03  2.367399e+03
      vertex  1.131075e+05  5.812373e+03  2.660715e+03
    endloop
  endfacet
  facet normal  2.669935e-01  9.235736e-01 -2.751843e-01
    outer loop
      vertex  1.131075e+05  5.812373e+03  2.660715e+03
      vertex  1.125147e+05  5.896356e+03  2.367399e+03
      vertex  1.125368e+05  5.974489e+03  2.651094e+03
    endloop
  endfacet
  facet normal  2.685833e-01  9.307832e-01 -2.480034e-01
    outer loop
      vertex  1.131075e+05  5.812373e+03  2.660715e+03
      vertex  1.125368e+05  5.974489e+03  2.651094e+03
      vertex  1.131328e+05  5.881675e+03  2.948118e+03
    endloop
  endfacet
  facet normal  2.683032e-01  9.310343e-01 -2.473630e-01
    outer loop
      vertex  1.131328e+05  5.881675e+03  2.948118e+03
      vertex  1.125368e+05  5.974489e+03  2.651094e+03
      vertex  1.125590e+05  6.044120e+03  2.937170e+03
    endloop
  endfacet
  facet normal  2.691220e-01  9.350428e-01 -2.307992e-01
    outer loop
      vertex  1.131328e+05  5.881675e+03  2.948118e+03
      vertex  1.125590e+05  6.044120e+03  2.937170e+03
      vertex  1.131521e+05  5.930980e+03  3.170471e+03
    endloop
  endfacet
  facet normal  2.680100e-01  9.361906e-01 -2.274153e-01
    outer loop
      vertex  1.131521e+05  5.930980e+03  3.170471e+03
      vertex  1.125590e+05  6.044120e+03  2.937170e+03
      vertex  1.125817e+05  6.109363e+03  3.232493e+03
    endloop
  endfacet
  facet normal  2.695754e-01  9.379569e-01 -2.180962e-01
    outer loop
      vertex  1.131521e+05  5.930980e+03  3.170471e+03
      vertex  1.125817e+05  6.109363e+03  3.232493e+03
      vertex  1.131909e+05  6.023833e+03  3.617713e+03
    endloop
  endfacet
  facet normal  2.684880e-01  9.387051e-01 -2.162102e-01
    outer loop
      vertex  1.131909e+05  6.023833e+03  3.617713e+03
      vertex  1.125817e+05  6.109363e+03  3.232493e+03
      vertex  1.125968e+05  6.150583e+03  3.430238e+03
    endloop
  endfacet
  facet normal  2.667676e-01  9.407414e-01 -2.093815e-01
    outer loop
      vertex  1.131909e+05  6.023833e+03  3.617713e+03
      vertex  1.125968e+05  6.150583e+03  3.430238e+03
      vertex  1.126270e+05  6.230341e+03  3.827125e+03
    endloop
  endfacet
  facet normal  2.502873e-01  8.534521e-01 -4.571387e-01
    outer loop
      vertex  1.132781e+05  5.289324e+03  1.448985e+03
      vertex  1.129941e+05  5.347557e+03  1.402192e+03
      vertex  1.132870e+05  5.335663e+03  1.540373e+03
    endloop
  endfacet
  facet normal  2.519047e-01  8.510160e-01 -4.607772e-01
    outer loop
      vertex  1.132870e+05  5.335663e+03  1.540373e+03
      vertex  1.129941e+05  5.347557e+03  1.402192e+03
      vertex  1.130067e+05  5.417694e+03  1.538619e+03
    endloop
  endfacet
  facet normal  2.553031e-01  8.631680e-01 -4.356158e-01
    outer loop
      vertex  1.132870e+05  5.335663e+03  1.540373e+03
      vertex  1.130067e+05  5.417694e+03  1.538619e+03
      vertex  1.132960e+05  5.379352e+03  1.632161e+03
    endloop
  endfacet
  facet normal  2.536907e-01  8.668987e-01 -4.291011e-01
    outer loop
      vertex  1.132960e+05  5.379352e+03  1.632161e+03
      vertex  1.130067e+05  5.417694e+03  1.538619e+03
      vertex  1.130193e+05  5.481999e+03  1.675986e+03
    endloop
  endfacet
  facet normal  2.609528e-01  8.762313e-01 -4.051203e-01
    outer loop
      vertex  1.132960e+05  5.379352e+03  1.632161e+03
      vertex  1.130193e+05  5.481999e+03  1.675986e+03
      vertex  1.133138e+05  5.459465e+03  1.816906e+03
    endloop
  endfacet
  facet normal  2.598794e-01  8.776904e-01 -4.026442e-01
    outer loop
      vertex  1.133138e+05  5.459465e+03  1.816906e+03
      vertex  1.130193e+05  5.481999e+03  1.675986e+03
      vertex  1.130288e+05  5.526737e+03  1.779610e+03
    endloop
  endfacet
  facet normal  2.590941e-01  8.912981e-01 -3.720993e-01
    outer loop
      vertex  1.133138e+05  5.459465e+03  1.816906e+03
      vertex  1.130288e+05  5.526737e+03  1.779610e+03
      vertex  1.133271e+05  5.513842e+03  1.956453e+03
    endloop
  endfacet
  facet normal  2.643235e-01  8.858493e-01 -3.813187e-01
    outer loop
      vertex  1.133271e+05  5.513842e+03  1.956453e+03
      vertex  1.130288e+05  5.526737e+03  1.779610e+03
      vertex  1.130382e+05  5.568735e+03  1.883729e+03
    endloop
  endfacet
  facet normal  2.585385e-01  9.017937e-01 -3.463034e-01
    outer loop
      vertex  1.133271e+05  5.513842e+03  1.956453e+03
      vertex  1.130382e+05  5.568735e+03  1.883729e+03
      vertex  1.133405e+05  5.563911e+03  2.096811e+03
    endloop
  endfacet
  facet normal  2.625436e-01  8.984007e-01 -3.520613e-01
    outer loop
      vertex  1.133405e+05  5.563911e+03  2.096811e+03
      vertex  1.130382e+05  5.568735e+03  1.883729e+03
      vertex  1.130571e+05  5.645371e+03  2.093388e+03
    endloop
  endfacet
  facet normal  2.654082e-01  9.097426e-01 -3.192600e-01
    outer loop
      vertex  1.133405e+05  5.563911e+03  2.096811e+03
      vertex  1.130571e+05  5.645371e+03  2.093388e+03
      vertex  1.133584e+05  5.625064e+03  2.285934e+03
    endloop
  endfacet
  facet normal  2.673930e-01  9.079996e-01 -3.225487e-01
    outer loop
      vertex  1.133584e+05  5.625064e+03  2.285934e+03
      vertex  1.130571e+05  5.645371e+03  2.093388e+03
      vertex  1.130697e+05  5.691662e+03  2.234156e+03
    endloop
  endfacet
  facet normal  2.645171e-01  9.189904e-01 -2.923822e-01
    outer loop
      vertex  1.133584e+05  5.625064e+03  2.285934e+03
      vertex  1.130697e+05  5.691662e+03  2.234156e+03
      vertex  1.133762e+05  5.680498e+03  2.476340e+03
    endloop
  endfacet
  facet normal  2.717505e-01  9.138293e-01 -3.017741e-01
    outer loop
      vertex  1.133762e+05  5.680498e+03  2.476340e+03
      vertex  1.130697e+05  5.691662e+03  2.234156e+03
      vertex  1.130823e+05  5.734646e+03  2.375666e+03
    endloop
  endfacet
  facet normal  2.646261e-01  9.241889e-01 -2.754048e-01
    outer loop
      vertex  1.133762e+05  5.680498e+03  2.476340e+03
      vertex  1.130823e+05  5.734646e+03  2.375666e+03
      vertex  1.131075e+05  5.812373e+03  2.660715e+03
    endloop
  endfacet
  facet normal  2.678756e-01  9.314289e-01 -2.463387e-01
    outer loop
      vertex  1.133984e+05  5.742863e+03  2.714182e+03
      vertex  1.131075e+05  5.812373e+03  2.660715e+03
      vertex  1.134206e+05  5.799802e+03  2.953593e+03
    endloop
  endfacet
  facet normal  2.694105e-01  9.305404e-01 -2.480174e-01
    outer loop
      vertex  1.134206e+05  5.799802e+03  2.953593e+03
      vertex  1.131075e+05  5.812373e+03  2.660715e+03
      vertex  1.131328e+05  5.881675e+03  2.948118e+03
    endloop
  endfacet
  facet normal  2.702642e-01  9.346853e-01 -2.309122e-01
    outer loop
      vertex  1.134206e+05  5.799802e+03  2.953593e+03
      vertex  1.131328e+05  5.881675e+03  2.948118e+03
      vertex  1.134437e+05  5.855146e+03  3.204699e+03
    endloop
  endfacet
  facet normal  2.701941e-01  9.347277e-01 -2.308228e-01
    outer loop
      vertex  1.134437e+05  5.855146e+03  3.204699e+03
      vertex  1.131328e+05  5.881675e+03  2.948118e+03
      vertex  1.131521e+05  5.930980e+03  3.170471e+03
    endloop
  endfacet
  facet normal  2.697525e-01  9.369646e-01 -2.221053e-01
    outer loop
      vertex  1.134437e+05  5.855146e+03  3.204699e+03
      vertex  1.131521e+05  5.930980e+03  3.170471e+03
      vertex  1.134591e+05  5.890543e+03  3.372751e+03
    endloop
  endfacet
  facet normal  2.672904e-01  9.386243e-01 -2.180367e-01
    outer loop
      vertex  1.134591e+05  5.890543e+03  3.372751e+03
      vertex  1.131521e+05  5.930980e+03  3.170471e+03
      vertex  1.131909e+05  6.023833e+03  3.617713e+03
    endloop
  endfacet
  facet normal  2.683434e-01  9.385948e-01 -2.168676e-01
    outer loop
      vertex  1.134591e+05  5.890543e+03  3.372751e+03
      vertex  1.131909e+05  6.023833e+03  3.617713e+03
      vertex  1.134900e+05  5.959648e+03  3.710000e+03
    endloop
  endfacet
  facet normal  2.683990e-01  9.385262e-01 -2.170955e-01
    outer loop
      vertex  1.134900e+05  5.959648e+03  3.710000e+03
      vertex  1.131909e+05  6.023833e+03  3.617713e+03
      vertex  1.135250e+05  6.038340e+03  4.093428e+03
    endloop
  endfacet
  facet normal  2.633871e-01  9.407358e-01 -2.136434e-01
    outer loop
      vertex  1.135250e+05  6.038340e+03  4.093428e+03
      vertex  1.131909e+05  6.023833e+03  3.617713e+03
      vertex  1.132297e+05  6.114990e+03  4.066897e+03
    endloop
  endfacet
  facet normal  2.636282e-01  9.386419e-01 -2.223771e-01
    outer loop
      vertex  1.135250e+05  6.038340e+03  4.093428e+03
      vertex  1.132297e+05  6.114990e+03  4.066897e+03
      vertex  1.135424e+05  6.078872e+03  4.285238e+03
    endloop
  endfacet
  facet normal  2.608843e-01  9.403974e-01 -2.181560e-01
    outer loop
      vertex  1.135424e+05  6.078872e+03  4.285238e+03
      vertex  1.132297e+05  6.114990e+03  4.066897e+03
      vertex  1.132491e+05  6.161759e+03  4.291680e+03
    endloop
  endfacet
  facet normal  2.598913e-01  9.378135e-01 -2.301354e-01
    outer loop
      vertex  1.135424e+05  6.078872e+03  4.285238e+03
      vertex  1.132491e+05  6.161759e+03  4.291680e+03
      vertex  1.135687e+05  6.142144e+03  4.572701e+03
    endloop
  endfacet
  facet normal  2.567226e-01  9.395921e-01 -2.264073e-01
    outer loop
      vertex  1.135687e+05  6.142144e+03  4.572701e+03
      vertex  1.132491e+05  6.161759e+03  4.291680e+03
      vertex  1.132781e+05  6.234978e+03  4.628512e+03
    endloop
  endfacet
  facet normal  2.532136e-01  9.370522e-01 -2.404498e-01
    outer loop
      vertex  1.135687e+05  6.142144e+03  4.572701e+03
      vertex  1.132781e+05  6.234978e+03  4.628512e+03
      vertex  1.135884e+05  6.192042e+03  4.787875e+03
    endloop
  endfacet
  facet normal  2.225216e-01  8.540500e-01 -4.701943e-01
    outer loop
      vertex  1.088778e+05  6.422358e+03  1.256297e+03
      vertex  1.088779e+05  6.478267e+03  1.357863e+03
      vertex  1.094185e+05  6.282245e+03  1.257689e+03
    endloop
  endfacet
  facet normal  2.248927e-01  8.571271e-01 -4.634181e-01
    outer loop
      vertex  1.094185e+05  6.282245e+03  1.257689e+03
      vertex  1.088779e+05  6.478267e+03  1.357863e+03
      vertex  1.094213e+05  6.385870e+03  1.450677e+03
    endloop
  endfacet
  facet normal  2.300976e-01  8.560249e-01 -4.629000e-01
    outer loop
      vertex  1.094185e+05  6.282245e+03  1.257689e+03
      vertex  1.094213e+05  6.385870e+03  1.450677e+03
      vertex  1.099606e+05  6.137284e+03  1.259081e+03
    endloop
  endfacet
  facet normal  2.222175e-01  8.501144e-01 -4.774146e-01
    outer loop
      vertex  1.099606e+05  6.137284e+03  1.259081e+03
      vertex  1.094213e+05  6.385870e+03  1.450677e+03
      vertex  1.099633e+05  6.190982e+03  1.355949e+03
    endloop
  endfacet
  facet normal  2.288302e-01  8.743788e-01 -4.279000e-01
    outer loop
      vertex  1.088779e+05  6.582300e+03  1.564294e+03
      vertex  1.094240e+05  6.479946e+03  1.647170e+03
      vertex  1.088779e+05  6.531542e+03  1.460556e+03
    endloop
  endfacet
  facet normal  2.274415e-01  8.770778e-01 -4.230897e-01
    outer loop
      vertex  1.088779e+05  6.531542e+03  1.460556e+03
      vertex  1.094240e+05  6.479946e+03  1.647170e+03
      vertex  1.094213e+05  6.385870e+03  1.450677e+03
    endloop
  endfacet
  facet normal  2.237683e-01  8.651248e-01 -4.488730e-01
    outer loop
      vertex  1.088779e+05  6.531542e+03  1.460556e+03
      vertex  1.094213e+05  6.385870e+03  1.450677e+03
      vertex  1.088779e+05  6.478267e+03  1.357863e+03
    endloop
  endfacet
  facet normal  2.344768e-01  9.064033e-01 -3.513599e-01
    outer loop
      vertex  1.094267e+05  6.565386e+03  1.846715e+03
      vertex  1.088780e+05  6.720630e+03  1.881021e+03
      vertex  1.094295e+05  6.643053e+03  2.048899e+03
    endloop
  endfacet
  facet normal  2.342125e-01  9.068955e-01 -3.502644e-01
    outer loop
      vertex  1.094295e+05  6.643053e+03  2.048899e+03
      vertex  1.088780e+05  6.720630e+03  1.881021e+03
      vertex  1.088781e+05  6.778262e+03  2.030266e+03
    endloop
  endfacet
  facet normal  2.355529e-01  9.158014e-01 -3.253039e-01
    outer loop
      vertex  1.094295e+05  6.643053e+03  2.048899e+03
      vertex  1.088781e+05  6.778262e+03  2.030266e+03
      vertex  1.094313e+05  6.690917e+03  2.184965e+03
    endloop
  endfacet
  facet normal  2.360615e-01  9.148248e-01 -3.276743e-01
    outer loop
      vertex  1.094313e+05  6.690917e+03  2.184965e+03
      vertex  1.088781e+05  6.778262e+03  2.030266e+03
      vertex  1.088781e+05  6.832173e+03  2.180808e+03
    endloop
  endfacet
  facet normal  2.376966e-01  9.218647e-01 -3.060484e-01
    outer loop
      vertex  1.094313e+05  6.690917e+03  2.184965e+03
      vertex  1.088781e+05  6.832173e+03  2.180808e+03
      vertex  1.094331e+05  6.735919e+03  2.321932e+03
    endloop
  endfacet
  facet normal  2.375219e-01  9.222172e-01 -3.051209e-01
    outer loop
      vertex  1.094331e+05  6.735919e+03  2.321932e+03
      vertex  1.088781e+05  6.832173e+03  2.180808e+03
      vertex  1.088781e+05  6.890266e+03  2.356429e+03
    endloop
  endfacet
  facet normal  2.410432e-01  9.292560e-01 -2.799671e-01
    outer loop
      vertex  1.094331e+05  6.735919e+03  2.321932e+03
      vertex  1.088781e+05  6.890266e+03  2.356429e+03
      vertex  1.094367e+05  6.818207e+03  2.598184e+03
    endloop
  endfacet
  facet normal  2.420697e-01  9.281726e-01 -2.826619e-01
    outer loop
      vertex  1.094367e+05  6.818207e+03  2.598184e+03
      vertex  1.088781e+05  6.890266e+03  2.356429e+03
      vertex  1.088782e+05  6.944135e+03  2.533358e+03
    endloop
  endfacet
  facet normal  2.411512e-01  9.341132e-01 -2.632083e-01
    outer loop
      vertex  1.094367e+05  6.818207e+03  2.598184e+03
      vertex  1.088782e+05  6.944135e+03  2.533358e+03
      vertex  1.088782e+05  6.990875e+03  2.699273e+03
    endloop
  endfacet
  facet normal  2.444645e-01  9.369455e-01 -2.497404e-01
    outer loop
      vertex  1.094367e+05  6.818207e+03  2.598184e+03
      vertex  1.088782e+05  6.990875e+03  2.699273e+03
      vertex  1.094404e+05  6.891562e+03  2.876954e+03
    endloop
  endfacet
  facet normal  2.434825e-01  9.382091e-01 -2.459270e-01
    outer loop
      vertex  1.094404e+05  6.891562e+03  2.876954e+03
      vertex  1.088782e+05  6.990875e+03  2.699273e+03
      vertex  1.088783e+05  7.034568e+03  2.866005e+03
    endloop
  endfacet
  facet normal  2.442610e-01  9.426962e-01 -2.272895e-01
    outer loop
      vertex  1.094404e+05  6.891562e+03  2.876954e+03
      vertex  1.088783e+05  7.034568e+03  2.866005e+03
      vertex  1.094432e+05  6.942849e+03  3.092674e+03
    endloop
  endfacet
  facet normal  2.446633e-01  9.423118e-01 -2.284476e-01
    outer loop
      vertex  1.094432e+05  6.942849e+03  3.092674e+03
      vertex  1.088783e+05  7.034568e+03  2.866005e+03
      vertex  1.088783e+05  7.085444e+03  3.075913e+03
    endloop
  endfacet
  facet normal  2.451453e-01  9.462997e-01 -2.107621e-01
    outer loop
      vertex  1.094432e+05  6.942849e+03  3.092674e+03
      vertex  1.088783e+05  7.085444e+03  3.075913e+03
      vertex  1.094460e+05  6.990368e+03  3.309284e+03
    endloop
  endfacet
  facet normal  2.453167e-01  9.461485e-01 -2.112408e-01
    outer loop
      vertex  1.094460e+05  6.990368e+03  3.309284e+03
      vertex  1.088783e+05  7.085444e+03  3.075913e+03
      vertex  1.088784e+05  7.132485e+03  3.286674e+03
    endloop
  endfacet
  facet normal  2.455076e-01  9.492096e-01 -1.967920e-01
    outer loop
      vertex  1.094460e+05  6.990368e+03  3.309284e+03
      vertex  1.088784e+05  7.132485e+03  3.286674e+03
      vertex  1.094488e+05  7.034696e+03  3.526577e+03
    endloop
  endfacet
  facet normal  2.452983e-01  9.493813e-01 -1.962244e-01
    outer loop
      vertex  1.094488e+05  7.034696e+03  3.526577e+03
      vertex  1.088784e+05  7.132485e+03  3.286674e+03
      vertex  1.088784e+05  7.176170e+03  3.498091e+03
    endloop
  endfacet
  facet normal  2.452965e-01  9.515959e-01 -1.851888e-01
    outer loop
      vertex  1.094488e+05  7.034696e+03  3.526577e+03
      vertex  1.088784e+05  7.176170e+03  3.498091e+03
      vertex  1.094516e+05  7.076360e+03  3.744371e+03
    endloop
  endfacet
  facet normal  2.445723e-01  9.521521e-01 -1.832781e-01
    outer loop
      vertex  1.094516e+05  7.076360e+03  3.744371e+03
      vertex  1.088784e+05  7.176170e+03  3.498091e+03
      vertex  1.088785e+05  7.216946e+03  3.710000e+03
    endloop
  endfacet
  facet normal  2.444205e-01  9.542990e-01 -1.719654e-01
    outer loop
      vertex  1.094516e+05  7.076360e+03  3.744371e+03
      vertex  1.088785e+05  7.216946e+03  3.710000e+03
      vertex  1.088785e+05  7.256492e+03  3.929519e+03
    endloop
  endfacet
  facet normal  2.444363e-01  9.543030e-01 -1.719203e-01
    outer loop
      vertex  1.094516e+05  7.076360e+03  3.744371e+03
      vertex  1.088785e+05  7.256492e+03  3.929519e+03
      vertex  1.094571e+05  7.153565e+03  4.180866e+03
    endloop
  endfacet
  facet normal  2.407688e-01  9.568968e-01 -1.624153e-01
    outer loop
      vertex  1.094571e+05  7.153565e+03  4.180866e+03
      vertex  1.088785e+05  7.256492e+03  3.929519e+03
      vertex  1.088786e+05  7.293780e+03  4.149292e+03
    endloop
  endfacet
  facet normal  2.407598e-01  9.570190e-01 -1.617072e-01
    outer loop
      vertex  1.094571e+05  7.153565e+03  4.180866e+03
      vertex  1.088786e+05  7.293780e+03  4.149292e+03
      vertex  1.094607e+05  7.199559e+03  4.458348e+03
    endloop
  endfacet
  facet normal  2.356740e-01  9.599948e-01 -1.512209e-01
    outer loop
      vertex  1.094607e+05  7.199559e+03  4.458348e+03
      vertex  1.088786e+05  7.293780e+03  4.149292e+03
      vertex  1.088787e+05  7.363057e+03  4.589240e+03
    endloop
  endfacet
  facet normal  2.342711e-01  9.594471e-01 -1.567748e-01
    outer loop
      vertex  1.094607e+05  7.199559e+03  4.458348e+03
      vertex  1.088787e+05  7.363057e+03  4.589240e+03
      vertex  1.094643e+05  7.244033e+03  4.735837e+03
    endloop
  endfacet
  facet normal  2.311893e-01  9.624913e-01 -1.419931e-01
    outer loop
      vertex  1.088787e+05  7.363057e+03  4.589240e+03
      vertex  1.088788e+05  7.406327e+03  4.882645e+03
      vertex  1.094643e+05  7.244033e+03  4.735837e+03
    endloop
  endfacet
  facet normal  2.280354e-01  9.614835e-01 -1.534570e-01
    outer loop
      vertex  1.094643e+05  7.244033e+03  4.735837e+03
      vertex  1.088788e+05  7.406327e+03  4.882645e+03
      vertex  1.094691e+05  7.303178e+03  5.113584e+03
    endloop
  endfacet
  facet normal  2.384754e-01  9.589887e-01 -1.531998e-01
    outer loop
      vertex  1.094643e+05  7.244033e+03  4.735837e+03
      vertex  1.094691e+05  7.303178e+03  5.113584e+03
      vertex  1.100476e+05  7.083129e+03  4.636710e+03
    endloop
  endfacet
  facet normal  2.262823e-01  9.594303e-01 -1.681961e-01
    outer loop
      vertex  1.100476e+05  7.083129e+03  4.636710e+03
      vertex  1.094691e+05  7.303178e+03  5.113584e+03
      vertex  1.100586e+05  7.157378e+03  5.075053e+03
    endloop
  endfacet
  facet normal  2.227892e-01  9.656876e-01 -1.334628e-01
    outer loop
      vertex  1.088788e+05  7.447986e+03  5.176049e+03
      vertex  1.088789e+05  7.488518e+03  5.469439e+03
      vertex  1.094691e+05  7.303178e+03  5.113584e+03
    endloop
  endfacet
  facet normal  2.113344e-01  9.654680e-01 -1.523462e-01
    outer loop
      vertex  1.094691e+05  7.303178e+03  5.113584e+03
      vertex  1.088789e+05  7.488518e+03  5.469439e+03
      vertex  1.094739e+05  7.361667e+03  5.490958e+03
    endloop
  endfacet
  facet normal  2.279148e-01  9.617465e-01 -1.519819e-01
    outer loop
      vertex  1.094691e+05  7.303178e+03  5.113584e+03
      vertex  1.094739e+05  7.361667e+03  5.490958e+03
      vertex  1.100586e+05  7.157378e+03  5.075053e+03
    endloop
  endfacet
  facet normal  2.147750e-01  9.616798e-01 -1.704222e-01
    outer loop
      vertex  1.100586e+05  7.157378e+03  5.075053e+03
      vertex  1.094739e+05  7.361667e+03  5.490958e+03
      vertex  1.100696e+05  7.232437e+03  5.512476e+03
    endloop
  endfacet
  facet normal  2.283511e-01  9.585807e-01 -1.702320e-01
    outer loop
      vertex  1.100586e+05  7.157378e+03  5.075053e+03
      vertex  1.100696e+05  7.232437e+03  5.512476e+03
      vertex  1.106540e+05  7.038683e+03  5.205257e+03
    endloop
  endfacet
  facet normal  2.177607e-01  9.574028e-01 -1.896317e-01
    outer loop
      vertex  1.106540e+05  7.038683e+03  5.205257e+03
      vertex  1.100696e+05  7.232437e+03  5.512476e+03
      vertex  1.106662e+05  7.101007e+03  5.533995e+03
    endloop
  endfacet
  facet normal  2.332729e-01  9.537640e-01 -1.895203e-01
    outer loop
      vertex  1.106540e+05  7.038683e+03  5.205257e+03
      vertex  1.106662e+05  7.101007e+03  5.533995e+03
      vertex  1.112423e+05  6.877042e+03  5.115911e+03
    endloop
  endfacet
  facet normal  2.202912e-01  9.531950e-01 -2.071017e-01
    outer loop
      vertex  1.112423e+05  6.877042e+03  5.115911e+03
      vertex  1.106662e+05  7.101007e+03  5.533995e+03
      vertex  1.112638e+05  6.967574e+03  5.555513e+03
    endloop
  endfacet
  facet normal  2.319640e-01  9.504215e-01 -2.071029e-01
    outer loop
      vertex  1.112423e+05  6.877042e+03  5.115911e+03
      vertex  1.112638e+05  6.967574e+03  5.555513e+03
      vertex  1.118470e+05  6.773853e+03  5.319688e+03
    endloop
  endfacet
  facet normal  2.334527e-01  8.749759e-01 -4.241665e-01
    outer loop
      vertex  1.099660e+05  6.241991e+03  1.453694e+03
      vertex  1.094213e+05  6.385870e+03  1.450677e+03
      vertex  1.099714e+05  6.336499e+03  1.651603e+03
    endloop
  endfacet
  facet normal  2.329568e-01  8.758709e-01 -4.225887e-01
    outer loop
      vertex  1.099714e+05  6.336499e+03  1.651603e+03
      vertex  1.094213e+05  6.385870e+03  1.450677e+03
      vertex  1.094240e+05  6.479946e+03  1.647170e+03
    endloop
  endfacet
  facet normal  2.368316e-01  8.918034e-01 -3.854834e-01
    outer loop
      vertex  1.099714e+05  6.336499e+03  1.651603e+03
      vertex  1.094240e+05  6.479946e+03  1.647170e+03
      vertex  1.099768e+05  6.421872e+03  1.852410e+03
    endloop
  endfacet
  facet normal  2.367272e-01  8.919735e-01 -3.851540e-01
    outer loop
      vertex  1.099768e+05  6.421872e+03  1.852410e+03
      vertex  1.094240e+05  6.479946e+03  1.647170e+03
      vertex  1.094267e+05  6.565386e+03  1.846715e+03
    endloop
  endfacet
  facet normal  2.398712e-01  9.054068e-01 -3.502859e-01
    outer loop
      vertex  1.099768e+05  6.421872e+03  1.852410e+03
      vertex  1.094267e+05  6.565386e+03  1.846715e+03
      vertex  1.099821e+05  6.499114e+03  2.055743e+03
    endloop
  endfacet
  facet normal  2.400790e-01  9.051003e-01 -3.509351e-01
    outer loop
      vertex  1.099821e+05  6.499114e+03  2.055743e+03
      vertex  1.094267e+05  6.565386e+03  1.846715e+03
      vertex  1.094295e+05  6.643053e+03  2.048899e+03
    endloop
  endfacet
  facet normal  2.422321e-01  9.146678e-01 -3.235839e-01
    outer loop
      vertex  1.099821e+05  6.499114e+03  2.055743e+03
      vertex  1.094295e+05  6.643053e+03  2.048899e+03
      vertex  1.099857e+05  6.546559e+03  2.192533e+03
    endloop
  endfacet
  facet normal  2.424649e-01  9.141673e-01 -3.248216e-01
    outer loop
      vertex  1.099857e+05  6.546559e+03  2.192533e+03
      vertex  1.094295e+05  6.643053e+03  2.048899e+03
      vertex  1.094313e+05  6.690917e+03  2.184965e+03
    endloop
  endfacet
  facet normal  2.439296e-01  9.208787e-01 -3.041063e-01
    outer loop
      vertex  1.099857e+05  6.546559e+03  2.192533e+03
      vertex  1.094313e+05  6.690917e+03  2.184965e+03
      vertex  1.099893e+05  6.591073e+03  2.330199e+03
    endloop
  endfacet
  facet normal  2.442203e-01  9.203001e-01 -3.056211e-01
    outer loop
      vertex  1.099893e+05  6.591073e+03  2.330199e+03
      vertex  1.094313e+05  6.690917e+03  2.184965e+03
      vertex  1.094331e+05  6.735919e+03  2.321932e+03
    endloop
  endfacet
  facet normal  2.459573e-01  9.285431e-01 -2.780513e-01
    outer loop
      vertex  1.099893e+05  6.591073e+03  2.330199e+03
      vertex  1.094331e+05  6.735919e+03  2.321932e+03
      vertex  1.099964e+05  6.672304e+03  2.607804e+03
    endloop
  endfacet
  facet normal  2.466833e-01  9.278762e-01 -2.796302e-01
    outer loop
      vertex  1.099964e+05  6.672304e+03  2.607804e+03
      vertex  1.094331e+05  6.735919e+03  2.321932e+03
      vertex  1.094367e+05  6.818207e+03  2.598184e+03
    endloop
  endfacet
  facet normal  2.483434e-01  9.363115e-01 -2.482865e-01
    outer loop
      vertex  1.099964e+05  6.672304e+03  2.607804e+03
      vertex  1.094367e+05  6.818207e+03  2.598184e+03
      vertex  1.100036e+05  6.744681e+03  2.887902e+03
    endloop
  endfacet
  facet normal  2.489057e-01  9.358377e-01 -2.495069e-01
    outer loop
      vertex  1.100036e+05  6.744681e+03  2.887902e+03
      vertex  1.094367e+05  6.818207e+03  2.598184e+03
      vertex  1.094404e+05  6.891562e+03  2.876954e+03
    endloop
  endfacet
  facet normal  2.499066e-01  9.413840e-01 -2.265897e-01
    outer loop
      vertex  1.100036e+05  6.744681e+03  2.887902e+03
      vertex  1.094404e+05  6.891562e+03  2.876954e+03
      vertex  1.100091e+05  6.795390e+03  3.104642e+03
    endloop
  endfacet
  facet normal  2.500543e-01  9.412414e-01 -2.270187e-01
    outer loop
      vertex  1.100091e+05  6.795390e+03  3.104642e+03
      vertex  1.094404e+05  6.891562e+03  2.876954e+03
      vertex  1.094432e+05  6.942849e+03  3.092674e+03
    endloop
  endfacet
  facet normal  2.506393e-01  9.447760e-01 -2.111357e-01
    outer loop
      vertex  1.100091e+05  6.795390e+03  3.104642e+03
      vertex  1.094432e+05  6.942849e+03  3.092674e+03
      vertex  1.100146e+05  6.842565e+03  3.322278e+03
    endloop
  endfacet
  facet normal  2.504320e-01  9.449644e-01 -2.105374e-01
    outer loop
      vertex  1.100146e+05  6.842565e+03  3.322278e+03
      vertex  1.094432e+05  6.942849e+03  3.092674e+03
      vertex  1.094460e+05  6.990368e+03  3.309284e+03
    endloop
  endfacet
  facet normal  2.508078e-01  9.474691e-01 -1.984886e-01
    outer loop
      vertex  1.100146e+05  6.842565e+03  3.322278e+03
      vertex  1.094460e+05  6.990368e+03  3.309284e+03
      vertex  1.100201e+05  6.886846e+03  3.540598e+03
    endloop
  endfacet
  facet normal  2.501532e-01  9.480333e-01 -1.966116e-01
    outer loop
      vertex  1.100201e+05  6.886846e+03  3.540598e+03
      vertex  1.094460e+05  6.990368e+03  3.309284e+03
      vertex  1.094488e+05  7.034696e+03  3.526577e+03
    endloop
  endfacet
  facet normal  2.503678e-01  9.496396e-01 -1.884160e-01
    outer loop
      vertex  1.100201e+05  6.886846e+03  3.540598e+03
      vertex  1.094488e+05  7.034696e+03  3.526577e+03
      vertex  1.100256e+05  6.928812e+03  3.759417e+03
    endloop
  endfacet
  facet normal  2.491877e-01  9.506113e-01 -1.850504e-01
    outer loop
      vertex  1.100256e+05  6.928812e+03  3.759417e+03
      vertex  1.094488e+05  7.034696e+03  3.526577e+03
      vertex  1.094516e+05  7.076360e+03  3.744371e+03
    endloop
  endfacet
  facet normal  2.493426e-01  9.519535e-01 -1.777999e-01
    outer loop
      vertex  1.100256e+05  6.928812e+03  3.759417e+03
      vertex  1.094516e+05  7.076360e+03  3.744371e+03
      vertex  1.100366e+05  7.007828e+03  4.197915e+03
    endloop
  endfacet
  facet normal  2.450281e-01  9.541547e-01 -1.719016e-01
    outer loop
      vertex  1.100366e+05  7.007828e+03  4.197915e+03
      vertex  1.094516e+05  7.076360e+03  3.744371e+03
      vertex  1.094571e+05  7.153565e+03  4.180866e+03
    endloop
  endfacet
  facet normal  2.450568e-01  9.544982e-01 -1.699427e-01
    outer loop
      vertex  1.100366e+05  7.007828e+03  4.197915e+03
      vertex  1.094571e+05  7.153565e+03  4.180866e+03
      vertex  1.100476e+05  7.083129e+03  4.636710e+03
    endloop
  endfacet
  facet normal  2.390850e-01  9.574309e-01 -1.617541e-01
    outer loop
      vertex  1.100476e+05  7.083129e+03  4.636710e+03
      vertex  1.094571e+05  7.153565e+03  4.180866e+03
      vertex  1.094607e+05  7.199559e+03  4.458348e+03
    endloop
  endfacet
  facet normal  2.377760e-01  9.585994e-01 -1.566838e-01
    outer loop
      vertex  1.100476e+05  7.083129e+03  4.636710e+03
      vertex  1.094607e+05  7.199559e+03  4.458348e+03
      vertex  1.094643e+05  7.244033e+03  4.735837e+03
    endloop
  endfacet
  facet normal  2.335595e-01  8.455218e-01 -4.801489e-01
    outer loop
      vertex  1.105045e+05  5.987846e+03  1.260473e+03
      vertex  1.099606e+05  6.137284e+03  1.259081e+03
      vertex  1.105085e+05  6.042232e+03  1.358183e+03
    endloop
  endfacet
  facet normal  2.332626e-01  8.477237e-01 -4.763958e-01
    outer loop
      vertex  1.105085e+05  6.042232e+03  1.358183e+03
      vertex  1.099606e+05  6.137284e+03  1.259081e+03
      vertex  1.099633e+05  6.190982e+03  1.355949e+03
    endloop
  endfacet
  facet normal  2.357848e-01  8.572474e-01 -4.577471e-01
    outer loop
      vertex  1.105085e+05  6.042232e+03  1.358183e+03
      vertex  1.099633e+05  6.190982e+03  1.355949e+03
      vertex  1.105125e+05  6.093748e+03  1.456711e+03
    endloop
  endfacet
  facet normal  2.355268e-01  8.589288e-01 -4.547181e-01
    outer loop
      vertex  1.105125e+05  6.093748e+03  1.456711e+03
      vertex  1.099633e+05  6.190982e+03  1.355949e+03
      vertex  1.099660e+05  6.241991e+03  1.453694e+03
    endloop
  endfacet
  facet normal  2.391008e-01  8.726932e-01 -4.257201e-01
    outer loop
      vertex  1.105125e+05  6.093748e+03  1.456711e+03
      vertex  1.099660e+05  6.241991e+03  1.453694e+03
      vertex  1.105204e+05  6.188798e+03  1.656037e+03
    endloop
  endfacet
  facet normal  2.384899e-01  8.738182e-01 -4.237504e-01
    outer loop
      vertex  1.105204e+05  6.188798e+03  1.656037e+03
      vertex  1.099660e+05  6.241991e+03  1.453694e+03
      vertex  1.099714e+05  6.336499e+03  1.651603e+03
    endloop
  endfacet
  facet normal  2.425667e-01  8.901111e-01 -3.858283e-01
    outer loop
      vertex  1.105204e+05  6.188798e+03  1.656037e+03
      vertex  1.099714e+05  6.336499e+03  1.651603e+03
      vertex  1.105284e+05  6.274217e+03  1.858104e+03
    endloop
  endfacet
  facet normal  2.423315e-01  8.905007e-01 -3.850766e-01
    outer loop
      vertex  1.105284e+05  6.274217e+03  1.858104e+03
      vertex  1.099714e+05  6.336499e+03  1.651603e+03
      vertex  1.099768e+05  6.421872e+03  1.852410e+03
    endloop
  endfacet
  facet normal  2.456046e-01  9.040929e-01 -3.497061e-01
    outer loop
      vertex  1.105284e+05  6.274217e+03  1.858104e+03
      vertex  1.099768e+05  6.421872e+03  1.852410e+03
      vertex  1.105364e+05  6.351147e+03  2.062588e+03
    endloop
  endfacet
  facet normal  2.456672e-01  9.039992e-01 -3.499044e-01
    outer loop
      vertex  1.105364e+05  6.351147e+03  2.062588e+03
      vertex  1.099768e+05  6.421872e+03  1.852410e+03
      vertex  1.099821e+05  6.499114e+03  2.055743e+03
    endloop
  endfacet
  facet normal  2.478771e-01  9.135451e-01 -3.224781e-01
    outer loop
      vertex  1.105364e+05  6.351147e+03  2.062588e+03
      vertex  1.099821e+05  6.499114e+03  2.055743e+03
      vertex  1.105417e+05  6.398247e+03  2.200101e+03
    endloop
  endfacet
  facet normal  2.480181e-01  9.132378e-01 -3.232394e-01
    outer loop
      vertex  1.105417e+05  6.398247e+03  2.200101e+03
      vertex  1.099821e+05  6.499114e+03  2.055743e+03
      vertex  1.099857e+05  6.546559e+03  2.192533e+03
    endloop
  endfacet
  facet normal  2.494980e-01  9.198306e-01 -3.027581e-01
    outer loop
      vertex  1.105417e+05  6.398247e+03  2.200101e+03
      vertex  1.099857e+05  6.546559e+03  2.192533e+03
      vertex  1.105470e+05  6.442348e+03  2.338465e+03
    endloop
  endfacet
  facet normal  2.496932e-01  9.194372e-01 -3.037900e-01
    outer loop
      vertex  1.105470e+05  6.442348e+03  2.338465e+03
      vertex  1.099857e+05  6.546559e+03  2.192533e+03
      vertex  1.099893e+05  6.591073e+03  2.330199e+03
    endloop
  endfacet
  facet normal  2.514400e-01  9.274969e-01 -2.766361e-01
    outer loop
      vertex  1.105470e+05  6.442348e+03  2.338465e+03
      vertex  1.099893e+05  6.591073e+03  2.330199e+03
      vertex  1.105576e+05  6.522672e+03  2.617424e+03
    endloop
  endfacet
  facet normal  2.519513e-01  9.270218e-01 -2.777609e-01
    outer loop
      vertex  1.105576e+05  6.522672e+03  2.617424e+03
      vertex  1.099893e+05  6.591073e+03  2.330199e+03
      vertex  1.099964e+05  6.672304e+03  2.607804e+03
    endloop
  endfacet
  facet normal  2.535988e-01  9.351571e-01 -2.473236e-01
    outer loop
      vertex  1.105576e+05  6.522672e+03  2.617424e+03
      vertex  1.099964e+05  6.672304e+03  2.607804e+03
      vertex  1.105682e+05  6.594221e+03  2.898851e+03
    endloop
  endfacet
  facet normal  2.539333e-01  9.348719e-01 -2.480573e-01
    outer loop
      vertex  1.105682e+05  6.594221e+03  2.898851e+03
      vertex  1.099964e+05  6.672304e+03  2.607804e+03
      vertex  1.100036e+05  6.744681e+03  2.887902e+03
    endloop
  endfacet
  facet normal  2.549545e-01  9.403690e-01 -2.251761e-01
    outer loop
      vertex  1.105682e+05  6.594221e+03  2.898851e+03
      vertex  1.100036e+05  6.744681e+03  2.887902e+03
      vertex  1.105778e+05  6.652627e+03  3.153573e+03
    endloop
  endfacet
  facet normal  2.554492e-01  9.399424e-01 -2.263931e-01
    outer loop
      vertex  1.105778e+05  6.652627e+03  3.153573e+03
      vertex  1.100036e+05  6.744681e+03  2.887902e+03
      vertex  1.100091e+05  6.795390e+03  3.104642e+03
    endloop
  endfacet
  facet normal  2.549916e-01  9.440950e-01 -2.089591e-01
    outer loop
      vertex  1.105778e+05  6.652627e+03  3.153573e+03
      vertex  1.100091e+05  6.795390e+03  3.104642e+03
      vertex  1.105873e+05  6.706688e+03  3.409476e+03
    endloop
  endfacet
  facet normal  2.559433e-01  9.433901e-01 -2.109694e-01
    outer loop
      vertex  1.105873e+05  6.706688e+03  3.409476e+03
      vertex  1.100091e+05  6.795390e+03  3.104642e+03
      vertex  1.100146e+05  6.842565e+03  3.322278e+03
    endloop
  endfacet
  facet normal  2.545797e-01  9.468532e-01 -1.966169e-01
    outer loop
      vertex  1.105873e+05  6.706688e+03  3.409476e+03
      vertex  1.100146e+05  6.842565e+03  3.322278e+03
      vertex  1.105973e+05  6.759661e+03  3.677477e+03
    endloop
  endfacet
  facet normal  2.555512e-01  9.462284e-01 -1.983565e-01
    outer loop
      vertex  1.105973e+05  6.759661e+03  3.677477e+03
      vertex  1.100146e+05  6.842565e+03  3.322278e+03
      vertex  1.100201e+05  6.886846e+03  3.540598e+03
    endloop
  endfacet
  facet normal  2.538584e-01  9.485918e-01 -1.890225e-01
    outer loop
      vertex  1.105973e+05  6.759661e+03  3.677477e+03
      vertex  1.100201e+05  6.886846e+03  3.540598e+03
      vertex  1.106039e+05  6.793554e+03  3.856493e+03
    endloop
  endfacet
  facet normal  2.535239e-01  9.488174e-01 -1.883376e-01
    outer loop
      vertex  1.106039e+05  6.793554e+03  3.856493e+03
      vertex  1.100201e+05  6.886846e+03  3.540598e+03
      vertex  1.100256e+05  6.928812e+03  3.759417e+03
    endloop
  endfacet
  facet normal  2.529498e-01  9.499485e-01 -1.833418e-01
    outer loop
      vertex  1.106039e+05  6.793554e+03  3.856493e+03
      vertex  1.100256e+05  6.928812e+03  3.759417e+03
      vertex  1.106172e+05  6.859203e+03  4.214963e+03
    endloop
  endfacet
  facet normal  2.489372e-01  9.520579e-01 -1.778085e-01
    outer loop
      vertex  1.106172e+05  6.859203e+03  4.214963e+03
      vertex  1.100256e+05  6.928812e+03  3.759417e+03
      vertex  1.100366e+05  7.007828e+03  4.197915e+03
    endloop
  endfacet
  facet normal  2.522335e-01  8.528488e-01 -4.571949e-01
    outer loop
      vertex  1.124483e+05  5.580181e+03  1.535110e+03
      vertex  1.124373e+05  5.510857e+03  1.399691e+03
      vertex  1.121649e+05  5.625838e+03  1.463937e+03
    endloop
  endfacet
  facet normal  2.478524e-01  8.483843e-01 -4.677750e-01
    outer loop
      vertex  1.121649e+05  5.625838e+03  1.463937e+03
      vertex  1.124373e+05  5.510857e+03  1.399691e+03
      vertex  1.121573e+05  5.572956e+03  1.363979e+03
    endloop
  endfacet
  facet normal  2.465259e-01  8.487266e-01 -4.678548e-01
    outer loop
      vertex  1.121649e+05  5.625838e+03  1.463937e+03
      vertex  1.121573e+05  5.572956e+03  1.363979e+03
      vertex  1.116113e+05  5.782355e+03  1.456142e+03
    endloop
  endfacet
  facet normal  2.475342e-01  8.500554e-01 -4.649007e-01
    outer loop
      vertex  1.116113e+05  5.782355e+03  1.456142e+03
      vertex  1.121573e+05  5.572956e+03  1.363979e+03
      vertex  1.116050e+05  5.731262e+03  1.359372e+03
    endloop
  endfacet
  facet normal  2.434909e-01  8.510725e-01 -4.651749e-01
    outer loop
      vertex  1.116113e+05  5.782355e+03  1.456142e+03
      vertex  1.116050e+05  5.731262e+03  1.359372e+03
      vertex  1.110603e+05  5.935692e+03  1.448286e+03
    endloop
  endfacet
  facet normal  2.444325e-01  8.523476e-01 -4.623380e-01
    outer loop
      vertex  1.110603e+05  5.935692e+03  1.448286e+03
      vertex  1.116050e+05  5.731262e+03  1.359372e+03
      vertex  1.110554e+05  5.886370e+03  1.354738e+03
    endloop
  endfacet
  facet normal  2.391463e-01  8.536310e-01 -4.627347e-01
    outer loop
      vertex  1.110603e+05  5.935692e+03  1.448286e+03
      vertex  1.110554e+05  5.886370e+03  1.354738e+03
      vertex  1.105125e+05  6.093748e+03  1.456711e+03
    endloop
  endfacet
  facet normal  2.410725e-01  8.560076e-01 -4.573128e-01
    outer loop
      vertex  1.105125e+05  6.093748e+03  1.456711e+03
      vertex  1.110554e+05  5.886370e+03  1.354738e+03
      vertex  1.105085e+05  6.042232e+03  1.358183e+03
    endloop
  endfacet
  facet normal  2.414887e-01  8.721217e-01 -4.255431e-01
    outer loop
      vertex  1.105125e+05  6.093748e+03  1.456711e+03
      vertex  1.105204e+05  6.188798e+03  1.656037e+03
      vertex  1.110659e+05  5.987971e+03  1.553995e+03
    endloop
  endfacet
  facet normal  2.441283e-01  8.752375e-01 -4.175654e-01
    outer loop
      vertex  1.110659e+05  5.987971e+03  1.553995e+03
      vertex  1.105204e+05  6.188798e+03  1.656037e+03
      vertex  1.110714e+05  6.037219e+03  1.660470e+03
    endloop
  endfacet
  facet normal  2.487855e-01  8.740674e-01 -4.172672e-01
    outer loop
      vertex  1.110659e+05  5.987971e+03  1.553995e+03
      vertex  1.110714e+05  6.037219e+03  1.660470e+03
      vertex  1.116180e+05  5.833775e+03  1.560182e+03
    endloop
  endfacet
  facet normal  2.481045e-01  8.732643e-01 -4.193493e-01
    outer loop
      vertex  1.116180e+05  5.833775e+03  1.560182e+03
      vertex  1.110714e+05  6.037219e+03  1.660470e+03
      vertex  1.116247e+05  5.882157e+03  1.664903e+03
    endloop
  endfacet
  facet normal  2.520296e-01  8.722449e-01 -4.191300e-01
    outer loop
      vertex  1.116180e+05  5.833775e+03  1.560182e+03
      vertex  1.116247e+05  5.882157e+03  1.664903e+03
      vertex  1.121727e+05  5.676452e+03  1.566335e+03
    endloop
  endfacet
  facet normal  2.512884e-01  8.713614e-01 -4.214064e-01
    outer loop
      vertex  1.121727e+05  5.676452e+03  1.566335e+03
      vertex  1.116247e+05  5.882157e+03  1.664903e+03
      vertex  1.121805e+05  5.724023e+03  1.669336e+03
    endloop
  endfacet
  facet normal  2.561998e-01  8.700450e-01 -4.211691e-01
    outer loop
      vertex  1.121727e+05  5.676452e+03  1.566335e+03
      vertex  1.121805e+05  5.724023e+03  1.669336e+03
      vertex  1.124483e+05  5.580181e+03  1.535110e+03
    endloop
  endfacet
  facet normal  2.527848e-01  8.685198e-01 -4.263485e-01
    outer loop
      vertex  1.124483e+05  5.580181e+03  1.535110e+03
      vertex  1.121805e+05  5.724023e+03  1.669336e+03
      vertex  1.124594e+05  5.643938e+03  1.671553e+03
    endloop
  endfacet
  facet normal  2.474979e-01  8.883904e-01 -3.866615e-01
    outer loop
      vertex  1.110714e+05  6.037219e+03  1.660470e+03
      vertex  1.105204e+05  6.188798e+03  1.656037e+03
      vertex  1.110820e+05  6.122786e+03  1.863799e+03
    endloop
  endfacet
  facet normal  2.471485e-01  8.889792e-01 -3.855303e-01
    outer loop
      vertex  1.110820e+05  6.122786e+03  1.863799e+03
      vertex  1.105204e+05  6.188798e+03  1.656037e+03
      vertex  1.105284e+05  6.274217e+03  1.858104e+03
    endloop
  endfacet
  facet normal  2.505516e-01  9.027700e-01 -3.496144e-01
    outer loop
      vertex  1.110820e+05  6.122786e+03  1.863799e+03
      vertex  1.105284e+05  6.274217e+03  1.858104e+03
      vertex  1.110925e+05  6.199505e+03  2.069433e+03
    endloop
  endfacet
  facet normal  2.504946e-01  9.028566e-01 -3.494316e-01
    outer loop
      vertex  1.110925e+05  6.199505e+03  2.069433e+03
      vertex  1.105284e+05  6.274217e+03  1.858104e+03
      vertex  1.105364e+05  6.351147e+03  2.062588e+03
    endloop
  endfacet
  facet normal  2.527628e-01  9.124187e-01 -3.218741e-01
    outer loop
      vertex  1.110925e+05  6.199505e+03  2.069433e+03
      vertex  1.105364e+05  6.351147e+03  2.062588e+03
      vertex  1.110995e+05  6.246330e+03  2.207669e+03
    endloop
  endfacet
  facet normal  2.528285e-01  9.122736e-01 -3.222339e-01
    outer loop
      vertex  1.110995e+05  6.246330e+03  2.207669e+03
      vertex  1.105364e+05  6.351147e+03  2.062588e+03
      vertex  1.105417e+05  6.398247e+03  2.200101e+03
    endloop
  endfacet
  facet normal  2.543266e-01  9.187865e-01 -3.019099e-01
    outer loop
      vertex  1.110995e+05  6.246330e+03  2.207669e+03
      vertex  1.105417e+05  6.398247e+03  2.200101e+03
      vertex  1.111065e+05  6.290085e+03  2.346732e+03
    endloop
  endfacet
  facet normal  2.544440e-01  9.185470e-01 -3.025389e-01
    outer loop
      vertex  1.111065e+05  6.290085e+03  2.346732e+03
      vertex  1.105417e+05  6.398247e+03  2.200101e+03
      vertex  1.105470e+05  6.442348e+03  2.338465e+03
    endloop
  endfacet
  facet normal  2.562012e-01  9.264589e-01 -2.757443e-01
    outer loop
      vertex  1.111065e+05  6.290085e+03  2.346732e+03
      vertex  1.105470e+05  6.442348e+03  2.338465e+03
      vertex  1.111205e+05  6.369640e+03  2.627044e+03
    endloop
  endfacet
  facet normal  2.565163e-01  9.261627e-01 -2.764451e-01
    outer loop
      vertex  1.111205e+05  6.369640e+03  2.627044e+03
      vertex  1.105470e+05  6.442348e+03  2.338465e+03
      vertex  1.105576e+05  6.522672e+03  2.617424e+03
    endloop
  endfacet
  facet normal  2.581508e-01  9.340354e-01 -2.468520e-01
    outer loop
      vertex  1.111205e+05  6.369640e+03  2.627044e+03
      vertex  1.105576e+05  6.522672e+03  2.617424e+03
      vertex  1.111345e+05  6.440496e+03  2.909799e+03
    endloop
  endfacet
  facet normal  2.583003e-01  9.339065e-01 -2.471832e-01
    outer loop
      vertex  1.111345e+05  6.440496e+03  2.909799e+03
      vertex  1.105576e+05  6.522672e+03  2.617424e+03
      vertex  1.105682e+05  6.594221e+03  2.898851e+03
    endloop
  endfacet
  facet normal  2.592345e-01  9.387961e-01 -2.268465e-01
    outer loop
      vertex  1.111345e+05  6.440496e+03  2.909799e+03
      vertex  1.105682e+05  6.594221e+03  2.898851e+03
      vertex  1.111453e+05  6.490384e+03  3.128580e+03
    endloop
  endfacet
  facet normal  2.586401e-01  9.393831e-01 -2.250881e-01
    outer loop
      vertex  1.111453e+05  6.490384e+03  3.128580e+03
      vertex  1.105682e+05  6.594221e+03  2.898851e+03
      vertex  1.105778e+05  6.652627e+03  3.153573e+03
    endloop
  endfacet
  facet normal  2.598324e-01  9.417634e-01 -2.134684e-01
    outer loop
      vertex  1.111453e+05  6.490384e+03  3.128580e+03
      vertex  1.105778e+05  6.652627e+03  3.153573e+03
      vertex  1.111561e+05  6.537208e+03  3.348264e+03
    endloop
  endfacet
  facet normal  2.585653e-01  9.431377e-01 -2.088902e-01
    outer loop
      vertex  1.111561e+05  6.537208e+03  3.348264e+03
      vertex  1.105778e+05  6.652627e+03  3.153573e+03
      vertex  1.105873e+05  6.706688e+03  3.409476e+03
    endloop
  endfacet
  facet normal  2.596442e-01  9.443148e-01 -2.021249e-01
    outer loop
      vertex  1.111561e+05  6.537208e+03  3.348264e+03
      vertex  1.105873e+05  6.706688e+03  3.409476e+03
      vertex  1.111704e+05  6.596178e+03  3.642218e+03
    endloop
  endfacet
  facet normal  2.577465e-01  9.460063e-01 -1.965673e-01
    outer loop
      vertex  1.111704e+05  6.596178e+03  3.642218e+03
      vertex  1.105873e+05  6.706688e+03  3.409476e+03
      vertex  1.105973e+05  6.759661e+03  3.677477e+03
    endloop
  endfacet
  facet normal  2.579396e-01  9.463109e-01 -1.948404e-01
    outer loop
      vertex  1.111704e+05  6.596178e+03  3.642218e+03
      vertex  1.105973e+05  6.759661e+03  3.677477e+03
      vertex  1.111800e+05  6.634010e+03  3.838640e+03
    endloop
  endfacet
  facet normal  2.566516e-01  9.478473e-01 -1.889853e-01
    outer loop
      vertex  1.111800e+05  6.634010e+03  3.838640e+03
      vertex  1.105973e+05  6.759661e+03  3.677477e+03
      vertex  1.106039e+05  6.793554e+03  3.856493e+03
    endloop
  endfacet
  facet normal  2.565231e-01  9.475622e-01 -1.905826e-01
    outer loop
      vertex  1.111800e+05  6.634010e+03  3.838640e+03
      vertex  1.106039e+05  6.793554e+03  3.856493e+03
      vertex  1.111992e+05  6.707942e+03  4.232011e+03
    endloop
  endfacet
  facet normal  2.523263e-01  9.501131e-01 -1.833489e-01
    outer loop
      vertex  1.111992e+05  6.707942e+03  4.232011e+03
      vertex  1.106039e+05  6.793554e+03  3.856493e+03
      vertex  1.106172e+05  6.859203e+03  4.214963e+03
    endloop
  endfacet
  facet normal  2.465839e-01  8.634759e-01 -4.400065e-01
    outer loop
      vertex  1.110603e+05  5.935692e+03  1.448286e+03
      vertex  1.110659e+05  5.987971e+03  1.553995e+03
      vertex  1.116113e+05  5.782355e+03  1.456142e+03
    endloop
  endfacet
  facet normal  2.458550e-01  8.625749e-01 -4.421763e-01
    outer loop
      vertex  1.116113e+05  5.782355e+03  1.456142e+03
      vertex  1.110659e+05  5.987971e+03  1.553995e+03
      vertex  1.116180e+05  5.833775e+03  1.560182e+03
    endloop
  endfacet
  facet normal  2.497914e-01  8.615682e-01 -4.419326e-01
    outer loop
      vertex  1.116113e+05  5.782355e+03  1.456142e+03
      vertex  1.116180e+05  5.833775e+03  1.560182e+03
      vertex  1.121649e+05  5.625838e+03  1.463937e+03
    endloop
  endfacet
  facet normal  2.490009e-01  8.605821e-01 -4.442939e-01
    outer loop
      vertex  1.121649e+05  5.625838e+03  1.463937e+03
      vertex  1.116180e+05  5.833775e+03  1.560182e+03
      vertex  1.121727e+05  5.676452e+03  1.566335e+03
    endloop
  endfacet
  facet normal  2.501738e-01  8.602743e-01 -4.442309e-01
    outer loop
      vertex  1.121649e+05  5.625838e+03  1.463937e+03
      vertex  1.121727e+05  5.676452e+03  1.566335e+03
      vertex  1.124483e+05  5.580181e+03  1.535110e+03
    endloop
  endfacet
  facet normal  2.516180e-01  8.867006e-01 -3.878796e-01
    outer loop
      vertex  1.116247e+05  5.882157e+03  1.664903e+03
      vertex  1.110714e+05  6.037219e+03  1.660470e+03
      vertex  1.116377e+05  5.967964e+03  1.869493e+03
    endloop
  endfacet
  facet normal  2.511832e-01  8.874458e-01 -3.864546e-01
    outer loop
      vertex  1.116377e+05  5.967964e+03  1.869493e+03
      vertex  1.110714e+05  6.037219e+03  1.660470e+03
      vertex  1.110820e+05  6.122786e+03  1.863799e+03
    endloop
  endfacet
  facet normal  2.547165e-01  9.014716e-01 -3.499547e-01
    outer loop
      vertex  1.116377e+05  5.967964e+03  1.869493e+03
      vertex  1.110820e+05  6.122786e+03  1.863799e+03
      vertex  1.116507e+05  6.044565e+03  2.076277e+03
    endloop
  endfacet
  facet normal  2.545541e-01  9.017219e-01 -3.494279e-01
    outer loop
      vertex  1.116507e+05  6.044565e+03  2.076277e+03
      vertex  1.110820e+05  6.122786e+03  1.863799e+03
      vertex  1.110925e+05  6.199505e+03  2.069433e+03
    endloop
  endfacet
  facet normal  2.568825e-01  9.113370e-01 -3.216774e-01
    outer loop
      vertex  1.116507e+05  6.044565e+03  2.076277e+03
      vertex  1.110925e+05  6.199505e+03  2.069433e+03
      vertex  1.116594e+05  6.091174e+03  2.215236e+03
    endloop
  endfacet
  facet normal  2.568887e-01  9.113230e-01 -3.217121e-01
    outer loop
      vertex  1.116594e+05  6.091174e+03  2.215236e+03
      vertex  1.110925e+05  6.199505e+03  2.069433e+03
      vertex  1.110995e+05  6.246330e+03  2.207669e+03
    endloop
  endfacet
  facet normal  2.584061e-01  9.177846e-01 -3.014929e-01
    outer loop
      vertex  1.116594e+05  6.091174e+03  2.215236e+03
      vertex  1.110995e+05  6.246330e+03  2.207669e+03
      vertex  1.116680e+05  6.134646e+03  2.354999e+03
    endloop
  endfacet
  facet normal  2.584570e-01  9.176791e-01 -3.017696e-01
    outer loop
      vertex  1.116680e+05  6.134646e+03  2.354999e+03
      vertex  1.110995e+05  6.246330e+03  2.207669e+03
      vertex  1.111065e+05  6.290085e+03  2.346732e+03
    endloop
  endfacet
  facet normal  2.602254e-01  9.254767e-01 -2.752737e-01
    outer loop
      vertex  1.116680e+05  6.134646e+03  2.354999e+03
      vertex  1.111065e+05  6.290085e+03  2.346732e+03
      vertex  1.116854e+05  6.213553e+03  2.636664e+03
    endloop
  endfacet
  facet normal  2.603847e-01  9.253253e-01 -2.756318e-01
    outer loop
      vertex  1.116854e+05  6.213553e+03  2.636664e+03
      vertex  1.111065e+05  6.290085e+03  2.346732e+03
      vertex  1.111205e+05  6.369640e+03  2.627044e+03
    endloop
  endfacet
  facet normal  2.620067e-01  9.329714e-01 -2.468134e-01
    outer loop
      vertex  1.116854e+05  6.213553e+03  2.636664e+03
      vertex  1.111205e+05  6.369640e+03  2.627044e+03
      vertex  1.117027e+05  6.283839e+03  2.920747e+03
    endloop
  endfacet
  facet normal  2.619914e-01  9.329847e-01 -2.467790e-01
    outer loop
      vertex  1.117027e+05  6.283839e+03  2.920747e+03
      vertex  1.111205e+05  6.369640e+03  2.627044e+03
      vertex  1.111345e+05  6.440496e+03  2.909799e+03
    endloop
  endfacet
  facet normal  2.629423e-01  9.378521e-01 -2.264835e-01
    outer loop
      vertex  1.117027e+05  6.283839e+03  2.920747e+03
      vertex  1.111345e+05  6.440496e+03  2.909799e+03
      vertex  1.117183e+05  6.341564e+03  3.177869e+03
    endloop
  endfacet
  facet normal  2.630666e-01  9.377421e-01 -2.267950e-01
    outer loop
      vertex  1.117183e+05  6.341564e+03  3.177869e+03
      vertex  1.111345e+05  6.440496e+03  2.909799e+03
      vertex  1.111453e+05  6.490384e+03  3.128580e+03
    endloop
  endfacet
  facet normal  2.627363e-01  9.411170e-01 -2.127642e-01
    outer loop
      vertex  1.117183e+05  6.341564e+03  3.177869e+03
      vertex  1.111453e+05  6.490384e+03  3.128580e+03
      vertex  1.117339e+05  6.395614e+03  3.436181e+03
    endloop
  endfacet
  facet normal  2.630493e-01  9.408770e-01 -2.134372e-01
    outer loop
      vertex  1.117339e+05  6.395614e+03  3.436181e+03
      vertex  1.111453e+05  6.490384e+03  3.128580e+03
      vertex  1.111561e+05  6.537208e+03  3.348264e+03
    endloop
  endfacet
  facet normal  2.621516e-01  9.432953e-01 -2.036430e-01
    outer loop
      vertex  1.117339e+05  6.395614e+03  3.436181e+03
      vertex  1.111561e+05  6.537208e+03  3.348264e+03
      vertex  1.117501e+05  6.449493e+03  3.706683e+03
    endloop
  endfacet
  facet normal  2.613123e-01  9.438568e-01 -2.021145e-01
    outer loop
      vertex  1.117501e+05  6.449493e+03  3.706683e+03
      vertex  1.111561e+05  6.537208e+03  3.348264e+03
      vertex  1.111704e+05  6.596178e+03  3.642218e+03
    endloop
  endfacet
  facet normal  2.609171e-01  9.454967e-01 -1.948289e-01
    outer loop
      vertex  1.117501e+05  6.449493e+03  3.706683e+03
      vertex  1.111704e+05  6.596178e+03  3.642218e+03
      vertex  1.111800e+05  6.634010e+03  3.838640e+03
    endloop
  endfacet
  facet normal  2.599835e-01  9.450463e-01 -1.982326e-01
    outer loop
      vertex  1.117501e+05  6.449493e+03  3.706683e+03
      vertex  1.111800e+05  6.634010e+03  3.838640e+03
      vertex  1.117826e+05  6.554316e+03  4.249060e+03
    endloop
  endfacet
  facet normal  2.551566e-01  9.479306e-01 -1.905853e-01
    outer loop
      vertex  1.117826e+05  6.554316e+03  4.249060e+03
      vertex  1.111800e+05  6.634010e+03  3.838640e+03
      vertex  1.111992e+05  6.707942e+03  4.232011e+03
    endloop
  endfacet
  facet normal  2.549211e-01  9.459240e-01 -2.006064e-01
    outer loop
      vertex  1.117826e+05  6.554316e+03  4.249060e+03
      vertex  1.111992e+05  6.707942e+03  4.232011e+03
      vertex  1.118043e+05  6.625155e+03  4.610637e+03
    endloop
  endfacet
  facet normal  2.490319e-01  9.495970e-01 -1.903907e-01
    outer loop
      vertex  1.118043e+05  6.625155e+03  4.610637e+03
      vertex  1.111992e+05  6.707942e+03  4.232011e+03
      vertex  1.112183e+05  6.781786e+03  4.625360e+03
    endloop
  endfacet
  facet normal  2.478775e-01  9.467125e-01 -2.056506e-01
    outer loop
      vertex  1.118043e+05  6.625155e+03  4.610637e+03
      vertex  1.112183e+05  6.781786e+03  4.625360e+03
      vertex  1.118151e+05  6.661535e+03  4.791173e+03
    endloop
  endfacet
  facet normal  2.451789e-01  9.499533e-01 -1.935870e-01
    outer loop
      vertex  1.118151e+05  6.661535e+03  4.791173e+03
      vertex  1.112183e+05  6.781786e+03  4.625360e+03
      vertex  1.112279e+05  6.819343e+03  4.821790e+03
    endloop
  endfacet
  facet normal  2.433355e-01  9.465842e-01 -2.115807e-01
    outer loop
      vertex  1.118151e+05  6.661535e+03  4.791173e+03
      vertex  1.112279e+05  6.819343e+03  4.821790e+03
      vertex  1.118314e+05  6.717769e+03  5.061460e+03
    endloop
  endfacet
  facet normal  2.386908e-01  9.506634e-01 -1.981560e-01
    outer loop
      vertex  1.118314e+05  6.717769e+03  5.061460e+03
      vertex  1.112279e+05  6.819343e+03  4.821790e+03
      vertex  1.112423e+05  6.877042e+03  5.115911e+03
    endloop
  endfacet
  facet normal  2.356071e-01  9.466624e-01 -2.198178e-01
    outer loop
      vertex  1.118314e+05  6.717769e+03  5.061460e+03
      vertex  1.112423e+05  6.877042e+03  5.115911e+03
      vertex  1.118470e+05  6.773853e+03  5.319688e+03
    endloop
  endfacet
  facet normal  2.549361e-01  8.850783e-01 -3.894150e-01
    outer loop
      vertex  1.121805e+05  5.724023e+03  1.669336e+03
      vertex  1.116247e+05  5.882157e+03  1.664903e+03
      vertex  1.121959e+05  5.810151e+03  1.875188e+03
    endloop
  endfacet
  facet normal  2.544322e-01  8.859556e-01 -3.877459e-01
    outer loop
      vertex  1.121959e+05  5.810151e+03  1.875188e+03
      vertex  1.116247e+05  5.882157e+03  1.664903e+03
      vertex  1.116377e+05  5.967964e+03  1.869493e+03
    endloop
  endfacet
  facet normal  2.580954e-01  9.002525e-01 -3.506171e-01
    outer loop
      vertex  1.121959e+05  5.810151e+03  1.875188e+03
      vertex  1.116377e+05  5.967964e+03  1.869493e+03
      vertex  1.122113e+05  5.886715e+03  2.083122e+03
    endloop
  endfacet
  facet normal  2.578579e-01  9.006234e-01 -3.498380e-01
    outer loop
      vertex  1.122113e+05  5.886715e+03  2.083122e+03
      vertex  1.116377e+05  5.967964e+03  1.869493e+03
      vertex  1.116507e+05  6.044565e+03  2.076277e+03
    endloop
  endfacet
  facet normal  2.602471e-01  9.103228e-01 -3.218445e-01
    outer loop
      vertex  1.122113e+05  5.886715e+03  2.083122e+03
      vertex  1.116507e+05  6.044565e+03  2.076277e+03
      vertex  1.122216e+05  5.933163e+03  2.222804e+03
    endloop
  endfacet
  facet normal  2.602000e-01  9.104298e-01 -3.215798e-01
    outer loop
      vertex  1.122216e+05  5.933163e+03  2.222804e+03
      vertex  1.116507e+05  6.044565e+03  2.076277e+03
      vertex  1.116594e+05  6.091174e+03  2.215236e+03
    endloop
  endfacet
  facet normal  2.617376e-01  9.168666e-01 -3.014121e-01
    outer loop
      vertex  1.122216e+05  5.933163e+03  2.222804e+03
      vertex  1.116594e+05  6.091174e+03  2.215236e+03
      vertex  1.122319e+05  5.976406e+03  2.363265e+03
    endloop
  endfacet
  facet normal  2.617378e-01  9.168659e-01 -3.014137e-01
    outer loop
      vertex  1.122319e+05  5.976406e+03  2.363265e+03
      vertex  1.116594e+05  6.091174e+03  2.215236e+03
      vertex  1.116680e+05  6.134646e+03  2.354999e+03
    endloop
  endfacet
  facet normal  2.635180e-01  9.245811e-01 -2.751507e-01
    outer loop
      vertex  1.122319e+05  5.976406e+03  2.363265e+03
      vertex  1.116680e+05  6.134646e+03  2.354999e+03
      vertex  1.122524e+05  6.054772e+03  2.646284e+03
    endloop
  endfacet
  facet normal  2.635482e-01  9.245523e-01 -2.752191e-01
    outer loop
      vertex  1.122524e+05  6.054772e+03  2.646284e+03
      vertex  1.116680e+05  6.134646e+03  2.354999e+03
      vertex  1.116854e+05  6.213553e+03  2.636664e+03
    endloop
  endfacet
  facet normal  2.651577e-01  9.320040e-01 -2.471029e-01
    outer loop
      vertex  1.122524e+05  6.054772e+03  2.646284e+03
      vertex  1.116854e+05  6.213553e+03  2.636664e+03
      vertex  1.122730e+05  6.124598e+03  2.931696e+03
    endloop
  endfacet
  facet normal  2.650183e-01  9.321270e-01 -2.467882e-01
    outer loop
      vertex  1.122730e+05  6.124598e+03  2.931696e+03
      vertex  1.116854e+05  6.213553e+03  2.636664e+03
      vertex  1.117027e+05  6.283839e+03  2.920747e+03
    endloop
  endfacet
  facet normal  2.658524e-01  9.363048e-01 -2.294685e-01
    outer loop
      vertex  1.122730e+05  6.124598e+03  2.931696e+03
      vertex  1.117027e+05  6.283839e+03  2.920747e+03
      vertex  1.122869e+05  6.168441e+03  3.126774e+03
    endloop
  endfacet
  facet normal  2.649900e-01  9.372768e-01 -2.264785e-01
    outer loop
      vertex  1.122869e+05  6.168441e+03  3.126774e+03
      vertex  1.117027e+05  6.283839e+03  2.920747e+03
      vertex  1.117183e+05  6.341564e+03  3.177869e+03
    endloop
  endfacet
  facet normal  2.666465e-01  9.394302e-01 -2.153385e-01
    outer loop
      vertex  1.122869e+05  6.168441e+03  3.126774e+03
      vertex  1.117183e+05  6.341564e+03  3.177869e+03
      vertex  1.123149e+05  6.250416e+03  3.518977e+03
    endloop
  endfacet
  facet normal  2.653235e-01  9.403898e-01 -2.127681e-01
    outer loop
      vertex  1.123149e+05  6.250416e+03  3.518977e+03
      vertex  1.117183e+05  6.341564e+03  3.177869e+03
      vertex  1.117339e+05  6.395614e+03  3.436181e+03
    endloop
  endfacet
  facet normal  2.647665e-01  9.420726e-01 -2.059081e-01
    outer loop
      vertex  1.123149e+05  6.250416e+03  3.518977e+03
      vertex  1.117339e+05  6.395614e+03  3.436181e+03
      vertex  1.123413e+05  6.324560e+03  3.892228e+03
    endloop
  endfacet
  facet normal  2.631789e-01  9.430083e-01 -2.036476e-01
    outer loop
      vertex  1.123413e+05  6.324560e+03  3.892228e+03
      vertex  1.117339e+05  6.395614e+03  3.436181e+03
      vertex  1.117501e+05  6.449493e+03  3.706683e+03
    endloop
  endfacet
  facet normal  2.636012e-01  9.425283e-01 -2.053163e-01
    outer loop
      vertex  1.123413e+05  6.324560e+03  3.892228e+03
      vertex  1.117501e+05  6.449493e+03  3.706683e+03
      vertex  1.123678e+05  6.398604e+03  4.266108e+03
    endloop
  endfacet
  facet normal  2.574352e-01  9.457472e-01 -1.982153e-01
    outer loop
      vertex  1.123678e+05  6.398604e+03  4.266108e+03
      vertex  1.117501e+05  6.449493e+03  3.706683e+03
      vertex  1.117826e+05  6.554316e+03  4.249060e+03
    endloop
  endfacet
  facet normal  2.571029e-01  9.431283e-01 -2.107297e-01
    outer loop
      vertex  1.123678e+05  6.398604e+03  4.266108e+03
      vertex  1.117826e+05  6.554316e+03  4.249060e+03
      vertex  1.123913e+05  6.466407e+03  4.598264e+03
    endloop
  endfacet
  facet normal  2.518072e-01  9.467624e-01 -2.005840e-01
    outer loop
      vertex  1.123913e+05  6.466407e+03  4.598264e+03
      vertex  1.117826e+05  6.554316e+03  4.249060e+03
      vertex  1.118043e+05  6.625155e+03  4.610637e+03
    endloop
  endfacet
  facet normal  2.505505e-01  9.434139e-01 -2.172436e-01
    outer loop
      vertex  1.123913e+05  6.466407e+03  4.598264e+03
      vertex  1.118043e+05  6.625155e+03  4.610637e+03
      vertex  1.124031e+05  6.501471e+03  4.764093e+03
    endloop
  endfacet
  facet normal  2.482416e-01  9.466166e-01 -2.056532e-01
    outer loop
      vertex  1.124031e+05  6.501471e+03  4.764093e+03
      vertex  1.118043e+05  6.625155e+03  4.610637e+03
      vertex  1.118151e+05  6.661535e+03  4.791173e+03
    endloop
  endfacet
  facet normal  2.463709e-01  9.428846e-01 -2.242098e-01
    outer loop
      vertex  1.124031e+05  6.501471e+03  4.764093e+03
      vertex  1.118151e+05  6.661535e+03  4.791173e+03
      vertex  1.124207e+05  6.555894e+03  5.012347e+03
    endloop
  endfacet
  facet normal  2.424419e-01  9.468147e-01 -2.115749e-01
    outer loop
      vertex  1.124207e+05  6.555894e+03  5.012347e+03
      vertex  1.118151e+05  6.661535e+03  4.791173e+03
      vertex  1.118314e+05  6.717769e+03  5.061460e+03
    endloop
  endfacet
  facet normal  2.392321e-01  9.421589e-01 -2.347437e-01
    outer loop
      vertex  1.124207e+05  6.555894e+03  5.012347e+03
      vertex  1.118314e+05  6.717769e+03  5.061460e+03
      vertex  1.124417e+05  6.623767e+03  5.306114e+03
    endloop
  endfacet
  facet normal  2.339998e-01  9.470631e-01 -2.198080e-01
    outer loop
      vertex  1.124417e+05  6.623767e+03  5.306114e+03
      vertex  1.118314e+05  6.717769e+03  5.061460e+03
      vertex  1.118470e+05  6.773853e+03  5.319688e+03
    endloop
  endfacet
  facet normal  2.327179e-01  9.434553e-01 -2.360818e-01
    outer loop
      vertex  1.124417e+05  6.623767e+03  5.306114e+03
      vertex  1.118470e+05  6.773853e+03  5.319688e+03
      vertex  1.120624e+05  6.786898e+03  5.584204e+03
    endloop
  endfacet
  facet normal  2.233009e-01  9.475613e-01 -2.286140e-01
    outer loop
      vertex  1.120624e+05  6.786898e+03  5.584204e+03
      vertex  1.118470e+05  6.773853e+03  5.319688e+03
      vertex  1.116628e+05  6.877604e+03  5.569858e+03
    endloop
  endfacet
  facet normal  2.524966e-01  8.857365e-01 -3.895077e-01
    outer loop
      vertex  1.121959e+05  5.810151e+03  1.875188e+03
      vertex  1.124677e+05  5.688412e+03  1.774530e+03
      vertex  1.121805e+05  5.724023e+03  1.669336e+03
    endloop
  endfacet
  facet normal  2.558240e-01  8.798164e-01 -4.005963e-01
    outer loop
      vertex  1.121805e+05  5.724023e+03  1.669336e+03
      vertex  1.124677e+05  5.688412e+03  1.774530e+03
      vertex  1.124594e+05  5.643938e+03  1.671553e+03
    endloop
  endfacet
  facet normal  2.529977e-01  9.434234e-01 -2.143468e-01
    outer loop
      vertex  1.126781e+05  6.366314e+03  4.498316e+03
      vertex  1.132781e+05  6.234978e+03  4.628512e+03
      vertex  1.126611e+05  6.320056e+03  4.274632e+03
    endloop
  endfacet
  facet normal  2.593230e-01  9.388618e-01 -2.264731e-01
    outer loop
      vertex  1.126611e+05  6.320056e+03  4.274632e+03
      vertex  1.132781e+05  6.234978e+03  4.628512e+03
      vertex  1.132491e+05  6.161759e+03  4.291680e+03
    endloop
  endfacet
  facet normal  2.595927e-01  9.407631e-01 -2.181207e-01
    outer loop
      vertex  1.126611e+05  6.320056e+03  4.274632e+03
      vertex  1.132491e+05  6.161759e+03  4.291680e+03
      vertex  1.132297e+05  6.114990e+03  4.066897e+03
    endloop
  endfacet
  facet normal  2.324756e-01  9.373806e-01 -2.593697e-01
    outer loop
      vertex  1.128634e+05  6.603530e+03  5.612896e+03
      vertex  1.133512e+05  6.442733e+03  5.468925e+03
      vertex  1.127405e+05  6.551543e+03  5.314800e+03
    endloop
  endfacet
  facet normal  2.345989e-01  9.337415e-01 -2.703519e-01
    outer loop
      vertex  1.127405e+05  6.551543e+03  5.314800e+03
      vertex  1.133512e+05  6.442733e+03  5.468925e+03
      vertex  1.133370e+05  6.399265e+03  5.306477e+03
    endloop
  endfacet
  facet normal  2.367647e-01  9.407226e-01 -2.428654e-01
    outer loop
      vertex  1.127405e+05  6.551543e+03  5.314800e+03
      vertex  1.133370e+05  6.399265e+03  5.306477e+03
      vertex  1.127178e+05  6.480846e+03  5.018836e+03
    endloop
  endfacet
  facet normal  2.443919e-01  9.338231e-01 -2.612413e-01
    outer loop
      vertex  1.127178e+05  6.480846e+03  5.018836e+03
      vertex  1.133370e+05  6.399265e+03  5.306477e+03
      vertex  1.133221e+05  6.355373e+03  5.135659e+03
    endloop
  endfacet
  facet normal  2.432104e-01  9.366382e-01 -2.521061e-01
    outer loop
      vertex  1.127178e+05  6.480846e+03  5.018836e+03
      vertex  1.133221e+05  6.355373e+03  5.135659e+03
      vertex  1.133072e+05  6.313129e+03  4.964357e+03
    endloop
  endfacet
  facet normal -2.849703e-01 -9.585363e-01  -0.000000e+00
    outer loop
      vertex  1.199800e+05  4.400000e+03  6.313000e+03
      vertex  1.199800e+05  4.400000e+03  9.650000e+03
      vertex  1.125800e+05  6.600000e+03  6.313000e+03
    endloop
  endfacet
  facet normal -2.849703e-01 -9.585363e-01  0.000000e+00
    outer loop
      vertex  1.125800e+05  6.600000e+03  6.313000e+03
      vertex  1.199800e+05  4.400000e+03  9.650000e+03
      vertex  1.125800e+05  6.600000e+03  9.650000e+03
    endloop
  endfacet
  facet normal  0.000000e+00 -1.000000e+00  -0.000000e+00
    outer loop
      vertex  1.059700e+05  6.600000e+03  1.100000e+03
      vertex  1.059700e+05  6.600000e+03  3.710000e+03
      vertex  1.051800e+05  6.600000e+03  1.100000e+03
    endloop
  endfacet
  facet normal  0.000000e+00 -1.000000e+00  0.000000e+00
    outer loop
      vertex  1.051800e+05  6.600000e+03  1.100000e+03
      vertex  1.059700e+05  6.600000e+03  3.710000e+03
      vertex  1.059700e+05  6.600000e+03  6.313000e+03
    endloop
  endfacet
  facet normal  -0.000000e+00 -1.000000e+00  0.000000e+00
    outer loop
      vertex  1.051800e+05  6.600000e+03  1.100000e+03
      vertex  1.059700e+05  6.600000e+03  6.313000e+03
      vertex  1.051800e+05  6.600000e+03  9.650000e+03
    endloop
  endfacet
  facet normal  0.000000e+00 -1.000000e+00  0.000000e+00
    outer loop
      vertex  1.051800e+05  6.600000e+03  9.650000e+03
      vertex  1.059700e+05  6.600000e+03  6.313000e+03
      vertex  1.125800e+05  6.600000e+03  6.313000e+03
    endloop
  endfacet
  facet normal  0.000000e+00 -1.000000e+00  0.000000e+00
    outer loop
      vertex  1.051800e+05  6.600000e+03  9.650000e+03
      vertex  1.125800e+05  6.600000e+03  6.313000e+03
      vertex  1.125800e+05  6.600000e+03  9.650000e+03
    endloop
  endfacet
  facet normal -1.000000e+00  0.000000e+00  0.000000e+00
    outer loop
      vertex  1.051800e+05  6.600000e+03  1.100000e+03
      vertex  1.051800e+05  6.600000e+03  9.650000e+03
      vertex  1.051800e+05  7.930000e+03  9.650000e+03
    endloop
  endfacet
  facet normal -1.000000e+00  0.000000e+00  0.000000e+00
    outer loop
      vertex  1.051800e+05  6.600000e+03  1.100000e+03
      vertex  1.051800e+05  7.930000e+03  9.650000e+03
      vertex  1.051800e+05  7.926723e+03  9.195991e+03
    endloop
  endfacet
  facet normal -1.000000e+00  0.000000e+00  0.000000e+00
    outer loop
      vertex  1.051800e+05  6.600000e+03  1.100000e+03
      vertex  1.051800e+05  7.926723e+03  9.195991e+03
      vertex  1.051800e+05  7.917095e+03  8.575157e+03
    endloop
  endfacet
  facet normal -1.000000e+00  0.000000e+00  0.000000e+00
    outer loop
      vertex  1.051800e+05  6.600000e+03  1.100000e+03
      vertex  1.051800e+05  7.917095e+03  8.575157e+03
      vertex  1.051800e+05  7.902195e+03  7.897329e+03
    endloop
  endfacet
  facet normal -1.000000e+00  0.000000e+00  0.000000e+00
    outer loop
      vertex  1.051800e+05  6.600000e+03  1.100000e+03
      vertex  1.051800e+05  7.902195e+03  7.897329e+03
      vertex  1.051800e+05  7.887752e+03  7.336356e+03
    endloop
  endfacet
  facet normal -1.000000e+00  0.000000e+00  0.000000e+00
    outer loop
      vertex  1.051800e+05  6.600000e+03  1.100000e+03
      vertex  1.051800e+05  7.887752e+03  7.336356e+03
      vertex  1.051800e+05  7.871999e+03  6.776623e+03
    endloop
  endfacet
  facet normal -1.000000e+00  0.000000e+00  0.000000e+00
    outer loop
      vertex  1.051800e+05  6.600000e+03  1.100000e+03
      vertex  1.051800e+05  7.871999e+03  6.776623e+03
      vertex  1.051800e+05  7.857884e+03  6.313000e+03
    endloop
  endfacet
  facet normal -1.000000e+00  0.000000e+00  0.000000e+00
    outer loop
      vertex  1.051800e+05  6.600000e+03  1.100000e+03
      vertex  1.051800e+05  7.857884e+03  6.313000e+03
      vertex  1.051800e+05  7.834803e+03  5.641767e+03
    endloop
  endfacet
  facet normal -9.999999e-01  0.000000e+00  0.000000e+00
    outer loop
      vertex  1.051800e+05  6.600000e+03  1.100000e+03
      vertex  1.051800e+05  7.834803e+03  5.641767e+03
      vertex  1.051800e+05  7.816899e+03  5.201833e+03
    endloop
  endfacet
  facet normal -9.999999e-01  0.000000e+00  0.000000e+00
    outer loop
      vertex  1.051800e+05  6.600000e+03  1.100000e+03
      vertex  1.051800e+05  7.816899e+03  5.201833e+03
      vertex  1.051800e+05  7.795540e+03  4.761829e+03
    endloop
  endfacet
  facet normal -9.999999e-01  0.000000e+00  0.000000e+00
    outer loop
      vertex  1.051800e+05  6.600000e+03  1.100000e+03
      vertex  1.051800e+05  7.795540e+03  4.761829e+03
      vertex  1.051800e+05  7.766668e+03  4.282950e+03
    endloop
  endfacet
  facet normal -1.000000e+00  0.000000e+00  0.000000e+00
    outer loop
      vertex  1.051800e+05  6.600000e+03  1.100000e+03
      vertex  1.051800e+05  7.766668e+03  4.282950e+03
      vertex  1.051800e+05  7.749342e+03  4.043564e+03
    endloop
  endfacet
  facet normal -1.000000e+00  0.000000e+00  0.000000e+00
    outer loop
      vertex  1.051800e+05  6.600000e+03  1.100000e+03
      vertex  1.051800e+05  7.749342e+03  4.043564e+03
      vertex  1.051800e+05  7.721141e+03  3.710000e+03
    endloop
  endfacet
  facet normal -1.000000e+00  0.000000e+00  0.000000e+00
    outer loop
      vertex  1.051800e+05  6.600000e+03  1.100000e+03
      vertex  1.051800e+05  7.721141e+03  3.710000e+03
      vertex  1.051800e+05  7.691448e+03  3.414823e+03
    endloop
  endfacet
  facet normal -9.999999e-01  0.000000e+00  0.000000e+00
    outer loop
      vertex  1.051800e+05  6.600000e+03  1.100000e+03
      vertex  1.051800e+05  7.691448e+03  3.414823e+03
      vertex  1.051800e+05  7.656476e+03  3.120362e+03
    endloop
  endfacet
  facet normal -1.000000e+00  0.000000e+00  0.000000e+00
    outer loop
      vertex  1.051800e+05  6.600000e+03  1.100000e+03
      vertex  1.051800e+05  7.656476e+03  3.120362e+03
      vertex  1.051800e+05  7.612896e+03  2.811398e+03
    endloop
  endfacet
  facet normal -1.000000e+00  0.000000e+00  0.000000e+00
    outer loop
      vertex  1.051800e+05  6.600000e+03  1.100000e+03
      vertex  1.051800e+05  7.612896e+03  2.811398e+03
      vertex  1.051800e+05  7.588138e+03  2.657564e+03
    endloop
  endfacet
  facet normal -1.000000e+00  0.000000e+00  0.000000e+00
    outer loop
      vertex  1.051800e+05  6.600000e+03  1.100000e+03
      vertex  1.051800e+05  7.588138e+03  2.657564e+03
      vertex  1.051800e+05  7.561179e+03  2.504282e+03
    endloop
  endfacet
  facet normal -1.000000e+00  0.000000e+00  0.000000e+00
    outer loop
      vertex  1.051800e+05  6.600000e+03  1.100000e+03
      vertex  1.051800e+05  7.561179e+03  2.504282e+03
      vertex  1.051800e+05  7.532275e+03  2.353838e+03
    endloop
  endfacet
  facet normal -1.000000e+00  0.000000e+00  0.000000e+00
    outer loop
      vertex  1.051800e+05  6.600000e+03  1.100000e+03
      vertex  1.051800e+05  7.532275e+03  2.353838e+03
      vertex  1.051800e+05  7.500870e+03  2.204148e+03
    endloop
  endfacet
  facet normal -1.000000e+00  0.000000e+00  0.000000e+00
    outer loop
      vertex  1.051800e+05  6.600000e+03  1.100000e+03
      vertex  1.051800e+05  7.500870e+03  2.204148e+03
      vertex  1.051800e+05  7.466765e+03  2.055344e+03
    endloop
  endfacet
  facet normal -9.999999e-01  0.000000e+00  0.000000e+00
    outer loop
      vertex  1.051800e+05  6.600000e+03  1.100000e+03
      vertex  1.051800e+05  7.466765e+03  2.055344e+03
      vertex  1.051800e+05  7.429750e+03  1.907575e+03
    endloop
  endfacet
  facet normal -1.000000e+00  0.000000e+00  0.000000e+00
    outer loop
      vertex  1.051800e+05  6.600000e+03  1.100000e+03
      vertex  1.051800e+05  7.429750e+03  1.907575e+03
      vertex  1.051800e+05  7.399646e+03  1.796462e+03
    endloop
  endfacet
  facet normal -1.000000e+00  0.000000e+00  0.000000e+00
    outer loop
      vertex  1.051800e+05  6.600000e+03  1.100000e+03
      vertex  1.051800e+05  7.399646e+03  1.796462e+03
      vertex  1.051800e+05  7.367640e+03  1.686118e+03
    endloop
  endfacet
  facet normal -1.000000e+00  0.000000e+00  0.000000e+00
    outer loop
      vertex  1.051800e+05  6.600000e+03  1.100000e+03
      vertex  1.051800e+05  7.367640e+03  1.686118e+03
      vertex  1.051800e+05  7.333623e+03  1.576634e+03
    endloop
  endfacet
  facet normal -1.000000e+00  0.000000e+00  0.000000e+00
    outer loop
      vertex  1.051800e+05  6.600000e+03  1.100000e+03
      vertex  1.051800e+05  7.333623e+03  1.576634e+03
      vertex  1.051800e+05  7.297481e+03  1.468109e+03
    endloop
  endfacet
  facet normal -9.999999e-01  0.000000e+00  0.000000e+00
    outer loop
      vertex  1.051800e+05  6.600000e+03  1.100000e+03
      vertex  1.051800e+05  7.297481e+03  1.468109e+03
      vertex  1.051800e+05  7.259097e+03  1.360649e+03
    endloop
  endfacet
  facet normal -1.000000e+00  0.000000e+00  0.000000e+00
    outer loop
      vertex  1.051800e+05  6.600000e+03  1.100000e+03
      vertex  1.051800e+05  7.259097e+03  1.360649e+03
      vertex  1.051800e+05  7.218344e+03  1.254375e+03
    endloop
  endfacet
  facet normal -1.000000e+00  0.000000e+00  0.000000e+00
    outer loop
      vertex  1.051800e+05  6.600000e+03  1.100000e+03
      vertex  1.051800e+05  7.218344e+03  1.254375e+03
      vertex  1.051800e+05  7.198283e+03  1.210173e+03
    endloop
  endfacet
  facet normal -9.999999e-01  0.000000e+00  0.000000e+00
    outer loop
      vertex  1.051800e+05  6.600000e+03  1.100000e+03
      vertex  1.051800e+05  7.198283e+03  1.210173e+03
      vertex  1.051800e+05  7.164949e+03  1.152353e+03
    endloop
  endfacet
  facet normal -1.000000e+00  0.000000e+00  0.000000e+00
    outer loop
      vertex  1.051800e+05  6.600000e+03  1.100000e+03
      vertex  1.051800e+05  7.164949e+03  1.152353e+03
      vertex  1.051800e+05  7.146515e+03  1.124110e+03
    endloop
  endfacet
  facet normal -1.000000e+00  0.000000e+00  0.000000e+00
    outer loop
      vertex  1.051800e+05  6.600000e+03  1.100000e+03
      vertex  1.051800e+05  7.146515e+03  1.124110e+03
      vertex  1.051800e+05  7.139135e+03  1.100000e+03
    endloop
  endfacet
  facet normal  1.716714e-03  9.996755e-01 -2.541905e-02
    outer loop
      vertex  1.088800e+05  7.930000e+03  9.650000e+03
      vertex  1.088799e+05  7.925565e+03  9.475575e+03
      vertex  1.075599e+05  7.926434e+03  9.420608e+03
    endloop
  endfacet
  facet normal  1.276376e-01  9.573072e-01 -2.593682e-01
    outer loop
      vertex  1.051800e+05  7.399646e+03  1.796462e+03
      vertex  1.051800e+05  7.429750e+03  1.907575e+03
      vertex  1.057117e+05  7.335036e+03  1.819658e+03
    endloop
  endfacet
  facet normal  1.279853e-01  9.430271e-01 -3.071149e-01
    outer loop
      vertex  1.057117e+05  7.335036e+03  1.819658e+03
      vertex  1.057129e+05  7.271964e+03  1.626466e+03
      vertex  1.051800e+05  7.399646e+03  1.796462e+03
    endloop
  endfacet
  facet normal  2.564706e-01  8.897303e-01 -3.776278e-01
    outer loop
      vertex  1.088780e+05  6.720630e+03  1.881021e+03
      vertex  1.088780e+05  6.630660e+03  1.669000e+03
      vertex  1.086704e+05  6.756181e+03  1.823793e+03
    endloop
  endfacet
  facet normal  1.181365e-01  9.632381e-01 -2.412804e-01
    outer loop
      vertex  1.051800e+05  7.429750e+03  1.907575e+03
      vertex  1.051800e+05  7.466765e+03  2.055344e+03
      vertex  1.057100e+05  7.391943e+03  2.016123e+03
    endloop
  endfacet
  facet normal  1.106393e-01  9.726838e-01 -2.040718e-01
    outer loop
      vertex  1.051800e+05  7.500870e+03  2.204148e+03
      vertex  1.051800e+05  7.532275e+03  2.353838e+03
      vertex  1.057076e+05  7.443198e+03  2.215327e+03
    endloop
  endfacet
  facet normal  1.025343e-01  9.768637e-01 -1.876805e-01
    outer loop
      vertex  1.051800e+05  7.532275e+03  2.353838e+03
      vertex  1.051800e+05  7.561179e+03  2.504282e+03
      vertex  1.057048e+05  7.489284e+03  2.416793e+03
    endloop
  endfacet
  facet normal  9.043470e-02  9.814208e-01 -1.692186e-01
    outer loop
      vertex  1.056970e+05  7.575595e+03  2.871360e+03
      vertex  1.056999e+05  7.547949e+03  2.712588e+03
      vertex  1.051800e+05  7.612896e+03  2.811398e+03
    endloop
  endfacet
  facet normal  7.183148e-02  9.904558e-01 -1.176333e-01
    outer loop
      vertex  1.051800e+05  7.656476e+03  3.120362e+03
      vertex  1.051800e+05  7.691448e+03  3.414823e+03
      vertex  1.054679e+05  7.658087e+03  3.309731e+03
    endloop
  endfacet
  facet normal  8.093179e-02  9.880139e-01 -1.314477e-01
    outer loop
      vertex  1.054679e+05  7.658087e+03  3.309731e+03
      vertex  1.054696e+05  7.621270e+03  3.034023e+03
      vertex  1.051800e+05  7.656476e+03  3.120362e+03
    endloop
  endfacet
  facet normal  2.477819e-01  9.487624e-01 -1.960971e-01
    outer loop
      vertex  1.085773e+05  7.214847e+03  3.304764e+03
      vertex  1.088784e+05  7.176170e+03  3.498091e+03
      vertex  1.088784e+05  7.132485e+03  3.286674e+03
    endloop
  endfacet
  facet normal  7.359577e-02  9.908733e-01 -1.129326e-01
    outer loop
      vertex  1.054663e+05  7.689737e+03  3.586390e+03
      vertex  1.054679e+05  7.658087e+03  3.309731e+03
      vertex  1.051800e+05  7.691448e+03  3.414823e+03
    endloop
  endfacet
  facet normal  2.370076e-01  9.578093e-01 -1.625692e-01
    outer loop
      vertex  1.087277e+05  7.317539e+03  4.069335e+03
      vertex  1.088786e+05  7.293780e+03  4.149292e+03
      vertex  1.088785e+05  7.256492e+03  3.929519e+03
    endloop
  endfacet
  facet normal  5.456536e-02  9.955714e-01 -7.655142e-02
    outer loop
      vertex  1.054628e+05  7.750924e+03  4.279763e+03
      vertex  1.054638e+05  7.734869e+03  4.071657e+03
      vertex  1.051800e+05  7.766668e+03  4.282950e+03
    endloop
  endfacet
  facet normal  2.062937e-01  9.695414e-01 -1.320316e-01
    outer loop
      vertex  1.087267e+05  7.431374e+03  4.829016e+03
      vertex  1.087378e+05  7.476522e+03  5.177845e+03
      vertex  1.088788e+05  7.406327e+03  4.882645e+03
    endloop
  endfacet
  facet normal  8.119123e-02  9.892692e-01 -1.214682e-01
    outer loop
      vertex  1.085613e+05  7.760373e+03  7.348627e+03
      vertex  1.088794e+05  7.759241e+03  7.552047e+03
      vertex  1.088793e+05  7.716485e+03  7.203771e+03
    endloop
  endfacet
  facet normal  4.841293e-02  9.929370e-01 -1.083163e-01
    outer loop
      vertex  1.085729e+05  7.829591e+03  8.037922e+03
      vertex  1.088796e+05  7.829357e+03  8.172830e+03
      vertex  1.088795e+05  7.795474e+03  7.862187e+03
    endloop
  endfacet
  facet normal  1.142686e-02  9.995424e-01 -2.800765e-02
    outer loop
      vertex  1.056362e+05  7.900909e+03  8.037540e+03
      vertex  1.055769e+05  7.895144e+03  7.807598e+03
      vertex  1.051800e+05  7.902195e+03  7.897329e+03
    endloop
  endfacet
  facet normal  3.828887e-02  9.944220e-01 -9.827907e-02
    outer loop
      vertex  1.085556e+05  7.851250e+03  8.268146e+03
      vertex  1.088797e+05  7.860095e+03  8.483884e+03
      vertex  1.088796e+05  7.829357e+03  8.172830e+03
    endloop
  endfacet
  facet normal  4.060316e-02  9.950628e-01 -9.056120e-02
    outer loop
      vertex  1.085556e+05  7.851250e+03  8.268146e+03
      vertex  1.088796e+05  7.829357e+03  8.172830e+03
      vertex  1.085729e+05  7.829591e+03  8.037922e+03
    endloop
  endfacet
  facet normal  1.775146e-02  9.982225e-01 -5.689404e-02
    outer loop
      vertex  1.080068e+05  7.899958e+03  8.785824e+03
      vertex  1.088797e+05  7.880533e+03  8.717347e+03
      vertex  1.082272e+05  7.886181e+03  8.612869e+03
    endloop
  endfacet
  facet normal  1.178304e-02  9.978880e-01 -6.387952e-02
    outer loop
      vertex  1.082061e+05  7.906752e+03  8.959494e+03
      vertex  1.088798e+05  7.909450e+03  9.125909e+03
      vertex  1.088798e+05  7.898244e+03  8.950845e+03
    endloop
  endfacet
  facet normal  6.193648e-03  9.996454e-01 -2.590066e-02
    outer loop
      vertex  1.051800e+05  7.917095e+03  8.575157e+03
      vertex  1.064028e+05  7.914987e+03  8.786216e+03
      vertex  1.061166e+05  7.912279e+03  8.613244e+03
    endloop
  endfacet
  facet normal  6.126552e-03  9.996873e-01 -2.424532e-02
    outer loop
      vertex  1.061166e+05  7.912279e+03  8.613244e+03
      vertex  1.057163e+05  7.906355e+03  8.267841e+03
      vertex  1.051800e+05  7.917095e+03  8.575157e+03
    endloop
  endfacet
  facet normal  5.795824e-03  9.986079e-01 -5.242769e-02
    outer loop
      vertex  1.075633e+05  7.920464e+03  9.190153e+03
      vertex  1.088799e+05  7.918634e+03  9.300847e+03
      vertex  1.088798e+05  7.909450e+03  9.125909e+03
    endloop
  endfacet
  facet normal  6.319533e-03  9.991068e-01 -4.178067e-02
    outer loop
      vertex  1.075633e+05  7.920464e+03  9.190153e+03
      vertex  1.088798e+05  7.909450e+03  9.125909e+03
      vertex  1.082061e+05  7.906752e+03  8.959494e+03
    endloop
  endfacet
  facet normal  2.015274e-01  8.515184e-01 -4.840487e-01
    outer loop
      vertex  1.076510e+05  6.728258e+03  1.249483e+03
      vertex  1.078281e+05  6.736169e+03  1.337135e+03
      vertex  1.079579e+05  6.656073e+03  1.250291e+03
    endloop
  endfacet
  facet normal  1.808304e-01  9.101832e-01 -3.726484e-01
    outer loop
      vertex  1.070443e+05  7.041081e+03  1.618189e+03
      vertex  1.072020e+05  7.088002e+03  1.809356e+03
      vertex  1.073108e+05  6.988035e+03  1.617961e+03
    endloop
  endfacet
  facet normal  1.996557e-01  9.017180e-01 -3.834608e-01
    outer loop
      vertex  1.078323e+05  6.876353e+03  1.619653e+03
      vertex  1.075718e+05  6.933501e+03  1.618417e+03
      vertex  1.076240e+05  7.003423e+03  1.810017e+03
    endloop
  endfacet
  facet normal  2.009612e-01  9.019645e-01 -3.821971e-01
    outer loop
      vertex  1.076240e+05  7.003423e+03  1.810017e+03
      vertex  1.080441e+05  6.911145e+03  1.813153e+03
      vertex  1.078323e+05  6.876353e+03  1.619653e+03
    endloop
  endfacet
  facet normal  2.116894e-01  8.949776e-01 -3.926865e-01
    outer loop
      vertex  1.078323e+05  6.876353e+03  1.619653e+03
      vertex  1.080441e+05  6.911145e+03  1.813153e+03
      vertex  1.081820e+05  6.794997e+03  1.622746e+03
    endloop
  endfacet
  facet normal  2.219131e-01  8.955637e-01 -3.856426e-01
    outer loop
      vertex  1.081820e+05  6.794997e+03  1.622746e+03
      vertex  1.080441e+05  6.911145e+03  1.813153e+03
      vertex  1.084622e+05  6.810214e+03  1.819348e+03
    endloop
  endfacet
  facet normal  2.276282e-01  8.907355e-01 -3.934155e-01
    outer loop
      vertex  1.081820e+05  6.794997e+03  1.622746e+03
      vertex  1.084622e+05  6.810214e+03  1.819348e+03
      vertex  1.085306e+05  6.708129e+03  1.627755e+03
    endloop
  endfacet
  facet normal  1.690135e-01  9.274017e-01 -3.337071e-01
    outer loop
      vertex  1.070454e+05  7.186862e+03  2.004790e+03
      vertex  1.073089e+05  7.138704e+03  2.004391e+03
      vertex  1.072020e+05  7.088002e+03  1.809356e+03
    endloop
  endfacet
  facet normal  1.830849e-01  9.209017e-01 -3.441220e-01
    outer loop
      vertex  1.073089e+05  7.138704e+03  2.004391e+03
      vertex  1.077044e+05  7.060495e+03  2.005517e+03
      vertex  1.076240e+05  7.003423e+03  1.810017e+03
    endloop
  endfacet
  facet normal  2.034116e-01  9.141975e-01 -3.505233e-01
    outer loop
      vertex  1.080441e+05  6.911145e+03  1.813153e+03
      vertex  1.076240e+05  7.003423e+03  1.810017e+03
      vertex  1.077044e+05  7.060495e+03  2.005517e+03
    endloop
  endfacet
  facet normal  2.023837e-01  9.138358e-01 -3.520580e-01
    outer loop
      vertex  1.077044e+05  7.060495e+03  2.005517e+03
      vertex  1.080979e+05  6.974741e+03  2.009151e+03
      vertex  1.080441e+05  6.911145e+03  1.813153e+03
    endloop
  endfacet
  facet normal  2.242829e-01  9.072048e-01 -3.559164e-01
    outer loop
      vertex  1.084622e+05  6.810214e+03  1.819348e+03
      vertex  1.080441e+05  6.911145e+03  1.813153e+03
      vertex  1.080979e+05  6.974741e+03  2.009151e+03
    endloop
  endfacet
  facet normal  1.202040e-01  9.676595e-01 -2.217790e-01
    outer loop
      vertex  1.057100e+05  7.391943e+03  2.016123e+03
      vertex  1.051800e+05  7.466765e+03  2.055344e+03
      vertex  1.051800e+05  7.500870e+03  2.204148e+03
    endloop
  endfacet
  facet normal  2.582769e-01  9.094877e-01 -3.257688e-01
    outer loop
      vertex  1.086840e+05  6.829877e+03  2.020504e+03
      vertex  1.088781e+05  6.832173e+03  2.180808e+03
      vertex  1.088781e+05  6.778262e+03  2.030266e+03
    endloop
  endfacet
  facet normal  1.062413e-01  9.799666e-01 -1.684582e-01
    outer loop
      vertex  1.059676e+05  7.547912e+03  2.867682e+03
      vertex  1.061023e+05  7.560424e+03  3.025384e+03
      vertex  1.062375e+05  7.518089e+03  2.864389e+03
    endloop
  endfacet
  facet normal  1.201058e-01  9.771122e-01 -1.755744e-01
    outer loop
      vertex  1.065961e+05  7.474580e+03  2.860768e+03
      vertex  1.064149e+05  7.525803e+03  3.021888e+03
      vertex  1.068327e+05  7.473813e+03  3.018379e+03
    endloop
  endfacet
  facet normal  1.304748e-01  9.728478e-01 -1.911634e-01
    outer loop
      vertex  1.065961e+05  7.474580e+03  2.860768e+03
      vertex  1.068327e+05  7.473813e+03  3.018379e+03
      vertex  1.069530e+05  7.426213e+03  2.858268e+03
    endloop
  endfacet
  facet normal  1.381203e-01  9.729015e-01 -1.854336e-01
    outer loop
      vertex  1.069530e+05  7.426213e+03  2.858268e+03
      vertex  1.068327e+05  7.473813e+03  3.018379e+03
      vertex  1.072482e+05  7.414497e+03  3.016630e+03
    endloop
  endfacet
  facet normal  1.464211e-01  9.685395e-01 -2.012265e-01
    outer loop
      vertex  1.069530e+05  7.426213e+03  2.858268e+03
      vertex  1.072482e+05  7.414497e+03  3.016630e+03
      vertex  1.073083e+05  7.372287e+03  2.857181e+03
    endloop
  endfacet
  facet normal  1.534639e-01  9.680247e-01 -1.984366e-01
    outer loop
      vertex  1.073083e+05  7.372287e+03  2.857181e+03
      vertex  1.072482e+05  7.414497e+03  3.016630e+03
      vertex  1.074549e+05  7.381708e+03  3.016569e+03
    endloop
  endfacet
  facet normal  2.019494e-01  9.561095e-01 -2.122993e-01
    outer loop
      vertex  1.079685e+05  7.289226e+03  3.019349e+03
      vertex  1.082741e+05  7.225583e+03  3.023412e+03
      vertex  1.080999e+05  7.226457e+03  2.861670e+03
    endloop
  endfacet
  facet normal  2.507896e-01  9.447805e-01 -2.109368e-01
    outer loop
      vertex  1.085775e+05  7.154975e+03  3.029620e+03
      vertex  1.088784e+05  7.132485e+03  3.286674e+03
      vertex  1.088783e+05  7.085444e+03  3.075913e+03
    endloop
  endfacet
  facet normal  1.947233e-01  9.711118e-01 -1.379303e-01
    outer loop
      vertex  1.088788e+05  7.406327e+03  4.882645e+03
      vertex  1.087378e+05  7.476522e+03  5.177845e+03
      vertex  1.088788e+05  7.447986e+03  5.176049e+03
    endloop
  endfacet
  facet normal  3.793886e-02  9.983558e-01 -4.296857e-02
    outer loop
      vertex  1.054581e+05  7.834186e+03  5.874845e+03
      vertex  1.058570e+05  7.818863e+03  5.871015e+03
      vertex  1.057177e+05  7.809236e+03  5.524338e+03
    endloop
  endfacet
  facet normal  5.386226e-02  9.971425e-01 -5.296809e-02
    outer loop
      vertex  1.063610e+05  7.776194e+03  5.518680e+03
      vertex  1.062331e+05  7.801652e+03  5.867878e+03
      vertex  1.066080e+05  7.781271e+03  5.865386e+03
    endloop
  endfacet
  facet normal  6.464850e-02  9.960642e-01 -6.063588e-02
    outer loop
      vertex  1.063610e+05  7.776194e+03  5.518680e+03
      vertex  1.066080e+05  7.781271e+03  5.865386e+03
      vertex  1.067877e+05  7.748342e+03  5.516029e+03
    endloop
  endfacet
  facet normal  6.429183e-02  9.960761e-01 -6.082043e-02
    outer loop
      vertex  1.067877e+05  7.748342e+03  5.516029e+03
      vertex  1.066080e+05  7.781271e+03  5.865386e+03
      vertex  1.069921e+05  7.756374e+03  5.863698e+03
    endloop
  endfacet
  facet normal  7.864227e-02  9.944966e-01 -6.922298e-02
    outer loop
      vertex  1.067877e+05  7.748342e+03  5.516029e+03
      vertex  1.069921e+05  7.756374e+03  5.863698e+03
      vertex  1.072121e+05  7.714677e+03  5.514631e+03
    endloop
  endfacet
  facet normal  7.688967e-02  9.945556e-01 -7.033481e-02
    outer loop
      vertex  1.072121e+05  7.714677e+03  5.514631e+03
      vertex  1.069921e+05  7.756374e+03  5.863698e+03
      vertex  1.073744e+05  7.726775e+03  5.863132e+03
    endloop
  endfacet
  facet normal  7.244579e-02  9.938797e-01 -8.339531e-02
    outer loop
      vertex  1.077370e+05  7.776572e+03  6.883622e+03
      vertex  1.079212e+05  7.801694e+03  7.343043e+03
      vertex  1.081199e+05  7.748854e+03  6.885957e+03
    endloop
  endfacet
  facet normal  6.022730e-02  9.942315e-01 -8.874859e-02
    outer loop
      vertex  1.081199e+05  7.748854e+03  6.885957e+03
      vertex  1.079212e+05  7.801694e+03  7.343043e+03
      vertex  1.082418e+05  7.782468e+03  7.345270e+03
    endloop
  endfacet
  facet normal  1.067301e-01  9.864247e-01 -1.247994e-01
    outer loop
      vertex  1.087020e+05  7.696362e+03  6.893043e+03
      vertex  1.088793e+05  7.716485e+03  7.203771e+03
      vertex  1.088793e+05  7.687161e+03  6.971940e+03
    endloop
  endfacet
  facet normal  1.181286e-02  9.991038e-01 -4.064571e-02
    outer loop
      vertex  1.066998e+05  7.907346e+03  8.612123e+03
      vertex  1.075734e+05  7.897001e+03  8.611716e+03
      vertex  1.070252e+05  7.889351e+03  8.264355e+03
    endloop
  endfacet
  facet normal  1.970052e-02  9.983960e-01 -5.307805e-02
    outer loop
      vertex  1.070252e+05  7.889351e+03  8.264355e+03
      vertex  1.075734e+05  7.897001e+03  8.611716e+03
      vertex  1.075802e+05  7.878402e+03  8.264407e+03
    endloop
  endfacet
  facet normal  8.397853e-03  9.995281e-01 -2.954575e-02
    outer loop
      vertex  1.061166e+05  7.912279e+03  8.613244e+03
      vertex  1.064028e+05  7.914987e+03  8.786216e+03
      vertex  1.066998e+05  7.907346e+03  8.612123e+03
    endloop
  endfacet
  facet normal  7.547425e-03  9.994911e-01 -3.099502e-02
    outer loop
      vertex  1.066998e+05  7.907346e+03  8.612123e+03
      vertex  1.064028e+05  7.914987e+03  8.786216e+03
      vertex  1.071322e+05  7.909455e+03  8.785437e+03
    endloop
  endfacet
  facet normal  1.181192e-02  9.990633e-01 -4.162948e-02
    outer loop
      vertex  1.066998e+05  7.907346e+03  8.612123e+03
      vertex  1.071322e+05  7.909455e+03  8.785437e+03
      vertex  1.075734e+05  7.897001e+03  8.611716e+03
    endloop
  endfacet
  facet normal  1.086709e-02  9.989715e-01 -4.402209e-02
    outer loop
      vertex  1.071322e+05  7.909455e+03  8.785437e+03
      vertex  1.080068e+05  7.899958e+03  8.785824e+03
      vertex  1.075734e+05  7.897001e+03  8.611716e+03
    endloop
  endfacet
  facet normal  4.506915e-03  9.997059e-01 -2.383183e-02
    outer loop
      vertex  1.066849e+05  7.923545e+03  9.190463e+03
      vertex  1.066670e+05  7.918118e+03  8.959414e+03
      vertex  1.060901e+05  7.920735e+03  8.960119e+03
    endloop
  endfacet
  facet normal  5.996047e-02  9.946523e-01 -8.409283e-02
    outer loop
      vertex  1.051800e+05  7.721141e+03  3.710000e+03
      vertex  1.051800e+05  7.749342e+03  4.043564e+03
      vertex  1.054648e+05  7.716957e+03  3.863590e+03
    endloop
  endfacet
  facet normal  6.697699e-02  9.930137e-01 -9.714872e-02
    outer loop
      vertex  1.051800e+05  7.721141e+03  3.710000e+03
      vertex  1.054648e+05  7.716957e+03  3.863590e+03
      vertex  1.054663e+05  7.689737e+03  3.586390e+03
    endloop
  endfacet
  facet normal  6.578061e-02  9.928235e-01 -9.987146e-02
    outer loop
      vertex  1.051800e+05  7.721141e+03  3.710000e+03
      vertex  1.054663e+05  7.689737e+03  3.586390e+03
      vertex  1.051800e+05  7.691448e+03  3.414823e+03
    endloop
  endfacet
  facet normal  2.423504e-01  9.526999e-01 -1.833829e-01
    outer loop
      vertex  1.088785e+05  7.216946e+03  3.710000e+03
      vertex  1.088784e+05  7.176170e+03  3.498091e+03
      vertex  1.085770e+05  7.268804e+03  3.581030e+03
    endloop
  endfacet
  facet normal  2.368544e-01  9.567497e-01 -1.689086e-01
    outer loop
      vertex  1.088785e+05  7.216946e+03  3.710000e+03
      vertex  1.085770e+05  7.268804e+03  3.581030e+03
      vertex  1.085766e+05  7.317817e+03  3.858021e+03
    endloop
  endfacet
  facet normal  2.371369e-01  9.567778e-01 -1.683517e-01
    outer loop
      vertex  1.088785e+05  7.216946e+03  3.710000e+03
      vertex  1.085766e+05  7.317817e+03  3.858021e+03
      vertex  1.087277e+05  7.317539e+03  4.069335e+03
    endloop
  endfacet
  facet normal  2.278223e-01  9.582691e-01 -1.726771e-01
    outer loop
      vertex  1.088785e+05  7.216946e+03  3.710000e+03
      vertex  1.087277e+05  7.317539e+03  4.069335e+03
      vertex  1.088785e+05  7.256492e+03  3.929519e+03
    endloop
  endfacet
  facet normal  1.948677e-01  9.715954e-01 -1.342722e-01
    outer loop
      vertex  1.088789e+05  7.488518e+03  5.469439e+03
      vertex  1.088788e+05  7.447986e+03  5.176049e+03
      vertex  1.087378e+05  7.476522e+03  5.177845e+03
    endloop
  endfacet
  facet normal  1.809778e-01  9.751618e-01 -1.276973e-01
    outer loop
      vertex  1.088789e+05  7.488518e+03  5.469439e+03
      vertex  1.087378e+05  7.476522e+03  5.177845e+03
      vertex  1.087349e+05  7.522689e+03  5.526336e+03
    endloop
  endfacet
  facet normal  1.864031e-01  9.757961e-01 -1.143498e-01
    outer loop
      vertex  1.088789e+05  7.488518e+03  5.469439e+03
      vertex  1.087349e+05  7.522689e+03  5.526336e+03
      vertex  1.086317e+05  7.583040e+03  5.873012e+03
    endloop
  endfacet
  facet normal  1.586880e-01  9.784713e-01 -1.319550e-01
    outer loop
      vertex  1.088789e+05  7.488518e+03  5.469439e+03
      vertex  1.086317e+05  7.583040e+03  5.873012e+03
      vertex  1.088790e+05  7.558568e+03  5.989017e+03
    endloop
  endfacet
  facet normal  1.557438e-01  9.120923e-01 -3.792514e-01
    outer loop
      vertex  1.054912e+05  7.164692e+03  1.253160e+03
      vertex  1.051800e+05  7.218344e+03  1.254375e+03
      vertex  1.057133e+05  7.163222e+03  1.340797e+03
    endloop
  endfacet
  facet normal  1.527283e-01  9.227493e-01 -3.538473e-01
    outer loop
      vertex  1.057133e+05  7.163222e+03  1.340797e+03
      vertex  1.051800e+05  7.218344e+03  1.254375e+03
      vertex  1.051800e+05  7.259097e+03  1.360649e+03
    endloop
  endfacet
  facet normal  1.508784e-01  9.161075e-01 -3.714603e-01
    outer loop
      vertex  1.057133e+05  7.163222e+03  1.340797e+03
      vertex  1.051800e+05  7.259097e+03  1.360649e+03
      vertex  1.057133e+05  7.199539e+03  1.430387e+03
    endloop
  endfacet
  facet normal  1.475210e-01  9.314206e-01 -3.327063e-01
    outer loop
      vertex  1.057133e+05  7.199539e+03  1.430387e+03
      vertex  1.051800e+05  7.259097e+03  1.360649e+03
      vertex  1.051800e+05  7.297481e+03  1.468109e+03
    endloop
  endfacet
  facet normal  1.448948e-01  9.246345e-01 -3.522167e-01
    outer loop
      vertex  1.057133e+05  7.199539e+03  1.430387e+03
      vertex  1.051800e+05  7.297481e+03  1.468109e+03
      vertex  1.057132e+05  7.236689e+03  1.527864e+03
    endloop
  endfacet
  facet normal  1.421262e-01  9.391401e-01 -3.127555e-01
    outer loop
      vertex  1.057132e+05  7.236689e+03  1.527864e+03
      vertex  1.051800e+05  7.297481e+03  1.468109e+03
      vertex  1.051800e+05  7.333623e+03  1.576634e+03
    endloop
  endfacet
  facet normal  1.390634e-01  9.325590e-01 -3.331595e-01
    outer loop
      vertex  1.057132e+05  7.236689e+03  1.527864e+03
      vertex  1.051800e+05  7.333623e+03  1.576634e+03
      vertex  1.057129e+05  7.271964e+03  1.626466e+03
    endloop
  endfacet
  facet normal  1.369452e-01  9.459711e-01 -2.939128e-01
    outer loop
      vertex  1.057129e+05  7.271964e+03  1.626466e+03
      vertex  1.051800e+05  7.333623e+03  1.576634e+03
      vertex  1.051800e+05  7.367640e+03  1.686118e+03
    endloop
  endfacet
  facet normal  1.398663e-01  9.509728e-01 -2.758407e-01
    outer loop
      vertex  1.057129e+05  7.271964e+03  1.626466e+03
      vertex  1.051800e+05  7.367640e+03  1.686118e+03
      vertex  1.051800e+05  7.399646e+03  1.796462e+03
    endloop
  endfacet
  facet normal  2.282996e-01  8.528782e-01 -4.695510e-01
    outer loop
      vertex  1.088779e+05  6.478267e+03  1.357863e+03
      vertex  1.088778e+05  6.422358e+03  1.256297e+03
      vertex  1.086254e+05  6.587199e+03  1.432961e+03
    endloop
  endfacet
  facet normal  2.391430e-01  8.564890e-01 -4.574246e-01
    outer loop
      vertex  1.086254e+05  6.587199e+03  1.432961e+03
      vertex  1.088778e+05  6.422358e+03  1.256297e+03
      vertex  1.086158e+05  6.541774e+03  1.342882e+03
    endloop
  endfacet
  facet normal  2.264713e-01  8.597663e-01 -4.577255e-01
    outer loop
      vertex  1.086254e+05  6.587199e+03  1.432961e+03
      vertex  1.086158e+05  6.541774e+03  1.342882e+03
      vertex  1.083725e+05  6.652125e+03  1.429797e+03
    endloop
  endfacet
  facet normal  2.243739e-01  8.582236e-01 -4.616370e-01
    outer loop
      vertex  1.083725e+05  6.652125e+03  1.429797e+03
      vertex  1.086158e+05  6.541774e+03  1.342882e+03
      vertex  1.083534e+05  6.608975e+03  1.340312e+03
    endloop
  endfacet
  facet normal  2.160019e-01  8.606879e-01 -4.610419e-01
    outer loop
      vertex  1.083725e+05  6.652125e+03  1.429797e+03
      vertex  1.083534e+05  6.608975e+03  1.340312e+03
      vertex  1.081012e+05  6.718866e+03  1.427302e+03
    endloop
  endfacet
  facet normal  2.392193e-01  8.897444e-01 -3.887531e-01
    outer loop
      vertex  1.084622e+05  6.810214e+03  1.819348e+03
      vertex  1.086704e+05  6.756181e+03  1.823793e+03
      vertex  1.085306e+05  6.708129e+03  1.627755e+03
    endloop
  endfacet
  facet normal  2.443250e-01  8.870454e-01 -3.917341e-01
    outer loop
      vertex  1.085306e+05  6.708129e+03  1.627755e+03
      vertex  1.086704e+05  6.756181e+03  1.823793e+03
      vertex  1.088780e+05  6.630660e+03  1.669000e+03
    endloop
  endfacet
  facet normal  2.447196e-01  8.751627e-01 -4.173758e-01
    outer loop
      vertex  1.085306e+05  6.708129e+03  1.627755e+03
      vertex  1.088780e+05  6.630660e+03  1.669000e+03
      vertex  1.085299e+05  6.661310e+03  1.529179e+03
    endloop
  endfacet
  facet normal  2.410669e-01  8.810469e-01 -4.069928e-01
    outer loop
      vertex  1.085299e+05  6.661310e+03  1.529179e+03
      vertex  1.088780e+05  6.630660e+03  1.669000e+03
      vertex  1.088779e+05  6.582300e+03  1.564294e+03
    endloop
  endfacet
  facet normal  2.408935e-01  8.697035e-01 -4.307970e-01
    outer loop
      vertex  1.085299e+05  6.661310e+03  1.529179e+03
      vertex  1.088779e+05  6.582300e+03  1.564294e+03
      vertex  1.086254e+05  6.587199e+03  1.432961e+03
    endloop
  endfacet
  facet normal  2.388842e-01  8.722054e-01 -4.268396e-01
    outer loop
      vertex  1.086254e+05  6.587199e+03  1.432961e+03
      vertex  1.088779e+05  6.582300e+03  1.564294e+03
      vertex  1.088779e+05  6.531542e+03  1.460556e+03
    endloop
  endfacet
  facet normal  2.388493e-01  8.619400e-01 -4.472255e-01
    outer loop
      vertex  1.086254e+05  6.587199e+03  1.432961e+03
      vertex  1.088779e+05  6.531542e+03  1.460556e+03
      vertex  1.088779e+05  6.478267e+03  1.357863e+03
    endloop
  endfacet
  facet normal  2.539331e-01  9.182659e-01 -3.038183e-01
    outer loop
      vertex  1.088781e+05  6.890266e+03  2.356429e+03
      vertex  1.088781e+05  6.832173e+03  2.180808e+03
      vertex  1.086873e+05  6.964210e+03  2.420431e+03
    endloop
  endfacet
  facet normal  2.645913e-01  9.180613e-01 -2.952201e-01
    outer loop
      vertex  1.086873e+05  6.964210e+03  2.420431e+03
      vertex  1.088781e+05  6.832173e+03  2.180808e+03
      vertex  1.086844e+05  6.900392e+03  2.219388e+03
    endloop
  endfacet
  facet normal  2.448162e-01  9.231088e-01 -2.965388e-01
    outer loop
      vertex  1.086873e+05  6.964210e+03  2.420431e+03
      vertex  1.086844e+05  6.900392e+03  2.219388e+03
      vertex  1.084956e+05  7.013453e+03  2.415459e+03
    endloop
  endfacet
  facet normal  2.461561e-01  9.231572e-01 -2.952765e-01
    outer loop
      vertex  1.084956e+05  7.013453e+03  2.415459e+03
      vertex  1.086844e+05  6.900392e+03  2.219388e+03
      vertex  1.084900e+05  6.950671e+03  2.214475e+03
    endloop
  endfacet
  facet normal  2.301716e-01  9.270291e-01 -2.960373e-01
    outer loop
      vertex  1.084956e+05  7.013453e+03  2.415459e+03
      vertex  1.084900e+05  6.950671e+03  2.214475e+03
      vertex  1.082980e+05  7.061215e+03  2.411365e+03
    endloop
  endfacet
  facet normal  1.054523e-01  9.793919e-01 -1.722538e-01
    outer loop
      vertex  1.051800e+05  7.561179e+03  2.504282e+03
      vertex  1.051800e+05  7.588138e+03  2.657564e+03
      vertex  1.057048e+05  7.489284e+03  2.416793e+03
    endloop
  endfacet
  facet normal  9.188378e-02  9.754358e-01 -2.002056e-01
    outer loop
      vertex  1.057048e+05  7.489284e+03  2.416793e+03
      vertex  1.051800e+05  7.588138e+03  2.657564e+03
      vertex  1.057025e+05  7.519775e+03  2.564280e+03
    endloop
  endfacet
  facet normal  1.130290e-01  9.733688e-01 -1.994433e-01
    outer loop
      vertex  1.057048e+05  7.489284e+03  2.416793e+03
      vertex  1.057025e+05  7.519775e+03  2.564280e+03
      vertex  1.059743e+05  7.457267e+03  2.413232e+03
    endloop
  endfacet
  facet normal  1.070815e-01  9.719180e-01 -2.095442e-01
    outer loop
      vertex  1.059743e+05  7.457267e+03  2.413232e+03
      vertex  1.057025e+05  7.519775e+03  2.564280e+03
      vertex  1.059723e+05  7.489262e+03  2.560650e+03
    endloop
  endfacet
  facet normal  1.206751e-01  9.704320e-01 -2.090437e-01
    outer loop
      vertex  1.059743e+05  7.457267e+03  2.413232e+03
      vertex  1.059723e+05  7.489262e+03  2.560650e+03
      vertex  1.062429e+05  7.423171e+03  2.410058e+03
    endloop
  endfacet
  facet normal  1.148198e-01  9.689634e-01 -2.189212e-01
    outer loop
      vertex  1.062429e+05  7.423171e+03  2.410058e+03
      vertex  1.059723e+05  7.489262e+03  2.560650e+03
      vertex  1.062414e+05  7.456644e+03  2.557409e+03
    endloop
  endfacet
  facet normal  1.307536e-01  9.670765e-01 -2.183270e-01
    outer loop
      vertex  1.062429e+05  7.423171e+03  2.410058e+03
      vertex  1.062414e+05  7.456644e+03  2.557409e+03
      vertex  1.066000e+05  7.374114e+03  2.406596e+03
    endloop
  endfacet
  facet normal  1.249495e-01  9.649110e-01 -2.309421e-01
    outer loop
      vertex  1.066000e+05  7.374114e+03  2.406596e+03
      vertex  1.062414e+05  7.456644e+03  2.557409e+03
      vertex  1.065990e+05  7.409496e+03  2.553866e+03
    endloop
  endfacet
  facet normal  1.437511e-01  9.624624e-01 -2.302212e-01
    outer loop
      vertex  1.066000e+05  7.374114e+03  2.406596e+03
      vertex  1.065990e+05  7.409496e+03  2.553866e+03
      vertex  1.069556e+05  7.320442e+03  2.404256e+03
    endloop
  endfacet
  facet normal  1.382409e-01  9.603524e-01 -2.421005e-01
    outer loop
      vertex  1.069556e+05  7.320442e+03  2.404256e+03
      vertex  1.065990e+05  7.409496e+03  2.553866e+03
      vertex  1.069550e+05  7.357636e+03  2.551454e+03
    endloop
  endfacet
  facet normal  1.586416e-01  9.574028e-01 -2.412729e-01
    outer loop
      vertex  1.069556e+05  7.320442e+03  2.404256e+03
      vertex  1.069550e+05  7.357636e+03  2.551454e+03
      vertex  1.073096e+05  7.261547e+03  2.403333e+03
    endloop
  endfacet
  facet normal  1.535451e-01  9.554189e-01 -2.521876e-01
    outer loop
      vertex  1.073096e+05  7.261547e+03  2.403333e+03
      vertex  1.069550e+05  7.357636e+03  2.551454e+03
      vertex  1.073094e+05  7.300419e+03  2.550470e+03
    endloop
  endfacet
  facet normal  1.768415e-01  9.516546e-01 -2.511584e-01
    outer loop
      vertex  1.073096e+05  7.261547e+03  2.403333e+03
      vertex  1.073094e+05  7.300419e+03  2.550470e+03
      vertex  1.077059e+05  7.188201e+03  2.404401e+03
    endloop
  endfacet
  facet normal  1.722799e-01  9.495810e-01 -2.619458e-01
    outer loop
      vertex  1.077059e+05  7.188201e+03  2.404401e+03
      vertex  1.073094e+05  7.300419e+03  2.550470e+03
      vertex  1.077059e+05  7.228758e+03  2.551485e+03
    endloop
  endfacet
  facet normal  1.989753e-01  9.447145e-01 -2.606209e-01
    outer loop
      vertex  1.077059e+05  7.188201e+03  2.404401e+03
      vertex  1.077059e+05  7.228758e+03  2.551485e+03
      vertex  1.080996e+05  7.106321e+03  2.408207e+03
    endloop
  endfacet
  facet normal  1.881869e-01  9.396017e-01 -2.858923e-01
    outer loop
      vertex  1.080996e+05  7.106321e+03  2.408207e+03
      vertex  1.077059e+05  7.228758e+03  2.551485e+03
      vertex  1.079033e+05  7.189698e+03  2.552991e+03
    endloop
  endfacet
  facet normal  2.014800e-01  9.417937e-01 -2.691284e-01
    outer loop
      vertex  1.080996e+05  7.106321e+03  2.408207e+03
      vertex  1.079033e+05  7.189698e+03  2.552991e+03
      vertex  1.080999e+05  7.148285e+03  2.555259e+03
    endloop
  endfacet
  facet normal  2.636786e-01  9.300894e-01 -2.557485e-01
    outer loop
      vertex  1.086205e+05  7.065713e+03  2.713475e+03
      vertex  1.088783e+05  7.034568e+03  2.866005e+03
      vertex  1.086203e+05  7.025100e+03  2.565620e+03
    endloop
  endfacet
  facet normal  2.514194e-01  9.362476e-01 -2.454152e-01
    outer loop
      vertex  1.086203e+05  7.025100e+03  2.565620e+03
      vertex  1.088783e+05  7.034568e+03  2.866005e+03
      vertex  1.088782e+05  6.990875e+03  2.699273e+03
    endloop
  endfacet
  facet normal  2.618988e-01  9.271476e-01 -2.679673e-01
    outer loop
      vertex  1.086203e+05  7.025100e+03  2.565620e+03
      vertex  1.088782e+05  6.990875e+03  2.699273e+03
      vertex  1.086873e+05  6.964210e+03  2.420431e+03
    endloop
  endfacet
  facet normal  2.531763e-01  9.311599e-01 -2.623792e-01
    outer loop
      vertex  1.086873e+05  6.964210e+03  2.420431e+03
      vertex  1.088782e+05  6.990875e+03  2.699273e+03
      vertex  1.088782e+05  6.944135e+03  2.533358e+03
    endloop
  endfacet
  facet normal  2.633482e-01  9.228540e-01 -2.810482e-01
    outer loop
      vertex  1.086873e+05  6.964210e+03  2.420431e+03
      vertex  1.088782e+05  6.944135e+03  2.533358e+03
      vertex  1.088781e+05  6.890266e+03  2.356429e+03
    endloop
  endfacet
  facet normal  1.003035e-01  9.823170e-01 -1.580900e-01
    outer loop
      vertex  1.051800e+05  7.588138e+03  2.657564e+03
      vertex  1.051800e+05  7.612896e+03  2.811398e+03
      vertex  1.057025e+05  7.519775e+03  2.564280e+03
    endloop
  endfacet
  facet normal  8.722932e-02  9.789600e-01 -1.844678e-01
    outer loop
      vertex  1.057025e+05  7.519775e+03  2.564280e+03
      vertex  1.051800e+05  7.612896e+03  2.811398e+03
      vertex  1.056999e+05  7.547949e+03  2.712588e+03
    endloop
  endfacet
  facet normal  1.080058e-01  9.770229e-01 -1.837419e-01
    outer loop
      vertex  1.057025e+05  7.519775e+03  2.564280e+03
      vertex  1.056999e+05  7.547949e+03  2.712588e+03
      vertex  1.059723e+05  7.489262e+03  2.560650e+03
    endloop
  endfacet
  facet normal  1.024473e-01  9.757901e-01 -1.932311e-01
    outer loop
      vertex  1.059723e+05  7.489262e+03  2.560650e+03
      vertex  1.056999e+05  7.547949e+03  2.712588e+03
      vertex  1.059702e+05  7.518850e+03  2.708921e+03
    endloop
  endfacet
  facet normal  1.157927e-01  9.743903e-01 -1.927578e-01
    outer loop
      vertex  1.059723e+05  7.489262e+03  2.560650e+03
      vertex  1.059702e+05  7.518850e+03  2.708921e+03
      vertex  1.062414e+05  7.456644e+03  2.557409e+03
    endloop
  endfacet
  facet normal  1.103020e-01  9.731390e-01 -2.020737e-01
    outer loop
      vertex  1.062414e+05  7.456644e+03  2.557409e+03
      vertex  1.059702e+05  7.518850e+03  2.708921e+03
      vertex  1.062396e+05  7.487626e+03  2.705643e+03
    endloop
  endfacet
  facet normal  1.260886e-01  9.713374e-01 -2.015082e-01
    outer loop
      vertex  1.062414e+05  7.456644e+03  2.557409e+03
      vertex  1.062396e+05  7.487626e+03  2.705643e+03
      vertex  1.065990e+05  7.409496e+03  2.553866e+03
    endloop
  endfacet
  facet normal  1.206175e-01  9.694688e-01 -2.134987e-01
    outer loop
      vertex  1.065990e+05  7.409496e+03  2.553866e+03
      vertex  1.062396e+05  7.487626e+03  2.705643e+03
      vertex  1.065977e+05  7.442289e+03  2.702049e+03
    endloop
  endfacet
  facet normal  1.394215e-01  9.670952e-01 -2.128108e-01
    outer loop
      vertex  1.065990e+05  7.409496e+03  2.553866e+03
      vertex  1.065977e+05  7.442289e+03  2.702049e+03
      vertex  1.069550e+05  7.357636e+03  2.551454e+03
    endloop
  endfacet
  facet normal  1.341850e-01  9.652600e-01 -2.242042e-01
    outer loop
      vertex  1.069550e+05  7.357636e+03  2.551454e+03
      vertex  1.065977e+05  7.442289e+03  2.702049e+03
      vertex  1.069542e+05  7.392159e+03  2.699584e+03
    endloop
  endfacet
  facet normal  1.547460e-01  9.623619e-01 -2.234128e-01
    outer loop
      vertex  1.069550e+05  7.357636e+03  2.551454e+03
      vertex  1.069542e+05  7.392159e+03  2.699584e+03
      vertex  1.073094e+05  7.300419e+03  2.550470e+03
    endloop
  endfacet
  facet normal  1.498412e-01  9.606149e-01 -2.340228e-01
    outer loop
      vertex  1.073094e+05  7.300419e+03  2.550470e+03
      vertex  1.069542e+05  7.392159e+03  2.699584e+03
      vertex  1.073090e+05  7.336563e+03  2.698547e+03
    endloop
  endfacet
  facet normal  1.735217e-01  9.568620e-01 -2.330355e-01
    outer loop
      vertex  1.073094e+05  7.300419e+03  2.550470e+03
      vertex  1.073090e+05  7.336563e+03  2.698547e+03
      vertex  1.077059e+05  7.228758e+03  2.551485e+03
    endloop
  endfacet
  facet normal  1.690531e-01  9.549957e-01 -2.437299e-01
    outer loop
      vertex  1.077059e+05  7.228758e+03  2.551485e+03
      vertex  1.073090e+05  7.336563e+03  2.698547e+03
      vertex  1.077058e+05  7.266551e+03  2.699499e+03
    endloop
  endfacet
  facet normal  1.901662e-01  9.512640e-01 -2.427626e-01
    outer loop
      vertex  1.077059e+05  7.228758e+03  2.551485e+03
      vertex  1.077058e+05  7.266551e+03  2.699499e+03
      vertex  1.079033e+05  7.189698e+03  2.552991e+03
    endloop
  endfacet
  facet normal  1.863887e-01  9.507669e-01 -2.475919e-01
    outer loop
      vertex  1.079033e+05  7.189698e+03  2.552991e+03
      vertex  1.077058e+05  7.266551e+03  2.699499e+03
      vertex  1.079033e+05  7.228231e+03  2.700973e+03
    endloop
  endfacet
  facet normal  2.024629e-01  9.476831e-01 -2.467906e-01
    outer loop
      vertex  1.079033e+05  7.189698e+03  2.552991e+03
      vertex  1.079033e+05  7.228231e+03  2.700973e+03
      vertex  1.080999e+05  7.148285e+03  2.555259e+03
    endloop
  endfacet
  facet normal  1.990448e-01  9.472569e-01 -2.511683e-01
    outer loop
      vertex  1.080999e+05  7.148285e+03  2.555259e+03
      vertex  1.079033e+05  7.228231e+03  2.700973e+03
      vertex  1.081000e+05  7.187491e+03  2.703208e+03
    endloop
  endfacet
  facet normal  2.180052e-01  9.433455e-01 -2.501459e-01
    outer loop
      vertex  1.080999e+05  7.148285e+03  2.555259e+03
      vertex  1.081000e+05  7.187491e+03  2.703208e+03
      vertex  1.083608e+05  7.089128e+03  2.559599e+03
    endloop
  endfacet
  facet normal  2.150261e-01  9.426985e-01 -2.551139e-01
    outer loop
      vertex  1.083608e+05  7.089128e+03  2.559599e+03
      vertex  1.081000e+05  7.187491e+03  2.703208e+03
      vertex  1.083610e+05  7.129114e+03  2.707501e+03
    endloop
  endfacet
  facet normal  2.372569e-01  9.377096e-01 -2.537909e-01
    outer loop
      vertex  1.083608e+05  7.089128e+03  2.559599e+03
      vertex  1.083610e+05  7.129114e+03  2.707501e+03
      vertex  1.086203e+05  7.025100e+03  2.565620e+03
    endloop
  endfacet
  facet normal  2.349368e-01  9.372324e-01 -2.576818e-01
    outer loop
      vertex  1.086203e+05  7.025100e+03  2.565620e+03
      vertex  1.083610e+05  7.129114e+03  2.707501e+03
      vertex  1.086205e+05  7.065713e+03  2.713475e+03
    endloop
  endfacet
  facet normal  8.730631e-02  9.864169e-01 -1.391379e-01
    outer loop
      vertex  1.051800e+05  7.612896e+03  2.811398e+03
      vertex  1.051800e+05  7.656476e+03  3.120362e+03
      vertex  1.056970e+05  7.575595e+03  2.871360e+03
    endloop
  endfacet
  facet normal  6.365471e-02  9.804288e-01 -1.862997e-01
    outer loop
      vertex  1.056970e+05  7.575595e+03  2.871360e+03
      vertex  1.051800e+05  7.656476e+03  3.120362e+03
      vertex  1.054696e+05  7.621270e+03  3.034023e+03
    endloop
  endfacet
  facet normal  8.810651e-02  9.842612e-01 -1.531892e-01
    outer loop
      vertex  1.056970e+05  7.575595e+03  2.871360e+03
      vertex  1.054696e+05  7.621270e+03  3.034023e+03
      vertex  1.057886e+05  7.591998e+03  3.029455e+03
    endloop
  endfacet
  facet normal  2.523960e-01  9.403832e-01 -2.279819e-01
    outer loop
      vertex  1.088783e+05  7.085444e+03  3.075913e+03
      vertex  1.088783e+05  7.034568e+03  2.866005e+03
      vertex  1.085775e+05  7.154975e+03  3.029620e+03
    endloop
  endfacet
  facet normal  2.569253e-01  9.410276e-01 -2.201282e-01
    outer loop
      vertex  1.085775e+05  7.154975e+03  3.029620e+03
      vertex  1.088783e+05  7.034568e+03  2.866005e+03
      vertex  1.086206e+05  7.106276e+03  2.871760e+03
    endloop
  endfacet
  facet normal  2.250607e-01  9.466701e-01 -2.305723e-01
    outer loop
      vertex  1.085775e+05  7.154975e+03  3.029620e+03
      vertex  1.086206e+05  7.106276e+03  2.871760e+03
      vertex  1.082741e+05  7.225583e+03  3.023412e+03
    endloop
  endfacet
  facet normal  2.339509e-01  9.488575e-01 -2.119819e-01
    outer loop
      vertex  1.082741e+05  7.225583e+03  3.023412e+03
      vertex  1.086206e+05  7.106276e+03  2.871760e+03
      vertex  1.083611e+05  7.168947e+03  2.865883e+03
    endloop
  endfacet
  facet normal  2.130462e-01  9.509529e-01 -2.242763e-01
    outer loop
      vertex  1.082741e+05  7.225583e+03  3.023412e+03
      vertex  1.083611e+05  7.168947e+03  2.865883e+03
      vertex  1.080999e+05  7.226457e+03  2.861670e+03
    endloop
  endfacet
  facet normal  6.763881e-02  9.951068e-01 -7.202354e-02
    outer loop
      vertex  1.051800e+05  7.749342e+03  4.043564e+03
      vertex  1.051800e+05  7.766668e+03  4.282950e+03
      vertex  1.054648e+05  7.716957e+03  3.863590e+03
    endloop
  endfacet
  facet normal  4.790967e-02  9.951914e-01 -8.543281e-02
    outer loop
      vertex  1.054648e+05  7.716957e+03  3.863590e+03
      vertex  1.051800e+05  7.766668e+03  4.282950e+03
      vertex  1.054638e+05  7.734869e+03  4.071657e+03
    endloop
  endfacet
  facet normal  6.939741e-02  9.939427e-01 -8.521719e-02
    outer loop
      vertex  1.054648e+05  7.716957e+03  3.863590e+03
      vertex  1.054638e+05  7.734869e+03  4.071657e+03
      vertex  1.058020e+05  7.693037e+03  3.859201e+03
    endloop
  endfacet
  facet normal  6.511917e-02  9.936305e-01 -9.196725e-02
    outer loop
      vertex  1.058020e+05  7.693037e+03  3.859201e+03
      vertex  1.054638e+05  7.734869e+03  4.071657e+03
      vertex  1.058062e+05  7.712026e+03  4.067341e+03
    endloop
  endfacet
  facet normal  7.783552e-02  9.926994e-01 -9.213910e-02
    outer loop
      vertex  1.058020e+05  7.693037e+03  3.859201e+03
      vertex  1.058062e+05  7.712026e+03  4.067341e+03
      vertex  1.061019e+05  7.669191e+03  3.855657e+03
    endloop
  endfacet
  facet normal  7.341223e-02  9.924485e-01 -9.826759e-02
    outer loop
      vertex  1.061019e+05  7.669191e+03  3.855657e+03
      vertex  1.058062e+05  7.712026e+03  4.067341e+03
      vertex  1.061019e+05  7.689817e+03  4.063957e+03
    endloop
  endfacet
  facet normal  8.704671e-02  9.913566e-01 -9.815845e-02
    outer loop
      vertex  1.061019e+05  7.669191e+03  3.855657e+03
      vertex  1.061019e+05  7.689817e+03  4.063957e+03
      vertex  1.064009e+05  7.642638e+03  3.852574e+03
    endloop
  endfacet
  facet normal  8.232404e-02  9.910826e-01 -1.047764e-01
    outer loop
      vertex  1.064009e+05  7.642638e+03  3.852574e+03
      vertex  1.061019e+05  7.689817e+03  4.063957e+03
      vertex  1.063967e+05  7.665022e+03  4.061005e+03
    endloop
  endfacet
  facet normal  1.000498e-01  9.895060e-01 -1.042497e-01
    outer loop
      vertex  1.064009e+05  7.642638e+03  3.852574e+03
      vertex  1.063967e+05  7.665022e+03  4.061005e+03
      vertex  1.068217e+05  7.599740e+03  3.849236e+03
    endloop
  endfacet
  facet normal  9.498052e-02  9.889027e-01 -1.142371e-01
    outer loop
      vertex  1.068217e+05  7.599740e+03  3.849236e+03
      vertex  1.063967e+05  7.665022e+03  4.061005e+03
      vertex  1.068182e+05  7.624160e+03  4.057745e+03
    endloop
  endfacet
  facet normal  1.180305e-01  9.864940e-01 -1.135715e-01
    outer loop
      vertex  1.068217e+05  7.599740e+03  3.849236e+03
      vertex  1.068182e+05  7.624160e+03  4.057745e+03
      vertex  1.072400e+05  7.549485e+03  3.847445e+03
    endloop
  endfacet
  facet normal  1.127082e-01  9.858580e-01 -1.240200e-01
    outer loop
      vertex  1.072400e+05  7.549485e+03  3.847445e+03
      vertex  1.068182e+05  7.624160e+03  4.057745e+03
      vertex  1.072373e+05  7.576030e+03  4.055978e+03
    endloop
  endfacet
  facet normal  1.336308e-01  9.833157e-01 -1.234228e-01
    outer loop
      vertex  1.072400e+05  7.549485e+03  3.847445e+03
      vertex  1.072373e+05  7.576030e+03  4.055978e+03
      vertex  1.074481e+05  7.521183e+03  3.847264e+03
    endloop
  endfacet
  facet normal  1.282164e-01  9.833343e-01 -1.288968e-01
    outer loop
      vertex  1.074481e+05  7.521183e+03  3.847264e+03
      vertex  1.072373e+05  7.576030e+03  4.055978e+03
      vertex  1.074457e+05  7.548823e+03  4.055784e+03
    endloop
  endfacet
  facet normal  1.453284e-01  9.810168e-01 -1.283960e-01
    outer loop
      vertex  1.074481e+05  7.521183e+03  3.847264e+03
      vertex  1.074457e+05  7.548823e+03  4.055784e+03
      vertex  1.076554e+05  7.490521e+03  3.847640e+03
    endloop
  endfacet
  facet normal  1.397909e-01  9.810736e-01 -1.339898e-01
    outer loop
      vertex  1.076554e+05  7.490521e+03  3.847640e+03
      vertex  1.074457e+05  7.548823e+03  4.055784e+03
      vertex  1.076534e+05  7.519279e+03  4.056126e+03
    endloop
  endfacet
  facet normal  1.614824e-01  9.778269e-01 -1.333347e-01
    outer loop
      vertex  1.076554e+05  7.490521e+03  3.847640e+03
      vertex  1.076534e+05  7.519279e+03  4.056126e+03
      vertex  1.079647e+05  7.439673e+03  3.849386e+03
    endloop
  endfacet
  facet normal  1.557545e-01  9.775568e-01 -1.418565e-01
    outer loop
      vertex  1.079647e+05  7.439673e+03  3.849386e+03
      vertex  1.076534e+05  7.519279e+03  4.056126e+03
      vertex  1.079633e+05  7.470147e+03  4.057781e+03
    endloop
  endfacet
  facet normal  1.830808e-01  9.729356e-01 -1.409892e-01
    outer loop
      vertex  1.079647e+05  7.439673e+03  3.849386e+03
      vertex  1.079633e+05  7.470147e+03  4.057781e+03
      vertex  1.082719e+05  7.382362e+03  3.852762e+03
    endloop
  endfacet
  facet normal  1.771781e-01  9.727147e-01 -1.497803e-01
    outer loop
      vertex  1.082719e+05  7.382362e+03  3.852762e+03
      vertex  1.079633e+05  7.470147e+03  4.057781e+03
      vertex  1.082709e+05  7.414599e+03  4.061008e+03
    endloop
  endfacet
  facet normal  2.073830e-01  9.668858e-01 -1.487420e-01
    outer loop
      vertex  1.082719e+05  7.382362e+03  3.852762e+03
      vertex  1.082709e+05  7.414599e+03  4.061008e+03
      vertex  1.085766e+05  7.317817e+03  3.858021e+03
    endloop
  endfacet
  facet normal  2.013227e-01  9.667318e-01 -1.577936e-01
    outer loop
      vertex  1.085766e+05  7.317817e+03  3.858021e+03
      vertex  1.082709e+05  7.414599e+03  4.061008e+03
      vertex  1.085762e+05  7.351862e+03  4.066051e+03
    endloop
  endfacet
  facet normal  2.213514e-01  9.624643e-01 -1.570538e-01
    outer loop
      vertex  1.085766e+05  7.317817e+03  3.858021e+03
      vertex  1.085762e+05  7.351862e+03  4.066051e+03
      vertex  1.087277e+05  7.317539e+03  4.069335e+03
    endloop
  endfacet
  facet normal  2.206234e-01  9.634793e-01 -1.517661e-01
    outer loop
      vertex  1.088787e+05  7.363057e+03  4.589240e+03
      vertex  1.088786e+05  7.293780e+03  4.149292e+03
      vertex  1.087271e+05  7.392080e+03  4.553183e+03
    endloop
  endfacet
  facet normal  2.391795e-01  9.602353e-01 -1.440187e-01
    outer loop
      vertex  1.087271e+05  7.392080e+03  4.553183e+03
      vertex  1.088786e+05  7.293780e+03  4.149292e+03
      vertex  1.087275e+05  7.350625e+03  4.277380e+03
    endloop
  endfacet
  facet normal  2.056026e-01  9.678040e-01 -1.452000e-01
    outer loop
      vertex  1.087271e+05  7.392080e+03  4.553183e+03
      vertex  1.087275e+05  7.350625e+03  4.277380e+03
      vertex  1.085749e+05  7.423976e+03  4.550150e+03
    endloop
  endfacet
  facet normal  2.150374e-01  9.665781e-01 -1.395908e-01
    outer loop
      vertex  1.085749e+05  7.423976e+03  4.550150e+03
      vertex  1.087275e+05  7.350625e+03  4.277380e+03
      vertex  1.085756e+05  7.383952e+03  4.274216e+03
    endloop
  endfacet
  facet normal  1.863420e-01  9.723849e-01 -1.405143e-01
    outer loop
      vertex  1.085749e+05  7.423976e+03  4.550150e+03
      vertex  1.085756e+05  7.383952e+03  4.274216e+03
      vertex  1.082683e+05  7.482059e+03  4.545501e+03
    endloop
  endfacet
  facet normal  1.953920e-01  9.720523e-01 -1.301398e-01
    outer loop
      vertex  1.082683e+05  7.482059e+03  4.545501e+03
      vertex  1.085756e+05  7.383952e+03  4.274216e+03
      vertex  1.082699e+05  7.444764e+03  4.269362e+03
    endloop
  endfacet
  facet normal  1.630867e-01  9.778609e-01 -1.311135e-01
    outer loop
      vertex  1.082683e+05  7.482059e+03  4.545501e+03
      vertex  1.082699e+05  7.444764e+03  4.269362e+03
      vertex  1.079592e+05  7.533208e+03  4.542536e+03
    endloop
  endfacet
  facet normal  1.715596e-01  9.776636e-01 -1.214132e-01
    outer loop
      vertex  1.079592e+05  7.533208e+03  4.542536e+03
      vertex  1.082699e+05  7.444764e+03  4.269362e+03
      vertex  1.079616e+05  7.498472e+03  4.266264e+03
    endloop
  endfacet
  facet normal  1.425117e-01  9.822156e-01 -1.222410e-01
    outer loop
      vertex  1.079592e+05  7.533208e+03  4.542536e+03
      vertex  1.079616e+05  7.498472e+03  4.266264e+03
      vertex  1.076479e+05  7.578179e+03  4.541029e+03
    endloop
  endfacet
  facet normal  1.504447e-01  9.821211e-01 -1.131573e-01
    outer loop
      vertex  1.076479e+05  7.578179e+03  4.541029e+03
      vertex  1.079616e+05  7.498472e+03  4.266264e+03
      vertex  1.076512e+05  7.545845e+03  4.264684e+03
    endloop
  endfacet
  facet normal  1.272226e-01  9.853240e-01 -1.138031e-01
    outer loop
      vertex  1.076479e+05  7.578179e+03  4.541029e+03
      vertex  1.076512e+05  7.545845e+03  4.264684e+03
      vertex  1.074394e+05  7.605075e+03  4.540729e+03
    endloop
  endfacet
  facet normal  1.346964e-01  9.849842e-01 -1.079959e-01
    outer loop
      vertex  1.074394e+05  7.605075e+03  4.540729e+03
      vertex  1.076512e+05  7.545845e+03  4.264684e+03
      vertex  1.074431e+05  7.574261e+03  4.264366e+03
    endloop
  endfacet
  facet normal  1.161604e-01  9.872860e-01 -1.085041e-01
    outer loop
      vertex  1.074394e+05  7.605075e+03  4.540729e+03
      vertex  1.074431e+05  7.574261e+03  4.264366e+03
      vertex  1.072300e+05  7.629728e+03  4.540928e+03
    endloop
  endfacet
  facet normal  1.233079e-01  9.870147e-01 -1.029423e-01
    outer loop
      vertex  1.072300e+05  7.629728e+03  4.540928e+03
      vertex  1.074431e+05  7.574261e+03  4.264366e+03
      vertex  1.072343e+05  7.600372e+03  4.264566e+03
    endloop
  endfacet
  facet normal  1.013843e-01  9.894448e-01 -1.035388e-01
    outer loop
      vertex  1.072300e+05  7.629728e+03  4.540928e+03
      vertex  1.072343e+05  7.600372e+03  4.264566e+03
      vertex  1.068092e+05  7.673021e+03  4.542604e+03
    endloop
  endfacet
  facet normal  1.081548e-01  9.897493e-01 -9.326740e-02
    outer loop
      vertex  1.068092e+05  7.673021e+03  4.542604e+03
      vertex  1.072343e+05  7.600372e+03  4.264566e+03
      vertex  1.068145e+05  7.646408e+03  4.266300e+03
    endloop
  endfacet
  facet normal  8.454397e-02  9.919823e-01 -9.393311e-02
    outer loop
      vertex  1.068092e+05  7.673021e+03  4.542604e+03
      vertex  1.068145e+05  7.646408e+03  4.266300e+03
      vertex  1.063860e+05  7.709382e+03  4.545663e+03
    endloop
  endfacet
  facet normal  9.075924e-02  9.922842e-01 -8.446775e-02
    outer loop
      vertex  1.063860e+05  7.709382e+03  4.545663e+03
      vertex  1.068145e+05  7.646408e+03  4.266300e+03
      vertex  1.063922e+05  7.685300e+03  4.269475e+03
    endloop
  endfacet
  facet normal  7.274609e-02  9.937217e-01 -8.500071e-02
    outer loop
      vertex  1.063860e+05  7.709382e+03  4.545663e+03
      vertex  1.063922e+05  7.685300e+03  4.269475e+03
      vertex  1.061021e+05  7.730393e+03  4.548307e+03
    endloop
  endfacet
  facet normal  7.837802e-02  9.937768e-01 -7.914879e-02
    outer loop
      vertex  1.061021e+05  7.730393e+03  4.548307e+03
      vertex  1.063922e+05  7.685300e+03  4.269475e+03
      vertex  1.061020e+05  7.708419e+03  4.272294e+03
    endloop
  endfacet
  facet normal  6.464586e-02  9.947587e-01 -7.922114e-02
    outer loop
      vertex  1.061021e+05  7.730393e+03  4.548307e+03
      vertex  1.061020e+05  7.708419e+03  4.272294e+03
      vertex  1.058173e+05  7.749138e+03  4.551323e+03
    endloop
  endfacet
  facet normal  6.978448e-02  9.948145e-01 -7.398731e-02
    outer loop
      vertex  1.058173e+05  7.749138e+03  4.551323e+03
      vertex  1.061020e+05  7.708419e+03  4.272294e+03
      vertex  1.058108e+05  7.729084e+03  4.275518e+03
    endloop
  endfacet
  facet normal  5.680192e-02  9.956585e-01 -7.374088e-02
    outer loop
      vertex  1.058173e+05  7.749138e+03  4.551323e+03
      vertex  1.058108e+05  7.729084e+03  4.275518e+03
      vertex  1.054616e+05  7.769738e+03  4.555479e+03
    endloop
  endfacet
  facet normal  6.167157e-02  9.957986e-01 -6.768799e-02
    outer loop
      vertex  1.054616e+05  7.769738e+03  4.555479e+03
      vertex  1.058108e+05  7.729084e+03  4.275518e+03
      vertex  1.054628e+05  7.750924e+03  4.279763e+03
    endloop
  endfacet
  facet normal  4.161821e-02  9.968275e-01 -6.784342e-02
    outer loop
      vertex  1.054616e+05  7.769738e+03  4.555479e+03
      vertex  1.054628e+05  7.750924e+03  4.279763e+03
      vertex  1.051800e+05  7.795540e+03  4.761829e+03
    endloop
  endfacet
  facet normal  5.481294e-02  9.966869e-01 -6.009013e-02
    outer loop
      vertex  1.051800e+05  7.795540e+03  4.761829e+03
      vertex  1.054628e+05  7.750924e+03  4.279763e+03
      vertex  1.051800e+05  7.766668e+03  4.282950e+03
    endloop
  endfacet
  facet normal  2.096866e-01  9.672998e-01 -1.426977e-01
    outer loop
      vertex  1.088788e+05  7.406327e+03  4.882645e+03
      vertex  1.088787e+05  7.363057e+03  4.589240e+03
      vertex  1.087267e+05  7.431374e+03  4.829016e+03
    endloop
  endfacet
  facet normal  2.177263e-01  9.663018e-01 -1.373176e-01
    outer loop
      vertex  1.087267e+05  7.431374e+03  4.829016e+03
      vertex  1.088787e+05  7.363057e+03  4.589240e+03
      vertex  1.087271e+05  7.392080e+03  4.553183e+03
    endloop
  endfacet
  facet normal  1.955047e-01  9.709430e-01 -1.380134e-01
    outer loop
      vertex  1.087267e+05  7.431374e+03  4.829016e+03
      vertex  1.087271e+05  7.392080e+03  4.553183e+03
      vertex  1.085740e+05  7.461714e+03  4.826084e+03
    endloop
  endfacet
  facet normal  2.057301e-01  9.696724e-01 -1.319496e-01
    outer loop
      vertex  1.085740e+05  7.461714e+03  4.826084e+03
      vertex  1.087271e+05  7.392080e+03  4.553183e+03
      vertex  1.085749e+05  7.423976e+03  4.550150e+03
    endloop
  endfacet
  facet normal  1.768614e-01  9.752349e-01 -1.328044e-01
    outer loop
      vertex  1.085740e+05  7.461714e+03  4.826084e+03
      vertex  1.085749e+05  7.423976e+03  4.550150e+03
      vertex  1.082664e+05  7.516872e+03  4.821586e+03
    endloop
  endfacet
  facet normal  1.865299e-01  9.748827e-01 -1.216980e-01
    outer loop
      vertex  1.082664e+05  7.516872e+03  4.821586e+03
      vertex  1.085749e+05  7.423976e+03  4.550150e+03
      vertex  1.082683e+05  7.482059e+03  4.545501e+03
    endloop
  endfacet
  facet normal  1.543886e-01  9.803739e-01 -1.226023e-01
    outer loop
      vertex  1.082664e+05  7.516872e+03  4.821586e+03
      vertex  1.082683e+05  7.482059e+03  4.545501e+03
      vertex  1.079565e+05  7.565324e+03  4.818715e+03
    endloop
  endfacet
  facet normal  1.632870e-01  9.801569e-01 -1.123819e-01
    outer loop
      vertex  1.079565e+05  7.565324e+03  4.818715e+03
      vertex  1.082683e+05  7.482059e+03  4.545501e+03
      vertex  1.079592e+05  7.533208e+03  4.542536e+03
    endloop
  endfacet
  facet normal  1.345333e-01  9.844266e-01 -1.131598e-01
    outer loop
      vertex  1.079565e+05  7.565324e+03  4.818715e+03
      vertex  1.079592e+05  7.533208e+03  4.542536e+03
      vertex  1.076444e+05  7.607807e+03  4.817251e+03
    endloop
  endfacet
  facet normal  1.427248e-01  9.843106e-01 -1.037416e-01
    outer loop
      vertex  1.076444e+05  7.607807e+03  4.817251e+03
      vertex  1.079592e+05  7.533208e+03  4.542536e+03
      vertex  1.076479e+05  7.578179e+03  4.541029e+03
    endloop
  endfacet
  facet normal  1.198018e-01  9.872978e-01 -1.043571e-01
    outer loop
      vertex  1.076444e+05  7.607807e+03  4.817251e+03
      vertex  1.076479e+05  7.578179e+03  4.541029e+03
      vertex  1.074353e+05  7.633151e+03  4.816956e+03
    endloop
  endfacet
  facet normal  1.274108e-01  9.869545e-01 -9.842400e-02
    outer loop
      vertex  1.074353e+05  7.633151e+03  4.816956e+03
      vertex  1.076479e+05  7.578179e+03  4.541029e+03
      vertex  1.074394e+05  7.605075e+03  4.540729e+03
    endloop
  endfacet
  facet normal  1.091518e-01  9.890916e-01 -9.891233e-02
    outer loop
      vertex  1.074353e+05  7.633151e+03  4.816956e+03
      vertex  1.074394e+05  7.605075e+03  4.540729e+03
      vertex  1.072254e+05  7.656332e+03  4.817142e+03
    endloop
  endfacet
  facet normal  1.163552e-01  9.888172e-01 -9.328473e-02
    outer loop
      vertex  1.072254e+05  7.656332e+03  4.817142e+03
      vertex  1.074394e+05  7.605075e+03  4.540729e+03
      vertex  1.072300e+05  7.629728e+03  4.540928e+03
    endloop
  endfacet
  facet normal  9.495599e-02  9.910468e-01 -9.385901e-02
    outer loop
      vertex  1.072254e+05  7.656332e+03  4.817142e+03
      vertex  1.072300e+05  7.629728e+03  4.540928e+03
      vertex  1.068036e+05  7.696900e+03  4.818748e+03
    endloop
  endfacet
  facet normal  1.016542e-01  9.912977e-01 -8.363781e-02
    outer loop
      vertex  1.068036e+05  7.696900e+03  4.818748e+03
      vertex  1.072300e+05  7.629728e+03  4.540928e+03
      vertex  1.068092e+05  7.673021e+03  4.542604e+03
    endloop
  endfacet
  facet normal  7.879117e-02  9.933220e-01 -8.428115e-02
    outer loop
      vertex  1.068036e+05  7.696900e+03  4.818748e+03
      vertex  1.068092e+05  7.673021e+03  4.542604e+03
      vertex  1.063794e+05  7.730799e+03  4.821690e+03
    endloop
  endfacet
  facet normal  8.481654e-02  9.935661e-01 -7.505104e-02
    outer loop
      vertex  1.063794e+05  7.730799e+03  4.821690e+03
      vertex  1.068092e+05  7.673021e+03  4.542604e+03
      vertex  1.063860e+05  7.709382e+03  4.545663e+03
    endloop
  endfacet
  facet normal  6.759574e-02  9.948471e-01 -7.556424e-02
    outer loop
      vertex  1.063794e+05  7.730799e+03  4.821690e+03
      vertex  1.063860e+05  7.709382e+03  4.545663e+03
      vertex  1.061023e+05  7.749813e+03  4.824164e+03
    endloop
  endfacet
  facet normal  7.296974e-02  9.948680e-01 -7.009273e-02
    outer loop
      vertex  1.061023e+05  7.749813e+03  4.824164e+03
      vertex  1.063860e+05  7.709382e+03  4.545663e+03
      vertex  1.061021e+05  7.730393e+03  4.548307e+03
    endloop
  endfacet
  facet normal  6.003106e-02  9.957289e-01 -7.014380e-02
    outer loop
      vertex  1.061023e+05  7.749813e+03  4.824164e+03
      vertex  1.061021e+05  7.730393e+03  4.548307e+03
      vertex  1.058244e+05  7.766763e+03  4.826980e+03
    endloop
  endfacet
  facet normal  6.485838e-02  9.957532e-01 -6.533743e-02
    outer loop
      vertex  1.058244e+05  7.766763e+03  4.826980e+03
      vertex  1.061021e+05  7.730393e+03  4.548307e+03
      vertex  1.058173e+05  7.749138e+03  4.551323e+03
    endloop
  endfacet
  facet normal  5.250192e-02  9.964989e-01 -6.506643e-02
    outer loop
      vertex  1.058244e+05  7.766763e+03  4.826980e+03
      vertex  1.058173e+05  7.749138e+03  4.551323e+03
      vertex  1.054606e+05  7.786199e+03  4.831056e+03
    endloop
  endfacet
  facet normal  5.702559e-02  9.966093e-01 -5.931192e-02
    outer loop
      vertex  1.054606e+05  7.786199e+03  4.831056e+03
      vertex  1.058173e+05  7.749138e+03  4.551323e+03
      vertex  1.054616e+05  7.769738e+03  4.555479e+03
    endloop
  endfacet
  facet normal  4.784672e-02  9.970884e-01 -5.937566e-02
    outer loop
      vertex  1.054606e+05  7.786199e+03  4.831056e+03
      vertex  1.054616e+05  7.769738e+03  4.555479e+03
      vertex  1.051800e+05  7.795540e+03  4.761829e+03
    endloop
  endfacet
  facet normal  4.588738e-02  9.976253e-01 -5.136235e-02
    outer loop
      vertex  1.054606e+05  7.786199e+03  4.831056e+03
      vertex  1.051800e+05  7.795540e+03  4.761829e+03
      vertex  1.054066e+05  7.806634e+03  5.179721e+03
    endloop
  endfacet
  facet normal  4.049072e-02  9.980047e-01 -4.844669e-02
    outer loop
      vertex  1.054066e+05  7.806634e+03  5.179721e+03
      vertex  1.051800e+05  7.795540e+03  4.761829e+03
      vertex  1.051800e+05  7.816899e+03  5.201833e+03
    endloop
  endfacet
  facet normal  4.088851e-02  9.981745e-01 -4.444999e-02
    outer loop
      vertex  1.054066e+05  7.806634e+03  5.179721e+03
      vertex  1.051800e+05  7.816899e+03  5.201833e+03
      vertex  1.057177e+05  7.809236e+03  5.524338e+03
    endloop
  endfacet
  facet normal  3.860182e-02  9.984283e-01 -4.063159e-02
    outer loop
      vertex  1.057177e+05  7.809236e+03  5.524338e+03
      vertex  1.051800e+05  7.816899e+03  5.201833e+03
      vertex  1.051800e+05  7.834803e+03  5.641767e+03
    endloop
  endfacet
  facet normal  3.811672e-02  9.983547e-01 -4.283678e-02
    outer loop
      vertex  1.057177e+05  7.809236e+03  5.524338e+03
      vertex  1.051800e+05  7.834803e+03  5.641767e+03
      vertex  1.054581e+05  7.834186e+03  5.874845e+03
    endloop
  endfacet
  facet normal  3.312453e-02  9.987706e-01 -3.687933e-02
    outer loop
      vertex  1.054581e+05  7.834186e+03  5.874845e+03
      vertex  1.051800e+05  7.834803e+03  5.641767e+03
      vertex  1.054589e+05  7.847011e+03  6.222867e+03
    endloop
  endfacet
  facet normal  2.784808e-02  9.990218e-01 -3.435240e-02
    outer loop
      vertex  1.054589e+05  7.847011e+03  6.222867e+03
      vertex  1.051800e+05  7.834803e+03  5.641767e+03
      vertex  1.051800e+05  7.857884e+03  6.313000e+03
    endloop
  endfacet
  facet normal  2.782705e-02  9.990200e-01 -3.441726e-02
    outer loop
      vertex  1.054589e+05  7.847011e+03  6.222867e+03
      vertex  1.051800e+05  7.857884e+03  6.313000e+03
      vertex  1.054623e+05  7.858429e+03  6.557054e+03
    endloop
  endfacet
  facet normal  2.437285e-02  9.992399e-01 -3.042239e-02
    outer loop
      vertex  1.054623e+05  7.858429e+03  6.557054e+03
      vertex  1.051800e+05  7.857884e+03  6.313000e+03
      vertex  1.051800e+05  7.871999e+03  6.776623e+03
    endloop
  endfacet
  facet normal  2.266330e-02  9.992110e-01 -3.261848e-02
    outer loop
      vertex  1.054623e+05  7.858429e+03  6.557054e+03
      vertex  1.051800e+05  7.871999e+03  6.776623e+03
      vertex  1.054713e+05  7.869152e+03  6.891829e+03
    endloop
  endfacet
  facet normal  2.088855e-02  9.993861e-01 -2.812636e-02
    outer loop
      vertex  1.054713e+05  7.869152e+03  6.891829e+03
      vertex  1.051800e+05  7.871999e+03  6.776623e+03
      vertex  1.051800e+05  7.887752e+03  7.336356e+03
    endloop
  endfacet
  facet normal  1.671111e-02  9.993839e-01 -3.086394e-02
    outer loop
      vertex  1.054713e+05  7.869152e+03  6.891829e+03
      vertex  1.051800e+05  7.887752e+03  7.336356e+03
      vertex  1.055032e+05  7.882735e+03  7.348922e+03
    endloop
  endfacet
  facet normal  1.412367e-01  9.814450e-01 -1.296837e-01
    outer loop
      vertex  1.088791e+05  7.627258e+03  6.509002e+03
      vertex  1.088790e+05  7.558568e+03  5.989017e+03
      vertex  1.086302e+05  7.625122e+03  6.221764e+03
    endloop
  endfacet
  facet normal  1.523229e-01  9.812867e-01 -1.177892e-01
    outer loop
      vertex  1.086302e+05  7.625122e+03  6.221764e+03
      vertex  1.088790e+05  7.558568e+03  5.989017e+03
      vertex  1.086317e+05  7.583040e+03  5.873012e+03
    endloop
  endfacet
  facet normal  1.255984e-01  9.849972e-01 -1.183453e-01
    outer loop
      vertex  1.086302e+05  7.625122e+03  6.221764e+03
      vertex  1.086317e+05  7.583040e+03  5.873012e+03
      vertex  1.083800e+05  7.656589e+03  6.218064e+03
    endloop
  endfacet
  facet normal  1.414298e-01  9.841893e-01 -1.066257e-01
    outer loop
      vertex  1.083800e+05  7.656589e+03  6.218064e+03
      vertex  1.086317e+05  7.583040e+03  5.873012e+03
      vertex  1.083828e+05  7.618396e+03  5.869237e+03
    endloop
  endfacet
  facet normal  1.120006e-01  9.879016e-01 -1.072681e-01
    outer loop
      vertex  1.083800e+05  7.656589e+03  6.218064e+03
      vertex  1.083828e+05  7.618396e+03  5.869237e+03
      vertex  1.081284e+05  7.684811e+03  6.215336e+03
    endloop
  endfacet
  facet normal  1.262674e-01  9.872754e-01 -9.666343e-02
    outer loop
      vertex  1.081284e+05  7.684811e+03  6.215336e+03
      vertex  1.083828e+05  7.618396e+03  5.869237e+03
      vertex  1.081325e+05  7.650136e+03  5.866465e+03
    endloop
  endfacet
  facet normal  1.011676e-01  9.901062e-01 -9.723594e-02
    outer loop
      vertex  1.081284e+05  7.684811e+03  6.215336e+03
      vertex  1.081325e+05  7.650136e+03  5.866465e+03
      vertex  1.079390e+05  7.704023e+03  6.213864e+03
    endloop
  endfacet
  facet normal  1.141821e-01  9.893861e-01 -8.987581e-02
    outer loop
      vertex  1.079390e+05  7.704023e+03  6.213864e+03
      vertex  1.081325e+05  7.650136e+03  5.866465e+03
      vertex  1.079439e+05  7.671762e+03  5.864979e+03
    endloop
  endfacet
  facet normal  9.265643e-02  9.915874e-01 -9.038302e-02
    outer loop
      vertex  1.079390e+05  7.704023e+03  6.213864e+03
      vertex  1.079439e+05  7.671762e+03  5.864979e+03
      vertex  1.077489e+05  7.721688e+03  6.212839e+03
    endloop
  endfacet
  facet normal  1.046769e-01  9.909896e-01 -8.355999e-02
    outer loop
      vertex  1.077489e+05  7.721688e+03  6.212839e+03
      vertex  1.079439e+05  7.671762e+03  5.864979e+03
      vertex  1.077547e+05  7.691664e+03  5.863955e+03
    endloop
  endfacet
  facet normal  8.116014e-02  9.931439e-01 -8.413244e-02
    outer loop
      vertex  1.077489e+05  7.721688e+03  6.212839e+03
      vertex  1.077547e+05  7.691664e+03  5.863955e+03
      vertex  1.073672e+05  7.752811e+03  6.211977e+03
    endloop
  endfacet
  facet normal  9.186434e-02  9.931495e-01 -7.221548e-02
    outer loop
      vertex  1.073672e+05  7.752811e+03  6.211977e+03
      vertex  1.077547e+05  7.691664e+03  5.863955e+03
      vertex  1.073744e+05  7.726775e+03  5.863132e+03
    endloop
  endfacet
  facet normal  6.781459e-02  9.950343e-01 -7.285544e-02
    outer loop
      vertex  1.073672e+05  7.752811e+03  6.211977e+03
      vertex  1.073744e+05  7.726775e+03  5.863132e+03
      vertex  1.069835e+05  7.778994e+03  6.212458e+03
    endloop
  endfacet
  facet normal  7.694051e-02  9.950655e-01 -6.264813e-02
    outer loop
      vertex  1.069835e+05  7.778994e+03  6.212458e+03
      vertex  1.073744e+05  7.726775e+03  5.863132e+03
      vertex  1.069921e+05  7.756374e+03  5.863698e+03
    endloop
  endfacet
  facet normal  5.656229e-02  9.963946e-01 -6.323465e-02
    outer loop
      vertex  1.069835e+05  7.778994e+03  6.212458e+03
      vertex  1.069921e+05  7.756374e+03  5.863698e+03
      vertex  1.065982e+05  7.800966e+03  6.214028e+03
    endloop
  endfacet
  facet normal  6.434317e-02  9.964390e-01 -5.449245e-02
    outer loop
      vertex  1.065982e+05  7.800966e+03  6.214028e+03
      vertex  1.069921e+05  7.756374e+03  5.863698e+03
      vertex  1.066080e+05  7.781271e+03  5.865386e+03
    endloop
  endfacet
  facet normal  4.740214e-02  9.973596e-01 -5.501784e-02
    outer loop
      vertex  1.065982e+05  7.800966e+03  6.214028e+03
      vertex  1.066080e+05  7.781271e+03  5.865386e+03
      vertex  1.062356e+05  7.818326e+03  6.216283e+03
    endloop
  endfacet
  facet normal  5.390774e-02  9.973860e-01 -4.811668e-02
    outer loop
      vertex  1.062356e+05  7.818326e+03  6.216283e+03
      vertex  1.066080e+05  7.781271e+03  5.865386e+03
      vertex  1.062331e+05  7.801652e+03  5.867878e+03
    endloop
  endfacet
  facet normal  3.997881e-02  9.980446e-01 -4.804856e-02
    outer loop
      vertex  1.062356e+05  7.818326e+03  6.216283e+03
      vertex  1.062331e+05  7.801652e+03  5.867878e+03
      vertex  1.058719e+05  7.833032e+03  6.219125e+03
    endloop
  endfacet
  facet normal  4.531379e-02  9.980657e-01 -4.256402e-02
    outer loop
      vertex  1.058719e+05  7.833032e+03  6.219125e+03
      vertex  1.062331e+05  7.801652e+03  5.867878e+03
      vertex  1.058570e+05  7.818863e+03  5.871015e+03
    endloop
  endfacet
  facet normal  3.341613e-02  9.985555e-01 -4.207450e-02
    outer loop
      vertex  1.058719e+05  7.833032e+03  6.219125e+03
      vertex  1.058570e+05  7.818863e+03  5.871015e+03
      vertex  1.054589e+05  7.847011e+03  6.222867e+03
    endloop
  endfacet
  facet normal  3.800653e-02  9.985965e-01 -3.688388e-02
    outer loop
      vertex  1.054589e+05  7.847011e+03  6.222867e+03
      vertex  1.058570e+05  7.818863e+03  5.871015e+03
      vertex  1.054581e+05  7.834186e+03  5.874845e+03
    endloop
  endfacet
  facet normal  1.079524e-01  9.859329e-01 -1.276034e-01
    outer loop
      vertex  1.088793e+05  7.687161e+03  6.971940e+03
      vertex  1.088791e+05  7.627258e+03  6.509002e+03
      vertex  1.087020e+05  7.696362e+03  6.893043e+03
    endloop
  endfacet
  facet normal  1.251359e-01  9.849174e-01 -1.194930e-01
    outer loop
      vertex  1.087020e+05  7.696362e+03  6.893043e+03
      vertex  1.088791e+05  7.627258e+03  6.509002e+03
      vertex  1.086288e+05  7.664839e+03  6.556573e+03
    endloop
  endfacet
  facet normal  9.906936e-02  9.885104e-01 -1.141597e-01
    outer loop
      vertex  1.087020e+05  7.696362e+03  6.893043e+03
      vertex  1.086288e+05  7.664839e+03  6.556573e+03
      vertex  1.085241e+05  7.713877e+03  6.890365e+03
    endloop
  endfacet
  facet normal  8.524912e-02  9.899576e-01 -1.127677e-01
    outer loop
      vertex  1.088793e+05  7.716485e+03  7.203771e+03
      vertex  1.087020e+05  7.696362e+03  6.893043e+03
      vertex  1.085613e+05  7.760373e+03  7.348627e+03
    endloop
  endfacet
  facet normal  9.904665e-02  9.891614e-01 -1.083953e-01
    outer loop
      vertex  1.085613e+05  7.760373e+03  7.348627e+03
      vertex  1.087020e+05  7.696362e+03  6.893043e+03
      vertex  1.085241e+05  7.713877e+03  6.890365e+03
    endloop
  endfacet
  facet normal  6.972346e-02  9.918873e-01 -1.062933e-01
    outer loop
      vertex  1.085613e+05  7.760373e+03  7.348627e+03
      vertex  1.085241e+05  7.713877e+03  6.890365e+03
      vertex  1.082418e+05  7.782468e+03  7.345270e+03
    endloop
  endfacet
  facet normal  9.085276e-02  9.915007e-01 -9.312405e-02
    outer loop
      vertex  1.082418e+05  7.782468e+03  7.345270e+03
      vertex  1.085241e+05  7.713877e+03  6.890365e+03
      vertex  1.083223e+05  7.732133e+03  6.887890e+03
    endloop
  endfacet
  facet normal  8.284877e-02  9.920624e-01 -9.459457e-02
    outer loop
      vertex  1.082418e+05  7.782468e+03  7.345270e+03
      vertex  1.083223e+05  7.732133e+03  6.887890e+03
      vertex  1.081199e+05  7.748854e+03  6.885957e+03
    endloop
  endfacet
  facet normal  1.651401e-02  9.995324e-01 -2.573496e-02
    outer loop
      vertex  1.051800e+05  7.887752e+03  7.336356e+03
      vertex  1.051800e+05  7.902195e+03  7.897329e+03
      vertex  1.055032e+05  7.882735e+03  7.348922e+03
    endloop
  endfacet
  facet normal  1.123727e-02  9.995207e-01 -2.884453e-02
    outer loop
      vertex  1.055032e+05  7.882735e+03  7.348922e+03
      vertex  1.051800e+05  7.902195e+03  7.897329e+03
      vertex  1.055769e+05  7.895144e+03  7.807598e+03
    endloop
  endfacet
  facet normal  2.011628e-02  9.993394e-01 -3.026606e-02
    outer loop
      vertex  1.055032e+05  7.882735e+03  7.348922e+03
      vertex  1.055769e+05  7.895144e+03  7.807598e+03
      vertex  1.060057e+05  7.872521e+03  7.345620e+03
    endloop
  endfacet
  facet normal  1.540983e-02  9.992814e-01 -3.463116e-02
    outer loop
      vertex  1.060057e+05  7.872521e+03  7.345620e+03
      vertex  1.055769e+05  7.895144e+03  7.807598e+03
      vertex  1.061717e+05  7.885867e+03  7.804588e+03
    endloop
  endfacet
  facet normal  2.534706e-02  9.989479e-01 -3.821692e-02
    outer loop
      vertex  1.060057e+05  7.872521e+03  7.345620e+03
      vertex  1.061717e+05  7.885867e+03  7.804588e+03
      vertex  1.064801e+05  7.860390e+03  7.343184e+03
    endloop
  endfacet
  facet normal  1.942056e-02  9.989213e-01 -4.217657e-02
    outer loop
      vertex  1.064801e+05  7.860390e+03  7.343184e+03
      vertex  1.061717e+05  7.885867e+03  7.804588e+03
      vertex  1.065564e+05  7.878327e+03  7.803134e+03
    endloop
  endfacet
  facet normal  3.178913e-02  9.985162e-01 -4.421142e-02
    outer loop
      vertex  1.064801e+05  7.860390e+03  7.343184e+03
      vertex  1.065564e+05  7.878327e+03  7.803134e+03
      vertex  1.069533e+05  7.845260e+03  7.341698e+03
    endloop
  endfacet
  facet normal  2.331764e-02  9.984012e-01 -5.149011e-02
    outer loop
      vertex  1.069533e+05  7.845260e+03  7.341698e+03
      vertex  1.065564e+05  7.878327e+03  7.803134e+03
      vertex  1.069404e+05  7.869311e+03  7.802211e+03
    endloop
  endfacet
  facet normal  3.991203e-02  9.979008e-01 -5.099891e-02
    outer loop
      vertex  1.069533e+05  7.845260e+03  7.341698e+03
      vertex  1.069404e+05  7.869311e+03  7.802211e+03
      vertex  1.074382e+05  7.825854e+03  7.341498e+03
    endloop
  endfacet
  facet normal  2.776313e-02  9.975576e-01 -6.409457e-02
    outer loop
      vertex  1.074382e+05  7.825854e+03  7.341498e+03
      vertex  1.069404e+05  7.869311e+03  7.802211e+03
      vertex  1.072952e+05  7.859418e+03  7.801951e+03
    endloop
  endfacet
  facet normal  4.726478e-02  9.971964e-01 -5.801272e-02
    outer loop
      vertex  1.074382e+05  7.825854e+03  7.341498e+03
      vertex  1.072952e+05  7.859418e+03  7.801951e+03
      vertex  1.076800e+05  7.814426e+03  7.342025e+03
    endloop
  endfacet
  facet normal  3.279950e-02  9.970011e-01 -7.009377e-02
    outer loop
      vertex  1.076800e+05  7.814426e+03  7.342025e+03
      vertex  1.072952e+05  7.859418e+03  7.801951e+03
      vertex  1.076494e+05  7.847798e+03  7.802387e+03
    endloop
  endfacet
  facet normal  5.287849e-02  9.962347e-01 -6.870385e-02
    outer loop
      vertex  1.076800e+05  7.814426e+03  7.342025e+03
      vertex  1.076494e+05  7.847798e+03  7.802387e+03
      vertex  1.079212e+05  7.801694e+03  7.343043e+03
    endloop
  endfacet
  facet normal  3.810093e-02  9.962677e-01 -7.745115e-02
    outer loop
      vertex  1.079212e+05  7.801694e+03  7.343043e+03
      vertex  1.076494e+05  7.847798e+03  7.802387e+03
      vertex  1.079432e+05  7.836638e+03  7.803378e+03
    endloop
  endfacet
  facet normal  6.020772e-02  9.951006e-01 -7.842132e-02
    outer loop
      vertex  1.079212e+05  7.801694e+03  7.343043e+03
      vertex  1.079432e+05  7.836638e+03  7.803378e+03
      vertex  1.082418e+05  7.782468e+03  7.345270e+03
    endloop
  endfacet
  facet normal  4.358642e-02  9.950551e-01 -8.925050e-02
    outer loop
      vertex  1.082418e+05  7.782468e+03  7.345270e+03
      vertex  1.079432e+05  7.836638e+03  7.803378e+03
      vertex  1.082364e+05  7.823943e+03  7.805030e+03
    endloop
  endfacet
  facet normal  6.965887e-02  9.936095e-01 -8.881219e-02
    outer loop
      vertex  1.082418e+05  7.782468e+03  7.345270e+03
      vertex  1.082364e+05  7.823943e+03  7.805030e+03
      vertex  1.085613e+05  7.760373e+03  7.348627e+03
    endloop
  endfacet
  facet normal  5.010533e-02  9.934487e-01 -1.027083e-01
    outer loop
      vertex  1.085613e+05  7.760373e+03  7.348627e+03
      vertex  1.082364e+05  7.823943e+03  7.805030e+03
      vertex  1.085584e+05  7.807980e+03  7.807724e+03
    endloop
  endfacet
  facet normal  6.905720e-02  9.923356e-01 -1.024755e-01
    outer loop
      vertex  1.085613e+05  7.760373e+03  7.348627e+03
      vertex  1.085584e+05  7.807980e+03  7.807724e+03
      vertex  1.088794e+05  7.759241e+03  7.552047e+03
    endloop
  endfacet
  facet normal  4.397073e-02  9.922827e-01 -1.159383e-01
    outer loop
      vertex  1.088795e+05  7.795474e+03  7.862187e+03
      vertex  1.088794e+05  7.759241e+03  7.552047e+03
      vertex  1.085729e+05  7.829591e+03  8.037922e+03
    endloop
  endfacet
  facet normal  7.283946e-02  9.925402e-01 -9.776646e-02
    outer loop
      vertex  1.085729e+05  7.829591e+03  8.037922e+03
      vertex  1.088794e+05  7.759241e+03  7.552047e+03
      vertex  1.085584e+05  7.807980e+03  7.807724e+03
    endloop
  endfacet
  facet normal  4.130810e-02  9.945270e-01 -9.596791e-02
    outer loop
      vertex  1.085729e+05  7.829591e+03  8.037922e+03
      vertex  1.085584e+05  7.807980e+03  7.807724e+03
      vertex  1.082656e+05  7.842141e+03  8.035682e+03
    endloop
  endfacet
  facet normal  5.003956e-02  9.951372e-01 -8.484201e-02
    outer loop
      vertex  1.082656e+05  7.842141e+03  8.035682e+03
      vertex  1.085584e+05  7.807980e+03  7.807724e+03
      vertex  1.082364e+05  7.823943e+03  7.805030e+03
    endloop
  endfacet
  facet normal  3.573292e-02  9.959010e-01 -8.309284e-02
    outer loop
      vertex  1.082656e+05  7.842141e+03  8.035682e+03
      vertex  1.082364e+05  7.823943e+03  7.805030e+03
      vertex  1.079256e+05  7.854202e+03  8.034041e+03
    endloop
  endfacet
  facet normal  4.355114e-02  9.964134e-01 -7.255074e-02
    outer loop
      vertex  1.079256e+05  7.854202e+03  8.034041e+03
      vertex  1.082364e+05  7.823943e+03  7.805030e+03
      vertex  1.079432e+05  7.836638e+03  7.803378e+03
    endloop
  endfacet
  facet normal  3.060735e-02  9.968204e-01 -7.356901e-02
    outer loop
      vertex  1.079256e+05  7.854202e+03  8.034041e+03
      vertex  1.079432e+05  7.836638e+03  7.803378e+03
      vertex  1.075850e+05  7.864596e+03  8.033152e+03
    endloop
  endfacet
  facet normal  3.808988e-02  9.973512e-01 -6.196704e-02
    outer loop
      vertex  1.075850e+05  7.864596e+03  8.033152e+03
      vertex  1.079432e+05  7.836638e+03  7.803378e+03
      vertex  1.076494e+05  7.847798e+03  7.802387e+03
    endloop
  endfacet
  facet normal  3.280590e-02  9.974458e-01 -6.344886e-02
    outer loop
      vertex  1.075850e+05  7.864596e+03  8.033152e+03
      vertex  1.076494e+05  7.847798e+03  7.802387e+03
      vertex  1.072952e+05  7.859418e+03  7.801951e+03
    endloop
  endfacet
  facet normal  9.573241e-03  9.997128e-01 -2.197550e-02
    outer loop
      vertex  1.051800e+05  7.902195e+03  7.897329e+03
      vertex  1.051800e+05  7.917095e+03  8.575157e+03
      vertex  1.056362e+05  7.900909e+03  8.037540e+03
    endloop
  endfacet
  facet normal  5.397205e-03  9.996598e-01 -2.551724e-02
    outer loop
      vertex  1.056362e+05  7.900909e+03  8.037540e+03
      vertex  1.051800e+05  7.917095e+03  8.575157e+03
      vertex  1.057163e+05  7.906355e+03  8.267841e+03
    endloop
  endfacet
  facet normal  1.326798e-02  9.995127e-01 -2.825371e-02
    outer loop
      vertex  1.056362e+05  7.900909e+03  8.037540e+03
      vertex  1.057163e+05  7.906355e+03  8.267841e+03
      vertex  1.062995e+05  7.892024e+03  8.034751e+03
    endloop
  endfacet
  facet normal  1.117527e-02  9.993769e-01 -3.348145e-02
    outer loop
      vertex  1.062995e+05  7.892024e+03  8.034751e+03
      vertex  1.057163e+05  7.906355e+03  8.267841e+03
      vertex  1.064691e+05  7.897854e+03  8.265350e+03
    endloop
  endfacet
  facet normal  1.807979e-02  9.990931e-01 -3.855104e-02
    outer loop
      vertex  1.062995e+05  7.892024e+03  8.034751e+03
      vertex  1.064691e+05  7.897854e+03  8.265350e+03
      vertex  1.069431e+05  7.880316e+03  8.033140e+03
    endloop
  endfacet
  facet normal  1.519439e-02  9.988971e-01 -4.442638e-02
    outer loop
      vertex  1.069431e+05  7.880316e+03  8.033140e+03
      vertex  1.064691e+05  7.897854e+03  8.265350e+03
      vertex  1.070252e+05  7.889351e+03  8.264355e+03
    endloop
  endfacet
  facet normal  2.445725e-02  9.985622e-01 -4.770083e-02
    outer loop
      vertex  1.069431e+05  7.880316e+03  8.033140e+03
      vertex  1.070252e+05  7.889351e+03  8.264355e+03
      vertex  1.075850e+05  7.864596e+03  8.033152e+03
    endloop
  endfacet
  facet normal  1.969432e-02  9.980531e-01 -5.917815e-02
    outer loop
      vertex  1.075850e+05  7.864596e+03  8.033152e+03
      vertex  1.070252e+05  7.889351e+03  8.264355e+03
      vertex  1.075802e+05  7.878402e+03  8.264407e+03
    endloop
  endfacet
  facet normal  3.059887e-02  9.977925e-01 -5.893863e-02
    outer loop
      vertex  1.075850e+05  7.864596e+03  8.033152e+03
      vertex  1.075802e+05  7.878402e+03  8.264407e+03
      vertex  1.079256e+05  7.854202e+03  8.034041e+03
    endloop
  endfacet
  facet normal  2.596223e-02  9.974911e-01 -6.585918e-02
    outer loop
      vertex  1.079256e+05  7.854202e+03  8.034041e+03
      vertex  1.075802e+05  7.878402e+03  8.264407e+03
      vertex  1.082310e+05  7.861586e+03  8.266281e+03
    endloop
  endfacet
  facet normal  3.572428e-02  9.962613e-01 -7.865824e-02
    outer loop
      vertex  1.079256e+05  7.854202e+03  8.034041e+03
      vertex  1.082310e+05  7.861586e+03  8.266281e+03
      vertex  1.082656e+05  7.842141e+03  8.035682e+03
    endloop
  endfacet
  facet normal  4.128923e-02  9.950395e-01 -9.050747e-02
    outer loop
      vertex  1.085729e+05  7.829591e+03  8.037922e+03
      vertex  1.082656e+05  7.842141e+03  8.035682e+03
      vertex  1.085556e+05  7.851250e+03  8.268146e+03
    endloop
  endfacet
  facet normal  3.218248e-02  9.963395e-01 -7.919521e-02
    outer loop
      vertex  1.085556e+05  7.851250e+03  8.268146e+03
      vertex  1.082656e+05  7.842141e+03  8.035682e+03
      vertex  1.082310e+05  7.861586e+03  8.266281e+03
    endloop
  endfacet
  facet normal  3.221296e-02  9.954928e-01 -8.919759e-02
    outer loop
      vertex  1.085556e+05  7.851250e+03  8.268146e+03
      vertex  1.082310e+05  7.861586e+03  8.266281e+03
      vertex  1.088797e+05  7.860095e+03  8.483884e+03
    endloop
  endfacet
  facet normal  2.593663e-02  9.971761e-01 -7.047816e-02
    outer loop
      vertex  1.088797e+05  7.860095e+03  8.483884e+03
      vertex  1.082310e+05  7.861586e+03  8.266281e+03
      vertex  1.082272e+05  7.886181e+03  8.612869e+03
    endloop
  endfacet
  facet normal  2.258288e-02  9.959357e-01 -8.719093e-02
    outer loop
      vertex  1.088797e+05  7.860095e+03  8.483884e+03
      vertex  1.082272e+05  7.886181e+03  8.612869e+03
      vertex  1.088797e+05  7.880533e+03  8.717347e+03
    endloop
  endfacet
  facet normal  1.162180e-02  9.970680e-01 -7.563158e-02
    outer loop
      vertex  1.088798e+05  7.898244e+03  8.950845e+03
      vertex  1.088797e+05  7.880533e+03  8.717347e+03
      vertex  1.082061e+05  7.906752e+03  8.959494e+03
    endloop
  endfacet
  facet normal  1.756738e-02  9.980913e-01 -5.920326e-02
    outer loop
      vertex  1.082061e+05  7.906752e+03  8.959494e+03
      vertex  1.088797e+05  7.880533e+03  8.717347e+03
      vertex  1.080068e+05  7.899958e+03  8.785824e+03
    endloop
  endfacet
  facet normal  8.798707e-03  9.987519e-01 -4.916731e-02
    outer loop
      vertex  1.082061e+05  7.906752e+03  8.959494e+03
      vertex  1.080068e+05  7.899958e+03  8.785824e+03
      vertex  1.075317e+05  7.912669e+03  8.959013e+03
    endloop
  endfacet
  facet normal  1.086710e-02  9.989938e-01 -4.351083e-02
    outer loop
      vertex  1.075317e+05  7.912669e+03  8.959013e+03
      vertex  1.080068e+05  7.899958e+03  8.785824e+03
      vertex  1.071322e+05  7.909455e+03  8.785437e+03
    endloop
  endfacet
  facet normal  6.281688e-03  9.994368e-01 -3.296553e-02
    outer loop
      vertex  1.075317e+05  7.912669e+03  8.959013e+03
      vertex  1.071322e+05  7.909455e+03  8.785437e+03
      vertex  1.066670e+05  7.918118e+03  8.959414e+03
    endloop
  endfacet
  facet normal  7.549261e-03  9.995339e-01 -2.958074e-02
    outer loop
      vertex  1.066670e+05  7.918118e+03  8.959414e+03
      vertex  1.071322e+05  7.909455e+03  8.785437e+03
      vertex  1.064028e+05  7.914987e+03  8.786216e+03
    endloop
  endfacet
  facet normal  4.505438e-03  9.996788e-01 -2.494047e-02
    outer loop
      vertex  1.066670e+05  7.918118e+03  8.959414e+03
      vertex  1.064028e+05  7.914987e+03  8.786216e+03
      vertex  1.060901e+05  7.920735e+03  8.960119e+03
    endloop
  endfacet
  facet normal  5.667592e-03  9.997228e-01 -2.285205e-02
    outer loop
      vertex  1.064028e+05  7.914987e+03  8.786216e+03
      vertex  1.051800e+05  7.917095e+03  8.575157e+03
      vertex  1.060901e+05  7.920735e+03  8.960119e+03
    endloop
  endfacet
  facet normal  2.559723e-03  9.998766e-01 -1.550614e-02
    outer loop
      vertex  1.060901e+05  7.920735e+03  8.960119e+03
      vertex  1.051800e+05  7.917095e+03  8.575157e+03
      vertex  1.051800e+05  7.926723e+03  9.195991e+03
    endloop
  endfacet
  facet normal  2.047359e-03  9.998451e-01 -1.748226e-02
    outer loop
      vertex  1.060901e+05  7.920735e+03  8.960119e+03
      vertex  1.051800e+05  7.926723e+03  9.195991e+03
      vertex  1.066849e+05  7.923545e+03  9.190463e+03
    endloop
  endfacet
  facet normal  2.036912e-03  9.997920e-01 -2.029558e-02
    outer loop
      vertex  1.066849e+05  7.923545e+03  9.190463e+03
      vertex  1.051800e+05  7.926723e+03  9.195991e+03
      vertex  1.075599e+05  7.926434e+03  9.420608e+03
    endloop
  endfacet
  facet normal  8.026278e-04  9.999737e-01 -7.217413e-03
    outer loop
      vertex  1.075599e+05  7.926434e+03  9.420608e+03
      vertex  1.051800e+05  7.926723e+03  9.195991e+03
      vertex  1.051800e+05  7.930000e+03  9.650000e+03
    endloop
  endfacet
  facet normal  0.000000e+00  9.998792e-01 -1.554323e-02
    outer loop
      vertex  1.075599e+05  7.926434e+03  9.420608e+03
      vertex  1.051800e+05  7.930000e+03  9.650000e+03
      vertex  1.088800e+05  7.930000e+03  9.650000e+03
    endloop
  endfacet
  facet normal  2.308489e-03  9.992115e-01 -3.963757e-02
    outer loop
      vertex  1.088799e+05  7.925565e+03  9.475575e+03
      vertex  1.088799e+05  7.918634e+03  9.300847e+03
      vertex  1.075599e+05  7.926434e+03  9.420608e+03
    endloop
  endfacet
  facet normal  3.562473e-03  9.996596e-01 -2.584605e-02
    outer loop
      vertex  1.075599e+05  7.926434e+03  9.420608e+03
      vertex  1.088799e+05  7.918634e+03  9.300847e+03
      vertex  1.075633e+05  7.920464e+03  9.190153e+03
    endloop
  endfacet
  facet normal  3.497435e-03  9.996598e-01 -2.584700e-02
    outer loop
      vertex  1.075599e+05  7.926434e+03  9.420608e+03
      vertex  1.075633e+05  7.920464e+03  9.190153e+03
      vertex  1.066849e+05  7.923545e+03  9.190463e+03
    endloop
  endfacet
  facet normal  1.602260e-01  8.981163e-01 -4.095299e-01
    outer loop
      vertex  1.062446e+05  7.067307e+03  1.338318e+03
      vertex  1.061112e+05  7.051299e+03  1.251021e+03
      vertex  1.057133e+05  7.163222e+03  1.340797e+03
    endloop
  endfacet
  facet normal  1.678796e-01  9.068715e-01 -3.865234e-01
    outer loop
      vertex  1.057133e+05  7.163222e+03  1.340797e+03
      vertex  1.061112e+05  7.051299e+03  1.251021e+03
      vertex  1.058016e+05  7.109037e+03  1.252030e+03
    endloop
  endfacet
  facet normal  1.609625e-01  9.055220e-01 -3.925825e-01
    outer loop
      vertex  1.057133e+05  7.163222e+03  1.340797e+03
      vertex  1.058016e+05  7.109037e+03  1.252030e+03
      vertex  1.054912e+05  7.164692e+03  1.253160e+03
    endloop
  endfacet
  facet normal  1.818258e-01  8.734003e-01 -4.517868e-01
    outer loop
      vertex  1.073016e+05  6.854450e+03  1.336079e+03
      vertex  1.070363e+05  6.864734e+03  1.249179e+03
      vertex  1.067739e+05  6.964594e+03  1.336621e+03
    endloop
  endfacet
  facet normal  1.825989e-01  8.740523e-01 -4.502113e-01
    outer loop
      vertex  1.067739e+05  6.964594e+03  1.336621e+03
      vertex  1.070363e+05  6.864734e+03  1.249179e+03
      vertex  1.067284e+05  6.929241e+03  1.249545e+03
    endloop
  endfacet
  facet normal  1.691875e-01  8.792436e-01 -4.453158e-01
    outer loop
      vertex  1.067739e+05  6.964594e+03  1.336621e+03
      vertex  1.067284e+05  6.929241e+03  1.249545e+03
      vertex  1.062446e+05  7.067307e+03  1.338318e+03
    endloop
  endfacet
  facet normal  1.792067e-01  8.931983e-01 -4.124097e-01
    outer loop
      vertex  1.062446e+05  7.067307e+03  1.338318e+03
      vertex  1.067284e+05  6.929241e+03  1.249545e+03
      vertex  1.064201e+05  6.991397e+03  1.250177e+03
    endloop
  endfacet
  facet normal  1.712320e-01  8.890043e-01 -4.246772e-01
    outer loop
      vertex  1.062446e+05  7.067307e+03  1.338318e+03
      vertex  1.064201e+05  6.991397e+03  1.250177e+03
      vertex  1.061112e+05  7.051299e+03  1.251021e+03
    endloop
  endfacet
  facet normal  1.943441e-01  8.608020e-01 -4.703727e-01
    outer loop
      vertex  1.078281e+05  6.736169e+03  1.337135e+03
      vertex  1.076510e+05  6.728258e+03  1.249483e+03
      vertex  1.073016e+05  6.854450e+03  1.336079e+03
    endloop
  endfacet
  facet normal  1.956588e-01  8.622456e-01 -4.671725e-01
    outer loop
      vertex  1.073016e+05  6.854450e+03  1.336079e+03
      vertex  1.076510e+05  6.728258e+03  1.249483e+03
      vertex  1.073438e+05  6.797774e+03  1.249136e+03
    endloop
  endfacet
  facet normal  1.876439e-01  8.619996e-01 -4.708997e-01
    outer loop
      vertex  1.073016e+05  6.854450e+03  1.336079e+03
      vertex  1.073438e+05  6.797774e+03  1.249136e+03
      vertex  1.070363e+05  6.864734e+03  1.249179e+03
    endloop
  endfacet
  facet normal  2.110881e-01  8.552790e-01 -4.732226e-01
    outer loop
      vertex  1.079579e+05  6.656073e+03  1.250291e+03
      vertex  1.078281e+05  6.736169e+03  1.337135e+03
      vertex  1.082647e+05  6.581106e+03  1.251638e+03
    endloop
  endfacet
  facet normal  2.094346e-01  8.531426e-01 -4.777918e-01
    outer loop
      vertex  1.082647e+05  6.581106e+03  1.251638e+03
      vertex  1.078281e+05  6.736169e+03  1.337135e+03
      vertex  1.083534e+05  6.608975e+03  1.340312e+03
    endloop
  endfacet
  facet normal  2.182115e-01  8.470455e-01 -4.846624e-01
    outer loop
      vertex  1.082647e+05  6.581106e+03  1.251638e+03
      vertex  1.083534e+05  6.608975e+03  1.340312e+03
      vertex  1.085713e+05  6.503241e+03  1.253609e+03
    endloop
  endfacet
  facet normal  2.224077e-01  8.499361e-01 -4.776436e-01
    outer loop
      vertex  1.085713e+05  6.503241e+03  1.253609e+03
      vertex  1.083534e+05  6.608975e+03  1.340312e+03
      vertex  1.086158e+05  6.541774e+03  1.342882e+03
    endloop
  endfacet
  facet normal  2.278370e-01  8.475516e-01 -4.793189e-01
    outer loop
      vertex  1.085713e+05  6.503241e+03  1.253609e+03
      vertex  1.086158e+05  6.541774e+03  1.342882e+03
      vertex  1.088778e+05  6.422358e+03  1.256297e+03
    endloop
  endfacet
  facet normal  1.633233e-01  9.142697e-01 -3.707240e-01
    outer loop
      vertex  1.057133e+05  7.163222e+03  1.340797e+03
      vertex  1.057133e+05  7.199539e+03  1.430387e+03
      vertex  1.062446e+05  7.067307e+03  1.338318e+03
    endloop
  endfacet
  facet normal  1.548620e-01  9.022946e-01 -4.023460e-01
    outer loop
      vertex  1.062446e+05  7.067307e+03  1.338318e+03
      vertex  1.057133e+05  7.199539e+03  1.430387e+03
      vertex  1.062453e+05  7.106824e+03  1.427217e+03
    endloop
  endfacet
  facet normal  1.732487e-01  8.994442e-01 -4.012293e-01
    outer loop
      vertex  1.062446e+05  7.067307e+03  1.338318e+03
      vertex  1.062453e+05  7.106824e+03  1.427217e+03
      vertex  1.067739e+05  6.964594e+03  1.336621e+03
    endloop
  endfacet
  facet normal  1.655755e-01  8.882655e-01 -4.284498e-01
    outer loop
      vertex  1.067739e+05  6.964594e+03  1.336621e+03
      vertex  1.062453e+05  7.106824e+03  1.427217e+03
      vertex  1.067751e+05  7.007008e+03  1.425038e+03
    endloop
  endfacet
  facet normal  1.843056e-01  8.851610e-01 -4.272254e-01
    outer loop
      vertex  1.067739e+05  6.964594e+03  1.336621e+03
      vertex  1.067751e+05  7.007008e+03  1.425038e+03
      vertex  1.073016e+05  6.854450e+03  1.336079e+03
    endloop
  endfacet
  facet normal  1.780389e-01  8.759033e-01 -4.484367e-01
    outer loop
      vertex  1.073016e+05  6.854450e+03  1.336079e+03
      vertex  1.067751e+05  7.007008e+03  1.425038e+03
      vertex  1.073031e+05  6.899313e+03  1.424320e+03
    endloop
  endfacet
  facet normal  1.969375e-01  8.725531e-01 -4.470647e-01
    outer loop
      vertex  1.073016e+05  6.854450e+03  1.336079e+03
      vertex  1.073031e+05  6.899313e+03  1.424320e+03
      vertex  1.078281e+05  6.736169e+03  1.337135e+03
    endloop
  endfacet
  facet normal  1.928285e-01  8.664873e-01 -4.604529e-01
    outer loop
      vertex  1.078281e+05  6.736169e+03  1.337135e+03
      vertex  1.073031e+05  6.899313e+03  1.424320e+03
      vertex  1.078296e+05  6.782855e+03  1.425623e+03
    endloop
  endfacet
  facet normal  2.116846e-01  8.629087e-01 -4.588879e-01
    outer loop
      vertex  1.078281e+05  6.736169e+03  1.337135e+03
      vertex  1.078296e+05  6.782855e+03  1.425623e+03
      vertex  1.083534e+05  6.608975e+03  1.340312e+03
    endloop
  endfacet
  facet normal  2.033430e-01  8.505684e-01 -4.849590e-01
    outer loop
      vertex  1.083534e+05  6.608975e+03  1.340312e+03
      vertex  1.078296e+05  6.782855e+03  1.425623e+03
      vertex  1.081012e+05  6.718866e+03  1.427302e+03
    endloop
  endfacet
  facet normal  1.587143e-01  9.226570e-01 -3.514453e-01
    outer loop
      vertex  1.057133e+05  7.199539e+03  1.430387e+03
      vertex  1.057132e+05  7.236689e+03  1.527864e+03
      vertex  1.062453e+05  7.106824e+03  1.427217e+03
    endloop
  endfacet
  facet normal  1.503429e-01  9.119167e-01 -3.818440e-01
    outer loop
      vertex  1.062453e+05  7.106824e+03  1.427217e+03
      vertex  1.057132e+05  7.236689e+03  1.527864e+03
      vertex  1.062459e+05  7.147271e+03  1.524036e+03
    endloop
  endfacet
  facet normal  1.696749e-01  9.089846e-01 -3.807329e-01
    outer loop
      vertex  1.062453e+05  7.106824e+03  1.427217e+03
      vertex  1.062459e+05  7.147271e+03  1.524036e+03
      vertex  1.067751e+05  7.007008e+03  1.425038e+03
    endloop
  endfacet
  facet normal  1.620650e-01  8.988861e-01 -4.071101e-01
    outer loop
      vertex  1.067751e+05  7.007008e+03  1.425038e+03
      vertex  1.062459e+05  7.147271e+03  1.524036e+03
      vertex  1.067762e+05  7.050448e+03  1.521396e+03
    endloop
  endfacet
  facet normal  1.821152e-01  8.956053e-01 -4.058635e-01
    outer loop
      vertex  1.067751e+05  7.007008e+03  1.425038e+03
      vertex  1.067762e+05  7.050448e+03  1.521396e+03
      vertex  1.073031e+05  6.899313e+03  1.424320e+03
    endloop
  endfacet
  facet normal  1.758363e-01  8.871195e-01 -4.267324e-01
    outer loop
      vertex  1.073031e+05  6.899313e+03  1.424320e+03
      vertex  1.067762e+05  7.050448e+03  1.521396e+03
      vertex  1.073046e+05  6.945293e+03  1.520502e+03
    endloop
  endfacet
  facet normal  1.964976e-01  8.834658e-01 -4.252962e-01
    outer loop
      vertex  1.073031e+05  6.899313e+03  1.424320e+03
      vertex  1.073046e+05  6.945293e+03  1.520502e+03
      vertex  1.078296e+05  6.782855e+03  1.425623e+03
    endloop
  endfacet
  facet normal  1.853184e-01  8.680038e-01 -4.606802e-01
    outer loop
      vertex  1.078296e+05  6.782855e+03  1.425623e+03
      vertex  1.073046e+05  6.945293e+03  1.520502e+03
      vertex  1.075680e+05  6.889265e+03  1.520914e+03
    endloop
  endfacet
  facet normal  1.969830e-01  8.768536e-01 -4.385493e-01
    outer loop
      vertex  1.078296e+05  6.782855e+03  1.425623e+03
      vertex  1.075680e+05  6.889265e+03  1.520914e+03
      vertex  1.078310e+05  6.830744e+03  1.522023e+03
    endloop
  endfacet
  facet normal  2.087125e-01  8.746070e-01 -4.376091e-01
    outer loop
      vertex  1.078296e+05  6.782855e+03  1.425623e+03
      vertex  1.078310e+05  6.830744e+03  1.522023e+03
      vertex  1.081012e+05  6.718866e+03  1.427302e+03
    endloop
  endfacet
  facet normal  2.088489e-01  8.747088e-01 -4.373404e-01
    outer loop
      vertex  1.081012e+05  6.718866e+03  1.427302e+03
      vertex  1.078310e+05  6.830744e+03  1.522023e+03
      vertex  1.081809e+05  6.748573e+03  1.524760e+03
    endloop
  endfacet
  facet normal  2.180043e-01  8.694927e-01 -4.432343e-01
    outer loop
      vertex  1.081012e+05  6.718866e+03  1.427302e+03
      vertex  1.081809e+05  6.748573e+03  1.524760e+03
      vertex  1.083725e+05  6.652125e+03  1.429797e+03
    endloop
  endfacet
  facet normal  2.236317e-01  8.723343e-01 -4.347662e-01
    outer loop
      vertex  1.083725e+05  6.652125e+03  1.429797e+03
      vertex  1.081809e+05  6.748573e+03  1.524760e+03
      vertex  1.085299e+05  6.661310e+03  1.529179e+03
    endloop
  endfacet
  facet normal  2.282895e-01  8.676282e-01 -4.417073e-01
    outer loop
      vertex  1.083725e+05  6.652125e+03  1.429797e+03
      vertex  1.085299e+05  6.661310e+03  1.529179e+03
      vertex  1.086254e+05  6.587199e+03  1.432961e+03
    endloop
  endfacet
  facet normal  1.538209e-01  9.305174e-01 -3.323801e-01
    outer loop
      vertex  1.057132e+05  7.236689e+03  1.527864e+03
      vertex  1.057129e+05  7.271964e+03  1.626466e+03
      vertex  1.062459e+05  7.147271e+03  1.524036e+03
    endloop
  endfacet
  facet normal  1.459670e-01  9.208729e-01 -3.615060e-01
    outer loop
      vertex  1.062459e+05  7.147271e+03  1.524036e+03
      vertex  1.057129e+05  7.271964e+03  1.626466e+03
      vertex  1.062462e+05  7.185697e+03  1.622064e+03
    endloop
  endfacet
  facet normal  1.657754e-01  9.179385e-01 -3.604268e-01
    outer loop
      vertex  1.062459e+05  7.147271e+03  1.524036e+03
      vertex  1.062462e+05  7.185697e+03  1.622064e+03
      vertex  1.067762e+05  7.050448e+03  1.521396e+03
    endloop
  endfacet
  facet normal  1.585931e-01  9.087865e-01 -3.859473e-01
    outer loop
      vertex  1.067762e+05  7.050448e+03  1.521396e+03
      vertex  1.062462e+05  7.185697e+03  1.622064e+03
      vertex  1.067771e+05  7.091747e+03  1.619016e+03
    endloop
  endfacet
  facet normal  1.795468e-01  9.054059e-01 -3.847116e-01
    outer loop
      vertex  1.067762e+05  7.050448e+03  1.521396e+03
      vertex  1.067771e+05  7.091747e+03  1.619016e+03
      vertex  1.073046e+05  6.945293e+03  1.520502e+03
    endloop
  endfacet
  facet normal  1.673452e-01  8.891632e-01 -4.258923e-01
    outer loop
      vertex  1.073046e+05  6.945293e+03  1.520502e+03
      vertex  1.067771e+05  7.091747e+03  1.619016e+03
      vertex  1.070443e+05  7.041081e+03  1.618189e+03
    endloop
  endfacet
  facet normal  1.781666e-01  8.969364e-01 -4.046747e-01
    outer loop
      vertex  1.073046e+05  6.945293e+03  1.520502e+03
      vertex  1.070443e+05  7.041081e+03  1.618189e+03
      vertex  1.073108e+05  6.988035e+03  1.617961e+03
    endloop
  endfacet
  facet normal  1.901847e-01  8.912460e-01 -4.117163e-01
    outer loop
      vertex  1.075680e+05  6.889265e+03  1.520914e+03
      vertex  1.073046e+05  6.945293e+03  1.520502e+03
      vertex  1.075718e+05  6.933501e+03  1.618417e+03
    endloop
  endfacet
  facet normal  1.876980e-01  8.950841e-01 -4.044675e-01
    outer loop
      vertex  1.075718e+05  6.933501e+03  1.618417e+03
      vertex  1.073046e+05  6.945293e+03  1.520502e+03
      vertex  1.073108e+05  6.988035e+03  1.617961e+03
    endloop
  endfacet
  facet normal  1.896437e-01  9.045876e-01 -3.817807e-01
    outer loop
      vertex  1.075718e+05  6.933501e+03  1.618417e+03
      vertex  1.073108e+05  6.988035e+03  1.617961e+03
      vertex  1.076240e+05  7.003423e+03  1.810017e+03
    endloop
  endfacet
  facet normal  1.830219e-01  9.102417e-01 -3.714339e-01
    outer loop
      vertex  1.076240e+05  7.003423e+03  1.810017e+03
      vertex  1.073108e+05  6.988035e+03  1.617961e+03
      vertex  1.072020e+05  7.088002e+03  1.809356e+03
    endloop
  endfacet
  facet normal  1.852499e-01  9.215947e-01 -3.410947e-01
    outer loop
      vertex  1.076240e+05  7.003423e+03  1.810017e+03
      vertex  1.072020e+05  7.088002e+03  1.809356e+03
      vertex  1.073089e+05  7.138704e+03  2.004391e+03
    endloop
  endfacet
  facet normal  1.996581e-01  8.893914e-01 -4.112414e-01
    outer loop
      vertex  1.075680e+05  6.889265e+03  1.520914e+03
      vertex  1.075718e+05  6.933501e+03  1.618417e+03
      vertex  1.078310e+05  6.830744e+03  1.522023e+03
    endloop
  endfacet
  facet normal  1.966577e-01  8.873259e-01 -4.171074e-01
    outer loop
      vertex  1.078310e+05  6.830744e+03  1.522023e+03
      vertex  1.075718e+05  6.933501e+03  1.618417e+03
      vertex  1.078323e+05  6.876353e+03  1.619653e+03
    endloop
  endfacet
  facet normal  2.109930e-01  8.845492e-01 -4.159983e-01
    outer loop
      vertex  1.078310e+05  6.830744e+03  1.522023e+03
      vertex  1.078323e+05  6.876353e+03  1.619653e+03
      vertex  1.081809e+05  6.748573e+03  1.524760e+03
    endloop
  endfacet
  facet normal  2.091080e-01  8.828210e-01 -4.205959e-01
    outer loop
      vertex  1.081809e+05  6.748573e+03  1.524760e+03
      vertex  1.078323e+05  6.876353e+03  1.619653e+03
      vertex  1.081820e+05  6.794997e+03  1.622746e+03
    endloop
  endfacet
  facet normal  2.252289e-01  8.795097e-01 -4.192070e-01
    outer loop
      vertex  1.081809e+05  6.748573e+03  1.524760e+03
      vertex  1.081820e+05  6.794997e+03  1.622746e+03
      vertex  1.085299e+05  6.661310e+03  1.529179e+03
    endloop
  endfacet
  facet normal  2.251949e-01  8.794790e-01 -4.192897e-01
    outer loop
      vertex  1.085299e+05  6.661310e+03  1.529179e+03
      vertex  1.081820e+05  6.794997e+03  1.622746e+03
      vertex  1.085306e+05  6.708129e+03  1.627755e+03
    endloop
  endfacet
  facet normal  1.495496e-01  9.401920e-01 -3.060620e-01
    outer loop
      vertex  1.057129e+05  7.271964e+03  1.626466e+03
      vertex  1.057117e+05  7.335036e+03  1.819658e+03
      vertex  1.062462e+05  7.185697e+03  1.622064e+03
    endloop
  endfacet
  facet normal  1.372383e-01  9.326495e-01 -3.336625e-01
    outer loop
      vertex  1.062462e+05  7.185697e+03  1.622064e+03
      vertex  1.057117e+05  7.335036e+03  1.819658e+03
      vertex  1.062463e+05  7.254471e+03  1.814353e+03
    endloop
  endfacet
  facet normal  1.624845e-01  9.290404e-01 -3.323892e-01
    outer loop
      vertex  1.062462e+05  7.185697e+03  1.622064e+03
      vertex  1.062463e+05  7.254471e+03  1.814353e+03
      vertex  1.067771e+05  7.091747e+03  1.619016e+03
    endloop
  endfacet
  facet normal  1.463242e-01  9.184486e-01 -3.674798e-01
    outer loop
      vertex  1.067771e+05  7.091747e+03  1.619016e+03
      vertex  1.062463e+05  7.254471e+03  1.814353e+03
      vertex  1.065126e+05  7.211205e+03  1.812260e+03
    endloop
  endfacet
  facet normal  1.554863e-01  9.212098e-01 -3.566462e-01
    outer loop
      vertex  1.067771e+05  7.091747e+03  1.619016e+03
      vertex  1.065126e+05  7.211205e+03  1.812260e+03
      vertex  1.067783e+05  7.165743e+03  1.810656e+03
    endloop
  endfacet
  facet normal  1.722937e-01  9.142827e-01 -3.666088e-01
    outer loop
      vertex  1.070443e+05  7.041081e+03  1.618189e+03
      vertex  1.067771e+05  7.091747e+03  1.619016e+03
      vertex  1.072020e+05  7.088002e+03  1.809356e+03
    endloop
  endfacet
  facet normal  1.675844e-01  9.193375e-01 -3.559972e-01
    outer loop
      vertex  1.072020e+05  7.088002e+03  1.809356e+03
      vertex  1.067771e+05  7.091747e+03  1.619016e+03
      vertex  1.067783e+05  7.165743e+03  1.810656e+03
    endloop
  endfacet
  facet normal  1.691347e-01  9.274126e-01 -3.336156e-01
    outer loop
      vertex  1.072020e+05  7.088002e+03  1.809356e+03
      vertex  1.067783e+05  7.165743e+03  1.810656e+03
      vertex  1.070454e+05  7.186862e+03  2.004790e+03
    endloop
  endfacet
  facet normal  1.591904e-01  9.337350e-01 -3.206202e-01
    outer loop
      vertex  1.070454e+05  7.186862e+03  2.004790e+03
      vertex  1.067783e+05  7.165743e+03  1.810656e+03
      vertex  1.067812e+05  7.232304e+03  2.005952e+03
    endloop
  endfacet
  facet normal  1.606637e-01  9.416644e-01 -2.957284e-01
    outer loop
      vertex  1.070454e+05  7.186862e+03  2.004790e+03
      vertex  1.067812e+05  7.232304e+03  2.005952e+03
      vertex  1.069560e+05  7.264498e+03  2.203401e+03
    endloop
  endfacet
  facet normal  1.493585e-01  9.352334e-01 -3.209837e-01
    outer loop
      vertex  1.067812e+05  7.232304e+03  2.005952e+03
      vertex  1.067783e+05  7.165743e+03  1.810656e+03
      vertex  1.065139e+05  7.275630e+03  2.007779e+03
    endloop
  endfacet
  facet normal  1.585490e-01  9.374580e-01 -3.098946e-01
    outer loop
      vertex  1.065139e+05  7.275630e+03  2.007779e+03
      vertex  1.067783e+05  7.165743e+03  1.810656e+03
      vertex  1.065126e+05  7.211205e+03  1.812260e+03
    endloop
  endfacet
  facet normal  1.409451e-01  9.400234e-01 -3.106294e-01
    outer loop
      vertex  1.065139e+05  7.275630e+03  2.007779e+03
      vertex  1.065126e+05  7.211205e+03  1.812260e+03
      vertex  1.062458e+05  7.316611e+03  2.010154e+03
    endloop
  endfacet
  facet normal  1.507529e-01  9.423784e-01 -2.986580e-01
    outer loop
      vertex  1.062458e+05  7.316611e+03  2.010154e+03
      vertex  1.065126e+05  7.211205e+03  1.812260e+03
      vertex  1.062463e+05  7.254471e+03  1.814353e+03
    endloop
  endfacet
  facet normal  1.295512e-01  9.452220e-01 -2.996197e-01
    outer loop
      vertex  1.062458e+05  7.316611e+03  2.010154e+03
      vertex  1.062463e+05  7.254471e+03  1.814353e+03
      vertex  1.057100e+05  7.391943e+03  2.016123e+03
    endloop
  endfacet
  facet normal  1.406391e-01  9.513074e-01 -2.742902e-01
    outer loop
      vertex  1.057100e+05  7.391943e+03  2.016123e+03
      vertex  1.062463e+05  7.254471e+03  1.814353e+03
      vertex  1.057117e+05  7.335036e+03  1.819658e+03
    endloop
  endfacet
  facet normal  1.243448e-01  9.533604e-01 -2.750313e-01
    outer loop
      vertex  1.057100e+05  7.391943e+03  2.016123e+03
      vertex  1.057117e+05  7.335036e+03  1.819658e+03
      vertex  1.051800e+05  7.429750e+03  1.907575e+03
    endloop
  endfacet
  facet normal  2.572636e-01  9.014416e-01 -3.481643e-01
    outer loop
      vertex  1.088781e+05  6.778262e+03  2.030266e+03
      vertex  1.088780e+05  6.720630e+03  1.881021e+03
      vertex  1.086840e+05  6.829877e+03  2.020504e+03
    endloop
  endfacet
  facet normal  2.519743e-01  9.003882e-01 -3.546971e-01
    outer loop
      vertex  1.086840e+05  6.829877e+03  2.020504e+03
      vertex  1.088780e+05  6.720630e+03  1.881021e+03
      vertex  1.086704e+05  6.756181e+03  1.823793e+03
    endloop
  endfacet
  facet normal  2.431786e-01  9.027012e-01 -3.549573e-01
    outer loop
      vertex  1.086840e+05  6.829877e+03  2.020504e+03
      vertex  1.086704e+05  6.756181e+03  1.823793e+03
      vertex  1.084893e+05  6.880500e+03  2.015833e+03
    endloop
  endfacet
  facet normal  2.418575e-01  9.025929e-01 -3.561335e-01
    outer loop
      vertex  1.084893e+05  6.880500e+03  2.015833e+03
      vertex  1.086704e+05  6.756181e+03  1.823793e+03
      vertex  1.084622e+05  6.810214e+03  1.819348e+03
    endloop
  endfacet
  facet normal  2.245780e-01  9.073161e-01 -3.554465e-01
    outer loop
      vertex  1.084893e+05  6.880500e+03  2.015833e+03
      vertex  1.084622e+05  6.810214e+03  1.819348e+03
      vertex  1.080979e+05  6.974741e+03  2.009151e+03
    endloop
  endfacet
  facet normal  1.178743e-01  9.530734e-01 -2.788488e-01
    outer loop
      vertex  1.059765e+05  7.408950e+03  2.211923e+03
      vertex  1.062458e+05  7.316611e+03  2.010154e+03
      vertex  1.057076e+05  7.443198e+03  2.215327e+03
    endloop
  endfacet
  facet normal  1.322759e-01  9.603181e-01 -2.455447e-01
    outer loop
      vertex  1.057076e+05  7.443198e+03  2.215327e+03
      vertex  1.062458e+05  7.316611e+03  2.010154e+03
      vertex  1.057100e+05  7.391943e+03  2.016123e+03
    endloop
  endfacet
  facet normal  1.104613e-01  9.628405e-01 -2.464478e-01
    outer loop
      vertex  1.057076e+05  7.443198e+03  2.215327e+03
      vertex  1.057100e+05  7.391943e+03  2.016123e+03
      vertex  1.051800e+05  7.500870e+03  2.204148e+03
    endloop
  endfacet
  facet normal  1.484096e-01  9.467537e-01 -2.857129e-01
    outer loop
      vertex  1.069560e+05  7.264498e+03  2.203401e+03
      vertex  1.067812e+05  7.232304e+03  2.005952e+03
      vertex  1.066010e+05  7.320809e+03  2.205602e+03
    endloop
  endfacet
  facet normal  1.515351e-01  9.470648e-01 -2.830291e-01
    outer loop
      vertex  1.066010e+05  7.320809e+03  2.205602e+03
      vertex  1.067812e+05  7.232304e+03  2.005952e+03
      vertex  1.065139e+05  7.275630e+03  2.007779e+03
    endloop
  endfacet
  facet normal  1.358706e-01  9.511937e-01 -2.770731e-01
    outer loop
      vertex  1.066010e+05  7.320809e+03  2.205602e+03
      vertex  1.065139e+05  7.275630e+03  2.007779e+03
      vertex  1.062446e+05  7.372671e+03  2.208893e+03
    endloop
  endfacet
  facet normal  1.432660e-01  9.527311e-01 -2.679147e-01
    outer loop
      vertex  1.062446e+05  7.372671e+03  2.208893e+03
      vertex  1.065139e+05  7.275630e+03  2.007779e+03
      vertex  1.062458e+05  7.316611e+03  2.010154e+03
    endloop
  endfacet
  facet normal  1.261664e-01  9.549430e-01 -2.686374e-01
    outer loop
      vertex  1.062446e+05  7.372671e+03  2.208893e+03
      vertex  1.062458e+05  7.316611e+03  2.010154e+03
      vertex  1.059765e+05  7.408950e+03  2.211923e+03
    endloop
  endfacet
  facet normal  1.716211e-01  9.413106e-01 -2.906550e-01
    outer loop
      vertex  1.070454e+05  7.186862e+03  2.004790e+03
      vertex  1.069560e+05  7.264498e+03  2.203401e+03
      vertex  1.073089e+05  7.138704e+03  2.004391e+03
    endloop
  endfacet
  facet normal  1.620084e-01  9.382265e-01 -3.057522e-01
    outer loop
      vertex  1.073089e+05  7.138704e+03  2.004391e+03
      vertex  1.069560e+05  7.264498e+03  2.203401e+03
      vertex  1.073095e+05  7.203181e+03  2.202576e+03
    endloop
  endfacet
  facet normal  1.856105e-01  9.342430e-01 -3.045307e-01
    outer loop
      vertex  1.073089e+05  7.138704e+03  2.004391e+03
      vertex  1.073095e+05  7.203181e+03  2.202576e+03
      vertex  1.077044e+05  7.060495e+03  2.005517e+03
    endloop
  endfacet
  facet normal  1.791655e-01  9.317986e-01 -3.156755e-01
    outer loop
      vertex  1.077044e+05  7.060495e+03  2.005517e+03
      vertex  1.073095e+05  7.203181e+03  2.202576e+03
      vertex  1.077054e+05  7.127450e+03  2.203692e+03
    endloop
  endfacet
  facet normal  2.049002e-01  9.269898e-01 -3.141746e-01
    outer loop
      vertex  1.077044e+05  7.060495e+03  2.005517e+03
      vertex  1.077054e+05  7.127450e+03  2.203692e+03
      vertex  1.080979e+05  6.974741e+03  2.009151e+03
    endloop
  endfacet
  facet normal  2.001114e-01  9.251988e-01 -3.224322e-01
    outer loop
      vertex  1.080979e+05  6.974741e+03  2.009151e+03
      vertex  1.077054e+05  7.127450e+03  2.203692e+03
      vertex  1.080989e+05  7.043637e+03  2.207467e+03
    endloop
  endfacet
  facet normal  2.269454e-01  9.196156e-01 -3.206289e-01
    outer loop
      vertex  1.080979e+05  6.974741e+03  2.009151e+03
      vertex  1.080989e+05  7.043637e+03  2.207467e+03
      vertex  1.084893e+05  6.880500e+03  2.015833e+03
    endloop
  endfacet
  facet normal  2.242215e-01  9.186295e-01 -3.253375e-01
    outer loop
      vertex  1.084893e+05  6.880500e+03  2.015833e+03
      vertex  1.080989e+05  7.043637e+03  2.207467e+03
      vertex  1.084900e+05  6.950671e+03  2.214475e+03
    endloop
  endfacet
  facet normal  2.453147e-01  9.138012e-01 -3.237098e-01
    outer loop
      vertex  1.084893e+05  6.880500e+03  2.015833e+03
      vertex  1.084900e+05  6.950671e+03  2.214475e+03
      vertex  1.086840e+05  6.829877e+03  2.020504e+03
    endloop
  endfacet
  facet normal  2.444602e-01  9.137405e-01 -3.245267e-01
    outer loop
      vertex  1.086840e+05  6.829877e+03  2.020504e+03
      vertex  1.084900e+05  6.950671e+03  2.214475e+03
      vertex  1.086844e+05  6.900392e+03  2.219388e+03
    endloop
  endfacet
  facet normal  2.564028e-01  9.108201e-01 -3.235185e-01
    outer loop
      vertex  1.086840e+05  6.829877e+03  2.020504e+03
      vertex  1.086844e+05  6.900392e+03  2.219388e+03
      vertex  1.088781e+05  6.832173e+03  2.180808e+03
    endloop
  endfacet
  facet normal  2.154630e-01  9.260556e-01 -3.098335e-01
    outer loop
      vertex  1.082980e+05  7.061215e+03  2.411365e+03
      vertex  1.084900e+05  6.950671e+03  2.214475e+03
      vertex  1.080996e+05  7.106321e+03  2.408207e+03
    endloop
  endfacet
  facet normal  2.262123e-01  9.295911e-01 -2.910125e-01
    outer loop
      vertex  1.080996e+05  7.106321e+03  2.408207e+03
      vertex  1.084900e+05  6.950671e+03  2.214475e+03
      vertex  1.080989e+05  7.043637e+03  2.207467e+03
    endloop
  endfacet
  facet normal  1.973869e-01  9.355813e-01 -2.927899e-01
    outer loop
      vertex  1.080996e+05  7.106321e+03  2.408207e+03
      vertex  1.080989e+05  7.043637e+03  2.207467e+03
      vertex  1.077059e+05  7.188201e+03  2.404401e+03
    endloop
  endfacet
  facet normal  2.022978e-01  9.371895e-01 -2.841679e-01
    outer loop
      vertex  1.077059e+05  7.188201e+03  2.404401e+03
      vertex  1.080989e+05  7.043637e+03  2.207467e+03
      vertex  1.077054e+05  7.127450e+03  2.203692e+03
    endloop
  endfacet
  facet normal  1.751835e-01  9.421962e-01 -2.856169e-01
    outer loop
      vertex  1.077059e+05  7.188201e+03  2.404401e+03
      vertex  1.077054e+05  7.127450e+03  2.203692e+03
      vertex  1.073096e+05  7.261547e+03  2.403333e+03
    endloop
  endfacet
  facet normal  1.814377e-01  9.442798e-01 -2.746195e-01
    outer loop
      vertex  1.073096e+05  7.261547e+03  2.403333e+03
      vertex  1.077054e+05  7.127450e+03  2.203692e+03
      vertex  1.073095e+05  7.203181e+03  2.202576e+03
    endloop
  endfacet
  facet normal  1.570384e-01  9.483066e-01 -2.757778e-01
    outer loop
      vertex  1.073096e+05  7.261547e+03  2.403333e+03
      vertex  1.073095e+05  7.203181e+03  2.202576e+03
      vertex  1.069556e+05  7.320442e+03  2.404256e+03
    endloop
  endfacet
  facet normal  1.642053e-01  9.503364e-01 -2.643808e-01
    outer loop
      vertex  1.069556e+05  7.320442e+03  2.404256e+03
      vertex  1.073095e+05  7.203181e+03  2.202576e+03
      vertex  1.069560e+05  7.264498e+03  2.203401e+03
    endloop
  endfacet
  facet normal  1.421846e-01  9.536142e-01 -2.653366e-01
    outer loop
      vertex  1.069556e+05  7.320442e+03  2.404256e+03
      vertex  1.069560e+05  7.264498e+03  2.203401e+03
      vertex  1.066000e+05  7.374114e+03  2.406596e+03
    endloop
  endfacet
  facet normal  1.500532e-01  9.558265e-01 -2.527445e-01
    outer loop
      vertex  1.066000e+05  7.374114e+03  2.406596e+03
      vertex  1.069560e+05  7.264498e+03  2.203401e+03
      vertex  1.066010e+05  7.320809e+03  2.205602e+03
    endloop
  endfacet
  facet normal  1.292520e-01  9.586367e-01 -2.535933e-01
    outer loop
      vertex  1.066000e+05  7.374114e+03  2.406596e+03
      vertex  1.066010e+05  7.320809e+03  2.205602e+03
      vertex  1.062429e+05  7.423171e+03  2.410058e+03
    endloop
  endfacet
  facet normal  1.376319e-01  9.609482e-01 -2.400752e-01
    outer loop
      vertex  1.062429e+05  7.423171e+03  2.410058e+03
      vertex  1.066010e+05  7.320809e+03  2.205602e+03
      vertex  1.062446e+05  7.372671e+03  2.208893e+03
    endloop
  endfacet
  facet normal  1.193829e-01  9.632056e-01 -2.407957e-01
    outer loop
      vertex  1.062429e+05  7.423171e+03  2.410058e+03
      vertex  1.062446e+05  7.372671e+03  2.208893e+03
      vertex  1.059743e+05  7.457267e+03  2.413232e+03
    endloop
  endfacet
  facet normal  1.279241e-01  9.647177e-01 -2.301199e-01
    outer loop
      vertex  1.059743e+05  7.457267e+03  2.413232e+03
      vertex  1.062446e+05  7.372671e+03  2.208893e+03
      vertex  1.059765e+05  7.408950e+03  2.211923e+03
    endloop
  endfacet
  facet normal  1.118074e-01  9.665694e-01 -2.307438e-01
    outer loop
      vertex  1.059743e+05  7.457267e+03  2.413232e+03
      vertex  1.059765e+05  7.408950e+03  2.211923e+03
      vertex  1.057048e+05  7.489284e+03  2.416793e+03
    endloop
  endfacet
  facet normal  1.205338e-01  9.680783e-01 -2.197633e-01
    outer loop
      vertex  1.057048e+05  7.489284e+03  2.416793e+03
      vertex  1.059765e+05  7.408950e+03  2.211923e+03
      vertex  1.057076e+05  7.443198e+03  2.215327e+03
    endloop
  endfacet
  facet normal  1.058612e-01  9.696636e-01 -2.203314e-01
    outer loop
      vertex  1.057048e+05  7.489284e+03  2.416793e+03
      vertex  1.057076e+05  7.443198e+03  2.215327e+03
      vertex  1.051800e+05  7.532275e+03  2.353838e+03
    endloop
  endfacet
  facet normal  2.176203e-01  9.384596e-01 -2.682070e-01
    outer loop
      vertex  1.080996e+05  7.106321e+03  2.408207e+03
      vertex  1.080999e+05  7.148285e+03  2.555259e+03
      vertex  1.082980e+05  7.061215e+03  2.411365e+03
    endloop
  endfacet
  facet normal  2.171937e-01  9.384006e-01 -2.687587e-01
    outer loop
      vertex  1.082980e+05  7.061215e+03  2.411365e+03
      vertex  1.080999e+05  7.148285e+03  2.555259e+03
      vertex  1.083608e+05  7.089128e+03  2.559599e+03
    endloop
  endfacet
  facet normal  2.312888e-01  9.335565e-01 -2.738206e-01
    outer loop
      vertex  1.082980e+05  7.061215e+03  2.411365e+03
      vertex  1.083608e+05  7.089128e+03  2.559599e+03
      vertex  1.084956e+05  7.013453e+03  2.415459e+03
    endloop
  endfacet
  facet normal  2.366069e-01  9.336545e-01 -2.688984e-01
    outer loop
      vertex  1.084956e+05  7.013453e+03  2.415459e+03
      vertex  1.083608e+05  7.089128e+03  2.559599e+03
      vertex  1.086203e+05  7.025100e+03  2.565620e+03
    endloop
  endfacet
  facet normal  2.458345e-01  9.291252e-01 -2.762097e-01
    outer loop
      vertex  1.084956e+05  7.013453e+03  2.415459e+03
      vertex  1.086203e+05  7.025100e+03  2.565620e+03
      vertex  1.086873e+05  6.964210e+03  2.420431e+03
    endloop
  endfacet
  facet normal  1.032574e-01  9.802312e-01 -1.687743e-01
    outer loop
      vertex  1.056999e+05  7.547949e+03  2.712588e+03
      vertex  1.056970e+05  7.575595e+03  2.871360e+03
      vertex  1.059702e+05  7.518850e+03  2.708921e+03
    endloop
  endfacet
  facet normal  9.774068e-02  9.792191e-01 -1.776984e-01
    outer loop
      vertex  1.059702e+05  7.518850e+03  2.708921e+03
      vertex  1.056970e+05  7.575595e+03  2.871360e+03
      vertex  1.059676e+05  7.547912e+03  2.867682e+03
    endloop
  endfacet
  facet normal  1.111525e-01  9.778710e-01 -1.772384e-01
    outer loop
      vertex  1.059702e+05  7.518850e+03  2.708921e+03
      vertex  1.059676e+05  7.547912e+03  2.867682e+03
      vertex  1.062396e+05  7.487626e+03  2.705643e+03
    endloop
  endfacet
  facet normal  1.056815e-01  9.768423e-01 -1.860390e-01
    outer loop
      vertex  1.062396e+05  7.487626e+03  2.705643e+03
      vertex  1.059676e+05  7.547912e+03  2.867682e+03
      vertex  1.062375e+05  7.518089e+03  2.864389e+03
    endloop
  endfacet
  facet normal  1.216108e-01  9.750919e-01 -1.854898e-01
    outer loop
      vertex  1.062396e+05  7.487626e+03  2.705643e+03
      vertex  1.062375e+05  7.518089e+03  2.864389e+03
      vertex  1.065977e+05  7.442289e+03  2.702049e+03
    endloop
  endfacet
  facet normal  1.161439e-01  9.735228e-01 -1.968857e-01
    outer loop
      vertex  1.065977e+05  7.442289e+03  2.702049e+03
      vertex  1.062375e+05  7.518089e+03  2.864389e+03
      vertex  1.065961e+05  7.474580e+03  2.860768e+03
    endloop
  endfacet
  facet normal  1.352127e-01  9.711930e-01 -1.962184e-01
    outer loop
      vertex  1.065977e+05  7.442289e+03  2.702049e+03
      vertex  1.065961e+05  7.474580e+03  2.860768e+03
      vertex  1.069542e+05  7.392159e+03  2.699584e+03
    endloop
  endfacet
  facet normal  1.299281e-01  9.696398e-01 -2.071651e-01
    outer loop
      vertex  1.069542e+05  7.392159e+03  2.699584e+03
      vertex  1.065961e+05  7.474580e+03  2.860768e+03
      vertex  1.069530e+05  7.426213e+03  2.858268e+03
    endloop
  endfacet
  facet normal  1.508856e-01  9.667644e-01 -2.063984e-01
    outer loop
      vertex  1.069542e+05  7.392159e+03  2.699584e+03
      vertex  1.069530e+05  7.426213e+03  2.858268e+03
      vertex  1.073090e+05  7.336563e+03  2.698547e+03
    endloop
  endfacet
  facet normal  1.458778e-01  9.652728e-01 -2.167208e-01
    outer loop
      vertex  1.073090e+05  7.336563e+03  2.698547e+03
      vertex  1.069530e+05  7.426213e+03  2.858268e+03
      vertex  1.073083e+05  7.372287e+03  2.857181e+03
    endloop
  endfacet
  facet normal  1.701351e-01  9.615091e-01 -2.157645e-01
    outer loop
      vertex  1.073090e+05  7.336563e+03  2.698547e+03
      vertex  1.073083e+05  7.372287e+03  2.857181e+03
      vertex  1.077058e+05  7.266551e+03  2.699499e+03
    endloop
  endfacet
  facet normal  1.654947e-01  9.598789e-01 -2.263715e-01
    outer loop
      vertex  1.077058e+05  7.266551e+03  2.699499e+03
      vertex  1.073083e+05  7.372287e+03  2.857181e+03
      vertex  1.077055e+05  7.304000e+03  2.858060e+03
    endloop
  endfacet
  facet normal  1.872571e-01  9.560933e-01 -2.254335e-01
    outer loop
      vertex  1.077058e+05  7.266551e+03  2.699499e+03
      vertex  1.077055e+05  7.304000e+03  2.858060e+03
      vertex  1.079033e+05  7.228231e+03  2.700973e+03
    endloop
  endfacet
  facet normal  1.832056e-01  9.557070e-01 -2.303474e-01
    outer loop
      vertex  1.079033e+05  7.228231e+03  2.700973e+03
      vertex  1.077055e+05  7.304000e+03  2.858060e+03
      vertex  1.079031e+05  7.266468e+03  2.859488e+03
    endloop
  endfacet
  facet normal  1.998945e-01  9.525445e-01 -2.295672e-01
    outer loop
      vertex  1.079033e+05  7.228231e+03  2.700973e+03
      vertex  1.079031e+05  7.266468e+03  2.859488e+03
      vertex  1.081000e+05  7.187491e+03  2.703208e+03
    endloop
  endfacet
  facet normal  1.961722e-01  9.522174e-01 -2.340910e-01
    outer loop
      vertex  1.081000e+05  7.187491e+03  2.703208e+03
      vertex  1.079031e+05  7.266468e+03  2.859488e+03
      vertex  1.080999e+05  7.226457e+03  2.861670e+03
    endloop
  endfacet
  facet normal  2.158913e-01  9.481868e-01 -2.330941e-01
    outer loop
      vertex  1.081000e+05  7.187491e+03  2.703208e+03
      vertex  1.080999e+05  7.226457e+03  2.861670e+03
      vertex  1.083610e+05  7.129114e+03  2.707501e+03
    endloop
  endfacet
  facet normal  2.125406e-01  9.476215e-01 -2.384113e-01
    outer loop
      vertex  1.083610e+05  7.129114e+03  2.707501e+03
      vertex  1.080999e+05  7.226457e+03  2.861670e+03
      vertex  1.083611e+05  7.168947e+03  2.865883e+03
    endloop
  endfacet
  facet normal  2.357371e-01  9.424451e-01 -2.371186e-01
    outer loop
      vertex  1.083610e+05  7.129114e+03  2.707501e+03
      vertex  1.083611e+05  7.168947e+03  2.865883e+03
      vertex  1.086205e+05  7.065713e+03  2.713475e+03
    endloop
  endfacet
  facet normal  2.329668e-01  9.420111e-01 -2.415398e-01
    outer loop
      vertex  1.086205e+05  7.065713e+03  2.713475e+03
      vertex  1.083611e+05  7.168947e+03  2.865883e+03
      vertex  1.086206e+05  7.106276e+03  2.871760e+03
    endloop
  endfacet
  facet normal  2.552395e-01  9.365767e-01 -2.401604e-01
    outer loop
      vertex  1.086205e+05  7.065713e+03  2.713475e+03
      vertex  1.086206e+05  7.106276e+03  2.871760e+03
      vertex  1.088783e+05  7.034568e+03  2.866005e+03
    endloop
  endfacet
  facet normal  9.823392e-02  9.819258e-01 -1.617768e-01
    outer loop
      vertex  1.059676e+05  7.547912e+03  2.867682e+03
      vertex  1.056970e+05  7.575595e+03  2.871360e+03
      vertex  1.061023e+05  7.560424e+03  3.025384e+03
    endloop
  endfacet
  facet normal  9.686398e-02  9.826606e-01 -1.580995e-01
    outer loop
      vertex  1.061023e+05  7.560424e+03  3.025384e+03
      vertex  1.056970e+05  7.575595e+03  2.871360e+03
      vertex  1.057886e+05  7.591998e+03  3.029455e+03
    endloop
  endfacet
  facet normal  9.713661e-02  9.841310e-01 -1.484947e-01
    outer loop
      vertex  1.061023e+05  7.560424e+03  3.025384e+03
      vertex  1.057886e+05  7.591998e+03  3.029455e+03
      vertex  1.061022e+05  7.602064e+03  3.301257e+03
    endloop
  endfacet
  facet normal  8.979125e-02  9.860585e-01 -1.400933e-01
    outer loop
      vertex  1.061022e+05  7.602064e+03  3.301257e+03
      vertex  1.057886e+05  7.591998e+03  3.029455e+03
      vertex  1.057925e+05  7.630821e+03  3.305189e+03
    endloop
  endfacet
  facet normal  9.008728e-02  9.876345e-01 -1.283052e-01
    outer loop
      vertex  1.061022e+05  7.602064e+03  3.301257e+03
      vertex  1.057925e+05  7.630821e+03  3.305189e+03
      vertex  1.061020e+05  7.638049e+03  3.578165e+03
    endloop
  endfacet
  facet normal  8.343806e-02  9.891633e-01 -1.208058e-01
    outer loop
      vertex  1.061020e+05  7.638049e+03  3.578165e+03
      vertex  1.057925e+05  7.630821e+03  3.305189e+03
      vertex  1.057970e+05  7.664241e+03  3.581914e+03
    endloop
  endfacet
  facet normal  8.365314e-02  9.902809e-01 -1.111118e-01
    outer loop
      vertex  1.061020e+05  7.638049e+03  3.578165e+03
      vertex  1.057970e+05  7.664241e+03  3.581914e+03
      vertex  1.061019e+05  7.669191e+03  3.855657e+03
    endloop
  endfacet
  facet normal  7.759585e-02  9.915052e-01 -1.043852e-01
    outer loop
      vertex  1.061019e+05  7.669191e+03  3.855657e+03
      vertex  1.057970e+05  7.664241e+03  3.581914e+03
      vertex  1.058020e+05  7.693037e+03  3.859201e+03
    endloop
  endfacet
  facet normal  8.679415e-02  9.900140e-01 -1.110809e-01
    outer loop
      vertex  1.061019e+05  7.669191e+03  3.855657e+03
      vertex  1.064009e+05  7.642638e+03  3.852574e+03
      vertex  1.061020e+05  7.638049e+03  3.578165e+03
    endloop
  endfacet
  facet normal  9.317744e-02  9.886312e-01 -1.180096e-01
    outer loop
      vertex  1.061020e+05  7.638049e+03  3.578165e+03
      vertex  1.064009e+05  7.642638e+03  3.852574e+03
      vertex  1.064061e+05  7.609005e+03  3.574915e+03
    endloop
  endfacet
  facet normal  9.294770e-02  9.873741e-01 -1.282700e-01
    outer loop
      vertex  1.061020e+05  7.638049e+03  3.578165e+03
      vertex  1.064061e+05  7.609005e+03  3.574915e+03
      vertex  1.061022e+05  7.602064e+03  3.301257e+03
    endloop
  endfacet
  facet normal  9.982877e-02  9.856845e-01 -1.358692e-01
    outer loop
      vertex  1.061022e+05  7.602064e+03  3.301257e+03
      vertex  1.064061e+05  7.609005e+03  3.574915e+03
      vertex  1.064108e+05  7.570341e+03  3.297865e+03
    endloop
  endfacet
  facet normal  9.950692e-02  9.838996e-01 -1.484586e-01
    outer loop
      vertex  1.061022e+05  7.602064e+03  3.301257e+03
      vertex  1.064108e+05  7.570341e+03  3.297865e+03
      vertex  1.061023e+05  7.560424e+03  3.025384e+03
    endloop
  endfacet
  facet normal  1.069882e-01  9.818100e-01 -1.568519e-01
    outer loop
      vertex  1.061023e+05  7.560424e+03  3.025384e+03
      vertex  1.064108e+05  7.570341e+03  3.297865e+03
      vertex  1.064149e+05  7.525803e+03  3.021888e+03
    endloop
  endfacet
  facet normal  1.066597e-01  9.799809e-01 -1.681106e-01
    outer loop
      vertex  1.061023e+05  7.560424e+03  3.025384e+03
      vertex  1.064149e+05  7.525803e+03  3.021888e+03
      vertex  1.062375e+05  7.518089e+03  2.864389e+03
    endloop
  endfacet
  facet normal  1.167249e-01  9.768468e-01 -1.792920e-01
    outer loop
      vertex  1.062375e+05  7.518089e+03  2.864389e+03
      vertex  1.064149e+05  7.525803e+03  3.021888e+03
      vertex  1.065961e+05  7.474580e+03  2.860768e+03
    endloop
  endfacet
  facet normal  1.660869e-01  9.635375e-01 -2.097873e-01
    outer loop
      vertex  1.073083e+05  7.372287e+03  2.857181e+03
      vertex  1.074549e+05  7.381708e+03  3.016569e+03
      vertex  1.077055e+05  7.304000e+03  2.858060e+03
    endloop
  endfacet
  facet normal  1.647051e-01  9.633199e-01 -2.118654e-01
    outer loop
      vertex  1.077055e+05  7.304000e+03  2.858060e+03
      vertex  1.074549e+05  7.381708e+03  3.016569e+03
      vertex  1.076610e+05  7.346607e+03  3.017142e+03
    endloop
  endfacet
  facet normal  1.840563e-01  9.611176e-01 -2.058548e-01
    outer loop
      vertex  1.077055e+05  7.304000e+03  2.858060e+03
      vertex  1.076610e+05  7.346607e+03  3.017142e+03
      vertex  1.079031e+05  7.266468e+03  2.859488e+03
    endloop
  endfacet
  facet normal  1.807512e-01  9.606916e-01 -2.107147e-01
    outer loop
      vertex  1.079031e+05  7.266468e+03  2.859488e+03
      vertex  1.076610e+05  7.346607e+03  3.017142e+03
      vertex  1.079685e+05  7.289226e+03  3.019349e+03
    endloop
  endfacet
  facet normal  1.967907e-01  9.562117e-01 -2.166394e-01
    outer loop
      vertex  1.079031e+05  7.266468e+03  2.859488e+03
      vertex  1.079685e+05  7.289226e+03  3.019349e+03
      vertex  1.080999e+05  7.226457e+03  2.861670e+03
    endloop
  endfacet
  facet normal  8.846989e-02  9.861781e-01 -1.400916e-01
    outer loop
      vertex  1.057886e+05  7.591998e+03  3.029455e+03
      vertex  1.054696e+05  7.621270e+03  3.034023e+03
      vertex  1.057925e+05  7.630821e+03  3.305189e+03
    endloop
  endfacet
  facet normal  8.115451e-02  9.879962e-01 -1.314440e-01
    outer loop
      vertex  1.057925e+05  7.630821e+03  3.305189e+03
      vertex  1.054696e+05  7.621270e+03  3.034023e+03
      vertex  1.054679e+05  7.658087e+03  3.309731e+03
    endloop
  endfacet
  facet normal  8.141587e-02  9.893332e-01 -1.207937e-01
    outer loop
      vertex  1.057925e+05  7.630821e+03  3.305189e+03
      vertex  1.054679e+05  7.658087e+03  3.309731e+03
      vertex  1.057970e+05  7.664241e+03  3.581914e+03
    endloop
  endfacet
  facet normal  7.487141e-02  9.907798e-01 -1.129145e-01
    outer loop
      vertex  1.057970e+05  7.664241e+03  3.581914e+03
      vertex  1.054679e+05  7.658087e+03  3.309731e+03
      vertex  1.054663e+05  7.689737e+03  3.586390e+03
    endloop
  endfacet
  facet normal  7.505842e-02  9.917032e-01 -1.043594e-01
    outer loop
      vertex  1.057970e+05  7.664241e+03  3.581914e+03
      vertex  1.054663e+05  7.689737e+03  3.586390e+03
      vertex  1.058020e+05  7.693037e+03  3.859201e+03
    endloop
  endfacet
  facet normal  6.916614e-02  9.928663e-01 -9.712246e-02
    outer loop
      vertex  1.058020e+05  7.693037e+03  3.859201e+03
      vertex  1.054663e+05  7.689737e+03  3.586390e+03
      vertex  1.054648e+05  7.716957e+03  3.863590e+03
    endloop
  endfacet
  facet normal  1.206629e-01  9.802951e-01 -1.564034e-01
    outer loop
      vertex  1.064149e+05  7.525803e+03  3.021888e+03
      vertex  1.064108e+05  7.570341e+03  3.297865e+03
      vertex  1.068327e+05  7.473813e+03  3.018379e+03
    endloop
  endfacet
  facet normal  1.125984e-01  9.792952e-01 -1.682332e-01
    outer loop
      vertex  1.068327e+05  7.473813e+03  3.018379e+03
      vertex  1.064108e+05  7.570341e+03  3.297865e+03
      vertex  1.068296e+05  7.521586e+03  3.294376e+03
    endloop
  endfacet
  facet normal  1.386520e-01  9.760934e-01 -1.673840e-01
    outer loop
      vertex  1.068327e+05  7.473813e+03  3.018379e+03
      vertex  1.068296e+05  7.521586e+03  3.294376e+03
      vertex  1.072482e+05  7.414497e+03  3.016630e+03
    endloop
  endfacet
  facet normal  1.307634e-01  9.751379e-01 -1.789046e-01
    outer loop
      vertex  1.072482e+05  7.414497e+03  3.016630e+03
      vertex  1.068296e+05  7.521586e+03  3.294376e+03
      vertex  1.072460e+05  7.465420e+03  3.292585e+03
    endloop
  endfacet
  facet normal  1.540799e-01  9.718715e-01 -1.781157e-01
    outer loop
      vertex  1.072482e+05  7.414497e+03  3.016630e+03
      vertex  1.072460e+05  7.465420e+03  3.292585e+03
      vertex  1.074549e+05  7.381708e+03  3.016569e+03
    endloop
  endfacet
  facet normal  1.465714e-01  9.719689e-01 -1.838294e-01
    outer loop
      vertex  1.074549e+05  7.381708e+03  3.016569e+03
      vertex  1.072460e+05  7.465420e+03  3.292585e+03
      vertex  1.074531e+05  7.434158e+03  3.292474e+03
    endloop
  endfacet
  facet normal  1.655993e-01  9.690372e-01 -1.831492e-01
    outer loop
      vertex  1.074549e+05  7.381708e+03  3.016569e+03
      vertex  1.074531e+05  7.434158e+03  3.292474e+03
      vertex  1.076610e+05  7.346607e+03  3.017142e+03
    endloop
  endfacet
  facet normal  1.582865e-01  9.691909e-01 -1.887175e-01
    outer loop
      vertex  1.076610e+05  7.346607e+03  3.017142e+03
      vertex  1.074531e+05  7.434158e+03  3.292474e+03
      vertex  1.076596e+05  7.400543e+03  3.292973e+03
    endloop
  endfacet
  facet normal  1.814459e-01  9.652948e-01 -1.878389e-01
    outer loop
      vertex  1.076610e+05  7.346607e+03  3.017142e+03
      vertex  1.076596e+05  7.400543e+03  3.292973e+03
      vertex  1.079685e+05  7.289226e+03  3.019349e+03
    endloop
  endfacet
  facet normal  1.743681e-01  9.650326e-01 -1.957236e-01
    outer loop
      vertex  1.079685e+05  7.289226e+03  3.019349e+03
      vertex  1.076596e+05  7.400543e+03  3.292973e+03
      vertex  1.079676e+05  7.345293e+03  3.295022e+03
    endloop
  endfacet
  facet normal  2.024749e-01  9.597650e-01 -1.945639e-01
    outer loop
      vertex  1.079685e+05  7.289226e+03  3.019349e+03
      vertex  1.079676e+05  7.345293e+03  3.295022e+03
      vertex  1.082741e+05  7.225583e+03  3.023412e+03
    endloop
  endfacet
  facet normal  1.958680e-01  9.596103e-01 -2.019500e-01
    outer loop
      vertex  1.082741e+05  7.225583e+03  3.023412e+03
      vertex  1.079676e+05  7.345293e+03  3.295022e+03
      vertex  1.082737e+05  7.283641e+03  3.298859e+03
    endloop
  endfacet
  facet normal  2.259806e-01  9.532611e-01 -2.005639e-01
    outer loop
      vertex  1.082741e+05  7.225583e+03  3.023412e+03
      vertex  1.082737e+05  7.283641e+03  3.298859e+03
      vertex  1.085775e+05  7.154975e+03  3.029620e+03
    endloop
  endfacet
  facet normal  2.199687e-01  9.532202e-01 -2.073280e-01
    outer loop
      vertex  1.085775e+05  7.154975e+03  3.029620e+03
      vertex  1.082737e+05  7.283641e+03  3.298859e+03
      vertex  1.085773e+05  7.214847e+03  3.304764e+03
    endloop
  endfacet
  facet normal  2.466953e-01  9.469555e-01 -2.059534e-01
    outer loop
      vertex  1.085775e+05  7.154975e+03  3.029620e+03
      vertex  1.085773e+05  7.214847e+03  3.304764e+03
      vertex  1.088784e+05  7.132485e+03  3.286674e+03
    endloop
  endfacet
  facet normal  1.134505e-01  9.842685e-01 -1.354412e-01
    outer loop
      vertex  1.064108e+05  7.570341e+03  3.297865e+03
      vertex  1.064061e+05  7.609005e+03  3.574915e+03
      vertex  1.068296e+05  7.521586e+03  3.294376e+03
    endloop
  endfacet
  facet normal  1.059584e-01  9.835169e-01 -1.465173e-01
    outer loop
      vertex  1.068296e+05  7.521586e+03  3.294376e+03
      vertex  1.064061e+05  7.609005e+03  3.574915e+03
      vertex  1.068259e+05  7.563267e+03  3.571489e+03
    endloop
  endfacet
  facet normal  1.316334e-01  9.805290e-01 -1.457248e-01
    outer loop
      vertex  1.068296e+05  7.521586e+03  3.294376e+03
      vertex  1.068259e+05  7.563267e+03  3.571489e+03
      vertex  1.072460e+05  7.465420e+03  3.292585e+03
    endloop
  endfacet
  facet normal  1.241189e-01  9.798020e-01 -1.567883e-01
    outer loop
      vertex  1.072460e+05  7.465420e+03  3.292585e+03
      vertex  1.068259e+05  7.563267e+03  3.571489e+03
      vertex  1.072432e+05  7.510110e+03  3.569685e+03
    endloop
  endfacet
  facet normal  1.473006e-01  9.767029e-01 -1.560584e-01
    outer loop
      vertex  1.072460e+05  7.465420e+03  3.292585e+03
      vertex  1.072432e+05  7.510110e+03  3.569685e+03
      vertex  1.074531e+05  7.434158e+03  3.292474e+03
    endloop
  endfacet
  facet normal  1.399613e-01  9.768707e-01 -1.616622e-01
    outer loop
      vertex  1.074531e+05  7.434158e+03  3.292474e+03
      vertex  1.072432e+05  7.510110e+03  3.569685e+03
      vertex  1.074508e+05  7.480339e+03  3.569533e+03
    endloop
  endfacet
  facet normal  1.590117e-01  9.740550e-01 -1.610344e-01
    outer loop
      vertex  1.074531e+05  7.434158e+03  3.292474e+03
      vertex  1.074508e+05  7.480339e+03  3.569533e+03
      vertex  1.076596e+05  7.400543e+03  3.292973e+03
    endloop
  endfacet
  facet normal  1.517270e-01  9.742814e-01 -1.665976e-01
    outer loop
      vertex  1.076596e+05  7.400543e+03  3.292973e+03
      vertex  1.074508e+05  7.480339e+03  3.569533e+03
      vertex  1.076577e+05  7.448199e+03  3.569965e+03
    endloop
  endfacet
  facet normal  1.751467e-01  9.704837e-01 -1.657857e-01
    outer loop
      vertex  1.076596e+05  7.400543e+03  3.292973e+03
      vertex  1.076577e+05  7.448199e+03  3.569965e+03
      vertex  1.079676e+05  7.345293e+03  3.295022e+03
    endloop
  endfacet
  facet normal  1.679186e-01  9.703444e-01 -1.738821e-01
    outer loop
      vertex  1.079676e+05  7.345293e+03  3.295022e+03
      vertex  1.076577e+05  7.448199e+03  3.569965e+03
      vertex  1.079664e+05  7.395122e+03  3.571854e+03
    endloop
  endfacet
  facet normal  1.966150e-01  9.651315e-01 -1.728109e-01
    outer loop
      vertex  1.079676e+05  7.345293e+03  3.295022e+03
      vertex  1.079664e+05  7.395122e+03  3.571854e+03
      vertex  1.082737e+05  7.283641e+03  3.298859e+03
    endloop
  endfacet
  facet normal  1.895901e-01  9.650919e-01 -1.807021e-01
    outer loop
      vertex  1.082737e+05  7.283641e+03  3.298859e+03
      vertex  1.079664e+05  7.395122e+03  3.571854e+03
      vertex  1.082729e+05  7.335577e+03  3.575454e+03
    endloop
  endfacet
  facet normal  2.206683e-01  9.587046e-01 -1.794184e-01
    outer loop
      vertex  1.082737e+05  7.283641e+03  3.298859e+03
      vertex  1.082729e+05  7.335577e+03  3.575454e+03
      vertex  1.085773e+05  7.214847e+03  3.304764e+03
    endloop
  endfacet
  facet normal  2.139320e-01  9.587774e-01 -1.870268e-01
    outer loop
      vertex  1.085773e+05  7.214847e+03  3.304764e+03
      vertex  1.082729e+05  7.335577e+03  3.575454e+03
      vertex  1.085770e+05  7.268804e+03  3.581030e+03
    endloop
  endfacet
  facet normal  2.416133e-01  9.524271e-01 -1.857568e-01
    outer loop
      vertex  1.085773e+05  7.214847e+03  3.304764e+03
      vertex  1.085770e+05  7.268804e+03  3.581030e+03
      vertex  1.088784e+05  7.176170e+03  3.498091e+03
    endloop
  endfacet
  facet normal  1.066090e-01  9.873220e-01 -1.175997e-01
    outer loop
      vertex  1.064061e+05  7.609005e+03  3.574915e+03
      vertex  1.064009e+05  7.642638e+03  3.852574e+03
      vertex  1.068259e+05  7.563267e+03  3.571489e+03
    endloop
  endfacet
  facet normal  9.958030e-02  9.867536e-01 -1.280665e-01
    outer loop
      vertex  1.068259e+05  7.563267e+03  3.571489e+03
      vertex  1.064009e+05  7.642638e+03  3.852574e+03
      vertex  1.068217e+05  7.599740e+03  3.849236e+03
    endloop
  endfacet
  facet normal  1.247786e-01  9.839815e-01 -1.273205e-01
    outer loop
      vertex  1.068259e+05  7.563267e+03  3.571489e+03
      vertex  1.068217e+05  7.599740e+03  3.849236e+03
      vertex  1.072432e+05  7.510110e+03  3.569685e+03
    endloop
  endfacet
  facet normal  1.175572e-01  9.834264e-01 -1.380321e-01
    outer loop
      vertex  1.072432e+05  7.510110e+03  3.569685e+03
      vertex  1.068217e+05  7.599740e+03  3.849236e+03
      vertex  1.072400e+05  7.549485e+03  3.847445e+03
    endloop
  endfacet
  facet normal  1.405006e-01  9.805073e-01 -1.373499e-01
    outer loop
      vertex  1.072432e+05  7.510110e+03  3.569685e+03
      vertex  1.072400e+05  7.549485e+03  3.847445e+03
      vertex  1.074508e+05  7.480339e+03  3.569533e+03
    endloop
  endfacet
  facet normal  1.332616e-01  9.807251e-01 -1.428967e-01
    outer loop
      vertex  1.074508e+05  7.480339e+03  3.569533e+03
      vertex  1.072400e+05  7.549485e+03  3.847445e+03
      vertex  1.074481e+05  7.521183e+03  3.847264e+03
    endloop
  endfacet
  facet normal  1.522605e-01  9.780409e-01 -1.423122e-01
    outer loop
      vertex  1.074508e+05  7.480339e+03  3.569533e+03
      vertex  1.074481e+05  7.521183e+03  3.847264e+03
      vertex  1.076577e+05  7.448199e+03  3.569965e+03
    endloop
  endfacet
  facet normal  1.449649e-01  9.783203e-01 -1.479008e-01
    outer loop
      vertex  1.076577e+05  7.448199e+03  3.569965e+03
      vertex  1.074481e+05  7.521183e+03  3.847264e+03
      vertex  1.076554e+05  7.490521e+03  3.847640e+03
    endloop
  endfacet
  facet normal  1.684965e-01  9.746574e-01 -1.471459e-01
    outer loop
      vertex  1.076577e+05  7.448199e+03  3.569965e+03
      vertex  1.076554e+05  7.490521e+03  3.847640e+03
      vertex  1.079664e+05  7.395122e+03  3.571854e+03
    endloop
  endfacet
  facet normal  1.610796e-01  9.746152e-01 -1.554951e-01
    outer loop
      vertex  1.079664e+05  7.395122e+03  3.571854e+03
      vertex  1.076554e+05  7.490521e+03  3.847640e+03
      vertex  1.079647e+05  7.439673e+03  3.849386e+03
    endloop
  endfacet
  facet normal  1.901431e-01  9.695225e-01 -1.545049e-01
    outer loop
      vertex  1.079664e+05  7.395122e+03  3.571854e+03
      vertex  1.079647e+05  7.439673e+03  3.849386e+03
      vertex  1.082729e+05  7.335577e+03  3.575454e+03
    endloop
  endfacet
  facet normal  1.826955e-01  9.695794e-01 -1.629055e-01
    outer loop
      vertex  1.082729e+05  7.335577e+03  3.575454e+03
      vertex  1.079647e+05  7.439673e+03  3.849386e+03
      vertex  1.082719e+05  7.382362e+03  3.852762e+03
    endloop
  endfacet
  facet normal  2.144508e-01  9.632534e-01 -1.617211e-01
    outer loop
      vertex  1.082729e+05  7.335577e+03  3.575454e+03
      vertex  1.082719e+05  7.382362e+03  3.852762e+03
      vertex  1.085770e+05  7.268804e+03  3.581030e+03
    endloop
  endfacet
  facet normal  2.070200e-01  9.634290e-01 -1.701393e-01
    outer loop
      vertex  1.085770e+05  7.268804e+03  3.581030e+03
      vertex  1.082719e+05  7.382362e+03  3.852762e+03
      vertex  1.085766e+05  7.317817e+03  3.858021e+03
    endloop
  endfacet
  facet normal  6.540117e-02  9.949261e-01 -7.645078e-02
    outer loop
      vertex  1.054638e+05  7.734869e+03  4.071657e+03
      vertex  1.054628e+05  7.750924e+03  4.279763e+03
      vertex  1.058062e+05  7.712026e+03  4.067341e+03
    endloop
  endfacet
  facet normal  6.141568e-02  9.946680e-01 -8.284712e-02
    outer loop
      vertex  1.058062e+05  7.712026e+03  4.067341e+03
      vertex  1.054628e+05  7.750924e+03  4.279763e+03
      vertex  1.058108e+05  7.729084e+03  4.275518e+03
    endloop
  endfacet
  facet normal  7.368925e-02  9.938175e-01 -8.304550e-02
    outer loop
      vertex  1.058062e+05  7.712026e+03  4.067341e+03
      vertex  1.058108e+05  7.729084e+03  4.275518e+03
      vertex  1.061019e+05  7.689817e+03  4.063957e+03
    endloop
  endfacet
  facet normal  6.953695e-02  9.936259e-01 -8.872446e-02
    outer loop
      vertex  1.061019e+05  7.689817e+03  4.063957e+03
      vertex  1.058108e+05  7.729084e+03  4.275518e+03
      vertex  1.061020e+05  7.708419e+03  4.272294e+03
    endloop
  endfacet
  facet normal  8.261600e-02  9.926319e-01 -8.863718e-02
    outer loop
      vertex  1.061019e+05  7.689817e+03  4.063957e+03
      vertex  1.061020e+05  7.708419e+03  4.272294e+03
      vertex  1.063967e+05  7.665022e+03  4.061005e+03
    endloop
  endfacet
  facet normal  7.811732e-02  9.924201e-01 -9.486888e-02
    outer loop
      vertex  1.063967e+05  7.665022e+03  4.061005e+03
      vertex  1.061020e+05  7.708419e+03  4.272294e+03
      vertex  1.063922e+05  7.685300e+03  4.269475e+03
    endloop
  endfacet
  facet normal  9.533393e-02  9.909630e-01 -9.436002e-02
    outer loop
      vertex  1.063967e+05  7.665022e+03  4.061005e+03
      vertex  1.063922e+05  7.685300e+03  4.269475e+03
      vertex  1.068182e+05  7.624160e+03  4.057745e+03
    endloop
  endfacet
  facet normal  9.044313e-02  9.904510e-01 -1.040518e-01
    outer loop
      vertex  1.068182e+05  7.624160e+03  4.057745e+03
      vertex  1.063922e+05  7.685300e+03  4.269475e+03
      vertex  1.068145e+05  7.646408e+03  4.266300e+03
    endloop
  endfacet
  facet normal  1.130632e-01  9.881920e-01 -1.034083e-01
    outer loop
      vertex  1.068182e+05  7.624160e+03  4.057745e+03
      vertex  1.068145e+05  7.646408e+03  4.266300e+03
      vertex  1.072373e+05  7.576030e+03  4.055978e+03
    endloop
  endfacet
  facet normal  1.078393e-01  9.876422e-01 -1.137247e-01
    outer loop
      vertex  1.072373e+05  7.576030e+03  4.055978e+03
      vertex  1.068145e+05  7.646408e+03  4.266300e+03
      vertex  1.072343e+05  7.600372e+03  4.264566e+03
    endloop
  endfacet
  facet normal  1.284792e-01  9.852359e-01 -1.131509e-01
    outer loop
      vertex  1.072373e+05  7.576030e+03  4.055978e+03
      vertex  1.072343e+05  7.600372e+03  4.264566e+03
      vertex  1.074457e+05  7.548823e+03  4.055784e+03
    endloop
  endfacet
  facet normal  1.230761e-01  9.852809e-01 -1.186335e-01
    outer loop
      vertex  1.074457e+05  7.548823e+03  4.055784e+03
      vertex  1.072343e+05  7.600372e+03  4.264566e+03
      vertex  1.074431e+05  7.574261e+03  4.264366e+03
    endloop
  endfacet
  facet normal  1.400488e-01  9.830697e-01 -1.181534e-01
    outer loop
      vertex  1.074457e+05  7.548823e+03  4.055784e+03
      vertex  1.074431e+05  7.574261e+03  4.264366e+03
      vertex  1.076534e+05  7.519279e+03  4.056126e+03
    endloop
  endfacet
  facet normal  1.344704e-01  9.831527e-01 -1.238078e-01
    outer loop
      vertex  1.076534e+05  7.519279e+03  4.056126e+03
      vertex  1.074431e+05  7.574261e+03  4.264366e+03
      vertex  1.076512e+05  7.545845e+03  4.264684e+03
    endloop
  endfacet
  facet normal  1.560482e-01  9.800383e-01 -1.231823e-01
    outer loop
      vertex  1.076534e+05  7.519279e+03  4.056126e+03
      vertex  1.076512e+05  7.545845e+03  4.264684e+03
      vertex  1.079633e+05  7.470147e+03  4.057781e+03
    endloop
  endfacet
  facet normal  1.501883e-01  9.798140e-01 -1.319391e-01
    outer loop
      vertex  1.079633e+05  7.470147e+03  4.057781e+03
      vertex  1.076512e+05  7.545845e+03  4.264684e+03
      vertex  1.079616e+05  7.498472e+03  4.266264e+03
    endloop
  endfacet
  facet normal  1.774590e-01  9.753544e-01 -1.311186e-01
    outer loop
      vertex  1.079633e+05  7.470147e+03  4.057781e+03
      vertex  1.079616e+05  7.498472e+03  4.266264e+03
      vertex  1.082709e+05  7.414599e+03  4.061008e+03
    endloop
  endfacet
  facet normal  1.713158e-01  9.751748e-01 -1.403031e-01
    outer loop
      vertex  1.082709e+05  7.414599e+03  4.061008e+03
      vertex  1.079616e+05  7.498472e+03  4.266264e+03
      vertex  1.082699e+05  7.444764e+03  4.269362e+03
    endloop
  endfacet
  facet normal  2.015887e-01  9.695101e-01 -1.393275e-01
    outer loop
      vertex  1.082709e+05  7.414599e+03  4.061008e+03
      vertex  1.082699e+05  7.444764e+03  4.269362e+03
      vertex  1.085762e+05  7.351862e+03  4.066051e+03
    endloop
  endfacet
  facet normal  1.951619e-01  9.693937e-01 -1.489560e-01
    outer loop
      vertex  1.085762e+05  7.351862e+03  4.066051e+03
      vertex  1.082699e+05  7.444764e+03  4.269362e+03
      vertex  1.085756e+05  7.383952e+03  4.274216e+03
    endloop
  endfacet
  facet normal  2.214730e-01  9.638643e-01 -1.480384e-01
    outer loop
      vertex  1.085762e+05  7.351862e+03  4.066051e+03
      vertex  1.085756e+05  7.383952e+03  4.274216e+03
      vertex  1.087277e+05  7.317539e+03  4.069335e+03
    endloop
  endfacet
  facet normal  2.148765e-01  9.645570e-01 -1.531596e-01
    outer loop
      vertex  1.087277e+05  7.317539e+03  4.069335e+03
      vertex  1.085756e+05  7.383952e+03  4.274216e+03
      vertex  1.087275e+05  7.350625e+03  4.277380e+03
    endloop
  endfacet
  facet normal  2.321292e-01  9.606527e-01 -1.525199e-01
    outer loop
      vertex  1.087277e+05  7.317539e+03  4.069335e+03
      vertex  1.087275e+05  7.350625e+03  4.277380e+03
      vertex  1.088786e+05  7.293780e+03  4.149292e+03
    endloop
  endfacet
  facet normal  5.271251e-02  9.973428e-01 -5.028858e-02
    outer loop
      vertex  1.054606e+05  7.786199e+03  4.831056e+03
      vertex  1.054066e+05  7.806634e+03  5.179721e+03
      vertex  1.058244e+05  7.766763e+03  4.826980e+03
    endloop
  endfacet
  facet normal  4.576405e-02  9.972374e-01 -5.850804e-02
    outer loop
      vertex  1.058244e+05  7.766763e+03  4.826980e+03
      vertex  1.054066e+05  7.806634e+03  5.179721e+03
      vertex  1.057288e+05  7.791643e+03  5.176224e+03
    endloop
  endfacet
  facet normal  6.024854e-02  9.966943e-01 -5.450211e-02
    outer loop
      vertex  1.058244e+05  7.766763e+03  4.826980e+03
      vertex  1.057288e+05  7.791643e+03  5.176224e+03
      vertex  1.061023e+05  7.749813e+03  4.824164e+03
    endloop
  endfacet
  facet normal  5.258634e-02  9.966507e-01 -6.262591e-02
    outer loop
      vertex  1.061023e+05  7.749813e+03  4.824164e+03
      vertex  1.057288e+05  7.791643e+03  5.176224e+03
      vertex  1.060501e+05  7.774489e+03  5.173048e+03
    endloop
  endfacet
  facet normal  6.780257e-02  9.958751e-01 -6.029529e-02
    outer loop
      vertex  1.061023e+05  7.749813e+03  4.824164e+03
      vertex  1.060501e+05  7.774489e+03  5.173048e+03
      vertex  1.063794e+05  7.730799e+03  4.821690e+03
    endloop
  endfacet
  facet normal  6.058792e-02  9.959077e-01 -6.706022e-02
    outer loop
      vertex  1.063794e+05  7.730799e+03  4.821690e+03
      vertex  1.060501e+05  7.774489e+03  5.173048e+03
      vertex  1.063705e+05  7.754814e+03  5.170298e+03
    endloop
  endfacet
  facet normal  7.902078e-02  9.946522e-01 -6.650321e-02
    outer loop
      vertex  1.063794e+05  7.730799e+03  4.821690e+03
      vertex  1.063705e+05  7.754814e+03  5.170298e+03
      vertex  1.068036e+05  7.696900e+03  4.818748e+03
    endloop
  endfacet
  facet normal  7.162976e-02  9.945626e-01 -7.559417e-02
    outer loop
      vertex  1.068036e+05  7.696900e+03  4.818748e+03
      vertex  1.063705e+05  7.754814e+03  5.170298e+03
      vertex  1.067959e+05  7.723961e+03  5.167502e+03
    endloop
  endfacet
  facet normal  9.518095e-02  9.926363e-01 -7.492609e-02
    outer loop
      vertex  1.068036e+05  7.696900e+03  4.818748e+03
      vertex  1.067959e+05  7.723961e+03  5.167502e+03
      vertex  1.072254e+05  7.656332e+03  4.817142e+03
    endloop
  endfacet
  facet normal  8.678178e-02  9.925765e-01 -8.521093e-02
    outer loop
      vertex  1.072254e+05  7.656332e+03  4.817142e+03
      vertex  1.067959e+05  7.723961e+03  5.167502e+03
      vertex  1.072190e+05  7.686836e+03  5.165997e+03
    endloop
  endfacet
  facet normal  1.093090e-01  9.904003e-01 -8.461051e-02
    outer loop
      vertex  1.072254e+05  7.656332e+03  4.817142e+03
      vertex  1.072190e+05  7.686836e+03  5.165997e+03
      vertex  1.074353e+05  7.633151e+03  4.816956e+03
    endloop
  endfacet
  facet normal  1.001161e-01  9.908625e-01 -9.037686e-02
    outer loop
      vertex  1.074353e+05  7.633151e+03  4.816956e+03
      vertex  1.072190e+05  7.686836e+03  5.165997e+03
      vertex  1.074296e+05  7.665545e+03  5.165839e+03
    endloop
  endfacet
  facet normal  1.199519e-01  9.887050e-01 -8.985452e-02
    outer loop
      vertex  1.074353e+05  7.633151e+03  4.816956e+03
      vertex  1.074296e+05  7.665545e+03  5.165839e+03
      vertex  1.076444e+05  7.607807e+03  4.817251e+03
    endloop
  endfacet
  facet normal  1.101298e-01  9.892702e-01 -9.599990e-02
    outer loop
      vertex  1.076444e+05  7.607807e+03  4.817251e+03
      vertex  1.074296e+05  7.665545e+03  5.165839e+03
      vertex  1.076395e+05  7.642214e+03  5.166145e+03
    endloop
  endfacet
  facet normal  1.347031e-01  9.862869e-01 -9.535796e-02
    outer loop
      vertex  1.076444e+05  7.607807e+03  4.817251e+03
      vertex  1.076395e+05  7.642214e+03  5.166145e+03
      vertex  1.079565e+05  7.565324e+03  4.818715e+03
    endloop
  endfacet
  facet normal  1.240045e-01  9.866884e-01 -1.052092e-01
    outer loop
      vertex  1.079565e+05  7.565324e+03  4.818715e+03
      vertex  1.076395e+05  7.642214e+03  5.166145e+03
      vertex  1.079527e+05  7.603001e+03  5.167590e+03
    endloop
  endfacet
  facet normal  1.545450e-01  9.824522e-01 -1.044194e-01
    outer loop
      vertex  1.079565e+05  7.565324e+03  4.818715e+03
      vertex  1.079527e+05  7.603001e+03  5.167590e+03
      vertex  1.082664e+05  7.516872e+03  4.821586e+03
    endloop
  endfacet
  facet normal  1.427297e-01  9.830257e-01 -1.152760e-01
    outer loop
      vertex  1.082664e+05  7.516872e+03  4.821586e+03
      vertex  1.079527e+05  7.603001e+03  5.167590e+03
      vertex  1.082639e+05  7.558151e+03  5.170393e+03
    endloop
  endfacet
  facet normal  1.770056e-01  9.775417e-01 -1.143729e-01
    outer loop
      vertex  1.082664e+05  7.516872e+03  4.821586e+03
      vertex  1.082639e+05  7.558151e+03  5.170393e+03
      vertex  1.085740e+05  7.461714e+03  4.826084e+03
    endloop
  endfacet
  facet normal  1.586962e-01  9.785777e-01 -1.311538e-01
    outer loop
      vertex  1.085740e+05  7.461714e+03  4.826084e+03
      vertex  1.082639e+05  7.558151e+03  5.170393e+03
      vertex  1.084304e+05  7.531436e+03  5.172537e+03
    endloop
  endfacet
  facet normal  1.709746e-01  9.772127e-01 -1.257898e-01
    outer loop
      vertex  1.085740e+05  7.461714e+03  4.826084e+03
      vertex  1.084304e+05  7.531436e+03  5.172537e+03
      vertex  1.085961e+05  7.502769e+03  5.175169e+03
    endloop
  endfacet
  facet normal  1.955535e-01  9.717717e-01 -1.319795e-01
    outer loop
      vertex  1.087267e+05  7.431374e+03  4.829016e+03
      vertex  1.085740e+05  7.461714e+03  4.826084e+03
      vertex  1.087378e+05  7.476522e+03  5.177845e+03
    endloop
  endfacet
  facet normal  1.830532e-01  9.749573e-01 -1.262920e-01
    outer loop
      vertex  1.087378e+05  7.476522e+03  5.177845e+03
      vertex  1.085740e+05  7.461714e+03  4.826084e+03
      vertex  1.085961e+05  7.502769e+03  5.175169e+03
    endloop
  endfacet
  facet normal  1.830464e-01  9.747844e-01 -1.276303e-01
    outer loop
      vertex  1.087378e+05  7.476522e+03  5.177845e+03
      vertex  1.085961e+05  7.502769e+03  5.175169e+03
      vertex  1.087349e+05  7.522689e+03  5.526336e+03
    endloop
  endfacet
  facet normal  1.676666e-01  9.782967e-01 -1.217518e-01
    outer loop
      vertex  1.087349e+05  7.522689e+03  5.526336e+03
      vertex  1.085961e+05  7.502769e+03  5.175169e+03
      vertex  1.085903e+05  7.547139e+03  5.523682e+03
    endloop
  endfacet
  facet normal  1.676700e-01  9.784641e-01 -1.203939e-01
    outer loop
      vertex  1.087349e+05  7.522689e+03  5.526336e+03
      vertex  1.085903e+05  7.547139e+03  5.523682e+03
      vertex  1.086317e+05  7.583040e+03  5.873012e+03
    endloop
  endfacet
  facet normal  1.564404e-01  9.801026e-01 -1.221689e-01
    outer loop
      vertex  1.085903e+05  7.547139e+03  5.523682e+03
      vertex  1.085961e+05  7.502769e+03  5.175169e+03
      vertex  1.084260e+05  7.573054e+03  5.521144e+03
    endloop
  endfacet
  facet normal  1.710327e-01  9.785684e-01 -1.146805e-01
    outer loop
      vertex  1.084260e+05  7.573054e+03  5.521144e+03
      vertex  1.085961e+05  7.502769e+03  5.175169e+03
      vertex  1.084304e+05  7.531436e+03  5.172537e+03
    endloop
  endfacet
  facet normal  1.452484e-01  9.826317e-01 -1.154892e-01
    outer loop
      vertex  1.084260e+05  7.573054e+03  5.521144e+03
      vertex  1.084304e+05  7.531436e+03  5.172537e+03
      vertex  1.082610e+05  7.597203e+03  5.519066e+03
    endloop
  endfacet
  facet normal  1.588447e-01  9.813133e-01 -1.085926e-01
    outer loop
      vertex  1.082610e+05  7.597203e+03  5.519066e+03
      vertex  1.084304e+05  7.531436e+03  5.172537e+03
      vertex  1.082639e+05  7.558151e+03  5.170393e+03
    endloop
  endfacet
  facet normal  1.304184e-01  9.854172e-01 -1.092879e-01
    outer loop
      vertex  1.082610e+05  7.597203e+03  5.519066e+03
      vertex  1.082639e+05  7.558151e+03  5.170393e+03
      vertex  1.079485e+05  7.638250e+03  5.516295e+03
    endloop
  endfacet
  facet normal  1.428425e-01  9.848976e-01 -9.784044e-02
    outer loop
      vertex  1.079485e+05  7.638250e+03  5.516295e+03
      vertex  1.082639e+05  7.558151e+03  5.170393e+03
      vertex  1.079527e+05  7.603001e+03  5.167590e+03
    endloop
  endfacet
  facet normal  1.130338e-01  9.886885e-01 -9.858228e-02
    outer loop
      vertex  1.079485e+05  7.638250e+03  5.516295e+03
      vertex  1.079527e+05  7.603001e+03  5.167590e+03
      vertex  1.076340e+05  7.674055e+03  5.514842e+03
    endloop
  endfacet
  facet normal  1.241317e-01  9.883269e-01 -8.832469e-02
    outer loop
      vertex  1.076340e+05  7.674055e+03  5.514842e+03
      vertex  1.079527e+05  7.603001e+03  5.167590e+03
      vertex  1.076395e+05  7.642214e+03  5.166145e+03
    endloop
  endfacet
  facet normal  1.001682e-01  9.909874e-01 -8.893918e-02
    outer loop
      vertex  1.076340e+05  7.674055e+03  5.514842e+03
      vertex  1.076395e+05  7.642214e+03  5.166145e+03
      vertex  1.074234e+05  7.695313e+03  5.514512e+03
    endloop
  endfacet
  facet normal  1.102432e-01  9.904654e-01 -8.261249e-02
    outer loop
      vertex  1.074234e+05  7.695313e+03  5.514512e+03
      vertex  1.076395e+05  7.642214e+03  5.166145e+03
      vertex  1.074296e+05  7.665545e+03  5.165839e+03
    endloop
  endfacet
  facet normal  9.089763e-02  9.923856e-01 -8.311844e-02
    outer loop
      vertex  1.074234e+05  7.695313e+03  5.514512e+03
      vertex  1.074296e+05  7.665545e+03  5.165839e+03
      vertex  1.072121e+05  7.714677e+03  5.514631e+03
    endloop
  endfacet
  facet normal  1.002370e-01  9.919612e-01 -7.723586e-02
    outer loop
      vertex  1.072121e+05  7.714677e+03  5.514631e+03
      vertex  1.074296e+05  7.665545e+03  5.165839e+03
      vertex  1.072190e+05  7.686836e+03  5.165997e+03
    endloop
  endfacet
  facet normal  7.856407e-02  9.938674e-01 -7.781594e-02
    outer loop
      vertex  1.072121e+05  7.714677e+03  5.514631e+03
      vertex  1.072190e+05  7.686836e+03  5.165997e+03
      vertex  1.067877e+05  7.748342e+03  5.516029e+03
    endloop
  endfacet
  facet normal  8.696309e-02  9.939237e-01 -6.747502e-02
    outer loop
      vertex  1.067877e+05  7.748342e+03  5.516029e+03
      vertex  1.072190e+05  7.686836e+03  5.165997e+03
      vertex  1.067959e+05  7.723961e+03  5.167502e+03
    endloop
  endfacet
  facet normal  6.457074e-02  9.955855e-01 -6.811981e-02
    outer loop
      vertex  1.067877e+05  7.748342e+03  5.516029e+03
      vertex  1.067959e+05  7.723961e+03  5.167502e+03
      vertex  1.063610e+05  7.776194e+03  5.518680e+03
    endloop
  endfacet
  facet normal  7.181750e-02  9.956619e-01 -5.915725e-02
    outer loop
      vertex  1.063610e+05  7.776194e+03  5.518680e+03
      vertex  1.067959e+05  7.723961e+03  5.167502e+03
      vertex  1.063705e+05  7.754814e+03  5.170298e+03
    endloop
  endfacet
  facet normal  5.439014e-02  9.967338e-01 -5.969552e-02
    outer loop
      vertex  1.063610e+05  7.776194e+03  5.518680e+03
      vertex  1.063705e+05  7.754814e+03  5.170298e+03
      vertex  1.060398e+05  7.793879e+03  5.521302e+03
    endloop
  endfacet
  facet normal  6.075170e-02  9.967074e-01 -5.369994e-02
    outer loop
      vertex  1.060398e+05  7.793879e+03  5.521302e+03
      vertex  1.063705e+05  7.754814e+03  5.170298e+03
      vertex  1.060501e+05  7.774489e+03  5.173048e+03
    endloop
  endfacet
  facet normal  4.704063e-02  9.974245e-01 -5.414496e-02
    outer loop
      vertex  1.060398e+05  7.793879e+03  5.521302e+03
      vertex  1.060501e+05  7.774489e+03  5.173048e+03
      vertex  1.057177e+05  7.809236e+03  5.524338e+03
    endloop
  endfacet
  facet normal  5.276463e-02  9.974174e-01 -4.872784e-02
    outer loop
      vertex  1.057177e+05  7.809236e+03  5.524338e+03
      vertex  1.060501e+05  7.774489e+03  5.173048e+03
      vertex  1.057288e+05  7.791643e+03  5.176224e+03
    endloop
  endfacet
  facet normal  4.589129e-02  9.977458e-01 -4.896332e-02
    outer loop
      vertex  1.057177e+05  7.809236e+03  5.524338e+03
      vertex  1.057288e+05  7.791643e+03  5.176224e+03
      vertex  1.054066e+05  7.806634e+03  5.179721e+03
    endloop
  endfacet
  facet normal  4.712918e-02  9.977991e-01 -4.664605e-02
    outer loop
      vertex  1.057177e+05  7.809236e+03  5.524338e+03
      vertex  1.058570e+05  7.818863e+03  5.871015e+03
      vertex  1.060398e+05  7.793879e+03  5.521302e+03
    endloop
  endfacet
  facet normal  4.526121e-02  9.978393e-01 -4.762545e-02
    outer loop
      vertex  1.060398e+05  7.793879e+03  5.521302e+03
      vertex  1.058570e+05  7.818863e+03  5.871015e+03
      vertex  1.062331e+05  7.801652e+03  5.867878e+03
    endloop
  endfacet
  facet normal  5.446823e-02  9.971215e-01 -5.274462e-02
    outer loop
      vertex  1.060398e+05  7.793879e+03  5.521302e+03
      vertex  1.062331e+05  7.801652e+03  5.867878e+03
      vertex  1.063610e+05  7.776194e+03  5.518680e+03
    endloop
  endfacet
  facet normal  1.414185e-01  9.829224e-01 -1.177464e-01
    outer loop
      vertex  1.086317e+05  7.583040e+03  5.873012e+03
      vertex  1.085903e+05  7.547139e+03  5.523682e+03
      vertex  1.083828e+05  7.618396e+03  5.869237e+03
    endloop
  endfacet
  facet normal  1.564818e-01  9.817089e-01 -1.084485e-01
    outer loop
      vertex  1.083828e+05  7.618396e+03  5.869237e+03
      vertex  1.085903e+05  7.547139e+03  5.523682e+03
      vertex  1.084260e+05  7.573054e+03  5.521144e+03
    endloop
  endfacet
  facet normal  1.262299e-01  9.855775e-01 -1.127077e-01
    outer loop
      vertex  1.083828e+05  7.618396e+03  5.869237e+03
      vertex  1.084260e+05  7.573054e+03  5.521144e+03
      vertex  1.081325e+05  7.650136e+03  5.866465e+03
    endloop
  endfacet
  facet normal  1.453079e-01  9.846894e-01 -9.629402e-02
    outer loop
      vertex  1.081325e+05  7.650136e+03  5.866465e+03
      vertex  1.084260e+05  7.573054e+03  5.521144e+03
      vertex  1.082610e+05  7.597203e+03  5.519066e+03
    endloop
  endfacet
  facet normal  1.141165e-01  9.875504e-01 -1.082660e-01
    outer loop
      vertex  1.081325e+05  7.650136e+03  5.866465e+03
      vertex  1.082610e+05  7.597203e+03  5.519066e+03
      vertex  1.079439e+05  7.671762e+03  5.864979e+03
    endloop
  endfacet
  facet normal  1.304915e-01  9.870636e-01 -9.315251e-02
    outer loop
      vertex  1.079439e+05  7.671762e+03  5.864979e+03
      vertex  1.082610e+05  7.597203e+03  5.519066e+03
      vertex  1.079485e+05  7.638250e+03  5.516295e+03
    endloop
  endfacet
  facet normal  1.046365e-01  9.900789e-01 -9.378176e-02
    outer loop
      vertex  1.079439e+05  7.671762e+03  5.864979e+03
      vertex  1.079485e+05  7.638250e+03  5.516295e+03
      vertex  1.077547e+05  7.691664e+03  5.863955e+03
    endloop
  endfacet
  facet normal  1.130922e-01  9.895911e-01 -8.899309e-02
    outer loop
      vertex  1.077547e+05  7.691664e+03  5.863955e+03
      vertex  1.079485e+05  7.638250e+03  5.516295e+03
      vertex  1.076340e+05  7.674055e+03  5.514842e+03
    endloop
  endfacet
  facet normal  9.181691e-02  9.924117e-01 -8.178340e-02
    outer loop
      vertex  1.077547e+05  7.691664e+03  5.863955e+03
      vertex  1.076340e+05  7.674055e+03  5.514842e+03
      vertex  1.073744e+05  7.726775e+03  5.863132e+03
    endloop
  endfacet
  facet normal  1.002591e-01  9.920971e-01 -7.544333e-02
    outer loop
      vertex  1.073744e+05  7.726775e+03  5.863132e+03
      vertex  1.076340e+05  7.674055e+03  5.514842e+03
      vertex  1.074234e+05  7.695313e+03  5.514512e+03
    endloop
  endfacet
  facet normal  9.094722e-02  9.928880e-01 -7.682353e-02
    outer loop
      vertex  1.073744e+05  7.726775e+03  5.863132e+03
      vertex  1.074234e+05  7.695313e+03  5.514512e+03
      vertex  1.072121e+05  7.714677e+03  5.514631e+03
    endloop
  endfacet
  facet normal  3.343914e-02  9.986452e-01 -3.986884e-02
    outer loop
      vertex  1.058719e+05  7.833032e+03  6.219125e+03
      vertex  1.054589e+05  7.847011e+03  6.222867e+03
      vertex  1.058918e+05  7.845709e+03  6.553416e+03
    endloop
  endfacet
  facet normal  2.928844e-02  9.989778e-01 -3.443074e-02
    outer loop
      vertex  1.058918e+05  7.845709e+03  6.553416e+03
      vertex  1.054589e+05  7.847011e+03  6.222867e+03
      vertex  1.054623e+05  7.858429e+03  6.557054e+03
    endloop
  endfacet
  facet normal  2.925208e-02  9.988402e-01 -3.824368e-02
    outer loop
      vertex  1.058918e+05  7.845709e+03  6.553416e+03
      vertex  1.054623e+05  7.858429e+03  6.557054e+03
      vertex  1.059233e+05  7.857611e+03  6.888317e+03
    endloop
  endfacet
  facet normal  2.525946e-02  9.991464e-01 -3.268645e-02
    outer loop
      vertex  1.059233e+05  7.857611e+03  6.888317e+03
      vertex  1.054623e+05  7.858429e+03  6.557054e+03
      vertex  1.054713e+05  7.869152e+03  6.891829e+03
    endloop
  endfacet
  facet normal  2.522114e-02  9.989926e-01 -3.711468e-02
    outer loop
      vertex  1.059233e+05  7.857611e+03  6.888317e+03
      vertex  1.054713e+05  7.869152e+03  6.891829e+03
      vertex  1.060057e+05  7.872521e+03  7.345620e+03
    endloop
  endfacet
  facet normal  2.011029e-02  9.993140e-01 -3.109907e-02
    outer loop
      vertex  1.060057e+05  7.872521e+03  7.345620e+03
      vertex  1.054713e+05  7.869152e+03  6.891829e+03
      vertex  1.055032e+05  7.882735e+03  7.348922e+03
    endloop
  endfacet
  facet normal  4.000437e-02  9.981672e-01 -4.541121e-02
    outer loop
      vertex  1.062356e+05  7.818326e+03  6.216283e+03
      vertex  1.058719e+05  7.833032e+03  6.219125e+03
      vertex  1.062406e+05  7.833348e+03  6.550887e+03
    endloop
  endfacet
  facet normal  3.510451e-02  9.985842e-01 -3.996592e-02
    outer loop
      vertex  1.062406e+05  7.833348e+03  6.550887e+03
      vertex  1.058719e+05  7.833032e+03  6.219125e+03
      vertex  1.058918e+05  7.845709e+03  6.553416e+03
    endloop
  endfacet
  facet normal  3.507390e-02  9.984386e-01 -4.347724e-02
    outer loop
      vertex  1.062406e+05  7.833348e+03  6.550887e+03
      vertex  1.058918e+05  7.845709e+03  6.553416e+03
      vertex  1.062512e+05  7.847576e+03  6.886156e+03
    endloop
  endfacet
  facet normal  3.031728e-02  9.988046e-01 -3.834248e-02
    outer loop
      vertex  1.062512e+05  7.847576e+03  6.886156e+03
      vertex  1.058918e+05  7.845709e+03  6.553416e+03
      vertex  1.059233e+05  7.857611e+03  6.888317e+03
    endloop
  endfacet
  facet normal  3.027949e-02  9.986089e-01 -4.316585e-02
    outer loop
      vertex  1.062512e+05  7.847576e+03  6.886156e+03
      vertex  1.059233e+05  7.857611e+03  6.888317e+03
      vertex  1.064801e+05  7.860390e+03  7.343184e+03
    endloop
  endfacet
  facet normal  2.535364e-02  9.989885e-01 -3.713840e-02
    outer loop
      vertex  1.064801e+05  7.860390e+03  7.343184e+03
      vertex  1.059233e+05  7.857611e+03  6.888317e+03
      vertex  1.060057e+05  7.872521e+03  7.345620e+03
    endloop
  endfacet
  facet normal  4.743002e-02  9.975286e-01 -5.183614e-02
    outer loop
      vertex  1.065982e+05  7.800966e+03  6.214028e+03
      vertex  1.062356e+05  7.818326e+03  6.216283e+03
      vertex  1.065885e+05  7.818831e+03  6.548879e+03
    endloop
  endfacet
  facet normal  4.139061e-02  9.981098e-01 -4.542939e-02
    outer loop
      vertex  1.065885e+05  7.818831e+03  6.548879e+03
      vertex  1.062356e+05  7.818326e+03  6.216283e+03
      vertex  1.062406e+05  7.833348e+03  6.550887e+03
    endloop
  endfacet
  facet normal  4.135918e-02  9.979180e-01 -4.948886e-02
    outer loop
      vertex  1.065885e+05  7.818831e+03  6.548879e+03
      vertex  1.062406e+05  7.833348e+03  6.550887e+03
      vertex  1.065784e+05  7.835891e+03  6.884432e+03
    endloop
  endfacet
  facet normal  3.542911e-02  9.984255e-01 -4.348790e-02
    outer loop
      vertex  1.065784e+05  7.835891e+03  6.884432e+03
      vertex  1.062406e+05  7.833348e+03  6.550887e+03
      vertex  1.062512e+05  7.847576e+03  6.886156e+03
    endloop
  endfacet
  facet normal  3.541373e-02  9.983259e-01 -4.572970e-02
    outer loop
      vertex  1.065784e+05  7.835891e+03  6.884432e+03
      vertex  1.062512e+05  7.847576e+03  6.886156e+03
      vertex  1.064801e+05  7.860390e+03  7.343184e+03
    endloop
  endfacet
  facet normal  5.664802e-02  9.970629e-01 -5.154246e-02
    outer loop
      vertex  1.065982e+05  7.800966e+03  6.214028e+03
      vertex  1.065885e+05  7.818831e+03  6.548879e+03
      vertex  1.069835e+05  7.778994e+03  6.212458e+03
    endloop
  endfacet
  facet normal  4.923147e-02  9.969691e-01 -6.024085e-02
    outer loop
      vertex  1.069835e+05  7.778994e+03  6.212458e+03
      vertex  1.065885e+05  7.818831e+03  6.548879e+03
      vertex  1.069749e+05  7.799660e+03  6.547428e+03
    endloop
  endfacet
  facet normal  6.789057e-02  9.959053e-01 -5.969434e-02
    outer loop
      vertex  1.069835e+05  7.778994e+03  6.212458e+03
      vertex  1.069749e+05  7.799660e+03  6.547428e+03
      vertex  1.073672e+05  7.752811e+03  6.211977e+03
    endloop
  endfacet
  facet normal  5.911779e-02  9.957979e-01 -6.993853e-02
    outer loop
      vertex  1.073672e+05  7.752811e+03  6.211977e+03
      vertex  1.069749e+05  7.799660e+03  6.547428e+03
      vertex  1.073599e+05  7.776777e+03  6.547019e+03
    endloop
  endfacet
  facet normal  8.121942e-02  9.942809e-01 -6.934659e-02
    outer loop
      vertex  1.073672e+05  7.752811e+03  6.211977e+03
      vertex  1.073599e+05  7.776777e+03  6.547019e+03
      vertex  1.077489e+05  7.721688e+03  6.212839e+03
    endloop
  endfacet
  facet normal  7.085714e-02  9.941603e-01 -8.139107e-02
    outer loop
      vertex  1.077489e+05  7.721688e+03  6.212839e+03
      vertex  1.073599e+05  7.776777e+03  6.547019e+03
      vertex  1.077431e+05  7.749536e+03  6.547899e+03
    endloop
  endfacet
  facet normal  9.268125e-02  9.924067e-01 -8.086418e-02
    outer loop
      vertex  1.077489e+05  7.721688e+03  6.212839e+03
      vertex  1.077431e+05  7.749536e+03  6.547899e+03
      vertex  1.079390e+05  7.704023e+03  6.213864e+03
    endloop
  endfacet
  facet normal  8.097146e-02  9.928426e-01 -8.779088e-02
    outer loop
      vertex  1.079390e+05  7.704023e+03  6.213864e+03
      vertex  1.077431e+05  7.749536e+03  6.547899e+03
      vertex  1.079340e+05  7.734059e+03  6.548908e+03
    endloop
  endfacet
  facet normal  1.011841e-01  9.910279e-01 -8.732468e-02
    outer loop
      vertex  1.079390e+05  7.704023e+03  6.213864e+03
      vertex  1.079340e+05  7.734059e+03  6.548908e+03
      vertex  1.081284e+05  7.684811e+03  6.215336e+03
    endloop
  endfacet
  facet normal  8.846034e-02  9.915563e-01 -9.482049e-02
    outer loop
      vertex  1.081284e+05  7.684811e+03  6.215336e+03
      vertex  1.079340e+05  7.734059e+03  6.548908e+03
      vertex  1.081243e+05  7.717217e+03  6.550344e+03
    endloop
  endfacet
  facet normal  1.120082e-01  9.892225e-01 -9.430313e-02
    outer loop
      vertex  1.081284e+05  7.684811e+03  6.215336e+03
      vertex  1.081243e+05  7.717217e+03  6.550344e+03
      vertex  1.083800e+05  7.656589e+03  6.218064e+03
    endloop
  endfacet
  facet normal  9.800464e-02  9.896153e-01 -1.051508e-01
    outer loop
      vertex  1.083800e+05  7.656589e+03  6.218064e+03
      vertex  1.081243e+05  7.717217e+03  6.550344e+03
      vertex  1.083771e+05  7.692460e+03  6.552994e+03
    endloop
  endfacet
  facet normal  1.255908e-01  9.865538e-01 -1.045867e-01
    outer loop
      vertex  1.083800e+05  7.656589e+03  6.218064e+03
      vertex  1.083771e+05  7.692460e+03  6.552994e+03
      vertex  1.086302e+05  7.625122e+03  6.221764e+03
    endloop
  endfacet
  facet normal  1.099948e-01  9.870681e-01 -1.166101e-01
    outer loop
      vertex  1.086302e+05  7.625122e+03  6.221764e+03
      vertex  1.083771e+05  7.692460e+03  6.552994e+03
      vertex  1.086288e+05  7.664839e+03  6.556573e+03
    endloop
  endfacet
  facet normal  1.257832e-01  9.852147e-01 -1.163209e-01
    outer loop
      vertex  1.086302e+05  7.625122e+03  6.221764e+03
      vertex  1.086288e+05  7.664839e+03  6.556573e+03
      vertex  1.088791e+05  7.627258e+03  6.509002e+03
    endloop
  endfacet
  facet normal  4.930261e-02  9.975697e-01 -4.923166e-02
    outer loop
      vertex  1.065885e+05  7.818831e+03  6.548879e+03
      vertex  1.065784e+05  7.835891e+03  6.884432e+03
      vertex  1.069749e+05  7.799660e+03  6.547428e+03
    endloop
  endfacet
  facet normal  4.197874e-02  9.974431e-01 -5.783612e-02
    outer loop
      vertex  1.069749e+05  7.799660e+03  6.547428e+03
      vertex  1.065784e+05  7.835891e+03  6.884432e+03
      vertex  1.069659e+05  7.819502e+03  6.883105e+03
    endloop
  endfacet
  facet normal  5.917887e-02  9.966000e-01 -5.732632e-02
    outer loop
      vertex  1.069749e+05  7.799660e+03  6.547428e+03
      vertex  1.069659e+05  7.819502e+03  6.883105e+03
      vertex  1.073599e+05  7.776777e+03  6.547019e+03
    endloop
  endfacet
  facet normal  5.046740e-02  9.964409e-01 -6.751709e-02
    outer loop
      vertex  1.073599e+05  7.776777e+03  6.547019e+03
      vertex  1.069659e+05  7.819502e+03  6.883105e+03
      vertex  1.073522e+05  7.799915e+03  6.882757e+03
    endloop
  endfacet
  facet normal  7.090025e-02  9.952329e-01 -6.696741e-02
    outer loop
      vertex  1.073599e+05  7.776777e+03  6.547019e+03
      vertex  1.073522e+05  7.799915e+03  6.882757e+03
      vertex  1.077431e+05  7.749536e+03  6.547899e+03
    endloop
  endfacet
  facet normal  6.054610e-02  9.950324e-01 -7.902374e-02
    outer loop
      vertex  1.077431e+05  7.749536e+03  6.547899e+03
      vertex  1.073522e+05  7.799915e+03  6.882757e+03
      vertex  1.077370e+05  7.776572e+03  6.883622e+03
    endloop
  endfacet
  facet normal  8.098531e-02  9.936163e-01 -7.853634e-02
    outer loop
      vertex  1.077431e+05  7.749536e+03  6.547899e+03
      vertex  1.077370e+05  7.776572e+03  6.883622e+03
      vertex  1.079340e+05  7.734059e+03  6.548908e+03
    endloop
  endfacet
  facet normal  7.244581e-02  9.938631e-01 -8.359373e-02
    outer loop
      vertex  1.079340e+05  7.734059e+03  6.548908e+03
      vertex  1.077370e+05  7.776572e+03  6.883622e+03
      vertex  1.081199e+05  7.748854e+03  6.885957e+03
    endloop
  endfacet
  facet normal  8.846232e-02  9.917902e-01 -9.233920e-02
    outer loop
      vertex  1.079340e+05  7.734059e+03  6.548908e+03
      vertex  1.081199e+05  7.748854e+03  6.885957e+03
      vertex  1.081243e+05  7.717217e+03  6.550344e+03
    endloop
  endfacet
  facet normal  9.799530e-02  9.909130e-01 -9.213245e-02
    outer loop
      vertex  1.081243e+05  7.717217e+03  6.550344e+03
      vertex  1.081199e+05  7.748854e+03  6.885957e+03
      vertex  1.083771e+05  7.692460e+03  6.552994e+03
    endloop
  endfacet
  facet normal  8.286063e-02  9.911342e-01 -1.038606e-01
    outer loop
      vertex  1.083771e+05  7.692460e+03  6.552994e+03
      vertex  1.081199e+05  7.748854e+03  6.885957e+03
      vertex  1.083223e+05  7.732133e+03  6.887890e+03
    endloop
  endfacet
  facet normal  1.099563e-01  9.889764e-01 -9.917341e-02
    outer loop
      vertex  1.083771e+05  7.692460e+03  6.552994e+03
      vertex  1.083223e+05  7.732133e+03  6.887890e+03
      vertex  1.086288e+05  7.664839e+03  6.556573e+03
    endloop
  endfacet
  facet normal  9.091558e-02  9.889870e-01 -1.167865e-01
    outer loop
      vertex  1.086288e+05  7.664839e+03  6.556573e+03
      vertex  1.083223e+05  7.732133e+03  6.887890e+03
      vertex  1.085241e+05  7.713877e+03  6.890365e+03
    endloop
  endfacet
  facet normal  4.205424e-02  9.981328e-01 -4.429720e-02
    outer loop
      vertex  1.065784e+05  7.835891e+03  6.884432e+03
      vertex  1.064801e+05  7.860390e+03  7.343184e+03
      vertex  1.069659e+05  7.819502e+03  6.883105e+03
    endloop
  endfacet
  facet normal  3.173728e-02  9.979721e-01 -5.517728e-02
    outer loop
      vertex  1.069659e+05  7.819502e+03  6.883105e+03
      vertex  1.064801e+05  7.860390e+03  7.343184e+03
      vertex  1.069533e+05  7.845260e+03  7.341698e+03
    endloop
  endfacet
  facet normal  5.051895e-02  9.972285e-01 -5.461718e-02
    outer loop
      vertex  1.069659e+05  7.819502e+03  6.883105e+03
      vertex  1.069533e+05  7.845260e+03  7.341698e+03
      vertex  1.073522e+05  7.799915e+03  6.882757e+03
    endloop
  endfacet
  facet normal  3.987717e-02  9.971619e-01 -6.386087e-02
    outer loop
      vertex  1.073522e+05  7.799915e+03  6.882757e+03
      vertex  1.069533e+05  7.845260e+03  7.341698e+03
      vertex  1.074382e+05  7.825854e+03  7.341498e+03
    endloop
  endfacet
  facet normal  6.057126e-02  9.958676e-01 -6.766755e-02
    outer loop
      vertex  1.073522e+05  7.799915e+03  6.882757e+03
      vertex  1.074382e+05  7.825854e+03  7.341498e+03
      vertex  1.077370e+05  7.776572e+03  6.883622e+03
    endloop
  endfacet
  facet normal  4.724631e-02  9.959594e-01 -7.637132e-02
    outer loop
      vertex  1.077370e+05  7.776572e+03  6.883622e+03
      vertex  1.074382e+05  7.825854e+03  7.341498e+03
      vertex  1.076800e+05  7.814426e+03  7.342025e+03
    endloop
  endfacet
  facet normal  5.288125e-02  9.957311e-01 -7.565189e-02
    outer loop
      vertex  1.077370e+05  7.776572e+03  6.883622e+03
      vertex  1.076800e+05  7.814426e+03  7.342025e+03
      vertex  1.079212e+05  7.801694e+03  7.343043e+03
    endloop
  endfacet
  facet normal  1.544089e-02  9.994589e-01 -2.904000e-02
    outer loop
      vertex  1.055769e+05  7.895144e+03  7.807598e+03
      vertex  1.056362e+05  7.900909e+03  8.037540e+03
      vertex  1.061717e+05  7.885867e+03  7.804588e+03
    endloop
  endfacet
  facet normal  1.324102e-02  9.993310e-01 -3.408923e-02
    outer loop
      vertex  1.061717e+05  7.885867e+03  7.804588e+03
      vertex  1.056362e+05  7.900909e+03  8.037540e+03
      vertex  1.062995e+05  7.892024e+03  8.034751e+03
    endloop
  endfacet
  facet normal  1.944177e-02  9.991065e-01 -3.752680e-02
    outer loop
      vertex  1.061717e+05  7.885867e+03  7.804588e+03
      vertex  1.062995e+05  7.892024e+03  8.034751e+03
      vertex  1.065564e+05  7.878327e+03  7.803134e+03
    endloop
  endfacet
  facet normal  1.807823e-02  9.990743e-01 -3.903685e-02
    outer loop
      vertex  1.065564e+05  7.878327e+03  7.803134e+03
      vertex  1.062995e+05  7.892024e+03  8.034751e+03
      vertex  1.069431e+05  7.880316e+03  8.033140e+03
    endloop
  endfacet
  facet normal  2.333059e-02  9.985813e-01 -4.786433e-02
    outer loop
      vertex  1.065564e+05  7.878327e+03  7.803134e+03
      vertex  1.069431e+05  7.880316e+03  8.033140e+03
      vertex  1.069404e+05  7.869311e+03  7.802211e+03
    endloop
  endfacet
  facet normal  2.445704e-02  9.985538e-01 -4.787640e-02
    outer loop
      vertex  1.069431e+05  7.880316e+03  8.033140e+03
      vertex  1.075850e+05  7.864596e+03  8.033152e+03
      vertex  1.069404e+05  7.869311e+03  7.802211e+03
    endloop
  endfacet
  facet normal  2.777994e-02  9.979783e-01 -5.716275e-02
    outer loop
      vertex  1.069404e+05  7.869311e+03  7.802211e+03
      vertex  1.075850e+05  7.864596e+03  8.033152e+03
      vertex  1.072952e+05  7.859418e+03  7.801951e+03
    endloop
  endfacet
  facet normal  1.118764e-02  9.994841e-01 -3.010727e-02
    outer loop
      vertex  1.057163e+05  7.906355e+03  8.267841e+03
      vertex  1.061166e+05  7.912279e+03  8.613244e+03
      vertex  1.064691e+05  7.897854e+03  8.265350e+03
    endloop
  endfacet
  facet normal  8.390435e-03  9.994222e-01 -3.293863e-02
    outer loop
      vertex  1.064691e+05  7.897854e+03  8.265350e+03
      vertex  1.061166e+05  7.912279e+03  8.613244e+03
      vertex  1.066998e+05  7.907346e+03  8.612123e+03
    endloop
  endfacet
  facet normal  1.521118e-02  9.991820e-01 -3.747056e-02
    outer loop
      vertex  1.064691e+05  7.897854e+03  8.265350e+03
      vertex  1.066998e+05  7.907346e+03  8.612123e+03
      vertex  1.070252e+05  7.889351e+03  8.264355e+03
    endloop
  endfacet
  facet normal  2.596737e-02  9.971753e-01 -7.047777e-02
    outer loop
      vertex  1.082310e+05  7.861586e+03  8.266281e+03
      vertex  1.075802e+05  7.878402e+03  8.264407e+03
      vertex  1.082272e+05  7.886181e+03  8.612869e+03
    endloop
  endfacet
  facet normal  1.661550e-02  9.984488e-01 -5.314166e-02
    outer loop
      vertex  1.082272e+05  7.886181e+03  8.612869e+03
      vertex  1.075802e+05  7.878402e+03  8.264407e+03
      vertex  1.075734e+05  7.897001e+03  8.611716e+03
    endloop
  endfacet
  facet normal  1.661986e-02  9.981590e-01 -5.833094e-02
    outer loop
      vertex  1.082272e+05  7.886181e+03  8.612869e+03
      vertex  1.075734e+05  7.897001e+03  8.611716e+03
      vertex  1.080068e+05  7.899958e+03  8.785824e+03
    endloop
  endfacet
  facet normal  6.287477e-03  9.996930e-01 -2.396946e-02
    outer loop
      vertex  1.066670e+05  7.918118e+03  8.959414e+03
      vertex  1.066849e+05  7.923545e+03  9.190463e+03
      vertex  1.075317e+05  7.912669e+03  8.959013e+03
    endloop
  endfacet
  facet normal  3.493621e-03  9.994097e-01 -3.417829e-02
    outer loop
      vertex  1.075317e+05  7.912669e+03  8.959013e+03
      vertex  1.066849e+05  7.923545e+03  9.190463e+03
      vertex  1.075633e+05  7.920464e+03  9.190153e+03
    endloop
  endfacet
  facet normal  8.793789e-03  9.993522e-01 -3.489938e-02
    outer loop
      vertex  1.075317e+05  7.912669e+03  8.959013e+03
      vertex  1.075633e+05  7.920464e+03  9.190153e+03
      vertex  1.082061e+05  7.906752e+03  8.959494e+03
    endloop
  endfacet
  facet normal  1.865442e-02  9.500387e-01 -3.115740e-01
    outer loop
      vertex  1.140272e+05  7.816935e+03  9.314438e+03
      vertex  1.134942e+05  7.761502e+03  9.113507e+03
      vertex  1.133892e+05  7.850874e+03  9.379726e+03
    endloop
  endfacet
  facet normal  1.660560e-02  9.443164e-01 -3.286195e-01
    outer loop
      vertex  1.140272e+05  7.816935e+03  9.314438e+03
      vertex  1.133892e+05  7.850874e+03  9.379726e+03
      vertex  1.140436e+05  7.874726e+03  9.481333e+03
    endloop
  endfacet
  facet normal  3.277403e-02  9.339743e-01 -3.558342e-01
    outer loop
      vertex  1.139944e+05  7.694844e+03  8.984611e+03
      vertex  1.134942e+05  7.761502e+03  9.113507e+03
      vertex  1.140108e+05  7.756887e+03  9.148969e+03
    endloop
  endfacet
  facet normal  1.389203e-01  9.824708e-01 -1.243080e-01
    outer loop
      vertex  1.094953e+05  7.622931e+03  7.152748e+03
      vertex  1.088793e+05  7.687161e+03  6.971940e+03
      vertex  1.088793e+05  7.716485e+03  7.203771e+03
    endloop
  endfacet
  facet normal  1.368507e-01  9.799661e-01 -1.447009e-01
    outer loop
      vertex  1.094953e+05  7.622931e+03  7.152748e+03
      vertex  1.088793e+05  7.716485e+03  7.203771e+03
      vertex  1.092935e+05  7.711634e+03  7.562665e+03
    endloop
  endfacet
  facet normal  1.754392e-01  9.267018e-01 -3.323323e-01
    outer loop
      vertex  1.137761e+05  6.803963e+03  6.790565e+03
      vertex  1.131511e+05  6.874201e+03  6.656486e+03
      vertex  1.131685e+05  6.943971e+03  6.860225e+03
    endloop
  endfacet
  facet normal  1.971055e-01  9.282955e-01 -3.153045e-01
    outer loop
      vertex  1.137325e+05  6.639895e+03  6.335885e+03
      vertex  1.133133e+05  6.677170e+03  6.183598e+03
      vertex  1.131337e+05  6.806310e+03  6.451512e+03
    endloop
  endfacet
  facet normal  1.894513e-01  9.200200e-01 -3.430326e-01
    outer loop
      vertex  1.137325e+05  6.639895e+03  6.335885e+03
      vertex  1.131337e+05  6.806310e+03  6.451512e+03
      vertex  1.137543e+05  6.720497e+03  6.564103e+03
    endloop
  endfacet
  facet normal  2.023874e-01  9.214886e-01 -3.315087e-01
    outer loop
      vertex  1.137161e+05  6.581509e+03  6.163607e+03
      vertex  1.133133e+05  6.677170e+03  6.183598e+03
      vertex  1.137325e+05  6.639895e+03  6.335885e+03
    endloop
  endfacet
  facet normal  2.247676e-01  9.272557e-01 -2.994601e-01
    outer loop
      vertex  1.136671e+05  6.417998e+03  5.641586e+03
      vertex  1.128634e+05  6.603530e+03  5.612896e+03
      vertex  1.136834e+05  6.470488e+03  5.816390e+03
    endloop
  endfacet
  facet normal  3.198518e-02  9.385152e-01 -3.437527e-01
    outer loop
      vertex  1.134942e+05  7.761502e+03  9.113507e+03
      vertex  1.140272e+05  7.816935e+03  9.314438e+03
      vertex  1.140108e+05  7.756887e+03  9.148969e+03
    endloop
  endfacet
  facet normal  3.260842e-02  9.513130e-01 -3.064969e-01
    outer loop
      vertex  1.133892e+05  7.850874e+03  9.379726e+03
      vertex  1.134942e+05  7.761502e+03  9.113507e+03
      vertex  1.129811e+05  7.778282e+03  9.110995e+03
    endloop
  endfacet
  facet normal  1.612765e-02  9.588363e-01 -2.835010e-01
    outer loop
      vertex  1.133892e+05  7.850874e+03  9.379726e+03
      vertex  1.129811e+05  7.778282e+03  9.110995e+03
      vertex  1.127448e+05  7.861334e+03  9.378446e+03
    endloop
  endfacet
  facet normal  3.259193e-02  9.623004e-01 -2.700289e-01
    outer loop
      vertex  1.129811e+05  7.778282e+03  9.110995e+03
      vertex  1.124681e+05  7.794952e+03  9.108484e+03
      vertex  1.127448e+05  7.861334e+03  9.378446e+03
    endloop
  endfacet
  facet normal  1.606750e-02  9.670051e-01 -2.542497e-01
    outer loop
      vertex  1.121005e+05  7.871704e+03  9.377167e+03
      vertex  1.127448e+05  7.861334e+03  9.378446e+03
      vertex  1.124681e+05  7.794952e+03  9.108484e+03
    endloop
  endfacet
  facet normal  3.249573e-02  9.718935e-01 -2.331672e-01
    outer loop
      vertex  1.124681e+05  7.794952e+03  9.108484e+03
      vertex  1.119552e+05  7.811498e+03  9.105973e+03
      vertex  1.121005e+05  7.871704e+03  9.377167e+03
    endloop
  endfacet
  facet normal  1.596820e-02  9.742644e-01 -2.248420e-01
    outer loop
      vertex  1.114562e+05  7.881968e+03  9.375887e+03
      vertex  1.121005e+05  7.871704e+03  9.377167e+03
      vertex  1.119552e+05  7.811498e+03  9.105973e+03
    endloop
  endfacet
  facet normal  3.231876e-02  9.800465e-01 -1.961237e-01
    outer loop
      vertex  1.114562e+05  7.881968e+03  9.375887e+03
      vertex  1.119552e+05  7.811498e+03  9.105973e+03
      vertex  1.114424e+05  7.827905e+03  9.103461e+03
    endloop
  endfacet
  facet normal  3.208601e-02  9.800560e-01 -1.961138e-01
    outer loop
      vertex  1.114562e+05  7.881968e+03  9.375887e+03
      vertex  1.114424e+05  7.827905e+03  9.103461e+03
      vertex  1.111220e+05  7.838082e+03  9.101892e+03
    endloop
  endfacet
  facet normal  1.584758e-02  9.840917e-01 -1.769526e-01
    outer loop
      vertex  1.114562e+05  7.881968e+03  9.375887e+03
      vertex  1.111220e+05  7.838082e+03  9.101892e+03
      vertex  1.108120e+05  7.892111e+03  9.374607e+03
    endloop
  endfacet
  facet normal  3.192712e-02  9.867300e-01 -1.592002e-01
    outer loop
      vertex  1.108120e+05  7.892111e+03  9.374607e+03
      vertex  1.111220e+05  7.838082e+03  9.101892e+03
      vertex  1.108016e+05  7.848196e+03  9.100322e+03
    endloop
  endfacet
  facet normal  4.728357e-02  9.888943e-01 -1.408983e-01
    outer loop
      vertex  1.101609e+05  7.868219e+03  9.097183e+03
      vertex  1.101539e+05  7.829275e+03  8.821493e+03
      vertex  1.098358e+05  7.844101e+03  8.818812e+03
    endloop
  endfacet
  facet normal  3.115383e-02  9.920002e-01 -1.223309e-01
    outer loop
      vertex  1.101609e+05  7.868219e+03  9.097183e+03
      vertex  1.098358e+05  7.844101e+03  8.818812e+03
      vertex  1.095203e+05  7.887950e+03  9.094043e+03
    endloop
  endfacet
  facet normal  4.683684e-02  9.934132e-01 -1.045784e-01
    outer loop
      vertex  1.095203e+05  7.887950e+03  9.094043e+03
      vertex  1.098358e+05  7.844101e+03  8.818812e+03
      vertex  1.095178e+05  7.858812e+03  8.816130e+03
    endloop
  endfacet
  facet normal  4.647055e-02  9.934304e-01 -1.045769e-01
    outer loop
      vertex  1.091988e+05  7.873453e+03  8.813439e+03
      vertex  1.095203e+05  7.887950e+03  9.094043e+03
      vertex  1.095178e+05  7.858812e+03  8.816130e+03
    endloop
  endfacet
  facet normal  9.952022e-02  9.256344e-01 -3.650984e-01
    outer loop
      vertex  1.135824e+05  7.354948e+03  8.065827e+03
      vertex  1.132624e+05  7.386815e+03  8.059382e+03
      vertex  1.134188e+05  7.457800e+03  8.281989e+03
    endloop
  endfacet
  facet normal  8.515067e-02  9.508956e-01 -2.975682e-01
    outer loop
      vertex  1.119034e+05  7.586321e+03  8.256371e+03
      vertex  1.124083e+05  7.543789e+03  8.264910e+03
      vertex  1.122248e+05  7.489353e+03  8.038467e+03
    endloop
  endfacet
  facet normal  9.865939e-02  9.621530e-01 -2.540234e-01
    outer loop
      vertex  1.118060e+05  7.530340e+03  8.030016e+03
      vertex  1.113668e+05  7.466006e+03  7.615752e+03
      vertex  1.113874e+05  7.571033e+03  8.021565e+03
    endloop
  endfacet
  facet normal  1.240100e-01  9.340326e-01 -3.349693e-01
    outer loop
      vertex  1.126136e+05  7.313596e+03  7.647604e+03
      vertex  1.130299e+05  7.262142e+03  7.658222e+03
      vertex  1.128313e+05  7.143167e+03  7.252941e+03
    endloop
  endfacet
  facet normal  1.229706e-01  9.515882e-01 -2.817057e-01
    outer loop
      vertex  1.113668e+05  7.466006e+03  7.615752e+03
      vertex  1.119899e+05  7.390198e+03  7.631678e+03
      vertex  1.118407e+05  7.288568e+03  7.223254e+03
    endloop
  endfacet
  facet normal  1.464112e-01  9.557201e-01 -2.552704e-01
    outer loop
      vertex  1.113668e+05  7.466006e+03  7.615752e+03
      vertex  1.118407e+05  7.288568e+03  7.223254e+03
      vertex  1.113462e+05  7.360363e+03  7.208411e+03
    endloop
  endfacet
  facet normal  1.454680e-01  9.558666e-01 -2.552607e-01
    outer loop
      vertex  1.113668e+05  7.466006e+03  7.615752e+03
      vertex  1.113462e+05  7.360363e+03  7.208411e+03
      vertex  1.110373e+05  7.404888e+03  7.199133e+03
    endloop
  endfacet
  facet normal  1.164273e-01  9.857948e-01 -1.210504e-01
    outer loop
      vertex  1.092935e+05  7.711634e+03  7.562665e+03
      vertex  1.088793e+05  7.716485e+03  7.203771e+03
      vertex  1.088794e+05  7.759241e+03  7.552047e+03
    endloop
  endfacet
  facet normal  1.682408e-01  9.479804e-01 -2.702372e-01
    outer loop
      vertex  1.117463e+05  7.243746e+03  7.017028e+03
      vertex  1.119389e+05  7.153215e+03  6.819366e+03
      vertex  1.113256e+05  7.256247e+03  6.798936e+03
    endloop
  endfacet
  facet normal  2.028451e-01  9.283494e-01 -3.114824e-01
    outer loop
      vertex  1.131337e+05  6.806310e+03  6.451512e+03
      vertex  1.133133e+05  6.677170e+03  6.183598e+03
      vertex  1.129078e+05  6.760893e+03  6.169059e+03
    endloop
  endfacet
  facet normal  1.903690e-01  9.339741e-01 -3.024102e-01
    outer loop
      vertex  1.131337e+05  6.806310e+03  6.451512e+03
      vertex  1.129078e+05  6.760893e+03  6.169059e+03
      vertex  1.125230e+05  6.923813e+03  6.430000e+03
    endloop
  endfacet
  facet normal  2.026780e-01  9.365838e-01 -2.858887e-01
    outer loop
      vertex  1.129078e+05  6.760893e+03  6.169059e+03
      vertex  1.123680e+05  6.871783e+03  6.149672e+03
      vertex  1.125230e+05  6.923813e+03  6.430000e+03
    endloop
  endfacet
  facet normal  2.127809e-01  9.453888e-01 -2.469098e-01
    outer loop
      vertex  1.120460e+05  6.862714e+03  5.861533e+03
      vertex  1.116615e+05  6.945617e+03  5.847624e+03
      vertex  1.118292e+05  6.981702e+03  6.130287e+03
    endloop
  endfacet
  facet normal  1.243871e-01  9.241562e-01 -3.611967e-01
    outer loop
      vertex  1.133274e+05  7.069695e+03  7.267785e+03
      vertex  1.134464e+05  7.210417e+03  7.668839e+03
      vertex  1.138633e+05  7.158455e+03  7.679457e+03
    endloop
  endfacet
  facet normal  1.493565e-01  9.084817e-01 -3.903251e-01
    outer loop
      vertex  1.133274e+05  7.069695e+03  7.267785e+03
      vertex  1.138633e+05  7.158455e+03  7.679457e+03
      vertex  1.138439e+05  7.077701e+03  7.484079e+03
    endloop
  endfacet
  facet normal  1.470902e-01  9.111156e-01 -3.850101e-01
    outer loop
      vertex  1.133274e+05  7.069695e+03  7.267785e+03
      vertex  1.138439e+05  7.077701e+03  7.484079e+03
      vertex  1.138245e+05  6.997787e+03  7.287557e+03
    endloop
  endfacet
  facet normal  1.472284e-01  9.139500e-01 -3.781789e-01
    outer loop
      vertex  1.133274e+05  7.069695e+03  7.267785e+03
      vertex  1.138245e+05  6.997787e+03  7.287557e+03
      vertex  1.138051e+05  6.919071e+03  7.089773e+03
    endloop
  endfacet
  facet normal  1.586762e-01  9.216866e-01 -3.539995e-01
    outer loop
      vertex  1.133274e+05  7.069695e+03  7.267785e+03
      vertex  1.138051e+05  6.919071e+03  7.089773e+03
      vertex  1.134950e+05  6.965841e+03  7.072535e+03
    endloop
  endfacet
  facet normal  1.588792e-01  9.217132e-01 -3.538394e-01
    outer loop
      vertex  1.133274e+05  7.069695e+03  7.267785e+03
      vertex  1.134950e+05  6.965841e+03  7.072535e+03
      vertex  1.131859e+05  7.015368e+03  7.062740e+03
    endloop
  endfacet
  facet normal  1.584685e-01  9.218760e-01 -3.535992e-01
    outer loop
      vertex  1.133274e+05  7.069695e+03  7.267785e+03
      vertex  1.131859e+05  7.015368e+03  7.062740e+03
      vertex  1.128770e+05  7.064710e+03  7.052944e+03
    endloop
  endfacet
  facet normal  1.479117e-01  9.317184e-01 -3.316968e-01
    outer loop
      vertex  1.133274e+05  7.069695e+03  7.267785e+03
      vertex  1.128770e+05  7.064710e+03  7.052944e+03
      vertex  1.128313e+05  7.143167e+03  7.252941e+03
    endloop
  endfacet
  facet normal  1.476121e-01  9.271076e-01 -3.445027e-01
    outer loop
      vertex  1.133274e+05  7.069695e+03  7.267785e+03
      vertex  1.128313e+05  7.143167e+03  7.252941e+03
      vertex  1.130299e+05  7.262142e+03  7.658222e+03
    endloop
  endfacet
  facet normal  1.239715e-01  9.242478e-01 -3.611054e-01
    outer loop
      vertex  1.133274e+05  7.069695e+03  7.267785e+03
      vertex  1.130299e+05  7.262142e+03  7.658222e+03
      vertex  1.134464e+05  7.210417e+03  7.668839e+03
    endloop
  endfacet
  facet normal  2.146205e-01  9.223830e-01 -3.211661e-01
    outer loop
      vertex  1.128856e+05  6.680120e+03  5.891843e+03
      vertex  1.137161e+05  6.581509e+03  6.163607e+03
      vertex  1.136998e+05  6.525012e+03  5.990422e+03
    endloop
  endfacet
  facet normal  2.140371e-01  9.262339e-01 -3.102887e-01
    outer loop
      vertex  1.128856e+05  6.680120e+03  5.891843e+03
      vertex  1.136998e+05  6.525012e+03  5.990422e+03
      vertex  1.136834e+05  6.470488e+03  5.816390e+03
    endloop
  endfacet
  facet normal  2.200073e-01  9.360772e-01 -2.745112e-01
    outer loop
      vertex  1.128856e+05  6.680120e+03  5.891843e+03
      vertex  1.136834e+05  6.470488e+03  5.816390e+03
      vertex  1.128634e+05  6.603530e+03  5.612896e+03
    endloop
  endfacet
  facet normal  2.239098e-01  9.351361e-01 -2.745631e-01
    outer loop
      vertex  1.128856e+05  6.680120e+03  5.891843e+03
      vertex  1.128634e+05  6.603530e+03  5.612896e+03
      vertex  1.120624e+05  6.786898e+03  5.584204e+03
    endloop
  endfacet
  facet normal  2.149337e-01  9.448310e-01 -2.471798e-01
    outer loop
      vertex  1.128856e+05  6.680120e+03  5.891843e+03
      vertex  1.120624e+05  6.786898e+03  5.584204e+03
      vertex  1.124655e+05  6.771727e+03  5.876688e+03
    endloop
  endfacet
  facet normal  2.144738e-01  9.393257e-01 -2.677090e-01
    outer loop
      vertex  1.128856e+05  6.680120e+03  5.891843e+03
      vertex  1.124655e+05  6.771727e+03  5.876688e+03
      vertex  1.123680e+05  6.871783e+03  6.149672e+03
    endloop
  endfacet
  facet normal  2.026012e-01  9.356934e-01 -2.888432e-01
    outer loop
      vertex  1.128856e+05  6.680120e+03  5.891843e+03
      vertex  1.123680e+05  6.871783e+03  6.149672e+03
      vertex  1.129078e+05  6.760893e+03  6.169059e+03
    endloop
  endfacet
  facet normal  2.035086e-01  9.354923e-01 -2.888571e-01
    outer loop
      vertex  1.128856e+05  6.680120e+03  5.891843e+03
      vertex  1.129078e+05  6.760893e+03  6.169059e+03
      vertex  1.133133e+05  6.677170e+03  6.183598e+03
    endloop
  endfacet
  facet normal  2.070092e-01  9.331151e-01 -2.940126e-01
    outer loop
      vertex  1.128856e+05  6.680120e+03  5.891843e+03
      vertex  1.133133e+05  6.677170e+03  6.183598e+03
      vertex  1.137161e+05  6.581509e+03  6.163607e+03
    endloop
  endfacet
  facet normal  7.211791e-03  9.996508e-01 -2.542015e-02
    outer loop
      vertex  1.088799e+05  7.925565e+03  9.475575e+03
      vertex  1.088800e+05  7.930000e+03  9.650000e+03
      vertex  1.095257e+05  7.921808e+03  9.511041e+03
    endloop
  endfacet
  facet normal  0.000000e+00  9.982669e-01 -5.884971e-02
    outer loop
      vertex  1.095257e+05  7.921808e+03  9.511041e+03
      vertex  1.088800e+05  7.930000e+03  9.650000e+03
      vertex  1.095275e+05  7.930000e+03  9.650000e+03
    endloop
  endfacet
  facet normal  7.672237e-03  9.982316e-01 -5.894685e-02
    outer loop
      vertex  1.095257e+05  7.921808e+03  9.511041e+03
      vertex  1.095275e+05  7.930000e+03  9.650000e+03
      vertex  1.101715e+05  7.916877e+03  9.511594e+03
    endloop
  endfacet
  facet normal  0.000000e+00  9.955354e-01 -9.438860e-02
    outer loop
      vertex  1.101715e+05  7.916877e+03  9.511594e+03
      vertex  1.095275e+05  7.930000e+03  9.650000e+03
      vertex  1.101750e+05  7.930000e+03  9.650000e+03
    endloop
  endfacet
  facet normal  7.795297e-03  9.954864e-01 -9.458240e-02
    outer loop
      vertex  1.101715e+05  7.916877e+03  9.511594e+03
      vertex  1.101750e+05  7.930000e+03  9.650000e+03
      vertex  1.108173e+05  7.911873e+03  9.512147e+03
    endloop
  endfacet
  facet normal  0.000000e+00  9.914650e-01 -1.303729e-01
    outer loop
      vertex  1.108173e+05  7.911873e+03  9.512147e+03
      vertex  1.101750e+05  7.930000e+03  9.650000e+03
      vertex  1.108225e+05  7.930000e+03  9.650000e+03
    endloop
  endfacet
  facet normal  7.895799e-03  9.913954e-01 -1.306631e-01
    outer loop
      vertex  1.108173e+05  7.911873e+03  9.512147e+03
      vertex  1.108225e+05  7.930000e+03  9.650000e+03
      vertex  1.114631e+05  7.906802e+03  9.512700e+03
    endloop
  endfacet
  facet normal  0.000000e+00  9.860253e-01 -1.665958e-01
    outer loop
      vertex  1.114631e+05  7.906802e+03  9.512700e+03
      vertex  1.108225e+05  7.930000e+03  9.650000e+03
      vertex  1.114700e+05  7.930000e+03  9.650000e+03
    endloop
  endfacet
  facet normal  7.976251e-03  9.859281e-01 -1.669797e-01
    outer loop
      vertex  1.114631e+05  7.906802e+03  9.512700e+03
      vertex  1.114700e+05  7.930000e+03  9.650000e+03
      vertex  1.121090e+05  7.901671e+03  9.513254e+03
    endloop
  endfacet
  facet normal  0.000000e+00  9.792081e-01 -2.028583e-01
    outer loop
      vertex  1.121090e+05  7.901671e+03  9.513254e+03
      vertex  1.114700e+05  7.930000e+03  9.650000e+03
      vertex  1.121175e+05  7.930000e+03  9.650000e+03
    endloop
  endfacet
  facet normal  8.031291e-03  9.790770e-01 -2.033318e-01
    outer loop
      vertex  1.121090e+05  7.901671e+03  9.513254e+03
      vertex  1.121175e+05  7.930000e+03  9.650000e+03
      vertex  1.127549e+05  7.896487e+03  9.513807e+03
    endloop
  endfacet
  facet normal  0.000000e+00  9.710344e-01 -2.389396e-01
    outer loop
      vertex  1.127549e+05  7.896487e+03  9.513807e+03
      vertex  1.121175e+05  7.930000e+03  9.650000e+03
      vertex  1.127650e+05  7.930000e+03  9.650000e+03
    endloop
  endfacet
  facet normal  8.065826e-03  9.708638e-01 -2.394963e-01
    outer loop
      vertex  1.127549e+05  7.896487e+03  9.513807e+03
      vertex  1.127650e+05  7.930000e+03  9.650000e+03
      vertex  1.134009e+05  7.891257e+03  9.514360e+03
    endloop
  endfacet
  facet normal  0.000000e+00  9.615455e-01 -2.746457e-01
    outer loop
      vertex  1.134009e+05  7.891257e+03  9.514360e+03
      vertex  1.127650e+05  7.930000e+03  9.650000e+03
      vertex  1.134125e+05  7.930000e+03  9.650000e+03
    endloop
  endfacet
  facet normal  1.056912e-02  9.612518e-01 -2.754695e-01
    outer loop
      vertex  1.134009e+05  7.891257e+03  9.514360e+03
      vertex  1.134125e+05  7.930000e+03  9.650000e+03
      vertex  1.140436e+05  7.874726e+03  9.481333e+03
    endloop
  endfacet
  facet normal  0.000000e+00  9.502733e-01 -3.114172e-01
    outer loop
      vertex  1.140436e+05  7.874726e+03  9.481333e+03
      vertex  1.134125e+05  7.930000e+03  9.650000e+03
      vertex  1.140600e+05  7.930000e+03  9.650000e+03
    endloop
  endfacet
  facet normal  1.469716e-02  9.991060e-01 -3.963726e-02
    outer loop
      vertex  1.088799e+05  7.918634e+03  9.300847e+03
      vertex  1.088799e+05  7.925565e+03  9.475575e+03
      vertex  1.095239e+05  7.911985e+03  9.372048e+03
    endloop
  endfacet
  facet normal  9.681439e-03  9.974564e-01 -7.061967e-02
    outer loop
      vertex  1.095239e+05  7.911985e+03  9.372048e+03
      vertex  1.088799e+05  7.925565e+03  9.475575e+03
      vertex  1.095257e+05  7.921808e+03  9.511041e+03
    endloop
  endfacet
  facet normal  1.541482e-02  9.973794e-01 -7.068835e-02
    outer loop
      vertex  1.095239e+05  7.911985e+03  9.372048e+03
      vertex  1.095257e+05  7.921808e+03  9.511041e+03
      vertex  1.101680e+05  7.902122e+03  9.373327e+03
    endloop
  endfacet
  facet normal  7.682784e-03  9.943035e-01 -1.063082e-01
    outer loop
      vertex  1.101680e+05  7.902122e+03  9.373327e+03
      vertex  1.095257e+05  7.921808e+03  9.511041e+03
      vertex  1.101715e+05  7.916877e+03  9.511594e+03
    endloop
  endfacet
  facet normal  1.566300e-02  9.941894e-01 -1.064994e-01
    outer loop
      vertex  1.101680e+05  7.902122e+03  9.373327e+03
      vertex  1.101715e+05  7.916877e+03  9.511594e+03
      vertex  1.108120e+05  7.892111e+03  9.374607e+03
    endloop
  endfacet
  facet normal  7.792039e-03  9.897634e-01 -1.425051e-01
    outer loop
      vertex  1.108120e+05  7.892111e+03  9.374607e+03
      vertex  1.101715e+05  7.916877e+03  9.511594e+03
      vertex  1.108173e+05  7.911873e+03  9.512147e+03
    endloop
  endfacet
  facet normal  1.586687e-02  9.896255e-01 -1.427921e-01
    outer loop
      vertex  1.108120e+05  7.892111e+03  9.374607e+03
      vertex  1.108173e+05  7.911873e+03  9.512147e+03
      vertex  1.114562e+05  7.881968e+03  9.375887e+03
    endloop
  endfacet
  facet normal  7.877680e-03  9.838210e-01 -1.789806e-01
    outer loop
      vertex  1.114562e+05  7.881968e+03  9.375887e+03
      vertex  1.108173e+05  7.911873e+03  9.512147e+03
      vertex  1.114631e+05  7.906802e+03  9.512700e+03
    endloop
  endfacet
  facet normal  1.602739e-02  9.836528e-01 -1.793605e-01
    outer loop
      vertex  1.114562e+05  7.881968e+03  9.375887e+03
      vertex  1.114631e+05  7.906802e+03  9.512700e+03
      vertex  1.121005e+05  7.871704e+03  9.377167e+03
    endloop
  endfacet
  facet normal  7.942698e-03  9.764675e-01 -2.155184e-01
    outer loop
      vertex  1.121005e+05  7.871704e+03  9.377167e+03
      vertex  1.114631e+05  7.906802e+03  9.512700e+03
      vertex  1.121090e+05  7.901671e+03  9.513254e+03
    endloop
  endfacet
  facet normal  1.614053e-02  9.762629e-01 -2.159864e-01
    outer loop
      vertex  1.121005e+05  7.871704e+03  9.377167e+03
      vertex  1.121090e+05  7.901671e+03  9.513254e+03
      vertex  1.127448e+05  7.861334e+03  9.378446e+03
    endloop
  endfacet
  facet normal  7.981702e-03  9.677178e-01 -2.519102e-01
    outer loop
      vertex  1.127448e+05  7.861334e+03  9.378446e+03
      vertex  1.121090e+05  7.901671e+03  9.513254e+03
      vertex  1.127549e+05  7.896487e+03  9.513807e+03
    endloop
  endfacet
  facet normal  1.620620e-02  9.674716e-01 -2.524600e-01
    outer loop
      vertex  1.127448e+05  7.861334e+03  9.378446e+03
      vertex  1.127549e+05  7.896487e+03  9.513807e+03
      vertex  1.133892e+05  7.850874e+03  9.379726e+03
    endloop
  endfacet
  facet normal  8.000101e-03  9.576181e-01 -2.879299e-01
    outer loop
      vertex  1.133892e+05  7.850874e+03  9.379726e+03
      vertex  1.127549e+05  7.896487e+03  9.513807e+03
      vertex  1.134009e+05  7.891257e+03  9.514360e+03
    endloop
  endfacet
  facet normal  9.826649e-03  9.575589e-01 -2.880701e-01
    outer loop
      vertex  1.133892e+05  7.850874e+03  9.379726e+03
      vertex  1.134009e+05  7.891257e+03  9.514360e+03
      vertex  1.140436e+05  7.874726e+03  9.481333e+03
    endloop
  endfacet
  facet normal  1.610459e-02  9.984951e-01 -5.242452e-02
    outer loop
      vertex  1.088799e+05  7.918634e+03  9.300847e+03
      vertex  1.095239e+05  7.911985e+03  9.372048e+03
      vertex  1.088798e+05  7.909450e+03  9.125909e+03
    endloop
  endfacet
  facet normal  2.912646e-02  9.958286e-01 -8.647093e-02
    outer loop
      vertex  1.088798e+05  7.909450e+03  9.125909e+03
      vertex  1.095239e+05  7.911985e+03  9.372048e+03
      vertex  1.095203e+05  7.887950e+03  9.094043e+03
    endloop
  endfacet
  facet normal  3.030748e-02  9.974985e-01 -6.386037e-02
    outer loop
      vertex  1.088798e+05  7.909450e+03  9.125909e+03
      vertex  1.095203e+05  7.887950e+03  9.094043e+03
      vertex  1.088798e+05  7.898244e+03  8.950845e+03
    endloop
  endfacet
  facet normal  3.694544e-02  9.949111e-01 -9.373823e-02
    outer loop
      vertex  1.088798e+05  7.898244e+03  8.950845e+03
      vertex  1.095203e+05  7.887950e+03  9.094043e+03
      vertex  1.091988e+05  7.873453e+03  8.813439e+03
    endloop
  endfacet
  facet normal  4.486633e-02  9.961306e-01 -7.557049e-02
    outer loop
      vertex  1.088798e+05  7.898244e+03  8.950845e+03
      vertex  1.091988e+05  7.873453e+03  8.813439e+03
      vertex  1.088797e+05  7.880533e+03  8.717347e+03
    endloop
  endfacet
  facet normal  1.235560e-01  9.108017e-01 -3.939214e-01
    outer loop
      vertex  1.138633e+05  7.158455e+03  7.679457e+03
      vertex  1.134464e+05  7.210417e+03  7.668839e+03
      vertex  1.139070e+05  7.341226e+03  8.115741e+03
    endloop
  endfacet
  facet normal  9.588330e-02  9.243256e-01 -3.693622e-01
    outer loop
      vertex  1.139070e+05  7.341226e+03  8.115741e+03
      vertex  1.134464e+05  7.210417e+03  7.668839e+03
      vertex  1.135824e+05  7.354948e+03  8.065827e+03
    endloop
  endfacet
  facet normal  9.895751e-02  9.146186e-01 -3.920207e-01
    outer loop
      vertex  1.139070e+05  7.341226e+03  8.115741e+03
      vertex  1.135824e+05  7.354948e+03  8.065827e+03
      vertex  1.139361e+05  7.462077e+03  8.405049e+03
    endloop
  endfacet
  facet normal  8.203204e-02  9.226148e-01 -3.768988e-01
    outer loop
      vertex  1.139361e+05  7.462077e+03  8.405049e+03
      vertex  1.135824e+05  7.354948e+03  8.065827e+03
      vertex  1.134188e+05  7.457800e+03  8.281989e+03
    endloop
  endfacet
  facet normal  8.447570e-02  9.181946e-01 -3.870175e-01
    outer loop
      vertex  1.139361e+05  7.462077e+03  8.405049e+03
      vertex  1.134188e+05  7.457800e+03  8.281989e+03
      vertex  1.139507e+05  7.521664e+03  8.549597e+03
    endloop
  endfacet
  facet normal  6.924634e-02  9.305003e-01 -3.596860e-01
    outer loop
      vertex  1.139507e+05  7.521664e+03  8.549597e+03
      vertex  1.134188e+05  7.457800e+03  8.281989e+03
      vertex  1.134388e+05  7.541205e+03  8.501602e+03
    endloop
  endfacet
  facet normal  7.084873e-02  9.222059e-01 -3.801533e-01
    outer loop
      vertex  1.139507e+05  7.521664e+03  8.549597e+03
      vertex  1.134388e+05  7.541205e+03  8.501602e+03
      vertex  1.139725e+05  7.609476e+03  8.766690e+03
    endloop
  endfacet
  facet normal  5.587371e-02  9.339440e-01 -3.530250e-01
    outer loop
      vertex  1.139725e+05  7.609476e+03  8.766690e+03
      vertex  1.134388e+05  7.541205e+03  8.501602e+03
      vertex  1.134546e+05  7.605933e+03  8.675343e+03
    endloop
  endfacet
  facet normal  5.877550e-02  9.274786e-01 -3.692275e-01
    outer loop
      vertex  1.139725e+05  7.609476e+03  8.766690e+03
      vertex  1.134546e+05  7.605933e+03  8.675343e+03
      vertex  1.139944e+05  7.694844e+03  8.984611e+03
    endloop
  endfacet
  facet normal  4.320068e-02  9.376229e-01 -3.449593e-01
    outer loop
      vertex  1.139944e+05  7.694844e+03  8.984611e+03
      vertex  1.134546e+05  7.605933e+03  8.675343e+03
      vertex  1.134704e+05  7.669253e+03  8.849429e+03
    endloop
  endfacet
  facet normal  3.982271e-02  9.421816e-01 -3.327282e-01
    outer loop
      vertex  1.139944e+05  7.694844e+03  8.984611e+03
      vertex  1.134704e+05  7.669253e+03  8.849429e+03
      vertex  1.134942e+05  7.761502e+03  9.113507e+03
    endloop
  endfacet
  facet normal  5.592627e-02  9.946297e-01 -8.708553e-02
    outer loop
      vertex  1.088797e+05  7.860095e+03  8.483884e+03
      vertex  1.088797e+05  7.880533e+03  8.717347e+03
      vertex  1.093874e+05  7.844403e+03  8.630743e+03
    endloop
  endfacet
  facet normal  5.309560e-02  9.932523e-01 -1.031054e-01
    outer loop
      vertex  1.093874e+05  7.844403e+03  8.630743e+03
      vertex  1.088797e+05  7.880533e+03  8.717347e+03
      vertex  1.091988e+05  7.873453e+03  8.813439e+03
    endloop
  endfacet
  facet normal  4.648891e-02  9.928587e-01 -1.098650e-01
    outer loop
      vertex  1.093874e+05  7.844403e+03  8.630743e+03
      vertex  1.091988e+05  7.873453e+03  8.813439e+03
      vertex  1.095178e+05  7.858812e+03  8.816130e+03
    endloop
  endfacet
  facet normal  9.865775e-02  9.860516e-01 -1.340484e-01
    outer loop
      vertex  1.093807e+05  7.761479e+03  7.981000e+03
      vertex  1.088795e+05  7.795474e+03  7.862187e+03
      vertex  1.093831e+05  7.792868e+03  8.213673e+03
    endloop
  endfacet
  facet normal  8.057247e-02  9.908695e-01 -1.080997e-01
    outer loop
      vertex  1.093831e+05  7.792868e+03  8.213673e+03
      vertex  1.088795e+05  7.795474e+03  7.862187e+03
      vertex  1.088796e+05  7.829357e+03  8.172830e+03
    endloop
  endfacet
  facet normal  8.190876e-02  9.885617e-01 -1.266358e-01
    outer loop
      vertex  1.093831e+05  7.792868e+03  8.213673e+03
      vertex  1.088796e+05  7.829357e+03  8.172830e+03
      vertex  1.093855e+05  7.822497e+03  8.446522e+03
    endloop
  endfacet
  facet normal  6.655352e-02  9.929447e-01 -9.814087e-02
    outer loop
      vertex  1.093855e+05  7.822497e+03  8.446522e+03
      vertex  1.088796e+05  7.829357e+03  8.172830e+03
      vertex  1.088797e+05  7.860095e+03  8.483884e+03
    endloop
  endfacet
  facet normal  6.489321e-02  9.908320e-01 -1.184945e-01
    outer loop
      vertex  1.093855e+05  7.822497e+03  8.446522e+03
      vertex  1.088797e+05  7.860095e+03  8.483884e+03
      vertex  1.093874e+05  7.844403e+03  8.630743e+03
    endloop
  endfacet
  facet normal  1.586268e-01  9.162355e-01 -3.678997e-01
    outer loop
      vertex  1.138051e+05  6.919071e+03  7.089773e+03
      vertex  1.137761e+05  6.803963e+03  6.790565e+03
      vertex  1.134950e+05  6.965841e+03  7.072535e+03
    endloop
  endfacet
  facet normal  1.706728e-01  9.183404e-01 -3.571016e-01
    outer loop
      vertex  1.134950e+05  6.965841e+03  7.072535e+03
      vertex  1.137761e+05  6.803963e+03  6.790565e+03
      vertex  1.131685e+05  6.943971e+03  6.860225e+03
    endloop
  endfacet
  facet normal  1.592518e-01  9.266980e-01 -3.403963e-01
    outer loop
      vertex  1.134950e+05  6.965841e+03  7.072535e+03
      vertex  1.131685e+05  6.943971e+03  6.860225e+03
      vertex  1.131859e+05  7.015368e+03  7.062740e+03
    endloop
  endfacet
  facet normal  1.596969e-01  9.789991e-01 -1.267184e-01
    outer loop
      vertex  1.088791e+05  7.627258e+03  6.509002e+03
      vertex  1.088793e+05  7.687161e+03  6.971940e+03
      vertex  1.094899e+05  7.557217e+03  6.737647e+03
    endloop
  endfacet
  facet normal  1.476523e-01  9.765390e-01 -1.567488e-01
    outer loop
      vertex  1.094899e+05  7.557217e+03  6.737647e+03
      vertex  1.088793e+05  7.687161e+03  6.971940e+03
      vertex  1.094926e+05  7.590127e+03  6.945196e+03
    endloop
  endfacet
  facet normal  1.627446e-01  9.741669e-01 -1.565670e-01
    outer loop
      vertex  1.094899e+05  7.557217e+03  6.737647e+03
      vertex  1.094926e+05  7.590127e+03  6.945196e+03
      vertex  1.101012e+05  7.458387e+03  6.758077e+03
    endloop
  endfacet
  facet normal  1.524599e-01  9.703885e-01 -1.873555e-01
    outer loop
      vertex  1.101012e+05  7.458387e+03  6.758077e+03
      vertex  1.094926e+05  7.590127e+03  6.945196e+03
      vertex  1.101064e+05  7.497471e+03  6.964787e+03
    endloop
  endfacet
  facet normal  1.651034e-01  9.683306e-01 -1.872880e-01
    outer loop
      vertex  1.101012e+05  7.458387e+03  6.758077e+03
      vertex  1.101064e+05  7.497471e+03  6.964787e+03
      vertex  1.107130e+05  7.358019e+03  6.778506e+03
    endloop
  endfacet
  facet normal  1.545205e-01  9.635929e-01 -2.182020e-01
    outer loop
      vertex  1.107130e+05  7.358019e+03  6.778506e+03
      vertex  1.101064e+05  7.497471e+03  6.964787e+03
      vertex  1.107208e+05  7.403386e+03  6.984377e+03
    endloop
  endfacet
  facet normal  1.559193e-01  9.633668e-01 -2.182052e-01
    outer loop
      vertex  1.107130e+05  7.358019e+03  6.778506e+03
      vertex  1.107208e+05  7.403386e+03  6.984377e+03
      vertex  1.110283e+05  7.355846e+03  6.994173e+03
    endloop
  endfacet
  facet normal  1.793325e-01  9.173599e-01 -3.553743e-01
    outer loop
      vertex  1.137761e+05  6.803963e+03  6.790565e+03
      vertex  1.137543e+05  6.720497e+03  6.564103e+03
      vertex  1.131511e+05  6.874201e+03  6.656486e+03
    endloop
  endfacet
  facet normal  1.869062e-01  9.277092e-01 -3.231437e-01
    outer loop
      vertex  1.131511e+05  6.874201e+03  6.656486e+03
      vertex  1.137543e+05  6.720497e+03  6.564103e+03
      vertex  1.131337e+05  6.806310e+03  6.451512e+03
    endloop
  endfacet
  facet normal  1.800377e-01  9.291082e-01 -3.230238e-01
    outer loop
      vertex  1.131511e+05  6.874201e+03  6.656486e+03
      vertex  1.131337e+05  6.806310e+03  6.451512e+03
      vertex  1.125381e+05  6.985652e+03  6.635417e+03
    endloop
  endfacet
  facet normal  1.905365e-01  9.360549e-01 -2.957988e-01
    outer loop
      vertex  1.125381e+05  6.985652e+03  6.635417e+03
      vertex  1.131337e+05  6.806310e+03  6.451512e+03
      vertex  1.125230e+05  6.923813e+03  6.430000e+03
    endloop
  endfacet
  facet normal  1.795048e-01  9.382777e-01 -2.956570e-01
    outer loop
      vertex  1.125381e+05  6.985652e+03  6.635417e+03
      vertex  1.125230e+05  6.923813e+03  6.430000e+03
      vertex  1.119262e+05  7.096077e+03  6.614348e+03
    endloop
  endfacet
  facet normal  1.898457e-01  9.445240e-01 -2.680170e-01
    outer loop
      vertex  1.119262e+05  7.096077e+03  6.614348e+03
      vertex  1.125230e+05  6.923813e+03  6.430000e+03
      vertex  1.119135e+05  7.040222e+03  6.408488e+03
    endloop
  endfacet
  facet normal  1.785187e-01  9.467569e-01 -2.679221e-01
    outer loop
      vertex  1.119262e+05  7.096077e+03  6.614348e+03
      vertex  1.119135e+05  7.040222e+03  6.408488e+03
      vertex  1.113153e+05  7.205312e+03  6.593279e+03
    endloop
  endfacet
  facet normal  1.886691e-01  9.522662e-01 -2.399853e-01
    outer loop
      vertex  1.113153e+05  7.205312e+03  6.593279e+03
      vertex  1.119135e+05  7.040222e+03  6.408488e+03
      vertex  1.113050e+05  7.155361e+03  6.386977e+03
    endloop
  endfacet
  facet normal  1.770824e-01  9.544983e-01 -2.399475e-01
    outer loop
      vertex  1.113153e+05  7.205312e+03  6.593279e+03
      vertex  1.113050e+05  7.155361e+03  6.386977e+03
      vertex  1.107052e+05  7.313197e+03  6.572209e+03
    endloop
  endfacet
  facet normal  1.870104e-01  9.592438e-01 -2.118454e-01
    outer loop
      vertex  1.107052e+05  7.313197e+03  6.572209e+03
      vertex  1.113050e+05  7.155361e+03  6.386977e+03
      vertex  1.106974e+05  7.269060e+03  6.365465e+03
    endloop
  endfacet
  facet normal  1.751975e-01  9.614652e-01 -2.118737e-01
    outer loop
      vertex  1.107052e+05  7.313197e+03  6.572209e+03
      vertex  1.106974e+05  7.269060e+03  6.365465e+03
      vertex  1.100959e+05  7.419578e+03  6.551141e+03
    endloop
  endfacet
  facet normal  1.848745e-01  9.654328e-01 -1.837419e-01
    outer loop
      vertex  1.100959e+05  7.419578e+03  6.551141e+03
      vertex  1.106974e+05  7.269060e+03  6.365465e+03
      vertex  1.100907e+05  7.381154e+03  6.343953e+03
    endloop
  endfacet
  facet normal  1.728679e-01  9.676352e-01 -1.838451e-01
    outer loop
      vertex  1.100959e+05  7.419578e+03  6.551141e+03
      vertex  1.100907e+05  7.381154e+03  6.343953e+03
      vertex  1.094873e+05  7.524310e+03  6.530071e+03
    endloop
  endfacet
  facet normal  1.822748e-01  9.708251e-01 -1.558025e-01
    outer loop
      vertex  1.094873e+05  7.524310e+03  6.530071e+03
      vertex  1.100907e+05  7.381154e+03  6.343953e+03
      vertex  1.094846e+05  7.491490e+03  6.322441e+03
    endloop
  endfacet
  facet normal  1.701184e-01  9.729990e-01 -1.559897e-01
    outer loop
      vertex  1.094873e+05  7.524310e+03  6.530071e+03
      vertex  1.094846e+05  7.491490e+03  6.322441e+03
      vertex  1.088791e+05  7.627258e+03  6.509002e+03
    endloop
  endfacet
  facet normal  1.790000e-01  9.753698e-01 -1.288908e-01
    outer loop
      vertex  1.088791e+05  7.627258e+03  6.509002e+03
      vertex  1.094846e+05  7.491490e+03  6.322441e+03
      vertex  1.088790e+05  7.558568e+03  5.989017e+03
    endloop
  endfacet
  facet normal  1.925597e-01  9.689982e-01 -1.548009e-01
    outer loop
      vertex  1.088790e+05  7.558568e+03  5.989017e+03
      vertex  1.094846e+05  7.491490e+03  6.322441e+03
      vertex  1.094810e+05  7.447952e+03  6.045474e+03
    endloop
  endfacet
  facet normal  1.910400e-01  9.727752e-01 -1.311943e-01
    outer loop
      vertex  1.088790e+05  7.558568e+03  5.989017e+03
      vertex  1.094810e+05  7.447952e+03  6.045474e+03
      vertex  1.088789e+05  7.488518e+03  5.469439e+03
    endloop
  endfacet
  facet normal  2.117373e-01  9.652188e-01 -1.533621e-01
    outer loop
      vertex  1.088789e+05  7.488518e+03  5.469439e+03
      vertex  1.094810e+05  7.447952e+03  6.045474e+03
      vertex  1.094775e+05  7.404697e+03  5.768321e+03
    endloop
  endfacet
  facet normal  2.113348e-01  9.654449e-01 -1.524926e-01
    outer loop
      vertex  1.088789e+05  7.488518e+03  5.469439e+03
      vertex  1.094775e+05  7.404697e+03  5.768321e+03
      vertex  1.094739e+05  7.361667e+03  5.490958e+03
    endloop
  endfacet
  facet normal  2.147790e-01  9.646958e-01 -1.524206e-01
    outer loop
      vertex  1.094739e+05  7.361667e+03  5.490958e+03
      vertex  1.094775e+05  7.404697e+03  5.768321e+03
      vertex  1.100696e+05  7.232437e+03  5.512476e+03
    endloop
  endfacet
  facet normal  2.050377e-01  9.631737e-01 -1.739422e-01
    outer loop
      vertex  1.100696e+05  7.232437e+03  5.512476e+03
      vertex  1.094775e+05  7.404697e+03  5.768321e+03
      vertex  1.100766e+05  7.281085e+03  5.790119e+03
    endloop
  endfacet
  facet normal  2.178464e-01  9.603876e-01 -1.737773e-01
    outer loop
      vertex  1.100696e+05  7.232437e+03  5.512476e+03
      vertex  1.100766e+05  7.281085e+03  5.790119e+03
      vertex  1.106662e+05  7.101007e+03  5.533995e+03
    endloop
  endfacet
  facet normal  2.078466e-01  9.584404e-01 -1.954267e-01
    outer loop
      vertex  1.106662e+05  7.101007e+03  5.533995e+03
      vertex  1.100766e+05  7.281085e+03  5.790119e+03
      vertex  1.106766e+05  7.155421e+03  5.811917e+03
    endloop
  endfacet
  facet normal  2.204149e-01  9.556442e-01 -1.953495e-01
    outer loop
      vertex  1.106662e+05  7.101007e+03  5.533995e+03
      vertex  1.106766e+05  7.155421e+03  5.811917e+03
      vertex  1.112638e+05  6.967574e+03  5.555513e+03
    endloop
  endfacet
  facet normal  2.101869e-01  9.532674e-01 -2.170315e-01
    outer loop
      vertex  1.112638e+05  6.967574e+03  5.555513e+03
      vertex  1.106766e+05  7.155421e+03  5.811917e+03
      vertex  1.112775e+05  7.027886e+03  5.833715e+03
    endloop
  endfacet
  facet normal  2.221197e-01  9.505575e-01 -2.170327e-01
    outer loop
      vertex  1.112638e+05  6.967574e+03  5.555513e+03
      vertex  1.112775e+05  7.027886e+03  5.833715e+03
      vertex  1.116628e+05  6.877604e+03  5.569858e+03
    endloop
  endfacet
  facet normal  2.118080e-01  9.495000e-01 -2.314887e-01
    outer loop
      vertex  1.116628e+05  6.877604e+03  5.569858e+03
      vertex  1.112775e+05  7.027886e+03  5.833715e+03
      vertex  1.116615e+05  6.945617e+03  5.847624e+03
    endloop
  endfacet
  facet normal  2.232606e-01  9.470332e-01 -2.308306e-01
    outer loop
      vertex  1.116628e+05  6.877604e+03  5.569858e+03
      vertex  1.116615e+05  6.945617e+03  5.847624e+03
      vertex  1.120624e+05  6.786898e+03  5.584204e+03
    endloop
  endfacet
  facet normal  2.127999e-01  9.456440e-01 -2.459140e-01
    outer loop
      vertex  1.120624e+05  6.786898e+03  5.584204e+03
      vertex  1.116615e+05  6.945617e+03  5.847624e+03
      vertex  1.120460e+05  6.862714e+03  5.861533e+03
    endloop
  endfacet
  facet normal  2.139436e-01  9.454195e-01 -2.457848e-01
    outer loop
      vertex  1.120624e+05  6.786898e+03  5.584204e+03
      vertex  1.120460e+05  6.862714e+03  5.861533e+03
      vertex  1.124655e+05  6.771727e+03  5.876688e+03
    endloop
  endfacet
  facet normal  3.109420e-02  9.957672e-01 -8.649100e-02
    outer loop
      vertex  1.095203e+05  7.887950e+03  9.094043e+03
      vertex  1.095239e+05  7.911985e+03  9.372048e+03
      vertex  1.101609e+05  7.868219e+03  9.097183e+03
    endloop
  endfacet
  facet normal  1.544066e-02  9.923818e-01 -1.222290e-01
    outer loop
      vertex  1.101609e+05  7.868219e+03  9.097183e+03
      vertex  1.095239e+05  7.911985e+03  9.372048e+03
      vertex  1.101680e+05  7.902122e+03  9.373327e+03
    endloop
  endfacet
  facet normal  3.149416e-02  9.919580e-01 -1.225867e-01
    outer loop
      vertex  1.101609e+05  7.868219e+03  9.097183e+03
      vertex  1.101680e+05  7.902122e+03  9.373327e+03
      vertex  1.104812e+05  7.858243e+03  9.098752e+03
    endloop
  endfacet
  facet normal  1.566483e-02  9.899806e-01 -1.403319e-01
    outer loop
      vertex  1.104812e+05  7.858243e+03  9.098752e+03
      vertex  1.101680e+05  7.902122e+03  9.373327e+03
      vertex  1.108120e+05  7.892111e+03  9.374607e+03
    endloop
  endfacet
  facet normal  3.172566e-02  9.867374e-01 -1.591938e-01
    outer loop
      vertex  1.104812e+05  7.858243e+03  9.098752e+03
      vertex  1.108120e+05  7.892111e+03  9.374607e+03
      vertex  1.108016e+05  7.848196e+03  9.100322e+03
    endloop
  endfacet
  facet normal  3.245082e-02  9.426425e-01 -3.322229e-01
    outer loop
      vertex  1.134942e+05  7.761502e+03  9.113507e+03
      vertex  1.134704e+05  7.669253e+03  8.849429e+03
      vertex  1.129811e+05  7.778282e+03  9.110995e+03
    endloop
  endfacet
  facet normal  4.943091e-02  9.513585e-01 -3.040950e-01
    outer loop
      vertex  1.129811e+05  7.778282e+03  9.110995e+03
      vertex  1.134704e+05  7.669253e+03  8.849429e+03
      vertex  1.129597e+05  7.694414e+03  8.845131e+03
    endloop
  endfacet
  facet normal  3.243250e-02  9.524195e-01 -3.030595e-01
    outer loop
      vertex  1.129811e+05  7.778282e+03  9.110995e+03
      vertex  1.129597e+05  7.694414e+03  8.845131e+03
      vertex  1.124681e+05  7.794952e+03  9.108484e+03
    endloop
  endfacet
  facet normal  4.933394e-02  9.603137e-01 -2.745248e-01
    outer loop
      vertex  1.124681e+05  7.794952e+03  9.108484e+03
      vertex  1.129597e+05  7.694414e+03  8.845131e+03
      vertex  1.124492e+05  7.719411e+03  8.840833e+03
    endloop
  endfacet
  facet normal  3.235195e-02  9.612988e-01 -2.736018e-01
    outer loop
      vertex  1.124681e+05  7.794952e+03  9.108484e+03
      vertex  1.124492e+05  7.719411e+03  8.840833e+03
      vertex  1.119552e+05  7.811498e+03  9.105973e+03
    endloop
  endfacet
  facet normal  4.913897e-02  9.683349e-01 -2.447715e-01
    outer loop
      vertex  1.119552e+05  7.811498e+03  9.105973e+03
      vertex  1.124492e+05  7.719411e+03  8.840833e+03
      vertex  1.119388e+05  7.744222e+03  8.836535e+03
    endloop
  endfacet
  facet normal  3.220760e-02  9.692478e-01 -2.439699e-01
    outer loop
      vertex  1.119552e+05  7.811498e+03  9.105973e+03
      vertex  1.119388e+05  7.744222e+03  8.836535e+03
      vertex  1.114424e+05  7.827905e+03  9.103461e+03
    endloop
  endfacet
  facet normal  4.884845e-02  9.754021e-01 -2.149526e-01
    outer loop
      vertex  1.114424e+05  7.827905e+03  9.103461e+03
      vertex  1.119388e+05  7.744222e+03  8.836535e+03
      vertex  1.114287e+05  7.768824e+03  8.832237e+03
    endloop
  endfacet
  facet normal  3.205398e-02  9.762453e-01 -2.142839e-01
    outer loop
      vertex  1.114424e+05  7.827905e+03  9.103461e+03
      vertex  1.114287e+05  7.768824e+03  8.832237e+03
      vertex  1.111220e+05  7.838082e+03  9.101892e+03
    endloop
  endfacet
  facet normal  4.848990e-02  9.793275e-01 -1.963833e-01
    outer loop
      vertex  1.111220e+05  7.838082e+03  9.101892e+03
      vertex  1.114287e+05  7.768824e+03  8.832237e+03
      vertex  1.110036e+05  7.789151e+03  8.828656e+03
    endloop
  endfacet
  facet normal  3.190601e-02  9.813503e-01 -1.895618e-01
    outer loop
      vertex  1.111220e+05  7.838082e+03  9.101892e+03
      vertex  1.110036e+05  7.789151e+03  8.828656e+03
      vertex  1.108016e+05  7.848196e+03  9.100322e+03
    endloop
  endfacet
  facet normal  4.811698e-02  9.828826e-01 -1.778387e-01
    outer loop
      vertex  1.108016e+05  7.848196e+03  9.100322e+03
      vertex  1.110036e+05  7.789151e+03  8.828656e+03
      vertex  1.105787e+05  7.809305e+03  8.825074e+03
    endloop
  endfacet
  facet normal  3.172420e-02  9.857875e-01 -1.649745e-01
    outer loop
      vertex  1.108016e+05  7.848196e+03  9.100322e+03
      vertex  1.105787e+05  7.809305e+03  8.825074e+03
      vertex  1.104812e+05  7.858243e+03  9.098752e+03
    endloop
  endfacet
  facet normal  3.150787e-02  9.895663e-01 -1.405905e-01
    outer loop
      vertex  1.101609e+05  7.868219e+03  9.097183e+03
      vertex  1.104812e+05  7.858243e+03  9.098752e+03
      vertex  1.101539e+05  7.829275e+03  8.821493e+03
    endloop
  endfacet
  facet normal  4.769437e-02  9.860713e-01 -1.593376e-01
    outer loop
      vertex  1.101539e+05  7.829275e+03  8.821493e+03
      vertex  1.104812e+05  7.858243e+03  9.098752e+03
      vertex  1.105787e+05  7.809305e+03  8.825074e+03
    endloop
  endfacet
  facet normal  4.769970e-02  9.846469e-01 -1.679143e-01
    outer loop
      vertex  1.101539e+05  7.829275e+03  8.821493e+03
      vertex  1.105787e+05  7.809305e+03  8.825074e+03
      vertex  1.104032e+05  7.786569e+03  8.641893e+03
    endloop
  endfacet
  facet normal  4.908015e-02  9.371945e-01 -3.453369e-01
    outer loop
      vertex  1.134704e+05  7.669253e+03  8.849429e+03
      vertex  1.134546e+05  7.605933e+03  8.675343e+03
      vertex  1.129597e+05  7.694414e+03  8.845131e+03
    endloop
  endfacet
  facet normal  6.054387e-02  9.465574e-01 -3.168023e-01
    outer loop
      vertex  1.129597e+05  7.694414e+03  8.845131e+03
      vertex  1.134546e+05  7.605933e+03  8.675343e+03
      vertex  1.129455e+05  7.636629e+03  8.669768e+03
    endloop
  endfacet
  facet normal  4.905391e-02  9.474362e-01 -3.161617e-01
    outer loop
      vertex  1.129597e+05  7.694414e+03  8.845131e+03
      vertex  1.129455e+05  7.636629e+03  8.669768e+03
      vertex  1.124492e+05  7.719411e+03  8.840833e+03
    endloop
  endfacet
  facet normal  6.044015e-02  9.559481e-01 -2.872459e-01
    outer loop
      vertex  1.124492e+05  7.719411e+03  8.840833e+03
      vertex  1.129455e+05  7.636629e+03  8.669768e+03
      vertex  1.124366e+05  7.667126e+03  8.664192e+03
    endloop
  endfacet
  facet normal  4.892999e-02  9.567778e-01 -2.866744e-01
    outer loop
      vertex  1.124492e+05  7.719411e+03  8.840833e+03
      vertex  1.124366e+05  7.667126e+03  8.664192e+03
      vertex  1.119388e+05  7.744222e+03  8.836535e+03
    endloop
  endfacet
  facet normal  6.021315e-02  9.644018e-01 -2.574945e-01
    outer loop
      vertex  1.119388e+05  7.744222e+03  8.836535e+03
      vertex  1.124366e+05  7.667126e+03  8.664192e+03
      vertex  1.119280e+05  7.697396e+03  8.658618e+03
    endloop
  endfacet
  facet normal  4.870989e-02  9.651833e-01 -2.569991e-01
    outer loop
      vertex  1.119388e+05  7.744222e+03  8.836535e+03
      vertex  1.119280e+05  7.697396e+03  8.658618e+03
      vertex  1.114287e+05  7.768824e+03  8.832237e+03
    endloop
  endfacet
  facet normal  5.987054e-02  9.718974e-01 -2.276638e-01
    outer loop
      vertex  1.114287e+05  7.768824e+03  8.832237e+03
      vertex  1.119280e+05  7.697396e+03  8.658618e+03
      vertex  1.114196e+05  7.727410e+03  8.653043e+03
    endloop
  endfacet
  facet normal  4.842972e-02  9.726312e-01 -2.272513e-01
    outer loop
      vertex  1.114287e+05  7.768824e+03  8.832237e+03
      vertex  1.114196e+05  7.727410e+03  8.653043e+03
      vertex  1.110036e+05  7.789151e+03  8.828656e+03
    endloop
  endfacet
  facet normal  5.940203e-02  9.773882e-01 -2.029375e-01
    outer loop
      vertex  1.110036e+05  7.789151e+03  8.828656e+03
      vertex  1.114196e+05  7.727410e+03  8.653043e+03
      vertex  1.109113e+05  7.757143e+03  8.647468e+03
    endloop
  endfacet
  facet normal  4.810436e-02  9.791248e-01 -1.974858e-01
    outer loop
      vertex  1.110036e+05  7.789151e+03  8.828656e+03
      vertex  1.109113e+05  7.757143e+03  8.647468e+03
      vertex  1.105787e+05  7.809305e+03  8.825074e+03
    endloop
  endfacet
  facet normal  5.884147e-02  9.822174e-01 -1.782883e-01
    outer loop
      vertex  1.105787e+05  7.809305e+03  8.825074e+03
      vertex  1.109113e+05  7.757143e+03  8.647468e+03
      vertex  1.104032e+05  7.786569e+03  8.641893e+03
    endloop
  endfacet
  facet normal  5.739595e-02  9.914218e-01 -1.174247e-01
    outer loop
      vertex  1.093874e+05  7.844403e+03  8.630743e+03
      vertex  1.095178e+05  7.858812e+03  8.816130e+03
      vertex  1.098953e+05  7.815664e+03  8.636317e+03
    endloop
  endfacet
  facet normal  4.693099e-02  9.891996e-01 -1.388581e-01
    outer loop
      vertex  1.098953e+05  7.815664e+03  8.636317e+03
      vertex  1.095178e+05  7.858812e+03  8.816130e+03
      vertex  1.098358e+05  7.844101e+03  8.818812e+03
    endloop
  endfacet
  facet normal  5.813853e-02  9.891119e-01 -1.351946e-01
    outer loop
      vertex  1.098953e+05  7.815664e+03  8.636317e+03
      vertex  1.098358e+05  7.844101e+03  8.818812e+03
      vertex  1.104032e+05  7.786569e+03  8.641893e+03
    endloop
  endfacet
  facet normal  4.731448e-02  9.845771e-01 -1.684325e-01
    outer loop
      vertex  1.104032e+05  7.786569e+03  8.641893e+03
      vertex  1.098358e+05  7.844101e+03  8.818812e+03
      vertex  1.101539e+05  7.829275e+03  8.821493e+03
    endloop
  endfacet
  facet normal  6.016093e-02  9.335813e-01 -3.532796e-01
    outer loop
      vertex  1.134546e+05  7.605933e+03  8.675343e+03
      vertex  1.134388e+05  7.541205e+03  8.501602e+03
      vertex  1.129455e+05  7.636629e+03  8.669768e+03
    endloop
  endfacet
  facet normal  7.169762e-02  9.430560e-01 -3.248149e-01
    outer loop
      vertex  1.129455e+05  7.636629e+03  8.669768e+03
      vertex  1.134388e+05  7.541205e+03  8.501602e+03
      vertex  1.129313e+05  7.577415e+03  8.494717e+03
    endloop
  endfacet
  facet normal  6.013327e-02  9.440684e-01 -3.242206e-01
    outer loop
      vertex  1.129455e+05  7.636629e+03  8.669768e+03
      vertex  1.129313e+05  7.577415e+03  8.494717e+03
      vertex  1.124366e+05  7.667126e+03  8.664192e+03
    endloop
  endfacet
  facet normal  7.158078e-02  9.526963e-01 -2.953744e-01
    outer loop
      vertex  1.124366e+05  7.667126e+03  8.664192e+03
      vertex  1.129313e+05  7.577415e+03  8.494717e+03
      vertex  1.124241e+05  7.613389e+03  8.487832e+03
    endloop
  endfacet
  facet normal  5.998326e-02  9.536608e-01 -2.948442e-01
    outer loop
      vertex  1.124366e+05  7.667126e+03  8.664192e+03
      vertex  1.124241e+05  7.613389e+03  8.487832e+03
      vertex  1.119280e+05  7.697396e+03  8.658618e+03
    endloop
  endfacet
  facet normal  7.132298e-02  9.614094e-01 -2.657154e-01
    outer loop
      vertex  1.119280e+05  7.697396e+03  8.658618e+03
      vertex  1.124241e+05  7.613389e+03  8.487832e+03
      vertex  1.119172e+05  7.649094e+03  8.480946e+03
    endloop
  endfacet
  facet normal  5.971777e-02  9.623266e-01 -2.652569e-01
    outer loop
      vertex  1.119280e+05  7.697396e+03  8.658618e+03
      vertex  1.119172e+05  7.649094e+03  8.480946e+03
      vertex  1.114196e+05  7.727410e+03  8.653043e+03
    endloop
  endfacet
  facet normal  7.092258e-02  9.691681e-01 -2.359726e-01
    outer loop
      vertex  1.114196e+05  7.727410e+03  8.653043e+03
      vertex  1.119172e+05  7.649094e+03  8.480946e+03
      vertex  1.114104e+05  7.684499e+03  8.474062e+03
    endloop
  endfacet
  facet normal  5.933032e-02  9.700395e-01 -2.355910e-01
    outer loop
      vertex  1.114196e+05  7.727410e+03  8.653043e+03
      vertex  1.114104e+05  7.684499e+03  8.474062e+03
      vertex  1.109113e+05  7.757143e+03  8.647468e+03
    endloop
  endfacet
  facet normal  7.038262e-02  9.759629e-01 -2.062585e-01
    outer loop
      vertex  1.109113e+05  7.757143e+03  8.647468e+03
      vertex  1.114104e+05  7.684499e+03  8.474062e+03
      vertex  1.109039e+05  7.719571e+03  8.467177e+03
    endloop
  endfacet
  facet normal  5.883080e-02  9.767904e-01 -2.059599e-01
    outer loop
      vertex  1.109113e+05  7.757143e+03  8.647468e+03
      vertex  1.109039e+05  7.719571e+03  8.467177e+03
      vertex  1.104032e+05  7.786569e+03  8.641893e+03
    endloop
  endfacet
  facet normal  6.971007e-02  9.817933e-01 -1.766980e-01
    outer loop
      vertex  1.104032e+05  7.786569e+03  8.641893e+03
      vertex  1.109039e+05  7.719571e+03  8.467177e+03
      vertex  1.103976e+05  7.754281e+03  8.460292e+03
    endloop
  endfacet
  facet normal  5.821760e-02  9.825801e-01 -1.764859e-01
    outer loop
      vertex  1.104032e+05  7.786569e+03  8.641893e+03
      vertex  1.103976e+05  7.754281e+03  8.460292e+03
      vertex  1.098953e+05  7.815664e+03  8.636317e+03
    endloop
  endfacet
  facet normal  6.890558e-02  9.866725e-01 -1.474091e-01
    outer loop
      vertex  1.098953e+05  7.815664e+03  8.636317e+03
      vertex  1.103976e+05  7.754281e+03  8.460292e+03
      vertex  1.098915e+05  7.788599e+03  8.453407e+03
    endloop
  endfacet
  facet normal  5.749733e-02  9.874213e-01 -1.472860e-01
    outer loop
      vertex  1.098953e+05  7.815664e+03  8.636317e+03
      vertex  1.098915e+05  7.788599e+03  8.453407e+03
      vertex  1.093874e+05  7.844403e+03  8.630743e+03
    endloop
  endfacet
  facet normal  6.797827e-02  9.906242e-01 -1.185018e-01
    outer loop
      vertex  1.093874e+05  7.844403e+03  8.630743e+03
      vertex  1.098915e+05  7.788599e+03  8.453407e+03
      vertex  1.093855e+05  7.822497e+03  8.446522e+03
    endloop
  endfacet
  facet normal  7.126241e-02  9.303058e-01 -3.597956e-01
    outer loop
      vertex  1.134388e+05  7.541205e+03  8.501602e+03
      vertex  1.134188e+05  7.457800e+03  8.281989e+03
      vertex  1.129313e+05  7.577415e+03  8.494717e+03
    endloop
  endfacet
  facet normal  8.578172e-02  9.394828e-01 -3.316829e-01
    outer loop
      vertex  1.129313e+05  7.577415e+03  8.494717e+03
      vertex  1.134188e+05  7.457800e+03  8.281989e+03
      vertex  1.129134e+05  7.500935e+03  8.273450e+03
    endloop
  endfacet
  facet normal  7.123036e-02  9.409365e-01 -3.310057e-01
    outer loop
      vertex  1.129313e+05  7.577415e+03  8.494717e+03
      vertex  1.129134e+05  7.500935e+03  8.273450e+03
      vertex  1.124241e+05  7.613389e+03  8.487832e+03
    endloop
  endfacet
  facet normal  8.565278e-02  9.493002e-01 -3.024778e-01
    outer loop
      vertex  1.124241e+05  7.613389e+03  8.487832e+03
      vertex  1.129134e+05  7.500935e+03  8.273450e+03
      vertex  1.124083e+05  7.543789e+03  8.264910e+03
    endloop
  endfacet
  facet normal  7.105951e-02  9.506952e-01 -3.018761e-01
    outer loop
      vertex  1.124241e+05  7.613389e+03  8.487832e+03
      vertex  1.124083e+05  7.543789e+03  8.264910e+03
      vertex  1.119172e+05  7.649094e+03  8.480946e+03
    endloop
  endfacet
  facet normal  8.535191e-02  9.582067e-01 -2.730476e-01
    outer loop
      vertex  1.119172e+05  7.649094e+03  8.480946e+03
      vertex  1.124083e+05  7.543789e+03  8.264910e+03
      vertex  1.119034e+05  7.586321e+03  8.256371e+03
    endloop
  endfacet
  facet normal  7.074676e-02  9.595430e-01 -2.725294e-01
    outer loop
      vertex  1.119172e+05  7.649094e+03  8.480946e+03
      vertex  1.119034e+05  7.586321e+03  8.256371e+03
      vertex  1.114104e+05  7.684499e+03  8.474062e+03
    endloop
  endfacet
  facet normal  8.488373e-02  9.661779e-01 -2.435055e-01
    outer loop
      vertex  1.114104e+05  7.684499e+03  8.474062e+03
      vertex  1.119034e+05  7.586321e+03  8.256371e+03
      vertex  1.113989e+05  7.628495e+03  8.247831e+03
    endloop
  endfacet
  facet normal  7.029407e-02  9.674562e-01 -2.430788e-01
    outer loop
      vertex  1.114104e+05  7.684499e+03  8.474062e+03
      vertex  1.113989e+05  7.628495e+03  8.247831e+03
      vertex  1.109039e+05  7.719571e+03  8.467177e+03
    endloop
  endfacet
  facet normal  8.424866e-02  9.731996e-01 -2.139736e-01
    outer loop
      vertex  1.109039e+05  7.719571e+03  8.467177e+03
      vertex  1.113989e+05  7.628495e+03  8.247831e+03
      vertex  1.108946e+05  7.670271e+03  8.239292e+03
    endloop
  endfacet
  facet normal  6.970707e-02  9.744213e-01 -2.136447e-01
    outer loop
      vertex  1.109039e+05  7.719571e+03  8.467177e+03
      vertex  1.108946e+05  7.670271e+03  8.239292e+03
      vertex  1.103976e+05  7.754281e+03  8.460292e+03
    endloop
  endfacet
  facet normal  8.345267e-02  9.792691e-01 -1.845749e-01
    outer loop
      vertex  1.103976e+05  7.754281e+03  8.460292e+03
      vertex  1.108946e+05  7.670271e+03  8.239292e+03
      vertex  1.103906e+05  7.711616e+03  8.230752e+03
    endloop
  endfacet
  facet normal  6.898527e-02  9.804369e-01 -1.843488e-01
    outer loop
      vertex  1.103976e+05  7.754281e+03  8.460292e+03
      vertex  1.103906e+05  7.711616e+03  8.230752e+03
      vertex  1.098915e+05  7.788599e+03  8.453407e+03
    endloop
  endfacet
  facet normal  8.249751e-02  9.843963e-01 -1.554289e-01
    outer loop
      vertex  1.098915e+05  7.788599e+03  8.453407e+03
      vertex  1.103906e+05  7.711616e+03  8.230752e+03
      vertex  1.098868e+05  7.752492e+03  8.222213e+03
    endloop
  endfacet
  facet normal  6.813668e-02  9.855134e-01 -1.553087e-01
    outer loop
      vertex  1.098915e+05  7.788599e+03  8.453407e+03
      vertex  1.098868e+05  7.752492e+03  8.222213e+03
      vertex  1.093855e+05  7.822497e+03  8.446522e+03
    endloop
  endfacet
  facet normal  8.139941e-02  9.886038e-01 -1.266359e-01
    outer loop
      vertex  1.093855e+05  7.822497e+03  8.446522e+03
      vertex  1.098868e+05  7.752492e+03  8.222213e+03
      vertex  1.093831e+05  7.792868e+03  8.213673e+03
    endloop
  endfacet
  facet normal  8.542143e-02  9.303120e-01 -3.566831e-01
    outer loop
      vertex  1.134188e+05  7.457800e+03  8.281989e+03
      vertex  1.132624e+05  7.386815e+03  8.059382e+03
      vertex  1.129134e+05  7.500935e+03  8.273450e+03
    endloop
  endfacet
  facet normal  9.971956e-02  9.363551e-01 -3.365936e-01
    outer loop
      vertex  1.129134e+05  7.500935e+03  8.273450e+03
      vertex  1.132624e+05  7.386815e+03  8.059382e+03
      vertex  1.129531e+05  7.417517e+03  8.053150e+03
    endloop
  endfacet
  facet normal  8.521476e-02  9.367853e-01 -3.393696e-01
    outer loop
      vertex  1.129134e+05  7.500935e+03  8.273450e+03
      vertex  1.129531e+05  7.417517e+03  8.053150e+03
      vertex  1.124083e+05  7.543789e+03  8.264910e+03
    endloop
  endfacet
  facet normal  9.979463e-02  9.462914e-01 -3.075283e-01
    outer loop
      vertex  1.124083e+05  7.543789e+03  8.264910e+03
      vertex  1.129531e+05  7.417517e+03  8.053150e+03
      vertex  1.126439e+05  7.448096e+03  8.046918e+03
    endloop
  endfacet
  facet normal  9.936400e-02  9.461985e-01 -3.079531e-01
    outer loop
      vertex  1.124083e+05  7.543789e+03  8.264910e+03
      vertex  1.126439e+05  7.448096e+03  8.046918e+03
      vertex  1.122248e+05  7.489353e+03  8.038467e+03
    endloop
  endfacet
  facet normal  9.475225e-02  9.864330e-01 -1.340594e-01
    outer loop
      vertex  1.093807e+05  7.761479e+03  7.981000e+03
      vertex  1.093831e+05  7.792868e+03  8.213673e+03
      vertex  1.098820e+05  7.714701e+03  7.991141e+03
    endloop
  endfacet
  facet normal  8.158471e-02  9.833313e-01 -1.624918e-01
    outer loop
      vertex  1.098820e+05  7.714701e+03  7.991141e+03
      vertex  1.093831e+05  7.792868e+03  8.213673e+03
      vertex  1.098868e+05  7.752492e+03  8.222213e+03
    endloop
  endfacet
  facet normal  9.601557e-02  9.820140e-01 -1.625720e-01
    outer loop
      vertex  1.098820e+05  7.714701e+03  7.991141e+03
      vertex  1.098868e+05  7.752492e+03  8.222213e+03
      vertex  1.103836e+05  7.667342e+03  8.001282e+03
    endloop
  endfacet
  facet normal  8.259057e-02  9.780627e-01 -1.912383e-01
    outer loop
      vertex  1.103836e+05  7.667342e+03  8.001282e+03
      vertex  1.098868e+05  7.752492e+03  8.222213e+03
      vertex  1.103906e+05  7.711616e+03  8.230752e+03
    endloop
  endfacet
  facet normal  9.711007e-02  9.766926e-01 -1.914188e-01
    outer loop
      vertex  1.103836e+05  7.667342e+03  8.001282e+03
      vertex  1.103906e+05  7.711616e+03  8.230752e+03
      vertex  1.108854e+05  7.619438e+03  8.011423e+03
    endloop
  endfacet
  facet normal  8.345007e-02  9.718768e-01 -2.202084e-01
    outer loop
      vertex  1.108854e+05  7.619438e+03  8.011423e+03
      vertex  1.103906e+05  7.711616e+03  8.230752e+03
      vertex  1.108946e+05  7.670271e+03  8.239292e+03
    endloop
  endfacet
  facet normal  9.802185e-02  9.704525e-01 -2.204847e-01
    outer loop
      vertex  1.108854e+05  7.619438e+03  8.011423e+03
      vertex  1.108946e+05  7.670271e+03  8.239292e+03
      vertex  1.113874e+05  7.571033e+03  8.021565e+03
    endloop
  endfacet
  facet normal  8.414798e-02  9.647656e-01 -2.492918e-01
    outer loop
      vertex  1.113874e+05  7.571033e+03  8.021565e+03
      vertex  1.108946e+05  7.670271e+03  8.239292e+03
      vertex  1.113989e+05  7.628495e+03  8.247831e+03
    endloop
  endfacet
  facet normal  9.868205e-02  9.632928e-01 -2.496575e-01
    outer loop
      vertex  1.113874e+05  7.571033e+03  8.021565e+03
      vertex  1.113989e+05  7.628495e+03  8.247831e+03
      vertex  1.118060e+05  7.530340e+03  8.030016e+03
    endloop
  endfacet
  facet normal  8.471949e-02  9.581521e-01 -2.734362e-01
    outer loop
      vertex  1.118060e+05  7.530340e+03  8.030016e+03
      vertex  1.113989e+05  7.628495e+03  8.247831e+03
      vertex  1.119034e+05  7.586321e+03  8.256371e+03
    endloop
  endfacet
  facet normal  9.910648e-02  9.551931e-01 -2.788980e-01
    outer loop
      vertex  1.118060e+05  7.530340e+03  8.030016e+03
      vertex  1.119034e+05  7.586321e+03  8.256371e+03
      vertex  1.122248e+05  7.489353e+03  8.038467e+03
    endloop
  endfacet
  facet normal  9.942007e-02  9.235761e-01 -3.703009e-01
    outer loop
      vertex  1.135824e+05  7.354948e+03  8.065827e+03
      vertex  1.134464e+05  7.210417e+03  7.668839e+03
      vertex  1.132624e+05  7.386815e+03  8.059382e+03
    endloop
  endfacet
  facet normal  1.240116e-01  9.249358e-01 -3.593255e-01
    outer loop
      vertex  1.132624e+05  7.386815e+03  8.059382e+03
      vertex  1.134464e+05  7.210417e+03  7.668839e+03
      vertex  1.130299e+05  7.262142e+03  7.658222e+03
    endloop
  endfacet
  facet normal  9.954544e-02  9.323946e-01 -3.474637e-01
    outer loop
      vertex  1.132624e+05  7.386815e+03  8.059382e+03
      vertex  1.130299e+05  7.262142e+03  7.658222e+03
      vertex  1.129531e+05  7.417517e+03  8.053150e+03
    endloop
  endfacet
  facet normal  9.922737e-02  9.324040e-01 -3.475293e-01
    outer loop
      vertex  1.129531e+05  7.417517e+03  8.053150e+03
      vertex  1.130299e+05  7.262142e+03  7.658222e+03
      vertex  1.126439e+05  7.448096e+03  8.046918e+03
    endloop
  endfacet
  facet normal  1.241845e-01  9.374669e-01 -3.251680e-01
    outer loop
      vertex  1.126439e+05  7.448096e+03  8.046918e+03
      vertex  1.130299e+05  7.262142e+03  7.658222e+03
      vertex  1.126136e+05  7.313596e+03  7.647604e+03
    endloop
  endfacet
  facet normal  9.915560e-02  9.407195e-01 -3.243684e-01
    outer loop
      vertex  1.126439e+05  7.448096e+03  8.046918e+03
      vertex  1.126136e+05  7.313596e+03  7.647604e+03
      vertex  1.122248e+05  7.489353e+03  8.038467e+03
    endloop
  endfacet
  facet normal  1.240414e-01  9.453073e-01 -3.016752e-01
    outer loop
      vertex  1.122248e+05  7.489353e+03  8.038467e+03
      vertex  1.126136e+05  7.313596e+03  7.647604e+03
      vertex  1.123017e+05  7.351990e+03  7.639641e+03
    endloop
  endfacet
  facet normal  9.882942e-02  9.465737e-01 -3.069705e-01
    outer loop
      vertex  1.122248e+05  7.489353e+03  8.038467e+03
      vertex  1.123017e+05  7.351990e+03  7.639641e+03
      vertex  1.118060e+05  7.530340e+03  8.030016e+03
    endloop
  endfacet
  facet normal  1.238303e-01  9.525756e-01 -2.779671e-01
    outer loop
      vertex  1.118060e+05  7.530340e+03  8.030016e+03
      vertex  1.123017e+05  7.351990e+03  7.639641e+03
      vertex  1.119899e+05  7.390198e+03  7.631678e+03
    endloop
  endfacet
  facet normal  1.230045e-01  9.525717e-01 -2.783470e-01
    outer loop
      vertex  1.118060e+05  7.530340e+03  8.030016e+03
      vertex  1.119899e+05  7.390198e+03  7.631678e+03
      vertex  1.113668e+05  7.466006e+03  7.615752e+03
    endloop
  endfacet
  facet normal  9.790665e-02  9.622345e-01 -2.540062e-01
    outer loop
      vertex  1.113874e+05  7.571033e+03  8.021565e+03
      vertex  1.113668e+05  7.466006e+03  7.615752e+03
      vertex  1.108854e+05  7.619438e+03  8.011423e+03
    endloop
  endfacet
  facet normal  1.220717e-01  9.663974e-01 -2.262179e-01
    outer loop
      vertex  1.108854e+05  7.619438e+03  8.011423e+03
      vertex  1.113668e+05  7.466006e+03  7.615752e+03
      vertex  1.107443e+05  7.540914e+03  7.599826e+03
    endloop
  endfacet
  facet normal  9.711320e-02  9.709843e-01 -2.185369e-01
    outer loop
      vertex  1.108854e+05  7.619438e+03  8.011423e+03
      vertex  1.107443e+05  7.540914e+03  7.599826e+03
      vertex  1.103836e+05  7.667342e+03  8.001282e+03
    endloop
  endfacet
  facet normal  1.210278e-01  9.727795e-01 -1.976167e-01
    outer loop
      vertex  1.103836e+05  7.667342e+03  8.001282e+03
      vertex  1.107443e+05  7.540914e+03  7.599826e+03
      vertex  1.104332e+05  7.577998e+03  7.591863e+03
    endloop
  endfacet
  facet normal  9.611757e-02  9.748465e-01 -2.010862e-01
    outer loop
      vertex  1.103836e+05  7.667342e+03  8.001282e+03
      vertex  1.104332e+05  7.577998e+03  7.591863e+03
      vertex  1.098820e+05  7.714701e+03  7.991141e+03
    endloop
  endfacet
  facet normal  1.201716e-01  9.782541e-01 -1.690491e-01
    outer loop
      vertex  1.098820e+05  7.714701e+03  7.991141e+03
      vertex  1.104332e+05  7.577998e+03  7.591863e+03
      vertex  1.101222e+05  7.614819e+03  7.583899e+03
    endloop
  endfacet
  facet normal  1.192194e-01  9.782727e-01 -1.696153e-01
    outer loop
      vertex  1.098820e+05  7.714701e+03  7.991141e+03
      vertex  1.101222e+05  7.614819e+03  7.583899e+03
      vertex  1.097078e+05  7.663484e+03  7.573282e+03
    endloop
  endfacet
  facet normal  9.491407e-02  9.825426e-01 -1.600045e-01
    outer loop
      vertex  1.098820e+05  7.714701e+03  7.991141e+03
      vertex  1.097078e+05  7.663484e+03  7.573282e+03
      vertex  1.093807e+05  7.761479e+03  7.981000e+03
    endloop
  endfacet
  facet normal  1.178685e-01  9.828719e-01 -1.416675e-01
    outer loop
      vertex  1.093807e+05  7.761479e+03  7.981000e+03
      vertex  1.097078e+05  7.663484e+03  7.573282e+03
      vertex  1.092935e+05  7.711634e+03  7.562665e+03
    endloop
  endfacet
  facet normal  9.958730e-02  9.853905e-01 -1.381588e-01
    outer loop
      vertex  1.093807e+05  7.761479e+03  7.981000e+03
      vertex  1.092935e+05  7.711634e+03  7.562665e+03
      vertex  1.088795e+05  7.795474e+03  7.862187e+03
    endloop
  endfacet
  facet normal  1.163598e-01  9.864940e-01 -1.152821e-01
    outer loop
      vertex  1.088795e+05  7.795474e+03  7.862187e+03
      vertex  1.092935e+05  7.711634e+03  7.562665e+03
      vertex  1.088794e+05  7.759241e+03  7.552047e+03
    endloop
  endfacet
  facet normal  1.239450e-01  9.430992e-01 -3.085474e-01
    outer loop
      vertex  1.123017e+05  7.351990e+03  7.639641e+03
      vertex  1.126136e+05  7.313596e+03  7.647604e+03
      vertex  1.123357e+05  7.216147e+03  7.238098e+03
    endloop
  endfacet
  facet normal  1.473636e-01  9.350215e-01 -3.225192e-01
    outer loop
      vertex  1.123357e+05  7.216147e+03  7.238098e+03
      vertex  1.126136e+05  7.313596e+03  7.647604e+03
      vertex  1.128313e+05  7.143167e+03  7.252941e+03
    endloop
  endfacet
  facet normal  1.474956e-01  9.372742e-01 -3.158513e-01
    outer loop
      vertex  1.123357e+05  7.216147e+03  7.238098e+03
      vertex  1.128313e+05  7.143167e+03  7.252941e+03
      vertex  1.125683e+05  7.113848e+03  7.043149e+03
    endloop
  endfacet
  facet normal  1.586422e-01  9.309318e-01 -3.289357e-01
    outer loop
      vertex  1.125683e+05  7.113848e+03  7.043149e+03
      vertex  1.128313e+05  7.143167e+03  7.252941e+03
      vertex  1.128770e+05  7.064710e+03  7.052944e+03
    endloop
  endfacet
  facet normal  1.590535e-01  9.372192e-01 -3.103580e-01
    outer loop
      vertex  1.125683e+05  7.113848e+03  7.043149e+03
      vertex  1.128770e+05  7.064710e+03  7.052944e+03
      vertex  1.125532e+05  7.049072e+03  6.839795e+03
    endloop
  endfacet
  facet normal  1.237891e-01  9.514069e-01 -2.819596e-01
    outer loop
      vertex  1.119899e+05  7.390198e+03  7.631678e+03
      vertex  1.123017e+05  7.351990e+03  7.639641e+03
      vertex  1.118407e+05  7.288568e+03  7.223254e+03
    endloop
  endfacet
  facet normal  1.467970e-01  9.407100e-01 -3.058025e-01
    outer loop
      vertex  1.118407e+05  7.288568e+03  7.223254e+03
      vertex  1.123017e+05  7.351990e+03  7.639641e+03
      vertex  1.123357e+05  7.216147e+03  7.238098e+03
    endloop
  endfacet
  facet normal  1.472598e-01  9.503998e-01 -2.739615e-01
    outer loop
      vertex  1.118407e+05  7.288568e+03  7.223254e+03
      vertex  1.123357e+05  7.216147e+03  7.238098e+03
      vertex  1.117463e+05  7.243746e+03  7.017028e+03
    endloop
  endfacet
  facet normal  1.577216e-01  9.397908e-01 -3.031785e-01
    outer loop
      vertex  1.117463e+05  7.243746e+03  7.017028e+03
      vertex  1.123357e+05  7.216147e+03  7.238098e+03
      vertex  1.121571e+05  7.179016e+03  7.030089e+03
    endloop
  endfacet
  facet normal  1.581085e-01  9.469916e-01 -2.796580e-01
    outer loop
      vertex  1.117463e+05  7.243746e+03  7.017028e+03
      vertex  1.121571e+05  7.179016e+03  7.030089e+03
      vertex  1.119389e+05  7.153215e+03  6.819366e+03
    endloop
  endfacet
  facet normal  1.220332e-01  9.636021e-01 -2.378633e-01
    outer loop
      vertex  1.113668e+05  7.466006e+03  7.615752e+03
      vertex  1.110373e+05  7.404888e+03  7.199133e+03
      vertex  1.107443e+05  7.540914e+03  7.599826e+03
    endloop
  endfacet
  facet normal  1.448605e-01  9.643583e-01 -2.214240e-01
    outer loop
      vertex  1.107443e+05  7.540914e+03  7.599826e+03
      vertex  1.110373e+05  7.404888e+03  7.199133e+03
      vertex  1.107286e+05  7.449127e+03  7.189856e+03
    endloop
  endfacet
  facet normal  1.210246e-01  9.676764e-01 -2.212589e-01
    outer loop
      vertex  1.107443e+05  7.540914e+03  7.599826e+03
      vertex  1.107286e+05  7.449127e+03  7.189856e+03
      vertex  1.104332e+05  7.577998e+03  7.591863e+03
    endloop
  endfacet
  facet normal  1.435786e-01  9.682049e-01 -2.048523e-01
    outer loop
      vertex  1.104332e+05  7.577998e+03  7.591863e+03
      vertex  1.107286e+05  7.449127e+03  7.189856e+03
      vertex  1.101117e+05  7.536688e+03  7.171302e+03
    endloop
  endfacet
  facet normal  1.202446e-01  9.748446e-01 -1.876680e-01
    outer loop
      vertex  1.104332e+05  7.577998e+03  7.591863e+03
      vertex  1.101117e+05  7.536688e+03  7.171302e+03
      vertex  1.101222e+05  7.614819e+03  7.583899e+03
    endloop
  endfacet
  facet normal  1.192931e-01  9.749619e-01 -1.876659e-01
    outer loop
      vertex  1.101222e+05  7.614819e+03  7.583899e+03
      vertex  1.101117e+05  7.536688e+03  7.171302e+03
      vertex  1.097078e+05  7.663484e+03  7.573282e+03
    endloop
  endfacet
  facet normal  1.415344e-01  9.759774e-01 -1.656384e-01
    outer loop
      vertex  1.097078e+05  7.663484e+03  7.573282e+03
      vertex  1.101117e+05  7.536688e+03  7.171302e+03
      vertex  1.094953e+05  7.622931e+03  7.152748e+03
    endloop
  endfacet
  facet normal  1.179690e-01  9.809700e-01 -1.542116e-01
    outer loop
      vertex  1.097078e+05  7.663484e+03  7.573282e+03
      vertex  1.094953e+05  7.622931e+03  7.152748e+03
      vertex  1.092935e+05  7.711634e+03  7.562665e+03
    endloop
  endfacet
  facet normal  1.462278e-01  9.506777e-01 -2.735496e-01
    outer loop
      vertex  1.118407e+05  7.288568e+03  7.223254e+03
      vertex  1.117463e+05  7.243746e+03  7.017028e+03
      vertex  1.113462e+05  7.360363e+03  7.208411e+03
    endloop
  endfacet
  facet normal  1.574794e-01  9.547020e-01 -2.524765e-01
    outer loop
      vertex  1.113462e+05  7.360363e+03  7.208411e+03
      vertex  1.117463e+05  7.243746e+03  7.017028e+03
      vertex  1.113359e+05  7.307997e+03  7.003968e+03
    endloop
  endfacet
  facet normal  1.454913e-01  9.566313e-01 -2.523665e-01
    outer loop
      vertex  1.113462e+05  7.360363e+03  7.208411e+03
      vertex  1.113359e+05  7.307997e+03  7.003968e+03
      vertex  1.110373e+05  7.404888e+03  7.199133e+03
    endloop
  endfacet
  facet normal  1.566923e-01  9.589432e-01 -2.363798e-01
    outer loop
      vertex  1.110373e+05  7.404888e+03  7.199133e+03
      vertex  1.113359e+05  7.307997e+03  7.003968e+03
      vertex  1.110283e+05  7.355846e+03  6.994173e+03
    endloop
  endfacet
  facet normal  1.448019e-01  9.608289e-01 -2.363053e-01
    outer loop
      vertex  1.110373e+05  7.404888e+03  7.199133e+03
      vertex  1.110283e+05  7.355846e+03  6.994173e+03
      vertex  1.107286e+05  7.449127e+03  7.189856e+03
    endloop
  endfacet
  facet normal  1.559125e-01  9.628960e-01 -2.202783e-01
    outer loop
      vertex  1.107286e+05  7.449127e+03  7.189856e+03
      vertex  1.110283e+05  7.355846e+03  6.994173e+03
      vertex  1.107208e+05  7.403386e+03  6.984377e+03
    endloop
  endfacet
  facet normal  1.435615e-01  9.648241e-01 -2.202379e-01
    outer loop
      vertex  1.107286e+05  7.449127e+03  7.189856e+03
      vertex  1.107208e+05  7.403386e+03  6.984377e+03
      vertex  1.101117e+05  7.536688e+03  7.171302e+03
    endloop
  endfacet
  facet normal  1.545292e-01  9.699119e-01 -1.881267e-01
    outer loop
      vertex  1.101117e+05  7.536688e+03  7.171302e+03
      vertex  1.107208e+05  7.403386e+03  6.984377e+03
      vertex  1.101064e+05  7.497471e+03  6.964787e+03
    endloop
  endfacet
  facet normal  1.416379e-01  9.718698e-01 -1.881698e-01
    outer loop
      vertex  1.101117e+05  7.536688e+03  7.171302e+03
      vertex  1.101064e+05  7.497471e+03  6.964787e+03
      vertex  1.094953e+05  7.622931e+03  7.152748e+03
    endloop
  endfacet
  facet normal  1.522995e-01  9.759127e-01 -1.562024e-01
    outer loop
      vertex  1.094953e+05  7.622931e+03  7.152748e+03
      vertex  1.101064e+05  7.497471e+03  6.964787e+03
      vertex  1.094926e+05  7.590127e+03  6.945196e+03
    endloop
  endfacet
  facet normal  1.476856e-01  9.766134e-01 -1.562538e-01
    outer loop
      vertex  1.094953e+05  7.622931e+03  7.152748e+03
      vertex  1.094926e+05  7.590127e+03  6.945196e+03
      vertex  1.088793e+05  7.687161e+03  6.971940e+03
    endloop
  endfacet
  facet normal  1.696934e-01  9.300182e-01 -3.259912e-01
    outer loop
      vertex  1.125532e+05  7.049072e+03  6.839795e+03
      vertex  1.128770e+05  7.064710e+03  7.052944e+03
      vertex  1.131685e+05  6.943971e+03  6.860225e+03
    endloop
  endfacet
  facet normal  1.588318e-01  9.267735e-01 -3.403869e-01
    outer loop
      vertex  1.131685e+05  6.943971e+03  6.860225e+03
      vertex  1.128770e+05  7.064710e+03  7.052944e+03
      vertex  1.131859e+05  7.015368e+03  7.062740e+03
    endloop
  endfacet
  facet normal  1.689201e-01  9.354365e-01 -3.105233e-01
    outer loop
      vertex  1.125532e+05  7.049072e+03  6.839795e+03
      vertex  1.119389e+05  7.153215e+03  6.819366e+03
      vertex  1.125683e+05  7.113848e+03  7.043149e+03
    endloop
  endfacet
  facet normal  1.589315e-01  9.466153e-01 -2.804641e-01
    outer loop
      vertex  1.125683e+05  7.113848e+03  7.043149e+03
      vertex  1.119389e+05  7.153215e+03  6.819366e+03
      vertex  1.121571e+05  7.179016e+03  7.030089e+03
    endloop
  endfacet
  facet normal  1.585371e-01  9.394472e-01 -3.038174e-01
    outer loop
      vertex  1.125683e+05  7.113848e+03  7.043149e+03
      vertex  1.121571e+05  7.179016e+03  7.030089e+03
      vertex  1.123357e+05  7.216147e+03  7.238098e+03
    endloop
  endfacet
  facet normal  1.669328e-01  9.577100e-01 -2.343608e-01
    outer loop
      vertex  1.107130e+05  7.358019e+03  6.778506e+03
      vertex  1.110283e+05  7.355846e+03  6.994173e+03
      vertex  1.113256e+05  7.256247e+03  6.798936e+03
    endloop
  endfacet
  facet normal  1.565982e-01  9.557356e-01 -2.490915e-01
    outer loop
      vertex  1.113256e+05  7.256247e+03  6.798936e+03
      vertex  1.110283e+05  7.355846e+03  6.994173e+03
      vertex  1.113359e+05  7.307997e+03  7.003968e+03
    endloop
  endfacet
  facet normal  1.575099e-01  9.555837e-01 -2.490990e-01
    outer loop
      vertex  1.113256e+05  7.256247e+03  6.798936e+03
      vertex  1.113359e+05  7.307997e+03  7.003968e+03
      vertex  1.117463e+05  7.243746e+03  7.017028e+03
    endloop
  endfacet
  facet normal  1.695285e-01  9.278422e-01 -3.322181e-01
    outer loop
      vertex  1.131685e+05  6.943971e+03  6.860225e+03
      vertex  1.131511e+05  6.874201e+03  6.656486e+03
      vertex  1.125532e+05  7.049072e+03  6.839795e+03
    endloop
  endfacet
  facet normal  1.805384e-01  9.355260e-01 -3.036397e-01
    outer loop
      vertex  1.125532e+05  7.049072e+03  6.839795e+03
      vertex  1.131511e+05  6.874201e+03  6.656486e+03
      vertex  1.125381e+05  6.985652e+03  6.635417e+03
    endloop
  endfacet
  facet normal  1.690727e-01  9.377198e-01 -3.034732e-01
    outer loop
      vertex  1.125532e+05  7.049072e+03  6.839795e+03
      vertex  1.125381e+05  6.985652e+03  6.635417e+03
      vertex  1.119389e+05  7.153215e+03  6.819366e+03
    endloop
  endfacet
  facet normal  1.799195e-01  9.446247e-01 -2.744323e-01
    outer loop
      vertex  1.119389e+05  7.153215e+03  6.819366e+03
      vertex  1.125381e+05  6.985652e+03  6.635417e+03
      vertex  1.119262e+05  7.096077e+03  6.614348e+03
    endloop
  endfacet
  facet normal  1.681815e-01  9.468189e-01 -2.743151e-01
    outer loop
      vertex  1.119389e+05  7.153215e+03  6.819366e+03
      vertex  1.119262e+05  7.096077e+03  6.614348e+03
      vertex  1.113256e+05  7.256247e+03  6.798936e+03
    endloop
  endfacet
  facet normal  1.788251e-01  9.528995e-01 -2.449577e-01
    outer loop
      vertex  1.113256e+05  7.256247e+03  6.798936e+03
      vertex  1.119262e+05  7.096077e+03  6.614348e+03
      vertex  1.113153e+05  7.205312e+03  6.593279e+03
    endloop
  endfacet
  facet normal  1.668481e-01  9.550843e-01 -2.448992e-01
    outer loop
      vertex  1.113256e+05  7.256247e+03  6.798936e+03
      vertex  1.113153e+05  7.205312e+03  6.593279e+03
      vertex  1.107130e+05  7.358019e+03  6.778506e+03
    endloop
  endfacet
  facet normal  1.772614e-01  9.603134e-01 -2.153519e-01
    outer loop
      vertex  1.107130e+05  7.358019e+03  6.778506e+03
      vertex  1.113153e+05  7.205312e+03  6.593279e+03
      vertex  1.107052e+05  7.313197e+03  6.572209e+03
    endloop
  endfacet
  facet normal  1.650810e-01  9.624799e-01 -2.153618e-01
    outer loop
      vertex  1.107130e+05  7.358019e+03  6.778506e+03
      vertex  1.107052e+05  7.313197e+03  6.572209e+03
      vertex  1.101012e+05  7.458387e+03  6.758077e+03
    endloop
  endfacet
  facet normal  1.752335e-01  9.668407e-01 -1.857746e-01
    outer loop
      vertex  1.101012e+05  7.458387e+03  6.758077e+03
      vertex  1.107052e+05  7.313197e+03  6.572209e+03
      vertex  1.100959e+05  7.419578e+03  6.551141e+03
    endloop
  endfacet
  facet normal  1.628853e-01  9.689807e-01 -1.858622e-01
    outer loop
      vertex  1.101012e+05  7.458387e+03  6.758077e+03
      vertex  1.100959e+05  7.419578e+03  6.551141e+03
      vertex  1.094899e+05  7.557217e+03  6.737647e+03
    endloop
  endfacet
  facet normal  1.727496e-01  9.724713e-01 -1.563880e-01
    outer loop
      vertex  1.094899e+05  7.557217e+03  6.737647e+03
      vertex  1.100959e+05  7.419578e+03  6.551141e+03
      vertex  1.094873e+05  7.524310e+03  6.530071e+03
    endloop
  endfacet
  facet normal  1.701216e-01  9.729283e-01 -1.564266e-01
    outer loop
      vertex  1.094899e+05  7.557217e+03  6.737647e+03
      vertex  1.094873e+05  7.524310e+03  6.530071e+03
      vertex  1.088791e+05  7.627258e+03  6.509002e+03
    endloop
  endfacet
  facet normal  1.900353e-01  9.475731e-01 -2.568889e-01
    outer loop
      vertex  1.119135e+05  7.040222e+03  6.408488e+03
      vertex  1.125230e+05  6.923813e+03  6.430000e+03
      vertex  1.118292e+05  6.981702e+03  6.130287e+03
    endloop
  endfacet
  facet normal  2.014203e-01  9.370412e-01 -2.852782e-01
    outer loop
      vertex  1.118292e+05  6.981702e+03  6.130287e+03
      vertex  1.125230e+05  6.923813e+03  6.430000e+03
      vertex  1.123680e+05  6.871783e+03  6.149672e+03
    endloop
  endfacet
  facet normal  2.020644e-01  9.454368e-01 -2.555760e-01
    outer loop
      vertex  1.118292e+05  6.981702e+03  6.130287e+03
      vertex  1.123680e+05  6.871783e+03  6.149672e+03
      vertex  1.120460e+05  6.862714e+03  5.861533e+03
    endloop
  endfacet
  facet normal  2.134538e-01  9.394421e-01 -2.681158e-01
    outer loop
      vertex  1.120460e+05  6.862714e+03  5.861533e+03
      vertex  1.123680e+05  6.871783e+03  6.149672e+03
      vertex  1.124655e+05  6.771727e+03  5.876688e+03
    endloop
  endfacet
  facet normal  1.887427e-01  9.538809e-01 -2.334254e-01
    outer loop
      vertex  1.113050e+05  7.155361e+03  6.386977e+03
      vertex  1.119135e+05  7.040222e+03  6.408488e+03
      vertex  1.112913e+05  7.090518e+03  6.110901e+03
    endloop
  endfacet
  facet normal  2.004467e-01  9.447274e-01 -2.594442e-01
    outer loop
      vertex  1.112913e+05  7.090518e+03  6.110901e+03
      vertex  1.119135e+05  7.040222e+03  6.408488e+03
      vertex  1.118292e+05  6.981702e+03  6.130287e+03
    endloop
  endfacet
  facet normal  2.009576e-01  9.533259e-01 -2.253573e-01
    outer loop
      vertex  1.112913e+05  7.090518e+03  6.110901e+03
      vertex  1.118292e+05  6.981702e+03  6.130287e+03
      vertex  1.112775e+05  7.027886e+03  5.833715e+03
    endloop
  endfacet
  facet normal  2.115577e-01  9.458374e-01 -2.462414e-01
    outer loop
      vertex  1.112775e+05  7.027886e+03  5.833715e+03
      vertex  1.118292e+05  6.981702e+03  6.130287e+03
      vertex  1.116615e+05  6.945617e+03  5.847624e+03
    endloop
  endfacet
  facet normal  1.868410e-01  9.542567e-01 -2.334191e-01
    outer loop
      vertex  1.113050e+05  7.155361e+03  6.386977e+03
      vertex  1.112913e+05  7.090518e+03  6.110901e+03
      vertex  1.106974e+05  7.269060e+03  6.365465e+03
    endloop
  endfacet
  facet normal  1.991824e-01  9.578223e-01 -2.071299e-01
    outer loop
      vertex  1.106974e+05  7.269060e+03  6.365465e+03
      vertex  1.112913e+05  7.090518e+03  6.110901e+03
      vertex  1.106870e+05  7.211456e+03  6.089092e+03
    endloop
  endfacet
  facet normal  1.848283e-01  9.606833e-01 -2.071861e-01
    outer loop
      vertex  1.106974e+05  7.269060e+03  6.365465e+03
      vertex  1.106870e+05  7.211456e+03  6.089092e+03
      vertex  1.100907e+05  7.381154e+03  6.343953e+03
    endloop
  endfacet
  facet normal  1.969070e-01  9.635956e-01 -1.808621e-01
    outer loop
      vertex  1.100907e+05  7.381154e+03  6.343953e+03
      vertex  1.106870e+05  7.211456e+03  6.089092e+03
      vertex  1.100836e+05  7.330657e+03  6.067283e+03
    endloop
  endfacet
  facet normal  1.823684e-01  9.664249e-01 -1.810103e-01
    outer loop
      vertex  1.100907e+05  7.381154e+03  6.343953e+03
      vertex  1.100836e+05  7.330657e+03  6.067283e+03
      vertex  1.094846e+05  7.491490e+03  6.322441e+03
    endloop
  endfacet
  facet normal  1.941511e-01  9.686852e-01 -1.547722e-01
    outer loop
      vertex  1.094846e+05  7.491490e+03  6.322441e+03
      vertex  1.100836e+05  7.330657e+03  6.067283e+03
      vertex  1.094810e+05  7.447952e+03  6.045474e+03
    endloop
  endfacet
  facet normal  1.990217e-01  9.537328e-01 -2.253535e-01
    outer loop
      vertex  1.112913e+05  7.090518e+03  6.110901e+03
      vertex  1.112775e+05  7.027886e+03  5.833715e+03
      vertex  1.106870e+05  7.211456e+03  6.089092e+03
    endloop
  endfacet
  facet normal  2.103404e-01  9.566796e-01 -2.012986e-01
    outer loop
      vertex  1.106870e+05  7.211456e+03  6.089092e+03
      vertex  1.112775e+05  7.027886e+03  5.833715e+03
      vertex  1.106766e+05  7.155421e+03  5.811917e+03
    endloop
  endfacet
  facet normal  1.968455e-01  9.595324e-01 -2.013691e-01
    outer loop
      vertex  1.106870e+05  7.211456e+03  6.089092e+03
      vertex  1.106766e+05  7.155421e+03  5.811917e+03
      vertex  1.100836e+05  7.330657e+03  6.067283e+03
    endloop
  endfacet
  facet normal  2.079215e-01  9.619418e-01 -1.773038e-01
    outer loop
      vertex  1.100836e+05  7.330657e+03  6.067283e+03
      vertex  1.106766e+05  7.155421e+03  5.811917e+03
      vertex  1.100766e+05  7.281085e+03  5.790119e+03
    endloop
  endfacet
  facet normal  1.942111e-01  9.647740e-01 -1.774637e-01
    outer loop
      vertex  1.100836e+05  7.330657e+03  6.067283e+03
      vertex  1.100766e+05  7.281085e+03  5.790119e+03
      vertex  1.094810e+05  7.447952e+03  6.045474e+03
    endloop
  endfacet
  facet normal  2.050107e-01  9.666482e-01 -1.534987e-01
    outer loop
      vertex  1.094810e+05  7.447952e+03  6.045474e+03
      vertex  1.100766e+05  7.281085e+03  5.790119e+03
      vertex  1.094775e+05  7.404697e+03  5.768321e+03
    endloop
  endfacet
  facet normal  1.999747e-02  9.441541e-01 -3.288968e-01
    outer loop
      vertex  1.144933e+05  7.853178e+03  9.446822e+03
      vertex  1.140272e+05  7.816935e+03  9.314438e+03
      vertex  1.140436e+05  7.874726e+03  9.481333e+03
    endloop
  endfacet
  facet normal  1.944887e-02  9.421011e-01 -3.347645e-01
    outer loop
      vertex  1.144933e+05  7.853178e+03  9.446822e+03
      vertex  1.140436e+05  7.874726e+03  9.481333e+03
      vertex  1.143323e+05  7.928700e+03  9.650000e+03
    endloop
  endfacet
  facet normal  6.521366e-02  9.143512e-01 -3.996361e-01
    outer loop
      vertex  1.144347e+05  7.626618e+03  8.881329e+03
      vertex  1.143824e+05  7.537975e+03  8.669991e+03
      vertex  1.139725e+05  7.609476e+03  8.766690e+03
    endloop
  endfacet
  facet normal  2.205831e-01  7.450981e-01 -6.294219e-01
    outer loop
      vertex  1.199800e+05  6.409825e+03  8.568425e+03
      vertex  1.196790e+05  6.474581e+03  8.539601e+03
      vertex  1.199707e+05  6.553668e+03  8.735446e+03
    endloop
  endfacet
  facet normal  2.594920e-01  7.388641e-01 -6.218871e-01
    outer loop
      vertex  1.199800e+05  6.409825e+03  8.568425e+03
      vertex  1.199707e+05  6.553668e+03  8.735446e+03
      vertex  1.199800e+05  6.622106e+03  8.820637e+03
    endloop
  endfacet
  facet normal  1.080989e-01  9.023163e-01 -4.173008e-01
    outer loop
      vertex  1.143595e+05  7.310604e+03  8.166747e+03
      vertex  1.143130e+05  7.225227e+03  7.970108e+03
      vertex  1.139070e+05  7.341226e+03  8.115741e+03
    endloop
  endfacet
  facet normal  2.852308e-01  7.888456e-01 -5.443950e-01
    outer loop
      vertex  1.199800e+05  5.115775e+03  6.938136e+03
      vertex  1.195530e+05  5.332925e+03  7.029087e+03
      vertex  1.199800e+05  5.223014e+03  7.093529e+03
    endloop
  endfacet
  facet normal  2.094229e-01  9.159325e-01 -3.423594e-01
    outer loop
      vertex  1.142001e+05  6.554521e+03  6.393514e+03
      vertex  1.140169e+05  6.503328e+03  6.144517e+03
      vertex  1.137325e+05  6.639895e+03  6.335885e+03
    endloop
  endfacet
  facet normal  2.094758e-01  9.155437e-01 -3.433649e-01
    outer loop
      vertex  1.137325e+05  6.639895e+03  6.335885e+03
      vertex  1.137543e+05  6.720497e+03  6.564103e+03
      vertex  1.142001e+05  6.554521e+03  6.393514e+03
    endloop
  endfacet
  facet normal  2.190721e-01  9.213112e-01 -3.212367e-01
    outer loop
      vertex  1.140169e+05  6.503328e+03  6.144517e+03
      vertex  1.136998e+05  6.525012e+03  5.990422e+03
      vertex  1.137161e+05  6.581509e+03  6.163607e+03
    endloop
  endfacet
  facet normal  3.189029e-01  8.528965e-01 -4.133626e-01
    outer loop
      vertex  1.199800e+05  4.613189e+03  6.093146e+03
      vertex  1.195760e+05  4.649129e+03  5.855603e+03
      vertex  1.192951e+05  4.869442e+03  6.093518e+03
    endloop
  endfacet
  facet normal  3.214279e-01  8.496060e-01 -4.181551e-01
    outer loop
      vertex  1.199800e+05  4.503299e+03  5.869871e+03
      vertex  1.195760e+05  4.649129e+03  5.855603e+03
      vertex  1.199800e+05  4.613189e+03  6.093146e+03
    endloop
  endfacet
  facet normal  3.156741e-01  8.524457e-01 -4.167567e-01
    outer loop
      vertex  1.195760e+05  4.649129e+03  5.855603e+03
      vertex  1.191730e+05  4.791365e+03  5.841335e+03
      vertex  1.192951e+05  4.869442e+03  6.093518e+03
    endloop
  endfacet
  facet normal  3.044287e-01  8.592402e-01 -4.111317e-01
    outer loop
      vertex  1.187713e+05  4.930028e+03  5.827067e+03
      vertex  1.183706e+05  5.065140e+03  5.812800e+03
      vertex  1.185803e+05  5.112886e+03  6.067847e+03
    endloop
  endfacet
  facet normal  2.380951e-01  9.238507e-01 -2.996842e-01
    outer loop
      vertex  1.136671e+05  6.417998e+03  5.641586e+03
      vertex  1.136834e+05  6.470488e+03  5.816390e+03
      vertex  1.140511e+05  6.323662e+03  5.655854e+03
    endloop
  endfacet
  facet normal  1.665110e-01  8.287149e-01 -5.343274e-01
    outer loop
      vertex  1.191144e+05  7.316100e+03  9.453687e+03
      vertex  1.186471e+05  7.409556e+03  9.453000e+03
      vertex  1.188773e+05  7.490330e+03  9.650000e+03
    endloop
  endfacet
  facet normal  1.526102e-01  8.389940e-01 -5.223017e-01
    outer loop
      vertex  1.188773e+05  7.490330e+03  9.650000e+03
      vertex  1.186471e+05  7.409556e+03  9.453000e+03
      vertex  1.185059e+05  7.557871e+03  9.650000e+03
    endloop
  endfacet
  facet normal  1.517891e-01  8.388460e-01 -5.227787e-01
    outer loop
      vertex  1.185059e+05  7.557871e+03  9.650000e+03
      vertex  1.186471e+05  7.409556e+03  9.453000e+03
      vertex  1.181805e+05  7.493552e+03  9.452313e+03
    endloop
  endfacet
  facet normal  1.152305e-01  8.625521e-01 -4.926721e-01
    outer loop
      vertex  1.173694e+05  7.727779e+03  9.650000e+03
      vertex  1.177523e+05  7.676619e+03  9.650000e+03
      vertex  1.177149e+05  7.568315e+03  9.451627e+03
    endloop
  endfacet
  facet normal  1.234860e-01  8.673446e-01 -4.821459e-01
    outer loop
      vertex  1.177149e+05  7.568315e+03  9.451627e+03
      vertex  1.172503e+05  7.634074e+03  9.450940e+03
      vertex  1.173694e+05  7.727779e+03  9.650000e+03
    endloop
  endfacet
  facet normal  1.030718e-01  8.747772e-01 -4.734353e-01
    outer loop
      vertex  1.169864e+05  7.772899e+03  9.650000e+03
      vertex  1.173694e+05  7.727779e+03  9.650000e+03
      vertex  1.172503e+05  7.634074e+03  9.450940e+03
    endloop
  endfacet
  facet normal  1.085870e-01  8.771499e-01 -4.677788e-01
    outer loop
      vertex  1.172503e+05  7.634074e+03  9.450940e+03
      vertex  1.167870e+05  7.691068e+03  9.450255e+03
      vertex  1.169864e+05  7.772899e+03  9.650000e+03
    endloop
  endfacet
  facet normal  9.062187e-02  8.865416e-01 -4.536868e-01
    outer loop
      vertex  1.165968e+05  7.812733e+03  9.650000e+03
      vertex  1.169864e+05  7.772899e+03  9.650000e+03
      vertex  1.167870e+05  7.691068e+03  9.450255e+03
    endloop
  endfacet
  facet normal  9.378367e-02  8.874627e-01 -4.512366e-01
    outer loop
      vertex  1.167870e+05  7.691068e+03  9.450255e+03
      vertex  1.163250e+05  7.739540e+03  9.449568e+03
      vertex  1.165968e+05  7.812733e+03  9.650000e+03
    endloop
  endfacet
  facet normal  7.791005e-02  8.977867e-01 -4.334849e-01
    outer loop
      vertex  1.165968e+05  7.812733e+03  9.650000e+03
      vertex  1.163250e+05  7.739540e+03  9.449568e+03
      vertex  1.162073e+05  7.846532e+03  9.650000e+03
    endloop
  endfacet
  facet normal  7.902829e-02  8.979610e-01 -4.329211e-01
    outer loop
      vertex  1.162073e+05  7.846532e+03  9.650000e+03
      vertex  1.163250e+05  7.739540e+03  9.449568e+03
      vertex  1.158645e+05  7.779736e+03  9.448882e+03
    endloop
  endfacet
  facet normal  6.496260e-02  9.086403e-01 -4.124957e-01
    outer loop
      vertex  1.162073e+05  7.846532e+03  9.650000e+03
      vertex  1.158645e+05  7.779736e+03  9.448882e+03
      vertex  1.158103e+05  7.874912e+03  9.650000e+03
    endloop
  endfacet
  facet normal  3.523817e-02  9.363562e-01 -3.492784e-01
    outer loop
      vertex  1.149486e+05  7.836303e+03  9.447509e+03
      vertex  1.144933e+05  7.853178e+03  9.446822e+03
      vertex  1.146049e+05  7.924768e+03  9.650000e+03
    endloop
  endfacet
  facet normal  1.356573e-02  9.407193e-01 -3.389148e-01
    outer loop
      vertex  1.143323e+05  7.928700e+03  9.650000e+03
      vertex  1.146049e+05  7.924768e+03  9.650000e+03
      vertex  1.144933e+05  7.853178e+03  9.446822e+03
    endloop
  endfacet
  facet normal  4.537538e-03  9.501328e-01 -3.118127e-01
    outer loop
      vertex  1.140600e+05  7.930000e+03  9.650000e+03
      vertex  1.143323e+05  7.928700e+03  9.650000e+03
      vertex  1.140436e+05  7.874726e+03  9.481333e+03
    endloop
  endfacet
  facet normal  1.937797e-01  7.764202e-01 -5.996842e-01
    outer loop
      vertex  1.195029e+05  6.836115e+03  8.924334e+03
      vertex  1.191000e+05  6.783000e+03  8.725377e+03
      vertex  1.190364e+05  6.949535e+03  8.920425e+03
    endloop
  endfacet
  facet normal  1.915703e-01  7.764148e-01 -6.004006e-01
    outer loop
      vertex  1.190364e+05  6.949535e+03  8.920425e+03
      vertex  1.191000e+05  6.783000e+03  8.725377e+03
      vertex  1.186656e+05  6.886283e+03  8.720342e+03
    endloop
  endfacet
  facet normal  1.819796e-01  7.891296e-01 -5.866498e-01
    outer loop
      vertex  1.190364e+05  6.949535e+03  8.920425e+03
      vertex  1.186656e+05  6.886283e+03  8.720342e+03
      vertex  1.185706e+05  7.054042e+03  8.916515e+03
    endloop
  endfacet
  facet normal  1.813134e-01  7.890766e-01 -5.869273e-01
    outer loop
      vertex  1.185706e+05  7.054042e+03  8.916515e+03
      vertex  1.186656e+05  6.886283e+03  8.720342e+03
      vertex  1.182321e+05  6.982167e+03  8.715307e+03
    endloop
  endfacet
  facet normal  1.700559e-01  8.020010e-01 -5.726041e-01
    outer loop
      vertex  1.185706e+05  7.054042e+03  8.916515e+03
      vertex  1.182321e+05  6.982167e+03  8.715307e+03
      vertex  1.181057e+05  7.149827e+03  8.912605e+03
    endloop
  endfacet
  facet normal  1.709763e-01  8.021411e-01 -5.721336e-01
    outer loop
      vertex  1.181057e+05  7.149827e+03  8.912605e+03
      vertex  1.182321e+05  6.982167e+03  8.715307e+03
      vertex  1.177994e+05  7.070801e+03  8.710271e+03
    endloop
  endfacet
  facet normal  1.580092e-01  8.149873e-01 -5.575202e-01
    outer loop
      vertex  1.181057e+05  7.149827e+03  8.912605e+03
      vertex  1.177994e+05  7.070801e+03  8.710271e+03
      vertex  1.176418e+05  7.237083e+03  8.908695e+03
    endloop
  endfacet
  facet normal  1.605285e-01  8.155431e-01 -5.559857e-01
    outer loop
      vertex  1.176418e+05  7.237083e+03  8.908695e+03
      vertex  1.177994e+05  7.070801e+03  8.710271e+03
      vertex  1.173677e+05  7.152338e+03  8.705236e+03
    endloop
  endfacet
  facet normal  1.458326e-01  8.280304e-01 -5.413856e-01
    outer loop
      vertex  1.176418e+05  7.237083e+03  8.908695e+03
      vertex  1.173677e+05  7.152338e+03  8.705236e+03
      vertex  1.171792e+05  7.316014e+03  8.904786e+03
    endloop
  endfacet
  facet normal  1.499602e-01  8.292063e-01 -5.384502e-01
    outer loop
      vertex  1.173677e+05  7.152338e+03  8.705236e+03
      vertex  1.169371e+05  7.226937e+03  8.700201e+03
      vertex  1.171792e+05  7.316014e+03  8.904786e+03
    endloop
  endfacet
  facet normal  1.335264e-01  8.410765e-01 -5.241767e-01
    outer loop
      vertex  1.167178e+05  7.386827e+03  8.900877e+03
      vertex  1.171792e+05  7.316014e+03  8.904786e+03
      vertex  1.169371e+05  7.226937e+03  8.700201e+03
    endloop
  endfacet
  facet normal  1.392584e-01  8.430543e-01 -5.194868e-01
    outer loop
      vertex  1.169371e+05  7.226937e+03  8.700201e+03
      vertex  1.165078e+05  7.294757e+03  8.695166e+03
      vertex  1.167178e+05  7.386827e+03  8.900877e+03
    endloop
  endfacet
  facet normal  1.211065e-01  8.540590e-01 -5.058818e-01
    outer loop
      vertex  1.162578e+05  7.449732e+03  8.896967e+03
      vertex  1.167178e+05  7.386827e+03  8.900877e+03
      vertex  1.165078e+05  7.294757e+03  8.695166e+03
    endloop
  endfacet
  facet normal  1.284071e-01  8.569855e-01 -4.990866e-01
    outer loop
      vertex  1.165078e+05  7.294757e+03  8.695166e+03
      vertex  1.160797e+05  7.355962e+03  8.690131e+03
      vertex  1.162578e+05  7.449732e+03  8.896967e+03
    endloop
  endfacet
  facet normal  1.085648e-01  8.669092e-01 -4.864999e-01
    outer loop
      vertex  1.157994e+05  7.504946e+03  8.893058e+03
      vertex  1.162578e+05  7.449732e+03  8.896967e+03
      vertex  1.160797e+05  7.355962e+03  8.690131e+03
    endloop
  endfacet
  facet normal  1.174044e-01  8.709044e-01 -4.772229e-01
    outer loop
      vertex  1.160797e+05  7.355962e+03  8.690131e+03
      vertex  1.156531e+05  7.410719e+03  8.685097e+03
      vertex  1.157994e+05  7.504946e+03  8.893058e+03
    endloop
  endfacet
  facet normal  9.592352e-02  8.795556e-01 -4.660265e-01
    outer loop
      vertex  1.153427e+05  7.552685e+03  8.889147e+03
      vertex  1.157994e+05  7.504946e+03  8.893058e+03
      vertex  1.156531e+05  7.410719e+03  8.685097e+03
    endloop
  endfacet
  facet normal  1.062460e-01  8.846955e-01 -4.539005e-01
    outer loop
      vertex  1.156531e+05  7.410719e+03  8.685097e+03
      vertex  1.152279e+05  7.459194e+03  8.680062e+03
      vertex  1.153427e+05  7.552685e+03  8.889147e+03
    endloop
  endfacet
  facet normal  8.318882e-02  8.919201e-01 -4.444750e-01
    outer loop
      vertex  1.148877e+05  7.593169e+03  8.885238e+03
      vertex  1.153427e+05  7.552685e+03  8.889147e+03
      vertex  1.152279e+05  7.459194e+03  8.680062e+03
    endloop
  endfacet
  facet normal  9.493657e-02  8.982419e-01 -4.291254e-01
    outer loop
      vertex  1.152279e+05  7.459194e+03  8.680062e+03
      vertex  1.148043e+05  7.501557e+03  8.675026e+03
      vertex  1.148877e+05  7.593169e+03  8.885238e+03
    endloop
  endfacet
  facet normal  7.037626e-02  9.039258e-01 -4.218594e-01
    outer loop
      vertex  1.144347e+05  7.626618e+03  8.881329e+03
      vertex  1.148877e+05  7.593169e+03  8.885238e+03
      vertex  1.148043e+05  7.501557e+03  8.675026e+03
    endloop
  endfacet
  facet normal  8.348019e-02  9.114193e-01 -4.029218e-01
    outer loop
      vertex  1.148043e+05  7.501557e+03  8.675026e+03
      vertex  1.143824e+05  7.537975e+03  8.669991e+03
      vertex  1.144347e+05  7.626618e+03  8.881329e+03
    endloop
  endfacet
  facet normal  2.069019e-01  7.662615e-01 -6.083049e-01
    outer loop
      vertex  1.193311e+05  6.569021e+03  8.534432e+03
      vertex  1.189836e+05  6.658746e+03  8.529263e+03
      vertex  1.191000e+05  6.783000e+03  8.725377e+03
    endloop
  endfacet
  facet normal  1.910228e-01  7.739488e-01 -6.037496e-01
    outer loop
      vertex  1.186656e+05  6.886283e+03  8.720342e+03
      vertex  1.191000e+05  6.783000e+03  8.725377e+03
      vertex  1.189836e+05  6.658746e+03  8.529263e+03
    endloop
  endfacet
  facet normal  1.997572e-01  7.786494e-01 -5.948127e-01
    outer loop
      vertex  1.186656e+05  6.886283e+03  8.720342e+03
      vertex  1.189836e+05  6.658746e+03  8.529263e+03
      vertex  1.186366e+05  6.743823e+03  8.524095e+03
    endloop
  endfacet
  facet normal  1.910838e-01  7.806790e-01 -5.950019e-01
    outer loop
      vertex  1.186656e+05  6.886283e+03  8.720342e+03
      vertex  1.186366e+05  6.743823e+03  8.524095e+03
      vertex  1.183478e+05  6.811220e+03  8.519787e+03
    endloop
  endfacet
  facet normal  1.817269e-01  7.910966e-01 -5.840731e-01
    outer loop
      vertex  1.186656e+05  6.886283e+03  8.720342e+03
      vertex  1.183478e+05  6.811220e+03  8.519787e+03
      vertex  1.182321e+05  6.982167e+03  8.715307e+03
    endloop
  endfacet
  facet normal  1.850725e-01  7.915130e-01 -5.824562e-01
    outer loop
      vertex  1.183478e+05  6.811220e+03  8.519787e+03
      vertex  1.180595e+05  6.875478e+03  8.515479e+03
      vertex  1.182321e+05  6.982167e+03  8.715307e+03
    endloop
  endfacet
  facet normal  1.706422e-01  8.003635e-01 -5.747168e-01
    outer loop
      vertex  1.177994e+05  7.070801e+03  8.710271e+03
      vertex  1.182321e+05  6.982167e+03  8.715307e+03
      vertex  1.180595e+05  6.875478e+03  8.515479e+03
    endloop
  endfacet
  facet normal  1.792706e-01  8.040491e-01 -5.668924e-01
    outer loop
      vertex  1.177994e+05  7.070801e+03  8.710271e+03
      vertex  1.180595e+05  6.875478e+03  8.515479e+03
      vertex  1.177715e+05  6.936640e+03  8.511173e+03
    endloop
  endfacet
  facet normal  1.604354e-01  8.149990e-01 -5.568096e-01
    outer loop
      vertex  1.177994e+05  7.070801e+03  8.710271e+03
      vertex  1.175559e+05  6.980506e+03  8.507942e+03
      vertex  1.173677e+05  7.152338e+03  8.705236e+03
    endloop
  endfacet
  facet normal  1.682535e-01  8.171908e-01 -5.512621e-01
    outer loop
      vertex  1.173677e+05  7.152338e+03  8.705236e+03
      vertex  1.175559e+05  6.980506e+03  8.507942e+03
      vertex  1.173405e+05  7.022672e+03  8.504712e+03
    endloop
  endfacet
  facet normal  1.623241e-01  8.184032e-01 -5.512413e-01
    outer loop
      vertex  1.173677e+05  7.152338e+03  8.705236e+03
      vertex  1.173405e+05  7.022672e+03  8.504712e+03
      vertex  1.171254e+05  7.063159e+03  8.501481e+03
    endloop
  endfacet
  facet normal  1.941716e-01  7.910483e-01 -5.801207e-01
    outer loop
      vertex  1.181948e+05  6.642089e+03  8.242525e+03
      vertex  1.178250e+05  6.727554e+03  8.235309e+03
      vertex  1.180595e+05  6.875478e+03  8.515479e+03
    endloop
  endfacet
  facet normal  1.785971e-01  8.005125e-01 -5.720863e-01
    outer loop
      vertex  1.180595e+05  6.875478e+03  8.515479e+03
      vertex  1.178250e+05  6.727554e+03  8.235309e+03
      vertex  1.177715e+05  6.936640e+03  8.511173e+03
    endloop
  endfacet
  facet normal  1.474239e-01  8.405402e-01 -5.213043e-01
    outer loop
      vertex  1.166961e+05  7.139166e+03  8.495021e+03
      vertex  1.164765e+05  7.000203e+03  8.208846e+03
      vertex  1.164819e+05  7.174725e+03  8.491790e+03
    endloop
  endfacet
  facet normal  1.186781e-01  8.778461e-01 -4.640061e-01
    outer loop
      vertex  1.156287e+05  7.301114e+03  8.478868e+03
      vertex  1.152620e+05  7.195250e+03  8.184789e+03
      vertex  1.152043e+05  7.355076e+03  8.472408e+03
    endloop
  endfacet
  facet normal  1.273789e-01  8.776149e-01 -4.621328e-01
    outer loop
      vertex  1.152043e+05  7.355076e+03  8.472408e+03
      vertex  1.152620e+05  7.195250e+03  8.184789e+03
      vertex  1.148098e+05  7.256133e+03  8.175768e+03
    endloop
  endfacet
  facet normal  1.079347e-01  8.911057e-01 -4.407729e-01
    outer loop
      vertex  1.152043e+05  7.355076e+03  8.472408e+03
      vertex  1.148098e+05  7.256133e+03  8.175768e+03
      vertex  1.147815e+05  7.403094e+03  8.465947e+03
    endloop
  endfacet
  facet normal  1.165394e-01  8.905703e-01 -4.396624e-01
    outer loop
      vertex  1.147815e+05  7.403094e+03  8.465947e+03
      vertex  1.148098e+05  7.256133e+03  8.175768e+03
      vertex  1.143595e+05  7.310604e+03  8.166747e+03
    endloop
  endfacet
  facet normal  9.704436e-02  9.040219e-01 -4.163254e-01
    outer loop
      vertex  1.147815e+05  7.403094e+03  8.465947e+03
      vertex  1.143595e+05  7.310604e+03  8.166747e+03
      vertex  1.143603e+05  7.445327e+03  8.459486e+03
    endloop
  endfacet
  facet normal  2.265093e-01  7.540820e-01 -6.164852e-01
    outer loop
      vertex  1.196336e+05  6.263802e+03  8.270487e+03
      vertex  1.194686e+05  6.163077e+03  8.086665e+03
      vertex  1.194007e+05  6.330069e+03  8.265973e+03
    endloop
  endfacet
  facet normal  2.024257e-01  7.827080e-01 -5.885507e-01
    outer loop
      vertex  1.181948e+05  6.642089e+03  8.242525e+03
      vertex  1.185652e+05  6.551707e+03  8.249742e+03
      vertex  1.184279e+05  6.447129e+03  8.063446e+03
    endloop
  endfacet
  facet normal  2.084357e-01  7.850646e-01 -5.832909e-01
    outer loop
      vertex  1.184279e+05  6.447129e+03  8.063446e+03
      vertex  1.180546e+05  6.540042e+03  8.055088e+03
      vertex  1.181948e+05  6.642089e+03  8.242525e+03
    endloop
  endfacet
  facet normal  1.945752e-01  7.930355e-01 -5.772653e-01
    outer loop
      vertex  1.178250e+05  6.727554e+03  8.235309e+03
      vertex  1.181948e+05  6.642089e+03  8.242525e+03
      vertex  1.180546e+05  6.540042e+03  8.055088e+03
    endloop
  endfacet
  facet normal  2.009121e-01  7.954668e-01 -5.717228e-01
    outer loop
      vertex  1.180546e+05  6.540042e+03  8.055088e+03
      vertex  1.176820e+05  6.628131e+03  8.046729e+03
      vertex  1.178250e+05  6.727554e+03  8.235309e+03
    endloop
  endfacet
  facet normal  1.866595e-01  8.035680e-01 -5.651873e-01
    outer loop
      vertex  1.174561e+05  6.808184e+03  8.228092e+03
      vertex  1.178250e+05  6.727554e+03  8.235309e+03
      vertex  1.176820e+05  6.628131e+03  8.046729e+03
    endloop
  endfacet
  facet normal  1.933069e-01  8.060582e-01 -5.593769e-01
    outer loop
      vertex  1.176820e+05  6.628131e+03  8.046729e+03
      vertex  1.173103e+05  6.711475e+03  8.038371e+03
      vertex  1.174561e+05  6.808184e+03  8.228092e+03
    endloop
  endfacet
  facet normal  1.786691e-01  8.142639e-01 -5.523149e-01
    outer loop
      vertex  1.170880e+05  6.884062e+03  8.220874e+03
      vertex  1.174561e+05  6.808184e+03  8.228092e+03
      vertex  1.173103e+05  6.711475e+03  8.038371e+03
    endloop
  endfacet
  facet normal  1.715916e-01  8.261639e-01 -5.366653e-01
    outer loop
      vertex  1.170880e+05  6.884062e+03  8.220874e+03
      vertex  1.168778e+05  6.802824e+03  8.028619e+03
      vertex  1.167819e+05  6.943727e+03  8.214860e+03
    endloop
  endfacet
  facet normal  1.382217e-01  8.657929e-01 -4.809341e-01
    outer loop
      vertex  1.152620e+05  7.195250e+03  8.184789e+03
      vertex  1.157160e+05  7.127779e+03  8.193811e+03
      vertex  1.155884e+05  7.040135e+03  7.999364e+03
    endloop
  endfacet
  facet normal  1.481058e-01  8.711993e-01 -4.680561e-01
    outer loop
      vertex  1.155884e+05  7.040135e+03  7.999364e+03
      vertex  1.151616e+05  7.107449e+03  7.989612e+03
      vertex  1.152620e+05  7.195250e+03  8.184789e+03
    endloop
  endfacet
  facet normal  1.274520e-01  8.783752e-01 -4.606658e-01
    outer loop
      vertex  1.148098e+05  7.256133e+03  8.175768e+03
      vertex  1.152620e+05  7.195250e+03  8.184789e+03
      vertex  1.151616e+05  7.107449e+03  7.989612e+03
    endloop
  endfacet
  facet normal  1.385107e-01  8.848048e-01 -4.448990e-01
    outer loop
      vertex  1.151616e+05  7.107449e+03  7.989612e+03
      vertex  1.147365e+05  7.169100e+03  7.979860e+03
      vertex  1.148098e+05  7.256133e+03  8.175768e+03
    endloop
  endfacet
  facet normal  1.165528e-01  8.907378e-01 -4.393195e-01
    outer loop
      vertex  1.143595e+05  7.310604e+03  8.166747e+03
      vertex  1.148098e+05  7.256133e+03  8.175768e+03
      vertex  1.147365e+05  7.169100e+03  7.979860e+03
    endloop
  endfacet
  facet normal  1.287342e-01  8.981716e-01 -4.203752e-01
    outer loop
      vertex  1.147365e+05  7.169100e+03  7.979860e+03
      vertex  1.143130e+05  7.225227e+03  7.970108e+03
      vertex  1.143595e+05  7.310604e+03  8.166747e+03
    endloop
  endfacet
  facet normal  2.307174e-01  7.618012e-01 -6.053333e-01
    outer loop
      vertex  1.194686e+05  6.163077e+03  8.086665e+03
      vertex  1.192740e+05  6.073292e+03  7.899507e+03
      vertex  1.191351e+05  6.258188e+03  8.079235e+03
    endloop
  endfacet
  facet normal  2.245866e-01  7.724079e-01 -5.940933e-01
    outer loop
      vertex  1.191351e+05  6.258188e+03  8.079235e+03
      vertex  1.187748e+05  6.215111e+03  7.887030e+03
      vertex  1.188020e+05  6.349313e+03  8.071805e+03
    endloop
  endfacet
  facet normal  2.090576e-01  7.879332e-01 -5.791857e-01
    outer loop
      vertex  1.180546e+05  6.540042e+03  8.055088e+03
      vertex  1.184279e+05  6.447129e+03  8.063446e+03
      vertex  1.182768e+05  6.348387e+03  7.874554e+03
    endloop
  endfacet
  facet normal  2.129859e-01  7.893336e-01 -5.758380e-01
    outer loop
      vertex  1.182768e+05  6.348387e+03  7.874554e+03
      vertex  1.177802e+05  6.473290e+03  7.862077e+03
      vertex  1.180546e+05  6.540042e+03  8.055088e+03
    endloop
  endfacet
  facet normal  2.019642e-01  8.006420e-01 -5.640771e-01
    outer loop
      vertex  1.180546e+05  6.540042e+03  8.055088e+03
      vertex  1.177802e+05  6.473290e+03  7.862077e+03
      vertex  1.176820e+05  6.628131e+03  8.046729e+03
    endloop
  endfacet
  facet normal  2.029357e-01  8.007161e-01 -5.636230e-01
    outer loop
      vertex  1.176820e+05  6.628131e+03  8.046729e+03
      vertex  1.177802e+05  6.473290e+03  7.862077e+03
      vertex  1.172850e+05  6.589993e+03  7.849601e+03
    endloop
  endfacet
  facet normal  1.945813e-01  8.127699e-01 -5.491294e-01
    outer loop
      vertex  1.176820e+05  6.628131e+03  8.046729e+03
      vertex  1.172850e+05  6.589993e+03  7.849601e+03
      vertex  1.173103e+05  6.711475e+03  8.038371e+03
    endloop
  endfacet
  facet normal  1.673514e-01  8.477716e-01 -5.032661e-01
    outer loop
      vertex  1.164466e+05  6.887959e+03  8.018867e+03
      vertex  1.161363e+05  6.831442e+03  7.820488e+03
      vertex  1.160168e+05  6.967018e+03  8.009115e+03
    endloop
  endfacet
  facet normal  1.721051e-01  8.483553e-01 -5.006727e-01
    outer loop
      vertex  1.160168e+05  6.967018e+03  8.009115e+03
      vertex  1.161363e+05  6.831442e+03  7.820488e+03
      vertex  1.158099e+05  6.892741e+03  7.812170e+03
    endloop
  endfacet
  facet normal  1.647855e-01  8.603201e-01 -4.823848e-01
    outer loop
      vertex  1.158099e+05  6.892741e+03  7.812170e+03
      vertex  1.154195e+05  6.961932e+03  7.802189e+03
      vertex  1.155884e+05  7.040135e+03  7.999364e+03
    endloop
  endfacet
  facet normal  1.478965e-01  8.693723e-01 -4.715066e-01
    outer loop
      vertex  1.151616e+05  7.107449e+03  7.989612e+03
      vertex  1.155884e+05  7.040135e+03  7.999364e+03
      vertex  1.154195e+05  6.961932e+03  7.802189e+03
    endloop
  endfacet
  facet normal  1.565819e-01  8.728231e-01 -4.622358e-01
    outer loop
      vertex  1.154195e+05  6.961932e+03  7.802189e+03
      vertex  1.150304e+05  7.026451e+03  7.792208e+03
      vertex  1.151616e+05  7.107449e+03  7.989612e+03
    endloop
  endfacet
  facet normal  1.380999e-01  8.806642e-01 -4.531656e-01
    outer loop
      vertex  1.147365e+05  7.169100e+03  7.979860e+03
      vertex  1.151616e+05  7.107449e+03  7.989612e+03
      vertex  1.150304e+05  7.026451e+03  7.792208e+03
    endloop
  endfacet
  facet normal  1.482224e-01  8.852746e-01 -4.408162e-01
    outer loop
      vertex  1.150304e+05  7.026451e+03  7.792208e+03
      vertex  1.146427e+05  7.086398e+03  7.782227e+03
      vertex  1.147365e+05  7.169100e+03  7.979860e+03
    endloop
  endfacet
  facet normal  1.281956e-01  8.917386e-01 -4.340140e-01
    outer loop
      vertex  1.143130e+05  7.225227e+03  7.970108e+03
      vertex  1.147365e+05  7.169100e+03  7.979860e+03
      vertex  1.146427e+05  7.086398e+03  7.782227e+03
    endloop
  endfacet
  facet normal  2.361229e-01  7.752323e-01 -5.858849e-01
    outer loop
      vertex  1.188929e+05  6.040871e+03  7.704079e+03
      vertex  1.186231e+05  6.117446e+03  7.696666e+03
      vertex  1.187748e+05  6.215111e+03  7.887030e+03
    endloop
  endfacet
  facet normal  2.240838e-01  7.829892e-01 -5.802709e-01
    outer loop
      vertex  1.182768e+05  6.348387e+03  7.874554e+03
      vertex  1.187748e+05  6.215111e+03  7.887030e+03
      vertex  1.186231e+05  6.117446e+03  7.696666e+03
    endloop
  endfacet
  facet normal  2.053938e-01  8.131823e-01 -5.445621e-01
    outer loop
      vertex  1.177802e+05  6.473290e+03  7.862077e+03
      vertex  1.174141e+05  6.432642e+03  7.663305e+03
      vertex  1.172850e+05  6.589993e+03  7.849601e+03
    endloop
  endfacet
  facet normal  1.866536e-01  8.361518e-01 -5.157622e-01
    outer loop
      vertex  1.167915e+05  6.698680e+03  7.837124e+03
      vertex  1.165563e+05  6.629271e+03  7.639476e+03
      vertex  1.164635e+05  6.766773e+03  7.828806e+03
    endloop
  endfacet
  facet normal  1.721505e-01  8.648734e-01 -4.715487e-01
    outer loop
      vertex  1.156475e+05  6.813966e+03  7.614058e+03
      vertex  1.151958e+05  6.896964e+03  7.601349e+03
      vertex  1.154195e+05  6.961932e+03  7.802189e+03
    endloop
  endfacet
  facet normal  1.568468e-01  8.751053e-01 -4.578098e-01
    outer loop
      vertex  1.154195e+05  6.961932e+03  7.802189e+03
      vertex  1.151958e+05  6.896964e+03  7.601349e+03
      vertex  1.150304e+05  7.026451e+03  7.792208e+03
    endloop
  endfacet
  facet normal  1.626805e-01  8.762626e-01 -4.535404e-01
    outer loop
      vertex  1.150304e+05  7.026451e+03  7.792208e+03
      vertex  1.151958e+05  6.896964e+03  7.601349e+03
      vertex  1.147458e+05  6.973920e+03  7.588640e+03
    endloop
  endfacet
  facet normal  1.484363e-01  8.873771e-01 -4.364958e-01
    outer loop
      vertex  1.150304e+05  7.026451e+03  7.792208e+03
      vertex  1.147458e+05  6.973920e+03  7.588640e+03
      vertex  1.146427e+05  7.086398e+03  7.782227e+03
    endloop
  endfacet
  facet normal  1.531115e-01  8.877099e-01 -4.341981e-01
    outer loop
      vertex  1.146427e+05  7.086398e+03  7.782227e+03
      vertex  1.147458e+05  6.973920e+03  7.588640e+03
      vertex  1.142978e+05  7.044977e+03  7.575931e+03
    endloop
  endfacet
  facet normal  1.398521e-01  8.993036e-01 -4.143602e-01
    outer loop
      vertex  1.146427e+05  7.086398e+03  7.782227e+03
      vertex  1.142978e+05  7.044977e+03  7.575931e+03
      vertex  1.142564e+05  7.141872e+03  7.772246e+03
    endloop
  endfacet
  facet normal  2.384189e-01  7.846397e-01 -5.722735e-01
    outer loop
      vertex  1.188929e+05  6.040871e+03  7.704079e+03
      vertex  1.186020e+05  6.016375e+03  7.549316e+03
      vertex  1.186231e+05  6.117446e+03  7.696666e+03
    endloop
  endfacet
  facet normal  2.239118e-01  8.002481e-01 -5.562971e-01
    outer loop
      vertex  1.178161e+05  6.332845e+03  7.674425e+03
      vertex  1.182191e+05  6.227808e+03  7.685545e+03
      vertex  1.180641e+05  6.165532e+03  7.533574e+03
    endloop
  endfacet
  facet normal  2.254656e-01  8.010497e-01 -5.545130e-01
    outer loop
      vertex  1.180641e+05  6.165532e+03  7.533574e+03
      vertex  1.175280e+05  6.305538e+03  7.517832e+03
      vertex  1.178161e+05  6.332845e+03  7.674425e+03
    endloop
  endfacet
  facet normal  2.167514e-01  8.129121e-01 -5.405486e-01
    outer loop
      vertex  1.178161e+05  6.332845e+03  7.674425e+03
      vertex  1.175280e+05  6.305538e+03  7.517832e+03
      vertex  1.174141e+05  6.432642e+03  7.663305e+03
    endloop
  endfacet
  facet normal  2.153135e-01  8.126799e-01 -5.414717e-01
    outer loop
      vertex  1.174141e+05  6.432642e+03  7.663305e+03
      vertex  1.175280e+05  6.305538e+03  7.517832e+03
      vertex  1.169938e+05  6.436591e+03  7.502090e+03
    endloop
  endfacet
  facet normal  2.092585e-01  8.247282e-01 -5.253897e-01
    outer loop
      vertex  1.174141e+05  6.432642e+03  7.663305e+03
      vertex  1.169938e+05  6.436591e+03  7.502090e+03
      vertex  1.170131e+05  6.527290e+03  7.652185e+03
    endloop
  endfacet
  facet normal  2.039170e-01  8.355323e-01 -5.101995e-01
    outer loop
      vertex  1.167274e+05  6.498822e+03  7.494219e+03
      vertex  1.164616e+05  6.558891e+03  7.486348e+03
      vertex  1.165563e+05  6.629271e+03  7.639476e+03
    endloop
  endfacet
  facet normal  1.839643e-01  8.602765e-01 -4.754802e-01
    outer loop
      vertex  1.156475e+05  6.813966e+03  7.614058e+03
      vertex  1.157555e+05  6.708701e+03  7.465358e+03
      vertex  1.154040e+05  6.778064e+03  7.454863e+03
    endloop
  endfacet
  facet normal  1.728806e-01  8.704897e-01 -4.608253e-01
    outer loop
      vertex  1.156475e+05  6.813966e+03  7.614058e+03
      vertex  1.154040e+05  6.778064e+03  7.454863e+03
      vertex  1.151958e+05  6.896964e+03  7.601349e+03
    endloop
  endfacet
  facet normal  1.632670e-01  8.813849e-01 -4.432883e-01
    outer loop
      vertex  1.147458e+05  6.973920e+03  7.588640e+03
      vertex  1.151958e+05  6.896964e+03  7.601349e+03
      vertex  1.150099e+05  6.851786e+03  7.443056e+03
    endloop
  endfacet
  facet normal  1.690202e-01  8.842843e-01 -4.352857e-01
    outer loop
      vertex  1.150099e+05  6.851786e+03  7.443056e+03
      vertex  1.146172e+05  6.921029e+03  7.431250e+03
      vertex  1.147458e+05  6.973920e+03  7.588640e+03
    endloop
  endfacet
  facet normal  1.535332e-01  8.919754e-01 -4.252145e-01
    outer loop
      vertex  1.142978e+05  7.044977e+03  7.575931e+03
      vertex  1.147458e+05  6.973920e+03  7.588640e+03
      vertex  1.146172e+05  6.921029e+03  7.431250e+03
    endloop
  endfacet
  facet normal  1.610990e-01  8.966082e-01 -4.124812e-01
    outer loop
      vertex  1.146172e+05  6.921029e+03  7.431250e+03
      vertex  1.142260e+05  6.985883e+03  7.419443e+03
      vertex  1.142978e+05  7.044977e+03  7.575931e+03
    endloop
  endfacet
  facet normal  2.050746e-01  8.421608e-01 -4.987080e-01
    outer loop
      vertex  1.167274e+05  6.498822e+03  7.494219e+03
      vertex  1.164428e+05  6.473294e+03  7.334088e+03
      vertex  1.164616e+05  6.558891e+03  7.486348e+03
    endloop
  endfacet
  facet normal  1.935962e-01  8.581191e-01 -4.755547e-01
    outer loop
      vertex  1.159135e+05  6.591126e+03  7.317530e+03
      vertex  1.153865e+05  6.700835e+03  7.300972e+03
      vertex  1.157555e+05  6.708701e+03  7.465358e+03
    endloop
  endfacet
  facet normal  1.852880e-01  8.697103e-01 -4.574629e-01
    outer loop
      vertex  1.157555e+05  6.708701e+03  7.465358e+03
      vertex  1.153865e+05  6.700835e+03  7.300972e+03
      vertex  1.154040e+05  6.778064e+03  7.454863e+03
    endloop
  endfacet
  facet normal  2.632720e-01  7.792491e-01 -5.687342e-01
    outer loop
      vertex  1.191200e+05  5.755565e+03  7.416880e+03
      vertex  1.196606e+05  5.585027e+03  7.433438e+03
      vertex  1.195822e+05  5.464716e+03  7.232314e+03
    endloop
  endfacet
  facet normal  2.683226e-01  7.827219e-01 -5.615598e-01
    outer loop
      vertex  1.195822e+05  5.464716e+03  7.232314e+03
      vertex  1.189933e+05  5.652897e+03  7.213241e+03
      vertex  1.191200e+05  5.755565e+03  7.416880e+03
    endloop
  endfacet
  facet normal  2.538022e-01  7.909950e-01 -5.566969e-01
    outer loop
      vertex  1.185810e+05  5.916872e+03  7.400321e+03
      vertex  1.191200e+05  5.755565e+03  7.416880e+03
      vertex  1.189933e+05  5.652897e+03  7.213241e+03
    endloop
  endfacet
  facet normal  2.581665e-01  7.936701e-01 -5.508519e-01
    outer loop
      vertex  1.189933e+05  5.652897e+03  7.213241e+03
      vertex  1.184064e+05  5.830587e+03  7.194167e+03
      vertex  1.185810e+05  5.916872e+03  7.400321e+03
    endloop
  endfacet
  facet normal  2.352446e-01  8.200241e-01 -5.217475e-01
    outer loop
      vertex  1.175080e+05  6.212481e+03  7.367205e+03
      vertex  1.175296e+05  6.077976e+03  7.165548e+03
      vertex  1.172389e+05  6.155310e+03  7.156021e+03
    endloop
  endfacet
  facet normal  2.251456e-01  8.293262e-01 -5.113974e-01
    outer loop
      vertex  1.175080e+05  6.212481e+03  7.367205e+03
      vertex  1.172389e+05  6.155310e+03  7.156021e+03
      vertex  1.169744e+05  6.347144e+03  7.350646e+03
    endloop
  endfacet
  facet normal  2.151047e-01  8.412622e-01 -4.959919e-01
    outer loop
      vertex  1.164428e+05  6.473294e+03  7.334088e+03
      vertex  1.169744e+05  6.347144e+03  7.350646e+03
      vertex  1.167415e+05  6.282302e+03  7.139672e+03
    endloop
  endfacet
  facet normal  2.202179e-01  8.433427e-01 -4.901806e-01
    outer loop
      vertex  1.167415e+05  6.282302e+03  7.139672e+03
      vertex  1.162460e+05  6.402191e+03  7.123324e+03
      vertex  1.164428e+05  6.473294e+03  7.334088e+03
    endloop
  endfacet
  facet normal  2.115752e-01  8.564132e-01 -4.709483e-01
    outer loop
      vertex  1.162460e+05  6.402191e+03  7.123324e+03
      vertex  1.157525e+05  6.515121e+03  7.106976e+03
      vertex  1.159135e+05  6.591126e+03  7.317530e+03
    endloop
  endfacet
  facet normal  1.947047e-01  8.655860e-01 -4.613577e-01
    outer loop
      vertex  1.153865e+05  6.700835e+03  7.300972e+03
      vertex  1.159135e+05  6.591126e+03  7.317530e+03
      vertex  1.157525e+05  6.515121e+03  7.106976e+03
    endloop
  endfacet
  facet normal  2.027837e-01  8.696808e-01 -4.500380e-01
    outer loop
      vertex  1.157525e+05  6.515121e+03  7.106976e+03
      vertex  1.152611e+05  6.621239e+03  7.090627e+03
      vertex  1.153865e+05  6.700835e+03  7.300972e+03
    endloop
  endfacet
  facet normal  1.756962e-01  8.893455e-01 -4.221321e-01
    outer loop
      vertex  1.145138e+05  6.866173e+03  7.273375e+03
      vertex  1.148620e+05  6.802620e+03  7.284414e+03
      vertex  1.147719e+05  6.720691e+03  7.074278e+03
    endloop
  endfacet
  facet normal  1.841013e-01  8.918855e-01 -4.130941e-01
    outer loop
      vertex  1.147719e+05  6.720691e+03  7.074278e+03
      vertex  1.142850e+05  6.813625e+03  7.057930e+03
      vertex  1.145138e+05  6.866173e+03  7.273375e+03
    endloop
  endfacet
  facet normal  1.689627e-01  9.011306e-01 -3.992684e-01
    outer loop
      vertex  1.145138e+05  6.866173e+03  7.273375e+03
      vertex  1.142850e+05  6.813625e+03  7.057930e+03
      vertex  1.141668e+05  6.926353e+03  7.262336e+03
    endloop
  endfacet
  facet normal  2.380349e-01  8.333271e-01 -4.989041e-01
    outer loop
      vertex  1.175296e+05  6.077976e+03  7.165548e+03
      vertex  1.172126e+05  6.039227e+03  6.949590e+03
      vertex  1.172389e+05  6.155310e+03  7.156021e+03
    endloop
  endfacet
  facet normal  2.211978e-01  8.487354e-01 -4.803331e-01
    outer loop
      vertex  1.162460e+05  6.402191e+03  7.123324e+03
      vertex  1.167415e+05  6.282302e+03  7.139672e+03
      vertex  1.166334e+05  6.191655e+03  6.929716e+03
    endloop
  endfacet
  facet normal  2.278403e-01  8.522670e-01 -4.708819e-01
    outer loop
      vertex  1.166334e+05  6.191655e+03  6.929716e+03
      vertex  1.160568e+05  6.334817e+03  6.909842e+03
      vertex  1.162460e+05  6.402191e+03  7.123324e+03
    endloop
  endfacet
  facet normal  1.941148e-01  8.854018e-01 -4.223543e-01
    outer loop
      vertex  1.147719e+05  6.720691e+03  7.074278e+03
      vertex  1.152611e+05  6.621239e+03  7.090627e+03
      vertex  1.150546e+05  6.563678e+03  6.875062e+03
    endloop
  endfacet
  facet normal  2.014373e-01  8.877835e-01 -4.138397e-01
    outer loop
      vertex  1.150546e+05  6.563678e+03  6.875062e+03
      vertex  1.146279e+05  6.653544e+03  6.860156e+03
      vertex  1.147719e+05  6.720691e+03  7.074278e+03
    endloop
  endfacet
  facet normal  1.845251e-01  8.955467e-01 -4.049030e-01
    outer loop
      vertex  1.142850e+05  6.813625e+03  7.057930e+03
      vertex  1.147719e+05  6.720691e+03  7.074278e+03
      vertex  1.146279e+05  6.653544e+03  6.860156e+03
    endloop
  endfacet
  facet normal  1.937991e-01  8.993605e-01 -3.919089e-01
    outer loop
      vertex  1.146279e+05  6.653544e+03  6.860156e+03
      vertex  1.142030e+05  6.738610e+03  6.845251e+03
      vertex  1.142850e+05  6.813625e+03  7.057930e+03
    endloop
  endfacet
  facet normal  2.797507e-01  8.065705e-01 -5.207530e-01
    outer loop
      vertex  1.191408e+05  5.333965e+03  6.808864e+03
      vertex  1.188189e+05  5.438354e+03  6.797638e+03
      vertex  1.189648e+05  5.524368e+03  7.009213e+03
    endloop
  endfacet
  facet normal  2.498799e-01  8.387942e-01 -4.837191e-01
    outer loop
      vertex  1.172126e+05  6.039227e+03  6.949590e+03
      vertex  1.173749e+05  5.874052e+03  6.746988e+03
      vertex  1.168968e+05  6.006728e+03  6.730104e+03
    endloop
  endfacet
  facet normal  2.396154e-01  8.492442e-01 -4.704983e-01
    outer loop
      vertex  1.172126e+05  6.039227e+03  6.949590e+03
      vertex  1.168968e+05  6.006728e+03  6.730104e+03
      vertex  1.166334e+05  6.191655e+03  6.929716e+03
    endloop
  endfacet
  facet normal  2.293296e-01  8.604751e-01 -4.549621e-01
    outer loop
      vertex  1.160568e+05  6.334817e+03  6.909842e+03
      vertex  1.166334e+05  6.191655e+03  6.929716e+03
      vertex  1.163678e+05  6.146977e+03  6.711345e+03
    endloop
  endfacet
  facet normal  2.334125e-01  8.619874e-01 -4.499959e-01
    outer loop
      vertex  1.163678e+05  6.146977e+03  6.711345e+03
      vertex  1.158411e+05  6.279815e+03  6.692585e+03
      vertex  1.160568e+05  6.334817e+03  6.909842e+03
    endloop
  endfacet
  facet normal  2.216997e-01  8.700013e-01 -4.403945e-01
    outer loop
      vertex  1.160568e+05  6.334817e+03  6.909842e+03
      vertex  1.158411e+05  6.279815e+03  6.692585e+03
      vertex  1.157695e+05  6.402988e+03  6.899905e+03
    endloop
  endfacet
  facet normal  2.098500e-01  8.825355e-01 -4.208253e-01
    outer loop
      vertex  1.150546e+05  6.563678e+03  6.875062e+03
      vertex  1.154830e+05  6.468920e+03  6.889968e+03
      vertex  1.153168e+05  6.405383e+03  6.673826e+03
    endloop
  endfacet
  facet normal  2.155930e-01  8.841063e-01 -4.145790e-01
    outer loop
      vertex  1.153168e+05  6.405383e+03  6.673826e+03
      vertex  1.147950e+05  6.523823e+03  6.655066e+03
      vertex  1.150546e+05  6.563678e+03  6.875062e+03
    endloop
  endfacet
  facet normal  2.022166e-01  8.936912e-01 -4.005304e-01
    outer loop
      vertex  1.150546e+05  6.563678e+03  6.875062e+03
      vertex  1.147950e+05  6.523823e+03  6.655066e+03
      vertex  1.146279e+05  6.653544e+03  6.860156e+03
    endloop
  endfacet
  facet normal  1.943972e-01  9.045112e-01 -3.795645e-01
    outer loop
      vertex  1.146279e+05  6.653544e+03  6.860156e+03
      vertex  1.142758e+05  6.635278e+03  6.636307e+03
      vertex  1.142030e+05  6.738610e+03  6.845251e+03
    endloop
  endfacet
  facet normal  2.836474e-01  8.213683e-01 -4.948719e-01
    outer loop
      vertex  1.191408e+05  5.333965e+03  6.808864e+03
      vertex  1.187869e+05  5.306258e+03  6.560063e+03
      vertex  1.188189e+05  5.438354e+03  6.797638e+03
    endloop
  endfacet
  facet normal  2.684993e-01  8.341087e-01 -4.818409e-01
    outer loop
      vertex  1.178546e+05  5.735162e+03  6.763871e+03
      vertex  1.183360e+05  5.589961e+03  6.780755e+03
      vertex  1.181443e+05  5.510922e+03  6.537091e+03
    endloop
  endfacet
  facet normal  2.701945e-01  8.345551e-01 -4.801173e-01
    outer loop
      vertex  1.181443e+05  5.510922e+03  6.537091e+03
      vertex  1.175045e+05  5.704841e+03  6.514119e+03
      vertex  1.178546e+05  5.735162e+03  6.763871e+03
    endloop
  endfacet
  facet normal  2.608789e-01  8.442171e-01 -4.682302e-01
    outer loop
      vertex  1.178546e+05  5.735162e+03  6.763871e+03
      vertex  1.175045e+05  5.704841e+03  6.514119e+03
      vertex  1.173749e+05  5.874052e+03  6.746988e+03
    endloop
  endfacet
  facet normal  2.600341e-01  8.442169e-01 -4.687003e-01
    outer loop
      vertex  1.173749e+05  5.874052e+03  6.746988e+03
      vertex  1.175045e+05  5.704841e+03  6.514119e+03
      vertex  1.168678e+05  5.888208e+03  6.491146e+03
    endloop
  endfacet
  facet normal  2.530900e-01  8.540931e-01 -4.543902e-01
    outer loop
      vertex  1.173749e+05  5.874052e+03  6.746988e+03
      vertex  1.168678e+05  5.888208e+03  6.491146e+03
      vertex  1.168968e+05  6.006728e+03  6.730104e+03
    endloop
  endfacet
  facet normal  2.483824e-01  8.626644e-01 -4.405864e-01
    outer loop
      vertex  1.165489e+05  5.976465e+03  6.479598e+03
      vertex  1.162309e+05  6.062131e+03  6.468049e+03
      vertex  1.163678e+05  6.146977e+03  6.711345e+03
    endloop
  endfacet
  facet normal  2.381145e-01  8.734787e-01 -4.246604e-01
    outer loop
      vertex  1.158411e+05  6.279815e+03  6.692585e+03
      vertex  1.159172e+05  6.144353e+03  6.456625e+03
      vertex  1.156043e+05  6.224090e+03  6.445202e+03
    endloop
  endfacet
  facet normal  2.320592e-01  8.828782e-01 -4.082580e-01
    outer loop
      vertex  1.156043e+05  6.224090e+03  6.445202e+03
      vertex  1.151341e+05  6.339707e+03  6.427972e+03
      vertex  1.153168e+05  6.405383e+03  6.673826e+03
    endloop
  endfacet
  facet normal  2.166013e-01  8.910238e-01 -3.989494e-01
    outer loop
      vertex  1.147950e+05  6.523823e+03  6.655066e+03
      vertex  1.153168e+05  6.405383e+03  6.673826e+03
      vertex  1.151341e+05  6.339707e+03  6.427972e+03
    endloop
  endfacet
  facet normal  2.244885e-01  8.934182e-01 -3.891129e-01
    outer loop
      vertex  1.151341e+05  6.339707e+03  6.427972e+03
      vertex  1.146660e+05  6.449820e+03  6.410743e+03
      vertex  1.147950e+05  6.523823e+03  6.655066e+03
    endloop
  endfacet
  facet normal  2.505715e-01  8.740831e-01 -4.161642e-01
    outer loop
      vertex  1.165489e+05  5.976465e+03  6.479598e+03
      vertex  1.162064e+05  5.953801e+03  6.225758e+03
      vertex  1.162309e+05  6.062131e+03  6.468049e+03
    endloop
  endfacet
  facet normal  2.229220e-01  9.094684e-01 -3.509600e-01
    outer loop
      vertex  1.142001e+05  6.554521e+03  6.393514e+03
      vertex  1.143215e+05  6.433061e+03  6.155925e+03
      vertex  1.140169e+05  6.503328e+03  6.144517e+03
    endloop
  endfacet
  facet normal  2.175306e-01  9.179462e-01 -3.317454e-01
    outer loop
      vertex  1.137325e+05  6.639895e+03  6.335885e+03
      vertex  1.140169e+05  6.503328e+03  6.144517e+03
      vertex  1.137161e+05  6.581509e+03  6.163607e+03
    endloop
  endfacet
  facet normal  3.016494e-01  8.428844e-01 -4.455935e-01
    outer loop
      vertex  1.187550e+05  5.181643e+03  6.318407e+03
      vertex  1.193995e+05  4.963213e+03  6.341569e+03
      vertex  1.192951e+05  4.869442e+03  6.093518e+03
    endloop
  endfacet
  facet normal  2.917046e-01  8.509309e-01 -4.368353e-01
    outer loop
      vertex  1.181132e+05  5.389759e+03  6.295245e+03
      vertex  1.187550e+05  5.181643e+03  6.318407e+03
      vertex  1.185803e+05  5.112886e+03  6.067847e+03
    endloop
  endfacet
  facet normal  2.928721e-01  8.514405e-01 -4.350575e-01
    outer loop
      vertex  1.185803e+05  5.112886e+03  6.067847e+03
      vertex  1.178692e+05  5.344392e+03  6.042175e+03
      vertex  1.181132e+05  5.389759e+03  6.295245e+03
    endloop
  endfacet
  facet normal  2.720576e-01  8.691844e-01 -4.129204e-01
    outer loop
      vertex  1.174744e+05  5.587716e+03  6.272083e+03
      vertex  1.171618e+05  5.564132e+03  6.016504e+03
      vertex  1.168387e+05  5.775675e+03  6.248920e+03
    endloop
  endfacet
  facet normal  2.734271e-01  8.695146e-01 -4.113172e-01
    outer loop
      vertex  1.171618e+05  5.564132e+03  6.016504e+03
      vertex  1.165755e+05  5.738389e+03  5.995112e+03
      vertex  1.168387e+05  5.775675e+03  6.248920e+03
    endloop
  endfacet
  facet normal  2.619897e-01  8.779551e-01 -4.006949e-01
    outer loop
      vertex  1.162064e+05  5.953801e+03  6.225758e+03
      vertex  1.168387e+05  5.775675e+03  6.248920e+03
      vertex  1.165755e+05  5.738389e+03  5.995112e+03
    endloop
  endfacet
  facet normal  2.651023e-01  8.788868e-01 -3.965838e-01
    outer loop
      vertex  1.165755e+05  5.738389e+03  5.995112e+03
      vertex  1.159921e+05  5.904704e+03  5.973719e+03
      vertex  1.162064e+05  5.953801e+03  6.225758e+03
    endloop
  endfacet
  facet normal  2.567031e-01  8.887377e-01 -3.798010e-01
    outer loop
      vertex  1.159921e+05  5.904704e+03  5.973719e+03
      vertex  1.154118e+05  6.063184e+03  5.952326e+03
      vertex  1.155775e+05  6.122264e+03  6.202596e+03
    endloop
  endfacet
  facet normal  2.416742e-01  8.963655e-01 -3.716486e-01
    outer loop
      vertex  1.149523e+05  6.281235e+03  6.179434e+03
      vertex  1.155775e+05  6.122264e+03  6.202596e+03
      vertex  1.154118e+05  6.063184e+03  5.952326e+03
    endloop
  endfacet
  facet normal  2.481804e-01  8.989494e-01 -3.609658e-01
    outer loop
      vertex  1.154118e+05  6.063184e+03  5.952326e+03
      vertex  1.148346e+05  6.213937e+03  5.930934e+03
      vertex  1.149523e+05  6.281235e+03  6.179434e+03
    endloop
  endfacet
  facet normal  2.340871e-01  9.047459e-01 -3.558624e-01
    outer loop
      vertex  1.146364e+05  6.358337e+03  6.167679e+03
      vertex  1.149523e+05  6.281235e+03  6.179434e+03
      vertex  1.148346e+05  6.213937e+03  5.930934e+03
    endloop
  endfacet
  facet normal  2.235662e-01  9.144894e-01 -3.372348e-01
    outer loop
      vertex  1.142607e+05  6.357071e+03  5.909541e+03
      vertex  1.140169e+05  6.503328e+03  6.144517e+03
      vertex  1.143215e+05  6.433061e+03  6.155925e+03
    endloop
  endfacet
  facet normal  3.131473e-01  8.375640e-01 -4.476891e-01
    outer loop
      vertex  1.199800e+05  4.730704e+03  6.313000e+03
      vertex  1.199800e+05  4.613189e+03  6.093146e+03
      vertex  1.192951e+05  4.869442e+03  6.093518e+03
    endloop
  endfacet
  facet normal  3.132731e-01  8.371753e-01 -4.483275e-01
    outer loop
      vertex  1.199800e+05  4.730704e+03  6.313000e+03
      vertex  1.192951e+05  4.869442e+03  6.093518e+03
      vertex  1.193995e+05  4.963213e+03  6.341569e+03
    endloop
  endfacet
  facet normal  3.077986e-01  8.263643e-01 -4.715740e-01
    outer loop
      vertex  1.199800e+05  4.730704e+03  6.313000e+03
      vertex  1.193995e+05  4.963213e+03  6.341569e+03
      vertex  1.199800e+05  4.819097e+03  6.467895e+03
    endloop
  endfacet
  facet normal  2.114236e-01  7.505748e-01 -6.260492e-01
    outer loop
      vertex  1.195351e+05  6.672174e+03  8.730411e+03
      vertex  1.199800e+05  6.622106e+03  8.820637e+03
      vertex  1.199707e+05  6.553668e+03  8.735446e+03
    endloop
  endfacet
  facet normal  2.124191e-01  7.544469e-01 -6.210378e-01
    outer loop
      vertex  1.195351e+05  6.672174e+03  8.730411e+03
      vertex  1.199707e+05  6.553668e+03  8.735446e+03
      vertex  1.196790e+05  6.474581e+03  8.539601e+03
    endloop
  endfacet
  facet normal  2.140892e-01  7.547515e-01 -6.200935e-01
    outer loop
      vertex  1.195351e+05  6.672174e+03  8.730411e+03
      vertex  1.196790e+05  6.474581e+03  8.539601e+03
      vertex  1.193311e+05  6.569021e+03  8.534432e+03
    endloop
  endfacet
  facet normal  2.018005e-01  7.643809e-01 -6.123712e-01
    outer loop
      vertex  1.195351e+05  6.672174e+03  8.730411e+03
      vertex  1.193311e+05  6.569021e+03  8.534432e+03
      vertex  1.191000e+05  6.783000e+03  8.725377e+03
    endloop
  endfacet
  facet normal  2.017612e-01  7.642167e-01 -6.125889e-01
    outer loop
      vertex  1.195351e+05  6.672174e+03  8.730411e+03
      vertex  1.191000e+05  6.783000e+03  8.725377e+03
      vertex  1.195029e+05  6.836115e+03  8.924334e+03
    endloop
  endfacet
  facet normal  2.054641e-01  7.639219e-01 -6.117253e-01
    outer loop
      vertex  1.195351e+05  6.672174e+03  8.730411e+03
      vertex  1.195029e+05  6.836115e+03  8.924334e+03
      vertex  1.199701e+05  6.713601e+03  8.928243e+03
    endloop
  endfacet
  facet normal  2.109734e-01  7.542189e-01 -6.218070e-01
    outer loop
      vertex  1.195351e+05  6.672174e+03  8.730411e+03
      vertex  1.199701e+05  6.713601e+03  8.928243e+03
      vertex  1.199800e+05  6.622106e+03  8.820637e+03
    endloop
  endfacet
  facet normal  2.899219e-01  8.142101e-01 -5.029984e-01
    outer loop
      vertex  1.194323e+05  5.090663e+03  6.583035e+03
      vertex  1.187869e+05  5.306258e+03  6.560063e+03
      vertex  1.191408e+05  5.333965e+03  6.808864e+03
    endloop
  endfacet
  facet normal  2.883053e-01  8.137797e-01 -5.046214e-01
    outer loop
      vertex  1.194323e+05  5.090663e+03  6.583035e+03
      vertex  1.191408e+05  5.333965e+03  6.808864e+03
      vertex  1.194633e+05  5.226679e+03  6.820089e+03
    endloop
  endfacet
  facet normal  2.944756e-01  8.117792e-01 -5.042802e-01
    outer loop
      vertex  1.194323e+05  5.090663e+03  6.583035e+03
      vertex  1.194633e+05  5.226679e+03  6.820089e+03
      vertex  1.197881e+05  5.115866e+03  6.831375e+03
    endloop
  endfacet
  facet normal  3.009041e-01  8.041042e-01 -5.127115e-01
    outer loop
      vertex  1.194323e+05  5.090663e+03  6.583035e+03
      vertex  1.197881e+05  5.115866e+03  6.831375e+03
      vertex  1.199800e+05  5.011666e+03  6.780595e+03
    endloop
  endfacet
  facet normal  2.999128e-01  8.069341e-01 -5.088316e-01
    outer loop
      vertex  1.194323e+05  5.090663e+03  6.583035e+03
      vertex  1.199800e+05  5.011666e+03  6.780595e+03
      vertex  1.199800e+05  4.910958e+03  6.620887e+03
    endloop
  endfacet
  facet normal  3.020569e-01  8.172830e-01 -4.907241e-01
    outer loop
      vertex  1.194323e+05  5.090663e+03  6.583035e+03
      vertex  1.199800e+05  4.910958e+03  6.620887e+03
      vertex  1.199800e+05  4.819097e+03  6.467895e+03
    endloop
  endfacet
  facet normal  3.081302e-01  8.234628e-01 -4.764082e-01
    outer loop
      vertex  1.194323e+05  5.090663e+03  6.583035e+03
      vertex  1.199800e+05  4.819097e+03  6.467895e+03
      vertex  1.193995e+05  4.963213e+03  6.341569e+03
    endloop
  endfacet
  facet normal  1.884259e-01  8.131287e-01 -5.507426e-01
    outer loop
      vertex  1.196144e+05  7.338051e+03  9.650000e+03
      vertex  1.199800e+05  7.253325e+03  9.650000e+03
      vertex  1.195824e+05  7.212967e+03  9.454373e+03
    endloop
  endfacet
  facet normal  1.929954e-01  8.066117e-01 -5.586863e-01
    outer loop
      vertex  1.195824e+05  7.212967e+03  9.454373e+03
      vertex  1.199800e+05  7.253325e+03  9.650000e+03
      vertex  1.199800e+05  7.135290e+03  9.479585e+03
    endloop
  endfacet
  facet normal  1.920136e-01  7.971008e-01 -5.725043e-01
    outer loop
      vertex  1.195824e+05  7.212967e+03  9.454373e+03
      vertex  1.199800e+05  7.135290e+03  9.479585e+03
      vertex  1.195544e+05  7.083341e+03  9.264529e+03
    endloop
  endfacet
  facet normal  1.960374e-01  7.913520e-01 -5.790780e-01
    outer loop
      vertex  1.195544e+05  7.083341e+03  9.264529e+03
      vertex  1.199800e+05  7.135290e+03  9.479585e+03
      vertex  1.199800e+05  7.013471e+03  9.313111e+03
    endloop
  endfacet
  facet normal  1.959613e-01  7.836842e-01 -5.894389e-01
    outer loop
      vertex  1.195544e+05  7.083341e+03  9.264529e+03
      vertex  1.199800e+05  7.013471e+03  9.313111e+03
      vertex  1.195287e+05  6.960849e+03  9.093102e+03
    endloop
  endfacet
  facet normal  2.004616e-01  7.767778e-01 -5.970188e-01
    outer loop
      vertex  1.195287e+05  6.960849e+03  9.093102e+03
      vertex  1.199800e+05  7.013471e+03  9.313111e+03
      vertex  1.199800e+05  6.871849e+03  9.128848e+03
    endloop
  endfacet
  facet normal  1.993131e-01  7.645407e-01 -6.129860e-01
    outer loop
      vertex  1.195287e+05  6.960849e+03  9.093102e+03
      vertex  1.199800e+05  6.871849e+03  9.128848e+03
      vertex  1.199701e+05  6.713601e+03  8.928243e+03
    endloop
  endfacet
  facet normal  1.908797e-01  7.660630e-01 -6.137691e-01
    outer loop
      vertex  1.199701e+05  6.713601e+03  8.928243e+03
      vertex  1.199800e+05  6.871849e+03  9.128848e+03
      vertex  1.199800e+05  6.726816e+03  8.947828e+03
    endloop
  endfacet
  facet normal  2.203616e-01  7.530591e-01 -6.199538e-01
    outer loop
      vertex  1.199701e+05  6.713601e+03  8.928243e+03
      vertex  1.199800e+05  6.726816e+03  8.947828e+03
      vertex  1.199800e+05  6.622106e+03  8.820637e+03
    endloop
  endfacet
  facet normal  6.279635e-02  9.184567e-01 -3.905046e-01
    outer loop
      vertex  1.144347e+05  7.626618e+03  8.881329e+03
      vertex  1.139725e+05  7.609476e+03  8.766690e+03
      vertex  1.144537e+05  7.702650e+03  9.063213e+03
    endloop
  endfacet
  facet normal  4.727291e-02  9.284441e-01 -3.684520e-01
    outer loop
      vertex  1.144537e+05  7.702650e+03  9.063213e+03
      vertex  1.139725e+05  7.609476e+03  8.766690e+03
      vertex  1.139944e+05  7.694844e+03  8.984611e+03
    endloop
  endfacet
  facet normal  4.884160e-02  9.248189e-01 -3.772590e-01
    outer loop
      vertex  1.144537e+05  7.702650e+03  9.063213e+03
      vertex  1.139944e+05  7.694844e+03  8.984611e+03
      vertex  1.144727e+05  7.776374e+03  9.246405e+03
    endloop
  endfacet
  facet normal  3.570924e-02  9.337826e-01 -3.560546e-01
    outer loop
      vertex  1.144727e+05  7.776374e+03  9.246405e+03
      vertex  1.139944e+05  7.694844e+03  8.984611e+03
      vertex  1.140108e+05  7.756887e+03  9.148969e+03
    endloop
  endfacet
  facet normal  3.293266e-02  9.384560e-01 -3.438251e-01
    outer loop
      vertex  1.144727e+05  7.776374e+03  9.246405e+03
      vertex  1.140108e+05  7.756887e+03  9.148969e+03
      vertex  1.140272e+05  7.816935e+03  9.314438e+03
    endloop
  endfacet
  facet normal  1.079840e-01  9.029858e-01 -4.158800e-01
    outer loop
      vertex  1.143595e+05  7.310604e+03  8.166747e+03
      vertex  1.139070e+05  7.341226e+03  8.115741e+03
      vertex  1.143603e+05  7.445327e+03  8.459486e+03
    endloop
  endfacet
  facet normal  8.639708e-02  9.161564e-01 -3.913987e-01
    outer loop
      vertex  1.143603e+05  7.445327e+03  8.459486e+03
      vertex  1.139070e+05  7.341226e+03  8.115741e+03
      vertex  1.139361e+05  7.462077e+03  8.405049e+03
    endloop
  endfacet
  facet normal  8.834506e-02  9.082414e-01 -4.090143e-01
    outer loop
      vertex  1.143603e+05  7.445327e+03  8.459486e+03
      vertex  1.139361e+05  7.462077e+03  8.405049e+03
      vertex  1.143824e+05  7.537975e+03  8.669991e+03
    endloop
  endfacet
  facet normal  7.300279e-02  9.194469e-01 -3.863780e-01
    outer loop
      vertex  1.143824e+05  7.537975e+03  8.669991e+03
      vertex  1.139361e+05  7.462077e+03  8.405049e+03
      vertex  1.139507e+05  7.521664e+03  8.549597e+03
    endloop
  endfacet
  facet normal  7.116947e-02  9.221734e-01 -3.801725e-01
    outer loop
      vertex  1.143824e+05  7.537975e+03  8.669991e+03
      vertex  1.139507e+05  7.521664e+03  8.549597e+03
      vertex  1.139725e+05  7.609476e+03  8.766690e+03
    endloop
  endfacet
  facet normal  2.203160e-01  7.423994e-01 -6.326959e-01
    outer loop
      vertex  1.199800e+05  6.409825e+03  8.568425e+03
      vertex  1.199800e+05  6.116491e+03  8.224229e+03
      vertex  1.196790e+05  6.474581e+03  8.539601e+03
    endloop
  endfacet
  facet normal  2.464813e-01  7.489142e-01 -6.151215e-01
    outer loop
      vertex  1.196790e+05  6.474581e+03  8.539601e+03
      vertex  1.199800e+05  6.116491e+03  8.224229e+03
      vertex  1.198667e+05  6.195494e+03  8.275002e+03
    endloop
  endfacet
  facet normal  2.309074e-01  7.466843e-01 -6.238143e-01
    outer loop
      vertex  1.196790e+05  6.474581e+03  8.539601e+03
      vertex  1.198667e+05  6.195494e+03  8.275002e+03
      vertex  1.196336e+05  6.263802e+03  8.270487e+03
    endloop
  endfacet
  facet normal  2.761450e-01  7.714429e-01 -5.732537e-01
    outer loop
      vertex  1.199800e+05  5.333101e+03  7.246824e+03
      vertex  1.195822e+05  5.464716e+03  7.232314e+03
      vertex  1.199800e+05  5.432345e+03  7.380380e+03
    endloop
  endfacet
  facet normal  2.752343e-01  7.739904e-01 -5.702500e-01
    outer loop
      vertex  1.199800e+05  5.432345e+03  7.380380e+03
      vertex  1.195822e+05  5.464716e+03  7.232314e+03
      vertex  1.196606e+05  5.585027e+03  7.433438e+03
    endloop
  endfacet
  facet normal  2.684922e-01  7.651016e-01 -5.852619e-01
    outer loop
      vertex  1.199800e+05  5.432345e+03  7.380380e+03
      vertex  1.196606e+05  5.585027e+03  7.433438e+03
      vertex  1.199800e+05  5.533365e+03  7.512442e+03
    endloop
  endfacet
  facet normal  2.684138e-01  7.656406e-01 -5.845925e-01
    outer loop
      vertex  1.199800e+05  5.533365e+03  7.512442e+03
      vertex  1.196606e+05  5.585027e+03  7.433438e+03
      vertex  1.196825e+05  5.689861e+03  7.580801e+03
    endloop
  endfacet
  facet normal  2.598114e-01  7.562366e-01 -6.005035e-01
    outer loop
      vertex  1.199800e+05  5.533365e+03  7.512442e+03
      vertex  1.196825e+05  5.689861e+03  7.580801e+03
      vertex  1.199800e+05  5.739856e+03  7.772483e+03
    endloop
  endfacet
  facet normal  2.561792e-01  7.609487e-01 -5.960950e-01
    outer loop
      vertex  1.199800e+05  5.739856e+03  7.772483e+03
      vertex  1.196825e+05  5.689861e+03  7.580801e+03
      vertex  1.197044e+05  5.796474e+03  7.726320e+03
    endloop
  endfacet
  facet normal  2.562238e-01  7.473714e-01 -6.130133e-01
    outer loop
      vertex  1.199800e+05  5.739856e+03  7.772483e+03
      vertex  1.197044e+05  5.796474e+03  7.726320e+03
      vertex  1.199800e+05  5.864383e+03  7.924304e+03
    endloop
  endfacet
  facet normal  2.504332e-01  7.540224e-01 -6.072342e-01
    outer loop
      vertex  1.199800e+05  5.864383e+03  7.924304e+03
      vertex  1.197044e+05  5.796474e+03  7.726320e+03
      vertex  1.197743e+05  5.922769e+03  7.911984e+03
    endloop
  endfacet
  facet normal  2.478735e-01  7.416018e-01 -6.233662e-01
    outer loop
      vertex  1.199800e+05  5.864383e+03  7.924304e+03
      vertex  1.197743e+05  5.922769e+03  7.911984e+03
      vertex  1.199800e+05  6.116491e+03  8.224229e+03
    endloop
  endfacet
  facet normal  2.308538e-01  7.513515e-01 -6.182050e-01
    outer loop
      vertex  1.199800e+05  6.116491e+03  8.224229e+03
      vertex  1.197743e+05  5.922769e+03  7.911984e+03
      vertex  1.198026e+05  6.063930e+03  8.094095e+03
    endloop
  endfacet
  facet normal  2.382015e-01  7.433890e-01 -6.250065e-01
    outer loop
      vertex  1.199800e+05  6.116491e+03  8.224229e+03
      vertex  1.198026e+05  6.063930e+03  8.094095e+03
      vertex  1.198667e+05  6.195494e+03  8.275002e+03
    endloop
  endfacet
  facet normal  1.314366e-01  9.095783e-01 -3.941975e-01
    outer loop
      vertex  1.138633e+05  7.158455e+03  7.679457e+03
      vertex  1.139070e+05  7.341226e+03  8.115741e+03
      vertex  1.142564e+05  7.141872e+03  7.772246e+03
    endloop
  endfacet
  facet normal  1.103536e-01  9.042310e-01 -4.125389e-01
    outer loop
      vertex  1.142564e+05  7.141872e+03  7.772246e+03
      vertex  1.139070e+05  7.341226e+03  8.115741e+03
      vertex  1.143130e+05  7.225227e+03  7.970108e+03
    endloop
  endfacet
  facet normal  1.397016e-01  8.975754e-01 -4.181409e-01
    outer loop
      vertex  1.142564e+05  7.141872e+03  7.772246e+03
      vertex  1.143130e+05  7.225227e+03  7.970108e+03
      vertex  1.146427e+05  7.086398e+03  7.782227e+03
    endloop
  endfacet
  facet normal  1.716633e-01  9.012754e-01 -3.977867e-01
    outer loop
      vertex  1.142850e+05  6.813625e+03  7.057930e+03
      vertex  1.138051e+05  6.919071e+03  7.089773e+03
      vertex  1.141668e+05  6.926353e+03  7.262336e+03
    endloop
  endfacet
  facet normal  1.622951e-01  9.112310e-01 -3.785739e-01
    outer loop
      vertex  1.141668e+05  6.926353e+03  7.262336e+03
      vertex  1.138051e+05  6.919071e+03  7.089773e+03
      vertex  1.138245e+05  6.997787e+03  7.287557e+03
    endloop
  endfacet
  facet normal  1.586668e-01  9.019721e-01 -4.015859e-01
    outer loop
      vertex  1.141668e+05  6.926353e+03  7.262336e+03
      vertex  1.138245e+05  6.997787e+03  7.287557e+03
      vertex  1.142260e+05  6.985883e+03  7.419443e+03
    endloop
  endfacet
  facet normal  1.535159e-01  9.099818e-01 -3.851830e-01
    outer loop
      vertex  1.142260e+05  6.985883e+03  7.419443e+03
      vertex  1.138245e+05  6.997787e+03  7.287557e+03
      vertex  1.138439e+05  7.077701e+03  7.484079e+03
    endloop
  endfacet
  facet normal  1.475169e-01  9.010226e-01 -4.079180e-01
    outer loop
      vertex  1.142260e+05  6.985883e+03  7.419443e+03
      vertex  1.138439e+05  7.077701e+03  7.484079e+03
      vertex  1.142978e+05  7.044977e+03  7.575931e+03
    endloop
  endfacet
  facet normal  1.445278e-01  9.093195e-01 -3.901920e-01
    outer loop
      vertex  1.142978e+05  7.044977e+03  7.575931e+03
      vertex  1.138439e+05  7.077701e+03  7.484079e+03
      vertex  1.138633e+05  7.158455e+03  7.679457e+03
    endloop
  endfacet
  facet normal  1.359838e-01  8.994802e-01 -4.152636e-01
    outer loop
      vertex  1.142978e+05  7.044977e+03  7.575931e+03
      vertex  1.138633e+05  7.158455e+03  7.679457e+03
      vertex  1.142564e+05  7.141872e+03  7.772246e+03
    endloop
  endfacet
  facet normal  2.785365e-01  7.801077e-01 -5.602225e-01
    outer loop
      vertex  1.199800e+05  5.333101e+03  7.246824e+03
      vertex  1.199800e+05  5.223014e+03  7.093529e+03
      vertex  1.195822e+05  5.464716e+03  7.232314e+03
    endloop
  endfacet
  facet normal  2.850873e-01  7.850108e-01 -5.499848e-01
    outer loop
      vertex  1.195822e+05  5.464716e+03  7.232314e+03
      vertex  1.199800e+05  5.223014e+03  7.093529e+03
      vertex  1.195530e+05  5.332925e+03  7.029087e+03
    endloop
  endfacet
  facet normal  2.701910e-01  7.896534e-01 -5.508578e-01
    outer loop
      vertex  1.195822e+05  5.464716e+03  7.232314e+03
      vertex  1.195530e+05  5.332925e+03  7.029087e+03
      vertex  1.189933e+05  5.652897e+03  7.213241e+03
    endloop
  endfacet
  facet normal  2.769706e-01  7.950450e-01 -5.396208e-01
    outer loop
      vertex  1.189933e+05  5.652897e+03  7.213241e+03
      vertex  1.195530e+05  5.332925e+03  7.029087e+03
      vertex  1.189648e+05  5.524368e+03  7.009213e+03
    endloop
  endfacet
  facet normal  2.598159e-01  8.002313e-01 -5.404865e-01
    outer loop
      vertex  1.189933e+05  5.652897e+03  7.213241e+03
      vertex  1.189648e+05  5.524368e+03  7.009213e+03
      vertex  1.184064e+05  5.830587e+03  7.194167e+03
    endloop
  endfacet
  facet normal  2.673693e-01  8.062690e-01 -5.276779e-01
    outer loop
      vertex  1.184064e+05  5.830587e+03  7.194167e+03
      vertex  1.189648e+05  5.524368e+03  7.009213e+03
      vertex  1.183785e+05  5.705776e+03  6.989338e+03
    endloop
  endfacet
  facet normal  2.525366e-01  8.106238e-01 -5.283129e-01
    outer loop
      vertex  1.184064e+05  5.830587e+03  7.194167e+03
      vertex  1.183785e+05  5.705776e+03  6.989338e+03
      vertex  1.181134e+05  5.915647e+03  7.184621e+03
    endloop
  endfacet
  facet normal  2.563064e-01  8.118839e-01 -5.245489e-01
    outer loop
      vertex  1.181134e+05  5.915647e+03  7.184621e+03
      vertex  1.183785e+05  5.705776e+03  6.989338e+03
      vertex  1.177944e+05  5.877333e+03  6.969464e+03
    endloop
  endfacet
  facet normal  2.483584e-01  8.208250e-01 -5.143582e-01
    outer loop
      vertex  1.181134e+05  5.915647e+03  7.184621e+03
      vertex  1.177944e+05  5.877333e+03  6.969464e+03
      vertex  1.178209e+05  5.998155e+03  7.175075e+03
    endloop
  endfacet
  facet normal  1.761659e-01  9.128615e-01 -3.683062e-01
    outer loop
      vertex  1.138051e+05  6.919071e+03  7.089773e+03
      vertex  1.142850e+05  6.813625e+03  7.057930e+03
      vertex  1.137761e+05  6.803963e+03  6.790565e+03
    endloop
  endfacet
  facet normal  1.879596e-01  9.012819e-01 -3.903360e-01
    outer loop
      vertex  1.137761e+05  6.803963e+03  6.790565e+03
      vertex  1.142850e+05  6.813625e+03  7.057930e+03
      vertex  1.142030e+05  6.738610e+03  6.845251e+03
    endloop
  endfacet
  facet normal  1.857555e-01  9.160308e-01 -3.555030e-01
    outer loop
      vertex  1.137761e+05  6.803963e+03  6.790565e+03
      vertex  1.142030e+05  6.738610e+03  6.845251e+03
      vertex  1.137543e+05  6.720497e+03  6.564103e+03
    endloop
  endfacet
  facet normal  1.999853e-01  9.041771e-01 -3.774515e-01
    outer loop
      vertex  1.137543e+05  6.720497e+03  6.564103e+03
      vertex  1.142030e+05  6.738610e+03  6.845251e+03
      vertex  1.142758e+05  6.635278e+03  6.636307e+03
    endloop
  endfacet
  facet normal  1.991031e-01  9.095952e-01 -3.646842e-01
    outer loop
      vertex  1.137543e+05  6.720497e+03  6.564103e+03
      vertex  1.142758e+05  6.635278e+03  6.636307e+03
      vertex  1.142001e+05  6.554521e+03  6.393514e+03
    endloop
  endfacet
  facet normal  2.140889e-01  9.262215e-01 -3.102897e-01
    outer loop
      vertex  1.136998e+05  6.525012e+03  5.990422e+03
      vertex  1.140169e+05  6.503328e+03  6.144517e+03
      vertex  1.136834e+05  6.470488e+03  5.816390e+03
    endloop
  endfacet
  facet normal  2.328122e-01  9.154540e-01 -3.282414e-01
    outer loop
      vertex  1.136834e+05  6.470488e+03  5.816390e+03
      vertex  1.140169e+05  6.503328e+03  6.144517e+03
      vertex  1.142607e+05  6.357071e+03  5.909541e+03
    endloop
  endfacet
  facet normal  2.314281e-01  9.212653e-01 -3.125880e-01
    outer loop
      vertex  1.136834e+05  6.470488e+03  5.816390e+03
      vertex  1.142607e+05  6.357071e+03  5.909541e+03
      vertex  1.140511e+05  6.323662e+03  5.655854e+03
    endloop
  endfacet
  facet normal  3.099627e-01  8.554341e-01 -4.149167e-01
    outer loop
      vertex  1.191730e+05  4.791365e+03  5.841335e+03
      vertex  1.187713e+05  4.930028e+03  5.827067e+03
      vertex  1.192951e+05  4.869442e+03  6.093518e+03
    endloop
  endfacet
  facet normal  3.073311e-01  8.592880e-01 -4.088664e-01
    outer loop
      vertex  1.192951e+05  4.869442e+03  6.093518e+03
      vertex  1.187713e+05  4.930028e+03  5.827067e+03
      vertex  1.185803e+05  5.112886e+03  6.067847e+03
    endloop
  endfacet
  facet normal  3.032531e-01  8.437243e-01 -4.429074e-01
    outer loop
      vertex  1.192951e+05  4.869442e+03  6.093518e+03
      vertex  1.185803e+05  5.112886e+03  6.067847e+03
      vertex  1.187550e+05  5.181643e+03  6.318407e+03
    endloop
  endfacet
  facet normal  2.961633e-01  8.648410e-01 -4.053851e-01
    outer loop
      vertex  1.185803e+05  5.112886e+03  6.067847e+03
      vertex  1.183706e+05  5.065140e+03  5.812800e+03
      vertex  1.178692e+05  5.344392e+03  6.042175e+03
    endloop
  endfacet
  facet normal  2.996904e-01  8.663554e-01 -3.995172e-01
    outer loop
      vertex  1.178692e+05  5.344392e+03  6.042175e+03
      vertex  1.183706e+05  5.065140e+03  5.812800e+03
      vertex  1.179712e+05  5.196723e+03  5.798532e+03
    endloop
  endfacet
  facet normal  2.874686e-01  8.677297e-01 -4.054711e-01
    outer loop
      vertex  1.178692e+05  5.344392e+03  6.042175e+03
      vertex  1.179712e+05  5.196723e+03  5.798532e+03
      vertex  1.175150e+05  5.455722e+03  6.029340e+03
    endloop
  endfacet
  facet normal  2.941003e-01  8.702480e-01 -3.951880e-01
    outer loop
      vertex  1.175150e+05  5.455722e+03  6.029340e+03
      vertex  1.179712e+05  5.196723e+03  5.798532e+03
      vertex  1.175731e+05  5.324801e+03  5.784264e+03
    endloop
  endfacet
  facet normal  2.822874e-01  8.723639e-01 -3.991182e-01
    outer loop
      vertex  1.175150e+05  5.455722e+03  6.029340e+03
      vertex  1.175731e+05  5.324801e+03  5.784264e+03
      vertex  1.171618e+05  5.564132e+03  6.016504e+03
    endloop
  endfacet
  facet normal  2.885218e-01  8.743773e-01 -3.901530e-01
    outer loop
      vertex  1.171618e+05  5.564132e+03  6.016504e+03
      vertex  1.175731e+05  5.324801e+03  5.784264e+03
      vertex  1.171762e+05  5.449396e+03  5.769997e+03
    endloop
  endfacet
  facet normal  2.751565e-01  8.776490e-01 -3.924552e-01
    outer loop
      vertex  1.171618e+05  5.564132e+03  6.016504e+03
      vertex  1.171762e+05  5.449396e+03  5.769997e+03
      vertex  1.165755e+05  5.738389e+03  5.995112e+03
    endloop
  endfacet
  facet normal  2.837419e-01  8.823090e-01 -3.755280e-01
    outer loop
      vertex  1.165755e+05  5.738389e+03  5.995112e+03
      vertex  1.171762e+05  5.449396e+03  5.769997e+03
      vertex  1.167806e+05  5.570532e+03  5.755729e+03
    endloop
  endfacet
  facet normal  2.771437e-01  8.820576e-01 -3.810061e-01
    outer loop
      vertex  1.165755e+05  5.738389e+03  5.995112e+03
      vertex  1.167806e+05  5.570532e+03  5.755729e+03
      vertex  1.163864e+05  5.688233e+03  5.741461e+03
    endloop
  endfacet
  facet normal  2.668847e-01  8.879756e-01 -3.745289e-01
    outer loop
      vertex  1.165755e+05  5.738389e+03  5.995112e+03
      vertex  1.163864e+05  5.688233e+03  5.741461e+03
      vertex  1.159921e+05  5.904704e+03  5.973719e+03
    endloop
  endfacet
  facet normal  2.721141e-01  8.895008e-01 -3.670724e-01
    outer loop
      vertex  1.159921e+05  5.904704e+03  5.973719e+03
      vertex  1.163864e+05  5.688233e+03  5.741461e+03
      vertex  1.159936e+05  5.802523e+03  5.727193e+03
    endloop
  endfacet
  facet normal  2.575054e-01  8.931764e-01 -3.686825e-01
    outer loop
      vertex  1.159921e+05  5.904704e+03  5.973719e+03
      vertex  1.159936e+05  5.802523e+03  5.727193e+03
      vertex  1.154118e+05  6.063184e+03  5.952326e+03
    endloop
  endfacet
  facet normal  2.671902e-01  8.980910e-01 -3.493452e-01
    outer loop
      vertex  1.154118e+05  6.063184e+03  5.952326e+03
      vertex  1.159936e+05  5.802523e+03  5.727193e+03
      vertex  1.156021e+05  5.913427e+03  5.712925e+03
    endloop
  endfacet
  facet normal  2.605945e-01  8.979969e-01 -3.545309e-01
    outer loop
      vertex  1.154118e+05  6.063184e+03  5.952326e+03
      vertex  1.156021e+05  5.913427e+03  5.712925e+03
      vertex  1.152122e+05  6.020968e+03  5.698658e+03
    endloop
  endfacet
  facet normal  2.490620e-01  9.043751e-01 -3.465166e-01
    outer loop
      vertex  1.154118e+05  6.063184e+03  5.952326e+03
      vertex  1.152122e+05  6.020968e+03  5.698658e+03
      vertex  1.148346e+05  6.213937e+03  5.930934e+03
    endloop
  endfacet
  facet normal  2.553812e-01  9.059889e-01 -3.375863e-01
    outer loop
      vertex  1.148346e+05  6.213937e+03  5.930934e+03
      vertex  1.152122e+05  6.020968e+03  5.698658e+03
      vertex  1.148236e+05  6.125171e+03  5.684390e+03
    endloop
  endfacet
  facet normal  2.395713e-01  9.100202e-01 -3.383323e-01
    outer loop
      vertex  1.148346e+05  6.213937e+03  5.930934e+03
      vertex  1.148236e+05  6.125171e+03  5.684390e+03
      vertex  1.142607e+05  6.357071e+03  5.909541e+03
    endloop
  endfacet
  facet normal  2.501656e-01  9.148871e-01 -3.168576e-01
    outer loop
      vertex  1.142607e+05  6.357071e+03  5.909541e+03
      vertex  1.148236e+05  6.125171e+03  5.684390e+03
      vertex  1.144366e+05  6.226061e+03  5.670122e+03
    endloop
  endfacet
  facet normal  2.435388e-01  9.149618e-01 -3.217665e-01
    outer loop
      vertex  1.142607e+05  6.357071e+03  5.909541e+03
      vertex  1.144366e+05  6.226061e+03  5.670122e+03
      vertex  1.140511e+05  6.323662e+03  5.655854e+03
    endloop
  endfacet
  facet normal  1.754303e-01  8.161586e-01 -5.505536e-01
    outer loop
      vertex  1.196144e+05  7.338051e+03  9.650000e+03
      vertex  1.195824e+05  7.212967e+03  9.454373e+03
      vertex  1.192482e+05  7.416760e+03  9.650000e+03
    endloop
  endfacet
  facet normal  1.813900e-01  8.194063e-01 -5.437565e-01
    outer loop
      vertex  1.192482e+05  7.416760e+03  9.650000e+03
      vertex  1.195824e+05  7.212967e+03  9.454373e+03
      vertex  1.191144e+05  7.316100e+03  9.453687e+03
    endloop
  endfacet
  facet normal  1.641907e-01  8.278579e-01 -5.363700e-01
    outer loop
      vertex  1.192482e+05  7.416760e+03  9.650000e+03
      vertex  1.191144e+05  7.316100e+03  9.453687e+03
      vertex  1.188773e+05  7.490330e+03  9.650000e+03
    endloop
  endfacet
  facet normal  1.384921e-01  8.580216e-01 -4.945895e-01
    outer loop
      vertex  1.177149e+05  7.568315e+03  9.451627e+03
      vertex  1.177523e+05  7.676619e+03  9.650000e+03
      vertex  1.181805e+05  7.493552e+03  9.452313e+03
    endloop
  endfacet
  facet normal  1.270592e-01  8.497313e-01 -5.116764e-01
    outer loop
      vertex  1.181805e+05  7.493552e+03  9.452313e+03
      vertex  1.177523e+05  7.676619e+03  9.650000e+03
      vertex  1.181292e+05  7.620263e+03  9.650000e+03
    endloop
  endfacet
  facet normal  1.407334e-01  8.497131e-01 -5.081159e-01
    outer loop
      vertex  1.181805e+05  7.493552e+03  9.452313e+03
      vertex  1.181292e+05  7.620263e+03  9.650000e+03
      vertex  1.185059e+05  7.557871e+03  9.650000e+03
    endloop
  endfacet
  facet normal  5.118268e-02  9.079724e-01 -4.158925e-01
    outer loop
      vertex  1.158103e+05  7.874912e+03  9.650000e+03
      vertex  1.158645e+05  7.779736e+03  9.448882e+03
      vertex  1.154138e+05  7.897265e+03  9.650000e+03
    endloop
  endfacet
  facet normal  6.495361e-02  9.181142e-01 -3.909570e-01
    outer loop
      vertex  1.154138e+05  7.897265e+03  9.650000e+03
      vertex  1.158645e+05  7.779736e+03  9.448882e+03
      vertex  1.154057e+05  7.811906e+03  9.448195e+03
    endloop
  endfacet
  facet normal  3.807972e-02  9.197810e-01 -3.905801e-01
    outer loop
      vertex  1.154138e+05  7.897265e+03  9.650000e+03
      vertex  1.154057e+05  7.811906e+03  9.448195e+03
      vertex  1.150090e+05  7.914022e+03  9.650000e+03
    endloop
  endfacet
  facet normal  5.005079e-02  9.273337e-01 -3.708735e-01
    outer loop
      vertex  1.150090e+05  7.914022e+03  9.650000e+03
      vertex  1.154057e+05  7.811906e+03  9.448195e+03
      vertex  1.149486e+05  7.836303e+03  9.447509e+03
    endloop
  endfacet
  facet normal  2.475113e-02  9.308140e-01 -3.646543e-01
    outer loop
      vertex  1.150090e+05  7.914022e+03  9.650000e+03
      vertex  1.149486e+05  7.836303e+03  9.447509e+03
      vertex  1.146049e+05  7.924768e+03  9.650000e+03
    endloop
  endfacet
  facet normal  1.772515e-01  8.004366e-01 -5.726107e-01
    outer loop
      vertex  1.195824e+05  7.212967e+03  9.454373e+03
      vertex  1.195544e+05  7.083341e+03  9.264529e+03
      vertex  1.191144e+05  7.316100e+03  9.453687e+03
    endloop
  endfacet
  facet normal  1.863317e-01  8.073072e-01 -5.599424e-01
    outer loop
      vertex  1.191144e+05  7.316100e+03  9.453687e+03
      vertex  1.195544e+05  7.083341e+03  9.264529e+03
      vertex  1.190870e+05  7.190090e+03  9.262882e+03
    endloop
  endfacet
  facet normal  1.632657e-01  8.122994e-01 -5.599232e-01
    outer loop
      vertex  1.191144e+05  7.316100e+03  9.453687e+03
      vertex  1.190870e+05  7.190090e+03  9.262882e+03
      vertex  1.186471e+05  7.409556e+03  9.453000e+03
    endloop
  endfacet
  facet normal  1.728470e-01  8.196225e-01 -5.462075e-01
    outer loop
      vertex  1.186471e+05  7.409556e+03  9.453000e+03
      vertex  1.190870e+05  7.190090e+03  9.262882e+03
      vertex  1.186202e+05  7.287431e+03  9.261233e+03
    endloop
  endfacet
  facet normal  1.492261e-01  8.244206e-01 -5.459509e-01
    outer loop
      vertex  1.186471e+05  7.409556e+03  9.453000e+03
      vertex  1.186202e+05  7.287431e+03  9.261233e+03
      vertex  1.181805e+05  7.493552e+03  9.452313e+03
    endloop
  endfacet
  facet normal  1.592858e-01  8.321653e-01 -5.311581e-01
    outer loop
      vertex  1.181805e+05  7.493552e+03  9.452313e+03
      vertex  1.186202e+05  7.287431e+03  9.261233e+03
      vertex  1.181542e+05  7.375571e+03  9.259586e+03
    endloop
  endfacet
  facet normal  1.351286e-01  8.367417e-01 -5.306634e-01
    outer loop
      vertex  1.181805e+05  7.493552e+03  9.452313e+03
      vertex  1.181542e+05  7.375571e+03  9.259586e+03
      vertex  1.177149e+05  7.568315e+03  9.451627e+03
    endloop
  endfacet
  facet normal  1.456342e-01  8.448624e-01 -5.147797e-01
    outer loop
      vertex  1.177149e+05  7.568315e+03  9.451627e+03
      vertex  1.181542e+05  7.375571e+03  9.259586e+03
      vertex  1.176892e+05  7.454725e+03  9.257938e+03
    endloop
  endfacet
  facet normal  1.209633e-01  8.491896e-01 -5.140476e-01
    outer loop
      vertex  1.177149e+05  7.568315e+03  9.451627e+03
      vertex  1.176892e+05  7.454725e+03  9.257938e+03
      vertex  1.172503e+05  7.634074e+03  9.450940e+03
    endloop
  endfacet
  facet normal  1.318982e-01  8.576452e-01 -4.970388e-01
    outer loop
      vertex  1.172503e+05  7.634074e+03  9.450940e+03
      vertex  1.176892e+05  7.454725e+03  9.257938e+03
      vertex  1.172253e+05  7.525113e+03  9.256291e+03
    endloop
  endfacet
  facet normal  1.067280e-01  8.616965e-01 -4.960729e-01
    outer loop
      vertex  1.172503e+05  7.634074e+03  9.450940e+03
      vertex  1.172253e+05  7.525113e+03  9.256291e+03
      vertex  1.167870e+05  7.691068e+03  9.450255e+03
    endloop
  endfacet
  facet normal  1.180671e-01  8.704316e-01 -4.779215e-01
    outer loop
      vertex  1.167870e+05  7.691068e+03  9.450255e+03
      vertex  1.172253e+05  7.525113e+03  9.256291e+03
      vertex  1.167627e+05  7.586964e+03  9.254644e+03
    endloop
  endfacet
  facet normal  9.242775e-02  8.741783e-01 -4.767277e-01
    outer loop
      vertex  1.167870e+05  7.691068e+03  9.450255e+03
      vertex  1.167627e+05  7.586964e+03  9.254644e+03
      vertex  1.163250e+05  7.739540e+03  9.449568e+03
    endloop
  endfacet
  facet normal  1.041471e-01  8.831303e-01 -4.574213e-01
    outer loop
      vertex  1.163250e+05  7.739540e+03  9.449568e+03
      vertex  1.167627e+05  7.586964e+03  9.254644e+03
      vertex  1.163014e+05  7.640509e+03  9.252996e+03
    endloop
  endfacet
  facet normal  7.806618e-02  8.865446e-01 -4.560089e-01
    outer loop
      vertex  1.163250e+05  7.739540e+03  9.449568e+03
      vertex  1.163014e+05  7.640509e+03  9.252996e+03
      vertex  1.158645e+05  7.779736e+03  9.448882e+03
    endloop
  endfacet
  facet normal  9.014714e-02  8.956468e-01 -4.355344e-01
    outer loop
      vertex  1.158645e+05  7.779736e+03  9.448882e+03
      vertex  1.163014e+05  7.640509e+03  9.252996e+03
      vertex  1.158416e+05  7.685982e+03  9.251349e+03
    endloop
  endfacet
  facet normal  6.365686e-02  8.987014e-01 -4.339165e-01
    outer loop
      vertex  1.158645e+05  7.779736e+03  9.448882e+03
      vertex  1.158416e+05  7.685982e+03  9.251349e+03
      vertex  1.154057e+05  7.811906e+03  9.448195e+03
    endloop
  endfacet
  facet normal  7.608251e-02  9.078802e-01 -4.122679e-01
    outer loop
      vertex  1.154057e+05  7.811906e+03  9.448195e+03
      vertex  1.158416e+05  7.685982e+03  9.251349e+03
      vertex  1.153835e+05  7.723625e+03  9.249700e+03
    endloop
  endfacet
  facet normal  4.921445e-02  9.105498e-01 -4.104593e-01
    outer loop
      vertex  1.154057e+05  7.811906e+03  9.448195e+03
      vertex  1.153835e+05  7.723625e+03  9.249700e+03
      vertex  1.149486e+05  7.836303e+03  9.447509e+03
    endloop
  endfacet
  facet normal  6.196333e-02  9.197217e-01 -3.876500e-01
    outer loop
      vertex  1.149486e+05  7.836303e+03  9.447509e+03
      vertex  1.153835e+05  7.723625e+03  9.249700e+03
      vertex  1.149272e+05  7.753674e+03  9.248053e+03
    endloop
  endfacet
  facet normal  3.476015e-02  9.219811e-01 -3.856718e-01
    outer loop
      vertex  1.149486e+05  7.836303e+03  9.447509e+03
      vertex  1.149272e+05  7.753674e+03  9.248053e+03
      vertex  1.144933e+05  7.853178e+03  9.446822e+03
    endloop
  endfacet
  facet normal  4.781730e-02  9.310606e-01 -3.617178e-01
    outer loop
      vertex  1.144933e+05  7.853178e+03  9.446822e+03
      vertex  1.149272e+05  7.753674e+03  9.248053e+03
      vertex  1.144727e+05  7.776374e+03  9.246405e+03
    endloop
  endfacet
  facet normal  2.985100e-02  9.323360e-01 -3.603590e-01
    outer loop
      vertex  1.144933e+05  7.853178e+03  9.446822e+03
      vertex  1.144727e+05  7.776374e+03  9.246405e+03
      vertex  1.140272e+05  7.816935e+03  9.314438e+03
    endloop
  endfacet
  facet normal  1.817863e-01  7.869444e-01 -5.896373e-01
    outer loop
      vertex  1.195544e+05  7.083341e+03  9.264529e+03
      vertex  1.195287e+05  6.960849e+03  9.093102e+03
      vertex  1.190870e+05  7.190090e+03  9.262882e+03
    endloop
  endfacet
  facet normal  1.906242e-01  7.943981e-01 -5.767097e-01
    outer loop
      vertex  1.190870e+05  7.190090e+03  9.262882e+03
      vertex  1.195287e+05  6.960849e+03  9.093102e+03
      vertex  1.190617e+05  7.070936e+03  9.090385e+03
    endloop
  endfacet
  facet normal  1.687058e-01  7.992449e-01 -5.768414e-01
    outer loop
      vertex  1.190870e+05  7.190090e+03  9.262882e+03
      vertex  1.190617e+05  7.070936e+03  9.090385e+03
      vertex  1.186202e+05  7.287431e+03  9.261233e+03
    endloop
  endfacet
  facet normal  1.779851e-01  8.071486e-01 -5.628788e-01
    outer loop
      vertex  1.186202e+05  7.287431e+03  9.261233e+03
      vertex  1.190617e+05  7.070936e+03  9.090385e+03
      vertex  1.185954e+05  7.171863e+03  9.087668e+03
    endloop
  endfacet
  facet normal  1.555515e-01  8.118318e-01 -5.627901e-01
    outer loop
      vertex  1.186202e+05  7.287431e+03  9.261233e+03
      vertex  1.185954e+05  7.171863e+03  9.087668e+03
      vertex  1.181542e+05  7.375571e+03  9.259586e+03
    endloop
  endfacet
  facet normal  1.652551e-01  8.201564e-01 -5.477538e-01
    outer loop
      vertex  1.181542e+05  7.375571e+03  9.259586e+03
      vertex  1.185954e+05  7.171863e+03  9.087668e+03
      vertex  1.181300e+05  7.263829e+03  9.084950e+03
    endloop
  endfacet
  facet normal  1.423101e-01  8.246543e-01 -5.474425e-01
    outer loop
      vertex  1.181542e+05  7.375571e+03  9.259586e+03
      vertex  1.181300e+05  7.263829e+03  9.084950e+03
      vertex  1.176892e+05  7.454725e+03  9.257938e+03
    endloop
  endfacet
  facet normal  1.524138e-01  8.333578e-01 -5.313047e-01
    outer loop
      vertex  1.176892e+05  7.454725e+03  9.257938e+03
      vertex  1.181300e+05  7.263829e+03  9.084950e+03
      vertex  1.176655e+05  7.347037e+03  9.082233e+03
    endloop
  endfacet
  facet normal  1.289829e-01  8.376424e-01 -5.307718e-01
    outer loop
      vertex  1.176892e+05  7.454725e+03  9.257938e+03
      vertex  1.176655e+05  7.347037e+03  9.082233e+03
      vertex  1.172253e+05  7.525113e+03  9.256291e+03
    endloop
  endfacet
  facet normal  1.394586e-01  8.466718e-01 -5.135154e-01
    outer loop
      vertex  1.172253e+05  7.525113e+03  9.256291e+03
      vertex  1.176655e+05  7.347037e+03  9.082233e+03
      vertex  1.172022e+05  7.421700e+03  9.079516e+03
    endloop
  endfacet
  facet normal  1.155558e-01  8.507188e-01 -5.127614e-01
    outer loop
      vertex  1.172253e+05  7.525113e+03  9.256291e+03
      vertex  1.172022e+05  7.421700e+03  9.079516e+03
      vertex  1.167627e+05  7.586964e+03  9.254644e+03
    endloop
  endfacet
  facet normal  1.263856e-01  8.600217e-01 -4.943574e-01
    outer loop
      vertex  1.167627e+05  7.586964e+03  9.254644e+03
      vertex  1.172022e+05  7.421700e+03  9.079516e+03
      vertex  1.167402e+05  7.488034e+03  9.076799e+03
    endloop
  endfacet
  facet normal  1.020322e-01  8.638043e-01 -4.933880e-01
    outer loop
      vertex  1.167627e+05  7.586964e+03  9.254644e+03
      vertex  1.167402e+05  7.488034e+03  9.076799e+03
      vertex  1.163014e+05  7.640509e+03  9.252996e+03
    endloop
  endfacet
  facet normal  1.131943e-01  8.733166e-01 -4.738199e-01
    outer loop
      vertex  1.163014e+05  7.640509e+03  9.252996e+03
      vertex  1.167402e+05  7.488034e+03  9.076799e+03
      vertex  1.162796e+05  7.546262e+03  9.074081e+03
    endloop
  endfacet
  facet normal  8.841679e-02  8.768081e-01 -4.726416e-01
    outer loop
      vertex  1.163014e+05  7.640509e+03  9.252996e+03
      vertex  1.162796e+05  7.546262e+03  9.074081e+03
      vertex  1.158416e+05  7.685982e+03  9.251349e+03
    endloop
  endfacet
  facet normal  9.989146e-02  8.864591e-01 -4.518983e-01
    outer loop
      vertex  1.158416e+05  7.685982e+03  9.251349e+03
      vertex  1.162796e+05  7.546262e+03  9.074081e+03
      vertex  1.158205e+05  7.596609e+03  9.071364e+03
    endloop
  endfacet
  facet normal  7.472081e-02  8.896329e-01 -4.505221e-01
    outer loop
      vertex  1.158416e+05  7.685982e+03  9.251349e+03
      vertex  1.158205e+05  7.596609e+03  9.071364e+03
      vertex  1.153835e+05  7.723625e+03  9.249700e+03
    endloop
  endfacet
  facet normal  8.648547e-02  8.993415e-01 -4.286083e-01
    outer loop
      vertex  1.153835e+05  7.723625e+03  9.249700e+03
      vertex  1.158205e+05  7.596609e+03  9.071364e+03
      vertex  1.153631e+05  7.639302e+03  9.068647e+03
    endloop
  endfacet
  facet normal  6.094998e-02  9.021729e-01 -4.270468e-01
    outer loop
      vertex  1.153835e+05  7.723625e+03  9.249700e+03
      vertex  1.153631e+05  7.639302e+03  9.068647e+03
      vertex  1.149272e+05  7.753674e+03  9.248053e+03
    endloop
  endfacet
  facet normal  7.299306e-02  9.118598e-01 -4.039601e-01
    outer loop
      vertex  1.149272e+05  7.753674e+03  9.248053e+03
      vertex  1.153631e+05  7.639302e+03  9.068647e+03
      vertex  1.149075e+05  7.674572e+03  9.065930e+03
    endloop
  endfacet
  facet normal  4.712825e-02  9.143255e-01 -4.022284e-01
    outer loop
      vertex  1.149272e+05  7.753674e+03  9.248053e+03
      vertex  1.149075e+05  7.674572e+03  9.065930e+03
      vertex  1.144727e+05  7.776374e+03  9.246405e+03
    endloop
  endfacet
  facet normal  5.943328e-02  9.239002e-01 -3.779896e-01
    outer loop
      vertex  1.144727e+05  7.776374e+03  9.246405e+03
      vertex  1.149075e+05  7.674572e+03  9.065930e+03
      vertex  1.144537e+05  7.702650e+03  9.063213e+03
    endloop
  endfacet
  facet normal  7.112175e-02  9.176266e-01 -3.910284e-01
    outer loop
      vertex  1.144347e+05  7.626618e+03  8.881329e+03
      vertex  1.144537e+05  7.702650e+03  9.063213e+03
      vertex  1.148877e+05  7.593169e+03  8.885238e+03
    endloop
  endfacet
  facet normal  5.865861e-02  9.077655e-01 -4.153565e-01
    outer loop
      vertex  1.148877e+05  7.593169e+03  8.885238e+03
      vertex  1.144537e+05  7.702650e+03  9.063213e+03
      vertex  1.149075e+05  7.674572e+03  9.065930e+03
    endloop
  endfacet
  facet normal  8.412006e-02  9.050467e-01 -4.169103e-01
    outer loop
      vertex  1.148877e+05  7.593169e+03  8.885238e+03
      vertex  1.149075e+05  7.674572e+03  9.065930e+03
      vertex  1.153427e+05  7.552685e+03  8.889147e+03
    endloop
  endfacet
  facet normal  7.190882e-02  8.950680e-01 -4.400935e-01
    outer loop
      vertex  1.153427e+05  7.552685e+03  8.889147e+03
      vertex  1.149075e+05  7.674572e+03  9.065930e+03
      vertex  1.153631e+05  7.639302e+03  9.068647e+03
    endloop
  endfacet
  facet normal  9.701543e-02  8.920131e-01 -4.414757e-01
    outer loop
      vertex  1.153427e+05  7.552685e+03  8.889147e+03
      vertex  1.153631e+05  7.639302e+03  9.068647e+03
      vertex  1.157994e+05  7.504946e+03  8.893058e+03
    endloop
  endfacet
  facet normal  8.507486e-02  8.820083e-01 -4.634908e-01
    outer loop
      vertex  1.157994e+05  7.504946e+03  8.893058e+03
      vertex  1.153631e+05  7.639302e+03  9.068647e+03
      vertex  1.158205e+05  7.596609e+03  9.071364e+03
    endloop
  endfacet
  facet normal  1.097920e-01  8.786422e-01 -4.646865e-01
    outer loop
      vertex  1.157994e+05  7.504946e+03  8.893058e+03
      vertex  1.158205e+05  7.596609e+03  9.071364e+03
      vertex  1.162578e+05  7.449732e+03  8.896967e+03
    endloop
  endfacet
  facet normal  9.814262e-02  8.686981e-01 -4.855222e-01
    outer loop
      vertex  1.162578e+05  7.449732e+03  8.896967e+03
      vertex  1.158205e+05  7.596609e+03  9.071364e+03
      vertex  1.162796e+05  7.546262e+03  9.074081e+03
    endloop
  endfacet
  facet normal  1.224446e-01  8.650463e-01 -4.865206e-01
    outer loop
      vertex  1.162578e+05  7.449732e+03  8.896967e+03
      vertex  1.162796e+05  7.546262e+03  9.074081e+03
      vertex  1.167178e+05  7.386827e+03  8.900877e+03
    endloop
  endfacet
  facet normal  1.110997e-01  8.552358e-01 -5.061904e-01
    outer loop
      vertex  1.167178e+05  7.386827e+03  8.900877e+03
      vertex  1.162796e+05  7.546262e+03  9.074081e+03
      vertex  1.167402e+05  7.488034e+03  9.076799e+03
    endloop
  endfacet
  facet normal  1.349537e-01  8.513252e-01 -5.069841e-01
    outer loop
      vertex  1.167178e+05  7.386827e+03  8.900877e+03
      vertex  1.167402e+05  7.488034e+03  9.076799e+03
      vertex  1.171792e+05  7.316014e+03  8.904786e+03
    endloop
  endfacet
  facet normal  1.239420e-01  8.417267e-01 -5.254850e-01
    outer loop
      vertex  1.171792e+05  7.316014e+03  8.904786e+03
      vertex  1.167402e+05  7.488034e+03  9.076799e+03
      vertex  1.172022e+05  7.421700e+03  9.079516e+03
    endloop
  endfacet
  facet normal  1.473329e-01  8.375835e-01 -5.260674e-01
    outer loop
      vertex  1.171792e+05  7.316014e+03  8.904786e+03
      vertex  1.172022e+05  7.421700e+03  9.079516e+03
      vertex  1.176418e+05  7.237083e+03  8.908695e+03
    endloop
  endfacet
  facet normal  1.366657e-01  8.282521e-01 -5.434345e-01
    outer loop
      vertex  1.176418e+05  7.237083e+03  8.908695e+03
      vertex  1.172022e+05  7.421700e+03  9.079516e+03
      vertex  1.176655e+05  7.347037e+03  9.082233e+03
    endloop
  endfacet
  facet normal  1.595705e-01  8.239017e-01 -5.438045e-01
    outer loop
      vertex  1.176418e+05  7.237083e+03  8.908695e+03
      vertex  1.176655e+05  7.347037e+03  9.082233e+03
      vertex  1.181057e+05  7.149827e+03  8.912605e+03
    endloop
  endfacet
  facet normal  1.492746e-01  8.148975e-01 -5.600528e-01
    outer loop
      vertex  1.181057e+05  7.149827e+03  8.912605e+03
      vertex  1.176655e+05  7.347037e+03  9.082233e+03
      vertex  1.181300e+05  7.263829e+03  9.084950e+03
    endloop
  endfacet
  facet normal  1.716752e-01  8.103660e-01 -5.602093e-01
    outer loop
      vertex  1.181057e+05  7.149827e+03  8.912605e+03
      vertex  1.181300e+05  7.263829e+03  9.084950e+03
      vertex  1.185706e+05  7.054042e+03  8.916515e+03
    endloop
  endfacet
  facet normal  1.617777e-01  8.017415e-01 -5.753594e-01
    outer loop
      vertex  1.185706e+05  7.054042e+03  8.916515e+03
      vertex  1.181300e+05  7.263829e+03  9.084950e+03
      vertex  1.185954e+05  7.171863e+03  9.087668e+03
    endloop
  endfacet
  facet normal  1.836622e-01  7.970533e-01 -5.753037e-01
    outer loop
      vertex  1.185706e+05  7.054042e+03  8.916515e+03
      vertex  1.185954e+05  7.171863e+03  9.087668e+03
      vertex  1.190364e+05  6.949535e+03  8.920425e+03
    endloop
  endfacet
  facet normal  1.741773e-01  7.888424e-01 -5.893979e-01
    outer loop
      vertex  1.190364e+05  6.949535e+03  8.920425e+03
      vertex  1.185954e+05  7.171863e+03  9.087668e+03
      vertex  1.190617e+05  7.070936e+03  9.090385e+03
    endloop
  endfacet
  facet normal  1.955387e-01  7.840195e-01 -5.891333e-01
    outer loop
      vertex  1.190364e+05  6.949535e+03  8.920425e+03
      vertex  1.190617e+05  7.070936e+03  9.090385e+03
      vertex  1.195029e+05  6.836115e+03  8.924334e+03
    endloop
  endfacet
  facet normal  1.864976e-01  7.762639e-01 -6.021903e-01
    outer loop
      vertex  1.195029e+05  6.836115e+03  8.924334e+03
      vertex  1.190617e+05  7.070936e+03  9.090385e+03
      vertex  1.195287e+05  6.960849e+03  9.093102e+03
    endloop
  endfacet
  facet normal  2.073230e-01  7.713292e-01 -6.017214e-01
    outer loop
      vertex  1.195029e+05  6.836115e+03  8.924334e+03
      vertex  1.195287e+05  6.960849e+03  9.093102e+03
      vertex  1.199701e+05  6.713601e+03  8.928243e+03
    endloop
  endfacet
  facet normal  1.497622e-01  8.279268e-01 -5.404705e-01
    outer loop
      vertex  1.173677e+05  7.152338e+03  8.705236e+03
      vertex  1.171254e+05  7.063159e+03  8.501481e+03
      vertex  1.169371e+05  7.226937e+03  8.700201e+03
    endloop
  endfacet
  facet normal  1.581082e-01  8.302576e-01 -5.344849e-01
    outer loop
      vertex  1.169371e+05  7.226937e+03  8.700201e+03
      vertex  1.171254e+05  7.063159e+03  8.501481e+03
      vertex  1.169106e+05  7.101983e+03  8.498251e+03
    endloop
  endfacet
  facet normal  1.380055e-01  8.340313e-01 -5.341780e-01
    outer loop
      vertex  1.169371e+05  7.226937e+03  8.700201e+03
      vertex  1.169106e+05  7.101983e+03  8.498251e+03
      vertex  1.165078e+05  7.294757e+03  8.695166e+03
    endloop
  endfacet
  facet normal  1.542081e-01  8.451060e-01 -5.118747e-01
    outer loop
      vertex  1.165078e+05  7.294757e+03  8.695166e+03
      vertex  1.169106e+05  7.101983e+03  8.498251e+03
      vertex  1.166961e+05  7.139166e+03  8.495021e+03
    endloop
  endfacet
  facet normal  1.478268e-01  8.433987e-01 -5.165520e-01
    outer loop
      vertex  1.165078e+05  7.294757e+03  8.695166e+03
      vertex  1.166961e+05  7.139166e+03  8.495021e+03
      vertex  1.164819e+05  7.174725e+03  8.491790e+03
    endloop
  endfacet
  facet normal  9.725071e-02  9.071298e-01 -4.094605e-01
    outer loop
      vertex  1.143603e+05  7.445327e+03  8.459486e+03
      vertex  1.143824e+05  7.537975e+03  8.669991e+03
      vertex  1.147815e+05  7.403094e+03  8.465947e+03
    endloop
  endfacet
  facet normal  8.267595e-02  8.980840e-01 -4.319835e-01
    outer loop
      vertex  1.147815e+05  7.403094e+03  8.465947e+03
      vertex  1.143824e+05  7.537975e+03  8.669991e+03
      vertex  1.148043e+05  7.501557e+03  8.675026e+03
    endloop
  endfacet
  facet normal  1.082350e-01  8.947668e-01 -4.332178e-01
    outer loop
      vertex  1.147815e+05  7.403094e+03  8.465947e+03
      vertex  1.148043e+05  7.501557e+03  8.675026e+03
      vertex  1.152043e+05  7.355076e+03  8.472408e+03
    endloop
  endfacet
  facet normal  9.398124e-02  8.856430e-01 -4.547572e-01
    outer loop
      vertex  1.152043e+05  7.355076e+03  8.472408e+03
      vertex  1.148043e+05  7.501557e+03  8.675026e+03
      vertex  1.152279e+05  7.459194e+03  8.680062e+03
    endloop
  endfacet
  facet normal  1.190903e-01  8.820682e-01 -4.558214e-01
    outer loop
      vertex  1.152043e+05  7.355076e+03  8.472408e+03
      vertex  1.152279e+05  7.459194e+03  8.680062e+03
      vertex  1.156287e+05  7.301114e+03  8.478868e+03
    endloop
  endfacet
  facet normal  1.051709e-01  8.729319e-01 -4.763707e-01
    outer loop
      vertex  1.156287e+05  7.301114e+03  8.478868e+03
      vertex  1.152279e+05  7.459194e+03  8.680062e+03
      vertex  1.156531e+05  7.410719e+03  8.685097e+03
    endloop
  endfacet
  facet normal  1.298110e-01  8.691223e-01 -4.772583e-01
    outer loop
      vertex  1.156287e+05  7.301114e+03  8.478868e+03
      vertex  1.156531e+05  7.410719e+03  8.685097e+03
      vertex  1.160546e+05  7.241049e+03  8.485329e+03
    endloop
  endfacet
  facet normal  1.162407e-01  8.600355e-01 -4.968169e-01
    outer loop
      vertex  1.160546e+05  7.241049e+03  8.485329e+03
      vertex  1.156531e+05  7.410719e+03  8.685097e+03
      vertex  1.160797e+05  7.355962e+03  8.690131e+03
    endloop
  endfacet
  facet normal  1.373978e-01  8.565418e-01 -4.974514e-01
    outer loop
      vertex  1.160546e+05  7.241049e+03  8.485329e+03
      vertex  1.160797e+05  7.355962e+03  8.690131e+03
      vertex  1.162681e+05  7.208679e+03  8.488560e+03
    endloop
  endfacet
  facet normal  1.280377e-01  8.539714e-01 -5.043206e-01
    outer loop
      vertex  1.162681e+05  7.208679e+03  8.488560e+03
      vertex  1.160797e+05  7.355962e+03  8.690131e+03
      vertex  1.165078e+05  7.294757e+03  8.695166e+03
    endloop
  endfacet
  facet normal  1.418911e-01  8.444862e-01 -5.164398e-01
    outer loop
      vertex  1.162681e+05  7.208679e+03  8.488560e+03
      vertex  1.165078e+05  7.294757e+03  8.695166e+03
      vertex  1.164819e+05  7.174725e+03  8.491790e+03
    endloop
  endfacet
  facet normal  2.132338e-01  7.513595e-01 -6.244920e-01
    outer loop
      vertex  1.196790e+05  6.474581e+03  8.539601e+03
      vertex  1.196336e+05  6.263802e+03  8.270487e+03
      vertex  1.193311e+05  6.569021e+03  8.534432e+03
    endloop
  endfacet
  facet normal  2.269908e-01  7.559417e-01 -6.140255e-01
    outer loop
      vertex  1.193311e+05  6.569021e+03  8.534432e+03
      vertex  1.196336e+05  6.263802e+03  8.270487e+03
      vertex  1.194007e+05  6.330069e+03  8.265973e+03
    endloop
  endfacet
  facet normal  2.207483e-01  7.562505e-01 -6.159183e-01
    outer loop
      vertex  1.193311e+05  6.569021e+03  8.534432e+03
      vertex  1.194007e+05  6.330069e+03  8.265973e+03
      vertex  1.191684e+05  6.394196e+03  8.261466e+03
    endloop
  endfacet
  facet normal  2.062520e-01  7.635346e-01 -6.119437e-01
    outer loop
      vertex  1.193311e+05  6.569021e+03  8.534432e+03
      vertex  1.191684e+05  6.394196e+03  8.261466e+03
      vertex  1.189836e+05  6.658746e+03  8.529263e+03
    endloop
  endfacet
  facet normal  2.166224e-01  7.651207e-01 -6.063540e-01
    outer loop
      vertex  1.189836e+05  6.658746e+03  8.529263e+03
      vertex  1.191684e+05  6.394196e+03  8.261466e+03
      vertex  1.189364e+05  6.456325e+03  8.256960e+03
    endloop
  endfacet
  facet normal  1.978005e-01  7.699476e-01 -6.066760e-01
    outer loop
      vertex  1.189836e+05  6.658746e+03  8.529263e+03
      vertex  1.189364e+05  6.456325e+03  8.256960e+03
      vertex  1.186366e+05  6.743823e+03  8.524095e+03
    endloop
  endfacet
  facet normal  2.105797e-01  7.741881e-01 -5.968996e-01
    outer loop
      vertex  1.186366e+05  6.743823e+03  8.524095e+03
      vertex  1.189364e+05  6.456325e+03  8.256960e+03
      vertex  1.185652e+05  6.551707e+03  8.249742e+03
    endloop
  endfacet
  facet normal  1.909470e-01  7.800362e-01 -5.958883e-01
    outer loop
      vertex  1.186366e+05  6.743823e+03  8.524095e+03
      vertex  1.185652e+05  6.551707e+03  8.249742e+03
      vertex  1.183478e+05  6.811220e+03  8.519787e+03
    endloop
  endfacet
  facet normal  2.023600e-01  7.824049e-01 -5.889763e-01
    outer loop
      vertex  1.183478e+05  6.811220e+03  8.519787e+03
      vertex  1.185652e+05  6.551707e+03  8.249742e+03
      vertex  1.181948e+05  6.642089e+03  8.242525e+03
    endloop
  endfacet
  facet normal  1.848340e-01  7.903301e-01 -5.841359e-01
    outer loop
      vertex  1.183478e+05  6.811220e+03  8.519787e+03
      vertex  1.181948e+05  6.642089e+03  8.242525e+03
      vertex  1.180595e+05  6.875478e+03  8.515479e+03
    endloop
  endfacet
  facet normal  1.859985e-01  8.000835e-01 -5.703253e-01
    outer loop
      vertex  1.178250e+05  6.727554e+03  8.235309e+03
      vertex  1.174561e+05  6.808184e+03  8.228092e+03
      vertex  1.177715e+05  6.936640e+03  8.511173e+03
    endloop
  endfacet
  facet normal  1.731382e-01  8.098915e-01 -5.604454e-01
    outer loop
      vertex  1.177715e+05  6.936640e+03  8.511173e+03
      vertex  1.174561e+05  6.808184e+03  8.228092e+03
      vertex  1.175559e+05  6.980506e+03  8.507942e+03
    endloop
  endfacet
  facet normal  1.723495e-01  8.055372e-01 -5.669265e-01
    outer loop
      vertex  1.177715e+05  6.936640e+03  8.511173e+03
      vertex  1.175559e+05  6.980506e+03  8.507942e+03
      vertex  1.177994e+05  7.070801e+03  8.710271e+03
    endloop
  endfacet
  facet normal  1.642716e-01  8.319070e-01 -5.300429e-01
    outer loop
      vertex  1.164765e+05  7.000203e+03  8.208846e+03
      vertex  1.166961e+05  7.139166e+03  8.495021e+03
      vertex  1.167819e+05  6.943727e+03  8.214860e+03
    endloop
  endfacet
  facet normal  1.522407e-01  8.318612e-01 -5.336943e-01
    outer loop
      vertex  1.167819e+05  6.943727e+03  8.214860e+03
      vertex  1.166961e+05  7.139166e+03  8.495021e+03
      vertex  1.169106e+05  7.101983e+03  8.498251e+03
    endloop
  endfacet
  facet normal  1.713971e-01  8.249766e-01 -5.385507e-01
    outer loop
      vertex  1.167819e+05  6.943727e+03  8.214860e+03
      vertex  1.169106e+05  7.101983e+03  8.498251e+03
      vertex  1.170880e+05  6.884062e+03  8.220874e+03
    endloop
  endfacet
  facet normal  1.569473e-01  8.228655e-01 -5.461317e-01
    outer loop
      vertex  1.170880e+05  6.884062e+03  8.220874e+03
      vertex  1.169106e+05  7.101983e+03  8.498251e+03
      vertex  1.171254e+05  7.063159e+03  8.501481e+03
    endloop
  endfacet
  facet normal  1.793689e-01  8.182432e-01 -5.461729e-01
    outer loop
      vertex  1.170880e+05  6.884062e+03  8.220874e+03
      vertex  1.171254e+05  7.063159e+03  8.501481e+03
      vertex  1.174561e+05  6.808184e+03  8.228092e+03
    endloop
  endfacet
  facet normal  1.611668e-01  8.114106e-01 -5.618169e-01
    outer loop
      vertex  1.174561e+05  6.808184e+03  8.228092e+03
      vertex  1.171254e+05  7.063159e+03  8.501481e+03
      vertex  1.173405e+05  7.022672e+03  8.504712e+03
    endloop
  endfacet
  facet normal  1.673133e-01  8.117560e-01 -5.595163e-01
    outer loop
      vertex  1.174561e+05  6.808184e+03  8.228092e+03
      vertex  1.173405e+05  7.022672e+03  8.504712e+03
      vertex  1.175559e+05  6.980506e+03  8.507942e+03
    endloop
  endfacet
  facet normal  1.414694e-01  8.413318e-01 -5.216773e-01
    outer loop
      vertex  1.164819e+05  7.174725e+03  8.491790e+03
      vertex  1.164765e+05  7.000203e+03  8.208846e+03
      vertex  1.162681e+05  7.208679e+03  8.488560e+03
    endloop
  endfacet
  facet normal  1.579111e-01  8.444813e-01 -5.117769e-01
    outer loop
      vertex  1.162681e+05  7.208679e+03  8.488560e+03
      vertex  1.164765e+05  7.000203e+03  8.208846e+03
      vertex  1.161717e+05  7.053541e+03  8.202832e+03
    endloop
  endfacet
  facet normal  1.366426e-01  8.505200e-01 -5.078824e-01
    outer loop
      vertex  1.162681e+05  7.208679e+03  8.488560e+03
      vertex  1.161717e+05  7.053541e+03  8.202832e+03
      vertex  1.160546e+05  7.241049e+03  8.485329e+03
    endloop
  endfacet
  facet normal  1.516853e-01  8.513472e-01 -5.021947e-01
    outer loop
      vertex  1.160546e+05  7.241049e+03  8.485329e+03
      vertex  1.161717e+05  7.053541e+03  8.202832e+03
      vertex  1.159436e+05  7.091517e+03  8.198321e+03
    endloop
  endfacet
  facet normal  1.285755e-01  8.582537e-01 -4.968591e-01
    outer loop
      vertex  1.160546e+05  7.241049e+03  8.485329e+03
      vertex  1.159436e+05  7.091517e+03  8.198321e+03
      vertex  1.156287e+05  7.301114e+03  8.478868e+03
    endloop
  endfacet
  facet normal  1.472187e-01  8.644974e-01 -4.805942e-01
    outer loop
      vertex  1.156287e+05  7.301114e+03  8.478868e+03
      vertex  1.159436e+05  7.091517e+03  8.198321e+03
      vertex  1.157160e+05  7.127779e+03  8.193811e+03
    endloop
  endfacet
  facet normal  1.380718e-01  8.644584e-01 -4.833714e-01
    outer loop
      vertex  1.156287e+05  7.301114e+03  8.478868e+03
      vertex  1.157160e+05  7.127779e+03  8.193811e+03
      vertex  1.152620e+05  7.195250e+03  8.184789e+03
    endloop
  endfacet
  facet normal  2.318591e-01  7.502381e-01 -6.191803e-01
    outer loop
      vertex  1.196336e+05  6.263802e+03  8.270487e+03
      vertex  1.198667e+05  6.195494e+03  8.275002e+03
      vertex  1.194686e+05  6.163077e+03  8.086665e+03
    endloop
  endfacet
  facet normal  2.349551e-01  7.446293e-01 -6.247586e-01
    outer loop
      vertex  1.194686e+05  6.163077e+03  8.086665e+03
      vertex  1.198667e+05  6.195494e+03  8.275002e+03
      vertex  1.198026e+05  6.063930e+03  8.094095e+03
    endloop
  endfacet
  facet normal  2.379531e-01  7.558346e-01 -6.099938e-01
    outer loop
      vertex  1.194686e+05  6.163077e+03  8.086665e+03
      vertex  1.198026e+05  6.063930e+03  8.094095e+03
      vertex  1.192740e+05  6.073292e+03  7.899507e+03
    endloop
  endfacet
  facet normal  2.406547e-01  7.487073e-01 -6.176752e-01
    outer loop
      vertex  1.192740e+05  6.073292e+03  7.899507e+03
      vertex  1.198026e+05  6.063930e+03  8.094095e+03
      vertex  1.197743e+05  5.922769e+03  7.911984e+03
    endloop
  endfacet
  facet normal  2.428969e-01  7.570879e-01 -6.064808e-01
    outer loop
      vertex  1.192740e+05  6.073292e+03  7.899507e+03
      vertex  1.197743e+05  5.922769e+03  7.911984e+03
      vertex  1.197044e+05  5.796474e+03  7.726320e+03
    endloop
  endfacet
  facet normal  2.201922e-01  7.540315e-01 -6.188311e-01
    outer loop
      vertex  1.194007e+05  6.330069e+03  8.265973e+03
      vertex  1.194686e+05  6.163077e+03  8.086665e+03
      vertex  1.191684e+05  6.394196e+03  8.261466e+03
    endloop
  endfacet
  facet normal  2.300670e-01  7.592514e-01 -6.087746e-01
    outer loop
      vertex  1.191684e+05  6.394196e+03  8.261466e+03
      vertex  1.194686e+05  6.163077e+03  8.086665e+03
      vertex  1.191351e+05  6.258188e+03  8.079235e+03
    endloop
  endfacet
  facet normal  2.161310e-01  7.630866e-01 -6.090865e-01
    outer loop
      vertex  1.191684e+05  6.394196e+03  8.261466e+03
      vertex  1.191351e+05  6.258188e+03  8.079235e+03
      vertex  1.189364e+05  6.456325e+03  8.256960e+03
    endloop
  endfacet
  facet normal  2.228410e-01  7.652232e-01 -6.039664e-01
    outer loop
      vertex  1.189364e+05  6.456325e+03  8.256960e+03
      vertex  1.191351e+05  6.258188e+03  8.079235e+03
      vertex  1.188020e+05  6.349313e+03  8.071805e+03
    endloop
  endfacet
  facet normal  2.102156e-01  7.726068e-01 -5.990726e-01
    outer loop
      vertex  1.189364e+05  6.456325e+03  8.256960e+03
      vertex  1.188020e+05  6.349313e+03  8.071805e+03
      vertex  1.185652e+05  6.551707e+03  8.249742e+03
    endloop
  endfacet
  facet normal  1.632763e-01  8.254226e-01 -5.403872e-01
    outer loop
      vertex  1.167819e+05  6.943727e+03  8.214860e+03
      vertex  1.168778e+05  6.802824e+03  8.028619e+03
      vertex  1.164765e+05  7.000203e+03  8.208846e+03
    endloop
  endfacet
  facet normal  1.766361e-01  8.350009e-01 -5.211269e-01
    outer loop
      vertex  1.164765e+05  7.000203e+03  8.208846e+03
      vertex  1.168778e+05  6.802824e+03  8.028619e+03
      vertex  1.164466e+05  6.887959e+03  8.018867e+03
    endloop
  endfacet
  facet normal  1.571658e-01  8.392330e-01 -5.205639e-01
    outer loop
      vertex  1.164765e+05  7.000203e+03  8.208846e+03
      vertex  1.164466e+05  6.887959e+03  8.018867e+03
      vertex  1.161717e+05  7.053541e+03  8.202832e+03
    endloop
  endfacet
  facet normal  1.667615e-01  8.437029e-01 -5.102510e-01
    outer loop
      vertex  1.161717e+05  7.053541e+03  8.202832e+03
      vertex  1.164466e+05  6.887959e+03  8.018867e+03
      vertex  1.160168e+05  6.967018e+03  8.009115e+03
    endloop
  endfacet
  facet normal  1.517194e-01  8.516052e-01 -5.017467e-01
    outer loop
      vertex  1.161717e+05  7.053541e+03  8.202832e+03
      vertex  1.160168e+05  6.967018e+03  8.009115e+03
      vertex  1.159436e+05  7.091517e+03  8.198321e+03
    endloop
  endfacet
  facet normal  1.469232e-01  8.620967e-01 -4.849772e-01
    outer loop
      vertex  1.157160e+05  7.127779e+03  8.193811e+03
      vertex  1.159436e+05  7.091517e+03  8.198321e+03
      vertex  1.155884e+05  7.040135e+03  7.999364e+03
    endloop
  endfacet
  facet normal  1.567761e-01  8.517732e-01 -4.999035e-01
    outer loop
      vertex  1.155884e+05  7.040135e+03  7.999364e+03
      vertex  1.159436e+05  7.091517e+03  8.198321e+03
      vertex  1.160168e+05  6.967018e+03  8.009115e+03
    endloop
  endfacet
  facet normal  1.575774e-01  8.579187e-01 -4.890245e-01
    outer loop
      vertex  1.155884e+05  7.040135e+03  7.999364e+03
      vertex  1.160168e+05  6.967018e+03  8.009115e+03
      vertex  1.158099e+05  6.892741e+03  7.812170e+03
    endloop
  endfacet
  facet normal  2.217940e-01  7.731285e-01 -5.942051e-01
    outer loop
      vertex  1.187748e+05  6.215111e+03  7.887030e+03
      vertex  1.182768e+05  6.348387e+03  7.874554e+03
      vertex  1.188020e+05  6.349313e+03  8.071805e+03
    endloop
  endfacet
  facet normal  2.176721e-01  7.825664e-01 -5.832741e-01
    outer loop
      vertex  1.188020e+05  6.349313e+03  8.071805e+03
      vertex  1.182768e+05  6.348387e+03  7.874554e+03
      vertex  1.184279e+05  6.447129e+03  8.063446e+03
    endloop
  endfacet
  facet normal  2.159043e-01  7.748818e-01 -5.940904e-01
    outer loop
      vertex  1.188020e+05  6.349313e+03  8.071805e+03
      vertex  1.184279e+05  6.447129e+03  8.063446e+03
      vertex  1.185652e+05  6.551707e+03  8.249742e+03
    endloop
  endfacet
  facet normal  2.070912e-01  8.134099e-01 -5.435785e-01
    outer loop
      vertex  1.174141e+05  6.432642e+03  7.663305e+03
      vertex  1.170131e+05  6.527290e+03  7.652185e+03
      vertex  1.172850e+05  6.589993e+03  7.849601e+03
    endloop
  endfacet
  facet normal  1.977315e-01  8.223457e-01 -5.335258e-01
    outer loop
      vertex  1.172850e+05  6.589993e+03  7.849601e+03
      vertex  1.170131e+05  6.527290e+03  7.652185e+03
      vertex  1.170381e+05  6.645327e+03  7.843362e+03
    endloop
  endfacet
  facet normal  1.959109e-01  8.124634e-01 -5.491103e-01
    outer loop
      vertex  1.172850e+05  6.589993e+03  7.849601e+03
      vertex  1.170381e+05  6.645327e+03  7.843362e+03
      vertex  1.173103e+05  6.711475e+03  8.038371e+03
    endloop
  endfacet
  facet normal  1.857565e-01  8.220923e-01 -5.381995e-01
    outer loop
      vertex  1.173103e+05  6.711475e+03  8.038371e+03
      vertex  1.170381e+05  6.645327e+03  7.843362e+03
      vertex  1.168778e+05  6.802824e+03  8.028619e+03
    endloop
  endfacet
  facet normal  1.847725e-01  8.164948e-01 -5.469877e-01
    outer loop
      vertex  1.173103e+05  6.711475e+03  8.038371e+03
      vertex  1.168778e+05  6.802824e+03  8.028619e+03
      vertex  1.170880e+05  6.884062e+03  8.220874e+03
    endloop
  endfacet
  facet normal  1.757419e-01  8.294265e-01 -5.302514e-01
    outer loop
      vertex  1.168778e+05  6.802824e+03  8.028619e+03
      vertex  1.167915e+05  6.698680e+03  7.837124e+03
      vertex  1.164466e+05  6.887959e+03  8.018867e+03
    endloop
  endfacet
  facet normal  1.866000e-01  8.358269e-01 -5.163079e-01
    outer loop
      vertex  1.164466e+05  6.887959e+03  8.018867e+03
      vertex  1.167915e+05  6.698680e+03  7.837124e+03
      vertex  1.164635e+05  6.766773e+03  7.828806e+03
    endloop
  endfacet
  facet normal  1.785381e-01  8.367707e-01 -5.176281e-01
    outer loop
      vertex  1.164466e+05  6.887959e+03  8.018867e+03
      vertex  1.164635e+05  6.766773e+03  7.828806e+03
      vertex  1.161363e+05  6.831442e+03  7.820488e+03
    endloop
  endfacet
  facet normal  2.442611e-01  7.733334e-01 -5.850570e-01
    outer loop
      vertex  1.191415e+05  5.857878e+03  7.565059e+03
      vertex  1.186020e+05  6.016375e+03  7.549316e+03
      vertex  1.191631e+05  5.961866e+03  7.711493e+03
    endloop
  endfacet
  facet normal  2.432366e-01  7.773275e-01 -5.801706e-01
    outer loop
      vertex  1.191631e+05  5.961866e+03  7.711493e+03
      vertex  1.186020e+05  6.016375e+03  7.549316e+03
      vertex  1.188929e+05  6.040871e+03  7.704079e+03
    endloop
  endfacet
  facet normal  2.404107e-01  7.661824e-01 -5.959591e-01
    outer loop
      vertex  1.191631e+05  5.961866e+03  7.711493e+03
      vertex  1.188929e+05  6.040871e+03  7.704079e+03
      vertex  1.192740e+05  6.073292e+03  7.899507e+03
    endloop
  endfacet
  facet normal  2.348434e-01  7.750950e-01 -5.865802e-01
    outer loop
      vertex  1.192740e+05  6.073292e+03  7.899507e+03
      vertex  1.188929e+05  6.040871e+03  7.704079e+03
      vertex  1.187748e+05  6.215111e+03  7.887030e+03
    endloop
  endfacet
  facet normal  2.315641e-01  7.619459e-01 -6.048277e-01
    outer loop
      vertex  1.192740e+05  6.073292e+03  7.899507e+03
      vertex  1.187748e+05  6.215111e+03  7.887030e+03
      vertex  1.191351e+05  6.258188e+03  8.079235e+03
    endloop
  endfacet
  facet normal  2.137107e-01  7.927077e-01 -5.709136e-01
    outer loop
      vertex  1.182768e+05  6.348387e+03  7.874554e+03
      vertex  1.182191e+05  6.227808e+03  7.685545e+03
      vertex  1.177802e+05  6.473290e+03  7.862077e+03
    endloop
  endfacet
  facet normal  2.239361e-01  8.003592e-01 -5.561274e-01
    outer loop
      vertex  1.177802e+05  6.473290e+03  7.862077e+03
      vertex  1.182191e+05  6.227808e+03  7.685545e+03
      vertex  1.178161e+05  6.332845e+03  7.674425e+03
    endloop
  endfacet
  facet normal  2.143547e-01  8.012435e-01 -5.586241e-01
    outer loop
      vertex  1.177802e+05  6.473290e+03  7.862077e+03
      vertex  1.178161e+05  6.332845e+03  7.674425e+03
      vertex  1.174141e+05  6.432642e+03  7.663305e+03
    endloop
  endfacet
  facet normal  2.128757e-01  8.291179e-01 -5.169598e-01
    outer loop
      vertex  1.169744e+05  6.347144e+03  7.350646e+03
      vertex  1.164428e+05  6.473294e+03  7.334088e+03
      vertex  1.169938e+05  6.436591e+03  7.502090e+03
    endloop
  endfacet
  facet normal  2.102821e-01  8.359218e-01 -5.069678e-01
    outer loop
      vertex  1.169938e+05  6.436591e+03  7.502090e+03
      vertex  1.164428e+05  6.473294e+03  7.334088e+03
      vertex  1.167274e+05  6.498822e+03  7.494219e+03
    endloop
  endfacet
  facet normal  2.082678e-01  8.249681e-01 -5.254068e-01
    outer loop
      vertex  1.169938e+05  6.436591e+03  7.502090e+03
      vertex  1.167274e+05  6.498822e+03  7.494219e+03
      vertex  1.170131e+05  6.527290e+03  7.652185e+03
    endloop
  endfacet
  facet normal  2.005744e-01  8.344985e-01 -5.132078e-01
    outer loop
      vertex  1.170131e+05  6.527290e+03  7.652185e+03
      vertex  1.167274e+05  6.498822e+03  7.494219e+03
      vertex  1.165563e+05  6.629271e+03  7.639476e+03
    endloop
  endfacet
  facet normal  1.983922e-01  8.221922e-01 -5.335171e-01
    outer loop
      vertex  1.170131e+05  6.527290e+03  7.652185e+03
      vertex  1.165563e+05  6.629271e+03  7.639476e+03
      vertex  1.170381e+05  6.645327e+03  7.843362e+03
    endloop
  endfacet
  facet normal  1.930469e-01  8.310718e-01 -5.215865e-01
    outer loop
      vertex  1.170381e+05  6.645327e+03  7.843362e+03
      vertex  1.165563e+05  6.629271e+03  7.639476e+03
      vertex  1.167915e+05  6.698680e+03  7.837124e+03
    endloop
  endfacet
  facet normal  1.916981e-01  8.233709e-01 -5.341462e-01
    outer loop
      vertex  1.170381e+05  6.645327e+03  7.843362e+03
      vertex  1.167915e+05  6.698680e+03  7.837124e+03
      vertex  1.168778e+05  6.802824e+03  8.028619e+03
    endloop
  endfacet
  facet normal  1.783664e-01  8.356646e-01 -5.194709e-01
    outer loop
      vertex  1.164635e+05  6.766773e+03  7.828806e+03
      vertex  1.165563e+05  6.629271e+03  7.639476e+03
      vertex  1.161363e+05  6.831442e+03  7.820488e+03
    endloop
  endfacet
  facet normal  1.911919e-01  8.447446e-01 -4.998523e-01
    outer loop
      vertex  1.161363e+05  6.831442e+03  7.820488e+03
      vertex  1.165563e+05  6.629271e+03  7.639476e+03
      vertex  1.161011e+05  6.724782e+03  7.626767e+03
    endloop
  endfacet
  facet normal  1.722470e-01  8.493455e-01 -4.989420e-01
    outer loop
      vertex  1.161363e+05  6.831442e+03  7.820488e+03
      vertex  1.161011e+05  6.724782e+03  7.626767e+03
      vertex  1.158099e+05  6.892741e+03  7.812170e+03
    endloop
  endfacet
  facet normal  1.815316e-01  8.536224e-01 -4.882365e-01
    outer loop
      vertex  1.158099e+05  6.892741e+03  7.812170e+03
      vertex  1.161011e+05  6.724782e+03  7.626767e+03
      vertex  1.156475e+05  6.813966e+03  7.614058e+03
    endloop
  endfacet
  facet normal  1.650753e-01  8.625456e-01 -4.782942e-01
    outer loop
      vertex  1.158099e+05  6.892741e+03  7.812170e+03
      vertex  1.156475e+05  6.813966e+03  7.614058e+03
      vertex  1.154195e+05  6.961932e+03  7.802189e+03
    endloop
  endfacet
  facet normal  2.539051e-01  7.616034e-01 -5.962320e-01
    outer loop
      vertex  1.196825e+05  5.689861e+03  7.580801e+03
      vertex  1.191415e+05  5.857878e+03  7.565059e+03
      vertex  1.197044e+05  5.796474e+03  7.726320e+03
    endloop
  endfacet
  facet normal  2.516451e-01  7.712576e-01 -5.846679e-01
    outer loop
      vertex  1.197044e+05  5.796474e+03  7.726320e+03
      vertex  1.191415e+05  5.857878e+03  7.565059e+03
      vertex  1.191631e+05  5.961866e+03  7.711493e+03
    endloop
  endfacet
  facet normal  2.490573e-01  7.615630e-01 -5.983245e-01
    outer loop
      vertex  1.197044e+05  5.796474e+03  7.726320e+03
      vertex  1.191631e+05  5.961866e+03  7.711493e+03
      vertex  1.192740e+05  6.073292e+03  7.899507e+03
    endloop
  endfacet
  facet normal  2.346118e-01  7.856687e-01 -5.724353e-01
    outer loop
      vertex  1.186020e+05  6.016375e+03  7.549316e+03
      vertex  1.180641e+05  6.165532e+03  7.533574e+03
      vertex  1.186231e+05  6.117446e+03  7.696666e+03
    endloop
  endfacet
  facet normal  2.323133e-01  7.937107e-01 -5.621866e-01
    outer loop
      vertex  1.186231e+05  6.117446e+03  7.696666e+03
      vertex  1.180641e+05  6.165532e+03  7.533574e+03
      vertex  1.182191e+05  6.227808e+03  7.685545e+03
    endloop
  endfacet
  facet normal  2.307231e-01  7.868631e-01 -5.723752e-01
    outer loop
      vertex  1.186231e+05  6.117446e+03  7.696666e+03
      vertex  1.182191e+05  6.227808e+03  7.685545e+03
      vertex  1.182768e+05  6.348387e+03  7.874554e+03
    endloop
  endfacet
  facet normal  1.918582e-01  8.488981e-01 -4.925064e-01
    outer loop
      vertex  1.161011e+05  6.724782e+03  7.626767e+03
      vertex  1.165563e+05  6.629271e+03  7.639476e+03
      vertex  1.161080e+05  6.635664e+03  7.475853e+03
    endloop
  endfacet
  facet normal  1.971961e-01  8.387667e-01 -5.075275e-01
    outer loop
      vertex  1.161080e+05  6.635664e+03  7.475853e+03
      vertex  1.165563e+05  6.629271e+03  7.639476e+03
      vertex  1.164616e+05  6.558891e+03  7.486348e+03
    endloop
  endfacet
  facet normal  1.993356e-01  8.517645e-01 -4.845229e-01
    outer loop
      vertex  1.161080e+05  6.635664e+03  7.475853e+03
      vertex  1.164616e+05  6.558891e+03  7.486348e+03
      vertex  1.159135e+05  6.591126e+03  7.317530e+03
    endloop
  endfacet
  facet normal  2.031722e-01  8.426107e-01 -4.987265e-01
    outer loop
      vertex  1.159135e+05  6.591126e+03  7.317530e+03
      vertex  1.164616e+05  6.558891e+03  7.486348e+03
      vertex  1.164428e+05  6.473294e+03  7.334088e+03
    endloop
  endfacet
  facet normal  2.049610e-01  8.533743e-01 -4.793156e-01
    outer loop
      vertex  1.159135e+05  6.591126e+03  7.317530e+03
      vertex  1.164428e+05  6.473294e+03  7.334088e+03
      vertex  1.162460e+05  6.402191e+03  7.123324e+03
    endloop
  endfacet
  facet normal  1.824691e-01  8.600739e-01 -4.764219e-01
    outer loop
      vertex  1.156475e+05  6.813966e+03  7.614058e+03
      vertex  1.161011e+05  6.724782e+03  7.626767e+03
      vertex  1.157555e+05  6.708701e+03  7.465358e+03
    endloop
  endfacet
  facet normal  1.905716e-01  8.490885e-01 -4.926777e-01
    outer loop
      vertex  1.157555e+05  6.708701e+03  7.465358e+03
      vertex  1.161011e+05  6.724782e+03  7.626767e+03
      vertex  1.161080e+05  6.635664e+03  7.475853e+03
    endloop
  endfacet
  facet normal  1.918862e-01  8.576815e-01 -4.770347e-01
    outer loop
      vertex  1.157555e+05  6.708701e+03  7.465358e+03
      vertex  1.161080e+05  6.635664e+03  7.475853e+03
      vertex  1.159135e+05  6.591126e+03  7.317530e+03
    endloop
  endfacet
  facet normal  2.559816e-01  7.693084e-01 -5.853530e-01
    outer loop
      vertex  1.196825e+05  5.689861e+03  7.580801e+03
      vertex  1.196606e+05  5.585027e+03  7.433438e+03
      vertex  1.191415e+05  5.857878e+03  7.565059e+03
    endloop
  endfacet
  facet normal  2.623541e-01  7.758496e-01 -5.737837e-01
    outer loop
      vertex  1.191415e+05  5.857878e+03  7.565059e+03
      vertex  1.196606e+05  5.585027e+03  7.433438e+03
      vertex  1.191200e+05  5.755565e+03  7.416880e+03
    endloop
  endfacet
  facet normal  2.460713e-01  7.805287e-01 -5.746511e-01
    outer loop
      vertex  1.191415e+05  5.857878e+03  7.565059e+03
      vertex  1.191200e+05  5.755565e+03  7.416880e+03
      vertex  1.186020e+05  6.016375e+03  7.549316e+03
    endloop
  endfacet
  facet normal  2.529641e-01  7.876744e-01 -5.617635e-01
    outer loop
      vertex  1.186020e+05  6.016375e+03  7.549316e+03
      vertex  1.191200e+05  5.755565e+03  7.416880e+03
      vertex  1.185810e+05  5.916872e+03  7.400321e+03
    endloop
  endfacet
  facet normal  2.361719e-01  7.923424e-01 -5.625089e-01
    outer loop
      vertex  1.186020e+05  6.016375e+03  7.549316e+03
      vertex  1.185810e+05  5.916872e+03  7.400321e+03
      vertex  1.180641e+05  6.165532e+03  7.533574e+03
    endloop
  endfacet
  facet normal  2.435542e-01  8.000542e-01 -5.482651e-01
    outer loop
      vertex  1.180641e+05  6.165532e+03  7.533574e+03
      vertex  1.185810e+05  5.916872e+03  7.400321e+03
      vertex  1.180436e+05  6.069119e+03  7.383763e+03
    endloop
  endfacet
  facet normal  2.262529e-01  8.046975e-01 -5.488822e-01
    outer loop
      vertex  1.180641e+05  6.165532e+03  7.533574e+03
      vertex  1.180436e+05  6.069119e+03  7.383763e+03
      vertex  1.175280e+05  6.305538e+03  7.517832e+03
    endloop
  endfacet
  facet normal  2.340796e-01  8.129138e-01 -5.332708e-01
    outer loop
      vertex  1.175280e+05  6.305538e+03  7.517832e+03
      vertex  1.180436e+05  6.069119e+03  7.383763e+03
      vertex  1.175080e+05  6.212481e+03  7.367205e+03
    endloop
  endfacet
  facet normal  2.162727e-01  8.175173e-01 -5.337523e-01
    outer loop
      vertex  1.175280e+05  6.305538e+03  7.517832e+03
      vertex  1.175080e+05  6.212481e+03  7.367205e+03
      vertex  1.169938e+05  6.436591e+03  7.502090e+03
    endloop
  endfacet
  facet normal  2.245194e-01  8.261901e-01 -5.167214e-01
    outer loop
      vertex  1.169938e+05  6.436591e+03  7.502090e+03
      vertex  1.175080e+05  6.212481e+03  7.367205e+03
      vertex  1.169744e+05  6.347144e+03  7.350646e+03
    endloop
  endfacet
  facet normal  1.862020e-01  8.695128e-01 -4.574673e-01
    outer loop
      vertex  1.153865e+05  6.700835e+03  7.300972e+03
      vertex  1.151240e+05  6.752706e+03  7.292692e+03
      vertex  1.154040e+05  6.778064e+03  7.454863e+03
    endloop
  endfacet
  facet normal  1.775889e-01  8.782695e-01 -4.439651e-01
    outer loop
      vertex  1.154040e+05  6.778064e+03  7.454863e+03
      vertex  1.151240e+05  6.752706e+03  7.292692e+03
      vertex  1.150099e+05  6.851786e+03  7.443056e+03
    endloop
  endfacet
  facet normal  1.767893e-01  8.719894e-01 -4.564866e-01
    outer loop
      vertex  1.154040e+05  6.778064e+03  7.454863e+03
      vertex  1.150099e+05  6.851786e+03  7.443056e+03
      vertex  1.151958e+05  6.896964e+03  7.601349e+03
    endloop
  endfacet
  facet normal  1.687431e-01  8.989524e-01 -4.042403e-01
    outer loop
      vertex  1.141668e+05  6.926353e+03  7.262336e+03
      vertex  1.142260e+05  6.985883e+03  7.419443e+03
      vertex  1.145138e+05  6.866173e+03  7.273375e+03
    endloop
  endfacet
  facet normal  1.609265e-01  8.948731e-01 -4.162990e-01
    outer loop
      vertex  1.145138e+05  6.866173e+03  7.273375e+03
      vertex  1.142260e+05  6.985883e+03  7.419443e+03
      vertex  1.146172e+05  6.921029e+03  7.431250e+03
    endloop
  endfacet
  facet normal  1.756110e-01  8.886002e-01 -4.237339e-01
    outer loop
      vertex  1.145138e+05  6.866173e+03  7.273375e+03
      vertex  1.146172e+05  6.921029e+03  7.431250e+03
      vertex  1.148620e+05  6.802620e+03  7.284414e+03
    endloop
  endfacet
  facet normal  1.691902e-01  8.857803e-01 -4.321667e-01
    outer loop
      vertex  1.148620e+05  6.802620e+03  7.284414e+03
      vertex  1.146172e+05  6.921029e+03  7.431250e+03
      vertex  1.150099e+05  6.851786e+03  7.443056e+03
    endloop
  endfacet
  facet normal  1.814213e-01  8.787817e-01 -4.413944e-01
    outer loop
      vertex  1.148620e+05  6.802620e+03  7.284414e+03
      vertex  1.150099e+05  6.851786e+03  7.443056e+03
      vertex  1.151240e+05  6.752706e+03  7.292692e+03
    endloop
  endfacet
  facet normal  2.443168e-01  8.033020e-01 -5.431530e-01
    outer loop
      vertex  1.185810e+05  5.916872e+03  7.400321e+03
      vertex  1.184064e+05  5.830587e+03  7.194167e+03
      vertex  1.180436e+05  6.069119e+03  7.383763e+03
    endloop
  endfacet
  facet normal  2.517281e-01  8.072127e-01 -5.338919e-01
    outer loop
      vertex  1.180436e+05  6.069119e+03  7.383763e+03
      vertex  1.184064e+05  5.830587e+03  7.194167e+03
      vertex  1.181134e+05  5.915647e+03  7.184621e+03
    endloop
  endfacet
  facet normal  2.453274e-01  8.075330e-01 -5.363814e-01
    outer loop
      vertex  1.180436e+05  6.069119e+03  7.383763e+03
      vertex  1.181134e+05  5.915647e+03  7.184621e+03
      vertex  1.178209e+05  5.998155e+03  7.175075e+03
    endloop
  endfacet
  facet normal  2.356092e-01  8.199680e-01 -5.216711e-01
    outer loop
      vertex  1.175080e+05  6.212481e+03  7.367205e+03
      vertex  1.180436e+05  6.069119e+03  7.383763e+03
      vertex  1.175296e+05  6.077976e+03  7.165548e+03
    endloop
  endfacet
  facet normal  2.399006e-01  8.119815e-01 -5.321032e-01
    outer loop
      vertex  1.175296e+05  6.077976e+03  7.165548e+03
      vertex  1.180436e+05  6.069119e+03  7.383763e+03
      vertex  1.178209e+05  5.998155e+03  7.175075e+03
    endloop
  endfacet
  facet normal  2.433410e-01  8.276907e-01 -5.056809e-01
    outer loop
      vertex  1.175296e+05  6.077976e+03  7.165548e+03
      vertex  1.178209e+05  5.998155e+03  7.175075e+03
      vertex  1.172126e+05  6.039227e+03  6.949590e+03
    endloop
  endfacet
  facet normal  2.461640e-01  8.214376e-01 -5.144352e-01
    outer loop
      vertex  1.172126e+05  6.039227e+03  6.949590e+03
      vertex  1.178209e+05  5.998155e+03  7.175075e+03
      vertex  1.177944e+05  5.877333e+03  6.969464e+03
    endloop
  endfacet
  facet normal  2.499451e-01  8.388016e-01 -4.836727e-01
    outer loop
      vertex  1.172126e+05  6.039227e+03  6.949590e+03
      vertex  1.177944e+05  5.877333e+03  6.969464e+03
      vertex  1.173749e+05  5.874052e+03  6.746988e+03
    endloop
  endfacet
  facet normal  1.938020e-01  8.830277e-01 -4.274377e-01
    outer loop
      vertex  1.147719e+05  6.720691e+03  7.074278e+03
      vertex  1.148620e+05  6.802620e+03  7.284414e+03
      vertex  1.152611e+05  6.621239e+03  7.090627e+03
    endloop
  endfacet
  facet normal  1.810673e-01  8.759831e-01 -4.470664e-01
    outer loop
      vertex  1.152611e+05  6.621239e+03  7.090627e+03
      vertex  1.148620e+05  6.802620e+03  7.284414e+03
      vertex  1.151240e+05  6.752706e+03  7.292692e+03
    endloop
  endfacet
  facet normal  1.871563e-01  8.765992e-01 -4.433356e-01
    outer loop
      vertex  1.152611e+05  6.621239e+03  7.090627e+03
      vertex  1.151240e+05  6.752706e+03  7.292692e+03
      vertex  1.153865e+05  6.700835e+03  7.300972e+03
    endloop
  endfacet
  facet normal  2.365110e-01  8.337385e-01 -4.989415e-01
    outer loop
      vertex  1.172126e+05  6.039227e+03  6.949590e+03
      vertex  1.166334e+05  6.191655e+03  6.929716e+03
      vertex  1.172389e+05  6.155310e+03  7.156021e+03
    endloop
  endfacet
  facet normal  2.314041e-01  8.441431e-01 -4.836059e-01
    outer loop
      vertex  1.172389e+05  6.155310e+03  7.156021e+03
      vertex  1.166334e+05  6.191655e+03  6.929716e+03
      vertex  1.167415e+05  6.282302e+03  7.139672e+03
    endloop
  endfacet
  facet normal  2.287354e-01  8.305811e-01 -5.077549e-01
    outer loop
      vertex  1.172389e+05  6.155310e+03  7.156021e+03
      vertex  1.167415e+05  6.282302e+03  7.139672e+03
      vertex  1.169744e+05  6.347144e+03  7.350646e+03
    endloop
  endfacet
  facet normal  2.124887e-01  8.619421e-01 -4.603307e-01
    outer loop
      vertex  1.162460e+05  6.402191e+03  7.123324e+03
      vertex  1.160568e+05  6.334817e+03  6.909842e+03
      vertex  1.157525e+05  6.515121e+03  7.106976e+03
    endloop
  endfacet
  facet normal  2.208862e-01  8.651318e-01 -4.502846e-01
    outer loop
      vertex  1.157525e+05  6.515121e+03  7.106976e+03
      vertex  1.160568e+05  6.334817e+03  6.909842e+03
      vertex  1.157695e+05  6.402988e+03  6.899905e+03
    endloop
  endfacet
  facet normal  2.025340e-01  8.680133e-01 -4.533572e-01
    outer loop
      vertex  1.157525e+05  6.515121e+03  7.106976e+03
      vertex  1.157695e+05  6.402988e+03  6.899905e+03
      vertex  1.152611e+05  6.621239e+03  7.090627e+03
    endloop
  endfacet
  facet normal  2.168343e-01  8.780215e-01 -4.266862e-01
    outer loop
      vertex  1.152611e+05  6.621239e+03  7.090627e+03
      vertex  1.157695e+05  6.402988e+03  6.899905e+03
      vertex  1.154830e+05  6.468920e+03  6.889968e+03
    endloop
  endfacet
  facet normal  2.089320e-01  8.762943e-01 -4.341149e-01
    outer loop
      vertex  1.152611e+05  6.621239e+03  7.090627e+03
      vertex  1.154830e+05  6.468920e+03  6.889968e+03
      vertex  1.150546e+05  6.563678e+03  6.875062e+03
    endloop
  endfacet
  facet normal  2.865905e-01  8.074762e-01 -5.156047e-01
    outer loop
      vertex  1.191408e+05  5.333965e+03  6.808864e+03
      vertex  1.189648e+05  5.524368e+03  7.009213e+03
      vertex  1.194633e+05  5.226679e+03  6.820089e+03
    endloop
  endfacet
  facet normal  2.789405e-01  8.023377e-01 -5.276802e-01
    outer loop
      vertex  1.194633e+05  5.226679e+03  6.820089e+03
      vertex  1.189648e+05  5.524368e+03  7.009213e+03
      vertex  1.195530e+05  5.332925e+03  7.029087e+03
    endloop
  endfacet
  facet normal  2.902869e-01  7.969034e-01 -5.297909e-01
    outer loop
      vertex  1.194633e+05  5.226679e+03  6.820089e+03
      vertex  1.195530e+05  5.332925e+03  7.029087e+03
      vertex  1.197881e+05  5.115866e+03  6.831375e+03
    endloop
  endfacet
  facet normal  2.934543e-01  7.976766e-01 -5.268744e-01
    outer loop
      vertex  1.197881e+05  5.115866e+03  6.831375e+03
      vertex  1.195530e+05  5.332925e+03  7.029087e+03
      vertex  1.199800e+05  5.115775e+03  6.938136e+03
    endloop
  endfacet
  facet normal  2.935461e-01  7.975337e-01 -5.270395e-01
    outer loop
      vertex  1.197881e+05  5.115866e+03  6.831375e+03
      vertex  1.199800e+05  5.115775e+03  6.938136e+03
      vertex  1.199800e+05  5.011666e+03  6.780595e+03
    endloop
  endfacet
  facet normal  2.701634e-01  8.173610e-01 -5.088544e-01
    outer loop
      vertex  1.183785e+05  5.705776e+03  6.989338e+03
      vertex  1.189648e+05  5.524368e+03  7.009213e+03
      vertex  1.183360e+05  5.589961e+03  6.780755e+03
    endloop
  endfacet
  facet normal  2.727000e-01  8.109546e-01 -5.176749e-01
    outer loop
      vertex  1.183360e+05  5.589961e+03  6.780755e+03
      vertex  1.189648e+05  5.524368e+03  7.009213e+03
      vertex  1.188189e+05  5.438354e+03  6.797638e+03
    endloop
  endfacet
  facet normal  2.771018e-01  8.284175e-01 -4.867640e-01
    outer loop
      vertex  1.183360e+05  5.589961e+03  6.780755e+03
      vertex  1.188189e+05  5.438354e+03  6.797638e+03
      vertex  1.181443e+05  5.510922e+03  6.537091e+03
    endloop
  endfacet
  facet normal  2.796748e-01  8.226293e-01 -4.950384e-01
    outer loop
      vertex  1.181443e+05  5.510922e+03  6.537091e+03
      vertex  1.188189e+05  5.438354e+03  6.797638e+03
      vertex  1.187869e+05  5.306258e+03  6.560063e+03
    endloop
  endfacet
  facet normal  2.585163e-01  8.212506e-01 -5.086422e-01
    outer loop
      vertex  1.183785e+05  5.705776e+03  6.989338e+03
      vertex  1.183360e+05  5.589961e+03  6.780755e+03
      vertex  1.177944e+05  5.877333e+03  6.969464e+03
    endloop
  endfacet
  facet normal  2.669260e-01  8.274800e-01 -4.939913e-01
    outer loop
      vertex  1.177944e+05  5.877333e+03  6.969464e+03
      vertex  1.183360e+05  5.589961e+03  6.780755e+03
      vertex  1.178546e+05  5.735162e+03  6.763871e+03
    endloop
  endfacet
  facet normal  2.573393e-01  8.284369e-01 -4.974624e-01
    outer loop
      vertex  1.177944e+05  5.877333e+03  6.969464e+03
      vertex  1.178546e+05  5.735162e+03  6.763871e+03
      vertex  1.173749e+05  5.874052e+03  6.746988e+03
    endloop
  endfacet
  facet normal  2.169451e-01  8.787323e-01 -4.251640e-01
    outer loop
      vertex  1.154830e+05  6.468920e+03  6.889968e+03
      vertex  1.157695e+05  6.402988e+03  6.899905e+03
      vertex  1.153168e+05  6.405383e+03  6.673826e+03
    endloop
  endfacet
  facet normal  2.240537e-01  8.698533e-01 -4.394943e-01
    outer loop
      vertex  1.153168e+05  6.405383e+03  6.673826e+03
      vertex  1.157695e+05  6.402988e+03  6.899905e+03
      vertex  1.158411e+05  6.279815e+03  6.692585e+03
    endloop
  endfacet
  facet normal  2.259395e-01  8.814170e-01 -4.147956e-01
    outer loop
      vertex  1.153168e+05  6.405383e+03  6.673826e+03
      vertex  1.158411e+05  6.279815e+03  6.692585e+03
      vertex  1.156043e+05  6.224090e+03  6.445202e+03
    endloop
  endfacet
  facet normal  2.591273e-01  8.636801e-01 -4.323307e-01
    outer loop
      vertex  1.168387e+05  5.775675e+03  6.248920e+03
      vertex  1.162064e+05  5.953801e+03  6.225758e+03
      vertex  1.168678e+05  5.888208e+03  6.491146e+03
    endloop
  endfacet
  facet normal  2.559154e-01  8.692667e-01 -4.229453e-01
    outer loop
      vertex  1.168678e+05  5.888208e+03  6.491146e+03
      vertex  1.162064e+05  5.953801e+03  6.225758e+03
      vertex  1.165489e+05  5.976465e+03  6.479598e+03
    endloop
  endfacet
  facet normal  2.528719e-01  8.541554e-01 -4.543945e-01
    outer loop
      vertex  1.168678e+05  5.888208e+03  6.491146e+03
      vertex  1.165489e+05  5.976465e+03  6.479598e+03
      vertex  1.168968e+05  6.006728e+03  6.730104e+03
    endloop
  endfacet
  facet normal  2.443238e-01  8.623255e-01 -4.435093e-01
    outer loop
      vertex  1.168968e+05  6.006728e+03  6.730104e+03
      vertex  1.165489e+05  5.976465e+03  6.479598e+03
      vertex  1.163678e+05  6.146977e+03  6.711345e+03
    endloop
  endfacet
  facet normal  2.419071e-01  8.499200e-01 -4.680994e-01
    outer loop
      vertex  1.168968e+05  6.006728e+03  6.730104e+03
      vertex  1.163678e+05  6.146977e+03  6.711345e+03
      vertex  1.166334e+05  6.191655e+03  6.929716e+03
    endloop
  endfacet
  facet normal  2.355018e-01  8.737117e-01 -4.256368e-01
    outer loop
      vertex  1.158411e+05  6.279815e+03  6.692585e+03
      vertex  1.163678e+05  6.146977e+03  6.711345e+03
      vertex  1.159172e+05  6.144353e+03  6.456625e+03
    endloop
  endfacet
  facet normal  2.427462e-01  8.653949e-01 -4.383676e-01
    outer loop
      vertex  1.159172e+05  6.144353e+03  6.456625e+03
      vertex  1.163678e+05  6.146977e+03  6.711345e+03
      vertex  1.162309e+05  6.062131e+03  6.468049e+03
    endloop
  endfacet
  facet normal  2.455582e-01  8.807769e-01 -4.048866e-01
    outer loop
      vertex  1.159172e+05  6.144353e+03  6.456625e+03
      vertex  1.162309e+05  6.062131e+03  6.468049e+03
      vertex  1.155775e+05  6.122264e+03  6.202596e+03
    endloop
  endfacet
  facet normal  2.495587e-01  8.743622e-01 -4.161864e-01
    outer loop
      vertex  1.155775e+05  6.122264e+03  6.202596e+03
      vertex  1.162309e+05  6.062131e+03  6.468049e+03
      vertex  1.162064e+05  5.953801e+03  6.225758e+03
    endloop
  endfacet
  facet normal  2.518778e-01  8.870418e-01 -3.869295e-01
    outer loop
      vertex  1.155775e+05  6.122264e+03  6.202596e+03
      vertex  1.162064e+05  5.953801e+03  6.225758e+03
      vertex  1.159921e+05  5.904704e+03  5.973719e+03
    endloop
  endfacet
  facet normal  2.388302e-01  9.049993e-01 -3.520460e-01
    outer loop
      vertex  1.148346e+05  6.213937e+03  5.930934e+03
      vertex  1.142607e+05  6.357071e+03  5.909541e+03
      vertex  1.146364e+05  6.358337e+03  6.167679e+03
    endloop
  endfacet
  facet normal  2.292223e-01  9.127681e-01 -3.381001e-01
    outer loop
      vertex  1.146364e+05  6.358337e+03  6.167679e+03
      vertex  1.142607e+05  6.357071e+03  5.909541e+03
      vertex  1.143215e+05  6.433061e+03  6.155925e+03
    endloop
  endfacet
  facet normal  2.277172e-01  9.018551e-01 -3.671544e-01
    outer loop
      vertex  1.146364e+05  6.358337e+03  6.167679e+03
      vertex  1.143215e+05  6.433061e+03  6.155925e+03
      vertex  1.146660e+05  6.449820e+03  6.410743e+03
    endloop
  endfacet
  facet normal  2.174883e-01  9.096681e-01 -3.538403e-01
    outer loop
      vertex  1.146660e+05  6.449820e+03  6.410743e+03
      vertex  1.143215e+05  6.433061e+03  6.155925e+03
      vertex  1.142001e+05  6.554521e+03  6.393514e+03
    endloop
  endfacet
  facet normal  2.158289e-01  8.970499e-01 -3.856415e-01
    outer loop
      vertex  1.146660e+05  6.449820e+03  6.410743e+03
      vertex  1.142001e+05  6.554521e+03  6.393514e+03
      vertex  1.147950e+05  6.523823e+03  6.655066e+03
    endloop
  endfacet
  facet normal  2.079356e-01  9.068711e-01 -3.665346e-01
    outer loop
      vertex  1.147950e+05  6.523823e+03  6.655066e+03
      vertex  1.142001e+05  6.554521e+03  6.393514e+03
      vertex  1.142758e+05  6.635278e+03  6.636307e+03
    endloop
  endfacet
  facet normal  2.063164e-01  8.941231e-01 -3.974637e-01
    outer loop
      vertex  1.147950e+05  6.523823e+03  6.655066e+03
      vertex  1.142758e+05  6.635278e+03  6.636307e+03
      vertex  1.146279e+05  6.653544e+03  6.860156e+03
    endloop
  endfacet
  facet normal  2.937219e-01  8.283509e-01 -4.770350e-01
    outer loop
      vertex  1.194323e+05  5.090663e+03  6.583035e+03
      vertex  1.193995e+05  4.963213e+03  6.341569e+03
      vertex  1.187869e+05  5.306258e+03  6.560063e+03
    endloop
  endfacet
  facet normal  2.986295e-01  8.315633e-01 -4.683192e-01
    outer loop
      vertex  1.187869e+05  5.306258e+03  6.560063e+03
      vertex  1.193995e+05  4.963213e+03  6.341569e+03
      vertex  1.187550e+05  5.181643e+03  6.318407e+03
    endloop
  endfacet
  facet normal  2.831975e-01  8.366259e-01 -4.688883e-01
    outer loop
      vertex  1.187869e+05  5.306258e+03  6.560063e+03
      vertex  1.187550e+05  5.181643e+03  6.318407e+03
      vertex  1.181443e+05  5.510922e+03  6.537091e+03
    endloop
  endfacet
  facet normal  2.890933e-01  8.404951e-01 -4.582498e-01
    outer loop
      vertex  1.181443e+05  5.510922e+03  6.537091e+03
      vertex  1.187550e+05  5.181643e+03  6.318407e+03
      vertex  1.181132e+05  5.389759e+03  6.295245e+03
    endloop
  endfacet
  facet normal  2.727928e-01  8.456597e-01 -4.587415e-01
    outer loop
      vertex  1.181443e+05  5.510922e+03  6.537091e+03
      vertex  1.181132e+05  5.389759e+03  6.295245e+03
      vertex  1.175045e+05  5.704841e+03  6.514119e+03
    endloop
  endfacet
  facet normal  2.796225e-01  8.501336e-01 -4.461885e-01
    outer loop
      vertex  1.175045e+05  5.704841e+03  6.514119e+03
      vertex  1.181132e+05  5.389759e+03  6.295245e+03
      vertex  1.174744e+05  5.587716e+03  6.272083e+03
    endloop
  endfacet
  facet normal  2.624514e-01  8.553805e-01 -4.465910e-01
    outer loop
      vertex  1.175045e+05  5.704841e+03  6.514119e+03
      vertex  1.174744e+05  5.587716e+03  6.272083e+03
      vertex  1.168678e+05  5.888208e+03  6.491146e+03
    endloop
  endfacet
  facet normal  2.701586e-01  8.603953e-01 -4.321278e-01
    outer loop
      vertex  1.168678e+05  5.888208e+03  6.491146e+03
      vertex  1.174744e+05  5.587716e+03  6.272083e+03
      vertex  1.168387e+05  5.775675e+03  6.248920e+03
    endloop
  endfacet
  facet normal  2.334366e-01  9.003402e-01 -3.672804e-01
    outer loop
      vertex  1.146364e+05  6.358337e+03  6.167679e+03
      vertex  1.146660e+05  6.449820e+03  6.410743e+03
      vertex  1.149523e+05  6.281235e+03  6.179434e+03
    endloop
  endfacet
  facet normal  2.252633e-01  8.987289e-01 -3.762217e-01
    outer loop
      vertex  1.149523e+05  6.281235e+03  6.179434e+03
      vertex  1.146660e+05  6.449820e+03  6.410743e+03
      vertex  1.151341e+05  6.339707e+03  6.427972e+03
    endloop
  endfacet
  facet normal  2.407475e-01  8.906800e-01 -3.856553e-01
    outer loop
      vertex  1.149523e+05  6.281235e+03  6.179434e+03
      vertex  1.151341e+05  6.339707e+03  6.427972e+03
      vertex  1.155775e+05  6.122264e+03  6.202596e+03
    endloop
  endfacet
  facet normal  2.327790e-01  8.873202e-01 -3.980918e-01
    outer loop
      vertex  1.155775e+05  6.122264e+03  6.202596e+03
      vertex  1.151341e+05  6.339707e+03  6.427972e+03
      vertex  1.156043e+05  6.224090e+03  6.445202e+03
    endloop
  endfacet
  facet normal  2.401702e-01  8.853528e-01 -3.980811e-01
    outer loop
      vertex  1.155775e+05  6.122264e+03  6.202596e+03
      vertex  1.156043e+05  6.224090e+03  6.445202e+03
      vertex  1.159172e+05  6.144353e+03  6.456625e+03
    endloop
  endfacet
  facet normal  2.818624e-01  8.597324e-01 -4.259271e-01
    outer loop
      vertex  1.181132e+05  5.389759e+03  6.295245e+03
      vertex  1.178692e+05  5.344392e+03  6.042175e+03
      vertex  1.174744e+05  5.587716e+03  6.272083e+03
    endloop
  endfacet
  facet normal  2.859283e-01  8.611082e-01 -4.204018e-01
    outer loop
      vertex  1.174744e+05  5.587716e+03  6.272083e+03
      vertex  1.178692e+05  5.344392e+03  6.042175e+03
      vertex  1.175150e+05  5.455722e+03  6.029340e+03
    endloop
  endfacet
  facet normal  2.800180e-01  8.622597e-01 -4.220167e-01
    outer loop
      vertex  1.174744e+05  5.587716e+03  6.272083e+03
      vertex  1.175150e+05  5.455722e+03  6.029340e+03
      vertex  1.171618e+05  5.564132e+03  6.016504e+03
    endloop
  endfacet
  facet normal  1.000000e+00  -0.000000e+00  0.000000e+00
    outer loop
      vertex  1.199800e+05  3.550000e+03  3.710000e+03
      vertex  1.199800e+05  2.562950e+03  3.710000e+03
      vertex  1.199800e+05  2.562950e+03  1.100000e+03
    endloop
  endfacet
  facet normal  1.000000e+00  0.000000e+00  0.000000e+00
    outer loop
      vertex  1.199800e+05  3.550000e+03  3.710000e+03
      vertex  1.199800e+05  2.562950e+03  1.100000e+03
      vertex  1.199800e+05  3.831852e+03  3.560892e+03
    endloop
  endfacet
  facet normal  9.999999e-01  0.000000e+00  -0.000000e+00
    outer loop
      vertex  1.199800e+05  3.550000e+03  3.710000e+03
      vertex  1.199800e+05  3.831852e+03  3.560892e+03
      vertex  1.199800e+05  3.856575e+03  3.710000e+03
    endloop
  endfacet
  facet normal  9.999999e-01  0.000000e+00  -0.000000e+00
    outer loop
      vertex  1.199800e+05  3.550000e+03  3.710000e+03
      vertex  1.199800e+05  3.856575e+03  3.710000e+03
      vertex  1.199800e+05  3.883037e+03  3.860770e+03
    endloop
  endfacet
  facet normal  1.000000e+00  0.000000e+00  -0.000000e+00
    outer loop
      vertex  1.199800e+05  3.550000e+03  3.710000e+03
      vertex  1.199800e+05  3.883037e+03  3.860770e+03
      vertex  1.199800e+05  3.916139e+03  4.036193e+03
    endloop
  endfacet
  facet normal  1.000000e+00  0.000000e+00  -0.000000e+00
    outer loop
      vertex  1.199800e+05  3.550000e+03  3.710000e+03
      vertex  1.199800e+05  3.916139e+03  4.036193e+03
      vertex  1.199800e+05  3.952139e+03  4.211325e+03
    endloop
  endfacet
  facet normal  1.000000e+00  0.000000e+00  -0.000000e+00
    outer loop
      vertex  1.199800e+05  3.550000e+03  3.710000e+03
      vertex  1.199800e+05  3.952139e+03  4.211325e+03
      vertex  1.199800e+05  3.991422e+03  4.386022e+03
    endloop
  endfacet
  facet normal  1.000000e+00  0.000000e+00  -0.000000e+00
    outer loop
      vertex  1.199800e+05  3.550000e+03  3.710000e+03
      vertex  1.199800e+05  3.991422e+03  4.386022e+03
      vertex  1.199800e+05  4.034312e+03  4.560137e+03
    endloop
  endfacet
  facet normal  1.000000e+00  0.000000e+00  -0.000000e+00
    outer loop
      vertex  1.199800e+05  3.550000e+03  3.710000e+03
      vertex  1.199800e+05  4.034312e+03  4.560137e+03
      vertex  1.199800e+05  4.081527e+03  4.735800e+03
    endloop
  endfacet
  facet normal  1.000000e+00  0.000000e+00  -0.000000e+00
    outer loop
      vertex  1.199800e+05  3.550000e+03  3.710000e+03
      vertex  1.199800e+05  4.081527e+03  4.735800e+03
      vertex  1.199800e+05  4.132889e+03  4.910577e+03
    endloop
  endfacet
  facet normal  1.000000e+00  0.000000e+00  -0.000000e+00
    outer loop
      vertex  1.199800e+05  3.550000e+03  3.710000e+03
      vertex  1.199800e+05  4.132889e+03  4.910577e+03
      vertex  1.199800e+05  4.185854e+03  5.076234e+03
    endloop
  endfacet
  facet normal  9.999999e-01  0.000000e+00  -0.000000e+00
    outer loop
      vertex  1.199800e+05  3.550000e+03  3.710000e+03
      vertex  1.199800e+05  4.185854e+03  5.076234e+03
      vertex  1.199800e+05  4.242810e+03  5.240815e+03
    endloop
  endfacet
  facet normal  1.000000e+00  0.000000e+00  -0.000000e+00
    outer loop
      vertex  1.199800e+05  3.550000e+03  3.710000e+03
      vertex  1.199800e+05  4.242810e+03  5.240815e+03
      vertex  1.199800e+05  4.302199e+03  5.400046e+03
    endloop
  endfacet
  facet normal  1.000000e+00  0.000000e+00  -0.000000e+00
    outer loop
      vertex  1.199800e+05  3.550000e+03  3.710000e+03
      vertex  1.199800e+05  4.302199e+03  5.400046e+03
      vertex  1.199800e+05  4.365431e+03  5.558031e+03
    endloop
  endfacet
  facet normal  1.000000e+00  0.000000e+00  -0.000000e+00
    outer loop
      vertex  1.199800e+05  3.550000e+03  3.710000e+03
      vertex  1.199800e+05  4.365431e+03  5.558031e+03
      vertex  1.199800e+05  4.432481e+03  5.714668e+03
    endloop
  endfacet
  facet normal  1.000000e+00  -0.000000e+00  0.000000e+00
    outer loop
      vertex  1.199800e+05  4.400000e+03  6.313000e+03
      vertex  1.199800e+05  3.550000e+03  6.313000e+03
      vertex  1.199800e+05  4.613189e+03  6.093146e+03
    endloop
  endfacet
  facet normal  1.000000e+00  0.000000e+00  -0.000000e+00
    outer loop
      vertex  1.199800e+05  4.400000e+03  6.313000e+03
      vertex  1.199800e+05  4.613189e+03  6.093146e+03
      vertex  1.199800e+05  4.730704e+03  6.313000e+03
    endloop
  endfacet
  facet normal  1.000000e+00  0.000000e+00  -0.000000e+00
    outer loop
      vertex  1.199800e+05  4.400000e+03  6.313000e+03
      vertex  1.199800e+05  4.730704e+03  6.313000e+03
      vertex  1.199800e+05  4.819097e+03  6.467895e+03
    endloop
  endfacet
  facet normal  1.000000e+00  0.000000e+00  -0.000000e+00
    outer loop
      vertex  1.199800e+05  4.400000e+03  6.313000e+03
      vertex  1.199800e+05  4.819097e+03  6.467895e+03
      vertex  1.199800e+05  4.910958e+03  6.620887e+03
    endloop
  endfacet
  facet normal  1.000000e+00  0.000000e+00  -0.000000e+00
    outer loop
      vertex  1.199800e+05  4.400000e+03  6.313000e+03
      vertex  1.199800e+05  4.910958e+03  6.620887e+03
      vertex  1.199800e+05  5.011666e+03  6.780595e+03
    endloop
  endfacet
  facet normal  1.000000e+00  0.000000e+00  -0.000000e+00
    outer loop
      vertex  1.199800e+05  4.400000e+03  6.313000e+03
      vertex  1.199800e+05  5.011666e+03  6.780595e+03
      vertex  1.199800e+05  5.115775e+03  6.938136e+03
    endloop
  endfacet
  facet normal  1.000000e+00  0.000000e+00  -0.000000e+00
    outer loop
      vertex  1.199800e+05  4.400000e+03  6.313000e+03
      vertex  1.199800e+05  5.115775e+03  6.938136e+03
      vertex  1.199800e+05  5.223014e+03  7.093529e+03
    endloop
  endfacet
  facet normal  1.000000e+00  0.000000e+00  -0.000000e+00
    outer loop
      vertex  1.199800e+05  4.400000e+03  6.313000e+03
      vertex  1.199800e+05  5.223014e+03  7.093529e+03
      vertex  1.199800e+05  5.333101e+03  7.246824e+03
    endloop
  endfacet
  facet normal  1.000000e+00  0.000000e+00  -0.000000e+00
    outer loop
      vertex  1.199800e+05  4.400000e+03  6.313000e+03
      vertex  1.199800e+05  5.333101e+03  7.246824e+03
      vertex  1.199800e+05  5.432345e+03  7.380380e+03
    endloop
  endfacet
  facet normal  1.000000e+00  0.000000e+00  -0.000000e+00
    outer loop
      vertex  1.199800e+05  4.400000e+03  6.313000e+03
      vertex  1.199800e+05  5.432345e+03  7.380380e+03
      vertex  1.199800e+05  5.533365e+03  7.512442e+03
    endloop
  endfacet
  facet normal  9.999999e-01  0.000000e+00  -0.000000e+00
    outer loop
      vertex  1.199800e+05  4.400000e+03  6.313000e+03
      vertex  1.199800e+05  5.533365e+03  7.512442e+03
      vertex  1.199800e+05  5.739856e+03  7.772483e+03
    endloop
  endfacet
  facet normal  1.000000e+00  0.000000e+00  -0.000000e+00
    outer loop
      vertex  1.199800e+05  4.400000e+03  6.313000e+03
      vertex  1.199800e+05  5.739856e+03  7.772483e+03
      vertex  1.199800e+05  5.864383e+03  7.924304e+03
    endloop
  endfacet
  facet normal  1.000000e+00  0.000000e+00  -0.000000e+00
    outer loop
      vertex  1.199800e+05  4.400000e+03  6.313000e+03
      vertex  1.199800e+05  5.864383e+03  7.924304e+03
      vertex  1.199800e+05  6.116491e+03  8.224229e+03
    endloop
  endfacet
  facet normal  1.000000e+00  0.000000e+00  -0.000000e+00
    outer loop
      vertex  1.199800e+05  4.400000e+03  6.313000e+03
      vertex  1.199800e+05  6.116491e+03  8.224229e+03
      vertex  1.199800e+05  6.409825e+03  8.568425e+03
    endloop
  endfacet
  facet normal  1.000000e+00  0.000000e+00  -0.000000e+00
    outer loop
      vertex  1.199800e+05  4.400000e+03  6.313000e+03
      vertex  1.199800e+05  6.409825e+03  8.568425e+03
      vertex  1.199800e+05  6.622106e+03  8.820637e+03
    endloop
  endfacet
  facet normal  1.000000e+00  0.000000e+00  -0.000000e+00
    outer loop
      vertex  1.199800e+05  4.400000e+03  6.313000e+03
      vertex  1.199800e+05  6.622106e+03  8.820637e+03
      vertex  1.199800e+05  6.726816e+03  8.947828e+03
    endloop
  endfacet
  facet normal  1.000000e+00  0.000000e+00  -0.000000e+00
    outer loop
      vertex  1.199800e+05  4.400000e+03  6.313000e+03
      vertex  1.199800e+05  6.726816e+03  8.947828e+03
      vertex  1.199800e+05  6.871849e+03  9.128848e+03
    endloop
  endfacet
  facet normal  9.999999e-01  0.000000e+00  -0.000000e+00
    outer loop
      vertex  1.199800e+05  4.400000e+03  6.313000e+03
      vertex  1.199800e+05  6.871849e+03  9.128848e+03
      vertex  1.199800e+05  7.013471e+03  9.313111e+03
    endloop
  endfacet
  facet normal  1.000000e+00  0.000000e+00  -0.000000e+00
    outer loop
      vertex  1.199800e+05  4.400000e+03  6.313000e+03
      vertex  1.199800e+05  7.013471e+03  9.313111e+03
      vertex  1.199800e+05  7.135290e+03  9.479585e+03
    endloop
  endfacet
  facet normal  1.000000e+00  0.000000e+00  -0.000000e+00
    outer loop
      vertex  1.199800e+05  4.400000e+03  6.313000e+03
      vertex  1.199800e+05  7.135290e+03  9.479585e+03
      vertex  1.199800e+05  7.253325e+03  9.650000e+03
    endloop
  endfacet
  facet normal  1.000000e+00  0.000000e+00  0.000000e+00
    outer loop
      vertex  1.199800e+05  4.400000e+03  6.313000e+03
      vertex  1.199800e+05  7.253325e+03  9.650000e+03
      vertex  1.199800e+05  4.400000e+03  9.650000e+03
    endloop
  endfacet
  facet normal  1.000000e+00  0.000000e+00  0.000000e+00
    outer loop
      vertex  1.199800e+05  3.550000e+03  6.313000e+03
      vertex  1.199800e+05  3.550000e+03  3.710000e+03
      vertex  1.199800e+05  4.432481e+03  5.714668e+03
    endloop
  endfacet
  facet normal  1.000000e+00  0.000000e+00  -0.000000e+00
    outer loop
      vertex  1.199800e+05  3.550000e+03  6.313000e+03
      vertex  1.199800e+05  4.432481e+03  5.714668e+03
      vertex  1.199800e+05  4.503299e+03  5.869871e+03
    endloop
  endfacet
  facet normal  1.000000e+00  0.000000e+00  -0.000000e+00
    outer loop
      vertex  1.199800e+05  3.550000e+03  6.313000e+03
      vertex  1.199800e+05  4.503299e+03  5.869871e+03
      vertex  1.199800e+05  4.613189e+03  6.093146e+03
    endloop
  endfacet
  facet normal  1.000000e+00  0.000000e+00  -0.000000e+00
    outer loop
      vertex  1.199800e+05  2.562950e+03  1.100000e+03
      vertex  1.199800e+05  3.116598e+03  1.100000e+03
      vertex  1.199800e+05  3.134905e+03  1.124110e+03
    endloop
  endfacet
  facet normal  1.000000e+00  0.000000e+00  -0.000000e+00
    outer loop
      vertex  1.199800e+05  2.562950e+03  1.100000e+03
      vertex  1.199800e+05  3.134905e+03  1.124110e+03
      vertex  1.199800e+05  3.140535e+03  1.131791e+03
    endloop
  endfacet
  facet normal  1.000000e+00  0.000000e+00  -0.000000e+00
    outer loop
      vertex  1.199800e+05  2.562950e+03  1.100000e+03
      vertex  1.199800e+05  3.140535e+03  1.131791e+03
      vertex  1.199800e+05  3.187998e+03  1.203766e+03
    endloop
  endfacet
  facet normal  1.000000e+00  0.000000e+00  -0.000000e+00
    outer loop
      vertex  1.199800e+05  2.562950e+03  1.100000e+03
      vertex  1.199800e+05  3.187998e+03  1.203766e+03
      vertex  1.199800e+05  3.235303e+03  1.283556e+03
    endloop
  endfacet
  facet normal  9.999999e-01  0.000000e+00  -0.000000e+00
    outer loop
      vertex  1.199800e+05  2.562950e+03  1.100000e+03
      vertex  1.199800e+05  3.235303e+03  1.283556e+03
      vertex  1.199800e+05  3.281758e+03  1.367849e+03
    endloop
  endfacet
  facet normal  1.000000e+00  0.000000e+00  -0.000000e+00
    outer loop
      vertex  1.199800e+05  2.562950e+03  1.100000e+03
      vertex  1.199800e+05  3.281758e+03  1.367849e+03
      vertex  1.199800e+05  3.325217e+03  1.452832e+03
    endloop
  endfacet
  facet normal  1.000000e+00  0.000000e+00  -0.000000e+00
    outer loop
      vertex  1.199800e+05  2.562950e+03  1.100000e+03
      vertex  1.199800e+05  3.325217e+03  1.452832e+03
      vertex  1.199800e+05  3.365770e+03  1.538446e+03
    endloop
  endfacet
  facet normal  1.000000e+00  0.000000e+00  -0.000000e+00
    outer loop
      vertex  1.199800e+05  2.562950e+03  1.100000e+03
      vertex  1.199800e+05  3.365770e+03  1.538446e+03
      vertex  1.199800e+05  3.403527e+03  1.624633e+03
    endloop
  endfacet
  facet normal  1.000000e+00  0.000000e+00  -0.000000e+00
    outer loop
      vertex  1.199800e+05  2.562950e+03  1.100000e+03
      vertex  1.199800e+05  3.403527e+03  1.624633e+03
      vertex  1.199800e+05  3.440532e+03  1.716288e+03
    endloop
  endfacet
  facet normal  1.000000e+00  0.000000e+00  -0.000000e+00
    outer loop
      vertex  1.199800e+05  2.562950e+03  1.100000e+03
      vertex  1.199800e+05  3.440532e+03  1.716288e+03
      vertex  1.199800e+05  3.474721e+03  1.808464e+03
    endloop
  endfacet
  facet normal  1.000000e+00  0.000000e+00  -0.000000e+00
    outer loop
      vertex  1.199800e+05  2.562950e+03  1.100000e+03
      vertex  1.199800e+05  3.474721e+03  1.808464e+03
      vertex  1.199800e+05  3.506272e+03  1.901104e+03
    endloop
  endfacet
  facet normal  1.000000e+00  0.000000e+00  -0.000000e+00
    outer loop
      vertex  1.199800e+05  2.562950e+03  1.100000e+03
      vertex  1.199800e+05  3.506272e+03  1.901104e+03
      vertex  1.199800e+05  3.535375e+03  1.994158e+03
    endloop
  endfacet
  facet normal  1.000000e+00  0.000000e+00  -0.000000e+00
    outer loop
      vertex  1.199800e+05  2.562950e+03  1.100000e+03
      vertex  1.199800e+05  3.535375e+03  1.994158e+03
      vertex  1.199800e+05  3.563052e+03  2.090579e+03
    endloop
  endfacet
  facet normal  1.000000e+00  0.000000e+00  -0.000000e+00
    outer loop
      vertex  1.199800e+05  2.562950e+03  1.100000e+03
      vertex  1.199800e+05  3.563052e+03  2.090579e+03
      vertex  1.199800e+05  3.588552e+03  2.187352e+03
    endloop
  endfacet
  facet normal  1.000000e+00  0.000000e+00  -0.000000e+00
    outer loop
      vertex  1.199800e+05  2.562950e+03  1.100000e+03
      vertex  1.199800e+05  3.588552e+03  2.187352e+03
      vertex  1.199800e+05  3.633909e+03  2.381797e+03
    endloop
  endfacet
  facet normal  1.000000e+00  0.000000e+00  -0.000000e+00
    outer loop
      vertex  1.199800e+05  2.562950e+03  1.100000e+03
      vertex  1.199800e+05  3.633909e+03  2.381797e+03
      vertex  1.199800e+05  3.674986e+03  2.586820e+03
    endloop
  endfacet
  facet normal  1.000000e+00  0.000000e+00  -0.000000e+00
    outer loop
      vertex  1.199800e+05  2.562950e+03  1.100000e+03
      vertex  1.199800e+05  3.674986e+03  2.586820e+03
      vertex  1.199800e+05  3.711301e+03  2.792715e+03
    endloop
  endfacet
  facet normal  1.000000e+00  0.000000e+00  -0.000000e+00
    outer loop
      vertex  1.199800e+05  2.562950e+03  1.100000e+03
      vertex  1.199800e+05  3.711301e+03  2.792715e+03
      vertex  1.199800e+05  3.736723e+03  2.949123e+03
    endloop
  endfacet
  facet normal  1.000000e+00  0.000000e+00  -0.000000e+00
    outer loop
      vertex  1.199800e+05  2.562950e+03  1.100000e+03
      vertex  1.199800e+05  3.736723e+03  2.949123e+03
      vertex  1.199800e+05  3.785194e+03  3.262846e+03
    endloop
  endfacet
  facet normal  1.000000e+00  0.000000e+00  -0.000000e+00
    outer loop
      vertex  1.199800e+05  2.562950e+03  1.100000e+03
      vertex  1.199800e+05  3.785194e+03  3.262846e+03
      vertex  1.199800e+05  3.831852e+03  3.560892e+03
    endloop
  endfacet
  facet normal  0.000000e+00  -0.000000e+00  1.000000e+00
    outer loop
      vertex  1.125800e+05  6.600000e+03  9.650000e+03
      vertex  1.199800e+05  4.400000e+03  9.650000e+03
      vertex  1.199800e+05  7.253325e+03  9.650000e+03
    endloop
  endfacet
  facet normal  0.000000e+00  -0.000000e+00  1.000000e+00
    outer loop
      vertex  1.051800e+05  6.600000e+03  9.650000e+03
      vertex  1.125800e+05  6.600000e+03  9.650000e+03
      vertex  1.199800e+05  7.253325e+03  9.650000e+03
    endloop
  endfacet
  facet normal  0.000000e+00  0.000000e+00  9.999999e-01
    outer loop
      vertex  1.051800e+05  6.600000e+03  9.650000e+03
      vertex  1.199800e+05  7.253325e+03  9.650000e+03
      vertex  1.196144e+05  7.338051e+03  9.650000e+03
    endloop
  endfacet
  facet normal  0.000000e+00  0.000000e+00  1.000000e+00
    outer loop
      vertex  1.051800e+05  6.600000e+03  9.650000e+03
      vertex  1.196144e+05  7.338051e+03  9.650000e+03
      vertex  1.192482e+05  7.416760e+03  9.650000e+03
    endloop
  endfacet
  facet normal  0.000000e+00  0.000000e+00  1.000000e+00
    outer loop
      vertex  1.051800e+05  6.600000e+03  9.650000e+03
      vertex  1.192482e+05  7.416760e+03  9.650000e+03
      vertex  1.188773e+05  7.490330e+03  9.650000e+03
    endloop
  endfacet
  facet normal  0.000000e+00  0.000000e+00  9.999999e-01
    outer loop
      vertex  1.051800e+05  6.600000e+03  9.650000e+03
      vertex  1.188773e+05  7.490330e+03  9.650000e+03
      vertex  1.185059e+05  7.557871e+03  9.650000e+03
    endloop
  endfacet
  facet normal  0.000000e+00  0.000000e+00  1.000000e+00
    outer loop
      vertex  1.051800e+05  6.600000e+03  9.650000e+03
      vertex  1.185059e+05  7.557871e+03  9.650000e+03
      vertex  1.181292e+05  7.620263e+03  9.650000e+03
    endloop
  endfacet
  facet normal  0.000000e+00  0.000000e+00  1.000000e+00
    outer loop
      vertex  1.051800e+05  6.600000e+03  9.650000e+03
      vertex  1.181292e+05  7.620263e+03  9.650000e+03
      vertex  1.177523e+05  7.676619e+03  9.650000e+03
    endloop
  endfacet
  facet normal  0.000000e+00  0.000000e+00  1.000000e+00
    outer loop
      vertex  1.051800e+05  6.600000e+03  9.650000e+03
      vertex  1.177523e+05  7.676619e+03  9.650000e+03
      vertex  1.173694e+05  7.727779e+03  9.650000e+03
    endloop
  endfacet
  facet normal  0.000000e+00  0.000000e+00  1.000000e+00
    outer loop
      vertex  1.051800e+05  6.600000e+03  9.650000e+03
      vertex  1.173694e+05  7.727779e+03  9.650000e+03
      vertex  1.169864e+05  7.772899e+03  9.650000e+03
    endloop
  endfacet
  facet normal  0.000000e+00  0.000000e+00  1.000000e+00
    outer loop
      vertex  1.051800e+05  6.600000e+03  9.650000e+03
      vertex  1.169864e+05  7.772899e+03  9.650000e+03
      vertex  1.165968e+05  7.812733e+03  9.650000e+03
    endloop
  endfacet
  facet normal  0.000000e+00  0.000000e+00  1.000000e+00
    outer loop
      vertex  1.051800e+05  6.600000e+03  9.650000e+03
      vertex  1.165968e+05  7.812733e+03  9.650000e+03
      vertex  1.162073e+05  7.846532e+03  9.650000e+03
    endloop
  endfacet
  facet normal  0.000000e+00  0.000000e+00  9.999999e-01
    outer loop
      vertex  1.051800e+05  6.600000e+03  9.650000e+03
      vertex  1.162073e+05  7.846532e+03  9.650000e+03
      vertex  1.158103e+05  7.874912e+03  9.650000e+03
    endloop
  endfacet
  facet normal  0.000000e+00  0.000000e+00  1.000000e+00
    outer loop
      vertex  1.051800e+05  6.600000e+03  9.650000e+03
      vertex  1.158103e+05  7.874912e+03  9.650000e+03
      vertex  1.154138e+05  7.897265e+03  9.650000e+03
    endloop
  endfacet
  facet normal  0.000000e+00  0.000000e+00  1.000000e+00
    outer loop
      vertex  1.051800e+05  6.600000e+03  9.650000e+03
      vertex  1.154138e+05  7.897265e+03  9.650000e+03
      vertex  1.150090e+05  7.914022e+03  9.650000e+03
    endloop
  endfacet
  facet normal  0.000000e+00  0.000000e+00  1.000000e+00
    outer loop
      vertex  1.051800e+05  6.600000e+03  9.650000e+03
      vertex  1.150090e+05  7.914022e+03  9.650000e+03
      vertex  1.146049e+05  7.924768e+03  9.650000e+03
    endloop
  endfacet
  facet normal  0.000000e+00  0.000000e+00  1.000000e+00
    outer loop
      vertex  1.051800e+05  6.600000e+03  9.650000e+03
      vertex  1.146049e+05  7.924768e+03  9.650000e+03
      vertex  1.143323e+05  7.928700e+03  9.650000e+03
    endloop
  endfacet
  facet normal  0.000000e+00  0.000000e+00  1.000000e+00
    outer loop
      vertex  1.051800e+05  6.600000e+03  9.650000e+03
      vertex  1.143323e+05  7.928700e+03  9.650000e+03
      vertex  1.140600e+05  7.930000e+03  9.650000e+03
    endloop
  endfacet
  facet normal  0.000000e+00  0.000000e+00  1.000000e+00
    outer loop
      vertex  1.051800e+05  6.600000e+03  9.650000e+03
      vertex  1.140600e+05  7.930000e+03  9.650000e+03
      vertex  1.134125e+05  7.930000e+03  9.650000e+03
    endloop
  endfacet
  facet normal  0.000000e+00  0.000000e+00  1.000000e+00
    outer loop
      vertex  1.051800e+05  6.600000e+03  9.650000e+03
      vertex  1.134125e+05  7.930000e+03  9.650000e+03
      vertex  1.127650e+05  7.930000e+03  9.650000e+03
    endloop
  endfacet
  facet normal  0.000000e+00  0.000000e+00  1.000000e+00
    outer loop
      vertex  1.051800e+05  6.600000e+03  9.650000e+03
      vertex  1.127650e+05  7.930000e+03  9.650000e+03
      vertex  1.121175e+05  7.930000e+03  9.650000e+03
    endloop
  endfacet
  facet normal  0.000000e+00  0.000000e+00  1.000000e+00
    outer loop
      vertex  1.051800e+05  6.600000e+03  9.650000e+03
      vertex  1.121175e+05  7.930000e+03  9.650000e+03
      vertex  1.114700e+05  7.930000e+03  9.650000e+03
    endloop
  endfacet
  facet normal  0.000000e+00  0.000000e+00  1.000000e+00
    outer loop
      vertex  1.051800e+05  6.600000e+03  9.650000e+03
      vertex  1.114700e+05  7.930000e+03  9.650000e+03
      vertex  1.108225e+05  7.930000e+03  9.650000e+03
    endloop
  endfacet
  facet normal  0.000000e+00  0.000000e+00  1.000000e+00
    outer loop
      vertex  1.051800e+05  6.600000e+03  9.650000e+03
      vertex  1.108225e+05  7.930000e+03  9.650000e+03
      vertex  1.101750e+05  7.930000e+03  9.650000e+03
    endloop
  endfacet
  facet normal  0.000000e+00  0.000000e+00  1.000000e+00
    outer loop
      vertex  1.051800e+05  6.600000e+03  9.650000e+03
      vertex  1.101750e+05  7.930000e+03  9.650000e+03
      vertex  1.095275e+05  7.930000e+03  9.650000e+03
    endloop
  endfacet
  facet normal  0.000000e+00  0.000000e+00  1.000000e+00
    outer loop
      vertex  1.051800e+05  6.600000e+03  9.650000e+03
      vertex  1.095275e+05  7.930000e+03  9.650000e+03
      vertex  1.088800e+05  7.930000e+03  9.650000e+03
    endloop
  endfacet
  facet normal  0.000000e+00  0.000000e+00  1.000000e+00
    outer loop
      vertex  1.051800e+05  6.600000e+03  9.650000e+03
      vertex  1.088800e+05  7.930000e+03  9.650000e+03
      vertex  1.051800e+05  7.930000e+03  9.650000e+03
    endloop
  endfacet
endsolid CATIA STL
