solid CATIA STL
  facet normal  1.000000e+00  0.000000e+00  0.000000e+00
    outer loop
      vertex  4.800000e+03 -2.250000e+03  7.250000e+03
      vertex  4.800000e+03 -2.250000e+03  9.649990e+03
      vertex  4.800000e+03 -7.254631e+03  9.649990e+03
    endloop
  endfacet
  facet normal  1.000000e+00  0.000000e+00  0.000000e+00
    outer loop
      vertex  4.800000e+03 -2.250000e+03  7.250000e+03
      vertex  4.800000e+03 -7.254631e+03  9.649990e+03
      vertex  4.800000e+03 -7.197916e+03  9.523007e+03
    endloop
  endfacet
  facet normal  1.000000e+00  0.000000e+00  0.000000e+00
    outer loop
      vertex  4.800000e+03 -2.250000e+03  7.250000e+03
      vertex  4.800000e+03 -7.197916e+03  9.523007e+03
      vertex  4.800000e+03 -7.139070e+03  9.397590e+03
    endloop
  endfacet
  facet normal  1.000000e+00  0.000000e+00  0.000000e+00
    outer loop
      vertex  4.800000e+03 -2.250000e+03  7.250000e+03
      vertex  4.800000e+03 -7.139070e+03  9.397590e+03
      vertex  4.800000e+03 -7.079414e+03  9.276421e+03
    endloop
  endfacet
  facet normal  9.999999e-01  0.000000e+00  0.000000e+00
    outer loop
      vertex  4.800000e+03 -2.250000e+03  7.250000e+03
      vertex  4.800000e+03 -7.079414e+03  9.276421e+03
      vertex  4.800000e+03 -7.017689e+03  9.156815e+03
    endloop
  endfacet
  facet normal  1.000000e+00  0.000000e+00  0.000000e+00
    outer loop
      vertex  4.800000e+03 -2.250000e+03  7.250000e+03
      vertex  4.800000e+03 -7.017689e+03  9.156815e+03
      vertex  4.800000e+03 -6.953891e+03  9.038804e+03
    endloop
  endfacet
  facet normal  9.999999e-01  0.000000e+00  0.000000e+00
    outer loop
      vertex  4.800000e+03 -2.250000e+03  7.250000e+03
      vertex  4.800000e+03 -6.953891e+03  9.038804e+03
      vertex  4.800000e+03 -6.888012e+03  8.922414e+03
    endloop
  endfacet
  facet normal  1.000000e+00  0.000000e+00  0.000000e+00
    outer loop
      vertex  4.800000e+03 -2.250000e+03  7.250000e+03
      vertex  4.800000e+03 -6.888012e+03  8.922414e+03
      vertex  4.800000e+03 -6.820054e+03  8.807674e+03
    endloop
  endfacet
  facet normal  9.999999e-01  0.000000e+00  0.000000e+00
    outer loop
      vertex  4.800000e+03 -2.250000e+03  7.250000e+03
      vertex  4.800000e+03 -6.820054e+03  8.807674e+03
      vertex  4.800000e+03 -6.750018e+03  8.694612e+03
    endloop
  endfacet
  facet normal  1.000000e+00  0.000000e+00  0.000000e+00
    outer loop
      vertex  4.800000e+03 -2.250000e+03  7.250000e+03
      vertex  4.800000e+03 -6.750018e+03  8.694612e+03
      vertex  4.800000e+03 -6.673451e+03  8.576523e+03
    endloop
  endfacet
  facet normal  1.000000e+00  0.000000e+00  0.000000e+00
    outer loop
      vertex  4.800000e+03 -2.250000e+03  7.250000e+03
      vertex  4.800000e+03 -6.673451e+03  8.576523e+03
      vertex  4.800000e+03 -6.594566e+03  8.460380e+03
    endloop
  endfacet
  facet normal  1.000000e+00  0.000000e+00  0.000000e+00
    outer loop
      vertex  4.800000e+03 -2.250000e+03  7.250000e+03
      vertex  4.800000e+03 -6.594566e+03  8.460380e+03
      vertex  4.800000e+03 -6.513379e+03  8.346206e+03
    endloop
  endfacet
  facet normal  1.000000e+00  0.000000e+00  0.000000e+00
    outer loop
      vertex  4.800000e+03 -2.250000e+03  7.250000e+03
      vertex  4.800000e+03 -6.513379e+03  8.346206e+03
      vertex  4.800000e+03 -6.429910e+03  8.234027e+03
    endloop
  endfacet
  facet normal  1.000000e+00  0.000000e+00  0.000000e+00
    outer loop
      vertex  4.800000e+03 -2.250000e+03  7.250000e+03
      vertex  4.800000e+03 -6.429910e+03  8.234027e+03
      vertex  4.800000e+03 -6.344185e+03  8.123864e+03
    endloop
  endfacet
  facet normal  1.000000e+00  0.000000e+00  0.000000e+00
    outer loop
      vertex  4.800000e+03 -2.250000e+03  7.250000e+03
      vertex  4.800000e+03 -6.344185e+03  8.123864e+03
      vertex  4.800000e+03 -6.256231e+03  8.015735e+03
    endloop
  endfacet
  facet normal  1.000000e+00  0.000000e+00  0.000000e+00
    outer loop
      vertex  4.800000e+03 -2.250000e+03  7.250000e+03
      vertex  4.800000e+03 -6.256231e+03  8.015735e+03
      vertex  4.800000e+03 -6.090688e+03  7.824369e+03
    endloop
  endfacet
  facet normal  9.999999e-01  0.000000e+00  0.000000e+00
    outer loop
      vertex  4.800000e+03 -2.250000e+03  7.250000e+03
      vertex  4.800000e+03 -6.090688e+03  7.824369e+03
      vertex  4.800000e+03 -5.918113e+03  7.639855e+03
    endloop
  endfacet
  facet normal  1.000000e+00  0.000000e+00  0.000000e+00
    outer loop
      vertex  4.800000e+03 -2.250000e+03  7.250000e+03
      vertex  4.800000e+03 -5.918113e+03  7.639855e+03
      vertex  4.800000e+03 -5.738763e+03  7.462235e+03
    endloop
  endfacet
  facet normal  1.000000e+00  0.000000e+00  0.000000e+00
    outer loop
      vertex  4.800000e+03 -2.250000e+03  7.250000e+03
      vertex  4.800000e+03 -5.738763e+03  7.462235e+03
      vertex  4.800000e+03 -5.552927e+03  7.291518e+03
    endloop
  endfacet
  facet normal  1.000000e+00  0.000000e+00  0.000000e+00
    outer loop
      vertex  4.800000e+03 -2.250000e+03  7.250000e+03
      vertex  4.800000e+03 -5.552927e+03  7.291518e+03
      vertex  4.800000e+03 -5.505588e+03  7.250000e+03
    endloop
  endfacet
  facet normal -8.726336e-01 -4.128513e-01 -2.608915e-01
    outer loop
      vertex  4.799990e+03 -6.745187e+03  8.687000e+03
      vertex  4.800000e+03 -6.750018e+03  8.694612e+03
      vertex  4.799990e+03 -6.761938e+03  8.713508e+03
    endloop
  endfacet
  facet normal -9.180194e-01 -3.203807e-01 -2.336594e-01
    outer loop
      vertex  4.800000e+03 -6.513379e+03  8.346206e+03
      vertex  4.799993e+03 -6.517748e+03  8.352224e+03
      vertex  4.799993e+03 -6.499514e+03  8.327222e+03
    endloop
  endfacet
  facet normal -9.838795e-01 -1.235503e-01 -1.292920e-01
    outer loop
      vertex  4.799998e+03 -5.733952e+03  7.457653e+03
      vertex  4.800000e+03 -5.738763e+03  7.462235e+03
      vertex  4.799998e+03 -5.754553e+03  7.477342e+03
    endloop
  endfacet
  facet normal  9.995115e-01 -2.060594e-02 -2.349488e-02
    outer loop
      vertex  4.800000e+03 -5.505588e+03  7.250000e+03
      vertex  4.800000e+03 -5.552927e+03  7.291518e+03
      vertex  4.799999e+03 -5.543112e+03  7.282848e+03
    endloop
  endfacet
  facet normal  9.999250e-01 -8.084700e-03 -9.191066e-03
    outer loop
      vertex  4.800000e+03 -5.505588e+03  7.250000e+03
      vertex  4.799999e+03 -5.543112e+03  7.282848e+03
      vertex  4.799999e+03 -5.530630e+03  7.271869e+03
    endloop
  endfacet
  facet normal -4.007212e-01 -6.026291e-01 -6.901164e-01
    outer loop
      vertex  4.800000e+03 -5.505588e+03  7.250000e+03
      vertex  4.799999e+03 -5.530630e+03  7.271869e+03
      vertex  4.799999e+03 -5.505587e+03  7.250000e+03
    endloop
  endfacet
  facet normal -1.877101e-01 -8.968371e-01 -4.005596e-01
    outer loop
      vertex  4.800000e+03 -7.197916e+03  9.523007e+03
      vertex  4.800000e+03 -7.254631e+03  9.649990e+03
      vertex  4.799979e+03 -7.254627e+03  9.649990e+03
    endloop
  endfacet
  facet normal  9.998043e-01 -1.812403e-02 -7.928902e-03
    outer loop
      vertex  4.800000e+03 -7.197916e+03  9.523007e+03
      vertex  4.799979e+03 -7.254627e+03  9.649990e+03
      vertex  4.799979e+03 -7.240830e+03  9.618515e+03
    endloop
  endfacet
  facet normal  9.992344e-01 -3.576352e-02 -1.585489e-02
    outer loop
      vertex  4.800000e+03 -7.197916e+03  9.523007e+03
      vertex  4.799979e+03 -7.240830e+03  9.618515e+03
      vertex  4.799980e+03 -7.226917e+03  9.587163e+03
    endloop
  endfacet
  facet normal  9.928478e-01 -1.089042e-01 -4.891971e-02
    outer loop
      vertex  4.800000e+03 -7.197916e+03  9.523007e+03
      vertex  4.799980e+03 -7.226917e+03  9.587163e+03
      vertex  4.799980e+03 -7.212890e+03  9.555935e+03
    endloop
  endfacet
  facet normal  4.583739e-02 -9.093527e-01 -4.134932e-01
    outer loop
      vertex  4.800000e+03 -7.197916e+03  9.523007e+03
      vertex  4.799980e+03 -7.212890e+03  9.555935e+03
      vertex  4.799980e+03 -7.198746e+03  9.524829e+03
    endloop
  endfacet
  facet normal -3.917268e-01 -8.357979e-01 -3.846971e-01
    outer loop
      vertex  4.800000e+03 -7.197916e+03  9.523007e+03
      vertex  4.799980e+03 -7.198746e+03  9.524829e+03
      vertex  4.799981e+03 -7.184486e+03  9.493848e+03
    endloop
  endfacet
  facet normal  9.965156e-01 -7.550696e-02 -3.542789e-02
    outer loop
      vertex  4.800000e+03 -7.197916e+03  9.523007e+03
      vertex  4.799981e+03 -7.184486e+03  9.493848e+03
      vertex  4.800000e+03 -7.139070e+03  9.397590e+03
    endloop
  endfacet
  facet normal  9.994354e-01 -3.046183e-02 -1.417452e-02
    outer loop
      vertex  4.800000e+03 -7.139070e+03  9.397590e+03
      vertex  4.799981e+03 -7.184486e+03  9.493848e+03
      vertex  4.799981e+03 -7.170110e+03  9.462987e+03
    endloop
  endfacet
  facet normal  9.955972e-01 -8.479042e-02 -3.996154e-02
    outer loop
      vertex  4.800000e+03 -7.139070e+03  9.397590e+03
      vertex  4.799981e+03 -7.170110e+03  9.462987e+03
      vertex  4.799982e+03 -7.155618e+03  9.432251e+03
    endloop
  endfacet
  facet normal  4.172145e-01 -8.202202e-01 -3.913705e-01
    outer loop
      vertex  4.800000e+03 -7.139070e+03  9.397590e+03
      vertex  4.799982e+03 -7.155618e+03  9.432251e+03
      vertex  4.799982e+03 -7.141010e+03  9.401636e+03
    endloop
  endfacet
  facet normal -5.924383e-01 -7.254553e-01 -3.503303e-01
    outer loop
      vertex  4.800000e+03 -7.139070e+03  9.397590e+03
      vertex  4.799982e+03 -7.141010e+03  9.401636e+03
      vertex  4.799983e+03 -7.126285e+03  9.371144e+03
    endloop
  endfacet
  facet normal  9.967447e-01 -7.233151e-02 -3.561195e-02
    outer loop
      vertex  4.800000e+03 -7.139070e+03  9.397590e+03
      vertex  4.799983e+03 -7.126285e+03  9.371144e+03
      vertex  4.800000e+03 -7.079414e+03  9.276421e+03
    endloop
  endfacet
  facet normal  9.994671e-01 -2.932869e-02 -1.433238e-02
    outer loop
      vertex  4.800000e+03 -7.079414e+03  9.276421e+03
      vertex  4.799983e+03 -7.126285e+03  9.371144e+03
      vertex  4.799983e+03 -7.111444e+03  9.340773e+03
    endloop
  endfacet
  facet normal  9.963598e-01 -7.642195e-02 -3.777299e-02
    outer loop
      vertex  4.800000e+03 -7.079414e+03  9.276421e+03
      vertex  4.799983e+03 -7.111444e+03  9.340773e+03
      vertex  4.799983e+03 -7.096486e+03  9.310524e+03
    endloop
  endfacet
  facet normal  4.190313e-01 -8.119964e-01 -4.062941e-01
    outer loop
      vertex  4.800000e+03 -7.079414e+03  9.276421e+03
      vertex  4.799983e+03 -7.096486e+03  9.310524e+03
      vertex  4.799984e+03 -7.081412e+03  9.280397e+03
    endloop
  endfacet
  facet normal -6.441316e-01 -6.824375e-01 -3.455048e-01
    outer loop
      vertex  4.800000e+03 -7.079414e+03  9.276421e+03
      vertex  4.799984e+03 -7.081412e+03  9.280397e+03
      vertex  4.799984e+03 -7.066221e+03  9.250392e+03
    endloop
  endfacet
  facet normal  9.973254e-01 -6.495100e-02 -3.351890e-02
    outer loop
      vertex  4.800000e+03 -7.079414e+03  9.276421e+03
      vertex  4.799984e+03 -7.066221e+03  9.250392e+03
      vertex  4.800000e+03 -7.017689e+03  9.156815e+03
    endloop
  endfacet
  facet normal  9.996514e-01 -2.350377e-02 -1.202280e-02
    outer loop
      vertex  4.800000e+03 -7.017689e+03  9.156815e+03
      vertex  4.799984e+03 -7.066221e+03  9.250392e+03
      vertex  4.799985e+03 -7.050913e+03  9.220507e+03
    endloop
  endfacet
  facet normal  9.969300e-01 -6.951708e-02 -3.602557e-02
    outer loop
      vertex  4.800000e+03 -7.017689e+03  9.156815e+03
      vertex  4.799985e+03 -7.050913e+03  9.220507e+03
      vertex  4.799985e+03 -7.035489e+03  9.190743e+03
    endloop
  endfacet
  facet normal  5.597622e-01 -7.339040e-01 -3.847742e-01
    outer loop
      vertex  4.800000e+03 -7.017689e+03  9.156815e+03
      vertex  4.799985e+03 -7.035489e+03  9.190743e+03
      vertex  4.799985e+03 -7.019947e+03  9.161101e+03
    endloop
  endfacet
  facet normal -6.735148e-01 -6.530011e-01 -3.463631e-01
    outer loop
      vertex  4.800000e+03 -7.017689e+03  9.156815e+03
      vertex  4.799985e+03 -7.019947e+03  9.161101e+03
      vertex  4.799986e+03 -7.004289e+03  9.131579e+03
    endloop
  endfacet
  facet normal  9.978083e-01 -5.820914e-02 -3.146869e-02
    outer loop
      vertex  4.800000e+03 -7.017689e+03  9.156815e+03
      vertex  4.799986e+03 -7.004289e+03  9.131579e+03
      vertex  4.800000e+03 -6.953891e+03  9.038804e+03
    endloop
  endfacet
  facet normal  9.997786e-01 -1.855244e-02 -9.925659e-03
    outer loop
      vertex  4.800000e+03 -6.953891e+03  9.038804e+03
      vertex  4.799986e+03 -7.004289e+03  9.131579e+03
      vertex  4.799986e+03 -6.996416e+03  9.116863e+03
    endloop
  endfacet
  facet normal  9.995245e-01 -2.715218e-02 -1.461068e-02
    outer loop
      vertex  4.800000e+03 -6.953891e+03  9.038804e+03
      vertex  4.799986e+03 -6.996416e+03  9.116863e+03
      vertex  4.799986e+03 -6.988514e+03  9.102178e+03
    endloop
  endfacet
  facet normal  9.991201e-01 -3.689903e-02 -1.993576e-02
    outer loop
      vertex  4.800000e+03 -6.953891e+03  9.038804e+03
      vertex  4.799986e+03 -6.988514e+03  9.102178e+03
      vertex  4.799986e+03 -6.980583e+03  9.087522e+03
    endloop
  endfacet
  facet normal  9.960323e-01 -7.816470e-02 -4.254514e-02
    outer loop
      vertex  4.800000e+03 -6.953891e+03  9.038804e+03
      vertex  4.799986e+03 -6.980583e+03  9.087522e+03
      vertex  4.799986e+03 -6.972622e+03  9.072896e+03
    endloop
  endfacet
  facet normal  9.741315e-01 -1.982229e-01 -1.085153e-01
    outer loop
      vertex  4.800000e+03 -6.953891e+03  9.038804e+03
      vertex  4.799986e+03 -6.972622e+03  9.072896e+03
      vertex  4.799986e+03 -6.964632e+03  9.058302e+03
    endloop
  endfacet
  facet normal  4.007035e-01 -8.026140e-01 -4.418682e-01
    outer loop
      vertex  4.800000e+03 -6.953891e+03  9.038804e+03
      vertex  4.799986e+03 -6.964632e+03  9.058302e+03
      vertex  4.799987e+03 -6.956613e+03  9.043736e+03
    endloop
  endfacet
  facet normal -6.510812e-01 -6.637918e-01 -3.680676e-01
    outer loop
      vertex  4.800000e+03 -6.953891e+03  9.038804e+03
      vertex  4.799987e+03 -6.956613e+03  9.043736e+03
      vertex  4.799987e+03 -6.944529e+03  9.021944e+03
    endloop
  endfacet
  facet normal  9.965292e-01 -7.244451e-02 -4.100476e-02
    outer loop
      vertex  4.800000e+03 -6.953891e+03  9.038804e+03
      vertex  4.799987e+03 -6.944529e+03  9.021944e+03
      vertex  4.800000e+03 -6.888012e+03  8.922414e+03
    endloop
  endfacet
  facet normal  9.998932e-01 -1.276644e-02 -7.116827e-03
    outer loop
      vertex  4.800000e+03 -6.888012e+03  8.922414e+03
      vertex  4.799987e+03 -6.944529e+03  9.021944e+03
      vertex  4.799987e+03 -6.932380e+03  9.000220e+03
    endloop
  endfacet
  facet normal  9.995490e-01 -2.615521e-02 -1.475174e-02
    outer loop
      vertex  4.800000e+03 -6.888012e+03  8.922414e+03
      vertex  4.799987e+03 -6.932380e+03  9.000220e+03
      vertex  4.799987e+03 -6.920166e+03  8.978563e+03
    endloop
  endfacet
  facet normal  9.981099e-01 -5.342594e-02 -3.036861e-02
    outer loop
      vertex  4.800000e+03 -6.888012e+03  8.922414e+03
      vertex  4.799987e+03 -6.920166e+03  8.978563e+03
      vertex  4.799988e+03 -6.907885e+03  8.956974e+03
    endloop
  endfacet
  facet normal  8.657036e-01 -4.340638e-01 -2.492910e-01
    outer loop
      vertex  4.800000e+03 -6.888012e+03  8.922414e+03
      vertex  4.799988e+03 -6.907885e+03  8.956974e+03
      vertex  4.799988e+03 -6.892097e+03  8.929484e+03
    endloop
  endfacet
  facet normal -8.145180e-01 -5.017146e-01 -2.912781e-01
    outer loop
      vertex  4.800000e+03 -6.888012e+03  8.922414e+03
      vertex  4.799988e+03 -6.892097e+03  8.929484e+03
      vertex  4.799988e+03 -6.876202e+03  8.902104e+03
    endloop
  endfacet
  facet normal  9.916536e-01 -1.112070e-01 -6.523929e-02
    outer loop
      vertex  4.800000e+03 -6.888012e+03  8.922414e+03
      vertex  4.799988e+03 -6.876202e+03  8.902104e+03
      vertex  4.799989e+03 -6.860200e+03  8.874835e+03
    endloop
  endfacet
  facet normal  9.994892e-01 -2.748764e-02 -1.630361e-02
    outer loop
      vertex  4.800000e+03 -6.888012e+03  8.922414e+03
      vertex  4.799989e+03 -6.860200e+03  8.874835e+03
      vertex  4.799989e+03 -6.844091e+03  8.847675e+03
    endloop
  endfacet
  facet normal  9.998622e-01 -1.424799e-02 -8.523238e-03
    outer loop
      vertex  4.800000e+03 -6.888012e+03  8.922414e+03
      vertex  4.799989e+03 -6.844091e+03  8.847675e+03
      vertex  4.799989e+03 -6.827874e+03  8.820623e+03
    endloop
  endfacet
  facet normal  9.965873e-01 -7.102351e-02 -4.206590e-02
    outer loop
      vertex  4.800000e+03 -6.888012e+03  8.922414e+03
      vertex  4.799989e+03 -6.827874e+03  8.820623e+03
      vertex  4.800000e+03 -6.820054e+03  8.807674e+03
    endloop
  endfacet
  facet normal -8.940552e-01 -3.831263e-01 -2.321199e-01
    outer loop
      vertex  4.800000e+03 -6.820054e+03  8.807674e+03
      vertex  4.799989e+03 -6.827874e+03  8.820623e+03
      vertex  4.799989e+03 -6.811551e+03  8.793681e+03
    endloop
  endfacet
  facet normal  9.811743e-01 -1.647077e-01 -1.008377e-01
    outer loop
      vertex  4.800000e+03 -6.820054e+03  8.807674e+03
      vertex  4.799989e+03 -6.811551e+03  8.793681e+03
      vertex  4.799990e+03 -6.795120e+03  8.766848e+03
    endloop
  endfacet
  facet normal  9.993371e-01 -3.095682e-02 -1.915712e-02
    outer loop
      vertex  4.800000e+03 -6.820054e+03  8.807674e+03
      vertex  4.799990e+03 -6.795120e+03  8.766848e+03
      vertex  4.799990e+03 -6.778582e+03  8.740123e+03
    endloop
  endfacet
  facet normal  9.998465e-01 -1.486669e-02 -9.278930e-03
    outer loop
      vertex  4.800000e+03 -6.820054e+03  8.807674e+03
      vertex  4.799990e+03 -6.778582e+03  8.740123e+03
      vertex  4.799990e+03 -6.761938e+03  8.713508e+03
    endloop
  endfacet
  facet normal  9.985766e-01 -4.534206e-02 -2.808721e-02
    outer loop
      vertex  4.800000e+03 -6.820054e+03  8.807674e+03
      vertex  4.799990e+03 -6.761938e+03  8.713508e+03
      vertex  4.800000e+03 -6.750018e+03  8.694612e+03
    endloop
  endfacet
  facet normal  9.938674e-01 -9.278207e-02 -6.015799e-02
    outer loop
      vertex  4.800000e+03 -6.673451e+03  8.576523e+03
      vertex  4.800000e+03 -6.750018e+03  8.694612e+03
      vertex  4.799990e+03 -6.745187e+03  8.687000e+03
    endloop
  endfacet
  facet normal  9.999700e-01 -6.524522e-03 -4.148152e-03
    outer loop
      vertex  4.800000e+03 -6.673451e+03  8.576523e+03
      vertex  4.799990e+03 -6.745187e+03  8.687000e+03
      vertex  4.799991e+03 -6.728328e+03  8.660602e+03
    endloop
  endfacet
  facet normal  9.998431e-01 -1.488233e-02 -9.603224e-03
    outer loop
      vertex  4.800000e+03 -6.673451e+03  8.576523e+03
      vertex  4.799991e+03 -6.728328e+03  8.660602e+03
      vertex  4.799991e+03 -6.711364e+03  8.634312e+03
    endloop
  endfacet
  facet normal  9.991286e-01 -3.496973e-02 -2.278193e-02
    outer loop
      vertex  4.800000e+03 -6.673451e+03  8.576523e+03
      vertex  4.799991e+03 -6.711364e+03  8.634312e+03
      vertex  4.799991e+03 -6.694292e+03  8.608129e+03
    endloop
  endfacet
  facet normal  8.807976e-01 -3.953993e-01 -2.604896e-01
    outer loop
      vertex  4.800000e+03 -6.673451e+03  8.576523e+03
      vertex  4.799991e+03 -6.694292e+03  8.608129e+03
      vertex  4.799991e+03 -6.677115e+03  8.582055e+03
    endloop
  endfacet
  facet normal -8.672110e-01 -4.145033e-01 -2.759205e-01
    outer loop
      vertex  4.800000e+03 -6.673451e+03  8.576523e+03
      vertex  4.799991e+03 -6.677115e+03  8.582055e+03
      vertex  4.799992e+03 -6.659831e+03  8.556088e+03
    endloop
  endfacet
  facet normal  9.966592e-01 -6.777380e-02 -4.557712e-02
    outer loop
      vertex  4.800000e+03 -6.673451e+03  8.576523e+03
      vertex  4.799992e+03 -6.659831e+03  8.556088e+03
      vertex  4.799992e+03 -6.642440e+03  8.530229e+03
    endloop
  endfacet
  facet normal  9.997442e-01 -1.870709e-02 -1.271023e-02
    outer loop
      vertex  4.800000e+03 -6.673451e+03  8.576523e+03
      vertex  4.799992e+03 -6.642440e+03  8.530229e+03
      vertex  4.799992e+03 -6.624944e+03  8.504478e+03
    endloop
  endfacet
  facet normal  9.999232e-01 -1.022017e-02 -6.996207e-03
    outer loop
      vertex  4.800000e+03 -6.673451e+03  8.576523e+03
      vertex  4.799992e+03 -6.624944e+03  8.504478e+03
      vertex  4.799992e+03 -6.607342e+03  8.478834e+03
    endloop
  endfacet
  facet normal  9.992410e-01 -3.222474e-02 -2.188720e-02
    outer loop
      vertex  4.800000e+03 -6.673451e+03  8.576523e+03
      vertex  4.799992e+03 -6.607342e+03  8.478834e+03
      vertex  4.800000e+03 -6.594566e+03  8.460380e+03
    endloop
  endfacet
  facet normal -9.080668e-01 -3.441709e-01 -2.386650e-01
    outer loop
      vertex  4.800000e+03 -6.594566e+03  8.460380e+03
      vertex  4.799992e+03 -6.607342e+03  8.478834e+03
      vertex  4.799992e+03 -6.589634e+03  8.453298e+03
    endloop
  endfacet
  facet normal  9.499434e-01 -2.558913e-01 -1.792403e-01
    outer loop
      vertex  4.800000e+03 -6.594566e+03  8.460380e+03
      vertex  4.799992e+03 -6.589634e+03  8.453298e+03
      vertex  4.799993e+03 -6.571821e+03  8.427869e+03
    endloop
  endfacet
  facet normal  9.994081e-01 -2.808279e-02 -1.987239e-02
    outer loop
      vertex  4.800000e+03 -6.594566e+03  8.460380e+03
      vertex  4.799993e+03 -6.571821e+03  8.427869e+03
      vertex  4.799993e+03 -6.553902e+03  8.402547e+03
    endloop
  endfacet
  facet normal  9.998826e-01 -1.247313e-02 -8.896847e-03
    outer loop
      vertex  4.800000e+03 -6.594566e+03  8.460380e+03
      vertex  4.799993e+03 -6.553902e+03  8.402547e+03
      vertex  4.799993e+03 -6.535877e+03  8.377332e+03
    endloop
  endfacet
  facet normal  9.999782e-01 -5.357974e-03 -3.868699e-03
    outer loop
      vertex  4.800000e+03 -6.594566e+03  8.460380e+03
      vertex  4.799993e+03 -6.535877e+03  8.377332e+03
      vertex  4.799993e+03 -6.517748e+03  8.352224e+03
    endloop
  endfacet
  facet normal  9.956988e-01 -7.550558e-02 -5.369069e-02
    outer loop
      vertex  4.800000e+03 -6.594566e+03  8.460380e+03
      vertex  4.799993e+03 -6.517748e+03  8.352224e+03
      vertex  4.800000e+03 -6.513379e+03  8.346206e+03
    endloop
  endfacet
  facet normal  9.994653e-01 -2.623175e-02 -1.951825e-02
    outer loop
      vertex  4.800000e+03 -6.429910e+03  8.234027e+03
      vertex  4.800000e+03 -6.513379e+03  8.346206e+03
      vertex  4.799993e+03 -6.499514e+03  8.327222e+03
    endloop
  endfacet
  facet normal  9.999852e-01 -4.393971e-03 -3.208349e-03
    outer loop
      vertex  4.800000e+03 -6.429910e+03  8.234027e+03
      vertex  4.799993e+03 -6.499514e+03  8.327222e+03
      vertex  4.799994e+03 -6.485170e+03  8.307729e+03
    endloop
  endfacet
  facet normal  9.999130e-01 -1.059442e-02 -7.857273e-03
    outer loop
      vertex  4.800000e+03 -6.429910e+03  8.234027e+03
      vertex  4.799994e+03 -6.485170e+03  8.307729e+03
      vertex  4.799994e+03 -6.470762e+03  8.288303e+03
    endloop
  endfacet
  facet normal  9.996102e-01 -2.236139e-02 -1.671408e-02
    outer loop
      vertex  4.800000e+03 -6.429910e+03  8.234027e+03
      vertex  4.799994e+03 -6.470762e+03  8.288303e+03
      vertex  4.799994e+03 -6.456291e+03  8.268941e+03
    endloop
  endfacet
  facet normal  9.952049e-01 -7.812752e-02 -5.885066e-02
    outer loop
      vertex  4.800000e+03 -6.429910e+03  8.234027e+03
      vertex  4.799994e+03 -6.456291e+03  8.268941e+03
      vertex  4.799994e+03 -6.441755e+03  8.249645e+03
    endloop
  endfacet
  facet normal  5.115917e-01 -6.846991e-01 -5.190964e-01
    outer loop
      vertex  4.800000e+03 -6.429910e+03  8.234027e+03
      vertex  4.799994e+03 -6.441755e+03  8.249645e+03
      vertex  4.799994e+03 -6.432031e+03  8.236819e+03
    endloop
  endfacet
  facet normal -6.652823e-01 -5.938192e-01 -4.525243e-01
    outer loop
      vertex  4.800000e+03 -6.429910e+03  8.234027e+03
      vertex  4.799994e+03 -6.432031e+03  8.236819e+03
      vertex  4.799994e+03 -6.422279e+03  8.224022e+03
    endloop
  endfacet
  facet normal  9.988495e-01 -3.784718e-02 -2.945153e-02
    outer loop
      vertex  4.800000e+03 -6.429910e+03  8.234027e+03
      vertex  4.799994e+03 -6.422279e+03  8.224022e+03
      vertex  4.800000e+03 -6.344185e+03  8.123864e+03
    endloop
  endfacet
  facet normal  9.999855e-01 -4.283017e-03 -3.281027e-03
    outer loop
      vertex  4.800000e+03 -6.344185e+03  8.123864e+03
      vertex  4.799994e+03 -6.422279e+03  8.224022e+03
      vertex  4.799994e+03 -6.412494e+03  8.211249e+03
    endloop
  endfacet
  facet normal  9.999739e-01 -5.725812e-03 -4.408875e-03
    outer loop
      vertex  4.800000e+03 -6.344185e+03  8.123864e+03
      vertex  4.799994e+03 -6.412494e+03  8.211249e+03
      vertex  4.799994e+03 -6.402681e+03  8.198505e+03
    endloop
  endfacet
  facet normal  9.999182e-01 -1.010348e-02 -7.839704e-03
    outer loop
      vertex  4.800000e+03 -6.344185e+03  8.123864e+03
      vertex  4.799994e+03 -6.402681e+03  8.198505e+03
      vertex  4.799994e+03 -6.382975e+03  8.173108e+03
    endloop
  endfacet
  facet normal  9.994446e-01 -2.623587e-02 -2.054751e-02
    outer loop
      vertex  4.800000e+03 -6.344185e+03  8.123864e+03
      vertex  4.799994e+03 -6.382975e+03  8.173108e+03
      vertex  4.799995e+03 -6.363156e+03  8.147826e+03
    endloop
  endfacet
  facet normal -7.090858e-01 -5.527556e-01 -4.377881e-01
    outer loop
      vertex  4.800000e+03 -6.344185e+03  8.123864e+03
      vertex  4.799995e+03 -6.363156e+03  8.147826e+03
      vertex  4.799995e+03 -6.343224e+03  8.122660e+03
    endloop
  endfacet
  facet normal  3.835122e-01 -7.211247e-01 -5.769728e-01
    outer loop
      vertex  4.800000e+03 -6.344185e+03  8.123864e+03
      vertex  4.799995e+03 -6.343224e+03  8.122660e+03
      vertex  4.799995e+03 -6.323180e+03  8.097608e+03
    endloop
  endfacet
  facet normal  9.993920e-01 -2.712443e-02 -2.190378e-02
    outer loop
      vertex  4.800000e+03 -6.344185e+03  8.123864e+03
      vertex  4.799995e+03 -6.323180e+03  8.097608e+03
      vertex  4.799995e+03 -6.303024e+03  8.072670e+03
    endloop
  endfacet
  facet normal  9.999515e-01 -7.622474e-03 -6.223961e-03
    outer loop
      vertex  4.800000e+03 -6.344185e+03  8.123864e+03
      vertex  4.799995e+03 -6.303024e+03  8.072670e+03
      vertex  4.799995e+03 -6.282756e+03  8.047848e+03
    endloop
  endfacet
  facet normal  9.999875e-01 -3.852738e-03 -3.177635e-03
    outer loop
      vertex  4.800000e+03 -6.344185e+03  8.123864e+03
      vertex  4.799995e+03 -6.282756e+03  8.047848e+03
      vertex  4.799995e+03 -6.262377e+03  8.023140e+03
    endloop
  endfacet
  facet normal  9.986904e-01 -3.968954e-02 -3.228390e-02
    outer loop
      vertex  4.800000e+03 -6.344185e+03  8.123864e+03
      vertex  4.799995e+03 -6.262377e+03  8.023140e+03
      vertex  4.800000e+03 -6.256231e+03  8.015735e+03
    endloop
  endfacet
  facet normal -9.667011e-01 -1.966022e-01 -1.638180e-01
    outer loop
      vertex  4.800000e+03 -6.256231e+03  8.015735e+03
      vertex  4.799995e+03 -6.262377e+03  8.023140e+03
      vertex  4.799996e+03 -6.241887e+03  7.998546e+03
    endloop
  endfacet
  facet normal  9.988887e-01 -3.606089e-02 -3.034829e-02
    outer loop
      vertex  4.800000e+03 -6.256231e+03  8.015735e+03
      vertex  4.799996e+03 -6.241887e+03  7.998546e+03
      vertex  4.799996e+03 -6.221285e+03  7.974066e+03
    endloop
  endfacet
  facet normal  9.999260e-01 -9.266882e-03 -7.877249e-03
    outer loop
      vertex  4.800000e+03 -6.256231e+03  8.015735e+03
      vertex  4.799996e+03 -6.221285e+03  7.974066e+03
      vertex  4.799996e+03 -6.200573e+03  7.949701e+03
    endloop
  endfacet
  facet normal  9.999843e-01 -4.239127e-03 -3.639548e-03
    outer loop
      vertex  4.800000e+03 -6.256231e+03  8.015735e+03
      vertex  4.799996e+03 -6.200573e+03  7.949701e+03
      vertex  4.799996e+03 -6.179751e+03  7.925449e+03
    endloop
  endfacet
  facet normal  9.999897e-01 -3.430887e-03 -2.954906e-03
    outer loop
      vertex  4.800000e+03 -6.256231e+03  8.015735e+03
      vertex  4.799996e+03 -6.179751e+03  7.925449e+03
      vertex  4.799996e+03 -6.158819e+03  7.901310e+03
    endloop
  endfacet
  facet normal  9.999983e-01 -1.390943e-03 -1.218270e-03
    outer loop
      vertex  4.800000e+03 -6.256231e+03  8.015735e+03
      vertex  4.799996e+03 -6.158819e+03  7.901310e+03
      vertex  4.799996e+03 -6.137777e+03  7.877286e+03
    endloop
  endfacet
  facet normal  9.999992e-01 -9.739315e-04 -8.614852e-04
    outer loop
      vertex  4.800000e+03 -6.256231e+03  8.015735e+03
      vertex  4.799996e+03 -6.137777e+03  7.877286e+03
      vertex  4.799996e+03 -6.116626e+03  7.853374e+03
    endloop
  endfacet
  facet normal  9.999995e-01 -7.184197e-04 -6.417857e-04
    outer loop
      vertex  4.800000e+03 -6.256231e+03  8.015735e+03
      vertex  4.799996e+03 -6.116626e+03  7.853374e+03
      vertex  4.799996e+03 -6.095367e+03  7.829576e+03
    endloop
  endfacet
  facet normal  9.995590e-01 -2.245928e-02 -1.942853e-02
    outer loop
      vertex  4.800000e+03 -6.256231e+03  8.015735e+03
      vertex  4.799996e+03 -6.095367e+03  7.829576e+03
      vertex  4.800000e+03 -6.090688e+03  7.824369e+03
    endloop
  endfacet
  facet normal -9.674439e-01 -1.879012e-01 -1.695444e-01
    outer loop
      vertex  4.800000e+03 -6.090688e+03  7.824369e+03
      vertex  4.799996e+03 -6.095367e+03  7.829576e+03
      vertex  4.799997e+03 -6.073998e+03  7.805891e+03
    endloop
  endfacet
  facet normal  9.994932e-01 -2.353049e-02 -2.143898e-02
    outer loop
      vertex  4.800000e+03 -6.090688e+03  7.824369e+03
      vertex  4.799997e+03 -6.073998e+03  7.805891e+03
      vertex  4.799997e+03 -6.052521e+03  7.782318e+03
    endloop
  endfacet
  facet normal  9.999604e-01 -6.547446e-03 -6.024152e-03
    outer loop
      vertex  4.800000e+03 -6.090688e+03  7.824369e+03
      vertex  4.799997e+03 -6.052521e+03  7.782318e+03
      vertex  4.799997e+03 -6.030936e+03  7.758858e+03
    endloop
  endfacet
  facet normal  9.999910e-01 -3.097872e-03 -2.877769e-03
    outer loop
      vertex  4.800000e+03 -6.090688e+03  7.824369e+03
      vertex  4.799997e+03 -6.030936e+03  7.758858e+03
      vertex  4.799997e+03 -6.010149e+03  7.736482e+03
    endloop
  endfacet
  facet normal  9.999924e-01 -2.857850e-03 -2.657814e-03
    outer loop
      vertex  4.800000e+03 -6.090688e+03  7.824369e+03
      vertex  4.799997e+03 -6.010149e+03  7.736482e+03
      vertex  4.799997e+03 -5.989264e+03  7.714208e+03
    endloop
  endfacet
  facet normal  9.999990e-01 -1.032415e-03 -9.771376e-04
    outer loop
      vertex  4.800000e+03 -6.090688e+03  7.824369e+03
      vertex  4.799997e+03 -5.989264e+03  7.714208e+03
      vertex  4.799997e+03 -5.968281e+03  7.692039e+03
    endloop
  endfacet
  facet normal  9.999995e-01 -7.309215e-04 -6.982520e-04
    outer loop
      vertex  4.800000e+03 -6.090688e+03  7.824369e+03
      vertex  4.799997e+03 -5.968281e+03  7.692039e+03
      vertex  4.799997e+03 -5.947200e+03  7.669971e+03
    endloop
  endfacet
  facet normal  9.999998e-01 -5.442263e-04 -5.247482e-04
    outer loop
      vertex  4.800000e+03 -6.090688e+03  7.824369e+03
      vertex  4.799997e+03 -5.947200e+03  7.669971e+03
      vertex  4.799997e+03 -5.926021e+03  7.648006e+03
    endloop
  endfacet
  facet normal  9.999008e-01 -1.028992e-02 -9.624165e-03
    outer loop
      vertex  4.800000e+03 -6.090688e+03  7.824369e+03
      vertex  4.799997e+03 -5.926021e+03  7.648006e+03
      vertex  4.800000e+03 -5.918113e+03  7.639855e+03
    endloop
  endfacet
  facet normal -9.860495e-01 -1.192873e-01 -1.160902e-01
    outer loop
      vertex  4.800000e+03 -5.918113e+03  7.639855e+03
      vertex  4.799997e+03 -5.926021e+03  7.648006e+03
      vertex  4.799997e+03 -5.904746e+03  7.626145e+03
    endloop
  endfacet
  facet normal  9.989641e-01 -3.247574e-02 -3.187614e-02
    outer loop
      vertex  4.800000e+03 -5.918113e+03  7.639855e+03
      vertex  4.799997e+03 -5.904746e+03  7.626145e+03
      vertex  4.799998e+03 -5.883373e+03  7.604385e+03
    endloop
  endfacet
  facet normal  9.999667e-01 -5.794848e-03 -5.744417e-03
    outer loop
      vertex  4.800000e+03 -5.918113e+03  7.639855e+03
      vertex  4.799998e+03 -5.883373e+03  7.604385e+03
      vertex  4.799998e+03 -5.861904e+03  7.582728e+03
    endloop
  endfacet
  facet normal  9.999934e-01 -2.581750e-03 -2.582978e-03
    outer loop
      vertex  4.800000e+03 -5.918113e+03  7.639855e+03
      vertex  4.799998e+03 -5.861904e+03  7.582728e+03
      vertex  4.799998e+03 -5.840339e+03  7.561173e+03
    endloop
  endfacet
  facet normal  9.999979e-01 -1.460940e-03 -1.475106e-03
    outer loop
      vertex  4.800000e+03 -5.918113e+03  7.639855e+03
      vertex  4.799998e+03 -5.840339e+03  7.561173e+03
      vertex  4.799998e+03 -5.818678e+03  7.539720e+03
    endloop
  endfacet
  facet normal  9.999991e-01 -9.386771e-04 -9.564945e-04
    outer loop
      vertex  4.800000e+03 -5.918113e+03  7.639855e+03
      vertex  4.799998e+03 -5.818678e+03  7.539720e+03
      vertex  4.799998e+03 -5.796922e+03  7.518369e+03
    endloop
  endfacet
  facet normal  9.999995e-01 -6.538086e-04 -6.723176e-04
    outer loop
      vertex  4.800000e+03 -5.918113e+03  7.639855e+03
      vertex  4.799998e+03 -5.796922e+03  7.518369e+03
      vertex  4.799998e+03 -5.775071e+03  7.497120e+03
    endloop
  endfacet
  facet normal  9.999998e-01 -4.844775e-04 -5.026226e-04
    outer loop
      vertex  4.800000e+03 -5.918113e+03  7.639855e+03
      vertex  4.799998e+03 -5.775071e+03  7.497120e+03
      vertex  4.799998e+03 -5.754553e+03  7.477342e+03
    endloop
  endfacet
  facet normal  9.999790e-01 -4.559200e-03 -4.603605e-03
    outer loop
      vertex  4.800000e+03 -5.918113e+03  7.639855e+03
      vertex  4.799998e+03 -5.754553e+03  7.477342e+03
      vertex  4.800000e+03 -5.738763e+03  7.462235e+03
    endloop
  endfacet
  facet normal  9.998675e-01 -1.101300e-02 -1.198834e-02
    outer loop
      vertex  4.800000e+03 -5.552927e+03  7.291518e+03
      vertex  4.800000e+03 -5.738763e+03  7.462235e+03
      vertex  4.799998e+03 -5.733952e+03  7.457653e+03
    endloop
  endfacet
  facet normal  9.999999e-01 -3.417575e-04 -3.606329e-04
    outer loop
      vertex  4.800000e+03 -5.552927e+03  7.291518e+03
      vertex  4.799998e+03 -5.733952e+03  7.457653e+03
      vertex  4.799998e+03 -5.713270e+03  7.438053e+03
    endloop
  endfacet
  facet normal  9.999998e-01 -4.432816e-04 -4.717237e-04
    outer loop
      vertex  4.800000e+03 -5.552927e+03  7.291518e+03
      vertex  4.799998e+03 -5.713270e+03  7.438053e+03
      vertex  4.799998e+03 -5.692505e+03  7.418541e+03
    endloop
  endfacet
  facet normal  9.999996e-01 -5.995284e-04 -6.434155e-04
    outer loop
      vertex  4.800000e+03 -5.552927e+03  7.291518e+03
      vertex  4.799998e+03 -5.692505e+03  7.418541e+03
      vertex  4.799998e+03 -5.671660e+03  7.399117e+03
    endloop
  endfacet
  facet normal  9.999992e-01 -8.569653e-04 -9.274918e-04
    outer loop
      vertex  4.800000e+03 -5.552927e+03  7.291518e+03
      vertex  4.799998e+03 -5.671660e+03  7.399117e+03
      vertex  4.799998e+03 -5.650732e+03  7.379781e+03
    endloop
  endfacet
  facet normal  9.999981e-01 -1.325690e-03 -1.446895e-03
    outer loop
      vertex  4.800000e+03 -5.552927e+03  7.291518e+03
      vertex  4.799998e+03 -5.650732e+03  7.379781e+03
      vertex  4.799998e+03 -5.629725e+03  7.360533e+03
    endloop
  endfacet
  facet normal  9.999946e-01 -2.227896e-03 -2.450848e-03
    outer loop
      vertex  4.800000e+03 -5.552927e+03  7.291518e+03
      vertex  4.799998e+03 -5.629725e+03  7.360533e+03
      vertex  4.799998e+03 -5.611277e+03  7.343763e+03
    endloop
  endfacet
  facet normal  9.999795e-01 -4.288584e-03 -4.752334e-03
    outer loop
      vertex  4.800000e+03 -5.552927e+03  7.291518e+03
      vertex  4.799998e+03 -5.611277e+03  7.343763e+03
      vertex  4.799998e+03 -5.592768e+03  7.327061e+03
    endloop
  endfacet
  facet normal  9.999663e-01 -5.494650e-03 -6.104272e-03
    outer loop
      vertex  4.800000e+03 -5.552927e+03  7.291518e+03
      vertex  4.799998e+03 -5.592768e+03  7.327061e+03
      vertex  4.799999e+03 -5.574198e+03  7.310425e+03
    endloop
  endfacet
  facet normal  9.770385e-01 -1.415854e-01 -1.592147e-01
    outer loop
      vertex  4.800000e+03 -5.552927e+03  7.291518e+03
      vertex  4.799999e+03 -5.574198e+03  7.310425e+03
      vertex  4.799999e+03 -5.555566e+03  7.293856e+03
    endloop
  endfacet
  facet normal -9.350388e-01 -2.348081e-01 -2.656458e-01
    outer loop
      vertex  4.800000e+03 -5.552927e+03  7.291518e+03
      vertex  4.799999e+03 -5.555566e+03  7.293856e+03
      vertex  4.799999e+03 -5.543112e+03  7.282848e+03
    endloop
  endfacet
  facet normal -9.975325e-01  2.448261e-02 -6.579979e-02
    outer loop
      vertex -3.219796e+03 -2.506261e+03  7.972732e+03
      vertex -3.244652e+03 -2.506055e+03  8.349632e+03
      vertex -3.209798e+03 -2.378858e+03  7.868572e+03
    endloop
  endfacet
  facet normal -9.976878e-01  1.980291e-02 -6.501532e-02
    outer loop
      vertex -3.229793e+03 -2.632110e+03  8.079263e+03
      vertex -3.277185e+03 -2.990222e+03  8.697438e+03
      vertex -3.262617e+03 -2.757633e+03  8.544728e+03
    endloop
  endfacet
  facet normal -9.978075e-01  2.100861e-02 -6.275865e-02
    outer loop
      vertex -3.249788e+03 -2.878806e+03  8.299146e+03
      vertex -3.289646e+03 -3.202847e+03  8.824371e+03
      vertex -3.277185e+03 -2.990222e+03  8.697438e+03
    endloop
  endfacet
  facet normal -9.977793e-01  2.573983e-02 -6.143321e-02
    outer loop
      vertex -3.277185e+03 -2.990222e+03  8.697438e+03
      vertex -3.239791e+03 -2.756318e+03  8.188090e+03
      vertex -3.249788e+03 -2.878806e+03  8.299146e+03
    endloop
  endfacet
  facet normal -9.979248e-01  2.162585e-02 -6.064999e-02
    outer loop
      vertex -3.269783e+03 -3.118346e+03  8.527690e+03
      vertex -3.305179e+03 -3.420626e+03  9.002299e+03
      vertex -3.289646e+03 -3.202847e+03  8.824371e+03
    endloop
  endfacet
  facet normal -9.978916e-01  2.642039e-02 -5.928218e-02
    outer loop
      vertex -3.289646e+03 -3.202847e+03  8.824371e+03
      vertex -3.259786e+03 -2.999504e+03  8.412367e+03
      vertex -3.269783e+03 -3.118346e+03  8.527690e+03
    endloop
  endfacet
  facet normal -9.980491e-01  2.498297e-02 -5.721812e-02
    outer loop
      vertex -3.289779e+03 -3.350239e+03  8.764404e+03
      vertex -3.316965e+03 -3.601962e+03  9.128698e+03
      vertex -3.305179e+03 -3.420626e+03  9.002299e+03
    endloop
  endfacet
  facet normal -9.980146e-01  2.845995e-02 -5.618713e-02
    outer loop
      vertex -3.305179e+03 -3.420626e+03  9.002299e+03
      vertex -3.279781e+03 -3.235276e+03  8.645056e+03
      vertex -3.289779e+03 -3.350239e+03  8.764404e+03
    endloop
  endfacet
  facet normal -9.981180e-01  3.170019e-02 -5.249289e-02
    outer loop
      vertex -3.299776e+03 -3.463188e+03  8.885676e+03
      vertex -3.309774e+03 -3.574075e+03  9.008809e+03
      vertex -3.316965e+03 -3.601962e+03  9.128698e+03
    endloop
  endfacet
  facet normal -9.981759e-01  4.147406e-02 -4.387207e-02
    outer loop
      vertex -3.319771e+03 -3.682857e+03  9.133738e+03
      vertex -3.329769e+03 -3.789492e+03  9.260396e+03
      vertex -3.334719e+03 -3.813190e+03  9.350614e+03
    endloop
  endfacet
  facet normal -9.982587e-01  3.152832e-02 -4.985474e-02
    outer loop
      vertex -3.316965e+03 -3.601962e+03  9.128698e+03
      vertex -3.319771e+03 -3.682857e+03  9.133738e+03
      vertex -3.334719e+03 -3.813190e+03  9.350614e+03
    endloop
  endfacet
  facet normal -6.584128e-01  6.231407e-01  4.221237e-01
    outer loop
      vertex -3.359652e+03 -4.096096e+03  9.649990e+03
      vertex -3.359639e+03 -4.096082e+03  9.649990e+03
      vertex -3.359434e+03 -4.093731e+03  9.646840e+03
    endloop
  endfacet
  facet normal  4.337640e-01  7.048665e-01  5.612594e-01
    outer loop
      vertex -3.359136e+03 -4.089901e+03  9.641736e+03
      vertex -3.359738e+03 -4.096103e+03  9.649990e+03
      vertex -3.359722e+03 -4.096113e+03  9.649990e+03
    endloop
  endfacet
  facet normal  2.330254e-01  7.689840e-01  5.952839e-01
    outer loop
      vertex -3.359136e+03 -4.089901e+03  9.641736e+03
      vertex -3.359722e+03 -4.096113e+03  9.649990e+03
      vertex -3.359706e+03 -4.096118e+03  9.649990e+03
    endloop
  endfacet
  facet normal -5.452851e-01  6.880978e-01  4.787332e-01
    outer loop
      vertex -3.359665e+03 -4.096106e+03  9.649990e+03
      vertex -3.359652e+03 -4.096096e+03  9.649990e+03
      vertex -3.359434e+03 -4.093731e+03  9.646840e+03
    endloop
  endfacet
  facet normal  5.709464e-01  6.358266e-01  5.193695e-01
    outer loop
      vertex -3.359750e+03 -4.096092e+03  9.649990e+03
      vertex -3.359738e+03 -4.096103e+03  9.649990e+03
      vertex -3.359136e+03 -4.089901e+03  9.641736e+03
    endloop
  endfacet
  facet normal  6.667926e-01  5.715365e-01  4.782612e-01
    outer loop
      vertex -3.359750e+03 -4.096092e+03  9.649990e+03
      vertex -3.359136e+03 -4.089901e+03  9.641736e+03
      vertex -3.359761e+03 -4.096079e+03  9.649990e+03
    endloop
  endfacet
  facet normal -9.979104e-01  1.280826e-02 -6.332931e-02
    outer loop
      vertex -3.337346e+03 -3.077416e+03  9.649990e+03
      vertex -3.336913e+03 -3.043672e+03  9.649990e+03
      vertex -3.332790e+03 -3.015965e+03  9.590625e+03
    endloop
  endfacet
  facet normal -9.979200e-01  1.299053e-02 -6.314138e-02
    outer loop
      vertex -3.337782e+03 -3.110893e+03  9.649990e+03
      vertex -3.337346e+03 -3.077416e+03  9.649990e+03
      vertex -3.332790e+03 -3.015965e+03  9.590625e+03
    endloop
  endfacet
  facet normal -9.977813e-01  2.698770e-02 -6.086033e-02
    outer loop
      vertex -3.239791e+03 -2.756318e+03  8.188090e+03
      vertex -3.277185e+03 -2.990222e+03  8.697438e+03
      vertex -3.229793e+03 -2.632110e+03  8.079263e+03
    endloop
  endfacet
  facet normal -9.981053e-01  2.222270e-02 -5.737556e-02
    outer loop
      vertex -3.291605e+03 -3.055147e+03  8.912188e+03
      vertex -3.301011e+03 -3.262663e+03  8.995439e+03
      vertex -3.318059e+03 -3.351574e+03  9.257571e+03
    endloop
  endfacet
  facet normal -9.978940e-01  2.758735e-02 -5.870640e-02
    outer loop
      vertex -3.259786e+03 -2.999504e+03  8.412367e+03
      vertex -3.289646e+03 -3.202847e+03  8.824371e+03
      vertex -3.249788e+03 -2.878806e+03  8.299146e+03
    endloop
  endfacet
  facet normal -9.980146e-01  2.944999e-02 -5.567342e-02
    outer loop
      vertex -3.279781e+03 -3.235276e+03  8.645056e+03
      vertex -3.305179e+03 -3.420626e+03  9.002299e+03
      vertex -3.269783e+03 -3.118346e+03  8.527690e+03
    endloop
  endfacet
  facet normal -9.981164e-01  3.244079e-02 -5.206991e-02
    outer loop
      vertex -3.299776e+03 -3.463188e+03  8.885676e+03
      vertex -3.316965e+03 -3.601962e+03  9.128698e+03
      vertex -3.289779e+03 -3.350239e+03  8.764404e+03
    endloop
  endfacet
  facet normal -9.981248e-01  3.135426e-02 -5.257377e-02
    outer loop
      vertex -3.309774e+03 -3.574075e+03  9.008809e+03
      vertex -3.319771e+03 -3.682857e+03  9.133738e+03
      vertex -3.316965e+03 -3.601962e+03  9.128698e+03
    endloop
  endfacet
  facet normal -9.848478e-01  1.650572e-01  5.320482e-02
    outer loop
      vertex -3.339766e+03 -3.893936e+03  9.388712e+03
      vertex -3.354762e+03 -4.046400e+03  9.584116e+03
      vertex -3.359172e+03 -4.093947e+03  9.649990e+03
    endloop
  endfacet
  facet normal -9.912564e-01  1.294656e-01  2.548325e-02
    outer loop
      vertex -3.339766e+03 -3.893936e+03  9.388712e+03
      vertex -3.359172e+03 -4.093947e+03  9.649990e+03
      vertex -3.359116e+03 -4.093517e+03  9.649990e+03
    endloop
  endfacet
  facet normal -9.924471e-01  1.211830e-01  1.906827e-02
    outer loop
      vertex -3.339766e+03 -3.893936e+03  9.388712e+03
      vertex -3.359116e+03 -4.093517e+03  9.649990e+03
      vertex -3.359074e+03 -4.093169e+03  9.649990e+03
    endloop
  endfacet
  facet normal -9.931312e-01  1.160292e-01  1.508777e-02
    outer loop
      vertex -3.339766e+03 -3.893936e+03  9.388712e+03
      vertex -3.359074e+03 -4.093169e+03  9.649990e+03
      vertex -3.359031e+03 -4.092799e+03  9.649990e+03
    endloop
  endfacet
  facet normal -9.940830e-01  1.082426e-01  9.091079e-03
    outer loop
      vertex -3.339766e+03 -3.893936e+03  9.388712e+03
      vertex -3.359031e+03 -4.092799e+03  9.649990e+03
      vertex -3.358943e+03 -4.091994e+03  9.649990e+03
    endloop
  endfacet
  facet normal -9.949320e-01  1.005009e-01  3.160315e-03
    outer loop
      vertex -3.339766e+03 -3.893936e+03  9.388712e+03
      vertex -3.358943e+03 -4.091994e+03  9.649990e+03
      vertex -3.358853e+03 -4.091103e+03  9.649990e+03
    endloop
  endfacet
  facet normal -9.956302e-01  9.335585e-02 -2.282529e-03
    outer loop
      vertex -3.339766e+03 -3.893936e+03  9.388712e+03
      vertex -3.358853e+03 -4.091103e+03  9.649990e+03
      vertex -3.358761e+03 -4.090124e+03  9.649990e+03
    endloop
  endfacet
  facet normal -9.961309e-01  8.763213e-02 -6.616727e-03
    outer loop
      vertex -3.339766e+03 -3.893936e+03  9.388712e+03
      vertex -3.358761e+03 -4.090124e+03  9.649990e+03
      vertex -3.358667e+03 -4.089058e+03  9.649990e+03
    endloop
  endfacet
  facet normal -9.965018e-01  8.295387e-02 -1.013727e-02
    outer loop
      vertex -3.339766e+03 -3.893936e+03  9.388712e+03
      vertex -3.358667e+03 -4.089058e+03  9.649990e+03
      vertex -3.358571e+03 -4.087905e+03  9.649990e+03
    endloop
  endfacet
  facet normal -9.967790e-01  7.913821e-02 -1.298991e-02
    outer loop
      vertex -3.339766e+03 -3.893936e+03  9.388712e+03
      vertex -3.358571e+03 -4.087905e+03  9.649990e+03
      vertex -3.358507e+03 -4.087100e+03  9.649990e+03
    endloop
  endfacet
  facet normal -9.969378e-01  7.679857e-02 -1.473100e-02
    outer loop
      vertex -3.339766e+03 -3.893936e+03  9.388712e+03
      vertex -3.358507e+03 -4.087100e+03  9.649990e+03
      vertex -3.358442e+03 -4.086257e+03  9.649990e+03
    endloop
  endfacet
  facet normal -9.971111e-01  7.408959e-02 -1.673741e-02
    outer loop
      vertex -3.339766e+03 -3.893936e+03  9.388712e+03
      vertex -3.358442e+03 -4.086257e+03  9.649990e+03
      vertex -3.358375e+03 -4.085353e+03  9.649990e+03
    endloop
  endfacet
  facet normal -9.972346e-01  7.204258e-02 -1.824588e-02
    outer loop
      vertex -3.339766e+03 -3.893936e+03  9.388712e+03
      vertex -3.358375e+03 -4.085353e+03  9.649990e+03
      vertex -3.358307e+03 -4.084410e+03  9.649990e+03
    endloop
  endfacet
  facet normal -9.974076e-01  6.898212e-02 -2.048925e-02
    outer loop
      vertex -3.339766e+03 -3.893936e+03  9.388712e+03
      vertex -3.358307e+03 -4.084410e+03  9.649990e+03
      vertex -3.358170e+03 -4.082433e+03  9.649990e+03
    endloop
  endfacet
  facet normal -9.975830e-01  6.558303e-02 -2.295386e-02
    outer loop
      vertex -3.339766e+03 -3.893936e+03  9.388712e+03
      vertex -3.358170e+03 -4.082433e+03  9.649990e+03
      vertex -3.358033e+03 -4.080339e+03  9.649990e+03
    endloop
  endfacet
  facet normal -9.977328e-01  6.238547e-02 -2.524555e-02
    outer loop
      vertex -3.339766e+03 -3.893936e+03  9.388712e+03
      vertex -3.358033e+03 -4.080339e+03  9.649990e+03
      vertex -3.357893e+03 -4.078098e+03  9.649990e+03
    endloop
  endfacet
  facet normal -9.978472e-01  5.969939e-02 -2.714677e-02
    outer loop
      vertex -3.339766e+03 -3.893936e+03  9.388712e+03
      vertex -3.357893e+03 -4.078098e+03  9.649990e+03
      vertex -3.357750e+03 -4.075710e+03  9.649990e+03
    endloop
  endfacet
  facet normal -9.979428e-01  5.724797e-02 -2.885883e-02
    outer loop
      vertex -3.339766e+03 -3.893936e+03  9.388712e+03
      vertex -3.357750e+03 -4.075710e+03  9.649990e+03
      vertex -3.357604e+03 -4.073178e+03  9.649990e+03
    endloop
  endfacet
  facet normal -9.980207e-01  5.507640e-02 -3.035389e-02
    outer loop
      vertex -3.339766e+03 -3.893936e+03  9.388712e+03
      vertex -3.357604e+03 -4.073178e+03  9.649990e+03
      vertex -3.357457e+03 -4.070502e+03  9.649990e+03
    endloop
  endfacet
  facet normal -9.980733e-01  5.350116e-02 -3.142196e-02
    outer loop
      vertex -3.339766e+03 -3.893936e+03  9.388712e+03
      vertex -3.357457e+03 -4.070502e+03  9.649990e+03
      vertex -3.357365e+03 -4.068785e+03  9.649990e+03
    endloop
  endfacet
  facet normal -9.981117e-01  5.228598e-02 -3.223776e-02
    outer loop
      vertex -3.339766e+03 -3.893936e+03  9.388712e+03
      vertex -3.357365e+03 -4.068785e+03  9.649990e+03
      vertex -3.357272e+03 -4.067014e+03  9.649990e+03
    endloop
  endfacet
  facet normal -9.981417e-01  5.128945e-02 -3.289990e-02
    outer loop
      vertex -3.339766e+03 -3.893936e+03  9.388712e+03
      vertex -3.357272e+03 -4.067014e+03  9.649990e+03
      vertex -3.357175e+03 -4.065127e+03  9.649990e+03
    endloop
  endfacet
  facet normal -9.981779e-01  5.003430e-02 -3.372469e-02
    outer loop
      vertex -3.339766e+03 -3.893936e+03  9.388712e+03
      vertex -3.357175e+03 -4.065127e+03  9.649990e+03
      vertex -3.357078e+03 -4.063184e+03  9.649990e+03
    endloop
  endfacet
  facet normal -9.982151e-01  4.866811e-02 -3.461213e-02
    outer loop
      vertex -3.339766e+03 -3.893936e+03  9.388712e+03
      vertex -3.357078e+03 -4.063184e+03  9.649990e+03
      vertex -3.356883e+03 -4.059193e+03  9.649990e+03
    endloop
  endfacet
  facet normal -7.707616e-01  5.349020e-01  3.461306e-01
    outer loop
      vertex -3.354762e+03 -4.046400e+03  9.584116e+03
      vertex -3.357887e+03 -4.077517e+03  9.625246e+03
      vertex -3.359563e+03 -4.095945e+03  9.649990e+03
    endloop
  endfacet
  facet normal -9.145579e-01  3.524394e-01  1.984201e-01
    outer loop
      vertex -3.354762e+03 -4.046400e+03  9.584116e+03
      vertex -3.359563e+03 -4.095945e+03  9.649990e+03
      vertex -3.359544e+03 -4.095895e+03  9.649990e+03
    endloop
  endfacet
  facet normal -9.366091e-01  3.093777e-01  1.644653e-01
    outer loop
      vertex -3.354762e+03 -4.046400e+03  9.584116e+03
      vertex -3.359544e+03 -4.095895e+03  9.649990e+03
      vertex -3.359508e+03 -4.095787e+03  9.649990e+03
    endloop
  endfacet
  facet normal -9.542093e-01  2.682588e-01  1.323702e-01
    outer loop
      vertex -3.354762e+03 -4.046400e+03  9.584116e+03
      vertex -3.359508e+03 -4.095787e+03  9.649990e+03
      vertex -3.359472e+03 -4.095657e+03  9.649990e+03
    endloop
  endfacet
  facet normal -9.653249e-01  2.374262e-01  1.085206e-01
    outer loop
      vertex -3.354762e+03 -4.046400e+03  9.584116e+03
      vertex -3.359472e+03 -4.095657e+03  9.649990e+03
      vertex -3.359435e+03 -4.095506e+03  9.649990e+03
    endloop
  endfacet
  facet normal -9.729666e-01  2.128364e-01  8.964814e-02
    outer loop
      vertex -3.354762e+03 -4.046400e+03  9.584116e+03
      vertex -3.359435e+03 -4.095506e+03  9.649990e+03
      vertex -3.359397e+03 -4.095334e+03  9.649990e+03
    endloop
  endfacet
  facet normal -9.777918e-01  1.952246e-01  7.622584e-02
    outer loop
      vertex -3.354762e+03 -4.046400e+03  9.584116e+03
      vertex -3.359397e+03 -4.095334e+03  9.649990e+03
      vertex -3.359369e+03 -4.095191e+03  9.649990e+03
    endloop
  endfacet
  facet normal -9.809974e-01  1.822956e-01  6.642551e-02
    outer loop
      vertex -3.354762e+03 -4.046400e+03  9.584116e+03
      vertex -3.359369e+03 -4.095191e+03  9.649990e+03
      vertex -3.359340e+03 -4.095036e+03  9.649990e+03
    endloop
  endfacet
  facet normal -9.843398e-01  1.674142e-01  5.520604e-02
    outer loop
      vertex -3.354762e+03 -4.046400e+03  9.584116e+03
      vertex -3.359340e+03 -4.095036e+03  9.649990e+03
      vertex -3.359281e+03 -4.094690e+03  9.649990e+03
    endloop
  endfacet
  facet normal -9.876777e-01  1.505815e-01  4.263760e-02
    outer loop
      vertex -3.354762e+03 -4.046400e+03  9.584116e+03
      vertex -3.359281e+03 -4.094690e+03  9.649990e+03
      vertex -3.359227e+03 -4.094338e+03  9.649990e+03
    endloop
  endfacet
  facet normal -9.897055e-01  1.390036e-01  3.407470e-02
    outer loop
      vertex -3.354762e+03 -4.046400e+03  9.584116e+03
      vertex -3.359227e+03 -4.094338e+03  9.649990e+03
      vertex -3.359172e+03 -4.093947e+03  9.649990e+03
    endloop
  endfacet
  facet normal -1.757608e-01  7.932300e-01  5.830046e-01
    outer loop
      vertex -3.357887e+03 -4.077517e+03  9.625246e+03
      vertex -3.358512e+03 -4.083713e+03  9.633488e+03
      vertex -3.359434e+03 -4.093731e+03  9.646840e+03
    endloop
  endfacet
  facet normal -4.991665e-01  7.097147e-01  4.971297e-01
    outer loop
      vertex -3.357887e+03 -4.077517e+03  9.625246e+03
      vertex -3.359434e+03 -4.093731e+03  9.646840e+03
      vertex -3.359639e+03 -4.096082e+03  9.649990e+03
    endloop
  endfacet
  facet normal -7.573395e-01  5.469674e-01  3.567400e-01
    outer loop
      vertex -3.357887e+03 -4.077517e+03  9.625246e+03
      vertex -3.359639e+03 -4.096082e+03  9.649990e+03
      vertex -3.359614e+03 -4.096047e+03  9.649990e+03
    endloop
  endfacet
  facet normal -8.241147e-01  4.794849e-01  3.015447e-01
    outer loop
      vertex -3.357887e+03 -4.077517e+03  9.625246e+03
      vertex -3.359614e+03 -4.096047e+03  9.649990e+03
      vertex -3.359598e+03 -4.096020e+03  9.649990e+03
    endloop
  endfacet
  facet normal -8.629499e-01  4.314750e-01  2.629583e-01
    outer loop
      vertex -3.357887e+03 -4.077517e+03  9.625246e+03
      vertex -3.359598e+03 -4.096020e+03  9.649990e+03
      vertex -3.359582e+03 -4.095988e+03  9.649990e+03
    endloop
  endfacet
  facet normal -8.923564e-01  3.888480e-01  2.291228e-01
    outer loop
      vertex -3.357887e+03 -4.077517e+03  9.625246e+03
      vertex -3.359582e+03 -4.095988e+03  9.649990e+03
      vertex -3.359563e+03 -4.095945e+03  9.649990e+03
    endloop
  endfacet
  facet normal -9.975761e-01  1.137833e-02 -6.864670e-02
    outer loop
      vertex -3.316989e+03 -2.250000e+03  9.494462e+03
      vertex -3.287704e+03 -2.250000e+03  9.068893e+03
      vertex -3.330586e+03 -2.503811e+03  9.649990e+03
    endloop
  endfacet
  facet normal -9.975315e-01  1.093682e-02 -6.936332e-02
    outer loop
      vertex -3.316989e+03 -2.250000e+03  9.494462e+03
      vertex -3.330586e+03 -2.503811e+03  9.649990e+03
      vertex -3.330184e+03 -2.467181e+03  9.649990e+03
    endloop
  endfacet
  facet normal -9.975259e-01  1.087168e-02 -6.945381e-02
    outer loop
      vertex -3.316989e+03 -2.250000e+03  9.494462e+03
      vertex -3.330184e+03 -2.467181e+03  9.649990e+03
      vertex -3.329755e+03 -2.427755e+03  9.649990e+03
    endloop
  endfacet
  facet normal -9.975225e-01  1.082097e-02 -6.951148e-02
    outer loop
      vertex -3.316989e+03 -2.250000e+03  9.494462e+03
      vertex -3.329755e+03 -2.427755e+03  9.649990e+03
      vertex -3.329325e+03 -2.388167e+03  9.649990e+03
    endloop
  endfacet
  facet normal -9.975188e-01  1.074770e-02 -6.957629e-02
    outer loop
      vertex -3.316989e+03 -2.250000e+03  9.494462e+03
      vertex -3.329325e+03 -2.388167e+03  9.649990e+03
      vertex -3.328500e+03 -2.311624e+03  9.649990e+03
    endloop
  endfacet
  facet normal -9.975175e-01  1.068210e-02 -6.960218e-02
    outer loop
      vertex -3.316989e+03 -2.250000e+03  9.494462e+03
      vertex -3.328500e+03 -2.311624e+03  9.649990e+03
      vertex -3.327841e+03 -2.250000e+03  9.649990e+03
    endloop
  endfacet
  facet normal -9.976429e-01  1.100339e-02 -6.773125e-02
    outer loop
      vertex -3.321263e+03 -2.498991e+03  9.513458e+03
      vertex -3.330988e+03 -2.540290e+03  9.649990e+03
      vertex -3.330586e+03 -2.503811e+03  9.649990e+03
    endloop
  endfacet
  facet normal -9.976161e-01  1.370342e-02 -6.763409e-02
    outer loop
      vertex -3.321263e+03 -2.498991e+03  9.513458e+03
      vertex -3.330586e+03 -2.503811e+03  9.649990e+03
      vertex -3.287704e+03 -2.250000e+03  9.068893e+03
    endloop
  endfacet
  facet normal -9.976501e-01  1.517249e-02 -6.681388e-02
    outer loop
      vertex -3.321263e+03 -2.498991e+03  9.513458e+03
      vertex -3.287704e+03 -2.250000e+03  9.068893e+03
      vertex -3.303329e+03 -2.456150e+03  9.255392e+03
    endloop
  endfacet
  facet normal -9.976581e-01  1.137811e-02 -6.744433e-02
    outer loop
      vertex -3.321263e+03 -2.498991e+03  9.513458e+03
      vertex -3.303329e+03 -2.456150e+03  9.255392e+03
      vertex -3.333229e+03 -2.738879e+03  9.649990e+03
    endloop
  endfacet
  facet normal -9.976655e-01  1.144754e-02 -6.732301e-02
    outer loop
      vertex -3.321263e+03 -2.498991e+03  9.513458e+03
      vertex -3.333229e+03 -2.738879e+03  9.649990e+03
      vertex -3.332665e+03 -2.689729e+03  9.649990e+03
    endloop
  endfacet
  facet normal -9.976541e-01  1.130941e-02 -6.751502e-02
    outer loop
      vertex -3.321263e+03 -2.498991e+03  9.513458e+03
      vertex -3.332665e+03 -2.689729e+03  9.649990e+03
      vertex -3.332104e+03 -2.640237e+03  9.649990e+03
    endloop
  endfacet
  facet normal -9.976475e-01  1.119617e-02 -6.763165e-02
    outer loop
      vertex -3.321263e+03 -2.498991e+03  9.513458e+03
      vertex -3.332104e+03 -2.640237e+03  9.649990e+03
      vertex -3.331545e+03 -2.590420e+03  9.649990e+03
    endloop
  endfacet
  facet normal -9.976436e-01  1.108277e-02 -6.770729e-02
    outer loop
      vertex -3.321263e+03 -2.498991e+03  9.513458e+03
      vertex -3.331545e+03 -2.590420e+03  9.649990e+03
      vertex -3.330988e+03 -2.540290e+03  9.649990e+03
    endloop
  endfacet
  facet normal -9.977803e-01  1.158770e-02 -6.557503e-02
    outer loop
      vertex -3.318506e+03 -2.738342e+03  9.426063e+03
      vertex -3.333796e+03 -2.787671e+03  9.649990e+03
      vertex -3.333229e+03 -2.738879e+03  9.649990e+03
    endloop
  endfacet
  facet normal -9.977498e-01  1.400766e-02 -6.556722e-02
    outer loop
      vertex -3.318506e+03 -2.738342e+03  9.426063e+03
      vertex -3.333229e+03 -2.738879e+03  9.649990e+03
      vertex -3.303329e+03 -2.456150e+03  9.255392e+03
    endloop
  endfacet
  facet normal -9.977886e-01  1.442383e-02 -6.488255e-02
    outer loop
      vertex -3.318506e+03 -2.738342e+03  9.426063e+03
      vertex -3.303329e+03 -2.456150e+03  9.255392e+03
      vertex -3.286458e+03 -2.641481e+03  8.954737e+03
    endloop
  endfacet
  facet normal -9.977847e-01  1.632686e-02 -6.449120e-02
    outer loop
      vertex -3.318506e+03 -2.738342e+03  9.426063e+03
      vertex -3.286458e+03 -2.641481e+03  8.954737e+03
      vertex -3.303667e+03 -2.913220e+03  9.152209e+03
    endloop
  endfacet
  facet normal -9.979149e-01  1.399419e-02 -6.300867e-02
    outer loop
      vertex -3.318506e+03 -2.738342e+03  9.426063e+03
      vertex -3.303667e+03 -2.913220e+03  9.152209e+03
      vertex -3.332790e+03 -3.015965e+03  9.590625e+03
    endloop
  endfacet
  facet normal -9.979324e-01  1.418500e-02 -6.268829e-02
    outer loop
      vertex -3.318506e+03 -2.738342e+03  9.426063e+03
      vertex -3.332790e+03 -3.015965e+03  9.590625e+03
      vertex -3.336913e+03 -3.043672e+03  9.649990e+03
    endloop
  endfacet
  facet normal -9.978185e-01  1.263116e-02 -6.479762e-02
    outer loop
      vertex -3.318506e+03 -2.738342e+03  9.426063e+03
      vertex -3.336913e+03 -3.043672e+03  9.649990e+03
      vertex -3.336483e+03 -3.009670e+03  9.649990e+03
    endloop
  endfacet
  facet normal -9.978096e-01  1.249772e-02 -6.495859e-02
    outer loop
      vertex -3.318506e+03 -2.738342e+03  9.426063e+03
      vertex -3.336483e+03 -3.009670e+03  9.649990e+03
      vertex -3.336218e+03 -2.988560e+03  9.649990e+03
    endloop
  endfacet
  facet normal -9.978036e-01  1.239686e-02 -6.507082e-02
    outer loop
      vertex -3.318506e+03 -2.738342e+03  9.426063e+03
      vertex -3.336218e+03 -2.988560e+03  9.649990e+03
      vertex -3.335955e+03 -2.967357e+03  9.649990e+03
    endloop
  endfacet
  facet normal -9.977981e-01  1.229467e-02 -6.517491e-02
    outer loop
      vertex -3.318506e+03 -2.738342e+03  9.426063e+03
      vertex -3.335955e+03 -2.967357e+03  9.649990e+03
      vertex -3.335686e+03 -2.945522e+03  9.649990e+03
    endloop
  endfacet
  facet normal -9.977940e-01  1.220886e-02 -6.525397e-02
    outer loop
      vertex -3.318506e+03 -2.738342e+03  9.426063e+03
      vertex -3.335686e+03 -2.945522e+03  9.649990e+03
      vertex -3.335417e+03 -2.923594e+03  9.649990e+03
    endloop
  endfacet
  facet normal -9.977885e-01  1.207906e-02 -6.536096e-02
    outer loop
      vertex -3.318506e+03 -2.738342e+03  9.426063e+03
      vertex -3.335417e+03 -2.923594e+03  9.649990e+03
      vertex -3.334890e+03 -2.880013e+03  9.649990e+03
    endloop
  endfacet
  facet normal -9.977835e-01  1.190723e-02 -6.546929e-02
    outer loop
      vertex -3.318506e+03 -2.738342e+03  9.426063e+03
      vertex -3.334890e+03 -2.880013e+03  9.649990e+03
      vertex -3.334366e+03 -2.836089e+03  9.649990e+03
    endloop
  endfacet
  facet normal -9.977815e-01  1.178617e-02 -6.552199e-02
    outer loop
      vertex -3.318506e+03 -2.738342e+03  9.426063e+03
      vertex -3.334366e+03 -2.836089e+03  9.649990e+03
      vertex -3.334080e+03 -2.811928e+03  9.649990e+03
    endloop
  endfacet
  facet normal -9.977807e-01  1.169949e-02 -6.555043e-02
    outer loop
      vertex -3.318506e+03 -2.738342e+03  9.426063e+03
      vertex -3.334080e+03 -2.811928e+03  9.649990e+03
      vertex -3.333796e+03 -2.787671e+03  9.649990e+03
    endloop
  endfacet
  facet normal -9.977570e-01  1.594625e-02 -6.501255e-02
    outer loop
      vertex -3.303667e+03 -2.913220e+03  9.152209e+03
      vertex -3.286458e+03 -2.641481e+03  8.954737e+03
      vertex -3.261374e+03 -2.560940e+03  8.589536e+03
    endloop
  endfacet
  facet normal -9.978717e-01  2.143545e-02 -6.158446e-02
    outer loop
      vertex -3.303667e+03 -2.913220e+03  9.152209e+03
      vertex -3.261374e+03 -2.560940e+03  8.589536e+03
      vertex -3.279037e+03 -2.820780e+03  8.785291e+03
    endloop
  endfacet
  facet normal -9.978793e-01  1.996572e-02 -6.195525e-02
    outer loop
      vertex -3.303667e+03 -2.913220e+03  9.152209e+03
      vertex -3.279037e+03 -2.820780e+03  8.785291e+03
      vertex -3.291605e+03 -3.055147e+03  8.912188e+03
    endloop
  endfacet
  facet normal -9.980057e-01  1.766548e-02 -6.060146e-02
    outer loop
      vertex -3.303667e+03 -2.913220e+03  9.152209e+03
      vertex -3.291605e+03 -3.055147e+03  8.912188e+03
      vertex -3.313234e+03 -3.150716e+03  9.240529e+03
    endloop
  endfacet
  facet normal -9.980382e-01  1.789157e-02 -5.999704e-02
    outer loop
      vertex -3.303667e+03 -2.913220e+03  9.152209e+03
      vertex -3.313234e+03 -3.150716e+03  9.240529e+03
      vertex -3.329111e+03 -3.218295e+03  9.484482e+03
    endloop
  endfacet
  facet normal -9.980620e-01  1.854285e-02 -5.940090e-02
    outer loop
      vertex -3.303667e+03 -2.913220e+03  9.152209e+03
      vertex -3.329111e+03 -3.218295e+03  9.484482e+03
      vertex -3.340036e+03 -3.276111e+03  9.649990e+03
    endloop
  endfacet
  facet normal -9.979381e-01  1.412859e-02 -6.260992e-02
    outer loop
      vertex -3.303667e+03 -2.913220e+03  9.152209e+03
      vertex -3.340036e+03 -3.276111e+03  9.649990e+03
      vertex -3.339804e+03 -3.259781e+03  9.649990e+03
    endloop
  endfacet
  facet normal -9.979346e-01  1.401047e-02 -6.269189e-02
    outer loop
      vertex -3.303667e+03 -2.913220e+03  9.152209e+03
      vertex -3.339804e+03 -3.259781e+03  9.649990e+03
      vertex -3.339574e+03 -3.243365e+03  9.649990e+03
    endloop
  endfacet
  facet normal -9.979297e-01  1.383533e-02 -6.280769e-02
    outer loop
      vertex -3.303667e+03 -2.913220e+03  9.152209e+03
      vertex -3.339574e+03 -3.243365e+03  9.649990e+03
      vertex -3.339116e+03 -3.210347e+03  9.649990e+03
    endloop
  endfacet
  facet normal -9.979241e-01  1.359942e-02 -6.294812e-02
    outer loop
      vertex -3.303667e+03 -2.913220e+03  9.152209e+03
      vertex -3.339116e+03 -3.210347e+03  9.649990e+03
      vertex -3.338662e+03 -3.177007e+03  9.649990e+03
    endloop
  endfacet
  facet normal -9.979199e-01  1.338297e-02 -6.306252e-02
    outer loop
      vertex -3.303667e+03 -2.913220e+03  9.152209e+03
      vertex -3.338662e+03 -3.177007e+03  9.649990e+03
      vertex -3.338220e+03 -3.144093e+03  9.649990e+03
    endloop
  endfacet
  facet normal -9.979166e-01  1.317934e-02 -6.315674e-02
    outer loop
      vertex -3.303667e+03 -2.913220e+03  9.152209e+03
      vertex -3.338220e+03 -3.144093e+03  9.649990e+03
      vertex -3.337782e+03 -3.110893e+03  9.649990e+03
    endloop
  endfacet
  facet normal -9.979134e-01  1.291507e-02 -6.326146e-02
    outer loop
      vertex -3.303667e+03 -2.913220e+03  9.152209e+03
      vertex -3.337782e+03 -3.110893e+03  9.649990e+03
      vertex -3.332790e+03 -3.015965e+03  9.590625e+03
    endloop
  endfacet
  facet normal -9.980373e-01  1.487142e-02 -6.083360e-02
    outer loop
      vertex -3.329111e+03 -3.218295e+03  9.484482e+03
      vertex -3.313234e+03 -3.150716e+03  9.240529e+03
      vertex -3.342774e+03 -3.458223e+03  9.649990e+03
    endloop
  endfacet
  facet normal -9.981034e-01  1.579545e-02 -5.949956e-02
    outer loop
      vertex -3.329111e+03 -3.218295e+03  9.484482e+03
      vertex -3.342774e+03 -3.458223e+03  9.649990e+03
      vertex -3.342391e+03 -3.434018e+03  9.649990e+03
    endloop
  endfacet
  facet normal -9.980867e-01  1.552676e-02 -5.984843e-02
    outer loop
      vertex -3.329111e+03 -3.218295e+03  9.484482e+03
      vertex -3.342391e+03 -3.434018e+03  9.649990e+03
      vertex -3.342008e+03 -3.409395e+03  9.649990e+03
    endloop
  endfacet
  facet normal -9.980727e-01  1.526728e-02 -6.014694e-02
    outer loop
      vertex -3.329111e+03 -3.218295e+03  9.484482e+03
      vertex -3.342008e+03 -3.409395e+03  9.649990e+03
      vertex -3.341628e+03 -3.384513e+03  9.649990e+03
    endloop
  endfacet
  facet normal -9.980619e-01  1.502726e-02 -6.038718e-02
    outer loop
      vertex -3.329111e+03 -3.218295e+03  9.484482e+03
      vertex -3.341628e+03 -3.384513e+03  9.649990e+03
      vertex -3.341249e+03 -3.359379e+03  9.649990e+03
    endloop
  endfacet
  facet normal -9.980534e-01  1.479643e-02 -6.058332e-02
    outer loop
      vertex -3.329111e+03 -3.218295e+03  9.484482e+03
      vertex -3.341249e+03 -3.359379e+03  9.649990e+03
      vertex -3.340873e+03 -3.334002e+03  9.649990e+03
    endloop
  endfacet
  facet normal -9.980471e-01  1.456468e-02 -6.074488e-02
    outer loop
      vertex -3.329111e+03 -3.218295e+03  9.484482e+03
      vertex -3.340873e+03 -3.334002e+03  9.649990e+03
      vertex -3.340499e+03 -3.308389e+03  9.649990e+03
    endloop
  endfacet
  facet normal -9.980440e-01  1.439727e-02 -6.083580e-02
    outer loop
      vertex -3.329111e+03 -3.218295e+03  9.484482e+03
      vertex -3.340499e+03 -3.308389e+03  9.649990e+03
      vertex -3.340267e+03 -3.292294e+03  9.649990e+03
    endloop
  endfacet
  facet normal -9.980423e-01  1.427388e-02 -6.089086e-02
    outer loop
      vertex -3.329111e+03 -3.218295e+03  9.484482e+03
      vertex -3.340267e+03 -3.292294e+03  9.649990e+03
      vertex -3.340036e+03 -3.276111e+03  9.649990e+03
    endloop
  endfacet
  facet normal -9.981681e-01  1.606713e-02 -5.833097e-02
    outer loop
      vertex -3.331724e+03 -3.421184e+03  9.471103e+03
      vertex -3.343160e+03 -3.482157e+03  9.649990e+03
      vertex -3.342774e+03 -3.458223e+03  9.649990e+03
    endloop
  endfacet
  facet normal -9.981515e-01  1.903414e-02 -5.771563e-02
    outer loop
      vertex -3.331724e+03 -3.421184e+03  9.471103e+03
      vertex -3.342774e+03 -3.458223e+03  9.649990e+03
      vertex -3.313234e+03 -3.150716e+03  9.240529e+03
    endloop
  endfacet
  facet normal -9.980046e-01  1.620049e-02 -6.102781e-02
    outer loop
      vertex -3.331724e+03 -3.421184e+03  9.471103e+03
      vertex -3.313234e+03 -3.150716e+03  9.240529e+03
      vertex -3.291605e+03 -3.055147e+03  8.912188e+03
    endloop
  endfacet
  facet normal -9.981413e-01  2.362270e-02 -5.617676e-02
    outer loop
      vertex -3.331724e+03 -3.421184e+03  9.471103e+03
      vertex -3.291605e+03 -3.055147e+03  8.912188e+03
      vertex -3.318059e+03 -3.351574e+03  9.257571e+03
    endloop
  endfacet
  facet normal -9.981506e-01  2.128992e-02 -5.693784e-02
    outer loop
      vertex -3.331724e+03 -3.421184e+03  9.471103e+03
      vertex -3.318059e+03 -3.351574e+03  9.257571e+03
      vertex -3.324874e+03 -3.541277e+03  9.306104e+03
    endloop
  endfacet
  facet normal -9.982704e-01  1.933440e-02 -5.551950e-02
    outer loop
      vertex -3.331724e+03 -3.421184e+03  9.471103e+03
      vertex -3.324874e+03 -3.541277e+03  9.306104e+03
      vertex -3.342012e+03 -3.644329e+03  9.578379e+03
    endloop
  endfacet
  facet normal -9.982998e-01  1.964367e-02 -5.487900e-02
    outer loop
      vertex -3.331724e+03 -3.421184e+03  9.471103e+03
      vertex -3.342012e+03 -3.644329e+03  9.578379e+03
      vertex -3.346646e+03 -3.679720e+03  9.649990e+03
    endloop
  endfacet
  facet normal -9.982667e-01  1.909400e-02 -5.567065e-02
    outer loop
      vertex -3.331724e+03 -3.421184e+03  9.471103e+03
      vertex -3.346646e+03 -3.679720e+03  9.649990e+03
      vertex -3.346281e+03 -3.660689e+03  9.649990e+03
    endloop
  endfacet
  facet normal -9.982464e-01  1.873344e-02 -5.615174e-02
    outer loop
      vertex -3.331724e+03 -3.421184e+03  9.471103e+03
      vertex -3.346281e+03 -3.660689e+03  9.649990e+03
      vertex -3.345919e+03 -3.641370e+03  9.649990e+03
    endloop
  endfacet
  facet normal -9.982319e-01  1.844698e-02 -5.650318e-02
    outer loop
      vertex -3.331724e+03 -3.421184e+03  9.471103e+03
      vertex -3.345919e+03 -3.641370e+03  9.649990e+03
      vertex -3.345719e+03 -3.630550e+03  9.649990e+03
    endloop
  endfacet
  facet normal -9.982240e-01  1.828159e-02 -5.669614e-02
    outer loop
      vertex -3.331724e+03 -3.421184e+03  9.471103e+03
      vertex -3.345719e+03 -3.630550e+03  9.649990e+03
      vertex -3.345519e+03 -3.619645e+03  9.649990e+03
    endloop
  endfacet
  facet normal -9.982142e-01  1.806034e-02 -5.694084e-02
    outer loop
      vertex -3.331724e+03 -3.421184e+03  9.471103e+03
      vertex -3.345519e+03 -3.619645e+03  9.649990e+03
      vertex -3.345319e+03 -3.608594e+03  9.649990e+03
    endloop
  endfacet
  facet normal -9.982077e-01  1.790409e-02 -5.710404e-02
    outer loop
      vertex -3.331724e+03 -3.421184e+03  9.471103e+03
      vertex -3.345319e+03 -3.608594e+03  9.649990e+03
      vertex -3.345120e+03 -3.597459e+03  9.649990e+03
    endloop
  endfacet
  facet normal -9.981971e-01  1.763051e-02 -5.737282e-02
    outer loop
      vertex -3.331724e+03 -3.421184e+03  9.471103e+03
      vertex -3.345120e+03 -3.597459e+03  9.649990e+03
      vertex -3.344723e+03 -3.575011e+03  9.649990e+03
    endloop
  endfacet
  facet normal -9.981863e-01  1.728948e-02 -5.766529e-02
    outer loop
      vertex -3.331724e+03 -3.421184e+03  9.471103e+03
      vertex -3.344723e+03 -3.575011e+03  9.649990e+03
      vertex -3.344329e+03 -3.552248e+03  9.649990e+03
    endloop
  endfacet
  facet normal -9.981782e-01  1.696500e-02 -5.790246e-02
    outer loop
      vertex -3.331724e+03 -3.421184e+03  9.471103e+03
      vertex -3.344329e+03 -3.552248e+03  9.649990e+03
      vertex -3.343937e+03 -3.529178e+03  9.649990e+03
    endloop
  endfacet
  facet normal -9.981722e-01  1.664507e-02 -5.809520e-02
    outer loop
      vertex -3.331724e+03 -3.421184e+03  9.471103e+03
      vertex -3.343937e+03 -3.529178e+03  9.649990e+03
      vertex -3.343547e+03 -3.505812e+03  9.649990e+03
    endloop
  endfacet
  facet normal -9.981689e-01  1.634958e-02 -5.823476e-02
    outer loop
      vertex -3.331724e+03 -3.421184e+03  9.471103e+03
      vertex -3.343547e+03 -3.505812e+03  9.649990e+03
      vertex -3.343160e+03 -3.482157e+03  9.649990e+03
    endloop
  endfacet
  facet normal -9.982706e-01  1.942890e-02 -5.548374e-02
    outer loop
      vertex -3.342012e+03 -3.644329e+03  9.578379e+03
      vertex -3.324874e+03 -3.541277e+03  9.306104e+03
      vertex -3.347931e+03 -3.743945e+03  9.649990e+03
    endloop
  endfacet
  facet normal -9.983382e-01  2.063967e-02 -5.380508e-02
    outer loop
      vertex -3.342012e+03 -3.644329e+03  9.578379e+03
      vertex -3.347931e+03 -3.743945e+03  9.649990e+03
      vertex -3.347747e+03 -3.735006e+03  9.649990e+03
    endloop
  endfacet
  facet normal -9.983218e-01  2.029870e-02 -5.423553e-02
    outer loop
      vertex -3.342012e+03 -3.644329e+03  9.578379e+03
      vertex -3.347747e+03 -3.735006e+03  9.649990e+03
      vertex -3.347378e+03 -3.716887e+03  9.649990e+03
    endloop
  endfacet
  facet normal -9.983069e-01  1.987490e-02 -5.466381e-02
    outer loop
      vertex -3.342012e+03 -3.644329e+03  9.578379e+03
      vertex -3.347378e+03 -3.716887e+03  9.649990e+03
      vertex -3.347011e+03 -3.698456e+03  9.649990e+03
    endloop
  endfacet
  facet normal -9.982986e-01  1.948725e-02 -5.495623e-02
    outer loop
      vertex -3.342012e+03 -3.644329e+03  9.578379e+03
      vertex -3.347011e+03 -3.698456e+03  9.649990e+03
      vertex -3.346646e+03 -3.679720e+03  9.649990e+03
    endloop
  endfacet
  facet normal -9.981076e-01  2.107693e-02 -5.776434e-02
    outer loop
      vertex -3.324874e+03 -3.541277e+03  9.306104e+03
      vertex -3.318059e+03 -3.351574e+03  9.257571e+03
      vertex -3.301011e+03 -3.262663e+03  8.995439e+03
    endloop
  endfacet
  facet normal -9.980376e-01  1.892462e-02 -5.968923e-02
    outer loop
      vertex -3.324874e+03 -3.541277e+03  9.306104e+03
      vertex -3.301011e+03 -3.262663e+03  8.995439e+03
      vertex -3.289646e+03 -3.202847e+03  8.824371e+03
    endloop
  endfacet
  facet normal -9.981758e-01  2.713030e-02 -5.393462e-02
    outer loop
      vertex -3.324874e+03 -3.541277e+03  9.306104e+03
      vertex -3.289646e+03 -3.202847e+03  8.824371e+03
      vertex -3.305179e+03 -3.420626e+03  9.002299e+03
    endloop
  endfacet
  facet normal -9.981857e-01  2.490747e-02 -5.481802e-02
    outer loop
      vertex -3.324874e+03 -3.541277e+03  9.306104e+03
      vertex -3.305179e+03 -3.420626e+03  9.002299e+03
      vertex -3.329876e+03 -3.694272e+03  9.327669e+03
    endloop
  endfacet
  facet normal -9.983579e-01  2.540285e-02 -5.134359e-02
    outer loop
      vertex -3.324874e+03 -3.541277e+03  9.306104e+03
      vertex -3.329876e+03 -3.694272e+03  9.327669e+03
      vertex -3.342787e+03 -3.786335e+03  9.533167e+03
    endloop
  endfacet
  facet normal -9.984077e-01  2.718030e-02 -4.942920e-02
    outer loop
      vertex -3.324874e+03 -3.541277e+03  9.306104e+03
      vertex -3.342787e+03 -3.786335e+03  9.533167e+03
      vertex -3.350251e+03 -3.848062e+03  9.649990e+03
    endloop
  endfacet
  facet normal -9.983383e-01  2.370958e-02 -5.252035e-02
    outer loop
      vertex -3.324874e+03 -3.541277e+03  9.306104e+03
      vertex -3.350251e+03 -3.848062e+03  9.649990e+03
      vertex -3.349911e+03 -3.833742e+03  9.649990e+03
    endloop
  endfacet
  facet normal -9.983273e-01  2.319057e-02 -5.296094e-02
    outer loop
      vertex -3.324874e+03 -3.541277e+03  9.306104e+03
      vertex -3.349911e+03 -3.833742e+03  9.649990e+03
      vertex -3.349571e+03 -3.819112e+03  9.649990e+03
    endloop
  endfacet
  facet normal -9.983169e-01  2.267158e-02 -5.337949e-02
    outer loop
      vertex -3.324874e+03 -3.541277e+03  9.306104e+03
      vertex -3.349571e+03 -3.819112e+03  9.649990e+03
      vertex -3.349232e+03 -3.804180e+03  9.649990e+03
    endloop
  endfacet
  facet normal -9.983088e-01  2.223297e-02 -5.371425e-02
    outer loop
      vertex -3.324874e+03 -3.541277e+03  9.306104e+03
      vertex -3.349232e+03 -3.804180e+03  9.649990e+03
      vertex -3.348952e+03 -3.791628e+03  9.649990e+03
    endloop
  endfacet
  facet normal -9.983026e-01  2.186971e-02 -5.397827e-02
    outer loop
      vertex -3.324874e+03 -3.541277e+03  9.306104e+03
      vertex -3.348952e+03 -3.791628e+03  9.649990e+03
      vertex -3.348673e+03 -3.778878e+03  9.649990e+03
    endloop
  endfacet
  facet normal -9.982966e-01  2.148595e-02 -5.424300e-02
    outer loop
      vertex -3.324874e+03 -3.541277e+03  9.306104e+03
      vertex -3.348673e+03 -3.778878e+03  9.649990e+03
      vertex -3.348394e+03 -3.765936e+03  9.649990e+03
    endloop
  endfacet
  facet normal -9.982916e-01  2.113916e-02 -5.446922e-02
    outer loop
      vertex -3.324874e+03 -3.541277e+03  9.306104e+03
      vertex -3.348394e+03 -3.765936e+03  9.649990e+03
      vertex -3.348116e+03 -3.752803e+03  9.649990e+03
    endloop
  endfacet
  facet normal -9.982877e-01  2.082804e-02 -5.466032e-02
    outer loop
      vertex -3.324874e+03 -3.541277e+03  9.306104e+03
      vertex -3.348116e+03 -3.752803e+03  9.649990e+03
      vertex -3.347931e+03 -3.743945e+03  9.649990e+03
    endloop
  endfacet
  facet normal -9.983597e-01  2.443433e-02 -5.177760e-02
    outer loop
      vertex -3.342787e+03 -3.786335e+03  9.533167e+03
      vertex -3.329876e+03 -3.694272e+03  9.327669e+03
      vertex -3.352289e+03 -3.927040e+03  9.649990e+03
    endloop
  endfacet
  facet normal -9.984654e-01  2.754173e-02 -4.804355e-02
    outer loop
      vertex -3.342787e+03 -3.786335e+03  9.533167e+03
      vertex -3.352289e+03 -3.927040e+03  9.649990e+03
      vertex -3.352007e+03 -3.916818e+03  9.649990e+03
    endloop
  endfacet
  facet normal -9.984499e-01  2.695682e-02 -4.869564e-02
    outer loop
      vertex -3.342787e+03 -3.786335e+03  9.533167e+03
      vertex -3.352007e+03 -3.916818e+03  9.649990e+03
      vertex -3.351724e+03 -3.906346e+03  9.649990e+03
    endloop
  endfacet
  facet normal -9.984359e-01  2.636442e-02 -4.930312e-02
    outer loop
      vertex -3.342787e+03 -3.786335e+03  9.533167e+03
      vertex -3.351724e+03 -3.906346e+03  9.649990e+03
      vertex -3.351441e+03 -3.895630e+03  9.649990e+03
    endloop
  endfacet
  facet normal -9.984251e-01  2.583227e-02 -4.980018e-02
    outer loop
      vertex -3.342787e+03 -3.786335e+03  9.533167e+03
      vertex -3.351441e+03 -3.895630e+03  9.649990e+03
      vertex -3.351158e+03 -3.884675e+03  9.649990e+03
    endloop
  endfacet
  facet normal -9.984161e-01  2.528987e-02 -5.025612e-02
    outer loop
      vertex -3.342787e+03 -3.786335e+03  9.533167e+03
      vertex -3.351158e+03 -3.884675e+03  9.649990e+03
      vertex -3.350875e+03 -3.873485e+03  9.649990e+03
    endloop
  endfacet
  facet normal -9.984100e-01  2.480124e-02 -5.062021e-02
    outer loop
      vertex -3.342787e+03 -3.786335e+03  9.533167e+03
      vertex -3.350875e+03 -3.873485e+03  9.649990e+03
      vertex -3.350591e+03 -3.862064e+03  9.649990e+03
    endloop
  endfacet
  facet normal -9.984067e-01  2.440604e-02 -5.087617e-02
    outer loop
      vertex -3.342787e+03 -3.786335e+03  9.533167e+03
      vertex -3.350591e+03 -3.862064e+03  9.649990e+03
      vertex -3.350421e+03 -3.855103e+03  9.649990e+03
    endloop
  endfacet
  facet normal -9.984049e-01  2.409382e-02 -5.105985e-02
    outer loop
      vertex -3.342787e+03 -3.786335e+03  9.533167e+03
      vertex -3.350421e+03 -3.855103e+03  9.649990e+03
      vertex -3.350251e+03 -3.848062e+03  9.649990e+03
    endloop
  endfacet
  facet normal -9.982601e-01  2.915685e-02 -5.124983e-02
    outer loop
      vertex -3.329876e+03 -3.694272e+03  9.327669e+03
      vertex -3.305179e+03 -3.420626e+03  9.002299e+03
      vertex -3.316965e+03 -3.601962e+03  9.128698e+03
    endloop
  endfacet
  facet normal -9.982488e-01  3.092381e-02 -5.042933e-02
    outer loop
      vertex -3.329876e+03 -3.694272e+03  9.327669e+03
      vertex -3.316965e+03 -3.601962e+03  9.128698e+03
      vertex -3.334719e+03 -3.813190e+03  9.350614e+03
    endloop
  endfacet
  facet normal -9.984061e-01  3.164365e-02 -4.673185e-02
    outer loop
      vertex -3.329876e+03 -3.694272e+03  9.327669e+03
      vertex -3.334719e+03 -3.813190e+03  9.350614e+03
      vertex -3.346814e+03 -3.914212e+03  9.540629e+03
    endloop
  endfacet
  facet normal -9.984460e-01  3.458451e-02 -4.369777e-02
    outer loop
      vertex -3.329876e+03 -3.694272e+03  9.327669e+03
      vertex -3.346814e+03 -3.914212e+03  9.540629e+03
      vertex -3.353751e+03 -3.976282e+03  9.649990e+03
    endloop
  endfacet
  facet normal -9.984239e-01  3.124435e-02 -4.661856e-02
    outer loop
      vertex -3.329876e+03 -3.694272e+03  9.327669e+03
      vertex -3.353751e+03 -3.976282e+03  9.649990e+03
      vertex -3.353461e+03 -3.967021e+03  9.649990e+03
    endloop
  endfacet
  facet normal -9.984166e-01  3.041885e-02 -4.731656e-02
    outer loop
      vertex -3.329876e+03 -3.694272e+03  9.327669e+03
      vertex -3.353461e+03 -3.967021e+03  9.649990e+03
      vertex -3.353170e+03 -3.957461e+03  9.649990e+03
    endloop
  endfacet
  facet normal -9.984098e-01  2.963565e-02 -4.795558e-02
    outer loop
      vertex -3.329876e+03 -3.694272e+03  9.327669e+03
      vertex -3.353170e+03 -3.957461e+03  9.649990e+03
      vertex -3.352877e+03 -3.947608e+03  9.649990e+03
    endloop
  endfacet
  facet normal -9.984033e-01  2.888768e-02 -4.854300e-02
    outer loop
      vertex -3.329876e+03 -3.694272e+03  9.327669e+03
      vertex -3.352877e+03 -3.947608e+03  9.649990e+03
      vertex -3.352584e+03 -3.937466e+03  9.649990e+03
    endloop
  endfacet
  facet normal -9.983978e-01  2.822036e-02 -4.904611e-02
    outer loop
      vertex -3.329876e+03 -3.694272e+03  9.327669e+03
      vertex -3.352584e+03 -3.937466e+03  9.649990e+03
      vertex -3.352289e+03 -3.927040e+03  9.649990e+03
    endloop
  endfacet
  facet normal -9.983751e-01  3.508872e-02 -4.489831e-02
    outer loop
      vertex -3.346814e+03 -3.914212e+03  9.540629e+03
      vertex -3.334719e+03 -3.813190e+03  9.350614e+03
      vertex -3.351183e+03 -3.987191e+03  9.580732e+03
    endloop
  endfacet
  facet normal -9.984652e-01  3.724063e-02 -4.099214e-02
    outer loop
      vertex -3.346814e+03 -3.914212e+03  9.540629e+03
      vertex -3.351183e+03 -3.987191e+03  9.580732e+03
      vertex -3.355446e+03 -4.025250e+03  9.649990e+03
    endloop
  endfacet
  facet normal -9.984669e-01  3.767044e-02 -4.055586e-02
    outer loop
      vertex -3.346814e+03 -3.914212e+03  9.540629e+03
      vertex -3.355446e+03 -4.025250e+03  9.649990e+03
      vertex -3.355239e+03 -4.019770e+03  9.649990e+03
    endloop
  endfacet
  facet normal -9.984647e-01  3.672692e-02 -4.146640e-02
    outer loop
      vertex -3.346814e+03 -3.914212e+03  9.540629e+03
      vertex -3.355239e+03 -4.019770e+03  9.649990e+03
      vertex -3.355031e+03 -4.014101e+03  9.649990e+03
    endloop
  endfacet
  facet normal -9.984630e-01  3.585571e-02 -4.226202e-02
    outer loop
      vertex -3.346814e+03 -3.914212e+03  9.540629e+03
      vertex -3.355031e+03 -4.014101e+03  9.649990e+03
      vertex -3.354820e+03 -4.008248e+03  9.649990e+03
    endloop
  endfacet
  facet normal -9.984618e-01  3.497140e-02 -4.302232e-02
    outer loop
      vertex -3.346814e+03 -3.914212e+03  9.540629e+03
      vertex -3.354820e+03 -4.008248e+03  9.649990e+03
      vertex -3.354609e+03 -4.002211e+03  9.649990e+03
    endloop
  endfacet
  facet normal -9.984617e-01  3.419510e-02 -4.364697e-02
    outer loop
      vertex -3.346814e+03 -3.914212e+03  9.540629e+03
      vertex -3.354609e+03 -4.002211e+03  9.649990e+03
      vertex -3.354420e+03 -3.996694e+03  9.649990e+03
    endloop
  endfacet
  facet normal -9.984621e-01  3.355922e-02 -4.412660e-02
    outer loop
      vertex -3.346814e+03 -3.914212e+03  9.540629e+03
      vertex -3.354420e+03 -3.996694e+03  9.649990e+03
      vertex -3.354230e+03 -3.991035e+03  9.649990e+03
    endloop
  endfacet
  facet normal -9.984635e-01  3.287573e-02 -4.460682e-02
    outer loop
      vertex -3.346814e+03 -3.914212e+03  9.540629e+03
      vertex -3.354230e+03 -3.991035e+03  9.649990e+03
      vertex -3.354039e+03 -3.985237e+03  9.649990e+03
    endloop
  endfacet
  facet normal -9.984652e-01  3.239809e-02 -4.491714e-02
    outer loop
      vertex -3.346814e+03 -3.914212e+03  9.540629e+03
      vertex -3.354039e+03 -3.985237e+03  9.649990e+03
      vertex -3.353895e+03 -3.980798e+03  9.649990e+03
    endloop
  endfacet
  facet normal -9.984677e-01  3.184647e-02 -4.525317e-02
    outer loop
      vertex -3.346814e+03 -3.914212e+03  9.540629e+03
      vertex -3.353895e+03 -3.980798e+03  9.649990e+03
      vertex -3.353751e+03 -3.976282e+03  9.649990e+03
    endloop
  endfacet
  facet normal -9.983587e-01  4.547811e-02 -3.480770e-02
    outer loop
      vertex -3.351183e+03 -3.987191e+03  9.580732e+03
      vertex -3.356710e+03 -4.055522e+03  9.649990e+03
      vertex -3.356535e+03 -4.051684e+03  9.649990e+03
    endloop
  endfacet
  facet normal -9.983744e-01  4.415160e-02 -3.604415e-02
    outer loop
      vertex -3.351183e+03 -3.987191e+03  9.580732e+03
      vertex -3.356535e+03 -4.051684e+03  9.649990e+03
      vertex -3.356358e+03 -4.047682e+03  9.649990e+03
    endloop
  endfacet
  facet normal -9.983890e-01  4.289176e-02 -3.714563e-02
    outer loop
      vertex -3.351183e+03 -3.987191e+03  9.580732e+03
      vertex -3.356358e+03 -4.047682e+03  9.649990e+03
      vertex -3.356179e+03 -4.043516e+03  9.649990e+03
    endloop
  endfacet
  facet normal -9.984020e-01  4.177999e-02 -3.805074e-02
    outer loop
      vertex -3.351183e+03 -3.987191e+03  9.580732e+03
      vertex -3.356179e+03 -4.043516e+03  9.649990e+03
      vertex -3.356019e+03 -4.039677e+03  9.649990e+03
    endloop
  endfacet
  facet normal -9.984137e-01  4.081681e-02 -3.878150e-02
    outer loop
      vertex -3.351183e+03 -3.987191e+03  9.580732e+03
      vertex -3.356019e+03 -4.039677e+03  9.649990e+03
      vertex -3.355857e+03 -4.035712e+03  9.649990e+03
    endloop
  endfacet
  facet normal -9.984254e-01  3.991795e-02 -3.941203e-02
    outer loop
      vertex -3.351183e+03 -3.987191e+03  9.580732e+03
      vertex -3.355857e+03 -4.035712e+03  9.649990e+03
      vertex -3.355693e+03 -4.031621e+03  9.649990e+03
    endloop
  endfacet
  facet normal -9.984372e-01  3.907399e-02 -3.995420e-02
    outer loop
      vertex -3.351183e+03 -3.987191e+03  9.580732e+03
      vertex -3.355693e+03 -4.031621e+03  9.649990e+03
      vertex -3.355570e+03 -4.028470e+03  9.649990e+03
    endloop
  endfacet
  facet normal -9.984463e-01  3.845710e-02 -4.032247e-02
    outer loop
      vertex -3.351183e+03 -3.987191e+03  9.580732e+03
      vertex -3.355570e+03 -4.028470e+03  9.649990e+03
      vertex -3.355446e+03 -4.025250e+03  9.649990e+03
    endloop
  endfacet
  facet normal -9.976812e-01  2.101258e-02 -6.473567e-02
    outer loop
      vertex -3.261374e+03 -2.560940e+03  8.589536e+03
      vertex -3.242520e+03 -2.295218e+03  8.385205e+03
      vertex -3.244652e+03 -2.506055e+03  8.349632e+03
    endloop
  endfacet
  facet normal -9.974992e-01  2.145087e-02 -6.734425e-02
    outer loop
      vertex -3.244652e+03 -2.506055e+03  8.349632e+03
      vertex -3.242520e+03 -2.295218e+03  8.385205e+03
      vertex -3.199801e+03 -2.250000e+03  7.766860e+03
    endloop
  endfacet
  facet normal -9.975230e-01  2.571089e-02 -6.547432e-02
    outer loop
      vertex -3.244652e+03 -2.506055e+03  8.349632e+03
      vertex -3.199801e+03 -2.250000e+03  7.766860e+03
      vertex -3.209798e+03 -2.378858e+03  7.868572e+03
    endloop
  endfacet
  facet normal -9.976572e-01  2.552865e-02 -6.346912e-02
    outer loop
      vertex -3.229793e+03 -2.632110e+03  8.079263e+03
      vertex -3.262617e+03 -2.757633e+03  8.544728e+03
      vertex -3.219796e+03 -2.506261e+03  7.972732e+03
    endloop
  endfacet
  facet normal -9.976279e-01  2.021117e-02 -6.580374e-02
    outer loop
      vertex -3.219796e+03 -2.506261e+03  7.972732e+03
      vertex -3.262617e+03 -2.757633e+03  8.544728e+03
      vertex -3.244652e+03 -2.506055e+03  8.349632e+03
    endloop
  endfacet
  facet normal -9.978057e-01  2.315088e-02 -6.202932e-02
    outer loop
      vertex -3.262617e+03 -2.757633e+03  8.544728e+03
      vertex -3.279037e+03 -2.820780e+03  8.785291e+03
      vertex -3.244652e+03 -2.506055e+03  8.349632e+03
    endloop
  endfacet
  facet normal -9.976930e-01  1.863969e-02 -6.527936e-02
    outer loop
      vertex -3.244652e+03 -2.506055e+03  8.349632e+03
      vertex -3.279037e+03 -2.820780e+03  8.785291e+03
      vertex -3.261374e+03 -2.560940e+03  8.589536e+03
    endloop
  endfacet
  facet normal -9.982579e-01  4.699871e-02 -3.567081e-02
    outer loop
      vertex -3.356883e+03 -4.059193e+03  9.649990e+03
      vertex -3.356710e+03 -4.055522e+03  9.649990e+03
      vertex -3.339766e+03 -3.893936e+03  9.388712e+03
    endloop
  endfacet
  facet normal -9.975004e-01  6.664937e-02 -2.346890e-02
    outer loop
      vertex -3.339766e+03 -3.893936e+03  9.388712e+03
      vertex -3.356710e+03 -4.055522e+03  9.649990e+03
      vertex -3.329769e+03 -3.789492e+03  9.260396e+03
    endloop
  endfacet
  facet normal -9.983672e-01  3.501976e-02 -4.512677e-02
    outer loop
      vertex -3.356710e+03 -4.055522e+03  9.649990e+03
      vertex -3.351183e+03 -3.987191e+03  9.580732e+03
      vertex -3.329769e+03 -3.789492e+03  9.260396e+03
    endloop
  endfacet
  facet normal -9.983752e-01  3.374712e-02 -4.591274e-02
    outer loop
      vertex -3.329769e+03 -3.789492e+03  9.260396e+03
      vertex -3.351183e+03 -3.987191e+03  9.580732e+03
      vertex -3.334719e+03 -3.813190e+03  9.350614e+03
    endloop
  endfacet
  facet normal -4.149058e-01  7.409033e-01  5.281244e-01
    outer loop
      vertex -3.359665e+03 -4.096106e+03  9.649990e+03
      vertex -3.359434e+03 -4.093731e+03  9.646840e+03
      vertex -3.359677e+03 -4.096113e+03  9.649990e+03
    endloop
  endfacet
  facet normal -4.998908e-01  7.089965e-01  4.974265e-01
    outer loop
      vertex -3.359677e+03 -4.096113e+03  9.649990e+03
      vertex -3.359434e+03 -4.093731e+03  9.646840e+03
      vertex -3.358512e+03 -4.083713e+03  9.633488e+03
    endloop
  endfacet
  facet normal -2.552333e-01  7.815576e-01  5.692307e-01
    outer loop
      vertex -3.359677e+03 -4.096113e+03  9.649990e+03
      vertex -3.358512e+03 -4.083713e+03  9.633488e+03
      vertex -3.359689e+03 -4.096117e+03  9.649990e+03
    endloop
  endfacet
  facet normal  2.572442e-01  7.635685e-01  5.922742e-01
    outer loop
      vertex -3.359689e+03 -4.096117e+03  9.649990e+03
      vertex -3.358512e+03 -4.083713e+03  9.633488e+03
      vertex -3.359136e+03 -4.089901e+03  9.641736e+03
    endloop
  endfacet
  facet normal -4.772719e-02  7.994304e-01  5.988598e-01
    outer loop
      vertex -3.359689e+03 -4.096117e+03  9.649990e+03
      vertex -3.359136e+03 -4.089901e+03  9.641736e+03
      vertex -3.359706e+03 -4.096118e+03  9.649990e+03
    endloop
  endfacet
  facet normal -9.975196e-01  2.016339e-02 -6.743980e-02
    outer loop
      vertex -3.199801e+03 -2.250000e+03  7.766860e+03
      vertex -3.242520e+03 -2.295218e+03  8.385205e+03
      vertex -3.238881e+03 -2.250000e+03  8.344911e+03
    endloop
  endfacet
  facet normal -9.975894e-01  2.145933e-02 -6.599180e-02
    outer loop
      vertex -3.238881e+03 -2.250000e+03  8.344911e+03
      vertex -3.242520e+03 -2.295218e+03  8.385205e+03
      vertex -3.267460e+03 -2.363490e+03  8.740025e+03
    endloop
  endfacet
  facet normal -9.975916e-01  1.807673e-02 -6.696357e-02
    outer loop
      vertex -3.238881e+03 -2.250000e+03  8.344911e+03
      vertex -3.267460e+03 -2.363490e+03  8.740025e+03
      vertex -3.261818e+03 -2.250000e+03  8.686612e+03
    endloop
  endfacet
  facet normal -9.976410e-01  1.847992e-02 -6.611209e-02
    outer loop
      vertex -3.261818e+03 -2.250000e+03  8.686612e+03
      vertex -3.267460e+03 -2.363490e+03  8.740025e+03
      vertex -3.303329e+03 -2.456150e+03  9.255392e+03
    endloop
  endfacet
  facet normal -9.976104e-01  1.450208e-02 -6.755161e-02
    outer loop
      vertex -3.261818e+03 -2.250000e+03  8.686612e+03
      vertex -3.303329e+03 -2.456150e+03  9.255392e+03
      vertex -3.287704e+03 -2.250000e+03  9.068893e+03
    endloop
  endfacet
  facet normal -9.976501e-01  1.689450e-02 -6.639777e-02
    outer loop
      vertex -3.303329e+03 -2.456150e+03  9.255392e+03
      vertex -3.267460e+03 -2.363490e+03  8.740025e+03
      vertex -3.286458e+03 -2.641481e+03  8.954737e+03
    endloop
  endfacet
  facet normal -9.976202e-01  1.646161e-02 -6.695560e-02
    outer loop
      vertex -3.286458e+03 -2.641481e+03  8.954737e+03
      vertex -3.267460e+03 -2.363490e+03  8.740025e+03
      vertex -3.242520e+03 -2.295218e+03  8.385205e+03
    endloop
  endfacet
  facet normal -9.977297e-01  2.179671e-02 -6.372042e-02
    outer loop
      vertex -3.286458e+03 -2.641481e+03  8.954737e+03
      vertex -3.242520e+03 -2.295218e+03  8.385205e+03
      vertex -3.261374e+03 -2.560940e+03  8.589536e+03
    endloop
  endfacet
  facet normal -9.978157e-01  2.148365e-02 -6.246764e-02
    outer loop
      vertex -3.262617e+03 -2.757633e+03  8.544728e+03
      vertex -3.277185e+03 -2.990222e+03  8.697438e+03
      vertex -3.279037e+03 -2.820780e+03  8.785291e+03
    endloop
  endfacet
  facet normal -9.979386e-01  2.060628e-02 -6.077807e-02
    outer loop
      vertex -3.279037e+03 -2.820780e+03  8.785291e+03
      vertex -3.277185e+03 -2.990222e+03  8.697438e+03
      vertex -3.291605e+03 -3.055147e+03  8.912188e+03
    endloop
  endfacet
  facet normal -9.979322e-01  2.254921e-02 -6.019023e-02
    outer loop
      vertex -3.277185e+03 -2.990222e+03  8.697438e+03
      vertex -3.289646e+03 -3.202847e+03  8.824371e+03
      vertex -3.291605e+03 -3.055147e+03  8.912188e+03
    endloop
  endfacet
  facet normal -9.980387e-01  2.167763e-02 -5.872668e-02
    outer loop
      vertex -3.291605e+03 -3.055147e+03  8.912188e+03
      vertex -3.289646e+03 -3.202847e+03  8.824371e+03
      vertex -3.301011e+03 -3.262663e+03  8.995439e+03
    endloop
  endfacet
  facet normal  0.000000e+00  0.000000e+00 -1.000000e+00
    outer loop
      vertex  4.799997e+03 -5.505568e+03  7.250000e+03
      vertex  4.405841e+03 -5.353306e+03  7.250000e+03
      vertex  4.012342e+03 -5.199849e+03  7.250000e+03
    endloop
  endfacet
  facet normal  0.000000e+00  0.000000e+00 -1.000000e+00
    outer loop
      vertex  4.799997e+03 -5.505568e+03  7.250000e+03
      vertex  4.012342e+03 -5.199849e+03  7.250000e+03
      vertex  3.521411e+03 -5.006085e+03  7.250000e+03
    endloop
  endfacet
  facet normal  0.000000e+00  0.000000e+00 -1.000000e+00
    outer loop
      vertex  4.799997e+03 -5.505568e+03  7.250000e+03
      vertex  3.521411e+03 -5.006085e+03  7.250000e+03
      vertex  3.031128e+03 -4.809662e+03  7.250000e+03
    endloop
  endfacet
  facet normal  0.000000e+00  0.000000e+00 -9.999999e-01
    outer loop
      vertex  4.799997e+03 -5.505568e+03  7.250000e+03
      vertex  3.031128e+03 -4.809662e+03  7.250000e+03
      vertex  2.722990e+03 -4.684543e+03  7.250000e+03
    endloop
  endfacet
  facet normal  0.000000e+00  0.000000e+00 -1.000000e+00
    outer loop
      vertex  4.799997e+03 -5.505568e+03  7.250000e+03
      vertex  2.722990e+03 -4.684543e+03  7.250000e+03
      vertex  2.415081e+03 -4.558117e+03  7.250000e+03
    endloop
  endfacet
  facet normal  0.000000e+00  0.000000e+00 -1.000000e+00
    outer loop
      vertex  4.799997e+03 -5.505568e+03  7.250000e+03
      vertex  2.415081e+03 -4.558117e+03  7.250000e+03
      vertex  1.799997e+03 -4.300998e+03  7.250000e+03
    endloop
  endfacet
  facet normal  0.000000e+00  0.000000e+00 -1.000000e+00
    outer loop
      vertex  4.799997e+03 -5.505568e+03  7.250000e+03
      vertex  1.799997e+03 -4.300998e+03  7.250000e+03
      vertex  1.358851e+03 -4.110949e+03  7.250000e+03
    endloop
  endfacet
  facet normal  0.000000e+00  0.000000e+00 -1.000000e+00
    outer loop
      vertex  4.799997e+03 -5.505568e+03  7.250000e+03
      vertex  1.358851e+03 -4.110949e+03  7.250000e+03
      vertex  1.129425e+03 -4.007586e+03  7.250000e+03
    endloop
  endfacet
  facet normal  0.000000e+00  0.000000e+00 -1.000000e+00
    outer loop
      vertex  4.799997e+03 -5.505568e+03  7.250000e+03
      vertex  1.129425e+03 -4.007586e+03  7.250000e+03
      vertex  9.006381e+02 -3.900245e+03  7.250000e+03
    endloop
  endfacet
  facet normal  0.000000e+00  0.000000e+00 -1.000000e+00
    outer loop
      vertex  4.799997e+03 -5.505568e+03  7.250000e+03
      vertex  9.006381e+02 -3.900245e+03  7.250000e+03
      vertex  6.537580e+02 -3.779031e+03  7.250000e+03
    endloop
  endfacet
  facet normal  0.000000e+00  0.000000e+00 -1.000000e+00
    outer loop
      vertex  4.799997e+03 -5.505568e+03  7.250000e+03
      vertex  6.537580e+02 -3.779031e+03  7.250000e+03
      vertex  4.080779e+02 -3.652555e+03  7.250000e+03
    endloop
  endfacet
  facet normal  0.000000e+00  0.000000e+00 -1.000000e+00
    outer loop
      vertex  4.799997e+03 -5.505568e+03  7.250000e+03
      vertex  4.080779e+02 -3.652555e+03  7.250000e+03
      vertex  1.660917e+02 -3.522272e+03  7.250000e+03
    endloop
  endfacet
  facet normal  0.000000e+00  0.000000e+00 -1.000000e+00
    outer loop
      vertex  4.799997e+03 -5.505568e+03  7.250000e+03
      vertex  1.660917e+02 -3.522272e+03  7.250000e+03
      vertex -7.442320e+01 -3.387427e+03  7.250000e+03
    endloop
  endfacet
  facet normal  0.000000e+00  0.000000e+00 -1.000000e+00
    outer loop
      vertex  4.799997e+03 -5.505568e+03  7.250000e+03
      vertex -7.442320e+01 -3.387427e+03  7.250000e+03
      vertex -3.145310e+02 -3.247961e+03  7.250000e+03
    endloop
  endfacet
  facet normal  0.000000e+00  0.000000e+00 -1.000000e+00
    outer loop
      vertex  4.799997e+03 -5.505568e+03  7.250000e+03
      vertex -3.145310e+02 -3.247961e+03  7.250000e+03
      vertex -5.530938e+02 -3.105253e+03  7.250000e+03
    endloop
  endfacet
  facet normal  0.000000e+00  0.000000e+00 -1.000000e+00
    outer loop
      vertex  4.799997e+03 -5.505568e+03  7.250000e+03
      vertex -5.530938e+02 -3.105253e+03  7.250000e+03
      vertex -7.643550e+02 -2.976081e+03  7.250000e+03
    endloop
  endfacet
  facet normal  0.000000e+00  0.000000e+00 -1.000000e+00
    outer loop
      vertex  4.799997e+03 -5.505568e+03  7.250000e+03
      vertex -7.643550e+02 -2.976081e+03  7.250000e+03
      vertex -1.183652e+03 -2.714565e+03  7.250000e+03
    endloop
  endfacet
  facet normal  0.000000e+00  0.000000e+00 -1.000000e+00
    outer loop
      vertex  4.799997e+03 -5.505568e+03  7.250000e+03
      vertex -1.183652e+03 -2.714565e+03  7.250000e+03
      vertex -1.652259e+03 -2.419763e+03  7.250000e+03
    endloop
  endfacet
  facet normal  0.000000e+00  0.000000e+00 -1.000000e+00
    outer loop
      vertex  4.799997e+03 -5.505568e+03  7.250000e+03
      vertex -1.652259e+03 -2.419763e+03  7.250000e+03
      vertex -1.924290e+03 -2.250000e+03  7.250000e+03
    endloop
  endfacet
  facet normal  0.000000e+00  0.000000e+00 -1.000000e+00
    outer loop
      vertex  4.799997e+03 -5.505568e+03  7.250000e+03
      vertex -1.924290e+03 -2.250000e+03  7.250000e+03
      vertex  4.800000e+03 -2.250000e+03  7.250000e+03
    endloop
  endfacet
  facet normal  0.000000e+00  -0.000000e+00 -1.000000e+00
    outer loop
      vertex  4.799997e+03 -5.505568e+03  7.250000e+03
      vertex  4.800000e+03 -2.250000e+03  7.250000e+03
      vertex  4.800000e+03 -5.505588e+03  7.250000e+03
    endloop
  endfacet
  facet normal  0.000000e+00  0.000000e+00 -1.000000e+00
    outer loop
      vertex  4.799997e+03 -5.505568e+03  7.250000e+03
      vertex  4.800000e+03 -5.505588e+03  7.250000e+03
      vertex  4.799999e+03 -5.505587e+03  7.250000e+03
    endloop
  endfacet
  facet normal -9.717759e-01 -1.909893e-01 -1.384727e-01
    outer loop
      vertex  4.799993e+03 -6.517748e+03  8.352224e+03
      vertex  4.799982e+03 -6.527955e+03  8.366380e+03
      vertex  4.799982e+03 -6.511350e+03  8.343475e+03
    endloop
  endfacet
  facet normal -7.899502e-01 -4.954112e-01 -3.613123e-01
    outer loop
      vertex  4.799993e+03 -6.517748e+03  8.352224e+03
      vertex  4.799982e+03 -6.511350e+03  8.343475e+03
      vertex  4.799993e+03 -6.499514e+03  8.327222e+03
    endloop
  endfacet
  facet normal -8.250545e-01 -4.703712e-01 -3.131069e-01
    outer loop
      vertex  4.799992e+03 -6.659831e+03  8.556088e+03
      vertex  4.799991e+03 -6.677115e+03  8.582055e+03
      vertex  4.799978e+03 -6.663319e+03  8.561364e+03
    endloop
  endfacet
  facet normal -9.548347e-01 -2.475013e-01 -1.644197e-01
    outer loop
      vertex  4.799978e+03 -6.663319e+03  8.561364e+03
      vertex  4.799991e+03 -6.677115e+03  8.582055e+03
      vertex  4.799978e+03 -6.680513e+03  8.587249e+03
    endloop
  endfacet
  facet normal -9.342109e-01 -3.034846e-01 -1.874753e-01
    outer loop
      vertex  4.799990e+03 -6.795120e+03  8.766848e+03
      vertex  4.799973e+03 -6.797909e+03  8.771445e+03
      vertex  4.799974e+03 -6.781456e+03  8.744809e+03
    endloop
  endfacet
  facet normal -8.032129e-01 -5.065447e-01 -3.134669e-01
    outer loop
      vertex  4.799990e+03 -6.795120e+03  8.766848e+03
      vertex  4.799974e+03 -6.781456e+03  8.744809e+03
      vertex  4.799990e+03 -6.778582e+03  8.740123e+03
    endloop
  endfacet
  facet normal -9.193781e-01 -3.430352e-01 -1.925379e-01
    outer loop
      vertex  4.799966e+03 -6.941208e+03  9.016047e+03
      vertex  4.799967e+03 -6.925711e+03  8.988434e+03
      vertex  4.799987e+03 -6.932380e+03  9.000220e+03
    endloop
  endfacet
  facet normal -9.644284e-01 -1.945315e-01 -1.789839e-01
    outer loop
      vertex  4.799997e+03 -6.052521e+03  7.782318e+03
      vertex  4.799992e+03 -6.032185e+03  7.760242e+03
      vertex  4.799997e+03 -6.030936e+03  7.758858e+03
    endloop
  endfacet
  facet normal -9.830351e-01 -1.344193e-01 -1.247937e-01
    outer loop
      vertex  4.799997e+03 -6.030936e+03  7.758858e+03
      vertex  4.799992e+03 -6.032185e+03  7.760242e+03
      vertex  4.799992e+03 -6.011351e+03  7.737801e+03
    endloop
  endfacet
  facet normal -9.633586e-01 -1.965102e-01 -1.825482e-01
    outer loop
      vertex  4.799997e+03 -6.030936e+03  7.758858e+03
      vertex  4.799992e+03 -6.011351e+03  7.737801e+03
      vertex  4.799997e+03 -6.010149e+03  7.736482e+03
    endloop
  endfacet
  facet normal -9.821700e-01 -1.371623e-01 -1.285633e-01
    outer loop
      vertex  4.799997e+03 -6.010149e+03  7.736482e+03
      vertex  4.799992e+03 -6.011351e+03  7.737801e+03
      vertex  4.799992e+03 -5.990418e+03  7.715465e+03
    endloop
  endfacet
  facet normal -9.628969e-01 -1.968518e-01 -1.846042e-01
    outer loop
      vertex  4.799997e+03 -6.010149e+03  7.736482e+03
      vertex  4.799992e+03 -5.990418e+03  7.715465e+03
      vertex  4.799997e+03 -5.989264e+03  7.714208e+03
    endloop
  endfacet
  facet normal -9.813477e-01 -1.396477e-01 -1.321184e-01
    outer loop
      vertex  4.799997e+03 -5.989264e+03  7.714208e+03
      vertex  4.799992e+03 -5.990418e+03  7.715465e+03
      vertex  4.799993e+03 -5.969388e+03  7.693232e+03
    endloop
  endfacet
  facet normal -9.671479e-01 -1.846313e-01 -1.747459e-01
    outer loop
      vertex  4.799997e+03 -5.989264e+03  7.714208e+03
      vertex  4.799993e+03 -5.969388e+03  7.693232e+03
      vertex  4.799997e+03 -5.968281e+03  7.692039e+03
    endloop
  endfacet
  facet normal -9.834821e-01 -1.309125e-01 -1.249996e-01
    outer loop
      vertex  4.799997e+03 -5.968281e+03  7.692039e+03
      vertex  4.799993e+03 -5.969388e+03  7.693232e+03
      vertex  4.799993e+03 -5.948258e+03  7.671103e+03
    endloop
  endfacet
  facet normal -9.672608e-01 -1.835067e-01 -1.753046e-01
    outer loop
      vertex  4.799997e+03 -5.968281e+03  7.692039e+03
      vertex  4.799993e+03 -5.948258e+03  7.671103e+03
      vertex  4.799997e+03 -5.947200e+03  7.669971e+03
    endloop
  endfacet
  facet normal -9.832106e-01 -1.313789e-01 -1.266360e-01
    outer loop
      vertex  4.799997e+03 -5.947200e+03  7.669971e+03
      vertex  4.799993e+03 -5.948258e+03  7.671103e+03
      vertex  4.799993e+03 -5.927030e+03  7.649076e+03
    endloop
  endfacet
  facet normal -9.727030e-01 -1.670487e-01 -1.610700e-01
    outer loop
      vertex  4.799997e+03 -5.947200e+03  7.669971e+03
      vertex  4.799993e+03 -5.927030e+03  7.649076e+03
      vertex  4.799997e+03 -5.926021e+03  7.648006e+03
    endloop
  endfacet
  facet normal -9.856939e-01 -1.208152e-01 -1.175215e-01
    outer loop
      vertex  4.799997e+03 -5.926021e+03  7.648006e+03
      vertex  4.799993e+03 -5.927030e+03  7.649076e+03
      vertex  4.799993e+03 -5.905705e+03  7.627153e+03
    endloop
  endfacet
  facet normal -9.713510e-01 -1.703104e-01 -1.657458e-01
    outer loop
      vertex  4.799997e+03 -5.926021e+03  7.648006e+03
      vertex  4.799993e+03 -5.905705e+03  7.627153e+03
      vertex  4.799997e+03 -5.904746e+03  7.626145e+03
    endloop
  endfacet
  facet normal -9.847283e-01 -1.242308e-01 -1.219707e-01
    outer loop
      vertex  4.799997e+03 -5.904746e+03  7.626145e+03
      vertex  4.799993e+03 -5.905705e+03  7.627153e+03
      vertex  4.799993e+03 -5.884282e+03  7.605333e+03
    endloop
  endfacet
  facet normal -9.639536e-01 -1.898088e-01 -1.864571e-01
    outer loop
      vertex  4.799997e+03 -5.904746e+03  7.626145e+03
      vertex  4.799993e+03 -5.884282e+03  7.605333e+03
      vertex  4.799998e+03 -5.883373e+03  7.604385e+03
    endloop
  endfacet
  facet normal -9.801356e-01 -1.408685e-01 -1.396078e-01
    outer loop
      vertex  4.799998e+03 -5.883373e+03  7.604385e+03
      vertex  4.799993e+03 -5.884282e+03  7.605333e+03
      vertex  4.799994e+03 -5.862763e+03  7.583616e+03
    endloop
  endfacet
  facet normal -9.702832e-01 -1.718461e-01 -1.703506e-01
    outer loop
      vertex  4.799998e+03 -5.883373e+03  7.604385e+03
      vertex  4.799994e+03 -5.862763e+03  7.583616e+03
      vertex  4.799998e+03 -5.861904e+03  7.582728e+03
    endloop
  endfacet
  facet normal -9.833180e-01 -1.286135e-01 -1.286251e-01
    outer loop
      vertex  4.799998e+03 -5.861904e+03  7.582728e+03
      vertex  4.799994e+03 -5.862763e+03  7.583616e+03
      vertex  4.799994e+03 -5.841146e+03  7.562002e+03
    endloop
  endfacet
  facet normal -9.695570e-01 -1.731051e-01 -1.731874e-01
    outer loop
      vertex  4.799998e+03 -5.861904e+03  7.582728e+03
      vertex  4.799994e+03 -5.841146e+03  7.562002e+03
      vertex  4.799998e+03 -5.840339e+03  7.561173e+03
    endloop
  endfacet
  facet normal -9.825955e-01 -1.307285e-01 -1.319704e-01
    outer loop
      vertex  4.799998e+03 -5.840339e+03  7.561173e+03
      vertex  4.799994e+03 -5.841146e+03  7.562002e+03
      vertex  4.799994e+03 -5.819434e+03  7.540490e+03
    endloop
  endfacet
  facet normal -9.846299e-01 -1.217910e-01 -1.251842e-01
    outer loop
      vertex  4.799998e+03 -5.796922e+03  7.518369e+03
      vertex  4.799994e+03 -5.797625e+03  7.519081e+03
      vertex  4.799995e+03 -5.777290e+03  7.499292e+03
    endloop
  endfacet
  facet normal -9.634431e-01 -1.867809e-01 -1.920686e-01
    outer loop
      vertex  4.799998e+03 -5.796922e+03  7.518369e+03
      vertex  4.799995e+03 -5.777290e+03  7.499292e+03
      vertex  4.799998e+03 -5.775071e+03  7.497120e+03
    endloop
  endfacet
  facet normal -9.917817e-01 -8.883681e-02 -9.207128e-02
    outer loop
      vertex  4.799998e+03 -5.775071e+03  7.497120e+03
      vertex  4.799995e+03 -5.777290e+03  7.499292e+03
      vertex  4.799995e+03 -5.756872e+03  7.479591e+03
    endloop
  endfacet
  facet normal -9.596596e-01 -1.951256e-01 -2.024336e-01
    outer loop
      vertex  4.799998e+03 -5.775071e+03  7.497120e+03
      vertex  4.799995e+03 -5.756872e+03  7.479591e+03
      vertex  4.799998e+03 -5.754553e+03  7.477342e+03
    endloop
  endfacet
  facet normal -9.912973e-01 -9.100380e-02 -9.512046e-02
    outer loop
      vertex  4.799998e+03 -5.754553e+03  7.477342e+03
      vertex  4.799995e+03 -5.756872e+03  7.479591e+03
      vertex  4.799995e+03 -5.736372e+03  7.459979e+03
    endloop
  endfacet
  facet normal -9.436754e-01 -2.286013e-01 -2.392032e-01
    outer loop
      vertex  4.799998e+03 -5.754553e+03  7.477342e+03
      vertex  4.799995e+03 -5.736372e+03  7.459979e+03
      vertex  4.799998e+03 -5.733952e+03  7.457653e+03
    endloop
  endfacet
  facet normal -9.886374e-01 -1.034440e-01 -1.090669e-01
    outer loop
      vertex  4.799998e+03 -5.733952e+03  7.457653e+03
      vertex  4.799995e+03 -5.736372e+03  7.459979e+03
      vertex  4.799995e+03 -5.715790e+03  7.440454e+03
    endloop
  endfacet
  facet normal -9.501015e-01 -2.145704e-01 -2.264212e-01
    outer loop
      vertex  4.799998e+03 -5.733952e+03  7.457653e+03
      vertex  4.799995e+03 -5.715790e+03  7.440454e+03
      vertex  4.799998e+03 -5.713270e+03  7.438053e+03
    endloop
  endfacet
  facet normal -9.910215e-01 -9.161090e-02 -9.738491e-02
    outer loop
      vertex  4.799998e+03 -5.713270e+03  7.438053e+03
      vertex  4.799995e+03 -5.715790e+03  7.440454e+03
      vertex  4.799995e+03 -5.695127e+03  7.421016e+03
    endloop
  endfacet
  facet normal -9.449565e-01 -2.240625e-01 -2.384389e-01
    outer loop
      vertex  4.799998e+03 -5.713270e+03  7.438053e+03
      vertex  4.799995e+03 -5.695127e+03  7.421016e+03
      vertex  4.799998e+03 -5.692505e+03  7.418541e+03
    endloop
  endfacet
  facet normal -9.910058e-01 -9.128056e-02 -9.785457e-02
    outer loop
      vertex  4.799998e+03 -5.692505e+03  7.418541e+03
      vertex  4.799995e+03 -5.695127e+03  7.421016e+03
      vertex  4.799995e+03 -5.674384e+03  7.401667e+03
    endloop
  endfacet
  facet normal -9.400672e-01 -2.324573e-01 -2.494738e-01
    outer loop
      vertex  4.799998e+03 -5.692505e+03  7.418541e+03
      vertex  4.799995e+03 -5.674384e+03  7.401667e+03
      vertex  4.799998e+03 -5.671660e+03  7.399117e+03
    endloop
  endfacet
  facet normal -9.913263e-01 -8.923136e-02 -9.648774e-02
    outer loop
      vertex  4.799998e+03 -5.671660e+03  7.399117e+03
      vertex  4.799995e+03 -5.674384e+03  7.401667e+03
      vertex  4.799996e+03 -5.653561e+03  7.382404e+03
    endloop
  endfacet
  facet normal -9.486888e-01 -2.145904e-01 -2.322507e-01
    outer loop
      vertex  4.799998e+03 -5.671660e+03  7.399117e+03
      vertex  4.799996e+03 -5.653561e+03  7.382404e+03
      vertex  4.799998e+03 -5.650732e+03  7.379781e+03
    endloop
  endfacet
  facet normal -9.922484e-01 -8.404507e-02 -9.153952e-02
    outer loop
      vertex  4.799998e+03 -5.650732e+03  7.379781e+03
      vertex  4.799996e+03 -5.653561e+03  7.382404e+03
      vertex  4.799996e+03 -5.637309e+03  7.367482e+03
    endloop
  endfacet
  facet normal -2.853025e-01 -6.474724e-01 -7.066696e-01
    outer loop
      vertex  4.799998e+03 -5.650732e+03  7.379781e+03
      vertex  4.799996e+03 -5.637309e+03  7.367482e+03
      vertex  4.799998e+03 -5.629725e+03  7.360533e+03
    endloop
  endfacet
  facet normal -9.944867e-01 -7.067166e-02 -7.747148e-02
    outer loop
      vertex  4.799998e+03 -5.629725e+03  7.360533e+03
      vertex  4.799996e+03 -5.637309e+03  7.367482e+03
      vertex  4.799996e+03 -5.621009e+03  7.352613e+03
    endloop
  endfacet
  facet normal -7.247568e-01 -4.634580e-01 -5.098375e-01
    outer loop
      vertex  4.799998e+03 -5.629725e+03  7.360533e+03
      vertex  4.799996e+03 -5.621009e+03  7.352613e+03
      vertex  4.799998e+03 -5.611277e+03  7.343763e+03
    endloop
  endfacet
  facet normal -9.940215e-01 -7.332179e-02 -8.090188e-02
    outer loop
      vertex  4.799996e+03 -5.621009e+03  7.352613e+03
      vertex  4.799996e+03 -5.604661e+03  7.337797e+03
      vertex  4.799998e+03 -5.611277e+03  7.343763e+03
    endloop
  endfacet
  facet normal -7.922462e-01 -4.088079e-01 -4.530146e-01
    outer loop
      vertex  4.799998e+03 -5.592768e+03  7.327061e+03
      vertex  4.799998e+03 -5.611277e+03  7.343763e+03
      vertex  4.799996e+03 -5.604661e+03  7.337797e+03
    endloop
  endfacet
  facet normal -9.908896e-01 -9.013472e-02 -1.000671e-01
    outer loop
      vertex  4.799996e+03 -5.604661e+03  7.337797e+03
      vertex  4.799996e+03 -5.592368e+03  7.326719e+03
      vertex  4.799998e+03 -5.592768e+03  7.327061e+03
    endloop
  endfacet
  facet normal -9.892806e-01 -9.749645e-02 -1.087124e-01
    outer loop
      vertex  4.799998e+03 -5.592768e+03  7.327061e+03
      vertex  4.799996e+03 -5.592368e+03  7.326719e+03
      vertex  4.799996e+03 -5.580048e+03  7.315671e+03
    endloop
  endfacet
  facet normal -8.518817e-01 -3.494465e-01 -3.901086e-01
    outer loop
      vertex  4.799998e+03 -5.592768e+03  7.327061e+03
      vertex  4.799996e+03 -5.580048e+03  7.315671e+03
      vertex  4.799999e+03 -5.574198e+03  7.310425e+03
    endloop
  endfacet
  facet normal -9.961932e-01 -5.796559e-02 -6.510840e-02
    outer loop
      vertex  4.799999e+03 -5.574198e+03  7.310425e+03
      vertex  4.799996e+03 -5.580048e+03  7.315671e+03
      vertex  4.799996e+03 -5.555329e+03  7.293663e+03
    endloop
  endfacet
  facet normal -9.841029e-01 -1.180190e-01 -1.327140e-01
    outer loop
      vertex  4.799996e+03 -5.555329e+03  7.293663e+03
      vertex  4.799999e+03 -5.555566e+03  7.293856e+03
      vertex  4.799999e+03 -5.574198e+03  7.310425e+03
    endloop
  endfacet
  facet normal -9.817671e-01 -1.258910e-01 -1.424245e-01
    outer loop
      vertex  4.799999e+03 -5.543112e+03  7.282848e+03
      vertex  4.799999e+03 -5.555566e+03  7.293856e+03
      vertex  4.799996e+03 -5.555329e+03  7.293663e+03
    endloop
  endfacet
  facet normal -9.972274e-01 -4.921362e-02 -5.581539e-02
    outer loop
      vertex  4.799996e+03 -5.555329e+03  7.293663e+03
      vertex  4.799996e+03 -5.530501e+03  7.271772e+03
      vertex  4.799999e+03 -5.543112e+03  7.282848e+03
    endloop
  endfacet
  facet normal -9.721753e-01 -1.890546e-01 -1.383242e-01
    outer loop
      vertex  4.799982e+03 -6.511350e+03  8.343475e+03
      vertex  4.799983e+03 -6.494659e+03  8.320658e+03
      vertex  4.799993e+03 -6.499514e+03  8.327222e+03
    endloop
  endfacet
  facet normal -8.889244e-01 -3.689192e-01 -2.714995e-01
    outer loop
      vertex  4.799994e+03 -6.485170e+03  8.307729e+03
      vertex  4.799993e+03 -6.499514e+03  8.327222e+03
      vertex  4.799983e+03 -6.494659e+03  8.320658e+03
    endloop
  endfacet
  facet normal -9.746391e-01 -1.800208e-01 -1.329325e-01
    outer loop
      vertex  4.799983e+03 -6.494659e+03  8.320658e+03
      vertex  4.799983e+03 -6.477879e+03  8.297932e+03
      vertex  4.799994e+03 -6.485170e+03  8.307729e+03
    endloop
  endfacet
  facet normal -8.830436e-01 -3.769395e-01 -2.795545e-01
    outer loop
      vertex  4.799994e+03 -6.485170e+03  8.307729e+03
      vertex  4.799983e+03 -6.477879e+03  8.297932e+03
      vertex  4.799994e+03 -6.470762e+03  8.288303e+03
    endloop
  endfacet
  facet normal -9.764670e-01 -1.729340e-01 -1.288637e-01
    outer loop
      vertex  4.799994e+03 -6.470762e+03  8.288303e+03
      vertex  4.799983e+03 -6.477879e+03  8.297932e+03
      vertex  4.799984e+03 -6.461013e+03  8.275293e+03
    endloop
  endfacet
  facet normal -9.010238e-01 -3.474400e-01 -2.596950e-01
    outer loop
      vertex  4.799994e+03 -6.470762e+03  8.288303e+03
      vertex  4.799984e+03 -6.461013e+03  8.275293e+03
      vertex  4.799994e+03 -6.456291e+03  8.268941e+03
    endloop
  endfacet
  facet normal -9.723269e-01 -1.867679e-01 -1.403504e-01
    outer loop
      vertex  4.799994e+03 -6.456291e+03  8.268941e+03
      vertex  4.799984e+03 -6.461013e+03  8.275293e+03
      vertex  4.799984e+03 -6.446486e+03  8.255959e+03
    endloop
  endfacet
  facet normal -9.069400e-01 -3.364800e-01 -2.534583e-01
    outer loop
      vertex  4.799994e+03 -6.456291e+03  8.268941e+03
      vertex  4.799984e+03 -6.446486e+03  8.255959e+03
      vertex  4.799994e+03 -6.441755e+03  8.249645e+03
    endloop
  endfacet
  facet normal -9.738873e-01 -1.809976e-01 -1.370531e-01
    outer loop
      vertex  4.799994e+03 -6.441755e+03  8.249645e+03
      vertex  4.799984e+03 -6.446486e+03  8.255959e+03
      vertex  4.799984e+03 -6.431896e+03  8.236690e+03
    endloop
  endfacet
  facet normal -9.505296e-01 -2.475162e-01 -1.876946e-01
    outer loop
      vertex  4.799984e+03 -6.431896e+03  8.236690e+03
      vertex  4.799994e+03 -6.432031e+03  8.236819e+03
      vertex  4.799994e+03 -6.441755e+03  8.249645e+03
    endloop
  endfacet
  facet normal -9.491587e-01 -2.503820e-01 -1.908055e-01
    outer loop
      vertex  4.799994e+03 -6.422279e+03  8.224022e+03
      vertex  4.799994e+03 -6.432031e+03  8.236819e+03
      vertex  4.799984e+03 -6.431896e+03  8.236690e+03
    endloop
  endfacet
  facet normal -9.729105e-01 -1.837732e-01 -1.402587e-01
    outer loop
      vertex  4.799984e+03 -6.431896e+03  8.236690e+03
      vertex  4.799985e+03 -6.417242e+03  8.217486e+03
      vertex  4.799994e+03 -6.422279e+03  8.224022e+03
    endloop
  endfacet
  facet normal -9.340325e-01 -2.835505e-01 -2.172153e-01
    outer loop
      vertex  4.799994e+03 -6.422279e+03  8.224022e+03
      vertex  4.799985e+03 -6.417242e+03  8.217486e+03
      vertex  4.799994e+03 -6.412494e+03  8.211249e+03
    endloop
  endfacet
  facet normal -9.737559e-01 -1.804013e-01 -1.387618e-01
    outer loop
      vertex  4.799994e+03 -6.412494e+03  8.211249e+03
      vertex  4.799985e+03 -6.417242e+03  8.217486e+03
      vertex  4.799985e+03 -6.402524e+03  8.198349e+03
    endloop
  endfacet
  facet normal -9.576944e-01 -2.280225e-01 -1.755773e-01
    outer loop
      vertex  4.799985e+03 -6.402524e+03  8.198349e+03
      vertex  4.799994e+03 -6.402681e+03  8.198505e+03
      vertex  4.799994e+03 -6.412494e+03  8.211249e+03
    endloop
  endfacet
  facet normal -9.561628e-01 -2.315742e-01 -1.792374e-01
    outer loop
      vertex  4.799994e+03 -6.402681e+03  8.198505e+03
      vertex  4.799985e+03 -6.402524e+03  8.198349e+03
      vertex  4.799985e+03 -6.392676e+03  8.185625e+03
    endloop
  endfacet
  facet normal -7.106601e-01 -5.558319e-01 -4.312926e-01
    outer loop
      vertex  4.799994e+03 -6.402681e+03  8.198505e+03
      vertex  4.799985e+03 -6.392676e+03  8.185625e+03
      vertex  4.799994e+03 -6.382975e+03  8.173108e+03
    endloop
  endfacet
  facet normal -9.604761e-01 -2.196903e-01 -1.709438e-01
    outer loop
      vertex  4.799985e+03 -6.392676e+03  8.185625e+03
      vertex  4.799986e+03 -6.382801e+03  8.172931e+03
      vertex  4.799994e+03 -6.382975e+03  8.173108e+03
    endloop
  endfacet
  facet normal -9.588923e-01 -2.235389e-01 -1.748029e-01
    outer loop
      vertex  4.799994e+03 -6.382975e+03  8.173108e+03
      vertex  4.799986e+03 -6.382801e+03  8.172931e+03
      vertex  4.799986e+03 -6.372897e+03  8.160266e+03
    endloop
  endfacet
  facet normal -7.018163e-01 -5.606220e-01 -4.394961e-01
    outer loop
      vertex  4.799994e+03 -6.382975e+03  8.173108e+03
      vertex  4.799986e+03 -6.372897e+03  8.160266e+03
      vertex  4.799995e+03 -6.363156e+03  8.147826e+03
    endloop
  endfacet
  facet normal -9.600451e-01 -2.200020e-01 -1.729529e-01
    outer loop
      vertex  4.799986e+03 -6.372897e+03  8.160266e+03
      vertex  4.799986e+03 -6.362965e+03  8.147629e+03
      vertex  4.799995e+03 -6.363156e+03  8.147826e+03
    endloop
  endfacet
  facet normal -9.549835e-01 -2.463231e-01 -1.653222e-01
    outer loop
      vertex  4.799992e+03 -6.659831e+03  8.556088e+03
      vertex  4.799978e+03 -6.663319e+03  8.561364e+03
      vertex  4.799979e+03 -6.646020e+03  8.535587e+03
    endloop
  endfacet
  facet normal -8.324927e-01 -4.597466e-01 -3.091744e-01
    outer loop
      vertex  4.799992e+03 -6.659831e+03  8.556088e+03
      vertex  4.799979e+03 -6.646020e+03  8.535587e+03
      vertex  4.799992e+03 -6.642440e+03  8.530229e+03
    endloop
  endfacet
  facet normal -9.587135e-01 -2.353691e-01 -1.595932e-01
    outer loop
      vertex  4.799992e+03 -6.642440e+03  8.530229e+03
      vertex  4.799979e+03 -6.646020e+03  8.535587e+03
      vertex  4.799979e+03 -6.628616e+03  8.509916e+03
    endloop
  endfacet
  facet normal -8.393620e-01 -4.496131e-01 -3.054825e-01
    outer loop
      vertex  4.799992e+03 -6.642440e+03  8.530229e+03
      vertex  4.799979e+03 -6.628616e+03  8.509916e+03
      vertex  4.799992e+03 -6.624944e+03  8.504478e+03
    endloop
  endfacet
  facet normal -9.623695e-01 -2.241800e-01 -1.535851e-01
    outer loop
      vertex  4.799992e+03 -6.624944e+03  8.504478e+03
      vertex  4.799979e+03 -6.628616e+03  8.509916e+03
      vertex  4.799980e+03 -6.611106e+03  8.484353e+03
    endloop
  endfacet
  facet normal -8.515643e-01 -4.322160e-01 -2.966946e-01
    outer loop
      vertex  4.799992e+03 -6.624944e+03  8.504478e+03
      vertex  4.799980e+03 -6.611106e+03  8.484353e+03
      vertex  4.799992e+03 -6.607342e+03  8.478834e+03
    endloop
  endfacet
  facet normal -9.649359e-01 -2.158465e-01 -1.493616e-01
    outer loop
      vertex  4.799992e+03 -6.607342e+03  8.478834e+03
      vertex  4.799980e+03 -6.611106e+03  8.484353e+03
      vertex  4.799980e+03 -6.593492e+03  8.458895e+03
    endloop
  endfacet
  facet normal -8.509330e-01 -4.316457e-01 -2.993243e-01
    outer loop
      vertex  4.799992e+03 -6.607342e+03  8.478834e+03
      vertex  4.799980e+03 -6.593492e+03  8.458895e+03
      vertex  4.799992e+03 -6.589634e+03  8.453298e+03
    endloop
  endfacet
  facet normal -9.651552e-01 -2.145017e-01 -1.498815e-01
    outer loop
      vertex  4.799992e+03 -6.589634e+03  8.453298e+03
      vertex  4.799980e+03 -6.593492e+03  8.458895e+03
      vertex  4.799981e+03 -6.577240e+03  8.435632e+03
    endloop
  endfacet
  facet normal -8.028843e-01 -4.882447e-01 -3.420436e-01
    outer loop
      vertex  4.799992e+03 -6.589634e+03  8.453298e+03
      vertex  4.799981e+03 -6.577240e+03  8.435632e+03
      vertex  4.799993e+03 -6.571821e+03  8.427869e+03
    endloop
  endfacet
  facet normal -9.684159e-01 -2.037637e-01 -1.437043e-01
    outer loop
      vertex  4.799993e+03 -6.571821e+03  8.427869e+03
      vertex  4.799981e+03 -6.577240e+03  8.435632e+03
      vertex  4.799981e+03 -6.560899e+03  8.412459e+03
    endloop
  endfacet
  facet normal -7.700585e-01 -5.207731e-01 -3.685177e-01
    outer loop
      vertex  4.799993e+03 -6.571821e+03  8.427869e+03
      vertex  4.799981e+03 -6.560899e+03  8.412459e+03
      vertex  4.799993e+03 -6.553902e+03  8.402547e+03
    endloop
  endfacet
  facet normal -9.728104e-01 -1.886843e-01 -1.343059e-01
    outer loop
      vertex  4.799993e+03 -6.553902e+03  8.402547e+03
      vertex  4.799981e+03 -6.560899e+03  8.412459e+03
      vertex  4.799982e+03 -6.544471e+03  8.389375e+03
    endloop
  endfacet
  facet normal -7.526999e-01 -5.355871e-01 -3.828701e-01
    outer loop
      vertex  4.799993e+03 -6.553902e+03  8.402547e+03
      vertex  4.799982e+03 -6.544471e+03  8.389375e+03
      vertex  4.799993e+03 -6.535877e+03  8.377332e+03
    endloop
  endfacet
  facet normal -9.713680e-01 -1.929648e-01 -1.385959e-01
    outer loop
      vertex  4.799982e+03 -6.544471e+03  8.389375e+03
      vertex  4.799982e+03 -6.527955e+03  8.366380e+03
      vertex  4.799993e+03 -6.535877e+03  8.377332e+03
    endloop
  endfacet
  facet normal -7.325326e-01 -5.519016e-01 -3.984978e-01
    outer loop
      vertex  4.799982e+03 -6.527955e+03  8.366380e+03
      vertex  4.799993e+03 -6.517748e+03  8.352224e+03
      vertex  4.799993e+03 -6.535877e+03  8.377332e+03
    endloop
  endfacet
  facet normal -9.374508e-01 -2.952964e-01 -1.843529e-01
    outer loop
      vertex  4.799990e+03 -6.778582e+03  8.740123e+03
      vertex  4.799974e+03 -6.781456e+03  8.744809e+03
      vertex  4.799975e+03 -6.764897e+03  8.718279e+03
    endloop
  endfacet
  facet normal -8.007652e-01 -5.078402e-01 -3.176058e-01
    outer loop
      vertex  4.799990e+03 -6.778582e+03  8.740123e+03
      vertex  4.799975e+03 -6.764897e+03  8.718279e+03
      vertex  4.799990e+03 -6.761938e+03  8.713508e+03
    endloop
  endfacet
  facet normal -9.391858e-01 -2.904469e-01 -1.832228e-01
    outer loop
      vertex  4.799990e+03 -6.761938e+03  8.713508e+03
      vertex  4.799975e+03 -6.764897e+03  8.718279e+03
      vertex  4.799975e+03 -6.748231e+03  8.691858e+03
    endloop
  endfacet
  facet normal -8.154613e-01 -4.893019e-01 -3.092026e-01
    outer loop
      vertex  4.799990e+03 -6.761938e+03  8.713508e+03
      vertex  4.799975e+03 -6.748231e+03  8.691858e+03
      vertex  4.799990e+03 -6.745187e+03  8.687000e+03
    endloop
  endfacet
  facet normal -9.453064e-01 -2.750543e-01 -1.753310e-01
    outer loop
      vertex  4.799990e+03 -6.745187e+03  8.687000e+03
      vertex  4.799975e+03 -6.748231e+03  8.691858e+03
      vertex  4.799976e+03 -6.731460e+03  8.665546e+03
    endloop
  endfacet
  facet normal -8.159496e-01 -4.872361e-01 -3.111706e-01
    outer loop
      vertex  4.799990e+03 -6.745187e+03  8.687000e+03
      vertex  4.799976e+03 -6.731460e+03  8.665546e+03
      vertex  4.799991e+03 -6.728328e+03  8.660602e+03
    endloop
  endfacet
  facet normal -9.453351e-01 -2.741570e-01 -1.765774e-01
    outer loop
      vertex  4.799991e+03 -6.728328e+03  8.660602e+03
      vertex  4.799976e+03 -6.731460e+03  8.665546e+03
      vertex  4.799976e+03 -6.714583e+03  8.639340e+03
    endloop
  endfacet
  facet normal -8.195291e-01 -4.814962e-01 -3.106984e-01
    outer loop
      vertex  4.799991e+03 -6.728328e+03  8.660602e+03
      vertex  4.799976e+03 -6.714583e+03  8.639340e+03
      vertex  4.799991e+03 -6.711364e+03  8.634312e+03
    endloop
  endfacet
  facet normal -9.496656e-01 -2.625526e-01 -1.708839e-01
    outer loop
      vertex  4.799991e+03 -6.711364e+03  8.634312e+03
      vertex  4.799976e+03 -6.714583e+03  8.639340e+03
      vertex  4.799977e+03 -6.697601e+03  8.613241e+03
    endloop
  endfacet
  facet normal -8.317921e-01 -4.649750e-01 -3.031832e-01
    outer loop
      vertex  4.799991e+03 -6.711364e+03  8.634312e+03
      vertex  4.799977e+03 -6.697601e+03  8.613241e+03
      vertex  4.799991e+03 -6.694292e+03  8.608129e+03
    endloop
  endfacet
  facet normal -9.528384e-01 -2.535775e-01 -1.667258e-01
    outer loop
      vertex  4.799991e+03 -6.694292e+03  8.608129e+03
      vertex  4.799977e+03 -6.697601e+03  8.613241e+03
      vertex  4.799978e+03 -6.680513e+03  8.587249e+03
    endloop
  endfacet
  facet normal -8.270394e-01 -4.694292e-01 -3.092607e-01
    outer loop
      vertex  4.799991e+03 -6.694292e+03  8.608129e+03
      vertex  4.799978e+03 -6.680513e+03  8.587249e+03
      vertex  4.799991e+03 -6.677115e+03  8.582055e+03
    endloop
  endfacet
  facet normal -6.827159e-01 -6.364358e-01 -3.589547e-01
    outer loop
      vertex  4.799987e+03 -6.932380e+03  9.000220e+03
      vertex  4.799967e+03 -6.925711e+03  8.988434e+03
      vertex  4.799987e+03 -6.920166e+03  8.978563e+03
    endloop
  endfacet
  facet normal -9.211414e-01 -3.385379e-01 -1.920696e-01
    outer loop
      vertex  4.799987e+03 -6.920166e+03  8.978563e+03
      vertex  4.799967e+03 -6.925711e+03  8.988434e+03
      vertex  4.799968e+03 -6.910108e+03  8.960930e+03
    endloop
  endfacet
  facet normal -7.593300e-01 -5.655912e-01 -3.217520e-01
    outer loop
      vertex  4.799987e+03 -6.920166e+03  8.978563e+03
      vertex  4.799968e+03 -6.910108e+03  8.960930e+03
      vertex  4.799988e+03 -6.907885e+03  8.956974e+03
    endloop
  endfacet
  facet normal -8.910196e-01 -3.937944e-01 -2.258543e-01
    outer loop
      vertex  4.799988e+03 -6.907885e+03  8.956974e+03
      vertex  4.799968e+03 -6.910108e+03  8.960930e+03
      vertex  4.799969e+03 -6.894399e+03  8.933535e+03
    endloop
  endfacet
  facet normal -7.471020e-01 -5.764105e-01 -3.310434e-01
    outer loop
      vertex  4.799988e+03 -6.907885e+03  8.956974e+03
      vertex  4.799969e+03 -6.894399e+03  8.933535e+03
      vertex  4.799988e+03 -6.892097e+03  8.929484e+03
    endloop
  endfacet
  facet normal -9.034296e-01 -3.709224e-01 -2.150147e-01
    outer loop
      vertex  4.799988e+03 -6.892097e+03  8.929484e+03
      vertex  4.799969e+03 -6.894399e+03  8.933535e+03
      vertex  4.799969e+03 -6.878583e+03  8.906249e+03
    endloop
  endfacet
  facet normal -7.541888e-01 -5.678914e-01 -3.296951e-01
    outer loop
      vertex  4.799988e+03 -6.892097e+03  8.929484e+03
      vertex  4.799969e+03 -6.878583e+03  8.906249e+03
      vertex  4.799988e+03 -6.876202e+03  8.902104e+03
    endloop
  endfacet
  facet normal -9.070697e-01 -3.632225e-01 -2.128238e-01
    outer loop
      vertex  4.799988e+03 -6.876202e+03  8.902104e+03
      vertex  4.799969e+03 -6.878583e+03  8.906249e+03
      vertex  4.799970e+03 -6.862661e+03  8.879071e+03
    endloop
  endfacet
  facet normal -7.589102e-01 -5.616317e-01 -3.295830e-01
    outer loop
      vertex  4.799988e+03 -6.876202e+03  8.902104e+03
      vertex  4.799970e+03 -6.862661e+03  8.879071e+03
      vertex  4.799989e+03 -6.860200e+03  8.874835e+03
    endloop
  endfacet
  facet normal -9.113870e-01 -3.541168e-01 -2.097028e-01
    outer loop
      vertex  4.799989e+03 -6.860200e+03  8.874835e+03
      vertex  4.799970e+03 -6.862661e+03  8.879071e+03
      vertex  4.799971e+03 -6.846632e+03  8.852002e+03
    endloop
  endfacet
  facet normal -7.660973e-01 -5.528014e-01 -3.278805e-01
    outer loop
      vertex  4.799989e+03 -6.860200e+03  8.874835e+03
      vertex  4.799971e+03 -6.846632e+03  8.852002e+03
      vertex  4.799989e+03 -6.844091e+03  8.847675e+03
    endloop
  endfacet
  facet normal -9.175633e-01 -3.411454e-01 -2.041990e-01
    outer loop
      vertex  4.799989e+03 -6.844091e+03  8.847675e+03
      vertex  4.799971e+03 -6.846632e+03  8.852002e+03
      vertex  4.799972e+03 -6.830498e+03  8.825042e+03
    endloop
  endfacet
  facet normal -7.808753e-01 -5.357829e-01 -3.212014e-01
    outer loop
      vertex  4.799989e+03 -6.844091e+03  8.847675e+03
      vertex  4.799972e+03 -6.830498e+03  8.825042e+03
      vertex  4.799989e+03 -6.827874e+03  8.820623e+03
    endloop
  endfacet
  facet normal -9.233387e-01 -3.285562e-01 -1.987373e-01
    outer loop
      vertex  4.799989e+03 -6.827874e+03  8.820623e+03
      vertex  4.799972e+03 -6.830498e+03  8.825042e+03
      vertex  4.799972e+03 -6.814256e+03  8.798189e+03
    endloop
  endfacet
  facet normal -7.942102e-01 -5.197019e-01 -3.148653e-01
    outer loop
      vertex  4.799989e+03 -6.827874e+03  8.820623e+03
      vertex  4.799972e+03 -6.814256e+03  8.798189e+03
      vertex  4.799989e+03 -6.811551e+03  8.793681e+03
    endloop
  endfacet
  facet normal -9.305136e-01 -3.124874e-01 -1.910397e-01
    outer loop
      vertex  4.799989e+03 -6.811551e+03  8.793681e+03
      vertex  4.799972e+03 -6.814256e+03  8.798189e+03
      vertex  4.799973e+03 -6.797909e+03  8.771445e+03
    endloop
  endfacet
  facet normal -8.043591e-01 -5.066902e-01 -3.102764e-01
    outer loop
      vertex  4.799989e+03 -6.811551e+03  8.793681e+03
      vertex  4.799973e+03 -6.797909e+03  8.771445e+03
      vertex  4.799990e+03 -6.795120e+03  8.766848e+03
    endloop
  endfacet
  facet normal -9.573109e-01 -2.265987e-01 -1.794685e-01
    outer loop
      vertex  4.799995e+03 -6.363156e+03  8.147826e+03
      vertex  4.799986e+03 -6.362965e+03  8.147629e+03
      vertex  4.799995e+03 -6.343224e+03  8.122660e+03
    endloop
  endfacet
  facet normal -9.597619e-01 -2.201302e-01 -1.743553e-01
    outer loop
      vertex  4.799995e+03 -6.343224e+03  8.122660e+03
      vertex  4.799986e+03 -6.362965e+03  8.147629e+03
      vertex  4.799986e+03 -6.343016e+03  8.122443e+03
    endloop
  endfacet
  facet normal -9.555410e-01 -2.302342e-01 -1.842107e-01
    outer loop
      vertex  4.799995e+03 -6.343224e+03  8.122660e+03
      vertex  4.799986e+03 -6.343016e+03  8.122443e+03
      vertex  4.799995e+03 -6.323180e+03  8.097608e+03
    endloop
  endfacet
  facet normal -9.634283e-01 -2.092208e-01 -1.674296e-01
    outer loop
      vertex  4.799995e+03 -6.323180e+03  8.097608e+03
      vertex  4.799986e+03 -6.343016e+03  8.122443e+03
      vertex  4.799987e+03 -6.322955e+03  8.097372e+03
    endloop
  endfacet
  facet normal -9.591627e-01 -2.199752e-01 -1.778140e-01
    outer loop
      vertex  4.799995e+03 -6.323180e+03  8.097608e+03
      vertex  4.799987e+03 -6.322955e+03  8.097372e+03
      vertex  4.799995e+03 -6.303024e+03  8.072670e+03
    endloop
  endfacet
  facet normal -9.636323e-01 -2.078154e-01 -1.680041e-01
    outer loop
      vertex  4.799995e+03 -6.303024e+03  8.072670e+03
      vertex  4.799987e+03 -6.322955e+03  8.097372e+03
      vertex  4.799987e+03 -6.302781e+03  8.072415e+03
    endloop
  endfacet
  facet normal -9.590646e-01 -2.193526e-01 -1.791075e-01
    outer loop
      vertex  4.799995e+03 -6.303024e+03  8.072670e+03
      vertex  4.799987e+03 -6.302781e+03  8.072415e+03
      vertex  4.799995e+03 -6.282756e+03  8.047848e+03
    endloop
  endfacet
  facet normal -9.665835e-01 -1.985510e-01 -1.621537e-01
    outer loop
      vertex  4.799995e+03 -6.282756e+03  8.047848e+03
      vertex  4.799987e+03 -6.302781e+03  8.072415e+03
      vertex  4.799988e+03 -6.282496e+03  8.047574e+03
    endloop
  endfacet
  facet normal -9.619728e-01 -2.107204e-01 -1.737965e-01
    outer loop
      vertex  4.799995e+03 -6.282756e+03  8.047848e+03
      vertex  4.799988e+03 -6.282496e+03  8.047574e+03
      vertex  4.799995e+03 -6.262377e+03  8.023140e+03
    endloop
  endfacet
  facet normal -9.706049e-01 -1.856555e-01 -1.531606e-01
    outer loop
      vertex  4.799995e+03 -6.262377e+03  8.023140e+03
      vertex  4.799988e+03 -6.282496e+03  8.047574e+03
      vertex  4.799988e+03 -6.262099e+03  8.022846e+03
    endloop
  endfacet
  facet normal -9.661250e-01 -1.982670e-01 -1.652049e-01
    outer loop
      vertex  4.799995e+03 -6.262377e+03  8.023140e+03
      vertex  4.799988e+03 -6.262099e+03  8.022846e+03
      vertex  4.799996e+03 -6.241887e+03  7.998546e+03
    endloop
  endfacet
  facet normal -9.665244e-01 -1.971138e-01 -1.642459e-01
    outer loop
      vertex  4.799996e+03 -6.241887e+03  7.998546e+03
      vertex  4.799988e+03 -6.262099e+03  8.022846e+03
      vertex  4.799988e+03 -6.241591e+03  7.998234e+03
    endloop
  endfacet
  facet normal -9.611079e-01 -2.113023e-01 -1.778287e-01
    outer loop
      vertex  4.799996e+03 -6.241887e+03  7.998546e+03
      vertex  4.799988e+03 -6.241591e+03  7.998234e+03
      vertex  4.799996e+03 -6.221285e+03  7.974066e+03
    endloop
  endfacet
  facet normal -9.686014e-01 -1.902045e-01 -1.601045e-01
    outer loop
      vertex  4.799996e+03 -6.221285e+03  7.974066e+03
      vertex  4.799988e+03 -6.241591e+03  7.998234e+03
      vertex  4.799989e+03 -6.220972e+03  7.973735e+03
    endloop
  endfacet
  facet normal -9.630145e-01 -2.052998e-01 -1.745137e-01
    outer loop
      vertex  4.799996e+03 -6.221285e+03  7.974066e+03
      vertex  4.799989e+03 -6.220972e+03  7.973735e+03
      vertex  4.799996e+03 -6.200573e+03  7.949701e+03
    endloop
  endfacet
  facet normal -9.717242e-01 -1.798866e-01 -1.529477e-01
    outer loop
      vertex  4.799996e+03 -6.200573e+03  7.949701e+03
      vertex  4.799989e+03 -6.220972e+03  7.973735e+03
      vertex  4.799989e+03 -6.200242e+03  7.949351e+03
    endloop
  endfacet
  facet normal -9.662528e-01 -1.954442e-01 -1.678008e-01
    outer loop
      vertex  4.799996e+03 -6.200573e+03  7.949701e+03
      vertex  4.799989e+03 -6.200242e+03  7.949351e+03
      vertex  4.799996e+03 -6.179751e+03  7.925449e+03
    endloop
  endfacet
  facet normal -9.750484e-01 -1.684124e-01 -1.446301e-01
    outer loop
      vertex  4.799996e+03 -6.179751e+03  7.925449e+03
      vertex  4.799989e+03 -6.200242e+03  7.949351e+03
      vertex  4.799990e+03 -6.179401e+03  7.925081e+03
    endloop
  endfacet
  facet normal -9.697277e-01 -1.844759e-01 -1.599901e-01
    outer loop
      vertex  4.799996e+03 -6.179751e+03  7.925449e+03
      vertex  4.799990e+03 -6.179401e+03  7.925081e+03
      vertex  4.799996e+03 -6.158819e+03  7.901310e+03
    endloop
  endfacet
  facet normal -9.709558e-01 -1.807488e-01 -1.567632e-01
    outer loop
      vertex  4.799996e+03 -6.158819e+03  7.901310e+03
      vertex  4.799990e+03 -6.179401e+03  7.925081e+03
      vertex  4.799990e+03 -6.158451e+03  7.900924e+03
    endloop
  endfacet
  facet normal -9.644526e-01 -1.987880e-01 -1.741102e-01
    outer loop
      vertex  4.799996e+03 -6.158819e+03  7.901310e+03
      vertex  4.799990e+03 -6.158451e+03  7.900924e+03
      vertex  4.799996e+03 -6.137777e+03  7.877286e+03
    endloop
  endfacet
  facet normal -9.732749e-01 -1.727326e-01 -1.513256e-01
    outer loop
      vertex  4.799996e+03 -6.137777e+03  7.877286e+03
      vertex  4.799990e+03 -6.158451e+03  7.900924e+03
      vertex  4.799990e+03 -6.137390e+03  7.876881e+03
    endloop
  endfacet
  facet normal -9.667829e-01 -1.914496e-01 -1.693455e-01
    outer loop
      vertex  4.799996e+03 -6.137777e+03  7.877286e+03
      vertex  4.799990e+03 -6.137390e+03  7.876881e+03
      vertex  4.799996e+03 -6.116626e+03  7.853374e+03
    endloop
  endfacet
  facet normal -9.771476e-01 -1.591925e-01 -1.408559e-01
    outer loop
      vertex  4.799996e+03 -6.116626e+03  7.853374e+03
      vertex  4.799990e+03 -6.137390e+03  7.876881e+03
      vertex  4.799991e+03 -6.116220e+03  7.852952e+03
    endloop
  endfacet
  facet normal -9.712369e-01 -1.775775e-01 -1.586352e-01
    outer loop
      vertex  4.799996e+03 -6.116626e+03  7.853374e+03
      vertex  4.799991e+03 -6.116220e+03  7.852952e+03
      vertex  4.799996e+03 -6.095367e+03  7.829576e+03
    endloop
  endfacet
  facet normal -9.771783e-01 -1.584025e-01 -1.415311e-01
    outer loop
      vertex  4.799996e+03 -6.095367e+03  7.829576e+03
      vertex  4.799991e+03 -6.116220e+03  7.852952e+03
      vertex  4.799991e+03 -6.094941e+03  7.829136e+03
    endloop
  endfacet
  facet normal -9.707636e-01 -1.782133e-01 -1.608040e-01
    outer loop
      vertex  4.799996e+03 -6.095367e+03  7.829576e+03
      vertex  4.799991e+03 -6.094941e+03  7.829136e+03
      vertex  4.799997e+03 -6.073998e+03  7.805891e+03
    endloop
  endfacet
  facet normal -9.759247e-01 -1.619202e-01 -1.461263e-01
    outer loop
      vertex  4.799997e+03 -6.073998e+03  7.805891e+03
      vertex  4.799991e+03 -6.094941e+03  7.829136e+03
      vertex  4.799991e+03 -6.073553e+03  7.805434e+03
    endloop
  endfacet
  facet normal -9.688280e-01 -1.831240e-01 -1.668471e-01
    outer loop
      vertex  4.799997e+03 -6.073998e+03  7.805891e+03
      vertex  4.799991e+03 -6.073553e+03  7.805434e+03
      vertex  4.799997e+03 -6.052521e+03  7.782318e+03
    endloop
  endfacet
  facet normal -9.674742e-01 -1.869966e-01 -1.703704e-01
    outer loop
      vertex  4.799997e+03 -6.052521e+03  7.782318e+03
      vertex  4.799991e+03 -6.073553e+03  7.805434e+03
      vertex  4.799991e+03 -6.052919e+03  7.782786e+03
    endloop
  endfacet
  facet normal -9.747971e-01 -1.641927e-01 -1.510343e-01
    outer loop
      vertex  4.799997e+03 -6.052521e+03  7.782318e+03
      vertex  4.799991e+03 -6.052919e+03  7.782786e+03
      vertex  4.799992e+03 -6.032185e+03  7.760242e+03
    endloop
  endfacet
  facet normal -2.021339e-01 -8.969693e-01 -3.931768e-01
    outer loop
      vertex  4.799979e+03 -7.254627e+03  9.649990e+03
      vertex  4.799944e+03 -7.254619e+03  9.649990e+03
      vertex  4.799979e+03 -7.240830e+03  9.618515e+03
    endloop
  endfacet
  facet normal -2.502268e-01 -8.867177e-01 -3.887395e-01
    outer loop
      vertex  4.799979e+03 -7.240830e+03  9.618515e+03
      vertex  4.799944e+03 -7.254619e+03  9.649990e+03
      vertex  4.799945e+03 -7.240821e+03  9.618517e+03
    endloop
  endfacet
  facet normal -2.500170e-01 -8.850132e-01 -3.927381e-01
    outer loop
      vertex  4.799979e+03 -7.240830e+03  9.618515e+03
      vertex  4.799945e+03 -7.240821e+03  9.618517e+03
      vertex  4.799980e+03 -7.226917e+03  9.587163e+03
    endloop
  endfacet
  facet normal -3.017951e-01 -8.713998e-01 -3.867585e-01
    outer loop
      vertex  4.799980e+03 -7.226917e+03  9.587163e+03
      vertex  4.799945e+03 -7.240821e+03  9.618517e+03
      vertex  4.799947e+03 -7.226908e+03  9.587167e+03
    endloop
  endfacet
  facet normal -3.017466e-01 -8.696755e-01 -3.906578e-01
    outer loop
      vertex  4.799980e+03 -7.226917e+03  9.587163e+03
      vertex  4.799947e+03 -7.226908e+03  9.587167e+03
      vertex  4.799980e+03 -7.212890e+03  9.555935e+03
    endloop
  endfacet
  facet normal -3.540472e-01 -8.530864e-01 -3.832677e-01
    outer loop
      vertex  4.799980e+03 -7.212890e+03  9.555935e+03
      vertex  4.799947e+03 -7.226908e+03  9.587167e+03
      vertex  4.799948e+03 -7.212879e+03  9.555940e+03
    endloop
  endfacet
  facet normal -3.541522e-01 -8.513079e-01 -3.871059e-01
    outer loop
      vertex  4.799980e+03 -7.212890e+03  9.555935e+03
      vertex  4.799948e+03 -7.212879e+03  9.555940e+03
      vertex  4.799980e+03 -7.198746e+03  9.524829e+03
    endloop
  endfacet
  facet normal -3.955152e-01 -8.360612e-01 -3.802230e-01
    outer loop
      vertex  4.799980e+03 -7.198746e+03  9.524829e+03
      vertex  4.799948e+03 -7.212879e+03  9.555940e+03
      vertex  4.799949e+03 -7.198734e+03  9.524837e+03
    endloop
  endfacet
  facet normal -3.957891e-01 -8.342171e-01 -3.839696e-01
    outer loop
      vertex  4.799980e+03 -7.198746e+03  9.524829e+03
      vertex  4.799949e+03 -7.198734e+03  9.524837e+03
      vertex  4.799981e+03 -7.184486e+03  9.493848e+03
    endloop
  endfacet
  facet normal -4.423392e-01 -8.146708e-01 -3.750301e-01
    outer loop
      vertex  4.799981e+03 -7.184486e+03  9.493848e+03
      vertex  4.799949e+03 -7.198734e+03  9.524837e+03
      vertex  4.799950e+03 -7.184474e+03  9.493857e+03
    endloop
  endfacet
  facet normal -4.427356e-01 -8.127858e-01 -3.786349e-01
    outer loop
      vertex  4.799981e+03 -7.184486e+03  9.493848e+03
      vertex  4.799950e+03 -7.184474e+03  9.493857e+03
      vertex  4.799981e+03 -7.170110e+03  9.462987e+03
    endloop
  endfacet
  facet normal -4.775966e-01 -7.963863e-01 -3.710395e-01
    outer loop
      vertex  4.799981e+03 -7.170110e+03  9.462987e+03
      vertex  4.799950e+03 -7.184474e+03  9.493857e+03
      vertex  4.799951e+03 -7.170097e+03  9.462999e+03
    endloop
  endfacet
  facet normal -4.781326e-01 -7.944136e-01 -3.745612e-01
    outer loop
      vertex  4.799981e+03 -7.170110e+03  9.462987e+03
      vertex  4.799951e+03 -7.170097e+03  9.462999e+03
      vertex  4.799982e+03 -7.155618e+03  9.432251e+03
    endloop
  endfacet
  facet normal -5.188357e-01 -7.732153e-01 -3.646198e-01
    outer loop
      vertex  4.799982e+03 -7.155618e+03  9.432251e+03
      vertex  4.799951e+03 -7.170097e+03  9.462999e+03
      vertex  4.799953e+03 -7.155604e+03  9.432264e+03
    endloop
  endfacet
  facet normal -5.193832e-01 -7.712377e-01 -3.680129e-01
    outer loop
      vertex  4.799982e+03 -7.155618e+03  9.432251e+03
      vertex  4.799953e+03 -7.155604e+03  9.432264e+03
      vertex  4.799982e+03 -7.141010e+03  9.401636e+03
    endloop
  endfacet
  facet normal -5.607250e-01 -7.472637e-01 -3.566291e-01
    outer loop
      vertex  4.799982e+03 -7.141010e+03  9.401636e+03
      vertex  4.799953e+03 -7.155604e+03  9.432264e+03
      vertex  4.799954e+03 -7.140996e+03  9.401651e+03
    endloop
  endfacet
  facet normal -5.614461e-01 -7.451743e-01 -3.598520e-01
    outer loop
      vertex  4.799982e+03 -7.141010e+03  9.401636e+03
      vertex  4.799954e+03 -7.140996e+03  9.401651e+03
      vertex  4.799983e+03 -7.126285e+03  9.371144e+03
    endloop
  endfacet
  facet normal -5.846807e-01 -7.305286e-01 -3.528123e-01
    outer loop
      vertex  4.799983e+03 -7.126285e+03  9.371144e+03
      vertex  4.799954e+03 -7.140996e+03  9.401651e+03
      vertex  4.799955e+03 -7.126271e+03  9.371160e+03
    endloop
  endfacet
  facet normal -5.854251e-01 -7.284036e-01 -3.559572e-01
    outer loop
      vertex  4.799983e+03 -7.126285e+03  9.371144e+03
      vertex  4.799955e+03 -7.126271e+03  9.371160e+03
      vertex  4.799983e+03 -7.111444e+03  9.340773e+03
    endloop
  endfacet
  facet normal -6.137885e-01 -7.092900e-01 -3.466575e-01
    outer loop
      vertex  4.799983e+03 -7.111444e+03  9.340773e+03
      vertex  4.799955e+03 -7.126271e+03  9.371160e+03
      vertex  4.799956e+03 -7.111429e+03  9.340791e+03
    endloop
  endfacet
  facet normal -6.145784e-01 -7.071247e-01 -3.496685e-01
    outer loop
      vertex  4.799983e+03 -7.111444e+03  9.340773e+03
      vertex  4.799956e+03 -7.111429e+03  9.340791e+03
      vertex  4.799983e+03 -7.096486e+03  9.310524e+03
    endloop
  endfacet
  facet normal -6.445172e-01 -6.853553e-01 -3.389479e-01
    outer loop
      vertex  4.799983e+03 -7.096486e+03  9.310524e+03
      vertex  4.799956e+03 -7.111429e+03  9.340791e+03
      vertex  4.799957e+03 -7.096471e+03  9.310544e+03
    endloop
  endfacet
  facet normal -6.453673e-01 -6.831222e-01 -3.418262e-01
    outer loop
      vertex  4.799983e+03 -7.096486e+03  9.310524e+03
      vertex  4.799957e+03 -7.096471e+03  9.310544e+03
      vertex  4.799984e+03 -7.081412e+03  9.280397e+03
    endloop
  endfacet
  facet normal -6.667364e-01 -6.664942e-01 -3.335388e-01
    outer loop
      vertex  4.799984e+03 -7.081412e+03  9.280397e+03
      vertex  4.799957e+03 -7.096471e+03  9.310544e+03
      vertex  4.799958e+03 -7.081396e+03  9.280419e+03
    endloop
  endfacet
  facet normal -6.676586e-01 -6.641949e-01 -3.362696e-01
    outer loop
      vertex  4.799984e+03 -7.081412e+03  9.280397e+03
      vertex  4.799958e+03 -7.081396e+03  9.280419e+03
      vertex  4.799984e+03 -7.066221e+03  9.250392e+03
    endloop
  endfacet
  facet normal -6.815854e-01 -6.528293e-01 -3.305376e-01
    outer loop
      vertex  4.799984e+03 -7.066221e+03  9.250392e+03
      vertex  4.799958e+03 -7.081396e+03  9.280419e+03
      vertex  4.799959e+03 -7.066206e+03  9.250414e+03
    endloop
  endfacet
  facet normal -6.825377e-01 -6.504771e-01 -3.331994e-01
    outer loop
      vertex  4.799984e+03 -7.066221e+03  9.250392e+03
      vertex  4.799959e+03 -7.066206e+03  9.250414e+03
      vertex  4.799985e+03 -7.050913e+03  9.220507e+03
    endloop
  endfacet
  facet normal -7.090252e-01 -6.276148e-01 -3.215322e-01
    outer loop
      vertex  4.799985e+03 -7.050913e+03  9.220507e+03
      vertex  4.799959e+03 -7.066206e+03  9.250414e+03
      vertex  4.799960e+03 -7.050897e+03  9.220531e+03
    endloop
  endfacet
  facet normal -7.099811e-01 -6.252498e-01 -3.240209e-01
    outer loop
      vertex  4.799985e+03 -7.050913e+03  9.220507e+03
      vertex  4.799960e+03 -7.050897e+03  9.220531e+03
      vertex  4.799985e+03 -7.035489e+03  9.190743e+03
    endloop
  endfacet
  facet normal -7.414738e-01 -5.957161e-01 -3.087701e-01
    outer loop
      vertex  4.799985e+03 -7.035489e+03  9.190743e+03
      vertex  4.799960e+03 -7.050897e+03  9.220531e+03
      vertex  4.799961e+03 -7.035473e+03  9.190770e+03
    endloop
  endfacet
  facet normal -7.424206e-01 -5.933249e-01 -3.110905e-01
    outer loop
      vertex  4.799985e+03 -7.035489e+03  9.190743e+03
      vertex  4.799961e+03 -7.035473e+03  9.190770e+03
      vertex  4.799985e+03 -7.019947e+03  9.161101e+03
    endloop
  endfacet
  facet normal -7.495084e-01 -5.862881e-01 -3.074141e-01
    outer loop
      vertex  4.799985e+03 -7.019947e+03  9.161101e+03
      vertex  4.799961e+03 -7.035473e+03  9.190770e+03
      vertex  4.799962e+03 -7.019932e+03  9.161128e+03
    endloop
  endfacet
  facet normal -7.505012e-01 -5.838242e-01 -3.096729e-01
    outer loop
      vertex  4.799985e+03 -7.019947e+03  9.161101e+03
      vertex  4.799962e+03 -7.019932e+03  9.161128e+03
      vertex  4.799986e+03 -7.004289e+03  9.131579e+03
    endloop
  endfacet
  facet normal -7.681442e-01 -5.656188e-01 -3.000496e-01
    outer loop
      vertex  4.799986e+03 -7.004289e+03  9.131579e+03
      vertex  4.799962e+03 -7.019932e+03  9.161128e+03
      vertex  4.799963e+03 -7.004273e+03  9.131608e+03
    endloop
  endfacet
  facet normal -7.688890e-01 -5.637689e-01 -3.016196e-01
    outer loop
      vertex  4.799986e+03 -7.004289e+03  9.131579e+03
      vertex  4.799963e+03 -7.004273e+03  9.131608e+03
      vertex  4.799986e+03 -6.996416e+03  9.116863e+03
    endloop
  endfacet
  facet normal -9.047226e-01 -3.753677e-01 -2.014352e-01
    outer loop
      vertex  4.799986e+03 -6.996416e+03  9.116863e+03
      vertex  4.799963e+03 -7.004273e+03  9.131608e+03
      vertex  4.799964e+03 -6.988499e+03  9.102208e+03
    endloop
  endfacet
  facet normal -7.831699e-01 -5.475656e-01 -2.946469e-01
    outer loop
      vertex  4.799986e+03 -6.996416e+03  9.116863e+03
      vertex  4.799964e+03 -6.988499e+03  9.102208e+03
      vertex  4.799986e+03 -6.988514e+03  9.102178e+03
    endloop
  endfacet
  facet normal -9.742184e-01 -1.580489e-01 -1.609938e-01
    outer loop
      vertex  4.799994e+03 -5.797625e+03  7.519081e+03
      vertex  4.799998e+03 -5.796922e+03  7.518369e+03
      vertex  4.799994e+03 -5.819434e+03  7.540490e+03
    endloop
  endfacet
  facet normal -9.859244e-01 -1.171058e-01 -1.193286e-01
    outer loop
      vertex  4.799994e+03 -5.819434e+03  7.540490e+03
      vertex  4.799998e+03 -5.796922e+03  7.518369e+03
      vertex  4.799998e+03 -5.818678e+03  7.539720e+03
    endloop
  endfacet
  facet normal -9.756939e-01 -1.542046e-01 -1.556998e-01
    outer loop
      vertex  4.799994e+03 -5.819434e+03  7.540490e+03
      vertex  4.799998e+03 -5.818678e+03  7.539720e+03
      vertex  4.799998e+03 -5.840339e+03  7.561173e+03
    endloop
  endfacet
  facet normal -9.874327e-01 -1.039403e-01 -1.190511e-01
    outer loop
      vertex  4.799997e+03 -5.505568e+03  7.250000e+03
      vertex  4.799999e+03 -5.505587e+03  7.250000e+03
      vertex  4.799996e+03 -5.530501e+03  7.271772e+03
    endloop
  endfacet
  facet normal -9.809639e-01 -1.277286e-01 -1.462718e-01
    outer loop
      vertex  4.799996e+03 -5.530501e+03  7.271772e+03
      vertex  4.799999e+03 -5.505587e+03  7.250000e+03
      vertex  4.799999e+03 -5.530630e+03  7.271869e+03
    endloop
  endfacet
  facet normal -9.825926e-01 -1.226977e-01 -1.394885e-01
    outer loop
      vertex  4.799996e+03 -5.530501e+03  7.271772e+03
      vertex  4.799999e+03 -5.530630e+03  7.271869e+03
      vertex  4.799999e+03 -5.543112e+03  7.282848e+03
    endloop
  endfacet
  facet normal -7.836843e-01 -5.462807e-01 -2.956627e-01
    outer loop
      vertex  4.799986e+03 -6.988514e+03  9.102178e+03
      vertex  4.799964e+03 -6.988499e+03  9.102208e+03
      vertex  4.799986e+03 -6.980583e+03  9.087522e+03
    endloop
  endfacet
  facet normal -7.879308e-01 -5.415283e-01 -2.931075e-01
    outer loop
      vertex  4.799986e+03 -6.980583e+03  9.087522e+03
      vertex  4.799964e+03 -6.988499e+03  9.102208e+03
      vertex  4.799964e+03 -6.980566e+03  9.087552e+03
    endloop
  endfacet
  facet normal -7.883810e-01 -5.403318e-01 -2.941033e-01
    outer loop
      vertex  4.799986e+03 -6.980583e+03  9.087522e+03
      vertex  4.799964e+03 -6.980566e+03  9.087552e+03
      vertex  4.799986e+03 -6.972622e+03  9.072896e+03
    endloop
  endfacet
  facet normal -7.883810e-01 -5.403318e-01 -2.941033e-01
    outer loop
      vertex  4.799986e+03 -6.972622e+03  9.072896e+03
      vertex  4.799964e+03 -6.980566e+03  9.087552e+03
      vertex  4.799964e+03 -6.972605e+03  9.072926e+03
    endloop
  endfacet
  facet normal -7.888416e-01 -5.391009e-01 -2.951257e-01
    outer loop
      vertex  4.799986e+03 -6.972622e+03  9.072896e+03
      vertex  4.799964e+03 -6.972605e+03  9.072926e+03
      vertex  4.799986e+03 -6.964632e+03  9.058302e+03
    endloop
  endfacet
  facet normal -8.006750e-01 -5.254869e-01 -2.877206e-01
    outer loop
      vertex  4.799986e+03 -6.964632e+03  9.058302e+03
      vertex  4.799964e+03 -6.972605e+03  9.072926e+03
      vertex  4.799965e+03 -6.964616e+03  9.058333e+03
    endloop
  endfacet
  facet normal -8.011438e-01 -5.242566e-01 -2.886580e-01
    outer loop
      vertex  4.799986e+03 -6.964632e+03  9.058302e+03
      vertex  4.799965e+03 -6.964616e+03  9.058333e+03
      vertex  4.799987e+03 -6.956613e+03  9.043736e+03
    endloop
  endfacet
  facet normal -8.015757e-01 -5.237492e-01 -2.883804e-01
    outer loop
      vertex  4.799987e+03 -6.956613e+03  9.043736e+03
      vertex  4.799965e+03 -6.964616e+03  9.058333e+03
      vertex  4.799965e+03 -6.956598e+03  9.043769e+03
    endloop
  endfacet
  facet normal -8.021927e-01 -5.221643e-01 -2.895362e-01
    outer loop
      vertex  4.799987e+03 -6.956613e+03  9.043736e+03
      vertex  4.799965e+03 -6.956598e+03  9.043769e+03
      vertex  4.799987e+03 -6.944529e+03  9.021944e+03
    endloop
  endfacet
  facet normal -8.956168e-01 -3.888993e-01 -2.159352e-01
    outer loop
      vertex  4.799987e+03 -6.944529e+03  9.021944e+03
      vertex  4.799965e+03 -6.956598e+03  9.043769e+03
      vertex  4.799966e+03 -6.941208e+03  9.016047e+03
    endloop
  endfacet
  facet normal -7.089850e-01 -6.155085e-01 -3.442231e-01
    outer loop
      vertex  4.799987e+03 -6.944529e+03  9.021944e+03
      vertex  4.799966e+03 -6.941208e+03  9.016047e+03
      vertex  4.799987e+03 -6.932380e+03  9.000220e+03
    endloop
  endfacet
  facet normal  0.000000e+00  0.000000e+00  1.000000e+00
    outer loop
      vertex  1.799962e+03 -6.411362e+03  9.649990e+03
      vertex -3.343631e+03 -4.104540e+03  9.649990e+03
      vertex  1.786906e+03 -6.406856e+03  9.649990e+03
    endloop
  endfacet
  facet normal  0.000000e+00  0.000000e+00  1.000000e+00
    outer loop
      vertex  1.799962e+03 -6.411362e+03  9.649990e+03
      vertex  2.081598e+03 -6.506735e+03  9.649990e+03
      vertex -3.343631e+03 -4.104540e+03  9.649990e+03
    endloop
  endfacet
  facet normal  0.000000e+00  0.000000e+00  1.000000e+00
    outer loop
      vertex -3.359677e+03 -4.096113e+03  9.649990e+03
      vertex -3.343631e+03 -4.104540e+03  9.649990e+03
      vertex -3.359665e+03 -4.096106e+03  9.649990e+03
    endloop
  endfacet
  facet normal  0.000000e+00  0.000000e+00  1.000000e+00
    outer loop
      vertex -3.359665e+03 -4.096106e+03  9.649990e+03
      vertex -3.343631e+03 -4.104540e+03  9.649990e+03
      vertex -3.359652e+03 -4.096096e+03  9.649990e+03
    endloop
  endfacet
  facet normal  0.000000e+00  0.000000e+00  1.000000e+00
    outer loop
      vertex -3.343631e+03 -4.104540e+03  9.649990e+03
      vertex -3.359639e+03 -4.096082e+03  9.649990e+03
      vertex -3.359652e+03 -4.096096e+03  9.649990e+03
    endloop
  endfacet
  facet normal  0.000000e+00  0.000000e+00  1.000000e+00
    outer loop
      vertex  4.441255e+03 -7.173176e+03  9.649990e+03
      vertex -3.343631e+03 -4.104540e+03  9.649990e+03
      vertex  4.083573e+03 -7.086916e+03  9.649990e+03
    endloop
  endfacet
  facet normal  0.000000e+00  0.000000e+00  1.000000e+00
    outer loop
      vertex  4.083573e+03 -7.086916e+03  9.649990e+03
      vertex -3.343631e+03 -4.104540e+03  9.649990e+03
      vertex  3.794267e+03 -7.013392e+03  9.649990e+03
    endloop
  endfacet
  facet normal  0.000000e+00  0.000000e+00  1.000000e+00
    outer loop
      vertex  3.794267e+03 -7.013392e+03  9.649990e+03
      vertex -3.343631e+03 -4.104540e+03  9.649990e+03
      vertex  3.505471e+03 -6.936597e+03  9.649990e+03
    endloop
  endfacet
  facet normal  0.000000e+00  0.000000e+00  1.000000e+00
    outer loop
      vertex  3.505471e+03 -6.936597e+03  9.649990e+03
      vertex -3.343631e+03 -4.104540e+03  9.649990e+03
      vertex  3.217150e+03 -6.856490e+03  9.649990e+03
    endloop
  endfacet
  facet normal  0.000000e+00  0.000000e+00  1.000000e+00
    outer loop
      vertex  3.217150e+03 -6.856490e+03  9.649990e+03
      vertex -3.343631e+03 -4.104540e+03  9.649990e+03
      vertex  2.929287e+03 -6.773038e+03  9.649990e+03
    endloop
  endfacet
  facet normal  0.000000e+00  0.000000e+00  9.999999e-01
    outer loop
      vertex  2.929287e+03 -6.773038e+03  9.649990e+03
      vertex -3.343631e+03 -4.104540e+03  9.649990e+03
      vertex  2.646276e+03 -6.687566e+03  9.649990e+03
    endloop
  endfacet
  facet normal  0.000000e+00  0.000000e+00  1.000000e+00
    outer loop
      vertex  2.646276e+03 -6.687566e+03  9.649990e+03
      vertex -3.343631e+03 -4.104540e+03  9.649990e+03
      vertex  2.363708e+03 -6.598803e+03  9.649990e+03
    endloop
  endfacet
  facet normal  0.000000e+00  0.000000e+00  1.000000e+00
    outer loop
      vertex  2.363708e+03 -6.598803e+03  9.649990e+03
      vertex -3.343631e+03 -4.104540e+03  9.649990e+03
      vertex  2.081598e+03 -6.506735e+03  9.649990e+03
    endloop
  endfacet
  facet normal  0.000000e+00  0.000000e+00  1.000000e+00
    outer loop
      vertex  1.786906e+03 -6.406856e+03  9.649990e+03
      vertex -3.343631e+03 -4.104540e+03  9.649990e+03
      vertex  1.773851e+03 -6.402343e+03  9.649990e+03
    endloop
  endfacet
  facet normal  0.000000e+00  0.000000e+00  1.000000e+00
    outer loop
      vertex  1.773851e+03 -6.402343e+03  9.649990e+03
      vertex -3.343631e+03 -4.104540e+03  9.649990e+03
      vertex  1.760797e+03 -6.397824e+03  9.649990e+03
    endloop
  endfacet
  facet normal  0.000000e+00  0.000000e+00  1.000000e+00
    outer loop
      vertex  1.760797e+03 -6.397824e+03  9.649990e+03
      vertex -3.343631e+03 -4.104540e+03  9.649990e+03
      vertex  1.747745e+03 -6.393297e+03  9.649990e+03
    endloop
  endfacet
  facet normal  0.000000e+00  0.000000e+00  1.000000e+00
    outer loop
      vertex  1.747745e+03 -6.393297e+03  9.649990e+03
      vertex -3.343631e+03 -4.104540e+03  9.649990e+03
      vertex  1.734694e+03 -6.388763e+03  9.649990e+03
    endloop
  endfacet
  facet normal  0.000000e+00  0.000000e+00  1.000000e+00
    outer loop
      vertex  1.734694e+03 -6.388763e+03  9.649990e+03
      vertex -3.343631e+03 -4.104540e+03  9.649990e+03
      vertex  1.721644e+03 -6.384223e+03  9.649990e+03
    endloop
  endfacet
  facet normal  0.000000e+00  0.000000e+00  1.000000e+00
    outer loop
      vertex  1.721644e+03 -6.384223e+03  9.649990e+03
      vertex -3.343631e+03 -4.104540e+03  9.649990e+03
      vertex  1.708595e+03 -6.379674e+03  9.649990e+03
    endloop
  endfacet
  facet normal  0.000000e+00  0.000000e+00  1.000000e+00
    outer loop
      vertex  1.708595e+03 -6.379674e+03  9.649990e+03
      vertex -3.343631e+03 -4.104540e+03  9.649990e+03
      vertex  1.695547e+03 -6.375120e+03  9.649990e+03
    endloop
  endfacet
  facet normal  0.000000e+00  0.000000e+00  1.000000e+00
    outer loop
      vertex  1.695547e+03 -6.375120e+03  9.649990e+03
      vertex -3.343631e+03 -4.104540e+03  9.649990e+03
      vertex  1.682501e+03 -6.370558e+03  9.649990e+03
    endloop
  endfacet
  facet normal  0.000000e+00  0.000000e+00  1.000000e+00
    outer loop
      vertex  1.682501e+03 -6.370558e+03  9.649990e+03
      vertex -3.343631e+03 -4.104540e+03  9.649990e+03
      vertex  1.669456e+03 -6.365989e+03  9.649990e+03
    endloop
  endfacet
  facet normal  0.000000e+00  0.000000e+00  1.000000e+00
    outer loop
      vertex  1.669456e+03 -6.365989e+03  9.649990e+03
      vertex -3.343631e+03 -4.104540e+03  9.649990e+03
      vertex  1.656412e+03 -6.361413e+03  9.649990e+03
    endloop
  endfacet
  facet normal  0.000000e+00  0.000000e+00  1.000000e+00
    outer loop
      vertex  1.656412e+03 -6.361413e+03  9.649990e+03
      vertex -3.343631e+03 -4.104540e+03  9.649990e+03
      vertex  1.643370e+03 -6.356830e+03  9.649990e+03
    endloop
  endfacet
  facet normal  0.000000e+00  0.000000e+00  1.000000e+00
    outer loop
      vertex  1.643370e+03 -6.356830e+03  9.649990e+03
      vertex -3.343631e+03 -4.104540e+03  9.649990e+03
      vertex  1.630329e+03 -6.352239e+03  9.649990e+03
    endloop
  endfacet
  facet normal  0.000000e+00  0.000000e+00  1.000000e+00
    outer loop
      vertex  1.630329e+03 -6.352239e+03  9.649990e+03
      vertex -3.343631e+03 -4.104540e+03  9.649990e+03
      vertex  1.617289e+03 -6.347642e+03  9.649990e+03
    endloop
  endfacet
  facet normal  0.000000e+00  0.000000e+00  1.000000e+00
    outer loop
      vertex  1.617289e+03 -6.347642e+03  9.649990e+03
      vertex -3.343631e+03 -4.104540e+03  9.649990e+03
      vertex  1.604250e+03 -6.343038e+03  9.649990e+03
    endloop
  endfacet
  facet normal  0.000000e+00  0.000000e+00  1.000000e+00
    outer loop
      vertex  1.604250e+03 -6.343038e+03  9.649990e+03
      vertex -3.343631e+03 -4.104540e+03  9.649990e+03
      vertex  1.591213e+03 -6.338426e+03  9.649990e+03
    endloop
  endfacet
  facet normal  0.000000e+00  0.000000e+00  1.000000e+00
    outer loop
      vertex  1.591213e+03 -6.338426e+03  9.649990e+03
      vertex -3.343631e+03 -4.104540e+03  9.649990e+03
      vertex  1.578852e+03 -6.334048e+03  9.649990e+03
    endloop
  endfacet
  facet normal  0.000000e+00  0.000000e+00  1.000000e+00
    outer loop
      vertex  1.578852e+03 -6.334048e+03  9.649990e+03
      vertex -3.343631e+03 -4.104540e+03  9.649990e+03
      vertex  1.566493e+03 -6.329663e+03  9.649990e+03
    endloop
  endfacet
  facet normal  0.000000e+00  0.000000e+00  1.000000e+00
    outer loop
      vertex  1.566493e+03 -6.329663e+03  9.649990e+03
      vertex -3.343631e+03 -4.104540e+03  9.649990e+03
      vertex  1.554135e+03 -6.325271e+03  9.649990e+03
    endloop
  endfacet
  facet normal  0.000000e+00  0.000000e+00  1.000000e+00
    outer loop
      vertex  1.554135e+03 -6.325271e+03  9.649990e+03
      vertex -3.343631e+03 -4.104540e+03  9.649990e+03
      vertex  1.541778e+03 -6.320874e+03  9.649990e+03
    endloop
  endfacet
  facet normal  0.000000e+00  0.000000e+00  1.000000e+00
    outer loop
      vertex  1.541778e+03 -6.320874e+03  9.649990e+03
      vertex -3.343631e+03 -4.104540e+03  9.649990e+03
      vertex  1.529422e+03 -6.316470e+03  9.649990e+03
    endloop
  endfacet
  facet normal  0.000000e+00  0.000000e+00  1.000000e+00
    outer loop
      vertex  1.529422e+03 -6.316470e+03  9.649990e+03
      vertex -3.343631e+03 -4.104540e+03  9.649990e+03
      vertex  1.517067e+03 -6.312059e+03  9.649990e+03
    endloop
  endfacet
  facet normal  0.000000e+00  0.000000e+00  1.000000e+00
    outer loop
      vertex  1.517067e+03 -6.312059e+03  9.649990e+03
      vertex -3.343631e+03 -4.104540e+03  9.649990e+03
      vertex  1.504714e+03 -6.307643e+03  9.649990e+03
    endloop
  endfacet
  facet normal  0.000000e+00  0.000000e+00  1.000000e+00
    outer loop
      vertex  1.504714e+03 -6.307643e+03  9.649990e+03
      vertex -3.343631e+03 -4.104540e+03  9.649990e+03
      vertex  1.492361e+03 -6.303220e+03  9.649990e+03
    endloop
  endfacet
  facet normal  0.000000e+00  0.000000e+00  1.000000e+00
    outer loop
      vertex  1.492361e+03 -6.303220e+03  9.649990e+03
      vertex -3.343631e+03 -4.104540e+03  9.649990e+03
      vertex  1.480010e+03 -6.298791e+03  9.649990e+03
    endloop
  endfacet
  facet normal  0.000000e+00  0.000000e+00  1.000000e+00
    outer loop
      vertex  1.480010e+03 -6.298791e+03  9.649990e+03
      vertex -3.343631e+03 -4.104540e+03  9.649990e+03
      vertex  1.473063e+03 -6.296296e+03  9.649990e+03
    endloop
  endfacet
  facet normal  0.000000e+00  0.000000e+00  1.000000e+00
    outer loop
      vertex  1.473063e+03 -6.296296e+03  9.649990e+03
      vertex -3.343631e+03 -4.104540e+03  9.649990e+03
      vertex  1.466117e+03 -6.293800e+03  9.649990e+03
    endloop
  endfacet
  facet normal  0.000000e+00  0.000000e+00  1.000000e+00
    outer loop
      vertex  1.466117e+03 -6.293800e+03  9.649990e+03
      vertex -3.343631e+03 -4.104540e+03  9.649990e+03
      vertex  1.459170e+03 -6.291302e+03  9.649990e+03
    endloop
  endfacet
  facet normal  0.000000e+00  0.000000e+00  1.000000e+00
    outer loop
      vertex  1.459170e+03 -6.291302e+03  9.649990e+03
      vertex -3.343631e+03 -4.104540e+03  9.649990e+03
      vertex  1.452223e+03 -6.288801e+03  9.649990e+03
    endloop
  endfacet
  facet normal  0.000000e+00  0.000000e+00  9.999999e-01
    outer loop
      vertex  1.452223e+03 -6.288801e+03  9.649990e+03
      vertex -3.343631e+03 -4.104540e+03  9.649990e+03
      vertex  1.438332e+03 -6.283795e+03  9.649990e+03
    endloop
  endfacet
  facet normal  0.000000e+00  0.000000e+00  9.999999e-01
    outer loop
      vertex  1.438332e+03 -6.283795e+03  9.649990e+03
      vertex -3.343631e+03 -4.104540e+03  9.649990e+03
      vertex  1.424443e+03 -6.278781e+03  9.649990e+03
    endloop
  endfacet
  facet normal  0.000000e+00  0.000000e+00  1.000000e+00
    outer loop
      vertex  1.424443e+03 -6.278781e+03  9.649990e+03
      vertex -3.343631e+03 -4.104540e+03  9.649990e+03
      vertex  1.410554e+03 -6.273758e+03  9.649990e+03
    endloop
  endfacet
  facet normal  0.000000e+00  0.000000e+00  1.000000e+00
    outer loop
      vertex  1.410554e+03 -6.273758e+03  9.649990e+03
      vertex -3.343631e+03 -4.104540e+03  9.649990e+03
      vertex  1.396667e+03 -6.268728e+03  9.649990e+03
    endloop
  endfacet
  facet normal  0.000000e+00  0.000000e+00  1.000000e+00
    outer loop
      vertex  1.396667e+03 -6.268728e+03  9.649990e+03
      vertex -3.343631e+03 -4.104540e+03  9.649990e+03
      vertex  1.382782e+03 -6.263689e+03  9.649990e+03
    endloop
  endfacet
  facet normal  0.000000e+00  0.000000e+00  1.000000e+00
    outer loop
      vertex  1.382782e+03 -6.263689e+03  9.649990e+03
      vertex -3.343631e+03 -4.104540e+03  9.649990e+03
      vertex  1.368898e+03 -6.258643e+03  9.649990e+03
    endloop
  endfacet
  facet normal  0.000000e+00  0.000000e+00  1.000000e+00
    outer loop
      vertex  1.368898e+03 -6.258643e+03  9.649990e+03
      vertex -3.343631e+03 -4.104540e+03  9.649990e+03
      vertex  1.355016e+03 -6.253589e+03  9.649990e+03
    endloop
  endfacet
  facet normal  0.000000e+00  0.000000e+00  1.000000e+00
    outer loop
      vertex  1.355016e+03 -6.253589e+03  9.649990e+03
      vertex -3.343631e+03 -4.104540e+03  9.649990e+03
      vertex  1.341135e+03 -6.248526e+03  9.649990e+03
    endloop
  endfacet
  facet normal  0.000000e+00  0.000000e+00  1.000000e+00
    outer loop
      vertex  1.341135e+03 -6.248526e+03  9.649990e+03
      vertex -3.343631e+03 -4.104540e+03  9.649990e+03
      vertex  1.327255e+03 -6.243456e+03  9.649990e+03
    endloop
  endfacet
  facet normal  0.000000e+00  0.000000e+00  1.000000e+00
    outer loop
      vertex  1.327255e+03 -6.243456e+03  9.649990e+03
      vertex -3.343631e+03 -4.104540e+03  9.649990e+03
      vertex  1.313377e+03 -6.238378e+03  9.649990e+03
    endloop
  endfacet
  facet normal  0.000000e+00  0.000000e+00  1.000000e+00
    outer loop
      vertex  1.313377e+03 -6.238378e+03  9.649990e+03
      vertex -3.343631e+03 -4.104540e+03  9.649990e+03
      vertex  1.299500e+03 -6.233292e+03  9.649990e+03
    endloop
  endfacet
  facet normal  0.000000e+00  0.000000e+00  1.000000e+00
    outer loop
      vertex  1.299500e+03 -6.233292e+03  9.649990e+03
      vertex -3.343631e+03 -4.104540e+03  9.649990e+03
      vertex  1.285625e+03 -6.228198e+03  9.649990e+03
    endloop
  endfacet
  facet normal  0.000000e+00  0.000000e+00  1.000000e+00
    outer loop
      vertex  1.285625e+03 -6.228198e+03  9.649990e+03
      vertex -3.343631e+03 -4.104540e+03  9.649990e+03
      vertex  1.271751e+03 -6.223096e+03  9.649990e+03
    endloop
  endfacet
  facet normal  0.000000e+00  0.000000e+00  9.999999e-01
    outer loop
      vertex  1.271751e+03 -6.223096e+03  9.649990e+03
      vertex -3.343631e+03 -4.104540e+03  9.649990e+03
      vertex  1.257878e+03 -6.217985e+03  9.649990e+03
    endloop
  endfacet
  facet normal  0.000000e+00  0.000000e+00  9.999999e-01
    outer loop
      vertex  1.257878e+03 -6.217985e+03  9.649990e+03
      vertex -3.343631e+03 -4.104540e+03  9.649990e+03
      vertex  1.244007e+03 -6.212868e+03  9.649990e+03
    endloop
  endfacet
  facet normal  0.000000e+00  0.000000e+00  1.000000e+00
    outer loop
      vertex  1.244007e+03 -6.212868e+03  9.649990e+03
      vertex -3.343631e+03 -4.104540e+03  9.649990e+03
      vertex  1.230138e+03 -6.207742e+03  9.649990e+03
    endloop
  endfacet
  facet normal  0.000000e+00  0.000000e+00  1.000000e+00
    outer loop
      vertex  1.230138e+03 -6.207742e+03  9.649990e+03
      vertex -3.343631e+03 -4.104540e+03  9.649990e+03
      vertex  1.216270e+03 -6.202607e+03  9.649990e+03
    endloop
  endfacet
  facet normal  0.000000e+00  0.000000e+00  1.000000e+00
    outer loop
      vertex  1.216270e+03 -6.202607e+03  9.649990e+03
      vertex -3.343631e+03 -4.104540e+03  9.649990e+03
      vertex  1.202403e+03 -6.197466e+03  9.649990e+03
    endloop
  endfacet
  facet normal  0.000000e+00  0.000000e+00  1.000000e+00
    outer loop
      vertex  1.202403e+03 -6.197466e+03  9.649990e+03
      vertex -3.343631e+03 -4.104540e+03  9.649990e+03
      vertex  1.188538e+03 -6.192316e+03  9.649990e+03
    endloop
  endfacet
  facet normal  0.000000e+00  0.000000e+00  1.000000e+00
    outer loop
      vertex  1.188538e+03 -6.192316e+03  9.649990e+03
      vertex -3.343631e+03 -4.104540e+03  9.649990e+03
      vertex  1.174674e+03 -6.187158e+03  9.649990e+03
    endloop
  endfacet
  facet normal  0.000000e+00  0.000000e+00  9.999999e-01
    outer loop
      vertex  1.174674e+03 -6.187158e+03  9.649990e+03
      vertex -3.343631e+03 -4.104540e+03  9.649990e+03
      vertex  1.160812e+03 -6.181993e+03  9.649990e+03
    endloop
  endfacet
  facet normal  0.000000e+00  0.000000e+00  1.000000e+00
    outer loop
      vertex  1.160812e+03 -6.181993e+03  9.649990e+03
      vertex -3.343631e+03 -4.104540e+03  9.649990e+03
      vertex  1.146951e+03 -6.176819e+03  9.649990e+03
    endloop
  endfacet
  facet normal  0.000000e+00  0.000000e+00  1.000000e+00
    outer loop
      vertex  1.146951e+03 -6.176819e+03  9.649990e+03
      vertex -3.343631e+03 -4.104540e+03  9.649990e+03
      vertex  1.133091e+03 -6.171638e+03  9.649990e+03
    endloop
  endfacet
  facet normal  0.000000e+00  0.000000e+00  9.999999e-01
    outer loop
      vertex  1.133091e+03 -6.171638e+03  9.649990e+03
      vertex -3.343631e+03 -4.104540e+03  9.649990e+03
      vertex  1.119233e+03 -6.166448e+03  9.649990e+03
    endloop
  endfacet
  facet normal  0.000000e+00  0.000000e+00  1.000000e+00
    outer loop
      vertex  1.119233e+03 -6.166448e+03  9.649990e+03
      vertex -3.343631e+03 -4.104540e+03  9.649990e+03
      vertex  1.105377e+03 -6.161251e+03  9.649990e+03
    endloop
  endfacet
  facet normal  0.000000e+00  0.000000e+00  1.000000e+00
    outer loop
      vertex  1.105377e+03 -6.161251e+03  9.649990e+03
      vertex -3.343631e+03 -4.104540e+03  9.649990e+03
      vertex  1.091522e+03 -6.156046e+03  9.649990e+03
    endloop
  endfacet
  facet normal  0.000000e+00  0.000000e+00  1.000000e+00
    outer loop
      vertex  1.091522e+03 -6.156046e+03  9.649990e+03
      vertex -3.343631e+03 -4.104540e+03  9.649990e+03
      vertex  1.077668e+03 -6.150833e+03  9.649990e+03
    endloop
  endfacet
  facet normal  0.000000e+00  0.000000e+00  1.000000e+00
    outer loop
      vertex  1.077668e+03 -6.150833e+03  9.649990e+03
      vertex -3.343631e+03 -4.104540e+03  9.649990e+03
      vertex  1.063816e+03 -6.145612e+03  9.649990e+03
    endloop
  endfacet
  facet normal  0.000000e+00  0.000000e+00  1.000000e+00
    outer loop
      vertex  1.063816e+03 -6.145612e+03  9.649990e+03
      vertex -3.343631e+03 -4.104540e+03  9.649990e+03
      vertex  1.049965e+03 -6.140383e+03  9.649990e+03
    endloop
  endfacet
  facet normal  0.000000e+00  0.000000e+00  1.000000e+00
    outer loop
      vertex  1.049965e+03 -6.140383e+03  9.649990e+03
      vertex -3.343631e+03 -4.104540e+03  9.649990e+03
      vertex  1.036116e+03 -6.135146e+03  9.649990e+03
    endloop
  endfacet
  facet normal  0.000000e+00  0.000000e+00  1.000000e+00
    outer loop
      vertex  1.036116e+03 -6.135146e+03  9.649990e+03
      vertex -3.343631e+03 -4.104540e+03  9.649990e+03
      vertex  1.022268e+03 -6.129901e+03  9.649990e+03
    endloop
  endfacet
  facet normal  0.000000e+00  0.000000e+00  1.000000e+00
    outer loop
      vertex  1.022268e+03 -6.129901e+03  9.649990e+03
      vertex -3.343631e+03 -4.104540e+03  9.649990e+03
      vertex  1.008422e+03 -6.124649e+03  9.649990e+03
    endloop
  endfacet
  facet normal  0.000000e+00  0.000000e+00  1.000000e+00
    outer loop
      vertex  1.008422e+03 -6.124649e+03  9.649990e+03
      vertex -3.343631e+03 -4.104540e+03  9.649990e+03
      vertex  9.945768e+02 -6.119389e+03  9.649990e+03
    endloop
  endfacet
  facet normal  0.000000e+00  0.000000e+00  1.000000e+00
    outer loop
      vertex  9.945768e+02 -6.119389e+03  9.649990e+03
      vertex -3.343631e+03 -4.104540e+03  9.649990e+03
      vertex  9.807334e+02 -6.114120e+03  9.649990e+03
    endloop
  endfacet
  facet normal  0.000000e+00  0.000000e+00  1.000000e+00
    outer loop
      vertex  9.807334e+02 -6.114120e+03  9.649990e+03
      vertex -3.343631e+03 -4.104540e+03  9.649990e+03
      vertex  9.668914e+02 -6.108844e+03  9.649990e+03
    endloop
  endfacet
  facet normal  0.000000e+00  0.000000e+00  1.000000e+00
    outer loop
      vertex  9.668914e+02 -6.108844e+03  9.649990e+03
      vertex -3.343631e+03 -4.104540e+03  9.649990e+03
      vertex  9.531841e+02 -6.103611e+03  9.649990e+03
    endloop
  endfacet
  facet normal  0.000000e+00  0.000000e+00  1.000000e+00
    outer loop
      vertex  9.531841e+02 -6.103611e+03  9.649990e+03
      vertex -3.343631e+03 -4.104540e+03  9.649990e+03
      vertex  9.394782e+02 -6.098370e+03  9.649990e+03
    endloop
  endfacet
  facet normal  0.000000e+00  0.000000e+00  1.000000e+00
    outer loop
      vertex  9.394782e+02 -6.098370e+03  9.649990e+03
      vertex -3.343631e+03 -4.104540e+03  9.649990e+03
      vertex  9.257738e+02 -6.093122e+03  9.649990e+03
    endloop
  endfacet
  facet normal  0.000000e+00  0.000000e+00  1.000000e+00
    outer loop
      vertex  9.257738e+02 -6.093122e+03  9.649990e+03
      vertex -3.343631e+03 -4.104540e+03  9.649990e+03
      vertex  9.120708e+02 -6.087865e+03  9.649990e+03
    endloop
  endfacet
  facet normal  0.000000e+00  0.000000e+00  1.000000e+00
    outer loop
      vertex  9.120708e+02 -6.087865e+03  9.649990e+03
      vertex -3.343631e+03 -4.104540e+03  9.649990e+03
      vertex  8.983692e+02 -6.082601e+03  9.649990e+03
    endloop
  endfacet
  facet normal  0.000000e+00  0.000000e+00  1.000000e+00
    outer loop
      vertex  8.983692e+02 -6.082601e+03  9.649990e+03
      vertex -3.343631e+03 -4.104540e+03  9.649990e+03
      vertex  8.846691e+02 -6.077330e+03  9.649990e+03
    endloop
  endfacet
  facet normal  0.000000e+00  0.000000e+00  1.000000e+00
    outer loop
      vertex  8.846691e+02 -6.077330e+03  9.649990e+03
      vertex -3.343631e+03 -4.104540e+03  9.649990e+03
      vertex  8.709704e+02 -6.072050e+03  9.649990e+03
    endloop
  endfacet
  facet normal  0.000000e+00  0.000000e+00  1.000000e+00
    outer loop
      vertex  8.709704e+02 -6.072050e+03  9.649990e+03
      vertex -3.343631e+03 -4.104540e+03  9.649990e+03
      vertex  8.572732e+02 -6.066763e+03  9.649990e+03
    endloop
  endfacet
  facet normal  0.000000e+00  0.000000e+00  1.000000e+00
    outer loop
      vertex  8.572732e+02 -6.066763e+03  9.649990e+03
      vertex -3.343631e+03 -4.104540e+03  9.649990e+03
      vertex  8.435774e+02 -6.061469e+03  9.649990e+03
    endloop
  endfacet
  facet normal  0.000000e+00  0.000000e+00  1.000000e+00
    outer loop
      vertex  8.435774e+02 -6.061469e+03  9.649990e+03
      vertex -3.343631e+03 -4.104540e+03  9.649990e+03
      vertex  8.298831e+02 -6.056166e+03  9.649990e+03
    endloop
  endfacet
  facet normal  0.000000e+00  0.000000e+00  1.000000e+00
    outer loop
      vertex  8.298831e+02 -6.056166e+03  9.649990e+03
      vertex -3.343631e+03 -4.104540e+03  9.649990e+03
      vertex  8.161901e+02 -6.050856e+03  9.649990e+03
    endloop
  endfacet
  facet normal  0.000000e+00  0.000000e+00  1.000000e+00
    outer loop
      vertex  8.161901e+02 -6.050856e+03  9.649990e+03
      vertex -3.343631e+03 -4.104540e+03  9.649990e+03
      vertex  8.024987e+02 -6.045539e+03  9.649990e+03
    endloop
  endfacet
  facet normal  0.000000e+00  0.000000e+00  1.000000e+00
    outer loop
      vertex  8.024987e+02 -6.045539e+03  9.649990e+03
      vertex -3.343631e+03 -4.104540e+03  9.649990e+03
      vertex  7.888087e+02 -6.040213e+03  9.649990e+03
    endloop
  endfacet
  facet normal  0.000000e+00  0.000000e+00  1.000000e+00
    outer loop
      vertex  7.888087e+02 -6.040213e+03  9.649990e+03
      vertex -3.343631e+03 -4.104540e+03  9.649990e+03
      vertex  7.751201e+02 -6.034880e+03  9.649990e+03
    endloop
  endfacet
  facet normal  0.000000e+00  0.000000e+00  9.999999e-01
    outer loop
      vertex  7.751201e+02 -6.034880e+03  9.649990e+03
      vertex -3.343631e+03 -4.104540e+03  9.649990e+03
      vertex  7.614330e+02 -6.029540e+03  9.649990e+03
    endloop
  endfacet
  facet normal  0.000000e+00  0.000000e+00  1.000000e+00
    outer loop
      vertex  7.614330e+02 -6.029540e+03  9.649990e+03
      vertex -3.343631e+03 -4.104540e+03  9.649990e+03
      vertex  7.477474e+02 -6.024191e+03  9.649990e+03
    endloop
  endfacet
  facet normal  0.000000e+00  0.000000e+00  1.000000e+00
    outer loop
      vertex  7.477474e+02 -6.024191e+03  9.649990e+03
      vertex -3.343631e+03 -4.104540e+03  9.649990e+03
      vertex  7.340632e+02 -6.018835e+03  9.649990e+03
    endloop
  endfacet
  facet normal  0.000000e+00  0.000000e+00  1.000000e+00
    outer loop
      vertex  7.340632e+02 -6.018835e+03  9.649990e+03
      vertex -3.343631e+03 -4.104540e+03  9.649990e+03
      vertex  7.203804e+02 -6.013472e+03  9.649990e+03
    endloop
  endfacet
  facet normal  0.000000e+00  0.000000e+00  1.000000e+00
    outer loop
      vertex  7.203804e+02 -6.013472e+03  9.649990e+03
      vertex -3.343631e+03 -4.104540e+03  9.649990e+03
      vertex  7.066992e+02 -6.008101e+03  9.649990e+03
    endloop
  endfacet
  facet normal  0.000000e+00  0.000000e+00  1.000000e+00
    outer loop
      vertex  7.066992e+02 -6.008101e+03  9.649990e+03
      vertex -3.343631e+03 -4.104540e+03  9.649990e+03
      vertex  6.930193e+02 -6.002722e+03  9.649990e+03
    endloop
  endfacet
  facet normal  0.000000e+00  0.000000e+00  1.000000e+00
    outer loop
      vertex  6.930193e+02 -6.002722e+03  9.649990e+03
      vertex -3.343631e+03 -4.104540e+03  9.649990e+03
      vertex  6.793409e+02 -5.997335e+03  9.649990e+03
    endloop
  endfacet
  facet normal  0.000000e+00  0.000000e+00  1.000000e+00
    outer loop
      vertex  6.793409e+02 -5.997335e+03  9.649990e+03
      vertex -3.343631e+03 -4.104540e+03  9.649990e+03
      vertex  6.656640e+02 -5.991941e+03  9.649990e+03
    endloop
  endfacet
  facet normal  0.000000e+00  0.000000e+00  1.000000e+00
    outer loop
      vertex  6.656640e+02 -5.991941e+03  9.649990e+03
      vertex -3.343631e+03 -4.104540e+03  9.649990e+03
      vertex  6.519885e+02 -5.986540e+03  9.649990e+03
    endloop
  endfacet
  facet normal  0.000000e+00  0.000000e+00  1.000000e+00
    outer loop
      vertex  6.519885e+02 -5.986540e+03  9.649990e+03
      vertex -3.343631e+03 -4.104540e+03  9.649990e+03
      vertex  6.383145e+02 -5.981130e+03  9.649990e+03
    endloop
  endfacet
  facet normal  0.000000e+00  0.000000e+00  1.000000e+00
    outer loop
      vertex  6.383145e+02 -5.981130e+03  9.649990e+03
      vertex -3.343631e+03 -4.104540e+03  9.649990e+03
      vertex  6.246420e+02 -5.975714e+03  9.649990e+03
    endloop
  endfacet
  facet normal  0.000000e+00  0.000000e+00  9.999999e-01
    outer loop
      vertex  6.246420e+02 -5.975714e+03  9.649990e+03
      vertex -3.343631e+03 -4.104540e+03  9.649990e+03
      vertex  6.109709e+02 -5.970290e+03  9.649990e+03
    endloop
  endfacet
  facet normal  0.000000e+00  0.000000e+00  9.999999e-01
    outer loop
      vertex  6.109709e+02 -5.970290e+03  9.649990e+03
      vertex -3.343631e+03 -4.104540e+03  9.649990e+03
      vertex  5.973012e+02 -5.964857e+03  9.649990e+03
    endloop
  endfacet
  facet normal  0.000000e+00  0.000000e+00  1.000000e+00
    outer loop
      vertex  5.973012e+02 -5.964857e+03  9.649990e+03
      vertex -3.343631e+03 -4.104540e+03  9.649990e+03
      vertex  5.841212e+02 -5.959612e+03  9.649990e+03
    endloop
  endfacet
  facet normal  0.000000e+00  0.000000e+00  1.000000e+00
    outer loop
      vertex  5.841212e+02 -5.959612e+03  9.649990e+03
      vertex -3.343631e+03 -4.104540e+03  9.649990e+03
      vertex  5.709425e+02 -5.954360e+03  9.649990e+03
    endloop
  endfacet
  facet normal  0.000000e+00  0.000000e+00  1.000000e+00
    outer loop
      vertex  5.709425e+02 -5.954360e+03  9.649990e+03
      vertex -3.343631e+03 -4.104540e+03  9.649990e+03
      vertex  5.577651e+02 -5.949101e+03  9.649990e+03
    endloop
  endfacet
  facet normal  0.000000e+00  0.000000e+00  9.999999e-01
    outer loop
      vertex  5.577651e+02 -5.949101e+03  9.649990e+03
      vertex -3.343631e+03 -4.104540e+03  9.649990e+03
      vertex  5.445892e+02 -5.943835e+03  9.649990e+03
    endloop
  endfacet
  facet normal  0.000000e+00  0.000000e+00  9.999999e-01
    outer loop
      vertex  5.445892e+02 -5.943835e+03  9.649990e+03
      vertex -3.343631e+03 -4.104540e+03  9.649990e+03
      vertex  5.314146e+02 -5.938562e+03  9.649990e+03
    endloop
  endfacet
  facet normal  0.000000e+00  0.000000e+00  1.000000e+00
    outer loop
      vertex  5.314146e+02 -5.938562e+03  9.649990e+03
      vertex -3.343631e+03 -4.104540e+03  9.649990e+03
      vertex  5.182413e+02 -5.933282e+03  9.649990e+03
    endloop
  endfacet
  facet normal  0.000000e+00  0.000000e+00  1.000000e+00
    outer loop
      vertex  5.182413e+02 -5.933282e+03  9.649990e+03
      vertex -3.343631e+03 -4.104540e+03  9.649990e+03
      vertex  5.050694e+02 -5.927994e+03  9.649990e+03
    endloop
  endfacet
  facet normal  0.000000e+00  0.000000e+00  1.000000e+00
    outer loop
      vertex  5.050694e+02 -5.927994e+03  9.649990e+03
      vertex -3.343631e+03 -4.104540e+03  9.649990e+03
      vertex  4.918989e+02 -5.922700e+03  9.649990e+03
    endloop
  endfacet
  facet normal  0.000000e+00  0.000000e+00  1.000000e+00
    outer loop
      vertex  4.918989e+02 -5.922700e+03  9.649990e+03
      vertex -3.343631e+03 -4.104540e+03  9.649990e+03
      vertex  4.787298e+02 -5.917399e+03  9.649990e+03
    endloop
  endfacet
  facet normal  0.000000e+00  0.000000e+00  9.999999e-01
    outer loop
      vertex  4.787298e+02 -5.917399e+03  9.649990e+03
      vertex -3.343631e+03 -4.104540e+03  9.649990e+03
      vertex  4.655620e+02 -5.912091e+03  9.649990e+03
    endloop
  endfacet
  facet normal  0.000000e+00  0.000000e+00  1.000000e+00
    outer loop
      vertex  4.655620e+02 -5.912091e+03  9.649990e+03
      vertex -3.343631e+03 -4.104540e+03  9.649990e+03
      vertex  4.523955e+02 -5.906775e+03  9.649990e+03
    endloop
  endfacet
  facet normal  0.000000e+00  0.000000e+00  1.000000e+00
    outer loop
      vertex  4.523955e+02 -5.906775e+03  9.649990e+03
      vertex -3.343631e+03 -4.104540e+03  9.649990e+03
      vertex  4.392304e+02 -5.901454e+03  9.649990e+03
    endloop
  endfacet
  facet normal  0.000000e+00  0.000000e+00  1.000000e+00
    outer loop
      vertex  4.392304e+02 -5.901454e+03  9.649990e+03
      vertex -3.343631e+03 -4.104540e+03  9.649990e+03
      vertex  4.260667e+02 -5.896125e+03  9.649990e+03
    endloop
  endfacet
  facet normal  0.000000e+00  0.000000e+00  9.999999e-01
    outer loop
      vertex  4.260667e+02 -5.896125e+03  9.649990e+03
      vertex -3.343631e+03 -4.104540e+03  9.649990e+03
      vertex  4.129044e+02 -5.890789e+03  9.649990e+03
    endloop
  endfacet
  facet normal  0.000000e+00  0.000000e+00  1.000000e+00
    outer loop
      vertex  4.129044e+02 -5.890789e+03  9.649990e+03
      vertex -3.343631e+03 -4.104540e+03  9.649990e+03
      vertex  4.007558e+02 -5.885856e+03  9.649990e+03
    endloop
  endfacet
  facet normal  0.000000e+00  0.000000e+00  1.000000e+00
    outer loop
      vertex  4.007558e+02 -5.885856e+03  9.649990e+03
      vertex -3.343631e+03 -4.104540e+03  9.649990e+03
      vertex  3.886083e+02 -5.880919e+03  9.649990e+03
    endloop
  endfacet
  facet normal  0.000000e+00  0.000000e+00  1.000000e+00
    outer loop
      vertex  3.886083e+02 -5.880919e+03  9.649990e+03
      vertex -3.343631e+03 -4.104540e+03  9.649990e+03
      vertex  3.764620e+02 -5.875976e+03  9.649990e+03
    endloop
  endfacet
  facet normal  0.000000e+00  0.000000e+00  1.000000e+00
    outer loop
      vertex  3.764620e+02 -5.875976e+03  9.649990e+03
      vertex -3.343631e+03 -4.104540e+03  9.649990e+03
      vertex  3.643168e+02 -5.871026e+03  9.649990e+03
    endloop
  endfacet
  facet normal  0.000000e+00  0.000000e+00  1.000000e+00
    outer loop
      vertex  3.643168e+02 -5.871026e+03  9.649990e+03
      vertex -3.343631e+03 -4.104540e+03  9.649990e+03
      vertex  3.521729e+02 -5.866070e+03  9.649990e+03
    endloop
  endfacet
  facet normal  0.000000e+00  0.000000e+00  1.000000e+00
    outer loop
      vertex  3.521729e+02 -5.866070e+03  9.649990e+03
      vertex -3.343631e+03 -4.104540e+03  9.649990e+03
      vertex  3.400300e+02 -5.861109e+03  9.649990e+03
    endloop
  endfacet
  facet normal  0.000000e+00  0.000000e+00  1.000000e+00
    outer loop
      vertex  3.400300e+02 -5.861109e+03  9.649990e+03
      vertex -3.343631e+03 -4.104540e+03  9.649990e+03
      vertex  3.278884e+02 -5.856142e+03  9.649990e+03
    endloop
  endfacet
  facet normal  0.000000e+00  0.000000e+00  1.000000e+00
    outer loop
      vertex  3.278884e+02 -5.856142e+03  9.649990e+03
      vertex -3.343631e+03 -4.104540e+03  9.649990e+03
      vertex  3.208078e+02 -5.853243e+03  9.649990e+03
    endloop
  endfacet
  facet normal  0.000000e+00  0.000000e+00  1.000000e+00
    outer loop
      vertex  3.208078e+02 -5.853243e+03  9.649990e+03
      vertex -3.343631e+03 -4.104540e+03  9.649990e+03
      vertex  3.137277e+02 -5.850341e+03  9.649990e+03
    endloop
  endfacet
  facet normal  0.000000e+00  0.000000e+00  1.000000e+00
    outer loop
      vertex  3.137277e+02 -5.850341e+03  9.649990e+03
      vertex -3.343631e+03 -4.104540e+03  9.649990e+03
      vertex  3.066448e+02 -5.847436e+03  9.649990e+03
    endloop
  endfacet
  facet normal  0.000000e+00  0.000000e+00  1.000000e+00
    outer loop
      vertex  3.066448e+02 -5.847436e+03  9.649990e+03
      vertex -3.343631e+03 -4.104540e+03  9.649990e+03
      vertex  2.995624e+02 -5.844529e+03  9.649990e+03
    endloop
  endfacet
  facet normal  0.000000e+00  0.000000e+00  1.000000e+00
    outer loop
      vertex  2.995624e+02 -5.844529e+03  9.649990e+03
      vertex -3.343631e+03 -4.104540e+03  9.649990e+03
      vertex  2.854018e+02 -5.838711e+03  9.649990e+03
    endloop
  endfacet
  facet normal  0.000000e+00  0.000000e+00  1.000000e+00
    outer loop
      vertex  2.854018e+02 -5.838711e+03  9.649990e+03
      vertex -3.343631e+03 -4.104540e+03  9.649990e+03
      vertex  2.712427e+02 -5.832884e+03  9.649990e+03
    endloop
  endfacet
  facet normal  0.000000e+00  0.000000e+00  1.000000e+00
    outer loop
      vertex  2.712427e+02 -5.832884e+03  9.649990e+03
      vertex -3.343631e+03 -4.104540e+03  9.649990e+03
      vertex  2.570853e+02 -5.827050e+03  9.649990e+03
    endloop
  endfacet
  facet normal  0.000000e+00  0.000000e+00  1.000000e+00
    outer loop
      vertex  2.570853e+02 -5.827050e+03  9.649990e+03
      vertex -3.343631e+03 -4.104540e+03  9.649990e+03
      vertex  2.429295e+02 -5.821208e+03  9.649990e+03
    endloop
  endfacet
  facet normal  0.000000e+00  0.000000e+00  1.000000e+00
    outer loop
      vertex  2.429295e+02 -5.821208e+03  9.649990e+03
      vertex -3.343631e+03 -4.104540e+03  9.649990e+03
      vertex  2.287867e+02 -5.815362e+03  9.649990e+03
    endloop
  endfacet
  facet normal  0.000000e+00  0.000000e+00  9.999999e-01
    outer loop
      vertex  2.287867e+02 -5.815362e+03  9.649990e+03
      vertex -3.343631e+03 -4.104540e+03  9.649990e+03
      vertex  2.146456e+02 -5.809508e+03  9.649990e+03
    endloop
  endfacet
  facet normal  0.000000e+00  0.000000e+00  1.000000e+00
    outer loop
      vertex  2.146456e+02 -5.809508e+03  9.649990e+03
      vertex -3.343631e+03 -4.104540e+03  9.649990e+03
      vertex  2.005061e+02 -5.803647e+03  9.649990e+03
    endloop
  endfacet
  facet normal  0.000000e+00  0.000000e+00  1.000000e+00
    outer loop
      vertex  2.005061e+02 -5.803647e+03  9.649990e+03
      vertex -3.343631e+03 -4.104540e+03  9.649990e+03
      vertex  1.863681e+02 -5.797778e+03  9.649990e+03
    endloop
  endfacet
  facet normal  0.000000e+00  0.000000e+00  9.999999e-01
    outer loop
      vertex  1.863681e+02 -5.797778e+03  9.649990e+03
      vertex -3.343631e+03 -4.104540e+03  9.649990e+03
      vertex  1.722318e+02 -5.791900e+03  9.649990e+03
    endloop
  endfacet
  facet normal  0.000000e+00  0.000000e+00  1.000000e+00
    outer loop
      vertex  1.722318e+02 -5.791900e+03  9.649990e+03
      vertex -3.343631e+03 -4.104540e+03  9.649990e+03
      vertex  1.580970e+02 -5.786015e+03  9.649990e+03
    endloop
  endfacet
  facet normal  0.000000e+00  0.000000e+00  1.000000e+00
    outer loop
      vertex  1.580970e+02 -5.786015e+03  9.649990e+03
      vertex -3.343631e+03 -4.104540e+03  9.649990e+03
      vertex  1.439638e+02 -5.780122e+03  9.649990e+03
    endloop
  endfacet
  facet normal  0.000000e+00  0.000000e+00  1.000000e+00
    outer loop
      vertex  1.439638e+02 -5.780122e+03  9.649990e+03
      vertex -3.343631e+03 -4.104540e+03  9.649990e+03
      vertex  1.298322e+02 -5.774221e+03  9.649990e+03
    endloop
  endfacet
  facet normal  0.000000e+00  0.000000e+00  1.000000e+00
    outer loop
      vertex  1.298322e+02 -5.774221e+03  9.649990e+03
      vertex -3.343631e+03 -4.104540e+03  9.649990e+03
      vertex  1.157022e+02 -5.768313e+03  9.649990e+03
    endloop
  endfacet
  facet normal  0.000000e+00  0.000000e+00  1.000000e+00
    outer loop
      vertex  1.157022e+02 -5.768313e+03  9.649990e+03
      vertex -3.343631e+03 -4.104540e+03  9.649990e+03
      vertex  1.015738e+02 -5.762396e+03  9.649990e+03
    endloop
  endfacet
  facet normal  0.000000e+00  0.000000e+00  1.000000e+00
    outer loop
      vertex  1.015738e+02 -5.762396e+03  9.649990e+03
      vertex -3.343631e+03 -4.104540e+03  9.649990e+03
      vertex  8.744693e+01 -5.756472e+03  9.649990e+03
    endloop
  endfacet
  facet normal  0.000000e+00  0.000000e+00  1.000000e+00
    outer loop
      vertex  8.744693e+01 -5.756472e+03  9.649990e+03
      vertex -3.343631e+03 -4.104540e+03  9.649990e+03
      vertex  7.332168e+01 -5.750539e+03  9.649990e+03
    endloop
  endfacet
  facet normal  0.000000e+00  0.000000e+00  1.000000e+00
    outer loop
      vertex  7.332168e+01 -5.750539e+03  9.649990e+03
      vertex -3.343631e+03 -4.104540e+03  9.649990e+03
      vertex  5.919801e+01 -5.744599e+03  9.649990e+03
    endloop
  endfacet
  facet normal  0.000000e+00  0.000000e+00  1.000000e+00
    outer loop
      vertex  5.919801e+01 -5.744599e+03  9.649990e+03
      vertex -3.343631e+03 -4.104540e+03  9.649990e+03
      vertex  4.507593e+01 -5.738651e+03  9.649990e+03
    endloop
  endfacet
  facet normal  0.000000e+00  0.000000e+00  1.000000e+00
    outer loop
      vertex  4.507593e+01 -5.738651e+03  9.649990e+03
      vertex -3.343631e+03 -4.104540e+03  9.649990e+03
      vertex  3.095544e+01 -5.732695e+03  9.649990e+03
    endloop
  endfacet
  facet normal  0.000000e+00  0.000000e+00  1.000000e+00
    outer loop
      vertex  3.095544e+01 -5.732695e+03  9.649990e+03
      vertex -3.343631e+03 -4.104540e+03  9.649990e+03
      vertex  1.683654e+01 -5.726732e+03  9.649990e+03
    endloop
  endfacet
  facet normal  0.000000e+00  0.000000e+00  1.000000e+00
    outer loop
      vertex  1.683654e+01 -5.726732e+03  9.649990e+03
      vertex -3.343631e+03 -4.104540e+03  9.649990e+03
      vertex  2.719218e+00 -5.720761e+03  9.649990e+03
    endloop
  endfacet
  facet normal  0.000000e+00  0.000000e+00  1.000000e+00
    outer loop
      vertex  2.719218e+00 -5.720761e+03  9.649990e+03
      vertex -3.343631e+03 -4.104540e+03  9.649990e+03
      vertex -1.139651e+01 -5.714781e+03  9.649990e+03
    endloop
  endfacet
  facet normal  0.000000e+00  0.000000e+00  1.000000e+00
    outer loop
      vertex -1.139651e+01 -5.714781e+03  9.649990e+03
      vertex -3.343631e+03 -4.104540e+03  9.649990e+03
      vertex -2.551065e+01 -5.708794e+03  9.649990e+03
    endloop
  endfacet
  facet normal  0.000000e+00  0.000000e+00  9.999999e-01
    outer loop
      vertex -2.551065e+01 -5.708794e+03  9.649990e+03
      vertex -3.343631e+03 -4.104540e+03  9.649990e+03
      vertex -3.962321e+01 -5.702800e+03  9.649990e+03
    endloop
  endfacet
  facet normal  0.000000e+00  0.000000e+00  1.000000e+00
    outer loop
      vertex -3.962321e+01 -5.702800e+03  9.649990e+03
      vertex -3.343631e+03 -4.104540e+03  9.649990e+03
      vertex -5.373418e+01 -5.696798e+03  9.649990e+03
    endloop
  endfacet
  facet normal  0.000000e+00  0.000000e+00  1.000000e+00
    outer loop
      vertex -5.373418e+01 -5.696798e+03  9.649990e+03
      vertex -3.343631e+03 -4.104540e+03  9.649990e+03
      vertex -6.784357e+01 -5.690788e+03  9.649990e+03
    endloop
  endfacet
  facet normal  0.000000e+00  0.000000e+00  1.000000e+00
    outer loop
      vertex -6.784357e+01 -5.690788e+03  9.649990e+03
      vertex -3.343631e+03 -4.104540e+03  9.649990e+03
      vertex -8.195136e+01 -5.684770e+03  9.649990e+03
    endloop
  endfacet
  facet normal  0.000000e+00  0.000000e+00  1.000000e+00
    outer loop
      vertex -8.195136e+01 -5.684770e+03  9.649990e+03
      vertex -3.343631e+03 -4.104540e+03  9.649990e+03
      vertex -9.605758e+01 -5.678745e+03  9.649990e+03
    endloop
  endfacet
  facet normal  0.000000e+00  0.000000e+00  1.000000e+00
    outer loop
      vertex -9.605758e+01 -5.678745e+03  9.649990e+03
      vertex -3.343631e+03 -4.104540e+03  9.649990e+03
      vertex -1.101622e+02 -5.672711e+03  9.649990e+03
    endloop
  endfacet
  facet normal  0.000000e+00  0.000000e+00  1.000000e+00
    outer loop
      vertex -1.101622e+02 -5.672711e+03  9.649990e+03
      vertex -3.343631e+03 -4.104540e+03  9.649990e+03
      vertex -1.237228e+02 -5.666903e+03  9.649990e+03
    endloop
  endfacet
  facet normal  0.000000e+00  0.000000e+00  9.999999e-01
    outer loop
      vertex -1.237228e+02 -5.666903e+03  9.649990e+03
      vertex -3.343631e+03 -4.104540e+03  9.649990e+03
      vertex -1.372820e+02 -5.661087e+03  9.649990e+03
    endloop
  endfacet
  facet normal  0.000000e+00  0.000000e+00  1.000000e+00
    outer loop
      vertex -1.372820e+02 -5.661087e+03  9.649990e+03
      vertex -3.343631e+03 -4.104540e+03  9.649990e+03
      vertex -1.508398e+02 -5.655265e+03  9.649990e+03
    endloop
  endfacet
  facet normal  0.000000e+00  0.000000e+00  1.000000e+00
    outer loop
      vertex -1.508398e+02 -5.655265e+03  9.649990e+03
      vertex -3.343631e+03 -4.104540e+03  9.649990e+03
      vertex -1.643960e+02 -5.649435e+03  9.649990e+03
    endloop
  endfacet
  facet normal  0.000000e+00  0.000000e+00  1.000000e+00
    outer loop
      vertex -1.643960e+02 -5.649435e+03  9.649990e+03
      vertex -3.343631e+03 -4.104540e+03  9.649990e+03
      vertex -1.779508e+02 -5.643599e+03  9.649990e+03
    endloop
  endfacet
  facet normal  0.000000e+00  0.000000e+00  1.000000e+00
    outer loop
      vertex -1.779508e+02 -5.643599e+03  9.649990e+03
      vertex -3.343631e+03 -4.104540e+03  9.649990e+03
      vertex -1.915041e+02 -5.637755e+03  9.649990e+03
    endloop
  endfacet
  facet normal  0.000000e+00  0.000000e+00  1.000000e+00
    outer loop
      vertex -1.915041e+02 -5.637755e+03  9.649990e+03
      vertex -3.343631e+03 -4.104540e+03  9.649990e+03
      vertex -2.050560e+02 -5.631904e+03  9.649990e+03
    endloop
  endfacet
  facet normal  0.000000e+00  0.000000e+00  1.000000e+00
    outer loop
      vertex -2.050560e+02 -5.631904e+03  9.649990e+03
      vertex -3.343631e+03 -4.104540e+03  9.649990e+03
      vertex -2.186064e+02 -5.626046e+03  9.649990e+03
    endloop
  endfacet
  facet normal  0.000000e+00  0.000000e+00  1.000000e+00
    outer loop
      vertex -2.186064e+02 -5.626046e+03  9.649990e+03
      vertex -3.343631e+03 -4.104540e+03  9.649990e+03
      vertex -2.321553e+02 -5.620182e+03  9.649990e+03
    endloop
  endfacet
  facet normal  0.000000e+00  0.000000e+00  1.000000e+00
    outer loop
      vertex -2.321553e+02 -5.620182e+03  9.649990e+03
      vertex -3.343631e+03 -4.104540e+03  9.649990e+03
      vertex -2.457028e+02 -5.614310e+03  9.649990e+03
    endloop
  endfacet
  facet normal  0.000000e+00  0.000000e+00  1.000000e+00
    outer loop
      vertex -2.457028e+02 -5.614310e+03  9.649990e+03
      vertex -3.343631e+03 -4.104540e+03  9.649990e+03
      vertex -2.592488e+02 -5.608431e+03  9.649990e+03
    endloop
  endfacet
  facet normal  0.000000e+00  0.000000e+00  1.000000e+00
    outer loop
      vertex -2.592488e+02 -5.608431e+03  9.649990e+03
      vertex -3.343631e+03 -4.104540e+03  9.649990e+03
      vertex -2.727933e+02 -5.602545e+03  9.649990e+03
    endloop
  endfacet
  facet normal  0.000000e+00  0.000000e+00  1.000000e+00
    outer loop
      vertex -2.727933e+02 -5.602545e+03  9.649990e+03
      vertex -3.343631e+03 -4.104540e+03  9.649990e+03
      vertex -2.863364e+02 -5.596652e+03  9.649990e+03
    endloop
  endfacet
  facet normal  0.000000e+00  0.000000e+00  1.000000e+00
    outer loop
      vertex -2.863364e+02 -5.596652e+03  9.649990e+03
      vertex -3.343631e+03 -4.104540e+03  9.649990e+03
      vertex -2.989108e+02 -5.591174e+03  9.649990e+03
    endloop
  endfacet
  facet normal  0.000000e+00  0.000000e+00  1.000000e+00
    outer loop
      vertex -2.989108e+02 -5.591174e+03  9.649990e+03
      vertex -3.343631e+03 -4.104540e+03  9.649990e+03
      vertex -3.114840e+02 -5.585690e+03  9.649990e+03
    endloop
  endfacet
  facet normal  0.000000e+00  0.000000e+00  1.000000e+00
    outer loop
      vertex -3.114840e+02 -5.585690e+03  9.649990e+03
      vertex -3.343631e+03 -4.104540e+03  9.649990e+03
      vertex -3.240559e+02 -5.580200e+03  9.649990e+03
    endloop
  endfacet
  facet normal  0.000000e+00  0.000000e+00  1.000000e+00
    outer loop
      vertex -3.240559e+02 -5.580200e+03  9.649990e+03
      vertex -3.343631e+03 -4.104540e+03  9.649990e+03
      vertex -3.366265e+02 -5.574704e+03  9.649990e+03
    endloop
  endfacet
  facet normal  0.000000e+00  0.000000e+00  9.999999e-01
    outer loop
      vertex -3.366265e+02 -5.574704e+03  9.649990e+03
      vertex -3.343631e+03 -4.104540e+03  9.649990e+03
      vertex -3.491959e+02 -5.569202e+03  9.649990e+03
    endloop
  endfacet
  facet normal  0.000000e+00  0.000000e+00  1.000000e+00
    outer loop
      vertex -3.491959e+02 -5.569202e+03  9.649990e+03
      vertex -3.343631e+03 -4.104540e+03  9.649990e+03
      vertex -3.617640e+02 -5.563694e+03  9.649990e+03
    endloop
  endfacet
  facet normal  0.000000e+00  0.000000e+00  9.999999e-01
    outer loop
      vertex -3.617640e+02 -5.563694e+03  9.649990e+03
      vertex -3.343631e+03 -4.104540e+03  9.649990e+03
      vertex -3.743309e+02 -5.558181e+03  9.649990e+03
    endloop
  endfacet
  facet normal  0.000000e+00  0.000000e+00  1.000000e+00
    outer loop
      vertex -3.743309e+02 -5.558181e+03  9.649990e+03
      vertex -3.343631e+03 -4.104540e+03  9.649990e+03
      vertex -3.853259e+02 -5.553351e+03  9.649990e+03
    endloop
  endfacet
  facet normal  0.000000e+00  0.000000e+00  1.000000e+00
    outer loop
      vertex -3.853259e+02 -5.553351e+03  9.649990e+03
      vertex -3.343631e+03 -4.104540e+03  9.649990e+03
      vertex -3.963199e+02 -5.548517e+03  9.649990e+03
    endloop
  endfacet
  facet normal  0.000000e+00  0.000000e+00  1.000000e+00
    outer loop
      vertex -3.963199e+02 -5.548517e+03  9.649990e+03
      vertex -3.343631e+03 -4.104540e+03  9.649990e+03
      vertex -4.073130e+02 -5.543679e+03  9.649990e+03
    endloop
  endfacet
  facet normal  0.000000e+00  0.000000e+00  1.000000e+00
    outer loop
      vertex -4.073130e+02 -5.543679e+03  9.649990e+03
      vertex -3.343631e+03 -4.104540e+03  9.649990e+03
      vertex -4.183051e+02 -5.538835e+03  9.649990e+03
    endloop
  endfacet
  facet normal  0.000000e+00  0.000000e+00  1.000000e+00
    outer loop
      vertex -4.183051e+02 -5.538835e+03  9.649990e+03
      vertex -3.343631e+03 -4.104540e+03  9.649990e+03
      vertex -4.256326e+02 -5.535604e+03  9.649990e+03
    endloop
  endfacet
  facet normal  0.000000e+00  0.000000e+00  1.000000e+00
    outer loop
      vertex -4.256326e+02 -5.535604e+03  9.649990e+03
      vertex -3.343631e+03 -4.104540e+03  9.649990e+03
      vertex -4.329597e+02 -5.532371e+03  9.649990e+03
    endloop
  endfacet
  facet normal  0.000000e+00  0.000000e+00  1.000000e+00
    outer loop
      vertex -4.329597e+02 -5.532371e+03  9.649990e+03
      vertex -3.343631e+03 -4.104540e+03  9.649990e+03
      vertex -4.402864e+02 -5.529136e+03  9.649990e+03
    endloop
  endfacet
  facet normal  0.000000e+00  0.000000e+00  1.000000e+00
    outer loop
      vertex -4.402864e+02 -5.529136e+03  9.649990e+03
      vertex -3.343631e+03 -4.104540e+03  9.649990e+03
      vertex -4.476126e+02 -5.525898e+03  9.649990e+03
    endloop
  endfacet
  facet normal  0.000000e+00  0.000000e+00  1.000000e+00
    outer loop
      vertex -4.476126e+02 -5.525898e+03  9.649990e+03
      vertex -3.343631e+03 -4.104540e+03  9.649990e+03
      vertex -4.549385e+02 -5.522659e+03  9.649990e+03
    endloop
  endfacet
  facet normal  0.000000e+00  0.000000e+00  1.000000e+00
    outer loop
      vertex -4.549385e+02 -5.522659e+03  9.649990e+03
      vertex -3.343631e+03 -4.104540e+03  9.649990e+03
      vertex -4.622639e+02 -5.519418e+03  9.649990e+03
    endloop
  endfacet
  facet normal  0.000000e+00  0.000000e+00  1.000000e+00
    outer loop
      vertex -4.622639e+02 -5.519418e+03  9.649990e+03
      vertex -3.343631e+03 -4.104540e+03  9.649990e+03
      vertex -4.760857e+02 -5.513296e+03  9.649990e+03
    endloop
  endfacet
  facet normal  0.000000e+00  0.000000e+00  9.999999e-01
    outer loop
      vertex -4.760857e+02 -5.513296e+03  9.649990e+03
      vertex -3.343631e+03 -4.104540e+03  9.649990e+03
      vertex -4.899060e+02 -5.507168e+03  9.649990e+03
    endloop
  endfacet
  facet normal  0.000000e+00  0.000000e+00  1.000000e+00
    outer loop
      vertex -4.899060e+02 -5.507168e+03  9.649990e+03
      vertex -3.343631e+03 -4.104540e+03  9.649990e+03
      vertex -5.037248e+02 -5.501032e+03  9.649990e+03
    endloop
  endfacet
  facet normal  0.000000e+00  0.000000e+00  1.000000e+00
    outer loop
      vertex -5.037248e+02 -5.501032e+03  9.649990e+03
      vertex -3.343631e+03 -4.104540e+03  9.649990e+03
      vertex -5.175421e+02 -5.494889e+03  9.649990e+03
    endloop
  endfacet
  facet normal  0.000000e+00  0.000000e+00  1.000000e+00
    outer loop
      vertex -5.175421e+02 -5.494889e+03  9.649990e+03
      vertex -3.343631e+03 -4.104540e+03  9.649990e+03
      vertex -5.313578e+02 -5.488739e+03  9.649990e+03
    endloop
  endfacet
  facet normal  0.000000e+00  0.000000e+00  9.999999e-01
    outer loop
      vertex -5.313578e+02 -5.488739e+03  9.649990e+03
      vertex -3.343631e+03 -4.104540e+03  9.649990e+03
      vertex -5.451721e+02 -5.482583e+03  9.649990e+03
    endloop
  endfacet
  facet normal  0.000000e+00  0.000000e+00  9.999999e-01
    outer loop
      vertex -5.451721e+02 -5.482583e+03  9.649990e+03
      vertex -3.343631e+03 -4.104540e+03  9.649990e+03
      vertex -5.589848e+02 -5.476418e+03  9.649990e+03
    endloop
  endfacet
  facet normal  0.000000e+00  0.000000e+00  9.999999e-01
    outer loop
      vertex -5.589848e+02 -5.476418e+03  9.649990e+03
      vertex -3.343631e+03 -4.104540e+03  9.649990e+03
      vertex -5.727961e+02 -5.470248e+03  9.649990e+03
    endloop
  endfacet
  facet normal  0.000000e+00  0.000000e+00  1.000000e+00
    outer loop
      vertex -5.727961e+02 -5.470248e+03  9.649990e+03
      vertex -3.343631e+03 -4.104540e+03  9.649990e+03
      vertex -5.866058e+02 -5.464070e+03  9.649990e+03
    endloop
  endfacet
  facet normal  0.000000e+00  0.000000e+00  9.999999e-01
    outer loop
      vertex -5.866058e+02 -5.464070e+03  9.649990e+03
      vertex -3.343631e+03 -4.104540e+03  9.649990e+03
      vertex -6.004140e+02 -5.457885e+03  9.649990e+03
    endloop
  endfacet
  facet normal  0.000000e+00  0.000000e+00  1.000000e+00
    outer loop
      vertex -6.004140e+02 -5.457885e+03  9.649990e+03
      vertex -3.343631e+03 -4.104540e+03  9.649990e+03
      vertex -6.142208e+02 -5.451693e+03  9.649990e+03
    endloop
  endfacet
  facet normal  0.000000e+00  0.000000e+00  1.000000e+00
    outer loop
      vertex -6.142208e+02 -5.451693e+03  9.649990e+03
      vertex -3.343631e+03 -4.104540e+03  9.649990e+03
      vertex -6.280260e+02 -5.445494e+03  9.649990e+03
    endloop
  endfacet
  facet normal  0.000000e+00  0.000000e+00  1.000000e+00
    outer loop
      vertex -6.280260e+02 -5.445494e+03  9.649990e+03
      vertex -3.343631e+03 -4.104540e+03  9.649990e+03
      vertex -6.418297e+02 -5.439289e+03  9.649990e+03
    endloop
  endfacet
  facet normal  0.000000e+00  0.000000e+00  1.000000e+00
    outer loop
      vertex -6.418297e+02 -5.439289e+03  9.649990e+03
      vertex -3.343631e+03 -4.104540e+03  9.649990e+03
      vertex -6.556319e+02 -5.433076e+03  9.649990e+03
    endloop
  endfacet
  facet normal  0.000000e+00  0.000000e+00  1.000000e+00
    outer loop
      vertex -6.556319e+02 -5.433076e+03  9.649990e+03
      vertex -3.343631e+03 -4.104540e+03  9.649990e+03
      vertex -6.630633e+02 -5.429728e+03  9.649990e+03
    endloop
  endfacet
  facet normal  0.000000e+00  0.000000e+00  9.999999e-01
    outer loop
      vertex -6.630633e+02 -5.429728e+03  9.649990e+03
      vertex -3.343631e+03 -4.104540e+03  9.649990e+03
      vertex -6.704942e+02 -5.426377e+03  9.649990e+03
    endloop
  endfacet
  facet normal  0.000000e+00  0.000000e+00  1.000000e+00
    outer loop
      vertex -6.704942e+02 -5.426377e+03  9.649990e+03
      vertex -3.343631e+03 -4.104540e+03  9.649990e+03
      vertex -6.853547e+02 -5.419671e+03  9.649990e+03
    endloop
  endfacet
  facet normal  0.000000e+00  0.000000e+00  1.000000e+00
    outer loop
      vertex -6.853547e+02 -5.419671e+03  9.649990e+03
      vertex -3.343631e+03 -4.104540e+03  9.649990e+03
      vertex -7.002135e+02 -5.412957e+03  9.649990e+03
    endloop
  endfacet
  facet normal  0.000000e+00  0.000000e+00  1.000000e+00
    outer loop
      vertex -7.002135e+02 -5.412957e+03  9.649990e+03
      vertex -3.343631e+03 -4.104540e+03  9.649990e+03
      vertex -7.150706e+02 -5.406235e+03  9.649990e+03
    endloop
  endfacet
  facet normal  0.000000e+00  0.000000e+00  9.999999e-01
    outer loop
      vertex -7.150706e+02 -5.406235e+03  9.649990e+03
      vertex -3.343631e+03 -4.104540e+03  9.649990e+03
      vertex -7.299259e+02 -5.399505e+03  9.649990e+03
    endloop
  endfacet
  facet normal  0.000000e+00  0.000000e+00  1.000000e+00
    outer loop
      vertex -7.299259e+02 -5.399505e+03  9.649990e+03
      vertex -3.343631e+03 -4.104540e+03  9.649990e+03
      vertex -7.447795e+02 -5.392767e+03  9.649990e+03
    endloop
  endfacet
  facet normal  0.000000e+00  0.000000e+00  1.000000e+00
    outer loop
      vertex -7.447795e+02 -5.392767e+03  9.649990e+03
      vertex -3.343631e+03 -4.104540e+03  9.649990e+03
      vertex -7.596314e+02 -5.386021e+03  9.649990e+03
    endloop
  endfacet
  facet normal  0.000000e+00  0.000000e+00  1.000000e+00
    outer loop
      vertex -7.596314e+02 -5.386021e+03  9.649990e+03
      vertex -3.343631e+03 -4.104540e+03  9.649990e+03
      vertex -7.744816e+02 -5.379267e+03  9.649990e+03
    endloop
  endfacet
  facet normal  0.000000e+00  0.000000e+00  1.000000e+00
    outer loop
      vertex -7.744816e+02 -5.379267e+03  9.649990e+03
      vertex -3.343631e+03 -4.104540e+03  9.649990e+03
      vertex -7.893300e+02 -5.372505e+03  9.649990e+03
    endloop
  endfacet
  facet normal  0.000000e+00  0.000000e+00  1.000000e+00
    outer loop
      vertex -7.893300e+02 -5.372505e+03  9.649990e+03
      vertex -3.343631e+03 -4.104540e+03  9.649990e+03
      vertex -8.041768e+02 -5.365736e+03  9.649990e+03
    endloop
  endfacet
  facet normal  0.000000e+00  0.000000e+00  1.000000e+00
    outer loop
      vertex -8.041768e+02 -5.365736e+03  9.649990e+03
      vertex -3.343631e+03 -4.104540e+03  9.649990e+03
      vertex -8.190218e+02 -5.358958e+03  9.649990e+03
    endloop
  endfacet
  facet normal  0.000000e+00  0.000000e+00  9.999999e-01
    outer loop
      vertex -8.190218e+02 -5.358958e+03  9.649990e+03
      vertex -3.343631e+03 -4.104540e+03  9.649990e+03
      vertex -8.338651e+02 -5.352174e+03  9.649990e+03
    endloop
  endfacet
  facet normal  0.000000e+00  0.000000e+00  1.000000e+00
    outer loop
      vertex -8.338651e+02 -5.352174e+03  9.649990e+03
      vertex -3.343631e+03 -4.104540e+03  9.649990e+03
      vertex -8.487067e+02 -5.345381e+03  9.649990e+03
    endloop
  endfacet
  facet normal  0.000000e+00  0.000000e+00  9.999999e-01
    outer loop
      vertex -8.487067e+02 -5.345381e+03  9.649990e+03
      vertex -3.343631e+03 -4.104540e+03  9.649990e+03
      vertex -8.630378e+02 -5.338813e+03  9.649990e+03
    endloop
  endfacet
  facet normal  0.000000e+00  0.000000e+00  1.000000e+00
    outer loop
      vertex -8.630378e+02 -5.338813e+03  9.649990e+03
      vertex -3.343631e+03 -4.104540e+03  9.649990e+03
      vertex -8.773674e+02 -5.332239e+03  9.649990e+03
    endloop
  endfacet
  facet normal  0.000000e+00  0.000000e+00  1.000000e+00
    outer loop
      vertex -8.773674e+02 -5.332239e+03  9.649990e+03
      vertex -3.343631e+03 -4.104540e+03  9.649990e+03
      vertex -8.916953e+02 -5.325657e+03  9.649990e+03
    endloop
  endfacet
  facet normal  0.000000e+00  0.000000e+00  1.000000e+00
    outer loop
      vertex -8.916953e+02 -5.325657e+03  9.649990e+03
      vertex -3.343631e+03 -4.104540e+03  9.649990e+03
      vertex -9.060217e+02 -5.319068e+03  9.649990e+03
    endloop
  endfacet
  facet normal  0.000000e+00  0.000000e+00  9.999999e-01
    outer loop
      vertex -9.060217e+02 -5.319068e+03  9.649990e+03
      vertex -3.343631e+03 -4.104540e+03  9.649990e+03
      vertex -9.203464e+02 -5.312473e+03  9.649990e+03
    endloop
  endfacet
  facet normal  0.000000e+00  0.000000e+00  1.000000e+00
    outer loop
      vertex -9.203464e+02 -5.312473e+03  9.649990e+03
      vertex -3.343631e+03 -4.104540e+03  9.649990e+03
      vertex -9.346697e+02 -5.305870e+03  9.649990e+03
    endloop
  endfacet
  facet normal  0.000000e+00  0.000000e+00  1.000000e+00
    outer loop
      vertex -9.346697e+02 -5.305870e+03  9.649990e+03
      vertex -3.343631e+03 -4.104540e+03  9.649990e+03
      vertex -9.489913e+02 -5.299259e+03  9.649990e+03
    endloop
  endfacet
  facet normal  0.000000e+00  0.000000e+00  1.000000e+00
    outer loop
      vertex -9.489913e+02 -5.299259e+03  9.649990e+03
      vertex -3.343631e+03 -4.104540e+03  9.649990e+03
      vertex -9.633113e+02 -5.292642e+03  9.649990e+03
    endloop
  endfacet
  facet normal  0.000000e+00  0.000000e+00  1.000000e+00
    outer loop
      vertex -9.633113e+02 -5.292642e+03  9.649990e+03
      vertex -3.343631e+03 -4.104540e+03  9.649990e+03
      vertex -9.776298e+02 -5.286018e+03  9.649990e+03
    endloop
  endfacet
  facet normal  0.000000e+00  0.000000e+00  9.999999e-01
    outer loop
      vertex -9.776298e+02 -5.286018e+03  9.649990e+03
      vertex -3.343631e+03 -4.104540e+03  9.649990e+03
      vertex -9.919468e+02 -5.279386e+03  9.649990e+03
    endloop
  endfacet
  facet normal  0.000000e+00  0.000000e+00  1.000000e+00
    outer loop
      vertex -9.919468e+02 -5.279386e+03  9.649990e+03
      vertex -3.343631e+03 -4.104540e+03  9.649990e+03
      vertex -1.006262e+03 -5.272748e+03  9.649990e+03
    endloop
  endfacet
  facet normal  0.000000e+00  0.000000e+00  1.000000e+00
    outer loop
      vertex -1.006262e+03 -5.272748e+03  9.649990e+03
      vertex -3.343631e+03 -4.104540e+03  9.649990e+03
      vertex -1.020576e+03 -5.266102e+03  9.649990e+03
    endloop
  endfacet
  facet normal  0.000000e+00  0.000000e+00  1.000000e+00
    outer loop
      vertex -1.020576e+03 -5.266102e+03  9.649990e+03
      vertex -3.343631e+03 -4.104540e+03  9.649990e+03
      vertex -1.034888e+03 -5.259450e+03  9.649990e+03
    endloop
  endfacet
  facet normal  0.000000e+00  0.000000e+00  1.000000e+00
    outer loop
      vertex -1.034888e+03 -5.259450e+03  9.649990e+03
      vertex -3.343631e+03 -4.104540e+03  9.649990e+03
      vertex -1.049199e+03 -5.252790e+03  9.649990e+03
    endloop
  endfacet
  facet normal  0.000000e+00  0.000000e+00  1.000000e+00
    outer loop
      vertex -1.049199e+03 -5.252790e+03  9.649990e+03
      vertex -3.343631e+03 -4.104540e+03  9.649990e+03
      vertex -1.059472e+03 -5.248005e+03  9.649990e+03
    endloop
  endfacet
  facet normal  0.000000e+00  0.000000e+00  1.000000e+00
    outer loop
      vertex -1.059472e+03 -5.248005e+03  9.649990e+03
      vertex -3.343631e+03 -4.104540e+03  9.649990e+03
      vertex -1.069745e+03 -5.243216e+03  9.649990e+03
    endloop
  endfacet
  facet normal  0.000000e+00  0.000000e+00  1.000000e+00
    outer loop
      vertex -1.069745e+03 -5.243216e+03  9.649990e+03
      vertex -3.343631e+03 -4.104540e+03  9.649990e+03
      vertex -1.080017e+03 -5.238423e+03  9.649990e+03
    endloop
  endfacet
  facet normal  0.000000e+00  0.000000e+00  1.000000e+00
    outer loop
      vertex -1.080017e+03 -5.238423e+03  9.649990e+03
      vertex -3.343631e+03 -4.104540e+03  9.649990e+03
      vertex -1.087720e+03 -5.234826e+03  9.649990e+03
    endloop
  endfacet
  facet normal  0.000000e+00  0.000000e+00  1.000000e+00
    outer loop
      vertex -1.087720e+03 -5.234826e+03  9.649990e+03
      vertex -3.343631e+03 -4.104540e+03  9.649990e+03
      vertex -1.095423e+03 -5.231228e+03  9.649990e+03
    endloop
  endfacet
  facet normal  0.000000e+00  0.000000e+00  1.000000e+00
    outer loop
      vertex -1.095423e+03 -5.231228e+03  9.649990e+03
      vertex -3.343631e+03 -4.104540e+03  9.649990e+03
      vertex -1.110827e+03 -5.224024e+03  9.649990e+03
    endloop
  endfacet
  facet normal  0.000000e+00  0.000000e+00  1.000000e+00
    outer loop
      vertex -1.110827e+03 -5.224024e+03  9.649990e+03
      vertex -3.343631e+03 -4.104540e+03  9.649990e+03
      vertex -1.126230e+03 -5.216813e+03  9.649990e+03
    endloop
  endfacet
  facet normal  0.000000e+00  0.000000e+00  1.000000e+00
    outer loop
      vertex -1.126230e+03 -5.216813e+03  9.649990e+03
      vertex -3.343631e+03 -4.104540e+03  9.649990e+03
      vertex -1.141630e+03 -5.209593e+03  9.649990e+03
    endloop
  endfacet
  facet normal  0.000000e+00  0.000000e+00  1.000000e+00
    outer loop
      vertex -1.141630e+03 -5.209593e+03  9.649990e+03
      vertex -3.343631e+03 -4.104540e+03  9.649990e+03
      vertex -1.157030e+03 -5.202366e+03  9.649990e+03
    endloop
  endfacet
  facet normal  0.000000e+00  0.000000e+00  9.999999e-01
    outer loop
      vertex -1.157030e+03 -5.202366e+03  9.649990e+03
      vertex -3.343631e+03 -4.104540e+03  9.649990e+03
      vertex -1.172427e+03 -5.195130e+03  9.649990e+03
    endloop
  endfacet
  facet normal  0.000000e+00  0.000000e+00  1.000000e+00
    outer loop
      vertex -1.172427e+03 -5.195130e+03  9.649990e+03
      vertex -3.343631e+03 -4.104540e+03  9.649990e+03
      vertex -1.187822e+03 -5.187888e+03  9.649990e+03
    endloop
  endfacet
  facet normal  0.000000e+00  0.000000e+00  1.000000e+00
    outer loop
      vertex -1.187822e+03 -5.187888e+03  9.649990e+03
      vertex -3.343631e+03 -4.104540e+03  9.649990e+03
      vertex -1.203216e+03 -5.180637e+03  9.649990e+03
    endloop
  endfacet
  facet normal  0.000000e+00  0.000000e+00  1.000000e+00
    outer loop
      vertex -1.203216e+03 -5.180637e+03  9.649990e+03
      vertex -3.343631e+03 -4.104540e+03  9.649990e+03
      vertex -1.218608e+03 -5.173378e+03  9.649990e+03
    endloop
  endfacet
  facet normal  0.000000e+00  0.000000e+00  1.000000e+00
    outer loop
      vertex -1.218608e+03 -5.173378e+03  9.649990e+03
      vertex -3.343631e+03 -4.104540e+03  9.649990e+03
      vertex -1.233998e+03 -5.166111e+03  9.649990e+03
    endloop
  endfacet
  facet normal  0.000000e+00  0.000000e+00  1.000000e+00
    outer loop
      vertex -1.233998e+03 -5.166111e+03  9.649990e+03
      vertex -3.343631e+03 -4.104540e+03  9.649990e+03
      vertex -1.248795e+03 -5.159117e+03  9.649990e+03
    endloop
  endfacet
  facet normal  0.000000e+00  0.000000e+00  9.999999e-01
    outer loop
      vertex -1.248795e+03 -5.159117e+03  9.649990e+03
      vertex -3.343631e+03 -4.104540e+03  9.649990e+03
      vertex -1.263590e+03 -5.152116e+03  9.649990e+03
    endloop
  endfacet
  facet normal  0.000000e+00  0.000000e+00  1.000000e+00
    outer loop
      vertex -1.263590e+03 -5.152116e+03  9.649990e+03
      vertex -3.343631e+03 -4.104540e+03  9.649990e+03
      vertex -1.278383e+03 -5.145107e+03  9.649990e+03
    endloop
  endfacet
  facet normal  0.000000e+00  0.000000e+00  1.000000e+00
    outer loop
      vertex -1.278383e+03 -5.145107e+03  9.649990e+03
      vertex -3.343631e+03 -4.104540e+03  9.649990e+03
      vertex -1.293175e+03 -5.138092e+03  9.649990e+03
    endloop
  endfacet
  facet normal  0.000000e+00  0.000000e+00  1.000000e+00
    outer loop
      vertex -1.293175e+03 -5.138092e+03  9.649990e+03
      vertex -3.343631e+03 -4.104540e+03  9.649990e+03
      vertex -1.307965e+03 -5.131069e+03  9.649990e+03
    endloop
  endfacet
  facet normal  0.000000e+00  0.000000e+00  1.000000e+00
    outer loop
      vertex -1.307965e+03 -5.131069e+03  9.649990e+03
      vertex -3.343631e+03 -4.104540e+03  9.649990e+03
      vertex -1.322754e+03 -5.124040e+03  9.649990e+03
    endloop
  endfacet
  facet normal  0.000000e+00  0.000000e+00  9.999999e-01
    outer loop
      vertex -1.322754e+03 -5.124040e+03  9.649990e+03
      vertex -3.343631e+03 -4.104540e+03  9.649990e+03
      vertex -1.337541e+03 -5.117002e+03  9.649990e+03
    endloop
  endfacet
  facet normal  0.000000e+00  0.000000e+00  1.000000e+00
    outer loop
      vertex -1.337541e+03 -5.117002e+03  9.649990e+03
      vertex -3.343631e+03 -4.104540e+03  9.649990e+03
      vertex -1.352326e+03 -5.109959e+03  9.649990e+03
    endloop
  endfacet
  facet normal  0.000000e+00  0.000000e+00  1.000000e+00
    outer loop
      vertex -1.352326e+03 -5.109959e+03  9.649990e+03
      vertex -3.343631e+03 -4.104540e+03  9.649990e+03
      vertex -1.367110e+03 -5.102908e+03  9.649990e+03
    endloop
  endfacet
  facet normal  0.000000e+00  0.000000e+00  1.000000e+00
    outer loop
      vertex -1.367110e+03 -5.102908e+03  9.649990e+03
      vertex -3.343631e+03 -4.104540e+03  9.649990e+03
      vertex -1.381892e+03 -5.095851e+03  9.649990e+03
    endloop
  endfacet
  facet normal  0.000000e+00  0.000000e+00  9.999999e-01
    outer loop
      vertex -1.381892e+03 -5.095851e+03  9.649990e+03
      vertex -3.343631e+03 -4.104540e+03  9.649990e+03
      vertex -1.396673e+03 -5.088786e+03  9.649990e+03
    endloop
  endfacet
  facet normal  0.000000e+00  0.000000e+00  1.000000e+00
    outer loop
      vertex -1.396673e+03 -5.088786e+03  9.649990e+03
      vertex -3.343631e+03 -4.104540e+03  9.649990e+03
      vertex -1.411452e+03 -5.081715e+03  9.649990e+03
    endloop
  endfacet
  facet normal  0.000000e+00  0.000000e+00  1.000000e+00
    outer loop
      vertex -1.411452e+03 -5.081715e+03  9.649990e+03
      vertex -3.343631e+03 -4.104540e+03  9.649990e+03
      vertex -1.426229e+03 -5.074637e+03  9.649990e+03
    endloop
  endfacet
  facet normal  0.000000e+00  0.000000e+00  1.000000e+00
    outer loop
      vertex -1.426229e+03 -5.074637e+03  9.649990e+03
      vertex -3.343631e+03 -4.104540e+03  9.649990e+03
      vertex -1.434233e+03 -5.070800e+03  9.649990e+03
    endloop
  endfacet
  facet normal  0.000000e+00  0.000000e+00  1.000000e+00
    outer loop
      vertex -1.434233e+03 -5.070800e+03  9.649990e+03
      vertex -3.343631e+03 -4.104540e+03  9.649990e+03
      vertex -1.442237e+03 -5.066961e+03  9.649990e+03
    endloop
  endfacet
  facet normal  0.000000e+00  0.000000e+00  1.000000e+00
    outer loop
      vertex -1.442237e+03 -5.066961e+03  9.649990e+03
      vertex -3.343631e+03 -4.104540e+03  9.649990e+03
      vertex -1.458242e+03 -5.059277e+03  9.649990e+03
    endloop
  endfacet
  facet normal  0.000000e+00  0.000000e+00  1.000000e+00
    outer loop
      vertex -1.458242e+03 -5.059277e+03  9.649990e+03
      vertex -3.343631e+03 -4.104540e+03  9.649990e+03
      vertex -1.474246e+03 -5.051585e+03  9.649990e+03
    endloop
  endfacet
  facet normal  0.000000e+00  0.000000e+00  1.000000e+00
    outer loop
      vertex -1.474246e+03 -5.051585e+03  9.649990e+03
      vertex -3.343631e+03 -4.104540e+03  9.649990e+03
      vertex -1.490247e+03 -5.043886e+03  9.649990e+03
    endloop
  endfacet
  facet normal  0.000000e+00  0.000000e+00  1.000000e+00
    outer loop
      vertex -1.490247e+03 -5.043886e+03  9.649990e+03
      vertex -3.343631e+03 -4.104540e+03  9.649990e+03
      vertex -1.506247e+03 -5.036178e+03  9.649990e+03
    endloop
  endfacet
  facet normal  0.000000e+00  0.000000e+00  1.000000e+00
    outer loop
      vertex -1.506247e+03 -5.036178e+03  9.649990e+03
      vertex -3.343631e+03 -4.104540e+03  9.649990e+03
      vertex -1.522246e+03 -5.028463e+03  9.649990e+03
    endloop
  endfacet
  facet normal  0.000000e+00  0.000000e+00  1.000000e+00
    outer loop
      vertex -1.522246e+03 -5.028463e+03  9.649990e+03
      vertex -3.343631e+03 -4.104540e+03  9.649990e+03
      vertex -1.538242e+03 -5.020740e+03  9.649990e+03
    endloop
  endfacet
  facet normal  0.000000e+00  0.000000e+00  1.000000e+00
    outer loop
      vertex -1.538242e+03 -5.020740e+03  9.649990e+03
      vertex -3.343631e+03 -4.104540e+03  9.649990e+03
      vertex -1.554237e+03 -5.013009e+03  9.649990e+03
    endloop
  endfacet
  facet normal  0.000000e+00  0.000000e+00  1.000000e+00
    outer loop
      vertex -1.554237e+03 -5.013009e+03  9.649990e+03
      vertex -3.343631e+03 -4.104540e+03  9.649990e+03
      vertex -1.570229e+03 -5.005271e+03  9.649990e+03
    endloop
  endfacet
  facet normal  0.000000e+00  0.000000e+00  1.000000e+00
    outer loop
      vertex -1.570229e+03 -5.005271e+03  9.649990e+03
      vertex -3.343631e+03 -4.104540e+03  9.649990e+03
      vertex -1.586220e+03 -4.997524e+03  9.649990e+03
    endloop
  endfacet
  facet normal  0.000000e+00  0.000000e+00  1.000000e+00
    outer loop
      vertex -1.586220e+03 -4.997524e+03  9.649990e+03
      vertex -3.343631e+03 -4.104540e+03  9.649990e+03
      vertex -1.602210e+03 -4.989770e+03  9.649990e+03
    endloop
  endfacet
  facet normal  0.000000e+00  0.000000e+00  1.000000e+00
    outer loop
      vertex -1.602210e+03 -4.989770e+03  9.649990e+03
      vertex -3.343631e+03 -4.104540e+03  9.649990e+03
      vertex -1.618197e+03 -4.982009e+03  9.649990e+03
    endloop
  endfacet
  facet normal  0.000000e+00  0.000000e+00  9.999999e-01
    outer loop
      vertex -1.618197e+03 -4.982009e+03  9.649990e+03
      vertex -3.343631e+03 -4.104540e+03  9.649990e+03
      vertex -1.634183e+03 -4.974239e+03  9.649990e+03
    endloop
  endfacet
  facet normal  0.000000e+00  0.000000e+00  1.000000e+00
    outer loop
      vertex -1.634183e+03 -4.974239e+03  9.649990e+03
      vertex -3.343631e+03 -4.104540e+03  9.649990e+03
      vertex -1.650167e+03 -4.966463e+03  9.649990e+03
    endloop
  endfacet
  facet normal  0.000000e+00  0.000000e+00  9.999999e-01
    outer loop
      vertex -1.650167e+03 -4.966463e+03  9.649990e+03
      vertex -3.343631e+03 -4.104540e+03  9.649990e+03
      vertex -1.666149e+03 -4.958679e+03  9.649990e+03
    endloop
  endfacet
  facet normal  0.000000e+00  0.000000e+00  1.000000e+00
    outer loop
      vertex -1.666149e+03 -4.958679e+03  9.649990e+03
      vertex -3.343631e+03 -4.104540e+03  9.649990e+03
      vertex -1.682130e+03 -4.950887e+03  9.649990e+03
    endloop
  endfacet
  facet normal  0.000000e+00  0.000000e+00  1.000000e+00
    outer loop
      vertex -1.682130e+03 -4.950887e+03  9.649990e+03
      vertex -3.343631e+03 -4.104540e+03  9.649990e+03
      vertex -1.698109e+03 -4.943087e+03  9.649990e+03
    endloop
  endfacet
  facet normal  0.000000e+00  0.000000e+00  1.000000e+00
    outer loop
      vertex -1.698109e+03 -4.943087e+03  9.649990e+03
      vertex -3.343631e+03 -4.104540e+03  9.649990e+03
      vertex -1.714086e+03 -4.935281e+03  9.649990e+03
    endloop
  endfacet
  facet normal  0.000000e+00  0.000000e+00  1.000000e+00
    outer loop
      vertex -1.714086e+03 -4.935281e+03  9.649990e+03
      vertex -3.343631e+03 -4.104540e+03  9.649990e+03
      vertex -1.730061e+03 -4.927467e+03  9.649990e+03
    endloop
  endfacet
  facet normal  0.000000e+00  0.000000e+00  1.000000e+00
    outer loop
      vertex -1.730061e+03 -4.927467e+03  9.649990e+03
      vertex -3.343631e+03 -4.104540e+03  9.649990e+03
      vertex -1.746035e+03 -4.919646e+03  9.649990e+03
    endloop
  endfacet
  facet normal  0.000000e+00  0.000000e+00  1.000000e+00
    outer loop
      vertex -1.746035e+03 -4.919646e+03  9.649990e+03
      vertex -3.343631e+03 -4.104540e+03  9.649990e+03
      vertex -1.762007e+03 -4.911817e+03  9.649990e+03
    endloop
  endfacet
  facet normal  0.000000e+00  0.000000e+00  9.999999e-01
    outer loop
      vertex -1.762007e+03 -4.911817e+03  9.649990e+03
      vertex -3.343631e+03 -4.104540e+03  9.649990e+03
      vertex -1.777978e+03 -4.903981e+03  9.649990e+03
    endloop
  endfacet
  facet normal  0.000000e+00  0.000000e+00  1.000000e+00
    outer loop
      vertex -1.777978e+03 -4.903981e+03  9.649990e+03
      vertex -3.343631e+03 -4.104540e+03  9.649990e+03
      vertex -1.793946e+03 -4.896139e+03  9.649990e+03
    endloop
  endfacet
  facet normal  0.000000e+00  0.000000e+00  1.000000e+00
    outer loop
      vertex -1.793946e+03 -4.896139e+03  9.649990e+03
      vertex -3.343631e+03 -4.104540e+03  9.649990e+03
      vertex -1.809913e+03 -4.888289e+03  9.649990e+03
    endloop
  endfacet
  facet normal  0.000000e+00  0.000000e+00  1.000000e+00
    outer loop
      vertex -1.809913e+03 -4.888289e+03  9.649990e+03
      vertex -3.343631e+03 -4.104540e+03  9.649990e+03
      vertex -1.824427e+03 -4.881146e+03  9.649990e+03
    endloop
  endfacet
  facet normal  0.000000e+00  0.000000e+00  9.999999e-01
    outer loop
      vertex -1.824427e+03 -4.881146e+03  9.649990e+03
      vertex -3.343631e+03 -4.104540e+03  9.649990e+03
      vertex -1.838940e+03 -4.873997e+03  9.649990e+03
    endloop
  endfacet
  facet normal  0.000000e+00  0.000000e+00  9.999999e-01
    outer loop
      vertex -1.838940e+03 -4.873997e+03  9.649990e+03
      vertex -3.343631e+03 -4.104540e+03  9.649990e+03
      vertex -1.853451e+03 -4.866843e+03  9.649990e+03
    endloop
  endfacet
  facet normal  0.000000e+00  0.000000e+00  1.000000e+00
    outer loop
      vertex -1.853451e+03 -4.866843e+03  9.649990e+03
      vertex -3.343631e+03 -4.104540e+03  9.649990e+03
      vertex -1.867962e+03 -4.859683e+03  9.649990e+03
    endloop
  endfacet
  facet normal  0.000000e+00  0.000000e+00  1.000000e+00
    outer loop
      vertex -1.867962e+03 -4.859683e+03  9.649990e+03
      vertex -3.343631e+03 -4.104540e+03  9.649990e+03
      vertex -1.882470e+03 -4.852517e+03  9.649990e+03
    endloop
  endfacet
  facet normal  0.000000e+00  0.000000e+00  1.000000e+00
    outer loop
      vertex -1.882470e+03 -4.852517e+03  9.649990e+03
      vertex -3.343631e+03 -4.104540e+03  9.649990e+03
      vertex -1.896978e+03 -4.845345e+03  9.649990e+03
    endloop
  endfacet
  facet normal  0.000000e+00  0.000000e+00  1.000000e+00
    outer loop
      vertex -1.896978e+03 -4.845345e+03  9.649990e+03
      vertex -3.343631e+03 -4.104540e+03  9.649990e+03
      vertex -1.910033e+03 -4.838885e+03  9.649990e+03
    endloop
  endfacet
  facet normal  0.000000e+00  0.000000e+00  1.000000e+00
    outer loop
      vertex -1.910033e+03 -4.838885e+03  9.649990e+03
      vertex -3.343631e+03 -4.104540e+03  9.649990e+03
      vertex -1.923088e+03 -4.832421e+03  9.649990e+03
    endloop
  endfacet
  facet normal  0.000000e+00  0.000000e+00  1.000000e+00
    outer loop
      vertex -1.923088e+03 -4.832421e+03  9.649990e+03
      vertex -3.343631e+03 -4.104540e+03  9.649990e+03
      vertex -1.936141e+03 -4.825953e+03  9.649990e+03
    endloop
  endfacet
  facet normal  0.000000e+00  0.000000e+00  1.000000e+00
    outer loop
      vertex -1.936141e+03 -4.825953e+03  9.649990e+03
      vertex -3.343631e+03 -4.104540e+03  9.649990e+03
      vertex -1.949193e+03 -4.819479e+03  9.649990e+03
    endloop
  endfacet
  facet normal  0.000000e+00  0.000000e+00  9.999999e-01
    outer loop
      vertex -1.949193e+03 -4.819479e+03  9.649990e+03
      vertex -3.343631e+03 -4.104540e+03  9.649990e+03
      vertex -1.957866e+03 -4.815175e+03  9.649990e+03
    endloop
  endfacet
  facet normal  0.000000e+00  0.000000e+00  1.000000e+00
    outer loop
      vertex -1.957866e+03 -4.815175e+03  9.649990e+03
      vertex -3.343631e+03 -4.104540e+03  9.649990e+03
      vertex -1.966539e+03 -4.810869e+03  9.649990e+03
    endloop
  endfacet
  facet normal  0.000000e+00  0.000000e+00  1.000000e+00
    outer loop
      vertex -1.966539e+03 -4.810869e+03  9.649990e+03
      vertex -3.343631e+03 -4.104540e+03  9.649990e+03
      vertex -1.975267e+03 -4.806533e+03  9.649990e+03
    endloop
  endfacet
  facet normal  0.000000e+00  0.000000e+00  1.000000e+00
    outer loop
      vertex -1.975267e+03 -4.806533e+03  9.649990e+03
      vertex -3.343631e+03 -4.104540e+03  9.649990e+03
      vertex -1.983994e+03 -4.802195e+03  9.649990e+03
    endloop
  endfacet
  facet normal  0.000000e+00  0.000000e+00  1.000000e+00
    outer loop
      vertex -1.983994e+03 -4.802195e+03  9.649990e+03
      vertex -3.343631e+03 -4.104540e+03  9.649990e+03
      vertex -1.998300e+03 -4.795080e+03  9.649990e+03
    endloop
  endfacet
  facet normal  0.000000e+00  0.000000e+00  1.000000e+00
    outer loop
      vertex -1.998300e+03 -4.795080e+03  9.649990e+03
      vertex -3.343631e+03 -4.104540e+03  9.649990e+03
      vertex -2.012604e+03 -4.787959e+03  9.649990e+03
    endloop
  endfacet
  facet normal  0.000000e+00  0.000000e+00  1.000000e+00
    outer loop
      vertex -2.012604e+03 -4.787959e+03  9.649990e+03
      vertex -3.343631e+03 -4.104540e+03  9.649990e+03
      vertex -2.026907e+03 -4.780833e+03  9.649990e+03
    endloop
  endfacet
  facet normal  0.000000e+00  0.000000e+00  1.000000e+00
    outer loop
      vertex -2.026907e+03 -4.780833e+03  9.649990e+03
      vertex -3.343631e+03 -4.104540e+03  9.649990e+03
      vertex -2.041209e+03 -4.773703e+03  9.649990e+03
    endloop
  endfacet
  facet normal  0.000000e+00  0.000000e+00  1.000000e+00
    outer loop
      vertex -2.041209e+03 -4.773703e+03  9.649990e+03
      vertex -3.343631e+03 -4.104540e+03  9.649990e+03
      vertex -2.055509e+03 -4.766566e+03  9.649990e+03
    endloop
  endfacet
  facet normal  0.000000e+00  0.000000e+00  1.000000e+00
    outer loop
      vertex -2.055509e+03 -4.766566e+03  9.649990e+03
      vertex -3.343631e+03 -4.104540e+03  9.649990e+03
      vertex -2.067426e+03 -4.760615e+03  9.649990e+03
    endloop
  endfacet
  facet normal  0.000000e+00  0.000000e+00  9.999999e-01
    outer loop
      vertex -2.067426e+03 -4.760615e+03  9.649990e+03
      vertex -3.343631e+03 -4.104540e+03  9.649990e+03
      vertex -2.079341e+03 -4.754661e+03  9.649990e+03
    endloop
  endfacet
  facet normal  0.000000e+00  0.000000e+00  1.000000e+00
    outer loop
      vertex -2.079341e+03 -4.754661e+03  9.649990e+03
      vertex -3.343631e+03 -4.104540e+03  9.649990e+03
      vertex -2.091256e+03 -4.748702e+03  9.649990e+03
    endloop
  endfacet
  facet normal  0.000000e+00  0.000000e+00  1.000000e+00
    outer loop
      vertex -2.091256e+03 -4.748702e+03  9.649990e+03
      vertex -3.343631e+03 -4.104540e+03  9.649990e+03
      vertex -2.100191e+03 -4.744231e+03  9.649990e+03
    endloop
  endfacet
  facet normal  0.000000e+00  0.000000e+00  1.000000e+00
    outer loop
      vertex -2.100191e+03 -4.744231e+03  9.649990e+03
      vertex -3.343631e+03 -4.104540e+03  9.649990e+03
      vertex -2.109126e+03 -4.739758e+03  9.649990e+03
    endloop
  endfacet
  facet normal  0.000000e+00  0.000000e+00  1.000000e+00
    outer loop
      vertex -2.109126e+03 -4.739758e+03  9.649990e+03
      vertex -3.343631e+03 -4.104540e+03  9.649990e+03
      vertex -2.126994e+03 -4.730806e+03  9.649990e+03
    endloop
  endfacet
  facet normal  0.000000e+00  0.000000e+00  1.000000e+00
    outer loop
      vertex -2.126994e+03 -4.730806e+03  9.649990e+03
      vertex -3.343631e+03 -4.104540e+03  9.649990e+03
      vertex -2.144861e+03 -4.721846e+03  9.649990e+03
    endloop
  endfacet
  facet normal  0.000000e+00  0.000000e+00  1.000000e+00
    outer loop
      vertex -2.144861e+03 -4.721846e+03  9.649990e+03
      vertex -3.343631e+03 -4.104540e+03  9.649990e+03
      vertex -2.162726e+03 -4.712878e+03  9.649990e+03
    endloop
  endfacet
  facet normal  0.000000e+00  0.000000e+00  1.000000e+00
    outer loop
      vertex -2.162726e+03 -4.712878e+03  9.649990e+03
      vertex -3.343631e+03 -4.104540e+03  9.649990e+03
      vertex -2.180589e+03 -4.703903e+03  9.649990e+03
    endloop
  endfacet
  facet normal  0.000000e+00  0.000000e+00  1.000000e+00
    outer loop
      vertex -2.180589e+03 -4.703903e+03  9.649990e+03
      vertex -3.343631e+03 -4.104540e+03  9.649990e+03
      vertex -2.198450e+03 -4.694919e+03  9.649990e+03
    endloop
  endfacet
  facet normal  0.000000e+00  0.000000e+00  1.000000e+00
    outer loop
      vertex -2.198450e+03 -4.694919e+03  9.649990e+03
      vertex -3.343631e+03 -4.104540e+03  9.649990e+03
      vertex -2.216310e+03 -4.685928e+03  9.649990e+03
    endloop
  endfacet
  facet normal  0.000000e+00  0.000000e+00  1.000000e+00
    outer loop
      vertex -2.216310e+03 -4.685928e+03  9.649990e+03
      vertex -3.343631e+03 -4.104540e+03  9.649990e+03
      vertex -2.234168e+03 -4.676930e+03  9.649990e+03
    endloop
  endfacet
  facet normal  0.000000e+00  0.000000e+00  1.000000e+00
    outer loop
      vertex -2.234168e+03 -4.676930e+03  9.649990e+03
      vertex -3.343631e+03 -4.104540e+03  9.649990e+03
      vertex -2.250651e+03 -4.668616e+03  9.649990e+03
    endloop
  endfacet
  facet normal  0.000000e+00  0.000000e+00  1.000000e+00
    outer loop
      vertex -2.250651e+03 -4.668616e+03  9.649990e+03
      vertex -3.343631e+03 -4.104540e+03  9.649990e+03
      vertex -2.267132e+03 -4.660297e+03  9.649990e+03
    endloop
  endfacet
  facet normal  0.000000e+00  0.000000e+00  1.000000e+00
    outer loop
      vertex -2.267132e+03 -4.660297e+03  9.649990e+03
      vertex -3.343631e+03 -4.104540e+03  9.649990e+03
      vertex -2.283612e+03 -4.651971e+03  9.649990e+03
    endloop
  endfacet
  facet normal  0.000000e+00  0.000000e+00  1.000000e+00
    outer loop
      vertex -2.283612e+03 -4.651971e+03  9.649990e+03
      vertex -3.343631e+03 -4.104540e+03  9.649990e+03
      vertex -2.300090e+03 -4.643639e+03  9.649990e+03
    endloop
  endfacet
  facet normal  0.000000e+00  0.000000e+00  9.999999e-01
    outer loop
      vertex -2.300090e+03 -4.643639e+03  9.649990e+03
      vertex -3.343631e+03 -4.104540e+03  9.649990e+03
      vertex -2.316567e+03 -4.635300e+03  9.649990e+03
    endloop
  endfacet
  facet normal  0.000000e+00  0.000000e+00  1.000000e+00
    outer loop
      vertex -2.316567e+03 -4.635300e+03  9.649990e+03
      vertex -3.343631e+03 -4.104540e+03  9.649990e+03
      vertex -2.333043e+03 -4.626956e+03  9.649990e+03
    endloop
  endfacet
  facet normal  0.000000e+00  0.000000e+00  1.000000e+00
    outer loop
      vertex -2.333043e+03 -4.626956e+03  9.649990e+03
      vertex -3.343631e+03 -4.104540e+03  9.649990e+03
      vertex -2.349517e+03 -4.618605e+03  9.649990e+03
    endloop
  endfacet
  facet normal  0.000000e+00  0.000000e+00  1.000000e+00
    outer loop
      vertex -2.349517e+03 -4.618605e+03  9.649990e+03
      vertex -3.343631e+03 -4.104540e+03  9.649990e+03
      vertex -2.362330e+03 -4.612105e+03  9.649990e+03
    endloop
  endfacet
  facet normal  0.000000e+00  0.000000e+00  9.999999e-01
    outer loop
      vertex -2.362330e+03 -4.612105e+03  9.649990e+03
      vertex -3.343631e+03 -4.104540e+03  9.649990e+03
      vertex -2.375141e+03 -4.605603e+03  9.649990e+03
    endloop
  endfacet
  facet normal  0.000000e+00  0.000000e+00  1.000000e+00
    outer loop
      vertex -2.375141e+03 -4.605603e+03  9.649990e+03
      vertex -3.343631e+03 -4.104540e+03  9.649990e+03
      vertex -2.387952e+03 -4.599096e+03  9.649990e+03
    endloop
  endfacet
  facet normal  0.000000e+00  0.000000e+00  1.000000e+00
    outer loop
      vertex -2.387952e+03 -4.599096e+03  9.649990e+03
      vertex -3.343631e+03 -4.104540e+03  9.649990e+03
      vertex -2.397560e+03 -4.594214e+03  9.649990e+03
    endloop
  endfacet
  facet normal  0.000000e+00  0.000000e+00  1.000000e+00
    outer loop
      vertex -2.397560e+03 -4.594214e+03  9.649990e+03
      vertex -3.343631e+03 -4.104540e+03  9.649990e+03
      vertex -2.407167e+03 -4.589330e+03  9.649990e+03
    endloop
  endfacet
  facet normal  0.000000e+00  0.000000e+00  1.000000e+00
    outer loop
      vertex -2.407167e+03 -4.589330e+03  9.649990e+03
      vertex -3.343631e+03 -4.104540e+03  9.649990e+03
      vertex -2.426380e+03 -4.579555e+03  9.649990e+03
    endloop
  endfacet
  facet normal  0.000000e+00  0.000000e+00  1.000000e+00
    outer loop
      vertex -2.426380e+03 -4.579555e+03  9.649990e+03
      vertex -3.343631e+03 -4.104540e+03  9.649990e+03
      vertex -2.445591e+03 -4.569772e+03  9.649990e+03
    endloop
  endfacet
  facet normal  0.000000e+00  0.000000e+00  1.000000e+00
    outer loop
      vertex -2.445591e+03 -4.569772e+03  9.649990e+03
      vertex -3.343631e+03 -4.104540e+03  9.649990e+03
      vertex -2.464800e+03 -4.559982e+03  9.649990e+03
    endloop
  endfacet
  facet normal  0.000000e+00  0.000000e+00  1.000000e+00
    outer loop
      vertex -2.464800e+03 -4.559982e+03  9.649990e+03
      vertex -3.343631e+03 -4.104540e+03  9.649990e+03
      vertex -2.483771e+03 -4.550305e+03  9.649990e+03
    endloop
  endfacet
  facet normal  0.000000e+00  0.000000e+00  1.000000e+00
    outer loop
      vertex -2.483771e+03 -4.550305e+03  9.649990e+03
      vertex -3.343631e+03 -4.104540e+03  9.649990e+03
      vertex -2.502739e+03 -4.540621e+03  9.649990e+03
    endloop
  endfacet
  facet normal  0.000000e+00  0.000000e+00  1.000000e+00
    outer loop
      vertex -2.502739e+03 -4.540621e+03  9.649990e+03
      vertex -3.343631e+03 -4.104540e+03  9.649990e+03
      vertex -2.521707e+03 -4.530929e+03  9.649990e+03
    endloop
  endfacet
  facet normal  0.000000e+00  0.000000e+00  1.000000e+00
    outer loop
      vertex -2.521707e+03 -4.530929e+03  9.649990e+03
      vertex -3.343631e+03 -4.104540e+03  9.649990e+03
      vertex -2.540672e+03 -4.521229e+03  9.649990e+03
    endloop
  endfacet
  facet normal  0.000000e+00  0.000000e+00  9.999999e-01
    outer loop
      vertex -2.540672e+03 -4.521229e+03  9.649990e+03
      vertex -3.343631e+03 -4.104540e+03  9.649990e+03
      vertex -2.559636e+03 -4.511523e+03  9.649990e+03
    endloop
  endfacet
  facet normal  0.000000e+00  0.000000e+00  1.000000e+00
    outer loop
      vertex -2.559636e+03 -4.511523e+03  9.649990e+03
      vertex -3.343631e+03 -4.104540e+03  9.649990e+03
      vertex -2.578599e+03 -4.501809e+03  9.649990e+03
    endloop
  endfacet
  facet normal  0.000000e+00  0.000000e+00  1.000000e+00
    outer loop
      vertex -2.578599e+03 -4.501809e+03  9.649990e+03
      vertex -3.343631e+03 -4.104540e+03  9.649990e+03
      vertex -2.597560e+03 -4.492088e+03  9.649990e+03
    endloop
  endfacet
  facet normal  0.000000e+00  0.000000e+00  1.000000e+00
    outer loop
      vertex -2.597560e+03 -4.492088e+03  9.649990e+03
      vertex -3.343631e+03 -4.104540e+03  9.649990e+03
      vertex -2.616519e+03 -4.482361e+03  9.649990e+03
    endloop
  endfacet
  facet normal  0.000000e+00  0.000000e+00  1.000000e+00
    outer loop
      vertex -2.616519e+03 -4.482361e+03  9.649990e+03
      vertex -3.343631e+03 -4.104540e+03  9.649990e+03
      vertex -2.635477e+03 -4.472626e+03  9.649990e+03
    endloop
  endfacet
  facet normal  0.000000e+00  0.000000e+00  9.999999e-01
    outer loop
      vertex -2.635477e+03 -4.472626e+03  9.649990e+03
      vertex -3.343631e+03 -4.104540e+03  9.649990e+03
      vertex -2.649695e+03 -4.465321e+03  9.649990e+03
    endloop
  endfacet
  facet normal  0.000000e+00  0.000000e+00  1.000000e+00
    outer loop
      vertex -2.649695e+03 -4.465321e+03  9.649990e+03
      vertex -3.343631e+03 -4.104540e+03  9.649990e+03
      vertex -2.663911e+03 -4.458012e+03  9.649990e+03
    endloop
  endfacet
  facet normal  0.000000e+00  0.000000e+00  1.000000e+00
    outer loop
      vertex -2.663911e+03 -4.458012e+03  9.649990e+03
      vertex -3.343631e+03 -4.104540e+03  9.649990e+03
      vertex -2.678127e+03 -4.450699e+03  9.649990e+03
    endloop
  endfacet
  facet normal  0.000000e+00  0.000000e+00  1.000000e+00
    outer loop
      vertex -2.678127e+03 -4.450699e+03  9.649990e+03
      vertex -3.343631e+03 -4.104540e+03  9.649990e+03
      vertex -2.688760e+03 -4.445227e+03  9.649990e+03
    endloop
  endfacet
  facet normal  0.000000e+00  0.000000e+00  1.000000e+00
    outer loop
      vertex -2.688760e+03 -4.445227e+03  9.649990e+03
      vertex -3.343631e+03 -4.104540e+03  9.649990e+03
      vertex -2.699391e+03 -4.439753e+03  9.649990e+03
    endloop
  endfacet
  facet normal  0.000000e+00  0.000000e+00  1.000000e+00
    outer loop
      vertex -2.699391e+03 -4.439753e+03  9.649990e+03
      vertex -3.343631e+03 -4.104540e+03  9.649990e+03
      vertex -2.710081e+03 -4.434247e+03  9.649990e+03
    endloop
  endfacet
  facet normal  0.000000e+00  0.000000e+00  1.000000e+00
    outer loop
      vertex -2.710081e+03 -4.434247e+03  9.649990e+03
      vertex -3.343631e+03 -4.104540e+03  9.649990e+03
      vertex -2.720770e+03 -4.428739e+03  9.649990e+03
    endloop
  endfacet
  facet normal  0.000000e+00  0.000000e+00  1.000000e+00
    outer loop
      vertex -2.720770e+03 -4.428739e+03  9.649990e+03
      vertex -3.343631e+03 -4.104540e+03  9.649990e+03
      vertex -2.742089e+03 -4.417746e+03  9.649990e+03
    endloop
  endfacet
  facet normal  0.000000e+00  0.000000e+00  1.000000e+00
    outer loop
      vertex -2.742089e+03 -4.417746e+03  9.649990e+03
      vertex -3.343631e+03 -4.104540e+03  9.649990e+03
      vertex -2.763406e+03 -4.406746e+03  9.649990e+03
    endloop
  endfacet
  facet normal  0.000000e+00  0.000000e+00  1.000000e+00
    outer loop
      vertex -2.763406e+03 -4.406746e+03  9.649990e+03
      vertex -3.343631e+03 -4.104540e+03  9.649990e+03
      vertex -2.784721e+03 -4.395738e+03  9.649990e+03
    endloop
  endfacet
  facet normal  0.000000e+00  0.000000e+00  1.000000e+00
    outer loop
      vertex -2.784721e+03 -4.395738e+03  9.649990e+03
      vertex -3.343631e+03 -4.104540e+03  9.649990e+03
      vertex -2.805274e+03 -4.385115e+03  9.649990e+03
    endloop
  endfacet
  facet normal  0.000000e+00  0.000000e+00  1.000000e+00
    outer loop
      vertex -2.805274e+03 -4.385115e+03  9.649990e+03
      vertex -3.343631e+03 -4.104540e+03  9.649990e+03
      vertex -2.825825e+03 -4.374486e+03  9.649990e+03
    endloop
  endfacet
  facet normal  0.000000e+00  0.000000e+00  1.000000e+00
    outer loop
      vertex -2.825825e+03 -4.374486e+03  9.649990e+03
      vertex -3.343631e+03 -4.104540e+03  9.649990e+03
      vertex -2.846375e+03 -4.363850e+03  9.649990e+03
    endloop
  endfacet
  facet normal  0.000000e+00  0.000000e+00  1.000000e+00
    outer loop
      vertex -2.846375e+03 -4.363850e+03  9.649990e+03
      vertex -3.343631e+03 -4.104540e+03  9.649990e+03
      vertex -2.866923e+03 -4.353207e+03  9.649990e+03
    endloop
  endfacet
  facet normal  0.000000e+00  0.000000e+00  1.000000e+00
    outer loop
      vertex -2.866923e+03 -4.353207e+03  9.649990e+03
      vertex -3.343631e+03 -4.104540e+03  9.649990e+03
      vertex -2.887470e+03 -4.342557e+03  9.649990e+03
    endloop
  endfacet
  facet normal  0.000000e+00  0.000000e+00  1.000000e+00
    outer loop
      vertex -2.887470e+03 -4.342557e+03  9.649990e+03
      vertex -3.343631e+03 -4.104540e+03  9.649990e+03
      vertex -2.908016e+03 -4.331901e+03  9.649990e+03
    endloop
  endfacet
  facet normal  0.000000e+00  0.000000e+00  1.000000e+00
    outer loop
      vertex -2.908016e+03 -4.331901e+03  9.649990e+03
      vertex -3.343631e+03 -4.104540e+03  9.649990e+03
      vertex -2.928560e+03 -4.321239e+03  9.649990e+03
    endloop
  endfacet
  facet normal  0.000000e+00  0.000000e+00  9.999999e-01
    outer loop
      vertex -2.928560e+03 -4.321239e+03  9.649990e+03
      vertex -3.343631e+03 -4.104540e+03  9.649990e+03
      vertex -2.940505e+03 -4.315037e+03  9.649990e+03
    endloop
  endfacet
  facet normal  0.000000e+00  0.000000e+00  1.000000e+00
    outer loop
      vertex -2.940505e+03 -4.315037e+03  9.649990e+03
      vertex -3.343631e+03 -4.104540e+03  9.649990e+03
      vertex -2.952449e+03 -4.308832e+03  9.649990e+03
    endloop
  endfacet
  facet normal  0.000000e+00  0.000000e+00  1.000000e+00
    outer loop
      vertex -2.952449e+03 -4.308832e+03  9.649990e+03
      vertex -3.343631e+03 -4.104540e+03  9.649990e+03
      vertex -2.964471e+03 -4.302585e+03  9.649990e+03
    endloop
  endfacet
  facet normal  0.000000e+00  0.000000e+00  1.000000e+00
    outer loop
      vertex -2.964471e+03 -4.302585e+03  9.649990e+03
      vertex -3.343631e+03 -4.104540e+03  9.649990e+03
      vertex -2.976492e+03 -4.296335e+03  9.649990e+03
    endloop
  endfacet
  facet normal  0.000000e+00  0.000000e+00  1.000000e+00
    outer loop
      vertex -2.976492e+03 -4.296335e+03  9.649990e+03
      vertex -3.343631e+03 -4.104540e+03  9.649990e+03
      vertex -3.000456e+03 -4.283872e+03  9.649990e+03
    endloop
  endfacet
  facet normal  0.000000e+00  0.000000e+00  1.000000e+00
    outer loop
      vertex -3.000456e+03 -4.283872e+03  9.649990e+03
      vertex -3.343631e+03 -4.104540e+03  9.649990e+03
      vertex -3.024418e+03 -4.271400e+03  9.649990e+03
    endloop
  endfacet
  facet normal  0.000000e+00  0.000000e+00  1.000000e+00
    outer loop
      vertex -3.024418e+03 -4.271400e+03  9.649990e+03
      vertex -3.343631e+03 -4.104540e+03  9.649990e+03
      vertex -3.048378e+03 -4.258920e+03  9.649990e+03
    endloop
  endfacet
  facet normal  0.000000e+00  0.000000e+00  1.000000e+00
    outer loop
      vertex -3.048378e+03 -4.258920e+03  9.649990e+03
      vertex -3.343631e+03 -4.104540e+03  9.649990e+03
      vertex -3.072338e+03 -4.246433e+03  9.649990e+03
    endloop
  endfacet
  facet normal  0.000000e+00  0.000000e+00  1.000000e+00
    outer loop
      vertex -3.072338e+03 -4.246433e+03  9.649990e+03
      vertex -3.343631e+03 -4.104540e+03  9.649990e+03
      vertex -3.090084e+03 -4.237179e+03  9.649990e+03
    endloop
  endfacet
  facet normal  0.000000e+00  0.000000e+00  1.000000e+00
    outer loop
      vertex -3.090084e+03 -4.237179e+03  9.649990e+03
      vertex -3.343631e+03 -4.104540e+03  9.649990e+03
      vertex -3.107830e+03 -4.227920e+03  9.649990e+03
    endloop
  endfacet
  facet normal  0.000000e+00  0.000000e+00  1.000000e+00
    outer loop
      vertex -3.107830e+03 -4.227920e+03  9.649990e+03
      vertex -3.343631e+03 -4.104540e+03  9.649990e+03
      vertex -3.125575e+03 -4.218658e+03  9.649990e+03
    endloop
  endfacet
  facet normal  0.000000e+00  0.000000e+00  1.000000e+00
    outer loop
      vertex -3.125575e+03 -4.218658e+03  9.649990e+03
      vertex -3.343631e+03 -4.104540e+03  9.649990e+03
      vertex -3.138884e+03 -4.211709e+03  9.649990e+03
    endloop
  endfacet
  facet normal  0.000000e+00  0.000000e+00  9.999999e-01
    outer loop
      vertex -3.138884e+03 -4.211709e+03  9.649990e+03
      vertex -3.343631e+03 -4.104540e+03  9.649990e+03
      vertex -3.152192e+03 -4.204758e+03  9.649990e+03
    endloop
  endfacet
  facet normal  0.000000e+00  0.000000e+00  1.000000e+00
    outer loop
      vertex -3.152192e+03 -4.204758e+03  9.649990e+03
      vertex -3.343631e+03 -4.104540e+03  9.649990e+03
      vertex -3.178807e+03 -4.190850e+03  9.649990e+03
    endloop
  endfacet
  facet normal  0.000000e+00  0.000000e+00  1.000000e+00
    outer loop
      vertex -3.178807e+03 -4.190850e+03  9.649990e+03
      vertex -3.343631e+03 -4.104540e+03  9.649990e+03
      vertex -3.205421e+03 -4.176933e+03  9.649990e+03
    endloop
  endfacet
  facet normal  0.000000e+00  0.000000e+00  1.000000e+00
    outer loop
      vertex -3.205421e+03 -4.176933e+03  9.649990e+03
      vertex -3.343631e+03 -4.104540e+03  9.649990e+03
      vertex -3.232034e+03 -4.163009e+03  9.649990e+03
    endloop
  endfacet
  facet normal  0.000000e+00  0.000000e+00  1.000000e+00
    outer loop
      vertex -3.232034e+03 -4.163009e+03  9.649990e+03
      vertex -3.343631e+03 -4.104540e+03  9.649990e+03
      vertex -3.253323e+03 -4.151865e+03  9.649990e+03
    endloop
  endfacet
  facet normal  0.000000e+00  0.000000e+00  1.000000e+00
    outer loop
      vertex -3.253323e+03 -4.151865e+03  9.649990e+03
      vertex -3.343631e+03 -4.104540e+03  9.649990e+03
      vertex -3.274612e+03 -4.140716e+03  9.649990e+03
    endloop
  endfacet
  facet normal  0.000000e+00  0.000000e+00  1.000000e+00
    outer loop
      vertex -3.274612e+03 -4.140716e+03  9.649990e+03
      vertex -3.343631e+03 -4.104540e+03  9.649990e+03
      vertex -3.295900e+03 -4.129563e+03  9.649990e+03
    endloop
  endfacet
  facet normal  0.000000e+00  0.000000e+00  9.999999e-01
    outer loop
      vertex -3.295900e+03 -4.129563e+03  9.649990e+03
      vertex -3.343631e+03 -4.104540e+03  9.649990e+03
      vertex -3.311700e+03 -4.121282e+03  9.649990e+03
    endloop
  endfacet
  facet normal  0.000000e+00  0.000000e+00  1.000000e+00
    outer loop
      vertex -3.311700e+03 -4.121282e+03  9.649990e+03
      vertex -3.343631e+03 -4.104540e+03  9.649990e+03
      vertex -3.327500e+03 -4.112999e+03  9.649990e+03
    endloop
  endfacet
  facet normal  0.000000e+00  -0.000000e+00  9.999999e-01
    outer loop
      vertex  4.799979e+03 -7.254627e+03  9.649990e+03
      vertex  4.800000e+03 -7.254631e+03  9.649990e+03
      vertex  4.800000e+03 -2.250000e+03  9.649990e+03
    endloop
  endfacet
  facet normal  0.000000e+00  0.000000e+00  1.000000e+00
    outer loop
      vertex  4.799979e+03 -7.254627e+03  9.649990e+03
      vertex  4.800000e+03 -2.250000e+03  9.649990e+03
      vertex -3.327841e+03 -2.250000e+03  9.649990e+03
    endloop
  endfacet
  facet normal  0.000000e+00  0.000000e+00  9.999999e-01
    outer loop
      vertex  4.799979e+03 -7.254627e+03  9.649990e+03
      vertex -3.327841e+03 -2.250000e+03  9.649990e+03
      vertex -3.328500e+03 -2.311624e+03  9.649990e+03
    endloop
  endfacet
  facet normal  0.000000e+00  0.000000e+00  1.000000e+00
    outer loop
      vertex  4.799979e+03 -7.254627e+03  9.649990e+03
      vertex -3.328500e+03 -2.311624e+03  9.649990e+03
      vertex -3.329325e+03 -2.388167e+03  9.649990e+03
    endloop
  endfacet
  facet normal  0.000000e+00  0.000000e+00  1.000000e+00
    outer loop
      vertex  4.799979e+03 -7.254627e+03  9.649990e+03
      vertex -3.329325e+03 -2.388167e+03  9.649990e+03
      vertex -3.329755e+03 -2.427755e+03  9.649990e+03
    endloop
  endfacet
  facet normal  0.000000e+00  0.000000e+00  1.000000e+00
    outer loop
      vertex  4.799979e+03 -7.254627e+03  9.649990e+03
      vertex -3.329755e+03 -2.427755e+03  9.649990e+03
      vertex -3.330184e+03 -2.467181e+03  9.649990e+03
    endloop
  endfacet
  facet normal  0.000000e+00  0.000000e+00  1.000000e+00
    outer loop
      vertex  4.799979e+03 -7.254627e+03  9.649990e+03
      vertex -3.330184e+03 -2.467181e+03  9.649990e+03
      vertex -3.330586e+03 -2.503811e+03  9.649990e+03
    endloop
  endfacet
  facet normal  0.000000e+00  0.000000e+00  1.000000e+00
    outer loop
      vertex  4.799979e+03 -7.254627e+03  9.649990e+03
      vertex -3.330586e+03 -2.503811e+03  9.649990e+03
      vertex -3.330988e+03 -2.540290e+03  9.649990e+03
    endloop
  endfacet
  facet normal  0.000000e+00  0.000000e+00  1.000000e+00
    outer loop
      vertex  4.799979e+03 -7.254627e+03  9.649990e+03
      vertex -3.330988e+03 -2.540290e+03  9.649990e+03
      vertex -3.331545e+03 -2.590420e+03  9.649990e+03
    endloop
  endfacet
  facet normal  0.000000e+00  0.000000e+00  1.000000e+00
    outer loop
      vertex  4.799979e+03 -7.254627e+03  9.649990e+03
      vertex -3.331545e+03 -2.590420e+03  9.649990e+03
      vertex -3.332104e+03 -2.640237e+03  9.649990e+03
    endloop
  endfacet
  facet normal  0.000000e+00  0.000000e+00  9.999999e-01
    outer loop
      vertex  4.799979e+03 -7.254627e+03  9.649990e+03
      vertex -3.332104e+03 -2.640237e+03  9.649990e+03
      vertex -3.332665e+03 -2.689729e+03  9.649990e+03
    endloop
  endfacet
  facet normal  0.000000e+00  0.000000e+00  1.000000e+00
    outer loop
      vertex  4.799979e+03 -7.254627e+03  9.649990e+03
      vertex -3.332665e+03 -2.689729e+03  9.649990e+03
      vertex -3.333229e+03 -2.738879e+03  9.649990e+03
    endloop
  endfacet
  facet normal  0.000000e+00  0.000000e+00  1.000000e+00
    outer loop
      vertex  4.799979e+03 -7.254627e+03  9.649990e+03
      vertex -3.333229e+03 -2.738879e+03  9.649990e+03
      vertex -3.333796e+03 -2.787671e+03  9.649990e+03
    endloop
  endfacet
  facet normal  0.000000e+00  0.000000e+00  1.000000e+00
    outer loop
      vertex  4.799979e+03 -7.254627e+03  9.649990e+03
      vertex -3.333796e+03 -2.787671e+03  9.649990e+03
      vertex -3.334080e+03 -2.811928e+03  9.649990e+03
    endloop
  endfacet
  facet normal  0.000000e+00  0.000000e+00  1.000000e+00
    outer loop
      vertex  4.799979e+03 -7.254627e+03  9.649990e+03
      vertex -3.334080e+03 -2.811928e+03  9.649990e+03
      vertex -3.334366e+03 -2.836089e+03  9.649990e+03
    endloop
  endfacet
  facet normal  0.000000e+00  0.000000e+00  1.000000e+00
    outer loop
      vertex  4.799979e+03 -7.254627e+03  9.649990e+03
      vertex -3.334366e+03 -2.836089e+03  9.649990e+03
      vertex -3.334890e+03 -2.880013e+03  9.649990e+03
    endloop
  endfacet
  facet normal  0.000000e+00  0.000000e+00  1.000000e+00
    outer loop
      vertex  4.799979e+03 -7.254627e+03  9.649990e+03
      vertex -3.334890e+03 -2.880013e+03  9.649990e+03
      vertex -3.335417e+03 -2.923594e+03  9.649990e+03
    endloop
  endfacet
  facet normal  0.000000e+00  0.000000e+00  1.000000e+00
    outer loop
      vertex  4.799979e+03 -7.254627e+03  9.649990e+03
      vertex -3.335417e+03 -2.923594e+03  9.649990e+03
      vertex -3.335686e+03 -2.945522e+03  9.649990e+03
    endloop
  endfacet
  facet normal  0.000000e+00  0.000000e+00  1.000000e+00
    outer loop
      vertex  4.799979e+03 -7.254627e+03  9.649990e+03
      vertex -3.335686e+03 -2.945522e+03  9.649990e+03
      vertex -3.335955e+03 -2.967357e+03  9.649990e+03
    endloop
  endfacet
  facet normal  0.000000e+00  0.000000e+00  1.000000e+00
    outer loop
      vertex  4.799979e+03 -7.254627e+03  9.649990e+03
      vertex -3.335955e+03 -2.967357e+03  9.649990e+03
      vertex -3.336218e+03 -2.988560e+03  9.649990e+03
    endloop
  endfacet
  facet normal  0.000000e+00  0.000000e+00  1.000000e+00
    outer loop
      vertex  4.799979e+03 -7.254627e+03  9.649990e+03
      vertex -3.336218e+03 -2.988560e+03  9.649990e+03
      vertex -3.336483e+03 -3.009670e+03  9.649990e+03
    endloop
  endfacet
  facet normal  0.000000e+00  0.000000e+00  1.000000e+00
    outer loop
      vertex  4.799979e+03 -7.254627e+03  9.649990e+03
      vertex -3.336483e+03 -3.009670e+03  9.649990e+03
      vertex -3.336913e+03 -3.043672e+03  9.649990e+03
    endloop
  endfacet
  facet normal  0.000000e+00  0.000000e+00  1.000000e+00
    outer loop
      vertex  4.799979e+03 -7.254627e+03  9.649990e+03
      vertex -3.336913e+03 -3.043672e+03  9.649990e+03
      vertex -3.337346e+03 -3.077416e+03  9.649990e+03
    endloop
  endfacet
  facet normal  0.000000e+00  0.000000e+00  1.000000e+00
    outer loop
      vertex  4.799979e+03 -7.254627e+03  9.649990e+03
      vertex -3.337346e+03 -3.077416e+03  9.649990e+03
      vertex -3.337782e+03 -3.110893e+03  9.649990e+03
    endloop
  endfacet
  facet normal  0.000000e+00  0.000000e+00  1.000000e+00
    outer loop
      vertex  4.799979e+03 -7.254627e+03  9.649990e+03
      vertex -3.337782e+03 -3.110893e+03  9.649990e+03
      vertex -3.338220e+03 -3.144093e+03  9.649990e+03
    endloop
  endfacet
  facet normal  0.000000e+00  0.000000e+00  1.000000e+00
    outer loop
      vertex  4.799979e+03 -7.254627e+03  9.649990e+03
      vertex -3.338220e+03 -3.144093e+03  9.649990e+03
      vertex -3.338662e+03 -3.177007e+03  9.649990e+03
    endloop
  endfacet
  facet normal  0.000000e+00  0.000000e+00  1.000000e+00
    outer loop
      vertex  4.799979e+03 -7.254627e+03  9.649990e+03
      vertex -3.338662e+03 -3.177007e+03  9.649990e+03
      vertex -3.339116e+03 -3.210347e+03  9.649990e+03
    endloop
  endfacet
  facet normal  0.000000e+00  0.000000e+00  1.000000e+00
    outer loop
      vertex  4.799979e+03 -7.254627e+03  9.649990e+03
      vertex -3.339116e+03 -3.210347e+03  9.649990e+03
      vertex -3.339574e+03 -3.243365e+03  9.649990e+03
    endloop
  endfacet
  facet normal  0.000000e+00  0.000000e+00  1.000000e+00
    outer loop
      vertex  4.799979e+03 -7.254627e+03  9.649990e+03
      vertex -3.339574e+03 -3.243365e+03  9.649990e+03
      vertex -3.339804e+03 -3.259781e+03  9.649990e+03
    endloop
  endfacet
  facet normal  0.000000e+00  0.000000e+00  1.000000e+00
    outer loop
      vertex  4.799979e+03 -7.254627e+03  9.649990e+03
      vertex -3.339804e+03 -3.259781e+03  9.649990e+03
      vertex -3.340036e+03 -3.276111e+03  9.649990e+03
    endloop
  endfacet
  facet normal  0.000000e+00  0.000000e+00  1.000000e+00
    outer loop
      vertex  4.799979e+03 -7.254627e+03  9.649990e+03
      vertex -3.340036e+03 -3.276111e+03  9.649990e+03
      vertex -3.340267e+03 -3.292294e+03  9.649990e+03
    endloop
  endfacet
  facet normal  0.000000e+00  0.000000e+00  1.000000e+00
    outer loop
      vertex  4.799979e+03 -7.254627e+03  9.649990e+03
      vertex -3.340267e+03 -3.292294e+03  9.649990e+03
      vertex -3.340499e+03 -3.308389e+03  9.649990e+03
    endloop
  endfacet
  facet normal  0.000000e+00  0.000000e+00  1.000000e+00
    outer loop
      vertex  4.799979e+03 -7.254627e+03  9.649990e+03
      vertex -3.340499e+03 -3.308389e+03  9.649990e+03
      vertex -3.340873e+03 -3.334002e+03  9.649990e+03
    endloop
  endfacet
  facet normal  0.000000e+00  0.000000e+00  1.000000e+00
    outer loop
      vertex  4.799979e+03 -7.254627e+03  9.649990e+03
      vertex -3.340873e+03 -3.334002e+03  9.649990e+03
      vertex -3.341249e+03 -3.359379e+03  9.649990e+03
    endloop
  endfacet
  facet normal  0.000000e+00  0.000000e+00  1.000000e+00
    outer loop
      vertex  4.799979e+03 -7.254627e+03  9.649990e+03
      vertex -3.341249e+03 -3.359379e+03  9.649990e+03
      vertex -3.341628e+03 -3.384513e+03  9.649990e+03
    endloop
  endfacet
  facet normal  0.000000e+00  0.000000e+00  9.999999e-01
    outer loop
      vertex  4.799979e+03 -7.254627e+03  9.649990e+03
      vertex -3.341628e+03 -3.384513e+03  9.649990e+03
      vertex -3.342008e+03 -3.409395e+03  9.649990e+03
    endloop
  endfacet
  facet normal  0.000000e+00  0.000000e+00  1.000000e+00
    outer loop
      vertex  4.799979e+03 -7.254627e+03  9.649990e+03
      vertex -3.342008e+03 -3.409395e+03  9.649990e+03
      vertex -3.342391e+03 -3.434018e+03  9.649990e+03
    endloop
  endfacet
  facet normal  0.000000e+00  0.000000e+00  1.000000e+00
    outer loop
      vertex  4.799979e+03 -7.254627e+03  9.649990e+03
      vertex -3.342391e+03 -3.434018e+03  9.649990e+03
      vertex -3.342774e+03 -3.458223e+03  9.649990e+03
    endloop
  endfacet
  facet normal  0.000000e+00  0.000000e+00  1.000000e+00
    outer loop
      vertex  4.799979e+03 -7.254627e+03  9.649990e+03
      vertex -3.342774e+03 -3.458223e+03  9.649990e+03
      vertex -3.343160e+03 -3.482157e+03  9.649990e+03
    endloop
  endfacet
  facet normal  0.000000e+00  0.000000e+00  1.000000e+00
    outer loop
      vertex  4.799979e+03 -7.254627e+03  9.649990e+03
      vertex -3.343160e+03 -3.482157e+03  9.649990e+03
      vertex -3.343547e+03 -3.505812e+03  9.649990e+03
    endloop
  endfacet
  facet normal  0.000000e+00  0.000000e+00  1.000000e+00
    outer loop
      vertex  4.799979e+03 -7.254627e+03  9.649990e+03
      vertex -3.343547e+03 -3.505812e+03  9.649990e+03
      vertex -3.343937e+03 -3.529178e+03  9.649990e+03
    endloop
  endfacet
  facet normal  0.000000e+00  0.000000e+00  1.000000e+00
    outer loop
      vertex  4.799979e+03 -7.254627e+03  9.649990e+03
      vertex -3.343937e+03 -3.529178e+03  9.649990e+03
      vertex -3.344329e+03 -3.552248e+03  9.649990e+03
    endloop
  endfacet
  facet normal  0.000000e+00  0.000000e+00  1.000000e+00
    outer loop
      vertex  4.799979e+03 -7.254627e+03  9.649990e+03
      vertex -3.344329e+03 -3.552248e+03  9.649990e+03
      vertex -3.344723e+03 -3.575011e+03  9.649990e+03
    endloop
  endfacet
  facet normal  0.000000e+00  0.000000e+00  1.000000e+00
    outer loop
      vertex  4.799979e+03 -7.254627e+03  9.649990e+03
      vertex -3.344723e+03 -3.575011e+03  9.649990e+03
      vertex -3.345120e+03 -3.597459e+03  9.649990e+03
    endloop
  endfacet
  facet normal  0.000000e+00  0.000000e+00  9.999999e-01
    outer loop
      vertex  4.799979e+03 -7.254627e+03  9.649990e+03
      vertex -3.345120e+03 -3.597459e+03  9.649990e+03
      vertex -3.345319e+03 -3.608594e+03  9.649990e+03
    endloop
  endfacet
  facet normal  0.000000e+00  0.000000e+00  1.000000e+00
    outer loop
      vertex  4.799979e+03 -7.254627e+03  9.649990e+03
      vertex -3.345319e+03 -3.608594e+03  9.649990e+03
      vertex -3.345519e+03 -3.619645e+03  9.649990e+03
    endloop
  endfacet
  facet normal  0.000000e+00  0.000000e+00  1.000000e+00
    outer loop
      vertex  4.799979e+03 -7.254627e+03  9.649990e+03
      vertex -3.345519e+03 -3.619645e+03  9.649990e+03
      vertex -3.345719e+03 -3.630550e+03  9.649990e+03
    endloop
  endfacet
  facet normal  0.000000e+00  0.000000e+00  1.000000e+00
    outer loop
      vertex  4.799979e+03 -7.254627e+03  9.649990e+03
      vertex -3.345719e+03 -3.630550e+03  9.649990e+03
      vertex -3.345919e+03 -3.641370e+03  9.649990e+03
    endloop
  endfacet
  facet normal  0.000000e+00  0.000000e+00  1.000000e+00
    outer loop
      vertex  4.799979e+03 -7.254627e+03  9.649990e+03
      vertex -3.345919e+03 -3.641370e+03  9.649990e+03
      vertex -3.346281e+03 -3.660689e+03  9.649990e+03
    endloop
  endfacet
  facet normal  0.000000e+00  0.000000e+00  1.000000e+00
    outer loop
      vertex  4.799979e+03 -7.254627e+03  9.649990e+03
      vertex -3.346281e+03 -3.660689e+03  9.649990e+03
      vertex -3.346646e+03 -3.679720e+03  9.649990e+03
    endloop
  endfacet
  facet normal  0.000000e+00  0.000000e+00  1.000000e+00
    outer loop
      vertex  4.799979e+03 -7.254627e+03  9.649990e+03
      vertex -3.346646e+03 -3.679720e+03  9.649990e+03
      vertex -3.347011e+03 -3.698456e+03  9.649990e+03
    endloop
  endfacet
  facet normal  0.000000e+00  0.000000e+00  1.000000e+00
    outer loop
      vertex  4.799979e+03 -7.254627e+03  9.649990e+03
      vertex -3.347011e+03 -3.698456e+03  9.649990e+03
      vertex -3.347378e+03 -3.716887e+03  9.649990e+03
    endloop
  endfacet
  facet normal  0.000000e+00  0.000000e+00  1.000000e+00
    outer loop
      vertex  4.799979e+03 -7.254627e+03  9.649990e+03
      vertex -3.347378e+03 -3.716887e+03  9.649990e+03
      vertex -3.347747e+03 -3.735006e+03  9.649990e+03
    endloop
  endfacet
  facet normal  0.000000e+00  0.000000e+00  1.000000e+00
    outer loop
      vertex  4.799979e+03 -7.254627e+03  9.649990e+03
      vertex -3.347747e+03 -3.735006e+03  9.649990e+03
      vertex -3.347931e+03 -3.743945e+03  9.649990e+03
    endloop
  endfacet
  facet normal  0.000000e+00  0.000000e+00  1.000000e+00
    outer loop
      vertex  4.799979e+03 -7.254627e+03  9.649990e+03
      vertex -3.347931e+03 -3.743945e+03  9.649990e+03
      vertex -3.348116e+03 -3.752803e+03  9.649990e+03
    endloop
  endfacet
  facet normal  0.000000e+00  0.000000e+00  1.000000e+00
    outer loop
      vertex  4.799979e+03 -7.254627e+03  9.649990e+03
      vertex -3.348116e+03 -3.752803e+03  9.649990e+03
      vertex -3.348394e+03 -3.765936e+03  9.649990e+03
    endloop
  endfacet
  facet normal  0.000000e+00  0.000000e+00  1.000000e+00
    outer loop
      vertex  4.799979e+03 -7.254627e+03  9.649990e+03
      vertex -3.348394e+03 -3.765936e+03  9.649990e+03
      vertex -3.348673e+03 -3.778878e+03  9.649990e+03
    endloop
  endfacet
  facet normal  0.000000e+00  0.000000e+00  1.000000e+00
    outer loop
      vertex  4.799979e+03 -7.254627e+03  9.649990e+03
      vertex -3.348673e+03 -3.778878e+03  9.649990e+03
      vertex -3.348952e+03 -3.791628e+03  9.649990e+03
    endloop
  endfacet
  facet normal  0.000000e+00  0.000000e+00  1.000000e+00
    outer loop
      vertex  4.799979e+03 -7.254627e+03  9.649990e+03
      vertex -3.348952e+03 -3.791628e+03  9.649990e+03
      vertex -3.349232e+03 -3.804180e+03  9.649990e+03
    endloop
  endfacet
  facet normal  0.000000e+00  0.000000e+00  9.999999e-01
    outer loop
      vertex  4.799979e+03 -7.254627e+03  9.649990e+03
      vertex -3.349232e+03 -3.804180e+03  9.649990e+03
      vertex -3.349571e+03 -3.819112e+03  9.649990e+03
    endloop
  endfacet
  facet normal  0.000000e+00  0.000000e+00  1.000000e+00
    outer loop
      vertex  4.799979e+03 -7.254627e+03  9.649990e+03
      vertex -3.349571e+03 -3.819112e+03  9.649990e+03
      vertex -3.349911e+03 -3.833742e+03  9.649990e+03
    endloop
  endfacet
  facet normal  0.000000e+00  0.000000e+00  1.000000e+00
    outer loop
      vertex  4.799979e+03 -7.254627e+03  9.649990e+03
      vertex -3.349911e+03 -3.833742e+03  9.649990e+03
      vertex -3.350251e+03 -3.848062e+03  9.649990e+03
    endloop
  endfacet
  facet normal  0.000000e+00  0.000000e+00  1.000000e+00
    outer loop
      vertex  4.799979e+03 -7.254627e+03  9.649990e+03
      vertex -3.350251e+03 -3.848062e+03  9.649990e+03
      vertex -3.350421e+03 -3.855103e+03  9.649990e+03
    endloop
  endfacet
  facet normal  0.000000e+00  0.000000e+00  1.000000e+00
    outer loop
      vertex  4.799979e+03 -7.254627e+03  9.649990e+03
      vertex -3.350421e+03 -3.855103e+03  9.649990e+03
      vertex -3.350591e+03 -3.862064e+03  9.649990e+03
    endloop
  endfacet
  facet normal  0.000000e+00  0.000000e+00  9.999999e-01
    outer loop
      vertex  4.799979e+03 -7.254627e+03  9.649990e+03
      vertex -3.350591e+03 -3.862064e+03  9.649990e+03
      vertex -3.350875e+03 -3.873485e+03  9.649990e+03
    endloop
  endfacet
  facet normal  0.000000e+00  0.000000e+00  1.000000e+00
    outer loop
      vertex  4.799979e+03 -7.254627e+03  9.649990e+03
      vertex -3.350875e+03 -3.873485e+03  9.649990e+03
      vertex -3.351158e+03 -3.884675e+03  9.649990e+03
    endloop
  endfacet
  facet normal  0.000000e+00  0.000000e+00  1.000000e+00
    outer loop
      vertex  4.799979e+03 -7.254627e+03  9.649990e+03
      vertex -3.351158e+03 -3.884675e+03  9.649990e+03
      vertex -3.351441e+03 -3.895630e+03  9.649990e+03
    endloop
  endfacet
  facet normal  0.000000e+00  0.000000e+00  1.000000e+00
    outer loop
      vertex  4.799979e+03 -7.254627e+03  9.649990e+03
      vertex -3.351441e+03 -3.895630e+03  9.649990e+03
      vertex -3.351724e+03 -3.906346e+03  9.649990e+03
    endloop
  endfacet
  facet normal  0.000000e+00  0.000000e+00  1.000000e+00
    outer loop
      vertex  4.799979e+03 -7.254627e+03  9.649990e+03
      vertex -3.351724e+03 -3.906346e+03  9.649990e+03
      vertex -3.352007e+03 -3.916818e+03  9.649990e+03
    endloop
  endfacet
  facet normal  0.000000e+00  0.000000e+00  1.000000e+00
    outer loop
      vertex  4.799979e+03 -7.254627e+03  9.649990e+03
      vertex -3.352007e+03 -3.916818e+03  9.649990e+03
      vertex -3.352289e+03 -3.927040e+03  9.649990e+03
    endloop
  endfacet
  facet normal  0.000000e+00  0.000000e+00  1.000000e+00
    outer loop
      vertex  4.799979e+03 -7.254627e+03  9.649990e+03
      vertex -3.352289e+03 -3.927040e+03  9.649990e+03
      vertex -3.352584e+03 -3.937466e+03  9.649990e+03
    endloop
  endfacet
  facet normal  0.000000e+00  0.000000e+00  1.000000e+00
    outer loop
      vertex  4.799979e+03 -7.254627e+03  9.649990e+03
      vertex -3.352584e+03 -3.937466e+03  9.649990e+03
      vertex -3.352877e+03 -3.947608e+03  9.649990e+03
    endloop
  endfacet
  facet normal  0.000000e+00  0.000000e+00  1.000000e+00
    outer loop
      vertex  4.799979e+03 -7.254627e+03  9.649990e+03
      vertex -3.352877e+03 -3.947608e+03  9.649990e+03
      vertex -3.353170e+03 -3.957461e+03  9.649990e+03
    endloop
  endfacet
  facet normal  0.000000e+00  0.000000e+00  1.000000e+00
    outer loop
      vertex  4.799979e+03 -7.254627e+03  9.649990e+03
      vertex -3.353170e+03 -3.957461e+03  9.649990e+03
      vertex -3.353461e+03 -3.967021e+03  9.649990e+03
    endloop
  endfacet
  facet normal  0.000000e+00  0.000000e+00  1.000000e+00
    outer loop
      vertex  4.799979e+03 -7.254627e+03  9.649990e+03
      vertex -3.353461e+03 -3.967021e+03  9.649990e+03
      vertex -3.353751e+03 -3.976282e+03  9.649990e+03
    endloop
  endfacet
  facet normal  0.000000e+00  0.000000e+00  1.000000e+00
    outer loop
      vertex  4.799979e+03 -7.254627e+03  9.649990e+03
      vertex -3.353751e+03 -3.976282e+03  9.649990e+03
      vertex -3.353895e+03 -3.980798e+03  9.649990e+03
    endloop
  endfacet
  facet normal  0.000000e+00  0.000000e+00  1.000000e+00
    outer loop
      vertex  4.799979e+03 -7.254627e+03  9.649990e+03
      vertex -3.353895e+03 -3.980798e+03  9.649990e+03
      vertex -3.354039e+03 -3.985237e+03  9.649990e+03
    endloop
  endfacet
  facet normal  0.000000e+00  0.000000e+00  1.000000e+00
    outer loop
      vertex  4.799979e+03 -7.254627e+03  9.649990e+03
      vertex -3.354039e+03 -3.985237e+03  9.649990e+03
      vertex -3.354230e+03 -3.991035e+03  9.649990e+03
    endloop
  endfacet
  facet normal  0.000000e+00  0.000000e+00  1.000000e+00
    outer loop
      vertex  4.799979e+03 -7.254627e+03  9.649990e+03
      vertex -3.354230e+03 -3.991035e+03  9.649990e+03
      vertex -3.354420e+03 -3.996694e+03  9.649990e+03
    endloop
  endfacet
  facet normal  0.000000e+00  0.000000e+00  9.999999e-01
    outer loop
      vertex  4.799979e+03 -7.254627e+03  9.649990e+03
      vertex -3.354420e+03 -3.996694e+03  9.649990e+03
      vertex -3.354609e+03 -4.002211e+03  9.649990e+03
    endloop
  endfacet
  facet normal  0.000000e+00  0.000000e+00  1.000000e+00
    outer loop
      vertex  4.799979e+03 -7.254627e+03  9.649990e+03
      vertex -3.354609e+03 -4.002211e+03  9.649990e+03
      vertex -3.354820e+03 -4.008248e+03  9.649990e+03
    endloop
  endfacet
  facet normal  0.000000e+00  0.000000e+00  1.000000e+00
    outer loop
      vertex  4.799979e+03 -7.254627e+03  9.649990e+03
      vertex -3.354820e+03 -4.008248e+03  9.649990e+03
      vertex -3.355031e+03 -4.014101e+03  9.649990e+03
    endloop
  endfacet
  facet normal  0.000000e+00  0.000000e+00  1.000000e+00
    outer loop
      vertex  4.799979e+03 -7.254627e+03  9.649990e+03
      vertex -3.355031e+03 -4.014101e+03  9.649990e+03
      vertex -3.355239e+03 -4.019770e+03  9.649990e+03
    endloop
  endfacet
  facet normal  0.000000e+00  0.000000e+00  1.000000e+00
    outer loop
      vertex  4.799979e+03 -7.254627e+03  9.649990e+03
      vertex -3.355239e+03 -4.019770e+03  9.649990e+03
      vertex -3.355446e+03 -4.025250e+03  9.649990e+03
    endloop
  endfacet
  facet normal  0.000000e+00  0.000000e+00  1.000000e+00
    outer loop
      vertex  4.799979e+03 -7.254627e+03  9.649990e+03
      vertex -3.355446e+03 -4.025250e+03  9.649990e+03
      vertex -3.355570e+03 -4.028470e+03  9.649990e+03
    endloop
  endfacet
  facet normal  0.000000e+00  0.000000e+00  1.000000e+00
    outer loop
      vertex  4.799979e+03 -7.254627e+03  9.649990e+03
      vertex -3.355570e+03 -4.028470e+03  9.649990e+03
      vertex -3.355693e+03 -4.031621e+03  9.649990e+03
    endloop
  endfacet
  facet normal  0.000000e+00  0.000000e+00  1.000000e+00
    outer loop
      vertex  4.799979e+03 -7.254627e+03  9.649990e+03
      vertex -3.355693e+03 -4.031621e+03  9.649990e+03
      vertex -3.355857e+03 -4.035712e+03  9.649990e+03
    endloop
  endfacet
  facet normal  0.000000e+00  0.000000e+00  1.000000e+00
    outer loop
      vertex  4.799979e+03 -7.254627e+03  9.649990e+03
      vertex -3.355857e+03 -4.035712e+03  9.649990e+03
      vertex -3.356019e+03 -4.039677e+03  9.649990e+03
    endloop
  endfacet
  facet normal  0.000000e+00  0.000000e+00  1.000000e+00
    outer loop
      vertex  4.799979e+03 -7.254627e+03  9.649990e+03
      vertex -3.356019e+03 -4.039677e+03  9.649990e+03
      vertex -3.356179e+03 -4.043516e+03  9.649990e+03
    endloop
  endfacet
  facet normal  0.000000e+00  0.000000e+00  1.000000e+00
    outer loop
      vertex  4.799979e+03 -7.254627e+03  9.649990e+03
      vertex -3.356179e+03 -4.043516e+03  9.649990e+03
      vertex -3.356358e+03 -4.047682e+03  9.649990e+03
    endloop
  endfacet
  facet normal  0.000000e+00  0.000000e+00  1.000000e+00
    outer loop
      vertex  4.799979e+03 -7.254627e+03  9.649990e+03
      vertex -3.356358e+03 -4.047682e+03  9.649990e+03
      vertex -3.356535e+03 -4.051684e+03  9.649990e+03
    endloop
  endfacet
  facet normal  0.000000e+00  0.000000e+00  9.999999e-01
    outer loop
      vertex  4.799979e+03 -7.254627e+03  9.649990e+03
      vertex -3.356535e+03 -4.051684e+03  9.649990e+03
      vertex -3.356710e+03 -4.055522e+03  9.649990e+03
    endloop
  endfacet
  facet normal  0.000000e+00  0.000000e+00  1.000000e+00
    outer loop
      vertex  4.799979e+03 -7.254627e+03  9.649990e+03
      vertex -3.356710e+03 -4.055522e+03  9.649990e+03
      vertex -3.356883e+03 -4.059193e+03  9.649990e+03
    endloop
  endfacet
  facet normal  0.000000e+00  0.000000e+00  1.000000e+00
    outer loop
      vertex  4.799979e+03 -7.254627e+03  9.649990e+03
      vertex -3.356883e+03 -4.059193e+03  9.649990e+03
      vertex -3.357078e+03 -4.063184e+03  9.649990e+03
    endloop
  endfacet
  facet normal  0.000000e+00  0.000000e+00  1.000000e+00
    outer loop
      vertex  4.799979e+03 -7.254627e+03  9.649990e+03
      vertex -3.357078e+03 -4.063184e+03  9.649990e+03
      vertex -3.357175e+03 -4.065127e+03  9.649990e+03
    endloop
  endfacet
  facet normal  0.000000e+00  0.000000e+00  9.999999e-01
    outer loop
      vertex  4.799979e+03 -7.254627e+03  9.649990e+03
      vertex -3.357175e+03 -4.065127e+03  9.649990e+03
      vertex -3.357272e+03 -4.067014e+03  9.649990e+03
    endloop
  endfacet
  facet normal  0.000000e+00  0.000000e+00  9.999999e-01
    outer loop
      vertex  4.799979e+03 -7.254627e+03  9.649990e+03
      vertex -3.357272e+03 -4.067014e+03  9.649990e+03
      vertex -3.357365e+03 -4.068785e+03  9.649990e+03
    endloop
  endfacet
  facet normal  0.000000e+00  0.000000e+00  1.000000e+00
    outer loop
      vertex  4.799979e+03 -7.254627e+03  9.649990e+03
      vertex -3.357365e+03 -4.068785e+03  9.649990e+03
      vertex -3.357457e+03 -4.070502e+03  9.649990e+03
    endloop
  endfacet
  facet normal  0.000000e+00  0.000000e+00  1.000000e+00
    outer loop
      vertex  4.799979e+03 -7.254627e+03  9.649990e+03
      vertex -3.357457e+03 -4.070502e+03  9.649990e+03
      vertex -3.357604e+03 -4.073178e+03  9.649990e+03
    endloop
  endfacet
  facet normal  0.000000e+00  0.000000e+00  1.000000e+00
    outer loop
      vertex  4.799979e+03 -7.254627e+03  9.649990e+03
      vertex -3.357604e+03 -4.073178e+03  9.649990e+03
      vertex -3.357750e+03 -4.075710e+03  9.649990e+03
    endloop
  endfacet
  facet normal  0.000000e+00  0.000000e+00  1.000000e+00
    outer loop
      vertex  4.799979e+03 -7.254627e+03  9.649990e+03
      vertex -3.357750e+03 -4.075710e+03  9.649990e+03
      vertex -3.357893e+03 -4.078098e+03  9.649990e+03
    endloop
  endfacet
  facet normal  0.000000e+00  0.000000e+00  1.000000e+00
    outer loop
      vertex  4.799979e+03 -7.254627e+03  9.649990e+03
      vertex -3.357893e+03 -4.078098e+03  9.649990e+03
      vertex -3.358033e+03 -4.080339e+03  9.649990e+03
    endloop
  endfacet
  facet normal  0.000000e+00  0.000000e+00  1.000000e+00
    outer loop
      vertex  4.799979e+03 -7.254627e+03  9.649990e+03
      vertex -3.358033e+03 -4.080339e+03  9.649990e+03
      vertex -3.358170e+03 -4.082433e+03  9.649990e+03
    endloop
  endfacet
  facet normal  0.000000e+00  0.000000e+00  1.000000e+00
    outer loop
      vertex  4.799979e+03 -7.254627e+03  9.649990e+03
      vertex -3.358170e+03 -4.082433e+03  9.649990e+03
      vertex -3.358307e+03 -4.084410e+03  9.649990e+03
    endloop
  endfacet
  facet normal  0.000000e+00  0.000000e+00  1.000000e+00
    outer loop
      vertex  4.799979e+03 -7.254627e+03  9.649990e+03
      vertex -3.358307e+03 -4.084410e+03  9.649990e+03
      vertex -3.358375e+03 -4.085353e+03  9.649990e+03
    endloop
  endfacet
  facet normal  0.000000e+00  0.000000e+00  1.000000e+00
    outer loop
      vertex  4.799979e+03 -7.254627e+03  9.649990e+03
      vertex -3.358375e+03 -4.085353e+03  9.649990e+03
      vertex -3.358442e+03 -4.086257e+03  9.649990e+03
    endloop
  endfacet
  facet normal  0.000000e+00  0.000000e+00  1.000000e+00
    outer loop
      vertex  4.799979e+03 -7.254627e+03  9.649990e+03
      vertex -3.358442e+03 -4.086257e+03  9.649990e+03
      vertex -3.358507e+03 -4.087100e+03  9.649990e+03
    endloop
  endfacet
  facet normal  0.000000e+00  0.000000e+00  1.000000e+00
    outer loop
      vertex  4.799979e+03 -7.254627e+03  9.649990e+03
      vertex -3.358507e+03 -4.087100e+03  9.649990e+03
      vertex -3.358571e+03 -4.087905e+03  9.649990e+03
    endloop
  endfacet
  facet normal  0.000000e+00  0.000000e+00  1.000000e+00
    outer loop
      vertex  4.799979e+03 -7.254627e+03  9.649990e+03
      vertex -3.358571e+03 -4.087905e+03  9.649990e+03
      vertex -3.358667e+03 -4.089058e+03  9.649990e+03
    endloop
  endfacet
  facet normal  0.000000e+00  0.000000e+00  1.000000e+00
    outer loop
      vertex  4.799979e+03 -7.254627e+03  9.649990e+03
      vertex -3.358667e+03 -4.089058e+03  9.649990e+03
      vertex -3.358761e+03 -4.090124e+03  9.649990e+03
    endloop
  endfacet
  facet normal  0.000000e+00  0.000000e+00  1.000000e+00
    outer loop
      vertex  4.799979e+03 -7.254627e+03  9.649990e+03
      vertex -3.358761e+03 -4.090124e+03  9.649990e+03
      vertex -3.358853e+03 -4.091103e+03  9.649990e+03
    endloop
  endfacet
  facet normal  0.000000e+00  0.000000e+00  9.999999e-01
    outer loop
      vertex  4.799979e+03 -7.254627e+03  9.649990e+03
      vertex -3.358853e+03 -4.091103e+03  9.649990e+03
      vertex -3.358943e+03 -4.091994e+03  9.649990e+03
    endloop
  endfacet
  facet normal  0.000000e+00  0.000000e+00  1.000000e+00
    outer loop
      vertex  4.799979e+03 -7.254627e+03  9.649990e+03
      vertex -3.358943e+03 -4.091994e+03  9.649990e+03
      vertex -3.359031e+03 -4.092799e+03  9.649990e+03
    endloop
  endfacet
  facet normal  0.000000e+00  0.000000e+00  1.000000e+00
    outer loop
      vertex  4.799979e+03 -7.254627e+03  9.649990e+03
      vertex -3.359031e+03 -4.092799e+03  9.649990e+03
      vertex -3.359074e+03 -4.093169e+03  9.649990e+03
    endloop
  endfacet
  facet normal  0.000000e+00  0.000000e+00  1.000000e+00
    outer loop
      vertex  4.799979e+03 -7.254627e+03  9.649990e+03
      vertex -3.359074e+03 -4.093169e+03  9.649990e+03
      vertex -3.359116e+03 -4.093517e+03  9.649990e+03
    endloop
  endfacet
  facet normal  0.000000e+00  0.000000e+00  1.000000e+00
    outer loop
      vertex  4.799979e+03 -7.254627e+03  9.649990e+03
      vertex -3.359116e+03 -4.093517e+03  9.649990e+03
      vertex -3.359172e+03 -4.093947e+03  9.649990e+03
    endloop
  endfacet
  facet normal  0.000000e+00  0.000000e+00  1.000000e+00
    outer loop
      vertex  4.799979e+03 -7.254627e+03  9.649990e+03
      vertex -3.359172e+03 -4.093947e+03  9.649990e+03
      vertex -3.359227e+03 -4.094338e+03  9.649990e+03
    endloop
  endfacet
  facet normal  0.000000e+00  0.000000e+00  1.000000e+00
    outer loop
      vertex  4.799979e+03 -7.254627e+03  9.649990e+03
      vertex -3.359227e+03 -4.094338e+03  9.649990e+03
      vertex -3.359281e+03 -4.094690e+03  9.649990e+03
    endloop
  endfacet
  facet normal  0.000000e+00  0.000000e+00  1.000000e+00
    outer loop
      vertex  4.799979e+03 -7.254627e+03  9.649990e+03
      vertex -3.359281e+03 -4.094690e+03  9.649990e+03
      vertex -3.359340e+03 -4.095036e+03  9.649990e+03
    endloop
  endfacet
  facet normal  0.000000e+00  0.000000e+00  1.000000e+00
    outer loop
      vertex  4.799979e+03 -7.254627e+03  9.649990e+03
      vertex -3.359340e+03 -4.095036e+03  9.649990e+03
      vertex -3.359369e+03 -4.095191e+03  9.649990e+03
    endloop
  endfacet
  facet normal  0.000000e+00  0.000000e+00  1.000000e+00
    outer loop
      vertex  4.799979e+03 -7.254627e+03  9.649990e+03
      vertex -3.359369e+03 -4.095191e+03  9.649990e+03
      vertex -3.359397e+03 -4.095334e+03  9.649990e+03
    endloop
  endfacet
  facet normal  0.000000e+00  0.000000e+00  9.999999e-01
    outer loop
      vertex  4.799979e+03 -7.254627e+03  9.649990e+03
      vertex -3.359397e+03 -4.095334e+03  9.649990e+03
      vertex -3.359435e+03 -4.095506e+03  9.649990e+03
    endloop
  endfacet
  facet normal  0.000000e+00  0.000000e+00  1.000000e+00
    outer loop
      vertex  4.799979e+03 -7.254627e+03  9.649990e+03
      vertex -3.359435e+03 -4.095506e+03  9.649990e+03
      vertex -3.359472e+03 -4.095657e+03  9.649990e+03
    endloop
  endfacet
  facet normal  0.000000e+00  0.000000e+00  1.000000e+00
    outer loop
      vertex  4.799979e+03 -7.254627e+03  9.649990e+03
      vertex -3.359472e+03 -4.095657e+03  9.649990e+03
      vertex -3.359508e+03 -4.095787e+03  9.649990e+03
    endloop
  endfacet
  facet normal  0.000000e+00  0.000000e+00  9.999999e-01
    outer loop
      vertex  4.799979e+03 -7.254627e+03  9.649990e+03
      vertex -3.359508e+03 -4.095787e+03  9.649990e+03
      vertex -3.359544e+03 -4.095895e+03  9.649990e+03
    endloop
  endfacet
  facet normal  0.000000e+00  0.000000e+00  1.000000e+00
    outer loop
      vertex  4.799979e+03 -7.254627e+03  9.649990e+03
      vertex -3.359544e+03 -4.095895e+03  9.649990e+03
      vertex -3.359563e+03 -4.095945e+03  9.649990e+03
    endloop
  endfacet
  facet normal  0.000000e+00  0.000000e+00  1.000000e+00
    outer loop
      vertex  4.799979e+03 -7.254627e+03  9.649990e+03
      vertex -3.359563e+03 -4.095945e+03  9.649990e+03
      vertex -3.359582e+03 -4.095988e+03  9.649990e+03
    endloop
  endfacet
  facet normal  0.000000e+00  0.000000e+00  1.000000e+00
    outer loop
      vertex  4.799979e+03 -7.254627e+03  9.649990e+03
      vertex -3.359582e+03 -4.095988e+03  9.649990e+03
      vertex -3.359598e+03 -4.096020e+03  9.649990e+03
    endloop
  endfacet
  facet normal  0.000000e+00  0.000000e+00  1.000000e+00
    outer loop
      vertex  4.799979e+03 -7.254627e+03  9.649990e+03
      vertex -3.359598e+03 -4.096020e+03  9.649990e+03
      vertex -3.359614e+03 -4.096047e+03  9.649990e+03
    endloop
  endfacet
  facet normal  0.000000e+00  0.000000e+00  9.999999e-01
    outer loop
      vertex  4.799979e+03 -7.254627e+03  9.649990e+03
      vertex -3.359614e+03 -4.096047e+03  9.649990e+03
      vertex -3.359639e+03 -4.096082e+03  9.649990e+03
    endloop
  endfacet
  facet normal  0.000000e+00  0.000000e+00  1.000000e+00
    outer loop
      vertex  4.799944e+03 -7.254619e+03  9.649990e+03
      vertex  4.799979e+03 -7.254627e+03  9.649990e+03
      vertex -3.359639e+03 -4.096082e+03  9.649990e+03
    endloop
  endfacet
  facet normal  0.000000e+00  0.000000e+00  1.000000e+00
    outer loop
      vertex  4.799944e+03 -7.254619e+03  9.649990e+03
      vertex -3.359639e+03 -4.096082e+03  9.649990e+03
      vertex -3.343631e+03 -4.104540e+03  9.649990e+03
    endloop
  endfacet
  facet normal  0.000000e+00  0.000000e+00  1.000000e+00
    outer loop
      vertex  4.799944e+03 -7.254619e+03  9.649990e+03
      vertex -3.343631e+03 -4.104540e+03  9.649990e+03
      vertex  4.441255e+03 -7.173176e+03  9.649990e+03
    endloop
  endfacet
  facet normal -3.397077e-01 -5.663485e-01 -7.508981e-01
    outer loop
      vertex -2.788381e+03 -2.460479e+03  7.739482e+03
      vertex -3.209798e+03 -2.378858e+03  7.868572e+03
      vertex -3.199801e+03 -2.250000e+03  7.766860e+03
    endloop
  endfacet
  facet normal -2.905171e-01 -5.396054e-01 -7.902063e-01
    outer loop
      vertex  4.080779e+02 -3.652555e+03  7.250000e+03
      vertex  3.592222e+02 -3.813584e+03  7.377923e+03
      vertex  1.660917e+02 -3.522272e+03  7.250000e+03
    endloop
  endfacet
  facet normal -3.158129e-01 -5.063525e-01 -8.024148e-01
    outer loop
      vertex -7.643550e+02 -2.976081e+03  7.250000e+03
      vertex -1.109697e+03 -2.931973e+03  7.358085e+03
      vertex -1.183652e+03 -2.714565e+03  7.250000e+03
    endloop
  endfacet
  facet normal -3.123069e-01 -4.972190e-01 -8.094674e-01
    outer loop
      vertex -1.521430e+03 -2.580237e+03  7.298095e+03
      vertex -1.937697e+03 -2.429254e+03  7.365957e+03
      vertex -1.652259e+03 -2.419763e+03  7.250000e+03
    endloop
  endfacet
  facet normal -3.130941e-01 -4.976840e-01 -8.088774e-01
    outer loop
      vertex -1.183652e+03 -2.714565e+03  7.250000e+03
      vertex -1.521430e+03 -2.580237e+03  7.298095e+03
      vertex -1.652259e+03 -2.419763e+03  7.250000e+03
    endloop
  endfacet
  facet normal -3.708148e-01 -6.304985e-01 -6.818858e-01
    outer loop
      vertex -2.844614e+03 -3.271195e+03  8.437810e+03
      vertex -3.269783e+03 -3.118346e+03  8.527690e+03
      vertex -3.259786e+03 -2.999504e+03  8.412367e+03
    endloop
  endfacet
  facet normal -3.770913e-01 -6.510612e-01 -6.587271e-01
    outer loop
      vertex -3.289779e+03 -3.350239e+03  8.764404e+03
      vertex -3.279781e+03 -3.235276e+03  8.645056e+03
      vertex -2.858658e+03 -3.461202e+03  8.627279e+03
    endloop
  endfacet
  facet normal -3.570448e-01 -6.871035e-01 -6.327778e-01
    outer loop
      vertex -2.964471e+03 -4.302585e+03  9.649990e+03
      vertex -3.359136e+03 -4.089901e+03  9.641736e+03
      vertex -2.952449e+03 -4.308832e+03  9.649990e+03
    endloop
  endfacet
  facet normal -3.588504e-01 -6.902797e-01 -6.282836e-01
    outer loop
      vertex -2.976492e+03 -4.296335e+03  9.649990e+03
      vertex -3.359136e+03 -4.089901e+03  9.641736e+03
      vertex -2.964471e+03 -4.302585e+03  9.649990e+03
    endloop
  endfacet
  facet normal -3.608804e-01 -6.938395e-01 -6.231790e-01
    outer loop
      vertex -3.000456e+03 -4.283872e+03  9.649990e+03
      vertex -3.359136e+03 -4.089901e+03  9.641736e+03
      vertex -2.976492e+03 -4.296335e+03  9.649990e+03
    endloop
  endfacet
  facet normal -3.634854e-01 -6.983733e-01 -6.165656e-01
    outer loop
      vertex -3.024418e+03 -4.271400e+03  9.649990e+03
      vertex -3.359136e+03 -4.089901e+03  9.641736e+03
      vertex -3.000456e+03 -4.283872e+03  9.649990e+03
    endloop
  endfacet
  facet normal -3.661568e-01 -7.029887e-01 -6.097015e-01
    outer loop
      vertex -3.048378e+03 -4.258920e+03  9.649990e+03
      vertex -3.359136e+03 -4.089901e+03  9.641736e+03
      vertex -3.024418e+03 -4.271400e+03  9.649990e+03
    endloop
  endfacet
  facet normal -3.681925e-01 -7.064736e-01 -6.044247e-01
    outer loop
      vertex -3.072338e+03 -4.246433e+03  9.649990e+03
      vertex -3.359136e+03 -4.089901e+03  9.641736e+03
      vertex -3.048378e+03 -4.258920e+03  9.649990e+03
    endloop
  endfacet
  facet normal -3.700491e-01 -7.096201e-01 -5.995857e-01
    outer loop
      vertex -3.090084e+03 -4.237179e+03  9.649990e+03
      vertex -3.359136e+03 -4.089901e+03  9.641736e+03
      vertex -3.072338e+03 -4.246433e+03  9.649990e+03
    endloop
  endfacet
  facet normal -3.713945e-01 -7.118806e-01 -5.960641e-01
    outer loop
      vertex -3.107830e+03 -4.227920e+03  9.649990e+03
      vertex -3.359136e+03 -4.089901e+03  9.641736e+03
      vertex -3.090084e+03 -4.237179e+03  9.649990e+03
    endloop
  endfacet
  facet normal -3.727427e-01 -7.141237e-01 -5.925286e-01
    outer loop
      vertex -3.125575e+03 -4.218658e+03  9.649990e+03
      vertex -3.359136e+03 -4.089901e+03  9.641736e+03
      vertex -3.107830e+03 -4.227920e+03  9.649990e+03
    endloop
  endfacet
  facet normal -3.737695e-01 -7.158136e-01 -5.898367e-01
    outer loop
      vertex -3.138884e+03 -4.211709e+03  9.649990e+03
      vertex -3.359136e+03 -4.089901e+03  9.641736e+03
      vertex -3.125575e+03 -4.218658e+03  9.649990e+03
    endloop
  endfacet
  facet normal -3.745713e-01 -7.171215e-01 -5.877355e-01
    outer loop
      vertex -3.152192e+03 -4.204758e+03  9.649990e+03
      vertex -3.359136e+03 -4.089901e+03  9.641736e+03
      vertex -3.138884e+03 -4.211709e+03  9.649990e+03
    endloop
  endfacet
  facet normal -3.756662e-01 -7.188879e-01 -5.848718e-01
    outer loop
      vertex -3.178807e+03 -4.190850e+03  9.649990e+03
      vertex -3.359136e+03 -4.089901e+03  9.641736e+03
      vertex -3.152192e+03 -4.204758e+03  9.649990e+03
    endloop
  endfacet
  facet normal -3.770330e-01 -7.210406e-01 -5.813317e-01
    outer loop
      vertex -3.205421e+03 -4.176933e+03  9.649990e+03
      vertex -3.359136e+03 -4.089901e+03  9.641736e+03
      vertex -3.178807e+03 -4.190850e+03  9.649990e+03
    endloop
  endfacet
  facet normal -3.781158e-01 -7.226910e-01 -5.785724e-01
    outer loop
      vertex -3.232034e+03 -4.163009e+03  9.649990e+03
      vertex -3.359136e+03 -4.089901e+03  9.641736e+03
      vertex -3.205421e+03 -4.176933e+03  9.649990e+03
    endloop
  endfacet
  facet normal -3.789557e-01 -7.239156e-01 -5.764883e-01
    outer loop
      vertex -3.253323e+03 -4.151865e+03  9.649990e+03
      vertex -3.359136e+03 -4.089901e+03  9.641736e+03
      vertex -3.232034e+03 -4.163009e+03  9.649990e+03
    endloop
  endfacet
  facet normal -3.795338e-01 -7.247179e-01 -5.750983e-01
    outer loop
      vertex -3.274612e+03 -4.140716e+03  9.649990e+03
      vertex -3.359136e+03 -4.089901e+03  9.641736e+03
      vertex -3.253323e+03 -4.151865e+03  9.649990e+03
    endloop
  endfacet
  facet normal -3.799852e-01 -7.253010e-01 -5.740640e-01
    outer loop
      vertex -3.295900e+03 -4.129563e+03  9.649990e+03
      vertex -3.359136e+03 -4.089901e+03  9.641736e+03
      vertex -3.274612e+03 -4.140716e+03  9.649990e+03
    endloop
  endfacet
  facet normal -3.803465e-01 -7.257174e-01 -5.732982e-01
    outer loop
      vertex -3.311700e+03 -4.121282e+03  9.649990e+03
      vertex -3.359136e+03 -4.089901e+03  9.641736e+03
      vertex -3.295900e+03 -4.129563e+03  9.649990e+03
    endloop
  endfacet
  facet normal -3.805954e-01 -7.259671e-01 -5.728167e-01
    outer loop
      vertex -3.327500e+03 -4.112999e+03  9.649990e+03
      vertex -3.359136e+03 -4.089901e+03  9.641736e+03
      vertex -3.311700e+03 -4.121282e+03  9.649990e+03
    endloop
  endfacet
  facet normal -3.807743e-01 -7.261065e-01 -5.725209e-01
    outer loop
      vertex -3.343631e+03 -4.104540e+03  9.649990e+03
      vertex -3.359136e+03 -4.089901e+03  9.641736e+03
      vertex -3.327500e+03 -4.112999e+03  9.649990e+03
    endloop
  endfacet
  facet normal -3.809133e-01 -7.261620e-01 -5.723582e-01
    outer loop
      vertex -3.359136e+03 -4.089901e+03  9.641736e+03
      vertex -3.343631e+03 -4.104540e+03  9.649990e+03
      vertex -3.359761e+03 -4.096079e+03  9.649990e+03
    endloop
  endfacet
  facet normal -2.633427e-01 -6.665904e-01 -6.973577e-01
    outer loop
      vertex  1.391137e+03 -4.966620e+03  7.933842e+03
      vertex  1.799992e+03 -5.050660e+03  7.859779e+03
      vertex  1.799991e+03 -5.167129e+03  7.971110e+03
    endloop
  endfacet
  facet normal -2.697492e-01 -6.772649e-01 -6.845054e-01
    outer loop
      vertex  1.799991e+03 -5.167129e+03  7.971110e+03
      vertex  1.390998e+03 -5.158810e+03  8.124054e+03
      vertex  1.391137e+03 -4.966620e+03  7.933842e+03
    endloop
  endfacet
  facet normal -2.886691e-01 -7.693374e-01 -5.699036e-01
    outer loop
      vertex  1.387688e+03 -5.683434e+03  8.737818e+03
      vertex  1.799981e+03 -5.806500e+03  8.695115e+03
      vertex  1.799979e+03 -5.902503e+03  8.824715e+03
    endloop
  endfacet
  facet normal -2.934690e-01 -7.745601e-01 -5.602970e-01
    outer loop
      vertex  1.799979e+03 -5.902503e+03  8.824715e+03
      vertex  1.385098e+03 -5.840435e+03  8.956216e+03
      vertex  1.387688e+03 -5.683434e+03  8.737818e+03
    endloop
  endfacet
  facet normal -2.716902e-01 -5.629576e-01 -7.805532e-01
    outer loop
      vertex  9.776789e+02 -4.098004e+03  7.363244e+03
      vertex  7.706166e+02 -4.126291e+03  7.455718e+03
      vertex  7.701721e+02 -3.919548e+03  7.306764e+03
    endloop
  endfacet
  facet normal -2.661262e-01 -5.767919e-01 -7.723264e-01
    outer loop
      vertex  7.706166e+02 -4.126291e+03  7.455718e+03
      vertex  9.776789e+02 -4.098004e+03  7.363244e+03
      vertex  9.781995e+02 -4.290588e+03  7.506891e+03
    endloop
  endfacet
  facet normal -2.781862e-01 -5.880324e-01 -7.594935e-01
    outer loop
      vertex  9.781995e+02 -4.290588e+03  7.506891e+03
      vertex  7.711108e+02 -4.327080e+03  7.610997e+03
      vertex  7.706166e+02 -4.126291e+03  7.455718e+03
    endloop
  endfacet
  facet normal -2.720596e-01 -6.007115e-01 -7.517509e-01
    outer loop
      vertex  7.711108e+02 -4.327080e+03  7.610997e+03
      vertex  9.781995e+02 -4.290588e+03  7.506891e+03
      vertex  9.787010e+02 -4.477709e+03  7.656235e+03
    endloop
  endfacet
  facet normal -2.844130e-01 -6.132728e-01 -7.368891e-01
    outer loop
      vertex  9.787010e+02 -4.477709e+03  7.656235e+03
      vertex  7.715474e+02 -4.521308e+03  7.772473e+03
      vertex  7.711108e+02 -4.327080e+03  7.610997e+03
    endloop
  endfacet
  facet normal -2.780037e-01 -6.246580e-01 -7.297372e-01
    outer loop
      vertex  9.790961e+02 -4.658903e+03  7.811187e+03
      vertex  7.715474e+02 -4.521308e+03  7.772473e+03
      vertex  9.787010e+02 -4.477709e+03  7.656235e+03
    endloop
  endfacet
  facet normal -2.903433e-01 -6.384941e-01 -7.127595e-01
    outer loop
      vertex  7.717858e+02 -4.708449e+03  7.940019e+03
      vertex  7.715474e+02 -4.521308e+03  7.772473e+03
      vertex  9.790961e+02 -4.658903e+03  7.811187e+03
    endloop
  endfacet
  facet normal -2.829308e-01 -6.500344e-01 -7.052698e-01
    outer loop
      vertex  9.792773e+02 -4.852793e+03  7.989819e+03
      vertex  7.717858e+02 -4.708449e+03  7.940019e+03
      vertex  9.790961e+02 -4.658903e+03  7.811187e+03
    endloop
  endfacet
  facet normal -2.975901e-01 -6.643339e-01 -6.856388e-01
    outer loop
      vertex  7.716097e+02 -4.904521e+03  8.130074e+03
      vertex  7.717858e+02 -4.708449e+03  7.940019e+03
      vertex  9.792773e+02 -4.852793e+03  7.989819e+03
    endloop
  endfacet
  facet normal -2.892912e-01 -6.760649e-01 -6.776776e-01
    outer loop
      vertex  9.790089e+02 -5.038431e+03  8.175130e+03
      vertex  7.716097e+02 -4.904521e+03  8.130074e+03
      vertex  9.792773e+02 -4.852793e+03  7.989819e+03
    endloop
  endfacet
  facet normal -3.035795e-01 -6.909311e-01 -6.560897e-01
    outer loop
      vertex  7.706979e+02 -5.091200e+03  8.327089e+03
      vertex  7.716097e+02 -4.904521e+03  8.130074e+03
      vertex  9.790089e+02 -5.038431e+03  8.175130e+03
    endloop
  endfacet
  facet normal -2.955460e-01 -7.013260e-01 -6.486867e-01
    outer loop
      vertex  9.780685e+02 -5.215497e+03  8.366992e+03
      vertex  7.706979e+02 -5.091200e+03  8.327089e+03
      vertex  9.790089e+02 -5.038431e+03  8.175130e+03
    endloop
  endfacet
  facet normal -3.091252e-01 -7.164933e-01 -6.253631e-01
    outer loop
      vertex  7.687015e+02 -5.268252e+03  8.530929e+03
      vertex  7.706979e+02 -5.091200e+03  8.327089e+03
      vertex  9.780685e+02 -5.215497e+03  8.366992e+03
    endloop
  endfacet
  facet normal -3.015910e-01 -7.254881e-01 -6.186355e-01
    outer loop
      vertex  9.761913e+02 -5.383805e+03  8.565286e+03
      vertex  7.687015e+02 -5.268252e+03  8.530929e+03
      vertex  9.780685e+02 -5.215497e+03  8.366992e+03
    endloop
  endfacet
  facet normal -3.141027e-01 -7.406244e-01 -5.939822e-01
    outer loop
      vertex  7.652034e+02 -5.435636e+03  8.741485e+03
      vertex  7.687015e+02 -5.268252e+03  8.530929e+03
      vertex  9.761913e+02 -5.383805e+03  8.565286e+03
    endloop
  endfacet
  facet normal -3.072383e-01 -7.482370e-01 -5.880017e-01
    outer loop
      vertex  9.730669e+02 -5.543319e+03  8.769902e+03
      vertex  7.652034e+02 -5.435636e+03  8.741485e+03
      vertex  9.761913e+02 -5.383805e+03  8.565286e+03
    endloop
  endfacet
  facet normal -3.148023e-01 -7.583106e-01 -5.708454e-01
    outer loop
      vertex  7.627381e+02 -5.515832e+03  8.849377e+03
      vertex  7.652034e+02 -5.435636e+03  8.741485e+03
      vertex  9.730669e+02 -5.543319e+03  8.769902e+03
    endloop
  endfacet
  facet normal -3.441237e-01 -6.268511e-01 -6.990254e-01
    outer loop
      vertex -2.801608e+02 -4.206377e+03  7.955880e+03
      vertex -7.086042e+02 -4.182144e+03  8.145067e+03
      vertex -7.050875e+02 -3.973499e+03  7.956234e+03
    endloop
  endfacet
  facet normal -3.426234e-01 -6.321883e-01 -6.949441e-01
    outer loop
      vertex -2.814521e+02 -4.349390e+03  8.086615e+03
      vertex -7.086042e+02 -4.182144e+03  8.145067e+03
      vertex -2.801608e+02 -4.206377e+03  7.955880e+03
    endloop
  endfacet
  facet normal -3.488272e-01 -6.597084e-01 -6.656607e-01
    outer loop
      vertex -2.835328e+02 -4.530042e+03  8.263143e+03
      vertex -7.125538e+02 -4.381430e+03  8.340680e+03
      vertex -7.105003e+02 -4.282987e+03  8.242041e+03
    endloop
  endfacet
  facet normal -3.548529e-01 -6.907008e-01 -6.300886e-01
    outer loop
      vertex -7.192676e+02 -4.631932e+03  8.611676e+03
      vertex -7.156385e+02 -4.508881e+03  8.474744e+03
      vertex -2.863667e+02 -4.702416e+03  8.445140e+03
    endloop
  endfacet
  facet normal -3.527381e-01 -7.004142e-01 -6.204802e-01
    outer loop
      vertex -2.903744e+02 -4.866374e+03  8.632498e+03
      vertex -7.192676e+02 -4.631932e+03  8.611676e+03
      vertex -2.863667e+02 -4.702416e+03  8.445140e+03
    endloop
  endfacet
  facet normal -3.566392e-01 -7.067122e-01 -6.110371e-01
    outer loop
      vertex -7.236274e+02 -4.750575e+03  8.751440e+03
      vertex -7.192676e+02 -4.631932e+03  8.611676e+03
      vertex -2.903744e+02 -4.866374e+03  8.632498e+03
    endloop
  endfacet
  facet normal -3.558778e-01 -7.218865e-01 -5.934905e-01
    outer loop
      vertex -2.960664e+02 -5.021963e+03  8.825160e+03
      vertex -7.236274e+02 -4.750575e+03  8.751440e+03
      vertex -2.903744e+02 -4.866374e+03  8.632498e+03
    endloop
  endfacet
  facet normal -3.575572e-01 -7.236667e-01 -5.903045e-01
    outer loop
      vertex -2.960664e+02 -5.021963e+03  8.825160e+03
      vertex -7.301277e+02 -4.887204e+03  8.922874e+03
      vertex -7.236274e+02 -4.750575e+03  8.751440e+03
    endloop
  endfacet
  facet normal -3.579624e-01 -7.418338e-01 -5.670499e-01
    outer loop
      vertex -7.301277e+02 -4.887204e+03  8.922874e+03
      vertex -2.960664e+02 -5.021963e+03  8.825160e+03
      vertex -3.040508e+02 -5.169435e+03  9.023128e+03
    endloop
  endfacet
  facet normal -3.572639e-01 -7.412203e-01 -5.682912e-01
    outer loop
      vertex -3.040508e+02 -5.169435e+03  9.023128e+03
      vertex -7.384180e+02 -5.017761e+03  9.098371e+03
      vertex -7.301277e+02 -4.887204e+03  8.922874e+03
    endloop
  endfacet
  facet normal -3.591880e-01 -7.598261e-01 -5.418932e-01
    outer loop
      vertex -7.384180e+02 -5.017761e+03  9.098371e+03
      vertex -3.040508e+02 -5.169435e+03  9.023128e+03
      vertex -3.150414e+02 -5.309261e+03  9.226474e+03
    endloop
  endfacet
  facet normal -3.559057e-01 -7.574564e-01 -5.473491e-01
    outer loop
      vertex -3.150414e+02 -5.309261e+03  9.226474e+03
      vertex -7.489923e+02 -5.142581e+03  9.277980e+03
      vertex -7.384180e+02 -5.017761e+03  9.098371e+03
    endloop
  endfacet
  facet normal -3.594821e-01 -7.755455e-01 -5.189430e-01
    outer loop
      vertex -7.489923e+02 -5.142581e+03  9.277980e+03
      vertex -3.150414e+02 -5.309261e+03  9.226474e+03
      vertex -3.298651e+02 -5.442155e+03  9.435349e+03
    endloop
  endfacet
  facet normal -3.536266e-01 -7.721134e-01 -5.280047e-01
    outer loop
      vertex -3.298651e+02 -5.442155e+03  9.435349e+03
      vertex -7.624149e+02 -5.262139e+03  9.461803e+03
      vertex -7.489923e+02 -5.142581e+03  9.277980e+03
    endloop
  endfacet
  facet normal -3.431859e-01 -7.812963e-01 -5.213440e-01
    outer loop
      vertex -3.853259e+02 -5.553351e+03  9.649990e+03
      vertex -7.624149e+02 -5.262139e+03  9.461803e+03
      vertex -3.743309e+02 -5.558181e+03  9.649990e+03
    endloop
  endfacet
  facet normal -3.436117e-01 -7.814827e-01 -5.207839e-01
    outer loop
      vertex -3.963199e+02 -5.548517e+03  9.649990e+03
      vertex -7.624149e+02 -5.262139e+03  9.461803e+03
      vertex -3.853259e+02 -5.553351e+03  9.649990e+03
    endloop
  endfacet
  facet normal -3.440331e-01 -7.816616e-01 -5.202369e-01
    outer loop
      vertex -4.073130e+02 -5.543679e+03  9.649990e+03
      vertex -7.624149e+02 -5.262139e+03  9.461803e+03
      vertex -3.963199e+02 -5.548517e+03  9.649990e+03
    endloop
  endfacet
  facet normal -3.444928e-01 -7.818484e-01 -5.196515e-01
    outer loop
      vertex -4.183051e+02 -5.538835e+03  9.649990e+03
      vertex -7.624149e+02 -5.262139e+03  9.461803e+03
      vertex -4.073130e+02 -5.543679e+03  9.649990e+03
    endloop
  endfacet
  facet normal -3.447981e-01 -7.819677e-01 -5.192695e-01
    outer loop
      vertex -4.256326e+02 -5.535604e+03  9.649990e+03
      vertex -7.624149e+02 -5.262139e+03  9.461803e+03
      vertex -4.183051e+02 -5.538835e+03  9.649990e+03
    endloop
  endfacet
  facet normal -3.451322e-01 -7.820954e-01 -5.188549e-01
    outer loop
      vertex -4.329597e+02 -5.532371e+03  9.649990e+03
      vertex -7.624149e+02 -5.262139e+03  9.461803e+03
      vertex -4.256326e+02 -5.535604e+03  9.649990e+03
    endloop
  endfacet
  facet normal -3.454054e-01 -7.821982e-01 -5.185181e-01
    outer loop
      vertex -4.402864e+02 -5.529136e+03  9.649990e+03
      vertex -7.624149e+02 -5.262139e+03  9.461803e+03
      vertex -4.329597e+02 -5.532371e+03  9.649990e+03
    endloop
  endfacet
  facet normal -3.456802e-01 -7.822949e-01 -5.181890e-01
    outer loop
      vertex -4.476126e+02 -5.525898e+03  9.649990e+03
      vertex -7.624149e+02 -5.262139e+03  9.461803e+03
      vertex -4.402864e+02 -5.529136e+03  9.649990e+03
    endloop
  endfacet
  facet normal -3.459468e-01 -7.823873e-01 -5.178716e-01
    outer loop
      vertex -4.549385e+02 -5.522659e+03  9.649990e+03
      vertex -7.624149e+02 -5.262139e+03  9.461803e+03
      vertex -4.476126e+02 -5.525898e+03  9.649990e+03
    endloop
  endfacet
  facet normal -3.462165e-01 -7.824765e-01 -5.175565e-01
    outer loop
      vertex -4.622639e+02 -5.519418e+03  9.649990e+03
      vertex -7.624149e+02 -5.262139e+03  9.461803e+03
      vertex -4.549385e+02 -5.522659e+03  9.649990e+03
    endloop
  endfacet
  facet normal -3.466086e-01 -7.826017e-01 -5.171046e-01
    outer loop
      vertex -4.760857e+02 -5.513296e+03  9.649990e+03
      vertex -7.624149e+02 -5.262139e+03  9.461803e+03
      vertex -4.622639e+02 -5.519418e+03  9.649990e+03
    endloop
  endfacet
  facet normal -3.470989e-01 -7.827493e-01 -5.165519e-01
    outer loop
      vertex -4.899060e+02 -5.507168e+03  9.649990e+03
      vertex -7.624149e+02 -5.262139e+03  9.461803e+03
      vertex -4.760857e+02 -5.513296e+03  9.649990e+03
    endloop
  endfacet
  facet normal -3.476143e-01 -7.828910e-01 -5.159902e-01
    outer loop
      vertex -5.037248e+02 -5.501032e+03  9.649990e+03
      vertex -7.624149e+02 -5.262139e+03  9.461803e+03
      vertex -4.899060e+02 -5.507168e+03  9.649990e+03
    endloop
  endfacet
  facet normal -3.481249e-01 -7.830187e-01 -5.154518e-01
    outer loop
      vertex -5.175421e+02 -5.494889e+03  9.649990e+03
      vertex -7.624149e+02 -5.262139e+03  9.461803e+03
      vertex -5.037248e+02 -5.501032e+03  9.649990e+03
    endloop
  endfacet
  facet normal -3.485972e-01 -7.831254e-01 -5.149704e-01
    outer loop
      vertex -5.313578e+02 -5.488739e+03  9.649990e+03
      vertex -7.624149e+02 -5.262139e+03  9.461803e+03
      vertex -5.175421e+02 -5.494889e+03  9.649990e+03
    endloop
  endfacet
  facet normal -3.490670e-01 -7.832204e-01 -5.145075e-01
    outer loop
      vertex -5.451721e+02 -5.482583e+03  9.649990e+03
      vertex -7.624149e+02 -5.262139e+03  9.461803e+03
      vertex -5.313578e+02 -5.488739e+03  9.649990e+03
    endloop
  endfacet
  facet normal -3.495580e-01 -7.833072e-01 -5.140418e-01
    outer loop
      vertex -5.589848e+02 -5.476418e+03  9.649990e+03
      vertex -7.624149e+02 -5.262139e+03  9.461803e+03
      vertex -5.451721e+02 -5.482583e+03  9.649990e+03
    endloop
  endfacet
  facet normal -3.500133e-01 -7.833759e-01 -5.136273e-01
    outer loop
      vertex -5.727961e+02 -5.470248e+03  9.649990e+03
      vertex -7.624149e+02 -5.262139e+03  9.461803e+03
      vertex -5.589848e+02 -5.476418e+03  9.649990e+03
    endloop
  endfacet
  facet normal -3.504668e-01 -7.834317e-01 -5.132327e-01
    outer loop
      vertex -5.866058e+02 -5.464070e+03  9.649990e+03
      vertex -7.624149e+02 -5.262139e+03  9.461803e+03
      vertex -5.727961e+02 -5.470248e+03  9.649990e+03
    endloop
  endfacet
  facet normal -3.509392e-01 -7.834772e-01 -5.128403e-01
    outer loop
      vertex -6.004140e+02 -5.457885e+03  9.649990e+03
      vertex -7.624149e+02 -5.262139e+03  9.461803e+03
      vertex -5.866058e+02 -5.464070e+03  9.649990e+03
    endloop
  endfacet
  facet normal -3.513784e-01 -7.835071e-01 -5.124937e-01
    outer loop
      vertex -6.142208e+02 -5.451693e+03  9.649990e+03
      vertex -7.624149e+02 -5.262139e+03  9.461803e+03
      vertex -6.004140e+02 -5.457885e+03  9.649990e+03
    endloop
  endfacet
  facet normal -3.518126e-01 -7.835243e-01 -5.121693e-01
    outer loop
      vertex -6.280260e+02 -5.445494e+03  9.649990e+03
      vertex -7.624149e+02 -5.262139e+03  9.461803e+03
      vertex -6.142208e+02 -5.451693e+03  9.649990e+03
    endloop
  endfacet
  facet normal -3.522414e-01 -7.835294e-01 -5.118669e-01
    outer loop
      vertex -6.418297e+02 -5.439289e+03  9.649990e+03
      vertex -7.624149e+02 -5.262139e+03  9.461803e+03
      vertex -6.280260e+02 -5.445494e+03  9.649990e+03
    endloop
  endfacet
  facet normal -3.526928e-01 -7.835203e-01 -5.115699e-01
    outer loop
      vertex -6.556319e+02 -5.433076e+03  9.649990e+03
      vertex -7.624149e+02 -5.262139e+03  9.461803e+03
      vertex -6.418297e+02 -5.439289e+03  9.649990e+03
    endloop
  endfacet
  facet normal -3.530003e-01 -7.835052e-01 -5.113809e-01
    outer loop
      vertex -6.630633e+02 -5.429728e+03  9.649990e+03
      vertex -7.624149e+02 -5.262139e+03  9.461803e+03
      vertex -6.556319e+02 -5.433076e+03  9.649990e+03
    endloop
  endfacet
  facet normal -3.532234e-01 -7.834899e-01 -5.112503e-01
    outer loop
      vertex -6.704942e+02 -5.426377e+03  9.649990e+03
      vertex -7.624149e+02 -5.262139e+03  9.461803e+03
      vertex -6.630633e+02 -5.429728e+03  9.649990e+03
    endloop
  endfacet
  facet normal -3.535501e-01 -7.834625e-01 -5.110664e-01
    outer loop
      vertex -6.853547e+02 -5.419671e+03  9.649990e+03
      vertex -7.624149e+02 -5.262139e+03  9.461803e+03
      vertex -6.704942e+02 -5.426377e+03  9.649990e+03
    endloop
  endfacet
  facet normal -3.540050e-01 -7.834082e-01 -5.108348e-01
    outer loop
      vertex -7.002135e+02 -5.412957e+03  9.649990e+03
      vertex -7.624149e+02 -5.262139e+03  9.461803e+03
      vertex -6.853547e+02 -5.419671e+03  9.649990e+03
    endloop
  endfacet
  facet normal -3.544285e-01 -7.833422e-01 -5.106421e-01
    outer loop
      vertex -7.150706e+02 -5.406235e+03  9.649990e+03
      vertex -7.624149e+02 -5.262139e+03  9.461803e+03
      vertex -7.002135e+02 -5.412957e+03  9.649990e+03
    endloop
  endfacet
  facet normal -3.548445e-01 -7.832622e-01 -5.104761e-01
    outer loop
      vertex -7.299259e+02 -5.399505e+03  9.649990e+03
      vertex -7.624149e+02 -5.262139e+03  9.461803e+03
      vertex -7.150706e+02 -5.406235e+03  9.649990e+03
    endloop
  endfacet
  facet normal -3.552778e-01 -7.831621e-01 -5.103282e-01
    outer loop
      vertex -7.447795e+02 -5.392767e+03  9.649990e+03
      vertex -7.624149e+02 -5.262139e+03  9.461803e+03
      vertex -7.299259e+02 -5.399505e+03  9.649990e+03
    endloop
  endfacet
  facet normal -3.556820e-01 -7.830527e-01 -5.102143e-01
    outer loop
      vertex -7.596314e+02 -5.386021e+03  9.649990e+03
      vertex -7.624149e+02 -5.262139e+03  9.461803e+03
      vertex -7.447795e+02 -5.392767e+03  9.649990e+03
    endloop
  endfacet
  facet normal -3.560568e-01 -7.829360e-01 -5.101320e-01
    outer loop
      vertex -7.744816e+02 -5.379267e+03  9.649990e+03
      vertex -7.624149e+02 -5.262139e+03  9.461803e+03
      vertex -7.596314e+02 -5.386021e+03  9.649990e+03
    endloop
  endfacet
  facet normal -3.588139e-01 -6.569298e-01 -6.630956e-01
    outer loop
      vertex -7.125538e+02 -4.381430e+03  8.340680e+03
      vertex -1.143018e+03 -4.198357e+03  8.392242e+03
      vertex -7.105003e+02 -4.282987e+03  8.242041e+03
    endloop
  endfacet
  facet normal -3.657927e-01 -7.383699e-01 -5.665736e-01
    outer loop
      vertex -7.384180e+02 -5.017761e+03  9.098371e+03
      vertex -1.169113e+03 -4.778862e+03  9.065100e+03
      vertex -7.301277e+02 -4.887204e+03  8.922874e+03
    endloop
  endfacet
  facet normal -3.173951e-01 -5.124202e-01 -7.979260e-01
    outer loop
      vertex -1.521430e+03 -2.580237e+03  7.298095e+03
      vertex -1.183652e+03 -2.714565e+03  7.250000e+03
      vertex -1.529264e+03 -2.799220e+03  7.441841e+03
    endloop
  endfacet
  facet normal -3.716324e-01 -6.979839e-01 -6.121339e-01
    outer loop
      vertex -1.156703e+03 -4.558202e+03  8.788185e+03
      vertex -1.590173e+03 -4.359521e+03  8.824803e+03
      vertex -1.152854e+03 -4.471506e+03  8.686993e+03
    endloop
  endfacet
  facet normal -3.734561e-01 -7.241851e-01 -5.797296e-01
    outer loop
      vertex -1.169113e+03 -4.778862e+03  9.065100e+03
      vertex -1.599724e+03 -4.523385e+03  9.023359e+03
      vertex -1.162464e+03 -4.670426e+03  8.925360e+03
    endloop
  endfacet
  facet normal -3.744853e-01 -7.255350e-01 -5.773731e-01
    outer loop
      vertex -1.610707e+03 -4.679847e+03  9.227095e+03
      vertex -1.599724e+03 -4.523385e+03  9.023359e+03
      vertex -1.169113e+03 -4.778862e+03  9.065100e+03
    endloop
  endfacet
  facet normal -3.720686e-01 -7.377014e-01 -5.633487e-01
    outer loop
      vertex -1.176861e+03 -4.883625e+03  9.207404e+03
      vertex -1.610707e+03 -4.679847e+03  9.227095e+03
      vertex -1.169113e+03 -4.778862e+03  9.065100e+03
    endloop
  endfacet
  facet normal -3.173768e-01 -5.180061e-01 -7.943184e-01
    outer loop
      vertex -1.945818e+03 -2.608017e+03  7.485780e+03
      vertex -1.937697e+03 -2.429254e+03  7.365957e+03
      vertex -1.521430e+03 -2.580237e+03  7.298095e+03
    endloop
  endfacet
  facet normal -3.191560e-01 -5.120515e-01 -7.974602e-01
    outer loop
      vertex -1.529264e+03 -2.799220e+03  7.441841e+03
      vertex -1.945818e+03 -2.608017e+03  7.485780e+03
      vertex -1.521430e+03 -2.580237e+03  7.298095e+03
    endloop
  endfacet
  facet normal -3.277506e-01 -5.351063e-01 -7.786146e-01
    outer loop
      vertex -1.953871e+03 -2.784471e+03  7.610438e+03
      vertex -1.945818e+03 -2.608017e+03  7.485780e+03
      vertex -1.529264e+03 -2.799220e+03  7.441841e+03
    endloop
  endfacet
  facet normal -3.279304e-01 -5.342243e-01 -7.791445e-01
    outer loop
      vertex -1.536924e+03 -3.014478e+03  7.592657e+03
      vertex -1.953871e+03 -2.784471e+03  7.610438e+03
      vertex -1.529264e+03 -2.799220e+03  7.441841e+03
    endloop
  endfacet
  facet normal -3.371287e-01 -5.521840e-01 -7.625203e-01
    outer loop
      vertex -1.961853e+03 -2.958207e+03  7.739780e+03
      vertex -1.953871e+03 -2.784471e+03  7.610438e+03
      vertex -1.536924e+03 -3.014478e+03  7.592657e+03
    endloop
  endfacet
  facet normal -3.367004e-01 -5.563109e-01 -7.597046e-01
    outer loop
      vertex -1.544408e+03 -3.225200e+03  7.750280e+03
      vertex -1.961853e+03 -2.958207e+03  7.739780e+03
      vertex -1.536924e+03 -3.014478e+03  7.592657e+03
    endloop
  endfacet
  facet normal -3.535244e-01 -6.001218e-01 -7.175475e-01
    outer loop
      vertex -1.559009e+03 -3.630172e+03  8.084895e+03
      vertex -1.979589e+03 -3.337259e+03  8.047129e+03
      vertex -1.551749e+03 -3.430649e+03  7.914446e+03
    endloop
  endfacet
  facet normal -3.613809e-01 -6.098294e-01 -7.053453e-01
    outer loop
      vertex -1.559009e+03 -3.630172e+03  8.084895e+03
      vertex -1.989375e+03 -3.539686e+03  8.227158e+03
      vertex -1.979589e+03 -3.337259e+03  8.047129e+03
    endloop
  endfacet
  facet normal -3.605501e-01 -6.219105e-01 -6.951481e-01
    outer loop
      vertex -1.989375e+03 -3.539686e+03  8.227158e+03
      vertex -1.559009e+03 -3.630172e+03  8.084895e+03
      vertex -1.566297e+03 -3.823209e+03  8.261374e+03
    endloop
  endfacet
  facet normal -3.676573e-01 -6.310591e-01 -6.830758e-01
    outer loop
      vertex -1.566297e+03 -3.823209e+03  8.261374e+03
      vertex -1.999209e+03 -3.735616e+03  8.413461e+03
      vertex -1.989375e+03 -3.539686e+03  8.227158e+03
    endloop
  endfacet
  facet normal -3.663134e-01 -6.435459e-01 -6.720588e-01
    outer loop
      vertex -1.573769e+03 -4.009310e+03  8.443652e+03
      vertex -1.999209e+03 -3.735616e+03  8.413461e+03
      vertex -1.566297e+03 -3.823209e+03  8.261374e+03
    endloop
  endfacet
  facet normal -3.707209e-01 -6.648930e-01 -6.484470e-01
    outer loop
      vertex -1.581636e+03 -4.188146e+03  8.631521e+03
      vertex -2.009208e+03 -3.924638e+03  8.605775e+03
      vertex -1.573769e+03 -4.009310e+03  8.443652e+03
    endloop
  endfacet
  facet normal -3.762372e-01 -6.727335e-01 -6.370833e-01
    outer loop
      vertex -2.019531e+03 -4.106451e+03  8.803858e+03
      vertex -2.009208e+03 -3.924638e+03  8.605775e+03
      vertex -1.581636e+03 -4.188146e+03  8.631521e+03
    endloop
  endfacet
  facet normal -3.784860e-01 -6.929254e-01 -6.136798e-01
    outer loop
      vertex -2.030384e+03 -4.280869e+03  9.007493e+03
      vertex -2.019531e+03 -4.106451e+03  8.803858e+03
      vertex -1.590173e+03 -4.359521e+03  8.824803e+03
    endloop
  endfacet
  facet normal -3.794480e-01 -7.124419e-01 -5.902929e-01
    outer loop
      vertex -2.042027e+03 -4.447832e+03  9.216490e+03
      vertex -2.030384e+03 -4.280869e+03  9.007493e+03
      vertex -1.599724e+03 -4.523385e+03  9.023359e+03
    endloop
  endfacet
  facet normal -3.758371e-01 -7.250649e-01 -5.770850e-01
    outer loop
      vertex -1.610707e+03 -4.679847e+03  9.227095e+03
      vertex -2.042027e+03 -4.447832e+03  9.216490e+03
      vertex -1.599724e+03 -4.523385e+03  9.023359e+03
    endloop
  endfacet
  facet normal -3.792965e-01 -7.310440e-01 -5.671939e-01
    outer loop
      vertex -2.054775e+03 -4.607414e+03  9.430696e+03
      vertex -2.042027e+03 -4.447832e+03  9.216490e+03
      vertex -1.610707e+03 -4.679847e+03  9.227095e+03
    endloop
  endfacet
  facet normal -3.152822e-01 -5.184612e-01 -7.948555e-01
    outer loop
      vertex -2.355360e+03 -2.325240e+03  7.463779e+03
      vertex -1.937697e+03 -2.429254e+03  7.365957e+03
      vertex -1.945818e+03 -2.608017e+03  7.485780e+03
    endloop
  endfacet
  facet normal -3.243801e-01 -5.307166e-01 -7.830181e-01
    outer loop
      vertex -1.945818e+03 -2.608017e+03  7.485780e+03
      vertex -2.365562e+03 -2.509197e+03  7.592688e+03
      vertex -2.355360e+03 -2.325240e+03  7.463779e+03
    endloop
  endfacet
  facet normal -3.246640e-01 -5.358158e-01 -7.794195e-01
    outer loop
      vertex -2.365562e+03 -2.509197e+03  7.592688e+03
      vertex -1.945818e+03 -2.608017e+03  7.485780e+03
      vertex -1.953871e+03 -2.784471e+03  7.610438e+03
    endloop
  endfacet
  facet normal -3.334941e-01 -5.482188e-01 -7.669666e-01
    outer loop
      vertex -1.953871e+03 -2.784471e+03  7.610438e+03
      vertex -2.375733e+03 -2.690610e+03  7.726783e+03
      vertex -2.365562e+03 -2.509197e+03  7.592688e+03
    endloop
  endfacet
  facet normal -3.335976e-01 -5.530401e-01 -7.634522e-01
    outer loop
      vertex -2.375733e+03 -2.690610e+03  7.726783e+03
      vertex -1.953871e+03 -2.784471e+03  7.610438e+03
      vertex -1.961853e+03 -2.958207e+03  7.739780e+03
    endloop
  endfacet
  facet normal -3.420343e-01 -5.654603e-01 -7.505113e-01
    outer loop
      vertex -1.961853e+03 -2.958207e+03  7.739780e+03
      vertex -2.385871e+03 -2.869086e+03  7.865873e+03
      vertex -2.375733e+03 -2.690610e+03  7.726783e+03
    endloop
  endfacet
  facet normal -3.670615e-01 -6.312371e-01 -6.832317e-01
    outer loop
      vertex -1.999209e+03 -3.735616e+03  8.413461e+03
      vertex -2.426228e+03 -3.546940e+03  8.468557e+03
      vertex -1.989375e+03 -3.539686e+03  8.227158e+03
    endloop
  endfacet
  facet normal -3.786568e-01 -6.928676e-01 -6.136395e-01
    outer loop
      vertex -2.030384e+03 -4.280869e+03  9.007493e+03
      vertex -2.454210e+03 -3.972290e+03  8.920602e+03
      vertex -2.019531e+03 -4.106451e+03  8.803858e+03
    endloop
  endfacet
  facet normal -3.793212e-01 -6.934722e-01 -6.125452e-01
    outer loop
      vertex -2.030384e+03 -4.280869e+03  9.007493e+03
      vertex -2.464962e+03 -4.122626e+03  9.097458e+03
      vertex -2.454210e+03 -3.972290e+03  8.920602e+03
    endloop
  endfacet
  facet normal -3.813008e-01 -7.117949e-01 -5.898793e-01
    outer loop
      vertex -2.464962e+03 -4.122626e+03  9.097458e+03
      vertex -2.030384e+03 -4.280869e+03  9.007493e+03
      vertex -2.042027e+03 -4.447832e+03  9.216490e+03
    endloop
  endfacet
  facet normal -3.788063e-01 -7.099487e-01 -5.936991e-01
    outer loop
      vertex -2.042027e+03 -4.447832e+03  9.216490e+03
      vertex -2.475958e+03 -4.267798e+03  9.278072e+03
      vertex -2.464962e+03 -4.122626e+03  9.097458e+03
    endloop
  endfacet
  facet normal -3.831138e-01 -7.296697e-01 -5.663973e-01
    outer loop
      vertex -2.475958e+03 -4.267798e+03  9.278072e+03
      vertex -2.042027e+03 -4.447832e+03  9.216490e+03
      vertex -2.054775e+03 -4.607414e+03  9.430696e+03
    endloop
  endfacet
  facet normal -3.298676e-01 -5.491098e-01 -7.678970e-01
    outer loop
      vertex -2.788381e+03 -2.460479e+03  7.739482e+03
      vertex -2.365562e+03 -2.509197e+03  7.592688e+03
      vertex -2.375733e+03 -2.690610e+03  7.726783e+03
    endloop
  endfacet
  facet normal -3.397664e-01 -5.678619e-01 -7.497276e-01
    outer loop
      vertex -2.375733e+03 -2.690610e+03  7.726783e+03
      vertex -2.802453e+03 -2.669968e+03  7.904532e+03
      vertex -2.788381e+03 -2.460479e+03  7.739482e+03
    endloop
  endfacet
  facet normal -3.401980e-01 -5.659356e-01 -7.509875e-01
    outer loop
      vertex -2.385871e+03 -2.869086e+03  7.865873e+03
      vertex -2.802453e+03 -2.669968e+03  7.904532e+03
      vertex -2.375733e+03 -2.690610e+03  7.726783e+03
    endloop
  endfacet
  facet normal -3.607942e-01 -6.136404e-01 -7.023341e-01
    outer loop
      vertex -2.830568e+03 -3.075750e+03  8.254003e+03
      vertex -2.406022e+03 -3.215100e+03  8.157662e+03
      vertex -2.412782e+03 -3.328035e+03  8.259809e+03
    endloop
  endfacet
  facet normal -3.814515e-01 -6.927392e-01 -6.120517e-01
    outer loop
      vertex -2.886778e+03 -3.823783e+03  9.022108e+03
      vertex -2.454210e+03 -3.972290e+03  8.920602e+03
      vertex -2.464962e+03 -4.122626e+03  9.097458e+03
    endloop
  endfacet
  facet normal -3.828487e-01 -6.941012e-01 -6.096314e-01
    outer loop
      vertex -2.464962e+03 -4.122626e+03  9.097458e+03
      vertex -2.900879e+03 -3.995897e+03  9.226926e+03
      vertex -2.886778e+03 -3.823783e+03  9.022108e+03
    endloop
  endfacet
  facet normal -3.821609e-01 -7.087706e-01 -5.929564e-01
    outer loop
      vertex -2.475958e+03 -4.267798e+03  9.278072e+03
      vertex -2.900879e+03 -3.995897e+03  9.226926e+03
      vertex -2.464962e+03 -4.122626e+03  9.097458e+03
    endloop
  endfacet
  facet normal -3.841472e-01 -7.111050e-01 -5.888639e-01
    outer loop
      vertex -2.915031e+03 -4.161646e+03  9.436314e+03
      vertex -2.900879e+03 -3.995897e+03  9.226926e+03
      vertex -2.475958e+03 -4.267798e+03  9.278072e+03
    endloop
  endfacet
  facet normal -3.556591e-01 -6.846584e-01 -6.361992e-01
    outer loop
      vertex -2.940505e+03 -4.315037e+03  9.649990e+03
      vertex -2.952449e+03 -4.308832e+03  9.649990e+03
      vertex -3.359136e+03 -4.089901e+03  9.641736e+03
    endloop
  endfacet
  facet normal -3.792230e-01 -7.261748e-01 -5.734631e-01
    outer loop
      vertex -2.940505e+03 -4.315037e+03  9.649990e+03
      vertex -3.359136e+03 -4.089901e+03  9.641736e+03
      vertex -3.358512e+03 -4.083713e+03  9.633488e+03
    endloop
  endfacet
  facet normal -3.789188e-01 -7.256836e-01 -5.742856e-01
    outer loop
      vertex -2.940505e+03 -4.315037e+03  9.649990e+03
      vertex -3.358512e+03 -4.083713e+03  9.633488e+03
      vertex -3.357887e+03 -4.077517e+03  9.625246e+03
    endloop
  endfacet
  facet normal -3.779808e-01 -7.242833e-01 -5.766664e-01
    outer loop
      vertex -2.940505e+03 -4.315037e+03  9.649990e+03
      vertex -3.357887e+03 -4.077517e+03  9.625246e+03
      vertex -3.354762e+03 -4.046400e+03  9.584116e+03
    endloop
  endfacet
  facet normal -3.820417e-01 -7.285556e-01 -5.685515e-01
    outer loop
      vertex -2.940505e+03 -4.315037e+03  9.649990e+03
      vertex -3.354762e+03 -4.046400e+03  9.584116e+03
      vertex -2.915031e+03 -4.161646e+03  9.436314e+03
    endloop
  endfacet
  facet normal -3.789333e-01 -7.297807e-01 -5.690604e-01
    outer loop
      vertex -2.940505e+03 -4.315037e+03  9.649990e+03
      vertex -2.915031e+03 -4.161646e+03  9.436314e+03
      vertex -2.928560e+03 -4.321239e+03  9.649990e+03
    endloop
  endfacet
  facet normal -2.908596e-01 -8.427851e-01 -4.528951e-01
    outer loop
      vertex  1.799965e+03 -6.334626e+03  9.507192e+03
      vertex  1.799962e+03 -6.411362e+03  9.649990e+03
      vertex  1.786906e+03 -6.406856e+03  9.649990e+03
    endloop
  endfacet
  facet normal -2.912802e-01 -8.426546e-01 -4.528675e-01
    outer loop
      vertex  1.799965e+03 -6.334626e+03  9.507192e+03
      vertex  1.786906e+03 -6.406856e+03  9.649990e+03
      vertex  1.773851e+03 -6.402343e+03  9.649990e+03
    endloop
  endfacet
  facet normal -2.917000e-01 -8.425060e-01 -4.528738e-01
    outer loop
      vertex  1.799965e+03 -6.334626e+03  9.507192e+03
      vertex  1.773851e+03 -6.402343e+03  9.649990e+03
      vertex  1.760797e+03 -6.397824e+03  9.649990e+03
    endloop
  endfacet
  facet normal -2.921393e-01 -8.423308e-01 -4.529168e-01
    outer loop
      vertex  1.799965e+03 -6.334626e+03  9.507192e+03
      vertex  1.760797e+03 -6.397824e+03  9.649990e+03
      vertex  1.747745e+03 -6.393297e+03  9.649990e+03
    endloop
  endfacet
  facet normal -2.925450e-01 -8.421500e-01 -4.529909e-01
    outer loop
      vertex  1.799965e+03 -6.334626e+03  9.507192e+03
      vertex  1.747745e+03 -6.393297e+03  9.649990e+03
      vertex  1.734694e+03 -6.388763e+03  9.649990e+03
    endloop
  endfacet
  facet normal -2.929426e-01 -8.419540e-01 -4.530983e-01
    outer loop
      vertex  1.799965e+03 -6.334626e+03  9.507192e+03
      vertex  1.734694e+03 -6.388763e+03  9.649990e+03
      vertex  1.721644e+03 -6.384223e+03  9.649990e+03
    endloop
  endfacet
  facet normal -2.933942e-01 -8.417092e-01 -4.532610e-01
    outer loop
      vertex  1.799965e+03 -6.334626e+03  9.507192e+03
      vertex  1.721644e+03 -6.384223e+03  9.649990e+03
      vertex  1.708595e+03 -6.379674e+03  9.649990e+03
    endloop
  endfacet
  facet normal -2.937540e-01 -8.414959e-01 -4.534239e-01
    outer loop
      vertex  1.799965e+03 -6.334626e+03  9.507192e+03
      vertex  1.708595e+03 -6.379674e+03  9.649990e+03
      vertex  1.695547e+03 -6.375120e+03  9.649990e+03
    endloop
  endfacet
  facet normal -2.941619e-01 -8.412328e-01 -4.536476e-01
    outer loop
      vertex  1.799965e+03 -6.334626e+03  9.507192e+03
      vertex  1.695547e+03 -6.375120e+03  9.649990e+03
      vertex  1.682501e+03 -6.370558e+03  9.649990e+03
    endloop
  endfacet
  facet normal -2.945404e-01 -8.409683e-01 -4.538923e-01
    outer loop
      vertex  1.799965e+03 -6.334626e+03  9.507192e+03
      vertex  1.682501e+03 -6.370558e+03  9.649990e+03
      vertex  1.669456e+03 -6.365989e+03  9.649990e+03
    endloop
  endfacet
  facet normal -2.949334e-01 -8.406718e-01 -4.541864e-01
    outer loop
      vertex  1.799965e+03 -6.334626e+03  9.507192e+03
      vertex  1.669456e+03 -6.365989e+03  9.649990e+03
      vertex  1.656412e+03 -6.361413e+03  9.649990e+03
    endloop
  endfacet
  facet normal -2.952998e-01 -8.403742e-01 -4.544989e-01
    outer loop
      vertex  1.799965e+03 -6.334626e+03  9.507192e+03
      vertex  1.656412e+03 -6.361413e+03  9.649990e+03
      vertex  1.643370e+03 -6.356830e+03  9.649990e+03
    endloop
  endfacet
  facet normal -2.956821e-01 -8.400410e-01 -4.548663e-01
    outer loop
      vertex  1.799965e+03 -6.334626e+03  9.507192e+03
      vertex  1.643370e+03 -6.356830e+03  9.649990e+03
      vertex  1.630329e+03 -6.352239e+03  9.649990e+03
    endloop
  endfacet
  facet normal -2.960363e-01 -8.397102e-01 -4.552463e-01
    outer loop
      vertex  1.799965e+03 -6.334626e+03  9.507192e+03
      vertex  1.630329e+03 -6.352239e+03  9.649990e+03
      vertex  1.617289e+03 -6.347642e+03  9.649990e+03
    endloop
  endfacet
  facet normal -2.964036e-01 -8.393438e-01 -4.556828e-01
    outer loop
      vertex  1.799965e+03 -6.334626e+03  9.507192e+03
      vertex  1.617289e+03 -6.347642e+03  9.649990e+03
      vertex  1.604250e+03 -6.343038e+03  9.649990e+03
    endloop
  endfacet
  facet normal -2.967455e-01 -8.389800e-01 -4.561300e-01
    outer loop
      vertex  1.799965e+03 -6.334626e+03  9.507192e+03
      vertex  1.604250e+03 -6.343038e+03  9.649990e+03
      vertex  1.591213e+03 -6.338426e+03  9.649990e+03
    endloop
  endfacet
  facet normal -2.970646e-01 -8.386186e-01 -4.565868e-01
    outer loop
      vertex  1.799965e+03 -6.334626e+03  9.507192e+03
      vertex  1.591213e+03 -6.338426e+03  9.649990e+03
      vertex  1.578852e+03 -6.334048e+03  9.649990e+03
    endloop
  endfacet
  facet normal -2.974083e-01 -8.382058e-01 -4.571208e-01
    outer loop
      vertex  1.799965e+03 -6.334626e+03  9.507192e+03
      vertex  1.578852e+03 -6.334048e+03  9.649990e+03
      vertex  1.566493e+03 -6.329663e+03  9.649990e+03
    endloop
  endfacet
  facet normal -2.977003e-01 -8.378345e-01 -4.576110e-01
    outer loop
      vertex  1.799965e+03 -6.334626e+03  9.507192e+03
      vertex  1.566493e+03 -6.329663e+03  9.649990e+03
      vertex  1.554135e+03 -6.325271e+03  9.649990e+03
    endloop
  endfacet
  facet normal -2.980337e-01 -8.373862e-01 -4.582143e-01
    outer loop
      vertex  1.799965e+03 -6.334626e+03  9.507192e+03
      vertex  1.554135e+03 -6.325271e+03  9.649990e+03
      vertex  1.541778e+03 -6.320874e+03  9.649990e+03
    endloop
  endfacet
  facet normal -2.983129e-01 -8.369893e-01 -4.587573e-01
    outer loop
      vertex  1.799965e+03 -6.334626e+03  9.507192e+03
      vertex  1.541778e+03 -6.320874e+03  9.649990e+03
      vertex  1.529422e+03 -6.316470e+03  9.649990e+03
    endloop
  endfacet
  facet normal -2.986336e-01 -8.365080e-01 -4.594262e-01
    outer loop
      vertex  1.799965e+03 -6.334626e+03  9.507192e+03
      vertex  1.529422e+03 -6.316470e+03  9.649990e+03
      vertex  1.517067e+03 -6.312059e+03  9.649990e+03
    endloop
  endfacet
  facet normal -2.989039e-01 -8.360800e-01 -4.600293e-01
    outer loop
      vertex  1.799965e+03 -6.334626e+03  9.507192e+03
      vertex  1.517067e+03 -6.312059e+03  9.649990e+03
      vertex  1.504714e+03 -6.307643e+03  9.649990e+03
    endloop
  endfacet
  facet normal -2.991912e-01 -8.355999e-01 -4.607141e-01
    outer loop
      vertex  1.799965e+03 -6.334626e+03  9.507192e+03
      vertex  1.504714e+03 -6.307643e+03  9.649990e+03
      vertex  1.492361e+03 -6.303220e+03  9.649990e+03
    endloop
  endfacet
  facet normal -2.994689e-01 -8.351108e-01 -4.614198e-01
    outer loop
      vertex  1.799965e+03 -6.334626e+03  9.507192e+03
      vertex  1.492361e+03 -6.303220e+03  9.649990e+03
      vertex  1.480010e+03 -6.298791e+03  9.649990e+03
    endloop
  endfacet
  facet normal -2.996978e-01 -8.346860e-01 -4.620394e-01
    outer loop
      vertex  1.799965e+03 -6.334626e+03  9.507192e+03
      vertex  1.480010e+03 -6.298791e+03  9.649990e+03
      vertex  1.473063e+03 -6.296296e+03  9.649990e+03
    endloop
  endfacet
  facet normal -2.998464e-01 -8.344023e-01 -4.624556e-01
    outer loop
      vertex  1.799965e+03 -6.334626e+03  9.507192e+03
      vertex  1.473063e+03 -6.296296e+03  9.649990e+03
      vertex  1.466117e+03 -6.293800e+03  9.649990e+03
    endloop
  endfacet
  facet normal -2.999903e-01 -8.341189e-01 -4.628730e-01
    outer loop
      vertex  1.799965e+03 -6.334626e+03  9.507192e+03
      vertex  1.466117e+03 -6.293800e+03  9.649990e+03
      vertex  1.459170e+03 -6.291302e+03  9.649990e+03
    endloop
  endfacet
  facet normal -3.001350e-01 -8.338256e-01 -4.633074e-01
    outer loop
      vertex  1.799965e+03 -6.334626e+03  9.507192e+03
      vertex  1.459170e+03 -6.291302e+03  9.649990e+03
      vertex  1.452223e+03 -6.288801e+03  9.649990e+03
    endloop
  endfacet
  facet normal -3.003491e-01 -8.333787e-01 -4.639723e-01
    outer loop
      vertex  1.799965e+03 -6.334626e+03  9.507192e+03
      vertex  1.452223e+03 -6.288801e+03  9.649990e+03
      vertex  1.438332e+03 -6.283795e+03  9.649990e+03
    endloop
  endfacet
  facet normal -3.006274e-01 -8.327634e-01 -4.648961e-01
    outer loop
      vertex  1.799965e+03 -6.334626e+03  9.507192e+03
      vertex  1.438332e+03 -6.283795e+03  9.649990e+03
      vertex  1.424443e+03 -6.278781e+03  9.649990e+03
    endloop
  endfacet
  facet normal -3.009125e-01 -8.320951e-01 -4.659072e-01
    outer loop
      vertex  1.799965e+03 -6.334626e+03  9.507192e+03
      vertex  1.424443e+03 -6.278781e+03  9.649990e+03
      vertex  1.410554e+03 -6.273758e+03  9.649990e+03
    endloop
  endfacet
  facet normal -3.011909e-01 -8.314031e-01 -4.669615e-01
    outer loop
      vertex  1.799965e+03 -6.334626e+03  9.507192e+03
      vertex  1.410554e+03 -6.273758e+03  9.649990e+03
      vertex  1.396667e+03 -6.268728e+03  9.649990e+03
    endloop
  endfacet
  facet normal -3.014327e-01 -8.307659e-01 -4.679384e-01
    outer loop
      vertex  1.799965e+03 -6.334626e+03  9.507192e+03
      vertex  1.396667e+03 -6.268728e+03  9.649990e+03
      vertex  1.382782e+03 -6.263689e+03  9.649990e+03
    endloop
  endfacet
  facet normal -3.016923e-01 -8.300406e-01 -4.690570e-01
    outer loop
      vertex  1.799965e+03 -6.334626e+03  9.507192e+03
      vertex  1.382782e+03 -6.263689e+03  9.649990e+03
      vertex  1.368898e+03 -6.258643e+03  9.649990e+03
    endloop
  endfacet
  facet normal -3.012802e-01 -8.312554e-01 -4.671666e-01
    outer loop
      vertex  1.799965e+03 -6.334626e+03  9.507192e+03
      vertex  1.368898e+03 -6.258643e+03  9.649990e+03
      vertex  1.376497e+03 -6.127944e+03  9.412529e+03
    endloop
  endfacet
  facet normal -2.995946e-01 -8.296211e-01 -4.711388e-01
    outer loop
      vertex  1.799965e+03 -6.334626e+03  9.507192e+03
      vertex  1.376497e+03 -6.127944e+03  9.412529e+03
      vertex  1.799969e+03 -6.254656e+03  9.366371e+03
    endloop
  endfacet
  facet normal -3.025062e-01 -8.308985e-01 -4.670094e-01
    outer loop
      vertex  1.376497e+03 -6.127944e+03  9.412529e+03
      vertex  1.368898e+03 -6.258643e+03  9.649990e+03
      vertex  1.355016e+03 -6.253589e+03  9.649990e+03
    endloop
  endfacet
  facet normal -3.029774e-01 -8.307477e-01 -4.669722e-01
    outer loop
      vertex  1.376497e+03 -6.127944e+03  9.412529e+03
      vertex  1.355016e+03 -6.253589e+03  9.649990e+03
      vertex  1.341135e+03 -6.248526e+03  9.649990e+03
    endloop
  endfacet
  facet normal -3.034204e-01 -8.305929e-01 -4.669597e-01
    outer loop
      vertex  1.376497e+03 -6.127944e+03  9.412529e+03
      vertex  1.341135e+03 -6.248526e+03  9.649990e+03
      vertex  1.327255e+03 -6.243456e+03  9.649990e+03
    endloop
  endfacet
  facet normal -3.038592e-01 -8.304268e-01 -4.669698e-01
    outer loop
      vertex  1.376497e+03 -6.127944e+03  9.412529e+03
      vertex  1.327255e+03 -6.243456e+03  9.649990e+03
      vertex  1.313377e+03 -6.238378e+03  9.649990e+03
    endloop
  endfacet
  facet normal -3.043168e-01 -8.302398e-01 -4.670045e-01
    outer loop
      vertex  1.376497e+03 -6.127944e+03  9.412529e+03
      vertex  1.313377e+03 -6.238378e+03  9.649990e+03
      vertex  1.299500e+03 -6.233292e+03  9.649990e+03
    endloop
  endfacet
  facet normal -3.047242e-01 -8.300608e-01 -4.670571e-01
    outer loop
      vertex  1.376497e+03 -6.127944e+03  9.412529e+03
      vertex  1.299500e+03 -6.233292e+03  9.649990e+03
      vertex  1.285625e+03 -6.228198e+03  9.649990e+03
    endloop
  endfacet
  facet normal -3.051726e-01 -8.298495e-01 -4.671396e-01
    outer loop
      vertex  1.376497e+03 -6.127944e+03  9.412529e+03
      vertex  1.285625e+03 -6.228198e+03  9.649990e+03
      vertex  1.271751e+03 -6.223096e+03  9.649990e+03
    endloop
  endfacet
  facet normal -3.056187e-01 -8.296252e-01 -4.672464e-01
    outer loop
      vertex  1.376497e+03 -6.127944e+03  9.412529e+03
      vertex  1.271751e+03 -6.223096e+03  9.649990e+03
      vertex  1.257878e+03 -6.217985e+03  9.649990e+03
    endloop
  endfacet
  facet normal -3.060092e-01 -8.294160e-01 -4.673622e-01
    outer loop
      vertex  1.376497e+03 -6.127944e+03  9.412529e+03
      vertex  1.257878e+03 -6.217985e+03  9.649990e+03
      vertex  1.244007e+03 -6.212868e+03  9.649990e+03
    endloop
  endfacet
  facet normal -3.064483e-01 -8.291661e-01 -4.675178e-01
    outer loop
      vertex  1.376497e+03 -6.127944e+03  9.412529e+03
      vertex  1.244007e+03 -6.212868e+03  9.649990e+03
      vertex  1.230138e+03 -6.207742e+03  9.649990e+03
    endloop
  endfacet
  facet normal -3.068782e-01 -8.289068e-01 -4.676957e-01
    outer loop
      vertex  1.376497e+03 -6.127944e+03  9.412529e+03
      vertex  1.230138e+03 -6.207742e+03  9.649990e+03
      vertex  1.216270e+03 -6.202607e+03  9.649990e+03
    endloop
  endfacet
  facet normal -3.072585e-01 -8.286642e-01 -4.678760e-01
    outer loop
      vertex  1.376497e+03 -6.127944e+03  9.412529e+03
      vertex  1.216270e+03 -6.202607e+03  9.649990e+03
      vertex  1.202403e+03 -6.197466e+03  9.649990e+03
    endloop
  endfacet
  facet normal -3.076812e-01 -8.283793e-01 -4.681025e-01
    outer loop
      vertex  1.376497e+03 -6.127944e+03  9.412529e+03
      vertex  1.202403e+03 -6.197466e+03  9.649990e+03
      vertex  1.188538e+03 -6.192316e+03  9.649990e+03
    endloop
  endfacet
  facet normal -3.080762e-01 -8.280988e-01 -4.683391e-01
    outer loop
      vertex  1.376497e+03 -6.127944e+03  9.412529e+03
      vertex  1.188538e+03 -6.192316e+03  9.649990e+03
      vertex  1.174674e+03 -6.187158e+03  9.649990e+03
    endloop
  endfacet
  facet normal -3.084666e-01 -8.278067e-01 -4.685981e-01
    outer loop
      vertex  1.376497e+03 -6.127944e+03  9.412529e+03
      vertex  1.174674e+03 -6.187158e+03  9.649990e+03
      vertex  1.160812e+03 -6.181993e+03  9.649990e+03
    endloop
  endfacet
  facet normal -3.088526e-01 -8.275034e-01 -4.688796e-01
    outer loop
      vertex  1.376497e+03 -6.127944e+03  9.412529e+03
      vertex  1.160812e+03 -6.181993e+03  9.649990e+03
      vertex  1.146951e+03 -6.176819e+03  9.649990e+03
    endloop
  endfacet
  facet normal -3.105410e-01 -8.261072e-01 -4.702244e-01
    outer loop
      vertex  1.376497e+03 -6.127944e+03  9.412529e+03
      vertex  1.146951e+03 -6.176819e+03  9.649990e+03
      vertex  1.164583e+03 -6.050634e+03  9.416659e+03
    endloop
  endfacet
  facet normal -3.090360e-01 -8.265882e-01 -4.703708e-01
    outer loop
      vertex  1.164583e+03 -6.050634e+03  9.416659e+03
      vertex  1.146951e+03 -6.176819e+03  9.649990e+03
      vertex  1.133091e+03 -6.171638e+03  9.649990e+03
    endloop
  endfacet
  facet normal -3.094771e-01 -8.264346e-01 -4.703506e-01
    outer loop
      vertex  1.164583e+03 -6.050634e+03  9.416659e+03
      vertex  1.133091e+03 -6.171638e+03  9.649990e+03
      vertex  1.119233e+03 -6.166448e+03  9.649990e+03
    endloop
  endfacet
  facet normal -3.099162e-01 -8.262684e-01 -4.703535e-01
    outer loop
      vertex  1.164583e+03 -6.050634e+03  9.416659e+03
      vertex  1.119233e+03 -6.166448e+03  9.649990e+03
      vertex  1.105377e+03 -6.161251e+03  9.649990e+03
    endloop
  endfacet
  facet normal -3.103460e-01 -8.260924e-01 -4.703791e-01
    outer loop
      vertex  1.164583e+03 -6.050634e+03  9.416659e+03
      vertex  1.105377e+03 -6.161251e+03  9.649990e+03
      vertex  1.091522e+03 -6.156046e+03  9.649990e+03
    endloop
  endfacet
  facet normal -3.107737e-01 -8.259040e-01 -4.704279e-01
    outer loop
      vertex  1.164583e+03 -6.050634e+03  9.416659e+03
      vertex  1.091522e+03 -6.156046e+03  9.649990e+03
      vertex  1.077668e+03 -6.150833e+03  9.649990e+03
    endloop
  endfacet
  facet normal -3.112217e-01 -8.256921e-01 -4.705037e-01
    outer loop
      vertex  1.164583e+03 -6.050634e+03  9.416659e+03
      vertex  1.077668e+03 -6.150833e+03  9.649990e+03
      vertex  1.063816e+03 -6.145612e+03  9.649990e+03
    endloop
  endfacet
  facet normal -3.116403e-01 -8.254802e-01 -4.705983e-01
    outer loop
      vertex  1.164583e+03 -6.050634e+03  9.416659e+03
      vertex  1.063816e+03 -6.145612e+03  9.649990e+03
      vertex  1.049965e+03 -6.140383e+03  9.649990e+03
    endloop
  endfacet
  facet normal -3.120545e-01 -8.252568e-01 -4.707158e-01
    outer loop
      vertex  1.164583e+03 -6.050634e+03  9.416659e+03
      vertex  1.049965e+03 -6.140383e+03  9.649990e+03
      vertex  1.036116e+03 -6.135146e+03  9.649990e+03
    endloop
  endfacet
  facet normal -3.124629e-01 -8.250223e-01 -4.708558e-01
    outer loop
      vertex  1.164583e+03 -6.050634e+03  9.416659e+03
      vertex  1.036116e+03 -6.135146e+03  9.649990e+03
      vertex  1.022268e+03 -6.129901e+03  9.649990e+03
    endloop
  endfacet
  facet normal -3.128690e-01 -8.247750e-01 -4.710194e-01
    outer loop
      vertex  1.164583e+03 -6.050634e+03  9.416659e+03
      vertex  1.022268e+03 -6.129901e+03  9.649990e+03
      vertex  1.008422e+03 -6.124649e+03  9.649990e+03
    endloop
  endfacet
  facet normal -3.132683e-01 -8.245174e-01 -4.712050e-01
    outer loop
      vertex  1.164583e+03 -6.050634e+03  9.416659e+03
      vertex  1.008422e+03 -6.124649e+03  9.649990e+03
      vertex  9.945768e+02 -6.119389e+03  9.649990e+03
    endloop
  endfacet
  facet normal -3.136882e-01 -8.242310e-01 -4.714265e-01
    outer loop
      vertex  1.164583e+03 -6.050634e+03  9.416659e+03
      vertex  9.945768e+02 -6.119389e+03  9.649990e+03
      vertex  9.807334e+02 -6.114120e+03  9.649990e+03
    endloop
  endfacet
  facet normal -3.140554e-01 -8.239667e-01 -4.716440e-01
    outer loop
      vertex  1.164583e+03 -6.050634e+03  9.416659e+03
      vertex  9.807334e+02 -6.114120e+03  9.649990e+03
      vertex  9.668914e+02 -6.108844e+03  9.649990e+03
    endloop
  endfacet
  facet normal -3.144674e-01 -8.236542e-01 -4.719151e-01
    outer loop
      vertex  1.164583e+03 -6.050634e+03  9.416659e+03
      vertex  9.668914e+02 -6.108844e+03  9.649990e+03
      vertex  9.531841e+02 -6.103611e+03  9.649990e+03
    endloop
  endfacet
  facet normal -3.167779e-01 -8.218062e-01 -4.735888e-01
    outer loop
      vertex  1.164583e+03 -6.050634e+03  9.416659e+03
      vertex  9.531841e+02 -6.103611e+03  9.649990e+03
      vertex  9.523532e+02 -5.971229e+03  9.420828e+03
    endloop
  endfacet
  facet normal -3.299635e-01 -8.117980e-01 -4.817759e-01
    outer loop
      vertex  7.333297e+02 -5.949855e+03  9.530604e+03
      vertex  5.182413e+02 -5.933282e+03  9.649990e+03
      vertex  5.273679e+02 -5.798931e+03  9.417356e+03
    endloop
  endfacet
  facet normal -3.287901e-01 -8.113558e-01 -4.833207e-01
    outer loop
      vertex  7.333297e+02 -5.949855e+03  9.530604e+03
      vertex  5.273679e+02 -5.798931e+03  9.417356e+03
      vertex  7.403967e+02 -5.882603e+03  9.412900e+03
    endloop
  endfacet
  facet normal -3.220629e-01 -8.135458e-01 -4.841681e-01
    outer loop
      vertex  7.333297e+02 -5.949855e+03  9.530604e+03
      vertex  7.403967e+02 -5.882603e+03  9.412900e+03
      vertex  9.523532e+02 -5.971229e+03  9.420828e+03
    endloop
  endfacet
  facet normal -3.174863e-01 -8.216022e-01 -4.734684e-01
    outer loop
      vertex  7.333297e+02 -5.949855e+03  9.530604e+03
      vertex  9.523532e+02 -5.971229e+03  9.420828e+03
      vertex  9.531841e+02 -6.103611e+03  9.649990e+03
    endloop
  endfacet
  facet normal -3.135705e-01 -8.200697e-01 -4.787058e-01
    outer loop
      vertex  7.333297e+02 -5.949855e+03  9.530604e+03
      vertex  9.531841e+02 -6.103611e+03  9.649990e+03
      vertex  9.394782e+02 -6.098370e+03  9.649990e+03
    endloop
  endfacet
  facet normal -3.141522e-01 -8.202801e-01 -4.779633e-01
    outer loop
      vertex  7.333297e+02 -5.949855e+03  9.530604e+03
      vertex  9.394782e+02 -6.098370e+03  9.649990e+03
      vertex  9.257738e+02 -6.093122e+03  9.649990e+03
    endloop
  endfacet
  facet normal -3.147237e-01 -8.204669e-01 -4.772662e-01
    outer loop
      vertex  7.333297e+02 -5.949855e+03  9.530604e+03
      vertex  9.257738e+02 -6.093122e+03  9.649990e+03
      vertex  9.120708e+02 -6.087865e+03  9.649990e+03
    endloop
  endfacet
  facet normal -3.152866e-01 -8.206307e-01 -4.766126e-01
    outer loop
      vertex  7.333297e+02 -5.949855e+03  9.530604e+03
      vertex  9.120708e+02 -6.087865e+03  9.649990e+03
      vertex  8.983692e+02 -6.082601e+03  9.649990e+03
    endloop
  endfacet
  facet normal -3.158102e-01 -8.207636e-01 -4.760366e-01
    outer loop
      vertex  7.333297e+02 -5.949855e+03  9.530604e+03
      vertex  8.983692e+02 -6.082601e+03  9.649990e+03
      vertex  8.846691e+02 -6.077330e+03  9.649990e+03
    endloop
  endfacet
  facet normal -3.163577e-01 -8.208818e-01 -4.754689e-01
    outer loop
      vertex  7.333297e+02 -5.949855e+03  9.530604e+03
      vertex  8.846691e+02 -6.077330e+03  9.649990e+03
      vertex  8.709704e+02 -6.072050e+03  9.649990e+03
    endloop
  endfacet
  facet normal -3.168965e-01 -8.209773e-01 -4.749453e-01
    outer loop
      vertex  7.333297e+02 -5.949855e+03  9.530604e+03
      vertex  8.709704e+02 -6.072050e+03  9.649990e+03
      vertex  8.572732e+02 -6.066763e+03  9.649990e+03
    endloop
  endfacet
  facet normal -3.173943e-01 -8.210452e-01 -4.744950e-01
    outer loop
      vertex  7.333297e+02 -5.949855e+03  9.530604e+03
      vertex  8.572732e+02 -6.066763e+03  9.649990e+03
      vertex  8.435774e+02 -6.061469e+03  9.649990e+03
    endloop
  endfacet
  facet normal -3.179463e-01 -8.210977e-01 -4.740344e-01
    outer loop
      vertex  7.333297e+02 -5.949855e+03  9.530604e+03
      vertex  8.435774e+02 -6.061469e+03  9.649990e+03
      vertex  8.298831e+02 -6.056166e+03  9.649990e+03
    endloop
  endfacet
  facet normal -3.184278e-01 -8.211229e-01 -4.736674e-01
    outer loop
      vertex  7.333297e+02 -5.949855e+03  9.530604e+03
      vertex  8.298831e+02 -6.056166e+03  9.649990e+03
      vertex  8.161901e+02 -6.050856e+03  9.649990e+03
    endloop
  endfacet
  facet normal -3.189041e-01 -8.211268e-01 -4.733402e-01
    outer loop
      vertex  7.333297e+02 -5.949855e+03  9.530604e+03
      vertex  8.161901e+02 -6.050856e+03  9.649990e+03
      vertex  8.024987e+02 -6.045539e+03  9.649990e+03
    endloop
  endfacet
  facet normal -3.194270e-01 -8.211072e-01 -4.730215e-01
    outer loop
      vertex  7.333297e+02 -5.949855e+03  9.530604e+03
      vertex  8.024987e+02 -6.045539e+03  9.649990e+03
      vertex  7.888087e+02 -6.040213e+03  9.649990e+03
    endloop
  endfacet
  facet normal -3.198841e-01 -8.210685e-01 -4.727798e-01
    outer loop
      vertex  7.333297e+02 -5.949855e+03  9.530604e+03
      vertex  7.888087e+02 -6.040213e+03  9.649990e+03
      vertex  7.751201e+02 -6.034880e+03  9.649990e+03
    endloop
  endfacet
  facet normal -3.203356e-01 -8.210082e-01 -4.725788e-01
    outer loop
      vertex  7.333297e+02 -5.949855e+03  9.530604e+03
      vertex  7.751201e+02 -6.034880e+03  9.649990e+03
      vertex  7.614330e+02 -6.029540e+03  9.649990e+03
    endloop
  endfacet
  facet normal -3.208307e-01 -8.209170e-01 -4.724013e-01
    outer loop
      vertex  7.333297e+02 -5.949855e+03  9.530604e+03
      vertex  7.614330e+02 -6.029540e+03  9.649990e+03
      vertex  7.477474e+02 -6.024191e+03  9.649990e+03
    endloop
  endfacet
  facet normal -3.212375e-01 -8.208206e-01 -4.722922e-01
    outer loop
      vertex  7.333297e+02 -5.949855e+03  9.530604e+03
      vertex  7.477474e+02 -6.024191e+03  9.649990e+03
      vertex  7.340632e+02 -6.018835e+03  9.649990e+03
    endloop
  endfacet
  facet normal -3.217153e-01 -8.206815e-01 -4.722089e-01
    outer loop
      vertex  7.333297e+02 -5.949855e+03  9.530604e+03
      vertex  7.340632e+02 -6.018835e+03  9.649990e+03
      vertex  7.203804e+02 -6.013472e+03  9.649990e+03
    endloop
  endfacet
  facet normal -3.221321e-01 -8.205364e-01 -4.721768e-01
    outer loop
      vertex  7.333297e+02 -5.949855e+03  9.530604e+03
      vertex  7.203804e+02 -6.013472e+03  9.649990e+03
      vertex  7.066992e+02 -6.008101e+03  9.649990e+03
    endloop
  endfacet
  facet normal -3.225646e-01 -8.203604e-01 -4.721874e-01
    outer loop
      vertex  7.333297e+02 -5.949855e+03  9.530604e+03
      vertex  7.066992e+02 -6.008101e+03  9.649990e+03
      vertex  6.930193e+02 -6.002722e+03  9.649990e+03
    endloop
  endfacet
  facet normal -3.229658e-01 -8.201725e-01 -4.722396e-01
    outer loop
      vertex  7.333297e+02 -5.949855e+03  9.530604e+03
      vertex  6.930193e+02 -6.002722e+03  9.649990e+03
      vertex  6.793409e+02 -5.997335e+03  9.649990e+03
    endloop
  endfacet
  facet normal -3.233804e-01 -8.199517e-01 -4.723393e-01
    outer loop
      vertex  7.333297e+02 -5.949855e+03  9.530604e+03
      vertex  6.793409e+02 -5.997335e+03  9.649990e+03
      vertex  6.656640e+02 -5.991941e+03  9.649990e+03
    endloop
  endfacet
  facet normal -3.237872e-01 -8.197079e-01 -4.724839e-01
    outer loop
      vertex  7.333297e+02 -5.949855e+03  9.530604e+03
      vertex  6.656640e+02 -5.991941e+03  9.649990e+03
      vertex  6.519885e+02 -5.986540e+03  9.649990e+03
    endloop
  endfacet
  facet normal -3.241617e-01 -8.194571e-01 -4.726620e-01
    outer loop
      vertex  7.333297e+02 -5.949855e+03  9.530604e+03
      vertex  6.519885e+02 -5.986540e+03  9.649990e+03
      vertex  6.383145e+02 -5.981130e+03  9.649990e+03
    endloop
  endfacet
  facet normal -3.245277e-01 -8.191852e-01 -4.728820e-01
    outer loop
      vertex  7.333297e+02 -5.949855e+03  9.530604e+03
      vertex  6.383145e+02 -5.981130e+03  9.649990e+03
      vertex  6.246420e+02 -5.975714e+03  9.649990e+03
    endloop
  endfacet
  facet normal -3.249072e-01 -8.188741e-01 -4.731601e-01
    outer loop
      vertex  7.333297e+02 -5.949855e+03  9.530604e+03
      vertex  6.246420e+02 -5.975714e+03  9.649990e+03
      vertex  6.109709e+02 -5.970290e+03  9.649990e+03
    endloop
  endfacet
  facet normal -3.252764e-01 -8.185416e-01 -4.734817e-01
    outer loop
      vertex  7.333297e+02 -5.949855e+03  9.530604e+03
      vertex  6.109709e+02 -5.970290e+03  9.649990e+03
      vertex  5.973012e+02 -5.964857e+03  9.649990e+03
    endloop
  endfacet
  facet normal -3.256135e-01 -8.182094e-01 -4.738241e-01
    outer loop
      vertex  7.333297e+02 -5.949855e+03  9.530604e+03
      vertex  5.973012e+02 -5.964857e+03  9.649990e+03
      vertex  5.841212e+02 -5.959612e+03  9.649990e+03
    endloop
  endfacet
  facet normal -3.259352e-01 -8.178646e-01 -4.741980e-01
    outer loop
      vertex  7.333297e+02 -5.949855e+03  9.530604e+03
      vertex  5.841212e+02 -5.959612e+03  9.649990e+03
      vertex  5.709425e+02 -5.954360e+03  9.649990e+03
    endloop
  endfacet
  facet normal -3.262674e-01 -8.174784e-01 -4.746352e-01
    outer loop
      vertex  7.333297e+02 -5.949855e+03  9.530604e+03
      vertex  5.709425e+02 -5.954360e+03  9.649990e+03
      vertex  5.577651e+02 -5.949101e+03  9.649990e+03
    endloop
  endfacet
  facet normal -3.265727e-01 -8.170942e-01 -4.750866e-01
    outer loop
      vertex  7.333297e+02 -5.949855e+03  9.530604e+03
      vertex  5.577651e+02 -5.949101e+03  9.649990e+03
      vertex  5.445892e+02 -5.943835e+03  9.649990e+03
    endloop
  endfacet
  facet normal -3.268884e-01 -8.166649e-01 -4.756074e-01
    outer loop
      vertex  7.333297e+02 -5.949855e+03  9.530604e+03
      vertex  5.445892e+02 -5.943835e+03  9.649990e+03
      vertex  5.314146e+02 -5.938562e+03  9.649990e+03
    endloop
  endfacet
  facet normal -3.271582e-01 -8.162691e-01 -4.761010e-01
    outer loop
      vertex  7.333297e+02 -5.949855e+03  9.530604e+03
      vertex  5.314146e+02 -5.938562e+03  9.649990e+03
      vertex  5.182413e+02 -5.933282e+03  9.649990e+03
    endloop
  endfacet
  facet normal -3.263426e-01 -8.129501e-01 -4.822992e-01
    outer loop
      vertex  5.273679e+02 -5.798931e+03  9.417356e+03
      vertex  5.182413e+02 -5.933282e+03  9.649990e+03
      vertex  5.050694e+02 -5.927994e+03  9.649990e+03
    endloop
  endfacet
  facet normal -3.267172e-01 -8.128209e-01 -4.822634e-01
    outer loop
      vertex  5.273679e+02 -5.798931e+03  9.417356e+03
      vertex  5.050694e+02 -5.927994e+03  9.649990e+03
      vertex  4.918989e+02 -5.922700e+03  9.649990e+03
    endloop
  endfacet
  facet normal -3.271390e-01 -8.126629e-01 -4.822437e-01
    outer loop
      vertex  5.273679e+02 -5.798931e+03  9.417356e+03
      vertex  4.918989e+02 -5.922700e+03  9.649990e+03
      vertex  4.787298e+02 -5.917399e+03  9.649990e+03
    endloop
  endfacet
  facet normal -3.275304e-01 -8.125046e-01 -4.822449e-01
    outer loop
      vertex  5.273679e+02 -5.798931e+03  9.417356e+03
      vertex  4.787298e+02 -5.917399e+03  9.649990e+03
      vertex  4.655620e+02 -5.912091e+03  9.649990e+03
    endloop
  endfacet
  facet normal -3.279439e-01 -8.123246e-01 -4.822672e-01
    outer loop
      vertex  5.273679e+02 -5.798931e+03  9.417356e+03
      vertex  4.655620e+02 -5.912091e+03  9.649990e+03
      vertex  4.523955e+02 -5.906775e+03  9.649990e+03
    endloop
  endfacet
  facet normal -3.283021e-01 -8.121573e-01 -4.823051e-01
    outer loop
      vertex  5.273679e+02 -5.798931e+03  9.417356e+03
      vertex  4.523955e+02 -5.906775e+03  9.649990e+03
      vertex  4.392304e+02 -5.901454e+03  9.649990e+03
    endloop
  endfacet
  facet normal -3.287066e-01 -8.119555e-01 -4.823694e-01
    outer loop
      vertex  5.273679e+02 -5.798931e+03  9.417356e+03
      vertex  4.392304e+02 -5.901454e+03  9.649990e+03
      vertex  4.260667e+02 -5.896125e+03  9.649990e+03
    endloop
  endfacet
  facet normal -3.290817e-01 -8.117560e-01 -4.824494e-01
    outer loop
      vertex  5.273679e+02 -5.798931e+03  9.417356e+03
      vertex  4.260667e+02 -5.896125e+03  9.649990e+03
      vertex  4.129044e+02 -5.890789e+03  9.649990e+03
    endloop
  endfacet
  facet normal -3.294691e-01 -8.115370e-01 -4.825535e-01
    outer loop
      vertex  5.273679e+02 -5.798931e+03  9.417356e+03
      vertex  4.129044e+02 -5.890789e+03  9.649990e+03
      vertex  4.007558e+02 -5.885856e+03  9.649990e+03
    endloop
  endfacet
  facet normal -3.297831e-01 -8.113494e-01 -4.826544e-01
    outer loop
      vertex  5.273679e+02 -5.798931e+03  9.417356e+03
      vertex  4.007558e+02 -5.885856e+03  9.649990e+03
      vertex  3.886083e+02 -5.880919e+03  9.649990e+03
    endloop
  endfacet
  facet normal -3.301204e-01 -8.111371e-01 -4.827807e-01
    outer loop
      vertex  5.273679e+02 -5.798931e+03  9.417356e+03
      vertex  3.886083e+02 -5.880919e+03  9.649990e+03
      vertex  3.764620e+02 -5.875976e+03  9.649990e+03
    endloop
  endfacet
  facet normal -3.304790e-01 -8.108994e-01 -4.829346e-01
    outer loop
      vertex  5.273679e+02 -5.798931e+03  9.417356e+03
      vertex  3.764620e+02 -5.875976e+03  9.649990e+03
      vertex  3.643168e+02 -5.871026e+03  9.649990e+03
    endloop
  endfacet
  facet normal -3.308082e-01 -8.106700e-01 -4.830943e-01
    outer loop
      vertex  5.273679e+02 -5.798931e+03  9.417356e+03
      vertex  3.643168e+02 -5.871026e+03  9.649990e+03
      vertex  3.521729e+02 -5.866070e+03  9.649990e+03
    endloop
  endfacet
  facet normal -3.311086e-01 -8.104503e-01 -4.832571e-01
    outer loop
      vertex  5.273679e+02 -5.798931e+03  9.417356e+03
      vertex  3.521729e+02 -5.866070e+03  9.649990e+03
      vertex  3.400300e+02 -5.861109e+03  9.649990e+03
    endloop
  endfacet
  facet normal -3.314552e-01 -8.101845e-01 -4.834651e-01
    outer loop
      vertex  5.273679e+02 -5.798931e+03  9.417356e+03
      vertex  3.400300e+02 -5.861109e+03  9.649990e+03
      vertex  3.278884e+02 -5.856142e+03  9.649990e+03
    endloop
  endfacet
  facet normal -3.316858e-01 -8.099992e-01 -4.836173e-01
    outer loop
      vertex  5.273679e+02 -5.798931e+03  9.417356e+03
      vertex  3.278884e+02 -5.856142e+03  9.649990e+03
      vertex  3.208078e+02 -5.853243e+03  9.649990e+03
    endloop
  endfacet
  facet normal -3.319095e-01 -8.098148e-01 -4.837728e-01
    outer loop
      vertex  5.273679e+02 -5.798931e+03  9.417356e+03
      vertex  3.208078e+02 -5.853243e+03  9.649990e+03
      vertex  3.137277e+02 -5.850341e+03  9.649990e+03
    endloop
  endfacet
  facet normal -3.320636e-01 -8.096842e-01 -4.838856e-01
    outer loop
      vertex  5.273679e+02 -5.798931e+03  9.417356e+03
      vertex  3.137277e+02 -5.850341e+03  9.649990e+03
      vertex  3.066448e+02 -5.847436e+03  9.649990e+03
    endloop
  endfacet
  facet normal -3.322430e-01 -8.095283e-01 -4.840232e-01
    outer loop
      vertex  5.273679e+02 -5.798931e+03  9.417356e+03
      vertex  3.066448e+02 -5.847436e+03  9.649990e+03
      vertex  2.995624e+02 -5.844529e+03  9.649990e+03
    endloop
  endfacet
  facet normal -3.348019e-01 -8.072384e-01 -4.860801e-01
    outer loop
      vertex  5.273679e+02 -5.798931e+03  9.417356e+03
      vertex  2.995624e+02 -5.844529e+03  9.649990e+03
      vertex  3.194414e+02 -5.715319e+03  9.421717e+03
    endloop
  endfacet
  facet normal -3.320702e-01 -8.081862e-01 -4.863788e-01
    outer loop
      vertex  3.194414e+02 -5.715319e+03  9.421717e+03
      vertex  2.995624e+02 -5.844529e+03  9.649990e+03
      vertex  2.854018e+02 -5.838711e+03  9.649990e+03
    endloop
  endfacet
  facet normal -3.325125e-01 -8.080192e-01 -4.863544e-01
    outer loop
      vertex  3.194414e+02 -5.715319e+03  9.421717e+03
      vertex  2.854018e+02 -5.838711e+03  9.649990e+03
      vertex  2.712427e+02 -5.832884e+03  9.649990e+03
    endloop
  endfacet
  facet normal -3.329256e-01 -8.078492e-01 -4.863541e-01
    outer loop
      vertex  3.194414e+02 -5.715319e+03  9.421717e+03
      vertex  2.712427e+02 -5.832884e+03  9.649990e+03
      vertex  2.570853e+02 -5.827050e+03  9.649990e+03
    endloop
  endfacet
  facet normal -3.333340e-01 -8.076672e-01 -4.863766e-01
    outer loop
      vertex  3.194414e+02 -5.715319e+03  9.421717e+03
      vertex  2.570853e+02 -5.827050e+03  9.649990e+03
      vertex  2.429295e+02 -5.821208e+03  9.649990e+03
    endloop
  endfacet
  facet normal -3.337549e-01 -8.074650e-01 -4.864238e-01
    outer loop
      vertex  3.194414e+02 -5.715319e+03  9.421717e+03
      vertex  2.429295e+02 -5.821208e+03  9.649990e+03
      vertex  2.287867e+02 -5.815362e+03  9.649990e+03
    endloop
  endfacet
  facet normal -3.341535e-01 -8.072590e-01 -4.864919e-01
    outer loop
      vertex  3.194414e+02 -5.715319e+03  9.421717e+03
      vertex  2.287867e+02 -5.815362e+03  9.649990e+03
      vertex  2.146456e+02 -5.809508e+03  9.649990e+03
    endloop
  endfacet
  facet normal -3.345465e-01 -8.070415e-01 -4.865825e-01
    outer loop
      vertex  3.194414e+02 -5.715319e+03  9.421717e+03
      vertex  2.146456e+02 -5.809508e+03  9.649990e+03
      vertex  2.005061e+02 -5.803647e+03  9.649990e+03
    endloop
  endfacet
  facet normal -3.349351e-01 -8.068118e-01 -4.866961e-01
    outer loop
      vertex  3.194414e+02 -5.715319e+03  9.421717e+03
      vertex  2.005061e+02 -5.803647e+03  9.649990e+03
      vertex  1.863681e+02 -5.797778e+03  9.649990e+03
    endloop
  endfacet
  facet normal -3.353400e-01 -8.065568e-01 -4.868401e-01
    outer loop
      vertex  3.194414e+02 -5.715319e+03  9.421717e+03
      vertex  1.863681e+02 -5.797778e+03  9.649990e+03
      vertex  1.722318e+02 -5.791900e+03  9.649990e+03
    endloop
  endfacet
  facet normal -3.357181e-01 -8.063036e-01 -4.869989e-01
    outer loop
      vertex  3.194414e+02 -5.715319e+03  9.421717e+03
      vertex  1.722318e+02 -5.791900e+03  9.649990e+03
      vertex  1.580970e+02 -5.786015e+03  9.649990e+03
    endloop
  endfacet
  facet normal -3.360910e-01 -8.060386e-01 -4.871804e-01
    outer loop
      vertex  3.194414e+02 -5.715319e+03  9.421717e+03
      vertex  1.580970e+02 -5.786015e+03  9.649990e+03
      vertex  1.439638e+02 -5.780122e+03  9.649990e+03
    endloop
  endfacet
  facet normal -3.364590e-01 -8.057615e-01 -4.873847e-01
    outer loop
      vertex  3.194414e+02 -5.715319e+03  9.421717e+03
      vertex  1.439638e+02 -5.780122e+03  9.649990e+03
      vertex  1.298322e+02 -5.774221e+03  9.649990e+03
    endloop
  endfacet
  facet normal -3.368213e-01 -8.054730e-01 -4.876111e-01
    outer loop
      vertex  3.194414e+02 -5.715319e+03  9.421717e+03
      vertex  1.298322e+02 -5.774221e+03  9.649990e+03
      vertex  1.157022e+02 -5.768313e+03  9.649990e+03
    endloop
  endfacet
  facet normal -3.371788e-01 -8.051724e-01 -4.878604e-01
    outer loop
      vertex  3.194414e+02 -5.715319e+03  9.421717e+03
      vertex  1.157022e+02 -5.768313e+03  9.649990e+03
      vertex  1.015738e+02 -5.762396e+03  9.649990e+03
    endloop
  endfacet
  facet normal -3.375310e-01 -8.048601e-01 -4.881322e-01
    outer loop
      vertex  3.194414e+02 -5.715319e+03  9.421717e+03
      vertex  1.015738e+02 -5.762396e+03  9.649990e+03
      vertex  8.744693e+01 -5.756472e+03  9.649990e+03
    endloop
  endfacet
  facet normal -3.402524e-01 -8.023086e-01 -4.904379e-01
    outer loop
      vertex  3.194414e+02 -5.715319e+03  9.421717e+03
      vertex  8.744693e+01 -5.756472e+03  9.649990e+03
      vertex  1.110179e+02 -5.629603e+03  9.426092e+03
    endloop
  endfacet
  facet normal -3.374026e-01 -8.033381e-01 -4.907213e-01
    outer loop
      vertex  1.110179e+02 -5.629603e+03  9.426092e+03
      vertex  8.744693e+01 -5.756472e+03  9.649990e+03
      vertex  7.332168e+01 -5.750539e+03  9.649990e+03
    endloop
  endfacet
  facet normal -3.377926e-01 -8.031847e-01 -4.907041e-01
    outer loop
      vertex  1.110179e+02 -5.629603e+03  9.426092e+03
      vertex  7.332168e+01 -5.750539e+03  9.649990e+03
      vertex  5.919801e+01 -5.744599e+03  9.649990e+03
    endloop
  endfacet
  facet normal -3.382013e-01 -8.030098e-01 -4.907088e-01
    outer loop
      vertex  1.110179e+02 -5.629603e+03  9.426092e+03
      vertex  5.919801e+01 -5.744599e+03  9.649990e+03
      vertex  4.507593e+01 -5.738651e+03  9.649990e+03
    endloop
  endfacet
  facet normal -3.386279e-01 -8.028120e-01 -4.907382e-01
    outer loop
      vertex  1.110179e+02 -5.629603e+03  9.426092e+03
      vertex  4.507593e+01 -5.738651e+03  9.649990e+03
      vertex  3.095544e+01 -5.732695e+03  9.649990e+03
    endloop
  endfacet
  facet normal -3.390031e-01 -8.026244e-01 -4.907859e-01
    outer loop
      vertex  1.110179e+02 -5.629603e+03  9.426092e+03
      vertex  3.095544e+01 -5.732695e+03  9.649990e+03
      vertex  1.683654e+01 -5.726732e+03  9.649990e+03
    endloop
  endfacet
  facet normal -3.393961e-01 -8.024132e-01 -4.908596e-01
    outer loop
      vertex  1.110179e+02 -5.629603e+03  9.426092e+03
      vertex  1.683654e+01 -5.726732e+03  9.649990e+03
      vertex  2.719218e+00 -5.720761e+03  9.649990e+03
    endloop
  endfacet
  facet normal -3.398062e-01 -8.021772e-01 -4.909619e-01
    outer loop
      vertex  1.110179e+02 -5.629603e+03  9.426092e+03
      vertex  2.719218e+00 -5.720761e+03  9.649990e+03
      vertex -1.139651e+01 -5.714781e+03  9.649990e+03
    endloop
  endfacet
  facet normal -3.401666e-01 -8.019555e-01 -4.910746e-01
    outer loop
      vertex  1.110179e+02 -5.629603e+03  9.426092e+03
      vertex -1.139651e+01 -5.714781e+03  9.649990e+03
      vertex -2.551065e+01 -5.708794e+03  9.649990e+03
    endloop
  endfacet
  facet normal -3.405437e-01 -8.017080e-01 -4.912170e-01
    outer loop
      vertex  1.110179e+02 -5.629603e+03  9.426092e+03
      vertex -2.551065e+01 -5.708794e+03  9.649990e+03
      vertex -3.962321e+01 -5.702800e+03  9.649990e+03
    endloop
  endfacet
  facet normal -3.408941e-01 -8.014636e-01 -4.913729e-01
    outer loop
      vertex  1.110179e+02 -5.629603e+03  9.426092e+03
      vertex -3.962321e+01 -5.702800e+03  9.649990e+03
      vertex -5.373418e+01 -5.696798e+03  9.649990e+03
    endloop
  endfacet
  facet normal -3.412817e-01 -8.011765e-01 -4.915719e-01
    outer loop
      vertex  1.110179e+02 -5.629603e+03  9.426092e+03
      vertex -5.373418e+01 -5.696798e+03  9.649990e+03
      vertex -6.784357e+01 -5.690788e+03  9.649990e+03
    endloop
  endfacet
  facet normal -3.416221e-01 -8.009093e-01 -4.917708e-01
    outer loop
      vertex  1.110179e+02 -5.629603e+03  9.426092e+03
      vertex -6.784357e+01 -5.690788e+03  9.649990e+03
      vertex -8.195136e+01 -5.684770e+03  9.649990e+03
    endloop
  endfacet
  facet normal -3.419777e-01 -8.006140e-01 -4.920046e-01
    outer loop
      vertex  1.110179e+02 -5.629603e+03  9.426092e+03
      vertex -8.195136e+01 -5.684770e+03  9.649990e+03
      vertex -9.605758e+01 -5.678745e+03  9.649990e+03
    endloop
  endfacet
  facet normal -3.423283e-01 -8.003063e-01 -4.922612e-01
    outer loop
      vertex  1.110179e+02 -5.629603e+03  9.426092e+03
      vertex -9.605758e+01 -5.678745e+03  9.649990e+03
      vertex -1.101622e+02 -5.672711e+03  9.649990e+03
    endloop
  endfacet
  facet normal -3.426694e-01 -7.999903e-01 -4.925374e-01
    outer loop
      vertex  1.110179e+02 -5.629603e+03  9.426092e+03
      vertex -1.101622e+02 -5.672711e+03  9.649990e+03
      vertex -1.237228e+02 -5.666903e+03  9.649990e+03
    endloop
  endfacet
  facet normal -3.429800e-01 -7.996877e-01 -4.928126e-01
    outer loop
      vertex  1.110179e+02 -5.629603e+03  9.426092e+03
      vertex -1.237228e+02 -5.666903e+03  9.649990e+03
      vertex -1.372820e+02 -5.661087e+03  9.649990e+03
    endloop
  endfacet
  facet normal -3.455630e-01 -7.970323e-01 -4.953037e-01
    outer loop
      vertex  1.110179e+02 -5.629603e+03  9.426092e+03
      vertex -1.372820e+02 -5.661087e+03  9.649990e+03
      vertex -1.091842e+02 -5.537005e+03  9.430717e+03
    endloop
  endfacet
  facet normal -3.427632e-01 -7.980911e-01 -4.955441e-01
    outer loop
      vertex -1.091842e+02 -5.537005e+03  9.430717e+03
      vertex -1.372820e+02 -5.661087e+03  9.649990e+03
      vertex -1.508398e+02 -5.655265e+03  9.649990e+03
    endloop
  endfacet
  facet normal -3.431371e-01 -7.979377e-01 -4.955324e-01
    outer loop
      vertex -1.091842e+02 -5.537005e+03  9.430717e+03
      vertex -1.508398e+02 -5.655265e+03  9.649990e+03
      vertex -1.643960e+02 -5.649435e+03  9.649990e+03
    endloop
  endfacet
  facet normal -3.435056e-01 -7.977738e-01 -4.955411e-01
    outer loop
      vertex -1.091842e+02 -5.537005e+03  9.430717e+03
      vertex -1.643960e+02 -5.649435e+03  9.649990e+03
      vertex -1.779508e+02 -5.643599e+03  9.649990e+03
    endloop
  endfacet
  facet normal -3.438938e-01 -7.975872e-01 -4.955722e-01
    outer loop
      vertex -1.091842e+02 -5.537005e+03  9.430717e+03
      vertex -1.779508e+02 -5.643599e+03  9.649990e+03
      vertex -1.915041e+02 -5.637755e+03  9.649990e+03
    endloop
  endfacet
  facet normal -3.442527e-01 -7.974015e-01 -4.956217e-01
    outer loop
      vertex -1.091842e+02 -5.537005e+03  9.430717e+03
      vertex -1.915041e+02 -5.637755e+03  9.649990e+03
      vertex -2.050560e+02 -5.631904e+03  9.649990e+03
    endloop
  endfacet
  facet normal -3.446304e-01 -7.971921e-01 -4.956961e-01
    outer loop
      vertex -1.091842e+02 -5.537005e+03  9.430717e+03
      vertex -2.050560e+02 -5.631904e+03  9.649990e+03
      vertex -2.186064e+02 -5.626046e+03  9.649990e+03
    endloop
  endfacet
  facet normal -3.449801e-01 -7.969847e-01 -4.957864e-01
    outer loop
      vertex -1.091842e+02 -5.537005e+03  9.430717e+03
      vertex -2.186064e+02 -5.626046e+03  9.649990e+03
      vertex -2.321553e+02 -5.620182e+03  9.649990e+03
    endloop
  endfacet
  facet normal -3.453475e-01 -7.967522e-01 -4.959043e-01
    outer loop
      vertex -1.091842e+02 -5.537005e+03  9.430717e+03
      vertex -2.321553e+02 -5.620182e+03  9.649990e+03
      vertex -2.457028e+02 -5.614310e+03  9.649990e+03
    endloop
  endfacet
  facet normal -3.456653e-01 -7.965382e-01 -4.960267e-01
    outer loop
      vertex -1.091842e+02 -5.537005e+03  9.430717e+03
      vertex -2.457028e+02 -5.614310e+03  9.649990e+03
      vertex -2.592488e+02 -5.608431e+03  9.649990e+03
    endloop
  endfacet
  facet normal -3.460221e-01 -7.962829e-01 -4.961877e-01
    outer loop
      vertex -1.091842e+02 -5.537005e+03  9.430717e+03
      vertex -2.592488e+02 -5.608431e+03  9.649990e+03
      vertex -2.727933e+02 -5.602545e+03  9.649990e+03
    endloop
  endfacet
  facet normal -3.463740e-01 -7.960159e-01 -4.963705e-01
    outer loop
      vertex -1.091842e+02 -5.537005e+03  9.430717e+03
      vertex -2.727933e+02 -5.602545e+03  9.649990e+03
      vertex -2.863364e+02 -5.596652e+03  9.649990e+03
    endloop
  endfacet
  facet normal -3.466775e-01 -7.957722e-01 -4.965494e-01
    outer loop
      vertex -1.091842e+02 -5.537005e+03  9.430717e+03
      vertex -2.863364e+02 -5.596652e+03  9.649990e+03
      vertex -2.989108e+02 -5.591174e+03  9.649990e+03
    endloop
  endfacet
  facet normal -3.469736e-01 -7.955218e-01 -4.967437e-01
    outer loop
      vertex -1.091842e+02 -5.537005e+03  9.430717e+03
      vertex -2.989108e+02 -5.591174e+03  9.649990e+03
      vertex -3.114840e+02 -5.585690e+03  9.649990e+03
    endloop
  endfacet
  facet normal -3.472878e-01 -7.952424e-01 -4.969715e-01
    outer loop
      vertex -1.091842e+02 -5.537005e+03  9.430717e+03
      vertex -3.114840e+02 -5.585690e+03  9.649990e+03
      vertex -3.240559e+02 -5.580200e+03  9.649990e+03
    endloop
  endfacet
  facet normal -3.475755e-01 -7.949736e-01 -4.972005e-01
    outer loop
      vertex -1.091842e+02 -5.537005e+03  9.430717e+03
      vertex -3.240559e+02 -5.580200e+03  9.649990e+03
      vertex -3.366265e+02 -5.574704e+03  9.649990e+03
    endloop
  endfacet
  facet normal -3.478590e-01 -7.946955e-01 -4.974468e-01
    outer loop
      vertex -1.091842e+02 -5.537005e+03  9.430717e+03
      vertex -3.366265e+02 -5.574704e+03  9.649990e+03
      vertex -3.491959e+02 -5.569202e+03  9.649990e+03
    endloop
  endfacet
  facet normal -3.507707e-01 -7.916868e-01 -5.001920e-01
    outer loop
      vertex -1.091842e+02 -5.537005e+03  9.430717e+03
      vertex -3.491959e+02 -5.569202e+03  9.649990e+03
      vertex -3.298651e+02 -5.442155e+03  9.435349e+03
    endloop
  endfacet
  facet normal -3.744177e-01 -7.634372e-01 -5.262843e-01
    outer loop
      vertex -1.623626e+03 -4.829185e+03  9.435968e+03
      vertex -1.191042e+03 -5.034050e+03  9.425393e+03
      vertex -1.199561e+03 -5.106763e+03  9.536933e+03
    endloop
  endfacet
  facet normal -3.706047e-01 -7.602523e-01 -5.335436e-01
    outer loop
      vertex -1.623626e+03 -4.829185e+03  9.435968e+03
      vertex -1.199561e+03 -5.106763e+03  9.536933e+03
      vertex -1.634183e+03 -4.974239e+03  9.649990e+03
    endloop
  endfacet
  facet normal -3.699775e-01 -7.604739e-01 -5.336629e-01
    outer loop
      vertex -1.623626e+03 -4.829185e+03  9.435968e+03
      vertex -1.634183e+03 -4.974239e+03  9.649990e+03
      vertex -1.650167e+03 -4.966463e+03  9.649990e+03
    endloop
  endfacet
  facet normal -3.703224e-01 -7.603375e-01 -5.336181e-01
    outer loop
      vertex -1.623626e+03 -4.829185e+03  9.435968e+03
      vertex -1.650167e+03 -4.966463e+03  9.649990e+03
      vertex -1.666149e+03 -4.958679e+03  9.649990e+03
    endloop
  endfacet
  facet normal -3.706611e-01 -7.601885e-01 -5.335952e-01
    outer loop
      vertex -1.623626e+03 -4.829185e+03  9.435968e+03
      vertex -1.666149e+03 -4.958679e+03  9.649990e+03
      vertex -1.682130e+03 -4.950887e+03  9.649990e+03
    endloop
  endfacet
  facet normal -3.709771e-01 -7.600350e-01 -5.335944e-01
    outer loop
      vertex -1.623626e+03 -4.829185e+03  9.435968e+03
      vertex -1.682130e+03 -4.950887e+03  9.649990e+03
      vertex -1.698109e+03 -4.943087e+03  9.649990e+03
    endloop
  endfacet
  facet normal -3.712642e-01 -7.598817e-01 -5.336127e-01
    outer loop
      vertex -1.623626e+03 -4.829185e+03  9.435968e+03
      vertex -1.698109e+03 -4.943087e+03  9.649990e+03
      vertex -1.714086e+03 -4.935281e+03  9.649990e+03
    endloop
  endfacet
  facet normal -3.715843e-01 -7.596952e-01 -5.336556e-01
    outer loop
      vertex -1.623626e+03 -4.829185e+03  9.435968e+03
      vertex -1.714086e+03 -4.935281e+03  9.649990e+03
      vertex -1.730061e+03 -4.927467e+03  9.649990e+03
    endloop
  endfacet
  facet normal -3.718804e-01 -7.595074e-01 -5.337166e-01
    outer loop
      vertex -1.623626e+03 -4.829185e+03  9.435968e+03
      vertex -1.730061e+03 -4.927467e+03  9.649990e+03
      vertex -1.746035e+03 -4.919646e+03  9.649990e+03
    endloop
  endfacet
  facet normal -3.721707e-01 -7.593078e-01 -5.337982e-01
    outer loop
      vertex -1.623626e+03 -4.829185e+03  9.435968e+03
      vertex -1.746035e+03 -4.919646e+03  9.649990e+03
      vertex -1.762007e+03 -4.911817e+03  9.649990e+03
    endloop
  endfacet
  facet normal -3.724530e-01 -7.590981e-01 -5.338998e-01
    outer loop
      vertex -1.623626e+03 -4.829185e+03  9.435968e+03
      vertex -1.762007e+03 -4.911817e+03  9.649990e+03
      vertex -1.777978e+03 -4.903981e+03  9.649990e+03
    endloop
  endfacet
  facet normal -3.727168e-01 -7.588867e-01 -5.340161e-01
    outer loop
      vertex -1.623626e+03 -4.829185e+03  9.435968e+03
      vertex -1.777978e+03 -4.903981e+03  9.649990e+03
      vertex -1.793946e+03 -4.896139e+03  9.649990e+03
    endloop
  endfacet
  facet normal -3.729853e-01 -7.586553e-01 -5.341575e-01
    outer loop
      vertex -1.623626e+03 -4.829185e+03  9.435968e+03
      vertex -1.793946e+03 -4.896139e+03  9.649990e+03
      vertex -1.809913e+03 -4.888289e+03  9.649990e+03
    endloop
  endfacet
  facet normal -3.732505e-01 -7.584099e-01 -5.343206e-01
    outer loop
      vertex -1.623626e+03 -4.829185e+03  9.435968e+03
      vertex -1.809913e+03 -4.888289e+03  9.649990e+03
      vertex -1.824427e+03 -4.881146e+03  9.649990e+03
    endloop
  endfacet
  facet normal -3.734628e-01 -7.582008e-01 -5.344689e-01
    outer loop
      vertex -1.623626e+03 -4.829185e+03  9.435968e+03
      vertex -1.824427e+03 -4.881146e+03  9.649990e+03
      vertex -1.838940e+03 -4.873997e+03  9.649990e+03
    endloop
  endfacet
  facet normal -3.736874e-01 -7.579656e-01 -5.346457e-01
    outer loop
      vertex -1.623626e+03 -4.829185e+03  9.435968e+03
      vertex -1.838940e+03 -4.873997e+03  9.649990e+03
      vertex -1.853451e+03 -4.866843e+03  9.649990e+03
    endloop
  endfacet
  facet normal -3.739053e-01 -7.577231e-01 -5.348370e-01
    outer loop
      vertex -1.623626e+03 -4.829185e+03  9.435968e+03
      vertex -1.853451e+03 -4.866843e+03  9.649990e+03
      vertex -1.867962e+03 -4.859683e+03  9.649990e+03
    endloop
  endfacet
  facet normal -3.741225e-01 -7.574667e-01 -5.350483e-01
    outer loop
      vertex -1.623626e+03 -4.829185e+03  9.435968e+03
      vertex -1.867962e+03 -4.859683e+03  9.649990e+03
      vertex -1.882470e+03 -4.852517e+03  9.649990e+03
    endloop
  endfacet
  facet normal -3.743328e-01 -7.572033e-01 -5.352740e-01
    outer loop
      vertex -1.623626e+03 -4.829185e+03  9.435968e+03
      vertex -1.882470e+03 -4.852517e+03  9.649990e+03
      vertex -1.896978e+03 -4.845345e+03  9.649990e+03
    endloop
  endfacet
  facet normal -3.745185e-01 -7.569568e-01 -5.354925e-01
    outer loop
      vertex -1.623626e+03 -4.829185e+03  9.435968e+03
      vertex -1.896978e+03 -4.845345e+03  9.649990e+03
      vertex -1.910033e+03 -4.838885e+03  9.649990e+03
    endloop
  endfacet
  facet normal -3.747045e-01 -7.566970e-01 -5.357296e-01
    outer loop
      vertex -1.623626e+03 -4.829185e+03  9.435968e+03
      vertex -1.910033e+03 -4.838885e+03  9.649990e+03
      vertex -1.923088e+03 -4.832421e+03  9.649990e+03
    endloop
  endfacet
  facet normal -3.748537e-01 -7.564775e-01 -5.359351e-01
    outer loop
      vertex -1.623626e+03 -4.829185e+03  9.435968e+03
      vertex -1.923088e+03 -4.832421e+03  9.649990e+03
      vertex -1.936141e+03 -4.825953e+03  9.649990e+03
    endloop
  endfacet
  facet normal -3.750297e-01 -7.562053e-01 -5.361962e-01
    outer loop
      vertex -1.623626e+03 -4.829185e+03  9.435968e+03
      vertex -1.936141e+03 -4.825953e+03  9.649990e+03
      vertex -1.949193e+03 -4.819479e+03  9.649990e+03
    endloop
  endfacet
  facet normal -3.751693e-01 -7.559779e-01 -5.364190e-01
    outer loop
      vertex -1.623626e+03 -4.829185e+03  9.435968e+03
      vertex -1.949193e+03 -4.819479e+03  9.649990e+03
      vertex -1.957866e+03 -4.815175e+03  9.649990e+03
    endloop
  endfacet
  facet normal -3.752707e-01 -7.558073e-01 -5.365884e-01
    outer loop
      vertex -1.623626e+03 -4.829185e+03  9.435968e+03
      vertex -1.957866e+03 -4.815175e+03  9.649990e+03
      vertex -1.966539e+03 -4.810869e+03  9.649990e+03
    endloop
  endfacet
  facet normal -3.753845e-01 -7.556093e-01 -5.367877e-01
    outer loop
      vertex -1.623626e+03 -4.829185e+03  9.435968e+03
      vertex -1.966539e+03 -4.810869e+03  9.649990e+03
      vertex -1.975267e+03 -4.806533e+03  9.649990e+03
    endloop
  endfacet
  facet normal -3.754821e-01 -7.554337e-01 -5.369666e-01
    outer loop
      vertex -1.623626e+03 -4.829185e+03  9.435968e+03
      vertex -1.975267e+03 -4.806533e+03  9.649990e+03
      vertex -1.983994e+03 -4.802195e+03  9.649990e+03
    endloop
  endfacet
  facet normal -3.756149e-01 -7.551864e-01 -5.372214e-01
    outer loop
      vertex -1.623626e+03 -4.829185e+03  9.435968e+03
      vertex -1.983994e+03 -4.802195e+03  9.649990e+03
      vertex -1.998300e+03 -4.795080e+03  9.649990e+03
    endloop
  endfacet
  facet normal -3.757727e-01 -7.548760e-01 -5.375472e-01
    outer loop
      vertex -1.623626e+03 -4.829185e+03  9.435968e+03
      vertex -1.998300e+03 -4.795080e+03  9.649990e+03
      vertex -2.012604e+03 -4.787959e+03  9.649990e+03
    endloop
  endfacet
  facet normal -3.759294e-01 -7.545505e-01 -5.378945e-01
    outer loop
      vertex -1.623626e+03 -4.829185e+03  9.435968e+03
      vertex -2.012604e+03 -4.787959e+03  9.649990e+03
      vertex -2.026907e+03 -4.780833e+03  9.649990e+03
    endloop
  endfacet
  facet normal -3.760676e-01 -7.542469e-01 -5.382237e-01
    outer loop
      vertex -1.623626e+03 -4.829185e+03  9.435968e+03
      vertex -2.026907e+03 -4.780833e+03  9.649990e+03
      vertex -2.041209e+03 -4.773703e+03  9.649990e+03
    endloop
  endfacet
  facet normal -3.762137e-01 -7.539076e-01 -5.385967e-01
    outer loop
      vertex -1.623626e+03 -4.829185e+03  9.435968e+03
      vertex -2.041209e+03 -4.773703e+03  9.649990e+03
      vertex -2.055509e+03 -4.766566e+03  9.649990e+03
    endloop
  endfacet
  facet normal -3.763485e-01 -7.535770e-01 -5.389653e-01
    outer loop
      vertex -1.623626e+03 -4.829185e+03  9.435968e+03
      vertex -2.055509e+03 -4.766566e+03  9.649990e+03
      vertex -2.067426e+03 -4.760615e+03  9.649990e+03
    endloop
  endfacet
  facet normal -3.783217e-01 -7.484479e-01 -5.447003e-01
    outer loop
      vertex -1.623626e+03 -4.829185e+03  9.435968e+03
      vertex -2.067426e+03 -4.760615e+03  9.649990e+03
      vertex -2.054775e+03 -4.607414e+03  9.430696e+03
    endloop
  endfacet
  facet normal -3.753288e-01 -7.428585e-01 -5.543369e-01
    outer loop
      vertex -1.623626e+03 -4.829185e+03  9.435968e+03
      vertex -2.054775e+03 -4.607414e+03  9.430696e+03
      vertex -1.610707e+03 -4.679847e+03  9.227095e+03
    endloop
  endfacet
  facet normal -3.742698e-01 -7.432387e-01 -5.545433e-01
    outer loop
      vertex -1.623626e+03 -4.829185e+03  9.435968e+03
      vertex -1.610707e+03 -4.679847e+03  9.227095e+03
      vertex -1.176861e+03 -4.883625e+03  9.207404e+03
    endloop
  endfacet
  facet normal -3.721528e-01 -7.482426e-01 -5.492134e-01
    outer loop
      vertex -1.623626e+03 -4.829185e+03  9.435968e+03
      vertex -1.176861e+03 -4.883625e+03  9.207404e+03
      vertex -1.183524e+03 -4.959776e+03  9.315666e+03
    endloop
  endfacet
  facet normal -3.715622e-01 -7.568161e-01 -5.377461e-01
    outer loop
      vertex -1.623626e+03 -4.829185e+03  9.435968e+03
      vertex -1.183524e+03 -4.959776e+03  9.315666e+03
      vertex -1.191042e+03 -5.034050e+03  9.425393e+03
    endloop
  endfacet
  facet normal -3.635334e-01 -7.674532e-01 -5.280711e-01
    outer loop
      vertex -1.199561e+03 -5.106763e+03  9.536933e+03
      vertex -1.191042e+03 -5.034050e+03  9.425393e+03
      vertex -7.624149e+02 -5.262139e+03  9.461803e+03
    endloop
  endfacet
  facet normal -3.646296e-01 -7.798689e-01 -5.087727e-01
    outer loop
      vertex -1.199561e+03 -5.106763e+03  9.536933e+03
      vertex -7.624149e+02 -5.262139e+03  9.461803e+03
      vertex -7.744816e+02 -5.379267e+03  9.649990e+03
    endloop
  endfacet
  facet normal -3.498003e-01 -7.681467e-01 -5.362746e-01
    outer loop
      vertex -1.199561e+03 -5.106763e+03  9.536933e+03
      vertex -7.744816e+02 -5.379267e+03  9.649990e+03
      vertex -7.893300e+02 -5.372505e+03  9.649990e+03
    endloop
  endfacet
  facet normal -3.504930e-01 -7.686911e-01 -5.350407e-01
    outer loop
      vertex -1.199561e+03 -5.106763e+03  9.536933e+03
      vertex -7.893300e+02 -5.372505e+03  9.649990e+03
      vertex -8.041768e+02 -5.365736e+03  9.649990e+03
    endloop
  endfacet
  facet normal -3.511751e-01 -7.692107e-01 -5.338455e-01
    outer loop
      vertex -1.199561e+03 -5.106763e+03  9.536933e+03
      vertex -8.041768e+02 -5.365736e+03  9.649990e+03
      vertex -8.190218e+02 -5.358958e+03  9.649990e+03
    endloop
  endfacet
  facet normal -3.518083e-01 -7.696773e-01 -5.327548e-01
    outer loop
      vertex -1.199561e+03 -5.106763e+03  9.536933e+03
      vertex -8.190218e+02 -5.358958e+03  9.649990e+03
      vertex -8.338651e+02 -5.352174e+03  9.649990e+03
    endloop
  endfacet
  facet normal -3.525088e-01 -7.701756e-01 -5.315705e-01
    outer loop
      vertex -1.199561e+03 -5.106763e+03  9.536933e+03
      vertex -8.338651e+02 -5.352174e+03  9.649990e+03
      vertex -8.487067e+02 -5.345381e+03  9.649990e+03
    endloop
  endfacet
  facet normal -3.531364e-01 -7.706052e-01 -5.305302e-01
    outer loop
      vertex -1.199561e+03 -5.106763e+03  9.536933e+03
      vertex -8.487067e+02 -5.345381e+03  9.649990e+03
      vertex -8.630378e+02 -5.338813e+03  9.649990e+03
    endloop
  endfacet
  facet normal -3.537214e-01 -7.709907e-01 -5.295798e-01
    outer loop
      vertex -1.199561e+03 -5.106763e+03  9.536933e+03
      vertex -8.630378e+02 -5.338813e+03  9.649990e+03
      vertex -8.773674e+02 -5.332239e+03  9.649990e+03
    endloop
  endfacet
  facet normal -3.543688e-01 -7.713996e-01 -5.285502e-01
    outer loop
      vertex -1.199561e+03 -5.106763e+03  9.536933e+03
      vertex -8.773674e+02 -5.332239e+03  9.649990e+03
      vertex -8.916953e+02 -5.325657e+03  9.649990e+03
    endloop
  endfacet
  facet normal -3.549328e-01 -7.717401e-01 -5.276739e-01
    outer loop
      vertex -1.199561e+03 -5.106763e+03  9.536933e+03
      vertex -8.916953e+02 -5.325657e+03  9.649990e+03
      vertex -9.060217e+02 -5.319068e+03  9.649990e+03
    endloop
  endfacet
  facet normal -3.554873e-01 -7.720593e-01 -5.268333e-01
    outer loop
      vertex -1.199561e+03 -5.106763e+03  9.536933e+03
      vertex -9.060217e+02 -5.319068e+03  9.649990e+03
      vertex -9.203464e+02 -5.312473e+03  9.649990e+03
    endloop
  endfacet
  facet normal -3.560655e-01 -7.723748e-01 -5.259796e-01
    outer loop
      vertex -1.199561e+03 -5.106763e+03  9.536933e+03
      vertex -9.203464e+02 -5.312473e+03  9.649990e+03
      vertex -9.346697e+02 -5.305870e+03  9.649990e+03
    endloop
  endfacet
  facet normal -3.566355e-01 -7.726685e-01 -5.251614e-01
    outer loop
      vertex -1.199561e+03 -5.106763e+03  9.536933e+03
      vertex -9.346697e+02 -5.305870e+03  9.649990e+03
      vertex -9.489913e+02 -5.299259e+03  9.649990e+03
    endloop
  endfacet
  facet normal -3.571634e-01 -7.729239e-01 -5.244262e-01
    outer loop
      vertex -1.199561e+03 -5.106763e+03  9.536933e+03
      vertex -9.489913e+02 -5.299259e+03  9.649990e+03
      vertex -9.633113e+02 -5.292642e+03  9.649990e+03
    endloop
  endfacet
  facet normal -3.577112e-01 -7.731711e-01 -5.236880e-01
    outer loop
      vertex -1.199561e+03 -5.106763e+03  9.536933e+03
      vertex -9.633113e+02 -5.292642e+03  9.649990e+03
      vertex -9.776298e+02 -5.286018e+03  9.649990e+03
    endloop
  endfacet
  facet normal -3.582161e-01 -7.733819e-01 -5.230310e-01
    outer loop
      vertex -1.199561e+03 -5.106763e+03  9.536933e+03
      vertex -9.776298e+02 -5.286018e+03  9.649990e+03
      vertex -9.919468e+02 -5.279386e+03  9.649990e+03
    endloop
  endfacet
  facet normal -3.587455e-01 -7.735845e-01 -5.223683e-01
    outer loop
      vertex -1.199561e+03 -5.106763e+03  9.536933e+03
      vertex -9.919468e+02 -5.279386e+03  9.649990e+03
      vertex -1.006262e+03 -5.272748e+03  9.649990e+03
    endloop
  endfacet
  facet normal -3.592331e-01 -7.737535e-01 -5.217825e-01
    outer loop
      vertex -1.199561e+03 -5.106763e+03  9.536933e+03
      vertex -1.006262e+03 -5.272748e+03  9.649990e+03
      vertex -1.020576e+03 -5.266102e+03  9.649990e+03
    endloop
  endfacet
  facet normal -3.597094e-01 -7.739007e-01 -5.212359e-01
    outer loop
      vertex -1.199561e+03 -5.106763e+03  9.536933e+03
      vertex -1.020576e+03 -5.266102e+03  9.649990e+03
      vertex -1.034888e+03 -5.259450e+03  9.649990e+03
    endloop
  endfacet
  facet normal -3.602080e-01 -7.740352e-01 -5.206915e-01
    outer loop
      vertex -1.199561e+03 -5.106763e+03  9.536933e+03
      vertex -1.034888e+03 -5.259450e+03  9.649990e+03
      vertex -1.049199e+03 -5.252790e+03  9.649990e+03
    endloop
  endfacet
  facet normal -3.605730e-01 -7.741190e-01 -5.203142e-01
    outer loop
      vertex -1.199561e+03 -5.106763e+03  9.536933e+03
      vertex -1.049199e+03 -5.252790e+03  9.649990e+03
      vertex -1.059472e+03 -5.248005e+03  9.649990e+03
    endloop
  endfacet
  facet normal -3.609259e-01 -7.741893e-01 -5.199648e-01
    outer loop
      vertex -1.199561e+03 -5.106763e+03  9.536933e+03
      vertex -1.059472e+03 -5.248005e+03  9.649990e+03
      vertex -1.069745e+03 -5.243216e+03  9.649990e+03
    endloop
  endfacet
  facet normal -3.612334e-01 -7.742411e-01 -5.196742e-01
    outer loop
      vertex -1.199561e+03 -5.106763e+03  9.536933e+03
      vertex -1.069745e+03 -5.243216e+03  9.649990e+03
      vertex -1.080017e+03 -5.238423e+03  9.649990e+03
    endloop
  endfacet
  facet normal -3.615668e-01 -7.742864e-01 -5.193745e-01
    outer loop
      vertex -1.199561e+03 -5.106763e+03  9.536933e+03
      vertex -1.080017e+03 -5.238423e+03  9.649990e+03
      vertex -1.087720e+03 -5.234826e+03  9.649990e+03
    endloop
  endfacet
  facet normal -3.617403e-01 -7.743059e-01 -5.192248e-01
    outer loop
      vertex -1.199561e+03 -5.106763e+03  9.536933e+03
      vertex -1.087720e+03 -5.234826e+03  9.649990e+03
      vertex -1.095423e+03 -5.231228e+03  9.649990e+03
    endloop
  endfacet
  facet normal -3.621056e-01 -7.743374e-01 -5.189230e-01
    outer loop
      vertex -1.199561e+03 -5.106763e+03  9.536933e+03
      vertex -1.095423e+03 -5.231228e+03  9.649990e+03
      vertex -1.110827e+03 -5.224024e+03  9.649990e+03
    endloop
  endfacet
  facet normal -3.625485e-01 -7.743524e-01 -5.185911e-01
    outer loop
      vertex -1.199561e+03 -5.106763e+03  9.536933e+03
      vertex -1.110827e+03 -5.224024e+03  9.649990e+03
      vertex -1.126230e+03 -5.216813e+03  9.649990e+03
    endloop
  endfacet
  facet normal -3.629802e-01 -7.743435e-01 -5.183024e-01
    outer loop
      vertex -1.199561e+03 -5.106763e+03  9.536933e+03
      vertex -1.126230e+03 -5.216813e+03  9.649990e+03
      vertex -1.141630e+03 -5.209593e+03  9.649990e+03
    endloop
  endfacet
  facet normal -3.634217e-01 -7.743090e-01 -5.180448e-01
    outer loop
      vertex -1.199561e+03 -5.106763e+03  9.536933e+03
      vertex -1.141630e+03 -5.209593e+03  9.649990e+03
      vertex -1.157030e+03 -5.202366e+03  9.649990e+03
    endloop
  endfacet
  facet normal -3.638310e-01 -7.742519e-01 -5.178425e-01
    outer loop
      vertex -1.199561e+03 -5.106763e+03  9.536933e+03
      vertex -1.157030e+03 -5.202366e+03  9.649990e+03
      vertex -1.172427e+03 -5.195130e+03  9.649990e+03
    endloop
  endfacet
  facet normal -3.642041e-01 -7.741761e-01 -5.176937e-01
    outer loop
      vertex -1.199561e+03 -5.106763e+03  9.536933e+03
      vertex -1.172427e+03 -5.195130e+03  9.649990e+03
      vertex -1.187822e+03 -5.187888e+03  9.649990e+03
    endloop
  endfacet
  facet normal -3.646127e-01 -7.740653e-01 -5.175718e-01
    outer loop
      vertex -1.199561e+03 -5.106763e+03  9.536933e+03
      vertex -1.187822e+03 -5.187888e+03  9.649990e+03
      vertex -1.203216e+03 -5.180637e+03  9.649990e+03
    endloop
  endfacet
  facet normal -3.649857e-01 -7.739373e-01 -5.175002e-01
    outer loop
      vertex -1.199561e+03 -5.106763e+03  9.536933e+03
      vertex -1.203216e+03 -5.180637e+03  9.649990e+03
      vertex -1.218608e+03 -5.173378e+03  9.649990e+03
    endloop
  endfacet
  facet normal -3.653474e-01 -7.737856e-01 -5.174718e-01
    outer loop
      vertex -1.199561e+03 -5.106763e+03  9.536933e+03
      vertex -1.218608e+03 -5.173378e+03  9.649990e+03
      vertex -1.233998e+03 -5.166111e+03  9.649990e+03
    endloop
  endfacet
  facet normal -3.656783e-01 -7.736201e-01 -5.174857e-01
    outer loop
      vertex -1.199561e+03 -5.106763e+03  9.536933e+03
      vertex -1.233998e+03 -5.166111e+03  9.649990e+03
      vertex -1.248795e+03 -5.159117e+03  9.649990e+03
    endloop
  endfacet
  facet normal -3.660091e-01 -7.734269e-01 -5.175403e-01
    outer loop
      vertex -1.199561e+03 -5.106763e+03  9.536933e+03
      vertex -1.248795e+03 -5.159117e+03  9.649990e+03
      vertex -1.263590e+03 -5.152116e+03  9.649990e+03
    endloop
  endfacet
  facet normal -3.663124e-01 -7.732232e-01 -5.176303e-01
    outer loop
      vertex -1.199561e+03 -5.106763e+03  9.536933e+03
      vertex -1.263590e+03 -5.152116e+03  9.649990e+03
      vertex -1.278383e+03 -5.145107e+03  9.649990e+03
    endloop
  endfacet
  facet normal -3.666219e-01 -7.729859e-01 -5.177656e-01
    outer loop
      vertex -1.199561e+03 -5.106763e+03  9.536933e+03
      vertex -1.278383e+03 -5.145107e+03  9.649990e+03
      vertex -1.293175e+03 -5.138092e+03  9.649990e+03
    endloop
  endfacet
  facet normal -3.669187e-01 -7.727283e-01 -5.179400e-01
    outer loop
      vertex -1.199561e+03 -5.106763e+03  9.536933e+03
      vertex -1.293175e+03 -5.138092e+03  9.649990e+03
      vertex -1.307965e+03 -5.131069e+03  9.649990e+03
    endloop
  endfacet
  facet normal -3.671741e-01 -7.724785e-01 -5.181312e-01
    outer loop
      vertex -1.199561e+03 -5.106763e+03  9.536933e+03
      vertex -1.307965e+03 -5.131069e+03  9.649990e+03
      vertex -1.322754e+03 -5.124040e+03  9.649990e+03
    endloop
  endfacet
  facet normal -3.674684e-01 -7.721565e-01 -5.184026e-01
    outer loop
      vertex -1.199561e+03 -5.106763e+03  9.536933e+03
      vertex -1.322754e+03 -5.124040e+03  9.649990e+03
      vertex -1.337541e+03 -5.117002e+03  9.649990e+03
    endloop
  endfacet
  facet normal -3.677028e-01 -7.718701e-01 -5.186629e-01
    outer loop
      vertex -1.199561e+03 -5.106763e+03  9.536933e+03
      vertex -1.337541e+03 -5.117002e+03  9.649990e+03
      vertex -1.352326e+03 -5.109959e+03  9.649990e+03
    endloop
  endfacet
  facet normal -3.679588e-01 -7.715222e-01 -5.189989e-01
    outer loop
      vertex -1.199561e+03 -5.106763e+03  9.536933e+03
      vertex -1.352326e+03 -5.109959e+03  9.649990e+03
      vertex -1.367110e+03 -5.102908e+03  9.649990e+03
    endloop
  endfacet
  facet normal -3.681891e-01 -7.711746e-01 -5.193521e-01
    outer loop
      vertex -1.199561e+03 -5.106763e+03  9.536933e+03
      vertex -1.367110e+03 -5.102908e+03  9.649990e+03
      vertex -1.381892e+03 -5.095851e+03  9.649990e+03
    endloop
  endfacet
  facet normal -3.684092e-01 -7.708062e-01 -5.197426e-01
    outer loop
      vertex -1.199561e+03 -5.106763e+03  9.536933e+03
      vertex -1.381892e+03 -5.095851e+03  9.649990e+03
      vertex -1.396673e+03 -5.088786e+03  9.649990e+03
    endloop
  endfacet
  facet normal -3.686192e-01 -7.704172e-01 -5.201705e-01
    outer loop
      vertex -1.199561e+03 -5.106763e+03  9.536933e+03
      vertex -1.396673e+03 -5.088786e+03  9.649990e+03
      vertex -1.411452e+03 -5.081715e+03  9.649990e+03
    endloop
  endfacet
  facet normal -3.688174e-01 -7.700105e-01 -5.206320e-01
    outer loop
      vertex -1.199561e+03 -5.106763e+03  9.536933e+03
      vertex -1.411452e+03 -5.081715e+03  9.649990e+03
      vertex -1.426229e+03 -5.074637e+03  9.649990e+03
    endloop
  endfacet
  facet normal -3.689686e-01 -7.696668e-01 -5.210329e-01
    outer loop
      vertex -1.199561e+03 -5.106763e+03  9.536933e+03
      vertex -1.426229e+03 -5.074637e+03  9.649990e+03
      vertex -1.434233e+03 -5.070800e+03  9.649990e+03
    endloop
  endfacet
  facet normal -3.690637e-01 -7.694382e-01 -5.213030e-01
    outer loop
      vertex -1.199561e+03 -5.106763e+03  9.536933e+03
      vertex -1.434233e+03 -5.070800e+03  9.649990e+03
      vertex -1.442237e+03 -5.066961e+03  9.649990e+03
    endloop
  endfacet
  facet normal -3.692058e-01 -7.690771e-01 -5.217351e-01
    outer loop
      vertex -1.199561e+03 -5.106763e+03  9.536933e+03
      vertex -1.442237e+03 -5.066961e+03  9.649990e+03
      vertex -1.458242e+03 -5.059277e+03  9.649990e+03
    endloop
  endfacet
  facet normal -3.693909e-01 -7.685503e-01 -5.223800e-01
    outer loop
      vertex -1.199561e+03 -5.106763e+03  9.536933e+03
      vertex -1.458242e+03 -5.059277e+03  9.649990e+03
      vertex -1.474246e+03 -5.051585e+03  9.649990e+03
    endloop
  endfacet
  facet normal -3.695566e-01 -7.680210e-01 -5.230408e-01
    outer loop
      vertex -1.199561e+03 -5.106763e+03  9.536933e+03
      vertex -1.474246e+03 -5.051585e+03  9.649990e+03
      vertex -1.490247e+03 -5.043886e+03  9.649990e+03
    endloop
  endfacet
  facet normal -3.697082e-01 -7.674754e-01 -5.237341e-01
    outer loop
      vertex -1.199561e+03 -5.106763e+03  9.536933e+03
      vertex -1.490247e+03 -5.043886e+03  9.649990e+03
      vertex -1.506247e+03 -5.036178e+03  9.649990e+03
    endloop
  endfacet
  facet normal -3.698490e-01 -7.669023e-01 -5.244737e-01
    outer loop
      vertex -1.199561e+03 -5.106763e+03  9.536933e+03
      vertex -1.506247e+03 -5.036178e+03  9.649990e+03
      vertex -1.522246e+03 -5.028463e+03  9.649990e+03
    endloop
  endfacet
  facet normal -3.699777e-01 -7.663056e-01 -5.252545e-01
    outer loop
      vertex -1.199561e+03 -5.106763e+03  9.536933e+03
      vertex -1.522246e+03 -5.028463e+03  9.649990e+03
      vertex -1.538242e+03 -5.020740e+03  9.649990e+03
    endloop
  endfacet
  facet normal -3.700872e-01 -7.657242e-01 -5.260247e-01
    outer loop
      vertex -1.199561e+03 -5.106763e+03  9.536933e+03
      vertex -1.538242e+03 -5.020740e+03  9.649990e+03
      vertex -1.554237e+03 -5.013009e+03  9.649990e+03
    endloop
  endfacet
  facet normal -3.701978e-01 -7.650439e-01 -5.269359e-01
    outer loop
      vertex -1.199561e+03 -5.106763e+03  9.536933e+03
      vertex -1.554237e+03 -5.013009e+03  9.649990e+03
      vertex -1.570229e+03 -5.005271e+03  9.649990e+03
    endloop
  endfacet
  facet normal -3.702853e-01 -7.644137e-01 -5.277885e-01
    outer loop
      vertex -1.199561e+03 -5.106763e+03  9.536933e+03
      vertex -1.570229e+03 -5.005271e+03  9.649990e+03
      vertex -1.586220e+03 -4.997524e+03  9.649990e+03
    endloop
  endfacet
  facet normal -3.703698e-01 -7.636881e-01 -5.287787e-01
    outer loop
      vertex -1.199561e+03 -5.106763e+03  9.536933e+03
      vertex -1.586220e+03 -4.997524e+03  9.649990e+03
      vertex -1.602210e+03 -4.989770e+03  9.649990e+03
    endloop
  endfacet
  facet normal -3.704301e-01 -7.630579e-01 -5.296452e-01
    outer loop
      vertex -1.199561e+03 -5.106763e+03  9.536933e+03
      vertex -1.602210e+03 -4.989770e+03  9.649990e+03
      vertex -1.618197e+03 -4.982009e+03  9.649990e+03
    endloop
  endfacet
  facet normal -3.704891e-01 -7.622827e-01 -5.307193e-01
    outer loop
      vertex -1.199561e+03 -5.106763e+03  9.536933e+03
      vertex -1.618197e+03 -4.982009e+03  9.649990e+03
      vertex -1.634183e+03 -4.974239e+03  9.649990e+03
    endloop
  endfacet
  facet normal -3.842834e-01 -7.278436e-01 -5.679523e-01
    outer loop
      vertex -2.487285e+03 -4.407761e+03  9.462298e+03
      vertex -2.928560e+03 -4.321239e+03  9.649990e+03
      vertex -2.915031e+03 -4.161646e+03  9.436314e+03
    endloop
  endfacet
  facet normal -3.819595e-01 -7.244281e-01 -5.738564e-01
    outer loop
      vertex -2.487285e+03 -4.407761e+03  9.462298e+03
      vertex -2.915031e+03 -4.161646e+03  9.436314e+03
      vertex -2.475958e+03 -4.267798e+03  9.278072e+03
    endloop
  endfacet
  facet normal -3.771942e-01 -7.261299e-01 -5.748563e-01
    outer loop
      vertex -2.487285e+03 -4.407761e+03  9.462298e+03
      vertex -2.475958e+03 -4.267798e+03  9.278072e+03
      vertex -2.054775e+03 -4.607414e+03  9.430696e+03
    endloop
  endfacet
  facet normal -3.842126e-01 -7.462920e-01 -5.435339e-01
    outer loop
      vertex -2.487285e+03 -4.407761e+03  9.462298e+03
      vertex -2.054775e+03 -4.607414e+03  9.430696e+03
      vertex -2.067426e+03 -4.760615e+03  9.649990e+03
    endloop
  endfacet
  facet normal -3.693733e-01 -7.391253e-01 -5.632558e-01
    outer loop
      vertex -2.487285e+03 -4.407761e+03  9.462298e+03
      vertex -2.067426e+03 -4.760615e+03  9.649990e+03
      vertex -2.079341e+03 -4.754661e+03  9.649990e+03
    endloop
  endfacet
  facet normal -3.697121e-01 -7.392879e-01 -5.628200e-01
    outer loop
      vertex -2.487285e+03 -4.407761e+03  9.462298e+03
      vertex -2.079341e+03 -4.754661e+03  9.649990e+03
      vertex -2.091256e+03 -4.748702e+03  9.649990e+03
    endloop
  endfacet
  facet normal -3.699522e-01 -7.393993e-01 -5.625159e-01
    outer loop
      vertex -2.487285e+03 -4.407761e+03  9.462298e+03
      vertex -2.091256e+03 -4.748702e+03  9.649990e+03
      vertex -2.100191e+03 -4.744231e+03  9.649990e+03
    endloop
  endfacet
  facet normal -3.702394e-01 -7.395291e-01 -5.621561e-01
    outer loop
      vertex -2.487285e+03 -4.407761e+03  9.462298e+03
      vertex -2.100191e+03 -4.744231e+03  9.649990e+03
      vertex -2.109126e+03 -4.739758e+03  9.649990e+03
    endloop
  endfacet
  facet normal -3.705764e-01 -7.396771e-01 -5.617392e-01
    outer loop
      vertex -2.487285e+03 -4.407761e+03  9.462298e+03
      vertex -2.109126e+03 -4.739758e+03  9.649990e+03
      vertex -2.126994e+03 -4.730806e+03  9.649990e+03
    endloop
  endfacet
  facet normal -3.710358e-01 -7.398675e-01 -5.611850e-01
    outer loop
      vertex -2.487285e+03 -4.407761e+03  9.462298e+03
      vertex -2.126994e+03 -4.730806e+03  9.649990e+03
      vertex -2.144861e+03 -4.721846e+03  9.649990e+03
    endloop
  endfacet
  facet normal -3.714817e-01 -7.400408e-01 -5.606611e-01
    outer loop
      vertex -2.487285e+03 -4.407761e+03  9.462298e+03
      vertex -2.144861e+03 -4.721846e+03  9.649990e+03
      vertex -2.162726e+03 -4.712878e+03  9.649990e+03
    endloop
  endfacet
  facet normal -3.719270e-01 -7.402020e-01 -5.601531e-01
    outer loop
      vertex -2.487285e+03 -4.407761e+03  9.462298e+03
      vertex -2.162726e+03 -4.712878e+03  9.649990e+03
      vertex -2.180589e+03 -4.703903e+03  9.649990e+03
    endloop
  endfacet
  facet normal -3.723589e-01 -7.403463e-01 -5.596752e-01
    outer loop
      vertex -2.487285e+03 -4.407761e+03  9.462298e+03
      vertex -2.180589e+03 -4.703903e+03  9.649990e+03
      vertex -2.198450e+03 -4.694919e+03  9.649990e+03
    endloop
  endfacet
  facet normal -3.727839e-01 -7.404762e-01 -5.592201e-01
    outer loop
      vertex -2.487285e+03 -4.407761e+03  9.462298e+03
      vertex -2.198450e+03 -4.694919e+03  9.649990e+03
      vertex -2.216310e+03 -4.685928e+03  9.649990e+03
    endloop
  endfacet
  facet normal -3.731782e-01 -7.405853e-01 -5.588124e-01
    outer loop
      vertex -2.487285e+03 -4.407761e+03  9.462298e+03
      vertex -2.216310e+03 -4.685928e+03  9.649990e+03
      vertex -2.234168e+03 -4.676930e+03  9.649990e+03
    endloop
  endfacet
  facet normal -3.735783e-01 -7.406839e-01 -5.584142e-01
    outer loop
      vertex -2.487285e+03 -4.407761e+03  9.462298e+03
      vertex -2.234168e+03 -4.676930e+03  9.649990e+03
      vertex -2.250651e+03 -4.668616e+03  9.649990e+03
    endloop
  endfacet
  facet normal -3.739177e-01 -7.407578e-01 -5.580890e-01
    outer loop
      vertex -2.487285e+03 -4.407761e+03  9.462298e+03
      vertex -2.250651e+03 -4.668616e+03  9.649990e+03
      vertex -2.267132e+03 -4.660297e+03  9.649990e+03
    endloop
  endfacet
  facet normal -3.742940e-01 -7.408285e-01 -5.577430e-01
    outer loop
      vertex -2.487285e+03 -4.407761e+03  9.462298e+03
      vertex -2.267132e+03 -4.660297e+03  9.649990e+03
      vertex -2.283612e+03 -4.651971e+03  9.649990e+03
    endloop
  endfacet
  facet normal -3.746102e-01 -7.408783e-01 -5.574644e-01
    outer loop
      vertex -2.487285e+03 -4.407761e+03  9.462298e+03
      vertex -2.283612e+03 -4.651971e+03  9.649990e+03
      vertex -2.300090e+03 -4.643639e+03  9.649990e+03
    endloop
  endfacet
  facet normal -3.749506e-01 -7.409210e-01 -5.571787e-01
    outer loop
      vertex -2.487285e+03 -4.407761e+03  9.462298e+03
      vertex -2.300090e+03 -4.643639e+03  9.649990e+03
      vertex -2.316567e+03 -4.635300e+03  9.649990e+03
    endloop
  endfacet
  facet normal -3.752851e-01 -7.409520e-01 -5.569120e-01
    outer loop
      vertex -2.487285e+03 -4.407761e+03  9.462298e+03
      vertex -2.316567e+03 -4.635300e+03  9.649990e+03
      vertex -2.333043e+03 -4.626956e+03  9.649990e+03
    endloop
  endfacet
  facet normal -3.755855e-01 -7.409698e-01 -5.566860e-01
    outer loop
      vertex -2.487285e+03 -4.407761e+03  9.462298e+03
      vertex -2.333043e+03 -4.626956e+03  9.649990e+03
      vertex -2.349517e+03 -4.618605e+03  9.649990e+03
    endloop
  endfacet
  facet normal -3.758892e-01 -7.409772e-01 -5.564712e-01
    outer loop
      vertex -2.487285e+03 -4.407761e+03  9.462298e+03
      vertex -2.349517e+03 -4.618605e+03  9.649990e+03
      vertex -2.362330e+03 -4.612105e+03  9.649990e+03
    endloop
  endfacet
  facet normal -3.761008e-01 -7.409762e-01 -5.563294e-01
    outer loop
      vertex -2.487285e+03 -4.407761e+03  9.462298e+03
      vertex -2.362330e+03 -4.612105e+03  9.649990e+03
      vertex -2.375141e+03 -4.605603e+03  9.649990e+03
    endloop
  endfacet
  facet normal -3.763305e-01 -7.409686e-01 -5.561841e-01
    outer loop
      vertex -2.487285e+03 -4.407761e+03  9.462298e+03
      vertex -2.375141e+03 -4.605603e+03  9.649990e+03
      vertex -2.387952e+03 -4.599096e+03  9.649990e+03
    endloop
  endfacet
  facet normal -3.765314e-01 -7.409560e-01 -5.560650e-01
    outer loop
      vertex -2.487285e+03 -4.407761e+03  9.462298e+03
      vertex -2.387952e+03 -4.599096e+03  9.649990e+03
      vertex -2.397560e+03 -4.594214e+03  9.649990e+03
    endloop
  endfacet
  facet normal -3.766940e-01 -7.409420e-01 -5.559734e-01
    outer loop
      vertex -2.487285e+03 -4.407761e+03  9.462298e+03
      vertex -2.397560e+03 -4.594214e+03  9.649990e+03
      vertex -2.407167e+03 -4.589330e+03  9.649990e+03
    endloop
  endfacet
  facet normal -3.769353e-01 -7.409157e-01 -5.558448e-01
    outer loop
      vertex -2.487285e+03 -4.407761e+03  9.462298e+03
      vertex -2.407167e+03 -4.589330e+03  9.649990e+03
      vertex -2.426380e+03 -4.579555e+03  9.649990e+03
    endloop
  endfacet
  facet normal -3.772672e-01 -7.408635e-01 -5.556894e-01
    outer loop
      vertex -2.487285e+03 -4.407761e+03  9.462298e+03
      vertex -2.426380e+03 -4.579555e+03  9.649990e+03
      vertex -2.445591e+03 -4.569772e+03  9.649990e+03
    endloop
  endfacet
  facet normal -3.775656e-01 -7.408014e-01 -5.555695e-01
    outer loop
      vertex -2.487285e+03 -4.407761e+03  9.462298e+03
      vertex -2.445591e+03 -4.569772e+03  9.649990e+03
      vertex -2.464800e+03 -4.559982e+03  9.649990e+03
    endloop
  endfacet
  facet normal -3.778430e-01 -7.407290e-01 -5.554775e-01
    outer loop
      vertex -2.487285e+03 -4.407761e+03  9.462298e+03
      vertex -2.464800e+03 -4.559982e+03  9.649990e+03
      vertex -2.483771e+03 -4.550305e+03  9.649990e+03
    endloop
  endfacet
  facet normal -3.781350e-01 -7.406366e-01 -5.554019e-01
    outer loop
      vertex -2.487285e+03 -4.407761e+03  9.462298e+03
      vertex -2.483771e+03 -4.550305e+03  9.649990e+03
      vertex -2.502739e+03 -4.540621e+03  9.649990e+03
    endloop
  endfacet
  facet normal -3.783996e-01 -7.405376e-01 -5.553536e-01
    outer loop
      vertex -2.487285e+03 -4.407761e+03  9.462298e+03
      vertex -2.502739e+03 -4.540621e+03  9.649990e+03
      vertex -2.521707e+03 -4.530929e+03  9.649990e+03
    endloop
  endfacet
  facet normal -3.786615e-01 -7.404238e-01 -5.553270e-01
    outer loop
      vertex -2.487285e+03 -4.407761e+03  9.462298e+03
      vertex -2.521707e+03 -4.530929e+03  9.649990e+03
      vertex -2.540672e+03 -4.521229e+03  9.649990e+03
    endloop
  endfacet
  facet normal -3.789126e-01 -7.402986e-01 -5.553226e-01
    outer loop
      vertex -2.487285e+03 -4.407761e+03  9.462298e+03
      vertex -2.540672e+03 -4.521229e+03  9.649990e+03
      vertex -2.559636e+03 -4.511523e+03  9.649990e+03
    endloop
  endfacet
  facet normal -3.791569e-01 -7.401602e-01 -5.553404e-01
    outer loop
      vertex -2.487285e+03 -4.407761e+03  9.462298e+03
      vertex -2.559636e+03 -4.511523e+03  9.649990e+03
      vertex -2.578599e+03 -4.501809e+03  9.649990e+03
    endloop
  endfacet
  facet normal -3.793837e-01 -7.400155e-01 -5.553782e-01
    outer loop
      vertex -2.487285e+03 -4.407761e+03  9.462298e+03
      vertex -2.578599e+03 -4.501809e+03  9.649990e+03
      vertex -2.597560e+03 -4.492088e+03  9.649990e+03
    endloop
  endfacet
  facet normal -3.796041e-01 -7.398584e-01 -5.554371e-01
    outer loop
      vertex -2.487285e+03 -4.407761e+03  9.462298e+03
      vertex -2.597560e+03 -4.492088e+03  9.649990e+03
      vertex -2.616519e+03 -4.482361e+03  9.649990e+03
    endloop
  endfacet
  facet normal -3.798110e-01 -7.396942e-01 -5.555143e-01
    outer loop
      vertex -2.487285e+03 -4.407761e+03  9.462298e+03
      vertex -2.616519e+03 -4.482361e+03  9.649990e+03
      vertex -2.635477e+03 -4.472626e+03  9.649990e+03
    endloop
  endfacet
  facet normal -3.799865e-01 -7.395400e-01 -5.555996e-01
    outer loop
      vertex -2.487285e+03 -4.407761e+03  9.462298e+03
      vertex -2.635477e+03 -4.472626e+03  9.649990e+03
      vertex -2.649695e+03 -4.465321e+03  9.649990e+03
    endloop
  endfacet
  facet normal -3.801408e-01 -7.393940e-01 -5.556883e-01
    outer loop
      vertex -2.487285e+03 -4.407761e+03  9.462298e+03
      vertex -2.649695e+03 -4.465321e+03  9.649990e+03
      vertex -2.663911e+03 -4.458012e+03  9.649990e+03
    endloop
  endfacet
  facet normal -3.802870e-01 -7.392453e-01 -5.557861e-01
    outer loop
      vertex -2.487285e+03 -4.407761e+03  9.462298e+03
      vertex -2.663911e+03 -4.458012e+03  9.649990e+03
      vertex -2.678127e+03 -4.450699e+03  9.649990e+03
    endloop
  endfacet
  facet normal -3.803982e-01 -7.391239e-01 -5.558714e-01
    outer loop
      vertex -2.487285e+03 -4.407761e+03  9.462298e+03
      vertex -2.678127e+03 -4.450699e+03  9.649990e+03
      vertex -2.688760e+03 -4.445227e+03  9.649990e+03
    endloop
  endfacet
  facet normal -3.805000e-01 -7.390070e-01 -5.559573e-01
    outer loop
      vertex -2.487285e+03 -4.407761e+03  9.462298e+03
      vertex -2.688760e+03 -4.445227e+03  9.649990e+03
      vertex -2.699391e+03 -4.439753e+03  9.649990e+03
    endloop
  endfacet
  facet normal -3.806090e-01 -7.388750e-01 -5.560580e-01
    outer loop
      vertex -2.487285e+03 -4.407761e+03  9.462298e+03
      vertex -2.699391e+03 -4.439753e+03  9.649990e+03
      vertex -2.710081e+03 -4.434247e+03  9.649990e+03
    endloop
  endfacet
  facet normal -3.806807e-01 -7.387838e-01 -5.561302e-01
    outer loop
      vertex -2.487285e+03 -4.407761e+03  9.462298e+03
      vertex -2.710081e+03 -4.434247e+03  9.649990e+03
      vertex -2.720770e+03 -4.428739e+03  9.649990e+03
    endloop
  endfacet
  facet normal -3.808343e-01 -7.385780e-01 -5.562983e-01
    outer loop
      vertex -2.487285e+03 -4.407761e+03  9.462298e+03
      vertex -2.720770e+03 -4.428739e+03  9.649990e+03
      vertex -2.742089e+03 -4.417746e+03  9.649990e+03
    endloop
  endfacet
  facet normal -3.810051e-01 -7.383253e-01 -5.565168e-01
    outer loop
      vertex -2.487285e+03 -4.407761e+03  9.462298e+03
      vertex -2.742089e+03 -4.417746e+03  9.649990e+03
      vertex -2.763406e+03 -4.406746e+03  9.649990e+03
    endloop
  endfacet
  facet normal -3.811593e-01 -7.380735e-01 -5.567450e-01
    outer loop
      vertex -2.487285e+03 -4.407761e+03  9.462298e+03
      vertex -2.763406e+03 -4.406746e+03  9.649990e+03
      vertex -2.784721e+03 -4.395738e+03  9.649990e+03
    endloop
  endfacet
  facet normal -3.813197e-01 -7.377849e-01 -5.570177e-01
    outer loop
      vertex -2.487285e+03 -4.407761e+03  9.462298e+03
      vertex -2.784721e+03 -4.395738e+03  9.649990e+03
      vertex -2.805274e+03 -4.385115e+03  9.649990e+03
    endloop
  endfacet
  facet normal -3.814545e-01 -7.375184e-01 -5.572782e-01
    outer loop
      vertex -2.487285e+03 -4.407761e+03  9.462298e+03
      vertex -2.805274e+03 -4.385115e+03  9.649990e+03
      vertex -2.825825e+03 -4.374486e+03  9.649990e+03
    endloop
  endfacet
  facet normal -3.815828e-01 -7.372398e-01 -5.575590e-01
    outer loop
      vertex -2.487285e+03 -4.407761e+03  9.462298e+03
      vertex -2.825825e+03 -4.374486e+03  9.649990e+03
      vertex -2.846375e+03 -4.363850e+03  9.649990e+03
    endloop
  endfacet
  facet normal -3.816968e-01 -7.369676e-01 -5.578407e-01
    outer loop
      vertex -2.487285e+03 -4.407761e+03  9.462298e+03
      vertex -2.846375e+03 -4.363850e+03  9.649990e+03
      vertex -2.866923e+03 -4.353207e+03  9.649990e+03
    endloop
  endfacet
  facet normal -3.818195e-01 -7.366450e-01 -5.581827e-01
    outer loop
      vertex -2.487285e+03 -4.407761e+03  9.462298e+03
      vertex -2.866923e+03 -4.353207e+03  9.649990e+03
      vertex -2.887470e+03 -4.342557e+03  9.649990e+03
    endloop
  endfacet
  facet normal -3.819125e-01 -7.363755e-01 -5.584746e-01
    outer loop
      vertex -2.487285e+03 -4.407761e+03  9.462298e+03
      vertex -2.887470e+03 -4.342557e+03  9.649990e+03
      vertex -2.908016e+03 -4.331901e+03  9.649990e+03
    endloop
  endfacet
  facet normal -3.820131e-01 -7.360535e-01 -5.588302e-01
    outer loop
      vertex -2.487285e+03 -4.407761e+03  9.462298e+03
      vertex -2.908016e+03 -4.331901e+03  9.649990e+03
      vertex -2.928560e+03 -4.321239e+03  9.649990e+03
    endloop
  endfacet
  facet normal -2.492918e-01 -5.586510e-01 -7.910516e-01
    outer loop
      vertex  1.389996e+03 -4.189158e+03  7.295417e+03
      vertex  1.184181e+03 -4.145005e+03  7.329097e+03
      vertex  1.358851e+03 -4.110949e+03  7.250000e+03
    endloop
  endfacet
  facet normal -2.559272e-01 -5.437357e-01 -7.992826e-01
    outer loop
      vertex  1.358851e+03 -4.110949e+03  7.250000e+03
      vertex  1.184181e+03 -4.145005e+03  7.329097e+03
      vertex  9.776789e+02 -4.098004e+03  7.363244e+03
    endloop
  endfacet
  facet normal -2.530824e-01 -5.617472e-01 -7.876481e-01
    outer loop
      vertex  1.358851e+03 -4.110949e+03  7.250000e+03
      vertex  9.776789e+02 -4.098004e+03  7.363244e+03
      vertex  1.129425e+03 -4.007586e+03  7.250000e+03
    endloop
  endfacet
  facet normal -2.606141e-01 -5.534117e-01 -7.910852e-01
    outer loop
      vertex  1.129425e+03 -4.007586e+03  7.250000e+03
      vertex  9.776789e+02 -4.098004e+03  7.363244e+03
      vertex  7.701721e+02 -3.919548e+03  7.306764e+03
    endloop
  endfacet
  facet normal -2.609745e-01 -5.562401e-01 -7.889798e-01
    outer loop
      vertex  1.129425e+03 -4.007586e+03  7.250000e+03
      vertex  7.701721e+02 -3.919548e+03  7.306764e+03
      vertex  9.006381e+02 -3.900245e+03  7.250000e+03
    endloop
  endfacet
  facet normal -2.709167e-01 -5.306492e-01 -8.031286e-01
    outer loop
      vertex  9.006381e+02 -3.900245e+03  7.250000e+03
      vertex  7.701721e+02 -3.919548e+03  7.306764e+03
      vertex  5.622905e+02 -3.867607e+03  7.342569e+03
    endloop
  endfacet
  facet normal -2.694439e-01 -5.487825e-01 -7.913519e-01
    outer loop
      vertex  9.006381e+02 -3.900245e+03  7.250000e+03
      vertex  5.622905e+02 -3.867607e+03  7.342569e+03
      vertex  6.537580e+02 -3.779031e+03  7.250000e+03
    endloop
  endfacet
  facet normal -2.815874e-01 -5.389103e-01 -7.939044e-01
    outer loop
      vertex  6.537580e+02 -3.779031e+03  7.250000e+03
      vertex  5.622905e+02 -3.867607e+03  7.342569e+03
      vertex  3.592222e+02 -3.813584e+03  7.377923e+03
    endloop
  endfacet
  facet normal -2.798801e-01 -5.436690e-01 -7.912591e-01
    outer loop
      vertex  6.537580e+02 -3.779031e+03  7.250000e+03
      vertex  3.592222e+02 -3.813584e+03  7.377923e+03
      vertex  4.080779e+02 -3.652555e+03  7.250000e+03
    endloop
  endfacet
  facet normal -3.128403e-01 -5.230815e-01 -7.927904e-01
    outer loop
      vertex -6.943444e+02 -3.298516e+03  7.433233e+03
      vertex -3.145310e+02 -3.247961e+03  7.250000e+03
      vertex -2.738679e+02 -3.430199e+03  7.354195e+03
    endloop
  endfacet
  facet normal -3.038253e-01 -5.230733e-01 -7.962943e-01
    outer loop
      vertex -2.738679e+02 -3.430199e+03  7.354195e+03
      vertex -3.145310e+02 -3.247961e+03  7.250000e+03
      vertex -7.442320e+01 -3.387427e+03  7.250000e+03
    endloop
  endfacet
  facet normal -3.028889e-01 -5.250840e-01 -7.953271e-01
    outer loop
      vertex -2.738679e+02 -3.430199e+03  7.354195e+03
      vertex -7.442320e+01 -3.387427e+03  7.250000e+03
      vertex -5.862056e+01 -3.493680e+03  7.314131e+03
    endloop
  endfacet
  facet normal -2.946471e-01 -5.255415e-01 -7.981160e-01
    outer loop
      vertex -5.862056e+01 -3.493680e+03  7.314131e+03
      vertex -7.442320e+01 -3.387427e+03  7.250000e+03
      vertex  1.660917e+02 -3.522272e+03  7.250000e+03
    endloop
  endfacet
  facet normal -2.946292e-01 -5.258683e-01 -7.979074e-01
    outer loop
      vertex -5.862056e+01 -3.493680e+03  7.314131e+03
      vertex  1.660917e+02 -3.522272e+03  7.250000e+03
      vertex  1.561628e+02 -3.553947e+03  7.274542e+03
    endloop
  endfacet
  facet normal -2.749688e-01 -5.335270e-01 -7.998381e-01
    outer loop
      vertex  1.561628e+02 -3.553947e+03  7.274542e+03
      vertex  1.660917e+02 -3.522272e+03  7.250000e+03
      vertex  3.592222e+02 -3.813584e+03  7.377923e+03
    endloop
  endfacet
  facet normal -2.912636e-01 -5.417432e-01 -7.884668e-01
    outer loop
      vertex  1.561628e+02 -3.553947e+03  7.274542e+03
      vertex  3.592222e+02 -3.813584e+03  7.377923e+03
      vertex  1.555396e+02 -3.756173e+03  7.413718e+03
    endloop
  endfacet
  facet normal -2.944919e-01 -5.636117e-01 -7.717618e-01
    outer loop
      vertex  1.555396e+02 -3.756173e+03  7.413718e+03
      vertex  3.592222e+02 -3.813584e+03  7.377923e+03
      vertex  3.591809e+02 -4.014030e+03  7.524323e+03
    endloop
  endfacet
  facet normal -2.976350e-01 -5.651065e-01 -7.694596e-01
    outer loop
      vertex  1.555396e+02 -3.756173e+03  7.413718e+03
      vertex  3.591809e+02 -4.014030e+03  7.524323e+03
      vertex  1.551099e+02 -3.953302e+03  7.558660e+03
    endloop
  endfacet
  facet normal -3.012206e-01 -5.875929e-01 -7.509998e-01
    outer loop
      vertex  1.551099e+02 -3.953302e+03  7.558660e+03
      vertex  3.591809e+02 -4.014030e+03  7.524323e+03
      vertex  3.592325e+02 -4.208612e+03  7.676546e+03
    endloop
  endfacet
  facet normal -3.037323e-01 -5.887239e-01 -7.491000e-01
    outer loop
      vertex  1.551099e+02 -3.953302e+03  7.558660e+03
      vertex  3.592325e+02 -4.208612e+03  7.676546e+03
      vertex  1.547892e+02 -4.144685e+03  7.709199e+03
    endloop
  endfacet
  facet normal -3.076762e-01 -6.117036e-01 -7.288033e-01
    outer loop
      vertex  1.547892e+02 -4.144685e+03  7.709199e+03
      vertex  3.592325e+02 -4.208612e+03  7.676546e+03
      vertex  3.592553e+02 -4.396743e+03  7.834439e+03
    endloop
  endfacet
  facet normal -3.095077e-01 -6.124794e-01 -7.273748e-01
    outer loop
      vertex  1.547892e+02 -4.144685e+03  7.709199e+03
      vertex  3.592553e+02 -4.396743e+03  7.834439e+03
      vertex  1.544549e+02 -4.329749e+03  7.865173e+03
    endloop
  endfacet
  facet normal -3.138002e-01 -6.357676e-01 -7.052155e-01
    outer loop
      vertex  1.544549e+02 -4.329749e+03  7.865173e+03
      vertex  3.592553e+02 -4.396743e+03  7.834439e+03
      vertex  3.590868e+02 -4.577922e+03  7.997852e+03
    endloop
  endfacet
  facet normal -3.149147e-01 -6.362082e-01 -7.043208e-01
    outer loop
      vertex  1.544549e+02 -4.329749e+03  7.865173e+03
      vertex  3.590868e+02 -4.577922e+03  7.997852e+03
      vertex  1.539415e+02 -4.508013e+03  8.026428e+03
    endloop
  endfacet
  facet normal -3.197527e-01 -6.606960e-01 -6.791458e-01
    outer loop
      vertex  1.539415e+02 -4.508013e+03  8.026428e+03
      vertex  3.590868e+02 -4.577922e+03  7.997852e+03
      vertex  3.584362e+02 -4.767662e+03  8.182744e+03
    endloop
  endfacet
  facet normal -3.200999e-01 -6.608064e-01 -6.788749e-01
    outer loop
      vertex  1.539415e+02 -4.508013e+03  8.026428e+03
      vertex  3.584362e+02 -4.767662e+03  8.182744e+03
      vertex  1.529215e+02 -4.694755e+03  8.208681e+03
    endloop
  endfacet
  facet normal -3.255091e-01 -6.861081e-01 -6.506147e-01
    outer loop
      vertex  1.529215e+02 -4.694755e+03  8.208681e+03
      vertex  3.584362e+02 -4.767662e+03  8.182744e+03
      vertex  3.569651e+02 -4.948253e+03  8.373923e+03
    endloop
  endfacet
  facet normal -3.249239e-01 -6.859419e-01 -6.510823e-01
    outer loop
      vertex  1.529215e+02 -4.694755e+03  8.208681e+03
      vertex  3.569651e+02 -4.948253e+03  8.373923e+03
      vertex  1.510795e+02 -4.872567e+03  8.396932e+03
    endloop
  endfacet
  facet normal -3.306181e-01 -7.105270e-01 -6.211627e-01
    outer loop
      vertex  1.510795e+02 -4.872567e+03  8.396932e+03
      vertex  3.569651e+02 -4.948253e+03  8.373923e+03
      vertex  3.542536e+02 -5.119519e+03  8.571271e+03
    endloop
  endfacet
  facet normal -3.290543e-01 -7.101390e-01 -6.224356e-01
    outer loop
      vertex  1.510795e+02 -4.872567e+03  8.396932e+03
      vertex  3.542536e+02 -5.119519e+03  8.571271e+03
      vertex  1.479812e+02 -5.041290e+03  8.591066e+03
    endloop
  endfacet
  facet normal -3.349535e-01 -7.335604e-01 -5.913504e-01
    outer loop
      vertex  1.479812e+02 -5.041290e+03  8.591066e+03
      vertex  3.542536e+02 -5.119519e+03  8.571271e+03
      vertex  3.497953e+02 -5.281485e+03  8.774713e+03
    endloop
  endfacet
  facet normal -3.323733e-01 -7.330174e-01 -5.934758e-01
    outer loop
      vertex  1.479812e+02 -5.041290e+03  8.591066e+03
      vertex  3.497953e+02 -5.281485e+03  8.774713e+03
      vertex  1.431021e+02 -5.200967e+03  8.791021e+03
    endloop
  endfacet
  facet normal -3.383783e-01 -7.548270e-01 -5.619041e-01
    outer loop
      vertex  1.431021e+02 -5.200967e+03  8.791021e+03
      vertex  3.497953e+02 -5.281485e+03  8.774713e+03
      vertex  3.429912e+02 -5.434402e+03  8.984229e+03
    endloop
  endfacet
  facet normal -3.347243e-01 -7.541999e-01 -5.649267e-01
    outer loop
      vertex  1.431021e+02 -5.200967e+03  8.791021e+03
      vertex  3.429912e+02 -5.434402e+03  8.984229e+03
      vertex  1.358194e+02 -5.351864e+03  8.996789e+03
    endloop
  endfacet
  facet normal -3.407145e-01 -7.739832e-01 -5.337263e-01
    outer loop
      vertex  1.358194e+02 -5.351864e+03  8.996789e+03
      vertex  3.429912e+02 -5.434402e+03  8.984229e+03
      vertex  3.331421e+02 -5.578762e+03  9.199860e+03
    endloop
  endfacet
  facet normal -3.359213e-01 -7.733467e-01 -5.376725e-01
    outer loop
      vertex  1.358194e+02 -5.351864e+03  8.996789e+03
      vertex  3.331421e+02 -5.578762e+03  9.199860e+03
      vertex  1.254050e+02 -5.494487e+03  9.208434e+03
    endloop
  endfacet
  facet normal -3.417557e-01 -7.907637e-01 -5.078344e-01
    outer loop
      vertex  1.254050e+02 -5.494487e+03  9.208434e+03
      vertex  3.331421e+02 -5.578762e+03  9.199860e+03
      vertex  3.194414e+02 -5.715319e+03  9.421717e+03
    endloop
  endfacet
  facet normal -3.357366e-01 -7.901911e-01 -5.127173e-01
    outer loop
      vertex  1.254050e+02 -5.494487e+03  9.208434e+03
      vertex  3.194414e+02 -5.715319e+03  9.421717e+03
      vertex  1.110179e+02 -5.629603e+03  9.426092e+03
    endloop
  endfacet
  facet normal -3.426917e-01 -7.810668e-01 -5.220125e-01
    outer loop
      vertex -3.743309e+02 -5.558181e+03  9.649990e+03
      vertex -7.624149e+02 -5.262139e+03  9.461803e+03
      vertex -3.617640e+02 -5.563694e+03  9.649990e+03
    endloop
  endfacet
  facet normal -3.586840e-01 -7.884188e-01 -4.997415e-01
    outer loop
      vertex -3.617640e+02 -5.563694e+03  9.649990e+03
      vertex -7.624149e+02 -5.262139e+03  9.461803e+03
      vertex -3.298651e+02 -5.442155e+03  9.435349e+03
    endloop
  endfacet
  facet normal -3.474700e-01 -7.928821e-01 -5.006022e-01
    outer loop
      vertex -3.617640e+02 -5.563694e+03  9.649990e+03
      vertex -3.298651e+02 -5.442155e+03  9.435349e+03
      vertex -3.491959e+02 -5.569202e+03  9.649990e+03
    endloop
  endfacet
  facet normal -3.196135e-01 -5.318264e-01 -7.842244e-01
    outer loop
      vertex -2.365562e+03 -2.509197e+03  7.592688e+03
      vertex -2.504382e+03 -2.250000e+03  7.473489e+03
      vertex -2.355360e+03 -2.325240e+03  7.463779e+03
    endloop
  endfacet
  facet normal -3.114218e-01 -5.136308e-01 -7.994998e-01
    outer loop
      vertex -2.355360e+03 -2.325240e+03  7.463779e+03
      vertex -2.504382e+03 -2.250000e+03  7.473489e+03
      vertex -2.124599e+03 -2.250000e+03  7.325556e+03
    endloop
  endfacet
  facet normal -3.143826e-01 -5.084730e-01 -8.016351e-01
    outer loop
      vertex -2.355360e+03 -2.325240e+03  7.463779e+03
      vertex -2.124599e+03 -2.250000e+03  7.325556e+03
      vertex -1.937697e+03 -2.429254e+03  7.365957e+03
    endloop
  endfacet
  facet normal -3.054400e-01 -5.009817e-01 -8.097676e-01
    outer loop
      vertex -1.937697e+03 -2.429254e+03  7.365957e+03
      vertex -2.124599e+03 -2.250000e+03  7.325556e+03
      vertex -1.924290e+03 -2.250000e+03  7.250000e+03
    endloop
  endfacet
  facet normal -3.117392e-01 -4.995351e-01 -8.082595e-01
    outer loop
      vertex -1.937697e+03 -2.429254e+03  7.365957e+03
      vertex -1.924290e+03 -2.250000e+03  7.250000e+03
      vertex -1.652259e+03 -2.419763e+03  7.250000e+03
    endloop
  endfacet
  facet normal -3.327251e-01 -5.508077e-01 -7.654442e-01
    outer loop
      vertex -3.199801e+03 -2.250000e+03  7.766860e+03
      vertex -2.852917e+03 -2.250000e+03  7.616076e+03
      vertex -2.788381e+03 -2.460479e+03  7.739482e+03
    endloop
  endfacet
  facet normal -3.162003e-01 -5.501175e-01 -7.729089e-01
    outer loop
      vertex -2.788381e+03 -2.460479e+03  7.739482e+03
      vertex -2.852917e+03 -2.250000e+03  7.616076e+03
      vertex -2.504382e+03 -2.250000e+03  7.473489e+03
    endloop
  endfacet
  facet normal -3.314530e-01 -5.349237e-01 -7.771714e-01
    outer loop
      vertex -2.788381e+03 -2.460479e+03  7.739482e+03
      vertex -2.504382e+03 -2.250000e+03  7.473489e+03
      vertex -2.365562e+03 -2.509197e+03  7.592688e+03
    endloop
  endfacet
  facet normal -3.577194e-01 -5.989423e-01 -7.164531e-01
    outer loop
      vertex -3.239791e+03 -2.756318e+03  8.188090e+03
      vertex -3.229793e+03 -2.632110e+03  8.079263e+03
      vertex -2.816515e+03 -2.875210e+03  8.076144e+03
    endloop
  endfacet
  facet normal -3.516108e-01 -5.884080e-01 -7.281112e-01
    outer loop
      vertex -2.816515e+03 -2.875210e+03  8.076144e+03
      vertex -3.229793e+03 -2.632110e+03  8.079263e+03
      vertex -3.219796e+03 -2.506261e+03  7.972732e+03
    endloop
  endfacet
  facet normal -3.495350e-01 -5.867853e-01 -7.304166e-01
    outer loop
      vertex -2.816515e+03 -2.875210e+03  8.076144e+03
      vertex -3.219796e+03 -2.506261e+03  7.972732e+03
      vertex -2.802453e+03 -2.669968e+03  7.904532e+03
    endloop
  endfacet
  facet normal -3.471740e-01 -5.771068e-01 -7.392009e-01
    outer loop
      vertex -2.802453e+03 -2.669968e+03  7.904532e+03
      vertex -3.219796e+03 -2.506261e+03  7.972732e+03
      vertex -3.209798e+03 -2.378858e+03  7.868572e+03
    endloop
  endfacet
  facet normal -3.396564e-01 -5.678912e-01 -7.497554e-01
    outer loop
      vertex -2.802453e+03 -2.669968e+03  7.904532e+03
      vertex -3.209798e+03 -2.378858e+03  7.868572e+03
      vertex -2.788381e+03 -2.460479e+03  7.739482e+03
    endloop
  endfacet
  facet normal -3.537188e-01 -5.943799e-01 -7.222158e-01
    outer loop
      vertex -1.551749e+03 -3.430649e+03  7.914446e+03
      vertex -1.979589e+03 -3.337259e+03  8.047129e+03
      vertex -1.974686e+03 -3.233765e+03  7.959553e+03
    endloop
  endfacet
  facet normal -3.569888e-01 -5.934854e-01 -7.213417e-01
    outer loop
      vertex -1.974686e+03 -3.233765e+03  7.959553e+03
      vertex -1.979589e+03 -3.337259e+03  8.047129e+03
      vertex -2.406022e+03 -3.215100e+03  8.157662e+03
    endloop
  endfacet
  facet normal -3.543369e-01 -6.030758e-01 -7.146642e-01
    outer loop
      vertex -1.974686e+03 -3.233765e+03  7.959553e+03
      vertex -2.406022e+03 -3.215100e+03  8.157662e+03
      vertex -2.399257e+03 -3.100403e+03  8.057520e+03
    endloop
  endfacet
  facet normal -3.593591e-01 -6.016433e-01 -7.133627e-01
    outer loop
      vertex -2.399257e+03 -3.100403e+03  8.057520e+03
      vertex -2.406022e+03 -3.215100e+03  8.157662e+03
      vertex -2.830568e+03 -3.075750e+03  8.254003e+03
    endloop
  endfacet
  facet normal -3.583881e-01 -6.052732e-01 -7.107758e-01
    outer loop
      vertex -2.399257e+03 -3.100403e+03  8.057520e+03
      vertex -2.830568e+03 -3.075750e+03  8.254003e+03
      vertex -2.816515e+03 -2.875210e+03  8.076144e+03
    endloop
  endfacet
  facet normal -3.605324e-01 -6.046394e-01 -7.102306e-01
    outer loop
      vertex -2.816515e+03 -2.875210e+03  8.076144e+03
      vertex -2.830568e+03 -3.075750e+03  8.254003e+03
      vertex -3.249788e+03 -2.878806e+03  8.299146e+03
    endloop
  endfacet
  facet normal -3.583083e-01 -6.108723e-01 -7.060100e-01
    outer loop
      vertex -2.816515e+03 -2.875210e+03  8.076144e+03
      vertex -3.249788e+03 -2.878806e+03  8.299146e+03
      vertex -3.239791e+03 -2.756318e+03  8.188090e+03
    endloop
  endfacet
  facet normal -3.667453e-01 -6.232281e-01 -6.907132e-01
    outer loop
      vertex -2.412782e+03 -3.328035e+03  8.259809e+03
      vertex -2.844614e+03 -3.271195e+03  8.437810e+03
      vertex -2.830568e+03 -3.075750e+03  8.254003e+03
    endloop
  endfacet
  facet normal -3.657093e-01 -6.235477e-01 -6.909739e-01
    outer loop
      vertex -2.830568e+03 -3.075750e+03  8.254003e+03
      vertex -2.844614e+03 -3.271195e+03  8.437810e+03
      vertex -3.259786e+03 -2.999504e+03  8.412367e+03
    endloop
  endfacet
  facet normal -3.661220e-01 -6.203414e-01 -6.936362e-01
    outer loop
      vertex -2.830568e+03 -3.075750e+03  8.254003e+03
      vertex -3.259786e+03 -2.999504e+03  8.412367e+03
      vertex -3.249788e+03 -2.878806e+03  8.299146e+03
    endloop
  endfacet
  facet normal -3.726293e-01 -6.520634e-01 -6.602733e-01
    outer loop
      vertex -1.573769e+03 -4.009310e+03  8.443652e+03
      vertex -2.009208e+03 -3.924638e+03  8.605775e+03
      vertex -1.999209e+03 -3.735616e+03  8.413461e+03
    endloop
  endfacet
  facet normal -3.707112e-01 -6.526616e-01 -6.607616e-01
    outer loop
      vertex -1.999209e+03 -3.735616e+03  8.413461e+03
      vertex -2.009208e+03 -3.924638e+03  8.605775e+03
      vertex -2.433373e+03 -3.659752e+03  8.582108e+03
    endloop
  endfacet
  facet normal -3.717038e-01 -6.467877e-01 -6.659593e-01
    outer loop
      vertex -1.999209e+03 -3.735616e+03  8.413461e+03
      vertex -2.433373e+03 -3.659752e+03  8.582108e+03
      vertex -2.426228e+03 -3.546940e+03  8.468557e+03
    endloop
  endfacet
  facet normal -3.725471e-01 -6.465209e-01 -6.657473e-01
    outer loop
      vertex -2.426228e+03 -3.546940e+03  8.468557e+03
      vertex -2.433373e+03 -3.659752e+03  8.582108e+03
      vertex -2.858658e+03 -3.461202e+03  8.627279e+03
    endloop
  endfacet
  facet normal -3.732467e-01 -6.410964e-01 -6.705836e-01
    outer loop
      vertex -2.426228e+03 -3.546940e+03  8.468557e+03
      vertex -2.858658e+03 -3.461202e+03  8.627279e+03
      vertex -2.844614e+03 -3.271195e+03  8.437810e+03
    endloop
  endfacet
  facet normal -3.724007e-01 -6.413684e-01 -6.707937e-01
    outer loop
      vertex -2.844614e+03 -3.271195e+03  8.437810e+03
      vertex -2.858658e+03 -3.461202e+03  8.627279e+03
      vertex -3.279781e+03 -3.235276e+03  8.645056e+03
    endloop
  endfacet
  facet normal -3.723868e-01 -6.414157e-01 -6.707565e-01
    outer loop
      vertex -2.844614e+03 -3.271195e+03  8.437810e+03
      vertex -3.279781e+03 -3.235276e+03  8.645056e+03
      vertex -3.269783e+03 -3.118346e+03  8.527690e+03
    endloop
  endfacet
  facet normal -3.826292e-01 -6.813912e-01 -6.239399e-01
    outer loop
      vertex -3.319771e+03 -3.682857e+03  9.133738e+03
      vertex -3.309774e+03 -3.574075e+03  9.008809e+03
      vertex -2.886778e+03 -3.823783e+03  9.022108e+03
    endloop
  endfacet
  facet normal -3.771510e-01 -6.727799e-01 -6.364938e-01
    outer loop
      vertex -2.886778e+03 -3.823783e+03  9.022108e+03
      vertex -3.309774e+03 -3.574075e+03  9.008809e+03
      vertex -3.299776e+03 -3.463188e+03  8.885676e+03
    endloop
  endfacet
  facet normal -3.823222e-01 -6.761648e-01 -6.297864e-01
    outer loop
      vertex -2.886778e+03 -3.823783e+03  9.022108e+03
      vertex -3.299776e+03 -3.463188e+03  8.885676e+03
      vertex -2.872709e+03 -3.645481e+03  8.822136e+03
    endloop
  endfacet
  facet normal -3.786720e-01 -6.615019e-01 -6.473197e-01
    outer loop
      vertex -2.872709e+03 -3.645481e+03  8.822136e+03
      vertex -3.299776e+03 -3.463188e+03  8.885676e+03
      vertex -3.289779e+03 -3.350239e+03  8.764404e+03
    endloop
  endfacet
  facet normal -3.766657e-01 -6.593284e-01 -6.506990e-01
    outer loop
      vertex -2.872709e+03 -3.645481e+03  8.822136e+03
      vertex -3.289779e+03 -3.350239e+03  8.764404e+03
      vertex -2.858658e+03 -3.461202e+03  8.627279e+03
    endloop
  endfacet
  facet normal -3.839902e-01 -7.134423e-01 -5.861328e-01
    outer loop
      vertex -3.354762e+03 -4.046400e+03  9.584116e+03
      vertex -3.339766e+03 -3.893936e+03  9.388712e+03
      vertex -2.915031e+03 -4.161646e+03  9.436314e+03
    endloop
  endfacet
  facet normal -3.762259e-01 -7.040077e-01 -6.023514e-01
    outer loop
      vertex -2.915031e+03 -4.161646e+03  9.436314e+03
      vertex -3.339766e+03 -3.893936e+03  9.388712e+03
      vertex -3.329769e+03 -3.789492e+03  9.260396e+03
    endloop
  endfacet
  facet normal -3.875308e-01 -7.098807e-01 -5.881234e-01
    outer loop
      vertex -2.915031e+03 -4.161646e+03  9.436314e+03
      vertex -3.329769e+03 -3.789492e+03  9.260396e+03
      vertex -2.900879e+03 -3.995897e+03  9.226926e+03
    endloop
  endfacet
  facet normal -3.809821e-01 -6.922572e-01 -6.128888e-01
    outer loop
      vertex -2.900879e+03 -3.995897e+03  9.226926e+03
      vertex -3.329769e+03 -3.789492e+03  9.260396e+03
      vertex -3.319771e+03 -3.682857e+03  9.133738e+03
    endloop
  endfacet
  facet normal -3.830434e-01 -6.940326e-01 -6.095871e-01
    outer loop
      vertex -2.900879e+03 -3.995897e+03  9.226926e+03
      vertex -3.319771e+03 -3.682857e+03  9.133738e+03
      vertex -2.886778e+03 -3.823783e+03  9.022108e+03
    endloop
  endfacet
  facet normal -2.400525e-01 -5.572143e-01 -7.949132e-01
    outer loop
      vertex  1.358851e+03 -4.110949e+03  7.250000e+03
      vertex  1.799997e+03 -4.300998e+03  7.250000e+03
      vertex  1.389996e+03 -4.189158e+03  7.295417e+03
    endloop
  endfacet
  facet normal -2.424174e-01 -5.698316e-01 -7.851916e-01
    outer loop
      vertex  1.389996e+03 -4.189158e+03  7.295417e+03
      vertex  1.799997e+03 -4.300998e+03  7.250000e+03
      vertex  1.799996e+03 -4.431427e+03  7.344655e+03
    endloop
  endfacet
  facet normal -2.460669e-01 -5.750070e-01 -7.802679e-01
    outer loop
      vertex  1.389996e+03 -4.189158e+03  7.295417e+03
      vertex  1.799996e+03 -4.431427e+03  7.344655e+03
      vertex  1.390381e+03 -4.386996e+03  7.441089e+03
    endloop
  endfacet
  facet normal -2.453701e-01 -5.860823e-01 -7.722053e-01
    outer loop
      vertex  1.799996e+03 -4.431427e+03  7.344655e+03
      vertex  1.799995e+03 -4.559823e+03  7.442104e+03
      vertex  1.390381e+03 -4.386996e+03  7.441089e+03
    endloop
  endfacet
  facet normal -2.520324e-01 -6.017883e-01 -7.578459e-01
    outer loop
      vertex  1.390381e+03 -4.386996e+03  7.441089e+03
      vertex  1.799995e+03 -4.559823e+03  7.442104e+03
      vertex  1.799995e+03 -4.686061e+03  7.542348e+03
    endloop
  endfacet
  facet normal -2.501769e-01 -5.999481e-01 -7.599170e-01
    outer loop
      vertex  1.390381e+03 -4.386996e+03  7.441089e+03
      vertex  1.799995e+03 -4.686061e+03  7.542348e+03
      vertex  1.390734e+03 -4.579541e+03  7.592986e+03
    endloop
  endfacet
  facet normal -2.530140e-01 -6.184098e-01 -7.440116e-01
    outer loop
      vertex  1.390734e+03 -4.579541e+03  7.592986e+03
      vertex  1.799995e+03 -4.686061e+03  7.542348e+03
      vertex  1.799994e+03 -4.810021e+03  7.645381e+03
    endloop
  endfacet
  facet normal -2.572562e-01 -6.244571e-01 -7.374771e-01
    outer loop
      vertex  1.390734e+03 -4.579541e+03  7.592986e+03
      vertex  1.799994e+03 -4.810021e+03  7.645381e+03
      vertex  1.391004e+03 -4.766330e+03  7.751055e+03
    endloop
  endfacet
  facet normal -2.561835e-01 -6.346298e-01 -7.291195e-01
    outer loop
      vertex  1.799994e+03 -4.810021e+03  7.645381e+03
      vertex  1.799993e+03 -4.931590e+03  7.751196e+03
      vertex  1.391004e+03 -4.766330e+03  7.751055e+03
    endloop
  endfacet
  facet normal -2.624776e-01 -6.501927e-01 -7.129902e-01
    outer loop
      vertex  1.391004e+03 -4.766330e+03  7.751055e+03
      vertex  1.799993e+03 -4.931590e+03  7.751196e+03
      vertex  1.799992e+03 -5.050660e+03  7.859779e+03
    endloop
  endfacet
  facet normal -2.627951e-01 -6.504981e-01 -7.125946e-01
    outer loop
      vertex  1.391004e+03 -4.766330e+03  7.751055e+03
      vertex  1.799992e+03 -5.050660e+03  7.859779e+03
      vertex  1.391137e+03 -4.966620e+03  7.933842e+03
    endloop
  endfacet
  facet normal -2.682871e-01 -6.820296e-01 -6.803364e-01
    outer loop
      vertex  1.799991e+03 -5.167129e+03  7.971110e+03
      vertex  1.799990e+03 -5.280902e+03  8.085167e+03
      vertex  1.390998e+03 -5.158810e+03  8.124054e+03
    endloop
  endfacet
  facet normal -2.712967e-01 -6.975838e-01 -6.631553e-01
    outer loop
      vertex  1.390998e+03 -5.158810e+03  8.124054e+03
      vertex  1.799990e+03 -5.280902e+03  8.085167e+03
      vertex  1.799988e+03 -5.391892e+03  8.201919e+03
    endloop
  endfacet
  facet normal -2.761614e-01 -7.033851e-01 -6.549691e-01
    outer loop
      vertex  1.390998e+03 -5.158810e+03  8.124054e+03
      vertex  1.799988e+03 -5.391892e+03  8.201919e+03
      vertex  1.390470e+03 -5.342512e+03  8.321559e+03
    endloop
  endfacet
  facet normal -2.745052e-01 -7.128038e-01 -6.454126e-01
    outer loop
      vertex  1.799988e+03 -5.391892e+03  8.201919e+03
      vertex  1.799987e+03 -5.500016e+03  8.321334e+03
      vertex  1.390470e+03 -5.342512e+03  8.321559e+03
    endloop
  endfacet
  facet normal -2.800155e-01 -7.271575e-01 -6.267641e-01
    outer loop
      vertex  1.390470e+03 -5.342512e+03  8.321559e+03
      vertex  1.799987e+03 -5.500016e+03  8.321334e+03
      vertex  1.799985e+03 -5.605202e+03  8.443369e+03
    endloop
  endfacet
  facet normal -2.817003e-01 -7.286356e-01 -6.242877e-01
    outer loop
      vertex  1.390470e+03 -5.342512e+03  8.321559e+03
      vertex  1.799985e+03 -5.605202e+03  8.443369e+03
      vertex  1.389420e+03 -5.517443e+03  8.526203e+03
    endloop
  endfacet
  facet normal -2.813699e-01 -7.420272e-01 -6.084626e-01
    outer loop
      vertex  1.799985e+03 -5.605202e+03  8.443369e+03
      vertex  1.799983e+03 -5.707383e+03  8.567980e+03
      vertex  1.389420e+03 -5.517443e+03  8.526203e+03
    endloop
  endfacet
  facet normal -2.893552e-01 -7.549074e-01 -5.885476e-01
    outer loop
      vertex  1.389420e+03 -5.517443e+03  8.526203e+03
      vertex  1.799983e+03 -5.707383e+03  8.567980e+03
      vertex  1.799981e+03 -5.806500e+03  8.695115e+03
    endloop
  endfacet
  facet normal -2.861053e-01 -7.527932e-01 -5.928289e-01
    outer loop
      vertex  1.389420e+03 -5.517443e+03  8.526203e+03
      vertex  1.799981e+03 -5.806500e+03  8.695115e+03
      vertex  1.387688e+03 -5.683434e+03  8.737818e+03
    endloop
  endfacet
  facet normal -2.914867e-01 -7.824084e-01 -5.503387e-01
    outer loop
      vertex  1.799979e+03 -5.902503e+03  8.824715e+03
      vertex  1.799977e+03 -5.995350e+03  8.956715e+03
      vertex  1.385098e+03 -5.840435e+03  8.956216e+03
    endloop
  endfacet
  facet normal -2.960158e-01 -7.944733e-01 -5.302706e-01
    outer loop
      vertex  1.385098e+03 -5.840435e+03  8.956216e+03
      vertex  1.799977e+03 -5.995350e+03  8.956715e+03
      vertex  1.799974e+03 -6.085006e+03  9.091043e+03
    endloop
  endfacet
  facet normal -2.971355e-01 -7.953232e-01 -5.283668e-01
    outer loop
      vertex  1.385098e+03 -5.840435e+03  8.956216e+03
      vertex  1.799974e+03 -6.085006e+03  9.091043e+03
      vertex  1.381443e+03 -5.988531e+03  9.181192e+03
    endloop
  endfacet
  facet normal -2.960694e-01 -8.071027e-01 -5.108112e-01
    outer loop
      vertex  1.799974e+03 -6.085006e+03  9.091043e+03
      vertex  1.799972e+03 -6.171446e+03  9.227624e+03
      vertex  1.381443e+03 -5.988531e+03  9.181192e+03
    endloop
  endfacet
  facet normal -3.028275e-01 -8.173275e-01 -4.901749e-01
    outer loop
      vertex  1.381443e+03 -5.988531e+03  9.181192e+03
      vertex  1.799972e+03 -6.171446e+03  9.227624e+03
      vertex  1.799969e+03 -6.254656e+03  9.366371e+03
    endloop
  endfacet
  facet normal -2.980039e-01 -8.147489e-01 -4.973710e-01
    outer loop
      vertex  1.381443e+03 -5.988531e+03  9.181192e+03
      vertex  1.799969e+03 -6.254656e+03  9.366371e+03
      vertex  1.376497e+03 -6.127944e+03  9.412529e+03
    endloop
  endfacet
  facet normal -2.751450e-01 -6.761882e-01 -6.834214e-01
    outer loop
      vertex  1.390998e+03 -5.158810e+03  8.124054e+03
      vertex  1.185688e+03 -4.911225e+03  7.961748e+03
      vertex  1.391137e+03 -4.966620e+03  7.933842e+03
    endloop
  endfacet
  facet normal -2.717383e-01 -6.505967e-01 -7.091420e-01
    outer loop
      vertex  1.391137e+03 -4.966620e+03  7.933842e+03
      vertex  1.185688e+03 -4.911225e+03  7.961748e+03
      vertex  1.185504e+03 -4.714142e+03  7.781005e+03
    endloop
  endfacet
  facet normal -2.686087e-01 -6.494200e-01 -7.114091e-01
    outer loop
      vertex  1.391137e+03 -4.966620e+03  7.933842e+03
      vertex  1.185504e+03 -4.714142e+03  7.781005e+03
      vertex  1.391004e+03 -4.766330e+03  7.751055e+03
    endloop
  endfacet
  facet normal -2.657016e-01 -6.249989e-01 -7.340158e-01
    outer loop
      vertex  1.391004e+03 -4.766330e+03  7.751055e+03
      vertex  1.185504e+03 -4.714142e+03  7.781005e+03
      vertex  1.185139e+03 -4.530136e+03  7.624460e+03
    endloop
  endfacet
  facet normal -2.625703e-01 -6.235376e-01 -7.363815e-01
    outer loop
      vertex  1.391004e+03 -4.766330e+03  7.751055e+03
      vertex  1.185139e+03 -4.530136e+03  7.624460e+03
      vertex  1.390734e+03 -4.579541e+03  7.592986e+03
    endloop
  endfacet
  facet normal -2.600709e-01 -6.005870e-01 -7.560809e-01
    outer loop
      vertex  1.390734e+03 -4.579541e+03  7.592986e+03
      vertex  1.185139e+03 -4.530136e+03  7.624460e+03
      vertex  1.184675e+03 -4.340268e+03  7.473800e+03
    endloop
  endfacet
  facet normal -2.566711e-01 -5.989017e-01 -7.585755e-01
    outer loop
      vertex  1.390734e+03 -4.579541e+03  7.592986e+03
      vertex  1.184675e+03 -4.340268e+03  7.473800e+03
      vertex  1.390381e+03 -4.386996e+03  7.441089e+03
    endloop
  endfacet
  facet normal -2.544003e-01 -5.762252e-01 -7.766885e-01
    outer loop
      vertex  1.390381e+03 -4.386996e+03  7.441089e+03
      vertex  1.184675e+03 -4.340268e+03  7.473800e+03
      vertex  1.184181e+03 -4.145005e+03  7.329097e+03
    endloop
  endfacet
  facet normal -2.507269e-01 -5.743043e-01 -7.793013e-01
    outer loop
      vertex  1.390381e+03 -4.386996e+03  7.441089e+03
      vertex  1.184181e+03 -4.145005e+03  7.329097e+03
      vertex  1.389996e+03 -4.189158e+03  7.295417e+03
    endloop
  endfacet
  facet normal -2.779051e-01 -6.771310e-01 -6.813681e-01
    outer loop
      vertex  1.185688e+03 -4.911225e+03  7.961748e+03
      vertex  1.390998e+03 -5.158810e+03  8.124054e+03
      vertex  1.185500e+03 -5.100108e+03  8.149533e+03
    endloop
  endfacet
  facet normal -2.816614e-01 -7.022080e-01 -6.538890e-01
    outer loop
      vertex  1.185500e+03 -5.100108e+03  8.149533e+03
      vertex  1.390998e+03 -5.158810e+03  8.124054e+03
      vertex  1.390470e+03 -5.342512e+03  8.321559e+03
    endloop
  endfacet
  facet normal -2.839891e-01 -7.029184e-01 -6.521167e-01
    outer loop
      vertex  1.185500e+03 -5.100108e+03  8.149533e+03
      vertex  1.390470e+03 -5.342512e+03  8.321559e+03
      vertex  1.184766e+03 -5.280440e+03  8.344232e+03
    endloop
  endfacet
  facet normal -2.881060e-01 -7.271720e-01 -6.230696e-01
    outer loop
      vertex  1.184766e+03 -5.280440e+03  8.344232e+03
      vertex  1.390470e+03 -5.342512e+03  8.321559e+03
      vertex  1.389420e+03 -5.517443e+03  8.526203e+03
    endloop
  endfacet
  facet normal -2.898845e-01 -7.276473e-01 -6.216884e-01
    outer loop
      vertex  1.184766e+03 -5.280440e+03  8.344232e+03
      vertex  1.389420e+03 -5.517443e+03  8.526203e+03
      vertex  1.183285e+03 -5.451989e+03  8.545711e+03
    endloop
  endfacet
  facet normal -2.943598e-01 -7.507905e-01 -5.913255e-01
    outer loop
      vertex  1.183285e+03 -5.451989e+03  8.545711e+03
      vertex  1.389420e+03 -5.517443e+03  8.526203e+03
      vertex  1.387688e+03 -5.683434e+03  8.737818e+03
    endloop
  endfacet
  facet normal -2.953873e-01 -7.510251e-01 -5.905149e-01
    outer loop
      vertex  1.183285e+03 -5.451989e+03  8.545711e+03
      vertex  1.387688e+03 -5.683434e+03  8.737818e+03
      vertex  1.180818e+03 -5.614659e+03  8.753830e+03
    endloop
  endfacet
  facet normal -3.002044e-01 -7.728220e-01 -5.591274e-01
    outer loop
      vertex  1.180818e+03 -5.614659e+03  8.753830e+03
      vertex  1.387688e+03 -5.683434e+03  8.737818e+03
      vertex  1.385098e+03 -5.840435e+03  8.956216e+03
    endloop
  endfacet
  facet normal -3.001757e-01 -7.728167e-01 -5.591504e-01
    outer loop
      vertex  1.180818e+03 -5.614659e+03  8.753830e+03
      vertex  1.385098e+03 -5.840435e+03  8.956216e+03
      vertex  1.177093e+03 -5.768495e+03  8.968451e+03
    endloop
  endfacet
  facet normal -3.053043e-01 -7.931065e-01 -5.270404e-01
    outer loop
      vertex  1.177093e+03 -5.768495e+03  8.968451e+03
      vertex  1.385098e+03 -5.840435e+03  8.956216e+03
      vertex  1.381443e+03 -5.988531e+03  9.181192e+03
    endloop
  endfacet
  facet normal -3.037962e-01 -7.928786e-01 -5.282532e-01
    outer loop
      vertex  1.177093e+03 -5.768495e+03  8.968451e+03
      vertex  1.381443e+03 -5.988531e+03  9.181192e+03
      vertex  1.171799e+03 -5.913699e+03  9.189438e+03
    endloop
  endfacet
  facet normal -3.091943e-01 -8.115880e-01 -4.957055e-01
    outer loop
      vertex  1.171799e+03 -5.913699e+03  9.189438e+03
      vertex  1.381443e+03 -5.988531e+03  9.181192e+03
      vertex  1.376497e+03 -6.127944e+03  9.412529e+03
    endloop
  endfacet
  facet normal -3.056471e-01 -8.111786e-01 -4.985669e-01
    outer loop
      vertex  1.171799e+03 -5.913699e+03  9.189438e+03
      vertex  1.376497e+03 -6.127944e+03  9.412529e+03
      vertex  1.164583e+03 -6.050634e+03  9.416659e+03
    endloop
  endfacet
  facet normal -2.838365e-01 -6.759042e-01 -6.801401e-01
    outer loop
      vertex  1.185500e+03 -5.100108e+03  8.149533e+03
      vertex  9.792773e+02 -4.852793e+03  7.989819e+03
      vertex  1.185688e+03 -4.911225e+03  7.961748e+03
    endloop
  endfacet
  facet normal -2.801672e-01 -6.505824e-01 -7.058675e-01
    outer loop
      vertex  1.185688e+03 -4.911225e+03  7.961748e+03
      vertex  9.792773e+02 -4.852793e+03  7.989819e+03
      vertex  9.790961e+02 -4.658903e+03  7.811187e+03
    endloop
  endfacet
  facet normal -2.773421e-01 -6.495181e-01 -7.079602e-01
    outer loop
      vertex  1.185688e+03 -4.911225e+03  7.961748e+03
      vertex  9.790961e+02 -4.658903e+03  7.811187e+03
      vertex  1.185504e+03 -4.714142e+03  7.781005e+03
    endloop
  endfacet
  facet normal -2.741854e-01 -6.253662e-01 -7.305749e-01
    outer loop
      vertex  1.185504e+03 -4.714142e+03  7.781005e+03
      vertex  9.790961e+02 -4.658903e+03  7.811187e+03
      vertex  9.787010e+02 -4.477709e+03  7.656235e+03
    endloop
  endfacet
  facet normal -2.712640e-01 -6.240006e-01 -7.328295e-01
    outer loop
      vertex  1.185504e+03 -4.714142e+03  7.781005e+03
      vertex  9.787010e+02 -4.477709e+03  7.656235e+03
      vertex  1.185139e+03 -4.530136e+03  7.624460e+03
    endloop
  endfacet
  facet normal -2.685369e-01 -6.013227e-01 -7.525285e-01
    outer loop
      vertex  1.185139e+03 -4.530136e+03  7.624460e+03
      vertex  9.787010e+02 -4.477709e+03  7.656235e+03
      vertex  9.781995e+02 -4.290588e+03  7.506891e+03
    endloop
  endfacet
  facet normal -2.652897e-01 -5.997118e-01 -7.549618e-01
    outer loop
      vertex  1.185139e+03 -4.530136e+03  7.624460e+03
      vertex  9.781995e+02 -4.290588e+03  7.506891e+03
      vertex  1.184675e+03 -4.340268e+03  7.473800e+03
    endloop
  endfacet
  facet normal -2.628051e-01 -5.773306e-01 -7.730606e-01
    outer loop
      vertex  1.184675e+03 -4.340268e+03  7.473800e+03
      vertex  9.781995e+02 -4.290588e+03  7.506891e+03
      vertex  9.776789e+02 -4.098004e+03  7.363244e+03
    endloop
  endfacet
  facet normal -2.592415e-01 -5.754671e-01 -7.756490e-01
    outer loop
      vertex  1.184675e+03 -4.340268e+03  7.473800e+03
      vertex  9.776789e+02 -4.098004e+03  7.363244e+03
      vertex  1.184181e+03 -4.145005e+03  7.329097e+03
    endloop
  endfacet
  facet normal -2.862171e-01 -6.767197e-01 -6.783290e-01
    outer loop
      vertex  9.792773e+02 -4.852793e+03  7.989819e+03
      vertex  1.185500e+03 -5.100108e+03  8.149533e+03
      vertex  9.790089e+02 -5.038431e+03  8.175130e+03
    endloop
  endfacet
  facet normal -2.902243e-01 -7.015355e-01 -6.508592e-01
    outer loop
      vertex  9.790089e+02 -5.038431e+03  8.175130e+03
      vertex  1.185500e+03 -5.100108e+03  8.149533e+03
      vertex  1.184766e+03 -5.280440e+03  8.344232e+03
    endloop
  endfacet
  facet normal -2.921053e-01 -7.021115e-01 -6.493948e-01
    outer loop
      vertex  9.790089e+02 -5.038431e+03  8.175130e+03
      vertex  1.184766e+03 -5.280440e+03  8.344232e+03
      vertex  9.780685e+02 -5.215497e+03  8.366992e+03
    endloop
  endfacet
  facet normal -2.964482e-01 -7.260909e-01 -6.204115e-01
    outer loop
      vertex  9.780685e+02 -5.215497e+03  8.366992e+03
      vertex  1.184766e+03 -5.280440e+03  8.344232e+03
      vertex  1.183285e+03 -5.451989e+03  8.545711e+03
    endloop
  endfacet
  facet normal -2.977223e-01 -7.264327e-01 -6.194006e-01
    outer loop
      vertex  9.780685e+02 -5.215497e+03  8.366992e+03
      vertex  1.183285e+03 -5.451989e+03  8.545711e+03
      vertex  9.761913e+02 -5.383805e+03  8.565286e+03
    endloop
  endfacet
  facet normal -3.023843e-01 -7.492580e-01 -5.892166e-01
    outer loop
      vertex  9.761913e+02 -5.383805e+03  8.565286e+03
      vertex  1.183285e+03 -5.451989e+03  8.545711e+03
      vertex  1.180818e+03 -5.614659e+03  8.753830e+03
    endloop
  endfacet
  facet normal -3.028780e-01 -7.493711e-01 -5.888193e-01
    outer loop
      vertex  9.761913e+02 -5.383805e+03  8.565286e+03
      vertex  1.180818e+03 -5.614659e+03  8.753830e+03
      vertex  9.730669e+02 -5.543319e+03  8.769902e+03
    endloop
  endfacet
  facet normal -3.078271e-01 -7.707688e-01 -5.578153e-01
    outer loop
      vertex  9.730669e+02 -5.543319e+03  8.769902e+03
      vertex  1.180818e+03 -5.614659e+03  8.753830e+03
      vertex  1.177093e+03 -5.768495e+03  8.968451e+03
    endloop
  endfacet
  facet normal -3.072730e-01 -7.706638e-01 -5.582657e-01
    outer loop
      vertex  9.730669e+02 -5.543319e+03  8.769902e+03
      vertex  1.177093e+03 -5.768495e+03  8.968451e+03
      vertex  9.683361e+02 -5.694166e+03  8.980744e+03
    endloop
  endfacet
  facet normal -3.124635e-01 -7.904362e-01 -5.268561e-01
    outer loop
      vertex  9.683361e+02 -5.694166e+03  8.980744e+03
      vertex  1.177093e+03 -5.768495e+03  8.968451e+03
      vertex  1.171799e+03 -5.913699e+03  9.189438e+03
    endloop
  endfacet
  facet normal -3.105036e-01 -7.901405e-01 -5.284558e-01
    outer loop
      vertex  9.683361e+02 -5.694166e+03  8.980744e+03
      vertex  1.171799e+03 -5.913699e+03  9.189438e+03
      vertex  9.615872e+02 -5.836642e+03  9.197737e+03
    endloop
  endfacet
  facet normal -3.158736e-01 -8.081692e-01 -4.970780e-01
    outer loop
      vertex  9.615872e+02 -5.836642e+03  9.197737e+03
      vertex  1.171799e+03 -5.913699e+03  9.189438e+03
      vertex  1.164583e+03 -6.050634e+03  9.416659e+03
    endloop
  endfacet
  facet normal -3.120340e-01 -8.077292e-01 -5.002083e-01
    outer loop
      vertex  9.615872e+02 -5.836642e+03  9.197737e+03
      vertex  1.164583e+03 -6.050634e+03  9.416659e+03
      vertex  9.523532e+02 -5.971229e+03  9.420828e+03
    endloop
  endfacet
  facet normal -3.227844e-01 -7.672467e-01 -5.542045e-01
    outer loop
      vertex  5.491172e+02 -5.514272e+03  8.971637e+03
      vertex  7.627381e+02 -5.515832e+03  8.849377e+03
      vertex  7.597061e+02 -5.593686e+03  8.958925e+03
    endloop
  endfacet
  facet normal -3.109115e-01 -7.706367e-01 -5.562850e-01
    outer loop
      vertex  7.597061e+02 -5.593686e+03  8.958925e+03
      vertex  7.627381e+02 -5.515832e+03  8.849377e+03
      vertex  9.730669e+02 -5.543319e+03  8.769902e+03
    endloop
  endfacet
  facet normal -3.122160e-01 -7.693013e-01 -5.574018e-01
    outer loop
      vertex  7.597061e+02 -5.593686e+03  8.958925e+03
      vertex  9.730669e+02 -5.543319e+03  8.769902e+03
      vertex  9.683361e+02 -5.694166e+03  8.980744e+03
    endloop
  endfacet
  facet normal -3.253712e-01 -7.869555e-01 -5.242466e-01
    outer loop
      vertex  5.400436e+02 -5.660660e+03  9.191285e+03
      vertex  7.560425e+02 -5.669091e+03  9.069882e+03
      vertex  7.516624e+02 -5.742293e+03  9.182485e+03
    endloop
  endfacet
  facet normal -3.142045e-01 -7.903176e-01 -5.259978e-01
    outer loop
      vertex  7.516624e+02 -5.742293e+03  9.182485e+03
      vertex  7.560425e+02 -5.669091e+03  9.069882e+03
      vertex  9.683361e+02 -5.694166e+03  8.980744e+03
    endloop
  endfacet
  facet normal -3.160652e-01 -7.885264e-01 -5.275689e-01
    outer loop
      vertex  7.516624e+02 -5.742293e+03  9.182485e+03
      vertex  9.683361e+02 -5.694166e+03  8.980744e+03
      vertex  9.615872e+02 -5.836642e+03  9.197737e+03
    endloop
  endfacet
  facet normal -3.263315e-01 -8.043976e-01 -4.964397e-01
    outer loop
      vertex  5.273679e+02 -5.798931e+03  9.417356e+03
      vertex  7.464756e+02 -5.813456e+03  9.296863e+03
      vertex  7.403967e+02 -5.882603e+03  9.412900e+03
    endloop
  endfacet
  facet normal -3.164216e-01 -8.075212e-01 -4.977818e-01
    outer loop
      vertex  7.403967e+02 -5.882603e+03  9.412900e+03
      vertex  7.464756e+02 -5.813456e+03  9.296863e+03
      vertex  9.615872e+02 -5.836642e+03  9.197737e+03
    endloop
  endfacet
  facet normal -3.182732e-01 -8.058385e-01 -4.993259e-01
    outer loop
      vertex  7.403967e+02 -5.882603e+03  9.412900e+03
      vertex  9.615872e+02 -5.836642e+03  9.197737e+03
      vertex  9.523532e+02 -5.971229e+03  9.420828e+03
    endloop
  endfacet
  facet normal -2.943482e-01 -6.376802e-01 -7.118447e-01
    outer loop
      vertex  7.717858e+02 -4.708449e+03  7.940019e+03
      vertex  5.631431e+02 -4.460082e+03  7.803801e+03
      vertex  7.715474e+02 -4.521308e+03  7.772473e+03
    endloop
  endfacet
  facet normal -2.906535e-01 -6.137355e-01 -7.340635e-01
    outer loop
      vertex  7.715474e+02 -4.521308e+03  7.772473e+03
      vertex  5.631431e+02 -4.460082e+03  7.803801e+03
      vertex  5.628638e+02 -4.268923e+03  7.644088e+03
    endloop
  endfacet
  facet normal -2.880390e-01 -6.125854e-01 -7.360522e-01
    outer loop
      vertex  7.715474e+02 -4.521308e+03  7.772473e+03
      vertex  5.628638e+02 -4.268923e+03  7.644088e+03
      vertex  7.711108e+02 -4.327080e+03  7.610997e+03
    endloop
  endfacet
  facet normal -2.846613e-01 -5.889062e-01 -7.564109e-01
    outer loop
      vertex  7.711108e+02 -4.327080e+03  7.610997e+03
      vertex  5.628638e+02 -4.268923e+03  7.644088e+03
      vertex  5.625408e+02 -4.071231e+03  7.490296e+03
    endloop
  endfacet
  facet normal -2.815288e-01 -5.874414e-01 -7.587187e-01
    outer loop
      vertex  7.711108e+02 -4.327080e+03  7.610997e+03
      vertex  5.625408e+02 -4.071231e+03  7.490296e+03
      vertex  7.706166e+02 -4.126291e+03  7.455718e+03
    endloop
  endfacet
  facet normal -2.784640e-01 -5.642246e-01 -7.772442e-01
    outer loop
      vertex  7.706166e+02 -4.126291e+03  7.455718e+03
      vertex  5.625408e+02 -4.071231e+03  7.490296e+03
      vertex  5.622905e+02 -3.867607e+03  7.342569e+03
    endloop
  endfacet
  facet normal -2.748452e-01 -5.624381e-01 -7.798227e-01
    outer loop
      vertex  7.706166e+02 -4.126291e+03  7.455718e+03
      vertex  5.622905e+02 -3.867607e+03  7.342569e+03
      vertex  7.701721e+02 -3.919548e+03  7.306764e+03
    endloop
  endfacet
  facet normal -2.964189e-01 -6.385298e-01 -7.102222e-01
    outer loop
      vertex  5.631431e+02 -4.460082e+03  7.803801e+03
      vertex  7.717858e+02 -4.708449e+03  7.940019e+03
      vertex  5.632240e+02 -4.644193e+03  7.969294e+03
    endloop
  endfacet
  facet normal -3.006186e-01 -6.636718e-01 -6.849585e-01
    outer loop
      vertex  5.632240e+02 -4.644193e+03  7.969294e+03
      vertex  7.717858e+02 -4.708449e+03  7.940019e+03
      vertex  7.716097e+02 -4.904521e+03  8.130074e+03
    endloop
  endfacet
  facet normal -3.022092e-01 -6.641974e-01 -6.837480e-01
    outer loop
      vertex  5.632240e+02 -4.644193e+03  7.969294e+03
      vertex  7.716097e+02 -4.904521e+03  8.130074e+03
      vertex  5.628524e+02 -4.837014e+03  8.156766e+03
    endloop
  endfacet
  facet normal -3.069661e-01 -6.901352e-01 -6.553512e-01
    outer loop
      vertex  5.628524e+02 -4.837014e+03  8.156766e+03
      vertex  7.716097e+02 -4.904521e+03  8.130074e+03
      vertex  7.706979e+02 -5.091200e+03  8.327089e+03
    endloop
  endfacet
  facet normal -3.078303e-01 -6.903901e-01 -6.546770e-01
    outer loop
      vertex  5.628524e+02 -4.837014e+03  8.156766e+03
      vertex  7.706979e+02 -5.091200e+03  8.327089e+03
      vertex  5.616879e+02 -5.020531e+03  8.350842e+03
    endloop
  endfacet
  facet normal -3.129122e-01 -7.155393e-01 -6.245714e-01
    outer loop
      vertex  5.616879e+02 -5.020531e+03  8.350842e+03
      vertex  7.706979e+02 -5.091200e+03  8.327089e+03
      vertex  7.687015e+02 -5.268252e+03  8.530929e+03
    endloop
  endfacet
  facet normal -3.129745e-01 -7.155553e-01 -6.245219e-01
    outer loop
      vertex  5.616879e+02 -5.020531e+03  8.350842e+03
      vertex  7.687015e+02 -5.268252e+03  8.530929e+03
      vertex  5.593383e+02 -5.194544e+03  8.551397e+03
    endloop
  endfacet
  facet normal -3.183323e-01 -7.394864e-01 -5.931478e-01
    outer loop
      vertex  5.593383e+02 -5.194544e+03  8.551397e+03
      vertex  7.687015e+02 -5.268252e+03  8.530929e+03
      vertex  7.652034e+02 -5.435636e+03  8.741485e+03
    endloop
  endfacet
  facet normal -3.174789e-01 -7.393006e-01 -5.938364e-01
    outer loop
      vertex  5.593383e+02 -5.194544e+03  8.551397e+03
      vertex  7.652034e+02 -5.435636e+03  8.741485e+03
      vertex  5.553333e+02 -5.359052e+03  8.758344e+03
    endloop
  endfacet
  facet normal -3.217539e-01 -7.563608e-01 -5.695549e-01
    outer loop
      vertex  5.553333e+02 -5.359052e+03  8.758344e+03
      vertex  7.652034e+02 -5.435636e+03  8.741485e+03
      vertex  7.627381e+02 -5.515832e+03  8.849377e+03
    endloop
  endfacet
  facet normal -3.273144e-01 -7.594573e-01 -5.622190e-01
    outer loop
      vertex  5.553333e+02 -5.359052e+03  8.758344e+03
      vertex  7.627381e+02 -5.515832e+03  8.849377e+03
      vertex  5.491172e+02 -5.514272e+03  8.971637e+03
    endloop
  endfacet
  facet normal -3.187249e-01 -7.790241e-01 -5.399407e-01
    outer loop
      vertex  9.683361e+02 -5.694166e+03  8.980744e+03
      vertex  7.560425e+02 -5.669091e+03  9.069882e+03
      vertex  7.597061e+02 -5.593686e+03  8.958925e+03
    endloop
  endfacet
  facet normal -3.324064e-01 -7.749146e-01 -5.375996e-01
    outer loop
      vertex  7.597061e+02 -5.593686e+03  8.958925e+03
      vertex  7.560425e+02 -5.669091e+03  9.069882e+03
      vertex  5.400436e+02 -5.660660e+03  9.191285e+03
    endloop
  endfacet
  facet normal -3.264430e-01 -7.802621e-01 -5.335034e-01
    outer loop
      vertex  7.597061e+02 -5.593686e+03  8.958925e+03
      vertex  5.400436e+02 -5.660660e+03  9.191285e+03
      vertex  5.491172e+02 -5.514272e+03  8.971637e+03
    endloop
  endfacet
  facet normal -3.213000e-01 -7.974506e-01 -5.107238e-01
    outer loop
      vertex  9.615872e+02 -5.836642e+03  9.197737e+03
      vertex  7.464756e+02 -5.813456e+03  9.296863e+03
      vertex  7.516624e+02 -5.742293e+03  9.182485e+03
    endloop
  endfacet
  facet normal -3.325604e-01 -7.939088e-01 -5.090308e-01
    outer loop
      vertex  7.516624e+02 -5.742293e+03  9.182485e+03
      vertex  7.464756e+02 -5.813456e+03  9.296863e+03
      vertex  5.273679e+02 -5.798931e+03  9.417356e+03
    endloop
  endfacet
  facet normal -3.286424e-01 -7.973884e-01 -5.061283e-01
    outer loop
      vertex  7.516624e+02 -5.742293e+03  9.182485e+03
      vertex  5.273679e+02 -5.798931e+03  9.417356e+03
      vertex  5.400436e+02 -5.660660e+03  9.191285e+03
    endloop
  endfacet
  facet normal -3.104134e-01 -6.623490e-01 -6.818631e-01
    outer loop
      vertex  5.628524e+02 -4.837014e+03  8.156766e+03
      vertex  3.590868e+02 -4.577922e+03  7.997852e+03
      vertex  5.632240e+02 -4.644193e+03  7.969294e+03
    endloop
  endfacet
  facet normal -3.058808e-01 -6.375003e-01 -7.071282e-01
    outer loop
      vertex  5.632240e+02 -4.644193e+03  7.969294e+03
      vertex  3.590868e+02 -4.577922e+03  7.997852e+03
      vertex  3.592553e+02 -4.396743e+03  7.834439e+03
    endloop
  endfacet
  facet normal -3.042957e-01 -6.368735e-01 -7.083758e-01
    outer loop
      vertex  5.632240e+02 -4.644193e+03  7.969294e+03
      vertex  3.592553e+02 -4.396743e+03  7.834439e+03
      vertex  5.631431e+02 -4.460082e+03  7.803801e+03
    endloop
  endfacet
  facet normal -3.002882e-01 -6.132185e-01 -7.306094e-01
    outer loop
      vertex  5.631431e+02 -4.460082e+03  7.803801e+03
      vertex  3.592553e+02 -4.396743e+03  7.834439e+03
      vertex  3.592325e+02 -4.208612e+03  7.676546e+03
    endloop
  endfacet
  facet normal -2.980692e-01 -6.122773e-01 -7.323053e-01
    outer loop
      vertex  5.631431e+02 -4.460082e+03  7.803801e+03
      vertex  3.592325e+02 -4.208612e+03  7.676546e+03
      vertex  5.628638e+02 -4.268923e+03  7.644088e+03
    endloop
  endfacet
  facet normal -2.943939e-01 -5.889040e-01 -7.526781e-01
    outer loop
      vertex  5.628638e+02 -4.268923e+03  7.644088e+03
      vertex  3.592325e+02 -4.208612e+03  7.676546e+03
      vertex  3.591809e+02 -4.014030e+03  7.524323e+03
    endloop
  endfacet
  facet normal -2.915803e-01 -5.876349e-01 -7.547622e-01
    outer loop
      vertex  5.628638e+02 -4.268923e+03  7.644088e+03
      vertex  3.591809e+02 -4.014030e+03  7.524323e+03
      vertex  5.625408e+02 -4.071231e+03  7.490296e+03
    endloop
  endfacet
  facet normal -2.882407e-01 -5.647356e-01 -7.732989e-01
    outer loop
      vertex  5.625408e+02 -4.071231e+03  7.490296e+03
      vertex  3.591809e+02 -4.014030e+03  7.524323e+03
      vertex  3.592222e+02 -3.813584e+03  7.377923e+03
    endloop
  endfacet
  facet normal -2.848637e-01 -5.631265e-01 -7.757198e-01
    outer loop
      vertex  5.625408e+02 -4.071231e+03  7.490296e+03
      vertex  3.592222e+02 -3.813584e+03  7.377923e+03
      vertex  5.622905e+02 -3.867607e+03  7.342569e+03
    endloop
  endfacet
  facet normal -3.113768e-01 -6.626548e-01 -6.811264e-01
    outer loop
      vertex  3.590868e+02 -4.577922e+03  7.997852e+03
      vertex  5.628524e+02 -4.837014e+03  8.156766e+03
      vertex  3.584362e+02 -4.767662e+03  8.182744e+03
    endloop
  endfacet
  facet normal -3.164719e-01 -6.883011e-01 -6.527535e-01
    outer loop
      vertex  3.584362e+02 -4.767662e+03  8.182744e+03
      vertex  5.628524e+02 -4.837014e+03  8.156766e+03
      vertex  5.616879e+02 -5.020531e+03  8.350842e+03
    endloop
  endfacet
  facet normal -3.166012e-01 -6.883377e-01 -6.526522e-01
    outer loop
      vertex  3.584362e+02 -4.767662e+03  8.182744e+03
      vertex  5.616879e+02 -5.020531e+03  8.350842e+03
      vertex  3.569651e+02 -4.948253e+03  8.373923e+03
    endloop
  endfacet
  facet normal -3.219983e-01 -7.132207e-01 -6.226020e-01
    outer loop
      vertex  3.569651e+02 -4.948253e+03  8.373923e+03
      vertex  5.616879e+02 -5.020531e+03  8.350842e+03
      vertex  5.593383e+02 -5.194544e+03  8.551397e+03
    endloop
  endfacet
  facet normal -3.212380e-01 -7.130335e-01 -6.232089e-01
    outer loop
      vertex  3.569651e+02 -4.948253e+03  8.373923e+03
      vertex  5.593383e+02 -5.194544e+03  8.551397e+03
      vertex  3.542536e+02 -5.119519e+03  8.571271e+03
    endloop
  endfacet
  facet normal -3.268711e-01 -7.367094e-01 -5.919583e-01
    outer loop
      vertex  3.542536e+02 -5.119519e+03  8.571271e+03
      vertex  5.593383e+02 -5.194544e+03  8.551397e+03
      vertex  5.553333e+02 -5.359052e+03  8.758344e+03
    endloop
  endfacet
  facet normal -3.251424e-01 -7.363498e-01 -5.933562e-01
    outer loop
      vertex  3.542536e+02 -5.119519e+03  8.571271e+03
      vertex  5.553333e+02 -5.359052e+03  8.758344e+03
      vertex  3.497953e+02 -5.281485e+03  8.774713e+03
    endloop
  endfacet
  facet normal -3.309262e-01 -7.583887e-01 -5.615465e-01
    outer loop
      vertex  3.497953e+02 -5.281485e+03  8.774713e+03
      vertex  5.553333e+02 -5.359052e+03  8.758344e+03
      vertex  5.491172e+02 -5.514272e+03  8.971637e+03
    endloop
  endfacet
  facet normal -3.281225e-01 -7.579159e-01 -5.638254e-01
    outer loop
      vertex  3.497953e+02 -5.281485e+03  8.774713e+03
      vertex  5.491172e+02 -5.514272e+03  8.971637e+03
      vertex  3.429912e+02 -5.434402e+03  8.984229e+03
    endloop
  endfacet
  facet normal -3.339496e-01 -7.779312e-01 -5.322601e-01
    outer loop
      vertex  3.429912e+02 -5.434402e+03  8.984229e+03
      vertex  5.491172e+02 -5.514272e+03  8.971637e+03
      vertex  5.400436e+02 -5.660660e+03  9.191285e+03
    endloop
  endfacet
  facet normal -3.299178e-01 -7.774094e-01 -5.355268e-01
    outer loop
      vertex  3.429912e+02 -5.434402e+03  8.984229e+03
      vertex  5.400436e+02 -5.660660e+03  9.191285e+03
      vertex  3.331421e+02 -5.578762e+03  9.199860e+03
    endloop
  endfacet
  facet normal -3.356602e-01 -7.950999e-01 -5.051221e-01
    outer loop
      vertex  3.331421e+02 -5.578762e+03  9.199860e+03
      vertex  5.400436e+02 -5.660660e+03  9.191285e+03
      vertex  5.273679e+02 -5.798931e+03  9.417356e+03
    endloop
  endfacet
  facet normal -3.302103e-01 -7.945997e-01 -5.094825e-01
    outer loop
      vertex  3.331421e+02 -5.578762e+03  9.199860e+03
      vertex  5.273679e+02 -5.798931e+03  9.417356e+03
      vertex  3.194414e+02 -5.715319e+03  9.421717e+03
    endloop
  endfacet
  facet normal -3.287558e-01 -6.587085e-01 -6.767738e-01
    outer loop
      vertex  1.529215e+02 -4.694755e+03  8.208681e+03
      vertex -6.329918e+01 -4.430526e+03  8.056538e+03
      vertex  1.539415e+02 -4.508013e+03  8.026428e+03
    endloop
  endfacet
  facet normal -3.236402e-01 -6.346570e-01 -7.017604e-01
    outer loop
      vertex  1.539415e+02 -4.508013e+03  8.026428e+03
      vertex -6.329918e+01 -4.430526e+03  8.056538e+03
      vertex -6.232300e+01 -4.255321e+03  7.897636e+03
    endloop
  endfacet
  facet normal -3.229776e-01 -6.343752e-01 -7.023200e-01
    outer loop
      vertex  1.539415e+02 -4.508013e+03  8.026428e+03
      vertex -6.232300e+01 -4.255321e+03  7.897636e+03
      vertex  1.544549e+02 -4.329749e+03  7.865173e+03
    endloop
  endfacet
  facet normal -3.184335e-01 -6.115573e-01 -7.242911e-01
    outer loop
      vertex  1.544549e+02 -4.329749e+03  7.865173e+03
      vertex -6.232300e+01 -4.255321e+03  7.897636e+03
      vertex -6.150911e+01 -4.073529e+03  7.743782e+03
    endloop
  endfacet
  facet normal -3.169584e-01 -6.108878e-01 -7.255022e-01
    outer loop
      vertex  1.544549e+02 -4.329749e+03  7.865173e+03
      vertex -6.150911e+01 -4.073529e+03  7.743782e+03
      vertex  1.547892e+02 -4.144685e+03  7.709199e+03
    endloop
  endfacet
  facet normal -3.127843e-01 -5.884342e-01 -7.455944e-01
    outer loop
      vertex  1.547892e+02 -4.144685e+03  7.709199e+03
      vertex -6.150911e+01 -4.073529e+03  7.743782e+03
      vertex -6.069424e+01 -3.885613e+03  7.595134e+03
    endloop
  endfacet
  facet normal -3.105460e-01 -5.873573e-01 -7.473772e-01
    outer loop
      vertex  1.547892e+02 -4.144685e+03  7.709199e+03
      vertex -6.069424e+01 -3.885613e+03  7.595134e+03
      vertex  1.551099e+02 -3.953302e+03  7.558660e+03
    endloop
  endfacet
  facet normal -3.067550e-01 -5.654383e-01 -7.656244e-01
    outer loop
      vertex  1.551099e+02 -3.953302e+03  7.558660e+03
      vertex -6.069424e+01 -3.885613e+03  7.595134e+03
      vertex -5.975853e+01 -3.692122e+03  7.451859e+03
    endloop
  endfacet
  facet normal -3.038092e-01 -5.639444e-01 -7.678976e-01
    outer loop
      vertex  1.551099e+02 -3.953302e+03  7.558660e+03
      vertex -5.975853e+01 -3.692122e+03  7.451859e+03
      vertex  1.555396e+02 -3.756173e+03  7.413718e+03
    endloop
  endfacet
  facet normal -3.004029e-01 -5.426764e-01 -7.843854e-01
    outer loop
      vertex  1.555396e+02 -3.756173e+03  7.413718e+03
      vertex -5.975853e+01 -3.692122e+03  7.451859e+03
      vertex -5.862056e+01 -3.493680e+03  7.314131e+03
    endloop
  endfacet
  facet normal -2.968111e-01 -5.407641e-01 -7.870690e-01
    outer loop
      vertex  1.555396e+02 -3.756173e+03  7.413718e+03
      vertex -5.862056e+01 -3.493680e+03  7.314131e+03
      vertex  1.561628e+02 -3.553947e+03  7.274542e+03
    endloop
  endfacet
  facet normal -3.285150e-01 -6.586254e-01 -6.769716e-01
    outer loop
      vertex -6.329918e+01 -4.430526e+03  8.056538e+03
      vertex  1.529215e+02 -4.694755e+03  8.208681e+03
      vertex -6.480405e+01 -4.614189e+03  8.235954e+03
    endloop
  endfacet
  facet normal -3.342174e-01 -6.835379e-01 -6.489026e-01
    outer loop
      vertex -6.480405e+01 -4.614189e+03  8.235954e+03
      vertex  1.529215e+02 -4.694755e+03  8.208681e+03
      vertex  1.510795e+02 -4.872567e+03  8.396932e+03
    endloop
  endfacet
  facet normal -3.329270e-01 -6.831362e-01 -6.499882e-01
    outer loop
      vertex -6.480405e+01 -4.614189e+03  8.235954e+03
      vertex  1.510795e+02 -4.872567e+03  8.396932e+03
      vertex -6.710758e+01 -4.789218e+03  8.421089e+03
    endloop
  endfacet
  facet normal -3.389109e-01 -7.074245e-01 -6.202337e-01
    outer loop
      vertex -6.710758e+01 -4.789218e+03  8.421089e+03
      vertex  1.510795e+02 -4.872567e+03  8.396932e+03
      vertex  1.479812e+02 -5.041290e+03  8.591066e+03
    endloop
  endfacet
  facet normal -3.365627e-01 -7.067779e-01 -6.222463e-01
    outer loop
      vertex -6.710758e+01 -4.789218e+03  8.421089e+03
      vertex  1.479812e+02 -5.041290e+03  8.591066e+03
      vertex -7.064410e+01 -4.955467e+03  8.611835e+03
    endloop
  endfacet
  facet normal -3.427357e-01 -7.299893e-01 -5.913104e-01
    outer loop
      vertex -7.064410e+01 -4.955467e+03  8.611835e+03
      vertex  1.479812e+02 -5.041290e+03  8.591066e+03
      vertex  1.431021e+02 -5.200967e+03  8.791021e+03
    endloop
  endfacet
  facet normal -3.393135e-01 -7.291766e-01 -5.942793e-01
    outer loop
      vertex -7.064410e+01 -4.955467e+03  8.611835e+03
      vertex  1.431021e+02 -5.200967e+03  8.791021e+03
      vertex -7.593981e+01 -5.112985e+03  8.808133e+03
    endloop
  endfacet
  facet normal -3.455648e-01 -7.508520e-01 -5.628554e-01
    outer loop
      vertex -7.593981e+01 -5.112985e+03  8.808133e+03
      vertex  1.431021e+02 -5.200967e+03  8.791021e+03
      vertex  1.358194e+02 -5.351864e+03  8.996789e+03
    endloop
  endfacet
  facet normal -3.410628e-01 -7.499592e-01 -5.667782e-01
    outer loop
      vertex -7.593981e+01 -5.112985e+03  8.808133e+03
      vertex  1.358194e+02 -5.351864e+03  8.996789e+03
      vertex -8.362047e+01 -5.262040e+03  9.009983e+03
    endloop
  endfacet
  facet normal -3.472627e-01 -7.696636e-01 -5.357487e-01
    outer loop
      vertex -8.362047e+01 -5.262040e+03  9.009983e+03
      vertex  1.358194e+02 -5.351864e+03  8.996789e+03
      vertex  1.254050e+02 -5.494487e+03  9.208434e+03
    endloop
  endfacet
  facet normal -3.417005e-01 -7.687799e-01 -5.405722e-01
    outer loop
      vertex -8.362047e+01 -5.262040e+03  9.009983e+03
      vertex  1.254050e+02 -5.494487e+03  9.208434e+03
      vertex -9.441920e+01 -5.403129e+03  9.217461e+03
    endloop
  endfacet
  facet normal -3.476960e-01 -7.861297e-01 -5.109867e-01
    outer loop
      vertex -9.441920e+01 -5.403129e+03  9.217461e+03
      vertex  1.254050e+02 -5.494487e+03  9.208434e+03
      vertex  1.110179e+02 -5.629603e+03  9.426092e+03
    endloop
  endfacet
  facet normal -3.410923e-01 -7.853357e-01 -5.166274e-01
    outer loop
      vertex -9.441920e+01 -5.403129e+03  9.217461e+03
      vertex  1.110179e+02 -5.629603e+03  9.426092e+03
      vertex -1.091842e+02 -5.537005e+03  9.430717e+03
    endloop
  endfacet
  facet normal -3.256602e-01 -5.969203e-01 -7.332336e-01
    outer loop
      vertex -2.789890e+02 -4.058929e+03  7.828488e+03
      vertex -2.778400e+02 -3.907286e+03  7.704526e+03
      vertex -6.150911e+01 -4.073529e+03  7.743782e+03
    endloop
  endfacet
  facet normal -3.115585e-01 -5.826741e-01 -7.506145e-01
    outer loop
      vertex -6.150911e+01 -4.073529e+03  7.743782e+03
      vertex -2.778400e+02 -3.907286e+03  7.704526e+03
      vertex -2.769469e+02 -3.790970e+03  7.613863e+03
    endloop
  endfacet
  facet normal -3.211482e-01 -5.866778e-01 -7.434199e-01
    outer loop
      vertex -6.150911e+01 -4.073529e+03  7.743782e+03
      vertex -2.769469e+02 -3.790970e+03  7.613863e+03
      vertex -6.069424e+01 -3.885613e+03  7.595134e+03
    endloop
  endfacet
  facet normal -3.142364e-01 -5.673776e-01 -7.611427e-01
    outer loop
      vertex -6.069424e+01 -3.885613e+03  7.595134e+03
      vertex -2.769469e+02 -3.790970e+03  7.613863e+03
      vertex -2.759990e+02 -3.672586e+03  7.525225e+03
    endloop
  endfacet
  facet normal -3.104547e-01 -5.647125e-01 -7.646683e-01
    outer loop
      vertex -6.069424e+01 -3.885613e+03  7.595134e+03
      vertex -2.759990e+02 -3.672586e+03  7.525225e+03
      vertex -5.975853e+01 -3.692122e+03  7.451859e+03
    endloop
  endfacet
  facet normal -3.130262e-01 -5.457220e-01 -7.773044e-01
    outer loop
      vertex -5.975853e+01 -3.692122e+03  7.451859e+03
      vertex -2.759990e+02 -3.672586e+03  7.525225e+03
      vertex -2.738679e+02 -3.430199e+03  7.354195e+03
    endloop
  endfacet
  facet normal -3.055155e-01 -5.417299e-01 -7.830638e-01
    outer loop
      vertex -5.975853e+01 -3.692122e+03  7.451859e+03
      vertex -2.738679e+02 -3.430199e+03  7.354195e+03
      vertex -5.862056e+01 -3.493680e+03  7.314131e+03
    endloop
  endfacet
  facet normal -3.423560e-01 -6.806195e-01 -6.477262e-01
    outer loop
      vertex -6.710758e+01 -4.789218e+03  8.421089e+03
      vertex -2.835328e+02 -4.530042e+03  8.263143e+03
      vertex -6.480405e+01 -4.614189e+03  8.235954e+03
    endloop
  endfacet
  facet normal -3.364020e-01 -6.561775e-01 -6.754738e-01
    outer loop
      vertex -6.480405e+01 -4.614189e+03  8.235954e+03
      vertex -2.835328e+02 -4.530042e+03  8.263143e+03
      vertex -2.814521e+02 -4.349390e+03  8.086615e+03
    endloop
  endfacet
  facet normal -3.371875e-01 -6.564498e-01 -6.748173e-01
    outer loop
      vertex -6.480405e+01 -4.614189e+03  8.235954e+03
      vertex -2.814521e+02 -4.349390e+03  8.086615e+03
      vertex -6.329918e+01 -4.430526e+03  8.056538e+03
    endloop
  endfacet
  facet normal -3.322615e-01 -6.347455e-01 -6.976390e-01
    outer loop
      vertex -6.329918e+01 -4.430526e+03  8.056538e+03
      vertex -2.814521e+02 -4.349390e+03  8.086615e+03
      vertex -2.801608e+02 -4.206377e+03  7.955880e+03
    endloop
  endfacet
  facet normal -3.295188e-01 -6.332743e-01 -7.002720e-01
    outer loop
      vertex -6.329918e+01 -4.430526e+03  8.056538e+03
      vertex -2.801608e+02 -4.206377e+03  7.955880e+03
      vertex -6.232300e+01 -4.255321e+03  7.897636e+03
    endloop
  endfacet
  facet normal -3.296932e-01 -6.157138e-01 -7.156807e-01
    outer loop
      vertex -6.232300e+01 -4.255321e+03  7.897636e+03
      vertex -2.801608e+02 -4.206377e+03  7.955880e+03
      vertex -2.789890e+02 -4.058929e+03  7.828488e+03
    endloop
  endfacet
  facet normal -3.226739e-01 -6.106193e-01 -7.232052e-01
    outer loop
      vertex -6.232300e+01 -4.255321e+03  7.897636e+03
      vertex -2.789890e+02 -4.058929e+03  7.828488e+03
      vertex -6.150911e+01 -4.073529e+03  7.743782e+03
    endloop
  endfacet
  facet normal -3.404414e-01 -6.800189e-01 -6.493643e-01
    outer loop
      vertex -2.835328e+02 -4.530042e+03  8.263143e+03
      vertex -6.710758e+01 -4.789218e+03  8.421089e+03
      vertex -2.863667e+02 -4.702416e+03  8.445140e+03
    endloop
  endfacet
  facet normal -3.466733e-01 -7.039139e-01 -6.199377e-01
    outer loop
      vertex -2.863667e+02 -4.702416e+03  8.445140e+03
      vertex -6.710758e+01 -4.789218e+03  8.421089e+03
      vertex -7.064410e+01 -4.955467e+03  8.611835e+03
    endloop
  endfacet
  facet normal -3.436148e-01 -7.030618e-01 -6.226019e-01
    outer loop
      vertex -2.863667e+02 -4.702416e+03  8.445140e+03
      vertex -7.064410e+01 -4.955467e+03  8.611835e+03
      vertex -2.903744e+02 -4.866374e+03  8.632498e+03
    endloop
  endfacet
  facet normal -3.500237e-01 -7.259670e-01 -5.919927e-01
    outer loop
      vertex -2.903744e+02 -4.866374e+03  8.632498e+03
      vertex -7.064410e+01 -4.955467e+03  8.611835e+03
      vertex -7.593981e+01 -5.112985e+03  8.808133e+03
    endloop
  endfacet
  facet normal -3.458470e-01 -7.249569e-01 -5.956738e-01
    outer loop
      vertex -2.903744e+02 -4.866374e+03  8.632498e+03
      vertex -7.593981e+01 -5.112985e+03  8.808133e+03
      vertex -2.960664e+02 -5.021963e+03  8.825160e+03
    endloop
  endfacet
  facet normal -3.523115e-01 -7.464066e-01 -5.645828e-01
    outer loop
      vertex -2.960664e+02 -5.021963e+03  8.825160e+03
      vertex -7.593981e+01 -5.112985e+03  8.808133e+03
      vertex -8.362047e+01 -5.262040e+03  9.009983e+03
    endloop
  endfacet
  facet normal -3.470693e-01 -7.453388e-01 -5.692214e-01
    outer loop
      vertex -2.960664e+02 -5.021963e+03  8.825160e+03
      vertex -8.362047e+01 -5.262040e+03  9.009983e+03
      vertex -3.040508e+02 -5.169435e+03  9.023128e+03
    endloop
  endfacet
  facet normal -3.534516e-01 -7.648863e-01 -5.385360e-01
    outer loop
      vertex -3.040508e+02 -5.169435e+03  9.023128e+03
      vertex -8.362047e+01 -5.262040e+03  9.009983e+03
      vertex -9.441920e+01 -5.403129e+03  9.217461e+03
    endloop
  endfacet
  facet normal -3.472227e-01 -7.638583e-01 -5.440192e-01
    outer loop
      vertex -3.040508e+02 -5.169435e+03  9.023128e+03
      vertex -9.441920e+01 -5.403129e+03  9.217461e+03
      vertex -3.150414e+02 -5.309261e+03  9.226474e+03
    endloop
  endfacet
  facet normal -3.533617e-01 -7.810913e-01 -5.148124e-01
    outer loop
      vertex -3.150414e+02 -5.309261e+03  9.226474e+03
      vertex -9.441920e+01 -5.403129e+03  9.217461e+03
      vertex -1.091842e+02 -5.537005e+03  9.430717e+03
    endloop
  endfacet
  facet normal -3.462660e-01 -7.801918e-01 -5.209612e-01
    outer loop
      vertex -3.150414e+02 -5.309261e+03  9.226474e+03
      vertex -1.091842e+02 -5.537005e+03  9.430717e+03
      vertex -3.298651e+02 -5.442155e+03  9.435349e+03
    endloop
  endfacet
  facet normal -3.091651e-01 -5.056391e-01 -8.054477e-01
    outer loop
      vertex -7.643550e+02 -2.976081e+03  7.250000e+03
      vertex -5.530938e+02 -3.105253e+03  7.250000e+03
      vertex -6.902062e+02 -3.060376e+03  7.274457e+03
    endloop
  endfacet
  facet normal -3.124977e-01 -5.224003e-01 -7.933745e-01
    outer loop
      vertex -6.902062e+02 -3.060376e+03  7.274457e+03
      vertex -5.530938e+02 -3.105253e+03  7.250000e+03
      vertex -3.145310e+02 -3.247961e+03  7.250000e+03
    endloop
  endfacet
  facet normal -3.128221e-01 -5.231295e-01 -7.927660e-01
    outer loop
      vertex -6.902062e+02 -3.060376e+03  7.274457e+03
      vertex -3.145310e+02 -3.247961e+03  7.250000e+03
      vertex -6.943444e+02 -3.298516e+03  7.433233e+03
    endloop
  endfacet
  facet normal -3.295117e-01 -5.788533e-01 -7.458894e-01
    outer loop
      vertex -2.778400e+02 -3.907286e+03  7.704526e+03
      vertex -7.016769e+02 -3.756114e+03  7.774446e+03
      vertex -2.769469e+02 -3.790970e+03  7.613863e+03
    endloop
  endfacet
  facet normal -3.302795e-01 -5.745803e-01 -7.488477e-01
    outer loop
      vertex -2.769469e+02 -3.790970e+03  7.613863e+03
      vertex -7.016769e+02 -3.756114e+03  7.774446e+03
      vertex -6.981439e+02 -3.530797e+03  7.600005e+03
    endloop
  endfacet
  facet normal -3.242347e-01 -5.653076e-01 -7.584849e-01
    outer loop
      vertex -2.769469e+02 -3.790970e+03  7.613863e+03
      vertex -6.981439e+02 -3.530797e+03  7.600005e+03
      vertex -2.759990e+02 -3.672586e+03  7.525225e+03
    endloop
  endfacet
  facet normal -3.210706e-01 -5.488722e-01 -7.717856e-01
    outer loop
      vertex -2.759990e+02 -3.672586e+03  7.525225e+03
      vertex -6.981439e+02 -3.530797e+03  7.600005e+03
      vertex -6.943444e+02 -3.298516e+03  7.433233e+03
    endloop
  endfacet
  facet normal -3.166179e-01 -5.450140e-01 -7.763458e-01
    outer loop
      vertex -2.759990e+02 -3.672586e+03  7.525225e+03
      vertex -6.943444e+02 -3.298516e+03  7.433233e+03
      vertex -2.738679e+02 -3.430199e+03  7.354195e+03
    endloop
  endfacet
  facet normal -3.370782e-01 -6.139729e-01 -7.137336e-01
    outer loop
      vertex -2.801608e+02 -4.206377e+03  7.955880e+03
      vertex -7.050875e+02 -3.973499e+03  7.956234e+03
      vertex -2.789890e+02 -4.058929e+03  7.828488e+03
    endloop
  endfacet
  facet normal -3.376913e-01 -6.006957e-01 -7.246580e-01
    outer loop
      vertex -2.789890e+02 -4.058929e+03  7.828488e+03
      vertex -7.050875e+02 -3.973499e+03  7.956234e+03
      vertex -7.016769e+02 -3.756114e+03  7.774446e+03
    endloop
  endfacet
  facet normal -3.329605e-01 -5.952756e-01 -7.312894e-01
    outer loop
      vertex -2.789890e+02 -4.058929e+03  7.828488e+03
      vertex -7.016769e+02 -3.756114e+03  7.774446e+03
      vertex -2.778400e+02 -3.907286e+03  7.704526e+03
    endloop
  endfacet
  facet normal -3.582020e-01 -6.480962e-01 -6.720586e-01
    outer loop
      vertex -1.137338e+03 -4.005559e+03  8.203291e+03
      vertex -7.086042e+02 -4.182144e+03  8.145067e+03
      vertex -1.143018e+03 -4.198357e+03  8.392242e+03
    endloop
  endfacet
  facet normal -3.604740e-01 -6.430113e-01 -6.757181e-01
    outer loop
      vertex -1.143018e+03 -4.198357e+03  8.392242e+03
      vertex -7.086042e+02 -4.182144e+03  8.145067e+03
      vertex -7.105003e+02 -4.282987e+03  8.242041e+03
    endloop
  endfacet
  facet normal -3.462542e-01 -6.468741e-01 -6.794571e-01
    outer loop
      vertex -7.086042e+02 -4.182144e+03  8.145067e+03
      vertex -2.814521e+02 -4.349390e+03  8.086615e+03
      vertex -7.105003e+02 -4.282987e+03  8.242041e+03
    endloop
  endfacet
  facet normal -3.451030e-01 -6.539219e-01 -6.732682e-01
    outer loop
      vertex -7.105003e+02 -4.282987e+03  8.242041e+03
      vertex -2.814521e+02 -4.349390e+03  8.086615e+03
      vertex -2.835328e+02 -4.530042e+03  8.263143e+03
    endloop
  endfacet
  facet normal -3.500178e-01 -6.773864e-01 -6.470201e-01
    outer loop
      vertex -2.863667e+02 -4.702416e+03  8.445140e+03
      vertex -7.156385e+02 -4.508881e+03  8.474744e+03
      vertex -2.835328e+02 -4.530042e+03  8.263143e+03
    endloop
  endfacet
  facet normal -3.510399e-01 -6.745868e-01 -6.493871e-01
    outer loop
      vertex -2.835328e+02 -4.530042e+03  8.263143e+03
      vertex -7.156385e+02 -4.508881e+03  8.474744e+03
      vertex -7.125538e+02 -4.381430e+03  8.340680e+03
    endloop
  endfacet
  facet normal -3.630605e-01 -6.711174e-01 -6.463656e-01
    outer loop
      vertex -7.156385e+02 -4.508881e+03  8.474744e+03
      vertex -1.149331e+03 -4.382630e+03  8.587262e+03
      vertex -7.125538e+02 -4.381430e+03  8.340680e+03
    endloop
  endfacet
  facet normal -3.629360e-01 -6.713958e-01 -6.461463e-01
    outer loop
      vertex -7.125538e+02 -4.381430e+03  8.340680e+03
      vertex -1.149331e+03 -4.382630e+03  8.587262e+03
      vertex -1.143018e+03 -4.198357e+03  8.392242e+03
    endloop
  endfacet
  facet normal -3.155955e-01 -5.098053e-01 -8.003111e-01
    outer loop
      vertex -7.643550e+02 -2.976081e+03  7.250000e+03
      vertex -6.902062e+02 -3.060376e+03  7.274457e+03
      vertex -1.109697e+03 -2.931973e+03  7.358085e+03
    endloop
  endfacet
  facet normal -3.176241e-01 -5.221866e-01 -7.914771e-01
    outer loop
      vertex -1.109697e+03 -2.931973e+03  7.358085e+03
      vertex -6.902062e+02 -3.060376e+03  7.274457e+03
      vertex -6.943444e+02 -3.298516e+03  7.433233e+03
    endloop
  endfacet
  facet normal -3.235388e-01 -5.276502e-01 -7.854348e-01
    outer loop
      vertex -1.109697e+03 -2.931973e+03  7.358085e+03
      vertex -6.943444e+02 -3.298516e+03  7.433233e+03
      vertex -1.115594e+03 -3.158834e+03  7.512918e+03
    endloop
  endfacet
  facet normal -3.272463e-01 -5.475711e-01 -7.701141e-01
    outer loop
      vertex -1.115594e+03 -3.158834e+03  7.512918e+03
      vertex -6.943444e+02 -3.298516e+03  7.433233e+03
      vertex -6.981439e+02 -3.530797e+03  7.600005e+03
    endloop
  endfacet
  facet normal -3.318864e-01 -5.516316e-01 -7.652150e-01
    outer loop
      vertex -1.115594e+03 -3.158834e+03  7.512918e+03
      vertex -6.981439e+02 -3.530797e+03  7.600005e+03
      vertex -1.121228e+03 -3.380488e+03  7.675149e+03
    endloop
  endfacet
  facet normal -3.363510e-01 -5.732065e-01 -7.471963e-01
    outer loop
      vertex -1.121228e+03 -3.380488e+03  7.675149e+03
      vertex -6.981439e+02 -3.530797e+03  7.600005e+03
      vertex -7.016769e+02 -3.756114e+03  7.774446e+03
    endloop
  endfacet
  facet normal -3.394936e-01 -5.758097e-01 -7.437656e-01
    outer loop
      vertex -1.121228e+03 -3.380488e+03  7.675149e+03
      vertex -7.016769e+02 -3.756114e+03  7.774446e+03
      vertex -1.126650e+03 -3.596015e+03  7.844480e+03
    endloop
  endfacet
  facet normal -3.447598e-01 -5.989842e-01 -7.227438e-01
    outer loop
      vertex -1.126650e+03 -3.596015e+03  7.844480e+03
      vertex -7.016769e+02 -3.756114e+03  7.774446e+03
      vertex -7.050875e+02 -3.973499e+03  7.956234e+03
    endloop
  endfacet
  facet normal -3.462107e-01 -6.001198e-01 -7.211064e-01
    outer loop
      vertex -1.126650e+03 -3.596015e+03  7.844480e+03
      vertex -7.050875e+02 -3.973499e+03  7.956234e+03
      vertex -1.131964e+03 -3.804600e+03  8.020621e+03
    endloop
  endfacet
  facet normal -3.522920e-01 -6.247391e-01 -6.968439e-01
    outer loop
      vertex -1.131964e+03 -3.804600e+03  8.020621e+03
      vertex -7.050875e+02 -3.973499e+03  7.956234e+03
      vertex -7.086042e+02 -4.182144e+03  8.145067e+03
    endloop
  endfacet
  facet normal -3.518892e-01 -6.244422e-01 -6.973135e-01
    outer loop
      vertex -1.131964e+03 -3.804600e+03  8.020621e+03
      vertex -7.086042e+02 -4.182144e+03  8.145067e+03
      vertex -1.137338e+03 -4.005559e+03  8.203291e+03
    endloop
  endfacet
  facet normal -3.737329e-01 -6.857605e-01 -6.245449e-01
    outer loop
      vertex -2.019531e+03 -4.106451e+03  8.803858e+03
      vertex -1.581636e+03 -4.188146e+03  8.631521e+03
      vertex -1.590173e+03 -4.359521e+03  8.824803e+03
    endloop
  endfacet
  facet normal -3.726358e-01 -6.861151e-01 -6.248108e-01
    outer loop
      vertex -1.590173e+03 -4.359521e+03  8.824803e+03
      vertex -1.581636e+03 -4.188146e+03  8.631521e+03
      vertex -1.149331e+03 -4.382630e+03  8.587262e+03
    endloop
  endfacet
  facet normal -3.725863e-01 -6.862364e-01 -6.247073e-01
    outer loop
      vertex -1.590173e+03 -4.359521e+03  8.824803e+03
      vertex -1.149331e+03 -4.382630e+03  8.587262e+03
      vertex -1.152854e+03 -4.471506e+03  8.686993e+03
    endloop
  endfacet
  facet normal -3.632797e-01 -6.891510e-01 -6.269758e-01
    outer loop
      vertex -1.152854e+03 -4.471506e+03  8.686993e+03
      vertex -1.149331e+03 -4.382630e+03  8.587262e+03
      vertex -7.156385e+02 -4.508881e+03  8.474744e+03
    endloop
  endfacet
  facet normal -3.636599e-01 -6.880621e-01 -6.279508e-01
    outer loop
      vertex -1.152854e+03 -4.471506e+03  8.686993e+03
      vertex -7.156385e+02 -4.508881e+03  8.474744e+03
      vertex -7.192676e+02 -4.631932e+03  8.611676e+03
    endloop
  endfacet
  facet normal -3.674716e-01 -7.262117e-01 -5.810174e-01
    outer loop
      vertex -1.169113e+03 -4.778862e+03  9.065100e+03
      vertex -1.162464e+03 -4.670426e+03  8.925360e+03
      vertex -7.301277e+02 -4.887204e+03  8.922874e+03
    endloop
  endfacet
  facet normal -3.615247e-01 -7.141402e-01 -5.994195e-01
    outer loop
      vertex -7.301277e+02 -4.887204e+03  8.922874e+03
      vertex -1.162464e+03 -4.670426e+03  8.925360e+03
      vertex -1.156703e+03 -4.558202e+03  8.788185e+03
    endloop
  endfacet
  facet normal -3.695818e-01 -7.197710e-01 -5.876556e-01
    outer loop
      vertex -7.301277e+02 -4.887204e+03  8.922874e+03
      vertex -1.156703e+03 -4.558202e+03  8.788185e+03
      vertex -7.236274e+02 -4.750575e+03  8.751440e+03
    endloop
  endfacet
  facet normal -3.633245e-01 -7.006351e-01 -6.140893e-01
    outer loop
      vertex -7.236274e+02 -4.750575e+03  8.751440e+03
      vertex -1.156703e+03 -4.558202e+03  8.788185e+03
      vertex -1.152854e+03 -4.471506e+03  8.686993e+03
    endloop
  endfacet
  facet normal -3.661440e-01 -7.037557e-01 -6.088240e-01
    outer loop
      vertex -7.236274e+02 -4.750575e+03  8.751440e+03
      vertex -1.152854e+03 -4.471506e+03  8.686993e+03
      vertex -7.192676e+02 -4.631932e+03  8.611676e+03
    endloop
  endfacet
  facet normal -3.666322e-01 -7.395864e-01 -5.644404e-01
    outer loop
      vertex -1.169113e+03 -4.778862e+03  9.065100e+03
      vertex -7.384180e+02 -5.017761e+03  9.098371e+03
      vertex -1.176861e+03 -4.883625e+03  9.207404e+03
    endloop
  endfacet
  facet normal -3.662804e-01 -7.538629e-01 -5.454625e-01
    outer loop
      vertex -1.176861e+03 -4.883625e+03  9.207404e+03
      vertex -7.384180e+02 -5.017761e+03  9.098371e+03
      vertex -7.489923e+02 -5.142581e+03  9.277980e+03
    endloop
  endfacet
  facet normal -3.637912e-01 -7.511987e-01 -5.507781e-01
    outer loop
      vertex -1.176861e+03 -4.883625e+03  9.207404e+03
      vertex -7.489923e+02 -5.142581e+03  9.277980e+03
      vertex -1.183524e+03 -4.959776e+03  9.315666e+03
    endloop
  endfacet
  facet normal -3.682088e-01 -7.668769e-01 -5.256636e-01
    outer loop
      vertex -1.183524e+03 -4.959776e+03  9.315666e+03
      vertex -7.489923e+02 -5.142581e+03  9.277980e+03
      vertex -7.624149e+02 -5.262139e+03  9.461803e+03
    endloop
  endfacet
  facet normal -3.592202e-01 -7.612346e-01 -5.398913e-01
    outer loop
      vertex -1.183524e+03 -4.959776e+03  9.315666e+03
      vertex -7.624149e+02 -5.262139e+03  9.461803e+03
      vertex -1.191042e+03 -5.034050e+03  9.425393e+03
    endloop
  endfacet
  facet normal -3.201397e-01 -5.068231e-01 -8.004006e-01
    outer loop
      vertex -1.183652e+03 -2.714565e+03  7.250000e+03
      vertex -1.109697e+03 -2.931973e+03  7.358085e+03
      vertex -1.529264e+03 -2.799220e+03  7.441841e+03
    endloop
  endfacet
  facet normal -3.237201e-01 -5.276120e-01 -7.853858e-01
    outer loop
      vertex -1.529264e+03 -2.799220e+03  7.441841e+03
      vertex -1.109697e+03 -2.931973e+03  7.358085e+03
      vertex -1.115594e+03 -3.158834e+03  7.512918e+03
    endloop
  endfacet
  facet normal -3.302032e-01 -5.337152e-01 -7.785332e-01
    outer loop
      vertex -1.529264e+03 -2.799220e+03  7.441841e+03
      vertex -1.115594e+03 -3.158834e+03  7.512918e+03
      vertex -1.536924e+03 -3.014478e+03  7.592657e+03
    endloop
  endfacet
  facet normal -3.336005e-01 -5.512457e-01 -7.647476e-01
    outer loop
      vertex -1.536924e+03 -3.014478e+03  7.592657e+03
      vertex -1.115594e+03 -3.158834e+03  7.512918e+03
      vertex -1.121228e+03 -3.380488e+03  7.675149e+03
    endloop
  endfacet
  facet normal -3.387429e-01 -5.558251e-01 -7.591521e-01
    outer loop
      vertex -1.536924e+03 -3.014478e+03  7.592657e+03
      vertex -1.121228e+03 -3.380488e+03  7.675149e+03
      vertex -1.544408e+03 -3.225200e+03  7.750280e+03
    endloop
  endfacet
  facet normal -3.428820e-01 -5.749969e-01 -7.428396e-01
    outer loop
      vertex -1.544408e+03 -3.225200e+03  7.750280e+03
      vertex -1.121228e+03 -3.380488e+03  7.675149e+03
      vertex -1.126650e+03 -3.596015e+03  7.844480e+03
    endloop
  endfacet
  facet normal -3.464491e-01 -5.780004e-01 -7.388427e-01
    outer loop
      vertex -1.544408e+03 -3.225200e+03  7.750280e+03
      vertex -1.126650e+03 -3.596015e+03  7.844480e+03
      vertex -1.551749e+03 -3.430649e+03  7.914446e+03
    endloop
  endfacet
  facet normal -3.513889e-01 -5.987989e-01 -7.196984e-01
    outer loop
      vertex -1.551749e+03 -3.430649e+03  7.914446e+03
      vertex -1.126650e+03 -3.596015e+03  7.844480e+03
      vertex -1.131964e+03 -3.804600e+03  8.020621e+03
    endloop
  endfacet
  facet normal -3.531713e-01 -6.002159e-01 -7.176425e-01
    outer loop
      vertex -1.551749e+03 -3.430649e+03  7.914446e+03
      vertex -1.131964e+03 -3.804600e+03  8.020621e+03
      vertex -1.559009e+03 -3.630172e+03  8.084895e+03
    endloop
  endfacet
  facet normal -3.589427e-01 -6.225340e-01 -6.954218e-01
    outer loop
      vertex -1.559009e+03 -3.630172e+03  8.084895e+03
      vertex -1.131964e+03 -3.804600e+03  8.020621e+03
      vertex -1.137338e+03 -4.005559e+03  8.203291e+03
    endloop
  endfacet
  facet normal -3.587758e-01 -6.224090e-01 -6.956200e-01
    outer loop
      vertex -1.559009e+03 -3.630172e+03  8.084895e+03
      vertex -1.137338e+03 -4.005559e+03  8.203291e+03
      vertex -1.566297e+03 -3.823209e+03  8.261374e+03
    endloop
  endfacet
  facet normal -3.653754e-01 -6.460389e-01 -6.701750e-01
    outer loop
      vertex -1.566297e+03 -3.823209e+03  8.261374e+03
      vertex -1.137338e+03 -4.005559e+03  8.203291e+03
      vertex -1.143018e+03 -4.198357e+03  8.392242e+03
    endloop
  endfacet
  facet normal -3.631549e-01 -6.444772e-01 -6.728802e-01
    outer loop
      vertex -1.566297e+03 -3.823209e+03  8.261374e+03
      vertex -1.143018e+03 -4.198357e+03  8.392242e+03
      vertex -1.573769e+03 -4.009310e+03  8.443652e+03
    endloop
  endfacet
  facet normal -3.705376e-01 -6.690937e-01 -6.442170e-01
    outer loop
      vertex -1.573769e+03 -4.009310e+03  8.443652e+03
      vertex -1.143018e+03 -4.198357e+03  8.392242e+03
      vertex -1.149331e+03 -4.382630e+03  8.587262e+03
    endloop
  endfacet
  facet normal -3.662444e-01 -6.662731e-01 -6.495731e-01
    outer loop
      vertex -1.573769e+03 -4.009310e+03  8.443652e+03
      vertex -1.149331e+03 -4.382630e+03  8.587262e+03
      vertex -1.581636e+03 -4.188146e+03  8.631521e+03
    endloop
  endfacet
  facet normal -3.753930e-01 -7.059174e-01 -6.006336e-01
    outer loop
      vertex -2.030384e+03 -4.280869e+03  9.007493e+03
      vertex -1.590173e+03 -4.359521e+03  8.824803e+03
      vertex -1.599724e+03 -4.523385e+03  9.023359e+03
    endloop
  endfacet
  facet normal -3.744591e-01 -7.062312e-01 -6.008476e-01
    outer loop
      vertex -1.599724e+03 -4.523385e+03  9.023359e+03
      vertex -1.590173e+03 -4.359521e+03  8.824803e+03
      vertex -1.156703e+03 -4.558202e+03  8.788185e+03
    endloop
  endfacet
  facet normal -3.727007e-01 -7.104923e-01 -5.969044e-01
    outer loop
      vertex -1.599724e+03 -4.523385e+03  9.023359e+03
      vertex -1.156703e+03 -4.558202e+03  8.788185e+03
      vertex -1.162464e+03 -4.670426e+03  8.925360e+03
    endloop
  endfacet
  facet normal -3.515480e-01 -5.913613e-01 -7.257451e-01
    outer loop
      vertex -2.816515e+03 -2.875210e+03  8.076144e+03
      vertex -2.392570e+03 -2.985516e+03  7.960667e+03
      vertex -2.399257e+03 -3.100403e+03  8.057520e+03
    endloop
  endfacet
  facet normal -3.500548e-01 -5.917735e-01 -7.261308e-01
    outer loop
      vertex -2.399257e+03 -3.100403e+03  8.057520e+03
      vertex -2.392570e+03 -2.985516e+03  7.960667e+03
      vertex -1.969768e+03 -3.128845e+03  7.873651e+03
    endloop
  endfacet
  facet normal -3.520820e-01 -5.829983e-01 -7.322235e-01
    outer loop
      vertex -2.399257e+03 -3.100403e+03  8.057520e+03
      vertex -1.969768e+03 -3.128845e+03  7.873651e+03
      vertex -1.974686e+03 -3.233765e+03  7.959553e+03
    endloop
  endfacet
  facet normal -3.453566e-01 -5.847744e-01 -7.340079e-01
    outer loop
      vertex -1.974686e+03 -3.233765e+03  7.959553e+03
      vertex -1.969768e+03 -3.128845e+03  7.873651e+03
      vertex -1.544408e+03 -3.225200e+03  7.750280e+03
    endloop
  endfacet
  facet normal -3.476856e-01 -5.776875e-01 -7.385066e-01
    outer loop
      vertex -1.974686e+03 -3.233765e+03  7.959553e+03
      vertex -1.544408e+03 -3.225200e+03  7.750280e+03
      vertex -1.551749e+03 -3.430649e+03  7.914446e+03
    endloop
  endfacet
  facet normal -3.453515e-01 -5.693009e-01 -7.460756e-01
    outer loop
      vertex -1.544408e+03 -3.225200e+03  7.750280e+03
      vertex -1.969768e+03 -3.128845e+03  7.873651e+03
      vertex -1.961853e+03 -2.958207e+03  7.739780e+03
    endloop
  endfacet
  facet normal -3.463934e-01 -5.690336e-01 -7.457964e-01
    outer loop
      vertex -1.961853e+03 -2.958207e+03  7.739780e+03
      vertex -1.969768e+03 -3.128845e+03  7.873651e+03
      vertex -2.392570e+03 -2.985516e+03  7.960667e+03
    endloop
  endfacet
  facet normal -3.417683e-01 -5.814533e-01 -7.383133e-01
    outer loop
      vertex -1.961853e+03 -2.958207e+03  7.739780e+03
      vertex -2.392570e+03 -2.985516e+03  7.960667e+03
      vertex -2.385871e+03 -2.869086e+03  7.865873e+03
    endloop
  endfacet
  facet normal -3.510862e-01 -5.789537e-01 -7.359016e-01
    outer loop
      vertex -2.385871e+03 -2.869086e+03  7.865873e+03
      vertex -2.392570e+03 -2.985516e+03  7.960667e+03
      vertex -2.816515e+03 -2.875210e+03  8.076144e+03
    endloop
  endfacet
  facet normal -3.484288e-01 -5.870949e-01 -7.306962e-01
    outer loop
      vertex -2.385871e+03 -2.869086e+03  7.865873e+03
      vertex -2.816515e+03 -2.875210e+03  8.076144e+03
      vertex -2.802453e+03 -2.669968e+03  7.904532e+03
    endloop
  endfacet
  facet normal -3.580269e-01 -6.107804e-01 -7.062323e-01
    outer loop
      vertex -1.979589e+03 -3.337259e+03  8.047129e+03
      vertex -1.989375e+03 -3.539686e+03  8.227158e+03
      vertex -2.406022e+03 -3.215100e+03  8.157662e+03
    endloop
  endfacet
  facet normal -3.608878e-01 -6.136128e-01 -7.023099e-01
    outer loop
      vertex -2.406022e+03 -3.215100e+03  8.157662e+03
      vertex -1.989375e+03 -3.539686e+03  8.227158e+03
      vertex -2.412782e+03 -3.328035e+03  8.259809e+03
    endloop
  endfacet
  facet normal -3.676167e-01 -6.298686e-01 -6.841954e-01
    outer loop
      vertex -1.989375e+03 -3.539686e+03  8.227158e+03
      vertex -2.426228e+03 -3.546940e+03  8.468557e+03
      vertex -2.412782e+03 -3.328035e+03  8.259809e+03
    endloop
  endfacet
  facet normal -3.652731e-01 -6.305824e-01 -6.847930e-01
    outer loop
      vertex -2.412782e+03 -3.328035e+03  8.259809e+03
      vertex -2.426228e+03 -3.546940e+03  8.468557e+03
      vertex -2.844614e+03 -3.271195e+03  8.437810e+03
    endloop
  endfacet
  facet normal -3.785255e-01 -6.798559e-01 -6.281037e-01
    outer loop
      vertex -2.454210e+03 -3.972290e+03  8.920602e+03
      vertex -2.447352e+03 -3.872345e+03  8.808289e+03
      vertex -2.019531e+03 -4.106451e+03  8.803858e+03
    endloop
  endfacet
  facet normal -3.734554e-01 -6.703421e-01 -6.412274e-01
    outer loop
      vertex -2.019531e+03 -4.106451e+03  8.803858e+03
      vertex -2.447352e+03 -3.872345e+03  8.808289e+03
      vertex -2.440549e+03 -3.770309e+03  8.697658e+03
    endloop
  endfacet
  facet normal -3.763815e-01 -6.726865e-01 -6.370477e-01
    outer loop
      vertex -2.019531e+03 -4.106451e+03  8.803858e+03
      vertex -2.440549e+03 -3.770309e+03  8.697658e+03
      vertex -2.009208e+03 -3.924638e+03  8.605775e+03
    endloop
  endfacet
  facet normal -3.746027e-01 -6.582021e-01 -6.530259e-01
    outer loop
      vertex -2.009208e+03 -3.924638e+03  8.605775e+03
      vertex -2.440549e+03 -3.770309e+03  8.697658e+03
      vertex -2.433373e+03 -3.659752e+03  8.582108e+03
    endloop
  endfacet
  facet normal -3.777006e-01 -6.571953e-01 -6.522551e-01
    outer loop
      vertex -2.433373e+03 -3.659752e+03  8.582108e+03
      vertex -2.440549e+03 -3.770309e+03  8.697658e+03
      vertex -2.872709e+03 -3.645481e+03  8.822136e+03
    endloop
  endfacet
  facet normal -3.768879e-01 -6.592545e-01 -6.506451e-01
    outer loop
      vertex -2.433373e+03 -3.659752e+03  8.582108e+03
      vertex -2.872709e+03 -3.645481e+03  8.822136e+03
      vertex -2.858658e+03 -3.461202e+03  8.627279e+03
    endloop
  endfacet
  facet normal -3.776331e-01 -6.689669e-01 -6.402160e-01
    outer loop
      vertex -2.440549e+03 -3.770309e+03  8.697658e+03
      vertex -2.447352e+03 -3.872345e+03  8.808289e+03
      vertex -2.872709e+03 -3.645481e+03  8.822136e+03
    endloop
  endfacet
  facet normal -3.823302e-01 -6.785687e-01 -6.271906e-01
    outer loop
      vertex -2.872709e+03 -3.645481e+03  8.822136e+03
      vertex -2.447352e+03 -3.872345e+03  8.808289e+03
      vertex -2.454210e+03 -3.972290e+03  8.920602e+03
    endloop
  endfacet
  facet normal -3.802775e-01 -6.768677e-01 -6.302691e-01
    outer loop
      vertex -2.872709e+03 -3.645481e+03  8.822136e+03
      vertex -2.454210e+03 -3.972290e+03  8.920602e+03
      vertex -2.886778e+03 -3.823783e+03  9.022108e+03
    endloop
  endfacet
  facet normal -2.040335e-01 -8.929833e-01 -4.011870e-01
    outer loop
      vertex  4.799947e+03 -7.226908e+03  9.587167e+03
      vertex  4.441255e+03 -7.173176e+03  9.649990e+03
      vertex  4.799948e+03 -7.212879e+03  9.555940e+03
    endloop
  endfacet
  facet normal -2.036132e-01 -8.948723e-01 -3.971715e-01
    outer loop
      vertex  4.799945e+03 -7.240821e+03  9.618517e+03
      vertex  4.441255e+03 -7.173176e+03  9.649990e+03
      vertex  4.799947e+03 -7.226908e+03  9.587167e+03
    endloop
  endfacet
  facet normal -2.413122e-01 -6.114036e-01 -7.536271e-01
    outer loop
      vertex  3.798060e+03 -5.228182e+03  7.341599e+03
      vertex  3.521411e+03 -5.006085e+03  7.250000e+03
      vertex  4.012342e+03 -5.199849e+03  7.250000e+03
    endloop
  endfacet
  facet normal -2.386297e-01 -5.956306e-01 -7.669941e-01
    outer loop
      vertex  3.298325e+03 -4.996819e+03  7.312211e+03
      vertex  3.031128e+03 -4.809662e+03  7.250000e+03
      vertex  3.521411e+03 -5.006085e+03  7.250000e+03
    endloop
  endfacet
  facet normal -2.404049e-01 -8.652649e-01 -4.399116e-01
    outer loop
      vertex  3.505471e+03 -6.936597e+03  9.649990e+03
      vertex  3.217150e+03 -6.856490e+03  9.649990e+03
      vertex  3.297993e+03 -6.761958e+03  9.419874e+03
    endloop
  endfacet
  facet normal -2.585628e-01 -8.561445e-01 -4.473944e-01
    outer loop
      vertex  2.929287e+03 -6.773038e+03  9.649990e+03
      vertex  2.646276e+03 -6.687566e+03  9.649990e+03
      vertex  2.798622e+03 -6.611572e+03  9.416521e+03
    endloop
  endfacet
  facet normal -2.244208e-01 -5.368630e-01 -8.132731e-01
    outer loop
      vertex  2.415081e+03 -4.558117e+03  7.250000e+03
      vertex  2.299425e+03 -4.514970e+03  7.253433e+03
      vertex  1.799997e+03 -4.300998e+03  7.250000e+03
    endloop
  endfacet
  facet normal -2.426274e-01 -5.890434e-01 -7.708176e-01
    outer loop
      vertex  2.415081e+03 -4.558117e+03  7.250000e+03
      vertex  2.798844e+03 -4.759140e+03  7.282822e+03
      vertex  2.299425e+03 -4.514970e+03  7.253433e+03
    endloop
  endfacet
  facet normal -2.764614e-01 -8.471255e-01 -4.538144e-01
    outer loop
      vertex  2.299307e+03 -6.450917e+03  9.413168e+03
      vertex  2.363708e+03 -6.598803e+03  9.649990e+03
      vertex  2.081598e+03 -6.506735e+03  9.649990e+03
    endloop
  endfacet
  facet normal -2.462636e-01 -6.374919e-01 -7.300400e-01
    outer loop
      vertex  4.799996e+03 -5.530501e+03  7.271772e+03
      vertex  4.405841e+03 -5.353306e+03  7.250000e+03
      vertex  4.799997e+03 -5.505568e+03  7.250000e+03
    endloop
  endfacet
  facet normal -2.035953e-01 -8.966715e-01 -3.931017e-01
    outer loop
      vertex  4.441255e+03 -7.173176e+03  9.649990e+03
      vertex  4.799945e+03 -7.240821e+03  9.618517e+03
      vertex  4.799944e+03 -7.254619e+03  9.649990e+03
    endloop
  endfacet
  facet normal -2.330188e-01 -6.340315e-01 -7.373644e-01
    outer loop
      vertex  4.298388e+03 -5.601922e+03  7.504853e+03
      vertex  3.798022e+03 -5.411155e+03  7.498943e+03
      vertex  3.798060e+03 -5.228182e+03  7.341599e+03
    endloop
  endfacet
  facet normal -2.366999e-01 -7.082820e-01 -6.650638e-01
    outer loop
      vertex  4.298297e+03 -6.056777e+03  7.970296e+03
      vertex  3.797907e+03 -5.926168e+03  8.009291e+03
      vertex  3.797945e+03 -5.760423e+03  7.832762e+03
    endloop
  endfacet
  facet normal -2.432979e-01 -7.070921e-01 -6.639480e-01
    outer loop
      vertex  3.797907e+03 -5.926168e+03  8.009291e+03
      vertex  3.298211e+03 -5.663832e+03  7.913018e+03
      vertex  3.797945e+03 -5.760423e+03  7.832762e+03
    endloop
  endfacet
  facet normal -2.419485e-01 -7.053725e-01 -6.662662e-01
    outer loop
      vertex  3.797907e+03 -5.926168e+03  8.009291e+03
      vertex  3.298186e+03 -5.801216e+03  8.058474e+03
      vertex  3.298211e+03 -5.663832e+03  7.913018e+03
    endloop
  endfacet
  facet normal -2.454070e-01 -7.306963e-01 -6.370700e-01
    outer loop
      vertex  3.298186e+03 -5.801216e+03  8.058474e+03
      vertex  3.797907e+03 -5.926168e+03  8.009291e+03
      vertex  3.797870e+03 -6.085667e+03  8.192245e+03
    endloop
  endfacet
  facet normal -2.404088e-01 -7.255541e-01 -6.448060e-01
    outer loop
      vertex  3.797870e+03 -6.085667e+03  8.192245e+03
      vertex  3.298161e+03 -5.934321e+03  8.208257e+03
      vertex  3.298186e+03 -5.801216e+03  8.058474e+03
    endloop
  endfacet
  facet normal -2.477206e-01 -7.534825e-01 -6.090143e-01
    outer loop
      vertex  3.298161e+03 -5.934321e+03  8.208257e+03
      vertex  3.797870e+03 -6.085667e+03  8.192245e+03
      vertex  3.797832e+03 -6.238715e+03  8.381614e+03
    endloop
  endfacet
  facet normal -2.380728e-01 -7.454087e-01 -6.226454e-01
    outer loop
      vertex  3.298137e+03 -6.063021e+03  8.362341e+03
      vertex  3.298161e+03 -5.934321e+03  8.208257e+03
      vertex  3.797832e+03 -6.238715e+03  8.381614e+03
    endloop
  endfacet
  facet normal -2.438264e-01 -7.596111e-01 -6.029425e-01
    outer loop
      vertex  3.298122e+03 -6.140748e+03  8.460271e+03
      vertex  3.298137e+03 -6.063021e+03  8.362341e+03
      vertex  3.797832e+03 -6.238715e+03  8.381614e+03
    endloop
  endfacet
  facet normal -2.435905e-01 -7.823187e-01 -5.732723e-01
    outer loop
      vertex  3.298092e+03 -6.291676e+03  8.662153e+03
      vertex  3.298107e+03 -6.216705e+03  8.559838e+03
      vertex  3.797795e+03 -6.385141e+03  8.577371e+03
    endloop
  endfacet
  facet normal -2.319383e-01 -8.722301e-01 -4.306034e-01
    outer loop
      vertex  3.794267e+03 -7.013392e+03  9.649990e+03
      vertex  3.505471e+03 -6.936597e+03  9.649990e+03
      vertex  3.797652e+03 -6.902342e+03  9.423224e+03
    endloop
  endfacet
  facet normal -2.497675e-01 -8.025004e-01 -5.418574e-01
    outer loop
      vertex  2.798659e+03 -6.342423e+03  8.967647e+03
      vertex  2.798673e+03 -6.233188e+03  8.805861e+03
      vertex  3.298049e+03 -6.504681e+03  8.977763e+03
    endloop
  endfacet
  facet normal -2.541205e-01 -8.146198e-01 -5.213609e-01
    outer loop
      vertex  2.798649e+03 -6.412742e+03  9.077524e+03
      vertex  2.798659e+03 -6.342423e+03  8.967647e+03
      vertex  3.298049e+03 -6.504681e+03  8.977763e+03
    endloop
  endfacet
  facet normal -2.498004e-01 -8.616673e-01 -4.417344e-01
    outer loop
      vertex  3.217150e+03 -6.856490e+03  9.649990e+03
      vertex  2.929287e+03 -6.773038e+03  9.649990e+03
      vertex  3.297993e+03 -6.761958e+03  9.419874e+03
    endloop
  endfacet
  facet normal -2.402367e-01 -5.850917e-01 -7.745669e-01
    outer loop
      vertex  2.415081e+03 -4.558117e+03  7.250000e+03
      vertex  2.722990e+03 -4.684543e+03  7.250000e+03
      vertex  2.798844e+03 -4.759140e+03  7.282822e+03
    endloop
  endfacet
  facet normal -2.673977e-01 -8.512299e-01 -4.515597e-01
    outer loop
      vertex  2.646276e+03 -6.687566e+03  9.649990e+03
      vertex  2.363708e+03 -6.598803e+03  9.649990e+03
      vertex  2.798622e+03 -6.611572e+03  9.416521e+03
    endloop
  endfacet
  facet normal -2.472046e-01 -6.579773e-01 -7.113056e-01
    outer loop
      vertex  4.298418e+03 -5.440922e+03  7.360024e+03
      vertex  4.799996e+03 -5.653561e+03  7.382404e+03
      vertex  4.799995e+03 -5.674384e+03  7.401667e+03
    endloop
  endfacet
  facet normal -2.421257e-01 -6.488587e-01 -7.213580e-01
    outer loop
      vertex  4.298418e+03 -5.440922e+03  7.360024e+03
      vertex  4.799995e+03 -5.674384e+03  7.401667e+03
      vertex  4.298388e+03 -5.601922e+03  7.504853e+03
    endloop
  endfacet
  facet normal -2.488773e-01 -6.477146e-01 -7.200874e-01
    outer loop
      vertex  4.298418e+03 -5.440922e+03  7.360024e+03
      vertex  4.298388e+03 -5.601922e+03  7.504853e+03
      vertex  3.798060e+03 -5.228182e+03  7.341599e+03
    endloop
  endfacet
  facet normal -2.368870e-01 -6.218005e-01 -7.464910e-01
    outer loop
      vertex  4.298418e+03 -5.440922e+03  7.360024e+03
      vertex  3.798060e+03 -5.228182e+03  7.341599e+03
      vertex  4.012342e+03 -5.199849e+03  7.250000e+03
    endloop
  endfacet
  facet normal -2.448087e-01 -6.277460e-01 -7.389207e-01
    outer loop
      vertex  4.298418e+03 -5.440922e+03  7.360024e+03
      vertex  4.012342e+03 -5.199849e+03  7.250000e+03
      vertex  4.405841e+03 -5.353306e+03  7.250000e+03
    endloop
  endfacet
  facet normal -2.423244e-01 -6.297153e-01 -7.380634e-01
    outer loop
      vertex  4.298418e+03 -5.440922e+03  7.360024e+03
      vertex  4.405841e+03 -5.353306e+03  7.250000e+03
      vertex  4.799996e+03 -5.530501e+03  7.271772e+03
    endloop
  endfacet
  facet normal -2.426161e-01 -6.415955e-01 -7.276624e-01
    outer loop
      vertex  4.298418e+03 -5.440922e+03  7.360024e+03
      vertex  4.799996e+03 -5.530501e+03  7.271772e+03
      vertex  4.799996e+03 -5.555329e+03  7.293663e+03
    endloop
  endfacet
  facet normal -2.429799e-01 -6.450220e-01 -7.245049e-01
    outer loop
      vertex  4.298418e+03 -5.440922e+03  7.360024e+03
      vertex  4.799996e+03 -5.555329e+03  7.293663e+03
      vertex  4.799996e+03 -5.580048e+03  7.315671e+03
    endloop
  endfacet
  facet normal -2.434705e-01 -6.475685e-01 -7.220645e-01
    outer loop
      vertex  4.298418e+03 -5.440922e+03  7.360024e+03
      vertex  4.799996e+03 -5.580048e+03  7.315671e+03
      vertex  4.799996e+03 -5.592368e+03  7.326719e+03
    endloop
  endfacet
  facet normal -2.438607e-01 -6.492156e-01 -7.204521e-01
    outer loop
      vertex  4.298418e+03 -5.440922e+03  7.360024e+03
      vertex  4.799996e+03 -5.592368e+03  7.326719e+03
      vertex  4.799996e+03 -5.604661e+03  7.337797e+03
    endloop
  endfacet
  facet normal -2.444135e-01 -6.511747e-01 -7.184939e-01
    outer loop
      vertex  4.298418e+03 -5.440922e+03  7.360024e+03
      vertex  4.799996e+03 -5.604661e+03  7.337797e+03
      vertex  4.799996e+03 -5.621009e+03  7.352613e+03
    endloop
  endfacet
  facet normal -2.451692e-01 -6.533723e-01 -7.162378e-01
    outer loop
      vertex  4.298418e+03 -5.440922e+03  7.360024e+03
      vertex  4.799996e+03 -5.621009e+03  7.352613e+03
      vertex  4.799996e+03 -5.637309e+03  7.367482e+03
    endloop
  endfacet
  facet normal -2.460434e-01 -6.555191e-01 -7.139729e-01
    outer loop
      vertex  4.298418e+03 -5.440922e+03  7.360024e+03
      vertex  4.799996e+03 -5.637309e+03  7.367482e+03
      vertex  4.799996e+03 -5.653561e+03  7.382404e+03
    endloop
  endfacet
  facet normal -2.415890e-01 -6.619118e-01 -7.095826e-01
    outer loop
      vertex  4.298388e+03 -5.601922e+03  7.504853e+03
      vertex  4.799995e+03 -5.674384e+03  7.401667e+03
      vertex  4.799995e+03 -5.695127e+03  7.421016e+03
    endloop
  endfacet
  facet normal -2.416710e-01 -6.648742e-01 -7.067796e-01
    outer loop
      vertex  4.298388e+03 -5.601922e+03  7.504853e+03
      vertex  4.799995e+03 -5.695127e+03  7.421016e+03
      vertex  4.799995e+03 -5.715790e+03  7.440454e+03
    endloop
  endfacet
  facet normal -2.419657e-01 -6.677844e-01 -7.039294e-01
    outer loop
      vertex  4.298388e+03 -5.601922e+03  7.504853e+03
      vertex  4.799995e+03 -5.715790e+03  7.440454e+03
      vertex  4.799995e+03 -5.736372e+03  7.459979e+03
    endloop
  endfacet
  facet normal -2.424771e-01 -6.706678e-01 -7.010062e-01
    outer loop
      vertex  4.298388e+03 -5.601922e+03  7.504853e+03
      vertex  4.799995e+03 -5.736372e+03  7.459979e+03
      vertex  4.799995e+03 -5.756872e+03  7.479591e+03
    endloop
  endfacet
  facet normal -2.432037e-01 -6.735056e-01 -6.980274e-01
    outer loop
      vertex  4.298388e+03 -5.601922e+03  7.504853e+03
      vertex  4.799995e+03 -5.756872e+03  7.479591e+03
      vertex  4.799995e+03 -5.777290e+03  7.499292e+03
    endloop
  endfacet
  facet normal -2.441432e-01 -6.762890e-01 -6.950017e-01
    outer loop
      vertex  4.298388e+03 -5.601922e+03  7.504853e+03
      vertex  4.799995e+03 -5.777290e+03  7.499292e+03
      vertex  4.799994e+03 -5.797625e+03  7.519081e+03
    endloop
  endfacet
  facet normal -2.453458e-01 -6.791381e-01 -6.917925e-01
    outer loop
      vertex  4.298388e+03 -5.601922e+03  7.504853e+03
      vertex  4.799994e+03 -5.797625e+03  7.519081e+03
      vertex  4.799994e+03 -5.819434e+03  7.540490e+03
    endloop
  endfacet
  facet normal -2.456529e-01 -6.931150e-01 -6.776771e-01
    outer loop
      vertex  4.298358e+03 -5.758345e+03  7.654815e+03
      vertex  4.298327e+03 -5.910016e+03  7.809953e+03
      vertex  3.797983e+03 -5.588665e+03  7.662652e+03
    endloop
  endfacet
  facet normal -2.346611e-01 -6.589955e-01 -7.146041e-01
    outer loop
      vertex  4.298358e+03 -5.758345e+03  7.654815e+03
      vertex  3.797983e+03 -5.588665e+03  7.662652e+03
      vertex  3.798022e+03 -5.411155e+03  7.498943e+03
    endloop
  endfacet
  facet normal -2.473744e-01 -6.705104e-01 -6.994439e-01
    outer loop
      vertex  4.298358e+03 -5.758345e+03  7.654815e+03
      vertex  3.798022e+03 -5.411155e+03  7.498943e+03
      vertex  4.298388e+03 -5.601922e+03  7.504853e+03
    endloop
  endfacet
  facet normal -2.414338e-01 -6.715472e-01 -7.005242e-01
    outer loop
      vertex  4.298358e+03 -5.758345e+03  7.654815e+03
      vertex  4.298388e+03 -5.601922e+03  7.504853e+03
      vertex  4.799994e+03 -5.819434e+03  7.540490e+03
    endloop
  endfacet
  facet normal -2.403520e-01 -6.831816e-01 -6.895605e-01
    outer loop
      vertex  4.298358e+03 -5.758345e+03  7.654815e+03
      vertex  4.799994e+03 -5.819434e+03  7.540490e+03
      vertex  4.799994e+03 -5.841146e+03  7.562002e+03
    endloop
  endfacet
  facet normal -2.402951e-01 -6.863575e-01 -6.864195e-01
    outer loop
      vertex  4.298358e+03 -5.758345e+03  7.654815e+03
      vertex  4.799994e+03 -5.841146e+03  7.562002e+03
      vertex  4.799994e+03 -5.862763e+03  7.583616e+03
    endloop
  endfacet
  facet normal -2.404903e-01 -6.894836e-01 -6.832107e-01
    outer loop
      vertex  4.298358e+03 -5.758345e+03  7.654815e+03
      vertex  4.799994e+03 -5.862763e+03  7.583616e+03
      vertex  4.799993e+03 -5.884282e+03  7.605333e+03
    endloop
  endfacet
  facet normal -2.409374e-01 -6.925468e-01 -6.799472e-01
    outer loop
      vertex  4.298358e+03 -5.758345e+03  7.654815e+03
      vertex  4.799993e+03 -5.884282e+03  7.605333e+03
      vertex  4.799993e+03 -5.905705e+03  7.627153e+03
    endloop
  endfacet
  facet normal -2.416407e-01 -6.955680e-01 -6.766056e-01
    outer loop
      vertex  4.298358e+03 -5.758345e+03  7.654815e+03
      vertex  4.799993e+03 -5.905705e+03  7.627153e+03
      vertex  4.799993e+03 -5.927030e+03  7.649076e+03
    endloop
  endfacet
  facet normal -2.425979e-01 -6.985305e-01 -6.732023e-01
    outer loop
      vertex  4.298358e+03 -5.758345e+03  7.654815e+03
      vertex  4.799993e+03 -5.927030e+03  7.649076e+03
      vertex  4.799993e+03 -5.948258e+03  7.671103e+03
    endloop
  endfacet
  facet normal -2.438066e-01 -7.014266e-01 -6.697454e-01
    outer loop
      vertex  4.298358e+03 -5.758345e+03  7.654815e+03
      vertex  4.799993e+03 -5.948258e+03  7.671103e+03
      vertex  4.799993e+03 -5.969388e+03  7.693232e+03
    endloop
  endfacet
  facet normal -2.400496e-01 -6.941186e-01 -6.786571e-01
    outer loop
      vertex  4.298327e+03 -5.910016e+03  7.809953e+03
      vertex  4.298358e+03 -5.758345e+03  7.654815e+03
      vertex  4.799993e+03 -5.969388e+03  7.693232e+03
    endloop
  endfacet
  facet normal -2.387549e-01 -7.054621e-01 -6.673226e-01
    outer loop
      vertex  4.298327e+03 -5.910016e+03  7.809953e+03
      vertex  4.799993e+03 -5.969388e+03  7.693232e+03
      vertex  4.799992e+03 -5.990418e+03  7.715465e+03
    endloop
  endfacet
  facet normal -2.386387e-01 -7.085804e-01 -6.640524e-01
    outer loop
      vertex  4.298327e+03 -5.910016e+03  7.809953e+03
      vertex  4.799992e+03 -5.990418e+03  7.715465e+03
      vertex  4.799992e+03 -6.011351e+03  7.737801e+03
    endloop
  endfacet
  facet normal -2.387787e-01 -7.116607e-01 -6.606994e-01
    outer loop
      vertex  4.298327e+03 -5.910016e+03  7.809953e+03
      vertex  4.799992e+03 -6.011351e+03  7.737801e+03
      vertex  4.799992e+03 -6.032185e+03  7.760242e+03
    endloop
  endfacet
  facet normal -2.391740e-01 -7.146649e-01 -6.573050e-01
    outer loop
      vertex  4.298327e+03 -5.910016e+03  7.809953e+03
      vertex  4.799992e+03 -6.032185e+03  7.760242e+03
      vertex  4.799991e+03 -6.052919e+03  7.782786e+03
    endloop
  endfacet
  facet normal -2.398304e-01 -7.176309e-01 -6.538250e-01
    outer loop
      vertex  4.298327e+03 -5.910016e+03  7.809953e+03
      vertex  4.799991e+03 -6.052919e+03  7.782786e+03
      vertex  4.799991e+03 -6.073553e+03  7.805434e+03
    endloop
  endfacet
  facet normal -2.407626e-01 -7.205901e-01 -6.502179e-01
    outer loop
      vertex  4.298327e+03 -5.910016e+03  7.809953e+03
      vertex  4.799991e+03 -6.073553e+03  7.805434e+03
      vertex  4.799991e+03 -6.094941e+03  7.829136e+03
    endloop
  endfacet
  facet normal -2.419928e-01 -7.235392e-01 -6.464754e-01
    outer loop
      vertex  4.298327e+03 -5.910016e+03  7.809953e+03
      vertex  4.799991e+03 -6.094941e+03  7.829136e+03
      vertex  4.799991e+03 -6.116220e+03  7.852952e+03
    endloop
  endfacet
  facet normal -2.382598e-01 -7.163923e-01 -6.557548e-01
    outer loop
      vertex  4.298327e+03 -5.910016e+03  7.809953e+03
      vertex  4.799991e+03 -6.116220e+03  7.852952e+03
      vertex  4.298297e+03 -6.056777e+03  7.970296e+03
    endloop
  endfacet
  facet normal -2.437211e-01 -7.153915e-01 -6.548398e-01
    outer loop
      vertex  4.298327e+03 -5.910016e+03  7.809953e+03
      vertex  4.298297e+03 -6.056777e+03  7.970296e+03
      vertex  3.797945e+03 -5.760423e+03  7.832762e+03
    endloop
  endfacet
  facet normal -2.359020e-01 -6.838021e-01 -6.904817e-01
    outer loop
      vertex  4.298327e+03 -5.910016e+03  7.809953e+03
      vertex  3.797945e+03 -5.760423e+03  7.832762e+03
      vertex  3.797983e+03 -5.588665e+03  7.662652e+03
    endloop
  endfacet
  facet normal -2.367909e-01 -7.276662e-01 -6.437638e-01
    outer loop
      vertex  4.298297e+03 -6.056777e+03  7.970296e+03
      vertex  4.799991e+03 -6.116220e+03  7.852952e+03
      vertex  4.799990e+03 -6.137390e+03  7.876881e+03
    endloop
  endfacet
  facet normal -2.366393e-01 -7.308535e-01 -6.401992e-01
    outer loop
      vertex  4.298297e+03 -6.056777e+03  7.970296e+03
      vertex  4.799990e+03 -6.137390e+03  7.876881e+03
      vertex  4.799990e+03 -6.158451e+03  7.900924e+03
    endloop
  endfacet
  facet normal -2.367699e-01 -7.339720e-01 -6.365729e-01
    outer loop
      vertex  4.298297e+03 -6.056777e+03  7.970296e+03
      vertex  4.799990e+03 -6.158451e+03  7.900924e+03
      vertex  4.799990e+03 -6.179401e+03  7.925081e+03
    endloop
  endfacet
  facet normal -2.371844e-01 -7.370325e-01 -6.328717e-01
    outer loop
      vertex  4.298297e+03 -6.056777e+03  7.970296e+03
      vertex  4.799990e+03 -6.179401e+03  7.925081e+03
      vertex  4.799989e+03 -6.200242e+03  7.949351e+03
    endloop
  endfacet
  facet normal -2.378806e-01 -7.400150e-01 -6.291190e-01
    outer loop
      vertex  4.298297e+03 -6.056777e+03  7.970296e+03
      vertex  4.799989e+03 -6.200242e+03  7.949351e+03
      vertex  4.799989e+03 -6.220972e+03  7.973735e+03
    endloop
  endfacet
  facet normal -2.388624e-01 -7.429347e-01 -6.252942e-01
    outer loop
      vertex  4.298297e+03 -6.056777e+03  7.970296e+03
      vertex  4.799989e+03 -6.220972e+03  7.973735e+03
      vertex  4.799988e+03 -6.241591e+03  7.998234e+03
    endloop
  endfacet
  facet normal -2.392925e-01 -7.584415e-01 -6.062222e-01
    outer loop
      vertex  4.298267e+03 -6.198487e+03  8.135873e+03
      vertex  4.298236e+03 -6.335020e+03  8.306701e+03
      vertex  3.797870e+03 -6.085667e+03  8.192245e+03
    endloop
  endfacet
  facet normal -2.370208e-01 -7.322683e-01 -6.384388e-01
    outer loop
      vertex  4.298267e+03 -6.198487e+03  8.135873e+03
      vertex  3.797870e+03 -6.085667e+03  8.192245e+03
      vertex  3.797907e+03 -5.926168e+03  8.009291e+03
    endloop
  endfacet
  facet normal -2.415960e-01 -7.372125e-01 -6.309906e-01
    outer loop
      vertex  4.298267e+03 -6.198487e+03  8.135873e+03
      vertex  3.797907e+03 -5.926168e+03  8.009291e+03
      vertex  4.298297e+03 -6.056777e+03  7.970296e+03
    endloop
  endfacet
  facet normal -2.367295e-01 -7.381237e-01 -6.317694e-01
    outer loop
      vertex  4.298267e+03 -6.198487e+03  8.135873e+03
      vertex  4.298297e+03 -6.056777e+03  7.970296e+03
      vertex  4.799988e+03 -6.241591e+03  7.998234e+03
    endloop
  endfacet
  facet normal -2.348583e-01 -7.467630e-01 -6.222432e-01
    outer loop
      vertex  4.298267e+03 -6.198487e+03  8.135873e+03
      vertex  4.799988e+03 -6.241591e+03  7.998234e+03
      vertex  4.799988e+03 -6.262099e+03  8.022846e+03
    endloop
  endfacet
  facet normal -2.344363e-01 -7.499223e-01 -6.185921e-01
    outer loop
      vertex  4.298267e+03 -6.198487e+03  8.135873e+03
      vertex  4.799988e+03 -6.262099e+03  8.022846e+03
      vertex  4.799988e+03 -6.282496e+03  8.047574e+03
    endloop
  endfacet
  facet normal -2.343009e-01 -7.529985e-01 -6.148955e-01
    outer loop
      vertex  4.298267e+03 -6.198487e+03  8.135873e+03
      vertex  4.799988e+03 -6.282496e+03  8.047574e+03
      vertex  4.799987e+03 -6.302781e+03  8.072415e+03
    endloop
  endfacet
  facet normal -2.344512e-01 -7.560171e-01 -6.111225e-01
    outer loop
      vertex  4.298267e+03 -6.198487e+03  8.135873e+03
      vertex  4.799987e+03 -6.302781e+03  8.072415e+03
      vertex  4.799987e+03 -6.322955e+03  8.097372e+03
    endloop
  endfacet
  facet normal -2.348874e-01 -7.589594e-01 -6.072962e-01
    outer loop
      vertex  4.298267e+03 -6.198487e+03  8.135873e+03
      vertex  4.799987e+03 -6.322955e+03  8.097372e+03
      vertex  4.799986e+03 -6.343016e+03  8.122443e+03
    endloop
  endfacet
  facet normal -2.356101e-01 -7.618290e-01 -6.034106e-01
    outer loop
      vertex  4.298267e+03 -6.198487e+03  8.135873e+03
      vertex  4.799986e+03 -6.343016e+03  8.122443e+03
      vertex  4.799986e+03 -6.362965e+03  8.147629e+03
    endloop
  endfacet
  facet normal -2.363703e-01 -7.639358e-01 -6.004425e-01
    outer loop
      vertex  4.298267e+03 -6.198487e+03  8.135873e+03
      vertex  4.799986e+03 -6.362965e+03  8.147629e+03
      vertex  4.799986e+03 -6.372897e+03  8.160266e+03
    endloop
  endfacet
  facet normal -2.344635e-01 -7.593617e-01 -6.069568e-01
    outer loop
      vertex  4.298236e+03 -6.335020e+03  8.306701e+03
      vertex  4.298267e+03 -6.198487e+03  8.135873e+03
      vertex  4.799986e+03 -6.372897e+03  8.160266e+03
    endloop
  endfacet
  facet normal -2.326793e-01 -7.661244e-01 -5.990940e-01
    outer loop
      vertex  4.298236e+03 -6.335020e+03  8.306701e+03
      vertex  4.799986e+03 -6.372897e+03  8.160266e+03
      vertex  4.799986e+03 -6.382801e+03  8.172931e+03
    endloop
  endfacet
  facet normal -2.323302e-01 -7.676868e-01 -5.972267e-01
    outer loop
      vertex  4.298236e+03 -6.335020e+03  8.306701e+03
      vertex  4.799986e+03 -6.382801e+03  8.172931e+03
      vertex  4.799985e+03 -6.392676e+03  8.185625e+03
    endloop
  endfacet
  facet normal -2.320568e-01 -7.692125e-01 -5.953670e-01
    outer loop
      vertex  4.298236e+03 -6.335020e+03  8.306701e+03
      vertex  4.799985e+03 -6.392676e+03  8.185625e+03
      vertex  4.799985e+03 -6.402524e+03  8.198349e+03
    endloop
  endfacet
  facet normal -2.318036e-01 -7.711009e-01 -5.930182e-01
    outer loop
      vertex  4.298236e+03 -6.335020e+03  8.306701e+03
      vertex  4.799985e+03 -6.402524e+03  8.198349e+03
      vertex  4.799985e+03 -6.417242e+03  8.217486e+03
    endloop
  endfacet
  facet normal -2.316601e-01 -7.733517e-01 -5.901363e-01
    outer loop
      vertex  4.298236e+03 -6.335020e+03  8.306701e+03
      vertex  4.799985e+03 -6.417242e+03  8.217486e+03
      vertex  4.799984e+03 -6.431896e+03  8.236690e+03
    endloop
  endfacet
  facet normal -2.316798e-01 -7.755417e-01 -5.872475e-01
    outer loop
      vertex  4.298236e+03 -6.335020e+03  8.306701e+03
      vertex  4.799984e+03 -6.431896e+03  8.236690e+03
      vertex  4.799984e+03 -6.446486e+03  8.255959e+03
    endloop
  endfacet
  facet normal -2.318622e-01 -7.776961e-01 -5.843189e-01
    outer loop
      vertex  4.298236e+03 -6.335020e+03  8.306701e+03
      vertex  4.799984e+03 -6.446486e+03  8.255959e+03
      vertex  4.799984e+03 -6.461013e+03  8.275293e+03
    endloop
  endfacet
  facet normal -2.322351e-01 -7.799787e-01 -5.811198e-01
    outer loop
      vertex  4.298236e+03 -6.335020e+03  8.306701e+03
      vertex  4.799984e+03 -6.461013e+03  8.275293e+03
      vertex  4.799983e+03 -6.477879e+03  8.297932e+03
    endloop
  endfacet
  facet normal -2.328563e-01 -7.823737e-01 -5.776410e-01
    outer loop
      vertex  4.298236e+03 -6.335020e+03  8.306701e+03
      vertex  4.799983e+03 -6.477879e+03  8.297932e+03
      vertex  4.799983e+03 -6.494659e+03  8.320658e+03
    endloop
  endfacet
  facet normal -2.337071e-01 -7.847367e-01 -5.740813e-01
    outer loop
      vertex  4.298236e+03 -6.335020e+03  8.306701e+03
      vertex  4.799983e+03 -6.494659e+03  8.320658e+03
      vertex  4.799982e+03 -6.511350e+03  8.343475e+03
    endloop
  endfacet
  facet normal -2.309788e-01 -7.788584e-01 -5.831196e-01
    outer loop
      vertex  4.298236e+03 -6.335020e+03  8.306701e+03
      vertex  4.799982e+03 -6.511350e+03  8.343475e+03
      vertex  4.298209e+03 -6.450155e+03  8.460495e+03
    endloop
  endfacet
  facet normal -2.368464e-01 -7.777278e-01 -5.822743e-01
    outer loop
      vertex  4.298236e+03 -6.335020e+03  8.306701e+03
      vertex  4.298209e+03 -6.450155e+03  8.460495e+03
      vertex  3.797832e+03 -6.238715e+03  8.381614e+03
    endloop
  endfacet
  facet normal -2.368455e-01 -7.555959e-01 -6.107200e-01
    outer loop
      vertex  4.298236e+03 -6.335020e+03  8.306701e+03
      vertex  3.797832e+03 -6.238715e+03  8.381614e+03
      vertex  3.797870e+03 -6.085667e+03  8.192245e+03
    endloop
  endfacet
  facet normal -2.293409e-01 -7.880589e-01 -5.712847e-01
    outer loop
      vertex  4.298209e+03 -6.450155e+03  8.460495e+03
      vertex  4.799982e+03 -6.511350e+03  8.343475e+03
      vertex  4.799982e+03 -6.527955e+03  8.366380e+03
    endloop
  endfacet
  facet normal -2.290921e-01 -7.906090e-01 -5.678505e-01
    outer loop
      vertex  4.298209e+03 -6.450155e+03  8.460495e+03
      vertex  4.799982e+03 -6.527955e+03  8.366380e+03
      vertex  4.799982e+03 -6.544471e+03  8.389375e+03
    endloop
  endfacet
  facet normal -2.290682e-01 -7.930656e-01 -5.644241e-01
    outer loop
      vertex  4.298209e+03 -6.450155e+03  8.460495e+03
      vertex  4.799982e+03 -6.544471e+03  8.389375e+03
      vertex  4.799981e+03 -6.560899e+03  8.412459e+03
    endloop
  endfacet
  facet normal -2.292670e-01 -7.954789e-01 -5.609366e-01
    outer loop
      vertex  4.298209e+03 -6.450155e+03  8.460495e+03
      vertex  4.799981e+03 -6.560899e+03  8.412459e+03
      vertex  4.799981e+03 -6.577240e+03  8.435632e+03
    endloop
  endfacet
  facet normal -2.296885e-01 -7.978332e-01 -5.574096e-01
    outer loop
      vertex  4.298209e+03 -6.450155e+03  8.460495e+03
      vertex  4.799981e+03 -6.577240e+03  8.435632e+03
      vertex  4.799980e+03 -6.593492e+03  8.458895e+03
    endloop
  endfacet
  facet normal -2.303618e-01 -8.002320e-01 -5.536806e-01
    outer loop
      vertex  4.298209e+03 -6.450155e+03  8.460495e+03
      vertex  4.799980e+03 -6.593492e+03  8.458895e+03
      vertex  4.799980e+03 -6.611106e+03  8.484353e+03
    endloop
  endfacet
  facet normal -2.316338e-01 -8.117960e-01 -5.360345e-01
    outer loop
      vertex  4.298183e+03 -6.561185e+03  8.618326e+03
      vertex  4.298156e+03 -6.668060e+03  8.780194e+03
      vertex  3.797759e+03 -6.524804e+03  8.779476e+03
    endloop
  endfacet
  facet normal -2.360275e-01 -7.994148e-01 -5.524735e-01
    outer loop
      vertex  4.298183e+03 -6.561185e+03  8.618326e+03
      vertex  3.797759e+03 -6.524804e+03  8.779476e+03
      vertex  3.797795e+03 -6.385141e+03  8.577371e+03
    endloop
  endfacet
  facet normal -2.339679e-01 -7.951770e-01 -5.594217e-01
    outer loop
      vertex  4.298183e+03 -6.561185e+03  8.618326e+03
      vertex  3.797795e+03 -6.385141e+03  8.577371e+03
      vertex  4.298209e+03 -6.450155e+03  8.460495e+03
    endloop
  endfacet
  facet normal -2.287587e-01 -7.961907e-01 -5.601338e-01
    outer loop
      vertex  4.298183e+03 -6.561185e+03  8.618326e+03
      vertex  4.298209e+03 -6.450155e+03  8.460495e+03
      vertex  4.799980e+03 -6.611106e+03  8.484353e+03
    endloop
  endfacet
  facet normal -2.268775e-01 -8.035112e-01 -5.503603e-01
    outer loop
      vertex  4.298183e+03 -6.561185e+03  8.618326e+03
      vertex  4.799980e+03 -6.611106e+03  8.484353e+03
      vertex  4.799979e+03 -6.628616e+03  8.509916e+03
    endloop
  endfacet
  facet normal -2.264258e-01 -8.062053e-01 -5.465935e-01
    outer loop
      vertex  4.298183e+03 -6.561185e+03  8.618326e+03
      vertex  4.799979e+03 -6.628616e+03  8.509916e+03
      vertex  4.799979e+03 -6.646020e+03  8.535587e+03
    endloop
  endfacet
  facet normal -2.262412e-01 -8.088205e-01 -5.427929e-01
    outer loop
      vertex  4.298183e+03 -6.561185e+03  8.618326e+03
      vertex  4.799979e+03 -6.646020e+03  8.535587e+03
      vertex  4.799978e+03 -6.663319e+03  8.561364e+03
    endloop
  endfacet
  facet normal -2.263227e-01 -8.113640e-01 -5.389494e-01
    outer loop
      vertex  4.298183e+03 -6.561185e+03  8.618326e+03
      vertex  4.799978e+03 -6.663319e+03  8.561364e+03
      vertex  4.799978e+03 -6.680513e+03  8.587249e+03
    endloop
  endfacet
  facet normal -2.266712e-01 -8.138461e-01 -5.350464e-01
    outer loop
      vertex  4.298183e+03 -6.561185e+03  8.618326e+03
      vertex  4.799978e+03 -6.680513e+03  8.587249e+03
      vertex  4.799977e+03 -6.697601e+03  8.613241e+03
    endloop
  endfacet
  facet normal -2.272793e-01 -8.162286e-01 -5.311450e-01
    outer loop
      vertex  4.298183e+03 -6.561185e+03  8.618326e+03
      vertex  4.799977e+03 -6.697601e+03  8.613241e+03
      vertex  4.799976e+03 -6.714583e+03  8.639340e+03
    endloop
  endfacet
  facet normal -2.260256e-01 -8.128965e-01 -5.367603e-01
    outer loop
      vertex  4.298156e+03 -6.668060e+03  8.780194e+03
      vertex  4.298183e+03 -6.561185e+03  8.618326e+03
      vertex  4.799976e+03 -6.714583e+03  8.639340e+03
    endloop
  endfacet
  facet normal -2.240753e-01 -8.193572e-01 -5.276781e-01
    outer loop
      vertex  4.298156e+03 -6.668060e+03  8.780194e+03
      vertex  4.799976e+03 -6.714583e+03  8.639340e+03
      vertex  4.799976e+03 -6.731460e+03  8.665546e+03
    endloop
  endfacet
  facet normal -2.235346e-01 -8.219339e-01 -5.238864e-01
    outer loop
      vertex  4.298156e+03 -6.668060e+03  8.780194e+03
      vertex  4.799976e+03 -6.731460e+03  8.665546e+03
      vertex  4.799975e+03 -6.748231e+03  8.691858e+03
    endloop
  endfacet
  facet normal -2.232592e-01 -8.244469e-01 -5.200410e-01
    outer loop
      vertex  4.298156e+03 -6.668060e+03  8.780194e+03
      vertex  4.799975e+03 -6.748231e+03  8.691858e+03
      vertex  4.799975e+03 -6.764897e+03  8.718279e+03
    endloop
  endfacet
  facet normal -2.232507e-01 -8.268964e-01 -5.161412e-01
    outer loop
      vertex  4.298156e+03 -6.668060e+03  8.780194e+03
      vertex  4.799975e+03 -6.764897e+03  8.718279e+03
      vertex  4.799974e+03 -6.781456e+03  8.744809e+03
    endloop
  endfacet
  facet normal -2.235083e-01 -8.292583e-01 -5.122253e-01
    outer loop
      vertex  4.298156e+03 -6.668060e+03  8.780194e+03
      vertex  4.799974e+03 -6.781456e+03  8.744809e+03
      vertex  4.799973e+03 -6.797909e+03  8.771445e+03
    endloop
  endfacet
  facet normal -2.240302e-01 -8.315409e-01 -5.082817e-01
    outer loop
      vertex  4.298156e+03 -6.668060e+03  8.780194e+03
      vertex  4.799973e+03 -6.797909e+03  8.771445e+03
      vertex  4.799972e+03 -6.814256e+03  8.798189e+03
    endloop
  endfacet
  facet normal -2.309941e-01 -8.410504e-01 -4.891585e-01
    outer loop
      vertex  4.298129e+03 -6.770743e+03  8.946102e+03
      vertex  4.298105e+03 -6.858477e+03  9.096961e+03
      vertex  3.797723e+03 -6.657599e+03  8.987870e+03
    endloop
  endfacet
  facet normal -2.292607e-01 -8.208510e-01 -5.231093e-01
    outer loop
      vertex  4.298129e+03 -6.770743e+03  8.946102e+03
      vertex  3.797723e+03 -6.657599e+03  8.987870e+03
      vertex  3.797759e+03 -6.524804e+03  8.779476e+03
    endloop
  endfacet
  facet normal -2.358255e-01 -8.263143e-01 -5.114596e-01
    outer loop
      vertex  4.298129e+03 -6.770743e+03  8.946102e+03
      vertex  3.797759e+03 -6.524804e+03  8.779476e+03
      vertex  4.298156e+03 -6.668060e+03  8.780194e+03
    endloop
  endfacet
  facet normal -2.230814e-01 -8.288699e-01 -5.130393e-01
    outer loop
      vertex  4.298129e+03 -6.770743e+03  8.946102e+03
      vertex  4.298156e+03 -6.668060e+03  8.780194e+03
      vertex  4.799972e+03 -6.814256e+03  8.798189e+03
    endloop
  endfacet
  facet normal -2.211171e-01 -8.344825e-01 -5.047238e-01
    outer loop
      vertex  4.298129e+03 -6.770743e+03  8.946102e+03
      vertex  4.799972e+03 -6.814256e+03  8.798189e+03
      vertex  4.799972e+03 -6.830498e+03  8.825042e+03
    endloop
  endfacet
  facet normal -2.204883e-01 -8.369501e-01 -5.008987e-01
    outer loop
      vertex  4.298129e+03 -6.770743e+03  8.946102e+03
      vertex  4.799972e+03 -6.830498e+03  8.825042e+03
      vertex  4.799971e+03 -6.846632e+03  8.852002e+03
    endloop
  endfacet
  facet normal -2.201245e-01 -8.393553e-01 -4.970189e-01
    outer loop
      vertex  4.298129e+03 -6.770743e+03  8.946102e+03
      vertex  4.799971e+03 -6.846632e+03  8.852002e+03
      vertex  4.799970e+03 -6.862661e+03  8.879071e+03
    endloop
  endfacet
  facet normal -2.200285e-01 -8.416865e-01 -4.931037e-01
    outer loop
      vertex  4.298129e+03 -6.770743e+03  8.946102e+03
      vertex  4.799970e+03 -6.862661e+03  8.879071e+03
      vertex  4.799969e+03 -6.878583e+03  8.906249e+03
    endloop
  endfacet
  facet normal -2.201990e-01 -8.439320e-01 -4.891740e-01
    outer loop
      vertex  4.298129e+03 -6.770743e+03  8.946102e+03
      vertex  4.799969e+03 -6.878583e+03  8.906249e+03
      vertex  4.799969e+03 -6.894399e+03  8.933535e+03
    endloop
  endfacet
  facet normal -2.206350e-01 -8.461043e-01 -4.852088e-01
    outer loop
      vertex  4.298129e+03 -6.770743e+03  8.946102e+03
      vertex  4.799969e+03 -6.894399e+03  8.933535e+03
      vertex  4.799968e+03 -6.910108e+03  8.960930e+03
    endloop
  endfacet
  facet normal -2.197031e-01 -8.433087e-01 -4.904701e-01
    outer loop
      vertex  4.298105e+03 -6.858477e+03  9.096961e+03
      vertex  4.298129e+03 -6.770743e+03  8.946102e+03
      vertex  4.799968e+03 -6.910108e+03  8.960930e+03
    endloop
  endfacet
  facet normal -2.178678e-01 -8.488896e-01 -4.815808e-01
    outer loop
      vertex  4.298105e+03 -6.858477e+03  9.096961e+03
      vertex  4.799968e+03 -6.910108e+03  8.960930e+03
      vertex  4.799967e+03 -6.925711e+03  8.988434e+03
    endloop
  endfacet
  facet normal -2.173395e-01 -8.512170e-01 -4.776959e-01
    outer loop
      vertex  4.298105e+03 -6.858477e+03  9.096961e+03
      vertex  4.799967e+03 -6.925711e+03  8.988434e+03
      vertex  4.799966e+03 -6.941208e+03  9.016047e+03
    endloop
  endfacet
  facet normal -2.170817e-01 -8.534494e-01 -4.738138e-01
    outer loop
      vertex  4.298105e+03 -6.858477e+03  9.096961e+03
      vertex  4.799966e+03 -6.941208e+03  9.016047e+03
      vertex  4.799965e+03 -6.956598e+03  9.043769e+03
    endloop
  endfacet
  facet normal -2.170877e-01 -8.551159e-01 -4.707969e-01
    outer loop
      vertex  4.298105e+03 -6.858477e+03  9.096961e+03
      vertex  4.799965e+03 -6.956598e+03  9.043769e+03
      vertex  4.799965e+03 -6.964616e+03  9.058333e+03
    endloop
  endfacet
  facet normal -2.171632e-01 -8.562116e-01 -4.687664e-01
    outer loop
      vertex  4.298105e+03 -6.858477e+03  9.096961e+03
      vertex  4.799965e+03 -6.964616e+03  9.058333e+03
      vertex  4.799964e+03 -6.972605e+03  9.072926e+03
    endloop
  endfacet
  facet normal -2.173160e-01 -8.573304e-01 -4.666460e-01
    outer loop
      vertex  4.298105e+03 -6.858477e+03  9.096961e+03
      vertex  4.799964e+03 -6.972605e+03  9.072926e+03
      vertex  4.799964e+03 -6.980566e+03  9.087552e+03
    endloop
  endfacet
  facet normal -2.175364e-01 -8.583955e-01 -4.645806e-01
    outer loop
      vertex  4.298105e+03 -6.858477e+03  9.096961e+03
      vertex  4.799964e+03 -6.980566e+03  9.087552e+03
      vertex  4.799964e+03 -6.988499e+03  9.102208e+03
    endloop
  endfacet
  facet normal -2.179797e-01 -8.599795e-01 -4.614328e-01
    outer loop
      vertex  4.298105e+03 -6.858477e+03  9.096961e+03
      vertex  4.799964e+03 -6.988499e+03  9.102208e+03
      vertex  4.799963e+03 -7.004273e+03  9.131608e+03
    endloop
  endfacet
  facet normal -2.163572e-01 -8.562214e-01 -4.691210e-01
    outer loop
      vertex  4.298105e+03 -6.858477e+03  9.096961e+03
      vertex  4.799963e+03 -7.004273e+03  9.131608e+03
      vertex  4.298081e+03 -6.942870e+03  9.251003e+03
    endloop
  endfacet
  facet normal -2.267343e-01 -8.541531e-01 -4.679894e-01
    outer loop
      vertex  4.298105e+03 -6.858477e+03  9.096961e+03
      vertex  4.298081e+03 -6.942870e+03  9.251003e+03
      vertex  3.797687e+03 -6.783456e+03  9.202482e+03
    endloop
  endfacet
  facet normal -2.296840e-01 -8.395324e-01 -4.923723e-01
    outer loop
      vertex  4.298105e+03 -6.858477e+03  9.096961e+03
      vertex  3.797687e+03 -6.783456e+03  9.202482e+03
      vertex  3.797723e+03 -6.657599e+03  8.987870e+03
    endloop
  endfacet
  facet normal -2.144515e-01 -8.628578e-01 -4.576974e-01
    outer loop
      vertex  4.298081e+03 -6.942870e+03  9.251003e+03
      vertex  4.799963e+03 -7.004273e+03  9.131608e+03
      vertex  4.799962e+03 -7.019932e+03  9.161128e+03
    endloop
  endfacet
  facet normal -2.140632e-01 -8.651214e-01 -4.535879e-01
    outer loop
      vertex  4.298081e+03 -6.942870e+03  9.251003e+03
      vertex  4.799962e+03 -7.019932e+03  9.161128e+03
      vertex  4.799961e+03 -7.035473e+03  9.190770e+03
    endloop
  endfacet
  facet normal -2.139699e-01 -8.672772e-01 -4.494965e-01
    outer loop
      vertex  4.298081e+03 -6.942870e+03  9.251003e+03
      vertex  4.799961e+03 -7.035473e+03  9.190770e+03
      vertex  4.799960e+03 -7.050897e+03  9.220531e+03
    endloop
  endfacet
  facet normal -2.141673e-01 -8.693621e-01 -4.453562e-01
    outer loop
      vertex  4.298081e+03 -6.942870e+03  9.251003e+03
      vertex  4.799960e+03 -7.050897e+03  9.220531e+03
      vertex  4.799959e+03 -7.066206e+03  9.250414e+03
    endloop
  endfacet
  facet normal -2.146569e-01 -8.713744e-01 -4.411677e-01
    outer loop
      vertex  4.298081e+03 -6.942870e+03  9.251003e+03
      vertex  4.799959e+03 -7.066206e+03  9.250414e+03
      vertex  4.799958e+03 -7.081396e+03  9.280419e+03
    endloop
  endfacet
  facet normal -2.134388e-01 -8.683450e-01 -4.476839e-01
    outer loop
      vertex  4.298081e+03 -6.942870e+03  9.251003e+03
      vertex  4.799958e+03 -7.081396e+03  9.280419e+03
      vertex  4.298057e+03 -7.023919e+03  9.408222e+03
    endloop
  endfacet
  facet normal -2.238568e-01 -8.662695e-01 -4.466155e-01
    outer loop
      vertex  4.298081e+03 -6.942870e+03  9.251003e+03
      vertex  4.298057e+03 -7.023919e+03  9.408222e+03
      vertex  3.797652e+03 -6.902342e+03  9.423224e+03
    endloop
  endfacet
  facet normal -2.283044e-01 -8.571618e-01 -4.616825e-01
    outer loop
      vertex  4.298081e+03 -6.942870e+03  9.251003e+03
      vertex  3.797652e+03 -6.902342e+03  9.423224e+03
      vertex  3.797687e+03 -6.783456e+03  9.202482e+03
    endloop
  endfacet
  facet normal -2.114711e-01 -8.740546e-01 -4.373884e-01
    outer loop
      vertex  4.298057e+03 -7.023919e+03  9.408222e+03
      vertex  4.799958e+03 -7.081396e+03  9.280419e+03
      vertex  4.799957e+03 -7.096471e+03  9.310544e+03
    endloop
  endfacet
  facet normal -2.109877e-01 -8.761994e-01 -4.333115e-01
    outer loop
      vertex  4.298057e+03 -7.023919e+03  9.408222e+03
      vertex  4.799957e+03 -7.096471e+03  9.310544e+03
      vertex  4.799956e+03 -7.111429e+03  9.340791e+03
    endloop
  endfacet
  facet normal -2.107964e-01 -8.782601e-01 -4.292133e-01
    outer loop
      vertex  4.298057e+03 -7.023919e+03  9.408222e+03
      vertex  4.799956e+03 -7.111429e+03  9.340791e+03
      vertex  4.799955e+03 -7.126271e+03  9.371160e+03
    endloop
  endfacet
  facet normal -2.108954e-01 -8.802356e-01 -4.250983e-01
    outer loop
      vertex  4.298057e+03 -7.023919e+03  9.408222e+03
      vertex  4.799955e+03 -7.126271e+03  9.371160e+03
      vertex  4.799954e+03 -7.140996e+03  9.401651e+03
    endloop
  endfacet
  facet normal -2.112815e-01 -8.821223e-01 -4.209755e-01
    outer loop
      vertex  4.298057e+03 -7.023919e+03  9.408222e+03
      vertex  4.799954e+03 -7.140996e+03  9.401651e+03
      vertex  4.799953e+03 -7.155604e+03  9.432264e+03
    endloop
  endfacet
  facet normal -2.099549e-01 -8.785405e-01 -4.290517e-01
    outer loop
      vertex  4.298057e+03 -7.023919e+03  9.408222e+03
      vertex  4.799953e+03 -7.155604e+03  9.432264e+03
      vertex  4.298040e+03 -7.082517e+03  9.528217e+03
    endloop
  endfacet
  facet normal -2.255082e-01 -8.754218e-01 -4.275310e-01
    outer loop
      vertex  4.298057e+03 -7.023919e+03  9.408222e+03
      vertex  4.298040e+03 -7.082517e+03  9.528217e+03
      vertex  3.797652e+03 -6.902342e+03  9.423224e+03
    endloop
  endfacet
  facet normal -2.085566e-01 -8.845966e-01 -4.171248e-01
    outer loop
      vertex  4.298040e+03 -7.082517e+03  9.528217e+03
      vertex  4.799953e+03 -7.155604e+03  9.432264e+03
      vertex  4.799951e+03 -7.170097e+03  9.462999e+03
    endloop
  endfacet
  facet normal -2.083677e-01 -8.865558e-01 -4.130397e-01
    outer loop
      vertex  4.298040e+03 -7.082517e+03  9.528217e+03
      vertex  4.799951e+03 -7.170097e+03  9.462999e+03
      vertex  4.799950e+03 -7.184474e+03  9.493857e+03
    endloop
  endfacet
  facet normal -2.084672e-01 -8.884171e-01 -4.089702e-01
    outer loop
      vertex  4.298040e+03 -7.082517e+03  9.528217e+03
      vertex  4.799950e+03 -7.184474e+03  9.493857e+03
      vertex  4.799949e+03 -7.198734e+03  9.524837e+03
    endloop
  endfacet
  facet normal -2.088557e-01 -8.902152e-01 -4.048411e-01
    outer loop
      vertex  4.298040e+03 -7.082517e+03  9.528217e+03
      vertex  4.799949e+03 -7.198734e+03  9.524837e+03
      vertex  4.799948e+03 -7.212879e+03  9.555940e+03
    endloop
  endfacet
  facet normal -2.070451e-01 -8.855746e-01 -4.158004e-01
    outer loop
      vertex  4.298040e+03 -7.082517e+03  9.528217e+03
      vertex  4.799948e+03 -7.212879e+03  9.555940e+03
      vertex  4.441255e+03 -7.173176e+03  9.649990e+03
    endloop
  endfacet
  facet normal -2.139534e-01 -8.871633e-01 -4.088584e-01
    outer loop
      vertex  4.298040e+03 -7.082517e+03  9.528217e+03
      vertex  4.441255e+03 -7.173176e+03  9.649990e+03
      vertex  4.083573e+03 -7.086916e+03  9.649990e+03
    endloop
  endfacet
  facet normal -2.230173e-01 -8.775448e-01 -4.244742e-01
    outer loop
      vertex  4.298040e+03 -7.082517e+03  9.528217e+03
      vertex  4.083573e+03 -7.086916e+03  9.649990e+03
      vertex  3.794267e+03 -7.013392e+03  9.649990e+03
    endloop
  endfacet
  facet normal -2.241710e-01 -8.739101e-01 -4.313102e-01
    outer loop
      vertex  4.298040e+03 -7.082517e+03  9.528217e+03
      vertex  3.794267e+03 -7.013392e+03  9.649990e+03
      vertex  3.797652e+03 -6.902342e+03  9.423224e+03
    endloop
  endfacet
  facet normal -2.338156e-01 -6.071156e-01 -7.594345e-01
    outer loop
      vertex  2.798822e+03 -4.961694e+03  7.441863e+03
      vertex  2.798833e+03 -4.861104e+03  7.361445e+03
      vertex  3.298293e+03 -5.189611e+03  7.470290e+03
    endloop
  endfacet
  facet normal -2.232583e-01 -5.952064e-01 -7.719358e-01
    outer loop
      vertex  3.298293e+03 -5.189611e+03  7.470290e+03
      vertex  2.798833e+03 -4.861104e+03  7.361445e+03
      vertex  2.798844e+03 -4.759140e+03  7.282822e+03
    endloop
  endfacet
  facet normal -2.481864e-01 -6.141908e-01 -7.491150e-01
    outer loop
      vertex  3.298293e+03 -5.189611e+03  7.470290e+03
      vertex  2.798844e+03 -4.759140e+03  7.282822e+03
      vertex  3.298325e+03 -4.996819e+03  7.312211e+03
    endloop
  endfacet
  facet normal -2.286133e-01 -5.773515e-01 -7.838375e-01
    outer loop
      vertex  3.298325e+03 -4.996819e+03  7.312211e+03
      vertex  2.798844e+03 -4.759140e+03  7.282822e+03
      vertex  2.722990e+03 -4.684543e+03  7.250000e+03
    endloop
  endfacet
  facet normal -2.442458e-01 -6.015234e-01 -7.606009e-01
    outer loop
      vertex  3.298325e+03 -4.996819e+03  7.312211e+03
      vertex  2.722990e+03 -4.684543e+03  7.250000e+03
      vertex  3.031128e+03 -4.809662e+03  7.250000e+03
    endloop
  endfacet
  facet normal -2.390401e-01 -5.929158e-01 -7.689673e-01
    outer loop
      vertex  2.798833e+03 -4.861104e+03  7.361445e+03
      vertex  2.299418e+03 -4.656527e+03  7.358953e+03
      vertex  2.798844e+03 -4.759140e+03  7.282822e+03
    endloop
  endfacet
  facet normal -2.379718e-01 -5.804735e-01 -7.787297e-01
    outer loop
      vertex  2.798844e+03 -4.759140e+03  7.282822e+03
      vertex  2.299418e+03 -4.656527e+03  7.358953e+03
      vertex  2.299425e+03 -4.514970e+03  7.253433e+03
    endloop
  endfacet
  facet normal -2.392606e-01 -5.802842e-01 -7.784759e-01
    outer loop
      vertex  2.299418e+03 -4.656527e+03  7.358953e+03
      vertex  1.799996e+03 -4.431427e+03  7.344655e+03
      vertex  2.299425e+03 -4.514970e+03  7.253433e+03
    endloop
  endfacet
  facet normal -2.389503e-01 -5.703366e-01 -7.858874e-01
    outer loop
      vertex  2.299425e+03 -4.514970e+03  7.253433e+03
      vertex  1.799996e+03 -4.431427e+03  7.344655e+03
      vertex  1.799997e+03 -4.300998e+03  7.250000e+03
    endloop
  endfacet
  facet normal -2.410105e-01 -6.060172e-01 -7.580615e-01
    outer loop
      vertex  2.798822e+03 -4.961694e+03  7.441863e+03
      vertex  2.299411e+03 -4.795571e+03  7.467837e+03
      vertex  2.798833e+03 -4.861104e+03  7.361445e+03
    endloop
  endfacet
  facet normal -2.412796e-01 -5.983231e-01 -7.640638e-01
    outer loop
      vertex  2.798833e+03 -4.861104e+03  7.361445e+03
      vertex  2.299411e+03 -4.795571e+03  7.467837e+03
      vertex  2.299418e+03 -4.656527e+03  7.358953e+03
    endloop
  endfacet
  facet normal -2.429629e-01 -5.980641e-01 -7.637331e-01
    outer loop
      vertex  2.299411e+03 -4.795571e+03  7.467837e+03
      vertex  1.799995e+03 -4.559823e+03  7.442104e+03
      vertex  2.299418e+03 -4.656527e+03  7.358953e+03
    endloop
  endfacet
  facet normal -2.422493e-01 -5.865567e-01 -7.728303e-01
    outer loop
      vertex  2.299418e+03 -4.656527e+03  7.358953e+03
      vertex  1.799995e+03 -4.559823e+03  7.442104e+03
      vertex  1.799996e+03 -4.431427e+03  7.344655e+03
    endloop
  endfacet
  facet normal -2.351961e-01 -6.487921e-01 -7.237068e-01
    outer loop
      vertex  3.797983e+03 -5.588665e+03  7.662652e+03
      vertex  3.298261e+03 -5.376815e+03  7.635136e+03
      vertex  3.298277e+03 -5.283935e+03  7.551865e+03
    endloop
  endfacet
  facet normal -2.438591e-01 -6.473646e-01 -7.221162e-01
    outer loop
      vertex  3.298277e+03 -5.283935e+03  7.551865e+03
      vertex  3.298261e+03 -5.376815e+03  7.635136e+03
      vertex  2.798801e+03 -5.157972e+03  7.607615e+03
    endloop
  endfacet
  facet normal -2.416831e-01 -6.327269e-01 -7.356941e-01
    outer loop
      vertex  3.298277e+03 -5.283935e+03  7.551865e+03
      vertex  2.798801e+03 -5.157972e+03  7.607615e+03
      vertex  2.798811e+03 -5.060572e+03  7.523844e+03
    endloop
  endfacet
  facet normal -2.455768e-01 -6.320889e-01 -7.349528e-01
    outer loop
      vertex  2.798811e+03 -5.060572e+03  7.523844e+03
      vertex  2.798801e+03 -5.157972e+03  7.607615e+03
      vertex  2.299404e+03 -4.931945e+03  7.580091e+03
    endloop
  endfacet
  facet normal -2.431216e-01 -6.164474e-01 -7.489222e-01
    outer loop
      vertex  2.798811e+03 -5.060572e+03  7.523844e+03
      vertex  2.299404e+03 -4.931945e+03  7.580091e+03
      vertex  2.299411e+03 -4.795571e+03  7.467837e+03
    endloop
  endfacet
  facet normal -2.466785e-01 -6.158764e-01 -7.482286e-01
    outer loop
      vertex  2.299411e+03 -4.795571e+03  7.467837e+03
      vertex  2.299404e+03 -4.931945e+03  7.580091e+03
      vertex  1.799995e+03 -4.686061e+03  7.542348e+03
    endloop
  endfacet
  facet normal -2.454521e-01 -6.028392e-01 -7.591693e-01
    outer loop
      vertex  2.299411e+03 -4.795571e+03  7.467837e+03
      vertex  1.799995e+03 -4.686061e+03  7.542348e+03
      vertex  1.799995e+03 -4.559823e+03  7.442104e+03
    endloop
  endfacet
  facet normal -2.506987e-01 -6.355732e-01 -7.302034e-01
    outer loop
      vertex  1.799993e+03 -4.931590e+03  7.751196e+03
      vertex  1.799994e+03 -4.810021e+03  7.645381e+03
      vertex  2.299395e+03 -5.091862e+03  7.719239e+03
    endloop
  endfacet
  facet normal -2.398001e-01 -6.205574e-01 -7.465953e-01
    outer loop
      vertex  2.299395e+03 -5.091862e+03  7.719239e+03
      vertex  1.799994e+03 -4.810021e+03  7.645381e+03
      vertex  1.799995e+03 -4.686061e+03  7.542348e+03
    endloop
  endfacet
  facet normal -2.572146e-01 -6.343272e-01 -7.290196e-01
    outer loop
      vertex  2.299395e+03 -5.091862e+03  7.719239e+03
      vertex  1.799995e+03 -4.686061e+03  7.542348e+03
      vertex  2.299404e+03 -4.931945e+03  7.580091e+03
    endloop
  endfacet
  facet normal -2.627446e-01 -6.993012e-01 -6.647880e-01
    outer loop
      vertex  1.799988e+03 -5.391892e+03  8.201919e+03
      vertex  1.799990e+03 -5.280902e+03  8.085167e+03
      vertex  2.299369e+03 -5.544935e+03  8.165537e+03
    endloop
  endfacet
  facet normal -2.522381e-01 -6.850926e-01 -6.833916e-01
    outer loop
      vertex  2.299369e+03 -5.544935e+03  8.165537e+03
      vertex  1.799990e+03 -5.280902e+03  8.085167e+03
      vertex  1.799991e+03 -5.167129e+03  7.971110e+03
    endloop
  endfacet
  facet normal -2.686934e-01 -6.971878e-01 -6.646300e-01
    outer loop
      vertex  2.299369e+03 -5.544935e+03  8.165537e+03
      vertex  1.799991e+03 -5.167129e+03  7.971110e+03
      vertex  2.299378e+03 -5.398570e+03  8.011999e+03
    endloop
  endfacet
  facet normal -2.525833e-01 -6.685755e-01 -6.994343e-01
    outer loop
      vertex  2.299378e+03 -5.398570e+03  8.011999e+03
      vertex  1.799991e+03 -5.167129e+03  7.971110e+03
      vertex  1.799992e+03 -5.050660e+03  7.859779e+03
    endloop
  endfacet
  facet normal -2.621171e-01 -6.770959e-01 -6.876306e-01
    outer loop
      vertex  2.299378e+03 -5.398570e+03  8.011999e+03
      vertex  1.799992e+03 -5.050660e+03  7.859779e+03
      vertex  2.299386e+03 -5.247478e+03  7.863218e+03
    endloop
  endfacet
  facet normal -2.520619e-01 -6.520613e-01 -7.150391e-01
    outer loop
      vertex  2.299386e+03 -5.247478e+03  7.863218e+03
      vertex  1.799992e+03 -5.050660e+03  7.859779e+03
      vertex  1.799993e+03 -4.931590e+03  7.751196e+03
    endloop
  endfacet
  facet normal -2.560849e-01 -6.564749e-01 -7.095501e-01
    outer loop
      vertex  2.299386e+03 -5.247478e+03  7.863218e+03
      vertex  1.799993e+03 -4.931590e+03  7.751196e+03
      vertex  2.299395e+03 -5.091862e+03  7.719239e+03
    endloop
  endfacet
  facet normal -2.732485e-01 -7.586313e-01 -5.914506e-01
    outer loop
      vertex  1.799981e+03 -5.806500e+03  8.695115e+03
      vertex  1.799983e+03 -5.707383e+03  8.567980e+03
      vertex  2.299345e+03 -5.937824e+03  8.632855e+03
    endloop
  endfacet
  facet normal -2.646764e-01 -7.456909e-01 -6.114666e-01
    outer loop
      vertex  2.299345e+03 -5.937824e+03  8.632855e+03
      vertex  1.799983e+03 -5.707383e+03  8.567980e+03
      vertex  1.799985e+03 -5.605202e+03  8.443369e+03
    endloop
  endfacet
  facet normal -2.768350e-01 -7.545556e-01 -5.949860e-01
    outer loop
      vertex  2.299345e+03 -5.937824e+03  8.632855e+03
      vertex  1.799985e+03 -5.605202e+03  8.443369e+03
      vertex  2.299353e+03 -5.814395e+03  8.476319e+03
    endloop
  endfacet
  facet normal -2.644671e-01 -7.304899e-01 -6.296361e-01
    outer loop
      vertex  2.299353e+03 -5.814395e+03  8.476319e+03
      vertex  1.799985e+03 -5.605202e+03  8.443369e+03
      vertex  1.799987e+03 -5.500016e+03  8.321334e+03
    endloop
  endfacet
  facet normal -2.720837e-01 -7.371269e-01 -6.185583e-01
    outer loop
      vertex  2.299353e+03 -5.814395e+03  8.476319e+03
      vertex  1.799987e+03 -5.500016e+03  8.321334e+03
      vertex  2.299361e+03 -5.686388e+03  8.323772e+03
    endloop
  endfacet
  facet normal -2.637003e-01 -7.150419e-01 -6.474389e-01
    outer loop
      vertex  2.299361e+03 -5.686388e+03  8.323772e+03
      vertex  1.799987e+03 -5.500016e+03  8.321334e+03
      vertex  1.799988e+03 -5.391892e+03  8.201919e+03
    endloop
  endfacet
  facet normal -2.669788e-01 -7.184676e-01 -6.422823e-01
    outer loop
      vertex  2.299361e+03 -5.686388e+03  8.323772e+03
      vertex  1.799988e+03 -5.391892e+03  8.201919e+03
      vertex  2.299369e+03 -5.544935e+03  8.165537e+03
    endloop
  endfacet
  facet normal -2.805652e-01 -8.019975e-01 -5.273360e-01
    outer loop
      vertex  2.299323e+03 -6.243047e+03  9.067751e+03
      vertex  1.799977e+03 -5.995350e+03  8.956715e+03
      vertex  2.299329e+03 -6.170576e+03  8.957531e+03
    endloop
  endfacet
  facet normal -2.750431e-01 -7.863812e-01 -5.531328e-01
    outer loop
      vertex  2.299329e+03 -6.170576e+03  8.957531e+03
      vertex  1.799977e+03 -5.995350e+03  8.956715e+03
      vertex  1.799979e+03 -5.902503e+03  8.824715e+03
    endloop
  endfacet
  facet normal -2.779489e-01 -7.891251e-01 -5.477462e-01
    outer loop
      vertex  2.299329e+03 -6.170576e+03  8.957531e+03
      vertex  1.799979e+03 -5.902503e+03  8.824715e+03
      vertex  2.299337e+03 -6.056578e+03  8.793293e+03
    endloop
  endfacet
  facet normal -2.744301e-01 -7.726949e-01 -5.723904e-01
    outer loop
      vertex  2.299337e+03 -6.056578e+03  8.793293e+03
      vertex  1.799979e+03 -5.902503e+03  8.824715e+03
      vertex  1.799981e+03 -5.806500e+03  8.695115e+03
    endloop
  endfacet
  facet normal -2.745782e-01 -7.728700e-01 -5.720829e-01
    outer loop
      vertex  2.299337e+03 -6.056578e+03  8.793293e+03
      vertex  1.799981e+03 -5.806500e+03  8.695115e+03
      vertex  2.299345e+03 -5.937824e+03  8.632855e+03
    endloop
  endfacet
  facet normal -2.777612e-01 -7.990207e-01 -5.333055e-01
    outer loop
      vertex  1.799977e+03 -5.995350e+03  8.956715e+03
      vertex  2.299323e+03 -6.243047e+03  9.067751e+03
      vertex  1.799974e+03 -6.085006e+03  9.091043e+03
    endloop
  endfacet
  facet normal -2.809062e-01 -8.122019e-01 -5.112922e-01
    outer loop
      vertex  1.799974e+03 -6.085006e+03  9.091043e+03
      vertex  2.299323e+03 -6.243047e+03  9.067751e+03
      vertex  2.299318e+03 -6.313414e+03  9.179534e+03
    endloop
  endfacet
  facet normal -2.800637e-01 -8.111715e-01 -5.133860e-01
    outer loop
      vertex  1.799974e+03 -6.085006e+03  9.091043e+03
      vertex  2.299318e+03 -6.313414e+03  9.179534e+03
      vertex  1.799972e+03 -6.171446e+03  9.227624e+03
    endloop
  endfacet
  facet normal -2.813937e-01 -8.220920e-01 -4.949570e-01
    outer loop
      vertex  1.799972e+03 -6.171446e+03  9.227624e+03
      vertex  2.299318e+03 -6.313414e+03  9.179534e+03
      vertex  2.299313e+03 -6.383276e+03  9.295573e+03
    endloop
  endfacet
  facet normal -2.819031e-01 -8.228142e-01 -4.934648e-01
    outer loop
      vertex  1.799972e+03 -6.171446e+03  9.227624e+03
      vertex  2.299313e+03 -6.383276e+03  9.295573e+03
      vertex  1.799969e+03 -6.254656e+03  9.366371e+03
    endloop
  endfacet
  facet normal -2.820352e-01 -8.316340e-01 -4.783732e-01
    outer loop
      vertex  1.799969e+03 -6.254656e+03  9.366371e+03
      vertex  2.299313e+03 -6.383276e+03  9.295573e+03
      vertex  2.299307e+03 -6.450917e+03  9.413168e+03
    endloop
  endfacet
  facet normal -2.833821e-01 -8.339174e-01 -4.735782e-01
    outer loop
      vertex  1.799969e+03 -6.254656e+03  9.366371e+03
      vertex  2.299307e+03 -6.450917e+03  9.413168e+03
      vertex  1.799965e+03 -6.334626e+03  9.507192e+03
    endloop
  endfacet
  facet normal -2.825519e-01 -8.426569e-01 -4.583601e-01
    outer loop
      vertex  1.799965e+03 -6.334626e+03  9.507192e+03
      vertex  2.299307e+03 -6.450917e+03  9.413168e+03
      vertex  2.081598e+03 -6.506735e+03  9.649990e+03
    endloop
  endfacet
  facet normal -2.858512e-01 -8.441138e-01 -4.536090e-01
    outer loop
      vertex  1.799965e+03 -6.334626e+03  9.507192e+03
      vertex  2.081598e+03 -6.506735e+03  9.649990e+03
      vertex  1.799962e+03 -6.411362e+03  9.649990e+03
    endloop
  endfacet
  facet normal -2.366770e-01 -6.075242e-01 -7.582204e-01
    outer loop
      vertex  3.521411e+03 -5.006085e+03  7.250000e+03
      vertex  3.798060e+03 -5.228182e+03  7.341599e+03
      vertex  3.298325e+03 -4.996819e+03  7.312211e+03
    endloop
  endfacet
  facet normal -2.491440e-01 -6.314178e-01 -7.343289e-01
    outer loop
      vertex  3.298325e+03 -4.996819e+03  7.312211e+03
      vertex  3.798060e+03 -5.228182e+03  7.341599e+03
      vertex  3.798022e+03 -5.411155e+03  7.498943e+03
    endloop
  endfacet
  facet normal -2.303756e-01 -6.169757e-01 -7.525079e-01
    outer loop
      vertex  3.298325e+03 -4.996819e+03  7.312211e+03
      vertex  3.798022e+03 -5.411155e+03  7.498943e+03
      vertex  3.298293e+03 -5.189611e+03  7.470290e+03
    endloop
  endfacet
  facet normal -2.501749e-01 -6.563655e-01 -7.117562e-01
    outer loop
      vertex  3.298293e+03 -5.189611e+03  7.470290e+03
      vertex  3.798022e+03 -5.411155e+03  7.498943e+03
      vertex  3.797983e+03 -5.588665e+03  7.662652e+03
    endloop
  endfacet
  facet normal -2.252570e-01 -6.373087e-01 -7.369510e-01
    outer loop
      vertex  3.298293e+03 -5.189611e+03  7.470290e+03
      vertex  3.797983e+03 -5.588665e+03  7.662652e+03
      vertex  3.298277e+03 -5.283935e+03  7.551865e+03
    endloop
  endfacet
  facet normal -2.427163e-01 -6.849589e-01 -6.869645e-01
    outer loop
      vertex  3.298211e+03 -5.663832e+03  7.913018e+03
      vertex  3.298236e+03 -5.522313e+03  7.771903e+03
      vertex  3.797945e+03 -5.760423e+03  7.832762e+03
    endloop
  endfacet
  facet normal -2.311685e-01 -6.663343e-01 -7.089145e-01
    outer loop
      vertex  3.797945e+03 -5.760423e+03  7.832762e+03
      vertex  3.298236e+03 -5.522313e+03  7.771903e+03
      vertex  3.298261e+03 -5.376815e+03  7.635136e+03
    endloop
  endfacet
  facet normal -2.508917e-01 -6.811534e-01 -6.878106e-01
    outer loop
      vertex  3.797945e+03 -5.760423e+03  7.832762e+03
      vertex  3.298261e+03 -5.376815e+03  7.635136e+03
      vertex  3.797983e+03 -5.588665e+03  7.662652e+03
    endloop
  endfacet
  facet normal -2.369871e-01 -7.779356e-01 -5.819392e-01
    outer loop
      vertex  4.298209e+03 -6.450155e+03  8.460495e+03
      vertex  3.797795e+03 -6.385141e+03  8.577371e+03
      vertex  3.797832e+03 -6.238715e+03  8.381614e+03
    endloop
  endfacet
  facet normal -2.415302e-01 -7.770389e-01 -5.812693e-01
    outer loop
      vertex  3.797832e+03 -6.238715e+03  8.381614e+03
      vertex  3.797795e+03 -6.385141e+03  8.577371e+03
      vertex  3.298107e+03 -6.216705e+03  8.559838e+03
    endloop
  endfacet
  facet normal -2.437596e-01 -7.710595e-01 -5.882589e-01
    outer loop
      vertex  3.797832e+03 -6.238715e+03  8.381614e+03
      vertex  3.298107e+03 -6.216705e+03  8.559838e+03
      vertex  3.298122e+03 -6.140748e+03  8.460271e+03
    endloop
  endfacet
  facet normal -2.401450e-01 -8.652310e-01 -4.401201e-01
    outer loop
      vertex  3.505471e+03 -6.936597e+03  9.649990e+03
      vertex  3.297993e+03 -6.761958e+03  9.419874e+03
      vertex  3.797652e+03 -6.902342e+03  9.423224e+03
    endloop
  endfacet
  facet normal -2.353702e-01 -8.490220e-01 -4.730355e-01
    outer loop
      vertex  3.797652e+03 -6.902342e+03  9.423224e+03
      vertex  3.297993e+03 -6.761958e+03  9.419874e+03
      vertex  3.298020e+03 -6.637085e+03  9.195735e+03
    endloop
  endfacet
  facet normal -2.439060e-01 -8.538231e-01 -4.598869e-01
    outer loop
      vertex  3.797652e+03 -6.902342e+03  9.423224e+03
      vertex  3.298020e+03 -6.637085e+03  9.195735e+03
      vertex  3.797687e+03 -6.783456e+03  9.202482e+03
    endloop
  endfacet
  facet normal -2.364506e-01 -8.304274e-01 -5.044616e-01
    outer loop
      vertex  3.797687e+03 -6.783456e+03  9.202482e+03
      vertex  3.298020e+03 -6.637085e+03  9.195735e+03
      vertex  3.298049e+03 -6.504681e+03  8.977763e+03
    endloop
  endfacet
  facet normal -2.459555e-01 -8.360945e-01 -4.903589e-01
    outer loop
      vertex  3.797687e+03 -6.783456e+03  9.202482e+03
      vertex  3.298049e+03 -6.504681e+03  8.977763e+03
      vertex  3.797723e+03 -6.657599e+03  8.987870e+03
    endloop
  endfacet
  facet normal -2.371841e-01 -8.104284e-01 -5.356766e-01
    outer loop
      vertex  3.797723e+03 -6.657599e+03  8.987870e+03
      vertex  3.298049e+03 -6.504681e+03  8.977763e+03
      vertex  3.298077e+03 -6.364797e+03  8.766118e+03
    endloop
  endfacet
  facet normal -2.477092e-01 -8.170286e-01 -5.206768e-01
    outer loop
      vertex  3.797723e+03 -6.657599e+03  8.987870e+03
      vertex  3.298077e+03 -6.364797e+03  8.766118e+03
      vertex  3.797759e+03 -6.524804e+03  8.779476e+03
    endloop
  endfacet
  facet normal -2.393718e-01 -7.941567e-01 -5.585842e-01
    outer loop
      vertex  3.797759e+03 -6.524804e+03  8.779476e+03
      vertex  3.298077e+03 -6.364797e+03  8.766118e+03
      vertex  3.298092e+03 -6.291676e+03  8.662153e+03
    endloop
  endfacet
  facet normal -2.428389e-01 -7.980323e-01 -5.515194e-01
    outer loop
      vertex  3.797759e+03 -6.524804e+03  8.779476e+03
      vertex  3.298092e+03 -6.291676e+03  8.662153e+03
      vertex  3.797795e+03 -6.385141e+03  8.577371e+03
    endloop
  endfacet
  facet normal -2.446730e-01 -6.188455e-01 -7.464350e-01
    outer loop
      vertex  2.299411e+03 -4.795571e+03  7.467837e+03
      vertex  2.798822e+03 -4.961694e+03  7.441863e+03
      vertex  2.798811e+03 -5.060572e+03  7.523844e+03
    endloop
  endfacet
  facet normal -2.401855e-01 -6.195615e-01 -7.472980e-01
    outer loop
      vertex  2.798811e+03 -5.060572e+03  7.523844e+03
      vertex  2.798822e+03 -4.961694e+03  7.441863e+03
      vertex  3.298293e+03 -5.189611e+03  7.470290e+03
    endloop
  endfacet
  facet normal -2.426161e-01 -6.345747e-01 -7.337931e-01
    outer loop
      vertex  2.798811e+03 -5.060572e+03  7.523844e+03
      vertex  3.298293e+03 -5.189611e+03  7.470290e+03
      vertex  3.298277e+03 -5.283935e+03  7.551865e+03
    endloop
  endfacet
  facet normal -2.536223e-01 -7.690455e-01 -5.867238e-01
    outer loop
      vertex  3.298107e+03 -6.216705e+03  8.559838e+03
      vertex  2.798703e+03 -6.001394e+03  8.493496e+03
      vertex  3.298122e+03 -6.140748e+03  8.460271e+03
    endloop
  endfacet
  facet normal -2.502024e-01 -7.509808e-01 -6.110864e-01
    outer loop
      vertex  3.298122e+03 -6.140748e+03  8.460271e+03
      vertex  2.798703e+03 -6.001394e+03  8.493496e+03
      vertex  2.798718e+03 -5.878985e+03  8.343059e+03
    endloop
  endfacet
  facet normal -2.558179e-01 -7.571869e-01 -6.010201e-01
    outer loop
      vertex  3.298122e+03 -6.140748e+03  8.460271e+03
      vertex  2.798718e+03 -5.878985e+03  8.343059e+03
      vertex  3.298137e+03 -6.063021e+03  8.362341e+03
    endloop
  endfacet
  facet normal -2.455477e-01 -7.328306e-01 -6.345593e-01
    outer loop
      vertex  3.298137e+03 -6.063021e+03  8.362341e+03
      vertex  2.798718e+03 -5.878985e+03  8.343059e+03
      vertex  2.798734e+03 -5.743771e+03  8.186898e+03
    endloop
  endfacet
  facet normal -2.565224e-01 -7.417930e-01 -6.196285e-01
    outer loop
      vertex  3.298137e+03 -6.063021e+03  8.362341e+03
      vertex  2.798734e+03 -5.743771e+03  8.186898e+03
      vertex  3.298161e+03 -5.934321e+03  8.208257e+03
    endloop
  endfacet
  facet normal -2.438744e-01 -7.128887e-01 -6.575066e-01
    outer loop
      vertex  3.298161e+03 -5.934321e+03  8.208257e+03
      vertex  2.798734e+03 -5.743771e+03  8.186898e+03
      vertex  2.798750e+03 -5.603898e+03  8.035238e+03
    endloop
  endfacet
  facet normal -2.556229e-01 -7.226413e-01 -6.422200e-01
    outer loop
      vertex  3.298161e+03 -5.934321e+03  8.208257e+03
      vertex  2.798750e+03 -5.603898e+03  8.035238e+03
      vertex  3.298186e+03 -5.801216e+03  8.058474e+03
    endloop
  endfacet
  facet normal -2.419768e-01 -6.925054e-01 -6.796203e-01
    outer loop
      vertex  3.298186e+03 -5.801216e+03  8.058474e+03
      vertex  2.798750e+03 -5.603898e+03  8.035238e+03
      vertex  2.798767e+03 -5.459522e+03  7.888119e+03
    endloop
  endfacet
  facet normal -2.544886e-01 -7.030354e-01 -6.640608e-01
    outer loop
      vertex  3.298186e+03 -5.801216e+03  8.058474e+03
      vertex  2.798767e+03 -5.459522e+03  7.888119e+03
      vertex  3.298211e+03 -5.663832e+03  7.913018e+03
    endloop
  endfacet
  facet normal -2.398707e-01 -6.717827e-01 -7.008352e-01
    outer loop
      vertex  3.298211e+03 -5.663832e+03  7.913018e+03
      vertex  2.798767e+03 -5.459522e+03  7.888119e+03
      vertex  2.798784e+03 -5.310817e+03  7.745572e+03
    endloop
  endfacet
  facet normal -2.531358e-01 -6.830750e-01 -6.850771e-01
    outer loop
      vertex  3.298211e+03 -5.663832e+03  7.913018e+03
      vertex  2.798784e+03 -5.310817e+03  7.745572e+03
      vertex  3.298236e+03 -5.522313e+03  7.771903e+03
    endloop
  endfacet
  facet normal -2.375826e-01 -6.508297e-01 -7.210931e-01
    outer loop
      vertex  3.298236e+03 -5.522313e+03  7.771903e+03
      vertex  2.798784e+03 -5.310817e+03  7.745572e+03
      vertex  2.798801e+03 -5.157972e+03  7.607615e+03
    endloop
  endfacet
  facet normal -2.515778e-01 -6.628554e-01 -7.052173e-01
    outer loop
      vertex  3.298236e+03 -5.522313e+03  7.771903e+03
      vertex  2.798801e+03 -5.157972e+03  7.607615e+03
      vertex  3.298261e+03 -5.376815e+03  7.635136e+03
    endloop
  endfacet
  facet normal -2.550104e-01 -8.066511e-01 -5.331825e-01
    outer loop
      vertex  3.298049e+03 -6.504681e+03  8.977763e+03
      vertex  2.798673e+03 -6.233188e+03  8.805861e+03
      vertex  3.298077e+03 -6.364797e+03  8.766118e+03
    endloop
  endfacet
  facet normal -2.520027e-01 -7.856044e-01 -5.650845e-01
    outer loop
      vertex  3.298077e+03 -6.364797e+03  8.766118e+03
      vertex  2.798673e+03 -6.233188e+03  8.805861e+03
      vertex  2.798688e+03 -6.119489e+03  8.647786e+03
    endloop
  endfacet
  facet normal -2.565741e-01 -7.905537e-01 -5.560525e-01
    outer loop
      vertex  3.298077e+03 -6.364797e+03  8.766118e+03
      vertex  2.798688e+03 -6.119489e+03  8.647786e+03
      vertex  3.298092e+03 -6.291676e+03  8.662153e+03
    endloop
  endfacet
  facet normal -2.482744e-01 -7.692131e-01 -5.887877e-01
    outer loop
      vertex  3.298092e+03 -6.291676e+03  8.662153e+03
      vertex  2.798688e+03 -6.119489e+03  8.647786e+03
      vertex  2.798703e+03 -6.001394e+03  8.493496e+03
    endloop
  endfacet
  facet normal -2.599827e-01 -7.788773e-01 -5.707531e-01
    outer loop
      vertex  3.298092e+03 -6.291676e+03  8.662153e+03
      vertex  2.798703e+03 -6.001394e+03  8.493496e+03
      vertex  3.298107e+03 -6.216705e+03  8.559838e+03
    endloop
  endfacet
  facet normal -2.548152e-01 -8.561629e-01 -4.495045e-01
    outer loop
      vertex  2.929287e+03 -6.773038e+03  9.649990e+03
      vertex  2.798622e+03 -6.611572e+03  9.416521e+03
      vertex  3.297993e+03 -6.761958e+03  9.419874e+03
    endloop
  endfacet
  facet normal -2.497078e-01 -8.399240e-01 -4.818442e-01
    outer loop
      vertex  3.297993e+03 -6.761958e+03  9.419874e+03
      vertex  2.798622e+03 -6.611572e+03  9.416521e+03
      vertex  2.798640e+03 -6.481044e+03  9.188982e+03
    endloop
  endfacet
  facet normal -2.574048e-01 -8.441269e-01 -4.703111e-01
    outer loop
      vertex  3.297993e+03 -6.761958e+03  9.419874e+03
      vertex  2.798640e+03 -6.481044e+03  9.188982e+03
      vertex  3.298020e+03 -6.637085e+03  9.195735e+03
    endloop
  endfacet
  facet normal -2.510492e-01 -8.253222e-01 -5.057841e-01
    outer loop
      vertex  3.298020e+03 -6.637085e+03  9.195735e+03
      vertex  2.798640e+03 -6.481044e+03  9.188982e+03
      vertex  2.798649e+03 -6.412742e+03  9.077524e+03
    endloop
  endfacet
  facet normal -2.525923e-01 -8.269473e-01 -5.023499e-01
    outer loop
      vertex  3.298020e+03 -6.637085e+03  9.195735e+03
      vertex  2.798649e+03 -6.412742e+03  9.077524e+03
      vertex  3.298049e+03 -6.504681e+03  8.977763e+03
    endloop
  endfacet
  facet normal -2.677087e-01 -8.254398e-01 -4.969719e-01
    outer loop
      vertex  2.299313e+03 -6.383276e+03  9.295573e+03
      vertex  2.299318e+03 -6.313414e+03  9.179534e+03
      vertex  2.798640e+03 -6.481044e+03  9.188982e+03
    endloop
  endfacet
  facet normal -2.642843e-01 -8.161879e-01 -5.138006e-01
    outer loop
      vertex  2.798640e+03 -6.481044e+03  9.188982e+03
      vertex  2.299318e+03 -6.313414e+03  9.179534e+03
      vertex  2.299323e+03 -6.243047e+03  9.067751e+03
    endloop
  endfacet
  facet normal -2.692157e-01 -8.211483e-01 -5.032278e-01
    outer loop
      vertex  2.798640e+03 -6.481044e+03  9.188982e+03
      vertex  2.299323e+03 -6.243047e+03  9.067751e+03
      vertex  2.798649e+03 -6.412742e+03  9.077524e+03
    endloop
  endfacet
  facet normal -2.635499e-01 -8.060176e-01 -5.299783e-01
    outer loop
      vertex  2.798649e+03 -6.412742e+03  9.077524e+03
      vertex  2.299323e+03 -6.243047e+03  9.067751e+03
      vertex  2.299329e+03 -6.170576e+03  8.957531e+03
    endloop
  endfacet
  facet normal -2.686915e-01 -8.112953e-01 -5.192346e-01
    outer loop
      vertex  2.798649e+03 -6.412742e+03  9.077524e+03
      vertex  2.299329e+03 -6.170576e+03  8.957531e+03
      vertex  2.798659e+03 -6.342423e+03  8.967647e+03
    endloop
  endfacet
  facet normal -2.617174e-01 -7.928622e-01 -5.503393e-01
    outer loop
      vertex  2.798659e+03 -6.342423e+03  8.967647e+03
      vertex  2.299329e+03 -6.170576e+03  8.957531e+03
      vertex  2.299337e+03 -6.056578e+03  8.793293e+03
    endloop
  endfacet
  facet normal -2.687721e-01 -7.982711e-01 -5.390035e-01
    outer loop
      vertex  2.798659e+03 -6.342423e+03  8.967647e+03
      vertex  2.299337e+03 -6.056578e+03  8.793293e+03
      vertex  2.798673e+03 -6.233188e+03  8.805861e+03
    endloop
  endfacet
  facet normal -2.600416e-01 -7.761117e-01 -5.744815e-01
    outer loop
      vertex  2.798673e+03 -6.233188e+03  8.805861e+03
      vertex  2.299337e+03 -6.056578e+03  8.793293e+03
      vertex  2.299345e+03 -5.937824e+03  8.632855e+03
    endloop
  endfacet
  facet normal -2.677352e-01 -7.821664e-01 -5.626132e-01
    outer loop
      vertex  2.798673e+03 -6.233188e+03  8.805861e+03
      vertex  2.299345e+03 -5.937824e+03  8.632855e+03
      vertex  2.798688e+03 -6.119489e+03  8.647786e+03
    endloop
  endfacet
  facet normal -2.581111e-01 -7.586377e-01 -5.982036e-01
    outer loop
      vertex  2.798688e+03 -6.119489e+03  8.647786e+03
      vertex  2.299345e+03 -5.937824e+03  8.632855e+03
      vertex  2.299353e+03 -5.814395e+03  8.476319e+03
    endloop
  endfacet
  facet normal -2.664656e-01 -7.653647e-01 -5.858439e-01
    outer loop
      vertex  2.798688e+03 -6.119489e+03  8.647786e+03
      vertex  2.299353e+03 -5.814395e+03  8.476319e+03
      vertex  2.798703e+03 -6.001394e+03  8.493496e+03
    endloop
  endfacet
  facet normal -2.559361e-01 -7.405133e-01 -6.213990e-01
    outer loop
      vertex  2.798703e+03 -6.001394e+03  8.493496e+03
      vertex  2.299353e+03 -5.814395e+03  8.476319e+03
      vertex  2.299361e+03 -5.686388e+03  8.323772e+03
    endloop
  endfacet
  facet normal -2.649626e-01 -7.479280e-01 -6.086038e-01
    outer loop
      vertex  2.798703e+03 -6.001394e+03  8.493496e+03
      vertex  2.299361e+03 -5.686388e+03  8.323772e+03
      vertex  2.798718e+03 -5.878985e+03  8.343059e+03
    endloop
  endfacet
  facet normal -2.532666e-01 -7.212221e-01 -6.447439e-01
    outer loop
      vertex  2.798718e+03 -5.878985e+03  8.343059e+03
      vertex  2.299361e+03 -5.686388e+03  8.323772e+03
      vertex  2.299369e+03 -5.544935e+03  8.165537e+03
    endloop
  endfacet
  facet normal -2.633716e-01 -7.292842e-01 -6.314903e-01
    outer loop
      vertex  2.798718e+03 -5.878985e+03  8.343059e+03
      vertex  2.299369e+03 -5.544935e+03  8.165537e+03
      vertex  2.798734e+03 -5.743771e+03  8.186898e+03
    endloop
  endfacet
  facet normal -2.504432e-01 -7.007390e-01 -6.680143e-01
    outer loop
      vertex  2.798734e+03 -5.743771e+03  8.186898e+03
      vertex  2.299369e+03 -5.544935e+03  8.165537e+03
      vertex  2.299378e+03 -5.398570e+03  8.011999e+03
    endloop
  endfacet
  facet normal -2.612906e-01 -7.095455e-01 -6.544253e-01
    outer loop
      vertex  2.798734e+03 -5.743771e+03  8.186898e+03
      vertex  2.299378e+03 -5.398570e+03  8.011999e+03
      vertex  2.798750e+03 -5.603898e+03  8.035238e+03
    endloop
  endfacet
  facet normal -2.473935e-01 -6.798180e-01 -6.903940e-01
    outer loop
      vertex  2.798750e+03 -5.603898e+03  8.035238e+03
      vertex  2.299378e+03 -5.398570e+03  8.011999e+03
      vertex  2.299386e+03 -5.247478e+03  7.863218e+03
    endloop
  endfacet
  facet normal -2.589798e-01 -6.893644e-01 -6.765398e-01
    outer loop
      vertex  2.798750e+03 -5.603898e+03  8.035238e+03
      vertex  2.299386e+03 -5.247478e+03  7.863218e+03
      vertex  2.798767e+03 -5.459522e+03  7.888119e+03
    endloop
  endfacet
  facet normal -2.441451e-01 -6.585699e-01 -7.118139e-01
    outer loop
      vertex  2.798767e+03 -5.459522e+03  7.888119e+03
      vertex  2.299386e+03 -5.247478e+03  7.863218e+03
      vertex  2.299395e+03 -5.091862e+03  7.719239e+03
    endloop
  endfacet
  facet normal -2.564573e-01 -6.688413e-01 -6.977686e-01
    outer loop
      vertex  2.798767e+03 -5.459522e+03  7.888119e+03
      vertex  2.299395e+03 -5.091862e+03  7.719239e+03
      vertex  2.798784e+03 -5.310817e+03  7.745572e+03
    endloop
  endfacet
  facet normal -2.407283e-01 -6.371098e-01 -7.322165e-01
    outer loop
      vertex  2.798784e+03 -5.310817e+03  7.745572e+03
      vertex  2.299395e+03 -5.091862e+03  7.719239e+03
      vertex  2.299404e+03 -4.931945e+03  7.580091e+03
    endloop
  endfacet
  facet normal -2.537475e-01 -6.480837e-01 -7.180527e-01
    outer loop
      vertex  2.798784e+03 -5.310817e+03  7.745572e+03
      vertex  2.299404e+03 -4.931945e+03  7.580091e+03
      vertex  2.798801e+03 -5.157972e+03  7.607615e+03
    endloop
  endfacet
  facet normal -2.697838e-01 -8.480070e-01 -4.561808e-01
    outer loop
      vertex  2.363708e+03 -6.598803e+03  9.649990e+03
      vertex  2.299307e+03 -6.450917e+03  9.413168e+03
      vertex  2.798622e+03 -6.611572e+03  9.416521e+03
    endloop
  endfacet
  facet normal -2.656522e-01 -8.356780e-01 -4.806985e-01
    outer loop
      vertex  2.798622e+03 -6.611572e+03  9.416521e+03
      vertex  2.299307e+03 -6.450917e+03  9.413168e+03
      vertex  2.299313e+03 -6.383276e+03  9.295573e+03
    endloop
  endfacet
  facet normal -2.661070e-01 -8.361261e-01 -4.796668e-01
    outer loop
      vertex  2.798622e+03 -6.611572e+03  9.416521e+03
      vertex  2.299313e+03 -6.383276e+03  9.295573e+03
      vertex  2.798640e+03 -6.481044e+03  9.188982e+03
    endloop
  endfacet
  facet normal  0.000000e+00  1.000000e+00  0.000000e+00
    outer loop
      vertex -3.316989e+03 -2.250000e+03  9.494462e+03
      vertex -2.852917e+03 -2.250000e+03  7.616076e+03
      vertex -3.287704e+03 -2.250000e+03  9.068893e+03
    endloop
  endfacet
  facet normal  0.000000e+00  1.000000e+00  0.000000e+00
    outer loop
      vertex -3.327841e+03 -2.250000e+03  9.649990e+03
      vertex  4.800000e+03 -2.250000e+03  9.649990e+03
      vertex  4.800000e+03 -2.250000e+03  7.250000e+03
    endloop
  endfacet
  facet normal  0.000000e+00  1.000000e+00  0.000000e+00
    outer loop
      vertex -3.327841e+03 -2.250000e+03  9.649990e+03
      vertex  4.800000e+03 -2.250000e+03  7.250000e+03
      vertex -1.924290e+03 -2.250000e+03  7.250000e+03
    endloop
  endfacet
  facet normal  0.000000e+00  1.000000e+00  0.000000e+00
    outer loop
      vertex -3.327841e+03 -2.250000e+03  9.649990e+03
      vertex -1.924290e+03 -2.250000e+03  7.250000e+03
      vertex -2.124599e+03 -2.250000e+03  7.325556e+03
    endloop
  endfacet
  facet normal  0.000000e+00  1.000000e+00  0.000000e+00
    outer loop
      vertex -3.327841e+03 -2.250000e+03  9.649990e+03
      vertex -2.124599e+03 -2.250000e+03  7.325556e+03
      vertex -2.504382e+03 -2.250000e+03  7.473489e+03
    endloop
  endfacet
  facet normal  0.000000e+00  1.000000e+00  0.000000e+00
    outer loop
      vertex -3.327841e+03 -2.250000e+03  9.649990e+03
      vertex -2.504382e+03 -2.250000e+03  7.473489e+03
      vertex -2.852917e+03 -2.250000e+03  7.616076e+03
    endloop
  endfacet
  facet normal  0.000000e+00  1.000000e+00  0.000000e+00
    outer loop
      vertex -3.327841e+03 -2.250000e+03  9.649990e+03
      vertex -2.852917e+03 -2.250000e+03  7.616076e+03
      vertex -3.316989e+03 -2.250000e+03  9.494462e+03
    endloop
  endfacet
  facet normal  0.000000e+00  1.000000e+00  0.000000e+00
    outer loop
      vertex -3.199801e+03 -2.250000e+03  7.766860e+03
      vertex -3.238881e+03 -2.250000e+03  8.344911e+03
      vertex -2.852917e+03 -2.250000e+03  7.616076e+03
    endloop
  endfacet
  facet normal  0.000000e+00  9.999999e-01  0.000000e+00
    outer loop
      vertex -2.852917e+03 -2.250000e+03  7.616076e+03
      vertex -3.238881e+03 -2.250000e+03  8.344911e+03
      vertex -3.261818e+03 -2.250000e+03  8.686612e+03
    endloop
  endfacet
  facet normal  -0.000000e+00  1.000000e+00  -0.000000e+00
    outer loop
      vertex -2.852917e+03 -2.250000e+03  7.616076e+03
      vertex -3.261818e+03 -2.250000e+03  8.686612e+03
      vertex -3.287704e+03 -2.250000e+03  9.068893e+03
    endloop
  endfacet
endsolid CATIA STL
