solid CATIA STL
  facet normal  0.000000e+00  -0.000000e+00 -9.999999e-01
    outer loop
      vertex  4.800000e+03  5.505588e+03  7.250000e+03
      vertex  4.876678e+03  5.540151e+03  7.250000e+03
      vertex  4.953825e+03  5.573319e+03  7.250000e+03
    endloop
  endfacet
  facet normal  0.000000e+00  -0.000000e+00 -1.000000e+00
    outer loop
      vertex  4.800000e+03  5.505588e+03  7.250000e+03
      vertex  4.953825e+03  5.573319e+03  7.250000e+03
      vertex  5.031383e+03  5.605178e+03  7.250000e+03
    endloop
  endfacet
  facet normal  0.000000e+00  -0.000000e+00 -1.000000e+00
    outer loop
      vertex  4.800000e+03  5.505588e+03  7.250000e+03
      vertex  5.031383e+03  5.605178e+03  7.250000e+03
      vertex  5.109305e+03  5.635821e+03  7.250000e+03
    endloop
  endfacet
  facet normal  0.000000e+00  -0.000000e+00 -1.000000e+00
    outer loop
      vertex  4.800000e+03  5.505588e+03  7.250000e+03
      vertex  5.109305e+03  5.635821e+03  7.250000e+03
      vertex  5.268963e+03  5.694867e+03  7.250000e+03
    endloop
  endfacet
  facet normal  0.000000e+00  -0.000000e+00 -1.000000e+00
    outer loop
      vertex  4.800000e+03  5.505588e+03  7.250000e+03
      vertex  5.268963e+03  5.694867e+03  7.250000e+03
      vertex  5.429679e+03  5.750063e+03  7.250000e+03
    endloop
  endfacet
  facet normal  0.000000e+00  -0.000000e+00 -9.999999e-01
    outer loop
      vertex  4.800000e+03  5.505588e+03  7.250000e+03
      vertex  5.429679e+03  5.750063e+03  7.250000e+03
      vertex  5.604762e+03  5.806414e+03  7.250000e+03
    endloop
  endfacet
  facet normal  0.000000e+00  -0.000000e+00 -1.000000e+00
    outer loop
      vertex  4.800000e+03  5.505588e+03  7.250000e+03
      vertex  5.604762e+03  5.806414e+03  7.250000e+03
      vertex  5.780685e+03  5.860081e+03  7.250000e+03
    endloop
  endfacet
  facet normal  0.000000e+00  -0.000000e+00 -1.000000e+00
    outer loop
      vertex  4.800000e+03  5.505588e+03  7.250000e+03
      vertex  5.780685e+03  5.860081e+03  7.250000e+03
      vertex  6.000000e+03  5.924234e+03  7.250000e+03
    endloop
  endfacet
  facet normal  0.000000e+00  -0.000000e+00 -1.000000e+00
    outer loop
      vertex  4.800000e+03  5.505588e+03  7.250000e+03
      vertex  6.000000e+03  5.924234e+03  7.250000e+03
      vertex  6.000000e+03  3.930000e+03  7.250000e+03
    endloop
  endfacet
  facet normal  0.000000e+00  0.000000e+00 -1.000000e+00
    outer loop
      vertex  4.800000e+03  5.505588e+03  7.250000e+03
      vertex  6.000000e+03  3.930000e+03  7.250000e+03
      vertex  4.800000e+03  3.930000e+03  7.250000e+03
    endloop
  endfacet
  facet normal -1.000000e+00  0.000000e+00  0.000000e+00
    outer loop
      vertex  6.000000e+03  3.930000e+03  6.313000e+03
      vertex  6.000000e+03  3.930000e+03  7.250000e+03
      vertex  6.000000e+03  5.924234e+03  7.250000e+03
    endloop
  endfacet
  facet normal -1.000000e+00  0.000000e+00  0.000000e+00
    outer loop
      vertex  6.000000e+03  3.930000e+03  6.313000e+03
      vertex  6.000000e+03  5.924234e+03  7.250000e+03
      vertex  6.000000e+03  5.765924e+03  7.108384e+03
    endloop
  endfacet
  facet normal -1.000000e+00  0.000000e+00  0.000000e+00
    outer loop
      vertex  6.000000e+03  3.930000e+03  6.313000e+03
      vertex  6.000000e+03  5.765924e+03  7.108384e+03
      vertex  6.000000e+03  5.657882e+03  7.016775e+03
    endloop
  endfacet
  facet normal -1.000000e+00  0.000000e+00  0.000000e+00
    outer loop
      vertex  6.000000e+03  3.930000e+03  6.313000e+03
      vertex  6.000000e+03  5.657882e+03  7.016775e+03
      vertex  6.000000e+03  5.548062e+03  6.927454e+03
    endloop
  endfacet
  facet normal -9.999999e-01  0.000000e+00  0.000000e+00
    outer loop
      vertex  6.000000e+03  3.930000e+03  6.313000e+03
      vertex  6.000000e+03  5.548062e+03  6.927454e+03
      vertex  6.000000e+03  5.436557e+03  6.840366e+03
    endloop
  endfacet
  facet normal -1.000000e+00  0.000000e+00  0.000000e+00
    outer loop
      vertex  6.000000e+03  3.930000e+03  6.313000e+03
      vertex  6.000000e+03  5.436557e+03  6.840366e+03
      vertex  6.000000e+03  5.323461e+03  6.755451e+03
    endloop
  endfacet
  facet normal -1.000000e+00  0.000000e+00  0.000000e+00
    outer loop
      vertex  6.000000e+03  3.930000e+03  6.313000e+03
      vertex  6.000000e+03  5.323461e+03  6.755451e+03
      vertex  6.000000e+03  5.092869e+03  6.591884e+03
    endloop
  endfacet
  facet normal -9.999999e-01  0.000000e+00  0.000000e+00
    outer loop
      vertex  6.000000e+03  3.930000e+03  6.313000e+03
      vertex  6.000000e+03  5.092869e+03  6.591884e+03
      vertex  6.000000e+03  4.877625e+03  6.449382e+03
    endloop
  endfacet
  facet normal -1.000000e+00  0.000000e+00  0.000000e+00
    outer loop
      vertex  6.000000e+03  3.930000e+03  6.313000e+03
      vertex  6.000000e+03  4.877625e+03  6.449382e+03
      vertex  6.000000e+03  4.658531e+03  6.313000e+03
    endloop
  endfacet
  facet normal -2.021525e-01  5.175523e-01 -8.314289e-01
    outer loop
      vertex  6.000000e+03  4.658531e+03  6.313000e+03
      vertex  6.000000e+03  4.877625e+03  6.449382e+03
      vertex  6.133374e+03  4.792054e+03  6.363688e+03
    endloop
  endfacet
  facet normal -2.292623e-01  5.367278e-01 -8.120111e-01
    outer loop
      vertex  6.781267e+03  4.968658e+03  6.313000e+03
      vertex  6.766287e+03  5.068432e+03  6.383179e+03
      vertex  6.977607e+03  5.069312e+03  6.324097e+03
    endloop
  endfacet
  facet normal -2.344059e-01  5.459196e-01 -8.043790e-01
    outer loop
      vertex  6.781267e+03  4.968658e+03  6.313000e+03
      vertex  6.977607e+03  5.069312e+03  6.324097e+03
      vertex  7.001264e+03  5.063120e+03  6.313000e+03
    endloop
  endfacet
  facet normal -1.436215e-01  9.411907e-01 -3.058313e-01
    outer loop
      vertex  6.787502e+03  7.552027e+03  9.451708e+03
      vertex  6.983716e+03  7.646402e+03  9.650000e+03
      vertex  6.991772e+03  7.581498e+03  9.446475e+03
    endloop
  endfacet
  facet normal -1.464079e-01  9.351584e-01 -3.225577e-01
    outer loop
      vertex  6.379550e+03  7.514544e+03  9.530889e+03
      vertex  6.567616e+03  7.585072e+03  9.650000e+03
      vertex  6.583031e+03  7.510838e+03  9.427786e+03
    endloop
  endfacet
  facet normal -2.278951e-01  6.162209e-01 -7.538805e-01
    outer loop
      vertex  5.109305e+03  5.635821e+03  7.250000e+03
      vertex  5.203998e+03  5.678090e+03  7.255926e+03
      vertex  5.268963e+03  5.694867e+03  7.250000e+03
    endloop
  endfacet
  facet normal -2.575106e-01  6.487232e-01 -7.161329e-01
    outer loop
      vertex  5.015906e+03  5.752615e+03  7.389125e+03
      vertex  5.124347e+03  5.663388e+03  7.269302e+03
      vertex  5.031383e+03  5.605178e+03  7.250000e+03
    endloop
  endfacet
  facet normal -1.928851e-01  9.142373e-01 -3.563223e-01
    outer loop
      vertex  5.226201e+03  7.299671e+03  9.536608e+03
      vertex  5.341945e+03  7.368285e+03  9.650000e+03
      vertex  5.309080e+03  7.316443e+03  9.534777e+03
    endloop
  endfacet
  facet normal -1.894568e-01  9.145224e-01 -3.574284e-01
    outer loop
      vertex  5.309080e+03  7.316443e+03  9.534777e+03
      vertex  5.341945e+03  7.368285e+03  9.650000e+03
      vertex  5.398054e+03  7.334071e+03  9.532718e+03
    endloop
  endfacet
  facet normal -2.806261e-01  6.400714e-01 -7.152326e-01
    outer loop
      vertex  4.876678e+03  5.540151e+03  7.250000e+03
      vertex  4.800000e+03  5.552927e+03  7.291518e+03
      vertex  4.907227e+03  5.673561e+03  7.357404e+03
    endloop
  endfacet
  facet normal -2.752963e-01  6.403302e-01 -7.170699e-01
    outer loop
      vertex  4.876678e+03  5.540151e+03  7.250000e+03
      vertex  4.907227e+03  5.673561e+03  7.357404e+03
      vertex  4.953825e+03  5.573319e+03  7.250000e+03
    endloop
  endfacet
  facet normal -1.965343e-01  8.952605e-01 -3.998538e-01
    outer loop
      vertex  4.829596e+03  7.261133e+03  9.650000e+03
      vertex  4.800000e+03  7.197918e+03  9.523012e+03
      vertex  4.800000e+03  7.254636e+03  9.650000e+03
    endloop
  endfacet
  facet normal -2.178994e-01  8.835486e-01 -4.145624e-01
    outer loop
      vertex  4.800000e+03  7.197918e+03  9.523012e+03
      vertex  4.914125e+03  7.190541e+03  9.447303e+03
      vertex  4.800000e+03  7.139070e+03  9.397590e+03
    endloop
  endfacet
  facet normal -2.612637e-01  8.305248e-01 -4.919043e-01
    outer loop
      vertex  4.800000e+03  6.820054e+03  8.807674e+03
      vertex  4.800000e+03  6.888012e+03  8.922414e+03
      vertex  4.912466e+03  6.893029e+03  8.871150e+03
    endloop
  endfacet
  facet normal -2.932470e-01  7.416627e-01 -6.032765e-01
    outer loop
      vertex  4.800000e+03  6.344185e+03  8.123864e+03
      vertex  4.909830e+03  6.330636e+03  8.053820e+03
      vertex  4.800000e+03  6.256231e+03  8.015735e+03
    endloop
  endfacet
  facet normal -2.822275e-01  7.332508e-01 -6.186202e-01
    outer loop
      vertex  4.800000e+03  6.256231e+03  8.015735e+03
      vertex  4.909830e+03  6.330636e+03  8.053820e+03
      vertex  4.909135e+03  6.164696e+03  7.857449e+03
    endloop
  endfacet
  facet normal -3.000616e-01  7.214417e-01 -6.240874e-01
    outer loop
      vertex  4.800000e+03  6.256231e+03  8.015735e+03
      vertex  4.909135e+03  6.164696e+03  7.857449e+03
      vertex  4.800000e+03  6.090688e+03  7.824369e+03
    endloop
  endfacet
  facet normal -2.844729e-01  7.082819e-01 -6.460744e-01
    outer loop
      vertex  4.800000e+03  6.090688e+03  7.824369e+03
      vertex  4.909135e+03  6.164696e+03  7.857449e+03
      vertex  4.908499e+03  6.006727e+03  7.684550e+03
    endloop
  endfacet
  facet normal -3.005329e-01  6.965759e-01 -6.515075e-01
    outer loop
      vertex  4.800000e+03  6.090688e+03  7.824369e+03
      vertex  4.908499e+03  6.006727e+03  7.684550e+03
      vertex  4.800000e+03  5.918113e+03  7.639855e+03
    endloop
  endfacet
  facet normal -2.824847e-01  6.847265e-01 -6.718273e-01
    outer loop
      vertex  4.800000e+03  5.918113e+03  7.639855e+03
      vertex  4.908499e+03  6.006727e+03  7.684550e+03
      vertex  4.907863e+03  5.842954e+03  7.517900e+03
    endloop
  endfacet
  facet normal -2.987425e-01  6.715376e-01 -6.780783e-01
    outer loop
      vertex  4.800000e+03  5.918113e+03  7.639855e+03
      vertex  4.907863e+03  5.842954e+03  7.517900e+03
      vertex  4.800000e+03  5.738763e+03  7.462235e+03
    endloop
  endfacet
  facet normal -2.790444e-01  6.610172e-01 -6.965562e-01
    outer loop
      vertex  4.800000e+03  5.738763e+03  7.462235e+03
      vertex  4.907863e+03  5.842954e+03  7.517900e+03
      vertex  4.907227e+03  5.673561e+03  7.357404e+03
    endloop
  endfacet
  facet normal -2.948802e-01  6.464332e-01 -7.036830e-01
    outer loop
      vertex  4.800000e+03  5.738763e+03  7.462235e+03
      vertex  4.907227e+03  5.673561e+03  7.357404e+03
      vertex  4.800000e+03  5.552927e+03  7.291518e+03
    endloop
  endfacet
  facet normal -2.849012e-01  6.320463e-01 -7.206587e-01
    outer loop
      vertex  4.800000e+03  5.505588e+03  7.250000e+03
      vertex  4.800000e+03  5.552927e+03  7.291518e+03
      vertex  4.876678e+03  5.540151e+03  7.250000e+03
    endloop
  endfacet
  facet normal -1.870529e-01  9.079735e-01 -3.749601e-01
    outer loop
      vertex  7.297526e+03  7.394733e+03  8.845258e+03
      vertex  7.400000e+03  7.481468e+03  9.004168e+03
      vertex  7.400000e+03  7.456301e+03  8.943226e+03
    endloop
  endfacet
  facet normal -1.689108e-01  9.044470e-01 -3.917204e-01
    outer loop
      vertex  7.400000e+03  7.456301e+03  8.943226e+03
      vertex  7.400000e+03  7.404348e+03  8.823271e+03
      vertex  7.297526e+03  7.394733e+03  8.845258e+03
    endloop
  endfacet
  facet normal -2.663848e-01  5.656201e-01 -7.804570e-01
    outer loop
      vertex  7.189836e+03  5.466991e+03  6.541069e+03
      vertex  7.294845e+03  5.346578e+03  6.417961e+03
      vertex  7.189321e+03  5.231846e+03  6.370828e+03
    endloop
  endfacet
  facet normal -1.478945e-01  9.237493e-01 -3.532911e-01
    outer loop
      vertex  7.093394e+03  7.524334e+03  9.244223e+03
      vertex  7.195642e+03  7.538807e+03  9.239260e+03
      vertex  7.195479e+03  7.501072e+03  9.140664e+03
    endloop
  endfacet
  facet normal -1.576218e-01  9.206519e-01 -3.571493e-01
    outer loop
      vertex  6.583031e+03  7.510838e+03  9.427786e+03
      vertex  6.786530e+03  7.480354e+03  9.259395e+03
      vertex  6.581572e+03  7.427305e+03  9.213099e+03
    endloop
  endfacet
  facet normal -1.517301e-01  9.141855e-01 -3.758230e-01
    outer loop
      vertex  6.581572e+03  7.427305e+03  9.213099e+03
      vertex  6.786530e+03  7.480354e+03  9.259395e+03
      vertex  6.785559e+03  7.403547e+03  9.072954e+03
    endloop
  endfacet
  facet normal -1.637325e-01  9.053652e-01 -3.917979e-01
    outer loop
      vertex  6.581572e+03  7.427305e+03  9.213099e+03
      vertex  6.785559e+03  7.403547e+03  9.072954e+03
      vertex  6.580113e+03  7.337326e+03  9.005785e+03
    endloop
  endfacet
  facet normal -1.572277e-01  9.000442e-01 -4.064477e-01
    outer loop
      vertex  6.580113e+03  7.337326e+03  9.005785e+03
      vertex  6.785559e+03  7.403547e+03  9.072954e+03
      vertex  6.784588e+03  7.321787e+03  8.892277e+03
    endloop
  endfacet
  facet normal -1.689264e-01  8.888196e-01 -4.259853e-01
    outer loop
      vertex  6.580113e+03  7.337326e+03  9.005785e+03
      vertex  6.784588e+03  7.321787e+03  8.892277e+03
      vertex  6.578654e+03  7.241149e+03  8.805690e+03
    endloop
  endfacet
  facet normal -1.629134e-01  8.848073e-01 -4.365494e-01
    outer loop
      vertex  6.784588e+03  7.321787e+03  8.892277e+03
      vertex  6.783618e+03  7.235253e+03  8.717251e+03
      vertex  6.578654e+03  7.241149e+03  8.805690e+03
    endloop
  endfacet
  facet normal -1.930922e-01  7.206248e-01 -6.658944e-01
    outer loop
      vertex  6.776183e+03  6.429774e+03  7.546772e+03
      vertex  6.774917e+03  6.270897e+03  7.375205e+03
      vertex  6.567140e+03  6.292025e+03  7.458319e+03
    endloop
  endfacet
  facet normal -2.022800e-01  7.009990e-01 -6.838738e-01
    outer loop
      vertex  6.565610e+03  6.144385e+03  7.307434e+03
      vertex  6.567140e+03  6.292025e+03  7.458319e+03
      vertex  6.774917e+03  6.270897e+03  7.375205e+03
    endloop
  endfacet
  facet normal -1.955332e-01  6.944423e-01 -6.924713e-01
    outer loop
      vertex  6.774917e+03  6.270897e+03  7.375205e+03
      vertex  6.773650e+03  6.106818e+03  7.211016e+03
      vertex  6.565610e+03  6.144385e+03  7.307434e+03
    endloop
  endfacet
  facet normal -2.027468e-01  6.039065e-01 -7.708377e-01
    outer loop
      vertex  6.770486e+03  5.676401e+03  6.830508e+03
      vertex  6.768905e+03  5.451792e+03  6.654956e+03
      vertex  6.559833e+03  5.551564e+03  6.788112e+03
    endloop
  endfacet
  facet normal -2.134014e-01  5.910240e-01 -7.779143e-01
    outer loop
      vertex  6.559833e+03  5.551564e+03  6.788112e+03
      vertex  6.768905e+03  5.451792e+03  6.654956e+03
      vertex  6.558134e+03  5.368152e+03  6.649230e+03
    endloop
  endfacet
  facet normal -2.068164e-01  5.753483e-01 -7.913288e-01
    outer loop
      vertex  6.558134e+03  5.368152e+03  6.649230e+03
      vertex  6.768905e+03  5.451792e+03  6.654956e+03
      vertex  6.767325e+03  5.221917e+03  6.488235e+03
    endloop
  endfacet
  facet normal -2.139598e-01  5.684895e-01 -7.943808e-01
    outer loop
      vertex  6.558134e+03  5.368152e+03  6.649230e+03
      vertex  6.767325e+03  5.221917e+03  6.488235e+03
      vertex  6.556435e+03  5.181322e+03  6.515985e+03
    endloop
  endfacet
  facet normal -1.548413e-01  9.279772e-01 -3.389435e-01
    outer loop
      vertex  6.379550e+03  7.514544e+03  9.530889e+03
      vertex  6.583031e+03  7.510838e+03  9.427786e+03
      vertex  6.378593e+03  7.471663e+03  9.413923e+03
    endloop
  endfacet
  facet normal -1.523264e-01  9.214138e-01 -3.574817e-01
    outer loop
      vertex  6.378593e+03  7.471663e+03  9.413923e+03
      vertex  6.583031e+03  7.510838e+03  9.427786e+03
      vertex  6.581572e+03  7.427305e+03  9.213099e+03
    endloop
  endfacet
  facet normal -1.624820e-01  9.160925e-01 -3.665708e-01
    outer loop
      vertex  6.378593e+03  7.471663e+03  9.413923e+03
      vertex  6.581572e+03  7.427305e+03  9.213099e+03
      vertex  6.376680e+03  7.380257e+03  9.186340e+03
    endloop
  endfacet
  facet normal -1.568910e-01  9.063669e-01 -3.922808e-01
    outer loop
      vertex  6.376680e+03  7.380257e+03  9.186340e+03
      vertex  6.581572e+03  7.427305e+03  9.213099e+03
      vertex  6.580113e+03  7.337326e+03  9.005785e+03
    endloop
  endfacet
  facet normal -1.681930e-01  8.994467e-01 -4.033693e-01
    outer loop
      vertex  6.376680e+03  7.380257e+03  9.186340e+03
      vertex  6.580113e+03  7.337326e+03  9.005785e+03
      vertex  6.374766e+03  7.281564e+03  8.967070e+03
    endloop
  endfacet
  facet normal -1.612387e-01  8.899576e-01 -4.265883e-01
    outer loop
      vertex  6.374766e+03  7.281564e+03  8.967070e+03
      vertex  6.580113e+03  7.337326e+03  9.005785e+03
      vertex  6.578654e+03  7.241149e+03  8.805690e+03
    endloop
  endfacet
  facet normal -1.732459e-01  8.813286e-01 -4.395972e-01
    outer loop
      vertex  6.374766e+03  7.281564e+03  8.967070e+03
      vertex  6.578654e+03  7.241149e+03  8.805690e+03
      vertex  6.372852e+03  7.175872e+03  8.755926e+03
    endloop
  endfacet
  facet normal -1.653839e-01  8.722644e-01 -4.602206e-01
    outer loop
      vertex  6.372852e+03  7.175872e+03  8.755926e+03
      vertex  6.578654e+03  7.241149e+03  8.805690e+03
      vertex  6.577196e+03  7.139021e+03  8.612650e+03
    endloop
  endfacet
  facet normal -1.776549e-01  8.618435e-01 -4.750416e-01
    outer loop
      vertex  6.372852e+03  7.175872e+03  8.755926e+03
      vertex  6.577196e+03  7.139021e+03  8.612650e+03
      vertex  6.370938e+03  7.063465e+03  8.552708e+03
    endloop
  endfacet
  facet normal -1.706643e-01  8.547584e-01 -4.901650e-01
    outer loop
      vertex  6.577196e+03  7.139021e+03  8.612650e+03
      vertex  6.575981e+03  7.049548e+03  8.457048e+03
      vertex  6.370938e+03  7.063465e+03  8.552708e+03
    endloop
  endfacet
  facet normal -1.911124e-01  7.468987e-01 -6.368819e-01
    outer loop
      vertex  6.363149e+03  6.543157e+03  7.803542e+03
      vertex  6.568670e+03  6.435237e+03  7.615309e+03
      vertex  6.361106e+03  6.391506e+03  7.626308e+03
    endloop
  endfacet
  facet normal -1.880896e-01  7.265069e-01 -6.609160e-01
    outer loop
      vertex  6.361106e+03  6.391506e+03  7.626308e+03
      vertex  6.568670e+03  6.435237e+03  7.615309e+03
      vertex  6.567140e+03  6.292025e+03  7.458319e+03
    endloop
  endfacet
  facet normal -1.944520e-01  7.207815e-01 -6.653287e-01
    outer loop
      vertex  6.361106e+03  6.391506e+03  7.626308e+03
      vertex  6.567140e+03  6.292025e+03  7.458319e+03
      vertex  6.359063e+03  6.234229e+03  7.456520e+03
    endloop
  endfacet
  facet normal -1.892775e-01  7.027885e-01 -6.857568e-01
    outer loop
      vertex  6.359063e+03  6.234229e+03  7.456520e+03
      vertex  6.567140e+03  6.292025e+03  7.458319e+03
      vertex  6.565610e+03  6.144385e+03  7.307434e+03
    endloop
  endfacet
  facet normal -1.971599e-01  6.946679e-01 -6.917835e-01
    outer loop
      vertex  6.359063e+03  6.234229e+03  7.456520e+03
      vertex  6.565610e+03  6.144385e+03  7.307434e+03
      vertex  6.357019e+03  6.071679e+03  7.293875e+03
    endloop
  endfacet
  facet normal -1.922170e-01  6.829074e-01 -7.047623e-01
    outer loop
      vertex  6.565610e+03  6.144385e+03  7.307434e+03
      vertex  6.564602e+03  6.044765e+03  7.211179e+03
      vertex  6.357019e+03  6.071679e+03  7.293875e+03
    endloop
  endfacet
  facet normal -1.590752e-01  9.273565e-01 -3.386813e-01
    outer loop
      vertex  6.379550e+03  7.514544e+03  9.530889e+03
      vertex  6.378593e+03  7.471663e+03  9.413923e+03
      vertex  6.174567e+03  7.446110e+03  9.439786e+03
    endloop
  endfacet
  facet normal -1.612175e-01  9.163697e-01 -3.664362e-01
    outer loop
      vertex  6.172596e+03  7.364383e+03  9.236272e+03
      vertex  6.174567e+03  7.446110e+03  9.439786e+03
      vertex  6.378593e+03  7.471663e+03  9.413923e+03
    endloop
  endfacet
  facet normal -1.609852e-01  9.163159e-01 -3.666731e-01
    outer loop
      vertex  6.378593e+03  7.471663e+03  9.413923e+03
      vertex  6.376680e+03  7.380257e+03  9.186340e+03
      vertex  6.172596e+03  7.364383e+03  9.236272e+03
    endloop
  endfacet
  facet normal -1.677516e-01  9.014515e-01 -3.990546e-01
    outer loop
      vertex  6.170624e+03  7.276836e+03  9.039336e+03
      vertex  6.172596e+03  7.364383e+03  9.236272e+03
      vertex  6.376680e+03  7.380257e+03  9.186340e+03
    endloop
  endfacet
  facet normal -1.637600e-01  9.001126e-01 -4.037078e-01
    outer loop
      vertex  6.376680e+03  7.380257e+03  9.186340e+03
      vertex  6.374766e+03  7.281564e+03  8.967070e+03
      vertex  6.170624e+03  7.276836e+03  9.039336e+03
    endloop
  endfacet
  facet normal -1.731911e-01  8.854241e-01 -4.313108e-01
    outer loop
      vertex  6.168650e+03  7.183659e+03  8.848848e+03
      vertex  6.170624e+03  7.276836e+03  9.039336e+03
      vertex  6.374766e+03  7.281564e+03  8.967070e+03
    endloop
  endfacet
  facet normal -1.666453e-01  8.823227e-01 -4.401546e-01
    outer loop
      vertex  6.374766e+03  7.281564e+03  8.967070e+03
      vertex  6.372852e+03  7.175872e+03  8.755926e+03
      vertex  6.168650e+03  7.183659e+03  8.848848e+03
    endloop
  endfacet
  facet normal -1.696372e-01  8.630487e-01 -4.757837e-01
    outer loop
      vertex  6.372852e+03  7.175872e+03  8.755926e+03
      vertex  6.370938e+03  7.063465e+03  8.552708e+03
      vertex  6.166677e+03  7.085041e+03  8.664674e+03
    endloop
  endfacet
  facet normal -1.776504e-01  8.541777e-01 -4.886928e-01
    outer loop
      vertex  6.166677e+03  7.085041e+03  8.664674e+03
      vertex  6.370938e+03  7.063465e+03  8.552708e+03
      vertex  6.165443e+03  7.020728e+03  8.552710e+03
    endloop
  endfacet
  facet normal -1.852765e-01  8.239625e-01 -5.354983e-01
    outer loop
      vertex  6.161740e+03  6.815958e+03  8.230943e+03
      vertex  6.164209e+03  6.954411e+03  8.443124e+03
      vertex  6.369023e+03  6.944630e+03  8.357212e+03
    endloop
  endfacet
  facet normal -1.781164e-01  8.202885e-01 -5.435084e-01
    outer loop
      vertex  6.369023e+03  6.944630e+03  8.357212e+03
      vertex  6.367108e+03  6.819656e+03  8.169223e+03
      vertex  6.161740e+03  6.815958e+03  8.230943e+03
    endloop
  endfacet
  facet normal -1.862087e-01  7.990475e-01 -5.717073e-01
    outer loop
      vertex  6.159271e+03  6.670063e+03  8.027838e+03
      vertex  6.161740e+03  6.815958e+03  8.230943e+03
      vertex  6.367108e+03  6.819656e+03  8.169223e+03
    endloop
  endfacet
  facet normal -1.892787e-01  7.525978e-01 -6.306902e-01
    outer loop
      vertex  6.155121e+03  6.409270e+03  7.706208e+03
      vertex  6.157196e+03  6.542042e+03  7.864021e+03
      vertex  6.363149e+03  6.543157e+03  7.803542e+03
    endloop
  endfacet
  facet normal -1.829457e-01  7.480336e-01 -6.379472e-01
    outer loop
      vertex  6.363149e+03  6.543157e+03  7.803542e+03
      vertex  6.361106e+03  6.391506e+03  7.626308e+03
      vertex  6.155121e+03  6.409270e+03  7.706208e+03
    endloop
  endfacet
  facet normal -1.916954e-01  7.296389e-01 -6.564145e-01
    outer loop
      vertex  6.153046e+03  6.271979e+03  7.554208e+03
      vertex  6.155121e+03  6.409270e+03  7.706208e+03
      vertex  6.361106e+03  6.391506e+03  7.626308e+03
    endloop
  endfacet
  facet normal -1.838379e-01  7.222179e-01 -6.667870e-01
    outer loop
      vertex  6.361106e+03  6.391506e+03  7.626308e+03
      vertex  6.359063e+03  6.234229e+03  7.456520e+03
      vertex  6.153046e+03  6.271979e+03  7.554208e+03
    endloop
  endfacet
  facet normal -1.932831e-01  7.066233e-01 -6.806798e-01
    outer loop
      vertex  6.150970e+03  6.130403e+03  7.407826e+03
      vertex  6.153046e+03  6.271979e+03  7.554208e+03
      vertex  6.359063e+03  6.234229e+03  7.456520e+03
    endloop
  endfacet
  facet normal -1.851045e-01  6.962527e-01 -6.935189e-01
    outer loop
      vertex  6.359063e+03  6.234229e+03  7.456520e+03
      vertex  6.357019e+03  6.071679e+03  7.293875e+03
      vertex  6.150970e+03  6.130403e+03  7.407826e+03
    endloop
  endfacet
  facet normal -1.911378e-01  6.879411e-01 -7.001451e-01
    outer loop
      vertex  6.150970e+03  6.130403e+03  7.407826e+03
      vertex  6.357019e+03  6.071679e+03  7.293875e+03
      vertex  6.149600e+03  6.034741e+03  7.314205e+03
    endloop
  endfacet
  facet normal -1.675000e-01  9.169790e-01 -3.620680e-01
    outer loop
      vertex  5.993708e+03  7.362512e+03  9.311733e+03
      vertex  5.995453e+03  7.428742e+03  9.478660e+03
      vertex  6.174567e+03  7.446110e+03  9.439786e+03
    endloop
  endfacet
  facet normal -1.640693e-01  9.159430e-01 -3.662372e-01
    outer loop
      vertex  6.174567e+03  7.446110e+03  9.439786e+03
      vertex  6.172596e+03  7.364383e+03  9.236272e+03
      vertex  5.993708e+03  7.362512e+03  9.311733e+03
    endloop
  endfacet
  facet normal -1.792952e-01  8.745927e-01 -4.504895e-01
    outer loop
      vertex  5.988047e+03  7.121478e+03  8.800008e+03
      vertex  5.989369e+03  7.181251e+03  8.915527e+03
      vertex  6.168650e+03  7.183659e+03  8.848848e+03
    endloop
  endfacet
  facet normal -1.806557e-01  8.537174e-01 -4.883953e-01
    outer loop
      vertex  5.986724e+03  7.059651e+03  8.686856e+03
      vertex  6.166677e+03  7.085041e+03  8.664674e+03
      vertex  6.165443e+03  7.020728e+03  8.552710e+03
    endloop
  endfacet
  facet normal -1.891071e-01  6.431196e-01 -7.420483e-01
    outer loop
      vertex  6.146832e+03  5.836354e+03  7.132005e+03
      vertex  6.145434e+03  5.733705e+03  7.043397e+03
      vertex  6.000000e+03  5.765924e+03  7.108384e+03
    endloop
  endfacet
  facet normal -1.915548e-01  5.579699e-01 -8.074505e-01
    outer loop
      vertex  6.138511e+03  5.204210e+03  6.635964e+03
      vertex  6.136835e+03  5.071321e+03  6.544532e+03
      vertex  6.000000e+03  5.092869e+03  6.591884e+03
    endloop
  endfacet
  facet normal -1.928671e-01  5.277825e-01 -8.271928e-01
    outer loop
      vertex  6.000000e+03  4.877625e+03  6.449382e+03
      vertex  6.135159e+03  4.936863e+03  6.455666e+03
      vertex  6.133374e+03  4.792054e+03  6.363688e+03
    endloop
  endfacet
  facet normal -1.984977e-01  6.908775e-01 -6.951885e-01
    outer loop
      vertex  5.745466e+03  6.109570e+03  7.500518e+03
      vertex  5.879981e+03  6.118232e+03  7.470717e+03
      vertex  5.878490e+03  6.024296e+03  7.377790e+03
    endloop
  endfacet
  facet normal -2.055716e-01  7.212255e-01 -6.614938e-01
    outer loop
      vertex  5.606775e+03  6.275273e+03  7.720044e+03
      vertex  5.748450e+03  6.289568e+03  7.691602e+03
      vertex  5.746958e+03  6.200477e+03  7.594929e+03
    endloop
  endfacet
  facet normal -1.939753e-01  8.877202e-01 -4.175242e-01
    outer loop
      vertex  5.483424e+03  7.201431e+03  9.181438e+03
      vertex  5.625481e+03  7.228420e+03  9.172823e+03
      vertex  5.624190e+03  7.174566e+03  9.058920e+03
    endloop
  endfacet
  facet normal -2.238463e-01  7.695976e-01 -5.980070e-01
    outer loop
      vertex  5.471358e+03  6.586497e+03  8.149110e+03
      vertex  5.611123e+03  6.527896e+03  8.021377e+03
      vertex  5.468653e+03  6.425988e+03  7.943558e+03
    endloop
  endfacet
  facet normal -2.139689e-01  7.639784e-01 -6.087316e-01
    outer loop
      vertex  5.468653e+03  6.425988e+03  7.943558e+03
      vertex  5.611123e+03  6.527896e+03  8.021377e+03
      vertex  5.609680e+03  6.445940e+03  7.919027e+03
    endloop
  endfacet
  facet normal -2.149236e-01  7.498865e-01 -6.256821e-01
    outer loop
      vertex  5.468653e+03  6.425988e+03  7.943558e+03
      vertex  5.609680e+03  6.445940e+03  7.919027e+03
      vertex  5.608228e+03  6.361561e+03  7.818396e+03
    endloop
  endfacet
  facet normal -2.375916e-01  8.577440e-01 -4.558787e-01
    outer loop
      vertex  5.026636e+03  7.057163e+03  9.112757e+03
      vertex  5.139406e+03  7.021257e+03  8.986428e+03
      vertex  5.025718e+03  6.966461e+03  8.942579e+03
    endloop
  endfacet
  facet normal -2.365356e-01  8.308609e-01 -5.037073e-01
    outer loop
      vertex  5.137840e+03  6.905826e+03  8.779319e+03
      vertex  5.136272e+03  6.783979e+03  8.579070e+03
      vertex  5.024494e+03  6.839089e+03  8.722463e+03
    endloop
  endfacet
  facet normal -2.432472e-01  8.096204e-01 -5.341775e-01
    outer loop
      vertex  5.023269e+03  6.704454e+03  8.509996e+03
      vertex  5.136272e+03  6.783979e+03  8.579070e+03
      vertex  5.134705e+03  6.655838e+03  8.385568e+03
    endloop
  endfacet
  facet normal -2.650653e-01  7.937135e-01 -5.475028e-01
    outer loop
      vertex  5.023269e+03  6.704454e+03  8.509996e+03
      vertex  5.134705e+03  6.655838e+03  8.385568e+03
      vertex  5.022043e+03  6.562681e+03  8.305062e+03
    endloop
  endfacet
  facet normal -2.482513e-01  7.876029e-01 -5.639618e-01
    outer loop
      vertex  5.022043e+03  6.562681e+03  8.305062e+03
      vertex  5.134705e+03  6.655838e+03  8.385568e+03
      vertex  5.133137e+03  6.521538e+03  8.198701e+03
    endloop
  endfacet
  facet normal -2.685483e-01  7.702464e-01 -5.784482e-01
    outer loop
      vertex  5.022043e+03  6.562681e+03  8.305062e+03
      vertex  5.133137e+03  6.521538e+03  8.198701e+03
      vertex  5.020816e+03  6.413917e+03  8.107541e+03
    endloop
  endfacet
  facet normal -2.491539e-01  7.640808e-01 -5.950654e-01
    outer loop
      vertex  5.133137e+03  6.521538e+03  8.198701e+03
      vertex  5.131380e+03  6.363995e+03  7.997146e+03
      vertex  5.020816e+03  6.413917e+03  8.107541e+03
    endloop
  endfacet
  facet normal -2.706521e-01  7.460276e-01 -6.084325e-01
    outer loop
      vertex  5.019589e+03  6.258330e+03  7.917314e+03
      vertex  5.020816e+03  6.413917e+03  8.107541e+03
      vertex  5.131380e+03  6.363995e+03  7.997146e+03
    endloop
  endfacet
  facet normal -2.503455e-01  7.381605e-01 -6.264552e-01
    outer loop
      vertex  5.131380e+03  6.363995e+03  7.997146e+03
      vertex  5.129622e+03  6.199145e+03  7.803604e+03
      vertex  5.019589e+03  6.258330e+03  7.917314e+03
    endloop
  endfacet
  facet normal -2.707347e-01  7.213655e-01 -6.374437e-01
    outer loop
      vertex  5.019589e+03  6.258330e+03  7.917314e+03
      vertex  5.129622e+03  6.199145e+03  7.803604e+03
      vertex  5.018362e+03  6.096108e+03  7.734256e+03
    endloop
  endfacet
  facet normal -2.499424e-01  7.117287e-01 -6.564838e-01
    outer loop
      vertex  5.018362e+03  6.096108e+03  7.734256e+03
      vertex  5.129622e+03  6.199145e+03  7.803604e+03
      vertex  5.127864e+03  6.027242e+03  7.617904e+03
    endloop
  endfacet
  facet normal -2.690080e-01  6.963841e-01 -6.653448e-01
    outer loop
      vertex  5.018362e+03  6.096108e+03  7.734256e+03
      vertex  5.127864e+03  6.027242e+03  7.617904e+03
      vertex  5.017134e+03  5.927461e+03  7.558238e+03
    endloop
  endfacet
  facet normal -2.481323e-01  6.849763e-01 -6.850092e-01
    outer loop
      vertex  5.017134e+03  5.927461e+03  7.558238e+03
      vertex  5.127864e+03  6.027242e+03  7.617904e+03
      vertex  5.126106e+03  5.848558e+03  7.439866e+03
    endloop
  endfacet
  facet normal -2.657215e-01  6.711967e-01 -6.920167e-01
    outer loop
      vertex  5.017134e+03  5.927461e+03  7.558238e+03
      vertex  5.126106e+03  5.848558e+03  7.439866e+03
      vertex  5.015906e+03  5.752615e+03  7.389125e+03
    endloop
  endfacet
  facet normal -2.451458e-01  6.580877e-01 -7.119159e-01
    outer loop
      vertex  5.015906e+03  5.752615e+03  7.389125e+03
      vertex  5.126106e+03  5.848558e+03  7.439866e+03
      vertex  5.124347e+03  5.663388e+03  7.269302e+03
    endloop
  endfacet
  facet normal -2.531682e-01  6.437743e-01 -7.221222e-01
    outer loop
      vertex  5.031383e+03  5.605178e+03  7.250000e+03
      vertex  5.124347e+03  5.663388e+03  7.269302e+03
      vertex  5.109305e+03  5.635821e+03  7.250000e+03
    endloop
  endfacet
  facet normal -2.076535e-01  8.891816e-01 -4.077204e-01
    outer loop
      vertex  4.914125e+03  7.190541e+03  9.447303e+03
      vertex  5.028469e+03  7.226008e+03  9.466416e+03
      vertex  5.027553e+03  7.143688e+03  9.287353e+03
    endloop
  endfacet
  facet normal -2.273264e-01  8.791903e-01 -4.187446e-01
    outer loop
      vertex  4.914125e+03  7.190541e+03  9.447303e+03
      vertex  5.027553e+03  7.143688e+03  9.287353e+03
      vertex  4.913573e+03  7.096411e+03  9.249969e+03
    endloop
  endfacet
  facet normal -2.209192e-01  8.743309e-01 -4.321344e-01
    outer loop
      vertex  4.913573e+03  7.096411e+03  9.249969e+03
      vertex  5.027553e+03  7.143688e+03  9.287353e+03
      vertex  5.026636e+03  7.057163e+03  9.112757e+03
    endloop
  endfacet
  facet normal -2.404036e-01  8.627263e-01 -4.448702e-01
    outer loop
      vertex  4.913573e+03  7.096411e+03  9.249969e+03
      vertex  5.026636e+03  7.057163e+03  9.112757e+03
      vertex  4.913020e+03  6.997235e+03  9.057938e+03
    endloop
  endfacet
  facet normal -2.327291e-01  8.587714e-01 -4.564524e-01
    outer loop
      vertex  4.913020e+03  6.997235e+03  9.057938e+03
      vertex  5.026636e+03  7.057163e+03  9.112757e+03
      vertex  5.025718e+03  6.966461e+03  8.942579e+03
    endloop
  endfacet
  facet normal -2.668536e-01  8.019323e-01 -5.345032e-01
    outer loop
      vertex  4.911565e+03  6.713049e+03  8.578661e+03
      vertex  5.023269e+03  6.704454e+03  8.509996e+03
      vertex  4.911218e+03  6.640351e+03  8.469763e+03
    endloop
  endfacet
  facet normal -2.579738e-01  7.952740e-01 -5.486246e-01
    outer loop
      vertex  4.911218e+03  6.640351e+03  8.469763e+03
      vertex  5.023269e+03  6.704454e+03  8.509996e+03
      vertex  5.022043e+03  6.562681e+03  8.305062e+03
    endloop
  endfacet
  facet normal -2.794864e-01  7.821398e-01 -5.569063e-01
    outer loop
      vertex  4.911218e+03  6.640351e+03  8.469763e+03
      vertex  5.022043e+03  6.562681e+03  8.305062e+03
      vertex  4.910524e+03  6.489243e+03  8.257889e+03
    endloop
  endfacet
  facet normal -2.629412e-01  7.714643e-01 -5.794004e-01
    outer loop
      vertex  4.910524e+03  6.489243e+03  8.257889e+03
      vertex  5.022043e+03  6.562681e+03  8.305062e+03
      vertex  5.020816e+03  6.413917e+03  8.107541e+03
    endloop
  endfacet
  facet normal -2.656586e-01  7.470878e-01 -6.093318e-01
    outer loop
      vertex  4.909830e+03  6.330636e+03  8.053820e+03
      vertex  5.020816e+03  6.413917e+03  8.107541e+03
      vertex  5.019589e+03  6.258330e+03  7.917314e+03
    endloop
  endfacet
  facet normal -2.859789e-01  7.324083e-01 -6.178950e-01
    outer loop
      vertex  4.909830e+03  6.330636e+03  8.053820e+03
      vertex  5.019589e+03  6.258330e+03  7.917314e+03
      vertex  4.909135e+03  6.164696e+03  7.857449e+03
    endloop
  endfacet
  facet normal -2.663384e-01  7.222682e-01 -6.382731e-01
    outer loop
      vertex  4.909135e+03  6.164696e+03  7.857449e+03
      vertex  5.019589e+03  6.258330e+03  7.917314e+03
      vertex  5.018362e+03  6.096108e+03  7.734256e+03
    endloop
  endfacet
  facet normal -2.839662e-01  7.083917e-01 -6.461767e-01
    outer loop
      vertex  4.909135e+03  6.164696e+03  7.857449e+03
      vertex  5.018362e+03  6.096108e+03  7.734256e+03
      vertex  4.908499e+03  6.006727e+03  7.684550e+03
    endloop
  endfacet
  facet normal -2.657577e-01  6.970240e-01 -6.659807e-01
    outer loop
      vertex  4.908499e+03  6.006727e+03  7.684550e+03
      vertex  5.018362e+03  6.096108e+03  7.734256e+03
      vertex  5.017134e+03  5.927461e+03  7.558238e+03
    endloop
  endfacet
  facet normal -2.816077e-01  6.849088e-01 -6.720098e-01
    outer loop
      vertex  4.908499e+03  6.006727e+03  7.684550e+03
      vertex  5.017134e+03  5.927461e+03  7.558238e+03
      vertex  4.907863e+03  5.842954e+03  7.517900e+03
    endloop
  endfacet
  facet normal -2.637564e-01  6.715646e-01 -6.924113e-01
    outer loop
      vertex  4.907863e+03  5.842954e+03  7.517900e+03
      vertex  5.017134e+03  5.927461e+03  7.558238e+03
      vertex  5.015906e+03  5.752615e+03  7.389125e+03
    endloop
  endfacet
  facet normal -1.950988e-01  6.669711e-01 -7.190869e-01
    outer loop
      vertex  6.000000e+03  5.924234e+03  7.250000e+03
      vertex  5.780685e+03  5.860081e+03  7.250000e+03
      vertex  5.742481e+03  5.922537e+03  7.318294e+03
    endloop
  endfacet
  facet normal -2.015723e-01  6.367608e-01 -7.442476e-01
    outer loop
      vertex  6.000000e+03  5.924234e+03  7.250000e+03
      vertex  5.742481e+03  5.922537e+03  7.318294e+03
      vertex  5.876998e+03  5.928649e+03  7.287091e+03
    endloop
  endfacet
  facet normal -1.941138e-01  6.633647e-01 -7.226803e-01
    outer loop
      vertex  6.000000e+03  5.924234e+03  7.250000e+03
      vertex  5.876998e+03  5.928649e+03  7.287091e+03
      vertex  5.967100e+03  5.931552e+03  7.265555e+03
    endloop
  endfacet
  facet normal -1.907469e-01  6.691135e-01 -7.182637e-01
    outer loop
      vertex  6.000000e+03  5.924234e+03  7.250000e+03
      vertex  5.967100e+03  5.931552e+03  7.265555e+03
      vertex  6.148230e+03  5.937382e+03  7.222883e+03
    endloop
  endfacet
  facet normal -1.915969e-01  6.578491e-01 -7.283716e-01
    outer loop
      vertex  6.000000e+03  5.924234e+03  7.250000e+03
      vertex  6.148230e+03  5.937382e+03  7.222883e+03
      vertex  6.146832e+03  5.836354e+03  7.132005e+03
    endloop
  endfacet
  facet normal -1.960232e-01  6.537825e-01 -7.308511e-01
    outer loop
      vertex  6.000000e+03  5.924234e+03  7.250000e+03
      vertex  6.146832e+03  5.836354e+03  7.132005e+03
      vertex  6.000000e+03  5.765924e+03  7.108384e+03
    endloop
  endfacet
  facet normal -2.597937e-01  5.487160e-01 -7.946181e-01
    outer loop
      vertex  7.300319e+03  5.200655e+03  6.313000e+03
      vertex  7.200603e+03  5.153444e+03  6.313000e+03
      vertex  7.189321e+03  5.231846e+03  6.370828e+03
    endloop
  endfacet
  facet normal -2.544524e-01  5.583962e-01 -7.895870e-01
    outer loop
      vertex  7.300319e+03  5.200655e+03  6.313000e+03
      vertex  7.189321e+03  5.231846e+03  6.370828e+03
      vertex  7.294845e+03  5.346578e+03  6.417961e+03
    endloop
  endfacet
  facet normal -2.675384e-01  5.560047e-01 -7.869447e-01
    outer loop
      vertex  7.300319e+03  5.200655e+03  6.313000e+03
      vertex  7.294845e+03  5.346578e+03  6.417961e+03
      vertex  7.400000e+03  5.358896e+03  6.390915e+03
    endloop
  endfacet
  facet normal -2.842590e-01  5.616472e-01 -7.770129e-01
    outer loop
      vertex  7.300319e+03  5.200655e+03  6.313000e+03
      vertex  7.400000e+03  5.358896e+03  6.390915e+03
      vertex  7.400000e+03  5.356839e+03  6.389427e+03
    endloop
  endfacet
  facet normal -2.837866e-01  5.614869e-01 -7.773015e-01
    outer loop
      vertex  7.300319e+03  5.200655e+03  6.313000e+03
      vertex  7.400000e+03  5.356839e+03  6.389427e+03
      vertex  7.400000e+03  5.354781e+03  6.387941e+03
    endloop
  endfacet
  facet normal -2.832172e-01  5.612891e-01 -7.776519e-01
    outer loop
      vertex  7.300319e+03  5.200655e+03  6.313000e+03
      vertex  7.400000e+03  5.354781e+03  6.387941e+03
      vertex  7.400000e+03  5.352723e+03  6.386455e+03
    endloop
  endfacet
  facet normal -2.829876e-01  5.612075e-01 -7.777944e-01
    outer loop
      vertex  7.300319e+03  5.200655e+03  6.313000e+03
      vertex  7.400000e+03  5.352723e+03  6.386455e+03
      vertex  7.400000e+03  5.350664e+03  6.384970e+03
    endloop
  endfacet
  facet normal -2.827615e-01  5.611252e-01 -7.779360e-01
    outer loop
      vertex  7.300319e+03  5.200655e+03  6.313000e+03
      vertex  7.400000e+03  5.350664e+03  6.384970e+03
      vertex  7.400000e+03  5.348605e+03  6.383485e+03
    endloop
  endfacet
  facet normal -2.819946e-01  5.608392e-01 -7.784204e-01
    outer loop
      vertex  7.300319e+03  5.200655e+03  6.313000e+03
      vertex  7.400000e+03  5.348605e+03  6.383485e+03
      vertex  7.400000e+03  5.346546e+03  6.382001e+03
    endloop
  endfacet
  facet normal -2.817751e-01  5.607554e-01 -7.785603e-01
    outer loop
      vertex  7.300319e+03  5.200655e+03  6.313000e+03
      vertex  7.400000e+03  5.346546e+03  6.382001e+03
      vertex  7.400000e+03  5.344486e+03  6.380518e+03
    endloop
  endfacet
  facet normal -2.813429e-01  5.605863e-01 -7.788383e-01
    outer loop
      vertex  7.300319e+03  5.200655e+03  6.313000e+03
      vertex  7.400000e+03  5.344486e+03  6.380518e+03
      vertex  7.400000e+03  5.342427e+03  6.379035e+03
    endloop
  endfacet
  facet normal -2.808239e-01  5.603784e-01 -7.791752e-01
    outer loop
      vertex  7.300319e+03  5.200655e+03  6.313000e+03
      vertex  7.400000e+03  5.342427e+03  6.379035e+03
      vertex  7.400000e+03  5.340366e+03  6.377553e+03
    endloop
  endfacet
  facet normal -2.806146e-01  5.602924e-01 -7.793125e-01
    outer loop
      vertex  7.300319e+03  5.200655e+03  6.313000e+03
      vertex  7.400000e+03  5.340366e+03  6.377553e+03
      vertex  7.400000e+03  5.338306e+03  6.376072e+03
    endloop
  endfacet
  facet normal -2.800546e-01  5.600567e-01 -7.796832e-01
    outer loop
      vertex  7.300319e+03  5.200655e+03  6.313000e+03
      vertex  7.400000e+03  5.338306e+03  6.376072e+03
      vertex  7.400000e+03  5.336245e+03  6.374591e+03
    endloop
  endfacet
  facet normal -2.798520e-01  5.599694e-01 -7.798188e-01
    outer loop
      vertex  7.300319e+03  5.200655e+03  6.313000e+03
      vertex  7.400000e+03  5.336245e+03  6.374591e+03
      vertex  7.400000e+03  5.334184e+03  6.373111e+03
    endloop
  endfacet
  facet normal -2.793104e-01  5.597298e-01 -7.801847e-01
    outer loop
      vertex  7.300319e+03  5.200655e+03  6.313000e+03
      vertex  7.400000e+03  5.334184e+03  6.373111e+03
      vertex  7.400000e+03  5.332122e+03  6.371632e+03
    endloop
  endfacet
  facet normal -2.789741e-01  5.595773e-01 -7.804144e-01
    outer loop
      vertex  7.300319e+03  5.200655e+03  6.313000e+03
      vertex  7.400000e+03  5.332122e+03  6.371632e+03
      vertex  7.400000e+03  5.330060e+03  6.370154e+03
    endloop
  endfacet
  facet normal -2.786437e-01  5.594236e-01 -7.806426e-01
    outer loop
      vertex  7.300319e+03  5.200655e+03  6.313000e+03
      vertex  7.400000e+03  5.330060e+03  6.370154e+03
      vertex  7.400000e+03  5.327998e+03  6.368676e+03
    endloop
  endfacet
  facet normal -2.784547e-01  5.593334e-01 -7.807747e-01
    outer loop
      vertex  7.300319e+03  5.200655e+03  6.313000e+03
      vertex  7.400000e+03  5.327998e+03  6.368676e+03
      vertex  7.400000e+03  5.325935e+03  6.367198e+03
    endloop
  endfacet
  facet normal -2.779506e-01  5.590865e-01 -7.811311e-01
    outer loop
      vertex  7.300319e+03  5.200655e+03  6.313000e+03
      vertex  7.400000e+03  5.325935e+03  6.367198e+03
      vertex  7.400000e+03  5.323872e+03  6.365722e+03
    endloop
  endfacet
  facet normal -2.775862e-01  5.589032e-01 -7.813918e-01
    outer loop
      vertex  7.300319e+03  5.200655e+03  6.313000e+03
      vertex  7.400000e+03  5.323872e+03  6.365722e+03
      vertex  7.400000e+03  5.321809e+03  6.364246e+03
    endloop
  endfacet
  facet normal -2.773305e-01  5.587711e-01 -7.815770e-01
    outer loop
      vertex  7.300319e+03  5.200655e+03  6.313000e+03
      vertex  7.400000e+03  5.321809e+03  6.364246e+03
      vertex  7.400000e+03  5.319745e+03  6.362771e+03
    endloop
  endfacet
  facet normal -2.771051e-01  5.586517e-01 -7.817425e-01
    outer loop
      vertex  7.300319e+03  5.200655e+03  6.313000e+03
      vertex  7.400000e+03  5.319745e+03  6.362771e+03
      vertex  7.400000e+03  5.317682e+03  6.361296e+03
    endloop
  endfacet
  facet normal -2.765156e-01  5.583304e-01 -7.821805e-01
    outer loop
      vertex  7.300319e+03  5.200655e+03  6.313000e+03
      vertex  7.400000e+03  5.317682e+03  6.361296e+03
      vertex  7.400000e+03  5.315617e+03  6.359822e+03
    endloop
  endfacet
  facet normal -2.765157e-01  5.583304e-01 -7.821805e-01
    outer loop
      vertex  7.300319e+03  5.200655e+03  6.313000e+03
      vertex  7.400000e+03  5.315617e+03  6.359822e+03
      vertex  7.400000e+03  5.313553e+03  6.358349e+03
    endloop
  endfacet
  facet normal -2.760679e-01  5.580724e-01 -7.825226e-01
    outer loop
      vertex  7.300319e+03  5.200655e+03  6.313000e+03
      vertex  7.400000e+03  5.313553e+03  6.358349e+03
      vertex  7.400000e+03  5.311488e+03  6.356876e+03
    endloop
  endfacet
  facet normal -2.756294e-01  5.578126e-01 -7.828624e-01
    outer loop
      vertex  7.300319e+03  5.200655e+03  6.313000e+03
      vertex  7.400000e+03  5.311488e+03  6.356876e+03
      vertex  7.400000e+03  5.309422e+03  6.355404e+03
    endloop
  endfacet
  facet normal -2.754713e-01  5.577161e-01 -7.829868e-01
    outer loop
      vertex  7.300319e+03  5.200655e+03  6.313000e+03
      vertex  7.400000e+03  5.309422e+03  6.355404e+03
      vertex  7.400000e+03  5.307357e+03  6.353933e+03
    endloop
  endfacet
  facet normal -2.752064e-01  5.575498e-01 -7.831983e-01
    outer loop
      vertex  7.300319e+03  5.200655e+03  6.313000e+03
      vertex  7.400000e+03  5.307357e+03  6.353933e+03
      vertex  7.400000e+03  5.305291e+03  6.352462e+03
    endloop
  endfacet
  facet normal -2.749475e-01  5.573825e-01 -7.834084e-01
    outer loop
      vertex  7.300319e+03  5.200655e+03  6.313000e+03
      vertex  7.400000e+03  5.305291e+03  6.352462e+03
      vertex  7.400000e+03  5.303225e+03  6.350992e+03
    endloop
  endfacet
  facet normal -2.746520e-01  5.571856e-01 -7.836521e-01
    outer loop
      vertex  7.300319e+03  5.200655e+03  6.313000e+03
      vertex  7.400000e+03  5.303225e+03  6.350992e+03
      vertex  7.400000e+03  5.301158e+03  6.349523e+03
    endloop
  endfacet
  facet normal -2.744051e-01  5.570159e-01 -7.838592e-01
    outer loop
      vertex  7.300319e+03  5.200655e+03  6.313000e+03
      vertex  7.400000e+03  5.301158e+03  6.349523e+03
      vertex  7.400000e+03  5.299091e+03  6.348054e+03
    endloop
  endfacet
  facet normal -2.741642e-01  5.568452e-01 -7.840648e-01
    outer loop
      vertex  7.300319e+03  5.200655e+03  6.313000e+03
      vertex  7.400000e+03  5.299091e+03  6.348054e+03
      vertex  7.400000e+03  5.297024e+03  6.346586e+03
    endloop
  endfacet
  facet normal -2.738895e-01  5.566442e-01 -7.843034e-01
    outer loop
      vertex  7.300319e+03  5.200655e+03  6.313000e+03
      vertex  7.400000e+03  5.297024e+03  6.346586e+03
      vertex  7.400000e+03  5.294957e+03  6.345119e+03
    endloop
  endfacet
  facet normal -2.736606e-01  5.564713e-01 -7.845060e-01
    outer loop
      vertex  7.300319e+03  5.200655e+03  6.313000e+03
      vertex  7.400000e+03  5.294957e+03  6.345119e+03
      vertex  7.400000e+03  5.292889e+03  6.343652e+03
    endloop
  endfacet
  facet normal -2.733074e-01  5.561954e-01 -7.848246e-01
    outer loop
      vertex  7.300319e+03  5.200655e+03  6.313000e+03
      vertex  7.400000e+03  5.292889e+03  6.343652e+03
      vertex  7.400000e+03  5.290820e+03  6.342186e+03
    endloop
  endfacet
  facet normal -2.731804e-01  5.560929e-01 -7.849415e-01
    outer loop
      vertex  7.300319e+03  5.200655e+03  6.313000e+03
      vertex  7.400000e+03  5.290820e+03  6.342186e+03
      vertex  7.400000e+03  5.288752e+03  6.340721e+03
    endloop
  endfacet
  facet normal -2.729695e-01  5.559167e-01 -7.851396e-01
    outer loop
      vertex  7.300319e+03  5.200655e+03  6.313000e+03
      vertex  7.400000e+03  5.288752e+03  6.340721e+03
      vertex  7.400000e+03  5.286683e+03  6.339256e+03
    endloop
  endfacet
  facet normal -2.727648e-01  5.557393e-01 -7.853363e-01
    outer loop
      vertex  7.300319e+03  5.200655e+03  6.313000e+03
      vertex  7.400000e+03  5.286683e+03  6.339256e+03
      vertex  7.400000e+03  5.284614e+03  6.337792e+03
    endloop
  endfacet
  facet normal -2.725320e-01  5.555304e-01 -7.855649e-01
    outer loop
      vertex  7.300319e+03  5.200655e+03  6.313000e+03
      vertex  7.400000e+03  5.284614e+03  6.337792e+03
      vertex  7.400000e+03  5.282544e+03  6.336328e+03
    endloop
  endfacet
  facet normal -2.723392e-01  5.553511e-01 -7.857587e-01
    outer loop
      vertex  7.300319e+03  5.200655e+03  6.313000e+03
      vertex  7.400000e+03  5.282544e+03  6.336328e+03
      vertex  7.400000e+03  5.280475e+03  6.334865e+03
    endloop
  endfacet
  facet normal -2.720430e-01  5.550647e-01 -7.860635e-01
    outer loop
      vertex  7.300319e+03  5.200655e+03  6.313000e+03
      vertex  7.400000e+03  5.280475e+03  6.334865e+03
      vertex  7.400000e+03  5.278404e+03  6.333403e+03
    endloop
  endfacet
  facet normal -2.719371e-01  5.549582e-01 -7.861753e-01
    outer loop
      vertex  7.300319e+03  5.200655e+03  6.313000e+03
      vertex  7.400000e+03  5.278404e+03  6.333403e+03
      vertex  7.400000e+03  5.276334e+03  6.331942e+03
    endloop
  endfacet
  facet normal -2.717624e-01  5.547755e-01 -7.863646e-01
    outer loop
      vertex  7.300319e+03  5.200655e+03  6.313000e+03
      vertex  7.400000e+03  5.276334e+03  6.331942e+03
      vertex  7.400000e+03  5.274263e+03  6.330481e+03
    endloop
  endfacet
  facet normal -2.716636e-01  5.546678e-01 -7.864747e-01
    outer loop
      vertex  7.300319e+03  5.200655e+03  6.313000e+03
      vertex  7.400000e+03  5.274263e+03  6.330481e+03
      vertex  7.400000e+03  5.272192e+03  6.329021e+03
    endloop
  endfacet
  facet normal -2.713384e-01  5.542981e-01 -7.868475e-01
    outer loop
      vertex  7.300319e+03  5.200655e+03  6.313000e+03
      vertex  7.400000e+03  5.272192e+03  6.329021e+03
      vertex  7.400000e+03  5.270121e+03  6.327561e+03
    endloop
  endfacet
  facet normal -2.712466e-01  5.541891e-01 -7.869560e-01
    outer loop
      vertex  7.300319e+03  5.200655e+03  6.313000e+03
      vertex  7.400000e+03  5.270121e+03  6.327561e+03
      vertex  7.400000e+03  5.268049e+03  6.326102e+03
    endloop
  endfacet
  facet normal -2.710699e-01  5.539697e-01 -7.871713e-01
    outer loop
      vertex  7.300319e+03  5.200655e+03  6.313000e+03
      vertex  7.400000e+03  5.268049e+03  6.326102e+03
      vertex  7.400000e+03  5.265977e+03  6.324644e+03
    endloop
  endfacet
  facet normal -2.709254e-01  5.537816e-01 -7.873532e-01
    outer loop
      vertex  7.300319e+03  5.200655e+03  6.313000e+03
      vertex  7.400000e+03  5.265977e+03  6.324644e+03
      vertex  7.400000e+03  5.263905e+03  6.323187e+03
    endloop
  endfacet
  facet normal -2.707871e-01  5.535927e-01 -7.875339e-01
    outer loop
      vertex  7.300319e+03  5.200655e+03  6.313000e+03
      vertex  7.400000e+03  5.263905e+03  6.323187e+03
      vertex  7.400000e+03  5.261832e+03  6.321729e+03
    endloop
  endfacet
  facet normal -2.707093e-01  5.534810e-01 -7.876390e-01
    outer loop
      vertex  7.300319e+03  5.200655e+03  6.313000e+03
      vertex  7.400000e+03  5.261832e+03  6.321729e+03
      vertex  7.400000e+03  5.259759e+03  6.320273e+03
    endloop
  endfacet
  facet normal -2.704568e-01  5.530988e-01 -7.879942e-01
    outer loop
      vertex  7.300319e+03  5.200655e+03  6.313000e+03
      vertex  7.400000e+03  5.259759e+03  6.320273e+03
      vertex  7.400000e+03  5.257686e+03  6.318817e+03
    endloop
  endfacet
  facet normal -2.704358e-01  5.530652e-01 -7.880251e-01
    outer loop
      vertex  7.300319e+03  5.200655e+03  6.313000e+03
      vertex  7.400000e+03  5.257686e+03  6.318817e+03
      vertex  7.400000e+03  5.255612e+03  6.317362e+03
    endloop
  endfacet
  facet normal -2.702745e-01  5.527923e-01 -7.882717e-01
    outer loop
      vertex  7.300319e+03  5.200655e+03  6.313000e+03
      vertex  7.400000e+03  5.255612e+03  6.317362e+03
      vertex  7.400000e+03  5.253538e+03  6.315908e+03
    endloop
  endfacet
  facet normal -2.701474e-01  5.525640e-01 -7.884755e-01
    outer loop
      vertex  7.300319e+03  5.200655e+03  6.313000e+03
      vertex  7.400000e+03  5.253538e+03  6.315908e+03
      vertex  7.400000e+03  5.251464e+03  6.314454e+03
    endloop
  endfacet
  facet normal -2.700874e-01  5.524490e-01 -7.885765e-01
    outer loop
      vertex  7.300319e+03  5.200655e+03  6.313000e+03
      vertex  7.400000e+03  5.251464e+03  6.314454e+03
      vertex  7.400000e+03  5.249390e+03  6.313001e+03
    endloop
  endfacet
  facet normal -1.388144e-01  9.535682e-01 -2.672797e-01
    outer loop
      vertex  7.400000e+03  7.701698e+03  9.650000e+03
      vertex  7.400000e+03  7.700508e+03  9.645753e+03
      vertex  7.298091e+03  7.656046e+03  9.540055e+03
    endloop
  endfacet
  facet normal -4.279152e-01  9.035642e-01  2.145311e-02
    outer loop
      vertex  7.400000e+03  7.701698e+03  9.650000e+03
      vertex  7.298091e+03  7.656046e+03  9.540055e+03
      vertex  7.195969e+03  7.610026e+03  9.441328e+03
    endloop
  endfacet
  facet normal -1.387163e-01  9.494853e-01 -2.814880e-01
    outer loop
      vertex  7.400000e+03  7.701698e+03  9.650000e+03
      vertex  7.195969e+03  7.610026e+03  9.441328e+03
      vertex  7.093885e+03  7.595871e+03  9.443888e+03
    endloop
  endfacet
  facet normal -1.407852e-01  9.500078e-01 -2.786836e-01
    outer loop
      vertex  7.400000e+03  7.701698e+03  9.650000e+03
      vertex  7.093885e+03  7.595871e+03  9.443888e+03
      vertex  6.991772e+03  7.581498e+03  9.446475e+03
    endloop
  endfacet
  facet normal -1.253633e-01  9.437644e-01 -3.059292e-01
    outer loop
      vertex  7.400000e+03  7.701698e+03  9.650000e+03
      vertex  6.991772e+03  7.581498e+03  9.446475e+03
      vertex  6.983716e+03  7.646402e+03  9.650000e+03
    endloop
  endfacet
  facet normal -1.518355e-01  9.368675e-01 -3.150001e-01
    outer loop
      vertex  6.156618e+03  7.518462e+03  9.650000e+03
      vertex  6.567616e+03  7.585072e+03  9.650000e+03
      vertex  6.379550e+03  7.514544e+03  9.530889e+03
    endloop
  endfacet
  facet normal -1.618534e-01  9.287585e-01 -3.334832e-01
    outer loop
      vertex  6.156618e+03  7.518462e+03  9.650000e+03
      vertex  6.379550e+03  7.514544e+03  9.530889e+03
      vertex  6.174567e+03  7.446110e+03  9.439786e+03
    endloop
  endfacet
  facet normal -1.624310e-01  9.286530e-01 -3.334963e-01
    outer loop
      vertex  6.156618e+03  7.518462e+03  9.650000e+03
      vertex  6.174567e+03  7.446110e+03  9.439786e+03
      vertex  5.995453e+03  7.428742e+03  9.478660e+03
    endloop
  endfacet
  facet normal -1.701533e-01  9.296637e-01 -3.267618e-01
    outer loop
      vertex  6.156618e+03  7.518462e+03  9.650000e+03
      vertex  5.995453e+03  7.428742e+03  9.478660e+03
      vertex  5.905761e+03  7.413068e+03  9.480771e+03
    endloop
  endfacet
  facet normal -1.744120e-01  9.308222e-01 -3.211705e-01
    outer loop
      vertex  6.156618e+03  7.518462e+03  9.650000e+03
      vertex  5.905761e+03  7.413068e+03  9.480771e+03
      vertex  5.771264e+03  7.388937e+03  9.483874e+03
    endloop
  endfacet
  facet normal -1.637092e-01  9.254116e-01 -3.417786e-01
    outer loop
      vertex  6.156618e+03  7.518462e+03  9.650000e+03
      vertex  5.771264e+03  7.388937e+03  9.483874e+03
      vertex  5.746121e+03  7.445844e+03  9.650000e+03
    endloop
  endfacet
  facet normal -1.787048e-01  9.221992e-01 -3.429478e-01
    outer loop
      vertex  5.746121e+03  7.445844e+03  9.650000e+03
      vertex  5.771264e+03  7.388937e+03  9.483874e+03
      vertex  5.628920e+03  7.362539e+03  9.487061e+03
    endloop
  endfacet
  facet normal -1.782003e-01  9.221678e-01 -3.432946e-01
    outer loop
      vertex  5.746121e+03  7.445844e+03  9.650000e+03
      vertex  5.628920e+03  7.362539e+03  9.487061e+03
      vertex  5.487047e+03  7.351314e+03  9.530555e+03
    endloop
  endfacet
  facet normal -1.874394e-01  9.263911e-01 -3.265977e-01
    outer loop
      vertex  5.746121e+03  7.445844e+03  9.650000e+03
      vertex  5.487047e+03  7.351314e+03  9.530555e+03
      vertex  5.398054e+03  7.334071e+03  9.532718e+03
    endloop
  endfacet
  facet normal -1.763596e-01  9.190499e-01 -3.524835e-01
    outer loop
      vertex  5.746121e+03  7.445844e+03  9.650000e+03
      vertex  5.398054e+03  7.334071e+03  9.532718e+03
      vertex  5.341945e+03  7.368285e+03  9.650000e+03
    endloop
  endfacet
  facet normal -1.378609e-01  9.534609e-01 -2.681540e-01
    outer loop
      vertex  7.298091e+03  7.656046e+03  9.540055e+03
      vertex  7.400000e+03  7.700508e+03  9.645753e+03
      vertex  7.400000e+03  7.699314e+03  9.641510e+03
    endloop
  endfacet
  facet normal -1.372907e-01  9.533905e-01 -2.686968e-01
    outer loop
      vertex  7.298091e+03  7.656046e+03  9.540055e+03
      vertex  7.400000e+03  7.699314e+03  9.641510e+03
      vertex  7.400000e+03  7.698119e+03  9.637269e+03
    endloop
  endfacet
  facet normal -1.366361e-01  9.533017e-01 -2.693445e-01
    outer loop
      vertex  7.298091e+03  7.656046e+03  9.540055e+03
      vertex  7.400000e+03  7.698119e+03  9.637269e+03
      vertex  7.400000e+03  7.696921e+03  9.633029e+03
    endloop
  endfacet
  facet normal -1.355781e-01  9.531440e-01 -2.704348e-01
    outer loop
      vertex  7.298091e+03  7.656046e+03  9.540055e+03
      vertex  7.400000e+03  7.696921e+03  9.633029e+03
      vertex  7.400000e+03  7.694519e+03  9.624561e+03
    endloop
  endfacet
  facet normal -1.343499e-01  9.529250e-01 -2.718163e-01
    outer loop
      vertex  7.298091e+03  7.656046e+03  9.540055e+03
      vertex  7.400000e+03  7.694519e+03  9.624561e+03
      vertex  7.400000e+03  7.692106e+03  9.616103e+03
    endloop
  endfacet
  facet normal -1.332789e-01  9.526960e-01 -2.731429e-01
    outer loop
      vertex  7.298091e+03  7.656046e+03  9.540055e+03
      vertex  7.400000e+03  7.692106e+03  9.616103e+03
      vertex  7.400000e+03  7.689684e+03  9.607655e+03
    endloop
  endfacet
  facet normal -1.322431e-01  9.524295e-01 -2.745718e-01
    outer loop
      vertex  7.298091e+03  7.656046e+03  9.540055e+03
      vertex  7.400000e+03  7.689684e+03  9.607655e+03
      vertex  7.400000e+03  7.687252e+03  9.599219e+03
    endloop
  endfacet
  facet normal -1.314139e-01  9.521710e-01 -2.758636e-01
    outer loop
      vertex  7.298091e+03  7.656046e+03  9.540055e+03
      vertex  7.400000e+03  7.687252e+03  9.599219e+03
      vertex  7.400000e+03  7.684811e+03  9.590792e+03
    endloop
  endfacet
  facet normal -1.306314e-01  9.518715e-01 -2.772656e-01
    outer loop
      vertex  7.298091e+03  7.656046e+03  9.540055e+03
      vertex  7.400000e+03  7.684811e+03  9.590792e+03
      vertex  7.400000e+03  7.682359e+03  9.582377e+03
    endloop
  endfacet
  facet normal -1.299824e-01  9.515604e-01 -2.786349e-01
    outer loop
      vertex  7.298091e+03  7.656046e+03  9.540055e+03
      vertex  7.400000e+03  7.682359e+03  9.582377e+03
      vertex  7.400000e+03  7.679898e+03  9.573973e+03
    endloop
  endfacet
  facet normal -1.294505e-01  9.512316e-01 -2.800018e-01
    outer loop
      vertex  7.298091e+03  7.656046e+03  9.540055e+03
      vertex  7.400000e+03  7.679898e+03  9.573973e+03
      vertex  7.400000e+03  7.677428e+03  9.565579e+03
    endloop
  endfacet
  facet normal -1.290610e-01  9.509061e-01 -2.812843e-01
    outer loop
      vertex  7.298091e+03  7.656046e+03  9.540055e+03
      vertex  7.400000e+03  7.677428e+03  9.565579e+03
      vertex  7.400000e+03  7.674948e+03  9.557195e+03
    endloop
  endfacet
  facet normal -1.287578e-01  9.505342e-01 -2.826767e-01
    outer loop
      vertex  7.298091e+03  7.656046e+03  9.540055e+03
      vertex  7.400000e+03  7.674948e+03  9.557195e+03
      vertex  7.400000e+03  7.672458e+03  9.548823e+03
    endloop
  endfacet
  facet normal -1.285902e-01  9.501760e-01 -2.839543e-01
    outer loop
      vertex  7.298091e+03  7.656046e+03  9.540055e+03
      vertex  7.400000e+03  7.672458e+03  9.548823e+03
      vertex  7.400000e+03  7.669959e+03  9.540461e+03
    endloop
  endfacet
  facet normal -1.285291e-01  9.497686e-01 -2.853416e-01
    outer loop
      vertex  7.298091e+03  7.656046e+03  9.540055e+03
      vertex  7.400000e+03  7.669959e+03  9.540461e+03
      vertex  7.400000e+03  7.667450e+03  9.532110e+03
    endloop
  endfacet
  facet normal -1.291491e-01  9.452049e-01 -2.998472e-01
    outer loop
      vertex  7.298091e+03  7.656046e+03  9.540055e+03
      vertex  7.400000e+03  7.667450e+03  9.532110e+03
      vertex  7.298006e+03  7.621734e+03  9.431930e+03
    endloop
  endfacet
  facet normal -1.359435e-01  9.443403e-01 -2.995675e-01
    outer loop
      vertex  7.298091e+03  7.656046e+03  9.540055e+03
      vertex  7.298006e+03  7.621734e+03  9.431930e+03
      vertex  7.195969e+03  7.610026e+03  9.441328e+03
    endloop
  endfacet
  facet normal -1.436598e-01  9.473795e-01 -2.860662e-01
    outer loop
      vertex  7.298006e+03  7.621734e+03  9.431930e+03
      vertex  7.400000e+03  7.667450e+03  9.532110e+03
      vertex  7.400000e+03  7.664932e+03  9.523770e+03
    endloop
  endfacet
  facet normal -1.423144e-01  9.471613e-01 -2.874577e-01
    outer loop
      vertex  7.298006e+03  7.621734e+03  9.431930e+03
      vertex  7.400000e+03  7.664932e+03  9.523770e+03
      vertex  7.400000e+03  7.662404e+03  9.515440e+03
    endloop
  endfacet
  facet normal -1.411395e-01  9.469342e-01 -2.887821e-01
    outer loop
      vertex  7.298006e+03  7.621734e+03  9.431930e+03
      vertex  7.400000e+03  7.662404e+03  9.515440e+03
      vertex  7.400000e+03  7.659867e+03  9.507121e+03
    endloop
  endfacet
  facet normal -1.400050e-01  9.466727e-01 -2.901883e-01
    outer loop
      vertex  7.298006e+03  7.621734e+03  9.431930e+03
      vertex  7.400000e+03  7.659867e+03  9.507121e+03
      vertex  7.400000e+03  7.657320e+03  9.498813e+03
    endloop
  endfacet
  facet normal -1.389868e-01  9.463916e-01 -2.915915e-01
    outer loop
      vertex  7.298006e+03  7.621734e+03  9.431930e+03
      vertex  7.400000e+03  7.657320e+03  9.498813e+03
      vertex  7.400000e+03  7.654763e+03  9.490515e+03
    endloop
  endfacet
  facet normal -1.381189e-01  9.461024e-01 -2.929394e-01
    outer loop
      vertex  7.298006e+03  7.621734e+03  9.431930e+03
      vertex  7.400000e+03  7.654763e+03  9.490515e+03
      vertex  7.400000e+03  7.652197e+03  9.482228e+03
    endloop
  endfacet
  facet normal -1.373637e-01  9.457948e-01 -2.942845e-01
    outer loop
      vertex  7.298006e+03  7.621734e+03  9.431930e+03
      vertex  7.400000e+03  7.652197e+03  9.482228e+03
      vertex  7.400000e+03  7.649622e+03  9.473951e+03
    endloop
  endfacet
  facet normal -1.366969e-01  9.454566e-01 -2.956786e-01
    outer loop
      vertex  7.298006e+03  7.621734e+03  9.431930e+03
      vertex  7.400000e+03  7.649622e+03  9.473951e+03
      vertex  7.400000e+03  7.647037e+03  9.465686e+03
    endloop
  endfacet
  facet normal -1.361812e-01  9.451213e-01 -2.969854e-01
    outer loop
      vertex  7.298006e+03  7.621734e+03  9.431930e+03
      vertex  7.400000e+03  7.647037e+03  9.465686e+03
      vertex  7.400000e+03  7.644443e+03  9.457430e+03
    endloop
  endfacet
  facet normal -1.357566e-01  9.447513e-01 -2.983543e-01
    outer loop
      vertex  7.298006e+03  7.621734e+03  9.431930e+03
      vertex  7.400000e+03  7.644443e+03  9.457430e+03
      vertex  7.400000e+03  7.641839e+03  9.449186e+03
    endloop
  endfacet
  facet normal -1.354636e-01  9.443815e-01 -2.996552e-01
    outer loop
      vertex  7.298006e+03  7.621734e+03  9.431930e+03
      vertex  7.400000e+03  7.641839e+03  9.449186e+03
      vertex  7.400000e+03  7.639227e+03  9.440951e+03
    endloop
  endfacet
  facet normal -1.352707e-01  9.439697e-01 -3.010368e-01
    outer loop
      vertex  7.298006e+03  7.621734e+03  9.431930e+03
      vertex  7.400000e+03  7.639227e+03  9.440951e+03
      vertex  7.400000e+03  7.636604e+03  9.432728e+03
    endloop
  endfacet
  facet normal -1.352027e-01  9.435714e-01 -3.023131e-01
    outer loop
      vertex  7.298006e+03  7.621734e+03  9.431930e+03
      vertex  7.400000e+03  7.636604e+03  9.432728e+03
      vertex  7.400000e+03  7.633973e+03  9.424515e+03
    endloop
  endfacet
  facet normal -1.356620e-01  9.388888e-01 -3.163598e-01
    outer loop
      vertex  7.298006e+03  7.621734e+03  9.431930e+03
      vertex  7.400000e+03  7.633973e+03  9.424515e+03
      vertex  7.297928e+03  7.588174e+03  9.332364e+03
    endloop
  endfacet
  facet normal -1.417934e-01  9.380764e-01 -3.160811e-01
    outer loop
      vertex  7.298006e+03  7.621734e+03  9.431930e+03
      vertex  7.297928e+03  7.588174e+03  9.332364e+03
      vertex  7.195805e+03  7.575134e+03  9.339476e+03
    endloop
  endfacet
  facet normal -1.370788e-01  9.371637e-01 -3.208328e-01
    outer loop
      vertex  7.298006e+03  7.621734e+03  9.431930e+03
      vertex  7.195805e+03  7.575134e+03  9.339476e+03
      vertex  7.195969e+03  7.610026e+03  9.441328e+03
    endloop
  endfacet
  facet normal -1.487114e-01  9.412850e-01 -3.030963e-01
    outer loop
      vertex  7.297928e+03  7.588174e+03  9.332364e+03
      vertex  7.400000e+03  7.633973e+03  9.424515e+03
      vertex  7.400000e+03  7.631332e+03  9.416313e+03
    endloop
  endfacet
  facet normal -1.474685e-01  9.410343e-01 -3.044787e-01
    outer loop
      vertex  7.297928e+03  7.588174e+03  9.332364e+03
      vertex  7.400000e+03  7.631332e+03  9.416313e+03
      vertex  7.400000e+03  7.628681e+03  9.408121e+03
    endloop
  endfacet
  facet normal -1.463225e-01  9.407601e-01 -3.058762e-01
    outer loop
      vertex  7.297928e+03  7.588174e+03  9.332364e+03
      vertex  7.400000e+03  7.628681e+03  9.408121e+03
      vertex  7.400000e+03  7.626021e+03  9.399939e+03
    endloop
  endfacet
  facet normal -1.453431e-01  9.404808e-01 -3.071990e-01
    outer loop
      vertex  7.297928e+03  7.588174e+03  9.332364e+03
      vertex  7.400000e+03  7.626021e+03  9.399939e+03
      vertex  7.400000e+03  7.623352e+03  9.391769e+03
    endloop
  endfacet
  facet normal -1.444379e-01  9.401711e-01 -3.085710e-01
    outer loop
      vertex  7.297928e+03  7.588174e+03  9.332364e+03
      vertex  7.400000e+03  7.623352e+03  9.391769e+03
      vertex  7.400000e+03  7.620674e+03  9.383608e+03
    endloop
  endfacet
  facet normal -1.436461e-01  9.398422e-01 -3.099396e-01
    outer loop
      vertex  7.297928e+03  7.588174e+03  9.332364e+03
      vertex  7.400000e+03  7.620674e+03  9.383608e+03
      vertex  7.400000e+03  7.617986e+03  9.375459e+03
    endloop
  endfacet
  facet normal -1.429423e-01  9.394811e-01 -3.113567e-01
    outer loop
      vertex  7.297928e+03  7.588174e+03  9.332364e+03
      vertex  7.400000e+03  7.617986e+03  9.375459e+03
      vertex  7.400000e+03  7.615289e+03  9.367320e+03
    endloop
  endfacet
  facet normal -1.424143e-01  9.391375e-01 -3.126321e-01
    outer loop
      vertex  7.297928e+03  7.588174e+03  9.332364e+03
      vertex  7.400000e+03  7.615289e+03  9.367320e+03
      vertex  7.400000e+03  7.612583e+03  9.359191e+03
    endloop
  endfacet
  facet normal -1.419652e-01  9.387524e-01 -3.139903e-01
    outer loop
      vertex  7.297928e+03  7.588174e+03  9.332364e+03
      vertex  7.400000e+03  7.612583e+03  9.359191e+03
      vertex  7.400000e+03  7.609868e+03  9.351073e+03
    endloop
  endfacet
  facet normal -1.416312e-01  9.383487e-01 -3.153448e-01
    outer loop
      vertex  7.297928e+03  7.588174e+03  9.332364e+03
      vertex  7.400000e+03  7.609868e+03  9.351073e+03
      vertex  7.400000e+03  7.607143e+03  9.342966e+03
    endloop
  endfacet
  facet normal -1.414124e-01  9.379265e-01 -3.166959e-01
    outer loop
      vertex  7.297928e+03  7.588174e+03  9.332364e+03
      vertex  7.400000e+03  7.607143e+03  9.342966e+03
      vertex  7.400000e+03  7.604409e+03  9.334869e+03
    endloop
  endfacet
  facet normal -1.412621e-01  9.372845e-01 -3.186575e-01
    outer loop
      vertex  7.297928e+03  7.588174e+03  9.332364e+03
      vertex  7.400000e+03  7.604409e+03  9.334869e+03
      vertex  7.400000e+03  7.598914e+03  9.318706e+03
    endloop
  endfacet
  facet normal -1.425595e-01  9.323656e-01 -3.322216e-01
    outer loop
      vertex  7.297928e+03  7.588174e+03  9.332364e+03
      vertex  7.400000e+03  7.598914e+03  9.318706e+03
      vertex  7.297849e+03  7.553243e+03  9.234365e+03
    endloop
  endfacet
  facet normal -1.474919e-01  9.316858e-01 -3.319754e-01
    outer loop
      vertex  7.297928e+03  7.588174e+03  9.332364e+03
      vertex  7.297849e+03  7.553243e+03  9.234365e+03
      vertex  7.195642e+03  7.538807e+03  9.239260e+03
    endloop
  endfacet
  facet normal -1.423094e-01  9.306450e-01 -3.371171e-01
    outer loop
      vertex  7.297928e+03  7.588174e+03  9.332364e+03
      vertex  7.195642e+03  7.538807e+03  9.239260e+03
      vertex  7.195805e+03  7.575134e+03  9.339476e+03
    endloop
  endfacet
  facet normal -1.530772e-01  9.347111e-01 -3.207531e-01
    outer loop
      vertex  7.297849e+03  7.553243e+03  9.234365e+03
      vertex  7.400000e+03  7.598914e+03  9.318706e+03
      vertex  7.400000e+03  7.593382e+03  9.302586e+03
    endloop
  endfacet
  facet normal -1.510109e-01  9.341039e-01 -3.234898e-01
    outer loop
      vertex  7.297849e+03  7.553243e+03  9.234365e+03
      vertex  7.400000e+03  7.593382e+03  9.302586e+03
      vertex  7.400000e+03  7.587814e+03  9.286507e+03
    endloop
  endfacet
  facet normal -1.493793e-01  9.334135e-01 -3.262286e-01
    outer loop
      vertex  7.297849e+03  7.553243e+03  9.234365e+03
      vertex  7.400000e+03  7.587814e+03  9.286507e+03
      vertex  7.400000e+03  7.582209e+03  9.270470e+03
    endloop
  endfacet
  facet normal -1.482105e-01  9.326530e-01 -3.289255e-01
    outer loop
      vertex  7.297849e+03  7.553243e+03  9.234365e+03
      vertex  7.400000e+03  7.582209e+03  9.270470e+03
      vertex  7.400000e+03  7.576568e+03  9.254475e+03
    endloop
  endfacet
  facet normal -1.474968e-01  9.318230e-01 -3.315880e-01
    outer loop
      vertex  7.297849e+03  7.553243e+03  9.234365e+03
      vertex  7.400000e+03  7.576568e+03  9.254475e+03
      vertex  7.400000e+03  7.570891e+03  9.238521e+03
    endloop
  endfacet
  facet normal -1.472312e-01  9.309128e-01 -3.342522e-01
    outer loop
      vertex  7.297849e+03  7.553243e+03  9.234365e+03
      vertex  7.400000e+03  7.570891e+03  9.238521e+03
      vertex  7.400000e+03  7.565177e+03  9.222608e+03
    endloop
  endfacet
  facet normal -1.482274e-01  9.255819e-01 -3.483199e-01
    outer loop
      vertex  7.297849e+03  7.553243e+03  9.234365e+03
      vertex  7.400000e+03  7.565177e+03  9.222608e+03
      vertex  7.297768e+03  7.515701e+03  9.134642e+03
    endloop
  endfacet
  facet normal -1.598704e-01  9.281171e-01 -3.362147e-01
    outer loop
      vertex  7.297768e+03  7.515701e+03  9.134642e+03
      vertex  7.400000e+03  7.565177e+03  9.222608e+03
      vertex  7.400000e+03  7.559428e+03  9.206738e+03
    endloop
  endfacet
  facet normal -1.576555e-01  9.274913e-01 -3.389758e-01
    outer loop
      vertex  7.297768e+03  7.515701e+03  9.134642e+03
      vertex  7.400000e+03  7.559428e+03  9.206738e+03
      vertex  7.400000e+03  7.553643e+03  9.190909e+03
    endloop
  endfacet
  facet normal -1.558836e-01  9.267841e-01 -3.417183e-01
    outer loop
      vertex  7.297768e+03  7.515701e+03  9.134642e+03
      vertex  7.400000e+03  7.553643e+03  9.190909e+03
      vertex  7.400000e+03  7.547822e+03  9.175121e+03
    endloop
  endfacet
  facet normal -1.545831e-01  9.260125e-01 -3.443905e-01
    outer loop
      vertex  7.297768e+03  7.515701e+03  9.134642e+03
      vertex  7.400000e+03  7.547822e+03  9.175121e+03
      vertex  7.400000e+03  7.541965e+03  9.159374e+03
    endloop
  endfacet
  facet normal -1.537169e-01  9.251582e-01 -3.470638e-01
    outer loop
      vertex  7.297768e+03  7.515701e+03  9.134642e+03
      vertex  7.400000e+03  7.541965e+03  9.159374e+03
      vertex  7.400000e+03  7.536074e+03  9.143669e+03
    endloop
  endfacet
  facet normal -1.532920e-01  9.242166e-01 -3.497503e-01
    outer loop
      vertex  7.297768e+03  7.515701e+03  9.134642e+03
      vertex  7.400000e+03  7.536074e+03  9.143669e+03
      vertex  7.400000e+03  7.530146e+03  9.128005e+03
    endloop
  endfacet
  facet normal -1.534393e-01  9.184303e-01 -3.646124e-01
    outer loop
      vertex  7.297768e+03  7.515701e+03  9.134642e+03
      vertex  7.400000e+03  7.530146e+03  9.128005e+03
      vertex  7.297688e+03  7.476750e+03  9.036561e+03
    endloop
  endfacet
  facet normal -1.651465e-01  9.209408e-01 -3.529798e-01
    outer loop
      vertex  7.297688e+03  7.476750e+03  9.036561e+03
      vertex  7.400000e+03  7.530146e+03  9.128005e+03
      vertex  7.400000e+03  7.518186e+03  9.096801e+03
    endloop
  endfacet
  facet normal -1.613457e-01  9.195021e-01 -3.584456e-01
    outer loop
      vertex  7.297688e+03  7.476750e+03  9.036561e+03
      vertex  7.400000e+03  7.518186e+03  9.096801e+03
      vertex  7.400000e+03  7.506085e+03  9.065760e+03
    endloop
  endfacet
  facet normal -1.593194e-01  9.177549e-01 -3.637902e-01
    outer loop
      vertex  7.297688e+03  7.476750e+03  9.036561e+03
      vertex  7.400000e+03  7.506085e+03  9.065760e+03
      vertex  7.400000e+03  7.493846e+03  9.034882e+03
    endloop
  endfacet
  facet normal -1.590626e-01  9.157030e-01 -3.690355e-01
    outer loop
      vertex  7.297688e+03  7.476750e+03  9.036561e+03
      vertex  7.400000e+03  7.493846e+03  9.034882e+03
      vertex  7.400000e+03  7.481468e+03  9.004168e+03
    endloop
  endfacet
  facet normal -1.648155e-01  9.065736e-01 -3.885359e-01
    outer loop
      vertex  7.297688e+03  7.476750e+03  9.036561e+03
      vertex  7.400000e+03  7.481468e+03  9.004168e+03
      vertex  7.297526e+03  7.394733e+03  8.845258e+03
    endloop
  endfacet
  facet normal -1.737451e-01  8.905908e-01 -4.203102e-01
    outer loop
      vertex  7.297366e+03  7.307419e+03  8.660316e+03
      vertex  7.297526e+03  7.394733e+03  8.845258e+03
      vertex  7.400000e+03  7.404348e+03  8.823271e+03
    endloop
  endfacet
  facet normal -2.000695e-01  8.922792e-01 -4.047346e-01
    outer loop
      vertex  7.297366e+03  7.307419e+03  8.660316e+03
      vertex  7.400000e+03  7.404348e+03  8.823271e+03
      vertex  7.400000e+03  7.377576e+03  8.764250e+03
    endloop
  endfacet
  facet normal -1.903540e-01  8.905431e-01 -4.131566e-01
    outer loop
      vertex  7.297366e+03  7.307419e+03  8.660316e+03
      vertex  7.400000e+03  7.377576e+03  8.764250e+03
      vertex  7.400000e+03  7.363995e+03  8.734977e+03
    endloop
  endfacet
  facet normal -1.855315e-01  8.890072e-01 -4.186220e-01
    outer loop
      vertex  7.297366e+03  7.307419e+03  8.660316e+03
      vertex  7.400000e+03  7.363995e+03  8.734977e+03
      vertex  7.400000e+03  7.350285e+03  8.705860e+03
    endloop
  endfacet
  facet normal -1.823885e-01  8.871344e-01 -4.239421e-01
    outer loop
      vertex  7.297366e+03  7.307419e+03  8.660316e+03
      vertex  7.400000e+03  7.350285e+03  8.705860e+03
      vertex  7.400000e+03  7.336446e+03  8.676901e+03
    endloop
  endfacet
  facet normal -1.809352e-01  8.849465e-01 -4.291063e-01
    outer loop
      vertex  7.297366e+03  7.307419e+03  8.660316e+03
      vertex  7.400000e+03  7.336446e+03  8.676901e+03
      vertex  7.400000e+03  7.322479e+03  8.648099e+03
    endloop
  endfacet
  facet normal -1.818117e-01  8.749398e-01 -4.488036e-01
    outer loop
      vertex  7.297366e+03  7.307419e+03  8.660316e+03
      vertex  7.400000e+03  7.322479e+03  8.648099e+03
      vertex  7.297233e+03  7.230775e+03  8.510953e+03
    endloop
  endfacet
  facet normal -2.070391e-01  8.778599e-01 -4.318526e-01
    outer loop
      vertex  7.297233e+03  7.230775e+03  8.510953e+03
      vertex  7.400000e+03  7.322479e+03  8.648099e+03
      vertex  7.400000e+03  7.308387e+03  8.619451e+03
    endloop
  endfacet
  facet normal -2.002154e-01  8.766651e-01 -4.374612e-01
    outer loop
      vertex  7.297233e+03  7.230775e+03  8.510953e+03
      vertex  7.400000e+03  7.308387e+03  8.619451e+03
      vertex  7.400000e+03  7.294168e+03  8.590958e+03
    endloop
  endfacet
  facet normal -1.950016e-01  8.750991e-01 -4.429175e-01
    outer loop
      vertex  7.297233e+03  7.230775e+03  8.510953e+03
      vertex  7.400000e+03  7.294168e+03  8.590958e+03
      vertex  7.400000e+03  7.279826e+03  8.562620e+03
    endloop
  endfacet
  facet normal -1.923158e-01  8.736674e-01 -4.469005e-01
    outer loop
      vertex  7.297233e+03  7.230775e+03  8.510953e+03
      vertex  7.400000e+03  7.279826e+03  8.562620e+03
      vertex  7.400000e+03  7.272607e+03  8.548509e+03
    endloop
  endfacet
  facet normal -1.909639e-01  8.726481e-01 -4.494644e-01
    outer loop
      vertex  7.297233e+03  7.230775e+03  8.510953e+03
      vertex  7.400000e+03  7.272607e+03  8.548509e+03
      vertex  7.400000e+03  7.265359e+03  8.534436e+03
    endloop
  endfacet
  facet normal -1.899965e-01  8.715256e-01 -4.520448e-01
    outer loop
      vertex  7.297233e+03  7.230775e+03  8.510953e+03
      vertex  7.400000e+03  7.265359e+03  8.534436e+03
      vertex  7.400000e+03  7.258079e+03  8.520400e+03
    endloop
  endfacet
  facet normal -1.894474e-01  8.703319e-01 -4.545681e-01
    outer loop
      vertex  7.297233e+03  7.230775e+03  8.510953e+03
      vertex  7.400000e+03  7.258079e+03  8.520400e+03
      vertex  7.400000e+03  7.250769e+03  8.506404e+03
    endloop
  endfacet
  facet normal -1.893097e-01  8.690578e-01 -4.570564e-01
    outer loop
      vertex  7.297233e+03  7.230775e+03  8.510953e+03
      vertex  7.400000e+03  7.250769e+03  8.506404e+03
      vertex  7.400000e+03  7.243428e+03  8.492446e+03
    endloop
  endfacet
  facet normal -1.911715e-01  8.595970e-01 -4.738632e-01
    outer loop
      vertex  7.297233e+03  7.230775e+03  8.510953e+03
      vertex  7.400000e+03  7.243428e+03  8.492446e+03
      vertex  7.297101e+03  7.150740e+03  8.365820e+03
    endloop
  endfacet
  facet normal -1.826542e-01  8.610129e-01 -4.746518e-01
    outer loop
      vertex  7.297233e+03  7.230775e+03  8.510953e+03
      vertex  7.297101e+03  7.150740e+03  8.365820e+03
      vertex  7.194269e+03  7.176734e+03  8.452545e+03
    endloop
  endfacet
  facet normal -1.879323e-01  8.636366e-01 -4.677749e-01
    outer loop
      vertex  7.297233e+03  7.230775e+03  8.510953e+03
      vertex  7.194269e+03  7.176734e+03  8.452545e+03
      vertex  7.194469e+03  7.235428e+03  8.560829e+03
    endloop
  endfacet
  facet normal -2.150604e-01  8.630770e-01 -4.569979e-01
    outer loop
      vertex  7.297101e+03  7.150740e+03  8.365820e+03
      vertex  7.400000e+03  7.243428e+03  8.492446e+03
      vertex  7.400000e+03  7.236057e+03  8.478525e+03
    endloop
  endfacet
  facet normal -2.114397e-01  8.624627e-01 -4.598385e-01
    outer loop
      vertex  7.297101e+03  7.150740e+03  8.365820e+03
      vertex  7.400000e+03  7.236057e+03  8.478525e+03
      vertex  7.400000e+03  7.228656e+03  8.464644e+03
    endloop
  endfacet
  facet normal -2.082762e-01  8.617648e-01 -4.625823e-01
    outer loop
      vertex  7.297101e+03  7.150740e+03  8.365820e+03
      vertex  7.400000e+03  7.228656e+03  8.464644e+03
      vertex  7.400000e+03  7.221224e+03  8.450799e+03
    endloop
  endfacet
  facet normal -2.054982e-01  8.609737e-01 -4.652900e-01
    outer loop
      vertex  7.297101e+03  7.150740e+03  8.365820e+03
      vertex  7.400000e+03  7.221224e+03  8.450799e+03
      vertex  7.400000e+03  7.213763e+03  8.436992e+03
    endloop
  endfacet
  facet normal -2.030885e-01  8.600839e-01 -4.679859e-01
    outer loop
      vertex  7.297101e+03  7.150740e+03  8.365820e+03
      vertex  7.400000e+03  7.213763e+03  8.436992e+03
      vertex  7.400000e+03  7.206271e+03  8.423224e+03
    endloop
  endfacet
  facet normal -2.012887e-01  8.592085e-01 -4.703653e-01
    outer loop
      vertex  7.297101e+03  7.150740e+03  8.365820e+03
      vertex  7.400000e+03  7.206271e+03  8.423224e+03
      vertex  7.400000e+03  7.200005e+03  8.411778e+03
    endloop
  endfacet
  facet normal -1.998945e-01  8.583347e-01 -4.725502e-01
    outer loop
      vertex  7.297101e+03  7.150740e+03  8.365820e+03
      vertex  7.400000e+03  7.200005e+03  8.411778e+03
      vertex  7.400000e+03  7.193719e+03  8.400359e+03
    endloop
  endfacet
  facet normal -1.988107e-01  8.574274e-01 -4.746499e-01
    outer loop
      vertex  7.297101e+03  7.150740e+03  8.365820e+03
      vertex  7.400000e+03  7.193719e+03  8.400359e+03
      vertex  7.400000e+03  7.187412e+03  8.388967e+03
    endloop
  endfacet
  facet normal -1.979904e-01  8.564513e-01 -4.767505e-01
    outer loop
      vertex  7.297101e+03  7.150740e+03  8.365820e+03
      vertex  7.400000e+03  7.187412e+03  8.388967e+03
      vertex  7.400000e+03  7.181084e+03  8.377600e+03
    endloop
  endfacet
  facet normal -1.974474e-01  8.554167e-01 -4.788285e-01
    outer loop
      vertex  7.297101e+03  7.150740e+03  8.365820e+03
      vertex  7.400000e+03  7.181084e+03  8.377600e+03
      vertex  7.400000e+03  7.174736e+03  8.366259e+03
    endloop
  endfacet
  facet normal -1.971919e-01  8.543577e-01 -4.808204e-01
    outer loop
      vertex  7.297101e+03  7.150740e+03  8.365820e+03
      vertex  7.400000e+03  7.174736e+03  8.366259e+03
      vertex  7.400000e+03  7.168368e+03  8.354943e+03
    endloop
  endfacet
  facet normal -1.972097e-01  8.531945e-01 -4.828741e-01
    outer loop
      vertex  7.297101e+03  7.150740e+03  8.365820e+03
      vertex  7.400000e+03  7.168368e+03  8.354943e+03
      vertex  7.400000e+03  7.161979e+03  8.343654e+03
    endloop
  endfacet
  facet normal -1.995005e-01  8.437378e-01 -4.983033e-01
    outer loop
      vertex  7.297101e+03  7.150740e+03  8.365820e+03
      vertex  7.400000e+03  7.161979e+03  8.343654e+03
      vertex  7.296969e+03  7.067440e+03  8.224829e+03
    endloop
  endfacet
  facet normal -1.977050e-01  8.440503e-01 -4.984896e-01
    outer loop
      vertex  7.297101e+03  7.150740e+03  8.365820e+03
      vertex  7.296969e+03  7.067440e+03  8.224829e+03
      vertex  7.193866e+03  7.052345e+03  8.240161e+03
    endloop
  endfacet
  facet normal -1.873573e-01  8.422096e-01 -5.055494e-01
    outer loop
      vertex  7.297101e+03  7.150740e+03  8.365820e+03
      vertex  7.193866e+03  7.052345e+03  8.240161e+03
      vertex  7.194067e+03  7.115444e+03  8.345205e+03
    endloop
  endfacet
  facet normal -1.945919e-01  8.519658e-01 -4.860950e-01
    outer loop
      vertex  7.297101e+03  7.150740e+03  8.365820e+03
      vertex  7.194067e+03  7.115444e+03  8.345205e+03
      vertex  7.194269e+03  7.176734e+03  8.452545e+03
    endloop
  endfacet
  facet normal -2.214886e-01  8.475568e-01 -4.822762e-01
    outer loop
      vertex  7.296969e+03  7.067440e+03  8.224829e+03
      vertex  7.400000e+03  7.161979e+03  8.343654e+03
      vertex  7.400000e+03  7.155570e+03  8.332392e+03
    endloop
  endfacet
  facet normal -2.185495e-01  8.469822e-01 -4.846207e-01
    outer loop
      vertex  7.296969e+03  7.067440e+03  8.224829e+03
      vertex  7.400000e+03  7.155570e+03  8.332392e+03
      vertex  7.400000e+03  7.149141e+03  8.321154e+03
    endloop
  endfacet
  facet normal -2.159870e-01  8.463667e-01 -4.868397e-01
    outer loop
      vertex  7.296969e+03  7.067440e+03  8.224829e+03
      vertex  7.400000e+03  7.149141e+03  8.321154e+03
      vertex  7.400000e+03  7.142691e+03  8.309942e+03
    endloop
  endfacet
  facet normal -2.135780e-01  8.456579e-01 -4.891289e-01
    outer loop
      vertex  7.296969e+03  7.067440e+03  8.224829e+03
      vertex  7.400000e+03  7.142691e+03  8.309942e+03
      vertex  7.400000e+03  7.136222e+03  8.298757e+03
    endloop
  endfacet
  facet normal -2.115324e-01  8.449181e-01 -4.912916e-01
    outer loop
      vertex  7.296969e+03  7.067440e+03  8.224829e+03
      vertex  7.400000e+03  7.136222e+03  8.298757e+03
      vertex  7.400000e+03  7.129732e+03  8.287597e+03
    endloop
  endfacet
  facet normal -2.096975e-01  8.440955e-01 -4.934872e-01
    outer loop
      vertex  7.296969e+03  7.067440e+03  8.224829e+03
      vertex  7.400000e+03  7.129732e+03  8.287597e+03
      vertex  7.400000e+03  7.123223e+03  8.276462e+03
    endloop
  endfacet
  facet normal -2.081767e-01  8.432370e-01 -4.955945e-01
    outer loop
      vertex  7.296969e+03  7.067440e+03  8.224829e+03
      vertex  7.400000e+03  7.123223e+03  8.276462e+03
      vertex  7.400000e+03  7.116693e+03  8.265353e+03
    endloop
  endfacet
  facet normal -2.068818e-01  8.422924e-01 -4.977385e-01
    outer loop
      vertex  7.296969e+03  7.067440e+03  8.224829e+03
      vertex  7.400000e+03  7.116693e+03  8.265353e+03
      vertex  7.400000e+03  7.110144e+03  8.254270e+03
    endloop
  endfacet
  facet normal -2.059086e-01  8.413354e-01 -4.997565e-01
    outer loop
      vertex  7.296969e+03  7.067440e+03  8.224829e+03
      vertex  7.400000e+03  7.110144e+03  8.254270e+03
      vertex  7.400000e+03  7.103575e+03  8.243211e+03
    endloop
  endfacet
  facet normal -2.051639e-01  8.402741e-01 -5.018439e-01
    outer loop
      vertex  7.296969e+03  7.067440e+03  8.224829e+03
      vertex  7.400000e+03  7.103575e+03  8.243211e+03
      vertex  7.400000e+03  7.096986e+03  8.232179e+03
    endloop
  endfacet
  facet normal -2.047102e-01  8.391889e-01 -5.038409e-01
    outer loop
      vertex  7.296969e+03  7.067440e+03  8.224829e+03
      vertex  7.400000e+03  7.096986e+03  8.232179e+03
      vertex  7.400000e+03  7.090378e+03  8.221172e+03
    endloop
  endfacet
  facet normal -2.045294e-01  8.380678e-01 -5.057768e-01
    outer loop
      vertex  7.296969e+03  7.067440e+03  8.224829e+03
      vertex  7.400000e+03  7.090378e+03  8.221172e+03
      vertex  7.400000e+03  7.083750e+03  8.210189e+03
    endloop
  endfacet
  facet normal -2.046174e-01  8.368520e-01 -5.077504e-01
    outer loop
      vertex  7.296969e+03  7.067440e+03  8.224829e+03
      vertex  7.400000e+03  7.083750e+03  8.210189e+03
      vertex  7.400000e+03  7.077103e+03  8.199233e+03
    endloop
  endfacet
  facet normal -2.067253e-01  8.293599e-01 -5.190635e-01
    outer loop
      vertex  7.296969e+03  7.067440e+03  8.224829e+03
      vertex  7.400000e+03  7.077103e+03  8.199233e+03
      vertex  7.296870e+03  7.002901e+03  8.121747e+03
    endloop
  endfacet
  facet normal -1.989412e-01  8.307231e-01 -5.199245e-01
    outer loop
      vertex  7.296969e+03  7.067440e+03  8.224829e+03
      vertex  7.296870e+03  7.002901e+03  8.121747e+03
      vertex  7.193866e+03  7.052345e+03  8.240161e+03
    endloop
  endfacet
  facet normal -2.177171e-01  8.332757e-01 -5.081839e-01
    outer loop
      vertex  7.296870e+03  7.002901e+03  8.121747e+03
      vertex  7.400000e+03  7.077103e+03  8.199233e+03
      vertex  7.400000e+03  7.070436e+03  8.188302e+03
    endloop
  endfacet
  facet normal -2.157502e-01  8.324415e-01 -5.103852e-01
    outer loop
      vertex  7.296870e+03  7.002901e+03  8.121747e+03
      vertex  7.400000e+03  7.070436e+03  8.188302e+03
      vertex  7.400000e+03  7.063750e+03  8.177396e+03
    endloop
  endfacet
  facet normal -2.141114e-01  8.315783e-01 -5.124782e-01
    outer loop
      vertex  7.296870e+03  7.002901e+03  8.121747e+03
      vertex  7.400000e+03  7.063750e+03  8.177396e+03
      vertex  7.400000e+03  7.057044e+03  8.166516e+03
    endloop
  endfacet
  facet normal -2.127125e-01  8.306442e-01 -5.145712e-01
    outer loop
      vertex  7.296870e+03  7.002901e+03  8.121747e+03
      vertex  7.400000e+03  7.057044e+03  8.166516e+03
      vertex  7.400000e+03  7.050319e+03  8.155660e+03
    endloop
  endfacet
  facet normal -2.115840e-01  8.296578e-01 -5.166239e-01
    outer loop
      vertex  7.296870e+03  7.002901e+03  8.121747e+03
      vertex  7.400000e+03  7.050319e+03  8.155660e+03
      vertex  7.400000e+03  7.043575e+03  8.144829e+03
    endloop
  endfacet
  facet normal -2.107197e-01  8.286147e-01 -5.186471e-01
    outer loop
      vertex  7.296870e+03  7.002901e+03  8.121747e+03
      vertex  7.400000e+03  7.043575e+03  8.144829e+03
      vertex  7.400000e+03  7.036812e+03  8.134024e+03
    endloop
  endfacet
  facet normal -2.101315e-01  8.275350e-01 -5.206060e-01
    outer loop
      vertex  7.296870e+03  7.002901e+03  8.121747e+03
      vertex  7.400000e+03  7.036812e+03  8.134024e+03
      vertex  7.400000e+03  7.030029e+03  8.123243e+03
    endloop
  endfacet
  facet normal -2.098023e-01  8.263907e-01 -5.225529e-01
    outer loop
      vertex  7.296870e+03  7.002901e+03  8.121747e+03
      vertex  7.400000e+03  7.030029e+03  8.123243e+03
      vertex  7.400000e+03  7.023228e+03  8.112487e+03
    endloop
  endfacet
  facet normal -2.097375e-01  8.251809e-01 -5.244871e-01
    outer loop
      vertex  7.296870e+03  7.002901e+03  8.121747e+03
      vertex  7.400000e+03  7.023228e+03  8.112487e+03
      vertex  7.400000e+03  7.016408e+03  8.101757e+03
    endloop
  endfacet
  facet normal -2.110138e-01  8.170500e-01 -5.365656e-01
    outer loop
      vertex  7.296870e+03  7.002901e+03  8.121747e+03
      vertex  7.400000e+03  7.016408e+03  8.101757e+03
      vertex  7.296771e+03  6.936650e+03  8.020903e+03
    endloop
  endfacet
  facet normal -2.069310e-01  8.177773e-01 -5.370474e-01
    outer loop
      vertex  7.296870e+03  7.002901e+03  8.121747e+03
      vertex  7.296771e+03  6.936650e+03  8.020903e+03
      vertex  7.193466e+03  6.921772e+03  8.038053e+03
    endloop
  endfacet
  facet normal -2.150432e-01  8.204972e-01 -5.296612e-01
    outer loop
      vertex  7.296870e+03  7.002901e+03  8.121747e+03
      vertex  7.193466e+03  6.921772e+03  8.038053e+03
      vertex  7.193866e+03  7.052345e+03  8.240161e+03
    endloop
  endfacet
  facet normal -2.236340e-01  8.213751e-01 -5.247196e-01
    outer loop
      vertex  7.296771e+03  6.936650e+03  8.020903e+03
      vertex  7.400000e+03  7.016408e+03  8.101757e+03
      vertex  7.400000e+03  7.009568e+03  8.091051e+03
    endloop
  endfacet
  facet normal -2.216132e-01  8.205608e-01 -5.268469e-01
    outer loop
      vertex  7.296771e+03  6.936650e+03  8.020903e+03
      vertex  7.400000e+03  7.009568e+03  8.091051e+03
      vertex  7.400000e+03  7.002710e+03  8.080370e+03
    endloop
  endfacet
  facet normal -2.198215e-01  8.196747e-01 -5.289726e-01
    outer loop
      vertex  7.296771e+03  6.936650e+03  8.020903e+03
      vertex  7.400000e+03  7.002710e+03  8.080370e+03
      vertex  7.400000e+03  6.995833e+03  8.069713e+03
    endloop
  endfacet
  facet normal -2.183245e-01  8.187512e-01 -5.310188e-01
    outer loop
      vertex  7.296771e+03  6.936650e+03  8.020903e+03
      vertex  7.400000e+03  6.995833e+03  8.069713e+03
      vertex  7.400000e+03  6.988938e+03  8.059082e+03
    endloop
  endfacet
  facet normal -2.170712e-01  8.177620e-01 -5.330530e-01
    outer loop
      vertex  7.296771e+03  6.936650e+03  8.020903e+03
      vertex  7.400000e+03  6.988938e+03  8.059082e+03
      vertex  7.400000e+03  6.982024e+03  8.048475e+03
    endloop
  endfacet
  facet normal -2.160717e-01  8.167113e-01 -5.350660e-01
    outer loop
      vertex  7.296771e+03  6.936650e+03  8.020903e+03
      vertex  7.400000e+03  6.982024e+03  8.048475e+03
      vertex  7.400000e+03  6.975091e+03  8.037892e+03
    endloop
  endfacet
  facet normal -2.153473e-01  8.156255e-01 -5.370107e-01
    outer loop
      vertex  7.296771e+03  6.936650e+03  8.020903e+03
      vertex  7.400000e+03  6.975091e+03  8.037892e+03
      vertex  7.400000e+03  6.968140e+03  8.027334e+03
    endloop
  endfacet
  facet normal -2.148780e-01  8.144799e-01 -5.389341e-01
    outer loop
      vertex  7.296771e+03  6.936650e+03  8.020903e+03
      vertex  7.400000e+03  6.968140e+03  8.027334e+03
      vertex  7.400000e+03  6.961170e+03  8.016801e+03
    endloop
  endfacet
  facet normal -2.146711e-01  8.132969e-01 -5.407997e-01
    outer loop
      vertex  7.296771e+03  6.936650e+03  8.020903e+03
      vertex  7.400000e+03  6.961170e+03  8.016801e+03
      vertex  7.400000e+03  6.954182e+03  8.006292e+03
    endloop
  endfacet
  facet normal -2.147218e-01  8.120374e-01 -5.426692e-01
    outer loop
      vertex  7.296771e+03  6.936650e+03  8.020903e+03
      vertex  7.400000e+03  6.954182e+03  8.006292e+03
      vertex  7.400000e+03  6.947175e+03  7.995808e+03
    endloop
  endfacet
  facet normal -2.166165e-01  8.039382e-01 -5.538599e-01
    outer loop
      vertex  7.296771e+03  6.936650e+03  8.020903e+03
      vertex  7.400000e+03  6.947175e+03  7.995808e+03
      vertex  7.296668e+03  6.865302e+03  7.917381e+03
    endloop
  endfacet
  facet normal -2.284330e-01  8.082234e-01 -5.427645e-01
    outer loop
      vertex  7.296668e+03  6.865302e+03  7.917381e+03
      vertex  7.400000e+03  6.947175e+03  7.995808e+03
      vertex  7.400000e+03  6.940151e+03  7.985348e+03
    endloop
  endfacet
  facet normal -2.264110e-01  8.073618e-01 -5.448899e-01
    outer loop
      vertex  7.296668e+03  6.865302e+03  7.917381e+03
      vertex  7.400000e+03  6.940151e+03  7.985348e+03
      vertex  7.400000e+03  6.933108e+03  7.974912e+03
    endloop
  endfacet
  facet normal -2.246833e-01  8.064625e-01 -5.469331e-01
    outer loop
      vertex  7.296668e+03  6.865302e+03  7.917381e+03
      vertex  7.400000e+03  6.933108e+03  7.974912e+03
      vertex  7.400000e+03  6.926047e+03  7.964500e+03
    endloop
  endfacet
  facet normal -2.231900e-01  8.054970e-01 -5.489632e-01
    outer loop
      vertex  7.296668e+03  6.865302e+03  7.917381e+03
      vertex  7.400000e+03  6.926047e+03  7.964500e+03
      vertex  7.400000e+03  6.918968e+03  7.954113e+03
    endloop
  endfacet
  facet normal -2.219610e-01  8.044851e-01 -5.509419e-01
    outer loop
      vertex  7.296668e+03  6.865302e+03  7.917381e+03
      vertex  7.400000e+03  6.918968e+03  7.954113e+03
      vertex  7.400000e+03  6.911871e+03  7.943750e+03
    endloop
  endfacet
  facet normal -2.209740e-01  8.034077e-01 -5.529072e-01
    outer loop
      vertex  7.296668e+03  6.865302e+03  7.917381e+03
      vertex  7.400000e+03  6.911871e+03  7.943750e+03
      vertex  7.400000e+03  6.904755e+03  7.933411e+03
    endloop
  endfacet
  facet normal -2.202489e-01  8.022864e-01 -5.548214e-01
    outer loop
      vertex  7.296668e+03  6.865302e+03  7.917381e+03
      vertex  7.400000e+03  6.904755e+03  7.933411e+03
      vertex  7.400000e+03  6.897622e+03  7.923096e+03
    endloop
  endfacet
  facet normal -2.197839e-01  8.011280e-01 -5.566767e-01
    outer loop
      vertex  7.296668e+03  6.865302e+03  7.917381e+03
      vertex  7.400000e+03  6.897622e+03  7.923096e+03
      vertex  7.400000e+03  6.890471e+03  7.912805e+03
    endloop
  endfacet
  facet normal -2.195676e-01  7.999047e-01 -5.585181e-01
    outer loop
      vertex  7.296668e+03  6.865302e+03  7.917381e+03
      vertex  7.400000e+03  6.890471e+03  7.912805e+03
      vertex  7.400000e+03  6.883303e+03  7.902539e+03
    endloop
  endfacet
  facet normal -2.196002e-01  7.987953e-01 -5.600907e-01
    outer loop
      vertex  7.296668e+03  6.865302e+03  7.917381e+03
      vertex  7.400000e+03  6.883303e+03  7.902539e+03
      vertex  7.400000e+03  6.877915e+03  7.894854e+03
    endloop
  endfacet
  facet normal -2.210082e-01  7.905028e-01 -5.711922e-01
    outer loop
      vertex  7.296668e+03  6.865302e+03  7.917381e+03
      vertex  7.400000e+03  6.877915e+03  7.894854e+03
      vertex  7.296565e+03  6.792188e+03  7.816233e+03
    endloop
  endfacet
  facet normal -2.337194e-01  7.951609e-01 -5.595484e-01
    outer loop
      vertex  7.296565e+03  6.792188e+03  7.816233e+03
      vertex  7.400000e+03  6.877915e+03  7.894854e+03
      vertex  7.400000e+03  6.872517e+03  7.887183e+03
    endloop
  endfacet
  facet normal -2.321396e-01  7.945156e-01 -5.611206e-01
    outer loop
      vertex  7.296565e+03  6.792188e+03  7.816233e+03
      vertex  7.400000e+03  6.872517e+03  7.887183e+03
      vertex  7.400000e+03  6.867108e+03  7.879525e+03
    endloop
  endfacet
  facet normal -2.307447e-01  7.938590e-01 -5.626231e-01
    outer loop
      vertex  7.296565e+03  6.792188e+03  7.816233e+03
      vertex  7.400000e+03  6.867108e+03  7.879525e+03
      vertex  7.400000e+03  6.861691e+03  7.871881e+03
    endloop
  endfacet
  facet normal -2.294421e-01  7.931481e-01 -5.641563e-01
    outer loop
      vertex  7.296565e+03  6.792188e+03  7.816233e+03
      vertex  7.400000e+03  6.861691e+03  7.871881e+03
      vertex  7.400000e+03  6.856263e+03  7.864250e+03
    endloop
  endfacet
  facet normal -2.283082e-01  7.924238e-01 -5.656323e-01
    outer loop
      vertex  7.296565e+03  6.792188e+03  7.816233e+03
      vertex  7.400000e+03  6.856263e+03  7.864250e+03
      vertex  7.400000e+03  6.850826e+03  7.856633e+03
    endloop
  endfacet
  facet normal -2.272927e-01  7.916547e-01 -5.671162e-01
    outer loop
      vertex  7.296565e+03  6.792188e+03  7.816233e+03
      vertex  7.400000e+03  6.850826e+03  7.856633e+03
      vertex  7.400000e+03  6.845378e+03  7.849029e+03
    endloop
  endfacet
  facet normal -2.264107e-01  7.908490e-01 -5.685912e-01
    outer loop
      vertex  7.296565e+03  6.792188e+03  7.816233e+03
      vertex  7.400000e+03  6.845378e+03  7.849029e+03
      vertex  7.400000e+03  6.839921e+03  7.841438e+03
    endloop
  endfacet
  facet normal -2.257065e-01  7.900538e-01 -5.699751e-01
    outer loop
      vertex  7.296565e+03  6.792188e+03  7.816233e+03
      vertex  7.400000e+03  6.839921e+03  7.841438e+03
      vertex  7.400000e+03  6.834454e+03  7.833860e+03
    endloop
  endfacet
  facet normal -2.251115e-01  7.891926e-01 -5.714017e-01
    outer loop
      vertex  7.296565e+03  6.792188e+03  7.816233e+03
      vertex  7.400000e+03  6.834454e+03  7.833860e+03
      vertex  7.400000e+03  6.828978e+03  7.826296e+03
    endloop
  endfacet
  facet normal -2.246738e-01  7.883332e-01 -5.727586e-01
    outer loop
      vertex  7.296565e+03  6.792188e+03  7.816233e+03
      vertex  7.400000e+03  6.828978e+03  7.826296e+03
      vertex  7.400000e+03  6.823491e+03  7.818745e+03
    endloop
  endfacet
  facet normal -2.243612e-01  7.874118e-01 -5.741470e-01
    outer loop
      vertex  7.296565e+03  6.792188e+03  7.816233e+03
      vertex  7.400000e+03  6.823491e+03  7.818745e+03
      vertex  7.400000e+03  6.817995e+03  7.811208e+03
    endloop
  endfacet
  facet normal -2.241977e-01  7.865012e-01 -5.754575e-01
    outer loop
      vertex  7.296565e+03  6.792188e+03  7.816233e+03
      vertex  7.400000e+03  6.817995e+03  7.811208e+03
      vertex  7.400000e+03  6.812490e+03  7.803683e+03
    endloop
  endfacet
  facet normal -2.241687e-01  7.855136e-01 -5.768161e-01
    outer loop
      vertex  7.296565e+03  6.792188e+03  7.816233e+03
      vertex  7.400000e+03  6.812490e+03  7.803683e+03
      vertex  7.400000e+03  6.806974e+03  7.796172e+03
    endloop
  endfacet
  facet normal -2.257821e-01  7.703443e-01 -5.963154e-01
    outer loop
      vertex  7.296565e+03  6.792188e+03  7.816233e+03
      vertex  7.400000e+03  6.806974e+03  7.796172e+03
      vertex  7.296359e+03  6.640897e+03  7.620869e+03
    endloop
  endfacet
  facet normal -2.757217e-01  7.738904e-01 -5.701501e-01
    outer loop
      vertex  7.296359e+03  6.640897e+03  7.620869e+03
      vertex  7.400000e+03  6.806974e+03  7.796172e+03
      vertex  7.400000e+03  6.801450e+03  7.788673e+03
    endloop
  endfacet
  facet normal -2.722461e-01  7.736831e-01 -5.720985e-01
    outer loop
      vertex  7.296359e+03  6.640897e+03  7.620869e+03
      vertex  7.400000e+03  6.801450e+03  7.788673e+03
      vertex  7.400000e+03  6.795915e+03  7.781188e+03
    endloop
  endfacet
  facet normal -2.691763e-01  7.734526e-01 -5.738600e-01
    outer loop
      vertex  7.296359e+03  6.640897e+03  7.620869e+03
      vertex  7.400000e+03  6.795915e+03  7.781188e+03
      vertex  7.400000e+03  6.790371e+03  7.773716e+03
    endloop
  endfacet
  facet normal -2.660325e-01  7.731649e-01 -5.757105e-01
    outer loop
      vertex  7.296359e+03  6.640897e+03  7.620869e+03
      vertex  7.400000e+03  6.790371e+03  7.773716e+03
      vertex  7.400000e+03  6.784817e+03  7.766258e+03
    endloop
  endfacet
  facet normal -2.631990e-01  7.728564e-01 -5.774249e-01
    outer loop
      vertex  7.296359e+03  6.640897e+03  7.620869e+03
      vertex  7.400000e+03  6.784817e+03  7.766258e+03
      vertex  7.400000e+03  6.779254e+03  7.758812e+03
    endloop
  endfacet
  facet normal -2.604327e-01  7.725033e-01 -5.791490e-01
    outer loop
      vertex  7.296359e+03  6.640897e+03  7.620869e+03
      vertex  7.400000e+03  6.779254e+03  7.758812e+03
      vertex  7.400000e+03  6.773682e+03  7.751379e+03
    endloop
  endfacet
  facet normal -2.577226e-01  7.721023e-01 -5.808933e-01
    outer loop
      vertex  7.296359e+03  6.640897e+03  7.620869e+03
      vertex  7.400000e+03  6.773682e+03  7.751379e+03
      vertex  7.400000e+03  6.768100e+03  7.743960e+03
    endloop
  endfacet
  facet normal -2.552526e-01  7.716826e-01 -5.825392e-01
    outer loop
      vertex  7.296359e+03  6.640897e+03  7.620869e+03
      vertex  7.400000e+03  6.768100e+03  7.743960e+03
      vertex  7.400000e+03  6.762509e+03  7.736553e+03
    endloop
  endfacet
  facet normal -2.528603e-01  7.712186e-01 -5.841948e-01
    outer loop
      vertex  7.296359e+03  6.640897e+03  7.620869e+03
      vertex  7.400000e+03  6.762509e+03  7.736553e+03
      vertex  7.400000e+03  6.756908e+03  7.729160e+03
    endloop
  endfacet
  facet normal -2.505808e-01  7.707160e-01 -5.858379e-01
    outer loop
      vertex  7.296359e+03  6.640897e+03  7.620869e+03
      vertex  7.400000e+03  6.756908e+03  7.729160e+03
      vertex  7.400000e+03  6.751298e+03  7.721779e+03
    endloop
  endfacet
  facet normal -2.484428e-01  7.701816e-01 -5.874491e-01
    outer loop
      vertex  7.296359e+03  6.640897e+03  7.620869e+03
      vertex  7.400000e+03  6.751298e+03  7.721779e+03
      vertex  7.400000e+03  6.745678e+03  7.714411e+03
    endloop
  endfacet
  facet normal -2.464842e-01  7.696275e-01 -5.889985e-01
    outer loop
      vertex  7.296359e+03  6.640897e+03  7.620869e+03
      vertex  7.400000e+03  6.745678e+03  7.714411e+03
      vertex  7.400000e+03  6.740050e+03  7.707057e+03
    endloop
  endfacet
  facet normal -2.445932e-01  7.690218e-01 -5.905756e-01
    outer loop
      vertex  7.296359e+03  6.640897e+03  7.620869e+03
      vertex  7.400000e+03  6.740050e+03  7.707057e+03
      vertex  7.400000e+03  6.734412e+03  7.699715e+03
    endloop
  endfacet
  facet normal -2.428775e-01  7.683992e-01 -5.920923e-01
    outer loop
      vertex  7.296359e+03  6.640897e+03  7.620869e+03
      vertex  7.400000e+03  6.734412e+03  7.699715e+03
      vertex  7.400000e+03  6.728764e+03  7.692386e+03
    endloop
  endfacet
  facet normal -2.412998e-01  7.677486e-01 -5.935794e-01
    outer loop
      vertex  7.296359e+03  6.640897e+03  7.620869e+03
      vertex  7.400000e+03  6.728764e+03  7.692386e+03
      vertex  7.400000e+03  6.723108e+03  7.685070e+03
    endloop
  endfacet
  facet normal -2.398049e-01  7.670454e-01 -5.950922e-01
    outer loop
      vertex  7.296359e+03  6.640897e+03  7.620869e+03
      vertex  7.400000e+03  6.723108e+03  7.685070e+03
      vertex  7.400000e+03  6.717442e+03  7.677767e+03
    endloop
  endfacet
  facet normal -2.384847e-01  7.663331e-01 -5.965388e-01
    outer loop
      vertex  7.296359e+03  6.640897e+03  7.620869e+03
      vertex  7.400000e+03  6.717442e+03  7.677767e+03
      vertex  7.400000e+03  6.711767e+03  7.670477e+03
    endloop
  endfacet
  facet normal -2.373114e-01  7.656013e-01 -5.979447e-01
    outer loop
      vertex  7.296359e+03  6.640897e+03  7.620869e+03
      vertex  7.400000e+03  6.711767e+03  7.670477e+03
      vertex  7.400000e+03  6.706083e+03  7.663199e+03
    endloop
  endfacet
  facet normal -2.362579e-01  7.648340e-01 -5.993423e-01
    outer loop
      vertex  7.296359e+03  6.640897e+03  7.620869e+03
      vertex  7.400000e+03  6.706083e+03  7.663199e+03
      vertex  7.400000e+03  6.701102e+03  7.656842e+03
    endloop
  endfacet
  facet normal -2.354883e-01  7.641845e-01 -6.004726e-01
    outer loop
      vertex  7.296359e+03  6.640897e+03  7.620869e+03
      vertex  7.400000e+03  6.701102e+03  7.656842e+03
      vertex  7.400000e+03  6.696114e+03  7.650494e+03
    endloop
  endfacet
  facet normal -2.347447e-01  7.634474e-01 -6.017001e-01
    outer loop
      vertex  7.296359e+03  6.640897e+03  7.620869e+03
      vertex  7.400000e+03  6.696114e+03  7.650494e+03
      vertex  7.400000e+03  6.691119e+03  7.644156e+03
    endloop
  endfacet
  facet normal -2.341252e-01  7.627125e-01 -6.028724e-01
    outer loop
      vertex  7.296359e+03  6.640897e+03  7.620869e+03
      vertex  7.400000e+03  6.691119e+03  7.644156e+03
      vertex  7.400000e+03  6.686117e+03  7.637828e+03
    endloop
  endfacet
  facet normal -2.335882e-01  7.619304e-01 -6.040683e-01
    outer loop
      vertex  7.296359e+03  6.640897e+03  7.620869e+03
      vertex  7.400000e+03  6.686117e+03  7.637828e+03
      vertex  7.400000e+03  6.681107e+03  7.631510e+03
    endloop
  endfacet
  facet normal -2.331831e-01  7.611783e-01 -6.051721e-01
    outer loop
      vertex  7.296359e+03  6.640897e+03  7.620869e+03
      vertex  7.400000e+03  6.681107e+03  7.631510e+03
      vertex  7.400000e+03  6.676092e+03  7.625201e+03
    endloop
  endfacet
  facet normal -2.328538e-01  7.603520e-01 -6.063365e-01
    outer loop
      vertex  7.296359e+03  6.640897e+03  7.620869e+03
      vertex  7.400000e+03  6.676092e+03  7.625201e+03
      vertex  7.400000e+03  6.671069e+03  7.618902e+03
    endloop
  endfacet
  facet normal -2.326432e-01  7.595584e-01 -6.074109e-01
    outer loop
      vertex  7.296359e+03  6.640897e+03  7.620869e+03
      vertex  7.400000e+03  6.671069e+03  7.618902e+03
      vertex  7.400000e+03  6.666040e+03  7.612613e+03
    endloop
  endfacet
  facet normal -2.325255e-01  7.587109e-01 -6.085143e-01
    outer loop
      vertex  7.296359e+03  6.640897e+03  7.620869e+03
      vertex  7.400000e+03  6.666040e+03  7.612613e+03
      vertex  7.400000e+03  6.661003e+03  7.606333e+03
    endloop
  endfacet
  facet normal -2.325092e-01  7.578247e-01 -6.096239e-01
    outer loop
      vertex  7.296359e+03  6.640897e+03  7.620869e+03
      vertex  7.400000e+03  6.661003e+03  7.606333e+03
      vertex  7.400000e+03  6.655959e+03  7.600064e+03
    endloop
  endfacet
  facet normal -2.338984e-01  7.425953e-01 -6.275698e-01
    outer loop
      vertex  7.296359e+03  6.640897e+03  7.620869e+03
      vertex  7.400000e+03  6.655959e+03  7.600064e+03
      vertex  7.296154e+03  6.483258e+03  7.434412e+03
    endloop
  endfacet
  facet normal -2.810957e-01  7.469565e-01 -6.025289e-01
    outer loop
      vertex  7.296154e+03  6.483258e+03  7.434412e+03
      vertex  7.400000e+03  6.655959e+03  7.600064e+03
      vertex  7.400000e+03  6.650910e+03  7.593804e+03
    endloop
  endfacet
  facet normal -2.782941e-01  7.467266e-01 -6.041124e-01
    outer loop
      vertex  7.296154e+03  6.483258e+03  7.434412e+03
      vertex  7.400000e+03  6.650910e+03  7.593804e+03
      vertex  7.400000e+03  6.645853e+03  7.587553e+03
    endloop
  endfacet
  facet normal -2.756155e-01  7.464696e-01 -6.056561e-01
    outer loop
      vertex  7.296154e+03  6.483258e+03  7.434412e+03
      vertex  7.400000e+03  6.645853e+03  7.587553e+03
      vertex  7.400000e+03  6.640789e+03  7.581312e+03
    endloop
  endfacet
  facet normal -2.729926e-01  7.461797e-01 -6.071992e-01
    outer loop
      vertex  7.296154e+03  6.483258e+03  7.434412e+03
      vertex  7.400000e+03  6.640789e+03  7.581312e+03
      vertex  7.400000e+03  6.635718e+03  7.575081e+03
    endloop
  endfacet
  facet normal -2.705592e-01  7.458731e-01 -6.086633e-01
    outer loop
      vertex  7.296154e+03  6.483258e+03  7.434412e+03
      vertex  7.400000e+03  6.635718e+03  7.575081e+03
      vertex  7.400000e+03  6.630641e+03  7.568859e+03
    endloop
  endfacet
  facet normal -2.681989e-01  7.455370e-01 -6.101180e-01
    outer loop
      vertex  7.296154e+03  6.483258e+03  7.434412e+03
      vertex  7.400000e+03  6.630641e+03  7.568859e+03
      vertex  7.400000e+03  6.625557e+03  7.562646e+03
    endloop
  endfacet
  facet normal -2.658649e-01  7.451637e-01 -6.115938e-01
    outer loop
      vertex  7.296154e+03  6.483258e+03  7.434412e+03
      vertex  7.400000e+03  6.625557e+03  7.562646e+03
      vertex  7.400000e+03  6.620466e+03  7.556444e+03
    endloop
  endfacet
  facet normal -2.636968e-01  7.447760e-01 -6.130030e-01
    outer loop
      vertex  7.296154e+03  6.483258e+03  7.434412e+03
      vertex  7.400000e+03  6.620466e+03  7.556444e+03
      vertex  7.400000e+03  6.615369e+03  7.550251e+03
    endloop
  endfacet
  facet normal -2.616062e-01  7.443599e-01 -6.144025e-01
    outer loop
      vertex  7.296154e+03  6.483258e+03  7.434412e+03
      vertex  7.400000e+03  6.615369e+03  7.550251e+03
      vertex  7.400000e+03  6.610265e+03  7.544067e+03
    endloop
  endfacet
  facet normal -2.596069e-01  7.439180e-01 -6.157841e-01
    outer loop
      vertex  7.296154e+03  6.483258e+03  7.434412e+03
      vertex  7.400000e+03  6.610265e+03  7.544067e+03
      vertex  7.400000e+03  6.605154e+03  7.537893e+03
    endloop
  endfacet
  facet normal -2.576464e-01  7.434378e-01 -6.171860e-01
    outer loop
      vertex  7.296154e+03  6.483258e+03  7.434412e+03
      vertex  7.400000e+03  6.605154e+03  7.537893e+03
      vertex  7.400000e+03  6.600037e+03  7.531729e+03
    endloop
  endfacet
  facet normal -2.558417e-01  7.429485e-01 -6.185245e-01
    outer loop
      vertex  7.296154e+03  6.483258e+03  7.434412e+03
      vertex  7.400000e+03  6.600037e+03  7.531729e+03
      vertex  7.400000e+03  6.594913e+03  7.525574e+03
    endloop
  endfacet
  facet normal -2.542256e-01  7.424637e-01 -6.197717e-01
    outer loop
      vertex  7.296154e+03  6.483258e+03  7.434412e+03
      vertex  7.400000e+03  6.594913e+03  7.525574e+03
      vertex  7.400000e+03  6.589782e+03  7.519428e+03
    endloop
  endfacet
  facet normal -2.524516e-01  7.418748e-01 -6.212005e-01
    outer loop
      vertex  7.296154e+03  6.483258e+03  7.434412e+03
      vertex  7.400000e+03  6.589782e+03  7.519428e+03
      vertex  7.400000e+03  6.584645e+03  7.513292e+03
    endloop
  endfacet
  facet normal -2.510628e-01  7.413638e-01 -6.223722e-01
    outer loop
      vertex  7.296154e+03  6.483258e+03  7.434412e+03
      vertex  7.400000e+03  6.584645e+03  7.513292e+03
      vertex  7.400000e+03  6.579501e+03  7.507165e+03
    endloop
  endfacet
  facet normal -2.495828e-01  7.407596e-01 -6.236855e-01
    outer loop
      vertex  7.296154e+03  6.483258e+03  7.434412e+03
      vertex  7.400000e+03  6.579501e+03  7.507165e+03
      vertex  7.400000e+03  6.574351e+03  7.501048e+03
    endloop
  endfacet
  facet normal -2.482380e-01  7.401487e-01 -6.249461e-01
    outer loop
      vertex  7.296154e+03  6.483258e+03  7.434412e+03
      vertex  7.400000e+03  6.574351e+03  7.501048e+03
      vertex  7.400000e+03  6.569193e+03  7.494940e+03
    endloop
  endfacet
  facet normal -2.470303e-01  7.395363e-01 -6.261486e-01
    outer loop
      vertex  7.296154e+03  6.483258e+03  7.434412e+03
      vertex  7.400000e+03  6.569193e+03  7.494940e+03
      vertex  7.400000e+03  6.564030e+03  7.488841e+03
    endloop
  endfacet
  facet normal -2.458827e-01  7.388837e-01 -6.273697e-01
    outer loop
      vertex  7.296154e+03  6.483258e+03  7.434412e+03
      vertex  7.400000e+03  6.564030e+03  7.488841e+03
      vertex  7.400000e+03  6.558860e+03  7.482752e+03
    endloop
  endfacet
  facet normal -2.448254e-01  7.382054e-01 -6.285803e-01
    outer loop
      vertex  7.296154e+03  6.483258e+03  7.434412e+03
      vertex  7.400000e+03  6.558860e+03  7.482752e+03
      vertex  7.400000e+03  6.553683e+03  7.476673e+03
    endloop
  endfacet
  facet normal -2.438964e-01  7.375285e-01 -6.297349e-01
    outer loop
      vertex  7.296154e+03  6.483258e+03  7.434412e+03
      vertex  7.400000e+03  6.553683e+03  7.476673e+03
      vertex  7.400000e+03  6.548500e+03  7.470603e+03
    endloop
  endfacet
  facet normal -2.430611e-01  7.368307e-01 -6.308738e-01
    outer loop
      vertex  7.296154e+03  6.483258e+03  7.434412e+03
      vertex  7.400000e+03  6.548500e+03  7.470603e+03
      vertex  7.400000e+03  6.543311e+03  7.464542e+03
    endloop
  endfacet
  facet normal -2.423197e-01  7.361121e-01 -6.319969e-01
    outer loop
      vertex  7.296154e+03  6.483258e+03  7.434412e+03
      vertex  7.400000e+03  6.543311e+03  7.464542e+03
      vertex  7.400000e+03  6.538115e+03  7.458490e+03
    endloop
  endfacet
  facet normal -2.416725e-01  7.353730e-01 -6.331041e-01
    outer loop
      vertex  7.296154e+03  6.483258e+03  7.434412e+03
      vertex  7.400000e+03  6.538115e+03  7.458490e+03
      vertex  7.400000e+03  6.532913e+03  7.452447e+03
    endloop
  endfacet
  facet normal -2.411010e-01  7.345877e-01 -6.342329e-01
    outer loop
      vertex  7.296154e+03  6.483258e+03  7.434412e+03
      vertex  7.400000e+03  6.532913e+03  7.452447e+03
      vertex  7.400000e+03  6.527704e+03  7.446414e+03
    endloop
  endfacet
  facet normal -2.406429e-01  7.338079e-01 -6.353086e-01
    outer loop
      vertex  7.296154e+03  6.483258e+03  7.434412e+03
      vertex  7.400000e+03  6.527704e+03  7.446414e+03
      vertex  7.400000e+03  6.522488e+03  7.440390e+03
    endloop
  endfacet
  facet normal -2.402690e-01  7.329844e-01 -6.363997e-01
    outer loop
      vertex  7.296154e+03  6.483258e+03  7.434412e+03
      vertex  7.400000e+03  6.522488e+03  7.440390e+03
      vertex  7.400000e+03  6.517267e+03  7.434376e+03
    endloop
  endfacet
  facet normal -2.400179e-01  7.322164e-01 -6.373778e-01
    outer loop
      vertex  7.296154e+03  6.483258e+03  7.434412e+03
      vertex  7.400000e+03  6.517267e+03  7.434376e+03
      vertex  7.400000e+03  6.512039e+03  7.428371e+03
    endloop
  endfacet
  facet normal -2.398391e-01  7.313483e-01 -6.384409e-01
    outer loop
      vertex  7.296154e+03  6.483258e+03  7.434412e+03
      vertex  7.400000e+03  6.512039e+03  7.428371e+03
      vertex  7.400000e+03  6.506805e+03  7.422375e+03
    endloop
  endfacet
  facet normal -2.397616e-01  7.304888e-01 -6.394533e-01
    outer loop
      vertex  7.296154e+03  6.483258e+03  7.434412e+03
      vertex  7.400000e+03  6.506805e+03  7.422375e+03
      vertex  7.400000e+03  6.501564e+03  7.416388e+03
    endloop
  endfacet
  facet normal -2.397795e-01  7.296095e-01 -6.404495e-01
    outer loop
      vertex  7.296154e+03  6.483258e+03  7.434412e+03
      vertex  7.400000e+03  6.501564e+03  7.416388e+03
      vertex  7.400000e+03  6.496317e+03  7.410410e+03
    endloop
  endfacet
  facet normal -2.415894e-01  7.146825e-01 -6.564019e-01
    outer loop
      vertex  7.296154e+03  6.483258e+03  7.434412e+03
      vertex  7.400000e+03  6.496317e+03  7.410410e+03
      vertex  7.295950e+03  6.319743e+03  7.256454e+03
    endloop
  endfacet
  facet normal -2.841718e-01  7.197385e-01 -6.334217e-01
    outer loop
      vertex  7.295950e+03  6.319743e+03  7.256454e+03
      vertex  7.400000e+03  6.496317e+03  7.410410e+03
      vertex  7.400000e+03  6.491064e+03  7.404441e+03
    endloop
  endfacet
  facet normal -2.813994e-01  7.194274e-01 -6.350108e-01
    outer loop
      vertex  7.295950e+03  6.319743e+03  7.256454e+03
      vertex  7.400000e+03  6.491064e+03  7.404441e+03
      vertex  7.400000e+03  6.485804e+03  7.398482e+03
    endloop
  endfacet
  facet normal -2.790357e-01  7.191275e-01 -6.363919e-01
    outer loop
      vertex  7.295950e+03  6.319743e+03  7.256454e+03
      vertex  7.400000e+03  6.485804e+03  7.398482e+03
      vertex  7.400000e+03  6.480539e+03  7.392532e+03
    endloop
  endfacet
  facet normal -2.765977e-01  7.187808e-01 -6.378463e-01
    outer loop
      vertex  7.295950e+03  6.319743e+03  7.256454e+03
      vertex  7.400000e+03  6.480539e+03  7.392532e+03
      vertex  7.400000e+03  6.475267e+03  7.386591e+03
    endloop
  endfacet
  facet normal -2.742454e-01  7.184075e-01 -6.392809e-01
    outer loop
      vertex  7.295950e+03  6.319743e+03  7.256454e+03
      vertex  7.400000e+03  6.475267e+03  7.386591e+03
      vertex  7.400000e+03  6.469988e+03  7.380660e+03
    endloop
  endfacet
  facet normal -2.720472e-01  7.180201e-01 -6.406540e-01
    outer loop
      vertex  7.295950e+03  6.319743e+03  7.256454e+03
      vertex  7.400000e+03  6.469988e+03  7.380660e+03
      vertex  7.400000e+03  6.464704e+03  7.374737e+03
    endloop
  endfacet
  facet normal -2.699414e-01  7.176096e-01 -6.420031e-01
    outer loop
      vertex  7.295950e+03  6.319743e+03  7.256454e+03
      vertex  7.400000e+03  6.464704e+03  7.374737e+03
      vertex  7.400000e+03  6.459413e+03  7.368823e+03
    endloop
  endfacet
  facet normal -2.679133e-01  7.171733e-01 -6.433388e-01
    outer loop
      vertex  7.295950e+03  6.319743e+03  7.256454e+03
      vertex  7.400000e+03  6.459413e+03  7.368823e+03
      vertex  7.400000e+03  6.454116e+03  7.362918e+03
    endloop
  endfacet
  facet normal -2.658515e-01  7.166846e-01 -6.447372e-01
    outer loop
      vertex  7.295950e+03  6.319743e+03  7.256454e+03
      vertex  7.400000e+03  6.454116e+03  7.362918e+03
      vertex  7.400000e+03  6.448813e+03  7.357023e+03
    endloop
  endfacet
  facet normal -2.641165e-01  7.162324e-01 -6.459518e-01
    outer loop
      vertex  7.295950e+03  6.319743e+03  7.256454e+03
      vertex  7.400000e+03  6.448813e+03  7.357023e+03
      vertex  7.400000e+03  6.443504e+03  7.351137e+03
    endloop
  endfacet
  facet normal -2.622932e-01  7.157099e-01 -6.472724e-01
    outer loop
      vertex  7.295950e+03  6.319743e+03  7.256454e+03
      vertex  7.400000e+03  6.443504e+03  7.351137e+03
      vertex  7.400000e+03  6.438188e+03  7.345259e+03
    endloop
  endfacet
  facet normal -2.606176e-01  7.151819e-01 -6.485316e-01
    outer loop
      vertex  7.295950e+03  6.319743e+03  7.256454e+03
      vertex  7.400000e+03  6.438188e+03  7.345259e+03
      vertex  7.400000e+03  6.432867e+03  7.339391e+03
    endloop
  endfacet
  facet normal -2.590788e-01  7.146487e-01 -6.497349e-01
    outer loop
      vertex  7.295950e+03  6.319743e+03  7.256454e+03
      vertex  7.400000e+03  6.432867e+03  7.339391e+03
      vertex  7.400000e+03  6.427540e+03  7.333532e+03
    endloop
  endfacet
  facet normal -2.574764e-01  7.140372e-01 -6.510428e-01
    outer loop
      vertex  7.295950e+03  6.319743e+03  7.256454e+03
      vertex  7.400000e+03  6.427540e+03  7.333532e+03
      vertex  7.400000e+03  6.422206e+03  7.327682e+03
    endloop
  endfacet
  facet normal -2.561570e-01  7.134819e-01 -6.521713e-01
    outer loop
      vertex  7.295950e+03  6.319743e+03  7.256454e+03
      vertex  7.400000e+03  6.422206e+03  7.327682e+03
      vertex  7.400000e+03  6.416867e+03  7.321840e+03
    endloop
  endfacet
  facet normal -2.548308e-01  7.128645e-01 -6.533647e-01
    outer loop
      vertex  7.295950e+03  6.319743e+03  7.256454e+03
      vertex  7.400000e+03  6.416867e+03  7.321840e+03
      vertex  7.400000e+03  6.411521e+03  7.316008e+03
    endloop
  endfacet
  facet normal -2.535978e-01  7.122278e-01 -6.545378e-01
    outer loop
      vertex  7.295950e+03  6.319743e+03  7.256454e+03
      vertex  7.400000e+03  6.411521e+03  7.316008e+03
      vertex  7.400000e+03  6.406169e+03  7.310185e+03
    endloop
  endfacet
  facet normal -2.524514e-01  7.115685e-01 -6.556971e-01
    outer loop
      vertex  7.295950e+03  6.319743e+03  7.256454e+03
      vertex  7.400000e+03  6.406169e+03  7.310185e+03
      vertex  7.400000e+03  6.400812e+03  7.304370e+03
    endloop
  endfacet
  facet normal -2.514312e-01  7.109114e-01 -6.568009e-01
    outer loop
      vertex  7.295950e+03  6.319743e+03  7.256454e+03
      vertex  7.400000e+03  6.400812e+03  7.304370e+03
      vertex  7.400000e+03  6.395448e+03  7.298564e+03
    endloop
  endfacet
  facet normal -2.504987e-01  7.102346e-01 -6.578884e-01
    outer loop
      vertex  7.295950e+03  6.319743e+03  7.256454e+03
      vertex  7.400000e+03  6.395448e+03  7.298564e+03
      vertex  7.400000e+03  6.390078e+03  7.292768e+03
    endloop
  endfacet
  facet normal -2.495974e-01  7.094917e-01 -6.590318e-01
    outer loop
      vertex  7.295950e+03  6.319743e+03  7.256454e+03
      vertex  7.400000e+03  6.390078e+03  7.292768e+03
      vertex  7.400000e+03  6.384702e+03  7.286980e+03
    endloop
  endfacet
  facet normal -2.488673e-01  7.088009e-01 -6.600502e-01
    outer loop
      vertex  7.295950e+03  6.319743e+03  7.256454e+03
      vertex  7.400000e+03  6.384702e+03  7.286980e+03
      vertex  7.400000e+03  6.379321e+03  7.281201e+03
    endloop
  endfacet
  facet normal -2.481763e-01  7.080407e-01 -6.611255e-01
    outer loop
      vertex  7.295950e+03  6.319743e+03  7.256454e+03
      vertex  7.400000e+03  6.379321e+03  7.281201e+03
      vertex  7.400000e+03  6.373933e+03  7.275431e+03
    endloop
  endfacet
  facet normal -2.475972e-01  7.072870e-01 -6.621487e-01
    outer loop
      vertex  7.295950e+03  6.319743e+03  7.256454e+03
      vertex  7.400000e+03  6.373933e+03  7.275431e+03
      vertex  7.400000e+03  6.368540e+03  7.269670e+03
    endloop
  endfacet
  facet normal -2.471239e-01  7.065412e-01 -6.631208e-01
    outer loop
      vertex  7.295950e+03  6.319743e+03  7.256454e+03
      vertex  7.400000e+03  6.368540e+03  7.269670e+03
      vertex  7.400000e+03  6.363141e+03  7.263917e+03
    endloop
  endfacet
  facet normal -2.467090e-01  7.057227e-01 -6.641461e-01
    outer loop
      vertex  7.295950e+03  6.319743e+03  7.256454e+03
      vertex  7.400000e+03  6.363141e+03  7.263917e+03
      vertex  7.400000e+03  6.357735e+03  7.258174e+03
    endloop
  endfacet
  facet normal -2.463871e-01  7.048866e-01 -6.651527e-01
    outer loop
      vertex  7.295950e+03  6.319743e+03  7.256454e+03
      vertex  7.400000e+03  6.357735e+03  7.258174e+03
      vertex  7.400000e+03  6.352324e+03  7.252439e+03
    endloop
  endfacet
  facet normal -2.461720e-01  7.040854e-01 -6.660804e-01
    outer loop
      vertex  7.295950e+03  6.319743e+03  7.256454e+03
      vertex  7.400000e+03  6.352324e+03  7.252439e+03
      vertex  7.400000e+03  6.346907e+03  7.246713e+03
    endloop
  endfacet
  facet normal -2.460392e-01  7.032390e-01 -6.670229e-01
    outer loop
      vertex  7.295950e+03  6.319743e+03  7.256454e+03
      vertex  7.400000e+03  6.346907e+03  7.246713e+03
      vertex  7.400000e+03  6.341484e+03  7.240996e+03
    endloop
  endfacet
  facet normal -2.459962e-01  7.023742e-01 -6.679493e-01
    outer loop
      vertex  7.295950e+03  6.319743e+03  7.256454e+03
      vertex  7.400000e+03  6.341484e+03  7.240996e+03
      vertex  7.400000e+03  6.336056e+03  7.235288e+03
    endloop
  endfacet
  facet normal -2.460413e-01  7.015215e-01 -6.688282e-01
    outer loop
      vertex  7.295950e+03  6.319743e+03  7.256454e+03
      vertex  7.400000e+03  6.336056e+03  7.235288e+03
      vertex  7.400000e+03  6.330622e+03  7.229588e+03
    endloop
  endfacet
  facet normal -2.481634e-01  6.870691e-01 -6.828991e-01
    outer loop
      vertex  7.295950e+03  6.319743e+03  7.256454e+03
      vertex  7.400000e+03  6.330622e+03  7.229588e+03
      vertex  7.295746e+03  6.150821e+03  7.086575e+03
    endloop
  endfacet
  facet normal -2.849967e-01  6.924397e-01 -6.628002e-01
    outer loop
      vertex  7.295746e+03  6.150821e+03  7.086575e+03
      vertex  7.400000e+03  6.330622e+03  7.229588e+03
      vertex  7.400000e+03  6.319735e+03  7.218215e+03
    endloop
  endfacet
  facet normal -2.804131e-01  6.917176e-01 -6.655037e-01
    outer loop
      vertex  7.295746e+03  6.150821e+03  7.086575e+03
      vertex  7.400000e+03  6.319735e+03  7.218215e+03
      vertex  7.400000e+03  6.308827e+03  7.206876e+03
    endloop
  endfacet
  facet normal -2.760711e-01  6.908874e-01 -6.681762e-01
    outer loop
      vertex  7.295746e+03  6.150821e+03  7.086575e+03
      vertex  7.400000e+03  6.308827e+03  7.206876e+03
      vertex  7.400000e+03  6.297895e+03  7.195573e+03
    endloop
  endfacet
  facet normal -2.721581e-01  6.899883e-01 -6.707057e-01
    outer loop
      vertex  7.295746e+03  6.150821e+03  7.086575e+03
      vertex  7.400000e+03  6.297895e+03  7.195573e+03
      vertex  7.400000e+03  6.286940e+03  7.184303e+03
    endloop
  endfacet
  facet normal -2.685373e-01  6.889938e-01 -6.731830e-01
    outer loop
      vertex  7.295746e+03  6.150821e+03  7.086575e+03
      vertex  7.400000e+03  6.286940e+03  7.184303e+03
      vertex  7.400000e+03  6.275963e+03  7.173068e+03
    endloop
  endfacet
  facet normal -2.652739e-01  6.879231e-01 -6.755676e-01
    outer loop
      vertex  7.295746e+03  6.150821e+03  7.086575e+03
      vertex  7.400000e+03  6.275963e+03  7.173068e+03
      vertex  7.400000e+03  6.264963e+03  7.161868e+03
    endloop
  endfacet
  facet normal -2.623408e-01  6.867706e-01 -6.778815e-01
    outer loop
      vertex  7.295746e+03  6.150821e+03  7.086575e+03
      vertex  7.400000e+03  6.264963e+03  7.161868e+03
      vertex  7.400000e+03  6.253941e+03  7.150701e+03
    endloop
  endfacet
  facet normal -2.597640e-01  6.855491e-01 -6.801066e-01
    outer loop
      vertex  7.295746e+03  6.150821e+03  7.086575e+03
      vertex  7.400000e+03  6.253941e+03  7.150701e+03
      vertex  7.400000e+03  6.242897e+03  7.139569e+03
    endloop
  endfacet
  facet normal -2.575011e-01  6.842394e-01 -6.822826e-01
    outer loop
      vertex  7.295746e+03  6.150821e+03  7.086575e+03
      vertex  7.400000e+03  6.242897e+03  7.139569e+03
      vertex  7.400000e+03  6.231831e+03  7.128471e+03
    endloop
  endfacet
  facet normal -2.556438e-01  6.829018e-01 -6.843182e-01
    outer loop
      vertex  7.295746e+03  6.150821e+03  7.086575e+03
      vertex  7.400000e+03  6.231831e+03  7.128471e+03
      vertex  7.400000e+03  6.220743e+03  7.117406e+03
    endloop
  endfacet
  facet normal -2.540750e-01  6.814550e-01 -6.863418e-01
    outer loop
      vertex  7.295746e+03  6.150821e+03  7.086575e+03
      vertex  7.400000e+03  6.220743e+03  7.117406e+03
      vertex  7.400000e+03  6.209633e+03  7.106375e+03
    endloop
  endfacet
  facet normal -2.528785e-01  6.799759e-01 -6.882480e-01
    outer loop
      vertex  7.295746e+03  6.150821e+03  7.086575e+03
      vertex  7.400000e+03  6.209633e+03  7.106375e+03
      vertex  7.400000e+03  6.198502e+03  7.095377e+03
    endloop
  endfacet
  facet normal -2.520073e-01  6.784141e-01 -6.901062e-01
    outer loop
      vertex  7.295746e+03  6.150821e+03  7.086575e+03
      vertex  7.400000e+03  6.198502e+03  7.095377e+03
      vertex  7.400000e+03  6.187349e+03  7.084413e+03
    endloop
  endfacet
  facet normal -2.514778e-01  6.767978e-01 -6.918841e-01
    outer loop
      vertex  7.295746e+03  6.150821e+03  7.086575e+03
      vertex  7.400000e+03  6.187349e+03  7.084413e+03
      vertex  7.400000e+03  6.176174e+03  7.073482e+03
    endloop
  endfacet
  facet normal -2.512836e-01  6.751145e-01 -6.935971e-01
    outer loop
      vertex  7.295746e+03  6.150821e+03  7.086575e+03
      vertex  7.400000e+03  6.176174e+03  7.073482e+03
      vertex  7.400000e+03  6.164979e+03  7.062585e+03
    endloop
  endfacet
  facet normal -2.525320e-01  6.588507e-01 -7.086207e-01
    outer loop
      vertex  7.295746e+03  6.150821e+03  7.086575e+03
      vertex  7.400000e+03  6.164979e+03  7.062585e+03
      vertex  7.295520e+03  5.957351e+03  6.906773e+03
    endloop
  endfacet
  facet normal -2.319969e-01  6.623288e-01 -7.123890e-01
    outer loop
      vertex  7.295746e+03  6.150821e+03  7.086575e+03
      vertex  7.295520e+03  5.957351e+03  6.906773e+03
      vertex  7.191130e+03  6.032161e+03  7.010322e+03
    endloop
  endfacet
  facet normal -2.417818e-01  6.664013e-01 -7.053019e-01
    outer loop
      vertex  7.295746e+03  6.150821e+03  7.086575e+03
      vertex  7.191130e+03  6.032161e+03  7.010322e+03
      vertex  7.191385e+03  6.138370e+03  7.110586e+03
    endloop
  endfacet
  facet normal -2.973920e-01  6.642810e-01 -6.857759e-01
    outer loop
      vertex  7.295520e+03  5.957351e+03  6.906773e+03
      vertex  7.400000e+03  6.164979e+03  7.062585e+03
      vertex  7.400000e+03  6.153762e+03  7.051720e+03
    endloop
  endfacet
  facet normal -2.923697e-01  6.636500e-01 -6.885410e-01
    outer loop
      vertex  7.295520e+03  5.957351e+03  6.906773e+03
      vertex  7.400000e+03  6.153762e+03  7.051720e+03
      vertex  7.400000e+03  6.142524e+03  7.040889e+03
    endloop
  endfacet
  facet normal -2.877273e-01  6.629393e-01 -6.911762e-01
    outer loop
      vertex  7.295520e+03  5.957351e+03  6.906773e+03
      vertex  7.400000e+03  6.142524e+03  7.040889e+03
      vertex  7.400000e+03  6.131266e+03  7.030090e+03
    endloop
  endfacet
  facet normal -2.834595e-01  6.621553e-01 -6.936865e-01
    outer loop
      vertex  7.295520e+03  5.957351e+03  6.906773e+03
      vertex  7.400000e+03  6.131266e+03  7.030090e+03
      vertex  7.400000e+03  6.119986e+03  7.019323e+03
    endloop
  endfacet
  facet normal -2.794116e-01  6.612717e-01 -6.961673e-01
    outer loop
      vertex  7.295520e+03  5.957351e+03  6.906773e+03
      vertex  7.400000e+03  6.119986e+03  7.019323e+03
      vertex  7.400000e+03  6.108687e+03  7.008590e+03
    endloop
  endfacet
  facet normal -2.757047e-01  6.603150e-01 -6.985492e-01
    outer loop
      vertex  7.295520e+03  5.957351e+03  6.906773e+03
      vertex  7.400000e+03  6.108687e+03  7.008590e+03
      vertex  7.400000e+03  6.097366e+03  6.997889e+03
    endloop
  endfacet
  facet normal -2.723940e-01  6.593069e-01 -7.007965e-01
    outer loop
      vertex  7.295520e+03  5.957351e+03  6.906773e+03
      vertex  7.400000e+03  6.097366e+03  6.997889e+03
      vertex  7.400000e+03  6.086025e+03  6.987220e+03
    endloop
  endfacet
  facet normal -2.678070e-01  6.576539e-01 -7.041098e-01
    outer loop
      vertex  7.295520e+03  5.957351e+03  6.906773e+03
      vertex  7.400000e+03  6.086025e+03  6.987220e+03
      vertex  7.400000e+03  6.063283e+03  6.965978e+03
    endloop
  endfacet
  facet normal -2.629988e-01  6.551977e-01 -7.082002e-01
    outer loop
      vertex  7.295520e+03  5.957351e+03  6.906773e+03
      vertex  7.400000e+03  6.063283e+03  6.965978e+03
      vertex  7.400000e+03  6.040461e+03  6.944864e+03
    endloop
  endfacet
  facet normal -2.594758e-01  6.525010e-01 -7.119794e-01
    outer loop
      vertex  7.295520e+03  5.957351e+03  6.906773e+03
      vertex  7.400000e+03  6.040461e+03  6.944864e+03
      vertex  7.400000e+03  6.017561e+03  6.923877e+03
    endloop
  endfacet
  facet normal -2.568409e-01  6.490840e-01 -7.160466e-01
    outer loop
      vertex  7.295520e+03  5.957351e+03  6.906773e+03
      vertex  7.400000e+03  6.017561e+03  6.923877e+03
      vertex  7.400000e+03  5.986907e+03  6.896089e+03
    endloop
  endfacet
  facet normal -2.556584e-01  6.426688e-01 -7.222296e-01
    outer loop
      vertex  7.295520e+03  5.957351e+03  6.906773e+03
      vertex  7.400000e+03  5.986907e+03  6.896089e+03
      vertex  7.400000e+03  5.925193e+03  6.841174e+03
    endloop
  endfacet
  facet normal -2.655541e-01  6.285213e-01 -7.310554e-01
    outer loop
      vertex  7.295520e+03  5.957351e+03  6.906773e+03
      vertex  7.400000e+03  5.925193e+03  6.841174e+03
      vertex  7.295294e+03  5.758406e+03  6.735814e+03
    endloop
  endfacet
  facet normal -2.386737e-01  6.330685e-01 -7.363824e-01
    outer loop
      vertex  7.295520e+03  5.957351e+03  6.906773e+03
      vertex  7.295294e+03  5.758406e+03  6.735814e+03
      vertex  7.190613e+03  5.811430e+03  6.815327e+03
    endloop
  endfacet
  facet normal -2.434951e-01  6.346751e-01 -7.334150e-01
    outer loop
      vertex  7.295520e+03  5.957351e+03  6.906773e+03
      vertex  7.190613e+03  5.811430e+03  6.815327e+03
      vertex  7.190875e+03  5.924188e+03  6.912818e+03
    endloop
  endfacet
  facet normal -2.474121e-01  6.496981e-01 -7.188042e-01
    outer loop
      vertex  7.295520e+03  5.957351e+03  6.906773e+03
      vertex  7.190875e+03  5.924188e+03  6.912818e+03
      vertex  7.191130e+03  6.032161e+03  7.010322e+03
    endloop
  endfacet
  facet normal -2.788002e-01  6.318709e-01 -7.231940e-01
    outer loop
      vertex  7.295294e+03  5.758406e+03  6.735814e+03
      vertex  7.400000e+03  5.925193e+03  6.841174e+03
      vertex  7.400000e+03  5.894140e+03  6.814042e+03
    endloop
  endfacet
  facet normal -2.729586e-01  6.297223e-01 -7.272850e-01
    outer loop
      vertex  7.295294e+03  5.758406e+03  6.735814e+03
      vertex  7.400000e+03  5.894140e+03  6.814042e+03
      vertex  7.400000e+03  5.878564e+03  6.800556e+03
    endloop
  endfacet
  facet normal -2.695962e-01  6.281829e-01 -7.298658e-01
    outer loop
      vertex  7.295294e+03  5.758406e+03  6.735814e+03
      vertex  7.400000e+03  5.878564e+03  6.800556e+03
      vertex  7.400000e+03  5.862958e+03  6.787124e+03
    endloop
  endfacet
  facet normal -2.667578e-01  6.265422e-01 -7.323149e-01
    outer loop
      vertex  7.295294e+03  5.758406e+03  6.735814e+03
      vertex  7.400000e+03  5.862958e+03  6.787124e+03
      vertex  7.400000e+03  5.847319e+03  6.773744e+03
    endloop
  endfacet
  facet normal -2.644521e-01  6.248126e-01 -7.346252e-01
    outer loop
      vertex  7.295294e+03  5.758406e+03  6.735814e+03
      vertex  7.400000e+03  5.847319e+03  6.773744e+03
      vertex  7.400000e+03  5.831649e+03  6.760417e+03
    endloop
  endfacet
  facet normal -2.626757e-01  6.230026e-01 -7.367966e-01
    outer loop
      vertex  7.295294e+03  5.758406e+03  6.735814e+03
      vertex  7.400000e+03  5.831649e+03  6.760417e+03
      vertex  7.400000e+03  5.815949e+03  6.747141e+03
    endloop
  endfacet
  facet normal -2.617263e-01  6.215780e-01 -7.383360e-01
    outer loop
      vertex  7.295294e+03  5.758406e+03  6.735814e+03
      vertex  7.400000e+03  5.815949e+03  6.747141e+03
      vertex  7.400000e+03  5.808088e+03  6.740523e+03
    endloop
  endfacet
  facet normal -2.612075e-01  6.205813e-01 -7.393574e-01
    outer loop
      vertex  7.295294e+03  5.758406e+03  6.735814e+03
      vertex  7.400000e+03  5.808088e+03  6.740523e+03
      vertex  7.400000e+03  5.800219e+03  6.733918e+03
    endloop
  endfacet
  facet normal -2.608272e-01  6.195852e-01 -7.403265e-01
    outer loop
      vertex  7.295294e+03  5.758406e+03  6.735814e+03
      vertex  7.400000e+03  5.800219e+03  6.733918e+03
      vertex  7.400000e+03  5.792342e+03  6.727326e+03
    endloop
  endfacet
  facet normal -2.605784e-01  6.185869e-01 -7.412484e-01
    outer loop
      vertex  7.295294e+03  5.758406e+03  6.735814e+03
      vertex  7.400000e+03  5.792342e+03  6.727326e+03
      vertex  7.400000e+03  5.784458e+03  6.720746e+03
    endloop
  endfacet
  facet normal -2.604498e-01  6.175388e-01 -7.421669e-01
    outer loop
      vertex  7.295294e+03  5.758406e+03  6.735814e+03
      vertex  7.400000e+03  5.784458e+03  6.720746e+03
      vertex  7.400000e+03  5.776566e+03  6.714180e+03
    endloop
  endfacet
  facet normal -2.604480e-01  6.164715e-01 -7.430543e-01
    outer loop
      vertex  7.295294e+03  5.758406e+03  6.735814e+03
      vertex  7.400000e+03  5.776566e+03  6.714180e+03
      vertex  7.400000e+03  5.768667e+03  6.707626e+03
    endloop
  endfacet
  facet normal -2.620119e-01  6.023546e-01 -7.540019e-01
    outer loop
      vertex  7.295294e+03  5.758406e+03  6.735814e+03
      vertex  7.400000e+03  5.768667e+03  6.707626e+03
      vertex  7.295069e+03  5.554610e+03  6.573084e+03
    endloop
  endfacet
  facet normal -2.437451e-01  6.053215e-01 -7.577428e-01
    outer loop
      vertex  7.295294e+03  5.758406e+03  6.735814e+03
      vertex  7.295069e+03  5.554610e+03  6.573084e+03
      vertex  7.190352e+03  5.697028e+03  6.720540e+03
    endloop
  endfacet
  facet normal -2.528345e-01  6.176231e-01 -7.447257e-01
    outer loop
      vertex  7.295294e+03  5.758406e+03  6.735814e+03
      vertex  7.190352e+03  5.697028e+03  6.720540e+03
      vertex  7.190613e+03  5.811430e+03  6.815327e+03
    endloop
  endfacet
  facet normal -2.982343e-01  6.084384e-01 -7.354311e-01
    outer loop
      vertex  7.295069e+03  5.554610e+03  6.573084e+03
      vertex  7.400000e+03  5.768667e+03  6.707626e+03
      vertex  7.400000e+03  5.760760e+03  6.701085e+03
    endloop
  endfacet
  facet normal -2.953629e-01  6.079475e-01 -7.369943e-01
    outer loop
      vertex  7.295069e+03  5.554610e+03  6.573084e+03
      vertex  7.400000e+03  5.760760e+03  6.701085e+03
      vertex  7.400000e+03  5.752846e+03  6.694557e+03
    endloop
  endfacet
  facet normal -2.927335e-01  6.074494e-01 -7.384527e-01
    outer loop
      vertex  7.295069e+03  5.554610e+03  6.573084e+03
      vertex  7.400000e+03  5.752846e+03  6.694557e+03
      vertex  7.400000e+03  5.744925e+03  6.688041e+03
    endloop
  endfacet
  facet normal -2.901337e-01  6.069050e-01 -7.399247e-01
    outer loop
      vertex  7.295069e+03  5.554610e+03  6.573084e+03
      vertex  7.400000e+03  5.744925e+03  6.688041e+03
      vertex  7.400000e+03  5.736997e+03  6.681538e+03
    endloop
  endfacet
  facet normal -2.876057e-01  6.063213e-01 -7.413889e-01
    outer loop
      vertex  7.295069e+03  5.554610e+03  6.573084e+03
      vertex  7.400000e+03  5.736997e+03  6.681538e+03
      vertex  7.400000e+03  5.729061e+03  6.675047e+03
    endloop
  endfacet
  facet normal -2.853569e-01  6.057492e-01 -7.427242e-01
    outer loop
      vertex  7.295069e+03  5.554610e+03  6.573084e+03
      vertex  7.400000e+03  5.729061e+03  6.675047e+03
      vertex  7.400000e+03  5.721118e+03  6.668569e+03
    endloop
  endfacet
  facet normal -2.831110e-01  6.051201e-01 -7.440953e-01
    outer loop
      vertex  7.295069e+03  5.554610e+03  6.573084e+03
      vertex  7.400000e+03  5.721118e+03  6.668569e+03
      vertex  7.400000e+03  5.713167e+03  6.662104e+03
    endloop
  endfacet
  facet normal -2.810821e-01  6.044943e-01 -7.453722e-01
    outer loop
      vertex  7.295069e+03  5.554610e+03  6.573084e+03
      vertex  7.400000e+03  5.713167e+03  6.662104e+03
      vertex  7.400000e+03  5.705210e+03  6.655651e+03
    endloop
  endfacet
  facet normal -2.790686e-01  6.038098e-01 -7.466823e-01
    outer loop
      vertex  7.295069e+03  5.554610e+03  6.573084e+03
      vertex  7.400000e+03  5.705210e+03  6.655651e+03
      vertex  7.400000e+03  5.697246e+03  6.649210e+03
    endloop
  endfacet
  facet normal -2.772223e-01  6.031169e-01 -7.479290e-01
    outer loop
      vertex  7.295069e+03  5.554610e+03  6.573084e+03
      vertex  7.400000e+03  5.697246e+03  6.649210e+03
      vertex  7.400000e+03  5.689274e+03  6.642782e+03
    endloop
  endfacet
  facet normal -2.758662e-01  6.025541e-01 -7.488834e-01
    outer loop
      vertex  7.295069e+03  5.554610e+03  6.573084e+03
      vertex  7.400000e+03  5.689274e+03  6.642782e+03
      vertex  7.400000e+03  5.685286e+03  6.639573e+03
    endloop
  endfacet
  facet normal -2.751242e-01  6.022298e-01 -7.494171e-01
    outer loop
      vertex  7.295069e+03  5.554610e+03  6.573084e+03
      vertex  7.400000e+03  5.685286e+03  6.639573e+03
      vertex  7.400000e+03  5.681296e+03  6.636367e+03
    endloop
  endfacet
  facet normal -2.743035e-01  6.018519e-01 -7.500212e-01
    outer loop
      vertex  7.295069e+03  5.554610e+03  6.573084e+03
      vertex  7.400000e+03  5.681296e+03  6.636367e+03
      vertex  7.400000e+03  5.677304e+03  6.633164e+03
    endloop
  endfacet
  facet normal -2.735290e-01  6.014757e-01 -7.506056e-01
    outer loop
      vertex  7.295069e+03  5.554610e+03  6.573084e+03
      vertex  7.400000e+03  5.677304e+03  6.633164e+03
      vertex  7.400000e+03  5.673311e+03  6.629963e+03
    endloop
  endfacet
  facet normal -2.728483e-01  6.011266e-01 -7.511328e-01
    outer loop
      vertex  7.295069e+03  5.554610e+03  6.573084e+03
      vertex  7.400000e+03  5.673311e+03  6.629963e+03
      vertex  7.400000e+03  5.669315e+03  6.626766e+03
    endloop
  endfacet
  facet normal -2.720540e-01  6.006960e-01 -7.517653e-01
    outer loop
      vertex  7.295069e+03  5.554610e+03  6.573084e+03
      vertex  7.400000e+03  5.669315e+03  6.626766e+03
      vertex  7.400000e+03  5.665318e+03  6.623572e+03
    endloop
  endfacet
  facet normal -2.713666e-01  6.003013e-01 -7.523287e-01
    outer loop
      vertex  7.295069e+03  5.554610e+03  6.573084e+03
      vertex  7.400000e+03  5.665318e+03  6.623572e+03
      vertex  7.400000e+03  5.661319e+03  6.620381e+03
    endloop
  endfacet
  facet normal -2.707655e-01  5.999355e-01 -7.528368e-01
    outer loop
      vertex  7.295069e+03  5.554610e+03  6.573084e+03
      vertex  7.400000e+03  5.661319e+03  6.620381e+03
      vertex  7.400000e+03  5.657319e+03  6.617193e+03
    endloop
  endfacet
  facet normal -2.701911e-01  5.995643e-01 -7.533388e-01
    outer loop
      vertex  7.295069e+03  5.554610e+03  6.573084e+03
      vertex  7.400000e+03  5.657319e+03  6.617193e+03
      vertex  7.400000e+03  5.653317e+03  6.614008e+03
    endloop
  endfacet
  facet normal -2.695262e-01  5.991070e-01 -7.539406e-01
    outer loop
      vertex  7.295069e+03  5.554610e+03  6.573084e+03
      vertex  7.400000e+03  5.653317e+03  6.614008e+03
      vertex  7.400000e+03  5.649313e+03  6.610827e+03
    endloop
  endfacet
  facet normal -2.689559e-01  5.986886e-01 -7.544764e-01
    outer loop
      vertex  7.295069e+03  5.554610e+03  6.573084e+03
      vertex  7.400000e+03  5.649313e+03  6.610827e+03
      vertex  7.400000e+03  5.645307e+03  6.607648e+03
    endloop
  endfacet
  facet normal -2.684618e-01  5.983011e-01 -7.549595e-01
    outer loop
      vertex  7.295069e+03  5.554610e+03  6.573084e+03
      vertex  7.400000e+03  5.645307e+03  6.607648e+03
      vertex  7.400000e+03  5.641300e+03  6.604472e+03
    endloop
  endfacet
  facet normal -2.679946e-01  5.979083e-01 -7.554367e-01
    outer loop
      vertex  7.295069e+03  5.554610e+03  6.573084e+03
      vertex  7.400000e+03  5.641300e+03  6.604472e+03
      vertex  7.400000e+03  5.637291e+03  6.601299e+03
    endloop
  endfacet
  facet normal -2.674601e-01  5.974250e-01 -7.560082e-01
    outer loop
      vertex  7.295069e+03  5.554610e+03  6.573084e+03
      vertex  7.400000e+03  5.637291e+03  6.601299e+03
      vertex  7.400000e+03  5.633280e+03  6.598130e+03
    endloop
  endfacet
  facet normal -2.670572e-01  5.970318e-01 -7.564612e-01
    outer loop
      vertex  7.295069e+03  5.554610e+03  6.573084e+03
      vertex  7.400000e+03  5.633280e+03  6.598130e+03
      vertex  7.400000e+03  5.629268e+03  6.594963e+03
    endloop
  endfacet
  facet normal -2.666247e-01  5.965743e-01 -7.569745e-01
    outer loop
      vertex  7.295069e+03  5.554610e+03  6.573084e+03
      vertex  7.400000e+03  5.629268e+03  6.594963e+03
      vertex  7.400000e+03  5.625253e+03  6.591799e+03
    endloop
  endfacet
  facet normal -2.662654e-01  5.961605e-01 -7.574269e-01
    outer loop
      vertex  7.295069e+03  5.554610e+03  6.573084e+03
      vertex  7.400000e+03  5.625253e+03  6.591799e+03
      vertex  7.400000e+03  5.621238e+03  6.588639e+03
    endloop
  endfacet
  facet normal -2.658621e-01  5.956519e-01 -7.579684e-01
    outer loop
      vertex  7.295069e+03  5.554610e+03  6.573084e+03
      vertex  7.400000e+03  5.621238e+03  6.588639e+03
      vertex  7.400000e+03  5.617220e+03  6.585481e+03
    endloop
  endfacet
  facet normal -2.655935e-01  5.952784e-01 -7.583558e-01
    outer loop
      vertex  7.295069e+03  5.554610e+03  6.573084e+03
      vertex  7.400000e+03  5.617220e+03  6.585481e+03
      vertex  7.400000e+03  5.613201e+03  6.582327e+03
    endloop
  endfacet
  facet normal -2.653157e-01  5.948492e-01 -7.587898e-01
    outer loop
      vertex  7.295069e+03  5.554610e+03  6.573084e+03
      vertex  7.400000e+03  5.613201e+03  6.582327e+03
      vertex  7.400000e+03  5.609181e+03  6.579175e+03
    endloop
  endfacet
  facet normal -2.650113e-01  5.943220e-01 -7.593091e-01
    outer loop
      vertex  7.295069e+03  5.554610e+03  6.573084e+03
      vertex  7.400000e+03  5.609181e+03  6.579175e+03
      vertex  7.400000e+03  5.605158e+03  6.576026e+03
    endloop
  endfacet
  facet normal -2.647668e-01  5.938414e-01 -7.597704e-01
    outer loop
      vertex  7.295069e+03  5.554610e+03  6.573084e+03
      vertex  7.400000e+03  5.605158e+03  6.576026e+03
      vertex  7.400000e+03  5.601134e+03  6.572881e+03
    endloop
  endfacet
  facet normal -2.645889e-01  5.934384e-01 -7.601470e-01
    outer loop
      vertex  7.295069e+03  5.554610e+03  6.573084e+03
      vertex  7.400000e+03  5.601134e+03  6.572881e+03
      vertex  7.400000e+03  5.597108e+03  6.569738e+03
    endloop
  endfacet
  facet normal -2.644041e-01  5.929468e-01 -7.605949e-01
    outer loop
      vertex  7.295069e+03  5.554610e+03  6.573084e+03
      vertex  7.400000e+03  5.597108e+03  6.569738e+03
      vertex  7.400000e+03  5.593081e+03  6.566599e+03
    endloop
  endfacet
  facet normal -2.642491e-01  5.924497e-01 -7.610360e-01
    outer loop
      vertex  7.295069e+03  5.554610e+03  6.573084e+03
      vertex  7.400000e+03  5.593081e+03  6.566599e+03
      vertex  7.400000e+03  5.589052e+03  6.563462e+03
    endloop
  endfacet
  facet normal -2.641346e-01  5.919901e-01 -7.614332e-01
    outer loop
      vertex  7.295069e+03  5.554610e+03  6.573084e+03
      vertex  7.400000e+03  5.589052e+03  6.563462e+03
      vertex  7.400000e+03  5.585021e+03  6.560328e+03
    endloop
  endfacet
  facet normal -2.640476e-01  5.915256e-01 -7.618244e-01
    outer loop
      vertex  7.295069e+03  5.554610e+03  6.573084e+03
      vertex  7.400000e+03  5.585021e+03  6.560328e+03
      vertex  7.400000e+03  5.580989e+03  6.557197e+03
    endloop
  endfacet
  facet normal -2.639878e-01  5.910560e-01 -7.622094e-01
    outer loop
      vertex  7.295069e+03  5.554610e+03  6.573084e+03
      vertex  7.400000e+03  5.580989e+03  6.557197e+03
      vertex  7.400000e+03  5.576955e+03  6.554069e+03
    endloop
  endfacet
  facet normal -2.639485e-01  5.904803e-01 -7.626691e-01
    outer loop
      vertex  7.295069e+03  5.554610e+03  6.573084e+03
      vertex  7.400000e+03  5.576955e+03  6.554069e+03
      vertex  7.400000e+03  5.572919e+03  6.550945e+03
    endloop
  endfacet
  facet normal -2.639441e-01  5.900584e-01 -7.629971e-01
    outer loop
      vertex  7.295069e+03  5.554610e+03  6.573084e+03
      vertex  7.400000e+03  5.572919e+03  6.550945e+03
      vertex  7.400000e+03  5.568882e+03  6.547823e+03
    endloop
  endfacet
  facet normal -2.639686e-01  5.895290e-01 -7.633977e-01
    outer loop
      vertex  7.295069e+03  5.554610e+03  6.573084e+03
      vertex  7.400000e+03  5.568882e+03  6.547823e+03
      vertex  7.400000e+03  5.564843e+03  6.544704e+03
    endloop
  endfacet
  facet normal -2.652484e-01  5.765479e-01 -7.728103e-01
    outer loop
      vertex  7.295069e+03  5.554610e+03  6.573084e+03
      vertex  7.400000e+03  5.564843e+03  6.544704e+03
      vertex  7.294845e+03  5.346578e+03  6.417961e+03
    endloop
  endfacet
  facet normal -2.461979e-01  5.795472e-01 -7.768601e-01
    outer loop
      vertex  7.295069e+03  5.554610e+03  6.573084e+03
      vertex  7.294845e+03  5.346578e+03  6.417961e+03
      vertex  7.189836e+03  5.466991e+03  6.541069e+03
    endloop
  endfacet
  facet normal -2.630943e-01  5.938157e-01 -7.603712e-01
    outer loop
      vertex  7.295069e+03  5.554610e+03  6.573084e+03
      vertex  7.189836e+03  5.466991e+03  6.541069e+03
      vertex  7.190352e+03  5.697028e+03  6.720540e+03
    endloop
  endfacet
  facet normal -2.988483e-01  5.827871e-01 -7.556778e-01
    outer loop
      vertex  7.294845e+03  5.346578e+03  6.417961e+03
      vertex  7.400000e+03  5.564843e+03  6.544704e+03
      vertex  7.400000e+03  5.560803e+03  6.541588e+03
    endloop
  endfacet
  facet normal -2.976061e-01  5.825608e-01 -7.563423e-01
    outer loop
      vertex  7.294845e+03  5.346578e+03  6.417961e+03
      vertex  7.400000e+03  5.560803e+03  6.541588e+03
      vertex  7.400000e+03  5.556761e+03  6.538475e+03
    endloop
  endfacet
  facet normal -2.962374e-01  5.822993e-01 -7.570806e-01
    outer loop
      vertex  7.294845e+03  5.346578e+03  6.417961e+03
      vertex  7.400000e+03  5.556761e+03  6.538475e+03
      vertex  7.400000e+03  5.552717e+03  6.535364e+03
    endloop
  endfacet
  facet normal -2.949751e-01  5.820466e-01 -7.577674e-01
    outer loop
      vertex  7.294845e+03  5.346578e+03  6.417961e+03
      vertex  7.400000e+03  5.552717e+03  6.535364e+03
      vertex  7.400000e+03  5.548672e+03  6.532257e+03
    endloop
  endfacet
  facet normal -2.938055e-01  5.818014e-01 -7.584097e-01
    outer loop
      vertex  7.294845e+03  5.346578e+03  6.417961e+03
      vertex  7.400000e+03  5.548672e+03  6.532257e+03
      vertex  7.400000e+03  5.544625e+03  6.529153e+03
    endloop
  endfacet
  facet normal -2.924852e-01  5.815114e-01 -7.591421e-01
    outer loop
      vertex  7.294845e+03  5.346578e+03  6.417961e+03
      vertex  7.400000e+03  5.544625e+03  6.529153e+03
      vertex  7.400000e+03  5.540577e+03  6.526052e+03
    endloop
  endfacet
  facet normal -2.914709e-01  5.812784e-01 -7.597105e-01
    outer loop
      vertex  7.294845e+03  5.346578e+03  6.417961e+03
      vertex  7.400000e+03  5.540577e+03  6.526052e+03
      vertex  7.400000e+03  5.536527e+03  6.522953e+03
    endloop
  endfacet
  facet normal -2.902389e-01  5.809821e-01 -7.604085e-01
    outer loop
      vertex  7.294845e+03  5.346578e+03  6.417961e+03
      vertex  7.400000e+03  5.536527e+03  6.522953e+03
      vertex  7.400000e+03  5.532476e+03  6.519857e+03
    endloop
  endfacet
  facet normal -2.892377e-01  5.807303e-01 -7.609822e-01
    outer loop
      vertex  7.294845e+03  5.346578e+03  6.417961e+03
      vertex  7.400000e+03  5.532476e+03  6.519857e+03
      vertex  7.400000e+03  5.528423e+03  6.516765e+03
    endloop
  endfacet
  facet normal -2.879311e-01  5.803863e-01 -7.617398e-01
    outer loop
      vertex  7.294845e+03  5.346578e+03  6.417961e+03
      vertex  7.400000e+03  5.528423e+03  6.516765e+03
      vertex  7.400000e+03  5.524368e+03  6.513675e+03
    endloop
  endfacet
  facet normal -2.870059e-01  5.801315e-01 -7.622828e-01
    outer loop
      vertex  7.294845e+03  5.346578e+03  6.417961e+03
      vertex  7.400000e+03  5.524368e+03  6.513675e+03
      vertex  7.400000e+03  5.520312e+03  6.510588e+03
    endloop
  endfacet
  facet normal -2.859794e-01  5.798357e-01 -7.628934e-01
    outer loop
      vertex  7.294845e+03  5.346578e+03  6.417961e+03
      vertex  7.400000e+03  5.520312e+03  6.510588e+03
      vertex  7.400000e+03  5.516254e+03  6.507504e+03
    endloop
  endfacet
  facet normal -2.851287e-01  5.795792e-01 -7.634065e-01
    outer loop
      vertex  7.294845e+03  5.346578e+03  6.417961e+03
      vertex  7.400000e+03  5.516254e+03  6.507504e+03
      vertex  7.400000e+03  5.514225e+03  6.505963e+03
    endloop
  endfacet
  facet normal -2.848901e-01  5.795056e-01 -7.635515e-01
    outer loop
      vertex  7.294845e+03  5.346578e+03  6.417961e+03
      vertex  7.400000e+03  5.514225e+03  6.505963e+03
      vertex  7.400000e+03  5.512195e+03  6.504423e+03
    endloop
  endfacet
  facet normal -2.840043e-01  5.792261e-01 -7.640933e-01
    outer loop
      vertex  7.294845e+03  5.346578e+03  6.417961e+03
      vertex  7.400000e+03  5.512195e+03  6.504423e+03
      vertex  7.400000e+03  5.510165e+03  6.502884e+03
    endloop
  endfacet
  facet normal -2.838280e-01  5.791693e-01 -7.642020e-01
    outer loop
      vertex  7.294845e+03  5.346578e+03  6.417961e+03
      vertex  7.400000e+03  5.510165e+03  6.502884e+03
      vertex  7.400000e+03  5.508134e+03  6.501345e+03
    endloop
  endfacet
  facet normal -2.833690e-01  5.790176e-01 -7.644871e-01
    outer loop
      vertex  7.294845e+03  5.346578e+03  6.417961e+03
      vertex  7.400000e+03  5.508134e+03  6.501345e+03
      vertex  7.400000e+03  5.506103e+03  6.499807e+03
    endloop
  endfacet
  facet normal -2.827448e-01  5.788066e-01 -7.648779e-01
    outer loop
      vertex  7.294845e+03  5.346578e+03  6.417961e+03
      vertex  7.400000e+03  5.506103e+03  6.499807e+03
      vertex  7.400000e+03  5.504072e+03  6.498270e+03
    endloop
  endfacet
  facet normal -2.823525e-01  5.786710e-01 -7.651255e-01
    outer loop
      vertex  7.294845e+03  5.346578e+03  6.417961e+03
      vertex  7.400000e+03  5.504072e+03  6.498270e+03
      vertex  7.400000e+03  5.502040e+03  6.496733e+03
    endloop
  endfacet
  facet normal -2.819658e-01  5.785341e-01 -7.653715e-01
    outer loop
      vertex  7.294845e+03  5.346578e+03  6.417961e+03
      vertex  7.400000e+03  5.502040e+03  6.496733e+03
      vertex  7.400000e+03  5.500008e+03  6.495197e+03
    endloop
  endfacet
  facet normal -2.813675e-01  5.783173e-01 -7.657554e-01
    outer loop
      vertex  7.294845e+03  5.346578e+03  6.417961e+03
      vertex  7.400000e+03  5.500008e+03  6.495197e+03
      vertex  7.400000e+03  5.497975e+03  6.493662e+03
    endloop
  endfacet
  facet normal -2.809395e-01  5.781586e-01 -7.660325e-01
    outer loop
      vertex  7.294845e+03  5.346578e+03  6.417961e+03
      vertex  7.400000e+03  5.497975e+03  6.493662e+03
      vertex  7.400000e+03  5.495942e+03  6.492127e+03
    endloop
  endfacet
  facet normal -2.805694e-01  5.780180e-01 -7.662740e-01
    outer loop
      vertex  7.294845e+03  5.346578e+03  6.417961e+03
      vertex  7.400000e+03  5.495942e+03  6.492127e+03
      vertex  7.400000e+03  5.493909e+03  6.490594e+03
    endloop
  endfacet
  facet normal -2.802050e-01  5.778763e-01 -7.665142e-01
    outer loop
      vertex  7.294845e+03  5.346578e+03  6.417961e+03
      vertex  7.400000e+03  5.493909e+03  6.490594e+03
      vertex  7.400000e+03  5.491875e+03  6.489061e+03
    endloop
  endfacet
  facet normal -2.796416e-01  5.776519e-01 -7.668890e-01
    outer loop
      vertex  7.294845e+03  5.346578e+03  6.417961e+03
      vertex  7.400000e+03  5.491875e+03  6.489061e+03
      vertex  7.400000e+03  5.489841e+03  6.487528e+03
    endloop
  endfacet
  facet normal -2.792884e-01  5.775079e-01 -7.671263e-01
    outer loop
      vertex  7.294845e+03  5.346578e+03  6.417961e+03
      vertex  7.400000e+03  5.489841e+03  6.487528e+03
      vertex  7.400000e+03  5.487807e+03  6.485997e+03
    endloop
  endfacet
  facet normal -2.788917e-01  5.773421e-01 -7.673954e-01
    outer loop
      vertex  7.294845e+03  5.346578e+03  6.417961e+03
      vertex  7.400000e+03  5.487807e+03  6.485997e+03
      vertex  7.400000e+03  5.485772e+03  6.484466e+03
    endloop
  endfacet
  facet normal -2.785496e-01  5.771956e-01 -7.676297e-01
    outer loop
      vertex  7.294845e+03  5.346578e+03  6.417961e+03
      vertex  7.400000e+03  5.485772e+03  6.484466e+03
      vertex  7.400000e+03  5.483737e+03  6.482936e+03
    endloop
  endfacet
  facet normal -2.780211e-01  5.769637e-01 -7.679955e-01
    outer loop
      vertex  7.294845e+03  5.346578e+03  6.417961e+03
      vertex  7.400000e+03  5.483737e+03  6.482936e+03
      vertex  7.400000e+03  5.481701e+03  6.481406e+03
    endloop
  endfacet
  facet normal -2.776903e-01  5.768149e-01 -7.682269e-01
    outer loop
      vertex  7.294845e+03  5.346578e+03  6.417961e+03
      vertex  7.400000e+03  5.481701e+03  6.481406e+03
      vertex  7.400000e+03  5.479665e+03  6.479877e+03
    endloop
  endfacet
  facet normal -2.775046e-01  5.767294e-01 -7.683583e-01
    outer loop
      vertex  7.294845e+03  5.346578e+03  6.417961e+03
      vertex  7.400000e+03  5.479665e+03  6.479877e+03
      vertex  7.400000e+03  5.477629e+03  6.478349e+03
    endloop
  endfacet
  facet normal -2.770025e-01  5.764920e-01 -7.687175e-01
    outer loop
      vertex  7.294845e+03  5.346578e+03  6.417961e+03
      vertex  7.400000e+03  5.477629e+03  6.478349e+03
      vertex  7.400000e+03  5.475592e+03  6.476822e+03
    endloop
  endfacet
  facet normal -2.765092e-01  5.762528e-01 -7.690744e-01
    outer loop
      vertex  7.294845e+03  5.346578e+03  6.417961e+03
      vertex  7.400000e+03  5.475592e+03  6.476822e+03
      vertex  7.400000e+03  5.473555e+03  6.475295e+03
    endloop
  endfacet
  facet normal -2.763772e-01  5.761871e-01 -7.691711e-01
    outer loop
      vertex  7.294845e+03  5.346578e+03  6.417961e+03
      vertex  7.400000e+03  5.473555e+03  6.475295e+03
      vertex  7.400000e+03  5.471518e+03  6.473769e+03
    endloop
  endfacet
  facet normal -2.758581e-01  5.759220e-01 -7.695557e-01
    outer loop
      vertex  7.294845e+03  5.346578e+03  6.417961e+03
      vertex  7.400000e+03  5.471518e+03  6.473769e+03
      vertex  7.400000e+03  5.469480e+03  6.472244e+03
    endloop
  endfacet
  facet normal -2.754340e-01  5.756997e-01 -7.698740e-01
    outer loop
      vertex  7.294845e+03  5.346578e+03  6.417961e+03
      vertex  7.400000e+03  5.469480e+03  6.472244e+03
      vertex  7.400000e+03  5.467441e+03  6.470720e+03
    endloop
  endfacet
  facet normal -2.752674e-01  5.756100e-01 -7.700006e-01
    outer loop
      vertex  7.294845e+03  5.346578e+03  6.417961e+03
      vertex  7.400000e+03  5.467441e+03  6.470720e+03
      vertex  7.400000e+03  5.465403e+03  6.469196e+03
    endloop
  endfacet
  facet normal -2.751040e-01  5.755197e-01 -7.701265e-01
    outer loop
      vertex  7.294845e+03  5.346578e+03  6.417961e+03
      vertex  7.400000e+03  5.465403e+03  6.469196e+03
      vertex  7.400000e+03  5.463364e+03  6.467672e+03
    endloop
  endfacet
  facet normal -2.743838e-01  5.751107e-01 -7.706888e-01
    outer loop
      vertex  7.294845e+03  5.346578e+03  6.417961e+03
      vertex  7.400000e+03  5.463364e+03  6.467672e+03
      vertex  7.400000e+03  5.461325e+03  6.466150e+03
    endloop
  endfacet
  facet normal -2.743838e-01  5.751107e-01 -7.706888e-01
    outer loop
      vertex  7.294845e+03  5.346578e+03  6.417961e+03
      vertex  7.400000e+03  5.461325e+03  6.466150e+03
      vertex  7.400000e+03  5.459285e+03  6.464628e+03
    endloop
  endfacet
  facet normal -2.739615e-01  5.748571e-01 -7.710282e-01
    outer loop
      vertex  7.294845e+03  5.346578e+03  6.417961e+03
      vertex  7.400000e+03  5.459285e+03  6.464628e+03
      vertex  7.400000e+03  5.457245e+03  6.463107e+03
    endloop
  endfacet
  facet normal -2.735479e-01  5.746017e-01 -7.713653e-01
    outer loop
      vertex  7.294845e+03  5.346578e+03  6.417961e+03
      vertex  7.400000e+03  5.457245e+03  6.463107e+03
      vertex  7.400000e+03  5.455205e+03  6.461587e+03
    endloop
  endfacet
  facet normal -2.734381e-01  5.745319e-01 -7.714562e-01
    outer loop
      vertex  7.294845e+03  5.346578e+03  6.417961e+03
      vertex  7.400000e+03  5.455205e+03  6.461587e+03
      vertex  7.400000e+03  5.453164e+03  6.460067e+03
    endloop
  endfacet
  facet normal -2.730056e-01  5.742489e-01 -7.718200e-01
    outer loop
      vertex  7.294845e+03  5.346578e+03  6.417961e+03
      vertex  7.400000e+03  5.453164e+03  6.460067e+03
      vertex  7.400000e+03  5.451123e+03  6.458549e+03
    endloop
  endfacet
  facet normal -2.727598e-01  5.740832e-01 -7.720301e-01
    outer loop
      vertex  7.294845e+03  5.346578e+03  6.417961e+03
      vertex  7.400000e+03  5.451123e+03  6.458549e+03
      vertex  7.400000e+03  5.449081e+03  6.457031e+03
    endloop
  endfacet
  facet normal -2.725196e-01  5.739165e-01 -7.722389e-01
    outer loop
      vertex  7.294845e+03  5.346578e+03  6.417961e+03
      vertex  7.400000e+03  5.449081e+03  6.457031e+03
      vertex  7.400000e+03  5.447039e+03  6.455513e+03
    endloop
  endfacet
  facet normal -2.722853e-01  5.737486e-01 -7.724463e-01
    outer loop
      vertex  7.294845e+03  5.346578e+03  6.417961e+03
      vertex  7.400000e+03  5.447039e+03  6.455513e+03
      vertex  7.400000e+03  5.444997e+03  6.453996e+03
    endloop
  endfacet
  facet normal -2.720228e-01  5.735548e-01 -7.726826e-01
    outer loop
      vertex  7.294845e+03  5.346578e+03  6.417961e+03
      vertex  7.400000e+03  5.444997e+03  6.453996e+03
      vertex  7.400000e+03  5.442954e+03  6.452480e+03
    endloop
  endfacet
  facet normal -2.716719e-01  5.732872e-01 -7.730047e-01
    outer loop
      vertex  7.294845e+03  5.346578e+03  6.417961e+03
      vertex  7.400000e+03  5.442954e+03  6.452480e+03
      vertex  7.400000e+03  5.440911e+03  6.450965e+03
    endloop
  endfacet
  facet normal -2.714546e-01  5.731161e-01 -7.732078e-01
    outer loop
      vertex  7.294845e+03  5.346578e+03  6.417961e+03
      vertex  7.400000e+03  5.440911e+03  6.450965e+03
      vertex  7.400000e+03  5.438868e+03  6.449450e+03
    endloop
  endfacet
  facet normal -2.712431e-01  5.729439e-01 -7.734097e-01
    outer loop
      vertex  7.294845e+03  5.346578e+03  6.417961e+03
      vertex  7.400000e+03  5.438868e+03  6.449450e+03
      vertex  7.400000e+03  5.436824e+03  6.447936e+03
    endloop
  endfacet
  facet normal -2.710066e-01  5.727448e-01 -7.736399e-01
    outer loop
      vertex  7.294845e+03  5.346578e+03  6.417961e+03
      vertex  7.400000e+03  5.436824e+03  6.447936e+03
      vertex  7.400000e+03  5.434780e+03  6.446423e+03
    endloop
  endfacet
  facet normal -2.708066e-01  5.725706e-01 -7.738389e-01
    outer loop
      vertex  7.294845e+03  5.346578e+03  6.417961e+03
      vertex  7.400000e+03  5.434780e+03  6.446423e+03
      vertex  7.400000e+03  5.432735e+03  6.444910e+03
    endloop
  endfacet
  facet normal -2.705005e-01  5.722944e-01 -7.741502e-01
    outer loop
      vertex  7.294845e+03  5.346578e+03  6.417961e+03
      vertex  7.400000e+03  5.432735e+03  6.444910e+03
      vertex  7.400000e+03  5.430690e+03  6.443398e+03
    endloop
  endfacet
  facet normal -2.703921e-01  5.721930e-01 -7.742631e-01
    outer loop
      vertex  7.294845e+03  5.346578e+03  6.417961e+03
      vertex  7.400000e+03  5.430690e+03  6.443398e+03
      vertex  7.400000e+03  5.428646e+03  6.441887e+03
    endloop
  endfacet
  facet normal -2.701316e-01  5.719401e-01 -7.745408e-01
    outer loop
      vertex  7.294845e+03  5.346578e+03  6.417961e+03
      vertex  7.400000e+03  5.428646e+03  6.441887e+03
      vertex  7.400000e+03  5.426600e+03  6.440376e+03
    endloop
  endfacet
  facet normal -2.699278e-01  5.717347e-01 -7.747634e-01
    outer loop
      vertex  7.294845e+03  5.346578e+03  6.417961e+03
      vertex  7.400000e+03  5.426600e+03  6.440376e+03
      vertex  7.400000e+03  5.424554e+03  6.438867e+03
    endloop
  endfacet
  facet normal -2.697564e-01  5.715551e-01 -7.749556e-01
    outer loop
      vertex  7.294845e+03  5.346578e+03  6.417961e+03
      vertex  7.400000e+03  5.424554e+03  6.438867e+03
      vertex  7.400000e+03  5.422507e+03  6.437357e+03
    endloop
  endfacet
  facet normal -2.695658e-01  5.713472e-01 -7.751753e-01
    outer loop
      vertex  7.294845e+03  5.346578e+03  6.417961e+03
      vertex  7.400000e+03  5.422507e+03  6.437357e+03
      vertex  7.400000e+03  5.420461e+03  6.435849e+03
    endloop
  endfacet
  facet normal -2.694059e-01  5.711656e-01 -7.753646e-01
    outer loop
      vertex  7.294845e+03  5.346578e+03  6.417961e+03
      vertex  7.400000e+03  5.420461e+03  6.435849e+03
      vertex  7.400000e+03  5.418414e+03  6.434341e+03
    endloop
  endfacet
  facet normal -2.691630e-01  5.708776e-01 -7.756610e-01
    outer loop
      vertex  7.294845e+03  5.346578e+03  6.417961e+03
      vertex  7.400000e+03  5.418414e+03  6.434341e+03
      vertex  7.400000e+03  5.416367e+03  6.432834e+03
    endloop
  endfacet
  facet normal -2.690147e-01  5.706939e-01 -7.758477e-01
    outer loop
      vertex  7.294845e+03  5.346578e+03  6.417961e+03
      vertex  7.400000e+03  5.416367e+03  6.432834e+03
      vertex  7.400000e+03  5.414319e+03  6.431328e+03
    endloop
  endfacet
  facet normal -2.688721e-01  5.705091e-01 -7.760329e-01
    outer loop
      vertex  7.294845e+03  5.346578e+03  6.417961e+03
      vertex  7.400000e+03  5.414319e+03  6.431328e+03
      vertex  7.400000e+03  5.412271e+03  6.429822e+03
    endloop
  endfacet
  facet normal -2.687144e-01  5.702949e-01 -7.762450e-01
    outer loop
      vertex  7.294845e+03  5.346578e+03  6.417961e+03
      vertex  7.400000e+03  5.412271e+03  6.429822e+03
      vertex  7.400000e+03  5.410222e+03  6.428317e+03
    endloop
  endfacet
  facet normal -2.685833e-01  5.701081e-01 -7.764276e-01
    outer loop
      vertex  7.294845e+03  5.346578e+03  6.417961e+03
      vertex  7.400000e+03  5.410222e+03  6.428317e+03
      vertex  7.400000e+03  5.408173e+03  6.426813e+03
    endloop
  endfacet
  facet normal -2.683857e-01  5.698118e-01 -7.767133e-01
    outer loop
      vertex  7.294845e+03  5.346578e+03  6.417961e+03
      vertex  7.400000e+03  5.408173e+03  6.426813e+03
      vertex  7.400000e+03  5.406124e+03  6.425310e+03
    endloop
  endfacet
  facet normal -2.683168e-01  5.697028e-01 -7.768170e-01
    outer loop
      vertex  7.294845e+03  5.346578e+03  6.417961e+03
      vertex  7.400000e+03  5.406124e+03  6.425310e+03
      vertex  7.400000e+03  5.404075e+03  6.423807e+03
    endloop
  endfacet
  facet normal -2.682030e-01  5.695130e-01 -7.769956e-01
    outer loop
      vertex  7.294845e+03  5.346578e+03  6.417961e+03
      vertex  7.400000e+03  5.404075e+03  6.423807e+03
      vertex  7.400000e+03  5.402025e+03  6.422304e+03
    endloop
  endfacet
  facet normal -2.680327e-01  5.692118e-01 -7.772750e-01
    outer loop
      vertex  7.294845e+03  5.346578e+03  6.417961e+03
      vertex  7.400000e+03  5.402025e+03  6.422304e+03
      vertex  7.400000e+03  5.399975e+03  6.420803e+03
    endloop
  endfacet
  facet normal -2.679305e-01  5.690199e-01 -7.774507e-01
    outer loop
      vertex  7.294845e+03  5.346578e+03  6.417961e+03
      vertex  7.400000e+03  5.399975e+03  6.420803e+03
      vertex  7.400000e+03  5.397924e+03  6.419302e+03
    endloop
  endfacet
  facet normal -2.678191e-01  5.687971e-01 -7.776522e-01
    outer loop
      vertex  7.294845e+03  5.346578e+03  6.417961e+03
      vertex  7.400000e+03  5.397924e+03  6.419302e+03
      vertex  7.400000e+03  5.395873e+03  6.417802e+03
    endloop
  endfacet
  facet normal -2.677284e-01  5.686030e-01 -7.778252e-01
    outer loop
      vertex  7.294845e+03  5.346578e+03  6.417961e+03
      vertex  7.400000e+03  5.395873e+03  6.417802e+03
      vertex  7.400000e+03  5.393822e+03  6.416302e+03
    endloop
  endfacet
  facet normal -2.676435e-01  5.684080e-01 -7.779969e-01
    outer loop
      vertex  7.294845e+03  5.346578e+03  6.417961e+03
      vertex  7.400000e+03  5.393822e+03  6.416302e+03
      vertex  7.400000e+03  5.391770e+03  6.414803e+03
    endloop
  endfacet
  facet normal -2.675521e-01  5.681815e-01 -7.781939e-01
    outer loop
      vertex  7.294845e+03  5.346578e+03  6.417961e+03
      vertex  7.400000e+03  5.391770e+03  6.414803e+03
      vertex  7.400000e+03  5.389718e+03  6.413305e+03
    endloop
  endfacet
  facet normal -2.674788e-01  5.679845e-01 -7.783629e-01
    outer loop
      vertex  7.294845e+03  5.346578e+03  6.417961e+03
      vertex  7.400000e+03  5.389718e+03  6.413305e+03
      vertex  7.400000e+03  5.387666e+03  6.411808e+03
    endloop
  endfacet
  facet normal -2.673721e-01  5.676720e-01 -7.786275e-01
    outer loop
      vertex  7.294845e+03  5.346578e+03  6.417961e+03
      vertex  7.400000e+03  5.387666e+03  6.411808e+03
      vertex  7.400000e+03  5.385613e+03  6.410311e+03
    endloop
  endfacet
  facet normal -2.673104e-01  5.674729e-01 -7.787937e-01
    outer loop
      vertex  7.294845e+03  5.346578e+03  6.417961e+03
      vertex  7.400000e+03  5.385613e+03  6.410311e+03
      vertex  7.400000e+03  5.383560e+03  6.408815e+03
    endloop
  endfacet
  facet normal -2.672780e-01  5.673572e-01 -7.788891e-01
    outer loop
      vertex  7.294845e+03  5.346578e+03  6.417961e+03
      vertex  7.400000e+03  5.383560e+03  6.408815e+03
      vertex  7.400000e+03  5.381507e+03  6.407319e+03
    endloop
  endfacet
  facet normal -2.671987e-01  5.670399e-01 -7.791473e-01
    outer loop
      vertex  7.294845e+03  5.346578e+03  6.417961e+03
      vertex  7.400000e+03  5.381507e+03  6.407319e+03
      vertex  7.400000e+03  5.379453e+03  6.405825e+03
    endloop
  endfacet
  facet normal -2.671542e-01  5.668378e-01 -7.793095e-01
    outer loop
      vertex  7.294845e+03  5.346578e+03  6.417961e+03
      vertex  7.400000e+03  5.379453e+03  6.405825e+03
      vertex  7.400000e+03  5.377399e+03  6.404331e+03
    endloop
  endfacet
  facet normal -2.670932e-01  5.665174e-01 -7.795635e-01
    outer loop
      vertex  7.294845e+03  5.346578e+03  6.417961e+03
      vertex  7.400000e+03  5.377399e+03  6.404331e+03
      vertex  7.400000e+03  5.375344e+03  6.402837e+03
    endloop
  endfacet
  facet normal -2.670742e-01  5.663993e-01 -7.796559e-01
    outer loop
      vertex  7.294845e+03  5.346578e+03  6.417961e+03
      vertex  7.400000e+03  5.375344e+03  6.402837e+03
      vertex  7.400000e+03  5.373290e+03  6.401345e+03
    endloop
  endfacet
  facet normal -2.670471e-01  5.661942e-01 -7.798140e-01
    outer loop
      vertex  7.294845e+03  5.346578e+03  6.417961e+03
      vertex  7.400000e+03  5.373290e+03  6.401345e+03
      vertex  7.400000e+03  5.371234e+03  6.399853e+03
    endloop
  endfacet
  facet normal -2.670224e-01  5.659556e-01 -7.799957e-01
    outer loop
      vertex  7.294845e+03  5.346578e+03  6.417961e+03
      vertex  7.400000e+03  5.371234e+03  6.399853e+03
      vertex  7.400000e+03  5.369179e+03  6.398361e+03
    endloop
  endfacet
  facet normal -2.670004e-01  5.656616e-01 -7.802165e-01
    outer loop
      vertex  7.294845e+03  5.346578e+03  6.417961e+03
      vertex  7.400000e+03  5.369179e+03  6.398361e+03
      vertex  7.400000e+03  5.367123e+03  6.396871e+03
    endloop
  endfacet
  facet normal -2.669947e-01  5.655410e-01 -7.803057e-01
    outer loop
      vertex  7.294845e+03  5.346578e+03  6.417961e+03
      vertex  7.400000e+03  5.367123e+03  6.396871e+03
      vertex  7.400000e+03  5.365067e+03  6.395380e+03
    endloop
  endfacet
  facet normal -2.669902e-01  5.652987e-01 -7.804829e-01
    outer loop
      vertex  7.294845e+03  5.346578e+03  6.417961e+03
      vertex  7.400000e+03  5.365067e+03  6.395380e+03
      vertex  7.400000e+03  5.363011e+03  6.393891e+03
    endloop
  endfacet
  facet normal -2.669939e-01  5.648789e-01 -7.807857e-01
    outer loop
      vertex  7.294845e+03  5.346578e+03  6.417961e+03
      vertex  7.400000e+03  5.363011e+03  6.393891e+03
      vertex  7.400000e+03  5.360954e+03  6.392403e+03
    endloop
  endfacet
  facet normal -2.669939e-01  5.648789e-01 -7.807857e-01
    outer loop
      vertex  7.294845e+03  5.346578e+03  6.417961e+03
      vertex  7.400000e+03  5.360954e+03  6.392403e+03
      vertex  7.400000e+03  5.358896e+03  6.390915e+03
    endloop
  endfacet
  facet normal -2.145532e-01  5.503845e-01 -8.068728e-01
    outer loop
      vertex  6.555257e+03  5.050048e+03  6.426753e+03
      vertex  6.556435e+03  5.181322e+03  6.515985e+03
      vertex  6.766287e+03  5.068432e+03  6.383179e+03
    endloop
  endfacet
  facet normal -2.124508e-01  5.529127e-01 -8.056999e-01
    outer loop
      vertex  6.766287e+03  5.068432e+03  6.383179e+03
      vertex  6.556435e+03  5.181322e+03  6.515985e+03
      vertex  6.767325e+03  5.221917e+03  6.488235e+03
    endloop
  endfacet
  facet normal -2.267999e-01  5.511541e-01 -8.029888e-01
    outer loop
      vertex  6.766287e+03  5.068432e+03  6.383179e+03
      vertex  6.767325e+03  5.221917e+03  6.488235e+03
      vertex  6.977607e+03  5.069312e+03  6.324097e+03
    endloop
  endfacet
  facet normal -2.278708e-01  5.501170e-01 -8.033966e-01
    outer loop
      vertex  6.977607e+03  5.069312e+03  6.324097e+03
      vertex  6.767325e+03  5.221917e+03  6.488235e+03
      vertex  6.978286e+03  5.222131e+03  6.428545e+03
    endloop
  endfacet
  facet normal -2.325715e-01  5.495038e-01 -8.024688e-01
    outer loop
      vertex  6.977607e+03  5.069312e+03  6.324097e+03
      vertex  6.978286e+03  5.222131e+03  6.428545e+03
      vertex  7.001264e+03  5.063120e+03  6.313000e+03
    endloop
  endfacet
  facet normal -2.396928e-01  5.477988e-01 -8.015384e-01
    outer loop
      vertex  7.001264e+03  5.063120e+03  6.313000e+03
      vertex  6.978286e+03  5.222131e+03  6.428545e+03
      vertex  7.083821e+03  5.225621e+03  6.399371e+03
    endloop
  endfacet
  facet normal -2.493221e-01  5.502354e-01 -7.969187e-01
    outer loop
      vertex  7.001264e+03  5.063120e+03  6.313000e+03
      vertex  7.083821e+03  5.225621e+03  6.399371e+03
      vertex  7.200603e+03  5.153444e+03  6.313000e+03
    endloop
  endfacet
  facet normal -2.479973e-01  5.516790e-01 -7.963338e-01
    outer loop
      vertex  7.200603e+03  5.153444e+03  6.313000e+03
      vertex  7.083821e+03  5.225621e+03  6.399371e+03
      vertex  7.189321e+03  5.231846e+03  6.370828e+03
    endloop
  endfacet
  facet normal -1.991176e-01  5.409758e-01 -8.171276e-01
    outer loop
      vertex  6.000000e+03  4.877625e+03  6.449382e+03
      vertex  6.000000e+03  5.092869e+03  6.591884e+03
      vertex  6.135159e+03  4.936863e+03  6.455666e+03
    endloop
  endfacet
  facet normal -1.972414e-01  5.422570e-01 -8.167333e-01
    outer loop
      vertex  6.135159e+03  4.936863e+03  6.455666e+03
      vertex  6.000000e+03  5.092869e+03  6.591884e+03
      vertex  6.136835e+03  5.071321e+03  6.544532e+03
    endloop
  endfacet
  facet normal -1.965930e-01  5.423231e-01 -8.168456e-01
    outer loop
      vertex  6.135159e+03  4.936863e+03  6.455666e+03
      vertex  6.136835e+03  5.071321e+03  6.544532e+03
      vertex  6.343865e+03  4.923551e+03  6.396597e+03
    endloop
  endfacet
  facet normal -1.993842e-01  5.395639e-01 -8.179957e-01
    outer loop
      vertex  6.343865e+03  4.923551e+03  6.396597e+03
      vertex  6.136835e+03  5.071321e+03  6.544532e+03
      vertex  6.345331e+03  5.058663e+03  6.485362e+03
    endloop
  endfacet
  facet normal -2.046451e-01  5.390078e-01 -8.170624e-01
    outer loop
      vertex  6.343865e+03  4.923551e+03  6.396597e+03
      vertex  6.345331e+03  5.058663e+03  6.485362e+03
      vertex  6.554080e+03  4.917447e+03  6.339919e+03
    endloop
  endfacet
  facet normal -2.062567e-01  5.373396e-01 -8.177557e-01
    outer loop
      vertex  6.554080e+03  4.917447e+03  6.339919e+03
      vertex  6.345331e+03  5.058663e+03  6.485362e+03
      vertex  6.555257e+03  5.050048e+03  6.426753e+03
    endloop
  endfacet
  facet normal -1.544073e-01  5.422272e-01 -8.259225e-01
    outer loop
      vertex  6.554080e+03  4.917447e+03  6.339919e+03
      vertex  6.555257e+03  5.050048e+03  6.426753e+03
      vertex  6.562054e+03  4.878714e+03  6.313000e+03
    endloop
  endfacet
  facet normal -2.153320e-01  5.342005e-01 -8.174728e-01
    outer loop
      vertex  6.562054e+03  4.878714e+03  6.313000e+03
      vertex  6.555257e+03  5.050048e+03  6.426753e+03
      vertex  6.766287e+03  5.068432e+03  6.383179e+03
    endloop
  endfacet
  facet normal -2.210163e-01  5.386693e-01 -8.130112e-01
    outer loop
      vertex  6.562054e+03  4.878714e+03  6.313000e+03
      vertex  6.766287e+03  5.068432e+03  6.383179e+03
      vertex  6.781267e+03  4.968658e+03  6.313000e+03
    endloop
  endfacet
  facet normal -2.064904e-01  5.293836e-01 -8.228698e-01
    outer loop
      vertex  6.554080e+03  4.917447e+03  6.339919e+03
      vertex  6.562054e+03  4.878714e+03  6.313000e+03
      vertex  6.343865e+03  4.923551e+03  6.396597e+03
    endloop
  endfacet
  facet normal -2.089971e-01  5.232763e-01 -8.261369e-01
    outer loop
      vertex  6.343865e+03  4.923551e+03  6.396597e+03
      vertex  6.562054e+03  4.878714e+03  6.313000e+03
      vertex  6.444974e+03  4.831953e+03  6.313000e+03
    endloop
  endfacet
  facet normal -2.060576e-01  5.257570e-01 -8.252999e-01
    outer loop
      vertex  6.343865e+03  4.923551e+03  6.396597e+03
      vertex  6.444974e+03  4.831953e+03  6.313000e+03
      vertex  6.211646e+03  4.740505e+03  6.313000e+03
    endloop
  endfacet
  facet normal -1.380304e-01  9.364797e-01 -3.224180e-01
    outer loop
      vertex  6.567616e+03  7.585072e+03  9.650000e+03
      vertex  6.983716e+03  7.646402e+03  9.650000e+03
      vertex  6.583031e+03  7.510838e+03  9.427786e+03
    endloop
  endfacet
  facet normal -1.554135e-01  9.427962e-01 -2.949269e-01
    outer loop
      vertex  6.583031e+03  7.510838e+03  9.427786e+03
      vertex  6.983716e+03  7.646402e+03  9.650000e+03
      vertex  6.787502e+03  7.552027e+03  9.451708e+03
    endloop
  endfacet
  facet normal -1.464322e-01  9.271810e-01 -3.448086e-01
    outer loop
      vertex  6.583031e+03  7.510838e+03  9.427786e+03
      vertex  6.787502e+03  7.552027e+03  9.451708e+03
      vertex  6.786530e+03  7.480354e+03  9.259395e+03
    endloop
  endfacet
  facet normal -2.001352e-01  5.270653e-01 -8.259226e-01
    outer loop
      vertex  6.135159e+03  4.936863e+03  6.455666e+03
      vertex  6.343865e+03  4.923551e+03  6.396597e+03
      vertex  6.133374e+03  4.792054e+03  6.363688e+03
    endloop
  endfacet
  facet normal -1.953212e-01  5.206604e-01 -8.311211e-01
    outer loop
      vertex  6.133374e+03  4.792054e+03  6.363688e+03
      vertex  6.343865e+03  4.923551e+03  6.396597e+03
      vertex  6.211646e+03  4.740505e+03  6.313000e+03
    endloop
  endfacet
  facet normal -1.997831e-01  5.158126e-01 -8.330811e-01
    outer loop
      vertex  6.133374e+03  4.792054e+03  6.363688e+03
      vertex  6.211646e+03  4.740505e+03  6.313000e+03
      vertex  6.000000e+03  4.658531e+03  6.313000e+03
    endloop
  endfacet
  facet normal -2.036030e-01  6.631024e-01 -7.203063e-01
    outer loop
      vertex  5.742481e+03  5.922537e+03  7.318294e+03
      vertex  5.780685e+03  5.860081e+03  7.250000e+03
      vertex  5.600982e+03  5.913151e+03  7.349651e+03
    endloop
  endfacet
  facet normal -2.026875e-01  6.644148e-01 -7.193543e-01
    outer loop
      vertex  5.600982e+03  5.913151e+03  7.349651e+03
      vertex  5.780685e+03  5.860081e+03  7.250000e+03
      vertex  5.604762e+03  5.806414e+03  7.250000e+03
    endloop
  endfacet
  facet normal -2.118872e-01  6.629096e-01 -7.180910e-01
    outer loop
      vertex  5.600982e+03  5.913151e+03  7.349651e+03
      vertex  5.604762e+03  5.806414e+03  7.250000e+03
      vertex  5.460535e+03  5.900048e+03  7.378996e+03
    endloop
  endfacet
  facet normal -2.130416e-01  6.619192e-01 -7.186628e-01
    outer loop
      vertex  5.460535e+03  5.900048e+03  7.378996e+03
      vertex  5.604762e+03  5.806414e+03  7.250000e+03
      vertex  5.429679e+03  5.750063e+03  7.250000e+03
    endloop
  endfacet
  facet normal -2.202594e-01  6.617022e-01 -7.166839e-01
    outer loop
      vertex  5.460535e+03  5.900048e+03  7.378996e+03
      vertex  5.429679e+03  5.750063e+03  7.250000e+03
      vertex  5.373259e+03  5.889633e+03  7.396203e+03
    endloop
  endfacet
  facet normal -2.353281e-01  6.589354e-01 -7.144402e-01
    outer loop
      vertex  5.203998e+03  5.678090e+03  7.255926e+03
      vertex  5.206054e+03  5.863912e+03  7.426634e+03
      vertex  5.268963e+03  5.694867e+03  7.250000e+03
    endloop
  endfacet
  facet normal -2.357552e-01  6.587795e-01 -7.144432e-01
    outer loop
      vertex  5.268963e+03  5.694867e+03  7.250000e+03
      vertex  5.206054e+03  5.863912e+03  7.426634e+03
      vertex  5.286463e+03  5.877295e+03  7.412440e+03
    endloop
  endfacet
  facet normal -2.265806e-01  6.597459e-01 -7.165170e-01
    outer loop
      vertex  5.268963e+03  5.694867e+03  7.250000e+03
      vertex  5.286463e+03  5.877295e+03  7.412440e+03
      vertex  5.429679e+03  5.750063e+03  7.250000e+03
    endloop
  endfacet
  facet normal -2.277794e-01  6.589023e-01 -7.169131e-01
    outer loop
      vertex  5.429679e+03  5.750063e+03  7.250000e+03
      vertex  5.286463e+03  5.877295e+03  7.412440e+03
      vertex  5.373259e+03  5.889633e+03  7.396203e+03
    endloop
  endfacet
  facet normal -2.656645e-01  6.467447e-01 -7.149432e-01
    outer loop
      vertex  5.031383e+03  5.605178e+03  7.250000e+03
      vertex  4.953825e+03  5.573319e+03  7.250000e+03
      vertex  5.015906e+03  5.752615e+03  7.389125e+03
    endloop
  endfacet
  facet normal -2.611283e-01  6.465827e-01 -7.167585e-01
    outer loop
      vertex  5.015906e+03  5.752615e+03  7.389125e+03
      vertex  4.953825e+03  5.573319e+03  7.250000e+03
      vertex  4.907227e+03  5.673561e+03  7.357404e+03
    endloop
  endfacet
  facet normal -2.776392e-01  6.612945e-01 -6.968544e-01
    outer loop
      vertex  5.015906e+03  5.752615e+03  7.389125e+03
      vertex  4.907227e+03  5.673561e+03  7.357404e+03
      vertex  4.907863e+03  5.842954e+03  7.517900e+03
    endloop
  endfacet
  facet normal -1.888246e-01  9.119225e-01 -3.643387e-01
    outer loop
      vertex  4.938317e+03  7.284709e+03  9.650000e+03
      vertex  5.341945e+03  7.368285e+03  9.650000e+03
      vertex  5.143341e+03  7.282560e+03  9.538364e+03
    endloop
  endfacet
  facet normal -1.963862e-01  9.147564e-01 -3.530627e-01
    outer loop
      vertex  5.143341e+03  7.282560e+03  9.538364e+03
      vertex  5.341945e+03  7.368285e+03  9.650000e+03
      vertex  5.226201e+03  7.299671e+03  9.536608e+03
    endloop
  endfacet
  facet normal -1.944533e-01  9.020945e-01 -3.852443e-01
    outer loop
      vertex  5.143341e+03  7.282560e+03  9.538364e+03
      vertex  5.226201e+03  7.299671e+03  9.536608e+03
      vertex  5.142583e+03  7.235450e+03  9.428433e+03
    endloop
  endfacet
  facet normal -2.024693e-01  9.027838e-01 -3.794571e-01
    outer loop
      vertex  5.142583e+03  7.235450e+03  9.428433e+03
      vertex  5.226201e+03  7.299671e+03  9.536608e+03
      vertex  5.225310e+03  7.252562e+03  9.425003e+03
    endloop
  endfacet
  facet normal -2.014684e-01  8.936088e-01 -4.010907e-01
    outer loop
      vertex  5.142583e+03  7.235450e+03  9.428433e+03
      vertex  5.225310e+03  7.252562e+03  9.425003e+03
      vertex  5.141777e+03  7.183691e+03  9.313521e+03
    endloop
  endfacet
  facet normal -2.091840e-01  8.942395e-01 -3.956991e-01
    outer loop
      vertex  5.141777e+03  7.183691e+03  9.313521e+03
      vertex  5.225310e+03  7.252562e+03  9.425003e+03
      vertex  5.224372e+03  7.201281e+03  9.309610e+03
    endloop
  endfacet
  facet normal -2.081497e-01  8.845533e-01 -4.174197e-01
    outer loop
      vertex  5.141777e+03  7.183691e+03  9.313521e+03
      vertex  5.224372e+03  7.201281e+03  9.309610e+03
      vertex  5.140971e+03  7.130168e+03  9.200504e+03
    endloop
  endfacet
  facet normal -2.153212e-01  8.852075e-01 -4.123644e-01
    outer loop
      vertex  5.140971e+03  7.130168e+03  9.200504e+03
      vertex  5.224372e+03  7.201281e+03  9.309610e+03
      vertex  5.223434e+03  7.148203e+03  9.196158e+03
    endloop
  endfacet
  facet normal -2.138269e-01  8.713031e-01 -4.417113e-01
    outer loop
      vertex  5.140971e+03  7.130168e+03  9.200504e+03
      vertex  5.223434e+03  7.148203e+03  9.196158e+03
      vertex  5.139406e+03  7.021257e+03  8.986428e+03
    endloop
  endfacet
  facet normal -2.258322e-01  8.708398e-01 -4.366210e-01
    outer loop
      vertex  5.139406e+03  7.021257e+03  8.986428e+03
      vertex  5.223434e+03  7.148203e+03  9.196158e+03
      vertex  5.221604e+03  7.039495e+03  8.980288e+03
    endloop
  endfacet
  facet normal -2.243664e-01  8.519429e-01 -4.731311e-01
    outer loop
      vertex  5.139406e+03  7.021257e+03  8.986428e+03
      vertex  5.221604e+03  7.039495e+03  8.980288e+03
      vertex  5.137840e+03  6.905826e+03  8.779319e+03
    endloop
  endfacet
  facet normal -2.340279e-01  8.516703e-01 -4.689228e-01
    outer loop
      vertex  5.137840e+03  6.905826e+03  8.779319e+03
      vertex  5.221604e+03  7.039495e+03  8.980288e+03
      vertex  5.219772e+03  6.924103e+03  8.771623e+03
    endloop
  endfacet
  facet normal -2.328648e-01  8.316053e-01 -5.041890e-01
    outer loop
      vertex  5.137840e+03  6.905826e+03  8.779319e+03
      vertex  5.219772e+03  6.924103e+03  8.771623e+03
      vertex  5.136272e+03  6.783979e+03  8.579070e+03
    endloop
  endfacet
  facet normal -2.403933e-01  8.314876e-01 -5.008386e-01
    outer loop
      vertex  5.136272e+03  6.783979e+03  8.579070e+03
      vertex  5.219772e+03  6.924103e+03  8.771623e+03
      vertex  5.217940e+03  6.802152e+03  8.570041e+03
    endloop
  endfacet
  facet normal -2.394458e-01  8.103945e-01 -5.347210e-01
    outer loop
      vertex  5.136272e+03  6.783979e+03  8.579070e+03
      vertex  5.217940e+03  6.802152e+03  8.570041e+03
      vertex  5.134705e+03  6.655838e+03  8.385568e+03
    endloop
  endfacet
  facet normal -2.450216e-01  8.103875e-01 -5.321996e-01
    outer loop
      vertex  5.134705e+03  6.655838e+03  8.385568e+03
      vertex  5.217940e+03  6.802152e+03  8.570041e+03
      vertex  5.216107e+03  6.673784e+03  8.375417e+03
    endloop
  endfacet
  facet normal -2.442169e-01  7.884192e-01 -5.645823e-01
    outer loop
      vertex  5.134705e+03  6.655838e+03  8.385568e+03
      vertex  5.216107e+03  6.673784e+03  8.375417e+03
      vertex  5.133137e+03  6.521538e+03  8.198701e+03
    endloop
  endfacet
  facet normal -2.480209e-01  7.884746e-01 -5.628441e-01
    outer loop
      vertex  5.133137e+03  6.521538e+03  8.198701e+03
      vertex  5.216107e+03  6.673784e+03  8.375417e+03
      vertex  5.214273e+03  6.539153e+03  8.187625e+03
    endloop
  endfacet
  facet normal -2.472479e-01  7.644575e-01 -5.953765e-01
    outer loop
      vertex  5.133137e+03  6.521538e+03  8.198701e+03
      vertex  5.214273e+03  6.539153e+03  8.187625e+03
      vertex  5.131380e+03  6.363995e+03  7.997146e+03
    endloop
  endfacet
  facet normal -2.496411e-01  7.644766e-01 -5.943524e-01
    outer loop
      vertex  5.131380e+03  6.363995e+03  7.997146e+03
      vertex  5.214273e+03  6.539153e+03  8.187625e+03
      vertex  5.212219e+03  6.381141e+03  7.985247e+03
    endloop
  endfacet
  facet normal -2.488816e-01  7.384412e-01 -6.267077e-01
    outer loop
      vertex  5.131380e+03  6.363995e+03  7.997146e+03
      vertex  5.212219e+03  6.381141e+03  7.985247e+03
      vertex  5.129622e+03  6.199145e+03  7.803604e+03
    endloop
  endfacet
  facet normal -2.495370e-01  7.384583e-01 -6.264269e-01
    outer loop
      vertex  5.129622e+03  6.199145e+03  7.803604e+03
      vertex  5.212219e+03  6.381141e+03  7.985247e+03
      vertex  5.210165e+03  6.215743e+03  7.791086e+03
    endloop
  endfacet
  facet normal -2.487771e-01  7.119434e-01 -6.566936e-01
    outer loop
      vertex  5.129622e+03  6.199145e+03  7.803604e+03
      vertex  5.210165e+03  6.215743e+03  7.791086e+03
      vertex  5.127864e+03  6.027242e+03  7.617904e+03
    endloop
  endfacet
  facet normal -2.479533e-01  7.119067e-01 -6.570451e-01
    outer loop
      vertex  5.127864e+03  6.027242e+03  7.617904e+03
      vertex  5.210165e+03  6.215743e+03  7.791086e+03
      vertex  5.208109e+03  6.043234e+03  7.604950e+03
    endloop
  endfacet
  facet normal -2.471636e-01  6.851463e-01 -6.851895e-01
    outer loop
      vertex  5.127864e+03  6.027242e+03  7.617904e+03
      vertex  5.208109e+03  6.043234e+03  7.604950e+03
      vertex  5.126106e+03  5.848558e+03  7.439866e+03
    endloop
  endfacet
  facet normal -2.451093e-01  6.850164e-01 -6.860567e-01
    outer loop
      vertex  5.126106e+03  5.848558e+03  7.439866e+03
      vertex  5.208109e+03  6.043234e+03  7.604950e+03
      vertex  5.206054e+03  5.863912e+03  7.426634e+03
    endloop
  endfacet
  facet normal -2.442729e-01  6.582324e-01 -7.120820e-01
    outer loop
      vertex  5.126106e+03  5.848558e+03  7.439866e+03
      vertex  5.206054e+03  5.863912e+03  7.426634e+03
      vertex  5.124347e+03  5.663388e+03  7.269302e+03
    endloop
  endfacet
  facet normal -2.412551e-01  6.579870e-01 -7.133365e-01
    outer loop
      vertex  5.124347e+03  5.663388e+03  7.269302e+03
      vertex  5.206054e+03  5.863912e+03  7.426634e+03
      vertex  5.203998e+03  5.678090e+03  7.255926e+03
    endloop
  endfacet
  facet normal -2.407337e-01  6.414164e-01 -7.284451e-01
    outer loop
      vertex  5.124347e+03  5.663388e+03  7.269302e+03
      vertex  5.203998e+03  5.678090e+03  7.255926e+03
      vertex  5.109305e+03  5.635821e+03  7.250000e+03
    endloop
  endfacet
  facet normal -2.057226e-01  8.943506e-01 -3.972594e-01
    outer loop
      vertex  4.800000e+03  7.197918e+03  9.523012e+03
      vertex  4.829596e+03  7.261133e+03  9.650000e+03
      vertex  4.914125e+03  7.190541e+03  9.447303e+03
    endloop
  endfacet
  facet normal -1.947781e-01  8.982164e-01 -3.940416e-01
    outer loop
      vertex  4.914125e+03  7.190541e+03  9.447303e+03
      vertex  4.829596e+03  7.261133e+03  9.650000e+03
      vertex  4.938317e+03  7.284709e+03  9.650000e+03
    endloop
  endfacet
  facet normal -2.124973e-01  8.956418e-01 -3.907308e-01
    outer loop
      vertex  4.914125e+03  7.190541e+03  9.447303e+03
      vertex  4.938317e+03  7.284709e+03  9.650000e+03
      vertex  5.028469e+03  7.226008e+03  9.466416e+03
    endloop
  endfacet
  facet normal -2.010293e-01  9.001029e-01 -3.865257e-01
    outer loop
      vertex  5.028469e+03  7.226008e+03  9.466416e+03
      vertex  4.938317e+03  7.284709e+03  9.650000e+03
      vertex  5.143341e+03  7.282560e+03  9.538364e+03
    endloop
  endfacet
  facet normal -2.025157e-01  9.006139e-01 -3.845541e-01
    outer loop
      vertex  5.028469e+03  7.226008e+03  9.466416e+03
      vertex  5.143341e+03  7.282560e+03  9.538364e+03
      vertex  5.142583e+03  7.235450e+03  9.428433e+03
    endloop
  endfacet
  facet normal -2.075891e-01  8.776144e-01 -4.320877e-01
    outer loop
      vertex  4.800000e+03  7.139070e+03  9.397590e+03
      vertex  4.914125e+03  7.190541e+03  9.447303e+03
      vertex  4.800000e+03  7.079414e+03  9.276421e+03
    endloop
  endfacet
  facet normal -2.290172e-01  8.788345e-01 -4.185701e-01
    outer loop
      vertex  4.800000e+03  7.079414e+03  9.276421e+03
      vertex  4.914125e+03  7.190541e+03  9.447303e+03
      vertex  4.913573e+03  7.096411e+03  9.249969e+03
    endloop
  endfacet
  facet normal -2.331965e-01  8.641437e-01 -4.459538e-01
    outer loop
      vertex  4.800000e+03  7.079414e+03  9.276421e+03
      vertex  4.913573e+03  7.096411e+03  9.249969e+03
      vertex  4.800000e+03  7.017689e+03  9.156815e+03
    endloop
  endfacet
  facet normal -2.334882e-01  8.642167e-01 -4.456598e-01
    outer loop
      vertex  4.800000e+03  7.017689e+03  9.156815e+03
      vertex  4.913573e+03  7.096411e+03  9.249969e+03
      vertex  4.913020e+03  6.997235e+03  9.057938e+03
    endloop
  endfacet
  facet normal -2.487795e-01  8.520224e-01 -4.606155e-01
    outer loop
      vertex  4.800000e+03  7.017689e+03  9.156815e+03
      vertex  4.913020e+03  6.997235e+03  9.057938e+03
      vertex  4.800000e+03  6.953891e+03  9.038804e+03
    endloop
  endfacet
  facet normal -2.279604e-01  8.512255e-01 -4.727040e-01
    outer loop
      vertex  5.139406e+03  7.021257e+03  8.986428e+03
      vertex  5.137840e+03  6.905826e+03  8.779319e+03
      vertex  5.025718e+03  6.966461e+03  8.942579e+03
    endloop
  endfacet
  facet normal -2.371392e-01  8.462228e-01 -4.771498e-01
    outer loop
      vertex  5.025718e+03  6.966461e+03  8.942579e+03
      vertex  5.137840e+03  6.905826e+03  8.779319e+03
      vertex  5.025106e+03  6.903689e+03  8.831558e+03
    endloop
  endfacet
  facet normal -2.559735e-01  8.420960e-01 -4.747126e-01
    outer loop
      vertex  5.025718e+03  6.966461e+03  8.942579e+03
      vertex  5.025106e+03  6.903689e+03  8.831558e+03
      vertex  4.913020e+03  6.997235e+03  9.057938e+03
    endloop
  endfacet
  facet normal -2.459359e-01  8.467794e-01 -4.716780e-01
    outer loop
      vertex  4.913020e+03  6.997235e+03  9.057938e+03
      vertex  5.025106e+03  6.903689e+03  8.831558e+03
      vertex  4.912466e+03  6.893029e+03  8.871150e+03
    endloop
  endfacet
  facet normal -2.449576e-01  8.469945e-01 -4.718009e-01
    outer loop
      vertex  4.913020e+03  6.997235e+03  9.057938e+03
      vertex  4.912466e+03  6.893029e+03  8.871150e+03
      vertex  4.800000e+03  6.953891e+03  9.038804e+03
    endloop
  endfacet
  facet normal -2.546635e-01  8.415720e-01 -4.763433e-01
    outer loop
      vertex  4.800000e+03  6.953891e+03  9.038804e+03
      vertex  4.912466e+03  6.893029e+03  8.871150e+03
      vertex  4.800000e+03  6.888012e+03  8.922414e+03
    endloop
  endfacet
  facet normal -2.701816e-01  8.184953e-01 -5.070181e-01
    outer loop
      vertex  4.800000e+03  6.750018e+03  8.694612e+03
      vertex  4.800000e+03  6.820054e+03  8.807674e+03
      vertex  4.911912e+03  6.783824e+03  8.689551e+03
    endloop
  endfacet
  facet normal -2.568519e-01  8.285767e-01 -4.974815e-01
    outer loop
      vertex  4.911912e+03  6.783824e+03  8.689551e+03
      vertex  4.800000e+03  6.820054e+03  8.807674e+03
      vertex  4.912466e+03  6.893029e+03  8.871150e+03
    endloop
  endfacet
  facet normal -2.610094e-01  8.276272e-01 -4.968977e-01
    outer loop
      vertex  4.911912e+03  6.783824e+03  8.689551e+03
      vertex  4.912466e+03  6.893029e+03  8.871150e+03
      vertex  5.024494e+03  6.839089e+03  8.722463e+03
    endloop
  endfacet
  facet normal -2.518266e-01  8.333465e-01 -4.920538e-01
    outer loop
      vertex  5.024494e+03  6.839089e+03  8.722463e+03
      vertex  4.912466e+03  6.893029e+03  8.871150e+03
      vertex  5.025106e+03  6.903689e+03  8.831558e+03
    endloop
  endfacet
  facet normal -2.443018e-01  8.349860e-01 -4.930669e-01
    outer loop
      vertex  5.024494e+03  6.839089e+03  8.722463e+03
      vertex  5.025106e+03  6.903689e+03  8.831558e+03
      vertex  5.137840e+03  6.905826e+03  8.779319e+03
    endloop
  endfacet
  facet normal -2.679045e-01  8.083928e-01 -5.241453e-01
    outer loop
      vertex  4.800000e+03  6.750018e+03  8.694612e+03
      vertex  4.911912e+03  6.783824e+03  8.689551e+03
      vertex  4.800000e+03  6.673451e+03  8.576523e+03
    endloop
  endfacet
  facet normal -2.776719e-01  8.101891e-01 -5.162286e-01
    outer loop
      vertex  4.800000e+03  6.673451e+03  8.576523e+03
      vertex  4.911912e+03  6.783824e+03  8.689551e+03
      vertex  4.911565e+03  6.713049e+03  8.578661e+03
    endloop
  endfacet
  facet normal -2.721691e-01  7.960038e-01 -5.406496e-01
    outer loop
      vertex  4.800000e+03  6.673451e+03  8.576523e+03
      vertex  4.911565e+03  6.713049e+03  8.578661e+03
      vertex  4.800000e+03  6.594566e+03  8.460380e+03
    endloop
  endfacet
  facet normal -2.836317e-01  7.979617e-01 -5.317990e-01
    outer loop
      vertex  4.800000e+03  6.594566e+03  8.460380e+03
      vertex  4.911565e+03  6.713049e+03  8.578661e+03
      vertex  4.911218e+03  6.640351e+03  8.469763e+03
    endloop
  endfacet
  facet normal -2.755145e-01  7.834246e-01 -5.570795e-01
    outer loop
      vertex  4.800000e+03  6.594566e+03  8.460380e+03
      vertex  4.911218e+03  6.640351e+03  8.469763e+03
      vertex  4.800000e+03  6.513379e+03  8.346206e+03
    endloop
  endfacet
  facet normal -2.746190e-01  7.832750e-01 -5.577318e-01
    outer loop
      vertex  4.800000e+03  6.513379e+03  8.346206e+03
      vertex  4.911218e+03  6.640351e+03  8.469763e+03
      vertex  4.910524e+03  6.489243e+03  8.257889e+03
    endloop
  endfacet
  facet normal -2.889354e-01  7.680598e-01 -5.714898e-01
    outer loop
      vertex  4.800000e+03  6.513379e+03  8.346206e+03
      vertex  4.910524e+03  6.489243e+03  8.257889e+03
      vertex  4.800000e+03  6.429910e+03  8.234027e+03
    endloop
  endfacet
  facet normal -2.823330e-01  7.570947e-01 -5.891483e-01
    outer loop
      vertex  4.800000e+03  6.344185e+03  8.123864e+03
      vertex  4.800000e+03  6.429910e+03  8.234027e+03
      vertex  4.909830e+03  6.330636e+03  8.053820e+03
    endloop
  endfacet
  facet normal -2.800873e-01  7.584230e-01 -5.885113e-01
    outer loop
      vertex  4.909830e+03  6.330636e+03  8.053820e+03
      vertex  4.800000e+03  6.429910e+03  8.234027e+03
      vertex  4.910524e+03  6.489243e+03  8.257889e+03
    endloop
  endfacet
  facet normal -2.839179e-01  7.575404e-01 -5.878123e-01
    outer loop
      vertex  4.909830e+03  6.330636e+03  8.053820e+03
      vertex  4.910524e+03  6.489243e+03  8.257889e+03
      vertex  5.020816e+03  6.413917e+03  8.107541e+03
    endloop
  endfacet
  facet normal -1.474027e-01  9.238176e-01 -3.533180e-01
    outer loop
      vertex  7.195642e+03  7.538807e+03  9.239260e+03
      vertex  7.297849e+03  7.553243e+03  9.234365e+03
      vertex  7.195479e+03  7.501072e+03  9.140664e+03
    endloop
  endfacet
  facet normal -1.527734e-01  9.249355e-01 -3.480728e-01
    outer loop
      vertex  7.195479e+03  7.501072e+03  9.140664e+03
      vertex  7.297849e+03  7.553243e+03  9.234365e+03
      vertex  7.297768e+03  7.515701e+03  9.134642e+03
    endloop
  endfacet
  facet normal -1.528392e-01  9.166194e-01 -3.693901e-01
    outer loop
      vertex  7.195479e+03  7.501072e+03  9.140664e+03
      vertex  7.297768e+03  7.515701e+03  9.134642e+03
      vertex  7.195316e+03  7.461958e+03  9.043673e+03
    endloop
  endfacet
  facet normal -1.579218e-01  9.177749e-01 -3.643485e-01
    outer loop
      vertex  7.195316e+03  7.461958e+03  9.043673e+03
      vertex  7.297768e+03  7.515701e+03  9.134642e+03
      vertex  7.297688e+03  7.476750e+03  9.036561e+03
    endloop
  endfacet
  facet normal -1.581891e-01  9.056553e-01 -3.934013e-01
    outer loop
      vertex  7.195316e+03  7.461958e+03  9.043673e+03
      vertex  7.297688e+03  7.476750e+03  9.036561e+03
      vertex  7.194992e+03  7.379702e+03  8.854438e+03
    endloop
  endfacet
  facet normal -1.676098e-01  9.061416e-01 -3.883483e-01
    outer loop
      vertex  7.194992e+03  7.379702e+03  8.854438e+03
      vertex  7.297688e+03  7.476750e+03  9.036561e+03
      vertex  7.297526e+03  7.394733e+03  8.845258e+03
    endloop
  endfacet
  facet normal -1.684297e-01  8.895176e-01 -4.247233e-01
    outer loop
      vertex  7.194992e+03  7.379702e+03  8.854438e+03
      vertex  7.297526e+03  7.394733e+03  8.845258e+03
      vertex  7.194669e+03  7.292255e+03  8.671423e+03
    endloop
  endfacet
  facet normal -1.768626e-01  8.900899e-01 -4.200709e-01
    outer loop
      vertex  7.194669e+03  7.292255e+03  8.671423e+03
      vertex  7.297526e+03  7.394733e+03  8.845258e+03
      vertex  7.297366e+03  7.307419e+03  8.660316e+03
    endloop
  endfacet
  facet normal -1.778746e-01  8.753971e-01 -4.494893e-01
    outer loop
      vertex  7.194669e+03  7.292255e+03  8.671423e+03
      vertex  7.297366e+03  7.307419e+03  8.660316e+03
      vertex  7.194469e+03  7.235428e+03  8.560829e+03
    endloop
  endfacet
  facet normal -1.783298e-01  8.755057e-01 -4.490971e-01
    outer loop
      vertex  7.194469e+03  7.235428e+03  8.560829e+03
      vertex  7.297366e+03  7.307419e+03  8.660316e+03
      vertex  7.297233e+03  7.230775e+03  8.510953e+03
    endloop
  endfacet
  facet normal -2.082654e-01  8.038738e-01 -5.571468e-01
    outer loop
      vertex  7.193466e+03  6.921772e+03  8.038053e+03
      vertex  7.296771e+03  6.936650e+03  8.020903e+03
      vertex  7.193257e+03  6.850580e+03  7.935412e+03
    endloop
  endfacet
  facet normal -2.112807e-01  8.048978e-01 -5.545267e-01
    outer loop
      vertex  7.193257e+03  6.850580e+03  7.935412e+03
      vertex  7.296771e+03  6.936650e+03  8.020903e+03
      vertex  7.296668e+03  6.865302e+03  7.917381e+03
    endloop
  endfacet
  facet normal -2.126843e-01  7.905257e-01 -5.743123e-01
    outer loop
      vertex  7.193257e+03  6.850580e+03  7.935412e+03
      vertex  7.296668e+03  6.865302e+03  7.917381e+03
      vertex  7.193048e+03  6.777646e+03  7.835097e+03
    endloop
  endfacet
  facet normal -2.154130e-01  7.915140e-01 -5.719289e-01
    outer loop
      vertex  7.193048e+03  6.777646e+03  7.835097e+03
      vertex  7.296668e+03  6.865302e+03  7.917381e+03
      vertex  7.296565e+03  6.792188e+03  7.816233e+03
    endloop
  endfacet
  facet normal -2.174324e-01  7.704994e-01 -5.992110e-01
    outer loop
      vertex  7.193048e+03  6.777646e+03  7.835097e+03
      vertex  7.296565e+03  6.792188e+03  7.816233e+03
      vertex  7.192630e+03  6.626783e+03  7.641261e+03
    endloop
  endfacet
  facet normal -2.222388e-01  7.709864e-01 -5.968164e-01
    outer loop
      vertex  7.192630e+03  6.626783e+03  7.641261e+03
      vertex  7.296565e+03  6.792188e+03  7.816233e+03
      vertex  7.296359e+03  6.640897e+03  7.620869e+03
    endloop
  endfacet
  facet normal -2.250157e-01  7.430398e-01 -6.302854e-01
    outer loop
      vertex  7.192630e+03  6.626783e+03  7.641261e+03
      vertex  7.296359e+03  6.640897e+03  7.620869e+03
      vertex  7.192214e+03  6.469646e+03  7.456161e+03
    endloop
  endfacet
  facet normal -2.288516e-01  7.435091e-01 -6.283479e-01
    outer loop
      vertex  7.192214e+03  6.469646e+03  7.456161e+03
      vertex  7.296359e+03  6.640897e+03  7.620869e+03
      vertex  7.296154e+03  6.483258e+03  7.434412e+03
    endloop
  endfacet
  facet normal -2.316176e-01  7.155063e-01 -6.590934e-01
    outer loop
      vertex  7.192214e+03  6.469646e+03  7.456161e+03
      vertex  7.296154e+03  6.483258e+03  7.434412e+03
      vertex  7.191799e+03  6.306690e+03  7.279404e+03
    endloop
  endfacet
  facet normal -2.346200e-01  7.159366e-01 -6.575623e-01
    outer loop
      vertex  7.191799e+03  6.306690e+03  7.279404e+03
      vertex  7.296154e+03  6.483258e+03  7.434412e+03
      vertex  7.295950e+03  6.319743e+03  7.256454e+03
    endloop
  endfacet
  facet normal -2.373232e-01  6.882095e-01 -6.855985e-01
    outer loop
      vertex  7.191799e+03  6.306690e+03  7.279404e+03
      vertex  7.295950e+03  6.319743e+03  7.256454e+03
      vertex  7.191385e+03  6.138370e+03  7.110586e+03
    endloop
  endfacet
  facet normal -2.396236e-01  6.885869e-01 -6.844185e-01
    outer loop
      vertex  7.191385e+03  6.138370e+03  7.110586e+03
      vertex  7.295950e+03  6.319743e+03  7.256454e+03
      vertex  7.295746e+03  6.150821e+03  7.086575e+03
    endloop
  endfacet
  facet normal -1.376782e-01  9.325440e-01 -3.337761e-01
    outer loop
      vertex  7.093885e+03  7.595871e+03  9.443888e+03
      vertex  7.195969e+03  7.610026e+03  9.441328e+03
      vertex  7.093394e+03  7.524334e+03  9.244223e+03
    endloop
  endfacet
  facet normal -1.657637e-01  9.330204e-01 -3.193673e-01
    outer loop
      vertex  7.093394e+03  7.524334e+03  9.244223e+03
      vertex  7.195969e+03  7.610026e+03  9.441328e+03
      vertex  7.195805e+03  7.575134e+03  9.339476e+03
    endloop
  endfacet
  facet normal -1.479615e-01  9.298684e-01 -3.368264e-01
    outer loop
      vertex  7.093394e+03  7.524334e+03  9.244223e+03
      vertex  7.195805e+03  7.575134e+03  9.339476e+03
      vertex  7.195642e+03  7.538807e+03  9.239260e+03
    endloop
  endfacet
  facet normal -1.612973e-01  9.169393e-01 -3.649735e-01
    outer loop
      vertex  7.093394e+03  7.524334e+03  9.244223e+03
      vertex  7.195479e+03  7.501072e+03  9.140664e+03
      vertex  7.092904e+03  7.447294e+03  9.050887e+03
    endloop
  endfacet
  facet normal -1.571631e-01  9.159928e-01 -3.691301e-01
    outer loop
      vertex  7.092904e+03  7.447294e+03  9.050887e+03
      vertex  7.195479e+03  7.501072e+03  9.140664e+03
      vertex  7.195316e+03  7.461958e+03  9.043673e+03
    endloop
  endfacet
  facet normal -1.574423e-01  9.040573e-01 -3.973567e-01
    outer loop
      vertex  7.092904e+03  7.447294e+03  9.050887e+03
      vertex  7.195316e+03  7.461958e+03  9.043673e+03
      vertex  7.092415e+03  7.364960e+03  8.863756e+03
    endloop
  endfacet
  facet normal -1.656816e-01  9.045324e-01 -3.929004e-01
    outer loop
      vertex  7.092415e+03  7.364960e+03  8.863756e+03
      vertex  7.195316e+03  7.461958e+03  9.043673e+03
      vertex  7.194992e+03  7.379702e+03  8.854438e+03
    endloop
  endfacet
  facet normal -1.665450e-01  8.881244e-01 -4.283664e-01
    outer loop
      vertex  7.092415e+03  7.364960e+03  8.863756e+03
      vertex  7.194992e+03  7.379702e+03  8.854438e+03
      vertex  7.091928e+03  7.277541e+03  8.682701e+03
    endloop
  endfacet
  facet normal -1.738475e-01  8.886722e-01 -4.243098e-01
    outer loop
      vertex  7.091928e+03  7.277541e+03  8.682701e+03
      vertex  7.194992e+03  7.379702e+03  8.854438e+03
      vertex  7.194669e+03  7.292255e+03  8.671423e+03
    endloop
  endfacet
  facet normal -1.749137e-01  8.743035e-01 -4.527677e-01
    outer loop
      vertex  7.091928e+03  7.277541e+03  8.682701e+03
      vertex  7.194669e+03  7.292255e+03  8.671423e+03
      vertex  7.091630e+03  7.221618e+03  8.574827e+03
    endloop
  endfacet
  facet normal -1.787108e-01  8.752629e-01 -4.494188e-01
    outer loop
      vertex  7.091630e+03  7.221618e+03  8.574827e+03
      vertex  7.194669e+03  7.292255e+03  8.671423e+03
      vertex  7.194469e+03  7.235428e+03  8.560829e+03
    endloop
  endfacet
  facet normal -1.800774e-01  8.635485e-01 -4.710160e-01
    outer loop
      vertex  7.091630e+03  7.221618e+03  8.574827e+03
      vertex  7.194469e+03  7.235428e+03  8.560829e+03
      vertex  7.091333e+03  7.163914e+03  8.469147e+03
    endloop
  endfacet
  facet normal -1.831781e-01  8.644222e-01 -4.682095e-01
    outer loop
      vertex  7.091333e+03  7.163914e+03  8.469147e+03
      vertex  7.194469e+03  7.235428e+03  8.560829e+03
      vertex  7.194269e+03  7.176734e+03  8.452545e+03
    endloop
  endfacet
  facet normal -1.850656e-01  8.522447e-01 -4.893155e-01
    outer loop
      vertex  7.091333e+03  7.163914e+03  8.469147e+03
      vertex  7.194269e+03  7.176734e+03  8.452545e+03
      vertex  7.091023e+03  7.101922e+03  8.361294e+03
    endloop
  endfacet
  facet normal -1.879450e-01  8.530852e-01 -4.867466e-01
    outer loop
      vertex  7.091023e+03  7.101922e+03  8.361294e+03
      vertex  7.194269e+03  7.176734e+03  8.452545e+03
      vertex  7.194067e+03  7.115444e+03  8.345205e+03
    endloop
  endfacet
  facet normal -1.895521e-01  8.404455e-01 -5.076627e-01
    outer loop
      vertex  7.091023e+03  7.101922e+03  8.361294e+03
      vertex  7.194067e+03  7.115444e+03  8.345205e+03
      vertex  7.090714e+03  7.038101e+03  8.255752e+03
    endloop
  endfacet
  facet normal -1.925155e-01  8.413585e-01 -5.050282e-01
    outer loop
      vertex  7.090714e+03  7.038101e+03  8.255752e+03
      vertex  7.194067e+03  7.115444e+03  8.345205e+03
      vertex  7.193866e+03  7.052345e+03  8.240161e+03
    endloop
  endfacet
  facet normal -1.943485e-01  8.227309e-01 -5.341746e-01
    outer loop
      vertex  7.090714e+03  7.038101e+03  8.255752e+03
      vertex  7.193866e+03  7.052345e+03  8.240161e+03
      vertex  7.090110e+03  6.907944e+03  8.055505e+03
    endloop
  endfacet
  facet normal -1.998694e-01  8.231864e-01 -5.314286e-01
    outer loop
      vertex  7.090110e+03  6.907944e+03  8.055505e+03
      vertex  7.193866e+03  7.052345e+03  8.240161e+03
      vertex  7.193466e+03  6.921772e+03  8.038053e+03
    endloop
  endfacet
  facet normal -2.019037e-01  8.049631e-01 -5.579153e-01
    outer loop
      vertex  7.090110e+03  6.907944e+03  8.055505e+03
      vertex  7.193466e+03  6.921772e+03  8.038053e+03
      vertex  7.193257e+03  6.850580e+03  7.935412e+03
    endloop
  endfacet
  facet normal -2.175784e-01  7.948017e-01 -5.665244e-01
    outer loop
      vertex  7.090110e+03  6.907944e+03  8.055505e+03
      vertex  7.193257e+03  6.850580e+03  7.935412e+03
      vertex  7.089477e+03  6.764361e+03  7.854309e+03
    endloop
  endfacet
  facet normal -2.081391e-01  7.913124e-01 -5.748937e-01
    outer loop
      vertex  7.089477e+03  6.764361e+03  7.854309e+03
      vertex  7.193257e+03  6.850580e+03  7.935412e+03
      vertex  7.193048e+03  6.777646e+03  7.835097e+03
    endloop
  endfacet
  facet normal -2.104248e-01  7.706689e-01 -6.014904e-01
    outer loop
      vertex  7.089477e+03  6.764361e+03  7.854309e+03
      vertex  7.193048e+03  6.777646e+03  7.835097e+03
      vertex  7.088845e+03  6.614132e+03  7.662047e+03
    endloop
  endfacet
  facet normal -2.140924e-01  7.710783e-01 -5.996688e-01
    outer loop
      vertex  7.088845e+03  6.614132e+03  7.662047e+03
      vertex  7.193048e+03  6.777646e+03  7.835097e+03
      vertex  7.192630e+03  6.626783e+03  7.641261e+03
    endloop
  endfacet
  facet normal -2.172929e-01  7.435274e-01 -6.324168e-01
    outer loop
      vertex  7.088845e+03  6.614132e+03  7.662047e+03
      vertex  7.192630e+03  6.626783e+03  7.641261e+03
      vertex  7.088214e+03  6.457703e+03  7.478351e+03
    endloop
  endfacet
  facet normal -2.200637e-01  7.438961e-01 -6.310235e-01
    outer loop
      vertex  7.088214e+03  6.457703e+03  7.478351e+03
      vertex  7.192630e+03  6.626783e+03  7.641261e+03
      vertex  7.192214e+03  6.469646e+03  7.456161e+03
    endloop
  endfacet
  facet normal -2.233134e-01  7.162769e-01 -6.611191e-01
    outer loop
      vertex  7.088214e+03  6.457703e+03  7.478351e+03
      vertex  7.192214e+03  6.469646e+03  7.456161e+03
      vertex  7.087584e+03  6.295513e+03  7.302843e+03
    endloop
  endfacet
  facet normal -2.253161e-01  7.165862e-01 -6.601037e-01
    outer loop
      vertex  7.087584e+03  6.295513e+03  7.302843e+03
      vertex  7.192214e+03  6.469646e+03  7.456161e+03
      vertex  7.191799e+03  6.306690e+03  7.279404e+03
    endloop
  endfacet
  facet normal -2.285558e-01  6.892213e-01 -6.875582e-01
    outer loop
      vertex  7.087584e+03  6.295513e+03  7.302843e+03
      vertex  7.191799e+03  6.306690e+03  7.279404e+03
      vertex  7.086956e+03  6.128000e+03  7.135133e+03
    endloop
  endfacet
  facet normal -2.299190e-01  6.894603e-01 -6.868638e-01
    outer loop
      vertex  7.086956e+03  6.128000e+03  7.135133e+03
      vertex  7.191799e+03  6.306690e+03  7.279404e+03
      vertex  7.191385e+03  6.138370e+03  7.110586e+03
    endloop
  endfacet
  facet normal -2.325369e-01  6.676716e-01 -7.072067e-01
    outer loop
      vertex  7.086956e+03  6.128000e+03  7.135133e+03
      vertex  7.191385e+03  6.138370e+03  7.110586e+03
      vertex  7.086572e+03  6.023141e+03  7.036263e+03
    endloop
  endfacet
  facet normal -2.329852e-01  6.678658e-01 -7.068756e-01
    outer loop
      vertex  7.086572e+03  6.023141e+03  7.036263e+03
      vertex  7.191385e+03  6.138370e+03  7.110586e+03
      vertex  7.191130e+03  6.032161e+03  7.010322e+03
    endloop
  endfacet
  facet normal -2.351270e-01  6.516683e-01 -7.211406e-01
    outer loop
      vertex  7.086572e+03  6.023141e+03  7.036263e+03
      vertex  7.191130e+03  6.032161e+03  7.010322e+03
      vertex  7.086188e+03  5.916552e+03  6.940067e+03
    endloop
  endfacet
  facet normal -2.352255e-01  6.517134e-01 -7.210677e-01
    outer loop
      vertex  7.086188e+03  5.916552e+03  6.940067e+03
      vertex  7.191130e+03  6.032161e+03  7.010322e+03
      vertex  7.190875e+03  5.924188e+03  6.912818e+03
    endloop
  endfacet
  facet normal -2.375552e-01  6.356482e-01 -7.345195e-01
    outer loop
      vertex  7.086188e+03  5.916552e+03  6.940067e+03
      vertex  7.190875e+03  5.924188e+03  6.912818e+03
      vertex  7.085787e+03  5.803490e+03  6.842354e+03
    endloop
  endfacet
  facet normal -2.375254e-01  6.356347e-01 -7.345409e-01
    outer loop
      vertex  7.085787e+03  5.803490e+03  6.842354e+03
      vertex  7.190875e+03  5.924188e+03  6.912818e+03
      vertex  7.190613e+03  5.811430e+03  6.815327e+03
    endloop
  endfacet
  facet normal -2.396238e-01  6.197044e-01 -7.473599e-01
    outer loop
      vertex  7.085787e+03  5.803490e+03  6.842354e+03
      vertex  7.190613e+03  5.811430e+03  6.815327e+03
      vertex  7.085387e+03  5.688758e+03  6.747347e+03
    endloop
  endfacet
  facet normal -2.396916e-01  6.197360e-01 -7.473121e-01
    outer loop
      vertex  7.085387e+03  5.688758e+03  6.747347e+03
      vertex  7.190613e+03  5.811430e+03  6.815327e+03
      vertex  7.190352e+03  5.697028e+03  6.720540e+03
    endloop
  endfacet
  facet normal -2.423467e-01  5.970807e-01 -7.646978e-01
    outer loop
      vertex  7.085387e+03  5.688758e+03  6.747347e+03
      vertex  7.190352e+03  5.697028e+03  6.720540e+03
      vertex  7.084604e+03  5.459763e+03  6.568794e+03
    endloop
  endfacet
  facet normal -2.424732e-01  5.971012e-01 -7.646417e-01
    outer loop
      vertex  7.084604e+03  5.459763e+03  6.568794e+03
      vertex  7.190352e+03  5.697028e+03  6.720540e+03
      vertex  7.189836e+03  5.466991e+03  6.541069e+03
    endloop
  endfacet
  facet normal -2.458624e-01  5.687655e-01 -7.848933e-01
    outer loop
      vertex  7.084604e+03  5.459763e+03  6.568794e+03
      vertex  7.189836e+03  5.466991e+03  6.541069e+03
      vertex  7.083821e+03  5.225621e+03  6.399371e+03
    endloop
  endfacet
  facet normal -2.459055e-01  5.687733e-01 -7.848741e-01
    outer loop
      vertex  7.083821e+03  5.225621e+03  6.399371e+03
      vertex  7.189836e+03  5.466991e+03  6.541069e+03
      vertex  7.189321e+03  5.231846e+03  6.370828e+03
    endloop
  endfacet
  facet normal -1.395775e-01  9.307662e-01 -3.379238e-01
    outer loop
      vertex  6.991772e+03  7.581498e+03  9.446475e+03
      vertex  7.093885e+03  7.595871e+03  9.443888e+03
      vertex  6.991118e+03  7.509792e+03  9.249240e+03
    endloop
  endfacet
  facet normal -1.487359e-01  9.310463e-01 -3.332123e-01
    outer loop
      vertex  6.991118e+03  7.509792e+03  9.249240e+03
      vertex  7.093885e+03  7.595871e+03  9.443888e+03
      vertex  7.093394e+03  7.524334e+03  9.244223e+03
    endloop
  endfacet
  facet normal -1.485579e-01  9.172476e-01 -3.695773e-01
    outer loop
      vertex  6.991118e+03  7.509792e+03  9.249240e+03
      vertex  7.093394e+03  7.524334e+03  9.244223e+03
      vertex  6.990464e+03  7.432705e+03  9.058184e+03
    endloop
  endfacet
  facet normal -1.566998e-01  9.176231e-01 -3.652577e-01
    outer loop
      vertex  6.990464e+03  7.432705e+03  9.058184e+03
      vertex  7.093394e+03  7.524334e+03  9.244223e+03
      vertex  7.092904e+03  7.447294e+03  9.050887e+03
    endloop
  endfacet
  facet normal -1.570917e-01  9.025908e-01 -4.008142e-01
    outer loop
      vertex  6.990464e+03  7.432705e+03  9.058184e+03
      vertex  7.092904e+03  7.447294e+03  9.050887e+03
      vertex  6.989812e+03  7.350439e+03  8.873185e+03
    endloop
  endfacet
  facet normal -1.642767e-01  9.030443e-01 -3.968931e-01
    outer loop
      vertex  6.989812e+03  7.350439e+03  8.873185e+03
      vertex  7.092904e+03  7.447294e+03  9.050887e+03
      vertex  7.092415e+03  7.364960e+03  8.863756e+03
    endloop
  endfacet
  facet normal -1.651671e-01  8.868615e-01 -4.315050e-01
    outer loop
      vertex  6.989812e+03  7.350439e+03  8.873185e+03
      vertex  7.092415e+03  7.364960e+03  8.863756e+03
      vertex  6.989161e+03  7.263193e+03  8.694119e+03
    endloop
  endfacet
  facet normal -1.714453e-01  8.873730e-01 -4.279904e-01
    outer loop
      vertex  6.989161e+03  7.263193e+03  8.694119e+03
      vertex  7.092415e+03  7.364960e+03  8.863756e+03
      vertex  7.091928e+03  7.277541e+03  8.682701e+03
    endloop
  endfacet
  facet normal -1.725465e-01  8.733269e-01 -4.555521e-01
    outer loop
      vertex  6.989161e+03  7.263193e+03  8.694119e+03
      vertex  7.091928e+03  7.277541e+03  8.682701e+03
      vertex  6.988769e+03  7.208267e+03  8.588971e+03
    endloop
  endfacet
  facet normal -1.757092e-01  8.741786e-01 -4.527008e-01
    outer loop
      vertex  6.988769e+03  7.208267e+03  8.588971e+03
      vertex  7.091928e+03  7.277541e+03  8.682701e+03
      vertex  7.091630e+03  7.221618e+03  8.574827e+03
    endloop
  endfacet
  facet normal -1.770842e-01  8.628848e-01 -4.733616e-01
    outer loop
      vertex  6.988769e+03  7.208267e+03  8.588971e+03
      vertex  7.091630e+03  7.221618e+03  8.574827e+03
      vertex  6.988377e+03  7.151646e+03  8.485903e+03
    endloop
  endfacet
  facet normal -1.795695e-01  8.636293e-01 -4.710617e-01
    outer loop
      vertex  6.988377e+03  7.151646e+03  8.485903e+03
      vertex  7.091630e+03  7.221618e+03  8.574827e+03
      vertex  7.091333e+03  7.163914e+03  8.469147e+03
    endloop
  endfacet
  facet normal -1.814824e-01  8.517514e-01 -4.915116e-01
    outer loop
      vertex  6.988377e+03  7.151646e+03  8.485903e+03
      vertex  7.091333e+03  7.163914e+03  8.469147e+03
      vertex  6.987958e+03  7.089039e+03  8.377565e+03
    endloop
  endfacet
  facet normal -1.838253e-01  8.524450e-01 -4.894342e-01
    outer loop
      vertex  6.987958e+03  7.089039e+03  8.377565e+03
      vertex  7.091333e+03  7.163914e+03  8.469147e+03
      vertex  7.091023e+03  7.101922e+03  8.361294e+03
    endloop
  endfacet
  facet normal -1.855060e-01  8.399488e-01 -5.099739e-01
    outer loop
      vertex  6.987958e+03  7.089039e+03  8.377565e+03
      vertex  7.091023e+03  7.101922e+03  8.361294e+03
      vertex  6.987538e+03  7.024582e+03  8.271554e+03
    endloop
  endfacet
  facet normal -1.879361e-01  8.407091e-01 -5.078269e-01
    outer loop
      vertex  6.987538e+03  7.024582e+03  8.271554e+03
      vertex  7.091023e+03  7.101922e+03  8.361294e+03
      vertex  7.090714e+03  7.038101e+03  8.255752e+03
    endloop
  endfacet
  facet normal -1.899015e-01  8.223342e-01 -5.363804e-01
    outer loop
      vertex  6.987538e+03  7.024582e+03  8.271554e+03
      vertex  7.090714e+03  7.038101e+03  8.255752e+03
      vertex  6.986729e+03  6.895018e+03  8.073204e+03
    endloop
  endfacet
  facet normal -1.943206e-01  8.227355e-01 -5.341777e-01
    outer loop
      vertex  6.986729e+03  6.895018e+03  8.073204e+03
      vertex  7.090714e+03  7.038101e+03  8.255752e+03
      vertex  7.090110e+03  6.907944e+03  8.055505e+03
    endloop
  endfacet
  facet normal -1.973413e-01  7.973210e-01 -5.703821e-01
    outer loop
      vertex  6.986729e+03  6.895018e+03  8.073204e+03
      vertex  7.090110e+03  6.907944e+03  8.055505e+03
      vertex  6.985880e+03  6.752164e+03  7.873806e+03
    endloop
  endfacet
  facet normal -2.009300e-01  7.976769e-01 -5.686287e-01
    outer loop
      vertex  6.985880e+03  6.752164e+03  7.873806e+03
      vertex  7.090110e+03  6.907944e+03  8.055505e+03
      vertex  7.089477e+03  6.764361e+03  7.854309e+03
    endloop
  endfacet
  facet normal -2.042992e-01  7.709330e-01 -6.032612e-01
    outer loop
      vertex  6.985880e+03  6.752164e+03  7.873806e+03
      vertex  7.089477e+03  6.764361e+03  7.854309e+03
      vertex  6.985033e+03  6.602755e+03  7.683157e+03
    endloop
  endfacet
  facet normal -2.069290e-01  7.712511e-01 -6.019568e-01
    outer loop
      vertex  6.985033e+03  6.602755e+03  7.683157e+03
      vertex  7.089477e+03  6.764361e+03  7.854309e+03
      vertex  7.088845e+03  6.614132e+03  7.662047e+03
    endloop
  endfacet
  facet normal -2.104785e-01  7.441003e-01 -6.340452e-01
    outer loop
      vertex  6.985033e+03  6.602755e+03  7.683157e+03
      vertex  7.088845e+03  6.614132e+03  7.662047e+03
      vertex  6.984188e+03  6.447218e+03  7.500903e+03
    endloop
  endfacet
  facet normal -2.122812e-01  7.443580e-01 -6.331413e-01
    outer loop
      vertex  6.984188e+03  6.447218e+03  7.500903e+03
      vertex  7.088845e+03  6.614132e+03  7.662047e+03
      vertex  7.088214e+03  6.457703e+03  7.478351e+03
    endloop
  endfacet
  facet normal -2.159332e-01  7.171271e-01 -6.626476e-01
    outer loop
      vertex  6.984188e+03  6.447218e+03  7.500903e+03
      vertex  7.088214e+03  6.457703e+03  7.478351e+03
      vertex  6.983342e+03  6.285977e+03  7.326681e+03
    endloop
  endfacet
  facet normal -2.170291e-01  7.173074e-01 -6.620940e-01
    outer loop
      vertex  6.983342e+03  6.285977e+03  7.326681e+03
      vertex  7.088214e+03  6.457703e+03  7.478351e+03
      vertex  7.087584e+03  6.295513e+03  7.302843e+03
    endloop
  endfacet
  facet normal -2.207180e-01  6.903099e-01 -6.890253e-01
    outer loop
      vertex  6.983342e+03  6.285977e+03  7.326681e+03
      vertex  7.087584e+03  6.295513e+03  7.302843e+03
      vertex  6.982498e+03  6.119454e+03  7.160118e+03
    endloop
  endfacet
  facet normal -2.212266e-01  6.904045e-01 -6.887674e-01
    outer loop
      vertex  6.982498e+03  6.119454e+03  7.160118e+03
      vertex  7.087584e+03  6.295513e+03  7.302843e+03
      vertex  7.086956e+03  6.128000e+03  7.135133e+03
    endloop
  endfacet
  facet normal -2.242372e-01  6.689246e-01 -7.087014e-01
    outer loop
      vertex  6.982498e+03  6.119454e+03  7.160118e+03
      vertex  7.086956e+03  6.128000e+03  7.135133e+03
      vertex  6.981981e+03  6.014971e+03  7.061663e+03
    endloop
  endfacet
  facet normal -2.243475e-01  6.689740e-01 -7.086198e-01
    outer loop
      vertex  6.981981e+03  6.014971e+03  7.061663e+03
      vertex  7.086956e+03  6.128000e+03  7.135133e+03
      vertex  7.086572e+03  6.023141e+03  7.036263e+03
    endloop
  endfacet
  facet normal -2.265156e-01  6.530092e-01 -7.226823e-01
    outer loop
      vertex  6.981981e+03  6.014971e+03  7.061663e+03
      vertex  7.086572e+03  6.023141e+03  7.036263e+03
      vertex  6.981464e+03  5.908758e+03  6.965852e+03
    endloop
  endfacet
  facet normal -2.265328e-01  6.530172e-01 -7.226696e-01
    outer loop
      vertex  6.981464e+03  5.908758e+03  6.965852e+03
      vertex  7.086572e+03  6.023141e+03  7.036263e+03
      vertex  7.086188e+03  5.916552e+03  6.940067e+03
    endloop
  endfacet
  facet normal -2.286534e-01  6.370840e-01 -7.360990e-01
    outer loop
      vertex  6.981464e+03  5.908758e+03  6.965852e+03
      vertex  7.086188e+03  5.916552e+03  6.940067e+03
      vertex  6.980927e+03  5.796594e+03  6.868942e+03
    endloop
  endfacet
  facet normal -2.285575e-01  6.370400e-01 -7.361668e-01
    outer loop
      vertex  6.980927e+03  5.796594e+03  6.868942e+03
      vertex  7.086188e+03  5.916552e+03  6.940067e+03
      vertex  7.085787e+03  5.803490e+03  6.842354e+03
    endloop
  endfacet
  facet normal -2.307458e-01  6.212086e-01 -7.489034e-01
    outer loop
      vertex  6.980927e+03  5.796594e+03  6.868942e+03
      vertex  7.085787e+03  5.803490e+03  6.842354e+03
      vertex  6.980391e+03  5.682768e+03  6.774689e+03
    endloop
  endfacet
  facet normal -2.305028e-01  6.210924e-01 -7.490746e-01
    outer loop
      vertex  6.980391e+03  5.682768e+03  6.774689e+03
      vertex  7.085787e+03  5.803490e+03  6.842354e+03
      vertex  7.085387e+03  5.688758e+03  6.747347e+03
    endloop
  endfacet
  facet normal -2.336816e-01  5.985941e-01 -7.662101e-01
    outer loop
      vertex  6.980391e+03  5.682768e+03  6.774689e+03
      vertex  7.085387e+03  5.688758e+03  6.747347e+03
      vertex  6.979338e+03  5.455042e+03  6.597103e+03
    endloop
  endfacet
  facet normal -2.329688e-01  5.984716e-01 -7.665228e-01
    outer loop
      vertex  6.979338e+03  5.455042e+03  6.597103e+03
      vertex  7.085387e+03  5.688758e+03  6.747347e+03
      vertex  7.084604e+03  5.459763e+03  6.568794e+03
    endloop
  endfacet
  facet normal -2.370781e-01  5.702636e-01 -7.865071e-01
    outer loop
      vertex  6.979338e+03  5.455042e+03  6.597103e+03
      vertex  7.084604e+03  5.459763e+03  6.568794e+03
      vertex  6.978286e+03  5.222131e+03  6.428545e+03
    endloop
  endfacet
  facet normal -2.363625e-01  5.701283e-01 -7.868205e-01
    outer loop
      vertex  6.978286e+03  5.222131e+03  6.428545e+03
      vertex  7.084604e+03  5.459763e+03  6.568794e+03
      vertex  7.083821e+03  5.225621e+03  6.399371e+03
    endloop
  endfacet
  facet normal -1.426775e-01  9.276888e-01 -3.450169e-01
    outer loop
      vertex  6.787502e+03  7.552027e+03  9.451708e+03
      vertex  6.991772e+03  7.581498e+03  9.446475e+03
      vertex  6.786530e+03  7.480354e+03  9.259395e+03
    endloop
  endfacet
  facet normal -1.504524e-01  9.292797e-01 -3.373472e-01
    outer loop
      vertex  6.786530e+03  7.480354e+03  9.259395e+03
      vertex  6.991772e+03  7.581498e+03  9.446475e+03
      vertex  6.991118e+03  7.509792e+03  9.249240e+03
    endloop
  endfacet
  facet normal -1.502251e-01  9.143952e-01 -3.759172e-01
    outer loop
      vertex  6.786530e+03  7.480354e+03  9.259395e+03
      vertex  6.991118e+03  7.509792e+03  9.249240e+03
      vertex  6.785559e+03  7.403547e+03  9.072954e+03
    endloop
  endfacet
  facet normal -1.569571e-01  9.160535e-01 -3.690669e-01
    outer loop
      vertex  6.785559e+03  7.403547e+03  9.072954e+03
      vertex  6.991118e+03  7.509792e+03  9.249240e+03
      vertex  6.990464e+03  7.432705e+03  9.058184e+03
    endloop
  endfacet
  facet normal -1.573699e-01  9.000239e-01 -4.064378e-01
    outer loop
      vertex  6.785559e+03  7.403547e+03  9.072954e+03
      vertex  6.990464e+03  7.432705e+03  9.058184e+03
      vertex  6.784588e+03  7.321787e+03  8.892277e+03
    endloop
  endfacet
  facet normal -1.631415e-01  9.017020e-01 -4.003977e-01
    outer loop
      vertex  6.784588e+03  7.321787e+03  8.892277e+03
      vertex  6.990464e+03  7.432705e+03  9.058184e+03
      vertex  6.989812e+03  7.350439e+03  8.873185e+03
    endloop
  endfacet
  facet normal -1.641129e-01  8.846317e-01 -4.364559e-01
    outer loop
      vertex  6.784588e+03  7.321787e+03  8.892277e+03
      vertex  6.989812e+03  7.350439e+03  8.873185e+03
      vertex  6.783618e+03  7.235253e+03  8.717251e+03
    endloop
  endfacet
  facet normal -1.690032e-01  8.862826e-01 -4.312089e-01
    outer loop
      vertex  6.783618e+03  7.235253e+03  8.717251e+03
      vertex  6.989812e+03  7.350439e+03  8.873185e+03
      vertex  6.989161e+03  7.263193e+03  8.694119e+03
    endloop
  endfacet
  facet normal -1.702402e-01  8.712698e-01 -4.603338e-01
    outer loop
      vertex  6.783618e+03  7.235253e+03  8.717251e+03
      vertex  6.989161e+03  7.263193e+03  8.694119e+03
      vertex  6.783012e+03  7.178825e+03  8.610675e+03
    endloop
  endfacet
  facet normal -1.730044e-01  8.732564e-01 -4.555137e-01
    outer loop
      vertex  6.783012e+03  7.178825e+03  8.610675e+03
      vertex  6.989161e+03  7.263193e+03  8.694119e+03
      vertex  6.988769e+03  7.208267e+03  8.588971e+03
    endloop
  endfacet
  facet normal -1.736383e-01  8.607687e-01 -4.784631e-01
    outer loop
      vertex  6.783012e+03  7.178825e+03  8.610675e+03
      vertex  6.988769e+03  7.208267e+03  8.588971e+03
      vertex  6.782407e+03  7.120646e+03  8.506229e+03
    endloop
  endfacet
  facet normal -1.765971e-01  8.629607e-01 -4.734051e-01
    outer loop
      vertex  6.782407e+03  7.120646e+03  8.506229e+03
      vertex  6.988769e+03  7.208267e+03  8.588971e+03
      vertex  6.988377e+03  7.151646e+03  8.485903e+03
    endloop
  endfacet
  facet normal -1.768486e-01  8.524743e-01 -4.919474e-01
    outer loop
      vertex  6.782407e+03  7.120646e+03  8.506229e+03
      vertex  6.988377e+03  7.151646e+03  8.485903e+03
      vertex  6.987958e+03  7.089039e+03  8.377565e+03
    endloop
  endfacet
  facet normal -1.859870e-01  8.432703e-01 -5.042858e-01
    outer loop
      vertex  6.782407e+03  7.120646e+03  8.506229e+03
      vertex  6.987958e+03  7.089039e+03  8.377565e+03
      vertex  6.781197e+03  6.999208e+03  8.303604e+03
    endloop
  endfacet
  facet normal -1.826048e-01  8.404080e-01 -5.102646e-01
    outer loop
      vertex  6.781197e+03  6.999208e+03  8.303604e+03
      vertex  6.987958e+03  7.089039e+03  8.377565e+03
      vertex  6.987538e+03  7.024582e+03  8.271554e+03
    endloop
  endfacet
  facet normal -1.847990e-01  8.215991e-01 -5.392811e-01
    outer loop
      vertex  6.781197e+03  6.999208e+03  8.303604e+03
      vertex  6.987538e+03  7.024582e+03  8.271554e+03
      vertex  6.779987e+03  6.871284e+03  8.109126e+03
    endloop
  endfacet
  facet normal -1.876851e-01  8.226868e-01 -5.366197e-01
    outer loop
      vertex  6.779987e+03  6.871284e+03  8.109126e+03
      vertex  6.987538e+03  7.024582e+03  8.271554e+03
      vertex  6.986729e+03  6.895018e+03  8.073204e+03
    endloop
  endfacet
  facet normal -1.910315e-01  7.971666e-01 -5.727410e-01
    outer loop
      vertex  6.779987e+03  6.871284e+03  8.109126e+03
      vertex  6.986729e+03  6.895018e+03  8.073204e+03
      vertex  6.778719e+03  6.730359e+03  7.913404e+03
    endloop
  endfacet
  facet normal -1.931150e-01  7.979963e-01 -5.708839e-01
    outer loop
      vertex  6.778719e+03  6.730359e+03  7.913404e+03
      vertex  6.986729e+03  6.895018e+03  8.073204e+03
      vertex  6.985880e+03  6.752164e+03  7.873806e+03
    endloop
  endfacet
  facet normal -1.968661e-01  7.713715e-01 -6.051692e-01
    outer loop
      vertex  6.778719e+03  6.730359e+03  7.913404e+03
      vertex  6.985880e+03  6.752164e+03  7.873806e+03
      vertex  6.777451e+03  6.583058e+03  7.726061e+03
    endloop
  endfacet
  facet normal -1.980963e-01  7.719225e-01 -6.040642e-01
    outer loop
      vertex  6.777451e+03  6.583058e+03  7.726061e+03
      vertex  6.985880e+03  6.752164e+03  7.873806e+03
      vertex  6.985033e+03  6.602755e+03  7.683157e+03
    endloop
  endfacet
  facet normal -2.020699e-01  7.451022e-01 -6.356024e-01
    outer loop
      vertex  6.777451e+03  6.583058e+03  7.726061e+03
      vertex  6.985033e+03  6.602755e+03  7.683157e+03
      vertex  6.776183e+03  6.429774e+03  7.546772e+03
    endloop
  endfacet
  facet normal -2.025721e-01  7.453517e-01 -6.351498e-01
    outer loop
      vertex  6.776183e+03  6.429774e+03  7.546772e+03
      vertex  6.985033e+03  6.602755e+03  7.683157e+03
      vertex  6.984188e+03  6.447218e+03  7.500903e+03
    endloop
  endfacet
  facet normal -2.066845e-01  7.186401e-01 -6.639563e-01
    outer loop
      vertex  6.776183e+03  6.429774e+03  7.546772e+03
      vertex  6.984188e+03  6.447218e+03  7.500903e+03
      vertex  6.774917e+03  6.270897e+03  7.375205e+03
    endloop
  endfacet
  facet normal -2.065870e-01  7.185870e-01 -6.640441e-01
    outer loop
      vertex  6.774917e+03  6.270897e+03  7.375205e+03
      vertex  6.984188e+03  6.447218e+03  7.500903e+03
      vertex  6.983342e+03  6.285977e+03  7.326681e+03
    endloop
  endfacet
  facet normal -2.107668e-01  6.922654e-01 -6.901783e-01
    outer loop
      vertex  6.774917e+03  6.270897e+03  7.375205e+03
      vertex  6.983342e+03  6.285977e+03  7.326681e+03
      vertex  6.773650e+03  6.106818e+03  7.211016e+03
    endloop
  endfacet
  facet normal -2.101921e-01  6.919256e-01 -6.906939e-01
    outer loop
      vertex  6.773650e+03  6.106818e+03  7.211016e+03
      vertex  6.983342e+03  6.285977e+03  7.326681e+03
      vertex  6.982498e+03  6.119454e+03  7.160118e+03
    endloop
  endfacet
  facet normal -2.136054e-01  6.711836e-01 -7.098488e-01
    outer loop
      vertex  6.773650e+03  6.106818e+03  7.211016e+03
      vertex  6.982498e+03  6.119454e+03  7.160118e+03
      vertex  6.772871e+03  6.003459e+03  7.113522e+03
    endloop
  endfacet
  facet normal -2.131302e-01  6.706025e-01 -7.105405e-01
    outer loop
      vertex  6.772871e+03  6.003459e+03  7.113522e+03
      vertex  6.982498e+03  6.119454e+03  7.160118e+03
      vertex  6.981981e+03  6.014971e+03  7.061663e+03
    endloop
  endfacet
  facet normal -2.155976e-01  6.553891e-01 -7.238667e-01
    outer loop
      vertex  6.772871e+03  6.003459e+03  7.113522e+03
      vertex  6.981981e+03  6.014971e+03  7.061663e+03
      vertex  6.772093e+03  5.898369e+03  7.018605e+03
    endloop
  endfacet
  facet normal -2.150654e-01  6.547147e-01 -7.246348e-01
    outer loop
      vertex  6.772093e+03  5.898369e+03  7.018605e+03
      vertex  6.981981e+03  6.014971e+03  7.061663e+03
      vertex  6.981464e+03  5.908758e+03  6.965852e+03
    endloop
  endfacet
  facet normal -2.175031e-01  6.396134e-01 -7.372836e-01
    outer loop
      vertex  6.772093e+03  5.898369e+03  7.018605e+03
      vertex  6.981464e+03  5.908758e+03  6.965852e+03
      vertex  6.771290e+03  5.788210e+03  6.923276e+03
    endloop
  endfacet
  facet normal -2.168652e-01  6.388127e-01 -7.381652e-01
    outer loop
      vertex  6.771290e+03  5.788210e+03  6.923276e+03
      vertex  6.981464e+03  5.908758e+03  6.965852e+03
      vertex  6.980927e+03  5.796594e+03  6.868942e+03
    endloop
  endfacet
  facet normal -2.193564e-01  6.239142e-01 -7.500758e-01
    outer loop
      vertex  6.771290e+03  5.788210e+03  6.923276e+03
      vertex  6.980927e+03  5.796594e+03  6.868942e+03
      vertex  6.770486e+03  5.676401e+03  6.830508e+03
    endloop
  endfacet
  facet normal -2.186256e-01  6.229571e-01 -7.510840e-01
    outer loop
      vertex  6.770486e+03  5.676401e+03  6.830508e+03
      vertex  6.980927e+03  5.796594e+03  6.868942e+03
      vertex  6.980391e+03  5.682768e+03  6.774689e+03
    endloop
  endfacet
  facet normal -2.223143e-01  6.013709e-01 -7.674173e-01
    outer loop
      vertex  6.770486e+03  5.676401e+03  6.830508e+03
      vertex  6.980391e+03  5.682768e+03  6.774689e+03
      vertex  6.768905e+03  5.451792e+03  6.654956e+03
    endloop
  endfacet
  facet normal -2.205947e-01  6.004335e-01 -7.686465e-01
    outer loop
      vertex  6.768905e+03  5.451792e+03  6.654956e+03
      vertex  6.980391e+03  5.682768e+03  6.774689e+03
      vertex  6.979338e+03  5.455042e+03  6.597103e+03
    endloop
  endfacet
  facet normal -2.254711e-01  5.730075e-01 -7.879246e-01
    outer loop
      vertex  6.768905e+03  5.451792e+03  6.654956e+03
      vertex  6.979338e+03  5.455042e+03  6.597103e+03
      vertex  6.767325e+03  5.221917e+03  6.488235e+03
    endloop
  endfacet
  facet normal -2.238410e-01  5.720624e-01 -7.890753e-01
    outer loop
      vertex  6.767325e+03  5.221917e+03  6.488235e+03
      vertex  6.979338e+03  5.455042e+03  6.597103e+03
      vertex  6.978286e+03  5.222131e+03  6.428545e+03
    endloop
  endfacet
  facet normal -1.732297e-01  8.710976e-01 -4.595440e-01
    outer loop
      vertex  6.578654e+03  7.241149e+03  8.805690e+03
      vertex  6.783618e+03  7.235253e+03  8.717251e+03
      vertex  6.577196e+03  7.139021e+03  8.612650e+03
    endloop
  endfacet
  facet normal -1.728393e-01  8.708759e-01 -4.601105e-01
    outer loop
      vertex  6.577196e+03  7.139021e+03  8.612650e+03
      vertex  6.783618e+03  7.235253e+03  8.717251e+03
      vertex  6.783012e+03  7.178825e+03  8.610675e+03
    endloop
  endfacet
  facet normal -1.700293e-01  8.548514e-01 -4.902235e-01
    outer loop
      vertex  6.577196e+03  7.139021e+03  8.612650e+03
      vertex  6.783012e+03  7.178825e+03  8.610675e+03
      vertex  6.575981e+03  7.049548e+03  8.457048e+03
    endloop
  endfacet
  facet normal -1.822066e-01  8.594363e-01 -4.776713e-01
    outer loop
      vertex  6.575981e+03  7.049548e+03  8.457048e+03
      vertex  6.783012e+03  7.178825e+03  8.610675e+03
      vertex  6.782407e+03  7.120646e+03  8.506229e+03
    endloop
  endfacet
  facet normal -1.707458e-01  8.456000e-01 -5.057731e-01
    outer loop
      vertex  6.575981e+03  7.049548e+03  8.457048e+03
      vertex  6.782407e+03  7.120646e+03  8.506229e+03
      vertex  6.781197e+03  6.999208e+03  8.303604e+03
    endloop
  endfacet
  facet normal -1.756310e-01  8.380222e-01 -5.165970e-01
    outer loop
      vertex  6.369023e+03  6.944630e+03  8.357212e+03
      vertex  6.575981e+03  7.049548e+03  8.457048e+03
      vertex  6.574766e+03  6.956255e+03  8.306122e+03
    endloop
  endfacet
  facet normal -1.805094e-01  8.372888e-01 -5.161044e-01
    outer loop
      vertex  6.574766e+03  6.956255e+03  8.306122e+03
      vertex  6.575981e+03  7.049548e+03  8.457048e+03
      vertex  6.781197e+03  6.999208e+03  8.303604e+03
    endloop
  endfacet
  facet normal -1.774574e-01  8.210710e-01 -5.425416e-01
    outer loop
      vertex  6.574766e+03  6.956255e+03  8.306122e+03
      vertex  6.781197e+03  6.999208e+03  8.303604e+03
      vertex  6.573552e+03  6.859286e+03  8.159768e+03
    endloop
  endfacet
  facet normal -1.802046e-01  8.222985e-01 -5.397698e-01
    outer loop
      vertex  6.573552e+03  6.859286e+03  8.159768e+03
      vertex  6.781197e+03  6.999208e+03  8.303604e+03
      vertex  6.779987e+03  6.871284e+03  8.109126e+03
    endloop
  endfacet
  facet normal -1.851035e-01  8.048503e-01 -5.638729e-01
    outer loop
      vertex  6.573552e+03  6.859286e+03  8.159768e+03
      vertex  6.779987e+03  6.871284e+03  8.109126e+03
      vertex  6.572641e+03  6.784231e+03  8.052937e+03
    endloop
  endfacet
  facet normal -1.798324e-01  7.988473e-01 -5.740237e-01
    outer loop
      vertex  6.572641e+03  6.784231e+03  8.052937e+03
      vertex  6.779987e+03  6.871284e+03  8.109126e+03
      vertex  6.778719e+03  6.730359e+03  7.913404e+03
    endloop
  endfacet
  facet normal -1.872378e-01  7.913038e-01 -5.820483e-01
    outer loop
      vertex  6.572641e+03  6.784231e+03  8.052937e+03
      vertex  6.778719e+03  6.730359e+03  7.913404e+03
      vertex  6.571730e+03  6.707248e+03  7.948570e+03
    endloop
  endfacet
  facet normal -1.891902e-01  7.729509e-01 -6.056021e-01
    outer loop
      vertex  6.571730e+03  6.707248e+03  7.948570e+03
      vertex  6.778719e+03  6.730359e+03  7.913404e+03
      vertex  6.570200e+03  6.573739e+03  7.778646e+03
    endloop
  endfacet
  facet normal -1.885525e-01  7.726277e-01 -6.062132e-01
    outer loop
      vertex  6.570200e+03  6.573739e+03  7.778646e+03
      vertex  6.778719e+03  6.730359e+03  7.913404e+03
      vertex  6.777451e+03  6.583058e+03  7.726061e+03
    endloop
  endfacet
  facet normal -1.943769e-01  7.490603e-01 -6.333452e-01
    outer loop
      vertex  6.570200e+03  6.573739e+03  7.778646e+03
      vertex  6.777451e+03  6.583058e+03  7.726061e+03
      vertex  6.568670e+03  6.435237e+03  7.615309e+03
    endloop
  endfacet
  facet normal -1.907629e-01  7.467844e-01 -6.371205e-01
    outer loop
      vertex  6.568670e+03  6.435237e+03  7.615309e+03
      vertex  6.777451e+03  6.583058e+03  7.726061e+03
      vertex  6.776183e+03  6.429774e+03  7.546772e+03
    endloop
  endfacet
  facet normal -1.987104e-01  7.250117e-01 -6.594484e-01
    outer loop
      vertex  6.568670e+03  6.435237e+03  7.615309e+03
      vertex  6.776183e+03  6.429774e+03  7.546772e+03
      vertex  6.567140e+03  6.292025e+03  7.458319e+03
    endloop
  endfacet
  facet normal -2.028331e-01  6.814765e-01 -7.031703e-01
    outer loop
      vertex  6.565610e+03  6.144385e+03  7.307434e+03
      vertex  6.773650e+03  6.106818e+03  7.211016e+03
      vertex  6.564602e+03  6.044765e+03  7.211179e+03
    endloop
  endfacet
  facet normal -2.003405e-01  6.730564e-01 -7.119402e-01
    outer loop
      vertex  6.564602e+03  6.044765e+03  7.211179e+03
      vertex  6.773650e+03  6.106818e+03  7.211016e+03
      vertex  6.772871e+03  6.003459e+03  7.113522e+03
    endloop
  endfacet
  facet normal -2.043255e-01  6.659765e-01 -7.174444e-01
    outer loop
      vertex  6.564602e+03  6.044765e+03  7.211179e+03
      vertex  6.772871e+03  6.003459e+03  7.113522e+03
      vertex  6.563594e+03  5.943424e+03  7.117395e+03
    endloop
  endfacet
  facet normal -2.019907e-01  6.572808e-01 -7.260728e-01
    outer loop
      vertex  6.563594e+03  5.943424e+03  7.117395e+03
      vertex  6.772871e+03  6.003459e+03  7.113522e+03
      vertex  6.772093e+03  5.898369e+03  7.018605e+03
    endloop
  endfacet
  facet normal -2.058409e-01  6.504811e-01 -7.310976e-01
    outer loop
      vertex  6.563594e+03  5.943424e+03  7.117395e+03
      vertex  6.772093e+03  5.898369e+03  7.018605e+03
      vertex  6.562563e+03  5.838111e+03  7.023985e+03
    endloop
  endfacet
  facet normal -2.034854e-01  6.415301e-01 -7.396166e-01
    outer loop
      vertex  6.562563e+03  5.838111e+03  7.023985e+03
      vertex  6.772093e+03  5.898369e+03  7.018605e+03
      vertex  6.771290e+03  5.788210e+03  6.923276e+03
    endloop
  endfacet
  facet normal -2.072034e-01  6.350879e-01 -7.441304e-01
    outer loop
      vertex  6.562563e+03  5.838111e+03  7.023985e+03
      vertex  6.771290e+03  5.788210e+03  6.923276e+03
      vertex  6.561532e+03  5.731170e+03  6.933001e+03
    endloop
  endfacet
  facet normal -2.050757e-01  6.258339e-01 -7.525132e-01
    outer loop
      vertex  6.561532e+03  5.731170e+03  6.933001e+03
      vertex  6.771290e+03  5.788210e+03  6.923276e+03
      vertex  6.770486e+03  5.676401e+03  6.830508e+03
    endloop
  endfacet
  facet normal -2.114868e-01  6.148829e-01 -7.597318e-01
    outer loop
      vertex  6.561532e+03  5.731170e+03  6.933001e+03
      vertex  6.770486e+03  5.676401e+03  6.830508e+03
      vertex  6.559833e+03  5.551564e+03  6.788112e+03
    endloop
  endfacet
  facet normal -1.812029e-01  8.198336e-01 -5.431745e-01
    outer loop
      vertex  6.369023e+03  6.944630e+03  8.357212e+03
      vertex  6.574766e+03  6.956255e+03  8.306122e+03
      vertex  6.367108e+03  6.819656e+03  8.169223e+03
    endloop
  endfacet
  facet normal -1.823015e-01  8.203509e-01 -5.420244e-01
    outer loop
      vertex  6.367108e+03  6.819656e+03  8.169223e+03
      vertex  6.574766e+03  6.956255e+03  8.306122e+03
      vertex  6.573552e+03  6.859286e+03  8.159768e+03
    endloop
  endfacet
  facet normal -1.804818e-01  8.055350e-01 -5.643933e-01
    outer loop
      vertex  6.367108e+03  6.819656e+03  8.169223e+03
      vertex  6.573552e+03  6.859286e+03  8.159768e+03
      vertex  6.572641e+03  6.784231e+03  8.052937e+03
    endloop
  endfacet
  facet normal -1.878555e-01  7.965247e-01 -5.746813e-01
    outer loop
      vertex  6.367108e+03  6.819656e+03  8.169223e+03
      vertex  6.572641e+03  6.784231e+03  8.052937e+03
      vertex  6.365192e+03  6.688830e+03  7.988520e+03
    endloop
  endfacet
  facet normal -1.832907e-01  7.918863e-01 -5.825124e-01
    outer loop
      vertex  6.365192e+03  6.688830e+03  7.988520e+03
      vertex  6.572641e+03  6.784231e+03  8.052937e+03
      vertex  6.571730e+03  6.707248e+03  7.948570e+03
    endloop
  endfacet
  facet normal -1.862551e-01  7.728815e-01 -6.065997e-01
    outer loop
      vertex  6.365192e+03  6.688830e+03  7.988520e+03
      vertex  6.571730e+03  6.707248e+03  7.948570e+03
      vertex  6.363149e+03  6.543157e+03  7.803542e+03
    endloop
  endfacet
  facet normal -1.870649e-01  7.732618e-01 -6.058655e-01
    outer loop
      vertex  6.363149e+03  6.543157e+03  7.803542e+03
      vertex  6.571730e+03  6.707248e+03  7.948570e+03
      vertex  6.570200e+03  6.573739e+03  7.778646e+03
    endloop
  endfacet
  facet normal -1.870648e-01  7.501102e-01 -6.343039e-01
    outer loop
      vertex  6.363149e+03  6.543157e+03  7.803542e+03
      vertex  6.570200e+03  6.573739e+03  7.778646e+03
      vertex  6.568670e+03  6.435237e+03  7.615309e+03
    endloop
  endfacet
  facet normal -1.895701e-01  6.757204e-01 -7.123659e-01
    outer loop
      vertex  5.967100e+03  5.931552e+03  7.265555e+03
      vertex  5.968570e+03  6.028092e+03  7.356737e+03
      vertex  6.148230e+03  5.937382e+03  7.222883e+03
    endloop
  endfacet
  facet normal -1.925455e-01  6.727685e-01 -7.143590e-01
    outer loop
      vertex  6.148230e+03  5.937382e+03  7.222883e+03
      vertex  5.968570e+03  6.028092e+03  7.356737e+03
      vertex  6.149600e+03  6.034741e+03  7.314205e+03
    endloop
  endfacet
  facet normal -1.854293e-01  6.736524e-01 -7.154080e-01
    outer loop
      vertex  6.148230e+03  5.937382e+03  7.222883e+03
      vertex  6.149600e+03  6.034741e+03  7.314205e+03
      vertex  6.354975e+03  5.904211e+03  7.138062e+03
    endloop
  endfacet
  facet normal -1.896695e-01  6.700460e-01 -7.176794e-01
    outer loop
      vertex  6.354975e+03  5.904211e+03  7.138062e+03
      vertex  6.149600e+03  6.034741e+03  7.314205e+03
      vertex  6.357019e+03  6.071679e+03  7.293875e+03
    endloop
  endfacet
  facet normal -1.967660e-01  6.691405e-01 -7.166131e-01
    outer loop
      vertex  6.354975e+03  5.904211e+03  7.138062e+03
      vertex  6.357019e+03  6.071679e+03  7.293875e+03
      vertex  6.563594e+03  5.943424e+03  7.117395e+03
    endloop
  endfacet
  facet normal -1.996728e-01  6.666034e-01 -7.181718e-01
    outer loop
      vertex  6.563594e+03  5.943424e+03  7.117395e+03
      vertex  6.357019e+03  6.071679e+03  7.293875e+03
      vertex  6.564602e+03  6.044765e+03  7.211179e+03
    endloop
  endfacet
  facet normal -2.032030e-01  5.516779e-01 -8.089253e-01
    outer loop
      vertex  6.555257e+03  5.050048e+03  6.426753e+03
      vertex  6.345331e+03  5.058663e+03  6.485362e+03
      vertex  6.556435e+03  5.181322e+03  6.515985e+03
    endloop
  endfacet
  facet normal -2.046329e-01  5.537030e-01 -8.071793e-01
    outer loop
      vertex  6.556435e+03  5.181322e+03  6.515985e+03
      vertex  6.345331e+03  5.058663e+03  6.485362e+03
      vertex  6.346798e+03  5.192301e+03  6.576662e+03
    endloop
  endfacet
  facet normal -2.007496e-01  5.700358e-01 -7.967176e-01
    outer loop
      vertex  6.556435e+03  5.181322e+03  6.515985e+03
      vertex  6.346798e+03  5.192301e+03  6.576662e+03
      vertex  6.558134e+03  5.368152e+03  6.649230e+03
    endloop
  endfacet
  facet normal -2.034753e-01  5.723425e-01 -7.943689e-01
    outer loop
      vertex  6.558134e+03  5.368152e+03  6.649230e+03
      vertex  6.346798e+03  5.192301e+03  6.576662e+03
      vertex  6.348842e+03  5.375867e+03  6.708398e+03
    endloop
  endfacet
  facet normal -1.987819e-01  5.927967e-01 -7.804343e-01
    outer loop
      vertex  6.558134e+03  5.368152e+03  6.649230e+03
      vertex  6.348842e+03  5.375867e+03  6.708398e+03
      vertex  6.559833e+03  5.551564e+03  6.788112e+03
    endloop
  endfacet
  facet normal -2.017261e-01  5.951687e-01 -7.778694e-01
    outer loop
      vertex  6.559833e+03  5.551564e+03  6.788112e+03
      vertex  6.348842e+03  5.375867e+03  6.708398e+03
      vertex  6.350886e+03  5.555948e+03  6.845652e+03
    endloop
  endfacet
  facet normal -1.969481e-01  6.167040e-01 -7.621598e-01
    outer loop
      vertex  6.559833e+03  5.551564e+03  6.788112e+03
      vertex  6.350886e+03  5.555948e+03  6.845652e+03
      vertex  6.561532e+03  5.731170e+03  6.933001e+03
    endloop
  endfacet
  facet normal -2.000103e-01  6.190410e-01 -7.594631e-01
    outer loop
      vertex  6.561532e+03  5.731170e+03  6.933001e+03
      vertex  6.350886e+03  5.555948e+03  6.845652e+03
      vertex  6.352931e+03  5.732182e+03  6.988763e+03
    endloop
  endfacet
  facet normal -1.962983e-01  6.364826e-01 -7.458934e-01
    outer loop
      vertex  6.561532e+03  5.731170e+03  6.933001e+03
      vertex  6.352931e+03  5.732182e+03  6.988763e+03
      vertex  6.562563e+03  5.838111e+03  7.023985e+03
    endloop
  endfacet
  facet normal -2.010276e-01  6.434295e-01 -7.386382e-01
    outer loop
      vertex  6.562563e+03  5.838111e+03  7.023985e+03
      vertex  6.352931e+03  5.732182e+03  6.988763e+03
      vertex  6.354975e+03  5.904211e+03  7.138062e+03
    endloop
  endfacet
  facet normal -1.951239e-01  6.518778e-01 -7.327905e-01
    outer loop
      vertex  6.562563e+03  5.838111e+03  7.023985e+03
      vertex  6.354975e+03  5.904211e+03  7.138062e+03
      vertex  6.563594e+03  5.943424e+03  7.117395e+03
    endloop
  endfacet
  facet normal -1.820482e-01  8.475437e-01 -4.985259e-01
    outer loop
      vertex  5.984103e+03  6.931282e+03  8.469573e+03
      vertex  5.986724e+03  7.059651e+03  8.686856e+03
      vertex  6.164209e+03  6.954411e+03  8.443124e+03
    endloop
  endfacet
  facet normal -1.968912e-01  8.397731e-01 -5.059792e-01
    outer loop
      vertex  6.164209e+03  6.954411e+03  8.443124e+03
      vertex  5.986724e+03  7.059651e+03  8.686856e+03
      vertex  6.165443e+03  7.020728e+03  8.552710e+03
    endloop
  endfacet
  facet normal -1.730198e-01  8.434984e-01 -5.085024e-01
    outer loop
      vertex  6.164209e+03  6.954411e+03  8.443124e+03
      vertex  6.165443e+03  7.020728e+03  8.552710e+03
      vertex  6.369023e+03  6.944630e+03  8.357212e+03
    endloop
  endfacet
  facet normal -1.751323e-01  8.420688e-01 -5.101458e-01
    outer loop
      vertex  6.369023e+03  6.944630e+03  8.357212e+03
      vertex  6.165443e+03  7.020728e+03  8.552710e+03
      vertex  6.370938e+03  7.063465e+03  8.552708e+03
    endloop
  endfacet
  facet normal -1.806437e-01  8.412414e-01 -5.095888e-01
    outer loop
      vertex  6.369023e+03  6.944630e+03  8.357212e+03
      vertex  6.370938e+03  7.063465e+03  8.552708e+03
      vertex  6.575981e+03  7.049548e+03  8.457048e+03
    endloop
  endfacet
  facet normal -1.824544e-01  7.734212e-01 -6.070668e-01
    outer loop
      vertex  6.363149e+03  6.543157e+03  7.803542e+03
      vertex  6.157196e+03  6.542042e+03  7.864021e+03
      vertex  6.365192e+03  6.688830e+03  7.988520e+03
    endloop
  endfacet
  facet normal -1.859028e-01  7.753379e-01 -6.035654e-01
    outer loop
      vertex  6.365192e+03  6.688830e+03  7.988520e+03
      vertex  6.157196e+03  6.542042e+03  7.864021e+03
      vertex  6.159271e+03  6.670063e+03  8.027838e+03
    endloop
  endfacet
  facet normal -1.825104e-01  7.973137e-01 -5.753093e-01
    outer loop
      vertex  6.365192e+03  6.688830e+03  7.988520e+03
      vertex  6.159271e+03  6.670063e+03  8.027838e+03
      vertex  6.367108e+03  6.819656e+03  8.169223e+03
    endloop
  endfacet
  facet normal -1.958328e-01  5.546518e-01 -8.087094e-01
    outer loop
      vertex  6.345331e+03  5.058663e+03  6.485362e+03
      vertex  6.136835e+03  5.071321e+03  6.544532e+03
      vertex  6.346798e+03  5.192301e+03  6.576662e+03
    endloop
  endfacet
  facet normal -1.977277e-01  5.573283e-01 -8.064049e-01
    outer loop
      vertex  6.346798e+03  5.192301e+03  6.576662e+03
      vertex  6.136835e+03  5.071321e+03  6.544532e+03
      vertex  6.138511e+03  5.204210e+03  6.635964e+03
    endloop
  endfacet
  facet normal -1.938473e-01  5.734096e-01 -7.960054e-01
    outer loop
      vertex  6.346798e+03  5.192301e+03  6.576662e+03
      vertex  6.138511e+03  5.204210e+03  6.635964e+03
      vertex  6.348842e+03  5.375867e+03  6.708398e+03
    endloop
  endfacet
  facet normal -1.971101e-01  5.762131e-01 -7.931746e-01
    outer loop
      vertex  6.348842e+03  5.375867e+03  6.708398e+03
      vertex  6.138511e+03  5.204210e+03  6.635964e+03
      vertex  6.140819e+03  5.384374e+03  6.766273e+03
    endloop
  endfacet
  facet normal -1.924597e-01  5.962315e-01 -7.794018e-01
    outer loop
      vertex  6.348842e+03  5.375867e+03  6.708398e+03
      vertex  6.140819e+03  5.384374e+03  6.766273e+03
      vertex  6.350886e+03  5.555948e+03  6.845652e+03
    endloop
  endfacet
  facet normal -1.959671e-01  5.991006e-01 -7.763216e-01
    outer loop
      vertex  6.350886e+03  5.555948e+03  6.845652e+03
      vertex  6.140819e+03  5.384374e+03  6.766273e+03
      vertex  6.143126e+03  5.560983e+03  6.901983e+03
    endloop
  endfacet
  facet normal -1.912683e-01  6.200794e-01 -7.608666e-01
    outer loop
      vertex  6.350886e+03  5.555948e+03  6.845652e+03
      vertex  6.143126e+03  5.560983e+03  6.901983e+03
      vertex  6.352931e+03  5.732182e+03  6.988763e+03
    endloop
  endfacet
  facet normal -1.949124e-01  6.229036e-01 -7.576281e-01
    outer loop
      vertex  6.352931e+03  5.732182e+03  6.988763e+03
      vertex  6.143126e+03  5.560983e+03  6.901983e+03
      vertex  6.145434e+03  5.733705e+03  7.043397e+03
    endloop
  endfacet
  facet normal -1.901983e-01  6.447720e-01 -7.403335e-01
    outer loop
      vertex  6.352931e+03  5.732182e+03  6.988763e+03
      vertex  6.145434e+03  5.733705e+03  7.043397e+03
      vertex  6.354975e+03  5.904211e+03  7.138062e+03
    endloop
  endfacet
  facet normal -1.881061e-01  6.432375e-01 -7.422006e-01
    outer loop
      vertex  6.354975e+03  5.904211e+03  7.138062e+03
      vertex  6.145434e+03  5.733705e+03  7.043397e+03
      vertex  6.146832e+03  5.836354e+03  7.132005e+03
    endloop
  endfacet
  facet normal -1.932141e-01  6.576494e-01 -7.281247e-01
    outer loop
      vertex  6.354975e+03  5.904211e+03  7.138062e+03
      vertex  6.146832e+03  5.836354e+03  7.132005e+03
      vertex  6.148230e+03  5.937382e+03  7.222883e+03
    endloop
  endfacet
  facet normal -1.723365e-01  8.855553e-01 -4.313838e-01
    outer loop
      vertex  6.168650e+03  7.183659e+03  8.848848e+03
      vertex  5.989369e+03  7.181251e+03  8.915527e+03
      vertex  6.170624e+03  7.276836e+03  9.039336e+03
    endloop
  endfacet
  facet normal -1.722741e-01  8.855318e-01 -4.314569e-01
    outer loop
      vertex  6.170624e+03  7.276836e+03  9.039336e+03
      vertex  5.989369e+03  7.181251e+03  8.915527e+03
      vertex  5.990666e+03  7.237850e+03  9.031175e+03
    endloop
  endfacet
  facet normal -1.769154e-01  9.000204e-01 -3.983267e-01
    outer loop
      vertex  6.170624e+03  7.276836e+03  9.039336e+03
      vertex  5.990666e+03  7.237850e+03  9.031175e+03
      vertex  6.172596e+03  7.364383e+03  9.236272e+03
    endloop
  endfacet
  facet normal -1.583155e-01  8.969086e-01 -4.129058e-01
    outer loop
      vertex  6.172596e+03  7.364383e+03  9.236272e+03
      vertex  5.990666e+03  7.237850e+03  9.031175e+03
      vertex  5.991963e+03  7.292394e+03  9.149157e+03
    endloop
  endfacet
  facet normal -1.733321e-01  9.050136e-01 -3.884666e-01
    outer loop
      vertex  6.172596e+03  7.364383e+03  9.236272e+03
      vertex  5.991963e+03  7.292394e+03  9.149157e+03
      vertex  5.993708e+03  7.362512e+03  9.311733e+03
    endloop
  endfacet
  facet normal -1.894748e-01  8.664580e-01 -4.618982e-01
    outer loop
      vertex  5.762402e+03  7.025379e+03  8.713570e+03
      vertex  5.765062e+03  7.143646e+03  8.934332e+03
      vertex  5.896906e+03  7.046330e+03  8.697695e+03
    endloop
  endfacet
  facet normal -2.056488e-01  8.594521e-01 -4.680285e-01
    outer loop
      vertex  5.896906e+03  7.046330e+03  8.697695e+03
      vertex  5.765062e+03  7.143646e+03  8.934332e+03
      vertex  5.898261e+03  7.108268e+03  8.810839e+03
    endloop
  endfacet
  facet normal -1.847429e-01  8.629969e-01 -4.702195e-01
    outer loop
      vertex  5.896906e+03  7.046330e+03  8.697695e+03
      vertex  5.898261e+03  7.108268e+03  8.810839e+03
      vertex  5.986724e+03  7.059651e+03  8.686856e+03
    endloop
  endfacet
  facet normal -1.837006e-01  8.635138e-01 -4.696785e-01
    outer loop
      vertex  5.986724e+03  7.059651e+03  8.686856e+03
      vertex  5.898261e+03  7.108268e+03  8.810839e+03
      vertex  5.988047e+03  7.121478e+03  8.800008e+03
    endloop
  endfacet
  facet normal -1.798621e-01  8.641177e-01 -4.700533e-01
    outer loop
      vertex  5.986724e+03  7.059651e+03  8.686856e+03
      vertex  5.988047e+03  7.121478e+03  8.800008e+03
      vertex  6.166677e+03  7.085041e+03  8.664674e+03
    endloop
  endfacet
  facet normal -1.738491e-01  8.689231e-01 -4.634104e-01
    outer loop
      vertex  6.166677e+03  7.085041e+03  8.664674e+03
      vertex  5.988047e+03  7.121478e+03  8.800008e+03
      vertex  6.168650e+03  7.183659e+03  8.848848e+03
    endloop
  endfacet
  facet normal -1.776025e-01  8.683491e-01 -4.630628e-01
    outer loop
      vertex  6.166677e+03  7.085041e+03  8.664674e+03
      vertex  6.168650e+03  7.183659e+03  8.848848e+03
      vertex  6.372852e+03  7.175872e+03  8.755926e+03
    endloop
  endfacet
  facet normal -1.844637e-01  8.242399e-01 -5.353521e-01
    outer loop
      vertex  5.984103e+03  6.931282e+03  8.469573e+03
      vertex  6.164209e+03  6.954411e+03  8.443124e+03
      vertex  5.981481e+03  6.795357e+03  8.261203e+03
    endloop
  endfacet
  facet normal -1.841025e-01  8.241410e-01 -5.356284e-01
    outer loop
      vertex  5.981481e+03  6.795357e+03  8.261203e+03
      vertex  6.164209e+03  6.954411e+03  8.443124e+03
      vertex  6.161740e+03  6.815958e+03  8.230943e+03
    endloop
  endfacet
  facet normal -1.871727e-01  7.995906e-01 -5.706322e-01
    outer loop
      vertex  5.981481e+03  6.795357e+03  8.261203e+03
      vertex  6.161740e+03  6.815958e+03  8.230943e+03
      vertex  5.978858e+03  6.652213e+03  8.061485e+03
    endloop
  endfacet
  facet normal -1.857019e-01  7.991226e-01 -5.717673e-01
    outer loop
      vertex  5.978858e+03  6.652213e+03  8.061485e+03
      vertex  6.161740e+03  6.815958e+03  8.230943e+03
      vertex  6.159271e+03  6.670063e+03  8.027838e+03
    endloop
  endfacet
  facet normal -1.889961e-01  7.760704e-01 -6.016605e-01
    outer loop
      vertex  5.978858e+03  6.652213e+03  8.061485e+03
      vertex  6.159271e+03  6.670063e+03  8.027838e+03
      vertex  5.976654e+03  6.526645e+03  7.900209e+03
    endloop
  endfacet
  facet normal -1.870600e-01  7.751720e-01 -6.034211e-01
    outer loop
      vertex  5.976654e+03  6.526645e+03  7.900209e+03
      vertex  6.159271e+03  6.670063e+03  8.027838e+03
      vertex  6.157196e+03  6.542042e+03  7.864021e+03
    endloop
  endfacet
  facet normal -1.903121e-01  7.540618e-01 -6.286272e-01
    outer loop
      vertex  5.976654e+03  6.526645e+03  7.900209e+03
      vertex  6.157196e+03  6.542042e+03  7.864021e+03
      vertex  5.974450e+03  6.396433e+03  7.744682e+03
    endloop
  endfacet
  facet normal -1.878362e-01  7.528003e-01 -6.308796e-01
    outer loop
      vertex  5.974450e+03  6.396433e+03  7.744682e+03
      vertex  6.157196e+03  6.542042e+03  7.864021e+03
      vertex  6.155121e+03  6.409270e+03  7.706208e+03
    endloop
  endfacet
  facet normal -1.913086e-01  7.317047e-01 -6.542243e-01
    outer loop
      vertex  5.974450e+03  6.396433e+03  7.744682e+03
      vertex  6.155121e+03  6.409270e+03  7.706208e+03
      vertex  5.972246e+03  6.261785e+03  7.594733e+03
    endloop
  endfacet
  facet normal -1.883955e-01  7.300904e-01 -6.568675e-01
    outer loop
      vertex  5.972246e+03  6.261785e+03  7.594733e+03
      vertex  6.155121e+03  6.409270e+03  7.706208e+03
      vertex  6.153046e+03  6.271979e+03  7.554208e+03
    endloop
  endfacet
  facet normal -1.920395e-01  7.091593e-01 -6.783907e-01
    outer loop
      vertex  5.972246e+03  6.261785e+03  7.594733e+03
      vertex  6.153046e+03  6.271979e+03  7.554208e+03
      vertex  5.970041e+03  6.122914e+03  7.450187e+03
    endloop
  endfacet
  facet normal -1.887945e-01  7.072196e-01 -6.813202e-01
    outer loop
      vertex  5.970041e+03  6.122914e+03  7.450187e+03
      vertex  6.153046e+03  6.271979e+03  7.554208e+03
      vertex  6.150970e+03  6.130403e+03  7.407826e+03
    endloop
  endfacet
  facet normal -1.918897e-01  6.904001e-01 -6.975142e-01
    outer loop
      vertex  5.970041e+03  6.122914e+03  7.450187e+03
      vertex  6.150970e+03  6.130403e+03  7.407826e+03
      vertex  5.968570e+03  6.028092e+03  7.356737e+03
    endloop
  endfacet
  facet normal -1.898148e-01  6.881110e-01 -7.003381e-01
    outer loop
      vertex  5.968570e+03  6.028092e+03  7.356737e+03
      vertex  6.150970e+03  6.130403e+03  7.407826e+03
      vertex  6.149600e+03  6.034741e+03  7.314205e+03
    endloop
  endfacet
  facet normal -1.938054e-01  6.344566e-01 -7.482675e-01
    outer loop
      vertex  6.000000e+03  5.765924e+03  7.108384e+03
      vertex  6.145434e+03  5.733705e+03  7.043397e+03
      vertex  6.000000e+03  5.657882e+03  7.016775e+03
    endloop
  endfacet
  facet normal -1.863368e-01  6.238900e-01 -7.589729e-01
    outer loop
      vertex  6.000000e+03  5.657882e+03  7.016775e+03
      vertex  6.145434e+03  5.733705e+03  7.043397e+03
      vertex  6.143126e+03  5.560983e+03  6.901983e+03
    endloop
  endfacet
  facet normal -1.914192e-01  6.193169e-01 -7.614495e-01
    outer loop
      vertex  6.000000e+03  5.657882e+03  7.016775e+03
      vertex  6.143126e+03  5.560983e+03  6.901983e+03
      vertex  6.000000e+03  5.548062e+03  6.927454e+03
    endloop
  endfacet
  facet normal -1.921724e-01  6.040623e-01 -7.734200e-01
    outer loop
      vertex  6.000000e+03  5.548062e+03  6.927454e+03
      vertex  6.143126e+03  5.560983e+03  6.901983e+03
      vertex  6.000000e+03  5.436557e+03  6.840366e+03
    endloop
  endfacet
  facet normal -1.868547e-01  6.001087e-01 -7.777885e-01
    outer loop
      vertex  6.000000e+03  5.436557e+03  6.840366e+03
      vertex  6.143126e+03  5.560983e+03  6.901983e+03
      vertex  6.140819e+03  5.384374e+03  6.766273e+03
    endloop
  endfacet
  facet normal -1.944752e-01  5.889562e-01 -7.844170e-01
    outer loop
      vertex  6.000000e+03  5.436557e+03  6.840366e+03
      vertex  6.140819e+03  5.384374e+03  6.766273e+03
      vertex  6.000000e+03  5.323461e+03  6.755451e+03
    endloop
  endfacet
  facet normal -1.885758e-01  5.771244e-01 -7.945858e-01
    outer loop
      vertex  6.000000e+03  5.323461e+03  6.755451e+03
      vertex  6.140819e+03  5.384374e+03  6.766273e+03
      vertex  6.138511e+03  5.204210e+03  6.635964e+03
    endloop
  endfacet
  facet normal -2.012944e-01  5.667182e-01 -7.989437e-01
    outer loop
      vertex  6.000000e+03  5.323461e+03  6.755451e+03
      vertex  6.138511e+03  5.204210e+03  6.635964e+03
      vertex  6.000000e+03  5.092869e+03  6.591884e+03
    endloop
  endfacet
  facet normal -1.686280e-01  9.158739e-01 -3.643345e-01
    outer loop
      vertex  5.905761e+03  7.413068e+03  9.480771e+03
      vertex  5.995453e+03  7.428742e+03  9.478660e+03
      vertex  5.903991e+03  7.347128e+03  9.315829e+03
    endloop
  endfacet
  facet normal -1.735845e-01  9.160218e-01 -3.616246e-01
    outer loop
      vertex  5.903991e+03  7.347128e+03  9.315829e+03
      vertex  5.995453e+03  7.428742e+03  9.478660e+03
      vertex  5.993708e+03  7.362512e+03  9.311733e+03
    endloop
  endfacet
  facet normal -1.728816e-01  9.042543e-01 -3.904305e-01
    outer loop
      vertex  5.903991e+03  7.347128e+03  9.315829e+03
      vertex  5.993708e+03  7.362512e+03  9.311733e+03
      vertex  5.902221e+03  7.277397e+03  9.155114e+03
    endloop
  endfacet
  facet normal -1.769065e-01  9.044437e-01 -3.881824e-01
    outer loop
      vertex  5.902221e+03  7.277397e+03  9.155114e+03
      vertex  5.993708e+03  7.362512e+03  9.311733e+03
      vertex  5.991963e+03  7.292394e+03  9.149157e+03
    endloop
  endfacet
  facet normal -1.767131e-01  8.934637e-01 -4.129105e-01
    outer loop
      vertex  5.902221e+03  7.277397e+03  9.155114e+03
      vertex  5.991963e+03  7.292394e+03  9.149157e+03
      vertex  5.900918e+03  7.223760e+03  9.039610e+03
    endloop
  endfacet
  facet normal -1.789721e-01  8.937865e-01 -4.112353e-01
    outer loop
      vertex  5.900918e+03  7.223760e+03  9.039610e+03
      vertex  5.991963e+03  7.292394e+03  9.149157e+03
      vertex  5.990666e+03  7.237850e+03  9.031175e+03
    endloop
  endfacet
  facet normal -1.793622e-01  8.839393e-01 -4.318339e-01
    outer loop
      vertex  5.900918e+03  7.223760e+03  9.039610e+03
      vertex  5.990666e+03  7.237850e+03  9.031175e+03
      vertex  5.899616e+03  7.168156e+03  8.926332e+03
    endloop
  endfacet
  facet normal -1.808546e-01  8.841871e-01 -4.307026e-01
    outer loop
      vertex  5.899616e+03  7.168156e+03  8.926332e+03
      vertex  5.990666e+03  7.237850e+03  9.031175e+03
      vertex  5.989369e+03  7.181251e+03  8.915527e+03
    endloop
  endfacet
  facet normal -1.817839e-01  8.738259e-01 -4.509800e-01
    outer loop
      vertex  5.899616e+03  7.168156e+03  8.926332e+03
      vertex  5.989369e+03  7.181251e+03  8.915527e+03
      vertex  5.898261e+03  7.108268e+03  8.810839e+03
    endloop
  endfacet
  facet normal -1.828910e-01  8.740213e-01 -4.501527e-01
    outer loop
      vertex  5.898261e+03  7.108268e+03  8.810839e+03
      vertex  5.989369e+03  7.181251e+03  8.915527e+03
      vertex  5.988047e+03  7.121478e+03  8.800008e+03
    endloop
  endfacet
  facet normal -1.857472e-01  8.467486e-01 -4.985125e-01
    outer loop
      vertex  5.896906e+03  7.046330e+03  8.697695e+03
      vertex  5.986724e+03  7.059651e+03  8.686856e+03
      vertex  5.894247e+03  6.919043e+03  8.482483e+03
    endloop
  endfacet
  facet normal -1.868931e-01  8.467863e-01 -4.980199e-01
    outer loop
      vertex  5.894247e+03  6.919043e+03  8.482483e+03
      vertex  5.986724e+03  7.059651e+03  8.686856e+03
      vertex  5.984103e+03  6.931282e+03  8.469573e+03
    endloop
  endfacet
  facet normal -1.890129e-01  8.235903e-01 -5.347646e-01
    outer loop
      vertex  5.894247e+03  6.919043e+03  8.482483e+03
      vertex  5.984103e+03  6.931282e+03  8.469573e+03
      vertex  5.891587e+03  6.784333e+03  8.275956e+03
    endloop
  endfacet
  facet normal -1.887812e-01  8.235777e-01 -5.348659e-01
    outer loop
      vertex  5.891587e+03  6.784333e+03  8.275956e+03
      vertex  5.984103e+03  6.931282e+03  8.469573e+03
      vertex  5.981481e+03  6.795357e+03  8.261203e+03
    endloop
  endfacet
  facet normal -1.915078e-01  7.992666e-01 -5.696470e-01
    outer loop
      vertex  5.891587e+03  6.784333e+03  8.275956e+03
      vertex  5.981481e+03  6.795357e+03  8.261203e+03
      vertex  5.888926e+03  6.642516e+03  8.077869e+03
    endloop
  endfacet
  facet normal -1.900660e-01  7.991569e-01 -5.702834e-01
    outer loop
      vertex  5.888926e+03  6.642516e+03  8.077869e+03
      vertex  5.981481e+03  6.795357e+03  8.261203e+03
      vertex  5.978858e+03  6.652213e+03  8.061485e+03
    endloop
  endfacet
  facet normal -1.930592e-01  7.760578e-01 -6.003852e-01
    outer loop
      vertex  5.888926e+03  6.642516e+03  8.077869e+03
      vertex  5.978858e+03  6.652213e+03  8.061485e+03
      vertex  5.886690e+03  6.518134e+03  7.917812e+03
    endloop
  endfacet
  facet normal -1.910609e-01  7.757687e-01 -6.013974e-01
    outer loop
      vertex  5.886690e+03  6.518134e+03  7.917812e+03
      vertex  5.978858e+03  6.652213e+03  8.061485e+03
      vertex  5.976654e+03  6.526645e+03  7.900209e+03
    endloop
  endfacet
  facet normal -1.940716e-01  7.543335e-01 -6.271501e-01
    outer loop
      vertex  5.886690e+03  6.518134e+03  7.917812e+03
      vertex  5.976654e+03  6.526645e+03  7.900209e+03
      vertex  5.884454e+03  6.389160e+03  7.763374e+03
    endloop
  endfacet
  facet normal -1.914577e-01  7.538989e-01 -6.284747e-01
    outer loop
      vertex  5.884454e+03  6.389160e+03  7.763374e+03
      vertex  5.976654e+03  6.526645e+03  7.900209e+03
      vertex  5.974450e+03  6.396433e+03  7.744682e+03
    endloop
  endfacet
  facet normal -1.947200e-01  7.322509e-01 -6.526045e-01
    outer loop
      vertex  5.884454e+03  6.389160e+03  7.763374e+03
      vertex  5.974450e+03  6.396433e+03  7.744682e+03
      vertex  5.882218e+03  6.255792e+03  7.614397e+03
    endloop
  endfacet
  facet normal -1.915950e-01  7.316651e-01 -6.541846e-01
    outer loop
      vertex  5.882218e+03  6.255792e+03  7.614397e+03
      vertex  5.974450e+03  6.396433e+03  7.744682e+03
      vertex  5.972246e+03  6.261785e+03  7.594733e+03
    endloop
  endfacet
  facet normal -1.950652e-01  7.099616e-01 -6.766861e-01
    outer loop
      vertex  5.882218e+03  6.255792e+03  7.614397e+03
      vertex  5.972246e+03  6.261785e+03  7.594733e+03
      vertex  5.879981e+03  6.118232e+03  7.470717e+03
    endloop
  endfacet
  facet normal -1.915330e-01  7.092268e-01 -6.784633e-01
    outer loop
      vertex  5.879981e+03  6.118232e+03  7.470717e+03
      vertex  5.972246e+03  6.261785e+03  7.594733e+03
      vertex  5.970041e+03  6.122914e+03  7.450187e+03
    endloop
  endfacet
  facet normal -1.945544e-01  6.914017e-01 -6.957817e-01
    outer loop
      vertex  5.879981e+03  6.118232e+03  7.470717e+03
      vertex  5.970041e+03  6.122914e+03  7.450187e+03
      vertex  5.878490e+03  6.024296e+03  7.377790e+03
    endloop
  endfacet
  facet normal -1.921004e-01  6.903728e-01 -6.974832e-01
    outer loop
      vertex  5.878490e+03  6.024296e+03  7.377790e+03
      vertex  5.970041e+03  6.122914e+03  7.450187e+03
      vertex  5.968570e+03  6.028092e+03  7.356737e+03
    endloop
  endfacet
  facet normal -1.945026e-01  6.765403e-01 -7.102548e-01
    outer loop
      vertex  5.878490e+03  6.024296e+03  7.377790e+03
      vertex  5.968570e+03  6.028092e+03  7.356737e+03
      vertex  5.876998e+03  5.928649e+03  7.287091e+03
    endloop
  endfacet
  facet normal -1.919521e-01  6.754217e-01 -7.120112e-01
    outer loop
      vertex  5.876998e+03  5.928649e+03  7.287091e+03
      vertex  5.968570e+03  6.028092e+03  7.356737e+03
      vertex  5.967100e+03  5.931552e+03  7.265555e+03
    endloop
  endfacet
  facet normal -1.724244e-01  9.137346e-01 -3.679114e-01
    outer loop
      vertex  5.771264e+03  7.388937e+03  9.483874e+03
      vertex  5.905761e+03  7.413068e+03  9.480771e+03
      vertex  5.769493e+03  7.323363e+03  9.321846e+03
    endloop
  endfacet
  facet normal -1.778373e-01  9.144037e-01 -3.636479e-01
    outer loop
      vertex  5.769493e+03  7.323363e+03  9.321846e+03
      vertex  5.905761e+03  7.413068e+03  9.480771e+03
      vertex  5.903991e+03  7.347128e+03  9.315829e+03
    endloop
  endfacet
  facet normal -1.770091e-01  9.022095e-01 -3.933012e-01
    outer loop
      vertex  5.769493e+03  7.323363e+03  9.321846e+03
      vertex  5.903991e+03  7.347128e+03  9.315829e+03
      vertex  5.767721e+03  7.254144e+03  9.163858e+03
    endloop
  endfacet
  facet normal -1.814373e-01  9.028757e-01 -3.897382e-01
    outer loop
      vertex  5.767721e+03  7.254144e+03  9.163858e+03
      vertex  5.903991e+03  7.347128e+03  9.315829e+03
      vertex  5.902221e+03  7.277397e+03  9.155114e+03
    endloop
  endfacet
  facet normal -1.811261e-01  8.914378e-01 -4.153697e-01
    outer loop
      vertex  5.767721e+03  7.254144e+03  9.163858e+03
      vertex  5.902221e+03  7.277397e+03  9.155114e+03
      vertex  5.766392e+03  7.199883e+03  9.047987e+03
    endloop
  endfacet
  facet normal -1.840441e-01  8.922758e-01 -4.122762e-01
    outer loop
      vertex  5.766392e+03  7.199883e+03  9.047987e+03
      vertex  5.902221e+03  7.277397e+03  9.155114e+03
      vertex  5.900918e+03  7.223760e+03  9.039610e+03
    endloop
  endfacet
  facet normal -1.835698e-01  8.819056e-01 -4.342170e-01
    outer loop
      vertex  5.766392e+03  7.199883e+03  9.047987e+03
      vertex  5.900918e+03  7.223760e+03  9.039610e+03
      vertex  5.765062e+03  7.143646e+03  8.934332e+03
    endloop
  endfacet
  facet normal -1.864382e-01  8.827897e-01 -4.311883e-01
    outer loop
      vertex  5.765062e+03  7.143646e+03  8.934332e+03
      vertex  5.900918e+03  7.223760e+03  9.039610e+03
      vertex  5.899616e+03  7.168156e+03  8.926332e+03
    endloop
  endfacet
  facet normal -1.858401e-01  8.731719e-01 -4.505933e-01
    outer loop
      vertex  5.765062e+03  7.143646e+03  8.934332e+03
      vertex  5.899616e+03  7.168156e+03  8.926332e+03
      vertex  5.898261e+03  7.108268e+03  8.810839e+03
    endloop
  endfacet
  facet normal -1.905655e-01  8.455400e-01 -4.987453e-01
    outer loop
      vertex  5.762402e+03  7.025379e+03  8.713570e+03
      vertex  5.896906e+03  7.046330e+03  8.697695e+03
      vertex  5.759741e+03  6.899611e+03  8.501368e+03
    endloop
  endfacet
  facet normal -1.920771e-01  8.457347e-01 -4.978346e-01
    outer loop
      vertex  5.759741e+03  6.899611e+03  8.501368e+03
      vertex  5.896906e+03  7.046330e+03  8.697695e+03
      vertex  5.894247e+03  6.919043e+03  8.482483e+03
    endloop
  endfacet
  facet normal -1.938753e-01  8.227989e-01 -5.342419e-01
    outer loop
      vertex  5.759741e+03  6.899611e+03  8.501368e+03
      vertex  5.894247e+03  6.919043e+03  8.482483e+03
      vertex  5.757079e+03  6.766619e+03  8.297509e+03
    endloop
  endfacet
  facet normal -1.939553e-01  8.228117e-01 -5.341931e-01
    outer loop
      vertex  5.757079e+03  6.766619e+03  8.297509e+03
      vertex  5.894247e+03  6.919043e+03  8.482483e+03
      vertex  5.891587e+03  6.784333e+03  8.275956e+03
    endloop
  endfacet
  facet normal -1.963049e-01  7.989301e-01 -5.684849e-01
    outer loop
      vertex  5.757079e+03  6.766619e+03  8.297509e+03
      vertex  5.891587e+03  6.784333e+03  8.275956e+03
      vertex  5.754417e+03  6.626686e+03  8.101771e+03
    endloop
  endfacet
  facet normal -1.951437e-01  7.987072e-01 -5.691975e-01
    outer loop
      vertex  5.754417e+03  6.626686e+03  8.101771e+03
      vertex  5.891587e+03  6.784333e+03  8.275956e+03
      vertex  5.888926e+03  6.642516e+03  8.077869e+03
    endloop
  endfacet
  facet normal -1.976128e-01  7.773311e-01 -5.972483e-01
    outer loop
      vertex  5.754417e+03  6.626686e+03  8.101771e+03
      vertex  5.888926e+03  6.642516e+03  8.077869e+03
      vertex  5.752428e+03  6.517853e+03  7.960780e+03
    endloop
  endfacet
  facet normal -1.937421e-01  7.759562e-01 -6.002967e-01
    outer loop
      vertex  5.752428e+03  6.517853e+03  7.960780e+03
      vertex  5.888926e+03  6.642516e+03  8.077869e+03
      vertex  5.886690e+03  6.518134e+03  7.917812e+03
    endloop
  endfacet
  facet normal -2.002000e-01  7.581460e-01 -6.205921e-01
    outer loop
      vertex  5.752428e+03  6.517853e+03  7.960780e+03
      vertex  5.886690e+03  6.518134e+03  7.917812e+03
      vertex  5.750439e+03  6.405438e+03  7.824091e+03
    endloop
  endfacet
  facet normal -1.925752e-01  7.545491e-01 -6.273518e-01
    outer loop
      vertex  5.750439e+03  6.405438e+03  7.824091e+03
      vertex  5.886690e+03  6.518134e+03  7.917812e+03
      vertex  5.884454e+03  6.389160e+03  7.763374e+03
    endloop
  endfacet
  facet normal -2.016168e-01  7.387811e-01 -6.430810e-01
    outer loop
      vertex  5.750439e+03  6.405438e+03  7.824091e+03
      vertex  5.884454e+03  6.389160e+03  7.763374e+03
      vertex  5.748450e+03  6.289568e+03  7.691602e+03
    endloop
  endfacet
  facet normal -1.918892e-01  7.326454e-01 -6.530002e-01
    outer loop
      vertex  5.748450e+03  6.289568e+03  7.691602e+03
      vertex  5.884454e+03  6.389160e+03  7.763374e+03
      vertex  5.882218e+03  6.255792e+03  7.614397e+03
    endloop
  endfacet
  facet normal -1.999519e-01  7.220380e-01 -6.623294e-01
    outer loop
      vertex  5.748450e+03  6.289568e+03  7.691602e+03
      vertex  5.882218e+03  6.255792e+03  7.614397e+03
      vertex  5.746958e+03  6.200477e+03  7.594929e+03
    endloop
  endfacet
  facet normal -1.930171e-01  7.102383e-01 -6.769829e-01
    outer loop
      vertex  5.882218e+03  6.255792e+03  7.614397e+03
      vertex  5.879981e+03  6.118232e+03  7.470717e+03
      vertex  5.746958e+03  6.200477e+03  7.594929e+03
    endloop
  endfacet
  facet normal -1.959122e-01  7.079372e-01 -6.785597e-01
    outer loop
      vertex  5.746958e+03  6.200477e+03  7.594929e+03
      vertex  5.879981e+03  6.118232e+03  7.470717e+03
      vertex  5.745466e+03  6.109570e+03  7.500518e+03
    endloop
  endfacet
  facet normal -2.260206e-01  7.034929e-01 -6.738045e-01
    outer loop
      vertex  5.746958e+03  6.200477e+03  7.594929e+03
      vertex  5.745466e+03  6.109570e+03  7.500518e+03
      vertex  5.606775e+03  6.275273e+03  7.720044e+03
    endloop
  endfacet
  facet normal -2.017585e-01  7.162148e-01 -6.680792e-01
    outer loop
      vertex  5.606775e+03  6.275273e+03  7.720044e+03
      vertex  5.745466e+03  6.109570e+03  7.500518e+03
      vertex  5.603879e+03  6.097702e+03  7.530553e+03
    endloop
  endfacet
  facet normal -2.200352e-01  6.730269e-01 -7.061298e-01
    outer loop
      vertex  5.878490e+03  6.024296e+03  7.377790e+03
      vertex  5.876998e+03  5.928649e+03  7.287091e+03
      vertex  5.745466e+03  6.109570e+03  7.500518e+03
    endloop
  endfacet
  facet normal -1.938162e-01  6.861883e-01 -7.011283e-01
    outer loop
      vertex  5.745466e+03  6.109570e+03  7.500518e+03
      vertex  5.876998e+03  5.928649e+03  7.287091e+03
      vertex  5.742481e+03  5.922537e+03  7.318294e+03
    endloop
  endfacet
  facet normal -2.057291e-01  6.845906e-01 -6.992934e-01
    outer loop
      vertex  5.745466e+03  6.109570e+03  7.500518e+03
      vertex  5.742481e+03  5.922537e+03  7.318294e+03
      vertex  5.603879e+03  6.097702e+03  7.530553e+03
    endloop
  endfacet
  facet normal -2.002925e-01  6.874292e-01 -6.980858e-01
    outer loop
      vertex  5.603879e+03  6.097702e+03  7.530553e+03
      vertex  5.742481e+03  5.922537e+03  7.318294e+03
      vertex  5.600982e+03  5.913151e+03  7.349651e+03
    endloop
  endfacet
  facet normal -1.772927e-01  9.110507e-01 -3.722280e-01
    outer loop
      vertex  5.628920e+03  7.362539e+03  9.487061e+03
      vertex  5.771264e+03  7.388937e+03  9.483874e+03
      vertex  5.627201e+03  7.297224e+03  9.328019e+03
    endloop
  endfacet
  facet normal -1.834427e-01  9.119294e-01 -3.670604e-01
    outer loop
      vertex  5.627201e+03  7.297224e+03  9.328019e+03
      vertex  5.771264e+03  7.388937e+03  9.483874e+03
      vertex  5.769493e+03  7.323363e+03  9.321846e+03
    endloop
  endfacet
  facet normal -1.824656e-01  8.995875e-01 -3.967978e-01
    outer loop
      vertex  5.627201e+03  7.297224e+03  9.328019e+03
      vertex  5.769493e+03  7.323363e+03  9.321846e+03
      vertex  5.625481e+03  7.228420e+03  9.172823e+03
    endloop
  endfacet
  facet normal -1.875747e-01  9.004587e-01 -3.924156e-01
    outer loop
      vertex  5.625481e+03  7.228420e+03  9.172823e+03
      vertex  5.769493e+03  7.323363e+03  9.321846e+03
      vertex  5.767721e+03  7.254144e+03  9.163858e+03
    endloop
  endfacet
  facet normal -1.871060e-01  8.888956e-01 -4.181577e-01
    outer loop
      vertex  5.625481e+03  7.228420e+03  9.172823e+03
      vertex  5.767721e+03  7.254144e+03  9.163858e+03
      vertex  5.624190e+03  7.174566e+03  9.058920e+03
    endloop
  endfacet
  facet normal -1.903062e-01  8.899068e-01 -4.145475e-01
    outer loop
      vertex  5.624190e+03  7.174566e+03  9.058920e+03
      vertex  5.767721e+03  7.254144e+03  9.163858e+03
      vertex  5.766392e+03  7.199883e+03  9.047987e+03
    endloop
  endfacet
  facet normal -1.901220e-01  8.794312e-01 -4.364108e-01
    outer loop
      vertex  5.624190e+03  7.174566e+03  9.058920e+03
      vertex  5.766392e+03  7.199883e+03  9.047987e+03
      vertex  5.622900e+03  7.118811e+03  8.947128e+03
    endloop
  endfacet
  facet normal -1.928028e-01  8.803628e-01 -4.333457e-01
    outer loop
      vertex  5.622900e+03  7.118811e+03  8.947128e+03
      vertex  5.766392e+03  7.199883e+03  9.047987e+03
      vertex  5.765062e+03  7.143646e+03  8.934332e+03
    endloop
  endfacet
  facet normal -1.928091e-01  8.647901e-01 -4.636407e-01
    outer loop
      vertex  5.622900e+03  7.118811e+03  8.947128e+03
      vertex  5.765062e+03  7.143646e+03  8.934332e+03
      vertex  5.620318e+03  7.001715e+03  8.729792e+03
    endloop
  endfacet
  facet normal -1.967567e-01  8.652309e-01 -4.611531e-01
    outer loop
      vertex  5.620318e+03  7.001715e+03  8.729792e+03
      vertex  5.765062e+03  7.143646e+03  8.934332e+03
      vertex  5.762402e+03  7.025379e+03  8.713570e+03
    endloop
  endfacet
  facet normal -1.975098e-01  8.437019e-01 -4.991563e-01
    outer loop
      vertex  5.620318e+03  7.001715e+03  8.729792e+03
      vertex  5.762402e+03  7.025379e+03  8.713570e+03
      vertex  5.617735e+03  6.877364e+03  8.520629e+03
    endloop
  endfacet
  facet normal -1.997384e-01  8.440201e-01 -4.977294e-01
    outer loop
      vertex  5.617735e+03  6.877364e+03  8.520629e+03
      vertex  5.762402e+03  7.025379e+03  8.713570e+03
      vertex  5.759741e+03  6.899611e+03  8.501368e+03
    endloop
  endfacet
  facet normal -2.010786e-01  8.213822e-01 -5.337590e-01
    outer loop
      vertex  5.617735e+03  6.877364e+03  8.520629e+03
      vertex  5.759741e+03  6.899611e+03  8.501368e+03
      vertex  5.615151e+03  6.745999e+03  8.319449e+03
    endloop
  endfacet
  facet normal -2.017944e-01  8.215075e-01 -5.332960e-01
    outer loop
      vertex  5.615151e+03  6.745999e+03  8.319449e+03
      vertex  5.759741e+03  6.899611e+03  8.501368e+03
      vertex  5.757079e+03  6.766619e+03  8.297509e+03
    endloop
  endfacet
  facet normal -2.036232e-01  7.979931e-01 -5.672255e-01
    outer loop
      vertex  5.615151e+03  6.745999e+03  8.319449e+03
      vertex  5.757079e+03  6.766619e+03  8.297509e+03
      vertex  5.612566e+03  6.607871e+03  8.126054e+03
    endloop
  endfacet
  facet normal -2.029995e-01  7.978634e-01 -5.676312e-01
    outer loop
      vertex  5.612566e+03  6.607871e+03  8.126054e+03
      vertex  5.757079e+03  6.766619e+03  8.297509e+03
      vertex  5.754417e+03  6.626686e+03  8.101771e+03
    endloop
  endfacet
  facet normal -2.047661e-01  7.791454e-01 -5.924553e-01
    outer loop
      vertex  5.612566e+03  6.607871e+03  8.126054e+03
      vertex  5.754417e+03  6.626686e+03  8.101771e+03
      vertex  5.611123e+03  6.527896e+03  8.021377e+03
    endloop
  endfacet
  facet normal -2.007278e-01  7.768511e-01 -5.968338e-01
    outer loop
      vertex  5.611123e+03  6.527896e+03  8.021377e+03
      vertex  5.754417e+03  6.626686e+03  8.101771e+03
      vertex  5.752428e+03  6.517853e+03  7.960780e+03
    endloop
  endfacet
  facet normal -2.070887e-01  7.650877e-01 -6.097170e-01
    outer loop
      vertex  5.611123e+03  6.527896e+03  8.021377e+03
      vertex  5.752428e+03  6.517853e+03  7.960780e+03
      vertex  5.609680e+03  6.445940e+03  7.919027e+03
    endloop
  endfacet
  facet normal -2.004035e-01  7.581153e-01 -6.205639e-01
    outer loop
      vertex  5.609680e+03  6.445940e+03  7.919027e+03
      vertex  5.752428e+03  6.517853e+03  7.960780e+03
      vertex  5.750439e+03  6.405438e+03  7.824091e+03
    endloop
  endfacet
  facet normal -2.066665e-01  7.511925e-01 -6.268963e-01
    outer loop
      vertex  5.609680e+03  6.445940e+03  7.919027e+03
      vertex  5.750439e+03  6.405438e+03  7.824091e+03
      vertex  5.608228e+03  6.361561e+03  7.818396e+03
    endloop
  endfacet
  facet normal -2.021671e-01  7.386998e-01 -6.430016e-01
    outer loop
      vertex  5.750439e+03  6.405438e+03  7.824091e+03
      vertex  5.748450e+03  6.289568e+03  7.691602e+03
      vertex  5.608228e+03  6.361561e+03  7.818396e+03
    endloop
  endfacet
  facet normal -2.036892e-01  7.374383e-01 -6.439686e-01
    outer loop
      vertex  5.608228e+03  6.361561e+03  7.818396e+03
      vertex  5.748450e+03  6.289568e+03  7.691602e+03
      vertex  5.606775e+03  6.275273e+03  7.720044e+03
    endloop
  endfacet
  facet normal -2.350065e-01  7.323735e-01 -6.390626e-01
    outer loop
      vertex  5.608228e+03  6.361561e+03  7.818396e+03
      vertex  5.606775e+03  6.275273e+03  7.720044e+03
      vertex  5.468653e+03  6.425988e+03  7.943558e+03
    endloop
  endfacet
  facet normal -2.127342e-01  7.441465e-01 -6.332378e-01
    outer loop
      vertex  5.468653e+03  6.425988e+03  7.943558e+03
      vertex  5.606775e+03  6.275273e+03  7.720044e+03
      vertex  5.465947e+03  6.257840e+03  7.746868e+03
    endloop
  endfacet
  facet normal -1.986423e-01  9.034945e-01 -3.797878e-01
    outer loop
      vertex  5.225310e+03  7.252562e+03  9.425003e+03
      vertex  5.226201e+03  7.299671e+03  9.536608e+03
      vertex  5.308073e+03  7.269253e+03  9.421423e+03
    endloop
  endfacet
  facet normal -1.917810e-01  9.066610e-01 -3.757472e-01
    outer loop
      vertex  5.308073e+03  7.269253e+03  9.421423e+03
      vertex  5.226201e+03  7.299671e+03  9.536608e+03
      vertex  5.309080e+03  7.316443e+03  9.534777e+03
    endloop
  endfacet
  facet normal -1.949497e-01  9.060944e-01 -3.754832e-01
    outer loop
      vertex  5.308073e+03  7.269253e+03  9.421423e+03
      vertex  5.309080e+03  7.316443e+03  9.534777e+03
      vertex  5.396943e+03  7.286706e+03  9.417397e+03
    endloop
  endfacet
  facet normal -1.886965e-01  9.090357e-01 -3.715476e-01
    outer loop
      vertex  5.396943e+03  7.286706e+03  9.417397e+03
      vertex  5.309080e+03  7.316443e+03  9.534777e+03
      vertex  5.398054e+03  7.334071e+03  9.532718e+03
    endloop
  endfacet
  facet normal -1.911916e-01  9.085977e-01 -3.713436e-01
    outer loop
      vertex  5.396943e+03  7.286706e+03  9.417397e+03
      vertex  5.398054e+03  7.334071e+03  9.532718e+03
      vertex  5.485851e+03  7.303685e+03  9.413166e+03
    endloop
  endfacet
  facet normal -1.854990e-01  9.112049e-01 -3.678258e-01
    outer loop
      vertex  5.485851e+03  7.303685e+03  9.413166e+03
      vertex  5.398054e+03  7.334071e+03  9.532718e+03
      vertex  5.487047e+03  7.351314e+03  9.530555e+03
    endloop
  endfacet
  facet normal -1.801392e-01  9.121095e-01 -3.682474e-01
    outer loop
      vertex  5.485851e+03  7.303685e+03  9.413166e+03
      vertex  5.487047e+03  7.351314e+03  9.530555e+03
      vertex  5.627201e+03  7.297224e+03  9.328019e+03
    endloop
  endfacet
  facet normal -1.858689e-01  9.096184e-01 -3.715470e-01
    outer loop
      vertex  5.627201e+03  7.297224e+03  9.328019e+03
      vertex  5.487047e+03  7.351314e+03  9.530555e+03
      vertex  5.628920e+03  7.362539e+03  9.487061e+03
    endloop
  endfacet
  facet normal -1.873333e-01  8.987702e-01 -3.963816e-01
    outer loop
      vertex  5.627201e+03  7.297224e+03  9.328019e+03
      vertex  5.625481e+03  7.228420e+03  9.172823e+03
      vertex  5.484637e+03  7.253505e+03  9.296265e+03
    endloop
  endfacet
  facet normal -1.943392e-01  8.941332e-01 -4.034328e-01
    outer loop
      vertex  5.484637e+03  7.253505e+03  9.296265e+03
      vertex  5.625481e+03  7.228420e+03  9.172823e+03
      vertex  5.483424e+03  7.201431e+03  9.181438e+03
    endloop
  endfacet
  facet normal -1.955425e-01  8.939202e-01 -4.033235e-01
    outer loop
      vertex  5.484637e+03  7.253505e+03  9.296265e+03
      vertex  5.483424e+03  7.201431e+03  9.181438e+03
      vertex  5.395801e+03  7.236207e+03  9.300996e+03
    endloop
  endfacet
  facet normal -2.003756e-01  8.915545e-01 -4.061775e-01
    outer loop
      vertex  5.395801e+03  7.236207e+03  9.300996e+03
      vertex  5.483424e+03  7.201431e+03  9.181438e+03
      vertex  5.394659e+03  7.183845e+03  9.186626e+03
    endloop
  endfacet
  facet normal -1.998357e-01  8.916528e-01 -4.062279e-01
    outer loop
      vertex  5.395801e+03  7.236207e+03  9.300996e+03
      vertex  5.394659e+03  7.183845e+03  9.186626e+03
      vertex  5.307025e+03  7.218381e+03  9.305541e+03
    endloop
  endfacet
  facet normal -2.052723e-01  8.889413e-01 -4.094469e-01
    outer loop
      vertex  5.307025e+03  7.218381e+03  9.305541e+03
      vertex  5.394659e+03  7.183845e+03  9.186626e+03
      vertex  5.305978e+03  7.165679e+03  9.191645e+03
    endloop
  endfacet
  facet normal -2.041209e-01  8.891557e-01 -4.095567e-01
    outer loop
      vertex  5.307025e+03  7.218381e+03  9.305541e+03
      vertex  5.305978e+03  7.165679e+03  9.191645e+03
      vertex  5.224372e+03  7.201281e+03  9.309610e+03
    endloop
  endfacet
  facet normal -2.102017e-01  8.862010e-01 -4.128715e-01
    outer loop
      vertex  5.224372e+03  7.201281e+03  9.309610e+03
      vertex  5.305978e+03  7.165679e+03  9.191645e+03
      vertex  5.223434e+03  7.148203e+03  9.196158e+03
    endloop
  endfacet
  facet normal -2.058763e-01  8.793533e-01 -4.293632e-01
    outer loop
      vertex  5.483424e+03  7.201431e+03  9.181438e+03
      vertex  5.624190e+03  7.174566e+03  9.058920e+03
      vertex  5.481012e+03  7.092452e+03  8.959399e+03
    endloop
  endfacet
  facet normal -2.006907e-01  8.775953e-01 -4.353732e-01
    outer loop
      vertex  5.481012e+03  7.092452e+03  8.959399e+03
      vertex  5.624190e+03  7.174566e+03  9.058920e+03
      vertex  5.622900e+03  7.118811e+03  8.947128e+03
    endloop
  endfacet
  facet normal -2.004092e-01  8.620273e-01 -4.655587e-01
    outer loop
      vertex  5.481012e+03  7.092452e+03  8.959399e+03
      vertex  5.622900e+03  7.118811e+03  8.947128e+03
      vertex  5.478600e+03  6.976268e+03  8.745313e+03
    endloop
  endfacet
  facet normal -2.055140e-01  8.625797e-01 -4.622989e-01
    outer loop
      vertex  5.478600e+03  6.976268e+03  8.745313e+03
      vertex  5.622900e+03  7.118811e+03  8.947128e+03
      vertex  5.620318e+03  7.001715e+03  8.729792e+03
    endloop
  endfacet
  facet normal -2.058066e-01  8.412451e-01 -4.999503e-01
    outer loop
      vertex  5.478600e+03  6.976268e+03  8.745313e+03
      vertex  5.620318e+03  7.001715e+03  8.729792e+03
      vertex  5.476187e+03  6.853075e+03  8.539015e+03
    endloop
  endfacet
  facet normal -2.090908e-01  8.416975e-01 -4.978216e-01
    outer loop
      vertex  5.476187e+03  6.853075e+03  8.539015e+03
      vertex  5.620318e+03  7.001715e+03  8.729792e+03
      vertex  5.617735e+03  6.877364e+03  8.520629e+03
    endloop
  endfacet
  facet normal -2.098900e-01  8.193190e-01 -5.335379e-01
    outer loop
      vertex  5.476187e+03  6.853075e+03  8.539015e+03
      vertex  5.617735e+03  6.877364e+03  8.520629e+03
      vertex  5.473772e+03  6.723079e+03  8.340338e+03
    endloop
  endfacet
  facet normal -2.115390e-01  8.195968e-01 -5.324588e-01
    outer loop
      vertex  5.473772e+03  6.723079e+03  8.340338e+03
      vertex  5.617735e+03  6.877364e+03  8.520629e+03
      vertex  5.615151e+03  6.745999e+03  8.319449e+03
    endloop
  endfacet
  facet normal -2.127513e-01  7.963912e-01 -5.661253e-01
    outer loop
      vertex  5.473772e+03  6.723079e+03  8.340338e+03
      vertex  5.615151e+03  6.745999e+03  8.319449e+03
      vertex  5.471358e+03  6.586497e+03  8.149110e+03
    endloop
  endfacet
  facet normal -2.129622e-01  7.964333e-01 -5.659868e-01
    outer loop
      vertex  5.471358e+03  6.586497e+03  8.149110e+03
      vertex  5.615151e+03  6.745999e+03  8.319449e+03
      vertex  5.612566e+03  6.607871e+03  8.126054e+03
    endloop
  endfacet
  facet normal -2.142189e-01  7.775988e-01 -5.911434e-01
    outer loop
      vertex  5.471358e+03  6.586497e+03  8.149110e+03
      vertex  5.612566e+03  6.607871e+03  8.126054e+03
      vertex  5.611123e+03  6.527896e+03  8.021377e+03
    endloop
  endfacet
  facet normal -2.151558e-01  7.157012e-01 -6.644394e-01
    outer loop
      vertex  5.465947e+03  6.257840e+03  7.746868e+03
      vertex  5.606775e+03  6.275273e+03  7.720044e+03
      vertex  5.463241e+03  6.082404e+03  7.558773e+03
    endloop
  endfacet
  facet normal -2.115084e-01  7.147865e-01 -6.665918e-01
    outer loop
      vertex  5.463241e+03  6.082404e+03  7.558773e+03
      vertex  5.606775e+03  6.275273e+03  7.720044e+03
      vertex  5.603879e+03  6.097702e+03  7.530553e+03
    endloop
  endfacet
  facet normal -2.140348e-01  6.873927e-01 -6.940318e-01
    outer loop
      vertex  5.463241e+03  6.082404e+03  7.558773e+03
      vertex  5.603879e+03  6.097702e+03  7.530553e+03
      vertex  5.460535e+03  5.900048e+03  7.378996e+03
    endloop
  endfacet
  facet normal -2.095699e-01  6.861436e-01 -6.966258e-01
    outer loop
      vertex  5.460535e+03  5.900048e+03  7.378996e+03
      vertex  5.603879e+03  6.097702e+03  7.530553e+03
      vertex  5.600982e+03  5.913151e+03  7.349651e+03
    endloop
  endfacet
  facet normal -2.046880e-01  8.950951e-01 -3.961158e-01
    outer loop
      vertex  5.224372e+03  7.201281e+03  9.309610e+03
      vertex  5.225310e+03  7.252562e+03  9.425003e+03
      vertex  5.307025e+03  7.218381e+03  9.305541e+03
    endloop
  endfacet
  facet normal -1.981166e-01  8.981620e-01 -3.924983e-01
    outer loop
      vertex  5.307025e+03  7.218381e+03  9.305541e+03
      vertex  5.225310e+03  7.252562e+03  9.425003e+03
      vertex  5.308073e+03  7.269253e+03  9.421423e+03
    endloop
  endfacet
  facet normal -2.003478e-01  8.977541e-01 -3.922990e-01
    outer loop
      vertex  5.307025e+03  7.218381e+03  9.305541e+03
      vertex  5.308073e+03  7.269253e+03  9.421423e+03
      vertex  5.395801e+03  7.236207e+03  9.300996e+03
    endloop
  endfacet
  facet normal -1.944675e-01  9.005700e-01 -3.887881e-01
    outer loop
      vertex  5.395801e+03  7.236207e+03  9.300996e+03
      vertex  5.308073e+03  7.269253e+03  9.421423e+03
      vertex  5.396943e+03  7.286706e+03  9.417397e+03
    endloop
  endfacet
  facet normal -1.960025e-01  9.002951e-01 -3.886538e-01
    outer loop
      vertex  5.395801e+03  7.236207e+03  9.300996e+03
      vertex  5.396943e+03  7.286706e+03  9.417397e+03
      vertex  5.484637e+03  7.253505e+03  9.296265e+03
    endloop
  endfacet
  facet normal -1.907524e-01  9.027628e-01 -3.855293e-01
    outer loop
      vertex  5.484637e+03  7.253505e+03  9.296265e+03
      vertex  5.396943e+03  7.286706e+03  9.417397e+03
      vertex  5.485851e+03  7.303685e+03  9.413166e+03
    endloop
  endfacet
  facet normal -1.909674e-01  9.027252e-01 -3.855109e-01
    outer loop
      vertex  5.484637e+03  7.253505e+03  9.296265e+03
      vertex  5.485851e+03  7.303685e+03  9.413166e+03
      vertex  5.627201e+03  7.297224e+03  9.328019e+03
    endloop
  endfacet
  facet normal -1.994728e-01  8.791414e-01 -4.328060e-01
    outer loop
      vertex  5.394659e+03  7.183845e+03  9.186626e+03
      vertex  5.483424e+03  7.201431e+03  9.181438e+03
      vertex  5.392405e+03  7.075100e+03  8.966774e+03
    endloop
  endfacet
  facet normal -2.078527e-01  8.789867e-01 -4.291618e-01
    outer loop
      vertex  5.392405e+03  7.075100e+03  8.966774e+03
      vertex  5.483424e+03  7.201431e+03  9.181438e+03
      vertex  5.481012e+03  7.092452e+03  8.959399e+03
    endloop
  endfacet
  facet normal -2.072143e-01  8.596767e-01 -4.669243e-01
    outer loop
      vertex  5.392405e+03  7.075100e+03  8.966774e+03
      vertex  5.481012e+03  7.092452e+03  8.959399e+03
      vertex  5.390149e+03  6.959327e+03  8.754621e+03
    endloop
  endfacet
  facet normal -2.134942e-01  8.596562e-01 -4.641244e-01
    outer loop
      vertex  5.390149e+03  6.959327e+03  8.754621e+03
      vertex  5.481012e+03  7.092452e+03  8.959399e+03
      vertex  5.478600e+03  6.976268e+03  8.745313e+03
    endloop
  endfacet
  facet normal -2.133719e-01  8.390270e-01 -5.005057e-01
    outer loop
      vertex  5.390149e+03  6.959327e+03  8.754621e+03
      vertex  5.478600e+03  6.976268e+03  8.745313e+03
      vertex  5.387893e+03  6.836699e+03  8.550015e+03
    endloop
  endfacet
  facet normal -2.177354e-01  8.390871e-01 -4.985220e-01
    outer loop
      vertex  5.387893e+03  6.836699e+03  8.550015e+03
      vertex  5.478600e+03  6.976268e+03  8.745313e+03
      vertex  5.476187e+03  6.853075e+03  8.539015e+03
    endloop
  endfacet
  facet normal -2.180357e-01  8.173027e-01 -5.333636e-01
    outer loop
      vertex  5.387893e+03  6.836699e+03  8.550015e+03
      vertex  5.476187e+03  6.853075e+03  8.539015e+03
      vertex  5.385636e+03  6.707400e+03  8.352805e+03
    endloop
  endfacet
  facet normal -2.206824e-01  8.173878e-01 -5.321432e-01
    outer loop
      vertex  5.385636e+03  6.707400e+03  8.352805e+03
      vertex  5.476187e+03  6.853075e+03  8.539015e+03
      vertex  5.473772e+03  6.723079e+03  8.340338e+03
    endloop
  endfacet
  facet normal -2.213254e-01  7.946387e-01 -5.653004e-01
    outer loop
      vertex  5.385636e+03  6.707400e+03  8.352805e+03
      vertex  5.473772e+03  6.723079e+03  8.340338e+03
      vertex  5.383378e+03  6.571625e+03  8.162832e+03
    endloop
  endfacet
  facet normal -2.224185e-01  7.946950e-01 -5.647917e-01
    outer loop
      vertex  5.383378e+03  6.571625e+03  8.162832e+03
      vertex  5.473772e+03  6.723079e+03  8.340338e+03
      vertex  5.471358e+03  6.586497e+03  8.149110e+03
    endloop
  endfacet
  facet normal -2.233786e-01  7.697604e-01 -5.979722e-01
    outer loop
      vertex  5.383378e+03  6.571625e+03  8.162832e+03
      vertex  5.471358e+03  6.586497e+03  8.149110e+03
      vertex  5.380850e+03  6.412126e+03  7.958456e+03
    endloop
  endfacet
  facet normal -2.230098e-01  7.697435e-01 -5.981318e-01
    outer loop
      vertex  5.380850e+03  6.412126e+03  7.958456e+03
      vertex  5.471358e+03  6.586497e+03  8.149110e+03
      vertex  5.468653e+03  6.425988e+03  7.943558e+03
    endloop
  endfacet
  facet normal -2.243074e-01  7.426844e-01 -6.309565e-01
    outer loop
      vertex  5.380850e+03  6.412126e+03  7.958456e+03
      vertex  5.468653e+03  6.425988e+03  7.943558e+03
      vertex  5.378320e+03  6.245075e+03  7.762722e+03
    endloop
  endfacet
  facet normal -2.224755e-01  7.425617e-01 -6.317489e-01
    outer loop
      vertex  5.378320e+03  6.245075e+03  7.762722e+03
      vertex  5.468653e+03  6.425988e+03  7.943558e+03
      vertex  5.465947e+03  6.257840e+03  7.746868e+03
    endloop
  endfacet
  facet normal -2.239804e-01  7.150627e-01 -6.622069e-01
    outer loop
      vertex  5.378320e+03  6.245075e+03  7.762722e+03
      vertex  5.465947e+03  6.257840e+03  7.746868e+03
      vertex  5.375790e+03  6.070796e+03  7.575389e+03
    endloop
  endfacet
  facet normal -2.209453e-01  7.147967e-01 -6.635125e-01
    outer loop
      vertex  5.375790e+03  6.070796e+03  7.575389e+03
      vertex  5.465947e+03  6.257840e+03  7.746868e+03
      vertex  5.463241e+03  6.082404e+03  7.558773e+03
    endloop
  endfacet
  facet normal -2.226072e-01  6.871418e-01 -6.915795e-01
    outer loop
      vertex  5.375790e+03  6.070796e+03  7.575389e+03
      vertex  5.463241e+03  6.082404e+03  7.558773e+03
      vertex  5.373259e+03  5.889633e+03  7.396203e+03
    endloop
  endfacet
  facet normal -2.186282e-01  6.867127e-01 -6.932729e-01
    outer loop
      vertex  5.373259e+03  5.889633e+03  7.396203e+03
      vertex  5.463241e+03  6.082404e+03  7.558773e+03
      vertex  5.460535e+03  5.900048e+03  7.378996e+03
    endloop
  endfacet
  facet normal -2.042404e-01  8.766979e-01 -4.355302e-01
    outer loop
      vertex  5.305978e+03  7.165679e+03  9.191645e+03
      vertex  5.394659e+03  7.183845e+03  9.186626e+03
      vertex  5.303922e+03  7.057026e+03  8.973896e+03
    endloop
  endfacet
  facet normal -2.137561e-01  8.764957e-01 -4.313509e-01
    outer loop
      vertex  5.303922e+03  7.057026e+03  8.973896e+03
      vertex  5.394659e+03  7.183845e+03  9.186626e+03
      vertex  5.392405e+03  7.075100e+03  8.966774e+03
    endloop
  endfacet
  facet normal -2.128460e-01  8.572989e-01 -4.687595e-01
    outer loop
      vertex  5.303922e+03  7.057026e+03  8.973896e+03
      vertex  5.392405e+03  7.075100e+03  8.966774e+03
      vertex  5.301866e+03  6.941523e+03  8.763591e+03
    endloop
  endfacet
  facet normal -2.201724e-01  8.572462e-01 -4.654602e-01
    outer loop
      vertex  5.301866e+03  6.941523e+03  8.763591e+03
      vertex  5.392405e+03  7.075100e+03  8.966774e+03
      vertex  5.390149e+03  6.959327e+03  8.754621e+03
    endloop
  endfacet
  facet normal -2.197094e-01  8.367858e-01 -5.015150e-01
    outer loop
      vertex  5.301866e+03  6.941523e+03  8.763591e+03
      vertex  5.390149e+03  6.959327e+03  8.754621e+03
      vertex  5.299808e+03  6.819319e+03  8.560593e+03
    endloop
  endfacet
  facet normal -2.250510e-01  8.368329e-01 -4.990619e-01
    outer loop
      vertex  5.299808e+03  6.819319e+03  8.560593e+03
      vertex  5.390149e+03  6.959327e+03  8.754621e+03
      vertex  5.387893e+03  6.836699e+03  8.550015e+03
    endloop
  endfacet
  facet normal -2.249446e-01  8.152633e-01 -5.336158e-01
    outer loop
      vertex  5.299808e+03  6.819319e+03  8.560593e+03
      vertex  5.387893e+03  6.836699e+03  8.550015e+03
      vertex  5.297750e+03  6.690575e+03  8.364764e+03
    endloop
  endfacet
  facet normal -2.284822e-01  8.153564e-01 -5.319679e-01
    outer loop
      vertex  5.297750e+03  6.690575e+03  8.364764e+03
      vertex  5.387893e+03  6.836699e+03  8.550015e+03
      vertex  5.385636e+03  6.707400e+03  8.352805e+03
    endloop
  endfacet
  facet normal -2.286540e-01  7.928566e-01 -5.648855e-01
    outer loop
      vertex  5.297750e+03  6.690575e+03  8.364764e+03
      vertex  5.385636e+03  6.707400e+03  8.352805e+03
      vertex  5.295692e+03  6.555465e+03  8.175961e+03
    endloop
  endfacet
  facet normal -2.305835e-01  7.929434e-01 -5.639787e-01
    outer loop
      vertex  5.295692e+03  6.555465e+03  8.175961e+03
      vertex  5.385636e+03  6.707400e+03  8.352805e+03
      vertex  5.383378e+03  6.571625e+03  8.162832e+03
    endloop
  endfacet
  facet normal -2.309805e-01  7.683069e-01 -5.969526e-01
    outer loop
      vertex  5.295692e+03  6.555465e+03  8.175961e+03
      vertex  5.383378e+03  6.571625e+03  8.162832e+03
      vertex  5.293385e+03  6.396818e+03  7.972667e+03
    endloop
  endfacet
  facet normal -2.314391e-01  7.683248e-01 -5.967520e-01
    outer loop
      vertex  5.293385e+03  6.396818e+03  7.972667e+03
      vertex  5.383378e+03  6.571625e+03  8.162832e+03
      vertex  5.380850e+03  6.412126e+03  7.958456e+03
    endloop
  endfacet
  facet normal -2.320699e-01  7.416049e-01 -6.294170e-01
    outer loop
      vertex  5.293385e+03  6.396818e+03  7.972667e+03
      vertex  5.380850e+03  6.412126e+03  7.958456e+03
      vertex  5.291079e+03  6.230704e+03  7.777795e+03
    endloop
  endfacet
  facet normal -2.309795e-01  7.415403e-01 -6.298940e-01
    outer loop
      vertex  5.291079e+03  6.230704e+03  7.777795e+03
      vertex  5.380850e+03  6.412126e+03  7.958456e+03
      vertex  5.378320e+03  6.245075e+03  7.762722e+03
    endloop
  endfacet
  facet normal -2.317534e-01  7.143695e-01 -6.602775e-01
    outer loop
      vertex  5.291079e+03  6.230704e+03  7.777795e+03
      vertex  5.378320e+03  6.245075e+03  7.762722e+03
      vertex  5.288771e+03  6.057423e+03  7.591129e+03
    endloop
  endfacet
  facet normal -2.293722e-01  7.141802e-01 -6.613131e-01
    outer loop
      vertex  5.288771e+03  6.057423e+03  7.591129e+03
      vertex  5.378320e+03  6.245075e+03  7.762722e+03
      vertex  5.375790e+03  6.070796e+03  7.575389e+03
    endloop
  endfacet
  facet normal -2.302469e-01  6.868275e-01 -6.893868e-01
    outer loop
      vertex  5.288771e+03  6.057423e+03  7.591129e+03
      vertex  5.375790e+03  6.070796e+03  7.575389e+03
      vertex  5.286463e+03  5.877295e+03  7.412440e+03
    endloop
  endfacet
  facet normal -2.268263e-01  6.864874e-01 -6.908582e-01
    outer loop
      vertex  5.286463e+03  5.877295e+03  7.412440e+03
      vertex  5.375790e+03  6.070796e+03  7.575389e+03
      vertex  5.373259e+03  5.889633e+03  7.396203e+03
    endloop
  endfacet
  facet normal -2.090416e-01  8.741237e-01 -4.384171e-01
    outer loop
      vertex  5.223434e+03  7.148203e+03  9.196158e+03
      vertex  5.305978e+03  7.165679e+03  9.191645e+03
      vertex  5.221604e+03  7.039495e+03  8.980288e+03
    endloop
  endfacet
  facet normal -2.197644e-01  8.737428e-01 -4.339091e-01
    outer loop
      vertex  5.221604e+03  7.039495e+03  8.980288e+03
      vertex  5.305978e+03  7.165679e+03  9.191645e+03
      vertex  5.303922e+03  7.057026e+03  8.973896e+03
    endloop
  endfacet
  facet normal -2.185820e-01  8.547536e-01 -4.707635e-01
    outer loop
      vertex  5.221604e+03  7.039495e+03  8.980288e+03
      vertex  5.303922e+03  7.057026e+03  8.973896e+03
      vertex  5.219772e+03  6.924103e+03  8.771623e+03
    endloop
  endfacet
  facet normal -2.270404e-01  8.545519e-01 -4.671121e-01
    outer loop
      vertex  5.219772e+03  6.924103e+03  8.771623e+03
      vertex  5.303922e+03  7.057026e+03  8.973896e+03
      vertex  5.301866e+03  6.941523e+03  8.763591e+03
    endloop
  endfacet
  facet normal -2.262321e-01  8.343380e-01 -5.026918e-01
    outer loop
      vertex  5.219772e+03  6.924103e+03  8.771623e+03
      vertex  5.301866e+03  6.941523e+03  8.763591e+03
      vertex  5.217940e+03  6.802152e+03  8.570041e+03
    endloop
  endfacet
  facet normal -2.326286e-01  8.342735e-01 -4.998718e-01
    outer loop
      vertex  5.217940e+03  6.802152e+03  8.570041e+03
      vertex  5.301866e+03  6.941523e+03  8.763591e+03
      vertex  5.299808e+03  6.819319e+03  8.560593e+03
    endloop
  endfacet
  facet normal -2.321059e-01  8.129805e-01 -5.340315e-01
    outer loop
      vertex  5.217940e+03  6.802152e+03  8.570041e+03
      vertex  5.299808e+03  6.819319e+03  8.560593e+03
      vertex  5.216107e+03  6.673784e+03  8.375417e+03
    endloop
  endfacet
  facet normal -2.366240e-01  8.130045e-01 -5.320082e-01
    outer loop
      vertex  5.216107e+03  6.673784e+03  8.375417e+03
      vertex  5.299808e+03  6.819319e+03  8.560593e+03
      vertex  5.297750e+03  6.690575e+03  8.364764e+03
    endloop
  endfacet
  facet normal -2.363122e-01  7.907958e-01 -5.646225e-01
    outer loop
      vertex  5.216107e+03  6.673784e+03  8.375417e+03
      vertex  5.297750e+03  6.690575e+03  8.364764e+03
      vertex  5.214273e+03  6.539153e+03  8.187625e+03
    endloop
  endfacet
  facet normal -2.391446e-01  7.908583e-01 -5.633411e-01
    outer loop
      vertex  5.214273e+03  6.539153e+03  8.187625e+03
      vertex  5.297750e+03  6.690575e+03  8.364764e+03
      vertex  5.295692e+03  6.555465e+03  8.175961e+03
    endloop
  endfacet
  facet normal -2.389626e-01  7.665446e-01 -5.960755e-01
    outer loop
      vertex  5.214273e+03  6.539153e+03  8.187625e+03
      vertex  5.295692e+03  6.555465e+03  8.175961e+03
      vertex  5.212219e+03  6.381141e+03  7.985247e+03
    endloop
  endfacet
  facet normal -2.403504e-01  7.665671e-01 -5.954885e-01
    outer loop
      vertex  5.212219e+03  6.381141e+03  7.985247e+03
      vertex  5.295692e+03  6.555465e+03  8.175961e+03
      vertex  5.293385e+03  6.396818e+03  7.972667e+03
    endloop
  endfacet
  facet normal -2.402939e-01  7.401876e-01 -6.279978e-01
    outer loop
      vertex  5.212219e+03  6.381141e+03  7.985247e+03
      vertex  5.293385e+03  6.396818e+03  7.972667e+03
      vertex  5.210165e+03  6.215743e+03  7.791086e+03
    endloop
  endfacet
  facet normal -2.400362e-01  7.401786e-01 -6.281069e-01
    outer loop
      vertex  5.210165e+03  6.215743e+03  7.791086e+03
      vertex  5.293385e+03  6.396818e+03  7.972667e+03
      vertex  5.291079e+03  6.230704e+03  7.777795e+03
    endloop
  endfacet
  facet normal -2.400532e-01  7.133211e-01 -6.584432e-01
    outer loop
      vertex  5.210165e+03  6.215743e+03  7.791086e+03
      vertex  5.291079e+03  6.230704e+03  7.777795e+03
      vertex  5.208109e+03  6.043234e+03  7.604950e+03
    endloop
  endfacet
  facet normal -2.384016e-01  7.132320e-01 -6.591395e-01
    outer loop
      vertex  5.208109e+03  6.043234e+03  7.604950e+03
      vertex  5.291079e+03  6.230704e+03  7.777795e+03
      vertex  5.288771e+03  6.057423e+03  7.591129e+03
    endloop
  endfacet
  facet normal -2.384572e-01  6.861470e-01 -6.872704e-01
    outer loop
      vertex  5.208109e+03  6.043234e+03  7.604950e+03
      vertex  5.288771e+03  6.057423e+03  7.591129e+03
      vertex  5.206054e+03  5.863912e+03  7.426634e+03
    endloop
  endfacet
  facet normal -2.356844e-01  6.859452e-01 -6.884272e-01
    outer loop
      vertex  5.206054e+03  5.863912e+03  7.426634e+03
      vertex  5.288771e+03  6.057423e+03  7.591129e+03
      vertex  5.286463e+03  5.877295e+03  7.412440e+03
    endloop
  endfacet
  facet normal -2.092080e-01  8.888837e-01 -4.075755e-01
    outer loop
      vertex  5.028469e+03  7.226008e+03  9.466416e+03
      vertex  5.142583e+03  7.235450e+03  9.428433e+03
      vertex  5.027553e+03  7.143688e+03  9.287353e+03
    endloop
  endfacet
  facet normal -2.202001e-01  8.899740e-01 -3.993222e-01
    outer loop
      vertex  5.027553e+03  7.143688e+03  9.287353e+03
      vertex  5.142583e+03  7.235450e+03  9.428433e+03
      vertex  5.141777e+03  7.183691e+03  9.313521e+03
    endloop
  endfacet
  facet normal -2.077929e-01  8.768848e-01 -4.334689e-01
    outer loop
      vertex  5.027553e+03  7.143688e+03  9.287353e+03
      vertex  5.141777e+03  7.183691e+03  9.313521e+03
      vertex  5.026636e+03  7.057163e+03  9.112757e+03
    endloop
  endfacet
  facet normal -2.426862e-01  8.774251e-01 -4.137978e-01
    outer loop
      vertex  5.026636e+03  7.057163e+03  9.112757e+03
      vertex  5.141777e+03  7.183691e+03  9.313521e+03
      vertex  5.140971e+03  7.130168e+03  9.200504e+03
    endloop
  endfacet
  facet normal -2.172110e-01  8.706474e-01 -4.413530e-01
    outer loop
      vertex  5.026636e+03  7.057163e+03  9.112757e+03
      vertex  5.140971e+03  7.130168e+03  9.200504e+03
      vertex  5.139406e+03  7.021257e+03  8.986428e+03
    endloop
  endfacet
  facet normal -2.565708e-01  8.150899e-01 -5.194224e-01
    outer loop
      vertex  4.911565e+03  6.713049e+03  8.578661e+03
      vertex  4.911912e+03  6.783824e+03  8.689551e+03
      vertex  5.023269e+03  6.704454e+03  8.509996e+03
    endloop
  endfacet
  facet normal -2.505566e-01  8.183966e-01 -5.171542e-01
    outer loop
      vertex  5.023269e+03  6.704454e+03  8.509996e+03
      vertex  4.911912e+03  6.783824e+03  8.689551e+03
      vertex  5.024494e+03  6.839089e+03  8.722463e+03
    endloop
  endfacet
  facet normal -2.592540e-01  8.164825e-01 -5.158911e-01
    outer loop
      vertex  5.023269e+03  6.704454e+03  8.509996e+03
      vertex  5.024494e+03  6.839089e+03  8.722463e+03
      vertex  5.136272e+03  6.783979e+03  8.579070e+03
    endloop
  endfacet
  facet normal -9.999999e-01  0.000000e+00  0.000000e+00
    outer loop
      vertex  4.800000e+03  3.930000e+03  7.250000e+03
      vertex  4.800000e+03  3.930000e+03  9.650000e+03
      vertex  4.800000e+03  7.254636e+03  9.650000e+03
    endloop
  endfacet
  facet normal -1.000000e+00  0.000000e+00  0.000000e+00
    outer loop
      vertex  4.800000e+03  3.930000e+03  7.250000e+03
      vertex  4.800000e+03  7.254636e+03  9.650000e+03
      vertex  4.800000e+03  7.197918e+03  9.523012e+03
    endloop
  endfacet
  facet normal -1.000000e+00  0.000000e+00  0.000000e+00
    outer loop
      vertex  4.800000e+03  3.930000e+03  7.250000e+03
      vertex  4.800000e+03  7.197918e+03  9.523012e+03
      vertex  4.800000e+03  7.139070e+03  9.397590e+03
    endloop
  endfacet
  facet normal -1.000000e+00  0.000000e+00  0.000000e+00
    outer loop
      vertex  4.800000e+03  3.930000e+03  7.250000e+03
      vertex  4.800000e+03  7.139070e+03  9.397590e+03
      vertex  4.800000e+03  7.079414e+03  9.276421e+03
    endloop
  endfacet
  facet normal -9.999999e-01  0.000000e+00  0.000000e+00
    outer loop
      vertex  4.800000e+03  3.930000e+03  7.250000e+03
      vertex  4.800000e+03  7.079414e+03  9.276421e+03
      vertex  4.800000e+03  7.017689e+03  9.156815e+03
    endloop
  endfacet
  facet normal -1.000000e+00  0.000000e+00  0.000000e+00
    outer loop
      vertex  4.800000e+03  3.930000e+03  7.250000e+03
      vertex  4.800000e+03  7.017689e+03  9.156815e+03
      vertex  4.800000e+03  6.953891e+03  9.038804e+03
    endloop
  endfacet
  facet normal -1.000000e+00  0.000000e+00  0.000000e+00
    outer loop
      vertex  4.800000e+03  3.930000e+03  7.250000e+03
      vertex  4.800000e+03  6.953891e+03  9.038804e+03
      vertex  4.800000e+03  6.888012e+03  8.922414e+03
    endloop
  endfacet
  facet normal -9.999999e-01  0.000000e+00  0.000000e+00
    outer loop
      vertex  4.800000e+03  3.930000e+03  7.250000e+03
      vertex  4.800000e+03  6.888012e+03  8.922414e+03
      vertex  4.800000e+03  6.820054e+03  8.807674e+03
    endloop
  endfacet
  facet normal -1.000000e+00  0.000000e+00  0.000000e+00
    outer loop
      vertex  4.800000e+03  3.930000e+03  7.250000e+03
      vertex  4.800000e+03  6.820054e+03  8.807674e+03
      vertex  4.800000e+03  6.750018e+03  8.694612e+03
    endloop
  endfacet
  facet normal -1.000000e+00  0.000000e+00  0.000000e+00
    outer loop
      vertex  4.800000e+03  3.930000e+03  7.250000e+03
      vertex  4.800000e+03  6.750018e+03  8.694612e+03
      vertex  4.800000e+03  6.673451e+03  8.576523e+03
    endloop
  endfacet
  facet normal -1.000000e+00  0.000000e+00  0.000000e+00
    outer loop
      vertex  4.800000e+03  3.930000e+03  7.250000e+03
      vertex  4.800000e+03  6.673451e+03  8.576523e+03
      vertex  4.800000e+03  6.594566e+03  8.460380e+03
    endloop
  endfacet
  facet normal -1.000000e+00  0.000000e+00  0.000000e+00
    outer loop
      vertex  4.800000e+03  3.930000e+03  7.250000e+03
      vertex  4.800000e+03  6.594566e+03  8.460380e+03
      vertex  4.800000e+03  6.513379e+03  8.346206e+03
    endloop
  endfacet
  facet normal -1.000000e+00  0.000000e+00  0.000000e+00
    outer loop
      vertex  4.800000e+03  3.930000e+03  7.250000e+03
      vertex  4.800000e+03  6.513379e+03  8.346206e+03
      vertex  4.800000e+03  6.429910e+03  8.234027e+03
    endloop
  endfacet
  facet normal -1.000000e+00  0.000000e+00  0.000000e+00
    outer loop
      vertex  4.800000e+03  3.930000e+03  7.250000e+03
      vertex  4.800000e+03  6.429910e+03  8.234027e+03
      vertex  4.800000e+03  6.344185e+03  8.123864e+03
    endloop
  endfacet
  facet normal -9.999999e-01  0.000000e+00  0.000000e+00
    outer loop
      vertex  4.800000e+03  3.930000e+03  7.250000e+03
      vertex  4.800000e+03  6.344185e+03  8.123864e+03
      vertex  4.800000e+03  6.256231e+03  8.015735e+03
    endloop
  endfacet
  facet normal -1.000000e+00  0.000000e+00  0.000000e+00
    outer loop
      vertex  4.800000e+03  3.930000e+03  7.250000e+03
      vertex  4.800000e+03  6.256231e+03  8.015735e+03
      vertex  4.800000e+03  6.090688e+03  7.824369e+03
    endloop
  endfacet
  facet normal -1.000000e+00  0.000000e+00  0.000000e+00
    outer loop
      vertex  4.800000e+03  3.930000e+03  7.250000e+03
      vertex  4.800000e+03  6.090688e+03  7.824369e+03
      vertex  4.800000e+03  5.918113e+03  7.639855e+03
    endloop
  endfacet
  facet normal -1.000000e+00  0.000000e+00  0.000000e+00
    outer loop
      vertex  4.800000e+03  3.930000e+03  7.250000e+03
      vertex  4.800000e+03  5.918113e+03  7.639855e+03
      vertex  4.800000e+03  5.738763e+03  7.462235e+03
    endloop
  endfacet
  facet normal -1.000000e+00  0.000000e+00  0.000000e+00
    outer loop
      vertex  4.800000e+03  3.930000e+03  7.250000e+03
      vertex  4.800000e+03  5.738763e+03  7.462235e+03
      vertex  4.800000e+03  5.552927e+03  7.291518e+03
    endloop
  endfacet
  facet normal -1.000000e+00  0.000000e+00  0.000000e+00
    outer loop
      vertex  4.800000e+03  3.930000e+03  7.250000e+03
      vertex  4.800000e+03  5.552927e+03  7.291518e+03
      vertex  4.800000e+03  5.505588e+03  7.250000e+03
    endloop
  endfacet
  facet normal  0.000000e+00 -1.000000e+00  -0.000000e+00
    outer loop
      vertex  8.100000e+03  3.930000e+03  6.313000e+03
      vertex  8.100000e+03  3.930000e+03  9.650000e+03
      vertex  6.000000e+03  3.930000e+03  6.313000e+03
    endloop
  endfacet
  facet normal  0.000000e+00 -1.000000e+00  0.000000e+00
    outer loop
      vertex  6.000000e+03  3.930000e+03  6.313000e+03
      vertex  8.100000e+03  3.930000e+03  9.650000e+03
      vertex  6.000000e+03  3.930000e+03  7.250000e+03
    endloop
  endfacet
  facet normal  0.000000e+00 -9.999999e-01  0.000000e+00
    outer loop
      vertex  8.100000e+03  3.930000e+03  9.650000e+03
      vertex  4.800000e+03  3.930000e+03  9.650000e+03
      vertex  6.000000e+03  3.930000e+03  7.250000e+03
    endloop
  endfacet
  facet normal  0.000000e+00 -1.000000e+00  0.000000e+00
    outer loop
      vertex  6.000000e+03  3.930000e+03  7.250000e+03
      vertex  4.800000e+03  3.930000e+03  9.650000e+03
      vertex  4.800000e+03  3.930000e+03  7.250000e+03
    endloop
  endfacet
  facet normal -4.073471e-01  8.331750e-01  3.740155e-01
    outer loop
      vertex  7.400013e+03  5.249397e+03  6.312999e+03
      vertex  7.300319e+03  5.200655e+03  6.313000e+03
      vertex  7.400000e+03  5.249390e+03  6.313001e+03
    endloop
  endfacet
  facet normal  0.000000e+00  0.000000e+00 -1.000000e+00
    outer loop
      vertex  8.100000e+03  5.250000e+03  6.313000e+03
      vertex  8.100000e+03  3.930000e+03  6.313000e+03
      vertex  6.000000e+03  3.930000e+03  6.313000e+03
    endloop
  endfacet
  facet normal  0.000000e+00  0.000000e+00 -1.000000e+00
    outer loop
      vertex  8.100000e+03  5.250000e+03  6.313000e+03
      vertex  6.000000e+03  3.930000e+03  6.313000e+03
      vertex  6.000000e+03  4.658531e+03  6.313000e+03
    endloop
  endfacet
  facet normal  0.000000e+00  0.000000e+00 -1.000000e+00
    outer loop
      vertex  8.100000e+03  5.250000e+03  6.313000e+03
      vertex  6.000000e+03  4.658531e+03  6.313000e+03
      vertex  6.211646e+03  4.740505e+03  6.313000e+03
    endloop
  endfacet
  facet normal  0.000000e+00  0.000000e+00 -1.000000e+00
    outer loop
      vertex  8.100000e+03  5.250000e+03  6.313000e+03
      vertex  6.211646e+03  4.740505e+03  6.313000e+03
      vertex  6.444974e+03  4.831953e+03  6.313000e+03
    endloop
  endfacet
  facet normal  0.000000e+00  0.000000e+00 -1.000000e+00
    outer loop
      vertex  8.100000e+03  5.250000e+03  6.313000e+03
      vertex  6.444974e+03  4.831953e+03  6.313000e+03
      vertex  6.562054e+03  4.878714e+03  6.313000e+03
    endloop
  endfacet
  facet normal  0.000000e+00  0.000000e+00 -1.000000e+00
    outer loop
      vertex  8.100000e+03  5.250000e+03  6.313000e+03
      vertex  6.562054e+03  4.878714e+03  6.313000e+03
      vertex  6.781267e+03  4.968658e+03  6.313000e+03
    endloop
  endfacet
  facet normal  0.000000e+00  0.000000e+00 -1.000000e+00
    outer loop
      vertex  8.100000e+03  5.250000e+03  6.313000e+03
      vertex  6.781267e+03  4.968658e+03  6.313000e+03
      vertex  7.001264e+03  5.063120e+03  6.313000e+03
    endloop
  endfacet
  facet normal  0.000000e+00  0.000000e+00 -1.000000e+00
    outer loop
      vertex  8.100000e+03  5.250000e+03  6.313000e+03
      vertex  7.001264e+03  5.063120e+03  6.313000e+03
      vertex  7.200603e+03  5.153444e+03  6.313000e+03
    endloop
  endfacet
  facet normal  0.000000e+00  0.000000e+00 -1.000000e+00
    outer loop
      vertex  8.100000e+03  5.250000e+03  6.313000e+03
      vertex  7.200603e+03  5.153444e+03  6.313000e+03
      vertex  7.300319e+03  5.200655e+03  6.313000e+03
    endloop
  endfacet
  facet normal  1.414869e-06 -2.292937e-05 -1.000000e+00
    outer loop
      vertex  8.100000e+03  5.250000e+03  6.313000e+03
      vertex  7.300319e+03  5.200655e+03  6.313000e+03
      vertex  7.400013e+03  5.249397e+03  6.312999e+03
    endloop
  endfacet
  facet normal  1.391786e-06  3.864884e-06 -1.000000e+00
    outer loop
      vertex  8.100000e+03  5.250000e+03  6.313000e+03
      vertex  7.400013e+03  5.249397e+03  6.312999e+03
      vertex  7.727043e+03  5.384306e+03  6.313000e+03
    endloop
  endfacet
  facet normal  0.000000e+00  0.000000e+00 -1.000000e+00
    outer loop
      vertex  8.100000e+03  5.250000e+03  6.313000e+03
      vertex  7.727043e+03  5.384306e+03  6.313000e+03
      vertex  9.500000e+03  5.250000e+03  6.313000e+03
    endloop
  endfacet
  facet normal  0.000000e+00  0.000000e+00 -1.000000e+00
    outer loop
      vertex  9.500000e+03  5.250000e+03  6.313000e+03
      vertex  7.727043e+03  5.384306e+03  6.313000e+03
      vertex  8.056196e+03  5.513589e+03  6.313000e+03
    endloop
  endfacet
  facet normal  0.000000e+00  0.000000e+00 -1.000000e+00
    outer loop
      vertex  9.500000e+03  5.250000e+03  6.313000e+03
      vertex  8.056196e+03  5.513589e+03  6.313000e+03
      vertex  8.441612e+03  5.657161e+03  6.313000e+03
    endloop
  endfacet
  facet normal  0.000000e+00  0.000000e+00 -1.000000e+00
    outer loop
      vertex  9.500000e+03  5.250000e+03  6.313000e+03
      vertex  8.441612e+03  5.657161e+03  6.313000e+03
      vertex  8.829267e+03  5.793465e+03  6.313000e+03
    endloop
  endfacet
  facet normal  0.000000e+00  0.000000e+00 -1.000000e+00
    outer loop
      vertex  9.500000e+03  5.250000e+03  6.313000e+03
      vertex  8.829267e+03  5.793465e+03  6.313000e+03
      vertex  9.163960e+03  5.904836e+03  6.313000e+03
    endloop
  endfacet
  facet normal  0.000000e+00  0.000000e+00 -1.000000e+00
    outer loop
      vertex  9.500000e+03  5.250000e+03  6.313000e+03
      vertex  9.163960e+03  5.904836e+03  6.313000e+03
      vertex  9.500000e+03  6.010903e+03  6.313000e+03
    endloop
  endfacet
  facet normal  1.000000e+00  0.000000e+00  0.000000e+00
    outer loop
      vertex  8.100000e+03  5.250000e+03  6.313000e+03
      vertex  8.100000e+03  5.250000e+03  9.650000e+03
      vertex  8.100000e+03  3.930000e+03  6.313000e+03
    endloop
  endfacet
  facet normal  1.000000e+00  0.000000e+00  0.000000e+00
    outer loop
      vertex  8.100000e+03  3.930000e+03  6.313000e+03
      vertex  8.100000e+03  5.250000e+03  9.650000e+03
      vertex  8.100000e+03  3.930000e+03  9.650000e+03
    endloop
  endfacet
  facet normal  0.000000e+00 -1.000000e+00  0.000000e+00
    outer loop
      vertex  8.100000e+03  5.250000e+03  6.313000e+03
      vertex  9.500000e+03  5.250000e+03  6.313000e+03
      vertex  8.100000e+03  5.250000e+03  9.650000e+03
    endloop
  endfacet
  facet normal  0.000000e+00 -1.000000e+00  0.000000e+00
    outer loop
      vertex  8.100000e+03  5.250000e+03  9.650000e+03
      vertex  9.500000e+03  5.250000e+03  6.313000e+03
      vertex  9.500000e+03  5.250000e+03  9.650000e+03
    endloop
  endfacet
  facet normal  0.000000e+00  0.000000e+00  1.000000e+00
    outer loop
      vertex  9.500000e+03  5.250000e+03  9.650000e+03
      vertex  9.500000e+03  7.889865e+03  9.650000e+03
      vertex  9.078438e+03  7.864223e+03  9.650000e+03
    endloop
  endfacet
  facet normal  0.000000e+00  0.000000e+00  1.000000e+00
    outer loop
      vertex  9.500000e+03  5.250000e+03  9.650000e+03
      vertex  9.078438e+03  7.864223e+03  9.650000e+03
      vertex  8.778902e+03  7.842285e+03  9.650000e+03
    endloop
  endfacet
  facet normal  0.000000e+00  0.000000e+00  9.999999e-01
    outer loop
      vertex  9.500000e+03  5.250000e+03  9.650000e+03
      vertex  8.778902e+03  7.842285e+03  9.650000e+03
      vertex  8.436782e+03  7.813477e+03  9.650000e+03
    endloop
  endfacet
  facet normal  0.000000e+00  0.000000e+00  1.000000e+00
    outer loop
      vertex  9.500000e+03  5.250000e+03  9.650000e+03
      vertex  8.436782e+03  7.813477e+03  9.650000e+03
      vertex  8.101293e+03  7.781327e+03  9.650000e+03
    endloop
  endfacet
  facet normal  0.000000e+00  0.000000e+00  1.000000e+00
    outer loop
      vertex  9.500000e+03  5.250000e+03  9.650000e+03
      vertex  8.101293e+03  7.781327e+03  9.650000e+03
      vertex  7.836429e+03  7.753237e+03  9.650000e+03
    endloop
  endfacet
  facet normal -2.077085e-06 -1.380364e-06  1.000000e+00
    outer loop
      vertex  9.500000e+03  5.250000e+03  9.650000e+03
      vertex  7.836429e+03  7.753237e+03  9.650000e+03
      vertex  7.400480e+03  7.701758e+03  9.649999e+03
    endloop
  endfacet
  facet normal  3.522252e-03  3.016616e-03  9.999893e-01
    outer loop
      vertex  9.500000e+03  5.250000e+03  9.650000e+03
      vertex  7.400480e+03  7.701758e+03  9.649999e+03
      vertex  7.400230e+03  7.701727e+03  9.650000e+03
    endloop
  endfacet
  facet normal  0.000000e+00  0.000000e+00  1.000000e+00
    outer loop
      vertex  9.500000e+03  5.250000e+03  9.650000e+03
      vertex  7.400230e+03  7.701727e+03  9.650000e+03
      vertex  7.400000e+03  7.701698e+03  9.650000e+03
    endloop
  endfacet
  facet normal  0.000000e+00  0.000000e+00  1.000000e+00
    outer loop
      vertex  9.500000e+03  5.250000e+03  9.650000e+03
      vertex  7.400000e+03  7.701698e+03  9.650000e+03
      vertex  6.983716e+03  7.646402e+03  9.650000e+03
    endloop
  endfacet
  facet normal  0.000000e+00  0.000000e+00  1.000000e+00
    outer loop
      vertex  9.500000e+03  5.250000e+03  9.650000e+03
      vertex  6.983716e+03  7.646402e+03  9.650000e+03
      vertex  6.567616e+03  7.585072e+03  9.650000e+03
    endloop
  endfacet
  facet normal  0.000000e+00  0.000000e+00  1.000000e+00
    outer loop
      vertex  9.500000e+03  5.250000e+03  9.650000e+03
      vertex  6.567616e+03  7.585072e+03  9.650000e+03
      vertex  6.156618e+03  7.518462e+03  9.650000e+03
    endloop
  endfacet
  facet normal  0.000000e+00  0.000000e+00  1.000000e+00
    outer loop
      vertex  9.500000e+03  5.250000e+03  9.650000e+03
      vertex  6.156618e+03  7.518462e+03  9.650000e+03
      vertex  5.746121e+03  7.445844e+03  9.650000e+03
    endloop
  endfacet
  facet normal  0.000000e+00  0.000000e+00  1.000000e+00
    outer loop
      vertex  9.500000e+03  5.250000e+03  9.650000e+03
      vertex  5.746121e+03  7.445844e+03  9.650000e+03
      vertex  5.341945e+03  7.368285e+03  9.650000e+03
    endloop
  endfacet
  facet normal  0.000000e+00  0.000000e+00  1.000000e+00
    outer loop
      vertex  9.500000e+03  5.250000e+03  9.650000e+03
      vertex  5.341945e+03  7.368285e+03  9.650000e+03
      vertex  4.938317e+03  7.284709e+03  9.650000e+03
    endloop
  endfacet
  facet normal  0.000000e+00  0.000000e+00  1.000000e+00
    outer loop
      vertex  9.500000e+03  5.250000e+03  9.650000e+03
      vertex  4.938317e+03  7.284709e+03  9.650000e+03
      vertex  4.829596e+03  7.261133e+03  9.650000e+03
    endloop
  endfacet
  facet normal  0.000000e+00  0.000000e+00  1.000000e+00
    outer loop
      vertex  9.500000e+03  5.250000e+03  9.650000e+03
      vertex  4.829596e+03  7.261133e+03  9.650000e+03
      vertex  4.800000e+03  7.254636e+03  9.650000e+03
    endloop
  endfacet
  facet normal  0.000000e+00  0.000000e+00  1.000000e+00
    outer loop
      vertex  9.500000e+03  5.250000e+03  9.650000e+03
      vertex  4.800000e+03  7.254636e+03  9.650000e+03
      vertex  8.100000e+03  5.250000e+03  9.650000e+03
    endloop
  endfacet
  facet normal  0.000000e+00  0.000000e+00  1.000000e+00
    outer loop
      vertex  4.800000e+03  3.930000e+03  9.650000e+03
      vertex  8.100000e+03  3.930000e+03  9.650000e+03
      vertex  4.800000e+03  7.254636e+03  9.650000e+03
    endloop
  endfacet
  facet normal  0.000000e+00  0.000000e+00  1.000000e+00
    outer loop
      vertex  4.800000e+03  7.254636e+03  9.650000e+03
      vertex  8.100000e+03  3.930000e+03  9.650000e+03
      vertex  8.100000e+03  5.250000e+03  9.650000e+03
    endloop
  endfacet
  facet normal  1.000000e+00  0.000000e+00  -0.000000e+00
    outer loop
      vertex  9.500000e+03  5.250000e+03  6.313000e+03
      vertex  9.500000e+03  6.010903e+03  6.313000e+03
      vertex  9.500000e+03  6.122501e+03  6.415901e+03
    endloop
  endfacet
  facet normal  1.000000e+00  0.000000e+00  -0.000000e+00
    outer loop
      vertex  9.500000e+03  5.250000e+03  6.313000e+03
      vertex  9.500000e+03  6.122501e+03  6.415901e+03
      vertex  9.500000e+03  6.249373e+03  6.537972e+03
    endloop
  endfacet
  facet normal  1.000000e+00  0.000000e+00  -0.000000e+00
    outer loop
      vertex  9.500000e+03  5.250000e+03  6.313000e+03
      vertex  9.500000e+03  6.249373e+03  6.537972e+03
      vertex  9.500000e+03  6.373401e+03  6.663238e+03
    endloop
  endfacet
  facet normal  1.000000e+00  0.000000e+00  -0.000000e+00
    outer loop
      vertex  9.500000e+03  5.250000e+03  6.313000e+03
      vertex  9.500000e+03  6.373401e+03  6.663238e+03
      vertex  9.500000e+03  6.485792e+03  6.782519e+03
    endloop
  endfacet
  facet normal  9.999999e-01  0.000000e+00  -0.000000e+00
    outer loop
      vertex  9.500000e+03  5.250000e+03  6.313000e+03
      vertex  9.500000e+03  6.485792e+03  6.782519e+03
      vertex  9.500000e+03  6.595287e+03  6.904734e+03
    endloop
  endfacet
  facet normal  1.000000e+00  0.000000e+00  -0.000000e+00
    outer loop
      vertex  9.500000e+03  5.250000e+03  6.313000e+03
      vertex  9.500000e+03  6.595287e+03  6.904734e+03
      vertex  9.500000e+03  6.693406e+03  7.019970e+03
    endloop
  endfacet
  facet normal  9.999999e-01  0.000000e+00  -0.000000e+00
    outer loop
      vertex  9.500000e+03  5.250000e+03  6.313000e+03
      vertex  9.500000e+03  6.693406e+03  7.019970e+03
      vertex  9.500000e+03  6.788727e+03  7.137798e+03
    endloop
  endfacet
  facet normal  1.000000e+00  0.000000e+00  -0.000000e+00
    outer loop
      vertex  9.500000e+03  5.250000e+03  6.313000e+03
      vertex  9.500000e+03  6.788727e+03  7.137798e+03
      vertex  9.500000e+03  6.881693e+03  7.259058e+03
    endloop
  endfacet
  facet normal  1.000000e+00  0.000000e+00  -0.000000e+00
    outer loop
      vertex  9.500000e+03  5.250000e+03  6.313000e+03
      vertex  9.500000e+03  6.881693e+03  7.259058e+03
      vertex  9.500000e+03  6.971510e+03  7.383002e+03
    endloop
  endfacet
  facet normal  1.000000e+00  0.000000e+00  -0.000000e+00
    outer loop
      vertex  9.500000e+03  5.250000e+03  6.313000e+03
      vertex  9.500000e+03  6.971510e+03  7.383002e+03
      vertex  9.500000e+03  7.056918e+03  7.507966e+03
    endloop
  endfacet
  facet normal  1.000000e+00  0.000000e+00  -0.000000e+00
    outer loop
      vertex  9.500000e+03  5.250000e+03  6.313000e+03
      vertex  9.500000e+03  7.056918e+03  7.507966e+03
      vertex  9.500000e+03  7.138981e+03  7.635554e+03
    endloop
  endfacet
  facet normal  1.000000e+00  0.000000e+00  -0.000000e+00
    outer loop
      vertex  9.500000e+03  5.250000e+03  6.313000e+03
      vertex  9.500000e+03  7.138981e+03  7.635554e+03
      vertex  9.500000e+03  7.201732e+03  7.738814e+03
    endloop
  endfacet
  facet normal  1.000000e+00  0.000000e+00  -0.000000e+00
    outer loop
      vertex  9.500000e+03  5.250000e+03  6.313000e+03
      vertex  9.500000e+03  7.201732e+03  7.738814e+03
      vertex  9.500000e+03  7.262234e+03  7.843712e+03
    endloop
  endfacet
  facet normal  9.999999e-01  0.000000e+00  -0.000000e+00
    outer loop
      vertex  9.500000e+03  5.250000e+03  6.313000e+03
      vertex  9.500000e+03  7.262234e+03  7.843712e+03
      vertex  9.500000e+03  7.320437e+03  7.950228e+03
    endloop
  endfacet
  facet normal  1.000000e+00  0.000000e+00  -0.000000e+00
    outer loop
      vertex  9.500000e+03  5.250000e+03  6.313000e+03
      vertex  9.500000e+03  7.320437e+03  7.950228e+03
      vertex  9.500000e+03  7.376293e+03  8.058342e+03
    endloop
  endfacet
  facet normal  1.000000e+00  0.000000e+00  -0.000000e+00
    outer loop
      vertex  9.500000e+03  5.250000e+03  6.313000e+03
      vertex  9.500000e+03  7.376293e+03  8.058342e+03
      vertex  9.500000e+03  7.429764e+03  8.168029e+03
    endloop
  endfacet
  facet normal  1.000000e+00  0.000000e+00  -0.000000e+00
    outer loop
      vertex  9.500000e+03  5.250000e+03  6.313000e+03
      vertex  9.500000e+03  7.429764e+03  8.168029e+03
      vertex  9.500000e+03  7.480814e+03  8.279257e+03
    endloop
  endfacet
  facet normal  1.000000e+00  0.000000e+00  -0.000000e+00
    outer loop
      vertex  9.500000e+03  5.250000e+03  6.313000e+03
      vertex  9.500000e+03  7.480814e+03  8.279257e+03
      vertex  9.500000e+03  7.528269e+03  8.389243e+03
    endloop
  endfacet
  facet normal  1.000000e+00  0.000000e+00  -0.000000e+00
    outer loop
      vertex  9.500000e+03  5.250000e+03  6.313000e+03
      vertex  9.500000e+03  7.528269e+03  8.389243e+03
      vertex  9.500000e+03  7.573373e+03  8.500627e+03
    endloop
  endfacet
  facet normal  1.000000e+00  0.000000e+00  -0.000000e+00
    outer loop
      vertex  9.500000e+03  5.250000e+03  6.313000e+03
      vertex  9.500000e+03  7.573373e+03  8.500627e+03
      vertex  9.500000e+03  7.616113e+03  8.613369e+03
    endloop
  endfacet
  facet normal  1.000000e+00  0.000000e+00  -0.000000e+00
    outer loop
      vertex  9.500000e+03  5.250000e+03  6.313000e+03
      vertex  9.500000e+03  7.616113e+03  8.613369e+03
      vertex  9.500000e+03  7.656483e+03  8.727431e+03
    endloop
  endfacet
  facet normal  9.999999e-01  0.000000e+00  -0.000000e+00
    outer loop
      vertex  9.500000e+03  5.250000e+03  6.313000e+03
      vertex  9.500000e+03  7.656483e+03  8.727431e+03
      vertex  9.500000e+03  7.694482e+03  8.842767e+03
    endloop
  endfacet
  facet normal  1.000000e+00  0.000000e+00  -0.000000e+00
    outer loop
      vertex  9.500000e+03  5.250000e+03  6.313000e+03
      vertex  9.500000e+03  7.694482e+03  8.842767e+03
      vertex  9.500000e+03  7.730117e+03  8.959332e+03
    endloop
  endfacet
  facet normal  1.000000e+00  0.000000e+00  -0.000000e+00
    outer loop
      vertex  9.500000e+03  5.250000e+03  6.313000e+03
      vertex  9.500000e+03  7.730117e+03  8.959332e+03
      vertex  9.500000e+03  7.762014e+03  9.071987e+03
    endloop
  endfacet
  facet normal  9.999999e-01  0.000000e+00  -0.000000e+00
    outer loop
      vertex  9.500000e+03  5.250000e+03  6.313000e+03
      vertex  9.500000e+03  7.762014e+03  9.071987e+03
      vertex  9.500000e+03  7.791770e+03  9.185683e+03
    endloop
  endfacet
  facet normal  9.999999e-01  0.000000e+00  -0.000000e+00
    outer loop
      vertex  9.500000e+03  5.250000e+03  6.313000e+03
      vertex  9.500000e+03  7.791770e+03  9.185683e+03
      vertex  9.500000e+03  7.819407e+03  9.300375e+03
    endloop
  endfacet
  facet normal  9.999999e-01  0.000000e+00  -0.000000e+00
    outer loop
      vertex  9.500000e+03  5.250000e+03  6.313000e+03
      vertex  9.500000e+03  7.819407e+03  9.300375e+03
      vertex  9.500000e+03  7.844948e+03  9.416021e+03
    endloop
  endfacet
  facet normal  1.000000e+00  0.000000e+00  -0.000000e+00
    outer loop
      vertex  9.500000e+03  5.250000e+03  6.313000e+03
      vertex  9.500000e+03  7.844948e+03  9.416021e+03
      vertex  9.500000e+03  7.889865e+03  9.650000e+03
    endloop
  endfacet
  facet normal  1.000000e+00  0.000000e+00  0.000000e+00
    outer loop
      vertex  9.500000e+03  5.250000e+03  6.313000e+03
      vertex  9.500000e+03  7.889865e+03  9.650000e+03
      vertex  9.500000e+03  5.250000e+03  9.650000e+03
    endloop
  endfacet
  facet normal -4.266963e-01  5.189173e-01 -7.407126e-01
    outer loop
      vertex  7.400000e+03  5.251464e+03  6.314454e+03
      vertex  7.400013e+03  5.251510e+03  6.314479e+03
      vertex  7.400000e+03  5.249390e+03  6.313001e+03
    endloop
  endfacet
  facet normal -4.027679e-01  5.250540e-01 -7.497308e-01
    outer loop
      vertex  7.400013e+03  5.251510e+03  6.314479e+03
      vertex  7.400013e+03  5.249397e+03  6.312999e+03
      vertex  7.400000e+03  5.249390e+03  6.313001e+03
    endloop
  endfacet
  facet normal -3.674723e-01  6.347691e-01 -6.797295e-01
    outer loop
      vertex  7.400046e+03  6.081463e+03  6.982917e+03
      vertex  7.400045e+03  6.067309e+03  6.969699e+03
      vertex  7.400000e+03  6.065554e+03  6.968084e+03
    endloop
  endfacet
  facet normal -1.000000e+00  0.000000e+00  0.000000e+00
    outer loop
      vertex  7.400000e+03  6.063283e+03  6.965978e+03
      vertex  7.400000e+03  6.086025e+03  6.987220e+03
      vertex  7.400000e+03  6.065554e+03  6.968084e+03
    endloop
  endfacet
  facet normal -2.177632e-01  6.638026e-01 -7.155035e-01
    outer loop
      vertex  7.400045e+03  6.067309e+03  6.969699e+03
      vertex  7.400000e+03  6.063283e+03  6.965978e+03
      vertex  7.400000e+03  6.065554e+03  6.968084e+03
    endloop
  endfacet
  facet normal -5.371006e-01  5.464967e-01 -6.425451e-01
    outer loop
      vertex  7.400032e+03  5.836797e+03  6.764768e+03
      vertex  7.400000e+03  5.831649e+03  6.760417e+03
      vertex  7.400000e+03  5.847319e+03  6.773744e+03
    endloop
  endfacet
  facet normal -5.465741e-01  5.406960e-01 -6.394564e-01
    outer loop
      vertex  7.400032e+03  5.822150e+03  6.752357e+03
      vertex  7.400000e+03  5.815949e+03  6.747141e+03
      vertex  7.400000e+03  5.831649e+03  6.760417e+03
    endloop
  endfacet
  facet normal -2.410702e-01  6.273966e-01 -7.404450e-01
    outer loop
      vertex  7.400000e+03  5.831649e+03  6.760417e+03
      vertex  7.400032e+03  5.836797e+03  6.764768e+03
      vertex  7.400032e+03  5.822150e+03  6.752357e+03
    endloop
  endfacet
  facet normal -3.343096e-01  6.474149e-01 -6.849021e-01
    outer loop
      vertex  7.400048e+03  6.109678e+03  7.009504e+03
      vertex  7.400000e+03  6.097366e+03  6.997889e+03
      vertex  7.400000e+03  6.108687e+03  7.008590e+03
    endloop
  endfacet
  facet normal -3.153014e-01  6.518556e-01 -6.896877e-01
    outer loop
      vertex  7.400047e+03  6.095586e+03  6.996186e+03
      vertex  7.400000e+03  6.097366e+03  6.997889e+03
      vertex  7.400048e+03  6.109678e+03  7.009504e+03
    endloop
  endfacet
  facet normal -5.964529e-01  5.081318e-01 -6.213261e-01
    outer loop
      vertex  7.400008e+03  5.731684e+03  6.677185e+03
      vertex  7.400000e+03  5.729061e+03  6.675047e+03
      vertex  7.400000e+03  5.736997e+03  6.681538e+03
    endloop
  endfacet
  facet normal -3.860581e-01  5.834213e-01 -7.145479e-01
    outer loop
      vertex  7.400028e+03  5.729670e+03  6.675530e+03
      vertex  7.400000e+03  5.729061e+03  6.675047e+03
      vertex  7.400008e+03  5.731684e+03  6.677185e+03
    endloop
  endfacet
  facet normal -2.825958e-01  6.073629e-01 -7.424620e-01
    outer loop
      vertex  7.400008e+03  5.731684e+03  6.677185e+03
      vertex  7.400028e+03  5.737753e+03  6.682142e+03
      vertex  7.400028e+03  5.729670e+03  6.675530e+03
    endloop
  endfacet
  facet normal -3.945114e-01  5.760339e-01 -7.159230e-01
    outer loop
      vertex  7.400016e+03  5.686414e+03  6.640472e+03
      vertex  7.400000e+03  5.685286e+03  6.639573e+03
      vertex  7.400000e+03  5.689274e+03  6.642782e+03
    endloop
  endfacet
  facet normal -3.897698e-01  5.773196e-01 -7.174828e-01
    outer loop
      vertex  7.400000e+03  5.689274e+03  6.642782e+03
      vertex  7.400026e+03  5.689147e+03  6.642666e+03
      vertex  7.400016e+03  5.686414e+03  6.640472e+03
    endloop
  endfacet
  facet normal -3.964602e-01  5.755445e-01 -7.152397e-01
    outer loop
      vertex  7.400016e+03  5.686414e+03  6.640472e+03
      vertex  7.400026e+03  5.689147e+03  6.642666e+03
      vertex  7.400026e+03  5.685085e+03  6.639397e+03
    endloop
  endfacet
  facet normal -2.534311e-01  6.793218e-01 -6.886905e-01
    outer loop
      vertex  7.400000e+03  6.198502e+03  7.095377e+03
      vertex  7.400055e+03  6.207418e+03  7.104152e+03
      vertex  7.400054e+03  6.193554e+03  7.090477e+03
    endloop
  endfacet
  facet normal -4.325689e-01  6.320583e-01 -6.429514e-01
    outer loop
      vertex  7.400054e+03  6.193554e+03  7.090477e+03
      vertex  7.400000e+03  6.187349e+03  7.084413e+03
      vertex  7.400000e+03  6.198502e+03  7.095377e+03
    endloop
  endfacet
  facet normal -3.363243e-01  6.660213e-01 -6.658089e-01
    outer loop
      vertex  7.400000e+03  6.231831e+03  7.128471e+03
      vertex  7.400057e+03  6.235046e+03  7.131658e+03
      vertex  7.400057e+03  6.228152e+03  7.124762e+03
    endloop
  endfacet
  facet normal -4.234168e-01  6.399288e-01 -6.412560e-01
    outer loop
      vertex  7.400057e+03  6.228152e+03  7.124762e+03
      vertex  7.400000e+03  6.220743e+03  7.117406e+03
      vertex  7.400000e+03  6.231831e+03  7.128471e+03
    endloop
  endfacet
  facet normal -3.424001e-01  6.665365e-01 -6.621869e-01
    outer loop
      vertex  7.400000e+03  6.242897e+03  7.139569e+03
      vertex  7.400058e+03  6.248810e+03  7.145490e+03
      vertex  7.400058e+03  6.241932e+03  7.138567e+03
    endloop
  endfacet
  facet normal -3.784576e-01  6.554478e-01 -6.535733e-01
    outer loop
      vertex  7.400058e+03  6.241932e+03  7.138567e+03
      vertex  7.400000e+03  6.231831e+03  7.128471e+03
      vertex  7.400000e+03  6.242897e+03  7.139569e+03
    endloop
  endfacet
  facet normal -4.334943e-01  6.383107e-01 -6.361148e-01
    outer loop
      vertex  7.400058e+03  6.241932e+03  7.138567e+03
      vertex  7.400057e+03  6.235046e+03  7.131658e+03
      vertex  7.400000e+03  6.231831e+03  7.128471e+03
    endloop
  endfacet
  facet normal -4.068614e-01  5.635868e-01 -7.189115e-01
    outer loop
      vertex  7.400023e+03  5.611656e+03  6.581103e+03
      vertex  7.400000e+03  5.609181e+03  6.579175e+03
      vertex  7.400000e+03  5.613201e+03  6.582327e+03
    endloop
  endfacet
  facet normal -3.864643e-01  5.692477e-01 -7.256737e-01
    outer loop
      vertex  7.400000e+03  5.613201e+03  6.582327e+03
      vertex  7.400023e+03  5.615750e+03  6.584314e+03
      vertex  7.400023e+03  5.611656e+03  6.581103e+03
    endloop
  endfacet
  facet normal -3.953048e-01  5.654405e-01 -7.238862e-01
    outer loop
      vertex  7.400023e+03  5.599363e+03  6.571485e+03
      vertex  7.400013e+03  5.599360e+03  6.571488e+03
      vertex  7.400000e+03  5.601134e+03  6.572881e+03
    endloop
  endfacet
  facet normal -4.124129e-01  5.591594e-01 -7.192054e-01
    outer loop
      vertex  7.400022e+03  5.587054e+03  6.561896e+03
      vertex  7.400000e+03  5.585021e+03  6.560328e+03
      vertex  7.400000e+03  5.589052e+03  6.563462e+03
    endloop
  endfacet
  facet normal -3.916565e-01  5.645818e-01 -7.265345e-01
    outer loop
      vertex  7.400022e+03  5.582948e+03  6.558706e+03
      vertex  7.400000e+03  5.585021e+03  6.560328e+03
      vertex  7.400022e+03  5.587054e+03  6.561896e+03
    endloop
  endfacet
  facet normal -3.209360e-01  6.780767e-01 -6.612201e-01
    outer loop
      vertex  7.400045e+03  6.284443e+03  7.181721e+03
      vertex  7.400000e+03  6.286940e+03  7.184303e+03
      vertex  7.400062e+03  6.289893e+03  7.187301e+03
    endloop
  endfacet
  facet normal -3.909041e-01  6.591001e-01 -6.424804e-01
    outer loop
      vertex  7.400061e+03  6.283067e+03  7.180299e+03
      vertex  7.400045e+03  6.284443e+03  7.181721e+03
      vertex  7.400062e+03  6.289893e+03  7.187301e+03
    endloop
  endfacet
  facet normal -3.849842e-01  6.601356e-01 -6.449870e-01
    outer loop
      vertex  7.400000e+03  6.275963e+03  7.173068e+03
      vertex  7.400000e+03  6.286940e+03  7.184303e+03
      vertex  7.400045e+03  6.284443e+03  7.181721e+03
    endloop
  endfacet
  facet normal -4.616076e-01  6.347384e-01 -6.196980e-01
    outer loop
      vertex  7.400000e+03  6.275963e+03  7.173068e+03
      vertex  7.400045e+03  6.284443e+03  7.181721e+03
      vertex  7.400061e+03  6.283067e+03  7.180299e+03
    endloop
  endfacet
  facet normal -4.104232e-01  5.582536e-01 -7.210448e-01
    outer loop
      vertex  7.400022e+03  5.574730e+03  6.552334e+03
      vertex  7.400000e+03  5.572919e+03  6.550945e+03
      vertex  7.400000e+03  5.576955e+03  6.554069e+03
    endloop
  endfacet
  facet normal -4.127888e-01  5.572004e-01 -7.205088e-01
    outer loop
      vertex  7.400022e+03  5.570619e+03  6.549153e+03
      vertex  7.400000e+03  5.568882e+03  6.547823e+03
      vertex  7.400000e+03  5.572919e+03  6.550945e+03
    endloop
  endfacet
  facet normal -3.865824e-01  5.643788e-01 -7.294043e-01
    outer loop
      vertex  7.400000e+03  5.572919e+03  6.550945e+03
      vertex  7.400022e+03  5.574730e+03  6.552334e+03
      vertex  7.400022e+03  5.570619e+03  6.549153e+03
    endloop
  endfacet
  facet normal -4.204571e-01  5.540916e-01 -7.184695e-01
    outer loop
      vertex  7.400021e+03  5.562392e+03  6.542800e+03
      vertex  7.400000e+03  5.560803e+03  6.541588e+03
      vertex  7.400000e+03  5.564843e+03  6.544704e+03
    endloop
  endfacet
  facet normal -4.172155e-01  5.545636e-01 -7.199934e-01
    outer loop
      vertex  7.400021e+03  5.558275e+03  6.539628e+03
      vertex  7.400000e+03  5.556761e+03  6.538475e+03
      vertex  7.400000e+03  5.560803e+03  6.541588e+03
    endloop
  endfacet
  facet normal -3.924432e-01  5.614154e-01 -7.285610e-01
    outer loop
      vertex  7.400000e+03  5.560803e+03  6.541588e+03
      vertex  7.400021e+03  5.562392e+03  6.542800e+03
      vertex  7.400021e+03  5.558275e+03  6.539628e+03
    endloop
  endfacet
  facet normal -4.135514e-01  5.546201e-01 -7.220608e-01
    outer loop
      vertex  7.400021e+03  5.550038e+03  6.533294e+03
      vertex  7.400000e+03  5.548672e+03  6.532257e+03
      vertex  7.400000e+03  5.552717e+03  6.535364e+03
    endloop
  endfacet
  facet normal -4.230101e-01  5.515262e-01 -7.189445e-01
    outer loop
      vertex  7.400021e+03  5.545917e+03  6.530131e+03
      vertex  7.400000e+03  5.544625e+03  6.529153e+03
      vertex  7.400000e+03  5.548672e+03  6.532257e+03
    endloop
  endfacet
  facet normal -3.910246e-01  5.603878e-01 -7.301132e-01
    outer loop
      vertex  7.400000e+03  5.548672e+03  6.532257e+03
      vertex  7.400021e+03  5.550038e+03  6.533294e+03
      vertex  7.400021e+03  5.545917e+03  6.530131e+03
    endloop
  endfacet
  facet normal -3.976521e-01  6.612039e-01 -6.361464e-01
    outer loop
      vertex  7.400000e+03  6.319735e+03  7.218215e+03
      vertex  7.400064e+03  6.317106e+03  7.215442e+03
      vertex  7.400000e+03  6.308827e+03  7.206876e+03
    endloop
  endfacet
  facet normal -4.680438e-01  5.369954e-01 -7.018341e-01
    outer loop
      vertex  7.400009e+03  5.537162e+03  6.523433e+03
      vertex  7.400000e+03  5.536527e+03  6.522953e+03
      vertex  7.400000e+03  5.540577e+03  6.526052e+03
    endloop
  endfacet
  facet normal -3.975293e-01  5.577369e-01 -7.286289e-01
    outer loop
      vertex  7.400021e+03  5.537669e+03  6.523814e+03
      vertex  7.400009e+03  5.537162e+03  6.523433e+03
      vertex  7.400000e+03  5.540577e+03  6.526052e+03
    endloop
  endfacet
  facet normal -3.980162e-01  5.565373e-01 -7.292801e-01
    outer loop
      vertex  7.400021e+03  5.529415e+03  6.517510e+03
      vertex  7.400000e+03  5.528423e+03  6.516765e+03
      vertex  7.400000e+03  5.532476e+03  6.519857e+03
    endloop
  endfacet
  facet normal -3.738324e-01  5.622999e-01 -7.376098e-01
    outer loop
      vertex  7.400021e+03  5.525285e+03  6.514362e+03
      vertex  7.400000e+03  5.528423e+03  6.516765e+03
      vertex  7.400021e+03  5.529415e+03  6.517510e+03
    endloop
  endfacet
  facet normal -3.647446e-01  6.781293e-01 -6.380455e-01
    outer loop
      vertex  7.400068e+03  6.357659e+03  7.258057e+03
      vertex  7.400048e+03  6.358037e+03  7.258469e+03
      vertex  7.400068e+03  6.364387e+03  7.265207e+03
    endloop
  endfacet
  facet normal -6.614161e-01  5.468817e-01 -5.132731e-01
    outer loop
      vertex  7.400009e+03  6.364531e+03  7.265387e+03
      vertex  7.400000e+03  6.363141e+03  7.263917e+03
      vertex  7.400000e+03  6.368540e+03  7.269670e+03
    endloop
  endfacet
  facet normal -2.966845e-01  7.008590e-01 -6.486716e-01
    outer loop
      vertex  7.400071e+03  6.391204e+03  7.293944e+03
      vertex  7.400046e+03  6.393873e+03  7.296838e+03
      vertex  7.400072e+03  6.397886e+03  7.301163e+03
    endloop
  endfacet
  facet normal -3.537556e-01  6.861872e-01 -6.356133e-01
    outer loop
      vertex  7.400000e+03  6.390078e+03  7.292768e+03
      vertex  7.400000e+03  6.395448e+03  7.298564e+03
      vertex  7.400046e+03  6.393873e+03  7.296838e+03
    endloop
  endfacet
  facet normal -4.195334e-01  5.387974e-01 -7.305403e-01
    outer loop
      vertex  7.400017e+03  5.423620e+03  6.438168e+03
      vertex  7.400000e+03  5.422507e+03  6.437357e+03
      vertex  7.400000e+03  5.424554e+03  6.438867e+03
    endloop
  endfacet
  facet normal -4.057453e-01  5.427015e-01 -7.354221e-01
    outer loop
      vertex  7.400000e+03  5.424554e+03  6.438867e+03
      vertex  7.400018e+03  5.425704e+03  6.439706e+03
      vertex  7.400017e+03  5.423620e+03  6.438168e+03
    endloop
  endfacet
  facet normal -3.404268e-01  6.932384e-01 -6.352401e-01
    outer loop
      vertex  7.400000e+03  6.411521e+03  7.316008e+03
      vertex  7.400074e+03  6.417874e+03  7.322901e+03
      vertex  7.400073e+03  6.411221e+03  7.315641e+03
    endloop
  endfacet
  facet normal -3.482103e-01  6.902174e-01 -6.343102e-01
    outer loop
      vertex  7.400073e+03  6.411221e+03  7.315641e+03
      vertex  7.400000e+03  6.406169e+03  7.310185e+03
      vertex  7.400000e+03  6.411521e+03  7.316008e+03
    endloop
  endfacet
  facet normal -4.102949e-01  5.404357e-01 -7.345661e-01
    outer loop
      vertex  7.400000e+03  5.416367e+03  6.432834e+03
      vertex  7.400017e+03  5.417365e+03  6.433560e+03
      vertex  7.400017e+03  5.415279e+03  6.432025e+03
    endloop
  endfacet
  facet normal -3.243636e-01  7.005736e-01 -6.355981e-01
    outer loop
      vertex  7.400000e+03  6.432867e+03  7.339391e+03
      vertex  7.400076e+03  6.437778e+03  7.344765e+03
      vertex  7.400075e+03  6.431153e+03  7.337463e+03
    endloop
  endfacet
  facet normal -3.544791e-01  6.918651e-01 -6.290208e-01
    outer loop
      vertex  7.400075e+03  6.431153e+03  7.337463e+03
      vertex  7.400000e+03  6.427540e+03  7.333532e+03
      vertex  7.400000e+03  6.432867e+03  7.339391e+03
    endloop
  endfacet
  facet normal -5.763902e-01  6.076792e-01 -5.463516e-01
    outer loop
      vertex  7.400016e+03  6.438657e+03  7.345764e+03
      vertex  7.400000e+03  6.438188e+03  7.345259e+03
      vertex  7.400076e+03  6.444394e+03  7.352081e+03
    endloop
  endfacet
  facet normal -3.567311e-01  6.939958e-01 -6.253901e-01
    outer loop
      vertex  7.400000e+03  6.443504e+03  7.351137e+03
      vertex  7.400077e+03  6.451000e+03  7.359411e+03
      vertex  7.400076e+03  6.444394e+03  7.352081e+03
    endloop
  endfacet
  facet normal -3.316146e-01  6.997095e-01 -6.328019e-01
    outer loop
      vertex  7.400076e+03  6.444394e+03  7.352081e+03
      vertex  7.400000e+03  6.438188e+03  7.345259e+03
      vertex  7.400000e+03  6.443504e+03  7.351137e+03
    endloop
  endfacet
  facet normal -3.078103e-01  7.065466e-01 -6.372164e-01
    outer loop
      vertex  7.400000e+03  6.448813e+03  7.357023e+03
      vertex  7.400077e+03  6.451000e+03  7.359411e+03
      vertex  7.400000e+03  6.443504e+03  7.351137e+03
    endloop
  endfacet
  facet normal -2.986171e-01  7.101789e-01 -6.375530e-01
    outer loop
      vertex  7.400000e+03  6.454116e+03  7.362918e+03
      vertex  7.400078e+03  6.459793e+03  7.369206e+03
      vertex  7.400077e+03  6.451000e+03  7.359411e+03
    endloop
  endfacet
  facet normal -3.519186e-01  6.958808e-01 -6.260219e-01
    outer loop
      vertex  7.400000e+03  6.448813e+03  7.357023e+03
      vertex  7.400000e+03  6.454116e+03  7.362918e+03
      vertex  7.400077e+03  6.451000e+03  7.359411e+03
    endloop
  endfacet
  facet normal -4.137247e-01  5.325363e-01 -7.384015e-01
    outer loop
      vertex  7.400015e+03  5.348349e+03  6.383292e+03
      vertex  7.400000e+03  5.348605e+03  6.383485e+03
      vertex  7.400016e+03  5.350446e+03  6.384804e+03
    endloop
  endfacet
  facet normal -2.905092e-01  7.133402e-01 -6.377696e-01
    outer loop
      vertex  7.400067e+03  6.461231e+03  7.370823e+03
      vertex  7.400000e+03  6.464704e+03  7.374737e+03
      vertex  7.400079e+03  6.468570e+03  7.379026e+03
    endloop
  endfacet
  facet normal -3.123622e-01  7.079853e-01 -6.333929e-01
    outer loop
      vertex  7.400000e+03  6.459413e+03  7.368823e+03
      vertex  7.400000e+03  6.464704e+03  7.374737e+03
      vertex  7.400067e+03  6.461231e+03  7.370823e+03
    endloop
  endfacet
  facet normal -4.172604e-01  5.311080e-01 -7.374402e-01
    outer loop
      vertex  7.400015e+03  5.346251e+03  6.381780e+03
      vertex  7.400015e+03  5.344154e+03  6.380270e+03
      vertex  7.400000e+03  5.344486e+03  6.380518e+03
    endloop
  endfacet
  facet normal -4.202100e-01  5.303333e-01 -7.363220e-01
    outer loop
      vertex  7.400000e+03  5.346546e+03  6.382001e+03
      vertex  7.400015e+03  5.346251e+03  6.381780e+03
      vertex  7.400000e+03  5.344486e+03  6.380518e+03
    endloop
  endfacet
  facet normal -4.199807e-01  6.771671e-01 -6.042027e-01
    outer loop
      vertex  7.400000e+03  6.464704e+03  7.374737e+03
      vertex  7.400000e+03  6.469988e+03  7.380660e+03
      vertex  7.400026e+03  6.468783e+03  7.379291e+03
    endloop
  endfacet
  facet normal -3.211685e-01  7.063022e-01 -6.308629e-01
    outer loop
      vertex  7.400026e+03  6.468783e+03  7.379291e+03
      vertex  7.400079e+03  6.468570e+03  7.379026e+03
      vertex  7.400000e+03  6.464704e+03  7.374737e+03
    endloop
  endfacet
  facet normal -4.170889e-01  5.301188e-01 -7.382485e-01
    outer loop
      vertex  7.400015e+03  5.335759e+03  6.374234e+03
      vertex  7.400000e+03  5.334184e+03  6.373111e+03
      vertex  7.400000e+03  5.336245e+03  6.374591e+03
    endloop
  endfacet
  facet normal -4.112257e-01  5.318193e-01 -7.403118e-01
    outer loop
      vertex  7.400000e+03  5.336245e+03  6.374591e+03
      vertex  7.400015e+03  5.337858e+03  6.375742e+03
      vertex  7.400015e+03  5.335759e+03  6.374234e+03
    endloop
  endfacet
  facet normal -3.911586e-01  5.366035e-01 -7.476976e-01
    outer loop
      vertex  7.400015e+03  5.333659e+03  6.372727e+03
      vertex  7.400000e+03  5.334184e+03  6.373111e+03
      vertex  7.400015e+03  5.335759e+03  6.374234e+03
    endloop
  endfacet
  facet normal -3.073920e-01  7.112900e-01 -6.321208e-01
    outer loop
      vertex  7.400026e+03  6.468783e+03  7.379291e+03
      vertex  7.400000e+03  6.469988e+03  7.380660e+03
      vertex  7.400079e+03  6.468570e+03  7.379026e+03
    endloop
  endfacet
  facet normal -4.112552e-01  5.310295e-01 -7.408621e-01
    outer loop
      vertex  7.400015e+03  5.331560e+03  6.371220e+03
      vertex  7.400015e+03  5.329459e+03  6.369715e+03
      vertex  7.400000e+03  5.330060e+03  6.370154e+03
    endloop
  endfacet
  facet normal -4.264854e-01  5.270596e-01 -7.350636e-01
    outer loop
      vertex  7.400000e+03  5.332122e+03  6.371632e+03
      vertex  7.400015e+03  5.331560e+03  6.371220e+03
      vertex  7.400000e+03  5.330060e+03  6.370154e+03
    endloop
  endfacet
  facet normal -4.671755e-01  6.613214e-01 -5.868568e-01
    outer loop
      vertex  7.400000e+03  6.475267e+03  7.386591e+03
      vertex  7.400000e+03  6.480539e+03  7.392532e+03
      vertex  7.400020e+03  6.479333e+03  7.391159e+03
    endloop
  endfacet
  facet normal -4.093723e-01  5.310168e-01 -7.419134e-01
    outer loop
      vertex  7.400015e+03  5.325257e+03  6.366705e+03
      vertex  7.400000e+03  5.323872e+03  6.365722e+03
      vertex  7.400000e+03  5.325935e+03  6.367198e+03
    endloop
  endfacet
  facet normal -4.117004e-01  5.304264e-01 -7.410470e-01
    outer loop
      vertex  7.400015e+03  5.323156e+03  6.365201e+03
      vertex  7.400000e+03  5.323872e+03  6.365722e+03
      vertex  7.400015e+03  5.325257e+03  6.366705e+03
    endloop
  endfacet
  facet normal -4.220421e-01  5.271018e-01 -7.375934e-01
    outer loop
      vertex  7.400015e+03  5.318953e+03  6.362196e+03
      vertex  7.400000e+03  5.317682e+03  6.361296e+03
      vertex  7.400000e+03  5.319745e+03  6.362771e+03
    endloop
  endfacet
  facet normal -4.178585e-01  5.282893e-01 -7.391243e-01
    outer loop
      vertex  7.400000e+03  5.319745e+03  6.362771e+03
      vertex  7.400015e+03  5.321055e+03  6.363698e+03
      vertex  7.400015e+03  5.318953e+03  6.362196e+03
    endloop
  endfacet
  facet normal -4.371296e-01  5.217978e-01 -7.325604e-01
    outer loop
      vertex  7.400014e+03  5.308438e+03  6.354694e+03
      vertex  7.400000e+03  5.307357e+03  6.353933e+03
      vertex  7.400000e+03  5.309422e+03  6.355404e+03
    endloop
  endfacet
  facet normal -4.175692e-01  5.273908e-01 -7.399291e-01
    outer loop
      vertex  7.400000e+03  5.309422e+03  6.355404e+03
      vertex  7.400015e+03  5.310541e+03  6.356193e+03
      vertex  7.400014e+03  5.308438e+03  6.354694e+03
    endloop
  endfacet
  facet normal -4.160437e-01  5.273419e-01 -7.408226e-01
    outer loop
      vertex  7.400014e+03  5.306333e+03  6.353196e+03
      vertex  7.400000e+03  5.307357e+03  6.353933e+03
      vertex  7.400014e+03  5.308438e+03  6.354694e+03
    endloop
  endfacet
  facet normal -4.181629e-01  5.263742e-01 -7.403175e-01
    outer loop
      vertex  7.400014e+03  5.302124e+03  6.350202e+03
      vertex  7.400000e+03  5.301158e+03  6.349523e+03
      vertex  7.400000e+03  5.303225e+03  6.350992e+03
    endloop
  endfacet
  facet normal -4.089261e-01  5.289004e-01 -7.436692e-01
    outer loop
      vertex  7.400000e+03  5.303225e+03  6.350992e+03
      vertex  7.400014e+03  5.304229e+03  6.351699e+03
      vertex  7.400014e+03  5.302124e+03  6.350202e+03
    endloop
  endfacet
  facet normal -3.899784e-01  5.329508e-01 -7.509196e-01
    outer loop
      vertex  7.400000e+03  5.294957e+03  6.345119e+03
      vertex  7.400000e+03  5.297024e+03  6.346586e+03
      vertex  7.400014e+03  5.295808e+03  6.345715e+03
    endloop
  endfacet
  facet normal -3.908519e-01  5.327284e-01 -7.506232e-01
    outer loop
      vertex  7.400000e+03  5.297024e+03  6.346586e+03
      vertex  7.400014e+03  5.297914e+03  6.347210e+03
      vertex  7.400014e+03  5.295808e+03  6.345715e+03
    endloop
  endfacet
  facet normal -4.037642e-01  5.289827e-01 -7.464260e-01
    outer loop
      vertex  7.400014e+03  5.291595e+03  6.342728e+03
      vertex  7.400000e+03  5.290820e+03  6.342186e+03
      vertex  7.400000e+03  5.292889e+03  6.343652e+03
    endloop
  endfacet
  facet normal -4.116450e-01  5.268313e-01 -7.436379e-01
    outer loop
      vertex  7.400014e+03  5.289489e+03  6.341235e+03
      vertex  7.400000e+03  5.288752e+03  6.340721e+03
      vertex  7.400000e+03  5.290820e+03  6.342186e+03
    endloop
  endfacet
  facet normal -4.015707e-01  5.295086e-01 -7.472358e-01
    outer loop
      vertex  7.400000e+03  5.290820e+03  6.342186e+03
      vertex  7.400014e+03  5.291595e+03  6.342728e+03
      vertex  7.400014e+03  5.289489e+03  6.341235e+03
    endloop
  endfacet
  facet normal -2.970048e-01  7.190821e-01 -6.282587e-01
    outer loop
      vertex  7.400000e+03  6.506805e+03  7.422375e+03
      vertex  7.400083e+03  6.512195e+03  7.428504e+03
      vertex  7.400083e+03  6.503504e+03  7.418558e+03
    endloop
  endfacet
  facet normal -4.169754e-01  5.250301e-01 -7.419398e-01
    outer loop
      vertex  7.400014e+03  5.285274e+03  6.338251e+03
      vertex  7.400000e+03  5.284614e+03  6.337792e+03
      vertex  7.400000e+03  5.286683e+03  6.339256e+03
    endloop
  endfacet
  facet normal -4.050770e-01  5.282217e-01 -7.462536e-01
    outer loop
      vertex  7.400000e+03  5.286683e+03  6.339256e+03
      vertex  7.400014e+03  5.287381e+03  6.339743e+03
      vertex  7.400014e+03  5.285274e+03  6.338251e+03
    endloop
  endfacet
  facet normal -4.038639e-01  5.282195e-01 -7.469124e-01
    outer loop
      vertex  7.400014e+03  5.283166e+03  6.336760e+03
      vertex  7.400000e+03  5.284614e+03  6.337792e+03
      vertex  7.400014e+03  5.285274e+03  6.338251e+03
    endloop
  endfacet
  facet normal -3.316875e-01  7.106894e-01 -6.204063e-01
    outer loop
      vertex  7.400000e+03  6.512039e+03  7.428371e+03
      vertex  7.400083e+03  6.512195e+03  7.428504e+03
      vertex  7.400000e+03  6.506805e+03  7.422375e+03
    endloop
  endfacet
  facet normal -4.792041e-01  6.620208e-01 -5.762741e-01
    outer loop
      vertex  7.400000e+03  6.512039e+03  7.428371e+03
      vertex  7.400000e+03  6.517267e+03  7.434376e+03
      vertex  7.400021e+03  6.515083e+03  7.431850e+03
    endloop
  endfacet
  facet normal -2.562117e-01  7.307974e-01 -6.326854e-01
    outer loop
      vertex  7.400084e+03  6.520867e+03  7.438476e+03
      vertex  7.400041e+03  6.523293e+03  7.441296e+03
      vertex  7.400085e+03  6.529522e+03  7.448473e+03
    endloop
  endfacet
  facet normal -4.660457e-01  6.696901e-01 -5.782012e-01
    outer loop
      vertex  7.400000e+03  6.527704e+03  7.446414e+03
      vertex  7.400000e+03  6.532913e+03  7.452447e+03
      vertex  7.400022e+03  6.530574e+03  7.449720e+03
    endloop
  endfacet
  facet normal -2.473215e-01  7.339772e-01 -6.325422e-01
    outer loop
      vertex  7.400030e+03  6.534634e+03  7.454426e+03
      vertex  7.400086e+03  6.538160e+03  7.458496e+03
      vertex  7.400085e+03  6.529522e+03  7.448473e+03
    endloop
  endfacet
  facet normal -4.088609e-01  6.915995e-01 -5.954183e-01
    outer loop
      vertex  7.400030e+03  6.534634e+03  7.454426e+03
      vertex  7.400000e+03  6.532913e+03  7.452447e+03
      vertex  7.400000e+03  6.538115e+03  7.458490e+03
    endloop
  endfacet
  facet normal -3.664854e-01  7.090555e-01 -6.024357e-01
    outer loop
      vertex  7.400017e+03  6.552706e+03  7.475512e+03
      vertex  7.400000e+03  6.553683e+03  7.476673e+03
      vertex  7.400089e+03  6.555382e+03  7.478618e+03
    endloop
  endfacet
  facet normal -2.481852e-01  7.367101e-01 -6.290169e-01
    outer loop
      vertex  7.400087e+03  6.546780e+03  7.468544e+03
      vertex  7.400017e+03  6.552706e+03  7.475512e+03
      vertex  7.400089e+03  6.555382e+03  7.478618e+03
    endloop
  endfacet
  facet normal -5.251599e-01  6.471835e-01 -5.525944e-01
    outer loop
      vertex  7.400000e+03  6.548500e+03  7.470603e+03
      vertex  7.400000e+03  6.553683e+03  7.476673e+03
      vertex  7.400017e+03  6.552706e+03  7.475512e+03
    endloop
  endfacet
  facet normal -3.283114e-01  7.179152e-01 -6.138479e-01
    outer loop
      vertex  7.400087e+03  6.546780e+03  7.468544e+03
      vertex  7.400000e+03  6.548500e+03  7.470603e+03
      vertex  7.400017e+03  6.552706e+03  7.475512e+03
    endloop
  endfacet
  facet normal -3.379276e-01  7.191164e-01 -6.071874e-01
    outer loop
      vertex  7.400091e+03  6.572532e+03  7.498844e+03
      vertex  7.400000e+03  6.569193e+03  7.494940e+03
      vertex  7.400000e+03  6.574351e+03  7.501048e+03
    endloop
  endfacet
  facet normal -2.952092e-01  7.322842e-01 -6.136866e-01
    outer loop
      vertex  7.400000e+03  6.584645e+03  7.513292e+03
      vertex  7.400093e+03  6.589610e+03  7.519173e+03
      vertex  7.400092e+03  6.581081e+03  7.508995e+03
    endloop
  endfacet
  facet normal -3.278559e-01  7.258846e-01 -6.046504e-01
    outer loop
      vertex  7.400053e+03  6.594818e+03  7.525431e+03
      vertex  7.400000e+03  6.594913e+03  7.525574e+03
      vertex  7.400094e+03  6.598123e+03  7.529376e+03
    endloop
  endfacet
  facet normal -5.126824e-01  6.598398e-01 -5.493343e-01
    outer loop
      vertex  7.400000e+03  6.594913e+03  7.525574e+03
      vertex  7.400000e+03  6.600037e+03  7.531729e+03
      vertex  7.400018e+03  6.599196e+03  7.530702e+03
    endloop
  endfacet
  facet normal -3.074577e-01  7.308608e-01 -6.093538e-01
    outer loop
      vertex  7.400018e+03  6.599196e+03  7.530702e+03
      vertex  7.400094e+03  6.598123e+03  7.529376e+03
      vertex  7.400000e+03  6.594913e+03  7.525574e+03
    endloop
  endfacet
  facet normal -1.815210e-01  7.591861e-01 -6.250492e-01
    outer loop
      vertex  7.400018e+03  6.599196e+03  7.530702e+03
      vertex  7.400000e+03  6.600037e+03  7.531729e+03
      vertex  7.400094e+03  6.598123e+03  7.529376e+03
    endloop
  endfacet
  facet normal -3.258055e-01  7.291377e-01 -6.018379e-01
    outer loop
      vertex  7.400000e+03  6.610265e+03  7.544067e+03
      vertex  7.400000e+03  6.615369e+03  7.550251e+03
      vertex  7.400096e+03  6.615091e+03  7.549862e+03
    endloop
  endfacet
  facet normal -2.869668e-01  7.384303e-01 -6.102219e-01
    outer loop
      vertex  7.400095e+03  6.606616e+03  7.539606e+03
      vertex  7.400000e+03  6.610265e+03  7.544067e+03
      vertex  7.400096e+03  6.615091e+03  7.549862e+03
    endloop
  endfacet
  facet normal -3.260790e-01  7.306139e-01 -5.998964e-01
    outer loop
      vertex  7.400050e+03  6.620266e+03  7.556172e+03
      vertex  7.400000e+03  6.620466e+03  7.556444e+03
      vertex  7.400097e+03  6.623548e+03  7.560144e+03
    endloop
  endfacet
  facet normal -3.344032e-01  7.284825e-01 -5.979028e-01
    outer loop
      vertex  7.400097e+03  6.623548e+03  7.560144e+03
      vertex  7.400000e+03  6.620466e+03  7.556444e+03
      vertex  7.400000e+03  6.625557e+03  7.562646e+03
    endloop
  endfacet
  facet normal -3.976745e-01  7.108715e-01 -5.801006e-01
    outer loop
      vertex  7.400000e+03  6.630641e+03  7.568859e+03
      vertex  7.400000e+03  6.635718e+03  7.575081e+03
      vertex  7.400037e+03  6.632312e+03  7.570881e+03
    endloop
  endfacet
  facet normal -3.815829e-01  7.194082e-01 -5.803847e-01
    outer loop
      vertex  7.400029e+03  6.645633e+03  7.587262e+03
      vertex  7.400000e+03  6.645853e+03  7.587553e+03
      vertex  7.400101e+03  6.648807e+03  7.591149e+03
    endloop
  endfacet
  facet normal -2.353857e-01  7.549484e-01 -6.120837e-01
    outer loop
      vertex  7.400100e+03  6.640406e+03  7.580788e+03
      vertex  7.400029e+03  6.645633e+03  7.587262e+03
      vertex  7.400101e+03  6.648807e+03  7.591149e+03
    endloop
  endfacet
  facet normal -3.180623e-01  7.359652e-01 -5.976551e-01
    outer loop
      vertex  7.400000e+03  6.640789e+03  7.581312e+03
      vertex  7.400029e+03  6.645633e+03  7.587262e+03
      vertex  7.400100e+03  6.640406e+03  7.580788e+03
    endloop
  endfacet
  facet normal -4.084147e-01  7.088292e-01 -5.751161e-01
    outer loop
      vertex  7.400000e+03  6.645853e+03  7.587553e+03
      vertex  7.400029e+03  6.645633e+03  7.587262e+03
      vertex  7.400000e+03  6.640789e+03  7.581312e+03
    endloop
  endfacet
  facet normal -3.299376e-01  7.339042e-01 -5.937389e-01
    outer loop
      vertex  7.400000e+03  6.650910e+03  7.593804e+03
      vertex  7.400101e+03  6.648807e+03  7.591149e+03
      vertex  7.400000e+03  6.645853e+03  7.587553e+03
    endloop
  endfacet
  facet normal -2.972535e-01  7.439587e-01 -5.984696e-01
    outer loop
      vertex  7.400000e+03  6.655959e+03  7.600064e+03
      vertex  7.400000e+03  6.661003e+03  7.606333e+03
      vertex  7.400090e+03  6.658905e+03  7.603681e+03
    endloop
  endfacet
  facet normal -8.761064e-01  3.823701e-01 -2.936504e-01
    outer loop
      vertex  7.400000e+03  6.661003e+03  7.606333e+03
      vertex  7.400099e+03  6.665515e+03  7.611913e+03
      vertex  7.400103e+03  6.665553e+03  7.611951e+03
    endloop
  endfacet
  facet normal -2.741292e-01  7.497512e-01 -6.022677e-01
    outer loop
      vertex  7.400090e+03  6.658905e+03  7.603681e+03
      vertex  7.400000e+03  6.661003e+03  7.606333e+03
      vertex  7.400103e+03  6.665553e+03  7.611951e+03
    endloop
  endfacet
  facet normal -3.789634e-01  7.215554e-01 -5.794348e-01
    outer loop
      vertex  7.400102e+03  6.657189e+03  7.601537e+03
      vertex  7.400090e+03  6.658905e+03  7.603681e+03
      vertex  7.400103e+03  6.665553e+03  7.611951e+03
    endloop
  endfacet
  facet normal -2.800825e-01  7.488705e-01 -6.006220e-01
    outer loop
      vertex  7.400000e+03  6.666040e+03  7.612613e+03
      vertex  7.400099e+03  6.665515e+03  7.611913e+03
      vertex  7.400000e+03  6.661003e+03  7.606333e+03
    endloop
  endfacet
  facet normal -2.575330e-01  7.562547e-01 -6.014612e-01
    outer loop
      vertex  7.400104e+03  6.673898e+03  7.622392e+03
      vertex  7.400074e+03  6.676432e+03  7.625591e+03
      vertex  7.400105e+03  6.682224e+03  7.632860e+03
    endloop
  endfacet
  facet normal -3.223703e-01  7.417745e-01 -5.880885e-01
    outer loop
      vertex  7.400000e+03  6.686117e+03  7.637828e+03
      vertex  7.400105e+03  6.682224e+03  7.632860e+03
      vertex  7.400000e+03  6.681107e+03  7.631510e+03
    endloop
  endfacet
  facet normal -2.810432e-01  7.525003e-01 -5.956157e-01
    outer loop
      vertex  7.400106e+03  6.690530e+03  7.643354e+03
      vertex  7.400105e+03  6.682224e+03  7.632860e+03
      vertex  7.400000e+03  6.686117e+03  7.637828e+03
    endloop
  endfacet
  facet normal -3.194606e-01  7.434079e-01 -5.876135e-01
    outer loop
      vertex  7.400000e+03  6.691119e+03  7.644156e+03
      vertex  7.400106e+03  6.690530e+03  7.643354e+03
      vertex  7.400000e+03  6.686117e+03  7.637828e+03
    endloop
  endfacet
  facet normal -3.081478e-01  7.471752e-01 -5.888754e-01
    outer loop
      vertex  7.400000e+03  6.691119e+03  7.644156e+03
      vertex  7.400000e+03  6.696114e+03  7.650494e+03
      vertex  7.400106e+03  6.690530e+03  7.643354e+03
    endloop
  endfacet
  facet normal -3.321247e-01  7.409965e-01 -5.836244e-01
    outer loop
      vertex  7.400080e+03  6.698124e+03  7.653010e+03
      vertex  7.400108e+03  6.698818e+03  7.653875e+03
      vertex  7.400106e+03  6.690530e+03  7.643354e+03
    endloop
  endfacet
  facet normal -2.736536e-01  7.556892e-01 -5.950189e-01
    outer loop
      vertex  7.400000e+03  6.696114e+03  7.650494e+03
      vertex  7.400080e+03  6.698124e+03  7.653010e+03
      vertex  7.400106e+03  6.690530e+03  7.643354e+03
    endloop
  endfacet
  facet normal -3.459599e-01  7.373213e-01 -5.802319e-01
    outer loop
      vertex  7.400000e+03  6.701102e+03  7.656842e+03
      vertex  7.400108e+03  6.698818e+03  7.653875e+03
      vertex  7.400080e+03  6.698124e+03  7.653010e+03
    endloop
  endfacet
  facet normal -3.088009e-01  7.478684e-01 -5.876520e-01
    outer loop
      vertex  7.400080e+03  6.698124e+03  7.653010e+03
      vertex  7.400000e+03  6.696114e+03  7.650494e+03
      vertex  7.400000e+03  6.701102e+03  7.656842e+03
    endloop
  endfacet
  facet normal -2.472236e-01  7.626027e-01 -5.977605e-01
    outer loop
      vertex  7.400050e+03  6.704845e+03  7.661588e+03
      vertex  7.400109e+03  6.707086e+03  7.664424e+03
      vertex  7.400108e+03  6.698818e+03  7.653875e+03
    endloop
  endfacet
  facet normal -2.998727e-01  7.506067e-01 -5.887834e-01
    outer loop
      vertex  7.400000e+03  6.701102e+03  7.656842e+03
      vertex  7.400050e+03  6.704845e+03  7.661588e+03
      vertex  7.400108e+03  6.698818e+03  7.653875e+03
    endloop
  endfacet
  facet normal -3.128892e-01  7.482272e-01 -5.850269e-01
    outer loop
      vertex  7.400000e+03  6.706083e+03  7.663199e+03
      vertex  7.400109e+03  6.707086e+03  7.664424e+03
      vertex  7.400050e+03  6.704845e+03  7.661588e+03
    endloop
  endfacet
  facet normal -3.498364e-01  7.373797e-01 -5.778284e-01
    outer loop
      vertex  7.400050e+03  6.704845e+03  7.661588e+03
      vertex  7.400000e+03  6.701102e+03  7.656842e+03
      vertex  7.400000e+03  6.706083e+03  7.663199e+03
    endloop
  endfacet
  facet normal -3.240591e-01  7.465174e-01 -5.811176e-01
    outer loop
      vertex  7.400055e+03  6.711697e+03  7.670355e+03
      vertex  7.400000e+03  6.711767e+03  7.670477e+03
      vertex  7.400110e+03  6.715335e+03  7.674999e+03
    endloop
  endfacet
  facet normal -3.242109e-01  7.464782e-01 -5.810831e-01
    outer loop
      vertex  7.400000e+03  6.717442e+03  7.677767e+03
      vertex  7.400110e+03  6.715335e+03  7.674999e+03
      vertex  7.400000e+03  6.711767e+03  7.670477e+03
    endloop
  endfacet
  facet normal -2.394629e-01  7.669769e-01 -5.953184e-01
    outer loop
      vertex  7.400034e+03  6.720839e+03  7.682121e+03
      vertex  7.400111e+03  6.723565e+03  7.685601e+03
      vertex  7.400110e+03  6.715335e+03  7.674999e+03
    endloop
  endfacet
  facet normal -3.026495e-01  7.525620e-01 -5.848537e-01
    outer loop
      vertex  7.400000e+03  6.717442e+03  7.677767e+03
      vertex  7.400034e+03  6.720839e+03  7.682121e+03
      vertex  7.400110e+03  6.715335e+03  7.674999e+03
    endloop
  endfacet
  facet normal -4.112983e-01  7.201765e-01 -5.587302e-01
    outer loop
      vertex  7.400034e+03  6.720839e+03  7.682121e+03
      vertex  7.400000e+03  6.717442e+03  7.677767e+03
      vertex  7.400000e+03  6.723108e+03  7.685070e+03
    endloop
  endfacet
  facet normal -3.233970e-01  7.495519e-01 -5.775694e-01
    outer loop
      vertex  7.400000e+03  6.734412e+03  7.699715e+03
      vertex  7.400113e+03  6.731775e+03  7.696230e+03
      vertex  7.400000e+03  6.728764e+03  7.692386e+03
    endloop
  endfacet
  facet normal -2.354195e-01  7.705904e-01 -5.922568e-01
    outer loop
      vertex  7.400009e+03  6.735094e+03  7.700589e+03
      vertex  7.400114e+03  6.739966e+03  7.706887e+03
      vertex  7.400113e+03  6.731775e+03  7.696230e+03
    endloop
  endfacet
  facet normal -4.001088e-01  7.245788e-01 -5.611584e-01
    outer loop
      vertex  7.400000e+03  6.734412e+03  7.699715e+03
      vertex  7.400009e+03  6.735094e+03  7.700589e+03
      vertex  7.400113e+03  6.731775e+03  7.696230e+03
    endloop
  endfacet
  facet normal -3.074608e-01  7.550868e-01 -5.790612e-01
    outer loop
      vertex  7.400000e+03  6.740050e+03  7.707057e+03
      vertex  7.400114e+03  6.739966e+03  7.706887e+03
      vertex  7.400009e+03  6.735094e+03  7.700589e+03
    endloop
  endfacet
  facet normal -6.892295e-01  5.746438e-01 -4.413017e-01
    outer loop
      vertex  7.400009e+03  6.735094e+03  7.700589e+03
      vertex  7.400000e+03  6.734412e+03  7.699715e+03
      vertex  7.400000e+03  6.740050e+03  7.707057e+03
    endloop
  endfacet
  facet normal -4.301816e-01  7.168937e-01 -5.486412e-01
    outer loop
      vertex  7.400000e+03  6.745678e+03  7.714411e+03
      vertex  7.400032e+03  6.743451e+03  7.711476e+03
      vertex  7.400000e+03  6.740050e+03  7.707057e+03
    endloop
  endfacet
  facet normal -1.913587e-01  7.808707e-01 -5.946620e-01
    outer loop
      vertex  7.400101e+03  6.748738e+03  7.718372e+03
      vertex  7.400065e+03  6.752109e+03  7.722811e+03
      vertex  7.400117e+03  6.756289e+03  7.728282e+03
    endloop
  endfacet
  facet normal -4.419497e-01  7.138633e-01 -5.432124e-01
    outer loop
      vertex  7.400115e+03  6.748137e+03  7.717571e+03
      vertex  7.400101e+03  6.748738e+03  7.718372e+03
      vertex  7.400117e+03  6.756289e+03  7.728282e+03
    endloop
  endfacet
  facet normal -3.835873e-01  7.355351e-01 -5.584343e-01
    outer loop
      vertex  7.400101e+03  6.748738e+03  7.718372e+03
      vertex  7.400115e+03  6.748137e+03  7.717571e+03
      vertex  7.400000e+03  6.745678e+03  7.714411e+03
    endloop
  endfacet
  facet normal -3.179741e-01  7.566980e-01 -5.712274e-01
    outer loop
      vertex  7.400000e+03  6.768100e+03  7.743960e+03
      vertex  7.400118e+03  6.764420e+03  7.739020e+03
      vertex  7.400000e+03  6.762509e+03  7.736553e+03
    endloop
  endfacet
  facet normal -2.802529e-01  7.683936e-01 -5.753519e-01
    outer loop
      vertex  7.400119e+03  6.772532e+03  7.749786e+03
      vertex  7.400019e+03  6.772083e+03  7.749235e+03
      vertex  7.400000e+03  6.773682e+03  7.751379e+03
    endloop
  endfacet
  facet normal -3.009691e-01  7.634758e-01 -5.714213e-01
    outer loop
      vertex  7.400053e+03  6.776679e+03  7.755343e+03
      vertex  7.400000e+03  6.779254e+03  7.758812e+03
      vertex  7.400121e+03  6.780625e+03  7.760579e+03
    endloop
  endfacet
  facet normal -2.311176e-01  7.784529e-01 -5.836058e-01
    outer loop
      vertex  7.400119e+03  6.772532e+03  7.749786e+03
      vertex  7.400053e+03  6.776679e+03  7.755343e+03
      vertex  7.400121e+03  6.780625e+03  7.760579e+03
    endloop
  endfacet
  facet normal -2.993036e-01  7.630219e-01 -5.729004e-01
    outer loop
      vertex  7.400000e+03  6.773682e+03  7.751379e+03
      vertex  7.400053e+03  6.776679e+03  7.755343e+03
      vertex  7.400119e+03  6.772532e+03  7.749786e+03
    endloop
  endfacet
  facet normal -3.560118e-01  7.476913e-01 -5.605474e-01
    outer loop
      vertex  7.400053e+03  6.776679e+03  7.755343e+03
      vertex  7.400000e+03  6.773682e+03  7.751379e+03
      vertex  7.400000e+03  6.779254e+03  7.758812e+03
    endloop
  endfacet
  facet normal -5.470977e-01  6.705774e-01 -5.010091e-01
    outer loop
      vertex  7.400000e+03  6.779254e+03  7.758812e+03
      vertex  7.400000e+03  6.784817e+03  7.766258e+03
      vertex  7.400017e+03  6.783622e+03  7.764639e+03
    endloop
  endfacet
  facet normal -2.760956e-01  7.694824e-01 -5.759062e-01
    outer loop
      vertex  7.400000e+03  6.779254e+03  7.758812e+03
      vertex  7.400017e+03  6.783622e+03  7.764639e+03
      vertex  7.400091e+03  6.781267e+03  7.761457e+03
    endloop
  endfacet
  facet normal  7.987800e-02  8.021386e-01 -5.917712e-01
    outer loop
      vertex  7.400017e+03  6.783622e+03  7.764639e+03
      vertex  7.400000e+03  6.784817e+03  7.766258e+03
      vertex  7.400091e+03  6.781267e+03  7.761457e+03
    endloop
  endfacet
  facet normal -3.133992e-01  7.616612e-01 -5.671446e-01
    outer loop
      vertex  7.400000e+03  6.790371e+03  7.773716e+03
      vertex  7.400122e+03  6.788696e+03  7.771400e+03
      vertex  7.400000e+03  6.784817e+03  7.766258e+03
    endloop
  endfacet
  facet normal -2.814019e-01  7.705522e-01 -5.718936e-01
    outer loop
      vertex  7.400123e+03  6.796749e+03  7.782249e+03
      vertex  7.400122e+03  6.788696e+03  7.771400e+03
      vertex  7.400000e+03  6.790371e+03  7.773716e+03
    endloop
  endfacet
  facet normal -2.932102e-01  7.677964e-01 -5.696635e-01
    outer loop
      vertex  7.400000e+03  6.795915e+03  7.781188e+03
      vertex  7.400123e+03  6.796749e+03  7.782249e+03
      vertex  7.400000e+03  6.790371e+03  7.773716e+03
    endloop
  endfacet
  facet normal -2.747100e-01  7.735402e-01 -5.711130e-01
    outer loop
      vertex  7.400091e+03  6.799482e+03  7.785965e+03
      vertex  7.400000e+03  6.801450e+03  7.788673e+03
      vertex  7.400125e+03  6.804780e+03  7.793125e+03
    endloop
  endfacet
  facet normal -3.145276e-01  7.642380e-01 -5.630389e-01
    outer loop
      vertex  7.400000e+03  6.806974e+03  7.796172e+03
      vertex  7.400125e+03  6.804780e+03  7.793125e+03
      vertex  7.400000e+03  6.801450e+03  7.788673e+03
    endloop
  endfacet
  facet normal -2.268773e-01  7.848062e-01 -5.767199e-01
    outer loop
      vertex  7.400075e+03  6.808243e+03  7.797858e+03
      vertex  7.400022e+03  6.808935e+03  7.798820e+03
      vertex  7.400126e+03  6.812792e+03  7.804028e+03
    endloop
  endfacet
  facet normal -2.388540e-01  7.825453e-01 -5.749535e-01
    outer loop
      vertex  7.400125e+03  6.804780e+03  7.793125e+03
      vertex  7.400075e+03  6.808243e+03  7.797858e+03
      vertex  7.400126e+03  6.812792e+03  7.804028e+03
    endloop
  endfacet
  facet normal -2.942360e-01  7.698997e-01 -5.662858e-01
    outer loop
      vertex  7.400000e+03  6.806974e+03  7.796172e+03
      vertex  7.400075e+03  6.808243e+03  7.797858e+03
      vertex  7.400125e+03  6.804780e+03  7.793125e+03
    endloop
  endfacet
  facet normal -3.008064e-01  7.692410e-01 -5.637230e-01
    outer loop
      vertex  7.400000e+03  6.812490e+03  7.803683e+03
      vertex  7.400126e+03  6.812792e+03  7.804028e+03
      vertex  7.400022e+03  6.808935e+03  7.798820e+03
    endloop
  endfacet
  facet normal -4.982770e-01  6.988397e-01 -5.131699e-01
    outer loop
      vertex  7.400022e+03  6.808935e+03  7.798820e+03
      vertex  7.400000e+03  6.806974e+03  7.796172e+03
      vertex  7.400000e+03  6.812490e+03  7.803683e+03
    endloop
  endfacet
  facet normal -2.622962e-01  7.766246e-01 -5.727608e-01
    outer loop
      vertex  7.400022e+03  6.808935e+03  7.798820e+03
      vertex  7.400075e+03  6.808243e+03  7.797858e+03
      vertex  7.400000e+03  6.806974e+03  7.796172e+03
    endloop
  endfacet
  facet normal -3.108546e-01  7.679586e-01 -5.600080e-01
    outer loop
      vertex  7.400037e+03  6.816721e+03  7.809440e+03
      vertex  7.400000e+03  6.817995e+03  7.811208e+03
      vertex  7.400127e+03  6.820783e+03  7.814960e+03
    endloop
  endfacet
  facet normal -2.337623e-01  7.849510e-01 -5.737658e-01
    outer loop
      vertex  7.400126e+03  6.812792e+03  7.804028e+03
      vertex  7.400037e+03  6.816721e+03  7.809440e+03
      vertex  7.400127e+03  6.820783e+03  7.814960e+03
    endloop
  endfacet
  facet normal -3.014766e-01  7.691902e-01 -5.634343e-01
    outer loop
      vertex  7.400000e+03  6.812490e+03  7.803683e+03
      vertex  7.400037e+03  6.816721e+03  7.809440e+03
      vertex  7.400126e+03  6.812792e+03  7.804028e+03
    endloop
  endfacet
  facet normal -3.879433e-01  7.438404e-01 -5.442440e-01
    outer loop
      vertex  7.400037e+03  6.816721e+03  7.809440e+03
      vertex  7.400000e+03  6.812490e+03  7.803683e+03
      vertex  7.400000e+03  6.817995e+03  7.811208e+03
    endloop
  endfacet
  facet normal -2.719561e-01  7.782658e-01 -5.659878e-01
    outer loop
      vertex  7.400000e+03  6.823491e+03  7.818745e+03
      vertex  7.400128e+03  6.828754e+03  7.825920e+03
      vertex  7.400127e+03  6.820783e+03  7.814960e+03
    endloop
  endfacet
  facet normal -3.120754e-01  7.676570e-01 -5.597426e-01
    outer loop
      vertex  7.400127e+03  6.820783e+03  7.814960e+03
      vertex  7.400000e+03  6.817995e+03  7.811208e+03
      vertex  7.400000e+03  6.823491e+03  7.818745e+03
    endloop
  endfacet
  facet normal -2.998142e-01  7.717998e-01 -5.607464e-01
    outer loop
      vertex  7.400000e+03  6.828978e+03  7.826296e+03
      vertex  7.400128e+03  6.828754e+03  7.825920e+03
      vertex  7.400000e+03  6.823491e+03  7.818745e+03
    endloop
  endfacet
  facet normal -2.458491e-01  7.852558e-01 -5.682707e-01
    outer loop
      vertex  7.400092e+03  6.833892e+03  7.833037e+03
      vertex  7.400025e+03  6.835114e+03  7.834754e+03
      vertex  7.400130e+03  6.836705e+03  7.836907e+03
    endloop
  endfacet
  facet normal -3.041453e-01  7.705760e-01 -5.600966e-01
    outer loop
      vertex  7.400000e+03  6.834454e+03  7.833860e+03
      vertex  7.400025e+03  6.835114e+03  7.834754e+03
      vertex  7.400092e+03  6.833892e+03  7.833037e+03
    endloop
  endfacet
  facet normal -2.926949e-01  7.757933e-01 -5.589941e-01
    outer loop
      vertex  7.400084e+03  6.838897e+03  7.839975e+03
      vertex  7.400130e+03  6.836705e+03  7.836907e+03
      vertex  7.400025e+03  6.835114e+03  7.834754e+03
    endloop
  endfacet
  facet normal -2.575792e-01  7.842199e-01 -5.644929e-01
    outer loop
      vertex  7.400130e+03  6.836705e+03  7.836907e+03
      vertex  7.400084e+03  6.838897e+03  7.839975e+03
      vertex  7.400131e+03  6.844634e+03  7.847923e+03
    endloop
  endfacet
  facet normal -2.897736e-01  7.826344e-01 -5.509217e-01
    outer loop
      vertex  7.400000e+03  6.872517e+03  7.887183e+03
      vertex  7.400137e+03  6.877126e+03  7.893660e+03
      vertex  7.400136e+03  6.872226e+03  7.886699e+03
    endloop
  endfacet
  facet normal -1.907723e-01  8.889064e-01 -4.164748e-01
    outer loop
      vertex  7.400000e+03  7.363995e+03  8.734977e+03
      vertex  7.400274e+03  7.365694e+03  8.738477e+03
      vertex  7.400271e+03  7.357941e+03  8.721932e+03
    endloop
  endfacet
  facet normal -2.847453e-01  8.672622e-01 -4.083826e-01
    outer loop
      vertex  7.400271e+03  7.357941e+03  8.721932e+03
      vertex  7.400000e+03  7.350285e+03  8.705860e+03
      vertex  7.400000e+03  7.363995e+03  8.734977e+03
    endloop
  endfacet
  facet normal -1.223091e-01  9.551020e-01 -2.698531e-01
    outer loop
      vertex  7.400476e+03  7.697386e+03  9.634457e+03
      vertex  7.400000e+03  7.696921e+03  9.633029e+03
      vertex  7.400000e+03  7.698119e+03  9.637269e+03
    endloop
  endfacet
  facet normal -1.200596e-01  9.551690e-01 -2.706251e-01
    outer loop
      vertex  7.400000e+03  7.696921e+03  9.633029e+03
      vertex  7.400476e+03  7.697386e+03  9.634457e+03
      vertex  7.400474e+03  7.695188e+03  9.626699e+03
    endloop
  endfacet
  facet normal -1.250993e-01  9.544693e-01 -2.708108e-01
    outer loop
      vertex  7.400474e+03  7.695188e+03  9.626699e+03
      vertex  7.400000e+03  7.694519e+03  9.624561e+03
      vertex  7.400000e+03  7.696921e+03  9.633029e+03
    endloop
  endfacet
  facet normal -1.207159e-01  9.547339e-01 -2.718654e-01
    outer loop
      vertex  7.400000e+03  7.694519e+03  9.624561e+03
      vertex  7.400474e+03  7.695188e+03  9.626699e+03
      vertex  7.400472e+03  7.692981e+03  9.618951e+03
    endloop
  endfacet
  facet normal -1.261607e-01  9.539595e-01 -2.721114e-01
    outer loop
      vertex  7.400472e+03  7.692981e+03  9.618951e+03
      vertex  7.400000e+03  7.692106e+03  9.616103e+03
      vertex  7.400000e+03  7.694519e+03  9.624561e+03
    endloop
  endfacet
  facet normal -1.209915e-01  9.543499e-01 -2.730882e-01
    outer loop
      vertex  7.400000e+03  7.692106e+03  9.616103e+03
      vertex  7.400472e+03  7.692981e+03  9.618951e+03
      vertex  7.400470e+03  7.690766e+03  9.611212e+03
    endloop
  endfacet
  facet normal -1.263885e-01  9.535633e-01 -2.733916e-01
    outer loop
      vertex  7.400470e+03  7.690766e+03  9.611212e+03
      vertex  7.400000e+03  7.689684e+03  9.607655e+03
      vertex  7.400000e+03  7.692106e+03  9.616103e+03
    endloop
  endfacet
  facet normal -1.208096e-01  9.540334e-01 -2.742722e-01
    outer loop
      vertex  7.400000e+03  7.689684e+03  9.607655e+03
      vertex  7.400470e+03  7.690766e+03  9.611212e+03
      vertex  7.400468e+03  7.688543e+03  9.603481e+03
    endloop
  endfacet
  facet normal -1.274678e-01  9.530305e-01 -2.747450e-01
    outer loop
      vertex  7.400468e+03  7.688543e+03  9.603481e+03
      vertex  7.400000e+03  7.687252e+03  9.599219e+03
      vertex  7.400000e+03  7.689684e+03  9.607655e+03
    endloop
  endfacet
  facet normal -1.222960e-01  9.535028e-01 -2.754562e-01
    outer loop
      vertex  7.400466e+03  7.686313e+03  9.595760e+03
      vertex  7.400000e+03  7.687252e+03  9.599219e+03
      vertex  7.400468e+03  7.688543e+03  9.603481e+03
    endloop
  endfacet
  facet normal -1.280579e-01  9.525927e-01 -2.759858e-01
    outer loop
      vertex  7.400000e+03  7.684811e+03  9.590792e+03
      vertex  7.400000e+03  7.687252e+03  9.599219e+03
      vertex  7.400466e+03  7.686313e+03  9.595760e+03
    endloop
  endfacet
  facet normal -1.223089e-01  9.531434e-01 -2.766919e-01
    outer loop
      vertex  7.400464e+03  7.684073e+03  9.588047e+03
      vertex  7.400000e+03  7.684811e+03  9.590792e+03
      vertex  7.400466e+03  7.686313e+03  9.595760e+03
    endloop
  endfacet
  facet normal -1.277674e-01  9.522297e-01 -2.773699e-01
    outer loop
      vertex  7.400000e+03  7.682359e+03  9.582377e+03
      vertex  7.400000e+03  7.684811e+03  9.590792e+03
      vertex  7.400464e+03  7.684073e+03  9.588047e+03
    endloop
  endfacet
  facet normal -1.232737e-01  9.526753e-01 -2.778727e-01
    outer loop
      vertex  7.400462e+03  7.681826e+03  9.580344e+03
      vertex  7.400000e+03  7.682359e+03  9.582377e+03
      vertex  7.400464e+03  7.684073e+03  9.588047e+03
    endloop
  endfacet
  facet normal -1.279453e-01  9.518146e-01 -2.787094e-01
    outer loop
      vertex  7.400000e+03  7.679898e+03  9.573973e+03
      vertex  7.400000e+03  7.682359e+03  9.582377e+03
      vertex  7.400462e+03  7.681826e+03  9.580344e+03
    endloop
  endfacet
  facet normal -1.257741e-01  9.520380e-01 -2.789345e-01
    outer loop
      vertex  7.400460e+03  7.679571e+03  9.572648e+03
      vertex  7.400000e+03  7.679898e+03  9.573973e+03
      vertex  7.400462e+03  7.681826e+03  9.580344e+03
    endloop
  endfacet
  facet normal -1.329211e-01  9.492141e-01 -2.851749e-01
    outer loop
      vertex  7.400451e+03  7.668174e+03  9.534311e+03
      vertex  7.400000e+03  7.667450e+03  9.532110e+03
      vertex  7.400000e+03  7.669959e+03  9.540461e+03
    endloop
  endfacet
  facet normal -1.284357e-01  9.495242e-01 -2.861958e-01
    outer loop
      vertex  7.400000e+03  7.667450e+03  9.532110e+03
      vertex  7.400451e+03  7.668174e+03  9.534311e+03
      vertex  7.400449e+03  7.665871e+03  9.526670e+03
    endloop
  endfacet
  facet normal -1.345852e-01  9.486000e-01 -2.864348e-01
    outer loop
      vertex  7.400449e+03  7.665871e+03  9.526670e+03
      vertex  7.400000e+03  7.664932e+03  9.523770e+03
      vertex  7.400000e+03  7.667450e+03  9.532110e+03
    endloop
  endfacet
  facet normal -1.291963e-01  9.490526e-01 -2.874151e-01
    outer loop
      vertex  7.400000e+03  7.664932e+03  9.523770e+03
      vertex  7.400449e+03  7.665871e+03  9.526670e+03
      vertex  7.400447e+03  7.663560e+03  9.519038e+03
    endloop
  endfacet
  facet normal -1.355853e-01  9.480648e-01 -2.877319e-01
    outer loop
      vertex  7.400447e+03  7.663560e+03  9.519038e+03
      vertex  7.400000e+03  7.662404e+03  9.515440e+03
      vertex  7.400000e+03  7.664932e+03  9.523770e+03
    endloop
  endfacet
  facet normal -1.300612e-01  9.485798e-01 -2.885834e-01
    outer loop
      vertex  7.400000e+03  7.662404e+03  9.515440e+03
      vertex  7.400447e+03  7.663560e+03  9.519038e+03
      vertex  7.400445e+03  7.661240e+03  9.511415e+03
    endloop
  endfacet
  facet normal -1.362519e-01  9.475891e-01 -2.889819e-01
    outer loop
      vertex  7.400445e+03  7.661240e+03  9.511415e+03
      vertex  7.400000e+03  7.659867e+03  9.507121e+03
      vertex  7.400000e+03  7.662404e+03  9.515440e+03
    endloop
  endfacet
  facet normal -1.299960e-01  9.482090e-01 -2.898289e-01
    outer loop
      vertex  7.400443e+03  7.658913e+03  9.503801e+03
      vertex  7.400000e+03  7.659867e+03  9.507121e+03
      vertex  7.400445e+03  7.661240e+03  9.511415e+03
    endloop
  endfacet
  facet normal -1.360690e-01  9.471973e-01 -2.903492e-01
    outer loop
      vertex  7.400000e+03  7.657320e+03  9.498813e+03
      vertex  7.400000e+03  7.659867e+03  9.507121e+03
      vertex  7.400443e+03  7.658913e+03  9.503801e+03
    endloop
  endfacet
  facet normal -1.310293e-01  9.477190e-01 -2.909637e-01
    outer loop
      vertex  7.400441e+03  7.656578e+03  9.496196e+03
      vertex  7.400000e+03  7.657320e+03  9.498813e+03
      vertex  7.400443e+03  7.658913e+03  9.503801e+03
    endloop
  endfacet
  facet normal -1.370204e-01  9.466534e-01 -2.916722e-01
    outer loop
      vertex  7.400000e+03  7.654763e+03  9.490515e+03
      vertex  7.400000e+03  7.657320e+03  9.498813e+03
      vertex  7.400441e+03  7.656578e+03  9.496196e+03
    endloop
  endfacet
  facet normal -1.324800e-01  9.471427e-01 -2.921812e-01
    outer loop
      vertex  7.400439e+03  7.654234e+03  9.488600e+03
      vertex  7.400000e+03  7.654763e+03  9.490515e+03
      vertex  7.400441e+03  7.656578e+03  9.496196e+03
    endloop
  endfacet
  facet normal -1.446383e-01  9.418600e-01 -3.032814e-01
    outer loop
      vertex  7.400423e+03  7.632789e+03  9.420636e+03
      vertex  7.400000e+03  7.631332e+03  9.416313e+03
      vertex  7.400000e+03  7.633973e+03  9.424515e+03
    endloop
  endfacet
  facet normal -1.389058e-01  9.424751e-01 -3.040494e-01
    outer loop
      vertex  7.400421e+03  7.630366e+03  9.413128e+03
      vertex  7.400000e+03  7.631332e+03  9.416313e+03
      vertex  7.400423e+03  7.632789e+03  9.420636e+03
    endloop
  endfacet
  facet normal -1.473565e-01  9.401976e-01 -3.071065e-01
    outer loop
      vertex  7.400000e+03  7.623352e+03  9.391769e+03
      vertex  7.400000e+03  7.626021e+03  9.399939e+03
      vertex  7.400417e+03  7.624915e+03  9.396354e+03
    endloop
  endfacet
  facet normal -1.393719e-01  9.410788e-01 -3.081331e-01
    outer loop
      vertex  7.400415e+03  7.621882e+03  9.387091e+03
      vertex  7.400000e+03  7.623352e+03  9.391769e+03
      vertex  7.400417e+03  7.624915e+03  9.396354e+03
    endloop
  endfacet
  facet normal -1.474658e-01  9.397467e-01 -3.084317e-01
    outer loop
      vertex  7.400415e+03  7.621882e+03  9.387091e+03
      vertex  7.400000e+03  7.620674e+03  9.383608e+03
      vertex  7.400000e+03  7.623352e+03  9.391769e+03
    endloop
  endfacet
  facet normal -1.647707e-01  9.329306e-01 -3.201421e-01
    outer loop
      vertex  7.400397e+03  7.597189e+03  9.313475e+03
      vertex  7.400000e+03  7.593382e+03  9.302586e+03
      vertex  7.400000e+03  7.598914e+03  9.318706e+03
    endloop
  endfacet
  facet normal -1.561936e-01  9.341513e-01 -3.208815e-01
    outer loop
      vertex  7.400397e+03  7.597189e+03  9.313475e+03
      vertex  7.400395e+03  7.594049e+03  9.304334e+03
      vertex  7.400000e+03  7.593382e+03  9.302586e+03
    endloop
  endfacet
  facet normal -1.492104e-01  9.346797e-01 -3.226611e-01
    outer loop
      vertex  7.400000e+03  7.593382e+03  9.302586e+03
      vertex  7.400395e+03  7.594049e+03  9.304334e+03
      vertex  7.400393e+03  7.590897e+03  9.295206e+03
    endloop
  endfacet
  facet normal -1.679448e-01  9.315188e-01 -3.225946e-01
    outer loop
      vertex  7.400393e+03  7.590897e+03  9.295206e+03
      vertex  7.400000e+03  7.587814e+03  9.286507e+03
      vertex  7.400000e+03  7.593382e+03  9.302586e+03
    endloop
  endfacet
  facet normal -1.525264e-01  9.315754e-01 -3.300046e-01
    outer loop
      vertex  7.400000e+03  7.576568e+03  9.254475e+03
      vertex  7.400384e+03  7.578173e+03  9.258829e+03
      vertex  7.400382e+03  7.574963e+03  9.249769e+03
    endloop
  endfacet
  facet normal -1.703407e-01  9.283585e-01 -3.303551e-01
    outer loop
      vertex  7.400382e+03  7.574963e+03  9.249769e+03
      vertex  7.400000e+03  7.570891e+03  9.238521e+03
      vertex  7.400000e+03  7.576568e+03  9.254475e+03
    endloop
  endfacet
  facet normal -1.644123e-01  9.292414e-01 -3.308764e-01
    outer loop
      vertex  7.400382e+03  7.574963e+03  9.249769e+03
      vertex  7.400380e+03  7.571742e+03  9.240722e+03
      vertex  7.400000e+03  7.570891e+03  9.238521e+03
    endloop
  endfacet
  facet normal -1.548874e-01  9.301623e-01 -3.328783e-01
    outer loop
      vertex  7.400000e+03  7.570891e+03  9.238521e+03
      vertex  7.400380e+03  7.571742e+03  9.240722e+03
      vertex  7.400378e+03  7.568508e+03  9.231688e+03
    endloop
  endfacet
  facet normal -1.741928e-01  9.267805e-01 -3.327685e-01
    outer loop
      vertex  7.400378e+03  7.568508e+03  9.231688e+03
      vertex  7.400000e+03  7.565177e+03  9.222608e+03
      vertex  7.400000e+03  7.570891e+03  9.238521e+03
    endloop
  endfacet
  facet normal -1.609540e-01  9.254457e-01 -3.429927e-01
    outer loop
      vertex  7.400000e+03  7.547822e+03  9.175121e+03
      vertex  7.400366e+03  7.548865e+03  9.177765e+03
      vertex  7.400364e+03  7.545551e+03  9.168824e+03
    endloop
  endfacet
  facet normal -1.807938e-01  9.218333e-01 -3.428363e-01
    outer loop
      vertex  7.400364e+03  7.545551e+03  9.168824e+03
      vertex  7.400000e+03  7.541965e+03  9.159374e+03
      vertex  7.400000e+03  7.547822e+03  9.175121e+03
    endloop
  endfacet
  facet normal -1.644569e-01  9.221035e-01 -3.502556e-01
    outer loop
      vertex  7.400354e+03  7.528810e+03  9.124320e+03
      vertex  7.400000e+03  7.530146e+03  9.128005e+03
      vertex  7.400356e+03  7.532181e+03  9.133194e+03
    endloop
  endfacet
  facet normal -2.676063e-01  8.979750e-01 -3.493246e-01
    outer loop
      vertex  7.400000e+03  7.506085e+03  9.065760e+03
      vertex  7.400346e+03  7.515212e+03  9.088955e+03
      vertex  7.400344e+03  7.511785e+03  9.080146e+03
    endloop
  endfacet
  facet normal -1.974789e-01  9.130078e-01 -3.569578e-01
    outer loop
      vertex  7.400000e+03  7.506085e+03  9.065760e+03
      vertex  7.400344e+03  7.511785e+03  9.080146e+03
      vertex  7.400342e+03  7.508346e+03  9.071352e+03
    endloop
  endfacet
  facet normal -1.704869e-01  9.171337e-01 -3.602777e-01
    outer loop
      vertex  7.400341e+03  7.504896e+03  9.062569e+03
      vertex  7.400000e+03  7.506085e+03  9.065760e+03
      vertex  7.400342e+03  7.508346e+03  9.071352e+03
    endloop
  endfacet
  facet normal -2.789292e-01  8.909723e-01 -3.582829e-01
    outer loop
      vertex  7.400000e+03  7.481468e+03  9.004168e+03
      vertex  7.400333e+03  7.490984e+03  9.027573e+03
      vertex  7.400331e+03  7.487478e+03  9.018856e+03
    endloop
  endfacet
  facet normal -2.080748e-01  9.068955e-01 -3.663953e-01
    outer loop
      vertex  7.400000e+03  7.481468e+03  9.004168e+03
      vertex  7.400331e+03  7.487478e+03  9.018856e+03
      vertex  7.400329e+03  7.483961e+03  9.010153e+03
    endloop
  endfacet
  facet normal -1.776790e-01  9.118327e-01 -3.701235e-01
    outer loop
      vertex  7.400328e+03  7.480434e+03  9.001463e+03
      vertex  7.400000e+03  7.481468e+03  9.004168e+03
      vertex  7.400329e+03  7.483961e+03  9.010153e+03
    endloop
  endfacet
  facet normal -2.335345e-01  8.818271e-01 -4.096861e-01
    outer loop
      vertex  7.400277e+03  7.373405e+03  8.755072e+03
      vertex  7.400274e+03  7.365694e+03  8.738477e+03
      vertex  7.400000e+03  7.363995e+03  8.734977e+03
    endloop
  endfacet
  facet normal -2.584499e-01  6.572776e-01 -7.079476e-01
    outer loop
      vertex  7.400044e+03  6.053124e+03  6.956529e+03
      vertex  7.400000e+03  6.063283e+03  6.965978e+03
      vertex  7.400045e+03  6.067309e+03  6.969699e+03
    endloop
  endfacet
  facet normal -6.324444e-01  5.260385e-01 -5.685926e-01
    outer loop
      vertex  7.400044e+03  6.053124e+03  6.956529e+03
      vertex  7.400000e+03  6.040461e+03  6.944864e+03
      vertex  7.400000e+03  6.063283e+03  6.965978e+03
    endloop
  endfacet
  facet normal -3.237571e-01  6.416777e-01 -6.952920e-01
    outer loop
      vertex  7.400043e+03  6.038907e+03  6.943410e+03
      vertex  7.400000e+03  6.040461e+03  6.944864e+03
      vertex  7.400044e+03  6.053124e+03  6.956529e+03
    endloop
  endfacet
  facet normal -4.563003e-01  6.012038e-01 -6.560062e-01
    outer loop
      vertex  7.400000e+03  6.017561e+03  6.923877e+03
      vertex  7.400000e+03  6.040461e+03  6.944864e+03
      vertex  7.400043e+03  6.038907e+03  6.943410e+03
    endloop
  endfacet
  facet normal  9.736993e-02  6.717584e-01 -7.343431e-01
    outer loop
      vertex  7.400042e+03  6.010384e+03  6.917317e+03
      vertex  7.400000e+03  6.017561e+03  6.923877e+03
      vertex  7.400043e+03  6.038907e+03  6.943410e+03
    endloop
  endfacet
  facet normal -6.940660e-01  4.835027e-01 -5.333832e-01
    outer loop
      vertex  7.400000e+03  5.986907e+03  6.896089e+03
      vertex  7.400000e+03  6.017561e+03  6.923877e+03
      vertex  7.400042e+03  6.010384e+03  6.917317e+03
    endloop
  endfacet
  facet normal  1.147087e-03  6.706754e-01 -7.417501e-01
    outer loop
      vertex  7.400040e+03  5.981740e+03  6.891418e+03
      vertex  7.400000e+03  5.986907e+03  6.896089e+03
      vertex  7.400042e+03  6.010384e+03  6.917317e+03
    endloop
  endfacet
  facet normal -8.099844e-01  3.898499e-01 -4.381123e-01
    outer loop
      vertex  7.400000e+03  5.925193e+03  6.841174e+03
      vertex  7.400000e+03  5.986907e+03  6.896089e+03
      vertex  7.400040e+03  5.981740e+03  6.891418e+03
    endloop
  endfacet
  facet normal -1.917929e-01  6.519595e-01 -7.335970e-01
    outer loop
      vertex  7.400037e+03  5.924103e+03  6.840195e+03
      vertex  7.400000e+03  5.925193e+03  6.841174e+03
      vertex  7.400040e+03  5.981740e+03  6.891418e+03
    endloop
  endfacet
  facet normal -4.906842e-01  5.684054e-01 -6.604123e-01
    outer loop
      vertex  7.400034e+03  5.866009e+03  6.789725e+03
      vertex  7.400000e+03  5.862958e+03  6.787124e+03
      vertex  7.400000e+03  5.878564e+03  6.800556e+03
    endloop
  endfacet
  facet normal -2.788729e-01  6.247876e-01 -7.292944e-01
    outer loop
      vertex  7.400000e+03  5.862958e+03  6.787124e+03
      vertex  7.400034e+03  5.866009e+03  6.789725e+03
      vertex  7.400033e+03  5.851417e+03  6.777224e+03
    endloop
  endfacet
  facet normal -5.088071e-01  5.596580e-01 -6.541393e-01
    outer loop
      vertex  7.400033e+03  5.851417e+03  6.777224e+03
      vertex  7.400000e+03  5.847319e+03  6.773744e+03
      vertex  7.400000e+03  5.862958e+03  6.787124e+03
    endloop
  endfacet
  facet normal -2.518575e-01  6.276395e-01 -7.366386e-01
    outer loop
      vertex  7.400033e+03  5.851417e+03  6.777224e+03
      vertex  7.400032e+03  5.836797e+03  6.764768e+03
      vertex  7.400000e+03  5.847319e+03  6.773744e+03
    endloop
  endfacet
  facet normal -4.128011e-01  6.241110e-01 -6.633857e-01
    outer loop
      vertex  7.400000e+03  6.086025e+03  6.987220e+03
      vertex  7.400000e+03  6.097366e+03  6.997889e+03
      vertex  7.400047e+03  6.095586e+03  6.996186e+03
    endloop
  endfacet
  facet normal -2.552482e-01  6.620438e-01 -7.046605e-01
    outer loop
      vertex  7.400046e+03  6.081463e+03  6.982917e+03
      vertex  7.400000e+03  6.086025e+03  6.987220e+03
      vertex  7.400047e+03  6.095586e+03  6.996186e+03
    endloop
  endfacet
  facet normal -5.228839e-01  5.820715e-01 -6.227240e-01
    outer loop
      vertex  7.400046e+03  6.081463e+03  6.982917e+03
      vertex  7.400000e+03  6.065554e+03  6.968084e+03
      vertex  7.400000e+03  6.086025e+03  6.987220e+03
    endloop
  endfacet
  facet normal -2.181459e-01  6.288722e-01 -7.462789e-01
    outer loop
      vertex  7.400000e+03  5.815949e+03  6.747141e+03
      vertex  7.400032e+03  5.822150e+03  6.752357e+03
      vertex  7.400031e+03  5.807477e+03  6.739993e+03
    endloop
  endfacet
  facet normal -2.521028e-01  6.710520e-01 -6.972327e-01
    outer loop
      vertex  7.400050e+03  6.137767e+03  7.036292e+03
      vertex  7.400000e+03  6.142524e+03  7.040889e+03
      vertex  7.400051e+03  6.151762e+03  7.049761e+03
    endloop
  endfacet
  facet normal -4.391075e-01  6.219065e-01 -6.483957e-01
    outer loop
      vertex  7.400000e+03  6.131266e+03  7.030090e+03
      vertex  7.400000e+03  6.142524e+03  7.040889e+03
      vertex  7.400050e+03  6.137767e+03  7.036292e+03
    endloop
  endfacet
  facet normal -2.404880e-01  6.709599e-01 -7.014117e-01
    outer loop
      vertex  7.400049e+03  6.123738e+03  7.022873e+03
      vertex  7.400000e+03  6.131266e+03  7.030090e+03
      vertex  7.400050e+03  6.137767e+03  7.036292e+03
    endloop
  endfacet
  facet normal -2.438738e-01  6.788864e-01 -6.925596e-01
    outer loop
      vertex  7.400053e+03  6.179656e+03  7.076854e+03
      vertex  7.400000e+03  6.187349e+03  7.084413e+03
      vertex  7.400054e+03  6.193554e+03  7.090477e+03
    endloop
  endfacet
  facet normal -4.229194e-01  6.336558e-01 -6.477804e-01
    outer loop
      vertex  7.400053e+03  6.179656e+03  7.076854e+03
      vertex  7.400000e+03  6.176174e+03  7.073482e+03
      vertex  7.400000e+03  6.187349e+03  7.084413e+03
    endloop
  endfacet
  facet normal -3.863195e-01  5.787073e-01 -7.182304e-01
    outer loop
      vertex  7.400026e+03  5.689147e+03  6.642666e+03
      vertex  7.400000e+03  5.689274e+03  6.642782e+03
      vertex  7.400026e+03  5.693208e+03  6.645938e+03
    endloop
  endfacet
  facet normal -4.057509e-01  6.423649e-01 -6.501795e-01
    outer loop
      vertex  7.400000e+03  6.209633e+03  7.106375e+03
      vertex  7.400055e+03  6.207418e+03  7.104152e+03
      vertex  7.400000e+03  6.198502e+03  7.095377e+03
    endloop
  endfacet
  facet normal -3.356702e-01  6.693119e-01 -6.628326e-01
    outer loop
      vertex  7.400000e+03  6.253941e+03  7.150701e+03
      vertex  7.400059e+03  6.255678e+03  7.152425e+03
      vertex  7.400058e+03  6.248810e+03  7.145490e+03
    endloop
  endfacet
  facet normal -4.230800e-01  6.432523e-01 -6.381456e-01
    outer loop
      vertex  7.400058e+03  6.248810e+03  7.145490e+03
      vertex  7.400000e+03  6.242897e+03  7.139569e+03
      vertex  7.400000e+03  6.253941e+03  7.150701e+03
    endloop
  endfacet
  facet normal -4.203901e-01  5.602431e-01 -7.137225e-01
    outer loop
      vertex  7.400000e+03  5.617220e+03  6.585481e+03
      vertex  7.400023e+03  5.615750e+03  6.584314e+03
      vertex  7.400000e+03  5.613201e+03  6.582327e+03
    endloop
  endfacet
  facet normal -3.712643e-01  5.726207e-01 -7.309366e-01
    outer loop
      vertex  7.400023e+03  5.607560e+03  6.577894e+03
      vertex  7.400000e+03  5.609181e+03  6.579175e+03
      vertex  7.400023e+03  5.611656e+03  6.581103e+03
    endloop
  endfacet
  facet normal -4.015801e-01  5.644771e-01 -7.211790e-01
    outer loop
      vertex  7.400000e+03  5.605158e+03  6.576026e+03
      vertex  7.400000e+03  5.609181e+03  6.579175e+03
      vertex  7.400023e+03  5.607560e+03  6.577894e+03
    endloop
  endfacet
  facet normal -3.744481e-01  5.713274e-01 -7.303244e-01
    outer loop
      vertex  7.400023e+03  5.603462e+03  6.574688e+03
      vertex  7.400000e+03  5.605158e+03  6.576026e+03
      vertex  7.400023e+03  5.607560e+03  6.577894e+03
    endloop
  endfacet
  facet normal -4.057347e-01  5.628524e-01 -7.201225e-01
    outer loop
      vertex  7.400000e+03  5.601134e+03  6.572881e+03
      vertex  7.400000e+03  5.605158e+03  6.576026e+03
      vertex  7.400023e+03  5.603462e+03  6.574688e+03
    endloop
  endfacet
  facet normal -3.867258e-01  5.677655e-01 -7.266948e-01
    outer loop
      vertex  7.400023e+03  5.599363e+03  6.571485e+03
      vertex  7.400000e+03  5.601134e+03  6.572881e+03
      vertex  7.400023e+03  5.603462e+03  6.574688e+03
    endloop
  endfacet
  facet normal -4.151630e-01  5.593373e-01 -7.174827e-01
    outer loop
      vertex  7.400022e+03  5.595262e+03  6.568286e+03
      vertex  7.400000e+03  5.593081e+03  6.566599e+03
      vertex  7.400000e+03  5.597108e+03  6.569738e+03
    endloop
  endfacet
  facet normal -3.868305e-01  5.667450e-01 -7.274354e-01
    outer loop
      vertex  7.400022e+03  5.591159e+03  6.565089e+03
      vertex  7.400000e+03  5.593081e+03  6.566599e+03
      vertex  7.400022e+03  5.595262e+03  6.568286e+03
    endloop
  endfacet
  facet normal -4.191253e-01  5.577266e-01 -7.164320e-01
    outer loop
      vertex  7.400000e+03  5.589052e+03  6.563462e+03
      vertex  7.400000e+03  5.593081e+03  6.566599e+03
      vertex  7.400022e+03  5.591159e+03  6.565089e+03
    endloop
  endfacet
  facet normal -3.877549e-01  5.659733e-01 -7.275440e-01
    outer loop
      vertex  7.400022e+03  5.587054e+03  6.561896e+03
      vertex  7.400000e+03  5.589052e+03  6.563462e+03
      vertex  7.400022e+03  5.591159e+03  6.565089e+03
    endloop
  endfacet
  facet normal -4.273582e-01  5.544661e-01 -7.140955e-01
    outer loop
      vertex  7.400022e+03  5.582948e+03  6.558706e+03
      vertex  7.400000e+03  5.580989e+03  6.557197e+03
      vertex  7.400000e+03  5.585021e+03  6.560328e+03
    endloop
  endfacet
  facet normal -3.935000e-01  5.635257e-01 -7.263584e-01
    outer loop
      vertex  7.400000e+03  5.580989e+03  6.557197e+03
      vertex  7.400022e+03  5.582948e+03  6.558706e+03
      vertex  7.400022e+03  5.578840e+03  6.555519e+03
    endloop
  endfacet
  facet normal -4.155508e-01  5.573792e-01 -7.187808e-01
    outer loop
      vertex  7.400022e+03  5.578840e+03  6.555519e+03
      vertex  7.400000e+03  5.576955e+03  6.554069e+03
      vertex  7.400000e+03  5.580989e+03  6.557197e+03
    endloop
  endfacet
  facet normal -3.784891e-01  5.668817e-01 -7.317042e-01
    outer loop
      vertex  7.400022e+03  5.578840e+03  6.555519e+03
      vertex  7.400022e+03  5.574730e+03  6.552334e+03
      vertex  7.400000e+03  5.576955e+03  6.554069e+03
    endloop
  endfacet
  facet normal -3.881060e-01  5.635651e-01 -7.292243e-01
    outer loop
      vertex  7.400000e+03  5.568882e+03  6.547823e+03
      vertex  7.400022e+03  5.570619e+03  6.549153e+03
      vertex  7.400021e+03  5.566506e+03  6.545975e+03
    endloop
  endfacet
  facet normal -4.271387e-01  5.526456e-01 -7.156363e-01
    outer loop
      vertex  7.400021e+03  5.566506e+03  6.545975e+03
      vertex  7.400000e+03  5.564843e+03  6.544704e+03
      vertex  7.400000e+03  5.568882e+03  6.547823e+03
    endloop
  endfacet
  facet normal -3.958938e-01  5.609619e-01 -7.270418e-01
    outer loop
      vertex  7.400021e+03  5.566506e+03  6.545975e+03
      vertex  7.400021e+03  5.562392e+03  6.542800e+03
      vertex  7.400000e+03  5.564843e+03  6.544704e+03
    endloop
  endfacet
  facet normal -3.887854e-01  5.618983e-01 -7.301481e-01
    outer loop
      vertex  7.400000e+03  5.556761e+03  6.538475e+03
      vertex  7.400021e+03  5.558275e+03  6.539628e+03
      vertex  7.400021e+03  5.554157e+03  6.536459e+03
    endloop
  endfacet
  facet normal -4.211276e-01  5.529667e-01 -7.189434e-01
    outer loop
      vertex  7.400021e+03  5.554157e+03  6.536459e+03
      vertex  7.400000e+03  5.552717e+03  6.535364e+03
      vertex  7.400000e+03  5.556761e+03  6.538475e+03
    endloop
  endfacet
  facet normal -3.906766e-01  5.608753e-01 -7.299252e-01
    outer loop
      vertex  7.400021e+03  5.554157e+03  6.536459e+03
      vertex  7.400021e+03  5.550038e+03  6.533294e+03
      vertex  7.400000e+03  5.552717e+03  6.535364e+03
    endloop
  endfacet
  facet normal -3.938208e-01  5.591137e-01 -7.295868e-01
    outer loop
      vertex  7.400000e+03  5.544625e+03  6.529153e+03
      vertex  7.400021e+03  5.545917e+03  6.530131e+03
      vertex  7.400021e+03  5.541793e+03  6.526971e+03
    endloop
  endfacet
  facet normal -4.209156e-01  5.516109e-01 -7.201080e-01
    outer loop
      vertex  7.400021e+03  5.541793e+03  6.526971e+03
      vertex  7.400000e+03  5.540577e+03  6.526052e+03
      vertex  7.400000e+03  5.544625e+03  6.529153e+03
    endloop
  endfacet
  facet normal -4.005946e-01  5.569098e-01 -7.275819e-01
    outer loop
      vertex  7.400021e+03  5.541793e+03  6.526971e+03
      vertex  7.400021e+03  5.537669e+03  6.523814e+03
      vertex  7.400000e+03  5.540577e+03  6.526052e+03
    endloop
  endfacet
  facet normal -4.122088e-01  5.521675e-01 -7.247034e-01
    outer loop
      vertex  7.400021e+03  5.525285e+03  6.514362e+03
      vertex  7.400000e+03  5.524368e+03  6.513675e+03
      vertex  7.400000e+03  5.528423e+03  6.516765e+03
    endloop
  endfacet
  facet normal -3.951851e-01  5.564294e-01 -7.309002e-01
    outer loop
      vertex  7.400000e+03  5.524368e+03  6.513675e+03
      vertex  7.400021e+03  5.525285e+03  6.514362e+03
      vertex  7.400020e+03  5.521154e+03  6.511218e+03
    endloop
  endfacet
  facet normal -4.193867e-01  5.497776e-01 -7.223984e-01
    outer loop
      vertex  7.400020e+03  5.521154e+03  6.511218e+03
      vertex  7.400000e+03  5.520312e+03  6.510588e+03
      vertex  7.400000e+03  5.524368e+03  6.513675e+03
    endloop
  endfacet
  facet normal -4.000419e-01  5.546858e-01 -7.295821e-01
    outer loop
      vertex  7.400000e+03  5.520312e+03  6.510588e+03
      vertex  7.400020e+03  5.521154e+03  6.511218e+03
      vertex  7.400020e+03  5.517021e+03  6.508076e+03
    endloop
  endfacet
  facet normal -3.691263e-01  6.743039e-01 -6.395780e-01
    outer loop
      vertex  7.400000e+03  6.346907e+03  7.246713e+03
      vertex  7.400066e+03  6.344178e+03  7.243797e+03
      vertex  7.400000e+03  6.341484e+03  7.240996e+03
    endloop
  endfacet
  facet normal -4.197342e-01  5.380109e-01 -7.310044e-01
    outer loop
      vertex  7.400000e+03  5.418414e+03  6.434341e+03
      vertex  7.400017e+03  5.417365e+03  6.433560e+03
      vertex  7.400000e+03  5.416367e+03  6.432834e+03
    endloop
  endfacet
  facet normal -4.212413e-01  5.301687e-01 -7.358512e-01
    outer loop
      vertex  7.400015e+03  5.348349e+03  6.383292e+03
      vertex  7.400000e+03  5.346546e+03  6.382001e+03
      vertex  7.400000e+03  5.348605e+03  6.383485e+03
    endloop
  endfacet
  facet normal -4.179216e-01  5.310434e-01 -7.371122e-01
    outer loop
      vertex  7.400015e+03  5.346251e+03  6.381780e+03
      vertex  7.400000e+03  5.346546e+03  6.382001e+03
      vertex  7.400015e+03  5.348349e+03  6.383292e+03
    endloop
  endfacet
  facet normal -4.230919e-01  5.293205e-01 -7.353998e-01
    outer loop
      vertex  7.400015e+03  5.344154e+03  6.380270e+03
      vertex  7.400000e+03  5.342427e+03  6.379035e+03
      vertex  7.400000e+03  5.344486e+03  6.380518e+03
    endloop
  endfacet
  facet normal -4.091576e-01  5.329480e-01 -7.406460e-01
    outer loop
      vertex  7.400015e+03  5.342056e+03  6.378760e+03
      vertex  7.400000e+03  5.342427e+03  6.379035e+03
      vertex  7.400015e+03  5.344154e+03  6.380270e+03
    endloop
  endfacet
  facet normal -4.149018e-01  5.312471e-01 -7.386698e-01
    outer loop
      vertex  7.400000e+03  5.340366e+03  6.377553e+03
      vertex  7.400000e+03  5.342427e+03  6.379035e+03
      vertex  7.400015e+03  5.342056e+03  6.378760e+03
    endloop
  endfacet
  facet normal -4.133608e-01  5.316455e-01 -7.392469e-01
    outer loop
      vertex  7.400015e+03  5.339957e+03  6.377250e+03
      vertex  7.400000e+03  5.340366e+03  6.377553e+03
      vertex  7.400015e+03  5.342056e+03  6.378760e+03
    endloop
  endfacet
  facet normal -4.169382e-01  5.305880e-01 -7.379965e-01
    outer loop
      vertex  7.400000e+03  5.338306e+03  6.376072e+03
      vertex  7.400000e+03  5.340366e+03  6.377553e+03
      vertex  7.400015e+03  5.339957e+03  6.377250e+03
    endloop
  endfacet
  facet normal -4.000739e-01  5.348710e-01 -7.442136e-01
    outer loop
      vertex  7.400015e+03  5.337858e+03  6.375742e+03
      vertex  7.400000e+03  5.338306e+03  6.376072e+03
      vertex  7.400015e+03  5.339957e+03  6.377250e+03
    endloop
  endfacet
  facet normal -4.073617e-01  5.328019e-01 -7.417403e-01
    outer loop
      vertex  7.400000e+03  5.338306e+03  6.376072e+03
      vertex  7.400015e+03  5.337858e+03  6.375742e+03
      vertex  7.400000e+03  5.336245e+03  6.374591e+03
    endloop
  endfacet
  facet normal -3.964853e-01  5.351537e-01 -7.459290e-01
    outer loop
      vertex  7.400000e+03  5.332122e+03  6.371632e+03
      vertex  7.400000e+03  5.334184e+03  6.373111e+03
      vertex  7.400015e+03  5.333659e+03  6.372727e+03
    endloop
  endfacet
  facet normal -4.117216e-01  5.313479e-01 -7.403746e-01
    outer loop
      vertex  7.400015e+03  5.331560e+03  6.371220e+03
      vertex  7.400000e+03  5.332122e+03  6.371632e+03
      vertex  7.400015e+03  5.333659e+03  6.372727e+03
    endloop
  endfacet
  facet normal -4.151371e-01  5.299287e-01 -7.394843e-01
    outer loop
      vertex  7.400015e+03  5.329459e+03  6.369715e+03
      vertex  7.400000e+03  5.327998e+03  6.368676e+03
      vertex  7.400000e+03  5.330060e+03  6.370154e+03
    endloop
  endfacet
  facet normal -4.166033e-01  5.295499e-01 -7.389308e-01
    outer loop
      vertex  7.400000e+03  5.327998e+03  6.368676e+03
      vertex  7.400015e+03  5.329459e+03  6.369715e+03
      vertex  7.400015e+03  5.327358e+03  6.368209e+03
    endloop
  endfacet
  facet normal -4.235602e-01  5.275470e-01 -7.364040e-01
    outer loop
      vertex  7.400015e+03  5.327358e+03  6.368209e+03
      vertex  7.400000e+03  5.325935e+03  6.367198e+03
      vertex  7.400000e+03  5.327998e+03  6.368676e+03
    endloop
  endfacet
  facet normal -4.014997e-01  5.331832e-01 -7.446567e-01
    outer loop
      vertex  7.400015e+03  5.327358e+03  6.368209e+03
      vertex  7.400015e+03  5.325257e+03  6.366705e+03
      vertex  7.400000e+03  5.325935e+03  6.367198e+03
    endloop
  endfacet
  facet normal -4.270484e-01  5.260497e-01 -7.354600e-01
    outer loop
      vertex  7.400015e+03  5.323156e+03  6.365201e+03
      vertex  7.400000e+03  5.321809e+03  6.364246e+03
      vertex  7.400000e+03  5.323872e+03  6.365722e+03
    endloop
  endfacet
  facet normal -4.205324e-01  5.277659e-01 -7.379807e-01
    outer loop
      vertex  7.400000e+03  5.321809e+03  6.364246e+03
      vertex  7.400015e+03  5.323156e+03  6.365201e+03
      vertex  7.400015e+03  5.321055e+03  6.363698e+03
    endloop
  endfacet
  facet normal -4.274417e-01  5.257770e-01 -7.354266e-01
    outer loop
      vertex  7.400015e+03  5.321055e+03  6.363698e+03
      vertex  7.400000e+03  5.319745e+03  6.362771e+03
      vertex  7.400000e+03  5.321809e+03  6.364246e+03
    endloop
  endfacet
  facet normal -3.950764e-01  5.338714e-01 -7.475935e-01
    outer loop
      vertex  7.400015e+03  5.316850e+03  6.360694e+03
      vertex  7.400000e+03  5.317682e+03  6.361296e+03
      vertex  7.400015e+03  5.318953e+03  6.362196e+03
    endloop
  endfacet
  facet normal -4.060410e-01  5.309343e-01 -7.438006e-01
    outer loop
      vertex  7.400015e+03  5.316850e+03  6.360694e+03
      vertex  7.400000e+03  5.315617e+03  6.359822e+03
      vertex  7.400000e+03  5.317682e+03  6.361296e+03
    endloop
  endfacet
  facet normal -4.099348e-01  5.299603e-01 -7.423581e-01
    outer loop
      vertex  7.400000e+03  5.315617e+03  6.359822e+03
      vertex  7.400015e+03  5.316850e+03  6.360694e+03
      vertex  7.400015e+03  5.314748e+03  6.359193e+03
    endloop
  endfacet
  facet normal -4.126883e-01  5.292015e-01 -7.413731e-01
    outer loop
      vertex  7.400015e+03  5.314748e+03  6.359193e+03
      vertex  7.400000e+03  5.313553e+03  6.358349e+03
      vertex  7.400000e+03  5.315617e+03  6.359822e+03
    endloop
  endfacet
  facet normal -3.963378e-01  5.332435e-01 -7.473739e-01
    outer loop
      vertex  7.400000e+03  5.313553e+03  6.358349e+03
      vertex  7.400015e+03  5.314748e+03  6.359193e+03
      vertex  7.400015e+03  5.312645e+03  6.357693e+03
    endloop
  endfacet
  facet normal -4.087276e-01  5.299221e-01 -7.430506e-01
    outer loop
      vertex  7.400015e+03  5.312645e+03  6.357693e+03
      vertex  7.400000e+03  5.311488e+03  6.356876e+03
      vertex  7.400000e+03  5.313553e+03  6.358349e+03
    endloop
  endfacet
  facet normal -3.933988e-01  5.336646e-01 -7.486250e-01
    outer loop
      vertex  7.400000e+03  5.311488e+03  6.356876e+03
      vertex  7.400015e+03  5.312645e+03  6.357693e+03
      vertex  7.400015e+03  5.310541e+03  6.356193e+03
    endloop
  endfacet
  facet normal -4.068304e-01  5.300977e-01 -7.439660e-01
    outer loop
      vertex  7.400015e+03  5.310541e+03  6.356193e+03
      vertex  7.400000e+03  5.309422e+03  6.355404e+03
      vertex  7.400000e+03  5.311488e+03  6.356876e+03
    endloop
  endfacet
  facet normal -4.135719e-01  5.280227e-01 -7.417212e-01
    outer loop
      vertex  7.400014e+03  5.306333e+03  6.353196e+03
      vertex  7.400000e+03  5.305291e+03  6.352462e+03
      vertex  7.400000e+03  5.307357e+03  6.353933e+03
    endloop
  endfacet
  facet normal -4.080319e-01  5.294099e-01 -7.437977e-01
    outer loop
      vertex  7.400000e+03  5.305291e+03  6.352462e+03
      vertex  7.400014e+03  5.306333e+03  6.353196e+03
      vertex  7.400014e+03  5.304229e+03  6.351699e+03
    endloop
  endfacet
  facet normal -4.210701e-01  5.258273e-01 -7.390572e-01
    outer loop
      vertex  7.400014e+03  5.304229e+03  6.351699e+03
      vertex  7.400000e+03  5.303225e+03  6.350992e+03
      vertex  7.400000e+03  5.305291e+03  6.352462e+03
    endloop
  endfacet
  facet normal -4.068025e-01  5.292208e-01 -7.446054e-01
    outer loop
      vertex  7.400000e+03  5.301158e+03  6.349523e+03
      vertex  7.400014e+03  5.302124e+03  6.350202e+03
      vertex  7.400014e+03  5.300019e+03  6.348706e+03
    endloop
  endfacet
  facet normal -4.134319e-01  5.274283e-01 -7.422220e-01
    outer loop
      vertex  7.400014e+03  5.300019e+03  6.348706e+03
      vertex  7.400000e+03  5.299091e+03  6.348054e+03
      vertex  7.400000e+03  5.301158e+03  6.349523e+03
    endloop
  endfacet
  facet normal -4.027496e-01  5.300634e-01 -7.462074e-01
    outer loop
      vertex  7.400000e+03  5.299091e+03  6.348054e+03
      vertex  7.400014e+03  5.300019e+03  6.348706e+03
      vertex  7.400014e+03  5.297914e+03  6.347210e+03
    endloop
  endfacet
  facet normal -4.100191e-01  5.281218e-01 -7.436208e-01
    outer loop
      vertex  7.400014e+03  5.297914e+03  6.347210e+03
      vertex  7.400000e+03  5.297024e+03  6.346586e+03
      vertex  7.400000e+03  5.299091e+03  6.348054e+03
    endloop
  endfacet
  facet normal -3.804719e-01  5.351233e-01 -7.542441e-01
    outer loop
      vertex  7.400000e+03  5.294957e+03  6.345119e+03
      vertex  7.400014e+03  5.295808e+03  6.345715e+03
      vertex  7.400014e+03  5.293702e+03  6.344221e+03
    endloop
  endfacet
  facet normal -3.893564e-01  5.329013e-01 -7.512774e-01
    outer loop
      vertex  7.400014e+03  5.293702e+03  6.344221e+03
      vertex  7.400000e+03  5.292889e+03  6.343652e+03
      vertex  7.400000e+03  5.294957e+03  6.345119e+03
    endloop
  endfacet
  facet normal -3.805449e-01  5.349070e-01 -7.543606e-01
    outer loop
      vertex  7.400014e+03  5.293702e+03  6.344221e+03
      vertex  7.400014e+03  5.291595e+03  6.342728e+03
      vertex  7.400000e+03  5.292889e+03  6.343652e+03
    endloop
  endfacet
  facet normal -4.031729e-01  5.288852e-01 -7.468145e-01
    outer loop
      vertex  7.400000e+03  5.288752e+03  6.340721e+03
      vertex  7.400014e+03  5.289489e+03  6.341235e+03
      vertex  7.400014e+03  5.287381e+03  6.339743e+03
    endloop
  endfacet
  facet normal -4.119149e-01  5.265611e-01 -7.436797e-01
    outer loop
      vertex  7.400014e+03  5.287381e+03  6.339743e+03
      vertex  7.400000e+03  5.286683e+03  6.339256e+03
      vertex  7.400000e+03  5.288752e+03  6.340721e+03
    endloop
  endfacet
  facet normal -4.076113e-01  5.242980e-01 -7.476394e-01
    outer loop
      vertex  7.400000e+03  5.253538e+03  6.315908e+03
      vertex  7.400000e+03  5.255612e+03  6.317362e+03
      vertex  7.400013e+03  5.255735e+03  6.317441e+03
    endloop
  endfacet
  facet normal -3.454185e-01  7.128557e-01 -6.103464e-01
    outer loop
      vertex  7.400000e+03  6.548500e+03  7.470603e+03
      vertex  7.400087e+03  6.546780e+03  7.468544e+03
      vertex  7.400000e+03  6.543311e+03  7.464542e+03
    endloop
  endfacet
  facet normal -3.407301e-01  7.158163e-01 -6.095161e-01
    outer loop
      vertex  7.400000e+03  6.558860e+03  7.482752e+03
      vertex  7.400089e+03  6.555382e+03  7.478618e+03
      vertex  7.400000e+03  6.553683e+03  7.476673e+03
    endloop
  endfacet
  facet normal -3.247566e-01  7.251513e-01 -6.071973e-01
    outer loop
      vertex  7.400000e+03  6.589782e+03  7.519428e+03
      vertex  7.400093e+03  6.589610e+03  7.519173e+03
      vertex  7.400000e+03  6.584645e+03  7.513292e+03
    endloop
  endfacet
  facet normal -1.922910e-01  8.845530e-01 -4.249589e-01
    outer loop
      vertex  7.400262e+03  7.334436e+03  8.672600e+03
      vertex  7.400000e+03  7.336446e+03  8.676901e+03
      vertex  7.400265e+03  7.342313e+03  8.688993e+03
    endloop
  endfacet
  facet normal -2.532274e-01  8.704703e-01 -4.220869e-01
    outer loop
      vertex  7.400000e+03  7.322479e+03  8.648099e+03
      vertex  7.400000e+03  7.336446e+03  8.676901e+03
      vertex  7.400262e+03  7.334436e+03  8.672600e+03
    endloop
  endfacet
  facet normal -2.946198e-01  8.600459e-01 -4.165576e-01
    outer loop
      vertex  7.400262e+03  7.334436e+03  8.672600e+03
      vertex  7.400259e+03  7.326519e+03  8.656256e+03
      vertex  7.400000e+03  7.322479e+03  8.648099e+03
    endloop
  endfacet
  facet normal -1.903939e-01  8.821335e-01 -4.308022e-01
    outer loop
      vertex  7.400000e+03  7.322479e+03  8.648099e+03
      vertex  7.400259e+03  7.326519e+03  8.656256e+03
      vertex  7.400256e+03  7.318561e+03  8.639962e+03
    endloop
  endfacet
  facet normal -2.835203e-01  8.604823e-01 -4.233039e-01
    outer loop
      vertex  7.400256e+03  7.318561e+03  8.639962e+03
      vertex  7.400000e+03  7.308387e+03  8.619451e+03
      vertex  7.400000e+03  7.322479e+03  8.648099e+03
    endloop
  endfacet
  facet normal -2.562217e-01  8.672025e-01 -4.269780e-01
    outer loop
      vertex  7.400256e+03  7.318561e+03  8.639962e+03
      vertex  7.400252e+03  7.310563e+03  8.623719e+03
      vertex  7.400000e+03  7.308387e+03  8.619451e+03
    endloop
  endfacet
  facet normal -1.998394e-01  8.776557e-01 -4.356427e-01
    outer loop
      vertex  7.400000e+03  7.308387e+03  8.619451e+03
      vertex  7.400252e+03  7.310563e+03  8.623719e+03
      vertex  7.400250e+03  7.302523e+03  8.607524e+03
    endloop
  endfacet
  facet normal -3.017057e-01  8.530868e-01 -4.256955e-01
    outer loop
      vertex  7.400250e+03  7.302523e+03  8.607524e+03
      vertex  7.400000e+03  7.294168e+03  8.590958e+03
      vertex  7.400000e+03  7.308387e+03  8.619451e+03
    endloop
  endfacet
  facet normal -2.063714e-01  8.721958e-01 -4.434922e-01
    outer loop
      vertex  7.400241e+03  7.278165e+03  8.559242e+03
      vertex  7.400000e+03  7.279826e+03  8.562620e+03
      vertex  7.400244e+03  7.286324e+03  8.575287e+03
    endloop
  endfacet
  facet normal -2.413381e-01  8.639704e-01 -4.419403e-01
    outer loop
      vertex  7.400000e+03  7.272607e+03  8.548509e+03
      vertex  7.400000e+03  7.279826e+03  8.562620e+03
      vertex  7.400241e+03  7.278165e+03  8.559242e+03
    endloop
  endfacet
  facet normal -2.026411e-01  8.714443e-01 -4.466781e-01
    outer loop
      vertex  7.400238e+03  7.269966e+03  8.543247e+03
      vertex  7.400000e+03  7.272607e+03  8.548509e+03
      vertex  7.400241e+03  7.278165e+03  8.559242e+03
    endloop
  endfacet
  facet normal -2.475707e-01  8.613334e-01 -4.436366e-01
    outer loop
      vertex  7.400000e+03  7.265359e+03  8.534436e+03
      vertex  7.400000e+03  7.272607e+03  8.548509e+03
      vertex  7.400238e+03  7.269966e+03  8.543247e+03
    endloop
  endfacet
  facet normal -1.991150e-01  8.706435e-01 -4.498146e-01
    outer loop
      vertex  7.400235e+03  7.261727e+03  8.527301e+03
      vertex  7.400000e+03  7.265359e+03  8.534436e+03
      vertex  7.400238e+03  7.269966e+03  8.543247e+03
    endloop
  endfacet
  facet normal -2.496443e-01  8.595886e-01 -4.458533e-01
    outer loop
      vertex  7.400235e+03  7.261727e+03  8.527301e+03
      vertex  7.400000e+03  7.258079e+03  8.520400e+03
      vertex  7.400000e+03  7.265359e+03  8.534436e+03
    endloop
  endfacet
  facet normal -2.004032e-01  8.689615e-01 -4.524871e-01
    outer loop
      vertex  7.400000e+03  7.258079e+03  8.520400e+03
      vertex  7.400235e+03  7.261727e+03  8.527301e+03
      vertex  7.400232e+03  7.253448e+03  8.511404e+03
    endloop
  endfacet
  facet normal -2.501106e-01  8.582118e-01 -4.482378e-01
    outer loop
      vertex  7.400232e+03  7.253448e+03  8.511404e+03
      vertex  7.400000e+03  7.250769e+03  8.506404e+03
      vertex  7.400000e+03  7.258079e+03  8.520400e+03
    endloop
  endfacet
  facet normal -2.054251e-01  8.665789e-01 -4.547985e-01
    outer loop
      vertex  7.400000e+03  7.250769e+03  8.506404e+03
      vertex  7.400232e+03  7.253448e+03  8.511404e+03
      vertex  7.400229e+03  7.245130e+03  8.495557e+03
    endloop
  endfacet
  facet normal -2.478881e-01  8.574380e-01 -4.509453e-01
    outer loop
      vertex  7.400229e+03  7.245130e+03  8.495557e+03
      vertex  7.400000e+03  7.243428e+03  8.492446e+03
      vertex  7.400000e+03  7.250769e+03  8.506404e+03
    endloop
  endfacet
  facet normal -2.212731e-01  8.591062e-01 -4.614919e-01
    outer loop
      vertex  7.400221e+03  7.219943e+03  8.448308e+03
      vertex  7.400000e+03  7.221224e+03  8.450799e+03
      vertex  7.400224e+03  7.228378e+03  8.464009e+03
    endloop
  endfacet
  facet normal -2.505050e-01  8.516992e-01 -4.602778e-01
    outer loop
      vertex  7.400000e+03  7.213763e+03  8.436992e+03
      vertex  7.400000e+03  7.221224e+03  8.450799e+03
      vertex  7.400221e+03  7.219943e+03  8.448308e+03
    endloop
  endfacet
  facet normal -2.128994e-01  8.592549e-01 -4.651396e-01
    outer loop
      vertex  7.400219e+03  7.211470e+03  8.432656e+03
      vertex  7.400000e+03  7.213763e+03  8.436992e+03
      vertex  7.400221e+03  7.219943e+03  8.448308e+03
    endloop
  endfacet
  facet normal -2.572185e-01  8.488342e-01 -4.618648e-01
    outer loop
      vertex  7.400000e+03  7.206271e+03  8.423224e+03
      vertex  7.400000e+03  7.213763e+03  8.436992e+03
      vertex  7.400219e+03  7.211470e+03  8.432656e+03
    endloop
  endfacet
  facet normal -2.091762e-01  8.584607e-01 -4.682845e-01
    outer loop
      vertex  7.400216e+03  7.202958e+03  8.417053e+03
      vertex  7.400000e+03  7.206271e+03  8.423224e+03
      vertex  7.400219e+03  7.211470e+03  8.432656e+03
    endloop
  endfacet
  facet normal -2.538583e-01  8.484277e-01 -4.644635e-01
    outer loop
      vertex  7.400216e+03  7.202958e+03  8.417053e+03
      vertex  7.400000e+03  7.200005e+03  8.411778e+03
      vertex  7.400000e+03  7.206271e+03  8.423224e+03
    endloop
  endfacet
  facet normal -2.109625e-01  8.566364e-01 -4.708172e-01
    outer loop
      vertex  7.400000e+03  7.200005e+03  8.411778e+03
      vertex  7.400216e+03  7.202958e+03  8.417053e+03
      vertex  7.400213e+03  7.194407e+03  8.401497e+03
    endloop
  endfacet
  facet normal -2.471438e-01  8.488399e-01 -4.673229e-01
    outer loop
      vertex  7.400213e+03  7.194407e+03  8.401497e+03
      vertex  7.400000e+03  7.193719e+03  8.400359e+03
      vertex  7.400000e+03  7.200005e+03  8.411778e+03
    endloop
  endfacet
  facet normal -2.114079e-01  8.535054e-01 -4.762721e-01
    outer loop
      vertex  7.400208e+03  7.177192e+03  8.370532e+03
      vertex  7.400000e+03  7.181084e+03  8.377600e+03
      vertex  7.400211e+03  7.185819e+03  8.385990e+03
    endloop
  endfacet
  facet normal -1.394282e-01  9.415687e-01 -3.066074e-01
    outer loop
      vertex  7.400419e+03  7.627936e+03  9.405630e+03
      vertex  7.400417e+03  7.624915e+03  9.396354e+03
      vertex  7.400000e+03  7.626021e+03  9.399939e+03
    endloop
  endfacet
  facet normal -1.456787e-01  9.408505e-01 -3.059056e-01
    outer loop
      vertex  7.400419e+03  7.627936e+03  9.405630e+03
      vertex  7.400000e+03  7.626021e+03  9.399939e+03
      vertex  7.400000e+03  7.628681e+03  9.408121e+03
    endloop
  endfacet
  facet normal -1.370737e-01  9.424559e-01 -3.049386e-01
    outer loop
      vertex  7.400419e+03  7.627936e+03  9.405630e+03
      vertex  7.400000e+03  7.628681e+03  9.408121e+03
      vertex  7.400000e+03  7.631332e+03  9.416313e+03
    endloop
  endfacet
  facet normal -1.490256e-01  9.406719e-01 -3.048403e-01
    outer loop
      vertex  7.400419e+03  7.627936e+03  9.405630e+03
      vertex  7.400000e+03  7.631332e+03  9.416313e+03
      vertex  7.400421e+03  7.630366e+03  9.413128e+03
    endloop
  endfacet
  facet normal -1.192911e-01  9.555918e-01 -2.694699e-01
    outer loop
      vertex  7.400479e+03  7.699576e+03  9.642224e+03
      vertex  7.400476e+03  7.697386e+03  9.634457e+03
      vertex  7.400000e+03  7.698119e+03  9.637269e+03
    endloop
  endfacet
  facet normal -1.208550e-01  9.554497e-01 -2.692771e-01
    outer loop
      vertex  7.400479e+03  7.699576e+03  9.642224e+03
      vertex  7.400000e+03  7.698119e+03  9.637269e+03
      vertex  7.400000e+03  7.699314e+03  9.641510e+03
    endloop
  endfacet
  facet normal -1.217021e-01  9.554970e-01 -2.687267e-01
    outer loop
      vertex  7.400479e+03  7.699576e+03  9.642224e+03
      vertex  7.400000e+03  7.699314e+03  9.641510e+03
      vertex  7.400000e+03  7.700508e+03  9.645753e+03
    endloop
  endfacet
  facet normal -1.151370e-01  9.564868e-01 -2.680978e-01
    outer loop
      vertex  7.400479e+03  7.699576e+03  9.642224e+03
      vertex  7.400000e+03  7.700508e+03  9.645753e+03
      vertex  7.400000e+03  7.701698e+03  9.650000e+03
    endloop
  endfacet
  facet normal -1.197397e-01  9.558880e-01 -2.682176e-01
    outer loop
      vertex  7.400479e+03  7.699576e+03  9.642224e+03
      vertex  7.400000e+03  7.701698e+03  9.650000e+03
      vertex  7.400230e+03  7.701727e+03  9.650000e+03
    endloop
  endfacet
  facet normal -1.202902e-01  9.558192e-01 -2.682162e-01
    outer loop
      vertex  7.400479e+03  7.699576e+03  9.642224e+03
      vertex  7.400230e+03  7.701727e+03  9.650000e+03
      vertex  7.400480e+03  7.701758e+03  9.649999e+03
    endloop
  endfacet
  facet normal -3.928094e-01  5.579233e-01 -7.310420e-01
    outer loop
      vertex  7.400021e+03  5.533542e+03  6.520661e+03
      vertex  7.400021e+03  5.529415e+03  6.517510e+03
      vertex  7.400000e+03  5.532476e+03  6.519857e+03
    endloop
  endfacet
  facet normal -4.195018e-01  5.511122e-01 -7.213138e-01
    outer loop
      vertex  7.400021e+03  5.533542e+03  6.520661e+03
      vertex  7.400000e+03  5.532476e+03  6.519857e+03
      vertex  7.400000e+03  5.536527e+03  6.522953e+03
    endloop
  endfacet
  facet normal -4.237810e-01  5.498817e-01 -7.197499e-01
    outer loop
      vertex  7.400021e+03  5.533542e+03  6.520661e+03
      vertex  7.400000e+03  5.536527e+03  6.522953e+03
      vertex  7.400009e+03  5.537162e+03  6.523433e+03
    endloop
  endfacet
  facet normal -3.644992e-01  5.654648e-01 -7.398580e-01
    outer loop
      vertex  7.400021e+03  5.533542e+03  6.520661e+03
      vertex  7.400009e+03  5.537162e+03  6.523433e+03
      vertex  7.400021e+03  5.537669e+03  6.523814e+03
    endloop
  endfacet
  facet normal -1.960651e-01  9.156388e-01 -3.509476e-01
    outer loop
      vertex  7.400000e+03  7.518186e+03  9.096801e+03
      vertex  7.400000e+03  7.530146e+03  9.128005e+03
      vertex  7.400354e+03  7.528810e+03  9.124320e+03
    endloop
  endfacet
  facet normal -3.054641e-01  8.896250e-01 -3.394980e-01
    outer loop
      vertex  7.400000e+03  7.518186e+03  9.096801e+03
      vertex  7.400354e+03  7.528810e+03  9.124320e+03
      vertex  7.400352e+03  7.525427e+03  9.115459e+03
    endloop
  endfacet
  facet normal -2.192778e-01  9.109532e-01 -3.494017e-01
    outer loop
      vertex  7.400000e+03  7.518186e+03  9.096801e+03
      vertex  7.400352e+03  7.525427e+03  9.115459e+03
      vertex  7.400350e+03  7.522033e+03  9.106611e+03
    endloop
  endfacet
  facet normal -1.753600e-01  9.186615e-01 -3.539917e-01
    outer loop
      vertex  7.400000e+03  7.518186e+03  9.096801e+03
      vertex  7.400350e+03  7.522033e+03  9.106611e+03
      vertex  7.400348e+03  7.518628e+03  9.097776e+03
    endloop
  endfacet
  facet normal -1.704391e-01  9.188721e-01 -3.558434e-01
    outer loop
      vertex  7.400000e+03  7.518186e+03  9.096801e+03
      vertex  7.400348e+03  7.518628e+03  9.097776e+03
      vertex  7.400346e+03  7.515212e+03  9.088955e+03
    endloop
  endfacet
  facet normal -2.213433e-01  9.085993e-01 -3.541954e-01
    outer loop
      vertex  7.400000e+03  7.518186e+03  9.096801e+03
      vertex  7.400346e+03  7.515212e+03  9.088955e+03
      vertex  7.400000e+03  7.506085e+03  9.065760e+03
    endloop
  endfacet
  facet normal -1.996961e-01  9.109043e-01 -3.610746e-01
    outer loop
      vertex  7.400000e+03  7.493846e+03  9.034882e+03
      vertex  7.400000e+03  7.506085e+03  9.065760e+03
      vertex  7.400341e+03  7.504896e+03  9.062569e+03
    endloop
  endfacet
  facet normal -3.201608e-01  8.812307e-01 -3.477493e-01
    outer loop
      vertex  7.400000e+03  7.493846e+03  9.034882e+03
      vertex  7.400341e+03  7.504896e+03  9.062569e+03
      vertex  7.400339e+03  7.501435e+03  9.053801e+03
    endloop
  endfacet
  facet normal -2.336075e-01  9.038746e-01 -3.583827e-01
    outer loop
      vertex  7.400000e+03  7.493846e+03  9.034882e+03
      vertex  7.400339e+03  7.501435e+03  9.053801e+03
      vertex  7.400337e+03  7.497962e+03  9.045045e+03
    endloop
  endfacet
  facet normal -1.817054e-01  9.135016e-01 -3.640029e-01
    outer loop
      vertex  7.400000e+03  7.493846e+03  9.034882e+03
      vertex  7.400337e+03  7.497962e+03  9.045045e+03
      vertex  7.400335e+03  7.494479e+03  9.036303e+03
    endloop
  endfacet
  facet normal -1.747976e-01  9.140934e-01 -3.658948e-01
    outer loop
      vertex  7.400000e+03  7.493846e+03  9.034882e+03
      vertex  7.400335e+03  7.494479e+03  9.036303e+03
      vertex  7.400333e+03  7.490984e+03  9.027573e+03
    endloop
  endfacet
  facet normal -2.267916e-01  9.033437e-01 -3.640546e-01
    outer loop
      vertex  7.400000e+03  7.493846e+03  9.034882e+03
      vertex  7.400333e+03  7.490984e+03  9.027573e+03
      vertex  7.400000e+03  7.481468e+03  9.004168e+03
    endloop
  endfacet
  facet normal -2.277730e-01  8.999919e-01 -3.716640e-01
    outer loop
      vertex  7.400000e+03  7.456301e+03  8.943226e+03
      vertex  7.400000e+03  7.481468e+03  9.004168e+03
      vertex  7.400328e+03  7.480434e+03  9.001463e+03
    endloop
  endfacet
  facet normal -7.447675e-01  6.179606e-01 -2.518851e-01
    outer loop
      vertex  7.400000e+03  7.456301e+03  8.943226e+03
      vertex  7.400328e+03  7.480434e+03  9.001463e+03
      vertex  7.400326e+03  7.476895e+03  8.992786e+03
    endloop
  endfacet
  facet normal -6.465013e-01  7.060081e-01 -2.891170e-01
    outer loop
      vertex  7.400000e+03  7.456301e+03  8.943226e+03
      vertex  7.400326e+03  7.476895e+03  8.992786e+03
      vertex  7.400324e+03  7.473345e+03  8.984122e+03
    endloop
  endfacet
  facet normal -5.259942e-01  7.865109e-01 -3.236212e-01
    outer loop
      vertex  7.400000e+03  7.456301e+03  8.943226e+03
      vertex  7.400324e+03  7.473345e+03  8.984122e+03
      vertex  7.400322e+03  7.469784e+03  8.975471e+03
    endloop
  endfacet
  facet normal -3.989173e-01  8.474169e-01 -3.503564e-01
    outer loop
      vertex  7.400000e+03  7.456301e+03  8.943226e+03
      vertex  7.400322e+03  7.469784e+03  8.975471e+03
      vertex  7.400320e+03  7.466211e+03  8.966832e+03
    endloop
  endfacet
  facet normal -2.951754e-01  8.823785e-01 -3.664419e-01
    outer loop
      vertex  7.400000e+03  7.456301e+03  8.943226e+03
      vertex  7.400320e+03  7.466211e+03  8.966832e+03
      vertex  7.400318e+03  7.462629e+03  8.958207e+03
    endloop
  endfacet
  facet normal -2.148955e-01  9.012985e-01 -3.761396e-01
    outer loop
      vertex  7.400000e+03  7.456301e+03  8.943226e+03
      vertex  7.400318e+03  7.462629e+03  8.958207e+03
      vertex  7.400316e+03  7.459035e+03  8.949596e+03
    endloop
  endfacet
  facet normal -1.836552e-01  9.065871e-01 -3.799611e-01
    outer loop
      vertex  7.400000e+03  7.456301e+03  8.943226e+03
      vertex  7.400316e+03  7.459035e+03  8.949596e+03
      vertex  7.400315e+03  7.455430e+03  8.940996e+03
    endloop
  endfacet
  facet normal -2.667626e-01  8.843791e-01 -3.830289e-01
    outer loop
      vertex  7.400000e+03  7.404348e+03  8.823271e+03
      vertex  7.400000e+03  7.456301e+03  8.943226e+03
      vertex  7.400315e+03  7.455430e+03  8.940996e+03
    endloop
  endfacet
  facet normal -9.791307e-01  1.873804e-01 -7.868717e-02
    outer loop
      vertex  7.400000e+03  7.404348e+03  8.823271e+03
      vertex  7.400315e+03  7.455430e+03  8.940996e+03
      vertex  7.400313e+03  7.451814e+03  8.932410e+03
    endloop
  endfacet
  facet normal -9.723022e-01  2.153406e-01 -9.086715e-02
    outer loop
      vertex  7.400000e+03  7.404348e+03  8.823271e+03
      vertex  7.400313e+03  7.451814e+03  8.932410e+03
      vertex  7.400311e+03  7.448188e+03  8.923837e+03
    endloop
  endfacet
  facet normal -9.607851e-01  2.552671e-01 -1.083081e-01
    outer loop
      vertex  7.400000e+03  7.404348e+03  8.823271e+03
      vertex  7.400311e+03  7.448188e+03  8.923837e+03
      vertex  7.400310e+03  7.444550e+03  8.915276e+03
    endloop
  endfacet
  facet normal -9.478738e-01  2.931460e-01 -1.249030e-01
    outer loop
      vertex  7.400000e+03  7.404348e+03  8.823271e+03
      vertex  7.400310e+03  7.444550e+03  8.915276e+03
      vertex  7.400308e+03  7.440902e+03  8.906729e+03
    endloop
  endfacet
  facet normal -9.096029e-01  3.817962e-01 -1.638725e-01
    outer loop
      vertex  7.400000e+03  7.404348e+03  8.823271e+03
      vertex  7.400308e+03  7.440902e+03  8.906729e+03
      vertex  7.400304e+03  7.433573e+03  8.889673e+03
    endloop
  endfacet
  facet normal -8.093157e-01  5.389647e-01 -2.335063e-01
    outer loop
      vertex  7.400000e+03  7.404348e+03  8.823271e+03
      vertex  7.400304e+03  7.433573e+03  8.889673e+03
      vertex  7.400301e+03  7.426201e+03  8.872669e+03
    endloop
  endfacet
  facet normal -6.169446e-01  7.211056e-01 -3.152555e-01
    outer loop
      vertex  7.400000e+03  7.404348e+03  8.823271e+03
      vertex  7.400301e+03  7.426201e+03  8.872669e+03
      vertex  7.400297e+03  7.418787e+03  8.855716e+03
    endloop
  endfacet
  facet normal -3.602950e-01  8.534770e-01 -3.765162e-01
    outer loop
      vertex  7.400000e+03  7.404348e+03  8.823271e+03
      vertex  7.400297e+03  7.418787e+03  8.855716e+03
      vertex  7.400294e+03  7.411329e+03  8.838813e+03
    endloop
  endfacet
  facet normal -1.928618e-01  8.964472e-01 -3.989822e-01
    outer loop
      vertex  7.400000e+03  7.404348e+03  8.823271e+03
      vertex  7.400294e+03  7.411329e+03  8.838813e+03
      vertex  7.400291e+03  7.403829e+03  8.821964e+03
    endloop
  endfacet
  facet normal -2.249314e-01  8.873550e-01 -4.025010e-01
    outer loop
      vertex  7.400000e+03  7.377576e+03  8.764250e+03
      vertex  7.400000e+03  7.404348e+03  8.823271e+03
      vertex  7.400291e+03  7.403829e+03  8.821964e+03
    endloop
  endfacet
  facet normal -7.431844e-01  6.104411e-01 -2.739317e-01
    outer loop
      vertex  7.400000e+03  7.377576e+03  8.764250e+03
      vertex  7.400291e+03  7.403829e+03  8.821964e+03
      vertex  7.400287e+03  7.396286e+03  8.805164e+03
    endloop
  endfacet
  facet normal -5.055245e-01  7.859991e-01 -3.558798e-01
    outer loop
      vertex  7.400000e+03  7.377576e+03  8.764250e+03
      vertex  7.400287e+03  7.396286e+03  8.805164e+03
      vertex  7.400284e+03  7.388701e+03  8.788416e+03
    endloop
  endfacet
  facet normal -2.697480e-01  8.759026e-01 -4.000383e-01
    outer loop
      vertex  7.400000e+03  7.377576e+03  8.764250e+03
      vertex  7.400284e+03  7.388701e+03  8.788416e+03
      vertex  7.400281e+03  7.381074e+03  8.771719e+03
    endloop
  endfacet
  facet normal -1.815149e-01  8.931773e-01 -4.114447e-01
    outer loop
      vertex  7.400000e+03  7.377576e+03  8.764250e+03
      vertex  7.400281e+03  7.381074e+03  8.771719e+03
      vertex  7.400277e+03  7.373405e+03  8.755072e+03
    endloop
  endfacet
  facet normal -2.722695e-01  8.728591e-01 -4.049523e-01
    outer loop
      vertex  7.400000e+03  7.377576e+03  8.764250e+03
      vertex  7.400277e+03  7.373405e+03  8.755072e+03
      vertex  7.400000e+03  7.363995e+03  8.734977e+03
    endloop
  endfacet
  facet normal -3.756440e-01  5.869986e-01 -7.171640e-01
    outer loop
      vertex  7.400008e+03  5.731684e+03  6.677185e+03
      vertex  7.400000e+03  5.736997e+03  6.681538e+03
      vertex  7.400028e+03  5.737753e+03  6.682142e+03
    endloop
  endfacet
  facet normal -4.036928e-01  5.802113e-01 -7.073803e-01
    outer loop
      vertex  7.400028e+03  5.737753e+03  6.682142e+03
      vertex  7.400000e+03  5.736997e+03  6.681538e+03
      vertex  7.400000e+03  5.744925e+03  6.688041e+03
    endloop
  endfacet
  facet normal -3.711081e-01  5.889860e-01 -7.178957e-01
    outer loop
      vertex  7.400028e+03  5.737753e+03  6.682142e+03
      vertex  7.400000e+03  5.744925e+03  6.688041e+03
      vertex  7.400028e+03  5.745828e+03  6.688767e+03
    endloop
  endfacet
  facet normal -4.122500e-01  5.787835e-01 -7.036047e-01
    outer loop
      vertex  7.400028e+03  5.745828e+03  6.688767e+03
      vertex  7.400000e+03  5.744925e+03  6.688041e+03
      vertex  7.400000e+03  5.752846e+03  6.694557e+03
    endloop
  endfacet
  facet normal -3.710722e-01  5.900400e-01 -7.170482e-01
    outer loop
      vertex  7.400028e+03  5.745828e+03  6.688767e+03
      vertex  7.400000e+03  5.752846e+03  6.694557e+03
      vertex  7.400029e+03  5.753895e+03  6.695405e+03
    endloop
  endfacet
  facet normal -4.150136e-01  5.789497e-01 -7.018412e-01
    outer loop
      vertex  7.400029e+03  5.753895e+03  6.695405e+03
      vertex  7.400000e+03  5.752846e+03  6.694557e+03
      vertex  7.400000e+03  5.760760e+03  6.701085e+03
    endloop
  endfacet
  facet normal -3.655497e-01  5.924451e-01 -7.179013e-01
    outer loop
      vertex  7.400029e+03  5.753895e+03  6.695405e+03
      vertex  7.400000e+03  5.760760e+03  6.701085e+03
      vertex  7.400029e+03  5.761955e+03  6.702056e+03
    endloop
  endfacet
  facet normal -4.160617e-01  5.796536e-01 -7.006384e-01
    outer loop
      vertex  7.400029e+03  5.761955e+03  6.702056e+03
      vertex  7.400000e+03  5.760760e+03  6.701085e+03
      vertex  7.400000e+03  5.768667e+03  6.707626e+03
    endloop
  endfacet
  facet normal -3.691517e-01  5.925686e-01 -7.159535e-01
    outer loop
      vertex  7.400029e+03  5.761955e+03  6.702056e+03
      vertex  7.400000e+03  5.768667e+03  6.707626e+03
      vertex  7.400029e+03  5.770007e+03  6.708720e+03
    endloop
  endfacet
  facet normal -4.228306e-01  5.786213e-01 -6.974322e-01
    outer loop
      vertex  7.400029e+03  5.770007e+03  6.708720e+03
      vertex  7.400000e+03  5.768667e+03  6.707626e+03
      vertex  7.400000e+03  5.776566e+03  6.714180e+03
    endloop
  endfacet
  facet normal -3.581753e-01  5.963501e-01 -7.183849e-01
    outer loop
      vertex  7.400029e+03  5.770007e+03  6.708720e+03
      vertex  7.400000e+03  5.776566e+03  6.714180e+03
      vertex  7.400030e+03  5.778051e+03  6.715397e+03
    endloop
  endfacet
  facet normal -4.163679e-01  5.815341e-01 -6.988961e-01
    outer loop
      vertex  7.400030e+03  5.778051e+03  6.715397e+03
      vertex  7.400000e+03  5.776566e+03  6.714180e+03
      vertex  7.400000e+03  5.784458e+03  6.720746e+03
    endloop
  endfacet
  facet normal -3.738128e-01  5.933839e-01 -7.128531e-01
    outer loop
      vertex  7.400030e+03  5.778051e+03  6.715397e+03
      vertex  7.400000e+03  5.784458e+03  6.720746e+03
      vertex  7.400030e+03  5.785417e+03  6.721529e+03
    endloop
  endfacet
  facet normal -4.134391e-01  5.833979e-01 -6.990817e-01
    outer loop
      vertex  7.400030e+03  5.785417e+03  6.721529e+03
      vertex  7.400000e+03  5.784458e+03  6.720746e+03
      vertex  7.400000e+03  5.792342e+03  6.727326e+03
    endloop
  endfacet
  facet normal -3.762808e-01  5.937469e-01 -7.112505e-01
    outer loop
      vertex  7.400030e+03  5.785417e+03  6.721529e+03
      vertex  7.400000e+03  5.792342e+03  6.727326e+03
      vertex  7.400030e+03  5.792777e+03  6.727673e+03
    endloop
  endfacet
  facet normal -4.293815e-01  6.235847e-01 -6.532792e-01
    outer loop
      vertex  7.400000e+03  6.131266e+03  7.030090e+03
      vertex  7.400049e+03  6.123738e+03  7.022873e+03
      vertex  7.400000e+03  6.119986e+03  7.019323e+03
    endloop
  endfacet
  facet normal -2.611884e-01  6.651542e-01 -6.995359e-01
    outer loop
      vertex  7.400000e+03  6.119986e+03  7.019323e+03
      vertex  7.400049e+03  6.123738e+03  7.022873e+03
      vertex  7.400048e+03  6.109678e+03  7.009504e+03
    endloop
  endfacet
  facet normal -3.897013e-01  6.342539e-01 -6.677237e-01
    outer loop
      vertex  7.400000e+03  6.119986e+03  7.019323e+03
      vertex  7.400048e+03  6.109678e+03  7.009504e+03
      vertex  7.400000e+03  6.108687e+03  7.008590e+03
    endloop
  endfacet
  facet normal -4.054734e-01  6.343653e-01 -6.581579e-01
    outer loop
      vertex  7.400000e+03  6.142524e+03  7.040889e+03
      vertex  7.400000e+03  6.153762e+03  7.051720e+03
      vertex  7.400051e+03  6.151762e+03  7.049761e+03
    endloop
  endfacet
  facet normal -2.930787e-01  6.652084e-01 -6.867333e-01
    outer loop
      vertex  7.400051e+03  6.151762e+03  7.049761e+03
      vertex  7.400000e+03  6.153762e+03  7.051720e+03
      vertex  7.400000e+03  6.164979e+03  7.062585e+03
    endloop
  endfacet
  facet normal -3.466443e-01  6.525039e-01 -6.738520e-01
    outer loop
      vertex  7.400051e+03  6.151762e+03  7.049761e+03
      vertex  7.400000e+03  6.164979e+03  7.062585e+03
      vertex  7.400052e+03  6.165726e+03  7.063282e+03
    endloop
  endfacet
  facet normal -3.877718e-01  6.429195e-01 -6.605207e-01
    outer loop
      vertex  7.400052e+03  6.165726e+03  7.063282e+03
      vertex  7.400000e+03  6.164979e+03  7.062585e+03
      vertex  7.400000e+03  6.176174e+03  7.073482e+03
    endloop
  endfacet
  facet normal -2.726861e-01  6.713971e-01 -6.891069e-01
    outer loop
      vertex  7.400052e+03  6.165726e+03  7.063282e+03
      vertex  7.400000e+03  6.176174e+03  7.073482e+03
      vertex  7.400053e+03  6.179656e+03  7.076854e+03
    endloop
  endfacet
  facet normal -3.975579e-01  5.752407e-01 -7.148746e-01
    outer loop
      vertex  7.400016e+03  5.686414e+03  6.640472e+03
      vertex  7.400026e+03  5.685085e+03  6.639397e+03
      vertex  7.400000e+03  5.685286e+03  6.639573e+03
    endloop
  endfacet
  facet normal -4.029496e-01  5.732805e-01 -7.134291e-01
    outer loop
      vertex  7.400000e+03  5.685286e+03  6.639573e+03
      vertex  7.400026e+03  5.685085e+03  6.639397e+03
      vertex  7.400026e+03  5.681021e+03  6.636131e+03
    endloop
  endfacet
  facet normal -3.988692e-01  5.744169e-01 -7.148066e-01
    outer loop
      vertex  7.400000e+03  5.685286e+03  6.639573e+03
      vertex  7.400026e+03  5.681021e+03  6.636131e+03
      vertex  7.400000e+03  5.681296e+03  6.636367e+03
    endloop
  endfacet
  facet normal -4.073076e-01  5.715278e-01 -7.123599e-01
    outer loop
      vertex  7.400000e+03  5.681296e+03  6.636367e+03
      vertex  7.400026e+03  5.681021e+03  6.636131e+03
      vertex  7.400025e+03  5.676955e+03  6.632869e+03
    endloop
  endfacet
  facet normal -3.924571e-01  5.756454e-01 -7.173630e-01
    outer loop
      vertex  7.400000e+03  5.681296e+03  6.636367e+03
      vertex  7.400025e+03  5.676955e+03  6.632869e+03
      vertex  7.400000e+03  5.677304e+03  6.633164e+03
    endloop
  endfacet
  facet normal -4.027981e-01  5.723095e-01 -7.142937e-01
    outer loop
      vertex  7.400000e+03  5.677304e+03  6.633164e+03
      vertex  7.400025e+03  5.676955e+03  6.632869e+03
      vertex  7.400025e+03  5.672887e+03  6.629610e+03
    endloop
  endfacet
  facet normal -3.927042e-01  5.750877e-01 -7.176751e-01
    outer loop
      vertex  7.400000e+03  5.677304e+03  6.633164e+03
      vertex  7.400025e+03  5.672887e+03  6.629610e+03
      vertex  7.400000e+03  5.673311e+03  6.629963e+03
    endloop
  endfacet
  facet normal -4.052055e-01  5.711540e-01 -7.138569e-01
    outer loop
      vertex  7.400000e+03  5.673311e+03  6.629963e+03
      vertex  7.400025e+03  5.672887e+03  6.629610e+03
      vertex  7.400025e+03  5.668817e+03  6.626354e+03
    endloop
  endfacet
  facet normal -3.840243e-01  5.769242e-01 -7.208909e-01
    outer loop
      vertex  7.400000e+03  5.673311e+03  6.629963e+03
      vertex  7.400025e+03  5.668817e+03  6.626354e+03
      vertex  7.400000e+03  5.669315e+03  6.626766e+03
    endloop
  endfacet
  facet normal -4.003837e-01  5.719748e-01 -7.159174e-01
    outer loop
      vertex  7.400000e+03  5.669315e+03  6.626766e+03
      vertex  7.400025e+03  5.668817e+03  6.626354e+03
      vertex  7.400025e+03  5.664746e+03  6.623102e+03
    endloop
  endfacet
  facet normal -3.884140e-01  5.752288e-01 -7.198933e-01
    outer loop
      vertex  7.400000e+03  5.669315e+03  6.626766e+03
      vertex  7.400025e+03  5.664746e+03  6.623102e+03
      vertex  7.400000e+03  5.665318e+03  6.623572e+03
    endloop
  endfacet
  facet normal -4.046755e-01  5.703388e-01 -7.148086e-01
    outer loop
      vertex  7.400000e+03  5.665318e+03  6.623572e+03
      vertex  7.400025e+03  5.664746e+03  6.623102e+03
      vertex  7.400025e+03  5.660673e+03  6.619852e+03
    endloop
  endfacet
  facet normal -4.008565e-01  5.714018e-01 -7.161103e-01
    outer loop
      vertex  7.400000e+03  5.665318e+03  6.623572e+03
      vertex  7.400025e+03  5.660673e+03  6.619852e+03
      vertex  7.400000e+03  5.661319e+03  6.620381e+03
    endloop
  endfacet
  facet normal -4.222136e-01  5.647906e-01 -7.090467e-01
    outer loop
      vertex  7.400000e+03  5.661319e+03  6.620381e+03
      vertex  7.400025e+03  5.660673e+03  6.619852e+03
      vertex  7.400025e+03  5.656598e+03  6.616605e+03
    endloop
  endfacet
  facet normal -3.822820e-01  5.758797e-01 -7.226501e-01
    outer loop
      vertex  7.400000e+03  5.661319e+03  6.620381e+03
      vertex  7.400025e+03  5.656598e+03  6.616605e+03
      vertex  7.400000e+03  5.657319e+03  6.617193e+03
    endloop
  endfacet
  facet normal -4.042373e-01  5.694857e-01 -7.157363e-01
    outer loop
      vertex  7.400000e+03  5.657319e+03  6.617193e+03
      vertex  7.400025e+03  5.656598e+03  6.616605e+03
      vertex  7.400025e+03  5.652521e+03  6.613362e+03
    endloop
  endfacet
  facet normal -3.793287e-01  5.761842e-01 -7.239622e-01
    outer loop
      vertex  7.400000e+03  5.657319e+03  6.617193e+03
      vertex  7.400025e+03  5.652521e+03  6.613362e+03
      vertex  7.400000e+03  5.653317e+03  6.614008e+03
    endloop
  endfacet
  facet normal -4.083589e-01  5.677884e-01 -7.147443e-01
    outer loop
      vertex  7.400000e+03  5.653317e+03  6.614008e+03
      vertex  7.400025e+03  5.652521e+03  6.613362e+03
      vertex  7.400024e+03  5.648442e+03  6.610122e+03
    endloop
  endfacet
  facet normal -3.791434e-01  5.756806e-01 -7.244599e-01
    outer loop
      vertex  7.400000e+03  5.653317e+03  6.614008e+03
      vertex  7.400024e+03  5.648442e+03  6.610122e+03
      vertex  7.400000e+03  5.649313e+03  6.610827e+03
    endloop
  endfacet
  facet normal -4.072886e-01  5.676264e-01 -7.154832e-01
    outer loop
      vertex  7.400000e+03  5.649313e+03  6.610827e+03
      vertex  7.400024e+03  5.648442e+03  6.610122e+03
      vertex  7.400024e+03  5.644362e+03  6.606885e+03
    endloop
  endfacet
  facet normal -3.865692e-01  5.732704e-01 -7.224440e-01
    outer loop
      vertex  7.400000e+03  5.649313e+03  6.610827e+03
      vertex  7.400024e+03  5.644362e+03  6.606885e+03
      vertex  7.400000e+03  5.645307e+03  6.607648e+03
    endloop
  endfacet
  facet normal -4.195836e-01  5.636142e-01 -7.115395e-01
    outer loop
      vertex  7.400000e+03  5.645307e+03  6.607648e+03
      vertex  7.400024e+03  5.644362e+03  6.606885e+03
      vertex  7.400024e+03  5.640280e+03  6.603651e+03
    endloop
  endfacet
  facet normal -3.708978e-01  5.768007e-01 -7.278296e-01
    outer loop
      vertex  7.400000e+03  5.645307e+03  6.607648e+03
      vertex  7.400024e+03  5.640280e+03  6.603651e+03
      vertex  7.400000e+03  5.641300e+03  6.604472e+03
    endloop
  endfacet
  facet normal -4.020207e-01  5.681684e-01 -7.180279e-01
    outer loop
      vertex  7.400000e+03  5.641300e+03  6.604472e+03
      vertex  7.400024e+03  5.640280e+03  6.603651e+03
      vertex  7.400024e+03  5.636196e+03  6.600420e+03
    endloop
  endfacet
  facet normal -3.780163e-01  5.745600e-01 -7.259369e-01
    outer loop
      vertex  7.400000e+03  5.641300e+03  6.604472e+03
      vertex  7.400024e+03  5.636196e+03  6.600420e+03
      vertex  7.400000e+03  5.637291e+03  6.601299e+03
    endloop
  endfacet
  facet normal -4.213679e-01  5.621421e-01 -7.116498e-01
    outer loop
      vertex  7.400000e+03  5.637291e+03  6.601299e+03
      vertex  7.400024e+03  5.636196e+03  6.600420e+03
      vertex  7.400024e+03  5.632110e+03  6.597193e+03
    endloop
  endfacet
  facet normal -3.792066e-01  5.737053e-01 -7.259922e-01
    outer loop
      vertex  7.400000e+03  5.637291e+03  6.601299e+03
      vertex  7.400024e+03  5.632110e+03  6.597193e+03
      vertex  7.400000e+03  5.633280e+03  6.598130e+03
    endloop
  endfacet
  facet normal -4.219746e-01  5.614765e-01 -7.118158e-01
    outer loop
      vertex  7.400000e+03  5.633280e+03  6.598130e+03
      vertex  7.400024e+03  5.632110e+03  6.597193e+03
      vertex  7.400024e+03  5.628023e+03  6.593969e+03
    endloop
  endfacet
  facet normal -3.617168e-01  5.775830e-01 -7.318189e-01
    outer loop
      vertex  7.400000e+03  5.633280e+03  6.598130e+03
      vertex  7.400024e+03  5.628023e+03  6.593969e+03
      vertex  7.400000e+03  5.629268e+03  6.594963e+03
    endloop
  endfacet
  facet normal -4.062867e-01  5.654849e-01 -7.177451e-01
    outer loop
      vertex  7.400000e+03  5.629268e+03  6.594963e+03
      vertex  7.400024e+03  5.628023e+03  6.593969e+03
      vertex  7.400023e+03  5.623934e+03  6.590748e+03
    endloop
  endfacet
  facet normal -3.726733e-01  5.743914e-01 -7.288273e-01
    outer loop
      vertex  7.400000e+03  5.629268e+03  6.594963e+03
      vertex  7.400023e+03  5.623934e+03  6.590748e+03
      vertex  7.400000e+03  5.625253e+03  6.591799e+03
    endloop
  endfacet
  facet normal -4.207727e-01  5.609027e-01 -7.129787e-01
    outer loop
      vertex  7.400000e+03  5.625253e+03  6.591799e+03
      vertex  7.400023e+03  5.623934e+03  6.590748e+03
      vertex  7.400023e+03  5.619843e+03  6.587529e+03
    endloop
  endfacet
  facet normal -3.667496e-01  5.753916e-01 -7.310398e-01
    outer loop
      vertex  7.400000e+03  5.625253e+03  6.591799e+03
      vertex  7.400023e+03  5.619843e+03  6.587529e+03
      vertex  7.400000e+03  5.621238e+03  6.588639e+03
    endloop
  endfacet
  facet normal -4.205196e-01  5.604942e-01 -7.134491e-01
    outer loop
      vertex  7.400000e+03  5.621238e+03  6.588639e+03
      vertex  7.400023e+03  5.619843e+03  6.587529e+03
      vertex  7.400023e+03  5.615750e+03  6.584314e+03
    endloop
  endfacet
  facet normal -3.864838e-01  5.698768e-01 -7.251695e-01
    outer loop
      vertex  7.400000e+03  5.621238e+03  6.588639e+03
      vertex  7.400023e+03  5.615750e+03  6.584314e+03
      vertex  7.400000e+03  5.617220e+03  6.585481e+03
    endloop
  endfacet
  facet normal -3.668060e-01  6.568767e-01 -6.587613e-01
    outer loop
      vertex  7.400057e+03  6.228152e+03  7.124762e+03
      vertex  7.400056e+03  6.221250e+03  7.117879e+03
      vertex  7.400000e+03  6.220743e+03  7.117406e+03
    endloop
  endfacet
  facet normal -3.433857e-01  6.616119e-01 -6.666003e-01
    outer loop
      vertex  7.400000e+03  6.220743e+03  7.117406e+03
      vertex  7.400056e+03  6.221250e+03  7.117879e+03
      vertex  7.400055e+03  6.207418e+03  7.104152e+03
    endloop
  endfacet
  facet normal -2.902388e-01  6.742470e-01 -6.790821e-01
    outer loop
      vertex  7.400000e+03  6.220743e+03  7.117406e+03
      vertex  7.400055e+03  6.207418e+03  7.104152e+03
      vertex  7.400000e+03  6.209633e+03  7.106375e+03
    endloop
  endfacet
  facet normal -3.301781e-01  6.727734e-01 -6.620862e-01
    outer loop
      vertex  7.400060e+03  6.269390e+03  7.166336e+03
      vertex  7.400060e+03  6.262539e+03  7.159374e+03
      vertex  7.400000e+03  6.264963e+03  7.161868e+03
    endloop
  endfacet
  facet normal -4.034987e-01  6.511445e-01 -6.428061e-01
    outer loop
      vertex  7.400000e+03  6.264963e+03  7.161868e+03
      vertex  7.400060e+03  6.262539e+03  7.159374e+03
      vertex  7.400059e+03  6.255678e+03  7.152425e+03
    endloop
  endfacet
  facet normal -3.913395e-01  6.549372e-01 -6.464602e-01
    outer loop
      vertex  7.400000e+03  6.264963e+03  7.161868e+03
      vertex  7.400059e+03  6.255678e+03  7.152425e+03
      vertex  7.400000e+03  6.253941e+03  7.150701e+03
    endloop
  endfacet
  facet normal -4.310439e-01  5.552669e-01 -7.112523e-01
    outer loop
      vertex  7.400000e+03  5.601134e+03  6.572881e+03
      vertex  7.400013e+03  5.599360e+03  6.571488e+03
      vertex  7.400000e+03  5.597108e+03  6.569738e+03
    endloop
  endfacet
  facet normal -3.952726e-01  5.651034e-01 -7.241670e-01
    outer loop
      vertex  7.400000e+03  5.597108e+03  6.569738e+03
      vertex  7.400013e+03  5.599360e+03  6.571488e+03
      vertex  7.400023e+03  5.599363e+03  6.571485e+03
    endloop
  endfacet
  facet normal -3.851758e-01  5.676603e-01 -7.275998e-01
    outer loop
      vertex  7.400000e+03  5.597108e+03  6.569738e+03
      vertex  7.400023e+03  5.599363e+03  6.571485e+03
      vertex  7.400022e+03  5.595262e+03  6.568286e+03
    endloop
  endfacet
  facet normal -3.603225e-01  6.669431e-01 -6.521922e-01
    outer loop
      vertex  7.400061e+03  6.283067e+03  7.180299e+03
      vertex  7.400061e+03  6.276233e+03  7.173311e+03
      vertex  7.400000e+03  6.275963e+03  7.173068e+03
    endloop
  endfacet
  facet normal -3.525776e-01  6.680166e-01 -6.553189e-01
    outer loop
      vertex  7.400000e+03  6.275963e+03  7.173068e+03
      vertex  7.400061e+03  6.276233e+03  7.173311e+03
      vertex  7.400060e+03  6.269390e+03  7.166336e+03
    endloop
  endfacet
  facet normal -4.181553e-01  6.481124e-01 -6.364719e-01
    outer loop
      vertex  7.400000e+03  6.275963e+03  7.173068e+03
      vertex  7.400060e+03  6.269390e+03  7.166336e+03
      vertex  7.400000e+03  6.264963e+03  7.161868e+03
    endloop
  endfacet
  facet normal -3.385442e-01  6.758915e-01 -6.546437e-01
    outer loop
      vertex  7.400063e+03  6.303517e+03  7.201345e+03
      vertex  7.400063e+03  6.296709e+03  7.194316e+03
      vertex  7.400000e+03  6.297895e+03  7.195573e+03
    endloop
  endfacet
  facet normal -3.737285e-01  6.652493e-01 -6.463516e-01
    outer loop
      vertex  7.400000e+03  6.297895e+03  7.195573e+03
      vertex  7.400063e+03  6.296709e+03  7.194316e+03
      vertex  7.400062e+03  6.289893e+03  7.187301e+03
    endloop
  endfacet
  facet normal -4.082750e-01  6.545703e-01 -6.362776e-01
    outer loop
      vertex  7.400000e+03  6.297895e+03  7.195573e+03
      vertex  7.400062e+03  6.289893e+03  7.187301e+03
      vertex  7.400000e+03  6.286940e+03  7.184303e+03
    endloop
  endfacet
  facet normal -3.817927e-01  6.659707e-01 -6.408724e-01
    outer loop
      vertex  7.400064e+03  6.317106e+03  7.215442e+03
      vertex  7.400063e+03  6.310316e+03  7.208386e+03
      vertex  7.400000e+03  6.308827e+03  7.206876e+03
    endloop
  endfacet
  facet normal -3.359378e-01  6.775745e-01 -6.542465e-01
    outer loop
      vertex  7.400000e+03  6.308827e+03  7.206876e+03
      vertex  7.400063e+03  6.310316e+03  7.208386e+03
      vertex  7.400063e+03  6.303517e+03  7.201345e+03
    endloop
  endfacet
  facet normal -4.138608e-01  6.543733e-01 -6.328623e-01
    outer loop
      vertex  7.400000e+03  6.308827e+03  7.206876e+03
      vertex  7.400063e+03  6.303517e+03  7.201345e+03
      vertex  7.400000e+03  6.297895e+03  7.195573e+03
    endloop
  endfacet
  facet normal -3.284888e-01  6.815781e-01 -6.538704e-01
    outer loop
      vertex  7.400064e+03  6.317106e+03  7.215442e+03
      vertex  7.400000e+03  6.319735e+03  7.218215e+03
      vertex  7.400064e+03  6.323887e+03  7.222510e+03
    endloop
  endfacet
  facet normal -4.117087e-01  6.583331e-01 -6.301535e-01
    outer loop
      vertex  7.400064e+03  6.323887e+03  7.222510e+03
      vertex  7.400000e+03  6.319735e+03  7.218215e+03
      vertex  7.400000e+03  6.330622e+03  7.229588e+03
    endloop
  endfacet
  facet normal -3.463047e-01  6.780517e-01 -6.483202e-01
    outer loop
      vertex  7.400064e+03  6.323887e+03  7.222510e+03
      vertex  7.400000e+03  6.330622e+03  7.229588e+03
      vertex  7.400065e+03  6.330660e+03  7.229593e+03
    endloop
  endfacet
  facet normal -3.468470e-01  6.788403e-01 -6.472041e-01
    outer loop
      vertex  7.400065e+03  6.330660e+03  7.229593e+03
      vertex  7.400000e+03  6.330622e+03  7.229588e+03
      vertex  7.400000e+03  6.336056e+03  7.235288e+03
    endloop
  endfacet
  facet normal -3.351667e-01  6.819832e-01 -6.500479e-01
    outer loop
      vertex  7.400065e+03  6.330660e+03  7.229593e+03
      vertex  7.400000e+03  6.336056e+03  7.235288e+03
      vertex  7.400066e+03  6.337423e+03  7.236688e+03
    endloop
  endfacet
  facet normal -3.631677e-01  6.751660e-01 -6.420748e-01
    outer loop
      vertex  7.400066e+03  6.337423e+03  7.236688e+03
      vertex  7.400000e+03  6.336056e+03  7.235288e+03
      vertex  7.400000e+03  6.341484e+03  7.240996e+03
    endloop
  endfacet
  facet normal -3.286107e-01  6.847023e-01 -6.505364e-01
    outer loop
      vertex  7.400066e+03  6.337423e+03  7.236688e+03
      vertex  7.400000e+03  6.341484e+03  7.240996e+03
      vertex  7.400066e+03  6.344178e+03  7.243797e+03
    endloop
  endfacet
  facet normal -4.229304e-01  5.483256e-01 -7.214353e-01
    outer loop
      vertex  7.400000e+03  5.520312e+03  6.510588e+03
      vertex  7.400020e+03  5.517021e+03  6.508076e+03
      vertex  7.400000e+03  5.516254e+03  6.507504e+03
    endloop
  endfacet
  facet normal -4.052093e-01  5.528457e-01 -7.281257e-01
    outer loop
      vertex  7.400000e+03  5.516254e+03  6.507504e+03
      vertex  7.400020e+03  5.517021e+03  6.508076e+03
      vertex  7.400020e+03  5.514955e+03  6.506506e+03
    endloop
  endfacet
  facet normal -4.080221e-01  5.520560e-01 -7.271536e-01
    outer loop
      vertex  7.400000e+03  5.516254e+03  6.507504e+03
      vertex  7.400020e+03  5.514955e+03  6.506506e+03
      vertex  7.400000e+03  5.514225e+03  6.505963e+03
    endloop
  endfacet
  facet normal -4.056423e-01  5.526468e-01 -7.280357e-01
    outer loop
      vertex  7.400000e+03  5.514225e+03  6.505963e+03
      vertex  7.400020e+03  5.514955e+03  6.506506e+03
      vertex  7.400020e+03  5.512887e+03  6.504937e+03
    endloop
  endfacet
  facet normal -4.110174e-01  5.511321e-01 -7.261667e-01
    outer loop
      vertex  7.400000e+03  5.514225e+03  6.505963e+03
      vertex  7.400020e+03  5.512887e+03  6.504937e+03
      vertex  7.400000e+03  5.512195e+03  6.504423e+03
    endloop
  endfacet
  facet normal -4.019417e-01  5.528470e-01 -7.299336e-01
    outer loop
      vertex  7.400000e+03  5.508134e+03  6.501345e+03
      vertex  7.400020e+03  5.506683e+03  6.500235e+03
      vertex  7.400000e+03  5.506103e+03  6.499807e+03
    endloop
  endfacet
  facet normal -3.973522e-01  5.539370e-01 -7.316182e-01
    outer loop
      vertex  7.400000e+03  5.506103e+03  6.499807e+03
      vertex  7.400020e+03  5.506683e+03  6.500235e+03
      vertex  7.400020e+03  5.504614e+03  6.498668e+03
    endloop
  endfacet
  facet normal -4.163587e-01  5.486384e-01 -7.250113e-01
    outer loop
      vertex  7.400000e+03  5.506103e+03  6.499807e+03
      vertex  7.400020e+03  5.504614e+03  6.498668e+03
      vertex  7.400000e+03  5.504072e+03  6.498270e+03
    endloop
  endfacet
  facet normal -4.084424e-01  5.505796e-01 -7.280363e-01
    outer loop
      vertex  7.400000e+03  5.504072e+03  6.498270e+03
      vertex  7.400020e+03  5.504614e+03  6.498668e+03
      vertex  7.400020e+03  5.502544e+03  6.497104e+03
    endloop
  endfacet
  facet normal -4.057895e-01  5.513187e-01 -7.289600e-01
    outer loop
      vertex  7.400000e+03  5.504072e+03  6.498270e+03
      vertex  7.400020e+03  5.502544e+03  6.497104e+03
      vertex  7.400000e+03  5.502040e+03  6.496733e+03
    endloop
  endfacet
  facet normal -3.984355e-01  5.530482e-01 -7.317014e-01
    outer loop
      vertex  7.400000e+03  5.502040e+03  6.496733e+03
      vertex  7.400020e+03  5.502544e+03  6.497104e+03
      vertex  7.400020e+03  5.500475e+03  6.495539e+03
    endloop
  endfacet
  facet normal -3.960581e-01  5.536911e-01 -7.325054e-01
    outer loop
      vertex  7.400000e+03  5.502040e+03  6.496733e+03
      vertex  7.400020e+03  5.500475e+03  6.495539e+03
      vertex  7.400000e+03  5.500008e+03  6.495197e+03
    endloop
  endfacet
  facet normal -3.892783e-01  5.552204e-01 -7.349780e-01
    outer loop
      vertex  7.400000e+03  5.500008e+03  6.495197e+03
      vertex  7.400020e+03  5.500475e+03  6.495539e+03
      vertex  7.400020e+03  5.498404e+03  6.493975e+03
    endloop
  endfacet
  facet normal -3.994743e-01  5.524897e-01 -7.315568e-01
    outer loop
      vertex  7.400000e+03  5.500008e+03  6.495197e+03
      vertex  7.400020e+03  5.498404e+03  6.493975e+03
      vertex  7.400000e+03  5.497975e+03  6.493662e+03
    endloop
  endfacet
  facet normal -3.958366e-01  5.533130e-01 -7.329107e-01
    outer loop
      vertex  7.400000e+03  5.497975e+03  6.493662e+03
      vertex  7.400020e+03  5.498404e+03  6.493975e+03
      vertex  7.400020e+03  5.496334e+03  6.492412e+03
    endloop
  endfacet
  facet normal -4.066240e-01  5.503690e-01 -7.292126e-01
    outer loop
      vertex  7.400000e+03  5.497975e+03  6.493662e+03
      vertex  7.400020e+03  5.496334e+03  6.492412e+03
      vertex  7.400000e+03  5.495942e+03  6.492127e+03
    endloop
  endfacet
  facet normal -4.019960e-01  5.514230e-01 -7.309801e-01
    outer loop
      vertex  7.400000e+03  5.495942e+03  6.492127e+03
      vertex  7.400020e+03  5.496334e+03  6.492412e+03
      vertex  7.400020e+03  5.494263e+03  6.490850e+03
    endloop
  endfacet
  facet normal -4.040223e-01  5.508677e-01 -7.302812e-01
    outer loop
      vertex  7.400000e+03  5.495942e+03  6.492127e+03
      vertex  7.400020e+03  5.494263e+03  6.490850e+03
      vertex  7.400000e+03  5.493909e+03  6.490594e+03
    endloop
  endfacet
  facet normal -3.326759e-01  6.857913e-01 -6.473151e-01
    outer loop
      vertex  7.400068e+03  6.357659e+03  7.258057e+03
      vertex  7.400067e+03  6.350923e+03  7.250920e+03
      vertex  7.400000e+03  6.352324e+03  7.252439e+03
    endloop
  endfacet
  facet normal -3.728795e-01  6.737528e-01 -6.379797e-01
    outer loop
      vertex  7.400000e+03  6.352324e+03  7.252439e+03
      vertex  7.400067e+03  6.350923e+03  7.250920e+03
      vertex  7.400066e+03  6.344178e+03  7.243797e+03
    endloop
  endfacet
  facet normal -3.035522e-01  6.921635e-01 -6.548020e-01
    outer loop
      vertex  7.400000e+03  6.352324e+03  7.252439e+03
      vertex  7.400066e+03  6.344178e+03  7.243797e+03
      vertex  7.400000e+03  6.346907e+03  7.246713e+03
    endloop
  endfacet
  facet normal -4.105387e-01  5.481964e-01 -7.286553e-01
    outer loop
      vertex  7.400000e+03  5.487807e+03  6.485997e+03
      vertex  7.400019e+03  5.485975e+03  6.484608e+03
      vertex  7.400000e+03  5.485772e+03  6.484466e+03
    endloop
  endfacet
  facet normal -4.080372e-01  5.486863e-01 -7.296910e-01
    outer loop
      vertex  7.400000e+03  5.485772e+03  6.484466e+03
      vertex  7.400019e+03  5.485975e+03  6.484608e+03
      vertex  7.400019e+03  5.483902e+03  6.483049e+03
    endloop
  endfacet
  facet normal -4.094774e-01  5.482875e-01 -7.291839e-01
    outer loop
      vertex  7.400000e+03  5.485772e+03  6.484466e+03
      vertex  7.400019e+03  5.483902e+03  6.483049e+03
      vertex  7.400000e+03  5.483737e+03  6.482936e+03
    endloop
  endfacet
  facet normal -4.061543e-01  5.494105e-01 -7.301964e-01
    outer loop
      vertex  7.400019e+03  5.485975e+03  6.484608e+03
      vertex  7.400000e+03  5.487807e+03  6.485997e+03
      vertex  7.400019e+03  5.488048e+03  6.486167e+03
    endloop
  endfacet
  facet normal -4.092101e-01  5.487788e-01 -7.289643e-01
    outer loop
      vertex  7.400019e+03  5.488048e+03  6.486167e+03
      vertex  7.400000e+03  5.487807e+03  6.485997e+03
      vertex  7.400000e+03  5.489841e+03  6.487528e+03
    endloop
  endfacet
  facet normal -3.985137e-01  5.517055e-01 -7.326718e-01
    outer loop
      vertex  7.400019e+03  5.488048e+03  6.486167e+03
      vertex  7.400000e+03  5.489841e+03  6.487528e+03
      vertex  7.400019e+03  5.490120e+03  6.487728e+03
    endloop
  endfacet
  facet normal -4.005944e-01  5.512700e-01 -7.318645e-01
    outer loop
      vertex  7.400019e+03  5.490120e+03  6.487728e+03
      vertex  7.400000e+03  5.489841e+03  6.487528e+03
      vertex  7.400000e+03  5.491875e+03  6.489061e+03
    endloop
  endfacet
  facet normal -4.005880e-01  5.512717e-01 -7.318667e-01
    outer loop
      vertex  7.400019e+03  5.490120e+03  6.487728e+03
      vertex  7.400000e+03  5.491875e+03  6.489061e+03
      vertex  7.400019e+03  5.492191e+03  6.489288e+03
    endloop
  endfacet
  facet normal -4.071845e-01  5.498270e-01 -7.293087e-01
    outer loop
      vertex  7.400019e+03  5.492191e+03  6.489288e+03
      vertex  7.400000e+03  5.491875e+03  6.489061e+03
      vertex  7.400000e+03  5.493909e+03  6.490594e+03
    endloop
  endfacet
  facet normal -4.007013e-01  5.516050e-01 -7.315534e-01
    outer loop
      vertex  7.400019e+03  5.492191e+03  6.489288e+03
      vertex  7.400000e+03  5.493909e+03  6.490594e+03
      vertex  7.400020e+03  5.494263e+03  6.490850e+03
    endloop
  endfacet
  facet normal -3.038957e-01  6.929866e-01 -6.537714e-01
    outer loop
      vertex  7.400009e+03  6.364531e+03  7.265387e+03
      vertex  7.400068e+03  6.364387e+03  7.265207e+03
      vertex  7.400000e+03  6.363141e+03  7.263917e+03
    endloop
  endfacet
  facet normal -3.317565e-01  6.869991e-01 -6.465060e-01
    outer loop
      vertex  7.400000e+03  6.363141e+03  7.263917e+03
      vertex  7.400068e+03  6.364387e+03  7.265207e+03
      vertex  7.400048e+03  6.358037e+03  7.258469e+03
    endloop
  endfacet
  facet normal -3.337329e-01  6.864814e-01 -6.460384e-01
    outer loop
      vertex  7.400000e+03  6.363141e+03  7.263917e+03
      vertex  7.400048e+03  6.358037e+03  7.258469e+03
      vertex  7.400000e+03  6.357735e+03  7.258174e+03
    endloop
  endfacet
  facet normal -3.418512e-01  6.850710e-01 -6.432850e-01
    outer loop
      vertex  7.400000e+03  6.357735e+03  7.258174e+03
      vertex  7.400048e+03  6.358037e+03  7.258469e+03
      vertex  7.400068e+03  6.357659e+03  7.258057e+03
    endloop
  endfacet
  facet normal -3.459663e-01  6.823950e-01 -6.439289e-01
    outer loop
      vertex  7.400000e+03  6.357735e+03  7.258174e+03
      vertex  7.400068e+03  6.357659e+03  7.258057e+03
      vertex  7.400000e+03  6.352324e+03  7.252439e+03
    endloop
  endfacet
  facet normal -4.002942e-01  5.498039e-01 -7.331304e-01
    outer loop
      vertex  7.400000e+03  5.477629e+03  6.478349e+03
      vertex  7.400019e+03  5.475606e+03  6.476822e+03
      vertex  7.400000e+03  5.475592e+03  6.476822e+03
    endloop
  endfacet
  facet normal -4.001130e-01  5.495757e-01 -7.334005e-01
    outer loop
      vertex  7.400000e+03  5.475592e+03  6.476822e+03
      vertex  7.400019e+03  5.475606e+03  6.476822e+03
      vertex  7.400019e+03  5.473532e+03  6.475268e+03
    endloop
  endfacet
  facet normal -4.050237e-01  5.482469e-01 -7.316974e-01
    outer loop
      vertex  7.400000e+03  5.475592e+03  6.476822e+03
      vertex  7.400019e+03  5.473532e+03  6.475268e+03
      vertex  7.400000e+03  5.473555e+03  6.475295e+03
    endloop
  endfacet
  facet normal -4.053414e-01  5.480033e-01 -7.317041e-01
    outer loop
      vertex  7.400000e+03  5.473555e+03  6.475295e+03
      vertex  7.400019e+03  5.473532e+03  6.475268e+03
      vertex  7.400019e+03  5.471457e+03  6.473713e+03
    endloop
  endfacet
  facet normal -3.941476e-01  5.510051e-01 -7.355549e-01
    outer loop
      vertex  7.400000e+03  5.473555e+03  6.475295e+03
      vertex  7.400019e+03  5.471457e+03  6.473713e+03
      vertex  7.400000e+03  5.471518e+03  6.473769e+03
    endloop
  endfacet
  facet normal -3.995115e-01  5.500143e-01 -7.333996e-01
    outer loop
      vertex  7.400019e+03  5.475606e+03  6.476822e+03
      vertex  7.400000e+03  5.477629e+03  6.478349e+03
      vertex  7.400019e+03  5.477681e+03  6.478378e+03
    endloop
  endfacet
  facet normal -4.005016e-01  5.500588e-01 -7.328259e-01
    outer loop
      vertex  7.400019e+03  5.477681e+03  6.478378e+03
      vertex  7.400000e+03  5.477629e+03  6.478349e+03
      vertex  7.400000e+03  5.479665e+03  6.479877e+03
    endloop
  endfacet
  facet normal -4.087241e-01  5.478147e-01 -7.299613e-01
    outer loop
      vertex  7.400019e+03  5.477681e+03  6.478378e+03
      vertex  7.400000e+03  5.479665e+03  6.479877e+03
      vertex  7.400019e+03  5.479755e+03  6.479935e+03
    endloop
  endfacet
  facet normal -4.097258e-01  5.477170e-01 -7.294729e-01
    outer loop
      vertex  7.400019e+03  5.479755e+03  6.479935e+03
      vertex  7.400000e+03  5.479665e+03  6.479877e+03
      vertex  7.400000e+03  5.481701e+03  6.481406e+03
    endloop
  endfacet
  facet normal -4.070061e-01  5.484679e-01 -7.304307e-01
    outer loop
      vertex  7.400019e+03  5.479755e+03  6.479935e+03
      vertex  7.400000e+03  5.481701e+03  6.481406e+03
      vertex  7.400019e+03  5.481829e+03  6.481492e+03
    endloop
  endfacet
  facet normal -4.084835e-01  5.482473e-01 -7.297711e-01
    outer loop
      vertex  7.400019e+03  5.481829e+03  6.481492e+03
      vertex  7.400000e+03  5.481701e+03  6.481406e+03
      vertex  7.400000e+03  5.483737e+03  6.482936e+03
    endloop
  endfacet
  facet normal -4.062788e-01  5.488549e-01 -7.305448e-01
    outer loop
      vertex  7.400019e+03  5.481829e+03  6.481492e+03
      vertex  7.400000e+03  5.483737e+03  6.482936e+03
      vertex  7.400019e+03  5.483902e+03  6.483049e+03
    endloop
  endfacet
  facet normal -3.521037e-01  6.849605e-01 -6.378496e-01
    outer loop
      vertex  7.400000e+03  6.384702e+03  7.286980e+03
      vertex  7.400070e+03  6.384514e+03  7.286739e+03
      vertex  7.400000e+03  6.379321e+03  7.281201e+03
    endloop
  endfacet
  facet normal -3.311542e-01  6.903836e-01 -6.432011e-01
    outer loop
      vertex  7.400000e+03  6.379321e+03  7.281201e+03
      vertex  7.400070e+03  6.384514e+03  7.286739e+03
      vertex  7.400070e+03  6.377814e+03  7.279548e+03
    endloop
  endfacet
  facet normal -3.606110e-01  6.817290e-01 -6.365573e-01
    outer loop
      vertex  7.400000e+03  6.379321e+03  7.281201e+03
      vertex  7.400070e+03  6.377814e+03  7.279548e+03
      vertex  7.400000e+03  6.373933e+03  7.275431e+03
    endloop
  endfacet
  facet normal -3.264456e-01  6.905366e-01 -6.454398e-01
    outer loop
      vertex  7.400000e+03  6.373933e+03  7.275431e+03
      vertex  7.400070e+03  6.377814e+03  7.279548e+03
      vertex  7.400069e+03  6.371105e+03  7.272371e+03
    endloop
  endfacet
  facet normal -3.660860e-01  6.793404e-01 -6.359856e-01
    outer loop
      vertex  7.400000e+03  6.373933e+03  7.275431e+03
      vertex  7.400069e+03  6.371105e+03  7.272371e+03
      vertex  7.400000e+03  6.368540e+03  7.269670e+03
    endloop
  endfacet
  facet normal -3.290707e-01  6.888233e-01 -6.459373e-01
    outer loop
      vertex  7.400000e+03  6.368540e+03  7.269670e+03
      vertex  7.400069e+03  6.371105e+03  7.272371e+03
      vertex  7.400068e+03  6.364387e+03  7.265207e+03
    endloop
  endfacet
  facet normal -2.920369e-01  6.979673e-01 -6.538778e-01
    outer loop
      vertex  7.400000e+03  6.368540e+03  7.269670e+03
      vertex  7.400068e+03  6.364387e+03  7.265207e+03
      vertex  7.400009e+03  6.364531e+03  7.265387e+03
    endloop
  endfacet
  facet normal -3.971555e-01  5.488742e-01 -7.355301e-01
    outer loop
      vertex  7.400000e+03  5.461325e+03  6.466150e+03
      vertex  7.400018e+03  5.458997e+03  6.464403e+03
      vertex  7.400000e+03  5.459285e+03  6.464628e+03
    endloop
  endfacet
  facet normal -4.046940e-01  5.465462e-01 -7.331507e-01
    outer loop
      vertex  7.400000e+03  5.459285e+03  6.464628e+03
      vertex  7.400018e+03  5.458997e+03  6.464403e+03
      vertex  7.400018e+03  5.456919e+03  6.462854e+03
    endloop
  endfacet
  facet normal -3.969162e-01  5.486253e-01 -7.358449e-01
    outer loop
      vertex  7.400000e+03  5.459285e+03  6.464628e+03
      vertex  7.400018e+03  5.456919e+03  6.462854e+03
      vertex  7.400000e+03  5.457245e+03  6.463107e+03
    endloop
  endfacet
  facet normal -4.046104e-01  5.462925e-01 -7.333860e-01
    outer loop
      vertex  7.400000e+03  5.457245e+03  6.463107e+03
      vertex  7.400018e+03  5.456919e+03  6.462854e+03
      vertex  7.400018e+03  5.454840e+03  6.461306e+03
    endloop
  endfacet
  facet normal -4.026211e-01  5.468281e-01 -7.340811e-01
    outer loop
      vertex  7.400000e+03  5.457245e+03  6.463107e+03
      vertex  7.400018e+03  5.454840e+03  6.461306e+03
      vertex  7.400000e+03  5.455205e+03  6.461587e+03
    endloop
  endfacet
  facet normal -4.092032e-01  5.456283e-01 -7.313293e-01
    outer loop
      vertex  7.400018e+03  5.458997e+03  6.464403e+03
      vertex  7.400000e+03  5.461325e+03  6.466150e+03
      vertex  7.400019e+03  5.461074e+03  6.465953e+03
    endloop
  endfacet
  facet normal -4.079286e-01  5.460408e-01 -7.317333e-01
    outer loop
      vertex  7.400019e+03  5.461074e+03  6.465953e+03
      vertex  7.400000e+03  5.461325e+03  6.466150e+03
      vertex  7.400000e+03  5.463364e+03  6.467672e+03
    endloop
  endfacet
  facet normal -3.800703e-01  5.533563e-01 -7.411770e-01
    outer loop
      vertex  7.400019e+03  5.461074e+03  6.465953e+03
      vertex  7.400000e+03  5.463364e+03  6.467672e+03
      vertex  7.400019e+03  5.463151e+03  6.467504e+03
    endloop
  endfacet
  facet normal -3.747477e-01  5.549945e-01 -7.426609e-01
    outer loop
      vertex  7.400019e+03  5.463151e+03  6.467504e+03
      vertex  7.400000e+03  5.463364e+03  6.467672e+03
      vertex  7.400000e+03  5.465403e+03  6.469196e+03
    endloop
  endfacet
  facet normal -4.110111e-01  5.454935e-01 -7.304153e-01
    outer loop
      vertex  7.400019e+03  5.463151e+03  6.467504e+03
      vertex  7.400000e+03  5.465403e+03  6.469196e+03
      vertex  7.400019e+03  5.465229e+03  6.469055e+03
    endloop
  endfacet
  facet normal -4.067849e-01  5.469641e-01 -7.316806e-01
    outer loop
      vertex  7.400019e+03  5.465229e+03  6.469055e+03
      vertex  7.400000e+03  5.465403e+03  6.469196e+03
      vertex  7.400000e+03  5.467441e+03  6.470720e+03
    endloop
  endfacet
  facet normal -4.163464e-01  5.443171e-01 -7.282681e-01
    outer loop
      vertex  7.400019e+03  5.465229e+03  6.469055e+03
      vertex  7.400000e+03  5.467441e+03  6.470720e+03
      vertex  7.400019e+03  5.467305e+03  6.470607e+03
    endloop
  endfacet
  facet normal -4.146355e-01  5.449587e-01 -7.287644e-01
    outer loop
      vertex  7.400019e+03  5.467305e+03  6.470607e+03
      vertex  7.400000e+03  5.467441e+03  6.470720e+03
      vertex  7.400000e+03  5.469480e+03  6.472244e+03
    endloop
  endfacet
  facet normal -4.075842e-01  5.469095e-01 -7.312765e-01
    outer loop
      vertex  7.400019e+03  5.467305e+03  6.470607e+03
      vertex  7.400000e+03  5.469480e+03  6.472244e+03
      vertex  7.400019e+03  5.469381e+03  6.472160e+03
    endloop
  endfacet
  facet normal -4.058221e-01  5.426822e-01 -7.353941e-01
    outer loop
      vertex  7.400000e+03  5.424554e+03  6.438867e+03
      vertex  7.400000e+03  5.426600e+03  6.440376e+03
      vertex  7.400018e+03  5.425704e+03  6.439706e+03
    endloop
  endfacet
  facet normal -3.906385e-01  5.468252e-01 -7.405293e-01
    outer loop
      vertex  7.400018e+03  5.425704e+03  6.439706e+03
      vertex  7.400000e+03  5.426600e+03  6.440376e+03
      vertex  7.400000e+03  5.428646e+03  6.441887e+03
    endloop
  endfacet
  facet normal -4.114965e-01  5.413046e-01 -7.332529e-01
    outer loop
      vertex  7.400018e+03  5.425704e+03  6.439706e+03
      vertex  7.400000e+03  5.428646e+03  6.441887e+03
      vertex  7.400018e+03  5.427787e+03  6.441244e+03
    endloop
  endfacet
  facet normal -3.873836e-01  5.479254e-01 -7.414255e-01
    outer loop
      vertex  7.400018e+03  5.427787e+03  6.441244e+03
      vertex  7.400000e+03  5.428646e+03  6.441887e+03
      vertex  7.400000e+03  5.430690e+03  6.443398e+03
    endloop
  endfacet
  facet normal -4.203713e-01  5.391152e-01 -7.298238e-01
    outer loop
      vertex  7.400018e+03  5.427787e+03  6.441244e+03
      vertex  7.400000e+03  5.430690e+03  6.443398e+03
      vertex  7.400018e+03  5.429871e+03  6.442783e+03
    endloop
  endfacet
  facet normal -4.043209e-01  5.436995e-01 -7.354695e-01
    outer loop
      vertex  7.400018e+03  5.429871e+03  6.442783e+03
      vertex  7.400000e+03  5.430690e+03  6.443398e+03
      vertex  7.400000e+03  5.432735e+03  6.444910e+03
    endloop
  endfacet
  facet normal -4.024968e-01  5.441862e-01 -7.361097e-01
    outer loop
      vertex  7.400018e+03  5.429871e+03  6.442783e+03
      vertex  7.400000e+03  5.432735e+03  6.444910e+03
      vertex  7.400018e+03  5.431953e+03  6.444322e+03
    endloop
  endfacet
  facet normal -3.847176e-01  5.490170e-01 -7.420059e-01
    outer loop
      vertex  7.400018e+03  5.431953e+03  6.444322e+03
      vertex  7.400000e+03  5.432735e+03  6.444910e+03
      vertex  7.400000e+03  5.434780e+03  6.446423e+03
    endloop
  endfacet
  facet normal -4.409248e-01  5.335873e-01 -7.217132e-01
    outer loop
      vertex  7.400018e+03  5.431953e+03  6.444322e+03
      vertex  7.400000e+03  5.434780e+03  6.446423e+03
      vertex  7.400018e+03  5.434036e+03  6.445862e+03
    endloop
  endfacet
  facet normal -4.159092e-01  5.411074e-01 -7.309052e-01
    outer loop
      vertex  7.400018e+03  5.434036e+03  6.445862e+03
      vertex  7.400000e+03  5.434780e+03  6.446423e+03
      vertex  7.400000e+03  5.436824e+03  6.447936e+03
    endloop
  endfacet
  facet normal -4.101498e-01  5.426898e-01 -7.329836e-01
    outer loop
      vertex  7.400018e+03  5.434036e+03  6.445862e+03
      vertex  7.400000e+03  5.436824e+03  6.447936e+03
      vertex  7.400018e+03  5.436118e+03  6.447404e+03
    endloop
  endfacet
  facet normal -3.997746e-01  5.456230e-01 -7.365295e-01
    outer loop
      vertex  7.400018e+03  5.436118e+03  6.447404e+03
      vertex  7.400000e+03  5.436824e+03  6.447936e+03
      vertex  7.400000e+03  5.438868e+03  6.449450e+03
    endloop
  endfacet
  facet normal -4.230689e-01  5.392484e-01 -7.281647e-01
    outer loop
      vertex  7.400018e+03  5.436118e+03  6.447404e+03
      vertex  7.400000e+03  5.438868e+03  6.449450e+03
      vertex  7.400018e+03  5.438200e+03  6.448945e+03
    endloop
  endfacet
  facet normal -4.077864e-01  5.437152e-01 -7.335422e-01
    outer loop
      vertex  7.400018e+03  5.438200e+03  6.448945e+03
      vertex  7.400000e+03  5.438868e+03  6.449450e+03
      vertex  7.400000e+03  5.440911e+03  6.450965e+03
    endloop
  endfacet
  facet normal -4.256148e-01  5.387586e-01 -7.270427e-01
    outer loop
      vertex  7.400018e+03  5.438200e+03  6.448945e+03
      vertex  7.400000e+03  5.440911e+03  6.450965e+03
      vertex  7.400018e+03  5.440281e+03  6.450488e+03
    endloop
  endfacet
  facet normal -4.124279e-01  5.426688e-01 -7.317197e-01
    outer loop
      vertex  7.400018e+03  5.440281e+03  6.450488e+03
      vertex  7.400000e+03  5.440911e+03  6.450965e+03
      vertex  7.400000e+03  5.442954e+03  6.452480e+03
    endloop
  endfacet
  facet normal -3.972546e-01  5.467480e-01 -7.370587e-01
    outer loop
      vertex  7.400018e+03  5.440281e+03  6.450488e+03
      vertex  7.400000e+03  5.442954e+03  6.452480e+03
      vertex  7.400018e+03  5.442362e+03  6.452031e+03
    endloop
  endfacet
  facet normal -3.870777e-01  5.495684e-01 -7.403685e-01
    outer loop
      vertex  7.400018e+03  5.442362e+03  6.452031e+03
      vertex  7.400000e+03  5.442954e+03  6.452480e+03
      vertex  7.400000e+03  5.444997e+03  6.453996e+03
    endloop
  endfacet
  facet normal -4.062109e-01  5.445406e-01 -7.338039e-01
    outer loop
      vertex  7.400018e+03  5.442362e+03  6.452031e+03
      vertex  7.400000e+03  5.444997e+03  6.453996e+03
      vertex  7.400018e+03  5.444443e+03  6.453575e+03
    endloop
  endfacet
  facet normal -3.930402e-01  5.482903e-01 -7.381714e-01
    outer loop
      vertex  7.400018e+03  5.444443e+03  6.453575e+03
      vertex  7.400000e+03  5.444997e+03  6.453996e+03
      vertex  7.400000e+03  5.447039e+03  6.455513e+03
    endloop
  endfacet
  facet normal -4.125051e-01  5.430791e-01 -7.313718e-01
    outer loop
      vertex  7.400018e+03  5.444443e+03  6.453575e+03
      vertex  7.400000e+03  5.447039e+03  6.455513e+03
      vertex  7.400018e+03  5.446523e+03  6.455120e+03
    endloop
  endfacet
  facet normal -4.012887e-01  5.463592e-01 -7.351591e-01
    outer loop
      vertex  7.400018e+03  5.446523e+03  6.455120e+03
      vertex  7.400000e+03  5.447039e+03  6.455513e+03
      vertex  7.400000e+03  5.449081e+03  6.457031e+03
    endloop
  endfacet
  facet normal -4.059000e-01  5.451210e-01 -7.335451e-01
    outer loop
      vertex  7.400018e+03  5.446523e+03  6.455120e+03
      vertex  7.400000e+03  5.449081e+03  6.457031e+03
      vertex  7.400018e+03  5.448603e+03  6.456666e+03
    endloop
  endfacet
  facet normal -3.981659e-01  5.473692e-01 -7.361051e-01
    outer loop
      vertex  7.400018e+03  5.448603e+03  6.456666e+03
      vertex  7.400000e+03  5.449081e+03  6.457031e+03
      vertex  7.400000e+03  5.451123e+03  6.458549e+03
    endloop
  endfacet
  facet normal -4.182127e-01  5.419098e-01 -7.289937e-01
    outer loop
      vertex  7.400018e+03  5.448603e+03  6.456666e+03
      vertex  7.400000e+03  5.451123e+03  6.458549e+03
      vertex  7.400018e+03  5.450683e+03  6.458211e+03
    endloop
  endfacet
  facet normal -4.084850e-01  5.448519e-01 -7.323090e-01
    outer loop
      vertex  7.400018e+03  5.450683e+03  6.458211e+03
      vertex  7.400000e+03  5.451123e+03  6.458549e+03
      vertex  7.400000e+03  5.453164e+03  6.460067e+03
    endloop
  endfacet
  facet normal -4.091450e-01  5.446717e-01 -7.320745e-01
    outer loop
      vertex  7.400018e+03  5.450683e+03  6.458211e+03
      vertex  7.400000e+03  5.453164e+03  6.460067e+03
      vertex  7.400018e+03  5.452762e+03  6.459758e+03
    endloop
  endfacet
  facet normal -3.991200e-01  5.476590e-01 -7.353725e-01
    outer loop
      vertex  7.400018e+03  5.452762e+03  6.459758e+03
      vertex  7.400000e+03  5.453164e+03  6.460067e+03
      vertex  7.400000e+03  5.455205e+03  6.461587e+03
    endloop
  endfacet
  facet normal -4.058701e-01  5.458481e-01 -7.330207e-01
    outer loop
      vertex  7.400018e+03  5.452762e+03  6.459758e+03
      vertex  7.400000e+03  5.455205e+03  6.461587e+03
      vertex  7.400018e+03  5.454840e+03  6.461306e+03
    endloop
  endfacet
  facet normal -3.527184e-01  6.864678e-01 -6.358865e-01
    outer loop
      vertex  7.400046e+03  6.393873e+03  7.296838e+03
      vertex  7.400071e+03  6.391204e+03  7.293944e+03
      vertex  7.400000e+03  6.390078e+03  7.292768e+03
    endloop
  endfacet
  facet normal -3.299036e-01  6.917790e-01 -6.423438e-01
    outer loop
      vertex  7.400000e+03  6.390078e+03  7.292768e+03
      vertex  7.400071e+03  6.391204e+03  7.293944e+03
      vertex  7.400070e+03  6.384514e+03  7.286739e+03
    endloop
  endfacet
  facet normal -3.476252e-01  6.869865e-01 -6.381271e-01
    outer loop
      vertex  7.400000e+03  6.390078e+03  7.292768e+03
      vertex  7.400070e+03  6.384514e+03  7.286739e+03
      vertex  7.400000e+03  6.384702e+03  7.286980e+03
    endloop
  endfacet
  facet normal -3.294004e-01  6.930512e-01 -6.412296e-01
    outer loop
      vertex  7.400046e+03  6.393873e+03  7.296838e+03
      vertex  7.400000e+03  6.395448e+03  7.298564e+03
      vertex  7.400072e+03  6.397886e+03  7.301163e+03
    endloop
  endfacet
  facet normal -3.591004e-01  6.855149e-01 -6.333374e-01
    outer loop
      vertex  7.400072e+03  6.397886e+03  7.301163e+03
      vertex  7.400000e+03  6.395448e+03  7.298564e+03
      vertex  7.400000e+03  6.400812e+03  7.304370e+03
    endloop
  endfacet
  facet normal -3.205009e-01  6.962538e-01 -6.422693e-01
    outer loop
      vertex  7.400072e+03  6.397886e+03  7.301163e+03
      vertex  7.400000e+03  6.400812e+03  7.304370e+03
      vertex  7.400072e+03  6.404558e+03  7.308395e+03
    endloop
  endfacet
  facet normal -3.542124e-01  6.877091e-01 -6.337111e-01
    outer loop
      vertex  7.400072e+03  6.404558e+03  7.308395e+03
      vertex  7.400000e+03  6.400812e+03  7.304370e+03
      vertex  7.400000e+03  6.406169e+03  7.310185e+03
    endloop
  endfacet
  facet normal -3.246257e-01  6.962447e-01 -6.402043e-01
    outer loop
      vertex  7.400072e+03  6.404558e+03  7.308395e+03
      vertex  7.400000e+03  6.406169e+03  7.310185e+03
      vertex  7.400073e+03  6.411221e+03  7.315641e+03
    endloop
  endfacet
  facet normal -4.094333e-01  5.393500e-01 -7.358438e-01
    outer loop
      vertex  7.400000e+03  5.404075e+03  6.423807e+03
      vertex  7.400017e+03  5.402758e+03  6.422833e+03
      vertex  7.400000e+03  5.402025e+03  6.422304e+03
    endloop
  endfacet
  facet normal -4.020238e-01  5.411628e-01 -7.385931e-01
    outer loop
      vertex  7.400000e+03  5.402025e+03  6.422304e+03
      vertex  7.400017e+03  5.402758e+03  6.422833e+03
      vertex  7.400017e+03  5.400670e+03  6.421303e+03
    endloop
  endfacet
  facet normal -4.208651e-01  5.359560e-01 -7.318631e-01
    outer loop
      vertex  7.400000e+03  5.402025e+03  6.422304e+03
      vertex  7.400017e+03  5.400670e+03  6.421303e+03
      vertex  7.400000e+03  5.399975e+03  6.420803e+03
    endloop
  endfacet
  facet normal -4.142605e-01  5.376240e-01 -7.344037e-01
    outer loop
      vertex  7.400000e+03  5.399975e+03  6.420803e+03
      vertex  7.400017e+03  5.400670e+03  6.421303e+03
      vertex  7.400017e+03  5.398582e+03  6.419774e+03
    endloop
  endfacet
  facet normal -4.219171e-01  5.354707e-01 -7.316126e-01
    outer loop
      vertex  7.400000e+03  5.399975e+03  6.420803e+03
      vertex  7.400017e+03  5.398582e+03  6.419774e+03
      vertex  7.400000e+03  5.397924e+03  6.419302e+03
    endloop
  endfacet
  facet normal -4.113851e-01  5.388115e-01 -7.351493e-01
    outer loop
      vertex  7.400017e+03  5.402758e+03  6.422833e+03
      vertex  7.400000e+03  5.404075e+03  6.423807e+03
      vertex  7.400017e+03  5.404846e+03  6.424363e+03
    endloop
  endfacet
  facet normal -4.240441e-01  5.355861e-01 -7.302973e-01
    outer loop
      vertex  7.400017e+03  5.404846e+03  6.424363e+03
      vertex  7.400000e+03  5.404075e+03  6.423807e+03
      vertex  7.400000e+03  5.406124e+03  6.425310e+03
    endloop
  endfacet
  facet normal -4.200243e-01  5.367340e-01 -7.317760e-01
    outer loop
      vertex  7.400017e+03  5.404846e+03  6.424363e+03
      vertex  7.400000e+03  5.406124e+03  6.425310e+03
      vertex  7.400017e+03  5.406934e+03  6.425894e+03
    endloop
  endfacet
  facet normal -4.243145e-01  5.356244e-01 -7.301122e-01
    outer loop
      vertex  7.400017e+03  5.406934e+03  6.425894e+03
      vertex  7.400000e+03  5.406124e+03  6.425310e+03
      vertex  7.400000e+03  5.408173e+03  6.426813e+03
    endloop
  endfacet
  facet normal -3.981990e-01  5.428773e-01 -7.394064e-01
    outer loop
      vertex  7.400017e+03  5.406934e+03  6.425894e+03
      vertex  7.400000e+03  5.408173e+03  6.426813e+03
      vertex  7.400017e+03  5.409021e+03  6.427426e+03
    endloop
  endfacet
  facet normal -4.001568e-01  5.424035e-01 -7.386969e-01
    outer loop
      vertex  7.400017e+03  5.409021e+03  6.427426e+03
      vertex  7.400000e+03  5.408173e+03  6.426813e+03
      vertex  7.400000e+03  5.410222e+03  6.428317e+03
    endloop
  endfacet
  facet normal -4.029492e-01  5.416482e-01 -7.377325e-01
    outer loop
      vertex  7.400017e+03  5.409021e+03  6.427426e+03
      vertex  7.400000e+03  5.410222e+03  6.428317e+03
      vertex  7.400017e+03  5.411107e+03  6.428958e+03
    endloop
  endfacet
  facet normal -3.290422e-01  6.961519e-01 -6.380469e-01
    outer loop
      vertex  7.400000e+03  6.411521e+03  7.316008e+03
      vertex  7.400000e+03  6.416867e+03  7.321840e+03
      vertex  7.400074e+03  6.417874e+03  7.322901e+03
    endloop
  endfacet
  facet normal -3.511759e-01  6.910982e-01 -6.317110e-01
    outer loop
      vertex  7.400074e+03  6.417874e+03  7.322901e+03
      vertex  7.400000e+03  6.416867e+03  7.321840e+03
      vertex  7.400000e+03  6.422206e+03  7.327682e+03
    endloop
  endfacet
  facet normal -3.235698e-01  6.986430e-01 -6.381226e-01
    outer loop
      vertex  7.400074e+03  6.417874e+03  7.322901e+03
      vertex  7.400000e+03  6.422206e+03  7.327682e+03
      vertex  7.400074e+03  6.424518e+03  7.330175e+03
    endloop
  endfacet
  facet normal -3.567652e-01  6.903239e-01 -6.294215e-01
    outer loop
      vertex  7.400074e+03  6.424518e+03  7.330175e+03
      vertex  7.400000e+03  6.422206e+03  7.327682e+03
      vertex  7.400000e+03  6.427540e+03  7.333532e+03
    endloop
  endfacet
  facet normal -3.165409e-01  7.014595e-01 -6.385579e-01
    outer loop
      vertex  7.400074e+03  6.424518e+03  7.330175e+03
      vertex  7.400000e+03  6.427540e+03  7.333532e+03
      vertex  7.400075e+03  6.431153e+03  7.337463e+03
    endloop
  endfacet
  facet normal -4.007315e-01  5.402614e-01 -7.399539e-01
    outer loop
      vertex  7.400000e+03  5.391770e+03  6.414803e+03
      vertex  7.400017e+03  5.390224e+03  6.413666e+03
      vertex  7.400000e+03  5.389718e+03  6.413305e+03
    endloop
  endfacet
  facet normal -3.956860e-01  5.414234e-01 -7.418175e-01
    outer loop
      vertex  7.400000e+03  5.389718e+03  6.413305e+03
      vertex  7.400017e+03  5.390224e+03  6.413666e+03
      vertex  7.400016e+03  5.388134e+03  6.412140e+03
    endloop
  endfacet
  facet normal -4.044994e-01  5.390858e-01 -7.387602e-01
    outer loop
      vertex  7.400000e+03  5.389718e+03  6.413305e+03
      vertex  7.400016e+03  5.388134e+03  6.412140e+03
      vertex  7.400000e+03  5.387666e+03  6.411808e+03
    endloop
  endfacet
  facet normal -3.976243e-01  5.406740e-01 -7.413276e-01
    outer loop
      vertex  7.400000e+03  5.387666e+03  6.411808e+03
      vertex  7.400016e+03  5.388134e+03  6.412140e+03
      vertex  7.400016e+03  5.386043e+03  6.410615e+03
    endloop
  endfacet
  facet normal -4.141011e-01  5.362352e-01 -7.355081e-01
    outer loop
      vertex  7.400000e+03  5.387666e+03  6.411808e+03
      vertex  7.400016e+03  5.386043e+03  6.410615e+03
      vertex  7.400000e+03  5.385613e+03  6.410311e+03
    endloop
  endfacet
  facet normal -4.000540e-01  5.404417e-01 -7.401890e-01
    outer loop
      vertex  7.400017e+03  5.390224e+03  6.413666e+03
      vertex  7.400000e+03  5.391770e+03  6.414803e+03
      vertex  7.400017e+03  5.392314e+03  6.415191e+03
    endloop
  endfacet
  facet normal -4.093724e-01  5.382327e-01 -7.366951e-01
    outer loop
      vertex  7.400017e+03  5.392314e+03  6.415191e+03
      vertex  7.400000e+03  5.391770e+03  6.414803e+03
      vertex  7.400000e+03  5.393822e+03  6.416302e+03
    endloop
  endfacet
  facet normal -4.092047e-01  5.382786e-01 -7.367548e-01
    outer loop
      vertex  7.400017e+03  5.392314e+03  6.415191e+03
      vertex  7.400000e+03  5.393822e+03  6.416302e+03
      vertex  7.400017e+03  5.394404e+03  6.416718e+03
    endloop
  endfacet
  facet normal -4.178747e-01  5.361510e-01 -7.334322e-01
    outer loop
      vertex  7.400017e+03  5.394404e+03  6.416718e+03
      vertex  7.400000e+03  5.393822e+03  6.416302e+03
      vertex  7.400000e+03  5.395873e+03  6.417802e+03
    endloop
  endfacet
  facet normal -4.181168e-01  5.360832e-01 -7.333439e-01
    outer loop
      vertex  7.400017e+03  5.394404e+03  6.416718e+03
      vertex  7.400000e+03  5.395873e+03  6.417802e+03
      vertex  7.400017e+03  5.396493e+03  6.418246e+03
    endloop
  endfacet
  facet normal -4.273979e-01  5.337262e-01 -7.297037e-01
    outer loop
      vertex  7.400017e+03  5.396493e+03  6.418246e+03
      vertex  7.400000e+03  5.395873e+03  6.417802e+03
      vertex  7.400000e+03  5.397924e+03  6.419302e+03
    endloop
  endfacet
  facet normal -4.158635e-01  5.369985e-01 -7.339551e-01
    outer loop
      vertex  7.400017e+03  5.396493e+03  6.418246e+03
      vertex  7.400000e+03  5.397924e+03  6.419302e+03
      vertex  7.400017e+03  5.398582e+03  6.419774e+03
    endloop
  endfacet
  facet normal -4.188259e-01  5.338292e-01 -7.345825e-01
    outer loop
      vertex  7.400000e+03  5.377399e+03  6.404331e+03
      vertex  7.400016e+03  5.375584e+03  6.403002e+03
      vertex  7.400000e+03  5.375344e+03  6.402837e+03
    endloop
  endfacet
  facet normal -4.153406e-01  5.345802e-01 -7.360138e-01
    outer loop
      vertex  7.400000e+03  5.375344e+03  6.402837e+03
      vertex  7.400016e+03  5.375584e+03  6.403002e+03
      vertex  7.400016e+03  5.373491e+03  6.401482e+03
    endloop
  endfacet
  facet normal -4.043609e-01  5.375546e-01 -7.399509e-01
    outer loop
      vertex  7.400000e+03  5.375344e+03  6.402837e+03
      vertex  7.400016e+03  5.373491e+03  6.401482e+03
      vertex  7.400000e+03  5.373290e+03  6.401345e+03
    endloop
  endfacet
  facet normal -4.018941e-01  5.380358e-01 -7.409443e-01
    outer loop
      vertex  7.400000e+03  5.373290e+03  6.401345e+03
      vertex  7.400016e+03  5.373491e+03  6.401482e+03
      vertex  7.400016e+03  5.371398e+03  6.399962e+03
    endloop
  endfacet
  facet normal -4.081247e-01  5.363727e-01 -7.387411e-01
    outer loop
      vertex  7.400000e+03  5.373290e+03  6.401345e+03
      vertex  7.400016e+03  5.371398e+03  6.399962e+03
      vertex  7.400000e+03  5.371234e+03  6.399853e+03
    endloop
  endfacet
  facet normal -3.974859e-01  5.395876e-01 -7.421927e-01
    outer loop
      vertex  7.400016e+03  5.375584e+03  6.403002e+03
      vertex  7.400000e+03  5.377399e+03  6.404331e+03
      vertex  7.400016e+03  5.377677e+03  6.404524e+03
    endloop
  endfacet
  facet normal -4.010958e-01  5.388284e-01 -7.408011e-01
    outer loop
      vertex  7.400016e+03  5.377677e+03  6.404524e+03
      vertex  7.400000e+03  5.377399e+03  6.404331e+03
      vertex  7.400000e+03  5.379453e+03  6.405825e+03
    endloop
  endfacet
  facet normal -4.127637e-01  5.356884e-01 -7.366575e-01
    outer loop
      vertex  7.400016e+03  5.377677e+03  6.404524e+03
      vertex  7.400000e+03  5.379453e+03  6.405825e+03
      vertex  7.400016e+03  5.379769e+03  6.406045e+03
    endloop
  endfacet
  facet normal -4.196051e-01  5.341260e-01 -7.339216e-01
    outer loop
      vertex  7.400016e+03  5.379769e+03  6.406045e+03
      vertex  7.400000e+03  5.379453e+03  6.405825e+03
      vertex  7.400000e+03  5.381507e+03  6.407319e+03
    endloop
  endfacet
  facet normal -4.005055e-01  5.393187e-01 -7.407635e-01
    outer loop
      vertex  7.400016e+03  5.379769e+03  6.406045e+03
      vertex  7.400000e+03  5.381507e+03  6.407319e+03
      vertex  7.400016e+03  5.381861e+03  6.407568e+03
    endloop
  endfacet
  facet normal -4.053580e-01  5.382355e-01 -7.389096e-01
    outer loop
      vertex  7.400016e+03  5.381861e+03  6.407568e+03
      vertex  7.400000e+03  5.381507e+03  6.407319e+03
      vertex  7.400000e+03  5.383560e+03  6.408815e+03
    endloop
  endfacet
  facet normal -4.176930e-01  5.348646e-01 -7.344742e-01
    outer loop
      vertex  7.400016e+03  5.381861e+03  6.407568e+03
      vertex  7.400000e+03  5.383560e+03  6.408815e+03
      vertex  7.400016e+03  5.383952e+03  6.409091e+03
    endloop
  endfacet
  facet normal -4.239136e-01  5.333709e-01 -7.319924e-01
    outer loop
      vertex  7.400016e+03  5.383952e+03  6.409091e+03
      vertex  7.400000e+03  5.383560e+03  6.408815e+03
      vertex  7.400000e+03  5.385613e+03  6.410311e+03
    endloop
  endfacet
  facet normal -4.108346e-01  5.370089e-01 -7.367742e-01
    outer loop
      vertex  7.400016e+03  5.383952e+03  6.409091e+03
      vertex  7.400000e+03  5.385613e+03  6.410311e+03
      vertex  7.400016e+03  5.386043e+03  6.410615e+03
    endloop
  endfacet
  facet normal -2.847554e-01  7.109886e-01 -6.429694e-01
    outer loop
      vertex  7.400076e+03  6.444394e+03  7.352081e+03
      vertex  7.400076e+03  6.437778e+03  7.344765e+03
      vertex  7.400016e+03  6.438657e+03  7.345764e+03
    endloop
  endfacet
  facet normal -3.172642e-01  7.022991e-01 -6.372748e-01
    outer loop
      vertex  7.400016e+03  6.438657e+03  7.345764e+03
      vertex  7.400076e+03  6.437778e+03  7.344765e+03
      vertex  7.400000e+03  6.432867e+03  7.339391e+03
    endloop
  endfacet
  facet normal -4.597073e-01  6.578665e-01 -5.965576e-01
    outer loop
      vertex  7.400016e+03  6.438657e+03  7.345764e+03
      vertex  7.400000e+03  6.432867e+03  7.339391e+03
      vertex  7.400000e+03  6.438188e+03  7.345259e+03
    endloop
  endfacet
  facet normal -4.207617e-01  5.306940e-01 -7.357468e-01
    outer loop
      vertex  7.400000e+03  5.348605e+03  6.383485e+03
      vertex  7.400000e+03  5.350664e+03  6.384970e+03
      vertex  7.400016e+03  5.350446e+03  6.384804e+03
    endloop
  endfacet
  facet normal -4.187181e-01  5.313618e-01 -7.364304e-01
    outer loop
      vertex  7.400016e+03  5.350446e+03  6.384804e+03
      vertex  7.400000e+03  5.350664e+03  6.384970e+03
      vertex  7.400000e+03  5.352723e+03  6.386455e+03
    endloop
  endfacet
  facet normal -4.244707e-01  5.297654e-01 -7.342843e-01
    outer loop
      vertex  7.400016e+03  5.350446e+03  6.384804e+03
      vertex  7.400000e+03  5.352723e+03  6.386455e+03
      vertex  7.400016e+03  5.352543e+03  6.386316e+03
    endloop
  endfacet
  facet normal -4.223242e-01  5.304984e-01 -7.349923e-01
    outer loop
      vertex  7.400016e+03  5.352543e+03  6.386316e+03
      vertex  7.400000e+03  5.352723e+03  6.386455e+03
      vertex  7.400000e+03  5.354781e+03  6.387941e+03
    endloop
  endfacet
  facet normal -4.080090e-01  5.344014e-01 -7.402322e-01
    outer loop
      vertex  7.400016e+03  5.352543e+03  6.386316e+03
      vertex  7.400000e+03  5.354781e+03  6.387941e+03
      vertex  7.400016e+03  5.354640e+03  6.387830e+03
    endloop
  endfacet
  facet normal -4.056093e-01  5.352297e-01 -7.409521e-01
    outer loop
      vertex  7.400016e+03  5.354640e+03  6.387830e+03
      vertex  7.400000e+03  5.354781e+03  6.387941e+03
      vertex  7.400000e+03  5.356839e+03  6.389427e+03
    endloop
  endfacet
  facet normal -3.921311e-01  5.387378e-01 -7.456506e-01
    outer loop
      vertex  7.400016e+03  5.354640e+03  6.387830e+03
      vertex  7.400000e+03  5.356839e+03  6.389427e+03
      vertex  7.400016e+03  5.356735e+03  6.389344e+03
    endloop
  endfacet
  facet normal -3.907346e-01  5.392433e-01 -7.460182e-01
    outer loop
      vertex  7.400016e+03  5.356735e+03  6.389344e+03
      vertex  7.400000e+03  5.356839e+03  6.389427e+03
      vertex  7.400000e+03  5.358896e+03  6.390915e+03
    endloop
  endfacet
  facet normal -3.984607e-01  5.372563e-01 -7.433604e-01
    outer loop
      vertex  7.400016e+03  5.356735e+03  6.389344e+03
      vertex  7.400000e+03  5.358896e+03  6.390915e+03
      vertex  7.400016e+03  5.358831e+03  6.390859e+03
    endloop
  endfacet
  facet normal -3.964169e-01  5.381339e-01 -7.438182e-01
    outer loop
      vertex  7.400016e+03  5.358831e+03  6.390859e+03
      vertex  7.400000e+03  5.358896e+03  6.390915e+03
      vertex  7.400000e+03  5.360954e+03  6.392403e+03
    endloop
  endfacet
  facet normal -4.189979e-01  5.320935e-01 -7.357426e-01
    outer loop
      vertex  7.400016e+03  5.358831e+03  6.390859e+03
      vertex  7.400000e+03  5.360954e+03  6.392403e+03
      vertex  7.400016e+03  5.360927e+03  6.392375e+03
    endloop
  endfacet
  facet normal -4.186733e-01  5.323112e-01 -7.357700e-01
    outer loop
      vertex  7.400016e+03  5.360927e+03  6.392375e+03
      vertex  7.400000e+03  5.360954e+03  6.392403e+03
      vertex  7.400000e+03  5.363011e+03  6.393891e+03
    endloop
  endfacet
  facet normal -3.937927e-01  5.389428e-01 -7.446262e-01
    outer loop
      vertex  7.400016e+03  5.360927e+03  6.392375e+03
      vertex  7.400000e+03  5.363011e+03  6.393891e+03
      vertex  7.400016e+03  5.363021e+03  6.393891e+03
    endloop
  endfacet
  facet normal -3.939346e-01  5.391597e-01 -7.443940e-01
    outer loop
      vertex  7.400016e+03  5.363021e+03  6.393891e+03
      vertex  7.400000e+03  5.363011e+03  6.393891e+03
      vertex  7.400000e+03  5.365067e+03  6.395380e+03
    endloop
  endfacet
  facet normal -3.981365e-01  5.380718e-01 -7.429442e-01
    outer loop
      vertex  7.400016e+03  5.363021e+03  6.393891e+03
      vertex  7.400000e+03  5.365067e+03  6.395380e+03
      vertex  7.400016e+03  5.365116e+03  6.395408e+03
    endloop
  endfacet
  facet normal -3.990898e-01  5.380848e-01 -7.424231e-01
    outer loop
      vertex  7.400016e+03  5.365116e+03  6.395408e+03
      vertex  7.400000e+03  5.365067e+03  6.395380e+03
      vertex  7.400000e+03  5.367123e+03  6.396871e+03
    endloop
  endfacet
  facet normal -4.089822e-01  5.354606e-01 -7.389287e-01
    outer loop
      vertex  7.400016e+03  5.365116e+03  6.395408e+03
      vertex  7.400000e+03  5.367123e+03  6.396871e+03
      vertex  7.400016e+03  5.367210e+03  6.396925e+03
    endloop
  endfacet
  facet normal -4.101667e-01  5.353236e-01 -7.383713e-01
    outer loop
      vertex  7.400016e+03  5.367210e+03  6.396925e+03
      vertex  7.400000e+03  5.367123e+03  6.396871e+03
      vertex  7.400000e+03  5.369179e+03  6.398361e+03
    endloop
  endfacet
  facet normal -4.200462e-01  5.326157e-01 -7.347664e-01
    outer loop
      vertex  7.400016e+03  5.367210e+03  6.396925e+03
      vertex  7.400000e+03  5.369179e+03  6.398361e+03
      vertex  7.400016e+03  5.369305e+03  6.398443e+03
    endloop
  endfacet
  facet normal -4.233724e-01  5.320492e-01 -7.332663e-01
    outer loop
      vertex  7.400016e+03  5.369305e+03  6.398443e+03
      vertex  7.400000e+03  5.369179e+03  6.398361e+03
      vertex  7.400000e+03  5.371234e+03  6.399853e+03
    endloop
  endfacet
  facet normal -4.065847e-01  5.366541e-01 -7.393858e-01
    outer loop
      vertex  7.400016e+03  5.369305e+03  6.398443e+03
      vertex  7.400000e+03  5.371234e+03  6.399853e+03
      vertex  7.400016e+03  5.371398e+03  6.399962e+03
    endloop
  endfacet
  facet normal -4.318023e-01  6.725218e-01 -6.010500e-01
    outer loop
      vertex  7.400079e+03  6.468570e+03  7.379026e+03
      vertex  7.400078e+03  6.459793e+03  7.369206e+03
      vertex  7.400067e+03  6.461231e+03  7.370823e+03
    endloop
  endfacet
  facet normal -4.673539e-01  6.590308e-01 -5.892864e-01
    outer loop
      vertex  7.400067e+03  6.461231e+03  7.370823e+03
      vertex  7.400078e+03  6.459793e+03  7.369206e+03
      vertex  7.400000e+03  6.454116e+03  7.362918e+03
    endloop
  endfacet
  facet normal -2.650448e-01  7.177637e-01 -6.438684e-01
    outer loop
      vertex  7.400067e+03  6.461231e+03  7.370823e+03
      vertex  7.400000e+03  6.454116e+03  7.362918e+03
      vertex  7.400000e+03  6.459413e+03  7.368823e+03
    endloop
  endfacet
  facet normal -3.332414e-01  7.048598e-01 -6.261971e-01
    outer loop
      vertex  7.400020e+03  6.479333e+03  7.391159e+03
      vertex  7.400080e+03  6.477330e+03  7.388871e+03
      vertex  7.400000e+03  6.475267e+03  7.386591e+03
    endloop
  endfacet
  facet normal -3.102403e-01  7.102603e-01 -6.318871e-01
    outer loop
      vertex  7.400000e+03  6.475267e+03  7.386591e+03
      vertex  7.400080e+03  6.477330e+03  7.388871e+03
      vertex  7.400079e+03  6.468570e+03  7.379026e+03
    endloop
  endfacet
  facet normal -3.226558e-01  7.070946e-01 -6.292141e-01
    outer loop
      vertex  7.400000e+03  6.475267e+03  7.386591e+03
      vertex  7.400079e+03  6.468570e+03  7.379026e+03
      vertex  7.400000e+03  6.469988e+03  7.380660e+03
    endloop
  endfacet
  facet normal -3.340660e-01  7.058492e-01 -6.246412e-01
    outer loop
      vertex  7.400000e+03  6.485804e+03  7.398482e+03
      vertex  7.400081e+03  6.486072e+03  7.398742e+03
      vertex  7.400000e+03  6.480539e+03  7.392532e+03
    endloop
  endfacet
  facet normal -3.001369e-01  7.141027e-01 -6.324360e-01
    outer loop
      vertex  7.400000e+03  6.480539e+03  7.392532e+03
      vertex  7.400081e+03  6.486072e+03  7.398742e+03
      vertex  7.400080e+03  6.477330e+03  7.388871e+03
    endloop
  endfacet
  facet normal -8.506791e-02  7.483739e-01 -6.577993e-01
    outer loop
      vertex  7.400000e+03  6.480539e+03  7.392532e+03
      vertex  7.400080e+03  6.477330e+03  7.388871e+03
      vertex  7.400020e+03  6.479333e+03  7.391159e+03
    endloop
  endfacet
  facet normal -3.478623e-01  7.038031e-01 -6.193973e-01
    outer loop
      vertex  7.400000e+03  6.496317e+03  7.410410e+03
      vertex  7.400082e+03  6.494797e+03  7.408637e+03
      vertex  7.400000e+03  6.491064e+03  7.404441e+03
    endloop
  endfacet
  facet normal -2.948610e-01  7.167386e-01 -6.319358e-01
    outer loop
      vertex  7.400000e+03  6.491064e+03  7.404441e+03
      vertex  7.400082e+03  6.494797e+03  7.408637e+03
      vertex  7.400081e+03  6.486072e+03  7.398742e+03
    endloop
  endfacet
  facet normal -3.390129e-01  7.053258e-01 -6.225639e-01
    outer loop
      vertex  7.400000e+03  6.491064e+03  7.404441e+03
      vertex  7.400081e+03  6.486072e+03  7.398742e+03
      vertex  7.400000e+03  6.485804e+03  7.398482e+03
    endloop
  endfacet
  facet normal -3.464387e-01  7.058396e-01 -6.178759e-01
    outer loop
      vertex  7.400000e+03  6.506805e+03  7.422375e+03
      vertex  7.400083e+03  6.503504e+03  7.418558e+03
      vertex  7.400000e+03  6.501564e+03  7.416388e+03
    endloop
  endfacet
  facet normal -3.081571e-01  7.150123e-01 -6.275321e-01
    outer loop
      vertex  7.400000e+03  6.501564e+03  7.416388e+03
      vertex  7.400083e+03  6.503504e+03  7.418558e+03
      vertex  7.400082e+03  6.494797e+03  7.408637e+03
    endloop
  endfacet
  facet normal -3.170453e-01  7.127624e-01 -6.256613e-01
    outer loop
      vertex  7.400000e+03  6.501564e+03  7.416388e+03
      vertex  7.400082e+03  6.494797e+03  7.408637e+03
      vertex  7.400000e+03  6.496317e+03  7.410410e+03
    endloop
  endfacet
  facet normal -4.059099e-01  5.276810e-01 -7.461836e-01
    outer loop
      vertex  7.400000e+03  5.284614e+03  6.337792e+03
      vertex  7.400014e+03  5.283166e+03  6.336760e+03
      vertex  7.400000e+03  5.282544e+03  6.336328e+03
    endloop
  endfacet
  facet normal -4.002296e-01  5.290254e-01 -7.482970e-01
    outer loop
      vertex  7.400000e+03  5.282544e+03  6.336328e+03
      vertex  7.400014e+03  5.283166e+03  6.336760e+03
      vertex  7.400014e+03  5.281058e+03  6.335270e+03
    endloop
  endfacet
  facet normal -4.139243e-01  5.254018e-01 -7.433839e-01
    outer loop
      vertex  7.400000e+03  5.282544e+03  6.336328e+03
      vertex  7.400014e+03  5.281058e+03  6.335270e+03
      vertex  7.400000e+03  5.280475e+03  6.334865e+03
    endloop
  endfacet
  facet normal -4.027266e-01  5.280809e-01 -7.476240e-01
    outer loop
      vertex  7.400000e+03  5.280475e+03  6.334865e+03
      vertex  7.400014e+03  5.281058e+03  6.335270e+03
      vertex  7.400014e+03  5.278950e+03  6.333781e+03
    endloop
  endfacet
  facet normal -4.175130e-01  5.241390e-01 -7.422676e-01
    outer loop
      vertex  7.400000e+03  5.280475e+03  6.334865e+03
      vertex  7.400014e+03  5.278950e+03  6.333781e+03
      vertex  7.400000e+03  5.278404e+03  6.333403e+03
    endloop
  endfacet
  facet normal -4.130868e-01  5.252144e-01 -7.439820e-01
    outer loop
      vertex  7.400000e+03  5.278404e+03  6.333403e+03
      vertex  7.400014e+03  5.278950e+03  6.333781e+03
      vertex  7.400014e+03  5.276841e+03  6.332292e+03
    endloop
  endfacet
  facet normal -4.169109e-01  5.241815e-01 -7.425759e-01
    outer loop
      vertex  7.400000e+03  5.278404e+03  6.333403e+03
      vertex  7.400014e+03  5.276841e+03  6.332292e+03
      vertex  7.400000e+03  5.276334e+03  6.331942e+03
    endloop
  endfacet
  facet normal -4.128945e-01  5.251496e-01 -7.441343e-01
    outer loop
      vertex  7.400000e+03  5.276334e+03  6.331942e+03
      vertex  7.400014e+03  5.276841e+03  6.332292e+03
      vertex  7.400014e+03  5.274732e+03  6.330804e+03
    endloop
  endfacet
  facet normal -4.290029e-01  5.207283e-01 -7.381046e-01
    outer loop
      vertex  7.400000e+03  5.276334e+03  6.331942e+03
      vertex  7.400014e+03  5.274732e+03  6.330804e+03
      vertex  7.400000e+03  5.274263e+03  6.330481e+03
    endloop
  endfacet
  facet normal -4.207259e-01  5.227691e-01 -7.414191e-01
    outer loop
      vertex  7.400000e+03  5.274263e+03  6.330481e+03
      vertex  7.400014e+03  5.274732e+03  6.330804e+03
      vertex  7.400014e+03  5.272623e+03  6.329316e+03
    endloop
  endfacet
  facet normal -4.084612e-01  5.260716e-01 -7.459277e-01
    outer loop
      vertex  7.400000e+03  5.274263e+03  6.330481e+03
      vertex  7.400014e+03  5.272623e+03  6.329316e+03
      vertex  7.400000e+03  5.272192e+03  6.329021e+03
    endloop
  endfacet
  facet normal -3.975069e-01  5.285710e-01 -7.500674e-01
    outer loop
      vertex  7.400000e+03  5.272192e+03  6.329021e+03
      vertex  7.400014e+03  5.272623e+03  6.329316e+03
      vertex  7.400014e+03  5.270513e+03  6.327830e+03
    endloop
  endfacet
  facet normal -4.161928e-01  5.236557e-01 -7.433494e-01
    outer loop
      vertex  7.400000e+03  5.272192e+03  6.329021e+03
      vertex  7.400014e+03  5.270513e+03  6.327830e+03
      vertex  7.400000e+03  5.270121e+03  6.327561e+03
    endloop
  endfacet
  facet normal -4.094833e-01  5.252166e-01 -7.459698e-01
    outer loop
      vertex  7.400000e+03  5.270121e+03  6.327561e+03
      vertex  7.400014e+03  5.270513e+03  6.327830e+03
      vertex  7.400014e+03  5.268402e+03  6.326344e+03
    endloop
  endfacet
  facet normal -3.979303e-01  5.282250e-01 -7.500866e-01
    outer loop
      vertex  7.400000e+03  5.270121e+03  6.327561e+03
      vertex  7.400014e+03  5.268402e+03  6.326344e+03
      vertex  7.400000e+03  5.268049e+03  6.326102e+03
    endloop
  endfacet
  facet normal -3.327408e-01  7.107295e-01 -6.197961e-01
    outer loop
      vertex  7.400000e+03  6.512039e+03  7.428371e+03
      vertex  7.400021e+03  6.515083e+03  7.431850e+03
      vertex  7.400083e+03  6.512195e+03  7.428504e+03
    endloop
  endfacet
  facet normal -7.097879e-02  7.543596e-01 -6.526129e-01
    outer loop
      vertex  7.400083e+03  6.512195e+03  7.428504e+03
      vertex  7.400021e+03  6.515083e+03  7.431850e+03
      vertex  7.400000e+03  6.517267e+03  7.434376e+03
    endloop
  endfacet
  facet normal -2.976213e-01  7.203764e-01 -6.264818e-01
    outer loop
      vertex  7.400083e+03  6.512195e+03  7.428504e+03
      vertex  7.400000e+03  6.517267e+03  7.434376e+03
      vertex  7.400084e+03  6.520867e+03  7.438476e+03
    endloop
  endfacet
  facet normal -3.422984e-01  7.094893e-01 -6.160005e-01
    outer loop
      vertex  7.400084e+03  6.520867e+03  7.438476e+03
      vertex  7.400000e+03  6.517267e+03  7.434376e+03
      vertex  7.400000e+03  6.522488e+03  7.440390e+03
    endloop
  endfacet
  facet normal -3.329228e-01  7.122626e-01 -6.179356e-01
    outer loop
      vertex  7.400084e+03  6.520867e+03  7.438476e+03
      vertex  7.400000e+03  6.522488e+03  7.440390e+03
      vertex  7.400041e+03  6.523293e+03  7.441296e+03
    endloop
  endfacet
  facet normal -3.582867e-01  7.058334e-01 -6.110891e-01
    outer loop
      vertex  7.400041e+03  6.523293e+03  7.441296e+03
      vertex  7.400000e+03  6.522488e+03  7.440390e+03
      vertex  7.400000e+03  6.527704e+03  7.446414e+03
    endloop
  endfacet
  facet normal -3.135736e-01  7.180933e-01 -6.213000e-01
    outer loop
      vertex  7.400041e+03  6.523293e+03  7.441296e+03
      vertex  7.400000e+03  6.527704e+03  7.446414e+03
      vertex  7.400085e+03  6.529522e+03  7.448473e+03
    endloop
  endfacet
  facet normal -4.157636e-01  5.225008e-01 -7.444015e-01
    outer loop
      vertex  7.400000e+03  5.257686e+03  6.318817e+03
      vertex  7.400000e+03  5.259759e+03  6.320273e+03
      vertex  7.400013e+03  5.259959e+03  6.320406e+03
    endloop
  endfacet
  facet normal -4.230692e-01  5.209598e-01 -7.413591e-01
    outer loop
      vertex  7.400013e+03  5.259959e+03  6.320406e+03
      vertex  7.400000e+03  5.259759e+03  6.320273e+03
      vertex  7.400000e+03  5.261832e+03  6.321729e+03
    endloop
  endfacet
  facet normal -4.332869e-01  5.181175e-01 -7.374392e-01
    outer loop
      vertex  7.400013e+03  5.259959e+03  6.320406e+03
      vertex  7.400000e+03  5.261832e+03  6.321729e+03
      vertex  7.400013e+03  5.262070e+03  6.321889e+03
    endloop
  endfacet
  facet normal -4.370535e-01  5.172456e-01 -7.358269e-01
    outer loop
      vertex  7.400013e+03  5.262070e+03  6.321889e+03
      vertex  7.400000e+03  5.261832e+03  6.321729e+03
      vertex  7.400000e+03  5.263905e+03  6.323187e+03
    endloop
  endfacet
  facet normal -4.280177e-01  5.197919e-01 -7.393356e-01
    outer loop
      vertex  7.400013e+03  5.262070e+03  6.321889e+03
      vertex  7.400000e+03  5.263905e+03  6.323187e+03
      vertex  7.400013e+03  5.264182e+03  6.323374e+03
    endloop
  endfacet
  facet normal -4.316764e-01  5.189350e-01 -7.378090e-01
    outer loop
      vertex  7.400013e+03  5.264182e+03  6.323374e+03
      vertex  7.400000e+03  5.263905e+03  6.323187e+03
      vertex  7.400000e+03  5.265977e+03  6.324644e+03
    endloop
  endfacet
  facet normal -4.097196e-01  5.249246e-01 -7.460455e-01
    outer loop
      vertex  7.400013e+03  5.264182e+03  6.323374e+03
      vertex  7.400000e+03  5.265977e+03  6.324644e+03
      vertex  7.400013e+03  5.266292e+03  6.324858e+03
    endloop
  endfacet
  facet normal -4.117395e-01  5.244697e-01 -7.452529e-01
    outer loop
      vertex  7.400013e+03  5.266292e+03  6.324858e+03
      vertex  7.400000e+03  5.265977e+03  6.324644e+03
      vertex  7.400000e+03  5.268049e+03  6.326102e+03
    endloop
  endfacet
  facet normal -3.937679e-01  5.291291e-01 -7.516444e-01
    outer loop
      vertex  7.400013e+03  5.266292e+03  6.324858e+03
      vertex  7.400000e+03  5.268049e+03  6.326102e+03
      vertex  7.400014e+03  5.268402e+03  6.326344e+03
    endloop
  endfacet
  facet normal -4.218933e-01  5.209054e-01 -7.420672e-01
    outer loop
      vertex  7.400013e+03  5.259959e+03  6.320406e+03
      vertex  7.400013e+03  5.257847e+03  6.318923e+03
      vertex  7.400000e+03  5.257686e+03  6.318817e+03
    endloop
  endfacet
  facet normal -4.201995e-01  5.212421e-01 -7.427914e-01
    outer loop
      vertex  7.400000e+03  5.257686e+03  6.318817e+03
      vertex  7.400013e+03  5.257847e+03  6.318923e+03
      vertex  7.400013e+03  5.255735e+03  6.317441e+03
    endloop
  endfacet
  facet normal -4.108049e-01  5.237586e-01 -7.462682e-01
    outer loop
      vertex  7.400000e+03  5.257686e+03  6.318817e+03
      vertex  7.400013e+03  5.255735e+03  6.317441e+03
      vertex  7.400000e+03  5.255612e+03  6.317362e+03
    endloop
  endfacet
  facet normal -3.979429e-01  5.266942e-01 -7.511556e-01
    outer loop
      vertex  7.400013e+03  5.255735e+03  6.317441e+03
      vertex  7.400013e+03  5.253623e+03  6.315960e+03
      vertex  7.400000e+03  5.253538e+03  6.315908e+03
    endloop
  endfacet
  facet normal -3.976739e-01  5.267264e-01 -7.512754e-01
    outer loop
      vertex  7.400000e+03  5.253538e+03  6.315908e+03
      vertex  7.400013e+03  5.253623e+03  6.315960e+03
      vertex  7.400013e+03  5.251510e+03  6.314479e+03
    endloop
  endfacet
  facet normal -4.271593e-01  5.189087e-01 -7.404516e-01
    outer loop
      vertex  7.400000e+03  5.253538e+03  6.315908e+03
      vertex  7.400013e+03  5.251510e+03  6.314479e+03
      vertex  7.400000e+03  5.251464e+03  6.314454e+03
    endloop
  endfacet
  facet normal -3.147126e-01  7.178339e-01 -6.210237e-01
    outer loop
      vertex  7.400000e+03  6.527704e+03  7.446414e+03
      vertex  7.400022e+03  6.530574e+03  7.449720e+03
      vertex  7.400085e+03  6.529522e+03  7.448473e+03
    endloop
  endfacet
  facet normal -2.542805e-01  7.330787e-01 -6.308225e-01
    outer loop
      vertex  7.400085e+03  6.529522e+03  7.448473e+03
      vertex  7.400022e+03  6.530574e+03  7.449720e+03
      vertex  7.400000e+03  6.532913e+03  7.452447e+03
    endloop
  endfacet
  facet normal -3.287501e-01  7.150030e-01 -6.170042e-01
    outer loop
      vertex  7.400085e+03  6.529522e+03  7.448473e+03
      vertex  7.400000e+03  6.532913e+03  7.452447e+03
      vertex  7.400030e+03  6.534634e+03  7.454426e+03
    endloop
  endfacet
  facet normal -3.338426e-01  7.146854e-01 -6.146330e-01
    outer loop
      vertex  7.400030e+03  6.534634e+03  7.454426e+03
      vertex  7.400000e+03  6.538115e+03  7.458490e+03
      vertex  7.400086e+03  6.538160e+03  7.458496e+03
    endloop
  endfacet
  facet normal -3.341167e-01  7.151222e-01 -6.139758e-01
    outer loop
      vertex  7.400086e+03  6.538160e+03  7.458496e+03
      vertex  7.400000e+03  6.538115e+03  7.458490e+03
      vertex  7.400000e+03  6.543311e+03  7.464542e+03
    endloop
  endfacet
  facet normal -2.986883e-01  7.243704e-01 -6.213476e-01
    outer loop
      vertex  7.400086e+03  6.538160e+03  7.458496e+03
      vertex  7.400000e+03  6.543311e+03  7.464542e+03
      vertex  7.400087e+03  6.546780e+03  7.468544e+03
    endloop
  endfacet
  facet normal -3.261420e-01  7.231889e-01 -6.087932e-01
    outer loop
      vertex  7.400021e+03  6.563514e+03  7.488217e+03
      vertex  7.400000e+03  6.564030e+03  7.488841e+03
      vertex  7.400090e+03  6.563966e+03  7.488718e+03
    endloop
  endfacet
  facet normal -3.297456e-01  7.205039e-01 -6.100343e-01
    outer loop
      vertex  7.400090e+03  6.563966e+03  7.488718e+03
      vertex  7.400000e+03  6.564030e+03  7.488841e+03
      vertex  7.400000e+03  6.569193e+03  7.494940e+03
    endloop
  endfacet
  facet normal -2.944471e-01  7.296364e-01 -6.171966e-01
    outer loop
      vertex  7.400090e+03  6.563966e+03  7.488718e+03
      vertex  7.400000e+03  6.569193e+03  7.494940e+03
      vertex  7.400091e+03  6.572532e+03  7.498844e+03
    endloop
  endfacet
  facet normal -2.858469e-01  7.301682e-01 -6.206012e-01
    outer loop
      vertex  7.400090e+03  6.563966e+03  7.488718e+03
      vertex  7.400089e+03  6.555382e+03  7.478618e+03
      vertex  7.400021e+03  6.563514e+03  7.488217e+03
    endloop
  endfacet
  facet normal -2.978830e-01  7.273241e-01 -6.182761e-01
    outer loop
      vertex  7.400021e+03  6.563514e+03  7.488217e+03
      vertex  7.400089e+03  6.555382e+03  7.478618e+03
      vertex  7.400000e+03  6.558860e+03  7.482752e+03
    endloop
  endfacet
  facet normal -4.504385e-01  6.805747e-01 -5.778608e-01
    outer loop
      vertex  7.400021e+03  6.563514e+03  7.488217e+03
      vertex  7.400000e+03  6.558860e+03  7.482752e+03
      vertex  7.400000e+03  6.564030e+03  7.488841e+03
    endloop
  endfacet
  facet normal -3.393996e-01  7.204331e-01 -6.048009e-01
    outer loop
      vertex  7.400000e+03  6.584645e+03  7.513292e+03
      vertex  7.400092e+03  6.581081e+03  7.508995e+03
      vertex  7.400000e+03  6.579501e+03  7.507165e+03
    endloop
  endfacet
  facet normal -3.060408e-01  7.282304e-01 -6.132043e-01
    outer loop
      vertex  7.400000e+03  6.579501e+03  7.507165e+03
      vertex  7.400092e+03  6.581081e+03  7.508995e+03
      vertex  7.400091e+03  6.572532e+03  7.498844e+03
    endloop
  endfacet
  facet normal -3.004074e-01  7.296350e-01 -6.143191e-01
    outer loop
      vertex  7.400000e+03  6.579501e+03  7.507165e+03
      vertex  7.400091e+03  6.572532e+03  7.498844e+03
      vertex  7.400000e+03  6.574351e+03  7.501048e+03
    endloop
  endfacet
  facet normal -2.477636e-01  7.439504e-01 -6.206054e-01
    outer loop
      vertex  7.400094e+03  6.598123e+03  7.529376e+03
      vertex  7.400093e+03  6.589610e+03  7.519173e+03
      vertex  7.400053e+03  6.594818e+03  7.525431e+03
    endloop
  endfacet
  facet normal -3.207210e-01  7.270836e-01 -6.070317e-01
    outer loop
      vertex  7.400053e+03  6.594818e+03  7.525431e+03
      vertex  7.400093e+03  6.589610e+03  7.519173e+03
      vertex  7.400000e+03  6.589782e+03  7.519428e+03
    endloop
  endfacet
  facet normal -3.306570e-01  7.245046e-01 -6.047803e-01
    outer loop
      vertex  7.400053e+03  6.594818e+03  7.525431e+03
      vertex  7.400000e+03  6.589782e+03  7.519428e+03
      vertex  7.400000e+03  6.594913e+03  7.525574e+03
    endloop
  endfacet
  facet normal -3.296815e-01  7.272620e-01 -6.019969e-01
    outer loop
      vertex  7.400000e+03  6.610265e+03  7.544067e+03
      vertex  7.400095e+03  6.606616e+03  7.539606e+03
      vertex  7.400000e+03  6.605154e+03  7.537893e+03
    endloop
  endfacet
  facet normal -3.008603e-01  7.337706e-01 -6.091501e-01
    outer loop
      vertex  7.400000e+03  6.605154e+03  7.537893e+03
      vertex  7.400095e+03  6.606616e+03  7.539606e+03
      vertex  7.400094e+03  6.598123e+03  7.529376e+03
    endloop
  endfacet
  facet normal -3.017084e-01  7.335594e-01 -6.089850e-01
    outer loop
      vertex  7.400000e+03  6.605154e+03  7.537893e+03
      vertex  7.400094e+03  6.598123e+03  7.529376e+03
      vertex  7.400000e+03  6.600037e+03  7.531729e+03
    endloop
  endfacet
  facet normal -2.482762e-01  7.481566e-01 -6.153216e-01
    outer loop
      vertex  7.400097e+03  6.623548e+03  7.560144e+03
      vertex  7.400096e+03  6.615091e+03  7.549862e+03
      vertex  7.400050e+03  6.620266e+03  7.556172e+03
    endloop
  endfacet
  facet normal -3.203546e-01  7.313549e-01 -6.020739e-01
    outer loop
      vertex  7.400050e+03  6.620266e+03  7.556172e+03
      vertex  7.400096e+03  6.615091e+03  7.549862e+03
      vertex  7.400000e+03  6.615369e+03  7.550251e+03
    endloop
  endfacet
  facet normal -3.328264e-01  7.280850e-01 -5.992652e-01
    outer loop
      vertex  7.400050e+03  6.620266e+03  7.556172e+03
      vertex  7.400000e+03  6.615369e+03  7.550251e+03
      vertex  7.400000e+03  6.620466e+03  7.556444e+03
    endloop
  endfacet
  facet normal -3.013942e-01  7.377539e-01 -6.040534e-01
    outer loop
      vertex  7.400037e+03  6.632312e+03  7.570881e+03
      vertex  7.400099e+03  6.631986e+03  7.570453e+03
      vertex  7.400000e+03  6.630641e+03  7.568859e+03
    endloop
  endfacet
  facet normal -3.040861e-01  7.371811e-01 -6.034033e-01
    outer loop
      vertex  7.400000e+03  6.630641e+03  7.568859e+03
      vertex  7.400099e+03  6.631986e+03  7.570453e+03
      vertex  7.400097e+03  6.623548e+03  7.560144e+03
    endloop
  endfacet
  facet normal -2.940052e-01  7.396865e-01 -6.053302e-01
    outer loop
      vertex  7.400000e+03  6.630641e+03  7.568859e+03
      vertex  7.400097e+03  6.623548e+03  7.560144e+03
      vertex  7.400000e+03  6.625557e+03  7.562646e+03
    endloop
  endfacet
  facet normal -3.236379e-01  7.338974e-01 -5.972045e-01
    outer loop
      vertex  7.400000e+03  6.640789e+03  7.581312e+03
      vertex  7.400100e+03  6.640406e+03  7.580788e+03
      vertex  7.400000e+03  6.635718e+03  7.575081e+03
    endloop
  endfacet
  facet normal -2.881628e-01  7.424048e-01 -6.048120e-01
    outer loop
      vertex  7.400000e+03  6.635718e+03  7.575081e+03
      vertex  7.400100e+03  6.640406e+03  7.580788e+03
      vertex  7.400099e+03  6.631986e+03  7.570453e+03
    endloop
  endfacet
  facet normal -2.817700e-01  7.439511e-01 -6.059227e-01
    outer loop
      vertex  7.400000e+03  6.635718e+03  7.575081e+03
      vertex  7.400099e+03  6.631986e+03  7.570453e+03
      vertex  7.400037e+03  6.632312e+03  7.570881e+03
    endloop
  endfacet
  facet normal -3.434557e-01  7.323965e-01 -5.879060e-01
    outer loop
      vertex  7.400090e+03  6.658905e+03  7.603681e+03
      vertex  7.400102e+03  6.657189e+03  7.601537e+03
      vertex  7.400000e+03  6.655959e+03  7.600064e+03
    endloop
  endfacet
  facet normal -3.031131e-01  7.416334e-01 -5.984164e-01
    outer loop
      vertex  7.400000e+03  6.655959e+03  7.600064e+03
      vertex  7.400102e+03  6.657189e+03  7.601537e+03
      vertex  7.400101e+03  6.648807e+03  7.591149e+03
    endloop
  endfacet
  facet normal -2.884471e-01  7.452567e-01 -6.011578e-01
    outer loop
      vertex  7.400000e+03  6.655959e+03  7.600064e+03
      vertex  7.400101e+03  6.648807e+03  7.591149e+03
      vertex  7.400000e+03  6.650910e+03  7.593804e+03
    endloop
  endfacet
  facet normal -6.100981e-01  5.902978e-01 -5.285157e-01
    outer loop
      vertex  7.400099e+03  6.665515e+03  7.611913e+03
      vertex  7.400000e+03  6.666040e+03  7.612613e+03
      vertex  7.400103e+03  6.665553e+03  7.611951e+03
    endloop
  endfacet
  facet normal -3.109098e-01  7.422810e-01 -5.935943e-01
    outer loop
      vertex  7.400103e+03  6.665553e+03  7.611951e+03
      vertex  7.400000e+03  6.666040e+03  7.612613e+03
      vertex  7.400000e+03  6.671069e+03  7.618902e+03
    endloop
  endfacet
  facet normal -2.884411e-01  7.479730e-01 -5.977777e-01
    outer loop
      vertex  7.400103e+03  6.665553e+03  7.611951e+03
      vertex  7.400000e+03  6.671069e+03  7.618902e+03
      vertex  7.400104e+03  6.673898e+03  7.622392e+03
    endloop
  endfacet
  facet normal -3.282844e-01  7.385129e-01 -5.889211e-01
    outer loop
      vertex  7.400104e+03  6.673898e+03  7.622392e+03
      vertex  7.400000e+03  6.671069e+03  7.618902e+03
      vertex  7.400000e+03  6.676092e+03  7.625201e+03
    endloop
  endfacet
  facet normal -3.007800e-01  7.461969e-01 -5.939038e-01
    outer loop
      vertex  7.400104e+03  6.673898e+03  7.622392e+03
      vertex  7.400000e+03  6.676092e+03  7.625201e+03
      vertex  7.400074e+03  6.676432e+03  7.625591e+03
    endloop
  endfacet
  facet normal -3.039800e-01  7.457154e-01 -5.928783e-01
    outer loop
      vertex  7.400074e+03  6.676432e+03  7.625591e+03
      vertex  7.400000e+03  6.676092e+03  7.625201e+03
      vertex  7.400000e+03  6.681107e+03  7.631510e+03
    endloop
  endfacet
  facet normal -3.030289e-01  7.459589e-01 -5.930589e-01
    outer loop
      vertex  7.400074e+03  6.676432e+03  7.625591e+03
      vertex  7.400000e+03  6.681107e+03  7.631510e+03
      vertex  7.400105e+03  6.682224e+03  7.632860e+03
    endloop
  endfacet
  facet normal -2.325521e-01  7.668872e-01 -5.981668e-01
    outer loop
      vertex  7.400110e+03  6.715335e+03  7.674999e+03
      vertex  7.400109e+03  6.707086e+03  7.664424e+03
      vertex  7.400055e+03  6.711697e+03  7.670355e+03
    endloop
  endfacet
  facet normal -3.188380e-01  7.469466e-01 -5.834493e-01
    outer loop
      vertex  7.400055e+03  6.711697e+03  7.670355e+03
      vertex  7.400109e+03  6.707086e+03  7.664424e+03
      vertex  7.400000e+03  6.706083e+03  7.663199e+03
    endloop
  endfacet
  facet normal -3.274585e-01  7.446627e-01 -5.815913e-01
    outer loop
      vertex  7.400055e+03  6.711697e+03  7.670355e+03
      vertex  7.400000e+03  6.706083e+03  7.663199e+03
      vertex  7.400000e+03  6.711767e+03  7.670477e+03
    endloop
  endfacet
  facet normal -3.097098e-01  7.519228e-01 -5.819724e-01
    outer loop
      vertex  7.400034e+03  6.720839e+03  7.682121e+03
      vertex  7.400000e+03  6.723108e+03  7.685070e+03
      vertex  7.400111e+03  6.723565e+03  7.685601e+03
    endloop
  endfacet
  facet normal -3.125319e-01  7.514962e-01 -5.810140e-01
    outer loop
      vertex  7.400111e+03  6.723565e+03  7.685601e+03
      vertex  7.400000e+03  6.723108e+03  7.685070e+03
      vertex  7.400000e+03  6.728764e+03  7.692386e+03
    endloop
  endfacet
  facet normal -2.805009e-01  7.596464e-01 -5.867339e-01
    outer loop
      vertex  7.400111e+03  6.723565e+03  7.685601e+03
      vertex  7.400000e+03  6.728764e+03  7.692386e+03
      vertex  7.400113e+03  6.731775e+03  7.696230e+03
    endloop
  endfacet
  facet normal -3.072940e-01  7.551986e-01 -5.790038e-01
    outer loop
      vertex  7.400000e+03  6.740050e+03  7.707057e+03
      vertex  7.400032e+03  6.743451e+03  7.711476e+03
      vertex  7.400114e+03  6.739966e+03  7.706887e+03
    endloop
  endfacet
  facet normal  6.766799e-02  7.951427e-01 -6.026351e-01
    outer loop
      vertex  7.400114e+03  6.739966e+03  7.706887e+03
      vertex  7.400032e+03  6.743451e+03  7.711476e+03
      vertex  7.400000e+03  6.745678e+03  7.714411e+03
    endloop
  endfacet
  facet normal -2.815765e-01  7.621942e-01 -5.829018e-01
    outer loop
      vertex  7.400114e+03  6.739966e+03  7.706887e+03
      vertex  7.400000e+03  6.745678e+03  7.714411e+03
      vertex  7.400115e+03  6.748137e+03  7.717571e+03
    endloop
  endfacet
  facet normal -3.162544e-01  7.547596e-01 -5.747356e-01
    outer loop
      vertex  7.400020e+03  6.758171e+03  7.730807e+03
      vertex  7.400117e+03  6.756289e+03  7.728282e+03
      vertex  7.400000e+03  6.756908e+03  7.729160e+03
    endloop
  endfacet
  facet normal -3.088376e-01  7.572427e-01 -5.755023e-01
    outer loop
      vertex  7.400000e+03  6.756908e+03  7.729160e+03
      vertex  7.400117e+03  6.756289e+03  7.728282e+03
      vertex  7.400065e+03  6.752109e+03  7.722811e+03
    endloop
  endfacet
  facet normal -3.171254e-01  7.550228e-01 -5.739092e-01
    outer loop
      vertex  7.400000e+03  6.756908e+03  7.729160e+03
      vertex  7.400065e+03  6.752109e+03  7.722811e+03
      vertex  7.400000e+03  6.751298e+03  7.721779e+03
    endloop
  endfacet
  facet normal -2.892933e-01  7.611511e-01 -5.804814e-01
    outer loop
      vertex  7.400000e+03  6.751298e+03  7.721779e+03
      vertex  7.400065e+03  6.752109e+03  7.722811e+03
      vertex  7.400101e+03  6.748738e+03  7.718372e+03
    endloop
  endfacet
  facet normal -2.917434e-01  7.605211e-01 -5.800806e-01
    outer loop
      vertex  7.400000e+03  6.751298e+03  7.721779e+03
      vertex  7.400101e+03  6.748738e+03  7.718372e+03
      vertex  7.400000e+03  6.745678e+03  7.714411e+03
    endloop
  endfacet
  facet normal -5.157590e-01  6.829219e-01 -5.173104e-01
    outer loop
      vertex  7.400000e+03  6.756908e+03  7.729160e+03
      vertex  7.400000e+03  6.762509e+03  7.736553e+03
      vertex  7.400020e+03  6.758171e+03  7.730807e+03
    endloop
  endfacet
  facet normal -2.981344e-01  7.613255e-01 -5.757598e-01
    outer loop
      vertex  7.400020e+03  6.758171e+03  7.730807e+03
      vertex  7.400000e+03  6.762509e+03  7.736553e+03
      vertex  7.400118e+03  6.764420e+03  7.739020e+03
    endloop
  endfacet
  facet normal -2.391602e-01  7.740830e-01 -5.861722e-01
    outer loop
      vertex  7.400020e+03  6.758171e+03  7.730807e+03
      vertex  7.400118e+03  6.764420e+03  7.739020e+03
      vertex  7.400117e+03  6.756289e+03  7.728282e+03
    endloop
  endfacet
  facet normal -5.281965e-01  6.785306e-01 -5.104944e-01
    outer loop
      vertex  7.400000e+03  6.773682e+03  7.751379e+03
      vertex  7.400019e+03  6.772083e+03  7.749235e+03
      vertex  7.400000e+03  6.768100e+03  7.743960e+03
    endloop
  endfacet
  facet normal -2.595890e-01  7.711270e-01 -5.813578e-01
    outer loop
      vertex  7.400000e+03  6.768100e+03  7.743960e+03
      vertex  7.400019e+03  6.772083e+03  7.749235e+03
      vertex  7.400119e+03  6.772532e+03  7.749786e+03
    endloop
  endfacet
  facet normal -2.758231e-01  7.676960e-01 -5.784155e-01
    outer loop
      vertex  7.400000e+03  6.768100e+03  7.743960e+03
      vertex  7.400119e+03  6.772532e+03  7.749786e+03
      vertex  7.400118e+03  6.764420e+03  7.739020e+03
    endloop
  endfacet
  facet normal -3.261703e-01  7.577111e-01 -5.652316e-01
    outer loop
      vertex  7.400000e+03  6.779254e+03  7.758812e+03
      vertex  7.400091e+03  6.781267e+03  7.761457e+03
      vertex  7.400121e+03  6.780625e+03  7.760579e+03
    endloop
  endfacet
  facet normal -4.028436e-01  7.322031e-01 -5.491772e-01
    outer loop
      vertex  7.400121e+03  6.780625e+03  7.760579e+03
      vertex  7.400091e+03  6.781267e+03  7.761457e+03
      vertex  7.400000e+03  6.784817e+03  7.766258e+03
    endloop
  endfacet
  facet normal -2.746744e-01  7.707373e-01 -5.749068e-01
    outer loop
      vertex  7.400121e+03  6.780625e+03  7.760579e+03
      vertex  7.400000e+03  6.784817e+03  7.766258e+03
      vertex  7.400122e+03  6.788696e+03  7.771400e+03
    endloop
  endfacet
  facet normal -2.545501e-01  7.779428e-01 -5.744643e-01
    outer loop
      vertex  7.400125e+03  6.804780e+03  7.793125e+03
      vertex  7.400123e+03  6.796749e+03  7.782249e+03
      vertex  7.400091e+03  6.799482e+03  7.785965e+03
    endloop
  endfacet
  facet normal -3.105624e-01  7.644175e-01 -5.649928e-01
    outer loop
      vertex  7.400091e+03  6.799482e+03  7.785965e+03
      vertex  7.400123e+03  6.796749e+03  7.782249e+03
      vertex  7.400000e+03  6.795915e+03  7.781188e+03
    endloop
  endfacet
  facet normal -2.984248e-01  7.674158e-01 -5.674642e-01
    outer loop
      vertex  7.400091e+03  6.799482e+03  7.785965e+03
      vertex  7.400000e+03  6.795915e+03  7.781188e+03
      vertex  7.400000e+03  6.801450e+03  7.788673e+03
    endloop
  endfacet
  facet normal -2.529181e-01  7.838162e-01 -5.671549e-01
    outer loop
      vertex  7.400130e+03  6.836705e+03  7.836907e+03
      vertex  7.400128e+03  6.828754e+03  7.825920e+03
      vertex  7.400092e+03  6.833892e+03  7.833037e+03
    endloop
  endfacet
  facet normal -2.946528e-01  7.740791e-01 -5.603403e-01
    outer loop
      vertex  7.400092e+03  6.833892e+03  7.833037e+03
      vertex  7.400128e+03  6.828754e+03  7.825920e+03
      vertex  7.400000e+03  6.828978e+03  7.826296e+03
    endloop
  endfacet
  facet normal -2.866399e-01  7.759942e-01 -5.618457e-01
    outer loop
      vertex  7.400092e+03  6.833892e+03  7.833037e+03
      vertex  7.400000e+03  6.828978e+03  7.826296e+03
      vertex  7.400000e+03  6.834454e+03  7.833860e+03
    endloop
  endfacet
  facet normal -2.759266e-01  7.801537e-01 -5.614486e-01
    outer loop
      vertex  7.400131e+03  6.844634e+03  7.847923e+03
      vertex  7.400084e+03  6.838897e+03  7.839975e+03
      vertex  7.400000e+03  6.839921e+03  7.841438e+03
    endloop
  endfacet
  facet normal -2.877852e-01  7.769727e-01 -5.599045e-01
    outer loop
      vertex  7.400000e+03  6.839921e+03  7.841438e+03
      vertex  7.400084e+03  6.838897e+03  7.839975e+03
      vertex  7.400025e+03  6.835114e+03  7.834754e+03
    endloop
  endfacet
  facet normal -4.311078e-01  7.317485e-01 -5.279113e-01
    outer loop
      vertex  7.400000e+03  6.839921e+03  7.841438e+03
      vertex  7.400025e+03  6.835114e+03  7.834754e+03
      vertex  7.400000e+03  6.834454e+03  7.833860e+03
    endloop
  endfacet
  facet normal -3.006804e-01  7.743611e-01 -5.567370e-01
    outer loop
      vertex  7.400000e+03  6.839921e+03  7.841438e+03
      vertex  7.400000e+03  6.845378e+03  7.849029e+03
      vertex  7.400131e+03  6.844634e+03  7.847923e+03
    endloop
  endfacet
  facet normal -2.854964e-01  7.790976e-01 -5.581207e-01
    outer loop
      vertex  7.400131e+03  6.844634e+03  7.847923e+03
      vertex  7.400000e+03  6.845378e+03  7.849029e+03
      vertex  7.400000e+03  6.850826e+03  7.856633e+03
    endloop
  endfacet
  facet normal -2.731614e-01  7.821108e-01 -5.600765e-01
    outer loop
      vertex  7.400131e+03  6.844634e+03  7.847923e+03
      vertex  7.400000e+03  6.850826e+03  7.856633e+03
      vertex  7.400133e+03  6.852543e+03  7.858967e+03
    endloop
  endfacet
  facet normal -3.024333e-01  7.758048e-01 -5.537698e-01
    outer loop
      vertex  7.400133e+03  6.852543e+03  7.858967e+03
      vertex  7.400000e+03  6.850826e+03  7.856633e+03
      vertex  7.400000e+03  6.856263e+03  7.864250e+03
    endloop
  endfacet
  facet normal -2.851133e-01  7.803645e-01 -5.565444e-01
    outer loop
      vertex  7.400133e+03  6.852543e+03  7.858967e+03
      vertex  7.400000e+03  6.856263e+03  7.864250e+03
      vertex  7.400134e+03  6.857477e+03  7.865883e+03
    endloop
  endfacet
  facet normal -3.018349e-01  7.768813e-01 -5.525860e-01
    outer loop
      vertex  7.400134e+03  6.857477e+03  7.865883e+03
      vertex  7.400000e+03  6.856263e+03  7.864250e+03
      vertex  7.400000e+03  6.861691e+03  7.871881e+03
    endloop
  endfacet
  facet normal -2.866775e-01  7.808602e-01 -5.550435e-01
    outer loop
      vertex  7.400134e+03  6.857477e+03  7.865883e+03
      vertex  7.400000e+03  6.861691e+03  7.871881e+03
      vertex  7.400135e+03  6.862401e+03  7.872811e+03
    endloop
  endfacet
  facet normal -2.972272e-01  7.790039e-01 -5.520951e-01
    outer loop
      vertex  7.400135e+03  6.862401e+03  7.872811e+03
      vertex  7.400000e+03  6.861691e+03  7.871881e+03
      vertex  7.400000e+03  6.867108e+03  7.879525e+03
    endloop
  endfacet
  facet normal -2.940520e-01  7.798386e-01 -5.526165e-01
    outer loop
      vertex  7.400135e+03  6.862401e+03  7.872811e+03
      vertex  7.400000e+03  6.867108e+03  7.879525e+03
      vertex  7.400135e+03  6.867318e+03  7.879749e+03
    endloop
  endfacet
  facet normal -2.971645e-01  7.799301e-01 -5.508197e-01
    outer loop
      vertex  7.400135e+03  6.867318e+03  7.879749e+03
      vertex  7.400000e+03  6.867108e+03  7.879525e+03
      vertex  7.400000e+03  6.872517e+03  7.887183e+03
    endloop
  endfacet
  facet normal -2.952330e-01  7.804376e-01 -5.511395e-01
    outer loop
      vertex  7.400135e+03  6.867318e+03  7.879749e+03
      vertex  7.400000e+03  6.872517e+03  7.887183e+03
      vertex  7.400136e+03  6.872226e+03  7.886699e+03
    endloop
  endfacet
  facet normal -1.279607e-01  9.499412e-01 -2.850224e-01
    outer loop
      vertex  7.400451e+03  7.668174e+03  9.534311e+03
      vertex  7.400000e+03  7.669959e+03  9.540461e+03
      vertex  7.400453e+03  7.670470e+03  9.541960e+03
    endloop
  endfacet
  facet normal -1.317088e-01  9.497838e-01 -2.838371e-01
    outer loop
      vertex  7.400453e+03  7.670470e+03  9.541960e+03
      vertex  7.400000e+03  7.669959e+03  9.540461e+03
      vertex  7.400000e+03  7.672458e+03  9.548823e+03
    endloop
  endfacet
  facet normal -1.288208e-01  9.502006e-01 -2.837673e-01
    outer loop
      vertex  7.400453e+03  7.670470e+03  9.541960e+03
      vertex  7.400000e+03  7.672458e+03  9.548823e+03
      vertex  7.400455e+03  7.672757e+03  9.549619e+03
    endloop
  endfacet
  facet normal -1.309128e-01  9.502638e-01 -2.825962e-01
    outer loop
      vertex  7.400455e+03  7.672757e+03  9.549619e+03
      vertex  7.400000e+03  7.672458e+03  9.548823e+03
      vertex  7.400000e+03  7.674948e+03  9.557195e+03
    endloop
  endfacet
  facet normal -1.288199e-01  9.505614e-01 -2.825567e-01
    outer loop
      vertex  7.400455e+03  7.672757e+03  9.549619e+03
      vertex  7.400000e+03  7.674948e+03  9.557195e+03
      vertex  7.400457e+03  7.675037e+03  9.557286e+03
    endloop
  endfacet
  facet normal -1.291388e-01  9.508964e-01 -2.812815e-01
    outer loop
      vertex  7.400457e+03  7.675037e+03  9.557286e+03
      vertex  7.400000e+03  7.674948e+03  9.557195e+03
      vertex  7.400000e+03  7.677428e+03  9.565579e+03
    endloop
  endfacet
  facet normal -1.299809e-01  9.507780e-01 -2.812937e-01
    outer loop
      vertex  7.400457e+03  7.675037e+03  9.557286e+03
      vertex  7.400000e+03  7.677428e+03  9.565579e+03
      vertex  7.400458e+03  7.677308e+03  9.564963e+03
    endloop
  endfacet
  facet normal -1.281482e-01  9.513938e-01 -2.800496e-01
    outer loop
      vertex  7.400458e+03  7.677308e+03  9.564963e+03
      vertex  7.400000e+03  7.677428e+03  9.565579e+03
      vertex  7.400000e+03  7.679898e+03  9.573973e+03
    endloop
  endfacet
  facet normal -1.296319e-01  9.511881e-01 -2.800660e-01
    outer loop
      vertex  7.400458e+03  7.677308e+03  9.564963e+03
      vertex  7.400000e+03  7.679898e+03  9.573973e+03
      vertex  7.400460e+03  7.679571e+03  9.572648e+03
    endloop
  endfacet
  facet normal -1.375993e-01  9.430444e-01 -3.028756e-01
    outer loop
      vertex  7.400423e+03  7.632789e+03  9.420636e+03
      vertex  7.400000e+03  7.633973e+03  9.424515e+03
      vertex  7.400425e+03  7.635203e+03  9.428151e+03
    endloop
  endfacet
  facet normal -1.437655e-01  9.424227e-01 -3.019451e-01
    outer loop
      vertex  7.400425e+03  7.635203e+03  9.428151e+03
      vertex  7.400000e+03  7.633973e+03  9.424515e+03
      vertex  7.400000e+03  7.636604e+03  9.432728e+03
    endloop
  endfacet
  facet normal -1.377654e-01  9.434009e-01 -3.016876e-01
    outer loop
      vertex  7.400425e+03  7.635203e+03  9.428151e+03
      vertex  7.400000e+03  7.636604e+03  9.432728e+03
      vertex  7.400426e+03  7.637609e+03  9.435677e+03
    endloop
  endfacet
  facet normal -1.434433e-01  9.428738e-01 -3.006873e-01
    outer loop
      vertex  7.400426e+03  7.637609e+03  9.435677e+03
      vertex  7.400000e+03  7.636604e+03  9.432728e+03
      vertex  7.400000e+03  7.639227e+03  9.440951e+03
    endloop
  endfacet
  facet normal -1.370505e-01  9.438896e-01 -3.004821e-01
    outer loop
      vertex  7.400426e+03  7.637609e+03  9.435677e+03
      vertex  7.400000e+03  7.639227e+03  9.440951e+03
      vertex  7.400428e+03  7.640008e+03  9.443210e+03
    endloop
  endfacet
  facet normal -1.421744e-01  9.434848e-01 -2.993707e-01
    outer loop
      vertex  7.400428e+03  7.640008e+03  9.443210e+03
      vertex  7.400000e+03  7.639227e+03  9.440951e+03
      vertex  7.400000e+03  7.641839e+03  9.449186e+03
    endloop
  endfacet
  facet normal -1.369411e-01  9.442984e-01 -2.992450e-01
    outer loop
      vertex  7.400428e+03  7.640008e+03  9.443210e+03
      vertex  7.400000e+03  7.641839e+03  9.449186e+03
      vertex  7.400430e+03  7.642398e+03  9.450753e+03
    endloop
  endfacet
  facet normal -1.406776e-01  9.440964e-01 -2.981475e-01
    outer loop
      vertex  7.400430e+03  7.642398e+03  9.450753e+03
      vertex  7.400000e+03  7.641839e+03  9.449186e+03
      vertex  7.400000e+03  7.644443e+03  9.457430e+03
    endloop
  endfacet
  facet normal -1.371797e-01  9.446304e-01 -2.980857e-01
    outer loop
      vertex  7.400430e+03  7.642398e+03  9.450753e+03
      vertex  7.400000e+03  7.644443e+03  9.457430e+03
      vertex  7.400432e+03  7.644782e+03  9.458305e+03
    endloop
  endfacet
  facet normal -1.397228e-01  9.446507e-01 -2.968376e-01
    outer loop
      vertex  7.400432e+03  7.644782e+03  9.458305e+03
      vertex  7.400000e+03  7.644443e+03  9.457430e+03
      vertex  7.400000e+03  7.647037e+03  9.465686e+03
    endloop
  endfacet
  facet normal -1.377103e-01  9.449541e-01 -2.968124e-01
    outer loop
      vertex  7.400432e+03  7.644782e+03  9.458305e+03
      vertex  7.400000e+03  7.647037e+03  9.465686e+03
      vertex  7.400434e+03  7.647157e+03  9.465865e+03
    endloop
  endfacet
  facet normal -1.382880e-01  9.452457e-01 -2.956127e-01
    outer loop
      vertex  7.400434e+03  7.647157e+03  9.465865e+03
      vertex  7.400000e+03  7.647037e+03  9.465686e+03
      vertex  7.400000e+03  7.649622e+03  9.473951e+03
    endloop
  endfacet
  facet normal -1.364895e-01  9.455119e-01 -2.955974e-01
    outer loop
      vertex  7.400434e+03  7.647157e+03  9.465865e+03
      vertex  7.400000e+03  7.649622e+03  9.473951e+03
      vertex  7.400436e+03  7.649523e+03  9.473435e+03
    endloop
  endfacet
  facet normal -1.349140e-01  9.461163e-01 -2.943845e-01
    outer loop
      vertex  7.400436e+03  7.649523e+03  9.473435e+03
      vertex  7.400000e+03  7.649622e+03  9.473951e+03
      vertex  7.400000e+03  7.652197e+03  9.482228e+03
    endloop
  endfacet
  facet normal -1.377611e-01  9.457014e-01 -2.943994e-01
    outer loop
      vertex  7.400436e+03  7.649523e+03  9.473435e+03
      vertex  7.400000e+03  7.652197e+03  9.482228e+03
      vertex  7.400438e+03  7.651883e+03  9.481013e+03
    endloop
  endfacet
  facet normal -1.335042e-01  9.467067e-01 -2.931266e-01
    outer loop
      vertex  7.400438e+03  7.651883e+03  9.481013e+03
      vertex  7.400000e+03  7.652197e+03  9.482228e+03
      vertex  7.400000e+03  7.654763e+03  9.490515e+03
    endloop
  endfacet
  facet normal -1.379403e-01  9.460672e-01 -2.931370e-01
    outer loop
      vertex  7.400438e+03  7.651883e+03  9.481013e+03
      vertex  7.400000e+03  7.654763e+03  9.490515e+03
      vertex  7.400439e+03  7.654234e+03  9.488600e+03
    endloop
  endfacet
  facet normal -1.462658e-01  9.361297e-01 -3.197928e-01
    outer loop
      vertex  7.400397e+03  7.597189e+03  9.313475e+03
      vertex  7.400000e+03  7.598914e+03  9.318706e+03
      vertex  7.400399e+03  7.600317e+03  9.322630e+03
    endloop
  endfacet
  facet normal -1.609837e-01  9.344299e-01 -3.176870e-01
    outer loop
      vertex  7.400399e+03  7.600317e+03  9.322630e+03
      vertex  7.400000e+03  7.598914e+03  9.318706e+03
      vertex  7.400000e+03  7.604409e+03  9.334869e+03
    endloop
  endfacet
  facet normal -1.578229e-01  9.349454e-01 -3.177562e-01
    outer loop
      vertex  7.400399e+03  7.600317e+03  9.322630e+03
      vertex  7.400000e+03  7.604409e+03  9.334869e+03
      vertex  7.400401e+03  7.603433e+03  9.331798e+03
    endloop
  endfacet
  facet normal -1.424384e-01  9.377872e-01 -3.166488e-01
    outer loop
      vertex  7.400401e+03  7.603433e+03  9.331798e+03
      vertex  7.400000e+03  7.604409e+03  9.334869e+03
      vertex  7.400000e+03  7.607143e+03  9.342966e+03
    endloop
  endfacet
  facet normal -1.531500e-01  9.361512e-01 -3.164903e-01
    outer loop
      vertex  7.400401e+03  7.603433e+03  9.331798e+03
      vertex  7.400000e+03  7.607143e+03  9.342966e+03
      vertex  7.400404e+03  7.606538e+03  9.340979e+03
    endloop
  endfacet
  facet normal -1.441672e-01  9.380016e-01 -3.152282e-01
    outer loop
      vertex  7.400404e+03  7.606538e+03  9.340979e+03
      vertex  7.400000e+03  7.607143e+03  9.342966e+03
      vertex  7.400000e+03  7.609868e+03  9.351073e+03
    endloop
  endfacet
  facet normal -1.497709e-01  9.371430e-01 -3.151691e-01
    outer loop
      vertex  7.400404e+03  7.606538e+03  9.340979e+03
      vertex  7.400000e+03  7.609868e+03  9.351073e+03
      vertex  7.400406e+03  7.609630e+03  9.350175e+03
    endloop
  endfacet
  facet normal -1.461300e-01  9.381775e-01 -3.137980e-01
    outer loop
      vertex  7.400406e+03  7.609630e+03  9.350175e+03
      vertex  7.400000e+03  7.609868e+03  9.351073e+03
      vertex  7.400000e+03  7.612583e+03  9.359191e+03
    endloop
  endfacet
  facet normal -1.461316e-01  9.381772e-01 -3.137979e-01
    outer loop
      vertex  7.400406e+03  7.609630e+03  9.350175e+03
      vertex  7.400000e+03  7.612583e+03  9.359191e+03
      vertex  7.400408e+03  7.612711e+03  9.359384e+03
    endloop
  endfacet
  facet normal -1.468850e-01  9.385174e-01 -3.124257e-01
    outer loop
      vertex  7.400408e+03  7.612711e+03  9.359384e+03
      vertex  7.400000e+03  7.612583e+03  9.359191e+03
      vertex  7.400000e+03  7.615289e+03  9.367320e+03
    endloop
  endfacet
  facet normal -1.444038e-01  9.389032e-01 -3.124234e-01
    outer loop
      vertex  7.400408e+03  7.612711e+03  9.359384e+03
      vertex  7.400000e+03  7.615289e+03  9.367320e+03
      vertex  7.400410e+03  7.615780e+03  9.368605e+03
    endloop
  endfacet
  facet normal -1.483190e-01  9.387296e-01 -3.111077e-01
    outer loop
      vertex  7.400410e+03  7.615780e+03  9.368605e+03
      vertex  7.400000e+03  7.615289e+03  9.367320e+03
      vertex  7.400000e+03  7.617986e+03  9.375459e+03
    endloop
  endfacet
  facet normal -1.417501e-01  9.397640e-01 -3.110476e-01
    outer loop
      vertex  7.400410e+03  7.615780e+03  9.368605e+03
      vertex  7.400000e+03  7.617986e+03  9.375459e+03
      vertex  7.400413e+03  7.618837e+03  9.377841e+03
    endloop
  endfacet
  facet normal -1.482067e-01  9.392033e-01 -3.097289e-01
    outer loop
      vertex  7.400413e+03  7.618837e+03  9.377841e+03
      vertex  7.400000e+03  7.617986e+03  9.375459e+03
      vertex  7.400000e+03  7.620674e+03  9.383608e+03
    endloop
  endfacet
  facet normal -1.401408e-01  9.404952e-01 -3.095633e-01
    outer loop
      vertex  7.400413e+03  7.618837e+03  9.377841e+03
      vertex  7.400000e+03  7.620674e+03  9.383608e+03
      vertex  7.400415e+03  7.621882e+03  9.387091e+03
    endloop
  endfacet
  facet normal -1.528787e-01  9.336165e-01 -3.240189e-01
    outer loop
      vertex  7.400393e+03  7.590897e+03  9.295206e+03
      vertex  7.400391e+03  7.587734e+03  9.286092e+03
      vertex  7.400000e+03  7.587814e+03  9.286507e+03
    endloop
  endfacet
  facet normal -1.545536e-01  9.328440e-01 -3.254462e-01
    outer loop
      vertex  7.400000e+03  7.587814e+03  9.286507e+03
      vertex  7.400391e+03  7.587734e+03  9.286092e+03
      vertex  7.400389e+03  7.584559e+03  9.276991e+03
    endloop
  endfacet
  facet normal -1.684163e-01  9.305211e-01 -3.252177e-01
    outer loop
      vertex  7.400000e+03  7.587814e+03  9.286507e+03
      vertex  7.400389e+03  7.584559e+03  9.276991e+03
      vertex  7.400000e+03  7.582209e+03  9.270470e+03
    endloop
  endfacet
  facet normal -1.516325e-01  9.327701e-01 -3.270283e-01
    outer loop
      vertex  7.400389e+03  7.584559e+03  9.276991e+03
      vertex  7.400387e+03  7.581372e+03  9.267903e+03
      vertex  7.400000e+03  7.582209e+03  9.270470e+03
    endloop
  endfacet
  facet normal -1.627676e-01  9.305553e-01 -3.279840e-01
    outer loop
      vertex  7.400000e+03  7.582209e+03  9.270470e+03
      vertex  7.400387e+03  7.581372e+03  9.267903e+03
      vertex  7.400384e+03  7.578173e+03  9.258829e+03
    endloop
  endfacet
  facet normal -1.686950e-01  9.295526e-01 -3.278320e-01
    outer loop
      vertex  7.400000e+03  7.582209e+03  9.270470e+03
      vertex  7.400384e+03  7.578173e+03  9.258829e+03
      vertex  7.400000e+03  7.576568e+03  9.254475e+03
    endloop
  endfacet
  facet normal -1.602341e-01  9.288183e-01 -3.340980e-01
    outer loop
      vertex  7.400378e+03  7.568508e+03  9.231688e+03
      vertex  7.400376e+03  7.565263e+03  9.222667e+03
      vertex  7.400000e+03  7.565177e+03  9.222608e+03
    endloop
  endfacet
  facet normal -1.598903e-01  9.283367e-01 -3.355979e-01
    outer loop
      vertex  7.400000e+03  7.565177e+03  9.222608e+03
      vertex  7.400376e+03  7.565263e+03  9.222667e+03
      vertex  7.400374e+03  7.562007e+03  9.213660e+03
    endloop
  endfacet
  facet normal -1.760180e-01  9.255304e-01 -3.352777e-01
    outer loop
      vertex  7.400000e+03  7.565177e+03  9.222608e+03
      vertex  7.400374e+03  7.562007e+03  9.213660e+03
      vertex  7.400000e+03  7.559428e+03  9.206738e+03
    endloop
  endfacet
  facet normal -1.582331e-01  9.280486e-01 -3.371767e-01
    outer loop
      vertex  7.400374e+03  7.562007e+03  9.213660e+03
      vertex  7.400372e+03  7.558739e+03  9.204666e+03
      vertex  7.400000e+03  7.559428e+03  9.206738e+03
    endloop
  endfacet
  facet normal -1.674663e-01  9.260634e-01 -3.381741e-01
    outer loop
      vertex  7.400000e+03  7.559428e+03  9.206738e+03
      vertex  7.400372e+03  7.558739e+03  9.204666e+03
      vertex  7.400370e+03  7.555459e+03  9.195686e+03
    endloop
  endfacet
  facet normal -1.755542e-01  9.246507e-01 -3.379376e-01
    outer loop
      vertex  7.400000e+03  7.559428e+03  9.206738e+03
      vertex  7.400370e+03  7.555459e+03  9.195686e+03
      vertex  7.400000e+03  7.553643e+03  9.190909e+03
    endloop
  endfacet
  facet normal -1.579435e-01  9.269962e-01 -3.401940e-01
    outer loop
      vertex  7.400370e+03  7.555459e+03  9.195686e+03
      vertex  7.400368e+03  7.552168e+03  9.186719e+03
      vertex  7.400000e+03  7.553643e+03  9.190909e+03
    endloop
  endfacet
  facet normal -1.765245e-01  9.234911e-01 -3.405926e-01
    outer loop
      vertex  7.400000e+03  7.553643e+03  9.190909e+03
      vertex  7.400368e+03  7.552168e+03  9.186719e+03
      vertex  7.400366e+03  7.548865e+03  9.177765e+03
    endloop
  endfacet
  facet normal -1.734497e-01  9.240326e-01 -3.407038e-01
    outer loop
      vertex  7.400000e+03  7.553643e+03  9.190909e+03
      vertex  7.400366e+03  7.548865e+03  9.177765e+03
      vertex  7.400000e+03  7.547822e+03  9.175121e+03
    endloop
  endfacet
  facet normal -1.676326e-01  9.238453e-01 -3.441063e-01
    outer loop
      vertex  7.400364e+03  7.545551e+03  9.168824e+03
      vertex  7.400362e+03  7.542226e+03  9.159896e+03
      vertex  7.400000e+03  7.541965e+03  9.159374e+03
    endloop
  endfacet
  facet normal -1.651599e-01  9.236817e-01 -3.457373e-01
    outer loop
      vertex  7.400000e+03  7.541965e+03  9.159374e+03
      vertex  7.400362e+03  7.542226e+03  9.159896e+03
      vertex  7.400360e+03  7.538889e+03  9.150982e+03
    endloop
  endfacet
  facet normal -1.825548e-01  9.205526e-01 -3.453360e-01
    outer loop
      vertex  7.400000e+03  7.541965e+03  9.159374e+03
      vertex  7.400360e+03  7.538889e+03  9.150982e+03
      vertex  7.400000e+03  7.536074e+03  9.143669e+03
    endloop
  endfacet
  facet normal -1.643174e-01  9.232555e-01 -3.472737e-01
    outer loop
      vertex  7.400360e+03  7.538889e+03  9.150982e+03
      vertex  7.400358e+03  7.535541e+03  9.142082e+03
      vertex  7.400000e+03  7.536074e+03  9.143669e+03
    endloop
  endfacet
  facet normal -1.715860e-01  9.215322e-01 -3.483340e-01
    outer loop
      vertex  7.400000e+03  7.536074e+03  9.143669e+03
      vertex  7.400358e+03  7.535541e+03  9.142082e+03
      vertex  7.400356e+03  7.532181e+03  9.133194e+03
    endloop
  endfacet
  facet normal -1.829600e-01  9.194835e-01 -3.479592e-01
    outer loop
      vertex  7.400000e+03  7.536074e+03  9.143669e+03
      vertex  7.400356e+03  7.532181e+03  9.133194e+03
      vertex  7.400000e+03  7.530146e+03  9.128005e+03
    endloop
  endfacet
  facet normal -3.057470e-01  6.214529e-01 -7.213287e-01
    outer loop
      vertex  7.400034e+03  5.866009e+03  6.789725e+03
      vertex  7.400000e+03  5.878564e+03  6.800556e+03
      vertex  7.400035e+03  5.880574e+03  6.802273e+03
    endloop
  endfacet
  facet normal -4.539987e-01  5.832318e-01 -6.735917e-01
    outer loop
      vertex  7.400035e+03  5.880574e+03  6.802273e+03
      vertex  7.400000e+03  5.878564e+03  6.800556e+03
      vertex  7.400000e+03  5.894140e+03  6.814042e+03
    endloop
  endfacet
  facet normal -3.438185e-01  6.148703e-01 -7.097347e-01
    outer loop
      vertex  7.400035e+03  5.880574e+03  6.802273e+03
      vertex  7.400000e+03  5.894140e+03  6.814042e+03
      vertex  7.400035e+03  5.895112e+03  6.814867e+03
    endloop
  endfacet
  facet normal -4.603564e-01  5.840933e-01 -6.685112e-01
    outer loop
      vertex  7.400035e+03  5.895112e+03  6.814867e+03
      vertex  7.400000e+03  5.894140e+03  6.814042e+03
      vertex  7.400000e+03  5.925193e+03  6.841174e+03
    endloop
  endfacet
  facet normal -4.708649e-01  5.804466e-01 -6.643555e-01
    outer loop
      vertex  7.400035e+03  5.895112e+03  6.814867e+03
      vertex  7.400000e+03  5.925193e+03  6.841174e+03
      vertex  7.400037e+03  5.924103e+03  6.840195e+03
    endloop
  endfacet
  facet normal -3.652915e-01  5.995208e-01 -7.121355e-01
    outer loop
      vertex  7.400000e+03  5.815949e+03  6.747141e+03
      vertex  7.400031e+03  5.807477e+03  6.739993e+03
      vertex  7.400000e+03  5.808088e+03  6.740523e+03
    endloop
  endfacet
  facet normal -3.964474e-01  5.901836e-01 -7.032158e-01
    outer loop
      vertex  7.400000e+03  5.808088e+03  6.740523e+03
      vertex  7.400031e+03  5.807477e+03  6.739993e+03
      vertex  7.400031e+03  5.800130e+03  6.733827e+03
    endloop
  endfacet
  facet normal -3.827584e-01  5.939432e-01 -7.076210e-01
    outer loop
      vertex  7.400000e+03  5.808088e+03  6.740523e+03
      vertex  7.400031e+03  5.800130e+03  6.733827e+03
      vertex  7.400000e+03  5.800219e+03  6.733918e+03
    endloop
  endfacet
  facet normal -3.872939e-01  5.917319e-01 -7.070054e-01
    outer loop
      vertex  7.400000e+03  5.800219e+03  6.733918e+03
      vertex  7.400031e+03  5.800130e+03  6.733827e+03
      vertex  7.400030e+03  5.792777e+03  6.727673e+03
    endloop
  endfacet
  facet normal -3.942640e-01  5.898131e-01 -7.047527e-01
    outer loop
      vertex  7.400000e+03  5.800219e+03  6.733918e+03
      vertex  7.400030e+03  5.792777e+03  6.727673e+03
      vertex  7.400000e+03  5.792342e+03  6.727326e+03
    endloop
  endfacet
  facet normal -3.791980e-01  5.818300e-01 -7.195017e-01
    outer loop
      vertex  7.400000e+03  5.697246e+03  6.649210e+03
      vertex  7.400000e+03  5.705210e+03  6.655651e+03
      vertex  7.400027e+03  5.705379e+03  6.655773e+03
    endloop
  endfacet
  facet normal -3.878081e-01  5.805939e-01 -7.159019e-01
    outer loop
      vertex  7.400027e+03  5.705379e+03  6.655773e+03
      vertex  7.400000e+03  5.705210e+03  6.655651e+03
      vertex  7.400000e+03  5.713167e+03  6.662104e+03
    endloop
  endfacet
  facet normal -3.869669e-01  5.808187e-01 -7.161748e-01
    outer loop
      vertex  7.400027e+03  5.705379e+03  6.655773e+03
      vertex  7.400000e+03  5.713167e+03  6.662104e+03
      vertex  7.400027e+03  5.713483e+03  6.662346e+03
    endloop
  endfacet
  facet normal -4.023843e-01  5.776011e-01 -7.102561e-01
    outer loop
      vertex  7.400027e+03  5.713483e+03  6.662346e+03
      vertex  7.400000e+03  5.713167e+03  6.662104e+03
      vertex  7.400000e+03  5.721118e+03  6.668569e+03
    endloop
  endfacet
  facet normal -3.842350e-01  5.825456e-01 -7.162430e-01
    outer loop
      vertex  7.400027e+03  5.713483e+03  6.662346e+03
      vertex  7.400000e+03  5.721118e+03  6.668569e+03
      vertex  7.400027e+03  5.721581e+03  6.668931e+03
    endloop
  endfacet
  facet normal -4.066722e-01  5.774046e-01 -7.079701e-01
    outer loop
      vertex  7.400027e+03  5.721581e+03  6.668931e+03
      vertex  7.400000e+03  5.721118e+03  6.668569e+03
      vertex  7.400000e+03  5.729061e+03  6.675047e+03
    endloop
  endfacet
  facet normal -3.763919e-01  5.856281e-01 -7.178920e-01
    outer loop
      vertex  7.400027e+03  5.721581e+03  6.668931e+03
      vertex  7.400000e+03  5.729061e+03  6.675047e+03
      vertex  7.400028e+03  5.729670e+03  6.675530e+03
    endloop
  endfacet
  facet normal -3.849359e-01  5.803517e-01 -7.176464e-01
    outer loop
      vertex  7.400027e+03  5.705379e+03  6.655773e+03
      vertex  7.400026e+03  5.697267e+03  6.649213e+03
      vertex  7.400000e+03  5.697246e+03  6.649210e+03
    endloop
  endfacet
  facet normal -3.844115e-01  5.797671e-01 -7.183995e-01
    outer loop
      vertex  7.400000e+03  5.697246e+03  6.649210e+03
      vertex  7.400026e+03  5.697267e+03  6.649213e+03
      vertex  7.400026e+03  5.693208e+03  6.645938e+03
    endloop
  endfacet
  facet normal -4.423698e-01  5.629598e-01 -6.981300e-01
    outer loop
      vertex  7.400000e+03  5.697246e+03  6.649210e+03
      vertex  7.400026e+03  5.693208e+03  6.645938e+03
      vertex  7.400000e+03  5.689274e+03  6.642782e+03
    endloop
  endfacet
  facet normal -3.951890e-01  5.549964e-01 -7.319868e-01
    outer loop
      vertex  7.400020e+03  5.512887e+03  6.504937e+03
      vertex  7.400020e+03  5.510819e+03  6.503369e+03
      vertex  7.400000e+03  5.512195e+03  6.504423e+03
    endloop
  endfacet
  facet normal -4.027736e-01  5.529196e-01 -7.294199e-01
    outer loop
      vertex  7.400000e+03  5.512195e+03  6.504423e+03
      vertex  7.400020e+03  5.510819e+03  6.503369e+03
      vertex  7.400020e+03  5.508751e+03  6.501801e+03
    endloop
  endfacet
  facet normal -3.995742e-01  5.537801e-01 -7.305259e-01
    outer loop
      vertex  7.400000e+03  5.512195e+03  6.504423e+03
      vertex  7.400020e+03  5.508751e+03  6.501801e+03
      vertex  7.400000e+03  5.510165e+03  6.502884e+03
    endloop
  endfacet
  facet normal -4.251738e-01  5.465044e-01 -7.214985e-01
    outer loop
      vertex  7.400000e+03  5.510165e+03  6.502884e+03
      vertex  7.400020e+03  5.508751e+03  6.501801e+03
      vertex  7.400020e+03  5.506683e+03  6.500235e+03
    endloop
  endfacet
  facet normal -3.796574e-01  5.587851e-01 -7.373055e-01
    outer loop
      vertex  7.400000e+03  5.510165e+03  6.502884e+03
      vertex  7.400020e+03  5.506683e+03  6.500235e+03
      vertex  7.400000e+03  5.508134e+03  6.501345e+03
    endloop
  endfacet
  facet normal -3.957305e-01  5.502586e-01 -7.352639e-01
    outer loop
      vertex  7.400000e+03  5.471518e+03  6.473769e+03
      vertex  7.400019e+03  5.471457e+03  6.473713e+03
      vertex  7.400000e+03  5.469480e+03  6.472244e+03
    endloop
  endfacet
  facet normal -4.053702e-01  5.478027e-01 -7.318382e-01
    outer loop
      vertex  7.400000e+03  5.469480e+03  6.472244e+03
      vertex  7.400019e+03  5.471457e+03  6.473713e+03
      vertex  7.400019e+03  5.469381e+03  6.472160e+03
    endloop
  endfacet
  facet normal -4.054222e-01  5.424195e-01 -7.358084e-01
    outer loop
      vertex  7.400017e+03  5.423620e+03  6.438168e+03
      vertex  7.400017e+03  5.421535e+03  6.436631e+03
      vertex  7.400000e+03  5.422507e+03  6.437357e+03
    endloop
  endfacet
  facet normal -4.195715e-01  5.384250e-01 -7.307929e-01
    outer loop
      vertex  7.400000e+03  5.422507e+03  6.437357e+03
      vertex  7.400017e+03  5.421535e+03  6.436631e+03
      vertex  7.400017e+03  5.419450e+03  6.435095e+03
    endloop
  endfacet
  facet normal -3.878352e-01  5.468712e-01 -7.419674e-01
    outer loop
      vertex  7.400000e+03  5.422507e+03  6.437357e+03
      vertex  7.400017e+03  5.419450e+03  6.435095e+03
      vertex  7.400000e+03  5.420461e+03  6.435849e+03
    endloop
  endfacet
  facet normal -4.071071e-01  5.416695e-01 -7.354304e-01
    outer loop
      vertex  7.400000e+03  5.420461e+03  6.435849e+03
      vertex  7.400017e+03  5.419450e+03  6.435095e+03
      vertex  7.400017e+03  5.417365e+03  6.433560e+03
    endloop
  endfacet
  facet normal -3.950651e-01  5.448478e-01 -7.396380e-01
    outer loop
      vertex  7.400000e+03  5.420461e+03  6.435849e+03
      vertex  7.400017e+03  5.417365e+03  6.433560e+03
      vertex  7.400000e+03  5.418414e+03  6.434341e+03
    endloop
  endfacet
  facet normal -4.159835e-01  5.388368e-01 -7.325386e-01
    outer loop
      vertex  7.400000e+03  5.416367e+03  6.432834e+03
      vertex  7.400017e+03  5.415279e+03  6.432025e+03
      vertex  7.400000e+03  5.414319e+03  6.431328e+03
    endloop
  endfacet
  facet normal -4.049887e-01  5.416157e-01 -7.366387e-01
    outer loop
      vertex  7.400000e+03  5.414319e+03  6.431328e+03
      vertex  7.400017e+03  5.415279e+03  6.432025e+03
      vertex  7.400017e+03  5.413193e+03  6.430491e+03
    endloop
  endfacet
  facet normal -4.087208e-01  5.405871e-01 -7.353318e-01
    outer loop
      vertex  7.400000e+03  5.414319e+03  6.431328e+03
      vertex  7.400017e+03  5.413193e+03  6.430491e+03
      vertex  7.400000e+03  5.412271e+03  6.429822e+03
    endloop
  endfacet
  facet normal -4.040249e-01  5.417562e-01 -7.370645e-01
    outer loop
      vertex  7.400000e+03  5.412271e+03  6.429822e+03
      vertex  7.400017e+03  5.413193e+03  6.430491e+03
      vertex  7.400017e+03  5.411107e+03  6.428958e+03
    endloop
  endfacet
  facet normal -4.179805e-01  5.378708e-01 -7.321116e-01
    outer loop
      vertex  7.400000e+03  5.412271e+03  6.429822e+03
      vertex  7.400017e+03  5.411107e+03  6.428958e+03
      vertex  7.400000e+03  5.410222e+03  6.428317e+03
    endloop
  endfacet
  facet normal -2.065393e-01  8.846612e-01 -4.179906e-01
    outer loop
      vertex  7.400271e+03  7.357941e+03  8.721932e+03
      vertex  7.400268e+03  7.350147e+03  8.705438e+03
      vertex  7.400000e+03  7.350285e+03  8.705860e+03
    endloop
  endfacet
  facet normal -2.114567e-01  8.823715e-01 -4.203650e-01
    outer loop
      vertex  7.400000e+03  7.350285e+03  8.705860e+03
      vertex  7.400268e+03  7.350147e+03  8.705438e+03
      vertex  7.400265e+03  7.342313e+03  8.688993e+03
    endloop
  endfacet
  facet normal -2.882424e-01  8.639740e-01 -4.128743e-01
    outer loop
      vertex  7.400000e+03  7.350285e+03  8.705860e+03
      vertex  7.400265e+03  7.342313e+03  8.688993e+03
      vertex  7.400000e+03  7.336446e+03  8.676901e+03
    endloop
  endfacet
  facet normal -2.253588e-01  8.712664e-01 -4.360140e-01
    outer loop
      vertex  7.400250e+03  7.302523e+03  8.607524e+03
      vertex  7.400247e+03  7.294444e+03  8.591381e+03
      vertex  7.400000e+03  7.294168e+03  8.590958e+03
    endloop
  endfacet
  facet normal -2.192823e-01  8.710933e-01 -4.394446e-01
    outer loop
      vertex  7.400000e+03  7.294168e+03  8.590958e+03
      vertex  7.400247e+03  7.294444e+03  8.591381e+03
      vertex  7.400244e+03  7.286324e+03  8.575287e+03
    endloop
  endfacet
  facet normal -3.046219e-01  8.498226e-01 -4.301243e-01
    outer loop
      vertex  7.400000e+03  7.294168e+03  8.590958e+03
      vertex  7.400244e+03  7.286324e+03  8.575287e+03
      vertex  7.400000e+03  7.279826e+03  8.562620e+03
    endloop
  endfacet
  facet normal -2.400506e-01  8.553243e-01 -4.591252e-01
    outer loop
      vertex  7.400000e+03  7.221224e+03  8.450799e+03
      vertex  7.400000e+03  7.228656e+03  8.464644e+03
      vertex  7.400224e+03  7.228378e+03  8.464009e+03
    endloop
  endfacet
  facet normal -2.321005e-01  8.583160e-01 -4.576276e-01
    outer loop
      vertex  7.400224e+03  7.228378e+03  8.464009e+03
      vertex  7.400000e+03  7.228656e+03  8.464644e+03
      vertex  7.400000e+03  7.236057e+03  8.478525e+03
    endloop
  endfacet
  facet normal -2.231800e-01  8.602166e-01 -4.584953e-01
    outer loop
      vertex  7.400224e+03  7.228378e+03  8.464009e+03
      vertex  7.400000e+03  7.236057e+03  8.478525e+03
      vertex  7.400227e+03  7.236773e+03  8.479759e+03
    endloop
  endfacet
  facet normal -2.389666e-01  8.581519e-01 -4.543901e-01
    outer loop
      vertex  7.400227e+03  7.236773e+03  8.479759e+03
      vertex  7.400000e+03  7.236057e+03  8.478525e+03
      vertex  7.400000e+03  7.243428e+03  8.492446e+03
    endloop
  endfacet
  facet normal -2.141474e-01  8.634487e-01 -4.567242e-01
    outer loop
      vertex  7.400227e+03  7.236773e+03  8.479759e+03
      vertex  7.400000e+03  7.243428e+03  8.492446e+03
      vertex  7.400229e+03  7.245130e+03  8.495557e+03
    endloop
  endfacet
  facet normal -2.549993e-01  8.448629e-01 -4.702998e-01
    outer loop
      vertex  7.400000e+03  7.181084e+03  8.377600e+03
      vertex  7.400000e+03  7.187412e+03  8.388967e+03
      vertex  7.400211e+03  7.185819e+03  8.385990e+03
    endloop
  endfacet
  facet normal -2.204343e-01  8.533713e-01 -4.724046e-01
    outer loop
      vertex  7.400211e+03  7.185819e+03  8.385990e+03
      vertex  7.400000e+03  7.187412e+03  8.388967e+03
      vertex  7.400000e+03  7.193719e+03  8.400359e+03
    endloop
  endfacet
  facet normal -2.329183e-01  8.507474e-01 -4.711453e-01
    outer loop
      vertex  7.400211e+03  7.185819e+03  8.385990e+03
      vertex  7.400000e+03  7.193719e+03  8.400359e+03
      vertex  7.400213e+03  7.194407e+03  8.401497e+03
    endloop
  endfacet
  facet normal -2.464948e-01  8.421127e-01 -4.796734e-01
    outer loop
      vertex  7.400202e+03  7.155461e+03  8.332096e+03
      vertex  7.400000e+03  7.155570e+03  8.332392e+03
      vertex  7.400203e+03  7.159826e+03  8.339759e+03
    endloop
  endfacet
  facet normal -2.633055e-01  8.384738e-01 -4.771078e-01
    outer loop
      vertex  7.400203e+03  7.159826e+03  8.339759e+03
      vertex  7.400000e+03  7.155570e+03  8.332392e+03
      vertex  7.400000e+03  7.161979e+03  8.343654e+03
    endloop
  endfacet
  facet normal -2.386220e-01  8.446323e-01 -4.792242e-01
    outer loop
      vertex  7.400203e+03  7.159826e+03  8.339759e+03
      vertex  7.400000e+03  7.161979e+03  8.343654e+03
      vertex  7.400205e+03  7.164182e+03  8.347435e+03
    endloop
  endfacet
  facet normal -2.594399e-01  8.404865e-01 -4.756819e-01
    outer loop
      vertex  7.400205e+03  7.164182e+03  8.347435e+03
      vertex  7.400000e+03  7.161979e+03  8.343654e+03
      vertex  7.400000e+03  7.168368e+03  8.354943e+03
    endloop
  endfacet
  facet normal -2.449170e-01  8.439624e-01 -4.772242e-01
    outer loop
      vertex  7.400205e+03  7.164182e+03  8.347435e+03
      vertex  7.400000e+03  7.168368e+03  8.354943e+03
      vertex  7.400206e+03  7.168528e+03  8.355121e+03
    endloop
  endfacet
  facet normal -2.470127e-01  8.444642e-01 -4.752525e-01
    outer loop
      vertex  7.400206e+03  7.168528e+03  8.355121e+03
      vertex  7.400000e+03  7.168368e+03  8.354943e+03
      vertex  7.400000e+03  7.174736e+03  8.366259e+03
    endloop
  endfacet
  facet normal -2.633535e-01  8.405678e-01 -4.733824e-01
    outer loop
      vertex  7.400206e+03  7.168528e+03  8.355121e+03
      vertex  7.400000e+03  7.174736e+03  8.366259e+03
      vertex  7.400207e+03  7.172865e+03  8.362820e+03
    endloop
  endfacet
  facet normal -2.185656e-01  8.514977e-01 -4.766348e-01
    outer loop
      vertex  7.400207e+03  7.172865e+03  8.362820e+03
      vertex  7.400000e+03  7.174736e+03  8.366259e+03
      vertex  7.400000e+03  7.181084e+03  8.377600e+03
    endloop
  endfacet
  facet normal -2.934515e-01  8.337033e-01 -4.677873e-01
    outer loop
      vertex  7.400207e+03  7.172865e+03  8.362820e+03
      vertex  7.400000e+03  7.181084e+03  8.377600e+03
      vertex  7.400208e+03  7.177192e+03  8.370532e+03
    endloop
  endfacet
  facet normal -2.479512e-01  8.394954e-01 -4.834953e-01
    outer loop
      vertex  7.400198e+03  7.142310e+03  8.309178e+03
      vertex  7.400000e+03  7.142691e+03  8.309942e+03
      vertex  7.400200e+03  7.146703e+03  8.316805e+03
    endloop
  endfacet
  facet normal -2.674842e-01  8.352420e-01 -4.804406e-01
    outer loop
      vertex  7.400200e+03  7.146703e+03  8.316805e+03
      vertex  7.400000e+03  7.142691e+03  8.309942e+03
      vertex  7.400000e+03  7.149141e+03  8.321154e+03
    endloop
  endfacet
  facet normal -2.432716e-01  8.413047e-01 -4.827270e-01
    outer loop
      vertex  7.400200e+03  7.146703e+03  8.316805e+03
      vertex  7.400000e+03  7.149141e+03  8.321154e+03
      vertex  7.400201e+03  7.151086e+03  8.324444e+03
    endloop
  endfacet
  facet normal -2.641654e-01  8.371321e-01 -4.789847e-01
    outer loop
      vertex  7.400201e+03  7.151086e+03  8.324444e+03
      vertex  7.400000e+03  7.149141e+03  8.321154e+03
      vertex  7.400000e+03  7.155570e+03  8.332392e+03
    endloop
  endfacet
  facet normal -2.486765e-01  8.408802e-01 -4.807083e-01
    outer loop
      vertex  7.400201e+03  7.151086e+03  8.324444e+03
      vertex  7.400000e+03  7.155570e+03  8.332392e+03
      vertex  7.400202e+03  7.155461e+03  8.332096e+03
    endloop
  endfacet
  facet normal -2.484967e-01  8.370723e-01 -4.874008e-01
    outer loop
      vertex  7.400194e+03  7.129074e+03  8.286367e+03
      vertex  7.400000e+03  7.129732e+03  8.287597e+03
      vertex  7.400196e+03  7.133495e+03  8.293959e+03
    endloop
  endfacet
  facet normal -2.688768e-01  8.326455e-01 -4.841556e-01
    outer loop
      vertex  7.400196e+03  7.133495e+03  8.293959e+03
      vertex  7.400000e+03  7.129732e+03  8.287597e+03
      vertex  7.400000e+03  7.136222e+03  8.298757e+03
    endloop
  endfacet
  facet normal -2.442220e-01  8.387753e-01 -4.866329e-01
    outer loop
      vertex  7.400196e+03  7.133495e+03  8.293959e+03
      vertex  7.400000e+03  7.136222e+03  8.298757e+03
      vertex  7.400197e+03  7.137907e+03  8.301563e+03
    endloop
  endfacet
  facet normal -2.641596e-01  8.348833e-01 -4.828970e-01
    outer loop
      vertex  7.400197e+03  7.137907e+03  8.301563e+03
      vertex  7.400000e+03  7.136222e+03  8.298757e+03
      vertex  7.400000e+03  7.142691e+03  8.309942e+03
    endloop
  endfacet
  facet normal -2.542964e-01  8.372831e-01 -4.840356e-01
    outer loop
      vertex  7.400197e+03  7.137907e+03  8.301563e+03
      vertex  7.400000e+03  7.142691e+03  8.309942e+03
      vertex  7.400198e+03  7.142310e+03  8.309178e+03
    endloop
  endfacet
  facet normal -2.477491e-01  8.348799e-01 -4.915243e-01
    outer loop
      vertex  7.400191e+03  7.115755e+03  8.263663e+03
      vertex  7.400000e+03  7.116693e+03  8.265353e+03
      vertex  7.400192e+03  7.120204e+03  8.271219e+03
    endloop
  endfacet
  facet normal -2.717122e-01  8.296906e-01 -4.876329e-01
    outer loop
      vertex  7.400192e+03  7.120204e+03  8.271219e+03
      vertex  7.400000e+03  7.116693e+03  8.265353e+03
      vertex  7.400000e+03  7.123223e+03  8.276462e+03
    endloop
  endfacet
  facet normal -2.480960e-01  8.355802e-01 -4.901571e-01
    outer loop
      vertex  7.400192e+03  7.120204e+03  8.271219e+03
      vertex  7.400000e+03  7.123223e+03  8.276462e+03
      vertex  7.400193e+03  7.124644e+03  8.278787e+03
    endloop
  endfacet
  facet normal -2.667703e-01  8.320042e-01 -4.864182e-01
    outer loop
      vertex  7.400193e+03  7.124644e+03  8.278787e+03
      vertex  7.400000e+03  7.123223e+03  8.276462e+03
      vertex  7.400000e+03  7.129732e+03  8.287597e+03
    endloop
  endfacet
  facet normal -2.588666e-01  8.339444e-01 -4.873653e-01
    outer loop
      vertex  7.400193e+03  7.124644e+03  8.278787e+03
      vertex  7.400000e+03  7.129732e+03  8.287597e+03
      vertex  7.400194e+03  7.129074e+03  8.286367e+03
    endloop
  endfacet
  facet normal -2.493535e-01  8.321846e-01 -4.952693e-01
    outer loop
      vertex  7.400188e+03  7.102354e+03  8.241065e+03
      vertex  7.400000e+03  7.103575e+03  8.243211e+03
      vertex  7.400188e+03  7.106831e+03  8.248586e+03
    endloop
  endfacet
  facet normal -2.745827e-01  8.267128e-01 -4.910706e-01
    outer loop
      vertex  7.400188e+03  7.106831e+03  8.248586e+03
      vertex  7.400000e+03  7.103575e+03  8.243211e+03
      vertex  7.400000e+03  7.110144e+03  8.254270e+03
    endloop
  endfacet
  facet normal -2.520314e-01  8.323605e-01 -4.936153e-01
    outer loop
      vertex  7.400188e+03  7.106831e+03  8.248586e+03
      vertex  7.400000e+03  7.110144e+03  8.254270e+03
      vertex  7.400190e+03  7.111298e+03  8.256118e+03
    endloop
  endfacet
  facet normal -2.680696e-01  8.294075e-01 -4.901243e-01
    outer loop
      vertex  7.400190e+03  7.111298e+03  8.256118e+03
      vertex  7.400000e+03  7.110144e+03  8.254270e+03
      vertex  7.400000e+03  7.116693e+03  8.265353e+03
    endloop
  endfacet
  facet normal -2.614626e-01  8.310334e-01 -4.909385e-01
    outer loop
      vertex  7.400190e+03  7.111298e+03  8.256118e+03
      vertex  7.400000e+03  7.116693e+03  8.265353e+03
      vertex  7.400191e+03  7.115755e+03  8.263663e+03
    endloop
  endfacet
  facet normal -2.517879e-01  8.292838e-01 -4.988898e-01
    outer loop
      vertex  7.400184e+03  7.088871e+03  8.218574e+03
      vertex  7.400000e+03  7.090378e+03  8.221172e+03
      vertex  7.400185e+03  7.093375e+03  8.226060e+03
    endloop
  endfacet
  facet normal -2.763059e-01  8.239685e-01 -4.947028e-01
    outer loop
      vertex  7.400185e+03  7.093375e+03  8.226060e+03
      vertex  7.400000e+03  7.090378e+03  8.221172e+03
      vertex  7.400000e+03  7.096986e+03  8.232179e+03
    endloop
  endfacet
  facet normal -2.532165e-01  8.297378e-01 -4.974098e-01
    outer loop
      vertex  7.400185e+03  7.093375e+03  8.226060e+03
      vertex  7.400000e+03  7.096986e+03  8.232179e+03
      vertex  7.400186e+03  7.097869e+03  8.233557e+03
    endloop
  endfacet
  facet normal -2.662767e-01  8.275412e-01 -4.942392e-01
    outer loop
      vertex  7.400186e+03  7.097869e+03  8.233557e+03
      vertex  7.400000e+03  7.096986e+03  8.232179e+03
      vertex  7.400000e+03  7.103575e+03  8.243211e+03
    endloop
  endfacet
  facet normal -2.680826e-01  8.270947e-01 -4.940102e-01
    outer loop
      vertex  7.400186e+03  7.097869e+03  8.233557e+03
      vertex  7.400000e+03  7.103575e+03  8.243211e+03
      vertex  7.400188e+03  7.102354e+03  8.241065e+03
    endloop
  endfacet
  facet normal -2.527234e-01  8.266886e-01 -5.027093e-01
    outer loop
      vertex  7.400181e+03  7.075306e+03  8.196188e+03
      vertex  7.400000e+03  7.077103e+03  8.199233e+03
      vertex  7.400182e+03  7.079837e+03  8.203639e+03
    endloop
  endfacet
  facet normal -2.781592e-01  8.212005e-01 -4.982541e-01
    outer loop
      vertex  7.400182e+03  7.079837e+03  8.203639e+03
      vertex  7.400000e+03  7.077103e+03  8.199233e+03
      vertex  7.400000e+03  7.083750e+03  8.210189e+03
    endloop
  endfacet
  facet normal -2.551357e-01  8.269536e-01 -5.010523e-01
    outer loop
      vertex  7.400182e+03  7.079837e+03  8.203639e+03
      vertex  7.400000e+03  7.083750e+03  8.210189e+03
      vertex  7.400183e+03  7.084358e+03  8.211101e+03
    endloop
  endfacet
  facet normal -2.646106e-01  8.256490e-01 -4.982820e-01
    outer loop
      vertex  7.400183e+03  7.084358e+03  8.211101e+03
      vertex  7.400000e+03  7.083750e+03  8.210189e+03
      vertex  7.400000e+03  7.090378e+03  8.221172e+03
    endloop
  endfacet
  facet normal -2.749763e-01  8.230727e-01 -4.969301e-01
    outer loop
      vertex  7.400183e+03  7.084358e+03  8.211101e+03
      vertex  7.400000e+03  7.090378e+03  8.221172e+03
      vertex  7.400184e+03  7.088871e+03  8.218574e+03
    endloop
  endfacet
  facet normal -2.549639e-01  8.237983e-01 -5.063100e-01
    outer loop
      vertex  7.400177e+03  7.061660e+03  8.173908e+03
      vertex  7.400000e+03  7.063750e+03  8.177396e+03
      vertex  7.400178e+03  7.066218e+03  8.181323e+03
    endloop
  endfacet
  facet normal -2.800820e-01  8.183983e-01 -5.017751e-01
    outer loop
      vertex  7.400178e+03  7.066218e+03  8.181323e+03
      vertex  7.400000e+03  7.063750e+03  8.177396e+03
      vertex  7.400000e+03  7.070436e+03  8.188302e+03
    endloop
  endfacet
  facet normal -2.602440e-01  8.233892e-01 -5.042849e-01
    outer loop
      vertex  7.400178e+03  7.066218e+03  8.181323e+03
      vertex  7.400000e+03  7.070436e+03  8.188302e+03
      vertex  7.400179e+03  7.070767e+03  8.188750e+03
    endloop
  endfacet
  facet normal -2.654747e-01  8.231210e-01 -5.019909e-01
    outer loop
      vertex  7.400179e+03  7.070767e+03  8.188750e+03
      vertex  7.400000e+03  7.070436e+03  8.188302e+03
      vertex  7.400000e+03  7.077103e+03  8.199233e+03
    endloop
  endfacet
  facet normal -2.792161e-01  8.196875e-01 -5.001508e-01
    outer loop
      vertex  7.400179e+03  7.070767e+03  8.188750e+03
      vertex  7.400000e+03  7.077103e+03  8.199233e+03
      vertex  7.400181e+03  7.075306e+03  8.196188e+03
    endloop
  endfacet
  facet normal -2.656488e-01  8.181588e-01 -5.099478e-01
    outer loop
      vertex  7.400172e+03  7.043340e+03  8.144363e+03
      vertex  7.400000e+03  7.043575e+03  8.144829e+03
      vertex  7.400174e+03  7.047934e+03  8.151732e+03
    endloop
  endfacet
  facet normal -2.834555e-01  8.140602e-01 -5.069113e-01
    outer loop
      vertex  7.400174e+03  7.047934e+03  8.151732e+03
      vertex  7.400000e+03  7.043575e+03  8.144829e+03
      vertex  7.400000e+03  7.050319e+03  8.155660e+03
    endloop
  endfacet
  facet normal -2.568251e-01  8.209795e-01 -5.099347e-01
    outer loop
      vertex  7.400174e+03  7.047934e+03  8.151732e+03
      vertex  7.400000e+03  7.050319e+03  8.155660e+03
      vertex  7.400175e+03  7.052518e+03  8.159112e+03
    endloop
  endfacet
  facet normal -2.816707e-01  8.156793e-01 -5.053007e-01
    outer loop
      vertex  7.400175e+03  7.052518e+03  8.159112e+03
      vertex  7.400000e+03  7.050319e+03  8.155660e+03
      vertex  7.400000e+03  7.057044e+03  8.166516e+03
    endloop
  endfacet
  facet normal -2.639409e-01  8.201571e-01 -5.076195e-01
    outer loop
      vertex  7.400175e+03  7.052518e+03  8.159112e+03
      vertex  7.400000e+03  7.057044e+03  8.166516e+03
      vertex  7.400176e+03  7.057093e+03  8.166504e+03
    endloop
  endfacet
  facet normal -2.640975e-01  8.210956e-01 -5.060180e-01
    outer loop
      vertex  7.400176e+03  7.057093e+03  8.166504e+03
      vertex  7.400000e+03  7.057044e+03  8.166516e+03
      vertex  7.400000e+03  7.063750e+03  8.177396e+03
    endloop
  endfacet
  facet normal -2.869541e-01  8.153400e-01 -5.028698e-01
    outer loop
      vertex  7.400176e+03  7.057093e+03  8.166504e+03
      vertex  7.400000e+03  7.063750e+03  8.177396e+03
      vertex  7.400177e+03  7.061660e+03  8.173908e+03
    endloop
  endfacet
  facet normal -2.630169e-01  8.163167e-01 -5.142461e-01
    outer loop
      vertex  7.400169e+03  7.029507e+03  8.122327e+03
      vertex  7.400000e+03  7.030029e+03  8.123243e+03
      vertex  7.400170e+03  7.034127e+03  8.129661e+03
    endloop
  endfacet
  facet normal -2.873114e-01  8.107452e-01 -5.100435e-01
    outer loop
      vertex  7.400170e+03  7.034127e+03  8.129661e+03
      vertex  7.400000e+03  7.030029e+03  8.123243e+03
      vertex  7.400000e+03  7.036812e+03  8.134024e+03
    endloop
  endfacet
  facet normal -2.594135e-01  8.179925e-01 -5.134130e-01
    outer loop
      vertex  7.400170e+03  7.034127e+03  8.129661e+03
      vertex  7.400000e+03  7.036812e+03  8.134024e+03
      vertex  7.400171e+03  7.038738e+03  8.137006e+03
    endloop
  endfacet
  facet normal -2.823491e-01  8.131581e-01 -5.089725e-01
    outer loop
      vertex  7.400171e+03  7.038738e+03  8.137006e+03
      vertex  7.400000e+03  7.036812e+03  8.134024e+03
      vertex  7.400000e+03  7.043575e+03  8.144829e+03
    endloop
  endfacet
  facet normal -2.700579e-01  8.162839e-01 -5.106360e-01
    outer loop
      vertex  7.400171e+03  7.038738e+03  8.137006e+03
      vertex  7.400000e+03  7.043575e+03  8.144829e+03
      vertex  7.400172e+03  7.043340e+03  8.144363e+03
    endloop
  endfacet
  facet normal -2.648789e-01  8.134940e-01 -5.177514e-01
    outer loop
      vertex  7.400166e+03  7.015595e+03  8.100395e+03
      vertex  7.400000e+03  7.016408e+03  8.101757e+03
      vertex  7.400167e+03  7.020241e+03  8.107694e+03
    endloop
  endfacet
  facet normal -2.876485e-01  8.082836e-01 -5.137470e-01
    outer loop
      vertex  7.400167e+03  7.020241e+03  8.107694e+03
      vertex  7.400000e+03  7.016408e+03  8.101757e+03
      vertex  7.400000e+03  7.023228e+03  8.112487e+03
    endloop
  endfacet
  facet normal -2.601583e-01  8.153646e-01 -5.172023e-01
    outer loop
      vertex  7.400167e+03  7.020241e+03  8.107694e+03
      vertex  7.400000e+03  7.023228e+03  8.112487e+03
      vertex  7.400168e+03  7.024878e+03  8.115004e+03
    endloop
  endfacet
  facet normal -2.827627e-01  8.107088e-01 -5.126368e-01
    outer loop
      vertex  7.400168e+03  7.024878e+03  8.115004e+03
      vertex  7.400000e+03  7.023228e+03  8.112487e+03
      vertex  7.400000e+03  7.030029e+03  8.123243e+03
    endloop
  endfacet
  facet normal -2.712000e-01  8.136421e-01 -5.142343e-01
    outer loop
      vertex  7.400168e+03  7.024878e+03  8.115004e+03
      vertex  7.400000e+03  7.030029e+03  8.123243e+03
      vertex  7.400169e+03  7.029507e+03  8.122327e+03
    endloop
  endfacet
  facet normal -2.650830e-01  8.110046e-01 -5.215386e-01
    outer loop
      vertex  7.400163e+03  7.001604e+03  8.078565e+03
      vertex  7.400000e+03  7.002710e+03  8.080370e+03
      vertex  7.400164e+03  7.006276e+03  8.085831e+03
    endloop
  endfacet
  facet normal -2.905221e-01  8.051898e-01 -5.169779e-01
    outer loop
      vertex  7.400164e+03  7.006276e+03  8.085831e+03
      vertex  7.400000e+03  7.002710e+03  8.080370e+03
      vertex  7.400000e+03  7.009568e+03  8.091051e+03
    endloop
  endfacet
  facet normal -2.626204e-01  8.123833e-01 -5.206380e-01
    outer loop
      vertex  7.400164e+03  7.006276e+03  8.085831e+03
      vertex  7.400000e+03  7.009568e+03  8.091051e+03
      vertex  7.400165e+03  7.010939e+03  8.093107e+03
    endloop
  endfacet
  facet normal -2.819875e-01  8.085195e-01 -5.165070e-01
    outer loop
      vertex  7.400165e+03  7.010939e+03  8.093107e+03
      vertex  7.400000e+03  7.009568e+03  8.091051e+03
      vertex  7.400000e+03  7.016408e+03  8.101757e+03
    endloop
  endfacet
  facet normal -2.787625e-01  8.093436e-01 -5.169665e-01
    outer loop
      vertex  7.400165e+03  7.010939e+03  8.093107e+03
      vertex  7.400000e+03  7.016408e+03  8.101757e+03
      vertex  7.400166e+03  7.015595e+03  8.100395e+03
    endloop
  endfacet
  facet normal -2.667955e-01  8.081490e-01 -5.250862e-01
    outer loop
      vertex  7.400160e+03  6.987534e+03  8.056840e+03
      vertex  7.400000e+03  6.988938e+03  8.059082e+03
      vertex  7.400161e+03  6.992232e+03  8.064070e+03
    endloop
  endfacet
  facet normal -2.938303e-01  8.019556e-01 -5.201257e-01
    outer loop
      vertex  7.400161e+03  6.992232e+03  8.064070e+03
      vertex  7.400000e+03  6.988938e+03  8.059082e+03
      vertex  7.400000e+03  6.995833e+03  8.069713e+03
    endloop
  endfacet
  facet normal -2.671060e-01  8.088880e-01 -5.237888e-01
    outer loop
      vertex  7.400161e+03  6.992232e+03  8.064070e+03
      vertex  7.400000e+03  6.995833e+03  8.069713e+03
      vertex  7.400162e+03  6.996922e+03  8.071313e+03
    endloop
  endfacet
  facet normal -2.835810e-01  8.057337e-01 -5.199758e-01
    outer loop
      vertex  7.400162e+03  6.996922e+03  8.071313e+03
      vertex  7.400000e+03  6.995833e+03  8.069713e+03
      vertex  7.400000e+03  7.002710e+03  8.080370e+03
    endloop
  endfacet
  facet normal -2.835687e-01  8.057369e-01 -5.199777e-01
    outer loop
      vertex  7.400162e+03  6.996922e+03  8.071313e+03
      vertex  7.400000e+03  7.002710e+03  8.080370e+03
      vertex  7.400163e+03  7.001604e+03  8.078565e+03
    endloop
  endfacet
  facet normal -2.681999e-01  8.053296e-01 -5.286900e-01
    outer loop
      vertex  7.400157e+03  6.973387e+03  8.035217e+03
      vertex  7.400000e+03  6.975091e+03  8.037892e+03
      vertex  7.400158e+03  6.978111e+03  8.042413e+03
    endloop
  endfacet
  facet normal -2.967511e-01  7.987919e-01 -5.233261e-01
    outer loop
      vertex  7.400158e+03  6.978111e+03  8.042413e+03
      vertex  7.400000e+03  6.975091e+03  8.037892e+03
      vertex  7.400000e+03  6.982024e+03  8.048475e+03
    endloop
  endfacet
  facet normal -2.700677e-01  8.057376e-01 -5.271151e-01
    outer loop
      vertex  7.400158e+03  6.978111e+03  8.042413e+03
      vertex  7.400000e+03  6.982024e+03  8.048475e+03
      vertex  7.400159e+03  6.982827e+03  8.049621e+03
    endloop
  endfacet
  facet normal -2.830041e-01  8.034893e-01 -5.237495e-01
    outer loop
      vertex  7.400159e+03  6.982827e+03  8.049621e+03
      vertex  7.400000e+03  6.982024e+03  8.048475e+03
      vertex  7.400000e+03  6.988938e+03  8.059082e+03
    endloop
  endfacet
  facet normal -2.901706e-01  8.016335e-01 -5.226709e-01
    outer loop
      vertex  7.400159e+03  6.982827e+03  8.049621e+03
      vertex  7.400000e+03  6.988938e+03  8.059082e+03
      vertex  7.400160e+03  6.987534e+03  8.056840e+03
    endloop
  endfacet
  facet normal -2.702053e-01  8.023942e-01 -5.321210e-01
    outer loop
      vertex  7.400154e+03  6.959163e+03  8.013696e+03
      vertex  7.400000e+03  6.961170e+03  8.016801e+03
      vertex  7.400155e+03  6.963913e+03  8.020858e+03
    endloop
  endfacet
  facet normal -2.987852e-01  7.958654e-01 -5.266171e-01
    outer loop
      vertex  7.400155e+03  6.963913e+03  8.020858e+03
      vertex  7.400000e+03  6.961170e+03  8.016801e+03
      vertex  7.400000e+03  6.968140e+03  8.027334e+03
    endloop
  endfacet
  facet normal -2.732958e-01  8.025193e-01 -5.303509e-01
    outer loop
      vertex  7.400155e+03  6.963913e+03  8.020858e+03
      vertex  7.400000e+03  6.968140e+03  8.027334e+03
      vertex  7.400156e+03  6.968654e+03  8.028032e+03
    endloop
  endfacet
  facet normal -2.817216e-01  8.013923e-01 -5.276394e-01
    outer loop
      vertex  7.400156e+03  6.968654e+03  8.028032e+03
      vertex  7.400000e+03  6.968140e+03  8.027334e+03
      vertex  7.400000e+03  6.975091e+03  8.037892e+03
    endloop
  endfacet
  facet normal -2.959017e-01  7.977071e-01 -5.254576e-01
    outer loop
      vertex  7.400156e+03  6.968654e+03  8.028032e+03
      vertex  7.400000e+03  6.975091e+03  8.037892e+03
      vertex  7.400157e+03  6.973387e+03  8.035217e+03
    endloop
  endfacet
  facet normal -2.711353e-01  7.996842e-01 -5.357152e-01
    outer loop
      vertex  7.400151e+03  6.944862e+03  7.992278e+03
      vertex  7.400000e+03  6.947175e+03  7.995808e+03
      vertex  7.400152e+03  6.949637e+03  7.999406e+03
    endloop
  endfacet
  facet normal -2.995399e-01  7.932542e-01 -5.301167e-01
    outer loop
      vertex  7.400152e+03  6.949637e+03  7.999406e+03
      vertex  7.400000e+03  6.947175e+03  7.995808e+03
      vertex  7.400000e+03  6.954182e+03  8.006292e+03
    endloop
  endfacet
  facet normal -2.785686e-01  7.987539e-01 -5.332839e-01
    outer loop
      vertex  7.400152e+03  6.949637e+03  7.999406e+03
      vertex  7.400000e+03  6.954182e+03  8.006292e+03
      vertex  7.400153e+03  6.954404e+03  8.006545e+03
    endloop
  endfacet
  facet normal -2.821756e-01  7.988713e-01 -5.312075e-01
    outer loop
      vertex  7.400153e+03  6.954404e+03  8.006545e+03
      vertex  7.400000e+03  6.954182e+03  8.006292e+03
      vertex  7.400000e+03  6.961170e+03  8.016801e+03
    endloop
  endfacet
  facet normal -3.024175e-01  7.935672e-01 -5.280101e-01
    outer loop
      vertex  7.400153e+03  6.954404e+03  8.006545e+03
      vertex  7.400000e+03  6.961170e+03  8.016801e+03
      vertex  7.400154e+03  6.959163e+03  8.013696e+03
    endloop
  endfacet
  facet normal -2.740315e-01  7.965214e-01 -5.389436e-01
    outer loop
      vertex  7.400147e+03  6.930485e+03  7.970960e+03
      vertex  7.400000e+03  6.933108e+03  7.974912e+03
      vertex  7.400148e+03  6.935286e+03  7.978055e+03
    endloop
  endfacet
  facet normal -3.007518e-01  7.905111e-01 -5.335174e-01
    outer loop
      vertex  7.400148e+03  6.935286e+03  7.978055e+03
      vertex  7.400000e+03  6.933108e+03  7.974912e+03
      vertex  7.400000e+03  6.940151e+03  7.985348e+03
    endloop
  endfacet
  facet normal -2.815151e-01  7.955633e-01 -5.364964e-01
    outer loop
      vertex  7.400148e+03  6.935286e+03  7.978055e+03
      vertex  7.400000e+03  6.940151e+03  7.985348e+03
      vertex  7.400149e+03  6.940078e+03  7.985161e+03
    endloop
  endfacet
  facet normal -2.792725e-01  7.971425e-01 -5.353231e-01
    outer loop
      vertex  7.400149e+03  6.940078e+03  7.985161e+03
      vertex  7.400000e+03  6.940151e+03  7.985348e+03
      vertex  7.400000e+03  6.947175e+03  7.995808e+03
    endloop
  endfacet
  facet normal -3.085276e-01  7.894663e-01 -5.306164e-01
    outer loop
      vertex  7.400149e+03  6.940078e+03  7.985161e+03
      vertex  7.400000e+03  6.947175e+03  7.995808e+03
      vertex  7.400151e+03  6.944862e+03  7.992278e+03
    endloop
  endfacet
  facet normal -2.742568e-01  7.939531e-01 -5.426065e-01
    outer loop
      vertex  7.400145e+03  6.916032e+03  7.949745e+03
      vertex  7.400000e+03  6.918968e+03  7.954113e+03
      vertex  7.400146e+03  6.920858e+03  7.956805e+03
    endloop
  endfacet
  facet normal -2.999558e-01  7.882911e-01 -5.372370e-01
    outer loop
      vertex  7.400146e+03  6.920858e+03  7.956805e+03
      vertex  7.400000e+03  6.918968e+03  7.954113e+03
      vertex  7.400000e+03  6.926047e+03  7.964500e+03
    endloop
  endfacet
  facet normal -2.855084e-01  7.920864e-01 -5.395221e-01
    outer loop
      vertex  7.400146e+03  6.920858e+03  7.956805e+03
      vertex  7.400000e+03  6.926047e+03  7.964500e+03
      vertex  7.400146e+03  6.925675e+03  7.963877e+03
    endloop
  endfacet
  facet normal -2.766835e-01  7.953138e-01 -5.393721e-01
    outer loop
      vertex  7.400146e+03  6.925675e+03  7.963877e+03
      vertex  7.400000e+03  6.926047e+03  7.964500e+03
      vertex  7.400000e+03  6.933108e+03  7.974912e+03
    endloop
  endfacet
  facet normal -3.191541e-01  7.840548e-01 -5.323522e-01
    outer loop
      vertex  7.400146e+03  6.925675e+03  7.963877e+03
      vertex  7.400000e+03  6.933108e+03  7.974912e+03
      vertex  7.400147e+03  6.930485e+03  7.970960e+03
    endloop
  endfacet
  facet normal -2.830988e-01  7.884924e-01 -5.460172e-01
    outer loop
      vertex  7.400141e+03  6.896646e+03  7.921613e+03
      vertex  7.400000e+03  6.897622e+03  7.923096e+03
      vertex  7.400142e+03  6.901504e+03  7.928629e+03
    endloop
  endfacet
  facet normal -3.092234e-01  7.821732e-01 -5.409121e-01
    outer loop
      vertex  7.400142e+03  6.901504e+03  7.928629e+03
      vertex  7.400000e+03  6.897622e+03  7.923096e+03
      vertex  7.400000e+03  6.904755e+03  7.933411e+03
    endloop
  endfacet
  facet normal -2.783103e-01  7.904633e-01 -5.456292e-01
    outer loop
      vertex  7.400142e+03  6.901504e+03  7.928629e+03
      vertex  7.400000e+03  6.904755e+03  7.933411e+03
      vertex  7.400143e+03  6.906355e+03  7.935656e+03
    endloop
  endfacet
  facet normal -3.019224e-01  7.853283e-01 -5.404649e-01
    outer loop
      vertex  7.400143e+03  6.906355e+03  7.935656e+03
      vertex  7.400000e+03  6.904755e+03  7.933411e+03
      vertex  7.400000e+03  6.911871e+03  7.943750e+03
    endloop
  endfacet
  facet normal -2.901948e-01  7.884294e-01 -5.423707e-01
    outer loop
      vertex  7.400143e+03  6.906355e+03  7.935656e+03
      vertex  7.400000e+03  6.911871e+03  7.943750e+03
      vertex  7.400144e+03  6.911198e+03  7.942695e+03
    endloop
  endfacet
  facet normal -2.741699e-01  7.934504e-01 -5.433849e-01
    outer loop
      vertex  7.400144e+03  6.911198e+03  7.942695e+03
      vertex  7.400000e+03  6.911871e+03  7.943750e+03
      vertex  7.400000e+03  6.918968e+03  7.954113e+03
    endloop
  endfacet
  facet normal -3.231750e-01  7.804775e-01 -5.351754e-01
    outer loop
      vertex  7.400144e+03  6.911198e+03  7.942695e+03
      vertex  7.400000e+03  6.918968e+03  7.954113e+03
      vertex  7.400145e+03  6.916032e+03  7.949745e+03
    endloop
  endfacet
  facet normal -2.827945e-01  7.860164e-01 -5.497322e-01
    outer loop
      vertex  7.400138e+03  6.882019e+03  7.900631e+03
      vertex  7.400000e+03  6.883303e+03  7.902539e+03
      vertex  7.400139e+03  6.886902e+03  7.907614e+03
    endloop
  endfacet
  facet normal -3.130873e-01  7.786912e-01 -5.437061e-01
    outer loop
      vertex  7.400139e+03  6.886902e+03  7.907614e+03
      vertex  7.400000e+03  6.883303e+03  7.902539e+03
      vertex  7.400000e+03  6.890471e+03  7.912805e+03
    endloop
  endfacet
  facet normal -2.813177e-01  7.872431e-01 -5.487336e-01
    outer loop
      vertex  7.400139e+03  6.886902e+03  7.907614e+03
      vertex  7.400000e+03  6.890471e+03  7.912805e+03
      vertex  7.400140e+03  6.891778e+03  7.914608e+03
    endloop
  endfacet
  facet normal -3.016032e-01  7.829670e-01 -5.440573e-01
    outer loop
      vertex  7.400140e+03  6.891778e+03  7.914608e+03
      vertex  7.400000e+03  6.890471e+03  7.912805e+03
      vertex  7.400000e+03  6.897622e+03  7.923096e+03
    endloop
  endfacet
  facet normal -3.006497e-01  7.832224e-01 -5.442173e-01
    outer loop
      vertex  7.400140e+03  6.891778e+03  7.914608e+03
      vertex  7.400000e+03  6.897622e+03  7.923096e+03
      vertex  7.400141e+03  6.896646e+03  7.921613e+03
    endloop
  endfacet
  facet normal -2.979089e-01  7.806777e-01 -5.493566e-01
    outer loop
      vertex  7.400000e+03  6.872517e+03  7.887183e+03
      vertex  7.400000e+03  6.877915e+03  7.894854e+03
      vertex  7.400137e+03  6.877126e+03  7.893660e+03
    endloop
  endfacet
  facet normal -2.824768e-01  7.854363e-01 -5.507237e-01
    outer loop
      vertex  7.400137e+03  6.877126e+03  7.893660e+03
      vertex  7.400000e+03  6.877915e+03  7.894854e+03
      vertex  7.400000e+03  6.883303e+03  7.902539e+03
    endloop
  endfacet
  facet normal -3.048567e-01  7.796286e-01 -5.470297e-01
    outer loop
      vertex  7.400137e+03  6.877126e+03  7.893660e+03
      vertex  7.400000e+03  6.883303e+03  7.902539e+03
      vertex  7.400138e+03  6.882019e+03  7.900631e+03
    endloop
  endfacet
  facet normal -9.252013e-02  9.654620e-01 -2.435632e-01
    outer loop
      vertex  8.240003e+03  7.744499e+03  9.451328e+03
      vertex  8.101293e+03  7.781327e+03  9.650000e+03
      vertex  8.436782e+03  7.813477e+03  9.650000e+03
    endloop
  endfacet
  facet normal -1.821956e-01  4.891010e-01 -8.529859e-01
    outer loop
      vertex  8.242822e+03  5.586970e+03  6.315213e+03
      vertex  8.441612e+03  5.657161e+03  6.313000e+03
      vertex  8.056196e+03  5.513589e+03  6.313000e+03
    endloop
  endfacet
  facet normal -9.639097e-02  9.659967e-01 -2.399148e-01
    outer loop
      vertex  8.659945e+03  7.780849e+03  9.428968e+03
      vertex  8.240003e+03  7.744499e+03  9.451328e+03
      vertex  8.436782e+03  7.813477e+03  9.650000e+03
    endloop
  endfacet
  facet normal -2.086937e-01  5.935329e-01 -7.772809e-01
    outer loop
      vertex  8.663408e+03  5.748660e+03  6.323318e+03
      vertex  8.829267e+03  5.793465e+03  6.313000e+03
      vertex  8.441612e+03  5.657161e+03  6.313000e+03
    endloop
  endfacet
  facet normal -2.184335e-01  6.149364e-01 -7.577203e-01
    outer loop
      vertex  8.663408e+03  5.748660e+03  6.323318e+03
      vertex  8.441612e+03  5.657161e+03  6.313000e+03
      vertex  8.242706e+03  5.697909e+03  6.403410e+03
    endloop
  endfacet
  facet normal -2.160664e-01  6.275735e-01 -7.479752e-01
    outer loop
      vertex  8.663263e+03  5.859427e+03  6.416297e+03
      vertex  8.829267e+03  5.793465e+03  6.313000e+03
      vertex  8.663408e+03  5.748660e+03  6.323318e+03
    endloop
  endfacet
  facet normal -2.047242e-01  6.486050e-01 -7.330755e-01
    outer loop
      vertex  9.500000e+03  6.010903e+03  6.313000e+03
      vertex  9.163960e+03  5.904836e+03  6.313000e+03
      vertex  9.083488e+03  5.984913e+03  6.406323e+03
    endloop
  endfacet
  facet normal -1.977945e-01  6.836243e-01 -7.025206e-01
    outer loop
      vertex  9.083271e+03  6.135705e+03  6.544691e+03
      vertex  9.083028e+03  6.301302e+03  6.705903e+03
      vertex  9.500000e+03  6.249373e+03  6.537972e+03
    endloop
  endfacet
  facet normal -1.912659e-01  6.974899e-01 -6.905978e-01
    outer loop
      vertex  9.500000e+03  6.249373e+03  6.537972e+03
      vertex  9.083028e+03  6.301302e+03  6.705903e+03
      vertex  9.500000e+03  6.373401e+03  6.663238e+03
    endloop
  endfacet
  facet normal -1.843772e-01  7.320341e-01 -6.558439e-01
    outer loop
      vertex  9.500000e+03  6.595287e+03  6.904734e+03
      vertex  9.500000e+03  6.485792e+03  6.782519e+03
      vertex  9.082786e+03  6.462042e+03  6.873301e+03
    endloop
  endfacet
  facet normal -1.847379e-01  7.329090e-01 -6.547644e-01
    outer loop
      vertex  9.082786e+03  6.462042e+03  6.873301e+03
      vertex  9.082545e+03  6.617345e+03  7.047207e+03
      vertex  9.500000e+03  6.595287e+03  6.904734e+03
    endloop
  endfacet
  facet normal -1.781294e-01  7.492139e-01 -6.379253e-01
    outer loop
      vertex  9.500000e+03  6.595287e+03  6.904734e+03
      vertex  9.082545e+03  6.617345e+03  7.047207e+03
      vertex  9.500000e+03  6.693406e+03  7.019970e+03
    endloop
  endfacet
  facet normal -1.021176e-01  9.629005e-01 -2.497891e-01
    outer loop
      vertex  8.240003e+03  7.744499e+03  9.451328e+03
      vertex  7.836429e+03  7.753237e+03  9.650000e+03
      vertex  8.101293e+03  7.781327e+03  9.650000e+03
    endloop
  endfacet
  facet normal -2.226624e-01  6.065377e-01 -7.632388e-01
    outer loop
      vertex  8.242822e+03  5.586970e+03  6.315213e+03
      vertex  8.242706e+03  5.697909e+03  6.403410e+03
      vertex  8.441612e+03  5.657161e+03  6.313000e+03
    endloop
  endfacet
  facet normal -1.353429e-01  9.063098e-01 -4.003558e-01
    outer loop
      vertex  8.660823e+03  7.424497e+03  8.419126e+03
      vertex  8.240588e+03  7.426904e+03  8.566639e+03
      vertex  8.660646e+03  7.508226e+03  8.608729e+03
    endloop
  endfacet
  facet normal -1.357965e-01  9.073499e-01 -3.978384e-01
    outer loop
      vertex  8.660646e+03  7.508226e+03  8.608729e+03
      vertex  8.240588e+03  7.426904e+03  8.566639e+03
      vertex  8.240484e+03  7.489954e+03  8.710472e+03
    endloop
  endfacet
  facet normal -1.286963e-01  9.216966e-01 -3.659407e-01
    outer loop
      vertex  8.660646e+03  7.508226e+03  8.608729e+03
      vertex  8.240484e+03  7.489954e+03  8.710472e+03
      vertex  8.660468e+03  7.585889e+03  8.804401e+03
    endloop
  endfacet
  facet normal -1.275211e-01  9.203220e-01 -3.697915e-01
    outer loop
      vertex  8.240484e+03  7.489954e+03  8.710472e+03
      vertex  8.240362e+03  7.561178e+03  8.887773e+03
      vertex  8.660468e+03  7.585889e+03  8.804401e+03
    endloop
  endfacet
  facet normal -1.207759e-01  9.357927e-01 -3.312177e-01
    outer loop
      vertex  8.660292e+03  7.657314e+03  9.006263e+03
      vertex  8.660468e+03  7.585889e+03  8.804401e+03
      vertex  8.240362e+03  7.561178e+03  8.887773e+03
    endloop
  endfacet
  facet normal -1.180614e-01  9.333896e-01 -3.388884e-01
    outer loop
      vertex  8.240362e+03  7.561178e+03  8.887773e+03
      vertex  8.240240e+03  7.627431e+03  9.070293e+03
      vertex  8.660292e+03  7.657314e+03  9.006263e+03
    endloop
  endfacet
  facet normal -1.126516e-01  9.483986e-01 -2.963944e-01
    outer loop
      vertex  8.660118e+03  7.722346e+03  9.214418e+03
      vertex  8.660292e+03  7.657314e+03  9.006263e+03
      vertex  8.240240e+03  7.627431e+03  9.070293e+03
    endloop
  endfacet
  facet normal -1.080272e-01  9.452918e-01 -3.078205e-01
    outer loop
      vertex  8.240240e+03  7.627431e+03  9.070293e+03
      vertex  8.240121e+03  7.688580e+03  9.258118e+03
      vertex  8.660118e+03  7.722346e+03  9.214418e+03
    endloop
  endfacet
  facet normal -1.043710e-01  9.594855e-01 -2.617143e-01
    outer loop
      vertex  8.659945e+03  7.780849e+03  9.428968e+03
      vertex  8.660118e+03  7.722346e+03  9.214418e+03
      vertex  8.240121e+03  7.688580e+03  9.258118e+03
    endloop
  endfacet
  facet normal -9.748547e-02  9.559860e-01 -2.767441e-01
    outer loop
      vertex  8.240121e+03  7.688580e+03  9.258118e+03
      vertex  8.240003e+03  7.744499e+03  9.451328e+03
      vertex  8.659945e+03  7.780849e+03  9.428968e+03
    endloop
  endfacet
  facet normal -2.041296e-01  6.617078e-01 -7.214387e-01
    outer loop
      vertex  9.083271e+03  6.135705e+03  6.544691e+03
      vertex  9.083488e+03  5.984913e+03  6.406323e+03
      vertex  8.663062e+03  6.010053e+03  6.548340e+03
    endloop
  endfacet
  facet normal -2.049199e-01  6.644301e-01 -7.187076e-01
    outer loop
      vertex  8.663062e+03  6.010053e+03  6.548340e+03
      vertex  8.662861e+03  6.157666e+03  6.684863e+03
      vertex  9.083271e+03  6.135705e+03  6.544691e+03
    endloop
  endfacet
  facet normal -1.984919e-01  6.835254e-01 -7.024201e-01
    outer loop
      vertex  9.083028e+03  6.301302e+03  6.705903e+03
      vertex  9.083271e+03  6.135705e+03  6.544691e+03
      vertex  8.662861e+03  6.157666e+03  6.684863e+03
    endloop
  endfacet
  facet normal -1.992694e-01  6.854870e-01 -7.002851e-01
    outer loop
      vertex  8.662861e+03  6.157666e+03  6.684863e+03
      vertex  8.662661e+03  6.301891e+03  6.826097e+03
      vertex  9.083028e+03  6.301302e+03  6.705903e+03
    endloop
  endfacet
  facet normal -1.921120e-01  7.168069e-01 -6.702841e-01
    outer loop
      vertex  9.082786e+03  6.462042e+03  6.873301e+03
      vertex  8.662537e+03  6.390145e+03  6.916862e+03
      vertex  8.662412e+03  6.476841e+03  7.009611e+03
    endloop
  endfacet
  facet normal -1.864518e-01  7.326663e-01 -6.545500e-01
    outer loop
      vertex  9.082786e+03  6.462042e+03  6.873301e+03
      vertex  8.662412e+03  6.476841e+03  7.009611e+03
      vertex  9.082545e+03  6.617345e+03  7.047207e+03
    endloop
  endfacet
  facet normal -1.867627e-01  7.333632e-01 -6.536803e-01
    outer loop
      vertex  8.662412e+03  6.476841e+03  7.009611e+03
      vertex  8.662247e+03  6.589861e+03  7.136456e+03
      vertex  9.082545e+03  6.617345e+03  7.047207e+03
    endloop
  endfacet
  facet normal -1.617523e-01  8.326600e-01 -5.296354e-01
    outer loop
      vertex  9.081665e+03  7.131443e+03  7.745419e+03
      vertex  8.661549e+03  7.032916e+03  7.718825e+03
      vertex  8.661366e+03  7.138875e+03  7.885464e+03
    endloop
  endfacet
  facet normal -7.144982e-02  9.755341e-01 -2.079132e-01
    outer loop
      vertex  8.778902e+03  7.842285e+03  9.650000e+03
      vertex  9.078438e+03  7.864223e+03  9.650000e+03
      vertex  9.079993e+03  7.816371e+03  9.424942e+03
    endloop
  endfacet
  facet normal -8.425073e-02  9.708260e-01 -2.244967e-01
    outer loop
      vertex  8.778902e+03  7.842285e+03  9.650000e+03
      vertex  9.079993e+03  7.816371e+03  9.424942e+03
      vertex  8.659945e+03  7.780849e+03  9.428968e+03
    endloop
  endfacet
  facet normal -8.174025e-02  9.707332e-01 -2.258220e-01
    outer loop
      vertex  8.778902e+03  7.842285e+03  9.650000e+03
      vertex  8.659945e+03  7.780849e+03  9.428968e+03
      vertex  8.436782e+03  7.813477e+03  9.650000e+03
    endloop
  endfacet
  facet normal -2.302796e-01  5.582233e-01 -7.970935e-01
    outer loop
      vertex  7.727043e+03  5.384306e+03  6.313000e+03
      vertex  7.400013e+03  5.249397e+03  6.312999e+03
      vertex  7.400013e+03  5.251510e+03  6.314479e+03
    endloop
  endfacet
  facet normal -2.304399e-01  5.586217e-01 -7.967681e-01
    outer loop
      vertex  7.727043e+03  5.384306e+03  6.313000e+03
      vertex  7.400013e+03  5.251510e+03  6.314479e+03
      vertex  7.400013e+03  5.253623e+03  6.315960e+03
    endloop
  endfacet
  facet normal -2.304536e-01  5.586567e-01 -7.967395e-01
    outer loop
      vertex  7.727043e+03  5.384306e+03  6.313000e+03
      vertex  7.400013e+03  5.253623e+03  6.315960e+03
      vertex  7.400013e+03  5.255735e+03  6.317441e+03
    endloop
  endfacet
  facet normal -2.305614e-01  5.589386e-01 -7.965106e-01
    outer loop
      vertex  7.727043e+03  5.384306e+03  6.313000e+03
      vertex  7.400013e+03  5.255735e+03  6.317441e+03
      vertex  7.400013e+03  5.257847e+03  6.318923e+03
    endloop
  endfacet
  facet normal -2.306050e-01  5.590560e-01 -7.964154e-01
    outer loop
      vertex  7.727043e+03  5.384306e+03  6.313000e+03
      vertex  7.400013e+03  5.257847e+03  6.318923e+03
      vertex  7.400013e+03  5.259959e+03  6.320406e+03
    endloop
  endfacet
  facet normal -2.307200e-01  5.593736e-01 -7.961591e-01
    outer loop
      vertex  7.727043e+03  5.384306e+03  6.313000e+03
      vertex  7.400013e+03  5.259959e+03  6.320406e+03
      vertex  7.400013e+03  5.262070e+03  6.321889e+03
    endloop
  endfacet
  facet normal -2.308027e-01  5.596088e-01 -7.959698e-01
    outer loop
      vertex  7.727043e+03  5.384306e+03  6.313000e+03
      vertex  7.400013e+03  5.262070e+03  6.321889e+03
      vertex  7.400013e+03  5.264182e+03  6.323374e+03
    endloop
  endfacet
  facet normal -2.308996e-01  5.598920e-01 -7.957426e-01
    outer loop
      vertex  7.727043e+03  5.384306e+03  6.313000e+03
      vertex  7.400013e+03  5.264182e+03  6.323374e+03
      vertex  7.400013e+03  5.266292e+03  6.324858e+03
    endloop
  endfacet
  facet normal -2.309500e-01  5.600439e-01 -7.956210e-01
    outer loop
      vertex  7.727043e+03  5.384306e+03  6.313000e+03
      vertex  7.400013e+03  5.266292e+03  6.324858e+03
      vertex  7.400014e+03  5.268402e+03  6.326344e+03
    endloop
  endfacet
  facet normal -2.309769e-01  5.601277e-01 -7.955543e-01
    outer loop
      vertex  7.727043e+03  5.384306e+03  6.313000e+03
      vertex  7.400014e+03  5.268402e+03  6.326344e+03
      vertex  7.400014e+03  5.270513e+03  6.327830e+03
    endloop
  endfacet
  facet normal -2.310764e-01  5.604467e-01 -7.953006e-01
    outer loop
      vertex  7.727043e+03  5.384306e+03  6.313000e+03
      vertex  7.400014e+03  5.270513e+03  6.327830e+03
      vertex  7.400014e+03  5.272623e+03  6.329316e+03
    endloop
  endfacet
  facet normal -2.311372e-01  5.606481e-01 -7.951410e-01
    outer loop
      vertex  7.727043e+03  5.384306e+03  6.313000e+03
      vertex  7.400014e+03  5.272623e+03  6.329316e+03
      vertex  7.400014e+03  5.274732e+03  6.330804e+03
    endloop
  endfacet
  facet normal -2.312306e-01  5.609678e-01 -7.948884e-01
    outer loop
      vertex  7.727043e+03  5.384306e+03  6.313000e+03
      vertex  7.400014e+03  5.274732e+03  6.330804e+03
      vertex  7.400014e+03  5.276841e+03  6.332292e+03
    endloop
  endfacet
  facet normal -2.312640e-01  5.610860e-01 -7.947952e-01
    outer loop
      vertex  7.727043e+03  5.384306e+03  6.313000e+03
      vertex  7.400014e+03  5.276841e+03  6.332292e+03
      vertex  7.400014e+03  5.278950e+03  6.333781e+03
    endloop
  endfacet
  facet normal -2.313190e-01  5.612881e-01 -7.946366e-01
    outer loop
      vertex  7.727043e+03  5.384306e+03  6.313000e+03
      vertex  7.400014e+03  5.278950e+03  6.333781e+03
      vertex  7.400014e+03  5.281058e+03  6.335270e+03
    endloop
  endfacet
  facet normal -2.314031e-01  5.616086e-01 -7.943856e-01
    outer loop
      vertex  7.727043e+03  5.384306e+03  6.313000e+03
      vertex  7.400014e+03  5.281058e+03  6.335270e+03
      vertex  7.400014e+03  5.283166e+03  6.336760e+03
    endloop
  endfacet
  facet normal -2.314330e-01  5.617272e-01 -7.942930e-01
    outer loop
      vertex  7.727043e+03  5.384306e+03  6.313000e+03
      vertex  7.400014e+03  5.283166e+03  6.336760e+03
      vertex  7.400014e+03  5.285274e+03  6.338251e+03
    endloop
  endfacet
  facet normal -2.315110e-01  5.620485e-01 -7.940429e-01
    outer loop
      vertex  7.727043e+03  5.384306e+03  6.313000e+03
      vertex  7.400014e+03  5.285274e+03  6.338251e+03
      vertex  7.400014e+03  5.287381e+03  6.339743e+03
    endloop
  endfacet
  facet normal -2.315467e-01  5.622018e-01 -7.939239e-01
    outer loop
      vertex  7.727043e+03  5.384306e+03  6.313000e+03
      vertex  7.400014e+03  5.287381e+03  6.339743e+03
      vertex  7.400014e+03  5.289489e+03  6.341235e+03
    endloop
  endfacet
  facet normal -2.316031e-01  5.624544e-01 -7.937286e-01
    outer loop
      vertex  7.727043e+03  5.384306e+03  6.313000e+03
      vertex  7.400014e+03  5.289489e+03  6.341235e+03
      vertex  7.400014e+03  5.291595e+03  6.342728e+03
    endloop
  endfacet
  facet normal -2.316538e-01  5.626923e-01 -7.935451e-01
    outer loop
      vertex  7.727043e+03  5.384306e+03  6.313000e+03
      vertex  7.400014e+03  5.291595e+03  6.342728e+03
      vertex  7.400014e+03  5.293702e+03  6.344221e+03
    endloop
  endfacet
  facet normal -2.316953e-01  5.628957e-01 -7.933887e-01
    outer loop
      vertex  7.727043e+03  5.384306e+03  6.313000e+03
      vertex  7.400014e+03  5.293702e+03  6.344221e+03
      vertex  7.400014e+03  5.295808e+03  6.345715e+03
    endloop
  endfacet
  facet normal -2.317184e-01  5.630149e-01 -7.932974e-01
    outer loop
      vertex  7.727043e+03  5.384306e+03  6.313000e+03
      vertex  7.400014e+03  5.295808e+03  6.345715e+03
      vertex  7.400014e+03  5.297914e+03  6.347210e+03
    endloop
  endfacet
  facet normal -2.317780e-01  5.633381e-01 -7.930506e-01
    outer loop
      vertex  7.727043e+03  5.384306e+03  6.313000e+03
      vertex  7.400014e+03  5.297914e+03  6.347210e+03
      vertex  7.400014e+03  5.300019e+03  6.348706e+03
    endloop
  endfacet
  facet normal -2.318136e-01  5.635422e-01 -7.928951e-01
    outer loop
      vertex  7.727043e+03  5.384306e+03  6.313000e+03
      vertex  7.400014e+03  5.300019e+03  6.348706e+03
      vertex  7.400014e+03  5.302124e+03  6.350202e+03
    endloop
  endfacet
  facet normal -2.318530e-01  5.637811e-01 -7.927137e-01
    outer loop
      vertex  7.727043e+03  5.384306e+03  6.313000e+03
      vertex  7.400014e+03  5.302124e+03  6.350202e+03
      vertex  7.400014e+03  5.304229e+03  6.351699e+03
    endloop
  endfacet
  facet normal -2.318980e-01  5.640707e-01 -7.924945e-01
    outer loop
      vertex  7.727043e+03  5.384306e+03  6.313000e+03
      vertex  7.400014e+03  5.304229e+03  6.351699e+03
      vertex  7.400014e+03  5.306333e+03  6.353196e+03
    endloop
  endfacet
  facet normal -2.319030e-01  5.641052e-01 -7.924685e-01
    outer loop
      vertex  7.727043e+03  5.384306e+03  6.313000e+03
      vertex  7.400014e+03  5.306333e+03  6.353196e+03
      vertex  7.400014e+03  5.308438e+03  6.354694e+03
    endloop
  endfacet
  facet normal -2.319636e-01  5.645502e-01 -7.921337e-01
    outer loop
      vertex  7.727043e+03  5.384306e+03  6.313000e+03
      vertex  7.400014e+03  5.308438e+03  6.354694e+03
      vertex  7.400015e+03  5.310541e+03  6.356193e+03
    endloop
  endfacet
  facet normal -2.319743e-01  5.646350e-01 -7.920702e-01
    outer loop
      vertex  7.727043e+03  5.384306e+03  6.313000e+03
      vertex  7.400015e+03  5.310541e+03  6.356193e+03
      vertex  7.400015e+03  5.312645e+03  6.357693e+03
    endloop
  endfacet
  facet normal -2.320124e-01  5.649604e-01 -7.918270e-01
    outer loop
      vertex  7.727043e+03  5.384306e+03  6.313000e+03
      vertex  7.400015e+03  5.312645e+03  6.357693e+03
      vertex  7.400015e+03  5.314748e+03  6.359193e+03
    endloop
  endfacet
  facet normal -2.320345e-01  5.651661e-01 -7.916738e-01
    outer loop
      vertex  7.727043e+03  5.384306e+03  6.313000e+03
      vertex  7.400015e+03  5.314748e+03  6.359193e+03
      vertex  7.400015e+03  5.316850e+03  6.360694e+03
    endloop
  endfacet
  facet normal -2.320462e-01  5.652862e-01 -7.915845e-01
    outer loop
      vertex  7.727043e+03  5.384306e+03  6.313000e+03
      vertex  7.400015e+03  5.316850e+03  6.360694e+03
      vertex  7.400015e+03  5.318953e+03  6.362196e+03
    endloop
  endfacet
  facet normal -2.320751e-01  5.656125e-01 -7.913429e-01
    outer loop
      vertex  7.727043e+03  5.384306e+03  6.313000e+03
      vertex  7.400015e+03  5.318953e+03  6.362196e+03
      vertex  7.400015e+03  5.321055e+03  6.363698e+03
    endloop
  endfacet
  facet normal -2.320914e-01  5.658189e-01 -7.911906e-01
    outer loop
      vertex  7.727043e+03  5.384306e+03  6.313000e+03
      vertex  7.400015e+03  5.321055e+03  6.363698e+03
      vertex  7.400015e+03  5.323156e+03  6.365201e+03
    endloop
  endfacet
  facet normal -2.321141e-01  5.661459e-01 -7.909499e-01
    outer loop
      vertex  7.727043e+03  5.384306e+03  6.313000e+03
      vertex  7.400015e+03  5.323156e+03  6.365201e+03
      vertex  7.400015e+03  5.325257e+03  6.366705e+03
    endloop
  endfacet
  facet normal -2.321214e-01  5.662664e-01 -7.908615e-01
    outer loop
      vertex  7.727043e+03  5.384306e+03  6.313000e+03
      vertex  7.400015e+03  5.325257e+03  6.366705e+03
      vertex  7.400015e+03  5.327358e+03  6.368209e+03
    endloop
  endfacet
  facet normal -2.321380e-01  5.665941e-01 -7.906220e-01
    outer loop
      vertex  7.727043e+03  5.384306e+03  6.313000e+03
      vertex  7.400015e+03  5.327358e+03  6.368209e+03
      vertex  7.400015e+03  5.329459e+03  6.369715e+03
    endloop
  endfacet
  facet normal -2.321394e-01  5.666295e-01 -7.905961e-01
    outer loop
      vertex  7.727043e+03  5.384306e+03  6.313000e+03
      vertex  7.400015e+03  5.329459e+03  6.369715e+03
      vertex  7.400015e+03  5.331560e+03  6.371220e+03
    endloop
  endfacet
  facet normal -2.321554e-01  5.671298e-01 -7.902327e-01
    outer loop
      vertex  7.727043e+03  5.384306e+03  6.313000e+03
      vertex  7.400015e+03  5.331560e+03  6.371220e+03
      vertex  7.400015e+03  5.333659e+03  6.372727e+03
    endloop
  endfacet
  facet normal -2.321554e-01  5.671298e-01 -7.902327e-01
    outer loop
      vertex  7.727043e+03  5.384306e+03  6.313000e+03
      vertex  7.400015e+03  5.333659e+03  6.372727e+03
      vertex  7.400015e+03  5.335759e+03  6.374234e+03
    endloop
  endfacet
  facet normal -2.321602e-01  5.674928e-01 -7.899705e-01
    outer loop
      vertex  7.727043e+03  5.384306e+03  6.313000e+03
      vertex  7.400015e+03  5.335759e+03  6.374234e+03
      vertex  7.400015e+03  5.337858e+03  6.375742e+03
    endloop
  endfacet
  facet normal -2.321609e-01  5.676668e-01 -7.898453e-01
    outer loop
      vertex  7.727043e+03  5.384306e+03  6.313000e+03
      vertex  7.400015e+03  5.337858e+03  6.375742e+03
      vertex  7.400015e+03  5.339957e+03  6.377250e+03
    endloop
  endfacet
  facet normal -2.321596e-01  5.679093e-01 -7.896714e-01
    outer loop
      vertex  7.727043e+03  5.384306e+03  6.313000e+03
      vertex  7.400015e+03  5.339957e+03  6.377250e+03
      vertex  7.400015e+03  5.342056e+03  6.378760e+03
    endloop
  endfacet
  facet normal -2.321566e-01  5.681179e-01 -7.895222e-01
    outer loop
      vertex  7.727043e+03  5.384306e+03  6.313000e+03
      vertex  7.400015e+03  5.342056e+03  6.378760e+03
      vertex  7.400015e+03  5.344154e+03  6.380270e+03
    endloop
  endfacet
  facet normal -2.321487e-01  5.684482e-01 -7.892868e-01
    outer loop
      vertex  7.727043e+03  5.384306e+03  6.313000e+03
      vertex  7.400015e+03  5.344154e+03  6.380270e+03
      vertex  7.400015e+03  5.346251e+03  6.381780e+03
    endloop
  endfacet
  facet normal -2.321447e-01  5.685697e-01 -7.892004e-01
    outer loop
      vertex  7.727043e+03  5.384306e+03  6.313000e+03
      vertex  7.400015e+03  5.346251e+03  6.381780e+03
      vertex  7.400015e+03  5.348349e+03  6.383292e+03
    endloop
  endfacet
  facet normal -2.321292e-01  5.689363e-01 -7.889407e-01
    outer loop
      vertex  7.727043e+03  5.384306e+03  6.313000e+03
      vertex  7.400015e+03  5.348349e+03  6.383292e+03
      vertex  7.400016e+03  5.350446e+03  6.384804e+03
    endloop
  endfacet
  facet normal -2.321202e-01  5.691100e-01 -7.888181e-01
    outer loop
      vertex  7.727043e+03  5.384306e+03  6.313000e+03
      vertex  7.400016e+03  5.350446e+03  6.384804e+03
      vertex  7.400016e+03  5.352543e+03  6.386316e+03
    endloop
  endfacet
  facet normal -2.321054e-01  5.693536e-01 -7.886466e-01
    outer loop
      vertex  7.727043e+03  5.384306e+03  6.313000e+03
      vertex  7.400016e+03  5.352543e+03  6.386316e+03
      vertex  7.400016e+03  5.354640e+03  6.387830e+03
    endloop
  endfacet
  facet normal -2.320846e-01  5.696516e-01 -7.884375e-01
    outer loop
      vertex  7.727043e+03  5.384306e+03  6.313000e+03
      vertex  7.400016e+03  5.354640e+03  6.387830e+03
      vertex  7.400016e+03  5.356735e+03  6.389344e+03
    endloop
  endfacet
  facet normal -2.320750e-01  5.697737e-01 -7.883523e-01
    outer loop
      vertex  7.727043e+03  5.384306e+03  6.313000e+03
      vertex  7.400016e+03  5.356735e+03  6.389344e+03
      vertex  7.400016e+03  5.358831e+03  6.390859e+03
    endloop
  endfacet
  facet normal -2.320535e-01  5.700179e-01 -7.881820e-01
    outer loop
      vertex  7.727043e+03  5.384306e+03  6.313000e+03
      vertex  7.400016e+03  5.358831e+03  6.390859e+03
      vertex  7.400016e+03  5.360927e+03  6.392375e+03
    endloop
  endfacet
  facet normal -2.320244e-01  5.703170e-01 -7.879742e-01
    outer loop
      vertex  7.727043e+03  5.384306e+03  6.313000e+03
      vertex  7.400016e+03  5.360927e+03  6.392375e+03
      vertex  7.400016e+03  5.363021e+03  6.393891e+03
    endloop
  endfacet
  facet normal -2.319984e-01  5.705616e-01 -7.878047e-01
    outer loop
      vertex  7.727043e+03  5.384306e+03  6.313000e+03
      vertex  7.400016e+03  5.363021e+03  6.393891e+03
      vertex  7.400016e+03  5.365116e+03  6.395408e+03
    endloop
  endfacet
  facet normal -2.319741e-01  5.707726e-01 -7.876589e-01
    outer loop
      vertex  7.727043e+03  5.384306e+03  6.313000e+03
      vertex  7.400016e+03  5.365116e+03  6.395408e+03
      vertex  7.400016e+03  5.367210e+03  6.396925e+03
    endloop
  endfacet
  facet normal -2.319589e-01  5.708952e-01 -7.875746e-01
    outer loop
      vertex  7.727043e+03  5.384306e+03  6.313000e+03
      vertex  7.400016e+03  5.367210e+03  6.396925e+03
      vertex  7.400016e+03  5.369305e+03  6.398443e+03
    endloop
  endfacet
  facet normal -2.318976e-01  5.713544e-01 -7.872596e-01
    outer loop
      vertex  7.727043e+03  5.384306e+03  6.313000e+03
      vertex  7.400016e+03  5.369305e+03  6.398443e+03
      vertex  7.400016e+03  5.371398e+03  6.399962e+03
    endloop
  endfacet
  facet normal -2.301040e-01  5.837006e-01 -7.786820e-01
    outer loop
      vertex  7.727043e+03  5.384306e+03  6.313000e+03
      vertex  7.400016e+03  5.371398e+03  6.399962e+03
      vertex  7.821661e+03  5.535057e+03  6.398043e+03
    endloop
  endfacet
  facet normal -2.291416e-01  5.833884e-01 -7.791995e-01
    outer loop
      vertex  7.727043e+03  5.384306e+03  6.313000e+03
      vertex  7.821661e+03  5.535057e+03  6.398043e+03
      vertex  8.056196e+03  5.513589e+03  6.313000e+03
    endloop
  endfacet
  facet normal -2.257640e-01  5.724066e-01 -7.882773e-01
    outer loop
      vertex  7.821661e+03  5.535057e+03  6.398043e+03
      vertex  7.400016e+03  5.371398e+03  6.399962e+03
      vertex  7.400016e+03  5.373491e+03  6.401482e+03
    endloop
  endfacet
  facet normal -2.257953e-01  5.724899e-01 -7.882079e-01
    outer loop
      vertex  7.821661e+03  5.535057e+03  6.398043e+03
      vertex  7.400016e+03  5.373491e+03  6.401482e+03
      vertex  7.400016e+03  5.375584e+03  6.403002e+03
    endloop
  endfacet
  facet normal -2.259220e-01  5.728336e-01 -7.879220e-01
    outer loop
      vertex  7.821661e+03  5.535057e+03  6.398043e+03
      vertex  7.400016e+03  5.375584e+03  6.403002e+03
      vertex  7.400016e+03  5.377677e+03  6.404524e+03
    endloop
  endfacet
  facet normal -2.259520e-01  5.729169e-01 -7.878527e-01
    outer loop
      vertex  7.821661e+03  5.535057e+03  6.398043e+03
      vertex  7.400016e+03  5.377677e+03  6.404524e+03
      vertex  7.400016e+03  5.379769e+03  6.406045e+03
    endloop
  endfacet
  facet normal -2.261027e-01  5.733445e-01 -7.874984e-01
    outer loop
      vertex  7.821661e+03  5.535057e+03  6.398043e+03
      vertex  7.400016e+03  5.379769e+03  6.406045e+03
      vertex  7.400016e+03  5.381861e+03  6.407568e+03
    endloop
  endfacet
  facet normal -2.261315e-01  5.734280e-01 -7.874293e-01
    outer loop
      vertex  7.821661e+03  5.535057e+03  6.398043e+03
      vertex  7.400016e+03  5.381861e+03  6.407568e+03
      vertex  7.400016e+03  5.383952e+03  6.409091e+03
    endloop
  endfacet
  facet normal -2.262370e-01  5.737413e-01 -7.871708e-01
    outer loop
      vertex  7.821661e+03  5.535057e+03  6.398043e+03
      vertex  7.400016e+03  5.383952e+03  6.409091e+03
      vertex  7.400016e+03  5.386043e+03  6.410615e+03
    endloop
  endfacet
  facet normal -2.263125e-01  5.739710e-01 -7.869816e-01
    outer loop
      vertex  7.821661e+03  5.535057e+03  6.398043e+03
      vertex  7.400016e+03  5.386043e+03  6.410615e+03
      vertex  7.400016e+03  5.388134e+03  6.412140e+03
    endloop
  endfacet
  facet normal -2.263869e-01  5.742027e-01 -7.867911e-01
    outer loop
      vertex  7.821661e+03  5.535057e+03  6.398043e+03
      vertex  7.400016e+03  5.388134e+03  6.412140e+03
      vertex  7.400017e+03  5.390224e+03  6.413666e+03
    endloop
  endfacet
  facet normal -2.264389e-01  5.743685e-01 -7.866552e-01
    outer loop
      vertex  7.821661e+03  5.535057e+03  6.398043e+03
      vertex  7.400017e+03  5.390224e+03  6.413666e+03
      vertex  7.400017e+03  5.392314e+03  6.415191e+03
    endloop
  endfacet
  facet normal -2.265091e-01  5.745986e-01 -7.864668e-01
    outer loop
      vertex  7.821661e+03  5.535057e+03  6.398043e+03
      vertex  7.400017e+03  5.392314e+03  6.415191e+03
      vertex  7.400017e+03  5.394404e+03  6.416718e+03
    endloop
  endfacet
  facet normal -2.265683e-01  5.747977e-01 -7.863042e-01
    outer loop
      vertex  7.821661e+03  5.535057e+03  6.398043e+03
      vertex  7.400017e+03  5.394404e+03  6.416718e+03
      vertex  7.400017e+03  5.396493e+03  6.418246e+03
    endloop
  endfacet
  facet normal -2.266594e-01  5.751123e-01 -7.860480e-01
    outer loop
      vertex  7.821661e+03  5.535057e+03  6.398043e+03
      vertex  7.400017e+03  5.396493e+03  6.418246e+03
      vertex  7.400017e+03  5.398582e+03  6.419774e+03
    endloop
  endfacet
  facet normal -2.267156e-01  5.753117e-01 -7.858858e-01
    outer loop
      vertex  7.821661e+03  5.535057e+03  6.398043e+03
      vertex  7.400017e+03  5.398582e+03  6.419774e+03
      vertex  7.400017e+03  5.400670e+03  6.421303e+03
    endloop
  endfacet
  facet normal -2.268019e-01  5.756267e-01 -7.856302e-01
    outer loop
      vertex  7.821661e+03  5.535057e+03  6.398043e+03
      vertex  7.400017e+03  5.400670e+03  6.421303e+03
      vertex  7.400017e+03  5.402758e+03  6.422833e+03
    endloop
  endfacet
  facet normal -2.268326e-01  5.757419e-01 -7.855369e-01
    outer loop
      vertex  7.821661e+03  5.535057e+03  6.398043e+03
      vertex  7.400017e+03  5.402758e+03  6.422833e+03
      vertex  7.400017e+03  5.404846e+03  6.424363e+03
    endloop
  endfacet
  facet normal -2.268928e-01  5.759753e-01 -7.853484e-01
    outer loop
      vertex  7.821661e+03  5.535057e+03  6.398043e+03
      vertex  7.400017e+03  5.404846e+03  6.424363e+03
      vertex  7.400017e+03  5.406934e+03  6.425894e+03
    endloop
  endfacet
  facet normal -2.269925e-01  5.763728e-01 -7.850279e-01
    outer loop
      vertex  7.821661e+03  5.535057e+03  6.398043e+03
      vertex  7.400017e+03  5.406934e+03  6.425894e+03
      vertex  7.400017e+03  5.409021e+03  6.427426e+03
    endloop
  endfacet
  facet normal -2.269925e-01  5.763728e-01 -7.850279e-01
    outer loop
      vertex  7.821661e+03  5.535057e+03  6.398043e+03
      vertex  7.400017e+03  5.409021e+03  6.427426e+03
      vertex  7.400017e+03  5.411107e+03  6.428958e+03
    endloop
  endfacet
  facet normal -2.270868e-01  5.767737e-01 -7.847062e-01
    outer loop
      vertex  7.821661e+03  5.535057e+03  6.398043e+03
      vertex  7.400017e+03  5.411107e+03  6.428958e+03
      vertex  7.400017e+03  5.413193e+03  6.430491e+03
    endloop
  endfacet
  facet normal -2.271130e-01  5.768893e-01 -7.846135e-01
    outer loop
      vertex  7.821661e+03  5.535057e+03  6.398043e+03
      vertex  7.400017e+03  5.413193e+03  6.430491e+03
      vertex  7.400017e+03  5.415279e+03  6.432025e+03
    endloop
  endfacet
  facet normal -2.271638e-01  5.771207e-01 -7.844287e-01
    outer loop
      vertex  7.821661e+03  5.535057e+03  6.398043e+03
      vertex  7.400017e+03  5.415279e+03  6.432025e+03
      vertex  7.400017e+03  5.417365e+03  6.433560e+03
    endloop
  endfacet
  facet normal -2.272490e-01  5.775224e-01 -7.841083e-01
    outer loop
      vertex  7.821661e+03  5.535057e+03  6.398043e+03
      vertex  7.400017e+03  5.417365e+03  6.433560e+03
      vertex  7.400017e+03  5.419450e+03  6.435095e+03
    endloop
  endfacet
  facet normal -2.272726e-01  5.776381e-01 -7.840163e-01
    outer loop
      vertex  7.821661e+03  5.535057e+03  6.398043e+03
      vertex  7.400017e+03  5.419450e+03  6.435095e+03
      vertex  7.400017e+03  5.421535e+03  6.436631e+03
    endloop
  endfacet
  facet normal -2.273122e-01  5.778394e-01 -7.838565e-01
    outer loop
      vertex  7.821661e+03  5.535057e+03  6.398043e+03
      vertex  7.400017e+03  5.421535e+03  6.436631e+03
      vertex  7.400017e+03  5.423620e+03  6.438168e+03
    endloop
  endfacet
  facet normal -2.273785e-01  5.781902e-01 -7.835784e-01
    outer loop
      vertex  7.821661e+03  5.535057e+03  6.398043e+03
      vertex  7.400017e+03  5.423620e+03  6.438168e+03
      vertex  7.400018e+03  5.425704e+03  6.439706e+03
    endloop
  endfacet
  facet normal -2.274089e-01  5.783581e-01 -7.834457e-01
    outer loop
      vertex  7.821661e+03  5.535057e+03  6.398043e+03
      vertex  7.400018e+03  5.425704e+03  6.439706e+03
      vertex  7.400018e+03  5.427787e+03  6.441244e+03
    endloop
  endfacet
  facet normal -2.274491e-01  5.785901e-01 -7.832627e-01
    outer loop
      vertex  7.821661e+03  5.535057e+03  6.398043e+03
      vertex  7.400018e+03  5.427787e+03  6.441244e+03
      vertex  7.400018e+03  5.429871e+03  6.442783e+03
    endloop
  endfacet
  facet normal -2.274969e-01  5.788777e-01 -7.830363e-01
    outer loop
      vertex  7.821661e+03  5.535057e+03  6.398043e+03
      vertex  7.400018e+03  5.429871e+03  6.442783e+03
      vertex  7.400018e+03  5.431953e+03  6.444322e+03
    endloop
  endfacet
  facet normal -2.275017e-01  5.789080e-01 -7.830125e-01
    outer loop
      vertex  7.821661e+03  5.535057e+03  6.398043e+03
      vertex  7.400018e+03  5.431953e+03  6.444322e+03
      vertex  7.400018e+03  5.434036e+03  6.445862e+03
    endloop
  endfacet
  facet normal -2.275801e-01  5.794284e-01 -7.826046e-01
    outer loop
      vertex  7.821661e+03  5.535057e+03  6.398043e+03
      vertex  7.400018e+03  5.434036e+03  6.445862e+03
      vertex  7.400018e+03  5.436118e+03  6.447404e+03
    endloop
  endfacet
  facet normal -2.275924e-01  5.795145e-01 -7.825373e-01
    outer loop
      vertex  7.821661e+03  5.535057e+03  6.398043e+03
      vertex  7.400018e+03  5.436118e+03  6.447404e+03
      vertex  7.400018e+03  5.438200e+03  6.448945e+03
    endloop
  endfacet
  facet normal -2.276239e-01  5.797471e-01 -7.823558e-01
    outer loop
      vertex  7.821661e+03  5.535057e+03  6.398043e+03
      vertex  7.400018e+03  5.438200e+03  6.448945e+03
      vertex  7.400018e+03  5.440281e+03  6.450488e+03
    endloop
  endfacet
  facet normal -2.276691e-01  5.800999e-01 -7.820811e-01
    outer loop
      vertex  7.821661e+03  5.535057e+03  6.398043e+03
      vertex  7.400018e+03  5.440281e+03  6.450488e+03
      vertex  7.400018e+03  5.442362e+03  6.452031e+03
    endloop
  endfacet
  facet normal -2.276894e-01  5.802689e-01 -7.819499e-01
    outer loop
      vertex  7.821661e+03  5.535057e+03  6.398043e+03
      vertex  7.400018e+03  5.442362e+03  6.452031e+03
      vertex  7.400018e+03  5.444443e+03  6.453575e+03
    endloop
  endfacet
  facet normal -2.277157e-01  5.805018e-01 -7.817694e-01
    outer loop
      vertex  7.821661e+03  5.535057e+03  6.398043e+03
      vertex  7.400018e+03  5.444443e+03  6.453575e+03
      vertex  7.400018e+03  5.446523e+03  6.455120e+03
    endloop
  endfacet
  facet normal -2.277462e-01  5.807914e-01 -7.815453e-01
    outer loop
      vertex  7.821661e+03  5.535057e+03  6.398043e+03
      vertex  7.400018e+03  5.446523e+03  6.455120e+03
      vertex  7.400018e+03  5.448603e+03  6.456666e+03
    endloop
  endfacet
  facet normal -2.277576e-01  5.809080e-01 -7.814552e-01
    outer loop
      vertex  7.821661e+03  5.535057e+03  6.398043e+03
      vertex  7.400018e+03  5.448603e+03  6.456666e+03
      vertex  7.400018e+03  5.450683e+03  6.458211e+03
    endloop
  endfacet
  facet normal -2.277865e-01  5.812282e-01 -7.812088e-01
    outer loop
      vertex  7.821661e+03  5.535057e+03  6.398043e+03
      vertex  7.400018e+03  5.450683e+03  6.458211e+03
      vertex  7.400018e+03  5.452762e+03  6.459758e+03
    endloop
  endfacet
  facet normal -2.278130e-01  5.815485e-01 -7.809626e-01
    outer loop
      vertex  7.821661e+03  5.535057e+03  6.398043e+03
      vertex  7.400018e+03  5.452762e+03  6.459758e+03
      vertex  7.400018e+03  5.454840e+03  6.461306e+03
    endloop
  endfacet
  facet normal -2.278217e-01  5.816652e-01 -7.808731e-01
    outer loop
      vertex  7.821661e+03  5.535057e+03  6.398043e+03
      vertex  7.400018e+03  5.454840e+03  6.461306e+03
      vertex  7.400018e+03  5.456919e+03  6.462854e+03
    endloop
  endfacet
  facet normal -2.278415e-01  5.819561e-01 -7.806506e-01
    outer loop
      vertex  7.821661e+03  5.535057e+03  6.398043e+03
      vertex  7.400018e+03  5.456919e+03  6.462854e+03
      vertex  7.400018e+03  5.458997e+03  6.464403e+03
    endloop
  endfacet
  facet normal -2.278576e-01  5.822241e-01 -7.804461e-01
    outer loop
      vertex  7.821661e+03  5.535057e+03  6.398043e+03
      vertex  7.400018e+03  5.458997e+03  6.464403e+03
      vertex  7.400019e+03  5.461074e+03  6.465953e+03
    endloop
  endfacet
  facet normal -2.278727e-01  5.825111e-01 -7.802274e-01
    outer loop
      vertex  7.821661e+03  5.535057e+03  6.398043e+03
      vertex  7.400019e+03  5.461074e+03  6.465953e+03
      vertex  7.400019e+03  5.463151e+03  6.467504e+03
    endloop
  endfacet
  facet normal -2.278780e-01  5.826281e-01 -7.801385e-01
    outer loop
      vertex  7.821661e+03  5.535057e+03  6.398043e+03
      vertex  7.400019e+03  5.463151e+03  6.467504e+03
      vertex  7.400019e+03  5.465229e+03  6.469055e+03
    endloop
  endfacet
  facet normal -2.278891e-01  5.829201e-01 -7.799171e-01
    outer loop
      vertex  7.821661e+03  5.535057e+03  6.398043e+03
      vertex  7.400019e+03  5.465229e+03  6.469055e+03
      vertex  7.400019e+03  5.467305e+03  6.470607e+03
    endloop
  endfacet
  facet normal -2.278963e-01  5.831544e-01 -7.797399e-01
    outer loop
      vertex  7.821661e+03  5.535057e+03  6.398043e+03
      vertex  7.400019e+03  5.467305e+03  6.470607e+03
      vertex  7.400019e+03  5.469381e+03  6.472160e+03
    endloop
  endfacet
  facet normal -2.279037e-01  5.834765e-01 -7.794967e-01
    outer loop
      vertex  7.821661e+03  5.535057e+03  6.398043e+03
      vertex  7.400019e+03  5.469381e+03  6.472160e+03
      vertex  7.400019e+03  5.471457e+03  6.473713e+03
    endloop
  endfacet
  facet normal -2.279069e-01  5.836815e-01 -7.793422e-01
    outer loop
      vertex  7.821661e+03  5.535057e+03  6.398043e+03
      vertex  7.400019e+03  5.471457e+03  6.473713e+03
      vertex  7.400019e+03  5.473532e+03  6.475268e+03
    endloop
  endfacet
  facet normal -2.279086e-01  5.838867e-01 -7.791880e-01
    outer loop
      vertex  7.821661e+03  5.535057e+03  6.398043e+03
      vertex  7.400019e+03  5.473532e+03  6.475268e+03
      vertex  7.400019e+03  5.475606e+03  6.476822e+03
    endloop
  endfacet
  facet normal -2.279088e-01  5.841558e-01 -7.789863e-01
    outer loop
      vertex  7.821661e+03  5.535057e+03  6.398043e+03
      vertex  7.400019e+03  5.475606e+03  6.476822e+03
      vertex  7.400019e+03  5.477681e+03  6.478378e+03
    endloop
  endfacet
  facet normal -2.279070e-01  5.844443e-01 -7.787703e-01
    outer loop
      vertex  7.821661e+03  5.535057e+03  6.398043e+03
      vertex  7.400019e+03  5.477681e+03  6.478378e+03
      vertex  7.400019e+03  5.479755e+03  6.479935e+03
    endloop
  endfacet
  facet normal -2.279041e-01  5.846500e-01 -7.786167e-01
    outer loop
      vertex  7.821661e+03  5.535057e+03  6.398043e+03
      vertex  7.400019e+03  5.479755e+03  6.479935e+03
      vertex  7.400019e+03  5.481829e+03  6.481492e+03
    endloop
  endfacet
  facet normal -2.275744e-01  5.985212e-01 -7.681030e-01
    outer loop
      vertex  7.821661e+03  5.535057e+03  6.398043e+03
      vertex  7.400019e+03  5.481829e+03  6.481492e+03
      vertex  7.821594e+03  5.644706e+03  6.483504e+03
    endloop
  endfacet
  facet normal -2.220006e-01  5.993137e-01 -7.691155e-01
    outer loop
      vertex  7.821661e+03  5.535057e+03  6.398043e+03
      vertex  7.821594e+03  5.644706e+03  6.483504e+03
      vertex  8.242706e+03  5.697909e+03  6.403410e+03
    endloop
  endfacet
  facet normal -2.247581e-01  6.062371e-01 -7.628634e-01
    outer loop
      vertex  7.821661e+03  5.535057e+03  6.398043e+03
      vertex  8.242706e+03  5.697909e+03  6.403410e+03
      vertex  8.242822e+03  5.586970e+03  6.315213e+03
    endloop
  endfacet
  facet normal -2.250664e-01  5.956619e-01 -7.710591e-01
    outer loop
      vertex  7.821661e+03  5.535057e+03  6.398043e+03
      vertex  8.242822e+03  5.586970e+03  6.315213e+03
      vertex  8.056196e+03  5.513589e+03  6.313000e+03
    endloop
  endfacet
  facet normal -2.225287e-01  5.856017e-01 -7.794560e-01
    outer loop
      vertex  7.821594e+03  5.644706e+03  6.483504e+03
      vertex  7.400019e+03  5.481829e+03  6.481492e+03
      vertex  7.400019e+03  5.483902e+03  6.483049e+03
    endloop
  endfacet
  facet normal -2.226460e-01  5.859084e-01 -7.791920e-01
    outer loop
      vertex  7.821594e+03  5.644706e+03  6.483504e+03
      vertex  7.400019e+03  5.483902e+03  6.483049e+03
      vertex  7.400019e+03  5.485975e+03  6.484608e+03
    endloop
  endfacet
  facet normal -2.227294e-01  5.861313e-01 -7.790005e-01
    outer loop
      vertex  7.821594e+03  5.644706e+03  6.483504e+03
      vertex  7.400019e+03  5.485975e+03  6.484608e+03
      vertex  7.400019e+03  5.488048e+03  6.486167e+03
    endloop
  endfacet
  facet normal -2.228318e-01  5.864108e-01 -7.787609e-01
    outer loop
      vertex  7.821594e+03  5.644706e+03  6.483504e+03
      vertex  7.400019e+03  5.488048e+03  6.486167e+03
      vertex  7.400019e+03  5.490120e+03  6.487728e+03
    endloop
  endfacet
  facet normal -2.228717e-01  5.865224e-01 -7.786653e-01
    outer loop
      vertex  7.821594e+03  5.644706e+03  6.483504e+03
      vertex  7.400019e+03  5.490120e+03  6.487728e+03
      vertex  7.400019e+03  5.492191e+03  6.489288e+03
    endloop
  endfacet
  facet normal -2.229906e-01  5.868618e-01 -7.783756e-01
    outer loop
      vertex  7.821594e+03  5.644706e+03  6.483504e+03
      vertex  7.400019e+03  5.492191e+03  6.489288e+03
      vertex  7.400020e+03  5.494263e+03  6.490850e+03
    endloop
  endfacet
  facet normal -2.230560e-01  5.870532e-01 -7.782124e-01
    outer loop
      vertex  7.821594e+03  5.644706e+03  6.483504e+03
      vertex  7.400020e+03  5.494263e+03  6.490850e+03
      vertex  7.400020e+03  5.496334e+03  6.492412e+03
    endloop
  endfacet
  facet normal -2.231497e-01  5.873336e-01 -7.779739e-01
    outer loop
      vertex  7.821594e+03  5.644706e+03  6.483504e+03
      vertex  7.400020e+03  5.496334e+03  6.492412e+03
      vertex  7.400020e+03  5.498404e+03  6.493975e+03
    endloop
  endfacet
  facet normal -2.232226e-01  5.875572e-01 -7.777842e-01
    outer loop
      vertex  7.821594e+03  5.644706e+03  6.483504e+03
      vertex  7.400020e+03  5.498404e+03  6.493975e+03
      vertex  7.400020e+03  5.500475e+03  6.495539e+03
    endloop
  endfacet
  facet normal -2.232850e-01  5.877536e-01 -7.776178e-01
    outer loop
      vertex  7.821594e+03  5.644706e+03  6.483504e+03
      vertex  7.400020e+03  5.500475e+03  6.495539e+03
      vertex  7.400020e+03  5.502544e+03  6.497104e+03
    endloop
  endfacet
  facet normal -2.233460e-01  5.879502e-01 -7.774518e-01
    outer loop
      vertex  7.821594e+03  5.644706e+03  6.483504e+03
      vertex  7.400020e+03  5.502544e+03  6.497104e+03
      vertex  7.400020e+03  5.504614e+03  6.498668e+03
    endloop
  endfacet
  facet normal -2.234729e-01  5.883708e-01 -7.770970e-01
    outer loop
      vertex  7.821594e+03  5.644706e+03  6.483504e+03
      vertex  7.400020e+03  5.504614e+03  6.498668e+03
      vertex  7.400020e+03  5.506683e+03  6.500235e+03
    endloop
  endfacet
  facet normal -2.235073e-01  5.884878e-01 -7.769985e-01
    outer loop
      vertex  7.821594e+03  5.644706e+03  6.483504e+03
      vertex  7.400020e+03  5.506683e+03  6.500235e+03
      vertex  7.400020e+03  5.508751e+03  6.501801e+03
    endloop
  endfacet
  facet normal -2.235943e-01  5.887918e-01 -7.767431e-01
    outer loop
      vertex  7.821594e+03  5.644706e+03  6.483504e+03
      vertex  7.400020e+03  5.508751e+03  6.501801e+03
      vertex  7.400020e+03  5.510819e+03  6.503369e+03
    endloop
  endfacet
  facet normal -2.236179e-01  5.888768e-01 -7.766718e-01
    outer loop
      vertex  7.821594e+03  5.644706e+03  6.483504e+03
      vertex  7.400020e+03  5.510819e+03  6.503369e+03
      vertex  7.400020e+03  5.512887e+03  6.504937e+03
    endloop
  endfacet
  facet normal -2.237319e-01  5.892985e-01 -7.763192e-01
    outer loop
      vertex  7.821594e+03  5.644706e+03  6.483504e+03
      vertex  7.400020e+03  5.512887e+03  6.504937e+03
      vertex  7.400020e+03  5.514955e+03  6.506506e+03
    endloop
  endfacet
  facet normal -2.237542e-01  5.893836e-01 -7.762480e-01
    outer loop
      vertex  7.821594e+03  5.644706e+03  6.483504e+03
      vertex  7.400020e+03  5.514955e+03  6.506506e+03
      vertex  7.400020e+03  5.517021e+03  6.508076e+03
    endloop
  endfacet
  facet normal -2.238758e-01  5.898620e-01 -7.758496e-01
    outer loop
      vertex  7.821594e+03  5.644706e+03  6.483504e+03
      vertex  7.400020e+03  5.517021e+03  6.508076e+03
      vertex  7.400020e+03  5.521154e+03  6.511218e+03
    endloop
  endfacet
  facet normal -2.239875e-01  5.903302e-01 -7.754611e-01
    outer loop
      vertex  7.821594e+03  5.644706e+03  6.483504e+03
      vertex  7.400020e+03  5.521154e+03  6.511218e+03
      vertex  7.400021e+03  5.525285e+03  6.514362e+03
    endloop
  endfacet
  facet normal -2.241003e-01  5.908363e-01 -7.750430e-01
    outer loop
      vertex  7.821594e+03  5.644706e+03  6.483504e+03
      vertex  7.400021e+03  5.525285e+03  6.514362e+03
      vertex  7.400021e+03  5.529415e+03  6.517510e+03
    endloop
  endfacet
  facet normal -2.241853e-01  5.912466e-01 -7.747054e-01
    outer loop
      vertex  7.821594e+03  5.644706e+03  6.483504e+03
      vertex  7.400021e+03  5.529415e+03  6.517510e+03
      vertex  7.400021e+03  5.533542e+03  6.520661e+03
    endloop
  endfacet
  facet normal -2.242855e-01  5.917704e-01 -7.742764e-01
    outer loop
      vertex  7.821594e+03  5.644706e+03  6.483504e+03
      vertex  7.400021e+03  5.533542e+03  6.520661e+03
      vertex  7.400021e+03  5.537669e+03  6.523814e+03
    endloop
  endfacet
  facet normal -2.243783e-01  5.922978e-01 -7.738461e-01
    outer loop
      vertex  7.821594e+03  5.644706e+03  6.483504e+03
      vertex  7.400021e+03  5.537669e+03  6.523814e+03
      vertex  7.400021e+03  5.541793e+03  6.526971e+03
    endloop
  endfacet
  facet normal -2.244508e-01  5.927500e-01 -7.734787e-01
    outer loop
      vertex  7.821594e+03  5.644706e+03  6.483504e+03
      vertex  7.400021e+03  5.541793e+03  6.526971e+03
      vertex  7.400021e+03  5.545917e+03  6.530131e+03
    endloop
  endfacet
  facet normal -2.245333e-01  5.933191e-01 -7.730184e-01
    outer loop
      vertex  7.821594e+03  5.644706e+03  6.483504e+03
      vertex  7.400021e+03  5.545917e+03  6.530131e+03
      vertex  7.400021e+03  5.550038e+03  6.533294e+03
    endloop
  endfacet
  facet normal -2.245867e-01  5.937323e-01 -7.726854e-01
    outer loop
      vertex  7.821594e+03  5.644706e+03  6.483504e+03
      vertex  7.400021e+03  5.550038e+03  6.533294e+03
      vertex  7.400021e+03  5.554157e+03  6.536459e+03
    endloop
  endfacet
  facet normal -2.246487e-01  5.942760e-01 -7.722494e-01
    outer loop
      vertex  7.821594e+03  5.644706e+03  6.483504e+03
      vertex  7.400021e+03  5.554157e+03  6.536459e+03
      vertex  7.400021e+03  5.558275e+03  6.539628e+03
    endloop
  endfacet
  facet normal -2.246979e-01  5.947742e-01 -7.718514e-01
    outer loop
      vertex  7.821594e+03  5.644706e+03  6.483504e+03
      vertex  7.400021e+03  5.558275e+03  6.539628e+03
      vertex  7.400021e+03  5.562392e+03  6.542800e+03
    endloop
  endfacet
  facet normal -2.247372e-01  5.952460e-01 -7.714761e-01
    outer loop
      vertex  7.821594e+03  5.644706e+03  6.483504e+03
      vertex  7.400021e+03  5.562392e+03  6.542800e+03
      vertex  7.400021e+03  5.566506e+03  6.545975e+03
    endloop
  endfacet
  facet normal -2.247774e-01  5.958356e-01 -7.710091e-01
    outer loop
      vertex  7.821594e+03  5.644706e+03  6.483504e+03
      vertex  7.400021e+03  5.566506e+03  6.545975e+03
      vertex  7.400022e+03  5.570619e+03  6.549153e+03
    endloop
  endfacet
  facet normal -2.248016e-01  5.962921e-01 -7.706491e-01
    outer loop
      vertex  7.821594e+03  5.644706e+03  6.483504e+03
      vertex  7.400022e+03  5.570619e+03  6.549153e+03
      vertex  7.400022e+03  5.574730e+03  6.552334e+03
    endloop
  endfacet
  facet normal -2.248194e-01  5.967658e-01 -7.702771e-01
    outer loop
      vertex  7.821594e+03  5.644706e+03  6.483504e+03
      vertex  7.400022e+03  5.574730e+03  6.552334e+03
      vertex  7.400022e+03  5.578840e+03  6.555519e+03
    endloop
  endfacet
  facet normal -2.248312e-01  5.972843e-01 -7.698717e-01
    outer loop
      vertex  7.821594e+03  5.644706e+03  6.483504e+03
      vertex  7.400022e+03  5.578840e+03  6.555519e+03
      vertex  7.400022e+03  5.582948e+03  6.558706e+03
    endloop
  endfacet
  facet normal -2.248357e-01  5.978773e-01 -7.694100e-01
    outer loop
      vertex  7.821594e+03  5.644706e+03  6.483504e+03
      vertex  7.400022e+03  5.582948e+03  6.558706e+03
      vertex  7.400022e+03  5.587054e+03  6.561896e+03
    endloop
  endfacet
  facet normal -2.248326e-01  5.982918e-01 -7.690886e-01
    outer loop
      vertex  7.821594e+03  5.644706e+03  6.483504e+03
      vertex  7.400022e+03  5.587054e+03  6.561896e+03
      vertex  7.400022e+03  5.591159e+03  6.565089e+03
    endloop
  endfacet
  facet normal -2.244869e-01  6.121528e-01 -7.582048e-01
    outer loop
      vertex  7.821594e+03  5.644706e+03  6.483504e+03
      vertex  7.400022e+03  5.591159e+03  6.565089e+03
      vertex  7.821528e+03  5.753165e+03  6.571090e+03
    endloop
  endfacet
  facet normal -2.187705e-01  6.129711e-01 -7.592139e-01
    outer loop
      vertex  7.821594e+03  5.644706e+03  6.483504e+03
      vertex  7.821528e+03  5.753165e+03  6.571090e+03
      vertex  8.242590e+03  5.807636e+03  6.493738e+03
    endloop
  endfacet
  facet normal -2.215005e-01  6.196342e-01 -7.529881e-01
    outer loop
      vertex  7.821594e+03  5.644706e+03  6.483504e+03
      vertex  8.242590e+03  5.807636e+03  6.493738e+03
      vertex  8.242706e+03  5.697909e+03  6.403410e+03
    endloop
  endfacet
  facet normal -2.195007e-01  5.996020e-01 -7.696083e-01
    outer loop
      vertex  7.821528e+03  5.753165e+03  6.571090e+03
      vertex  7.400022e+03  5.591159e+03  6.565089e+03
      vertex  7.400022e+03  5.595262e+03  6.568286e+03
    endloop
  endfacet
  facet normal -2.196828e-01  6.000806e-01 -7.691832e-01
    outer loop
      vertex  7.821528e+03  5.753165e+03  6.571090e+03
      vertex  7.400022e+03  5.595262e+03  6.568286e+03
      vertex  7.400023e+03  5.599363e+03  6.571485e+03
    endloop
  endfacet
  facet normal -2.198724e-01  6.006015e-01 -7.687223e-01
    outer loop
      vertex  7.821528e+03  5.753165e+03  6.571090e+03
      vertex  7.400023e+03  5.599363e+03  6.571485e+03
      vertex  7.400023e+03  5.603462e+03  6.574688e+03
    endloop
  endfacet
  facet normal -2.200297e-01  6.010539e-01 -7.683236e-01
    outer loop
      vertex  7.821528e+03  5.753165e+03  6.571090e+03
      vertex  7.400023e+03  5.603462e+03  6.574688e+03
      vertex  7.400023e+03  5.607560e+03  6.577894e+03
    endloop
  endfacet
  facet normal -2.201978e-01  6.015611e-01 -7.678784e-01
    outer loop
      vertex  7.821528e+03  5.753165e+03  6.571090e+03
      vertex  7.400023e+03  5.607560e+03  6.577894e+03
      vertex  7.400023e+03  5.611656e+03  6.581103e+03
    endloop
  endfacet
  facet normal -2.203418e-01  6.020185e-01 -7.674784e-01
    outer loop
      vertex  7.821528e+03  5.753165e+03  6.571090e+03
      vertex  7.400023e+03  5.611656e+03  6.581103e+03
      vertex  7.400023e+03  5.615750e+03  6.584314e+03
    endloop
  endfacet
  facet normal -2.205053e-01  6.025659e-01 -7.670018e-01
    outer loop
      vertex  7.821528e+03  5.753165e+03  6.571090e+03
      vertex  7.400023e+03  5.615750e+03  6.584314e+03
      vertex  7.400023e+03  5.619843e+03  6.587529e+03
    endloop
  endfacet
  facet normal -2.206458e-01  6.030634e-01 -7.665703e-01
    outer loop
      vertex  7.821528e+03  5.753165e+03  6.571090e+03
      vertex  7.400023e+03  5.619843e+03  6.587529e+03
      vertex  7.400023e+03  5.623934e+03  6.590748e+03
    endloop
  endfacet
  facet normal -2.207827e-01  6.035773e-01 -7.661263e-01
    outer loop
      vertex  7.821528e+03  5.753165e+03  6.571090e+03
      vertex  7.400023e+03  5.623934e+03  6.590748e+03
      vertex  7.400024e+03  5.628023e+03  6.593969e+03
    endloop
  endfacet
  facet normal -2.208928e-01  6.040176e-01 -7.657475e-01
    outer loop
      vertex  7.821528e+03  5.753165e+03  6.571090e+03
      vertex  7.400024e+03  5.628023e+03  6.593969e+03
      vertex  7.400024e+03  5.632110e+03  6.597193e+03
    endloop
  endfacet
  facet normal -2.210125e-01  6.045286e-01 -7.653095e-01
    outer loop
      vertex  7.821528e+03  5.753165e+03  6.571090e+03
      vertex  7.400024e+03  5.632110e+03  6.597193e+03
      vertex  7.400024e+03  5.636196e+03  6.600420e+03
    endloop
  endfacet
  facet normal -2.211464e-01  6.051425e-01 -7.647855e-01
    outer loop
      vertex  7.821528e+03  5.753165e+03  6.571090e+03
      vertex  7.400024e+03  5.636196e+03  6.600420e+03
      vertex  7.400024e+03  5.640280e+03  6.603651e+03
    endloop
  endfacet
  facet normal -2.212247e-01  6.055298e-01 -7.644562e-01
    outer loop
      vertex  7.821528e+03  5.753165e+03  6.571090e+03
      vertex  7.400024e+03  5.640280e+03  6.603651e+03
      vertex  7.400024e+03  5.644362e+03  6.606885e+03
    endloop
  endfacet
  facet normal -2.213304e-01  6.060976e-01 -7.639755e-01
    outer loop
      vertex  7.821528e+03  5.753165e+03  6.571090e+03
      vertex  7.400024e+03  5.644362e+03  6.606885e+03
      vertex  7.400024e+03  5.648442e+03  6.610122e+03
    endloop
  endfacet
  facet normal -2.214094e-01  6.065611e-01 -7.635846e-01
    outer loop
      vertex  7.821528e+03  5.753165e+03  6.571090e+03
      vertex  7.400024e+03  5.648442e+03  6.610122e+03
      vertex  7.400025e+03  5.652521e+03  6.613362e+03
    endloop
  endfacet
  facet normal -2.215016e-01  6.071580e-01 -7.630833e-01
    outer loop
      vertex  7.821528e+03  5.753165e+03  6.571090e+03
      vertex  7.400025e+03  5.652521e+03  6.613362e+03
      vertex  7.400025e+03  5.656598e+03  6.616605e+03
    endloop
  endfacet
  facet normal -2.215579e-01  6.075634e-01 -7.627444e-01
    outer loop
      vertex  7.821528e+03  5.753165e+03  6.571090e+03
      vertex  7.400025e+03  5.656598e+03  6.616605e+03
      vertex  7.400025e+03  5.660673e+03  6.619852e+03
    endloop
  endfacet
  facet normal -2.216335e-01  6.081778e-01 -7.622325e-01
    outer loop
      vertex  7.821528e+03  5.753165e+03  6.571090e+03
      vertex  7.400025e+03  5.660673e+03  6.619852e+03
      vertex  7.400025e+03  5.664746e+03  6.623102e+03
    endloop
  endfacet
  facet normal -2.216835e-01  6.086441e-01 -7.618455e-01
    outer loop
      vertex  7.821528e+03  5.753165e+03  6.571090e+03
      vertex  7.400025e+03  5.664746e+03  6.623102e+03
      vertex  7.400025e+03  5.668817e+03  6.626354e+03
    endloop
  endfacet
  facet normal -2.217336e-01  6.091893e-01 -7.613953e-01
    outer loop
      vertex  7.821528e+03  5.753165e+03  6.571090e+03
      vertex  7.400025e+03  5.668817e+03  6.626354e+03
      vertex  7.400025e+03  5.672887e+03  6.629610e+03
    endloop
  endfacet
  facet normal -2.217731e-01  6.097071e-01 -7.609692e-01
    outer loop
      vertex  7.821528e+03  5.753165e+03  6.571090e+03
      vertex  7.400025e+03  5.672887e+03  6.629610e+03
      vertex  7.400025e+03  5.676955e+03  6.632869e+03
    endloop
  endfacet
  facet normal -2.218022e-01  6.101865e-01 -7.605764e-01
    outer loop
      vertex  7.821528e+03  5.753165e+03  6.571090e+03
      vertex  7.400025e+03  5.676955e+03  6.632869e+03
      vertex  7.400026e+03  5.681021e+03  6.636131e+03
    endloop
  endfacet
  facet normal -2.218289e-01  6.107780e-01 -7.600935e-01
    outer loop
      vertex  7.821528e+03  5.753165e+03  6.571090e+03
      vertex  7.400026e+03  5.681021e+03  6.636131e+03
      vertex  7.400026e+03  5.685085e+03  6.639397e+03
    endloop
  endfacet
  facet normal -2.218444e-01  6.112978e-01 -7.596710e-01
    outer loop
      vertex  7.821528e+03  5.753165e+03  6.571090e+03
      vertex  7.400026e+03  5.685085e+03  6.639397e+03
      vertex  7.400026e+03  5.689147e+03  6.642666e+03
    endloop
  endfacet
  facet normal -2.218512e-01  6.117683e-01 -7.592901e-01
    outer loop
      vertex  7.821528e+03  5.753165e+03  6.571090e+03
      vertex  7.400026e+03  5.689147e+03  6.642666e+03
      vertex  7.400026e+03  5.693208e+03  6.645938e+03
    endloop
  endfacet
  facet normal -2.218507e-01  6.123734e-01 -7.588025e-01
    outer loop
      vertex  7.821528e+03  5.753165e+03  6.571090e+03
      vertex  7.400026e+03  5.693208e+03  6.645938e+03
      vertex  7.400026e+03  5.697267e+03  6.649213e+03
    endloop
  endfacet
  facet normal -2.215319e-01  6.288984e-01 -7.452586e-01
    outer loop
      vertex  7.821528e+03  5.753165e+03  6.571090e+03
      vertex  7.400026e+03  5.697267e+03  6.649213e+03
      vertex  7.821438e+03  5.899889e+03  6.694933e+03
    endloop
  endfacet
  facet normal -2.129772e-01  6.143717e-01 -7.597290e-01
    outer loop
      vertex  7.821438e+03  5.899889e+03  6.694933e+03
      vertex  7.400026e+03  5.697267e+03  6.649213e+03
      vertex  7.400027e+03  5.705379e+03  6.655773e+03
    endloop
  endfacet
  facet normal -2.135244e-01  6.153645e-01 -7.587713e-01
    outer loop
      vertex  7.821438e+03  5.899889e+03  6.694933e+03
      vertex  7.400027e+03  5.705379e+03  6.655773e+03
      vertex  7.400027e+03  5.713483e+03  6.662346e+03
    endloop
  endfacet
  facet normal -2.140351e-01  6.163535e-01 -7.578241e-01
    outer loop
      vertex  7.821438e+03  5.899889e+03  6.694933e+03
      vertex  7.400027e+03  5.713483e+03  6.662346e+03
      vertex  7.400027e+03  5.721581e+03  6.668931e+03
    endloop
  endfacet
  facet normal -2.145340e-01  6.173890e-01 -7.568395e-01
    outer loop
      vertex  7.821438e+03  5.899889e+03  6.694933e+03
      vertex  7.400027e+03  5.721581e+03  6.668931e+03
      vertex  7.400028e+03  5.729670e+03  6.675530e+03
    endloop
  endfacet
  facet normal -2.149721e-01  6.183681e-01 -7.559152e-01
    outer loop
      vertex  7.821438e+03  5.899889e+03  6.694933e+03
      vertex  7.400028e+03  5.729670e+03  6.675530e+03
      vertex  7.400028e+03  5.737753e+03  6.682142e+03
    endloop
  endfacet
  facet normal -2.153926e-01  6.193858e-01 -7.549618e-01
    outer loop
      vertex  7.821438e+03  5.899889e+03  6.694933e+03
      vertex  7.400028e+03  5.737753e+03  6.682142e+03
      vertex  7.400028e+03  5.745828e+03  6.688767e+03
    endloop
  endfacet
  facet normal -2.157882e-01  6.204292e-01 -7.539915e-01
    outer loop
      vertex  7.821438e+03  5.899889e+03  6.694933e+03
      vertex  7.400028e+03  5.745828e+03  6.688767e+03
      vertex  7.400029e+03  5.753895e+03  6.695405e+03
    endloop
  endfacet
  facet normal -2.161390e-01  6.214446e-01 -7.530541e-01
    outer loop
      vertex  7.821438e+03  5.899889e+03  6.694933e+03
      vertex  7.400029e+03  5.753895e+03  6.695405e+03
      vertex  7.400029e+03  5.761955e+03  6.702056e+03
    endloop
  endfacet
  facet normal -2.164637e-01  6.224859e-01 -7.521002e-01
    outer loop
      vertex  7.821438e+03  5.899889e+03  6.694933e+03
      vertex  7.400029e+03  5.761955e+03  6.702056e+03
      vertex  7.400029e+03  5.770007e+03  6.708720e+03
    endloop
  endfacet
  facet normal -2.167561e-01  6.235361e-01 -7.511455e-01
    outer loop
      vertex  7.821438e+03  5.899889e+03  6.694933e+03
      vertex  7.400029e+03  5.770007e+03  6.708720e+03
      vertex  7.400030e+03  5.778051e+03  6.715397e+03
    endloop
  endfacet
  facet normal -2.169959e-01  6.245133e-01 -7.502640e-01
    outer loop
      vertex  7.821438e+03  5.899889e+03  6.694933e+03
      vertex  7.400030e+03  5.778051e+03  6.715397e+03
      vertex  7.400030e+03  5.785417e+03  6.721529e+03
    endloop
  endfacet
  facet normal -2.172176e-01  6.255441e-01 -7.493405e-01
    outer loop
      vertex  7.821438e+03  5.899889e+03  6.694933e+03
      vertex  7.400030e+03  5.785417e+03  6.721529e+03
      vertex  7.400030e+03  5.792777e+03  6.727673e+03
    endloop
  endfacet
  facet normal -2.173881e-01  6.264656e-01 -7.485207e-01
    outer loop
      vertex  7.821438e+03  5.899889e+03  6.694933e+03
      vertex  7.400030e+03  5.792777e+03  6.727673e+03
      vertex  7.400031e+03  5.800130e+03  6.733827e+03
    endloop
  endfacet
  facet normal -2.175421e-01  6.274576e-01 -7.476447e-01
    outer loop
      vertex  7.821438e+03  5.899889e+03  6.694933e+03
      vertex  7.400031e+03  5.800130e+03  6.733827e+03
      vertex  7.400031e+03  5.807477e+03  6.739993e+03
    endloop
  endfacet
  facet normal -2.177271e-01  6.289324e-01 -7.463504e-01
    outer loop
      vertex  7.821438e+03  5.899889e+03  6.694933e+03
      vertex  7.400031e+03  5.807477e+03  6.739993e+03
      vertex  7.400032e+03  5.822150e+03  6.752357e+03
    endloop
  endfacet
  facet normal -2.178605e-01  6.309337e-01 -7.446203e-01
    outer loop
      vertex  7.821438e+03  5.899889e+03  6.694933e+03
      vertex  7.400032e+03  5.822150e+03  6.752357e+03
      vertex  7.400032e+03  5.836797e+03  6.764768e+03
    endloop
  endfacet
  facet normal -2.178778e-01  6.329638e-01 -7.428903e-01
    outer loop
      vertex  7.821438e+03  5.899889e+03  6.694933e+03
      vertex  7.400032e+03  5.836797e+03  6.764768e+03
      vertex  7.400033e+03  5.851417e+03  6.777224e+03
    endloop
  endfacet
  facet normal -2.170330e-01  6.491876e-01 -7.290077e-01
    outer loop
      vertex  7.821438e+03  5.899889e+03  6.694933e+03
      vertex  7.400033e+03  5.851417e+03  6.777224e+03
      vertex  7.821348e+03  6.043882e+03  6.823187e+03
    endloop
  endfacet
  facet normal -2.095971e-01  6.361455e-01 -7.425551e-01
    outer loop
      vertex  7.821348e+03  6.043882e+03  6.823187e+03
      vertex  7.400033e+03  5.851417e+03  6.777224e+03
      vertex  7.400034e+03  5.866009e+03  6.789725e+03
    endloop
  endfacet
  facet normal -2.105635e-01  6.380717e-01 -7.406265e-01
    outer loop
      vertex  7.821348e+03  6.043882e+03  6.823187e+03
      vertex  7.400034e+03  5.866009e+03  6.789725e+03
      vertex  7.400035e+03  5.880574e+03  6.802273e+03
    endloop
  endfacet
  facet normal -2.114000e-01  6.399874e-01 -7.387328e-01
    outer loop
      vertex  7.821348e+03  6.043882e+03  6.823187e+03
      vertex  7.400035e+03  5.880574e+03  6.802273e+03
      vertex  7.400035e+03  5.895112e+03  6.814867e+03
    endloop
  endfacet
  facet normal -2.124904e-01  6.429151e-01 -7.358722e-01
    outer loop
      vertex  7.821348e+03  6.043882e+03  6.823187e+03
      vertex  7.400035e+03  5.895112e+03  6.814867e+03
      vertex  7.400037e+03  5.924103e+03  6.840195e+03
    endloop
  endfacet
  facet normal -2.139638e-01  6.489086e-01 -7.301624e-01
    outer loop
      vertex  7.821348e+03  6.043882e+03  6.823187e+03
      vertex  7.400037e+03  5.924103e+03  6.840195e+03
      vertex  7.400040e+03  5.981740e+03  6.891418e+03
    endloop
  endfacet
  facet normal -2.139776e-01  6.551481e-01 -7.245651e-01
    outer loop
      vertex  7.821348e+03  6.043882e+03  6.823187e+03
      vertex  7.400040e+03  5.981740e+03  6.891418e+03
      vertex  7.400042e+03  6.010384e+03  6.917317e+03
    endloop
  endfacet
  facet normal -2.121825e-01  6.702507e-01 -7.111558e-01
    outer loop
      vertex  7.821348e+03  6.043882e+03  6.823187e+03
      vertex  7.400042e+03  6.010384e+03  6.917317e+03
      vertex  7.821259e+03  6.184862e+03  6.956083e+03
    endloop
  endfacet
  facet normal -2.070954e-01  6.603442e-01 -7.218428e-01
    outer loop
      vertex  7.821259e+03  6.184862e+03  6.956083e+03
      vertex  7.400042e+03  6.010384e+03  6.917317e+03
      vertex  7.400043e+03  6.038907e+03  6.943410e+03
    endloop
  endfacet
  facet normal -2.082244e-01  6.633356e-01 -7.187687e-01
    outer loop
      vertex  7.821259e+03  6.184862e+03  6.956083e+03
      vertex  7.400043e+03  6.038907e+03  6.943410e+03
      vertex  7.400044e+03  6.053124e+03  6.956529e+03
    endloop
  endfacet
  facet normal -2.088635e-01  6.653860e-01 -7.166850e-01
    outer loop
      vertex  7.821259e+03  6.184862e+03  6.956083e+03
      vertex  7.400044e+03  6.053124e+03  6.956529e+03
      vertex  7.400045e+03  6.067309e+03  6.969699e+03
    endloop
  endfacet
  facet normal -2.093587e-01  6.673935e-01 -7.146711e-01
    outer loop
      vertex  7.821259e+03  6.184862e+03  6.956083e+03
      vertex  7.400045e+03  6.067309e+03  6.969699e+03
      vertex  7.400046e+03  6.081463e+03  6.982917e+03
    endloop
  endfacet
  facet normal -2.097415e-01  6.694927e-01 -7.125924e-01
    outer loop
      vertex  7.821259e+03  6.184862e+03  6.956083e+03
      vertex  7.400046e+03  6.081463e+03  6.982917e+03
      vertex  7.400047e+03  6.095586e+03  6.996186e+03
    endloop
  endfacet
  facet normal -2.099890e-01  6.715736e-01 -7.105585e-01
    outer loop
      vertex  7.821259e+03  6.184862e+03  6.956083e+03
      vertex  7.400047e+03  6.095586e+03  6.996186e+03
      vertex  7.400048e+03  6.109678e+03  7.009504e+03
    endloop
  endfacet
  facet normal -2.101078e-01  6.736901e-01 -7.085170e-01
    outer loop
      vertex  7.821259e+03  6.184862e+03  6.956083e+03
      vertex  7.400048e+03  6.109678e+03  7.009504e+03
      vertex  7.400049e+03  6.123738e+03  7.022873e+03
    endloop
  endfacet
  facet normal -2.099096e-01  6.941708e-01 -6.885236e-01
    outer loop
      vertex  7.821259e+03  6.184862e+03  6.956083e+03
      vertex  7.400049e+03  6.123738e+03  7.022873e+03
      vertex  7.821149e+03  6.356419e+03  7.129081e+03
    endloop
  endfacet
  facet normal -2.056278e-01  6.948180e-01 -6.891627e-01
    outer loop
      vertex  7.821259e+03  6.184862e+03  6.956083e+03
      vertex  7.821149e+03  6.356419e+03  7.129081e+03
      vertex  8.242016e+03  6.332391e+03  6.979281e+03
    endloop
  endfacet
  facet normal -2.056061e-01  6.947653e-01 -6.892222e-01
    outer loop
      vertex  7.821259e+03  6.184862e+03  6.956083e+03
      vertex  8.242016e+03  6.332391e+03  6.979281e+03
      vertex  8.242114e+03  6.244980e+03  6.891138e+03
    endloop
  endfacet
  facet normal -1.958266e-01  6.778612e-01 -7.086297e-01
    outer loop
      vertex  7.821149e+03  6.356419e+03  7.129081e+03
      vertex  7.400049e+03  6.123738e+03  7.022873e+03
      vertex  7.400050e+03  6.137767e+03  7.036292e+03
    endloop
  endfacet
  facet normal -1.973440e-01  6.798108e-01 -7.063375e-01
    outer loop
      vertex  7.821149e+03  6.356419e+03  7.129081e+03
      vertex  7.400050e+03  6.137767e+03  7.036292e+03
      vertex  7.400051e+03  6.151762e+03  7.049761e+03
    endloop
  endfacet
  facet normal -1.987161e-01  6.817566e-01 -7.040736e-01
    outer loop
      vertex  7.821149e+03  6.356419e+03  7.129081e+03
      vertex  7.400051e+03  6.151762e+03  7.049761e+03
      vertex  7.400052e+03  6.165726e+03  7.063282e+03
    endloop
  endfacet
  facet normal -1.999740e-01  6.837448e-01 -7.017859e-01
    outer loop
      vertex  7.821149e+03  6.356419e+03  7.129081e+03
      vertex  7.400052e+03  6.165726e+03  7.063282e+03
      vertex  7.400053e+03  6.179656e+03  7.076854e+03
    endloop
  endfacet
  facet normal -2.010826e-01  6.857213e-01 -6.995371e-01
    outer loop
      vertex  7.821149e+03  6.356419e+03  7.129081e+03
      vertex  7.400053e+03  6.179656e+03  7.076854e+03
      vertex  7.400054e+03  6.193554e+03  7.090477e+03
    endloop
  endfacet
  facet normal -2.020801e-01  6.877577e-01 -6.972467e-01
    outer loop
      vertex  7.821149e+03  6.356419e+03  7.129081e+03
      vertex  7.400054e+03  6.193554e+03  7.090477e+03
      vertex  7.400055e+03  6.207418e+03  7.104152e+03
    endloop
  endfacet
  facet normal -2.029302e-01  6.897834e-01 -6.949952e-01
    outer loop
      vertex  7.821149e+03  6.356419e+03  7.129081e+03
      vertex  7.400055e+03  6.207418e+03  7.104152e+03
      vertex  7.400056e+03  6.221250e+03  7.117879e+03
    endloop
  endfacet
  facet normal -2.034671e-01  6.913165e-01 -6.933129e-01
    outer loop
      vertex  7.821149e+03  6.356419e+03  7.129081e+03
      vertex  7.400056e+03  6.221250e+03  7.117879e+03
      vertex  7.400057e+03  6.228152e+03  7.124762e+03
    endloop
  endfacet
  facet normal -2.038003e-01  6.923716e-01 -6.921611e-01
    outer loop
      vertex  7.821149e+03  6.356419e+03  7.129081e+03
      vertex  7.400057e+03  6.228152e+03  7.124762e+03
      vertex  7.400057e+03  6.235046e+03  7.131658e+03
    endloop
  endfacet
  facet normal -2.040915e-01  6.934057e-01 -6.910391e-01
    outer loop
      vertex  7.821149e+03  6.356419e+03  7.129081e+03
      vertex  7.400057e+03  6.235046e+03  7.131658e+03
      vertex  7.400058e+03  6.241932e+03  7.138567e+03
    endloop
  endfacet
  facet normal -2.043481e-01  6.944423e-01 -6.899214e-01
    outer loop
      vertex  7.821149e+03  6.356419e+03  7.129081e+03
      vertex  7.400058e+03  6.241932e+03  7.138567e+03
      vertex  7.400058e+03  6.248810e+03  7.145490e+03
    endloop
  endfacet
  facet normal -2.045753e-01  6.955053e-01 -6.887826e-01
    outer loop
      vertex  7.821149e+03  6.356419e+03  7.129081e+03
      vertex  7.400058e+03  6.248810e+03  7.145490e+03
      vertex  7.400059e+03  6.255678e+03  7.152425e+03
    endloop
  endfacet
  facet normal -2.047643e-01  6.965538e-01 -6.876658e-01
    outer loop
      vertex  7.821149e+03  6.356419e+03  7.129081e+03
      vertex  7.400059e+03  6.255678e+03  7.152425e+03
      vertex  7.400060e+03  6.262539e+03  7.159374e+03
    endloop
  endfacet
  facet normal -2.049201e-01  6.976150e-01 -6.865429e-01
    outer loop
      vertex  7.821149e+03  6.356419e+03  7.129081e+03
      vertex  7.400060e+03  6.262539e+03  7.159374e+03
      vertex  7.400060e+03  6.269390e+03  7.166336e+03
    endloop
  endfacet
  facet normal -2.050418e-01  6.986858e-01 -6.854166e-01
    outer loop
      vertex  7.821149e+03  6.356419e+03  7.129081e+03
      vertex  7.400060e+03  6.269390e+03  7.166336e+03
      vertex  7.400061e+03  6.276233e+03  7.173311e+03
    endloop
  endfacet
  facet normal -2.051283e-01  6.997593e-01 -6.842948e-01
    outer loop
      vertex  7.821149e+03  6.356419e+03  7.129081e+03
      vertex  7.400061e+03  6.276233e+03  7.173311e+03
      vertex  7.400061e+03  6.283067e+03  7.180299e+03
    endloop
  endfacet
  facet normal -2.051799e-01  7.008349e-01 -6.831776e-01
    outer loop
      vertex  7.821149e+03  6.356419e+03  7.129081e+03
      vertex  7.400061e+03  6.283067e+03  7.180299e+03
      vertex  7.400062e+03  6.289893e+03  7.187301e+03
    endloop
  endfacet
  facet normal -2.051968e-01  7.019454e-01 -6.820316e-01
    outer loop
      vertex  7.821149e+03  6.356419e+03  7.129081e+03
      vertex  7.400062e+03  6.289893e+03  7.187301e+03
      vertex  7.400063e+03  6.296709e+03  7.194316e+03
    endloop
  endfacet
  facet normal -2.049392e-01  7.149540e-01 -6.684616e-01
    outer loop
      vertex  7.821149e+03  6.356419e+03  7.129081e+03
      vertex  7.400063e+03  6.296709e+03  7.194316e+03
      vertex  7.821094e+03  6.441158e+03  7.219731e+03
    endloop
  endfacet
  facet normal -1.952552e-01  7.164017e-01 -6.698090e-01
    outer loop
      vertex  7.821149e+03  6.356419e+03  7.129081e+03
      vertex  7.821094e+03  6.441158e+03  7.219731e+03
      vertex  8.241787e+03  6.530549e+03  7.192705e+03
    endloop
  endfacet
  facet normal -2.001884e-01  7.245536e-01 -6.595048e-01
    outer loop
      vertex  7.821149e+03  6.356419e+03  7.129081e+03
      vertex  8.241787e+03  6.530549e+03  7.192705e+03
      vertex  8.241917e+03  6.418345e+03  7.069394e+03
    endloop
  endfacet
  facet normal -2.002643e-01  7.088402e-01 -6.763429e-01
    outer loop
      vertex  7.821149e+03  6.356419e+03  7.129081e+03
      vertex  8.241917e+03  6.418345e+03  7.069394e+03
      vertex  8.242016e+03  6.332391e+03  6.979281e+03
    endloop
  endfacet
  facet normal -2.002987e-01  7.037454e-01 -6.816325e-01
    outer loop
      vertex  7.821094e+03  6.441158e+03  7.219731e+03
      vertex  7.400063e+03  6.296709e+03  7.194316e+03
      vertex  7.400063e+03  6.303517e+03  7.201345e+03
    endloop
  endfacet
  facet normal -2.006747e-01  7.047431e-01 -6.804901e-01
    outer loop
      vertex  7.821094e+03  6.441158e+03  7.219731e+03
      vertex  7.400063e+03  6.303517e+03  7.201345e+03
      vertex  7.400063e+03  6.310316e+03  7.208386e+03
    endloop
  endfacet
  facet normal -2.010473e-01  7.058344e-01 -6.792479e-01
    outer loop
      vertex  7.821094e+03  6.441158e+03  7.219731e+03
      vertex  7.400063e+03  6.310316e+03  7.208386e+03
      vertex  7.400064e+03  6.317106e+03  7.215442e+03
    endloop
  endfacet
  facet normal -2.013545e-01  7.068377e-01 -6.781128e-01
    outer loop
      vertex  7.821094e+03  6.441158e+03  7.219731e+03
      vertex  7.400064e+03  6.317106e+03  7.215442e+03
      vertex  7.400064e+03  6.323887e+03  7.222510e+03
    endloop
  endfacet
  facet normal -2.016472e-01  7.079173e-01 -6.768984e-01
    outer loop
      vertex  7.821094e+03  6.441158e+03  7.219731e+03
      vertex  7.400064e+03  6.323887e+03  7.222510e+03
      vertex  7.400065e+03  6.330660e+03  7.229593e+03
    endloop
  endfacet
  facet normal -2.018891e-01  7.089412e-01 -6.757537e-01
    outer loop
      vertex  7.821094e+03  6.441158e+03  7.219731e+03
      vertex  7.400065e+03  6.330660e+03  7.229593e+03
      vertex  7.400066e+03  6.337423e+03  7.236688e+03
    endloop
  endfacet
  facet normal -2.021022e-01  7.099981e-01 -6.745794e-01
    outer loop
      vertex  7.821094e+03  6.441158e+03  7.219731e+03
      vertex  7.400066e+03  6.337423e+03  7.236688e+03
      vertex  7.400066e+03  6.344178e+03  7.243797e+03
    endloop
  endfacet
  facet normal -2.022869e-01  7.111026e-01 -6.733596e-01
    outer loop
      vertex  7.821094e+03  6.441158e+03  7.219731e+03
      vertex  7.400066e+03  6.344178e+03  7.243797e+03
      vertex  7.400067e+03  6.350923e+03  7.250920e+03
    endloop
  endfacet
  facet normal -2.024259e-01  7.121477e-01 -6.722124e-01
    outer loop
      vertex  7.821094e+03  6.441158e+03  7.219731e+03
      vertex  7.400067e+03  6.350923e+03  7.250920e+03
      vertex  7.400068e+03  6.357659e+03  7.258057e+03
    endloop
  endfacet
  facet normal -2.025305e-01  7.132043e-01 -6.710596e-01
    outer loop
      vertex  7.821094e+03  6.441158e+03  7.219731e+03
      vertex  7.400068e+03  6.357659e+03  7.258057e+03
      vertex  7.400068e+03  6.364387e+03  7.265207e+03
    endloop
  endfacet
  facet normal -2.026031e-01  7.143170e-01 -6.698531e-01
    outer loop
      vertex  7.821094e+03  6.441158e+03  7.219731e+03
      vertex  7.400068e+03  6.364387e+03  7.265207e+03
      vertex  7.400069e+03  6.371105e+03  7.272371e+03
    endloop
  endfacet
  facet normal -2.026372e-01  7.153941e-01 -6.686924e-01
    outer loop
      vertex  7.821094e+03  6.441158e+03  7.219731e+03
      vertex  7.400069e+03  6.371105e+03  7.272371e+03
      vertex  7.400070e+03  6.377814e+03  7.279548e+03
    endloop
  endfacet
  facet normal -2.025762e-01  7.289370e-01 -6.539218e-01
    outer loop
      vertex  7.821094e+03  6.441158e+03  7.219731e+03
      vertex  7.400070e+03  6.377814e+03  7.279548e+03
      vertex  7.821040e+03  6.524366e+03  7.312500e+03
    endloop
  endfacet
  facet normal -1.893760e-01  7.309048e-01 -6.556790e-01
    outer loop
      vertex  7.821094e+03  6.441158e+03  7.219731e+03
      vertex  7.821040e+03  6.524366e+03  7.312500e+03
      vertex  8.241657e+03  6.639842e+03  7.319741e+03
    endloop
  endfacet
  facet normal -1.989055e-01  7.428153e-01 -6.392670e-01
    outer loop
      vertex  7.821094e+03  6.441158e+03  7.219731e+03
      vertex  8.241657e+03  6.639842e+03  7.319741e+03
      vertex  8.241787e+03  6.530549e+03  7.192705e+03
    endloop
  endfacet
  facet normal -1.973911e-01  7.172660e-01 -6.682562e-01
    outer loop
      vertex  7.821040e+03  6.524366e+03  7.312500e+03
      vertex  7.400070e+03  6.377814e+03  7.279548e+03
      vertex  7.400070e+03  6.384514e+03  7.286739e+03
    endloop
  endfacet
  facet normal -1.978181e-01  7.183192e-01 -6.669973e-01
    outer loop
      vertex  7.821040e+03  6.524366e+03  7.312500e+03
      vertex  7.400070e+03  6.384514e+03  7.286739e+03
      vertex  7.400071e+03  6.391204e+03  7.293944e+03
    endloop
  endfacet
  facet normal -1.981933e-01  7.193370e-01 -6.657881e-01
    outer loop
      vertex  7.821040e+03  6.524366e+03  7.312500e+03
      vertex  7.400071e+03  6.391204e+03  7.293944e+03
      vertex  7.400072e+03  6.397886e+03  7.301163e+03
    endloop
  endfacet
  facet normal -1.985434e-01  7.203905e-01 -6.645434e-01
    outer loop
      vertex  7.821040e+03  6.524366e+03  7.312500e+03
      vertex  7.400072e+03  6.397886e+03  7.301163e+03
      vertex  7.400072e+03  6.404558e+03  7.308395e+03
    endloop
  endfacet
  facet normal -1.988442e-01  7.214068e-01 -6.633502e-01
    outer loop
      vertex  7.821040e+03  6.524366e+03  7.312500e+03
      vertex  7.400072e+03  6.404558e+03  7.308395e+03
      vertex  7.400073e+03  6.411221e+03  7.315641e+03
    endloop
  endfacet
  facet normal -1.991284e-01  7.224996e-01 -6.620741e-01
    outer loop
      vertex  7.821040e+03  6.524366e+03  7.312500e+03
      vertex  7.400073e+03  6.411221e+03  7.315641e+03
      vertex  7.400074e+03  6.417874e+03  7.322901e+03
    endloop
  endfacet
  facet normal -1.993612e-01  7.235374e-01 -6.608696e-01
    outer loop
      vertex  7.821040e+03  6.524366e+03  7.312500e+03
      vertex  7.400074e+03  6.417874e+03  7.322901e+03
      vertex  7.400074e+03  6.424518e+03  7.330175e+03
    endloop
  endfacet
  facet normal -1.995629e-01  7.246057e-01 -6.596371e-01
    outer loop
      vertex  7.821040e+03  6.524366e+03  7.312500e+03
      vertex  7.400074e+03  6.424518e+03  7.330175e+03
      vertex  7.400075e+03  6.431153e+03  7.337463e+03
    endloop
  endfacet
  facet normal -1.997285e-01  7.256854e-01 -6.583990e-01
    outer loop
      vertex  7.821040e+03  6.524366e+03  7.312500e+03
      vertex  7.400075e+03  6.431153e+03  7.337463e+03
      vertex  7.400076e+03  6.437778e+03  7.344765e+03
    endloop
  endfacet
  facet normal -1.998519e-01  7.267287e-01 -6.572098e-01
    outer loop
      vertex  7.821040e+03  6.524366e+03  7.312500e+03
      vertex  7.400076e+03  6.437778e+03  7.344765e+03
      vertex  7.400076e+03  6.444394e+03  7.352081e+03
    endloop
  endfacet
  facet normal -1.999463e-01  7.278590e-01 -6.559289e-01
    outer loop
      vertex  7.821040e+03  6.524366e+03  7.312500e+03
      vertex  7.400076e+03  6.444394e+03  7.352081e+03
      vertex  7.400077e+03  6.451000e+03  7.359411e+03
    endloop
  endfacet
  facet normal -2.000064e-01  7.290933e-01 -6.545383e-01
    outer loop
      vertex  7.821040e+03  6.524366e+03  7.312500e+03
      vertex  7.400077e+03  6.451000e+03  7.359411e+03
      vertex  7.400078e+03  6.459793e+03  7.369206e+03
    endloop
  endfacet
  facet normal -2.000078e-01  7.428157e-01 -6.389225e-01
    outer loop
      vertex  7.821040e+03  6.524366e+03  7.312500e+03
      vertex  7.400078e+03  6.459793e+03  7.369206e+03
      vertex  7.820987e+03  6.603926e+03  7.405015e+03
    endloop
  endfacet
  facet normal -1.932037e-01  7.438520e-01 -6.398097e-01
    outer loop
      vertex  7.821040e+03  6.524366e+03  7.312500e+03
      vertex  7.820987e+03  6.603926e+03  7.405015e+03
      vertex  8.241657e+03  6.639842e+03  7.319741e+03
    endloop
  endfacet
  facet normal -1.948192e-01  7.313157e-01 -6.536229e-01
    outer loop
      vertex  7.820987e+03  6.603926e+03  7.405015e+03
      vertex  7.400078e+03  6.459793e+03  7.369206e+03
      vertex  7.400079e+03  6.468570e+03  7.379026e+03
    endloop
  endfacet
  facet normal -1.953783e-01  7.327200e-01 -6.518809e-01
    outer loop
      vertex  7.820987e+03  6.603926e+03  7.405015e+03
      vertex  7.400079e+03  6.468570e+03  7.379026e+03
      vertex  7.400080e+03  6.477330e+03  7.388871e+03
    endloop
  endfacet
  facet normal -1.958626e-01  7.341115e-01 -6.501678e-01
    outer loop
      vertex  7.820987e+03  6.603926e+03  7.405015e+03
      vertex  7.400080e+03  6.477330e+03  7.388871e+03
      vertex  7.400081e+03  6.486072e+03  7.398742e+03
    endloop
  endfacet
  facet normal -1.962743e-01  7.354922e-01 -6.484811e-01
    outer loop
      vertex  7.820987e+03  6.603926e+03  7.405015e+03
      vertex  7.400081e+03  6.486072e+03  7.398742e+03
      vertex  7.400082e+03  6.494797e+03  7.408637e+03
    endloop
  endfacet
  facet normal -1.966271e-01  7.369099e-01 -6.467625e-01
    outer loop
      vertex  7.820987e+03  6.603926e+03  7.405015e+03
      vertex  7.400082e+03  6.494797e+03  7.408637e+03
      vertex  7.400083e+03  6.503504e+03  7.418558e+03
    endloop
  endfacet
  facet normal -1.969078e-01  7.383146e-01 -6.450727e-01
    outer loop
      vertex  7.820987e+03  6.603926e+03  7.405015e+03
      vertex  7.400083e+03  6.503504e+03  7.418558e+03
      vertex  7.400083e+03  6.512195e+03  7.428504e+03
    endloop
  endfacet
  facet normal -1.971264e-01  7.397591e-01 -6.433487e-01
    outer loop
      vertex  7.820987e+03  6.603926e+03  7.405015e+03
      vertex  7.400083e+03  6.512195e+03  7.428504e+03
      vertex  7.400084e+03  6.520867e+03  7.438476e+03
    endloop
  endfacet
  facet normal -1.972724e-01  7.411731e-01 -6.416743e-01
    outer loop
      vertex  7.820987e+03  6.603926e+03  7.405015e+03
      vertex  7.400084e+03  6.520867e+03  7.438476e+03
      vertex  7.400085e+03  6.529522e+03  7.448473e+03
    endloop
  endfacet
  facet normal -1.973521e-01  7.426096e-01 -6.399868e-01
    outer loop
      vertex  7.820987e+03  6.603926e+03  7.405015e+03
      vertex  7.400085e+03  6.529522e+03  7.448473e+03
      vertex  7.400086e+03  6.538160e+03  7.458496e+03
    endloop
  endfacet
  facet normal -1.974254e-01  7.565160e-01 -6.234635e-01
    outer loop
      vertex  7.820987e+03  6.603926e+03  7.405015e+03
      vertex  7.400086e+03  6.538160e+03  7.458496e+03
      vertex  7.820936e+03  6.681900e+03  7.499646e+03
    endloop
  endfacet
  facet normal -1.883797e-01  7.578909e-01 -6.245915e-01
    outer loop
      vertex  7.820987e+03  6.603926e+03  7.405015e+03
      vertex  7.820936e+03  6.681900e+03  7.499646e+03
      vertex  8.241528e+03  6.746045e+03  7.450627e+03
    endloop
  endfacet
  facet normal -1.904846e-01  7.622163e-01 -6.186613e-01
    outer loop
      vertex  7.820987e+03  6.603926e+03  7.405015e+03
      vertex  8.241528e+03  6.746045e+03  7.450627e+03
      vertex  8.241657e+03  6.639842e+03  7.319741e+03
    endloop
  endfacet
  facet normal -1.919421e-01  7.449005e-01 -6.389691e-01
    outer loop
      vertex  7.820936e+03  6.681900e+03  7.499646e+03
      vertex  7.400086e+03  6.538160e+03  7.458496e+03
      vertex  7.400087e+03  6.546780e+03  7.468544e+03
    endloop
  endfacet
  facet normal -1.925145e-01  7.462742e-01 -6.371915e-01
    outer loop
      vertex  7.820936e+03  6.681900e+03  7.499646e+03
      vertex  7.400087e+03  6.546780e+03  7.468544e+03
      vertex  7.400089e+03  6.555382e+03  7.478618e+03
    endloop
  endfacet
  facet normal -1.930087e-01  7.476289e-01 -6.354514e-01
    outer loop
      vertex  7.820936e+03  6.681900e+03  7.499646e+03
      vertex  7.400089e+03  6.555382e+03  7.478618e+03
      vertex  7.400090e+03  6.563966e+03  7.488718e+03
    endloop
  endfacet
  facet normal -1.934556e-01  7.490552e-01 -6.336334e-01
    outer loop
      vertex  7.820936e+03  6.681900e+03  7.499646e+03
      vertex  7.400090e+03  6.563966e+03  7.488718e+03
      vertex  7.400091e+03  6.572532e+03  7.498844e+03
    endloop
  endfacet
  facet normal -1.938143e-01  7.504228e-01 -6.319031e-01
    outer loop
      vertex  7.820936e+03  6.681900e+03  7.499646e+03
      vertex  7.400091e+03  6.572532e+03  7.498844e+03
      vertex  7.400092e+03  6.581081e+03  7.508995e+03
    endloop
  endfacet
  facet normal -1.941182e-01  7.518584e-01 -6.301010e-01
    outer loop
      vertex  7.820936e+03  6.681900e+03  7.499646e+03
      vertex  7.400092e+03  6.581081e+03  7.508995e+03
      vertex  7.400093e+03  6.589610e+03  7.519173e+03
    endloop
  endfacet
  facet normal -1.943428e-01  7.532493e-01 -6.283681e-01
    outer loop
      vertex  7.820936e+03  6.681900e+03  7.499646e+03
      vertex  7.400093e+03  6.589610e+03  7.519173e+03
      vertex  7.400094e+03  6.598123e+03  7.529376e+03
    endloop
  endfacet
  facet normal -1.945067e-01  7.547160e-01 -6.265547e-01
    outer loop
      vertex  7.820936e+03  6.681900e+03  7.499646e+03
      vertex  7.400094e+03  6.598123e+03  7.529376e+03
      vertex  7.400095e+03  6.606616e+03  7.539606e+03
    endloop
  endfacet
  facet normal -1.945938e-01  7.561117e-01 -6.248428e-01
    outer loop
      vertex  7.820936e+03  6.681900e+03  7.499646e+03
      vertex  7.400095e+03  6.606616e+03  7.539606e+03
      vertex  7.400096e+03  6.615091e+03  7.549862e+03
    endloop
  endfacet
  facet normal -1.947639e-01  7.736184e-01 -6.029774e-01
    outer loop
      vertex  7.820936e+03  6.681900e+03  7.499646e+03
      vertex  7.400096e+03  6.615091e+03  7.549862e+03
      vertex  7.820857e+03  6.797197e+03  7.647596e+03
    endloop
  endfacet
  facet normal -1.835486e-01  7.592143e-01 -6.244226e-01
    outer loop
      vertex  7.820857e+03  6.797197e+03  7.647596e+03
      vertex  7.400096e+03  6.615091e+03  7.549862e+03
      vertex  7.400097e+03  6.623548e+03  7.560144e+03
    endloop
  endfacet
  facet normal -1.844853e-01  7.605344e-01 -6.225371e-01
    outer loop
      vertex  7.820857e+03  6.797197e+03  7.647596e+03
      vertex  7.400097e+03  6.623548e+03  7.560144e+03
      vertex  7.400099e+03  6.631986e+03  7.570453e+03
    endloop
  endfacet
  facet normal -1.853460e-01  7.618531e-01 -6.206663e-01
    outer loop
      vertex  7.820857e+03  6.797197e+03  7.647596e+03
      vertex  7.400099e+03  6.631986e+03  7.570453e+03
      vertex  7.400100e+03  6.640406e+03  7.580788e+03
    endloop
  endfacet
  facet normal -1.861466e-01  7.631953e-01 -6.187749e-01
    outer loop
      vertex  7.820857e+03  6.797197e+03  7.647596e+03
      vertex  7.400100e+03  6.640406e+03  7.580788e+03
      vertex  7.400101e+03  6.648807e+03  7.591149e+03
    endloop
  endfacet
  facet normal -1.868673e-01  7.645290e-01 -6.169084e-01
    outer loop
      vertex  7.820857e+03  6.797197e+03  7.647596e+03
      vertex  7.400101e+03  6.648807e+03  7.591149e+03
      vertex  7.400102e+03  6.657189e+03  7.601537e+03
    endloop
  endfacet
  facet normal -1.875184e-01  7.658717e-01 -6.150425e-01
    outer loop
      vertex  7.820857e+03  6.797197e+03  7.647596e+03
      vertex  7.400102e+03  6.657189e+03  7.601537e+03
      vertex  7.400103e+03  6.665553e+03  7.611951e+03
    endloop
  endfacet
  facet normal -1.881002e-01  7.672257e-01 -6.131745e-01
    outer loop
      vertex  7.820857e+03  6.797197e+03  7.647596e+03
      vertex  7.400103e+03  6.665553e+03  7.611951e+03
      vertex  7.400104e+03  6.673898e+03  7.622392e+03
    endloop
  endfacet
  facet normal -1.886161e-01  7.686010e-01 -6.112907e-01
    outer loop
      vertex  7.820857e+03  6.797197e+03  7.647596e+03
      vertex  7.400104e+03  6.673898e+03  7.622392e+03
      vertex  7.400105e+03  6.682224e+03  7.632860e+03
    endloop
  endfacet
  facet normal -1.890519e-01  7.699593e-01 -6.094439e-01
    outer loop
      vertex  7.820857e+03  6.797197e+03  7.647596e+03
      vertex  7.400105e+03  6.682224e+03  7.632860e+03
      vertex  7.400106e+03  6.690530e+03  7.643354e+03
    endloop
  endfacet
  facet normal -1.894252e-01  7.713565e-01 -6.075583e-01
    outer loop
      vertex  7.820857e+03  6.797197e+03  7.647596e+03
      vertex  7.400106e+03  6.690530e+03  7.643354e+03
      vertex  7.400108e+03  6.698818e+03  7.653875e+03
    endloop
  endfacet
  facet normal -1.897203e-01  7.727368e-01 -6.057096e-01
    outer loop
      vertex  7.820857e+03  6.797197e+03  7.647596e+03
      vertex  7.400108e+03  6.698818e+03  7.653875e+03
      vertex  7.400109e+03  6.707086e+03  7.664424e+03
    endloop
  endfacet
  facet normal -1.899473e-01  7.741467e-01 -6.038353e-01
    outer loop
      vertex  7.820857e+03  6.797197e+03  7.647596e+03
      vertex  7.400109e+03  6.707086e+03  7.664424e+03
      vertex  7.400110e+03  6.715335e+03  7.674999e+03
    endloop
  endfacet
  facet normal -1.901000e-01  7.755529e-01 -6.019798e-01
    outer loop
      vertex  7.820857e+03  6.797197e+03  7.647596e+03
      vertex  7.400110e+03  6.715335e+03  7.674999e+03
      vertex  7.400111e+03  6.723565e+03  7.685601e+03
    endloop
  endfacet
  facet normal -1.901803e-01  7.769683e-01 -6.001264e-01
    outer loop
      vertex  7.820857e+03  6.797197e+03  7.647596e+03
      vertex  7.400111e+03  6.723565e+03  7.685601e+03
      vertex  7.400113e+03  6.731775e+03  7.696230e+03
    endloop
  endfacet
  facet normal -1.902007e-01  7.941765e-01 -5.771546e-01
    outer loop
      vertex  7.820857e+03  6.797197e+03  7.647596e+03
      vertex  7.400113e+03  6.731775e+03  7.696230e+03
      vertex  7.820781e+03  6.908456e+03  7.800715e+03
    endloop
  endfacet
  facet normal -1.787223e-01  7.801068e-01 -5.995764e-01
    outer loop
      vertex  7.820781e+03  6.908456e+03  7.800715e+03
      vertex  7.400113e+03  6.731775e+03  7.696230e+03
      vertex  7.400114e+03  6.739966e+03  7.706887e+03
    endloop
  endfacet
  facet normal -1.796798e-01  7.813991e-01 -5.976040e-01
    outer loop
      vertex  7.820781e+03  6.908456e+03  7.800715e+03
      vertex  7.400114e+03  6.739966e+03  7.706887e+03
      vertex  7.400115e+03  6.748137e+03  7.717571e+03
    endloop
  endfacet
  facet normal -1.805644e-01  7.826984e-01 -5.956339e-01
    outer loop
      vertex  7.820781e+03  6.908456e+03  7.800715e+03
      vertex  7.400115e+03  6.748137e+03  7.717571e+03
      vertex  7.400117e+03  6.756289e+03  7.728282e+03
    endloop
  endfacet
  facet normal -1.813690e-01  7.839938e-01 -5.936827e-01
    outer loop
      vertex  7.820781e+03  6.908456e+03  7.800715e+03
      vertex  7.400117e+03  6.756289e+03  7.728282e+03
      vertex  7.400118e+03  6.764420e+03  7.739020e+03
    endloop
  endfacet
  facet normal -1.821117e-01  7.853158e-01 -5.917047e-01
    outer loop
      vertex  7.820781e+03  6.908456e+03  7.800715e+03
      vertex  7.400118e+03  6.764420e+03  7.739020e+03
      vertex  7.400119e+03  6.772532e+03  7.749786e+03
    endloop
  endfacet
  facet normal -1.827748e-01  7.866340e-01 -5.897461e-01
    outer loop
      vertex  7.820781e+03  6.908456e+03  7.800715e+03
      vertex  7.400119e+03  6.772532e+03  7.749786e+03
      vertex  7.400121e+03  6.780625e+03  7.760579e+03
    endloop
  endfacet
  facet normal -1.833699e-01  7.879723e-01 -5.877714e-01
    outer loop
      vertex  7.820781e+03  6.908456e+03  7.800715e+03
      vertex  7.400121e+03  6.780625e+03  7.760579e+03
      vertex  7.400122e+03  6.788696e+03  7.771400e+03
    endloop
  endfacet
  facet normal -1.838841e-01  7.893019e-01 -5.858235e-01
    outer loop
      vertex  7.820781e+03  6.908456e+03  7.800715e+03
      vertex  7.400122e+03  6.788696e+03  7.771400e+03
      vertex  7.400123e+03  6.796749e+03  7.782249e+03
    endloop
  endfacet
  facet normal -1.843290e-01  7.906522e-01 -5.838594e-01
    outer loop
      vertex  7.820781e+03  6.908456e+03  7.800715e+03
      vertex  7.400123e+03  6.796749e+03  7.782249e+03
      vertex  7.400125e+03  6.804780e+03  7.793125e+03
    endloop
  endfacet
  facet normal -1.846970e-01  7.920026e-01 -5.819097e-01
    outer loop
      vertex  7.820781e+03  6.908456e+03  7.800715e+03
      vertex  7.400125e+03  6.804780e+03  7.793125e+03
      vertex  7.400126e+03  6.812792e+03  7.804028e+03
    endloop
  endfacet
  facet normal -1.849950e-01  7.933818e-01 -5.799328e-01
    outer loop
      vertex  7.820781e+03  6.908456e+03  7.800715e+03
      vertex  7.400126e+03  6.812792e+03  7.804028e+03
      vertex  7.400127e+03  6.820783e+03  7.814960e+03
    endloop
  endfacet
  facet normal -1.852141e-01  7.947492e-01 -5.779876e-01
    outer loop
      vertex  7.820781e+03  6.908456e+03  7.800715e+03
      vertex  7.400127e+03  6.820783e+03  7.814960e+03
      vertex  7.400128e+03  6.828754e+03  7.825920e+03
    endloop
  endfacet
  facet normal -1.853571e-01  7.961127e-01 -5.760620e-01
    outer loop
      vertex  7.820781e+03  6.908456e+03  7.800715e+03
      vertex  7.400128e+03  6.828754e+03  7.825920e+03
      vertex  7.400130e+03  6.836705e+03  7.836907e+03
    endloop
  endfacet
  facet normal -1.854277e-01  7.975259e-01 -5.740809e-01
    outer loop
      vertex  7.820781e+03  6.908456e+03  7.800715e+03
      vertex  7.400130e+03  6.836705e+03  7.836907e+03
      vertex  7.400131e+03  6.844634e+03  7.847923e+03
    endloop
  endfacet
  facet normal -1.852783e-01  8.143587e-01 -5.499926e-01
    outer loop
      vertex  7.820781e+03  6.908456e+03  7.800715e+03
      vertex  7.400131e+03  6.844634e+03  7.847923e+03
      vertex  7.820706e+03  7.015454e+03  7.959170e+03
    endloop
  endfacet
  facet normal -1.735362e-01  8.006894e-01 -5.733949e-01
    outer loop
      vertex  7.820706e+03  7.015454e+03  7.959170e+03
      vertex  7.400131e+03  6.844634e+03  7.847923e+03
      vertex  7.400133e+03  6.852543e+03  7.858967e+03
    endloop
  endfacet
  facet normal -1.743098e-01  8.016851e-01 -5.717667e-01
    outer loop
      vertex  7.820706e+03  7.015454e+03  7.959170e+03
      vertex  7.400133e+03  6.852543e+03  7.858967e+03
      vertex  7.400134e+03  6.857477e+03  7.865883e+03
    endloop
  endfacet
  facet normal -1.749093e-01  8.024984e-01 -5.704410e-01
    outer loop
      vertex  7.820706e+03  7.015454e+03  7.959170e+03
      vertex  7.400134e+03  6.857477e+03  7.865883e+03
      vertex  7.400135e+03  6.862401e+03  7.872811e+03
    endloop
  endfacet
  facet normal -1.754350e-01  8.032523e-01 -5.692172e-01
    outer loop
      vertex  7.820706e+03  7.015454e+03  7.959170e+03
      vertex  7.400135e+03  6.862401e+03  7.872811e+03
      vertex  7.400135e+03  6.867318e+03  7.879749e+03
    endloop
  endfacet
  facet normal -1.759864e-01  8.040910e-01 -5.678613e-01
    outer loop
      vertex  7.820706e+03  7.015454e+03  7.959170e+03
      vertex  7.400135e+03  6.867318e+03  7.879749e+03
      vertex  7.400136e+03  6.872226e+03  7.886699e+03
    endloop
  endfacet
  facet normal -1.764721e-01  8.048767e-01 -5.665959e-01
    outer loop
      vertex  7.820706e+03  7.015454e+03  7.959170e+03
      vertex  7.400136e+03  6.872226e+03  7.886699e+03
      vertex  7.400137e+03  6.877126e+03  7.893660e+03
    endloop
  endfacet
  facet normal -1.769319e-01  8.056712e-01 -5.653219e-01
    outer loop
      vertex  7.820706e+03  7.015454e+03  7.959170e+03
      vertex  7.400137e+03  6.877126e+03  7.893660e+03
      vertex  7.400138e+03  6.882019e+03  7.900631e+03
    endloop
  endfacet
  facet normal -1.773613e-01  8.064672e-01 -5.640511e-01
    outer loop
      vertex  7.820706e+03  7.015454e+03  7.959170e+03
      vertex  7.400138e+03  6.882019e+03  7.900631e+03
      vertex  7.400139e+03  6.886902e+03  7.907614e+03
    endloop
  endfacet
  facet normal -1.777776e-01  8.072989e-01 -5.627286e-01
    outer loop
      vertex  7.820706e+03  7.015454e+03  7.959170e+03
      vertex  7.400139e+03  6.886902e+03  7.907614e+03
      vertex  7.400140e+03  6.891778e+03  7.914608e+03
    endloop
  endfacet
  facet normal -1.781351e-01  8.080731e-01 -5.615032e-01
    outer loop
      vertex  7.820706e+03  7.015454e+03  7.959170e+03
      vertex  7.400140e+03  6.891778e+03  7.914608e+03
      vertex  7.400141e+03  6.896646e+03  7.921613e+03
    endloop
  endfacet
  facet normal -1.784917e-01  8.089155e-01 -5.601754e-01
    outer loop
      vertex  7.820706e+03  7.015454e+03  7.959170e+03
      vertex  7.400141e+03  6.896646e+03  7.921613e+03
      vertex  7.400142e+03  6.901504e+03  7.928629e+03
    endloop
  endfacet
  facet normal -1.787973e-01  8.097096e-01 -5.589291e-01
    outer loop
      vertex  7.820706e+03  7.015454e+03  7.959170e+03
      vertex  7.400142e+03  6.901504e+03  7.928629e+03
      vertex  7.400143e+03  6.906355e+03  7.935656e+03
    endloop
  endfacet
  facet normal -1.790906e-01  8.105553e-01 -5.576079e-01
    outer loop
      vertex  7.820706e+03  7.015454e+03  7.959170e+03
      vertex  7.400143e+03  6.906355e+03  7.935656e+03
      vertex  7.400144e+03  6.911198e+03  7.942695e+03
    endloop
  endfacet
  facet normal -1.793368e-01  8.113526e-01 -5.563681e-01
    outer loop
      vertex  7.820706e+03  7.015454e+03  7.959170e+03
      vertex  7.400144e+03  6.911198e+03  7.942695e+03
      vertex  7.400145e+03  6.916032e+03  7.949745e+03
    endloop
  endfacet
  facet normal -1.795623e-01  8.121843e-01 -5.550802e-01
    outer loop
      vertex  7.820706e+03  7.015454e+03  7.959170e+03
      vertex  7.400145e+03  6.916032e+03  7.949745e+03
      vertex  7.400146e+03  6.920858e+03  7.956805e+03
    endloop
  endfacet
  facet normal -1.797579e-01  8.130215e-01 -5.537898e-01
    outer loop
      vertex  7.820706e+03  7.015454e+03  7.959170e+03
      vertex  7.400146e+03  6.920858e+03  7.956805e+03
      vertex  7.400146e+03  6.925675e+03  7.963877e+03
    endloop
  endfacet
  facet normal -1.799130e-01  8.138117e-01 -5.525773e-01
    outer loop
      vertex  7.820706e+03  7.015454e+03  7.959170e+03
      vertex  7.400146e+03  6.925675e+03  7.963877e+03
      vertex  7.400147e+03  6.930485e+03  7.970960e+03
    endloop
  endfacet
  facet normal -1.800518e-01  8.146834e-01 -5.512462e-01
    outer loop
      vertex  7.820706e+03  7.015454e+03  7.959170e+03
      vertex  7.400147e+03  6.930485e+03  7.970960e+03
      vertex  7.400148e+03  6.935286e+03  7.978055e+03
    endloop
  endfacet
  facet normal -1.801544e-01  8.155223e-01 -5.499707e-01
    outer loop
      vertex  7.820706e+03  7.015454e+03  7.959170e+03
      vertex  7.400148e+03  6.935286e+03  7.978055e+03
      vertex  7.400149e+03  6.940078e+03  7.985161e+03
    endloop
  endfacet
  facet normal -1.802255e-01  8.163518e-01 -5.487153e-01
    outer loop
      vertex  7.820706e+03  7.015454e+03  7.959170e+03
      vertex  7.400149e+03  6.940078e+03  7.985161e+03
      vertex  7.400151e+03  6.944862e+03  7.992278e+03
    endloop
  endfacet
  facet normal -1.802668e-01  8.171886e-01 -5.474547e-01
    outer loop
      vertex  7.820706e+03  7.015454e+03  7.959170e+03
      vertex  7.400151e+03  6.944862e+03  7.992278e+03
      vertex  7.400152e+03  6.949637e+03  7.999406e+03
    endloop
  endfacet
  facet normal -1.804084e-01  8.339362e-01 -5.215393e-01
    outer loop
      vertex  7.820706e+03  7.015454e+03  7.959170e+03
      vertex  7.400152e+03  6.949637e+03  7.999406e+03
      vertex  7.820632e+03  7.117972e+03  8.123121e+03
    endloop
  endfacet
  facet normal -1.671875e-01  8.199615e-01 -5.474592e-01
    outer loop
      vertex  7.820632e+03  7.117972e+03  8.123121e+03
      vertex  7.400152e+03  6.949637e+03  7.999406e+03
      vertex  7.400153e+03  6.954404e+03  8.006545e+03
    endloop
  endfacet
  facet normal -1.678621e-01  8.207284e-01 -5.461019e-01
    outer loop
      vertex  7.820632e+03  7.117972e+03  8.123121e+03
      vertex  7.400153e+03  6.954404e+03  8.006545e+03
      vertex  7.400154e+03  6.959163e+03  8.013696e+03
    endloop
  endfacet
  facet normal -1.684853e-01  8.214732e-01 -5.447884e-01
    outer loop
      vertex  7.820632e+03  7.117972e+03  8.123121e+03
      vertex  7.400154e+03  6.959163e+03  8.013696e+03
      vertex  7.400155e+03  6.963913e+03  8.020858e+03
    endloop
  endfacet
  facet normal -1.691079e-01  8.222577e-01 -5.434103e-01
    outer loop
      vertex  7.820632e+03  7.117972e+03  8.123121e+03
      vertex  7.400155e+03  6.963913e+03  8.020858e+03
      vertex  7.400156e+03  6.968654e+03  8.028032e+03
    endloop
  endfacet
  facet normal -1.696573e-01  8.229895e-01 -5.421298e-01
    outer loop
      vertex  7.820632e+03  7.117972e+03  8.123121e+03
      vertex  7.400156e+03  6.968654e+03  8.028032e+03
      vertex  7.400157e+03  6.973387e+03  8.035217e+03
    endloop
  endfacet
  facet normal -1.701981e-01  8.237531e-01 -5.407989e-01
    outer loop
      vertex  7.820632e+03  7.117972e+03  8.123121e+03
      vertex  7.400157e+03  6.973387e+03  8.035217e+03
      vertex  7.400158e+03  6.978111e+03  8.042413e+03
    endloop
  endfacet
  facet normal -1.707229e-01  8.245412e-01 -5.394308e-01
    outer loop
      vertex  7.820632e+03  7.117972e+03  8.123121e+03
      vertex  7.400158e+03  6.978111e+03  8.042413e+03
      vertex  7.400159e+03  6.982827e+03  8.049621e+03
    endloop
  endfacet
  facet normal -1.711961e-01  8.253000e-01 -5.381189e-01
    outer loop
      vertex  7.820632e+03  7.117972e+03  8.123121e+03
      vertex  7.400159e+03  6.982827e+03  8.049621e+03
      vertex  7.400160e+03  6.987534e+03  8.056840e+03
    endloop
  endfacet
  facet normal -1.716560e-01  8.260908e-01 -5.367573e-01
    outer loop
      vertex  7.820632e+03  7.117972e+03  8.123121e+03
      vertex  7.400160e+03  6.987534e+03  8.056840e+03
      vertex  7.400161e+03  6.992232e+03  8.064070e+03
    endloop
  endfacet
  facet normal -1.720709e-01  8.268592e-01 -5.354394e-01
    outer loop
      vertex  7.820632e+03  7.117972e+03  8.123121e+03
      vertex  7.400161e+03  6.992232e+03  8.064070e+03
      vertex  7.400162e+03  6.996922e+03  8.071313e+03
    endloop
  endfacet
  facet normal -1.724535e-01  8.276271e-01 -5.341284e-01
    outer loop
      vertex  7.820632e+03  7.117972e+03  8.123121e+03
      vertex  7.400162e+03  6.996922e+03  8.071313e+03
      vertex  7.400163e+03  7.001604e+03  8.078565e+03
    endloop
  endfacet
  facet normal -1.728215e-01  8.284324e-01 -5.327592e-01
    outer loop
      vertex  7.820632e+03  7.117972e+03  8.123121e+03
      vertex  7.400163e+03  7.001604e+03  8.078565e+03
      vertex  7.400164e+03  7.006276e+03  8.085831e+03
    endloop
  endfacet
  facet normal -1.731463e-01  8.292136e-01 -5.314369e-01
    outer loop
      vertex  7.820632e+03  7.117972e+03  8.123121e+03
      vertex  7.400164e+03  7.006276e+03  8.085831e+03
      vertex  7.400165e+03  7.010939e+03  8.093107e+03
    endloop
  endfacet
  facet normal -1.734307e-01  8.299723e-01 -5.301581e-01
    outer loop
      vertex  7.820632e+03  7.117972e+03  8.123121e+03
      vertex  7.400165e+03  7.010939e+03  8.093107e+03
      vertex  7.400166e+03  7.015595e+03  8.100395e+03
    endloop
  endfacet
  facet normal -1.737059e-01  8.307959e-01 -5.287762e-01
    outer loop
      vertex  7.820632e+03  7.117972e+03  8.123121e+03
      vertex  7.400166e+03  7.015595e+03  8.100395e+03
      vertex  7.400167e+03  7.020241e+03  8.107694e+03
    endloop
  endfacet
  facet normal -1.739312e-01  8.315627e-01 -5.274954e-01
    outer loop
      vertex  7.820632e+03  7.117972e+03  8.123121e+03
      vertex  7.400167e+03  7.020241e+03  8.107694e+03
      vertex  7.400168e+03  7.024878e+03  8.115004e+03
    endloop
  endfacet
  facet normal -1.741434e-01  8.323998e-01 -5.261031e-01
    outer loop
      vertex  7.820632e+03  7.117972e+03  8.123121e+03
      vertex  7.400168e+03  7.024878e+03  8.115004e+03
      vertex  7.400169e+03  7.029507e+03  8.122327e+03
    endloop
  endfacet
  facet normal -1.743034e-01  8.331493e-01 -5.248625e-01
    outer loop
      vertex  7.820632e+03  7.117972e+03  8.123121e+03
      vertex  7.400169e+03  7.029507e+03  8.122327e+03
      vertex  7.400170e+03  7.034127e+03  8.129661e+03
    endloop
  endfacet
  facet normal -1.744504e-01  8.339949e-01 -5.234688e-01
    outer loop
      vertex  7.820632e+03  7.117972e+03  8.123121e+03
      vertex  7.400170e+03  7.034127e+03  8.129661e+03
      vertex  7.400171e+03  7.038738e+03  8.137006e+03
    endloop
  endfacet
  facet normal -1.745535e-01  8.347628e-01 -5.222091e-01
    outer loop
      vertex  7.820632e+03  7.117972e+03  8.123121e+03
      vertex  7.400171e+03  7.038738e+03  8.137006e+03
      vertex  7.400172e+03  7.043340e+03  8.144363e+03
    endloop
  endfacet
  facet normal -1.746331e-01  8.356016e-01 -5.208389e-01
    outer loop
      vertex  7.820632e+03  7.117972e+03  8.123121e+03
      vertex  7.400172e+03  7.043340e+03  8.144363e+03
      vertex  7.400174e+03  7.047934e+03  8.151732e+03
    endloop
  endfacet
  facet normal -1.746782e-01  8.364074e-01 -5.195289e-01
    outer loop
      vertex  7.820632e+03  7.117972e+03  8.123121e+03
      vertex  7.400174e+03  7.047934e+03  8.151732e+03
      vertex  7.400175e+03  7.052518e+03  8.159112e+03
    endloop
  endfacet
  facet normal -1.748898e-01  8.541297e-01 -4.897713e-01
    outer loop
      vertex  7.820632e+03  7.117972e+03  8.123121e+03
      vertex  7.400175e+03  7.052518e+03  8.159112e+03
      vertex  7.820551e+03  7.229371e+03  8.317422e+03
    endloop
  endfacet
  facet normal -1.652910e-01  8.555688e-01 -4.905925e-01
    outer loop
      vertex  7.820632e+03  7.117972e+03  8.123121e+03
      vertex  7.820551e+03  7.229371e+03  8.317422e+03
      vertex  8.240877e+03  7.236926e+03  8.188981e+03
    endloop
  endfacet
  facet normal -1.666006e-01  8.577911e-01 -4.862496e-01
    outer loop
      vertex  7.820632e+03  7.117972e+03  8.123121e+03
      vertex  8.240877e+03  7.236926e+03  8.188981e+03
      vertex  8.240957e+03  7.181069e+03  8.090417e+03
    endloop
  endfacet
  facet normal -1.575345e-01  8.396859e-01 -5.197214e-01
    outer loop
      vertex  7.820551e+03  7.229371e+03  8.317422e+03
      vertex  7.400175e+03  7.052518e+03  8.159112e+03
      vertex  7.400176e+03  7.057093e+03  8.166504e+03
    endloop
  endfacet
  facet normal -1.583163e-01  8.403888e-01 -5.183461e-01
    outer loop
      vertex  7.820551e+03  7.229371e+03  8.317422e+03
      vertex  7.400176e+03  7.057093e+03  8.166504e+03
      vertex  7.400177e+03  7.061660e+03  8.173908e+03
    endloop
  endfacet
  facet normal -1.590744e-01  8.411007e-01 -5.169574e-01
    outer loop
      vertex  7.820551e+03  7.229371e+03  8.317422e+03
      vertex  7.400177e+03  7.061660e+03  8.173908e+03
      vertex  7.400178e+03  7.066218e+03  8.181323e+03
    endloop
  endfacet
  facet normal -1.597952e-01  8.418091e-01 -5.155801e-01
    outer loop
      vertex  7.820551e+03  7.229371e+03  8.317422e+03
      vertex  7.400178e+03  7.066218e+03  8.181323e+03
      vertex  7.400179e+03  7.070767e+03  8.188750e+03
    endloop
  endfacet
  facet normal -1.605214e-01  8.425574e-01 -5.141302e-01
    outer loop
      vertex  7.820551e+03  7.229371e+03  8.317422e+03
      vertex  7.400179e+03  7.070767e+03  8.188750e+03
      vertex  7.400181e+03  7.075306e+03  8.196188e+03
    endloop
  endfacet
  facet normal -1.611609e-01  8.432500e-01 -5.127929e-01
    outer loop
      vertex  7.820551e+03  7.229371e+03  8.317422e+03
      vertex  7.400181e+03  7.075306e+03  8.196188e+03
      vertex  7.400182e+03  7.079837e+03  8.203639e+03
    endloop
  endfacet
  facet normal -1.618031e-01  8.439828e-01 -5.113832e-01
    outer loop
      vertex  7.820551e+03  7.229371e+03  8.317422e+03
      vertex  7.400182e+03  7.079837e+03  8.203639e+03
      vertex  7.400183e+03  7.084358e+03  8.211101e+03
    endloop
  endfacet
  facet normal -1.623974e-01  8.446989e-01 -5.100105e-01
    outer loop
      vertex  7.820551e+03  7.229371e+03  8.317422e+03
      vertex  7.400183e+03  7.084358e+03  8.211101e+03
      vertex  7.400184e+03  7.088871e+03  8.218574e+03
    endloop
  endfacet
  facet normal -1.629697e-01  8.454297e-01 -5.086153e-01
    outer loop
      vertex  7.820551e+03  7.229371e+03  8.317422e+03
      vertex  7.400184e+03  7.088871e+03  8.218574e+03
      vertex  7.400185e+03  7.093375e+03  8.226060e+03
    endloop
  endfacet
  facet normal -1.634959e-01  8.461437e-01 -5.072571e-01
    outer loop
      vertex  7.820551e+03  7.229371e+03  8.317422e+03
      vertex  7.400185e+03  7.093375e+03  8.226060e+03
      vertex  7.400186e+03  7.097869e+03  8.233557e+03
    endloop
  endfacet
  facet normal -1.640081e-01  8.468853e-01 -5.058523e-01
    outer loop
      vertex  7.820551e+03  7.229371e+03  8.317422e+03
      vertex  7.400186e+03  7.097869e+03  8.233557e+03
      vertex  7.400188e+03  7.102354e+03  8.241065e+03
    endloop
  endfacet
  facet normal -1.644816e-01  8.476196e-01 -5.044669e-01
    outer loop
      vertex  7.820551e+03  7.229371e+03  8.317422e+03
      vertex  7.400188e+03  7.102354e+03  8.241065e+03
      vertex  7.400188e+03  7.106831e+03  8.248586e+03
    endloop
  endfacet
  facet normal -1.649142e-01  8.483414e-01 -5.031104e-01
    outer loop
      vertex  7.820551e+03  7.229371e+03  8.317422e+03
      vertex  7.400188e+03  7.106831e+03  8.248586e+03
      vertex  7.400190e+03  7.111298e+03  8.256118e+03
    endloop
  endfacet
  facet normal -1.653492e-01  8.491269e-01 -5.016404e-01
    outer loop
      vertex  7.820551e+03  7.229371e+03  8.317422e+03
      vertex  7.400190e+03  7.111298e+03  8.256118e+03
      vertex  7.400191e+03  7.115755e+03  8.263663e+03
    endloop
  endfacet
  facet normal -1.657042e-01  8.498248e-01 -5.003398e-01
    outer loop
      vertex  7.820551e+03  7.229371e+03  8.317422e+03
      vertex  7.400191e+03  7.115755e+03  8.263663e+03
      vertex  7.400192e+03  7.120204e+03  8.271219e+03
    endloop
  endfacet
  facet normal -1.660489e-01  8.505682e-01 -4.989603e-01
    outer loop
      vertex  7.820551e+03  7.229371e+03  8.317422e+03
      vertex  7.400192e+03  7.120204e+03  8.271219e+03
      vertex  7.400193e+03  7.124644e+03  8.278787e+03
    endloop
  endfacet
  facet normal -1.663705e-01  8.513361e-01 -4.975418e-01
    outer loop
      vertex  7.820551e+03  7.229371e+03  8.317422e+03
      vertex  7.400193e+03  7.124644e+03  8.278787e+03
      vertex  7.400194e+03  7.129074e+03  8.286367e+03
    endloop
  endfacet
  facet normal -1.666518e-01  8.520871e-01 -4.961600e-01
    outer loop
      vertex  7.820551e+03  7.229371e+03  8.317422e+03
      vertex  7.400194e+03  7.129074e+03  8.286367e+03
      vertex  7.400196e+03  7.133495e+03  8.293959e+03
    endloop
  endfacet
  facet normal -1.668974e-01  8.528308e-01 -4.947978e-01
    outer loop
      vertex  7.820551e+03  7.229371e+03  8.317422e+03
      vertex  7.400196e+03  7.133495e+03  8.293959e+03
      vertex  7.400197e+03  7.137907e+03  8.301563e+03
    endloop
  endfacet
  facet normal -1.671069e-01  8.535621e-01 -4.934642e-01
    outer loop
      vertex  7.820551e+03  7.229371e+03  8.317422e+03
      vertex  7.400197e+03  7.137907e+03  8.301563e+03
      vertex  7.400198e+03  7.142310e+03  8.309178e+03
    endloop
  endfacet
  facet normal -1.672948e-01  8.543363e-01 -4.920590e-01
    outer loop
      vertex  7.820551e+03  7.229371e+03  8.317422e+03
      vertex  7.400198e+03  7.142310e+03  8.309178e+03
      vertex  7.400200e+03  7.146703e+03  8.316805e+03
    endloop
  endfacet
  facet normal -1.674492e-01  8.551108e-01 -4.906589e-01
    outer loop
      vertex  7.820551e+03  7.229371e+03  8.317422e+03
      vertex  7.400200e+03  7.146703e+03  8.316805e+03
      vertex  7.400201e+03  7.151086e+03  8.324444e+03
    endloop
  endfacet
  facet normal -1.675677e-01  8.558696e-01 -4.892938e-01
    outer loop
      vertex  7.820551e+03  7.229371e+03  8.317422e+03
      vertex  7.400201e+03  7.151086e+03  8.324444e+03
      vertex  7.400202e+03  7.155461e+03  8.332096e+03
    endloop
  endfacet
  facet normal -1.676528e-01  8.566208e-01 -4.879479e-01
    outer loop
      vertex  7.820551e+03  7.229371e+03  8.317422e+03
      vertex  7.400202e+03  7.155461e+03  8.332096e+03
      vertex  7.400203e+03  7.159826e+03  8.339759e+03
    endloop
  endfacet
  facet normal -1.677102e-01  8.574324e-01 -4.865009e-01
    outer loop
      vertex  7.820551e+03  7.229371e+03  8.317422e+03
      vertex  7.400203e+03  7.159826e+03  8.339759e+03
      vertex  7.400205e+03  7.164182e+03  8.347435e+03
    endloop
  endfacet
  facet normal -1.680182e-01  8.699226e-01 -4.636857e-01
    outer loop
      vertex  7.820551e+03  7.229371e+03  8.317422e+03
      vertex  7.400205e+03  7.164182e+03  8.347435e+03
      vertex  7.820511e+03  7.283063e+03  8.418168e+03
    endloop
  endfacet
  facet normal -1.519168e-01  8.722281e-01 -4.649080e-01
    outer loop
      vertex  7.820551e+03  7.229371e+03  8.317422e+03
      vertex  7.820511e+03  7.283063e+03  8.418168e+03
      vertex  8.240692e+03  7.360585e+03  8.426309e+03
    endloop
  endfacet
  facet normal -1.590504e-01  8.802534e-01 -4.470535e-01
    outer loop
      vertex  7.820551e+03  7.229371e+03  8.317422e+03
      vertex  8.240692e+03  7.360585e+03  8.426309e+03
      vertex  8.240798e+03  7.291084e+03  8.289423e+03
    endloop
  endfacet
  facet normal -1.588345e-01  8.689737e-01 -4.686751e-01
    outer loop
      vertex  7.820551e+03  7.229371e+03  8.317422e+03
      vertex  8.240798e+03  7.291084e+03  8.289423e+03
      vertex  8.240877e+03  7.236926e+03  8.188981e+03
    endloop
  endfacet
  facet normal -1.612325e-01  8.590798e-01 -4.857837e-01
    outer loop
      vertex  7.820511e+03  7.283063e+03  8.418168e+03
      vertex  7.400205e+03  7.164182e+03  8.347435e+03
      vertex  7.400206e+03  7.168528e+03  8.355121e+03
    endloop
  endfacet
  facet normal -1.616715e-01  8.598547e-01 -4.842646e-01
    outer loop
      vertex  7.820511e+03  7.283063e+03  8.418168e+03
      vertex  7.400206e+03  7.168528e+03  8.355121e+03
      vertex  7.400207e+03  7.172865e+03  8.362820e+03
    endloop
  endfacet
  facet normal -1.620387e-01  8.605617e-01 -4.828841e-01
    outer loop
      vertex  7.820511e+03  7.283063e+03  8.418168e+03
      vertex  7.400207e+03  7.172865e+03  8.362820e+03
      vertex  7.400208e+03  7.177192e+03  8.370532e+03
    endloop
  endfacet
  facet normal -1.625417e-01  8.616264e-01 -4.808118e-01
    outer loop
      vertex  7.820511e+03  7.283063e+03  8.418168e+03
      vertex  7.400208e+03  7.177192e+03  8.370532e+03
      vertex  7.400211e+03  7.185819e+03  8.385990e+03
    endloop
  endfacet
  facet normal -1.630961e-01  8.630894e-01 -4.779919e-01
    outer loop
      vertex  7.820511e+03  7.283063e+03  8.418168e+03
      vertex  7.400211e+03  7.185819e+03  8.385990e+03
      vertex  7.400213e+03  7.194407e+03  8.401497e+03
    endloop
  endfacet
  facet normal -1.635179e-01  8.645602e-01 -4.751815e-01
    outer loop
      vertex  7.820511e+03  7.283063e+03  8.418168e+03
      vertex  7.400213e+03  7.194407e+03  8.401497e+03
      vertex  7.400216e+03  7.202958e+03  8.417053e+03
    endloop
  endfacet
  facet normal -1.638035e-01  8.660206e-01 -4.724158e-01
    outer loop
      vertex  7.820511e+03  7.283063e+03  8.418168e+03
      vertex  7.400216e+03  7.202958e+03  8.417053e+03
      vertex  7.400219e+03  7.211470e+03  8.432656e+03
    endloop
  endfacet
  facet normal -1.639610e-01  8.675116e-01 -4.696172e-01
    outer loop
      vertex  7.820511e+03  7.283063e+03  8.418168e+03
      vertex  7.400219e+03  7.211470e+03  8.432656e+03
      vertex  7.400221e+03  7.219943e+03  8.448308e+03
    endloop
  endfacet
  facet normal -1.641226e-01  8.799922e-01 -4.457325e-01
    outer loop
      vertex  7.820511e+03  7.283063e+03  8.418168e+03
      vertex  7.400221e+03  7.219943e+03  8.448308e+03
      vertex  7.820471e+03  7.335076e+03  8.520871e+03
    endloop
  endfacet
  facet normal -1.442421e-01  8.827631e-01 -4.471282e-01
    outer loop
      vertex  7.820511e+03  7.283063e+03  8.418168e+03
      vertex  7.820471e+03  7.335076e+03  8.520871e+03
      vertex  8.240588e+03  7.426904e+03  8.566639e+03
    endloop
  endfacet
  facet normal -1.565642e-01  8.929236e-01 -4.221081e-01
    outer loop
      vertex  7.820511e+03  7.283063e+03  8.418168e+03
      vertex  8.240588e+03  7.426904e+03  8.566639e+03
      vertex  8.240692e+03  7.360585e+03  8.426309e+03
    endloop
  endfacet
  facet normal -1.576375e-01  8.699236e-01 -4.673151e-01
    outer loop
      vertex  7.820471e+03  7.335076e+03  8.520871e+03
      vertex  7.400221e+03  7.219943e+03  8.448308e+03
      vertex  7.400224e+03  7.228378e+03  8.464009e+03
    endloop
  endfacet
  facet normal -1.583849e-01  8.713308e-01 -4.644318e-01
    outer loop
      vertex  7.820471e+03  7.335076e+03  8.520871e+03
      vertex  7.400224e+03  7.228378e+03  8.464009e+03
      vertex  7.400227e+03  7.236773e+03  8.479759e+03
    endloop
  endfacet
  facet normal -1.589813e-01  8.727092e-01 -4.616314e-01
    outer loop
      vertex  7.820471e+03  7.335076e+03  8.520871e+03
      vertex  7.400227e+03  7.236773e+03  8.479759e+03
      vertex  7.400229e+03  7.245130e+03  8.495557e+03
    endloop
  endfacet
  facet normal -1.594578e-01  8.741300e-01 -4.587702e-01
    outer loop
      vertex  7.820471e+03  7.335076e+03  8.520871e+03
      vertex  7.400229e+03  7.245130e+03  8.495557e+03
      vertex  7.400232e+03  7.253448e+03  8.511404e+03
    endloop
  endfacet
  facet normal -1.597984e-01  8.755538e-01 -4.559276e-01
    outer loop
      vertex  7.820471e+03  7.335076e+03  8.520871e+03
      vertex  7.400232e+03  7.253448e+03  8.511404e+03
      vertex  7.400235e+03  7.261727e+03  8.527301e+03
    endloop
  endfacet
  facet normal -1.600047e-01  8.769839e-01 -4.530978e-01
    outer loop
      vertex  7.820471e+03  7.335076e+03  8.520871e+03
      vertex  7.400235e+03  7.261727e+03  8.527301e+03
      vertex  7.400238e+03  7.269966e+03  8.543247e+03
    endloop
  endfacet
  facet normal -1.600777e-01  8.784286e-01 -4.502647e-01
    outer loop
      vertex  7.820471e+03  7.335076e+03  8.520871e+03
      vertex  7.400238e+03  7.269966e+03  8.543247e+03
      vertex  7.400241e+03  7.278165e+03  8.559242e+03
    endloop
  endfacet
  facet normal -1.595472e-01  8.897372e-01 -4.276827e-01
    outer loop
      vertex  7.820471e+03  7.335076e+03  8.520871e+03
      vertex  7.400241e+03  7.278165e+03  8.559242e+03
      vertex  7.820433e+03  7.384634e+03  8.623984e+03
    endloop
  endfacet
  facet normal -1.481514e-01  8.913382e-01 -4.284479e-01
    outer loop
      vertex  7.820471e+03  7.335076e+03  8.520871e+03
      vertex  7.820433e+03  7.384634e+03  8.623984e+03
      vertex  8.240588e+03  7.426904e+03  8.566639e+03
    endloop
  endfacet
  facet normal -1.541580e-01  8.807245e-01 -4.478387e-01
    outer loop
      vertex  7.820433e+03  7.384634e+03  8.623984e+03
      vertex  7.400241e+03  7.278165e+03  8.559242e+03
      vertex  7.400244e+03  7.286324e+03  8.575287e+03
    endloop
  endfacet
  facet normal -1.548000e-01  8.820562e-01 -4.449874e-01
    outer loop
      vertex  7.820433e+03  7.384634e+03  8.623984e+03
      vertex  7.400244e+03  7.286324e+03  8.575287e+03
      vertex  7.400247e+03  7.294444e+03  8.591381e+03
    endloop
  endfacet
  facet normal -1.553149e-01  8.834135e-01 -4.421061e-01
    outer loop
      vertex  7.820433e+03  7.384634e+03  8.623984e+03
      vertex  7.400247e+03  7.294444e+03  8.591381e+03
      vertex  7.400250e+03  7.302523e+03  8.607524e+03
    endloop
  endfacet
  facet normal -1.556992e-01  8.847966e-01 -4.391955e-01
    outer loop
      vertex  7.820433e+03  7.384634e+03  8.623984e+03
      vertex  7.400250e+03  7.302523e+03  8.607524e+03
      vertex  7.400252e+03  7.310563e+03  8.623719e+03
    endloop
  endfacet
  facet normal -1.559425e-01  8.861668e-01 -4.363376e-01
    outer loop
      vertex  7.820433e+03  7.384634e+03  8.623984e+03
      vertex  7.400252e+03  7.310563e+03  8.623719e+03
      vertex  7.400256e+03  7.318561e+03  8.639962e+03
    endloop
  endfacet
  facet normal -1.560521e-01  8.875594e-01 -4.334584e-01
    outer loop
      vertex  7.820433e+03  7.384634e+03  8.623984e+03
      vertex  7.400256e+03  7.318561e+03  8.639962e+03
      vertex  7.400259e+03  7.326519e+03  8.656256e+03
    endloop
  endfacet
  facet normal -1.557818e-01  8.989202e-01 -4.094808e-01
    outer loop
      vertex  7.820433e+03  7.384634e+03  8.623984e+03
      vertex  7.400259e+03  7.326519e+03  8.656256e+03
      vertex  7.820396e+03  7.432487e+03  8.729048e+03
    endloop
  endfacet
  facet normal -1.413865e-01  9.008906e-01 -4.103730e-01
    outer loop
      vertex  7.820433e+03  7.384634e+03  8.623984e+03
      vertex  7.820396e+03  7.432487e+03  8.729048e+03
      vertex  8.240484e+03  7.489954e+03  8.710472e+03
    endloop
  endfacet
  facet normal -1.453850e-01  9.061004e-01 -3.972975e-01
    outer loop
      vertex  7.820433e+03  7.384634e+03  8.623984e+03
      vertex  8.240484e+03  7.489954e+03  8.710472e+03
      vertex  8.240588e+03  7.426904e+03  8.566639e+03
    endloop
  endfacet
  facet normal -1.497591e-01  8.898318e-01 -4.310121e-01
    outer loop
      vertex  7.820396e+03  7.432487e+03  8.729048e+03
      vertex  7.400259e+03  7.326519e+03  8.656256e+03
      vertex  7.400262e+03  7.334436e+03  8.672600e+03
    endloop
  endfacet
  facet normal -1.504467e-01  8.911121e-01 -4.281178e-01
    outer loop
      vertex  7.820396e+03  7.432487e+03  8.729048e+03
      vertex  7.400262e+03  7.334436e+03  8.672600e+03
      vertex  7.400265e+03  7.342313e+03  8.688993e+03
    endloop
  endfacet
  facet normal -1.510102e-01  8.924277e-01 -4.251689e-01
    outer loop
      vertex  7.820396e+03  7.432487e+03  8.729048e+03
      vertex  7.400265e+03  7.342313e+03  8.688993e+03
      vertex  7.400268e+03  7.350147e+03  8.705438e+03
    endloop
  endfacet
  facet normal -1.514268e-01  8.937262e-01 -4.222838e-01
    outer loop
      vertex  7.820396e+03  7.432487e+03  8.729048e+03
      vertex  7.400268e+03  7.350147e+03  8.705438e+03
      vertex  7.400271e+03  7.357941e+03  8.721932e+03
    endloop
  endfacet
  facet normal -1.517116e-01  8.950523e-01 -4.193626e-01
    outer loop
      vertex  7.820396e+03  7.432487e+03  8.729048e+03
      vertex  7.400271e+03  7.357941e+03  8.721932e+03
      vertex  7.400274e+03  7.365694e+03  8.738477e+03
    endloop
  endfacet
  facet normal -1.518577e-01  8.963806e-01 -4.164626e-01
    outer loop
      vertex  7.820396e+03  7.432487e+03  8.729048e+03
      vertex  7.400274e+03  7.365694e+03  8.738477e+03
      vertex  7.400277e+03  7.373405e+03  8.755072e+03
    endloop
  endfacet
  facet normal -1.518720e-01  9.101990e-01 -3.853216e-01
    outer loop
      vertex  7.820396e+03  7.432487e+03  8.729048e+03
      vertex  7.400277e+03  7.373405e+03  8.755072e+03
      vertex  7.820337e+03  7.505944e+03  8.902591e+03
    endloop
  endfacet
  facet normal -1.383012e-01  8.995334e-01 -4.143818e-01
    outer loop
      vertex  7.820337e+03  7.505944e+03  8.902591e+03
      vertex  7.400277e+03  7.373405e+03  8.755072e+03
      vertex  7.400281e+03  7.381074e+03  8.771719e+03
    endloop
  endfacet
  facet normal -1.395805e-01  9.007062e-01 -4.113947e-01
    outer loop
      vertex  7.820337e+03  7.505944e+03  8.902591e+03
      vertex  7.400281e+03  7.381074e+03  8.771719e+03
      vertex  7.400284e+03  7.388701e+03  8.788416e+03
    endloop
  endfacet
  facet normal -1.407156e-01  9.018804e-01 -4.084247e-01
    outer loop
      vertex  7.820337e+03  7.505944e+03  8.902591e+03
      vertex  7.400284e+03  7.388701e+03  8.788416e+03
      vertex  7.400287e+03  7.396286e+03  8.805164e+03
    endloop
  endfacet
  facet normal -1.417178e-01  9.030689e-01 -4.054414e-01
    outer loop
      vertex  7.820337e+03  7.505944e+03  8.902591e+03
      vertex  7.400287e+03  7.396286e+03  8.805164e+03
      vertex  7.400291e+03  7.403829e+03  8.821964e+03
    endloop
  endfacet
  facet normal -1.425779e-01  9.042616e-01 -4.024707e-01
    outer loop
      vertex  7.820337e+03  7.505944e+03  8.902591e+03
      vertex  7.400291e+03  7.403829e+03  8.821964e+03
      vertex  7.400294e+03  7.411329e+03  8.838813e+03
    endloop
  endfacet
  facet normal -1.433000e-01  9.054644e-01 -3.994991e-01
    outer loop
      vertex  7.820337e+03  7.505944e+03  8.902591e+03
      vertex  7.400294e+03  7.411329e+03  8.838813e+03
      vertex  7.400297e+03  7.418787e+03  8.855716e+03
    endloop
  endfacet
  facet normal -1.438860e-01  9.066827e-01 -3.965141e-01
    outer loop
      vertex  7.820337e+03  7.505944e+03  8.902591e+03
      vertex  7.400297e+03  7.418787e+03  8.855716e+03
      vertex  7.400301e+03  7.426201e+03  8.872669e+03
    endloop
  endfacet
  facet normal -1.443232e-01  9.078876e-01 -3.935871e-01
    outer loop
      vertex  7.820337e+03  7.505944e+03  8.902591e+03
      vertex  7.400301e+03  7.426201e+03  8.872669e+03
      vertex  7.400304e+03  7.433573e+03  8.889673e+03
    endloop
  endfacet
  facet normal -1.446274e-01  9.091226e-01 -3.906137e-01
    outer loop
      vertex  7.820337e+03  7.505944e+03  8.902591e+03
      vertex  7.400304e+03  7.433573e+03  8.889673e+03
      vertex  7.400308e+03  7.440902e+03  8.906729e+03
    endloop
  endfacet
  facet normal -1.447498e-01  9.100540e-01 -3.883932e-01
    outer loop
      vertex  7.820337e+03  7.505944e+03  8.902591e+03
      vertex  7.400308e+03  7.440902e+03  8.906729e+03
      vertex  7.400310e+03  7.444550e+03  8.915276e+03
    endloop
  endfacet
  facet normal -1.447950e-01  9.106616e-01 -3.869493e-01
    outer loop
      vertex  7.820337e+03  7.505944e+03  8.902591e+03
      vertex  7.400310e+03  7.444550e+03  8.915276e+03
      vertex  7.400311e+03  7.448188e+03  8.923837e+03
    endloop
  endfacet
  facet normal -1.449519e-01  9.234494e-01 -3.552890e-01
    outer loop
      vertex  7.820337e+03  7.505944e+03  8.902591e+03
      vertex  7.400311e+03  7.448188e+03  8.923837e+03
      vertex  7.820281e+03  7.574718e+03  9.081366e+03
    endloop
  endfacet
  facet normal -1.302439e-01  9.131589e-01 -3.862348e-01
    outer loop
      vertex  7.820281e+03  7.574718e+03  9.081366e+03
      vertex  7.400311e+03  7.448188e+03  8.923837e+03
      vertex  7.400313e+03  7.451814e+03  8.932410e+03
    endloop
  endfacet
  facet normal -1.309279e-01  9.136900e-01 -3.847447e-01
    outer loop
      vertex  7.820281e+03  7.574718e+03  9.081366e+03
      vertex  7.400313e+03  7.451814e+03  8.932410e+03
      vertex  7.400315e+03  7.455430e+03  8.940996e+03
    endloop
  endfacet
  facet normal -1.316091e-01  9.142489e-01 -3.831814e-01
    outer loop
      vertex  7.820281e+03  7.574718e+03  9.081366e+03
      vertex  7.400315e+03  7.455430e+03  8.940996e+03
      vertex  7.400316e+03  7.459035e+03  8.949596e+03
    endloop
  endfacet
  facet normal -1.321896e-01  9.147537e-01 -3.817743e-01
    outer loop
      vertex  7.820281e+03  7.574718e+03  9.081366e+03
      vertex  7.400316e+03  7.459035e+03  8.949596e+03
      vertex  7.400318e+03  7.462629e+03  8.958207e+03
    endloop
  endfacet
  facet normal -1.328156e-01  9.153324e-01 -3.801666e-01
    outer loop
      vertex  7.820281e+03  7.574718e+03  9.081366e+03
      vertex  7.400318e+03  7.462629e+03  8.958207e+03
      vertex  7.400320e+03  7.466211e+03  8.966832e+03
    endloop
  endfacet
  facet normal -1.333509e-01  9.158605e-01 -3.787042e-01
    outer loop
      vertex  7.820281e+03  7.574718e+03  9.081366e+03
      vertex  7.400320e+03  7.466211e+03  8.966832e+03
      vertex  7.400322e+03  7.469784e+03  8.975471e+03
    endloop
  endfacet
  facet normal -1.338735e-01  9.164134e-01 -3.771795e-01
    outer loop
      vertex  7.820281e+03  7.574718e+03  9.081366e+03
      vertex  7.400322e+03  7.469784e+03  8.975471e+03
      vertex  7.400324e+03  7.473345e+03  8.984122e+03
    endloop
  endfacet
  facet normal -1.343573e-01  9.169645e-01 -3.756647e-01
    outer loop
      vertex  7.820281e+03  7.574718e+03  9.081366e+03
      vertex  7.400324e+03  7.473345e+03  8.984122e+03
      vertex  7.400326e+03  7.476895e+03  8.992786e+03
    endloop
  endfacet
  facet normal -1.347914e-01  9.175003e-01 -3.741983e-01
    outer loop
      vertex  7.820281e+03  7.574718e+03  9.081366e+03
      vertex  7.400326e+03  7.476895e+03  8.992786e+03
      vertex  7.400328e+03  7.480434e+03  9.001463e+03
    endloop
  endfacet
  facet normal -1.352107e-01  9.180644e-01 -3.726604e-01
    outer loop
      vertex  7.820281e+03  7.574718e+03  9.081366e+03
      vertex  7.400328e+03  7.480434e+03  9.001463e+03
      vertex  7.400329e+03  7.483961e+03  9.010153e+03
    endloop
  endfacet
  facet normal -1.355872e-01  9.186209e-01 -3.711493e-01
    outer loop
      vertex  7.820281e+03  7.574718e+03  9.081366e+03
      vertex  7.400329e+03  7.483961e+03  9.010153e+03
      vertex  7.400331e+03  7.487478e+03  9.018856e+03
    endloop
  endfacet
  facet normal -1.359240e-01  9.191728e-01 -3.696570e-01
    outer loop
      vertex  7.820281e+03  7.574718e+03  9.081366e+03
      vertex  7.400331e+03  7.487478e+03  9.018856e+03
      vertex  7.400333e+03  7.490984e+03  9.027573e+03
    endloop
  endfacet
  facet normal -1.362266e-01  9.197288e-01 -3.681594e-01
    outer loop
      vertex  7.820281e+03  7.574718e+03  9.081366e+03
      vertex  7.400333e+03  7.490984e+03  9.027573e+03
      vertex  7.400335e+03  7.494479e+03  9.036303e+03
    endloop
  endfacet
  facet normal -1.364855e-01  9.202693e-01 -3.667100e-01
    outer loop
      vertex  7.820281e+03  7.574718e+03  9.081366e+03
      vertex  7.400335e+03  7.494479e+03  9.036303e+03
      vertex  7.400337e+03  7.497962e+03  9.045045e+03
    endloop
  endfacet
  facet normal -1.367289e-01  9.208576e-01 -3.651389e-01
    outer loop
      vertex  7.820281e+03  7.574718e+03  9.081366e+03
      vertex  7.400337e+03  7.497962e+03  9.045045e+03
      vertex  7.400339e+03  7.501435e+03  9.053801e+03
    endloop
  endfacet
  facet normal -1.369241e-01  9.214170e-01 -3.636516e-01
    outer loop
      vertex  7.820281e+03  7.574718e+03  9.081366e+03
      vertex  7.400339e+03  7.501435e+03  9.053801e+03
      vertex  7.400341e+03  7.504896e+03  9.062569e+03
    endloop
  endfacet
  facet normal -1.370820e-01  9.219715e-01 -3.621839e-01
    outer loop
      vertex  7.820281e+03  7.574718e+03  9.081366e+03
      vertex  7.400341e+03  7.504896e+03  9.062569e+03
      vertex  7.400342e+03  7.508346e+03  9.071352e+03
    endloop
  endfacet
  facet normal -1.372067e-01  9.225358e-01 -3.606968e-01
    outer loop
      vertex  7.820281e+03  7.574718e+03  9.081366e+03
      vertex  7.400342e+03  7.508346e+03  9.071352e+03
      vertex  7.400344e+03  7.511785e+03  9.080146e+03
    endloop
  endfacet
  facet normal -1.373001e-01  9.231288e-01 -3.591404e-01
    outer loop
      vertex  7.820281e+03  7.574718e+03  9.081366e+03
      vertex  7.400344e+03  7.511785e+03  9.080146e+03
      vertex  7.400346e+03  7.515212e+03  9.088955e+03
    endloop
  endfacet
  facet normal -1.373517e-01  9.236758e-01 -3.577112e-01
    outer loop
      vertex  7.820281e+03  7.574718e+03  9.081366e+03
      vertex  7.400346e+03  7.515212e+03  9.088955e+03
      vertex  7.400348e+03  7.518628e+03  9.097776e+03
    endloop
  endfacet
  facet normal -1.376715e-01  9.356449e-01 -3.249850e-01
    outer loop
      vertex  7.820281e+03  7.574718e+03  9.081366e+03
      vertex  7.400348e+03  7.518628e+03  9.097776e+03
      vertex  7.820227e+03  7.638655e+03  9.265468e+03
    endloop
  endfacet
  facet normal -1.222117e-01  9.261221e-01 -3.568786e-01
    outer loop
      vertex  7.820227e+03  7.638655e+03  9.265468e+03
      vertex  7.400348e+03  7.518628e+03  9.097776e+03
      vertex  7.400350e+03  7.522033e+03  9.106611e+03
    endloop
  endfacet
  facet normal -1.228932e-01  9.265918e-01 -3.554221e-01
    outer loop
      vertex  7.820227e+03  7.638655e+03  9.265468e+03
      vertex  7.400350e+03  7.522033e+03  9.106611e+03
      vertex  7.400352e+03  7.525427e+03  9.115459e+03
    endloop
  endfacet
  facet normal -1.235951e-01  9.271026e-01 -3.538432e-01
    outer loop
      vertex  7.820227e+03  7.638655e+03  9.265468e+03
      vertex  7.400352e+03  7.525427e+03  9.115459e+03
      vertex  7.400354e+03  7.528810e+03  9.124320e+03
    endloop
  endfacet
  facet normal -1.242247e-01  9.275878e-01 -3.523478e-01
    outer loop
      vertex  7.820227e+03  7.638655e+03  9.265468e+03
      vertex  7.400354e+03  7.528810e+03  9.124320e+03
      vertex  7.400356e+03  7.532181e+03  9.133194e+03
    endloop
  endfacet
  facet normal -1.248316e-01  9.280849e-01 -3.508215e-01
    outer loop
      vertex  7.820227e+03  7.638655e+03  9.265468e+03
      vertex  7.400356e+03  7.532181e+03  9.133194e+03
      vertex  7.400358e+03  7.535541e+03  9.142082e+03
    endloop
  endfacet
  facet normal -1.254054e-01  9.285858e-01 -3.492874e-01
    outer loop
      vertex  7.820227e+03  7.638655e+03  9.265468e+03
      vertex  7.400358e+03  7.535541e+03  9.142082e+03
      vertex  7.400360e+03  7.538889e+03  9.150982e+03
    endloop
  endfacet
  facet normal -1.259380e-01  9.290839e-01 -3.477682e-01
    outer loop
      vertex  7.820227e+03  7.638655e+03  9.265468e+03
      vertex  7.400360e+03  7.538889e+03  9.150982e+03
      vertex  7.400362e+03  7.542226e+03  9.159896e+03
    endloop
  endfacet
  facet normal -1.264336e-01  9.295826e-01 -3.462525e-01
    outer loop
      vertex  7.820227e+03  7.638655e+03  9.265468e+03
      vertex  7.400362e+03  7.542226e+03  9.159896e+03
      vertex  7.400364e+03  7.545551e+03  9.168824e+03
    endloop
  endfacet
  facet normal -1.268978e-01  9.300877e-01 -3.447226e-01
    outer loop
      vertex  7.820227e+03  7.638655e+03  9.265468e+03
      vertex  7.400364e+03  7.545551e+03  9.168824e+03
      vertex  7.400366e+03  7.548865e+03  9.177765e+03
    endloop
  endfacet
  facet normal -1.273182e-01  9.305859e-01 -3.432203e-01
    outer loop
      vertex  7.820227e+03  7.638655e+03  9.265468e+03
      vertex  7.400366e+03  7.548865e+03  9.177765e+03
      vertex  7.400368e+03  7.552168e+03  9.186719e+03
    endloop
  endfacet
  facet normal -1.277067e-01  9.310908e-01 -3.417034e-01
    outer loop
      vertex  7.820227e+03  7.638655e+03  9.265468e+03
      vertex  7.400368e+03  7.552168e+03  9.186719e+03
      vertex  7.400370e+03  7.555459e+03  9.195686e+03
    endloop
  endfacet
  facet normal -1.280556e-01  9.315923e-01 -3.402019e-01
    outer loop
      vertex  7.820227e+03  7.638655e+03  9.265468e+03
      vertex  7.400370e+03  7.555459e+03  9.195686e+03
      vertex  7.400372e+03  7.558739e+03  9.204666e+03
    endloop
  endfacet
  facet normal -1.283776e-01  9.321101e-01 -3.386590e-01
    outer loop
      vertex  7.820227e+03  7.638655e+03  9.265468e+03
      vertex  7.400372e+03  7.558739e+03  9.204666e+03
      vertex  7.400374e+03  7.562007e+03  9.213660e+03
    endloop
  endfacet
  facet normal -1.286562e-01  9.326178e-01 -3.371524e-01
    outer loop
      vertex  7.820227e+03  7.638655e+03  9.265468e+03
      vertex  7.400374e+03  7.562007e+03  9.213660e+03
      vertex  7.400376e+03  7.565263e+03  9.222667e+03
    endloop
  endfacet
  facet normal -1.288974e-01  9.331243e-01 -3.356555e-01
    outer loop
      vertex  7.820227e+03  7.638655e+03  9.265468e+03
      vertex  7.400376e+03  7.565263e+03  9.222667e+03
      vertex  7.400378e+03  7.568508e+03  9.231688e+03
    endloop
  endfacet
  facet normal -1.291067e-01  9.336427e-01 -3.341296e-01
    outer loop
      vertex  7.820227e+03  7.638655e+03  9.265468e+03
      vertex  7.400378e+03  7.568508e+03  9.231688e+03
      vertex  7.400380e+03  7.571742e+03  9.240722e+03
    endloop
  endfacet
  facet normal -1.292763e-01  9.341535e-01 -3.326332e-01
    outer loop
      vertex  7.820227e+03  7.638655e+03  9.265468e+03
      vertex  7.400380e+03  7.571742e+03  9.240722e+03
      vertex  7.400382e+03  7.574963e+03  9.249769e+03
    endloop
  endfacet
  facet normal -1.294127e-01  9.346763e-01 -3.311082e-01
    outer loop
      vertex  7.820227e+03  7.638655e+03  9.265468e+03
      vertex  7.400382e+03  7.574963e+03  9.249769e+03
      vertex  7.400384e+03  7.578173e+03  9.258829e+03
    endloop
  endfacet
  facet normal -1.295096e-01  9.351867e-01 -3.296255e-01
    outer loop
      vertex  7.820227e+03  7.638655e+03  9.265468e+03
      vertex  7.400384e+03  7.578173e+03  9.258829e+03
      vertex  7.400387e+03  7.581372e+03  9.267903e+03
    endloop
  endfacet
  facet normal -1.295741e-01  9.357250e-01 -3.280692e-01
    outer loop
      vertex  7.820227e+03  7.638655e+03  9.265468e+03
      vertex  7.400387e+03  7.581372e+03  9.267903e+03
      vertex  7.400389e+03  7.584559e+03  9.276991e+03
    endloop
  endfacet
  facet normal -1.300738e-01  9.467460e-01 -2.945383e-01
    outer loop
      vertex  7.820227e+03  7.638655e+03  9.265468e+03
      vertex  7.400389e+03  7.584559e+03  9.276991e+03
      vertex  7.820175e+03  7.697608e+03  9.454984e+03
    endloop
  endfacet
  facet normal -1.138525e-01  9.380468e-01 -3.272702e-01
    outer loop
      vertex  7.820175e+03  7.697608e+03  9.454984e+03
      vertex  7.400389e+03  7.584559e+03  9.276991e+03
      vertex  7.400391e+03  7.587734e+03  9.286092e+03
    endloop
  endfacet
  facet normal -1.145925e-01  9.384953e-01 -3.257226e-01
    outer loop
      vertex  7.820175e+03  7.697608e+03  9.454984e+03
      vertex  7.400391e+03  7.587734e+03  9.286092e+03
      vertex  7.400393e+03  7.590897e+03  9.295206e+03
    endloop
  endfacet
  facet normal -1.153100e-01  9.389539e-01 -3.241439e-01
    outer loop
      vertex  7.820175e+03  7.697608e+03  9.454984e+03
      vertex  7.400393e+03  7.590897e+03  9.295206e+03
      vertex  7.400395e+03  7.594049e+03  9.304334e+03
    endloop
  endfacet
  facet normal -1.159380e-01  9.393786e-01 -3.226859e-01
    outer loop
      vertex  7.820175e+03  7.697608e+03  9.454984e+03
      vertex  7.400395e+03  7.594049e+03  9.304334e+03
      vertex  7.400397e+03  7.597189e+03  9.313475e+03
    endloop
  endfacet
  facet normal -1.165949e-01  9.398503e-01 -3.210719e-01
    outer loop
      vertex  7.820175e+03  7.697608e+03  9.454984e+03
      vertex  7.400397e+03  7.597189e+03  9.313475e+03
      vertex  7.400399e+03  7.600317e+03  9.322630e+03
    endloop
  endfacet
  facet normal -1.171664e-01  9.402873e-01 -3.195806e-01
    outer loop
      vertex  7.820175e+03  7.697608e+03  9.454984e+03
      vertex  7.400399e+03  7.600317e+03  9.322630e+03
      vertex  7.400401e+03  7.603433e+03  9.331798e+03
    endloop
  endfacet
  facet normal -1.177164e-01  9.407374e-01 -3.180504e-01
    outer loop
      vertex  7.820175e+03  7.697608e+03  9.454984e+03
      vertex  7.400401e+03  7.603433e+03  9.331798e+03
      vertex  7.400404e+03  7.606538e+03  9.340979e+03
    endloop
  endfacet
  facet normal -1.182250e-01  9.411846e-01 -3.165352e-01
    outer loop
      vertex  7.820175e+03  7.697608e+03  9.454984e+03
      vertex  7.400404e+03  7.606538e+03  9.340979e+03
      vertex  7.400406e+03  7.609630e+03  9.350175e+03
    endloop
  endfacet
  facet normal -1.187140e-01  9.416490e-01 -3.149666e-01
    outer loop
      vertex  7.820175e+03  7.697608e+03  9.454984e+03
      vertex  7.400406e+03  7.609630e+03  9.350175e+03
      vertex  7.400408e+03  7.612711e+03  9.359384e+03
    endloop
  endfacet
  facet normal -1.191394e-01  9.420884e-01 -3.134888e-01
    outer loop
      vertex  7.820175e+03  7.697608e+03  9.454984e+03
      vertex  7.400408e+03  7.612711e+03  9.359384e+03
      vertex  7.400410e+03  7.615780e+03  9.368605e+03
    endloop
  endfacet
  facet normal -1.195396e-01  9.425409e-01 -3.119726e-01
    outer loop
      vertex  7.820175e+03  7.697608e+03  9.454984e+03
      vertex  7.400410e+03  7.615780e+03  9.368605e+03
      vertex  7.400413e+03  7.618837e+03  9.377841e+03
    endloop
  endfacet
  facet normal -1.199179e-01  9.430131e-01 -3.103964e-01
    outer loop
      vertex  7.820175e+03  7.697608e+03  9.454984e+03
      vertex  7.400413e+03  7.618837e+03  9.377841e+03
      vertex  7.400415e+03  7.621882e+03  9.387091e+03
    endloop
  endfacet
  facet normal -1.202374e-01  9.434581e-01 -3.089173e-01
    outer loop
      vertex  7.820175e+03  7.697608e+03  9.454984e+03
      vertex  7.400415e+03  7.621882e+03  9.387091e+03
      vertex  7.400417e+03  7.624915e+03  9.396354e+03
    endloop
  endfacet
  facet normal -1.205329e-01  9.439230e-01 -3.073781e-01
    outer loop
      vertex  7.820175e+03  7.697608e+03  9.454984e+03
      vertex  7.400417e+03  7.624915e+03  9.396354e+03
      vertex  7.400419e+03  7.627936e+03  9.405630e+03
    endloop
  endfacet
  facet normal -1.207587e-01  9.443309e-01 -3.060336e-01
    outer loop
      vertex  7.820175e+03  7.697608e+03  9.454984e+03
      vertex  7.400419e+03  7.627936e+03  9.405630e+03
      vertex  7.400421e+03  7.630366e+03  9.413128e+03
    endloop
  endfacet
  facet normal -1.209454e-01  9.447136e-01 -3.047763e-01
    outer loop
      vertex  7.820175e+03  7.697608e+03  9.454984e+03
      vertex  7.400421e+03  7.630366e+03  9.413128e+03
      vertex  7.400423e+03  7.632789e+03  9.420636e+03
    endloop
  endfacet
  facet normal -1.211052e-01  9.450919e-01 -3.035375e-01
    outer loop
      vertex  7.820175e+03  7.697608e+03  9.454984e+03
      vertex  7.400423e+03  7.632789e+03  9.420636e+03
      vertex  7.400425e+03  7.635203e+03  9.428151e+03
    endloop
  endfacet
  facet normal -1.212354e-01  9.454563e-01 -3.023482e-01
    outer loop
      vertex  7.820175e+03  7.697608e+03  9.454984e+03
      vertex  7.400425e+03  7.635203e+03  9.428151e+03
      vertex  7.400426e+03  7.637609e+03  9.435677e+03
    endloop
  endfacet
  facet normal -1.213471e-01  9.458381e-01 -3.011065e-01
    outer loop
      vertex  7.820175e+03  7.697608e+03  9.454984e+03
      vertex  7.400426e+03  7.637609e+03  9.435677e+03
      vertex  7.400428e+03  7.640008e+03  9.443210e+03
    endloop
  endfacet
  facet normal -1.214349e-01  9.462231e-01 -2.998590e-01
    outer loop
      vertex  7.820175e+03  7.697608e+03  9.454984e+03
      vertex  7.400428e+03  7.640008e+03  9.443210e+03
      vertex  7.400430e+03  7.642398e+03  9.450753e+03
    endloop
  endfacet
  facet normal -1.214935e-01  9.465804e-01 -2.987051e-01
    outer loop
      vertex  7.820175e+03  7.697608e+03  9.454984e+03
      vertex  7.400430e+03  7.642398e+03  9.450753e+03
      vertex  7.400432e+03  7.644782e+03  9.458305e+03
    endloop
  endfacet
  facet normal -1.215327e-01  9.469709e-01 -2.974491e-01
    outer loop
      vertex  7.820175e+03  7.697608e+03  9.454984e+03
      vertex  7.400432e+03  7.644782e+03  9.458305e+03
      vertex  7.400434e+03  7.647157e+03  9.465865e+03
    endloop
  endfacet
  facet normal -1.215474e-01  9.473664e-01 -2.961810e-01
    outer loop
      vertex  7.820175e+03  7.697608e+03  9.454984e+03
      vertex  7.400434e+03  7.647157e+03  9.465865e+03
      vertex  7.400436e+03  7.649523e+03  9.473435e+03
    endloop
  endfacet
  facet normal -1.215381e-01  9.477255e-01 -2.950337e-01
    outer loop
      vertex  7.820175e+03  7.697608e+03  9.454984e+03
      vertex  7.400436e+03  7.649523e+03  9.473435e+03
      vertex  7.400438e+03  7.651883e+03  9.481013e+03
    endloop
  endfacet
  facet normal -1.215032e-01  9.481201e-01 -2.937774e-01
    outer loop
      vertex  7.820175e+03  7.697608e+03  9.454984e+03
      vertex  7.400438e+03  7.651883e+03  9.481013e+03
      vertex  7.400439e+03  7.654234e+03  9.488600e+03
    endloop
  endfacet
  facet normal -1.214472e-01  9.484912e-01 -2.926001e-01
    outer loop
      vertex  7.820175e+03  7.697608e+03  9.454984e+03
      vertex  7.400439e+03  7.654234e+03  9.488600e+03
      vertex  7.400441e+03  7.656578e+03  9.496196e+03
    endloop
  endfacet
  facet normal -1.213616e-01  9.488940e-01 -2.913269e-01
    outer loop
      vertex  7.820175e+03  7.697608e+03  9.454984e+03
      vertex  7.400441e+03  7.656578e+03  9.496196e+03
      vertex  7.400443e+03  7.658913e+03  9.503801e+03
    endloop
  endfacet
  facet normal -1.212596e-01  9.492663e-01 -2.901544e-01
    outer loop
      vertex  7.820175e+03  7.697608e+03  9.454984e+03
      vertex  7.400443e+03  7.658913e+03  9.503801e+03
      vertex  7.400445e+03  7.661240e+03  9.511415e+03
    endloop
  endfacet
  facet normal -1.211270e-01  9.496615e-01 -2.889142e-01
    outer loop
      vertex  7.820175e+03  7.697608e+03  9.454984e+03
      vertex  7.400445e+03  7.661240e+03  9.511415e+03
      vertex  7.400447e+03  7.663560e+03  9.519038e+03
    endloop
  endfacet
  facet normal -1.209755e-01  9.500439e-01 -2.877175e-01
    outer loop
      vertex  7.820175e+03  7.697608e+03  9.454984e+03
      vertex  7.400447e+03  7.663560e+03  9.519038e+03
      vertex  7.400449e+03  7.665871e+03  9.526670e+03
    endloop
  endfacet
  facet normal -1.207933e-01  9.504427e-01 -2.864746e-01
    outer loop
      vertex  7.820175e+03  7.697608e+03  9.454984e+03
      vertex  7.400449e+03  7.665871e+03  9.526670e+03
      vertex  7.400451e+03  7.668174e+03  9.534311e+03
    endloop
  endfacet
  facet normal -1.205961e-01  9.508241e-01 -2.852893e-01
    outer loop
      vertex  7.820175e+03  7.697608e+03  9.454984e+03
      vertex  7.400451e+03  7.668174e+03  9.534311e+03
      vertex  7.400453e+03  7.670470e+03  9.541960e+03
    endloop
  endfacet
  facet normal -1.203694e-01  9.512169e-01 -2.840731e-01
    outer loop
      vertex  7.820175e+03  7.697608e+03  9.454984e+03
      vertex  7.400453e+03  7.670470e+03  9.541960e+03
      vertex  7.400455e+03  7.672757e+03  9.549619e+03
    endloop
  endfacet
  facet normal -1.201212e-01  9.516068e-01 -2.828697e-01
    outer loop
      vertex  7.820175e+03  7.697608e+03  9.454984e+03
      vertex  7.400455e+03  7.672757e+03  9.549619e+03
      vertex  7.400457e+03  7.675037e+03  9.557286e+03
    endloop
  endfacet
  facet normal -1.198471e-01  9.520007e-01 -2.816581e-01
    outer loop
      vertex  7.820175e+03  7.697608e+03  9.454984e+03
      vertex  7.400457e+03  7.675037e+03  9.557286e+03
      vertex  7.400458e+03  7.677308e+03  9.564963e+03
    endloop
  endfacet
  facet normal -1.195437e-01  9.524025e-01 -2.804261e-01
    outer loop
      vertex  7.820175e+03  7.697608e+03  9.454984e+03
      vertex  7.400458e+03  7.677308e+03  9.564963e+03
      vertex  7.400460e+03  7.679571e+03  9.572648e+03
    endloop
  endfacet
  facet normal -1.192076e-01  9.528153e-01 -2.791640e-01
    outer loop
      vertex  7.820175e+03  7.697608e+03  9.454984e+03
      vertex  7.400460e+03  7.679571e+03  9.572648e+03
      vertex  7.400462e+03  7.681826e+03  9.580344e+03
    endloop
  endfacet
  facet normal -1.188811e-01  9.531894e-01 -2.780237e-01
    outer loop
      vertex  7.820175e+03  7.697608e+03  9.454984e+03
      vertex  7.400462e+03  7.681826e+03  9.580344e+03
      vertex  7.400464e+03  7.684073e+03  9.588047e+03
    endloop
  endfacet
  facet normal -1.185126e-01  9.535852e-01 -2.768212e-01
    outer loop
      vertex  7.820175e+03  7.697608e+03  9.454984e+03
      vertex  7.400464e+03  7.684073e+03  9.588047e+03
      vertex  7.400466e+03  7.686313e+03  9.595760e+03
    endloop
  endfacet
  facet normal -1.181131e-01  9.539891e-01 -2.755978e-01
    outer loop
      vertex  7.820175e+03  7.697608e+03  9.454984e+03
      vertex  7.400466e+03  7.686313e+03  9.595760e+03
      vertex  7.400468e+03  7.688543e+03  9.603481e+03
    endloop
  endfacet
  facet normal -1.176897e-01  9.543933e-01 -2.743764e-01
    outer loop
      vertex  7.820175e+03  7.697608e+03  9.454984e+03
      vertex  7.400468e+03  7.688543e+03  9.603481e+03
      vertex  7.400470e+03  7.690766e+03  9.611212e+03
    endloop
  endfacet
  facet normal -1.172627e-01  9.547799e-01 -2.732122e-01
    outer loop
      vertex  7.820175e+03  7.697608e+03  9.454984e+03
      vertex  7.400470e+03  7.690766e+03  9.611212e+03
      vertex  7.400472e+03  7.692981e+03  9.618951e+03
    endloop
  endfacet
  facet normal -1.167915e-01  9.551851e-01 -2.719949e-01
    outer loop
      vertex  7.820175e+03  7.697608e+03  9.454984e+03
      vertex  7.400472e+03  7.692981e+03  9.618951e+03
      vertex  7.400474e+03  7.695188e+03  9.626699e+03
    endloop
  endfacet
  facet normal -1.162840e-01  9.556011e-01 -2.707484e-01
    outer loop
      vertex  7.820175e+03  7.697608e+03  9.454984e+03
      vertex  7.400474e+03  7.695188e+03  9.626699e+03
      vertex  7.400476e+03  7.697386e+03  9.634457e+03
    endloop
  endfacet
  facet normal -1.157861e-01  9.559907e-01 -2.695835e-01
    outer loop
      vertex  7.820175e+03  7.697608e+03  9.454984e+03
      vertex  7.400476e+03  7.697386e+03  9.634457e+03
      vertex  7.400479e+03  7.699576e+03  9.642224e+03
    endloop
  endfacet
  facet normal -1.152468e-01  9.563948e-01 -2.683790e-01
    outer loop
      vertex  7.820175e+03  7.697608e+03  9.454984e+03
      vertex  7.400479e+03  7.699576e+03  9.642224e+03
      vertex  7.400480e+03  7.701758e+03  9.649999e+03
    endloop
  endfacet
  facet normal -1.131149e-01  9.579156e-01 -2.638232e-01
    outer loop
      vertex  7.820175e+03  7.697608e+03  9.454984e+03
      vertex  7.400480e+03  7.701758e+03  9.649999e+03
      vertex  7.836429e+03  7.753237e+03  9.650000e+03
    endloop
  endfacet
  facet normal -1.093284e-01  9.582425e-01 -2.642321e-01
    outer loop
      vertex  7.820175e+03  7.697608e+03  9.454984e+03
      vertex  7.836429e+03  7.753237e+03  9.650000e+03
      vertex  8.240003e+03  7.744499e+03  9.451328e+03
    endloop
  endfacet
  facet normal -5.938623e-02  9.763249e-01 -2.079980e-01
    outer loop
      vertex  9.078438e+03  7.864223e+03  9.650000e+03
      vertex  9.500000e+03  7.889865e+03  9.650000e+03
      vertex  9.079993e+03  7.816371e+03  9.424942e+03
    endloop
  endfacet
  facet normal -7.064741e-02  9.796141e-01 -1.880563e-01
    outer loop
      vertex  9.079993e+03  7.816371e+03  9.424942e+03
      vertex  9.500000e+03  7.889865e+03  9.650000e+03
      vertex  9.500000e+03  7.844948e+03  9.416021e+03
    endloop
  endfacet
  facet normal -7.098453e-02  9.674676e-01 -2.428328e-01
    outer loop
      vertex  9.079993e+03  7.816371e+03  9.424942e+03
      vertex  9.500000e+03  7.844948e+03  9.416021e+03
      vertex  9.080183e+03  7.761513e+03  9.206326e+03
    endloop
  endfacet
  facet normal -8.602417e-02  9.728481e-01 -2.148635e-01
    outer loop
      vertex  9.080183e+03  7.761513e+03  9.206326e+03
      vertex  9.500000e+03  7.844948e+03  9.416021e+03
      vertex  9.500000e+03  7.819407e+03  9.300375e+03
    endloop
  endfacet
  facet normal -8.131607e-02  9.689547e-01 -2.334831e-01
    outer loop
      vertex  9.080183e+03  7.761513e+03  9.206326e+03
      vertex  9.500000e+03  7.819407e+03  9.300375e+03
      vertex  9.500000e+03  7.791770e+03  9.185683e+03
    endloop
  endfacet
  facet normal -2.138258e-01  6.425940e-01 -7.357659e-01
    outer loop
      vertex  9.163960e+03  5.904836e+03  6.313000e+03
      vertex  8.829267e+03  5.793465e+03  6.313000e+03
      vertex  9.083488e+03  5.984913e+03  6.406323e+03
    endloop
  endfacet
  facet normal -2.080489e-01  6.377663e-01 -7.415994e-01
    outer loop
      vertex  9.083488e+03  5.984913e+03  6.406323e+03
      vertex  8.829267e+03  5.793465e+03  6.313000e+03
      vertex  8.663263e+03  5.859427e+03  6.416297e+03
    endloop
  endfacet
  facet normal -2.098697e-01  6.443598e-01 -7.353606e-01
    outer loop
      vertex  9.083488e+03  5.984913e+03  6.406323e+03
      vertex  8.663263e+03  5.859427e+03  6.416297e+03
      vertex  8.663062e+03  6.010053e+03  6.548340e+03
    endloop
  endfacet
  facet normal -2.027224e-01  6.638035e-01 -7.199087e-01
    outer loop
      vertex  9.500000e+03  6.010903e+03  6.313000e+03
      vertex  9.083488e+03  5.984913e+03  6.406323e+03
      vertex  9.500000e+03  6.122501e+03  6.415901e+03
    endloop
  endfacet
  facet normal -2.020831e-01  6.619964e-01 -7.217500e-01
    outer loop
      vertex  9.500000e+03  6.122501e+03  6.415901e+03
      vertex  9.083488e+03  5.984913e+03  6.406323e+03
      vertex  9.083271e+03  6.135705e+03  6.544691e+03
    endloop
  endfacet
  facet normal -1.968108e-01  6.797822e-01 -7.065138e-01
    outer loop
      vertex  9.500000e+03  6.122501e+03  6.415901e+03
      vertex  9.083271e+03  6.135705e+03  6.544691e+03
      vertex  9.500000e+03  6.249373e+03  6.537972e+03
    endloop
  endfacet
  facet normal -1.945692e-01  7.031206e-01 -6.839330e-01
    outer loop
      vertex  8.662661e+03  6.301891e+03  6.826097e+03
      vertex  8.662537e+03  6.390145e+03  6.916862e+03
      vertex  9.083028e+03  6.301302e+03  6.705903e+03
    endloop
  endfacet
  facet normal -1.915725e-01  7.078069e-01 -6.799335e-01
    outer loop
      vertex  9.083028e+03  6.301302e+03  6.705903e+03
      vertex  8.662537e+03  6.390145e+03  6.916862e+03
      vertex  9.082786e+03  6.462042e+03  6.873301e+03
    endloop
  endfacet
  facet normal -1.919444e-01  7.077543e-01 -6.798833e-01
    outer loop
      vertex  9.083028e+03  6.301302e+03  6.705903e+03
      vertex  9.082786e+03  6.462042e+03  6.873301e+03
      vertex  9.500000e+03  6.373401e+03  6.663238e+03
    endloop
  endfacet
  facet normal -1.872769e-01  7.149351e-01 -6.736432e-01
    outer loop
      vertex  9.500000e+03  6.373401e+03  6.663238e+03
      vertex  9.082786e+03  6.462042e+03  6.873301e+03
      vertex  9.500000e+03  6.485792e+03  6.782519e+03
    endloop
  endfacet
  facet normal -1.797138e-01  7.647929e-01 -6.187041e-01
    outer loop
      vertex  9.500000e+03  6.693406e+03  7.019970e+03
      vertex  9.082545e+03  6.617345e+03  7.047207e+03
      vertex  9.500000e+03  6.788727e+03  7.137798e+03
    endloop
  endfacet
  facet normal -1.754425e-01  7.588646e-01 -6.271719e-01
    outer loop
      vertex  9.500000e+03  6.788727e+03  7.137798e+03
      vertex  9.082545e+03  6.617345e+03  7.047207e+03
      vertex  9.082304e+03  6.766648e+03  7.227928e+03
    endloop
  endfacet
  facet normal -1.706931e-01  7.819584e-01 -5.995038e-01
    outer loop
      vertex  9.500000e+03  6.788727e+03  7.137798e+03
      vertex  9.082304e+03  6.766648e+03  7.227928e+03
      vertex  9.500000e+03  6.881693e+03  7.259058e+03
    endloop
  endfacet
  facet normal -1.693364e-01  7.783883e-01 -6.045138e-01
    outer loop
      vertex  9.500000e+03  6.881693e+03  7.259058e+03
      vertex  9.082304e+03  6.766648e+03  7.227928e+03
      vertex  9.082182e+03  6.839987e+03  7.322395e+03
    endloop
  endfacet
  facet normal -1.673832e-01  7.983203e-01 -5.785046e-01
    outer loop
      vertex  9.500000e+03  6.881693e+03  7.259058e+03
      vertex  9.082182e+03  6.839987e+03  7.322395e+03
      vertex  9.500000e+03  6.971510e+03  7.383002e+03
    endloop
  endfacet
  facet normal -1.638590e-01  7.917260e-01 -5.884897e-01
    outer loop
      vertex  9.500000e+03  6.971510e+03  7.383002e+03
      vertex  9.082182e+03  6.839987e+03  7.322395e+03
      vertex  9.082060e+03  6.911571e+03  7.418735e+03
    endloop
  endfacet
  facet normal -1.643782e-01  8.143634e-01 -5.565896e-01
    outer loop
      vertex  9.500000e+03  6.971510e+03  7.383002e+03
      vertex  9.082060e+03  6.911571e+03  7.418735e+03
      vertex  9.500000e+03  7.056918e+03  7.507966e+03
    endloop
  endfacet
  facet normal -1.577601e-01  8.048615e-01 -5.721099e-01
    outer loop
      vertex  9.500000e+03  7.056918e+03  7.507966e+03
      vertex  9.082060e+03  6.911571e+03  7.418735e+03
      vertex  9.081941e+03  6.979233e+03  7.513957e+03
    endloop
  endfacet
  facet normal -1.618749e-01  8.299581e-01 -5.338222e-01
    outer loop
      vertex  9.500000e+03  7.056918e+03  7.507966e+03
      vertex  9.081941e+03  6.979233e+03  7.513957e+03
      vertex  9.500000e+03  7.138981e+03  7.635554e+03
    endloop
  endfacet
  facet normal -1.509394e-01  8.177676e-01 -5.554039e-01
    outer loop
      vertex  9.500000e+03  7.138981e+03  7.635554e+03
      vertex  9.081941e+03  6.979233e+03  7.513957e+03
      vertex  9.081824e+03  7.045125e+03  7.611007e+03
    endloop
  endfacet
  facet normal -1.592608e-01  8.436728e-01 -5.126912e-01
    outer loop
      vertex  9.500000e+03  7.138981e+03  7.635554e+03
      vertex  9.081824e+03  7.045125e+03  7.611007e+03
      vertex  9.500000e+03  7.201732e+03  7.738814e+03
    endloop
  endfacet
  facet normal -1.482408e-01  8.320570e-01 -5.345147e-01
    outer loop
      vertex  9.500000e+03  7.201732e+03  7.738814e+03
      vertex  9.081824e+03  7.045125e+03  7.611007e+03
      vertex  9.081665e+03  7.131443e+03  7.745419e+03
    endloop
  endfacet
  facet normal -1.516587e-01  8.562205e-01 -4.938482e-01
    outer loop
      vertex  9.500000e+03  7.201732e+03  7.738814e+03
      vertex  9.081665e+03  7.131443e+03  7.745419e+03
      vertex  9.500000e+03  7.262234e+03  7.843712e+03
    endloop
  endfacet
  facet normal -1.454153e-01  8.480585e-01 -5.095598e-01
    outer loop
      vertex  9.500000e+03  7.262234e+03  7.843712e+03
      vertex  9.081665e+03  7.131443e+03  7.745419e+03
      vertex  9.081507e+03  7.214276e+03  7.883323e+03
    endloop
  endfacet
  facet normal -1.444188e-01  8.683409e-01 -4.744757e-01
    outer loop
      vertex  9.500000e+03  7.262234e+03  7.843712e+03
      vertex  9.081507e+03  7.214276e+03  7.883323e+03
      vertex  9.500000e+03  7.320437e+03  7.950228e+03
    endloop
  endfacet
  facet normal -1.417419e-01  8.636433e-01 -4.837659e-01
    outer loop
      vertex  9.500000e+03  7.320437e+03  7.950228e+03
      vertex  9.081507e+03  7.214276e+03  7.883323e+03
      vertex  9.081349e+03  7.293495e+03  8.024794e+03
    endloop
  endfacet
  facet normal -1.376057e-01  8.799814e-01 -4.546400e-01
    outer loop
      vertex  9.500000e+03  7.320437e+03  7.950228e+03
      vertex  9.081349e+03  7.293495e+03  8.024794e+03
      vertex  9.500000e+03  7.376293e+03  8.058342e+03
    endloop
  endfacet
  facet normal -1.412316e-01  8.898714e-01 -4.338003e-01
    outer loop
      vertex  9.500000e+03  7.376293e+03  8.058342e+03
      vertex  9.081349e+03  7.293495e+03  8.024794e+03
      vertex  9.500000e+03  7.429764e+03  8.168029e+03
    endloop
  endfacet
  facet normal -1.314352e-01  8.811727e-01 -4.541580e-01
    outer loop
      vertex  9.500000e+03  7.429764e+03  8.168029e+03
      vertex  9.081349e+03  7.293495e+03  8.024794e+03
      vertex  9.081151e+03  7.387252e+03  8.206762e+03
    endloop
  endfacet
  facet normal -1.297148e-01  9.011672e-01 -4.136084e-01
    outer loop
      vertex  9.500000e+03  7.429764e+03  8.168029e+03
      vertex  9.081151e+03  7.387252e+03  8.206762e+03
      vertex  9.500000e+03  7.480814e+03  8.279257e+03
    endloop
  endfacet
  facet normal -1.280635e-01  8.985499e-01 -4.197713e-01
    outer loop
      vertex  9.500000e+03  7.480814e+03  8.279257e+03
      vertex  9.081151e+03  7.387252e+03  8.206762e+03
      vertex  9.080956e+03  7.474953e+03  8.394551e+03
    endloop
  endfacet
  facet normal -1.209468e-01  9.114420e-01 -3.932498e-01
    outer loop
      vertex  9.500000e+03  7.480814e+03  8.279257e+03
      vertex  9.080956e+03  7.474953e+03  8.394551e+03
      vertex  9.500000e+03  7.528269e+03  8.389243e+03
    endloop
  endfacet
  facet normal -1.217722e-01  9.199908e-01 -3.725431e-01
    outer loop
      vertex  9.500000e+03  7.528269e+03  8.389243e+03
      vertex  9.080956e+03  7.474953e+03  8.394551e+03
      vertex  9.500000e+03  7.573373e+03  8.500627e+03
    endloop
  endfacet
  facet normal -1.175587e-01  9.154207e-01 -3.849480e-01
    outer loop
      vertex  9.500000e+03  7.573373e+03  8.500627e+03
      vertex  9.080956e+03  7.474953e+03  8.394551e+03
      vertex  9.080761e+03  7.556397e+03  8.588288e+03
    endloop
  endfacet
  facet normal -1.112877e-01  9.292552e-01 -3.522779e-01
    outer loop
      vertex  9.500000e+03  7.573373e+03  8.500627e+03
      vertex  9.080761e+03  7.556397e+03  8.588288e+03
      vertex  9.500000e+03  7.616113e+03  8.613369e+03
    endloop
  endfacet
  facet normal -1.135769e-01  9.365966e-01 -3.314923e-01
    outer loop
      vertex  9.500000e+03  7.616113e+03  8.613369e+03
      vertex  9.080761e+03  7.556397e+03  8.588288e+03
      vertex  9.500000e+03  7.656483e+03  8.727431e+03
    endloop
  endfacet
  facet normal -1.062141e-01  9.308738e-01 -3.495604e-01
    outer loop
      vertex  9.500000e+03  7.656483e+03  8.727431e+03
      vertex  9.080761e+03  7.556397e+03  8.588288e+03
      vertex  9.080567e+03  7.631405e+03  8.788093e+03
    endloop
  endfacet
  facet normal -1.015177e-01  9.448732e-01 -3.113015e-01
    outer loop
      vertex  9.500000e+03  7.656483e+03  8.727431e+03
      vertex  9.080567e+03  7.631405e+03  8.788093e+03
      vertex  9.500000e+03  7.694482e+03  8.842767e+03
    endloop
  endfacet
  facet normal -1.051232e-01  9.510137e-01 -2.907268e-01
    outer loop
      vertex  9.500000e+03  7.694482e+03  8.842767e+03
      vertex  9.080567e+03  7.631405e+03  8.788093e+03
      vertex  9.500000e+03  7.730117e+03  8.959332e+03
    endloop
  endfacet
  facet normal -9.419598e-02  9.447737e-01 -3.138947e-01
    outer loop
      vertex  9.500000e+03  7.730117e+03  8.959332e+03
      vertex  9.080567e+03  7.631405e+03  8.788093e+03
      vertex  9.080374e+03  7.699821e+03  8.994072e+03
    endloop
  endfacet
  facet normal -9.163231e-02  9.581281e-01 -2.712823e-01
    outer loop
      vertex  9.500000e+03  7.730117e+03  8.959332e+03
      vertex  9.080374e+03  7.699821e+03  8.994072e+03
      vertex  9.500000e+03  7.762014e+03  9.071987e+03
    endloop
  endfacet
  facet normal -8.189827e-02  9.641662e-01 -2.523417e-01
    outer loop
      vertex  9.500000e+03  7.791770e+03  9.185683e+03
      vertex  9.500000e+03  7.762014e+03  9.071987e+03
      vertex  9.080183e+03  7.761513e+03  9.206326e+03
    endloop
  endfacet
  facet normal -9.011184e-02  9.563338e-01 -2.780388e-01
    outer loop
      vertex  9.080183e+03  7.761513e+03  9.206326e+03
      vertex  9.500000e+03  7.762014e+03  9.071987e+03
      vertex  9.080374e+03  7.699821e+03  8.994072e+03
    endloop
  endfacet
  facet normal -2.182477e-01  6.362107e-01 -7.400027e-01
    outer loop
      vertex  8.242590e+03  5.807636e+03  6.493738e+03
      vertex  7.821528e+03  5.753165e+03  6.571090e+03
      vertex  8.242431e+03  5.956399e+03  6.621683e+03
    endloop
  endfacet
  facet normal -2.144348e-01  6.299235e-01 -7.464678e-01
    outer loop
      vertex  8.242431e+03  5.956399e+03  6.621683e+03
      vertex  7.821528e+03  5.753165e+03  6.571090e+03
      vertex  7.821438e+03  5.899889e+03  6.694933e+03
    endloop
  endfacet
  facet normal -2.139823e-01  6.563141e-01 -7.235076e-01
    outer loop
      vertex  8.242431e+03  5.956399e+03  6.621683e+03
      vertex  7.821438e+03  5.899889e+03  6.694933e+03
      vertex  8.242272e+03  6.102291e+03  6.754072e+03
    endloop
  endfacet
  facet normal -2.101087e-01  6.501968e-01 -7.301359e-01
    outer loop
      vertex  8.242272e+03  6.102291e+03  6.754072e+03
      vertex  7.821438e+03  5.899889e+03  6.694933e+03
      vertex  7.821348e+03  6.043882e+03  6.823187e+03
    endloop
  endfacet
  facet normal -2.097714e-01  6.772172e-01 -7.052466e-01
    outer loop
      vertex  8.242272e+03  6.102291e+03  6.754072e+03
      vertex  7.821348e+03  6.043882e+03  6.823187e+03
      vertex  8.242114e+03  6.244980e+03  6.891138e+03
    endloop
  endfacet
  facet normal -2.057768e-01  6.711918e-01 -7.121499e-01
    outer loop
      vertex  8.242114e+03  6.244980e+03  6.891138e+03
      vertex  7.821348e+03  6.043882e+03  6.823187e+03
      vertex  7.821259e+03  6.184862e+03  6.956083e+03
    endloop
  endfacet
  facet normal -1.885020e-01  7.816915e-01 -5.944960e-01
    outer loop
      vertex  8.241528e+03  6.746045e+03  7.450627e+03
      vertex  7.820936e+03  6.681900e+03  7.499646e+03
      vertex  8.241384e+03  6.861608e+03  7.602625e+03
    endloop
  endfacet
  facet normal -1.833850e-01  7.753494e-01 -6.043203e-01
    outer loop
      vertex  8.241384e+03  6.861608e+03  7.602625e+03
      vertex  7.820936e+03  6.681900e+03  7.499646e+03
      vertex  7.820857e+03  6.797197e+03  7.647596e+03
    endloop
  endfacet
  facet normal -1.836266e-01  8.024541e-01 -5.677577e-01
    outer loop
      vertex  8.241384e+03  6.861608e+03  7.602625e+03
      vertex  7.820857e+03  6.797197e+03  7.647596e+03
      vertex  8.241240e+03  6.972792e+03  7.759815e+03
    endloop
  endfacet
  facet normal -1.780741e-01  7.960173e-01 -5.784860e-01
    outer loop
      vertex  8.241240e+03  6.972792e+03  7.759815e+03
      vertex  7.820857e+03  6.797197e+03  7.647596e+03
      vertex  7.820781e+03  6.908456e+03  7.800715e+03
    endloop
  endfacet
  facet normal -1.783905e-01  8.228115e-01 -5.395907e-01
    outer loop
      vertex  8.241240e+03  6.972792e+03  7.759815e+03
      vertex  7.820781e+03  6.908456e+03  7.800715e+03
      vertex  8.241099e+03  7.079356e+03  7.922360e+03
    endloop
  endfacet
  facet normal -1.723565e-01  8.163078e-01 -5.513027e-01
    outer loop
      vertex  8.241099e+03  7.079356e+03  7.922360e+03
      vertex  7.820781e+03  6.908456e+03  7.800715e+03
      vertex  7.820706e+03  7.015454e+03  7.959170e+03
    endloop
  endfacet
  facet normal -1.727437e-01  8.425875e-01 -5.101036e-01
    outer loop
      vertex  8.241099e+03  7.079356e+03  7.922360e+03
      vertex  7.820706e+03  7.015454e+03  7.959170e+03
      vertex  8.240957e+03  7.181069e+03  8.090417e+03
    endloop
  endfacet
  facet normal -1.661873e-01  8.360608e-01 -5.228615e-01
    outer loop
      vertex  8.240957e+03  7.181069e+03  8.090417e+03
      vertex  7.820706e+03  7.015454e+03  7.959170e+03
      vertex  7.820632e+03  7.117972e+03  8.123121e+03
    endloop
  endfacet
  facet normal -1.419683e-01  9.184955e-01 -3.690678e-01
    outer loop
      vertex  8.240484e+03  7.489954e+03  8.710472e+03
      vertex  7.820396e+03  7.432487e+03  8.729048e+03
      vertex  8.240362e+03  7.561178e+03  8.887773e+03
    endloop
  endfacet
  facet normal -1.336402e-01  9.126228e-01 -3.863415e-01
    outer loop
      vertex  8.240362e+03  7.561178e+03  8.887773e+03
      vertex  7.820396e+03  7.432487e+03  8.729048e+03
      vertex  7.820337e+03  7.505944e+03  8.902591e+03
    endloop
  endfacet
  facet normal -1.344146e-01  9.314299e-01 -3.381880e-01
    outer loop
      vertex  8.240362e+03  7.561178e+03  8.887773e+03
      vertex  7.820337e+03  7.505944e+03  8.902591e+03
      vertex  8.240240e+03  7.627431e+03  9.070293e+03
    endloop
  endfacet
  facet normal -1.256129e-01  9.259159e-01 -3.562318e-01
    outer loop
      vertex  8.240240e+03  7.627431e+03  9.070293e+03
      vertex  7.820337e+03  7.505944e+03  8.902591e+03
      vertex  7.820281e+03  7.574718e+03  9.081366e+03
    endloop
  endfacet
  facet normal -1.264904e-01  9.432154e-01 -3.071562e-01
    outer loop
      vertex  8.240240e+03  7.627431e+03  9.070293e+03
      vertex  7.820281e+03  7.574718e+03  9.081366e+03
      vertex  8.240121e+03  7.688580e+03  9.258118e+03
    endloop
  endfacet
  facet normal -1.172440e-01  9.381266e-01 -3.258409e-01
    outer loop
      vertex  8.240121e+03  7.688580e+03  9.258118e+03
      vertex  7.820281e+03  7.574718e+03  9.081366e+03
      vertex  7.820227e+03  7.638655e+03  9.265468e+03
    endloop
  endfacet
  facet normal -1.182398e-01  9.538196e-01 -2.761298e-01
    outer loop
      vertex  8.240121e+03  7.688580e+03  9.258118e+03
      vertex  7.820227e+03  7.638655e+03  9.265468e+03
      vertex  8.240003e+03  7.744499e+03  9.451328e+03
    endloop
  endfacet
  facet normal -1.085905e-01  9.492134e-01 -2.953000e-01
    outer loop
      vertex  8.240003e+03  7.744499e+03  9.451328e+03
      vertex  7.820227e+03  7.638655e+03  9.265468e+03
      vertex  7.820175e+03  7.697608e+03  9.454984e+03
    endloop
  endfacet
  facet normal -2.180064e-01  6.272948e-01 -7.476461e-01
    outer loop
      vertex  8.663408e+03  5.748660e+03  6.323318e+03
      vertex  8.242706e+03  5.697909e+03  6.403410e+03
      vertex  8.663263e+03  5.859427e+03  6.416297e+03
    endloop
  endfacet
  facet normal -2.152124e-01  6.205323e-01 -7.540711e-01
    outer loop
      vertex  8.663263e+03  5.859427e+03  6.416297e+03
      vertex  8.242706e+03  5.697909e+03  6.403410e+03
      vertex  8.242590e+03  5.807636e+03  6.493738e+03
    endloop
  endfacet
  facet normal -2.144817e-01  6.436962e-01 -7.346106e-01
    outer loop
      vertex  8.663263e+03  5.859427e+03  6.416297e+03
      vertex  8.242590e+03  5.807636e+03  6.493738e+03
      vertex  8.663062e+03  6.010053e+03  6.548340e+03
    endloop
  endfacet
  facet normal -2.105450e-01  6.373178e-01 -7.412804e-01
    outer loop
      vertex  8.663062e+03  6.010053e+03  6.548340e+03
      vertex  8.242590e+03  5.807636e+03  6.493738e+03
      vertex  8.242431e+03  5.956399e+03  6.621683e+03
    endloop
  endfacet
  facet normal -2.098436e-01  6.637177e-01 -7.179446e-01
    outer loop
      vertex  8.663062e+03  6.010053e+03  6.548340e+03
      vertex  8.242431e+03  5.956399e+03  6.621683e+03
      vertex  8.662861e+03  6.157666e+03  6.684863e+03
    endloop
  endfacet
  facet normal -2.058344e-01  6.574945e-01 -7.247987e-01
    outer loop
      vertex  8.662861e+03  6.157666e+03  6.684863e+03
      vertex  8.242431e+03  5.956399e+03  6.621683e+03
      vertex  8.242272e+03  6.102291e+03  6.754072e+03
    endloop
  endfacet
  facet normal -2.052283e-01  6.846218e-01 -6.994100e-01
    outer loop
      vertex  8.662861e+03  6.157666e+03  6.684863e+03
      vertex  8.242272e+03  6.102291e+03  6.754072e+03
      vertex  8.662661e+03  6.301891e+03  6.826097e+03
    endloop
  endfacet
  facet normal -2.010900e-01  6.784846e-01 -7.065560e-01
    outer loop
      vertex  8.662661e+03  6.301891e+03  6.826097e+03
      vertex  8.242272e+03  6.102291e+03  6.754072e+03
      vertex  8.242114e+03  6.244980e+03  6.891138e+03
    endloop
  endfacet
  facet normal -2.006731e-01  7.022342e-01 -6.830794e-01
    outer loop
      vertex  8.662661e+03  6.301891e+03  6.826097e+03
      vertex  8.242114e+03  6.244980e+03  6.891138e+03
      vertex  8.662537e+03  6.390145e+03  6.916862e+03
    endloop
  endfacet
  facet normal -1.980353e-01  6.958773e-01 -6.903165e-01
    outer loop
      vertex  8.662537e+03  6.390145e+03  6.916862e+03
      vertex  8.242114e+03  6.244980e+03  6.891138e+03
      vertex  8.242016e+03  6.332391e+03  6.979281e+03
    endloop
  endfacet
  facet normal -1.977119e-01  7.159902e-01 -6.695282e-01
    outer loop
      vertex  8.662537e+03  6.390145e+03  6.916862e+03
      vertex  8.242016e+03  6.332391e+03  6.979281e+03
      vertex  8.662412e+03  6.476841e+03  7.009611e+03
    endloop
  endfacet
  facet normal -1.949767e-01  7.096145e-01 -6.770756e-01
    outer loop
      vertex  8.662412e+03  6.476841e+03  7.009611e+03
      vertex  8.242016e+03  6.332391e+03  6.979281e+03
      vertex  8.241917e+03  6.418345e+03  7.069394e+03
    endloop
  endfacet
  facet normal -1.946503e-01  7.322141e-01 -6.526668e-01
    outer loop
      vertex  8.662412e+03  6.476841e+03  7.009611e+03
      vertex  8.241917e+03  6.418345e+03  7.069394e+03
      vertex  8.662247e+03  6.589861e+03  7.136456e+03
    endloop
  endfacet
  facet normal -1.908002e-01  7.259429e-01 -6.607589e-01
    outer loop
      vertex  8.662247e+03  6.589861e+03  7.136456e+03
      vertex  8.241917e+03  6.418345e+03  7.069394e+03
      vertex  8.241787e+03  6.530549e+03  7.192705e+03
    endloop
  endfacet
  facet normal -1.905167e-01  7.510170e-01 -6.322001e-01
    outer loop
      vertex  8.662247e+03  6.589861e+03  7.136456e+03
      vertex  8.241787e+03  6.530549e+03  7.192705e+03
      vertex  8.662081e+03  6.699752e+03  7.267050e+03
    endloop
  endfacet
  facet normal -1.864334e-01  7.446779e-01 -6.408567e-01
    outer loop
      vertex  8.662081e+03  6.699752e+03  7.267050e+03
      vertex  8.241787e+03  6.530549e+03  7.192705e+03
      vertex  8.241657e+03  6.639842e+03  7.319741e+03
    endloop
  endfacet
  facet normal -1.862094e-01  7.699116e-01 -6.103787e-01
    outer loop
      vertex  8.662081e+03  6.699752e+03  7.267050e+03
      vertex  8.241657e+03  6.639842e+03  7.319741e+03
      vertex  8.661917e+03  6.806314e+03  7.401514e+03
    endloop
  endfacet
  facet normal -1.818548e-01  7.634904e-01 -6.196865e-01
    outer loop
      vertex  8.661917e+03  6.806314e+03  7.401514e+03
      vertex  8.241657e+03  6.639842e+03  7.319741e+03
      vertex  8.241528e+03  6.746045e+03  7.450627e+03
    endloop
  endfacet
  facet normal -1.816711e-01  7.899089e-01 -5.856957e-01
    outer loop
      vertex  8.661917e+03  6.806314e+03  7.401514e+03
      vertex  8.241528e+03  6.746045e+03  7.450627e+03
      vertex  8.661732e+03  6.921977e+03  7.557562e+03
    endloop
  endfacet
  facet normal -1.763979e-01  7.834850e-01 -5.958481e-01
    outer loop
      vertex  8.661732e+03  6.921977e+03  7.557562e+03
      vertex  8.241528e+03  6.746045e+03  7.450627e+03
      vertex  8.241384e+03  6.861608e+03  7.602625e+03
    endloop
  endfacet
  facet normal -1.762782e-01  8.108783e-01 -5.580342e-01
    outer loop
      vertex  8.661732e+03  6.921977e+03  7.557562e+03
      vertex  8.241384e+03  6.861608e+03  7.602625e+03
      vertex  8.661549e+03  7.032916e+03  7.718825e+03
    endloop
  endfacet
  facet normal -1.705658e-01  8.043783e-01 -5.691069e-01
    outer loop
      vertex  8.661549e+03  7.032916e+03  7.718825e+03
      vertex  8.241384e+03  6.861608e+03  7.602625e+03
      vertex  8.241240e+03  6.972792e+03  7.759815e+03
    endloop
  endfacet
  facet normal -1.705068e-01  8.314109e-01 -5.288509e-01
    outer loop
      vertex  8.661549e+03  7.032916e+03  7.718825e+03
      vertex  8.241240e+03  6.972792e+03  7.759815e+03
      vertex  8.661366e+03  7.138875e+03  7.885464e+03
    endloop
  endfacet
  facet normal -1.643082e-01  8.248655e-01 -5.409249e-01
    outer loop
      vertex  8.661366e+03  7.138875e+03  7.885464e+03
      vertex  8.241240e+03  6.972792e+03  7.759815e+03
      vertex  8.241099e+03  7.079356e+03  7.922360e+03
    endloop
  endfacet
  facet normal -1.643087e-01  8.513061e-01 -4.982776e-01
    outer loop
      vertex  8.661366e+03  7.138875e+03  7.885464e+03
      vertex  8.241099e+03  7.079356e+03  7.922360e+03
      vertex  8.661185e+03  7.239611e+03  8.057630e+03
    endloop
  endfacet
  facet normal -1.575851e-01  8.447650e-01 -5.114088e-01
    outer loop
      vertex  8.661185e+03  7.239611e+03  8.057630e+03
      vertex  8.241099e+03  7.079356e+03  7.922360e+03
      vertex  8.240957e+03  7.181069e+03  8.090417e+03
    endloop
  endfacet
  facet normal -1.576467e-01  8.703734e-01 -4.664736e-01
    outer loop
      vertex  8.661185e+03  7.239611e+03  8.057630e+03
      vertex  8.240957e+03  7.181069e+03  8.090417e+03
      vertex  8.661003e+03  7.334891e+03  8.235471e+03
    endloop
  endfacet
  facet normal -1.466852e-01  8.605462e-01 -4.877947e-01
    outer loop
      vertex  8.661003e+03  7.334891e+03  8.235471e+03
      vertex  8.240957e+03  7.181069e+03  8.090417e+03
      vertex  8.240877e+03  7.236926e+03  8.188981e+03
    endloop
  endfacet
  facet normal -1.509558e-01  8.700635e-01 -4.692566e-01
    outer loop
      vertex  8.661003e+03  7.334891e+03  8.235471e+03
      vertex  8.240877e+03  7.236926e+03  8.188981e+03
      vertex  8.240798e+03  7.291084e+03  8.289423e+03
    endloop
  endfacet
  facet normal -1.483445e-01  8.887326e-01 -4.337605e-01
    outer loop
      vertex  8.661003e+03  7.334891e+03  8.235471e+03
      vertex  8.240798e+03  7.291084e+03  8.289423e+03
      vertex  8.660823e+03  7.424497e+03  8.419126e+03
    endloop
  endfacet
  facet normal -1.419252e-01  8.825832e-01 -4.482231e-01
    outer loop
      vertex  8.660823e+03  7.424497e+03  8.419126e+03
      vertex  8.240798e+03  7.291084e+03  8.289423e+03
      vertex  8.240692e+03  7.360585e+03  8.426309e+03
    endloop
  endfacet
  facet normal -1.433427e-01  8.947403e-01 -4.229568e-01
    outer loop
      vertex  8.660823e+03  7.424497e+03  8.419126e+03
      vertex  8.240692e+03  7.360585e+03  8.426309e+03
      vertex  8.240588e+03  7.426904e+03  8.566639e+03
    endloop
  endfacet
  facet normal -1.825616e-01  7.578614e-01 -6.263525e-01
    outer loop
      vertex  9.082545e+03  6.617345e+03  7.047207e+03
      vertex  8.662247e+03  6.589861e+03  7.136456e+03
      vertex  9.082304e+03  6.766648e+03  7.227928e+03
    endloop
  endfacet
  facet normal -1.788126e-01  7.527071e-01 -6.336071e-01
    outer loop
      vertex  9.082304e+03  6.766648e+03  7.227928e+03
      vertex  8.662247e+03  6.589861e+03  7.136456e+03
      vertex  8.662081e+03  6.699752e+03  7.267050e+03
    endloop
  endfacet
  facet normal -1.798512e-01  7.769089e-01 -6.033790e-01
    outer loop
      vertex  9.082304e+03  6.766648e+03  7.227928e+03
      vertex  8.662081e+03  6.699752e+03  7.267050e+03
      vertex  9.082182e+03  6.839987e+03  7.322395e+03
    endloop
  endfacet
  facet normal -1.769048e-01  7.712635e-01 -6.114388e-01
    outer loop
      vertex  9.082182e+03  6.839987e+03  7.322395e+03
      vertex  8.662081e+03  6.699752e+03  7.267050e+03
      vertex  8.661917e+03  6.806314e+03  7.401514e+03
    endloop
  endfacet
  facet normal -1.739206e-01  7.903360e-01 -5.874696e-01
    outer loop
      vertex  9.082182e+03  6.839987e+03  7.322395e+03
      vertex  8.661917e+03  6.806314e+03  7.401514e+03
      vertex  9.082060e+03  6.911571e+03  7.418735e+03
    endloop
  endfacet
  facet normal -1.741288e-01  7.910087e-01 -5.865018e-01
    outer loop
      vertex  9.082060e+03  6.911571e+03  7.418735e+03
      vertex  8.661917e+03  6.806314e+03  7.401514e+03
      vertex  8.661732e+03  6.921977e+03  7.557562e+03
    endloop
  endfacet
  facet normal -1.687251e-01  8.033761e-01 -5.710680e-01
    outer loop
      vertex  9.082060e+03  6.911571e+03  7.418735e+03
      vertex  8.661732e+03  6.921977e+03  7.557562e+03
      vertex  9.081941e+03  6.979233e+03  7.513957e+03
    endloop
  endfacet
  facet normal -1.685727e-01  8.153968e-01 -5.538154e-01
    outer loop
      vertex  9.081941e+03  6.979233e+03  7.513957e+03
      vertex  8.661732e+03  6.921977e+03  7.557562e+03
      vertex  9.081824e+03  7.045125e+03  7.611007e+03
    endloop
  endfacet
  facet normal -1.669880e-01  8.122168e-01 -5.589443e-01
    outer loop
      vertex  9.081824e+03  7.045125e+03  7.611007e+03
      vertex  8.661732e+03  6.921977e+03  7.557562e+03
      vertex  8.661549e+03  7.032916e+03  7.718825e+03
    endloop
  endfacet
  facet normal -1.609747e-01  8.303733e-01 -5.334485e-01
    outer loop
      vertex  9.081824e+03  7.045125e+03  7.611007e+03
      vertex  8.661549e+03  7.032916e+03  7.718825e+03
      vertex  9.081665e+03  7.131443e+03  7.745419e+03
    endloop
  endfacet
  facet normal -8.381202e-02  9.613644e-01 -2.622100e-01
    outer loop
      vertex  8.659945e+03  7.780849e+03  9.428968e+03
      vertex  9.079993e+03  7.816371e+03  9.424942e+03
      vertex  8.660118e+03  7.722346e+03  9.214418e+03
    endloop
  endfacet
  facet normal -9.469612e-02  9.655508e-01 -2.423723e-01
    outer loop
      vertex  8.660118e+03  7.722346e+03  9.214418e+03
      vertex  9.079993e+03  7.816371e+03  9.424942e+03
      vertex  9.080183e+03  7.761513e+03  9.206326e+03
    endloop
  endfacet
  facet normal -9.431837e-02  9.502237e-01 -2.969493e-01
    outer loop
      vertex  8.660118e+03  7.722346e+03  9.214418e+03
      vertex  9.080183e+03  7.761513e+03  9.206326e+03
      vertex  8.660292e+03  7.657314e+03  9.006263e+03
    endloop
  endfacet
  facet normal -1.046879e-01  9.549604e-01 -2.776528e-01
    outer loop
      vertex  8.660292e+03  7.657314e+03  9.006263e+03
      vertex  9.080183e+03  7.761513e+03  9.206326e+03
      vertex  9.080374e+03  7.699821e+03  8.994072e+03
    endloop
  endfacet
  facet normal -1.044968e-01  9.375369e-01 -3.318207e-01
    outer loop
      vertex  8.660292e+03  7.657314e+03  9.006263e+03
      vertex  9.080374e+03  7.699821e+03  8.994072e+03
      vertex  8.660468e+03  7.585889e+03  8.804401e+03
    endloop
  endfacet
  facet normal -1.143056e-01  9.427674e-01 -3.132472e-01
    outer loop
      vertex  8.660468e+03  7.585889e+03  8.804401e+03
      vertex  9.080374e+03  7.699821e+03  8.994072e+03
      vertex  9.080567e+03  7.631405e+03  8.788093e+03
    endloop
  endfacet
  facet normal -1.142714e-01  9.233421e-01 -3.665808e-01
    outer loop
      vertex  8.660468e+03  7.585889e+03  8.804401e+03
      vertex  9.080567e+03  7.631405e+03  8.788093e+03
      vertex  8.660646e+03  7.508226e+03  8.608729e+03
    endloop
  endfacet
  facet normal -1.234941e-01  9.289978e-01 -3.488728e-01
    outer loop
      vertex  8.660646e+03  7.508226e+03  8.608729e+03
      vertex  9.080567e+03  7.631405e+03  8.788093e+03
      vertex  9.080761e+03  7.556397e+03  8.588288e+03
    endloop
  endfacet
  facet normal -1.235887e-01  9.077178e-01 -4.009666e-01
    outer loop
      vertex  8.660646e+03  7.508226e+03  8.608729e+03
      vertex  9.080761e+03  7.556397e+03  8.588288e+03
      vertex  8.660823e+03  7.424497e+03  8.419126e+03
    endloop
  endfacet
  facet normal -1.322081e-01  9.137155e-01 -3.842459e-01
    outer loop
      vertex  8.660823e+03  7.424497e+03  8.419126e+03
      vertex  9.080761e+03  7.556397e+03  8.588288e+03
      vertex  9.080956e+03  7.474953e+03  8.394551e+03
    endloop
  endfacet
  facet normal -1.324060e-01  8.907698e-01 -4.347388e-01
    outer loop
      vertex  8.660823e+03  7.424497e+03  8.419126e+03
      vertex  9.080956e+03  7.474953e+03  8.394551e+03
      vertex  8.661003e+03  7.334891e+03  8.235471e+03
    endloop
  endfacet
  facet normal -1.404272e-01  8.970273e-01 -4.190730e-01
    outer loop
      vertex  8.661003e+03  7.334891e+03  8.235471e+03
      vertex  9.080956e+03  7.474953e+03  8.394551e+03
      vertex  9.081151e+03  7.387252e+03  8.206762e+03
    endloop
  endfacet
  facet normal -1.407076e-01  8.726333e-01 -4.676671e-01
    outer loop
      vertex  8.661003e+03  7.334891e+03  8.235471e+03
      vertex  9.081151e+03  7.387252e+03  8.206762e+03
      vertex  8.661185e+03  7.239611e+03  8.057630e+03
    endloop
  endfacet
  facet normal -1.481455e-01  8.790681e-01 -4.530917e-01
    outer loop
      vertex  8.661185e+03  7.239611e+03  8.057630e+03
      vertex  9.081151e+03  7.387252e+03  8.206762e+03
      vertex  9.081349e+03  7.293495e+03  8.024794e+03
    endloop
  endfacet
  facet normal -1.484924e-01  8.534751e-01 -4.995300e-01
    outer loop
      vertex  8.661185e+03  7.239611e+03  8.057630e+03
      vertex  9.081349e+03  7.293495e+03  8.024794e+03
      vertex  8.661366e+03  7.138875e+03  7.885464e+03
    endloop
  endfacet
  facet normal -1.570897e-01  8.616124e-01 -4.826458e-01
    outer loop
      vertex  8.661366e+03  7.138875e+03  7.885464e+03
      vertex  9.081349e+03  7.293495e+03  8.024794e+03
      vertex  9.081507e+03  7.214276e+03  7.883323e+03
    endloop
  endfacet
  facet normal -1.545760e-01  8.468624e-01 -5.088519e-01
    outer loop
      vertex  8.661366e+03  7.138875e+03  7.885464e+03
      vertex  9.081507e+03  7.214276e+03  7.883323e+03
      vertex  9.081665e+03  7.131443e+03  7.745419e+03
    endloop
  endfacet
endsolid CATIA STL
