60	40	19.87253097936558	104.32196903013842	92.97074142855386	0.07169905764704029	6.448893984716672	1.77793640733438	0.20033900607546515	156.47225469647066	586.3682859854433
60	20	19.87253097936558	104.34425779649898	92.97032153545373	0.070565474154031	6.449554482313979	1.3564438868604043	0.11060910426115388	156.47225469647066	586.4941099472057
60	10	19.87253097936558	104.34821099812179	92.97015576336338	0.07036446899036587	6.449671600663414	1.2785046689430715	0.09641307235526517	156.47225469647066	586.5164264577645
60	5	19.87253097936558	104.34912486755275	92.97007728487773	0.07031800439679088	6.449698673880875	1.2602773050210203	0.09321596188410333	156.47225469647066	586.5215854096094
60	2	19.87253097936558	104.34937577800113	92.97003084789274	0.07030524729880988	6.449706106974792	1.255257706785926	0.09234389264014897	156.47225469647066	586.52300184272
60	0	19.87253097936558	104.34942332804167	92.97000000000001	0.070302829708012	6.449707515616434	1.254305691694583	0.09217890672113994	156.47225469647066	586.5232702709669
60	-2	19.87253097936558	104.34937577800116	92.96996915210724	0.07030524729880955	6.44970610697479	1.2552577067861534	0.0923438926401508	156.47225469647066	586.52300184272
60	-5	19.87253097936558	104.34912486755273	92.96992271512231	0.07031800439679105	6.449698673880876	1.260277305021134	0.09321596188410233	156.47225469647066	586.5215854096094
60	-10	19.87253097936558	104.34821099812181	92.96984423663662	0.07036446899036426	6.449671600663415	1.278504668942844	0.09641307235526311	156.47225469647066	586.5164264577647
60	-20	19.87253097936558	104.34425779649897	92.96967846454629	0.07056547415403133	6.44955448231398	1.3564438868600632	0.11060910426115227	156.47225469647066	586.4941099472057
60	-40	19.87253097936558	104.32196903013859	92.96925857144616	0.07169905764703016	6.448893984716679	1.7779364073340957	0.20033900607544156	156.47225469647066	586.3682859854445
30	40	19.87253097936558	105.54323999999927	92.97000000000001	0.00000000000000026928971889061015	6.5024999999999995	0	0	285.2112100562819	343.1474590499976
30	20	19.87253097936558	105.54323999999927	92.97000000000001	0.00000000000000026928971889061015	6.5024999999999995	0	0	285.2112100562819	343.1474590499976
30	10	19.87253097936558	105.54323999999927	92.97000000000001	0.00000000000000026928971889061015	6.5024999999999995	0	0	285.2112100562819	343.1474590499976
30	5	19.87253097936558	105.54323999999927	92.97000000000001	0.00000000000000026928971889061015	6.5024999999999995	0	0	285.2112100562819	343.1474590499976
30	2	19.87253097936558	105.54323999999927	92.97000000000001	0.00000000000000026928971889061015	6.5024999999999995	0	0	285.2112100562819	343.1474590499976
30	0	19.87253097936558	105.54323999999927	92.97000000000001	0.00000000000000026928971889061015	6.5024999999999995	0	0	285.2112100562819	343.1474590499976
30	-2	19.87253097936558	105.54323999999927	92.97000000000001	0.00000000000000026928971889061015	6.5024999999999995	0	0	285.2112100562819	343.1474590499976
30	-5	19.87253097936558	105.54323999999927	92.97000000000001	0.00000000000000026928971889061015	6.5024999999999995	0	0	285.2112100562819	343.1474590499976
30	-10	19.87253097936558	105.54323999999927	92.97000000000001	0.00000000000000026928971889061015	6.5024999999999995	0	0	285.2112100562819	343.1474590499976
30	-20	19.87253097936558	105.54323999999927	92.97000000000001	0.00000000000000026928971889061015	6.5024999999999995	0	0	285.2112100562819	343.1474590499976
30	-40	19.87253097936558	105.54323999999927	92.97000000000001	0.00000000000000026928971889061015	6.5024999999999995	0	0	285.2112100562819	343.1474590499976
15	40	19.87253097936558	105.54323999999927	92.97000000000001	0.00000000000000026928971889061015	6.5024999999999995	0	0	205.47137962824863	177.62619536135347
15	20	19.87253097936558	105.54323999999927	92.97000000000001	0.00000000000000026928971889061015	6.5024999999999995	0	0	205.47137962824863	177.62619536135347
15	10	19.87253097936558	105.54323999999927	92.97000000000001	0.00000000000000026928971889061015	6.5024999999999995	0	0	205.47137962824863	177.62619536135347
15	5	19.87253097936558	105.54323999999927	92.97000000000001	0.00000000000000026928971889061015	6.5024999999999995	0	0	205.47137962824863	177.62619536135347
15	2	19.87253097936558	105.54323999999927	92.97000000000001	0.00000000000000026928971889061015	6.5024999999999995	0	0	205.47137962824863	177.62619536135347
15	0	19.87253097936558	105.54323999999927	92.97000000000001	0.00000000000000026928971889061015	6.5024999999999995	0	0	205.47137962824863	177.62619536135347
15	-2	19.87253097936558	105.54323999999927	92.97000000000001	0.00000000000000026928971889061015	6.5024999999999995	0	0	205.47137962824863	177.62619536135347
15	-5	19.87253097936558	105.54323999999927	92.97000000000001	0.00000000000000026928971889061015	6.5024999999999995	0	0	205.47137962824863	177.62619536135347
15	-10	19.87253097936558	105.54323999999927	92.97000000000001	0.00000000000000026928971889061015	6.5024999999999995	0	0	205.47137962824863	177.62619536135347
15	-20	19.87253097936558	105.54323999999927	92.97000000000001	0.00000000000000026928971889061015	6.5024999999999995	0	0	205.47137962824863	177.62619536135347
15	-40	19.87253097936558	105.54323999999927	92.97000000000001	0.00000000000000026928971889061015	6.5024999999999995	0	0	205.47137962824863	177.62619536135347
10	40	19.87253097936558	105.54323999999927	92.97000000000001	0.00000000000000026928971889061015	6.5024999999999995	0	0	193.8620946021116	119.1738618701394
10	20	19.87253097936558	105.54323999999927	92.97000000000001	0.00000000000000026928971889061015	6.5024999999999995	0	0	193.8620946021116	119.1738618701394
10	10	19.87253097936558	105.54323999999927	92.97000000000001	0.00000000000000026928971889061015	6.5024999999999995	0	0	193.8620946021116	119.1738618701394
10	5	19.87253097936558	105.54323999999927	92.97000000000001	0.00000000000000026928971889061015	6.5024999999999995	0	0	193.8620946021116	119.1738618701394
10	2	19.87253097936558	105.54323999999927	92.97000000000001	0.00000000000000026928971889061015	6.5024999999999995	0	0	193.8620946021116	119.1738618701394
10	0	19.87253097936558	105.54323999999927	92.97000000000001	0.00000000000000026928971889061015	6.5024999999999995	0	0	193.8620946021116	119.1738618701394
10	-2	19.87253097936558	105.54323999999927	92.97000000000001	0.00000000000000026928971889061015	6.5024999999999995	0	0	193.8620946021116	119.1738618701394
10	-5	19.87253097936558	105.54323999999927	92.97000000000001	0.00000000000000026928971889061015	6.5024999999999995	0	0	193.8620946021116	119.1738618701394
10	-10	19.87253097936558	105.54323999999927	92.97000000000001	0.00000000000000026928971889061015	6.5024999999999995	0	0	193.8620946021116	119.1738618701394
10	-20	19.87253097936558	105.54323999999927	92.97000000000001	0.00000000000000026928971889061015	6.5024999999999995	0	0	193.8620946021116	119.1738618701394
10	-40	19.87253097936558	105.54323999999927	92.97000000000001	0.00000000000000026928971889061015	6.5024999999999995	0	0	193.8620946021116	119.1738618701394
5	40	19.87253097936558	105.54323999999927	92.97000000000001	0.00000000000000026928971889061015	6.5024999999999995	0	0	187.28065627840928	59.81454333094834
5	20	19.87253097936558	105.54323999999927	92.97000000000001	0.00000000000000026928971889061015	6.5024999999999995	0	0	187.28065627840928	59.81454333094834
5	10	19.87253097936558	105.54323999999927	92.97000000000001	0.00000000000000026928971889061015	6.5024999999999995	0	0	187.28065627840928	59.81454333094834
5	5	19.87253097936558	105.54323999999927	92.97000000000001	0.00000000000000026928971889061015	6.5024999999999995	0	0	187.28065627840928	59.81454333094834
5	2	19.87253097936558	105.54323999999927	92.97000000000001	0.00000000000000026928971889061015	6.5024999999999995	0	0	187.28065627840928	59.81454333094834
5	0	19.87253097936558	105.54323999999927	92.97000000000001	0.00000000000000026928971889061015	6.5024999999999995	0	0	187.28065627840928	59.81454333094834
5	-2	19.87253097936558	105.54323999999927	92.97000000000001	0.00000000000000026928971889061015	6.5024999999999995	0	0	187.28065627840928	59.81454333094834
5	-5	19.87253097936558	105.54323999999927	92.97000000000001	0.00000000000000026928971889061015	6.5024999999999995	0	0	187.28065627840928	59.81454333094834
5	-10	19.87253097936558	105.54323999999927	92.97000000000001	0.00000000000000026928971889061015	6.5024999999999995	0	0	187.28065627840928	59.81454333094834
5	-20	19.87253097936558	105.54323999999927	92.97000000000001	0.00000000000000026928971889061015	6.5024999999999995	0	0	187.28065627840928	59.81454333094834
5	-40	19.87253097936558	105.54323999999927	92.97000000000001	0.00000000000000026928971889061015	6.5024999999999995	0	0	187.28065627840928	59.81454333094834
2	40	19.87253097936558	105.54323999999927	92.97000000000001	0.00000000000000026928971889061015	6.5024999999999995	0	0	185.4869646839277	23.951347231173987
2	20	19.87253097936558	105.54323999999927	92.97000000000001	0.00000000000000026928971889061015	6.5024999999999995	0	0	185.4869646839277	23.951347231173987
2	10	19.87253097936558	105.54323999999927	92.97000000000001	0.00000000000000026928971889061015	6.5024999999999995	0	0	185.4869646839277	23.951347231173987
2	5	19.87253097936558	105.54323999999927	92.97000000000001	0.00000000000000026928971889061015	6.5024999999999995	0	0	185.4869646839277	23.951347231173987
2	2	19.87253097936558	105.54323999999927	92.97000000000001	0.00000000000000026928971889061015	6.5024999999999995	0	0	185.4869646839277	23.951347231173987
2	0	19.87253097936558	105.54323999999927	92.97000000000001	0.00000000000000026928971889061015	6.5024999999999995	0	0	185.4869646839277	23.951347231173987
2	-2	19.87253097936558	105.54323999999927	92.97000000000001	0.00000000000000026928971889061015	6.5024999999999995	0	0	185.4869646839277	23.951347231173987
2	-5	19.87253097936558	105.54323999999927	92.97000000000001	0.00000000000000026928971889061015	6.5024999999999995	0	0	185.4869646839277	23.951347231173987
2	-10	19.87253097936558	105.54323999999927	92.97000000000001	0.00000000000000026928971889061015	6.5024999999999995	0	0	185.4869646839277	23.951347231173987
2	-20	19.87253097936558	105.54323999999927	92.97000000000001	0.00000000000000026928971889061015	6.5024999999999995	0	0	185.4869646839277	23.951347231173987
2	-40	19.87253097936558	105.54323999999927	92.97000000000001	0.00000000000000026928971889061015	6.5024999999999995	0	0	185.4869646839277	23.951347231173987
0	40	19.87253097936558	105.54323999999927	92.97000000000001	0.00000000000000026928971889061015	6.5024999999999995	0	0	185.14769119991095	0.000000000000028421709430404004
0	20	19.87253097936558	105.54323999999927	92.97000000000001	0.00000000000000026928971889061015	6.5024999999999995	0	0	185.14769119991095	0.000000000000028421709430404004
0	10	19.87253097936558	105.54323999999927	92.97000000000001	0.00000000000000026928971889061015	6.5024999999999995	0	0	185.14769119991095	0.000000000000028421709430404004
0	5	19.87253097936558	105.54323999999927	92.97000000000001	0.00000000000000026928971889061015	6.5024999999999995	0	0	185.14769119991095	0.000000000000028421709430404004
0	2	19.87253097936558	105.54323999999927	92.97000000000001	0.00000000000000026928971889061015	6.5024999999999995	0	0	185.14769119991095	0.000000000000028421709430404004
0	0	19.87253097936558	105.54323999999927	92.97000000000001	0.00000000000000026928971889061015	6.5024999999999995	0	0	185.14769119991095	0.000000000000028421709430404004
0	-2	19.87253097936558	105.54323999999927	92.97000000000001	0.00000000000000026928971889061015	6.5024999999999995	0	0	185.14769119991095	0.000000000000028421709430404004
0	-5	19.87253097936558	105.54323999999927	92.97000000000001	0.00000000000000026928971889061015	6.5024999999999995	0	0	185.14769119991095	0.000000000000028421709430404004
0	-10	19.87253097936558	105.54323999999927	92.97000000000001	0.00000000000000026928971889061015	6.5024999999999995	0	0	185.14769119991095	0.000000000000028421709430404004
0	-20	19.87253097936558	105.54323999999927	92.97000000000001	0.00000000000000026928971889061015	6.5024999999999995	0	0	185.14769119991095	0.000000000000028421709430404004
0	-40	19.87253097936558	105.54323999999927	92.97000000000001	0.00000000000000026928971889061015	6.5024999999999995	0	0	185.14769119991095	0.000000000000028421709430404004
-2	40	19.87253097936558	105.54323999999927	92.97000000000001	0.00000000000000026928971889061015	6.5024999999999995	0	0	185.48696468392833	-23.951347231173926
-2	20	19.87253097936558	105.54323999999927	92.97000000000001	0.00000000000000026928971889061015	6.5024999999999995	0	0	185.48696468392833	-23.951347231173926
-2	10	19.87253097936558	105.54323999999927	92.97000000000001	0.00000000000000026928971889061015	6.5024999999999995	0	0	185.48696468392833	-23.951347231173926
-2	5	19.87253097936558	105.54323999999927	92.97000000000001	0.00000000000000026928971889061015	6.5024999999999995	0	0	185.48696468392833	-23.951347231173926
-2	2	19.87253097936558	105.54323999999927	92.97000000000001	0.00000000000000026928971889061015	6.5024999999999995	0	0	185.48696468392833	-23.951347231173926
-2	0	19.87253097936558	105.54323999999927	92.97000000000001	0.00000000000000026928971889061015	6.5024999999999995	0	0	185.48696468392833	-23.951347231173926
-2	-2	19.87253097936558	105.54323999999927	92.97000000000001	0.00000000000000026928971889061015	6.5024999999999995	0	0	185.48696468392833	-23.951347231173926
-2	-5	19.87253097936558	105.54323999999927	92.97000000000001	0.00000000000000026928971889061015	6.5024999999999995	0	0	185.48696468392833	-23.951347231173926
-2	-10	19.87253097936558	105.54323999999927	92.97000000000001	0.00000000000000026928971889061015	6.5024999999999995	0	0	185.48696468392833	-23.951347231173926
-2	-20	19.87253097936558	105.54323999999927	92.97000000000001	0.00000000000000026928971889061015	6.5024999999999995	0	0	185.48696468392833	-23.951347231173926
-2	-40	19.87253097936558	105.54323999999927	92.97000000000001	0.00000000000000026928971889061015	6.5024999999999995	0	0	185.48696468392833	-23.951347231173926
-5	40	19.87253097936558	105.54323999999927	92.97000000000001	0.00000000000000026928971889061015	6.5024999999999995	0	0	187.28065627841076	-59.81454333094829
-5	20	19.87253097936558	105.54323999999927	92.97000000000001	0.00000000000000026928971889061015	6.5024999999999995	0	0	187.28065627841076	-59.81454333094829
-5	10	19.87253097936558	105.54323999999927	92.97000000000001	0.00000000000000026928971889061015	6.5024999999999995	0	0	187.28065627841076	-59.81454333094829
-5	5	19.87253097936558	105.54323999999927	92.97000000000001	0.00000000000000026928971889061015	6.5024999999999995	0	0	187.28065627841076	-59.81454333094829
-5	2	19.87253097936558	105.54323999999927	92.97000000000001	0.00000000000000026928971889061015	6.5024999999999995	0	0	187.28065627841076	-59.81454333094829
-5	0	19.87253097936558	105.54323999999927	92.97000000000001	0.00000000000000026928971889061015	6.5024999999999995	0	0	187.28065627841076	-59.81454333094829
-5	-2	19.87253097936558	105.54323999999927	92.97000000000001	0.00000000000000026928971889061015	6.5024999999999995	0	0	187.28065627841076	-59.81454333094829
-5	-5	19.87253097936558	105.54323999999927	92.97000000000001	0.00000000000000026928971889061015	6.5024999999999995	0	0	187.28065627841076	-59.81454333094829
-5	-10	19.87253097936558	105.54323999999927	92.97000000000001	0.00000000000000026928971889061015	6.5024999999999995	0	0	187.28065627841076	-59.81454333094829
-5	-20	19.87253097936558	105.54323999999927	92.97000000000001	0.00000000000000026928971889061015	6.5024999999999995	0	0	187.28065627841076	-59.81454333094829
-5	-40	19.87253097936558	105.54323999999927	92.97000000000001	0.00000000000000026928971889061015	6.5024999999999995	0	0	187.28065627841076	-59.81454333094829
-10	40	19.87253097936558	105.54323999999927	92.97000000000001	0.00000000000000026928971889061015	6.5024999999999995	0	0	193.8620946021123	-119.17386187013935
-10	20	19.87253097936558	105.54323999999927	92.97000000000001	0.00000000000000026928971889061015	6.5024999999999995	0	0	193.8620946021123	-119.17386187013935
-10	10	19.87253097936558	105.54323999999927	92.97000000000001	0.00000000000000026928971889061015	6.5024999999999995	0	0	193.8620946021123	-119.17386187013935
-10	5	19.87253097936558	105.54323999999927	92.97000000000001	0.00000000000000026928971889061015	6.5024999999999995	0	0	193.8620946021123	-119.17386187013935
-10	2	19.87253097936558	105.54323999999927	92.97000000000001	0.00000000000000026928971889061015	6.5024999999999995	0	0	193.8620946021123	-119.17386187013935
-10	0	19.87253097936558	105.54323999999927	92.97000000000001	0.00000000000000026928971889061015	6.5024999999999995	0	0	193.8620946021123	-119.17386187013935
-10	-2	19.87253097936558	105.54323999999927	92.97000000000001	0.00000000000000026928971889061015	6.5024999999999995	0	0	193.8620946021123	-119.17386187013935
-10	-5	19.87253097936558	105.54323999999927	92.97000000000001	0.00000000000000026928971889061015	6.5024999999999995	0	0	193.8620946021123	-119.17386187013935
-10	-10	19.87253097936558	105.54323999999927	92.97000000000001	0.00000000000000026928971889061015	6.5024999999999995	0	0	193.8620946021123	-119.17386187013935
-10	-20	19.87253097936558	105.54323999999927	92.97000000000001	0.00000000000000026928971889061015	6.5024999999999995	0	0	193.8620946021123	-119.17386187013935
-10	-40	19.87253097936558	105.54323999999927	92.97000000000001	0.00000000000000026928971889061015	6.5024999999999995	0	0	193.8620946021123	-119.17386187013935
-15	40	19.87253097936558	105.54323999999927	92.97000000000001	0.00000000000000026928971889061015	6.5024999999999995	0	0	205.47137962824868	-177.6261953613534
-15	20	19.87253097936558	105.54323999999927	92.97000000000001	0.00000000000000026928971889061015	6.5024999999999995	0	0	205.47137962824868	-177.6261953613534
-15	10	19.87253097936558	105.54323999999927	92.97000000000001	0.00000000000000026928971889061015	6.5024999999999995	0	0	205.47137962824868	-177.6261953613534
-15	5	19.87253097936558	105.54323999999927	92.97000000000001	0.00000000000000026928971889061015	6.5024999999999995	0	0	205.47137962824868	-177.6261953613534
-15	2	19.87253097936558	105.54323999999927	92.97000000000001	0.00000000000000026928971889061015	6.5024999999999995	0	0	205.47137962824868	-177.6261953613534
-15	0	19.87253097936558	105.54323999999927	92.97000000000001	0.00000000000000026928971889061015	6.5024999999999995	0	0	205.47137962824868	-177.6261953613534
-15	-2	19.87253097936558	105.54323999999927	92.97000000000001	0.00000000000000026928971889061015	6.5024999999999995	0	0	205.47137962824868	-177.6261953613534
-15	-5	19.87253097936558	105.54323999999927	92.97000000000001	0.00000000000000026928971889061015	6.5024999999999995	0	0	205.47137962824868	-177.6261953613534
-15	-10	19.87253097936558	105.54323999999927	92.97000000000001	0.00000000000000026928971889061015	6.5024999999999995	0	0	205.47137962824868	-177.6261953613534
-15	-20	19.87253097936558	105.54323999999927	92.97000000000001	0.00000000000000026928971889061015	6.5024999999999995	0	0	205.47137962824868	-177.6261953613534
-15	-40	19.87253097936558	105.54323999999927	92.97000000000001	0.00000000000000026928971889061015	6.5024999999999995	0	0	205.47137962824868	-177.6261953613534
-30	40	19.87253097936558	105.54323999999927	92.97000000000001	0.00000000000000026928971889061015	6.5024999999999995	0	0	285.2112100562828	-343.1474590499975
-30	20	19.87253097936558	105.54323999999927	92.97000000000001	0.00000000000000026928971889061015	6.5024999999999995	0	0	285.2112100562828	-343.1474590499975
-30	10	19.87253097936558	105.54323999999927	92.97000000000001	0.00000000000000026928971889061015	6.5024999999999995	0	0	285.2112100562828	-343.1474590499975
-30	5	19.87253097936558	105.54323999999927	92.97000000000001	0.00000000000000026928971889061015	6.5024999999999995	0	0	285.2112100562828	-343.1474590499975
-30	2	19.87253097936558	105.54323999999927	92.97000000000001	0.00000000000000026928971889061015	6.5024999999999995	0	0	285.2112100562828	-343.1474590499975
-30	0	19.87253097936558	105.54323999999927	92.97000000000001	0.00000000000000026928971889061015	6.5024999999999995	0	0	285.2112100562828	-343.1474590499975
-30	-2	19.87253097936558	105.54323999999927	92.97000000000001	0.00000000000000026928971889061015	6.5024999999999995	0	0	285.2112100562828	-343.1474590499975
-30	-5	19.87253097936558	105.54323999999927	92.97000000000001	0.00000000000000026928971889061015	6.5024999999999995	0	0	285.2112100562828	-343.1474590499975
-30	-10	19.87253097936558	105.54323999999927	92.97000000000001	0.00000000000000026928971889061015	6.5024999999999995	0	0	285.2112100562828	-343.1474590499975
-30	-20	19.87253097936558	105.54323999999927	92.97000000000001	0.00000000000000026928971889061015	6.5024999999999995	0	0	285.2112100562828	-343.1474590499975
-30	-40	19.87253097936558	105.54323999999927	92.97000000000001	0.00000000000000026928971889061015	6.5024999999999995	0	0	285.2112100562828	-343.1474590499975
-60	40	19.87253097936558	104.32196903013842	92.97074142855385	-0.0716990576470402	6.448893984716671	1.7779364073345505	0.20033900607546226	156.47225469647168	-586.3682859854432
-60	20	19.87253097936558	104.34425779649898	92.97032153545372	-0.07056547415403107	6.449554482313981	1.3564438868604043	0.11060910426115296	156.47225469647168	-586.4941099472059
-60	10	19.87253097936558	104.34821099812177	92.9701557633634	-0.07036446899036582	6.4496716006634145	1.2785046689429578	0.09641307235526342	156.47225469647168	-586.5164264577645
-60	5	19.87253097936558	104.34912486755275	92.97007728487773	-0.07031800439679091	6.449698673880876	1.2602773050209635	0.09321596188410147	156.47225469647168	-586.5215854096095
-60	2	19.87253097936558	104.34937577800112	92.9700308478928	-0.07030524729880973	6.4497061069747925	1.255257706785983	0.09234389264014634	156.47225469647168	-586.52300184272
-60	0	19.87253097936558	104.34942332804167	92.97000000000001	-0.070302829708012	6.449707515616431	1.2543056916948672	0.09217890672113993	156.47225469647168	-586.5232702709668
-60	-2	19.87253097936558	104.34937577800112	92.96996915210724	-0.07030524729880969	6.4497061069747925	1.2552577067860966	0.092343892640149	156.47225469647168	-586.52300184272
-60	-5	19.87253097936558	104.34912486755273	92.96992271512232	-0.07031800439679108	6.449698673880876	1.2602773050209066	0.09321596188410153	156.47225469647168	-586.5215854096094
-60	-10	19.87253097936558	104.34821099812179	92.96984423663665	-0.07036446899036425	6.449671600663416	1.278504668942844	0.09641307235526225	156.47225469647168	-586.5164264577646
-60	-20	19.87253097936558	104.34425779649901	92.96967846454628	-0.07056547415403118	6.449554482313977	1.3564438868600064	0.11060910426115325	156.47225469647168	-586.4941099472057
-60	-40	19.87253097936558	104.32196903013858	92.96925857144618	-0.07169905764702993	6.448893984716681	1.7779364073340957	0.2003390060754491	156.47225469647168	-586.3682859854445
60	40	18.86502753721385	103.08755787163611	92.97107007625728	0.14141874291843182	6.401175156823016	4.950750223906198	0.28913942418887645	156.47225469647066	578.7634114025752
60	20	18.86502753721385	103.10984663799672	92.97046405897512	0.1403822569304644	6.401636089683394	3.9029641520108385	0.1580975529537375	156.47225469647066	578.8762703815952
60	10	18.86502753721385	103.11379983961952	92.97022480679236	0.14019846949041534	6.40171782129523	3.7016204641579407	0.13757394467766965	156.47225469647066	578.8962873844113
60	5	18.86502753721385	103.1147137090505	92.9701115420421	0.14015598499010712	6.401736714461638	3.6541551378185773	0.13296011667734745	156.47225469647066	578.9009147545075
60	2	18.86502753721385	103.1149646194989	92.97004452147632	0.14014432064917498	6.401741901678921	3.6410581378333973	0.13170215097907526	156.47225469647066	578.9021852374304
60	0	18.86502753721385	103.11501216953943	92.96999999999998	0.14014211014625635	6.4017428847056514	3.638572912420045	0.13146418375212063	156.47225469647066	578.9024260066562
60	-2	18.86502753721385	103.11496461949888	92.96995547852367	0.14014432064917534	6.401741901678921	3.641058137833511	0.1317021509790716	156.47225469647066	578.9021852374303
60	-5	18.86502753721385	103.11471370905049	92.96988845795791	0.1401559849901071	6.40173671446164	3.6541551378188615	0.13296011667734875	156.47225469647066	578.9009147545077
60	-10	18.86502753721385	103.11379983961959	92.96977519320762	0.14019846949041173	6.401717821295234	3.7016204641579407	0.13757394467767164	156.47225469647066	578.8962873844118
60	-20	18.86502753721385	103.10984663799677	92.96953594102482	0.14038225693046316	6.401636089683394	3.90296415201027	0.15809755295373557	156.47225469647066	578.8762703815954
60	-40	18.86502753721385	103.08755787163635	92.9689299237427	0.1414187429184189	6.401175156823023	4.950750223905914	0.2891394241888609	156.47225469647066	578.7634114025765
30	40	18.86502753721385	105.54323999999927	92.97000000000001	0.00000000000000026928971889061015	6.5024999999999995	0	0	285.2112100562819	343.1474590499976
30	20	18.86502753721385	105.54323999999927	92.97000000000001	0.00000000000000026928971889061015	6.5024999999999995	0	0	285.2112100562819	343.1474590499976
30	10	18.86502753721385	105.54323999999927	92.97000000000001	0.00000000000000026928971889061015	6.5024999999999995	0	0	285.2112100562819	343.1474590499976
30	5	18.86502753721385	105.54323999999927	92.97000000000001	0.00000000000000026928971889061015	6.5024999999999995	0	0	285.2112100562819	343.1474590499976
30	2	18.86502753721385	105.54323999999927	92.97000000000001	0.00000000000000026928971889061015	6.5024999999999995	0	0	285.2112100562819	343.1474590499976
30	0	18.86502753721385	105.54323999999927	92.97000000000001	0.00000000000000026928971889061015	6.5024999999999995	0	0	285.2112100562819	343.1474590499976
30	-2	18.86502753721385	105.54323999999927	92.97000000000001	0.00000000000000026928971889061015	6.5024999999999995	0	0	285.2112100562819	343.1474590499976
30	-5	18.86502753721385	105.54323999999927	92.97000000000001	0.00000000000000026928971889061015	6.5024999999999995	0	0	285.2112100562819	343.1474590499976
30	-10	18.86502753721385	105.54323999999927	92.97000000000001	0.00000000000000026928971889061015	6.5024999999999995	0	0	285.2112100562819	343.1474590499976
30	-20	18.86502753721385	105.54323999999927	92.97000000000001	0.00000000000000026928971889061015	6.5024999999999995	0	0	285.2112100562819	343.1474590499976
30	-40	18.86502753721385	105.54323999999927	92.97000000000001	0.00000000000000026928971889061015	6.5024999999999995	0	0	285.2112100562819	343.1474590499976
15	40	18.86502753721385	105.54323999999927	92.97000000000001	0.00000000000000026928971889061015	6.5024999999999995	0	0	205.47137962824863	177.62619536135347
15	20	18.86502753721385	105.54323999999927	92.97000000000001	0.00000000000000026928971889061015	6.5024999999999995	0	0	205.47137962824863	177.62619536135347
15	10	18.86502753721385	105.54323999999927	92.97000000000001	0.00000000000000026928971889061015	6.5024999999999995	0	0	205.47137962824863	177.62619536135347
15	5	18.86502753721385	105.54323999999927	92.97000000000001	0.00000000000000026928971889061015	6.5024999999999995	0	0	205.47137962824863	177.62619536135347
15	2	18.86502753721385	105.54323999999927	92.97000000000001	0.00000000000000026928971889061015	6.5024999999999995	0	0	205.47137962824863	177.62619536135347
15	0	18.86502753721385	105.54323999999927	92.97000000000001	0.00000000000000026928971889061015	6.5024999999999995	0	0	205.47137962824863	177.62619536135347
15	-2	18.86502753721385	105.54323999999927	92.97000000000001	0.00000000000000026928971889061015	6.5024999999999995	0	0	205.47137962824863	177.62619536135347
15	-5	18.86502753721385	105.54323999999927	92.97000000000001	0.00000000000000026928971889061015	6.5024999999999995	0	0	205.47137962824863	177.62619536135347
15	-10	18.86502753721385	105.54323999999927	92.97000000000001	0.00000000000000026928971889061015	6.5024999999999995	0	0	205.47137962824863	177.62619536135347
15	-20	18.86502753721385	105.54323999999927	92.97000000000001	0.00000000000000026928971889061015	6.5024999999999995	0	0	205.47137962824863	177.62619536135347
15	-40	18.86502753721385	105.54323999999927	92.97000000000001	0.00000000000000026928971889061015	6.5024999999999995	0	0	205.47137962824863	177.62619536135347
10	40	18.86502753721385	105.54323999999927	92.97000000000001	0.00000000000000026928971889061015	6.5024999999999995	0	0	193.8620946021116	119.1738618701394
10	20	18.86502753721385	105.54323999999927	92.97000000000001	0.00000000000000026928971889061015	6.5024999999999995	0	0	193.8620946021116	119.1738618701394
10	10	18.86502753721385	105.54323999999927	92.97000000000001	0.00000000000000026928971889061015	6.5024999999999995	0	0	193.8620946021116	119.1738618701394
10	5	18.86502753721385	105.54323999999927	92.97000000000001	0.00000000000000026928971889061015	6.5024999999999995	0	0	193.8620946021116	119.1738618701394
10	2	18.86502753721385	105.54323999999927	92.97000000000001	0.00000000000000026928971889061015	6.5024999999999995	0	0	193.8620946021116	119.1738618701394
10	0	18.86502753721385	105.54323999999927	92.97000000000001	0.00000000000000026928971889061015	6.5024999999999995	0	0	193.8620946021116	119.1738618701394
10	-2	18.86502753721385	105.54323999999927	92.97000000000001	0.00000000000000026928971889061015	6.5024999999999995	0	0	193.8620946021116	119.1738618701394
10	-5	18.86502753721385	105.54323999999927	92.97000000000001	0.00000000000000026928971889061015	6.5024999999999995	0	0	193.8620946021116	119.1738618701394
10	-10	18.86502753721385	105.54323999999927	92.97000000000001	0.00000000000000026928971889061015	6.5024999999999995	0	0	193.8620946021116	119.1738618701394
10	-20	18.86502753721385	105.54323999999927	92.97000000000001	0.00000000000000026928971889061015	6.5024999999999995	0	0	193.8620946021116	119.1738618701394
10	-40	18.86502753721385	105.54323999999927	92.97000000000001	0.00000000000000026928971889061015	6.5024999999999995	0	0	193.8620946021116	119.1738618701394
5	40	18.86502753721385	105.54323999999927	92.97000000000001	0.00000000000000026928971889061015	6.5024999999999995	0	0	187.28065627840928	59.81454333094834
5	20	18.86502753721385	105.54323999999927	92.97000000000001	0.00000000000000026928971889061015	6.5024999999999995	0	0	187.28065627840928	59.81454333094834
5	10	18.86502753721385	105.54323999999927	92.97000000000001	0.00000000000000026928971889061015	6.5024999999999995	0	0	187.28065627840928	59.81454333094834
5	5	18.86502753721385	105.54323999999927	92.97000000000001	0.00000000000000026928971889061015	6.5024999999999995	0	0	187.28065627840928	59.81454333094834
5	2	18.86502753721385	105.54323999999927	92.97000000000001	0.00000000000000026928971889061015	6.5024999999999995	0	0	187.28065627840928	59.81454333094834
5	0	18.86502753721385	105.54323999999927	92.97000000000001	0.00000000000000026928971889061015	6.5024999999999995	0	0	187.28065627840928	59.81454333094834
5	-2	18.86502753721385	105.54323999999927	92.97000000000001	0.00000000000000026928971889061015	6.5024999999999995	0	0	187.28065627840928	59.81454333094834
5	-5	18.86502753721385	105.54323999999927	92.97000000000001	0.00000000000000026928971889061015	6.5024999999999995	0	0	187.28065627840928	59.81454333094834
5	-10	18.86502753721385	105.54323999999927	92.97000000000001	0.00000000000000026928971889061015	6.5024999999999995	0	0	187.28065627840928	59.81454333094834
5	-20	18.86502753721385	105.54323999999927	92.97000000000001	0.00000000000000026928971889061015	6.5024999999999995	0	0	187.28065627840928	59.81454333094834
5	-40	18.86502753721385	105.54323999999927	92.97000000000001	0.00000000000000026928971889061015	6.5024999999999995	0	0	187.28065627840928	59.81454333094834
2	40	18.86502753721385	105.54323999999927	92.97000000000001	0.00000000000000026928971889061015	6.5024999999999995	0	0	185.4869646839277	23.951347231173987
2	20	18.86502753721385	105.54323999999927	92.97000000000001	0.00000000000000026928971889061015	6.5024999999999995	0	0	185.4869646839277	23.951347231173987
2	10	18.86502753721385	105.54323999999927	92.97000000000001	0.00000000000000026928971889061015	6.5024999999999995	0	0	185.4869646839277	23.951347231173987
2	5	18.86502753721385	105.54323999999927	92.97000000000001	0.00000000000000026928971889061015	6.5024999999999995	0	0	185.4869646839277	23.951347231173987
2	2	18.86502753721385	105.54323999999927	92.97000000000001	0.00000000000000026928971889061015	6.5024999999999995	0	0	185.4869646839277	23.951347231173987
2	0	18.86502753721385	105.54323999999927	92.97000000000001	0.00000000000000026928971889061015	6.5024999999999995	0	0	185.4869646839277	23.951347231173987
2	-2	18.86502753721385	105.54323999999927	92.97000000000001	0.00000000000000026928971889061015	6.5024999999999995	0	0	185.4869646839277	23.951347231173987
2	-5	18.86502753721385	105.54323999999927	92.97000000000001	0.00000000000000026928971889061015	6.5024999999999995	0	0	185.4869646839277	23.951347231173987
2	-10	18.86502753721385	105.54323999999927	92.97000000000001	0.00000000000000026928971889061015	6.5024999999999995	0	0	185.4869646839277	23.951347231173987
2	-20	18.86502753721385	105.54323999999927	92.97000000000001	0.00000000000000026928971889061015	6.5024999999999995	0	0	185.4869646839277	23.951347231173987
2	-40	18.86502753721385	105.54323999999927	92.97000000000001	0.00000000000000026928971889061015	6.5024999999999995	0	0	185.4869646839277	23.951347231173987
0	40	18.86502753721385	105.54323999999927	92.97000000000001	0.00000000000000026928971889061015	6.5024999999999995	0	0	185.14769119991095	0.000000000000028421709430404004
0	20	18.86502753721385	105.54323999999927	92.97000000000001	0.00000000000000026928971889061015	6.5024999999999995	0	0	185.14769119991095	0.000000000000028421709430404004
0	10	18.86502753721385	105.54323999999927	92.97000000000001	0.00000000000000026928971889061015	6.5024999999999995	0	0	185.14769119991095	0.000000000000028421709430404004
0	5	18.86502753721385	105.54323999999927	92.97000000000001	0.00000000000000026928971889061015	6.5024999999999995	0	0	185.14769119991095	0.000000000000028421709430404004
0	2	18.86502753721385	105.54323999999927	92.97000000000001	0.00000000000000026928971889061015	6.5024999999999995	0	0	185.14769119991095	0.000000000000028421709430404004
0	0	18.86502753721385	105.54323999999927	92.97000000000001	0.00000000000000026928971889061015	6.5024999999999995	0	0	185.14769119991095	0.000000000000028421709430404004
0	-2	18.86502753721385	105.54323999999927	92.97000000000001	0.00000000000000026928971889061015	6.5024999999999995	0	0	185.14769119991095	0.000000000000028421709430404004
0	-5	18.86502753721385	105.54323999999927	92.97000000000001	0.00000000000000026928971889061015	6.5024999999999995	0	0	185.14769119991095	0.000000000000028421709430404004
0	-10	18.86502753721385	105.54323999999927	92.97000000000001	0.00000000000000026928971889061015	6.5024999999999995	0	0	185.14769119991095	0.000000000000028421709430404004
0	-20	18.86502753721385	105.54323999999927	92.97000000000001	0.00000000000000026928971889061015	6.5024999999999995	0	0	185.14769119991095	0.000000000000028421709430404004
0	-40	18.86502753721385	105.54323999999927	92.97000000000001	0.00000000000000026928971889061015	6.5024999999999995	0	0	185.14769119991095	0.000000000000028421709430404004
-2	40	18.86502753721385	105.54323999999927	92.97000000000001	0.00000000000000026928971889061015	6.5024999999999995	0	0	185.48696468392833	-23.951347231173926
-2	20	18.86502753721385	105.54323999999927	92.97000000000001	0.00000000000000026928971889061015	6.5024999999999995	0	0	185.48696468392833	-23.951347231173926
-2	10	18.86502753721385	105.54323999999927	92.97000000000001	0.00000000000000026928971889061015	6.5024999999999995	0	0	185.48696468392833	-23.951347231173926
-2	5	18.86502753721385	105.54323999999927	92.97000000000001	0.00000000000000026928971889061015	6.5024999999999995	0	0	185.48696468392833	-23.951347231173926
-2	2	18.86502753721385	105.54323999999927	92.97000000000001	0.00000000000000026928971889061015	6.5024999999999995	0	0	185.48696468392833	-23.951347231173926
-2	0	18.86502753721385	105.54323999999927	92.97000000000001	0.00000000000000026928971889061015	6.5024999999999995	0	0	185.48696468392833	-23.951347231173926
-2	-2	18.86502753721385	105.54323999999927	92.97000000000001	0.00000000000000026928971889061015	6.5024999999999995	0	0	185.48696468392833	-23.951347231173926
-2	-5	18.86502753721385	105.54323999999927	92.97000000000001	0.00000000000000026928971889061015	6.5024999999999995	0	0	185.48696468392833	-23.951347231173926
-2	-10	18.86502753721385	105.54323999999927	92.97000000000001	0.00000000000000026928971889061015	6.5024999999999995	0	0	185.48696468392833	-23.951347231173926
-2	-20	18.86502753721385	105.54323999999927	92.97000000000001	0.00000000000000026928971889061015	6.5024999999999995	0	0	185.48696468392833	-23.951347231173926
-2	-40	18.86502753721385	105.54323999999927	92.97000000000001	0.00000000000000026928971889061015	6.5024999999999995	0	0	185.48696468392833	-23.951347231173926
-5	40	18.86502753721385	105.54323999999927	92.97000000000001	0.00000000000000026928971889061015	6.5024999999999995	0	0	187.28065627841076	-59.81454333094829
-5	20	18.86502753721385	105.54323999999927	92.97000000000001	0.00000000000000026928971889061015	6.5024999999999995	0	0	187.28065627841076	-59.81454333094829
-5	10	18.86502753721385	105.54323999999927	92.97000000000001	0.00000000000000026928971889061015	6.5024999999999995	0	0	187.28065627841076	-59.81454333094829
-5	5	18.86502753721385	105.54323999999927	92.97000000000001	0.00000000000000026928971889061015	6.5024999999999995	0	0	187.28065627841076	-59.81454333094829
-5	2	18.86502753721385	105.54323999999927	92.97000000000001	0.00000000000000026928971889061015	6.5024999999999995	0	0	187.28065627841076	-59.81454333094829
-5	0	18.86502753721385	105.54323999999927	92.97000000000001	0.00000000000000026928971889061015	6.5024999999999995	0	0	187.28065627841076	-59.81454333094829
-5	-2	18.86502753721385	105.54323999999927	92.97000000000001	0.00000000000000026928971889061015	6.5024999999999995	0	0	187.28065627841076	-59.81454333094829
-5	-5	18.86502753721385	105.54323999999927	92.97000000000001	0.00000000000000026928971889061015	6.5024999999999995	0	0	187.28065627841076	-59.81454333094829
-5	-10	18.86502753721385	105.54323999999927	92.97000000000001	0.00000000000000026928971889061015	6.5024999999999995	0	0	187.28065627841076	-59.81454333094829
-5	-20	18.86502753721385	105.54323999999927	92.97000000000001	0.00000000000000026928971889061015	6.5024999999999995	0	0	187.28065627841076	-59.81454333094829
-5	-40	18.86502753721385	105.54323999999927	92.97000000000001	0.00000000000000026928971889061015	6.5024999999999995	0	0	187.28065627841076	-59.81454333094829
-10	40	18.86502753721385	105.54323999999927	92.97000000000001	0.00000000000000026928971889061015	6.5024999999999995	0	0	193.8620946021123	-119.17386187013935
-10	20	18.86502753721385	105.54323999999927	92.97000000000001	0.00000000000000026928971889061015	6.5024999999999995	0	0	193.8620946021123	-119.17386187013935
-10	10	18.86502753721385	105.54323999999927	92.97000000000001	0.00000000000000026928971889061015	6.5024999999999995	0	0	193.8620946021123	-119.17386187013935
-10	5	18.86502753721385	105.54323999999927	92.97000000000001	0.00000000000000026928971889061015	6.5024999999999995	0	0	193.8620946021123	-119.17386187013935
-10	2	18.86502753721385	105.54323999999927	92.97000000000001	0.00000000000000026928971889061015	6.5024999999999995	0	0	193.8620946021123	-119.17386187013935
-10	0	18.86502753721385	105.54323999999927	92.97000000000001	0.00000000000000026928971889061015	6.5024999999999995	0	0	193.8620946021123	-119.17386187013935
-10	-2	18.86502753721385	105.54323999999927	92.97000000000001	0.00000000000000026928971889061015	6.5024999999999995	0	0	193.8620946021123	-119.17386187013935
-10	-5	18.86502753721385	105.54323999999927	92.97000000000001	0.00000000000000026928971889061015	6.5024999999999995	0	0	193.8620946021123	-119.17386187013935
-10	-10	18.86502753721385	105.54323999999927	92.97000000000001	0.00000000000000026928971889061015	6.5024999999999995	0	0	193.8620946021123	-119.17386187013935
-10	-20	18.86502753721385	105.54323999999927	92.97000000000001	0.00000000000000026928971889061015	6.5024999999999995	0	0	193.8620946021123	-119.17386187013935
-10	-40	18.86502753721385	105.54323999999927	92.97000000000001	0.00000000000000026928971889061015	6.5024999999999995	0	0	193.8620946021123	-119.17386187013935
-15	40	18.86502753721385	105.54323999999927	92.97000000000001	0.00000000000000026928971889061015	6.5024999999999995	0	0	205.47137962824868	-177.6261953613534
-15	20	18.86502753721385	105.54323999999927	92.97000000000001	0.00000000000000026928971889061015	6.5024999999999995	0	0	205.47137962824868	-177.6261953613534
-15	10	18.86502753721385	105.54323999999927	92.97000000000001	0.00000000000000026928971889061015	6.5024999999999995	0	0	205.47137962824868	-177.6261953613534
-15	5	18.86502753721385	105.54323999999927	92.97000000000001	0.00000000000000026928971889061015	6.5024999999999995	0	0	205.47137962824868	-177.6261953613534
-15	2	18.86502753721385	105.54323999999927	92.97000000000001	0.00000000000000026928971889061015	6.5024999999999995	0	0	205.47137962824868	-177.6261953613534
-15	0	18.86502753721385	105.54323999999927	92.97000000000001	0.00000000000000026928971889061015	6.5024999999999995	0	0	205.47137962824868	-177.6261953613534
-15	-2	18.86502753721385	105.54323999999927	92.97000000000001	0.00000000000000026928971889061015	6.5024999999999995	0	0	205.47137962824868	-177.6261953613534
-15	-5	18.86502753721385	105.54323999999927	92.97000000000001	0.00000000000000026928971889061015	6.5024999999999995	0	0	205.47137962824868	-177.6261953613534
-15	-10	18.86502753721385	105.54323999999927	92.97000000000001	0.00000000000000026928971889061015	6.5024999999999995	0	0	205.47137962824868	-177.6261953613534
-15	-20	18.86502753721385	105.54323999999927	92.97000000000001	0.00000000000000026928971889061015	6.5024999999999995	0	0	205.47137962824868	-177.6261953613534
-15	-40	18.86502753721385	105.54323999999927	92.97000000000001	0.00000000000000026928971889061015	6.5024999999999995	0	0	205.47137962824868	-177.6261953613534
-30	40	18.86502753721385	105.54323999999927	92.97000000000001	0.00000000000000026928971889061015	6.5024999999999995	0	0	285.2112100562828	-343.1474590499975
-30	20	18.86502753721385	105.54323999999927	92.97000000000001	0.00000000000000026928971889061015	6.5024999999999995	0	0	285.2112100562828	-343.1474590499975
-30	10	18.86502753721385	105.54323999999927	92.97000000000001	0.00000000000000026928971889061015	6.5024999999999995	0	0	285.2112100562828	-343.1474590499975
-30	5	18.86502753721385	105.54323999999927	92.97000000000001	0.00000000000000026928971889061015	6.5024999999999995	0	0	285.2112100562828	-343.1474590499975
-30	2	18.86502753721385	105.54323999999927	92.97000000000001	0.00000000000000026928971889061015	6.5024999999999995	0	0	285.2112100562828	-343.1474590499975
-30	0	18.86502753721385	105.54323999999927	92.97000000000001	0.00000000000000026928971889061015	6.5024999999999995	0	0	285.2112100562828	-343.1474590499975
-30	-2	18.86502753721385	105.54323999999927	92.97000000000001	0.00000000000000026928971889061015	6.5024999999999995	0	0	285.2112100562828	-343.1474590499975
-30	-5	18.86502753721385	105.54323999999927	92.97000000000001	0.00000000000000026928971889061015	6.5024999999999995	0	0	285.2112100562828	-343.1474590499975
-30	-10	18.86502753721385	105.54323999999927	92.97000000000001	0.00000000000000026928971889061015	6.5024999999999995	0	0	285.2112100562828	-343.1474590499975
-30	-20	18.86502753721385	105.54323999999927	92.97000000000001	0.00000000000000026928971889061015	6.5024999999999995	0	0	285.2112100562828	-343.1474590499975
-30	-40	18.86502753721385	105.54323999999927	92.97000000000001	0.00000000000000026928971889061015	6.5024999999999995	0	0	285.2112100562828	-343.1474590499975
-60	40	18.86502753721385	103.08755787163611	92.97107007625728	-0.14141874291843168	6.401175156823015	4.9507502239063115	0.2891394241888724	156.47225469647168	-578.7634114025751
-60	20	18.86502753721385	103.10984663799672	92.97046405897512	-0.14038225693046424	6.401636089683394	3.9029641520107248	0.1580975529537331	156.47225469647168	-578.8762703815952
-60	10	18.86502753721385	103.11379983961949	92.9702248067924	-0.14019846949041562	6.401717821295233	3.7016204641579975	0.13757394467767364	156.47225469647168	-578.8962873844114
-60	5	18.86502753721385	103.11471370905049	92.97011154204209	-0.14015598499010695	6.401736714461638	3.6541551378185773	0.13296011667735247	156.47225469647168	-578.9009147545074
-60	2	18.86502753721385	103.1149646194989	92.97004452147634	-0.14014432064917515	6.401741901678922	3.641058137833454	0.13170215097907903	156.47225469647168	-578.9021852374306
-60	0	18.86502753721385	103.1150121695394	92.97000000000003	-0.14014211014625608	6.401742884705654	3.638572912419818	0.13146418375212063	156.47225469647168	-578.9024260066564
-60	-2	18.86502753721385	103.11496461949888	92.96995547852367	-0.1401443206491752	6.401741901678923	3.641058137833511	0.1317021509790716	156.47225469647168	-578.9021852374304
-60	-5	18.86502753721385	103.11471370905049	92.96988845795791	-0.140155984990107	6.40173671446164	3.6541551378189183	0.13296011667735635	156.47225469647168	-578.9009147545077
-60	-10	18.86502753721385	103.11379983961957	92.96977519320761	-0.14019846949041176	6.401717821295234	3.701620464158168	0.1375739446776717	156.47225469647168	-578.8962873844117
-60	-20	18.86502753721385	103.10984663799677	92.96953594102483	-0.14038225693046316	6.401636089683394	3.902964152010611	0.15809755295373676	156.47225469647168	-578.8762703815954
-60	-40	18.86502753721385	103.08755787163633	92.96892992374273	-0.14141874291841894	6.401175156823024	4.950750223905629	0.2891394241888589	156.47225469647168	-578.7634114025765
60	40	16.850020652910388	99.31771120652562	92.97177450797942	0.34815509681948126	6.277395504773428	19.69139544201687	0.465158813321202	156.47225469647066	557.2181974897507
60	20	16.850020652910388	99.33999997288629	92.9707695429107	0.3472939145757687	6.277449597733277	15.839856991671354	0.2529132508004531	156.47225469647066	557.3051265032858
60	10	16.850020652910388	99.34395317450907	92.97037279361228	0.347141213089296	6.277459189286558	15.078185588580595	0.21986282136836582	156.47225469647066	557.3205444906168
60	5	16.850020652910388	99.34486704394008	92.9701849683738	0.34710591451433687	6.277461406476254	14.897600049678601	0.21244060889877528	156.47225469647066	557.3241086972154
60	2	16.850020652910388	99.34511795438847	92.97007382924109	0.3470962231108084	6.2774620152169796	14.847702473417712	0.21041743412316619	156.47225469647066	557.3250872797629
60	0	16.850020652910388	99.34516550442899	92.96999999999998	0.3470943864983867	6.2774621305790905	14.8382307732453	0.21003473781408175	156.47225469647066	557.3252727309471
60	-2	16.850020652910388	99.34511795438848	92.96992617075892	0.34709622311080757	6.2774620152169796	14.847702473417769	0.21041743412316377	156.47225469647066	557.3250872797629
60	-5	16.850020652910388	99.34486704394007	92.96981503162617	0.347105914514336	6.277461406476258	14.897600049678601	0.21244060889877692	156.47225469647066	557.3241086972155
60	-10	16.850020652910388	99.34395317450915	92.96962720638773	0.34714121308929086	6.277459189286561	15.078185588580254	0.21986282136836413	156.47225469647066	557.3205444906173
60	-20	16.850020652910388	99.33999997288637	92.96923045708932	0.3472939145757642	6.2774495977332805	15.839856991671127	0.2529132508004445	156.47225469647066	557.3051265032864
60	-40	16.850020652910388	99.31771120652607	92.96822549202055	0.3481550968194572	6.277395504773443	19.691395442014368	0.46515881332118475	156.47225469647066	557.2181974897534
30	40	16.850020652910388	105.54323999999927	92.97000000000001	0.00000000000000026928971889061015	6.5024999999999995	0	0	285.2112100562819	343.1474590499976
30	20	16.850020652910388	105.54323999999927	92.97000000000001	0.00000000000000026928971889061015	6.5024999999999995	0	0	285.2112100562819	343.1474590499976
30	10	16.850020652910388	105.54323999999927	92.97000000000001	0.00000000000000026928971889061015	6.5024999999999995	0	0	285.2112100562819	343.1474590499976
30	5	16.850020652910388	105.54323999999927	92.97000000000001	0.00000000000000026928971889061015	6.5024999999999995	0	0	285.2112100562819	343.1474590499976
30	2	16.850020652910388	105.54323999999927	92.97000000000001	0.00000000000000026928971889061015	6.5024999999999995	0	0	285.2112100562819	343.1474590499976
30	0	16.850020652910388	105.54323999999927	92.97000000000001	0.00000000000000026928971889061015	6.5024999999999995	0	0	285.2112100562819	343.1474590499976
30	-2	16.850020652910388	105.54323999999927	92.97000000000001	0.00000000000000026928971889061015	6.5024999999999995	0	0	285.2112100562819	343.1474590499976
30	-5	16.850020652910388	105.54323999999927	92.97000000000001	0.00000000000000026928971889061015	6.5024999999999995	0	0	285.2112100562819	343.1474590499976
30	-10	16.850020652910388	105.54323999999927	92.97000000000001	0.00000000000000026928971889061015	6.5024999999999995	0	0	285.2112100562819	343.1474590499976
30	-20	16.850020652910388	105.54323999999927	92.97000000000001	0.00000000000000026928971889061015	6.5024999999999995	0	0	285.2112100562819	343.1474590499976
30	-40	16.850020652910388	105.54323999999927	92.97000000000001	0.00000000000000026928971889061015	6.5024999999999995	0	0	285.2112100562819	343.1474590499976
15	40	16.850020652910388	105.54323999999927	92.97000000000001	0.00000000000000026928971889061015	6.5024999999999995	0	0	205.47137962824863	177.62619536135347
15	20	16.850020652910388	105.54323999999927	92.97000000000001	0.00000000000000026928971889061015	6.5024999999999995	0	0	205.47137962824863	177.62619536135347
15	10	16.850020652910388	105.54323999999927	92.97000000000001	0.00000000000000026928971889061015	6.5024999999999995	0	0	205.47137962824863	177.62619536135347
15	5	16.850020652910388	105.54323999999927	92.97000000000001	0.00000000000000026928971889061015	6.5024999999999995	0	0	205.47137962824863	177.62619536135347
15	2	16.850020652910388	105.54323999999927	92.97000000000001	0.00000000000000026928971889061015	6.5024999999999995	0	0	205.47137962824863	177.62619536135347
15	0	16.850020652910388	105.54323999999927	92.97000000000001	0.00000000000000026928971889061015	6.5024999999999995	0	0	205.47137962824863	177.62619536135347
15	-2	16.850020652910388	105.54323999999927	92.97000000000001	0.00000000000000026928971889061015	6.5024999999999995	0	0	205.47137962824863	177.62619536135347
15	-5	16.850020652910388	105.54323999999927	92.97000000000001	0.00000000000000026928971889061015	6.5024999999999995	0	0	205.47137962824863	177.62619536135347
15	-10	16.850020652910388	105.54323999999927	92.97000000000001	0.00000000000000026928971889061015	6.5024999999999995	0	0	205.47137962824863	177.62619536135347
15	-20	16.850020652910388	105.54323999999927	92.97000000000001	0.00000000000000026928971889061015	6.5024999999999995	0	0	205.47137962824863	177.62619536135347
15	-40	16.850020652910388	105.54323999999927	92.97000000000001	0.00000000000000026928971889061015	6.5024999999999995	0	0	205.47137962824863	177.62619536135347
10	40	16.850020652910388	105.54323999999927	92.97000000000001	0.00000000000000026928971889061015	6.5024999999999995	0	0	193.8620946021116	119.1738618701394
10	20	16.850020652910388	105.54323999999927	92.97000000000001	0.00000000000000026928971889061015	6.5024999999999995	0	0	193.8620946021116	119.1738618701394
10	10	16.850020652910388	105.54323999999927	92.97000000000001	0.00000000000000026928971889061015	6.5024999999999995	0	0	193.8620946021116	119.1738618701394
10	5	16.850020652910388	105.54323999999927	92.97000000000001	0.00000000000000026928971889061015	6.5024999999999995	0	0	193.8620946021116	119.1738618701394
10	2	16.850020652910388	105.54323999999927	92.97000000000001	0.00000000000000026928971889061015	6.5024999999999995	0	0	193.8620946021116	119.1738618701394
10	0	16.850020652910388	105.54323999999927	92.97000000000001	0.00000000000000026928971889061015	6.5024999999999995	0	0	193.8620946021116	119.1738618701394
10	-2	16.850020652910388	105.54323999999927	92.97000000000001	0.00000000000000026928971889061015	6.5024999999999995	0	0	193.8620946021116	119.1738618701394
10	-5	16.850020652910388	105.54323999999927	92.97000000000001	0.00000000000000026928971889061015	6.5024999999999995	0	0	193.8620946021116	119.1738618701394
10	-10	16.850020652910388	105.54323999999927	92.97000000000001	0.00000000000000026928971889061015	6.5024999999999995	0	0	193.8620946021116	119.1738618701394
10	-20	16.850020652910388	105.54323999999927	92.97000000000001	0.00000000000000026928971889061015	6.5024999999999995	0	0	193.8620946021116	119.1738618701394
10	-40	16.850020652910388	105.54323999999927	92.97000000000001	0.00000000000000026928971889061015	6.5024999999999995	0	0	193.8620946021116	119.1738618701394
5	40	16.850020652910388	105.54323999999927	92.97000000000001	0.00000000000000026928971889061015	6.5024999999999995	0	0	187.28065627840928	59.81454333094834
5	20	16.850020652910388	105.54323999999927	92.97000000000001	0.00000000000000026928971889061015	6.5024999999999995	0	0	187.28065627840928	59.81454333094834
5	10	16.850020652910388	105.54323999999927	92.97000000000001	0.00000000000000026928971889061015	6.5024999999999995	0	0	187.28065627840928	59.81454333094834
5	5	16.850020652910388	105.54323999999927	92.97000000000001	0.00000000000000026928971889061015	6.5024999999999995	0	0	187.28065627840928	59.81454333094834
5	2	16.850020652910388	105.54323999999927	92.97000000000001	0.00000000000000026928971889061015	6.5024999999999995	0	0	187.28065627840928	59.81454333094834
5	0	16.850020652910388	105.54323999999927	92.97000000000001	0.00000000000000026928971889061015	6.5024999999999995	0	0	187.28065627840928	59.81454333094834
5	-2	16.850020652910388	105.54323999999927	92.97000000000001	0.00000000000000026928971889061015	6.5024999999999995	0	0	187.28065627840928	59.81454333094834
5	-5	16.850020652910388	105.54323999999927	92.97000000000001	0.00000000000000026928971889061015	6.5024999999999995	0	0	187.28065627840928	59.81454333094834
5	-10	16.850020652910388	105.54323999999927	92.97000000000001	0.00000000000000026928971889061015	6.5024999999999995	0	0	187.28065627840928	59.81454333094834
5	-20	16.850020652910388	105.54323999999927	92.97000000000001	0.00000000000000026928971889061015	6.5024999999999995	0	0	187.28065627840928	59.81454333094834
5	-40	16.850020652910388	105.54323999999927	92.97000000000001	0.00000000000000026928971889061015	6.5024999999999995	0	0	187.28065627840928	59.81454333094834
2	40	16.850020652910388	105.54323999999927	92.97000000000001	0.00000000000000026928971889061015	6.5024999999999995	0	0	185.4869646839277	23.951347231173987
2	20	16.850020652910388	105.54323999999927	92.97000000000001	0.00000000000000026928971889061015	6.5024999999999995	0	0	185.4869646839277	23.951347231173987
2	10	16.850020652910388	105.54323999999927	92.97000000000001	0.00000000000000026928971889061015	6.5024999999999995	0	0	185.4869646839277	23.951347231173987
2	5	16.850020652910388	105.54323999999927	92.97000000000001	0.00000000000000026928971889061015	6.5024999999999995	0	0	185.4869646839277	23.951347231173987
2	2	16.850020652910388	105.54323999999927	92.97000000000001	0.00000000000000026928971889061015	6.5024999999999995	0	0	185.4869646839277	23.951347231173987
2	0	16.850020652910388	105.54323999999927	92.97000000000001	0.00000000000000026928971889061015	6.5024999999999995	0	0	185.4869646839277	23.951347231173987
2	-2	16.850020652910388	105.54323999999927	92.97000000000001	0.00000000000000026928971889061015	6.5024999999999995	0	0	185.4869646839277	23.951347231173987
2	-5	16.850020652910388	105.54323999999927	92.97000000000001	0.00000000000000026928971889061015	6.5024999999999995	0	0	185.4869646839277	23.951347231173987
2	-10	16.850020652910388	105.54323999999927	92.97000000000001	0.00000000000000026928971889061015	6.5024999999999995	0	0	185.4869646839277	23.951347231173987
2	-20	16.850020652910388	105.54323999999927	92.97000000000001	0.00000000000000026928971889061015	6.5024999999999995	0	0	185.4869646839277	23.951347231173987
2	-40	16.850020652910388	105.54323999999927	92.97000000000001	0.00000000000000026928971889061015	6.5024999999999995	0	0	185.4869646839277	23.951347231173987
0	40	16.850020652910388	105.54323999999927	92.97000000000001	0.00000000000000026928971889061015	6.5024999999999995	0	0	185.14769119991095	0.000000000000028421709430404004
0	20	16.850020652910388	105.54323999999927	92.97000000000001	0.00000000000000026928971889061015	6.5024999999999995	0	0	185.14769119991095	0.000000000000028421709430404004
0	10	16.850020652910388	105.54323999999927	92.97000000000001	0.00000000000000026928971889061015	6.5024999999999995	0	0	185.14769119991095	0.000000000000028421709430404004
0	5	16.850020652910388	105.54323999999927	92.97000000000001	0.00000000000000026928971889061015	6.5024999999999995	0	0	185.14769119991095	0.000000000000028421709430404004
0	2	16.850020652910388	105.54323999999927	92.97000000000001	0.00000000000000026928971889061015	6.5024999999999995	0	0	185.14769119991095	0.000000000000028421709430404004
0	0	16.850020652910388	105.54323999999927	92.97000000000001	0.00000000000000026928971889061015	6.5024999999999995	0	0	185.14769119991095	0.000000000000028421709430404004
0	-2	16.850020652910388	105.54323999999927	92.97000000000001	0.00000000000000026928971889061015	6.5024999999999995	0	0	185.14769119991095	0.000000000000028421709430404004
0	-5	16.850020652910388	105.54323999999927	92.97000000000001	0.00000000000000026928971889061015	6.5024999999999995	0	0	185.14769119991095	0.000000000000028421709430404004
0	-10	16.850020652910388	105.54323999999927	92.97000000000001	0.00000000000000026928971889061015	6.5024999999999995	0	0	185.14769119991095	0.000000000000028421709430404004
0	-20	16.850020652910388	105.54323999999927	92.97000000000001	0.00000000000000026928971889061015	6.5024999999999995	0	0	185.14769119991095	0.000000000000028421709430404004
0	-40	16.850020652910388	105.54323999999927	92.97000000000001	0.00000000000000026928971889061015	6.5024999999999995	0	0	185.14769119991095	0.000000000000028421709430404004
-2	40	16.850020652910388	105.54323999999927	92.97000000000001	0.00000000000000026928971889061015	6.5024999999999995	0	0	185.48696468392833	-23.951347231173926
-2	20	16.850020652910388	105.54323999999927	92.97000000000001	0.00000000000000026928971889061015	6.5024999999999995	0	0	185.48696468392833	-23.951347231173926
-2	10	16.850020652910388	105.54323999999927	92.97000000000001	0.00000000000000026928971889061015	6.5024999999999995	0	0	185.48696468392833	-23.951347231173926
-2	5	16.850020652910388	105.54323999999927	92.97000000000001	0.00000000000000026928971889061015	6.5024999999999995	0	0	185.48696468392833	-23.951347231173926
-2	2	16.850020652910388	105.54323999999927	92.97000000000001	0.00000000000000026928971889061015	6.5024999999999995	0	0	185.48696468392833	-23.951347231173926
-2	0	16.850020652910388	105.54323999999927	92.97000000000001	0.00000000000000026928971889061015	6.5024999999999995	0	0	185.48696468392833	-23.951347231173926
-2	-2	16.850020652910388	105.54323999999927	92.97000000000001	0.00000000000000026928971889061015	6.5024999999999995	0	0	185.48696468392833	-23.951347231173926
-2	-5	16.850020652910388	105.54323999999927	92.97000000000001	0.00000000000000026928971889061015	6.5024999999999995	0	0	185.48696468392833	-23.951347231173926
-2	-10	16.850020652910388	105.54323999999927	92.97000000000001	0.00000000000000026928971889061015	6.5024999999999995	0	0	185.48696468392833	-23.951347231173926
-2	-20	16.850020652910388	105.54323999999927	92.97000000000001	0.00000000000000026928971889061015	6.5024999999999995	0	0	185.48696468392833	-23.951347231173926
-2	-40	16.850020652910388	105.54323999999927	92.97000000000001	0.00000000000000026928971889061015	6.5024999999999995	0	0	185.48696468392833	-23.951347231173926
-5	40	16.850020652910388	105.54323999999927	92.97000000000001	0.00000000000000026928971889061015	6.5024999999999995	0	0	187.28065627841076	-59.81454333094829
-5	20	16.850020652910388	105.54323999999927	92.97000000000001	0.00000000000000026928971889061015	6.5024999999999995	0	0	187.28065627841076	-59.81454333094829
-5	10	16.850020652910388	105.54323999999927	92.97000000000001	0.00000000000000026928971889061015	6.5024999999999995	0	0	187.28065627841076	-59.81454333094829
-5	5	16.850020652910388	105.54323999999927	92.97000000000001	0.00000000000000026928971889061015	6.5024999999999995	0	0	187.28065627841076	-59.81454333094829
-5	2	16.850020652910388	105.54323999999927	92.97000000000001	0.00000000000000026928971889061015	6.5024999999999995	0	0	187.28065627841076	-59.81454333094829
-5	0	16.850020652910388	105.54323999999927	92.97000000000001	0.00000000000000026928971889061015	6.5024999999999995	0	0	187.28065627841076	-59.81454333094829
-5	-2	16.850020652910388	105.54323999999927	92.97000000000001	0.00000000000000026928971889061015	6.5024999999999995	0	0	187.28065627841076	-59.81454333094829
-5	-5	16.850020652910388	105.54323999999927	92.97000000000001	0.00000000000000026928971889061015	6.5024999999999995	0	0	187.28065627841076	-59.81454333094829
-5	-10	16.850020652910388	105.54323999999927	92.97000000000001	0.00000000000000026928971889061015	6.5024999999999995	0	0	187.28065627841076	-59.81454333094829
-5	-20	16.850020652910388	105.54323999999927	92.97000000000001	0.00000000000000026928971889061015	6.5024999999999995	0	0	187.28065627841076	-59.81454333094829
-5	-40	16.850020652910388	105.54323999999927	92.97000000000001	0.00000000000000026928971889061015	6.5024999999999995	0	0	187.28065627841076	-59.81454333094829
-10	40	16.850020652910388	105.54323999999927	92.97000000000001	0.00000000000000026928971889061015	6.5024999999999995	0	0	193.8620946021123	-119.17386187013935
-10	20	16.850020652910388	105.54323999999927	92.97000000000001	0.00000000000000026928971889061015	6.5024999999999995	0	0	193.8620946021123	-119.17386187013935
-10	10	16.850020652910388	105.54323999999927	92.97000000000001	0.00000000000000026928971889061015	6.5024999999999995	0	0	193.8620946021123	-119.17386187013935
-10	5	16.850020652910388	105.54323999999927	92.97000000000001	0.00000000000000026928971889061015	6.5024999999999995	0	0	193.8620946021123	-119.17386187013935
-10	2	16.850020652910388	105.54323999999927	92.97000000000001	0.00000000000000026928971889061015	6.5024999999999995	0	0	193.8620946021123	-119.17386187013935
-10	0	16.850020652910388	105.54323999999927	92.97000000000001	0.00000000000000026928971889061015	6.5024999999999995	0	0	193.8620946021123	-119.17386187013935
-10	-2	16.850020652910388	105.54323999999927	92.97000000000001	0.00000000000000026928971889061015	6.5024999999999995	0	0	193.8620946021123	-119.17386187013935
-10	-5	16.850020652910388	105.54323999999927	92.97000000000001	0.00000000000000026928971889061015	6.5024999999999995	0	0	193.8620946021123	-119.17386187013935
-10	-10	16.850020652910388	105.54323999999927	92.97000000000001	0.00000000000000026928971889061015	6.5024999999999995	0	0	193.8620946021123	-119.17386187013935
-10	-20	16.850020652910388	105.54323999999927	92.97000000000001	0.00000000000000026928971889061015	6.5024999999999995	0	0	193.8620946021123	-119.17386187013935
-10	-40	16.850020652910388	105.54323999999927	92.97000000000001	0.00000000000000026928971889061015	6.5024999999999995	0	0	193.8620946021123	-119.17386187013935
-15	40	16.850020652910388	105.54323999999927	92.97000000000001	0.00000000000000026928971889061015	6.5024999999999995	0	0	205.47137962824868	-177.6261953613534
-15	20	16.850020652910388	105.54323999999927	92.97000000000001	0.00000000000000026928971889061015	6.5024999999999995	0	0	205.47137962824868	-177.6261953613534
-15	10	16.850020652910388	105.54323999999927	92.97000000000001	0.00000000000000026928971889061015	6.5024999999999995	0	0	205.47137962824868	-177.6261953613534
-15	5	16.850020652910388	105.54323999999927	92.97000000000001	0.00000000000000026928971889061015	6.5024999999999995	0	0	205.47137962824868	-177.6261953613534
-15	2	16.850020652910388	105.54323999999927	92.97000000000001	0.00000000000000026928971889061015	6.5024999999999995	0	0	205.47137962824868	-177.6261953613534
-15	0	16.850020652910388	105.54323999999927	92.97000000000001	0.00000000000000026928971889061015	6.5024999999999995	0	0	205.47137962824868	-177.6261953613534
-15	-2	16.850020652910388	105.54323999999927	92.97000000000001	0.00000000000000026928971889061015	6.5024999999999995	0	0	205.47137962824868	-177.6261953613534
-15	-5	16.850020652910388	105.54323999999927	92.97000000000001	0.00000000000000026928971889061015	6.5024999999999995	0	0	205.47137962824868	-177.6261953613534
-15	-10	16.850020652910388	105.54323999999927	92.97000000000001	0.00000000000000026928971889061015	6.5024999999999995	0	0	205.47137962824868	-177.6261953613534
-15	-20	16.850020652910388	105.54323999999927	92.97000000000001	0.00000000000000026928971889061015	6.5024999999999995	0	0	205.47137962824868	-177.6261953613534
-15	-40	16.850020652910388	105.54323999999927	92.97000000000001	0.00000000000000026928971889061015	6.5024999999999995	0	0	205.47137962824868	-177.6261953613534
-30	40	16.850020652910388	105.54323999999927	92.97000000000001	0.00000000000000026928971889061015	6.5024999999999995	0	0	285.2112100562828	-343.1474590499975
-30	20	16.850020652910388	105.54323999999927	92.97000000000001	0.00000000000000026928971889061015	6.5024999999999995	0	0	285.2112100562828	-343.1474590499975
-30	10	16.850020652910388	105.54323999999927	92.97000000000001	0.00000000000000026928971889061015	6.5024999999999995	0	0	285.2112100562828	-343.1474590499975
-30	5	16.850020652910388	105.54323999999927	92.97000000000001	0.00000000000000026928971889061015	6.5024999999999995	0	0	285.2112100562828	-343.1474590499975
-30	2	16.850020652910388	105.54323999999927	92.97000000000001	0.00000000000000026928971889061015	6.5024999999999995	0	0	285.2112100562828	-343.1474590499975
-30	0	16.850020652910388	105.54323999999927	92.97000000000001	0.00000000000000026928971889061015	6.5024999999999995	0	0	285.2112100562828	-343.1474590499975
-30	-2	16.850020652910388	105.54323999999927	92.97000000000001	0.00000000000000026928971889061015	6.5024999999999995	0	0	285.2112100562828	-343.1474590499975
-30	-5	16.850020652910388	105.54323999999927	92.97000000000001	0.00000000000000026928971889061015	6.5024999999999995	0	0	285.2112100562828	-343.1474590499975
-30	-10	16.850020652910388	105.54323999999927	92.97000000000001	0.00000000000000026928971889061015	6.5024999999999995	0	0	285.2112100562828	-343.1474590499975
-30	-20	16.850020652910388	105.54323999999927	92.97000000000001	0.00000000000000026928971889061015	6.5024999999999995	0	0	285.2112100562828	-343.1474590499975
-30	-40	16.850020652910388	105.54323999999927	92.97000000000001	0.00000000000000026928971889061015	6.5024999999999995	0	0	285.2112100562828	-343.1474590499975
-60	40	16.850020652910388	99.31771120652559	92.97177450797942	-0.34815509681948226	6.27739550477343	19.69139544201687	0.465158813321202	156.47225469647168	-557.2181974897508
-60	20	16.850020652910388	99.33999997288628	92.97076954291069	-0.34729391457576897	6.277449597733278	15.839856991671297	0.2529132508004483	156.47225469647168	-557.3051265032858
-60	10	16.850020652910388	99.34395317450907	92.97037279361228	-0.34714121308929574	6.277459189286559	15.078185588580538	0.21986282136836577	156.47225469647168	-557.3205444906168
-60	5	16.850020652910388	99.34486704394007	92.97018496837381	-0.3471059145143367	6.277461406476256	14.89760004967826	0.21244060889876892	156.47225469647168	-557.3241086972154
-60	2	16.850020652910388	99.34511795438846	92.97007382924109	-0.3470962231108082	6.27746201521698	14.847702473417598	0.21041743412315597	156.47225469647168	-557.325087279763
-60	0	16.850020652910388	99.345165504429	92.97	-0.34709438649838675	6.2774621305790905	14.838230773245527	0.2100347378140817	156.47225469647168	-557.3252727309472
-60	-2	16.850020652910388	99.34511795438847	92.9699261707589	-0.3470962231108074	6.27746201521698	14.847702473417485	0.21041743412315578	156.47225469647168	-557.3250872797629
-60	-5	16.850020652910388	99.34486704394008	92.96981503162615	-0.34710591451433603	6.277461406476257	14.897600049678374	0.21244060889877475	156.47225469647168	-557.3241086972155
-60	-10	16.850020652910388	99.34395317450912	92.96962720638773	-0.3471412130892913	6.277459189286561	15.078185588580084	0.2198628213683642	156.47225469647168	-557.3205444906171
-60	-20	16.850020652910388	99.33999997288639	92.96923045708931	-0.3472939145757642	6.2774495977332805	15.839856991671297	0.2529132508004466	156.47225469647168	-557.3051265032865
-60	-40	16.850020652910388	99.31771120652608	92.96822549202058	-0.3481550968194572	6.27739550477344	19.69139544201471	0.46515881332118475	156.47225469647168	-557.2181974897532
60	40	14.835013768606924	93.81316541060727	92.97258139241873	0.6463025222806887	6.1369209745264195	50.69555142951572	0.640504728712458	156.47225469647066	528.9074371226855
60	20	14.835013768606924	93.83545417696799	92.97111944612638	0.6455963369963501	6.136532982382465	41.03495822154423	0.3476603003461186	156.47225469647066	528.9684361707352
60	10	14.835013768606924	93.83940737859076	92.97054229775264	0.645471120908724	6.136464186190621	39.10558832857936	0.30213770093951126	156.47225469647066	528.979255142581
60	5	14.835013768606924	93.84032124802172	92.97026907081023	0.6454421759596304	6.1364482832638645	38.64727805024825	0.29191777202362307	156.47225469647066	528.9817561856819
60	2	14.835013768606924	93.84057215847012	92.97010739831016	0.6454342289819067	6.136443917037335	38.52058400813405	0.28913219195559065	156.47225469647066	528.9824428678542
60	0	14.835013768606924	93.84061970851067	92.97000000000001	0.6454327229549013	6.136443089596348	38.49653173854074	0.2886052918760427	156.47225469647066	528.9825730009964
60	-2	14.835013768606924	93.84057215847015	92.96989260168985	0.6454342289819059	6.136443917037332	38.52058400813462	0.2891321919555991	156.47225469647066	528.9824428678542
60	-5	14.835013768606924	93.84032124802174	92.96973092918978	0.6454421759596296	6.136448283263867	38.64727805024853	0.2919177720236255	156.47225469647066	528.9817561856821
60	-10	14.835013768606924	93.83940737859082	92.96945770224733	0.6454711209087205	6.136464186190625	39.105588328579245	0.30213770093951064	156.47225469647066	528.9792551425816
60	-20	14.835013768606924	93.83545417696794	92.96888055387365	0.6455963369963514	6.136532982382465	41.03495822154434	0.3476603003461187	156.47225469647066	528.9684361707351
60	-40	14.835013768606924	93.81316541060771	92.96741860758127	0.6463025222806644	6.136920974526429	50.695551429512534	0.6405047287124412	156.47225469647066	528.9074371226876
30	40	14.835013768606924	105.54243995005518	92.97000253287496	0.00004957415806012177	6.5024593104988195	0.00009079490638064236	0.000050711259139563265	285.2112100562819	343.1472418517182
30	20	14.835013768606924	105.54323999999927	92.97000000000001	0.00000000000000026928971889061015	6.5024999999999995	0	0	285.2112100562819	343.1474590499976
30	10	14.835013768606924	105.54323999999927	92.97000000000001	0.00000000000000026928971889061015	6.5024999999999995	0	0	285.2112100562819	343.1474590499976
30	5	14.835013768606924	105.54323999999927	92.97000000000001	0.00000000000000026928971889061015	6.5024999999999995	0	0	285.2112100562819	343.1474590499976
30	2	14.835013768606924	105.54323999999927	92.97000000000001	0.00000000000000026928971889061015	6.5024999999999995	0	0	285.2112100562819	343.1474590499976
30	0	14.835013768606924	105.54323999999927	92.97000000000001	0.00000000000000026928971889061015	6.5024999999999995	0	0	285.2112100562819	343.1474590499976
30	-2	14.835013768606924	105.54323999999927	92.97000000000001	0.00000000000000026928971889061015	6.5024999999999995	0	0	285.2112100562819	343.1474590499976
30	-5	14.835013768606924	105.54323999999927	92.97000000000001	0.00000000000000026928971889061015	6.5024999999999995	0	0	285.2112100562819	343.1474590499976
30	-10	14.835013768606924	105.54323999999927	92.97000000000001	0.00000000000000026928971889061015	6.5024999999999995	0	0	285.2112100562819	343.1474590499976
30	-20	14.835013768606924	105.54323999999927	92.97000000000001	0.00000000000000026928971889061015	6.5024999999999995	0	0	285.2112100562819	343.1474590499976
30	-40	14.835013768606924	105.54243995005517	92.96999746712508	0.00004957415806012178	6.50245931049882	0.00009079490637242671	0.000050711259139465253	285.2112100562819	343.1472418517182
15	40	14.835013768606924	105.54323999999927	92.97000000000001	0.00000000000000026928971889061015	6.5024999999999995	0	0	205.47137962824863	177.62619536135347
15	20	14.835013768606924	105.54323999999927	92.97000000000001	0.00000000000000026928971889061015	6.5024999999999995	0	0	205.47137962824863	177.62619536135347
15	10	14.835013768606924	105.54323999999927	92.97000000000001	0.00000000000000026928971889061015	6.5024999999999995	0	0	205.47137962824863	177.62619536135347
15	5	14.835013768606924	105.54323999999927	92.97000000000001	0.00000000000000026928971889061015	6.5024999999999995	0	0	205.47137962824863	177.62619536135347
15	2	14.835013768606924	105.54323999999927	92.97000000000001	0.00000000000000026928971889061015	6.5024999999999995	0	0	205.47137962824863	177.62619536135347
15	0	14.835013768606924	105.54323999999927	92.97000000000001	0.00000000000000026928971889061015	6.5024999999999995	0	0	205.47137962824863	177.62619536135347
15	-2	14.835013768606924	105.54323999999927	92.97000000000001	0.00000000000000026928971889061015	6.5024999999999995	0	0	205.47137962824863	177.62619536135347
15	-5	14.835013768606924	105.54323999999927	92.97000000000001	0.00000000000000026928971889061015	6.5024999999999995	0	0	205.47137962824863	177.62619536135347
15	-10	14.835013768606924	105.54323999999927	92.97000000000001	0.00000000000000026928971889061015	6.5024999999999995	0	0	205.47137962824863	177.62619536135347
15	-20	14.835013768606924	105.54323999999927	92.97000000000001	0.00000000000000026928971889061015	6.5024999999999995	0	0	205.47137962824863	177.62619536135347
15	-40	14.835013768606924	105.54323999999927	92.97000000000001	0.00000000000000026928971889061015	6.5024999999999995	0	0	205.47137962824863	177.62619536135347
10	40	14.835013768606924	105.54323999999927	92.97000000000001	0.00000000000000026928971889061015	6.5024999999999995	0	0	193.8620946021116	119.1738618701394
10	20	14.835013768606924	105.54323999999927	92.97000000000001	0.00000000000000026928971889061015	6.5024999999999995	0	0	193.8620946021116	119.1738618701394
10	10	14.835013768606924	105.54323999999927	92.97000000000001	0.00000000000000026928971889061015	6.5024999999999995	0	0	193.8620946021116	119.1738618701394
10	5	14.835013768606924	105.54323999999927	92.97000000000001	0.00000000000000026928971889061015	6.5024999999999995	0	0	193.8620946021116	119.1738618701394
10	2	14.835013768606924	105.54323999999927	92.97000000000001	0.00000000000000026928971889061015	6.5024999999999995	0	0	193.8620946021116	119.1738618701394
10	0	14.835013768606924	105.54323999999927	92.97000000000001	0.00000000000000026928971889061015	6.5024999999999995	0	0	193.8620946021116	119.1738618701394
10	-2	14.835013768606924	105.54323999999927	92.97000000000001	0.00000000000000026928971889061015	6.5024999999999995	0	0	193.8620946021116	119.1738618701394
10	-5	14.835013768606924	105.54323999999927	92.97000000000001	0.00000000000000026928971889061015	6.5024999999999995	0	0	193.8620946021116	119.1738618701394
10	-10	14.835013768606924	105.54323999999927	92.97000000000001	0.00000000000000026928971889061015	6.5024999999999995	0	0	193.8620946021116	119.1738618701394
10	-20	14.835013768606924	105.54323999999927	92.97000000000001	0.00000000000000026928971889061015	6.5024999999999995	0	0	193.8620946021116	119.1738618701394
10	-40	14.835013768606924	105.54323999999927	92.97000000000001	0.00000000000000026928971889061015	6.5024999999999995	0	0	193.8620946021116	119.1738618701394
5	40	14.835013768606924	105.54323999999927	92.97000000000001	0.00000000000000026928971889061015	6.5024999999999995	0	0	187.28065627840928	59.81454333094834
5	20	14.835013768606924	105.54323999999927	92.97000000000001	0.00000000000000026928971889061015	6.5024999999999995	0	0	187.28065627840928	59.81454333094834
5	10	14.835013768606924	105.54323999999927	92.97000000000001	0.00000000000000026928971889061015	6.5024999999999995	0	0	187.28065627840928	59.81454333094834
5	5	14.835013768606924	105.54323999999927	92.97000000000001	0.00000000000000026928971889061015	6.5024999999999995	0	0	187.28065627840928	59.81454333094834
5	2	14.835013768606924	105.54323999999927	92.97000000000001	0.00000000000000026928971889061015	6.5024999999999995	0	0	187.28065627840928	59.81454333094834
5	0	14.835013768606924	105.54323999999927	92.97000000000001	0.00000000000000026928971889061015	6.5024999999999995	0	0	187.28065627840928	59.81454333094834
5	-2	14.835013768606924	105.54323999999927	92.97000000000001	0.00000000000000026928971889061015	6.5024999999999995	0	0	187.28065627840928	59.81454333094834
5	-5	14.835013768606924	105.54323999999927	92.97000000000001	0.00000000000000026928971889061015	6.5024999999999995	0	0	187.28065627840928	59.81454333094834
5	-10	14.835013768606924	105.54323999999927	92.97000000000001	0.00000000000000026928971889061015	6.5024999999999995	0	0	187.28065627840928	59.81454333094834
5	-20	14.835013768606924	105.54323999999927	92.97000000000001	0.00000000000000026928971889061015	6.5024999999999995	0	0	187.28065627840928	59.81454333094834
5	-40	14.835013768606924	105.54323999999927	92.97000000000001	0.00000000000000026928971889061015	6.5024999999999995	0	0	187.28065627840928	59.81454333094834
2	40	14.835013768606924	105.54323999999927	92.97000000000001	0.00000000000000026928971889061015	6.5024999999999995	0	0	185.4869646839277	23.951347231173987
2	20	14.835013768606924	105.54323999999927	92.97000000000001	0.00000000000000026928971889061015	6.5024999999999995	0	0	185.4869646839277	23.951347231173987
2	10	14.835013768606924	105.54323999999927	92.97000000000001	0.00000000000000026928971889061015	6.5024999999999995	0	0	185.4869646839277	23.951347231173987
2	5	14.835013768606924	105.54323999999927	92.97000000000001	0.00000000000000026928971889061015	6.5024999999999995	0	0	185.4869646839277	23.951347231173987
2	2	14.835013768606924	105.54323999999927	92.97000000000001	0.00000000000000026928971889061015	6.5024999999999995	0	0	185.4869646839277	23.951347231173987
2	0	14.835013768606924	105.54323999999927	92.97000000000001	0.00000000000000026928971889061015	6.5024999999999995	0	0	185.4869646839277	23.951347231173987
2	-2	14.835013768606924	105.54323999999927	92.97000000000001	0.00000000000000026928971889061015	6.5024999999999995	0	0	185.4869646839277	23.951347231173987
2	-5	14.835013768606924	105.54323999999927	92.97000000000001	0.00000000000000026928971889061015	6.5024999999999995	0	0	185.4869646839277	23.951347231173987
2	-10	14.835013768606924	105.54323999999927	92.97000000000001	0.00000000000000026928971889061015	6.5024999999999995	0	0	185.4869646839277	23.951347231173987
2	-20	14.835013768606924	105.54323999999927	92.97000000000001	0.00000000000000026928971889061015	6.5024999999999995	0	0	185.4869646839277	23.951347231173987
2	-40	14.835013768606924	105.54323999999927	92.97000000000001	0.00000000000000026928971889061015	6.5024999999999995	0	0	185.4869646839277	23.951347231173987
0	40	14.835013768606924	105.54323999999927	92.97000000000001	0.00000000000000026928971889061015	6.5024999999999995	0	0	185.14769119991095	0.000000000000028421709430404004
0	20	14.835013768606924	105.54323999999927	92.97000000000001	0.00000000000000026928971889061015	6.5024999999999995	0	0	185.14769119991095	0.000000000000028421709430404004
0	10	14.835013768606924	105.54323999999927	92.97000000000001	0.00000000000000026928971889061015	6.5024999999999995	0	0	185.14769119991095	0.000000000000028421709430404004
0	5	14.835013768606924	105.54323999999927	92.97000000000001	0.00000000000000026928971889061015	6.5024999999999995	0	0	185.14769119991095	0.000000000000028421709430404004
0	2	14.835013768606924	105.54323999999927	92.97000000000001	0.00000000000000026928971889061015	6.5024999999999995	0	0	185.14769119991095	0.000000000000028421709430404004
0	0	14.835013768606924	105.54323999999927	92.97000000000001	0.00000000000000026928971889061015	6.5024999999999995	0	0	185.14769119991095	0.000000000000028421709430404004
0	-2	14.835013768606924	105.54323999999927	92.97000000000001	0.00000000000000026928971889061015	6.5024999999999995	0	0	185.14769119991095	0.000000000000028421709430404004
0	-5	14.835013768606924	105.54323999999927	92.97000000000001	0.00000000000000026928971889061015	6.5024999999999995	0	0	185.14769119991095	0.000000000000028421709430404004
0	-10	14.835013768606924	105.54323999999927	92.97000000000001	0.00000000000000026928971889061015	6.5024999999999995	0	0	185.14769119991095	0.000000000000028421709430404004
0	-20	14.835013768606924	105.54323999999927	92.97000000000001	0.00000000000000026928971889061015	6.5024999999999995	0	0	185.14769119991095	0.000000000000028421709430404004
0	-40	14.835013768606924	105.54323999999927	92.97000000000001	0.00000000000000026928971889061015	6.5024999999999995	0	0	185.14769119991095	0.000000000000028421709430404004
-2	40	14.835013768606924	105.54323999999927	92.97000000000001	0.00000000000000026928971889061015	6.5024999999999995	0	0	185.48696468392833	-23.951347231173926
-2	20	14.835013768606924	105.54323999999927	92.97000000000001	0.00000000000000026928971889061015	6.5024999999999995	0	0	185.48696468392833	-23.951347231173926
-2	10	14.835013768606924	105.54323999999927	92.97000000000001	0.00000000000000026928971889061015	6.5024999999999995	0	0	185.48696468392833	-23.951347231173926
-2	5	14.835013768606924	105.54323999999927	92.97000000000001	0.00000000000000026928971889061015	6.5024999999999995	0	0	185.48696468392833	-23.951347231173926
-2	2	14.835013768606924	105.54323999999927	92.97000000000001	0.00000000000000026928971889061015	6.5024999999999995	0	0	185.48696468392833	-23.951347231173926
-2	0	14.835013768606924	105.54323999999927	92.97000000000001	0.00000000000000026928971889061015	6.5024999999999995	0	0	185.48696468392833	-23.951347231173926
-2	-2	14.835013768606924	105.54323999999927	92.97000000000001	0.00000000000000026928971889061015	6.5024999999999995	0	0	185.48696468392833	-23.951347231173926
-2	-5	14.835013768606924	105.54323999999927	92.97000000000001	0.00000000000000026928971889061015	6.5024999999999995	0	0	185.48696468392833	-23.951347231173926
-2	-10	14.835013768606924	105.54323999999927	92.97000000000001	0.00000000000000026928971889061015	6.5024999999999995	0	0	185.48696468392833	-23.951347231173926
-2	-20	14.835013768606924	105.54323999999927	92.97000000000001	0.00000000000000026928971889061015	6.5024999999999995	0	0	185.48696468392833	-23.951347231173926
-2	-40	14.835013768606924	105.54323999999927	92.97000000000001	0.00000000000000026928971889061015	6.5024999999999995	0	0	185.48696468392833	-23.951347231173926
-5	40	14.835013768606924	105.54323999999927	92.97000000000001	0.00000000000000026928971889061015	6.5024999999999995	0	0	187.28065627841076	-59.81454333094829
-5	20	14.835013768606924	105.54323999999927	92.97000000000001	0.00000000000000026928971889061015	6.5024999999999995	0	0	187.28065627841076	-59.81454333094829
-5	10	14.835013768606924	105.54323999999927	92.97000000000001	0.00000000000000026928971889061015	6.5024999999999995	0	0	187.28065627841076	-59.81454333094829
-5	5	14.835013768606924	105.54323999999927	92.97000000000001	0.00000000000000026928971889061015	6.5024999999999995	0	0	187.28065627841076	-59.81454333094829
-5	2	14.835013768606924	105.54323999999927	92.97000000000001	0.00000000000000026928971889061015	6.5024999999999995	0	0	187.28065627841076	-59.81454333094829
-5	0	14.835013768606924	105.54323999999927	92.97000000000001	0.00000000000000026928971889061015	6.5024999999999995	0	0	187.28065627841076	-59.81454333094829
-5	-2	14.835013768606924	105.54323999999927	92.97000000000001	0.00000000000000026928971889061015	6.5024999999999995	0	0	187.28065627841076	-59.81454333094829
-5	-5	14.835013768606924	105.54323999999927	92.97000000000001	0.00000000000000026928971889061015	6.5024999999999995	0	0	187.28065627841076	-59.81454333094829
-5	-10	14.835013768606924	105.54323999999927	92.97000000000001	0.00000000000000026928971889061015	6.5024999999999995	0	0	187.28065627841076	-59.81454333094829
-5	-20	14.835013768606924	105.54323999999927	92.97000000000001	0.00000000000000026928971889061015	6.5024999999999995	0	0	187.28065627841076	-59.81454333094829
-5	-40	14.835013768606924	105.54323999999927	92.97000000000001	0.00000000000000026928971889061015	6.5024999999999995	0	0	187.28065627841076	-59.81454333094829
-10	40	14.835013768606924	105.54323999999927	92.97000000000001	0.00000000000000026928971889061015	6.5024999999999995	0	0	193.8620946021123	-119.17386187013935
-10	20	14.835013768606924	105.54323999999927	92.97000000000001	0.00000000000000026928971889061015	6.5024999999999995	0	0	193.8620946021123	-119.17386187013935
-10	10	14.835013768606924	105.54323999999927	92.97000000000001	0.00000000000000026928971889061015	6.5024999999999995	0	0	193.8620946021123	-119.17386187013935
-10	5	14.835013768606924	105.54323999999927	92.97000000000001	0.00000000000000026928971889061015	6.5024999999999995	0	0	193.8620946021123	-119.17386187013935
-10	2	14.835013768606924	105.54323999999927	92.97000000000001	0.00000000000000026928971889061015	6.5024999999999995	0	0	193.8620946021123	-119.17386187013935
-10	0	14.835013768606924	105.54323999999927	92.97000000000001	0.00000000000000026928971889061015	6.5024999999999995	0	0	193.8620946021123	-119.17386187013935
-10	-2	14.835013768606924	105.54323999999927	92.97000000000001	0.00000000000000026928971889061015	6.5024999999999995	0	0	193.8620946021123	-119.17386187013935
-10	-5	14.835013768606924	105.54323999999927	92.97000000000001	0.00000000000000026928971889061015	6.5024999999999995	0	0	193.8620946021123	-119.17386187013935
-10	-10	14.835013768606924	105.54323999999927	92.97000000000001	0.00000000000000026928971889061015	6.5024999999999995	0	0	193.8620946021123	-119.17386187013935
-10	-20	14.835013768606924	105.54323999999927	92.97000000000001	0.00000000000000026928971889061015	6.5024999999999995	0	0	193.8620946021123	-119.17386187013935
-10	-40	14.835013768606924	105.54323999999927	92.97000000000001	0.00000000000000026928971889061015	6.5024999999999995	0	0	193.8620946021123	-119.17386187013935
-15	40	14.835013768606924	105.54323999999927	92.97000000000001	0.00000000000000026928971889061015	6.5024999999999995	0	0	205.47137962824868	-177.6261953613534
-15	20	14.835013768606924	105.54323999999927	92.97000000000001	0.00000000000000026928971889061015	6.5024999999999995	0	0	205.47137962824868	-177.6261953613534
-15	10	14.835013768606924	105.54323999999927	92.97000000000001	0.00000000000000026928971889061015	6.5024999999999995	0	0	205.47137962824868	-177.6261953613534
-15	5	14.835013768606924	105.54323999999927	92.97000000000001	0.00000000000000026928971889061015	6.5024999999999995	0	0	205.47137962824868	-177.6261953613534
-15	2	14.835013768606924	105.54323999999927	92.97000000000001	0.00000000000000026928971889061015	6.5024999999999995	0	0	205.47137962824868	-177.6261953613534
-15	0	14.835013768606924	105.54323999999927	92.97000000000001	0.00000000000000026928971889061015	6.5024999999999995	0	0	205.47137962824868	-177.6261953613534
-15	-2	14.835013768606924	105.54323999999927	92.97000000000001	0.00000000000000026928971889061015	6.5024999999999995	0	0	205.47137962824868	-177.6261953613534
-15	-5	14.835013768606924	105.54323999999927	92.97000000000001	0.00000000000000026928971889061015	6.5024999999999995	0	0	205.47137962824868	-177.6261953613534
-15	-10	14.835013768606924	105.54323999999927	92.97000000000001	0.00000000000000026928971889061015	6.5024999999999995	0	0	205.47137962824868	-177.6261953613534
-15	-20	14.835013768606924	105.54323999999927	92.97000000000001	0.00000000000000026928971889061015	6.5024999999999995	0	0	205.47137962824868	-177.6261953613534
-15	-40	14.835013768606924	105.54323999999927	92.97000000000001	0.00000000000000026928971889061015	6.5024999999999995	0	0	205.47137962824868	-177.6261953613534
-30	40	14.835013768606924	105.54243995005518	92.97000253287491	-0.00004957415806025993	6.502459310498818	0.00009079490638685961	0.000050711259139553724	285.2112100562828	-343.14724185171815
-30	20	14.835013768606924	105.54323999999927	92.97000000000001	0.00000000000000026928971889061015	6.5024999999999995	0	0	285.2112100562828	-343.1474590499975
-30	10	14.835013768606924	105.54323999999927	92.97000000000001	0.00000000000000026928971889061015	6.5024999999999995	0	0	285.2112100562828	-343.1474590499975
-30	5	14.835013768606924	105.54323999999927	92.97000000000001	0.00000000000000026928971889061015	6.5024999999999995	0	0	285.2112100562828	-343.1474590499975
-30	2	14.835013768606924	105.54323999999927	92.97000000000001	0.00000000000000026928971889061015	6.5024999999999995	0	0	285.2112100562828	-343.1474590499975
-30	0	14.835013768606924	105.54323999999927	92.97000000000001	0.00000000000000026928971889061015	6.5024999999999995	0	0	285.2112100562828	-343.1474590499975
-30	-2	14.835013768606924	105.54323999999927	92.97000000000001	0.00000000000000026928971889061015	6.5024999999999995	0	0	285.2112100562828	-343.1474590499975
-30	-5	14.835013768606924	105.54323999999927	92.97000000000001	0.00000000000000026928971889061015	6.5024999999999995	0	0	285.2112100562828	-343.1474590499975
-30	-10	14.835013768606924	105.54323999999927	92.97000000000001	0.00000000000000026928971889061015	6.5024999999999995	0	0	285.2112100562828	-343.1474590499975
-30	-20	14.835013768606924	105.54323999999927	92.97000000000001	0.00000000000000026928971889061015	6.5024999999999995	0	0	285.2112100562828	-343.1474590499975
-30	-40	14.835013768606924	105.54243995005517	92.96999746712507	-0.0000495741580601891	6.50245931049882	0.00009079490636598742	0.00005071125913947913	285.2112100562828	-343.1472418517182
-60	40	14.835013768606924	93.81316541060727	92.97258139241876	-0.6463025222806885	6.136920974526421	50.69555142951492	0.6405047287124546	156.47225469647168	-528.9074371226855
-60	20	14.835013768606924	93.83545417696801	92.97111944612635	-0.6455963369963498	6.136532982382465	41.03495822154446	0.34766030034612794	156.47225469647168	-528.9684361707355
-60	10	14.835013768606924	93.83940737859078	92.97054229775266	-0.6454711209087233	6.136464186190624	39.10558832857902	0.3021377009395027	156.47225469647168	-528.9792551425813
-60	5	14.835013768606924	93.84032124802175	92.97026907081025	-0.6454421759596304	6.136448283263861	38.64727805024853	0.29191777202362584	156.47225469647168	-528.9817561856818
-60	2	14.835013768606924	93.84057215847014	92.97010739831015	-0.6454342289819064	6.136443917037333	38.52058400813422	0.2891321919555937	156.47225469647168	-528.9824428678542
-60	0	14.835013768606924	93.84061970851069	92.97	-0.6454327229549013	6.13644308959635	38.496531738540625	0.2886052918760427	156.47225469647168	-528.9825730009966
-60	-2	14.835013768606924	93.84057215847014	92.96989260168986	-0.6454342289819058	6.136443917037333	38.52058400813462	0.2891321919556018	156.47225469647168	-528.9824428678542
-60	-5	14.835013768606924	93.84032124802178	92.96973092918974	-0.6454421759596297	6.136448283263862	38.64727805024876	0.291917772023634	156.47225469647168	-528.981756185682
-60	-10	14.835013768606924	93.8394073785908	92.96945770224734	-0.6454711209087205	6.136464186190626	39.10558832857964	0.30213770093951925	156.47225469647168	-528.9792551425815
-60	-20	14.835013768606924	93.83545417696796	92.96888055387363	-0.6455963369963519	6.136532982382466	41.03495822154446	0.34766030034612805	156.47225469647168	-528.9684361707352
-60	-40	14.835013768606924	93.81316541060771	92.96741860758122	-0.6463025222806645	6.136920974526428	50.69555142951219	0.6405047287124322	156.47225469647168	-528.9074371226875
60	40	12.820006884303462	86.573920483881	92.97355877515055	1.0479088701131318	6.008498033557617	104.04722533498693	0.8156095125678952	156.47225469647066	495.8492181516302
60	20	12.820006884303462	86.59620925024174	92.97154326707621	1.0473397163142981	6.0075920233701385	84.44794908847769	0.4423827709524248	156.47225469647066	495.8842872341948
60	10	12.820006884303462	86.60016245186455	92.97074760839322	1.0472388001000095	6.007431379413418	80.5162998990238	0.3844075689612622	156.47225469647066	495.89050719055575
60	5	12.820006884303462	86.60107632129551	92.97037093908536	1.0472154724104497	6.007394245119601	79.58156603581381	0.3713937431938059	156.47225469647066	495.8919450701587
60	2	12.820006884303462	86.60132723174394	92.97014805850544	1.0472090676855221	6.007384049727702	79.3231178229509	0.3678467617046786	156.47225469647066	495.8923398519556
60	0	12.820006884303462	86.60137478178444	92.97000000000001	1.0472078539302483	6.007382117605583	79.27405006266946	0.36717584593800406	156.47225469647066	495.8924146670562
60	-2	12.820006884303462	86.60132723174395	92.96985194149458	1.0472090676855208	6.007384049727702	79.32311782295136	0.3678467617046889	156.47225469647066	495.89233985195574
60	-5	12.820006884303462	86.60107632129561	92.96962906091464	1.0472154724104443	6.007394245119601	79.58156603581324	0.37139374319380497	156.47225469647066	495.89194507015907
60	-10	12.820006884303462	86.60016245186462	92.96925239160679	1.0472388001000057	6.00743137941342	80.51629989902221	0.384407568961243	156.47225469647066	495.89050719055615
60	-20	12.820006884303462	86.59620925024197	92.96845673292376	1.0473397163142846	6.007592023370141	84.44794908847518	0.44238277095240225	156.47225469647066	495.8842872341958
60	-40	12.820006884303462	86.57392048388157	92.96644122484946	1.0479088701131	6.008498033557623	104.04722533498136	0.8156095125678589	156.47225469647066	495.84921815163256
30	40	12.820006884303462	103.44976087023932	92.97098359098753	0.11203378092521932	6.405600719065005	3.913012022012097	0.2661698178619728	285.2112100562819	341.36605128998326
30	20	12.820006884303462	103.47204963659979	92.9704265533115	0.1112578516621435	6.406398569662741	3.067363999470416	0.14577594241122885	285.2112100562819	341.4113473507333
30	10	12.820006884303462	103.47600283822261	92.970206637733	0.11112026545099775	6.406540042920709	2.906051274561406	0.1268881918475095	285.2112100562819	341.4193811942383
30	5	12.820006884303462	103.47691670765359	92.97010252713089	0.11108846087069475	6.406572746035044	2.8680796814253	0.12264082979790433	285.2112100562819	341.4212383937169
30	2	12.820006884303462	103.47716761810199	92.9700409232177	0.11107972875710531	6.406581724845843	2.8576060792594973	0.12148269822199022	285.2112100562819	341.4217483032709
30	0	12.820006884303462	103.47721516814251	92.97000000000001	0.11107807393898136	6.406583426415421	2.855618843743713	0.12126361241613971	285.2112100562819	341.42184493623336
30	-2	12.820006884303462	103.47716761810199	92.96995907678232	0.11107972875710498	6.406581724845843	2.857606079259483	0.12148269822199131	285.2112100562819	341.4217483032709
30	-10	12.820006884303462	103.47600283822264	92.96979336226698	0.11112026545099622	6.406540042920712	2.906051274561193	0.12688819184750125	285.2112100562819	341.41938119423844
30	-5	12.820006884303462	103.47691670765361	92.96989747286908	0.11108846087069445	6.406572746035044	2.8680796814252005	0.12264082979790414	285.2112100562819	341.421238393717
30	-20	12.820006884303462	103.4720496365998	92.96957344668853	0.11125785166214354	6.406398569662739	3.067363999470416	0.1457759424112211	285.2112100562819	341.4113473507332
30	-40	12.820006884303462	103.44976087023937	92.96901640901248	0.1120337809252153	6.40560071906501	3.9130120220116282	0.26616981786196287	285.2112100562819	341.3660512899833
15	40	12.820006884303462	105.54293941505055	92.97000099238542	0.00001859775295296461	6.5024846670607275	0.00007094861885581505	0.000011447685587731918	205.47137962824863	177.62716662169342
15	20	12.820006884303462	105.54323999999927	92.97000000000001	0.00000000000000026928971889061015	6.5024999999999995	0	0	205.47137962824863	177.62619536135347
15	10	12.820006884303462	105.54323999999927	92.97000000000001	0.00000000000000026928971889061015	6.5024999999999995	0	0	205.47137962824863	177.62619536135347
15	5	12.820006884303462	105.54323999999927	92.97000000000001	0.00000000000000026928971889061015	6.5024999999999995	0	0	205.47137962824863	177.62619536135347
15	2	12.820006884303462	105.54323999999927	92.97000000000001	0.00000000000000026928971889061015	6.5024999999999995	0	0	205.47137962824863	177.62619536135347
15	0	12.820006884303462	105.54323999999927	92.97000000000001	0.00000000000000026928971889061015	6.5024999999999995	0	0	205.47137962824863	177.62619536135347
15	-2	12.820006884303462	105.54323999999927	92.97000000000001	0.00000000000000026928971889061015	6.5024999999999995	0	0	205.47137962824863	177.62619536135347
15	-5	12.820006884303462	105.54323999999927	92.97000000000001	0.00000000000000026928971889061015	6.5024999999999995	0	0	205.47137962824863	177.62619536135347
15	-10	12.820006884303462	105.54323999999927	92.97000000000001	0.00000000000000026928971889061015	6.5024999999999995	0	0	205.47137962824863	177.62619536135347
15	-20	12.820006884303462	105.54323999999927	92.97000000000001	0.00000000000000026928971889061015	6.5024999999999995	0	0	205.47137962824863	177.62619536135347
15	-40	12.820006884303462	105.54293941505055	92.96999900761459	0.00001859775295289729	6.5024846670607275	0.00007094861885426074	0.00001144768558769202	205.47137962824863	177.6271666216934
10	40	12.820006884303462	105.54323999999927	92.97000000000001	0.00000000000000026928971889061015	6.5024999999999995	0	0	193.8620946021116	119.1738618701394
10	20	12.820006884303462	105.54323999999927	92.97000000000001	0.00000000000000026928971889061015	6.5024999999999995	0	0	193.8620946021116	119.1738618701394
10	10	12.820006884303462	105.54323999999927	92.97000000000001	0.00000000000000026928971889061015	6.5024999999999995	0	0	193.8620946021116	119.1738618701394
10	5	12.820006884303462	105.54323999999927	92.97000000000001	0.00000000000000026928971889061015	6.5024999999999995	0	0	193.8620946021116	119.1738618701394
10	2	12.820006884303462	105.54323999999927	92.97000000000001	0.00000000000000026928971889061015	6.5024999999999995	0	0	193.8620946021116	119.1738618701394
10	0	12.820006884303462	105.54323999999927	92.97000000000001	0.00000000000000026928971889061015	6.5024999999999995	0	0	193.8620946021116	119.1738618701394
10	-2	12.820006884303462	105.54323999999927	92.97000000000001	0.00000000000000026928971889061015	6.5024999999999995	0	0	193.8620946021116	119.1738618701394
10	-5	12.820006884303462	105.54323999999927	92.97000000000001	0.00000000000000026928971889061015	6.5024999999999995	0	0	193.8620946021116	119.1738618701394
10	-10	12.820006884303462	105.54323999999927	92.97000000000001	0.00000000000000026928971889061015	6.5024999999999995	0	0	193.8620946021116	119.1738618701394
10	-20	12.820006884303462	105.54323999999927	92.97000000000001	0.00000000000000026928971889061015	6.5024999999999995	0	0	193.8620946021116	119.1738618701394
10	-40	12.820006884303462	105.54323999999927	92.97000000000001	0.00000000000000026928971889061015	6.5024999999999995	0	0	193.8620946021116	119.1738618701394
5	40	12.820006884303462	105.54323999999927	92.97000000000001	0.00000000000000026928971889061015	6.5024999999999995	0	0	187.28065627840928	59.81454333094834
5	20	12.820006884303462	105.54323999999927	92.97000000000001	0.00000000000000026928971889061015	6.5024999999999995	0	0	187.28065627840928	59.81454333094834
5	10	12.820006884303462	105.54323999999927	92.97000000000001	0.00000000000000026928971889061015	6.5024999999999995	0	0	187.28065627840928	59.81454333094834
5	5	12.820006884303462	105.54323999999927	92.97000000000001	0.00000000000000026928971889061015	6.5024999999999995	0	0	187.28065627840928	59.81454333094834
5	2	12.820006884303462	105.54323999999927	92.97000000000001	0.00000000000000026928971889061015	6.5024999999999995	0	0	187.28065627840928	59.81454333094834
5	0	12.820006884303462	105.54323999999927	92.97000000000001	0.00000000000000026928971889061015	6.5024999999999995	0	0	187.28065627840928	59.81454333094834
5	-2	12.820006884303462	105.54323999999927	92.97000000000001	0.00000000000000026928971889061015	6.5024999999999995	0	0	187.28065627840928	59.81454333094834
5	-5	12.820006884303462	105.54323999999927	92.97000000000001	0.00000000000000026928971889061015	6.5024999999999995	0	0	187.28065627840928	59.81454333094834
5	-10	12.820006884303462	105.54323999999927	92.97000000000001	0.00000000000000026928971889061015	6.5024999999999995	0	0	187.28065627840928	59.81454333094834
5	-20	12.820006884303462	105.54323999999927	92.97000000000001	0.00000000000000026928971889061015	6.5024999999999995	0	0	187.28065627840928	59.81454333094834
5	-40	12.820006884303462	105.54323999999927	92.97000000000001	0.00000000000000026928971889061015	6.5024999999999995	0	0	187.28065627840928	59.81454333094834
2	40	12.820006884303462	105.54323999999927	92.97000000000001	0.00000000000000026928971889061015	6.5024999999999995	0	0	185.4869646839277	23.951347231173987
2	20	12.820006884303462	105.54323999999927	92.97000000000001	0.00000000000000026928971889061015	6.5024999999999995	0	0	185.4869646839277	23.951347231173987
2	10	12.820006884303462	105.54323999999927	92.97000000000001	0.00000000000000026928971889061015	6.5024999999999995	0	0	185.4869646839277	23.951347231173987
2	5	12.820006884303462	105.54323999999927	92.97000000000001	0.00000000000000026928971889061015	6.5024999999999995	0	0	185.4869646839277	23.951347231173987
2	2	12.820006884303462	105.54323999999927	92.97000000000001	0.00000000000000026928971889061015	6.5024999999999995	0	0	185.4869646839277	23.951347231173987
2	0	12.820006884303462	105.54323999999927	92.97000000000001	0.00000000000000026928971889061015	6.5024999999999995	0	0	185.4869646839277	23.951347231173987
2	-2	12.820006884303462	105.54323999999927	92.97000000000001	0.00000000000000026928971889061015	6.5024999999999995	0	0	185.4869646839277	23.951347231173987
2	-5	12.820006884303462	105.54323999999927	92.97000000000001	0.00000000000000026928971889061015	6.5024999999999995	0	0	185.4869646839277	23.951347231173987
2	-10	12.820006884303462	105.54323999999927	92.97000000000001	0.00000000000000026928971889061015	6.5024999999999995	0	0	185.4869646839277	23.951347231173987
2	-20	12.820006884303462	105.54323999999927	92.97000000000001	0.00000000000000026928971889061015	6.5024999999999995	0	0	185.4869646839277	23.951347231173987
2	-40	12.820006884303462	105.54323999999927	92.97000000000001	0.00000000000000026928971889061015	6.5024999999999995	0	0	185.4869646839277	23.951347231173987
0	40	12.820006884303462	105.54323999999927	92.97000000000001	0.00000000000000026928971889061015	6.5024999999999995	0	0	185.14769119991095	0.000000000000028421709430404004
0	20	12.820006884303462	105.54323999999927	92.97000000000001	0.00000000000000026928971889061015	6.5024999999999995	0	0	185.14769119991095	0.000000000000028421709430404004
0	10	12.820006884303462	105.54323999999927	92.97000000000001	0.00000000000000026928971889061015	6.5024999999999995	0	0	185.14769119991095	0.000000000000028421709430404004
0	5	12.820006884303462	105.54323999999927	92.97000000000001	0.00000000000000026928971889061015	6.5024999999999995	0	0	185.14769119991095	0.000000000000028421709430404004
0	2	12.820006884303462	105.54323999999927	92.97000000000001	0.00000000000000026928971889061015	6.5024999999999995	0	0	185.14769119991095	0.000000000000028421709430404004
0	0	12.820006884303462	105.54323999999927	92.97000000000001	0.00000000000000026928971889061015	6.5024999999999995	0	0	185.14769119991095	0.000000000000028421709430404004
0	-2	12.820006884303462	105.54323999999927	92.97000000000001	0.00000000000000026928971889061015	6.5024999999999995	0	0	185.14769119991095	0.000000000000028421709430404004
0	-5	12.820006884303462	105.54323999999927	92.97000000000001	0.00000000000000026928971889061015	6.5024999999999995	0	0	185.14769119991095	0.000000000000028421709430404004
0	-10	12.820006884303462	105.54323999999927	92.97000000000001	0.00000000000000026928971889061015	6.5024999999999995	0	0	185.14769119991095	0.000000000000028421709430404004
0	-20	12.820006884303462	105.54323999999927	92.97000000000001	0.00000000000000026928971889061015	6.5024999999999995	0	0	185.14769119991095	0.000000000000028421709430404004
0	-40	12.820006884303462	105.54323999999927	92.97000000000001	0.00000000000000026928971889061015	6.5024999999999995	0	0	185.14769119991095	0.000000000000028421709430404004
-2	40	12.820006884303462	105.54323999999927	92.97000000000001	0.00000000000000026928971889061015	6.5024999999999995	0	0	185.48696468392833	-23.951347231173926
-2	20	12.820006884303462	105.54323999999927	92.97000000000001	0.00000000000000026928971889061015	6.5024999999999995	0	0	185.48696468392833	-23.951347231173926
-2	10	12.820006884303462	105.54323999999927	92.97000000000001	0.00000000000000026928971889061015	6.5024999999999995	0	0	185.48696468392833	-23.951347231173926
-2	5	12.820006884303462	105.54323999999927	92.97000000000001	0.00000000000000026928971889061015	6.5024999999999995	0	0	185.48696468392833	-23.951347231173926
-2	2	12.820006884303462	105.54323999999927	92.97000000000001	0.00000000000000026928971889061015	6.5024999999999995	0	0	185.48696468392833	-23.951347231173926
-2	0	12.820006884303462	105.54323999999927	92.97000000000001	0.00000000000000026928971889061015	6.5024999999999995	0	0	185.48696468392833	-23.951347231173926
-2	-2	12.820006884303462	105.54323999999927	92.97000000000001	0.00000000000000026928971889061015	6.5024999999999995	0	0	185.48696468392833	-23.951347231173926
-2	-5	12.820006884303462	105.54323999999927	92.97000000000001	0.00000000000000026928971889061015	6.5024999999999995	0	0	185.48696468392833	-23.951347231173926
-2	-10	12.820006884303462	105.54323999999927	92.97000000000001	0.00000000000000026928971889061015	6.5024999999999995	0	0	185.48696468392833	-23.951347231173926
-2	-20	12.820006884303462	105.54323999999927	92.97000000000001	0.00000000000000026928971889061015	6.5024999999999995	0	0	185.48696468392833	-23.951347231173926
-2	-40	12.820006884303462	105.54323999999927	92.97000000000001	0.00000000000000026928971889061015	6.5024999999999995	0	0	185.48696468392833	-23.951347231173926
-5	40	12.820006884303462	105.54323999999927	92.97000000000001	0.00000000000000026928971889061015	6.5024999999999995	0	0	187.28065627841076	-59.81454333094829
-5	20	12.820006884303462	105.54323999999927	92.97000000000001	0.00000000000000026928971889061015	6.5024999999999995	0	0	187.28065627841076	-59.81454333094829
-5	10	12.820006884303462	105.54323999999927	92.97000000000001	0.00000000000000026928971889061015	6.5024999999999995	0	0	187.28065627841076	-59.81454333094829
-5	5	12.820006884303462	105.54323999999927	92.97000000000001	0.00000000000000026928971889061015	6.5024999999999995	0	0	187.28065627841076	-59.81454333094829
-5	2	12.820006884303462	105.54323999999927	92.97000000000001	0.00000000000000026928971889061015	6.5024999999999995	0	0	187.28065627841076	-59.81454333094829
-5	0	12.820006884303462	105.54323999999927	92.97000000000001	0.00000000000000026928971889061015	6.5024999999999995	0	0	187.28065627841076	-59.81454333094829
-5	-2	12.820006884303462	105.54323999999927	92.97000000000001	0.00000000000000026928971889061015	6.5024999999999995	0	0	187.28065627841076	-59.81454333094829
-5	-5	12.820006884303462	105.54323999999927	92.97000000000001	0.00000000000000026928971889061015	6.5024999999999995	0	0	187.28065627841076	-59.81454333094829
-5	-10	12.820006884303462	105.54323999999927	92.97000000000001	0.00000000000000026928971889061015	6.5024999999999995	0	0	187.28065627841076	-59.81454333094829
-5	-20	12.820006884303462	105.54323999999927	92.97000000000001	0.00000000000000026928971889061015	6.5024999999999995	0	0	187.28065627841076	-59.81454333094829
-5	-40	12.820006884303462	105.54323999999927	92.97000000000001	0.00000000000000026928971889061015	6.5024999999999995	0	0	187.28065627841076	-59.81454333094829
-10	40	12.820006884303462	105.54323999999927	92.97000000000001	0.00000000000000026928971889061015	6.5024999999999995	0	0	193.8620946021123	-119.17386187013935
-10	20	12.820006884303462	105.54323999999927	92.97000000000001	0.00000000000000026928971889061015	6.5024999999999995	0	0	193.8620946021123	-119.17386187013935
-10	10	12.820006884303462	105.54323999999927	92.97000000000001	0.00000000000000026928971889061015	6.5024999999999995	0	0	193.8620946021123	-119.17386187013935
-10	5	12.820006884303462	105.54323999999927	92.97000000000001	0.00000000000000026928971889061015	6.5024999999999995	0	0	193.8620946021123	-119.17386187013935
-10	2	12.820006884303462	105.54323999999927	92.97000000000001	0.00000000000000026928971889061015	6.5024999999999995	0	0	193.8620946021123	-119.17386187013935
-10	0	12.820006884303462	105.54323999999927	92.97000000000001	0.00000000000000026928971889061015	6.5024999999999995	0	0	193.8620946021123	-119.17386187013935
-10	-2	12.820006884303462	105.54323999999927	92.97000000000001	0.00000000000000026928971889061015	6.5024999999999995	0	0	193.8620946021123	-119.17386187013935
-10	-5	12.820006884303462	105.54323999999927	92.97000000000001	0.00000000000000026928971889061015	6.5024999999999995	0	0	193.8620946021123	-119.17386187013935
-10	-10	12.820006884303462	105.54323999999927	92.97000000000001	0.00000000000000026928971889061015	6.5024999999999995	0	0	193.8620946021123	-119.17386187013935
-10	-20	12.820006884303462	105.54323999999927	92.97000000000001	0.00000000000000026928971889061015	6.5024999999999995	0	0	193.8620946021123	-119.17386187013935
-10	-40	12.820006884303462	105.54323999999927	92.97000000000001	0.00000000000000026928971889061015	6.5024999999999995	0	0	193.8620946021123	-119.17386187013935
-15	40	12.820006884303462	105.54293941505055	92.97000099238542	-0.000018597752953051798	6.502484667060728	0.00007094861885392767	0.0000114476855877098	205.47137962824868	-177.62716662169345
-15	20	12.820006884303462	105.54323999999927	92.97000000000001	0.00000000000000026928971889061015	6.5024999999999995	0	0	205.47137962824868	-177.6261953613534
-15	10	12.820006884303462	105.54323999999927	92.97000000000001	0.00000000000000026928971889061015	6.5024999999999995	0	0	205.47137962824868	-177.6261953613534
-15	5	12.820006884303462	105.54323999999927	92.97000000000001	0.00000000000000026928971889061015	6.5024999999999995	0	0	205.47137962824868	-177.6261953613534
-15	2	12.820006884303462	105.54323999999927	92.97000000000001	0.00000000000000026928971889061015	6.5024999999999995	0	0	205.47137962824868	-177.6261953613534
-15	0	12.820006884303462	105.54323999999927	92.97000000000001	0.00000000000000026928971889061015	6.5024999999999995	0	0	205.47137962824868	-177.6261953613534
-15	-2	12.820006884303462	105.54323999999927	92.97000000000001	0.00000000000000026928971889061015	6.5024999999999995	0	0	205.47137962824868	-177.6261953613534
-15	-5	12.820006884303462	105.54323999999927	92.97000000000001	0.00000000000000026928971889061015	6.5024999999999995	0	0	205.47137962824868	-177.6261953613534
-15	-10	12.820006884303462	105.54323999999927	92.97000000000001	0.00000000000000026928971889061015	6.5024999999999995	0	0	205.47137962824868	-177.6261953613534
-15	-20	12.820006884303462	105.54323999999927	92.97000000000001	0.00000000000000026928971889061015	6.5024999999999995	0	0	205.47137962824868	-177.6261953613534
-15	-40	12.820006884303462	105.54293941505055	92.96999900761459	-0.000018597752953031933	6.502484667060728	0.00007094861885303949	0.000011447685587682478	205.47137962824868	-177.62716662169345
-30	40	12.820006884303462	103.44976087023927	92.97098359098753	-0.11203378092521957	6.4056007190650055	3.9130120220121256	0.2661698178619744	285.2112100562828	-341.36605128998315
-30	20	12.820006884303462	103.47204963659982	92.9704265533115	-0.11125785166214358	6.406398569662738	3.0673639994704587	0.14577594241122493	285.2112100562828	-341.4113473507332
-30	10	12.820006884303462	103.47600283822264	92.97020663773301	-0.11112026545099768	6.406540042920707	2.906051274561378	0.12688819184750597	285.2112100562828	-341.41938119423827
-30	5	12.820006884303462	103.47691670765359	92.97010252713092	-0.11108846087069477	6.406572746035046	2.8680796814251863	0.12264082979790435	285.2112100562828	-341.42123839371703
-30	2	12.820006884303462	103.477167618102	92.97004092321771	-0.11107972875710537	6.406581724845841	2.857606079259469	0.1214826982219867	285.2112100562828	-341.4217483032708
-30	0	12.820006884303462	103.47721516814251	92.97000000000001	-0.11107807393898139	6.4065834264154224	2.8556188437436987	0.12126361241613971	285.2112100562828	-341.42184493623347
-30	-2	12.820006884303462	103.47716761810196	92.96995907678235	-0.11107972875710483	6.406581724845846	2.8576060792594973	0.12148269822198987	285.2112100562828	-341.4217483032709
-30	-5	12.820006884303462	103.4769167076536	92.9698974728691	-0.11108846087069428	6.406572746035045	2.8680796814251863	0.1226408297979041	285.2112100562828	-341.421238393717
-30	-10	12.820006884303462	103.47600283822266	92.96979336226698	-0.11112026545099594	6.40654004292071	2.906051274561193	0.12688819184749767	285.2112100562828	-341.4193811942384
-30	-20	12.820006884303462	103.47204963659982	92.96957344668853	-0.11125785166214393	6.4063985696627395	3.067363999470473	0.1457759424112249	285.2112100562828	-341.4113473507333
-30	-40	12.820006884303462	103.44976087023937	92.96901640901248	-0.11203378092521554	6.405600719065008	3.913012022011614	0.2661698178619639	285.2112100562828	-341.36605128998326
-60	40	12.820006884303462	86.57392048388101	92.97355877515055	-1.0479088701131314	6.008498033557616	104.04722533498693	0.8156095125678955	156.47225469647168	-495.8492181516302
-60	20	12.820006884303462	86.59620925024171	92.97154326707626	-1.0473397163142983	6.0075920233701385	84.44794908847825	0.44238277095243683	156.47225469647168	-495.88428723419474
-60	10	12.820006884303462	86.60016245186455	92.97074760839321	-1.04723880010001	6.0074313794134175	80.51629989902358	0.38440756896126205	156.47225469647168	-495.8905071905557
-60	5	12.820006884303462	86.60107632129551	92.97037093908536	-1.0472154724104494	6.0073942451196025	79.58156603581403	0.3713937431938059	156.47225469647168	-495.8919450701588
-60	2	12.820006884303462	86.60132723174394	92.97014805850544	-1.047209067685522	6.007384049727702	79.32311782295051	0.36784676170467134	156.47225469647168	-495.8923398519556
-60	0	12.820006884303462	86.60137478178446	92.96999999999998	-1.047207853930248	6.007382117605583	79.27405006266946	0.36717584593800395	156.47225469647168	-495.8924146670562
-60	-2	12.820006884303462	86.60132723174395	92.96985194149455	-1.0472090676855212	6.007384049727702	79.32311782295068	0.36784676170467123	156.47225469647168	-495.89233985195574
-60	-5	12.820006884303462	86.6010763212956	92.96962906091467	-1.047215472410445	6.0073942451196025	79.58156603581335	0.371393743193805	156.47225469647168	-495.89194507015907
-60	-10	12.820006884303462	86.60016245186462	92.96925239160677	-1.0472388001000057	6.007431379413419	80.51629989902256	0.38440756896125045	156.47225469647168	-495.8905071905561
-60	-20	12.820006884303462	86.59620925024194	92.96845673292377	-1.047339716314285	6.007592023370141	84.44794908847575	0.4423827709524223	156.47225469647168	-495.88428723419565
-60	-40	12.820006884303462	86.57392048388157	92.96644122484945	-1.0479088701131003	6.008498033557623	104.04722533498159	0.8156095125678648	156.47225469647168	-495.84921815163267
60	40	10.805	77.7112863546088	92.97454922571076	1.5713928196224165	5.9245635817473	156.47225469647015	0.9372299383524383	156.47225469647066	459.7803005172111
60	20	10.805	77.7112863546091	92.97197328503809	1.5731820492367412	5.924563581747301	127.47192204777082	0.5077507847994621	156.47225469647066	459.8498221846694
60	10	10.805	77.7112863546091	92.97095596661511	1.5734993923009801	5.924563581747301	121.61783457211618	0.44111687871191246	156.47225469647066	459.8621527535383
60	5	10.805	77.71128635460909	92.97047432469606	1.573572753124236	5.924563581747302	120.22438501984459	0.4261626404473063	156.47225469647066	459.8650032355099
60	2	10.805	77.71128635460913	92.9701893249103	1.5735928949480353	5.924563581747301	119.8389939194634	0.42208699953923556	156.47225469647066	459.8657858590285
60	0	10.805	77.71128635460929	92.97000000000001	1.5735967120251777	5.92456358174731	119.7658199829113	0.4213160973556433	156.47225469647066	459.8659341740175
60	-2	10.805	77.71128635460914	92.96981067508968	1.5735928949480356	5.924563581747301	119.83899391946346	0.4220869995392355	156.47225469647066	459.8657858590286
60	-5	10.805	77.71128635460913	92.96952567530397	1.5735727531242332	5.924563581747302	120.22438501984368	0.42616264044730223	156.47225469647066	459.86500323551
60	-10	10.805	77.71128635460923	92.96904403338492	1.5734993923009728	5.924563581747303	121.61783457211396	0.44111687871189975	156.47225469647066	459.8621527535389
60	-20	10.805	77.71128635460916	92.9680267149619	1.5731820492367374	5.924563581747301	127.47192204777008	0.5077507847994576	156.47225469647066	459.8498221846696
60	-40	10.805	77.71128635460963	92.96545077428927	1.5713928196223668	5.9245635817473055	156.47225469647003	0.9372299383524246	156.47225469647066	459.7803005172144
30	40	10.805	96.21051594351303	92.97224449273271	0.4255583346190954	6.102375892856776	36.025686604205475	0.5707975226276427	285.2112100562819	329.01420656650316
30	20	10.805	96.23280470987362	92.97097335203608	0.42545976978642763	6.102837291923679	29.107680418026447	0.30997638962929647	285.2112100562819	329.1044146449124
30	10	10.805	96.2367579114964	92.97047152530456	0.4254422928026975	6.102919104713977	27.730075394528143	0.26941157739130434	285.2112100562819	329.1204142169024
30	5	10.805	96.2376717809274	92.9702339558405	0.4254382528181577	6.102938016581894	27.403017758597002	0.26030386046065707	285.2112100562819	329.12411286957587
30	2	10.805	96.2379226913758	92.9700933823463	0.4254371436202468	6.102943208929581	27.312619118025722	0.2578213754390874	285.2112100562819	329.12512836541066
30	0	10.805	96.23797024141629	92.97000000000001	0.4254369334167962	6.102944192928372	27.295457958510028	0.25735180403030117	285.2112100562819	329.12532081203216
30	-2	10.805	96.2379226913758	92.96990661765365	0.42543714362024637	6.102943208929582	27.312619118025808	0.25782137543909045	285.2112100562819	329.1251283654107
30	-5	10.805	96.23767178092743	92.96976604415947	0.4254382528181564	6.102938016581896	27.40301775859652	0.2603038604606416	285.2112100562819	329.124112869576
30	-10	10.805	96.23675791149644	92.96952847469544	0.42544229280269497	6.1029191047139815	27.730075394527844	0.26941157739129595	285.2112100562819	329.12041421690265
30	-20	10.805	96.2328047098736	92.96902664796391	0.4254597697864276	6.102837291923677	29.10768041802629	0.3099763896292882	285.2112100562819	329.1044146449123
30	-40	10.805	96.21051594351324	92.96775550726733	0.4255583346190865	6.102375892856785	36.02568660420394	0.5707975226276308	285.2112100562819	329.01420656650356
15	40	10.805	101.17709703689381	92.97191357454963	0.18780731749770724	6.295355941273633	27.15762752740595	0.5076257078392798	205.47137962824863	183.2080423999842
15	20	10.805	101.21570231266844	92.97082972093075	0.1877356848051566	6.2968210280755	21.162117497316494	0.27749550085747393	205.47137962824863	183.30932443716543
15	10	10.805	101.22254945873168	92.97040193476346	0.1877229855236029	6.297080763527795	20.026565012049282	0.2414618237174421	205.47137962824863	183.32728811928533
15	5	10.805	101.22413232701756	92.9701994260054	0.1877200500500814	6.2971408020850905	19.75966370143727	0.2333616049642237	205.47137962824863	183.33144081917862
15	2	10.805	101.22456691666233	92.97007959979481	0.18771924410748853	6.297157285841502	19.686071897573974	0.23115309427275818	205.47137962824863	183.33258097745167
15	0	10.805	101.2246492757484	92.96999999999998	0.18771909137408382	6.297160409662319	19.672110082930196	0.23073531521176802	205.47137962824863	183.33279704885257
15	-2	10.805	101.22456691666234	92.9699204002052	0.1877192441074881	6.297157285841501	19.686071897573747	0.2311530942727529	205.47137962824863	183.33258097745164
15	-5	10.805	101.22413232701757	92.96980057399466	0.18772005005008058	6.297140802085089	19.759663701437297	0.23336160496422995	205.47137962824863	183.33144081917854
15	-10	10.805	101.22254945873159	92.96959806523654	0.18772298552360564	6.29708076352779	20.02656501204995	0.24146182371745106	205.47137962824863	183.3272881192853
15	-20	10.805	101.21570231266828	92.96917027906922	0.18773568480516134	6.2968210280754935	21.162117497317382	0.27749550085747676	205.47137962824863	183.30932443716546
15	-40	10.805	101.17709703689405	92.9680864254504	0.18780731749769924	6.295355941273643	27.157627527403918	0.5076257078392636	205.47137962824863	183.2080423999841
10	40	10.805	102.63182606392454	92.97185028174391	0.12183694102353487	6.360774116723079	27.541091889737075	0.49112151258262904	193.8620946021116	125.67501082008086
10	20	10.805	102.6882632015141	92.97080214235619	0.12176997983449411	6.363181607675069	20.26587758643032	0.2714848029988125	193.8620946021116	125.78027720468616
10	10	10.805	102.69827305940822	92.97038856351578	0.12175811108385638	6.363608331127628	18.963438943200146	0.2366914924861618	193.8620946021116	125.7989475624672
10	5	10.805	102.70058705803787	92.97019279032966	0.12175536769055818	6.363706965794019	18.661025801389783	0.2288538416025129	193.8620946021116	125.80326362596946
10	2	10.805	102.70122238559573	92.9700769510556	0.12175461449075502	6.363734045983833	18.57789354352773	0.22671586555275258	193.8620946021116	125.80444863707926
10	0	10.805	102.70134278652485	92.96999999999998	0.1217544717529067	6.363739177913	18.562133994920025	0.22631137835611562	193.8620946021116	125.80467320854157
10	-2	10.805	102.7012223855957	92.96992304894438	0.12175461449075474	6.363734045983835	18.57789354352763	0.22671586555275217	193.8620946021116	125.80444863707928
10	-5	10.805	102.70058705803785	92.96980720967036	0.12175536769055882	6.363706965794019	18.66102580138986	0.22885384160251454	193.8620946021116	125.8032636259695
10	-10	10.805	102.69827305940828	92.9696114364842	0.12175811108385488	6.363608331127628	18.96343894319969	0.23669149248615964	193.8620946021116	125.79894756246713
10	-20	10.805	102.688263201514	92.96919785764382	0.1217699798344962	6.363181607675069	20.265877586431735	0.27148480299883454	193.8620946021116	125.78027720468624
10	-40	10.805	102.6318260639248	92.9681497182561	0.12183694102352585	6.360774116723092	27.54109188973402	0.49112151258262193	193.8620946021116	125.6750108200805
5	40	10.805	103.99624649745795	92.97180513417388	0.05965905766016328	6.425505231800904	36.20064911546941	0.44935573201199025	187.28065627840928	64.4206535522427
5	20	10.805	104.10740595876976	92.97078216407635	0.05959535740127116	6.430739359092809	21.12561896637868	0.2646965736774621	187.28065627840928	64.53039719739728
5	10	10.805	104.12712153009117	92.9703788510809	0.059584073534953916	6.4316665326031695	18.669945902972586	0.23323463941411612	187.28065627840928	64.54986165537123
5	5	10.805	104.13167921767301	92.97018796739954	0.05958146562932853	6.431880819173545	18.113600226833917	0.226059235408405	187.28065627840928	64.55436129258437
5	2	10.805	104.13293056868224	92.97007502557577	0.059580749647105566	6.431939650050545	17.961624772375238	0.22409620443626213	187.28065627840928	64.55559670538241
5	0	10.805	104.13316771221928	92.97000000000001	0.05958061396324936	6.431950798931018	17.932861827257568	0.22372453941676065	187.28065627840928	64.55583082846887
5	-2	10.805	104.1329305686823	92.96992497442425	0.0595807496471046	6.431939650050544	17.96162477237472	0.22409620443626005	187.28065627840928	64.55559670538234
5	-5	10.805	104.13167921767305	92.96981203260047	0.05958146562932701	6.431880819173547	18.113600226833334	0.22605923540840792	187.28065627840928	64.55436129258428
5	-10	10.805	104.12712153009115	92.96962114891907	0.05958407353495437	6.431666532603171	18.6699459029725	0.23323463941411568	187.28065627840928	64.54986165537127
5	-20	10.805	104.10740595876982	92.96921783592366	0.059595357401269075	6.4307393590928115	21.125618966377125	0.2646965736774501	187.28065627840928	64.53039719739712
5	-40	10.805	103.9962464974581	92.9681948658261	0.059659057660158527	6.425505231800913	36.20064911546433	0.4493557320119554	187.28065627840928	64.42065355224238
2	40	10.805	104.64543036522628	92.97178819860423	0.02366496182382493	6.4573129312636866	75.63515530229535	0.24802716808722186	185.4869646839277	26.05749879321367
2	20	10.805	104.91628499001999	92.97077365164591	0.023603867739560358	6.470768943874794	31.05919101815214	0.23813689732683893	185.4869646839277	26.1678073050031
2	10	10.805	104.96536391915531	92.97037462369664	0.02359283121752326	6.4732020767022584	20.883618479346374	0.2272459252579819	185.4869646839277	26.187803777229057
2	5	10.805	104.9767095921873	92.97018585802422	0.02359028135146291	6.473764225067045	18.529460269363263	0.22408932207322763	185.4869646839277	26.192426401228076
2	2	10.805	104.97982464102387	92.97007418232688	0.023589581360976875	6.4739185463128806	17.883700075222876	0.22318276485685298	185.4869646839277	26.193695581070426
2	0	10.805	104.98041497394689	92.97000000000001	0.023589448710457688	6.473947790700826	17.76135945158039	0.22300905108841387	185.4869646839277	26.193936103349653
2	-2	10.805	104.97982464102387	92.96992581767313	0.02358958136097646	6.473918546312881	17.883700075222293	0.2231827648568449	185.4869646839277	26.19369558107039
2	-5	10.805	104.97670959218733	92.96981414197577	0.023590281351462246	6.473764225067046	18.52946026936221	0.22408932207321802	185.4869646839277	26.192426401228015
2	-10	10.805	104.96536391915538	92.96962537630338	0.02359283121752166	6.473202076702263	20.883618479343298	0.22724592525796306	185.4869646839277	26.187803777228925
2	-20	10.805	104.91628499001997	92.96922634835408	0.023603867739560067	6.470768943874796	31.05919101815092	0.23813689732683846	185.4869646839277	26.167807305003073
2	-40	10.805	104.64543036522664	92.9682118013958	0.023664961823818925	6.457312931263705	75.63515530226815	0.2480271680870783	185.4869646839277	26.057498793213203
0	40	10.805	104.78507991924528	92.97178472755917	0.000000000000000203428599655894	6.464159630881996	92.57384559996092	0.12394698232958429	185.14769119991095	0.000000000000021316282072803006
0	20	10.805	105.21437833453042	92.97077098978393	0.000000000000000008441606876924662	6.485754069581522	75.46689037601429	0.06714913275390236	185.14769119991095	0.0000000000000008881784197001252
0	10	10.805	105.38392151984995	92.97037290848422	0.00000000000000020385287638447113	6.4943654252132035	72.00966867196928	0.05833691790413609	185.14769119991095	0.00000000000002148281552649678
0	5	10.805	105.46419049295706	92.97018488624727	0.0000000000000001950129369509027	6.498458704140262	71.18656637687535	0.0563592466517798	185.14769119991095	0.000000000000020566881531181025
0	2	10.805	105.5116876879327	92.97007376342671	0.00000000000000007115688667812194	6.500885719372138	70.95890624843754	0.05582025043436764	185.14769119991095	0.000000000000007507883204027621
0	0	10.805	105.54323999999927	92.97000000000001	0.00000000000000026928971889061015	6.5024999999999995	0	0	185.14769119991095	0.000000000000028421709430404004
0	-2	10.805	105.51168768793274	92.96992623657326	0.00000000000000040405537130349453	6.500885719372138	70.9589062484212	0.05582025043432906	185.14769119991095	0.00000000000004263256414560601
0	-5	10.805	105.46419049295707	92.9698151137527	0.0000000000000002021186714956724	6.498458704140265	71.1865663768699	0.05635924665176678	185.14769119991095	0.000000000000021316282072803006
0	-10	10.805	105.38392151984996	92.96962709151576	0.00000000000000013484841435251835	6.494365425213204	72.00966867196928	0.05833691790413609	185.14769119991095	0.000000000000014210854715202004
0	-20	10.805	105.21437833453038	92.9692290102161	0.0000000000000002701314200615893	6.485754069581521	75.4668903760143	0.06714913275390239	185.14769119991095	0.000000000000028421709430404004
0	-40	10.805	104.7850799192454	92.96821527244084	0.00000000000000006780953321863125	6.464159630882001	92.57384559995411	0.12394698232955698	185.14769119991095	0.000000000000007105427357601002
-2	40	10.805	104.64543036522629	92.97178819860423	-0.023664961823824715	6.457312931263685	75.63515530229515	0.24802716808721834	185.48696468392833	-26.057498793213647
-2	20	10.805	104.91628499001997	92.97077365164593	-0.023603867739560434	6.470768943874794	31.059191018151353	0.2381368973268369	185.48696468392833	-26.167807305003105
-2	10	10.805	104.96536391915531	92.97037462369664	-0.023592831217523303	6.4732020767022584	20.88361847934619	0.22724592525797518	185.48696468392833	-26.18780377722906
-2	5	10.805	104.9767095921873	92.97018585802421	-0.023590281351462634	6.473764225067047	18.529460269363348	0.22408932207323431	185.48696468392833	-26.19242640122805
-2	2	10.805	104.97982464102385	92.97007418232685	-0.02358958136097682	6.473918546312879	17.883700075222748	0.22318276485684663	185.48696468392833	-26.19369558107041
-2	0	10.805	104.98041497394689	92.97000000000003	-0.023589448710457678	6.4739477907008265	17.76135945158039	0.22300905108841387	185.48696468392833	-26.193936103349657
-2	-2	10.805	104.97982464102387	92.96992581767311	-0.02358958136097652	6.4739185463128806	17.88370007522235	0.22318276485684493	185.48696468392833	-26.19369558107039
-2	-5	10.805	104.97670959218732	92.96981414197579	-0.02359028135146217	6.473764225067047	18.52946026936229	0.2240893220732183	185.48696468392833	-26.192426401228005
-2	-10	10.805	104.96536391915538	92.96962537630338	-0.023592831217521537	6.473202076702262	20.883618479343248	0.22724592525796292	185.48696468392833	-26.187803777228908
-2	-20	10.805	104.91628499001999	92.96922634835407	-0.02360386773956023	6.470768943874794	31.059191018150784	0.23813689732683807	185.48696468392833	-26.167807305003084
-2	-40	10.805	104.64543036522664	92.9682118013958	-0.023664961823818314	6.457312931263705	75.6351553022715	0.2480271680870947	185.48696468392833	-26.05749879321314
-5	40	10.805	103.99624649745795	92.97180513417386	-0.059659057660163314	6.425505231800904	36.20064911546984	0.4493557320120008	187.28065627841076	-64.4206535522427
-5	20	10.805	104.10740595876975	92.97078216407635	-0.059595357401271455	6.430739359092809	21.12561896637866	0.26469657367745597	187.28065627841076	-64.53039719739729
-5	10	10.805	104.12712153009116	92.97037885108091	-0.059584073534954186	6.43166653260317	18.669945902972778	0.23323463941412206	187.28065627841076	-64.54986165537126
-5	5	10.805	104.13167921767301	92.97018796739954	-0.059581465629328485	6.431880819173543	18.113600226834016	0.22605923540841077	187.28065627841076	-64.55436129258437
-5	2	10.805	104.13293056868226	92.97007502557575	-0.059580749647105385	6.431939650050545	17.96162477237526	0.22409620443626277	187.28065627841076	-64.55559670538241
-5	0	10.805	104.13316771221928	92.96999999999996	-0.05958061396324929	6.431950798931019	17.932861827257547	0.22372453941676065	187.28065627841076	-64.55583082846888
-5	-2	10.805	104.13293056868228	92.96992497442426	-0.05958074964710452	6.431939650050545	17.961624772374783	0.22409620443626072	187.28065627841076	-64.55559670538234
-5	-5	10.805	104.13167921767305	92.96981203260044	-0.05958146562932714	6.431880819173547	18.1136002268332	0.2260592354084014	187.28065627841076	-64.55436129258429
-5	-10	10.805	104.12712153009116	92.96962114891906	-0.05958407353495407	6.431666532603173	18.669945902972465	0.23323463941411568	187.28065627841076	-64.54986165537126
-5	-20	10.805	104.10740595876982	92.96921783592366	-0.059595357401268936	6.430739359092812	21.125618966377303	0.26469657367744925	187.28065627841076	-64.53039719739711
-5	-40	10.805	103.99624649745806	92.96819486582612	-0.0596590576601589	6.425505231800913	36.20064911546486	0.4493557320119603	187.28065627841076	-64.4206535522424
-10	40	10.805	102.63182606392455	92.97185028174391	-0.12183694102353473	6.360774116723076	27.54109188973689	0.4911215125826282	193.8620946021123	-125.67501082008081
-10	20	10.805	102.68826320151412	92.97080214235618	-0.121769979834494	6.363181607675069	20.265877586430626	0.2714848029988201	193.8620946021123	-125.78027720468617
-10	10	10.805	102.69827305940822	92.9703885635158	-0.12175811108385635	6.363608331127628	18.963438943200217	0.23669149248616075	193.8620946021123	-125.7989475624672
-10	5	10.805	102.70058705803784	92.97019279032965	-0.12175536769055834	6.363706965794021	18.661025801389826	0.22885384160251418	193.8620946021123	-125.80326362596948
-10	2	10.805	102.70122238559568	92.97007695105565	-0.12175461449075513	6.363734045983835	18.577893543527722	0.22671586555275258	193.8620946021123	-125.8044486370793
-10	0	10.805	102.70134278652485	92.97000000000001	-0.12175447175290668	6.363739177912998	18.562133994920046	0.22631137835611562	193.8620946021123	-125.80467320854153
-10	-2	10.805	102.7012223855957	92.96992304894438	-0.12175461449075461	6.363734045983835	18.57789354352763	0.2267158655527522	193.8620946021123	-125.80444863707925
-10	-5	10.805	102.70058705803785	92.96980720967036	-0.12175536769055864	6.3637069657940195	18.661025801389748	0.228853841602508	193.8620946021123	-125.8032636259695
-10	-10	10.805	102.69827305940824	92.96961143648426	-0.12175811108385481	6.363608331127631	18.96343894319972	0.23669149248615876	193.8620946021123	-125.79894756246713
-10	-20	10.805	102.68826320151399	92.96919785764385	-0.12176997983449621	6.363181607675071	20.265877586431778	0.27148480299883326	193.8620946021123	-125.78027720468624
-10	-40	10.805	102.63182606392483	92.9681497182561	-0.12183694102352555	6.360774116723089	27.54109188973395	0.49112151258263165	193.8620946021123	-125.67501082008044
-15	40	10.805	101.1770970368938	92.9719135745496	-0.18780731749770738	6.295355941273635	27.15762752740632	0.5076257078392835	205.47137962824868	-183.20804239998424
-15	20	10.805	101.21570231266843	92.97082972093078	-0.1877356848051564	6.296821028075499	21.162117497316324	0.2774955008574682	205.47137962824868	-183.30932443716537
-15	10	10.805	101.22254945873163	92.97040193476347	-0.18772298552360314	6.297080763527796	20.02656501204921	0.24146182371744193	205.47137962824868	-183.32728811928527
-15	5	10.805	101.22413232701754	92.97019942600537	-0.18772005005008147	6.29714080208509	19.759663701437397	0.23336160496423045	205.47137962824868	-183.3314408191786
-15	2	10.805	101.22456691666233	92.97007959979483	-0.18771924410748875	6.297157285841501	19.686071897574095	0.2311530942727648	205.47137962824868	-183.33258097745167
-15	0	10.805	101.2246492757484	92.97000000000004	-0.18771909137408374	6.29716040966232	19.672110082930182	0.23073531521176802	205.47137962824868	-183.33279704885257
-15	-2	10.805	101.22456691666231	92.9699204002052	-0.18771924410748844	6.297157285841502	19.686071897573854	0.23115309427275793	205.47137962824868	-183.33258097745164
-15	-5	10.805	101.22413232701756	92.96980057399468	-0.1877200500500809	6.2971408020850905	19.75966370143732	0.23336160496423003	205.47137962824868	-183.3314408191786
-15	-10	10.805	101.22254945873159	92.96959806523655	-0.18772298552360578	6.297080763527792	20.02656501204976	0.24146182371744412	205.47137962824868	-183.32728811928538
-15	-20	10.805	101.2157023126683	92.96917027906925	-0.18773568480516115	6.296821028075493	21.162117497317382	0.27749550085747676	205.47137962824868	-183.30932443716546
-15	-40	10.805	101.17709703689405	92.9680864254504	-0.18780731749769888	6.295355941273645	27.157627527403974	0.5076257078392626	205.47137962824868	-183.2080423999841
-30	40	10.805	96.21051594351304	92.97224449273268	-0.4255583346190949	6.102375892856775	36.02568660420539	0.5707975226276425	285.2112100562828	-329.0142065665031
-30	20	10.805	96.2328047098736	92.97097335203611	-0.4254597697864275	6.102837291923681	29.10768041802642	0.30997638962929647	285.2112100562828	-329.1044146449124
-30	10	10.805	96.23675791149638	92.97047152530457	-0.42544229280269724	6.102919104713978	27.730075394527987	0.2694115773912922	285.2112100562828	-329.1204142169024
-30	5	10.805	96.23767178092737	92.97023395584053	-0.425438252818158	6.102938016581893	27.403017758596874	0.2603038604606497	285.2112100562828	-329.1241128695758
-30	2	10.805	96.23792269137577	92.97009338234632	-0.42543714362024676	6.102943208929581	27.31261911802558	0.25782137543908007	285.2112100562828	-329.12512836541055
-30	0	10.805	96.2379702414163	92.97	-0.42543693341679617	6.10294419292837	27.295457958510028	0.25735180403030117	285.2112100562828	-329.12532081203216
-30	-2	10.805	96.23792269137579	92.96990661765368	-0.42543714362024637	6.102943208929582	27.31261911802578	0.2578213754390873	285.2112100562828	-329.12512836541066
-30	-5	10.805	96.23767178092741	92.96976604415951	-0.42543825281815667	6.102938016581897	27.403017758596675	0.2603038604606491	285.2112100562828	-329.124112869576
-30	-10	10.805	96.23675791149645	92.96952847469542	-0.4254422928026951	6.102919104713978	27.730075394527773	0.26941157739129146	285.2112100562828	-329.12041421690253
-30	-20	10.805	96.23280470987359	92.96902664796393	-0.425459769786428	6.102837291923678	29.10768041802639	0.3099763896292964	285.2112100562828	-329.1044146449123
-30	-40	10.805	96.21051594351324	92.9677555072673	-0.42555833461908693	6.102375892856784	36.025686604203955	0.5707975226276236	285.2112100562828	-329.01420656650356
-60	40	10.805	77.71128635460877	92.97454922571077	-1.5713928196224178	5.924563581747298	156.47225469646935	0.937229938352418	156.47225469647168	-459.7803005172109
-60	20	10.805	77.71128635460906	92.97197328503809	-1.5731820492367428	5.924563581747302	127.47192204777093	0.5077507847994708	156.47225469647168	-459.8498221846693
-60	10	10.805	77.71128635460913	92.97095596661507	-1.5734993923009801	5.924563581747301	121.61783457211442	0.44111687871188704	156.47225469647168	-459.86215275353845
-60	5	10.805	77.7112863546091	92.97047432469603	-1.5735727531242352	5.924563581747301	120.22438501984323	0.42616264044729407	156.47225469647168	-459.86500323550985
-60	2	10.805	77.71128635460911	92.97018932491031	-1.5735928949480362	5.924563581747302	119.83899391946431	0.42208699953924755	156.47225469647168	-459.86578585902856
-60	0	10.805	77.71128635460914	92.97	-1.5735967120251806	5.924563581747303	119.76581998291113	0.4213160973556431	156.47225469647168	-459.8659341740163
-60	-2	10.805	77.71128635460913	92.96981067508968	-1.5735928949480356	5.924563581747302	119.83899391946352	0.4220869995392356	156.47225469647168	-459.8657858590286
-60	-5	10.805	77.71128635460913	92.96952567530396	-1.5735727531242332	5.924563581747302	120.22438501984334	0.42616264044729485	156.47225469647168	-459.86500323551
-60	-10	10.805	77.71128635460921	92.96904403338493	-1.5734993923009741	5.924563581747304	121.617834572113	0.4411168787118747	156.47225469647168	-459.8621527535389
-60	-20	10.805	77.71128635460913	92.96802671496192	-1.573182049236738	5.924563581747301	127.47192204777122	0.5077507847994714	156.47225469647168	-459.84982218466945
-60	-40	10.805	77.71128635460964	92.96545077428925	-1.5713928196223668	5.924563581747304	156.47225469647168	0.9372299383524666	156.47225469647168	-459.7803005172144
60	40	9.604444444444445	72.16913827580667	92.97489857839994	1.9049821368801163	5.88018160232213	156.4722546964682	0.9372299383524121	156.47225469647066	436.25361566818066
60	20	9.604444444444445	72.1691382758069	92.97212482125073	1.9069087683771138	5.880181602322134	127.47192204777085	0.5077507847994712	156.47225469647066	436.3231373356389
60	10	9.604444444444445	72.16913827580694	92.97102937899975	1.9072504814462554	5.880181602322133	121.61783457211507	0.4411168787118998	156.47225469647066	436.3354679045079
60	5	9.604444444444445	72.169138275807	92.9705107499294	1.9073294759316988	5.880181602322134	120.22438501984215	0.42616264044728197	156.47225469647066	436.3383183864797
60	2	9.604444444444445	72.16913827580701	92.97020386390459	1.907351164524281	5.880181602322133	119.83899391946355	0.4220869995392309	156.47225469647066	436.33910100999833
60	0	9.604444444444445	72.16913827580703	92.97000000000001	1.9073552747295863	5.880181602322135	119.76581998291118	0.4213160973556432	156.47225469647066	436.33924932498604
60	-2	9.604444444444445	72.16913827580703	92.96979613609541	1.90735116452428	5.880181602322134	119.83899391946511	0.4220869995392477	156.47225469647066	436.33910100999844
60	-5	9.604444444444445	72.169138275807	92.9694892500706	1.9073294759316974	5.880181602322134	120.22438501984121	0.4261626404472742	156.47225469647066	436.3383183864797
60	-10	9.604444444444445	72.1691382758071	92.96897062100025	1.9072504814462465	5.880181602322133	121.61783457211473	0.4411168787119044	156.47225469647066	436.3354679045085
60	-20	9.604444444444445	72.16913827580703	92.9678751787493	1.9069087683771055	5.880181602322135	127.4719220477717	0.50775078479948	156.47225469647066	436.3231373356394
60	-40	9.604444444444445	72.1691382758076	92.96510142160005	1.9049821368800617	5.880181602322137	156.472254696469	0.937229938352425	156.47225469647066	436.2536156681847
30	40	9.604444444444445	89.42331126371273	92.97317568143318	0.6664419219089922	5.8307491873463055	81.55411328833436	0.7515721762231224	285.2112100562819	312.31361769365196
30	20	9.604444444444445	89.44560003007322	92.97137714932468	0.6667940198322432	5.831014119866029	66.140546289078	0.4077343221940835	285.2112100562819	312.4305846743416
30	10	9.604444444444445	89.44955323169607	92.97066713656173	0.6668564506420428	5.831061095297174	63.0525112902338	0.3543129706820688	285.2112100562819	312.4513302845023
30	5	9.604444444444445	89.45046710112709	92.97033101167861	0.6668708821104412	5.83107195410955	62.31852324321749	0.3423208991971018	285.2112100562819	312.45612608819823
30	2	9.604444444444445	89.45071801157549	92.97013212169026	0.6668748443384502	5.831074935447924	62.115592007133394	0.3390523720164578	285.2112100562819	312.45744281596575
30	0	9.604444444444445	89.450765561616	92.97	0.6668755952177978	5.831075500439491	62.07706502231902	0.3384341247710403	285.2112100562819	312.45769234905254
30	-2	9.604444444444445	89.45071801157549	92.96986787830974	0.6668748443384499	5.831074935447924	62.11559200713264	0.339052372016444	285.2112100562819	312.4574428159657
30	-5	9.604444444444445	89.45046710112709	92.9696689883214	0.6668708821104408	5.831071954109553	62.31852324321776	0.3423208991971056	285.2112100562819	312.45612608819835
30	-10	9.604444444444445	89.44955323169619	92.96933286343831	0.6668564506420396	5.831061095297177	63.05251129023283	0.35431297068206186	285.2112100562819	312.45133028450266
30	-20	9.604444444444445	89.44560003007332	92.96862285067532	0.6667940198322395	5.8310141198660315	66.14054628907799	0.40773432219408223	285.2112100562819	312.43058467434184
30	-40	9.604444444444445	89.423311263713	92.96682431856681	0.6664419219089824	5.830749187346317	81.55411328833289	0.7515721762231422	285.2112100562819	312.31361769365265
15	40	9.604444444444445	93.32330546203175	92.973483006268	0.37681724028472097	5.925684493562535	124.0080032696203	0.8583590995760502	205.47137962824863	177.09567113065265
15	20	9.604444444444445	93.3619107378064	92.97151017395339	0.3785141328260284	5.92692925471365	99.44605643131305	0.46650258669249817	205.47137962824863	177.35203585661006
15	10	9.604444444444445	93.36875788386962	92.9707315567611	0.3788149522016467	5.927149921764242	94.6112776701544	0.40550997022599633	205.47137962824863	177.3975054637784
15	5	9.604444444444445	93.37034075215553	92.97036297246203	0.37888448693258614	5.927200929196721	93.4660400508817	0.39181378923375526	205.47137962824863	177.40801676271894
15	2	9.604444444444445	93.37077534180028	92.97014487841247	0.3789035778584352	5.927214933408689	93.14966942935317	0.38808050204727285	205.47137962824863	177.41090272721337
15	0	9.604444444444445	93.37085770088638	92.97	0.3789071957598726	5.927217587332286	93.08961846425156	0.38737433052963505	205.47137962824863	177.41144964636138
15	-2	9.604444444444445	93.37077534180031	92.96985512158754	0.3789035778584348	5.927214933408691	93.14966942935283	0.3880805020472724	205.47137962824863	177.41090272721343
15	-5	9.604444444444445	93.3703407521556	92.96963702753798	0.3788844869325853	5.927200929196724	93.4660400508805	0.3918137892337431	205.47137962824863	177.4080167627191
15	-10	9.604444444444445	93.36875788386952	92.96926844323893	0.3788149522016479	5.927149921764239	94.61127767015462	0.4055099702259861	205.47137962824863	177.39750546377826
15	-20	9.604444444444445	93.3619107378063	92.96848982604666	0.3785141328260297	5.926929254713645	99.44605643131436	0.46650258669250283	205.47137962824863	177.35203585660986
15	-40	9.604444444444445	93.32330546203215	92.96651699373201	0.3768172402847151	5.925684493562554	124.00800326961264	0.8583590995760109	205.47137962824863	177.09567113065333
10	40	9.604444444444445	93.79226083045744	92.97397570283938	0.2650545503273211	5.925904412614863	180.28318838302602	0.9626086582755566	193.8620946021116	120.99673219726967
10	20	9.604444444444445	93.8136597455092	92.97174781613961	0.2664026084789649	5.925885134494642	154.4704375040061	0.5376949448412035	193.8620946021116	121.14856878396756
10	10	9.604444444444445	93.8160784941124	92.97085023014714	0.2665621029071993	5.9257916183735935	150.16014408517944	0.47242028992682594	193.8620946021116	121.16490464201736
10	5	9.604444444444445	93.81621333333268	92.97042209505862	0.26657114575407465	5.925742813966977	149.06441477669136	0.45782943100841056	193.8620946021116	121.16511919271515
10	2	9.604444444444445	93.81621333333275	92.97016847764785	0.26657114575407453	5.92572705192441	148.587604674389	0.453450942185546	193.8620946021116	121.1648624130515
10	0	9.604444444444445	93.8162133333327	92.97000000000003	0.26657114575407453	5.925724064859628	148.4970719593614	0.4526227567122327	193.8620946021116	121.1648137507358
10	-2	9.604444444444445	93.81621333333273	92.96983152235217	0.26657114575407453	5.925727051924409	148.58760467438964	0.4534509421855484	193.8620946021116	121.16486241305144
10	-5	9.604444444444445	93.81621333333266	92.96957790494137	0.2665711457540751	5.925742813966977	149.064414776691	0.45782943100839985	193.8620946021116	121.16511919271515
10	-10	9.604444444444445	93.81607849411246	92.96914976985289	0.26656210290719934	5.925791618373594	150.1601440851791	0.4724202899268252	193.8620946021116	121.16490464201746
10	-20	9.604444444444445	93.81365974550907	92.96825218386039	0.2664026084789657	5.925885134494639	154.47043750400684	0.5376949448412077	193.8620946021116	121.14856878396742
10	-40	9.604444444444445	93.79226083045795	92.9660242971606	0.2650545503273188	5.925904412614891	180.28318838302462	0.9626086582756056	193.8620946021116	120.99673219727056
5	40	9.604444444444445	93.8162133333326	92.97400201994601	0.13226536961554602	5.909693542847504	187.28065627840928	0.9953635173283703	187.28065627840928	60.682746312591
5	20	9.604444444444445	93.81621333333258	92.97173592751466	0.132265369615546	5.908325202139748	152.67050645632244	0.5392450522575878	187.28065627840928	60.67155790819193
5	10	9.604444444444445	93.81621333333268	92.97084097771898	0.13226536961554555	5.9080825091786915	145.67614914011708	0.46847804362653056	187.28065627840928	60.66957349964683
5	5	9.604444444444445	93.81621333333271	92.9704172703258	0.13226536961554564	5.908026405367309	144.01092588419206	0.4525962385444397	187.28065627840928	60.66911476000218
5	2	9.604444444444445	93.81621333333268	92.97016655187403	0.13226536961554577	5.908011001599553	143.55034578663702	0.44826779778131004	187.28065627840928	60.66898880921963
5	0	9.604444444444445	93.81621333333273	92.97	0.13226536961554586	5.9080080824314365	143.4628946180617	0.44744907883352275	187.28065627840928	60.668964940286145
5	-2	9.604444444444445	93.81621333333271	92.96983344812602	0.13226536961554552	5.908011001599552	143.55034578663705	0.4482677977813101	187.28065627840928	60.66898880921961
5	-5	9.604444444444445	93.81621333333278	92.96958272967419	0.13226536961554522	5.908026405367309	144.01092588419212	0.4525962385444397	187.28065627840928	60.66911476000219
5	-10	9.604444444444445	93.81621333333274	92.96915902228102	0.13226536961554589	5.908082509178694	145.67614914011827	0.4684780436265419	187.28065627840928	60.669573499646916
5	-20	9.604444444444445	93.81621333333288	92.96826407248535	0.13226536961554575	5.908325202139763	152.67050645632617	0.5392450522576169	187.28065627840928	60.67155790819223
5	-40	9.604444444444445	93.81621333333293	92.96599798005401	0.13226536961554555	5.909693542847519	187.28065627840647	0.9953635173283216	187.28065627840928	60.6827463125913
2	40	9.604444444444445	93.81621333333239	92.97398922117763	0.05279322254953346	5.904818709389595	185.48696468392617	0.9921802680479624	185.4869646839277	24.283038107599996
2	20	9.604444444444445	93.81621333333268	92.9717303758846	0.05279322254953203	5.903459106805074	151.2100281757738	0.5375205049995034	185.4869646839277	24.27858658025941
2	10	9.604444444444445	93.81621333333271	92.97083828820736	0.05279322254953265	5.90321796366343	144.28287357464717	0.4669798147189222	185.4869646839277	24.27779704418457
2	5	9.604444444444445	93.8162133333327	92.97041593586312	0.05279322254953268	5.903162218126858	142.6336438529468	0.45114880087410714	185.4869646839277	24.27761452556995
2	2	9.604444444444445	93.8162133333327	92.97016601922829	0.052793222549532545	5.903146912726434	142.17748695946048	0.4468342027982832	185.4869646839277	24.277564413567198
2	0	9.604444444444445	93.81621333333268	92.97	0.052793222549532476	5.9031440121999115	142.09087561264622	0.4460181021768312	185.4869646839277	24.277554916841257
2	-2	9.604444444444445	93.81621333333267	92.96983398077172	0.05279322254953278	5.903146912726431	142.17748695946045	0.4468342027982832	185.4869646839277	24.2775644135672
2	-5	9.604444444444445	93.81621333333274	92.96958406413685	0.052793222549532434	5.903162218126861	142.63364385294685	0.4511488008741072	185.4869646839277	24.277614525569945
2	-10	9.604444444444445	93.81621333333284	92.96916171179264	0.052793222549532684	5.9032179636634385	144.28287357464882	0.4669798147189354	185.4869646839277	24.27779704418464
2	-20	9.604444444444445	93.8162133333328	92.9682696241154	0.05279322254953309	5.903459106805079	151.2100281757744	0.5375205049995163	185.4869646839277	24.278586580259557
2	-40	9.604444444444445	93.81621333333324	92.96601077882235	0.05279322254953309	5.904818709389639	185.4869646839277	0.9921802680479929	185.4869646839277	24.283038107600326
0	40	9.604444444444445	93.8162133333326	92.97398679105187	0.00000000000000017040990023546441	5.903894879672822	185.14769119991092	0.9915758586364993	185.14769119991095	0.000000000000015987211554602254
0	20	9.604444444444445	93.81621333333267	92.97172932178634	0.000000000000000047336083398740076	5.9025369330500705	150.93378075202585	0.5371930620311902	185.14769119991095	0.000000000000004440892098500626
0	10	9.604444444444445	93.81621333333268	92.97083777754484	0.00000000000000004733608339874007	5.902296083614716	144.01933734394402	0.46669534323314127	185.14769119991095	0.000000000000004440892098500626
0	2	9.604444444444445	93.81621333333268	92.97016591809381	0.00000000000000031241815043168445	5.902225119215975	141.91781249688054	0.4465620034749929	185.14769119991095	0.00000000000002930988785010413
0	5	9.604444444444445	93.81621333333268	92.97041568248626	0.00000000000000031241815043168445	5.902240405974808	142.373132753748	0.4508739732142118	185.14769119991095	0.00000000000002930988785010413
0	0	9.604444444444445	93.81621333333268	92.97	-0.00000000000000005680330007848809	5.902222222222224	141.83135999999908	0.4457463999999908	185.14769119991095	-0.000000000000005329070518200751
0	-2	9.604444444444445	93.81621333333268	92.9698340819062	0.00000000000000020827876695445632	5.902225119215977	141.91781249688052	0.44656200347499286	185.14769119991095	0.000000000000019539925233402755
0	-5	9.604444444444445	93.81621333333277	92.96958431751375	0.00000000000000015147546687596808	5.902240405974813	142.37313275374797	0.45087397321421174	185.14769119991095	0.000000000000014210854715202002
0	-10	9.604444444444445	93.81621333333273	92.96916222245517	0.00000000000000010413938347722811	5.90229608361472	144.019337343944	0.4666953432331413	185.14769119991095	0.000000000000009769962616701378
0	-20	9.604444444444445	93.81621333333268	92.96827067821367	0.00000000000000015147546687596823	5.902536933050075	150.93378075202585	0.5371930620311902	185.14769119991095	0.000000000000014210854715202004
0	-40	9.604444444444445	93.81621333333275	92.96601320894813	0.00000000000000022721320031395216	5.903894879672832	185.14769119991095	0.9915758586364993	185.14769119991095	0.000000000000021316282072803006
-2	40	9.604444444444445	93.8162133333324	92.97398922117763	-0.0527932225495331	5.904818709389594	185.4869646839269	0.9921802680479782	185.48696468392833	-24.283038107599964
-2	20	9.604444444444445	93.81621333333266	92.9717303758846	-0.052793222549531844	5.903459106805075	151.21002817577485	0.537520504999518	185.48696468392833	-24.27858658025939
-2	10	9.604444444444445	93.8162133333327	92.97083828820737	-0.052793222549532275	5.9032179636634305	144.28287357464717	0.4669798147189222	185.48696468392833	-24.277797044184535
-2	5	9.604444444444445	93.81621333333271	92.9704159358631	-0.052793222549532504	5.90316221812686	142.63364385294628	0.4511488008741	185.48696468392833	-24.277614525569945
-2	2	9.604444444444445	93.8162133333327	92.97016601922826	-0.05279322254953247	5.903146912726433	142.1774869594613	0.4468342027982932	185.48696468392833	-24.27756441356718
-2	0	9.604444444444445	93.8162133333327	92.96999999999998	-0.05279322254953225	5.903144012199911	142.09087561264622	0.4460181021768312	185.48696468392833	-24.27755491684124
-2	-2	9.604444444444445	93.81621333333266	92.96983398077172	-0.052793222549532275	5.903146912726432	142.17748695946128	0.44683420279829317	185.48696468392833	-24.27756441356715
-2	-5	9.604444444444445	93.81621333333271	92.96958406413691	-0.05279322254953238	5.903162218126862	142.63364385294514	0.45114880087408693	185.48696468392833	-24.277614525569938
-2	-10	9.604444444444445	93.81621333333283	92.96916171179264	-0.0527932225495325	5.9032179636634385	144.28287357464762	0.46697981471892214	185.48696468392833	-24.277797044184616
-2	-20	9.604444444444445	93.8162133333328	92.9682696241154	-0.0527932225495327	5.903459106805079	151.21002817577354	0.5375205049995047	185.48696468392833	-24.27858658025952
-2	-40	9.604444444444445	93.81621333333324	92.96601077882237	-0.0527932225495327	5.904818709389638	185.48696468392822	0.9921802680480022	185.48696468392833	-24.283038107600284
-5	40	9.604444444444445	93.81621333333261	92.97400201994603	-0.13226536961554586	5.909693542847503	187.2806562784084	0.9953635173283542	187.28065627841076	-60.68274631259099
-5	20	9.604444444444445	93.8162133333326	92.97173592751466	-0.13226536961554564	5.908325202139748	152.67050645632318	0.5392450522575898	187.28065627841076	-60.67155790819191
-5	10	9.604444444444445	93.81621333333267	92.97084097771898	-0.13226536961554533	5.908082509178691	145.67614914011781	0.46847804362654083	187.28065627841076	-60.66957349964679
-5	5	9.604444444444445	93.81621333333273	92.9704172703258	-0.13226536961554533	5.908026405367305	144.0109258841917	0.4525962385444397	187.28065627841076	-60.66911476000212
-5	2	9.604444444444445	93.81621333333271	92.97016655187399	-0.13226536961554552	5.908011001599551	143.55034578663603	0.44826779778129994	187.28065627841076	-60.668988809219606
-5	0	9.604444444444445	93.81621333333274	92.96999999999998	-0.13226536961554544	5.908008082431436	143.4628946180617	0.44744907883352275	187.28065627841076	-60.6689649402861
-5	-2	9.604444444444445	93.81621333333273	92.969833448126	-0.13226536961554514	5.908011001599552	143.55034578663606	0.44826779778129994	187.28065627841076	-60.668988809219584
-5	-5	9.604444444444445	93.81621333333277	92.9695827296742	-0.13226536961554491	5.90802640536731	144.01092588419175	0.4525962385444397	187.28065627841076	-60.66911476000215
-5	-10	9.604444444444445	93.81621333333273	92.96915902228103	-0.1322653696155453	5.908082509178695	145.67614914011935	0.4684780436265552	187.28065627841076	-60.669573499646866
-5	-20	9.604444444444445	93.81621333333285	92.96826407248537	-0.13226536961554544	5.908325202139762	152.6705064563234	0.5392450522575793	187.28065627841076	-60.67155790819216
-5	-40	9.604444444444445	93.81621333333297	92.96599798005396	-0.1322653696155453	5.909693542847519	187.2806562784066	0.9953635173283283	187.28065627841076	-60.682746312591306
-10	40	9.604444444444445	93.79226083045741	92.97397570283941	-0.2650545503273211	5.925904412614866	180.28318838302695	0.9626086582755767	193.8620946021123	-120.99673219726968
-10	20	9.604444444444445	93.81365974550917	92.9717478161396	-0.26640260847896463	5.925885134494641	154.47043750400624	0.5376949448412038	193.8620946021123	-121.14856878396748
-10	10	9.604444444444445	93.8160784941124	92.97085023014714	-0.2665621029071992	5.925791618373593	150.16014408517842	0.47242028992681234	193.8620946021123	-121.16490464201735
-10	5	9.604444444444445	93.81621333333268	92.9704220950586	-0.2665711457540746	5.925742813966976	149.0644147766914	0.45782943100840084	193.8620946021123	-121.16511919271511
-10	2	9.604444444444445	93.81621333333274	92.97016847764786	-0.2665711457540742	5.925727051924411	148.58760467438825	0.4534509421855355	193.8620946021123	-121.16486241305148
-10	0	9.604444444444445	93.81621333333271	92.97000000000001	-0.2665711457540742	5.925724064859629	148.49707195936142	0.45262275671223257	193.8620946021123	-121.16481375073583
-10	-2	9.604444444444445	93.81621333333273	92.96983152235215	-0.2665711457540742	5.925727051924409	148.58760467438964	0.4534509421855484	193.8620946021123	-121.16486241305142
-10	-5	9.604444444444445	93.81621333333266	92.9695779049414	-0.2665711457540749	5.925742813966977	149.0644147766904	0.4578294310083975	193.8620946021123	-121.16511919271514
-10	-10	9.604444444444445	93.81607849411245	92.96914976985288	-0.2665621029071991	5.925791618373594	150.16014408517813	0.4724202899268118	193.8620946021123	-121.16490464201742
-10	-20	9.604444444444445	93.8136597455091	92.96825218386036	-0.26640260847896563	5.925885134494638	154.47043750400525	0.5376949448411898	193.8620946021123	-121.1485687839674
-10	-40	9.604444444444445	93.79226083045793	92.96602429716062	-0.26505455032731823	5.925904412614888	180.2831883830243	0.9626086582755975	193.8620946021123	-120.99673219727046
-15	40	9.604444444444445	93.32330546203174	92.973483006268	-0.3768172402847215	5.925684493562534	124.00800326961968	0.8583590995760445	205.47137962824868	-177.09567113065262
-15	20	9.604444444444445	93.36191073780641	92.97151017395336	-0.3785141328260283	5.92692925471365	99.44605643131321	0.4665025866925102	205.47137962824868	-177.3520358566101
-15	10	9.604444444444445	93.36875788386962	92.97073155676112	-0.378814952201647	5.927149921764243	94.61127767015378	0.40550997022598484	205.47137962824868	-177.39750546377846
-15	5	9.604444444444445	93.37034075215553	92.97036297246204	-0.37888448693258625	5.927200929196721	93.46604005088182	0.3918137892337555	205.47137962824868	-177.40801676271894
-15	2	9.604444444444445	93.37077534180028	92.9701448784125	-0.378903577858435	5.927214933408689	93.14966942935344	0.38808050204727834	205.47137962824868	-177.41090272721334
-15	0	9.604444444444445	93.37085770088638	92.96999999999998	-0.3789071957598724	5.927217587332286	93.08961846425157	0.38737433052963505	205.47137962824868	-177.41144964636135
-15	-2	9.604444444444445	93.3707753418003	92.96985512158751	-0.3789035778584345	5.927214933408689	93.14966942935314	0.3880805020472779	205.47137962824868	-177.41090272721334
-15	-5	9.604444444444445	93.37034075215558	92.96963702753798	-0.37888448693258503	5.927200929196727	93.46604005088103	0.3918137892337543	205.47137962824868	-177.40801676271911
-15	-10	9.604444444444445	93.36875788386952	92.9692684432389	-0.3788149522016482	5.92714992176424	94.61127767015444	0.4055099702259859	205.47137962824868	-177.39750546377832
-15	-20	9.604444444444445	93.3619107378063	92.96848982604666	-0.37851413282602975	5.926929254713643	99.44605643131557	0.46650258669252537	205.47137962824868	-177.35203585660983
-15	-40	9.604444444444445	93.32330546203217	92.96651699373199	-0.37681724028471447	5.925684493562554	124.00800326961254	0.8583590995760106	205.47137962824868	-177.0956711306533
-30	40	9.604444444444445	89.42331126371272	92.9731756814332	-0.6664419219089923	5.830749187346308	81.55411328833424	0.7515721762231222	285.2112100562828	-312.313617693652
-30	20	9.604444444444445	89.44560003007321	92.97137714932471	-0.6667940198322431	5.831014119866029	66.14054628907792	0.40773432219407735	285.2112100562828	-312.4305846743416
-30	10	9.604444444444445	89.44955323169609	92.97066713656173	-0.6668564506420427	5.831061095297174	63.05251129023391	0.35431297068207296	285.2112100562828	-312.4513302845024
-30	5	9.604444444444445	89.4504671011271	92.9703310116786	-0.6668708821104408	5.831071954109549	62.318523243217584	0.34232089919710584	285.2112100562828	-312.45612608819823
-30	2	9.604444444444445	89.45071801157547	92.97013212169026	-0.66687484433845	5.831074935447924	62.11559200713339	0.3390523720164578	285.2112100562828	-312.4574428159657
-30	0	9.604444444444445	89.45076556161602	92.96999999999997	-0.6668755952177978	5.83107550043949	62.07706502231905	0.3384341247710403	285.2112100562828	-312.4576923490526
-30	-2	9.604444444444445	89.45071801157549	92.96986787830974	-0.6668748443384498	5.831074935447926	62.11559200713271	0.339052372016448	285.2112100562828	-312.45744281596586
-30	-5	9.604444444444445	89.45046710112712	92.96966898832139	-0.6668708821104402	5.831071954109551	62.31852324321808	0.34232089919711545	285.2112100562828	-312.4561260881983
-30	-10	9.604444444444445	89.44955323169617	92.9693328634383	-0.6668564506420399	5.831061095297177	63.05251129023283	0.35431297068206186	285.2112100562828	-312.45133028450266
-30	-20	9.604444444444445	89.44560003007332	92.96862285067529	-0.6667940198322402	5.8310141198660315	66.14054628907857	0.407734322194098	285.2112100562828	-312.43058467434184
-30	-40	9.604444444444445	89.423311263713	92.96682431856681	-0.6664419219089829	5.830749187346314	81.55411328833287	0.7515721762231324	285.2112100562828	-312.3136176936526
-60	40	9.604444444444445	72.16913827580669	92.97489857839992	-1.9049821368801152	5.88018160232213	156.47225469646924	0.937229938352421	156.47225469647168	-436.25361566818066
-60	20	9.604444444444445	72.16913827580692	92.9721248212507	-1.906908768377113	5.880181602322132	127.47192204777011	0.5077507847994575	156.47225469647168	-436.32313733563893
-60	10	9.604444444444445	72.16913827580696	92.97102937899973	-1.907250481446255	5.880181602322134	121.61783457211433	0.4411168787118874	156.47225469647168	-436.33546790450794
-60	5	9.604444444444445	72.16913827580701	92.97051074992936	-1.9073294759316983	5.880181602322134	120.22438501984223	0.42616264044728186	156.47225469647168	-436.3383183864798
-60	2	9.604444444444445	72.16913827580701	92.97020386390459	-1.9073511645242809	5.880181602322133	119.83899391946389	0.42208699953923734	156.47225469647168	-436.3391010099983
-60	0	9.604444444444445	72.16913827580703	92.97	-1.9073552747295863	5.880181602322135	119.76581998291124	0.4213160973556432	156.47225469647168	-436.33924932498604
-60	-2	9.604444444444445	72.16913827580703	92.96979613609541	-1.9073511645242804	5.880181602322133	119.83899391946485	0.4220869995392477	156.47225469647168	-436.33910100999833
-60	-5	9.604444444444445	72.16913827580701	92.96948925007057	-1.9073294759316977	5.880181602322132	120.22438501984175	0.42616264044728	156.47225469647168	-436.3383183864797
-60	-10	9.604444444444445	72.16913827580709	92.96897062100027	-1.9072504814462468	5.8801816023221365	121.61783457211371	0.44111687871188554	156.47225469647168	-436.3354679045087
-60	-20	9.604444444444445	72.16913827580703	92.96787517874931	-1.9069087683771055	5.880181602322134	127.47192204777207	0.5077507847994868	156.47225469647168	-436.32313733563933
-60	-40	9.604444444444445	72.16913827580757	92.96510142160007	-1.9049821368800632	5.880181602322138	156.4722546964698	0.9372299383524431	156.47225469647168	-436.25361566818464
60	40	8.40388888888889	66.62699019700457	92.97530605060885	2.236411853664725	5.828416083545197	156.47225469646847	0.9372299383524045	156.47225469647066	410.8061855856267
60	20	8.40388888888889	66.62699019700489	92.97230156755096	2.2384987456960457	5.828416083545201	127.47192204777132	0.507750784799485	156.47225469647066	410.87570725308535
60	10	8.40388888888889	66.62699019700486	92.97111500452222	2.2388688830482653	5.8284160835452	121.61783457211475	0.4411168787118875	156.47225469647066	410.8880378219541
60	5	8.40388888888889	66.62699019700491	92.97055323499038	2.2389544484313944	5.828416083545201	120.22438501984358	0.4261626404472992	156.47225469647066	410.890888303926
60	2	8.40388888888889	66.6269901970049	92.97022082165616	2.2389779411185566	5.8284160835452	119.83899391946612	0.4220869995392502	156.47225469647066	410.89167092744447
60	0	8.40388888888889	66.62699019700493	92.97	2.2389823932178348	5.828416083545199	119.76581998291124	0.4213160973556431	156.47225469647066	410.89181924243206
60	-2	8.40388888888889	66.62699019700494	92.96977917834387	2.2389779411185544	5.8284160835452	119.83899391946561	0.4220869995392598	156.47225469647066	410.89167092744464
60	-5	8.40388888888889	66.62699019700494	92.96944676500964	2.238954448431392	5.8284160835452	120.22438501984428	0.4261626404473042	156.47225469647066	410.89088830392603
60	-10	8.40388888888889	66.62699019700494	92.96888499547782	2.2388688830482613	5.828416083545201	121.61783457211449	0.4411168787118875	156.47225469647066	410.8880378219546
60	-20	8.40388888888889	66.626990197005	92.96769843244905	2.2384987456960395	5.828416083545201	127.47192204777099	0.5077507847994714	156.47225469647066	410.87570725308586
60	-40	8.40388888888889	66.6269901970052	92.96469394939118	2.2364118536646873	5.828416083545204	156.47225469646838	0.9372299383524165	156.47225469647066	410.80618558562975
30	40	8.40388888888889	80.78872389097813	92.97435724291397	0.920997459245748	5.482959905759105	154.99076210741657	0.9321904049168722	285.2112100562819	285.9183345395747
30	20	8.40388888888889	80.81101265733903	92.97188948874577	0.9218905016300454	5.483017941660405	125.92442023456363	0.5054763101078851	285.2112100562819	286.06206042254615
30	10	8.40388888888889	80.81496585896171	92.97091532635582	0.9220488428398568	5.4830282317373165	120.08370698158905	0.43921111292100407	285.2112100562819	286.08755207087694
30	5	8.40388888888889	80.81587972839273	92.97045415496642	0.9220854446857722	5.483030610371471	118.69464784799506	0.4243371646983742	285.2112100562819	286.0934450255952
30	2	8.40388888888889	80.81613063884113	92.97018127367613	0.9220954938819657	5.483031263435838	118.31055130353364	0.4202832465818932	285.2112100562819	286.0950629852955
30	0	8.40388888888889	80.81617818888168	92.97	0.9220973982981607	5.483031387197614	118.23762707334366	0.4195164455117791	285.2112100562819	286.0953696048478
30	-2	8.40388888888889	80.81613063884116	92.96981872632388	0.9220954938819649	5.48303126343584	118.31055130353265	0.42028324658188787	285.2112100562819	286.09506298529567
30	-5	8.40388888888889	80.8158797283928	92.96954584503358	0.9220854446857706	5.483030610371477	118.69464784799445	0.42433716469837357	285.2112100562819	286.09344502559554
30	-10	8.40388888888889	80.81496585896181	92.96908467364422	0.9220488428398542	5.483028231737321	120.08370698158886	0.43921111292101556	285.2112100562819	286.0875520708773
30	-20	8.40388888888889	80.81101265733894	92.96811051125421	0.9218905016300474	5.4830179416604015	125.92442023456296	0.505476310107888	285.2112100562819	286.0620604225458
30	-40	8.40388888888889	80.78872389097856	92.96564275708607	0.9209974592457364	5.482959905759122	154.9907621074143	0.9321904049168969	285.2112100562819	285.91833453957605
15	40	8.40388888888889	82.08918666666581	92.97471706264261	0.4629549873325744	5.366017507769623	205.47137962824615	1.0265548675159986	205.47137962824863	150.71637930240703
15	20	8.40388888888889	82.08918666666625	92.97204608646135	0.46295498733257157	5.364354144565384	167.4816491425582	0.5561431814024925	205.47137962824863	150.6810390804022
15	10	8.40388888888889	82.08918666666612	92.97099123558476	0.4629549873325729	5.364059125540458	159.8057187293384	0.48315857235757903	205.47137962824863	150.67477103394648
15	5	8.40388888888889	82.0891866666661	92.97049182420187	0.4629549873325728	5.363990925409486	157.9782893512908	0.4667790848355471	205.47137962824863	150.67332203726113
15	2	8.40388888888889	82.08918666666614	92.97019630977194	0.4629549873325723	5.363972200496647	157.4728492717204	0.46231500527389136	205.47137962824863	150.67292420317716
15	0	8.40388888888889	82.0891866666661	92.97000000000001	0.4629549873325729	5.363968651938307	157.37688066344091	0.4614706304235354	205.47137962824863	150.67284880963757
15	-2	8.40388888888889	82.08918666666615	92.96980369022806	0.46295498733257223	5.363972200496647	157.4728492717195	0.4623150052738781	205.47137962824863	150.6729242031772
15	-5	8.40388888888889	82.08918666666617	92.96950817579818	0.46295498733257223	5.36399092540949	157.9782893512897	0.4667790848355446	205.47137962824863	150.6733220372613
15	-10	8.40388888888889	82.08918666666602	92.96900876441524	0.4629549873325731	5.3640591255404555	159.80571872933842	0.4831585723575789	205.47137962824863	150.67477103394626
15	-20	8.40388888888889	82.08918666666587	92.96795391353868	0.4629549873325727	5.364354144565369	167.4816491425573	0.5561431814024774	205.47137962824863	150.6810390804013
15	-40	8.40388888888889	82.0891866666663	92.96528293735739	0.46295498733257195	5.366017507769647	205.47137962824743	1.0265548675160305	205.47137962824863	150.71637930240823
10	40	8.40388888888889	82.0891866666659	92.97462662140582	0.30465273800465864	5.330774735898424	193.86209460210762	1.0068725145629147	193.8620946021116	100.61701956505286
10	20	8.40388888888889	82.08918666666611	92.97200685641417	0.3046527380046568	5.329174545248842	158.02926715722683	0.545480130906835	193.8620946021116	100.59420942713894
10	10	8.40388888888889	82.08918666666612	92.97097223041585	0.3046527380046568	5.328890730695338	150.78832293797612	0.4738948711621373	193.8620946021116	100.59016375351305
10	5	8.40388888888889	82.0891866666661	92.97048239435271	0.3046527380046568	5.328825120724165	149.0644147766928	0.45782943100841766	193.8620946021116	100.58922850714636
10	2	8.40388888888889	82.08918666666615	92.97019254588328	0.30465273800465664	5.328807106961228	148.58760467438677	0.45345094218552234	193.8620946021116	100.58897172748263
10	0	8.40388888888889	82.08918666666612	92.96999999999998	0.30465273800465653	5.32880369317291	148.4970719593614	0.4526227567122327	193.8620946021116	100.58892306516704
10	-2	8.40388888888889	82.08918666666614	92.96980745411673	0.30465273800465664	5.32880710696123	148.58760467438677	0.45345094218552223	193.8620946021116	100.58897172748266
10	-5	8.40388888888889	82.08918666666612	92.96951760564728	0.30465273800465714	5.328825120724163	149.06441477669202	0.4578294310084141	193.8620946021116	100.58922850714639
10	-10	8.40388888888889	82.0891866666661	92.96902776958414	0.30465273800465703	5.3288907306953375	150.78832293797493	0.47389487116212764	193.8620946021116	100.59016375351302
10	-20	8.40388888888889	82.08918666666605	92.96799314358586	0.30465273800465725	5.329174545248839	158.02926715722884	0.5454801309068603	193.8620946021116	100.59420942713886
10	-40	8.40388888888889	82.08918666666644	92.96537337859415	0.3046527380046558	5.330774735898451	193.86209460211046	1.0068725145629591	193.8620946021116	100.61701956505368
5	40	8.40388888888889	82.08918666666604	92.97457373708114	0.15116042241776678	5.310483096587621	187.28065627840888	0.9953635173283581	187.28065627840928	50.35550268994233
5	20	8.40388888888889	82.08918666666605	92.97198391715962	0.15116042241776656	5.308919278635909	152.6705064563249	0.5392450522575994	187.28065627840928	50.34431428554332
5	10	8.40388888888889	82.0891866666661	92.9709611173931	0.15116042241776653	5.308641915251839	145.6761491401193	0.46847804362655515	187.28065627840928	50.34232987699818
5	5	8.40388888888889	82.08918666666611	92.97047688037235	0.15116042241776628	5.308577796610253	144.01092588419138	0.4525962385444397	187.28065627840928	50.34187113735345
5	2	8.40388888888889	82.0891866666661	92.97019034499884	0.15116042241776667	5.308560192304248	143.55034578663583	0.44826779778129905	187.28065627840928	50.34174518657094
5	0	8.40388888888889	82.08918666666612	92.97000000000001	0.15116042241776656	5.3085568561121175	143.46289461806165	0.44744907883352275	187.28065627840928	50.341721317637436
5	-2	8.40388888888889	82.08918666666614	92.96980965500116	0.15116042241776645	5.30856019230425	143.55034578663583	0.44826779778129905	187.28065627840928	50.34174518657097
5	-5	8.40388888888889	82.0891866666662	92.96952311962767	0.15116042241776587	5.308577796610258	144.01092588419138	0.4525962385444397	187.28065627840928	50.3418711373535
5	-10	8.40388888888889	82.08918666666611	92.96903888260694	0.1511604224177665	5.308641915251842	145.67614914011855	0.4684780436265519	187.28065627840928	50.34232987699821
5	-20	8.40388888888889	82.08918666666624	92.96801608284039	0.15116042241776592	5.308919278635914	152.67050645632403	0.5392450522575848	187.28065627840928	50.34431428554341
5	-40	8.40388888888889	82.08918666666632	92.96542626291884	0.15116042241776634	5.310483096587637	187.2806562784073	0.995363517328346	187.28065627840928	50.35550268994258
2	40	8.40388888888889	82.08918666666558	92.9745591099173	0.06033511148518042	5.304911858350003	185.48696468392635	0.9921802680479589	185.4869646839277	20.147732809381452
2	20	8.40388888888889	82.08918666666607	92.97197757243954	0.06033511148517997	5.303358026824845	151.21002817577394	0.5375205049995034	185.4869646839277	20.143281282041027
2	10	8.40388888888889	82.08918666666604	92.97095804366559	0.060335111485179914	5.303082434662967	144.28287357464717	0.46697981471892214	185.4869646839277	20.14249174596612
2	5	8.40388888888889	82.0891866666661	92.97047535527216	0.06033511148518022	5.303018725478316	142.6336438529472	0.4511488008741074	185.4869646839277	20.142309227351543
2	2	8.40388888888889	82.08918666666611	92.97018973626088	0.06033511148518011	5.303001233592118	142.17748695946122	0.4468342027982914	185.4869646839277	20.142259115348796
2	0	8.40388888888889	82.08918666666612	92.97000000000001	0.060335111485180275	5.302997918704664	142.09087561264616	0.4460181021768312	185.4869646839277	20.142249618622888
2	-2	8.40388888888889	82.08918666666615	92.96981026373912	0.06033511148518028	5.3030012335921155	142.17748695946116	0.4468342027982913	185.4869646839277	20.142259115348814
2	-5	8.40388888888889	82.08918666666617	92.96952464472783	0.06033511148518013	5.303018725478316	142.63364385294605	0.4511488008740976	185.4869646839277	20.142309227351554
2	-10	8.40388888888889	82.08918666666621	92.96904195633446	0.06033511148518037	5.303082434662977	144.28287357464532	0.466979814718909	185.4869646839277	20.142491745966225
2	-20	8.40388888888889	82.08918666666624	92.96802242756047	0.06033511148518009	5.303358026824855	151.21002817577482	0.537520504999518	185.4869646839277	20.14328128204111
2	-40	8.40388888888889	82.08918666666655	92.96544089008269	0.06033511148518047	5.304911858350053	185.4869646839273	0.9921802680479809	185.4869646839277	20.147732809381836
0	40	8.40388888888889	82.08918666666611	92.9745563326307	0.000000000000000324590286162789	5.303856052959423	185.1476911999082	0.9915758586364557	185.14769119991095	0.000000000000026645352591003757
0	20	8.40388888888889	82.08918666666605	92.97197636775586	0.0000000000000001514754668759683	5.302304113961987	150.93378075202858	0.5371930620312192	185.14769119991095	0.000000000000012434497875801752
0	10	8.40388888888889	82.0891866666661	92.97095746005127	0.00000000000000023803287651937866	5.302028857464438	144.019337343944	0.46669534323314127	185.14769119991095	0.000000000000019539925233402755
0	5	8.40388888888889	82.08918666666608	92.97047506569857	0.0000000000000002380328765193787	5.30196522587597	142.3731327537507	0.4508739732142377	185.14769119991095	0.000000000000019539925233402755
0	2	8.40388888888889	82.08918666666611	92.97018962067867	0.0000000000000002380328765193786	5.30194775529445	141.91781249688327	0.44656200347501857	185.14769119991095	0.000000000000019539925233402755
0	0	8.40388888888889	82.08918666666611	92.96999999999998	0.000000000000000324590286162789	5.301944444444445	141.83135999999908	0.4457463999999908	185.14769119991095	0.000000000000026645352591003757
0	-2	8.40388888888889	82.08918666666614	92.96981037932133	0.000000000000000021639352410852593	5.301947755294451	141.91781249688324	0.44656200347501857	185.14769119991095	0.0000000000000017763568394002505
0	-5	8.40388888888889	82.08918666666612	92.96952493430146	0.00000000000000032459028616278897	5.301965225875974	142.3731327537507	0.45087397321423767	185.14769119991095	0.000000000000026645352591003757
0	-10	8.40388888888889	82.08918666666621	92.96904253994873	0.0000000000000001731148192868206	5.302028857464443	144.01933734394402	0.4666953432331413	185.14769119991095	0.000000000000014210854715202004
0	-20	8.40388888888889	82.08918666666601	92.9680236322442	0.0000000000000001514754668759684	5.302304113961987	150.9337807520286	0.5371930620312192	185.14769119991095	0.000000000000012434497875801755
0	-40	8.40388888888889	82.08918666666617	92.96544366736927	0.000000000000000043278704821705174	5.303856052959426	185.14769119991095	0.9915758586364993	185.14769119991095	0.000000000000003552713678800501
-2	40	8.40388888888889	82.08918666666561	92.97455910991728	-0.06033511148518003	5.304911858350002	185.48696468392635	0.9921802680479589	185.48696468392833	-20.147732809381427
-2	20	8.40388888888889	82.08918666666607	92.97197757243956	-0.06033511148517959	5.303358026824845	151.21002817577482	0.537520504999518	185.48696468392833	-20.143281282041
-2	10	8.40388888888889	82.08918666666605	92.97095804366559	-0.060335111485179574	5.303082434662966	144.28287357464714	0.46697981471892214	185.48696468392833	-20.14249174596609
-2	5	8.40388888888889	82.08918666666608	92.97047535527216	-0.06033511148518012	5.303018725478316	142.6336438529476	0.4511488008741133	185.48696468392833	-20.142309227351532
-2	2	8.40388888888889	82.08918666666611	92.97018973626088	-0.06033511148518005	5.303001233592117	142.1774869594616	0.44683420279829716	185.48696468392833	-20.142259115348793
-2	0	8.40388888888889	82.08918666666612	92.97000000000001	-0.06033511148517989	5.302997918704663	142.0908756126462	0.4460181021768312	185.48696468392833	-20.142249618622856
-2	-2	8.40388888888889	82.08918666666614	92.96981026373915	-0.060335111485179775	5.3030012335921155	142.17748695946162	0.44683420279829705	185.48696468392833	-20.14225911534877
-2	-5	8.40388888888889	82.08918666666615	92.96952464472787	-0.060335111485179525	5.303018725478316	142.63364385294605	0.45114880087409753	185.48696468392833	-20.1423092273515
-2	-10	8.40388888888889	82.08918666666622	92.96904195633442	-0.060335111485179845	5.303082434662976	144.2828735746444	0.4669798147188957	185.48696468392833	-20.142491745966183
-2	-20	8.40388888888889	82.08918666666627	92.96802242756043	-0.06033511148517983	5.303358026824855	151.21002817577485	0.5375205049995181	185.48696468392833	-20.143281282041094
-2	-40	8.40388888888889	82.08918666666655	92.9654408900827	-0.060335111485180164	5.304911858350053	185.48696468392816	0.9921802680480026	185.48696468392833	-20.14773280938181
-5	40	8.40388888888889	82.08918666666604	92.97457373708117	-0.1511604224177666	5.310483096587621	187.2806562784093	0.9953635173283693	187.28065627841076	-50.355502689942305
-5	20	8.40388888888889	82.08918666666608	92.9719839171596	-0.15116042241776614	5.308919278635908	152.67050645632483	0.5392450522575977	187.28065627841076	-50.34431428554329
-5	10	8.40388888888889	82.0891866666661	92.9709611173931	-0.151160422417766	5.3086419152518385	145.67614914011932	0.46847804362655515	187.28065627841076	-50.34232987699813
-5	5	8.40388888888889	82.08918666666612	92.97047688037232	-0.1511604224177663	5.308577796610254	144.01092588419138	0.4525962385444397	187.28065627841076	-50.341871137353465
-5	2	8.40388888888889	82.08918666666611	92.97019034499884	-0.15116042241776612	5.308560192304247	143.55034578663677	0.4482677977813119	187.28065627841076	-50.3417451865709
-5	0	8.40388888888889	82.08918666666611	92.97000000000001	-0.15116042241776617	5.308556856112118	143.4628946180617	0.44744907883352275	187.28065627841076	-50.341721317637415
-5	-2	8.40388888888889	82.08918666666612	92.96980965500117	-0.1511604224177659	5.308560192304252	143.55034578663677	0.4482677977813119	187.28065627841076	-50.341745186570925
-5	-5	8.40388888888889	82.08918666666621	92.96952311962764	-0.1511604224177656	5.308577796610257	144.01092588419235	0.4525962385444528	187.28065627841076	-50.34187113735348
-5	-10	8.40388888888889	82.08918666666614	92.96903888260687	-0.15116042241776598	5.30864191525184	145.676149140119	0.4684780436265576	187.28065627841076	-50.342329876998164
-5	-20	8.40388888888889	82.08918666666621	92.9680160828404	-0.15116042241776587	5.308919278635916	152.6705064563241	0.5392450522575866	187.28065627841076	-50.344314285543405
-5	-40	8.40388888888889	82.08918666666632	92.96542626291885	-0.15116042241776598	5.310483096587637	187.28065627840724	0.9953635173283356	187.28065627841076	-50.355502689942554
-10	40	8.40388888888889	82.08918666666587	92.97462662140583	-0.304652738004658	5.330774735898423	193.86209460210762	1.0068725145629145	193.8620946021123	-100.61701956505274
-10	20	8.40388888888889	82.08918666666612	92.97200685641414	-0.3046527380046566	5.329174545248841	158.02926715722725	0.5454801309068432	193.8620946021123	-100.59420942713892
-10	10	8.40388888888889	82.08918666666612	92.97097223041585	-0.3046527380046565	5.328890730695338	150.78832293797612	0.47389487116213735	193.8620946021123	-100.59016375351301
-10	5	8.40388888888889	82.08918666666612	92.97048239435267	-0.3046527380046564	5.328825120724163	149.06441477669392	0.45782943100843293	193.8620946021123	-100.58922850714633
-10	2	8.40388888888889	82.08918666666614	92.9701925458833	-0.30465273800465614	5.3288071069612295	148.58760467438788	0.45345094218553544	193.8620946021123	-100.58897172748262
-10	0	8.40388888888889	82.08918666666612	92.97000000000001	-0.30465273800465614	5.328803693172908	148.4970719593614	0.4526227567122327	193.8620946021123	-100.58892306516698
-10	-2	8.40388888888889	82.08918666666617	92.96980745411672	-0.3046527380046561	5.328807106961228	148.58760467438782	0.45345094218553533	193.8620946021123	-100.58897172748262
-10	-5	8.40388888888889	82.08918666666608	92.96951760564731	-0.30465273800465675	5.328825120724165	149.06441477669162	0.4578294310084087	193.8620946021123	-100.58922850714632
-10	-10	8.40388888888889	82.08918666666611	92.96902776958414	-0.30465273800465653	5.328890730695337	150.7883229379756	0.4738948711621352	193.8620946021123	-100.59016375351298
-10	-20	8.40388888888889	82.08918666666604	92.96799314358586	-0.304652738004657	5.329174545248841	158.0292671572299	0.5454801309068751	193.8620946021123	-100.59420942713885
-10	-40	8.40388888888889	82.08918666666645	92.96537337859417	-0.3046527380046554	5.330774735898451	193.8620946021105	1.0068725145629591	193.8620946021123	-100.61701956505368
-15	40	8.40388888888889	82.08918666666582	92.9747170626426	-0.46295498733257406	5.366017507769623	205.47137962824732	1.026554867516021	205.47137962824868	-150.71637930240703
-15	20	8.40388888888889	82.08918666666622	92.97204608646133	-0.4629549873325718	5.364354144565385	167.4816491425573	0.5561431814024775	205.47137962824868	-150.6810390804022
-15	10	8.40388888888889	82.08918666666612	92.97099123558475	-0.46295498733257257	5.364059125540459	159.8057187293384	0.48315857235757903	205.47137962824868	-150.67477103394646
-15	5	8.40388888888889	82.08918666666641	92.97049182420183	-0.4629549873325834	5.363990925409497	157.97828935129175	0.46677908483555547	205.47137962824868	-150.67332203726278
-15	2	8.40388888888889	82.08918666666612	92.97019630977195	-0.4629549873325723	5.363972200496647	157.47284927171862	0.4623150052738649	205.47137962824868	-150.67292420317713
-15	0	8.40388888888889	82.08918666666611	92.97000000000003	-0.46295498733257234	5.363968651938307	157.37688066344091	0.4614706304235354	205.47137962824868	-150.67284880963754
-15	-2	8.40388888888889	82.08918666666615	92.96980369022808	-0.4629549873325717	5.363972200496648	157.47284927171862	0.46231500527386477	205.47137962824868	-150.67292420317716
-15	-5	8.40388888888889	82.08918666666617	92.96950817579814	-0.4629549873325721	5.363990925409489	157.97828935129058	0.4667790848355528	205.47137962824868	-150.67332203726127
-15	-10	8.40388888888889	82.08918666666602	92.96900876441524	-0.46295498733257295	5.364059125540455	159.80571872933976	0.48315857235759313	205.47137962824868	-150.67477103394623
-15	-20	8.40388888888889	82.08918666666588	92.96795391353864	-0.4629549873325725	5.364354144565368	167.4816491425573	0.5561431814024775	205.47137962824868	-150.68103908040126
-15	-40	8.40388888888889	82.0891866666663	92.96528293735737	-0.46295498733257195	5.366017507769647	205.4713796282464	1.0265548675160023	205.47137962824868	-150.71637930240823
-30	40	8.40388888888889	80.78872389097816	92.97435724291397	-0.9209974592457473	5.482959905759106	154.99076210741637	0.9321904049168719	285.2112100562828	-285.9183345395748
-30	20	8.40388888888889	80.811012657339	92.97188948874577	-0.9218905016300455	5.483017941660405	125.92442023456422	0.5054763101078987	285.2112100562828	-286.0620604225461
-30	10	8.40388888888889	80.81496585896171	92.97091532635581	-0.922048842839857	5.4830282317373165	120.08370698158923	0.43921111292100906	285.2112100562828	-286.08755207087694
-30	5	8.40388888888889	80.81587972839274	92.97045415496643	-0.9220854446857719	5.483030610371472	118.69464784799473	0.4243371646983691	285.2112100562828	-286.09344502559526
-30	2	8.40388888888889	80.81613063884113	92.97018127367615	-0.9220954938819659	5.483031263435839	118.3105513035334	0.42028324658188815	285.2112100562828	-286.0950629852956
-30	0	8.40388888888889	80.81617818888168	92.97	-0.9220973982981608	5.483031387197614	118.23762707334369	0.4195164455117791	285.2112100562828	-286.0953696048478
-30	-2	8.40388888888889	80.81613063884114	92.96981872632387	-0.922095493881965	5.483031263435841	118.31055130353205	0.42028324658187577	285.2112100562828	-286.09506298529567
-30	-5	8.40388888888889	80.8158797283928	92.96954584503358	-0.9220854446857705	5.483030610371477	118.69464784799415	0.42433716469836846	285.2112100562828	-286.09344502559554
-30	-10	8.40388888888889	80.8149658589618	92.96908467364422	-0.9220488428398547	5.483028231737322	120.08370698158846	0.4392111129210082	285.2112100562828	-286.08755207087734
-30	-20	8.40388888888889	80.81101265733894	92.9681105112542	-0.9218905016300476	5.483017941660402	125.92442023456252	0.5054763101078721	285.2112100562828	-286.0620604225459
-30	-40	8.40388888888889	80.78872389097855	92.96564275708603	-0.9209974592457374	5.482959905759121	154.99076210741418	0.9321904049168855	285.2112100562828	-285.91833453957605
-60	40	8.40388888888889	66.62699019700457	92.97530605060884	-2.2364118536647237	5.828416083545197	156.47225469646853	0.9372299383524018	156.47225469647168	-410.8061855856266
-60	20	8.40388888888889	66.6269901970049	92.97230156755094	-2.2384987456960452	5.8284160835452	127.47192204777099	0.5077507847994714	156.47225469647168	-410.8757072530854
-60	10	8.40388888888889	66.62699019700486	92.97111500452222	-2.238868883048265	5.828416083545199	121.61783457211455	0.4411168787118874	156.47225469647168	-410.888037821954
-60	5	8.40388888888889	66.6269901970049	92.97055323499036	-2.238954448431395	5.8284160835452	120.22438501984315	0.4261626404472911	156.47225469647168	-410.8908883039258
-60	2	8.40388888888889	66.6269901970049	92.97022082165616	-2.238977941118557	5.828416083545201	119.8389939194657	0.4220869995392598	156.47225469647168	-410.8916709274445
-60	0	8.40388888888889	66.62699019700489	92.97000000000004	-2.238982393217836	5.828416083545203	119.7658199829112	0.4213160973556431	156.47225469647168	-410.89181924243206
-60	-2	8.40388888888889	66.62699019700494	92.96977917834388	-2.238977941118555	5.828416083545202	119.83899391946647	0.42208699953927215	156.47225469647168	-410.8916709274448
-60	-5	8.40388888888889	66.62699019700496	92.96944676500962	-2.238954448431392	5.828416083545201	120.2243850198441	0.4261626404473003	156.47225469647168	-410.8908883039262
-60	-10	8.40388888888889	66.62699019700493	92.9688849954778	-2.2388688830482613	5.828416083545202	121.6178345721144	0.44111687871188693	156.47225469647168	-410.8880378219545
-60	-20	8.40388888888889	66.62699019700497	92.96769843244905	-2.23849874569604	5.828416083545201	127.4719220477703	0.5077507847994577	156.47225469647168	-410.8757072530857
-60	-40	8.40388888888889	66.6269901970052	92.96469394939116	-2.236411853664688	5.828416083545205	156.47225469646716	0.9372299383523872	156.47225469647168	-410.8061855856298
60	40	7.203333333333334	61.084842118202545	92.9757874616622	2.565094156770973	5.767257328721828	156.4722546964675	0.9372299383524049	156.47225469647066	383.4380102695495
60	20	7.203333333333334	61.084842118202715	92.9725103857739	2.5673703897952733	5.767257328721831	127.47192204777005	0.5077507847994638	156.47225469647066	383.50753193700757
60	10	7.203333333333334	61.08484211820273	92.97121616742871	2.567774109226847	5.767257328721832	121.61783457211294	0.4411168787118748	156.47225469647066	383.5198625058766
60	5	7.203333333333334	61.084842118202786	92.97060342927969	2.5678674378456208	5.767257328721831	120.22438501984388	0.4261626404472942	156.47225469647066	383.5227129878483
60	2	7.203333333333334	61.08484211820279	92.97024085651708	2.567893061993657	5.767257328721831	119.83899391946395	0.4220869995392478	156.47225469647066	383.523495611367
60	0	7.203333333333334	61.0848421182028	92.97	2.5678979180260995	5.767257328721832	119.76581998291124	0.4213160973556432	156.47225469647066	383.5236439263546
60	-2	7.203333333333334	61.084842118202815	92.96975914348293	2.5678930619936557	5.767257328721832	119.83899391946365	0.4220869995392302	156.47225469647066	383.52349561136714
60	-5	7.203333333333334	61.08484211820282	92.96939657072029	2.5678674378456194	5.767257328721832	120.22438501984398	0.42616264044729535	156.47225469647066	383.5227129878486
60	-10	7.203333333333334	61.084842118202864	92.96878383257132	2.5677741092268396	5.767257328721832	121.61783457211513	0.4411168787118997	156.47225469647066	383.5198625058772
60	-20	7.203333333333334	61.08484211820281	92.96748961422611	2.5673703897952675	5.767257328721831	127.47192204776951	0.5077507847994515	156.47225469647066	383.50753193700797
60	-40	7.203333333333334	61.08484211820326	92.96421253833782	2.5650941567709302	5.767257328721837	156.47225469646833	0.937229938352416	156.47225469647066	383.4380102695532
30	40	7.203333333333334	70.30775236792964	92.9759697732081	1.159767548583099	5.035174079811125	261.1951566615765	1.1076265544615775	285.2112100562819	247.62216016985732
30	20	7.203333333333334	70.3290425916706	92.97259072274426	1.1612988723812319	5.034905189126914	213.9100075808675	0.6032101010684248	285.2112100562819	247.78095633428583
30	10	7.203333333333334	70.33299579329334	92.97125501648271	1.1615842333121094	5.034874720271274	204.0246646838662	0.5241075838333075	285.2112100562819	247.81119402078713
30	5	7.203333333333334	70.33390966272435	92.97062269703521	1.1616501961974801	5.034867677213118	201.672944022622	0.5063530326887312	285.2112100562819	247.8181841265278
30	2	7.203333333333334	70.33416057317274	92.97024854628225	1.1616683065560198	5.034865743514983	201.0226063747973	0.5015140584224531	285.2112100562819	247.8201033181609
30	0	7.203333333333334	70.33420812321327	92.97	1.1616717386356072	5.0348653770613945	200.89913140098096	0.5005987662525183	285.2112100562819	247.82046702417844
30	-2	7.203333333333334	70.33416057317278	92.96975145371778	1.1616683065560194	5.034865743514987	201.02260637479836	0.5015140584224589	285.2112100562819	247.8201033181612
30	-5	7.203333333333334	70.33390966272444	92.96937730296479	1.1616501961974786	5.034867677213123	201.67294402262024	0.5063530326887162	285.2112100562819	247.81818412652822
30	-10	7.203333333333334	70.33299579329349	92.96874498351725	1.1615842333121058	5.0348747202712785	204.0246646838634	0.5241075838332977	285.2112100562819	247.8111940207876
30	-20	7.203333333333334	70.32904259167059	92.96740927725568	1.161298872381231	5.0349051891269125	213.9100075808651	0.6032101010684089	285.2112100562819	247.78095633428566
30	-40	7.203333333333334	70.30775236792992	92.96403022679189	1.1597675485830936	5.035174079811136	261.19515666157395	1.1076265544615784	285.2112100562819	247.62216016985838
15	40	7.203333333333334	70.36215999999929	92.97550323974971	0.5401141518880032	4.776418573879381	205.47137962824706	1.0265548675160066	205.47137962824863	123.69233612852132
15	20	7.203333333333334	70.36215999999965	92.97238710087159	0.5401141518879998	4.774477983474431	167.4816491425573	0.5561431814024775	205.47137962824863	123.65699590651623
15	10	7.203333333333334	70.36215999999956	92.97115644151555	0.540114151888001	4.774133794612017	159.80571872933885	0.483158572357574	205.47137962824863	123.65072786006056
15	5	7.203333333333334	70.3621599999995	92.9705737949022	0.5401141518880015	4.77405422779255	157.9782893512902	0.46677908483554065	205.47137962824863	123.64927886337522
15	2	7.203333333333334	70.36215999999952	92.97022902806728	0.5401141518880013	4.774032382060902	157.4728492717216	0.46231500527389136	205.47137962824863	123.64888102929116
15	0	7.203333333333334	70.3621599999995	92.97000000000001	0.5401141518880013	4.774028242076171	157.37688066344091	0.4614706304235355	205.47137962824863	123.64880563575156
15	-2	7.203333333333334	70.36215999999952	92.96977097193277	0.5401141518880012	4.774032382060905	157.47284927172163	0.46231500527389136	205.47137962824863	123.6488810292912
15	-5	7.203333333333334	70.36215999999959	92.96942620509786	0.5401141518880008	4.7740542277925515	157.978289351291	0.466779084835554	205.47137962824863	123.64927886337536
15	-10	7.203333333333334	70.36215999999939	92.96884355848447	0.540114151888002	4.77413379461201	159.80571872933834	0.48315857235757903	205.47137962824863	123.6507278600602
15	-20	7.203333333333334	70.36215999999936	92.96761289912841	0.5401141518880012	4.774477983474416	167.4816491425593	0.5561431814025021	205.47137962824863	123.65699590651555
15	-40	7.203333333333334	70.36215999999978	92.96449676025028	0.5401141518879998	4.776418573879406	205.47137962824664	1.0265548675160088	205.47137962824863	123.69233612852238
10	40	7.203333333333334	70.36215999999932	92.97539772497349	0.3554281943387686	4.735302006696313	193.86209460210773	1.0068725145629147	193.8620946021116	82.48591237207597
10	20	7.203333333333334	70.36215999999953	92.9723413324832	0.35542819433876627	4.73343511760513	158.02926715722887	0.5454801309068604	193.8620946021116	82.46310223416198
10	10	7.203333333333334	70.36215999999949	92.97113426881853	0.35542819433876627	4.733104000626041	150.78832293797515	0.47389487116213225	193.8620946021116	82.45905656053603
10	5	7.203333333333334	70.36215999999955	92.97056279341149	0.35542819433876593	4.733027455659674	149.06441477669037	0.4578294310083974	193.8620946021116	82.45812131416942
10	2	7.203333333333334	70.36215999999955	92.97022463686385	0.3554281943387659	4.7330064396029154	148.58760467438773	0.45345094218552706	193.8620946021116	82.45786453450566
10	0	7.203333333333334	70.36215999999953	92.96999999999998	0.3554281943387658	4.7330024568498725	148.49707195936136	0.45262275671223257	193.8620946021116	82.45781587219003
10	-2	7.203333333333334	70.36215999999958	92.96977536313618	0.3554281943387662	4.733006439602917	148.58760467438776	0.45345094218552706	193.8620946021116	82.45786453450576
10	-5	7.203333333333334	70.3621599999995	92.96943720658855	0.3554281943387665	4.733027455659674	149.0644147766903	0.45782943100839746	193.8620946021116	82.4581213141694
10	-10	7.203333333333334	70.3621599999996	92.9688657311815	0.35542819433876577	4.733104000626045	150.78832293797404	0.47389487116212387	193.8620946021116	82.45905656053617
10	-20	7.203333333333334	70.36215999999953	92.96765866751682	0.3554281943387668	4.733435117605129	158.02926715722887	0.5454801309068604	193.8620946021116	82.46310223416202
10	-40	7.203333333333334	70.36215999999989	92.96460227502652	0.3554281943387659	4.73530200669634	193.86209460211066	1.00687251456296	193.8620946021116	82.4859123720768
5	40	7.203333333333334	70.3621599999994	92.97533602659468	0.17635382615406237	4.711628427500374	187.28065627840874	0.995363517328374	187.28065627840928	41.25532015147482
5	20	7.203333333333334	70.36215999999943	92.97231457001953	0.17635382615406145	4.709803973223373	152.67050645632412	0.5392450522575973	187.28065627840928	41.24413174707574
5	10	7.203333333333334	70.36215999999949	92.97112130362531	0.17635382615406076	4.709480382608628	145.6761491401193	0.46847804362655515	187.28065627840928	41.242147338530586
5	5	7.203333333333334	70.3621599999995	92.97055636043439	0.17635382615406073	4.709405577526779	144.01092588419138	0.4525962385444397	187.28065627840928	41.24168859888589
5	2	7.203333333333334	70.36215999999952	92.97022206916533	0.17635382615406098	4.709385039169772	143.5503457866349	0.4482677977812945	187.28065627840928	41.24156264810337
5	0	7.203333333333334	70.36215999999956	92.96999999999997	0.17635382615406092	4.709381146945619	143.4628946180617	0.44744907883352275	187.28065627840928	41.24153877916988
5	-2	7.203333333333334	70.36215999999953	92.9697779308347	0.17635382615406056	4.709385039169773	143.5503457866349	0.4482677977812945	187.28065627840928	41.24156264810336
5	-5	7.203333333333334	70.36215999999965	92.9694436395656	0.17635382615406048	4.709405577526781	144.01092588419215	0.45259623854445263	187.28065627840928	41.24168859888596
5	-10	7.203333333333334	70.36215999999959	92.9688786963747	0.17635382615406098	4.709480382608631	145.6761491401193	0.46847804362655526	187.28065627840928	41.242147338530685
5	-20	7.203333333333334	70.36215999999965	92.96768542998045	0.17635382615406014	4.709803973223382	152.67050645632585	0.5392450522575872	187.28065627840928	41.24413174707583
5	-40	7.203333333333334	70.36215999999969	92.96466397340531	0.17635382615406078	4.711628427500387	187.28065627840735	0.9953635173283314	187.28065627840928	41.25532015147496
2	40	7.203333333333334	70.36215999999908	92.97531896157018	0.0703909633993774	4.705128649556494	185.4869646839273	0.9921802680479809	185.4869646839277	16.503775676081318
2	20	7.203333333333334	70.36215999999952	92.97230716784614	0.07039096339937644	4.703315846110471	151.21002817577408	0.5375205049995034	185.4869646839277	16.49932414874084
2	10	7.203333333333334	70.36215999999945	92.97111771760986	0.07039096339937675	4.702994321921607	144.2828735746484	0.4669798147189222	185.4869646839277	16.498534612665928
2	5	7.203333333333334	70.36215999999952	92.97055458115085	0.07039096339937709	4.702919994539515	142.6336438529453	0.45114880087408454	185.4869646839277	16.498352094051356
2	2	7.203333333333334	70.36215999999952	92.97022135897102	0.0703909633993767	4.70289958733895	142.17748695946165	0.4468342027982987	185.4869646839277	16.498301982048588
2	0	7.203333333333334	70.36215999999953	92.97000000000003	0.07039096339937656	4.702895719970253	142.09087561264622	0.4460181021768311	185.4869646839277	16.498292485322654
2	-2	7.203333333333334	70.36215999999953	92.96977864102898	0.07039096339937695	4.7028995873389485	142.17748695946167	0.4468342027982988	185.4869646839277	16.498301982048606
2	-5	7.203333333333334	70.36215999999956	92.96944541884918	0.07039096339937653	4.70291999453952	142.6336438529453	0.45114880087408454	185.4869646839277	16.498352094051338
2	-10	7.203333333333334	70.36215999999963	92.96888228239018	0.07039096339937671	4.702994321921617	144.28287357464916	0.4669798147189354	185.4869646839277	16.498534612665996
2	-20	7.203333333333334	70.36215999999955	92.96769283215386	0.0703909633993767	4.703315846110471	151.21002817577212	0.537520504999489	185.4869646839277	16.499324148740865
2	-40	7.203333333333334	70.36215999999988	92.96468103842984	0.07039096339937646	4.705128649556537	185.48696468392737	0.992180268047982	185.4869646839277	16.503775676081545
0	40	7.203333333333334	70.36215999999938	92.9753157214025	0.0000000000000002524591114599475	4.703896876600801	185.14769119991092	0.9915758586364994	185.14769119991095	0.000000000000017763568394002505
0	20	7.203333333333334	70.3621599999995	92.97230576238182	0.00000000000000020196728916795766	4.702086281103804	150.9337807520286	0.5371930620312193	185.14769119991095	0.000000000000014210854715202004
0	10	7.203333333333334	70.36215999999946	92.97111703672648	0.00000000000000040393457833591557	4.701765148523323	144.01933734394672	0.46669534323316775	185.14769119991095	0.00000000000002842170943040401
0	5	7.203333333333334	70.36215999999955	92.97055424331494	0.000000000000000328196844897931	4.7016909116701155	142.3731327537507	0.4508739732142377	185.14769119991095	0.000000000000023092638912203256
0	2	7.203333333333334	70.36215999999952	92.97022122412511	0.000000000000000050491822291989404	4.701670529325007	141.91781249688327	0.44656200347501857	185.14769119991095	0.000000000000003552713678800501
0	0	7.203333333333334	70.36215999999952	92.97000000000006	0	4.701666666666668	141.83135999999908	0.4457463999999907	185.14769119991095	0
0	-2	7.203333333333334	70.36215999999953	92.96977877587491	-0.00000000000000017672137802196287	4.701670529325009	141.91781249688327	0.44656200347501845	185.14769119991095	-0.000000000000012434497875801753
0	-5	7.203333333333334	70.36215999999965	92.96944575668502	0.00000000000000020196728916795724	4.701690911670119	142.37313275375072	0.4508739732142377	185.14769119991095	0.000000000000014210854715202004
0	-10	7.203333333333334	70.36215999999956	92.96888296327353	0.000000000000000403934578335915	4.701765148523327	144.019337343944	0.4666953432331414	185.14769119991095	0.00000000000002842170943040401
0	-20	7.203333333333334	70.36215999999943	92.96769423761818	0.000000000000000050491822291989465	4.7020862811037984	150.9337807520286	0.5371930620312194	185.14769119991095	0.000000000000003552713678800501
0	-40	7.203333333333334	70.36215999999975	92.96468427859747	0.0000000000000003534427560439247	4.70389687660082	185.14769119990822	0.9915758586364555	185.14769119991095	0.000000000000024868995751603507
-2	40	7.203333333333334	70.36215999999908	92.9753189615702	-0.07039096339937698	4.705128649556495	185.48696468392652	0.9921802680479589	185.48696468392833	-16.503775676081293
-2	20	7.203333333333334	70.36215999999953	92.97230716784614	-0.07039096339937596	4.70331584611047	151.21002817577485	0.537520504999518	185.48696468392833	-16.499324148740804
-2	10	7.203333333333334	70.36215999999945	92.97111771760984	-0.07039096339937635	4.702994321921607	144.28287357464913	0.46697981471893546	185.48696468392833	-16.4985346126659
-2	5	7.203333333333334	70.36215999999952	92.97055458115085	-0.07039096339937673	4.702919994539516	142.63364385294605	0.45114880087409753	185.48696468392833	-16.498352094051338
-2	2	7.203333333333334	70.36215999999952	92.97022135897102	-0.07039096339937648	4.70289958733895	142.17748695946116	0.44683420279829017	185.48696468392833	-16.49830198204857
-2	0	7.203333333333334	70.36215999999953	92.97	-0.07039096339937655	4.702895719970254	142.09087561264622	0.4460181021768312	185.48696468392833	-16.498292485322654
-2	-2	7.203333333333334	70.36215999999952	92.969778641029	-0.07039096339937632	4.702899587338949	142.17748695946116	0.44683420279829017	185.48696468392833	-16.49830198204856
-2	-5	7.203333333333334	70.36215999999959	92.96944541884918	-0.07039096339937621	4.702919994539518	142.6336438529453	0.45114880087408454	185.48696468392833	-16.49835209405132
-2	-10	7.203333333333334	70.36215999999963	92.96888228239017	-0.07039096339937616	4.702994321921617	144.28287357464913	0.46697981471893546	185.48696468392833	-16.498534612665956
-2	-20	7.203333333333334	70.36215999999955	92.96769283215389	-0.07039096339937669	4.703315846110471	151.21002817577212	0.537520504999489	185.48696468392833	-16.499324148740865
-2	-40	7.203333333333334	70.36215999999989	92.96468103842983	-0.07039096339937594	4.705128649556536	185.4869646839273	0.9921802680479795	185.48696468392833	-16.50377567608151
-5	40	7.203333333333334	70.3621599999994	92.97533602659466	-0.1763538261540618	4.711628427500373	187.28065627840797	0.995363517328352	187.28065627841076	-41.25532015147477
-5	20	7.203333333333334	70.36215999999943	92.97231457001953	-0.1763538261540612	4.70980397322337	152.6705064563244	0.5392450522576019	187.28065627841076	-41.244131747075706
-5	10	7.203333333333334	70.3621599999995	92.9711213036253	-0.17635382615406048	4.709480382608627	145.6761491401193	0.46847804362655504	187.28065627841076	-41.24214733853057
-5	5	7.203333333333334	70.3621599999995	92.97055636043441	-0.17635382615406064	4.709405577526777	144.0109258841914	0.4525962385444397	187.28065627841076	-41.24168859888586
-5	2	7.203333333333334	70.36215999999953	92.97022206916532	-0.1763538261540606	4.709385039169773	143.55034578663464	0.44826779778129017	187.28065627841076	-41.24156264810336
-5	0	7.203333333333334	70.36215999999953	92.97000000000003	-0.17635382615406087	4.70938114694562	143.4628946180617	0.44744907883352275	187.28065627841076	-41.241538779169865
-5	-2	7.203333333333334	70.36215999999952	92.9697779308347	-0.17635382615406026	4.709385039169773	143.55034578663467	0.4482677977812903	187.28065627841076	-41.241562648103326
-5	-5	7.203333333333334	70.36215999999965	92.9694436395656	-0.17635382615406	4.709405577526782	144.01092588419138	0.4525962385444397	187.28065627841076	-41.241688598885936
-5	-10	7.203333333333334	70.36215999999959	92.9688786963747	-0.17635382615406056	4.709480382608632	145.6761491401185	0.4684780436265416	187.28065627841076	-41.24214733853066
-5	-20	7.203333333333334	70.36215999999965	92.96768542998045	-0.17635382615405965	4.709803973223382	152.6705064563263	0.5392450522575966	187.28065627841076	-41.24413174707579
-5	-40	7.203333333333334	70.36215999999969	92.96466397340531	-0.17635382615406045	4.711628427500388	187.28065627840803	0.9953635173283507	187.28065627841076	-41.25532015147493
-10	40	7.203333333333334	70.3621599999993	92.97539772497348	-0.3554281943387684	4.735302006696312	193.86209460210773	1.0068725145629147	193.8620946021123	-82.48591237207594
-10	20	7.203333333333334	70.36215999999953	92.97234133248318	-0.35542819433876593	4.733435117605131	158.0292671572297	0.5454801309068752	193.8620946021123	-82.46310223416197
-10	10	7.203333333333334	70.3621599999995	92.97113426881853	-0.35542819433876605	4.733104000626043	150.78832293797322	0.47389487116210094	193.8620946021123	-82.45905656053604
-10	5	7.203333333333334	70.36215999999952	92.97056279341155	-0.35542819433876593	4.733027455659676	149.06441477669117	0.45782943100841056	193.8620946021123	-82.4581213141694
-10	2	7.203333333333334	70.36215999999956	92.97022463686383	-0.3554281943387657	4.733006439602915	148.58760467438714	0.45345094218551857	193.8620946021123	-82.45786453450566
-10	0	7.203333333333334	70.36215999999953	92.96999999999998	-0.35542819433876566	4.733002456849873	148.4970719593614	0.4526227567122327	193.8620946021123	-82.45781587219003
-10	-2	7.203333333333334	70.36215999999958	92.96977536313618	-0.3554281943387656	4.7330064396029154	148.58760467438796	0.45345094218553167	193.8620946021123	-82.45786453450567
-10	-5	7.203333333333334	70.3621599999995	92.96943720658852	-0.3554281943387661	4.733027455659674	149.06441477669034	0.4578294310083975	193.8620946021123	-82.45812131416938
-10	-10	7.203333333333334	70.36215999999958	92.96886573118151	-0.3554281943387655	4.733104000626047	150.78832293797328	0.47389487116211026	193.8620946021123	-82.45905656053613
-10	-20	7.203333333333334	70.36215999999952	92.96765866751682	-0.35542819433876643	4.73343511760513	158.02926715722887	0.5454801309068604	193.8620946021123	-82.46310223416198
-10	-40	7.203333333333334	70.36215999999988	92.96460227502652	-0.35542819433876544	4.73530200669634	193.86209460210966	1.0068725145629351	193.8620946021123	-82.48591237207675
-15	40	7.203333333333334	70.3621599999993	92.97550323974971	-0.5401141518880026	4.776418573879382	205.4713796282484	1.026554867516039	205.47137962824868	-123.69233612852132
-15	20	7.203333333333334	70.36215999999962	92.97238710087161	-0.5401141518879998	4.774477983474431	167.48164914255727	0.5561431814024776	205.47137962824868	-123.65699590651619
-15	10	7.203333333333334	70.36215999999955	92.97115644151555	-0.540114151888001	4.774133794612018	159.80571872933925	0.4831585723575827	205.47137962824868	-123.65072786006057
-15	5	7.203333333333334	70.36215999999955	92.97057379490215	-0.5401141518880006	4.774054227792548	157.97828935129098	0.46677908483555414	205.47137962824868	-123.64927886337519
-15	2	7.203333333333334	70.36215999999952	92.97022902806724	-0.5401141518880008	4.774032382060901	157.4728492717207	0.4623150052738782	205.47137962824868	-123.64888102929112
-15	0	7.203333333333334	70.3621599999995	92.97	-0.5401141518880009	4.774028242076172	157.37688066344097	0.4614706304235354	205.47137962824868	-123.64880563575156
-15	-2	7.203333333333334	70.36215999999953	92.96977097193276	-0.540114151888001	4.774032382060904	157.47284927172072	0.4623150052738782	205.47137962824868	-123.6488810292912
-15	-5	7.203333333333334	70.36215999999959	92.96942620509786	-0.5401141518880007	4.7740542277925515	157.978289351291	0.466779084835554	205.47137962824868	-123.64927886337534
-15	-10	7.203333333333334	70.36215999999939	92.96884355848441	-0.5401141518880018	4.774133794612008	159.80571872933837	0.4831585723575789	205.47137962824868	-123.65072786006014
-15	-20	7.203333333333334	70.36215999999936	92.96761289912843	-0.5401141518880007	4.774477983474416	167.481649142558	0.556143181402481	205.47137962824868	-123.65699590651552
-15	-40	7.203333333333334	70.36215999999976	92.9644967602503	-0.5401141518879996	4.776418573879407	205.47137962824718	1.026554867516021	205.47137962824868	-123.69233612852237
-30	40	7.203333333333334	70.30775236792965	92.97596977320808	-1.1597675485830987	5.035174079811124	261.1951566615786	1.107626554461605	285.2112100562828	-247.62216016985732
-30	20	7.203333333333334	70.32904259167059	92.9725907227443	-1.1612988723812312	5.034905189126915	213.91000758086872	0.6032101010684413	285.2112100562828	-247.78095633428578
-30	10	7.203333333333334	70.33299579329335	92.9712550164827	-1.1615842333121091	5.034874720271272	204.02466468386558	0.5241075838332988	285.2112100562828	-247.81119402078713
-30	5	7.203333333333334	70.33390966272435	92.97062269703522	-1.1616501961974797	5.034867677213118	201.67294402262186	0.5063530326887312	285.2112100562828	-247.8181841265278
-30	2	7.203333333333334	70.33416057317274	92.97024854628225	-1.1616683065560196	5.0348657435149855	201.02260637479722	0.5015140584224532	285.2112100562828	-247.82010331816096
-30	0	7.203333333333334	70.33420812321327	92.97000000000001	-1.1616717386356075	5.034865377061395	200.89913140098093	0.5005987662525183	285.2112100562828	-247.82046702417847
-30	-2	7.203333333333334	70.33416057317278	92.96975145371778	-1.1616683065560185	5.034865743514985	201.02260637479895	0.5015140584224674	285.2112100562828	-247.820103318161
-30	-5	7.203333333333334	70.33390966272442	92.9693773029648	-1.1616501961974788	5.034867677213124	201.67294402262124	0.5063530326887309	285.2112100562828	-247.81818412652822
-30	-10	7.203333333333334	70.33299579329348	92.9687449835173	-1.1615842333121067	5.034874720271281	204.02466468386223	0.5241075838332826	285.2112100562828	-247.81119402078772
-30	-20	7.203333333333334	70.32904259167059	92.96740927725573	-1.161298872381231	5.0349051891269125	213.91000758086486	0.6032101010684086	285.2112100562828	-247.78095633428566
-30	-40	7.203333333333334	70.30775236792992	92.96403022679192	-1.1597675485830932	5.035174079811138	261.195156661574	1.1076265544615798	285.2112100562828	-247.62216016985843
-60	40	7.203333333333334	61.084842118202495	92.97578746166221	-2.565094156770975	5.767257328721829	156.47225469646628	0.9372299383523606	156.47225469647168	-383.4380102695493
-60	20	7.203333333333334	61.08484211820273	92.97251038577392	-2.5673703897952724	5.767257328721832	127.47192204777073	0.5077507847994799	156.47225469647168	-383.5075319370077
-60	10	7.203333333333334	61.08484211820274	92.9712161674287	-2.567774109226846	5.767257328721829	121.61783457211288	0.44111687871187516	156.47225469647168	-383.5198625058764
-60	5	7.203333333333334	61.08484211820278	92.9706034292797	-2.567867437845621	5.767257328721831	120.22438501984288	0.4261626404472925	156.47225469647168	-383.5227129878483
-60	2	7.203333333333334	61.08484211820281	92.9702408565171	-2.567893061993658	5.76725732872183	119.83899391946335	0.42208699953923556	156.47225469647168	-383.523495611367
-60	0	7.203333333333334	61.08484211820283	92.96999999999998	-2.567897918026099	5.76725732872183	119.76581998291125	0.4213160973556433	156.47225469647168	-383.5236439263547
-60	-2	7.203333333333334	61.084842118202815	92.96975914348292	-2.5678930619936557	5.767257328721832	119.83899391946477	0.42208699953925205	156.47225469647168	-383.52349561136714
-60	-5	7.203333333333334	61.0848421182028	92.96939657072032	-2.5678674378456208	5.767257328721832	120.22438501984374	0.4261626404472905	156.47225469647168	-383.5227129878485
-60	-10	7.203333333333334	61.08484211820287	92.9687838325713	-2.567774109226839	5.767257328721834	121.61783457211456	0.4411168787118873	156.47225469647168	-383.51986250587726
-60	-20	7.203333333333334	61.0848421182028	92.96748961422612	-2.567370389795267	5.767257328721833	127.47192204776943	0.5077507847994484	156.47225469647168	-383.507531937008
-60	-40	7.203333333333334	61.08484211820325	92.96421253833782	-2.5650941567709316	5.767257328721838	156.4722546964681	0.9372299383524103	156.47225469647168	-383.4380102695532
60	40	6.002777777777778	55.54269403940034	92.97636494480531	2.8902066208356905	5.693893516819094	156.4722546964706	0.9372299383524555	156.47225469647066	354.1490897199478
60	20	6.002777777777778	55.54269403940062	92.97276087649884	2.8927099804101246	5.693893516819099	127.4719220477726	0.5077507847994851	156.47225469647066	354.2186113874065
60	10	6.002777777777778	55.54269403940064	92.97133751876203	2.8931539836793974	5.693893516819098	121.61783457211436	0.4411168787118935	156.47225469647066	354.2309419562754
60	5	6.002777777777778	55.54269403940067	92.97066364051865	2.893256624792539	5.693893516819098	120.22438501984215	0.42616264044728186	156.47225469647066	354.23379243824724
60	2	6.002777777777778	55.54269403940068	92.97026488960564	2.8932848057633067	5.6938935168191	119.83899391946478	0.42208699953925355	156.47225469647066	354.23457506176584
60	0	6.002777777777778	55.54269403940071	92.96999999999998	2.8932901463392384	5.693893516819099	119.76581998291127	0.4213160973556432	156.47225469647066	354.2347233767535
60	-2	6.002777777777778	55.54269403940069	92.96973511039438	2.893284805763306	5.693893516819099	119.83899391946396	0.4220869995392477	156.47225469647066	354.2345750617659
60	-5	6.002777777777778	55.5426940394007	92.96933635948136	2.8932566247925364	5.6938935168191	120.22438501984129	0.42616264044727553	156.47225469647066	354.2337924382474
60	-10	6.002777777777778	55.5426940394008	92.96866248123798	2.893153983679387	5.6938935168191005	121.61783457211426	0.4411168787118937	156.47225469647066	354.2309419562763
60	-20	6.002777777777778	55.5426940394007	92.9672391235012	2.8927099804101197	5.693893516819098	127.47192204777032	0.5077507847994576	156.47225469647066	354.2186113874068
60	-40	6.002777777777778	55.542694039401134	92.96363505519469	2.890206620835645	5.693893516819105	156.47225469646997	0.9372299383524337	156.47225469647066	354.1490897199521
30	40	6.002777777777778	58.635133333332675	92.97736567963841	1.396541104631201	4.508103916130104	285.2112100562808	1.1449731778113843	285.2112100562819	203.08231710140342
30	20	6.002777777777778	58.635133333333016	92.97319495807639	1.3965411046311944	4.505206963334909	232.40194418492004	0.6202971179410247	285.2112100562819	202.99738549470095
30	10	6.002777777777778	58.63513333333288	92.97154781149132	1.3965411046311966	4.5046931512061406	221.73769169851252	0.538893364090421	285.2112100562819	202.9823217733613
30	5	6.002777777777778	58.63513333333293	92.97076798206506	1.3965411046311953	4.504574372241006	219.1990956311271	0.5206244196116875	285.2112100562819	202.97883946313243
30	2	6.002777777777778	58.63513333333296	92.97030653713962	1.3965411046311944	4.504541760488831	218.49697534204645	0.5156453858323062	285.2112100562819	202.97788336591398
30	0	6.002777777777778	58.635133333332945	92.97	1.3965411046311942	4.504535580235489	218.36366366808053	0.5147036080606026	285.2112100562819	202.97770217592455
30	-2	6.002777777777778	58.63513333333298	92.96969346286036	1.396541104631194	4.504541760488833	218.49697534204645	0.5156453858323063	285.2112100562819	202.97788336591412
30	-5	6.002777777777778	58.63513333333297	92.96923201793496	1.3965411046311946	4.504574372241006	219.19909563112705	0.5206244196116874	285.2112100562819	202.97883946313257
30	-10	6.002777777777778	58.63513333333305	92.96845218850866	1.3965411046311924	4.504693151206148	221.737691698511	0.5388933640903978	285.2112100562819	202.98232177336186
30	-20	6.002777777777778	58.63513333333296	92.96680504192362	1.396541104631194	4.505206963334905	232.40194418492004	0.6202971179410308	285.2112100562819	202.9973854947006
30	-40	6.002777777777778	58.63513333333337	92.96263432036157	1.3965411046311846	4.508103916130135	285.2112100562819	1.144973177811397	285.2112100562819	203.0823171014059
15	40	6.002777777777778	58.63513333333272	92.97660388769967	0.6481369822656055	4.19109117754415	205.47137962824863	1.0265548675160494	205.47137962824863	100.31219257705891
15	20	6.002777777777778	58.63513333333305	92.9728645210459	0.6481369822656	4.1887624690582035	167.48164914255844	0.5561431814024855	205.47137962824863	100.27685235505358
15	10	6.002777777777778	58.635133333333	92.97138772981867	0.6481369822656012	4.188349442423313	159.80571872933845	0.48315857235757903	205.47137962824863	100.27058430859805
15	5	6.002777777777778	58.63513333333292	92.97068855388258	0.648136982265602	4.188253962239949	157.9782893512899	0.4667790848355478	205.47137962824863	100.26913531191262
15	2	6.002777777777778	58.635133333332945	92.9702748336807	0.6481369822656012	4.188227747361972	157.47284927171975	0.462315005273872	205.47137962824863	100.26873747782857
15	0	6.002777777777778	58.635133333332924	92.96999999999998	0.6481369822656017	4.188222779380294	157.37688066344091	0.4614706304235354	205.47137962824863	100.26866208428898
15	-2	6.002777777777778	58.635133333332945	92.96972516631931	0.6481369822656015	4.188227747361973	157.4728492717209	0.4623150052738781	205.47137962824863	100.2687374778286
15	-5	6.002777777777778	58.63513333333298	92.96931144611742	0.648136982265601	4.18825396223995	157.97828935128913	0.46677908483553443	205.47137962824863	100.2691353119127
15	-10	6.002777777777778	58.6351333333329	92.96861227018131	0.648136982265602	4.188349442423305	159.80571872933922	0.4831585723575928	205.47137962824863	100.27058430859779
15	-20	6.002777777777778	58.635133333332696	92.9671354789541	0.6481369822656032	4.188762469058187	167.4816491425573	0.5561431814024775	205.47137962824863	100.2768523550529
15	-40	6.002777777777778	58.63513333333308	92.96339611230036	0.6481369822656006	4.191091177544169	205.47137962824738	1.0265548675160112	205.47137962824863	100.31219257705953
10	40	6.002777777777778	58.635133333332874	92.97647726996819	0.4265138332065204	4.141751296924474	193.8620946021094	1.0068725145629474	193.8620946021116	66.79958867169103
10	20	6.002777777777778	58.63513333333302	92.97280959897985	0.4265138332065191	4.13951103001505	158.02926715722884	0.5454801309068602	193.8620946021116	66.77677853377699
10	10	6.002777777777778	58.63513333333289	92.97136112258224	0.42651383320652003	4.139113689640138	150.78832293797498	0.4738948711621298	193.8620946021116	66.77273286015092
10	5	6.002777777777778	58.635133333332924	92.97067535209378	0.42651383320651975	4.139021835680497	149.06441477669108	0.45782943100841056	193.8620946021116	66.77179761378429
10	2	6.002777777777778	58.63513333333295	92.97026956423659	0.4265138332065193	4.138996616412385	148.5876046743886	0.4534509421855413	193.8620946021116	66.77154083412053
10	0	6.002777777777778	58.635133333332924	92.97000000000001	0.42651383320651914	4.138991837108738	148.49707195936136	0.4526227567122327	193.8620946021116	66.77149217180492
10	-2	6.002777777777778	58.63513333333297	92.96973043576344	0.42651383320651903	4.1389966164123875	148.58760467438753	0.45345094218553533	193.8620946021116	66.77154083412057
10	-5	6.002777777777778	58.63513333333294	92.96932464790622	0.42651383320651975	4.139021835680497	149.06441477669105	0.4578294310084106	193.8620946021116	66.7717976137843
10	-10	6.002777777777778	58.63513333333295	92.96863887741776	0.4265138332065198	4.13911368964014	150.7883229379739	0.47389487116212264	193.8620946021116	66.77273286015101
10	-20	6.002777777777778	58.63513333333283	92.96719040102016	0.4265138332065211	4.139511030015039	158.0292671572289	0.5454801309068606	193.8620946021116	66.77677853377678
10	-40	6.002777777777778	58.635133333333116	92.96352273003185	0.42651383320651837	4.141751296924487	193.8620946021105	1.0068725145629591	193.8620946021116	66.79958867169132
5	40	6.002777777777778	58.63513333333281	92.97640323191362	0.21162459138487472	4.113343001889337	187.28065627840803	0.9953635173283523	187.28065627840928	33.382198697188336
5	20	6.002777777777778	58.63513333333283	92.97277748402341	0.21162459138487338	4.111153656756934	152.6705064563244	0.539245052257592	187.28065627840928	33.37101029278923
5	10	6.002777777777778	58.63513333333287	92.97134556435036	0.211624591384873	4.11076534801924	145.67614914011963	0.46847804362654905	187.28065627840928	33.36902588424409
5	5	6.002777777777778	58.63513333333295	92.97066763252126	0.21162459138487286	4.110675581921021	144.0109258841907	0.4525962385444267	187.28065627840928	33.36856714459941
5	2	6.002777777777778	58.635133333332945	92.9702664829984	0.2116245913848729	4.110650935892616	143.5503457866359	0.4482677977813003	187.28065627840928	33.3684411938169
5	0	6.002777777777778	58.635133333332945	92.97000000000001	0.21162459138487302	4.110646265223631	143.46289461806168	0.4474490788335228	187.28065627840928	33.36841732488338
5	-2	6.002777777777778	58.635133333332924	92.96973351700163	0.21162459138487302	4.110650935892616	143.5503457866359	0.4482677977813004	187.28065627840928	33.36844119381689
5	-5	6.002777777777778	58.63513333333301	92.96933236747871	0.2116245913848723	4.110675581921025	144.01092588419073	0.45259623854442665	187.28065627840928	33.36856714459943
5	-10	6.002777777777778	58.63513333333294	92.96865443564967	0.2116245913848726	4.1107653480192425	145.67614914011966	0.4684780436265492	187.28065627840928	33.369025884244124
5	-20	6.002777777777778	58.63513333333298	92.96722251597654	0.21162459138487227	4.111153656756941	152.67050645632443	0.5392450522575921	187.28065627840928	33.371010292789286
5	-40	6.002777777777778	58.63513333333311	92.96359676808638	0.21162459138487366	4.113343001889352	187.28065627840706	0.9953635173283417	187.28065627840928	33.38219869718852
2	40	6.002777777777778	58.63513333333266	92.97638275388421	0.08446915607925255	4.105543268356695	185.48696468392623	0.9921802680479693	185.4869646839277	13.351166707699383
2	20	6.002777777777778	58.63513333333284	92.97276860141534	0.08446915607925182	4.1033679042214475	151.21002817577377	0.5375205049995099	185.4869646839277	13.346715180358824
2	10	6.002777777777778	58.635133333332945	92.9713412611318	0.08446915607925196	4.102982075194822	144.28287357464444	0.4669798147188957	185.4869646839277	13.345925644283964
2	5	6.002777777777778	58.63513333333294	92.97066549738098	0.08446915607925229	4.102892882336308	142.63364385294707	0.4511488008741047	185.4869646839277	13.345743125669362
2	2	6.002777777777778	58.635133333332945	92.9702656307652	0.08446915607925215	4.102868393695629	142.17748695946105	0.4468342027982886	185.4869646839277	13.345693013666612
2	0	6.002777777777778	58.635133333332945	92.96999999999997	0.08446915607925233	4.1028637528531915	142.09087561264622	0.4460181021768312	185.4869646839277	13.34568351694069
2	-2	6.002777777777778	58.635133333332945	92.96973436923479	0.08446915607925225	4.102868393695629	142.17748695946108	0.4468342027982886	185.4869646839277	13.345693013666617
2	-5	6.002777777777778	58.63513333333296	92.96933450261902	0.08446915607925186	4.1028928823363096	142.6336438529468	0.45114880087411185	185.4869646839277	13.345743125669344
2	-10	6.002777777777778	58.63513333333303	92.9686587388682	0.08446915607925212	4.102982075194825	144.28287357464717	0.4669798147189222	185.4869646839277	13.345925644284
2	-20	6.002777777777778	58.635133333333094	92.96723139858464	0.08446915607925194	4.103367904221461	151.2100281757748	0.5375205049995179	185.4869646839277	13.346715180358915
2	-40	6.002777777777778	58.63513333333355	92.96361724611579	0.08446915607925105	4.10554326835674	185.48696468392697	0.99218026804799	185.4869646839277	13.35116670769959
0	40	6.002777777777778	58.63513333333287	92.976378865683	-0.00000000000000003029509337519368	4.1040651408098565	185.14769119991095	0.9915758586364993	185.14769119991095	-0.0000000000000017763568394002505
0	20	6.002777777777778	58.635133333332924	92.97276691485818	0.0000000000000001211803735007746	4.101892426213451	150.93378075202858	0.5371930620312192	185.14769119991095	0.000000000000007105427357601002
0	10	6.002777777777778	58.635133333332895	92.9713404440718	0.0000000000000001514754668759683	4.10150706711688	144.01933734394402	0.4666953432331413	185.14769119991095	0.000000000000008881784197001252
0	5	6.002777777777778	58.635133333332924	92.97066509197796	0.00000000000000021206565362635553	4.101417982893026	142.37313275375072	0.4508739732142377	185.14769119991095	0.000000000000012434497875801753
0	2	6.002777777777778	58.63513333333291	92.97026546895016	0.000000000000000030295093375193654	4.101393524078896	141.91781249688054	0.44656200347499286	185.14769119991095	0.0000000000000017763568394002505
0	0	6.002777777777778	58.63513333333293	92.97000000000001	0.00000000000000012118037350077457	4.10138888888889	141.83135999999908	0.4457463999999908	185.14769119991095	0.000000000000007105427357601002
0	-2	6.002777777777778	58.63513333333296	92.96973453104987	0.00000000000000012118037350077452	4.1013935240788975	141.91781249688054	0.4465620034749928	185.14769119991095	0.000000000000007105427357601002
0	-5	6.002777777777778	58.63513333333299	92.969334908022	0.00000000000000003029509337519362	4.101417982893029	142.37313275375072	0.4508739732142377	185.14769119991095	0.0000000000000017763568394002505
0	-10	6.002777777777778	58.63513333333294	92.96865955592824	0.00000000000000018177056025116184	4.101507067116881	144.01933734394433	0.4666953432331525	185.14769119991095	0.000000000000010658141036401503
0	-20	6.002777777777778	58.635133333332845	92.96723308514181	0.0000000000000002726558403767432	4.101892426213447	150.93378075202858	0.5371930620312192	185.14769119991095	0.000000000000015987211554602254
0	-40	6.002777777777778	58.63513333333307	92.96362113431698	0	4.104065140809867	185.14769119991095	0.9915758586364994	185.14769119991095	0
-2	40	6.002777777777778	58.635133333332654	92.97638275388424	-0.08446915607925223	4.105543268356698	185.4869646839263	0.9921802680479704	185.48696468392833	-13.351166707699367
-2	20	6.002777777777778	58.635133333332845	92.97276860141532	-0.08446915607925178	4.1033679042214475	151.21002817577386	0.5375205049995118	185.48696468392833	-13.346715180358823
-2	10	6.002777777777778	58.635133333332924	92.97134126113181	-0.08446915607925173	4.102982075194822	144.28287357464444	0.4669798147188957	185.48696468392833	-13.345925644283945
-2	5	6.002777777777778	58.635133333332945	92.97066549738102	-0.08446915607925184	4.102892882336308	142.6336438529477	0.4511488008741162	185.48696468392833	-13.345743125669337
-2	2	6.002777777777778	58.635133333332945	92.9702656307652	-0.08446915607925176	4.102868393695627	142.1774869594603	0.44683420279827435	185.48696468392833	-13.345693013666583
-2	0	6.002777777777778	58.63513333333294	92.97	-0.08446915607925196	4.102863752853192	142.0908756126462	0.4460181021768312	185.48696468392833	-13.34568351694067
-2	-2	6.002777777777778	58.63513333333294	92.9697343692348	-0.08446915607925186	4.102868393695629	142.17748695946034	0.44683420279827435	185.48696468392833	-13.345693013666592
-2	-5	6.002777777777778	58.635133333332945	92.96933450261902	-0.08446915607925164	4.1028928823363096	142.63364385294597	0.45114880087409603	185.48696468392833	-13.345743125669328
-2	-10	6.002777777777778	58.63513333333302	92.96865873886821	-0.0844691560792517	4.102982075194825	144.28287357464714	0.4669798147189222	185.48696468392833	-13.345925644283975
-2	-20	6.002777777777778	58.63513333333309	92.96723139858463	-0.08446915607925155	4.10336790422146	151.21002817577482	0.5375205049995181	185.48696468392833	-13.346715180358888
-2	-40	6.002777777777778	58.63513333333355	92.96361724611579	-0.0844691560792508	4.105543268356742	185.48696468392703	0.9921802680479938	185.48696468392833	-13.351166707699578
-5	40	6.002777777777778	58.635133333332796	92.97640323191361	-0.21162459138487427	4.113343001889337	187.28065627840803	0.995363517328352	187.28065627841076	-33.3821986971883
-5	20	6.002777777777778	58.635133333332824	92.97277748402342	-0.2116245913848731	4.111153656756935	152.67050645632443	0.5392450522575921	187.28065627841076	-33.371010292789215
-5	10	6.002777777777778	58.63513333333287	92.97134556435034	-0.21162459138487272	4.11076534801924	145.67614914011955	0.4684780436265477	187.28065627841076	-33.36902588424407
-5	5	6.002777777777778	58.635133333332945	92.9706676325213	-0.2116245913848728	4.110675581921022	144.0109258841907	0.45259623854442665	187.28065627841076	-33.36856714459942
-5	2	6.002777777777778	58.63513333333295	92.97026648299837	-0.21162459138487252	4.110650935892616	143.55034578663643	0.4482677977813104	187.28065627841076	-33.368441193816885
-5	0	6.002777777777778	58.63513333333295	92.97000000000001	-0.2116245913848727	4.110646265223631	143.4628946180617	0.44744907883352275	187.28065627841076	-33.36841732488337
-5	-2	6.002777777777778	58.63513333333294	92.96973351700163	-0.2116245913848725	4.110650935892616	143.55034578663643	0.4482677977813103	187.28065627841076	-33.36844119381687
-5	-5	6.002777777777778	58.635133333333	92.96933236747873	-0.21162459138487227	4.110675581921026	144.0109258841907	0.4525962385444267	187.28065627841076	-33.36856714459943
-5	-10	6.002777777777778	58.635133333332945	92.96865443564964	-0.2116245913848725	4.110765348019244	145.67614914012097	0.4684780436265741	187.28065627841076	-33.369025884244124
-5	-20	6.002777777777778	58.63513333333297	92.96722251597659	-0.21162459138487205	4.111153656756942	152.67050645632443	0.5392450522575921	187.28065627841076	-33.37101029278928
-5	-40	6.002777777777778	58.6351333333331	92.96359676808638	-0.21162459138487358	4.113343001889352	187.28065627840633	0.9953635173283187	187.28065627841076	-33.38219869718851
-10	40	6.002777777777778	58.63513333333288	92.97647726996817	-0.42651383320652003	4.141751296924474	193.86209460210875	1.0068725145629265	193.8620946021123	-66.79958867169101
-10	20	6.002777777777778	58.63513333333303	92.97280959897982	-0.42651383320651876	4.13951103001505	158.0292671572289	0.545480130906861	193.8620946021123	-66.77677853377698
-10	10	6.002777777777778	58.63513333333289	92.97136112258222	-0.4265138332065195	4.139113689640138	150.7883229379751	0.4738948711621315	193.8620946021123	-66.77273286015088
-10	5	6.002777777777778	58.63513333333292	92.9706753520938	-0.42651383320651914	4.139021835680497	149.06441477669034	0.45782943100839746	193.8620946021123	-66.77179761378424
-10	2	6.002777777777778	58.63513333333296	92.97026956423657	-0.42651383320651926	4.138996616412385	148.5876046743879	0.4534509421855299	193.8620946021123	-66.77154083412054
-10	0	6.002777777777778	58.63513333333292	92.97000000000003	-0.42651383320651887	4.138991837108739	148.49707195936136	0.45262275671223257	193.8620946021123	-66.77149217180491
-10	-2	6.002777777777778	58.63513333333297	92.9697304357634	-0.4265138332065189	4.138996616412387	148.5876046743868	0.45345094218552234	193.8620946021123	-66.77154083412056
-10	-5	6.002777777777778	58.635133333332924	92.96932464790625	-0.4265138332065194	4.139021835680498	149.06441477669034	0.4578294310083973	193.8620946021123	-66.77179761378427
-10	-10	6.002777777777778	58.635133333332924	92.96863887741782	-0.42651383320651953	4.139113689640141	150.7883229379741	0.47389487116212575	193.8620946021123	-66.77273286015095
-10	-20	6.002777777777778	58.63513333333283	92.96719040102019	-0.4265138332065208	4.139511030015038	158.0292671572286	0.5454801309068519	193.8620946021123	-66.77677853377675
-10	-40	6.002777777777778	58.635133333333144	92.96352273003184	-0.42651383320651814	4.141751296924488	193.8620946021105	1.0068725145629591	193.8620946021123	-66.79958867169134
-15	40	6.002777777777778	58.63513333333271	92.97660388769968	-0.6481369822656051	4.19109117754415	205.47137962824726	1.0265548675160128	205.47137962824868	-100.31219257705887
-15	20	6.002777777777778	58.635133333333066	92.97286452104589	-0.6481369822655993	4.1887624690582035	167.48164914255838	0.5561431814024841	205.47137962824868	-100.27685235505356
-15	10	6.002777777777778	58.635133333332995	92.97138772981867	-0.648136982265601	4.188349442423311	159.80571872933845	0.4831585723575791	205.47137962824868	-100.27058430859799
-15	5	6.002777777777778	58.63513333333293	92.97068855388257	-0.6481369822656015	4.188253962239948	157.97828935128982	0.46677908483554625	205.47137962824868	-100.2691353119126
-15	2	6.002777777777778	58.63513333333293	92.9702748336807	-0.648136982265601	4.188227747361974	157.47284927172043	0.46231500527388364	205.47137962824868	-100.26873747782855
-15	0	6.002777777777778	58.63513333333291	92.97	-0.6481369822656016	4.188222779380294	157.37688066344091	0.4614706304235354	205.47137962824868	-100.26866208428893
-15	-2	6.002777777777778	58.635133333332945	92.96972516631931	-0.6481369822656011	4.188227747361972	157.47284927172169	0.4623150052738915	205.47137962824868	-100.26873747782857
-15	-5	6.002777777777778	58.635133333332966	92.96931144611742	-0.6481369822656009	4.18825396223995	157.97828935128982	0.46677908483554625	205.47137962824868	-100.26913531191268
-15	-10	6.002777777777778	58.635133333332895	92.96861227018131	-0.6481369822656018	4.188349442423306	159.80571872933845	0.4831585723575789	205.47137962824868	-100.27058430859778
-15	-20	6.002777777777778	58.63513333333269	92.96713547895412	-0.6481369822656028	4.188762469058187	167.48164914255727	0.5561431814024775	205.47137962824868	-100.27685235505287
-15	-40	6.002777777777778	58.635133333333094	92.96339611230033	-0.6481369822656001	4.191091177544169	205.47137962824718	1.026554867516007	205.47137962824868	-100.31219257705952
-30	40	6.002777777777778	58.635133333332675	92.97736567963841	-1.396541104631201	4.508103916130104	285.21121005627924	1.1449731778113592	285.2112100562828	-203.08231710140342
-30	20	6.002777777777778	58.635133333333	92.97319495807639	-1.396541104631194	4.50520696333491	232.4019441849213	0.6202971179410443	285.2112100562828	-202.99738549470092
-30	10	6.002777777777778	58.63513333333288	92.97154781149135	-1.3965411046311962	4.5046931512061406	221.73769169851224	0.5388933640904131	285.2112100562828	-202.98232177336126
-30	5	6.002777777777778	58.63513333333293	92.97076798206503	-1.3965411046311949	4.504574372241005	219.19909563112697	0.5206244196116875	285.2112100562828	-202.9788394631324
-30	2	6.002777777777778	58.63513333333296	92.97030653713963	-1.3965411046311942	4.504541760488831	218.49697534204537	0.5156453858322915	285.2112100562828	-202.97788336591398
-30	0	6.002777777777778	58.63513333333295	92.96999999999998	-1.3965411046311942	4.504535580235488	218.36366366808053	0.5147036080606027	285.2112100562828	-202.97770217592455
-30	-2	6.002777777777778	58.63513333333297	92.96969346286039	-1.3965411046311933	4.5045417604888325	218.49697534204543	0.5156453858322915	285.2112100562828	-202.97788336591404
-30	-5	6.002777777777778	58.63513333333296	92.96923201793498	-1.3965411046311937	4.504574372241007	219.19909563112694	0.5206244196116875	285.2112100562828	-202.9788394631325
-30	-10	6.002777777777778	58.63513333333305	92.96845218850865	-1.3965411046311924	4.5046931512061485	221.73769169851104	0.5388933640903978	285.2112100562828	-202.9823217733619
-30	-20	6.002777777777778	58.63513333333295	92.96680504192362	-1.3965411046311946	4.505206963334906	232.40194418492203	0.6202971179410541	285.2112100562828	-202.99738549470067
-30	-40	6.002777777777778	58.63513333333335	92.96263432036157	-1.3965411046311844	4.508103916130133	285.2112100562828	1.14497317781142	285.2112100562828	-203.08231710140575
-60	40	6.002777777777778	55.542694039400324	92.97636494480534	-2.8902066208356914	5.693893516819094	156.47225469647023	0.9372299383524375	156.47225469647168	-354.1490897199477
-60	20	6.002777777777778	55.54269403940061	92.97276087649882	-2.8927099804101255	5.693893516819099	127.47192204777254	0.507750784799485	156.47225469647168	-354.21861138740644
-60	10	6.002777777777778	55.54269403940064	92.971337518762	-2.893153983679396	5.6938935168191	121.61783457211376	0.4411168787118816	156.47225469647168	-354.23094195627544
-60	5	6.002777777777778	55.54269403940069	92.97066364051862	-2.893256624792537	5.693893516819098	120.2243850198422	0.42616264044728186	156.47225469647168	-354.23379243824724
-60	2	6.002777777777778	55.54269403940068	92.97026488960562	-2.8932848057633063	5.693893516819097	119.83899391946366	0.42208699953923007	156.47225469647168	-354.23457506176567
-60	0	6.002777777777778	55.5426940394007	92.97000000000001	-2.893290146339239	5.693893516819098	119.76581998291127	0.4213160973556433	156.47225469647168	-354.23472337675344
-60	-2	6.002777777777778	55.542694039400686	92.96973511039441	-2.8932848057633076	5.693893516819099	119.83899391946393	0.4220869995392476	156.47225469647168	-354.2345750617659
-60	-5	6.002777777777778	55.542694039400715	92.96933635948135	-2.893256624792536	5.6938935168191	120.22438501984135	0.42616264044727625	156.47225469647168	-354.23379243824746
-60	-10	6.002777777777778	55.54269403940081	92.968662481238	-2.893153983679388	5.693893516819101	121.61783457211433	0.4411168787118931	156.47225469647168	-354.2309419562764
-60	-20	6.002777777777778	55.54269403940071	92.96723912350119	-2.89270998041012	5.693893516819099	127.4719220477704	0.5077507847994577	156.47225469647168	-354.21861138740695
-60	-40	6.002777777777778	55.54269403940114	92.96363505519467	-2.8902066208356434	5.693893516819107	156.4722546964694	0.9372299383524186	156.47225469647168	-354.1490897199522
60	40	4.802222222222222	50.00054596059829	92.97707044643431	3.210562184225495	5.604266158133862	156.4722546964687	0.9372299383524054	156.47225469647066	322.93942393682323
60	20	4.802222222222222	50.000545960598586	92.97306689688499	3.2133430205592224	5.604266158133868	127.47192204777237	0.5077507847994923	156.47225469647066	323.0089456042821
60	10	4.802222222222222	50.00054596059851	92.97148577168396	3.213836237928436	5.604266158133866	121.61783457211494	0.441116878711906	156.47225469647066	323.02127617315045
60	5	4.802222222222222	50.00054596059859	92.97073719959594	3.213950255962308	5.604266158133867	120.22438501984364	0.4261626404473006	156.47225469647066	323.02412665512253
60	2	4.802222222222222	50.00054596059858	92.9702942504334	3.2139815605612316	5.604266158133866	119.83899391946395	0.4220869995392477	156.47225469647066	323.024909278641
60	0	4.802222222222222	50.000545960598586	92.97	3.213987493095953	5.604266158133868	119.7658199829112	0.42131609735564307	156.47225469647066	323.0250575936287
60	-2	4.802222222222222	50.0005459605986	92.9697057495666	3.2139815605612294	5.604266158133867	119.83899391946392	0.4220869995392476	156.47225469647066	323.02490927864113
60	-5	4.802222222222222	50.00054596059862	92.96926280040404	3.2139502559623057	5.6042661581338695	120.22438501984362	0.42616264044730046	156.47225469647066	323.02412665512276
60	-10	4.802222222222222	50.00054596059864	92.96851422831605	3.21383623792843	5.60426615813387	121.61783457211435	0.4411168787118938	156.47225469647066	323.0212761731514
60	-20	4.802222222222222	50.0005459605986	92.966933103115	3.2133430205592206	5.604266158133866	127.47192204777231	0.5077507847994923	156.47225469647066	323.0089456042821
60	-40	4.802222222222222	50.000545960598934	92.96292955356569	3.2105621842254575	5.604266158133874	156.47225469646833	0.9372299383524146	156.47225469647066	322.9394239368269
30	40	4.802222222222222	46.9081066666662	92.97920709954802	1.7456763807889992	4.009504895162637	285.211210056279	1.1449731778113719	285.2112100562819	164.95482165140413
30	20	4.802222222222222	46.908106666666335	92.97399369759549	1.7456763807889946	4.005883704168631	232.40194418492015	0.6202971179410309	285.2112100562819	164.8698900447008
30	10	4.802222222222222	46.9081066666663	92.97193476436418	1.745676380788996	4.005241439007675	221.73769169851087	0.5388933640903978	285.2112100562819	164.85482632336155
30	5	4.802222222222222	46.908106666666335	92.9709599775813	1.7456763807889946	4.005092965301256	219.1990956311296	0.5206244196117092	285.2112100562819	164.85134401313266
30	2	4.802222222222222	46.908106666666356	92.97038317142453	1.7456763807889926	4.005052200611037	218.49697534204805	0.5156453858323142	285.2112100562819	164.85038791591415
30	0	4.802222222222222	46.90810666666636	92.97000000000001	1.745676380788993	4.005044475294361	218.36366366808045	0.5147036080606026	285.2112100562819	164.85020672592486
30	-2	4.802222222222222	46.908106666666406	92.96961682857547	1.745676380788991	4.00505220061104	218.49697534204645	0.5156453858323063	285.2112100562819	164.85038791591433
30	-5	4.802222222222222	46.908106666666406	92.96904002241871	1.745676380788992	4.005092965301257	219.19909563112972	0.5206244196117095	285.2112100562819	164.85134401313283
30	-10	4.802222222222222	46.908106666666434	92.9680652356358	1.7456763807889915	4.005241439007682	221.73769169851096	0.5388933640903979	285.2112100562819	164.854826323362
30	-20	4.802222222222222	46.90810666666623	92.96600630240452	1.7456763807889977	4.005883704168627	232.40194418491794	0.6202971179410308	285.2112100562819	164.8698900447005
30	-40	4.802222222222222	46.90810666666651	92.960792900452	1.7456763807889866	4.009504895162651	285.21121005627896	1.144973177811358	285.2112100562819	164.95482165140507
15	40	4.802222222222222	46.908106666666015	92.97825485962457	0.8101712278320096	3.6132389719301856	205.47137962824732	1.026554867516011	205.47137962824863	80.57594864801952
15	20	4.802222222222222	46.90810666666642	92.97358065130739	0.8101712278320002	3.6103280863227516	167.4816491425569	0.5561431814024845	205.47137962824863	80.5406084260142
15	10	4.802222222222222	46.90810666666636	92.97173466227333	0.8101712278320021	3.6098118030291375	159.80571872933916	0.4831585723575927	205.47137962824863	80.53434037955867
15	5	4.802222222222222	46.90810666666634	92.97086069235321	0.810171227832002	3.609692452799935	157.97828935128913	0.4667790848355345	205.47137962824863	80.53289138287334
15	2	4.802222222222222	46.908106666666356	92.97034354210088	0.8101712278320017	3.6096596842024655	157.47284927171864	0.46231500527386465	205.47137962824863	80.5324935487893
15	0	4.802222222222222	46.908106666666356	92.96999999999998	0.8101712278320018	3.6096534742253685	157.37688066344094	0.4614706304235354	205.47137962824863	80.53241815524973
15	-2	4.802222222222222	46.908106666666356	92.9696564578991	0.8101712278320015	3.6096596842024646	157.47284927171862	0.46231500527386477	205.47137962824863	80.53249354878928
15	-5	4.802222222222222	46.908106666666406	92.96913930764681	0.8101712278320009	3.609692452799939	157.97828935129104	0.46677908483555414	205.47137962824863	80.53289138287344
15	-10	4.802222222222222	46.90810666666631	92.96826533772669	0.8101712278320026	3.609811803029134	159.80571872933848	0.4831585723575791	205.47137962824863	80.53434037955857
15	-20	4.802222222222222	46.90810666666618	92.96641934869264	0.8101712278320032	3.61032808632274	167.48164914255727	0.5561431814024775	205.47137962824863	80.54060842601379
15	-40	4.802222222222222	46.90810666666656	92.96174514037544	0.810171227831999	3.6132389719302123	205.471379628246	1.0265548675159966	205.47137962824863	80.57594864802032
10	40	4.802222222222222	46.9081066666662	92.97809658746023	0.5331422915081514	3.551564121155589	193.8620946021094	1.0068725145629476	193.8620946021116	53.55804846389768
10	20	4.802222222222222	46.908106666666384	92.97351199872479	0.5331422915081492	3.548763787518807	158.02926715723063	0.545480130906883	193.8620946021116	53.53523832598364
10	10	4.802222222222222	46.908106666666335	92.97170140322777	0.5331422915081497	3.5482671120501736	150.78832293797612	0.4738948711621373	193.8620946021116	53.53119265235769
10	5	4.802222222222222	46.908106666666356	92.97084419011722	0.5331422915081495	3.5481522946006203	149.0644147766914	0.45782943100840345	193.8620946021116	53.53025740599103
10	2	4.802222222222222	46.90810666666634	92.97033695529575	0.5331422915081493	3.548120770515481	148.58760467438682	0.45345094218552234	193.8620946021116	53.53000062632725
10	0	4.802222222222222	46.908106666666356	92.97000000000001	0.5331422915081491	3.5481147963859243	148.49707195936142	0.4526227567122327	193.8620946021116	53.5299519640117
10	-2	4.802222222222222	46.908106666666384	92.96966304470426	0.5331422915081492	3.5481207705154825	148.58760467438682	0.45345094218552234	193.8620946021116	53.53000062632731
10	-5	4.802222222222222	46.90810666666634	92.96915580988276	0.5331422915081496	3.548152294600622	149.06441477669142	0.45782943100840345	193.8620946021116	53.53025740599104
10	-10	4.802222222222222	46.90810666666639	92.96829859677223	0.5331422915081493	3.548267112050177	150.7883229379761	0.4738948711621373	193.8620946021116	53.53119265235776
10	-20	4.802222222222222	46.908106666666264	92.96648800127522	0.5331422915081512	3.548763787518802	158.02926715722887	0.5454801309068603	193.8620946021116	53.53523832598355
10	-40	4.802222222222222	46.90810666666678	92.9619034125398	0.5331422915081463	3.5515641211556175	193.8620946021105	1.0068725145629591	193.8620946021116	53.55804846389833
5	40	4.802222222222222	46.90810666666621	92.97800403989206	0.2645307392310936	3.5160537523616737	187.2806562784081	0.995363517328352	187.28065627840928	26.736138327082976
5	20	4.802222222222222	46.908106666666264	92.97347185502929	0.26453073923109166	3.5133170709461705	152.67050645632554	0.5392450522576002	187.28065627840928	26.72494992268388
5	10	4.802222222222222	46.908106666666335	92.97168195543796	0.264530739231091	3.512831685024052	145.6761491401193	0.468478043626555	187.28065627840928	26.722965514138746
5	5	4.802222222222222	46.90810666666635	92.97083454065161	0.2645307392310914	3.5127194774012764	144.01092588418936	0.4525962385444268	187.28065627840928	26.722506774494047
5	2	4.802222222222222	46.90810666666635	92.97033310374799	0.2645307392310914	3.512688669865771	143.55034578663754	0.4482677977813177	187.28065627840928	26.72238082371154
5	0	4.802222222222222	46.90810666666636	92.97	0.264530739231091	3.512682831529539	143.46289461806165	0.44744907883352275	187.28065627840928	26.722356954778007
5	-2	4.802222222222222	46.90810666666636	92.96966689625202	0.26453073923109083	3.5126886698657698	143.5503457866375	0.44826779778131787	187.28065627840928	26.72238082371151
5	-5	4.802222222222222	46.90810666666643	92.96916545934839	0.26453073923109044	3.512719477401279	144.0109258841893	0.45259623854442665	187.28065627840928	26.72250677449406
5	-10	4.802222222222222	46.90810666666636	92.96831804456205	0.26453073923109066	3.5128316850240546	145.67614914011926	0.46847804362655515	187.28065627840928	26.722965514138757
5	-20	4.802222222222222	46.9081066666664	92.96652814497071	0.26453073923109033	3.513317070946178	152.67050645632267	0.5392450522575692	187.28065627840928	26.724949922683926
5	-40	4.802222222222222	46.90810666666649	92.96199596010797	0.26453073923109216	3.516053752361687	187.28065627840706	0.9953635173283478	187.28065627840928	26.736138327083122
2	40	4.802222222222222	46.90810666666586	92.9779784423553	0.10558644509906752	3.5063040854458634	185.48696468392663	0.9921802680479591	185.4869646839277	10.689905904235637
2	20	4.802222222222222	46.90810666666637	92.9734607517692	0.10558644509906494	3.5035848802768155	151.21002817577482	0.537520504999518	185.4869646839277	10.685454376895095
2	10	4.802222222222222	46.90810666666627	92.97167657641475	0.1055864450990649	3.503102593993524	144.2828735746499	0.4669798147189487	185.4869646839277	10.684664840820162
2	5	4.802222222222222	46.908106666666335	92.97083187172625	0.10558644509906537	3.5029911029203844	142.63364385294597	0.4511488008740961	185.4869646839277	10.684482322205586
2	2	4.802222222222222	46.90810666666636	92.97033203845649	0.10558644509906513	3.5029604921195348	142.17748695946105	0.4468342027982887	185.4869646839277	10.684432210202834
2	0	4.802222222222222	46.90810666666634	92.97	0.10558644509906541	3.5029546910664906	142.09087561264622	0.4460181021768312	185.4869646839277	10.684422713476915
2	-2	4.802222222222222	46.90810666666635	92.96966796154352	0.10558644509906526	3.502960492119536	142.1774869594611	0.4468342027982887	185.4869646839277	10.68443221020284
2	-5	4.802222222222222	46.90810666666638	92.96916812827376	0.10558644509906495	3.5029911029203866	142.63364385294503	0.4511488008740904	185.4869646839277	10.684482322205579
2	-10	4.802222222222222	46.90810666666646	92.96832342358526	0.10558644509906501	3.5031025939935327	144.2828735746461	0.4669798147189148	185.4869646839277	10.684664840820226
2	-20	4.802222222222222	46.90810666666632	92.96653924823082	0.10558644509906523	3.5035848802768137	151.21002817577207	0.537520504999489	185.4869646839277	10.685454376895095
2	-40	4.802222222222222	46.90810666666707	92.96202155764475	0.10558644509906441	3.506304085445924	185.48696468392555	0.9921802680479476	185.4869646839277	10.689905904235868
0	40	4.802222222222222	46.90810666666623	92.97797358210376	0.0000000000000002272132003139529	3.5044564260123177	185.14769119991095	0.9915758586364992	185.14769119991095	0.000000000000010658141036401503
0	20	4.802222222222222	46.908106666666356	92.9734586435727	0.00000000000000018934433359496023	3.501740532766813	150.93378075202858	0.5371930620312193	185.14769119991095	0.000000000000008881784197001252
0	10	4.802222222222222	46.90810666666629	92.9716755550897	0.0000000000000001136066001569763	3.5012588338960966	144.01933734394402	0.4666953432331413	185.14769119991095	0.000000000000005329070518200752
0	5	4.802222222222222	46.90810666666636	92.97083136497248	0.00000000000000011360660015697613	3.5011474786162844	142.37313275374797	0.4508739732142118	185.14769119991095	0.000000000000005329070518200752
0	2	4.802222222222222	46.90810666666633	92.97033183618768	0.00000000000000030295093375193656	3.50111690509862	141.91781249688324	0.4465620034750186	185.14769119991095	0.000000000000014210854715202004
0	0	4.802222222222222	46.90810666666635	92.97	0.00000000000000011360660015697615	3.5011111111111117	141.83135999999908	0.4457463999999907	185.14769119991095	0.000000000000005329070518200751
0	-2	4.802222222222222	46.908106666666356	92.96966816381236	0.000000000000000037868866718992045	3.5011169050986206	141.91781249688327	0.44656200347501857	185.14769119991095	0.0000000000000017763568394002505
0	-5	4.802222222222222	46.90810666666638	92.96916863502756	0.0000000000000003029509337519362	3.5011474786162853	142.373132753748	0.45087397321421174	185.14769119991095	0.000000000000014210854715202004
0	-10	4.802222222222222	46.90810666666635	92.96832444491028	0.0000000000000003029509337519364	3.5012588338961	144.019337343944	0.46669534323314127	185.14769119991095	0.000000000000014210854715202004
0	-20	4.802222222222222	46.90810666666631	92.9665413564273	0.00000000000000030295093375193666	3.5017405327668154	150.9337807520286	0.5371930620312193	185.14769119991095	0.000000000000014210854715202004
0	-40	4.802222222222222	46.90810666666648	92.96202641789624	0.00000000000000018934433359495974	3.5044564260123314	185.14769119991095	0.9915758586364993	185.14769119991095	0.000000000000008881784197001252
-2	40	4.802222222222222	46.908106666665866	92.97797844235525	-0.10558644509906731	3.5063040854458634	185.48696468392663	0.9921802680479589	185.48696468392833	-10.68990590423563
-2	20	4.802222222222222	46.90810666666637	92.97346075176917	-0.10558644509906417	3.5035848802768146	151.21002817577482	0.5375205049995181	185.48696468392833	-10.685454376895057
-2	10	4.802222222222222	46.908106666666285	92.97167657641475	-0.10558644509906459	3.503102593993523	144.28287357464987	0.4669798147189487	185.48696468392833	-10.68466484082015
-2	5	4.802222222222222	46.908106666666335	92.97083187172625	-0.10558644509906512	3.5029911029203844	142.63364385294685	0.4511488008741121	185.48696468392833	-10.684482322205573
-2	2	4.802222222222222	46.908106666666356	92.9703320384565	-0.1055864450990647	3.5029604921195365	142.177486959461	0.44683420279828723	185.48696468392833	-10.684432210202816
-2	0	4.802222222222222	46.90810666666637	92.96999999999998	-0.10558644509906508	3.5029546910664897	142.0908756126462	0.4460181021768312	185.48696468392833	-10.684422713476904
-2	-2	4.802222222222222	46.908106666666356	92.96966796154351	-0.10558644509906481	3.5029604921195365	142.177486959461	0.44683420279828723	185.48696468392833	-10.68443221020282
-2	-5	4.802222222222222	46.908106666666384	92.96916812827375	-0.10558644509906463	3.5029911029203866	142.63364385294508	0.4511488008740918	185.48696468392833	-10.684482322205564
-2	-10	4.802222222222222	46.908106666666455	92.96832342358525	-0.10558644509906444	3.503102593993533	144.2828735746462	0.46697981471891636	185.48696468392833	-10.684664840820197
-2	-20	4.802222222222222	46.908106666666335	92.9665392482308	-0.10558644509906483	3.5035848802768133	151.21002817577275	0.5375205049995034	185.48696468392833	-10.685454376895079
-2	-40	4.802222222222222	46.90810666666705	92.96202155764476	-0.1055864450990643	3.506304085445925	185.486964683927	0.9921802680479924	185.48696468392833	-10.68990590423586
-5	40	4.802222222222222	46.9081066666662	92.97800403989203	-0.26453073923109327	3.516053752361673	187.2806562784081	0.9953635173283523	187.28065627841076	-26.73613832708295
-5	20	4.802222222222222	46.90810666666629	92.97347185502927	-0.26453073923109094	3.51331707094617	152.6705064563255	0.5392450522575957	187.28065627841076	-26.724949922683862
-5	10	4.802222222222222	46.90810666666634	92.97168195543794	-0.2645307392310907	3.512831685024052	145.6761491401186	0.46847804362654205	187.28065627841076	-26.722965514138743
-5	5	4.802222222222222	46.908106666666356	92.97083454065164	-0.264530739231091	3.5127194774012764	144.01092588418936	0.4525962385444267	187.28065627841076	-26.722506774494036
-5	2	4.802222222222222	46.908106666666356	92.970333103748	-0.2645307392310911	3.512688669865771	143.55034578663688	0.4482677977813063	187.28065627841076	-26.72238082371153
-5	0	4.802222222222222	46.908106666666356	92.97000000000003	-0.26453073923109094	3.5126828315295393	143.4628946180617	0.44744907883352264	187.28065627841076	-26.722356954777997
-5	-2	4.802222222222222	46.908106666666356	92.96966689625202	-0.2645307392310908	3.5126886698657707	143.55034578663688	0.4482677977813063	187.28065627841076	-26.72238082371151
-5	-5	4.802222222222222	46.908106666666406	92.96916545934842	-0.26453073923109016	3.512719477401281	144.01092588418933	0.4525962385444267	187.28065627841076	-26.722506774494043
-5	-10	4.802222222222222	46.90810666666636	92.96831804456208	-0.2645307392310905	3.5128316850240537	145.67614914011924	0.46847804362655504	187.28065627841076	-26.722965514138746
-5	-20	4.802222222222222	46.908106666666406	92.96652814497071	-0.2645307392310901	3.513317070946178	152.67050645632347	0.5392450522575859	187.28065627841076	-26.724949922683923
-5	-40	4.802222222222222	46.90810666666646	92.96199596010797	-0.26453073923109205	3.516053752361687	187.280656278407	0.9953635173283392	187.28065627841076	-26.7361383270831
-10	40	4.802222222222222	46.90810666666622	92.9780965874602	-0.5331422915081511	3.55156412115559	193.86209460210947	1.006872514562949	193.8620946021123	-53.55804846389769
-10	20	4.802222222222222	46.90810666666638	92.97351199872476	-0.5331422915081488	3.548763787518807	158.0292671572298	0.545480130906867	193.8620946021123	-53.53523832598361
-10	10	4.802222222222222	46.908106666666335	92.97170140322777	-0.5331422915081494	3.5482671120501745	150.78832293797538	0.47389487116212387	193.8620946021123	-53.53119265235768
-10	5	4.802222222222222	46.908106666666335	92.97084419011722	-0.5331422915081492	3.5481522946006208	149.06441477669148	0.45782943100840484	193.8620946021123	-53.530257405990994
-10	2	4.802222222222222	46.908106666666356	92.97033695529574	-0.5331422915081487	3.5481207705154807	148.5876046743875	0.45345094218553533	193.8620946021123	-53.530000626327244
-10	0	4.802222222222222	46.90810666666635	92.97000000000003	-0.5331422915081491	3.548114796385924	148.49707195936136	0.4526227567122327	193.8620946021123	-53.529951964011694
-10	-2	4.802222222222222	46.90810666666639	92.96966304470426	-0.5331422915081487	3.5481207705154816	148.58760467438753	0.45345094218553544	193.8620946021123	-53.530000626327286
-10	-5	4.802222222222222	46.908106666666335	92.96915580988278	-0.5331422915081496	3.5481522946006216	149.0644147766915	0.45782943100840495	193.8620946021123	-53.53025740599103
-10	-10	4.802222222222222	46.90810666666641	92.96829859677221	-0.5331422915081488	3.5482671120501763	150.78832293797612	0.4738948711621372	193.8620946021123	-53.53119265235776
-10	-20	4.802222222222222	46.90810666666628	92.96648800127521	-0.5331422915081508	3.5487637875188023	158.02926715722887	0.5454801309068604	193.8620946021123	-53.535238325983556
-10	-40	4.802222222222222	46.90810666666677	92.96190341253978	-0.5331422915081462	3.5515641211556166	193.86209460211003	1.0068725145629494	193.8620946021123	-53.55804846389831
-15	40	4.802222222222222	46.90810666666601	92.97825485962457	-0.8101712278320093	3.6132389719301847	205.47137962824715	1.0265548675160068	205.47137962824868	-80.57594864801949
-15	20	4.802222222222222	46.90810666666642	92.97358065130739	-0.8101712278320004	3.6103280863227516	167.4816491425565	0.5561431814024792	205.47137962824868	-80.5406084260142
-15	10	4.802222222222222	46.90810666666638	92.97173466227335	-0.8101712278320012	3.6098118030291366	159.80571872933845	0.48315857235757936	205.47137962824868	-80.53434037955864
-15	5	4.802222222222222	46.90810666666634	92.97086069235323	-0.8101712278320019	3.6096924527999352	157.97828935128905	0.46677908483553293	205.47137962824868	-80.53289138287334
-15	2	4.802222222222222	46.90810666666636	92.97034354210088	-0.8101712278320009	3.609659684202466	157.47284927171862	0.46231500527386477	205.47137962824868	-80.53249354878929
-15	0	4.802222222222222	46.90810666666634	92.97000000000001	-0.8101712278320018	3.609653474225369	157.37688066344091	0.4614706304235354	205.47137962824868	-80.5324181552497
-15	-2	4.802222222222222	46.90810666666636	92.96965645789915	-0.8101712278320009	3.609659684202464	157.47284927171862	0.46231500527386477	205.47137962824868	-80.53249354878928
-15	-5	4.802222222222222	46.90810666666641	92.96913930764677	-0.8101712278320007	3.6096924527999374	157.978289351291	0.466779084835554	205.47137962824868	-80.53289138287344
-15	-10	4.802222222222222	46.90810666666631	92.96826533772666	-0.8101712278320021	3.609811803029133	159.80571872933848	0.48315857235757914	205.47137962824868	-80.53434037955853
-15	-20	4.802222222222222	46.90810666666618	92.96641934869261	-0.8101712278320032	3.610328086322739	167.48164914255804	0.5561431814024925	205.47137962824868	-80.54060842601376
-15	-40	4.802222222222222	46.908106666666576	92.96174514037543	-0.8101712278319986	3.613238971930212	205.47137962824615	1.0265548675160021	205.47137962824868	-80.57594864802032
-30	40	4.802222222222222	46.90810666666619	92.97920709954803	-1.7456763807889992	4.009504895162639	285.2112100562789	1.1449731778113696	285.2112100562828	-164.95482165140416
-30	20	4.802222222222222	46.90810666666633	92.97399369759547	-1.7456763807889946	4.005883704168633	232.40194418492015	0.6202971179410309	285.2112100562828	-164.86989004470084
-30	10	4.802222222222222	46.908106666666285	92.97193476436416	-1.7456763807889966	4.005241439007675	221.737691698512	0.5388933640904131	285.2112100562828	-164.85482632336155
-30	5	4.802222222222222	46.90810666666634	92.97095997758132	-1.7456763807889943	4.005092965301255	219.19909563113097	0.5206244196117275	285.2112100562828	-164.85134401313266
-30	2	4.802222222222222	46.90810666666635	92.97038317142454	-1.7456763807889932	4.005052200611039	218.49697534204782	0.515645385832311	285.2112100562828	-164.8503879159142
-30	0	4.802222222222222	46.90810666666638	92.97	-1.7456763807889921	4.00504447529436	218.36366366808045	0.5147036080606026	285.2112100562828	-164.85020672592483
-30	-2	4.802222222222222	46.9081066666664	92.96961682857547	-1.7456763807889912	4.00505220061104	218.49697534204662	0.5156453858323063	285.2112100562828	-164.8503879159143
-30	-5	4.802222222222222	46.9081066666664	92.96904002241868	-1.745676380788992	4.005092965301257	219.1990956311311	0.5206244196117275	285.2112100562828	-164.8513440131328
-30	-10	4.802222222222222	46.90810666666642	92.96806523563582	-1.7456763807889921	4.005241439007682	221.73769169851212	0.5388933640904131	285.2112100562828	-164.85482632336198
-30	-20	4.802222222222222	46.908106666666214	92.96600630240455	-1.7456763807889981	4.005883704168627	232.40194418491686	0.620297117941014	285.2112100562828	-164.86989004470047
-30	-40	4.802222222222222	46.90810666666652	92.96079290045199	-1.7456763807889857	4.009504895162649	285.2112100562811	1.1449731778113923	285.2112100562828	-164.95482165140498
-60	40	4.802222222222222	50.00054596059832	92.97707044643428	-3.210562184225493	5.6042661581338615	156.4722546964683	0.9372299383524009	156.47225469647168	-322.93942393682335
-60	20	4.802222222222222	50.00054596059859	92.97306689688499	-3.2133430205592215	5.604266158133867	127.47192204777113	0.5077507847994635	156.47225469647168	-323.0089456042821
-60	10	4.802222222222222	50.00054596059849	92.97148577168399	-3.2138362379284384	5.604266158133869	121.61783457211438	0.44111687871189414	156.47225469647168	-323.0212761731505
-60	5	4.802222222222222	50.00054596059859	92.97073719959594	-3.2139502559623074	5.604266158133868	120.224385019843	0.4261626404472875	156.47225469647168	-323.02412665512253
-60	2	4.802222222222222	50.000545960598586	92.9702942504334	-3.2139815605612307	5.604266158133868	119.83899391946335	0.42208699953923556	156.47225469647168	-323.02490927864113
-60	0	4.802222222222222	50.000545960598586	92.97000000000001	-3.213987493095953	5.604266158133868	119.7658199829112	0.4213160973556431	156.47225469647168	-323.0250575936287
-60	-2	4.802222222222222	50.0005459605986	92.96970574956661	-3.2139815605612307	5.604266158133867	119.83899391946336	0.4220869995392355	156.47225469647168	-323.0249092786412
-60	-5	4.802222222222222	50.000545960598615	92.96926280040404	-3.2139502559623065	5.604266158133868	120.22438501984297	0.42616264044728763	156.47225469647168	-323.0241266551227
-60	-10	4.802222222222222	50.00054596059866	92.96851422831604	-3.2138362379284278	5.6042661581338695	121.61783457211425	0.44111687871189303	156.47225469647168	-323.02127617315136
-60	-20	4.802222222222222	50.0005459605986	92.96693310311498	-3.2133430205592215	5.604266158133866	127.47192204777107	0.5077507847994635	156.47225469647168	-323.0089456042821
-60	-40	4.802222222222222	50.00054596059891	92.9629295535657	-3.2105621842254592	5.604266158133876	156.47225469646764	0.9372299383523934	156.47225469647168	-322.939423936827
60	40	3.6016666666666666	44.458397881796266	92.97795184259317	3.5243818727178016	5.492293050730194	156.47225469646958	0.9372299383524454	156.47225469647066	289.8090129201752
60	20	3.6016666666666666	44.458397881796394	92.97344921378101	3.5275093658695704	5.492293050730198	127.47192204777028	0.5077507847994576	156.47225469647066	289.8785345876331
60	10	3.6016666666666666	44.45839788179645	92.97167098678564	3.5280640673188484	5.492293050730198	121.61783457211483	0.44111687871188043	156.47225469647066	289.8908651565023
60	5	3.6016666666666666	44.458397881796465	92.97082909830397	3.528192298749012	5.492293050730201	120.22438501984266	0.42616264044729274	156.47225469647066	289.893715638474
60	2	3.6016666666666666	44.458397881796465	92.97033093145546	3.528227505754027	5.492293050730199	119.83899391946397	0.4220869995392476	156.47225469647066	289.89449826199257
60	0	3.6016666666666666	44.45839788179647	92.97	3.5282341778337507	5.4922930507302	119.7658199829112	0.4213160973556432	156.47225469647066	289.89464657698016
60	-2	3.6016666666666666	44.45839788179648	92.96966906854453	3.528227505754027	5.4922930507302	119.83899391946314	0.4220869995392422	156.47225469647066	289.89449826199274
60	-5	3.6016666666666666	44.45839788179652	92.96917090169609	3.5281922987490093	5.4922930507302015	120.2243850198426	0.42616264044729274	156.47225469647066	289.8937156384744
60	-10	3.6016666666666666	44.45839788179654	92.96832901321437	3.528064067318845	5.492293050730202	121.61783457211445	0.4411168787118996	156.47225469647066	289.890865156503
60	-20	3.6016666666666666	44.458397881796486	92.96655078621899	3.527509365869566	5.492293050730199	127.47192204777386	0.5077507847995126	156.47225469647066	289.8785345876336
60	-40	3.6016666666666666	44.458397881796905	92.96204815740684	3.524381872717766	5.4922930507302095	156.47225469646716	0.9372299383523842	156.47225469647066	289.80901292017916
30	40	3.6016666666666666	35.23548763206913	92.98191189237369	2.314162655036682	3.574645317898502	261.195156661571	1.1076265544615667	285.2112100562819	133.59345944739127
30	20	3.6016666666666666	35.21419740832875	92.97517413610521	2.3193212927818045	3.571451003926726	213.91000758086957	0.6032101010684323	285.2112100562819	133.61381593194565
30	10	3.6016666666666666	35.21024420670586	92.97250691442191	2.320282089368098	3.5708962877589925	204.02466468386535	0.5241075838333069	285.2112100562819	133.6183479248947
30	5	3.6016666666666666	35.209330337274906	92.97124389520057	2.3205042293162568	3.5707680352001248	201.67294402262024	0.5063530326887226	285.2112100562819	133.6193955946604
30	2	3.6016666666666666	35.20907942682653	92.97049649960775	2.320565221703129	3.570732821229146	201.0226063747998	0.5015140584224762	285.2112100562819	133.61968324110285
30	0	3.6016666666666666	35.209031876786	92.97000000000003	2.3205767804686985	3.570726147772732	200.89913140098113	0.5005987662525185	285.2112100562819	133.61973775298176
30	-2	3.6016666666666666	35.209079426826555	92.96950350039228	2.3205652217031267	3.5707328212291456	201.02260637480003	0.5015140584224762	285.2112100562819	133.61968324110285
30	-5	3.6016666666666666	35.20933033727494	92.96875610479943	2.320504229316254	3.5707680352001274	201.67294402262064	0.506353032688723	285.2112100562819	133.61939559466052
30	-10	3.6016666666666666	35.210244206705994	92.96749308557813	2.3202820893680904	3.570896287758998	204.0246646838675	0.5241075838333227	285.2112100562819	133.61834792489506
30	-20	3.6016666666666666	35.2141974083287	92.96482586389479	2.3193212927818054	3.571451003926723	213.9100075808653	0.6032101010684089	285.2112100562819	133.61381593194542
30	-40	3.6016666666666666	35.23548763206959	92.95808810762631	2.314162655036652	3.574645317898517	261.19515666157855	1.1076265544615818	285.2112100562819	133.59345944739238
15	40	3.6016666666666666	35.1810799999996	92.98100647949943	1.0802283037760099	3.0503371477587793	205.4713796282472	1.026554867516027	205.47137962824863	64.48360434140389
15	20	3.6016666666666666	35.18107999999989	92.97477420174314	1.0802283037759994	3.046455966948853	167.48164914255736	0.5561431814024776	205.47137962824863	64.44826411939833
15	10	3.6016666666666666	35.1810799999998	92.97231288303112	1.0802283037760017	3.045767589224034	159.80571872933925	0.48315857235759285	205.47137962824863	64.44199607294273
15	5	3.6016666666666666	35.18107999999973	92.9711475898043	1.0802283037760032	3.0456084555850986	157.97828935129021	0.4667790848355408	205.47137962824863	64.44054707625737
15	2	3.6016666666666666	35.181079999999774	92.97045805613448	1.0802283037760017	3.0455647641218038	157.47284927172154	0.4623150052738831	205.47137962824863	64.44014924217333
15	0	3.6016666666666666	35.18107999999975	92.97000000000001	1.0802283037760025	3.045556484152344	157.37688066344091	0.4614706304235354	205.47137962824863	64.44007384863377
15	-2	3.6016666666666666	35.18107999999977	92.9695419438655	1.0802283037760023	3.0455647641218055	157.47284927172277	0.46231500527389136	205.47137962824863	64.44014924217336
15	-5	3.6016666666666666	35.18107999999977	92.96885241019571	1.0802283037760025	3.0456084555851	157.978289351291	0.46677908483555414	205.47137962824863	64.44054707625743
15	-10	3.6016666666666666	35.18107999999967	92.96768711696892	1.080228303776006	3.045767589224028	159.80571872933945	0.48315857235758425	205.47137962824863	64.44199607294257
15	-20	3.6016666666666666	35.181079999999675	92.96522579825684	1.080228303776002	3.0464559669488427	167.48164914255844	0.5561431814024868	205.47137962824863	64.44826411939795
15	-40	3.6016666666666666	35.18108000000007	92.95899352050057	1.0802283037759943	3.0503371477588006	205.4713796282467	1.0265548675160086	205.47137962824863	64.48360434140442
10	40	3.6016666666666666	35.18107999999946	92.98079544994698	0.7108563886775392	2.968104013392632	193.86209460210935	1.0068725145629462	193.8620946021116	42.761291748696166
10	20	3.6016666666666666	35.181079999999795	92.97468266496638	0.7108563886775319	2.964370235210261	158.02926715723052	0.5454801309068805	193.8620946021116	42.7384816107822
10	10	3.6016666666666666	35.18107999999967	92.97226853763704	0.7108563886775343	2.9637080012520807	150.78832293797402	0.4738948711621238	193.8620946021116	42.73443593715619
10	5	3.6016666666666666	35.181079999999746	92.97112558682296	0.7108563886775328	2.963554911319347	149.06441477669037	0.4578294310083974	193.8620946021116	42.73350069078959
10	2	3.6016666666666666	35.18107999999976	92.97044927372764	0.7108563886775329	2.9635128792058265	148.58760467438867	0.4534509421855318	193.8620946021116	42.73324391112586
10	0	3.6016666666666666	35.18107999999977	92.97000000000001	0.7108563886775321	2.963504913699749	148.49707195936142	0.4526227567122327	193.8620946021116	42.73319524881027
10	-2	3.6016666666666666	35.18107999999977	92.96955072627239	0.7108563886775321	2.9635128792058274	148.58760467438867	0.4534509421855318	193.8620946021116	42.73324391112584
10	-5	3.6016666666666666	35.18107999999974	92.96887441317706	0.7108563886775331	2.9635549113193482	149.06441477669037	0.45782943100839746	193.8620946021116	42.733500690789604
10	-10	3.6016666666666666	35.181079999999746	92.96773146236298	0.7108563886775325	2.9637080012520833	150.78832293797308	0.473894871162119	193.8620946021116	42.73443593715624
10	-20	3.6016666666666666	35.181079999999724	92.96531733503363	0.7108563886775345	2.964370235210257	158.02926715722927	0.545480130906855	193.8620946021116	42.73848161078219
10	-40	3.6016666666666666	35.181080000000115	92.95920455005307	0.7108563886775259	2.9681040133926637	193.8620946021116	1.0068725145629605	193.8620946021116	42.76129174869669
5	40	3.6016666666666666	35.18107999999967	92.98067205318938	0.3527076523081227	2.9207568550007537	187.28065627840923	0.9953635173283439	187.28065627840928	21.31713904115867
5	20	3.6016666666666666	35.18107999999967	92.97462914003906	0.3527076523081234	2.917107946446747	152.670506456325	0.5392450522576023	187.28065627840928	21.305950636759647
5	10	3.6016666666666666	35.18107999999972	92.97224260725058	0.3527076523081219	2.916460765217254	145.67614914012037	0.4684780436265637	187.28065627840928	21.303966228214477
5	5	3.6016666666666666	35.18107999999973	92.97111272086879	0.35270765230812207	2.9163111550535517	144.0109258841894	0.4525962385444267	187.28065627840928	21.303507488569764
5	2	3.6016666666666666	35.18107999999975	92.97044413833063	0.3527076523081213	2.9162700783395445	143.55034578663768	0.4482677977813203	187.28065627840928	21.30338153778724
5	0	3.6016666666666666	35.18107999999975	92.96999999999998	0.35270765230812146	2.916262293891234	143.46289461806168	0.44744907883352264	187.28065627840928	21.303357668853717
5	-2	3.6016666666666666	35.18107999999977	92.96955586166935	0.352707652308121	2.9162700783395445	143.55034578663768	0.44826779778132037	187.28065627840928	21.30338153778724
5	-5	3.6016666666666666	35.18107999999983	92.9688872791312	0.3527076523081205	2.9163111550535574	144.0109258841894	0.45259623854442665	187.28065627840928	21.30350748856979
5	-10	3.6016666666666666	35.18107999999973	92.96775739274939	0.35270765230812173	2.9164607652172543	145.67614914011952	0.46847804362655904	187.28065627840928	21.30396622821448
5	-20	3.6016666666666666	35.181079999999874	92.96537085996097	0.3527076523081198	2.917107946446759	152.6705064563246	0.5392450522575826	187.28065627840928	21.305950636759686
5	-40	3.6016666666666666	35.18107999999986	92.95932794681063	0.35270765230812307	2.920756855000764	187.28065627840746	0.9953635173283314	187.28065627840928	21.317139041158825
2	40	3.6016666666666666	35.18107999999929	92.98063792314034	0.140781926798757	2.9077572991130105	185.48696468392654	0.9921802680479589	185.4869646839277	8.519993265690093
2	20	3.6016666666666666	35.18107999999967	92.97461433569228	0.1407819267987533	2.9041316922209344	151.21002817577408	0.5375205049995034	185.4869646839277	8.515541738349501
2	10	3.6016666666666666	35.181079999999696	92.97223543521969	0.14078192679875318	2.9034886438432186	144.28287357464515	0.466979814718909	185.4869646839277	8.514752202274604
2	5	3.6016666666666666	35.18107999999975	92.97110916230166	0.14078192679875431	2.9033399890790306	142.63364385294605	0.4511488008740976	185.4869646839277	8.514569683660042
2	2	3.6016666666666666	35.181079999999746	92.97044271794202	0.14078192679875343	2.903299174677899	142.17748695946273	0.4468342027983072	185.4869646839277	8.514519571657264
2	0	3.6016666666666666	35.18107999999976	92.97000000000001	0.1407819267987535	2.9032914399405056	142.0908756126462	0.4460181021768312	185.4869646839277	8.514510074931342
2	-2	3.6016666666666666	35.181079999999746	92.969557282058	0.14078192679875362	2.9032991746778993	142.17748695946173	0.44683420279830405	185.4869646839277	8.51451957165727
2	-5	3.6016666666666666	35.181079999999795	92.96889083769835	0.1407819267987532	2.9033399890790332	142.63364385294514	0.45114880087409315	185.4869646839277	8.514569683660016
2	-10	3.6016666666666666	35.181079999999845	92.96776456478035	0.14078192679875343	2.903488643843226	144.28287357464714	0.4669798147189222	185.4869646839277	8.514752202274659
2	-20	3.6016666666666666	35.18107999999978	92.96538566430776	0.14078192679875337	2.9041316922209393	151.21002817577406	0.5375205049995035	185.4869646839277	8.515541738349539
2	-40	3.6016666666666666	35.18108000000028	92.95936207685965	0.14078192679875282	2.9077572991130616	185.48696468392646	0.992180268047974	185.4869646839277	8.51999326569025
0	40	3.6016666666666666	35.18107999999964	92.98063144280499	0.00000000000000015147546687596872	2.905293753201611	185.1476911999089	0.9915758586364983	185.14769119991095	0.000000000000005329070518200751
0	20	3.6016666666666666	35.18107999999975	92.97461152476365	0.00000000000000012622955572997354	2.901672562207604	150.93378075202588	0.5371930620311902	185.14769119991095	0.000000000000004440892098500626
0	10	3.6016666666666666	35.181079999999746	92.97223407345291	0.000000000000000176721378021963	2.9010302970466513	144.019337343944	0.4666953432331413	185.14769119991095	0.000000000000006217248937900877
0	5	3.6016666666666666	35.18107999999971	92.97110848662997	0.00000000000000012622955572997368	2.900881823340227	142.37313275375072	0.45087397321423767	185.14769119991095	0.000000000000004440892098500626
0	2	3.6016666666666666	35.18107999999974	92.97044244825021	0.0000000000000003281968448979313	2.9008410586500113	141.91781249688327	0.4465620034750186	185.14769119991095	0.000000000000011546319456101628
0	0	3.6016666666666666	35.18107999999975	92.97000000000001	0.00000000000000012622955572997354	2.900833333333333	141.83135999999908	0.4457463999999907	185.14769119991095	0.000000000000004440892098500626
0	-2	3.6016666666666666	35.181079999999746	92.96955755174982	0.00000000000000015147546687596828	2.9008410586500135	141.91781249688322	0.44656200347501857	185.14769119991095	0.000000000000005329070518200751
0	-5	3.6016666666666666	35.18107999999978	92.96889151337005	0.00000000000000007573773343798407	2.900881823340231	142.373132753748	0.4508739732142118	185.14769119991095	0.0000000000000026645352591003757
0	-10	3.6016666666666666	35.181079999999795	92.96776592654706	0.0000000000000002272132003139521	2.901030297046653	144.019337343944	0.46669534323314127	185.14769119991095	0.000000000000007993605777301127
0	-20	3.6016666666666666	35.18107999999981	92.96538847523635	0.000000000000000227213200313952	2.9016725622076076	150.9337807520286	0.5371930620312193	185.14769119991095	0.000000000000007993605777301127
0	-40	3.6016666666666666	35.181079999999874	92.95936855719498	0.00000000000000020196728916795697	2.9052937532016236	185.14769119991095	0.9915758586364997	185.14769119991095	0.000000000000007105427357601002
-2	40	3.6016666666666666	35.181079999999284	92.98063792314036	-0.14078192679875673	2.9077572991130096	185.48696468392734	0.992180268047981	185.48696468392833	-8.519993265690081
-2	20	3.6016666666666666	35.181079999999675	92.97461433569225	-0.14078192679875287	2.9041316922209335	151.21002817577485	0.537520504999518	185.48696468392833	-8.515541738349487
-2	10	3.6016666666666666	35.1810799999997	92.97223543521969	-0.14078192679875287	2.9034886438432173	144.28287357464598	0.4669798147189222	185.48696468392833	-8.514752202274595
-2	5	3.6016666666666666	35.181079999999746	92.97110916230169	-0.1407819267987538	2.903339989079031	142.63364385294602	0.45114880087409753	185.48696468392833	-8.51456968366002
-2	2	3.6016666666666666	35.181079999999746	92.970442717942	-0.14078192679875315	2.903299174677899	142.17748695946293	0.44683420279830616	185.48696468392833	-8.514519571657255
-2	0	3.6016666666666666	35.18107999999977	92.97000000000001	-0.140781926798753	2.903291439940505	142.09087561264622	0.4460181021768312	185.48696468392833	-8.514510074931326
-2	-2	3.6016666666666666	35.181079999999746	92.969557282058	-0.14078192679875298	2.9032991746778998	142.17748695946193	0.44683420279830305	185.48696468392833	-8.51451957165725
-2	-5	3.6016666666666666	35.181079999999795	92.96889083769835	-0.1407819267987528	2.9033399890790332	142.6336438529449	0.45114880087408876	185.48696468392833	-8.514569683660001
-2	-10	3.6016666666666666	35.181079999999845	92.96776456478034	-0.14078192679875268	2.9034886438432257	144.2828735746464	0.466979814718909	185.48696468392833	-8.514752202274632
-2	-20	3.6016666666666666	35.181079999999774	92.96538566430773	-0.14078192679875304	2.90413169222094	151.21002817577482	0.537520504999518	185.48696468392833	-8.515541738349526
-2	-40	3.6016666666666666	35.18108000000028	92.95936207685965	-0.14078192679875245	2.907757299113061	185.4869646839262	0.9921802680479654	185.48696468392833	-8.519993265690237
-5	40	3.6016666666666666	35.18107999999967	92.98067205318941	-0.35270765230812223	2.9207568550007537	187.28065627841076	0.995363517328396	187.28065627841076	-21.31713904115865
-5	20	3.6016666666666666	35.18107999999966	92.97462914003907	-0.3527076523081231	2.917107946446747	152.67050645632474	0.5392450522575976	187.28065627841076	-21.305950636759636
-5	10	3.6016666666666666	35.18107999999972	92.97224260725059	-0.3527076523081212	2.9164607652172543	145.67614914012012	0.4684780436265594	187.28065627841076	-21.303966228214456
-5	5	3.6016666666666666	35.181079999999724	92.97111272086882	-0.3527076523081216	2.9163111550535534	144.01092588418942	0.4525962385444267	187.28065627841076	-21.303507488569753
-5	2	3.6016666666666666	35.18107999999975	92.97044413833066	-0.35270765230812123	2.916270078339545	143.55034578663742	0.4482677977813161	187.28065627841076	-21.30338153778724
-5	0	3.6016666666666666	35.18107999999976	92.97	-0.352707652308121	2.916262293891235	143.4628946180617	0.44744907883352275	187.28065627841076	-21.30335766885371
-5	-2	3.6016666666666666	35.18107999999977	92.96955586166935	-0.3527076523081208	2.9162700783395437	143.55034578663665	0.44826779778130305	187.28065627841076	-21.303381537787228
-5	-5	3.6016666666666666	35.181079999999824	92.96888727913121	-0.3527076523081204	2.9163111550535574	144.01092588418945	0.4525962385444267	187.28065627841076	-21.30350748856978
-5	-10	3.6016666666666666	35.181079999999724	92.96775739274939	-0.3527076523081215	2.9164607652172543	145.6761491401182	0.46847804362653683	187.28065627841076	-21.30396622821447
-5	-20	3.6016666666666666	35.181079999999895	92.96537085996096	-0.35270765230811896	2.9171079464467584	152.67050645632474	0.5392450522575872	187.28065627841076	-21.30595063675967
-5	-40	3.6016666666666666	35.18107999999985	92.95932794681063	-0.3527076523081227	2.9207568550007625	187.28065627840886	0.9953635173283727	187.28065627841076	-21.317139041158807
-10	40	3.6016666666666666	35.18107999999948	92.98079544994694	-0.7108563886775379	2.9681040133926317	193.86209460210952	1.00687251456295	193.8620946021123	-42.761291748696145
-10	20	3.6016666666666666	35.18107999999979	92.97468266496635	-0.7108563886775315	2.964370235210261	158.02926715723	0.5454801309068706	193.8620946021123	-42.73848161078219
-10	10	3.6016666666666666	35.181079999999675	92.97226853763705	-0.7108563886775336	2.9637080012520807	150.7883229379735	0.4738948711621185	193.8620946021123	-42.73443593715618
-10	5	3.6016666666666666	35.181079999999746	92.97112558682298	-0.7108563886775324	2.963554911319348	149.06441477669034	0.4578294310083974	193.8620946021123	-42.73350069078959
-10	2	3.6016666666666666	35.18107999999976	92.97044927372765	-0.7108563886775324	2.9635128792058265	148.58760467438915	0.453450942185541	193.8620946021123	-42.73324391112585
-10	0	3.6016666666666666	35.18107999999975	92.97	-0.7108563886775319	2.9635049136997487	148.49707195936148	0.45262275671223273	193.8620946021123	-42.73319524881023
-10	-2	3.6016666666666666	35.181079999999774	92.96955072627235	-0.7108563886775319	2.963512879205827	148.58760467438918	0.453450942185541	193.8620946021123	-42.73324391112585
-10	-5	3.6016666666666666	35.181079999999746	92.96887441317703	-0.7108563886775326	2.9635549113193482	149.0644147766903	0.4578294310083974	193.8620946021123	-42.7335006907896
-10	-10	3.6016666666666666	35.18107999999975	92.96773146236298	-0.7108563886775322	2.963708001252084	150.78832293797123	0.4738948711620872	193.8620946021123	-42.73443593715624
-10	-20	3.6016666666666666	35.18107999999973	92.96531733503365	-0.7108563886775339	2.9643702352102577	158.02926715722887	0.5454801309068501	193.8620946021123	-42.73848161078217
-10	-40	3.6016666666666666	35.18108000000012	92.95920455005304	-0.7108563886775255	2.9681040133926637	193.8620946021123	1.0068725145629795	193.8620946021123	-42.76129174869669
-15	40	3.6016666666666666	35.18107999999959	92.98100647949944	-1.08022830377601	3.050337147758779	205.47137962824664	1.0265548675160099	205.47137962824868	-64.48360434140388
-15	20	3.6016666666666666	35.181079999999874	92.97477420174317	-1.080228303775999	3.0464559669488533	167.4816491425583	0.5561431814024926	205.47137962824868	-64.44826411939829
-15	10	3.6016666666666666	35.181079999999795	92.97231288303112	-1.0802283037760017	3.0457675892240332	159.80571872933936	0.4831585723575926	205.47137962824868	-64.4419960729427
-15	5	3.6016666666666666	35.18107999999974	92.9711475898043	-1.0802283037760025	3.0456084555850986	157.978289351291	0.46677908483555397	205.47137962824868	-64.44054707625736
-15	2	3.6016666666666666	35.18107999999993	92.97045805613449	-1.0802283037760123	3.0455647641218113	157.47284927172197	0.462315005273888	205.47137962824868	-64.44014924217406
-15	0	3.6016666666666666	35.181079999999746	92.97000000000001	-1.0802283037760023	3.045556484152343	157.37688066344094	0.4614706304235354	205.47137962824868	-64.44007384863374
-15	-2	3.6016666666666666	35.18107999999994	92.96954194386552	-1.0802283037760123	3.0455647641218113	157.47284927172277	0.4623150052738914	205.47137962824868	-64.44014924217407
-15	-5	3.6016666666666666	35.181079999999774	92.96885241019572	-1.0802283037760019	3.0456084555850995	157.978289351291	0.46677908483555414	205.47137962824868	-64.44054707625742
-15	-10	3.6016666666666666	35.18107999999967	92.96768711696889	-1.0802283037760056	3.0457675892240275	159.8057187293397	0.4831585723575891	205.47137962824868	-64.44199607294256
-15	-20	3.6016666666666666	35.18107999999969	92.96522579825682	-1.0802283037760014	3.046455966948843	167.481649142559	0.5561431814024966	205.47137962824868	-64.44826411939795
-15	-40	3.6016666666666666	35.181080000000065	92.9589935205006	-1.0802283037759943	3.050337147758802	205.47137962824718	1.026554867516021	205.47137962824868	-64.48360434140442
-30	40	3.6016666666666666	35.23548763206914	92.98191189237369	-2.31416265503668	3.574645317898502	261.1951566615705	1.1076265544615527	285.2112100562828	-133.59345944739124
-30	20	3.6016666666666666	35.214197408328744	92.97517413610522	-2.319321292781804	3.571451003926726	213.9100075808711	0.603210101068458	285.2112100562828	-133.6138159319456
-30	10	3.6016666666666666	35.210244206705866	92.97250691442188	-2.320282089368098	3.5708962877589925	204.02466468386476	0.5241075838332981	285.2112100562828	-133.61834792489472
-30	5	3.6016666666666666	35.209330337274906	92.97124389520059	-2.3205042293162568	3.5707680352001256	201.67294402261982	0.5063530326887167	285.2112100562828	-133.6193955946604
-30	2	3.6016666666666666	35.209079426826534	92.97049649960773	-2.320565221703128	3.570732821229145	201.02260637479927	0.5015140584224678	285.2112100562828	-133.61968324110282
-30	0	3.6016666666666666	35.20903187678601	92.97000000000001	-2.320576780468698	3.5707261477727315	200.89913140098113	0.5005987662525185	285.2112100562828	-133.61973775298176
-30	-2	3.6016666666666666	35.209079426826555	92.96950350039226	-2.3205652217031267	3.570732821229145	201.02260637479947	0.5015140584224679	285.2112100562828	-133.61968324110285
-30	-5	3.6016666666666666	35.20933033727495	92.96875610479943	-2.320504229316253	3.5707680352001265	201.67294402262021	0.506353032688717	285.2112100562828	-133.61939559466046
-30	-10	3.6016666666666666	35.210244206705994	92.96749308557811	-2.320282089368091	3.5708962877589974	204.02466468386595	0.5241075838332991	285.2112100562828	-133.61834792489506
-30	-20	3.6016666666666666	35.21419740832869	92.9648258638948	-2.3193212927818063	3.571451003926723	213.91000758086489	0.6032101010684086	285.2112100562828	-133.6138159319454
-30	-40	3.6016666666666666	35.2354876320696	92.9580881076263	-2.3141626550366503	3.5746453178985163	261.1951566615808	1.1076265544616308	285.2112100562828	-133.59345944739232
-60	40	3.6016666666666666	44.45839788179624	92.97795184259316	-3.524381872717804	5.492293050730194	156.4722546964685	0.9372299383524041	156.47225469647168	-289.809012920175
-60	20	3.6016666666666666	44.458397881796394	92.97344921378101	-3.5275093658695713	5.492293050730198	127.4719220477703	0.5077507847994577	156.47225469647168	-289.8785345876331
-60	10	3.6016666666666666	44.45839788179645	92.97167098678561	-3.5280640673188497	5.4922930507302	121.61783457211553	0.4411168787118957	156.47225469647168	-289.89086515650234
-60	5	3.6016666666666666	44.45839788179647	92.97082909830394	-3.5281922987490106	5.4922930507302	120.224385019843	0.42616264044729785	156.47225469647168	-289.8937156384741
-60	2	3.6016666666666666	44.458397881796465	92.97033093145546	-3.5282275057540264	5.4922930507302	119.83899391946335	0.4220869995392356	156.47225469647168	-289.89449826199257
-60	0	3.6016666666666666	44.458397881796486	92.97	-3.5282341778337503	5.492293050730198	119.76581998291125	0.4213160973556432	156.47225469647168	-289.89464657698016
-60	-2	3.6016666666666666	44.458397881796486	92.9696690685445	-3.5282275057540273	5.492293050730198	119.83899391946179	0.4220869995392154	156.47225469647168	-289.8944982619927
-60	-5	3.6016666666666666	44.458397881796515	92.96917090169609	-3.5281922987490093	5.492293050730201	120.22438501984297	0.42616264044729774	156.47225469647168	-289.8937156384743
-60	-10	3.6016666666666666	44.458397881796536	92.96832901321439	-3.528064067318846	5.492293050730202	121.61783457211531	0.44111687871188726	156.47225469647168	-289.89086515650297
-60	-20	3.6016666666666666	44.458397881796486	92.96655078621903	-3.527509365869566	5.4922930507302015	127.47192204777264	0.5077507847994851	156.47225469647168	-289.8785345876338
-60	-40	3.6016666666666666	44.4583978817969	92.96204815740683	-3.524381872717766	5.492293050730208	156.47225469646673	0.937229938352381	156.47225469647168	-289.809012920179
60	40	2.401111111111111	38.91624980299416	92.97908428185373	3.828873321681661	5.348427274057709	156.4722546964681	0.9372299383524126	156.47225469647066	254.757856670003
60	20	2.401111111111111	38.916249802994344	92.97394042384428	3.8324462079597	5.348427274057715	127.47192204776897	0.5077507847994575	156.47225469647066	254.82737833746134
60	10	2.401111111111111	38.91624980299432	92.9719089556611	3.833079905653149	5.348427274057715	121.61783457211516	0.4411168787118998	156.47225469647066	254.83970890633012
60	5	2.401111111111111	38.91624980299439	92.9709471720031	3.8332263988011754	5.348427274057716	120.22438501984293	0.4261626404472869	156.47225469647066	254.84255938830213
60	2	2.401111111111111	38.916249802994365	92.9703780601264	3.8332666197126244	5.348427274057716	119.83899391946593	0.42208699953925266	156.47225469647066	254.8433420118206
60	0	2.401111111111111	38.91624980299438	92.97	3.8332742419777834	5.348427274057716	119.76581998291124	0.4213160973556433	156.47225469647066	254.84349032680817
60	-2	2.401111111111111	38.916249802994365	92.9696219398736	3.833266619712623	5.348427274057716	119.8389939194651	0.4220869995392477	156.47225469647066	254.84334201182054
60	-5	2.401111111111111	38.91624980299439	92.96905282799689	3.8332263988011746	5.348427274057717	120.22438501984308	0.42616264044728913	156.47225469647066	254.84255938830213
60	-10	2.401111111111111	38.91624980299437	92.96809104433889	3.833079905653146	5.348427274057717	121.61783457211548	0.4411168787118947	156.47225469647066	254.83970890633046
60	-20	2.401111111111111	38.91624980299437	92.96605957615571	3.8324462079596993	5.348427274057716	127.4719220477684	0.5077507847994384	156.47225469647066	254.82737833746154
60	-40	2.401111111111111	38.9162498029947	92.9609157181463	3.828873321681632	5.348427274057726	156.47225469647066	0.9372299383524575	156.47225469647066	254.75785667000653
30	40	2.401111111111111	24.754516109020695	92.9842202777526	3.005763033767506	3.1751336799856342	154.99076210741262	0.9321904049168641	285.2112100562819	103.73711648848565
30	20	2.401111111111111	24.73222734266032	92.97617378681005	3.0122198038914223	3.171405862016497	125.92442023456451	0.5054763101078991	285.2112100562819	103.73590966819712
30	10	2.401111111111111	24.728274141037428	92.97299139631717	3.013366211058671	3.1707439835298854	120.08370698158994	0.43921111292103077	285.2112100562819	103.73569562297567
30	5	2.401111111111111	24.727360271606514	92.9714843045413	3.01363128043208	3.1705909456557935	118.69464784799516	0.4243371646983689	285.2112100562819	103.7356461417191
30	2	2.401111111111111	24.72710936115815	92.9705924605613	3.0137040608600025	3.170548925856139	118.31055130353373	0.42028324658189337	285.2112100562819	103.73563255622882
30	0	2.401111111111111	24.727061811117633	92.97000000000001	3.0137178536457987	3.170540962587547	118.23762707334399	0.4195164455117794	285.2112100562819	103.7356299816425
30	-2	2.401111111111111	24.72710936115817	92.96940753943869	3.0137040608600008	3.17054892585614	118.31055130353312	0.4202832465818884	285.2112100562819	103.73563255622886
30	-5	2.401111111111111	24.727360271606585	92.96851569545875	3.0136312804320755	3.1705909456557957	118.69464784799553	0.42433716469836946	285.2112100562819	103.73564614171933
30	-10	2.401111111111111	24.728274141037545	92.96700860368287	3.013366211058663	3.1707439835298903	120.08370698158889	0.4392111129210038	285.2112100562819	103.73569562297605
30	-20	2.401111111111111	24.73222734266026	92.96382621318992	3.012219803891424	3.171405862016493	125.92442023456431	0.5054763101078988	285.2112100562819	103.73590966819688
30	-40	2.401111111111111	24.754516109020972	92.95577972224739	3.005763033767485	3.175133679985646	154.99076210741424	0.932190404916857	285.2112100562819	103.73711648848654
15	40	2.401111111111111	23.454053333332904	92.98650971924914	1.6203424556640231	2.5248112771937246	205.4713796282474	1.026554867516015	205.47137962824863	52.03515965721116
15	20	2.401111111111111	23.454053333333288	92.97716130261473	1.6203424556639971	2.518989505978833	167.48164914255614	0.5561431814024671	205.47137962824863	51.99981943520568
15	10	2.401111111111111	23.454053333333253	92.9734693245467	1.6203424556639987	2.5179569393916075	159.80571872933754	0.48315857235756526	205.47137962824863	51.99355138875013
15	5	2.401111111111111	23.454053333333157	92.97172138470646	1.6203424556640051	2.517718238933204	157.9782893512906	0.4667790848355579	205.47137962824863	51.99210239206479
15	2	2.401111111111111	23.45405333333317	92.97068708420176	1.6203424556640036	2.5176527017382635	157.4728492717216	0.46231500527389136	205.47137962824863	51.991704557980725
15	0	2.401111111111111	23.454053333333153	92.97000000000001	1.620342455664006	2.5176402817840717	157.37688066344091	0.4614706304235355	205.47137962824863	51.99162916444118
15	-2	2.401111111111111	23.45405333333317	92.96931291579828	1.6203424556640045	2.517652701738265	157.47284927172169	0.4623150052738914	205.47137962824863	51.99170455798075
15	-5	2.401111111111111	23.454053333333214	92.96827861529353	1.6203424556640014	2.517718238933205	157.97828935128888	0.4667790848355407	205.47137962824863	51.99210239206483
15	-10	2.401111111111111	23.4540533333331	92.96653067545336	1.6203424556640096	2.5179569393916017	159.80571872933842	0.4831585723575791	205.47137962824863	51.99355138875
15	-20	2.401111111111111	23.454053333333032	92.96283869738525	1.620342455664011	2.5189895059788205	167.48164914255605	0.5561431814024667	205.47137962824863	51.999819435205346
15	-40	2.401111111111111	23.45405333333338	92.95349028075084	1.620342455663992	2.524811277193744	205.47137962824715	1.0265548675160057	205.47137962824863	52.03515965721163
10	40	2.401111111111111	23.4540533333329	92.98619317492044	1.0662845830163117	2.4014615756445115	193.86209460210992	1.006872514562951	193.8620946021116	34.40931852608665
10	20	2.401111111111111	23.454053333333178	92.97702399744954	1.0662845830162988	2.395860908370945	158.0292671572305	0.5454801309068791	193.8620946021116	34.3865083881726
10	10	2.401111111111111	23.454053333333157	92.97340280645554	1.0662845830162995	2.394867557433681	150.78832293797612	0.4738948711621372	193.8620946021116	34.38246271454668
10	5	2.401111111111111	23.454053333333192	92.97168838023447	1.0662845830162977	2.394637922534578	149.0644147766903	0.45782943100839746	193.8620946021116	34.38152746818004
10	2	2.401111111111111	23.45405333333317	92.97067391059146	1.0662845830162988	2.3945748743642947	148.58760467438768	0.45345094218553544	193.8620946021116	34.38127068851627
10	0	2.401111111111111	23.454053333333178	92.97000000000001	1.0662845830162981	2.3945629261051797	148.49707195936142	0.45262275671223273	193.8620946021116	34.38122202620069
10	-2	2.401111111111111	23.454053333333214	92.96932608940855	1.0662845830162966	2.394574874364297	148.58760467438765	0.45345094218553544	193.8620946021116	34.38127068851628
10	-5	2.401111111111111	23.45405333333317	92.96831161976556	1.0662845830162992	2.3946379225345775	149.06441477669037	0.45782943100839746	193.8620946021116	34.38152746818004
10	-10	2.401111111111111	23.454053333333203	92.96659719354447	1.0662845830162975	2.394867557433684	150.78832293797612	0.4738948711621373	193.8620946021116	34.38246271454671
10	-20	2.401111111111111	23.454053333333185	92.96297600255046	1.0662845830163004	2.395860908370946	158.02926715722887	0.5454801309068604	193.8620946021116	34.38650838817266
10	-40	2.401111111111111	23.45405333333357	92.95380682507958	1.0662845830162848	2.4014615756445434	193.8620946021106	1.0068725145629702	193.8620946021116	34.40931852608714
5	40	2.401111111111111	23.454053333332983	92.98600807978407	0.5290614784621872	2.3304408380566835	187.28065627840894	0.9953635173283741	187.28065627840928	17.125200839415488
5	20	2.401111111111111	23.454053333333054	92.9769437100586	0.5290614784621845	2.3249674752256766	152.6705064563249	0.5392450522575993	187.28065627840928	17.11401243501644
5	10	2.401111111111111	23.45405333333314	92.9733639108759	0.5290614784621839	2.3239967033814395	145.6761491401184	0.4684780436265419	187.28065627840928	17.112028026471343
5	5	2.401111111111111	23.454053333333146	92.97166908130319	0.5290614784621828	2.323772288135885	144.0109258841914	0.45259623854443976	187.28065627840928	17.111569286826594
5	2	2.401111111111111	23.45405333333317	92.97066620749594	0.5290614784621827	2.323710673064872	143.55034578663785	0.44826779778132164	187.28065627840928	17.111443336044093
5	0	2.401111111111111	23.454053333333174	92.97	0.5290614784621824	2.323698996392408	143.46289461806174	0.44744907883352275	187.28065627840928	17.111419467110565
5	-2	2.401111111111111	23.454053333333196	92.96933379250406	0.5290614784621809	2.3237106730648738	143.55034578663683	0.44826779778132014	187.28065627840928	17.111443336044072
5	-5	2.401111111111111	23.454053333333235	92.96833091869682	0.5290614784621811	2.3237722881358898	144.01092588418953	0.4525962385444267	187.28065627840928	17.11156928682663
5	-10	2.401111111111111	23.45405333333323	92.96663608912408	0.5290614784621801	2.3239967033814417	145.67614914011887	0.4684780436265485	187.28065627840928	17.11202802647133
5	-20	2.401111111111111	23.454053333333242	92.96305628994143	0.5290614784621799	2.3249674752256864	152.67050645632324	0.5392450522575809	187.28065627840928	17.11401243501649
5	-40	2.401111111111111	23.454053333333256	92.95399192021596	0.5290614784621813	2.3304408380566977	187.28065627840886	0.9953635173283729	187.28065627840928	17.12520083941558
2	40	2.401111111111111	23.454053333332777	92.98595688471056	0.21117289019813631	2.310941504225088	185.48696468392666	0.9921802680479764	185.4869646839277	6.841428792062777
2	20	2.401111111111111	23.454053333333196	92.97692150353839	0.21117289019812938	2.3055030938869656	151.21002817577366	0.5375205049995068	185.4869646839277	6.836977264722175
2	10	2.401111111111111	23.454053333333153	92.97335315282953	0.21117289019812965	2.3045385213203864	144.28287357464896	0.46697981471893546	185.4869646839277	6.836187728647264
2	5	2.401111111111111	23.454053333333142	92.97166374345248	0.2111728901981309	2.304315539174101	142.63364385294537	0.45114880087409454	185.4869646839277	6.8360052100326705
2	2	2.401111111111111	23.454053333333164	92.97066407691304	0.2111728901981306	2.304254317572404	142.17748695946003	0.44683420279828145	185.4869646839277	6.8359550980299275
2	0	2.401111111111111	23.45405333333316	92.97000000000001	0.21117289019813104	2.3042427154663128	142.09087561264622	0.4460181021768311	185.4869646839277	6.835945601304007
2	-2	2.401111111111111	23.45405333333317	92.96933592308694	0.21117289019813068	2.3042543175724037	142.17748695946003	0.4468342027982815	185.4869646839277	6.83595509802993
2	-5	2.401111111111111	23.454053333333185	92.9683362565475	0.2111728901981298	2.3043155391741035	142.63364385294537	0.4511488008740945	185.4869646839277	6.83600521003266
2	-10	2.401111111111111	23.454053333333295	92.96664684717047	0.21117289019812982	2.3045385213203935	144.2828735746462	0.4669798147189222	185.4869646839277	6.8361877286473165
2	-20	2.401111111111111	23.454053333333235	92.96307849646162	0.21117289019812904	2.3055030938869674	151.21002817577485	0.5375205049995181	185.4869646839277	6.83697726472218
2	-40	2.401111111111111	23.454053333333675	92.95404311528944	0.21117289019812796	2.310941504225133	185.48696468392643	0.9921802680479588	185.4869646839277	6.841428792062879
0	40	2.401111111111111	23.454053333333082	92.98594716420753	0.0000000000000001704099002354649	2.307246185357977	185.14769119991095	0.9915758586364994	185.14769119991095	0.0000000000000039968028886505635
0	20	2.401111111111111	23.454053333333153	92.97691728714545	0.00000000000000009467216679748021	2.301814398866962	150.93378075202585	0.5371930620311902	185.14769119991095	0.000000000000002220446049250313
0	10	2.401111111111111	23.454053333333167	92.97335111017942	0.000000000000000037868866718992063	2.3008510011255336	144.019337343944	0.4666953432331413	185.14769119991095	0.0000000000000008881784197001252
0	5	2.401111111111111	23.45405333333315	92.97166272994494	0.00000000000000005680330007848814	2.3006282905658986	142.37313275375072	0.4508739732142377	185.14769119991095	0.0000000000000013322676295501878
0	2	2.401111111111111	23.454053333333164	92.9706636723753	0.00000000000000007573773343798414	2.3005671435305723	141.91781249688054	0.44656200347499286	185.14769119991095	0.0000000000000017763568394002505
0	0	2.401111111111111	23.454053333333174	92.97	0.00000000000000011360660015697615	2.3005555555555555	141.83135999999908	0.4457463999999908	185.14769119991095	0.0000000000000026645352591003757
0	-2	2.401111111111111	23.454053333333178	92.9693363276247	0.00000000000000015147546687596818	2.3005671435305737	141.91781249688054	0.4465620034749928	185.14769119991095	0.000000000000003552713678800501
0	-5	2.401111111111111	23.45405333333321	92.96833727005506	0.00000000000000034081980047092794	2.300628290565901	142.37313275375072	0.4508739732142377	185.14769119991095	0.000000000000007993605777301127
0	-10	2.401111111111111	23.454053333333217	92.96664888982062	0	2.3008510011255354	144.01933734394402	0.46669534323314127	185.14769119991095	0
0	-20	2.401111111111111	23.45405333333321	92.96308271285456	0.0000000000000004544264006279039	2.3018143988669655	150.93378075202588	0.5371930620311902	185.14769119991095	0.000000000000010658141036401503
0	-40	2.401111111111111	23.454053333333167	92.95405283579248	0.0000000000000003029509337519365	2.307246185357983	185.14769119991092	0.9915758586364993	185.14769119991095	0.000000000000007105427357601002
-2	40	2.401111111111111	23.454053333332777	92.98595688471052	-0.21117289019813573	2.310941504225088	185.4869646839261	0.9921802680479628	185.48696468392833	-6.8414287920627626
-2	20	2.401111111111111	23.454053333333203	92.97692150353836	-0.2111728901981288	2.3055030938869643	151.21002817577423	0.5375205049995152	185.48696468392833	-6.836977264722163
-2	10	2.401111111111111	23.454053333333157	92.9733531528295	-0.21117289019812924	2.304538521320387	144.28287357464893	0.46697981471893546	185.48696468392833	-6.836187728647256
-2	5	2.401111111111111	23.454053333333135	92.97166374345248	-0.21117289019813115	2.304315539174101	142.63364385294395	0.45114880087407433	185.48696468392833	-6.836005210032675
-2	2	2.401111111111111	23.454053333333164	92.97066407691304	-0.2111728901981303	2.3042543175724046	142.17748695946094	0.4468342027982944	185.48696468392833	-6.8359550980299195
-2	0	2.401111111111111	23.454053333333157	92.97000000000001	-0.21117289019813004	2.304242715466313	142.09087561264622	0.4460181021768311	185.48696468392833	-6.835945601303982
-2	-2	2.401111111111111	23.45405333333316	92.96933592308699	-0.21117289019813001	2.3042543175724046	142.17748695946094	0.4468342027982944	185.48696468392833	-6.8359550980299115
-2	-5	2.401111111111111	23.454053333333185	92.96833625654752	-0.21117289019812904	2.304315539174103	142.63364385294395	0.4511488008740742	185.48696468392833	-6.836005210032641
-2	-10	2.401111111111111	23.45405333333329	92.9666468471705	-0.21117289019812932	2.304538521320394	144.28287357464444	0.4669798147188957	185.48696468392833	-6.836187728647303
-2	-20	2.401111111111111	23.45405333333324	92.9630784964616	-0.21117289019812854	2.305503093886968	151.21002817577488	0.5375205049995181	185.48696468392833	-6.83697726472217
-2	-40	2.401111111111111	23.454053333333665	92.95404311528947	-0.21117289019812743	2.3109415042251333	185.48696468392833	0.9921802680480027	185.48696468392833	-6.841428792062864
-5	40	2.401111111111111	23.45405333333299	92.98600807978407	-0.5290614784621868	2.330440838056684	187.28065627840758	0.9953635173283502	187.28065627841076	-17.125200839415484
-5	20	2.401111111111111	23.45405333333306	92.97694371005856	-0.529061478462184	2.3249674752256775	152.67050645632483	0.5392450522575974	187.28065627841076	-17.114012435016438
-5	10	2.401111111111111	23.45405333333314	92.9733639108759	-0.5290614784621831	2.3239967033814386	145.67614914011833	0.46847804362654183	187.28065627841076	-17.112028026471325
-5	5	2.401111111111111	23.454053333333146	92.97166908130322	-0.5290614784621828	2.3237722881358853	144.01092588419144	0.4525962385444397	187.28065627841076	-17.111569286826594
-5	2	2.401111111111111	23.454053333333164	92.97066620749598	-0.5290614784621825	2.3237106730648724	143.55034578663643	0.4482677977813015	187.28065627841076	-17.111443336044083
-5	0	2.401111111111111	23.454053333333174	92.97000000000003	-0.5290614784621819	2.323698996392409	143.4628946180617	0.44744907883352275	187.28065627841076	-17.111419467110554
-5	-2	2.401111111111111	23.454053333333203	92.969333792504	-0.5290614784621803	2.3237106730648724	143.55034578663535	0.4482677977813001	187.28065627841076	-17.11144333604406
-5	-5	2.401111111111111	23.454053333333228	92.96833091869682	-0.5290614784621807	2.32377228813589	144.01092588418962	0.45259623854442665	187.28065627841076	-17.111569286826615
-5	-10	2.401111111111111	23.45405333333323	92.96663608912412	-0.5290614784621795	2.323996703381442	145.67614914011867	0.4684780436265468	187.28065627841076	-17.112028026471314
-5	-20	2.401111111111111	23.454053333333253	92.96305628994145	-0.5290614784621785	2.3249674752256873	152.67050645632386	0.5392450522575895	187.28065627841076	-17.11401243501647
-5	-40	2.401111111111111	23.45405333333327	92.95399192021591	-0.5290614784621804	2.3304408380566977	187.28065627840724	0.9953635173283316	187.28065627841076	-17.12520083941557
-10	40	2.401111111111111	23.454053333332922	92.9861931749204	-1.0662845830163101	2.4014615756445123	193.86209460211168	1.0068725145629813	193.8620946021123	-34.40931852608665
-10	20	2.401111111111111	23.454053333333174	92.97702399744958	-1.0662845830162988	2.395860908370946	158.0292671572302	0.5454801309068732	193.8620946021123	-34.3865083881726
-10	10	2.401111111111111	23.454053333333153	92.97340280645552	-1.0662845830162992	2.3948675574336815	150.78832293797612	0.4738948711621372	193.8620946021123	-34.38246271454667
-10	5	2.401111111111111	23.45405333333318	92.9716883802345	-1.0662845830162977	2.394637922534578	149.06441477669037	0.45782943100839746	193.8620946021123	-34.381527468180025
-10	2	2.401111111111111	23.454053333333174	92.97067391059147	-1.0662845830162988	2.3945748743642943	148.5876046743879	0.45345094218553544	193.8620946021123	-34.38127068851627
-10	0	2.401111111111111	23.454053333333174	92.97	-1.0662845830162977	2.39456292610518	148.49707195936148	0.4526227567122327	193.8620946021123	-34.381222026200675
-10	-2	2.401111111111111	23.45405333333321	92.96932608940855	-1.0662845830162966	2.3945748743642965	148.58760467438785	0.4534509421855353	193.8620946021123	-34.381270688516274
-10	-5	2.401111111111111	23.454053333333174	92.96831161976553	-1.0662845830162988	2.3946379225345775	149.06441477669037	0.4578294310083975	193.8620946021123	-34.38152746818003
-10	-10	2.401111111111111	23.45405333333321	92.96659719354447	-1.0662845830162966	2.3948675574336837	150.78832293797612	0.4738948711621372	193.8620946021123	-34.382462714546705
-10	-20	2.401111111111111	23.454053333333192	92.96297600255046	-1.066284583016299	2.395860908370947	158.02926715722887	0.5454801309068605	193.8620946021123	-34.38650838817264
-10	-40	2.401111111111111	23.45405333333356	92.95380682507958	-1.066284583016285	2.4014615756445425	193.8620946021105	1.0068725145629591	193.8620946021123	-34.409318526087134
-15	40	2.401111111111111	23.454053333332922	92.98650971924916	-1.6203424556640218	2.5248112771937246	205.47137962824775	1.0265548675160219	205.47137962824868	-52.03515965721117
-15	20	2.401111111111111	23.45405333333328	92.97716130261476	-1.6203424556639974	2.5189895059788325	167.4816491425583	0.5561431814024912	205.47137962824868	-51.999819435205666
-15	10	2.401111111111111	23.454053333333253	92.97346932454666	-1.6203424556639996	2.5179569393916066	159.80571872933976	0.4831585723575931	205.47137962824868	-51.99355138875015
-15	5	2.401111111111111	23.454053333333164	92.97172138470647	-1.620342455664004	2.5177182389332033	157.97828935129067	0.466779084835553	205.47137962824868	-51.99210239206477
-15	2	2.401111111111111	23.454053333333164	92.97068708420174	-1.6203424556640036	2.5176527017382635	157.47284927172038	0.46231500527387803	205.47137962824868	-51.99170455798071
-15	0	2.401111111111111	23.454053333333164	92.97	-1.6203424556640047	2.517640281784071	157.37688066344091	0.4614706304235354	205.47137962824868	-51.99162916444117
-15	-2	2.401111111111111	23.454053333333174	92.96931291579827	-1.620342455664003	2.5176527017382635	157.47284927172169	0.46231500527389136	205.47137962824868	-51.99170455798072
-15	-5	2.401111111111111	23.45405333333321	92.96827861529353	-1.6203424556640011	2.517718238933205	157.97828935128925	0.46677908483554065	205.47137962824868	-51.99210239206482
-15	-10	2.401111111111111	23.4540533333331	92.96653067545336	-1.620342455664008	2.5179569393916004	159.80571872933842	0.4831585723575791	205.47137962824868	-51.99355138874996
-15	-20	2.401111111111111	23.45405333333302	92.96283869738528	-1.6203424556640111	2.51898950597882	167.48164914255568	0.5561431814024614	205.47137962824868	-51.999819435205325
-15	-40	2.401111111111111	23.454053333333377	92.95349028075086	-1.6203424556639916	2.5248112771937437	205.47137962824868	1.0265548675160407	205.47137962824868	-52.0351596572116
-30	40	2.401111111111111	24.754516109020713	92.98422027775261	-3.0057630337675034	3.1751336799856347	154.9907621074128	0.9321904049168643	285.2112100562828	-103.73711648848568
-30	20	2.401111111111111	24.73222734266031	92.97617378681008	-3.012219803891422	3.171405862016497	125.92442023456451	0.5054763101078992	285.2112100562828	-103.73590966819707
-30	10	2.401111111111111	24.728274141037428	92.97299139631714	-3.01336621105867	3.170743983529885	120.0837069815895	0.4392111129210205	285.2112100562828	-103.73569562297565
-30	5	2.401111111111111	24.727360271606518	92.97148430454128	-3.013631280432079	3.170590945655793	118.69464784799568	0.4243371646983812	285.2112100562828	-103.7356461417191
-30	2	2.401111111111111	24.72710936115815	92.97059246056135	-3.0137040608600034	3.1705489258561403	118.3105513035335	0.4202832465818883	285.2112100562828	-103.73563255622885
-30	0	2.401111111111111	24.727061811117633	92.97000000000001	-3.0137178536457983	3.170540962587547	118.23762707334399	0.41951644551177947	285.2112100562828	-103.7356299816425
-30	-2	2.401111111111111	24.72710936115817	92.96940753943869	-3.013704060860001	3.1705489258561403	118.31055130353252	0.4202832465818763	285.2112100562828	-103.7356325562289
-30	-5	2.401111111111111	24.727360271606596	92.9685156954587	-3.0136312804320737	3.170590945655795	118.69464784799626	0.42433716469838173	285.2112100562828	-103.73564614171931
-30	-10	2.401111111111111	24.72827414103755	92.96700860368286	-3.0133662110586616	3.17074398352989	120.08370698158916	0.439211112921009	285.2112100562828	-103.73569562297602
-30	-20	2.401111111111111	24.732227342660256	92.96382621318993	-3.012219803891425	3.1714058620164933	125.92442023456431	0.5054763101078988	285.2112100562828	-103.73590966819688
-30	-40	2.401111111111111	24.754516109020955	92.95577972224739	-3.005763033767488	3.1751336799856458	154.9907621074136	0.932190404916848	285.2112100562828	-103.7371164884865
-60	40	2.401111111111111	38.91624980299414	92.97908428185372	-3.8288733216816624	5.348427274057708	156.47225469646776	0.937229938352398	156.47225469647168	-254.75785667000287
-60	20	2.401111111111111	38.916249802994344	92.97394042384428	-3.8324462079597006	5.348427274057715	127.47192204776869	0.5077507847994439	156.47225469647168	-254.82737833746134
-60	10	2.401111111111111	38.91624980299432	92.97190895566112	-3.8330799056531504	5.348427274057715	121.61783457211455	0.4411168787118873	156.47225469647168	-254.83970890633012
-60	5	2.401111111111111	38.916249802994386	92.97094717200312	-3.833226398801176	5.348427274057717	120.22438501984391	0.4261626404473032	156.47225469647168	-254.84255938830213
-60	2	2.401111111111111	38.91624980299436	92.97037806012636	-3.8332666197126235	5.348427274057714	119.83899391946734	0.42208699953928125	156.47225469647168	-254.84334201182045
-60	0	2.401111111111111	38.916249802994386	92.96999999999997	-3.833274241977783	5.348427274057714	119.76581998291132	0.4213160973556433	156.47225469647168	-254.84349032680814
-60	-2	2.401111111111111	38.91624980299436	92.96962193987365	-3.8332666197126244	5.348427274057718	119.83899391946488	0.42208699953924755	156.47225469647168	-254.8433420118206
-60	-5	2.401111111111111	38.91624980299439	92.96905282799686	-3.8332263988011754	5.348427274057716	120.22438501984345	0.4261626404472972	156.47225469647168	-254.84255938830213
-60	-10	2.401111111111111	38.916249802994386	92.9680910443389	-3.833079905653147	5.348427274057718	121.61783457211514	0.44111687871189037	156.47225469647168	-254.8397089063306
-60	-20	2.401111111111111	38.916249802994365	92.96605957615571	-3.832446207959699	5.348427274057717	127.47192204776992	0.5077507847994607	156.47225469647168	-254.82737833746154
-60	-40	2.401111111111111	38.91624980299469	92.96091571814628	-3.828873321681632	5.348427274057724	156.47225469646955	0.9372299383524308	156.47225469647168	-254.75785667000642
60	40	1.2005555555555556	33.37410172419194	92.98059282987815	4.119389351228146	5.15678040985933	156.4722546964694	0.9372299383524171	156.47225469647066	217.78595518630638
60	20	1.2005555555555556	33.37410172419219	92.97459477591104	4.1235555557918815	5.156780409859342	127.4719220477698	0.5077507847994627	156.47225469647066	217.85547685376534
60	10	1.2005555555555556	33.37410172419225	92.97222595939766	4.124294486173933	5.156780409859343	121.61783457211396	0.44111687871188265	156.47225469647066	217.8678074226346
60	5	1.2005555555555556	33.37410172419225	92.97110446065588	4.124465306170535	5.156780409859343	120.2243850198445	0.42616264044730934	156.47225469647066	217.87065790460616
60	2	1.2005555555555556	33.37410172419225	92.97044084129786	4.124512206220464	5.156780409859343	119.83899391946426	0.42208699953924317	156.47225469647066	217.8714405281248
60	0	1.2005555555555556	33.37410172419225	92.97	4.124521094249196	5.156780409859342	119.76581998291124	0.4213160973556433	156.47225469647066	217.87158884311225
60	-2	1.2005555555555556	33.37410172419228	92.96955915870215	4.124512206220462	5.156780409859344	119.83899391946528	0.4220869995392431	156.47225469647066	217.87144052812496
60	-5	1.2005555555555556	33.374101724192286	92.96889553934413	4.124465306170533	5.156780409859347	120.22438501984433	0.4261626404473063	156.47225469647066	217.8706579046065
60	-10	1.2005555555555556	33.37410172419236	92.96777404060236	4.124294486173927	5.156780409859347	121.61783457211524	0.4411168787118998	156.47225469647066	217.8678074226353
60	-20	1.2005555555555556	33.374101724192336	92.96540522408897	4.1235555557918735	5.156780409859347	127.47192204777087	0.5077507847994714	156.47225469647066	217.8554768537663
60	-40	1.2005555555555556	33.374101724192585	92.95940717012188	4.119389351228114	5.156780409859357	156.47225469646702	0.9372299383523841	156.47225469647066	217.78595518631084
30	40	1.2005555555555556	16.119928736286344	92.98761670004373	3.6970041491500854	2.7760454359445665	81.55411328833273	0.7515721762231173	285.2112100562819	73.98599525135693
30	20	1.2005555555555556	16.097639969925986	92.97765205010839	3.7050021811758547	2.771427770001501	66.14054628907783	0.4077343221940764	285.2112100562819	73.95802952878793
30	10	1.2005555555555556	16.093686768303098	92.97370797992087	3.706423048886923	2.7706074316460327	63.05251129023323	0.354312970682066	285.2112100562819	73.95306944539594
30	5	1.2005555555555556	16.092772898872195	92.9718399035054	3.7067516130237657	2.7704177350531802	62.31852324321786	0.3423208991971101	285.2112100562819	73.95192281311705
30	2	1.2005555555555556	16.092521988423798	92.97073440198295	3.706841829567993	2.770365648507085	62.115592007132186	0.3390523720164384	285.2112100562819	73.95160799569392
30	0	1.2005555555555556	16.092474438383277	92.97	3.7068589268229	2.770355777402362	62.07706502231904	0.33843412477104035	285.2112100562819	73.95154833464227
30	-2	1.2005555555555556	16.09252198842382	92.96926559801703	3.7068418295679906	2.7703656485070853	62.115592007132705	0.33905237201644267	285.2112100562819	73.95160799569399
30	-5	1.2005555555555556	16.092772898872234	92.96816009649463	3.7067516130237625	2.770417735053182	62.318523243218	0.3423208991971104	285.2112100562819	73.9519228131172
30	-10	1.2005555555555556	16.09368676830321	92.96629202007915	3.706423048886914	2.7706074316460385	63.052511290233866	0.35431297068206896	285.2112100562819	73.95306944539638
30	-20	1.2005555555555556	16.097639969925947	92.96234794989164	3.7050021811758573	2.771427770001498	66.14054628907823	0.40773432219409783	285.2112100562819	73.95802952878778
30	-40	1.2005555555555556	16.119928736286543	92.95238329995631	3.697004149150067	2.7760454359445763	81.55411328833478	0.7515721762231314	285.2112100562819	73.98599525135766
15	40	1.2005555555555556	12.219934537967196	92.99659962349757	2.8777429461009514	2.0973757716132995	124.00800326961392	0.858359099576014	205.47137962824863	40.60106277655717
15	20	1.2005555555555556	12.181329262193016	92.98157449427701	2.901062923533517	2.0911272024927325	99.44605643131594	0.4665025866925325	205.47137962824863	40.72748439565747
15	10	1.2005555555555556	12.174482116129726	92.97561046831022	2.9052144655948005	2.090014800150067	94.61127767015432	0.40550997022598584	205.47137962824863	40.749906908491795
15	5	1.2005555555555556	12.17289924784372	92.97278412412462	2.9061748504053146	2.0897574658156675	93.46604005088156	0.39181378923375504	205.47137962824863	40.755090365092215
15	2	1.2005555555555556	12.172464658198978	92.97111131230064	2.906438575740243	2.0896868008251492	93.14966942935195	0.3880805020472585	205.47137962824863	40.756513526186986
15	0	1.2005555555555556	12.172382299112886	92.97	2.9064885564525307	2.0896734085336552	93.08961846425146	0.38737433052963494	205.47137962824863	40.75678322945428
15	-2	1.2005555555555556	12.172464658199003	92.9688886876994	2.9064385757402387	2.08968680082515	93.14966942935227	0.38808050204725897	205.47137962824863	40.75651352618702
15	-5	1.2005555555555556	12.172899247843752	92.9672158758754	2.9061748504053098	2.0897574658156683	93.46604005088138	0.39181378923374416	205.47137962824863	40.755090365092265
15	-10	1.2005555555555556	12.17448211612959	92.96438953168973	2.9052144655948218	2.0900148001500622	94.61127767015387	0.40550997022599805	205.47137962824863	40.74990690849158
15	-20	1.2005555555555556	12.181329262192843	92.95842550572297	2.9010629235335386	2.091127202492724	99.44605643131251	0.46650258669250716	205.47137962824863	40.72748439565712
15	-40	1.2005555555555556	12.21993453796759	92.94340037650241	2.877742946100894	2.097375771613317	124.00800326962127	0.8583590995760478	205.47137962824863	40.60106277655787
10	40	1.2005555555555556	11.750979169541417	93.00173268817156	2.115573958554623	1.9003129868622601	180.28318838302425	0.9626086582755851	193.8620946021116	28.360042549432038
10	20	1.2005555555555556	11.729580254490115	92.9839791045427	2.1306988933039306	1.8907108632135676	154.4704375040061	0.5376949448412035	193.8620946021116	28.46355408288093
10	10	1.2005555555555556	11.727161505886825	92.97680175319329	2.132469238813161	1.888892626065927	150.16014408517972	0.4724202899268277	193.8620946021116	28.474427694140868
10	5	1.2005555555555556	11.727026666666575	92.97337676046897	2.1325691660325985	1.8884425117358201	149.0644147766903	0.4578294310083975	193.8620946021116	28.47433773816228
10	2	1.2005555555555556	11.727026666666582	92.9713478211829	2.1325691660325985	1.8883164153952565	148.58760467438682	0.45345094218552234	193.8620946021116	28.474080958498536
10	0	1.2005555555555556	11.727026666666585	92.97	2.132569166032595	1.8882925188770256	148.4970719593614	0.4526227567122327	193.8620946021116	28.474032296182934
10	-2	1.2005555555555556	11.727026666666607	92.96865217881711	2.1325691660325936	1.888316415395256	148.58760467438682	0.4534509421855224	193.8620946021116	28.474080958498533
10	-5	1.2005555555555556	11.727026666666582	92.96662323953107	2.132569166032597	1.8884425117358206	149.0644147766903	0.45782943100839746	193.8620946021116	28.474337738162287
10	-10	1.2005555555555556	11.727161505886933	92.96319824680673	2.132469238813141	1.88889262606593	150.16014408518006	0.47242028992682505	193.8620946021116	28.474427694140914
10	-20	1.2005555555555556	11.729580254490163	92.95602089545733	2.130698893303925	1.8907108632135698	154.4704375040077	0.537694944841216	193.8620946021116	28.463554082880982
10	-40	1.2005555555555556	11.750979169541734	92.93826731182844	2.1155739585545668	1.9003129868622717	180.28318838302542	0.9626086582755752	193.8620946021116	28.360042549432176
5	40	1.2005555555555556	11.72702666666656	93.00201615956814	1.0581229569243678	1.760048342780052	187.28065627840806	0.995363517328352	187.28065627840928	14.160323721853471
5	20	1.2005555555555556	11.727026666666461	92.98388742011716	1.0581229569243749	1.7491016171180265	152.67050645632338	0.5392450522575775	187.28065627840928	14.149135317454386
5	10	1.2005555555555556	11.72702666666657	92.97672782175174	1.0581229569243662	1.7471600734295463	145.6761491401181	0.4684780436265439	187.28065627840928	14.147150908909266
5	5	1.2005555555555556	11.727026666666506	92.97333816260644	1.0581229569243735	1.7467112429384368	144.0109258841914	0.4525962385444397	187.28065627840928	14.146692169264547
5	2	1.2005555555555556	11.727026666666577	92.9713324149919	1.058122956924366	1.746588012796411	143.55034578663532	0.4482677977812972	187.28065627840928	14.146566218482025
5	0	1.2005555555555556	11.727026666666585	92.97	1.058122956924364	1.7465646594514834	143.4628946180617	0.44744907883352275	187.28065627840928	14.14654234954849
5	-2	1.2005555555555556	11.727026666666585	92.96866758500809	1.0581229569243629	1.746588012796411	143.5503457866353	0.44826779778129716	187.28065627840928	14.146566218481999
5	-5	1.2005555555555556	11.72702666666664	92.96666183739362	1.058122956924361	1.746711242938443	144.01092588419138	0.4525962385444397	187.28065627840928	14.146692169264568
5	-10	1.2005555555555556	11.727026666666609	92.96327217824823	1.0581229569243606	1.7471600734295476	145.67614914011878	0.46847804362655326	187.28065627840928	14.14715090890925
5	-20	1.2005555555555556	11.72702666666667	92.95611257988281	1.058122956924357	1.7491016171180365	152.67050645632364	0.5392450522575817	187.28065627840928	14.14913531745444
5	-40	1.2005555555555556	11.727026666666825	92.9379838404319	1.0581229569243449	1.7600483427800642	187.2806562784082	0.9953635173283533	187.28065627840928	14.160323721853533
2	40	1.2005555555555556	11.727026666666193	93.0019137694211	0.42234578039627996	1.7210496751168634	185.48696468392734	0.9921802680479809	185.4869646839277	5.65421248335366
2	20	1.2005555555555556	11.72702666666648	92.98384300707676	0.42234578039626	1.7101728544405892	151.2100281757738	0.5375205049995034	185.4869646839277	5.649760956012991
2	10	1.2005555555555556	11.727026666666523	92.97670630565904	0.4223457803962619	1.708243709307439	144.28287357464717	0.4669798147189223	185.4869646839277	5.648971419938134
2	5	1.2005555555555556	11.72702666666657	92.97332748690503	0.4223457803962619	1.7077977450148714	142.63364385294605	0.45114880087409764	185.4869646839277	5.648788901323537
2	2	1.2005555555555556	11.727026666666575	92.97132815382604	0.4223457803962599	1.7076753018114759	142.17748695946275	0.4468342027983072	185.4869646839277	5.648738789320772
2	0	1.2005555555555556	11.727026666666585	92.97000000000001	0.4223457803962601	1.707652097599293	142.09087561264622	0.4460181021768311	185.4869646839277	5.648729292594849
2	-2	1.2005555555555556	11.727026666666577	92.96867184617393	0.42234578039626136	1.7076753018114756	142.17748695946275	0.44683420279830716	185.4869646839277	5.64873878932079
2	-5	1.2005555555555556	11.727026666666594	92.966672513095	0.4223457803962589	1.7077977450148727	142.6336438529448	0.4511488008740862	185.4869646839277	5.648788901323515
2	-10	1.2005555555555556	11.727026666666674	92.96329369434098	0.4223457803962562	1.7082437093074465	144.28287357464686	0.4669798147189132	185.4869646839277	5.6489714199381424
2	-20	1.2005555555555556	11.72702666666662	92.95615699292321	0.4223457803962581	1.7101728544405956	151.2100281757748	0.5375205049995181	185.4869646839277	5.649760956013039
2	-40	1.2005555555555556	11.727026666666985	92.9380862305789	0.42234578039624604	1.7210496751169022	185.48696468392635	0.9921802680479775	185.4869646839277	5.65421248335366
0	40	1.2005555555555556	11.727026666666584	93.00189432841503	0.00000000000000029348371707218846	1.7136590373826306	185.14769119991095	0.9915758586364994	185.14769119991095	0.000000000000003441691376337985
0	20	1.2005555555555556	11.727026666666598	92.9838345742909	0.00000000000000017040990023546407	1.7027954644005938	150.93378075202588	0.5371930620311903	185.14769119991095	0.0000000000000019984014443252818
0	10	1.2005555555555556	11.727026666666564	92.97670222035882	0.00000000000000007573773343798425	1.7008686689177328	144.01933734394404	0.4666953432331414	185.14769119991095	0.0000000000000008881784197001252
0	5	1.2005555555555556	11.727026666666557	92.97332545988988	0.0000000000000000757377334379843	1.7004232477984638	142.3731327537507	0.4508739732142377	185.14769119991095	0.0000000000000008881784197001252
0	2	1.2005555555555556	11.727026666666589	92.9713273447506	-0.000000000000000018934433359496022	1.7003009537278135	141.91781249688322	0.4465620034750186	185.14769119991095	-0.0000000000000002220446049250313
0	0	1.2005555555555556	11.727026666666577	92.97000000000003	0.0000000000000002272132003139525	1.7002777777777776	141.83135999999908	0.4457463999999908	185.14769119991095	0.0000000000000026645352591003757
0	-2	1.2005555555555556	11.727026666666594	92.96867265524939	0.00000000000000011360660015697608	1.7003009537278142	141.91781249688327	0.44656200347501857	185.14769119991095	0.0000000000000013322676295501878
0	-5	1.2005555555555556	11.72702666666661	92.9666745401101	0.00000000000000037868866718991977	1.7004232477984658	142.3731327537507	0.4508739732142377	185.14769119991095	0.000000000000004440892098500626
0	-10	1.2005555555555556	11.727026666666633	92.96329777964121	0.0000000000000004544264006279028	1.700868668917737	144.01933734394402	0.46669534323314127	185.14769119991095	0.000000000000005329070518200751
0	-20	1.2005555555555556	11.727026666666625	92.95616542570907	-0.00000000000000009467216679747983	1.7027954644005947	150.93378075202585	0.5371930620311903	185.14769119991095	-0.0000000000000011102230246251565
0	-40	1.2005555555555556	11.72702666666676	92.93810567158495	0.00000000000000015147546687596599	1.713659037382639	185.14769119991095	0.9915758586364993	185.14769119991095	0.0000000000000017763568394002505
-2	40	1.2005555555555556	11.727026666666188	93.00191376942108	-0.42234578039628073	1.7210496751168627	185.4869646839263	0.9921802680479591	185.48696468392833	-5.654212483353666
-2	20	1.2005555555555556	11.727026666666493	92.98384300707677	-0.42234578039625914	1.7101728544405892	151.2100281757748	0.5375205049995181	185.48696468392833	-5.649760956012988
-2	10	1.2005555555555556	11.727026666666521	92.97670630565902	-0.4223457803962618	1.708243709307439	144.28287357464833	0.46697981471893546	185.48696468392833	-5.648971419938132
-2	5	1.2005555555555556	11.727026666666577	92.973327486905	-0.42234578039626053	1.7077977450148716	142.63364385294602	0.45114880087409737	185.48696468392833	-5.648788901323525
-2	2	1.2005555555555556	11.727026666666578	92.97132815382606	-0.42234578039625986	1.7076753018114763	142.17748695946275	0.44683420279830727	185.48696468392833	-5.648738789320773
-2	0	1.2005555555555556	11.727026666666584	92.97000000000003	-0.422345780396259	1.7076520975992928	142.09087561264622	0.44601810217683124	185.48696468392833	-5.648729292594836
-2	-2	1.2005555555555556	11.727026666666573	92.968671846174	-0.422345780396261	1.7076753018114754	142.17748695946278	0.4468342027983072	185.48696468392833	-5.648738789320784
-2	-5	1.2005555555555556	11.727026666666594	92.966672513095	-0.42234578039625814	1.7077977450148725	142.6336438529457	0.4511488008740963	185.48696468392833	-5.648788901323506
-2	-10	1.2005555555555556	11.727026666666678	92.96329369434099	-0.42234578039625564	1.708243709307447	144.282873574646	0.46697981471890887	185.48696468392833	-5.648971419938138
-2	-20	1.2005555555555556	11.72702666666661	92.95615699292323	-0.4223457803962576	1.7101728544405952	151.21002817577366	0.5375205049995034	185.48696468392833	-5.649760956013028
-2	-40	1.2005555555555556	11.727026666666964	92.93808623057889	-0.42234578039623605	1.7210496751169024	185.48696468392515	0.9921802680479557	185.48696468392833	-5.6542124833535325
-5	40	1.2005555555555556	11.72702666666657	93.00201615956814	-1.0581229569243662	1.7600483427800526	187.2806562784084	0.9953635173283684	187.28065627841076	-14.160323721853464
-5	20	1.2005555555555556	11.727026666666468	92.98388742011718	-1.0581229569243744	1.7491016171180278	152.67050645632563	0.5392450522576068	187.28065627841076	-14.149135317454391
-5	10	1.2005555555555556	11.727026666666577	92.9767278217518	-1.0581229569243644	1.7471600734295467	145.67614914011787	0.46847804362654094	187.28065627841076	-14.147150908909254
-5	5	1.2005555555555556	11.727026666666504	92.97333816260642	-1.0581229569243724	1.7467112429384362	144.01092588419144	0.45259623854443976	187.28065627841076	-14.14669216926453
-5	2	1.2005555555555556	11.727026666666575	92.97133241499192	-1.058122956924366	1.7465880127964113	143.55034578663452	0.448267797781287	187.28065627841076	-14.146566218482024
-5	0	1.2005555555555556	11.727026666666587	92.97	-1.058122956924363	1.7465646594514832	143.4628946180617	0.44744907883352275	187.28065627841076	-14.146542349548483
-5	-2	1.2005555555555556	11.727026666666584	92.9686675850081	-1.0581229569243629	1.746588012796412	143.5503457866345	0.44826779778128695	187.28065627841076	-14.146566218481997
-5	-5	1.2005555555555556	11.727026666666639	92.96666183739359	-1.0581229569243606	1.7467112429384424	144.01092588419138	0.45259623854443976	187.28065627841076	-14.146692169264561
-5	-10	1.2005555555555556	11.727026666666617	92.96327217824823	-1.0581229569243582	1.7471600734295483	145.67614914011799	0.4684780436265426	187.28065627841076	-14.147150908909232
-5	-20	1.2005555555555556	11.727026666666669	92.95611257988283	-1.0581229569243558	1.7491016171180371	152.6705064563267	0.5392450522576194	187.28065627841076	-14.149135317454427
-5	-40	1.2005555555555556	11.727026666666834	92.93798384043185	-1.0581229569243429	1.7600483427800644	187.28065627840803	0.9953635173283509	187.28065627841076	-14.160323721853521
-10	40	1.2005555555555556	11.750979169541415	93.00173268817157	-2.1155739585546205	1.90031298686226	180.28318838302414	0.9626086582755891	193.8620946021123	-28.36004254943201
-10	20	1.2005555555555556	11.729580254490118	92.98397910454267	-2.1306988933039293	1.8907108632135672	154.47043750400624	0.5376949448412037	193.8620946021123	-28.463554082880922
-10	10	1.2005555555555556	11.72716150588682	92.97680175319329	-2.1324692388131616	1.8888926260659264	150.1601440851795	0.47242028992682505	193.8620946021123	-28.47442769414086
-10	5	1.2005555555555556	11.727026666666582	92.97337676046892	-2.1325691660325963	1.88844251173582	149.0644147766903	0.45782943100839746	193.8620946021123	-28.474337738162276
-10	2	1.2005555555555556	11.727026666666584	92.97134782118289	-2.132569166032598	1.8883164153952556	148.58760467438682	0.45345094218552234	193.8620946021123	-28.47408095849853
-10	0	1.2005555555555556	11.727026666666587	92.97	-2.132569166032594	1.8882925188770254	148.49707195936136	0.45262275671223273	193.8620946021123	-28.47403229618293
-10	-2	1.2005555555555556	11.727026666666609	92.9686521788171	-2.1325691660325923	1.8883164153952565	148.58760467438682	0.45345094218552234	193.8620946021123	-28.47408095849853
-10	-5	1.2005555555555556	11.727026666666587	92.96662323953106	-2.132569166032596	1.8884425117358206	149.0644147766903	0.4578294310083974	193.8620946021123	-28.474337738162284
-10	-10	1.2005555555555556	11.72716150588693	92.96319824680673	-2.132469238813142	1.8888926260659302	150.16014408517825	0.4724202899268006	193.8620946021123	-28.474427694140914
-10	-20	1.2005555555555556	11.729580254490168	92.95602089545733	-2.130698893303924	1.89071086321357	154.47043750400792	0.5376949448412189	193.8620946021123	-28.463554082880986
-10	-40	1.2005555555555556	11.750979169541738	92.93826731182844	-2.115573958554566	1.900312986862272	180.2831883830261	0.9626086582755753	193.8620946021123	-28.360042549432173
-15	40	1.2005555555555556	12.219934537967182	92.99659962349759	-2.8777429461009554	2.0973757716133004	124.00800326961382	0.8583590995760135	205.47137962824868	-40.60106277655718
-15	20	1.2005555555555556	12.181329262193005	92.98157449427701	-2.901062923533519	2.0911272024927325	99.4460564313147	0.46650258669251293	205.47137962824868	-40.727484395657456
-15	10	1.2005555555555556	12.174482116129727	92.97561046831026	-2.9052144655948013	2.090014800150068	94.61127767015428	0.40550997022598584	205.47137962824868	-40.74990690849181
-15	5	1.2005555555555556	12.17289924784372	92.9727841241246	-2.9061748504053138	2.0897574658156675	93.4660400508816	0.39181378923375515	205.47137962824868	-40.7550903650922
-15	2	1.2005555555555556	12.172464658198976	92.97111131230062	-2.9064385757402422	2.0896868008251492	93.14966942935234	0.38808050204726685	205.47137962824868	-40.75651352618697
-15	0	1.2005555555555556	12.172382299112888	92.97000000000003	-2.9064885564525302	2.089673408533655	93.08961846425147	0.38737433052963494	205.47137962824868	-40.75678322945428
-15	-2	1.2005555555555556	12.172464658198997	92.96888868769942	-2.9064385757402396	2.0896868008251506	93.14966942935268	0.38808050204726735	205.47137962824868	-40.756513526187014
-15	-5	1.2005555555555556	12.172899247843747	92.9672158758754	-2.9061748504053098	2.0897574658156683	93.4660400508819	0.39181378923375554	205.47137962824868	-40.75509036509225
-15	-10	1.2005555555555556	12.174482116129587	92.96438953168976	-2.9052144655948227	2.090014800150062	94.6112776701537	0.4055099702259951	205.47137962824868	-40.74990690849157
-15	-20	1.2005555555555556	12.181329262192845	92.95842550572301	-2.901062923533538	2.0911272024927245	99.44605643131217	0.4665025866924979	205.47137962824868	-40.72748439565712
-15	-40	1.2005555555555556	12.219934537967603	92.94340037650241	-2.8777429461008914	2.097375771613316	124.00800326962225	0.8583590995760668	205.47137962824868	-40.60106277655787
-30	40	1.2005555555555556	16.11992873628634	92.98761670004373	-3.6970041491500845	2.7760454359445657	81.55411328833279	0.7515721762231174	285.2112100562828	-73.9859952513569
-30	20	1.2005555555555556	16.097639969925993	92.97765205010839	-3.7050021811758533	2.7714277700015004	66.14054628907809	0.40773432219408734	285.2112100562828	-73.95802952878793
-30	10	1.2005555555555556	16.0936867683031	92.97370797992086	-3.706423048886922	2.770607431646032	63.052511290233426	0.35431297068207196	285.2112100562828	-73.95306944539593
-30	5	1.2005555555555556	16.092772898872195	92.9718399035054	-3.7067516130237657	2.7704177350531802	62.31852324321766	0.342320899197106	285.2112100562828	-73.95192281311705
-30	2	1.2005555555555556	16.092521988423798	92.97073440198297	-3.706841829567993	2.770365648507084	62.11559200713217	0.3390523720164384	285.2112100562828	-73.95160799569392
-30	0	1.2005555555555556	16.09247443838328	92.97	-3.7068589268228993	2.770355777402361	62.07706502231906	0.33843412477104035	285.2112100562828	-73.95154833464227
-30	-2	1.2005555555555556	16.09252198842382	92.96926559801703	-3.7068418295679906	2.7703656485070858	62.11559200713289	0.3390523720164483	285.2112100562828	-73.95160799569399
-30	-5	1.2005555555555556	16.092772898872237	92.96816009649463	-3.706751613023761	2.7704177350531816	62.31852324321788	0.34232089919710634	285.2112100562828	-73.9519228131172
-30	-10	1.2005555555555556	16.09368676830321	92.96629202007915	-3.706423048886913	2.7706074316460385	63.05251129023398	0.354312970682073	285.2112100562828	-73.95306944539637
-30	-20	1.2005555555555556	16.09763996992594	92.96234794989161	-3.7050021811758582	2.7714277700014973	66.14054628907783	0.40773432219408684	285.2112100562828	-73.95802952878773
-30	-40	1.2005555555555556	16.119928736286546	92.95238329995627	-3.6970041491500663	2.7760454359445754	81.55411328833509	0.7515721762231389	285.2112100562828	-73.98599525135766
-60	40	1.2005555555555556	33.374101724191945	92.98059282987819	-4.119389351228148	5.156780409859333	156.47225469646838	0.9372299383524082	156.47225469647168	-217.78595518630655
-60	20	1.2005555555555556	33.37410172419219	92.97459477591102	-4.12355555579188	5.15678040985934	127.47192204776957	0.507750784799455	156.47225469647168	-217.85547685376523
-60	10	1.2005555555555556	33.37410172419225	92.97222595939763	-4.124294486173931	5.156780409859342	121.6178345721134	0.4411168787118769	156.47225469647168	-217.86780742263454
-60	5	1.2005555555555556	33.37410172419224	92.9711044606559	-4.124465306170535	5.156780409859344	120.22438501984394	0.42616264044729796	156.47225469647168	-217.87065790460616
-60	2	1.2005555555555556	33.374101724192236	92.97044084129786	-4.124512206220466	5.156780409859343	119.83899391946386	0.42208699953923734	156.47225469647168	-217.87144052812468
-60	0	1.2005555555555556	33.374101724192265	92.96999999999997	-4.124521094249196	5.156780409859343	119.76581998291124	0.4213160973556433	156.47225469647168	-217.87158884311236
-60	-2	1.2005555555555556	33.37410172419227	92.96955915870215	-4.124512206220463	5.156780409859345	119.83899391946437	0.4220869995392375	156.47225469647168	-217.87144052812496
-60	-5	1.2005555555555556	33.37410172419229	92.96889553934415	-4.124465306170532	5.156780409859345	120.22438501984433	0.4261626404473063	156.47225469647168	-217.87065790460645
-60	-10	1.2005555555555556	33.37410172419236	92.96777404060234	-4.124294486173926	5.156780409859346	121.61783457211428	0.4411168787118873	156.47225469647168	-217.86780742263528
-60	-20	1.2005555555555556	33.37410172419234	92.96540522408893	-4.123555555791872	5.156780409859345	127.47192204776991	0.5077507847994575	156.47225469647168	-217.85547685376628
-60	-40	1.2005555555555556	33.37410172419259	92.95940717012186	-4.119389351228114	5.156780409859356	156.47225469646645	0.937229938352381	156.47225469647168	-217.78595518631087
60	40	0	27.831953645389817	92.98270216911125	4.387581229012261	4.8888086628476035	156.47225469646776	0.9372299383523971	156.47225469647066	178.8933084690868
60	20	0	27.831953645390147	92.97550972887527	4.392577045572083	4.888808662847623	127.47192204777252	0.5077507847994852	156.47225469647066	178.9628301365463
60	10	0	27.83195364539013	92.97266921238506	4.393463118395142	4.888808662847624	121.61783457211607	0.44111687871191246	156.47225469647066	178.97516070541513
60	5	0	27.831953645390143	92.9713243907614	4.3936679536005965	4.888808662847625	120.22438501984323	0.4261626404472943	156.47225469647066	178.9780111873868
60	2	0	27.831953645390136	92.97052862556852	4.3937241928088495	4.888808662847623	119.83899391946301	0.4220869995392234	156.47225469647066	178.9787938109053
60	0	0	27.83195364539015	92.97	4.393734850701531	4.888808662847623	119.76581998291101	0.4213160973556432	156.47225469647066	178.97894212589293
60	-2	0	27.83195364539016	92.96947137443148	4.3937241928088495	4.888808662847625	119.83899391946238	0.4220869995392275	156.47225469647066	178.9787938109055
60	-5	0	27.831953645390172	92.96867560923862	4.393667953600596	4.888808662847627	120.22438501984249	0.4261626404472901	156.47225469647066	178.97801118738704
60	-10	0	27.831953645390268	92.96733078761496	4.393463118395136	4.888808662847631	121.61783457211283	0.4411168787118747	156.47225469647066	178.97516070541613
60	-20	0	27.83195364539023	92.96449027112476	4.392577045572079	4.888808662847628	127.4719220477723	0.5077507847994943	156.47225469647066	178.96283013654687
60	-40	0	27.83195364539055	92.95729783088875	4.387581229012229	4.888808662847646	156.4722546964682	0.9372299383524115	156.47225469647066	178.8933084690921
30	40	0	9.332724056486033	92.99313834658965	4.387056414607057	2.3776435747280695	36.02568660420427	0.5707975226276363	285.2112100562819	46.552785693806435
30	20	0	9.310435290125653	92.98006058186144	4.397558831775364	2.3715800013488075	29.107680418026348	0.30997638962929636	285.2112100562819	46.49806106895686
30	10	0	9.306482088502822	92.97487596345782	4.399426824056961	2.3705015155021827	27.730075394527802	0.2694115773912946	285.2112100562819	46.48835494739459
30	5	0	9.305568219071878	92.97241955836122	4.399858877381769	2.3702520693988007	27.40301775859659	0.26030386046064513	285.2112100562819	46.48611116409316
30	2	0	9.305317308623486	92.97096578361906	4.399977516061908	2.3701835733248866	27.312619118025907	0.2578213754390918	285.2112100562819	46.48549511473729
30	0	0	9.305269758582972	92.97000000000001	4.4	2.3701705922171765	27.29545795851007	0.2573518040303013	285.2112100562819	46.48537836722035
30	-2	0	9.305317308623502	92.96903421638096	4.399977516061907	2.3701835733248875	27.312619118025907	0.25782137543909195	285.2112100562819	46.48549511473736
30	-5	0	9.30556821907191	92.96758044163876	4.3998588773817655	2.370252069398804	27.403017758597088	0.260303860460653	285.2112100562819	46.4861111640933
30	-10	0	9.306482088502905	92.96512403654216	4.399426824056952	2.3705015155021893	27.730075394528342	0.2694115773913047	285.2112100562819	46.48835494739496
30	-20	0	9.310435290125605	92.95993941813857	4.3975588317753695	2.371580001348804	29.107680418026206	0.30997638962930063	285.2112100562819	46.49806106895665
30	-40	0	9.332724056486347	92.94686165341034	4.387056414607021	2.377643574728091	36.02568660420583	0.5707975226276312	285.2112100562819	46.552785693807806
15	40	0	4.366142963105238	93.01434346734172	4.352079019691398	1.7023286113226688	27.15762752740386	0.5076257078392574	205.47137962824863	20.278029625788992
15	20	0	4.327537687330938	92.98940613642186	4.3909032247905335	1.6919256969195746	21.162117497317084	0.2774955008574709	205.47137962824863	20.24936855611353
15	10	0	4.3206905412676715	92.97941628683785	4.397861639294552	1.6900611953726221	20.02656501204993	0.2414618237174524	205.47137962824863	20.244285143899354
15	5	0	4.319107672981696	92.97467381827094	4.399473369365171	1.6896293336017818	19.75966370143719	0.23336160496422328	205.47137962824863	20.243110001452425
15	2	0	4.318673083336945	92.97186572463364	4.3999160899721295	1.6895107069726754	19.68607189757372	0.23115309427275155	205.47137962824863	20.24278735632588
15	0	0	4.318590724250861	92.97	4.400000000000001	1.6894882233484703	19.67211008293009	0.23073531521176768	205.47137962824863	20.242726211846104
15	-2	0	4.318673083336955	92.9681342753664	4.399916089972127	1.6895107069726754	19.68607189757377	0.23115309427275182	205.47137962824863	20.242787356325913
15	-5	0	4.319107672981725	92.96532618172908	4.399473369365164	1.6896293336017838	19.759663701437532	0.23336160496423078	205.47137962824863	20.24311000145254
15	-10	0	4.320690541267579	92.96058371316218	4.397861639294575	1.6900611953726155	20.02656501204902	0.2414618237174413	205.47137962824863	20.24428514389901
15	-20	0	4.327537687330828	92.95059386357813	4.390903224790559	1.6919256969195668	21.162117497316288	0.27749550085746943	205.47137962824863	20.24936855611312
15	-40	0	4.366142963105414	92.92565653265828	4.352079019691352	1.70232861132268	27.15762752740575	0.5076257078392715	205.47137962824863	20.278029625789635
10	40	0	2.911413936074505	93.03522528169454	4.294939851853259	1.5064442962741238	27.541091889734176	0.49112151258261055	193.8620946021116	13.075979176198127
10	20	0	2.854976798485211	92.99885158486791	4.379842157008851	1.4914737291508475	20.265877586430868	0.2714848029988163	193.8620946021116	13.053793880536743
10	10	0	2.8449669405910285	92.9840264554488	4.395252387955625	1.4887564896559826	18.963438943199698	0.23669149248615914	193.8620946021116	13.049859030783391
10	5	0	2.8426529419614104	92.97696521187682	4.398830245756164	1.488125616792609	18.661025801389513	0.22885384160250216	193.8620946021116	13.048949403790456
10	2	0	2.842017614403598	92.97278075949875	4.399813595775911	1.487952225652648	18.57789354352822	0.22671586555276627	193.8620946021116	13.048699658138649
10	0	0	2.841897213474433	92.97000000000001	4.4000000000000075	1.4879193575586238	18.562133994920217	0.22631137835611634	193.8620946021116	13.048652328838688
10	-2	0	2.842017614403609	92.96721924050125	4.399813595775907	1.4879522256526487	18.577893543527992	0.22671586555275366	193.8620946021116	13.048699658138686
10	-5	0	2.8426529419614175	92.96303478812317	4.398830245756163	1.4881256167926098	18.661025801389663	0.22885384160250893	193.8620946021116	13.048949403790486
10	-10	0	2.844966940591071	92.9559735445512	4.395252387955609	1.4887564896559853	18.963438943200494	0.23669149248616775	193.8620946021116	13.049859030783542
10	-20	0	2.8549767984851204	92.9411484151321	4.379842157008889	1.491473729150842	20.26587758643005	0.2714848029988208	193.8620946021116	13.053793880536427
10	-40	0	2.9114139360746893	92.90477471830545	4.294939851853189	1.5064442962741351	27.54109188973679	0.4911215125826446	193.8620946021116	13.075979176198759
5	40	0	1.5469935025412098	93.09134968776631	4.010565045063424	1.3265462034947135	36.2006491154664	0.4493557320119776	187.28065627840928	6.359566148749959
5	20	0	1.4358340412294615	93.02671203682624	4.321055141525506	1.2993818399172101	21.125618966376933	0.2646965736774484	187.28065627840928	6.343314942594876
5	10	0	1.4161184699081015	92.9978569013709	4.381214000149733	1.2941186217769305	18.66994590297245	0.23323463941411654	187.28065627840928	6.340432580533952
5	5	0	1.4115607823262222	92.98386646696098	4.395360188462682	1.2928809906674454	18.11360022683281	0.22605923540839354	187.28065627840928	6.33976625920046
5	2	0	1.410309431317011	92.97553965881326	4.399260139980904	1.2925397891213004	17.961624772375103	0.22409620443626166	187.28065627840928	6.339583315140039
5	0	0	1.4100722877800136	92.97000000000001	4.3999999999999995	1.2924750597570331	17.93286182725769	0.2237245394167614	187.28065627840928	6.339548645410057
5	-2	0	1.4103094313170148	92.96446034118675	4.399260139980901	1.2925397891213006	17.96162477237518	0.22409620443626196	187.28065627840928	6.339583315140051
5	-5	0	1.4115607823262926	92.95613353303904	4.395360188462626	1.29288099066745	18.113600226834322	0.22605923540840583	187.28065627840928	6.339766259200697
5	-10	0	1.4161184699081246	92.94214309862909	4.381214000149715	1.2941186217769323	18.669945902972543	0.23323463941411524	187.28065627840928	6.3404325805340305
5	-20	0	1.4358340412295512	92.91328796317373	4.3210551415254335	1.299381839917216	21.12561896637917	0.26469657367745686	187.28065627840928	6.343314942595169
5	-40	0	1.5469935025413377	92.84865031223372	4.010565045063336	1.326546203494721	36.200649115469524	0.4493557320119962	187.28065627840928	6.359566148750351
2	40	0	0.8978096347726532	93.1784259349309	2.7583020038065516	1.235659378435249	75.63515530226906	0.2480271680870936	185.4869646839277	2.513638584608104
2	20	0	0.6269550099792611	93.09946488229006	3.949932730758902	1.1925423882467927	31.059191018149754	0.2381368973268288	185.4869646839277	2.501014861844618
2	10	0	0.5778760808438991	93.03804661752336	4.285399926942707	1.1808276156168156	20.883618479343532	0.2272459252579639	185.4869646839277	2.4987359808891196
2	5	0	0.5665304078119636	93.00443904080852	4.371221880560477	1.1778306469571986	18.529460269362986	0.22408932207323243	185.4869646839277	2.49820916747551
2	2	0	0.563415358975406	92.98382221400885	4.395389786913143	1.176986685070359	17.883700075222755	0.2231827648568525	185.4869646839277	2.4980645264738737
2	0	0	0.5628250260523918	92.97000000000001	4.4	1.1768256928818452	17.761359451580766	0.2230090510884156	185.4869646839277	2.4980371155568415
2	-2	0	0.5634153589754108	92.95617778599114	4.395389786913136	1.1769866850703592	17.883700075222947	0.2231827648568532	185.4869646839277	2.4980645264738914
2	-5	0	0.5665304078119806	92.93556095919149	4.371221880560436	1.1778306469571997	18.529460269363994	0.22408932207323098	185.4869646839277	2.498209167475562
2	-10	0	0.5778760808439863	92.90195338247663	4.285399926942556	1.1808276156168216	20.883618479347675	0.22724592525797513	185.4869646839277	2.498735980889409
2	-20	0	0.6269550099793497	92.84053511770996	3.949932730758775	1.1925423882467978	31.059191018155026	0.2381368973268657	185.4869646839277	2.501014861844892
2	-40	0	0.8978096347731055	92.76157406506913	2.7583020038059765	1.2356593784352718	75.63515530230067	0.24802716808724298	185.4869646839277	2.513638584608855
0	40	0	0.7581600807538207	93.21666666666668	-0.00000000000000014872456200329198	1.203488954511858	92.57384559994729	0.1239469823295295	185.14769119991095	-0.00000000000000011275702593849246
0	20	0	0.3288616654688838	93.21666666666667	0.00000000000000017341344480338496	1.1448896622261646	75.4668903760143	0.06714913275390239	185.14769119991095	0.00000000000000005702903427273753
0	10	0	0.15931848014930805	93.21666666666668	-0.00000000000000008495929966466295	1.1217469942873763	72.0096686719693	0.058336917904136115	185.14769119991095	-0.000000000000000013535586497123718
0	5	0	0.07904950704220325	93.2166666666667	0.00000000000000008827734918358141	1.1107902685015303	71.18656637687263	0.056359246651773165	185.14769119991095	0.000000000000000006978280935954553
0	2	0	0.03155231206656866	93.21666666666665	0.000000000000000042328409936028544	1.1043068949039818	70.95890624844027	0.05582025043437408	185.14769119991095	0.000000000000000001335559199583218
0	0	0	0.000000000000004337863401815382	92.97	0.00000000000000018185471328831516	1.0999999999999996	141.83135999999908	0.4457463999999908	185.14769119991095	0.0000000000000000000000000000007888609052210117
0	-2	0	0.03155231206657862	92.72333333333334	0.00000000000007534180461477459	1.1043068949039827	70.95890624844571	0.05582025043438693	185.14769119991095	0.000000000000002377208130864561
0	-5	0	0.0790495070422337	92.72333333333334	0.000000000000007511970056347758	1.1107902685015323	71.18656637688352	0.05635924665179909	185.14769119991095	0.0000000000000005938175298703108
0	-10	0	0.1593184801493327	92.72333333333336	-0.000000000000007240786570668327	1.1217469942873781	72.00966867197201	0.05833691790414272	185.14769119991095	-0.0000000000000011535911115245767
0	-20	0	0.32886166546888757	92.72333333333334	-0.00000000000000006857413786901836	1.144889662226165	75.46689037601702	0.06714913275390963	185.14769119991095	-0.000000000000000022551405187698492
0	-40	0	0.7581600807539778	92.72333333333336	-0.0000000000000005948982480130446	1.2034889545118674	92.57384559996092	0.12394698232958434	185.14769119991095	-0.0000000000000004510281037539698
-2	40	0	0.8978096347726521	93.1784259349309	-2.758302003806555	1.2356593784352488	75.63515530226896	0.24802716808709308	185.48696468392833	-2.513638584608104
-2	20	0	0.6269550099792656	93.09946488229006	-3.9499327307588907	1.192542388246793	31.059191018150045	0.23813689732682986	185.48696468392833	-2.501014861844629
-2	10	0	0.5778760808439009	93.03804661752338	-4.285399926942706	1.1808276156168158	20.88361847934354	0.22724592525796383	185.48696468392833	-2.4987359808891263
-2	5	0	0.5665304078119621	93.00443904080853	-4.371221880560482	1.1778306469571986	18.529460269362758	0.22408932207322613	185.48696468392833	-2.4982091674755056
-2	2	0	0.563415358975405	92.98382221400887	-4.39538978691314	1.1769866850703585	17.883700075222542	0.22318276485684585	185.48696468392833	-2.4980645264738675
-2	0	0	0.5628250260523919	92.96999999999998	-4.3999999999999995	1.176825692881845	17.761359451580773	0.2230090510884156	185.48696468392833	-2.4980371155568415
-2	-2	0	0.563415358975411	92.95617778599116	-4.395389786913134	1.1769866850703592	17.883700075222755	0.22318276485684668	185.48696468392833	-2.498064526473891
-2	-5	0	0.56653040781198	92.93556095919148	-4.3712218805604355	1.1778306469571997	18.529460269363994	0.22408932207323087	185.48696468392833	-2.498209167475559
-2	-10	0	0.5778760808439851	92.90195338247666	-4.285399926942554	1.1808276156168216	20.883618479347987	0.22724592525798226	185.48696468392833	-2.4987359808894025
-2	-20	0	0.6269550099793453	92.84053511770993	-3.949932730758786	1.1925423882467978	31.05919101815411	0.23813689732685905	185.48696468392833	-2.5010148618448813
-2	-40	0	0.897809634773107	92.76157406506915	-2.7583020038059725	1.2356593784352718	75.63515530230427	0.24802716808726097	185.48696468392833	-2.513638584608856
-5	40	0	1.5469935025412012	93.09134968776634	-4.010565045063432	1.3265462034947133	36.20064911546595	0.44935573201196566	187.28065627841076	-6.359566148749936
-5	20	0	1.4358340412294568	93.02671203682628	-4.321055141525512	1.2993818399172097	21.125618966376848	0.26469657367744825	187.28065627841076	-6.343314942594863
-5	10	0	1.416118469908108	92.99785690137091	-4.3812140001497415	1.2941186217769314	18.669945902972287	0.23323463941411623	187.28065627841076	-6.340432580533994
-5	5	0	1.4115607823262217	92.98386646696099	-4.39536018846268	1.292880990667445	18.113600226832816	0.22605923540839418	187.28065627841076	-6.339766259200456
-5	2	0	1.4103094313170115	92.97553965881328	-4.399260139980902	1.2925397891213	17.961624772375117	0.2240962044362623	187.28065627841076	-6.339583315140039
-5	0	0	1.4100722877800136	92.97000000000001	-4.3999999999999995	1.2924750597570331	17.932861827257717	0.2237245394167614	187.28065627841076	-6.339548645410057
-5	-2	0	1.410309431317014	92.96446034118675	-4.399260139980901	1.2925397891213002	17.96162477237519	0.22409620443626252	187.28065627841076	-6.339583315140047
-5	-5	0	1.411560782326291	92.95613353303904	-4.395360188462628	1.2928809906674499	18.113600226834137	0.22605923540839978	187.28065627841076	-6.339766259200693
-5	-10	0	1.416118469908119	92.9421430986291	-4.381214000149723	1.2941186217769323	18.669945902972238	0.23323463941410907	187.28065627841076	-6.340432580534017
-5	-20	0	1.435834041229549	92.91328796317374	-4.321055141525437	1.299381839917216	21.125618966378973	0.2646965736774578	187.28065627841076	-6.343314942595164
-5	-40	0	1.5469935025413382	92.84865031223369	-4.010565045063336	1.3265462034947209	36.200649115469616	0.44935573201198725	187.28065627841076	-6.3595661487503525
-10	40	0	2.9114139360745	93.03522528169454	-4.294939851853261	1.5064442962741236	27.54109188973436	0.4911215125826202	193.8620946021123	-13.07597917619811
-10	20	0	2.8549767984852146	92.9988515848679	-4.3798421570088495	1.4914737291508475	20.265877586430804	0.2714848029988093	193.8620946021123	-13.053793880536753
-10	10	0	2.8449669405910276	92.98402645544883	-4.395252387955628	1.4887564896559826	18.963438943199556	0.2366914924861522	193.8620946021123	-13.049859030783391
-10	5	0	2.842652941961412	92.97696521187684	-4.398830245756164	1.4881256167926091	18.661025801389485	0.22885384160250102	193.8620946021123	-13.048949403790465
-10	2	0	2.842017614403598	92.97278075949876	-4.399813595775911	1.487952225652648	18.57789354352822	0.22671586555276624	193.8620946021123	-13.048699658138649
-10	0	0	2.841897213474452	92.96999999999998	-4.399999999999999	1.4879193575586227	18.56213399492019	0.22631137835611637	193.8620946021123	-13.048652328838749
-10	-2	0	2.842017614403609	92.96721924050122	-4.399813595775908	1.4879522256526487	18.57789354352797	0.2267158655527536	193.8620946021123	-13.04869965813869
-10	-5	0	2.8426529419614175	92.96303478812317	-4.398830245756163	1.4881256167926102	18.661025801389492	0.22885384160250113	193.8620946021123	-13.048949403790486
-10	-10	0	2.8449669405910702	92.9559735445512	-4.39525238795561	1.4887564896559853	18.963438943200465	0.2366914924861677	193.8620946021123	-13.049859030783542
-10	-20	0	2.854976798485123	92.94114841513212	-4.379842157008886	1.4914737291508422	20.26587758643017	0.2714848029988265	193.8620946021123	-13.053793880536434
-10	-40	0	2.911413936074687	92.90477471830548	-4.294939851853191	1.5064442962741351	27.541091889736734	0.4911215125826369	193.8620946021123	-13.075979176198754
-15	40	0	4.3661429631052275	93.01434346734173	-4.352079019691402	1.7023286113226686	27.157627527403847	0.5076257078392572	205.47137962824868	-20.278029625788964
-15	20	0	4.327537687330942	92.98940613642188	-4.390903224790533	1.691925696919575	21.16211749731729	0.27749550085747865	205.47137962824868	-20.24936855611355
-15	10	0	4.320690541267673	92.97941628683785	-4.39786163929455	1.6900611953726217	20.02656501204998	0.2414618237174508	205.47137962824868	-20.244285143899354
-15	5	0	4.319107672981693	92.97467381827096	-4.399473369365173	1.6896293336017818	19.75966370143729	0.23336160496422992	205.47137962824868	-20.24311000145242
-15	2	0	4.318673083336947	92.97186572463362	-4.399916089972129	1.689510706972675	19.68607189757372	0.23115309427275155	205.47137962824868	-20.242787356325884
-15	0	0	4.318590724250861	92.97000000000001	-4.400000000000001	1.6894882233484703	19.67211008293009	0.23073531521176763	205.47137962824868	-20.242726211846104
-15	-2	0	4.318673083336955	92.9681342753664	-4.399916089972126	1.6895107069726754	19.686071897573783	0.23115309427275185	205.47137962824868	-20.24278735632591
-15	-5	0	4.319107672981722	92.96532618172908	-4.399473369365165	1.689629333601784	19.75966370143749	0.23336160496423072	205.47137962824868	-20.243110001452525
-15	-10	0	4.32069054126758	92.9605837131622	-4.397861639294574	1.6900611953726157	20.026565012049055	0.24146182371744132	205.47137962824868	-20.244285143899013
-15	-20	0	4.327537687330835	92.95059386357816	-4.390903224790556	1.6919256969195664	21.162117497316373	0.2774955008574677	205.47137962824868	-20.249368556113136
-15	-40	0	4.366142963105412	92.92565653265827	-4.352079019691353	1.7023286113226803	27.15762752740585	0.5076257078392802	205.47137962824868	-20.27802962578963
-30	40	0	9.33272405648602	92.99313834658967	-4.387056414607061	2.3776435747280704	36.02568660420421	0.5707975226276361	285.2112100562828	-46.5527856938064
-30	20	0	9.310435290125644	92.98006058186144	-4.397558831775366	2.371580001348808	29.107680418026305	0.30997638962929625	285.2112100562828	-46.49806106895684
-30	10	0	9.306482088502817	92.97487596345785	-4.399426824056963	2.370501515502183	27.730075394527717	0.2694115773912914	285.2112100562828	-46.48835494739458
-30	5	0	9.305568219071874	92.97241955836127	-4.399858877381769	2.370252069398801	27.403017758596533	0.26030386046064197	285.2112100562828	-46.486111164093145
-30	2	0	9.305317308623486	92.97096578361908	-4.399977516061909	2.370183573324886	27.312619118025793	0.2578213754390874	285.2112100562828	-46.4854951147373
-30	0	0	9.305269758582973	92.96999999999998	-4.3999999999999995	2.370170592217176	27.29545795851007	0.2573518040303013	285.2112100562828	-46.48537836722035
-30	-2	0	9.3053173086235	92.96903421638095	-4.399977516061906	2.3701835733248875	27.312619118025836	0.2578213754390877	285.2112100562828	-46.485495114737354
-30	-5	0	9.305568219071908	92.96758044163877	-4.399858877381766	2.3702520693988034	27.403017758597144	0.2603038604606573	285.2112100562828	-46.486111164093295
-30	-10	0	9.306482088502902	92.96512403654218	-4.399426824056953	2.3705015155021893	27.7300753945281	0.26941157739129246	285.2112100562828	-46.48835494739496
-30	-20	0	9.31043529012561	92.95993941813862	-4.397558831775369	2.3715800013488044	29.10768041802598	0.30997638962928736	285.2112100562828	-46.498061068956666
-30	-40	0	9.332724056486336	92.94686165341037	-4.387056414607023	2.3776435747280913	36.02568660420606	0.5707975226276462	285.2112100562828	-46.55278569380777
-60	40	0	27.831953645389795	92.98270216911126	-4.3875812290122616	4.8888086628476035	156.47225469646753	0.937229938352404	156.47225469647168	-178.89330846908666
-60	20	0	27.83195364539014	92.97550972887524	-4.392577045572084	4.888808662847623	127.4719220477719	0.507750784799485	156.47225469647168	-178.96283013654627
-60	10	0	27.831953645390133	92.97266921238506	-4.393463118395142	4.888808662847622	121.6178345721139	0.44111687871188704	156.47225469647168	-178.9751607054151
-60	5	0	27.83195364539014	92.97132439076141	-4.393667953600596	4.888808662847624	120.2243850198451	0.42616264044731683	156.47225469647168	-178.97801118738676
-60	2	0	27.831953645390133	92.97052862556853	-4.393724192808851	4.888808662847623	119.83899391946443	0.4220869995392477	156.47225469647168	-178.9787938109053
-60	0	0	27.831953645390147	92.97000000000003	-4.393734850701531	4.888808662847622	119.76581998291101	0.4213160973556431	156.47225469647168	-178.97894212589287
-60	-2	0	27.83195364539016	92.96947137443146	-4.393724192808849	4.888808662847625	119.83899391946426	0.42208699953924717	156.47225469647168	-178.97879381090547
-60	-5	0	27.831953645390183	92.9686756092386	-4.393667953600594	4.888808662847626	120.22438501984414	0.42616264044730506	156.47225469647168	-178.97801118738707
-60	-10	0	27.831953645390264	92.96733078761497	-4.393463118395139	4.888808662847632	121.617834572113	0.44111687871187555	156.47225469647168	-178.97516070541616
-60	-20	0	27.831953645390218	92.96449027112475	-4.39257704557208	4.888808662847629	127.47192204777105	0.5077507847994716	156.47225469647168	-178.96283013654687
-60	-40	0	27.83195364539054	92.95729783088875	-4.387581229012228	4.888808662847647	156.47225469646781	0.9372299383524018	156.47225469647168	-178.89330846909206
60	40	-1.0075034421517328	23.238661849910052	92.98466506768304	4.589086860547251	4.582635339290894	139.94594442816606	0.8986829171218715	156.47225469647066	145.54889931967787
60	20	-1.0075034421517328	23.217165387173573	92.97637199880694	4.593001460459922	4.576223441199953	114.53605316216863	0.48973924340974273	156.47225469647066	145.33078333406345
60	10	-1.0075034421517328	23.2132121855507	92.9730874685509	4.593684586645033	4.575040231939357	109.21929373121236	0.4255415318465367	156.47225469647066	145.29018021540497
60	5	-1.0075034421517328	23.21229831611978	92.97153197843399	4.593842539387171	4.574766649764778	107.95493155191673	0.4111314978049052	156.47225469647066	145.2807939122303
60	2	-1.0075034421517328	23.212047405671377	92.97061149001355	4.593885908801602	4.574691531735491	107.60532154816968	0.4072040101328789	156.47225469647066	145.27821682467425
60	0	-1.0075034421517328	23.211999855630868	92.97	4.593894127845259	4.5746772959342845	107.53894518878536	0.40646112296898435	156.47225469647066	145.2777284407967
60	-2	-1.0075034421517328	23.212047405671402	92.96938850998646	4.5938859088016	4.574691531735492	107.60532154817002	0.4072040101328828	156.47225469647066	145.2782168246744
60	-5	-1.0075034421517328	23.212298316119817	92.96846802156601	4.593842539387169	4.574766649764782	107.95493155191724	0.4111314978049056	156.47225469647066	145.28079391223056
60	-10	-1.0075034421517328	23.213212185550844	92.96691253144911	4.593684586645026	4.575040231939368	109.21929373121446	0.4255415318465464	156.47225469647066	145.290180215406
60	-20	-1.0075034421517328	23.217165387173644	92.96362800119306	4.593001460459917	4.576223441199956	114.53605316216851	0.4897392434097393	156.47225469647066	145.33078333406394
60	-40	-1.0075034421517328	23.238661849910667	92.95533493231693	4.589086860547225	4.582635339290939	139.94594442817106	0.8986829171218784	156.47225469647066	145.5488993196823
30	40	-1.0075034421517328	5.062589419070009	93.00137683406655	4.96413019027397	2.044469875004506	14.472402836597894	0.4188243362412424	285.2112100562819	26.939545887236868
30	20	-1.0075034421517328	5.040300652709599	92.98367028986127	4.978365331133585	2.0362512125972563	11.606333489709996	0.22791089067314396	285.2112100562819	26.862365253557666
30	10	-1.0075034421517328	5.036347451086753	92.97662783037511	4.980903273323325	2.0347859309908207	11.042161605487593	0.19815696484002832	285.2112100562819	26.848676267752825
30	5	-1.0075034421517328	5.035433581655813	92.9732891464298	4.981490541518923	2.0344468715400064	10.908522368840664	0.19147402909989486	285.2112100562819	26.84551175785404
30	2	-1.0075034421517328	5.035182671207423	92.97131291579146	4.981651818182636	2.034353758414797	10.871604599545208	0.1896523025510987	285.2112100562819	26.844642915357767
30	0	-1.0075034421517328	5.0351351211669035	92.97000000000001	4.9816823835357775	2.0343361114999325	10.864597157149504	0.18930770822322043	285.2112100562819	26.844478261011293
30	-2	-1.0075034421517328	5.03518267120743	92.96868708420857	4.981651818182635	2.0343537584147984	10.87160459954525	0.18965230255109886	285.2112100562819	26.844642915357802
30	-5	-1.0075034421517328	5.035433581655836	92.9667108535702	4.9814905415189195	2.034446871540008	10.908522368840849	0.19147402909990396	285.2112100562819	26.845511757854155
30	-10	-1.0075034421517328	5.036347451086817	92.9633721696249	4.980903273323315	2.034785930990827	11.042161605487706	0.1981569648400239	285.2112100562819	26.848676267753135
30	-20	-1.0075034421517328	5.040300652709589	92.95632971013875	4.978365331133585	2.0362512125972536	11.606333489709783	0.2279108906731315	285.2112100562819	26.86236525355761
30	-40	-1.0075034421517328	5.062589419070173	92.93862316593348	4.964130190273941	2.0444698750045207	14.472402836598505	0.4188243362412347	285.2112100562819	26.939545887237657
15	40	-1.0075034421517328	0.8471550832903783	93.06834013972694	5.547077384409564	1.382129764539924	2.66845124877581	0.2077260903437826	205.47137962824863	4.842157852697741
15	20	-1.0075034421517328	0.8085498075160532	93.0146929788641	5.632401168524543	1.359267325491147	1.7653823790575984	0.11831394570372984	205.47137962824863	4.68335174971946
15	10	-1.0075034421517328	0.8017026614528	92.99183663212081	5.648392426781965	1.3549824807551134	1.613384707915536	0.10367733972913515	205.47137962824863	4.6551854288987995
15	5	-1.0075034421517328	0.8001197931668454	92.9808561786193	5.652128106087905	1.3539815085019054	1.5786152957668023	0.10036139025467364	205.47137962824863	4.648674164855738
15	2	-1.0075034421517328	0.7996852035220922	92.97433555756135	5.653156355447557	1.353705989916368	1.5690933509999638	0.0994556363656662	205.47137962824863	4.646886443190923
15	0	-1.0075034421517328	0.7996028444360043	92.97	5.653351344970267	1.3536537426312256	1.5672900271263188	0.09928421627867345	205.47137962824863	4.6465476520479
15	-2	-1.0075034421517328	0.7996852035220973	92.96566444243867	5.653156355447554	1.3537059899163688	1.5690933510000065	0.0994556363656665	205.47137962824863	4.646886443190952
15	-5	-1.0075034421517328	0.8001197931668581	92.95914382138072	5.652128106087896	1.3539815085019073	1.5786152957668236	0.10036139025467154	205.47137962824863	4.648674164855805
15	-10	-1.0075034421517328	0.8017026614527797	92.94816336787919	5.648392426781975	1.3549824807551103	1.613384707915401	0.10367733972913175	205.47137962824863	4.655185428898689
15	-20	-1.0075034421517328	0.8085498075159974	92.92530702113591	5.632401168524576	1.3592673254911378	1.765382379057442	0.11831394570372529	205.47137962824863	4.68335174971916
15	-40	-1.0075034421517328	0.8471550832904969	92.8716598602731	5.5470773844095005	1.3821297645399402	2.6684512487763357	0.20772609034380352	205.47137962824863	4.842157852698372
10	40	-1.0075034421517328	0.11629023406103273	93.20165300940836	5.9314821362386425	1.217877736466713	0.389984882650495	0.028434544283316626	193.8620946021116	0.7038875576964224
10	20	-1.0075034421517328	0.06431246214042131	93.14196786963463	6.1844625604678924	1.1732704620840226	0.10851477331084425	0.027271084070012365	193.8620946021116	0.4047982617726661
10	10	-1.0075034421517328	0.05430260424628433	93.06866762907173	6.271215406128773	1.1579735947407728	0.060631839026658696	0.02990806667969056	193.8620946021116	0.3462888778949116
10	5	-1.0075034421517328	0.051988605616651036	93.02113522748587	6.296024213203861	1.1535991326942436	0.04883411186805375	0.03028237758103984	193.8620946021116	0.3327631480048707
10	2	-1.0075034421517328	0.05135327805884416	92.99066294468359	6.303226874035922	1.1523291092566592	0.04555378580223035	0.030370271780246143	193.8620946021116	0.32904954643719797
10	0	-1.0075034421517328	0.05123287712969311	92.96999999999998	6.304611984892462	1.1520848768413785	0.04493021249163576	0.03038621311312017	193.8620946021116	0.3283457817826506
10	-2	-1.0075034421517328	0.051353278058846014	92.94933705531643	6.303226874035918	1.1523291092566599	0.04555378580225167	0.030370271780248363	193.8620946021116	0.3290495464372097
10	-5	-1.0075034421517328	0.0519886056166511	92.91886477251414	6.296024213203862	1.1535991326942436	0.048834111868028884	0.03028237758104066	193.8620946021116	0.33276314800487117
10	-10	-1.0075034421517328	0.054302604246288896	92.87133237092829	6.2712154061287615	1.1579735947407748	0.06063183902665159	0.029908066679692005	193.8620946021116	0.34628887789494006
10	-20	-1.0075034421517328	0.06431246214041561	92.79803213036537	6.184462560467905	1.1732704620840213	0.10851477331083004	0.027271084070008684	193.8620946021116	0.404798261772631
10	-40	-1.0075034421517328	0.11629023406107603	92.73834699059168	5.9314821362385635	1.2178777364667277	0.38998488265064424	0.02843454428332809	193.8620946021116	0.7038875576966758
5	40	-1.0075034421517328	0	92.97000000000001	0.00000000000000026928971889061015	1.1	0	0	187.28065627840928	0
5	20	-1.0075034421517328	0	92.97000000000001	0.00000000000000026928971889061015	1.1	0	0	187.28065627840928	0
5	10	-1.0075034421517328	0	92.97000000000001	0.00000000000000026928971889061015	1.1	0	0	187.28065627840928	0
5	5	-1.0075034421517328	0	92.97000000000001	0.00000000000000026928971889061015	1.1	0	0	187.28065627840928	0
5	2	-1.0075034421517328	0	92.97000000000001	0.00000000000000026928971889061015	1.1	0	0	187.28065627840928	0
5	0	-1.0075034421517328	0	92.97000000000001	0.00000000000000026928971889061015	1.1	0	0	187.28065627840928	0
5	-2	-1.0075034421517328	0	92.97000000000001	0.00000000000000026928971889061015	1.1	0	0	187.28065627840928	0
5	-5	-1.0075034421517328	0	92.97000000000001	0.00000000000000026928971889061015	1.1	0	0	187.28065627840928	0
5	-10	-1.0075034421517328	0	92.97000000000001	0.00000000000000026928971889061015	1.1	0	0	187.28065627840928	0
5	-20	-1.0075034421517328	0	92.97000000000001	0.00000000000000026928971889061015	1.1	0	0	187.28065627840928	0
5	-40	-1.0075034421517328	0	92.97000000000001	0.00000000000000026928971889061015	1.1	0	0	187.28065627840928	0
2	40	-1.0075034421517328	0	92.97000000000001	0.00000000000000026928971889061015	1.1	0	0	185.4869646839277	0
2	20	-1.0075034421517328	0	92.97000000000001	0.00000000000000026928971889061015	1.1	0	0	185.4869646839277	0
2	10	-1.0075034421517328	0	92.97000000000001	0.00000000000000026928971889061015	1.1	0	0	185.4869646839277	0
2	5	-1.0075034421517328	0	92.97000000000001	0.00000000000000026928971889061015	1.1	0	0	185.4869646839277	0
2	2	-1.0075034421517328	0	92.97000000000001	0.00000000000000026928971889061015	1.1	0	0	185.4869646839277	0
2	0	-1.0075034421517328	0	92.97000000000001	0.00000000000000026928971889061015	1.1	0	0	185.4869646839277	0
2	-2	-1.0075034421517328	0	92.97000000000001	0.00000000000000026928971889061015	1.1	0	0	185.4869646839277	0
2	-5	-1.0075034421517328	0	92.97000000000001	0.00000000000000026928971889061015	1.1	0	0	185.4869646839277	0
2	-10	-1.0075034421517328	0	92.97000000000001	0.00000000000000026928971889061015	1.1	0	0	185.4869646839277	0
2	-20	-1.0075034421517328	0	92.97000000000001	0.00000000000000026928971889061015	1.1	0	0	185.4869646839277	0
2	-40	-1.0075034421517328	0	92.97000000000001	0.00000000000000026928971889061015	1.1	0	0	185.4869646839277	0
0	40	-1.0075034421517328	0	92.97000000000001	0.00000000000000026928971889061015	1.1	0	0	185.14769119991095	0
0	20	-1.0075034421517328	0	92.97000000000001	0.00000000000000026928971889061015	1.1	0	0	185.14769119991095	0
0	10	-1.0075034421517328	0	92.97000000000001	0.00000000000000026928971889061015	1.1	0	0	185.14769119991095	0
0	5	-1.0075034421517328	0	92.97000000000001	0.00000000000000026928971889061015	1.1	0	0	185.14769119991095	0
0	2	-1.0075034421517328	0	92.97000000000001	0.00000000000000026928971889061015	1.1	0	0	185.14769119991095	0
0	0	-1.0075034421517328	0	92.97000000000001	0.00000000000000026928971889061015	1.1	0	0	185.14769119991095	0
0	-2	-1.0075034421517328	0	92.97000000000001	0.00000000000000026928971889061015	1.1	0	0	185.14769119991095	0
0	-5	-1.0075034421517328	0	92.97000000000001	0.00000000000000026928971889061015	1.1	0	0	185.14769119991095	0
0	-10	-1.0075034421517328	0	92.97000000000001	0.00000000000000026928971889061015	1.1	0	0	185.14769119991095	0
0	-20	-1.0075034421517328	0	92.97000000000001	0.00000000000000026928971889061015	1.1	0	0	185.14769119991095	0
0	-40	-1.0075034421517328	0	92.97000000000001	0.00000000000000026928971889061015	1.1	0	0	185.14769119991095	0
-2	40	-1.0075034421517328	0	92.97000000000001	0.00000000000000026928971889061015	1.1	0	0	185.48696468392833	-0
-2	20	-1.0075034421517328	0	92.97000000000001	0.00000000000000026928971889061015	1.1	0	0	185.48696468392833	-0
-2	10	-1.0075034421517328	0	92.97000000000001	0.00000000000000026928971889061015	1.1	0	0	185.48696468392833	-0
-2	5	-1.0075034421517328	0	92.97000000000001	0.00000000000000026928971889061015	1.1	0	0	185.48696468392833	-0
-2	2	-1.0075034421517328	0	92.97000000000001	0.00000000000000026928971889061015	1.1	0	0	185.48696468392833	-0
-2	0	-1.0075034421517328	0	92.97000000000001	0.00000000000000026928971889061015	1.1	0	0	185.48696468392833	-0
-2	-2	-1.0075034421517328	0	92.97000000000001	0.00000000000000026928971889061015	1.1	0	0	185.48696468392833	-0
-2	-5	-1.0075034421517328	0	92.97000000000001	0.00000000000000026928971889061015	1.1	0	0	185.48696468392833	-0
-2	-10	-1.0075034421517328	0	92.97000000000001	0.00000000000000026928971889061015	1.1	0	0	185.48696468392833	-0
-2	-20	-1.0075034421517328	0	92.97000000000001	0.00000000000000026928971889061015	1.1	0	0	185.48696468392833	-0
-2	-40	-1.0075034421517328	0	92.97000000000001	0.00000000000000026928971889061015	1.1	0	0	185.48696468392833	-0
-5	40	-1.0075034421517328	0	92.97000000000001	0.00000000000000026928971889061015	1.1	0	0	187.28065627841076	-0
-5	20	-1.0075034421517328	0	92.97000000000001	0.00000000000000026928971889061015	1.1	0	0	187.28065627841076	-0
-5	10	-1.0075034421517328	0	92.97000000000001	0.00000000000000026928971889061015	1.1	0	0	187.28065627841076	-0
-5	5	-1.0075034421517328	0	92.97000000000001	0.00000000000000026928971889061015	1.1	0	0	187.28065627841076	-0
-5	2	-1.0075034421517328	0	92.97000000000001	0.00000000000000026928971889061015	1.1	0	0	187.28065627841076	-0
-5	0	-1.0075034421517328	0	92.97000000000001	0.00000000000000026928971889061015	1.1	0	0	187.28065627841076	-0
-5	-2	-1.0075034421517328	0	92.97000000000001	0.00000000000000026928971889061015	1.1	0	0	187.28065627841076	-0
-5	-5	-1.0075034421517328	0	92.97000000000001	0.00000000000000026928971889061015	1.1	0	0	187.28065627841076	-0
-5	-10	-1.0075034421517328	0	92.97000000000001	0.00000000000000026928971889061015	1.1	0	0	187.28065627841076	-0
-5	-20	-1.0075034421517328	0	92.97000000000001	0.00000000000000026928971889061015	1.1	0	0	187.28065627841076	-0
-5	-40	-1.0075034421517328	0	92.97000000000001	0.00000000000000026928971889061015	1.1	0	0	187.28065627841076	-0
-10	40	-1.0075034421517328	0.11629023406103235	93.20165300940835	-5.931482136238643	1.217877736466713	0.3899848826504737	0.02843454428331614	193.8620946021123	-0.7038875576964203
-10	20	-1.0075034421517328	0.06431246214042165	93.14196786963464	-6.184462560467893	1.1732704620840226	0.10851477331085135	0.027271084070011938	193.8620946021123	-0.40479826177266826
-10	10	-1.0075034421517328	0.05430260424628403	93.06866762907174	-6.271215406128775	1.1579735947407725	0.06063183902665514	0.029908066679690305	193.8620946021123	-0.34628887789490975
-10	5	-1.0075034421517328	0.05198860561665118	93.02113522748589	-6.296024213203859	1.1535991326942436	0.048834111868043095	0.03028237758103902	193.8620946021123	-0.33276314800487156
-10	2	-1.0075034421517328	0.0513532780588443	92.99066294468358	-6.303226874035921	1.1523291092566592	0.045553785802233904	0.03037027178024612	193.8620946021123	-0.3290495464371988
-10	0	-1.0075034421517328	0.051232877129693113	92.97	-6.304611984892461	1.1520848768413783	0.044930212491660626	0.030386213113120165	193.8620946021123	-0.3283457817826506
-10	-2	-1.0075034421517328	0.05135327805884597	92.9493370553164	-6.303226874035915	1.1523291092566597	0.04555378580225522	0.030370271780247655	193.8620946021123	-0.3290495464372093
-10	-5	-1.0075034421517328	0.05198860561665099	92.91886477251413	-6.296024213203861	1.1535991326942434	0.04883411186802533	0.030282377581039736	193.8620946021123	-0.3327631480048704
-10	-10	-1.0075034421517328	0.05430260424628906	92.87133237092827	-6.27121540612876	1.1579735947407745	0.06063183902665514	0.029908066679692404	193.8620946021123	-0.346288877894941
-10	-20	-1.0075034421517328	0.06431246214041615	92.79803213036537	-6.184462560467904	1.1732704620840213	0.10851477331085135	0.02727108407000902	193.8620946021123	-0.40479826177263434
-10	-40	-1.0075034421517328	0.11629023406107598	92.73834699059168	-5.931482136238563	1.2178777364667277	0.3899848826507011	0.028434544283329588	193.8620946021123	-0.7038875576966754
-15	40	-1.0075034421517328	0.8471550832903753	93.06834013972693	-5.547077384409568	1.3821297645399235	2.668451248775739	0.20772609034378456	205.47137962824868	-4.842157852697727
-15	20	-1.0075034421517328	0.8085498075160542	93.01469297886409	-5.632401168524542	1.3592673254911467	1.7653823790575416	0.11831394570372651	205.47137962824868	-4.683351749719463
-15	10	-1.0075034421517328	0.8017026614528003	92.99183663212081	-5.648392426781962	1.3549824807551134	1.6133847079155075	0.10367733972913236	205.47137962824868	-4.6551854288987995
-15	5	-1.0075034421517328	0.8001197931668458	92.9808561786193	-5.652128106087903	1.3539815085019054	1.5786152957668307	0.10036139025467365	205.47137962824868	-4.648674164855739
-15	2	-1.0075034421517328	0.7996852035220923	92.97433555756135	-5.653156355447556	1.353705989916368	1.569093350999914	0.09945563636566404	205.47137962824868	-4.646886443190923
-15	0	-1.0075034421517328	0.7996028444360044	92.97000000000001	-5.6533513449702655	1.3536537426312256	1.5672900271263046	0.09928421627867345	205.47137962824868	-4.646547652047899
-15	-2	-1.0075034421517328	0.7996852035220968	92.96566444243867	-5.653156355447555	1.353705989916369	1.5690933509999638	0.09945563636566436	205.47137962824868	-4.64688644319095
-15	-5	-1.0075034421517328	0.8001197931668568	92.95914382138074	-5.652128106087898	1.353981508501907	1.5786152957668662	0.10036139025467444	205.47137962824868	-4.648674164855799
-15	-10	-1.0075034421517328	0.80170266145278	92.94816336787919	-5.648392426781975	1.3549824807551103	1.6133847079154577	0.10367733972913401	205.47137962824868	-4.655185428898691
-15	-20	-1.0075034421517328	0.8085498075159994	92.9253070211359	-5.632401168524574	1.3592673254911378	1.7653823790574137	0.1183139457037259	205.47137962824868	-4.6833517497191695
-15	-40	-1.0075034421517328	0.8471550832904973	92.87165986027307	-5.5470773844095	1.38212976453994	2.668451248776293	0.2077260903438042	205.47137962824868	-4.842157852698373
-30	40	-1.0075034421517328	5.062589419070005	93.00137683406652	-4.96413019027397	2.044469875004506	14.472402836597794	0.4188243362412423	285.2112100562828	-26.93954588723685
-30	20	-1.0075034421517328	5.040300652709601	92.98367028986128	-4.978365331133584	2.036251212597256	11.606333489709982	0.22791089067314046	285.2112100562828	-26.86236525355768
-30	10	-1.0075034421517328	5.036347451086753	92.9766278303751	-4.9809032733233245	2.0347859309908203	11.042161605487507	0.198156964840025	285.2112100562828	-26.848676267752822
-30	5	-1.0075034421517328	5.035433581655814	92.9732891464298	-4.981490541518922	2.0344468715400064	10.90852236884065	0.19147402909989483	285.2112100562828	-26.845511757854048
-30	2	-1.0075034421517328	5.035182671207421	92.97131291579147	-4.981651818182635	2.0343537584147966	10.87160459954525	0.18965230255110413	285.2112100562828	-26.84464291535775
-30	0	-1.0075034421517328	5.035135121166903	92.97	-4.9816823835357775	2.0343361114999325	10.864597157149475	0.1893077082232204	285.2112100562828	-26.84447826101129
-30	-2	-1.0075034421517328	5.035182671207432	92.96868708420855	-4.981651818182633	2.034353758414798	10.871604599545307	0.18965230255110432	285.2112100562828	-26.8446429153578
-30	-5	-1.0075034421517328	5.035433581655835	92.9667108535702	-4.981490541518919	2.0344468715400086	10.908522368840778	0.19147402909990074	285.2112100562828	-26.845511757854148
-30	-10	-1.0075034421517328	5.036347451086817	92.96337216962492	-4.980903273323315	2.0347859309908265	11.042161605487763	0.19815696484002623	285.2112100562828	-26.848676267753135
-30	-20	-1.0075034421517328	5.040300652709583	92.95632971013873	-4.9783653311335865	2.036251212597253	11.606333489709698	0.22791089067312764	285.2112100562828	-26.86236525355758
-30	-40	-1.0075034421517328	5.062589419070171	92.93862316593346	-4.964130190273942	2.044469875004521	14.472402836598533	0.4188243362412397	285.2112100562828	-26.939545887237642
-60	40	-1.0075034421517328	23.238661849910063	92.98466506768307	-4.589086860547251	4.5826353392908965	139.94594442816617	0.8986829171218649	156.47225469647168	-145.548899319678
-60	20	-1.0075034421517328	23.217165387173573	92.97637199880693	-4.59300146045992	4.576223441199953	114.53605316216903	0.48973924340975167	156.47225469647168	-145.33078333406345
-60	10	-1.0075034421517328	23.213212185550695	92.9730874685509	-4.5936845866450335	4.575040231939358	109.21929373121236	0.4255415318465368	156.47225469647168	-145.29018021540497
-60	5	-1.0075034421517328	23.212298316119778	92.97153197843399	-4.593842539387171	4.574766649764779	107.95493155191639	0.41113149780489733	156.47225469647168	-145.2807939122303
-60	2	-1.0075034421517328	23.21204740567137	92.97061149001355	-4.593885908801602	4.57469153173549	107.60532154817002	0.4072040101328906	156.47225469647168	-145.2782168246742
-60	0	-1.0075034421517328	23.211999855630868	92.97	-4.5938941278452585	4.5746772959342845	107.53894518878514	0.40646112296898446	156.47225469647168	-145.2777284407967
-60	-2	-1.0075034421517328	23.212047405671402	92.96938850998646	-4.5938859088016	4.574691531735492	107.60532154817122	0.4072040101329025	156.47225469647168	-145.2782168246744
-60	-5	-1.0075034421517328	23.212298316119814	92.96846802156601	-4.593842539387169	4.574766649764782	107.95493155191673	0.4111314978048976	156.47225469647168	-145.28079391223054
-60	-10	-1.0075034421517328	23.213212185550844	92.96691253144908	-4.5936845866450255	4.575040231939368	109.21929373121452	0.4255415318465504	156.47225469647168	-145.290180215406
-60	-20	-1.0075034421517328	23.21716538717364	92.96362800119309	-4.5930014604599165	4.576223441199957	114.53605316216897	0.4897392434097394	156.47225469647168	-145.3307833340639
-60	-40	-1.0075034421517328	23.238661849910663	92.95533493231694	-4.5890868605472255	4.582635339290941	139.94594442817152	0.8986829171218915	156.47225469647168	-145.54889931968233
60	40	-3.0225103264551954	15.132859661403632	92.98818115422944	4.975810423451777	3.913178867705302	74.19770042513665	0.7280764281484106	156.47225469647066	88.9330547965992
60	20	-3.0225103264551954	15.110570895043384	92.97789794164677	4.980575943447977	3.9049247449473987	60.15423743678855	0.39502350369577977	156.47225469647066	88.73005805618392
60	10	-3.0225103264551954	15.106617693420562	92.97382719382931	4.98142263844841	3.903458226188134	57.34225106244793	0.34327303622735816	156.47225469647066	88.69405395301092
60	5	-3.0225103264551954	15.105703823989641	92.97189906461763	4.9816184336698655	3.903119098916696	56.673947239090865	0.3316558530490464	156.47225469647066	88.68573081333395
60	2	-3.0225103264551954	15.105452913541233	92.97075801705789	4.981672195020587	3.9030259815257633	56.48918093797454	0.32848949189005133	156.47225469647066	88.68344562615317
60	0	-3.0225103264551954	15.105405363500713	92.97000000000001	4.9816823835357775	3.9030083344997966	56.45410283985285	0.3278905689070233	156.47225469647066	88.68301256031737
60	-2	-3.0225103264551954	15.105452913541246	92.96924198294211	4.981672195020586	3.903025981525763	56.48918093797408	0.32848949189004206	156.47225469647066	88.68344562615324
60	-5	-3.0225103264551954	15.105703823989657	92.96810093538238	4.981618433669865	3.9031190989166973	56.67394723909064	0.33165585304904355	156.47225469647066	88.68573081333405
60	-10	-3.0225103264551954	15.10661769342065	92.9661728061707	4.981422638448406	3.903458226188142	57.34225106244861	0.3432730362273593	156.47225469647066	88.69405395301153
60	-20	-3.0225103264551954	15.110570895043477	92.9621020583532	4.980575943447972	3.904924744947407	60.15423743678775	0.39502350369574873	156.47225469647066	88.73005805618455
60	-40	-3.0225103264551954	15.132859661404215	92.95181884577057	4.975810423451745	3.9131788677053567	74.19770042514028	0.728076428148425	156.47225469647066	88.9330547966031
30	40	-3.0225103264551954	0.4253931885557196	93.07497694358885	6.086323074175656	1.3965715114011847	0.39551434903435734	0.11022060556806261	285.2112100562819	2.539255384884279
30	20	-3.0225103264551954	0.4031044221952154	93.01805285891494	6.133387277063046	1.3693989811949558	0.26935521058001655	0.06330516050666864	285.2112100562819	2.417162733545565
30	10	-3.0225103264551954	0.3991512205724141	92.99350997866169	6.14228352157138	1.364262732033292	0.24791369341600245	0.05555094369143167	285.2112100562819	2.395508019255963
30	5	-3.0225103264551954	0.39823735114144715	92.98169178222052	6.144365218340194	1.3630608638434465	0.2429947366585452	0.05379134425705812	285.2112100562819	2.390502056162294
30	2	-3.0225103264551954	0.39798644069305955	92.97466967283789	6.144938438228147	1.36272991518683	0.24164661004832055	0.053310524021155686	285.2112100562819	2.38912762738518
30	0	-3.0225103264551954	0.39793889065253607	92.97	6.14504715060733	1.3626671500654444	0.24139124291541236	0.053219516609058846	285.2112100562819	2.3888671593796897
30	-2	-3.0225103264551954	0.3979864406930609	92.96533032716209	6.144938438228148	1.3627299151868306	0.24164661004834898	0.0533105240211564	285.2112100562819	2.3891276273851885
30	-5	-3.0225103264551954	0.39823735114145253	92.95830821777949	6.144365218340189	1.3630608638434485	0.2429947366585452	0.05379134425705844	285.2112100562819	2.390502056162325
30	-10	-3.0225103264551954	0.39915122057242763	92.94649002133833	6.142283521571373	1.3642627320332965	0.24791369341598113	0.05555094369143175	285.2112100562819	2.395508019256043
30	-20	-3.0225103264551954	0.4031044221952132	92.92194714108507	6.133387277063046	1.3693989811949545	0.2693552105800947	0.0633051605066678	285.2112100562819	2.4171627335455517
30	-40	-3.0225103264551954	0.4253931885557623	92.86502305641116	6.086323074175634	1.3965715114011974	0.39551434903438576	0.11022060556807066	285.2112100562819	2.539255384884528
15	40	-3.0225103264551954	0	92.97000000000001	0.00000000000000026928971889061015	1.1	0	0	205.47137962824863	0
15	20	-3.0225103264551954	0	92.97000000000001	0.00000000000000026928971889061015	1.1	0	0	205.47137962824863	0
15	10	-3.0225103264551954	0	92.97000000000001	0.00000000000000026928971889061015	1.1	0	0	205.47137962824863	0
15	5	-3.0225103264551954	0	92.97000000000001	0.00000000000000026928971889061015	1.1	0	0	205.47137962824863	0
15	2	-3.0225103264551954	0	92.97000000000001	0.00000000000000026928971889061015	1.1	0	0	205.47137962824863	0
15	0	-3.0225103264551954	0	92.97000000000001	0.00000000000000026928971889061015	1.1	0	0	205.47137962824863	0
15	-2	-3.0225103264551954	0	92.97000000000001	0.00000000000000026928971889061015	1.1	0	0	205.47137962824863	0
15	-5	-3.0225103264551954	0	92.97000000000001	0.00000000000000026928971889061015	1.1	0	0	205.47137962824863	0
15	-10	-3.0225103264551954	0	92.97000000000001	0.00000000000000026928971889061015	1.1	0	0	205.47137962824863	0
15	-20	-3.0225103264551954	0	92.97000000000001	0.00000000000000026928971889061015	1.1	0	0	205.47137962824863	0
15	-40	-3.0225103264551954	0	92.97000000000001	0.00000000000000026928971889061015	1.1	0	0	205.47137962824863	0
10	40	-3.0225103264551954	0	92.97000000000001	0.00000000000000026928971889061015	1.1	0	0	193.8620946021116	0
10	20	-3.0225103264551954	0	92.97000000000001	0.00000000000000026928971889061015	1.1	0	0	193.8620946021116	0
10	10	-3.0225103264551954	0	92.97000000000001	0.00000000000000026928971889061015	1.1	0	0	193.8620946021116	0
10	5	-3.0225103264551954	0	92.97000000000001	0.00000000000000026928971889061015	1.1	0	0	193.8620946021116	0
10	2	-3.0225103264551954	0	92.97000000000001	0.00000000000000026928971889061015	1.1	0	0	193.8620946021116	0
10	0	-3.0225103264551954	0	92.97000000000001	0.00000000000000026928971889061015	1.1	0	0	193.8620946021116	0
10	-2	-3.0225103264551954	0	92.97000000000001	0.00000000000000026928971889061015	1.1	0	0	193.8620946021116	0
10	-5	-3.0225103264551954	0	92.97000000000001	0.00000000000000026928971889061015	1.1	0	0	193.8620946021116	0
10	-10	-3.0225103264551954	0	92.97000000000001	0.00000000000000026928971889061015	1.1	0	0	193.8620946021116	0
10	-20	-3.0225103264551954	0	92.97000000000001	0.00000000000000026928971889061015	1.1	0	0	193.8620946021116	0
10	-40	-3.0225103264551954	0	92.97000000000001	0.00000000000000026928971889061015	1.1	0	0	193.8620946021116	0
5	40	-3.0225103264551954	0	92.97000000000001	0.00000000000000026928971889061015	1.1	0	0	187.28065627840928	0
5	20	-3.0225103264551954	0	92.97000000000001	0.00000000000000026928971889061015	1.1	0	0	187.28065627840928	0
5	10	-3.0225103264551954	0	92.97000000000001	0.00000000000000026928971889061015	1.1	0	0	187.28065627840928	0
5	5	-3.0225103264551954	0	92.97000000000001	0.00000000000000026928971889061015	1.1	0	0	187.28065627840928	0
5	2	-3.0225103264551954	0	92.97000000000001	0.00000000000000026928971889061015	1.1	0	0	187.28065627840928	0
5	0	-3.0225103264551954	0	92.97000000000001	0.00000000000000026928971889061015	1.1	0	0	187.28065627840928	0
5	-2	-3.0225103264551954	0	92.97000000000001	0.00000000000000026928971889061015	1.1	0	0	187.28065627840928	0
5	-5	-3.0225103264551954	0	92.97000000000001	0.00000000000000026928971889061015	1.1	0	0	187.28065627840928	0
5	-10	-3.0225103264551954	0	92.97000000000001	0.00000000000000026928971889061015	1.1	0	0	187.28065627840928	0
5	-20	-3.0225103264551954	0	92.97000000000001	0.00000000000000026928971889061015	1.1	0	0	187.28065627840928	0
5	-40	-3.0225103264551954	0	92.97000000000001	0.00000000000000026928971889061015	1.1	0	0	187.28065627840928	0
2	40	-3.0225103264551954	0	92.97000000000001	0.00000000000000026928971889061015	1.1	0	0	185.4869646839277	0
2	20	-3.0225103264551954	0	92.97000000000001	0.00000000000000026928971889061015	1.1	0	0	185.4869646839277	0
2	10	-3.0225103264551954	0	92.97000000000001	0.00000000000000026928971889061015	1.1	0	0	185.4869646839277	0
2	5	-3.0225103264551954	0	92.97000000000001	0.00000000000000026928971889061015	1.1	0	0	185.4869646839277	0
2	2	-3.0225103264551954	0	92.97000000000001	0.00000000000000026928971889061015	1.1	0	0	185.4869646839277	0
2	0	-3.0225103264551954	0	92.97000000000001	0.00000000000000026928971889061015	1.1	0	0	185.4869646839277	0
2	-2	-3.0225103264551954	0	92.97000000000001	0.00000000000000026928971889061015	1.1	0	0	185.4869646839277	0
2	-5	-3.0225103264551954	0	92.97000000000001	0.00000000000000026928971889061015	1.1	0	0	185.4869646839277	0
2	-10	-3.0225103264551954	0	92.97000000000001	0.00000000000000026928971889061015	1.1	0	0	185.4869646839277	0
2	-20	-3.0225103264551954	0	92.97000000000001	0.00000000000000026928971889061015	1.1	0	0	185.4869646839277	0
2	-40	-3.0225103264551954	0	92.97000000000001	0.00000000000000026928971889061015	1.1	0	0	185.4869646839277	0
0	40	-3.0225103264551954	0	92.97000000000001	0.00000000000000026928971889061015	1.1	0	0	185.14769119991095	0
0	20	-3.0225103264551954	0	92.97000000000001	0.00000000000000026928971889061015	1.1	0	0	185.14769119991095	0
0	10	-3.0225103264551954	0	92.97000000000001	0.00000000000000026928971889061015	1.1	0	0	185.14769119991095	0
0	5	-3.0225103264551954	0	92.97000000000001	0.00000000000000026928971889061015	1.1	0	0	185.14769119991095	0
0	2	-3.0225103264551954	0	92.97000000000001	0.00000000000000026928971889061015	1.1	0	0	185.14769119991095	0
0	0	-3.0225103264551954	0	92.97000000000001	0.00000000000000026928971889061015	1.1	0	0	185.14769119991095	0
0	-2	-3.0225103264551954	0	92.97000000000001	0.00000000000000026928971889061015	1.1	0	0	185.14769119991095	0
0	-5	-3.0225103264551954	0	92.97000000000001	0.00000000000000026928971889061015	1.1	0	0	185.14769119991095	0
0	-10	-3.0225103264551954	0	92.97000000000001	0.00000000000000026928971889061015	1.1	0	0	185.14769119991095	0
0	-20	-3.0225103264551954	0	92.97000000000001	0.00000000000000026928971889061015	1.1	0	0	185.14769119991095	0
0	-40	-3.0225103264551954	0	92.97000000000001	0.00000000000000026928971889061015	1.1	0	0	185.14769119991095	0
-2	40	-3.0225103264551954	0	92.97000000000001	0.00000000000000026928971889061015	1.1	0	0	185.48696468392833	-0
-2	20	-3.0225103264551954	0	92.97000000000001	0.00000000000000026928971889061015	1.1	0	0	185.48696468392833	-0
-2	10	-3.0225103264551954	0	92.97000000000001	0.00000000000000026928971889061015	1.1	0	0	185.48696468392833	-0
-2	5	-3.0225103264551954	0	92.97000000000001	0.00000000000000026928971889061015	1.1	0	0	185.48696468392833	-0
-2	2	-3.0225103264551954	0	92.97000000000001	0.00000000000000026928971889061015	1.1	0	0	185.48696468392833	-0
-2	0	-3.0225103264551954	0	92.97000000000001	0.00000000000000026928971889061015	1.1	0	0	185.48696468392833	-0
-2	-2	-3.0225103264551954	0	92.97000000000001	0.00000000000000026928971889061015	1.1	0	0	185.48696468392833	-0
-2	-5	-3.0225103264551954	0	92.97000000000001	0.00000000000000026928971889061015	1.1	0	0	185.48696468392833	-0
-2	-10	-3.0225103264551954	0	92.97000000000001	0.00000000000000026928971889061015	1.1	0	0	185.48696468392833	-0
-2	-20	-3.0225103264551954	0	92.97000000000001	0.00000000000000026928971889061015	1.1	0	0	185.48696468392833	-0
-2	-40	-3.0225103264551954	0	92.97000000000001	0.00000000000000026928971889061015	1.1	0	0	185.48696468392833	-0
-5	40	-3.0225103264551954	0	92.97000000000001	0.00000000000000026928971889061015	1.1	0	0	187.28065627841076	-0
-5	20	-3.0225103264551954	0	92.97000000000001	0.00000000000000026928971889061015	1.1	0	0	187.28065627841076	-0
-5	10	-3.0225103264551954	0	92.97000000000001	0.00000000000000026928971889061015	1.1	0	0	187.28065627841076	-0
-5	5	-3.0225103264551954	0	92.97000000000001	0.00000000000000026928971889061015	1.1	0	0	187.28065627841076	-0
-5	2	-3.0225103264551954	0	92.97000000000001	0.00000000000000026928971889061015	1.1	0	0	187.28065627841076	-0
-5	0	-3.0225103264551954	0	92.97000000000001	0.00000000000000026928971889061015	1.1	0	0	187.28065627841076	-0
-5	-2	-3.0225103264551954	0	92.97000000000001	0.00000000000000026928971889061015	1.1	0	0	187.28065627841076	-0
-5	-5	-3.0225103264551954	0	92.97000000000001	0.00000000000000026928971889061015	1.1	0	0	187.28065627841076	-0
-5	-10	-3.0225103264551954	0	92.97000000000001	0.00000000000000026928971889061015	1.1	0	0	187.28065627841076	-0
-5	-20	-3.0225103264551954	0	92.97000000000001	0.00000000000000026928971889061015	1.1	0	0	187.28065627841076	-0
-5	-40	-3.0225103264551954	0	92.97000000000001	0.00000000000000026928971889061015	1.1	0	0	187.28065627841076	-0
-10	40	-3.0225103264551954	0	92.97000000000001	0.00000000000000026928971889061015	1.1	0	0	193.8620946021123	-0
-10	20	-3.0225103264551954	0	92.97000000000001	0.00000000000000026928971889061015	1.1	0	0	193.8620946021123	-0
-10	10	-3.0225103264551954	0	92.97000000000001	0.00000000000000026928971889061015	1.1	0	0	193.8620946021123	-0
-10	5	-3.0225103264551954	0	92.97000000000001	0.00000000000000026928971889061015	1.1	0	0	193.8620946021123	-0
-10	2	-3.0225103264551954	0	92.97000000000001	0.00000000000000026928971889061015	1.1	0	0	193.8620946021123	-0
-10	0	-3.0225103264551954	0	92.97000000000001	0.00000000000000026928971889061015	1.1	0	0	193.8620946021123	-0
-10	-2	-3.0225103264551954	0	92.97000000000001	0.00000000000000026928971889061015	1.1	0	0	193.8620946021123	-0
-10	-5	-3.0225103264551954	0	92.97000000000001	0.00000000000000026928971889061015	1.1	0	0	193.8620946021123	-0
-10	-10	-3.0225103264551954	0	92.97000000000001	0.00000000000000026928971889061015	1.1	0	0	193.8620946021123	-0
-10	-20	-3.0225103264551954	0	92.97000000000001	0.00000000000000026928971889061015	1.1	0	0	193.8620946021123	-0
-10	-40	-3.0225103264551954	0	92.97000000000001	0.00000000000000026928971889061015	1.1	0	0	193.8620946021123	-0
-15	40	-3.0225103264551954	0	92.97000000000001	0.00000000000000026928971889061015	1.1	0	0	205.47137962824868	-0
-15	20	-3.0225103264551954	0	92.97000000000001	0.00000000000000026928971889061015	1.1	0	0	205.47137962824868	-0
-15	10	-3.0225103264551954	0	92.97000000000001	0.00000000000000026928971889061015	1.1	0	0	205.47137962824868	-0
-15	5	-3.0225103264551954	0	92.97000000000001	0.00000000000000026928971889061015	1.1	0	0	205.47137962824868	-0
-15	2	-3.0225103264551954	0	92.97000000000001	0.00000000000000026928971889061015	1.1	0	0	205.47137962824868	-0
-15	0	-3.0225103264551954	0	92.97000000000001	0.00000000000000026928971889061015	1.1	0	0	205.47137962824868	-0
-15	-2	-3.0225103264551954	0	92.97000000000001	0.00000000000000026928971889061015	1.1	0	0	205.47137962824868	-0
-15	-5	-3.0225103264551954	0	92.97000000000001	0.00000000000000026928971889061015	1.1	0	0	205.47137962824868	-0
-15	-10	-3.0225103264551954	0	92.97000000000001	0.00000000000000026928971889061015	1.1	0	0	205.47137962824868	-0
-15	-20	-3.0225103264551954	0	92.97000000000001	0.00000000000000026928971889061015	1.1	0	0	205.47137962824868	-0
-15	-40	-3.0225103264551954	0	92.97000000000001	0.00000000000000026928971889061015	1.1	0	0	205.47137962824868	-0
-30	40	-3.0225103264551954	0.42539318855572056	93.07497694358882	-6.086323074175653	1.3965715114011845	0.39551434903437155	0.11022060556806298	285.2112100562828	-2.5392553848842834
-30	20	-3.0225103264551954	0.4031044221952149	93.01805285891493	-6.133387277063047	1.3693989811949554	0.2693552105799668	0.06330516050666875	285.2112100562828	-2.4171627335455623
-30	10	-3.0225103264551954	0.39915122057241487	92.99350997866168	-6.142283521571378	1.3642627320332916	0.24791369341601666	0.055550943691432465	285.2112100562828	-2.3955080192559675
-30	5	-3.0225103264551954	0.39823735114144715	92.98169178222052	-6.144365218340191	1.3630608638434463	0.24299473665851679	0.05379134425705752	285.2112100562828	-2.3905020561622927
-30	2	-3.0225103264551954	0.3979864406930596	92.97466967283793	-6.144938438228149	1.3627299151868304	0.24164661004833476	0.05331052402115411	285.2112100562828	-2.389127627385181
-30	0	-3.0225103264551954	0.3979388906525361	92.97	-6.14504715060733	1.3626671500654441	0.24139124291536973	0.053219516609058826	285.2112100562828	-2.3888671593796897
-30	-2	-3.0225103264551954	0.39798644069306083	92.96533032716206	-6.144938438228148	1.3627299151868304	0.24164661004830634	0.05331052402115578	285.2112100562828	-2.3891276273851885
-30	-5	-3.0225103264551954	0.3982373511414522	92.95830821777949	-6.144365218340189	1.3630608638434478	0.2429947366585239	0.053791344257057845	285.2112100562828	-2.3905020561623234
-30	-10	-3.0225103264551954	0.399151220572427	92.94649002133835	-6.142283521571373	1.3642627320332965	0.2479136934160593	0.0555509436914317	285.2112100562828	-2.3955080192560394
-30	-20	-3.0225103264551954	0.40310442219521314	92.92194714108508	-6.133387277063046	1.369398981194955	0.26935521058004497	0.06330516050666707	285.2112100562828	-2.4171627335455512
-30	-40	-3.0225103264551954	0.4253931885557649	92.86502305641116	-6.086323074175632	1.3965715114011976	0.39551434903439997	0.11022060556807223	285.2112100562828	-2.5392553848845427
-60	40	-3.0225103264551954	15.132859661403634	92.98818115422945	-4.975810423451775	3.913178867705302	74.19770042513653	0.7280764281484106	156.47225469647168	-88.9330547965992
-60	20	-3.0225103264551954	15.110570895043377	92.97789794164682	-4.9805759434479775	3.9049247449473987	60.15423743678855	0.3950235036957692	156.47225469647168	-88.73005805618388
-60	10	-3.0225103264551954	15.10661769342056	92.97382719382934	-4.98142263844841	3.9034582261881345	57.34225106244804	0.34327303622735805	156.47225469647168	-88.69405395301092
-60	5	-3.0225103264551954	15.105703823989641	92.97189906461765	-4.9816184336698655	3.9031190989166955	56.67394723909098	0.3316558530490464	156.47225469647168	-88.68573081333393
-60	2	-3.0225103264551954	15.105452913541235	92.97075801705786	-4.981672195020587	3.9030259815257624	56.489180937974766	0.32848949189005433	156.47225469647168	-88.68344562615317
-60	0	-3.0225103264551954	15.105405363500715	92.97	-4.981682383535777	3.903008334499796	56.45410283985285	0.3278905689070233	156.47225469647168	-88.68301256031737
-60	-2	-3.0225103264551954	15.105452913541244	92.96924198294214	-4.981672195020586	3.9030259815257633	56.48918093797391	0.3284894918900356	156.47225469647168	-88.68344562615323
-60	-5	-3.0225103264551954	15.105703823989654	92.9681009353824	-4.981618433669865	3.9031190989166977	56.67394723909058	0.331655853049037	156.47225469647168	-88.68573081333403
-60	-10	-3.0225103264551954	15.106617693420656	92.96617280617068	-4.9814226384484055	3.9034582261881425	57.34225106244861	0.3432730362273593	156.47225469647168	-88.69405395301156
-60	-20	-3.0225103264551954	15.110570895043473	92.9621020583532	-4.980575943447971	3.9049247449474067	60.15423743678775	0.3950235036957488	156.47225469647168	-88.73005805618452
-60	-40	-3.0225103264551954	15.132859661404213	92.95181884577056	-4.975810423451745	3.9131788677053563	74.19770042514006	0.7280764281483929	156.47225469647168	-88.93305479660307
60	40	-5.037517210758658	8.760964300081444	92.99387914450234	5.3617584015108815	3.2446973606284524	32.78028238360241	0.5528761605916164	156.47225469647066	48.105312039578685
60	20	-5.037517210758658	8.738675533721151	92.98038430410422	5.368015879130731	3.233859091463652	26.470151429135058	0.30029130027664197	156.47225469647066	47.92824526464831
60	10	-5.037517210758658	8.734722332098299	92.97503299862049	5.369129058233877	3.2319310086990782	25.21475280303457	0.26100118372321285	156.47225469647066	47.896840176960225
60	5	-5.037517210758658	8.733808462667373	92.97249749865506	5.369386537451861	3.2314850416116365	24.916761357696885	0.2521794098864975	156.47225469647066	47.88958020078087
60	2	-5.037517210758658	8.73355755221897	92.97099689579146	5.3694572399395515	3.2313625813107354	24.834400148319958	0.24977484766337998	156.47225469647066	47.88758691397549
60	0	-5.037517210758658	8.733510002178454	92.96999999999998	5.369470639226295	3.231339373065309	24.81876497693611	0.2493200148450624	156.47225469647066	47.887209166181535
60	-2	-5.037517210758658	8.733557552218988	92.96900310420857	5.3694572399395515	3.2313625813107367	24.834400148319105	0.24977484766338706	156.47225469647066	47.8875869139756
60	-5	-5.037517210758658	8.733808462667401	92.96750250134495	5.36938653745186	3.23148504161164	24.916761357696657	0.252179409886503	156.47225469647066	47.88958020078105
60	-10	-5.037517210758658	8.734722332098396	92.96496700137955	5.369129058233871	3.231931008699092	25.214752803035253	0.2610011837232242	156.47225469647066	47.89684017696084
60	-20	-5.037517210758658	8.73867553372121	92.95961569589576	5.368015879130726	3.233859091463659	26.4701514291354	0.300291300276648	156.47225469647066	47.92824526464867
60	-40	-5.037517210758658	8.760964300081817	92.94612085549765	5.361758401510856	3.2446973606284994	32.78028238360491	0.5528761605916676	156.47225469647066	48.10531203958097
30	40	-5.037517210758658	0	92.97000000000001	0.00000000000000026928971889061015	1.1	0	0	285.2112100562819	0
30	20	-5.037517210758658	0	92.97000000000001	0.00000000000000026928971889061015	1.1	0	0	285.2112100562819	0
30	10	-5.037517210758658	0	92.97000000000001	0.00000000000000026928971889061015	1.1	0	0	285.2112100562819	0
30	5	-5.037517210758658	0	92.97000000000001	0.00000000000000026928971889061015	1.1	0	0	285.2112100562819	0
30	2	-5.037517210758658	0	92.97000000000001	0.00000000000000026928971889061015	1.1	0	0	285.2112100562819	0
30	0	-5.037517210758658	0	92.97000000000001	0.00000000000000026928971889061015	1.1	0	0	285.2112100562819	0
30	-2	-5.037517210758658	0	92.97000000000001	0.00000000000000026928971889061015	1.1	0	0	285.2112100562819	0
30	-5	-5.037517210758658	0	92.97000000000001	0.00000000000000026928971889061015	1.1	0	0	285.2112100562819	0
30	-10	-5.037517210758658	0	92.97000000000001	0.00000000000000026928971889061015	1.1	0	0	285.2112100562819	0
30	-20	-5.037517210758658	0	92.97000000000001	0.00000000000000026928971889061015	1.1	0	0	285.2112100562819	0
30	-40	-5.037517210758658	0	92.97000000000001	0.00000000000000026928971889061015	1.1	0	0	285.2112100562819	0
15	40	-5.037517210758658	0	92.97000000000001	0.00000000000000026928971889061015	1.1	0	0	205.47137962824863	0
15	20	-5.037517210758658	0	92.97000000000001	0.00000000000000026928971889061015	1.1	0	0	205.47137962824863	0
15	10	-5.037517210758658	0	92.97000000000001	0.00000000000000026928971889061015	1.1	0	0	205.47137962824863	0
15	5	-5.037517210758658	0	92.97000000000001	0.00000000000000026928971889061015	1.1	0	0	205.47137962824863	0
15	2	-5.037517210758658	0	92.97000000000001	0.00000000000000026928971889061015	1.1	0	0	205.47137962824863	0
15	0	-5.037517210758658	0	92.97000000000001	0.00000000000000026928971889061015	1.1	0	0	205.47137962824863	0
15	-2	-5.037517210758658	0	92.97000000000001	0.00000000000000026928971889061015	1.1	0	0	205.47137962824863	0
15	-5	-5.037517210758658	0	92.97000000000001	0.00000000000000026928971889061015	1.1	0	0	205.47137962824863	0
15	-10	-5.037517210758658	0	92.97000000000001	0.00000000000000026928971889061015	1.1	0	0	205.47137962824863	0
15	-20	-5.037517210758658	0	92.97000000000001	0.00000000000000026928971889061015	1.1	0	0	205.47137962824863	0
15	-40	-5.037517210758658	0	92.97000000000001	0.00000000000000026928971889061015	1.1	0	0	205.47137962824863	0
10	40	-5.037517210758658	0	92.97000000000001	0.00000000000000026928971889061015	1.1	0	0	193.8620946021116	0
10	20	-5.037517210758658	0	92.97000000000001	0.00000000000000026928971889061015	1.1	0	0	193.8620946021116	0
10	10	-5.037517210758658	0	92.97000000000001	0.00000000000000026928971889061015	1.1	0	0	193.8620946021116	0
10	5	-5.037517210758658	0	92.97000000000001	0.00000000000000026928971889061015	1.1	0	0	193.8620946021116	0
10	2	-5.037517210758658	0	92.97000000000001	0.00000000000000026928971889061015	1.1	0	0	193.8620946021116	0
10	0	-5.037517210758658	0	92.97000000000001	0.00000000000000026928971889061015	1.1	0	0	193.8620946021116	0
10	-2	-5.037517210758658	0	92.97000000000001	0.00000000000000026928971889061015	1.1	0	0	193.8620946021116	0
10	-5	-5.037517210758658	0	92.97000000000001	0.00000000000000026928971889061015	1.1	0	0	193.8620946021116	0
10	-10	-5.037517210758658	0	92.97000000000001	0.00000000000000026928971889061015	1.1	0	0	193.8620946021116	0
10	-20	-5.037517210758658	0	92.97000000000001	0.00000000000000026928971889061015	1.1	0	0	193.8620946021116	0
10	-40	-5.037517210758658	0	92.97000000000001	0.00000000000000026928971889061015	1.1	0	0	193.8620946021116	0
5	40	-5.037517210758658	0	92.97000000000001	0.00000000000000026928971889061015	1.1	0	0	187.28065627840928	0
5	20	-5.037517210758658	0	92.97000000000001	0.00000000000000026928971889061015	1.1	0	0	187.28065627840928	0
5	10	-5.037517210758658	0	92.97000000000001	0.00000000000000026928971889061015	1.1	0	0	187.28065627840928	0
5	5	-5.037517210758658	0	92.97000000000001	0.00000000000000026928971889061015	1.1	0	0	187.28065627840928	0
5	2	-5.037517210758658	0	92.97000000000001	0.00000000000000026928971889061015	1.1	0	0	187.28065627840928	0
5	0	-5.037517210758658	0	92.97000000000001	0.00000000000000026928971889061015	1.1	0	0	187.28065627840928	0
5	-2	-5.037517210758658	0	92.97000000000001	0.00000000000000026928971889061015	1.1	0	0	187.28065627840928	0
5	-5	-5.037517210758658	0	92.97000000000001	0.00000000000000026928971889061015	1.1	0	0	187.28065627840928	0
5	-10	-5.037517210758658	0	92.97000000000001	0.00000000000000026928971889061015	1.1	0	0	187.28065627840928	0
5	-20	-5.037517210758658	0	92.97000000000001	0.00000000000000026928971889061015	1.1	0	0	187.28065627840928	0
5	-40	-5.037517210758658	0	92.97000000000001	0.00000000000000026928971889061015	1.1	0	0	187.28065627840928	0
2	40	-5.037517210758658	0	92.97000000000001	0.00000000000000026928971889061015	1.1	0	0	185.4869646839277	0
2	20	-5.037517210758658	0	92.97000000000001	0.00000000000000026928971889061015	1.1	0	0	185.4869646839277	0
2	10	-5.037517210758658	0	92.97000000000001	0.00000000000000026928971889061015	1.1	0	0	185.4869646839277	0
2	5	-5.037517210758658	0	92.97000000000001	0.00000000000000026928971889061015	1.1	0	0	185.4869646839277	0
2	2	-5.037517210758658	0	92.97000000000001	0.00000000000000026928971889061015	1.1	0	0	185.4869646839277	0
2	0	-5.037517210758658	0	92.97000000000001	0.00000000000000026928971889061015	1.1	0	0	185.4869646839277	0
2	-2	-5.037517210758658	0	92.97000000000001	0.00000000000000026928971889061015	1.1	0	0	185.4869646839277	0
2	-5	-5.037517210758658	0	92.97000000000001	0.00000000000000026928971889061015	1.1	0	0	185.4869646839277	0
2	-10	-5.037517210758658	0	92.97000000000001	0.00000000000000026928971889061015	1.1	0	0	185.4869646839277	0
2	-20	-5.037517210758658	0	92.97000000000001	0.00000000000000026928971889061015	1.1	0	0	185.4869646839277	0
2	-40	-5.037517210758658	0	92.97000000000001	0.00000000000000026928971889061015	1.1	0	0	185.4869646839277	0
0	40	-5.037517210758658	0	92.97000000000001	0.00000000000000026928971889061015	1.1	0	0	185.14769119991095	0
0	20	-5.037517210758658	0	92.97000000000001	0.00000000000000026928971889061015	1.1	0	0	185.14769119991095	0
0	10	-5.037517210758658	0	92.97000000000001	0.00000000000000026928971889061015	1.1	0	0	185.14769119991095	0
0	5	-5.037517210758658	0	92.97000000000001	0.00000000000000026928971889061015	1.1	0	0	185.14769119991095	0
0	2	-5.037517210758658	0	92.97000000000001	0.00000000000000026928971889061015	1.1	0	0	185.14769119991095	0
0	0	-5.037517210758658	0	92.97000000000001	0.00000000000000026928971889061015	1.1	0	0	185.14769119991095	0
0	-2	-5.037517210758658	0	92.97000000000001	0.00000000000000026928971889061015	1.1	0	0	185.14769119991095	0
0	-5	-5.037517210758658	0	92.97000000000001	0.00000000000000026928971889061015	1.1	0	0	185.14769119991095	0
0	-10	-5.037517210758658	0	92.97000000000001	0.00000000000000026928971889061015	1.1	0	0	185.14769119991095	0
0	-20	-5.037517210758658	0	92.97000000000001	0.00000000000000026928971889061015	1.1	0	0	185.14769119991095	0
0	-40	-5.037517210758658	0	92.97000000000001	0.00000000000000026928971889061015	1.1	0	0	185.14769119991095	0
-2	40	-5.037517210758658	0	92.97000000000001	0.00000000000000026928971889061015	1.1	0	0	185.48696468392833	-0
-2	20	-5.037517210758658	0	92.97000000000001	0.00000000000000026928971889061015	1.1	0	0	185.48696468392833	-0
-2	10	-5.037517210758658	0	92.97000000000001	0.00000000000000026928971889061015	1.1	0	0	185.48696468392833	-0
-2	5	-5.037517210758658	0	92.97000000000001	0.00000000000000026928971889061015	1.1	0	0	185.48696468392833	-0
-2	2	-5.037517210758658	0	92.97000000000001	0.00000000000000026928971889061015	1.1	0	0	185.48696468392833	-0
-2	0	-5.037517210758658	0	92.97000000000001	0.00000000000000026928971889061015	1.1	0	0	185.48696468392833	-0
-2	-2	-5.037517210758658	0	92.97000000000001	0.00000000000000026928971889061015	1.1	0	0	185.48696468392833	-0
-2	-5	-5.037517210758658	0	92.97000000000001	0.00000000000000026928971889061015	1.1	0	0	185.48696468392833	-0
-2	-10	-5.037517210758658	0	92.97000000000001	0.00000000000000026928971889061015	1.1	0	0	185.48696468392833	-0
-2	-20	-5.037517210758658	0	92.97000000000001	0.00000000000000026928971889061015	1.1	0	0	185.48696468392833	-0
-2	-40	-5.037517210758658	0	92.97000000000001	0.00000000000000026928971889061015	1.1	0	0	185.48696468392833	-0
-5	40	-5.037517210758658	0	92.97000000000001	0.00000000000000026928971889061015	1.1	0	0	187.28065627841076	-0
-5	20	-5.037517210758658	0	92.97000000000001	0.00000000000000026928971889061015	1.1	0	0	187.28065627841076	-0
-5	10	-5.037517210758658	0	92.97000000000001	0.00000000000000026928971889061015	1.1	0	0	187.28065627841076	-0
-5	5	-5.037517210758658	0	92.97000000000001	0.00000000000000026928971889061015	1.1	0	0	187.28065627841076	-0
-5	2	-5.037517210758658	0	92.97000000000001	0.00000000000000026928971889061015	1.1	0	0	187.28065627841076	-0
-5	0	-5.037517210758658	0	92.97000000000001	0.00000000000000026928971889061015	1.1	0	0	187.28065627841076	-0
-5	-2	-5.037517210758658	0	92.97000000000001	0.00000000000000026928971889061015	1.1	0	0	187.28065627841076	-0
-5	-5	-5.037517210758658	0	92.97000000000001	0.00000000000000026928971889061015	1.1	0	0	187.28065627841076	-0
-5	-10	-5.037517210758658	0	92.97000000000001	0.00000000000000026928971889061015	1.1	0	0	187.28065627841076	-0
-5	-20	-5.037517210758658	0	92.97000000000001	0.00000000000000026928971889061015	1.1	0	0	187.28065627841076	-0
-5	-40	-5.037517210758658	0	92.97000000000001	0.00000000000000026928971889061015	1.1	0	0	187.28065627841076	-0
-10	40	-5.037517210758658	0	92.97000000000001	0.00000000000000026928971889061015	1.1	0	0	193.8620946021123	-0
-10	20	-5.037517210758658	0	92.97000000000001	0.00000000000000026928971889061015	1.1	0	0	193.8620946021123	-0
-10	10	-5.037517210758658	0	92.97000000000001	0.00000000000000026928971889061015	1.1	0	0	193.8620946021123	-0
-10	5	-5.037517210758658	0	92.97000000000001	0.00000000000000026928971889061015	1.1	0	0	193.8620946021123	-0
-10	2	-5.037517210758658	0	92.97000000000001	0.00000000000000026928971889061015	1.1	0	0	193.8620946021123	-0
-10	0	-5.037517210758658	0	92.97000000000001	0.00000000000000026928971889061015	1.1	0	0	193.8620946021123	-0
-10	-2	-5.037517210758658	0	92.97000000000001	0.00000000000000026928971889061015	1.1	0	0	193.8620946021123	-0
-10	-5	-5.037517210758658	0	92.97000000000001	0.00000000000000026928971889061015	1.1	0	0	193.8620946021123	-0
-10	-10	-5.037517210758658	0	92.97000000000001	0.00000000000000026928971889061015	1.1	0	0	193.8620946021123	-0
-10	-20	-5.037517210758658	0	92.97000000000001	0.00000000000000026928971889061015	1.1	0	0	193.8620946021123	-0
-10	-40	-5.037517210758658	0	92.97000000000001	0.00000000000000026928971889061015	1.1	0	0	193.8620946021123	-0
-15	40	-5.037517210758658	0	92.97000000000001	0.00000000000000026928971889061015	1.1	0	0	205.47137962824868	-0
-15	20	-5.037517210758658	0	92.97000000000001	0.00000000000000026928971889061015	1.1	0	0	205.47137962824868	-0
-15	10	-5.037517210758658	0	92.97000000000001	0.00000000000000026928971889061015	1.1	0	0	205.47137962824868	-0
-15	5	-5.037517210758658	0	92.97000000000001	0.00000000000000026928971889061015	1.1	0	0	205.47137962824868	-0
-15	2	-5.037517210758658	0	92.97000000000001	0.00000000000000026928971889061015	1.1	0	0	205.47137962824868	-0
-15	0	-5.037517210758658	0	92.97000000000001	0.00000000000000026928971889061015	1.1	0	0	205.47137962824868	-0
-15	-2	-5.037517210758658	0	92.97000000000001	0.00000000000000026928971889061015	1.1	0	0	205.47137962824868	-0
-15	-5	-5.037517210758658	0	92.97000000000001	0.00000000000000026928971889061015	1.1	0	0	205.47137962824868	-0
-15	-10	-5.037517210758658	0	92.97000000000001	0.00000000000000026928971889061015	1.1	0	0	205.47137962824868	-0
-15	-20	-5.037517210758658	0	92.97000000000001	0.00000000000000026928971889061015	1.1	0	0	205.47137962824868	-0
-15	-40	-5.037517210758658	0	92.97000000000001	0.00000000000000026928971889061015	1.1	0	0	205.47137962824868	-0
-30	40	-5.037517210758658	0	92.97000000000001	0.00000000000000026928971889061015	1.1	0	0	285.2112100562828	-0
-30	20	-5.037517210758658	0	92.97000000000001	0.00000000000000026928971889061015	1.1	0	0	285.2112100562828	-0
-30	10	-5.037517210758658	0	92.97000000000001	0.00000000000000026928971889061015	1.1	0	0	285.2112100562828	-0
-30	5	-5.037517210758658	0	92.97000000000001	0.00000000000000026928971889061015	1.1	0	0	285.2112100562828	-0
-30	2	-5.037517210758658	0	92.97000000000001	0.00000000000000026928971889061015	1.1	0	0	285.2112100562828	-0
-30	0	-5.037517210758658	0	92.97000000000001	0.00000000000000026928971889061015	1.1	0	0	285.2112100562828	-0
-30	-2	-5.037517210758658	0	92.97000000000001	0.00000000000000026928971889061015	1.1	0	0	285.2112100562828	-0
-30	-5	-5.037517210758658	0	92.97000000000001	0.00000000000000026928971889061015	1.1	0	0	285.2112100562828	-0
-30	-10	-5.037517210758658	0	92.97000000000001	0.00000000000000026928971889061015	1.1	0	0	285.2112100562828	-0
-30	-20	-5.037517210758658	0	92.97000000000001	0.00000000000000026928971889061015	1.1	0	0	285.2112100562828	-0
-30	-40	-5.037517210758658	0	92.97000000000001	0.00000000000000026928971889061015	1.1	0	0	285.2112100562828	-0
-60	40	-5.037517210758658	8.760964300081433	92.99387914450236	-5.361758401510883	3.2446973606284533	32.780282383603094	0.5528761605916364	156.47225469647168	-48.10531203957864
-60	20	-5.037517210758658	8.738675533721143	92.98038430410425	-5.3680158791307315	3.2338590914636507	26.470151429134603	0.30029130027663087	156.47225469647168	-47.92824526464826
-60	10	-5.037517210758658	8.734722332098297	92.97503299862048	-5.369129058233877	3.2319310086990787	25.21475280303474	0.26100118372321524	156.47225469647168	-47.896840176960225
-60	5	-5.037517210758658	8.733808462667373	92.97249749865506	-5.36938653745186	3.231485041611636	24.916761357697	0.25217940988651694	156.47225469647168	-47.88958020078086
-60	2	-5.037517210758658	8.733557552218974	92.97099689579144	-5.36945723993955	3.231362581310735	24.834400148319162	0.2497748476633728	156.47225469647168	-47.88758691397549
-60	0	-5.037517210758658	8.733510002178454	92.96999999999998	-5.3694706392262965	3.2313393730653095	24.818764976936336	0.2493200148450624	156.47225469647168	-47.88720916618155
-60	-2	-5.037517210758658	8.733557552218986	92.96900310420857	-5.3694572399395515	3.231362581310737	24.834400148319162	0.2497748476633871	156.47225469647168	-47.88758691397559
-60	-5	-5.037517210758658	8.733808462667403	92.96750250134494	-5.3693865374518595	3.23148504161164	24.916761357697226	0.2521794098865101	156.47225469647168	-47.889580200781054
-60	-10	-5.037517210758658	8.7347223320984	92.9649670013795	-5.369129058233869	3.231931008699091	25.214752803035253	0.2610011837232242	156.47225469647168	-47.89684017696084
-60	-20	-5.037517210758658	8.73867553372121	92.95961569589576	-5.368015879130726	3.233859091463659	26.4701514291354	0.300291300276648	156.47225469647168	-47.92824526464867
-60	-40	-5.037517210758658	8.76096430008181	92.94612085549765	-5.361758401510857	3.2446973606285	32.7802823836048	0.552876160591651	156.47225469647168	-48.105312039580944
60	40	-7.05252409506212	4.123768069567136	93.00474390585258	5.746037669588972	2.5791061440218233	10.668388714737716	0.37729140916453946	156.47225469647066	21.058393918649976
60	20	-7.05252409506212	4.101479303206787	92.98515251367805	5.755136145811523	2.5633471209329053	8.524114724541676	0.2055199057757164	156.47225469647066	20.907257109204448
60	10	-7.05252409506212	4.097526101583942	92.97734778403627	5.756760213404568	2.5605341533468273	8.104327781844347	0.17872134031110176	156.47225469647066	20.880451037001535
60	5	-7.05252409506212	4.096612232153011	92.97364658436658	5.757136098367862	2.5598831014926016	8.004997014066475	0.17270106615403602	156.47225469647066	20.874254224319813
60	2	-7.05252409506212	4.096361321704603	92.97145560952575	5.757239330053976	2.5597042989673002	7.977564098304583	0.17105990353809	156.47225469647066	20.872552837889753
60	0	-7.05252409506212	4.096313771664089	92.97	5.757258894916813	2.559670411630822	7.972357345671526	0.17074946078310135	156.47225469647066	20.872230408137636
60	-2	-7.05252409506212	4.096361321704613	92.96854439047422	5.757239330053975	2.559704298967302	7.977564098304413	0.17105990353809197	156.47225469647066	20.87255283788981
60	-5	-7.05252409506212	4.096612232153021	92.96635341563346	5.757136098367861	2.559883101492604	8.004997014066873	0.17270106615403139	156.47225469647066	20.87425422431987
60	-10	-7.05252409506212	4.097526101583983	92.9626522159637	5.756760213404563	2.5605341533468344	8.104327781845143	0.17872134031111112	156.47225469647066	20.88045103700176
60	-20	-7.05252409506212	4.101479303206801	92.95484748632194	5.755136145811521	2.563347120932907	8.524114724541619	0.20551990577572218	156.47225469647066	20.90725710920452
60	-40	-7.05252409506212	4.123768069567394	92.93525609414746	5.746037669588945	2.579106144021866	10.668388714738171	0.37729140916455756	156.47225469647066	21.058393918651387
30	40	-7.05252409506212	0	92.97000000000001	0.00000000000000026928971889061015	1.1	0	0	285.2112100562819	0
30	20	-7.05252409506212	0	92.97000000000001	0.00000000000000026928971889061015	1.1	0	0	285.2112100562819	0
30	10	-7.05252409506212	0	92.97000000000001	0.00000000000000026928971889061015	1.1	0	0	285.2112100562819	0
30	5	-7.05252409506212	0	92.97000000000001	0.00000000000000026928971889061015	1.1	0	0	285.2112100562819	0
30	2	-7.05252409506212	0	92.97000000000001	0.00000000000000026928971889061015	1.1	0	0	285.2112100562819	0
30	0	-7.05252409506212	0	92.97000000000001	0.00000000000000026928971889061015	1.1	0	0	285.2112100562819	0
30	-2	-7.05252409506212	0	92.97000000000001	0.00000000000000026928971889061015	1.1	0	0	285.2112100562819	0
30	-5	-7.05252409506212	0	92.97000000000001	0.00000000000000026928971889061015	1.1	0	0	285.2112100562819	0
30	-10	-7.05252409506212	0	92.97000000000001	0.00000000000000026928971889061015	1.1	0	0	285.2112100562819	0
30	-20	-7.05252409506212	0	92.97000000000001	0.00000000000000026928971889061015	1.1	0	0	285.2112100562819	0
30	-40	-7.05252409506212	0	92.97000000000001	0.00000000000000026928971889061015	1.1	0	0	285.2112100562819	0
15	40	-7.05252409506212	0	92.97000000000001	0.00000000000000026928971889061015	1.1	0	0	205.47137962824863	0
15	20	-7.05252409506212	0	92.97000000000001	0.00000000000000026928971889061015	1.1	0	0	205.47137962824863	0
15	10	-7.05252409506212	0	92.97000000000001	0.00000000000000026928971889061015	1.1	0	0	205.47137962824863	0
15	5	-7.05252409506212	0	92.97000000000001	0.00000000000000026928971889061015	1.1	0	0	205.47137962824863	0
15	2	-7.05252409506212	0	92.97000000000001	0.00000000000000026928971889061015	1.1	0	0	205.47137962824863	0
15	0	-7.05252409506212	0	92.97000000000001	0.00000000000000026928971889061015	1.1	0	0	205.47137962824863	0
15	-2	-7.05252409506212	0	92.97000000000001	0.00000000000000026928971889061015	1.1	0	0	205.47137962824863	0
15	-5	-7.05252409506212	0	92.97000000000001	0.00000000000000026928971889061015	1.1	0	0	205.47137962824863	0
15	-10	-7.05252409506212	0	92.97000000000001	0.00000000000000026928971889061015	1.1	0	0	205.47137962824863	0
15	-20	-7.05252409506212	0	92.97000000000001	0.00000000000000026928971889061015	1.1	0	0	205.47137962824863	0
15	-40	-7.05252409506212	0	92.97000000000001	0.00000000000000026928971889061015	1.1	0	0	205.47137962824863	0
10	40	-7.05252409506212	0	92.97000000000001	0.00000000000000026928971889061015	1.1	0	0	193.8620946021116	0
10	20	-7.05252409506212	0	92.97000000000001	0.00000000000000026928971889061015	1.1	0	0	193.8620946021116	0
10	10	-7.05252409506212	0	92.97000000000001	0.00000000000000026928971889061015	1.1	0	0	193.8620946021116	0
10	5	-7.05252409506212	0	92.97000000000001	0.00000000000000026928971889061015	1.1	0	0	193.8620946021116	0
10	2	-7.05252409506212	0	92.97000000000001	0.00000000000000026928971889061015	1.1	0	0	193.8620946021116	0
10	0	-7.05252409506212	0	92.97000000000001	0.00000000000000026928971889061015	1.1	0	0	193.8620946021116	0
10	-2	-7.05252409506212	0	92.97000000000001	0.00000000000000026928971889061015	1.1	0	0	193.8620946021116	0
10	-5	-7.05252409506212	0	92.97000000000001	0.00000000000000026928971889061015	1.1	0	0	193.8620946021116	0
10	-10	-7.05252409506212	0	92.97000000000001	0.00000000000000026928971889061015	1.1	0	0	193.8620946021116	0
10	-20	-7.05252409506212	0	92.97000000000001	0.00000000000000026928971889061015	1.1	0	0	193.8620946021116	0
10	-40	-7.05252409506212	0	92.97000000000001	0.00000000000000026928971889061015	1.1	0	0	193.8620946021116	0
5	40	-7.05252409506212	0	92.97000000000001	0.00000000000000026928971889061015	1.1	0	0	187.28065627840928	0
5	20	-7.05252409506212	0	92.97000000000001	0.00000000000000026928971889061015	1.1	0	0	187.28065627840928	0
5	10	-7.05252409506212	0	92.97000000000001	0.00000000000000026928971889061015	1.1	0	0	187.28065627840928	0
5	5	-7.05252409506212	0	92.97000000000001	0.00000000000000026928971889061015	1.1	0	0	187.28065627840928	0
5	2	-7.05252409506212	0	92.97000000000001	0.00000000000000026928971889061015	1.1	0	0	187.28065627840928	0
5	0	-7.05252409506212	0	92.97000000000001	0.00000000000000026928971889061015	1.1	0	0	187.28065627840928	0
5	-2	-7.05252409506212	0	92.97000000000001	0.00000000000000026928971889061015	1.1	0	0	187.28065627840928	0
5	-5	-7.05252409506212	0	92.97000000000001	0.00000000000000026928971889061015	1.1	0	0	187.28065627840928	0
5	-10	-7.05252409506212	0	92.97000000000001	0.00000000000000026928971889061015	1.1	0	0	187.28065627840928	0
5	-20	-7.05252409506212	0	92.97000000000001	0.00000000000000026928971889061015	1.1	0	0	187.28065627840928	0
5	-40	-7.05252409506212	0	92.97000000000001	0.00000000000000026928971889061015	1.1	0	0	187.28065627840928	0
2	40	-7.05252409506212	0	92.97000000000001	0.00000000000000026928971889061015	1.1	0	0	185.4869646839277	0
2	20	-7.05252409506212	0	92.97000000000001	0.00000000000000026928971889061015	1.1	0	0	185.4869646839277	0
2	10	-7.05252409506212	0	92.97000000000001	0.00000000000000026928971889061015	1.1	0	0	185.4869646839277	0
2	5	-7.05252409506212	0	92.97000000000001	0.00000000000000026928971889061015	1.1	0	0	185.4869646839277	0
2	2	-7.05252409506212	0	92.97000000000001	0.00000000000000026928971889061015	1.1	0	0	185.4869646839277	0
2	0	-7.05252409506212	0	92.97000000000001	0.00000000000000026928971889061015	1.1	0	0	185.4869646839277	0
2	-2	-7.05252409506212	0	92.97000000000001	0.00000000000000026928971889061015	1.1	0	0	185.4869646839277	0
2	-5	-7.05252409506212	0	92.97000000000001	0.00000000000000026928971889061015	1.1	0	0	185.4869646839277	0
2	-10	-7.05252409506212	0	92.97000000000001	0.00000000000000026928971889061015	1.1	0	0	185.4869646839277	0
2	-20	-7.05252409506212	0	92.97000000000001	0.00000000000000026928971889061015	1.1	0	0	185.4869646839277	0
2	-40	-7.05252409506212	0	92.97000000000001	0.00000000000000026928971889061015	1.1	0	0	185.4869646839277	0
0	40	-7.05252409506212	0	92.97000000000001	0.00000000000000026928971889061015	1.1	0	0	185.14769119991095	0
0	20	-7.05252409506212	0	92.97000000000001	0.00000000000000026928971889061015	1.1	0	0	185.14769119991095	0
0	10	-7.05252409506212	0	92.97000000000001	0.00000000000000026928971889061015	1.1	0	0	185.14769119991095	0
0	5	-7.05252409506212	0	92.97000000000001	0.00000000000000026928971889061015	1.1	0	0	185.14769119991095	0
0	2	-7.05252409506212	0	92.97000000000001	0.00000000000000026928971889061015	1.1	0	0	185.14769119991095	0
0	0	-7.05252409506212	0	92.97000000000001	0.00000000000000026928971889061015	1.1	0	0	185.14769119991095	0
0	-2	-7.05252409506212	0	92.97000000000001	0.00000000000000026928971889061015	1.1	0	0	185.14769119991095	0
0	-5	-7.05252409506212	0	92.97000000000001	0.00000000000000026928971889061015	1.1	0	0	185.14769119991095	0
0	-10	-7.05252409506212	0	92.97000000000001	0.00000000000000026928971889061015	1.1	0	0	185.14769119991095	0
0	-20	-7.05252409506212	0	92.97000000000001	0.00000000000000026928971889061015	1.1	0	0	185.14769119991095	0
0	-40	-7.05252409506212	0	92.97000000000001	0.00000000000000026928971889061015	1.1	0	0	185.14769119991095	0
-2	40	-7.05252409506212	0	92.97000000000001	0.00000000000000026928971889061015	1.1	0	0	185.48696468392833	-0
-2	20	-7.05252409506212	0	92.97000000000001	0.00000000000000026928971889061015	1.1	0	0	185.48696468392833	-0
-2	10	-7.05252409506212	0	92.97000000000001	0.00000000000000026928971889061015	1.1	0	0	185.48696468392833	-0
-2	5	-7.05252409506212	0	92.97000000000001	0.00000000000000026928971889061015	1.1	0	0	185.48696468392833	-0
-2	2	-7.05252409506212	0	92.97000000000001	0.00000000000000026928971889061015	1.1	0	0	185.48696468392833	-0
-2	0	-7.05252409506212	0	92.97000000000001	0.00000000000000026928971889061015	1.1	0	0	185.48696468392833	-0
-2	-2	-7.05252409506212	0	92.97000000000001	0.00000000000000026928971889061015	1.1	0	0	185.48696468392833	-0
-2	-5	-7.05252409506212	0	92.97000000000001	0.00000000000000026928971889061015	1.1	0	0	185.48696468392833	-0
-2	-10	-7.05252409506212	0	92.97000000000001	0.00000000000000026928971889061015	1.1	0	0	185.48696468392833	-0
-2	-20	-7.05252409506212	0	92.97000000000001	0.00000000000000026928971889061015	1.1	0	0	185.48696468392833	-0
-2	-40	-7.05252409506212	0	92.97000000000001	0.00000000000000026928971889061015	1.1	0	0	185.48696468392833	-0
-5	40	-7.05252409506212	0	92.97000000000001	0.00000000000000026928971889061015	1.1	0	0	187.28065627841076	-0
-5	20	-7.05252409506212	0	92.97000000000001	0.00000000000000026928971889061015	1.1	0	0	187.28065627841076	-0
-5	10	-7.05252409506212	0	92.97000000000001	0.00000000000000026928971889061015	1.1	0	0	187.28065627841076	-0
-5	5	-7.05252409506212	0	92.97000000000001	0.00000000000000026928971889061015	1.1	0	0	187.28065627841076	-0
-5	2	-7.05252409506212	0	92.97000000000001	0.00000000000000026928971889061015	1.1	0	0	187.28065627841076	-0
-5	0	-7.05252409506212	0	92.97000000000001	0.00000000000000026928971889061015	1.1	0	0	187.28065627841076	-0
-5	-2	-7.05252409506212	0	92.97000000000001	0.00000000000000026928971889061015	1.1	0	0	187.28065627841076	-0
-5	-5	-7.05252409506212	0	92.97000000000001	0.00000000000000026928971889061015	1.1	0	0	187.28065627841076	-0
-5	-10	-7.05252409506212	0	92.97000000000001	0.00000000000000026928971889061015	1.1	0	0	187.28065627841076	-0
-5	-20	-7.05252409506212	0	92.97000000000001	0.00000000000000026928971889061015	1.1	0	0	187.28065627841076	-0
-5	-40	-7.05252409506212	0	92.97000000000001	0.00000000000000026928971889061015	1.1	0	0	187.28065627841076	-0
-10	40	-7.05252409506212	0	92.97000000000001	0.00000000000000026928971889061015	1.1	0	0	193.8620946021123	-0
-10	20	-7.05252409506212	0	92.97000000000001	0.00000000000000026928971889061015	1.1	0	0	193.8620946021123	-0
-10	10	-7.05252409506212	0	92.97000000000001	0.00000000000000026928971889061015	1.1	0	0	193.8620946021123	-0
-10	5	-7.05252409506212	0	92.97000000000001	0.00000000000000026928971889061015	1.1	0	0	193.8620946021123	-0
-10	2	-7.05252409506212	0	92.97000000000001	0.00000000000000026928971889061015	1.1	0	0	193.8620946021123	-0
-10	0	-7.05252409506212	0	92.97000000000001	0.00000000000000026928971889061015	1.1	0	0	193.8620946021123	-0
-10	-2	-7.05252409506212	0	92.97000000000001	0.00000000000000026928971889061015	1.1	0	0	193.8620946021123	-0
-10	-5	-7.05252409506212	0	92.97000000000001	0.00000000000000026928971889061015	1.1	0	0	193.8620946021123	-0
-10	-10	-7.05252409506212	0	92.97000000000001	0.00000000000000026928971889061015	1.1	0	0	193.8620946021123	-0
-10	-20	-7.05252409506212	0	92.97000000000001	0.00000000000000026928971889061015	1.1	0	0	193.8620946021123	-0
-10	-40	-7.05252409506212	0	92.97000000000001	0.00000000000000026928971889061015	1.1	0	0	193.8620946021123	-0
-15	40	-7.05252409506212	0	92.97000000000001	0.00000000000000026928971889061015	1.1	0	0	205.47137962824868	-0
-15	20	-7.05252409506212	0	92.97000000000001	0.00000000000000026928971889061015	1.1	0	0	205.47137962824868	-0
-15	10	-7.05252409506212	0	92.97000000000001	0.00000000000000026928971889061015	1.1	0	0	205.47137962824868	-0
-15	5	-7.05252409506212	0	92.97000000000001	0.00000000000000026928971889061015	1.1	0	0	205.47137962824868	-0
-15	2	-7.05252409506212	0	92.97000000000001	0.00000000000000026928971889061015	1.1	0	0	205.47137962824868	-0
-15	0	-7.05252409506212	0	92.97000000000001	0.00000000000000026928971889061015	1.1	0	0	205.47137962824868	-0
-15	-2	-7.05252409506212	0	92.97000000000001	0.00000000000000026928971889061015	1.1	0	0	205.47137962824868	-0
-15	-5	-7.05252409506212	0	92.97000000000001	0.00000000000000026928971889061015	1.1	0	0	205.47137962824868	-0
-15	-10	-7.05252409506212	0	92.97000000000001	0.00000000000000026928971889061015	1.1	0	0	205.47137962824868	-0
-15	-20	-7.05252409506212	0	92.97000000000001	0.00000000000000026928971889061015	1.1	0	0	205.47137962824868	-0
-15	-40	-7.05252409506212	0	92.97000000000001	0.00000000000000026928971889061015	1.1	0	0	205.47137962824868	-0
-30	40	-7.05252409506212	0	92.97000000000001	0.00000000000000026928971889061015	1.1	0	0	285.2112100562828	-0
-30	20	-7.05252409506212	0	92.97000000000001	0.00000000000000026928971889061015	1.1	0	0	285.2112100562828	-0
-30	10	-7.05252409506212	0	92.97000000000001	0.00000000000000026928971889061015	1.1	0	0	285.2112100562828	-0
-30	5	-7.05252409506212	0	92.97000000000001	0.00000000000000026928971889061015	1.1	0	0	285.2112100562828	-0
-30	2	-7.05252409506212	0	92.97000000000001	0.00000000000000026928971889061015	1.1	0	0	285.2112100562828	-0
-30	0	-7.05252409506212	0	92.97000000000001	0.00000000000000026928971889061015	1.1	0	0	285.2112100562828	-0
-30	-2	-7.05252409506212	0	92.97000000000001	0.00000000000000026928971889061015	1.1	0	0	285.2112100562828	-0
-30	-5	-7.05252409506212	0	92.97000000000001	0.00000000000000026928971889061015	1.1	0	0	285.2112100562828	-0
-30	-10	-7.05252409506212	0	92.97000000000001	0.00000000000000026928971889061015	1.1	0	0	285.2112100562828	-0
-30	-20	-7.05252409506212	0	92.97000000000001	0.00000000000000026928971889061015	1.1	0	0	285.2112100562828	-0
-30	-40	-7.05252409506212	0	92.97000000000001	0.00000000000000026928971889061015	1.1	0	0	285.2112100562828	-0
-60	40	-7.05252409506212	4.123768069567126	93.00474390585256	-5.746037669588974	2.579106144021823	10.668388714737148	0.37729140916454534	156.47225469647168	-21.058393918649926
-60	20	-7.05252409506212	4.101479303206788	92.98515251367805	-5.755136145811522	2.5633471209329053	8.524114724541391	0.20551990577572002	156.47225469647168	-20.907257109204448
-60	10	-7.05252409506212	4.097526101583944	92.97734778403628	-5.756760213404567	2.5605341533468278	8.10432778184446	0.17872134031110018	156.47225469647168	-20.880451037001542
-60	5	-7.05252409506212	4.09661223215301	92.97364658436658	-5.7571360983678606	2.5598831014926016	8.004997014066646	0.17270106615403602	156.47225469647168	-20.87425422431981
-60	2	-7.05252409506212	4.096361321704602	92.97145560952578	-5.7572393300539755	2.5597042989673002	7.977564098304526	0.1710599035380933	156.47225469647168	-20.872552837889746
-60	0	-7.05252409506212	4.096313771664089	92.97	-5.757258894916813	2.5596704116308215	7.972357345671696	0.17074946078310135	156.47225469647168	-20.872230408137632
-60	-2	-7.05252409506212	4.096361321704614	92.96854439047425	-5.757239330053975	2.5597042989673016	7.977564098304413	0.1710599035380935	156.47225469647168	-20.87255283788981
-60	-5	-7.05252409506212	4.096612232153021	92.96635341563344	-5.7571360983678606	2.559883101492604	8.004997014066873	0.17270106615403633	156.47225469647168	-20.87425422431987
-60	-10	-7.05252409506212	4.097526101583983	92.96265221596373	-5.756760213404564	2.560534153346835	8.104327781844916	0.1787213403111061	156.47225469647168	-20.880451037001762
-60	-20	-7.05252409506212	4.1014793032067995	92.95484748632194	-5.755136145811521	2.563347120932907	8.524114724541846	0.20551990577573137	156.47225469647168	-20.90725710920451
-60	-40	-7.05252409506212	4.123768069567391	92.93525609414745	-5.7460376695889455	2.5791061440218677	10.668388714738171	0.3772914091645653	156.47225469647168	-21.05839391865138
60	40	-9.067530979365582	1.2212709698607356	93.03333343585565	6.124592376249519	1.9234301586414178	1.77793640733438	0.20033900607545033	156.47225469647066	5.774212583561604
60	20	-9.067530979365582	1.1989822035002788	92.99798238220365	6.141127036885698	1.8947912863336531	1.356443886860518	0.11060910426115257	156.47225469647066	5.649005739600765
60	10	-9.067530979365582	1.195029001877474	92.98360103251183	6.1441240718358765	1.8896002695278833	1.2785046689430715	0.09641307235526428	156.47225469647066	5.626798682883166
60	5	-9.067530979365582	1.1941151324465256	92.976753627967	6.1448197262222415	1.8883953607861925	1.2602773050210203	0.09321596188409886	156.47225469647066	5.621665033699035
60	2	-9.067530979365582	1.1938642219981332	92.97269625162919	6.145010910261022	1.8880642203174238	1.2552577067858124	0.0923438926401508	156.47225469647066	5.620255547644404
60	0	-9.067530979365582	1.1938166719576089	92.97	6.145047150607332	1.8880014501963336	1.2543056916946966	0.09217890672114025	156.47225469647066	5.619988435934048
60	-2	-9.067530979365582	1.1938642219981348	92.96730374837078	6.145010910261021	1.8880642203174243	1.2552577067858124	0.09234389264014997	156.47225469647066	5.620255547644411
60	-5	-9.067530979365582	1.194115132446532	92.96324637203298	6.144819726222239	1.888395360786194	1.2602773050231804	0.09321596188410405	156.47225469647066	5.621665033699065
60	-10	-9.067530979365582	1.1950290018775105	92.95639896748816	6.144124071835869	1.8896002695278955	1.2785046689430715	0.09641307235526395	156.47225469647066	5.626798682883346
60	-20	-9.067530979365582	1.1989822035003126	92.94201761779635	6.141127036885691	1.8947912863336631	1.3564438868602338	0.1106091042611612	156.47225469647066	5.6490057396009306
60	-40	-9.067530979365582	1.2212709698608972	92.90666656414436	6.124592376249491	1.9234301586414713	1.7779364073343231	0.20033900607546845	156.47225469647066	5.774212583562408
30	40	-9.067530979365582	0	92.97000000000001	0.00000000000000026928971889061015	1.1	0	0	285.2112100562819	0
30	20	-9.067530979365582	0	92.97000000000001	0.00000000000000026928971889061015	1.1	0	0	285.2112100562819	0
30	10	-9.067530979365582	0	92.97000000000001	0.00000000000000026928971889061015	1.1	0	0	285.2112100562819	0
30	5	-9.067530979365582	0	92.97000000000001	0.00000000000000026928971889061015	1.1	0	0	285.2112100562819	0
30	2	-9.067530979365582	0	92.97000000000001	0.00000000000000026928971889061015	1.1	0	0	285.2112100562819	0
30	0	-9.067530979365582	0	92.97000000000001	0.00000000000000026928971889061015	1.1	0	0	285.2112100562819	0
30	-2	-9.067530979365582	0	92.97000000000001	0.00000000000000026928971889061015	1.1	0	0	285.2112100562819	0
30	-5	-9.067530979365582	0	92.97000000000001	0.00000000000000026928971889061015	1.1	0	0	285.2112100562819	0
30	-10	-9.067530979365582	0	92.97000000000001	0.00000000000000026928971889061015	1.1	0	0	285.2112100562819	0
30	-20	-9.067530979365582	0	92.97000000000001	0.00000000000000026928971889061015	1.1	0	0	285.2112100562819	0
30	-40	-9.067530979365582	0	92.97000000000001	0.00000000000000026928971889061015	1.1	0	0	285.2112100562819	0
15	40	-9.067530979365582	0	92.97000000000001	0.00000000000000026928971889061015	1.1	0	0	205.47137962824863	0
15	20	-9.067530979365582	0	92.97000000000001	0.00000000000000026928971889061015	1.1	0	0	205.47137962824863	0
15	10	-9.067530979365582	0	92.97000000000001	0.00000000000000026928971889061015	1.1	0	0	205.47137962824863	0
15	5	-9.067530979365582	0	92.97000000000001	0.00000000000000026928971889061015	1.1	0	0	205.47137962824863	0
15	2	-9.067530979365582	0	92.97000000000001	0.00000000000000026928971889061015	1.1	0	0	205.47137962824863	0
15	0	-9.067530979365582	0	92.97000000000001	0.00000000000000026928971889061015	1.1	0	0	205.47137962824863	0
15	-2	-9.067530979365582	0	92.97000000000001	0.00000000000000026928971889061015	1.1	0	0	205.47137962824863	0
15	-5	-9.067530979365582	0	92.97000000000001	0.00000000000000026928971889061015	1.1	0	0	205.47137962824863	0
15	-10	-9.067530979365582	0	92.97000000000001	0.00000000000000026928971889061015	1.1	0	0	205.47137962824863	0
15	-20	-9.067530979365582	0	92.97000000000001	0.00000000000000026928971889061015	1.1	0	0	205.47137962824863	0
15	-40	-9.067530979365582	0	92.97000000000001	0.00000000000000026928971889061015	1.1	0	0	205.47137962824863	0
10	40	-9.067530979365582	0	92.97000000000001	0.00000000000000026928971889061015	1.1	0	0	193.8620946021116	0
10	20	-9.067530979365582	0	92.97000000000001	0.00000000000000026928971889061015	1.1	0	0	193.8620946021116	0
10	10	-9.067530979365582	0	92.97000000000001	0.00000000000000026928971889061015	1.1	0	0	193.8620946021116	0
10	5	-9.067530979365582	0	92.97000000000001	0.00000000000000026928971889061015	1.1	0	0	193.8620946021116	0
10	2	-9.067530979365582	0	92.97000000000001	0.00000000000000026928971889061015	1.1	0	0	193.8620946021116	0
10	0	-9.067530979365582	0	92.97000000000001	0.00000000000000026928971889061015	1.1	0	0	193.8620946021116	0
10	-2	-9.067530979365582	0	92.97000000000001	0.00000000000000026928971889061015	1.1	0	0	193.8620946021116	0
10	-5	-9.067530979365582	0	92.97000000000001	0.00000000000000026928971889061015	1.1	0	0	193.8620946021116	0
10	-10	-9.067530979365582	0	92.97000000000001	0.00000000000000026928971889061015	1.1	0	0	193.8620946021116	0
10	-20	-9.067530979365582	0	92.97000000000001	0.00000000000000026928971889061015	1.1	0	0	193.8620946021116	0
10	-40	-9.067530979365582	0	92.97000000000001	0.00000000000000026928971889061015	1.1	0	0	193.8620946021116	0
5	40	-9.067530979365582	0	92.97000000000001	0.00000000000000026928971889061015	1.1	0	0	187.28065627840928	0
5	20	-9.067530979365582	0	92.97000000000001	0.00000000000000026928971889061015	1.1	0	0	187.28065627840928	0
5	10	-9.067530979365582	0	92.97000000000001	0.00000000000000026928971889061015	1.1	0	0	187.28065627840928	0
5	5	-9.067530979365582	0	92.97000000000001	0.00000000000000026928971889061015	1.1	0	0	187.28065627840928	0
5	2	-9.067530979365582	0	92.97000000000001	0.00000000000000026928971889061015	1.1	0	0	187.28065627840928	0
5	0	-9.067530979365582	0	92.97000000000001	0.00000000000000026928971889061015	1.1	0	0	187.28065627840928	0
5	-2	-9.067530979365582	0	92.97000000000001	0.00000000000000026928971889061015	1.1	0	0	187.28065627840928	0
5	-5	-9.067530979365582	0	92.97000000000001	0.00000000000000026928971889061015	1.1	0	0	187.28065627840928	0
5	-10	-9.067530979365582	0	92.97000000000001	0.00000000000000026928971889061015	1.1	0	0	187.28065627840928	0
5	-20	-9.067530979365582	0	92.97000000000001	0.00000000000000026928971889061015	1.1	0	0	187.28065627840928	0
5	-40	-9.067530979365582	0	92.97000000000001	0.00000000000000026928971889061015	1.1	0	0	187.28065627840928	0
2	40	-9.067530979365582	0	92.97000000000001	0.00000000000000026928971889061015	1.1	0	0	185.4869646839277	0
2	20	-9.067530979365582	0	92.97000000000001	0.00000000000000026928971889061015	1.1	0	0	185.4869646839277	0
2	10	-9.067530979365582	0	92.97000000000001	0.00000000000000026928971889061015	1.1	0	0	185.4869646839277	0
2	5	-9.067530979365582	0	92.97000000000001	0.00000000000000026928971889061015	1.1	0	0	185.4869646839277	0
2	2	-9.067530979365582	0	92.97000000000001	0.00000000000000026928971889061015	1.1	0	0	185.4869646839277	0
2	0	-9.067530979365582	0	92.97000000000001	0.00000000000000026928971889061015	1.1	0	0	185.4869646839277	0
2	-2	-9.067530979365582	0	92.97000000000001	0.00000000000000026928971889061015	1.1	0	0	185.4869646839277	0
2	-5	-9.067530979365582	0	92.97000000000001	0.00000000000000026928971889061015	1.1	0	0	185.4869646839277	0
2	-10	-9.067530979365582	0	92.97000000000001	0.00000000000000026928971889061015	1.1	0	0	185.4869646839277	0
2	-20	-9.067530979365582	0	92.97000000000001	0.00000000000000026928971889061015	1.1	0	0	185.4869646839277	0
2	-40	-9.067530979365582	0	92.97000000000001	0.00000000000000026928971889061015	1.1	0	0	185.4869646839277	0
0	40	-9.067530979365582	0	92.97000000000001	0.00000000000000026928971889061015	1.1	0	0	185.14769119991095	0
0	20	-9.067530979365582	0	92.97000000000001	0.00000000000000026928971889061015	1.1	0	0	185.14769119991095	0
0	10	-9.067530979365582	0	92.97000000000001	0.00000000000000026928971889061015	1.1	0	0	185.14769119991095	0
0	5	-9.067530979365582	0	92.97000000000001	0.00000000000000026928971889061015	1.1	0	0	185.14769119991095	0
0	2	-9.067530979365582	0	92.97000000000001	0.00000000000000026928971889061015	1.1	0	0	185.14769119991095	0
0	0	-9.067530979365582	0	92.97000000000001	0.00000000000000026928971889061015	1.1	0	0	185.14769119991095	0
0	-2	-9.067530979365582	0	92.97000000000001	0.00000000000000026928971889061015	1.1	0	0	185.14769119991095	0
0	-5	-9.067530979365582	0	92.97000000000001	0.00000000000000026928971889061015	1.1	0	0	185.14769119991095	0
0	-10	-9.067530979365582	0	92.97000000000001	0.00000000000000026928971889061015	1.1	0	0	185.14769119991095	0
0	-20	-9.067530979365582	0	92.97000000000001	0.00000000000000026928971889061015	1.1	0	0	185.14769119991095	0
0	-40	-9.067530979365582	0	92.97000000000001	0.00000000000000026928971889061015	1.1	0	0	185.14769119991095	0
-2	40	-9.067530979365582	0	92.97000000000001	0.00000000000000026928971889061015	1.1	0	0	185.48696468392833	-0
-2	20	-9.067530979365582	0	92.97000000000001	0.00000000000000026928971889061015	1.1	0	0	185.48696468392833	-0
-2	10	-9.067530979365582	0	92.97000000000001	0.00000000000000026928971889061015	1.1	0	0	185.48696468392833	-0
-2	5	-9.067530979365582	0	92.97000000000001	0.00000000000000026928971889061015	1.1	0	0	185.48696468392833	-0
-2	2	-9.067530979365582	0	92.97000000000001	0.00000000000000026928971889061015	1.1	0	0	185.48696468392833	-0
-2	0	-9.067530979365582	0	92.97000000000001	0.00000000000000026928971889061015	1.1	0	0	185.48696468392833	-0
-2	-2	-9.067530979365582	0	92.97000000000001	0.00000000000000026928971889061015	1.1	0	0	185.48696468392833	-0
-2	-5	-9.067530979365582	0	92.97000000000001	0.00000000000000026928971889061015	1.1	0	0	185.48696468392833	-0
-2	-10	-9.067530979365582	0	92.97000000000001	0.00000000000000026928971889061015	1.1	0	0	185.48696468392833	-0
-2	-20	-9.067530979365582	0	92.97000000000001	0.00000000000000026928971889061015	1.1	0	0	185.48696468392833	-0
-2	-40	-9.067530979365582	0	92.97000000000001	0.00000000000000026928971889061015	1.1	0	0	185.48696468392833	-0
-5	40	-9.067530979365582	0	92.97000000000001	0.00000000000000026928971889061015	1.1	0	0	187.28065627841076	-0
-5	20	-9.067530979365582	0	92.97000000000001	0.00000000000000026928971889061015	1.1	0	0	187.28065627841076	-0
-5	10	-9.067530979365582	0	92.97000000000001	0.00000000000000026928971889061015	1.1	0	0	187.28065627841076	-0
-5	5	-9.067530979365582	0	92.97000000000001	0.00000000000000026928971889061015	1.1	0	0	187.28065627841076	-0
-5	2	-9.067530979365582	0	92.97000000000001	0.00000000000000026928971889061015	1.1	0	0	187.28065627841076	-0
-5	0	-9.067530979365582	0	92.97000000000001	0.00000000000000026928971889061015	1.1	0	0	187.28065627841076	-0
-5	-2	-9.067530979365582	0	92.97000000000001	0.00000000000000026928971889061015	1.1	0	0	187.28065627841076	-0
-5	-5	-9.067530979365582	0	92.97000000000001	0.00000000000000026928971889061015	1.1	0	0	187.28065627841076	-0
-5	-10	-9.067530979365582	0	92.97000000000001	0.00000000000000026928971889061015	1.1	0	0	187.28065627841076	-0
-5	-20	-9.067530979365582	0	92.97000000000001	0.00000000000000026928971889061015	1.1	0	0	187.28065627841076	-0
-5	-40	-9.067530979365582	0	92.97000000000001	0.00000000000000026928971889061015	1.1	0	0	187.28065627841076	-0
-10	40	-9.067530979365582	0	92.97000000000001	0.00000000000000026928971889061015	1.1	0	0	193.8620946021123	-0
-10	20	-9.067530979365582	0	92.97000000000001	0.00000000000000026928971889061015	1.1	0	0	193.8620946021123	-0
-10	10	-9.067530979365582	0	92.97000000000001	0.00000000000000026928971889061015	1.1	0	0	193.8620946021123	-0
-10	5	-9.067530979365582	0	92.97000000000001	0.00000000000000026928971889061015	1.1	0	0	193.8620946021123	-0
-10	2	-9.067530979365582	0	92.97000000000001	0.00000000000000026928971889061015	1.1	0	0	193.8620946021123	-0
-10	0	-9.067530979365582	0	92.97000000000001	0.00000000000000026928971889061015	1.1	0	0	193.8620946021123	-0
-10	-2	-9.067530979365582	0	92.97000000000001	0.00000000000000026928971889061015	1.1	0	0	193.8620946021123	-0
-10	-5	-9.067530979365582	0	92.97000000000001	0.00000000000000026928971889061015	1.1	0	0	193.8620946021123	-0
-10	-10	-9.067530979365582	0	92.97000000000001	0.00000000000000026928971889061015	1.1	0	0	193.8620946021123	-0
-10	-20	-9.067530979365582	0	92.97000000000001	0.00000000000000026928971889061015	1.1	0	0	193.8620946021123	-0
-10	-40	-9.067530979365582	0	92.97000000000001	0.00000000000000026928971889061015	1.1	0	0	193.8620946021123	-0
-15	40	-9.067530979365582	0	92.97000000000001	0.00000000000000026928971889061015	1.1	0	0	205.47137962824868	-0
-15	20	-9.067530979365582	0	92.97000000000001	0.00000000000000026928971889061015	1.1	0	0	205.47137962824868	-0
-15	10	-9.067530979365582	0	92.97000000000001	0.00000000000000026928971889061015	1.1	0	0	205.47137962824868	-0
-15	5	-9.067530979365582	0	92.97000000000001	0.00000000000000026928971889061015	1.1	0	0	205.47137962824868	-0
-15	2	-9.067530979365582	0	92.97000000000001	0.00000000000000026928971889061015	1.1	0	0	205.47137962824868	-0
-15	0	-9.067530979365582	0	92.97000000000001	0.00000000000000026928971889061015	1.1	0	0	205.47137962824868	-0
-15	-2	-9.067530979365582	0	92.97000000000001	0.00000000000000026928971889061015	1.1	0	0	205.47137962824868	-0
-15	-5	-9.067530979365582	0	92.97000000000001	0.00000000000000026928971889061015	1.1	0	0	205.47137962824868	-0
-15	-10	-9.067530979365582	0	92.97000000000001	0.00000000000000026928971889061015	1.1	0	0	205.47137962824868	-0
-15	-20	-9.067530979365582	0	92.97000000000001	0.00000000000000026928971889061015	1.1	0	0	205.47137962824868	-0
-15	-40	-9.067530979365582	0	92.97000000000001	0.00000000000000026928971889061015	1.1	0	0	205.47137962824868	-0
-30	40	-9.067530979365582	0	92.97000000000001	0.00000000000000026928971889061015	1.1	0	0	285.2112100562828	-0
-30	20	-9.067530979365582	0	92.97000000000001	0.00000000000000026928971889061015	1.1	0	0	285.2112100562828	-0
-30	10	-9.067530979365582	0	92.97000000000001	0.00000000000000026928971889061015	1.1	0	0	285.2112100562828	-0
-30	5	-9.067530979365582	0	92.97000000000001	0.00000000000000026928971889061015	1.1	0	0	285.2112100562828	-0
-30	2	-9.067530979365582	0	92.97000000000001	0.00000000000000026928971889061015	1.1	0	0	285.2112100562828	-0
-30	0	-9.067530979365582	0	92.97000000000001	0.00000000000000026928971889061015	1.1	0	0	285.2112100562828	-0
-30	-2	-9.067530979365582	0	92.97000000000001	0.00000000000000026928971889061015	1.1	0	0	285.2112100562828	-0
-30	-5	-9.067530979365582	0	92.97000000000001	0.00000000000000026928971889061015	1.1	0	0	285.2112100562828	-0
-30	-10	-9.067530979365582	0	92.97000000000001	0.00000000000000026928971889061015	1.1	0	0	285.2112100562828	-0
-30	-20	-9.067530979365582	0	92.97000000000001	0.00000000000000026928971889061015	1.1	0	0	285.2112100562828	-0
-30	-40	-9.067530979365582	0	92.97000000000001	0.00000000000000026928971889061015	1.1	0	0	285.2112100562828	-0
-60	40	-9.067530979365582	1.221270969860737	93.03333343585565	-6.124592376249519	1.9234301586414182	1.7779364073341526	0.20033900607545177	156.47225469647168	-5.77421258356161
-60	20	-9.067530979365582	1.198982203500278	92.99798238220365	-6.141127036885697	1.8947912863336527	1.3564438868604043	0.11060910426115575	156.47225469647168	-5.64900573960076
-60	10	-9.067530979365582	1.1950290018774743	92.98360103251187	-6.144124071835876	1.8896002695278833	1.278504668942901	0.09641307235526789	156.47225469647168	-5.626798682883166
-60	5	-9.067530979365582	1.1941151324465262	92.97675362796703	-6.1448197262222415	1.888395360786192	1.2602773050209066	0.09321596188409884	156.47225469647168	-5.621665033699037
-60	2	-9.067530979365582	1.1938642219981324	92.97269625162922	-6.145010910261022	1.8880642203174236	1.2552577067860398	0.09234389264014899	156.47225469647168	-5.620255547644399
-60	0	-9.067530979365582	1.1938166719576089	92.97000000000001	-6.14504715060733	1.8880014501963334	1.2543056916948672	0.09217890672114022	156.47225469647168	-5.619988435934047
-60	-2	-9.067530979365582	1.193864221998135	92.96730374837081	-6.145010910261023	1.8880642203174247	1.255257706785983	0.09234389264014911	156.47225469647168	-5.6202555476444145
-60	-5	-9.067530979365582	1.1941151324465313	92.96324637203301	-6.144819726222239	1.8883953607861936	1.260277305020793	0.0932159618841018	156.47225469647168	-5.621665033699061
-60	-10	-9.067530979365582	1.19502900187751	92.95639896748816	-6.1441240718358685	1.889600269527895	1.278504668942901	0.09641307235526674	156.47225469647168	-5.626798682883343
-60	-20	-9.067530979365582	1.1989822035003126	92.94201761779637	-6.141127036885691	1.8947912863336636	1.3564438868602338	0.11060910426116019	156.47225469647168	-5.6490057396009306
-60	-40	-9.067530979365582	1.221270969860893	92.90666656414436	-6.124592376249491	1.9234301586414706	1.7779364073341526	0.2003390060754659	156.47225469647168	-5.774212583562387
