solid CATIA STL
  facet normal  1.000000e+00  0.000000e+00  -0.000000e+00
    outer loop
      vertex  1.251600e+05 -3.702791e+02 -1.421085e-14
      vertex  1.251600e+05  3.702791e+02 -1.421085e-14
      vertex  1.251600e+05  1.581996e+03  6.100006e+02
    endloop
  endfacet
  facet normal  9.999999e-01  0.000000e+00  0.000000e+00
    outer loop
      vertex  1.251600e+05 -3.702791e+02 -1.421085e-14
      vertex  1.251600e+05  1.581996e+03  6.100006e+02
      vertex  1.251600e+05 -1.581996e+03  6.100006e+02
    endloop
  endfacet
  facet normal  1.000000e+00  0.000000e+00  0.000000e+00
    outer loop
      vertex  1.251600e+05 -3.702791e+02 -1.421085e-14
      vertex  1.251600e+05 -1.581996e+03  6.100006e+02
      vertex  1.251600e+05 -1.495057e+03  5.298720e+02
    endloop
  endfacet
  facet normal  1.000000e+00  0.000000e+00  0.000000e+00
    outer loop
      vertex  1.251600e+05 -3.702791e+02 -1.421085e-14
      vertex  1.251600e+05 -1.495057e+03  5.298720e+02
      vertex  1.251600e+05 -1.412289e+03  4.623230e+02
    endloop
  endfacet
  facet normal  1.000000e+00  0.000000e+00  0.000000e+00
    outer loop
      vertex  1.251600e+05 -3.702791e+02 -1.421085e-14
      vertex  1.251600e+05 -1.412289e+03  4.623230e+02
      vertex  1.251600e+05 -1.323113e+03  3.974272e+02
    endloop
  endfacet
  facet normal  1.000000e+00  0.000000e+00  0.000000e+00
    outer loop
      vertex  1.251600e+05 -3.702791e+02 -1.421085e-14
      vertex  1.251600e+05 -1.323113e+03  3.974272e+02
      vertex  1.251600e+05 -1.228871e+03  3.363179e+02
    endloop
  endfacet
  facet normal  1.000000e+00  0.000000e+00  0.000000e+00
    outer loop
      vertex  1.251600e+05 -3.702791e+02 -1.421085e-14
      vertex  1.251600e+05 -1.228871e+03  3.363179e+02
      vertex  1.251600e+05 -1.127032e+03  2.775998e+02
    endloop
  endfacet
  facet normal  9.999999e-01  0.000000e+00  0.000000e+00
    outer loop
      vertex  1.251600e+05 -3.702791e+02 -1.421085e-14
      vertex  1.251600e+05 -1.127032e+03  2.775998e+02
      vertex  1.251600e+05 -1.020255e+03  2.230070e+02
    endloop
  endfacet
  facet normal  1.000000e+00  0.000000e+00  0.000000e+00
    outer loop
      vertex  1.251600e+05 -3.702791e+02 -1.421085e-14
      vertex  1.251600e+05 -1.020255e+03  2.230070e+02
      vertex  1.251600e+05 -9.046055e+02  1.708001e+02
    endloop
  endfacet
  facet normal  1.000000e+00  0.000000e+00  0.000000e+00
    outer loop
      vertex  1.251600e+05 -3.702791e+02 -1.421085e-14
      vertex  1.251600e+05 -9.046055e+02  1.708001e+02
      vertex  1.251600e+05 -7.841881e+02  1.230647e+02
    endloop
  endfacet
  facet normal  1.000000e+00  0.000000e+00  0.000000e+00
    outer loop
      vertex  1.251600e+05 -3.702791e+02 -1.421085e-14
      vertex  1.251600e+05 -7.841881e+02  1.230647e+02
      vertex  1.251600e+05 -6.535973e+02  7.794424e+01
    endloop
  endfacet
  facet normal  1.000000e+00  0.000000e+00  0.000000e+00
    outer loop
      vertex  1.251600e+05 -3.702791e+02 -1.421085e-14
      vertex  1.251600e+05 -6.535973e+02  7.794424e+01
      vertex  1.251600e+05 -5.184653e+02  3.763624e+01
    endloop
  endfacet
  facet normal  1.000000e+00  0.000000e+00  0.000000e+00
    outer loop
      vertex  1.251600e+05  1.581996e+03  6.100006e+02
      vertex  1.251600e+05  3.702791e+02 -1.421085e-14
      vertex  1.251600e+05  5.184653e+02  3.763624e+01
    endloop
  endfacet
  facet normal  1.000000e+00  0.000000e+00  0.000000e+00
    outer loop
      vertex  1.251600e+05  1.581996e+03  6.100006e+02
      vertex  1.251600e+05  5.184653e+02  3.763624e+01
      vertex  1.251600e+05  6.535973e+02  7.794424e+01
    endloop
  endfacet
  facet normal  1.000000e+00  0.000000e+00  0.000000e+00
    outer loop
      vertex  1.251600e+05  1.581996e+03  6.100006e+02
      vertex  1.251600e+05  6.535973e+02  7.794424e+01
      vertex  1.251600e+05  7.841881e+02  1.230647e+02
    endloop
  endfacet
  facet normal  9.999999e-01  0.000000e+00  0.000000e+00
    outer loop
      vertex  1.251600e+05  1.581996e+03  6.100006e+02
      vertex  1.251600e+05  7.841881e+02  1.230647e+02
      vertex  1.251600e+05  9.046055e+02  1.708001e+02
    endloop
  endfacet
  facet normal  1.000000e+00  0.000000e+00  0.000000e+00
    outer loop
      vertex  1.251600e+05  1.581996e+03  6.100006e+02
      vertex  1.251600e+05  9.046055e+02  1.708001e+02
      vertex  1.251600e+05  1.020255e+03  2.230070e+02
    endloop
  endfacet
  facet normal  9.999999e-01  0.000000e+00  0.000000e+00
    outer loop
      vertex  1.251600e+05  1.581996e+03  6.100006e+02
      vertex  1.251600e+05  1.020255e+03  2.230070e+02
      vertex  1.251600e+05  1.127032e+03  2.775998e+02
    endloop
  endfacet
  facet normal  1.000000e+00  0.000000e+00  0.000000e+00
    outer loop
      vertex  1.251600e+05  1.581996e+03  6.100006e+02
      vertex  1.251600e+05  1.127032e+03  2.775998e+02
      vertex  1.251600e+05  1.228871e+03  3.363179e+02
    endloop
  endfacet
  facet normal  1.000000e+00  0.000000e+00  0.000000e+00
    outer loop
      vertex  1.251600e+05  1.581996e+03  6.100006e+02
      vertex  1.251600e+05  1.228871e+03  3.363179e+02
      vertex  1.251600e+05  1.323113e+03  3.974272e+02
    endloop
  endfacet
  facet normal  1.000000e+00  0.000000e+00  0.000000e+00
    outer loop
      vertex  1.251600e+05  1.581996e+03  6.100006e+02
      vertex  1.251600e+05  1.323113e+03  3.974272e+02
      vertex  1.251600e+05  1.412289e+03  4.623230e+02
    endloop
  endfacet
  facet normal  1.000000e+00  0.000000e+00  0.000000e+00
    outer loop
      vertex  1.251600e+05  1.581996e+03  6.100006e+02
      vertex  1.251600e+05  1.412289e+03  4.623230e+02
      vertex  1.251600e+05  1.495057e+03  5.298720e+02
    endloop
  endfacet
  facet normal  0.000000e+00  0.000000e+00  9.999999e-01
    outer loop
      vertex  1.236800e+05  2.234644e+03  1.100000e+03
      vertex  1.236800e+05 -2.234644e+03  1.100000e+03
      vertex  1.244302e+05  2.078123e+03  1.100000e+03
    endloop
  endfacet
  facet normal  0.000000e+00  0.000000e+00  9.999999e-01
    outer loop
      vertex  1.244302e+05  2.078123e+03  1.100000e+03
      vertex  1.236800e+05 -2.234644e+03  1.100000e+03
      vertex  1.244302e+05 -2.078123e+03  1.100000e+03
    endloop
  endfacet
  facet normal  9.999999e-01  0.000000e+00  0.000000e+00
    outer loop
      vertex  1.236800e+05  3.092533e+03  6.163715e+03
      vertex  1.236800e+05 -2.234644e+03  1.100000e+03
      vertex  1.236800e+05  3.024447e+03  6.012424e+03
    endloop
  endfacet
  facet normal  1.000000e+00  0.000000e+00  -0.000000e+00
    outer loop
      vertex  1.236800e+05 -2.234644e+03  1.100000e+03
      vertex  1.236800e+05  2.979236e+03  5.904062e+03
      vertex  1.236800e+05  3.024447e+03  6.012424e+03
    endloop
  endfacet
  facet normal  1.000000e+00  -0.000000e+00  0.000000e+00
    outer loop
      vertex  1.236800e+05 -2.583233e+03  2.937184e+03
      vertex  1.236800e+05 -2.583380e+03  2.803871e+03
      vertex  1.236800e+05 -2.582082e+03  2.663449e+03
    endloop
  endfacet
  facet normal  1.000000e+00  0.000000e+00  0.000000e+00
    outer loop
      vertex  1.236800e+05 -2.582082e+03  2.663449e+03
      vertex  1.236800e+05 -2.581004e+03  3.204328e+03
      vertex  1.236800e+05 -2.583233e+03  2.937184e+03
    endloop
  endfacet
  facet normal  1.000000e+00  -0.000000e+00  0.000000e+00
    outer loop
      vertex  1.236800e+05 -2.581004e+03  3.204328e+03
      vertex  1.236800e+05 -2.582082e+03  2.663449e+03
      vertex  1.236800e+05 -2.578641e+03  2.523219e+03
    endloop
  endfacet
  facet normal  9.999999e-01  -0.000000e+00  0.000000e+00
    outer loop
      vertex  1.236800e+05 -2.579354e+03  3.432857e+03
      vertex  1.236800e+05 -2.581004e+03  3.204328e+03
      vertex  1.236800e+05 -2.578641e+03  2.523219e+03
    endloop
  endfacet
  facet normal  1.000000e+00  0.000000e+00  -0.000000e+00
    outer loop
      vertex  1.236800e+05  2.572348e+03  2.383198e+03
      vertex  1.236800e+05  2.578641e+03  2.523219e+03
      vertex  1.236800e+05  2.579354e+03  3.432857e+03
    endloop
  endfacet
  facet normal  1.000000e+00  0.000000e+00  0.000000e+00
    outer loop
      vertex  1.236800e+05  2.583380e+03  2.803871e+03
      vertex  1.236800e+05  2.583233e+03  2.937184e+03
      vertex  1.236800e+05  2.582082e+03  2.663449e+03
    endloop
  endfacet
  facet normal  1.000000e+00  0.000000e+00  -0.000000e+00
    outer loop
      vertex  1.236800e+05 -2.234644e+03  1.100000e+03
      vertex  1.236800e+05  2.631466e+03  4.530630e+03
      vertex  1.236800e+05  2.649594e+03  4.668487e+03
    endloop
  endfacet
  facet normal  1.000000e+00  0.000000e+00  -0.000000e+00
    outer loop
      vertex  1.236800e+05 -2.234644e+03  1.100000e+03
      vertex  1.236800e+05  2.649594e+03  4.668487e+03
      vertex  1.236800e+05  2.670975e+03  4.805938e+03
    endloop
  endfacet
  facet normal  1.000000e+00  0.000000e+00  -0.000000e+00
    outer loop
      vertex  1.236800e+05 -2.234644e+03  1.100000e+03
      vertex  1.236800e+05  2.670975e+03  4.805938e+03
      vertex  1.236800e+05  2.695734e+03  4.942886e+03
    endloop
  endfacet
  facet normal  1.000000e+00  0.000000e+00  -0.000000e+00
    outer loop
      vertex  1.236800e+05 -2.234644e+03  1.100000e+03
      vertex  1.236800e+05  2.695734e+03  4.942886e+03
      vertex  1.236800e+05  2.723972e+03  5.079234e+03
    endloop
  endfacet
  facet normal  1.000000e+00  0.000000e+00  -0.000000e+00
    outer loop
      vertex  1.236800e+05 -2.234644e+03  1.100000e+03
      vertex  1.236800e+05  2.723972e+03  5.079234e+03
      vertex  1.236800e+05  2.755767e+03  5.214879e+03
    endloop
  endfacet
  facet normal  1.000000e+00  0.000000e+00  -0.000000e+00
    outer loop
      vertex  1.236800e+05 -2.234644e+03  1.100000e+03
      vertex  1.236800e+05  2.755767e+03  5.214879e+03
      vertex  1.236800e+05  2.791172e+03  5.349720e+03
    endloop
  endfacet
  facet normal  9.999999e-01  0.000000e+00  -0.000000e+00
    outer loop
      vertex  1.236800e+05 -2.234644e+03  1.100000e+03
      vertex  1.236800e+05  2.791172e+03  5.349720e+03
      vertex  1.236800e+05  2.823665e+03  5.462086e+03
    endloop
  endfacet
  facet normal  1.000000e+00  0.000000e+00  -0.000000e+00
    outer loop
      vertex  1.236800e+05 -2.234644e+03  1.100000e+03
      vertex  1.236800e+05  2.823665e+03  5.462086e+03
      vertex  1.236800e+05  2.858725e+03  5.573758e+03
    endloop
  endfacet
  facet normal  1.000000e+00  0.000000e+00  -0.000000e+00
    outer loop
      vertex  1.236800e+05 -2.234644e+03  1.100000e+03
      vertex  1.236800e+05  2.858725e+03  5.573758e+03
      vertex  1.236800e+05  2.896350e+03  5.684680e+03
    endloop
  endfacet
  facet normal  9.999999e-01  0.000000e+00  -0.000000e+00
    outer loop
      vertex  1.236800e+05 -2.234644e+03  1.100000e+03
      vertex  1.236800e+05  2.896350e+03  5.684680e+03
      vertex  1.236800e+05  2.936527e+03  5.794798e+03
    endloop
  endfacet
  facet normal  1.000000e+00  0.000000e+00  -0.000000e+00
    outer loop
      vertex  1.236800e+05 -2.234644e+03  1.100000e+03
      vertex  1.236800e+05  2.936527e+03  5.794798e+03
      vertex  1.236800e+05  2.979236e+03  5.904062e+03
    endloop
  endfacet
  facet normal  1.000000e+00  0.000000e+00  0.000000e+00
    outer loop
      vertex  1.236800e+05  2.580818e+03  3.719079e+03
      vertex  1.236800e+05  2.522933e+03  1.930138e+03
      vertex  1.236800e+05  2.536842e+03  2.018183e+03
    endloop
  endfacet
  facet normal  1.000000e+00  0.000000e+00  0.000000e+00
    outer loop
      vertex  1.236800e+05  2.580818e+03  3.719079e+03
      vertex  1.236800e+05  2.536842e+03  2.018183e+03
      vertex  1.236800e+05  2.548805e+03  2.109239e+03
    endloop
  endfacet
  facet normal  1.000000e+00  0.000000e+00  0.000000e+00
    outer loop
      vertex  1.236800e+05  2.580818e+03  3.719079e+03
      vertex  1.236800e+05  2.548805e+03  2.109239e+03
      vertex  1.236800e+05  2.558560e+03  2.200440e+03
    endloop
  endfacet
  facet normal  1.000000e+00  0.000000e+00  0.000000e+00
    outer loop
      vertex  1.236800e+05  2.580818e+03  3.719079e+03
      vertex  1.236800e+05  2.558560e+03  2.200440e+03
      vertex  1.236800e+05  2.566333e+03  2.291766e+03
    endloop
  endfacet
  facet normal  1.000000e+00  0.000000e+00  0.000000e+00
    outer loop
      vertex  1.236800e+05  2.580818e+03  3.719079e+03
      vertex  1.236800e+05  2.566333e+03  2.291766e+03
      vertex  1.236800e+05  2.572348e+03  2.383198e+03
    endloop
  endfacet
  facet normal  9.999999e-01  0.000000e+00  0.000000e+00
    outer loop
      vertex  1.236800e+05  2.580818e+03  3.719079e+03
      vertex  1.236800e+05  2.572348e+03  2.383198e+03
      vertex  1.236800e+05  2.579354e+03  3.432857e+03
    endloop
  endfacet
  facet normal  1.000000e+00  0.000000e+00  0.000000e+00
    outer loop
      vertex  1.236800e+05  2.586388e+03  3.935397e+03
      vertex  1.236800e+05  2.465479e+03  1.667323e+03
      vertex  1.236800e+05  2.487445e+03  1.754665e+03
    endloop
  endfacet
  facet normal  1.000000e+00  0.000000e+00  0.000000e+00
    outer loop
      vertex  1.236800e+05  2.586388e+03  3.935397e+03
      vertex  1.236800e+05  2.487445e+03  1.754665e+03
      vertex  1.236800e+05  2.506533e+03  1.842285e+03
    endloop
  endfacet
  facet normal  9.999999e-01  0.000000e+00  0.000000e+00
    outer loop
      vertex  1.236800e+05  2.586388e+03  3.935397e+03
      vertex  1.236800e+05  2.506533e+03  1.842285e+03
      vertex  1.236800e+05  2.522933e+03  1.930138e+03
    endloop
  endfacet
  facet normal  1.000000e+00  0.000000e+00  0.000000e+00
    outer loop
      vertex  1.236800e+05  2.586388e+03  3.935397e+03
      vertex  1.236800e+05  2.522933e+03  1.930138e+03
      vertex  1.236800e+05  2.580818e+03  3.719079e+03
    endloop
  endfacet
  facet normal  1.000000e+00  0.000000e+00  0.000000e+00
    outer loop
      vertex  1.236800e+05  2.597137e+03  4.151737e+03
      vertex  1.236800e+05  2.379118e+03  1.403675e+03
      vertex  1.236800e+05  2.411318e+03  1.491107e+03
    endloop
  endfacet
  facet normal  1.000000e+00  0.000000e+00  0.000000e+00
    outer loop
      vertex  1.236800e+05  2.597137e+03  4.151737e+03
      vertex  1.236800e+05  2.411318e+03  1.491107e+03
      vertex  1.236800e+05  2.440057e+03  1.579012e+03
    endloop
  endfacet
  facet normal  1.000000e+00  0.000000e+00  0.000000e+00
    outer loop
      vertex  1.236800e+05  2.597137e+03  4.151737e+03
      vertex  1.236800e+05  2.440057e+03  1.579012e+03
      vertex  1.236800e+05  2.465479e+03  1.667323e+03
    endloop
  endfacet
  facet normal  1.000000e+00  0.000000e+00  0.000000e+00
    outer loop
      vertex  1.236800e+05  2.597137e+03  4.151737e+03
      vertex  1.236800e+05  2.465479e+03  1.667323e+03
      vertex  1.236800e+05  2.586388e+03  3.935397e+03
    endloop
  endfacet
  facet normal  1.000000e+00  0.000000e+00  0.000000e+00
    outer loop
      vertex  1.236800e+05  2.611634e+03  4.341369e+03
      vertex  1.236800e+05  2.248791e+03  1.124110e+03
      vertex  1.236800e+05  2.284599e+03  1.191442e+03
    endloop
  endfacet
  facet normal  9.999999e-01  0.000000e+00  0.000000e+00
    outer loop
      vertex  1.236800e+05  2.611634e+03  4.341369e+03
      vertex  1.236800e+05  2.284599e+03  1.191442e+03
      vertex  1.236800e+05  2.332342e+03  1.291861e+03
    endloop
  endfacet
  facet normal  1.000000e+00  0.000000e+00  0.000000e+00
    outer loop
      vertex  1.236800e+05  2.611634e+03  4.341369e+03
      vertex  1.236800e+05  2.332342e+03  1.291861e+03
      vertex  1.236800e+05  2.379118e+03  1.403675e+03
    endloop
  endfacet
  facet normal  1.000000e+00  0.000000e+00  0.000000e+00
    outer loop
      vertex  1.236800e+05  2.611634e+03  4.341369e+03
      vertex  1.236800e+05  2.379118e+03  1.403675e+03
      vertex  1.236800e+05  2.597137e+03  4.151737e+03
    endloop
  endfacet
  facet normal  9.999999e-01  0.000000e+00  0.000000e+00
    outer loop
      vertex  1.236800e+05  2.631466e+03  4.530630e+03
      vertex  1.236800e+05 -2.234644e+03  1.100000e+03
      vertex  1.236800e+05  2.234644e+03  1.100000e+03
    endloop
  endfacet
  facet normal  1.000000e+00  0.000000e+00  0.000000e+00
    outer loop
      vertex  1.236800e+05  2.631466e+03  4.530630e+03
      vertex  1.236800e+05  2.234644e+03  1.100000e+03
      vertex  1.236800e+05  2.248791e+03  1.124110e+03
    endloop
  endfacet
  facet normal  1.000000e+00  0.000000e+00  0.000000e+00
    outer loop
      vertex  1.236800e+05  2.631466e+03  4.530630e+03
      vertex  1.236800e+05  2.248791e+03  1.124110e+03
      vertex  1.236800e+05  2.611634e+03  4.341369e+03
    endloop
  endfacet
  facet normal  1.000000e+00  -0.000000e+00  0.000000e+00
    outer loop
      vertex  1.236800e+05  3.165513e+03  6.313000e+03
      vertex  1.236800e+05 -3.165513e+03  6.313000e+03
      vertex  1.236800e+05 -3.092533e+03  6.163715e+03
    endloop
  endfacet
  facet normal  1.000000e+00  -0.000000e+00  0.000000e+00
    outer loop
      vertex  1.236800e+05  3.165513e+03  6.313000e+03
      vertex  1.236800e+05 -3.092533e+03  6.163715e+03
      vertex  1.236800e+05 -3.024447e+03  6.012424e+03
    endloop
  endfacet
  facet normal  1.000000e+00  -0.000000e+00  0.000000e+00
    outer loop
      vertex  1.236800e+05  3.165513e+03  6.313000e+03
      vertex  1.236800e+05 -3.024447e+03  6.012424e+03
      vertex  1.236800e+05 -2.979236e+03  5.904062e+03
    endloop
  endfacet
  facet normal  1.000000e+00  -0.000000e+00  0.000000e+00
    outer loop
      vertex  1.236800e+05  3.165513e+03  6.313000e+03
      vertex  1.236800e+05 -2.979236e+03  5.904062e+03
      vertex  1.236800e+05 -2.936527e+03  5.794798e+03
    endloop
  endfacet
  facet normal  9.999999e-01  -0.000000e+00  0.000000e+00
    outer loop
      vertex  1.236800e+05  3.165513e+03  6.313000e+03
      vertex  1.236800e+05 -2.936527e+03  5.794798e+03
      vertex  1.236800e+05 -2.896350e+03  5.684680e+03
    endloop
  endfacet
  facet normal  1.000000e+00  -0.000000e+00  0.000000e+00
    outer loop
      vertex  1.236800e+05  3.165513e+03  6.313000e+03
      vertex  1.236800e+05 -2.896350e+03  5.684680e+03
      vertex  1.236800e+05 -2.858725e+03  5.573758e+03
    endloop
  endfacet
  facet normal  1.000000e+00  -0.000000e+00  0.000000e+00
    outer loop
      vertex  1.236800e+05  3.165513e+03  6.313000e+03
      vertex  1.236800e+05 -2.858725e+03  5.573758e+03
      vertex  1.236800e+05 -2.823665e+03  5.462086e+03
    endloop
  endfacet
  facet normal  1.000000e+00  -0.000000e+00  0.000000e+00
    outer loop
      vertex  1.236800e+05  3.165513e+03  6.313000e+03
      vertex  1.236800e+05 -2.823665e+03  5.462086e+03
      vertex  1.236800e+05 -2.791172e+03  5.349720e+03
    endloop
  endfacet
  facet normal  1.000000e+00  -0.000000e+00  0.000000e+00
    outer loop
      vertex  1.236800e+05  3.165513e+03  6.313000e+03
      vertex  1.236800e+05 -2.791172e+03  5.349720e+03
      vertex  1.236800e+05 -2.755767e+03  5.214879e+03
    endloop
  endfacet
  facet normal  1.000000e+00  -0.000000e+00  0.000000e+00
    outer loop
      vertex  1.236800e+05  3.165513e+03  6.313000e+03
      vertex  1.236800e+05 -2.755767e+03  5.214879e+03
      vertex  1.236800e+05 -2.723972e+03  5.079234e+03
    endloop
  endfacet
  facet normal  1.000000e+00  -0.000000e+00  0.000000e+00
    outer loop
      vertex  1.236800e+05  3.165513e+03  6.313000e+03
      vertex  1.236800e+05 -2.723972e+03  5.079234e+03
      vertex  1.236800e+05 -2.695734e+03  4.942886e+03
    endloop
  endfacet
  facet normal  1.000000e+00  -0.000000e+00  0.000000e+00
    outer loop
      vertex  1.236800e+05  3.165513e+03  6.313000e+03
      vertex  1.236800e+05 -2.695734e+03  4.942886e+03
      vertex  1.236800e+05 -2.670975e+03  4.805938e+03
    endloop
  endfacet
  facet normal  9.999999e-01  -0.000000e+00  0.000000e+00
    outer loop
      vertex  1.236800e+05  3.165513e+03  6.313000e+03
      vertex  1.236800e+05 -2.670975e+03  4.805938e+03
      vertex  1.236800e+05 -2.649594e+03  4.668487e+03
    endloop
  endfacet
  facet normal  1.000000e+00  -0.000000e+00  0.000000e+00
    outer loop
      vertex  1.236800e+05  3.165513e+03  6.313000e+03
      vertex  1.236800e+05 -2.649594e+03  4.668487e+03
      vertex  1.236800e+05 -2.631466e+03  4.530630e+03
    endloop
  endfacet
  facet normal  1.000000e+00  -0.000000e+00  0.000000e+00
    outer loop
      vertex  1.236800e+05  3.165513e+03  6.313000e+03
      vertex  1.236800e+05 -2.631466e+03  4.530630e+03
      vertex  1.236800e+05 -2.611634e+03  4.341369e+03
    endloop
  endfacet
  facet normal  1.000000e+00  -0.000000e+00  0.000000e+00
    outer loop
      vertex  1.236800e+05  3.165513e+03  6.313000e+03
      vertex  1.236800e+05 -2.611634e+03  4.341369e+03
      vertex  1.236800e+05 -2.597137e+03  4.151737e+03
    endloop
  endfacet
  facet normal  1.000000e+00  -0.000000e+00  0.000000e+00
    outer loop
      vertex  1.236800e+05  3.165513e+03  6.313000e+03
      vertex  1.236800e+05 -2.597137e+03  4.151737e+03
      vertex  1.236800e+05 -2.586388e+03  3.935397e+03
    endloop
  endfacet
  facet normal  1.000000e+00  -0.000000e+00  0.000000e+00
    outer loop
      vertex  1.236800e+05  3.165513e+03  6.313000e+03
      vertex  1.236800e+05 -2.586388e+03  3.935397e+03
      vertex  1.236800e+05 -2.580818e+03  3.719079e+03
    endloop
  endfacet
  facet normal  1.000000e+00  -0.000000e+00  0.000000e+00
    outer loop
      vertex  1.236800e+05  3.165513e+03  6.313000e+03
      vertex  1.236800e+05 -2.580818e+03  3.719079e+03
      vertex  1.236800e+05 -2.579354e+03  3.432857e+03
    endloop
  endfacet
  facet normal  1.000000e+00  -0.000000e+00  0.000000e+00
    outer loop
      vertex  1.236800e+05  3.165513e+03  6.313000e+03
      vertex  1.236800e+05 -2.579354e+03  3.432857e+03
      vertex  1.236800e+05 -2.578641e+03  2.523219e+03
    endloop
  endfacet
  facet normal  1.000000e+00  -0.000000e+00  0.000000e+00
    outer loop
      vertex  1.236800e+05  3.165513e+03  6.313000e+03
      vertex  1.236800e+05 -2.578641e+03  2.523219e+03
      vertex  1.236800e+05 -2.572348e+03  2.383198e+03
    endloop
  endfacet
  facet normal  1.000000e+00  -0.000000e+00  0.000000e+00
    outer loop
      vertex  1.236800e+05  3.165513e+03  6.313000e+03
      vertex  1.236800e+05 -2.572348e+03  2.383198e+03
      vertex  1.236800e+05 -2.566333e+03  2.291766e+03
    endloop
  endfacet
  facet normal  1.000000e+00  -0.000000e+00  0.000000e+00
    outer loop
      vertex  1.236800e+05  3.165513e+03  6.313000e+03
      vertex  1.236800e+05 -2.566333e+03  2.291766e+03
      vertex  1.236800e+05 -2.558560e+03  2.200440e+03
    endloop
  endfacet
  facet normal  1.000000e+00  -0.000000e+00  0.000000e+00
    outer loop
      vertex  1.236800e+05  3.165513e+03  6.313000e+03
      vertex  1.236800e+05 -2.558560e+03  2.200440e+03
      vertex  1.236800e+05 -2.548805e+03  2.109239e+03
    endloop
  endfacet
  facet normal  1.000000e+00  -0.000000e+00  0.000000e+00
    outer loop
      vertex  1.236800e+05  3.165513e+03  6.313000e+03
      vertex  1.236800e+05 -2.548805e+03  2.109239e+03
      vertex  1.236800e+05 -2.536842e+03  2.018183e+03
    endloop
  endfacet
  facet normal  1.000000e+00  -0.000000e+00  0.000000e+00
    outer loop
      vertex  1.236800e+05  3.165513e+03  6.313000e+03
      vertex  1.236800e+05 -2.536842e+03  2.018183e+03
      vertex  1.236800e+05 -2.522933e+03  1.930138e+03
    endloop
  endfacet
  facet normal  1.000000e+00  -0.000000e+00  0.000000e+00
    outer loop
      vertex  1.236800e+05  3.165513e+03  6.313000e+03
      vertex  1.236800e+05 -2.522933e+03  1.930138e+03
      vertex  1.236800e+05 -2.506533e+03  1.842285e+03
    endloop
  endfacet
  facet normal  1.000000e+00  -0.000000e+00  0.000000e+00
    outer loop
      vertex  1.236800e+05  3.165513e+03  6.313000e+03
      vertex  1.236800e+05 -2.506533e+03  1.842285e+03
      vertex  1.236800e+05 -2.487445e+03  1.754665e+03
    endloop
  endfacet
  facet normal  1.000000e+00  -0.000000e+00  0.000000e+00
    outer loop
      vertex  1.236800e+05  3.165513e+03  6.313000e+03
      vertex  1.236800e+05 -2.487445e+03  1.754665e+03
      vertex  1.236800e+05 -2.465479e+03  1.667323e+03
    endloop
  endfacet
  facet normal  1.000000e+00  -0.000000e+00  0.000000e+00
    outer loop
      vertex  1.236800e+05  3.165513e+03  6.313000e+03
      vertex  1.236800e+05 -2.465479e+03  1.667323e+03
      vertex  1.236800e+05 -2.440057e+03  1.579012e+03
    endloop
  endfacet
  facet normal  1.000000e+00  -0.000000e+00  0.000000e+00
    outer loop
      vertex  1.236800e+05  3.165513e+03  6.313000e+03
      vertex  1.236800e+05 -2.440057e+03  1.579012e+03
      vertex  1.236800e+05 -2.411318e+03  1.491107e+03
    endloop
  endfacet
  facet normal  1.000000e+00  -0.000000e+00  0.000000e+00
    outer loop
      vertex  1.236800e+05  3.165513e+03  6.313000e+03
      vertex  1.236800e+05 -2.411318e+03  1.491107e+03
      vertex  1.236800e+05 -2.379118e+03  1.403675e+03
    endloop
  endfacet
  facet normal  1.000000e+00  -0.000000e+00  0.000000e+00
    outer loop
      vertex  1.236800e+05  3.165513e+03  6.313000e+03
      vertex  1.236800e+05 -2.379118e+03  1.403675e+03
      vertex  1.236800e+05 -2.332342e+03  1.291861e+03
    endloop
  endfacet
  facet normal  1.000000e+00  -0.000000e+00  0.000000e+00
    outer loop
      vertex  1.236800e+05  3.165513e+03  6.313000e+03
      vertex  1.236800e+05 -2.332342e+03  1.291861e+03
      vertex  1.236800e+05 -2.284599e+03  1.191442e+03
    endloop
  endfacet
  facet normal  1.000000e+00  -0.000000e+00  0.000000e+00
    outer loop
      vertex  1.236800e+05  3.165513e+03  6.313000e+03
      vertex  1.236800e+05 -2.284599e+03  1.191442e+03
      vertex  1.236800e+05 -2.248791e+03  1.124110e+03
    endloop
  endfacet
  facet normal  9.999999e-01  -0.000000e+00  0.000000e+00
    outer loop
      vertex  1.236800e+05  3.165513e+03  6.313000e+03
      vertex  1.236800e+05 -2.248791e+03  1.124110e+03
      vertex  1.236800e+05 -2.234644e+03  1.100000e+03
    endloop
  endfacet
  facet normal  1.000000e+00  0.000000e+00  0.000000e+00
    outer loop
      vertex  1.236800e+05  3.165513e+03  6.313000e+03
      vertex  1.236800e+05 -2.234644e+03  1.100000e+03
      vertex  1.236800e+05  3.092533e+03  6.163715e+03
    endloop
  endfacet
  facet normal  1.000000e+00  0.000000e+00  0.000000e+00
    outer loop
      vertex  1.236800e+05  2.583233e+03  2.937184e+03
      vertex  1.236800e+05  2.581004e+03  3.204328e+03
      vertex  1.236800e+05  2.582082e+03  2.663449e+03
    endloop
  endfacet
  facet normal  9.999999e-01  0.000000e+00  0.000000e+00
    outer loop
      vertex  1.236800e+05  2.582082e+03  2.663449e+03
      vertex  1.236800e+05  2.581004e+03  3.204328e+03
      vertex  1.236800e+05  2.579354e+03  3.432857e+03
    endloop
  endfacet
  facet normal  9.999999e-01  0.000000e+00  0.000000e+00
    outer loop
      vertex  1.236800e+05  2.582082e+03  2.663449e+03
      vertex  1.236800e+05  2.579354e+03  3.432857e+03
      vertex  1.236800e+05  2.578641e+03  2.523219e+03
    endloop
  endfacet
  facet normal  0.000000e+00  0.000000e+00  1.000000e+00
    outer loop
      vertex  1.236800e+05 -3.165513e+03  6.313000e+03
      vertex  1.236800e+05  3.165513e+03  6.313000e+03
      vertex  1.199800e+05  4.730704e+03  6.313000e+03
    endloop
  endfacet
  facet normal  0.000000e+00  0.000000e+00  1.000000e+00
    outer loop
      vertex  1.236800e+05 -3.165513e+03  6.313000e+03
      vertex  1.199800e+05  4.730704e+03  6.313000e+03
      vertex  1.199800e+05 -4.730704e+03  6.313000e+03
    endloop
  endfacet
  facet normal  0.000000e+00  0.000000e+00  1.000000e+00
    outer loop
      vertex  1.236800e+05 -3.165513e+03  6.313000e+03
      vertex  1.199800e+05 -4.730704e+03  6.313000e+03
      vertex  1.202085e+05 -4.643228e+03  6.313000e+03
    endloop
  endfacet
  facet normal  0.000000e+00  0.000000e+00  1.000000e+00
    outer loop
      vertex  1.236800e+05 -3.165513e+03  6.313000e+03
      vertex  1.202085e+05 -4.643228e+03  6.313000e+03
      vertex  1.210614e+05 -4.296653e+03  6.313000e+03
    endloop
  endfacet
  facet normal  0.000000e+00  0.000000e+00  1.000000e+00
    outer loop
      vertex  1.236800e+05 -3.165513e+03  6.313000e+03
      vertex  1.210614e+05 -4.296653e+03  6.313000e+03
      vertex  1.219155e+05 -3.938290e+03  6.313000e+03
    endloop
  endfacet
  facet normal  0.000000e+00  0.000000e+00  1.000000e+00
    outer loop
      vertex  1.236800e+05 -3.165513e+03  6.313000e+03
      vertex  1.219155e+05 -3.938290e+03  6.313000e+03
      vertex  1.227709e+05 -3.568867e+03  6.313000e+03
    endloop
  endfacet
  facet normal  0.000000e+00  0.000000e+00  1.000000e+00
    outer loop
      vertex  1.236800e+05 -3.165513e+03  6.313000e+03
      vertex  1.227709e+05 -3.568867e+03  6.313000e+03
      vertex  1.232252e+05 -3.368601e+03  6.313000e+03
    endloop
  endfacet
  facet normal  0.000000e+00  0.000000e+00  1.000000e+00
    outer loop
      vertex  1.199800e+05  4.730704e+03  6.313000e+03
      vertex  1.236800e+05  3.165513e+03  6.313000e+03
      vertex  1.232252e+05  3.368601e+03  6.313000e+03
    endloop
  endfacet
  facet normal  0.000000e+00  0.000000e+00  1.000000e+00
    outer loop
      vertex  1.199800e+05  4.730704e+03  6.313000e+03
      vertex  1.232252e+05  3.368601e+03  6.313000e+03
      vertex  1.227709e+05  3.568867e+03  6.313000e+03
    endloop
  endfacet
  facet normal  0.000000e+00  0.000000e+00  1.000000e+00
    outer loop
      vertex  1.199800e+05  4.730704e+03  6.313000e+03
      vertex  1.227709e+05  3.568867e+03  6.313000e+03
      vertex  1.219155e+05  3.938290e+03  6.313000e+03
    endloop
  endfacet
  facet normal  0.000000e+00  0.000000e+00  1.000000e+00
    outer loop
      vertex  1.199800e+05  4.730704e+03  6.313000e+03
      vertex  1.219155e+05  3.938290e+03  6.313000e+03
      vertex  1.210614e+05  4.296653e+03  6.313000e+03
    endloop
  endfacet
  facet normal  0.000000e+00  0.000000e+00  1.000000e+00
    outer loop
      vertex  1.199800e+05  4.730704e+03  6.313000e+03
      vertex  1.210614e+05  4.296653e+03  6.313000e+03
      vertex  1.202085e+05  4.643228e+03  6.313000e+03
    endloop
  endfacet
  facet normal -1.000000e+00  0.000000e+00  0.000000e+00
    outer loop
      vertex  1.199800e+05  3.633909e+03  2.381797e+03
      vertex  1.199800e+05  3.588552e+03  2.187352e+03
      vertex  1.199800e+05  3.848382e+03  3.661431e+03
    endloop
  endfacet
  facet normal -1.000000e+00  0.000000e+00  0.000000e+00
    outer loop
      vertex  1.199800e+05  3.736723e+03  2.949123e+03
      vertex  1.199800e+05  3.711301e+03  2.792715e+03
      vertex  1.199800e+05  3.785194e+03  3.262846e+03
    endloop
  endfacet
  facet normal -1.000000e+00  0.000000e+00  0.000000e+00
    outer loop
      vertex  1.199800e+05 -9.181727e+02 -8.051767e-13
      vertex  1.199800e+05 -1.110482e+03  3.217662e+01
      vertex  1.199800e+05 -1.298928e+03  7.042117e+01
    endloop
  endfacet
  facet normal -1.000000e+00  0.000000e+00  0.000000e+00
    outer loop
      vertex  1.199800e+05 -9.181727e+02 -8.051767e-13
      vertex  1.199800e+05 -1.298928e+03  7.042117e+01
      vertex  1.199800e+05 -1.489237e+03  1.165692e+02
    endloop
  endfacet
  facet normal -1.000000e+00  0.000000e+00  0.000000e+00
    outer loop
      vertex  1.199800e+05 -9.181727e+02 -8.051767e-13
      vertex  1.199800e+05 -1.489237e+03  1.165692e+02
      vertex  1.199800e+05 -1.674439e+03  1.696600e+02
    endloop
  endfacet
  facet normal -1.000000e+00  0.000000e+00  0.000000e+00
    outer loop
      vertex  1.199800e+05 -9.181727e+02 -8.051767e-13
      vertex  1.199800e+05 -1.674439e+03  1.696600e+02
      vertex  1.199800e+05 -1.853988e+03  2.299026e+02
    endloop
  endfacet
  facet normal -1.000000e+00  0.000000e+00  0.000000e+00
    outer loop
      vertex  1.199800e+05 -9.181727e+02 -8.051767e-13
      vertex  1.199800e+05 -1.853988e+03  2.299026e+02
      vertex  1.199800e+05 -2.033407e+03  3.000435e+02
    endloop
  endfacet
  facet normal -1.000000e+00  0.000000e+00  0.000000e+00
    outer loop
      vertex  1.199800e+05 -9.181727e+02 -8.051767e-13
      vertex  1.199800e+05 -2.033407e+03  3.000435e+02
      vertex  1.199800e+05 -2.205493e+03  3.782180e+02
    endloop
  endfacet
  facet normal -1.000000e+00  0.000000e+00  0.000000e+00
    outer loop
      vertex  1.199800e+05 -9.181727e+02 -8.051767e-13
      vertex  1.199800e+05 -2.205493e+03  3.782180e+02
      vertex  1.199800e+05 -2.288579e+03  4.203541e+02
    endloop
  endfacet
  facet normal -1.000000e+00  0.000000e+00  0.000000e+00
    outer loop
      vertex  1.199800e+05 -9.181727e+02 -8.051767e-13
      vertex  1.199800e+05 -2.288579e+03  4.203541e+02
      vertex  1.199800e+05 -2.369585e+03  4.645343e+02
    endloop
  endfacet
  facet normal -1.000000e+00  0.000000e+00  0.000000e+00
    outer loop
      vertex  1.199800e+05 -9.181727e+02 -8.051767e-13
      vertex  1.199800e+05 -2.369585e+03  4.645343e+02
      vertex  1.199800e+05 -2.448684e+03  5.109155e+02
    endloop
  endfacet
  facet normal -9.999999e-01  0.000000e+00  0.000000e+00
    outer loop
      vertex  1.199800e+05 -9.181727e+02 -8.051767e-13
      vertex  1.199800e+05 -2.448684e+03  5.109155e+02
      vertex  1.199800e+05 -2.525531e+03  5.593553e+02
    endloop
  endfacet
  facet normal -1.000000e+00  0.000000e+00  0.000000e+00
    outer loop
      vertex  1.199800e+05 -9.181727e+02 -8.051767e-13
      vertex  1.199800e+05 -2.525531e+03  5.593553e+02
      vertex  1.199800e+05 -2.600050e+03  6.098470e+02
    endloop
  endfacet
  facet normal -9.999999e-01  0.000000e+00  0.000000e+00
    outer loop
      vertex  1.199800e+05 -9.181727e+02 -8.051767e-13
      vertex  1.199800e+05 -2.600050e+03  6.098470e+02
      vertex  1.199800e+05 -2.672169e+03  6.623786e+02
    endloop
  endfacet
  facet normal -1.000000e+00  0.000000e+00  0.000000e+00
    outer loop
      vertex  1.199800e+05 -9.181727e+02 -8.051767e-13
      vertex  1.199800e+05 -2.672169e+03  6.623786e+02
      vertex  1.199800e+05 -2.741823e+03  7.169327e+02
    endloop
  endfacet
  facet normal -1.000000e+00  0.000000e+00  0.000000e+00
    outer loop
      vertex  1.199800e+05 -9.181727e+02 -8.051767e-13
      vertex  1.199800e+05 -2.741823e+03  7.169327e+02
      vertex  1.199800e+05 -2.808950e+03  7.734862e+02
    endloop
  endfacet
  facet normal -9.999999e-01  0.000000e+00  0.000000e+00
    outer loop
      vertex  1.199800e+05 -9.181727e+02 -8.051767e-13
      vertex  1.199800e+05 -2.808950e+03  7.734862e+02
      vertex  1.199800e+05 -2.869056e+03  8.278450e+02
    endloop
  endfacet
  facet normal -9.999999e-01  0.000000e+00  0.000000e+00
    outer loop
      vertex  1.199800e+05 -9.181727e+02 -8.051767e-13
      vertex  1.199800e+05 -2.869056e+03  8.278450e+02
      vertex  1.199800e+05 -2.926888e+03  8.838801e+02
    endloop
  endfacet
  facet normal -1.000000e+00  0.000000e+00  0.000000e+00
    outer loop
      vertex  1.199800e+05 -9.181727e+02 -8.051767e-13
      vertex  1.199800e+05 -2.926888e+03  8.838801e+02
      vertex  1.199800e+05 -2.982414e+03  9.415604e+02
    endloop
  endfacet
  facet normal -1.000000e+00  0.000000e+00  0.000000e+00
    outer loop
      vertex  1.199800e+05 -9.181727e+02 -8.051767e-13
      vertex  1.199800e+05 -2.982414e+03  9.415604e+02
      vertex  1.199800e+05 -3.035605e+03  1.000851e+03
    endloop
  endfacet
  facet normal -1.000000e+00  0.000000e+00  0.000000e+00
    outer loop
      vertex  1.199800e+05 -9.181727e+02 -8.051767e-13
      vertex  1.199800e+05 -3.035605e+03  1.000851e+03
      vertex  1.199800e+05 -3.086441e+03  1.061715e+03
    endloop
  endfacet
  facet normal -1.000000e+00  0.000000e+00  0.000000e+00
    outer loop
      vertex  1.199800e+05 -9.181727e+02 -8.051767e-13
      vertex  1.199800e+05 -3.086441e+03  1.061715e+03
      vertex  1.199800e+05 -3.134905e+03  1.124110e+03
    endloop
  endfacet
  facet normal -1.000000e+00  0.000000e+00  0.000000e+00
    outer loop
      vertex  1.199800e+05 -9.181727e+02 -8.051767e-13
      vertex  1.199800e+05 -3.134905e+03  1.124110e+03
      vertex  1.199800e+05 -3.140535e+03  1.131791e+03
    endloop
  endfacet
  facet normal -1.000000e+00  0.000000e+00  0.000000e+00
    outer loop
      vertex  1.199800e+05 -9.181727e+02 -8.051767e-13
      vertex  1.199800e+05 -3.140535e+03  1.131791e+03
      vertex  1.199800e+05 -3.187998e+03  1.203766e+03
    endloop
  endfacet
  facet normal -1.000000e+00  0.000000e+00  0.000000e+00
    outer loop
      vertex  1.199800e+05 -9.181727e+02 -8.051767e-13
      vertex  1.199800e+05 -3.187998e+03  1.203766e+03
      vertex  1.199800e+05 -3.235303e+03  1.283556e+03
    endloop
  endfacet
  facet normal -1.000000e+00  0.000000e+00  0.000000e+00
    outer loop
      vertex  1.199800e+05 -9.181727e+02 -8.051767e-13
      vertex  1.199800e+05 -3.235303e+03  1.283556e+03
      vertex  1.199800e+05 -3.281758e+03  1.367849e+03
    endloop
  endfacet
  facet normal -1.000000e+00  0.000000e+00  0.000000e+00
    outer loop
      vertex  1.199800e+05 -9.181727e+02 -8.051767e-13
      vertex  1.199800e+05 -3.281758e+03  1.367849e+03
      vertex  1.199800e+05 -3.325217e+03  1.452832e+03
    endloop
  endfacet
  facet normal -1.000000e+00  0.000000e+00  0.000000e+00
    outer loop
      vertex  1.199800e+05 -9.181727e+02 -8.051767e-13
      vertex  1.199800e+05 -3.325217e+03  1.452832e+03
      vertex  1.199800e+05 -3.365770e+03  1.538446e+03
    endloop
  endfacet
  facet normal -1.000000e+00  0.000000e+00  0.000000e+00
    outer loop
      vertex  1.199800e+05 -9.181727e+02 -8.051767e-13
      vertex  1.199800e+05 -3.365770e+03  1.538446e+03
      vertex  1.199800e+05 -3.403527e+03  1.624633e+03
    endloop
  endfacet
  facet normal -1.000000e+00  0.000000e+00  0.000000e+00
    outer loop
      vertex  1.199800e+05 -9.181727e+02 -8.051767e-13
      vertex  1.199800e+05 -3.403527e+03  1.624633e+03
      vertex  1.199800e+05 -3.440532e+03  1.716288e+03
    endloop
  endfacet
  facet normal -1.000000e+00  0.000000e+00  0.000000e+00
    outer loop
      vertex  1.199800e+05 -9.181727e+02 -8.051767e-13
      vertex  1.199800e+05 -3.440532e+03  1.716288e+03
      vertex  1.199800e+05 -3.474721e+03  1.808464e+03
    endloop
  endfacet
  facet normal -1.000000e+00  0.000000e+00  0.000000e+00
    outer loop
      vertex  1.199800e+05 -9.181727e+02 -8.051767e-13
      vertex  1.199800e+05 -3.474721e+03  1.808464e+03
      vertex  1.199800e+05 -3.506272e+03  1.901104e+03
    endloop
  endfacet
  facet normal -9.999999e-01  0.000000e+00  0.000000e+00
    outer loop
      vertex  1.199800e+05 -9.181727e+02 -8.051767e-13
      vertex  1.199800e+05 -3.506272e+03  1.901104e+03
      vertex  1.199800e+05 -3.535375e+03  1.994158e+03
    endloop
  endfacet
  facet normal -1.000000e+00  0.000000e+00  0.000000e+00
    outer loop
      vertex  1.199800e+05 -9.181727e+02 -8.051767e-13
      vertex  1.199800e+05 -3.535375e+03  1.994158e+03
      vertex  1.199800e+05 -3.563052e+03  2.090579e+03
    endloop
  endfacet
  facet normal -1.000000e+00  0.000000e+00  0.000000e+00
    outer loop
      vertex  1.199800e+05 -9.181727e+02 -8.051767e-13
      vertex  1.199800e+05 -3.563052e+03  2.090579e+03
      vertex  1.199800e+05 -3.588552e+03  2.187352e+03
    endloop
  endfacet
  facet normal -1.000000e+00  0.000000e+00  0.000000e+00
    outer loop
      vertex  1.199800e+05 -9.181727e+02 -8.051767e-13
      vertex  1.199800e+05 -3.588552e+03  2.187352e+03
      vertex  1.199800e+05 -3.633909e+03  2.381797e+03
    endloop
  endfacet
  facet normal -1.000000e+00  0.000000e+00  0.000000e+00
    outer loop
      vertex  1.199800e+05 -9.181727e+02 -8.051767e-13
      vertex  1.199800e+05 -3.633909e+03  2.381797e+03
      vertex  1.199800e+05 -3.674986e+03  2.586820e+03
    endloop
  endfacet
  facet normal -1.000000e+00  0.000000e+00  0.000000e+00
    outer loop
      vertex  1.199800e+05 -9.181727e+02 -8.051767e-13
      vertex  1.199800e+05 -3.674986e+03  2.586820e+03
      vertex  1.199800e+05 -3.711301e+03  2.792715e+03
    endloop
  endfacet
  facet normal -1.000000e+00  0.000000e+00  0.000000e+00
    outer loop
      vertex  1.199800e+05 -9.181727e+02 -8.051767e-13
      vertex  1.199800e+05 -3.711301e+03  2.792715e+03
      vertex  1.199800e+05 -3.736723e+03  2.949123e+03
    endloop
  endfacet
  facet normal -1.000000e+00  0.000000e+00  0.000000e+00
    outer loop
      vertex  1.199800e+05 -9.181727e+02 -8.051767e-13
      vertex  1.199800e+05 -3.736723e+03  2.949123e+03
      vertex  1.199800e+05 -3.785194e+03  3.262846e+03
    endloop
  endfacet
  facet normal -9.999999e-01  0.000000e+00  0.000000e+00
    outer loop
      vertex  1.199800e+05 -9.181727e+02 -8.051767e-13
      vertex  1.199800e+05 -3.785194e+03  3.262846e+03
      vertex  1.199800e+05 -3.826638e+03  3.528514e+03
    endloop
  endfacet
  facet normal -1.000000e+00  0.000000e+00  0.000000e+00
    outer loop
      vertex  1.199800e+05 -9.181727e+02 -8.051767e-13
      vertex  1.199800e+05 -3.826638e+03  3.528514e+03
      vertex  1.199800e+05 -3.848382e+03  3.661431e+03
    endloop
  endfacet
  facet normal -1.000000e+00  0.000000e+00  0.000000e+00
    outer loop
      vertex  1.199800e+05 -9.181727e+02 -8.051767e-13
      vertex  1.199800e+05 -3.848382e+03  3.661431e+03
      vertex  1.199800e+05 -3.883037e+03  3.860770e+03
    endloop
  endfacet
  facet normal -1.000000e+00  0.000000e+00  0.000000e+00
    outer loop
      vertex  1.199800e+05 -9.181727e+02 -8.051767e-13
      vertex  1.199800e+05 -3.883037e+03  3.860770e+03
      vertex  1.199800e+05 -3.916139e+03  4.036193e+03
    endloop
  endfacet
  facet normal -1.000000e+00  0.000000e+00  0.000000e+00
    outer loop
      vertex  1.199800e+05 -9.181727e+02 -8.051767e-13
      vertex  1.199800e+05 -3.916139e+03  4.036193e+03
      vertex  1.199800e+05 -3.952139e+03  4.211325e+03
    endloop
  endfacet
  facet normal -1.000000e+00  0.000000e+00  0.000000e+00
    outer loop
      vertex  1.199800e+05 -9.181727e+02 -8.051767e-13
      vertex  1.199800e+05 -3.952139e+03  4.211325e+03
      vertex  1.199800e+05 -3.991422e+03  4.386022e+03
    endloop
  endfacet
  facet normal -1.000000e+00  0.000000e+00  0.000000e+00
    outer loop
      vertex  1.199800e+05 -9.181727e+02 -8.051767e-13
      vertex  1.199800e+05 -3.991422e+03  4.386022e+03
      vertex  1.199800e+05 -4.034312e+03  4.560137e+03
    endloop
  endfacet
  facet normal -1.000000e+00  0.000000e+00  0.000000e+00
    outer loop
      vertex  1.199800e+05 -9.181727e+02 -8.051767e-13
      vertex  1.199800e+05 -4.034312e+03  4.560137e+03
      vertex  1.199800e+05 -4.081527e+03  4.735800e+03
    endloop
  endfacet
  facet normal -1.000000e+00  0.000000e+00  0.000000e+00
    outer loop
      vertex  1.199800e+05 -9.181727e+02 -8.051767e-13
      vertex  1.199800e+05 -4.081527e+03  4.735800e+03
      vertex  1.199800e+05 -4.132889e+03  4.910577e+03
    endloop
  endfacet
  facet normal -1.000000e+00  0.000000e+00  0.000000e+00
    outer loop
      vertex  1.199800e+05 -9.181727e+02 -8.051767e-13
      vertex  1.199800e+05 -4.132889e+03  4.910577e+03
      vertex  1.199800e+05 -4.185854e+03  5.076234e+03
    endloop
  endfacet
  facet normal -9.999999e-01  0.000000e+00  0.000000e+00
    outer loop
      vertex  1.199800e+05 -9.181727e+02 -8.051767e-13
      vertex  1.199800e+05 -4.185854e+03  5.076234e+03
      vertex  1.199800e+05 -4.242810e+03  5.240815e+03
    endloop
  endfacet
  facet normal -1.000000e+00  0.000000e+00  0.000000e+00
    outer loop
      vertex  1.199800e+05 -9.181727e+02 -8.051767e-13
      vertex  1.199800e+05 -4.242810e+03  5.240815e+03
      vertex  1.199800e+05 -4.302199e+03  5.400046e+03
    endloop
  endfacet
  facet normal -9.999999e-01  0.000000e+00  0.000000e+00
    outer loop
      vertex  1.199800e+05 -9.181727e+02 -8.051767e-13
      vertex  1.199800e+05 -4.302199e+03  5.400046e+03
      vertex  1.199800e+05 -4.365431e+03  5.558031e+03
    endloop
  endfacet
  facet normal -1.000000e+00  0.000000e+00  0.000000e+00
    outer loop
      vertex  1.199800e+05 -9.181727e+02 -8.051767e-13
      vertex  1.199800e+05 -4.365431e+03  5.558031e+03
      vertex  1.199800e+05 -4.432481e+03  5.714668e+03
    endloop
  endfacet
  facet normal -1.000000e+00  0.000000e+00  0.000000e+00
    outer loop
      vertex  1.199800e+05 -9.181727e+02 -8.051767e-13
      vertex  1.199800e+05 -4.432481e+03  5.714668e+03
      vertex  1.199800e+05 -4.503299e+03  5.869871e+03
    endloop
  endfacet
  facet normal -1.000000e+00  0.000000e+00  0.000000e+00
    outer loop
      vertex  1.199800e+05 -9.181727e+02 -8.051767e-13
      vertex  1.199800e+05 -4.503299e+03  5.869871e+03
      vertex  1.199800e+05 -4.613189e+03  6.093146e+03
    endloop
  endfacet
  facet normal -9.999999e-01  0.000000e+00  0.000000e+00
    outer loop
      vertex  1.199800e+05 -9.181727e+02 -8.051767e-13
      vertex  1.199800e+05 -4.613189e+03  6.093146e+03
      vertex  1.199800e+05 -4.730704e+03  6.313000e+03
    endloop
  endfacet
  facet normal -1.000000e+00  0.000000e+00  0.000000e+00
    outer loop
      vertex  1.199800e+05 -9.181727e+02 -8.051767e-13
      vertex  1.199800e+05 -4.730704e+03  6.313000e+03
      vertex  1.199800e+05  4.730704e+03  6.313000e+03
    endloop
  endfacet
  facet normal -1.000000e+00  0.000000e+00  0.000000e+00
    outer loop
      vertex  1.199800e+05 -9.181727e+02 -8.051767e-13
      vertex  1.199800e+05  4.730704e+03  6.313000e+03
      vertex  1.199800e+05  9.181727e+02 -8.051767e-13
    endloop
  endfacet
  facet normal -1.000000e+00  -0.000000e+00  0.000000e+00
    outer loop
      vertex  1.199800e+05  3.826638e+03  3.528514e+03
      vertex  1.199800e+05  3.785194e+03  3.262846e+03
      vertex  1.199800e+05  3.711301e+03  2.792715e+03
    endloop
  endfacet
  facet normal -1.000000e+00  -0.000000e+00  0.000000e+00
    outer loop
      vertex  1.199800e+05  3.826638e+03  3.528514e+03
      vertex  1.199800e+05  3.711301e+03  2.792715e+03
      vertex  1.199800e+05  3.674986e+03  2.586820e+03
    endloop
  endfacet
  facet normal -1.000000e+00  -0.000000e+00  0.000000e+00
    outer loop
      vertex  1.199800e+05  3.826638e+03  3.528514e+03
      vertex  1.199800e+05  3.674986e+03  2.586820e+03
      vertex  1.199800e+05  3.633909e+03  2.381797e+03
    endloop
  endfacet
  facet normal -1.000000e+00  0.000000e+00  0.000000e+00
    outer loop
      vertex  1.199800e+05  3.826638e+03  3.528514e+03
      vertex  1.199800e+05  3.633909e+03  2.381797e+03
      vertex  1.199800e+05  3.848382e+03  3.661431e+03
    endloop
  endfacet
  facet normal -1.000000e+00  -0.000000e+00  0.000000e+00
    outer loop
      vertex  1.199800e+05  3.883037e+03  3.860770e+03
      vertex  1.199800e+05  3.848382e+03  3.661431e+03
      vertex  1.199800e+05  3.588552e+03  2.187352e+03
    endloop
  endfacet
  facet normal -1.000000e+00  -0.000000e+00  0.000000e+00
    outer loop
      vertex  1.199800e+05  3.883037e+03  3.860770e+03
      vertex  1.199800e+05  3.588552e+03  2.187352e+03
      vertex  1.199800e+05  3.563052e+03  2.090579e+03
    endloop
  endfacet
  facet normal -1.000000e+00  -0.000000e+00  0.000000e+00
    outer loop
      vertex  1.199800e+05  3.883037e+03  3.860770e+03
      vertex  1.199800e+05  3.563052e+03  2.090579e+03
      vertex  1.199800e+05  3.535375e+03  1.994158e+03
    endloop
  endfacet
  facet normal -1.000000e+00  -0.000000e+00  0.000000e+00
    outer loop
      vertex  1.199800e+05  3.883037e+03  3.860770e+03
      vertex  1.199800e+05  3.535375e+03  1.994158e+03
      vertex  1.199800e+05  3.506272e+03  1.901104e+03
    endloop
  endfacet
  facet normal -9.999999e-01  -0.000000e+00  0.000000e+00
    outer loop
      vertex  1.199800e+05  3.916139e+03  4.036193e+03
      vertex  1.199800e+05  3.883037e+03  3.860770e+03
      vertex  1.199800e+05  3.506272e+03  1.901104e+03
    endloop
  endfacet
  facet normal -1.000000e+00  -0.000000e+00  0.000000e+00
    outer loop
      vertex  1.199800e+05  3.916139e+03  4.036193e+03
      vertex  1.199800e+05  3.506272e+03  1.901104e+03
      vertex  1.199800e+05  3.474721e+03  1.808464e+03
    endloop
  endfacet
  facet normal -1.000000e+00  -0.000000e+00  0.000000e+00
    outer loop
      vertex  1.199800e+05  3.916139e+03  4.036193e+03
      vertex  1.199800e+05  3.474721e+03  1.808464e+03
      vertex  1.199800e+05  3.440532e+03  1.716288e+03
    endloop
  endfacet
  facet normal -1.000000e+00  -0.000000e+00  0.000000e+00
    outer loop
      vertex  1.199800e+05  3.916139e+03  4.036193e+03
      vertex  1.199800e+05  3.440532e+03  1.716288e+03
      vertex  1.199800e+05  3.403527e+03  1.624633e+03
    endloop
  endfacet
  facet normal -1.000000e+00  -0.000000e+00  0.000000e+00
    outer loop
      vertex  1.199800e+05  3.952139e+03  4.211325e+03
      vertex  1.199800e+05  3.916139e+03  4.036193e+03
      vertex  1.199800e+05  3.403527e+03  1.624633e+03
    endloop
  endfacet
  facet normal -1.000000e+00  -0.000000e+00  0.000000e+00
    outer loop
      vertex  1.199800e+05  3.952139e+03  4.211325e+03
      vertex  1.199800e+05  3.403527e+03  1.624633e+03
      vertex  1.199800e+05  3.365770e+03  1.538446e+03
    endloop
  endfacet
  facet normal -9.999999e-01  -0.000000e+00  0.000000e+00
    outer loop
      vertex  1.199800e+05  3.952139e+03  4.211325e+03
      vertex  1.199800e+05  3.365770e+03  1.538446e+03
      vertex  1.199800e+05  3.325217e+03  1.452832e+03
    endloop
  endfacet
  facet normal -1.000000e+00  -0.000000e+00  0.000000e+00
    outer loop
      vertex  1.199800e+05  3.991422e+03  4.386022e+03
      vertex  1.199800e+05  3.952139e+03  4.211325e+03
      vertex  1.199800e+05  3.325217e+03  1.452832e+03
    endloop
  endfacet
  facet normal -1.000000e+00  -0.000000e+00  0.000000e+00
    outer loop
      vertex  1.199800e+05  3.991422e+03  4.386022e+03
      vertex  1.199800e+05  3.325217e+03  1.452832e+03
      vertex  1.199800e+05  3.281758e+03  1.367849e+03
    endloop
  endfacet
  facet normal -1.000000e+00  -0.000000e+00  0.000000e+00
    outer loop
      vertex  1.199800e+05  3.991422e+03  4.386022e+03
      vertex  1.199800e+05  3.281758e+03  1.367849e+03
      vertex  1.199800e+05  3.235303e+03  1.283556e+03
    endloop
  endfacet
  facet normal -1.000000e+00  -0.000000e+00  0.000000e+00
    outer loop
      vertex  1.199800e+05  3.991422e+03  4.386022e+03
      vertex  1.199800e+05  3.235303e+03  1.283556e+03
      vertex  1.199800e+05  3.187998e+03  1.203766e+03
    endloop
  endfacet
  facet normal -1.000000e+00  -0.000000e+00  0.000000e+00
    outer loop
      vertex  1.199800e+05  4.034312e+03  4.560137e+03
      vertex  1.199800e+05  3.991422e+03  4.386022e+03
      vertex  1.199800e+05  3.187998e+03  1.203766e+03
    endloop
  endfacet
  facet normal -1.000000e+00  -0.000000e+00  0.000000e+00
    outer loop
      vertex  1.199800e+05  4.034312e+03  4.560137e+03
      vertex  1.199800e+05  3.187998e+03  1.203766e+03
      vertex  1.199800e+05  3.140535e+03  1.131791e+03
    endloop
  endfacet
  facet normal -1.000000e+00  -0.000000e+00  0.000000e+00
    outer loop
      vertex  1.199800e+05  4.034312e+03  4.560137e+03
      vertex  1.199800e+05  3.140535e+03  1.131791e+03
      vertex  1.199800e+05  3.134905e+03  1.124110e+03
    endloop
  endfacet
  facet normal -9.999999e-01  -0.000000e+00  0.000000e+00
    outer loop
      vertex  1.199800e+05  4.034312e+03  4.560137e+03
      vertex  1.199800e+05  3.134905e+03  1.124110e+03
      vertex  1.199800e+05  3.086441e+03  1.061715e+03
    endloop
  endfacet
  facet normal -1.000000e+00  -0.000000e+00  0.000000e+00
    outer loop
      vertex  1.199800e+05  4.081527e+03  4.735800e+03
      vertex  1.199800e+05  4.034312e+03  4.560137e+03
      vertex  1.199800e+05  3.086441e+03  1.061715e+03
    endloop
  endfacet
  facet normal -1.000000e+00  -0.000000e+00  0.000000e+00
    outer loop
      vertex  1.199800e+05  4.081527e+03  4.735800e+03
      vertex  1.199800e+05  3.086441e+03  1.061715e+03
      vertex  1.199800e+05  3.035605e+03  1.000851e+03
    endloop
  endfacet
  facet normal -1.000000e+00  -0.000000e+00  0.000000e+00
    outer loop
      vertex  1.199800e+05  4.081527e+03  4.735800e+03
      vertex  1.199800e+05  3.035605e+03  1.000851e+03
      vertex  1.199800e+05  2.982414e+03  9.415604e+02
    endloop
  endfacet
  facet normal -1.000000e+00  -0.000000e+00  0.000000e+00
    outer loop
      vertex  1.199800e+05  4.081527e+03  4.735800e+03
      vertex  1.199800e+05  2.982414e+03  9.415604e+02
      vertex  1.199800e+05  2.926888e+03  8.838801e+02
    endloop
  endfacet
  facet normal -1.000000e+00  -0.000000e+00  0.000000e+00
    outer loop
      vertex  1.199800e+05  4.132889e+03  4.910577e+03
      vertex  1.199800e+05  4.081527e+03  4.735800e+03
      vertex  1.199800e+05  2.926888e+03  8.838801e+02
    endloop
  endfacet
  facet normal -1.000000e+00  -0.000000e+00  0.000000e+00
    outer loop
      vertex  1.199800e+05  4.132889e+03  4.910577e+03
      vertex  1.199800e+05  2.926888e+03  8.838801e+02
      vertex  1.199800e+05  2.869056e+03  8.278450e+02
    endloop
  endfacet
  facet normal -1.000000e+00  -0.000000e+00  0.000000e+00
    outer loop
      vertex  1.199800e+05  4.132889e+03  4.910577e+03
      vertex  1.199800e+05  2.869056e+03  8.278450e+02
      vertex  1.199800e+05  2.808950e+03  7.734862e+02
    endloop
  endfacet
  facet normal -1.000000e+00  -0.000000e+00  0.000000e+00
    outer loop
      vertex  1.199800e+05  4.132889e+03  4.910577e+03
      vertex  1.199800e+05  2.808950e+03  7.734862e+02
      vertex  1.199800e+05  2.741823e+03  7.169327e+02
    endloop
  endfacet
  facet normal -1.000000e+00  -0.000000e+00  0.000000e+00
    outer loop
      vertex  1.199800e+05  4.185854e+03  5.076234e+03
      vertex  1.199800e+05  4.132889e+03  4.910577e+03
      vertex  1.199800e+05  2.741823e+03  7.169327e+02
    endloop
  endfacet
  facet normal -1.000000e+00  -0.000000e+00  0.000000e+00
    outer loop
      vertex  1.199800e+05  4.185854e+03  5.076234e+03
      vertex  1.199800e+05  2.741823e+03  7.169327e+02
      vertex  1.199800e+05  2.672169e+03  6.623786e+02
    endloop
  endfacet
  facet normal -1.000000e+00  -0.000000e+00  0.000000e+00
    outer loop
      vertex  1.199800e+05  4.185854e+03  5.076234e+03
      vertex  1.199800e+05  2.672169e+03  6.623786e+02
      vertex  1.199800e+05  2.600050e+03  6.098470e+02
    endloop
  endfacet
  facet normal -9.999999e-01  -0.000000e+00  0.000000e+00
    outer loop
      vertex  1.199800e+05  4.242810e+03  5.240815e+03
      vertex  1.199800e+05  4.185854e+03  5.076234e+03
      vertex  1.199800e+05  2.600050e+03  6.098470e+02
    endloop
  endfacet
  facet normal -1.000000e+00  -0.000000e+00  0.000000e+00
    outer loop
      vertex  1.199800e+05  4.242810e+03  5.240815e+03
      vertex  1.199800e+05  2.600050e+03  6.098470e+02
      vertex  1.199800e+05  2.525531e+03  5.593553e+02
    endloop
  endfacet
  facet normal -1.000000e+00  -0.000000e+00  0.000000e+00
    outer loop
      vertex  1.199800e+05  4.242810e+03  5.240815e+03
      vertex  1.199800e+05  2.525531e+03  5.593553e+02
      vertex  1.199800e+05  2.448684e+03  5.109155e+02
    endloop
  endfacet
  facet normal -1.000000e+00  -0.000000e+00  0.000000e+00
    outer loop
      vertex  1.199800e+05  4.302199e+03  5.400046e+03
      vertex  1.199800e+05  4.242810e+03  5.240815e+03
      vertex  1.199800e+05  2.448684e+03  5.109155e+02
    endloop
  endfacet
  facet normal -9.999999e-01  -0.000000e+00  0.000000e+00
    outer loop
      vertex  1.199800e+05  4.302199e+03  5.400046e+03
      vertex  1.199800e+05  2.448684e+03  5.109155e+02
      vertex  1.199800e+05  2.369585e+03  4.645343e+02
    endloop
  endfacet
  facet normal -1.000000e+00  -0.000000e+00  0.000000e+00
    outer loop
      vertex  1.199800e+05  4.302199e+03  5.400046e+03
      vertex  1.199800e+05  2.369585e+03  4.645343e+02
      vertex  1.199800e+05  2.288579e+03  4.203541e+02
    endloop
  endfacet
  facet normal -9.999999e-01  -0.000000e+00  0.000000e+00
    outer loop
      vertex  1.199800e+05  4.365431e+03  5.558031e+03
      vertex  1.199800e+05  4.302199e+03  5.400046e+03
      vertex  1.199800e+05  2.288579e+03  4.203541e+02
    endloop
  endfacet
  facet normal -1.000000e+00  -0.000000e+00  0.000000e+00
    outer loop
      vertex  1.199800e+05  4.365431e+03  5.558031e+03
      vertex  1.199800e+05  2.288579e+03  4.203541e+02
      vertex  1.199800e+05  2.205493e+03  3.782180e+02
    endloop
  endfacet
  facet normal -1.000000e+00  -0.000000e+00  0.000000e+00
    outer loop
      vertex  1.199800e+05  4.365431e+03  5.558031e+03
      vertex  1.199800e+05  2.205493e+03  3.782180e+02
      vertex  1.199800e+05  2.033407e+03  3.000435e+02
    endloop
  endfacet
  facet normal -1.000000e+00  -0.000000e+00  0.000000e+00
    outer loop
      vertex  1.199800e+05  4.613189e+03  6.093146e+03
      vertex  1.199800e+05  4.503299e+03  5.869871e+03
      vertex  1.199800e+05  1.674439e+03  1.696600e+02
    endloop
  endfacet
  facet normal -1.000000e+00  -0.000000e+00  0.000000e+00
    outer loop
      vertex  1.199800e+05  4.613189e+03  6.093146e+03
      vertex  1.199800e+05  1.674439e+03  1.696600e+02
      vertex  1.199800e+05  1.489237e+03  1.165692e+02
    endloop
  endfacet
  facet normal -1.000000e+00  -0.000000e+00  0.000000e+00
    outer loop
      vertex  1.199800e+05  4.613189e+03  6.093146e+03
      vertex  1.199800e+05  1.489237e+03  1.165692e+02
      vertex  1.199800e+05  1.298928e+03  7.042117e+01
    endloop
  endfacet
  facet normal -1.000000e+00  0.000000e+00  0.000000e+00
    outer loop
      vertex  1.199800e+05  4.613189e+03  6.093146e+03
      vertex  1.199800e+05  1.298928e+03  7.042117e+01
      vertex  1.199800e+05  4.730704e+03  6.313000e+03
    endloop
  endfacet
  facet normal -1.000000e+00  -0.000000e+00  0.000000e+00
    outer loop
      vertex  1.199800e+05  4.503299e+03  5.869871e+03
      vertex  1.199800e+05  4.432481e+03  5.714668e+03
      vertex  1.199800e+05  1.674439e+03  1.696600e+02
    endloop
  endfacet
  facet normal -1.000000e+00  0.000000e+00  0.000000e+00
    outer loop
      vertex  1.199800e+05  1.674439e+03  1.696600e+02
      vertex  1.199800e+05  4.432481e+03  5.714668e+03
      vertex  1.199800e+05  1.853988e+03  2.299026e+02
    endloop
  endfacet
  facet normal -1.000000e+00  -0.000000e+00  0.000000e+00
    outer loop
      vertex  1.199800e+05  4.432481e+03  5.714668e+03
      vertex  1.199800e+05  4.365431e+03  5.558031e+03
      vertex  1.199800e+05  1.853988e+03  2.299026e+02
    endloop
  endfacet
  facet normal -9.999999e-01  0.000000e+00  0.000000e+00
    outer loop
      vertex  1.199800e+05  1.853988e+03  2.299026e+02
      vertex  1.199800e+05  4.365431e+03  5.558031e+03
      vertex  1.199800e+05  2.033407e+03  3.000435e+02
    endloop
  endfacet
  facet normal -1.000000e+00  0.000000e+00  0.000000e+00
    outer loop
      vertex  1.199800e+05  1.110482e+03  3.217662e+01
      vertex  1.199800e+05  9.181727e+02 -8.051767e-13
      vertex  1.199800e+05  1.298928e+03  7.042117e+01
    endloop
  endfacet
  facet normal -1.000000e+00  -0.000000e+00  0.000000e+00
    outer loop
      vertex  1.199800e+05  1.298928e+03  7.042117e+01
      vertex  1.199800e+05  9.181727e+02 -8.051767e-13
      vertex  1.199800e+05  4.730704e+03  6.313000e+03
    endloop
  endfacet
  facet normal  3.199148e-01 -8.355727e-01 -4.466238e-01
    outer loop
      vertex  1.199800e+05 -4.730704e+03  6.313000e+03
      vertex  1.199800e+05 -4.613189e+03  6.093146e+03
      vertex  1.202085e+05 -4.643228e+03  6.313000e+03
    endloop
  endfacet
  facet normal  3.204784e-01 -8.350794e-01 -4.471422e-01
    outer loop
      vertex  1.202085e+05 -4.643228e+03  6.313000e+03
      vertex  1.199800e+05 -4.613189e+03  6.093146e+03
      vertex  1.201790e+05 -4.538304e+03  6.095886e+03
    endloop
  endfacet
  facet normal  3.251140e-01 -8.484759e-01 -4.175998e-01
    outer loop
      vertex  1.199800e+05 -4.613189e+03  6.093146e+03
      vertex  1.199800e+05 -4.503299e+03  5.869871e+03
      vertex  1.201790e+05 -4.538304e+03  6.095886e+03
    endloop
  endfacet
  facet normal  3.256317e-01 -8.480828e-01 -4.179946e-01
    outer loop
      vertex  1.201790e+05 -4.538304e+03  6.095886e+03
      vertex  1.199800e+05 -4.503299e+03  5.869871e+03
      vertex  1.201494e+05 -4.441188e+03  5.875843e+03
    endloop
  endfacet
  facet normal  3.558188e-01 -8.247383e-01 -4.395450e-01
    outer loop
      vertex  1.219303e+05 -3.891430e+03  6.237797e+03
      vertex  1.228092e+05 -3.530677e+03  6.272395e+03
      vertex  1.227709e+05 -3.568867e+03  6.313000e+03
    endloop
  endfacet
  facet normal  3.607785e-01 -8.448396e-01 -3.950758e-01
    outer loop
      vertex  1.219165e+05 -3.822211e+03  6.091692e+03
      vertex  1.227884e+05 -3.396869e+03  5.978279e+03
      vertex  1.227988e+05 -3.461549e+03  6.126116e+03
    endloop
  endfacet
  facet normal  3.669870e-01 -8.424467e-01 -3.944668e-01
    outer loop
      vertex  1.227988e+05 -3.461549e+03  6.126116e+03
      vertex  1.227884e+05 -3.396869e+03  5.978279e+03
      vertex  1.236800e+05 -3.024447e+03  6.012424e+03
    endloop
  endfacet
  facet normal  3.709014e-01 -8.468657e-01 -3.811176e-01
    outer loop
      vertex  1.227988e+05 -3.461549e+03  6.126116e+03
      vertex  1.236800e+05 -3.024447e+03  6.012424e+03
      vertex  1.236800e+05 -3.092533e+03  6.163715e+03
    endloop
  endfacet
  facet normal  3.579401e-01 -8.415511e-01 -4.045622e-01
    outer loop
      vertex  1.227884e+05 -3.396869e+03  5.978279e+03
      vertex  1.219165e+05 -3.822211e+03  6.091692e+03
      vertex  1.219028e+05 -3.757133e+03  5.944133e+03
    endloop
  endfacet
  facet normal  3.509204e-01 -8.442465e-01 -4.050958e-01
    outer loop
      vertex  1.219028e+05 -3.757133e+03  5.944133e+03
      vertex  1.219165e+05 -3.822211e+03  6.091692e+03
      vertex  1.210400e+05 -4.170053e+03  6.057268e+03
    endloop
  endfacet
  facet normal  3.492802e-01 -8.423051e-01 -4.105187e-01
    outer loop
      vertex  1.219028e+05 -3.757133e+03  5.944133e+03
      vertex  1.210400e+05 -4.170053e+03  6.057268e+03
      vertex  1.210231e+05 -4.105257e+03  5.909988e+03
    endloop
  endfacet
  facet normal  3.428750e-01 -8.447630e-01 -4.108675e-01
    outer loop
      vertex  1.210231e+05 -4.105257e+03  5.909988e+03
      vertex  1.210400e+05 -4.170053e+03  6.057268e+03
      vertex  1.201790e+05 -4.538304e+03  6.095886e+03
    endloop
  endfacet
  facet normal  3.402756e-01 -8.425505e-01 -4.175177e-01
    outer loop
      vertex  1.210231e+05 -4.105257e+03  5.909988e+03
      vertex  1.201790e+05 -4.538304e+03  6.095886e+03
      vertex  1.201494e+05 -4.441188e+03  5.875843e+03
    endloop
  endfacet
  facet normal  3.655707e-01 -8.312035e-01 -4.188780e-01
    outer loop
      vertex  1.228092e+05 -3.530677e+03  6.272395e+03
      vertex  1.227988e+05 -3.461549e+03  6.126116e+03
      vertex  1.232507e+05 -3.345223e+03  6.289694e+03
    endloop
  endfacet
  facet normal  3.657629e-01 -8.306538e-01 -4.197999e-01
    outer loop
      vertex  1.232507e+05 -3.345223e+03  6.289694e+03
      vertex  1.227988e+05 -3.461549e+03  6.126116e+03
      vertex  1.236800e+05 -3.092533e+03  6.163715e+03
    endloop
  endfacet
  facet normal  3.713476e-01 -8.341524e-01 -4.077875e-01
    outer loop
      vertex  1.232507e+05 -3.345223e+03  6.289694e+03
      vertex  1.236800e+05 -3.092533e+03  6.163715e+03
      vertex  1.236800e+05 -3.165513e+03  6.313000e+03
    endloop
  endfacet
  facet normal  3.554832e-01 -8.230778e-01 -4.429160e-01
    outer loop
      vertex  1.227709e+05 -3.568867e+03  6.313000e+03
      vertex  1.219155e+05 -3.938290e+03  6.313000e+03
      vertex  1.219303e+05 -3.891430e+03  6.237797e+03
    endloop
  endfacet
  facet normal  3.462624e-01 -8.252836e-01 -4.461047e-01
    outer loop
      vertex  1.219303e+05 -3.891430e+03  6.237797e+03
      vertex  1.219155e+05 -3.938290e+03  6.313000e+03
      vertex  1.210614e+05 -4.296653e+03  6.313000e+03
    endloop
  endfacet
  facet normal  3.453232e-01 -8.238829e-01 -4.494095e-01
    outer loop
      vertex  1.219303e+05 -3.891430e+03  6.237797e+03
      vertex  1.210614e+05 -4.296653e+03  6.313000e+03
      vertex  1.210568e+05 -4.238681e+03  6.203199e+03
    endloop
  endfacet
  facet normal  3.360493e-01 -8.270189e-01 -4.506778e-01
    outer loop
      vertex  1.210568e+05 -4.238681e+03  6.203199e+03
      vertex  1.210614e+05 -4.296653e+03  6.313000e+03
      vertex  1.202085e+05 -4.643228e+03  6.313000e+03
    endloop
  endfacet
  facet normal  3.374388e-01 -8.287715e-01 -4.464001e-01
    outer loop
      vertex  1.210568e+05 -4.238681e+03  6.203199e+03
      vertex  1.202085e+05 -4.643228e+03  6.313000e+03
      vertex  1.201790e+05 -4.538304e+03  6.095886e+03
    endloop
  endfacet
  facet normal  3.690394e-01 -8.263583e-01 -4.253729e-01
    outer loop
      vertex  1.236800e+05 -3.165513e+03  6.313000e+03
      vertex  1.232252e+05 -3.368601e+03  6.313000e+03
      vertex  1.232507e+05 -3.345223e+03  6.289694e+03
    endloop
  endfacet
  facet normal  3.640475e-01 -8.259551e-01 -4.304271e-01
    outer loop
      vertex  1.232507e+05 -3.345223e+03  6.289694e+03
      vertex  1.232252e+05 -3.368601e+03  6.313000e+03
      vertex  1.227709e+05 -3.568867e+03  6.313000e+03
    endloop
  endfacet
  facet normal  3.635283e-01 -8.250644e-01 -4.325687e-01
    outer loop
      vertex  1.232507e+05 -3.345223e+03  6.289694e+03
      vertex  1.227709e+05 -3.568867e+03  6.313000e+03
      vertex  1.228092e+05 -3.530677e+03  6.272395e+03
    endloop
  endfacet
  facet normal  3.381612e-01 -8.359777e-01 -4.321899e-01
    outer loop
      vertex  1.201790e+05 -4.538304e+03  6.095886e+03
      vertex  1.210400e+05 -4.170053e+03  6.057268e+03
      vertex  1.210568e+05 -4.238681e+03  6.203199e+03
    endloop
  endfacet
  facet normal  3.473072e-01 -8.325163e-01 -4.316182e-01
    outer loop
      vertex  1.210568e+05 -4.238681e+03  6.203199e+03
      vertex  1.210400e+05 -4.170053e+03  6.057268e+03
      vertex  1.219165e+05 -3.822211e+03  6.091692e+03
    endloop
  endfacet
  facet normal  3.484652e-01 -8.339247e-01 -4.279506e-01
    outer loop
      vertex  1.210568e+05 -4.238681e+03  6.203199e+03
      vertex  1.219165e+05 -3.822211e+03  6.091692e+03
      vertex  1.219303e+05 -3.891430e+03  6.237797e+03
    endloop
  endfacet
  facet normal  3.563499e-01 -8.309327e-01 -4.272768e-01
    outer loop
      vertex  1.219303e+05 -3.891430e+03  6.237797e+03
      vertex  1.219165e+05 -3.822211e+03  6.091692e+03
      vertex  1.227988e+05 -3.461549e+03  6.126116e+03
    endloop
  endfacet
  facet normal  3.587526e-01 -8.337972e-01 -4.196176e-01
    outer loop
      vertex  1.219303e+05 -3.891430e+03  6.237797e+03
      vertex  1.227988e+05 -3.461549e+03  6.126116e+03
      vertex  1.228092e+05 -3.530677e+03  6.272395e+03
    endloop
  endfacet
  facet normal  3.404170e-01 -9.080451e-01 -2.440707e-01
    outer loop
      vertex  1.200012e+05 -4.071316e+03  4.727339e+03
      vertex  1.199800e+05 -4.081527e+03  4.735800e+03
      vertex  1.199800e+05 -4.034312e+03  4.560137e+03
    endloop
  endfacet
  facet normal  3.341908e-01 -8.664593e-01 -3.708975e-01
    outer loop
      vertex  1.199800e+05 -4.432481e+03  5.714668e+03
      vertex  1.199800e+05 -4.365431e+03  5.558031e+03
      vertex  1.201212e+05 -4.355119e+03  5.661149e+03
    endloop
  endfacet
  facet normal  3.212360e-01 -8.791943e-01 -3.518875e-01
    outer loop
      vertex  1.201212e+05 -4.355119e+03  5.661149e+03
      vertex  1.199800e+05 -4.365431e+03  5.558031e+03
      vertex  1.199800e+05 -4.302199e+03  5.400046e+03
    endloop
  endfacet
  facet normal  3.386380e-01 -8.695926e-01 -3.593508e-01
    outer loop
      vertex  1.201212e+05 -4.355119e+03  5.661149e+03
      vertex  1.199800e+05 -4.302199e+03  5.400046e+03
      vertex  1.200929e+05 -4.276473e+03  5.444220e+03
    endloop
  endfacet
  facet normal  3.304451e-01 -8.843188e-01 -3.298278e-01
    outer loop
      vertex  1.200929e+05 -4.276473e+03  5.444220e+03
      vertex  1.199800e+05 -4.302199e+03  5.400046e+03
      vertex  1.199800e+05 -4.242810e+03  5.240815e+03
    endloop
  endfacet
  facet normal  3.315478e-01 -8.837146e-01 -3.303400e-01
    outer loop
      vertex  1.200929e+05 -4.276473e+03  5.444220e+03
      vertex  1.199800e+05 -4.242810e+03  5.240815e+03
      vertex  1.200647e+05 -4.205246e+03  5.225338e+03
    endloop
  endfacet
  facet normal  3.381648e-01 -8.893372e-01 -3.077728e-01
    outer loop
      vertex  1.200647e+05 -4.205246e+03  5.225338e+03
      vertex  1.199800e+05 -4.242810e+03  5.240815e+03
      vertex  1.199800e+05 -4.185854e+03  5.076234e+03
    endloop
  endfacet
  facet normal  3.328816e-01 -8.922302e-01 -3.051477e-01
    outer loop
      vertex  1.200647e+05 -4.205246e+03  5.225338e+03
      vertex  1.199800e+05 -4.185854e+03  5.076234e+03
      vertex  1.200435e+05 -4.156629e+03  5.060080e+03
    endloop
  endfacet
  facet normal  3.393555e-01 -8.959767e-01 -2.864674e-01
    outer loop
      vertex  1.200435e+05 -4.156629e+03  5.060080e+03
      vertex  1.199800e+05 -4.185854e+03  5.076234e+03
      vertex  1.199800e+05 -4.132889e+03  4.910577e+03
    endloop
  endfacet
  facet normal  3.321404e-01 -8.994727e-01 -2.839569e-01
    outer loop
      vertex  1.200435e+05 -4.156629e+03  5.060080e+03
      vertex  1.199800e+05 -4.132889e+03  4.910577e+03
      vertex  1.200223e+05 -4.112030e+03  4.894034e+03
    endloop
  endfacet
  facet normal  3.407673e-01 -9.020064e-01 -2.650701e-01
    outer loop
      vertex  1.200223e+05 -4.112030e+03  4.894034e+03
      vertex  1.199800e+05 -4.132889e+03  4.910577e+03
      vertex  1.199800e+05 -4.081527e+03  4.735800e+03
    endloop
  endfacet
  facet normal  3.316598e-01 -9.058875e-01 -2.633811e-01
    outer loop
      vertex  1.200223e+05 -4.112030e+03  4.894034e+03
      vertex  1.199800e+05 -4.081527e+03  4.735800e+03
      vertex  1.200012e+05 -4.071316e+03  4.727339e+03
    endloop
  endfacet
  facet normal  3.228855e-01 -8.610382e-01 -3.928845e-01
    outer loop
      vertex  1.199800e+05 -4.432481e+03  5.714668e+03
      vertex  1.201212e+05 -4.355119e+03  5.661149e+03
      vertex  1.199800e+05 -4.503299e+03  5.869871e+03
    endloop
  endfacet
  facet normal  3.292107e-01 -8.606946e-01 -3.883622e-01
    outer loop
      vertex  1.199800e+05 -4.503299e+03  5.869871e+03
      vertex  1.201212e+05 -4.355119e+03  5.661149e+03
      vertex  1.201494e+05 -4.441188e+03  5.875843e+03
    endloop
  endfacet
  facet normal  3.565779e-01 -8.608340e-01 -3.630661e-01
    outer loop
      vertex  1.215986e+05 -3.778187e+03  5.705269e+03
      vertex  1.221578e+05 -3.555418e+03  5.726306e+03
      vertex  1.221675e+05 -3.599749e+03  5.840914e+03
    endloop
  endfacet
  facet normal  3.582027e-01 -8.523468e-01 -3.810454e-01
    outer loop
      vertex  1.215986e+05 -3.778187e+03  5.705269e+03
      vertex  1.221675e+05 -3.599749e+03  5.840914e+03
      vertex  1.219028e+05 -3.757133e+03  5.944133e+03
    endloop
  endfacet
  facet normal  2.125456e-01 -9.169416e-01 -3.377018e-01
    outer loop
      vertex  1.230527e+05 -2.534006e+03  1.429443e+03
      vertex  1.236800e+05 -2.379118e+03  1.403675e+03
      vertex  1.236800e+05 -2.411318e+03  1.491107e+03
    endloop
  endfacet
  facet normal  2.125467e-01 -9.169250e-01 -3.377462e-01
    outer loop
      vertex  1.236800e+05 -2.411318e+03  1.491107e+03
      vertex  1.230602e+05 -2.583242e+03  1.567784e+03
      vertex  1.230527e+05 -2.534006e+03  1.429443e+03
    endloop
  endfacet
  facet normal  2.551677e-01 -9.634136e-01 -8.199868e-02
    outer loop
      vertex  1.230948e+05 -2.714376e+03  2.210105e+03
      vertex  1.236800e+05 -2.558560e+03  2.200440e+03
      vertex  1.236800e+05 -2.566333e+03  2.291766e+03
    endloop
  endfacet
  facet normal  2.702716e-01 -9.624943e-01 -2.362069e-02
    outer loop
      vertex  1.231125e+05 -2.738391e+03  2.539737e+03
      vertex  1.236800e+05 -2.578641e+03  2.523219e+03
      vertex  1.236800e+05 -2.582082e+03  2.663449e+03
    endloop
  endfacet
  facet normal  2.791899e-01 -9.601949e-01 -8.874603e-03
    outer loop
      vertex  1.236800e+05 -2.583380e+03  2.803871e+03
      vertex  1.231231e+05 -2.744686e+03  2.737307e+03
      vertex  1.236800e+05 -2.582082e+03  2.663449e+03
    endloop
  endfacet
  facet normal  2.965843e-01 -9.549735e-01  7.966415e-03
    outer loop
      vertex  1.236800e+05 -2.581004e+03  3.204328e+03
      vertex  1.231443e+05 -2.747961e+03  3.134816e+03
      vertex  1.236800e+05 -2.583233e+03  2.937184e+03
    endloop
  endfacet
  facet normal  3.128718e-01 -9.497829e-01 -4.859275e-03
    outer loop
      vertex  1.236800e+05 -2.580818e+03  3.719079e+03
      vertex  1.231655e+05 -2.749378e+03  3.535419e+03
      vertex  1.236800e+05 -2.579354e+03  3.432857e+03
    endloop
  endfacet
  facet normal  3.386333e-01 -9.373501e-01 -8.186723e-02
    outer loop
      vertex  1.232014e+05 -2.776029e+03  4.220278e+03
      vertex  1.231950e+05 -2.767715e+03  4.098746e+03
      vertex  1.236800e+05 -2.597137e+03  4.151737e+03
    endloop
  endfacet
  facet normal  2.008176e-01 -8.721995e-01 -4.460272e-01
    outer loop
      vertex  1.199898e+05 -3.304910e+03  1.417520e+03
      vertex  1.199800e+05 -3.325217e+03  1.452832e+03
      vertex  1.199800e+05 -3.281758e+03  1.367849e+03
    endloop
  endfacet
  facet normal  3.049620e-01 -9.417294e-01 -1.419297e-01
    outer loop
      vertex  1.201917e+05 -3.687951e+03  3.080311e+03
      vertex  1.199800e+05 -3.736723e+03  2.949123e+03
      vertex  1.201655e+05 -3.663542e+03  2.862219e+03
    endloop
  endfacet
  facet normal  3.068085e-01 -9.406112e-01 -1.453245e-01
    outer loop
      vertex  1.201917e+05 -3.687951e+03  3.080311e+03
      vertex  1.199800e+05 -3.785194e+03  3.262846e+03
      vertex  1.199800e+05 -3.736723e+03  2.949123e+03
    endloop
  endfacet
  facet normal  3.223640e-01 -9.341976e-01 -1.528277e-01
    outer loop
      vertex  1.199800e+05 -3.848382e+03  3.661431e+03
      vertex  1.199800e+05 -3.826638e+03  3.528514e+03
      vertex  1.202504e+05 -3.740829e+03  3.574415e+03
    endloop
  endfacet
  facet normal  3.378630e-01 -9.184131e-01 -2.058298e-01
    outer loop
      vertex  1.203595e+05 -3.876797e+03  4.497524e+03
      vertex  1.199800e+05 -3.991422e+03  4.386022e+03
      vertex  1.203315e+05 -3.834036e+03  4.260803e+03
    endloop
  endfacet
  facet normal  3.416598e-01 -9.125462e-01 -2.247841e-01
    outer loop
      vertex  1.199800e+05 -3.991422e+03  4.386022e+03
      vertex  1.203595e+05 -3.876797e+03  4.497524e+03
      vertex  1.199800e+05 -4.034312e+03  4.560137e+03
    endloop
  endfacet
  facet normal  3.429448e-01 -8.929757e-01 -2.915188e-01
    outer loop
      vertex  1.204435e+05 -4.049463e+03  5.202292e+03
      vertex  1.200435e+05 -4.156629e+03  5.060080e+03
      vertex  1.204155e+05 -3.983944e+03  4.968674e+03
    endloop
  endfacet
  facet normal  3.462726e-01 -8.870525e-01 -3.053408e-01
    outer loop
      vertex  1.204435e+05 -4.049463e+03  5.202292e+03
      vertex  1.200647e+05 -4.205246e+03  5.225338e+03
      vertex  1.200435e+05 -4.156629e+03  5.060080e+03
    endloop
  endfacet
  facet normal  3.431508e-01 -8.820525e-01 -3.228478e-01
    outer loop
      vertex  1.200647e+05 -4.205246e+03  5.225338e+03
      vertex  1.204435e+05 -4.049463e+03  5.202292e+03
      vertex  1.204714e+05 -4.123413e+03  5.434075e+03
    endloop
  endfacet
  facet normal  3.462166e-01 -8.780528e-01 -3.303898e-01
    outer loop
      vertex  1.204714e+05 -4.123413e+03  5.434075e+03
      vertex  1.200929e+05 -4.276473e+03  5.444220e+03
      vertex  1.200647e+05 -4.205246e+03  5.225338e+03
    endloop
  endfacet
  facet normal  3.481158e-01 -9.103312e-01 -2.238583e-01
    outer loop
      vertex  1.211419e+05 -3.644749e+03  4.757610e+03
      vertex  1.207760e+05 -3.781800e+03  4.745995e+03
      vertex  1.211298e+05 -3.620232e+03  4.639043e+03
    endloop
  endfacet
  facet normal  3.489180e-01 -9.100197e-01 -2.238760e-01
    outer loop
      vertex  1.215034e+05 -3.494366e+03  4.709823e+03
      vertex  1.211419e+05 -3.644749e+03  4.757610e+03
      vertex  1.211298e+05 -3.620232e+03  4.639043e+03
    endloop
  endfacet
  facet normal  3.482120e-01 -9.094275e-01 -2.273540e-01
    outer loop
      vertex  1.211419e+05 -3.644749e+03  4.757610e+03
      vertex  1.215034e+05 -3.494366e+03  4.709823e+03
      vertex  1.215202e+05 -3.532433e+03  4.887807e+03
    endloop
  endfacet
  facet normal  3.530255e-01 -9.022828e-01 -2.475051e-01
    outer loop
      vertex  1.215202e+05 -3.532433e+03  4.887807e+03
      vertex  1.211661e+05 -3.700060e+03  4.993857e+03
      vertex  1.211419e+05 -3.644749e+03  4.757610e+03
    endloop
  endfacet
  facet normal  3.512953e-01 -9.016396e-01 -2.522654e-01
    outer loop
      vertex  1.215370e+05 -3.575477e+03  5.065022e+03
      vertex  1.211661e+05 -3.700060e+03  4.993857e+03
      vertex  1.215202e+05 -3.532433e+03  4.887807e+03
    endloop
  endfacet
  facet normal  3.535690e-01 -8.924610e-01 -2.801825e-01
    outer loop
      vertex  1.211904e+05 -3.764128e+03  5.228565e+03
      vertex  1.211661e+05 -3.700060e+03  4.993857e+03
      vertex  1.215370e+05 -3.575477e+03  5.065022e+03
    endloop
  endfacet
  facet normal  3.588749e-01 -8.686266e-01 -3.416091e-01
    outer loop
      vertex  1.221578e+05 -3.555418e+03  5.726306e+03
      vertex  1.215986e+05 -3.778187e+03  5.705269e+03
      vertex  1.221449e+05 -3.500198e+03  5.572354e+03
    endloop
  endfacet
  facet normal  3.163287e-01 -9.473470e-01 -4.969549e-02
    outer loop
      vertex  1.225688e+05 -2.947080e+03  3.514114e+03
      vertex  1.219759e+05 -3.143792e+03  3.490090e+03
      vertex  1.225600e+05 -2.943165e+03  3.383735e+03
    endloop
  endfacet
  facet normal  3.575522e-01 -9.026511e-01 -2.395361e-01
    outer loop
      vertex  1.221046e+05 -3.356217e+03  5.084122e+03
      vertex  1.220901e+05 -3.314757e+03  4.906257e+03
      vertex  1.226666e+05 -3.104857e+03  4.975806e+03
    endloop
  endfacet
  facet normal  3.587095e-01 -9.033463e-01 -2.351449e-01
    outer loop
      vertex  1.226804e+05 -3.152380e+03  5.179419e+03
      vertex  1.221046e+05 -3.356217e+03  5.084122e+03
      vertex  1.226666e+05 -3.104857e+03  4.975806e+03
    endloop
  endfacet
  facet normal  3.605408e-01 -8.938631e-01 -2.664939e-01
    outer loop
      vertex  1.221191e+05 -3.403101e+03  5.260987e+03
      vertex  1.221046e+05 -3.356217e+03  5.084122e+03
      vertex  1.226804e+05 -3.152380e+03  5.179419e+03
    endloop
  endfacet
  facet normal  3.602087e-01 -8.935769e-01 -2.678991e-01
    outer loop
      vertex  1.226942e+05 -3.207417e+03  5.381556e+03
      vertex  1.221191e+05 -3.403101e+03  5.260987e+03
      vertex  1.226804e+05 -3.152380e+03  5.179419e+03
    endloop
  endfacet
  facet normal  3.566323e-01 -9.172514e-01 -1.773788e-01
    outer loop
      vertex  1.226528e+05 -3.064605e+03  4.771015e+03
      vertex  1.232312e+05 -2.842886e+03  4.787291e+03
      vertex  1.232367e+05 -2.860813e+03  4.891004e+03
    endloop
  endfacet
  facet normal  3.585998e-01 -9.131148e-01 -1.939781e-01
    outer loop
      vertex  1.226528e+05 -3.064605e+03  4.771015e+03
      vertex  1.232367e+05 -2.860813e+03  4.891004e+03
      vertex  1.232421e+05 -2.880634e+03  4.994445e+03
    endloop
  endfacet
  facet normal  3.611581e-01 -9.100928e-01 -2.032141e-01
    outer loop
      vertex  1.226528e+05 -3.064605e+03  4.771015e+03
      vertex  1.232421e+05 -2.880634e+03  4.994445e+03
      vertex  1.226666e+05 -3.104857e+03  4.975806e+03
    endloop
  endfacet
  facet normal  3.565434e-01 -9.119006e-01 -2.032585e-01
    outer loop
      vertex  1.226528e+05 -3.064605e+03  4.771015e+03
      vertex  1.226666e+05 -3.104857e+03  4.975806e+03
      vertex  1.220901e+05 -3.314757e+03  4.906257e+03
    endloop
  endfacet
  facet normal  3.536192e-01 -9.107471e-01 -2.132913e-01
    outer loop
      vertex  1.226528e+05 -3.064605e+03  4.771015e+03
      vertex  1.220901e+05 -3.314757e+03  4.906257e+03
      vertex  1.220756e+05 -3.278541e+03  4.727585e+03
    endloop
  endfacet
  facet normal  3.537555e-01 -9.162217e-01 -1.881348e-01
    outer loop
      vertex  1.226528e+05 -3.064605e+03  4.771015e+03
      vertex  1.220756e+05 -3.278541e+03  4.727585e+03
      vertex  1.220612e+05 -3.247323e+03  4.548303e+03
    endloop
  endfacet
  facet normal  3.493962e-01 -9.209223e-01 -1.726970e-01
    outer loop
      vertex  1.226528e+05 -3.064605e+03  4.771015e+03
      vertex  1.220612e+05 -3.247323e+03  4.548303e+03
      vertex  1.226390e+05 -3.031271e+03  4.565349e+03
    endloop
  endfacet
  facet normal  3.507577e-01 -9.204033e-01 -1.727042e-01
    outer loop
      vertex  1.226528e+05 -3.064605e+03  4.771015e+03
      vertex  1.226390e+05 -3.031271e+03  4.565349e+03
      vertex  1.232204e+05 -2.812919e+03  4.582396e+03
    endloop
  endfacet
  facet normal  3.601594e-01 -9.214296e-01 -1.457837e-01
    outer loop
      vertex  1.226528e+05 -3.064605e+03  4.771015e+03
      vertex  1.232204e+05 -2.812919e+03  4.582396e+03
      vertex  1.232258e+05 -2.827036e+03  4.684937e+03
    endloop
  endfacet
  facet normal  3.572272e-01 -9.199829e-01 -1.613079e-01
    outer loop
      vertex  1.226528e+05 -3.064605e+03  4.771015e+03
      vertex  1.232258e+05 -2.827036e+03  4.684937e+03
      vertex  1.232312e+05 -2.842886e+03  4.787291e+03
    endloop
  endfacet
  facet normal  2.831352e-01 -9.438651e-01 -1.701562e-01
    outer loop
      vertex  1.205368e+05 -3.502706e+03  2.581641e+03
      vertex  1.201077e+05 -3.595641e+03  2.383113e+03
      vertex  1.205142e+05 -3.473282e+03  2.380791e+03
    endloop
  endfacet
  facet normal  2.809519e-01 -9.372970e-01 -2.062530e-01
    outer loop
      vertex  1.205142e+05 -3.473282e+03  2.380791e+03
      vertex  1.201077e+05 -3.595641e+03  2.383113e+03
      vertex  1.200951e+05 -3.576608e+03  2.279468e+03
    endloop
  endfacet
  facet normal  2.786067e-01 -9.408218e-01 -1.929580e-01
    outer loop
      vertex  1.205142e+05 -3.473282e+03  2.380791e+03
      vertex  1.200951e+05 -3.576608e+03  2.279468e+03
      vertex  1.205029e+05 -3.456096e+03  2.280673e+03
    endloop
  endfacet
  facet normal  2.767777e-01 -9.343166e-01 -2.246033e-01
    outer loop
      vertex  1.205029e+05 -3.456096e+03  2.280673e+03
      vertex  1.200951e+05 -3.576608e+03  2.279468e+03
      vertex  1.200825e+05 -3.555471e+03  2.176031e+03
    endloop
  endfacet
  facet normal  2.743191e-01 -9.381949e-01 -2.110433e-01
    outer loop
      vertex  1.205029e+05 -3.456096e+03  2.280673e+03
      vertex  1.200825e+05 -3.555471e+03  2.176031e+03
      vertex  1.204916e+05 -3.436924e+03  2.180739e+03
    endloop
  endfacet
  facet normal  2.719353e-01 -9.282758e-01 -2.536835e-01
    outer loop
      vertex  1.204916e+05 -3.436924e+03  2.180739e+03
      vertex  1.200825e+05 -3.555471e+03  2.176031e+03
      vertex  1.200607e+05 -3.512977e+03  1.997137e+03
    endloop
  endfacet
  facet normal  2.670687e-01 -9.332631e-01 -2.401964e-01
    outer loop
      vertex  1.204916e+05 -3.436924e+03  2.180739e+03
      vertex  1.200607e+05 -3.512977e+03  1.997137e+03
      vertex  1.204712e+05 -3.396544e+03  2.001218e+03
    endloop
  endfacet
  facet normal  2.641804e-01 -9.215222e-01 -2.846149e-01
    outer loop
      vertex  1.204712e+05 -3.396544e+03  2.001218e+03
      vertex  1.200607e+05 -3.512977e+03  1.997137e+03
      vertex  1.200498e+05 -3.488531e+03  1.907856e+03
    endloop
  endfacet
  facet normal  2.623281e-01 -9.258558e-01 -2.719833e-01
    outer loop
      vertex  1.204712e+05 -3.396544e+03  2.001218e+03
      vertex  1.200498e+05 -3.488531e+03  1.907856e+03
      vertex  1.204611e+05 -3.373104e+03  1.911607e+03
    endloop
  endfacet
  facet normal  2.597289e-01 -9.154435e-01 -3.074152e-01
    outer loop
      vertex  1.204611e+05 -3.373104e+03  1.911607e+03
      vertex  1.200498e+05 -3.488531e+03  1.907856e+03
      vertex  1.200389e+05 -3.461674e+03  1.818657e+03
    endloop
  endfacet
  facet normal  2.580060e-01 -9.198917e-01 -2.953510e-01
    outer loop
      vertex  1.204611e+05 -3.373104e+03  1.911607e+03
      vertex  1.200389e+05 -3.461674e+03  1.818657e+03
      vertex  1.204509e+05 -3.347210e+03  1.822065e+03
    endloop
  endfacet
  facet normal  2.545143e-01 -9.060518e-01 -3.380718e-01
    outer loop
      vertex  1.204509e+05 -3.347210e+03  1.822065e+03
      vertex  1.200389e+05 -3.461674e+03  1.818657e+03
      vertex  1.200225e+05 -3.416384e+03  1.684956e+03
    endloop
  endfacet
  facet normal  2.516941e-01 -9.109696e-01 -3.267792e-01
    outer loop
      vertex  1.204509e+05 -3.347210e+03  1.822065e+03
      vertex  1.200225e+05 -3.416384e+03  1.684956e+03
      vertex  1.204356e+05 -3.303272e+03  1.687820e+03
    endloop
  endfacet
  facet normal  2.469949e-01 -8.925266e-01 -3.773456e-01
    outer loop
      vertex  1.204356e+05 -3.303272e+03  1.687820e+03
      vertex  1.200225e+05 -3.416384e+03  1.684956e+03
      vertex  1.200061e+05 -3.364400e+03  1.551281e+03
    endloop
  endfacet
  facet normal  2.444532e-01 -8.974701e-01 -3.671375e-01
    outer loop
      vertex  1.204356e+05 -3.303272e+03  1.687820e+03
      vertex  1.200061e+05 -3.364400e+03  1.551281e+03
      vertex  1.204203e+05 -3.252510e+03  1.553562e+03
    endloop
  endfacet
  facet normal  2.389513e-01 -8.760484e-01 -4.188572e-01
    outer loop
      vertex  1.204203e+05 -3.252510e+03  1.553562e+03
      vertex  1.200061e+05 -3.364400e+03  1.551281e+03
      vertex  1.199898e+05 -3.304910e+03  1.417520e+03
    endloop
  endfacet
  facet normal  2.366899e-01 -8.809218e-01 -4.098227e-01
    outer loop
      vertex  1.204203e+05 -3.252510e+03  1.553562e+03
      vertex  1.199898e+05 -3.304910e+03  1.417520e+03
      vertex  1.204051e+05 -3.194089e+03  1.419168e+03
    endloop
  endfacet
  facet normal  2.321494e-01 -8.633376e-01 -4.480566e-01
    outer loop
      vertex  1.204051e+05 -3.194089e+03  1.419168e+03
      vertex  1.199898e+05 -3.304910e+03  1.417520e+03
      vertex  1.199800e+05 -3.281758e+03  1.367849e+03
    endloop
  endfacet
  facet normal  2.323602e-01 -8.518345e-01 -4.694536e-01
    outer loop
      vertex  1.204051e+05 -3.194089e+03  1.419168e+03
      vertex  1.199800e+05 -3.281758e+03  1.367849e+03
      vertex  1.199800e+05 -3.235303e+03  1.283556e+03
    endloop
  endfacet
  facet normal  2.883559e-01 -9.398070e-01 -1.833405e-01
    outer loop
      vertex  1.201077e+05 -3.595641e+03  2.383113e+03
      vertex  1.205368e+05 -3.502706e+03  2.581641e+03
      vertex  1.201329e+05 -3.628487e+03  2.591088e+03
    endloop
  endfacet
  facet normal  2.908422e-01 -9.451752e-01 -1.485083e-01
    outer loop
      vertex  1.201329e+05 -3.628487e+03  2.591088e+03
      vertex  1.205368e+05 -3.502706e+03  2.581641e+03
      vertex  1.205557e+05 -3.523318e+03  2.749745e+03
    endloop
  endfacet
  facet normal  2.950485e-01 -9.416380e-01 -1.620622e-01
    outer loop
      vertex  1.201329e+05 -3.628487e+03  2.591088e+03
      vertex  1.205557e+05 -3.523318e+03  2.749745e+03
      vertex  1.201525e+05 -3.650312e+03  2.753567e+03
    endloop
  endfacet
  facet normal  2.964229e-01 -9.452356e-01 -1.366125e-01
    outer loop
      vertex  1.201525e+05 -3.650312e+03  2.753567e+03
      vertex  1.205557e+05 -3.523318e+03  2.749745e+03
      vertex  1.205682e+05 -3.535627e+03  2.862166e+03
    endloop
  endfacet
  facet normal  2.992620e-01 -9.421967e-01 -1.506907e-01
    outer loop
      vertex  1.201525e+05 -3.650312e+03  2.753567e+03
      vertex  1.205682e+05 -3.535627e+03  2.862166e+03
      vertex  1.201655e+05 -3.663542e+03  2.862219e+03
    endloop
  endfacet
  facet normal  3.002540e-01 -9.453100e-01 -1.274232e-01
    outer loop
      vertex  1.201655e+05 -3.663542e+03  2.862219e+03
      vertex  1.205682e+05 -3.535627e+03  2.862166e+03
      vertex  1.205934e+05 -3.558062e+03  3.087842e+03
    endloop
  endfacet
  facet normal  3.069421e-01 -9.410613e-01 -1.420921e-01
    outer loop
      vertex  1.201655e+05 -3.663542e+03  2.862219e+03
      vertex  1.205934e+05 -3.558062e+03  3.087842e+03
      vertex  1.201917e+05 -3.687951e+03  3.080311e+03
    endloop
  endfacet
  facet normal  3.074162e-01 -9.436684e-01 -1.224142e-01
    outer loop
      vertex  1.201917e+05 -3.687951e+03  3.080311e+03
      vertex  1.205934e+05 -3.558062e+03  3.087842e+03
      vertex  1.206217e+05 -3.581947e+03  3.342973e+03
    endloop
  endfacet
  facet normal  3.151289e-01 -9.391270e-01 -1.368732e-01
    outer loop
      vertex  1.201917e+05 -3.687951e+03  3.080311e+03
      vertex  1.206217e+05 -3.581947e+03  3.342973e+03
      vertex  1.202210e+05 -3.714021e+03  3.326835e+03
    endloop
  endfacet
  facet normal  3.151848e-01 -9.405870e-01 -1.263115e-01
    outer loop
      vertex  1.202210e+05 -3.714021e+03  3.326835e+03
      vertex  1.206217e+05 -3.581947e+03  3.342973e+03
      vertex  1.206499e+05 -3.606882e+03  3.599224e+03
    endloop
  endfacet
  facet normal  3.225591e-01 -9.361908e-01 -1.396518e-01
    outer loop
      vertex  1.202210e+05 -3.714021e+03  3.326835e+03
      vertex  1.206499e+05 -3.606882e+03  3.599224e+03
      vertex  1.202504e+05 -3.740829e+03  3.574415e+03
    endloop
  endfacet
  facet normal  3.225295e-01 -9.365883e-01 -1.370293e-01
    outer loop
      vertex  1.202504e+05 -3.740829e+03  3.574415e+03
      vertex  1.206499e+05 -3.606882e+03  3.599224e+03
      vertex  1.206738e+05 -3.630443e+03  3.816528e+03
    endloop
  endfacet
  facet normal  3.295084e-01 -9.319424e-01 -1.513524e-01
    outer loop
      vertex  1.202504e+05 -3.740829e+03  3.574415e+03
      vertex  1.206738e+05 -3.630443e+03  3.816528e+03
      vertex  1.202859e+05 -3.776938e+03  3.873870e+03
    endloop
  endfacet
  facet normal  3.293772e-01 -9.318731e-01 -1.520628e-01
    outer loop
      vertex  1.202859e+05 -3.776938e+03  3.873870e+03
      vertex  1.206738e+05 -3.630443e+03  3.816528e+03
      vertex  1.206978e+05 -3.657511e+03  4.034191e+03
    endloop
  endfacet
  facet normal  3.337014e-01 -9.279280e-01 -1.661113e-01
    outer loop
      vertex  1.202859e+05 -3.776938e+03  3.873870e+03
      vertex  1.206978e+05 -3.657511e+03  4.034191e+03
      vertex  1.203036e+05 -3.797416e+03  4.023842e+03
    endloop
  endfacet
  facet normal  3.335016e-01 -9.269313e-01 -1.719745e-01
    outer loop
      vertex  1.203036e+05 -3.797416e+03  4.023842e+03
      vertex  1.206978e+05 -3.657511e+03  4.034191e+03
      vertex  1.207238e+05 -3.692219e+03  4.271850e+03
    endloop
  endfacet
  facet normal  3.387986e-01 -9.229628e-01 -1.826339e-01
    outer loop
      vertex  1.203036e+05 -3.797416e+03  4.023842e+03
      vertex  1.207238e+05 -3.692219e+03  4.271850e+03
      vertex  1.203315e+05 -3.834036e+03  4.260803e+03
    endloop
  endfacet
  facet normal  3.382261e-01 -9.202870e-01 -1.966594e-01
    outer loop
      vertex  1.203315e+05 -3.834036e+03  4.260803e+03
      vertex  1.207238e+05 -3.692219e+03  4.271850e+03
      vertex  1.207499e+05 -3.733360e+03  4.509251e+03
    endloop
  endfacet
  facet normal  3.429045e-01 -9.164870e-01 -2.060777e-01
    outer loop
      vertex  1.203315e+05 -3.834036e+03  4.260803e+03
      vertex  1.207499e+05 -3.733360e+03  4.509251e+03
      vertex  1.203595e+05 -3.876797e+03  4.497524e+03
    endloop
  endfacet
  facet normal  3.419954e-01 -9.125144e-01 -2.244030e-01
    outer loop
      vertex  1.203595e+05 -3.876797e+03  4.497524e+03
      vertex  1.207499e+05 -3.733360e+03  4.509251e+03
      vertex  1.207760e+05 -3.781800e+03  4.745995e+03
    endloop
  endfacet
  facet normal  3.460375e-01 -9.089454e-01 -2.325432e-01
    outer loop
      vertex  1.203595e+05 -3.876797e+03  4.497524e+03
      vertex  1.207760e+05 -3.781800e+03  4.745995e+03
      vertex  1.203875e+05 -3.926547e+03  4.733616e+03
    endloop
  endfacet
  facet normal  3.447288e-01 -9.035593e-01 -2.544452e-01
    outer loop
      vertex  1.203875e+05 -3.926547e+03  4.733616e+03
      vertex  1.207760e+05 -3.781800e+03  4.745995e+03
      vertex  1.208021e+05 -3.838207e+03  4.981667e+03
    endloop
  endfacet
  facet normal  3.481193e-01 -9.003055e-01 -2.612715e-01
    outer loop
      vertex  1.203875e+05 -3.926547e+03  4.733616e+03
      vertex  1.208021e+05 -3.838207e+03  4.981667e+03
      vertex  1.204155e+05 -3.983944e+03  4.968674e+03
    endloop
  endfacet
  facet normal  3.463602e-01 -8.934309e-01 -2.860342e-01
    outer loop
      vertex  1.204155e+05 -3.983944e+03  4.968674e+03
      vertex  1.208021e+05 -3.838207e+03  4.981667e+03
      vertex  1.208282e+05 -3.903065e+03  5.215847e+03
    endloop
  endfacet
  facet normal  3.491191e-01 -8.905597e-01 -2.915808e-01
    outer loop
      vertex  1.204155e+05 -3.983944e+03  4.968674e+03
      vertex  1.208282e+05 -3.903065e+03  5.215847e+03
      vertex  1.204435e+05 -4.049463e+03  5.202292e+03
    endloop
  endfacet
  facet normal  3.468716e-01 -8.821541e-01 -3.185658e-01
    outer loop
      vertex  1.204435e+05 -4.049463e+03  5.202292e+03
      vertex  1.208282e+05 -3.903065e+03  5.215847e+03
      vertex  1.208543e+05 -3.976683e+03  5.448126e+03
    endloop
  endfacet
  facet normal  3.489960e-01 -8.797650e-01 -3.228237e-01
    outer loop
      vertex  1.204435e+05 -4.049463e+03  5.202292e+03
      vertex  1.208543e+05 -3.976683e+03  5.448126e+03
      vertex  1.204714e+05 -4.123413e+03  5.434075e+03
    endloop
  endfacet
  facet normal  3.462398e-01 -8.698325e-01 -3.514389e-01
    outer loop
      vertex  1.204714e+05 -4.123413e+03  5.434075e+03
      vertex  1.208543e+05 -3.976683e+03  5.448126e+03
      vertex  1.208804e+05 -4.059211e+03  5.678113e+03
    endloop
  endfacet
  facet normal  3.477567e-01 -8.679981e-01 -3.544637e-01
    outer loop
      vertex  1.204714e+05 -4.123413e+03  5.434075e+03
      vertex  1.208804e+05 -4.059211e+03  5.678113e+03
      vertex  1.204994e+05 -4.205946e+03  5.663642e+03
    endloop
  endfacet
  facet normal  3.447002e-01 -8.573105e-01 -3.823615e-01
    outer loop
      vertex  1.204994e+05 -4.205946e+03  5.663642e+03
      vertex  1.208804e+05 -4.059211e+03  5.678113e+03
      vertex  1.210231e+05 -4.105257e+03  5.909988e+03
    endloop
  endfacet
  facet normal  3.446192e-01 -8.574441e-01 -3.821348e-01
    outer loop
      vertex  1.204994e+05 -4.205946e+03  5.663642e+03
      vertex  1.210231e+05 -4.105257e+03  5.909988e+03
      vertex  1.201494e+05 -4.441188e+03  5.875843e+03
    endloop
  endfacet
  facet normal  2.105592e-01 -8.890358e-01 -4.065468e-01
    outer loop
      vertex  1.227354e+05 -2.546691e+03  1.289784e+03
      vertex  1.224264e+05 -2.682659e+03  1.427048e+03
      vertex  1.222683e+05 -2.656845e+03  1.288746e+03
    endloop
  endfacet
  facet normal  2.179632e-01 -8.837837e-01 -4.140271e-01
    outer loop
      vertex  1.222683e+05 -2.656845e+03  1.288746e+03
      vertex  1.224264e+05 -2.682659e+03  1.427048e+03
      vertex  1.218058e+05 -2.834570e+03  1.424654e+03
    endloop
  endfacet
  facet normal  2.136556e-01 -8.801388e-01 -4.239187e-01
    outer loop
      vertex  1.222683e+05 -2.656845e+03  1.288746e+03
      vertex  1.218058e+05 -2.834570e+03  1.424654e+03
      vertex  1.218045e+05 -2.768934e+03  1.287708e+03
    endloop
  endfacet
  facet normal  2.230758e-01 -8.782019e-01 -4.230822e-01
    outer loop
      vertex  1.218045e+05 -2.768934e+03  1.287708e+03
      vertex  1.218058e+05 -2.834570e+03  1.424654e+03
      vertex  1.211909e+05 -2.989611e+03  1.422259e+03
    endloop
  endfacet
  facet normal  2.164692e-01 -8.708960e-01 -4.412271e-01
    outer loop
      vertex  1.218045e+05 -2.768934e+03  1.287708e+03
      vertex  1.211909e+05 -2.989611e+03  1.422259e+03
      vertex  1.213439e+05 -2.882903e+03  1.286670e+03
    endloop
  endfacet
  facet normal  2.269724e-01 -8.732321e-01 -4.312184e-01
    outer loop
      vertex  1.213439e+05 -2.882903e+03  1.286670e+03
      vertex  1.211909e+05 -2.989611e+03  1.422259e+03
      vertex  1.207969e+05 -3.091261e+03  1.420713e+03
    endloop
  endfacet
  facet normal  2.202487e-01 -8.664342e-01 -4.480874e-01
    outer loop
      vertex  1.213439e+05 -2.882903e+03  1.286670e+03
      vertex  1.207969e+05 -3.091261e+03  1.420713e+03
      vertex  1.208863e+05 -2.998679e+03  1.285632e+03
    endloop
  endfacet
  facet normal  2.292554e-01 -8.669716e-01 -4.424954e-01
    outer loop
      vertex  1.208863e+05 -2.998679e+03  1.285632e+03
      vertex  1.207969e+05 -3.091261e+03  1.420713e+03
      vertex  1.204051e+05 -3.194089e+03  1.419168e+03
    endloop
  endfacet
  facet normal  2.267966e-01 -8.647408e-01 -4.480922e-01
    outer loop
      vertex  1.208863e+05 -2.998679e+03  1.285632e+03
      vertex  1.204051e+05 -3.194089e+03  1.419168e+03
      vertex  1.199800e+05 -3.235303e+03  1.283556e+03
    endloop
  endfacet
  facet normal  3.548534e-01 -8.794848e-01 -3.171522e-01
    outer loop
      vertex  1.215650e+05 -3.658738e+03  5.358168e+03
      vertex  1.215762e+05 -3.696170e+03  5.474495e+03
      vertex  1.212147e+05 -3.837267e+03  5.461311e+03
    endloop
  endfacet
  facet normal  3.523226e-01 -8.705323e-01 -3.435729e-01
    outer loop
      vertex  1.212147e+05 -3.837267e+03  5.461311e+03
      vertex  1.215762e+05 -3.696170e+03  5.474495e+03
      vertex  1.215986e+05 -3.778187e+03  5.705269e+03
    endloop
  endfacet
  facet normal  3.545320e-01 -8.680087e-01 -3.476606e-01
    outer loop
      vertex  1.212147e+05 -3.837267e+03  5.461311e+03
      vertex  1.215986e+05 -3.778187e+03  5.705269e+03
      vertex  1.212390e+05 -3.919623e+03  5.691691e+03
    endloop
  endfacet
  facet normal  3.518440e-01 -8.588015e-01 -3.723785e-01
    outer loop
      vertex  1.212390e+05 -3.919623e+03  5.691691e+03
      vertex  1.215986e+05 -3.778187e+03  5.705269e+03
      vertex  1.219028e+05 -3.757133e+03  5.944133e+03
    endloop
  endfacet
  facet normal  3.533014e-01 -8.556306e-01 -3.782519e-01
    outer loop
      vertex  1.212390e+05 -3.919623e+03  5.691691e+03
      vertex  1.219028e+05 -3.757133e+03  5.944133e+03
      vertex  1.210231e+05 -4.105257e+03  5.909988e+03
    endloop
  endfacet
  facet normal  3.618755e-01 -8.587691e-01 -3.627144e-01
    outer loop
      vertex  1.221578e+05 -3.555418e+03  5.726306e+03
      vertex  1.227218e+05 -3.340513e+03  5.780242e+03
      vertex  1.221675e+05 -3.599749e+03  5.840914e+03
    endloop
  endfacet
  facet normal  3.611670e-01 -8.578988e-01 -3.654697e-01
    outer loop
      vertex  1.221675e+05 -3.599749e+03  5.840914e+03
      vertex  1.227218e+05 -3.340513e+03  5.780242e+03
      vertex  1.227884e+05 -3.396869e+03  5.978279e+03
    endloop
  endfacet
  facet normal  3.617805e-01 -8.538702e-01 -3.741932e-01
    outer loop
      vertex  1.221675e+05 -3.599749e+03  5.840914e+03
      vertex  1.227884e+05 -3.396869e+03  5.978279e+03
      vertex  1.219028e+05 -3.757133e+03  5.944133e+03
    endloop
  endfacet
  facet normal  3.719418e-01 -8.645568e-01 -3.379360e-01
    outer loop
      vertex  1.236800e+05 -2.936527e+03  5.794798e+03
      vertex  1.236800e+05 -2.979236e+03  5.904062e+03
      vertex  1.232857e+05 -3.108732e+03  5.801356e+03
    endloop
  endfacet
  facet normal  3.740845e-01 -8.558897e-01 -3.570905e-01
    outer loop
      vertex  1.232857e+05 -3.108732e+03  5.801356e+03
      vertex  1.236800e+05 -2.979236e+03  5.904062e+03
      vertex  1.236800e+05 -3.024447e+03  6.012424e+03
    endloop
  endfacet
  facet normal  3.721560e-01 -8.586811e-01 -3.523730e-01
    outer loop
      vertex  1.232857e+05 -3.108732e+03  5.801356e+03
      vertex  1.236800e+05 -3.024447e+03  6.012424e+03
      vertex  1.227884e+05 -3.396869e+03  5.978279e+03
    endloop
  endfacet
  facet normal  2.073387e-01 -9.024826e-01 -3.775390e-01
    outer loop
      vertex  1.236800e+05 -2.379118e+03  1.403675e+03
      vertex  1.230527e+05 -2.534006e+03  1.429443e+03
      vertex  1.236800e+05 -2.332342e+03  1.291861e+03
    endloop
  endfacet
  facet normal  2.016261e-01 -8.964173e-01 -3.946933e-01
    outer loop
      vertex  1.236800e+05 -2.332342e+03  1.291861e+03
      vertex  1.230527e+05 -2.534006e+03  1.429443e+03
      vertex  1.232059e+05 -2.438515e+03  1.290823e+03
    endloop
  endfacet
  facet normal  2.147875e-01 -8.989124e-01 -3.818677e-01
    outer loop
      vertex  1.230527e+05 -2.534006e+03  1.429443e+03
      vertex  1.224264e+05 -2.682659e+03  1.427048e+03
      vertex  1.232059e+05 -2.438515e+03  1.290823e+03
    endloop
  endfacet
  facet normal  2.045500e-01 -8.856981e-01 -4.167710e-01
    outer loop
      vertex  1.232059e+05 -2.438515e+03  1.290823e+03
      vertex  1.224264e+05 -2.682659e+03  1.427048e+03
      vertex  1.227354e+05 -2.546691e+03  1.289784e+03
    endloop
  endfacet
  facet normal  2.196972e-01 -9.272732e-01 -3.031459e-01
    outer loop
      vertex  1.236800e+05 -2.411318e+03  1.491107e+03
      vertex  1.236800e+05 -2.440057e+03  1.579012e+03
      vertex  1.230602e+05 -2.583242e+03  1.567784e+03
    endloop
  endfacet
  facet normal  2.213703e-01 -9.371329e-01 -2.697722e-01
    outer loop
      vertex  1.230602e+05 -2.583242e+03  1.567784e+03
      vertex  1.236800e+05 -2.440057e+03  1.579012e+03
      vertex  1.236800e+05 -2.465479e+03  1.667323e+03
    endloop
  endfacet
  facet normal  2.230333e-01 -9.317650e-01 -2.864788e-01
    outer loop
      vertex  1.230602e+05 -2.583242e+03  1.567784e+03
      vertex  1.236800e+05 -2.465479e+03  1.667323e+03
      vertex  1.230676e+05 -2.623865e+03  1.705685e+03
    endloop
  endfacet
  facet normal  2.292628e-01 -9.439675e-01 -2.374108e-01
    outer loop
      vertex  1.236800e+05 -2.465479e+03  1.667323e+03
      vertex  1.236800e+05 -2.487445e+03  1.754665e+03
      vertex  1.230676e+05 -2.623865e+03  1.705685e+03
    endloop
  endfacet
  facet normal  2.284690e-01 -9.512405e-01 -2.072282e-01
    outer loop
      vertex  1.230676e+05 -2.623865e+03  1.705685e+03
      vertex  1.236800e+05 -2.487445e+03  1.754665e+03
      vertex  1.236800e+05 -2.506533e+03  1.842285e+03
    endloop
  endfacet
  facet normal  2.337859e-01 -9.425821e-01 -2.385022e-01
    outer loop
      vertex  1.230676e+05 -2.623865e+03  1.705685e+03
      vertex  1.236800e+05 -2.506533e+03  1.842285e+03
      vertex  1.230750e+05 -2.656849e+03  1.843318e+03
    endloop
  endfacet
  facet normal  2.369787e-01 -9.550188e-01 -1.782697e-01
    outer loop
      vertex  1.230750e+05 -2.656849e+03  1.843318e+03
      vertex  1.236800e+05 -2.506533e+03  1.842285e+03
      vertex  1.236800e+05 -2.522933e+03  1.930138e+03
    endloop
  endfacet
  facet normal  2.391689e-01 -9.498339e-01 -2.015286e-01
    outer loop
      vertex  1.230750e+05 -2.656849e+03  1.843318e+03
      vertex  1.236800e+05 -2.522933e+03  1.930138e+03
      vertex  1.230800e+05 -2.675056e+03  1.934999e+03
    endloop
  endfacet
  facet normal  2.417590e-01 -9.584497e-01 -1.514158e-01
    outer loop
      vertex  1.230800e+05 -2.675056e+03  1.934999e+03
      vertex  1.236800e+05 -2.522933e+03  1.930138e+03
      vertex  1.236800e+05 -2.536842e+03  2.018183e+03
    endloop
  endfacet
  facet normal  2.439147e-01 -9.539914e-01 -1.743728e-01
    outer loop
      vertex  1.230800e+05 -2.675056e+03  1.934999e+03
      vertex  1.236800e+05 -2.536842e+03  2.018183e+03
      vertex  1.230849e+05 -2.690545e+03  2.026666e+03
    endloop
  endfacet
  facet normal  2.463885e-01 -9.609133e-01 -1.262480e-01
    outer loop
      vertex  1.230849e+05 -2.690545e+03  2.026666e+03
      vertex  1.236800e+05 -2.536842e+03  2.018183e+03
      vertex  1.236800e+05 -2.548805e+03  2.109239e+03
    endloop
  endfacet
  facet normal  2.486642e-01 -9.570048e-01 -1.493584e-01
    outer loop
      vertex  1.230849e+05 -2.690545e+03  2.026666e+03
      vertex  1.236800e+05 -2.548805e+03  2.109239e+03
      vertex  1.230899e+05 -2.703570e+03  2.118359e+03
    endloop
  endfacet
  facet normal  2.508330e-01 -9.625401e-01 -1.029525e-01
    outer loop
      vertex  1.230899e+05 -2.703570e+03  2.118359e+03
      vertex  1.236800e+05 -2.548805e+03  2.109239e+03
      vertex  1.236800e+05 -2.558560e+03  2.200440e+03
    endloop
  endfacet
  facet normal  2.532742e-01 -9.590704e-01 -1.266335e-01
    outer loop
      vertex  1.230899e+05 -2.703570e+03  2.118359e+03
      vertex  1.236800e+05 -2.558560e+03  2.200440e+03
      vertex  1.230948e+05 -2.714376e+03  2.210105e+03
    endloop
  endfacet
  facet normal  2.669784e-01 -9.477894e-01 -1.744072e-01
    outer loop
      vertex  1.218699e+05 -3.047188e+03  2.196417e+03
      vertex  1.212831e+05 -3.245608e+03  2.376508e+03
      vertex  1.212651e+05 -3.216284e+03  2.189573e+03
    endloop
  endfacet
  facet normal  2.760376e-01 -9.451071e-01 -1.748595e-01
    outer loop
      vertex  1.212651e+05 -3.216284e+03  2.189573e+03
      vertex  1.212831e+05 -3.245608e+03  2.376508e+03
      vertex  1.208875e+05 -3.343632e+03  2.281777e+03
    endloop
  endfacet
  facet normal  2.696410e-01 -9.424995e-01 -1.974545e-01
    outer loop
      vertex  1.212651e+05 -3.216284e+03  2.189573e+03
      vertex  1.208875e+05 -3.343632e+03  2.281777e+03
      vertex  1.208774e+05 -3.326291e+03  2.185156e+03
    endloop
  endfacet
  facet normal  2.756392e-01 -9.406985e-01 -1.977608e-01
    outer loop
      vertex  1.208774e+05 -3.326291e+03  2.185156e+03
      vertex  1.208875e+05 -3.343632e+03  2.281777e+03
      vertex  1.205029e+05 -3.456096e+03  2.280673e+03
    endloop
  endfacet
  facet normal  2.716959e-01 -9.389904e-01 -2.108990e-01
    outer loop
      vertex  1.208774e+05 -3.326291e+03  2.185156e+03
      vertex  1.205029e+05 -3.456096e+03  2.280673e+03
      vertex  1.204916e+05 -3.436924e+03  2.180739e+03
    endloop
  endfacet
  facet normal  2.745562e-01 -9.495382e-01 -1.516444e-01
    outer loop
      vertex  1.212831e+05 -3.245608e+03  2.376508e+03
      vertex  1.218699e+05 -3.047188e+03  2.196417e+03
      vertex  1.218846e+05 -3.071321e+03  2.374177e+03
    endloop
  endfacet
  facet normal  2.631626e-01 -9.528376e-01 -1.511489e-01
    outer loop
      vertex  1.218846e+05 -3.071321e+03  2.374177e+03
      vertex  1.218699e+05 -3.047188e+03  2.196417e+03
      vertex  1.224797e+05 -2.879851e+03  2.203261e+03
    endloop
  endfacet
  facet normal  2.707504e-01 -9.543168e-01 -1.263870e-01
    outer loop
      vertex  1.218846e+05 -3.071321e+03  2.374177e+03
      vertex  1.224797e+05 -2.879851e+03  2.203261e+03
      vertex  1.224914e+05 -2.899075e+03  2.373457e+03
    endloop
  endfacet
  facet normal  2.590240e-01 -9.576230e-01 -1.259551e-01
    outer loop
      vertex  1.224914e+05 -2.899075e+03  2.373457e+03
      vertex  1.224797e+05 -2.879851e+03  2.203261e+03
      vertex  1.230948e+05 -2.714376e+03  2.210105e+03
    endloop
  endfacet
  facet normal  2.666204e-01 -9.586927e-01 -9.910452e-02
    outer loop
      vertex  1.224914e+05 -2.899075e+03  2.373457e+03
      vertex  1.230948e+05 -2.714376e+03  2.210105e+03
      vertex  1.231037e+05 -2.728928e+03  2.374727e+03
    endloop
  endfacet
  facet normal  2.569925e-01 -9.613478e-01 -9.882060e-02
    outer loop
      vertex  1.231037e+05 -2.728928e+03  2.374727e+03
      vertex  1.230948e+05 -2.714376e+03  2.210105e+03
      vertex  1.236800e+05 -2.566333e+03  2.291766e+03
    endloop
  endfacet
  facet normal  2.625225e-01 -9.628448e-01 -6.333850e-02
    outer loop
      vertex  1.231037e+05 -2.728928e+03  2.374727e+03
      vertex  1.236800e+05 -2.566333e+03  2.291766e+03
      vertex  1.236800e+05 -2.572348e+03  2.383198e+03
    endloop
  endfacet
  facet normal  2.749246e-01 -9.507000e-01 -1.434775e-01
    outer loop
      vertex  1.218846e+05 -3.071321e+03  2.374177e+03
      vertex  1.213011e+05 -3.268709e+03  2.564079e+03
      vertex  1.212831e+05 -3.245608e+03  2.376508e+03
    endloop
  endfacet
  facet normal  2.851411e-01 -9.475952e-01 -1.440759e-01
    outer loop
      vertex  1.212831e+05 -3.245608e+03  2.376508e+03
      vertex  1.213011e+05 -3.268709e+03  2.564079e+03
      vertex  1.209179e+05 -3.385333e+03  2.572680e+03
    endloop
  endfacet
  facet normal  2.781397e-01 -9.476036e-01 -1.571168e-01
    outer loop
      vertex  1.212831e+05 -3.245608e+03  2.376508e+03
      vertex  1.209179e+05 -3.385333e+03  2.572680e+03
      vertex  1.208976e+05 -3.359098e+03  2.378561e+03
    endloop
  endfacet
  facet normal  2.872747e-01 -9.447791e-01 -1.576890e-01
    outer loop
      vertex  1.208976e+05 -3.359098e+03  2.378561e+03
      vertex  1.209179e+05 -3.385333e+03  2.572680e+03
      vertex  1.205368e+05 -3.502706e+03  2.581641e+03
    endloop
  endfacet
  facet normal  2.803444e-01 -9.447314e-01 -1.699689e-01
    outer loop
      vertex  1.208976e+05 -3.359098e+03  2.378561e+03
      vertex  1.205368e+05 -3.502706e+03  2.581641e+03
      vertex  1.205142e+05 -3.473282e+03  2.380791e+03
    endloop
  endfacet
  facet normal  2.823862e-01 -9.515797e-01 -1.214662e-01
    outer loop
      vertex  1.213011e+05 -3.268709e+03  2.564079e+03
      vertex  1.218846e+05 -3.071321e+03  2.374177e+03
      vertex  1.218993e+05 -3.089712e+03  2.552472e+03
    endloop
  endfacet
  facet normal  2.709441e-01 -9.549761e-01 -1.208720e-01
    outer loop
      vertex  1.218993e+05 -3.089712e+03  2.552472e+03
      vertex  1.218846e+05 -3.071321e+03  2.374177e+03
      vertex  1.224914e+05 -2.899075e+03  2.373457e+03
    endloop
  endfacet
  facet normal  2.784441e-01 -9.555719e-01 -9.670159e-02
    outer loop
      vertex  1.218993e+05 -3.089712e+03  2.552472e+03
      vertex  1.224914e+05 -2.899075e+03  2.373457e+03
      vertex  1.225031e+05 -2.912941e+03  2.544104e+03
    endloop
  endfacet
  facet normal  2.666917e-01 -9.589714e-01 -9.617344e-02
    outer loop
      vertex  1.225031e+05 -2.912941e+03  2.544104e+03
      vertex  1.224914e+05 -2.899075e+03  2.373457e+03
      vertex  1.231037e+05 -2.728928e+03  2.374727e+03
    endloop
  endfacet
  facet normal  2.741982e-01 -9.591410e-01 -6.974051e-02
    outer loop
      vertex  1.225031e+05 -2.912941e+03  2.544104e+03
      vertex  1.231037e+05 -2.728928e+03  2.374727e+03
      vertex  1.231125e+05 -2.738391e+03  2.539737e+03
    endloop
  endfacet
  facet normal  2.625001e-01 -9.624401e-01 -6.930108e-02
    outer loop
      vertex  1.231125e+05 -2.738391e+03  2.539737e+03
      vertex  1.231037e+05 -2.728928e+03  2.374727e+03
      vertex  1.236800e+05 -2.572348e+03  2.383198e+03
    endloop
  endfacet
  facet normal  2.695645e-01 -9.620113e-01 -4.323738e-02
    outer loop
      vertex  1.231125e+05 -2.738391e+03  2.539737e+03
      vertex  1.236800e+05 -2.572348e+03  2.383198e+03
      vertex  1.236800e+05 -2.578641e+03  2.523219e+03
    endloop
  endfacet
  facet normal  2.895672e-01 -9.510523e-01 -1.079377e-01
    outer loop
      vertex  1.219146e+05 -3.104287e+03  2.738553e+03
      vertex  1.213296e+05 -3.296433e+03  2.862139e+03
      vertex  1.213182e+05 -3.286344e+03  2.742685e+03
    endloop
  endfacet
  facet normal  2.969232e-01 -9.487239e-01 -1.084425e-01
    outer loop
      vertex  1.213182e+05 -3.286344e+03  2.742685e+03
      vertex  1.213296e+05 -3.296433e+03  2.862139e+03
      vertex  1.209480e+05 -3.415868e+03  2.862072e+03
    endloop
  endfacet
  facet normal  2.922668e-01 -9.484478e-01 -1.225838e-01
    outer loop
      vertex  1.213182e+05 -3.286344e+03  2.742685e+03
      vertex  1.209480e+05 -3.415868e+03  2.862072e+03
      vertex  1.209360e+05 -3.404583e+03  2.746094e+03
    endloop
  endfacet
  facet normal  2.984543e-01 -9.464609e-01 -1.230320e-01
    outer loop
      vertex  1.209360e+05 -3.404583e+03  2.746094e+03
      vertex  1.209480e+05 -3.415868e+03  2.862072e+03
      vertex  1.205682e+05 -3.535627e+03  2.862166e+03
    endloop
  endfacet
  facet normal  2.940601e-01 -9.459994e-01 -1.364321e-01
    outer loop
      vertex  1.209360e+05 -3.404583e+03  2.746094e+03
      vertex  1.205682e+05 -3.535627e+03  2.862166e+03
      vertex  1.205557e+05 -3.523318e+03  2.749745e+03
    endloop
  endfacet
  facet normal  2.948101e-01 -9.518279e-01 -8.432506e-02
    outer loop
      vertex  1.213296e+05 -3.296433e+03  2.862139e+03
      vertex  1.219146e+05 -3.104287e+03  2.738553e+03
      vertex  1.219248e+05 -3.112153e+03  2.863012e+03
    endloop
  endfacet
  facet normal  2.862073e-01 -9.544971e-01 -8.378850e-02
    outer loop
      vertex  1.219248e+05 -3.112153e+03  2.863012e+03
      vertex  1.219146e+05 -3.104287e+03  2.738553e+03
      vertex  1.225162e+05 -2.923733e+03  2.736591e+03
    endloop
  endfacet
  facet normal  2.917386e-01 -9.547228e-01 -5.825043e-02
    outer loop
      vertex  1.219248e+05 -3.112153e+03  2.863012e+03
      vertex  1.225162e+05 -2.923733e+03  2.736591e+03
      vertex  1.225250e+05 -2.928912e+03  2.865336e+03
    endloop
  endfacet
  facet normal  2.825493e-01 -9.575136e-01 -5.773760e-02
    outer loop
      vertex  1.225250e+05 -2.928912e+03  2.865336e+03
      vertex  1.225162e+05 -2.923733e+03  2.736591e+03
      vertex  1.231231e+05 -2.744686e+03  2.737307e+03
    endloop
  endfacet
  facet normal  2.883008e-01 -9.570630e-01 -3.021807e-02
    outer loop
      vertex  1.225250e+05 -2.928912e+03  2.865336e+03
      vertex  1.231231e+05 -2.744686e+03  2.737307e+03
      vertex  1.231302e+05 -2.746733e+03  2.869450e+03
    endloop
  endfacet
  facet normal  2.813917e-01 -9.591276e-01 -2.988120e-02
    outer loop
      vertex  1.231302e+05 -2.746733e+03  2.869450e+03
      vertex  1.231231e+05 -2.744686e+03  2.737307e+03
      vertex  1.236800e+05 -2.583380e+03  2.803871e+03
    endloop
  endfacet
  facet normal  2.849115e-01 -9.585533e-01  1.060279e-03
    outer loop
      vertex  1.231302e+05 -2.746733e+03  2.869450e+03
      vertex  1.236800e+05 -2.583380e+03  2.803871e+03
      vertex  1.236800e+05 -2.583233e+03  2.937184e+03
    endloop
  endfacet
  facet normal  3.038346e-01 -9.480085e-01 -9.468108e-02
    outer loop
      vertex  1.219453e+05 -3.125267e+03  3.112921e+03
      vertex  1.213866e+05 -3.339368e+03  3.463870e+03
      vertex  1.213524e+05 -3.314176e+03  3.101973e+03
    endloop
  endfacet
  facet normal  3.142573e-01 -9.445300e-01 -9.542310e-02
    outer loop
      vertex  1.213524e+05 -3.314176e+03  3.101973e+03
      vertex  1.213866e+05 -3.339368e+03  3.463870e+03
      vertex  1.209991e+05 -3.457615e+03  3.358166e+03
    endloop
  endfacet
  facet normal  3.053231e-01 -9.460372e-01 -1.085885e-01
    outer loop
      vertex  1.213524e+05 -3.314176e+03  3.101973e+03
      vertex  1.209991e+05 -3.457615e+03  3.358166e+03
      vertex  1.209720e+05 -3.436129e+03  3.094908e+03
    endloop
  endfacet
  facet normal  3.149704e-01 -9.427853e-01 -1.093145e-01
    outer loop
      vertex  1.209720e+05 -3.436129e+03  3.094908e+03
      vertex  1.209991e+05 -3.457615e+03  3.358166e+03
      vertex  1.206217e+05 -3.581947e+03  3.342973e+03
    endloop
  endfacet
  facet normal  3.062849e-01 -9.440479e-01 -1.223244e-01
    outer loop
      vertex  1.209720e+05 -3.436129e+03  3.094908e+03
      vertex  1.206217e+05 -3.581947e+03  3.342973e+03
      vertex  1.205934e+05 -3.558062e+03  3.087842e+03
    endloop
  endfacet
  facet normal  3.170641e-01 -9.456531e-01 -7.218438e-02
    outer loop
      vertex  1.213866e+05 -3.339368e+03  3.463870e+03
      vertex  1.219453e+05 -3.125267e+03  3.112921e+03
      vertex  1.219759e+05 -3.143792e+03  3.490090e+03
    endloop
  endfacet
  facet normal  3.017904e-01 -9.507125e-01 -7.119302e-02
    outer loop
      vertex  1.219759e+05 -3.143792e+03  3.490090e+03
      vertex  1.219453e+05 -3.125267e+03  3.112921e+03
      vertex  1.225425e+05 -2.936503e+03  3.123868e+03
    endloop
  endfacet
  facet normal  3.170512e-01 -9.473089e-01 -4.565497e-02
    outer loop
      vertex  1.219759e+05 -3.143792e+03  3.490090e+03
      vertex  1.225425e+05 -2.936503e+03  3.123868e+03
      vertex  1.225600e+05 -2.943165e+03  3.383735e+03
    endloop
  endfacet
  facet normal  2.994096e-01 -9.530810e-01 -4.461385e-02
    outer loop
      vertex  1.225600e+05 -2.943165e+03  3.383735e+03
      vertex  1.225425e+05 -2.936503e+03  3.123868e+03
      vertex  1.231443e+05 -2.747961e+03  3.134816e+03
    endloop
  endfacet
  facet normal  3.099102e-01 -9.505950e-01 -1.801643e-02
    outer loop
      vertex  1.225600e+05 -2.943165e+03  3.383735e+03
      vertex  1.231443e+05 -2.747961e+03  3.134816e+03
      vertex  1.231584e+05 -2.748415e+03  3.401574e+03
    endloop
  endfacet
  facet normal  2.995566e-01 -9.539186e-01 -1.747415e-02
    outer loop
      vertex  1.231584e+05 -2.748415e+03  3.401574e+03
      vertex  1.231443e+05 -2.747961e+03  3.134816e+03
      vertex  1.236800e+05 -2.581004e+03  3.204328e+03
    endloop
  endfacet
  facet normal  3.079471e-01 -9.513787e-01  6.869641e-03
    outer loop
      vertex  1.231584e+05 -2.748415e+03  3.401574e+03
      vertex  1.236800e+05 -2.581004e+03  3.204328e+03
      vertex  1.236800e+05 -2.579354e+03  3.432857e+03
    endloop
  endfacet
  facet normal  3.300672e-01 -9.412457e-01 -7.149979e-02
    outer loop
      vertex  1.220069e+05 -3.168706e+03  3.873968e+03
      vertex  1.225819e+05 -2.954612e+03  3.710142e+03
      vertex  1.225944e+05 -2.964414e+03  3.896810e+03
    endloop
  endfacet
  facet normal  3.237078e-01 -9.434749e-01 -7.119154e-02
    outer loop
      vertex  1.225944e+05 -2.964414e+03  3.896810e+03
      vertex  1.225819e+05 -2.954612e+03  3.710142e+03
      vertex  1.231760e+05 -2.752762e+03  3.736664e+03
    endloop
  endfacet
  facet normal  3.299623e-01 -9.427944e-01 -4.757573e-02
    outer loop
      vertex  1.225944e+05 -2.964414e+03  3.896810e+03
      vertex  1.231760e+05 -2.752762e+03  3.736664e+03
      vertex  1.231855e+05 -2.758568e+03  3.917605e+03
    endloop
  endfacet
  facet normal  3.210675e-01 -9.458791e-01 -4.720770e-02
    outer loop
      vertex  1.231855e+05 -2.758568e+03  3.917605e+03
      vertex  1.231760e+05 -2.752762e+03  3.736664e+03
      vertex  1.236800e+05 -2.580818e+03  3.719079e+03
    endloop
  endfacet
  facet normal  3.295279e-01 -9.438330e-01 -2.430314e-02
    outer loop
      vertex  1.231855e+05 -2.758568e+03  3.917605e+03
      vertex  1.236800e+05 -2.580818e+03  3.719079e+03
      vertex  1.236800e+05 -2.586388e+03  3.935397e+03
    endloop
  endfacet
  facet normal  3.239682e-01 -9.414665e-01 -9.319589e-02
    outer loop
      vertex  1.225819e+05 -2.954612e+03  3.710142e+03
      vertex  1.220069e+05 -3.168706e+03  3.873968e+03
      vertex  1.219912e+05 -3.154854e+03  3.679533e+03
    endloop
  endfacet
  facet normal  3.298544e-01 -9.393880e-01 -9.352249e-02
    outer loop
      vertex  1.219912e+05 -3.154854e+03  3.679533e+03
      vertex  1.220069e+05 -3.168706e+03  3.873968e+03
      vertex  1.214228e+05 -3.371353e+03  3.849469e+03
    endloop
  endfacet
  facet normal  3.238711e-01 -9.392807e-01 -1.133981e-01
    outer loop
      vertex  1.219912e+05 -3.154854e+03  3.679533e+03
      vertex  1.214228e+05 -3.371353e+03  3.849469e+03
      vertex  1.214037e+05 -3.353334e+03  3.645621e+03
    endloop
  endfacet
  facet normal  3.294859e-01 -9.372836e-01 -1.137481e-01
    outer loop
      vertex  1.214037e+05 -3.353334e+03  3.645621e+03
      vertex  1.214228e+05 -3.371353e+03  3.849469e+03
      vertex  1.210476e+05 -3.501250e+03  3.833090e+03
    endloop
  endfacet
  facet normal  3.235089e-01 -9.378583e-01 -1.255534e-01
    outer loop
      vertex  1.214037e+05 -3.353334e+03  3.645621e+03
      vertex  1.210476e+05 -3.501250e+03  3.833090e+03
      vertex  1.210261e+05 -3.480478e+03  3.622604e+03
    endloop
  endfacet
  facet normal  3.290590e-01 -9.358757e-01 -1.259238e-01
    outer loop
      vertex  1.210261e+05 -3.480478e+03  3.622604e+03
      vertex  1.210476e+05 -3.501250e+03  3.833090e+03
      vertex  1.206738e+05 -3.630443e+03  3.816528e+03
    endloop
  endfacet
  facet normal  3.231342e-01 -9.363735e-01 -1.370725e-01
    outer loop
      vertex  1.210261e+05 -3.480478e+03  3.622604e+03
      vertex  1.206738e+05 -3.630443e+03  3.816528e+03
      vertex  1.206499e+05 -3.606882e+03  3.599224e+03
    endloop
  endfacet
  facet normal  3.298771e-01 -9.351358e-01 -1.292365e-01
    outer loop
      vertex  1.220069e+05 -3.168706e+03  3.873968e+03
      vertex  1.214419e+05 -3.392822e+03  4.053612e+03
      vertex  1.214228e+05 -3.371353e+03  3.849469e+03
    endloop
  endfacet
  facet normal  3.354659e-01 -9.331025e-01 -1.295461e-01
    outer loop
      vertex  1.214228e+05 -3.371353e+03  3.849469e+03
      vertex  1.214419e+05 -3.392822e+03  4.053612e+03
      vertex  1.210691e+05 -3.525509e+03  4.043902e+03
    endloop
  endfacet
  facet normal  3.294013e-01 -9.336060e-01 -1.409777e-01
    outer loop
      vertex  1.214228e+05 -3.371353e+03  3.849469e+03
      vertex  1.210691e+05 -3.525509e+03  4.043902e+03
      vertex  1.210476e+05 -3.501250e+03  3.833090e+03
    endloop
  endfacet
  facet normal  3.348635e-01 -9.316112e-01 -1.413044e-01
    outer loop
      vertex  1.210476e+05 -3.501250e+03  3.833090e+03
      vertex  1.210691e+05 -3.525509e+03  4.043902e+03
      vertex  1.206978e+05 -3.657511e+03  4.034191e+03
    endloop
  endfacet
  facet normal  3.288932e-01 -9.320491e-01 -1.520315e-01
    outer loop
      vertex  1.210476e+05 -3.501250e+03  3.833090e+03
      vertex  1.206978e+05 -3.657511e+03  4.034191e+03
      vertex  1.206738e+05 -3.630443e+03  3.816528e+03
    endloop
  endfacet
  facet normal  3.361280e-01 -9.353837e-01 -1.098880e-01
    outer loop
      vertex  1.214419e+05 -3.392822e+03  4.053612e+03
      vertex  1.220069e+05 -3.168706e+03  3.873968e+03
      vertex  1.220225e+05 -3.185946e+03  4.068657e+03
    endloop
  endfacet
  facet normal  3.302492e-01 -9.375086e-01 -1.096030e-01
    outer loop
      vertex  1.220225e+05 -3.185946e+03  4.068657e+03
      vertex  1.220069e+05 -3.168706e+03  3.873968e+03
      vertex  1.225944e+05 -2.964414e+03  3.896810e+03
    endloop
  endfacet
  facet normal  3.366059e-01 -9.374852e-01 -8.841927e-02
    outer loop
      vertex  1.220225e+05 -3.185946e+03  4.068657e+03
      vertex  1.225944e+05 -2.964414e+03  3.896810e+03
      vertex  1.226069e+05 -2.977561e+03  4.083701e+03
    endloop
  endfacet
  facet normal  3.303265e-01 -9.397406e-01 -8.815873e-02
    outer loop
      vertex  1.226069e+05 -2.977561e+03  4.083701e+03
      vertex  1.225944e+05 -2.964414e+03  3.896810e+03
      vertex  1.231855e+05 -2.758568e+03  3.917605e+03
    endloop
  endfacet
  facet normal  3.367936e-01 -9.393266e-01 -6.508133e-02
    outer loop
      vertex  1.226069e+05 -2.977561e+03  4.083701e+03
      vertex  1.231855e+05 -2.758568e+03  3.917605e+03
      vertex  1.231950e+05 -2.767715e+03  4.098746e+03
    endloop
  endfacet
  facet normal  3.302334e-01 -9.416685e-01 -6.485581e-02
    outer loop
      vertex  1.231950e+05 -2.767715e+03  4.098746e+03
      vertex  1.231855e+05 -2.758568e+03  3.917605e+03
      vertex  1.236800e+05 -2.586388e+03  3.935397e+03
    endloop
  endfacet
  facet normal  3.359768e-01 -9.407098e-01 -4.673984e-02
    outer loop
      vertex  1.231950e+05 -2.767715e+03  4.098746e+03
      vertex  1.236800e+05 -2.586388e+03  3.935397e+03
      vertex  1.236800e+05 -2.597137e+03  4.151737e+03
    endloop
  endfacet
  facet normal  3.554042e-01 -9.232734e-01 -1.457875e-01
    outer loop
      vertex  1.232258e+05 -2.827036e+03  4.684937e+03
      vertex  1.232204e+05 -2.812919e+03  4.582396e+03
      vertex  1.236800e+05 -2.649594e+03  4.668487e+03
    endloop
  endfacet
  facet normal  3.534877e-01 -9.264198e-01 -1.295874e-01
    outer loop
      vertex  1.236800e+05 -2.649594e+03  4.668487e+03
      vertex  1.232204e+05 -2.812919e+03  4.582396e+03
      vertex  1.232141e+05 -2.798512e+03  4.462158e+03
    endloop
  endfacet
  facet normal  3.508192e-01 -9.284495e-01 -1.220963e-01
    outer loop
      vertex  1.236800e+05 -2.649594e+03  4.668487e+03
      vertex  1.232141e+05 -2.798512e+03  4.462158e+03
      vertex  1.236800e+05 -2.631466e+03  4.530630e+03
    endloop
  endfacet
  facet normal  3.499879e-01 -9.299365e-01 -1.128122e-01
    outer loop
      vertex  1.236800e+05 -2.631466e+03  4.530630e+03
      vertex  1.232141e+05 -2.798512e+03  4.462158e+03
      vertex  1.232078e+05 -2.786284e+03  4.341774e+03
    endloop
  endfacet
  facet normal  3.451375e-01 -9.334415e-01 -9.781064e-02
    outer loop
      vertex  1.236800e+05 -2.631466e+03  4.530630e+03
      vertex  1.232078e+05 -2.786284e+03  4.341774e+03
      vertex  1.236800e+05 -2.611634e+03  4.341369e+03
    endloop
  endfacet
  facet normal  3.451691e-01 -9.335247e-01 -9.690168e-02
    outer loop
      vertex  1.236800e+05 -2.611634e+03  4.341369e+03
      vertex  1.232078e+05 -2.786284e+03  4.341774e+03
      vertex  1.232014e+05 -2.776029e+03  4.220278e+03
    endloop
  endfacet
  facet normal  3.401935e-01 -9.376198e-01 -7.167614e-02
    outer loop
      vertex  1.236800e+05 -2.611634e+03  4.341369e+03
      vertex  1.232014e+05 -2.776029e+03  4.220278e+03
      vertex  1.236800e+05 -2.597137e+03  4.151737e+03
    endloop
  endfacet
  facet normal  3.660360e-01 -9.044338e-01 -2.191283e-01
    outer loop
      vertex  1.232530e+05 -2.925740e+03  5.198784e+03
      vertex  1.232421e+05 -2.880634e+03  4.994445e+03
      vertex  1.236800e+05 -2.723972e+03  5.079234e+03
    endloop
  endfacet
  facet normal  3.635568e-01 -9.111757e-01 -1.938693e-01
    outer loop
      vertex  1.236800e+05 -2.723972e+03  5.079234e+03
      vertex  1.232421e+05 -2.880634e+03  4.994445e+03
      vertex  1.232367e+05 -2.860813e+03  4.891004e+03
    endloop
  endfacet
  facet normal  3.620113e-01 -9.128030e-01 -1.890461e-01
    outer loop
      vertex  1.236800e+05 -2.723972e+03  5.079234e+03
      vertex  1.232367e+05 -2.860813e+03  4.891004e+03
      vertex  1.236800e+05 -2.695734e+03  4.942886e+03
    endloop
  endfacet
  facet normal  3.615775e-01 -9.153273e-01 -1.773073e-01
    outer loop
      vertex  1.236800e+05 -2.695734e+03  4.942886e+03
      vertex  1.232367e+05 -2.860813e+03  4.891004e+03
      vertex  1.232312e+05 -2.842886e+03  4.787291e+03
    endloop
  endfacet
  facet normal  3.587356e-01 -9.185487e-01 -1.660633e-01
    outer loop
      vertex  1.236800e+05 -2.695734e+03  4.942886e+03
      vertex  1.232312e+05 -2.842886e+03  4.787291e+03
      vertex  1.236800e+05 -2.670975e+03  4.805938e+03
    endloop
  endfacet
  facet normal  3.588462e-01 -9.193546e-01 -1.612961e-01
    outer loop
      vertex  1.236800e+05 -2.670975e+03  4.805938e+03
      vertex  1.232312e+05 -2.842886e+03  4.787291e+03
      vertex  1.232258e+05 -2.827036e+03  4.684937e+03
    endloop
  endfacet
  facet normal  3.555846e-01 -9.235379e-01 -1.436574e-01
    outer loop
      vertex  1.236800e+05 -2.670975e+03  4.805938e+03
      vertex  1.232258e+05 -2.827036e+03  4.684937e+03
      vertex  1.236800e+05 -2.649594e+03  4.668487e+03
    endloop
  endfacet
  facet normal  3.683294e-01 -9.051623e-01 -2.121666e-01
    outer loop
      vertex  1.236800e+05 -2.723972e+03  5.079234e+03
      vertex  1.236800e+05 -2.755767e+03  5.214879e+03
      vertex  1.232530e+05 -2.925740e+03  5.198784e+03
    endloop
  endfacet
  facet normal  3.670619e-01 -8.996992e-01 -2.362348e-01
    outer loop
      vertex  1.232530e+05 -2.925740e+03  5.198784e+03
      vertex  1.236800e+05 -2.755767e+03  5.214879e+03
      vertex  1.236800e+05 -2.791172e+03  5.349720e+03
    endloop
  endfacet
  facet normal  3.710958e-01 -8.933870e-01 -2.532738e-01
    outer loop
      vertex  1.232530e+05 -2.925740e+03  5.198784e+03
      vertex  1.236800e+05 -2.791172e+03  5.349720e+03
      vertex  1.232639e+05 -2.978713e+03  5.401583e+03
    endloop
  endfacet
  facet normal  3.700723e-01 -8.924404e-01 -2.580630e-01
    outer loop
      vertex  1.236800e+05 -2.791172e+03  5.349720e+03
      vertex  1.236800e+05 -2.823665e+03  5.462086e+03
      vertex  1.232639e+05 -2.978713e+03  5.401583e+03
    endloop
  endfacet
  facet normal  3.706487e-01 -8.861268e-01 -2.782068e-01
    outer loop
      vertex  1.232639e+05 -2.978713e+03  5.401583e+03
      vertex  1.236800e+05 -2.823665e+03  5.462086e+03
      vertex  1.236800e+05 -2.858725e+03  5.573758e+03
    endloop
  endfacet
  facet normal  3.734099e-01 -8.818810e-01 -2.878386e-01
    outer loop
      vertex  1.232639e+05 -2.978713e+03  5.401583e+03
      vertex  1.236800e+05 -2.858725e+03  5.573758e+03
      vertex  1.232748e+05 -3.039694e+03  5.602537e+03
    endloop
  endfacet
  facet normal  3.714885e-01 -8.792328e-01 -2.982381e-01
    outer loop
      vertex  1.236800e+05 -2.858725e+03  5.573758e+03
      vertex  1.236800e+05 -2.896350e+03  5.684680e+03
      vertex  1.232748e+05 -3.039694e+03  5.602537e+03
    endloop
  endfacet
  facet normal  3.728348e-01 -8.716897e-01 -3.180429e-01
    outer loop
      vertex  1.232748e+05 -3.039694e+03  5.602537e+03
      vertex  1.236800e+05 -2.896350e+03  5.684680e+03
      vertex  1.236800e+05 -2.936527e+03  5.794798e+03
    endloop
  endfacet
  facet normal  3.743332e-01 -8.694413e-01 -3.224074e-01
    outer loop
      vertex  1.232748e+05 -3.039694e+03  5.602537e+03
      vertex  1.236800e+05 -2.936527e+03  5.794798e+03
      vertex  1.232857e+05 -3.108732e+03  5.801356e+03
    endloop
  endfacet
  facet normal  2.432913e-01 -8.994114e-01 -3.631368e-01
    outer loop
      vertex  1.199800e+05 -3.440532e+03  1.716288e+03
      vertex  1.199800e+05 -3.403527e+03  1.624633e+03
      vertex  1.200225e+05 -3.416384e+03  1.684956e+03
    endloop
  endfacet
  facet normal  2.806425e-01 -8.791516e-01 -3.851394e-01
    outer loop
      vertex  1.200225e+05 -3.416384e+03  1.684956e+03
      vertex  1.199800e+05 -3.403527e+03  1.624633e+03
      vertex  1.199800e+05 -3.365770e+03  1.538446e+03
    endloop
  endfacet
  facet normal  2.322256e-01 -8.965807e-01 -3.771130e-01
    outer loop
      vertex  1.200225e+05 -3.416384e+03  1.684956e+03
      vertex  1.199800e+05 -3.365770e+03  1.538446e+03
      vertex  1.200061e+05 -3.364400e+03  1.551281e+03
    endloop
  endfacet
  facet normal  2.494883e-01 -8.751619e-01 -4.145448e-01
    outer loop
      vertex  1.200061e+05 -3.364400e+03  1.551281e+03
      vertex  1.199800e+05 -3.365770e+03  1.538446e+03
      vertex  1.199800e+05 -3.325217e+03  1.452832e+03
    endloop
  endfacet
  facet normal  2.820197e-01 -8.633340e-01 -4.184725e-01
    outer loop
      vertex  1.200061e+05 -3.364400e+03  1.551281e+03
      vertex  1.199800e+05 -3.325217e+03  1.452832e+03
      vertex  1.199898e+05 -3.304910e+03  1.417520e+03
    endloop
  endfacet
  facet normal  2.730710e-01 -9.302399e-01 -2.451243e-01
    outer loop
      vertex  1.199800e+05 -3.588552e+03  2.187352e+03
      vertex  1.199800e+05 -3.563052e+03  2.090579e+03
      vertex  1.200825e+05 -3.555471e+03  2.176031e+03
    endloop
  endfacet
  facet normal  2.882339e-01 -9.203935e-01 -2.641914e-01
    outer loop
      vertex  1.200825e+05 -3.555471e+03  2.176031e+03
      vertex  1.199800e+05 -3.563052e+03  2.090579e+03
      vertex  1.199800e+05 -3.535375e+03  1.994158e+03
    endloop
  endfacet
  facet normal  2.673752e-01 -9.296615e-01 -2.534563e-01
    outer loop
      vertex  1.200825e+05 -3.555471e+03  2.176031e+03
      vertex  1.199800e+05 -3.535375e+03  1.994158e+03
      vertex  1.200607e+05 -3.512977e+03  1.997137e+03
    endloop
  endfacet
  facet normal  2.659691e-01 -9.200354e-01 -2.877419e-01
    outer loop
      vertex  1.200607e+05 -3.512977e+03  1.997137e+03
      vertex  1.199800e+05 -3.535375e+03  1.994158e+03
      vertex  1.199800e+05 -3.506272e+03  1.901104e+03
    endloop
  endfacet
  facet normal  2.619623e-01 -9.221830e-01 -2.845246e-01
    outer loop
      vertex  1.200607e+05 -3.512977e+03  1.997137e+03
      vertex  1.199800e+05 -3.506272e+03  1.901104e+03
      vertex  1.200498e+05 -3.488531e+03  1.907856e+03
    endloop
  endfacet
  facet normal  2.623158e-01 -9.134582e-01 -3.111021e-01
    outer loop
      vertex  1.200498e+05 -3.488531e+03  1.907856e+03
      vertex  1.199800e+05 -3.506272e+03  1.901104e+03
      vertex  1.199800e+05 -3.474721e+03  1.808464e+03
    endloop
  endfacet
  facet normal  2.563074e-01 -9.164465e-01 -3.072985e-01
    outer loop
      vertex  1.200498e+05 -3.488531e+03  1.907856e+03
      vertex  1.199800e+05 -3.474721e+03  1.808464e+03
      vertex  1.200389e+05 -3.461674e+03  1.818657e+03
    endloop
  endfacet
  facet normal  2.588623e-01 -9.056253e-01 -3.359064e-01
    outer loop
      vertex  1.200389e+05 -3.461674e+03  1.818657e+03
      vertex  1.199800e+05 -3.474721e+03  1.808464e+03
      vertex  1.199800e+05 -3.440532e+03  1.716288e+03
    endloop
  endfacet
  facet normal  2.638249e-01 -9.033061e-01 -3.382815e-01
    outer loop
      vertex  1.200389e+05 -3.461674e+03  1.818657e+03
      vertex  1.199800e+05 -3.440532e+03  1.716288e+03
      vertex  1.200225e+05 -3.416384e+03  1.684956e+03
    endloop
  endfacet
  facet normal  2.766642e-01 -9.343518e-01 -2.245967e-01
    outer loop
      vertex  1.200825e+05 -3.555471e+03  2.176031e+03
      vertex  1.200951e+05 -3.576608e+03  2.279468e+03
      vertex  1.199800e+05 -3.588552e+03  2.187352e+03
    endloop
  endfacet
  facet normal  2.618861e-01 -9.430757e-01 -2.049974e-01
    outer loop
      vertex  1.199800e+05 -3.588552e+03  2.187352e+03
      vertex  1.200951e+05 -3.576608e+03  2.279468e+03
      vertex  1.201077e+05 -3.595641e+03  2.383113e+03
    endloop
  endfacet
  facet normal  2.821971e-01 -9.342759e-01 -2.179293e-01
    outer loop
      vertex  1.199800e+05 -3.588552e+03  2.187352e+03
      vertex  1.201077e+05 -3.595641e+03  2.383113e+03
      vertex  1.199800e+05 -3.633909e+03  2.381797e+03
    endloop
  endfacet
  facet normal  2.839178e-01 -9.412184e-01 -1.830260e-01
    outer loop
      vertex  1.199800e+05 -3.633909e+03  2.381797e+03
      vertex  1.201077e+05 -3.595641e+03  2.383113e+03
      vertex  1.201329e+05 -3.628487e+03  2.591088e+03
    endloop
  endfacet
  facet normal  2.905862e-01 -9.382030e-01 -1.879755e-01
    outer loop
      vertex  1.199800e+05 -3.633909e+03  2.381797e+03
      vertex  1.201329e+05 -3.628487e+03  2.591088e+03
      vertex  1.199800e+05 -3.674986e+03  2.586820e+03
    endloop
  endfacet
  facet normal  2.912719e-01 -9.428630e-01 -1.617713e-01
    outer loop
      vertex  1.199800e+05 -3.674986e+03  2.586820e+03
      vertex  1.201329e+05 -3.628487e+03  2.591088e+03
      vertex  1.201525e+05 -3.650312e+03  2.753567e+03
    endloop
  endfacet
  facet normal  2.950477e-01 -9.409593e-01 -1.659587e-01
    outer loop
      vertex  1.199800e+05 -3.674986e+03  2.586820e+03
      vertex  1.201525e+05 -3.650312e+03  2.753567e+03
      vertex  1.199800e+05 -3.711301e+03  2.792715e+03
    endloop
  endfacet
  facet normal  2.989876e-01 -9.422873e-01 -1.506688e-01
    outer loop
      vertex  1.199800e+05 -3.711301e+03  2.792715e+03
      vertex  1.201525e+05 -3.650312e+03  2.753567e+03
      vertex  1.201655e+05 -3.663542e+03  2.862219e+03
    endloop
  endfacet
  facet normal  2.997241e-01 -9.416677e-01 -1.530607e-01
    outer loop
      vertex  1.199800e+05 -3.711301e+03  2.792715e+03
      vertex  1.201655e+05 -3.663542e+03  2.862219e+03
      vertex  1.199800e+05 -3.736723e+03  2.949123e+03
    endloop
  endfacet
  facet normal  3.137359e-01 -9.396100e-01 -1.367582e-01
    outer loop
      vertex  1.201917e+05 -3.687951e+03  3.080311e+03
      vertex  1.202210e+05 -3.714021e+03  3.326835e+03
      vertex  1.199800e+05 -3.785194e+03  3.262846e+03
    endloop
  endfacet
  facet normal  3.141845e-01 -9.391345e-01 -1.389766e-01
    outer loop
      vertex  1.199800e+05 -3.785194e+03  3.262846e+03
      vertex  1.202210e+05 -3.714021e+03  3.326835e+03
      vertex  1.202504e+05 -3.740829e+03  3.574415e+03
    endloop
  endfacet
  facet normal  3.216256e-01 -9.355518e-01 -1.459454e-01
    outer loop
      vertex  1.199800e+05 -3.785194e+03  3.262846e+03
      vertex  1.202504e+05 -3.740829e+03  3.574415e+03
      vertex  1.199800e+05 -3.826638e+03  3.528514e+03
    endloop
  endfacet
  facet normal  3.375968e-01 -9.183586e-01 -2.065088e-01
    outer loop
      vertex  1.199800e+05 -3.991422e+03  4.386022e+03
      vertex  1.199800e+05 -3.952139e+03  4.211325e+03
      vertex  1.203315e+05 -3.834036e+03  4.260803e+03
    endloop
  endfacet
  facet normal  3.365662e-01 -9.223748e-01 -1.895995e-01
    outer loop
      vertex  1.203315e+05 -3.834036e+03  4.260803e+03
      vertex  1.199800e+05 -3.952139e+03  4.211325e+03
      vertex  1.199800e+05 -3.916139e+03  4.036193e+03
    endloop
  endfacet
  facet normal  3.325599e-01 -9.253030e-01 -1.822591e-01
    outer loop
      vertex  1.203315e+05 -3.834036e+03  4.260803e+03
      vertex  1.199800e+05 -3.916139e+03  4.036193e+03
      vertex  1.203036e+05 -3.797416e+03  4.023842e+03
    endloop
  endfacet
  facet normal  3.332750e-01 -9.264787e-01 -1.748282e-01
    outer loop
      vertex  1.203036e+05 -3.797416e+03  4.023842e+03
      vertex  1.199800e+05 -3.916139e+03  4.036193e+03
      vertex  1.199800e+05 -3.883037e+03  3.860770e+03
    endloop
  endfacet
  facet normal  3.295305e-01 -9.294678e-01 -1.658290e-01
    outer loop
      vertex  1.203036e+05 -3.797416e+03  4.023842e+03
      vertex  1.199800e+05 -3.883037e+03  3.860770e+03
      vertex  1.202859e+05 -3.776938e+03  3.873870e+03
    endloop
  endfacet
  facet normal  3.295975e-01 -9.301697e-01 -1.617089e-01
    outer loop
      vertex  1.202859e+05 -3.776938e+03  3.873870e+03
      vertex  1.199800e+05 -3.883037e+03  3.860770e+03
      vertex  1.199800e+05 -3.848382e+03  3.661431e+03
    endloop
  endfacet
  facet normal  3.230296e-01 -9.342861e-01 -1.508687e-01
    outer loop
      vertex  1.202859e+05 -3.776938e+03  3.873870e+03
      vertex  1.199800e+05 -3.848382e+03  3.661431e+03
      vertex  1.202504e+05 -3.740829e+03  3.574415e+03
    endloop
  endfacet
  facet normal  3.453739e-01 -8.943737e-01 -2.842754e-01
    outer loop
      vertex  1.200435e+05 -4.156629e+03  5.060080e+03
      vertex  1.200223e+05 -4.112030e+03  4.894034e+03
      vertex  1.204155e+05 -3.983944e+03  4.968674e+03
    endloop
  endfacet
  facet normal  3.437270e-01 -9.012602e-01 -2.637835e-01
    outer loop
      vertex  1.204155e+05 -3.983944e+03  4.968674e+03
      vertex  1.200223e+05 -4.112030e+03  4.894034e+03
      vertex  1.200012e+05 -4.071316e+03  4.727339e+03
    endloop
  endfacet
  facet normal  3.424501e-01 -9.025162e-01 -2.611366e-01
    outer loop
      vertex  1.204155e+05 -3.983944e+03  4.968674e+03
      vertex  1.200012e+05 -4.071316e+03  4.727339e+03
      vertex  1.203875e+05 -3.926547e+03  4.733616e+03
    endloop
  endfacet
  facet normal  3.437607e-01 -9.067477e-01 -2.442070e-01
    outer loop
      vertex  1.203875e+05 -3.926547e+03  4.733616e+03
      vertex  1.200012e+05 -4.071316e+03  4.727339e+03
      vertex  1.199800e+05 -4.034312e+03  4.560137e+03
    endloop
  endfacet
  facet normal  3.399059e-01 -9.113141e-01 -2.323157e-01
    outer loop
      vertex  1.203875e+05 -3.926547e+03  4.733616e+03
      vertex  1.199800e+05 -4.034312e+03  4.560137e+03
      vertex  1.203595e+05 -3.876797e+03  4.497524e+03
    endloop
  endfacet
  facet normal  3.403270e-01 -8.564654e-01 -3.881294e-01
    outer loop
      vertex  1.201494e+05 -4.441188e+03  5.875843e+03
      vertex  1.201212e+05 -4.355119e+03  5.661149e+03
      vertex  1.204994e+05 -4.205946e+03  5.663642e+03
    endloop
  endfacet
  facet normal  3.444265e-01 -8.673421e-01 -3.592884e-01
    outer loop
      vertex  1.204994e+05 -4.205946e+03  5.663642e+03
      vertex  1.201212e+05 -4.355119e+03  5.661149e+03
      vertex  1.200929e+05 -4.276473e+03  5.444220e+03
    endloop
  endfacet
  facet normal  3.423541e-01 -8.701032e-01 -3.545618e-01
    outer loop
      vertex  1.204994e+05 -4.205946e+03  5.663642e+03
      vertex  1.200929e+05 -4.276473e+03  5.444220e+03
      vertex  1.204714e+05 -4.123413e+03  5.434075e+03
    endloop
  endfacet
  facet normal  2.645052e-01 -9.342608e-01 -2.391518e-01
    outer loop
      vertex  1.208673e+05 -3.307026e+03  2.089594e+03
      vertex  1.204712e+05 -3.396544e+03  2.001218e+03
      vertex  1.208573e+05 -3.285434e+03  1.994149e+03
    endloop
  endfacet
  facet normal  2.615513e-01 -9.260839e-01 -2.719547e-01
    outer loop
      vertex  1.208573e+05 -3.285434e+03  1.994149e+03
      vertex  1.204712e+05 -3.396544e+03  2.001218e+03
      vertex  1.204611e+05 -3.373104e+03  1.911607e+03
    endloop
  endfacet
  facet normal  2.601300e-01 -9.294833e-01 -2.615210e-01
    outer loop
      vertex  1.208573e+05 -3.285434e+03  1.994149e+03
      vertex  1.204611e+05 -3.373104e+03  1.911607e+03
      vertex  1.208484e+05 -3.264158e+03  1.909681e+03
    endloop
  endfacet
  facet normal  2.573200e-01 -9.200904e-01 -2.953305e-01
    outer loop
      vertex  1.208484e+05 -3.264158e+03  1.909681e+03
      vertex  1.204611e+05 -3.373104e+03  1.911607e+03
      vertex  1.204509e+05 -3.347210e+03  1.822065e+03
    endloop
  endfacet
  facet normal  2.556688e-01 -9.240960e-01 -2.840426e-01
    outer loop
      vertex  1.208484e+05 -3.264158e+03  1.909681e+03
      vertex  1.204509e+05 -3.347210e+03  1.822065e+03
      vertex  1.208395e+05 -3.240670e+03  1.825262e+03
    endloop
  endfacet
  facet normal  2.523695e-01 -9.107776e-01 -3.267933e-01
    outer loop
      vertex  1.208395e+05 -3.240670e+03  1.825262e+03
      vertex  1.204509e+05 -3.347210e+03  1.822065e+03
      vertex  1.204356e+05 -3.303272e+03  1.687820e+03
    endloop
  endfacet
  facet normal  2.492762e-01 -9.155960e-01 -3.155083e-01
    outer loop
      vertex  1.208395e+05 -3.240670e+03  1.825262e+03
      vertex  1.204356e+05 -3.303272e+03  1.687820e+03
      vertex  1.208253e+05 -3.198099e+03  1.690507e+03
    endloop
  endfacet
  facet normal  2.447205e-01 -8.973963e-01 -3.671400e-01
    outer loop
      vertex  1.208253e+05 -3.198099e+03  1.690507e+03
      vertex  1.204356e+05 -3.303272e+03  1.687820e+03
      vertex  1.204203e+05 -3.252510e+03  1.553562e+03
    endloop
  endfacet
  facet normal  2.419170e-01 -9.022687e-01 -3.569136e-01
    outer loop
      vertex  1.208253e+05 -3.198099e+03  1.690507e+03
      vertex  1.204203e+05 -3.252510e+03  1.553562e+03
      vertex  1.208111e+05 -3.148582e+03  1.555701e+03
    endloop
  endfacet
  facet normal  2.365399e-01 -8.809619e-01 -4.098231e-01
    outer loop
      vertex  1.208111e+05 -3.148582e+03  1.555701e+03
      vertex  1.204203e+05 -3.252510e+03  1.553562e+03
      vertex  1.204051e+05 -3.194089e+03  1.419168e+03
    endloop
  endfacet
  facet normal  2.340301e-01 -8.857937e-01 -4.007485e-01
    outer loop
      vertex  1.208111e+05 -3.148582e+03  1.555701e+03
      vertex  1.204051e+05 -3.194089e+03  1.419168e+03
      vertex  1.207969e+05 -3.091261e+03  1.420713e+03
    endloop
  endfacet
  facet normal  2.653557e-01 -9.393561e-01 -2.172471e-01
    outer loop
      vertex  1.212560e+05 -3.198413e+03  2.094644e+03
      vertex  1.208774e+05 -3.326291e+03  2.185156e+03
      vertex  1.208673e+05 -3.307026e+03  2.089594e+03
    endloop
  endfacet
  facet normal  2.713657e-01 -9.375744e-01 -2.175193e-01
    outer loop
      vertex  1.208673e+05 -3.307026e+03  2.089594e+03
      vertex  1.208774e+05 -3.326291e+03  2.185156e+03
      vertex  1.204916e+05 -3.436924e+03  2.180739e+03
    endloop
  endfacet
  facet normal  2.646499e-01 -9.339809e-01 -2.400836e-01
    outer loop
      vertex  1.208673e+05 -3.307026e+03  2.089594e+03
      vertex  1.204916e+05 -3.436924e+03  2.180739e+03
      vertex  1.204712e+05 -3.396544e+03  2.001218e+03
    endloop
  endfacet
  facet normal  2.693797e-01 -9.413464e-01 -2.032277e-01
    outer loop
      vertex  1.208774e+05 -3.326291e+03  2.185156e+03
      vertex  1.212560e+05 -3.198413e+03  2.094644e+03
      vertex  1.212651e+05 -3.216284e+03  2.189573e+03
    endloop
  endfacet
  facet normal  2.623087e-01 -9.434048e-01 -2.029326e-01
    outer loop
      vertex  1.212651e+05 -3.216284e+03  2.189573e+03
      vertex  1.212560e+05 -3.198413e+03  2.094644e+03
      vertex  1.218621e+05 -3.031568e+03  2.102510e+03
    endloop
  endfacet
  facet normal  2.667805e-01 -9.468706e-01 -1.796227e-01
    outer loop
      vertex  1.212651e+05 -3.216284e+03  2.189573e+03
      vertex  1.218621e+05 -3.031568e+03  2.102510e+03
      vertex  1.218699e+05 -3.047188e+03  2.196417e+03
    endloop
  endfacet
  facet normal  2.585304e-01 -9.492121e-01 -1.793279e-01
    outer loop
      vertex  1.218699e+05 -3.047188e+03  2.196417e+03
      vertex  1.218621e+05 -3.031568e+03  2.102510e+03
      vertex  1.224733e+05 -2.866589e+03  2.110418e+03
    endloop
  endfacet
  facet normal  2.630720e-01 -9.523857e-01 -1.541256e-01
    outer loop
      vertex  1.218699e+05 -3.047188e+03  2.196417e+03
      vertex  1.224733e+05 -2.866589e+03  2.110418e+03
      vertex  1.224797e+05 -2.879851e+03  2.203261e+03
    endloop
  endfacet
  facet normal  2.544379e-01 -9.547694e-01 -1.538725e-01
    outer loop
      vertex  1.224797e+05 -2.879851e+03  2.203261e+03
      vertex  1.224733e+05 -2.866589e+03  2.110418e+03
      vertex  1.230899e+05 -2.703570e+03  2.118359e+03
    endloop
  endfacet
  facet normal  2.590058e-01 -9.575217e-01 -1.267605e-01
    outer loop
      vertex  1.224797e+05 -2.879851e+03  2.203261e+03
      vertex  1.230899e+05 -2.703570e+03  2.118359e+03
      vertex  1.230948e+05 -2.714376e+03  2.210105e+03
    endloop
  endfacet
  facet normal  2.769318e-01 -9.439120e-01 -1.798305e-01
    outer loop
      vertex  1.212831e+05 -3.245608e+03  2.376508e+03
      vertex  1.208976e+05 -3.359098e+03  2.378561e+03
      vertex  1.208875e+05 -3.343632e+03  2.281777e+03
    endloop
  endfacet
  facet normal  2.797826e-01 -9.430405e-01 -1.799897e-01
    outer loop
      vertex  1.208875e+05 -3.343632e+03  2.281777e+03
      vertex  1.208976e+05 -3.359098e+03  2.378561e+03
      vertex  1.205142e+05 -3.473282e+03  2.380791e+03
    endloop
  endfacet
  facet normal  2.759036e-01 -9.416513e-01 -1.927952e-01
    outer loop
      vertex  1.208875e+05 -3.343632e+03  2.281777e+03
      vertex  1.205142e+05 -3.473282e+03  2.380791e+03
      vertex  1.205029e+05 -3.456096e+03  2.280673e+03
    endloop
  endfacet
  facet normal  2.744573e-01 -9.605317e-01 -4.530007e-02
    outer loop
      vertex  1.236800e+05 -2.582082e+03  2.663449e+03
      vertex  1.231231e+05 -2.744686e+03  2.737307e+03
      vertex  1.231125e+05 -2.738391e+03  2.539737e+03
    endloop
  endfacet
  facet normal  2.827131e-01 -9.581169e-01 -4.566515e-02
    outer loop
      vertex  1.231125e+05 -2.738391e+03  2.539737e+03
      vertex  1.231231e+05 -2.744686e+03  2.737307e+03
      vertex  1.225162e+05 -2.923733e+03  2.736591e+03
    endloop
  endfacet
  facet normal  2.741266e-01 -9.589593e-01 -7.246922e-02
    outer loop
      vertex  1.231125e+05 -2.738391e+03  2.539737e+03
      vertex  1.225162e+05 -2.923733e+03  2.736591e+03
      vertex  1.225031e+05 -2.912941e+03  2.544104e+03
    endloop
  endfacet
  facet normal  2.864809e-01 -9.552927e-01 -7.310653e-02
    outer loop
      vertex  1.225031e+05 -2.912941e+03  2.544104e+03
      vertex  1.225162e+05 -2.923733e+03  2.736591e+03
      vertex  1.219146e+05 -3.104287e+03  2.738553e+03
    endloop
  endfacet
  facet normal  2.784024e-01 -9.554787e-01 -9.773641e-02
    outer loop
      vertex  1.225031e+05 -2.912941e+03  2.544104e+03
      vertex  1.219146e+05 -3.104287e+03  2.738553e+03
      vertex  1.218993e+05 -3.089712e+03  2.552472e+03
    endloop
  endfacet
  facet normal  2.899161e-01 -9.519791e-01 -9.840927e-02
    outer loop
      vertex  1.218993e+05 -3.089712e+03  2.552472e+03
      vertex  1.219146e+05 -3.104287e+03  2.738553e+03
      vertex  1.213182e+05 -3.286344e+03  2.742685e+03
    endloop
  endfacet
  facet normal  2.824119e-01 -9.516343e-01 -1.209779e-01
    outer loop
      vertex  1.218993e+05 -3.089712e+03  2.552472e+03
      vertex  1.213182e+05 -3.286344e+03  2.742685e+03
      vertex  1.213011e+05 -3.268709e+03  2.564079e+03
    endloop
  endfacet
  facet normal  2.923096e-01 -9.485585e-01 -1.216211e-01
    outer loop
      vertex  1.213011e+05 -3.268709e+03  2.564079e+03
      vertex  1.213182e+05 -3.286344e+03  2.742685e+03
      vertex  1.209360e+05 -3.404583e+03  2.746094e+03
    endloop
  endfacet
  facet normal  2.856979e-01 -9.487581e-01 -1.350355e-01
    outer loop
      vertex  1.213011e+05 -3.268709e+03  2.564079e+03
      vertex  1.209360e+05 -3.404583e+03  2.746094e+03
      vertex  1.209179e+05 -3.385333e+03  2.572680e+03
    endloop
  endfacet
  facet normal  2.941007e-01 -9.461043e-01 -1.356150e-01
    outer loop
      vertex  1.209179e+05 -3.385333e+03  2.572680e+03
      vertex  1.209360e+05 -3.404583e+03  2.746094e+03
      vertex  1.205557e+05 -3.523318e+03  2.749745e+03
    endloop
  endfacet
  facet normal  2.879049e-01 -9.461078e-01 -1.482933e-01
    outer loop
      vertex  1.209179e+05 -3.385333e+03  2.572680e+03
      vertex  1.205557e+05 -3.523318e+03  2.749745e+03
      vertex  1.205368e+05 -3.502706e+03  2.581641e+03
    endloop
  endfacet
  facet normal  2.872054e-01 -9.576664e-01 -1.970145e-02
    outer loop
      vertex  1.236800e+05 -2.583233e+03  2.937184e+03
      vertex  1.231443e+05 -2.747961e+03  3.134816e+03
      vertex  1.231302e+05 -2.746733e+03  2.869450e+03
    endloop
  endfacet
  facet normal  2.992432e-01 -9.539605e-01 -2.032435e-02
    outer loop
      vertex  1.231302e+05 -2.746733e+03  2.869450e+03
      vertex  1.231443e+05 -2.747961e+03  3.134816e+03
      vertex  1.225425e+05 -2.936503e+03  3.123868e+03
    endloop
  endfacet
  facet normal  2.882140e-01 -9.563818e-01 -4.760706e-02
    outer loop
      vertex  1.231302e+05 -2.746733e+03  2.869450e+03
      vertex  1.225425e+05 -2.936503e+03  3.123868e+03
      vertex  1.225250e+05 -2.928912e+03  2.865336e+03
    endloop
  endfacet
  facet normal  3.018222e-01 -9.521347e-01 -4.840431e-02
    outer loop
      vertex  1.225250e+05 -2.928912e+03  2.865336e+03
      vertex  1.225425e+05 -2.936503e+03  3.123868e+03
      vertex  1.219453e+05 -3.125267e+03  3.112921e+03
    endloop
  endfacet
  facet normal  2.914923e-01 -9.537184e-01 -7.384748e-02
    outer loop
      vertex  1.225250e+05 -2.928912e+03  2.865336e+03
      vertex  1.219453e+05 -3.125267e+03  3.112921e+03
      vertex  1.219248e+05 -3.112153e+03  2.863012e+03
    endloop
  endfacet
  facet normal  3.040156e-01 -9.497370e-01 -7.466114e-02
    outer loop
      vertex  1.219248e+05 -3.112153e+03  2.863012e+03
      vertex  1.219453e+05 -3.125267e+03  3.112921e+03
      vertex  1.213524e+05 -3.314176e+03  3.101973e+03
    endloop
  endfacet
  facet normal  2.944497e-01 -9.505975e-01 -9.830377e-02
    outer loop
      vertex  1.219248e+05 -3.112153e+03  2.863012e+03
      vertex  1.213524e+05 -3.314176e+03  3.101973e+03
      vertex  1.213296e+05 -3.296433e+03  2.862139e+03
    endloop
  endfacet
  facet normal  3.054660e-01 -9.470333e-01 -9.908687e-02
    outer loop
      vertex  1.213296e+05 -3.296433e+03  2.862139e+03
      vertex  1.213524e+05 -3.314176e+03  3.101973e+03
      vertex  1.209720e+05 -3.436129e+03  3.094908e+03
    endloop
  endfacet
  facet normal  2.967667e-01 -9.482211e-01 -1.131641e-01
    outer loop
      vertex  1.213296e+05 -3.296433e+03  2.862139e+03
      vertex  1.209720e+05 -3.436129e+03  3.094908e+03
      vertex  1.209480e+05 -3.415868e+03  2.862072e+03
    endloop
  endfacet
  facet normal  3.064499e-01 -9.450492e-01 -1.138882e-01
    outer loop
      vertex  1.209480e+05 -3.415868e+03  2.862072e+03
      vertex  1.209720e+05 -3.436129e+03  3.094908e+03
      vertex  1.205934e+05 -3.558062e+03  3.087842e+03
    endloop
  endfacet
  facet normal  2.982927e-01 -9.459515e-01 -1.272685e-01
    outer loop
      vertex  1.209480e+05 -3.415868e+03  2.862072e+03
      vertex  1.205934e+05 -3.558062e+03  3.087842e+03
      vertex  1.205682e+05 -3.535627e+03  2.862166e+03
    endloop
  endfacet
  facet normal  3.217032e-01 -9.462714e-01 -3.282419e-02
    outer loop
      vertex  1.236800e+05 -2.580818e+03  3.719079e+03
      vertex  1.231760e+05 -2.752762e+03  3.736664e+03
      vertex  1.231655e+05 -2.749378e+03  3.535419e+03
    endloop
  endfacet
  facet normal  3.228179e-01 -9.458899e-01 -3.287637e-02
    outer loop
      vertex  1.231655e+05 -2.749378e+03  3.535419e+03
      vertex  1.231760e+05 -2.752762e+03  3.736664e+03
      vertex  1.225819e+05 -2.954612e+03  3.710142e+03
    endloop
  endfacet
  facet normal  3.158438e-01 -9.470643e-01 -5.754885e-02
    outer loop
      vertex  1.231655e+05 -2.749378e+03  3.535419e+03
      vertex  1.225819e+05 -2.954612e+03  3.710142e+03
      vertex  1.225688e+05 -2.947080e+03  3.514114e+03
    endloop
  endfacet
  facet normal  3.231898e-01 -9.445584e-01 -5.794470e-02
    outer loop
      vertex  1.225688e+05 -2.947080e+03  3.514114e+03
      vertex  1.225819e+05 -2.954612e+03  3.710142e+03
      vertex  1.219912e+05 -3.154854e+03  3.679533e+03
    endloop
  endfacet
  facet normal  3.168223e-01 -9.450386e-01 -8.078085e-02
    outer loop
      vertex  1.225688e+05 -2.947080e+03  3.514114e+03
      vertex  1.219912e+05 -3.154854e+03  3.679533e+03
      vertex  1.219759e+05 -3.143792e+03  3.490090e+03
    endloop
  endfacet
  facet normal  3.232128e-01 -9.428388e-01 -8.116867e-02
    outer loop
      vertex  1.219759e+05 -3.143792e+03  3.490090e+03
      vertex  1.219912e+05 -3.154854e+03  3.679533e+03
      vertex  1.214037e+05 -3.353334e+03  3.645621e+03
    endloop
  endfacet
  facet normal  3.174387e-01 -9.427461e-01 -1.022864e-01
    outer loop
      vertex  1.219759e+05 -3.143792e+03  3.490090e+03
      vertex  1.214037e+05 -3.353334e+03  3.645621e+03
      vertex  1.213866e+05 -3.339368e+03  3.463870e+03
    endloop
  endfacet
  facet normal  3.230977e-01 -9.407802e-01 -1.026673e-01
    outer loop
      vertex  1.213866e+05 -3.339368e+03  3.463870e+03
      vertex  1.214037e+05 -3.353334e+03  3.645621e+03
      vertex  1.210261e+05 -3.480478e+03  3.622604e+03
    endloop
  endfacet
  facet normal  3.182700e-01 -9.411281e-01 -1.139388e-01
    outer loop
      vertex  1.213866e+05 -3.339368e+03  3.463870e+03
      vertex  1.210261e+05 -3.480478e+03  3.622604e+03
      vertex  1.209991e+05 -3.457615e+03  3.358166e+03
    endloop
  endfacet
  facet normal  3.227841e-01 -9.395499e-01 -1.142643e-01
    outer loop
      vertex  1.209991e+05 -3.457615e+03  3.358166e+03
      vertex  1.210261e+05 -3.480478e+03  3.622604e+03
      vertex  1.206499e+05 -3.606882e+03  3.599224e+03
    endloop
  endfacet
  facet normal  3.149558e-01 -9.406661e-01 -1.262939e-01
    outer loop
      vertex  1.209991e+05 -3.457615e+03  3.358166e+03
      vertex  1.206499e+05 -3.606882e+03  3.599224e+03
      vertex  1.206217e+05 -3.581947e+03  3.342973e+03
    endloop
  endfacet
  facet normal  3.401565e-01 -9.252757e-01 -1.678052e-01
    outer loop
      vertex  1.210934e+05 -3.558254e+03  4.282214e+03
      vertex  1.207238e+05 -3.692219e+03  4.271850e+03
      vertex  1.210812e+05 -3.541106e+03  4.163067e+03
    endloop
  endfacet
  facet normal  3.386827e-01 -9.249975e-01 -1.722608e-01
    outer loop
      vertex  1.210812e+05 -3.541106e+03  4.163067e+03
      vertex  1.207238e+05 -3.692219e+03  4.271850e+03
      vertex  1.206978e+05 -3.657511e+03  4.034191e+03
    endloop
  endfacet
  facet normal  3.344729e-01 -9.294526e-01 -1.557107e-01
    outer loop
      vertex  1.210812e+05 -3.541106e+03  4.163067e+03
      vertex  1.206978e+05 -3.657511e+03  4.034191e+03
      vertex  1.210691e+05 -3.525509e+03  4.043902e+03
    endloop
  endfacet
  facet normal  3.446426e-01 -9.183896e-01 -1.943759e-01
    outer loop
      vertex  1.211176e+05 -3.597707e+03  4.520253e+03
      vertex  1.207499e+05 -3.733360e+03  4.509251e+03
      vertex  1.211055e+05 -3.577082e+03  4.401293e+03
    endloop
  endfacet
  facet normal  3.437804e-01 -9.181742e-01 -1.969038e-01
    outer loop
      vertex  1.211055e+05 -3.577082e+03  4.401293e+03
      vertex  1.207499e+05 -3.733360e+03  4.509251e+03
      vertex  1.207238e+05 -3.692219e+03  4.271850e+03
    endloop
  endfacet
  facet normal  3.397033e-01 -9.230391e-01 -1.805558e-01
    outer loop
      vertex  1.211055e+05 -3.577082e+03  4.401293e+03
      vertex  1.207238e+05 -3.692219e+03  4.271850e+03
      vertex  1.210934e+05 -3.558254e+03  4.282214e+03
    endloop
  endfacet
  facet normal  3.432037e-01 -9.120511e-01 -2.244413e-01
    outer loop
      vertex  1.207499e+05 -3.733360e+03  4.509251e+03
      vertex  1.211176e+05 -3.597707e+03  4.520253e+03
      vertex  1.207760e+05 -3.781800e+03  4.745995e+03
    endloop
  endfacet
  facet normal  3.533089e-01 -9.118626e-01 -2.089964e-01
    outer loop
      vertex  1.207760e+05 -3.781800e+03  4.745995e+03
      vertex  1.211176e+05 -3.597707e+03  4.520253e+03
      vertex  1.211298e+05 -3.620232e+03  4.639043e+03
    endloop
  endfacet
  facet normal  3.451034e-01 -9.150527e-01 -2.087632e-01
    outer loop
      vertex  1.211176e+05 -3.597707e+03  4.520253e+03
      vertex  1.214867e+05 -3.461037e+03  4.531256e+03
      vertex  1.211298e+05 -3.620232e+03  4.639043e+03
    endloop
  endfacet
  facet normal  3.469203e-01 -9.155541e-01 -2.034875e-01
    outer loop
      vertex  1.211298e+05 -3.620232e+03  4.639043e+03
      vertex  1.214867e+05 -3.461037e+03  4.531256e+03
      vertex  1.215034e+05 -3.494366e+03  4.709823e+03
    endloop
  endfacet
  facet normal  3.475964e-01 -8.555033e-01 -3.837848e-01
    outer loop
      vertex  1.210231e+05 -4.105257e+03  5.909988e+03
      vertex  1.208804e+05 -4.059211e+03  5.678113e+03
      vertex  1.212390e+05 -3.919623e+03  5.691691e+03
    endloop
  endfacet
  facet normal  3.511921e-01 -8.678983e-01 -3.513070e-01
    outer loop
      vertex  1.212390e+05 -3.919623e+03  5.691691e+03
      vertex  1.208804e+05 -4.059211e+03  5.678113e+03
      vertex  1.208543e+05 -3.976683e+03  5.448126e+03
    endloop
  endfacet
  facet normal  3.493159e-01 -8.700492e-01 -3.478402e-01
    outer loop
      vertex  1.212390e+05 -3.919623e+03  5.691691e+03
      vertex  1.208543e+05 -3.976683e+03  5.448126e+03
      vertex  1.212147e+05 -3.837267e+03  5.461311e+03
    endloop
  endfacet
  facet normal  3.521278e-01 -8.800919e-01 -3.185029e-01
    outer loop
      vertex  1.212147e+05 -3.837267e+03  5.461311e+03
      vertex  1.208543e+05 -3.976683e+03  5.448126e+03
      vertex  1.208282e+05 -3.903065e+03  5.215847e+03
    endloop
  endfacet
  facet normal  3.496319e-01 -8.827510e-01 -3.138602e-01
    outer loop
      vertex  1.212147e+05 -3.837267e+03  5.461311e+03
      vertex  1.208282e+05 -3.903065e+03  5.215847e+03
      vertex  1.211904e+05 -3.764128e+03  5.228565e+03
    endloop
  endfacet
  facet normal  3.519163e-01 -8.912522e-01 -2.860499e-01
    outer loop
      vertex  1.211904e+05 -3.764128e+03  5.228565e+03
      vertex  1.208282e+05 -3.903065e+03  5.215847e+03
      vertex  1.208021e+05 -3.838207e+03  4.981667e+03
    endloop
  endfacet
  facet normal  3.487848e-01 -8.943363e-01 -2.801996e-01
    outer loop
      vertex  1.211904e+05 -3.764128e+03  5.228565e+03
      vertex  1.208021e+05 -3.838207e+03  4.981667e+03
      vertex  1.211661e+05 -3.700060e+03  4.993857e+03
    endloop
  endfacet
  facet normal  3.505622e-01 -9.012836e-01 -2.545466e-01
    outer loop
      vertex  1.211661e+05 -3.700060e+03  4.993857e+03
      vertex  1.208021e+05 -3.838207e+03  4.981667e+03
      vertex  1.207760e+05 -3.781800e+03  4.745995e+03
    endloop
  endfacet
  facet normal  3.467648e-01 -9.047268e-01 -2.474343e-01
    outer loop
      vertex  1.211661e+05 -3.700060e+03  4.993857e+03
      vertex  1.207760e+05 -3.781800e+03  4.745995e+03
      vertex  1.211419e+05 -3.644749e+03  4.757610e+03
    endloop
  endfacet
  facet normal  2.468134e-01 -9.202877e-01 -3.035681e-01
    outer loop
      vertex  1.212302e+05 -3.135016e+03  1.828459e+03
      vertex  1.208253e+05 -3.198099e+03  1.690507e+03
      vertex  1.212171e+05 -3.093909e+03  1.693194e+03
    endloop
  endfacet
  facet normal  2.423560e-01 -9.021500e-01 -3.569162e-01
    outer loop
      vertex  1.212171e+05 -3.093909e+03  1.693194e+03
      vertex  1.208253e+05 -3.198099e+03  1.690507e+03
      vertex  1.208111e+05 -3.148582e+03  1.555701e+03
    endloop
  endfacet
  facet normal  2.393456e-01 -9.071822e-01 -3.460260e-01
    outer loop
      vertex  1.212171e+05 -3.093909e+03  1.693194e+03
      vertex  1.208111e+05 -3.148582e+03  1.555701e+03
      vertex  1.212040e+05 -3.045733e+03  1.557840e+03
    endloop
  endfacet
  facet normal  2.340440e-01 -8.857901e-01 -4.007484e-01
    outer loop
      vertex  1.212040e+05 -3.045733e+03  1.557840e+03
      vertex  1.208111e+05 -3.148582e+03  1.555701e+03
      vertex  1.207969e+05 -3.091261e+03  1.420713e+03
    endloop
  endfacet
  facet normal  2.313485e-01 -8.908051e-01 -3.910809e-01
    outer loop
      vertex  1.212040e+05 -3.045733e+03  1.557840e+03
      vertex  1.207969e+05 -3.091261e+03  1.420713e+03
      vertex  1.211909e+05 -2.989611e+03  1.422259e+03
    endloop
  endfacet
  facet normal  2.501189e-01 -9.153610e-01 -3.155229e-01
    outer loop
      vertex  1.208253e+05 -3.198099e+03  1.690507e+03
      vertex  1.212302e+05 -3.135016e+03  1.828459e+03
      vertex  1.208395e+05 -3.240670e+03  1.825262e+03
    endloop
  endfacet
  facet normal  2.533325e-01 -9.285851e-01 -2.712052e-01
    outer loop
      vertex  1.208395e+05 -3.240670e+03  1.825262e+03
      vertex  1.212302e+05 -3.135016e+03  1.828459e+03
      vertex  1.212385e+05 -3.157771e+03  1.914120e+03
    endloop
  endfacet
  facet normal  2.552794e-01 -9.242068e-01 -2.840323e-01
    outer loop
      vertex  1.208395e+05 -3.240670e+03  1.825262e+03
      vertex  1.212385e+05 -3.157771e+03  1.914120e+03
      vertex  1.208484e+05 -3.264158e+03  1.909681e+03
    endloop
  endfacet
  facet normal  2.575226e-01 -9.339408e-01 -2.478643e-01
    outer loop
      vertex  1.208484e+05 -3.264158e+03  1.909681e+03
      vertex  1.212385e+05 -3.157771e+03  1.914120e+03
      vertex  1.212468e+05 -3.178229e+03  1.999819e+03
    endloop
  endfacet
  facet normal  2.596759e-01 -9.296145e-01 -2.615063e-01
    outer loop
      vertex  1.208484e+05 -3.264158e+03  1.909681e+03
      vertex  1.212468e+05 -3.178229e+03  1.999819e+03
      vertex  1.208573e+05 -3.285434e+03  1.994149e+03
    endloop
  endfacet
  facet normal  2.616099e-01 -9.385687e-01 -2.250534e-01
    outer loop
      vertex  1.208573e+05 -3.285434e+03  1.994149e+03
      vertex  1.212468e+05 -3.178229e+03  1.999819e+03
      vertex  1.212560e+05 -3.198413e+03  2.094644e+03
    endloop
  endfacet
  facet normal  2.642380e-01 -9.343392e-01 -2.391415e-01
    outer loop
      vertex  1.208573e+05 -3.285434e+03  1.994149e+03
      vertex  1.212560e+05 -3.198413e+03  2.094644e+03
      vertex  1.208673e+05 -3.307026e+03  2.089594e+03
    endloop
  endfacet
  facet normal  3.380726e-01 -9.279598e-01 -1.568367e-01
    outer loop
      vertex  1.214643e+05 -3.423439e+03  4.292578e+03
      vertex  1.210812e+05 -3.541106e+03  4.163067e+03
      vertex  1.214531e+05 -3.407322e+03  4.173106e+03
    endloop
  endfacet
  facet normal  3.381003e-01 -9.281068e-01 -1.559039e-01
    outer loop
      vertex  1.214531e+05 -3.407322e+03  4.173106e+03
      vertex  1.210812e+05 -3.541106e+03  4.163067e+03
      vertex  1.210691e+05 -3.525509e+03  4.043902e+03
    endloop
  endfacet
  facet normal  3.351213e-01 -9.310503e-01 -1.443573e-01
    outer loop
      vertex  1.214531e+05 -3.407322e+03  4.173106e+03
      vertex  1.210691e+05 -3.525509e+03  4.043902e+03
      vertex  1.214419e+05 -3.392822e+03  4.053612e+03
    endloop
  endfacet
  facet normal  3.408841e-01 -9.250016e-01 -1.678399e-01
    outer loop
      vertex  1.210812e+05 -3.541106e+03  4.163067e+03
      vertex  1.214643e+05 -3.423439e+03  4.292578e+03
      vertex  1.210934e+05 -3.558254e+03  4.282214e+03
    endloop
  endfacet
  facet normal  3.408014e-01 -9.245870e-01 -1.702744e-01
    outer loop
      vertex  1.210934e+05 -3.558254e+03  4.282214e+03
      vertex  1.214643e+05 -3.423439e+03  4.292578e+03
      vertex  1.214755e+05 -3.441304e+03  4.411979e+03
    endloop
  endfacet
  facet normal  3.434396e-01 -9.216247e-01 -1.807128e-01
    outer loop
      vertex  1.210934e+05 -3.558254e+03  4.282214e+03
      vertex  1.214755e+05 -3.441304e+03  4.411979e+03
      vertex  1.211055e+05 -3.577082e+03  4.401293e+03
    endloop
  endfacet
  facet normal  3.432914e-01 -9.209182e-01 -1.845554e-01
    outer loop
      vertex  1.211055e+05 -3.577082e+03  4.401293e+03
      vertex  1.214755e+05 -3.441304e+03  4.411979e+03
      vertex  1.214867e+05 -3.461037e+03  4.531256e+03
    endloop
  endfacet
  facet normal  3.457536e-01 -9.179636e-01 -1.944153e-01
    outer loop
      vertex  1.211055e+05 -3.577082e+03  4.401293e+03
      vertex  1.214867e+05 -3.461037e+03  4.531256e+03
      vertex  1.211176e+05 -3.597707e+03  4.520253e+03
    endloop
  endfacet
  facet normal  3.547696e-01 -8.926955e-01 -2.779087e-01
    outer loop
      vertex  1.215370e+05 -3.575477e+03  5.065022e+03
      vertex  1.215538e+05 -3.623677e+03  5.241282e+03
      vertex  1.211904e+05 -3.764128e+03  5.228565e+03
    endloop
  endfacet
  facet normal  3.530644e-01 -8.863155e-01 -2.996502e-01
    outer loop
      vertex  1.211904e+05 -3.764128e+03  5.228565e+03
      vertex  1.215538e+05 -3.623677e+03  5.241282e+03
      vertex  1.215650e+05 -3.658738e+03  5.358168e+03
    endloop
  endfacet
  facet normal  3.562064e-01 -8.801640e-01 -3.137328e-01
    outer loop
      vertex  1.211904e+05 -3.764128e+03  5.228565e+03
      vertex  1.215650e+05 -3.658738e+03  5.358168e+03
      vertex  1.212147e+05 -3.837267e+03  5.461311e+03
    endloop
  endfacet
  facet normal  2.437060e-01 -9.274385e-01 -2.836642e-01
    outer loop
      vertex  1.218398e+05 -2.973184e+03  1.833412e+03
      vertex  1.212171e+05 -3.093909e+03  1.693194e+03
      vertex  1.218284e+05 -2.934542e+03  1.697358e+03
    endloop
  endfacet
  facet normal  2.388821e-01 -9.073049e-01 -3.460249e-01
    outer loop
      vertex  1.218284e+05 -2.934542e+03  1.697358e+03
      vertex  1.212171e+05 -3.093909e+03  1.693194e+03
      vertex  1.212040e+05 -3.045733e+03  1.557840e+03
    endloop
  endfacet
  facet normal  2.361483e-01 -9.147320e-01 -3.278708e-01
    outer loop
      vertex  1.218284e+05 -2.934542e+03  1.697358e+03
      vertex  1.212040e+05 -3.045733e+03  1.557840e+03
      vertex  1.218171e+05 -2.888640e+03  1.561155e+03
    endloop
  endfacet
  facet normal  2.304201e-01 -8.910419e-01 -3.910893e-01
    outer loop
      vertex  1.218171e+05 -2.888640e+03  1.561155e+03
      vertex  1.212040e+05 -3.045733e+03  1.557840e+03
      vertex  1.211909e+05 -2.989611e+03  1.422259e+03
    endloop
  endfacet
  facet normal  2.280341e-01 -8.986122e-01 -3.748288e-01
    outer loop
      vertex  1.218171e+05 -2.888640e+03  1.561155e+03
      vertex  1.211909e+05 -2.989611e+03  1.422259e+03
      vertex  1.218058e+05 -2.834570e+03  1.424654e+03
    endloop
  endfacet
  facet normal  2.468024e-01 -9.202908e-01 -3.035679e-01
    outer loop
      vertex  1.212171e+05 -3.093909e+03  1.693194e+03
      vertex  1.218398e+05 -2.973184e+03  1.833412e+03
      vertex  1.212302e+05 -3.135016e+03  1.828459e+03
    endloop
  endfacet
  facet normal  2.503673e-01 -9.353628e-01 -2.498256e-01
    outer loop
      vertex  1.212302e+05 -3.135016e+03  1.828459e+03
      vertex  1.218398e+05 -2.973184e+03  1.833412e+03
      vertex  1.218470e+05 -2.994640e+03  1.921040e+03
    endloop
  endfacet
  facet normal  2.521074e-01 -9.289266e-01 -2.711774e-01
    outer loop
      vertex  1.212302e+05 -3.135016e+03  1.828459e+03
      vertex  1.218470e+05 -2.994640e+03  1.921040e+03
      vertex  1.212385e+05 -3.157771e+03  1.914120e+03
    endloop
  endfacet
  facet normal  2.546671e-01 -9.404225e-01 -2.252778e-01
    outer loop
      vertex  1.212385e+05 -3.157771e+03  1.914120e+03
      vertex  1.218470e+05 -2.994640e+03  1.921040e+03
      vertex  1.218543e+05 -3.013665e+03  2.008691e+03
    endloop
  endfacet
  facet normal  2.566716e-01 -9.341816e-01 -2.478396e-01
    outer loop
      vertex  1.212385e+05 -3.157771e+03  1.914120e+03
      vertex  1.218543e+05 -3.013665e+03  2.008691e+03
      vertex  1.212468e+05 -3.178229e+03  1.999819e+03
    endloop
  endfacet
  facet normal  2.588252e-01 -9.446155e-01 -2.017696e-01
    outer loop
      vertex  1.212468e+05 -3.178229e+03  1.999819e+03
      vertex  1.218543e+05 -3.013665e+03  2.008691e+03
      vertex  1.218621e+05 -3.031568e+03  2.102510e+03
    endloop
  endfacet
  facet normal  2.612898e-01 -9.386606e-01 -2.250419e-01
    outer loop
      vertex  1.212468e+05 -3.178229e+03  1.999819e+03
      vertex  1.218621e+05 -3.031568e+03  2.102510e+03
      vertex  1.212560e+05 -3.198413e+03  2.094644e+03
    endloop
  endfacet
  facet normal  3.582463e-01 -8.682104e-01 -3.433225e-01
    outer loop
      vertex  1.215986e+05 -3.778187e+03  5.705269e+03
      vertex  1.215762e+05 -3.696170e+03  5.474495e+03
      vertex  1.221449e+05 -3.500198e+03  5.572354e+03
    endloop
  endfacet
  facet normal  3.572852e-01 -8.785266e-01 -3.170779e-01
    outer loop
      vertex  1.221449e+05 -3.500198e+03  5.572354e+03
      vertex  1.215762e+05 -3.696170e+03  5.474495e+03
      vertex  1.215650e+05 -3.658738e+03  5.358168e+03
    endloop
  endfacet
  facet normal  3.573010e-01 -8.784966e-01 -3.171428e-01
    outer loop
      vertex  1.221449e+05 -3.500198e+03  5.572354e+03
      vertex  1.215650e+05 -3.658738e+03  5.358168e+03
      vertex  1.221320e+05 -3.449432e+03  5.417206e+03
    endloop
  endfacet
  facet normal  3.576836e-01 -8.844965e-01 -2.995467e-01
    outer loop
      vertex  1.221320e+05 -3.449432e+03  5.417206e+03
      vertex  1.215650e+05 -3.658738e+03  5.358168e+03
      vertex  1.215538e+05 -3.623677e+03  5.241282e+03
    endloop
  endfacet
  facet normal  3.564149e-01 -8.873438e-01 -2.925567e-01
    outer loop
      vertex  1.221320e+05 -3.449432e+03  5.417206e+03
      vertex  1.215538e+05 -3.623677e+03  5.241282e+03
      vertex  1.221191e+05 -3.403101e+03  5.260987e+03
    endloop
  endfacet
  facet normal  3.575608e-01 -8.915923e-01 -2.778729e-01
    outer loop
      vertex  1.221191e+05 -3.403101e+03  5.260987e+03
      vertex  1.215538e+05 -3.623677e+03  5.241282e+03
      vertex  1.215370e+05 -3.575477e+03  5.065022e+03
    endloop
  endfacet
  facet normal  3.550794e-01 -8.960105e-01 -2.666156e-01
    outer loop
      vertex  1.221191e+05 -3.403101e+03  5.260987e+03
      vertex  1.215370e+05 -3.575477e+03  5.065022e+03
      vertex  1.221046e+05 -3.356217e+03  5.084122e+03
    endloop
  endfacet
  facet normal  3.560500e-01 -8.997733e-01 -2.522623e-01
    outer loop
      vertex  1.221046e+05 -3.356217e+03  5.084122e+03
      vertex  1.215370e+05 -3.575477e+03  5.065022e+03
      vertex  1.215202e+05 -3.532433e+03  4.887807e+03
    endloop
  endfacet
  facet normal  3.531728e-01 -9.043624e-01 -2.395782e-01
    outer loop
      vertex  1.221046e+05 -3.356217e+03  5.084122e+03
      vertex  1.215202e+05 -3.532433e+03  4.887807e+03
      vertex  1.220901e+05 -3.314757e+03  4.906257e+03
    endloop
  endfacet
  facet normal  3.538722e-01 -9.072244e-01 -2.274167e-01
    outer loop
      vertex  1.220901e+05 -3.314757e+03  4.906257e+03
      vertex  1.215202e+05 -3.532433e+03  4.887807e+03
      vertex  1.215034e+05 -3.494366e+03  4.709823e+03
    endloop
  endfacet
  facet normal  3.505788e-01 -9.119237e-01 -2.132832e-01
    outer loop
      vertex  1.220901e+05 -3.314757e+03  4.906257e+03
      vertex  1.215034e+05 -3.494366e+03  4.709823e+03
      vertex  1.220756e+05 -3.278541e+03  4.727585e+03
    endloop
  endfacet
  facet normal  3.510456e-01 -9.139601e-01 -2.035777e-01
    outer loop
      vertex  1.220756e+05 -3.278541e+03  4.727585e+03
      vertex  1.215034e+05 -3.494366e+03  4.709823e+03
      vertex  1.214867e+05 -3.461037e+03  4.531256e+03
    endloop
  endfacet
  facet normal  3.473350e-01 -9.186931e-01 -1.880461e-01
    outer loop
      vertex  1.220756e+05 -3.278541e+03  4.727585e+03
      vertex  1.214867e+05 -3.461037e+03  4.531256e+03
      vertex  1.220612e+05 -3.247323e+03  4.548303e+03
    endloop
  endfacet
  facet normal  3.474699e-01 -9.193240e-01 -1.846835e-01
    outer loop
      vertex  1.220612e+05 -3.247323e+03  4.548303e+03
      vertex  1.214867e+05 -3.461037e+03  4.531256e+03
      vertex  1.214755e+05 -3.441304e+03  4.411979e+03
    endloop
  endfacet
  facet normal  3.450379e-01 -9.233349e-01 -1.685279e-01
    outer loop
      vertex  1.220612e+05 -3.247323e+03  4.548303e+03
      vertex  1.214755e+05 -3.441304e+03  4.411979e+03
      vertex  1.220521e+05 -3.230290e+03  4.436542e+03
    endloop
  endfacet
  facet normal  3.449968e-01 -9.230010e-01 -1.704302e-01
    outer loop
      vertex  1.220521e+05 -3.230290e+03  4.436542e+03
      vertex  1.214755e+05 -3.441304e+03  4.411979e+03
      vertex  1.214643e+05 -3.423439e+03  4.292578e+03
    endloop
  endfacet
  facet normal  3.423160e-01 -9.268182e-01 -1.543623e-01
    outer loop
      vertex  1.220521e+05 -3.230290e+03  4.436542e+03
      vertex  1.214643e+05 -3.423439e+03  4.292578e+03
      vertex  1.220431e+05 -3.214987e+03  4.324665e+03
    endloop
  endfacet
  facet normal  3.423041e-01 -9.263762e-01 -1.570192e-01
    outer loop
      vertex  1.220431e+05 -3.214987e+03  4.324665e+03
      vertex  1.214643e+05 -3.423439e+03  4.292578e+03
      vertex  1.214531e+05 -3.407322e+03  4.173106e+03
    endloop
  endfacet
  facet normal  3.391916e-01 -9.302421e-01 -1.399956e-01
    outer loop
      vertex  1.220431e+05 -3.214987e+03  4.324665e+03
      vertex  1.214531e+05 -3.407322e+03  4.173106e+03
      vertex  1.220328e+05 -3.199483e+03  4.196677e+03
    endloop
  endfacet
  facet normal  3.391344e-01 -9.295656e-01 -1.445529e-01
    outer loop
      vertex  1.220328e+05 -3.199483e+03  4.196677e+03
      vertex  1.214531e+05 -3.407322e+03  4.173106e+03
      vertex  1.214419e+05 -3.392822e+03  4.053612e+03
    endloop
  endfacet
  facet normal  3.358608e-01 -9.334810e-01 -1.257404e-01
    outer loop
      vertex  1.220328e+05 -3.199483e+03  4.196677e+03
      vertex  1.214419e+05 -3.392822e+03  4.053612e+03
      vertex  1.220225e+05 -3.185946e+03  4.068657e+03
    endloop
  endfacet
  facet normal  2.393449e-01 -9.349173e-01 -2.619996e-01
    outer loop
      vertex  1.224546e+05 -2.813757e+03  1.838365e+03
      vertex  1.218284e+05 -2.934542e+03  1.697358e+03
      vertex  1.224452e+05 -2.777821e+03  1.701521e+03
    endloop
  endfacet
  facet normal  2.347512e-01 -9.150898e-01 -3.278755e-01
    outer loop
      vertex  1.224452e+05 -2.777821e+03  1.701521e+03
      vertex  1.218284e+05 -2.934542e+03  1.697358e+03
      vertex  1.218171e+05 -2.888640e+03  1.561155e+03
    endloop
  endfacet
  facet normal  2.316633e-01 -9.227451e-01 -3.080156e-01
    outer loop
      vertex  1.224452e+05 -2.777821e+03  1.701521e+03
      vertex  1.218171e+05 -2.888640e+03  1.561155e+03
      vertex  1.224358e+05 -2.734436e+03  1.564469e+03
    endloop
  endfacet
  facet normal  2.261232e-01 -8.990831e-01 -3.748571e-01
    outer loop
      vertex  1.224358e+05 -2.734436e+03  1.564469e+03
      vertex  1.218171e+05 -2.888640e+03  1.561155e+03
      vertex  1.218058e+05 -2.834570e+03  1.424654e+03
    endloop
  endfacet
  facet normal  2.234219e-01 -9.069791e-01 -3.570317e-01
    outer loop
      vertex  1.224358e+05 -2.734436e+03  1.564469e+03
      vertex  1.218058e+05 -2.834570e+03  1.424654e+03
      vertex  1.224264e+05 -2.682659e+03  1.427048e+03
    endloop
  endfacet
  facet normal  2.428244e-01 -9.276718e-01 -2.836572e-01
    outer loop
      vertex  1.218284e+05 -2.934542e+03  1.697358e+03
      vertex  1.224546e+05 -2.813757e+03  1.838365e+03
      vertex  1.218398e+05 -2.973184e+03  1.833412e+03
    endloop
  endfacet
  facet normal  2.461733e-01 -9.423592e-01 -2.266226e-01
    outer loop
      vertex  1.218398e+05 -2.973184e+03  1.833412e+03
      vertex  1.224546e+05 -2.813757e+03  1.838365e+03
      vertex  1.224608e+05 -2.833701e+03  1.928002e+03
    endloop
  endfacet
  facet normal  2.482589e-01 -9.359339e-01 -2.497901e-01
    outer loop
      vertex  1.218398e+05 -2.973184e+03  1.833412e+03
      vertex  1.224608e+05 -2.833701e+03  1.928002e+03
      vertex  1.218470e+05 -2.994640e+03  1.921040e+03
    endloop
  endfacet
  facet normal  2.506141e-01 -9.470353e-01 -2.007903e-01
    outer loop
      vertex  1.218470e+05 -2.994640e+03  1.921040e+03
      vertex  1.224608e+05 -2.833701e+03  1.928002e+03
      vertex  1.224669e+05 -2.851074e+03  2.017645e+03
    endloop
  endfacet
  facet normal  2.529990e-01 -9.408819e-01 -2.252390e-01
    outer loop
      vertex  1.218470e+05 -2.994640e+03  1.921040e+03
      vertex  1.224669e+05 -2.851074e+03  2.017645e+03
      vertex  1.218543e+05 -3.013665e+03  2.008691e+03
    endloop
  endfacet
  facet normal  2.548975e-01 -9.507183e-01 -1.765276e-01
    outer loop
      vertex  1.218543e+05 -3.013665e+03  2.008691e+03
      vertex  1.224669e+05 -2.851074e+03  2.017645e+03
      vertex  1.224733e+05 -2.866589e+03  2.110418e+03
    endloop
  endfacet
  facet normal  2.576671e-01 -9.449395e-01 -2.017352e-01
    outer loop
      vertex  1.218543e+05 -3.013665e+03  2.008691e+03
      vertex  1.224733e+05 -2.866589e+03  2.110418e+03
      vertex  1.218621e+05 -3.031568e+03  2.102510e+03
    endloop
  endfacet
  facet normal  3.402913e-01 -9.327179e-01 -1.193281e-01
    outer loop
      vertex  1.226235e+05 -3.001414e+03  4.332902e+03
      vertex  1.220328e+05 -3.199483e+03  4.196677e+03
      vertex  1.226152e+05 -2.988511e+03  4.208319e+03
    endloop
  endfacet
  facet normal  3.401303e-01 -9.319099e-01 -1.259179e-01
    outer loop
      vertex  1.226152e+05 -2.988511e+03  4.208319e+03
      vertex  1.220328e+05 -3.199483e+03  4.196677e+03
      vertex  1.220225e+05 -3.185946e+03  4.068657e+03
    endloop
  endfacet
  facet normal  3.364470e-01 -9.358642e-01 -1.046979e-01
    outer loop
      vertex  1.226152e+05 -2.988511e+03  4.208319e+03
      vertex  1.220225e+05 -3.185946e+03  4.068657e+03
      vertex  1.226069e+05 -2.977561e+03  4.083701e+03
    endloop
  endfacet
  facet normal  3.437008e-01 -9.285614e-01 -1.401550e-01
    outer loop
      vertex  1.220328e+05 -3.199483e+03  4.196677e+03
      vertex  1.226235e+05 -3.001414e+03  4.332902e+03
      vertex  1.220431e+05 -3.214987e+03  4.324665e+03
    endloop
  endfacet
  facet normal  3.439011e-01 -9.293242e-01 -1.344941e-01
    outer loop
      vertex  1.220431e+05 -3.214987e+03  4.324665e+03
      vertex  1.226235e+05 -3.001414e+03  4.332902e+03
      vertex  1.226313e+05 -3.015367e+03  4.449192e+03
    endloop
  endfacet
  facet normal  3.467209e-01 -9.251580e-01 -1.544902e-01
    outer loop
      vertex  1.220431e+05 -3.214987e+03  4.324665e+03
      vertex  1.226313e+05 -3.015367e+03  4.449192e+03
      vertex  1.220521e+05 -3.230290e+03  4.436542e+03
    endloop
  endfacet
  facet normal  3.468760e-01 -9.258414e-01 -1.499821e-01
    outer loop
      vertex  1.220521e+05 -3.230290e+03  4.436542e+03
      vertex  1.226313e+05 -3.015367e+03  4.449192e+03
      vertex  1.226390e+05 -3.031271e+03  4.565349e+03
    endloop
  endfacet
  facet normal  3.495379e-01 -9.216222e-01 -1.686295e-01
    outer loop
      vertex  1.220521e+05 -3.230290e+03  4.436542e+03
      vertex  1.226390e+05 -3.031271e+03  4.565349e+03
      vertex  1.220612e+05 -3.247323e+03  4.548303e+03
    endloop
  endfacet
  facet normal  3.624098e-01 -8.849806e-01 -2.923501e-01
    outer loop
      vertex  1.221191e+05 -3.403101e+03  5.260987e+03
      vertex  1.226942e+05 -3.207417e+03  5.381556e+03
      vertex  1.221320e+05 -3.449432e+03  5.417206e+03
    endloop
  endfacet
  facet normal  3.608713e-01 -8.826883e-01 -3.010536e-01
    outer loop
      vertex  1.221320e+05 -3.449432e+03  5.417206e+03
      vertex  1.226942e+05 -3.207417e+03  5.381556e+03
      vertex  1.227080e+05 -3.270111e+03  5.581923e+03
    endloop
  endfacet
  facet normal  3.633461e-01 -8.761141e-01 -3.168655e-01
    outer loop
      vertex  1.221320e+05 -3.449432e+03  5.417206e+03
      vertex  1.227080e+05 -3.270111e+03  5.581923e+03
      vertex  1.221449e+05 -3.500198e+03  5.572354e+03
    endloop
  endfacet
  facet normal  3.613440e-01 -8.704941e-01 -3.341711e-01
    outer loop
      vertex  1.221449e+05 -3.500198e+03  5.572354e+03
      vertex  1.227080e+05 -3.270111e+03  5.581923e+03
      vertex  1.227218e+05 -3.340513e+03  5.780242e+03
    endloop
  endfacet
  facet normal  3.629760e-01 -8.670135e-01 -3.413738e-01
    outer loop
      vertex  1.221449e+05 -3.500198e+03  5.572354e+03
      vertex  1.227218e+05 -3.340513e+03  5.780242e+03
      vertex  1.221578e+05 -3.555418e+03  5.726306e+03
    endloop
  endfacet
  facet normal  2.346931e-01 -9.423578e-01 -2.384974e-01
    outer loop
      vertex  1.230750e+05 -2.656849e+03  1.843318e+03
      vertex  1.224452e+05 -2.777821e+03  1.701521e+03
      vertex  1.230676e+05 -2.623865e+03  1.705685e+03
    endloop
  endfacet
  facet normal  2.303851e-01 -9.230610e-01 -3.080278e-01
    outer loop
      vertex  1.230676e+05 -2.623865e+03  1.705685e+03
      vertex  1.224452e+05 -2.777821e+03  1.701521e+03
      vertex  1.224358e+05 -2.734436e+03  1.564469e+03
    endloop
  endfacet
  facet normal  2.269173e-01 -9.308457e-01 -2.864170e-01
    outer loop
      vertex  1.230676e+05 -2.623865e+03  1.705685e+03
      vertex  1.224358e+05 -2.734436e+03  1.564469e+03
      vertex  1.230602e+05 -2.583242e+03  1.567784e+03
    endloop
  endfacet
  facet normal  2.216168e-01 -9.074070e-01 -3.570693e-01
    outer loop
      vertex  1.230602e+05 -2.583242e+03  1.567784e+03
      vertex  1.224358e+05 -2.734436e+03  1.564469e+03
      vertex  1.224264e+05 -2.682659e+03  1.427048e+03
    endloop
  endfacet
  facet normal  2.185705e-01 -9.155668e-01 -3.375860e-01
    outer loop
      vertex  1.230602e+05 -2.583242e+03  1.567784e+03
      vertex  1.224264e+05 -2.682659e+03  1.427048e+03
      vertex  1.230527e+05 -2.534006e+03  1.429443e+03
    endloop
  endfacet
  facet normal  2.385920e-01 -9.351100e-01 -2.619985e-01
    outer loop
      vertex  1.224452e+05 -2.777821e+03  1.701521e+03
      vertex  1.230750e+05 -2.656849e+03  1.843318e+03
      vertex  1.224546e+05 -2.813757e+03  1.838365e+03
    endloop
  endfacet
  facet normal  2.416723e-01 -9.491981e-01 -2.015376e-01
    outer loop
      vertex  1.224546e+05 -2.813757e+03  1.838365e+03
      vertex  1.230750e+05 -2.656849e+03  1.843318e+03
      vertex  1.230800e+05 -2.675056e+03  1.934999e+03
    endloop
  endfacet
  facet normal  2.441466e-01 -9.428914e-01 -2.266016e-01
    outer loop
      vertex  1.224546e+05 -2.813757e+03  1.838365e+03
      vertex  1.230800e+05 -2.675056e+03  1.934999e+03
      vertex  1.224608e+05 -2.833701e+03  1.928002e+03
    endloop
  endfacet
  facet normal  2.462461e-01 -9.533879e-01 -1.743967e-01
    outer loop
      vertex  1.224608e+05 -2.833701e+03  1.928002e+03
      vertex  1.230800e+05 -2.675056e+03  1.934999e+03
      vertex  1.230849e+05 -2.690545e+03  2.026666e+03
    endloop
  endfacet
  facet normal  2.490529e-01 -9.474528e-01 -2.007637e-01
    outer loop
      vertex  1.224608e+05 -2.833701e+03  1.928002e+03
      vertex  1.230849e+05 -2.690545e+03  2.026666e+03
      vertex  1.224669e+05 -2.851074e+03  2.017645e+03
    endloop
  endfacet
  facet normal  2.506485e-01 -9.564819e-01 -1.493912e-01
    outer loop
      vertex  1.224669e+05 -2.851074e+03  2.017645e+03
      vertex  1.230849e+05 -2.690545e+03  2.026666e+03
      vertex  1.230899e+05 -2.703570e+03  2.118359e+03
    endloop
  endfacet
  facet normal  2.537412e-01 -9.510325e-01 -1.765004e-01
    outer loop
      vertex  1.224669e+05 -2.851074e+03  2.017645e+03
      vertex  1.230899e+05 -2.703570e+03  2.118359e+03
      vertex  1.224733e+05 -2.866589e+03  2.110418e+03
    endloop
  endfacet
  facet normal  3.095010e-01 -9.506172e-01 -2.315369e-02
    outer loop
      vertex  1.236800e+05 -2.579354e+03  3.432857e+03
      vertex  1.231655e+05 -2.749378e+03  3.535419e+03
      vertex  1.231584e+05 -2.748415e+03  3.401574e+03
    endloop
  endfacet
  facet normal  3.151817e-01 -9.487418e-01 -2.343962e-02
    outer loop
      vertex  1.231584e+05 -2.748415e+03  3.401574e+03
      vertex  1.231655e+05 -2.749378e+03  3.535419e+03
      vertex  1.225688e+05 -2.947080e+03  3.514114e+03
    endloop
  endfacet
  facet normal  3.104278e-01 -9.493147e-01 -4.935824e-02
    outer loop
      vertex  1.231584e+05 -2.748415e+03  3.401574e+03
      vertex  1.225688e+05 -2.947080e+03  3.514114e+03
      vertex  1.225600e+05 -2.943165e+03  3.383735e+03
    endloop
  endfacet
  facet normal  3.409112e-01 -9.350975e-01 -9.681111e-02
    outer loop
      vertex  1.232078e+05 -2.786284e+03  4.341774e+03
      vertex  1.226152e+05 -2.988511e+03  4.208319e+03
      vertex  1.232014e+05 -2.776029e+03  4.220278e+03
    endloop
  endfacet
  facet normal  3.407785e-01 -9.342788e-01 -1.048478e-01
    outer loop
      vertex  1.232014e+05 -2.776029e+03  4.220278e+03
      vertex  1.226152e+05 -2.988511e+03  4.208319e+03
      vertex  1.226069e+05 -2.977561e+03  4.083701e+03
    endloop
  endfacet
  facet normal  3.367590e-01 -9.380296e-01 -8.181546e-02
    outer loop
      vertex  1.232014e+05 -2.776029e+03  4.220278e+03
      vertex  1.226069e+05 -2.977561e+03  4.083701e+03
      vertex  1.231950e+05 -2.767715e+03  4.098746e+03
    endloop
  endfacet
  facet normal  3.446464e-01 -9.311016e-01 -1.194516e-01
    outer loop
      vertex  1.226152e+05 -2.988511e+03  4.208319e+03
      vertex  1.232078e+05 -2.786284e+03  4.341774e+03
      vertex  1.226235e+05 -3.001414e+03  4.332902e+03
    endloop
  endfacet
  facet normal  3.448278e-01 -9.318711e-01 -1.127381e-01
    outer loop
      vertex  1.226235e+05 -3.001414e+03  4.332902e+03
      vertex  1.232078e+05 -2.786284e+03  4.341774e+03
      vertex  1.232141e+05 -2.798512e+03  4.462158e+03
    endloop
  endfacet
  facet normal  3.481819e-01 -9.277152e-01 -1.345873e-01
    outer loop
      vertex  1.226235e+05 -3.001414e+03  4.332902e+03
      vertex  1.232141e+05 -2.798512e+03  4.462158e+03
      vertex  1.226313e+05 -3.015367e+03  4.449192e+03
    endloop
  endfacet
  facet normal  3.483176e-01 -9.283811e-01 -1.295506e-01
    outer loop
      vertex  1.226313e+05 -3.015367e+03  4.449192e+03
      vertex  1.232141e+05 -2.798512e+03  4.462158e+03
      vertex  1.232204e+05 -2.812919e+03  4.582396e+03
    endloop
  endfacet
  facet normal  3.514791e-01 -9.240927e-01 -1.500507e-01
    outer loop
      vertex  1.226313e+05 -3.015367e+03  4.449192e+03
      vertex  1.232204e+05 -2.812919e+03  4.582396e+03
      vertex  1.226390e+05 -3.031271e+03  4.565349e+03
    endloop
  endfacet
  facet normal  3.654832e-01 -8.557147e-01 -3.662983e-01
    outer loop
      vertex  1.227884e+05 -3.396869e+03  5.978279e+03
      vertex  1.227218e+05 -3.340513e+03  5.780242e+03
      vertex  1.232857e+05 -3.108732e+03  5.801356e+03
    endloop
  endfacet
  facet normal  3.690839e-01 -8.674496e-01 -3.336291e-01
    outer loop
      vertex  1.232857e+05 -3.108732e+03  5.801356e+03
      vertex  1.227218e+05 -3.340513e+03  5.780242e+03
      vertex  1.227080e+05 -3.270111e+03  5.581923e+03
    endloop
  endfacet
  facet normal  3.664879e-01 -8.725384e-01 -3.230530e-01
    outer loop
      vertex  1.232857e+05 -3.108732e+03  5.801356e+03
      vertex  1.227080e+05 -3.270111e+03  5.581923e+03
      vertex  1.232748e+05 -3.039694e+03  5.602537e+03
    endloop
  endfacet
  facet normal  3.685631e-01 -8.796485e-01 -3.006325e-01
    outer loop
      vertex  1.232748e+05 -3.039694e+03  5.602537e+03
      vertex  1.227080e+05 -3.270111e+03  5.581923e+03
      vertex  1.226942e+05 -3.207417e+03  5.381556e+03
    endloop
  endfacet
  facet normal  3.654507e-01 -8.850374e-01 -2.883653e-01
    outer loop
      vertex  1.232748e+05 -3.039694e+03  5.602537e+03
      vertex  1.226942e+05 -3.207417e+03  5.381556e+03
      vertex  1.232639e+05 -2.978713e+03  5.401583e+03
    endloop
  endfacet
  facet normal  3.670613e-01 -8.908652e-01 -2.676288e-01
    outer loop
      vertex  1.232639e+05 -2.978713e+03  5.401583e+03
      vertex  1.226942e+05 -3.207417e+03  5.381556e+03
      vertex  1.226804e+05 -3.152380e+03  5.179419e+03
    endloop
  endfacet
  facet normal  3.633999e-01 -8.964366e-01 -2.536574e-01
    outer loop
      vertex  1.232639e+05 -2.978713e+03  5.401583e+03
      vertex  1.226804e+05 -3.152380e+03  5.179419e+03
      vertex  1.232530e+05 -2.925740e+03  5.198784e+03
    endloop
  endfacet
  facet normal  3.645862e-01 -9.010277e-01 -2.350020e-01
    outer loop
      vertex  1.232530e+05 -2.925740e+03  5.198784e+03
      vertex  1.226804e+05 -3.152380e+03  5.179419e+03
      vertex  1.226666e+05 -3.104857e+03  4.975806e+03
    endloop
  endfacet
  facet normal  3.603461e-01 -9.066696e-01 -2.193191e-01
    outer loop
      vertex  1.232530e+05 -2.925740e+03  5.198784e+03
      vertex  1.226666e+05 -3.104857e+03  4.975806e+03
      vertex  1.232421e+05 -2.880634e+03  4.994445e+03
    endloop
  endfacet
  facet normal  2.057028e-01 -8.680146e-01 -4.519258e-01
    outer loop
      vertex  1.222683e+05 -2.656845e+03  1.288746e+03
      vertex  1.224223e+05 -2.577598e+03  1.206620e+03
      vertex  1.227354e+05 -2.546691e+03  1.289784e+03
    endloop
  endfacet
  facet normal  2.024854e-01 -8.765539e-01 -4.366383e-01
    outer loop
      vertex  1.227354e+05 -2.546691e+03  1.289784e+03
      vertex  1.224223e+05 -2.577598e+03  1.206620e+03
      vertex  1.230496e+05 -2.433049e+03  1.207365e+03
    endloop
  endfacet
  facet normal  2.024931e-01 -8.765615e-01 -4.366195e-01
    outer loop
      vertex  1.227354e+05 -2.546691e+03  1.289784e+03
      vertex  1.230496e+05 -2.433049e+03  1.207365e+03
      vertex  1.232059e+05 -2.438515e+03  1.290823e+03
    endloop
  endfacet
  facet normal  1.970675e-01 -8.825873e-01 -4.268536e-01
    outer loop
      vertex  1.232059e+05 -2.438515e+03  1.290823e+03
      vertex  1.230496e+05 -2.433049e+03  1.207365e+03
      vertex  1.236800e+05 -2.284599e+03  1.191442e+03
    endloop
  endfacet
  facet normal  1.991339e-01 -8.850339e-01 -4.207857e-01
    outer loop
      vertex  1.232059e+05 -2.438515e+03  1.290823e+03
      vertex  1.236800e+05 -2.284599e+03  1.191442e+03
      vertex  1.236800e+05 -2.332342e+03  1.291861e+03
    endloop
  endfacet
  facet normal  2.202081e-01 -8.390725e-01 -4.974594e-01
    outer loop
      vertex  1.199800e+05 -3.187998e+03  1.203766e+03
      vertex  1.208863e+05 -2.998679e+03  1.285632e+03
      vertex  1.199800e+05 -3.235303e+03  1.283556e+03
    endloop
  endfacet
  facet normal  2.206773e-01 -8.482531e-01 -4.814231e-01
    outer loop
      vertex  1.208863e+05 -2.998679e+03  1.285632e+03
      vertex  1.199800e+05 -3.187998e+03  1.203766e+03
      vertex  1.208796e+05 -2.954534e+03  1.204756e+03
    endloop
  endfacet
  facet normal  2.123155e-01 -8.157940e-01 -5.379613e-01
    outer loop
      vertex  1.208796e+05 -2.954534e+03  1.204756e+03
      vertex  1.199800e+05 -3.187998e+03  1.203766e+03
      vertex  1.199800e+05 -3.140535e+03  1.131791e+03
    endloop
  endfacet
  facet normal  2.135060e-01 -8.312251e-01 -5.133031e-01
    outer loop
      vertex  1.208796e+05 -2.954534e+03  1.204756e+03
      vertex  1.199800e+05 -3.140535e+03  1.131791e+03
      vertex  1.208739e+05 -2.922638e+03  1.150729e+03
    endloop
  endfacet
  facet normal  2.047063e-01 -7.894449e-01 -5.786815e-01
    outer loop
      vertex  1.208739e+05 -2.922638e+03  1.150729e+03
      vertex  1.199800e+05 -3.140535e+03  1.131791e+03
      vertex  1.199800e+05 -3.134905e+03  1.124110e+03
    endloop
  endfacet
  facet normal  2.090239e-01 -8.118239e-01 -5.452072e-01
    outer loop
      vertex  1.208739e+05 -2.922638e+03  1.150729e+03
      vertex  1.199800e+05 -3.134905e+03  1.124110e+03
      vertex  1.208861e+05 -2.901619e+03  1.124110e+03
    endloop
  endfacet
  facet normal  1.945298e-01 -8.427848e-01 -5.018685e-01
    outer loop
      vertex  1.222680e+05 -2.565876e+03  1.124110e+03
      vertex  1.227351e+05 -2.458046e+03  1.124110e+03
      vertex  1.224184e+05 -2.547440e+03  1.151468e+03
    endloop
  endfacet
  facet normal  1.836370e-01 -8.176085e-01 -5.457050e-01
    outer loop
      vertex  1.224184e+05 -2.547440e+03  1.151468e+03
      vertex  1.227351e+05 -2.458046e+03  1.124110e+03
      vertex  1.232058e+05 -2.352342e+03  1.124110e+03
    endloop
  endfacet
  facet normal  1.974259e-01 -8.621602e-01 -4.665862e-01
    outer loop
      vertex  1.224184e+05 -2.547440e+03  1.151468e+03
      vertex  1.232058e+05 -2.352342e+03  1.124110e+03
      vertex  1.230466e+05 -2.403753e+03  1.151763e+03
    endloop
  endfacet
  facet normal  1.838516e-01 -8.419862e-01 -5.072059e-01
    outer loop
      vertex  1.230466e+05 -2.403753e+03  1.151763e+03
      vertex  1.232058e+05 -2.352342e+03  1.124110e+03
      vertex  1.236800e+05 -2.248791e+03  1.124110e+03
    endloop
  endfacet
  facet normal  1.918761e-01 -8.665068e-01 -4.608140e-01
    outer loop
      vertex  1.230466e+05 -2.403753e+03  1.151763e+03
      vertex  1.236800e+05 -2.248791e+03  1.124110e+03
      vertex  1.236800e+05 -2.284599e+03  1.191442e+03
    endloop
  endfacet
  facet normal  1.967347e-01 -8.292403e-01 -5.231213e-01
    outer loop
      vertex  1.217963e+05 -2.694849e+03  1.151172e+03
      vertex  1.222680e+05 -2.565876e+03  1.124110e+03
      vertex  1.224184e+05 -2.547440e+03  1.151468e+03
    endloop
  endfacet
  facet normal  1.961088e-01 -8.275582e-01 -5.260122e-01
    outer loop
      vertex  1.222680e+05 -2.565876e+03  1.124110e+03
      vertex  1.217963e+05 -2.694849e+03  1.151172e+03
      vertex  1.218042e+05 -2.675789e+03  1.124110e+03
    endloop
  endfacet
  facet normal  2.021159e-01 -8.273227e-01 -5.241053e-01
    outer loop
      vertex  1.218042e+05 -2.675789e+03  1.124110e+03
      vertex  1.217963e+05 -2.694849e+03  1.151172e+03
      vertex  1.213335e+05 -2.807770e+03  1.150951e+03
    endloop
  endfacet
  facet normal  1.991504e-01 -8.194574e-01 -5.374279e-01
    outer loop
      vertex  1.218042e+05 -2.675789e+03  1.124110e+03
      vertex  1.213335e+05 -2.807770e+03  1.150951e+03
      vertex  1.213436e+05 -2.787727e+03  1.124110e+03
    endloop
  endfacet
  facet normal  2.050349e-01 -8.194501e-01 -5.352216e-01
    outer loop
      vertex  1.213436e+05 -2.787727e+03  1.124110e+03
      vertex  1.213335e+05 -2.807770e+03  1.150951e+03
      vertex  1.208739e+05 -2.922638e+03  1.150729e+03
    endloop
  endfacet
  facet normal  2.020355e-01 -8.115703e-01 -5.482110e-01
    outer loop
      vertex  1.213436e+05 -2.787727e+03  1.124110e+03
      vertex  1.208739e+05 -2.922638e+03  1.150729e+03
      vertex  1.208861e+05 -2.901619e+03  1.124110e+03
    endloop
  endfacet
  facet normal  2.114428e-01 -8.707979e-01 -4.438503e-01
    outer loop
      vertex  1.218045e+05 -2.768934e+03  1.287708e+03
      vertex  1.224223e+05 -2.577598e+03  1.206620e+03
      vertex  1.222683e+05 -2.656845e+03  1.288746e+03
    endloop
  endfacet
  facet normal  2.060734e-01 -8.617945e-01 -4.635126e-01
    outer loop
      vertex  1.224223e+05 -2.577598e+03  1.206620e+03
      vertex  1.218045e+05 -2.768934e+03  1.287708e+03
      vertex  1.218009e+05 -2.725774e+03  1.205874e+03
    endloop
  endfacet
  facet normal  2.138649e-01 -8.601719e-01 -4.629968e-01
    outer loop
      vertex  1.218009e+05 -2.725774e+03  1.205874e+03
      vertex  1.218045e+05 -2.768934e+03  1.287708e+03
      vertex  1.213439e+05 -2.882903e+03  1.286670e+03
    endloop
  endfacet
  facet normal  2.105291e-01 -8.555774e-01 -4.729324e-01
    outer loop
      vertex  1.218009e+05 -2.725774e+03  1.205874e+03
      vertex  1.213439e+05 -2.882903e+03  1.286670e+03
      vertex  1.213387e+05 -2.839207e+03  1.205315e+03
    endloop
  endfacet
  facet normal  2.171865e-01 -8.541124e-01 -4.725695e-01
    outer loop
      vertex  1.213387e+05 -2.839207e+03  1.205315e+03
      vertex  1.213439e+05 -2.882903e+03  1.286670e+03
      vertex  1.208863e+05 -2.998679e+03  1.285632e+03
    endloop
  endfacet
  facet normal  2.140403e-01 -8.497904e-01 -4.817083e-01
    outer loop
      vertex  1.213387e+05 -2.839207e+03  1.205315e+03
      vertex  1.208863e+05 -2.998679e+03  1.285632e+03
      vertex  1.208796e+05 -2.954534e+03  1.204756e+03
    endloop
  endfacet
  facet normal  1.916991e-01 -8.639539e-01 -4.656557e-01
    outer loop
      vertex  1.236800e+05 -2.284599e+03  1.191442e+03
      vertex  1.230496e+05 -2.433049e+03  1.207365e+03
      vertex  1.230466e+05 -2.403753e+03  1.151763e+03
    endloop
  endfacet
  facet normal  1.992688e-01 -8.624455e-01 -4.652736e-01
    outer loop
      vertex  1.230466e+05 -2.403753e+03  1.151763e+03
      vertex  1.230496e+05 -2.433049e+03  1.207365e+03
      vertex  1.224223e+05 -2.577598e+03  1.206620e+03
    endloop
  endfacet
  facet normal  1.957042e-01 -8.546036e-01 -4.809912e-01
    outer loop
      vertex  1.230466e+05 -2.403753e+03  1.151763e+03
      vertex  1.224223e+05 -2.577598e+03  1.206620e+03
      vertex  1.224184e+05 -2.547440e+03  1.151468e+03
    endloop
  endfacet
  facet normal  2.039672e-01 -8.528765e-01 -4.806237e-01
    outer loop
      vertex  1.224184e+05 -2.547440e+03  1.151468e+03
      vertex  1.224223e+05 -2.577598e+03  1.206620e+03
      vertex  1.218009e+05 -2.725774e+03  1.205874e+03
    endloop
  endfacet
  facet normal  2.005658e-01 -8.454654e-01 -4.949360e-01
    outer loop
      vertex  1.224184e+05 -2.547440e+03  1.151468e+03
      vertex  1.218009e+05 -2.725774e+03  1.205874e+03
      vertex  1.217963e+05 -2.694849e+03  1.151172e+03
    endloop
  endfacet
  facet normal  2.076914e-01 -8.439066e-01 -4.946572e-01
    outer loop
      vertex  1.217963e+05 -2.694849e+03  1.151172e+03
      vertex  1.218009e+05 -2.725774e+03  1.205874e+03
      vertex  1.213387e+05 -2.839207e+03  1.205315e+03
    endloop
  endfacet
  facet normal  2.048897e-01 -8.387293e-01 -5.045328e-01
    outer loop
      vertex  1.217963e+05 -2.694849e+03  1.151172e+03
      vertex  1.213387e+05 -2.839207e+03  1.205315e+03
      vertex  1.213335e+05 -2.807770e+03  1.150951e+03
    endloop
  endfacet
  facet normal  2.109449e-01 -8.373573e-01 -5.043163e-01
    outer loop
      vertex  1.213335e+05 -2.807770e+03  1.150951e+03
      vertex  1.213387e+05 -2.839207e+03  1.205315e+03
      vertex  1.208796e+05 -2.954534e+03  1.204756e+03
    endloop
  endfacet
  facet normal  2.082725e-01 -8.324478e-01 -5.134717e-01
    outer loop
      vertex  1.213335e+05 -2.807770e+03  1.150951e+03
      vertex  1.208796e+05 -2.954534e+03  1.204756e+03
      vertex  1.208739e+05 -2.922638e+03  1.150729e+03
    endloop
  endfacet
  facet normal  2.015162e-01 -7.735512e-01 -6.008408e-01
    outer loop
      vertex  1.199800e+05 -3.086441e+03  1.061715e+03
      vertex  1.205912e+05 -2.885111e+03  1.007510e+03
      vertex  1.199800e+05 -3.134905e+03  1.124110e+03
    endloop
  endfacet
  facet normal  1.977906e-01 -7.681954e-01 -6.088961e-01
    outer loop
      vertex  1.205912e+05 -2.885111e+03  1.007510e+03
      vertex  1.208861e+05 -2.901619e+03  1.124110e+03
      vertex  1.199800e+05 -3.134905e+03  1.124110e+03
    endloop
  endfacet
  facet normal  1.923010e-01 -7.531780e-01 -6.290813e-01
    outer loop
      vertex  1.205912e+05 -2.885111e+03  1.007510e+03
      vertex  1.199800e+05 -3.086441e+03  1.061715e+03
      vertex  1.199800e+05 -3.035605e+03  1.000851e+03
    endloop
  endfacet
  facet normal  1.794910e-01 -7.087346e-01 -6.822597e-01
    outer loop
      vertex  1.201703e+05 -2.888861e+03  8.944472e+02
      vertex  1.199800e+05 -2.982414e+03  9.415604e+02
      vertex  1.199800e+05 -2.926888e+03  8.838801e+02
    endloop
  endfacet
  facet normal  1.160010e-01 -7.558293e-01 -6.444111e-01
    outer loop
      vertex  1.246280e+05 -1.845323e+03  8.061583e+02
      vertex  1.246307e+05 -1.777697e+03  7.273243e+02
      vertex  1.246625e+05 -1.823781e+03  7.871118e+02
    endloop
  endfacet
  facet normal  1.456454e-01 -7.761018e-01 -6.135582e-01
    outer loop
      vertex  1.246215e+05 -1.859764e+03  8.228909e+02
      vertex  1.246280e+05 -1.845323e+03  8.061583e+02
      vertex  1.246625e+05 -1.823781e+03  7.871118e+02
    endloop
  endfacet
  facet normal  1.252041e-01 -7.456890e-01 -6.544249e-01
    outer loop
      vertex  1.247069e+05 -1.787888e+03  7.535279e+02
      vertex  1.246307e+05 -1.777697e+03  7.273243e+02
      vertex  1.247537e+05 -1.753305e+03  7.230740e+02
    endloop
  endfacet
  facet normal  1.490430e-01 -6.097184e-01 -7.784792e-01
    outer loop
      vertex  1.199800e+05 -2.741823e+03  7.169327e+02
      vertex  1.199800e+05 -2.672169e+03  6.623786e+02
      vertex  1.205188e+05 -2.597687e+03  7.071915e+02
    endloop
  endfacet
  facet normal  1.353551e-01 -5.667287e-01 -8.127101e-01
    outer loop
      vertex  1.205341e+05 -2.493188e+03  6.290886e+02
      vertex  1.199800e+05 -2.525531e+03  5.593553e+02
      vertex  1.205495e+05 -2.382597e+03  5.545265e+02
    endloop
  endfacet
  facet normal  7.839594e-02 -5.921095e-01 -8.020351e-01
    outer loop
      vertex  1.245348e+05 -1.555499e+03  5.069420e+02
      vertex  1.245380e+05 -1.463902e+03  4.396326e+02
      vertex  1.251600e+05 -1.412289e+03  4.623230e+02
    endloop
  endfacet
  facet normal  8.918969e-02 -6.297615e-01 -7.716511e-01
    outer loop
      vertex  1.251600e+05 -1.495057e+03  5.298720e+02
      vertex  1.245348e+05 -1.555499e+03  5.069420e+02
      vertex  1.251600e+05 -1.412289e+03  4.623230e+02
    endloop
  endfacet
  facet normal  1.044677e-01 -4.498237e-01 -8.869866e-01
    outer loop
      vertex  1.202074e+05 -2.223482e+03  4.141193e+02
      vertex  1.199800e+05 -2.288579e+03  4.203541e+02
      vertex  1.199800e+05 -2.205493e+03  3.782180e+02
    endloop
  endfacet
  facet normal  6.673037e-02 -5.325093e-01 -8.437896e-01
    outer loop
      vertex  1.245400e+05 -1.403570e+03  3.991737e+02
      vertex  1.248227e+05 -1.308531e+03  3.615495e+02
      vertex  1.251600e+05 -1.323113e+03  3.974272e+02
    endloop
  endfacet
  facet normal  5.360773e-02 -5.006478e-01 -8.639895e-01
    outer loop
      vertex  1.248227e+05 -1.308531e+03  3.615495e+02
      vertex  1.247121e+05 -1.190694e+03  2.864043e+02
      vertex  1.251600e+05 -1.228871e+03  3.363179e+02
    endloop
  endfacet
  facet normal  6.558490e-02 -5.428890e-01 -8.372396e-01
    outer loop
      vertex  1.251600e+05 -1.323113e+03  3.974272e+02
      vertex  1.248227e+05 -1.308531e+03  3.615495e+02
      vertex  1.251600e+05 -1.228871e+03  3.363179e+02
    endloop
  endfacet
  facet normal  4.503094e-02 -4.408166e-01 -8.964669e-01
    outer loop
      vertex  1.247121e+05 -1.190694e+03  2.864043e+02
      vertex  1.246262e+05 -1.058128e+03  2.169029e+02
      vertex  1.251600e+05 -1.127032e+03  2.775998e+02
    endloop
  endfacet
  facet normal  5.388600e-02 -4.987754e-01 -8.650545e-01
    outer loop
      vertex  1.251600e+05 -1.228871e+03  3.363179e+02
      vertex  1.247121e+05 -1.190694e+03  2.864043e+02
      vertex  1.251600e+05 -1.127032e+03  2.775998e+02
    endloop
  endfacet
  facet normal  7.761111e-02 -3.630014e-01 -9.285508e-01
    outer loop
      vertex  1.199800e+05 -2.033407e+03  3.000435e+02
      vertex  1.199800e+05 -1.853988e+03  2.299026e+02
      vertex  1.205256e+05 -1.826041e+03  2.645816e+02
    endloop
  endfacet
  facet normal  3.115578e-02 -3.852909e-01 -9.222690e-01
    outer loop
      vertex  1.246262e+05 -1.058128e+03  2.169029e+02
      vertex  1.246297e+05 -9.061593e+02  1.535352e+02
      vertex  1.251600e+05 -9.046055e+02  1.708001e+02
    endloop
  endfacet
  facet normal  3.958138e-02 -4.111202e-01 -9.107215e-01
    outer loop
      vertex  1.251600e+05 -1.020255e+03  2.230070e+02
      vertex  1.246262e+05 -1.058128e+03  2.169029e+02
      vertex  1.251600e+05 -9.046055e+02  1.708001e+02
    endloop
  endfacet
  facet normal  6.589802e-02 -3.174038e-01 -9.459981e-01
    outer loop
      vertex  1.199800e+05 -1.853988e+03  2.299026e+02
      vertex  1.199800e+05 -1.674439e+03  1.696600e+02
      vertex  1.205450e+05 -1.642595e+03  1.983335e+02
    endloop
  endfacet
  facet normal  2.267913e-02 -3.340035e-01 -9.422989e-01
    outer loop
      vertex  1.246297e+05 -9.061593e+02  1.535352e+02
      vertex  1.246332e+05 -7.438582e+02  9.609138e+01
      vertex  1.251600e+05 -7.841881e+02  1.230647e+02
    endloop
  endfacet
  facet normal  3.133061e-02 -3.683360e-01 -9.291646e-01
    outer loop
      vertex  1.251600e+05 -9.046055e+02  1.708001e+02
      vertex  1.246297e+05 -9.061593e+02  1.535352e+02
      vertex  1.251600e+05 -7.841881e+02  1.230647e+02
    endloop
  endfacet
  facet normal  5.508108e-02 -2.751463e-01 -9.598233e-01
    outer loop
      vertex  1.199800e+05 -1.674439e+03  1.696600e+02
      vertex  1.199800e+05 -1.489237e+03  1.165692e+02
      vertex  1.205644e+05 -1.448977e+03  1.385641e+02
    endloop
  endfacet
  facet normal  2.338928e-02 -3.264779e-01 -9.449154e-01
    outer loop
      vertex  1.251600e+05 -7.841881e+02  1.230647e+02
      vertex  1.246332e+05 -7.438582e+02  9.609138e+01
      vertex  1.251600e+05 -6.535973e+02  7.794424e+01
    endloop
  endfacet
  facet normal  4.284407e-02 -2.076667e-01 -9.772609e-01
    outer loop
      vertex  1.199800e+05 -1.298928e+03  7.042117e+01
      vertex  1.202852e+05 -1.086956e+03  3.875844e+01
      vertex  1.205838e+05 -1.245127e+03  8.545840e+01
    endloop
  endfacet
  facet normal  4.515740e-02 -2.354208e-01 -9.708439e-01
    outer loop
      vertex  1.205838e+05 -1.245127e+03  8.545840e+01
      vertex  1.199800e+05 -1.489237e+03  1.165692e+02
      vertex  1.199800e+05 -1.298928e+03  7.042117e+01
    endloop
  endfacet
  facet normal  5.399485e-02 -2.565375e-01 -9.650249e-01
    outer loop
      vertex  1.205644e+05 -1.448977e+03  1.385641e+02
      vertex  1.199800e+05 -1.489237e+03  1.165692e+02
      vertex  1.205838e+05 -1.245127e+03  8.545840e+01
    endloop
  endfacet
  facet normal  1.069476e-02 -2.390645e-01 -9.709448e-01
    outer loop
      vertex  1.246368e+05 -5.710745e+02  4.482627e+01
      vertex  1.248352e+05 -3.801369e+02 -1.032310e-12
      vertex  1.251600e+05 -5.184653e+02  3.763624e+01
    endloop
  endfacet
  facet normal  1.557012e-02 -2.858061e-01 -9.581609e-01
    outer loop
      vertex  1.251600e+05 -6.535973e+02  7.794424e+01
      vertex  1.246368e+05 -5.710745e+02  4.482627e+01
      vertex  1.251600e+05 -5.184653e+02  3.763624e+01
    endloop
  endfacet
  facet normal  3.643947e-02 -1.987598e-01 -9.793706e-01
    outer loop
      vertex  1.202852e+05 -1.086956e+03  3.875844e+01
      vertex  1.199800e+05 -1.298928e+03  7.042117e+01
      vertex  1.199800e+05 -1.110482e+03  3.217662e+01
    endloop
  endfacet
  facet normal  7.471717e-03 -2.461571e-01 -9.692011e-01
    outer loop
      vertex  1.251600e+05 -5.184653e+02  3.763624e+01
      vertex  1.248352e+05 -3.801369e+02 -1.032310e-12
      vertex  1.251600e+05 -3.702791e+02 -1.421085e-14
    endloop
  endfacet
  facet normal  9.713502e-03 -2.381024e-01 -9.711915e-01
    outer loop
      vertex  1.246368e+05 -5.710745e+02  4.482627e+01
      vertex  1.245103e+05 -3.933922e+02 -1.016930e-12
      vertex  1.248352e+05 -3.801369e+02 -1.032310e-12
    endloop
  endfacet
  facet normal  1.850737e-01 -8.475831e-01 -4.973435e-01
    outer loop
      vertex  1.236800e+05 -2.248791e+03  1.124110e+03
      vertex  1.232058e+05 -2.352342e+03  1.124110e+03
      vertex  1.236800e+05 -2.234644e+03  1.100000e+03
    endloop
  endfacet
  facet normal  1.853736e-01 -8.031162e-01 -5.662519e-01
    outer loop
      vertex  1.222680e+05 -2.565876e+03  1.124110e+03
      vertex  1.223816e+05 -2.459641e+03  1.010622e+03
      vertex  1.227351e+05 -2.458046e+03  1.124110e+03
    endloop
  endfacet
  facet normal  1.528331e-01 -8.170063e-01 -5.560060e-01
    outer loop
      vertex  1.244582e+05 -1.953055e+03  9.078455e+02
      vertex  1.245425e+05 -1.937756e+03  9.085355e+02
      vertex  1.245067e+05 -1.977634e+03  9.572964e+02
    endloop
  endfacet
  facet normal  1.339079e-01 -8.287911e-01 -5.432993e-01
    outer loop
      vertex  1.245067e+05 -1.977634e+03  9.572964e+02
      vertex  1.244750e+05 -2.016172e+03  1.008265e+03
      vertex  1.244582e+05 -1.953055e+03  9.078455e+02
    endloop
  endfacet
  facet normal  1.966681e-01 -7.298201e-01 -6.547399e-01
    outer loop
      vertex  1.199800e+05 -3.035605e+03  1.000851e+03
      vertex  1.199800e+05 -2.982414e+03  9.415604e+02
      vertex  1.201703e+05 -2.888861e+03  8.944472e+02
    endloop
  endfacet
  facet normal  1.515087e-01 -7.175502e-01 -6.798284e-01
    outer loop
      vertex  1.224023e+05 -2.319540e+03  8.486277e+02
      vertex  1.227960e+05 -2.188956e+03  7.985442e+02
      vertex  1.230818e+05 -2.178441e+03  8.511387e+02
    endloop
  endfacet
  facet normal  1.536874e-01 -7.220829e-01 -6.745194e-01
    outer loop
      vertex  1.224023e+05 -2.319540e+03  8.486277e+02
      vertex  1.220244e+05 -2.350150e+03  7.952810e+02
      vertex  1.227960e+05 -2.188956e+03  7.985442e+02
    endloop
  endfacet
  facet normal  1.550790e-01 -7.001188e-01 -6.969820e-01
    outer loop
      vertex  1.218035e+05 -2.449967e+03  8.463958e+02
      vertex  1.220244e+05 -2.350150e+03  7.952810e+02
      vertex  1.224023e+05 -2.319540e+03  8.486277e+02
    endloop
  endfacet
  facet normal  1.592602e-01 -7.058910e-01 -6.901841e-01
    outer loop
      vertex  1.212603e+05 -2.519353e+03  7.920179e+02
      vertex  1.220244e+05 -2.350150e+03  7.952810e+02
      vertex  1.218035e+05 -2.449967e+03  8.463958e+02
    endloop
  endfacet
  facet normal  1.210943e-01 -7.539489e-01 -6.456758e-01
    outer loop
      vertex  1.247069e+05 -1.787888e+03  7.535279e+02
      vertex  1.246625e+05 -1.823781e+03  7.871118e+02
      vertex  1.246307e+05 -1.777697e+03  7.273243e+02
    endloop
  endfacet
  facet normal  1.590725e-01 -6.361021e-01 -7.550298e-01
    outer loop
      vertex  1.205034e+05 -2.696181e+03  7.887547e+02
      vertex  1.199800e+05 -2.808950e+03  7.734862e+02
      vertex  1.199800e+05 -2.741823e+03  7.169327e+02
    endloop
  endfacet
  facet normal  1.356578e-01 -5.557477e-01 -8.202081e-01
    outer loop
      vertex  1.205341e+05 -2.493188e+03  6.290886e+02
      vertex  1.199800e+05 -2.600050e+03  6.098470e+02
      vertex  1.199800e+05 -2.525531e+03  5.593553e+02
    endloop
  endfacet
  facet normal  1.123008e-01 -4.757816e-01 -8.723649e-01
    outer loop
      vertex  1.199800e+05 -2.369585e+03  4.645343e+02
      vertex  1.199800e+05 -2.288579e+03  4.203541e+02
      vertex  1.202074e+05 -2.223482e+03  4.141193e+02
    endloop
  endfacet
  facet normal  7.720765e-02 -5.014088e-01 -8.617587e-01
    outer loop
      vertex  1.238120e+05 -1.433051e+03  3.559095e+02
      vertex  1.239233e+05 -1.484217e+03  3.956485e+02
      vertex  1.233097e+05 -1.572631e+03  3.921232e+02
    endloop
  endfacet
  facet normal  8.073556e-02 -4.807940e-01 -8.731088e-01
    outer loop
      vertex  1.231434e+05 -1.527985e+03  3.521533e+02
      vertex  1.233097e+05 -1.572631e+03  3.921232e+02
      vertex  1.226995e+05 -1.668703e+03  3.885979e+02
    endloop
  endfacet
  facet normal  8.012607e-02 -4.791236e-01 -8.740826e-01
    outer loop
      vertex  1.226995e+05 -1.668703e+03  3.885979e+02
      vertex  1.224784e+05 -1.632335e+03  3.483970e+02
      vertex  1.231434e+05 -1.527985e+03  3.521533e+02
    endloop
  endfacet
  facet normal  8.419531e-02 -4.633330e-01 -8.821756e-01
    outer loop
      vertex  1.224784e+05 -1.632335e+03  3.483970e+02
      vertex  1.226995e+05 -1.668703e+03  3.885979e+02
      vertex  1.220925e+05 -1.772283e+03  3.850726e+02
    endloop
  endfacet
  facet normal  8.483937e-02 -4.648793e-01 -8.812999e-01
    outer loop
      vertex  1.220925e+05 -1.772283e+03  3.850726e+02
      vertex  1.218172e+05 -1.745881e+03  3.446408e+02
      vertex  1.224784e+05 -1.632335e+03  3.483970e+02
    endloop
  endfacet
  facet normal  8.736952e-02 -4.499405e-01 -8.887745e-01
    outer loop
      vertex  1.215893e+05 -1.864198e+03  3.821348e+02
      vertex  1.218172e+05 -1.745881e+03  3.446408e+02
      vertex  1.220925e+05 -1.772283e+03  3.850726e+02
    endloop
  endfacet
  facet normal  8.954471e-02 -4.534895e-01 -8.867519e-01
    outer loop
      vertex  1.211598e+05 -1.868344e+03  3.408846e+02
      vertex  1.218172e+05 -1.745881e+03  3.446408e+02
      vertex  1.215893e+05 -1.864198e+03  3.821348e+02
    endloop
  endfacet
  facet normal  6.382857e-02 -4.653406e-01 -8.828273e-01
    outer loop
      vertex  1.234915e+05 -1.333209e+03  2.801111e+02
      vertex  1.238200e+05 -1.291369e+03  2.818101e+02
      vertex  1.238120e+05 -1.433051e+03  3.559095e+02
    endloop
  endfacet
  facet normal  6.850116e-02 -4.464885e-01 -8.921634e-01
    outer loop
      vertex  1.228276e+05 -1.425595e+03  2.766654e+02
      vertex  1.231637e+05 -1.377510e+03  2.784121e+02
      vertex  1.231434e+05 -1.527985e+03  3.521533e+02
    endloop
  endfacet
  facet normal  4.243974e-02 -4.548180e-01 -8.895726e-01
    outer loop
      vertex  1.251600e+05 -1.020255e+03  2.230070e+02
      vertex  1.251600e+05 -1.127032e+03  2.775998e+02
      vertex  1.246262e+05 -1.058128e+03  2.169029e+02
    endloop
  endfacet
  facet normal  6.110879e-02 -3.805478e-01 -9.227400e-01
    outer loop
      vertex  1.221773e+05 -1.359254e+03  2.058211e+02
      vertex  1.225061e+05 -1.310093e+03  2.073186e+02
      vertex  1.224922e+05 -1.476229e+03  2.749187e+02
    endloop
  endfacet
  facet normal  3.907804e-02 -2.143928e-01 -9.759656e-01
    outer loop
      vertex  1.206116e+05 -1.029547e+03  3.921767e+01
      vertex  1.205838e+05 -1.245127e+03  8.545840e+01
      vertex  1.202852e+05 -1.086956e+03  3.875844e+01
    endloop
  endfacet
  facet normal  1.398362e-01 -7.756813e-01 -6.154384e-01
    outer loop
      vertex  1.240999e+05 -1.938799e+03  8.039828e+02
      vertex  1.246280e+05 -1.845323e+03  8.061583e+02
      vertex  1.246215e+05 -1.859764e+03  8.228909e+02
    endloop
  endfacet
  facet normal  1.409465e-01 -7.863452e-01 -6.014944e-01
    outer loop
      vertex  1.240999e+05 -1.938799e+03  8.039828e+02
      vertex  1.246215e+05 -1.859764e+03  8.228909e+02
      vertex  1.245801e+05 -1.899075e+03  8.645826e+02
    endloop
  endfacet
  facet normal  1.430925e-01 -7.566557e-01 -6.379629e-01
    outer loop
      vertex  1.240999e+05 -1.938799e+03  8.039828e+02
      vertex  1.245801e+05 -1.899075e+03  8.645826e+02
      vertex  1.244604e+05 -1.914622e+03  8.561605e+02
    endloop
  endfacet
  facet normal  1.430755e-01 -7.568235e-01 -6.377677e-01
    outer loop
      vertex  1.240999e+05 -1.938799e+03  8.039828e+02
      vertex  1.244604e+05 -1.914622e+03  8.561605e+02
      vertex  1.237677e+05 -2.043443e+03  8.536496e+02
    endloop
  endfacet
  facet normal  1.430067e-01 -7.566886e-01 -6.379431e-01
    outer loop
      vertex  1.240999e+05 -1.938799e+03  8.039828e+02
      vertex  1.237677e+05 -2.043443e+03  8.536496e+02
      vertex  1.235756e+05 -2.036049e+03  8.018074e+02
    endloop
  endfacet
  facet normal  1.040129e-01 -6.751311e-01 -7.303283e-01
    outer loop
      vertex  1.245284e+05 -1.720956e+03  6.506495e+02
      vertex  1.245316e+05 -1.641138e+03  5.773192e+02
      vertex  1.249853e+05 -1.628022e+03  6.297974e+02
    endloop
  endfacet
  facet normal  1.132309e-01 -7.120510e-01 -6.929373e-01
    outer loop
      vertex  1.245284e+05 -1.720956e+03  6.506495e+02
      vertex  1.249853e+05 -1.628022e+03  6.297974e+02
      vertex  1.249004e+05 -1.665286e+03  6.542225e+02
    endloop
  endfacet
  facet normal  1.137781e-01 -7.159731e-01 -6.887940e-01
    outer loop
      vertex  1.245284e+05 -1.720956e+03  6.506495e+02
      vertex  1.249004e+05 -1.665286e+03  6.542225e+02
      vertex  1.248508e+05 -1.691675e+03  6.734574e+02
    endloop
  endfacet
  facet normal  1.138673e-01 -7.213747e-01 -6.831199e-01
    outer loop
      vertex  1.245284e+05 -1.720956e+03  6.506495e+02
      vertex  1.248508e+05 -1.691675e+03  6.734574e+02
      vertex  1.248041e+05 -1.719637e+03  6.952074e+02
    endloop
  endfacet
  facet normal  1.127461e-01 -7.282441e-01 -6.759799e-01
    outer loop
      vertex  1.245284e+05 -1.720956e+03  6.506495e+02
      vertex  1.248041e+05 -1.719637e+03  6.952074e+02
      vertex  1.247537e+05 -1.753305e+03  7.230740e+02
    endloop
  endfacet
  facet normal  1.182296e-01 -7.163012e-01 -6.877022e-01
    outer loop
      vertex  1.245284e+05 -1.720956e+03  6.506495e+02
      vertex  1.247537e+05 -1.753305e+03  7.230740e+02
      vertex  1.246307e+05 -1.777697e+03  7.273243e+02
    endloop
  endfacet
  facet normal  1.233486e-01 -7.119527e-01 -6.913092e-01
    outer loop
      vertex  1.245284e+05 -1.720956e+03  6.506495e+02
      vertex  1.246307e+05 -1.777697e+03  7.273243e+02
      vertex  1.241050e+05 -1.866333e+03  7.248077e+02
    endloop
  endfacet
  facet normal  1.180179e-01 -7.020309e-01 -7.022994e-01
    outer loop
      vertex  1.245284e+05 -1.720956e+03  6.506495e+02
      vertex  1.241050e+05 -1.866333e+03  7.248077e+02
      vertex  1.239016e+05 -1.823008e+03  6.473325e+02
    endloop
  endfacet
  facet normal  1.024887e-01 -6.942838e-01 -7.123666e-01
    outer loop
      vertex  1.249853e+05 -1.628022e+03  6.297974e+02
      vertex  1.245316e+05 -1.641138e+03  5.773192e+02
      vertex  1.250685e+05 -1.600991e+03  6.154319e+02
    endloop
  endfacet
  facet normal  1.023652e-01 -6.770319e-01 -7.287998e-01
    outer loop
      vertex  1.250685e+05 -1.600991e+03  6.154319e+02
      vertex  1.245316e+05 -1.641138e+03  5.773192e+02
      vertex  1.251600e+05 -1.495057e+03  5.298720e+02
    endloop
  endfacet
  facet normal  9.661166e-02 -6.745505e-01 -7.318795e-01
    outer loop
      vertex  1.250685e+05 -1.600991e+03  6.154319e+02
      vertex  1.251600e+05 -1.495057e+03  5.298720e+02
      vertex  1.251600e+05 -1.581996e+03  6.100006e+02
    endloop
  endfacet
  facet normal  1.794500e-01 -7.405311e-01 -6.476198e-01
    outer loop
      vertex  1.214900e+05 -2.665912e+03  1.009082e+03
      vertex  1.210392e+05 -2.774462e+03  1.008296e+03
      vertex  1.212005e+05 -2.638687e+03  8.977380e+02
    endloop
  endfacet
  facet normal  1.846692e-01 -7.431147e-01 -6.431779e-01
    outer loop
      vertex  1.212005e+05 -2.638687e+03  8.977380e+02
      vertex  1.210392e+05 -2.774462e+03  1.008296e+03
      vertex  1.205912e+05 -2.885111e+03  1.007510e+03
    endloop
  endfacet
  facet normal  1.774852e-01 -7.319043e-01 -6.578869e-01
    outer loop
      vertex  1.212005e+05 -2.638687e+03  8.977380e+02
      vertex  1.205912e+05 -2.885111e+03  1.007510e+03
      vertex  1.206101e+05 -2.780161e+03  8.958575e+02
    endloop
  endfacet
  facet normal  1.872272e-01 -7.313912e-01 -6.557536e-01
    outer loop
      vertex  1.206101e+05 -2.780161e+03  8.958575e+02
      vertex  1.205912e+05 -2.885111e+03  1.007510e+03
      vertex  1.199800e+05 -3.035605e+03  1.000851e+03
    endloop
  endfacet
  facet normal  1.800188e-01 -7.196909e-01 -6.705506e-01
    outer loop
      vertex  1.206101e+05 -2.780161e+03  8.958575e+02
      vertex  1.199800e+05 -3.035605e+03  1.000851e+03
      vertex  1.201703e+05 -2.888861e+03  8.944472e+02
    endloop
  endfacet
  facet normal  1.638277e-01 -7.097939e-01 -6.850935e-01
    outer loop
      vertex  1.218035e+05 -2.449967e+03  8.463958e+02
      vertex  1.212005e+05 -2.638687e+03  8.977380e+02
      vertex  1.212093e+05 -2.584956e+03  8.441639e+02
    endloop
  endfacet
  facet normal  1.721875e-01 -7.094576e-01 -6.833896e-01
    outer loop
      vertex  1.212093e+05 -2.584956e+03  8.441639e+02
      vertex  1.212005e+05 -2.638687e+03  8.977380e+02
      vertex  1.206101e+05 -2.780161e+03  8.958575e+02
    endloop
  endfacet
  facet normal  1.679190e-01 -6.993671e-01 -6.947581e-01
    outer loop
      vertex  1.212093e+05 -2.584956e+03  8.441639e+02
      vertex  1.206101e+05 -2.780161e+03  8.958575e+02
      vertex  1.206196e+05 -2.724320e+03  8.419319e+02
    endloop
  endfacet
  facet normal  1.750072e-01 -6.991187e-01 -6.932573e-01
    outer loop
      vertex  1.206196e+05 -2.724320e+03  8.419319e+02
      vertex  1.206101e+05 -2.780161e+03  8.958575e+02
      vertex  1.201703e+05 -2.888861e+03  8.944472e+02
    endloop
  endfacet
  facet normal  1.717356e-01 -6.925412e-01 -7.006379e-01
    outer loop
      vertex  1.206196e+05 -2.724320e+03  8.419319e+02
      vertex  1.201703e+05 -2.888861e+03  8.944472e+02
      vertex  1.201802e+05 -2.831582e+03  8.402580e+02
    endloop
  endfacet
  facet normal  1.771750e-01 -6.923648e-01 -6.994570e-01
    outer loop
      vertex  1.201802e+05 -2.831582e+03  8.402580e+02
      vertex  1.201703e+05 -2.888861e+03  8.944472e+02
      vertex  1.199800e+05 -2.926888e+03  8.838801e+02
    endloop
  endfacet
  facet normal  1.721500e-01 -6.854696e-01 -7.074572e-01
    outer loop
      vertex  1.201802e+05 -2.831582e+03  8.402580e+02
      vertex  1.199800e+05 -2.926888e+03  8.838801e+02
      vertex  1.199800e+05 -2.869056e+03  8.278450e+02
    endloop
  endfacet
  facet normal  1.686198e-01 -7.214417e-01 -6.716318e-01
    outer loop
      vertex  1.212005e+05 -2.638687e+03  8.977380e+02
      vertex  1.218035e+05 -2.449967e+03  8.463958e+02
      vertex  1.217955e+05 -2.501363e+03  8.996185e+02
    endloop
  endfacet
  facet normal  1.597258e-01 -7.218587e-01 -6.733556e-01
    outer loop
      vertex  1.217955e+05 -2.501363e+03  8.996185e+02
      vertex  1.218035e+05 -2.449967e+03  8.463958e+02
      vertex  1.224023e+05 -2.319540e+03  8.486277e+02
    endloop
  endfacet
  facet normal  1.650590e-01 -7.351962e-01 -6.574513e-01
    outer loop
      vertex  1.217955e+05 -2.501363e+03  8.996185e+02
      vertex  1.224023e+05 -2.319540e+03  8.486277e+02
      vertex  1.223954e+05 -2.368372e+03  9.014990e+02
    endloop
  endfacet
  facet normal  1.552095e-01 -7.357389e-01 -6.592407e-01
    outer loop
      vertex  1.223954e+05 -2.368372e+03  9.014990e+02
      vertex  1.224023e+05 -2.319540e+03  8.486277e+02
      vertex  1.230818e+05 -2.178441e+03  8.511387e+02
    endloop
  endfacet
  facet normal  1.615109e-01 -7.528872e-01 -6.380242e-01
    outer loop
      vertex  1.223954e+05 -2.368372e+03  9.014990e+02
      vertex  1.230818e+05 -2.178441e+03  8.511387e+02
      vertex  1.230762e+05 -2.224111e+03  9.036145e+02
    endloop
  endfacet
  facet normal  1.506642e-01 -7.536161e-01 -6.398148e-01
    outer loop
      vertex  1.230762e+05 -2.224111e+03  9.036145e+02
      vertex  1.230818e+05 -2.178441e+03  8.511387e+02
      vertex  1.237677e+05 -2.043443e+03  8.536496e+02
    endloop
  endfacet
  facet normal  1.575949e-01 -7.731100e-01 -6.143817e-01
    outer loop
      vertex  1.230762e+05 -2.224111e+03  9.036145e+02
      vertex  1.237677e+05 -2.043443e+03  8.536496e+02
      vertex  1.237637e+05 -2.085650e+03  9.057300e+02
    endloop
  endfacet
  facet normal  1.461999e-01 -7.740458e-01 -6.160186e-01
    outer loop
      vertex  1.237637e+05 -2.085650e+03  9.057300e+02
      vertex  1.237677e+05 -2.043443e+03  8.536496e+02
      vertex  1.244604e+05 -1.914622e+03  8.561605e+02
    endloop
  endfacet
  facet normal  1.537640e-01 -7.959954e-01 -5.854468e-01
    outer loop
      vertex  1.237637e+05 -2.085650e+03  9.057300e+02
      vertex  1.244604e+05 -1.914622e+03  8.561605e+02
      vertex  1.244582e+05 -1.953055e+03  9.078455e+02
    endloop
  endfacet
  facet normal  1.446999e-01 -7.969120e-01 -5.865092e-01
    outer loop
      vertex  1.244582e+05 -1.953055e+03  9.078455e+02
      vertex  1.244604e+05 -1.914622e+03  8.561605e+02
      vertex  1.245801e+05 -1.899075e+03  8.645826e+02
    endloop
  endfacet
  facet normal  1.503679e-01 -8.024570e-01 -5.774533e-01
    outer loop
      vertex  1.244582e+05 -1.953055e+03  9.078455e+02
      vertex  1.245801e+05 -1.899075e+03  8.645826e+02
      vertex  1.245425e+05 -1.937756e+03  9.085355e+02
    endloop
  endfacet
  facet normal  1.669763e-01 -6.727310e-01 -7.207997e-01
    outer loop
      vertex  1.206196e+05 -2.724320e+03  8.419319e+02
      vertex  1.201802e+05 -2.831582e+03  8.402580e+02
      vertex  1.205034e+05 -2.696181e+03  7.887547e+02
    endloop
  endfacet
  facet normal  1.715129e-01 -6.803985e-01 -7.124894e-01
    outer loop
      vertex  1.205034e+05 -2.696181e+03  7.887547e+02
      vertex  1.201802e+05 -2.831582e+03  8.402580e+02
      vertex  1.199800e+05 -2.869056e+03  8.278450e+02
    endloop
  endfacet
  facet normal  1.639031e-01 -6.616893e-01 -7.316440e-01
    outer loop
      vertex  1.205034e+05 -2.696181e+03  7.887547e+02
      vertex  1.199800e+05 -2.869056e+03  8.278450e+02
      vertex  1.199800e+05 -2.808950e+03  7.734862e+02
    endloop
  endfacet
  facet normal  1.350789e-01 -6.367868e-01 -7.591154e-01
    outer loop
      vertex  1.220486e+05 -2.166386e+03  6.373812e+02
      vertex  1.220365e+05 -2.261178e+03  7.147413e+02
      vertex  1.216675e+05 -2.244753e+03  6.353080e+02
    endloop
  endfacet
  facet normal  1.379929e-01 -6.231510e-01 -7.698317e-01
    outer loop
      vertex  1.216675e+05 -2.244753e+03  6.353080e+02
      vertex  1.220365e+05 -2.261178e+03  7.147413e+02
      vertex  1.212742e+05 -2.425322e+03  7.109664e+02
    endloop
  endfacet
  facet normal  1.359619e-01 -6.199566e-01 -7.727665e-01
    outer loop
      vertex  1.216675e+05 -2.244753e+03  6.353080e+02
      vertex  1.212742e+05 -2.425322e+03  7.109664e+02
      vertex  1.212881e+05 -2.325380e+03  6.332349e+02
    endloop
  endfacet
  facet normal  1.453069e-01 -6.199423e-01 -7.710754e-01
    outer loop
      vertex  1.212881e+05 -2.325380e+03  6.332349e+02
      vertex  1.212742e+05 -2.425322e+03  7.109664e+02
      vertex  1.205188e+05 -2.597687e+03  7.071915e+02
    endloop
  endfacet
  facet normal  1.391546e-01 -6.058785e-01 -7.832925e-01
    outer loop
      vertex  1.212881e+05 -2.325380e+03  6.332349e+02
      vertex  1.205188e+05 -2.597687e+03  7.071915e+02
      vertex  1.205341e+05 -2.493188e+03  6.290886e+02
    endloop
  endfacet
  facet normal  1.487696e-01 -6.059356e-01 -7.814791e-01
    outer loop
      vertex  1.205341e+05 -2.493188e+03  6.290886e+02
      vertex  1.205188e+05 -2.597687e+03  7.071915e+02
      vertex  1.199800e+05 -2.672169e+03  6.623786e+02
    endloop
  endfacet
  facet normal  1.402129e-01 -5.829490e-01 -8.003193e-01
    outer loop
      vertex  1.205341e+05 -2.493188e+03  6.290886e+02
      vertex  1.199800e+05 -2.672169e+03  6.623786e+02
      vertex  1.199800e+05 -2.600050e+03  6.098470e+02
    endloop
  endfacet
  facet normal  1.256651e-01 -5.290191e-01 -8.392539e-01
    outer loop
      vertex  1.199800e+05 -2.525531e+03  5.593553e+02
      vertex  1.199800e+05 -2.448684e+03  5.109155e+02
      vertex  1.205495e+05 -2.382597e+03  5.545265e+02
    endloop
  endfacet
  facet normal  1.238040e-01 -5.019304e-01 -8.560014e-01
    outer loop
      vertex  1.205495e+05 -2.382597e+03  5.545265e+02
      vertex  1.199800e+05 -2.448684e+03  5.109155e+02
      vertex  1.199800e+05 -2.369585e+03  4.645343e+02
    endloop
  endfacet
  facet normal  1.208986e-01 -5.269750e-01 -8.412377e-01
    outer loop
      vertex  1.205495e+05 -2.382597e+03  5.545265e+02
      vertex  1.199800e+05 -2.369585e+03  4.645343e+02
      vertex  1.205648e+05 -2.265832e+03  4.835879e+02
    endloop
  endfacet
  facet normal  1.129620e-01 -4.766225e-01 -8.718203e-01
    outer loop
      vertex  1.205648e+05 -2.265832e+03  4.835879e+02
      vertex  1.199800e+05 -2.369585e+03  4.645343e+02
      vertex  1.202074e+05 -2.223482e+03  4.141193e+02
    endloop
  endfacet
  facet normal  1.106204e-01 -4.872310e-01 -8.662385e-01
    outer loop
      vertex  1.205648e+05 -2.265832e+03  4.835879e+02
      vertex  1.202074e+05 -2.223482e+03  4.141193e+02
      vertex  1.205802e+05 -2.142818e+03  4.163573e+02
    endloop
  endfacet
  facet normal  1.045603e-01 -4.492309e-01 -8.872760e-01
    outer loop
      vertex  1.199800e+05 -2.205493e+03  3.782180e+02
      vertex  1.202173e+05 -2.142033e+03  3.740560e+02
      vertex  1.202074e+05 -2.223482e+03  4.141193e+02
    endloop
  endfacet
  facet normal  1.008646e-01 -4.490372e-01 -8.878017e-01
    outer loop
      vertex  1.202074e+05 -2.223482e+03  4.141193e+02
      vertex  1.202173e+05 -2.142033e+03  3.740560e+02
      vertex  1.205898e+05 -2.062731e+03  3.762593e+02
    endloop
  endfacet
  facet normal  1.037972e-01 -4.551939e-01 -8.843215e-01
    outer loop
      vertex  1.202074e+05 -2.223482e+03  4.141193e+02
      vertex  1.205898e+05 -2.062731e+03  3.762593e+02
      vertex  1.205802e+05 -2.142818e+03  4.163573e+02
    endloop
  endfacet
  facet normal  9.797050e-02 -4.549034e-01 -8.851354e-01
    outer loop
      vertex  1.205802e+05 -2.142818e+03  4.163573e+02
      vertex  1.205898e+05 -2.062731e+03  3.762593e+02
      vertex  1.210884e+05 -1.961064e+03  3.791971e+02
    endloop
  endfacet
  facet normal  1.015638e-01 -4.639090e-01 -8.800415e-01
    outer loop
      vertex  1.205802e+05 -2.142818e+03  4.163573e+02
      vertex  1.210884e+05 -1.961064e+03  3.791971e+02
      vertex  1.210794e+05 -2.039193e+03  4.193413e+02
    endloop
  endfacet
  facet normal  9.481500e-02 -4.635999e-01 -8.809570e-01
    outer loop
      vertex  1.210794e+05 -2.039193e+03  4.193413e+02
      vertex  1.210884e+05 -1.961064e+03  3.791971e+02
      vertex  1.215893e+05 -1.864198e+03  3.821348e+02
    endloop
  endfacet
  facet normal  9.867238e-02 -4.736139e-01 -8.751878e-01
    outer loop
      vertex  1.210794e+05 -2.039193e+03  4.193413e+02
      vertex  1.215893e+05 -1.864198e+03  3.821348e+02
      vertex  1.215809e+05 -1.940206e+03  4.223253e+02
    endloop
  endfacet
  facet normal  9.156661e-02 -4.733241e-01 -8.761163e-01
    outer loop
      vertex  1.215809e+05 -1.940206e+03  4.223253e+02
      vertex  1.215893e+05 -1.864198e+03  3.821348e+02
      vertex  1.220925e+05 -1.772283e+03  3.850726e+02
    endloop
  endfacet
  facet normal  9.569409e-02 -4.844466e-01 -8.695712e-01
    outer loop
      vertex  1.215809e+05 -1.940206e+03  4.223253e+02
      vertex  1.220925e+05 -1.772283e+03  3.850726e+02
      vertex  1.220850e+05 -1.846003e+03  4.253093e+02
    endloop
  endfacet
  facet normal  8.768374e-02 -4.841691e-01 -8.705698e-01
    outer loop
      vertex  1.220850e+05 -1.846003e+03  4.253093e+02
      vertex  1.220925e+05 -1.772283e+03  3.850726e+02
      vertex  1.226995e+05 -1.668703e+03  3.885979e+02
    endloop
  endfacet
  facet normal  9.254413e-02 -4.991495e-01 -8.615598e-01
    outer loop
      vertex  1.220850e+05 -1.846003e+03  4.253093e+02
      vertex  1.226995e+05 -1.668703e+03  3.885979e+02
      vertex  1.226930e+05 -1.739453e+03  4.288901e+02
    endloop
  endfacet
  facet normal  8.352879e-02 -4.989217e-01 -8.626123e-01
    outer loop
      vertex  1.226930e+05 -1.739453e+03  4.288901e+02
      vertex  1.226995e+05 -1.668703e+03  3.885979e+02
      vertex  1.233097e+05 -1.572631e+03  3.921232e+02
    endloop
  endfacet
  facet normal  8.875129e-02 -5.158991e-01 -8.520396e-01
    outer loop
      vertex  1.226930e+05 -1.739453e+03  4.288901e+02
      vertex  1.233097e+05 -1.572631e+03  3.921232e+02
      vertex  1.233045e+05 -1.640164e+03  4.324709e+02
    endloop
  endfacet
  facet normal  7.922731e-02 -5.157710e-01 -8.530552e-01
    outer loop
      vertex  1.233045e+05 -1.640164e+03  4.324709e+02
      vertex  1.233097e+05 -1.572631e+03  3.921232e+02
      vertex  1.239233e+05 -1.484217e+03  3.956485e+02
    endloop
  endfacet
  facet normal  8.483192e-02 -5.350548e-01 -8.405474e-01
    outer loop
      vertex  1.233045e+05 -1.640164e+03  4.324709e+02
      vertex  1.239233e+05 -1.484217e+03  3.956485e+02
      vertex  1.239195e+05 -1.548280e+03  4.360518e+02
    endloop
  endfacet
  facet normal  7.477271e-02 -5.350668e-01 -8.414943e-01
    outer loop
      vertex  1.239195e+05 -1.548280e+03  4.360518e+02
      vertex  1.239233e+05 -1.484217e+03  3.956485e+02
      vertex  1.245400e+05 -1.403570e+03  3.991737e+02
    endloop
  endfacet
  facet normal  8.077054e-02 -5.569857e-01 -8.265852e-01
    outer loop
      vertex  1.239195e+05 -1.548280e+03  4.360518e+02
      vertex  1.245400e+05 -1.403570e+03  3.991737e+02
      vertex  1.245380e+05 -1.463902e+03  4.396326e+02
    endloop
  endfacet
  facet normal  6.997992e-02 -5.571936e-01 -8.274286e-01
    outer loop
      vertex  1.245380e+05 -1.463902e+03  4.396326e+02
      vertex  1.245400e+05 -1.403570e+03  3.991737e+02
      vertex  1.251600e+05 -1.323113e+03  3.974272e+02
    endloop
  endfacet
  facet normal  7.808808e-02 -5.866165e-01 -8.060915e-01
    outer loop
      vertex  1.245380e+05 -1.463902e+03  4.396326e+02
      vertex  1.251600e+05 -1.323113e+03  3.974272e+02
      vertex  1.251600e+05 -1.412289e+03  4.623230e+02
    endloop
  endfacet
  facet normal  9.644517e-02 -4.279809e-01 -8.986271e-01
    outer loop
      vertex  1.205898e+05 -2.062731e+03  3.762593e+02
      vertex  1.202173e+05 -2.142033e+03  3.740560e+02
      vertex  1.205062e+05 -1.999393e+03  3.371283e+02
    endloop
  endfacet
  facet normal  1.008400e-01 -4.357836e-01 -8.943847e-01
    outer loop
      vertex  1.205062e+05 -1.999393e+03  3.371283e+02
      vertex  1.202173e+05 -2.142033e+03  3.740560e+02
      vertex  1.199800e+05 -2.205493e+03  3.782180e+02
    endloop
  endfacet
  facet normal  9.052335e-02 -4.119020e-01 -9.067206e-01
    outer loop
      vertex  1.205062e+05 -1.999393e+03  3.371283e+02
      vertex  1.199800e+05 -2.205493e+03  3.782180e+02
      vertex  1.199800e+05 -2.033407e+03  3.000435e+02
    endloop
  endfacet
  facet normal  1.394746e-02 -2.268595e-01 -9.738277e-01
    outer loop
      vertex  1.238603e+05 -4.300062e+02 -9.860891e-13
      vertex  1.241853e+05 -4.100236e+02 -1.001517e-12
      vertex  1.241137e+05 -6.037383e+02  4.410104e+01
    endloop
  endfacet
  facet normal  1.156615e-02 -2.260298e-01 -9.740517e-01
    outer loop
      vertex  1.241137e+05 -6.037383e+02  4.410104e+01
      vertex  1.241853e+05 -4.100236e+02 -1.001517e-12
      vertex  1.245103e+05 -3.933922e+02 -1.016930e-12
    endloop
  endfacet
  facet normal  1.595275e-02 -2.338989e-01 -9.721301e-01
    outer loop
      vertex  1.241137e+05 -6.037383e+02  4.410104e+01
      vertex  1.245103e+05 -3.933922e+02 -1.016930e-12
      vertex  1.246368e+05 -5.710745e+02  4.482627e+01
    endloop
  endfacet
  facet normal  1.913088e-02 -2.080178e-01 -9.779379e-01
    outer loop
      vertex  1.228858e+05 -5.097690e+02 -9.398923e-13
      vertex  1.232105e+05 -4.799111e+02 -9.552609e-13
      vertex  1.230688e+05 -6.934473e+02  4.265059e+01
    endloop
  endfacet
  facet normal  1.691866e-02 -2.066178e-01 -9.782755e-01
    outer loop
      vertex  1.230688e+05 -6.934473e+02  4.265059e+01
      vertex  1.232105e+05 -4.799111e+02 -9.552609e-13
      vertex  1.235353e+05 -4.533123e+02 -9.706651e-13
    endloop
  endfacet
  facet normal  2.150182e-02 -2.151769e-01 -9.763383e-01
    outer loop
      vertex  1.230688e+05 -6.934473e+02  4.265059e+01
      vertex  1.235353e+05 -4.533123e+02 -9.706651e-13
      vertex  1.235909e+05 -6.445663e+02  4.337581e+01
    endloop
  endfacet
  facet normal  1.555198e-02 -2.168490e-01 -9.760812e-01
    outer loop
      vertex  1.235909e+05 -6.445663e+02  4.337581e+01
      vertex  1.235353e+05 -4.533123e+02 -9.706651e-13
      vertex  1.238603e+05 -4.300062e+02 -9.860891e-13
    endloop
  endfacet
  facet normal  1.857274e-02 -2.204665e-01 -9.752177e-01
    outer loop
      vertex  1.235909e+05 -6.445663e+02  4.337581e+01
      vertex  1.238603e+05 -4.300062e+02 -9.860891e-13
      vertex  1.241137e+05 -6.037383e+02  4.410104e+01
    endloop
  endfacet
  facet normal  2.465947e-02 -1.876536e-01 -9.819258e-01
    outer loop
      vertex  1.215901e+05 -6.610139e+02 -8.790409e-13
      vertex  1.219135e+05 -6.185153e+02 -8.941360e-13
      vertex  1.216811e+05 -8.621044e+02  4.071664e+01
    endloop
  endfacet
  facet normal  2.260701e-02 -1.857641e-01 -9.823343e-01
    outer loop
      vertex  1.216811e+05 -8.621044e+02  4.071664e+01
      vertex  1.219135e+05 -6.185153e+02 -8.941360e-13
      vertex  1.222373e+05 -5.791119e+02 -9.093172e-13
    endloop
  endfacet
  facet normal  2.786873e-02 -1.958041e-01 -9.802470e-01
    outer loop
      vertex  1.216811e+05 -8.621044e+02  4.071664e+01
      vertex  1.222373e+05 -5.791119e+02 -9.093172e-13
      vertex  1.221140e+05 -8.035279e+02  4.132100e+01
    endloop
  endfacet
  facet normal  2.153437e-02 -1.924740e-01 -9.810658e-01
    outer loop
      vertex  1.221140e+05 -8.035279e+02  4.132100e+01
      vertex  1.222373e+05 -5.791119e+02 -9.093172e-13
      vertex  1.225614e+05 -5.428491e+02 -9.245734e-13
    endloop
  endfacet
  facet normal  2.590640e-02 -1.997314e-01 -9.795082e-01
    outer loop
      vertex  1.221140e+05 -8.035279e+02  4.132100e+01
      vertex  1.225614e+05 -5.428491e+02 -9.245734e-13
      vertex  1.225476e+05 -7.502499e+02  4.192535e+01
    endloop
  endfacet
  facet normal  2.033258e-02 -1.994000e-01 -9.797072e-01
    outer loop
      vertex  1.225476e+05 -7.502499e+02  4.192535e+01
      vertex  1.225614e+05 -5.428491e+02 -9.245734e-13
      vertex  1.228858e+05 -5.097690e+02 -9.398923e-13
    endloop
  endfacet
  facet normal  2.356820e-02 -2.037811e-01 -9.787328e-01
    outer loop
      vertex  1.225476e+05 -7.502499e+02  4.192535e+01
      vertex  1.228858e+05 -5.097690e+02 -9.398923e-13
      vertex  1.230688e+05 -6.934473e+02  4.265059e+01
    endloop
  endfacet
  facet normal  3.020248e-02 -1.822171e-01 -9.827944e-01
    outer loop
      vertex  1.209302e+05 -9.763445e+02  3.966497e+01
      vertex  1.212671e+05 -7.065601e+02 -8.640418e-13
      vertex  1.212492e+05 -9.258725e+02  4.011228e+01
    endloop
  endfacet
  facet normal  2.564884e-02 -1.818807e-01 -9.829860e-01
    outer loop
      vertex  1.212492e+05 -9.258725e+02  4.011228e+01
      vertex  1.212671e+05 -7.065601e+02 -8.640418e-13
      vertex  1.215901e+05 -6.610139e+02 -8.790409e-13
    endloop
  endfacet
  facet normal  2.880874e-02 -1.858224e-01 -9.821609e-01
    outer loop
      vertex  1.212492e+05 -9.258725e+02  4.011228e+01
      vertex  1.215901e+05 -6.610139e+02 -8.790409e-13
      vertex  1.216811e+05 -8.621044e+02  4.071664e+01
    endloop
  endfacet
  facet normal  2.680529e-02 -1.780995e-01 -9.836473e-01
    outer loop
      vertex  1.212671e+05 -7.065601e+02 -8.640418e-13
      vertex  1.209302e+05 -9.763445e+02  3.966497e+01
      vertex  1.209446e+05 -7.551035e+02 -8.491480e-13
    endloop
  endfacet
  facet normal  3.117212e-02 -1.783529e-01 -9.834727e-01
    outer loop
      vertex  1.209446e+05 -7.551035e+02 -8.491480e-13
      vertex  1.209302e+05 -9.763445e+02  3.966497e+01
      vertex  1.206116e+05 -1.029547e+03  3.921767e+01
    endloop
  endfacet
  facet normal  2.789710e-02 -1.744928e-01 -9.842632e-01
    outer loop
      vertex  1.209446e+05 -7.551035e+02 -8.491480e-13
      vertex  1.206116e+05 -1.029547e+03  3.921767e+01
      vertex  1.206225e+05 -8.065908e+02 -8.343677e-13
    endloop
  endfacet
  facet normal  3.210352e-02 -1.746702e-01 -9.841035e-01
    outer loop
      vertex  1.206225e+05 -8.065908e+02 -8.343677e-13
      vertex  1.206116e+05 -1.029547e+03  3.921767e+01
      vertex  1.202852e+05 -1.086956e+03  3.875844e+01
    endloop
  endfacet
  facet normal  2.890656e-02 -1.709282e-01 -9.848593e-01
    outer loop
      vertex  1.206225e+05 -8.065908e+02 -8.343677e-13
      vertex  1.202852e+05 -1.086956e+03  3.875844e+01
      vertex  1.203010e+05 -8.609666e+02 -8.197085e-13
    endloop
  endfacet
  facet normal  3.443412e-02 -1.712736e-01 -9.846215e-01
    outer loop
      vertex  1.203010e+05 -8.609666e+02 -8.197085e-13
      vertex  1.202852e+05 -1.086956e+03  3.875844e+01
      vertex  1.199800e+05 -1.110482e+03  3.217662e+01
    endloop
  endfacet
  facet normal  2.939566e-02 -1.649517e-01 -9.858635e-01
    outer loop
      vertex  1.203010e+05 -8.609666e+02 -8.197085e-13
      vertex  1.199800e+05 -1.110482e+03  3.217662e+01
      vertex  1.199800e+05 -9.181727e+02 -8.051767e-13
    endloop
  endfacet
  facet normal  1.765822e-01 -8.535377e-01 -4.901962e-01
    outer loop
      vertex  1.244750e+05 -2.016172e+03  1.008265e+03
      vertex  1.244302e+05 -2.078123e+03  1.100000e+03
      vertex  1.244538e+05 -2.023907e+03  1.014123e+03
    endloop
  endfacet
  facet normal  1.780750e-01 -8.534833e-01 -4.897504e-01
    outer loop
      vertex  1.244538e+05 -2.023907e+03  1.014123e+03
      vertex  1.244302e+05 -2.078123e+03  1.100000e+03
      vertex  1.236800e+05 -2.234644e+03  1.100000e+03
    endloop
  endfacet
  facet normal  1.676202e-01 -8.314054e-01 -5.297815e-01
    outer loop
      vertex  1.244538e+05 -2.023907e+03  1.014123e+03
      vertex  1.236800e+05 -2.234644e+03  1.100000e+03
      vertex  1.237557e+05 -2.163920e+03  1.012956e+03
    endloop
  endfacet
  facet normal  1.805843e-01 -8.343143e-01 -5.208734e-01
    outer loop
      vertex  1.237557e+05 -2.163920e+03  1.012956e+03
      vertex  1.236800e+05 -2.234644e+03  1.100000e+03
      vertex  1.232058e+05 -2.352342e+03  1.124110e+03
    endloop
  endfacet
  facet normal  1.746185e-01 -8.258907e-01 -5.361091e-01
    outer loop
      vertex  1.237557e+05 -2.163920e+03  1.012956e+03
      vertex  1.232058e+05 -2.352342e+03  1.124110e+03
      vertex  1.230651e+05 -2.309182e+03  1.011789e+03
    endloop
  endfacet
  facet normal  1.837853e-01 -8.182688e-01 -5.446642e-01
    outer loop
      vertex  1.230651e+05 -2.309182e+03  1.011789e+03
      vertex  1.232058e+05 -2.352342e+03  1.124110e+03
      vertex  1.227351e+05 -2.458046e+03  1.124110e+03
    endloop
  endfacet
  facet normal  1.803733e-01 -8.151137e-01 -5.505045e-01
    outer loop
      vertex  1.230651e+05 -2.309182e+03  1.011789e+03
      vertex  1.227351e+05 -2.458046e+03  1.124110e+03
      vertex  1.223816e+05 -2.459641e+03  1.010622e+03
    endloop
  endfacet
  facet normal  1.931062e-01 -7.775924e-01 -5.983813e-01
    outer loop
      vertex  1.205912e+05 -2.885111e+03  1.007510e+03
      vertex  1.210392e+05 -2.774462e+03  1.008296e+03
      vertex  1.208861e+05 -2.901619e+03  1.124110e+03
    endloop
  endfacet
  facet normal  1.877546e-01 -7.753416e-01 -6.029873e-01
    outer loop
      vertex  1.208861e+05 -2.901619e+03  1.124110e+03
      vertex  1.210392e+05 -2.774462e+03  1.008296e+03
      vertex  1.214900e+05 -2.665912e+03  1.009082e+03
    endloop
  endfacet
  facet normal  1.960344e-01 -7.874641e-01 -5.843551e-01
    outer loop
      vertex  1.208861e+05 -2.901619e+03  1.124110e+03
      vertex  1.214900e+05 -2.665912e+03  1.009082e+03
      vertex  1.213436e+05 -2.787727e+03  1.124110e+03
    endloop
  endfacet
  facet normal  1.846529e-01 -7.829428e-01 -5.940570e-01
    outer loop
      vertex  1.213436e+05 -2.787727e+03  1.124110e+03
      vertex  1.214900e+05 -2.665912e+03  1.009082e+03
      vertex  1.219344e+05 -2.561698e+03  1.009852e+03
    endloop
  endfacet
  facet normal  1.933553e-01 -7.956118e-01 -5.741217e-01
    outer loop
      vertex  1.213436e+05 -2.787727e+03  1.124110e+03
      vertex  1.219344e+05 -2.561698e+03  1.009852e+03
      vertex  1.218042e+05 -2.675789e+03  1.124110e+03
    endloop
  endfacet
  facet normal  1.816492e-01 -7.915831e-01 -5.834379e-01
    outer loop
      vertex  1.218042e+05 -2.675789e+03  1.124110e+03
      vertex  1.219344e+05 -2.561698e+03  1.009852e+03
      vertex  1.223816e+05 -2.459641e+03  1.010622e+03
    endloop
  endfacet
  facet normal  1.906719e-01 -8.046146e-01 -5.623517e-01
    outer loop
      vertex  1.218042e+05 -2.675789e+03  1.124110e+03
      vertex  1.223816e+05 -2.459641e+03  1.010622e+03
      vertex  1.222680e+05 -2.565876e+03  1.124110e+03
    endloop
  endfacet
  facet normal  1.513232e-01 -8.253122e-01 -5.440230e-01
    outer loop
      vertex  1.244750e+05 -2.016172e+03  1.008265e+03
      vertex  1.244538e+05 -2.023907e+03  1.014123e+03
      vertex  1.244582e+05 -1.953055e+03  9.078455e+02
    endloop
  endfacet
  facet normal  1.660787e-01 -8.236148e-01 -5.422883e-01
    outer loop
      vertex  1.244582e+05 -1.953055e+03  9.078455e+02
      vertex  1.244538e+05 -2.023907e+03  1.014123e+03
      vertex  1.237557e+05 -2.163920e+03  1.012956e+03
    endloop
  endfacet
  facet normal  1.551511e-01 -8.034297e-01 -5.748295e-01
    outer loop
      vertex  1.244582e+05 -1.953055e+03  9.078455e+02
      vertex  1.237557e+05 -2.163920e+03  1.012956e+03
      vertex  1.237637e+05 -2.085650e+03  9.057300e+02
    endloop
  endfacet
  facet normal  1.696579e-01 -8.020123e-01 -5.727062e-01
    outer loop
      vertex  1.237637e+05 -2.085650e+03  9.057300e+02
      vertex  1.237557e+05 -2.163920e+03  1.012956e+03
      vertex  1.230651e+05 -2.309182e+03  1.011789e+03
    endloop
  endfacet
  facet normal  1.597253e-01 -7.839079e-01 -5.999803e-01
    outer loop
      vertex  1.237637e+05 -2.085650e+03  9.057300e+02
      vertex  1.230651e+05 -2.309182e+03  1.011789e+03
      vertex  1.230762e+05 -2.224111e+03  9.036145e+02
    endloop
  endfacet
  facet normal  1.733345e-01 -7.827724e-01 -5.976809e-01
    outer loop
      vertex  1.230762e+05 -2.224111e+03  9.036145e+02
      vertex  1.230651e+05 -2.309182e+03  1.011789e+03
      vertex  1.223816e+05 -2.459641e+03  1.010622e+03
    endloop
  endfacet
  facet normal  1.644021e-01 -7.667894e-01 -6.204885e-01
    outer loop
      vertex  1.230762e+05 -2.224111e+03  9.036145e+02
      vertex  1.223816e+05 -2.459641e+03  1.010622e+03
      vertex  1.223954e+05 -2.368372e+03  9.014990e+02
    endloop
  endfacet
  facet normal  1.758646e-01 -7.659720e-01 -6.183514e-01
    outer loop
      vertex  1.223954e+05 -2.368372e+03  9.014990e+02
      vertex  1.223816e+05 -2.459641e+03  1.010622e+03
      vertex  1.219344e+05 -2.561698e+03  1.009852e+03
    endloop
  endfacet
  facet normal  1.701038e-01 -7.583489e-01 -6.292628e-01
    outer loop
      vertex  1.223954e+05 -2.368372e+03  9.014990e+02
      vertex  1.219344e+05 -2.561698e+03  1.009852e+03
      vertex  1.217955e+05 -2.501363e+03  8.996185e+02
    endloop
  endfacet
  facet normal  1.774404e-01 -7.518876e-01 -6.349645e-01
    outer loop
      vertex  1.217955e+05 -2.501363e+03  8.996185e+02
      vertex  1.219344e+05 -2.561698e+03  1.009852e+03
      vertex  1.214900e+05 -2.665912e+03  1.009082e+03
    endloop
  endfacet
  facet normal  1.750166e-01 -7.496156e-01 -6.383147e-01
    outer loop
      vertex  1.217955e+05 -2.501363e+03  8.996185e+02
      vertex  1.214900e+05 -2.665912e+03  1.009082e+03
      vertex  1.212005e+05 -2.638687e+03  8.977380e+02
    endloop
  endfacet
  facet normal  1.490175e-01 -7.335554e-01 -6.630914e-01
    outer loop
      vertex  1.227960e+05 -2.188956e+03  7.985442e+02
      vertex  1.231848e+05 -2.111454e+03  8.001758e+02
      vertex  1.230818e+05 -2.178441e+03  8.511387e+02
    endloop
  endfacet
  facet normal  1.435445e-01 -7.294704e-01 -6.687809e-01
    outer loop
      vertex  1.230818e+05 -2.178441e+03  8.511387e+02
      vertex  1.231848e+05 -2.111454e+03  8.001758e+02
      vertex  1.235756e+05 -2.036049e+03  8.018074e+02
    endloop
  endfacet
  facet normal  1.482223e-01 -7.409263e-01 -6.550254e-01
    outer loop
      vertex  1.230818e+05 -2.178441e+03  8.511387e+02
      vertex  1.235756e+05 -2.036049e+03  8.018074e+02
      vertex  1.237677e+05 -2.043443e+03  8.536496e+02
    endloop
  endfacet
  facet normal  1.587417e-01 -6.870098e-01 -7.090971e-01
    outer loop
      vertex  1.218035e+05 -2.449967e+03  8.463958e+02
      vertex  1.212093e+05 -2.584956e+03  8.441639e+02
      vertex  1.212603e+05 -2.519353e+03  7.920179e+02
    endloop
  endfacet
  facet normal  1.655805e-01 -6.893038e-01 -7.052966e-01
    outer loop
      vertex  1.212603e+05 -2.519353e+03  7.920179e+02
      vertex  1.212093e+05 -2.584956e+03  8.441639e+02
      vertex  1.206196e+05 -2.724320e+03  8.419319e+02
    endloop
  endfacet
  facet normal  1.621179e-01 -6.806980e-01 -7.144005e-01
    outer loop
      vertex  1.212603e+05 -2.519353e+03  7.920179e+02
      vertex  1.206196e+05 -2.724320e+03  8.419319e+02
      vertex  1.205034e+05 -2.696181e+03  7.887547e+02
    endloop
  endfacet
  facet normal  1.414732e-01 -6.946185e-01 -7.053300e-01
    outer loop
      vertex  1.224242e+05 -2.181529e+03  7.166479e+02
      vertex  1.228138e+05 -2.104121e+03  7.185544e+02
      vertex  1.227960e+05 -2.188956e+03  7.985442e+02
    endloop
  endfacet
  facet normal  1.367958e-01 -6.945623e-01 -7.063074e-01
    outer loop
      vertex  1.227960e+05 -2.188956e+03  7.985442e+02
      vertex  1.228138e+05 -2.104121e+03  7.185544e+02
      vertex  1.231974e+05 -2.030473e+03  7.204227e+02
    endloop
  endfacet
  facet normal  1.435771e-01 -7.056163e-01 -6.938956e-01
    outer loop
      vertex  1.227960e+05 -2.188956e+03  7.985442e+02
      vertex  1.231974e+05 -2.030473e+03  7.204227e+02
      vertex  1.231848e+05 -2.111454e+03  8.001758e+02
    endloop
  endfacet
  facet normal  1.341869e-01 -7.058132e-01 -6.955729e-01
    outer loop
      vertex  1.231848e+05 -2.111454e+03  8.001758e+02
      vertex  1.231974e+05 -2.030473e+03  7.204227e+02
      vertex  1.235828e+05 -1.959034e+03  7.222911e+02
    endloop
  endfacet
  facet normal  1.412842e-01 -7.174679e-01 -6.821133e-01
    outer loop
      vertex  1.231848e+05 -2.111454e+03  8.001758e+02
      vertex  1.235828e+05 -1.959034e+03  7.222911e+02
      vertex  1.235756e+05 -2.036049e+03  8.018074e+02
    endloop
  endfacet
  facet normal  1.307676e-01 -7.180340e-01 -6.836133e-01
    outer loop
      vertex  1.235756e+05 -2.036049e+03  8.018074e+02
      vertex  1.235828e+05 -1.959034e+03  7.222911e+02
      vertex  1.241050e+05 -1.866333e+03  7.248077e+02
    endloop
  endfacet
  facet normal  1.390782e-01 -7.349327e-01 -6.637252e-01
    outer loop
      vertex  1.235756e+05 -2.036049e+03  8.018074e+02
      vertex  1.241050e+05 -1.866333e+03  7.248077e+02
      vertex  1.240999e+05 -1.938799e+03  8.039828e+02
    endloop
  endfacet
  facet normal  1.272327e-01 -7.357304e-01 -6.652162e-01
    outer loop
      vertex  1.240999e+05 -1.938799e+03  8.039828e+02
      vertex  1.241050e+05 -1.866333e+03  7.248077e+02
      vertex  1.246307e+05 -1.777697e+03  7.273243e+02
    endloop
  endfacet
  facet normal  1.361491e-01 -7.542248e-01 -6.423459e-01
    outer loop
      vertex  1.240999e+05 -1.938799e+03  8.039828e+02
      vertex  1.246307e+05 -1.777697e+03  7.273243e+02
      vertex  1.246280e+05 -1.845323e+03  8.061583e+02
    endloop
  endfacet
  facet normal  1.588368e-01 -6.442747e-01 -7.481182e-01
    outer loop
      vertex  1.199800e+05 -2.741823e+03  7.169327e+02
      vertex  1.205188e+05 -2.597687e+03  7.071915e+02
      vertex  1.205034e+05 -2.696181e+03  7.887547e+02
    endloop
  endfacet
  facet normal  1.507687e-01 -6.443469e-01 -7.497239e-01
    outer loop
      vertex  1.205034e+05 -2.696181e+03  7.887547e+02
      vertex  1.205188e+05 -2.597687e+03  7.071915e+02
      vertex  1.212742e+05 -2.425322e+03  7.109664e+02
    endloop
  endfacet
  facet normal  1.569180e-01 -6.580350e-01 -7.364554e-01
    outer loop
      vertex  1.205034e+05 -2.696181e+03  7.887547e+02
      vertex  1.212742e+05 -2.425322e+03  7.109664e+02
      vertex  1.212603e+05 -2.519353e+03  7.920179e+02
    endloop
  endfacet
  facet normal  1.453901e-01 -6.582214e-01 -7.386517e-01
    outer loop
      vertex  1.212603e+05 -2.519353e+03  7.920179e+02
      vertex  1.212742e+05 -2.425322e+03  7.109664e+02
      vertex  1.220365e+05 -2.261178e+03  7.147413e+02
    endloop
  endfacet
  facet normal  1.524672e-01 -6.745960e-01 -7.222700e-01
    outer loop
      vertex  1.212603e+05 -2.519353e+03  7.920179e+02
      vertex  1.220365e+05 -2.261178e+03  7.147413e+02
      vertex  1.220244e+05 -2.350150e+03  7.952810e+02
    endloop
  endfacet
  facet normal  1.422008e-01 -6.748640e-01 -7.241117e-01
    outer loop
      vertex  1.220244e+05 -2.350150e+03  7.952810e+02
      vertex  1.220365e+05 -2.261178e+03  7.147413e+02
      vertex  1.224242e+05 -2.181529e+03  7.166479e+02
    endloop
  endfacet
  facet normal  1.449120e-01 -6.791617e-01 -7.195415e-01
    outer loop
      vertex  1.220244e+05 -2.350150e+03  7.952810e+02
      vertex  1.224242e+05 -2.181529e+03  7.166479e+02
      vertex  1.227960e+05 -2.188956e+03  7.985442e+02
    endloop
  endfacet
  facet normal  1.256243e-01 -6.882232e-01 -7.145398e-01
    outer loop
      vertex  1.241050e+05 -1.866333e+03  7.248077e+02
      vertex  1.235828e+05 -1.959034e+03  7.222911e+02
      vertex  1.239016e+05 -1.823008e+03  6.473325e+02
    endloop
  endfacet
  facet normal  1.329371e-01 -6.988815e-01 -7.027748e-01
    outer loop
      vertex  1.239016e+05 -1.823008e+03  6.473325e+02
      vertex  1.235828e+05 -1.959034e+03  7.222911e+02
      vertex  1.231974e+05 -2.030473e+03  7.204227e+02
    endloop
  endfacet
  facet normal  1.199369e-01 -6.664102e-01 -7.358752e-01
    outer loop
      vertex  1.239016e+05 -1.823008e+03  6.473325e+02
      vertex  1.231974e+05 -2.030473e+03  7.204227e+02
      vertex  1.232795e+05 -1.931319e+03  6.440154e+02
    endloop
  endfacet
  facet normal  1.324848e-01 -6.715328e-01 -7.290346e-01
    outer loop
      vertex  1.232795e+05 -1.931319e+03  6.440154e+02
      vertex  1.231974e+05 -2.030473e+03  7.204227e+02
      vertex  1.228138e+05 -2.104121e+03  7.185544e+02
    endloop
  endfacet
  facet normal  1.263099e-01 -6.599041e-01 -7.406568e-01
    outer loop
      vertex  1.232795e+05 -1.931319e+03  6.440154e+02
      vertex  1.228138e+05 -2.104121e+03  7.185544e+02
      vertex  1.226618e+05 -2.045818e+03  6.406983e+02
    endloop
  endfacet
  facet normal  1.330371e-01 -6.511309e-01 -7.472146e-01
    outer loop
      vertex  1.228138e+05 -2.104121e+03  7.185544e+02
      vertex  1.224242e+05 -2.181529e+03  7.166479e+02
      vertex  1.226618e+05 -2.045818e+03  6.406983e+02
    endloop
  endfacet
  facet normal  1.386900e-01 -6.573774e-01 -7.406889e-01
    outer loop
      vertex  1.226618e+05 -2.045818e+03  6.406983e+02
      vertex  1.224242e+05 -2.181529e+03  7.166479e+02
      vertex  1.220365e+05 -2.261178e+03  7.147413e+02
    endloop
  endfacet
  facet normal  1.293201e-01 -6.368354e-01 -7.600769e-01
    outer loop
      vertex  1.226618e+05 -2.045818e+03  6.406983e+02
      vertex  1.220365e+05 -2.261178e+03  7.147413e+02
      vertex  1.220486e+05 -2.166386e+03  6.373812e+02
    endloop
  endfacet
  facet normal  1.285801e-01 -5.807689e-01 -8.038499e-01
    outer loop
      vertex  1.209250e+05 -2.299865e+03  5.567181e+02
      vertex  1.213020e+05 -2.219425e+03  5.589097e+02
      vertex  1.212881e+05 -2.325380e+03  6.332349e+02
    endloop
  endfacet
  facet normal  1.244358e-01 -5.807112e-01 -8.045434e-01
    outer loop
      vertex  1.212881e+05 -2.325380e+03  6.332349e+02
      vertex  1.213020e+05 -2.219425e+03  5.589097e+02
      vertex  1.216806e+05 -2.141339e+03  5.611013e+02
    endloop
  endfacet
  facet normal  1.294875e-01 -5.888442e-01 -7.978066e-01
    outer loop
      vertex  1.212881e+05 -2.325380e+03  6.332349e+02
      vertex  1.216806e+05 -2.141339e+03  5.611013e+02
      vertex  1.216675e+05 -2.244753e+03  6.353080e+02
    endloop
  endfacet
  facet normal  1.218189e-01 -5.887767e-01 -7.990633e-01
    outer loop
      vertex  1.216675e+05 -2.244753e+03  6.353080e+02
      vertex  1.216806e+05 -2.141339e+03  5.611013e+02
      vertex  1.220607e+05 -2.065663e+03  5.632929e+02
    endloop
  endfacet
  facet normal  1.271976e-01 -5.976010e-01 -7.916399e-01
    outer loop
      vertex  1.216675e+05 -2.244753e+03  6.353080e+02
      vertex  1.220607e+05 -2.065663e+03  5.632929e+02
      vertex  1.220486e+05 -2.166386e+03  6.373812e+02
    endloop
  endfacet
  facet normal  1.178515e-01 -5.975616e-01 -7.931148e-01
    outer loop
      vertex  1.220486e+05 -2.166386e+03  6.373812e+02
      vertex  1.220607e+05 -2.065663e+03  5.632929e+02
      vertex  1.226722e+05 -1.949716e+03  5.667994e+02
    endloop
  endfacet
  facet normal  1.247908e-01 -6.132514e-01 -7.799679e-01
    outer loop
      vertex  1.220486e+05 -2.166386e+03  6.373812e+02
      vertex  1.226722e+05 -1.949716e+03  5.667994e+02
      vertex  1.226618e+05 -2.045818e+03  6.406983e+02
    endloop
  endfacet
  facet normal  1.135247e-01 -6.133169e-01 -7.816359e-01
    outer loop
      vertex  1.226618e+05 -2.045818e+03  6.406983e+02
      vertex  1.226722e+05 -1.949716e+03  5.667994e+02
      vertex  1.232878e+05 -1.840236e+03  5.703060e+02
    endloop
  endfacet
  facet normal  1.211114e-01 -6.311227e-01 -7.661698e-01
    outer loop
      vertex  1.226618e+05 -2.045818e+03  6.406983e+02
      vertex  1.232878e+05 -1.840236e+03  5.703060e+02
      vertex  1.232795e+05 -1.931319e+03  6.440154e+02
    endloop
  endfacet
  facet normal  1.091487e-01 -6.313372e-01 -7.677889e-01
    outer loop
      vertex  1.232795e+05 -1.931319e+03  6.440154e+02
      vertex  1.232878e+05 -1.840236e+03  5.703060e+02
      vertex  1.239076e+05 -1.737350e+03  5.738126e+02
    endloop
  endfacet
  facet normal  1.174108e-01 -6.514816e-01 -7.495242e-01
    outer loop
      vertex  1.232795e+05 -1.931319e+03  6.440154e+02
      vertex  1.239076e+05 -1.737350e+03  5.738126e+02
      vertex  1.239016e+05 -1.823008e+03  6.473325e+02
    endloop
  endfacet
  facet normal  1.047285e-01 -6.518991e-01 -7.510389e-01
    outer loop
      vertex  1.239016e+05 -1.823008e+03  6.473325e+02
      vertex  1.239076e+05 -1.737350e+03  5.738126e+02
      vertex  1.245316e+05 -1.641138e+03  5.773192e+02
    endloop
  endfacet
  facet normal  1.136987e-01 -6.746232e-01 -7.293534e-01
    outer loop
      vertex  1.239016e+05 -1.823008e+03  6.473325e+02
      vertex  1.245316e+05 -1.641138e+03  5.773192e+02
      vertex  1.245284e+05 -1.720956e+03  6.506495e+02
    endloop
  endfacet
  facet normal  1.079704e-01 -4.952908e-01 -8.619915e-01
    outer loop
      vertex  1.209426e+05 -2.184753e+03  4.858512e+02
      vertex  1.205802e+05 -2.142818e+03  4.163573e+02
      vertex  1.210794e+05 -2.039193e+03  4.193413e+02
    endloop
  endfacet
  facet normal  1.097468e-01 -4.871940e-01 -8.663704e-01
    outer loop
      vertex  1.205802e+05 -2.142818e+03  4.163573e+02
      vertex  1.209426e+05 -2.184753e+03  4.858512e+02
      vertex  1.205648e+05 -2.265832e+03  4.835879e+02
    endloop
  endfacet
  facet normal  1.195556e-01 -5.337145e-01 -8.371710e-01
    outer loop
      vertex  1.205648e+05 -2.265832e+03  4.835879e+02
      vertex  1.209426e+05 -2.184753e+03  4.858512e+02
      vertex  1.209250e+05 -2.299865e+03  5.567181e+02
    endloop
  endfacet
  facet normal  1.210140e-01 -5.269787e-01 -8.412188e-01
    outer loop
      vertex  1.205648e+05 -2.265832e+03  4.835879e+02
      vertex  1.209250e+05 -2.299865e+03  5.567181e+02
      vertex  1.205495e+05 -2.382597e+03  5.545265e+02
    endloop
  endfacet
  facet normal  1.305998e-01 -5.713068e-01 -8.102792e-01
    outer loop
      vertex  1.205495e+05 -2.382597e+03  5.545265e+02
      vertex  1.209250e+05 -2.299865e+03  5.567181e+02
      vertex  1.212881e+05 -2.325380e+03  6.332349e+02
    endloop
  endfacet
  facet normal  1.305870e-01 -5.666359e-01 -8.135543e-01
    outer loop
      vertex  1.205495e+05 -2.382597e+03  5.545265e+02
      vertex  1.212881e+05 -2.325380e+03  6.332349e+02
      vertex  1.205341e+05 -2.493188e+03  6.290886e+02
    endloop
  endfacet
  facet normal  8.949377e-02 -6.343492e-01 -7.678488e-01
    outer loop
      vertex  1.251600e+05 -1.495057e+03  5.298720e+02
      vertex  1.245316e+05 -1.641138e+03  5.773192e+02
      vertex  1.245348e+05 -1.555499e+03  5.069420e+02
    endloop
  endfacet
  facet normal  1.020355e-01 -6.338619e-01 -7.666863e-01
    outer loop
      vertex  1.245348e+05 -1.555499e+03  5.069420e+02
      vertex  1.245316e+05 -1.641138e+03  5.773192e+02
      vertex  1.239076e+05 -1.737350e+03  5.738126e+02
    endloop
  endfacet
  facet normal  9.339175e-02 -6.111462e-01 -7.859888e-01
    outer loop
      vertex  1.245348e+05 -1.555499e+03  5.069420e+02
      vertex  1.239076e+05 -1.737350e+03  5.738126e+02
      vertex  1.239136e+05 -1.645817e+03  5.033490e+02
    endloop
  endfacet
  facet normal  1.058500e-01 -6.108928e-01 -7.846056e-01
    outer loop
      vertex  1.239136e+05 -1.645817e+03  5.033490e+02
      vertex  1.239076e+05 -1.737350e+03  5.738126e+02
      vertex  1.232878e+05 -1.840236e+03  5.703060e+02
    endloop
  endfacet
  facet normal  9.787437e-02 -5.908166e-01 -8.008472e-01
    outer loop
      vertex  1.239136e+05 -1.645817e+03  5.033490e+02
      vertex  1.232878e+05 -1.840236e+03  5.703060e+02
      vertex  1.232962e+05 -1.743224e+03  4.997561e+02
    endloop
  endfacet
  facet normal  1.096130e-01 -5.907533e-01 -7.993719e-01
    outer loop
      vertex  1.232962e+05 -1.743224e+03  4.997561e+02
      vertex  1.232878e+05 -1.840236e+03  5.703060e+02
      vertex  1.226722e+05 -1.949716e+03  5.667994e+02
    endloop
  endfacet
  facet normal  1.022703e-01 -5.730320e-01 -8.131268e-01
    outer loop
      vertex  1.232962e+05 -1.743224e+03  4.997561e+02
      vertex  1.226722e+05 -1.949716e+03  5.667994e+02
      vertex  1.226826e+05 -1.847631e+03  4.961632e+02
    endloop
  endfacet
  facet normal  1.133204e-01 -5.731055e-01 -8.116087e-01
    outer loop
      vertex  1.226826e+05 -1.847631e+03  4.961632e+02
      vertex  1.226722e+05 -1.949716e+03  5.667994e+02
      vertex  1.220607e+05 -2.065663e+03  5.632929e+02
    endloop
  endfacet
  facet normal  1.065842e-01 -5.574946e-01 -8.233102e-01
    outer loop
      vertex  1.226826e+05 -1.847631e+03  4.961632e+02
      vertex  1.220607e+05 -2.065663e+03  5.632929e+02
      vertex  1.220728e+05 -1.958901e+03  4.925703e+02
    endloop
  endfacet
  facet normal  1.157537e-01 -5.576468e-01 -8.219678e-01
    outer loop
      vertex  1.220728e+05 -1.958901e+03  4.925703e+02
      vertex  1.220607e+05 -2.065663e+03  5.632929e+02
      vertex  1.216806e+05 -2.141339e+03  5.611013e+02
    endloop
  endfacet
  facet normal  1.104710e-01 -5.487906e-01 -8.286284e-01
    outer loop
      vertex  1.220728e+05 -1.958901e+03  4.925703e+02
      vertex  1.216806e+05 -2.141339e+03  5.611013e+02
      vertex  1.216966e+05 -2.031267e+03  4.903424e+02
    endloop
  endfacet
  facet normal  1.180466e-01 -5.490942e-01 -8.273818e-01
    outer loop
      vertex  1.216966e+05 -2.031267e+03  4.903424e+02
      vertex  1.216806e+05 -2.141339e+03  5.611013e+02
      vertex  1.213020e+05 -2.219425e+03  5.589097e+02
    endloop
  endfacet
  facet normal  1.130146e-01 -5.407829e-01 -8.335356e-01
    outer loop
      vertex  1.216966e+05 -2.031267e+03  4.903424e+02
      vertex  1.213020e+05 -2.219425e+03  5.589097e+02
      vertex  1.213219e+05 -2.106153e+03  4.881145e+02
    endloop
  endfacet
  facet normal  1.203112e-01 -5.412388e-01 -8.322174e-01
    outer loop
      vertex  1.213219e+05 -2.106153e+03  4.881145e+02
      vertex  1.213020e+05 -2.219425e+03  5.589097e+02
      vertex  1.209250e+05 -2.299865e+03  5.567181e+02
    endloop
  endfacet
  facet normal  1.155716e-01 -5.335232e-01 -8.378520e-01
    outer loop
      vertex  1.213219e+05 -2.106153e+03  4.881145e+02
      vertex  1.209250e+05 -2.299865e+03  5.567181e+02
      vertex  1.209426e+05 -2.184753e+03  4.858512e+02
    endloop
  endfacet
  facet normal  1.077626e-01 -4.951456e-01 -8.621010e-01
    outer loop
      vertex  1.209426e+05 -2.184753e+03  4.858512e+02
      vertex  1.210794e+05 -2.039193e+03  4.193413e+02
      vertex  1.213219e+05 -2.106153e+03  4.881145e+02
    endloop
  endfacet
  facet normal  1.043845e-01 -5.030795e-01 -8.579131e-01
    outer loop
      vertex  1.213219e+05 -2.106153e+03  4.881145e+02
      vertex  1.210794e+05 -2.039193e+03  4.193413e+02
      vertex  1.215809e+05 -1.940206e+03  4.223253e+02
    endloop
  endfacet
  facet normal  1.060178e-01 -5.050827e-01 -8.565346e-01
    outer loop
      vertex  1.213219e+05 -2.106153e+03  4.881145e+02
      vertex  1.215809e+05 -1.940206e+03  4.223253e+02
      vertex  1.216966e+05 -2.031267e+03  4.903424e+02
    endloop
  endfacet
  facet normal  1.004419e-01 -5.103391e-01 -8.540874e-01
    outer loop
      vertex  1.216966e+05 -2.031267e+03  4.903424e+02
      vertex  1.215809e+05 -1.940206e+03  4.223253e+02
      vertex  1.220850e+05 -1.846003e+03  4.253093e+02
    endloop
  endfacet
  facet normal  1.045308e-01 -5.172695e-01 -8.494148e-01
    outer loop
      vertex  1.216966e+05 -2.031267e+03  4.903424e+02
      vertex  1.220850e+05 -1.846003e+03  4.253093e+02
      vertex  1.220728e+05 -1.958901e+03  4.925703e+02
    endloop
  endfacet
  facet normal  9.561232e-02 -5.170260e-01 -8.506129e-01
    outer loop
      vertex  1.220728e+05 -1.958901e+03  4.925703e+02
      vertex  1.220850e+05 -1.846003e+03  4.253093e+02
      vertex  1.226930e+05 -1.739453e+03  4.288901e+02
    endloop
  endfacet
  facet normal  1.021011e-01 -5.323779e-01 -8.403268e-01
    outer loop
      vertex  1.220728e+05 -1.958901e+03  4.925703e+02
      vertex  1.226930e+05 -1.739453e+03  4.288901e+02
      vertex  1.226826e+05 -1.847631e+03  4.961632e+02
    endloop
  endfacet
  facet normal  9.133551e-02 -5.321890e-01 -8.416845e-01
    outer loop
      vertex  1.226826e+05 -1.847631e+03  4.961632e+02
      vertex  1.226930e+05 -1.739453e+03  4.288901e+02
      vertex  1.233045e+05 -1.640164e+03  4.324709e+02
    endloop
  endfacet
  facet normal  9.837952e-02 -5.495993e-01 -8.296156e-01
    outer loop
      vertex  1.226826e+05 -1.847631e+03  4.961632e+02
      vertex  1.233045e+05 -1.640164e+03  4.324709e+02
      vertex  1.232962e+05 -1.743224e+03  4.997561e+02
    endloop
  endfacet
  facet normal  8.693927e-02 -5.495346e-01 -8.309352e-01
    outer loop
      vertex  1.232962e+05 -1.743224e+03  4.997561e+02
      vertex  1.233045e+05 -1.640164e+03  4.324709e+02
      vertex  1.239195e+05 -1.548280e+03  4.360518e+02
    endloop
  endfacet
  facet normal  9.456754e-02 -5.692726e-01 -8.166920e-01
    outer loop
      vertex  1.232962e+05 -1.743224e+03  4.997561e+02
      vertex  1.239195e+05 -1.548280e+03  4.360518e+02
      vertex  1.239136e+05 -1.645817e+03  5.033490e+02
    endloop
  endfacet
  facet normal  8.241184e-02 -5.693841e-01 -8.179303e-01
    outer loop
      vertex  1.239136e+05 -1.645817e+03  5.033490e+02
      vertex  1.239195e+05 -1.548280e+03  4.360518e+02
      vertex  1.245380e+05 -1.463902e+03  4.396326e+02
    endloop
  endfacet
  facet normal  9.066186e-02 -5.917715e-01 -8.009913e-01
    outer loop
      vertex  1.239136e+05 -1.645817e+03  5.033490e+02
      vertex  1.245380e+05 -1.463902e+03  4.396326e+02
      vertex  1.245348e+05 -1.555499e+03  5.069420e+02
    endloop
  endfacet
  facet normal  6.387771e-02 -4.788779e-01 -8.755544e-01
    outer loop
      vertex  1.242654e+05 -1.238746e+03  2.841072e+02
      vertex  1.244863e+05 -1.347455e+03  3.596769e+02
      vertex  1.241487e+05 -1.389041e+03  3.577932e+02
    endloop
  endfacet
  facet normal  6.983227e-02 -5.285528e-01 -8.460233e-01
    outer loop
      vertex  1.241487e+05 -1.389041e+03  3.577932e+02
      vertex  1.244863e+05 -1.347455e+03  3.596769e+02
      vertex  1.245400e+05 -1.403570e+03  3.991737e+02
    endloop
  endfacet
  facet normal  7.164998e-02 -5.105121e-01 -8.568801e-01
    outer loop
      vertex  1.241487e+05 -1.389041e+03  3.577932e+02
      vertex  1.245400e+05 -1.403570e+03  3.991737e+02
      vertex  1.239233e+05 -1.484217e+03  3.956485e+02
    endloop
  endfacet
  facet normal  9.010307e-02 -4.388363e-01 -8.940381e-01
    outer loop
      vertex  1.215893e+05 -1.864198e+03  3.821348e+02
      vertex  1.210884e+05 -1.961064e+03  3.791971e+02
      vertex  1.211598e+05 -1.868344e+03  3.408846e+02
    endloop
  endfacet
  facet normal  9.538522e-02 -4.420284e-01 -8.919151e-01
    outer loop
      vertex  1.211598e+05 -1.868344e+03  3.408846e+02
      vertex  1.210884e+05 -1.961064e+03  3.791971e+02
      vertex  1.205898e+05 -2.062731e+03  3.762593e+02
    endloop
  endfacet
  facet normal  9.193442e-02 -4.327964e-01 -8.967917e-01
    outer loop
      vertex  1.211598e+05 -1.868344e+03  3.408846e+02
      vertex  1.205898e+05 -2.062731e+03  3.762593e+02
      vertex  1.205062e+05 -1.999393e+03  3.371283e+02
    endloop
  endfacet
  facet normal  6.615135e-02 -5.311453e-01 -8.446944e-01
    outer loop
      vertex  1.245400e+05 -1.403570e+03  3.991737e+02
      vertex  1.244863e+05 -1.347455e+03  3.596769e+02
      vertex  1.248227e+05 -1.308531e+03  3.615495e+02
    endloop
  endfacet
  facet normal  6.079923e-02 -4.835117e-01 -8.732238e-01
    outer loop
      vertex  1.248227e+05 -1.308531e+03  3.615495e+02
      vertex  1.244863e+05 -1.347455e+03  3.596769e+02
      vertex  1.242654e+05 -1.238746e+03  2.841072e+02
    endloop
  endfacet
  facet normal  5.797340e-02 -4.975209e-01 -8.655125e-01
    outer loop
      vertex  1.248227e+05 -1.308531e+03  3.615495e+02
      vertex  1.242654e+05 -1.238746e+03  2.841072e+02
      vertex  1.247121e+05 -1.190694e+03  2.864043e+02
    endloop
  endfacet
  facet normal  5.028971e-02 -4.242494e-01 -9.041479e-01
    outer loop
      vertex  1.247121e+05 -1.190694e+03  2.864043e+02
      vertex  1.242654e+05 -1.238746e+03  2.841072e+02
      vertex  1.240937e+05 -1.110765e+03  2.145068e+02
    endloop
  endfacet
  facet normal  4.748597e-02 -4.394985e-01 -8.969873e-01
    outer loop
      vertex  1.247121e+05 -1.190694e+03  2.864043e+02
      vertex  1.240937e+05 -1.110765e+03  2.145068e+02
      vertex  1.246262e+05 -1.058128e+03  2.169029e+02
    endloop
  endfacet
  facet normal  7.148849e-02 -5.102072e-01 -8.570752e-01
    outer loop
      vertex  1.239233e+05 -1.484217e+03  3.956485e+02
      vertex  1.238120e+05 -1.433051e+03  3.559095e+02
      vertex  1.241487e+05 -1.389041e+03  3.577932e+02
    endloop
  endfacet
  facet normal  6.577048e-02 -4.653686e-01 -8.826700e-01
    outer loop
      vertex  1.241487e+05 -1.389041e+03  3.577932e+02
      vertex  1.238120e+05 -1.433051e+03  3.559095e+02
      vertex  1.238200e+05 -1.291369e+03  2.818101e+02
    endloop
  endfacet
  facet normal  6.089776e-02 -4.771339e-01 -8.767181e-01
    outer loop
      vertex  1.241487e+05 -1.389041e+03  3.577932e+02
      vertex  1.238200e+05 -1.291369e+03  2.818101e+02
      vertex  1.242654e+05 -1.238746e+03  2.841072e+02
    endloop
  endfacet
  facet normal  7.513887e-02 -4.949747e-01 -8.656524e-01
    outer loop
      vertex  1.233097e+05 -1.572631e+03  3.921232e+02
      vertex  1.231434e+05 -1.527985e+03  3.521533e+02
      vertex  1.238120e+05 -1.433051e+03  3.559095e+02
    endloop
  endfacet
  facet normal  6.840276e-02 -4.464808e-01 -8.921749e-01
    outer loop
      vertex  1.238120e+05 -1.433051e+03  3.559095e+02
      vertex  1.231434e+05 -1.527985e+03  3.521533e+02
      vertex  1.231637e+05 -1.377510e+03  2.784121e+02
    endloop
  endfacet
  facet normal  6.660764e-02 -4.588421e-01 -8.860177e-01
    outer loop
      vertex  1.238120e+05 -1.433051e+03  3.559095e+02
      vertex  1.231637e+05 -1.377510e+03  2.784121e+02
      vertex  1.234915e+05 -1.333209e+03  2.801111e+02
    endloop
  endfacet
  facet normal  5.803575e-02 -3.942246e-01 -9.171799e-01
    outer loop
      vertex  1.234915e+05 -1.333209e+03  2.801111e+02
      vertex  1.231637e+05 -1.377510e+03  2.784121e+02
      vertex  1.230336e+05 -1.236844e+03  2.097147e+02
    endloop
  endfacet
  facet normal  5.502437e-02 -4.051757e-01 -9.125814e-01
    outer loop
      vertex  1.234915e+05 -1.333209e+03  2.801111e+02
      vertex  1.230336e+05 -1.236844e+03  2.097147e+02
      vertex  1.235628e+05 -1.170366e+03  2.121108e+02
    endloop
  endfacet
  facet normal  8.989543e-02 -3.930272e-01 -9.151221e-01
    outer loop
      vertex  1.199800e+05 -2.033407e+03  3.000435e+02
      vertex  1.205256e+05 -1.826041e+03  2.645816e+02
      vertex  1.205062e+05 -1.999393e+03  3.371283e+02
    endloop
  endfacet
  facet normal  8.059772e-02 -3.924526e-01 -9.162341e-01
    outer loop
      vertex  1.205062e+05 -1.999393e+03  3.371283e+02
      vertex  1.205256e+05 -1.826041e+03  2.645816e+02
      vertex  1.211777e+05 -1.700170e+03  2.680273e+02
    endloop
  endfacet
  facet normal  8.619040e-02 -4.037479e-01 -9.108012e-01
    outer loop
      vertex  1.205062e+05 -1.999393e+03  3.371283e+02
      vertex  1.211777e+05 -1.700170e+03  2.680273e+02
      vertex  1.211598e+05 -1.868344e+03  3.408846e+02
    endloop
  endfacet
  facet normal  7.658006e-02 -4.032025e-01 -9.119009e-01
    outer loop
      vertex  1.211598e+05 -1.868344e+03  3.408846e+02
      vertex  1.211777e+05 -1.700170e+03  2.680273e+02
      vertex  1.218333e+05 -1.583452e+03  2.714730e+02
    endloop
  endfacet
  facet normal  8.268481e-02 -4.160877e-01 -9.055575e-01
    outer loop
      vertex  1.211598e+05 -1.868344e+03  3.408846e+02
      vertex  1.218333e+05 -1.583452e+03  2.714730e+02
      vertex  1.218172e+05 -1.745881e+03  3.446408e+02
    endloop
  endfacet
  facet normal  7.235863e-02 -4.155721e-01 -9.066775e-01
    outer loop
      vertex  1.218172e+05 -1.745881e+03  3.446408e+02
      vertex  1.218333e+05 -1.583452e+03  2.714730e+02
      vertex  1.224922e+05 -1.476229e+03  2.749187e+02
    endloop
  endfacet
  facet normal  7.899754e-02 -4.302680e-01 -8.992379e-01
    outer loop
      vertex  1.218172e+05 -1.745881e+03  3.446408e+02
      vertex  1.224922e+05 -1.476229e+03  2.749187e+02
      vertex  1.224784e+05 -1.632335e+03  3.483970e+02
    endloop
  endfacet
  facet normal  6.960061e-02 -4.298863e-01 -9.001964e-01
    outer loop
      vertex  1.224784e+05 -1.632335e+03  3.483970e+02
      vertex  1.224922e+05 -1.476229e+03  2.749187e+02
      vertex  1.228276e+05 -1.425595e+03  2.766654e+02
    endloop
  endfacet
  facet normal  7.337335e-02 -4.352571e-01 -8.973113e-01
    outer loop
      vertex  1.224784e+05 -1.632335e+03  3.483970e+02
      vertex  1.228276e+05 -1.425595e+03  2.766654e+02
      vertex  1.231434e+05 -1.527985e+03  3.521533e+02
    endloop
  endfacet
  facet normal  5.428325e-02 -4.198761e-01 -9.059565e-01
    outer loop
      vertex  1.242654e+05 -1.238746e+03  2.841072e+02
      vertex  1.238200e+05 -1.291369e+03  2.818101e+02
      vertex  1.240937e+05 -1.110765e+03  2.145068e+02
    endloop
  endfacet
  facet normal  5.888763e-02 -4.257273e-01 -9.029332e-01
    outer loop
      vertex  1.240937e+05 -1.110765e+03  2.145068e+02
      vertex  1.238200e+05 -1.291369e+03  2.818101e+02
      vertex  1.234915e+05 -1.333209e+03  2.801111e+02
    endloop
  endfacet
  facet normal  4.938786e-02 -4.032058e-01 -9.137757e-01
    outer loop
      vertex  1.240937e+05 -1.110765e+03  2.145068e+02
      vertex  1.234915e+05 -1.333209e+03  2.801111e+02
      vertex  1.235628e+05 -1.170366e+03  2.121108e+02
    endloop
  endfacet
  facet normal  6.084169e-02 -3.920039e-01 -9.179495e-01
    outer loop
      vertex  1.231637e+05 -1.377510e+03  2.784121e+02
      vertex  1.228276e+05 -1.425595e+03  2.766654e+02
      vertex  1.230336e+05 -1.236844e+03  2.097147e+02
    endloop
  endfacet
  facet normal  6.447182e-02 -3.953661e-01 -9.162582e-01
    outer loop
      vertex  1.230336e+05 -1.236844e+03  2.097147e+02
      vertex  1.228276e+05 -1.425595e+03  2.766654e+02
      vertex  1.224922e+05 -1.476229e+03  2.749187e+02
    endloop
  endfacet
  facet normal  5.700778e-02 -3.803467e-01 -9.230853e-01
    outer loop
      vertex  1.230336e+05 -1.236844e+03  2.097147e+02
      vertex  1.224922e+05 -1.476229e+03  2.749187e+02
      vertex  1.225061e+05 -1.310093e+03  2.073186e+02
    endloop
  endfacet
  facet normal  7.714973e-02 -3.458512e-01 -9.351122e-01
    outer loop
      vertex  1.199800e+05 -1.853988e+03  2.299026e+02
      vertex  1.205450e+05 -1.642595e+03  1.983335e+02
      vertex  1.205256e+05 -1.826041e+03  2.645816e+02
    endloop
  endfacet
  facet normal  6.834766e-02 -3.452487e-01 -9.360192e-01
    outer loop
      vertex  1.205256e+05 -1.826041e+03  2.645816e+02
      vertex  1.205450e+05 -1.642595e+03  1.983335e+02
      vertex  1.211956e+05 -1.521924e+03  2.013285e+02
    endloop
  endfacet
  facet normal  7.363916e-02 -3.559836e-01 -9.315863e-01
    outer loop
      vertex  1.205256e+05 -1.826041e+03  2.645816e+02
      vertex  1.211956e+05 -1.521924e+03  2.013285e+02
      vertex  1.211777e+05 -1.700170e+03  2.680273e+02
    endloop
  endfacet
  facet normal  6.459269e-02 -3.554091e-01 -9.324765e-01
    outer loop
      vertex  1.211777e+05 -1.700170e+03  2.680273e+02
      vertex  1.211956e+05 -1.521924e+03  2.013285e+02
      vertex  1.218493e+05 -1.410973e+03  2.043236e+02
    endloop
  endfacet
  facet normal  7.031712e-02 -3.675702e-01 -9.273337e-01
    outer loop
      vertex  1.211777e+05 -1.700170e+03  2.680273e+02
      vertex  1.218493e+05 -1.410973e+03  2.043236e+02
      vertex  1.218333e+05 -1.583452e+03  2.714730e+02
    endloop
  endfacet
  facet normal  6.211993e-02 -3.671068e-01 -9.281022e-01
    outer loop
      vertex  1.218333e+05 -1.583452e+03  2.714730e+02
      vertex  1.218493e+05 -1.410973e+03  2.043236e+02
      vertex  1.221773e+05 -1.359254e+03  2.058211e+02
    endloop
  endfacet
  facet normal  6.527001e-02 -3.713794e-01 -9.261842e-01
    outer loop
      vertex  1.218333e+05 -1.583452e+03  2.714730e+02
      vertex  1.221773e+05 -1.359254e+03  2.058211e+02
      vertex  1.224922e+05 -1.476229e+03  2.749187e+02
    endloop
  endfacet
  facet normal  5.379565e-02 -3.202893e-01 -9.457911e-01
    outer loop
      vertex  1.215426e+05 -1.279038e+03  1.421992e+02
      vertex  1.218724e+05 -1.227244e+03  1.434196e+02
      vertex  1.218493e+05 -1.410973e+03  2.043236e+02
    endloop
  endfacet
  facet normal  5.103667e-02 -3.200226e-01 -9.460343e-01
    outer loop
      vertex  1.218493e+05 -1.410973e+03  2.043236e+02
      vertex  1.218724e+05 -1.227244e+03  1.434196e+02
      vertex  1.221959e+05 -1.179194e+03  1.446139e+02
    endloop
  endfacet
  facet normal  5.578544e-02 -3.264843e-01 -9.435549e-01
    outer loop
      vertex  1.218493e+05 -1.410973e+03  2.043236e+02
      vertex  1.221959e+05 -1.179194e+03  1.446139e+02
      vertex  1.221773e+05 -1.359254e+03  2.058211e+02
    endloop
  endfacet
  facet normal  4.915512e-02 -3.259856e-01 -9.440960e-01
    outer loop
      vertex  1.221773e+05 -1.359254e+03  2.058211e+02
      vertex  1.221959e+05 -1.179194e+03  1.446139e+02
      vertex  1.225199e+05 -1.133790e+03  1.458082e+02
    endloop
  endfacet
  facet normal  5.404112e-02 -3.327129e-01 -9.414784e-01
    outer loop
      vertex  1.221773e+05 -1.359254e+03  2.058211e+02
      vertex  1.225199e+05 -1.133790e+03  1.458082e+02
      vertex  1.225061e+05 -1.310093e+03  2.073186e+02
    endloop
  endfacet
  facet normal  4.631094e-02 -3.323011e-01 -9.420357e-01
    outer loop
      vertex  1.225061e+05 -1.310093e+03  2.073186e+02
      vertex  1.225199e+05 -1.133790e+03  1.458082e+02
      vertex  1.230453e+05 -1.066042e+03  1.477399e+02
    endloop
  endfacet
  facet normal  5.199651e-02 -3.437830e-01 -9.376084e-01
    outer loop
      vertex  1.225061e+05 -1.310093e+03  2.073186e+02
      vertex  1.230453e+05 -1.066042e+03  1.477399e+02
      vertex  1.230336e+05 -1.236844e+03  2.097147e+02
    endloop
  endfacet
  facet normal  4.293145e-02 -3.433795e-01 -9.382150e-01
    outer loop
      vertex  1.230336e+05 -1.236844e+03  2.097147e+02
      vertex  1.230453e+05 -1.066042e+03  1.477399e+02
      vertex  1.235722e+05 -1.005447e+03  1.496717e+02
    endloop
  endfacet
  facet normal  4.895118e-02 -3.560829e-01 -9.331713e-01
    outer loop
      vertex  1.230336e+05 -1.236844e+03  2.097147e+02
      vertex  1.235722e+05 -1.005447e+03  1.496717e+02
      vertex  1.235628e+05 -1.170366e+03  2.121108e+02
    endloop
  endfacet
  facet normal  3.933177e-02 -3.557559e-01 -9.337509e-01
    outer loop
      vertex  1.235628e+05 -1.170366e+03  2.121108e+02
      vertex  1.235722e+05 -1.005447e+03  1.496717e+02
      vertex  1.241004e+05 -9.521213e+02  1.516034e+02
    endloop
  endfacet
  facet normal  4.570818e-02 -3.698571e-01 -9.279637e-01
    outer loop
      vertex  1.235628e+05 -1.170366e+03  2.121108e+02
      vertex  1.241004e+05 -9.521213e+02  1.516034e+02
      vertex  1.240937e+05 -1.110765e+03  2.145068e+02
    endloop
  endfacet
  facet normal  3.548469e-02 -3.696406e-01 -9.284970e-01
    outer loop
      vertex  1.240937e+05 -1.110765e+03  2.145068e+02
      vertex  1.241004e+05 -9.521213e+02  1.516034e+02
      vertex  1.246297e+05 -9.061593e+02  1.535352e+02
    endloop
  endfacet
  facet normal  4.224481e-02 -3.853536e-01 -9.218015e-01
    outer loop
      vertex  1.240937e+05 -1.110765e+03  2.145068e+02
      vertex  1.246297e+05 -9.061593e+02  1.535352e+02
      vertex  1.246262e+05 -1.058128e+03  2.169029e+02
    endloop
  endfacet
  facet normal  6.521856e-02 -3.002900e-01 -9.516157e-01
    outer loop
      vertex  1.199800e+05 -1.674439e+03  1.696600e+02
      vertex  1.205644e+05 -1.448977e+03  1.385641e+02
      vertex  1.205450e+05 -1.642595e+03  1.983335e+02
    endloop
  endfacet
  facet normal  5.685470e-02 -2.996778e-01 -9.523448e-01
    outer loop
      vertex  1.205450e+05 -1.642595e+03  1.983335e+02
      vertex  1.205644e+05 -1.448977e+03  1.385641e+02
      vertex  1.212135e+05 -1.333508e+03  1.409788e+02
    endloop
  endfacet
  facet normal  6.182592e-02 -3.097711e-01 -9.487990e-01
    outer loop
      vertex  1.205450e+05 -1.642595e+03  1.983335e+02
      vertex  1.212135e+05 -1.333508e+03  1.409788e+02
      vertex  1.211956e+05 -1.521924e+03  2.013285e+02
    endloop
  endfacet
  facet normal  5.470603e-02 -3.092857e-01 -9.493943e-01
    outer loop
      vertex  1.211956e+05 -1.521924e+03  2.013285e+02
      vertex  1.212135e+05 -1.333508e+03  1.409788e+02
      vertex  1.215426e+05 -1.279038e+03  1.421992e+02
    endloop
  endfacet
  facet normal  5.744478e-02 -3.128729e-01 -9.480563e-01
    outer loop
      vertex  1.211956e+05 -1.521924e+03  2.013285e+02
      vertex  1.215426e+05 -1.279038e+03  1.421992e+02
      vertex  1.218493e+05 -1.410973e+03  2.043236e+02
    endloop
  endfacet
  facet normal  4.615271e-02 -2.712507e-01 -9.614015e-01
    outer loop
      vertex  1.215426e+05 -1.279038e+03  1.421992e+02
      vertex  1.216645e+05 -1.067327e+03  8.831673e+01
      vertex  1.218724e+05 -1.227244e+03  1.434196e+02
    endloop
  endfacet
  facet normal  4.229470e-02 -2.758754e-01 -9.602625e-01
    outer loop
      vertex  1.218724e+05 -1.227244e+03  1.434196e+02
      vertex  1.216645e+05 -1.067327e+03  8.831673e+01
      vertex  1.220986e+05 -1.004747e+03  8.946006e+01
    endloop
  endfacet
  facet normal  4.488984e-02 -2.783142e-01 -9.594405e-01
    outer loop
      vertex  1.218724e+05 -1.227244e+03  1.434196e+02
      vertex  1.220986e+05 -1.004747e+03  8.946006e+01
      vertex  1.221959e+05 -1.179194e+03  1.446139e+02
    endloop
  endfacet
  facet normal  3.968244e-02 -2.810386e-01 -9.588757e-01
    outer loop
      vertex  1.221959e+05 -1.179194e+03  1.446139e+02
      vertex  1.220986e+05 -1.004747e+03  8.946006e+01
      vertex  1.225337e+05 -9.472072e+02  9.060339e+01
    endloop
  endfacet
  facet normal  4.365924e-02 -2.864194e-01 -9.571092e-01
    outer loop
      vertex  1.221959e+05 -1.179194e+03  1.446139e+02
      vertex  1.225337e+05 -9.472072e+02  9.060339e+01
      vertex  1.225199e+05 -1.133790e+03  1.458082e+02
    endloop
  endfacet
  facet normal  3.653746e-02 -2.860153e-01 -9.575282e-01
    outer loop
      vertex  1.225199e+05 -1.133790e+03  1.458082e+02
      vertex  1.225337e+05 -9.472072e+02  9.060339e+01
      vertex  1.230571e+05 -8.849450e+02  9.197539e+01
    endloop
  endfacet
  facet normal  4.174022e-02 -2.965086e-01 -9.541177e-01
    outer loop
      vertex  1.225199e+05 -1.133790e+03  1.458082e+02
      vertex  1.230571e+05 -8.849450e+02  9.197539e+01
      vertex  1.230453e+05 -1.066042e+03  1.477399e+02
    endloop
  endfacet
  facet normal  3.339266e-02 -2.961063e-01 -9.545711e-01
    outer loop
      vertex  1.230453e+05 -1.066042e+03  1.477399e+02
      vertex  1.230571e+05 -8.849450e+02  9.197539e+01
      vertex  1.235816e+05 -8.302205e+02  9.334738e+01
    endloop
  endfacet
  facet normal  3.887019e-02 -3.076687e-01 -9.506992e-01
    outer loop
      vertex  1.230453e+05 -1.066042e+03  1.477399e+02
      vertex  1.235816e+05 -8.302205e+02  9.334738e+01
      vertex  1.235722e+05 -1.005447e+03  1.496717e+02
    endloop
  endfacet
  facet normal  3.001029e-02 -3.073332e-01 -9.511286e-01
    outer loop
      vertex  1.235722e+05 -1.005447e+03  1.496717e+02
      vertex  1.235816e+05 -8.302205e+02  9.334738e+01
      vertex  1.241070e+05 -7.831574e+02  9.471938e+01
    endloop
  endfacet
  facet normal  3.578179e-02 -3.201243e-01 -9.466996e-01
    outer loop
      vertex  1.235722e+05 -1.005447e+03  1.496717e+02
      vertex  1.241070e+05 -7.831574e+02  9.471938e+01
      vertex  1.241004e+05 -9.521213e+02  1.516034e+02
    endloop
  endfacet
  facet normal  2.635914e-02 -3.198856e-01 -9.470895e-01
    outer loop
      vertex  1.241004e+05 -9.521213e+02  1.516034e+02
      vertex  1.241070e+05 -7.831574e+02  9.471938e+01
      vertex  1.246332e+05 -7.438582e+02  9.609138e+01
    endloop
  endfacet
  facet normal  3.244805e-02 -3.341021e-01 -9.419783e-01
    outer loop
      vertex  1.241004e+05 -9.521213e+02  1.516034e+02
      vertex  1.246332e+05 -7.438582e+02  9.609138e+01
      vertex  1.246297e+05 -9.061593e+02  1.535352e+02
    endloop
  endfacet
  facet normal  4.655045e-02 -2.650354e-01 -9.631144e-01
    outer loop
      vertex  1.209072e+05 -1.188654e+03  8.631590e+01
      vertex  1.212313e+05 -1.134844e+03  8.717340e+01
      vertex  1.212135e+05 -1.333508e+03  1.409788e+02
    endloop
  endfacet
  facet normal  4.382841e-02 -2.648395e-01 -9.632960e-01
    outer loop
      vertex  1.212135e+05 -1.333508e+03  1.409788e+02
      vertex  1.212313e+05 -1.134844e+03  8.717340e+01
      vertex  1.216645e+05 -1.067327e+03  8.831673e+01
    endloop
  endfacet
  facet normal  4.867313e-02 -2.725745e-01 -9.609028e-01
    outer loop
      vertex  1.212135e+05 -1.333508e+03  1.409788e+02
      vertex  1.216645e+05 -1.067327e+03  8.831673e+01
      vertex  1.215426e+05 -1.279038e+03  1.421992e+02
    endloop
  endfacet
  facet normal  3.784208e-02 -2.183547e-01 -9.751354e-01
    outer loop
      vertex  1.209302e+05 -9.763445e+02  3.966497e+01
      vertex  1.209072e+05 -1.188654e+03  8.631590e+01
      vertex  1.206116e+05 -1.029547e+03  3.921767e+01
    endloop
  endfacet
  facet normal  4.003740e-02 -2.145033e-01 -9.759024e-01
    outer loop
      vertex  1.206116e+05 -1.029547e+03  3.921767e+01
      vertex  1.209072e+05 -1.188654e+03  8.631590e+01
      vertex  1.205838e+05 -1.245127e+03  8.545840e+01
    endloop
  endfacet
  facet normal  4.825334e-02 -2.617433e-01 -9.639304e-01
    outer loop
      vertex  1.209072e+05 -1.188654e+03  8.631590e+01
      vertex  1.212135e+05 -1.333508e+03  1.409788e+02
      vertex  1.205838e+05 -1.245127e+03  8.545840e+01
    endloop
  endfacet
  facet normal  4.916339e-02 -2.561705e-01 -9.653805e-01
    outer loop
      vertex  1.205838e+05 -1.245127e+03  8.545840e+01
      vertex  1.212135e+05 -1.333508e+03  1.409788e+02
      vertex  1.205644e+05 -1.448977e+03  1.385641e+02
    endloop
  endfacet
  facet normal  1.576419e-02 -2.847059e-01 -9.584854e-01
    outer loop
      vertex  1.251600e+05 -6.535973e+02  7.794424e+01
      vertex  1.246332e+05 -7.438582e+02  9.609138e+01
      vertex  1.246368e+05 -5.710745e+02  4.482627e+01
    endloop
  endfacet
  facet normal  2.376891e-02 -2.848112e-01 -9.582889e-01
    outer loop
      vertex  1.246368e+05 -5.710745e+02  4.482627e+01
      vertex  1.246332e+05 -7.438582e+02  9.609138e+01
      vertex  1.241070e+05 -7.831574e+02  9.471938e+01
    endloop
  endfacet
  facet normal  1.832462e-02 -2.721070e-01 -9.620925e-01
    outer loop
      vertex  1.246368e+05 -5.710745e+02  4.482627e+01
      vertex  1.241070e+05 -7.831574e+02  9.471938e+01
      vertex  1.241137e+05 -6.037383e+02  4.410104e+01
    endloop
  endfacet
  facet normal  2.690474e-02 -2.723484e-01 -9.618225e-01
    outer loop
      vertex  1.241137e+05 -6.037383e+02  4.410104e+01
      vertex  1.241070e+05 -7.831574e+02  9.471938e+01
      vertex  1.235816e+05 -8.302205e+02  9.334738e+01
    endloop
  endfacet
  facet normal  2.171482e-02 -2.608742e-01 -9.651286e-01
    outer loop
      vertex  1.241137e+05 -6.037383e+02  4.410104e+01
      vertex  1.235816e+05 -8.302205e+02  9.334738e+01
      vertex  1.235909e+05 -6.445663e+02  4.337581e+01
    endloop
  endfacet
  facet normal  2.977731e-02 -2.611994e-01 -9.648255e-01
    outer loop
      vertex  1.235909e+05 -6.445663e+02  4.337581e+01
      vertex  1.235816e+05 -8.302205e+02  9.334738e+01
      vertex  1.230571e+05 -8.849450e+02  9.197539e+01
    endloop
  endfacet
  facet normal  2.482351e-02 -2.507838e-01 -9.677247e-01
    outer loop
      vertex  1.235909e+05 -6.445663e+02  4.337581e+01
      vertex  1.230571e+05 -8.849450e+02  9.197539e+01
      vertex  1.230688e+05 -6.934473e+02  4.265059e+01
    endloop
  endfacet
  facet normal  3.241736e-02 -2.511663e-01 -9.674009e-01
    outer loop
      vertex  1.230688e+05 -6.934473e+02  4.265059e+01
      vertex  1.230571e+05 -8.849450e+02  9.197539e+01
      vertex  1.225337e+05 -9.472072e+02  9.060339e+01
    endloop
  endfacet
  facet normal  2.768500e-02 -2.416715e-01 -9.699630e-01
    outer loop
      vertex  1.230688e+05 -6.934473e+02  4.265059e+01
      vertex  1.225337e+05 -9.472072e+02  9.060339e+01
      vertex  1.225476e+05 -7.502499e+02  4.192535e+01
    endloop
  endfacet
  facet normal  3.455840e-02 -2.420750e-01 -9.696419e-01
    outer loop
      vertex  1.225476e+05 -7.502499e+02  4.192535e+01
      vertex  1.225337e+05 -9.472072e+02  9.060339e+01
      vertex  1.220986e+05 -1.004747e+03  8.946006e+01
    endloop
  endfacet
  facet normal  3.019754e-02 -2.347452e-01 -9.715878e-01
    outer loop
      vertex  1.225476e+05 -7.502499e+02  4.192535e+01
      vertex  1.220986e+05 -1.004747e+03  8.946006e+01
      vertex  1.221140e+05 -8.035279e+02  4.132100e+01
    endloop
  endfacet
  facet normal  3.645310e-02 -2.351481e-01 -9.712757e-01
    outer loop
      vertex  1.221140e+05 -8.035279e+02  4.132100e+01
      vertex  1.220986e+05 -1.004747e+03  8.946006e+01
      vertex  1.216645e+05 -1.067327e+03  8.831673e+01
    endloop
  endfacet
  facet normal  3.225908e-02 -2.283180e-01 -9.730520e-01
    outer loop
      vertex  1.221140e+05 -8.035279e+02  4.132100e+01
      vertex  1.216645e+05 -1.067327e+03  8.831673e+01
      vertex  1.216811e+05 -8.621044e+02  4.071664e+01
    endloop
  endfacet
  facet normal  3.822438e-02 -2.287307e-01 -9.727390e-01
    outer loop
      vertex  1.216811e+05 -8.621044e+02  4.071664e+01
      vertex  1.216645e+05 -1.067327e+03  8.831673e+01
      vertex  1.212313e+05 -1.134844e+03  8.717340e+01
    endloop
  endfacet
  facet normal  3.419174e-02 -2.223571e-01 -9.743656e-01
    outer loop
      vertex  1.216811e+05 -8.621044e+02  4.071664e+01
      vertex  1.212313e+05 -1.134844e+03  8.717340e+01
      vertex  1.212492e+05 -9.258725e+02  4.011228e+01
    endloop
  endfacet
  facet normal  3.955912e-02 -2.227504e-01 -9.740726e-01
    outer loop
      vertex  1.212492e+05 -9.258725e+02  4.011228e+01
      vertex  1.212313e+05 -1.134844e+03  8.717340e+01
      vertex  1.209072e+05 -1.188654e+03  8.631590e+01
    endloop
  endfacet
  facet normal  3.587895e-02 -2.181682e-01 -9.752514e-01
    outer loop
      vertex  1.212492e+05 -9.258725e+02  4.011228e+01
      vertex  1.209072e+05 -1.188654e+03  8.631590e+01
      vertex  1.209302e+05 -9.763445e+02  3.966497e+01
    endloop
  endfacet
  facet normal  3.134872e-15  0.000000e+00 -1.000000e+00
    outer loop
      vertex  1.251600e+05  3.702791e+02 -1.421085e-14
      vertex  1.251600e+05 -3.702791e+02 -1.421085e-14
      vertex  1.248352e+05 -3.801369e+02 -1.032310e-12
    endloop
  endfacet
  facet normal -1.045272e-16  1.401950e-15 -1.000000e+00
    outer loop
      vertex  1.251600e+05  3.702791e+02 -1.421085e-14
      vertex  1.248352e+05 -3.801369e+02 -1.032310e-12
      vertex  1.245103e+05 -3.933922e+02 -1.016930e-12
    endloop
  endfacet
  facet normal -1.198279e-16  1.414967e-15 -1.000000e+00
    outer loop
      vertex  1.251600e+05  3.702791e+02 -1.421085e-14
      vertex  1.245103e+05 -3.933922e+02 -1.016930e-12
      vertex  1.241853e+05 -4.100236e+02 -1.001517e-12
    endloop
  endfacet
  facet normal -1.356761e-16  1.434763e-15 -1.000000e+00
    outer loop
      vertex  1.251600e+05  3.702791e+02 -1.421085e-14
      vertex  1.241853e+05 -4.100236e+02 -1.001517e-12
      vertex  1.238603e+05 -4.300062e+02 -9.860891e-13
    endloop
  endfacet
  facet normal -1.522977e-16  1.461758e-15 -1.000000e+00
    outer loop
      vertex  1.251600e+05  3.702791e+02 -1.421085e-14
      vertex  1.238603e+05 -4.300062e+02 -9.860891e-13
      vertex  1.235353e+05 -4.533123e+02 -9.706651e-13
    endloop
  endfacet
  facet normal -1.699703e-16  1.496621e-15 -9.999999e-01
    outer loop
      vertex  1.251600e+05  3.702791e+02 -1.421085e-14
      vertex  1.235353e+05 -4.533123e+02 -9.706651e-13
      vertex  1.232105e+05 -4.799111e+02 -9.552609e-13
    endloop
  endfacet
  facet normal -1.889897e-16  1.540233e-15 -1.000000e+00
    outer loop
      vertex  1.251600e+05  3.702791e+02 -1.421085e-14
      vertex  1.232105e+05 -4.799111e+02 -9.552609e-13
      vertex  1.228858e+05 -5.097690e+02 -9.398923e-13
    endloop
  endfacet
  facet normal -2.097451e-16  1.593869e-15 -9.999999e-01
    outer loop
      vertex  1.251600e+05  3.702791e+02 -1.421085e-14
      vertex  1.228858e+05 -5.097690e+02 -9.398923e-13
      vertex  1.225614e+05 -5.428491e+02 -9.245734e-13
    endloop
  endfacet
  facet normal -2.327056e-16  1.659210e-15 -1.000000e+00
    outer loop
      vertex  1.251600e+05  3.702791e+02 -1.421085e-14
      vertex  1.225614e+05 -5.428491e+02 -9.245734e-13
      vertex  1.222373e+05 -5.791119e+02 -9.093172e-13
    endloop
  endfacet
  facet normal -2.584561e-16  1.738484e-15 -9.999999e-01
    outer loop
      vertex  1.251600e+05  3.702791e+02 -1.421085e-14
      vertex  1.222373e+05 -5.791119e+02 -9.093172e-13
      vertex  1.219135e+05 -6.185153e+02 -8.941360e-13
    endloop
  endfacet
  facet normal -2.877812e-16  1.834767e-15 -1.000000e+00
    outer loop
      vertex  1.251600e+05  3.702791e+02 -1.421085e-14
      vertex  1.219135e+05 -6.185153e+02 -8.941360e-13
      vertex  1.215901e+05 -6.610139e+02 -8.790409e-13
    endloop
  endfacet
  facet normal -3.217717e-16  1.952428e-15 -1.000000e+00
    outer loop
      vertex  1.251600e+05  3.702791e+02 -1.421085e-14
      vertex  1.215901e+05 -6.610139e+02 -8.790409e-13
      vertex  1.212671e+05 -7.065601e+02 -8.640418e-13
    endloop
  endfacet
  facet normal -3.618262e-16  2.097229e-15 -1.000000e+00
    outer loop
      vertex  1.251600e+05  3.702791e+02 -1.421085e-14
      vertex  1.212671e+05 -7.065601e+02 -8.640418e-13
      vertex  1.209446e+05 -7.551035e+02 -8.491480e-13
    endloop
  endfacet
  facet normal -4.100975e-16  2.278042e-15 -1.000000e+00
    outer loop
      vertex  1.251600e+05  3.702791e+02 -1.421085e-14
      vertex  1.209446e+05 -7.551035e+02 -8.491480e-13
      vertex  1.206225e+05 -8.065908e+02 -8.343677e-13
    endloop
  endfacet
  facet normal -4.697168e-16  2.507906e-15 -1.000000e+00
    outer loop
      vertex  1.251600e+05  3.702791e+02 -1.421085e-14
      vertex  1.206225e+05 -8.065908e+02 -8.343677e-13
      vertex  1.203010e+05 -8.609666e+02 -8.197085e-13
    endloop
  endfacet
  facet normal -4.526924e-17  -0.000000e+00 -1.000000e+00
    outer loop
      vertex  1.199800e+05 -9.181727e+02 -8.051767e-13
      vertex  1.199800e+05  9.181727e+02 -8.051767e-13
      vertex  1.203010e+05  8.609666e+02 -8.197085e-13
    endloop
  endfacet
  facet normal -4.558253e-17  5.652674e-20 -1.000000e+00
    outer loop
      vertex  1.199800e+05 -9.181727e+02 -8.051767e-13
      vertex  1.203010e+05  8.609666e+02 -8.197085e-13
      vertex  1.206225e+05  8.065908e+02 -8.343677e-13
    endloop
  endfacet
  facet normal -4.586872e-17  1.631436e-19 -1.000000e+00
    outer loop
      vertex  1.199800e+05 -9.181727e+02 -8.051767e-13
      vertex  1.206225e+05  8.065908e+02 -8.343677e-13
      vertex  1.209446e+05  7.551035e+02 -8.491480e-13
    endloop
  endfacet
  facet normal -4.613056e-17  3.140856e-19 -9.999999e-01
    outer loop
      vertex  1.199800e+05 -9.181727e+02 -8.051767e-13
      vertex  1.209446e+05  7.551035e+02 -8.491480e-13
      vertex  1.212671e+05  7.065601e+02 -8.640418e-13
    endloop
  endfacet
  facet normal -4.636917e-17  5.031131e-19 -1.000000e+00
    outer loop
      vertex  1.199800e+05 -9.181727e+02 -8.051767e-13
      vertex  1.212671e+05  7.065601e+02 -8.640418e-13
      vertex  1.215901e+05  6.610139e+02 -8.790409e-13
    endloop
  endfacet
  facet normal -4.658095e-17  7.190433e-19 -1.000000e+00
    outer loop
      vertex  1.199800e+05 -9.181727e+02 -8.051767e-13
      vertex  1.215901e+05  6.610139e+02 -8.790409e-13
      vertex  1.219135e+05  6.185153e+02 -8.941360e-13
    endloop
  endfacet
  facet normal -4.677070e-17  9.577885e-19 -1.000000e+00
    outer loop
      vertex  1.199800e+05 -9.181727e+02 -8.051767e-13
      vertex  1.219135e+05  6.185153e+02 -8.941360e-13
      vertex  1.222373e+05  5.791119e+02 -9.093172e-13
    endloop
  endfacet
  facet normal -4.693495e-17  1.205406e-18 -1.000000e+00
    outer loop
      vertex  1.199800e+05 -9.181727e+02 -8.051767e-13
      vertex  1.222373e+05  5.791119e+02 -9.093172e-13
      vertex  1.225614e+05  5.428491e+02 -9.245734e-13
    endloop
  endfacet
  facet normal -4.707254e-17  1.448503e-18 -1.000000e+00
    outer loop
      vertex  1.199800e+05 -9.181727e+02 -8.051767e-13
      vertex  1.225614e+05  5.428491e+02 -9.245734e-13
      vertex  1.228858e+05  5.097690e+02 -9.398923e-13
    endloop
  endfacet
  facet normal -4.718419e-17  1.675707e-18 -1.000000e+00
    outer loop
      vertex  1.199800e+05 -9.181727e+02 -8.051767e-13
      vertex  1.228858e+05  5.097690e+02 -9.398923e-13
      vertex  1.232105e+05  4.799111e+02 -9.552609e-13
    endloop
  endfacet
  facet normal -4.726815e-17  1.869722e-18 -1.000000e+00
    outer loop
      vertex  1.199800e+05 -9.181727e+02 -8.051767e-13
      vertex  1.232105e+05  4.799111e+02 -9.552609e-13
      vertex  1.235353e+05  4.533123e+02 -9.706651e-13
    endloop
  endfacet
  facet normal -4.731960e-17  2.003102e-18 -1.000000e+00
    outer loop
      vertex  1.199800e+05 -9.181727e+02 -8.051767e-13
      vertex  1.235353e+05  4.533123e+02 -9.706651e-13
      vertex  1.238603e+05  4.300062e+02 -9.860891e-13
    endloop
  endfacet
  facet normal -4.733931e-17  2.059827e-18 -9.999999e-01
    outer loop
      vertex  1.199800e+05 -9.181727e+02 -8.051767e-13
      vertex  1.238603e+05  4.300062e+02 -9.860891e-13
      vertex  1.241853e+05  4.100236e+02 -1.001517e-12
    endloop
  endfacet
  facet normal -4.732038e-17  1.999898e-18 -9.999999e-01
    outer loop
      vertex  1.199800e+05 -9.181727e+02 -8.051767e-13
      vertex  1.241853e+05  4.100236e+02 -1.001517e-12
      vertex  1.245103e+05  3.933922e+02 -1.016930e-12
    endloop
  endfacet
  facet normal -4.726078e-17  1.794011e-18 -1.000000e+00
    outer loop
      vertex  1.199800e+05 -9.181727e+02 -8.051767e-13
      vertex  1.245103e+05  3.933922e+02 -1.016930e-12
      vertex  1.248352e+05  3.801369e+02 -1.032310e-12
    endloop
  endfacet
  facet normal  2.810534e-15 -1.068538e-14 -1.000000e+00
    outer loop
      vertex  1.199800e+05 -9.181727e+02 -8.051767e-13
      vertex  1.248352e+05  3.801369e+02 -1.032310e-12
      vertex  1.251600e+05  3.702791e+02 -1.421085e-14
    endloop
  endfacet
  facet normal -5.454782e-16  2.806889e-15 -1.000000e+00
    outer loop
      vertex  1.199800e+05 -9.181727e+02 -8.051767e-13
      vertex  1.251600e+05  3.702791e+02 -1.421085e-14
      vertex  1.203010e+05 -8.609666e+02 -8.197085e-13
    endloop
  endfacet
  facet normal  6.032044e-01  0.000000e+00  7.975867e-01
    outer loop
      vertex  1.247069e+05 -1.787888e+03  7.535279e+02
      vertex  1.246625e+05  1.823781e+03  7.871118e+02
      vertex  1.246625e+05 -1.823781e+03  7.871118e+02
    endloop
  endfacet
  facet normal  6.573639e-01  -0.000000e+00  7.535734e-01
    outer loop
      vertex  1.246625e+05 -1.823781e+03  7.871118e+02
      vertex  1.246625e+05  1.823781e+03  7.871118e+02
      vertex  1.246215e+05  1.859764e+03  8.228909e+02
    endloop
  endfacet
  facet normal  6.573638e-01  0.000000e+00  7.535734e-01
    outer loop
      vertex  1.246625e+05 -1.823781e+03  7.871118e+02
      vertex  1.246215e+05  1.859764e+03  8.228909e+02
      vertex  1.246215e+05 -1.859764e+03  8.228909e+02
    endloop
  endfacet
  facet normal  7.095987e-01  -0.000000e+00  7.046061e-01
    outer loop
      vertex  1.246215e+05 -1.859764e+03  8.228909e+02
      vertex  1.246215e+05  1.859764e+03  8.228909e+02
      vertex  1.245801e+05  1.899075e+03  8.645826e+02
    endloop
  endfacet
  facet normal  7.095987e-01  0.000000e+00  7.046061e-01
    outer loop
      vertex  1.246215e+05 -1.859764e+03  8.228909e+02
      vertex  1.245801e+05  1.899075e+03  8.645826e+02
      vertex  1.245801e+05 -1.899075e+03  8.645826e+02
    endloop
  endfacet
  facet normal  7.596070e-01  -0.000000e+00  6.503825e-01
    outer loop
      vertex  1.245801e+05 -1.899075e+03  8.645826e+02
      vertex  1.245801e+05  1.899075e+03  8.645826e+02
      vertex  1.245425e+05  1.937756e+03  9.085355e+02
    endloop
  endfacet
  facet normal  7.596069e-01  0.000000e+00  6.503825e-01
    outer loop
      vertex  1.245801e+05 -1.899075e+03  8.645826e+02
      vertex  1.245425e+05  1.937756e+03  9.085355e+02
      vertex  1.245425e+05 -1.937756e+03  9.085355e+02
    endloop
  endfacet
  facet normal  8.061601e-01  -0.000000e+00  5.916975e-01
    outer loop
      vertex  1.245425e+05 -1.937756e+03  9.085355e+02
      vertex  1.245425e+05  1.937756e+03  9.085355e+02
      vertex  1.245067e+05  1.977634e+03  9.572964e+02
    endloop
  endfacet
  facet normal  8.061600e-01  0.000000e+00  5.916974e-01
    outer loop
      vertex  1.245425e+05 -1.937756e+03  9.085355e+02
      vertex  1.245067e+05  1.977634e+03  9.572964e+02
      vertex  1.245067e+05 -1.977634e+03  9.572964e+02
    endloop
  endfacet
  facet normal  8.489628e-01  -0.000000e+00  5.284527e-01
    outer loop
      vertex  1.245067e+05 -1.977634e+03  9.572964e+02
      vertex  1.245067e+05  1.977634e+03  9.572964e+02
      vertex  1.244750e+05  2.016172e+03  1.008265e+03
    endloop
  endfacet
  facet normal  8.489627e-01  0.000000e+00  5.284527e-01
    outer loop
      vertex  1.245067e+05 -1.977634e+03  9.572964e+02
      vertex  1.244750e+05  2.016172e+03  1.008265e+03
      vertex  1.244750e+05 -2.016172e+03  1.008265e+03
    endloop
  endfacet
  facet normal  8.986123e-01  -0.000000e+00  4.387436e-01
    outer loop
      vertex  1.244750e+05 -2.016172e+03  1.008265e+03
      vertex  1.244750e+05  2.016172e+03  1.008265e+03
      vertex  1.244302e+05  2.078123e+03  1.100000e+03
    endloop
  endfacet
  facet normal  8.986123e-01  0.000000e+00  4.387436e-01
    outer loop
      vertex  1.244750e+05 -2.016172e+03  1.008265e+03
      vertex  1.244302e+05  2.078123e+03  1.100000e+03
      vertex  1.244302e+05 -2.078123e+03  1.100000e+03
    endloop
  endfacet
  facet normal  6.032043e-01  -0.000000e+00  7.975867e-01
    outer loop
      vertex  1.246625e+05  1.823781e+03  7.871118e+02
      vertex  1.247069e+05 -1.787888e+03  7.535279e+02
      vertex  1.247069e+05  1.787888e+03  7.535279e+02
    endloop
  endfacet
  facet normal  5.455049e-01  0.000000e+00  8.381076e-01
    outer loop
      vertex  1.247069e+05  1.787888e+03  7.535279e+02
      vertex  1.247069e+05 -1.787888e+03  7.535279e+02
      vertex  1.247537e+05 -1.753305e+03  7.230740e+02
    endloop
  endfacet
  facet normal  5.455049e-01  -0.000000e+00  8.381076e-01
    outer loop
      vertex  1.247069e+05  1.787888e+03  7.535279e+02
      vertex  1.247537e+05 -1.753305e+03  7.230740e+02
      vertex  1.247537e+05  1.753305e+03  7.230740e+02
    endloop
  endfacet
  facet normal  4.839405e-01  0.000000e+00  8.751009e-01
    outer loop
      vertex  1.247537e+05  1.753305e+03  7.230740e+02
      vertex  1.247537e+05 -1.753305e+03  7.230740e+02
      vertex  1.248041e+05 -1.719637e+03  6.952074e+02
    endloop
  endfacet
  facet normal  4.839406e-01  -0.000000e+00  8.751009e-01
    outer loop
      vertex  1.247537e+05  1.753305e+03  7.230740e+02
      vertex  1.248041e+05 -1.719637e+03  6.952074e+02
      vertex  1.248041e+05  1.719637e+03  6.952074e+02
    endloop
  endfacet
  facet normal  4.224617e-01  0.000000e+00  9.063808e-01
    outer loop
      vertex  1.248041e+05  1.719637e+03  6.952074e+02
      vertex  1.248041e+05 -1.719637e+03  6.952074e+02
      vertex  1.248508e+05 -1.691675e+03  6.734574e+02
    endloop
  endfacet
  facet normal  4.224618e-01  -0.000000e+00  9.063808e-01
    outer loop
      vertex  1.248041e+05  1.719637e+03  6.952074e+02
      vertex  1.248508e+05 -1.691675e+03  6.734574e+02
      vertex  1.248508e+05  1.691675e+03  6.734574e+02
    endloop
  endfacet
  facet normal  3.615046e-01  0.000000e+00  9.323703e-01
    outer loop
      vertex  1.248508e+05  1.691675e+03  6.734574e+02
      vertex  1.248508e+05 -1.691675e+03  6.734574e+02
      vertex  1.249004e+05 -1.665286e+03  6.542225e+02
    endloop
  endfacet
  facet normal  3.615046e-01  -0.000000e+00  9.323704e-01
    outer loop
      vertex  1.248508e+05  1.691675e+03  6.734574e+02
      vertex  1.249004e+05 -1.665286e+03  6.542225e+02
      vertex  1.249004e+05  1.665286e+03  6.542225e+02
    endloop
  endfacet
  facet normal  2.766013e-01  0.000000e+00  9.609847e-01
    outer loop
      vertex  1.249004e+05  1.665286e+03  6.542225e+02
      vertex  1.249004e+05 -1.665286e+03  6.542225e+02
      vertex  1.249853e+05 -1.628022e+03  6.297974e+02
    endloop
  endfacet
  facet normal  2.766014e-01  -0.000000e+00  9.609849e-01
    outer loop
      vertex  1.249004e+05  1.665286e+03  6.542225e+02
      vertex  1.249853e+05 -1.628022e+03  6.297974e+02
      vertex  1.249853e+05  1.628022e+03  6.297974e+02
    endloop
  endfacet
  facet normal  1.700142e-01  0.000000e+00  9.854416e-01
    outer loop
      vertex  1.249853e+05  1.628022e+03  6.297974e+02
      vertex  1.249853e+05 -1.628022e+03  6.297974e+02
      vertex  1.250685e+05 -1.600991e+03  6.154319e+02
    endloop
  endfacet
  facet normal  1.700142e-01  -0.000000e+00  9.854416e-01
    outer loop
      vertex  1.249853e+05  1.628022e+03  6.297974e+02
      vertex  1.250685e+05 -1.600991e+03  6.154319e+02
      vertex  1.250685e+05  1.600991e+03  6.154319e+02
    endloop
  endfacet
  facet normal  5.926398e-02  0.000000e+00  9.982424e-01
    outer loop
      vertex  1.250685e+05  1.600991e+03  6.154319e+02
      vertex  1.250685e+05 -1.600991e+03  6.154319e+02
      vertex  1.251600e+05 -1.581996e+03  6.100006e+02
    endloop
  endfacet
  facet normal  5.926398e-02  -0.000000e+00  9.982424e-01
    outer loop
      vertex  1.250685e+05  1.600991e+03  6.154319e+02
      vertex  1.251600e+05 -1.581996e+03  6.100006e+02
      vertex  1.251600e+05  1.581996e+03  6.100006e+02
    endloop
  endfacet
  facet normal  2.015162e-01  7.735512e-01 -6.008408e-01
    outer loop
      vertex  1.199800e+05  3.134905e+03  1.124110e+03
      vertex  1.205912e+05  2.885111e+03  1.007510e+03
      vertex  1.199800e+05  3.086441e+03  1.061715e+03
    endloop
  endfacet
  facet normal  1.977906e-01  7.681954e-01 -6.088961e-01
    outer loop
      vertex  1.199800e+05  3.134905e+03  1.124110e+03
      vertex  1.208861e+05  2.901619e+03  1.124110e+03
      vertex  1.205912e+05  2.885111e+03  1.007510e+03
    endloop
  endfacet
  facet normal  1.923010e-01  7.531780e-01 -6.290813e-01
    outer loop
      vertex  1.199800e+05  3.035605e+03  1.000851e+03
      vertex  1.199800e+05  3.086441e+03  1.061715e+03
      vertex  1.205912e+05  2.885111e+03  1.007510e+03
    endloop
  endfacet
  facet normal  1.794910e-01  7.087346e-01 -6.822597e-01
    outer loop
      vertex  1.199800e+05  2.926888e+03  8.838801e+02
      vertex  1.199800e+05  2.982414e+03  9.415604e+02
      vertex  1.201703e+05  2.888861e+03  8.944472e+02
    endloop
  endfacet
  facet normal  1.160010e-01  7.558293e-01 -6.444111e-01
    outer loop
      vertex  1.246625e+05  1.823781e+03  7.871118e+02
      vertex  1.246307e+05  1.777697e+03  7.273243e+02
      vertex  1.246280e+05  1.845323e+03  8.061583e+02
    endloop
  endfacet
  facet normal  1.456454e-01  7.761018e-01 -6.135582e-01
    outer loop
      vertex  1.246625e+05  1.823781e+03  7.871118e+02
      vertex  1.246280e+05  1.845323e+03  8.061583e+02
      vertex  1.246215e+05  1.859764e+03  8.228909e+02
    endloop
  endfacet
  facet normal  1.252041e-01  7.456890e-01 -6.544249e-01
    outer loop
      vertex  1.247537e+05  1.753305e+03  7.230740e+02
      vertex  1.246307e+05  1.777697e+03  7.273243e+02
      vertex  1.247069e+05  1.787888e+03  7.535279e+02
    endloop
  endfacet
  facet normal  1.490430e-01  6.097184e-01 -7.784792e-01
    outer loop
      vertex  1.205188e+05  2.597687e+03  7.071915e+02
      vertex  1.199800e+05  2.672169e+03  6.623786e+02
      vertex  1.199800e+05  2.741823e+03  7.169327e+02
    endloop
  endfacet
  facet normal  1.353551e-01  5.667287e-01 -8.127101e-01
    outer loop
      vertex  1.205495e+05  2.382597e+03  5.545265e+02
      vertex  1.199800e+05  2.525531e+03  5.593553e+02
      vertex  1.205341e+05  2.493188e+03  6.290886e+02
    endloop
  endfacet
  facet normal  7.839594e-02  5.921095e-01 -8.020351e-01
    outer loop
      vertex  1.251600e+05  1.412289e+03  4.623230e+02
      vertex  1.245380e+05  1.463902e+03  4.396326e+02
      vertex  1.245348e+05  1.555499e+03  5.069420e+02
    endloop
  endfacet
  facet normal  8.918969e-02  6.297615e-01 -7.716511e-01
    outer loop
      vertex  1.251600e+05  1.412289e+03  4.623230e+02
      vertex  1.245348e+05  1.555499e+03  5.069420e+02
      vertex  1.251600e+05  1.495057e+03  5.298720e+02
    endloop
  endfacet
  facet normal  1.044677e-01  4.498237e-01 -8.869866e-01
    outer loop
      vertex  1.199800e+05  2.205493e+03  3.782180e+02
      vertex  1.199800e+05  2.288579e+03  4.203541e+02
      vertex  1.202074e+05  2.223482e+03  4.141193e+02
    endloop
  endfacet
  facet normal  6.673037e-02  5.325093e-01 -8.437896e-01
    outer loop
      vertex  1.251600e+05  1.323113e+03  3.974272e+02
      vertex  1.248227e+05  1.308531e+03  3.615495e+02
      vertex  1.245400e+05  1.403570e+03  3.991737e+02
    endloop
  endfacet
  facet normal  5.360773e-02  5.006478e-01 -8.639895e-01
    outer loop
      vertex  1.251600e+05  1.228871e+03  3.363179e+02
      vertex  1.247121e+05  1.190694e+03  2.864043e+02
      vertex  1.248227e+05  1.308531e+03  3.615495e+02
    endloop
  endfacet
  facet normal  6.558490e-02  5.428890e-01 -8.372396e-01
    outer loop
      vertex  1.251600e+05  1.228871e+03  3.363179e+02
      vertex  1.248227e+05  1.308531e+03  3.615495e+02
      vertex  1.251600e+05  1.323113e+03  3.974272e+02
    endloop
  endfacet
  facet normal  4.503094e-02  4.408166e-01 -8.964669e-01
    outer loop
      vertex  1.251600e+05  1.127032e+03  2.775998e+02
      vertex  1.246262e+05  1.058128e+03  2.169029e+02
      vertex  1.247121e+05  1.190694e+03  2.864043e+02
    endloop
  endfacet
  facet normal  5.388600e-02  4.987754e-01 -8.650545e-01
    outer loop
      vertex  1.251600e+05  1.127032e+03  2.775998e+02
      vertex  1.247121e+05  1.190694e+03  2.864043e+02
      vertex  1.251600e+05  1.228871e+03  3.363179e+02
    endloop
  endfacet
  facet normal  7.761111e-02  3.630014e-01 -9.285508e-01
    outer loop
      vertex  1.205256e+05  1.826041e+03  2.645816e+02
      vertex  1.199800e+05  1.853988e+03  2.299026e+02
      vertex  1.199800e+05  2.033407e+03  3.000435e+02
    endloop
  endfacet
  facet normal  3.115578e-02  3.852909e-01 -9.222690e-01
    outer loop
      vertex  1.251600e+05  9.046055e+02  1.708001e+02
      vertex  1.246297e+05  9.061593e+02  1.535352e+02
      vertex  1.246262e+05  1.058128e+03  2.169029e+02
    endloop
  endfacet
  facet normal  3.958138e-02  4.111202e-01 -9.107215e-01
    outer loop
      vertex  1.251600e+05  9.046055e+02  1.708001e+02
      vertex  1.246262e+05  1.058128e+03  2.169029e+02
      vertex  1.251600e+05  1.020255e+03  2.230070e+02
    endloop
  endfacet
  facet normal  6.589802e-02  3.174038e-01 -9.459981e-01
    outer loop
      vertex  1.205450e+05  1.642595e+03  1.983335e+02
      vertex  1.199800e+05  1.674439e+03  1.696600e+02
      vertex  1.199800e+05  1.853988e+03  2.299026e+02
    endloop
  endfacet
  facet normal  2.267913e-02  3.340035e-01 -9.422989e-01
    outer loop
      vertex  1.251600e+05  7.841881e+02  1.230647e+02
      vertex  1.246332e+05  7.438582e+02  9.609138e+01
      vertex  1.246297e+05  9.061593e+02  1.535352e+02
    endloop
  endfacet
  facet normal  3.133061e-02  3.683360e-01 -9.291646e-01
    outer loop
      vertex  1.251600e+05  7.841881e+02  1.230647e+02
      vertex  1.246297e+05  9.061593e+02  1.535352e+02
      vertex  1.251600e+05  9.046055e+02  1.708001e+02
    endloop
  endfacet
  facet normal  5.508108e-02  2.751463e-01 -9.598233e-01
    outer loop
      vertex  1.205644e+05  1.448977e+03  1.385641e+02
      vertex  1.199800e+05  1.489237e+03  1.165692e+02
      vertex  1.199800e+05  1.674439e+03  1.696600e+02
    endloop
  endfacet
  facet normal  2.338928e-02  3.264779e-01 -9.449154e-01
    outer loop
      vertex  1.251600e+05  6.535973e+02  7.794424e+01
      vertex  1.246332e+05  7.438582e+02  9.609138e+01
      vertex  1.251600e+05  7.841881e+02  1.230647e+02
    endloop
  endfacet
  facet normal  4.284407e-02  2.076667e-01 -9.772609e-01
    outer loop
      vertex  1.205838e+05  1.245127e+03  8.545840e+01
      vertex  1.202852e+05  1.086956e+03  3.875844e+01
      vertex  1.199800e+05  1.298928e+03  7.042117e+01
    endloop
  endfacet
  facet normal  4.515740e-02  2.354208e-01 -9.708439e-01
    outer loop
      vertex  1.199800e+05  1.298928e+03  7.042117e+01
      vertex  1.199800e+05  1.489237e+03  1.165692e+02
      vertex  1.205838e+05  1.245127e+03  8.545840e+01
    endloop
  endfacet
  facet normal  5.399485e-02  2.565375e-01 -9.650249e-01
    outer loop
      vertex  1.205838e+05  1.245127e+03  8.545840e+01
      vertex  1.199800e+05  1.489237e+03  1.165692e+02
      vertex  1.205644e+05  1.448977e+03  1.385641e+02
    endloop
  endfacet
  facet normal  1.069476e-02  2.390645e-01 -9.709448e-01
    outer loop
      vertex  1.251600e+05  5.184653e+02  3.763624e+01
      vertex  1.248352e+05  3.801369e+02 -1.032310e-12
      vertex  1.246368e+05  5.710745e+02  4.482627e+01
    endloop
  endfacet
  facet normal  1.557012e-02  2.858061e-01 -9.581609e-01
    outer loop
      vertex  1.251600e+05  5.184653e+02  3.763624e+01
      vertex  1.246368e+05  5.710745e+02  4.482627e+01
      vertex  1.251600e+05  6.535973e+02  7.794424e+01
    endloop
  endfacet
  facet normal  3.643947e-02  1.987598e-01 -9.793706e-01
    outer loop
      vertex  1.199800e+05  1.110482e+03  3.217662e+01
      vertex  1.199800e+05  1.298928e+03  7.042117e+01
      vertex  1.202852e+05  1.086956e+03  3.875844e+01
    endloop
  endfacet
  facet normal  7.471717e-03  2.461571e-01 -9.692011e-01
    outer loop
      vertex  1.251600e+05  3.702791e+02 -1.421085e-14
      vertex  1.248352e+05  3.801369e+02 -1.032310e-12
      vertex  1.251600e+05  5.184653e+02  3.763624e+01
    endloop
  endfacet
  facet normal  9.713502e-03  2.381024e-01 -9.711915e-01
    outer loop
      vertex  1.248352e+05  3.801369e+02 -1.032310e-12
      vertex  1.245103e+05  3.933922e+02 -1.016930e-12
      vertex  1.246368e+05  5.710745e+02  4.482627e+01
    endloop
  endfacet
  facet normal  1.850737e-01  8.475831e-01 -4.973435e-01
    outer loop
      vertex  1.236800e+05  2.234644e+03  1.100000e+03
      vertex  1.232058e+05  2.352342e+03  1.124110e+03
      vertex  1.236800e+05  2.248791e+03  1.124110e+03
    endloop
  endfacet
  facet normal  1.853736e-01  8.031162e-01 -5.662519e-01
    outer loop
      vertex  1.227351e+05  2.458046e+03  1.124110e+03
      vertex  1.223816e+05  2.459641e+03  1.010622e+03
      vertex  1.222680e+05  2.565876e+03  1.124110e+03
    endloop
  endfacet
  facet normal  1.528331e-01  8.170063e-01 -5.560060e-01
    outer loop
      vertex  1.245067e+05  1.977634e+03  9.572964e+02
      vertex  1.245425e+05  1.937756e+03  9.085355e+02
      vertex  1.244582e+05  1.953055e+03  9.078455e+02
    endloop
  endfacet
  facet normal  1.339079e-01  8.287911e-01 -5.432993e-01
    outer loop
      vertex  1.244582e+05  1.953055e+03  9.078455e+02
      vertex  1.244750e+05  2.016172e+03  1.008265e+03
      vertex  1.245067e+05  1.977634e+03  9.572964e+02
    endloop
  endfacet
  facet normal  1.966681e-01  7.298201e-01 -6.547399e-01
    outer loop
      vertex  1.201703e+05  2.888861e+03  8.944472e+02
      vertex  1.199800e+05  2.982414e+03  9.415604e+02
      vertex  1.199800e+05  3.035605e+03  1.000851e+03
    endloop
  endfacet
  facet normal  1.515087e-01  7.175502e-01 -6.798284e-01
    outer loop
      vertex  1.230818e+05  2.178441e+03  8.511387e+02
      vertex  1.227960e+05  2.188956e+03  7.985442e+02
      vertex  1.224023e+05  2.319540e+03  8.486277e+02
    endloop
  endfacet
  facet normal  1.536874e-01  7.220829e-01 -6.745194e-01
    outer loop
      vertex  1.227960e+05  2.188956e+03  7.985442e+02
      vertex  1.220244e+05  2.350150e+03  7.952810e+02
      vertex  1.224023e+05  2.319540e+03  8.486277e+02
    endloop
  endfacet
  facet normal  1.550790e-01  7.001188e-01 -6.969820e-01
    outer loop
      vertex  1.224023e+05  2.319540e+03  8.486277e+02
      vertex  1.220244e+05  2.350150e+03  7.952810e+02
      vertex  1.218035e+05  2.449967e+03  8.463958e+02
    endloop
  endfacet
  facet normal  1.592602e-01  7.058910e-01 -6.901841e-01
    outer loop
      vertex  1.218035e+05  2.449967e+03  8.463958e+02
      vertex  1.220244e+05  2.350150e+03  7.952810e+02
      vertex  1.212603e+05  2.519353e+03  7.920179e+02
    endloop
  endfacet
  facet normal  1.210943e-01  7.539489e-01 -6.456758e-01
    outer loop
      vertex  1.246307e+05  1.777697e+03  7.273243e+02
      vertex  1.246625e+05  1.823781e+03  7.871118e+02
      vertex  1.247069e+05  1.787888e+03  7.535279e+02
    endloop
  endfacet
  facet normal  1.590725e-01  6.361021e-01 -7.550298e-01
    outer loop
      vertex  1.199800e+05  2.741823e+03  7.169327e+02
      vertex  1.199800e+05  2.808950e+03  7.734862e+02
      vertex  1.205034e+05  2.696181e+03  7.887547e+02
    endloop
  endfacet
  facet normal  1.356578e-01  5.557477e-01 -8.202081e-01
    outer loop
      vertex  1.199800e+05  2.525531e+03  5.593553e+02
      vertex  1.199800e+05  2.600050e+03  6.098470e+02
      vertex  1.205341e+05  2.493188e+03  6.290886e+02
    endloop
  endfacet
  facet normal  1.123008e-01  4.757816e-01 -8.723649e-01
    outer loop
      vertex  1.202074e+05  2.223482e+03  4.141193e+02
      vertex  1.199800e+05  2.288579e+03  4.203541e+02
      vertex  1.199800e+05  2.369585e+03  4.645343e+02
    endloop
  endfacet
  facet normal  7.720765e-02  5.014088e-01 -8.617587e-01
    outer loop
      vertex  1.233097e+05  1.572631e+03  3.921232e+02
      vertex  1.239233e+05  1.484217e+03  3.956485e+02
      vertex  1.238120e+05  1.433051e+03  3.559095e+02
    endloop
  endfacet
  facet normal  8.073556e-02  4.807940e-01 -8.731088e-01
    outer loop
      vertex  1.226995e+05  1.668703e+03  3.885979e+02
      vertex  1.233097e+05  1.572631e+03  3.921232e+02
      vertex  1.231434e+05  1.527985e+03  3.521533e+02
    endloop
  endfacet
  facet normal  8.012607e-02  4.791236e-01 -8.740826e-01
    outer loop
      vertex  1.231434e+05  1.527985e+03  3.521533e+02
      vertex  1.224784e+05  1.632335e+03  3.483970e+02
      vertex  1.226995e+05  1.668703e+03  3.885979e+02
    endloop
  endfacet
  facet normal  8.419531e-02  4.633330e-01 -8.821756e-01
    outer loop
      vertex  1.220925e+05  1.772283e+03  3.850726e+02
      vertex  1.226995e+05  1.668703e+03  3.885979e+02
      vertex  1.224784e+05  1.632335e+03  3.483970e+02
    endloop
  endfacet
  facet normal  8.483937e-02  4.648793e-01 -8.812999e-01
    outer loop
      vertex  1.224784e+05  1.632335e+03  3.483970e+02
      vertex  1.218172e+05  1.745881e+03  3.446408e+02
      vertex  1.220925e+05  1.772283e+03  3.850726e+02
    endloop
  endfacet
  facet normal  8.736952e-02  4.499405e-01 -8.887745e-01
    outer loop
      vertex  1.220925e+05  1.772283e+03  3.850726e+02
      vertex  1.218172e+05  1.745881e+03  3.446408e+02
      vertex  1.215893e+05  1.864198e+03  3.821348e+02
    endloop
  endfacet
  facet normal  8.954471e-02  4.534895e-01 -8.867519e-01
    outer loop
      vertex  1.215893e+05  1.864198e+03  3.821348e+02
      vertex  1.218172e+05  1.745881e+03  3.446408e+02
      vertex  1.211598e+05  1.868344e+03  3.408846e+02
    endloop
  endfacet
  facet normal  6.382857e-02  4.653406e-01 -8.828273e-01
    outer loop
      vertex  1.238120e+05  1.433051e+03  3.559095e+02
      vertex  1.238200e+05  1.291369e+03  2.818101e+02
      vertex  1.234915e+05  1.333209e+03  2.801111e+02
    endloop
  endfacet
  facet normal  6.850116e-02  4.464885e-01 -8.921634e-01
    outer loop
      vertex  1.231434e+05  1.527985e+03  3.521533e+02
      vertex  1.231637e+05  1.377510e+03  2.784121e+02
      vertex  1.228276e+05  1.425595e+03  2.766654e+02
    endloop
  endfacet
  facet normal  4.243974e-02  4.548180e-01 -8.895726e-01
    outer loop
      vertex  1.246262e+05  1.058128e+03  2.169029e+02
      vertex  1.251600e+05  1.127032e+03  2.775998e+02
      vertex  1.251600e+05  1.020255e+03  2.230070e+02
    endloop
  endfacet
  facet normal  6.110879e-02  3.805478e-01 -9.227400e-01
    outer loop
      vertex  1.224922e+05  1.476229e+03  2.749187e+02
      vertex  1.225061e+05  1.310093e+03  2.073186e+02
      vertex  1.221773e+05  1.359254e+03  2.058211e+02
    endloop
  endfacet
  facet normal  3.907804e-02  2.143928e-01 -9.759656e-01
    outer loop
      vertex  1.202852e+05  1.086956e+03  3.875844e+01
      vertex  1.205838e+05  1.245127e+03  8.545840e+01
      vertex  1.206116e+05  1.029547e+03  3.921767e+01
    endloop
  endfacet
  facet normal  1.430067e-01  7.566886e-01 -6.379432e-01
    outer loop
      vertex  1.240999e+05  1.938799e+03  8.039828e+02
      vertex  1.235756e+05  2.036049e+03  8.018074e+02
      vertex  1.237677e+05  2.043443e+03  8.536496e+02
    endloop
  endfacet
  facet normal  1.430755e-01  7.568235e-01 -6.377677e-01
    outer loop
      vertex  1.240999e+05  1.938799e+03  8.039828e+02
      vertex  1.237677e+05  2.043443e+03  8.536496e+02
      vertex  1.244604e+05  1.914622e+03  8.561605e+02
    endloop
  endfacet
  facet normal  1.430925e-01  7.566556e-01 -6.379630e-01
    outer loop
      vertex  1.240999e+05  1.938799e+03  8.039828e+02
      vertex  1.244604e+05  1.914622e+03  8.561605e+02
      vertex  1.245801e+05  1.899075e+03  8.645826e+02
    endloop
  endfacet
  facet normal  1.409465e-01  7.863452e-01 -6.014943e-01
    outer loop
      vertex  1.240999e+05  1.938799e+03  8.039828e+02
      vertex  1.245801e+05  1.899075e+03  8.645826e+02
      vertex  1.246215e+05  1.859764e+03  8.228909e+02
    endloop
  endfacet
  facet normal  1.398362e-01  7.756813e-01 -6.154384e-01
    outer loop
      vertex  1.240999e+05  1.938799e+03  8.039828e+02
      vertex  1.246215e+05  1.859764e+03  8.228909e+02
      vertex  1.246280e+05  1.845323e+03  8.061583e+02
    endloop
  endfacet
  facet normal  1.180179e-01  7.020309e-01 -7.022994e-01
    outer loop
      vertex  1.245284e+05  1.720956e+03  6.506495e+02
      vertex  1.239016e+05  1.823008e+03  6.473325e+02
      vertex  1.241050e+05  1.866333e+03  7.248077e+02
    endloop
  endfacet
  facet normal  1.233486e-01  7.119527e-01 -6.913092e-01
    outer loop
      vertex  1.245284e+05  1.720956e+03  6.506495e+02
      vertex  1.241050e+05  1.866333e+03  7.248077e+02
      vertex  1.246307e+05  1.777697e+03  7.273243e+02
    endloop
  endfacet
  facet normal  1.182296e-01  7.163012e-01 -6.877022e-01
    outer loop
      vertex  1.245284e+05  1.720956e+03  6.506495e+02
      vertex  1.246307e+05  1.777697e+03  7.273243e+02
      vertex  1.247537e+05  1.753305e+03  7.230740e+02
    endloop
  endfacet
  facet normal  1.127461e-01  7.282442e-01 -6.759799e-01
    outer loop
      vertex  1.245284e+05  1.720956e+03  6.506495e+02
      vertex  1.247537e+05  1.753305e+03  7.230740e+02
      vertex  1.248041e+05  1.719637e+03  6.952074e+02
    endloop
  endfacet
  facet normal  1.138673e-01  7.213747e-01 -6.831199e-01
    outer loop
      vertex  1.245284e+05  1.720956e+03  6.506495e+02
      vertex  1.248041e+05  1.719637e+03  6.952074e+02
      vertex  1.248508e+05  1.691675e+03  6.734574e+02
    endloop
  endfacet
  facet normal  1.137781e-01  7.159731e-01 -6.887940e-01
    outer loop
      vertex  1.245284e+05  1.720956e+03  6.506495e+02
      vertex  1.248508e+05  1.691675e+03  6.734574e+02
      vertex  1.249004e+05  1.665286e+03  6.542225e+02
    endloop
  endfacet
  facet normal  1.132309e-01  7.120511e-01 -6.929372e-01
    outer loop
      vertex  1.245284e+05  1.720956e+03  6.506495e+02
      vertex  1.249004e+05  1.665286e+03  6.542225e+02
      vertex  1.249853e+05  1.628022e+03  6.297974e+02
    endloop
  endfacet
  facet normal  1.040129e-01  6.751311e-01 -7.303283e-01
    outer loop
      vertex  1.245284e+05  1.720956e+03  6.506495e+02
      vertex  1.249853e+05  1.628022e+03  6.297974e+02
      vertex  1.245316e+05  1.641138e+03  5.773192e+02
    endloop
  endfacet
  facet normal  9.661166e-02  6.745505e-01 -7.318795e-01
    outer loop
      vertex  1.251600e+05  1.581996e+03  6.100006e+02
      vertex  1.251600e+05  1.495057e+03  5.298720e+02
      vertex  1.250685e+05  1.600991e+03  6.154319e+02
    endloop
  endfacet
  facet normal  1.023652e-01  6.770319e-01 -7.287998e-01
    outer loop
      vertex  1.250685e+05  1.600991e+03  6.154319e+02
      vertex  1.251600e+05  1.495057e+03  5.298720e+02
      vertex  1.245316e+05  1.641138e+03  5.773192e+02
    endloop
  endfacet
  facet normal  1.024887e-01  6.942838e-01 -7.123666e-01
    outer loop
      vertex  1.250685e+05  1.600991e+03  6.154319e+02
      vertex  1.245316e+05  1.641138e+03  5.773192e+02
      vertex  1.249853e+05  1.628022e+03  6.297974e+02
    endloop
  endfacet
  facet normal  1.800188e-01  7.196909e-01 -6.705506e-01
    outer loop
      vertex  1.201703e+05  2.888861e+03  8.944472e+02
      vertex  1.199800e+05  3.035605e+03  1.000851e+03
      vertex  1.206101e+05  2.780161e+03  8.958575e+02
    endloop
  endfacet
  facet normal  1.872272e-01  7.313912e-01 -6.557536e-01
    outer loop
      vertex  1.206101e+05  2.780161e+03  8.958575e+02
      vertex  1.199800e+05  3.035605e+03  1.000851e+03
      vertex  1.205912e+05  2.885111e+03  1.007510e+03
    endloop
  endfacet
  facet normal  1.774852e-01  7.319043e-01 -6.578869e-01
    outer loop
      vertex  1.206101e+05  2.780161e+03  8.958575e+02
      vertex  1.205912e+05  2.885111e+03  1.007510e+03
      vertex  1.212005e+05  2.638687e+03  8.977380e+02
    endloop
  endfacet
  facet normal  1.846692e-01  7.431147e-01 -6.431779e-01
    outer loop
      vertex  1.212005e+05  2.638687e+03  8.977380e+02
      vertex  1.205912e+05  2.885111e+03  1.007510e+03
      vertex  1.210392e+05  2.774462e+03  1.008296e+03
    endloop
  endfacet
  facet normal  1.794500e-01  7.405311e-01 -6.476198e-01
    outer loop
      vertex  1.212005e+05  2.638687e+03  8.977380e+02
      vertex  1.210392e+05  2.774462e+03  1.008296e+03
      vertex  1.214900e+05  2.665912e+03  1.009082e+03
    endloop
  endfacet
  facet normal  1.721500e-01  6.854696e-01 -7.074572e-01
    outer loop
      vertex  1.199800e+05  2.869056e+03  8.278450e+02
      vertex  1.199800e+05  2.926888e+03  8.838801e+02
      vertex  1.201802e+05  2.831582e+03  8.402580e+02
    endloop
  endfacet
  facet normal  1.771750e-01  6.923648e-01 -6.994570e-01
    outer loop
      vertex  1.201802e+05  2.831582e+03  8.402580e+02
      vertex  1.199800e+05  2.926888e+03  8.838801e+02
      vertex  1.201703e+05  2.888861e+03  8.944472e+02
    endloop
  endfacet
  facet normal  1.717356e-01  6.925412e-01 -7.006379e-01
    outer loop
      vertex  1.201802e+05  2.831582e+03  8.402580e+02
      vertex  1.201703e+05  2.888861e+03  8.944472e+02
      vertex  1.206196e+05  2.724320e+03  8.419319e+02
    endloop
  endfacet
  facet normal  1.750072e-01  6.991187e-01 -6.932573e-01
    outer loop
      vertex  1.206196e+05  2.724320e+03  8.419319e+02
      vertex  1.201703e+05  2.888861e+03  8.944472e+02
      vertex  1.206101e+05  2.780161e+03  8.958575e+02
    endloop
  endfacet
  facet normal  1.679190e-01  6.993671e-01 -6.947581e-01
    outer loop
      vertex  1.206196e+05  2.724320e+03  8.419319e+02
      vertex  1.206101e+05  2.780161e+03  8.958575e+02
      vertex  1.212093e+05  2.584956e+03  8.441639e+02
    endloop
  endfacet
  facet normal  1.721875e-01  7.094576e-01 -6.833896e-01
    outer loop
      vertex  1.212093e+05  2.584956e+03  8.441639e+02
      vertex  1.206101e+05  2.780161e+03  8.958575e+02
      vertex  1.212005e+05  2.638687e+03  8.977380e+02
    endloop
  endfacet
  facet normal  1.638277e-01  7.097939e-01 -6.850935e-01
    outer loop
      vertex  1.212093e+05  2.584956e+03  8.441639e+02
      vertex  1.212005e+05  2.638687e+03  8.977380e+02
      vertex  1.218035e+05  2.449967e+03  8.463958e+02
    endloop
  endfacet
  facet normal  1.686198e-01  7.214417e-01 -6.716318e-01
    outer loop
      vertex  1.218035e+05  2.449967e+03  8.463958e+02
      vertex  1.212005e+05  2.638687e+03  8.977380e+02
      vertex  1.217955e+05  2.501363e+03  8.996185e+02
    endloop
  endfacet
  facet normal  1.597258e-01  7.218587e-01 -6.733556e-01
    outer loop
      vertex  1.218035e+05  2.449967e+03  8.463958e+02
      vertex  1.217955e+05  2.501363e+03  8.996185e+02
      vertex  1.224023e+05  2.319540e+03  8.486277e+02
    endloop
  endfacet
  facet normal  1.650590e-01  7.351962e-01 -6.574513e-01
    outer loop
      vertex  1.224023e+05  2.319540e+03  8.486277e+02
      vertex  1.217955e+05  2.501363e+03  8.996185e+02
      vertex  1.223954e+05  2.368372e+03  9.014990e+02
    endloop
  endfacet
  facet normal  1.552095e-01  7.357389e-01 -6.592407e-01
    outer loop
      vertex  1.224023e+05  2.319540e+03  8.486277e+02
      vertex  1.223954e+05  2.368372e+03  9.014990e+02
      vertex  1.230818e+05  2.178441e+03  8.511387e+02
    endloop
  endfacet
  facet normal  1.615109e-01  7.528872e-01 -6.380242e-01
    outer loop
      vertex  1.230818e+05  2.178441e+03  8.511387e+02
      vertex  1.223954e+05  2.368372e+03  9.014990e+02
      vertex  1.230762e+05  2.224111e+03  9.036145e+02
    endloop
  endfacet
  facet normal  1.506642e-01  7.536161e-01 -6.398148e-01
    outer loop
      vertex  1.230818e+05  2.178441e+03  8.511387e+02
      vertex  1.230762e+05  2.224111e+03  9.036145e+02
      vertex  1.237677e+05  2.043443e+03  8.536496e+02
    endloop
  endfacet
  facet normal  1.575949e-01  7.731100e-01 -6.143817e-01
    outer loop
      vertex  1.237677e+05  2.043443e+03  8.536496e+02
      vertex  1.230762e+05  2.224111e+03  9.036145e+02
      vertex  1.237637e+05  2.085650e+03  9.057300e+02
    endloop
  endfacet
  facet normal  1.461999e-01  7.740458e-01 -6.160186e-01
    outer loop
      vertex  1.237677e+05  2.043443e+03  8.536496e+02
      vertex  1.237637e+05  2.085650e+03  9.057300e+02
      vertex  1.244604e+05  1.914622e+03  8.561605e+02
    endloop
  endfacet
  facet normal  1.537640e-01  7.959954e-01 -5.854468e-01
    outer loop
      vertex  1.244604e+05  1.914622e+03  8.561605e+02
      vertex  1.237637e+05  2.085650e+03  9.057300e+02
      vertex  1.244582e+05  1.953055e+03  9.078455e+02
    endloop
  endfacet
  facet normal  1.446999e-01  7.969120e-01 -5.865092e-01
    outer loop
      vertex  1.244604e+05  1.914622e+03  8.561605e+02
      vertex  1.244582e+05  1.953055e+03  9.078455e+02
      vertex  1.245801e+05  1.899075e+03  8.645826e+02
    endloop
  endfacet
  facet normal  1.503679e-01  8.024570e-01 -5.774533e-01
    outer loop
      vertex  1.245801e+05  1.899075e+03  8.645826e+02
      vertex  1.244582e+05  1.953055e+03  9.078455e+02
      vertex  1.245425e+05  1.937756e+03  9.085355e+02
    endloop
  endfacet
  facet normal  1.639031e-01  6.616893e-01 -7.316440e-01
    outer loop
      vertex  1.199800e+05  2.808950e+03  7.734862e+02
      vertex  1.199800e+05  2.869056e+03  8.278450e+02
      vertex  1.205034e+05  2.696181e+03  7.887547e+02
    endloop
  endfacet
  facet normal  1.715129e-01  6.803985e-01 -7.124894e-01
    outer loop
      vertex  1.205034e+05  2.696181e+03  7.887547e+02
      vertex  1.199800e+05  2.869056e+03  8.278450e+02
      vertex  1.201802e+05  2.831582e+03  8.402580e+02
    endloop
  endfacet
  facet normal  1.669763e-01  6.727310e-01 -7.207997e-01
    outer loop
      vertex  1.205034e+05  2.696181e+03  7.887547e+02
      vertex  1.201802e+05  2.831582e+03  8.402580e+02
      vertex  1.206196e+05  2.724320e+03  8.419319e+02
    endloop
  endfacet
  facet normal  1.402129e-01  5.829490e-01 -8.003193e-01
    outer loop
      vertex  1.199800e+05  2.600050e+03  6.098470e+02
      vertex  1.199800e+05  2.672169e+03  6.623786e+02
      vertex  1.205341e+05  2.493188e+03  6.290886e+02
    endloop
  endfacet
  facet normal  1.487696e-01  6.059356e-01 -7.814791e-01
    outer loop
      vertex  1.205341e+05  2.493188e+03  6.290886e+02
      vertex  1.199800e+05  2.672169e+03  6.623786e+02
      vertex  1.205188e+05  2.597687e+03  7.071915e+02
    endloop
  endfacet
  facet normal  1.391546e-01  6.058785e-01 -7.832925e-01
    outer loop
      vertex  1.205341e+05  2.493188e+03  6.290886e+02
      vertex  1.205188e+05  2.597687e+03  7.071915e+02
      vertex  1.212881e+05  2.325380e+03  6.332349e+02
    endloop
  endfacet
  facet normal  1.453069e-01  6.199423e-01 -7.710754e-01
    outer loop
      vertex  1.212881e+05  2.325380e+03  6.332349e+02
      vertex  1.205188e+05  2.597687e+03  7.071915e+02
      vertex  1.212742e+05  2.425322e+03  7.109664e+02
    endloop
  endfacet
  facet normal  1.359619e-01  6.199566e-01 -7.727665e-01
    outer loop
      vertex  1.212881e+05  2.325380e+03  6.332349e+02
      vertex  1.212742e+05  2.425322e+03  7.109664e+02
      vertex  1.216675e+05  2.244753e+03  6.353080e+02
    endloop
  endfacet
  facet normal  1.379929e-01  6.231510e-01 -7.698317e-01
    outer loop
      vertex  1.216675e+05  2.244753e+03  6.353080e+02
      vertex  1.212742e+05  2.425322e+03  7.109664e+02
      vertex  1.220365e+05  2.261178e+03  7.147413e+02
    endloop
  endfacet
  facet normal  1.350789e-01  6.367868e-01 -7.591154e-01
    outer loop
      vertex  1.216675e+05  2.244753e+03  6.353080e+02
      vertex  1.220365e+05  2.261178e+03  7.147413e+02
      vertex  1.220486e+05  2.166386e+03  6.373812e+02
    endloop
  endfacet
  facet normal  1.106204e-01  4.872310e-01 -8.662385e-01
    outer loop
      vertex  1.205802e+05  2.142818e+03  4.163573e+02
      vertex  1.202074e+05  2.223482e+03  4.141193e+02
      vertex  1.205648e+05  2.265832e+03  4.835879e+02
    endloop
  endfacet
  facet normal  1.129620e-01  4.766225e-01 -8.718203e-01
    outer loop
      vertex  1.205648e+05  2.265832e+03  4.835879e+02
      vertex  1.202074e+05  2.223482e+03  4.141193e+02
      vertex  1.199800e+05  2.369585e+03  4.645343e+02
    endloop
  endfacet
  facet normal  1.208986e-01  5.269750e-01 -8.412377e-01
    outer loop
      vertex  1.205648e+05  2.265832e+03  4.835879e+02
      vertex  1.199800e+05  2.369585e+03  4.645343e+02
      vertex  1.205495e+05  2.382597e+03  5.545265e+02
    endloop
  endfacet
  facet normal  1.238040e-01  5.019304e-01 -8.560014e-01
    outer loop
      vertex  1.205495e+05  2.382597e+03  5.545265e+02
      vertex  1.199800e+05  2.369585e+03  4.645343e+02
      vertex  1.199800e+05  2.448684e+03  5.109155e+02
    endloop
  endfacet
  facet normal  1.256651e-01  5.290191e-01 -8.392539e-01
    outer loop
      vertex  1.205495e+05  2.382597e+03  5.545265e+02
      vertex  1.199800e+05  2.448684e+03  5.109155e+02
      vertex  1.199800e+05  2.525531e+03  5.593553e+02
    endloop
  endfacet
  facet normal  7.808808e-02  5.866165e-01 -8.060915e-01
    outer loop
      vertex  1.251600e+05  1.412289e+03  4.623230e+02
      vertex  1.251600e+05  1.323113e+03  3.974272e+02
      vertex  1.245380e+05  1.463902e+03  4.396326e+02
    endloop
  endfacet
  facet normal  6.997992e-02  5.571936e-01 -8.274286e-01
    outer loop
      vertex  1.245380e+05  1.463902e+03  4.396326e+02
      vertex  1.251600e+05  1.323113e+03  3.974272e+02
      vertex  1.245400e+05  1.403570e+03  3.991737e+02
    endloop
  endfacet
  facet normal  8.077054e-02  5.569857e-01 -8.265852e-01
    outer loop
      vertex  1.245380e+05  1.463902e+03  4.396326e+02
      vertex  1.245400e+05  1.403570e+03  3.991737e+02
      vertex  1.239195e+05  1.548280e+03  4.360518e+02
    endloop
  endfacet
  facet normal  7.477271e-02  5.350668e-01 -8.414943e-01
    outer loop
      vertex  1.239195e+05  1.548280e+03  4.360518e+02
      vertex  1.245400e+05  1.403570e+03  3.991737e+02
      vertex  1.239233e+05  1.484217e+03  3.956485e+02
    endloop
  endfacet
  facet normal  8.483192e-02  5.350548e-01 -8.405474e-01
    outer loop
      vertex  1.239195e+05  1.548280e+03  4.360518e+02
      vertex  1.239233e+05  1.484217e+03  3.956485e+02
      vertex  1.233045e+05  1.640164e+03  4.324709e+02
    endloop
  endfacet
  facet normal  7.922731e-02  5.157710e-01 -8.530552e-01
    outer loop
      vertex  1.233045e+05  1.640164e+03  4.324709e+02
      vertex  1.239233e+05  1.484217e+03  3.956485e+02
      vertex  1.233097e+05  1.572631e+03  3.921232e+02
    endloop
  endfacet
  facet normal  8.875129e-02  5.158991e-01 -8.520396e-01
    outer loop
      vertex  1.233045e+05  1.640164e+03  4.324709e+02
      vertex  1.233097e+05  1.572631e+03  3.921232e+02
      vertex  1.226930e+05  1.739453e+03  4.288901e+02
    endloop
  endfacet
  facet normal  8.352879e-02  4.989217e-01 -8.626123e-01
    outer loop
      vertex  1.226930e+05  1.739453e+03  4.288901e+02
      vertex  1.233097e+05  1.572631e+03  3.921232e+02
      vertex  1.226995e+05  1.668703e+03  3.885979e+02
    endloop
  endfacet
  facet normal  9.254413e-02  4.991495e-01 -8.615598e-01
    outer loop
      vertex  1.226930e+05  1.739453e+03  4.288901e+02
      vertex  1.226995e+05  1.668703e+03  3.885979e+02
      vertex  1.220850e+05  1.846003e+03  4.253093e+02
    endloop
  endfacet
  facet normal  8.768374e-02  4.841691e-01 -8.705698e-01
    outer loop
      vertex  1.220850e+05  1.846003e+03  4.253093e+02
      vertex  1.226995e+05  1.668703e+03  3.885979e+02
      vertex  1.220925e+05  1.772283e+03  3.850726e+02
    endloop
  endfacet
  facet normal  9.569409e-02  4.844466e-01 -8.695712e-01
    outer loop
      vertex  1.220850e+05  1.846003e+03  4.253093e+02
      vertex  1.220925e+05  1.772283e+03  3.850726e+02
      vertex  1.215809e+05  1.940206e+03  4.223253e+02
    endloop
  endfacet
  facet normal  9.156661e-02  4.733241e-01 -8.761163e-01
    outer loop
      vertex  1.215809e+05  1.940206e+03  4.223253e+02
      vertex  1.220925e+05  1.772283e+03  3.850726e+02
      vertex  1.215893e+05  1.864198e+03  3.821348e+02
    endloop
  endfacet
  facet normal  9.867238e-02  4.736139e-01 -8.751878e-01
    outer loop
      vertex  1.215809e+05  1.940206e+03  4.223253e+02
      vertex  1.215893e+05  1.864198e+03  3.821348e+02
      vertex  1.210794e+05  2.039193e+03  4.193413e+02
    endloop
  endfacet
  facet normal  9.481500e-02  4.635999e-01 -8.809570e-01
    outer loop
      vertex  1.210794e+05  2.039193e+03  4.193413e+02
      vertex  1.215893e+05  1.864198e+03  3.821348e+02
      vertex  1.210884e+05  1.961064e+03  3.791971e+02
    endloop
  endfacet
  facet normal  1.015638e-01  4.639090e-01 -8.800415e-01
    outer loop
      vertex  1.210794e+05  2.039193e+03  4.193413e+02
      vertex  1.210884e+05  1.961064e+03  3.791971e+02
      vertex  1.205802e+05  2.142818e+03  4.163573e+02
    endloop
  endfacet
  facet normal  9.797050e-02  4.549034e-01 -8.851354e-01
    outer loop
      vertex  1.205802e+05  2.142818e+03  4.163573e+02
      vertex  1.210884e+05  1.961064e+03  3.791971e+02
      vertex  1.205898e+05  2.062731e+03  3.762593e+02
    endloop
  endfacet
  facet normal  1.037972e-01  4.551939e-01 -8.843215e-01
    outer loop
      vertex  1.205802e+05  2.142818e+03  4.163573e+02
      vertex  1.205898e+05  2.062731e+03  3.762593e+02
      vertex  1.202074e+05  2.223482e+03  4.141193e+02
    endloop
  endfacet
  facet normal  1.008646e-01  4.490372e-01 -8.878017e-01
    outer loop
      vertex  1.202074e+05  2.223482e+03  4.141193e+02
      vertex  1.205898e+05  2.062731e+03  3.762593e+02
      vertex  1.202173e+05  2.142033e+03  3.740560e+02
    endloop
  endfacet
  facet normal  1.045603e-01  4.492309e-01 -8.872760e-01
    outer loop
      vertex  1.202074e+05  2.223482e+03  4.141193e+02
      vertex  1.202173e+05  2.142033e+03  3.740560e+02
      vertex  1.199800e+05  2.205493e+03  3.782180e+02
    endloop
  endfacet
  facet normal  9.052335e-02  4.119020e-01 -9.067206e-01
    outer loop
      vertex  1.199800e+05  2.033407e+03  3.000435e+02
      vertex  1.199800e+05  2.205493e+03  3.782180e+02
      vertex  1.205062e+05  1.999393e+03  3.371283e+02
    endloop
  endfacet
  facet normal  1.008400e-01  4.357836e-01 -8.943847e-01
    outer loop
      vertex  1.205062e+05  1.999393e+03  3.371283e+02
      vertex  1.199800e+05  2.205493e+03  3.782180e+02
      vertex  1.202173e+05  2.142033e+03  3.740560e+02
    endloop
  endfacet
  facet normal  9.644517e-02  4.279809e-01 -8.986271e-01
    outer loop
      vertex  1.205062e+05  1.999393e+03  3.371283e+02
      vertex  1.202173e+05  2.142033e+03  3.740560e+02
      vertex  1.205898e+05  2.062731e+03  3.762593e+02
    endloop
  endfacet
  facet normal  1.595275e-02  2.338989e-01 -9.721301e-01
    outer loop
      vertex  1.246368e+05  5.710745e+02  4.482627e+01
      vertex  1.245103e+05  3.933922e+02 -1.016930e-12
      vertex  1.241137e+05  6.037383e+02  4.410104e+01
    endloop
  endfacet
  facet normal  1.156615e-02  2.260298e-01 -9.740517e-01
    outer loop
      vertex  1.241137e+05  6.037383e+02  4.410104e+01
      vertex  1.245103e+05  3.933922e+02 -1.016930e-12
      vertex  1.241853e+05  4.100236e+02 -1.001517e-12
    endloop
  endfacet
  facet normal  1.394746e-02  2.268595e-01 -9.738277e-01
    outer loop
      vertex  1.241137e+05  6.037383e+02  4.410104e+01
      vertex  1.241853e+05  4.100236e+02 -1.001517e-12
      vertex  1.238603e+05  4.300062e+02 -9.860891e-13
    endloop
  endfacet
  facet normal  1.857274e-02  2.204665e-01 -9.752177e-01
    outer loop
      vertex  1.241137e+05  6.037383e+02  4.410104e+01
      vertex  1.238603e+05  4.300062e+02 -9.860891e-13
      vertex  1.235909e+05  6.445663e+02  4.337581e+01
    endloop
  endfacet
  facet normal  1.555198e-02  2.168490e-01 -9.760812e-01
    outer loop
      vertex  1.235909e+05  6.445663e+02  4.337581e+01
      vertex  1.238603e+05  4.300062e+02 -9.860891e-13
      vertex  1.235353e+05  4.533123e+02 -9.706651e-13
    endloop
  endfacet
  facet normal  2.150182e-02  2.151769e-01 -9.763383e-01
    outer loop
      vertex  1.235909e+05  6.445663e+02  4.337581e+01
      vertex  1.235353e+05  4.533123e+02 -9.706651e-13
      vertex  1.230688e+05  6.934473e+02  4.265059e+01
    endloop
  endfacet
  facet normal  1.691866e-02  2.066178e-01 -9.782755e-01
    outer loop
      vertex  1.230688e+05  6.934473e+02  4.265059e+01
      vertex  1.235353e+05  4.533123e+02 -9.706651e-13
      vertex  1.232105e+05  4.799111e+02 -9.552609e-13
    endloop
  endfacet
  facet normal  1.913088e-02  2.080178e-01 -9.779379e-01
    outer loop
      vertex  1.230688e+05  6.934473e+02  4.265059e+01
      vertex  1.232105e+05  4.799111e+02 -9.552609e-13
      vertex  1.228858e+05  5.097690e+02 -9.398923e-13
    endloop
  endfacet
  facet normal  2.356820e-02  2.037811e-01 -9.787328e-01
    outer loop
      vertex  1.230688e+05  6.934473e+02  4.265059e+01
      vertex  1.228858e+05  5.097690e+02 -9.398923e-13
      vertex  1.225476e+05  7.502499e+02  4.192535e+01
    endloop
  endfacet
  facet normal  2.033258e-02  1.994000e-01 -9.797072e-01
    outer loop
      vertex  1.225476e+05  7.502499e+02  4.192535e+01
      vertex  1.228858e+05  5.097690e+02 -9.398923e-13
      vertex  1.225614e+05  5.428491e+02 -9.245734e-13
    endloop
  endfacet
  facet normal  2.590640e-02  1.997314e-01 -9.795082e-01
    outer loop
      vertex  1.225476e+05  7.502499e+02  4.192535e+01
      vertex  1.225614e+05  5.428491e+02 -9.245734e-13
      vertex  1.221140e+05  8.035279e+02  4.132100e+01
    endloop
  endfacet
  facet normal  2.153437e-02  1.924740e-01 -9.810658e-01
    outer loop
      vertex  1.221140e+05  8.035279e+02  4.132100e+01
      vertex  1.225614e+05  5.428491e+02 -9.245734e-13
      vertex  1.222373e+05  5.791119e+02 -9.093172e-13
    endloop
  endfacet
  facet normal  2.786873e-02  1.958041e-01 -9.802470e-01
    outer loop
      vertex  1.221140e+05  8.035279e+02  4.132100e+01
      vertex  1.222373e+05  5.791119e+02 -9.093172e-13
      vertex  1.216811e+05  8.621044e+02  4.071664e+01
    endloop
  endfacet
  facet normal  2.260701e-02  1.857641e-01 -9.823343e-01
    outer loop
      vertex  1.216811e+05  8.621044e+02  4.071664e+01
      vertex  1.222373e+05  5.791119e+02 -9.093172e-13
      vertex  1.219135e+05  6.185153e+02 -8.941360e-13
    endloop
  endfacet
  facet normal  2.465947e-02  1.876536e-01 -9.819258e-01
    outer loop
      vertex  1.216811e+05  8.621044e+02  4.071664e+01
      vertex  1.219135e+05  6.185153e+02 -8.941360e-13
      vertex  1.215901e+05  6.610139e+02 -8.790409e-13
    endloop
  endfacet
  facet normal  2.880874e-02  1.858224e-01 -9.821609e-01
    outer loop
      vertex  1.216811e+05  8.621044e+02  4.071664e+01
      vertex  1.215901e+05  6.610139e+02 -8.790409e-13
      vertex  1.212492e+05  9.258725e+02  4.011228e+01
    endloop
  endfacet
  facet normal  2.564884e-02  1.818807e-01 -9.829860e-01
    outer loop
      vertex  1.212492e+05  9.258725e+02  4.011228e+01
      vertex  1.215901e+05  6.610139e+02 -8.790409e-13
      vertex  1.212671e+05  7.065601e+02 -8.640418e-13
    endloop
  endfacet
  facet normal  3.020248e-02  1.822171e-01 -9.827944e-01
    outer loop
      vertex  1.212492e+05  9.258725e+02  4.011228e+01
      vertex  1.212671e+05  7.065601e+02 -8.640418e-13
      vertex  1.209302e+05  9.763445e+02  3.966497e+01
    endloop
  endfacet
  facet normal  2.680529e-02  1.780995e-01 -9.836473e-01
    outer loop
      vertex  1.209302e+05  9.763445e+02  3.966497e+01
      vertex  1.212671e+05  7.065601e+02 -8.640418e-13
      vertex  1.209446e+05  7.551035e+02 -8.491480e-13
    endloop
  endfacet
  facet normal  3.117212e-02  1.783529e-01 -9.834727e-01
    outer loop
      vertex  1.209302e+05  9.763445e+02  3.966497e+01
      vertex  1.209446e+05  7.551035e+02 -8.491480e-13
      vertex  1.206116e+05  1.029547e+03  3.921767e+01
    endloop
  endfacet
  facet normal  2.789710e-02  1.744928e-01 -9.842632e-01
    outer loop
      vertex  1.206116e+05  1.029547e+03  3.921767e+01
      vertex  1.209446e+05  7.551035e+02 -8.491480e-13
      vertex  1.206225e+05  8.065908e+02 -8.343677e-13
    endloop
  endfacet
  facet normal  3.210352e-02  1.746702e-01 -9.841035e-01
    outer loop
      vertex  1.206116e+05  1.029547e+03  3.921767e+01
      vertex  1.206225e+05  8.065908e+02 -8.343677e-13
      vertex  1.202852e+05  1.086956e+03  3.875844e+01
    endloop
  endfacet
  facet normal  2.890656e-02  1.709282e-01 -9.848593e-01
    outer loop
      vertex  1.202852e+05  1.086956e+03  3.875844e+01
      vertex  1.206225e+05  8.065908e+02 -8.343677e-13
      vertex  1.203010e+05  8.609666e+02 -8.197085e-13
    endloop
  endfacet
  facet normal  3.443412e-02  1.712736e-01 -9.846215e-01
    outer loop
      vertex  1.202852e+05  1.086956e+03  3.875844e+01
      vertex  1.203010e+05  8.609666e+02 -8.197085e-13
      vertex  1.199800e+05  1.110482e+03  3.217662e+01
    endloop
  endfacet
  facet normal  2.939566e-02  1.649517e-01 -9.858635e-01
    outer loop
      vertex  1.199800e+05  1.110482e+03  3.217662e+01
      vertex  1.203010e+05  8.609666e+02 -8.197085e-13
      vertex  1.199800e+05  9.181727e+02 -8.051767e-13
    endloop
  endfacet
  facet normal  1.803733e-01  8.151137e-01 -5.505045e-01
    outer loop
      vertex  1.223816e+05  2.459641e+03  1.010622e+03
      vertex  1.227351e+05  2.458046e+03  1.124110e+03
      vertex  1.230651e+05  2.309182e+03  1.011789e+03
    endloop
  endfacet
  facet normal  1.837853e-01  8.182688e-01 -5.446642e-01
    outer loop
      vertex  1.230651e+05  2.309182e+03  1.011789e+03
      vertex  1.227351e+05  2.458046e+03  1.124110e+03
      vertex  1.232058e+05  2.352342e+03  1.124110e+03
    endloop
  endfacet
  facet normal  1.746185e-01  8.258907e-01 -5.361091e-01
    outer loop
      vertex  1.230651e+05  2.309182e+03  1.011789e+03
      vertex  1.232058e+05  2.352342e+03  1.124110e+03
      vertex  1.237557e+05  2.163920e+03  1.012956e+03
    endloop
  endfacet
  facet normal  1.805843e-01  8.343143e-01 -5.208734e-01
    outer loop
      vertex  1.237557e+05  2.163920e+03  1.012956e+03
      vertex  1.232058e+05  2.352342e+03  1.124110e+03
      vertex  1.236800e+05  2.234644e+03  1.100000e+03
    endloop
  endfacet
  facet normal  1.676202e-01  8.314054e-01 -5.297815e-01
    outer loop
      vertex  1.237557e+05  2.163920e+03  1.012956e+03
      vertex  1.236800e+05  2.234644e+03  1.100000e+03
      vertex  1.244538e+05  2.023907e+03  1.014123e+03
    endloop
  endfacet
  facet normal  1.780750e-01  8.534833e-01 -4.897504e-01
    outer loop
      vertex  1.244538e+05  2.023907e+03  1.014123e+03
      vertex  1.236800e+05  2.234644e+03  1.100000e+03
      vertex  1.244302e+05  2.078123e+03  1.100000e+03
    endloop
  endfacet
  facet normal  1.765822e-01  8.535377e-01 -4.901962e-01
    outer loop
      vertex  1.244538e+05  2.023907e+03  1.014123e+03
      vertex  1.244302e+05  2.078123e+03  1.100000e+03
      vertex  1.244750e+05  2.016172e+03  1.008265e+03
    endloop
  endfacet
  facet normal  1.906719e-01  8.046146e-01 -5.623517e-01
    outer loop
      vertex  1.222680e+05  2.565876e+03  1.124110e+03
      vertex  1.223816e+05  2.459641e+03  1.010622e+03
      vertex  1.218042e+05  2.675789e+03  1.124110e+03
    endloop
  endfacet
  facet normal  1.816492e-01  7.915831e-01 -5.834379e-01
    outer loop
      vertex  1.218042e+05  2.675789e+03  1.124110e+03
      vertex  1.223816e+05  2.459641e+03  1.010622e+03
      vertex  1.219344e+05  2.561698e+03  1.009852e+03
    endloop
  endfacet
  facet normal  1.933553e-01  7.956118e-01 -5.741217e-01
    outer loop
      vertex  1.218042e+05  2.675789e+03  1.124110e+03
      vertex  1.219344e+05  2.561698e+03  1.009852e+03
      vertex  1.213436e+05  2.787727e+03  1.124110e+03
    endloop
  endfacet
  facet normal  1.846529e-01  7.829428e-01 -5.940570e-01
    outer loop
      vertex  1.213436e+05  2.787727e+03  1.124110e+03
      vertex  1.219344e+05  2.561698e+03  1.009852e+03
      vertex  1.214900e+05  2.665912e+03  1.009082e+03
    endloop
  endfacet
  facet normal  1.960344e-01  7.874641e-01 -5.843551e-01
    outer loop
      vertex  1.213436e+05  2.787727e+03  1.124110e+03
      vertex  1.214900e+05  2.665912e+03  1.009082e+03
      vertex  1.208861e+05  2.901619e+03  1.124110e+03
    endloop
  endfacet
  facet normal  1.877546e-01  7.753416e-01 -6.029873e-01
    outer loop
      vertex  1.208861e+05  2.901619e+03  1.124110e+03
      vertex  1.214900e+05  2.665912e+03  1.009082e+03
      vertex  1.210392e+05  2.774462e+03  1.008296e+03
    endloop
  endfacet
  facet normal  1.931062e-01  7.775924e-01 -5.983813e-01
    outer loop
      vertex  1.208861e+05  2.901619e+03  1.124110e+03
      vertex  1.210392e+05  2.774462e+03  1.008296e+03
      vertex  1.205912e+05  2.885111e+03  1.007510e+03
    endloop
  endfacet
  facet normal  1.750166e-01  7.496156e-01 -6.383147e-01
    outer loop
      vertex  1.212005e+05  2.638687e+03  8.977380e+02
      vertex  1.214900e+05  2.665912e+03  1.009082e+03
      vertex  1.217955e+05  2.501363e+03  8.996185e+02
    endloop
  endfacet
  facet normal  1.774404e-01  7.518876e-01 -6.349645e-01
    outer loop
      vertex  1.217955e+05  2.501363e+03  8.996185e+02
      vertex  1.214900e+05  2.665912e+03  1.009082e+03
      vertex  1.219344e+05  2.561698e+03  1.009852e+03
    endloop
  endfacet
  facet normal  1.701038e-01  7.583489e-01 -6.292628e-01
    outer loop
      vertex  1.217955e+05  2.501363e+03  8.996185e+02
      vertex  1.219344e+05  2.561698e+03  1.009852e+03
      vertex  1.223954e+05  2.368372e+03  9.014990e+02
    endloop
  endfacet
  facet normal  1.758646e-01  7.659720e-01 -6.183514e-01
    outer loop
      vertex  1.223954e+05  2.368372e+03  9.014990e+02
      vertex  1.219344e+05  2.561698e+03  1.009852e+03
      vertex  1.223816e+05  2.459641e+03  1.010622e+03
    endloop
  endfacet
  facet normal  1.644021e-01  7.667894e-01 -6.204885e-01
    outer loop
      vertex  1.223954e+05  2.368372e+03  9.014990e+02
      vertex  1.223816e+05  2.459641e+03  1.010622e+03
      vertex  1.230762e+05  2.224111e+03  9.036145e+02
    endloop
  endfacet
  facet normal  1.733345e-01  7.827724e-01 -5.976809e-01
    outer loop
      vertex  1.230762e+05  2.224111e+03  9.036145e+02
      vertex  1.223816e+05  2.459641e+03  1.010622e+03
      vertex  1.230651e+05  2.309182e+03  1.011789e+03
    endloop
  endfacet
  facet normal  1.597253e-01  7.839079e-01 -5.999803e-01
    outer loop
      vertex  1.230762e+05  2.224111e+03  9.036145e+02
      vertex  1.230651e+05  2.309182e+03  1.011789e+03
      vertex  1.237637e+05  2.085650e+03  9.057300e+02
    endloop
  endfacet
  facet normal  1.696579e-01  8.020123e-01 -5.727062e-01
    outer loop
      vertex  1.237637e+05  2.085650e+03  9.057300e+02
      vertex  1.230651e+05  2.309182e+03  1.011789e+03
      vertex  1.237557e+05  2.163920e+03  1.012956e+03
    endloop
  endfacet
  facet normal  1.551511e-01  8.034297e-01 -5.748295e-01
    outer loop
      vertex  1.237637e+05  2.085650e+03  9.057300e+02
      vertex  1.237557e+05  2.163920e+03  1.012956e+03
      vertex  1.244582e+05  1.953055e+03  9.078455e+02
    endloop
  endfacet
  facet normal  1.660787e-01  8.236148e-01 -5.422883e-01
    outer loop
      vertex  1.244582e+05  1.953055e+03  9.078455e+02
      vertex  1.237557e+05  2.163920e+03  1.012956e+03
      vertex  1.244538e+05  2.023907e+03  1.014123e+03
    endloop
  endfacet
  facet normal  1.513232e-01  8.253122e-01 -5.440230e-01
    outer loop
      vertex  1.244582e+05  1.953055e+03  9.078455e+02
      vertex  1.244538e+05  2.023907e+03  1.014123e+03
      vertex  1.244750e+05  2.016172e+03  1.008265e+03
    endloop
  endfacet
  facet normal  1.482223e-01  7.409263e-01 -6.550254e-01
    outer loop
      vertex  1.237677e+05  2.043443e+03  8.536496e+02
      vertex  1.235756e+05  2.036049e+03  8.018074e+02
      vertex  1.230818e+05  2.178441e+03  8.511387e+02
    endloop
  endfacet
  facet normal  1.435445e-01  7.294704e-01 -6.687809e-01
    outer loop
      vertex  1.230818e+05  2.178441e+03  8.511387e+02
      vertex  1.235756e+05  2.036049e+03  8.018074e+02
      vertex  1.231848e+05  2.111454e+03  8.001758e+02
    endloop
  endfacet
  facet normal  1.490175e-01  7.335554e-01 -6.630914e-01
    outer loop
      vertex  1.230818e+05  2.178441e+03  8.511387e+02
      vertex  1.231848e+05  2.111454e+03  8.001758e+02
      vertex  1.227960e+05  2.188956e+03  7.985442e+02
    endloop
  endfacet
  facet normal  1.621179e-01  6.806980e-01 -7.144005e-01
    outer loop
      vertex  1.205034e+05  2.696181e+03  7.887547e+02
      vertex  1.206196e+05  2.724320e+03  8.419319e+02
      vertex  1.212603e+05  2.519353e+03  7.920179e+02
    endloop
  endfacet
  facet normal  1.655805e-01  6.893038e-01 -7.052966e-01
    outer loop
      vertex  1.212603e+05  2.519353e+03  7.920179e+02
      vertex  1.206196e+05  2.724320e+03  8.419319e+02
      vertex  1.212093e+05  2.584956e+03  8.441639e+02
    endloop
  endfacet
  facet normal  1.587417e-01  6.870098e-01 -7.090971e-01
    outer loop
      vertex  1.212603e+05  2.519353e+03  7.920179e+02
      vertex  1.212093e+05  2.584956e+03  8.441639e+02
      vertex  1.218035e+05  2.449967e+03  8.463958e+02
    endloop
  endfacet
  facet normal  1.361491e-01  7.542248e-01 -6.423459e-01
    outer loop
      vertex  1.246280e+05  1.845323e+03  8.061583e+02
      vertex  1.246307e+05  1.777697e+03  7.273243e+02
      vertex  1.240999e+05  1.938799e+03  8.039828e+02
    endloop
  endfacet
  facet normal  1.272327e-01  7.357304e-01 -6.652162e-01
    outer loop
      vertex  1.240999e+05  1.938799e+03  8.039828e+02
      vertex  1.246307e+05  1.777697e+03  7.273243e+02
      vertex  1.241050e+05  1.866333e+03  7.248077e+02
    endloop
  endfacet
  facet normal  1.390782e-01  7.349327e-01 -6.637252e-01
    outer loop
      vertex  1.240999e+05  1.938799e+03  8.039828e+02
      vertex  1.241050e+05  1.866333e+03  7.248077e+02
      vertex  1.235756e+05  2.036049e+03  8.018074e+02
    endloop
  endfacet
  facet normal  1.307676e-01  7.180340e-01 -6.836133e-01
    outer loop
      vertex  1.235756e+05  2.036049e+03  8.018074e+02
      vertex  1.241050e+05  1.866333e+03  7.248077e+02
      vertex  1.235828e+05  1.959034e+03  7.222911e+02
    endloop
  endfacet
  facet normal  1.412842e-01  7.174679e-01 -6.821133e-01
    outer loop
      vertex  1.235756e+05  2.036049e+03  8.018074e+02
      vertex  1.235828e+05  1.959034e+03  7.222911e+02
      vertex  1.231848e+05  2.111454e+03  8.001758e+02
    endloop
  endfacet
  facet normal  1.341869e-01  7.058132e-01 -6.955729e-01
    outer loop
      vertex  1.231848e+05  2.111454e+03  8.001758e+02
      vertex  1.235828e+05  1.959034e+03  7.222911e+02
      vertex  1.231974e+05  2.030473e+03  7.204227e+02
    endloop
  endfacet
  facet normal  1.435771e-01  7.056163e-01 -6.938956e-01
    outer loop
      vertex  1.231848e+05  2.111454e+03  8.001758e+02
      vertex  1.231974e+05  2.030473e+03  7.204227e+02
      vertex  1.227960e+05  2.188956e+03  7.985442e+02
    endloop
  endfacet
  facet normal  1.367958e-01  6.945623e-01 -7.063074e-01
    outer loop
      vertex  1.227960e+05  2.188956e+03  7.985442e+02
      vertex  1.231974e+05  2.030473e+03  7.204227e+02
      vertex  1.228138e+05  2.104121e+03  7.185544e+02
    endloop
  endfacet
  facet normal  1.414732e-01  6.946185e-01 -7.053300e-01
    outer loop
      vertex  1.227960e+05  2.188956e+03  7.985442e+02
      vertex  1.228138e+05  2.104121e+03  7.185544e+02
      vertex  1.224242e+05  2.181529e+03  7.166479e+02
    endloop
  endfacet
  facet normal  1.449120e-01  6.791617e-01 -7.195415e-01
    outer loop
      vertex  1.227960e+05  2.188956e+03  7.985442e+02
      vertex  1.224242e+05  2.181529e+03  7.166479e+02
      vertex  1.220244e+05  2.350150e+03  7.952810e+02
    endloop
  endfacet
  facet normal  1.422008e-01  6.748640e-01 -7.241117e-01
    outer loop
      vertex  1.220244e+05  2.350150e+03  7.952810e+02
      vertex  1.224242e+05  2.181529e+03  7.166479e+02
      vertex  1.220365e+05  2.261178e+03  7.147413e+02
    endloop
  endfacet
  facet normal  1.524672e-01  6.745960e-01 -7.222700e-01
    outer loop
      vertex  1.220244e+05  2.350150e+03  7.952810e+02
      vertex  1.220365e+05  2.261178e+03  7.147413e+02
      vertex  1.212603e+05  2.519353e+03  7.920179e+02
    endloop
  endfacet
  facet normal  1.453901e-01  6.582214e-01 -7.386517e-01
    outer loop
      vertex  1.212603e+05  2.519353e+03  7.920179e+02
      vertex  1.220365e+05  2.261178e+03  7.147413e+02
      vertex  1.212742e+05  2.425322e+03  7.109664e+02
    endloop
  endfacet
  facet normal  1.569180e-01  6.580350e-01 -7.364554e-01
    outer loop
      vertex  1.212603e+05  2.519353e+03  7.920179e+02
      vertex  1.212742e+05  2.425322e+03  7.109664e+02
      vertex  1.205034e+05  2.696181e+03  7.887547e+02
    endloop
  endfacet
  facet normal  1.507687e-01  6.443469e-01 -7.497239e-01
    outer loop
      vertex  1.205034e+05  2.696181e+03  7.887547e+02
      vertex  1.212742e+05  2.425322e+03  7.109664e+02
      vertex  1.205188e+05  2.597687e+03  7.071915e+02
    endloop
  endfacet
  facet normal  1.588368e-01  6.442747e-01 -7.481182e-01
    outer loop
      vertex  1.205034e+05  2.696181e+03  7.887547e+02
      vertex  1.205188e+05  2.597687e+03  7.071915e+02
      vertex  1.199800e+05  2.741823e+03  7.169327e+02
    endloop
  endfacet
  facet normal  1.263099e-01  6.599041e-01 -7.406568e-01
    outer loop
      vertex  1.226618e+05  2.045818e+03  6.406983e+02
      vertex  1.228138e+05  2.104121e+03  7.185544e+02
      vertex  1.232795e+05  1.931319e+03  6.440154e+02
    endloop
  endfacet
  facet normal  1.324848e-01  6.715328e-01 -7.290346e-01
    outer loop
      vertex  1.232795e+05  1.931319e+03  6.440154e+02
      vertex  1.228138e+05  2.104121e+03  7.185544e+02
      vertex  1.231974e+05  2.030473e+03  7.204227e+02
    endloop
  endfacet
  facet normal  1.199369e-01  6.664102e-01 -7.358752e-01
    outer loop
      vertex  1.232795e+05  1.931319e+03  6.440154e+02
      vertex  1.231974e+05  2.030473e+03  7.204227e+02
      vertex  1.239016e+05  1.823008e+03  6.473325e+02
    endloop
  endfacet
  facet normal  1.329371e-01  6.988815e-01 -7.027748e-01
    outer loop
      vertex  1.239016e+05  1.823008e+03  6.473325e+02
      vertex  1.231974e+05  2.030473e+03  7.204227e+02
      vertex  1.235828e+05  1.959034e+03  7.222911e+02
    endloop
  endfacet
  facet normal  1.256243e-01  6.882232e-01 -7.145398e-01
    outer loop
      vertex  1.239016e+05  1.823008e+03  6.473325e+02
      vertex  1.235828e+05  1.959034e+03  7.222911e+02
      vertex  1.241050e+05  1.866333e+03  7.248077e+02
    endloop
  endfacet
  facet normal  1.293201e-01  6.368354e-01 -7.600769e-01
    outer loop
      vertex  1.220486e+05  2.166386e+03  6.373812e+02
      vertex  1.220365e+05  2.261178e+03  7.147413e+02
      vertex  1.226618e+05  2.045818e+03  6.406983e+02
    endloop
  endfacet
  facet normal  1.386900e-01  6.573774e-01 -7.406889e-01
    outer loop
      vertex  1.226618e+05  2.045818e+03  6.406983e+02
      vertex  1.220365e+05  2.261178e+03  7.147413e+02
      vertex  1.224242e+05  2.181529e+03  7.166479e+02
    endloop
  endfacet
  facet normal  1.330371e-01  6.511309e-01 -7.472146e-01
    outer loop
      vertex  1.226618e+05  2.045818e+03  6.406983e+02
      vertex  1.224242e+05  2.181529e+03  7.166479e+02
      vertex  1.228138e+05  2.104121e+03  7.185544e+02
    endloop
  endfacet
  facet normal  1.136987e-01  6.746232e-01 -7.293534e-01
    outer loop
      vertex  1.245284e+05  1.720956e+03  6.506495e+02
      vertex  1.245316e+05  1.641138e+03  5.773192e+02
      vertex  1.239016e+05  1.823008e+03  6.473325e+02
    endloop
  endfacet
  facet normal  1.047285e-01  6.518991e-01 -7.510389e-01
    outer loop
      vertex  1.239016e+05  1.823008e+03  6.473325e+02
      vertex  1.245316e+05  1.641138e+03  5.773192e+02
      vertex  1.239076e+05  1.737350e+03  5.738126e+02
    endloop
  endfacet
  facet normal  1.174108e-01  6.514816e-01 -7.495242e-01
    outer loop
      vertex  1.239016e+05  1.823008e+03  6.473325e+02
      vertex  1.239076e+05  1.737350e+03  5.738126e+02
      vertex  1.232795e+05  1.931319e+03  6.440154e+02
    endloop
  endfacet
  facet normal  1.091487e-01  6.313372e-01 -7.677889e-01
    outer loop
      vertex  1.232795e+05  1.931319e+03  6.440154e+02
      vertex  1.239076e+05  1.737350e+03  5.738126e+02
      vertex  1.232878e+05  1.840236e+03  5.703060e+02
    endloop
  endfacet
  facet normal  1.211114e-01  6.311227e-01 -7.661698e-01
    outer loop
      vertex  1.232795e+05  1.931319e+03  6.440154e+02
      vertex  1.232878e+05  1.840236e+03  5.703060e+02
      vertex  1.226618e+05  2.045818e+03  6.406983e+02
    endloop
  endfacet
  facet normal  1.135247e-01  6.133169e-01 -7.816359e-01
    outer loop
      vertex  1.226618e+05  2.045818e+03  6.406983e+02
      vertex  1.232878e+05  1.840236e+03  5.703060e+02
      vertex  1.226722e+05  1.949716e+03  5.667994e+02
    endloop
  endfacet
  facet normal  1.247908e-01  6.132514e-01 -7.799679e-01
    outer loop
      vertex  1.226618e+05  2.045818e+03  6.406983e+02
      vertex  1.226722e+05  1.949716e+03  5.667994e+02
      vertex  1.220486e+05  2.166386e+03  6.373812e+02
    endloop
  endfacet
  facet normal  1.178515e-01  5.975616e-01 -7.931148e-01
    outer loop
      vertex  1.220486e+05  2.166386e+03  6.373812e+02
      vertex  1.226722e+05  1.949716e+03  5.667994e+02
      vertex  1.220607e+05  2.065663e+03  5.632929e+02
    endloop
  endfacet
  facet normal  1.271976e-01  5.976010e-01 -7.916399e-01
    outer loop
      vertex  1.220486e+05  2.166386e+03  6.373812e+02
      vertex  1.220607e+05  2.065663e+03  5.632929e+02
      vertex  1.216675e+05  2.244753e+03  6.353080e+02
    endloop
  endfacet
  facet normal  1.218189e-01  5.887767e-01 -7.990633e-01
    outer loop
      vertex  1.216675e+05  2.244753e+03  6.353080e+02
      vertex  1.220607e+05  2.065663e+03  5.632929e+02
      vertex  1.216806e+05  2.141339e+03  5.611013e+02
    endloop
  endfacet
  facet normal  1.294875e-01  5.888442e-01 -7.978066e-01
    outer loop
      vertex  1.216675e+05  2.244753e+03  6.353080e+02
      vertex  1.216806e+05  2.141339e+03  5.611013e+02
      vertex  1.212881e+05  2.325380e+03  6.332349e+02
    endloop
  endfacet
  facet normal  1.244358e-01  5.807112e-01 -8.045434e-01
    outer loop
      vertex  1.212881e+05  2.325380e+03  6.332349e+02
      vertex  1.216806e+05  2.141339e+03  5.611013e+02
      vertex  1.213020e+05  2.219425e+03  5.589097e+02
    endloop
  endfacet
  facet normal  1.285801e-01  5.807689e-01 -8.038499e-01
    outer loop
      vertex  1.212881e+05  2.325380e+03  6.332349e+02
      vertex  1.213020e+05  2.219425e+03  5.589097e+02
      vertex  1.209250e+05  2.299865e+03  5.567181e+02
    endloop
  endfacet
  facet normal  1.079704e-01  4.952908e-01 -8.619915e-01
    outer loop
      vertex  1.210794e+05  2.039193e+03  4.193413e+02
      vertex  1.205802e+05  2.142818e+03  4.163573e+02
      vertex  1.209426e+05  2.184753e+03  4.858512e+02
    endloop
  endfacet
  facet normal  1.097468e-01  4.871940e-01 -8.663704e-01
    outer loop
      vertex  1.209426e+05  2.184753e+03  4.858512e+02
      vertex  1.205802e+05  2.142818e+03  4.163573e+02
      vertex  1.205648e+05  2.265832e+03  4.835879e+02
    endloop
  endfacet
  facet normal  1.195556e-01  5.337145e-01 -8.371710e-01
    outer loop
      vertex  1.209426e+05  2.184753e+03  4.858512e+02
      vertex  1.205648e+05  2.265832e+03  4.835879e+02
      vertex  1.209250e+05  2.299865e+03  5.567181e+02
    endloop
  endfacet
  facet normal  1.210140e-01  5.269787e-01 -8.412188e-01
    outer loop
      vertex  1.209250e+05  2.299865e+03  5.567181e+02
      vertex  1.205648e+05  2.265832e+03  4.835879e+02
      vertex  1.205495e+05  2.382597e+03  5.545265e+02
    endloop
  endfacet
  facet normal  1.305998e-01  5.713068e-01 -8.102792e-01
    outer loop
      vertex  1.209250e+05  2.299865e+03  5.567181e+02
      vertex  1.205495e+05  2.382597e+03  5.545265e+02
      vertex  1.212881e+05  2.325380e+03  6.332349e+02
    endloop
  endfacet
  facet normal  1.305870e-01  5.666359e-01 -8.135543e-01
    outer loop
      vertex  1.212881e+05  2.325380e+03  6.332349e+02
      vertex  1.205495e+05  2.382597e+03  5.545265e+02
      vertex  1.205341e+05  2.493188e+03  6.290886e+02
    endloop
  endfacet
  facet normal  1.155716e-01  5.335232e-01 -8.378520e-01
    outer loop
      vertex  1.209426e+05  2.184753e+03  4.858512e+02
      vertex  1.209250e+05  2.299865e+03  5.567181e+02
      vertex  1.213219e+05  2.106153e+03  4.881145e+02
    endloop
  endfacet
  facet normal  1.203112e-01  5.412388e-01 -8.322174e-01
    outer loop
      vertex  1.213219e+05  2.106153e+03  4.881145e+02
      vertex  1.209250e+05  2.299865e+03  5.567181e+02
      vertex  1.213020e+05  2.219425e+03  5.589097e+02
    endloop
  endfacet
  facet normal  1.130146e-01  5.407829e-01 -8.335356e-01
    outer loop
      vertex  1.213219e+05  2.106153e+03  4.881145e+02
      vertex  1.213020e+05  2.219425e+03  5.589097e+02
      vertex  1.216966e+05  2.031267e+03  4.903424e+02
    endloop
  endfacet
  facet normal  1.180466e-01  5.490942e-01 -8.273818e-01
    outer loop
      vertex  1.216966e+05  2.031267e+03  4.903424e+02
      vertex  1.213020e+05  2.219425e+03  5.589097e+02
      vertex  1.216806e+05  2.141339e+03  5.611013e+02
    endloop
  endfacet
  facet normal  1.104710e-01  5.487906e-01 -8.286284e-01
    outer loop
      vertex  1.216966e+05  2.031267e+03  4.903424e+02
      vertex  1.216806e+05  2.141339e+03  5.611013e+02
      vertex  1.220728e+05  1.958901e+03  4.925703e+02
    endloop
  endfacet
  facet normal  1.157537e-01  5.576468e-01 -8.219678e-01
    outer loop
      vertex  1.220728e+05  1.958901e+03  4.925703e+02
      vertex  1.216806e+05  2.141339e+03  5.611013e+02
      vertex  1.220607e+05  2.065663e+03  5.632929e+02
    endloop
  endfacet
  facet normal  1.065842e-01  5.574946e-01 -8.233102e-01
    outer loop
      vertex  1.220728e+05  1.958901e+03  4.925703e+02
      vertex  1.220607e+05  2.065663e+03  5.632929e+02
      vertex  1.226826e+05  1.847631e+03  4.961632e+02
    endloop
  endfacet
  facet normal  1.133204e-01  5.731055e-01 -8.116087e-01
    outer loop
      vertex  1.226826e+05  1.847631e+03  4.961632e+02
      vertex  1.220607e+05  2.065663e+03  5.632929e+02
      vertex  1.226722e+05  1.949716e+03  5.667994e+02
    endloop
  endfacet
  facet normal  1.022703e-01  5.730320e-01 -8.131268e-01
    outer loop
      vertex  1.226826e+05  1.847631e+03  4.961632e+02
      vertex  1.226722e+05  1.949716e+03  5.667994e+02
      vertex  1.232962e+05  1.743224e+03  4.997561e+02
    endloop
  endfacet
  facet normal  1.096130e-01  5.907533e-01 -7.993719e-01
    outer loop
      vertex  1.232962e+05  1.743224e+03  4.997561e+02
      vertex  1.226722e+05  1.949716e+03  5.667994e+02
      vertex  1.232878e+05  1.840236e+03  5.703060e+02
    endloop
  endfacet
  facet normal  9.787437e-02  5.908166e-01 -8.008472e-01
    outer loop
      vertex  1.232962e+05  1.743224e+03  4.997561e+02
      vertex  1.232878e+05  1.840236e+03  5.703060e+02
      vertex  1.239136e+05  1.645817e+03  5.033490e+02
    endloop
  endfacet
  facet normal  1.058500e-01  6.108928e-01 -7.846056e-01
    outer loop
      vertex  1.239136e+05  1.645817e+03  5.033490e+02
      vertex  1.232878e+05  1.840236e+03  5.703060e+02
      vertex  1.239076e+05  1.737350e+03  5.738126e+02
    endloop
  endfacet
  facet normal  9.339175e-02  6.111462e-01 -7.859888e-01
    outer loop
      vertex  1.239136e+05  1.645817e+03  5.033490e+02
      vertex  1.239076e+05  1.737350e+03  5.738126e+02
      vertex  1.245348e+05  1.555499e+03  5.069420e+02
    endloop
  endfacet
  facet normal  1.020355e-01  6.338619e-01 -7.666863e-01
    outer loop
      vertex  1.245348e+05  1.555499e+03  5.069420e+02
      vertex  1.239076e+05  1.737350e+03  5.738126e+02
      vertex  1.245316e+05  1.641138e+03  5.773192e+02
    endloop
  endfacet
  facet normal  8.949377e-02  6.343492e-01 -7.678488e-01
    outer loop
      vertex  1.245348e+05  1.555499e+03  5.069420e+02
      vertex  1.245316e+05  1.641138e+03  5.773192e+02
      vertex  1.251600e+05  1.495057e+03  5.298720e+02
    endloop
  endfacet
  facet normal  9.066186e-02  5.917715e-01 -8.009913e-01
    outer loop
      vertex  1.245348e+05  1.555499e+03  5.069420e+02
      vertex  1.245380e+05  1.463902e+03  4.396326e+02
      vertex  1.239136e+05  1.645817e+03  5.033490e+02
    endloop
  endfacet
  facet normal  8.241184e-02  5.693841e-01 -8.179303e-01
    outer loop
      vertex  1.239136e+05  1.645817e+03  5.033490e+02
      vertex  1.245380e+05  1.463902e+03  4.396326e+02
      vertex  1.239195e+05  1.548280e+03  4.360518e+02
    endloop
  endfacet
  facet normal  9.456754e-02  5.692726e-01 -8.166920e-01
    outer loop
      vertex  1.239136e+05  1.645817e+03  5.033490e+02
      vertex  1.239195e+05  1.548280e+03  4.360518e+02
      vertex  1.232962e+05  1.743224e+03  4.997561e+02
    endloop
  endfacet
  facet normal  8.693927e-02  5.495346e-01 -8.309352e-01
    outer loop
      vertex  1.232962e+05  1.743224e+03  4.997561e+02
      vertex  1.239195e+05  1.548280e+03  4.360518e+02
      vertex  1.233045e+05  1.640164e+03  4.324709e+02
    endloop
  endfacet
  facet normal  9.837952e-02  5.495993e-01 -8.296156e-01
    outer loop
      vertex  1.232962e+05  1.743224e+03  4.997561e+02
      vertex  1.233045e+05  1.640164e+03  4.324709e+02
      vertex  1.226826e+05  1.847631e+03  4.961632e+02
    endloop
  endfacet
  facet normal  9.133551e-02  5.321890e-01 -8.416845e-01
    outer loop
      vertex  1.226826e+05  1.847631e+03  4.961632e+02
      vertex  1.233045e+05  1.640164e+03  4.324709e+02
      vertex  1.226930e+05  1.739453e+03  4.288901e+02
    endloop
  endfacet
  facet normal  1.021011e-01  5.323779e-01 -8.403268e-01
    outer loop
      vertex  1.226826e+05  1.847631e+03  4.961632e+02
      vertex  1.226930e+05  1.739453e+03  4.288901e+02
      vertex  1.220728e+05  1.958901e+03  4.925703e+02
    endloop
  endfacet
  facet normal  9.561232e-02  5.170260e-01 -8.506129e-01
    outer loop
      vertex  1.220728e+05  1.958901e+03  4.925703e+02
      vertex  1.226930e+05  1.739453e+03  4.288901e+02
      vertex  1.220850e+05  1.846003e+03  4.253093e+02
    endloop
  endfacet
  facet normal  1.045308e-01  5.172695e-01 -8.494148e-01
    outer loop
      vertex  1.220728e+05  1.958901e+03  4.925703e+02
      vertex  1.220850e+05  1.846003e+03  4.253093e+02
      vertex  1.216966e+05  2.031267e+03  4.903424e+02
    endloop
  endfacet
  facet normal  1.004419e-01  5.103391e-01 -8.540874e-01
    outer loop
      vertex  1.216966e+05  2.031267e+03  4.903424e+02
      vertex  1.220850e+05  1.846003e+03  4.253093e+02
      vertex  1.215809e+05  1.940206e+03  4.223253e+02
    endloop
  endfacet
  facet normal  1.060178e-01  5.050827e-01 -8.565346e-01
    outer loop
      vertex  1.216966e+05  2.031267e+03  4.903424e+02
      vertex  1.215809e+05  1.940206e+03  4.223253e+02
      vertex  1.213219e+05  2.106153e+03  4.881145e+02
    endloop
  endfacet
  facet normal  1.043845e-01  5.030795e-01 -8.579131e-01
    outer loop
      vertex  1.213219e+05  2.106153e+03  4.881145e+02
      vertex  1.215809e+05  1.940206e+03  4.223253e+02
      vertex  1.210794e+05  2.039193e+03  4.193413e+02
    endloop
  endfacet
  facet normal  1.077626e-01  4.951456e-01 -8.621010e-01
    outer loop
      vertex  1.213219e+05  2.106153e+03  4.881145e+02
      vertex  1.210794e+05  2.039193e+03  4.193413e+02
      vertex  1.209426e+05  2.184753e+03  4.858512e+02
    endloop
  endfacet
  facet normal  7.164998e-02  5.105121e-01 -8.568801e-01
    outer loop
      vertex  1.239233e+05  1.484217e+03  3.956485e+02
      vertex  1.245400e+05  1.403570e+03  3.991737e+02
      vertex  1.241487e+05  1.389041e+03  3.577932e+02
    endloop
  endfacet
  facet normal  6.983227e-02  5.285528e-01 -8.460233e-01
    outer loop
      vertex  1.241487e+05  1.389041e+03  3.577932e+02
      vertex  1.245400e+05  1.403570e+03  3.991737e+02
      vertex  1.244863e+05  1.347455e+03  3.596769e+02
    endloop
  endfacet
  facet normal  6.387771e-02  4.788779e-01 -8.755544e-01
    outer loop
      vertex  1.241487e+05  1.389041e+03  3.577932e+02
      vertex  1.244863e+05  1.347455e+03  3.596769e+02
      vertex  1.242654e+05  1.238746e+03  2.841072e+02
    endloop
  endfacet
  facet normal  9.193442e-02  4.327964e-01 -8.967917e-01
    outer loop
      vertex  1.205062e+05  1.999393e+03  3.371283e+02
      vertex  1.205898e+05  2.062731e+03  3.762593e+02
      vertex  1.211598e+05  1.868344e+03  3.408846e+02
    endloop
  endfacet
  facet normal  9.538522e-02  4.420284e-01 -8.919151e-01
    outer loop
      vertex  1.211598e+05  1.868344e+03  3.408846e+02
      vertex  1.205898e+05  2.062731e+03  3.762593e+02
      vertex  1.210884e+05  1.961064e+03  3.791971e+02
    endloop
  endfacet
  facet normal  9.010307e-02  4.388363e-01 -8.940381e-01
    outer loop
      vertex  1.211598e+05  1.868344e+03  3.408846e+02
      vertex  1.210884e+05  1.961064e+03  3.791971e+02
      vertex  1.215893e+05  1.864198e+03  3.821348e+02
    endloop
  endfacet
  facet normal  4.748597e-02  4.394985e-01 -8.969873e-01
    outer loop
      vertex  1.246262e+05  1.058128e+03  2.169029e+02
      vertex  1.240937e+05  1.110765e+03  2.145068e+02
      vertex  1.247121e+05  1.190694e+03  2.864043e+02
    endloop
  endfacet
  facet normal  5.028971e-02  4.242494e-01 -9.041479e-01
    outer loop
      vertex  1.247121e+05  1.190694e+03  2.864043e+02
      vertex  1.240937e+05  1.110765e+03  2.145068e+02
      vertex  1.242654e+05  1.238746e+03  2.841072e+02
    endloop
  endfacet
  facet normal  5.797340e-02  4.975209e-01 -8.655125e-01
    outer loop
      vertex  1.247121e+05  1.190694e+03  2.864043e+02
      vertex  1.242654e+05  1.238746e+03  2.841072e+02
      vertex  1.248227e+05  1.308531e+03  3.615495e+02
    endloop
  endfacet
  facet normal  6.079923e-02  4.835117e-01 -8.732238e-01
    outer loop
      vertex  1.248227e+05  1.308531e+03  3.615495e+02
      vertex  1.242654e+05  1.238746e+03  2.841072e+02
      vertex  1.244863e+05  1.347455e+03  3.596769e+02
    endloop
  endfacet
  facet normal  6.615135e-02  5.311453e-01 -8.446944e-01
    outer loop
      vertex  1.248227e+05  1.308531e+03  3.615495e+02
      vertex  1.244863e+05  1.347455e+03  3.596769e+02
      vertex  1.245400e+05  1.403570e+03  3.991737e+02
    endloop
  endfacet
  facet normal  6.089776e-02  4.771339e-01 -8.767181e-01
    outer loop
      vertex  1.242654e+05  1.238746e+03  2.841072e+02
      vertex  1.238200e+05  1.291369e+03  2.818101e+02
      vertex  1.241487e+05  1.389041e+03  3.577932e+02
    endloop
  endfacet
  facet normal  6.577048e-02  4.653686e-01 -8.826700e-01
    outer loop
      vertex  1.241487e+05  1.389041e+03  3.577932e+02
      vertex  1.238200e+05  1.291369e+03  2.818101e+02
      vertex  1.238120e+05  1.433051e+03  3.559095e+02
    endloop
  endfacet
  facet normal  7.148849e-02  5.102072e-01 -8.570752e-01
    outer loop
      vertex  1.241487e+05  1.389041e+03  3.577932e+02
      vertex  1.238120e+05  1.433051e+03  3.559095e+02
      vertex  1.239233e+05  1.484217e+03  3.956485e+02
    endloop
  endfacet
  facet normal  5.502437e-02  4.051757e-01 -9.125814e-01
    outer loop
      vertex  1.235628e+05  1.170366e+03  2.121108e+02
      vertex  1.230336e+05  1.236844e+03  2.097147e+02
      vertex  1.234915e+05  1.333209e+03  2.801111e+02
    endloop
  endfacet
  facet normal  5.803575e-02  3.942246e-01 -9.171799e-01
    outer loop
      vertex  1.234915e+05  1.333209e+03  2.801111e+02
      vertex  1.230336e+05  1.236844e+03  2.097147e+02
      vertex  1.231637e+05  1.377510e+03  2.784121e+02
    endloop
  endfacet
  facet normal  6.660764e-02  4.588421e-01 -8.860177e-01
    outer loop
      vertex  1.234915e+05  1.333209e+03  2.801111e+02
      vertex  1.231637e+05  1.377510e+03  2.784121e+02
      vertex  1.238120e+05  1.433051e+03  3.559095e+02
    endloop
  endfacet
  facet normal  6.840276e-02  4.464808e-01 -8.921749e-01
    outer loop
      vertex  1.238120e+05  1.433051e+03  3.559095e+02
      vertex  1.231637e+05  1.377510e+03  2.784121e+02
      vertex  1.231434e+05  1.527985e+03  3.521533e+02
    endloop
  endfacet
  facet normal  7.513887e-02  4.949747e-01 -8.656524e-01
    outer loop
      vertex  1.238120e+05  1.433051e+03  3.559095e+02
      vertex  1.231434e+05  1.527985e+03  3.521533e+02
      vertex  1.233097e+05  1.572631e+03  3.921232e+02
    endloop
  endfacet
  facet normal  7.337335e-02  4.352571e-01 -8.973113e-01
    outer loop
      vertex  1.231434e+05  1.527985e+03  3.521533e+02
      vertex  1.228276e+05  1.425595e+03  2.766654e+02
      vertex  1.224784e+05  1.632335e+03  3.483970e+02
    endloop
  endfacet
  facet normal  6.960061e-02  4.298863e-01 -9.001964e-01
    outer loop
      vertex  1.224784e+05  1.632335e+03  3.483970e+02
      vertex  1.228276e+05  1.425595e+03  2.766654e+02
      vertex  1.224922e+05  1.476229e+03  2.749187e+02
    endloop
  endfacet
  facet normal  7.899754e-02  4.302680e-01 -8.992379e-01
    outer loop
      vertex  1.224784e+05  1.632335e+03  3.483970e+02
      vertex  1.224922e+05  1.476229e+03  2.749187e+02
      vertex  1.218172e+05  1.745881e+03  3.446408e+02
    endloop
  endfacet
  facet normal  7.235863e-02  4.155721e-01 -9.066775e-01
    outer loop
      vertex  1.218172e+05  1.745881e+03  3.446408e+02
      vertex  1.224922e+05  1.476229e+03  2.749187e+02
      vertex  1.218333e+05  1.583452e+03  2.714730e+02
    endloop
  endfacet
  facet normal  8.268481e-02  4.160877e-01 -9.055575e-01
    outer loop
      vertex  1.218172e+05  1.745881e+03  3.446408e+02
      vertex  1.218333e+05  1.583452e+03  2.714730e+02
      vertex  1.211598e+05  1.868344e+03  3.408846e+02
    endloop
  endfacet
  facet normal  7.658006e-02  4.032025e-01 -9.119009e-01
    outer loop
      vertex  1.211598e+05  1.868344e+03  3.408846e+02
      vertex  1.218333e+05  1.583452e+03  2.714730e+02
      vertex  1.211777e+05  1.700170e+03  2.680273e+02
    endloop
  endfacet
  facet normal  8.619040e-02  4.037479e-01 -9.108012e-01
    outer loop
      vertex  1.211598e+05  1.868344e+03  3.408846e+02
      vertex  1.211777e+05  1.700170e+03  2.680273e+02
      vertex  1.205062e+05  1.999393e+03  3.371283e+02
    endloop
  endfacet
  facet normal  8.059772e-02  3.924526e-01 -9.162341e-01
    outer loop
      vertex  1.205062e+05  1.999393e+03  3.371283e+02
      vertex  1.211777e+05  1.700170e+03  2.680273e+02
      vertex  1.205256e+05  1.826041e+03  2.645816e+02
    endloop
  endfacet
  facet normal  8.989543e-02  3.930272e-01 -9.151221e-01
    outer loop
      vertex  1.205062e+05  1.999393e+03  3.371283e+02
      vertex  1.205256e+05  1.826041e+03  2.645816e+02
      vertex  1.199800e+05  2.033407e+03  3.000435e+02
    endloop
  endfacet
  facet normal  4.938786e-02  4.032058e-01 -9.137757e-01
    outer loop
      vertex  1.235628e+05  1.170366e+03  2.121108e+02
      vertex  1.234915e+05  1.333209e+03  2.801111e+02
      vertex  1.240937e+05  1.110765e+03  2.145068e+02
    endloop
  endfacet
  facet normal  5.888763e-02  4.257273e-01 -9.029332e-01
    outer loop
      vertex  1.240937e+05  1.110765e+03  2.145068e+02
      vertex  1.234915e+05  1.333209e+03  2.801111e+02
      vertex  1.238200e+05  1.291369e+03  2.818101e+02
    endloop
  endfacet
  facet normal  5.428325e-02  4.198761e-01 -9.059565e-01
    outer loop
      vertex  1.240937e+05  1.110765e+03  2.145068e+02
      vertex  1.238200e+05  1.291369e+03  2.818101e+02
      vertex  1.242654e+05  1.238746e+03  2.841072e+02
    endloop
  endfacet
  facet normal  5.700778e-02  3.803467e-01 -9.230853e-01
    outer loop
      vertex  1.225061e+05  1.310093e+03  2.073186e+02
      vertex  1.224922e+05  1.476229e+03  2.749187e+02
      vertex  1.230336e+05  1.236844e+03  2.097147e+02
    endloop
  endfacet
  facet normal  6.447182e-02  3.953661e-01 -9.162582e-01
    outer loop
      vertex  1.230336e+05  1.236844e+03  2.097147e+02
      vertex  1.224922e+05  1.476229e+03  2.749187e+02
      vertex  1.228276e+05  1.425595e+03  2.766654e+02
    endloop
  endfacet
  facet normal  6.084169e-02  3.920039e-01 -9.179495e-01
    outer loop
      vertex  1.230336e+05  1.236844e+03  2.097147e+02
      vertex  1.228276e+05  1.425595e+03  2.766654e+02
      vertex  1.231637e+05  1.377510e+03  2.784121e+02
    endloop
  endfacet
  facet normal  6.527001e-02  3.713794e-01 -9.261842e-01
    outer loop
      vertex  1.224922e+05  1.476229e+03  2.749187e+02
      vertex  1.221773e+05  1.359254e+03  2.058211e+02
      vertex  1.218333e+05  1.583452e+03  2.714730e+02
    endloop
  endfacet
  facet normal  6.211993e-02  3.671068e-01 -9.281022e-01
    outer loop
      vertex  1.218333e+05  1.583452e+03  2.714730e+02
      vertex  1.221773e+05  1.359254e+03  2.058211e+02
      vertex  1.218493e+05  1.410973e+03  2.043236e+02
    endloop
  endfacet
  facet normal  7.031712e-02  3.675702e-01 -9.273337e-01
    outer loop
      vertex  1.218333e+05  1.583452e+03  2.714730e+02
      vertex  1.218493e+05  1.410973e+03  2.043236e+02
      vertex  1.211777e+05  1.700170e+03  2.680273e+02
    endloop
  endfacet
  facet normal  6.459269e-02  3.554091e-01 -9.324765e-01
    outer loop
      vertex  1.211777e+05  1.700170e+03  2.680273e+02
      vertex  1.218493e+05  1.410973e+03  2.043236e+02
      vertex  1.211956e+05  1.521924e+03  2.013285e+02
    endloop
  endfacet
  facet normal  7.363916e-02  3.559836e-01 -9.315863e-01
    outer loop
      vertex  1.211777e+05  1.700170e+03  2.680273e+02
      vertex  1.211956e+05  1.521924e+03  2.013285e+02
      vertex  1.205256e+05  1.826041e+03  2.645816e+02
    endloop
  endfacet
  facet normal  6.834766e-02  3.452487e-01 -9.360192e-01
    outer loop
      vertex  1.205256e+05  1.826041e+03  2.645816e+02
      vertex  1.211956e+05  1.521924e+03  2.013285e+02
      vertex  1.205450e+05  1.642595e+03  1.983335e+02
    endloop
  endfacet
  facet normal  7.714973e-02  3.458512e-01 -9.351122e-01
    outer loop
      vertex  1.205256e+05  1.826041e+03  2.645816e+02
      vertex  1.205450e+05  1.642595e+03  1.983335e+02
      vertex  1.199800e+05  1.853988e+03  2.299026e+02
    endloop
  endfacet
  facet normal  4.224481e-02  3.853536e-01 -9.218015e-01
    outer loop
      vertex  1.246262e+05  1.058128e+03  2.169029e+02
      vertex  1.246297e+05  9.061593e+02  1.535352e+02
      vertex  1.240937e+05  1.110765e+03  2.145068e+02
    endloop
  endfacet
  facet normal  3.548469e-02  3.696406e-01 -9.284970e-01
    outer loop
      vertex  1.240937e+05  1.110765e+03  2.145068e+02
      vertex  1.246297e+05  9.061593e+02  1.535352e+02
      vertex  1.241004e+05  9.521213e+02  1.516034e+02
    endloop
  endfacet
  facet normal  4.570818e-02  3.698571e-01 -9.279637e-01
    outer loop
      vertex  1.240937e+05  1.110765e+03  2.145068e+02
      vertex  1.241004e+05  9.521213e+02  1.516034e+02
      vertex  1.235628e+05  1.170366e+03  2.121108e+02
    endloop
  endfacet
  facet normal  3.933177e-02  3.557559e-01 -9.337509e-01
    outer loop
      vertex  1.235628e+05  1.170366e+03  2.121108e+02
      vertex  1.241004e+05  9.521213e+02  1.516034e+02
      vertex  1.235722e+05  1.005447e+03  1.496717e+02
    endloop
  endfacet
  facet normal  4.895118e-02  3.560829e-01 -9.331713e-01
    outer loop
      vertex  1.235628e+05  1.170366e+03  2.121108e+02
      vertex  1.235722e+05  1.005447e+03  1.496717e+02
      vertex  1.230336e+05  1.236844e+03  2.097147e+02
    endloop
  endfacet
  facet normal  4.293145e-02  3.433795e-01 -9.382150e-01
    outer loop
      vertex  1.230336e+05  1.236844e+03  2.097147e+02
      vertex  1.235722e+05  1.005447e+03  1.496717e+02
      vertex  1.230453e+05  1.066042e+03  1.477399e+02
    endloop
  endfacet
  facet normal  5.199651e-02  3.437830e-01 -9.376084e-01
    outer loop
      vertex  1.230336e+05  1.236844e+03  2.097147e+02
      vertex  1.230453e+05  1.066042e+03  1.477399e+02
      vertex  1.225061e+05  1.310093e+03  2.073186e+02
    endloop
  endfacet
  facet normal  4.631094e-02  3.323011e-01 -9.420357e-01
    outer loop
      vertex  1.225061e+05  1.310093e+03  2.073186e+02
      vertex  1.230453e+05  1.066042e+03  1.477399e+02
      vertex  1.225199e+05  1.133790e+03  1.458082e+02
    endloop
  endfacet
  facet normal  5.404112e-02  3.327129e-01 -9.414784e-01
    outer loop
      vertex  1.225061e+05  1.310093e+03  2.073186e+02
      vertex  1.225199e+05  1.133790e+03  1.458082e+02
      vertex  1.221773e+05  1.359254e+03  2.058211e+02
    endloop
  endfacet
  facet normal  4.915512e-02  3.259856e-01 -9.440960e-01
    outer loop
      vertex  1.221773e+05  1.359254e+03  2.058211e+02
      vertex  1.225199e+05  1.133790e+03  1.458082e+02
      vertex  1.221959e+05  1.179194e+03  1.446139e+02
    endloop
  endfacet
  facet normal  5.578544e-02  3.264843e-01 -9.435549e-01
    outer loop
      vertex  1.221773e+05  1.359254e+03  2.058211e+02
      vertex  1.221959e+05  1.179194e+03  1.446139e+02
      vertex  1.218493e+05  1.410973e+03  2.043236e+02
    endloop
  endfacet
  facet normal  5.103667e-02  3.200226e-01 -9.460343e-01
    outer loop
      vertex  1.218493e+05  1.410973e+03  2.043236e+02
      vertex  1.221959e+05  1.179194e+03  1.446139e+02
      vertex  1.218724e+05  1.227244e+03  1.434196e+02
    endloop
  endfacet
  facet normal  5.379565e-02  3.202893e-01 -9.457911e-01
    outer loop
      vertex  1.218493e+05  1.410973e+03  2.043236e+02
      vertex  1.218724e+05  1.227244e+03  1.434196e+02
      vertex  1.215426e+05  1.279038e+03  1.421992e+02
    endloop
  endfacet
  facet normal  5.744478e-02  3.128729e-01 -9.480563e-01
    outer loop
      vertex  1.218493e+05  1.410973e+03  2.043236e+02
      vertex  1.215426e+05  1.279038e+03  1.421992e+02
      vertex  1.211956e+05  1.521924e+03  2.013285e+02
    endloop
  endfacet
  facet normal  5.470603e-02  3.092857e-01 -9.493943e-01
    outer loop
      vertex  1.211956e+05  1.521924e+03  2.013285e+02
      vertex  1.215426e+05  1.279038e+03  1.421992e+02
      vertex  1.212135e+05  1.333508e+03  1.409788e+02
    endloop
  endfacet
  facet normal  6.182592e-02  3.097711e-01 -9.487990e-01
    outer loop
      vertex  1.211956e+05  1.521924e+03  2.013285e+02
      vertex  1.212135e+05  1.333508e+03  1.409788e+02
      vertex  1.205450e+05  1.642595e+03  1.983335e+02
    endloop
  endfacet
  facet normal  5.685470e-02  2.996778e-01 -9.523448e-01
    outer loop
      vertex  1.205450e+05  1.642595e+03  1.983335e+02
      vertex  1.212135e+05  1.333508e+03  1.409788e+02
      vertex  1.205644e+05  1.448977e+03  1.385641e+02
    endloop
  endfacet
  facet normal  6.521856e-02  3.002900e-01 -9.516157e-01
    outer loop
      vertex  1.205450e+05  1.642595e+03  1.983335e+02
      vertex  1.205644e+05  1.448977e+03  1.385641e+02
      vertex  1.199800e+05  1.674439e+03  1.696600e+02
    endloop
  endfacet
  facet normal  3.244805e-02  3.341021e-01 -9.419783e-01
    outer loop
      vertex  1.246297e+05  9.061593e+02  1.535352e+02
      vertex  1.246332e+05  7.438582e+02  9.609138e+01
      vertex  1.241004e+05  9.521213e+02  1.516034e+02
    endloop
  endfacet
  facet normal  2.635914e-02  3.198856e-01 -9.470895e-01
    outer loop
      vertex  1.241004e+05  9.521213e+02  1.516034e+02
      vertex  1.246332e+05  7.438582e+02  9.609138e+01
      vertex  1.241070e+05  7.831574e+02  9.471938e+01
    endloop
  endfacet
  facet normal  3.578179e-02  3.201243e-01 -9.466996e-01
    outer loop
      vertex  1.241004e+05  9.521213e+02  1.516034e+02
      vertex  1.241070e+05  7.831574e+02  9.471938e+01
      vertex  1.235722e+05  1.005447e+03  1.496717e+02
    endloop
  endfacet
  facet normal  3.001029e-02  3.073332e-01 -9.511286e-01
    outer loop
      vertex  1.235722e+05  1.005447e+03  1.496717e+02
      vertex  1.241070e+05  7.831574e+02  9.471938e+01
      vertex  1.235816e+05  8.302205e+02  9.334738e+01
    endloop
  endfacet
  facet normal  3.887019e-02  3.076687e-01 -9.506992e-01
    outer loop
      vertex  1.235722e+05  1.005447e+03  1.496717e+02
      vertex  1.235816e+05  8.302205e+02  9.334738e+01
      vertex  1.230453e+05  1.066042e+03  1.477399e+02
    endloop
  endfacet
  facet normal  3.339266e-02  2.961063e-01 -9.545711e-01
    outer loop
      vertex  1.230453e+05  1.066042e+03  1.477399e+02
      vertex  1.235816e+05  8.302205e+02  9.334738e+01
      vertex  1.230571e+05  8.849450e+02  9.197539e+01
    endloop
  endfacet
  facet normal  4.174022e-02  2.965086e-01 -9.541177e-01
    outer loop
      vertex  1.230453e+05  1.066042e+03  1.477399e+02
      vertex  1.230571e+05  8.849450e+02  9.197539e+01
      vertex  1.225199e+05  1.133790e+03  1.458082e+02
    endloop
  endfacet
  facet normal  3.653746e-02  2.860153e-01 -9.575282e-01
    outer loop
      vertex  1.225199e+05  1.133790e+03  1.458082e+02
      vertex  1.230571e+05  8.849450e+02  9.197539e+01
      vertex  1.225337e+05  9.472072e+02  9.060339e+01
    endloop
  endfacet
  facet normal  4.365924e-02  2.864194e-01 -9.571092e-01
    outer loop
      vertex  1.225199e+05  1.133790e+03  1.458082e+02
      vertex  1.225337e+05  9.472072e+02  9.060339e+01
      vertex  1.221959e+05  1.179194e+03  1.446139e+02
    endloop
  endfacet
  facet normal  3.968244e-02  2.810386e-01 -9.588757e-01
    outer loop
      vertex  1.221959e+05  1.179194e+03  1.446139e+02
      vertex  1.225337e+05  9.472072e+02  9.060339e+01
      vertex  1.220986e+05  1.004747e+03  8.946006e+01
    endloop
  endfacet
  facet normal  4.488984e-02  2.783142e-01 -9.594405e-01
    outer loop
      vertex  1.221959e+05  1.179194e+03  1.446139e+02
      vertex  1.220986e+05  1.004747e+03  8.946006e+01
      vertex  1.218724e+05  1.227244e+03  1.434196e+02
    endloop
  endfacet
  facet normal  4.229470e-02  2.758754e-01 -9.602625e-01
    outer loop
      vertex  1.218724e+05  1.227244e+03  1.434196e+02
      vertex  1.220986e+05  1.004747e+03  8.946006e+01
      vertex  1.216645e+05  1.067327e+03  8.831673e+01
    endloop
  endfacet
  facet normal  4.615271e-02  2.712507e-01 -9.614015e-01
    outer loop
      vertex  1.218724e+05  1.227244e+03  1.434196e+02
      vertex  1.216645e+05  1.067327e+03  8.831673e+01
      vertex  1.215426e+05  1.279038e+03  1.421992e+02
    endloop
  endfacet
  facet normal  4.867313e-02  2.725745e-01 -9.609028e-01
    outer loop
      vertex  1.215426e+05  1.279038e+03  1.421992e+02
      vertex  1.216645e+05  1.067327e+03  8.831673e+01
      vertex  1.212135e+05  1.333508e+03  1.409788e+02
    endloop
  endfacet
  facet normal  4.382841e-02  2.648395e-01 -9.632960e-01
    outer loop
      vertex  1.212135e+05  1.333508e+03  1.409788e+02
      vertex  1.216645e+05  1.067327e+03  8.831673e+01
      vertex  1.212313e+05  1.134844e+03  8.717340e+01
    endloop
  endfacet
  facet normal  4.655045e-02  2.650354e-01 -9.631144e-01
    outer loop
      vertex  1.212135e+05  1.333508e+03  1.409788e+02
      vertex  1.212313e+05  1.134844e+03  8.717340e+01
      vertex  1.209072e+05  1.188654e+03  8.631590e+01
    endloop
  endfacet
  facet normal  3.784208e-02  2.183547e-01 -9.751354e-01
    outer loop
      vertex  1.209302e+05  9.763445e+02  3.966497e+01
      vertex  1.206116e+05  1.029547e+03  3.921767e+01
      vertex  1.209072e+05  1.188654e+03  8.631590e+01
    endloop
  endfacet
  facet normal  4.003740e-02  2.145033e-01 -9.759024e-01
    outer loop
      vertex  1.209072e+05  1.188654e+03  8.631590e+01
      vertex  1.206116e+05  1.029547e+03  3.921767e+01
      vertex  1.205838e+05  1.245127e+03  8.545840e+01
    endloop
  endfacet
  facet normal  4.825334e-02  2.617434e-01 -9.639304e-01
    outer loop
      vertex  1.209072e+05  1.188654e+03  8.631590e+01
      vertex  1.205838e+05  1.245127e+03  8.545840e+01
      vertex  1.212135e+05  1.333508e+03  1.409788e+02
    endloop
  endfacet
  facet normal  4.916339e-02  2.561705e-01 -9.653805e-01
    outer loop
      vertex  1.212135e+05  1.333508e+03  1.409788e+02
      vertex  1.205838e+05  1.245127e+03  8.545840e+01
      vertex  1.205644e+05  1.448977e+03  1.385641e+02
    endloop
  endfacet
  facet normal  3.587895e-02  2.181682e-01 -9.752514e-01
    outer loop
      vertex  1.209302e+05  9.763445e+02  3.966497e+01
      vertex  1.209072e+05  1.188654e+03  8.631590e+01
      vertex  1.212492e+05  9.258725e+02  4.011228e+01
    endloop
  endfacet
  facet normal  3.955912e-02  2.227504e-01 -9.740726e-01
    outer loop
      vertex  1.212492e+05  9.258725e+02  4.011228e+01
      vertex  1.209072e+05  1.188654e+03  8.631590e+01
      vertex  1.212313e+05  1.134844e+03  8.717340e+01
    endloop
  endfacet
  facet normal  3.419174e-02  2.223571e-01 -9.743656e-01
    outer loop
      vertex  1.212492e+05  9.258725e+02  4.011228e+01
      vertex  1.212313e+05  1.134844e+03  8.717340e+01
      vertex  1.216811e+05  8.621044e+02  4.071664e+01
    endloop
  endfacet
  facet normal  3.822438e-02  2.287307e-01 -9.727390e-01
    outer loop
      vertex  1.216811e+05  8.621044e+02  4.071664e+01
      vertex  1.212313e+05  1.134844e+03  8.717340e+01
      vertex  1.216645e+05  1.067327e+03  8.831673e+01
    endloop
  endfacet
  facet normal  3.225908e-02  2.283180e-01 -9.730520e-01
    outer loop
      vertex  1.216811e+05  8.621044e+02  4.071664e+01
      vertex  1.216645e+05  1.067327e+03  8.831673e+01
      vertex  1.221140e+05  8.035279e+02  4.132100e+01
    endloop
  endfacet
  facet normal  3.645310e-02  2.351481e-01 -9.712757e-01
    outer loop
      vertex  1.221140e+05  8.035279e+02  4.132100e+01
      vertex  1.216645e+05  1.067327e+03  8.831673e+01
      vertex  1.220986e+05  1.004747e+03  8.946006e+01
    endloop
  endfacet
  facet normal  3.019754e-02  2.347452e-01 -9.715878e-01
    outer loop
      vertex  1.221140e+05  8.035279e+02  4.132100e+01
      vertex  1.220986e+05  1.004747e+03  8.946006e+01
      vertex  1.225476e+05  7.502499e+02  4.192535e+01
    endloop
  endfacet
  facet normal  3.455840e-02  2.420750e-01 -9.696419e-01
    outer loop
      vertex  1.225476e+05  7.502499e+02  4.192535e+01
      vertex  1.220986e+05  1.004747e+03  8.946006e+01
      vertex  1.225337e+05  9.472072e+02  9.060339e+01
    endloop
  endfacet
  facet normal  2.768500e-02  2.416715e-01 -9.699630e-01
    outer loop
      vertex  1.225476e+05  7.502499e+02  4.192535e+01
      vertex  1.225337e+05  9.472072e+02  9.060339e+01
      vertex  1.230688e+05  6.934473e+02  4.265059e+01
    endloop
  endfacet
  facet normal  3.241736e-02  2.511663e-01 -9.674009e-01
    outer loop
      vertex  1.230688e+05  6.934473e+02  4.265059e+01
      vertex  1.225337e+05  9.472072e+02  9.060339e+01
      vertex  1.230571e+05  8.849450e+02  9.197539e+01
    endloop
  endfacet
  facet normal  2.482351e-02  2.507838e-01 -9.677247e-01
    outer loop
      vertex  1.230688e+05  6.934473e+02  4.265059e+01
      vertex  1.230571e+05  8.849450e+02  9.197539e+01
      vertex  1.235909e+05  6.445663e+02  4.337581e+01
    endloop
  endfacet
  facet normal  2.977731e-02  2.611994e-01 -9.648255e-01
    outer loop
      vertex  1.235909e+05  6.445663e+02  4.337581e+01
      vertex  1.230571e+05  8.849450e+02  9.197539e+01
      vertex  1.235816e+05  8.302205e+02  9.334738e+01
    endloop
  endfacet
  facet normal  2.171482e-02  2.608742e-01 -9.651286e-01
    outer loop
      vertex  1.235909e+05  6.445663e+02  4.337581e+01
      vertex  1.235816e+05  8.302205e+02  9.334738e+01
      vertex  1.241137e+05  6.037383e+02  4.410104e+01
    endloop
  endfacet
  facet normal  2.690474e-02  2.723484e-01 -9.618225e-01
    outer loop
      vertex  1.241137e+05  6.037383e+02  4.410104e+01
      vertex  1.235816e+05  8.302205e+02  9.334738e+01
      vertex  1.241070e+05  7.831574e+02  9.471938e+01
    endloop
  endfacet
  facet normal  1.832462e-02  2.721070e-01 -9.620925e-01
    outer loop
      vertex  1.241137e+05  6.037383e+02  4.410104e+01
      vertex  1.241070e+05  7.831574e+02  9.471938e+01
      vertex  1.246368e+05  5.710745e+02  4.482627e+01
    endloop
  endfacet
  facet normal  2.376891e-02  2.848112e-01 -9.582889e-01
    outer loop
      vertex  1.246368e+05  5.710745e+02  4.482627e+01
      vertex  1.241070e+05  7.831574e+02  9.471938e+01
      vertex  1.246332e+05  7.438582e+02  9.609138e+01
    endloop
  endfacet
  facet normal  1.576419e-02  2.847059e-01 -9.584854e-01
    outer loop
      vertex  1.246368e+05  5.710745e+02  4.482627e+01
      vertex  1.246332e+05  7.438582e+02  9.609138e+01
      vertex  1.251600e+05  6.535973e+02  7.794424e+01
    endloop
  endfacet
  facet normal  1.991339e-01  8.850339e-01 -4.207857e-01
    outer loop
      vertex  1.236800e+05  2.332342e+03  1.291861e+03
      vertex  1.236800e+05  2.284599e+03  1.191442e+03
      vertex  1.232059e+05  2.438515e+03  1.290823e+03
    endloop
  endfacet
  facet normal  1.970675e-01  8.825873e-01 -4.268536e-01
    outer loop
      vertex  1.232059e+05  2.438515e+03  1.290823e+03
      vertex  1.236800e+05  2.284599e+03  1.191442e+03
      vertex  1.230496e+05  2.433049e+03  1.207365e+03
    endloop
  endfacet
  facet normal  2.024931e-01  8.765615e-01 -4.366195e-01
    outer loop
      vertex  1.232059e+05  2.438515e+03  1.290823e+03
      vertex  1.230496e+05  2.433049e+03  1.207365e+03
      vertex  1.227354e+05  2.546691e+03  1.289784e+03
    endloop
  endfacet
  facet normal  2.024854e-01  8.765539e-01 -4.366383e-01
    outer loop
      vertex  1.227354e+05  2.546691e+03  1.289784e+03
      vertex  1.230496e+05  2.433049e+03  1.207365e+03
      vertex  1.224223e+05  2.577598e+03  1.206620e+03
    endloop
  endfacet
  facet normal  2.057028e-01  8.680146e-01 -4.519258e-01
    outer loop
      vertex  1.227354e+05  2.546691e+03  1.289784e+03
      vertex  1.224223e+05  2.577598e+03  1.206620e+03
      vertex  1.222683e+05  2.656845e+03  1.288746e+03
    endloop
  endfacet
  facet normal  2.202081e-01  8.390725e-01 -4.974594e-01
    outer loop
      vertex  1.199800e+05  3.235303e+03  1.283556e+03
      vertex  1.208863e+05  2.998679e+03  1.285632e+03
      vertex  1.199800e+05  3.187998e+03  1.203766e+03
    endloop
  endfacet
  facet normal  2.206773e-01  8.482531e-01 -4.814231e-01
    outer loop
      vertex  1.199800e+05  3.187998e+03  1.203766e+03
      vertex  1.208863e+05  2.998679e+03  1.285632e+03
      vertex  1.208796e+05  2.954534e+03  1.204756e+03
    endloop
  endfacet
  facet normal  2.123155e-01  8.157940e-01 -5.379613e-01
    outer loop
      vertex  1.199800e+05  3.187998e+03  1.203766e+03
      vertex  1.208796e+05  2.954534e+03  1.204756e+03
      vertex  1.199800e+05  3.140535e+03  1.131791e+03
    endloop
  endfacet
  facet normal  2.135060e-01  8.312251e-01 -5.133031e-01
    outer loop
      vertex  1.199800e+05  3.140535e+03  1.131791e+03
      vertex  1.208796e+05  2.954534e+03  1.204756e+03
      vertex  1.208739e+05  2.922638e+03  1.150729e+03
    endloop
  endfacet
  facet normal  2.047063e-01  7.894449e-01 -5.786815e-01
    outer loop
      vertex  1.199800e+05  3.140535e+03  1.131791e+03
      vertex  1.208739e+05  2.922638e+03  1.150729e+03
      vertex  1.199800e+05  3.134905e+03  1.124110e+03
    endloop
  endfacet
  facet normal  2.090239e-01  8.118239e-01 -5.452072e-01
    outer loop
      vertex  1.199800e+05  3.134905e+03  1.124110e+03
      vertex  1.208739e+05  2.922638e+03  1.150729e+03
      vertex  1.208861e+05  2.901619e+03  1.124110e+03
    endloop
  endfacet
  facet normal  1.918761e-01  8.665068e-01 -4.608140e-01
    outer loop
      vertex  1.236800e+05  2.284599e+03  1.191442e+03
      vertex  1.236800e+05  2.248791e+03  1.124110e+03
      vertex  1.230466e+05  2.403753e+03  1.151763e+03
    endloop
  endfacet
  facet normal  1.838516e-01  8.419862e-01 -5.072059e-01
    outer loop
      vertex  1.230466e+05  2.403753e+03  1.151763e+03
      vertex  1.236800e+05  2.248791e+03  1.124110e+03
      vertex  1.232058e+05  2.352342e+03  1.124110e+03
    endloop
  endfacet
  facet normal  1.974259e-01  8.621602e-01 -4.665862e-01
    outer loop
      vertex  1.230466e+05  2.403753e+03  1.151763e+03
      vertex  1.232058e+05  2.352342e+03  1.124110e+03
      vertex  1.224184e+05  2.547440e+03  1.151468e+03
    endloop
  endfacet
  facet normal  1.836370e-01  8.176085e-01 -5.457050e-01
    outer loop
      vertex  1.224184e+05  2.547440e+03  1.151468e+03
      vertex  1.232058e+05  2.352342e+03  1.124110e+03
      vertex  1.227351e+05  2.458046e+03  1.124110e+03
    endloop
  endfacet
  facet normal  1.945298e-01  8.427848e-01 -5.018685e-01
    outer loop
      vertex  1.224184e+05  2.547440e+03  1.151468e+03
      vertex  1.227351e+05  2.458046e+03  1.124110e+03
      vertex  1.222680e+05  2.565876e+03  1.124110e+03
    endloop
  endfacet
  facet normal  1.967347e-01  8.292403e-01 -5.231213e-01
    outer loop
      vertex  1.224184e+05  2.547440e+03  1.151468e+03
      vertex  1.222680e+05  2.565876e+03  1.124110e+03
      vertex  1.217963e+05  2.694849e+03  1.151172e+03
    endloop
  endfacet
  facet normal  1.961088e-01  8.275582e-01 -5.260122e-01
    outer loop
      vertex  1.217963e+05  2.694849e+03  1.151172e+03
      vertex  1.222680e+05  2.565876e+03  1.124110e+03
      vertex  1.218042e+05  2.675789e+03  1.124110e+03
    endloop
  endfacet
  facet normal  2.021159e-01  8.273227e-01 -5.241053e-01
    outer loop
      vertex  1.217963e+05  2.694849e+03  1.151172e+03
      vertex  1.218042e+05  2.675789e+03  1.124110e+03
      vertex  1.213335e+05  2.807770e+03  1.150951e+03
    endloop
  endfacet
  facet normal  1.991504e-01  8.194574e-01 -5.374279e-01
    outer loop
      vertex  1.213335e+05  2.807770e+03  1.150951e+03
      vertex  1.218042e+05  2.675789e+03  1.124110e+03
      vertex  1.213436e+05  2.787727e+03  1.124110e+03
    endloop
  endfacet
  facet normal  2.050349e-01  8.194501e-01 -5.352216e-01
    outer loop
      vertex  1.213335e+05  2.807770e+03  1.150951e+03
      vertex  1.213436e+05  2.787727e+03  1.124110e+03
      vertex  1.208739e+05  2.922638e+03  1.150729e+03
    endloop
  endfacet
  facet normal  2.020355e-01  8.115703e-01 -5.482110e-01
    outer loop
      vertex  1.208739e+05  2.922638e+03  1.150729e+03
      vertex  1.213436e+05  2.787727e+03  1.124110e+03
      vertex  1.208861e+05  2.901619e+03  1.124110e+03
    endloop
  endfacet
  facet normal  2.114428e-01  8.707979e-01 -4.438503e-01
    outer loop
      vertex  1.222683e+05  2.656845e+03  1.288746e+03
      vertex  1.224223e+05  2.577598e+03  1.206620e+03
      vertex  1.218045e+05  2.768934e+03  1.287708e+03
    endloop
  endfacet
  facet normal  2.060734e-01  8.617945e-01 -4.635126e-01
    outer loop
      vertex  1.218045e+05  2.768934e+03  1.287708e+03
      vertex  1.224223e+05  2.577598e+03  1.206620e+03
      vertex  1.218009e+05  2.725774e+03  1.205874e+03
    endloop
  endfacet
  facet normal  2.138649e-01  8.601719e-01 -4.629968e-01
    outer loop
      vertex  1.218045e+05  2.768934e+03  1.287708e+03
      vertex  1.218009e+05  2.725774e+03  1.205874e+03
      vertex  1.213439e+05  2.882903e+03  1.286670e+03
    endloop
  endfacet
  facet normal  2.105291e-01  8.555774e-01 -4.729324e-01
    outer loop
      vertex  1.213439e+05  2.882903e+03  1.286670e+03
      vertex  1.218009e+05  2.725774e+03  1.205874e+03
      vertex  1.213387e+05  2.839207e+03  1.205315e+03
    endloop
  endfacet
  facet normal  2.171865e-01  8.541124e-01 -4.725695e-01
    outer loop
      vertex  1.213439e+05  2.882903e+03  1.286670e+03
      vertex  1.213387e+05  2.839207e+03  1.205315e+03
      vertex  1.208863e+05  2.998679e+03  1.285632e+03
    endloop
  endfacet
  facet normal  2.140403e-01  8.497904e-01 -4.817083e-01
    outer loop
      vertex  1.208863e+05  2.998679e+03  1.285632e+03
      vertex  1.213387e+05  2.839207e+03  1.205315e+03
      vertex  1.208796e+05  2.954534e+03  1.204756e+03
    endloop
  endfacet
  facet normal  2.082725e-01  8.324478e-01 -5.134717e-01
    outer loop
      vertex  1.208739e+05  2.922638e+03  1.150729e+03
      vertex  1.208796e+05  2.954534e+03  1.204756e+03
      vertex  1.213335e+05  2.807770e+03  1.150951e+03
    endloop
  endfacet
  facet normal  2.109449e-01  8.373573e-01 -5.043163e-01
    outer loop
      vertex  1.213335e+05  2.807770e+03  1.150951e+03
      vertex  1.208796e+05  2.954534e+03  1.204756e+03
      vertex  1.213387e+05  2.839207e+03  1.205315e+03
    endloop
  endfacet
  facet normal  2.048897e-01  8.387293e-01 -5.045328e-01
    outer loop
      vertex  1.213335e+05  2.807770e+03  1.150951e+03
      vertex  1.213387e+05  2.839207e+03  1.205315e+03
      vertex  1.217963e+05  2.694849e+03  1.151172e+03
    endloop
  endfacet
  facet normal  2.076914e-01  8.439066e-01 -4.946572e-01
    outer loop
      vertex  1.217963e+05  2.694849e+03  1.151172e+03
      vertex  1.213387e+05  2.839207e+03  1.205315e+03
      vertex  1.218009e+05  2.725774e+03  1.205874e+03
    endloop
  endfacet
  facet normal  2.005658e-01  8.454654e-01 -4.949360e-01
    outer loop
      vertex  1.217963e+05  2.694849e+03  1.151172e+03
      vertex  1.218009e+05  2.725774e+03  1.205874e+03
      vertex  1.224184e+05  2.547440e+03  1.151468e+03
    endloop
  endfacet
  facet normal  2.039672e-01  8.528765e-01 -4.806237e-01
    outer loop
      vertex  1.224184e+05  2.547440e+03  1.151468e+03
      vertex  1.218009e+05  2.725774e+03  1.205874e+03
      vertex  1.224223e+05  2.577598e+03  1.206620e+03
    endloop
  endfacet
  facet normal  1.957042e-01  8.546036e-01 -4.809912e-01
    outer loop
      vertex  1.224184e+05  2.547440e+03  1.151468e+03
      vertex  1.224223e+05  2.577598e+03  1.206620e+03
      vertex  1.230466e+05  2.403753e+03  1.151763e+03
    endloop
  endfacet
  facet normal  1.992688e-01  8.624455e-01 -4.652736e-01
    outer loop
      vertex  1.230466e+05  2.403753e+03  1.151763e+03
      vertex  1.224223e+05  2.577598e+03  1.206620e+03
      vertex  1.230496e+05  2.433049e+03  1.207365e+03
    endloop
  endfacet
  facet normal  1.916991e-01  8.639539e-01 -4.656557e-01
    outer loop
      vertex  1.230466e+05  2.403753e+03  1.151763e+03
      vertex  1.230496e+05  2.433049e+03  1.207365e+03
      vertex  1.236800e+05  2.284599e+03  1.191442e+03
    endloop
  endfacet
  facet normal  3.558188e-01  8.247383e-01 -4.395450e-01
    outer loop
      vertex  1.227709e+05  3.568867e+03  6.313000e+03
      vertex  1.228092e+05  3.530677e+03  6.272395e+03
      vertex  1.219303e+05  3.891430e+03  6.237797e+03
    endloop
  endfacet
  facet normal  3.709014e-01  8.468657e-01 -3.811176e-01
    outer loop
      vertex  1.236800e+05  3.092533e+03  6.163715e+03
      vertex  1.236800e+05  3.024447e+03  6.012424e+03
      vertex  1.227988e+05  3.461549e+03  6.126116e+03
    endloop
  endfacet
  facet normal  3.669870e-01  8.424467e-01 -3.944668e-01
    outer loop
      vertex  1.227988e+05  3.461549e+03  6.126116e+03
      vertex  1.236800e+05  3.024447e+03  6.012424e+03
      vertex  1.227884e+05  3.396869e+03  5.978279e+03
    endloop
  endfacet
  facet normal  3.607785e-01  8.448396e-01 -3.950758e-01
    outer loop
      vertex  1.227988e+05  3.461549e+03  6.126116e+03
      vertex  1.227884e+05  3.396869e+03  5.978279e+03
      vertex  1.219165e+05  3.822211e+03  6.091692e+03
    endloop
  endfacet
  facet normal  3.579401e-01  8.415511e-01 -4.045622e-01
    outer loop
      vertex  1.219165e+05  3.822211e+03  6.091692e+03
      vertex  1.227884e+05  3.396869e+03  5.978279e+03
      vertex  1.219028e+05  3.757133e+03  5.944133e+03
    endloop
  endfacet
  facet normal  3.509204e-01  8.442465e-01 -4.050958e-01
    outer loop
      vertex  1.219165e+05  3.822211e+03  6.091692e+03
      vertex  1.219028e+05  3.757133e+03  5.944133e+03
      vertex  1.210400e+05  4.170053e+03  6.057268e+03
    endloop
  endfacet
  facet normal  3.492802e-01  8.423051e-01 -4.105187e-01
    outer loop
      vertex  1.210400e+05  4.170053e+03  6.057268e+03
      vertex  1.219028e+05  3.757133e+03  5.944133e+03
      vertex  1.210231e+05  4.105257e+03  5.909988e+03
    endloop
  endfacet
  facet normal  3.428750e-01  8.447630e-01 -4.108675e-01
    outer loop
      vertex  1.210400e+05  4.170053e+03  6.057268e+03
      vertex  1.210231e+05  4.105257e+03  5.909988e+03
      vertex  1.201790e+05  4.538304e+03  6.095886e+03
    endloop
  endfacet
  facet normal  3.402756e-01  8.425505e-01 -4.175177e-01
    outer loop
      vertex  1.201790e+05  4.538304e+03  6.095886e+03
      vertex  1.210231e+05  4.105257e+03  5.909988e+03
      vertex  1.201494e+05  4.441188e+03  5.875843e+03
    endloop
  endfacet
  facet normal  3.713476e-01  8.341524e-01 -4.077875e-01
    outer loop
      vertex  1.236800e+05  3.165513e+03  6.313000e+03
      vertex  1.236800e+05  3.092533e+03  6.163715e+03
      vertex  1.232507e+05  3.345223e+03  6.289694e+03
    endloop
  endfacet
  facet normal  3.657629e-01  8.306538e-01 -4.197999e-01
    outer loop
      vertex  1.232507e+05  3.345223e+03  6.289694e+03
      vertex  1.236800e+05  3.092533e+03  6.163715e+03
      vertex  1.227988e+05  3.461549e+03  6.126116e+03
    endloop
  endfacet
  facet normal  3.655707e-01  8.312035e-01 -4.188780e-01
    outer loop
      vertex  1.232507e+05  3.345223e+03  6.289694e+03
      vertex  1.227988e+05  3.461549e+03  6.126116e+03
      vertex  1.228092e+05  3.530677e+03  6.272395e+03
    endloop
  endfacet
  facet normal  3.374388e-01  8.287715e-01 -4.464001e-01
    outer loop
      vertex  1.201790e+05  4.538304e+03  6.095886e+03
      vertex  1.202085e+05  4.643228e+03  6.313000e+03
      vertex  1.210568e+05  4.238681e+03  6.203199e+03
    endloop
  endfacet
  facet normal  3.360493e-01  8.270189e-01 -4.506778e-01
    outer loop
      vertex  1.210568e+05  4.238681e+03  6.203199e+03
      vertex  1.202085e+05  4.643228e+03  6.313000e+03
      vertex  1.210614e+05  4.296653e+03  6.313000e+03
    endloop
  endfacet
  facet normal  3.453232e-01  8.238829e-01 -4.494095e-01
    outer loop
      vertex  1.210568e+05  4.238681e+03  6.203199e+03
      vertex  1.210614e+05  4.296653e+03  6.313000e+03
      vertex  1.219303e+05  3.891430e+03  6.237797e+03
    endloop
  endfacet
  facet normal  3.462624e-01  8.252836e-01 -4.461047e-01
    outer loop
      vertex  1.219303e+05  3.891430e+03  6.237797e+03
      vertex  1.210614e+05  4.296653e+03  6.313000e+03
      vertex  1.219155e+05  3.938290e+03  6.313000e+03
    endloop
  endfacet
  facet normal  3.554832e-01  8.230778e-01 -4.429160e-01
    outer loop
      vertex  1.219303e+05  3.891430e+03  6.237797e+03
      vertex  1.219155e+05  3.938290e+03  6.313000e+03
      vertex  1.227709e+05  3.568867e+03  6.313000e+03
    endloop
  endfacet
  facet normal  3.635283e-01  8.250644e-01 -4.325687e-01
    outer loop
      vertex  1.228092e+05  3.530677e+03  6.272395e+03
      vertex  1.227709e+05  3.568867e+03  6.313000e+03
      vertex  1.232507e+05  3.345223e+03  6.289694e+03
    endloop
  endfacet
  facet normal  3.640475e-01  8.259551e-01 -4.304271e-01
    outer loop
      vertex  1.232507e+05  3.345223e+03  6.289694e+03
      vertex  1.227709e+05  3.568867e+03  6.313000e+03
      vertex  1.232252e+05  3.368601e+03  6.313000e+03
    endloop
  endfacet
  facet normal  3.690394e-01  8.263583e-01 -4.253729e-01
    outer loop
      vertex  1.232507e+05  3.345223e+03  6.289694e+03
      vertex  1.232252e+05  3.368601e+03  6.313000e+03
      vertex  1.236800e+05  3.165513e+03  6.313000e+03
    endloop
  endfacet
  facet normal  3.587526e-01  8.337972e-01 -4.196176e-01
    outer loop
      vertex  1.228092e+05  3.530677e+03  6.272395e+03
      vertex  1.227988e+05  3.461549e+03  6.126116e+03
      vertex  1.219303e+05  3.891430e+03  6.237797e+03
    endloop
  endfacet
  facet normal  3.563499e-01  8.309327e-01 -4.272768e-01
    outer loop
      vertex  1.219303e+05  3.891430e+03  6.237797e+03
      vertex  1.227988e+05  3.461549e+03  6.126116e+03
      vertex  1.219165e+05  3.822211e+03  6.091692e+03
    endloop
  endfacet
  facet normal  3.484652e-01  8.339247e-01 -4.279506e-01
    outer loop
      vertex  1.219303e+05  3.891430e+03  6.237797e+03
      vertex  1.219165e+05  3.822211e+03  6.091692e+03
      vertex  1.210568e+05  4.238681e+03  6.203199e+03
    endloop
  endfacet
  facet normal  3.473072e-01  8.325163e-01 -4.316182e-01
    outer loop
      vertex  1.210568e+05  4.238681e+03  6.203199e+03
      vertex  1.219165e+05  3.822211e+03  6.091692e+03
      vertex  1.210400e+05  4.170053e+03  6.057268e+03
    endloop
  endfacet
  facet normal  3.381612e-01  8.359777e-01 -4.321899e-01
    outer loop
      vertex  1.210568e+05  4.238681e+03  6.203199e+03
      vertex  1.210400e+05  4.170053e+03  6.057268e+03
      vertex  1.201790e+05  4.538304e+03  6.095886e+03
    endloop
  endfacet
  facet normal  3.565779e-01  8.608340e-01 -3.630661e-01
    outer loop
      vertex  1.221675e+05  3.599749e+03  5.840914e+03
      vertex  1.221578e+05  3.555418e+03  5.726306e+03
      vertex  1.215986e+05  3.778187e+03  5.705269e+03
    endloop
  endfacet
  facet normal  3.582027e-01  8.523468e-01 -3.810454e-01
    outer loop
      vertex  1.219028e+05  3.757133e+03  5.944133e+03
      vertex  1.221675e+05  3.599749e+03  5.840914e+03
      vertex  1.215986e+05  3.778187e+03  5.705269e+03
    endloop
  endfacet
  facet normal  2.125456e-01  9.169416e-01 -3.377018e-01
    outer loop
      vertex  1.236800e+05  2.411318e+03  1.491107e+03
      vertex  1.236800e+05  2.379118e+03  1.403675e+03
      vertex  1.230527e+05  2.534006e+03  1.429443e+03
    endloop
  endfacet
  facet normal  2.125467e-01  9.169250e-01 -3.377462e-01
    outer loop
      vertex  1.230527e+05  2.534006e+03  1.429443e+03
      vertex  1.230602e+05  2.583242e+03  1.567784e+03
      vertex  1.236800e+05  2.411318e+03  1.491107e+03
    endloop
  endfacet
  facet normal  2.551677e-01  9.634136e-01 -8.199868e-02
    outer loop
      vertex  1.236800e+05  2.566333e+03  2.291766e+03
      vertex  1.236800e+05  2.558560e+03  2.200440e+03
      vertex  1.230948e+05  2.714376e+03  2.210105e+03
    endloop
  endfacet
  facet normal  2.702716e-01  9.624943e-01 -2.362069e-02
    outer loop
      vertex  1.236800e+05  2.582082e+03  2.663449e+03
      vertex  1.236800e+05  2.578641e+03  2.523219e+03
      vertex  1.231125e+05  2.738391e+03  2.539737e+03
    endloop
  endfacet
  facet normal  2.791899e-01  9.601949e-01 -8.874603e-03
    outer loop
      vertex  1.236800e+05  2.582082e+03  2.663449e+03
      vertex  1.231231e+05  2.744686e+03  2.737307e+03
      vertex  1.236800e+05  2.583380e+03  2.803871e+03
    endloop
  endfacet
  facet normal  2.965843e-01  9.549735e-01  7.966415e-03
    outer loop
      vertex  1.236800e+05  2.583233e+03  2.937184e+03
      vertex  1.231443e+05  2.747961e+03  3.134816e+03
      vertex  1.236800e+05  2.581004e+03  3.204328e+03
    endloop
  endfacet
  facet normal  3.128718e-01  9.497829e-01 -4.859275e-03
    outer loop
      vertex  1.236800e+05  2.579354e+03  3.432857e+03
      vertex  1.231655e+05  2.749378e+03  3.535419e+03
      vertex  1.236800e+05  2.580818e+03  3.719079e+03
    endloop
  endfacet
  facet normal  3.386333e-01  9.373501e-01 -8.186723e-02
    outer loop
      vertex  1.236800e+05  2.597137e+03  4.151737e+03
      vertex  1.231950e+05  2.767715e+03  4.098746e+03
      vertex  1.232014e+05  2.776029e+03  4.220278e+03
    endloop
  endfacet
  facet normal  2.008176e-01  8.721995e-01 -4.460272e-01
    outer loop
      vertex  1.199800e+05  3.281758e+03  1.367849e+03
      vertex  1.199800e+05  3.325217e+03  1.452832e+03
      vertex  1.199898e+05  3.304910e+03  1.417520e+03
    endloop
  endfacet
  facet normal  3.049620e-01  9.417294e-01 -1.419297e-01
    outer loop
      vertex  1.201655e+05  3.663542e+03  2.862219e+03
      vertex  1.199800e+05  3.736723e+03  2.949123e+03
      vertex  1.201917e+05  3.687951e+03  3.080311e+03
    endloop
  endfacet
  facet normal  3.068085e-01  9.406112e-01 -1.453245e-01
    outer loop
      vertex  1.199800e+05  3.736723e+03  2.949123e+03
      vertex  1.199800e+05  3.785194e+03  3.262846e+03
      vertex  1.201917e+05  3.687951e+03  3.080311e+03
    endloop
  endfacet
  facet normal  3.223640e-01  9.341976e-01 -1.528277e-01
    outer loop
      vertex  1.202504e+05  3.740829e+03  3.574415e+03
      vertex  1.199800e+05  3.826638e+03  3.528514e+03
      vertex  1.199800e+05  3.848382e+03  3.661431e+03
    endloop
  endfacet
  facet normal  3.378630e-01  9.184131e-01 -2.058298e-01
    outer loop
      vertex  1.203315e+05  3.834036e+03  4.260803e+03
      vertex  1.199800e+05  3.991422e+03  4.386022e+03
      vertex  1.203595e+05  3.876797e+03  4.497524e+03
    endloop
  endfacet
  facet normal  3.416598e-01  9.125462e-01 -2.247841e-01
    outer loop
      vertex  1.199800e+05  4.034312e+03  4.560137e+03
      vertex  1.203595e+05  3.876797e+03  4.497524e+03
      vertex  1.199800e+05  3.991422e+03  4.386022e+03
    endloop
  endfacet
  facet normal  3.429448e-01  8.929757e-01 -2.915188e-01
    outer loop
      vertex  1.204155e+05  3.983944e+03  4.968674e+03
      vertex  1.200435e+05  4.156629e+03  5.060080e+03
      vertex  1.204435e+05  4.049463e+03  5.202292e+03
    endloop
  endfacet
  facet normal  3.462726e-01  8.870525e-01 -3.053408e-01
    outer loop
      vertex  1.200435e+05  4.156629e+03  5.060080e+03
      vertex  1.200647e+05  4.205246e+03  5.225338e+03
      vertex  1.204435e+05  4.049463e+03  5.202292e+03
    endloop
  endfacet
  facet normal  3.431508e-01  8.820525e-01 -3.228478e-01
    outer loop
      vertex  1.204714e+05  4.123413e+03  5.434075e+03
      vertex  1.204435e+05  4.049463e+03  5.202292e+03
      vertex  1.200647e+05  4.205246e+03  5.225338e+03
    endloop
  endfacet
  facet normal  3.462166e-01  8.780528e-01 -3.303898e-01
    outer loop
      vertex  1.200647e+05  4.205246e+03  5.225338e+03
      vertex  1.200929e+05  4.276473e+03  5.444220e+03
      vertex  1.204714e+05  4.123413e+03  5.434075e+03
    endloop
  endfacet
  facet normal  3.481158e-01  9.103312e-01 -2.238583e-01
    outer loop
      vertex  1.211298e+05  3.620232e+03  4.639043e+03
      vertex  1.207760e+05  3.781800e+03  4.745995e+03
      vertex  1.211419e+05  3.644749e+03  4.757610e+03
    endloop
  endfacet
  facet normal  3.489180e-01  9.100197e-01 -2.238760e-01
    outer loop
      vertex  1.211298e+05  3.620232e+03  4.639043e+03
      vertex  1.211419e+05  3.644749e+03  4.757610e+03
      vertex  1.215034e+05  3.494366e+03  4.709823e+03
    endloop
  endfacet
  facet normal  3.482120e-01  9.094275e-01 -2.273540e-01
    outer loop
      vertex  1.215202e+05  3.532433e+03  4.887807e+03
      vertex  1.215034e+05  3.494366e+03  4.709823e+03
      vertex  1.211419e+05  3.644749e+03  4.757610e+03
    endloop
  endfacet
  facet normal  3.530255e-01  9.022828e-01 -2.475051e-01
    outer loop
      vertex  1.211419e+05  3.644749e+03  4.757610e+03
      vertex  1.211661e+05  3.700060e+03  4.993857e+03
      vertex  1.215202e+05  3.532433e+03  4.887807e+03
    endloop
  endfacet
  facet normal  3.512953e-01  9.016396e-01 -2.522654e-01
    outer loop
      vertex  1.215202e+05  3.532433e+03  4.887807e+03
      vertex  1.211661e+05  3.700060e+03  4.993857e+03
      vertex  1.215370e+05  3.575477e+03  5.065022e+03
    endloop
  endfacet
  facet normal  3.535690e-01  8.924610e-01 -2.801825e-01
    outer loop
      vertex  1.215370e+05  3.575477e+03  5.065022e+03
      vertex  1.211661e+05  3.700060e+03  4.993857e+03
      vertex  1.211904e+05  3.764128e+03  5.228565e+03
    endloop
  endfacet
  facet normal  3.588749e-01  8.686266e-01 -3.416091e-01
    outer loop
      vertex  1.221449e+05  3.500198e+03  5.572354e+03
      vertex  1.215986e+05  3.778187e+03  5.705269e+03
      vertex  1.221578e+05  3.555418e+03  5.726306e+03
    endloop
  endfacet
  facet normal  3.163287e-01  9.473470e-01 -4.969549e-02
    outer loop
      vertex  1.225600e+05  2.943165e+03  3.383735e+03
      vertex  1.219759e+05  3.143792e+03  3.490090e+03
      vertex  1.225688e+05  2.947080e+03  3.514114e+03
    endloop
  endfacet
  facet normal  3.575522e-01  9.026511e-01 -2.395361e-01
    outer loop
      vertex  1.226666e+05  3.104857e+03  4.975806e+03
      vertex  1.220901e+05  3.314757e+03  4.906257e+03
      vertex  1.221046e+05  3.356217e+03  5.084122e+03
    endloop
  endfacet
  facet normal  3.587095e-01  9.033463e-01 -2.351449e-01
    outer loop
      vertex  1.226666e+05  3.104857e+03  4.975806e+03
      vertex  1.221046e+05  3.356217e+03  5.084122e+03
      vertex  1.226804e+05  3.152380e+03  5.179419e+03
    endloop
  endfacet
  facet normal  3.605408e-01  8.938631e-01 -2.664939e-01
    outer loop
      vertex  1.226804e+05  3.152380e+03  5.179419e+03
      vertex  1.221046e+05  3.356217e+03  5.084122e+03
      vertex  1.221191e+05  3.403101e+03  5.260987e+03
    endloop
  endfacet
  facet normal  3.602087e-01  8.935769e-01 -2.678991e-01
    outer loop
      vertex  1.226804e+05  3.152380e+03  5.179419e+03
      vertex  1.221191e+05  3.403101e+03  5.260987e+03
      vertex  1.226942e+05  3.207417e+03  5.381556e+03
    endloop
  endfacet
  facet normal  3.572272e-01  9.199829e-01 -1.613079e-01
    outer loop
      vertex  1.226528e+05  3.064605e+03  4.771015e+03
      vertex  1.232312e+05  2.842886e+03  4.787291e+03
      vertex  1.232258e+05  2.827036e+03  4.684937e+03
    endloop
  endfacet
  facet normal  3.601593e-01  9.214296e-01 -1.457836e-01
    outer loop
      vertex  1.226528e+05  3.064605e+03  4.771015e+03
      vertex  1.232258e+05  2.827036e+03  4.684937e+03
      vertex  1.232204e+05  2.812919e+03  4.582396e+03
    endloop
  endfacet
  facet normal  3.507577e-01  9.204033e-01 -1.727042e-01
    outer loop
      vertex  1.226528e+05  3.064605e+03  4.771015e+03
      vertex  1.232204e+05  2.812919e+03  4.582396e+03
      vertex  1.226390e+05  3.031271e+03  4.565349e+03
    endloop
  endfacet
  facet normal  3.493962e-01  9.209223e-01 -1.726970e-01
    outer loop
      vertex  1.226528e+05  3.064605e+03  4.771015e+03
      vertex  1.226390e+05  3.031271e+03  4.565349e+03
      vertex  1.220612e+05  3.247323e+03  4.548303e+03
    endloop
  endfacet
  facet normal  3.537555e-01  9.162218e-01 -1.881348e-01
    outer loop
      vertex  1.226528e+05  3.064605e+03  4.771015e+03
      vertex  1.220612e+05  3.247323e+03  4.548303e+03
      vertex  1.220756e+05  3.278541e+03  4.727585e+03
    endloop
  endfacet
  facet normal  3.536192e-01  9.107471e-01 -2.132913e-01
    outer loop
      vertex  1.226528e+05  3.064605e+03  4.771015e+03
      vertex  1.220756e+05  3.278541e+03  4.727585e+03
      vertex  1.220901e+05  3.314757e+03  4.906257e+03
    endloop
  endfacet
  facet normal  3.565434e-01  9.119006e-01 -2.032585e-01
    outer loop
      vertex  1.226528e+05  3.064605e+03  4.771015e+03
      vertex  1.220901e+05  3.314757e+03  4.906257e+03
      vertex  1.226666e+05  3.104857e+03  4.975806e+03
    endloop
  endfacet
  facet normal  3.611582e-01  9.100928e-01 -2.032140e-01
    outer loop
      vertex  1.226528e+05  3.064605e+03  4.771015e+03
      vertex  1.226666e+05  3.104857e+03  4.975806e+03
      vertex  1.232421e+05  2.880634e+03  4.994445e+03
    endloop
  endfacet
  facet normal  3.585998e-01  9.131148e-01 -1.939780e-01
    outer loop
      vertex  1.226528e+05  3.064605e+03  4.771015e+03
      vertex  1.232421e+05  2.880634e+03  4.994445e+03
      vertex  1.232367e+05  2.860813e+03  4.891004e+03
    endloop
  endfacet
  facet normal  3.566323e-01  9.172513e-01 -1.773787e-01
    outer loop
      vertex  1.226528e+05  3.064605e+03  4.771015e+03
      vertex  1.232367e+05  2.860813e+03  4.891004e+03
      vertex  1.232312e+05  2.842886e+03  4.787291e+03
    endloop
  endfacet
  facet normal  2.323602e-01  8.518345e-01 -4.694536e-01
    outer loop
      vertex  1.199800e+05  3.235303e+03  1.283556e+03
      vertex  1.199800e+05  3.281758e+03  1.367849e+03
      vertex  1.204051e+05  3.194089e+03  1.419168e+03
    endloop
  endfacet
  facet normal  2.321494e-01  8.633376e-01 -4.480566e-01
    outer loop
      vertex  1.204051e+05  3.194089e+03  1.419168e+03
      vertex  1.199800e+05  3.281758e+03  1.367849e+03
      vertex  1.199898e+05  3.304910e+03  1.417520e+03
    endloop
  endfacet
  facet normal  2.366899e-01  8.809218e-01 -4.098227e-01
    outer loop
      vertex  1.204051e+05  3.194089e+03  1.419168e+03
      vertex  1.199898e+05  3.304910e+03  1.417520e+03
      vertex  1.204203e+05  3.252510e+03  1.553562e+03
    endloop
  endfacet
  facet normal  2.389513e-01  8.760484e-01 -4.188572e-01
    outer loop
      vertex  1.204203e+05  3.252510e+03  1.553562e+03
      vertex  1.199898e+05  3.304910e+03  1.417520e+03
      vertex  1.200061e+05  3.364400e+03  1.551281e+03
    endloop
  endfacet
  facet normal  2.444532e-01  8.974701e-01 -3.671375e-01
    outer loop
      vertex  1.204203e+05  3.252510e+03  1.553562e+03
      vertex  1.200061e+05  3.364400e+03  1.551281e+03
      vertex  1.204356e+05  3.303272e+03  1.687820e+03
    endloop
  endfacet
  facet normal  2.469949e-01  8.925266e-01 -3.773456e-01
    outer loop
      vertex  1.204356e+05  3.303272e+03  1.687820e+03
      vertex  1.200061e+05  3.364400e+03  1.551281e+03
      vertex  1.200225e+05  3.416384e+03  1.684956e+03
    endloop
  endfacet
  facet normal  2.516941e-01  9.109696e-01 -3.267792e-01
    outer loop
      vertex  1.204356e+05  3.303272e+03  1.687820e+03
      vertex  1.200225e+05  3.416384e+03  1.684956e+03
      vertex  1.204509e+05  3.347210e+03  1.822065e+03
    endloop
  endfacet
  facet normal  2.545143e-01  9.060518e-01 -3.380718e-01
    outer loop
      vertex  1.204509e+05  3.347210e+03  1.822065e+03
      vertex  1.200225e+05  3.416384e+03  1.684956e+03
      vertex  1.200389e+05  3.461674e+03  1.818657e+03
    endloop
  endfacet
  facet normal  2.580060e-01  9.198917e-01 -2.953510e-01
    outer loop
      vertex  1.204509e+05  3.347210e+03  1.822065e+03
      vertex  1.200389e+05  3.461674e+03  1.818657e+03
      vertex  1.204611e+05  3.373104e+03  1.911607e+03
    endloop
  endfacet
  facet normal  2.597289e-01  9.154435e-01 -3.074152e-01
    outer loop
      vertex  1.204611e+05  3.373104e+03  1.911607e+03
      vertex  1.200389e+05  3.461674e+03  1.818657e+03
      vertex  1.200498e+05  3.488531e+03  1.907856e+03
    endloop
  endfacet
  facet normal  2.623281e-01  9.258558e-01 -2.719833e-01
    outer loop
      vertex  1.204611e+05  3.373104e+03  1.911607e+03
      vertex  1.200498e+05  3.488531e+03  1.907856e+03
      vertex  1.204712e+05  3.396544e+03  2.001218e+03
    endloop
  endfacet
  facet normal  2.641804e-01  9.215222e-01 -2.846149e-01
    outer loop
      vertex  1.204712e+05  3.396544e+03  2.001218e+03
      vertex  1.200498e+05  3.488531e+03  1.907856e+03
      vertex  1.200607e+05  3.512977e+03  1.997137e+03
    endloop
  endfacet
  facet normal  2.670687e-01  9.332631e-01 -2.401964e-01
    outer loop
      vertex  1.204712e+05  3.396544e+03  2.001218e+03
      vertex  1.200607e+05  3.512977e+03  1.997137e+03
      vertex  1.204916e+05  3.436924e+03  2.180739e+03
    endloop
  endfacet
  facet normal  2.719353e-01  9.282758e-01 -2.536835e-01
    outer loop
      vertex  1.204916e+05  3.436924e+03  2.180739e+03
      vertex  1.200607e+05  3.512977e+03  1.997137e+03
      vertex  1.200825e+05  3.555471e+03  2.176031e+03
    endloop
  endfacet
  facet normal  2.743191e-01  9.381949e-01 -2.110433e-01
    outer loop
      vertex  1.204916e+05  3.436924e+03  2.180739e+03
      vertex  1.200825e+05  3.555471e+03  2.176031e+03
      vertex  1.205029e+05  3.456096e+03  2.280673e+03
    endloop
  endfacet
  facet normal  2.767777e-01  9.343166e-01 -2.246033e-01
    outer loop
      vertex  1.205029e+05  3.456096e+03  2.280673e+03
      vertex  1.200825e+05  3.555471e+03  2.176031e+03
      vertex  1.200951e+05  3.576608e+03  2.279468e+03
    endloop
  endfacet
  facet normal  2.786067e-01  9.408218e-01 -1.929580e-01
    outer loop
      vertex  1.205029e+05  3.456096e+03  2.280673e+03
      vertex  1.200951e+05  3.576608e+03  2.279468e+03
      vertex  1.205142e+05  3.473282e+03  2.380791e+03
    endloop
  endfacet
  facet normal  2.809519e-01  9.372970e-01 -2.062530e-01
    outer loop
      vertex  1.205142e+05  3.473282e+03  2.380791e+03
      vertex  1.200951e+05  3.576608e+03  2.279468e+03
      vertex  1.201077e+05  3.595641e+03  2.383113e+03
    endloop
  endfacet
  facet normal  2.831352e-01  9.438651e-01 -1.701562e-01
    outer loop
      vertex  1.205142e+05  3.473282e+03  2.380791e+03
      vertex  1.201077e+05  3.595641e+03  2.383113e+03
      vertex  1.205368e+05  3.502706e+03  2.581641e+03
    endloop
  endfacet
  facet normal  3.446192e-01  8.574441e-01 -3.821348e-01
    outer loop
      vertex  1.201494e+05  4.441188e+03  5.875843e+03
      vertex  1.210231e+05  4.105257e+03  5.909988e+03
      vertex  1.204994e+05  4.205946e+03  5.663642e+03
    endloop
  endfacet
  facet normal  3.447002e-01  8.573105e-01 -3.823615e-01
    outer loop
      vertex  1.204994e+05  4.205946e+03  5.663642e+03
      vertex  1.210231e+05  4.105257e+03  5.909988e+03
      vertex  1.208804e+05  4.059211e+03  5.678113e+03
    endloop
  endfacet
  facet normal  3.477567e-01  8.679981e-01 -3.544637e-01
    outer loop
      vertex  1.204994e+05  4.205946e+03  5.663642e+03
      vertex  1.208804e+05  4.059211e+03  5.678113e+03
      vertex  1.204714e+05  4.123413e+03  5.434075e+03
    endloop
  endfacet
  facet normal  3.462398e-01  8.698325e-01 -3.514389e-01
    outer loop
      vertex  1.204714e+05  4.123413e+03  5.434075e+03
      vertex  1.208804e+05  4.059211e+03  5.678113e+03
      vertex  1.208543e+05  3.976683e+03  5.448126e+03
    endloop
  endfacet
  facet normal  3.489960e-01  8.797650e-01 -3.228237e-01
    outer loop
      vertex  1.204714e+05  4.123413e+03  5.434075e+03
      vertex  1.208543e+05  3.976683e+03  5.448126e+03
      vertex  1.204435e+05  4.049463e+03  5.202292e+03
    endloop
  endfacet
  facet normal  3.468716e-01  8.821541e-01 -3.185658e-01
    outer loop
      vertex  1.204435e+05  4.049463e+03  5.202292e+03
      vertex  1.208543e+05  3.976683e+03  5.448126e+03
      vertex  1.208282e+05  3.903065e+03  5.215847e+03
    endloop
  endfacet
  facet normal  3.491191e-01  8.905597e-01 -2.915808e-01
    outer loop
      vertex  1.204435e+05  4.049463e+03  5.202292e+03
      vertex  1.208282e+05  3.903065e+03  5.215847e+03
      vertex  1.204155e+05  3.983944e+03  4.968674e+03
    endloop
  endfacet
  facet normal  3.463602e-01  8.934309e-01 -2.860342e-01
    outer loop
      vertex  1.204155e+05  3.983944e+03  4.968674e+03
      vertex  1.208282e+05  3.903065e+03  5.215847e+03
      vertex  1.208021e+05  3.838207e+03  4.981667e+03
    endloop
  endfacet
  facet normal  3.481193e-01  9.003055e-01 -2.612715e-01
    outer loop
      vertex  1.204155e+05  3.983944e+03  4.968674e+03
      vertex  1.208021e+05  3.838207e+03  4.981667e+03
      vertex  1.203875e+05  3.926547e+03  4.733616e+03
    endloop
  endfacet
  facet normal  3.447288e-01  9.035593e-01 -2.544452e-01
    outer loop
      vertex  1.203875e+05  3.926547e+03  4.733616e+03
      vertex  1.208021e+05  3.838207e+03  4.981667e+03
      vertex  1.207760e+05  3.781800e+03  4.745995e+03
    endloop
  endfacet
  facet normal  3.460375e-01  9.089454e-01 -2.325432e-01
    outer loop
      vertex  1.203875e+05  3.926547e+03  4.733616e+03
      vertex  1.207760e+05  3.781800e+03  4.745995e+03
      vertex  1.203595e+05  3.876797e+03  4.497524e+03
    endloop
  endfacet
  facet normal  3.419954e-01  9.125144e-01 -2.244030e-01
    outer loop
      vertex  1.203595e+05  3.876797e+03  4.497524e+03
      vertex  1.207760e+05  3.781800e+03  4.745995e+03
      vertex  1.207499e+05  3.733360e+03  4.509251e+03
    endloop
  endfacet
  facet normal  3.429045e-01  9.164870e-01 -2.060777e-01
    outer loop
      vertex  1.203595e+05  3.876797e+03  4.497524e+03
      vertex  1.207499e+05  3.733360e+03  4.509251e+03
      vertex  1.203315e+05  3.834036e+03  4.260803e+03
    endloop
  endfacet
  facet normal  3.382261e-01  9.202870e-01 -1.966594e-01
    outer loop
      vertex  1.203315e+05  3.834036e+03  4.260803e+03
      vertex  1.207499e+05  3.733360e+03  4.509251e+03
      vertex  1.207238e+05  3.692219e+03  4.271850e+03
    endloop
  endfacet
  facet normal  3.387986e-01  9.229628e-01 -1.826339e-01
    outer loop
      vertex  1.203315e+05  3.834036e+03  4.260803e+03
      vertex  1.207238e+05  3.692219e+03  4.271850e+03
      vertex  1.203036e+05  3.797416e+03  4.023842e+03
    endloop
  endfacet
  facet normal  3.335016e-01  9.269313e-01 -1.719745e-01
    outer loop
      vertex  1.203036e+05  3.797416e+03  4.023842e+03
      vertex  1.207238e+05  3.692219e+03  4.271850e+03
      vertex  1.206978e+05  3.657511e+03  4.034191e+03
    endloop
  endfacet
  facet normal  3.337014e-01  9.279280e-01 -1.661113e-01
    outer loop
      vertex  1.203036e+05  3.797416e+03  4.023842e+03
      vertex  1.206978e+05  3.657511e+03  4.034191e+03
      vertex  1.202859e+05  3.776938e+03  3.873870e+03
    endloop
  endfacet
  facet normal  3.293772e-01  9.318731e-01 -1.520628e-01
    outer loop
      vertex  1.202859e+05  3.776938e+03  3.873870e+03
      vertex  1.206978e+05  3.657511e+03  4.034191e+03
      vertex  1.206738e+05  3.630443e+03  3.816528e+03
    endloop
  endfacet
  facet normal  3.295084e-01  9.319424e-01 -1.513524e-01
    outer loop
      vertex  1.202859e+05  3.776938e+03  3.873870e+03
      vertex  1.206738e+05  3.630443e+03  3.816528e+03
      vertex  1.202504e+05  3.740829e+03  3.574415e+03
    endloop
  endfacet
  facet normal  3.225295e-01  9.365883e-01 -1.370293e-01
    outer loop
      vertex  1.202504e+05  3.740829e+03  3.574415e+03
      vertex  1.206738e+05  3.630443e+03  3.816528e+03
      vertex  1.206499e+05  3.606882e+03  3.599224e+03
    endloop
  endfacet
  facet normal  3.225591e-01  9.361908e-01 -1.396518e-01
    outer loop
      vertex  1.202504e+05  3.740829e+03  3.574415e+03
      vertex  1.206499e+05  3.606882e+03  3.599224e+03
      vertex  1.202210e+05  3.714021e+03  3.326835e+03
    endloop
  endfacet
  facet normal  3.151848e-01  9.405870e-01 -1.263115e-01
    outer loop
      vertex  1.202210e+05  3.714021e+03  3.326835e+03
      vertex  1.206499e+05  3.606882e+03  3.599224e+03
      vertex  1.206217e+05  3.581947e+03  3.342973e+03
    endloop
  endfacet
  facet normal  3.151289e-01  9.391270e-01 -1.368732e-01
    outer loop
      vertex  1.202210e+05  3.714021e+03  3.326835e+03
      vertex  1.206217e+05  3.581947e+03  3.342973e+03
      vertex  1.201917e+05  3.687951e+03  3.080311e+03
    endloop
  endfacet
  facet normal  3.074162e-01  9.436684e-01 -1.224142e-01
    outer loop
      vertex  1.201917e+05  3.687951e+03  3.080311e+03
      vertex  1.206217e+05  3.581947e+03  3.342973e+03
      vertex  1.205934e+05  3.558062e+03  3.087842e+03
    endloop
  endfacet
  facet normal  3.069421e-01  9.410613e-01 -1.420921e-01
    outer loop
      vertex  1.201917e+05  3.687951e+03  3.080311e+03
      vertex  1.205934e+05  3.558062e+03  3.087842e+03
      vertex  1.201655e+05  3.663542e+03  2.862219e+03
    endloop
  endfacet
  facet normal  3.002540e-01  9.453100e-01 -1.274232e-01
    outer loop
      vertex  1.201655e+05  3.663542e+03  2.862219e+03
      vertex  1.205934e+05  3.558062e+03  3.087842e+03
      vertex  1.205682e+05  3.535627e+03  2.862166e+03
    endloop
  endfacet
  facet normal  2.992620e-01  9.421967e-01 -1.506907e-01
    outer loop
      vertex  1.201655e+05  3.663542e+03  2.862219e+03
      vertex  1.205682e+05  3.535627e+03  2.862166e+03
      vertex  1.201525e+05  3.650312e+03  2.753567e+03
    endloop
  endfacet
  facet normal  2.964229e-01  9.452356e-01 -1.366125e-01
    outer loop
      vertex  1.201525e+05  3.650312e+03  2.753567e+03
      vertex  1.205682e+05  3.535627e+03  2.862166e+03
      vertex  1.205557e+05  3.523318e+03  2.749745e+03
    endloop
  endfacet
  facet normal  2.950485e-01  9.416380e-01 -1.620622e-01
    outer loop
      vertex  1.201525e+05  3.650312e+03  2.753567e+03
      vertex  1.205557e+05  3.523318e+03  2.749745e+03
      vertex  1.201329e+05  3.628487e+03  2.591088e+03
    endloop
  endfacet
  facet normal  2.908422e-01  9.451752e-01 -1.485083e-01
    outer loop
      vertex  1.201329e+05  3.628487e+03  2.591088e+03
      vertex  1.205557e+05  3.523318e+03  2.749745e+03
      vertex  1.205368e+05  3.502706e+03  2.581641e+03
    endloop
  endfacet
  facet normal  2.883559e-01  9.398070e-01 -1.833405e-01
    outer loop
      vertex  1.201329e+05  3.628487e+03  2.591088e+03
      vertex  1.205368e+05  3.502706e+03  2.581641e+03
      vertex  1.201077e+05  3.595641e+03  2.383113e+03
    endloop
  endfacet
  facet normal  2.267966e-01  8.647408e-01 -4.480922e-01
    outer loop
      vertex  1.199800e+05  3.235303e+03  1.283556e+03
      vertex  1.204051e+05  3.194089e+03  1.419168e+03
      vertex  1.208863e+05  2.998679e+03  1.285632e+03
    endloop
  endfacet
  facet normal  2.292554e-01  8.669716e-01 -4.424954e-01
    outer loop
      vertex  1.208863e+05  2.998679e+03  1.285632e+03
      vertex  1.204051e+05  3.194089e+03  1.419168e+03
      vertex  1.207969e+05  3.091261e+03  1.420713e+03
    endloop
  endfacet
  facet normal  2.202487e-01  8.664342e-01 -4.480874e-01
    outer loop
      vertex  1.208863e+05  2.998679e+03  1.285632e+03
      vertex  1.207969e+05  3.091261e+03  1.420713e+03
      vertex  1.213439e+05  2.882903e+03  1.286670e+03
    endloop
  endfacet
  facet normal  2.269724e-01  8.732321e-01 -4.312184e-01
    outer loop
      vertex  1.213439e+05  2.882903e+03  1.286670e+03
      vertex  1.207969e+05  3.091261e+03  1.420713e+03
      vertex  1.211909e+05  2.989611e+03  1.422259e+03
    endloop
  endfacet
  facet normal  2.164692e-01  8.708960e-01 -4.412271e-01
    outer loop
      vertex  1.213439e+05  2.882903e+03  1.286670e+03
      vertex  1.211909e+05  2.989611e+03  1.422259e+03
      vertex  1.218045e+05  2.768934e+03  1.287708e+03
    endloop
  endfacet
  facet normal  2.230758e-01  8.782019e-01 -4.230822e-01
    outer loop
      vertex  1.218045e+05  2.768934e+03  1.287708e+03
      vertex  1.211909e+05  2.989611e+03  1.422259e+03
      vertex  1.218058e+05  2.834570e+03  1.424654e+03
    endloop
  endfacet
  facet normal  2.136556e-01  8.801388e-01 -4.239187e-01
    outer loop
      vertex  1.218045e+05  2.768934e+03  1.287708e+03
      vertex  1.218058e+05  2.834570e+03  1.424654e+03
      vertex  1.222683e+05  2.656845e+03  1.288746e+03
    endloop
  endfacet
  facet normal  2.179632e-01  8.837837e-01 -4.140271e-01
    outer loop
      vertex  1.222683e+05  2.656845e+03  1.288746e+03
      vertex  1.218058e+05  2.834570e+03  1.424654e+03
      vertex  1.224264e+05  2.682659e+03  1.427048e+03
    endloop
  endfacet
  facet normal  2.105592e-01  8.890358e-01 -4.065468e-01
    outer loop
      vertex  1.222683e+05  2.656845e+03  1.288746e+03
      vertex  1.224264e+05  2.682659e+03  1.427048e+03
      vertex  1.227354e+05  2.546691e+03  1.289784e+03
    endloop
  endfacet
  facet normal  3.533014e-01  8.556306e-01 -3.782519e-01
    outer loop
      vertex  1.210231e+05  4.105257e+03  5.909988e+03
      vertex  1.219028e+05  3.757133e+03  5.944133e+03
      vertex  1.212390e+05  3.919623e+03  5.691691e+03
    endloop
  endfacet
  facet normal  3.518440e-01  8.588015e-01 -3.723785e-01
    outer loop
      vertex  1.212390e+05  3.919623e+03  5.691691e+03
      vertex  1.219028e+05  3.757133e+03  5.944133e+03
      vertex  1.215986e+05  3.778187e+03  5.705269e+03
    endloop
  endfacet
  facet normal  3.545320e-01  8.680087e-01 -3.476606e-01
    outer loop
      vertex  1.212390e+05  3.919623e+03  5.691691e+03
      vertex  1.215986e+05  3.778187e+03  5.705269e+03
      vertex  1.212147e+05  3.837267e+03  5.461311e+03
    endloop
  endfacet
  facet normal  3.523226e-01  8.705323e-01 -3.435729e-01
    outer loop
      vertex  1.212147e+05  3.837267e+03  5.461311e+03
      vertex  1.215986e+05  3.778187e+03  5.705269e+03
      vertex  1.215762e+05  3.696170e+03  5.474495e+03
    endloop
  endfacet
  facet normal  3.548534e-01  8.794848e-01 -3.171522e-01
    outer loop
      vertex  1.212147e+05  3.837267e+03  5.461311e+03
      vertex  1.215762e+05  3.696170e+03  5.474495e+03
      vertex  1.215650e+05  3.658738e+03  5.358168e+03
    endloop
  endfacet
  facet normal  3.617805e-01  8.538702e-01 -3.741932e-01
    outer loop
      vertex  1.219028e+05  3.757133e+03  5.944133e+03
      vertex  1.227884e+05  3.396869e+03  5.978279e+03
      vertex  1.221675e+05  3.599749e+03  5.840914e+03
    endloop
  endfacet
  facet normal  3.611670e-01  8.578988e-01 -3.654697e-01
    outer loop
      vertex  1.221675e+05  3.599749e+03  5.840914e+03
      vertex  1.227884e+05  3.396869e+03  5.978279e+03
      vertex  1.227218e+05  3.340513e+03  5.780242e+03
    endloop
  endfacet
  facet normal  3.618755e-01  8.587691e-01 -3.627144e-01
    outer loop
      vertex  1.221675e+05  3.599749e+03  5.840914e+03
      vertex  1.227218e+05  3.340513e+03  5.780242e+03
      vertex  1.221578e+05  3.555418e+03  5.726306e+03
    endloop
  endfacet
  facet normal  3.721560e-01  8.586811e-01 -3.523730e-01
    outer loop
      vertex  1.227884e+05  3.396869e+03  5.978279e+03
      vertex  1.236800e+05  3.024447e+03  6.012424e+03
      vertex  1.232857e+05  3.108732e+03  5.801356e+03
    endloop
  endfacet
  facet normal  3.740845e-01  8.558897e-01 -3.570905e-01
    outer loop
      vertex  1.232857e+05  3.108732e+03  5.801356e+03
      vertex  1.236800e+05  3.024447e+03  6.012424e+03
      vertex  1.236800e+05  2.979236e+03  5.904062e+03
    endloop
  endfacet
  facet normal  3.719418e-01  8.645568e-01 -3.379360e-01
    outer loop
      vertex  1.232857e+05  3.108732e+03  5.801356e+03
      vertex  1.236800e+05  2.979236e+03  5.904062e+03
      vertex  1.236800e+05  2.936527e+03  5.794798e+03
    endloop
  endfacet
  facet normal  2.073387e-01  9.024826e-01 -3.775391e-01
    outer loop
      vertex  1.236800e+05  2.379118e+03  1.403675e+03
      vertex  1.236800e+05  2.332342e+03  1.291861e+03
      vertex  1.230527e+05  2.534006e+03  1.429443e+03
    endloop
  endfacet
  facet normal  2.016262e-01  8.964174e-01 -3.946933e-01
    outer loop
      vertex  1.230527e+05  2.534006e+03  1.429443e+03
      vertex  1.236800e+05  2.332342e+03  1.291861e+03
      vertex  1.232059e+05  2.438515e+03  1.290823e+03
    endloop
  endfacet
  facet normal  2.147875e-01  8.989124e-01 -3.818677e-01
    outer loop
      vertex  1.230527e+05  2.534006e+03  1.429443e+03
      vertex  1.232059e+05  2.438515e+03  1.290823e+03
      vertex  1.224264e+05  2.682659e+03  1.427048e+03
    endloop
  endfacet
  facet normal  2.045500e-01  8.856981e-01 -4.167710e-01
    outer loop
      vertex  1.224264e+05  2.682659e+03  1.427048e+03
      vertex  1.232059e+05  2.438515e+03  1.290823e+03
      vertex  1.227354e+05  2.546691e+03  1.289784e+03
    endloop
  endfacet
  facet normal  2.230333e-01  9.317650e-01 -2.864788e-01
    outer loop
      vertex  1.230676e+05  2.623865e+03  1.705685e+03
      vertex  1.236800e+05  2.465479e+03  1.667323e+03
      vertex  1.230602e+05  2.583242e+03  1.567784e+03
    endloop
  endfacet
  facet normal  2.213703e-01  9.371329e-01 -2.697722e-01
    outer loop
      vertex  1.230602e+05  2.583242e+03  1.567784e+03
      vertex  1.236800e+05  2.465479e+03  1.667323e+03
      vertex  1.236800e+05  2.440057e+03  1.579012e+03
    endloop
  endfacet
  facet normal  2.196972e-01  9.272732e-01 -3.031459e-01
    outer loop
      vertex  1.230602e+05  2.583242e+03  1.567784e+03
      vertex  1.236800e+05  2.440057e+03  1.579012e+03
      vertex  1.236800e+05  2.411318e+03  1.491107e+03
    endloop
  endfacet
  facet normal  2.532742e-01  9.590704e-01 -1.266335e-01
    outer loop
      vertex  1.230948e+05  2.714376e+03  2.210105e+03
      vertex  1.236800e+05  2.558560e+03  2.200440e+03
      vertex  1.230899e+05  2.703570e+03  2.118359e+03
    endloop
  endfacet
  facet normal  2.508330e-01  9.625401e-01 -1.029525e-01
    outer loop
      vertex  1.230899e+05  2.703570e+03  2.118359e+03
      vertex  1.236800e+05  2.558560e+03  2.200440e+03
      vertex  1.236800e+05  2.548805e+03  2.109239e+03
    endloop
  endfacet
  facet normal  2.486642e-01  9.570048e-01 -1.493584e-01
    outer loop
      vertex  1.230899e+05  2.703570e+03  2.118359e+03
      vertex  1.236800e+05  2.548805e+03  2.109239e+03
      vertex  1.230849e+05  2.690545e+03  2.026666e+03
    endloop
  endfacet
  facet normal  2.463885e-01  9.609133e-01 -1.262480e-01
    outer loop
      vertex  1.230849e+05  2.690545e+03  2.026666e+03
      vertex  1.236800e+05  2.548805e+03  2.109239e+03
      vertex  1.236800e+05  2.536842e+03  2.018183e+03
    endloop
  endfacet
  facet normal  2.439147e-01  9.539914e-01 -1.743728e-01
    outer loop
      vertex  1.230849e+05  2.690545e+03  2.026666e+03
      vertex  1.236800e+05  2.536842e+03  2.018183e+03
      vertex  1.230800e+05  2.675056e+03  1.934999e+03
    endloop
  endfacet
  facet normal  2.417590e-01  9.584497e-01 -1.514158e-01
    outer loop
      vertex  1.230800e+05  2.675056e+03  1.934999e+03
      vertex  1.236800e+05  2.536842e+03  2.018183e+03
      vertex  1.236800e+05  2.522933e+03  1.930138e+03
    endloop
  endfacet
  facet normal  2.391689e-01  9.498339e-01 -2.015286e-01
    outer loop
      vertex  1.230800e+05  2.675056e+03  1.934999e+03
      vertex  1.236800e+05  2.522933e+03  1.930138e+03
      vertex  1.230750e+05  2.656849e+03  1.843318e+03
    endloop
  endfacet
  facet normal  2.369787e-01  9.550188e-01 -1.782697e-01
    outer loop
      vertex  1.230750e+05  2.656849e+03  1.843318e+03
      vertex  1.236800e+05  2.522933e+03  1.930138e+03
      vertex  1.236800e+05  2.506533e+03  1.842285e+03
    endloop
  endfacet
  facet normal  2.337859e-01  9.425821e-01 -2.385022e-01
    outer loop
      vertex  1.230750e+05  2.656849e+03  1.843318e+03
      vertex  1.236800e+05  2.506533e+03  1.842285e+03
      vertex  1.230676e+05  2.623865e+03  1.705685e+03
    endloop
  endfacet
  facet normal  2.284690e-01  9.512405e-01 -2.072282e-01
    outer loop
      vertex  1.230676e+05  2.623865e+03  1.705685e+03
      vertex  1.236800e+05  2.506533e+03  1.842285e+03
      vertex  1.236800e+05  2.487445e+03  1.754665e+03
    endloop
  endfacet
  facet normal  2.292628e-01  9.439675e-01 -2.374108e-01
    outer loop
      vertex  1.230676e+05  2.623865e+03  1.705685e+03
      vertex  1.236800e+05  2.487445e+03  1.754665e+03
      vertex  1.236800e+05  2.465479e+03  1.667323e+03
    endloop
  endfacet
  facet normal  2.716959e-01  9.389904e-01 -2.108990e-01
    outer loop
      vertex  1.204916e+05  3.436924e+03  2.180739e+03
      vertex  1.205029e+05  3.456096e+03  2.280673e+03
      vertex  1.208774e+05  3.326291e+03  2.185156e+03
    endloop
  endfacet
  facet normal  2.756392e-01  9.406985e-01 -1.977608e-01
    outer loop
      vertex  1.208774e+05  3.326291e+03  2.185156e+03
      vertex  1.205029e+05  3.456096e+03  2.280673e+03
      vertex  1.208875e+05  3.343632e+03  2.281777e+03
    endloop
  endfacet
  facet normal  2.696410e-01  9.424995e-01 -1.974545e-01
    outer loop
      vertex  1.208774e+05  3.326291e+03  2.185156e+03
      vertex  1.208875e+05  3.343632e+03  2.281777e+03
      vertex  1.212651e+05  3.216284e+03  2.189573e+03
    endloop
  endfacet
  facet normal  2.760376e-01  9.451071e-01 -1.748595e-01
    outer loop
      vertex  1.212651e+05  3.216284e+03  2.189573e+03
      vertex  1.208875e+05  3.343632e+03  2.281777e+03
      vertex  1.212831e+05  3.245608e+03  2.376508e+03
    endloop
  endfacet
  facet normal  2.669784e-01  9.477894e-01 -1.744072e-01
    outer loop
      vertex  1.212651e+05  3.216284e+03  2.189573e+03
      vertex  1.212831e+05  3.245608e+03  2.376508e+03
      vertex  1.218699e+05  3.047188e+03  2.196417e+03
    endloop
  endfacet
  facet normal  2.745562e-01  9.495382e-01 -1.516444e-01
    outer loop
      vertex  1.218699e+05  3.047188e+03  2.196417e+03
      vertex  1.212831e+05  3.245608e+03  2.376508e+03
      vertex  1.218846e+05  3.071321e+03  2.374177e+03
    endloop
  endfacet
  facet normal  2.631626e-01  9.528376e-01 -1.511489e-01
    outer loop
      vertex  1.218699e+05  3.047188e+03  2.196417e+03
      vertex  1.218846e+05  3.071321e+03  2.374177e+03
      vertex  1.224797e+05  2.879851e+03  2.203261e+03
    endloop
  endfacet
  facet normal  2.707504e-01  9.543168e-01 -1.263870e-01
    outer loop
      vertex  1.224797e+05  2.879851e+03  2.203261e+03
      vertex  1.218846e+05  3.071321e+03  2.374177e+03
      vertex  1.224914e+05  2.899075e+03  2.373457e+03
    endloop
  endfacet
  facet normal  2.590240e-01  9.576230e-01 -1.259551e-01
    outer loop
      vertex  1.224797e+05  2.879851e+03  2.203261e+03
      vertex  1.224914e+05  2.899075e+03  2.373457e+03
      vertex  1.230948e+05  2.714376e+03  2.210105e+03
    endloop
  endfacet
  facet normal  2.666204e-01  9.586927e-01 -9.910452e-02
    outer loop
      vertex  1.230948e+05  2.714376e+03  2.210105e+03
      vertex  1.224914e+05  2.899075e+03  2.373457e+03
      vertex  1.231037e+05  2.728928e+03  2.374727e+03
    endloop
  endfacet
  facet normal  2.569925e-01  9.613478e-01 -9.882060e-02
    outer loop
      vertex  1.230948e+05  2.714376e+03  2.210105e+03
      vertex  1.231037e+05  2.728928e+03  2.374727e+03
      vertex  1.236800e+05  2.566333e+03  2.291766e+03
    endloop
  endfacet
  facet normal  2.625225e-01  9.628448e-01 -6.333850e-02
    outer loop
      vertex  1.236800e+05  2.566333e+03  2.291766e+03
      vertex  1.231037e+05  2.728928e+03  2.374727e+03
      vertex  1.236800e+05  2.572348e+03  2.383198e+03
    endloop
  endfacet
  facet normal  2.803444e-01  9.447314e-01 -1.699689e-01
    outer loop
      vertex  1.205142e+05  3.473282e+03  2.380791e+03
      vertex  1.205368e+05  3.502706e+03  2.581641e+03
      vertex  1.208976e+05  3.359098e+03  2.378561e+03
    endloop
  endfacet
  facet normal  2.872747e-01  9.447791e-01 -1.576890e-01
    outer loop
      vertex  1.208976e+05  3.359098e+03  2.378561e+03
      vertex  1.205368e+05  3.502706e+03  2.581641e+03
      vertex  1.209179e+05  3.385333e+03  2.572680e+03
    endloop
  endfacet
  facet normal  2.781397e-01  9.476036e-01 -1.571168e-01
    outer loop
      vertex  1.208976e+05  3.359098e+03  2.378561e+03
      vertex  1.209179e+05  3.385333e+03  2.572680e+03
      vertex  1.212831e+05  3.245608e+03  2.376508e+03
    endloop
  endfacet
  facet normal  2.851411e-01  9.475952e-01 -1.440759e-01
    outer loop
      vertex  1.212831e+05  3.245608e+03  2.376508e+03
      vertex  1.209179e+05  3.385333e+03  2.572680e+03
      vertex  1.213011e+05  3.268709e+03  2.564079e+03
    endloop
  endfacet
  facet normal  2.749246e-01  9.507000e-01 -1.434775e-01
    outer loop
      vertex  1.212831e+05  3.245608e+03  2.376508e+03
      vertex  1.213011e+05  3.268709e+03  2.564079e+03
      vertex  1.218846e+05  3.071321e+03  2.374177e+03
    endloop
  endfacet
  facet normal  2.823862e-01  9.515797e-01 -1.214662e-01
    outer loop
      vertex  1.218846e+05  3.071321e+03  2.374177e+03
      vertex  1.213011e+05  3.268709e+03  2.564079e+03
      vertex  1.218993e+05  3.089712e+03  2.552472e+03
    endloop
  endfacet
  facet normal  2.709441e-01  9.549761e-01 -1.208720e-01
    outer loop
      vertex  1.218846e+05  3.071321e+03  2.374177e+03
      vertex  1.218993e+05  3.089712e+03  2.552472e+03
      vertex  1.224914e+05  2.899075e+03  2.373457e+03
    endloop
  endfacet
  facet normal  2.784441e-01  9.555719e-01 -9.670159e-02
    outer loop
      vertex  1.224914e+05  2.899075e+03  2.373457e+03
      vertex  1.218993e+05  3.089712e+03  2.552472e+03
      vertex  1.225031e+05  2.912941e+03  2.544104e+03
    endloop
  endfacet
  facet normal  2.666917e-01  9.589714e-01 -9.617344e-02
    outer loop
      vertex  1.224914e+05  2.899075e+03  2.373457e+03
      vertex  1.225031e+05  2.912941e+03  2.544104e+03
      vertex  1.231037e+05  2.728928e+03  2.374727e+03
    endloop
  endfacet
  facet normal  2.741982e-01  9.591410e-01 -6.974051e-02
    outer loop
      vertex  1.231037e+05  2.728928e+03  2.374727e+03
      vertex  1.225031e+05  2.912941e+03  2.544104e+03
      vertex  1.231125e+05  2.738391e+03  2.539737e+03
    endloop
  endfacet
  facet normal  2.625001e-01  9.624401e-01 -6.930108e-02
    outer loop
      vertex  1.231037e+05  2.728928e+03  2.374727e+03
      vertex  1.231125e+05  2.738391e+03  2.539737e+03
      vertex  1.236800e+05  2.572348e+03  2.383198e+03
    endloop
  endfacet
  facet normal  2.695645e-01  9.620113e-01 -4.323738e-02
    outer loop
      vertex  1.236800e+05  2.572348e+03  2.383198e+03
      vertex  1.231125e+05  2.738391e+03  2.539737e+03
      vertex  1.236800e+05  2.578641e+03  2.523219e+03
    endloop
  endfacet
  facet normal  2.940601e-01  9.459994e-01 -1.364321e-01
    outer loop
      vertex  1.205557e+05  3.523318e+03  2.749745e+03
      vertex  1.205682e+05  3.535627e+03  2.862166e+03
      vertex  1.209360e+05  3.404583e+03  2.746094e+03
    endloop
  endfacet
  facet normal  2.984543e-01  9.464609e-01 -1.230320e-01
    outer loop
      vertex  1.209360e+05  3.404583e+03  2.746094e+03
      vertex  1.205682e+05  3.535627e+03  2.862166e+03
      vertex  1.209480e+05  3.415868e+03  2.862072e+03
    endloop
  endfacet
  facet normal  2.922668e-01  9.484478e-01 -1.225838e-01
    outer loop
      vertex  1.209360e+05  3.404583e+03  2.746094e+03
      vertex  1.209480e+05  3.415868e+03  2.862072e+03
      vertex  1.213182e+05  3.286344e+03  2.742685e+03
    endloop
  endfacet
  facet normal  2.969232e-01  9.487239e-01 -1.084425e-01
    outer loop
      vertex  1.213182e+05  3.286344e+03  2.742685e+03
      vertex  1.209480e+05  3.415868e+03  2.862072e+03
      vertex  1.213296e+05  3.296433e+03  2.862139e+03
    endloop
  endfacet
  facet normal  2.895672e-01  9.510523e-01 -1.079377e-01
    outer loop
      vertex  1.213182e+05  3.286344e+03  2.742685e+03
      vertex  1.213296e+05  3.296433e+03  2.862139e+03
      vertex  1.219146e+05  3.104287e+03  2.738553e+03
    endloop
  endfacet
  facet normal  2.948101e-01  9.518279e-01 -8.432506e-02
    outer loop
      vertex  1.219146e+05  3.104287e+03  2.738553e+03
      vertex  1.213296e+05  3.296433e+03  2.862139e+03
      vertex  1.219248e+05  3.112153e+03  2.863012e+03
    endloop
  endfacet
  facet normal  2.862073e-01  9.544971e-01 -8.378850e-02
    outer loop
      vertex  1.219146e+05  3.104287e+03  2.738553e+03
      vertex  1.219248e+05  3.112153e+03  2.863012e+03
      vertex  1.225162e+05  2.923733e+03  2.736591e+03
    endloop
  endfacet
  facet normal  2.917386e-01  9.547228e-01 -5.825043e-02
    outer loop
      vertex  1.225162e+05  2.923733e+03  2.736591e+03
      vertex  1.219248e+05  3.112153e+03  2.863012e+03
      vertex  1.225250e+05  2.928912e+03  2.865336e+03
    endloop
  endfacet
  facet normal  2.825493e-01  9.575136e-01 -5.773760e-02
    outer loop
      vertex  1.225162e+05  2.923733e+03  2.736591e+03
      vertex  1.225250e+05  2.928912e+03  2.865336e+03
      vertex  1.231231e+05  2.744686e+03  2.737307e+03
    endloop
  endfacet
  facet normal  2.883008e-01  9.570630e-01 -3.021807e-02
    outer loop
      vertex  1.231231e+05  2.744686e+03  2.737307e+03
      vertex  1.225250e+05  2.928912e+03  2.865336e+03
      vertex  1.231302e+05  2.746733e+03  2.869450e+03
    endloop
  endfacet
  facet normal  2.813917e-01  9.591276e-01 -2.988120e-02
    outer loop
      vertex  1.231231e+05  2.744686e+03  2.737307e+03
      vertex  1.231302e+05  2.746733e+03  2.869450e+03
      vertex  1.236800e+05  2.583380e+03  2.803871e+03
    endloop
  endfacet
  facet normal  2.849115e-01  9.585533e-01  1.060279e-03
    outer loop
      vertex  1.236800e+05  2.583380e+03  2.803871e+03
      vertex  1.231302e+05  2.746733e+03  2.869450e+03
      vertex  1.236800e+05  2.583233e+03  2.937184e+03
    endloop
  endfacet
  facet normal  3.062849e-01  9.440479e-01 -1.223244e-01
    outer loop
      vertex  1.205934e+05  3.558062e+03  3.087842e+03
      vertex  1.206217e+05  3.581947e+03  3.342973e+03
      vertex  1.209720e+05  3.436129e+03  3.094908e+03
    endloop
  endfacet
  facet normal  3.149704e-01  9.427853e-01 -1.093145e-01
    outer loop
      vertex  1.209720e+05  3.436129e+03  3.094908e+03
      vertex  1.206217e+05  3.581947e+03  3.342973e+03
      vertex  1.209991e+05  3.457615e+03  3.358166e+03
    endloop
  endfacet
  facet normal  3.053231e-01  9.460372e-01 -1.085885e-01
    outer loop
      vertex  1.209720e+05  3.436129e+03  3.094908e+03
      vertex  1.209991e+05  3.457615e+03  3.358166e+03
      vertex  1.213524e+05  3.314176e+03  3.101973e+03
    endloop
  endfacet
  facet normal  3.142573e-01  9.445300e-01 -9.542310e-02
    outer loop
      vertex  1.213524e+05  3.314176e+03  3.101973e+03
      vertex  1.209991e+05  3.457615e+03  3.358166e+03
      vertex  1.213866e+05  3.339368e+03  3.463870e+03
    endloop
  endfacet
  facet normal  3.038346e-01  9.480085e-01 -9.468108e-02
    outer loop
      vertex  1.213524e+05  3.314176e+03  3.101973e+03
      vertex  1.213866e+05  3.339368e+03  3.463870e+03
      vertex  1.219453e+05  3.125267e+03  3.112921e+03
    endloop
  endfacet
  facet normal  3.170641e-01  9.456531e-01 -7.218438e-02
    outer loop
      vertex  1.219453e+05  3.125267e+03  3.112921e+03
      vertex  1.213866e+05  3.339368e+03  3.463870e+03
      vertex  1.219759e+05  3.143792e+03  3.490090e+03
    endloop
  endfacet
  facet normal  3.017904e-01  9.507125e-01 -7.119302e-02
    outer loop
      vertex  1.219453e+05  3.125267e+03  3.112921e+03
      vertex  1.219759e+05  3.143792e+03  3.490090e+03
      vertex  1.225425e+05  2.936503e+03  3.123868e+03
    endloop
  endfacet
  facet normal  3.170512e-01  9.473089e-01 -4.565497e-02
    outer loop
      vertex  1.225425e+05  2.936503e+03  3.123868e+03
      vertex  1.219759e+05  3.143792e+03  3.490090e+03
      vertex  1.225600e+05  2.943165e+03  3.383735e+03
    endloop
  endfacet
  facet normal  2.994096e-01  9.530810e-01 -4.461385e-02
    outer loop
      vertex  1.225425e+05  2.936503e+03  3.123868e+03
      vertex  1.225600e+05  2.943165e+03  3.383735e+03
      vertex  1.231443e+05  2.747961e+03  3.134816e+03
    endloop
  endfacet
  facet normal  3.099102e-01  9.505950e-01 -1.801643e-02
    outer loop
      vertex  1.231443e+05  2.747961e+03  3.134816e+03
      vertex  1.225600e+05  2.943165e+03  3.383735e+03
      vertex  1.231584e+05  2.748415e+03  3.401574e+03
    endloop
  endfacet
  facet normal  2.995566e-01  9.539186e-01 -1.747415e-02
    outer loop
      vertex  1.231443e+05  2.747961e+03  3.134816e+03
      vertex  1.231584e+05  2.748415e+03  3.401574e+03
      vertex  1.236800e+05  2.581004e+03  3.204328e+03
    endloop
  endfacet
  facet normal  3.079471e-01  9.513787e-01  6.869641e-03
    outer loop
      vertex  1.236800e+05  2.581004e+03  3.204328e+03
      vertex  1.231584e+05  2.748415e+03  3.401574e+03
      vertex  1.236800e+05  2.579354e+03  3.432857e+03
    endloop
  endfacet
  facet normal  3.295279e-01  9.438330e-01 -2.430314e-02
    outer loop
      vertex  1.236800e+05  2.586388e+03  3.935397e+03
      vertex  1.236800e+05  2.580818e+03  3.719079e+03
      vertex  1.231855e+05  2.758568e+03  3.917605e+03
    endloop
  endfacet
  facet normal  3.210675e-01  9.458791e-01 -4.720770e-02
    outer loop
      vertex  1.231855e+05  2.758568e+03  3.917605e+03
      vertex  1.236800e+05  2.580818e+03  3.719079e+03
      vertex  1.231760e+05  2.752762e+03  3.736664e+03
    endloop
  endfacet
  facet normal  3.299623e-01  9.427944e-01 -4.757573e-02
    outer loop
      vertex  1.231855e+05  2.758568e+03  3.917605e+03
      vertex  1.231760e+05  2.752762e+03  3.736664e+03
      vertex  1.225944e+05  2.964414e+03  3.896810e+03
    endloop
  endfacet
  facet normal  3.237078e-01  9.434749e-01 -7.119154e-02
    outer loop
      vertex  1.225944e+05  2.964414e+03  3.896810e+03
      vertex  1.231760e+05  2.752762e+03  3.736664e+03
      vertex  1.225819e+05  2.954612e+03  3.710142e+03
    endloop
  endfacet
  facet normal  3.300672e-01  9.412457e-01 -7.149979e-02
    outer loop
      vertex  1.225944e+05  2.964414e+03  3.896810e+03
      vertex  1.225819e+05  2.954612e+03  3.710142e+03
      vertex  1.220069e+05  3.168706e+03  3.873968e+03
    endloop
  endfacet
  facet normal  3.239682e-01  9.414665e-01 -9.319589e-02
    outer loop
      vertex  1.220069e+05  3.168706e+03  3.873968e+03
      vertex  1.225819e+05  2.954612e+03  3.710142e+03
      vertex  1.219912e+05  3.154854e+03  3.679533e+03
    endloop
  endfacet
  facet normal  3.298544e-01  9.393880e-01 -9.352249e-02
    outer loop
      vertex  1.220069e+05  3.168706e+03  3.873968e+03
      vertex  1.219912e+05  3.154854e+03  3.679533e+03
      vertex  1.214228e+05  3.371353e+03  3.849469e+03
    endloop
  endfacet
  facet normal  3.238711e-01  9.392807e-01 -1.133981e-01
    outer loop
      vertex  1.214228e+05  3.371353e+03  3.849469e+03
      vertex  1.219912e+05  3.154854e+03  3.679533e+03
      vertex  1.214037e+05  3.353334e+03  3.645621e+03
    endloop
  endfacet
  facet normal  3.294859e-01  9.372836e-01 -1.137481e-01
    outer loop
      vertex  1.214228e+05  3.371353e+03  3.849469e+03
      vertex  1.214037e+05  3.353334e+03  3.645621e+03
      vertex  1.210476e+05  3.501250e+03  3.833090e+03
    endloop
  endfacet
  facet normal  3.235089e-01  9.378583e-01 -1.255534e-01
    outer loop
      vertex  1.210476e+05  3.501250e+03  3.833090e+03
      vertex  1.214037e+05  3.353334e+03  3.645621e+03
      vertex  1.210261e+05  3.480478e+03  3.622604e+03
    endloop
  endfacet
  facet normal  3.290590e-01  9.358757e-01 -1.259238e-01
    outer loop
      vertex  1.210476e+05  3.501250e+03  3.833090e+03
      vertex  1.210261e+05  3.480478e+03  3.622604e+03
      vertex  1.206738e+05  3.630443e+03  3.816528e+03
    endloop
  endfacet
  facet normal  3.231342e-01  9.363735e-01 -1.370725e-01
    outer loop
      vertex  1.206738e+05  3.630443e+03  3.816528e+03
      vertex  1.210261e+05  3.480478e+03  3.622604e+03
      vertex  1.206499e+05  3.606882e+03  3.599224e+03
    endloop
  endfacet
  facet normal  3.288932e-01  9.320491e-01 -1.520315e-01
    outer loop
      vertex  1.206738e+05  3.630443e+03  3.816528e+03
      vertex  1.206978e+05  3.657511e+03  4.034191e+03
      vertex  1.210476e+05  3.501250e+03  3.833090e+03
    endloop
  endfacet
  facet normal  3.348635e-01  9.316112e-01 -1.413044e-01
    outer loop
      vertex  1.210476e+05  3.501250e+03  3.833090e+03
      vertex  1.206978e+05  3.657511e+03  4.034191e+03
      vertex  1.210691e+05  3.525509e+03  4.043902e+03
    endloop
  endfacet
  facet normal  3.294013e-01  9.336060e-01 -1.409777e-01
    outer loop
      vertex  1.210476e+05  3.501250e+03  3.833090e+03
      vertex  1.210691e+05  3.525509e+03  4.043902e+03
      vertex  1.214228e+05  3.371353e+03  3.849469e+03
    endloop
  endfacet
  facet normal  3.354659e-01  9.331025e-01 -1.295461e-01
    outer loop
      vertex  1.214228e+05  3.371353e+03  3.849469e+03
      vertex  1.210691e+05  3.525509e+03  4.043902e+03
      vertex  1.214419e+05  3.392822e+03  4.053612e+03
    endloop
  endfacet
  facet normal  3.298771e-01  9.351358e-01 -1.292365e-01
    outer loop
      vertex  1.214228e+05  3.371353e+03  3.849469e+03
      vertex  1.214419e+05  3.392822e+03  4.053612e+03
      vertex  1.220069e+05  3.168706e+03  3.873968e+03
    endloop
  endfacet
  facet normal  3.361280e-01  9.353837e-01 -1.098880e-01
    outer loop
      vertex  1.220069e+05  3.168706e+03  3.873968e+03
      vertex  1.214419e+05  3.392822e+03  4.053612e+03
      vertex  1.220225e+05  3.185946e+03  4.068657e+03
    endloop
  endfacet
  facet normal  3.302492e-01  9.375086e-01 -1.096030e-01
    outer loop
      vertex  1.220069e+05  3.168706e+03  3.873968e+03
      vertex  1.220225e+05  3.185946e+03  4.068657e+03
      vertex  1.225944e+05  2.964414e+03  3.896810e+03
    endloop
  endfacet
  facet normal  3.366059e-01  9.374852e-01 -8.841927e-02
    outer loop
      vertex  1.225944e+05  2.964414e+03  3.896810e+03
      vertex  1.220225e+05  3.185946e+03  4.068657e+03
      vertex  1.226069e+05  2.977561e+03  4.083701e+03
    endloop
  endfacet
  facet normal  3.303265e-01  9.397406e-01 -8.815873e-02
    outer loop
      vertex  1.225944e+05  2.964414e+03  3.896810e+03
      vertex  1.226069e+05  2.977561e+03  4.083701e+03
      vertex  1.231855e+05  2.758568e+03  3.917605e+03
    endloop
  endfacet
  facet normal  3.367936e-01  9.393266e-01 -6.508133e-02
    outer loop
      vertex  1.231855e+05  2.758568e+03  3.917605e+03
      vertex  1.226069e+05  2.977561e+03  4.083701e+03
      vertex  1.231950e+05  2.767715e+03  4.098746e+03
    endloop
  endfacet
  facet normal  3.302334e-01  9.416685e-01 -6.485581e-02
    outer loop
      vertex  1.231855e+05  2.758568e+03  3.917605e+03
      vertex  1.231950e+05  2.767715e+03  4.098746e+03
      vertex  1.236800e+05  2.586388e+03  3.935397e+03
    endloop
  endfacet
  facet normal  3.359768e-01  9.407098e-01 -4.673984e-02
    outer loop
      vertex  1.236800e+05  2.586388e+03  3.935397e+03
      vertex  1.231950e+05  2.767715e+03  4.098746e+03
      vertex  1.236800e+05  2.597137e+03  4.151737e+03
    endloop
  endfacet
  facet normal  3.401935e-01  9.376198e-01 -7.167614e-02
    outer loop
      vertex  1.236800e+05  2.597137e+03  4.151737e+03
      vertex  1.232014e+05  2.776029e+03  4.220278e+03
      vertex  1.236800e+05  2.611634e+03  4.341369e+03
    endloop
  endfacet
  facet normal  3.451691e-01  9.335247e-01 -9.690168e-02
    outer loop
      vertex  1.236800e+05  2.611634e+03  4.341369e+03
      vertex  1.232014e+05  2.776029e+03  4.220278e+03
      vertex  1.232078e+05  2.786284e+03  4.341774e+03
    endloop
  endfacet
  facet normal  3.451375e-01  9.334415e-01 -9.781064e-02
    outer loop
      vertex  1.236800e+05  2.611634e+03  4.341369e+03
      vertex  1.232078e+05  2.786284e+03  4.341774e+03
      vertex  1.236800e+05  2.631466e+03  4.530630e+03
    endloop
  endfacet
  facet normal  3.499879e-01  9.299365e-01 -1.128122e-01
    outer loop
      vertex  1.236800e+05  2.631466e+03  4.530630e+03
      vertex  1.232078e+05  2.786284e+03  4.341774e+03
      vertex  1.232141e+05  2.798512e+03  4.462158e+03
    endloop
  endfacet
  facet normal  3.508192e-01  9.284495e-01 -1.220963e-01
    outer loop
      vertex  1.236800e+05  2.631466e+03  4.530630e+03
      vertex  1.232141e+05  2.798512e+03  4.462158e+03
      vertex  1.236800e+05  2.649594e+03  4.668487e+03
    endloop
  endfacet
  facet normal  3.534877e-01  9.264198e-01 -1.295874e-01
    outer loop
      vertex  1.236800e+05  2.649594e+03  4.668487e+03
      vertex  1.232141e+05  2.798512e+03  4.462158e+03
      vertex  1.232204e+05  2.812919e+03  4.582396e+03
    endloop
  endfacet
  facet normal  3.554042e-01  9.232734e-01 -1.457875e-01
    outer loop
      vertex  1.236800e+05  2.649594e+03  4.668487e+03
      vertex  1.232204e+05  2.812919e+03  4.582396e+03
      vertex  1.232258e+05  2.827036e+03  4.684937e+03
    endloop
  endfacet
  facet normal  3.555846e-01  9.235379e-01 -1.436574e-01
    outer loop
      vertex  1.236800e+05  2.649594e+03  4.668487e+03
      vertex  1.232258e+05  2.827036e+03  4.684937e+03
      vertex  1.236800e+05  2.670975e+03  4.805938e+03
    endloop
  endfacet
  facet normal  3.588462e-01  9.193546e-01 -1.612961e-01
    outer loop
      vertex  1.236800e+05  2.670975e+03  4.805938e+03
      vertex  1.232258e+05  2.827036e+03  4.684937e+03
      vertex  1.232312e+05  2.842886e+03  4.787291e+03
    endloop
  endfacet
  facet normal  3.587356e-01  9.185487e-01 -1.660633e-01
    outer loop
      vertex  1.236800e+05  2.670975e+03  4.805938e+03
      vertex  1.232312e+05  2.842886e+03  4.787291e+03
      vertex  1.236800e+05  2.695734e+03  4.942886e+03
    endloop
  endfacet
  facet normal  3.615775e-01  9.153273e-01 -1.773073e-01
    outer loop
      vertex  1.236800e+05  2.695734e+03  4.942886e+03
      vertex  1.232312e+05  2.842886e+03  4.787291e+03
      vertex  1.232367e+05  2.860813e+03  4.891004e+03
    endloop
  endfacet
  facet normal  3.620113e-01  9.128030e-01 -1.890461e-01
    outer loop
      vertex  1.236800e+05  2.695734e+03  4.942886e+03
      vertex  1.232367e+05  2.860813e+03  4.891004e+03
      vertex  1.236800e+05  2.723972e+03  5.079234e+03
    endloop
  endfacet
  facet normal  3.635568e-01  9.111757e-01 -1.938693e-01
    outer loop
      vertex  1.236800e+05  2.723972e+03  5.079234e+03
      vertex  1.232367e+05  2.860813e+03  4.891004e+03
      vertex  1.232421e+05  2.880634e+03  4.994445e+03
    endloop
  endfacet
  facet normal  3.660360e-01  9.044338e-01 -2.191283e-01
    outer loop
      vertex  1.236800e+05  2.723972e+03  5.079234e+03
      vertex  1.232421e+05  2.880634e+03  4.994445e+03
      vertex  1.232530e+05  2.925740e+03  5.198784e+03
    endloop
  endfacet
  facet normal  3.710958e-01  8.933870e-01 -2.532738e-01
    outer loop
      vertex  1.232639e+05  2.978713e+03  5.401583e+03
      vertex  1.236800e+05  2.791172e+03  5.349720e+03
      vertex  1.232530e+05  2.925740e+03  5.198784e+03
    endloop
  endfacet
  facet normal  3.670619e-01  8.996992e-01 -2.362348e-01
    outer loop
      vertex  1.232530e+05  2.925740e+03  5.198784e+03
      vertex  1.236800e+05  2.791172e+03  5.349720e+03
      vertex  1.236800e+05  2.755767e+03  5.214879e+03
    endloop
  endfacet
  facet normal  3.683294e-01  9.051623e-01 -2.121666e-01
    outer loop
      vertex  1.232530e+05  2.925740e+03  5.198784e+03
      vertex  1.236800e+05  2.755767e+03  5.214879e+03
      vertex  1.236800e+05  2.723972e+03  5.079234e+03
    endloop
  endfacet
  facet normal  3.734099e-01  8.818810e-01 -2.878386e-01
    outer loop
      vertex  1.232748e+05  3.039694e+03  5.602537e+03
      vertex  1.236800e+05  2.858725e+03  5.573758e+03
      vertex  1.232639e+05  2.978713e+03  5.401583e+03
    endloop
  endfacet
  facet normal  3.706487e-01  8.861268e-01 -2.782068e-01
    outer loop
      vertex  1.232639e+05  2.978713e+03  5.401583e+03
      vertex  1.236800e+05  2.858725e+03  5.573758e+03
      vertex  1.236800e+05  2.823665e+03  5.462086e+03
    endloop
  endfacet
  facet normal  3.700723e-01  8.924404e-01 -2.580630e-01
    outer loop
      vertex  1.232639e+05  2.978713e+03  5.401583e+03
      vertex  1.236800e+05  2.823665e+03  5.462086e+03
      vertex  1.236800e+05  2.791172e+03  5.349720e+03
    endloop
  endfacet
  facet normal  3.743332e-01  8.694413e-01 -3.224074e-01
    outer loop
      vertex  1.232857e+05  3.108732e+03  5.801356e+03
      vertex  1.236800e+05  2.936527e+03  5.794798e+03
      vertex  1.232748e+05  3.039694e+03  5.602537e+03
    endloop
  endfacet
  facet normal  3.728348e-01  8.716897e-01 -3.180429e-01
    outer loop
      vertex  1.232748e+05  3.039694e+03  5.602537e+03
      vertex  1.236800e+05  2.936527e+03  5.794798e+03
      vertex  1.236800e+05  2.896350e+03  5.684680e+03
    endloop
  endfacet
  facet normal  3.714885e-01  8.792328e-01 -2.982381e-01
    outer loop
      vertex  1.232748e+05  3.039694e+03  5.602537e+03
      vertex  1.236800e+05  2.896350e+03  5.684680e+03
      vertex  1.236800e+05  2.858725e+03  5.573758e+03
    endloop
  endfacet
  facet normal  2.820197e-01  8.633340e-01 -4.184725e-01
    outer loop
      vertex  1.199898e+05  3.304910e+03  1.417520e+03
      vertex  1.199800e+05  3.325217e+03  1.452832e+03
      vertex  1.200061e+05  3.364400e+03  1.551281e+03
    endloop
  endfacet
  facet normal  2.494883e-01  8.751619e-01 -4.145448e-01
    outer loop
      vertex  1.200061e+05  3.364400e+03  1.551281e+03
      vertex  1.199800e+05  3.325217e+03  1.452832e+03
      vertex  1.199800e+05  3.365770e+03  1.538446e+03
    endloop
  endfacet
  facet normal  2.322256e-01  8.965807e-01 -3.771130e-01
    outer loop
      vertex  1.200061e+05  3.364400e+03  1.551281e+03
      vertex  1.199800e+05  3.365770e+03  1.538446e+03
      vertex  1.200225e+05  3.416384e+03  1.684956e+03
    endloop
  endfacet
  facet normal  2.806425e-01  8.791516e-01 -3.851394e-01
    outer loop
      vertex  1.200225e+05  3.416384e+03  1.684956e+03
      vertex  1.199800e+05  3.365770e+03  1.538446e+03
      vertex  1.199800e+05  3.403527e+03  1.624633e+03
    endloop
  endfacet
  facet normal  2.432913e-01  8.994114e-01 -3.631368e-01
    outer loop
      vertex  1.200225e+05  3.416384e+03  1.684956e+03
      vertex  1.199800e+05  3.403527e+03  1.624633e+03
      vertex  1.199800e+05  3.440532e+03  1.716288e+03
    endloop
  endfacet
  facet normal  2.638249e-01  9.033061e-01 -3.382815e-01
    outer loop
      vertex  1.200225e+05  3.416384e+03  1.684956e+03
      vertex  1.199800e+05  3.440532e+03  1.716288e+03
      vertex  1.200389e+05  3.461674e+03  1.818657e+03
    endloop
  endfacet
  facet normal  2.588623e-01  9.056253e-01 -3.359064e-01
    outer loop
      vertex  1.200389e+05  3.461674e+03  1.818657e+03
      vertex  1.199800e+05  3.440532e+03  1.716288e+03
      vertex  1.199800e+05  3.474721e+03  1.808464e+03
    endloop
  endfacet
  facet normal  2.563074e-01  9.164465e-01 -3.072985e-01
    outer loop
      vertex  1.200389e+05  3.461674e+03  1.818657e+03
      vertex  1.199800e+05  3.474721e+03  1.808464e+03
      vertex  1.200498e+05  3.488531e+03  1.907856e+03
    endloop
  endfacet
  facet normal  2.623158e-01  9.134582e-01 -3.111021e-01
    outer loop
      vertex  1.200498e+05  3.488531e+03  1.907856e+03
      vertex  1.199800e+05  3.474721e+03  1.808464e+03
      vertex  1.199800e+05  3.506272e+03  1.901104e+03
    endloop
  endfacet
  facet normal  2.619623e-01  9.221830e-01 -2.845246e-01
    outer loop
      vertex  1.200498e+05  3.488531e+03  1.907856e+03
      vertex  1.199800e+05  3.506272e+03  1.901104e+03
      vertex  1.200607e+05  3.512977e+03  1.997137e+03
    endloop
  endfacet
  facet normal  2.659691e-01  9.200354e-01 -2.877419e-01
    outer loop
      vertex  1.200607e+05  3.512977e+03  1.997137e+03
      vertex  1.199800e+05  3.506272e+03  1.901104e+03
      vertex  1.199800e+05  3.535375e+03  1.994158e+03
    endloop
  endfacet
  facet normal  2.673752e-01  9.296615e-01 -2.534563e-01
    outer loop
      vertex  1.200607e+05  3.512977e+03  1.997137e+03
      vertex  1.199800e+05  3.535375e+03  1.994158e+03
      vertex  1.200825e+05  3.555471e+03  2.176031e+03
    endloop
  endfacet
  facet normal  2.882339e-01  9.203935e-01 -2.641914e-01
    outer loop
      vertex  1.200825e+05  3.555471e+03  2.176031e+03
      vertex  1.199800e+05  3.535375e+03  1.994158e+03
      vertex  1.199800e+05  3.563052e+03  2.090579e+03
    endloop
  endfacet
  facet normal  2.730710e-01  9.302399e-01 -2.451243e-01
    outer loop
      vertex  1.200825e+05  3.555471e+03  2.176031e+03
      vertex  1.199800e+05  3.563052e+03  2.090579e+03
      vertex  1.199800e+05  3.588552e+03  2.187352e+03
    endloop
  endfacet
  facet normal  2.997241e-01  9.416677e-01 -1.530607e-01
    outer loop
      vertex  1.199800e+05  3.736723e+03  2.949123e+03
      vertex  1.201655e+05  3.663542e+03  2.862219e+03
      vertex  1.199800e+05  3.711301e+03  2.792715e+03
    endloop
  endfacet
  facet normal  2.989876e-01  9.422873e-01 -1.506688e-01
    outer loop
      vertex  1.199800e+05  3.711301e+03  2.792715e+03
      vertex  1.201655e+05  3.663542e+03  2.862219e+03
      vertex  1.201525e+05  3.650312e+03  2.753567e+03
    endloop
  endfacet
  facet normal  2.950477e-01  9.409593e-01 -1.659587e-01
    outer loop
      vertex  1.199800e+05  3.711301e+03  2.792715e+03
      vertex  1.201525e+05  3.650312e+03  2.753567e+03
      vertex  1.199800e+05  3.674986e+03  2.586820e+03
    endloop
  endfacet
  facet normal  2.912719e-01  9.428630e-01 -1.617713e-01
    outer loop
      vertex  1.199800e+05  3.674986e+03  2.586820e+03
      vertex  1.201525e+05  3.650312e+03  2.753567e+03
      vertex  1.201329e+05  3.628487e+03  2.591088e+03
    endloop
  endfacet
  facet normal  2.905862e-01  9.382030e-01 -1.879755e-01
    outer loop
      vertex  1.199800e+05  3.674986e+03  2.586820e+03
      vertex  1.201329e+05  3.628487e+03  2.591088e+03
      vertex  1.199800e+05  3.633909e+03  2.381797e+03
    endloop
  endfacet
  facet normal  2.839178e-01  9.412184e-01 -1.830260e-01
    outer loop
      vertex  1.199800e+05  3.633909e+03  2.381797e+03
      vertex  1.201329e+05  3.628487e+03  2.591088e+03
      vertex  1.201077e+05  3.595641e+03  2.383113e+03
    endloop
  endfacet
  facet normal  2.821971e-01  9.342759e-01 -2.179293e-01
    outer loop
      vertex  1.199800e+05  3.633909e+03  2.381797e+03
      vertex  1.201077e+05  3.595641e+03  2.383113e+03
      vertex  1.199800e+05  3.588552e+03  2.187352e+03
    endloop
  endfacet
  facet normal  2.618861e-01  9.430757e-01 -2.049974e-01
    outer loop
      vertex  1.199800e+05  3.588552e+03  2.187352e+03
      vertex  1.201077e+05  3.595641e+03  2.383113e+03
      vertex  1.200951e+05  3.576608e+03  2.279468e+03
    endloop
  endfacet
  facet normal  2.766642e-01  9.343518e-01 -2.245967e-01
    outer loop
      vertex  1.199800e+05  3.588552e+03  2.187352e+03
      vertex  1.200951e+05  3.576608e+03  2.279468e+03
      vertex  1.200825e+05  3.555471e+03  2.176031e+03
    endloop
  endfacet
  facet normal  3.216256e-01  9.355518e-01 -1.459454e-01
    outer loop
      vertex  1.199800e+05  3.826638e+03  3.528514e+03
      vertex  1.202504e+05  3.740829e+03  3.574415e+03
      vertex  1.199800e+05  3.785194e+03  3.262846e+03
    endloop
  endfacet
  facet normal  3.141845e-01  9.391345e-01 -1.389766e-01
    outer loop
      vertex  1.199800e+05  3.785194e+03  3.262846e+03
      vertex  1.202504e+05  3.740829e+03  3.574415e+03
      vertex  1.202210e+05  3.714021e+03  3.326835e+03
    endloop
  endfacet
  facet normal  3.137359e-01  9.396100e-01 -1.367582e-01
    outer loop
      vertex  1.199800e+05  3.785194e+03  3.262846e+03
      vertex  1.202210e+05  3.714021e+03  3.326835e+03
      vertex  1.201917e+05  3.687951e+03  3.080311e+03
    endloop
  endfacet
  facet normal  3.230296e-01  9.342861e-01 -1.508687e-01
    outer loop
      vertex  1.202504e+05  3.740829e+03  3.574415e+03
      vertex  1.199800e+05  3.848382e+03  3.661431e+03
      vertex  1.202859e+05  3.776938e+03  3.873870e+03
    endloop
  endfacet
  facet normal  3.295975e-01  9.301697e-01 -1.617089e-01
    outer loop
      vertex  1.202859e+05  3.776938e+03  3.873870e+03
      vertex  1.199800e+05  3.848382e+03  3.661431e+03
      vertex  1.199800e+05  3.883037e+03  3.860770e+03
    endloop
  endfacet
  facet normal  3.295305e-01  9.294678e-01 -1.658290e-01
    outer loop
      vertex  1.202859e+05  3.776938e+03  3.873870e+03
      vertex  1.199800e+05  3.883037e+03  3.860770e+03
      vertex  1.203036e+05  3.797416e+03  4.023842e+03
    endloop
  endfacet
  facet normal  3.332750e-01  9.264787e-01 -1.748282e-01
    outer loop
      vertex  1.203036e+05  3.797416e+03  4.023842e+03
      vertex  1.199800e+05  3.883037e+03  3.860770e+03
      vertex  1.199800e+05  3.916139e+03  4.036193e+03
    endloop
  endfacet
  facet normal  3.325599e-01  9.253030e-01 -1.822591e-01
    outer loop
      vertex  1.203036e+05  3.797416e+03  4.023842e+03
      vertex  1.199800e+05  3.916139e+03  4.036193e+03
      vertex  1.203315e+05  3.834036e+03  4.260803e+03
    endloop
  endfacet
  facet normal  3.365662e-01  9.223748e-01 -1.895995e-01
    outer loop
      vertex  1.203315e+05  3.834036e+03  4.260803e+03
      vertex  1.199800e+05  3.916139e+03  4.036193e+03
      vertex  1.199800e+05  3.952139e+03  4.211325e+03
    endloop
  endfacet
  facet normal  3.375968e-01  9.183586e-01 -2.065088e-01
    outer loop
      vertex  1.203315e+05  3.834036e+03  4.260803e+03
      vertex  1.199800e+05  3.952139e+03  4.211325e+03
      vertex  1.199800e+05  3.991422e+03  4.386022e+03
    endloop
  endfacet
  facet normal  3.399059e-01  9.113141e-01 -2.323157e-01
    outer loop
      vertex  1.203595e+05  3.876797e+03  4.497524e+03
      vertex  1.199800e+05  4.034312e+03  4.560137e+03
      vertex  1.203875e+05  3.926547e+03  4.733616e+03
    endloop
  endfacet
  facet normal  3.437607e-01  9.067477e-01 -2.442070e-01
    outer loop
      vertex  1.203875e+05  3.926547e+03  4.733616e+03
      vertex  1.199800e+05  4.034312e+03  4.560137e+03
      vertex  1.200012e+05  4.071316e+03  4.727339e+03
    endloop
  endfacet
  facet normal  3.424501e-01  9.025162e-01 -2.611366e-01
    outer loop
      vertex  1.203875e+05  3.926547e+03  4.733616e+03
      vertex  1.200012e+05  4.071316e+03  4.727339e+03
      vertex  1.204155e+05  3.983944e+03  4.968674e+03
    endloop
  endfacet
  facet normal  3.437270e-01  9.012602e-01 -2.637835e-01
    outer loop
      vertex  1.204155e+05  3.983944e+03  4.968674e+03
      vertex  1.200012e+05  4.071316e+03  4.727339e+03
      vertex  1.200223e+05  4.112030e+03  4.894034e+03
    endloop
  endfacet
  facet normal  3.453739e-01  8.943737e-01 -2.842754e-01
    outer loop
      vertex  1.204155e+05  3.983944e+03  4.968674e+03
      vertex  1.200223e+05  4.112030e+03  4.894034e+03
      vertex  1.200435e+05  4.156629e+03  5.060080e+03
    endloop
  endfacet
  facet normal  3.423541e-01  8.701032e-01 -3.545618e-01
    outer loop
      vertex  1.204714e+05  4.123413e+03  5.434075e+03
      vertex  1.200929e+05  4.276473e+03  5.444220e+03
      vertex  1.204994e+05  4.205946e+03  5.663642e+03
    endloop
  endfacet
  facet normal  3.444265e-01  8.673421e-01 -3.592884e-01
    outer loop
      vertex  1.204994e+05  4.205946e+03  5.663642e+03
      vertex  1.200929e+05  4.276473e+03  5.444220e+03
      vertex  1.201212e+05  4.355119e+03  5.661149e+03
    endloop
  endfacet
  facet normal  3.403270e-01  8.564654e-01 -3.881294e-01
    outer loop
      vertex  1.204994e+05  4.205946e+03  5.663642e+03
      vertex  1.201212e+05  4.355119e+03  5.661149e+03
      vertex  1.201494e+05  4.441188e+03  5.875843e+03
    endloop
  endfacet
  facet normal  2.340301e-01  8.857937e-01 -4.007485e-01
    outer loop
      vertex  1.207969e+05  3.091261e+03  1.420713e+03
      vertex  1.204051e+05  3.194089e+03  1.419168e+03
      vertex  1.208111e+05  3.148582e+03  1.555701e+03
    endloop
  endfacet
  facet normal  2.365399e-01  8.809619e-01 -4.098231e-01
    outer loop
      vertex  1.208111e+05  3.148582e+03  1.555701e+03
      vertex  1.204051e+05  3.194089e+03  1.419168e+03
      vertex  1.204203e+05  3.252510e+03  1.553562e+03
    endloop
  endfacet
  facet normal  2.419170e-01  9.022687e-01 -3.569136e-01
    outer loop
      vertex  1.208111e+05  3.148582e+03  1.555701e+03
      vertex  1.204203e+05  3.252510e+03  1.553562e+03
      vertex  1.208253e+05  3.198099e+03  1.690507e+03
    endloop
  endfacet
  facet normal  2.447205e-01  8.973963e-01 -3.671400e-01
    outer loop
      vertex  1.208253e+05  3.198099e+03  1.690507e+03
      vertex  1.204203e+05  3.252510e+03  1.553562e+03
      vertex  1.204356e+05  3.303272e+03  1.687820e+03
    endloop
  endfacet
  facet normal  2.492762e-01  9.155960e-01 -3.155083e-01
    outer loop
      vertex  1.208253e+05  3.198099e+03  1.690507e+03
      vertex  1.204356e+05  3.303272e+03  1.687820e+03
      vertex  1.208395e+05  3.240670e+03  1.825262e+03
    endloop
  endfacet
  facet normal  2.523695e-01  9.107776e-01 -3.267933e-01
    outer loop
      vertex  1.208395e+05  3.240670e+03  1.825262e+03
      vertex  1.204356e+05  3.303272e+03  1.687820e+03
      vertex  1.204509e+05  3.347210e+03  1.822065e+03
    endloop
  endfacet
  facet normal  2.556688e-01  9.240960e-01 -2.840426e-01
    outer loop
      vertex  1.208395e+05  3.240670e+03  1.825262e+03
      vertex  1.204509e+05  3.347210e+03  1.822065e+03
      vertex  1.208484e+05  3.264158e+03  1.909681e+03
    endloop
  endfacet
  facet normal  2.573200e-01  9.200904e-01 -2.953305e-01
    outer loop
      vertex  1.208484e+05  3.264158e+03  1.909681e+03
      vertex  1.204509e+05  3.347210e+03  1.822065e+03
      vertex  1.204611e+05  3.373104e+03  1.911607e+03
    endloop
  endfacet
  facet normal  2.601300e-01  9.294833e-01 -2.615210e-01
    outer loop
      vertex  1.208484e+05  3.264158e+03  1.909681e+03
      vertex  1.204611e+05  3.373104e+03  1.911607e+03
      vertex  1.208573e+05  3.285434e+03  1.994149e+03
    endloop
  endfacet
  facet normal  2.615513e-01  9.260839e-01 -2.719547e-01
    outer loop
      vertex  1.208573e+05  3.285434e+03  1.994149e+03
      vertex  1.204611e+05  3.373104e+03  1.911607e+03
      vertex  1.204712e+05  3.396544e+03  2.001218e+03
    endloop
  endfacet
  facet normal  2.645052e-01  9.342608e-01 -2.391518e-01
    outer loop
      vertex  1.208573e+05  3.285434e+03  1.994149e+03
      vertex  1.204712e+05  3.396544e+03  2.001218e+03
      vertex  1.208673e+05  3.307026e+03  2.089594e+03
    endloop
  endfacet
  facet normal  2.646499e-01  9.339809e-01 -2.400836e-01
    outer loop
      vertex  1.204712e+05  3.396544e+03  2.001218e+03
      vertex  1.204916e+05  3.436924e+03  2.180739e+03
      vertex  1.208673e+05  3.307026e+03  2.089594e+03
    endloop
  endfacet
  facet normal  2.713657e-01  9.375744e-01 -2.175193e-01
    outer loop
      vertex  1.208673e+05  3.307026e+03  2.089594e+03
      vertex  1.204916e+05  3.436924e+03  2.180739e+03
      vertex  1.208774e+05  3.326291e+03  2.185156e+03
    endloop
  endfacet
  facet normal  2.653557e-01  9.393561e-01 -2.172471e-01
    outer loop
      vertex  1.208673e+05  3.307026e+03  2.089594e+03
      vertex  1.208774e+05  3.326291e+03  2.185156e+03
      vertex  1.212560e+05  3.198413e+03  2.094644e+03
    endloop
  endfacet
  facet normal  2.693797e-01  9.413464e-01 -2.032277e-01
    outer loop
      vertex  1.212560e+05  3.198413e+03  2.094644e+03
      vertex  1.208774e+05  3.326291e+03  2.185156e+03
      vertex  1.212651e+05  3.216284e+03  2.189573e+03
    endloop
  endfacet
  facet normal  2.623087e-01  9.434048e-01 -2.029326e-01
    outer loop
      vertex  1.212560e+05  3.198413e+03  2.094644e+03
      vertex  1.212651e+05  3.216284e+03  2.189573e+03
      vertex  1.218621e+05  3.031568e+03  2.102510e+03
    endloop
  endfacet
  facet normal  2.667805e-01  9.468706e-01 -1.796227e-01
    outer loop
      vertex  1.218621e+05  3.031568e+03  2.102510e+03
      vertex  1.212651e+05  3.216284e+03  2.189573e+03
      vertex  1.218699e+05  3.047188e+03  2.196417e+03
    endloop
  endfacet
  facet normal  2.585304e-01  9.492121e-01 -1.793279e-01
    outer loop
      vertex  1.218621e+05  3.031568e+03  2.102510e+03
      vertex  1.218699e+05  3.047188e+03  2.196417e+03
      vertex  1.224733e+05  2.866589e+03  2.110418e+03
    endloop
  endfacet
  facet normal  2.630720e-01  9.523857e-01 -1.541256e-01
    outer loop
      vertex  1.224733e+05  2.866589e+03  2.110418e+03
      vertex  1.218699e+05  3.047188e+03  2.196417e+03
      vertex  1.224797e+05  2.879851e+03  2.203261e+03
    endloop
  endfacet
  facet normal  2.544379e-01  9.547694e-01 -1.538725e-01
    outer loop
      vertex  1.224733e+05  2.866589e+03  2.110418e+03
      vertex  1.224797e+05  2.879851e+03  2.203261e+03
      vertex  1.230899e+05  2.703570e+03  2.118359e+03
    endloop
  endfacet
  facet normal  2.590058e-01  9.575217e-01 -1.267605e-01
    outer loop
      vertex  1.230899e+05  2.703570e+03  2.118359e+03
      vertex  1.224797e+05  2.879851e+03  2.203261e+03
      vertex  1.230948e+05  2.714376e+03  2.210105e+03
    endloop
  endfacet
  facet normal  2.759036e-01  9.416513e-01 -1.927952e-01
    outer loop
      vertex  1.205029e+05  3.456096e+03  2.280673e+03
      vertex  1.205142e+05  3.473282e+03  2.380791e+03
      vertex  1.208875e+05  3.343632e+03  2.281777e+03
    endloop
  endfacet
  facet normal  2.797826e-01  9.430405e-01 -1.799897e-01
    outer loop
      vertex  1.208875e+05  3.343632e+03  2.281777e+03
      vertex  1.205142e+05  3.473282e+03  2.380791e+03
      vertex  1.208976e+05  3.359098e+03  2.378561e+03
    endloop
  endfacet
  facet normal  2.769318e-01  9.439120e-01 -1.798305e-01
    outer loop
      vertex  1.208875e+05  3.343632e+03  2.281777e+03
      vertex  1.208976e+05  3.359098e+03  2.378561e+03
      vertex  1.212831e+05  3.245608e+03  2.376508e+03
    endloop
  endfacet
  facet normal  2.879049e-01  9.461078e-01 -1.482933e-01
    outer loop
      vertex  1.205368e+05  3.502706e+03  2.581641e+03
      vertex  1.205557e+05  3.523318e+03  2.749745e+03
      vertex  1.209179e+05  3.385333e+03  2.572680e+03
    endloop
  endfacet
  facet normal  2.941007e-01  9.461043e-01 -1.356150e-01
    outer loop
      vertex  1.209179e+05  3.385333e+03  2.572680e+03
      vertex  1.205557e+05  3.523318e+03  2.749745e+03
      vertex  1.209360e+05  3.404583e+03  2.746094e+03
    endloop
  endfacet
  facet normal  2.856979e-01  9.487581e-01 -1.350355e-01
    outer loop
      vertex  1.209179e+05  3.385333e+03  2.572680e+03
      vertex  1.209360e+05  3.404583e+03  2.746094e+03
      vertex  1.213011e+05  3.268709e+03  2.564079e+03
    endloop
  endfacet
  facet normal  2.923096e-01  9.485585e-01 -1.216211e-01
    outer loop
      vertex  1.213011e+05  3.268709e+03  2.564079e+03
      vertex  1.209360e+05  3.404583e+03  2.746094e+03
      vertex  1.213182e+05  3.286344e+03  2.742685e+03
    endloop
  endfacet
  facet normal  2.824119e-01  9.516343e-01 -1.209779e-01
    outer loop
      vertex  1.213011e+05  3.268709e+03  2.564079e+03
      vertex  1.213182e+05  3.286344e+03  2.742685e+03
      vertex  1.218993e+05  3.089712e+03  2.552472e+03
    endloop
  endfacet
  facet normal  2.899161e-01  9.519791e-01 -9.840927e-02
    outer loop
      vertex  1.218993e+05  3.089712e+03  2.552472e+03
      vertex  1.213182e+05  3.286344e+03  2.742685e+03
      vertex  1.219146e+05  3.104287e+03  2.738553e+03
    endloop
  endfacet
  facet normal  2.784024e-01  9.554787e-01 -9.773641e-02
    outer loop
      vertex  1.218993e+05  3.089712e+03  2.552472e+03
      vertex  1.219146e+05  3.104287e+03  2.738553e+03
      vertex  1.225031e+05  2.912941e+03  2.544104e+03
    endloop
  endfacet
  facet normal  2.864809e-01  9.552927e-01 -7.310653e-02
    outer loop
      vertex  1.225031e+05  2.912941e+03  2.544104e+03
      vertex  1.219146e+05  3.104287e+03  2.738553e+03
      vertex  1.225162e+05  2.923733e+03  2.736591e+03
    endloop
  endfacet
  facet normal  2.741266e-01  9.589593e-01 -7.246922e-02
    outer loop
      vertex  1.225031e+05  2.912941e+03  2.544104e+03
      vertex  1.225162e+05  2.923733e+03  2.736591e+03
      vertex  1.231125e+05  2.738391e+03  2.539737e+03
    endloop
  endfacet
  facet normal  2.827131e-01  9.581169e-01 -4.566515e-02
    outer loop
      vertex  1.231125e+05  2.738391e+03  2.539737e+03
      vertex  1.225162e+05  2.923733e+03  2.736591e+03
      vertex  1.231231e+05  2.744686e+03  2.737307e+03
    endloop
  endfacet
  facet normal  2.744573e-01  9.605317e-01 -4.530007e-02
    outer loop
      vertex  1.231125e+05  2.738391e+03  2.539737e+03
      vertex  1.231231e+05  2.744686e+03  2.737307e+03
      vertex  1.236800e+05  2.582082e+03  2.663449e+03
    endloop
  endfacet
  facet normal  2.982927e-01  9.459515e-01 -1.272685e-01
    outer loop
      vertex  1.205682e+05  3.535627e+03  2.862166e+03
      vertex  1.205934e+05  3.558062e+03  3.087842e+03
      vertex  1.209480e+05  3.415868e+03  2.862072e+03
    endloop
  endfacet
  facet normal  3.064499e-01  9.450492e-01 -1.138882e-01
    outer loop
      vertex  1.209480e+05  3.415868e+03  2.862072e+03
      vertex  1.205934e+05  3.558062e+03  3.087842e+03
      vertex  1.209720e+05  3.436129e+03  3.094908e+03
    endloop
  endfacet
  facet normal  2.967667e-01  9.482211e-01 -1.131641e-01
    outer loop
      vertex  1.209480e+05  3.415868e+03  2.862072e+03
      vertex  1.209720e+05  3.436129e+03  3.094908e+03
      vertex  1.213296e+05  3.296433e+03  2.862139e+03
    endloop
  endfacet
  facet normal  3.054660e-01  9.470333e-01 -9.908687e-02
    outer loop
      vertex  1.213296e+05  3.296433e+03  2.862139e+03
      vertex  1.209720e+05  3.436129e+03  3.094908e+03
      vertex  1.213524e+05  3.314176e+03  3.101973e+03
    endloop
  endfacet
  facet normal  2.944497e-01  9.505975e-01 -9.830377e-02
    outer loop
      vertex  1.213296e+05  3.296433e+03  2.862139e+03
      vertex  1.213524e+05  3.314176e+03  3.101973e+03
      vertex  1.219248e+05  3.112153e+03  2.863012e+03
    endloop
  endfacet
  facet normal  3.040156e-01  9.497370e-01 -7.466114e-02
    outer loop
      vertex  1.219248e+05  3.112153e+03  2.863012e+03
      vertex  1.213524e+05  3.314176e+03  3.101973e+03
      vertex  1.219453e+05  3.125267e+03  3.112921e+03
    endloop
  endfacet
  facet normal  2.914923e-01  9.537184e-01 -7.384748e-02
    outer loop
      vertex  1.219248e+05  3.112153e+03  2.863012e+03
      vertex  1.219453e+05  3.125267e+03  3.112921e+03
      vertex  1.225250e+05  2.928912e+03  2.865336e+03
    endloop
  endfacet
  facet normal  3.018222e-01  9.521347e-01 -4.840431e-02
    outer loop
      vertex  1.225250e+05  2.928912e+03  2.865336e+03
      vertex  1.219453e+05  3.125267e+03  3.112921e+03
      vertex  1.225425e+05  2.936503e+03  3.123868e+03
    endloop
  endfacet
  facet normal  2.882140e-01  9.563818e-01 -4.760706e-02
    outer loop
      vertex  1.225250e+05  2.928912e+03  2.865336e+03
      vertex  1.225425e+05  2.936503e+03  3.123868e+03
      vertex  1.231302e+05  2.746733e+03  2.869450e+03
    endloop
  endfacet
  facet normal  2.992432e-01  9.539605e-01 -2.032435e-02
    outer loop
      vertex  1.231302e+05  2.746733e+03  2.869450e+03
      vertex  1.225425e+05  2.936503e+03  3.123868e+03
      vertex  1.231443e+05  2.747961e+03  3.134816e+03
    endloop
  endfacet
  facet normal  2.872054e-01  9.576664e-01 -1.970145e-02
    outer loop
      vertex  1.231302e+05  2.746733e+03  2.869450e+03
      vertex  1.231443e+05  2.747961e+03  3.134816e+03
      vertex  1.236800e+05  2.583233e+03  2.937184e+03
    endloop
  endfacet
  facet normal  3.149558e-01  9.406661e-01 -1.262939e-01
    outer loop
      vertex  1.206217e+05  3.581947e+03  3.342973e+03
      vertex  1.206499e+05  3.606882e+03  3.599224e+03
      vertex  1.209991e+05  3.457615e+03  3.358166e+03
    endloop
  endfacet
  facet normal  3.227841e-01  9.395499e-01 -1.142643e-01
    outer loop
      vertex  1.209991e+05  3.457615e+03  3.358166e+03
      vertex  1.206499e+05  3.606882e+03  3.599224e+03
      vertex  1.210261e+05  3.480478e+03  3.622604e+03
    endloop
  endfacet
  facet normal  3.182700e-01  9.411281e-01 -1.139388e-01
    outer loop
      vertex  1.209991e+05  3.457615e+03  3.358166e+03
      vertex  1.210261e+05  3.480478e+03  3.622604e+03
      vertex  1.213866e+05  3.339368e+03  3.463870e+03
    endloop
  endfacet
  facet normal  3.230977e-01  9.407802e-01 -1.026673e-01
    outer loop
      vertex  1.213866e+05  3.339368e+03  3.463870e+03
      vertex  1.210261e+05  3.480478e+03  3.622604e+03
      vertex  1.214037e+05  3.353334e+03  3.645621e+03
    endloop
  endfacet
  facet normal  3.174387e-01  9.427461e-01 -1.022864e-01
    outer loop
      vertex  1.213866e+05  3.339368e+03  3.463870e+03
      vertex  1.214037e+05  3.353334e+03  3.645621e+03
      vertex  1.219759e+05  3.143792e+03  3.490090e+03
    endloop
  endfacet
  facet normal  3.232128e-01  9.428388e-01 -8.116867e-02
    outer loop
      vertex  1.219759e+05  3.143792e+03  3.490090e+03
      vertex  1.214037e+05  3.353334e+03  3.645621e+03
      vertex  1.219912e+05  3.154854e+03  3.679533e+03
    endloop
  endfacet
  facet normal  3.168223e-01  9.450386e-01 -8.078085e-02
    outer loop
      vertex  1.219759e+05  3.143792e+03  3.490090e+03
      vertex  1.219912e+05  3.154854e+03  3.679533e+03
      vertex  1.225688e+05  2.947080e+03  3.514114e+03
    endloop
  endfacet
  facet normal  3.231898e-01  9.445584e-01 -5.794470e-02
    outer loop
      vertex  1.225688e+05  2.947080e+03  3.514114e+03
      vertex  1.219912e+05  3.154854e+03  3.679533e+03
      vertex  1.225819e+05  2.954612e+03  3.710142e+03
    endloop
  endfacet
  facet normal  3.158438e-01  9.470643e-01 -5.754885e-02
    outer loop
      vertex  1.225688e+05  2.947080e+03  3.514114e+03
      vertex  1.225819e+05  2.954612e+03  3.710142e+03
      vertex  1.231655e+05  2.749378e+03  3.535419e+03
    endloop
  endfacet
  facet normal  3.228179e-01  9.458899e-01 -3.287637e-02
    outer loop
      vertex  1.231655e+05  2.749378e+03  3.535419e+03
      vertex  1.225819e+05  2.954612e+03  3.710142e+03
      vertex  1.231760e+05  2.752762e+03  3.736664e+03
    endloop
  endfacet
  facet normal  3.217032e-01  9.462714e-01 -3.282419e-02
    outer loop
      vertex  1.231655e+05  2.749378e+03  3.535419e+03
      vertex  1.231760e+05  2.752762e+03  3.736664e+03
      vertex  1.236800e+05  2.580818e+03  3.719079e+03
    endloop
  endfacet
  facet normal  3.344729e-01  9.294526e-01 -1.557107e-01
    outer loop
      vertex  1.210691e+05  3.525509e+03  4.043902e+03
      vertex  1.206978e+05  3.657511e+03  4.034191e+03
      vertex  1.210812e+05  3.541106e+03  4.163067e+03
    endloop
  endfacet
  facet normal  3.386827e-01  9.249975e-01 -1.722608e-01
    outer loop
      vertex  1.210812e+05  3.541106e+03  4.163067e+03
      vertex  1.206978e+05  3.657511e+03  4.034191e+03
      vertex  1.207238e+05  3.692219e+03  4.271850e+03
    endloop
  endfacet
  facet normal  3.401565e-01  9.252757e-01 -1.678052e-01
    outer loop
      vertex  1.210812e+05  3.541106e+03  4.163067e+03
      vertex  1.207238e+05  3.692219e+03  4.271850e+03
      vertex  1.210934e+05  3.558254e+03  4.282214e+03
    endloop
  endfacet
  facet normal  3.397033e-01  9.230391e-01 -1.805558e-01
    outer loop
      vertex  1.210934e+05  3.558254e+03  4.282214e+03
      vertex  1.207238e+05  3.692219e+03  4.271850e+03
      vertex  1.211055e+05  3.577082e+03  4.401293e+03
    endloop
  endfacet
  facet normal  3.437804e-01  9.181742e-01 -1.969038e-01
    outer loop
      vertex  1.211055e+05  3.577082e+03  4.401293e+03
      vertex  1.207238e+05  3.692219e+03  4.271850e+03
      vertex  1.207499e+05  3.733360e+03  4.509251e+03
    endloop
  endfacet
  facet normal  3.446426e-01  9.183896e-01 -1.943759e-01
    outer loop
      vertex  1.211055e+05  3.577082e+03  4.401293e+03
      vertex  1.207499e+05  3.733360e+03  4.509251e+03
      vertex  1.211176e+05  3.597707e+03  4.520253e+03
    endloop
  endfacet
  facet normal  3.432037e-01  9.120511e-01 -2.244414e-01
    outer loop
      vertex  1.207499e+05  3.733360e+03  4.509251e+03
      vertex  1.207760e+05  3.781800e+03  4.745995e+03
      vertex  1.211176e+05  3.597707e+03  4.520253e+03
    endloop
  endfacet
  facet normal  3.533089e-01  9.118626e-01 -2.089964e-01
    outer loop
      vertex  1.211176e+05  3.597707e+03  4.520253e+03
      vertex  1.207760e+05  3.781800e+03  4.745995e+03
      vertex  1.211298e+05  3.620232e+03  4.639043e+03
    endloop
  endfacet
  facet normal  3.451034e-01  9.150527e-01 -2.087633e-01
    outer loop
      vertex  1.211176e+05  3.597707e+03  4.520253e+03
      vertex  1.211298e+05  3.620232e+03  4.639043e+03
      vertex  1.214867e+05  3.461037e+03  4.531256e+03
    endloop
  endfacet
  facet normal  3.469203e-01  9.155541e-01 -2.034875e-01
    outer loop
      vertex  1.214867e+05  3.461037e+03  4.531256e+03
      vertex  1.211298e+05  3.620232e+03  4.639043e+03
      vertex  1.215034e+05  3.494366e+03  4.709823e+03
    endloop
  endfacet
  facet normal  3.467648e-01  9.047268e-01 -2.474343e-01
    outer loop
      vertex  1.211419e+05  3.644749e+03  4.757610e+03
      vertex  1.207760e+05  3.781800e+03  4.745995e+03
      vertex  1.211661e+05  3.700060e+03  4.993857e+03
    endloop
  endfacet
  facet normal  3.505622e-01  9.012836e-01 -2.545466e-01
    outer loop
      vertex  1.211661e+05  3.700060e+03  4.993857e+03
      vertex  1.207760e+05  3.781800e+03  4.745995e+03
      vertex  1.208021e+05  3.838207e+03  4.981667e+03
    endloop
  endfacet
  facet normal  3.487848e-01  8.943363e-01 -2.801996e-01
    outer loop
      vertex  1.211661e+05  3.700060e+03  4.993857e+03
      vertex  1.208021e+05  3.838207e+03  4.981667e+03
      vertex  1.211904e+05  3.764128e+03  5.228565e+03
    endloop
  endfacet
  facet normal  3.519163e-01  8.912522e-01 -2.860499e-01
    outer loop
      vertex  1.211904e+05  3.764128e+03  5.228565e+03
      vertex  1.208021e+05  3.838207e+03  4.981667e+03
      vertex  1.208282e+05  3.903065e+03  5.215847e+03
    endloop
  endfacet
  facet normal  3.496319e-01  8.827510e-01 -3.138602e-01
    outer loop
      vertex  1.211904e+05  3.764128e+03  5.228565e+03
      vertex  1.208282e+05  3.903065e+03  5.215847e+03
      vertex  1.212147e+05  3.837267e+03  5.461311e+03
    endloop
  endfacet
  facet normal  3.521278e-01  8.800919e-01 -3.185029e-01
    outer loop
      vertex  1.212147e+05  3.837267e+03  5.461311e+03
      vertex  1.208282e+05  3.903065e+03  5.215847e+03
      vertex  1.208543e+05  3.976683e+03  5.448126e+03
    endloop
  endfacet
  facet normal  3.493159e-01  8.700492e-01 -3.478402e-01
    outer loop
      vertex  1.212147e+05  3.837267e+03  5.461311e+03
      vertex  1.208543e+05  3.976683e+03  5.448126e+03
      vertex  1.212390e+05  3.919623e+03  5.691691e+03
    endloop
  endfacet
  facet normal  3.511921e-01  8.678983e-01 -3.513070e-01
    outer loop
      vertex  1.212390e+05  3.919623e+03  5.691691e+03
      vertex  1.208543e+05  3.976683e+03  5.448126e+03
      vertex  1.208804e+05  4.059211e+03  5.678113e+03
    endloop
  endfacet
  facet normal  3.475964e-01  8.555033e-01 -3.837848e-01
    outer loop
      vertex  1.212390e+05  3.919623e+03  5.691691e+03
      vertex  1.208804e+05  4.059211e+03  5.678113e+03
      vertex  1.210231e+05  4.105257e+03  5.909988e+03
    endloop
  endfacet
  facet normal  2.313485e-01  8.908051e-01 -3.910809e-01
    outer loop
      vertex  1.211909e+05  2.989611e+03  1.422259e+03
      vertex  1.207969e+05  3.091261e+03  1.420713e+03
      vertex  1.212040e+05  3.045733e+03  1.557840e+03
    endloop
  endfacet
  facet normal  2.340440e-01  8.857901e-01 -4.007484e-01
    outer loop
      vertex  1.212040e+05  3.045733e+03  1.557840e+03
      vertex  1.207969e+05  3.091261e+03  1.420713e+03
      vertex  1.208111e+05  3.148582e+03  1.555701e+03
    endloop
  endfacet
  facet normal  2.393456e-01  9.071822e-01 -3.460260e-01
    outer loop
      vertex  1.212040e+05  3.045733e+03  1.557840e+03
      vertex  1.208111e+05  3.148582e+03  1.555701e+03
      vertex  1.212171e+05  3.093909e+03  1.693194e+03
    endloop
  endfacet
  facet normal  2.423560e-01  9.021500e-01 -3.569162e-01
    outer loop
      vertex  1.212171e+05  3.093909e+03  1.693194e+03
      vertex  1.208111e+05  3.148582e+03  1.555701e+03
      vertex  1.208253e+05  3.198099e+03  1.690507e+03
    endloop
  endfacet
  facet normal  2.468134e-01  9.202877e-01 -3.035681e-01
    outer loop
      vertex  1.212171e+05  3.093909e+03  1.693194e+03
      vertex  1.208253e+05  3.198099e+03  1.690507e+03
      vertex  1.212302e+05  3.135016e+03  1.828459e+03
    endloop
  endfacet
  facet normal  2.501189e-01  9.153610e-01 -3.155229e-01
    outer loop
      vertex  1.212302e+05  3.135016e+03  1.828459e+03
      vertex  1.208253e+05  3.198099e+03  1.690507e+03
      vertex  1.208395e+05  3.240670e+03  1.825262e+03
    endloop
  endfacet
  facet normal  2.533325e-01  9.285851e-01 -2.712052e-01
    outer loop
      vertex  1.212302e+05  3.135016e+03  1.828459e+03
      vertex  1.208395e+05  3.240670e+03  1.825262e+03
      vertex  1.212385e+05  3.157771e+03  1.914120e+03
    endloop
  endfacet
  facet normal  2.552794e-01  9.242068e-01 -2.840323e-01
    outer loop
      vertex  1.212385e+05  3.157771e+03  1.914120e+03
      vertex  1.208395e+05  3.240670e+03  1.825262e+03
      vertex  1.208484e+05  3.264158e+03  1.909681e+03
    endloop
  endfacet
  facet normal  2.575226e-01  9.339408e-01 -2.478643e-01
    outer loop
      vertex  1.212385e+05  3.157771e+03  1.914120e+03
      vertex  1.208484e+05  3.264158e+03  1.909681e+03
      vertex  1.212468e+05  3.178229e+03  1.999819e+03
    endloop
  endfacet
  facet normal  2.596759e-01  9.296145e-01 -2.615063e-01
    outer loop
      vertex  1.212468e+05  3.178229e+03  1.999819e+03
      vertex  1.208484e+05  3.264158e+03  1.909681e+03
      vertex  1.208573e+05  3.285434e+03  1.994149e+03
    endloop
  endfacet
  facet normal  2.616099e-01  9.385687e-01 -2.250534e-01
    outer loop
      vertex  1.212468e+05  3.178229e+03  1.999819e+03
      vertex  1.208573e+05  3.285434e+03  1.994149e+03
      vertex  1.212560e+05  3.198413e+03  2.094644e+03
    endloop
  endfacet
  facet normal  2.642380e-01  9.343392e-01 -2.391415e-01
    outer loop
      vertex  1.212560e+05  3.198413e+03  2.094644e+03
      vertex  1.208573e+05  3.285434e+03  1.994149e+03
      vertex  1.208673e+05  3.307026e+03  2.089594e+03
    endloop
  endfacet
  facet normal  3.351213e-01  9.310503e-01 -1.443573e-01
    outer loop
      vertex  1.214419e+05  3.392822e+03  4.053612e+03
      vertex  1.210691e+05  3.525509e+03  4.043902e+03
      vertex  1.214531e+05  3.407322e+03  4.173106e+03
    endloop
  endfacet
  facet normal  3.381003e-01  9.281068e-01 -1.559039e-01
    outer loop
      vertex  1.214531e+05  3.407322e+03  4.173106e+03
      vertex  1.210691e+05  3.525509e+03  4.043902e+03
      vertex  1.210812e+05  3.541106e+03  4.163067e+03
    endloop
  endfacet
  facet normal  3.380726e-01  9.279598e-01 -1.568367e-01
    outer loop
      vertex  1.214531e+05  3.407322e+03  4.173106e+03
      vertex  1.210812e+05  3.541106e+03  4.163067e+03
      vertex  1.214643e+05  3.423439e+03  4.292578e+03
    endloop
  endfacet
  facet normal  3.408841e-01  9.250016e-01 -1.678399e-01
    outer loop
      vertex  1.214643e+05  3.423439e+03  4.292578e+03
      vertex  1.210812e+05  3.541106e+03  4.163067e+03
      vertex  1.210934e+05  3.558254e+03  4.282214e+03
    endloop
  endfacet
  facet normal  3.408014e-01  9.245870e-01 -1.702744e-01
    outer loop
      vertex  1.214643e+05  3.423439e+03  4.292578e+03
      vertex  1.210934e+05  3.558254e+03  4.282214e+03
      vertex  1.214755e+05  3.441304e+03  4.411979e+03
    endloop
  endfacet
  facet normal  3.434396e-01  9.216247e-01 -1.807128e-01
    outer loop
      vertex  1.214755e+05  3.441304e+03  4.411979e+03
      vertex  1.210934e+05  3.558254e+03  4.282214e+03
      vertex  1.211055e+05  3.577082e+03  4.401293e+03
    endloop
  endfacet
  facet normal  3.432914e-01  9.209182e-01 -1.845554e-01
    outer loop
      vertex  1.214755e+05  3.441304e+03  4.411979e+03
      vertex  1.211055e+05  3.577082e+03  4.401293e+03
      vertex  1.214867e+05  3.461037e+03  4.531256e+03
    endloop
  endfacet
  facet normal  3.457536e-01  9.179636e-01 -1.944153e-01
    outer loop
      vertex  1.214867e+05  3.461037e+03  4.531256e+03
      vertex  1.211055e+05  3.577082e+03  4.401293e+03
      vertex  1.211176e+05  3.597707e+03  4.520253e+03
    endloop
  endfacet
  facet normal  3.562064e-01  8.801640e-01 -3.137328e-01
    outer loop
      vertex  1.212147e+05  3.837267e+03  5.461311e+03
      vertex  1.215650e+05  3.658738e+03  5.358168e+03
      vertex  1.211904e+05  3.764128e+03  5.228565e+03
    endloop
  endfacet
  facet normal  3.530644e-01  8.863155e-01 -2.996502e-01
    outer loop
      vertex  1.211904e+05  3.764128e+03  5.228565e+03
      vertex  1.215650e+05  3.658738e+03  5.358168e+03
      vertex  1.215538e+05  3.623677e+03  5.241282e+03
    endloop
  endfacet
  facet normal  3.547696e-01  8.926955e-01 -2.779087e-01
    outer loop
      vertex  1.211904e+05  3.764128e+03  5.228565e+03
      vertex  1.215538e+05  3.623677e+03  5.241282e+03
      vertex  1.215370e+05  3.575477e+03  5.065022e+03
    endloop
  endfacet
  facet normal  2.280341e-01  8.986122e-01 -3.748288e-01
    outer loop
      vertex  1.218058e+05  2.834570e+03  1.424654e+03
      vertex  1.211909e+05  2.989611e+03  1.422259e+03
      vertex  1.218171e+05  2.888640e+03  1.561155e+03
    endloop
  endfacet
  facet normal  2.304201e-01  8.910419e-01 -3.910893e-01
    outer loop
      vertex  1.218171e+05  2.888640e+03  1.561155e+03
      vertex  1.211909e+05  2.989611e+03  1.422259e+03
      vertex  1.212040e+05  3.045733e+03  1.557840e+03
    endloop
  endfacet
  facet normal  2.361483e-01  9.147320e-01 -3.278708e-01
    outer loop
      vertex  1.218171e+05  2.888640e+03  1.561155e+03
      vertex  1.212040e+05  3.045733e+03  1.557840e+03
      vertex  1.218284e+05  2.934542e+03  1.697358e+03
    endloop
  endfacet
  facet normal  2.388821e-01  9.073049e-01 -3.460249e-01
    outer loop
      vertex  1.218284e+05  2.934542e+03  1.697358e+03
      vertex  1.212040e+05  3.045733e+03  1.557840e+03
      vertex  1.212171e+05  3.093909e+03  1.693194e+03
    endloop
  endfacet
  facet normal  2.437060e-01  9.274385e-01 -2.836642e-01
    outer loop
      vertex  1.218284e+05  2.934542e+03  1.697358e+03
      vertex  1.212171e+05  3.093909e+03  1.693194e+03
      vertex  1.218398e+05  2.973184e+03  1.833412e+03
    endloop
  endfacet
  facet normal  2.468024e-01  9.202908e-01 -3.035679e-01
    outer loop
      vertex  1.218398e+05  2.973184e+03  1.833412e+03
      vertex  1.212171e+05  3.093909e+03  1.693194e+03
      vertex  1.212302e+05  3.135016e+03  1.828459e+03
    endloop
  endfacet
  facet normal  2.503673e-01  9.353628e-01 -2.498256e-01
    outer loop
      vertex  1.218398e+05  2.973184e+03  1.833412e+03
      vertex  1.212302e+05  3.135016e+03  1.828459e+03
      vertex  1.218470e+05  2.994640e+03  1.921040e+03
    endloop
  endfacet
  facet normal  2.521074e-01  9.289266e-01 -2.711774e-01
    outer loop
      vertex  1.218470e+05  2.994640e+03  1.921040e+03
      vertex  1.212302e+05  3.135016e+03  1.828459e+03
      vertex  1.212385e+05  3.157771e+03  1.914120e+03
    endloop
  endfacet
  facet normal  2.546671e-01  9.404225e-01 -2.252778e-01
    outer loop
      vertex  1.218470e+05  2.994640e+03  1.921040e+03
      vertex  1.212385e+05  3.157771e+03  1.914120e+03
      vertex  1.218543e+05  3.013665e+03  2.008691e+03
    endloop
  endfacet
  facet normal  2.566716e-01  9.341816e-01 -2.478396e-01
    outer loop
      vertex  1.218543e+05  3.013665e+03  2.008691e+03
      vertex  1.212385e+05  3.157771e+03  1.914120e+03
      vertex  1.212468e+05  3.178229e+03  1.999819e+03
    endloop
  endfacet
  facet normal  2.588252e-01  9.446155e-01 -2.017696e-01
    outer loop
      vertex  1.218543e+05  3.013665e+03  2.008691e+03
      vertex  1.212468e+05  3.178229e+03  1.999819e+03
      vertex  1.218621e+05  3.031568e+03  2.102510e+03
    endloop
  endfacet
  facet normal  2.612898e-01  9.386606e-01 -2.250419e-01
    outer loop
      vertex  1.218621e+05  3.031568e+03  2.102510e+03
      vertex  1.212468e+05  3.178229e+03  1.999819e+03
      vertex  1.212560e+05  3.198413e+03  2.094644e+03
    endloop
  endfacet
  facet normal  3.358608e-01  9.334810e-01 -1.257404e-01
    outer loop
      vertex  1.220225e+05  3.185946e+03  4.068657e+03
      vertex  1.214419e+05  3.392822e+03  4.053612e+03
      vertex  1.220328e+05  3.199483e+03  4.196677e+03
    endloop
  endfacet
  facet normal  3.391344e-01  9.295656e-01 -1.445529e-01
    outer loop
      vertex  1.220328e+05  3.199483e+03  4.196677e+03
      vertex  1.214419e+05  3.392822e+03  4.053612e+03
      vertex  1.214531e+05  3.407322e+03  4.173106e+03
    endloop
  endfacet
  facet normal  3.391916e-01  9.302421e-01 -1.399956e-01
    outer loop
      vertex  1.220328e+05  3.199483e+03  4.196677e+03
      vertex  1.214531e+05  3.407322e+03  4.173106e+03
      vertex  1.220431e+05  3.214987e+03  4.324665e+03
    endloop
  endfacet
  facet normal  3.423041e-01  9.263762e-01 -1.570192e-01
    outer loop
      vertex  1.220431e+05  3.214987e+03  4.324665e+03
      vertex  1.214531e+05  3.407322e+03  4.173106e+03
      vertex  1.214643e+05  3.423439e+03  4.292578e+03
    endloop
  endfacet
  facet normal  3.423160e-01  9.268182e-01 -1.543623e-01
    outer loop
      vertex  1.220431e+05  3.214987e+03  4.324665e+03
      vertex  1.214643e+05  3.423439e+03  4.292578e+03
      vertex  1.220521e+05  3.230290e+03  4.436542e+03
    endloop
  endfacet
  facet normal  3.449968e-01  9.230010e-01 -1.704302e-01
    outer loop
      vertex  1.220521e+05  3.230290e+03  4.436542e+03
      vertex  1.214643e+05  3.423439e+03  4.292578e+03
      vertex  1.214755e+05  3.441304e+03  4.411979e+03
    endloop
  endfacet
  facet normal  3.450379e-01  9.233349e-01 -1.685279e-01
    outer loop
      vertex  1.220521e+05  3.230290e+03  4.436542e+03
      vertex  1.214755e+05  3.441304e+03  4.411979e+03
      vertex  1.220612e+05  3.247323e+03  4.548303e+03
    endloop
  endfacet
  facet normal  3.474699e-01  9.193240e-01 -1.846835e-01
    outer loop
      vertex  1.220612e+05  3.247323e+03  4.548303e+03
      vertex  1.214755e+05  3.441304e+03  4.411979e+03
      vertex  1.214867e+05  3.461037e+03  4.531256e+03
    endloop
  endfacet
  facet normal  3.473350e-01  9.186931e-01 -1.880461e-01
    outer loop
      vertex  1.220612e+05  3.247323e+03  4.548303e+03
      vertex  1.214867e+05  3.461037e+03  4.531256e+03
      vertex  1.220756e+05  3.278541e+03  4.727585e+03
    endloop
  endfacet
  facet normal  3.510456e-01  9.139601e-01 -2.035777e-01
    outer loop
      vertex  1.220756e+05  3.278541e+03  4.727585e+03
      vertex  1.214867e+05  3.461037e+03  4.531256e+03
      vertex  1.215034e+05  3.494366e+03  4.709823e+03
    endloop
  endfacet
  facet normal  3.505788e-01  9.119237e-01 -2.132832e-01
    outer loop
      vertex  1.220756e+05  3.278541e+03  4.727585e+03
      vertex  1.215034e+05  3.494366e+03  4.709823e+03
      vertex  1.220901e+05  3.314757e+03  4.906257e+03
    endloop
  endfacet
  facet normal  3.538722e-01  9.072244e-01 -2.274167e-01
    outer loop
      vertex  1.220901e+05  3.314757e+03  4.906257e+03
      vertex  1.215034e+05  3.494366e+03  4.709823e+03
      vertex  1.215202e+05  3.532433e+03  4.887807e+03
    endloop
  endfacet
  facet normal  3.531728e-01  9.043624e-01 -2.395782e-01
    outer loop
      vertex  1.220901e+05  3.314757e+03  4.906257e+03
      vertex  1.215202e+05  3.532433e+03  4.887807e+03
      vertex  1.221046e+05  3.356217e+03  5.084122e+03
    endloop
  endfacet
  facet normal  3.560500e-01  8.997733e-01 -2.522623e-01
    outer loop
      vertex  1.221046e+05  3.356217e+03  5.084122e+03
      vertex  1.215202e+05  3.532433e+03  4.887807e+03
      vertex  1.215370e+05  3.575477e+03  5.065022e+03
    endloop
  endfacet
  facet normal  3.550794e-01  8.960105e-01 -2.666156e-01
    outer loop
      vertex  1.221046e+05  3.356217e+03  5.084122e+03
      vertex  1.215370e+05  3.575477e+03  5.065022e+03
      vertex  1.221191e+05  3.403101e+03  5.260987e+03
    endloop
  endfacet
  facet normal  3.575608e-01  8.915923e-01 -2.778729e-01
    outer loop
      vertex  1.221191e+05  3.403101e+03  5.260987e+03
      vertex  1.215370e+05  3.575477e+03  5.065022e+03
      vertex  1.215538e+05  3.623677e+03  5.241282e+03
    endloop
  endfacet
  facet normal  3.564149e-01  8.873438e-01 -2.925567e-01
    outer loop
      vertex  1.221191e+05  3.403101e+03  5.260987e+03
      vertex  1.215538e+05  3.623677e+03  5.241282e+03
      vertex  1.221320e+05  3.449432e+03  5.417206e+03
    endloop
  endfacet
  facet normal  3.576836e-01  8.844965e-01 -2.995467e-01
    outer loop
      vertex  1.221320e+05  3.449432e+03  5.417206e+03
      vertex  1.215538e+05  3.623677e+03  5.241282e+03
      vertex  1.215650e+05  3.658738e+03  5.358168e+03
    endloop
  endfacet
  facet normal  3.573010e-01  8.784966e-01 -3.171428e-01
    outer loop
      vertex  1.221320e+05  3.449432e+03  5.417206e+03
      vertex  1.215650e+05  3.658738e+03  5.358168e+03
      vertex  1.221449e+05  3.500198e+03  5.572354e+03
    endloop
  endfacet
  facet normal  3.572852e-01  8.785266e-01 -3.170779e-01
    outer loop
      vertex  1.221449e+05  3.500198e+03  5.572354e+03
      vertex  1.215650e+05  3.658738e+03  5.358168e+03
      vertex  1.215762e+05  3.696170e+03  5.474495e+03
    endloop
  endfacet
  facet normal  3.582463e-01  8.682104e-01 -3.433225e-01
    outer loop
      vertex  1.221449e+05  3.500198e+03  5.572354e+03
      vertex  1.215762e+05  3.696170e+03  5.474495e+03
      vertex  1.215986e+05  3.778187e+03  5.705269e+03
    endloop
  endfacet
  facet normal  2.234219e-01  9.069791e-01 -3.570317e-01
    outer loop
      vertex  1.224264e+05  2.682659e+03  1.427048e+03
      vertex  1.218058e+05  2.834570e+03  1.424654e+03
      vertex  1.224358e+05  2.734436e+03  1.564469e+03
    endloop
  endfacet
  facet normal  2.261232e-01  8.990831e-01 -3.748571e-01
    outer loop
      vertex  1.224358e+05  2.734436e+03  1.564469e+03
      vertex  1.218058e+05  2.834570e+03  1.424654e+03
      vertex  1.218171e+05  2.888640e+03  1.561155e+03
    endloop
  endfacet
  facet normal  2.316633e-01  9.227451e-01 -3.080156e-01
    outer loop
      vertex  1.224358e+05  2.734436e+03  1.564469e+03
      vertex  1.218171e+05  2.888640e+03  1.561155e+03
      vertex  1.224452e+05  2.777821e+03  1.701521e+03
    endloop
  endfacet
  facet normal  2.347512e-01  9.150898e-01 -3.278755e-01
    outer loop
      vertex  1.224452e+05  2.777821e+03  1.701521e+03
      vertex  1.218171e+05  2.888640e+03  1.561155e+03
      vertex  1.218284e+05  2.934542e+03  1.697358e+03
    endloop
  endfacet
  facet normal  2.393449e-01  9.349173e-01 -2.619996e-01
    outer loop
      vertex  1.224452e+05  2.777821e+03  1.701521e+03
      vertex  1.218284e+05  2.934542e+03  1.697358e+03
      vertex  1.224546e+05  2.813757e+03  1.838365e+03
    endloop
  endfacet
  facet normal  2.428244e-01  9.276718e-01 -2.836572e-01
    outer loop
      vertex  1.224546e+05  2.813757e+03  1.838365e+03
      vertex  1.218284e+05  2.934542e+03  1.697358e+03
      vertex  1.218398e+05  2.973184e+03  1.833412e+03
    endloop
  endfacet
  facet normal  2.461733e-01  9.423592e-01 -2.266226e-01
    outer loop
      vertex  1.224546e+05  2.813757e+03  1.838365e+03
      vertex  1.218398e+05  2.973184e+03  1.833412e+03
      vertex  1.224608e+05  2.833701e+03  1.928002e+03
    endloop
  endfacet
  facet normal  2.482589e-01  9.359339e-01 -2.497901e-01
    outer loop
      vertex  1.224608e+05  2.833701e+03  1.928002e+03
      vertex  1.218398e+05  2.973184e+03  1.833412e+03
      vertex  1.218470e+05  2.994640e+03  1.921040e+03
    endloop
  endfacet
  facet normal  2.506141e-01  9.470353e-01 -2.007903e-01
    outer loop
      vertex  1.224608e+05  2.833701e+03  1.928002e+03
      vertex  1.218470e+05  2.994640e+03  1.921040e+03
      vertex  1.224669e+05  2.851074e+03  2.017645e+03
    endloop
  endfacet
  facet normal  2.529990e-01  9.408819e-01 -2.252390e-01
    outer loop
      vertex  1.224669e+05  2.851074e+03  2.017645e+03
      vertex  1.218470e+05  2.994640e+03  1.921040e+03
      vertex  1.218543e+05  3.013665e+03  2.008691e+03
    endloop
  endfacet
  facet normal  2.548975e-01  9.507183e-01 -1.765276e-01
    outer loop
      vertex  1.224669e+05  2.851074e+03  2.017645e+03
      vertex  1.218543e+05  3.013665e+03  2.008691e+03
      vertex  1.224733e+05  2.866589e+03  2.110418e+03
    endloop
  endfacet
  facet normal  2.576671e-01  9.449395e-01 -2.017352e-01
    outer loop
      vertex  1.224733e+05  2.866589e+03  2.110418e+03
      vertex  1.218543e+05  3.013665e+03  2.008691e+03
      vertex  1.218621e+05  3.031568e+03  2.102510e+03
    endloop
  endfacet
  facet normal  3.364470e-01  9.358642e-01 -1.046979e-01
    outer loop
      vertex  1.226069e+05  2.977561e+03  4.083701e+03
      vertex  1.220225e+05  3.185946e+03  4.068657e+03
      vertex  1.226152e+05  2.988511e+03  4.208319e+03
    endloop
  endfacet
  facet normal  3.401303e-01  9.319099e-01 -1.259179e-01
    outer loop
      vertex  1.226152e+05  2.988511e+03  4.208319e+03
      vertex  1.220225e+05  3.185946e+03  4.068657e+03
      vertex  1.220328e+05  3.199483e+03  4.196677e+03
    endloop
  endfacet
  facet normal  3.402913e-01  9.327179e-01 -1.193281e-01
    outer loop
      vertex  1.226152e+05  2.988511e+03  4.208319e+03
      vertex  1.220328e+05  3.199483e+03  4.196677e+03
      vertex  1.226235e+05  3.001414e+03  4.332902e+03
    endloop
  endfacet
  facet normal  3.437008e-01  9.285614e-01 -1.401550e-01
    outer loop
      vertex  1.226235e+05  3.001414e+03  4.332902e+03
      vertex  1.220328e+05  3.199483e+03  4.196677e+03
      vertex  1.220431e+05  3.214987e+03  4.324665e+03
    endloop
  endfacet
  facet normal  3.439011e-01  9.293242e-01 -1.344941e-01
    outer loop
      vertex  1.226235e+05  3.001414e+03  4.332902e+03
      vertex  1.220431e+05  3.214987e+03  4.324665e+03
      vertex  1.226313e+05  3.015367e+03  4.449192e+03
    endloop
  endfacet
  facet normal  3.467209e-01  9.251580e-01 -1.544902e-01
    outer loop
      vertex  1.226313e+05  3.015367e+03  4.449192e+03
      vertex  1.220431e+05  3.214987e+03  4.324665e+03
      vertex  1.220521e+05  3.230290e+03  4.436542e+03
    endloop
  endfacet
  facet normal  3.468760e-01  9.258414e-01 -1.499821e-01
    outer loop
      vertex  1.226313e+05  3.015367e+03  4.449192e+03
      vertex  1.220521e+05  3.230290e+03  4.436542e+03
      vertex  1.226390e+05  3.031271e+03  4.565349e+03
    endloop
  endfacet
  facet normal  3.495379e-01  9.216222e-01 -1.686295e-01
    outer loop
      vertex  1.226390e+05  3.031271e+03  4.565349e+03
      vertex  1.220521e+05  3.230290e+03  4.436542e+03
      vertex  1.220612e+05  3.247323e+03  4.548303e+03
    endloop
  endfacet
  facet normal  3.629760e-01  8.670135e-01 -3.413738e-01
    outer loop
      vertex  1.221578e+05  3.555418e+03  5.726306e+03
      vertex  1.227218e+05  3.340513e+03  5.780242e+03
      vertex  1.221449e+05  3.500198e+03  5.572354e+03
    endloop
  endfacet
  facet normal  3.613440e-01  8.704941e-01 -3.341711e-01
    outer loop
      vertex  1.221449e+05  3.500198e+03  5.572354e+03
      vertex  1.227218e+05  3.340513e+03  5.780242e+03
      vertex  1.227080e+05  3.270111e+03  5.581923e+03
    endloop
  endfacet
  facet normal  3.633461e-01  8.761141e-01 -3.168655e-01
    outer loop
      vertex  1.221449e+05  3.500198e+03  5.572354e+03
      vertex  1.227080e+05  3.270111e+03  5.581923e+03
      vertex  1.221320e+05  3.449432e+03  5.417206e+03
    endloop
  endfacet
  facet normal  3.608713e-01  8.826883e-01 -3.010536e-01
    outer loop
      vertex  1.221320e+05  3.449432e+03  5.417206e+03
      vertex  1.227080e+05  3.270111e+03  5.581923e+03
      vertex  1.226942e+05  3.207417e+03  5.381556e+03
    endloop
  endfacet
  facet normal  3.624098e-01  8.849806e-01 -2.923501e-01
    outer loop
      vertex  1.221320e+05  3.449432e+03  5.417206e+03
      vertex  1.226942e+05  3.207417e+03  5.381556e+03
      vertex  1.221191e+05  3.403101e+03  5.260987e+03
    endloop
  endfacet
  facet normal  2.185705e-01  9.155668e-01 -3.375860e-01
    outer loop
      vertex  1.230527e+05  2.534006e+03  1.429443e+03
      vertex  1.224264e+05  2.682659e+03  1.427048e+03
      vertex  1.230602e+05  2.583242e+03  1.567784e+03
    endloop
  endfacet
  facet normal  2.216168e-01  9.074070e-01 -3.570693e-01
    outer loop
      vertex  1.230602e+05  2.583242e+03  1.567784e+03
      vertex  1.224264e+05  2.682659e+03  1.427048e+03
      vertex  1.224358e+05  2.734436e+03  1.564469e+03
    endloop
  endfacet
  facet normal  2.269173e-01  9.308457e-01 -2.864170e-01
    outer loop
      vertex  1.230602e+05  2.583242e+03  1.567784e+03
      vertex  1.224358e+05  2.734436e+03  1.564469e+03
      vertex  1.230676e+05  2.623865e+03  1.705685e+03
    endloop
  endfacet
  facet normal  2.303851e-01  9.230610e-01 -3.080278e-01
    outer loop
      vertex  1.230676e+05  2.623865e+03  1.705685e+03
      vertex  1.224358e+05  2.734436e+03  1.564469e+03
      vertex  1.224452e+05  2.777821e+03  1.701521e+03
    endloop
  endfacet
  facet normal  2.346931e-01  9.423578e-01 -2.384974e-01
    outer loop
      vertex  1.230676e+05  2.623865e+03  1.705685e+03
      vertex  1.224452e+05  2.777821e+03  1.701521e+03
      vertex  1.230750e+05  2.656849e+03  1.843318e+03
    endloop
  endfacet
  facet normal  2.385920e-01  9.351100e-01 -2.619985e-01
    outer loop
      vertex  1.230750e+05  2.656849e+03  1.843318e+03
      vertex  1.224452e+05  2.777821e+03  1.701521e+03
      vertex  1.224546e+05  2.813757e+03  1.838365e+03
    endloop
  endfacet
  facet normal  2.416723e-01  9.491981e-01 -2.015376e-01
    outer loop
      vertex  1.230750e+05  2.656849e+03  1.843318e+03
      vertex  1.224546e+05  2.813757e+03  1.838365e+03
      vertex  1.230800e+05  2.675056e+03  1.934999e+03
    endloop
  endfacet
  facet normal  2.441466e-01  9.428914e-01 -2.266016e-01
    outer loop
      vertex  1.230800e+05  2.675056e+03  1.934999e+03
      vertex  1.224546e+05  2.813757e+03  1.838365e+03
      vertex  1.224608e+05  2.833701e+03  1.928002e+03
    endloop
  endfacet
  facet normal  2.462461e-01  9.533879e-01 -1.743967e-01
    outer loop
      vertex  1.230800e+05  2.675056e+03  1.934999e+03
      vertex  1.224608e+05  2.833701e+03  1.928002e+03
      vertex  1.230849e+05  2.690545e+03  2.026666e+03
    endloop
  endfacet
  facet normal  2.490529e-01  9.474528e-01 -2.007637e-01
    outer loop
      vertex  1.230849e+05  2.690545e+03  2.026666e+03
      vertex  1.224608e+05  2.833701e+03  1.928002e+03
      vertex  1.224669e+05  2.851074e+03  2.017645e+03
    endloop
  endfacet
  facet normal  2.506485e-01  9.564819e-01 -1.493912e-01
    outer loop
      vertex  1.230849e+05  2.690545e+03  2.026666e+03
      vertex  1.224669e+05  2.851074e+03  2.017645e+03
      vertex  1.230899e+05  2.703570e+03  2.118359e+03
    endloop
  endfacet
  facet normal  2.537412e-01  9.510325e-01 -1.765004e-01
    outer loop
      vertex  1.230899e+05  2.703570e+03  2.118359e+03
      vertex  1.224669e+05  2.851074e+03  2.017645e+03
      vertex  1.224733e+05  2.866589e+03  2.110418e+03
    endloop
  endfacet
  facet normal  3.104278e-01  9.493147e-01 -4.935824e-02
    outer loop
      vertex  1.225600e+05  2.943165e+03  3.383735e+03
      vertex  1.225688e+05  2.947080e+03  3.514114e+03
      vertex  1.231584e+05  2.748415e+03  3.401574e+03
    endloop
  endfacet
  facet normal  3.151817e-01  9.487418e-01 -2.343962e-02
    outer loop
      vertex  1.231584e+05  2.748415e+03  3.401574e+03
      vertex  1.225688e+05  2.947080e+03  3.514114e+03
      vertex  1.231655e+05  2.749378e+03  3.535419e+03
    endloop
  endfacet
  facet normal  3.095010e-01  9.506172e-01 -2.315369e-02
    outer loop
      vertex  1.231584e+05  2.748415e+03  3.401574e+03
      vertex  1.231655e+05  2.749378e+03  3.535419e+03
      vertex  1.236800e+05  2.579354e+03  3.432857e+03
    endloop
  endfacet
  facet normal  3.367590e-01  9.380296e-01 -8.181546e-02
    outer loop
      vertex  1.231950e+05  2.767715e+03  4.098746e+03
      vertex  1.226069e+05  2.977561e+03  4.083701e+03
      vertex  1.232014e+05  2.776029e+03  4.220278e+03
    endloop
  endfacet
  facet normal  3.407785e-01  9.342788e-01 -1.048478e-01
    outer loop
      vertex  1.232014e+05  2.776029e+03  4.220278e+03
      vertex  1.226069e+05  2.977561e+03  4.083701e+03
      vertex  1.226152e+05  2.988511e+03  4.208319e+03
    endloop
  endfacet
  facet normal  3.409112e-01  9.350975e-01 -9.681111e-02
    outer loop
      vertex  1.232014e+05  2.776029e+03  4.220278e+03
      vertex  1.226152e+05  2.988511e+03  4.208319e+03
      vertex  1.232078e+05  2.786284e+03  4.341774e+03
    endloop
  endfacet
  facet normal  3.446464e-01  9.311016e-01 -1.194516e-01
    outer loop
      vertex  1.232078e+05  2.786284e+03  4.341774e+03
      vertex  1.226152e+05  2.988511e+03  4.208319e+03
      vertex  1.226235e+05  3.001414e+03  4.332902e+03
    endloop
  endfacet
  facet normal  3.448278e-01  9.318711e-01 -1.127381e-01
    outer loop
      vertex  1.232078e+05  2.786284e+03  4.341774e+03
      vertex  1.226235e+05  3.001414e+03  4.332902e+03
      vertex  1.232141e+05  2.798512e+03  4.462158e+03
    endloop
  endfacet
  facet normal  3.481819e-01  9.277152e-01 -1.345873e-01
    outer loop
      vertex  1.232141e+05  2.798512e+03  4.462158e+03
      vertex  1.226235e+05  3.001414e+03  4.332902e+03
      vertex  1.226313e+05  3.015367e+03  4.449192e+03
    endloop
  endfacet
  facet normal  3.483176e-01  9.283811e-01 -1.295506e-01
    outer loop
      vertex  1.232141e+05  2.798512e+03  4.462158e+03
      vertex  1.226313e+05  3.015367e+03  4.449192e+03
      vertex  1.232204e+05  2.812919e+03  4.582396e+03
    endloop
  endfacet
  facet normal  3.514791e-01  9.240927e-01 -1.500507e-01
    outer loop
      vertex  1.232204e+05  2.812919e+03  4.582396e+03
      vertex  1.226313e+05  3.015367e+03  4.449192e+03
      vertex  1.226390e+05  3.031271e+03  4.565349e+03
    endloop
  endfacet
  facet normal  3.603461e-01  9.066696e-01 -2.193191e-01
    outer loop
      vertex  1.232421e+05  2.880634e+03  4.994445e+03
      vertex  1.226666e+05  3.104857e+03  4.975806e+03
      vertex  1.232530e+05  2.925740e+03  5.198784e+03
    endloop
  endfacet
  facet normal  3.645862e-01  9.010277e-01 -2.350020e-01
    outer loop
      vertex  1.232530e+05  2.925740e+03  5.198784e+03
      vertex  1.226666e+05  3.104857e+03  4.975806e+03
      vertex  1.226804e+05  3.152380e+03  5.179419e+03
    endloop
  endfacet
  facet normal  3.633999e-01  8.964366e-01 -2.536574e-01
    outer loop
      vertex  1.232530e+05  2.925740e+03  5.198784e+03
      vertex  1.226804e+05  3.152380e+03  5.179419e+03
      vertex  1.232639e+05  2.978713e+03  5.401583e+03
    endloop
  endfacet
  facet normal  3.670613e-01  8.908652e-01 -2.676288e-01
    outer loop
      vertex  1.232639e+05  2.978713e+03  5.401583e+03
      vertex  1.226804e+05  3.152380e+03  5.179419e+03
      vertex  1.226942e+05  3.207417e+03  5.381556e+03
    endloop
  endfacet
  facet normal  3.654507e-01  8.850374e-01 -2.883653e-01
    outer loop
      vertex  1.232639e+05  2.978713e+03  5.401583e+03
      vertex  1.226942e+05  3.207417e+03  5.381556e+03
      vertex  1.232748e+05  3.039694e+03  5.602537e+03
    endloop
  endfacet
  facet normal  3.685631e-01  8.796485e-01 -3.006325e-01
    outer loop
      vertex  1.232748e+05  3.039694e+03  5.602537e+03
      vertex  1.226942e+05  3.207417e+03  5.381556e+03
      vertex  1.227080e+05  3.270111e+03  5.581923e+03
    endloop
  endfacet
  facet normal  3.664879e-01  8.725384e-01 -3.230530e-01
    outer loop
      vertex  1.232748e+05  3.039694e+03  5.602537e+03
      vertex  1.227080e+05  3.270111e+03  5.581923e+03
      vertex  1.232857e+05  3.108732e+03  5.801356e+03
    endloop
  endfacet
  facet normal  3.690839e-01  8.674496e-01 -3.336291e-01
    outer loop
      vertex  1.232857e+05  3.108732e+03  5.801356e+03
      vertex  1.227080e+05  3.270111e+03  5.581923e+03
      vertex  1.227218e+05  3.340513e+03  5.780242e+03
    endloop
  endfacet
  facet normal  3.654832e-01  8.557147e-01 -3.662983e-01
    outer loop
      vertex  1.232857e+05  3.108732e+03  5.801356e+03
      vertex  1.227218e+05  3.340513e+03  5.780242e+03
      vertex  1.227884e+05  3.396869e+03  5.978279e+03
    endloop
  endfacet
  facet normal  3.199148e-01  8.355727e-01 -4.466238e-01
    outer loop
      vertex  1.199800e+05  4.730704e+03  6.313000e+03
      vertex  1.202085e+05  4.643228e+03  6.313000e+03
      vertex  1.199800e+05  4.613189e+03  6.093146e+03
    endloop
  endfacet
  facet normal  3.204784e-01  8.350794e-01 -4.471422e-01
    outer loop
      vertex  1.199800e+05  4.613189e+03  6.093146e+03
      vertex  1.202085e+05  4.643228e+03  6.313000e+03
      vertex  1.201790e+05  4.538304e+03  6.095886e+03
    endloop
  endfacet
  facet normal  3.251140e-01  8.484759e-01 -4.175997e-01
    outer loop
      vertex  1.199800e+05  4.613189e+03  6.093146e+03
      vertex  1.201790e+05  4.538304e+03  6.095886e+03
      vertex  1.199800e+05  4.503299e+03  5.869871e+03
    endloop
  endfacet
  facet normal  3.256317e-01  8.480828e-01 -4.179946e-01
    outer loop
      vertex  1.199800e+05  4.503299e+03  5.869871e+03
      vertex  1.201790e+05  4.538304e+03  6.095886e+03
      vertex  1.201494e+05  4.441188e+03  5.875843e+03
    endloop
  endfacet
  facet normal  3.404170e-01  9.080451e-01 -2.440707e-01
    outer loop
      vertex  1.199800e+05  4.034312e+03  4.560137e+03
      vertex  1.199800e+05  4.081527e+03  4.735800e+03
      vertex  1.200012e+05  4.071316e+03  4.727339e+03
    endloop
  endfacet
  facet normal  3.316598e-01  9.058875e-01 -2.633811e-01
    outer loop
      vertex  1.200012e+05  4.071316e+03  4.727339e+03
      vertex  1.199800e+05  4.081527e+03  4.735800e+03
      vertex  1.200223e+05  4.112030e+03  4.894034e+03
    endloop
  endfacet
  facet normal  3.407673e-01  9.020064e-01 -2.650701e-01
    outer loop
      vertex  1.200223e+05  4.112030e+03  4.894034e+03
      vertex  1.199800e+05  4.081527e+03  4.735800e+03
      vertex  1.199800e+05  4.132889e+03  4.910577e+03
    endloop
  endfacet
  facet normal  3.321404e-01  8.994727e-01 -2.839569e-01
    outer loop
      vertex  1.200223e+05  4.112030e+03  4.894034e+03
      vertex  1.199800e+05  4.132889e+03  4.910577e+03
      vertex  1.200435e+05  4.156629e+03  5.060080e+03
    endloop
  endfacet
  facet normal  3.393555e-01  8.959767e-01 -2.864674e-01
    outer loop
      vertex  1.200435e+05  4.156629e+03  5.060080e+03
      vertex  1.199800e+05  4.132889e+03  4.910577e+03
      vertex  1.199800e+05  4.185854e+03  5.076234e+03
    endloop
  endfacet
  facet normal  3.328816e-01  8.922302e-01 -3.051477e-01
    outer loop
      vertex  1.200435e+05  4.156629e+03  5.060080e+03
      vertex  1.199800e+05  4.185854e+03  5.076234e+03
      vertex  1.200647e+05  4.205246e+03  5.225338e+03
    endloop
  endfacet
  facet normal  3.381648e-01  8.893372e-01 -3.077728e-01
    outer loop
      vertex  1.200647e+05  4.205246e+03  5.225338e+03
      vertex  1.199800e+05  4.185854e+03  5.076234e+03
      vertex  1.199800e+05  4.242810e+03  5.240815e+03
    endloop
  endfacet
  facet normal  3.315478e-01  8.837146e-01 -3.303400e-01
    outer loop
      vertex  1.200647e+05  4.205246e+03  5.225338e+03
      vertex  1.199800e+05  4.242810e+03  5.240815e+03
      vertex  1.200929e+05  4.276473e+03  5.444220e+03
    endloop
  endfacet
  facet normal  3.304451e-01  8.843188e-01 -3.298278e-01
    outer loop
      vertex  1.200929e+05  4.276473e+03  5.444220e+03
      vertex  1.199800e+05  4.242810e+03  5.240815e+03
      vertex  1.199800e+05  4.302199e+03  5.400046e+03
    endloop
  endfacet
  facet normal  3.386380e-01  8.695926e-01 -3.593508e-01
    outer loop
      vertex  1.200929e+05  4.276473e+03  5.444220e+03
      vertex  1.199800e+05  4.302199e+03  5.400046e+03
      vertex  1.201212e+05  4.355119e+03  5.661149e+03
    endloop
  endfacet
  facet normal  3.212360e-01  8.791943e-01 -3.518875e-01
    outer loop
      vertex  1.201212e+05  4.355119e+03  5.661149e+03
      vertex  1.199800e+05  4.302199e+03  5.400046e+03
      vertex  1.199800e+05  4.365431e+03  5.558031e+03
    endloop
  endfacet
  facet normal  3.341908e-01  8.664593e-01 -3.708975e-01
    outer loop
      vertex  1.201212e+05  4.355119e+03  5.661149e+03
      vertex  1.199800e+05  4.365431e+03  5.558031e+03
      vertex  1.199800e+05  4.432481e+03  5.714668e+03
    endloop
  endfacet
  facet normal  3.228855e-01  8.610382e-01 -3.928844e-01
    outer loop
      vertex  1.199800e+05  4.432481e+03  5.714668e+03
      vertex  1.199800e+05  4.503299e+03  5.869871e+03
      vertex  1.201212e+05  4.355119e+03  5.661149e+03
    endloop
  endfacet
  facet normal  3.292107e-01  8.606946e-01 -3.883622e-01
    outer loop
      vertex  1.201212e+05  4.355119e+03  5.661149e+03
      vertex  1.199800e+05  4.503299e+03  5.869871e+03
      vertex  1.201494e+05  4.441188e+03  5.875843e+03
    endloop
  endfacet
endsolid CATIA STL
