solid CATIA STL
  facet normal  0.000000e+00  0.000000e+00 -1.000000e+00
    outer loop
      vertex  1.860000e+04 -5.046233e+03  1.600000e+03
      vertex  1.859620e+04 -5.045092e+03  1.600000e+03
      vertex  1.827068e+04 -4.935082e+03  1.600000e+03
    endloop
  endfacet
  facet normal  0.000000e+00  0.000000e+00 -1.000000e+00
    outer loop
      vertex  1.860000e+04 -5.046233e+03  1.600000e+03
      vertex  1.827068e+04 -4.935082e+03  1.600000e+03
      vertex  1.794709e+04 -4.822162e+03  1.600000e+03
    endloop
  endfacet
  facet normal  0.000000e+00  0.000000e+00 -9.999999e-01
    outer loop
      vertex  1.860000e+04 -5.046233e+03  1.600000e+03
      vertex  1.794709e+04 -4.822162e+03  1.600000e+03
      vertex  1.730391e+04 -4.590754e+03  1.600000e+03
    endloop
  endfacet
  facet normal  0.000000e+00  0.000000e+00 -1.000000e+00
    outer loop
      vertex  1.860000e+04 -5.046233e+03  1.600000e+03
      vertex  1.730391e+04 -4.590754e+03  1.600000e+03
      vertex  1.654207e+04 -4.311550e+03  1.600000e+03
    endloop
  endfacet
  facet normal  0.000000e+00  0.000000e+00 -9.999999e-01
    outer loop
      vertex  1.860000e+04 -5.046233e+03  1.600000e+03
      vertex  1.654207e+04 -4.311550e+03  1.600000e+03
      vertex  1.576093e+04 -4.026426e+03  1.600000e+03
    endloop
  endfacet
  facet normal  0.000000e+00  0.000000e+00 -9.999999e-01
    outer loop
      vertex  1.860000e+04 -5.046233e+03  1.600000e+03
      vertex  1.576093e+04 -4.026426e+03  1.600000e+03
      vertex  1.540058e+04 -3.896484e+03  1.600000e+03
    endloop
  endfacet
  facet normal  0.000000e+00  0.000000e+00 -1.000000e+00
    outer loop
      vertex  1.860000e+04 -1.961000e+03  1.600000e+03
      vertex  1.860000e+04 -5.046233e+03  1.600000e+03
      vertex  1.540058e+04 -3.896484e+03  1.600000e+03
    endloop
  endfacet
  facet normal  0.000000e+00  0.000000e+00 -1.000000e+00
    outer loop
      vertex  1.860000e+04 -1.961000e+03  1.600000e+03
      vertex  1.540058e+04 -3.896484e+03  1.600000e+03
      vertex  1.503978e+04 -3.767656e+03  1.600000e+03
    endloop
  endfacet
  facet normal  0.000000e+00  0.000000e+00 -1.000000e+00
    outer loop
      vertex  1.860000e+04 -1.961000e+03  1.600000e+03
      vertex  1.503978e+04 -3.767656e+03  1.600000e+03
      vertex  1.467737e+04 -3.639578e+03  1.600000e+03
    endloop
  endfacet
  facet normal  0.000000e+00  0.000000e+00 -1.000000e+00
    outer loop
      vertex  1.860000e+04 -1.961000e+03  1.600000e+03
      vertex  1.467737e+04 -3.639578e+03  1.600000e+03
      vertex  1.431437e+04 -3.512575e+03  1.600000e+03
    endloop
  endfacet
  facet normal  0.000000e+00  0.000000e+00 -1.000000e+00
    outer loop
      vertex  1.860000e+04 -1.961000e+03  1.600000e+03
      vertex  1.431437e+04 -3.512575e+03  1.600000e+03
      vertex  1.396416e+04 -3.391185e+03  1.600000e+03
    endloop
  endfacet
  facet normal  0.000000e+00  0.000000e+00 -1.000000e+00
    outer loop
      vertex  1.860000e+04 -1.961000e+03  1.600000e+03
      vertex  1.396416e+04 -3.391185e+03  1.600000e+03
      vertex  1.361347e+04 -3.270666e+03  1.600000e+03
    endloop
  endfacet
  facet normal  0.000000e+00  0.000000e+00 -1.000000e+00
    outer loop
      vertex  1.860000e+04 -1.961000e+03  1.600000e+03
      vertex  1.361347e+04 -3.270666e+03  1.600000e+03
      vertex  1.330683e+04 -3.166106e+03  1.600000e+03
    endloop
  endfacet
  facet normal  0.000000e+00  0.000000e+00 -9.999999e-01
    outer loop
      vertex  1.860000e+04 -1.961000e+03  1.600000e+03
      vertex  1.330683e+04 -3.166106e+03  1.600000e+03
      vertex  1.300000e+04 -3.062262e+03  1.600000e+03
    endloop
  endfacet
  facet normal  0.000000e+00  0.000000e+00 -1.000000e+00
    outer loop
      vertex  1.860000e+04 -1.961000e+03  1.600000e+03
      vertex  1.300000e+04 -3.062262e+03  1.600000e+03
      vertex  1.300000e+04 -1.961000e+03  1.600000e+03
    endloop
  endfacet
  facet normal  0.000000e+00  9.999999e-01  0.000000e+00
    outer loop
      vertex  1.300000e+04 -1.961000e+03  1.600000e+03
      vertex  1.300000e+04 -1.961000e+03  2.500000e+03
      vertex  1.860000e+04 -1.961000e+03  1.600000e+03
    endloop
  endfacet
  facet normal  0.000000e+00  9.999999e-01  -0.000000e+00
    outer loop
      vertex  1.860000e+04 -1.961000e+03  1.600000e+03
      vertex  1.300000e+04 -1.961000e+03  2.500000e+03
      vertex  1.860000e+04 -1.961000e+03  2.500000e+03
    endloop
  endfacet
  facet normal -1.000000e+00  0.000000e+00  0.000000e+00
    outer loop
      vertex  1.300000e+04 -1.961000e+03  1.600000e+03
      vertex  1.300000e+04 -3.062262e+03  1.600000e+03
      vertex  1.300000e+04 -3.132727e+03  1.814112e+03
    endloop
  endfacet
  facet normal -9.999999e-01  0.000000e+00  0.000000e+00
    outer loop
      vertex  1.300000e+04 -1.961000e+03  1.600000e+03
      vertex  1.300000e+04 -3.132727e+03  1.814112e+03
      vertex  1.300000e+04 -3.193456e+03  1.994854e+03
    endloop
  endfacet
  facet normal -1.000000e+00  0.000000e+00  0.000000e+00
    outer loop
      vertex  1.300000e+04 -1.961000e+03  1.600000e+03
      vertex  1.300000e+04 -3.193456e+03  1.994854e+03
      vertex  1.300000e+04 -3.233330e+03  2.106987e+03
    endloop
  endfacet
  facet normal -1.000000e+00  0.000000e+00  0.000000e+00
    outer loop
      vertex  1.300000e+04 -1.961000e+03  1.600000e+03
      vertex  1.300000e+04 -3.233330e+03  2.106987e+03
      vertex  1.300000e+04 -3.275685e+03  2.219081e+03
    endloop
  endfacet
  facet normal -1.000000e+00  0.000000e+00  0.000000e+00
    outer loop
      vertex  1.300000e+04 -1.961000e+03  1.600000e+03
      vertex  1.300000e+04 -3.275685e+03  2.219081e+03
      vertex  1.300000e+04 -3.321048e+03  2.331056e+03
    endloop
  endfacet
  facet normal -1.000000e+00  0.000000e+00  0.000000e+00
    outer loop
      vertex  1.300000e+04 -1.961000e+03  1.600000e+03
      vertex  1.300000e+04 -3.321048e+03  2.331056e+03
      vertex  1.300000e+04 -3.369850e+03  2.442842e+03
    endloop
  endfacet
  facet normal -9.999999e-01  0.000000e+00  0.000000e+00
    outer loop
      vertex  1.300000e+04 -1.961000e+03  1.600000e+03
      vertex  1.300000e+04 -3.369850e+03  2.442842e+03
      vertex  1.300000e+04 -3.396289e+03  2.500000e+03
    endloop
  endfacet
  facet normal -1.000000e+00  0.000000e+00  0.000000e+00
    outer loop
      vertex  1.300000e+04 -1.961000e+03  1.600000e+03
      vertex  1.300000e+04 -3.396289e+03  2.500000e+03
      vertex  1.300000e+04 -1.961000e+03  2.500000e+03
    endloop
  endfacet
  facet normal  0.000000e+00  0.000000e+00  1.000000e+00
    outer loop
      vertex  1.860000e+04 -3.930000e+03  2.500000e+03
      vertex  1.860000e+04 -1.961000e+03  2.500000e+03
      vertex  1.300000e+04 -1.961000e+03  2.500000e+03
    endloop
  endfacet
  facet normal  0.000000e+00  0.000000e+00  1.000000e+00
    outer loop
      vertex  1.860000e+04 -3.930000e+03  2.500000e+03
      vertex  1.300000e+04 -1.961000e+03  2.500000e+03
      vertex  1.300000e+04 -3.396289e+03  2.500000e+03
    endloop
  endfacet
  facet normal  0.000000e+00  0.000000e+00  1.000000e+00
    outer loop
      vertex  1.860000e+04 -3.930000e+03  2.500000e+03
      vertex  1.300000e+04 -3.396289e+03  2.500000e+03
      vertex  1.327553e+04 -3.531027e+03  2.500000e+03
    endloop
  endfacet
  facet normal  0.000000e+00  0.000000e+00  1.000000e+00
    outer loop
      vertex  1.860000e+04 -3.930000e+03  2.500000e+03
      vertex  1.327553e+04 -3.531027e+03  2.500000e+03
      vertex  1.361384e+04 -3.695467e+03  2.500000e+03
    endloop
  endfacet
  facet normal  0.000000e+00  0.000000e+00  1.000000e+00
    outer loop
      vertex  1.860000e+04 -3.930000e+03  2.500000e+03
      vertex  1.361384e+04 -3.695467e+03  2.500000e+03
      vertex  1.410497e+04 -3.930000e+03  2.500000e+03
    endloop
  endfacet
  facet normal -1.000000e+00  0.000000e+00  0.000000e+00
    outer loop
      vertex  1.090000e+04 -4.987051e+03  5.081097e+03
      vertex  1.090000e+04 -5.170021e+03  5.223628e+03
      vertex  1.090000e+04 -4.564256e+03  4.758363e+03
    endloop
  endfacet
  facet normal -1.000000e+00  0.000000e+00  0.000000e+00
    outer loop
      vertex  1.090000e+04 -4.151150e+03  4.442184e+03
      vertex  1.090000e+04 -4.564256e+03  4.758363e+03
      vertex  1.090000e+04 -5.170021e+03  5.223628e+03
    endloop
  endfacet
  facet normal -1.000000e+00  0.000000e+00  0.000000e+00
    outer loop
      vertex  1.090000e+04 -4.151150e+03  4.442184e+03
      vertex  1.090000e+04 -5.170021e+03  5.223628e+03
      vertex  1.090000e+04 -5.352438e+03  5.368845e+03
    endloop
  endfacet
  facet normal -1.000000e+00  0.000000e+00  0.000000e+00
    outer loop
      vertex  1.090000e+04 -4.151150e+03  4.442184e+03
      vertex  1.090000e+04 -5.352438e+03  5.368845e+03
      vertex  1.090000e+04 -5.533635e+03  5.517175e+03
    endloop
  endfacet
  facet normal -9.999999e-01  0.000000e+00  0.000000e+00
    outer loop
      vertex  1.090000e+04 -4.151150e+03  4.442184e+03
      vertex  1.090000e+04 -5.533635e+03  5.517175e+03
      vertex  1.090000e+04 -5.737113e+03  5.689952e+03
    endloop
  endfacet
  facet normal -1.000000e+00  0.000000e+00  0.000000e+00
    outer loop
      vertex  1.090000e+04 -4.151150e+03  4.442184e+03
      vertex  1.090000e+04 -5.737113e+03  5.689952e+03
      vertex  1.090000e+04 -5.937180e+03  5.867875e+03
    endloop
  endfacet
  facet normal -9.999999e-01  0.000000e+00  0.000000e+00
    outer loop
      vertex  1.090000e+04 -3.930000e+03  4.267689e+03
      vertex  1.090000e+04 -4.151150e+03  4.442184e+03
      vertex  1.090000e+04 -5.937180e+03  5.867875e+03
    endloop
  endfacet
  facet normal -1.000000e+00  0.000000e+00  0.000000e+00
    outer loop
      vertex  1.090000e+04 -3.930000e+03  4.267689e+03
      vertex  1.090000e+04 -5.937180e+03  5.867875e+03
      vertex  1.090000e+04 -6.106893e+03  6.026525e+03
    endloop
  endfacet
  facet normal -1.000000e+00  0.000000e+00  0.000000e+00
    outer loop
      vertex  1.090000e+04 -3.930000e+03  4.267689e+03
      vertex  1.090000e+04 -6.106893e+03  6.026525e+03
      vertex  1.090000e+04 -6.272654e+03  6.189804e+03
    endloop
  endfacet
  facet normal -1.000000e+00  0.000000e+00  0.000000e+00
    outer loop
      vertex  1.090000e+04 -3.930000e+03  4.267689e+03
      vertex  1.090000e+04 -6.272654e+03  6.189804e+03
      vertex  1.090000e+04 -6.391631e+03  6.313000e+03
    endloop
  endfacet
  facet normal -1.000000e+00  0.000000e+00  0.000000e+00
    outer loop
      vertex  1.090000e+04 -3.930000e+03  4.267689e+03
      vertex  1.090000e+04 -6.391631e+03  6.313000e+03
      vertex  1.090000e+04 -3.930000e+03  6.313000e+03
    endloop
  endfacet
  facet normal  0.000000e+00  0.000000e+00  1.000000e+00
    outer loop
      vertex  1.650000e+04 -6.600000e+03  6.313000e+03
      vertex  1.650000e+04 -3.930000e+03  6.313000e+03
      vertex  1.090000e+04 -3.930000e+03  6.313000e+03
    endloop
  endfacet
  facet normal  0.000000e+00  0.000000e+00  9.999999e-01
    outer loop
      vertex  1.650000e+04 -6.600000e+03  6.313000e+03
      vertex  1.090000e+04 -3.930000e+03  6.313000e+03
      vertex  1.090000e+04 -6.391631e+03  6.313000e+03
    endloop
  endfacet
  facet normal  0.000000e+00  0.000000e+00  9.999999e-01
    outer loop
      vertex  1.650000e+04 -6.600000e+03  6.313000e+03
      vertex  1.090000e+04 -6.391631e+03  6.313000e+03
      vertex  1.106193e+04 -6.416983e+03  6.313000e+03
    endloop
  endfacet
  facet normal  0.000000e+00  0.000000e+00  9.999999e-01
    outer loop
      vertex  1.650000e+04 -6.600000e+03  6.313000e+03
      vertex  1.106193e+04 -6.416983e+03  6.313000e+03
      vertex  1.122421e+04 -6.441145e+03  6.313000e+03
    endloop
  endfacet
  facet normal  0.000000e+00  0.000000e+00  1.000000e+00
    outer loop
      vertex  1.650000e+04 -6.600000e+03  6.313000e+03
      vertex  1.122421e+04 -6.441145e+03  6.313000e+03
      vertex  1.141140e+04 -6.467767e+03  6.313000e+03
    endloop
  endfacet
  facet normal  0.000000e+00  0.000000e+00  1.000000e+00
    outer loop
      vertex  1.650000e+04 -6.600000e+03  6.313000e+03
      vertex  1.141140e+04 -6.467767e+03  6.313000e+03
      vertex  1.159872e+04 -6.493393e+03  6.313000e+03
    endloop
  endfacet
  facet normal  0.000000e+00  0.000000e+00  1.000000e+00
    outer loop
      vertex  1.650000e+04 -6.600000e+03  6.313000e+03
      vertex  1.159872e+04 -6.493393e+03  6.313000e+03
      vertex  1.175792e+04 -6.514610e+03  6.313000e+03
    endloop
  endfacet
  facet normal  0.000000e+00  0.000000e+00  1.000000e+00
    outer loop
      vertex  1.650000e+04 -6.600000e+03  6.313000e+03
      vertex  1.175792e+04 -6.514610e+03  6.313000e+03
      vertex  1.186403e+04 -6.528560e+03  6.313000e+03
    endloop
  endfacet
  facet normal  0.000000e+00  0.000000e+00  1.000000e+00
    outer loop
      vertex  1.650000e+04 -6.600000e+03  6.313000e+03
      vertex  1.186403e+04 -6.528560e+03  6.313000e+03
      vertex  1.207615e+04 -6.556203e+03  6.313000e+03
    endloop
  endfacet
  facet normal  0.000000e+00  0.000000e+00  1.000000e+00
    outer loop
      vertex  1.650000e+04 -6.600000e+03  6.313000e+03
      vertex  1.207615e+04 -6.556203e+03  6.313000e+03
      vertex  1.229986e+04 -6.585337e+03  6.313000e+03
    endloop
  endfacet
  facet normal  0.000000e+00  0.000000e+00  9.999999e-01
    outer loop
      vertex  1.650000e+04 -6.600000e+03  6.313000e+03
      vertex  1.229986e+04 -6.585337e+03  6.313000e+03
      vertex  1.241160e+04 -6.600000e+03  6.313000e+03
    endloop
  endfacet
  facet normal  0.000000e+00  1.000000e+00  0.000000e+00
    outer loop
      vertex  1.090000e+04 -3.930000e+03  6.313000e+03
      vertex  1.650000e+04 -3.930000e+03  6.313000e+03
      vertex  1.410497e+04 -3.930000e+03  2.500000e+03
    endloop
  endfacet
  facet normal  0.000000e+00  1.000000e+00  0.000000e+00
    outer loop
      vertex  1.090000e+04 -3.930000e+03  6.313000e+03
      vertex  1.410497e+04 -3.930000e+03  2.500000e+03
      vertex  1.395761e+04 -3.930000e+03  2.612725e+03
    endloop
  endfacet
  facet normal  0.000000e+00  1.000000e+00  0.000000e+00
    outer loop
      vertex  1.090000e+04 -3.930000e+03  6.313000e+03
      vertex  1.395761e+04 -3.930000e+03  2.612725e+03
      vertex  1.381750e+04 -3.930000e+03  2.722674e+03
    endloop
  endfacet
  facet normal  0.000000e+00  1.000000e+00  0.000000e+00
    outer loop
      vertex  1.090000e+04 -3.930000e+03  6.313000e+03
      vertex  1.381750e+04 -3.930000e+03  2.722674e+03
      vertex  1.367414e+04 -3.930000e+03  2.836894e+03
    endloop
  endfacet
  facet normal  0.000000e+00  1.000000e+00  0.000000e+00
    outer loop
      vertex  1.090000e+04 -3.930000e+03  6.313000e+03
      vertex  1.367414e+04 -3.930000e+03  2.836894e+03
      vertex  1.353163e+04 -3.930000e+03  2.950764e+03
    endloop
  endfacet
  facet normal  0.000000e+00  1.000000e+00  0.000000e+00
    outer loop
      vertex  1.090000e+04 -3.930000e+03  6.313000e+03
      vertex  1.353163e+04 -3.930000e+03  2.950764e+03
      vertex  1.333886e+04 -3.930000e+03  3.102538e+03
    endloop
  endfacet
  facet normal  0.000000e+00  9.999999e-01  0.000000e+00
    outer loop
      vertex  1.090000e+04 -3.930000e+03  6.313000e+03
      vertex  1.333886e+04 -3.930000e+03  3.102538e+03
      vertex  1.324149e+04 -3.930000e+03  3.177147e+03
    endloop
  endfacet
  facet normal  0.000000e+00  1.000000e+00  0.000000e+00
    outer loop
      vertex  1.090000e+04 -3.930000e+03  6.313000e+03
      vertex  1.324149e+04 -3.930000e+03  3.177147e+03
      vertex  1.304411e+04 -3.930000e+03  3.322079e+03
    endloop
  endfacet
  facet normal  0.000000e+00  9.999999e-01  0.000000e+00
    outer loop
      vertex  1.090000e+04 -3.930000e+03  6.313000e+03
      vertex  1.304411e+04 -3.930000e+03  3.322079e+03
      vertex  1.284001e+04 -3.930000e+03  3.461018e+03
    endloop
  endfacet
  facet normal  0.000000e+00  1.000000e+00  0.000000e+00
    outer loop
      vertex  1.090000e+04 -3.930000e+03  6.313000e+03
      vertex  1.284001e+04 -3.930000e+03  3.461018e+03
      vertex  1.267287e+04 -3.930000e+03  3.565597e+03
    endloop
  endfacet
  facet normal  0.000000e+00  1.000000e+00  0.000000e+00
    outer loop
      vertex  1.090000e+04 -3.930000e+03  6.313000e+03
      vertex  1.267287e+04 -3.930000e+03  3.565597e+03
      vertex  1.249957e+04 -3.930000e+03  3.665170e+03
    endloop
  endfacet
  facet normal  0.000000e+00  1.000000e+00  0.000000e+00
    outer loop
      vertex  1.090000e+04 -3.930000e+03  6.313000e+03
      vertex  1.249957e+04 -3.930000e+03  3.665170e+03
      vertex  1.233279e+04 -3.930000e+03  3.752816e+03
    endloop
  endfacet
  facet normal  0.000000e+00  1.000000e+00  0.000000e+00
    outer loop
      vertex  1.090000e+04 -3.930000e+03  6.313000e+03
      vertex  1.233279e+04 -3.930000e+03  3.752816e+03
      vertex  1.216008e+04 -3.930000e+03  3.835741e+03
    endloop
  endfacet
  facet normal  0.000000e+00  1.000000e+00  0.000000e+00
    outer loop
      vertex  1.090000e+04 -3.930000e+03  6.313000e+03
      vertex  1.216008e+04 -3.930000e+03  3.835741e+03
      vertex  1.199517e+04 -3.930000e+03  3.908175e+03
    endloop
  endfacet
  facet normal  0.000000e+00  9.999999e-01  0.000000e+00
    outer loop
      vertex  1.090000e+04 -3.930000e+03  6.313000e+03
      vertex  1.199517e+04 -3.930000e+03  3.908175e+03
      vertex  1.182529e+04 -3.930000e+03  3.976658e+03
    endloop
  endfacet
  facet normal  0.000000e+00  1.000000e+00  0.000000e+00
    outer loop
      vertex  1.090000e+04 -3.930000e+03  6.313000e+03
      vertex  1.182529e+04 -3.930000e+03  3.976658e+03
      vertex  1.167560e+04 -3.930000e+03  4.032423e+03
    endloop
  endfacet
  facet normal  0.000000e+00  1.000000e+00  0.000000e+00
    outer loop
      vertex  1.090000e+04 -3.930000e+03  6.313000e+03
      vertex  1.167560e+04 -3.930000e+03  4.032423e+03
      vertex  1.152263e+04 -3.930000e+03  4.085484e+03
    endloop
  endfacet
  facet normal  0.000000e+00  1.000000e+00  0.000000e+00
    outer loop
      vertex  1.090000e+04 -3.930000e+03  6.313000e+03
      vertex  1.152263e+04 -3.930000e+03  4.085484e+03
      vertex  1.138332e+04 -3.930000e+03  4.130708e+03
    endloop
  endfacet
  facet normal  0.000000e+00  1.000000e+00  0.000000e+00
    outer loop
      vertex  1.090000e+04 -3.930000e+03  6.313000e+03
      vertex  1.138332e+04 -3.930000e+03  4.130708e+03
      vertex  1.124189e+04 -3.930000e+03  4.173875e+03
    endloop
  endfacet
  facet normal  0.000000e+00  1.000000e+00  0.000000e+00
    outer loop
      vertex  1.090000e+04 -3.930000e+03  6.313000e+03
      vertex  1.124189e+04 -3.930000e+03  4.173875e+03
      vertex  1.110882e+04 -3.930000e+03  4.212126e+03
    endloop
  endfacet
  facet normal  0.000000e+00  1.000000e+00  0.000000e+00
    outer loop
      vertex  1.090000e+04 -3.930000e+03  6.313000e+03
      vertex  1.110882e+04 -3.930000e+03  4.212126e+03
      vertex  1.097454e+04 -3.930000e+03  4.248484e+03
    endloop
  endfacet
  facet normal  0.000000e+00  1.000000e+00  0.000000e+00
    outer loop
      vertex  1.090000e+04 -3.930000e+03  6.313000e+03
      vertex  1.097454e+04 -3.930000e+03  4.248484e+03
      vertex  1.090000e+04 -3.930000e+03  4.267689e+03
    endloop
  endfacet
  facet normal  0.000000e+00  1.000000e+00  0.000000e+00
    outer loop
      vertex  1.860000e+04 -3.930000e+03  2.500000e+03
      vertex  1.410497e+04 -3.930000e+03  2.500000e+03
      vertex  1.860000e+04 -3.930000e+03  6.313000e+03
    endloop
  endfacet
  facet normal  0.000000e+00  1.000000e+00  0.000000e+00
    outer loop
      vertex  1.860000e+04 -3.930000e+03  6.313000e+03
      vertex  1.410497e+04 -3.930000e+03  2.500000e+03
      vertex  1.650000e+04 -3.930000e+03  6.313000e+03
    endloop
  endfacet
  facet normal  0.000000e+00  0.000000e+00 -1.000000e+00
    outer loop
      vertex  1.650000e+04 -3.930000e+03  6.313000e+03
      vertex  1.650000e+04 -3.273000e+03  6.313000e+03
      vertex  1.860000e+04 -3.930000e+03  6.313000e+03
    endloop
  endfacet
  facet normal  0.000000e+00  0.000000e+00 -1.000000e+00
    outer loop
      vertex  1.860000e+04 -3.930000e+03  6.313000e+03
      vertex  1.650000e+04 -3.273000e+03  6.313000e+03
      vertex  1.860000e+04 -3.273000e+03  6.313000e+03
    endloop
  endfacet
  facet normal -1.015538e-01 -7.559412e-01 -6.467146e-01
    outer loop
      vertex  1.104792e+04 -6.600000e+03  6.520179e+03
      vertex  1.099147e+04 -6.633718e+03  6.568457e+03
      vertex  1.090000e+04 -6.600000e+03  6.543407e+03
    endloop
  endfacet
  facet normal -1.058339e-01 -7.618539e-01 -6.390445e-01
    outer loop
      vertex  1.099147e+04 -6.633718e+03  6.568457e+03
      vertex  1.090000e+04 -6.725363e+03  6.692862e+03
      vertex  1.090000e+04 -6.600000e+03  6.543407e+03
    endloop
  endfacet
  facet normal -2.445337e-01 -7.728040e-01 -5.856427e-01
    outer loop
      vertex  1.859637e+04 -5.138317e+03  1.722943e+03
      vertex  1.839573e+04 -5.169906e+03  1.848404e+03
      vertex  1.859620e+04 -5.045092e+03  1.600000e+03
    endloop
  endfacet
  facet normal -4.963941e-02 -9.983336e-01 -2.942842e-02
    outer loop
      vertex  1.840684e+04 -7.910660e+03  8.388141e+03
      vertex  1.859973e+04 -7.924056e+03  8.517210e+03
      vertex  1.859979e+04 -7.930626e+03  8.740000e+03
    endloop
  endfacet
  facet normal -2.679859e-01 -7.627576e-01 -5.885443e-01
    outer loop
      vertex  1.819868e+04 -5.033770e+03  1.760687e+03
      vertex  1.800295e+04 -4.938474e+03  1.726306e+03
      vertex  1.827068e+04 -4.935082e+03  1.600000e+03
    endloop
  endfacet
  facet normal -4.238299e-02 -9.972722e-01 -6.043130e-02
    outer loop
      vertex  1.770092e+04 -7.886983e+03  8.523521e+03
      vertex  1.763763e+04 -7.894332e+03  8.689174e+03
      vertex  1.757259e+04 -7.880971e+03  8.514310e+03
    endloop
  endfacet
  facet normal -2.856036e-01 -7.697773e-01 -5.708533e-01
    outer loop
      vertex  1.729156e+04 -4.664418e+03  1.705509e+03
      vertex  1.703495e+04 -4.568451e+03  1.704486e+03
      vertex  1.730391e+04 -4.590754e+03  1.600000e+03
    endloop
  endfacet
  facet normal -4.151468e-02 -9.956607e-01 -8.328483e-02
    outer loop
      vertex  1.731600e+04 -7.869597e+03  8.506494e+03
      vertex  1.715655e+04 -7.876104e+03  8.663760e+03
      vertex  1.705944e+04 -7.858126e+03  8.497243e+03
    endloop
  endfacet
  facet normal -3.793691e-02 -9.933721e-01 -1.085017e-01
    outer loop
      vertex  1.680246e+04 -7.832171e+03  8.358780e+03
      vertex  1.667546e+04 -7.857857e+03  8.638345e+03
      vertex  1.654639e+04 -7.836422e+03  8.487231e+03
    endloop
  endfacet
  facet normal -2.970408e-01 -8.051463e-01 -5.133287e-01
    outer loop
      vertex  1.576093e+04 -4.026426e+03  1.600000e+03
      vertex  1.585706e+04 -4.115308e+03  1.683783e+03
      vertex  1.569902e+04 -4.057892e+03  1.685177e+03
    endloop
  endfacet
  facet normal -3.912835e-02 -9.865404e-01 -1.587664e-01
    outer loop
      vertex  1.571485e+04 -7.786764e+03  8.371802e+03
      vertex  1.571313e+04 -7.821410e+03  8.587507e+03
      vertex  1.555313e+04 -7.779460e+03  8.366271e+03
    endloop
  endfacet
  facet normal -2.961467e-01 -8.154504e-01 -4.973306e-01
    outer loop
      vertex  1.540058e+04 -3.896484e+03  1.600000e+03
      vertex  1.553907e+04 -3.988594e+03  1.668558e+03
      vertex  1.537671e+04 -3.953684e+03  1.707997e+03
    endloop
  endfacet
  facet normal -2.683957e-02 -9.816387e-01 -1.888521e-01
    outer loop
      vertex  1.523184e+04 -7.803265e+03  8.562083e+03
      vertex  1.475047e+04 -7.785212e+03  8.536656e+03
      vertex  1.507046e+04 -7.755111e+03  8.334719e+03
    endloop
  endfacet
  facet normal -2.511780e-02 -9.767857e-01 -2.127411e-01
    outer loop
      vertex  1.475047e+04 -7.785212e+03  8.536656e+03
      vertex  1.417984e+04 -7.763974e+03  8.506518e+03
      vertex  1.442858e+04 -7.735123e+03  8.344679e+03
    endloop
  endfacet
  facet normal -3.155925e-02 -9.787816e-01 -2.024615e-01
    outer loop
      vertex  1.474948e+04 -7.740193e+03  8.319173e+03
      vertex  1.475047e+04 -7.785212e+03  8.536656e+03
      vertex  1.442858e+04 -7.735123e+03  8.344679e+03
    endloop
  endfacet
  facet normal -4.027138e-01 -7.631039e-01 -5.054641e-01
    outer loop
      vertex  1.376329e+04 -3.932945e+03  2.770309e+03
      vertex  1.367414e+04 -3.930000e+03  2.836894e+03
      vertex  1.381750e+04 -3.930000e+03  2.722674e+03
    endloop
  endfacet
  facet normal -3.185859e-02 -9.743728e-01 -2.226715e-01
    outer loop
      vertex  1.442858e+04 -7.735123e+03  8.344679e+03
      vertex  1.417984e+04 -7.763974e+03  8.506518e+03
      vertex  1.410744e+04 -7.718781e+03  8.319117e+03
    endloop
  endfacet
  facet normal -3.002465e-01 -8.736810e-01 -3.827969e-01
    outer loop
      vertex  1.396416e+04 -3.391185e+03  1.600000e+03
      vertex  1.377443e+04 -3.379458e+03  1.722052e+03
      vertex  1.361347e+04 -3.270666e+03  1.600000e+03
    endloop
  endfacet
  facet normal -3.051072e-01 -8.684114e-01 -3.908594e-01
    outer loop
      vertex  1.396416e+04 -3.391185e+03  1.600000e+03
      vertex  1.409883e+04 -3.452723e+03  1.631601e+03
      vertex  1.377443e+04 -3.379458e+03  1.722052e+03
    endloop
  endfacet
  facet normal -3.816559e-01 -8.136846e-01 -4.384703e-01
    outer loop
      vertex  1.361384e+04 -3.695467e+03  2.500000e+03
      vertex  1.344286e+04 -3.542578e+03  2.365110e+03
      vertex  1.376329e+04 -3.737974e+03  2.448805e+03
    endloop
  endfacet
  facet normal -3.025305e-01 -8.872136e-01 -3.483208e-01
    outer loop
      vertex  1.345468e+04 -3.232104e+03  1.639688e+03
      vertex  1.330683e+04 -3.166106e+03  1.600000e+03
      vertex  1.361347e+04 -3.270666e+03  1.600000e+03
    endloop
  endfacet
  facet normal -2.491023e-02 -9.707388e-01 -2.388424e-01
    outer loop
      vertex  1.378631e+04 -7.705492e+03  8.305617e+03
      vertex  1.360910e+04 -7.742959e+03  8.476377e+03
      vertex  1.346567e+04 -7.713363e+03  8.371050e+03
    endloop
  endfacet
  facet normal -3.591201e-01 -6.931027e-01 -6.250132e-01
    outer loop
      vertex  1.265810e+04 -4.049829e+03  3.706968e+03
      vertex  1.249957e+04 -3.930000e+03  3.665170e+03
      vertex  1.267287e+04 -3.930000e+03  3.565597e+03
    endloop
  endfacet
  facet normal -2.884373e-01 -6.968294e-01 -6.566831e-01
    outer loop
      vertex  1.208602e+04 -3.937303e+03  3.876024e+03
      vertex  1.199517e+04 -3.930000e+03  3.908175e+03
      vertex  1.216008e+04 -3.930000e+03  3.835741e+03
    endloop
  endfacet
  facet normal -3.070555e-01 -6.612319e-01 -6.844628e-01
    outer loop
      vertex  1.216008e+04 -3.930000e+03  3.835741e+03
      vertex  1.218029e+04 -3.953422e+03  3.849306e+03
      vertex  1.208602e+04 -3.937303e+03  3.876024e+03
    endloop
  endfacet
  facet normal -2.823081e-01 -6.556298e-01 -7.003225e-01
    outer loop
      vertex  1.190418e+04 -3.960135e+03  3.973067e+03
      vertex  1.182529e+04 -3.930000e+03  3.976658e+03
      vertex  1.199517e+04 -3.930000e+03  3.908175e+03
    endloop
  endfacet
  facet normal -1.000056e-01 -7.426576e-01 -6.621621e-01
    outer loop
      vertex  1.175792e+04 -6.514610e+03  6.313000e+03
      vertex  1.169594e+04 -6.366024e+03  6.155712e+03
      vertex  1.181744e+04 -6.518077e+03  6.307899e+03
    endloop
  endfacet
  facet normal -9.945723e-02 -7.565616e-01 -6.463149e-01
    outer loop
      vertex  1.181744e+04 -6.518077e+03  6.307899e+03
      vertex  1.186403e+04 -6.528560e+03  6.313000e+03
      vertex  1.175792e+04 -6.514610e+03  6.313000e+03
    endloop
  endfacet
  facet normal -2.429989e-01 -6.253349e-01 -7.415577e-01
    outer loop
      vertex  1.157320e+04 -4.056919e+03  4.175939e+03
      vertex  1.145043e+04 -3.969038e+03  4.142064e+03
      vertex  1.152263e+04 -3.930000e+03  4.085484e+03
    endloop
  endfacet
  facet normal -2.554132e-01 -6.265588e-01 -7.363342e-01
    outer loop
      vertex  1.167560e+04 -3.930000e+03  4.032423e+03
      vertex  1.157320e+04 -4.056919e+03  4.175939e+03
      vertex  1.152263e+04 -3.930000e+03  4.085484e+03
    endloop
  endfacet
  facet normal -9.553518e-02 -7.689278e-01 -6.321574e-01
    outer loop
      vertex  1.156403e+04 -6.600000e+03  6.442612e+03
      vertex  1.157152e+04 -6.677196e+03  6.535376e+03
      vertex  1.144906e+04 -6.712309e+03  6.596593e+03
    endloop
  endfacet
  facet normal -8.579499e-02 -7.692193e-01 -6.331989e-01
    outer loop
      vertex  1.138037e+04 -6.704414e+03  6.596516e+03
      vertex  1.131183e+04 -6.666036e+03  6.559181e+03
      vertex  1.139171e+04 -6.600000e+03  6.468136e+03
    endloop
  endfacet
  facet normal -9.648318e-02 -7.624831e-01 -6.397737e-01
    outer loop
      vertex  1.124315e+04 -6.659064e+03  6.560798e+03
      vertex  1.117673e+04 -6.600000e+03  6.500421e+03
      vertex  1.130547e+04 -6.600000e+03  6.481007e+03
    endloop
  endfacet
  facet normal -2.087167e-01 -6.277828e-01 -7.498841e-01
    outer loop
      vertex  1.138159e+04 -3.949675e+03  4.147662e+03
      vertex  1.131342e+04 -4.052873e+03  4.253030e+03
      vertex  1.138332e+04 -3.930000e+03  4.130708e+03
    endloop
  endfacet
  facet normal -2.166968e-01 -6.202983e-01 -7.538385e-01
    outer loop
      vertex  1.117537e+04 -3.963343e+03  4.220432e+03
      vertex  1.110882e+04 -3.930000e+03  4.212126e+03
      vertex  1.124189e+04 -3.930000e+03  4.173875e+03
    endloop
  endfacet
  facet normal -1.869631e-02 -9.400358e-01 -3.405629e-01
    outer loop
      vertex  1.108264e+04 -7.602907e+03  8.197082e+03
      vertex  1.117415e+04 -7.620849e+03  8.241584e+03
      vertex  1.099134e+04 -7.613230e+03  8.230589e+03
    endloop
  endfacet
  facet normal -2.052778e-01 -6.189200e-01 -7.581550e-01
    outer loop
      vertex  1.099178e+04 -3.941586e+03  4.253275e+03
      vertex  1.097454e+04 -3.930000e+03  4.248484e+03
      vertex  1.110882e+04 -3.930000e+03  4.212126e+03
    endloop
  endfacet
  facet normal -2.074899e-01 -6.126044e-01 -7.626687e-01
    outer loop
      vertex  1.108384e+04 -4.055831e+03  4.319994e+03
      vertex  1.099178e+04 -3.941586e+03  4.253275e+03
      vertex  1.110882e+04 -3.930000e+03  4.212126e+03
    endloop
  endfacet
  facet normal -2.112840e-01 -6.116293e-01 -7.624098e-01
    outer loop
      vertex  1.110882e+04 -3.930000e+03  4.212126e+03
      vertex  1.117537e+04 -3.963343e+03  4.220432e+03
      vertex  1.108384e+04 -4.055831e+03  4.319994e+03
    endloop
  endfacet
  facet normal -1.229633e-01 -7.138584e-01 -6.894100e-01
    outer loop
      vertex  1.090000e+04 -6.272654e+03  6.189804e+03
      vertex  1.099183e+04 -6.297151e+03  6.198791e+03
      vertex  1.090000e+04 -6.391631e+03  6.313000e+03
    endloop
  endfacet
  facet normal -1.839515e-01 -5.974122e-01 -7.805515e-01
    outer loop
      vertex  1.099234e+04 -4.474499e+03  4.667905e+03
      vertex  1.090000e+04 -4.564256e+03  4.758363e+03
      vertex  1.090000e+04 -4.151150e+03  4.442184e+03
    endloop
  endfacet
  facet normal -1.966581e-01 -5.983631e-01 -7.767157e-01
    outer loop
      vertex  1.090000e+04 -4.151150e+03  4.442184e+03
      vertex  1.099203e+04 -4.134989e+03  4.406433e+03
      vertex  1.099234e+04 -4.474499e+03  4.667905e+03
    endloop
  endfacet
  facet normal -2.131847e-02 -9.413361e-01 -3.367966e-01
    outer loop
      vertex  1.090000e+04 -7.603333e+03  8.208709e+03
      vertex  1.099134e+04 -7.613230e+03  8.230589e+03
      vertex  1.090000e+04 -7.647943e+03  8.333394e+03
    endloop
  endfacet
  facet normal -3.335721e-02 -9.069694e-01 -4.198734e-01
    outer loop
      vertex  1.099107e+04 -7.487061e+03  7.915784e+03
      vertex  1.090000e+04 -7.487567e+03  7.924112e+03
      vertex  1.090000e+04 -7.414186e+03  7.765601e+03
    endloop
  endfacet
  facet normal -4.843243e-02 -8.914595e-01 -4.505042e-01
    outer loop
      vertex  1.099098e+04 -7.392988e+03  7.713875e+03
      vertex  1.090000e+04 -7.414186e+03  7.765601e+03
      vertex  1.090000e+04 -7.334710e+03  7.608334e+03
    endloop
  endfacet
  facet normal -3.355133e-02 -8.868706e-01 -4.607981e-01
    outer loop
      vertex  1.090000e+04 -7.334710e+03  7.608334e+03
      vertex  1.099095e+04 -7.291210e+03  7.517991e+03
      vertex  1.099098e+04 -7.392988e+03  7.713875e+03
    endloop
  endfacet
  facet normal -5.870289e-02 -8.750638e-01 -4.804343e-01
    outer loop
      vertex  1.090000e+04 -7.250116e+03  7.454254e+03
      vertex  1.099095e+04 -7.291210e+03  7.517991e+03
      vertex  1.090000e+04 -7.334710e+03  7.608334e+03
    endloop
  endfacet
  facet normal -4.267621e-02 -8.663185e-01 -4.976657e-01
    outer loop
      vertex  1.099098e+04 -7.182060e+03  7.327984e+03
      vertex  1.099095e+04 -7.291210e+03  7.517991e+03
      vertex  1.090000e+04 -7.250116e+03  7.454254e+03
    endloop
  endfacet
  facet normal -9.849132e-02 -7.818528e-01 -6.156343e-01
    outer loop
      vertex  1.099130e+04 -6.792245e+03  6.763195e+03
      vertex  1.090000e+04 -6.846153e+03  6.846265e+03
      vertex  1.090000e+04 -6.725363e+03  6.692862e+03
    endloop
  endfacet
  facet normal -8.144554e-02 -7.729146e-01 -6.292612e-01
    outer loop
      vertex  1.090000e+04 -6.725363e+03  6.692862e+03
      vertex  1.099147e+04 -6.633718e+03  6.568457e+03
      vertex  1.099130e+04 -6.792245e+03  6.763195e+03
    endloop
  endfacet
  facet normal -4.031599e-02 -9.982461e-01 -4.335279e-02
    outer loop
      vertex  1.840684e+04 -7.910660e+03  8.388141e+03
      vertex  1.859967e+04 -7.914363e+03  8.294077e+03
      vertex  1.859973e+04 -7.924056e+03  8.517210e+03
    endloop
  endfacet
  facet normal -8.378881e-02 -9.720946e-01 -2.191154e-01
    outer loop
      vertex  1.839900e+04 -7.608632e+03  6.126699e+03
      vertex  1.859913e+04 -7.664023e+03  6.295912e+03
      vertex  1.840110e+04 -7.675268e+03  6.421523e+03
    endloop
  endfacet
  facet normal -8.244611e-02 -9.718671e-01 -2.206289e-01
    outer loop
      vertex  1.839900e+04 -7.608632e+03  6.126699e+03
      vertex  1.859908e+04 -7.624371e+03  6.121260e+03
      vertex  1.859913e+04 -7.664023e+03  6.295912e+03
    endloop
  endfacet
  facet normal -2.270262e-01 -7.612088e-01 -6.074703e-01
    outer loop
      vertex  1.838976e+04 -5.571335e+03  2.347308e+03
      vertex  1.859703e+04 -5.548239e+03  2.240905e+03
      vertex  1.859732e+04 -5.767110e+03  2.515060e+03
    endloop
  endfacet
  facet normal -2.442313e-01 -7.524937e-01 -6.116406e-01
    outer loop
      vertex  1.839365e+04 -5.302510e+03  2.015020e+03
      vertex  1.838976e+04 -5.571335e+03  2.347308e+03
      vertex  1.818715e+04 -5.433192e+03  2.258254e+03
    endloop
  endfacet
  facet normal -1.943773e-01 -8.811894e-01 -4.309556e-01
    outer loop
      vertex  1.797322e+04 -6.948252e+03  4.517400e+03
      vertex  1.817849e+04 -7.020284e+03  4.572099e+03
      vertex  1.797705e+04 -7.062521e+03  4.749322e+03
    endloop
  endfacet
  facet normal -1.888153e-01 -8.756415e-01 -4.445230e-01
    outer loop
      vertex  1.817613e+04 -6.909744e+03  4.355354e+03
      vertex  1.817849e+04 -7.020284e+03  4.572099e+03
      vertex  1.797322e+04 -6.948252e+03  4.517400e+03
    endloop
  endfacet
  facet normal -2.025627e-01 -8.649336e-01 -4.591930e-01
    outer loop
      vertex  1.797001e+04 -6.825302e+03  4.287228e+03
      vertex  1.817613e+04 -6.909744e+03  4.355354e+03
      vertex  1.797322e+04 -6.948252e+03  4.517400e+03
    endloop
  endfacet
  facet normal -1.967653e-01 -8.600698e-01 -4.707052e-01
    outer loop
      vertex  1.817425e+04 -6.791634e+03  4.140333e+03
      vertex  1.817613e+04 -6.909744e+03  4.355354e+03
      vertex  1.797001e+04 -6.825302e+03  4.287228e+03
    endloop
  endfacet
  facet normal -2.099684e-01 -8.481697e-01 -4.863347e-01
    outer loop
      vertex  1.796756e+04 -6.693852e+03  4.059035e+03
      vertex  1.817425e+04 -6.791634e+03  4.140333e+03
      vertex  1.797001e+04 -6.825302e+03  4.287228e+03
    endloop
  endfacet
  facet normal -2.057061e-01 -8.450894e-01 -4.934661e-01
    outer loop
      vertex  1.817309e+04 -6.687562e+03  3.962585e+03
      vertex  1.817425e+04 -6.791634e+03  4.140333e+03
      vertex  1.796756e+04 -6.693852e+03  4.059035e+03
    endloop
  endfacet
  facet normal -2.139302e-01 -8.330216e-01 -5.102047e-01
    outer loop
      vertex  1.796619e+04 -6.578038e+03  3.870519e+03
      vertex  1.817309e+04 -6.687562e+03  3.962585e+03
      vertex  1.796756e+04 -6.693852e+03  4.059035e+03
    endloop
  endfacet
  facet normal -2.118632e-01 -8.316774e-01 -5.132509e-01
    outer loop
      vertex  1.817236e+04 -6.578535e+03  3.786219e+03
      vertex  1.817309e+04 -6.687562e+03  3.962585e+03
      vertex  1.796619e+04 -6.578038e+03  3.870519e+03
    endloop
  endfacet
  facet normal -2.188336e-01 -8.190340e-01 -5.303727e-01
    outer loop
      vertex  1.796549e+04 -6.456798e+03  3.683580e+03
      vertex  1.817236e+04 -6.578535e+03  3.786219e+03
      vertex  1.796619e+04 -6.578038e+03  3.870519e+03
    endloop
  endfacet
  facet normal -2.177278e-01 -8.183835e-01 -5.318299e-01
    outer loop
      vertex  1.796549e+04 -6.456798e+03  3.683580e+03
      vertex  1.817208e+04 -6.464777e+03  3.611282e+03
      vertex  1.817236e+04 -6.578535e+03  3.786219e+03
    endloop
  endfacet
  facet normal -2.521610e-01 -7.451271e-01 -6.174143e-01
    outer loop
      vertex  1.818715e+04 -5.433192e+03  2.258254e+03
      vertex  1.798194e+04 -5.482180e+03  2.401187e+03
      vertex  1.799266e+04 -5.187818e+03  2.041558e+03
    endloop
  endfacet
  facet normal -2.612854e-01 -7.469923e-01 -6.113367e-01
    outer loop
      vertex  1.799266e+04 -5.187818e+03  2.041558e+03
      vertex  1.819472e+04 -5.164716e+03  1.926970e+03
      vertex  1.818715e+04 -5.433192e+03  2.258254e+03
    endloop
  endfacet
  facet normal -5.973146e-02 -9.957434e-01 -7.019478e-02
    outer loop
      vertex  1.782833e+04 -7.856786e+03  8.032247e+03
      vertex  1.802095e+04 -7.867240e+03  8.016624e+03
      vertex  1.802140e+04 -7.891633e+03  8.362272e+03
    endloop
  endfacet
  facet normal -1.114120e-01 -9.780909e-01 -1.758567e-01
    outer loop
      vertex  1.781962e+04 -7.678046e+03  6.750086e+03
      vertex  1.801253e+04 -7.688102e+03  6.683793e+03
      vertex  1.801587e+04 -7.740936e+03  6.975535e+03
    endloop
  endfacet
  facet normal -1.193324e-01 -9.725542e-01 -1.997451e-01
    outer loop
      vertex  1.781738e+04 -7.647729e+03  6.603806e+03
      vertex  1.801253e+04 -7.688102e+03  6.683793e+03
      vertex  1.781962e+04 -7.678046e+03  6.750086e+03
    endloop
  endfacet
  facet normal -1.490106e-01 -9.524961e-01 -2.656069e-01
    outer loop
      vertex  1.780446e+04 -7.479747e+03  5.945655e+03
      vertex  1.800333e+04 -7.553205e+03  6.097511e+03
      vertex  1.780944e+04 -7.544704e+03  6.175803e+03
    endloop
  endfacet
  facet normal -1.500129e-01 -9.526793e-01 -2.643829e-01
    outer loop
      vertex  1.780446e+04 -7.479747e+03  5.945655e+03
      vertex  1.799921e+04 -7.491406e+03  5.877162e+03
      vertex  1.800333e+04 -7.553205e+03  6.097511e+03
    endloop
  endfacet
  facet normal -1.592088e-01 -9.430197e-01 -2.921754e-01
    outer loop
      vertex  1.799921e+04 -7.491406e+03  5.877162e+03
      vertex  1.780446e+04 -7.479747e+03  5.945655e+03
      vertex  1.779913e+04 -7.407554e+03  5.715550e+03
    endloop
  endfacet
  facet normal -1.611446e-01 -9.433737e-01 -2.899625e-01
    outer loop
      vertex  1.779913e+04 -7.407554e+03  5.715550e+03
      vertex  1.799487e+04 -7.422950e+03  5.656858e+03
      vertex  1.799921e+04 -7.491406e+03  5.877162e+03
    endloop
  endfacet
  facet normal -1.691466e-01 -9.323537e-01 -3.195406e-01
    outer loop
      vertex  1.799487e+04 -7.422950e+03  5.656858e+03
      vertex  1.779913e+04 -7.407554e+03  5.715550e+03
      vertex  1.779360e+04 -7.327784e+03  5.485725e+03
    endloop
  endfacet
  facet normal -1.722008e-01 -9.329129e-01 -3.162597e-01
    outer loop
      vertex  1.779360e+04 -7.327784e+03  5.485725e+03
      vertex  1.799042e+04 -7.347539e+03  5.436834e+03
      vertex  1.799487e+04 -7.422950e+03  5.656858e+03
    endloop
  endfacet
  facet normal -1.787083e-01 -9.205041e-01 -3.474702e-01
    outer loop
      vertex  1.799042e+04 -7.347539e+03  5.436834e+03
      vertex  1.779360e+04 -7.327784e+03  5.485725e+03
      vertex  1.778804e+04 -7.240153e+03  5.256437e+03
    endloop
  endfacet
  facet normal -1.830593e-01 -9.213015e-01 -3.430637e-01
    outer loop
      vertex  1.778804e+04 -7.240153e+03  5.256437e+03
      vertex  1.798597e+04 -7.264920e+03  5.217334e+03
      vertex  1.799042e+04 -7.347539e+03  5.436834e+03
    endloop
  endfacet
  facet normal -1.877810e-01 -9.075205e-01 -3.756926e-01
    outer loop
      vertex  1.798597e+04 -7.264920e+03  5.217334e+03
      vertex  1.778804e+04 -7.240153e+03  5.256437e+03
      vertex  1.778261e+04 -7.144443e+03  5.027954e+03
    endloop
  endfacet
  facet normal -1.924150e-01 -9.083738e-01 -3.712594e-01
    outer loop
      vertex  1.778261e+04 -7.144443e+03  5.027954e+03
      vertex  1.798135e+04 -7.168058e+03  4.982730e+03
      vertex  1.798597e+04 -7.264920e+03  5.217334e+03
    endloop
  endfacet
  facet normal -1.978460e-01 -8.936399e-01 -4.028209e-01
    outer loop
      vertex  1.798135e+04 -7.168058e+03  4.982730e+03
      vertex  1.778261e+04 -7.144443e+03  5.027954e+03
      vertex  1.777781e+04 -7.047439e+03  4.815114e+03
    endloop
  endfacet
  facet normal -1.999744e-01 -8.941597e-01 -4.006104e-01
    outer loop
      vertex  1.777781e+04 -7.047439e+03  4.815114e+03
      vertex  1.797705e+04 -7.062521e+03  4.749322e+03
      vertex  1.798135e+04 -7.168058e+03  4.982730e+03
    endloop
  endfacet
  facet normal -2.080975e-01 -8.791814e-01 -4.286438e-01
    outer loop
      vertex  1.797705e+04 -7.062521e+03  4.749322e+03
      vertex  1.777781e+04 -7.047439e+03  4.815114e+03
      vertex  1.777343e+04 -6.943194e+03  4.603427e+03
    endloop
  endfacet
  facet normal -2.072385e-01 -8.789083e-01 -4.296192e-01
    outer loop
      vertex  1.777343e+04 -6.943194e+03  4.603427e+03
      vertex  1.797322e+04 -6.948252e+03  4.517400e+03
      vertex  1.797705e+04 -7.062521e+03  4.749322e+03
    endloop
  endfacet
  facet normal -2.173323e-01 -8.641261e-01 -4.539303e-01
    outer loop
      vertex  1.797322e+04 -6.948252e+03  4.517400e+03
      vertex  1.777343e+04 -6.943194e+03  4.603427e+03
      vertex  1.776960e+04 -6.831742e+03  4.393093e+03
    endloop
  endfacet
  facet normal -2.141603e-01 -8.628211e-01 -4.579029e-01
    outer loop
      vertex  1.776960e+04 -6.831742e+03  4.393093e+03
      vertex  1.797001e+04 -6.825302e+03  4.287228e+03
      vertex  1.797322e+04 -6.948252e+03  4.517400e+03
    endloop
  endfacet
  facet normal -2.254612e-01 -8.486848e-01 -4.784363e-01
    outer loop
      vertex  1.776646e+04 -6.713200e+03  4.184294e+03
      vertex  1.797001e+04 -6.825302e+03  4.287228e+03
      vertex  1.776960e+04 -6.831742e+03  4.393093e+03
    endloop
  endfacet
  facet normal -2.207214e-01 -8.461648e-01 -4.850643e-01
    outer loop
      vertex  1.796756e+04 -6.693852e+03  4.059035e+03
      vertex  1.797001e+04 -6.825302e+03  4.287228e+03
      vertex  1.776646e+04 -6.713200e+03  4.184294e+03
    endloop
  endfacet
  facet normal -6.308009e-02 -9.940832e-01 -8.842952e-02
    outer loop
      vertex  1.769993e+04 -7.847668e+03  8.021334e+03
      vertex  1.782833e+04 -7.856786e+03  8.032247e+03
      vertex  1.770016e+04 -7.862521e+03  8.188145e+03
    endloop
  endfacet
  facet normal -1.252231e-01 -9.731345e-01 -1.932056e-01
    outer loop
      vertex  1.769058e+04 -7.658783e+03  6.736695e+03
      vertex  1.781962e+04 -7.678046e+03  6.750086e+03
      vertex  1.769266e+04 -7.687469e+03  6.879832e+03
    endloop
  endfacet
  facet normal -2.783275e-01 -7.422361e-01 -6.096058e-01
    outer loop
      vertex  1.766927e+04 -4.972631e+03  1.920582e+03
      vertex  1.765989e+04 -5.151982e+03  2.143234e+03
      vertex  1.753226e+04 -5.048944e+03  2.076050e+03
    endloop
  endfacet
  facet normal -2.718261e-01 -7.472895e-01 -6.063571e-01
    outer loop
      vertex  1.754222e+04 -4.875216e+03  1.857479e+03
      vertex  1.766927e+04 -4.972631e+03  1.920582e+03
      vertex  1.753226e+04 -5.048944e+03  2.076050e+03
    endloop
  endfacet
  facet normal -9.574076e-02 -9.842917e-01 -1.483360e-01
    outer loop
      vertex  1.731315e+04 -7.741851e+03  7.436308e+03
      vertex  1.757009e+04 -7.777819e+03  7.509140e+03
      vertex  1.731430e+04 -7.780707e+03  7.693396e+03
    endloop
  endfacet
  facet normal -9.567710e-02 -9.842659e-01 -1.485478e-01
    outer loop
      vertex  1.756839e+04 -7.739909e+03  7.259043e+03
      vertex  1.757009e+04 -7.777819e+03  7.509140e+03
      vertex  1.731315e+04 -7.741851e+03  7.436308e+03
    endloop
  endfacet
  facet normal -1.105820e-01 -9.792278e-01 -1.699537e-01
    outer loop
      vertex  1.731116e+04 -7.697120e+03  7.179874e+03
      vertex  1.756839e+04 -7.739909e+03  7.259043e+03
      vertex  1.731315e+04 -7.741851e+03  7.436308e+03
    endloop
  endfacet
  facet normal -1.105281e-01 -9.792057e-01 -1.701167e-01
    outer loop
      vertex  1.756582e+04 -7.696151e+03  7.008839e+03
      vertex  1.756839e+04 -7.739909e+03  7.259043e+03
      vertex  1.731116e+04 -7.697120e+03  7.179874e+03
    endloop
  endfacet
  facet normal -1.258705e-01 -9.731065e-01 -1.929257e-01
    outer loop
      vertex  1.730819e+04 -7.645969e+03  6.923812e+03
      vertex  1.756582e+04 -7.696151e+03  7.008839e+03
      vertex  1.731116e+04 -7.697120e+03  7.179874e+03
    endloop
  endfacet
  facet normal -1.276920e-01 -9.738616e-01 -1.878522e-01
    outer loop
      vertex  1.756393e+04 -7.668306e+03  6.865766e+03
      vertex  1.756582e+04 -7.696151e+03  7.008839e+03
      vertex  1.730819e+04 -7.645969e+03  6.923812e+03
    endloop
  endfacet
  facet normal -1.427178e-01 -9.654220e-01 -2.181559e-01
    outer loop
      vertex  1.755836e+04 -7.594599e+03  6.531598e+03
      vertex  1.756174e+04 -7.638261e+03  6.722605e+03
      vertex  1.730417e+04 -7.587837e+03  6.667963e+03
    endloop
  endfacet
  facet normal -1.557561e-01 -9.574770e-01 -2.428533e-01
    outer loop
      vertex  1.729914e+04 -7.522166e+03  6.412273e+03
      vertex  1.755836e+04 -7.594599e+03  6.531598e+03
      vertex  1.730417e+04 -7.587837e+03  6.667963e+03
    endloop
  endfacet
  facet normal -1.584689e-01 -9.583733e-01 -2.375041e-01
    outer loop
      vertex  1.755447e+04 -7.546592e+03  6.340473e+03
      vertex  1.755836e+04 -7.594599e+03  6.531598e+03
      vertex  1.729914e+04 -7.522166e+03  6.412273e+03
    endloop
  endfacet
  facet normal -1.666119e-01 -9.483747e-01 -2.698630e-01
    outer loop
      vertex  1.729320e+04 -7.448421e+03  6.156782e+03
      vertex  1.755447e+04 -7.546592e+03  6.340473e+03
      vertex  1.729914e+04 -7.522166e+03  6.412273e+03
    endloop
  endfacet
  facet normal -1.760644e-01 -9.501401e-01 -2.573618e-01
    outer loop
      vertex  1.729320e+04 -7.448421e+03  6.156782e+03
      vertex  1.755014e+04 -7.494003e+03  6.149289e+03
      vertex  1.755447e+04 -7.546592e+03  6.340473e+03
    endloop
  endfacet
  facet normal -1.751571e-01 -9.383314e-01 -2.980844e-01
    outer loop
      vertex  1.755014e+04 -7.494003e+03  6.149289e+03
      vertex  1.729320e+04 -7.448421e+03  6.156782e+03
      vertex  1.728650e+04 -7.366107e+03  5.901604e+03
    endloop
  endfacet
  facet normal -1.931356e-01 -9.403713e-01 -2.800009e-01
    outer loop
      vertex  1.728650e+04 -7.366107e+03  5.901604e+03
      vertex  1.754445e+04 -7.424534e+03  5.919902e+03
      vertex  1.755014e+04 -7.494003e+03  6.149289e+03
    endloop
  endfacet
  facet normal -2.143497e-01 -9.040761e-01 -3.697304e-01
    outer loop
      vertex  1.753205e+04 -7.263468e+03  5.461935e+03
      vertex  1.727425e+04 -7.208720e+03  5.477519e+03
      vertex  1.726920e+04 -7.138405e+03  5.308513e+03
    endloop
  endfacet
  facet normal -2.211771e-01 -9.063882e-01 -3.599181e-01
    outer loop
      vertex  1.726920e+04 -7.138405e+03  5.308513e+03
      vertex  1.752569e+04 -7.171319e+03  5.233783e+03
      vertex  1.753205e+04 -7.263468e+03  5.461935e+03
    endloop
  endfacet
  facet normal -2.277860e-01 -8.928156e-01 -3.885792e-01
    outer loop
      vertex  1.726418e+04 -7.063776e+03  5.139986e+03
      vertex  1.752569e+04 -7.171319e+03  5.233783e+03
      vertex  1.726920e+04 -7.138405e+03  5.308513e+03
    endloop
  endfacet
  facet normal -2.551647e-01 -8.453726e-01 -4.692933e-01
    outer loop
      vertex  1.750897e+04 -6.861954e+03  4.584275e+03
      vertex  1.725022e+04 -6.813750e+03  4.638128e+03
      vertex  1.724442e+04 -6.674150e+03  4.389811e+03
    endloop
  endfacet
  facet normal -2.626516e-01 -8.475336e-01 -4.611951e-01
    outer loop
      vertex  1.724442e+04 -6.674150e+03  4.389811e+03
      vertex  1.750460e+04 -6.746767e+03  4.375089e+03
      vertex  1.750897e+04 -6.861954e+03  4.584275e+03
    endloop
  endfacet
  facet normal -2.792413e-01 -7.418020e-01 -6.097162e-01
    outer loop
      vertex  1.724747e+04 -5.476276e+03  2.717766e+03
      vertex  1.751238e+04 -5.467266e+03  2.585479e+03
      vertex  1.750323e+04 -5.742070e+03  2.924006e+03
    endloop
  endfacet
  facet normal -2.819702e-01 -7.365367e-01 -6.148223e-01
    outer loop
      vertex  1.725533e+04 -5.286431e+03  2.486731e+03
      vertex  1.751238e+04 -5.467266e+03  2.585479e+03
      vertex  1.724747e+04 -5.476276e+03  2.717766e+03
    endloop
  endfacet
  facet normal -1.156626e-01 -9.786647e-01 -1.698161e-01
    outer loop
      vertex  1.705520e+04 -7.671734e+03  7.207908e+03
      vertex  1.731116e+04 -7.697120e+03  7.179874e+03
      vertex  1.731315e+04 -7.741851e+03  7.436308e+03
    endloop
  endfacet
  facet normal -1.189748e-01 -9.710995e-01 -2.069077e-01
    outer loop
      vertex  1.731116e+04 -7.697120e+03  7.179874e+03
      vertex  1.705520e+04 -7.671734e+03  7.207908e+03
      vertex  1.705271e+04 -7.621002e+03  6.971236e+03
    endloop
  endfacet
  facet normal -1.308173e-01 -9.724897e-01 -1.927450e-01
    outer loop
      vertex  1.705271e+04 -7.621002e+03  6.971236e+03
      vertex  1.730819e+04 -7.645969e+03  6.923812e+03
      vertex  1.731116e+04 -7.697120e+03  7.179874e+03
    endloop
  endfacet
  facet normal -1.367552e-01 -9.636847e-01 -2.293684e-01
    outer loop
      vertex  1.730819e+04 -7.645969e+03  6.923812e+03
      vertex  1.705271e+04 -7.621002e+03  6.971236e+03
      vertex  1.704933e+04 -7.564350e+03  6.735228e+03
    endloop
  endfacet
  facet normal -1.547004e-01 -9.551238e-01 -2.525995e-01
    outer loop
      vertex  1.730417e+04 -7.587837e+03  6.667963e+03
      vertex  1.704933e+04 -7.564350e+03  6.735228e+03
      vertex  1.704505e+04 -7.501387e+03  6.499775e+03
    endloop
  endfacet
  facet normal -1.617370e-01 -9.565736e-01 -2.425036e-01
    outer loop
      vertex  1.704505e+04 -7.501387e+03  6.499775e+03
      vertex  1.729914e+04 -7.522166e+03  6.412273e+03
      vertex  1.730417e+04 -7.587837e+03  6.667963e+03
    endloop
  endfacet
  facet normal -1.725313e-01 -9.453990e-01 -2.765028e-01
    outer loop
      vertex  1.703993e+04 -7.431739e+03  6.264835e+03
      vertex  1.729914e+04 -7.522166e+03  6.412273e+03
      vertex  1.704505e+04 -7.501387e+03  6.499775e+03
    endloop
  endfacet
  facet normal -1.771708e-01 -9.466690e-01 -2.691251e-01
    outer loop
      vertex  1.729320e+04 -7.448421e+03  6.156782e+03
      vertex  1.729914e+04 -7.522166e+03  6.412273e+03
      vertex  1.703993e+04 -7.431739e+03  6.264835e+03
    endloop
  endfacet
  facet normal -1.895765e-01 -9.349060e-01 -3.000191e-01
    outer loop
      vertex  1.703453e+04 -7.360986e+03  6.047772e+03
      vertex  1.729320e+04 -7.448421e+03  6.156782e+03
      vertex  1.703993e+04 -7.431739e+03  6.264835e+03
    endloop
  endfacet
  facet normal -1.911772e-01 -9.356117e-01 -2.967865e-01
    outer loop
      vertex  1.728650e+04 -7.366107e+03  5.901604e+03
      vertex  1.729320e+04 -7.448421e+03  6.156782e+03
      vertex  1.703453e+04 -7.360986e+03  6.047772e+03
    endloop
  endfacet
  facet normal -2.061080e-01 -9.237033e-01 -3.229423e-01
    outer loop
      vertex  1.702861e+04 -7.283954e+03  5.831217e+03
      vertex  1.728650e+04 -7.366107e+03  5.901604e+03
      vertex  1.703453e+04 -7.360986e+03  6.047772e+03
    endloop
  endfacet
  facet normal -2.081015e-01 -9.251867e-01 -3.173696e-01
    outer loop
      vertex  1.728293e+04 -7.321597e+03  5.774188e+03
      vertex  1.728650e+04 -7.366107e+03  5.901604e+03
      vertex  1.702861e+04 -7.283954e+03  5.831217e+03
    endloop
  endfacet
  facet normal -2.327967e-01 -9.003619e-01 -3.676332e-01
    outer loop
      vertex  1.726920e+04 -7.138405e+03  5.308513e+03
      vertex  1.727425e+04 -7.208720e+03  5.477519e+03
      vertex  1.701578e+04 -7.110232e+03  5.399988e+03
    endloop
  endfacet
  facet normal -2.407750e-01 -8.870913e-01 -3.938228e-01
    outer loop
      vertex  1.700921e+04 -7.013249e+03  5.185548e+03
      vertex  1.726920e+04 -7.138405e+03  5.308513e+03
      vertex  1.701578e+04 -7.110232e+03  5.399988e+03
    endloop
  endfacet
  facet normal -2.793997e-01 -8.226064e-01 -4.952317e-01
    outer loop
      vertex  1.724442e+04 -6.674150e+03  4.389811e+03
      vertex  1.698905e+04 -6.632404e+03  4.464546e+03
      vertex  1.698370e+04 -6.479632e+03  4.213798e+03
    endloop
  endfacet
  facet normal -2.815217e-01 -8.233061e-01 -4.928617e-01
    outer loop
      vertex  1.698370e+04 -6.479632e+03  4.213798e+03
      vertex  1.723978e+04 -6.525162e+03  4.143583e+03
      vertex  1.724442e+04 -6.674150e+03  4.389811e+03
    endloop
  endfacet
  facet normal -2.856309e-01 -8.053018e-01 -5.195228e-01
    outer loop
      vertex  1.723978e+04 -6.525162e+03  4.143583e+03
      vertex  1.698370e+04 -6.479632e+03  4.213798e+03
      vertex  1.697977e+04 -6.317957e+03  3.965351e+03
    endloop
  endfacet
  facet normal -2.872041e-01 -8.058271e-01 -5.178384e-01
    outer loop
      vertex  1.697977e+04 -6.317957e+03  3.965351e+03
      vertex  1.723656e+04 -6.367267e+03  3.899663e+03
      vertex  1.723978e+04 -6.525162e+03  4.143583e+03
    endloop
  endfacet
  facet normal -2.899044e-01 -7.899454e-01 -5.403163e-01
    outer loop
      vertex  1.723656e+04 -6.367267e+03  3.899663e+03
      vertex  1.697977e+04 -6.317957e+03  3.965351e+03
      vertex  1.697774e+04 -6.175138e+03  3.757638e+03
    endloop
  endfacet
  facet normal -2.908843e-01 -7.903922e-01 -5.391350e-01
    outer loop
      vertex  1.697774e+04 -6.175138e+03  3.757638e+03
      vertex  1.723512e+04 -6.229370e+03  3.698278e+03
      vertex  1.723656e+04 -6.367267e+03  3.899663e+03
    endloop
  endfacet
  facet normal -8.421385e-02 -9.851663e-01 -1.495172e-01
    outer loop
      vertex  1.680149e+04 -7.738390e+03  7.707690e+03
      vertex  1.705770e+04 -7.750656e+03  7.644202e+03
      vertex  1.705818e+04 -7.781013e+03  7.843956e+03
    endloop
  endfacet
  facet normal -9.076669e-02 -9.800247e-01 -1.769545e-01
    outer loop
      vertex  1.680096e+04 -7.705330e+03  7.524867e+03
      vertex  1.705770e+04 -7.750656e+03  7.644202e+03
      vertex  1.680149e+04 -7.738390e+03  7.707690e+03
    endloop
  endfacet
  facet normal -9.606676e-02 -9.814214e-01 -1.660820e-01
    outer loop
      vertex  1.705686e+04 -7.716936e+03  7.445428e+03
      vertex  1.705770e+04 -7.750656e+03  7.644202e+03
      vertex  1.680096e+04 -7.705330e+03  7.524867e+03
    endloop
  endfacet
  facet normal -1.048310e-01 -9.751382e-01 -1.952327e-01
    outer loop
      vertex  1.679979e+04 -7.659744e+03  7.297800e+03
      vertex  1.705686e+04 -7.716936e+03  7.445428e+03
      vertex  1.680096e+04 -7.705330e+03  7.524867e+03
    endloop
  endfacet
  facet normal -1.109698e-01 -9.764438e-01 -1.850491e-01
    outer loop
      vertex  1.679979e+04 -7.659744e+03  7.297800e+03
      vertex  1.705520e+04 -7.671734e+03  7.207908e+03
      vertex  1.705686e+04 -7.716936e+03  7.445428e+03
    endloop
  endfacet
  facet normal -1.215363e-01 -9.687788e-01 -2.160935e-01
    outer loop
      vertex  1.679796e+04 -7.609167e+03  7.072090e+03
      vertex  1.705520e+04 -7.671734e+03  7.207908e+03
      vertex  1.679979e+04 -7.659744e+03  7.297800e+03
    endloop
  endfacet
  facet normal -1.268723e-01 -9.701599e-01 -2.066233e-01
    outer loop
      vertex  1.705271e+04 -7.621002e+03  6.971236e+03
      vertex  1.705520e+04 -7.671734e+03  7.207908e+03
      vertex  1.679796e+04 -7.609167e+03  7.072090e+03
    endloop
  endfacet
  facet normal -1.386875e-01 -9.614383e-01 -2.374916e-01
    outer loop
      vertex  1.679536e+04 -7.553318e+03  6.847516e+03
      vertex  1.705271e+04 -7.621002e+03  6.971236e+03
      vertex  1.679796e+04 -7.609167e+03  7.072090e+03
    endloop
  endfacet
  facet normal -1.431015e-01 -9.628330e-01 -2.290730e-01
    outer loop
      vertex  1.704933e+04 -7.564350e+03  6.735228e+03
      vertex  1.705271e+04 -7.621002e+03  6.971236e+03
      vertex  1.679536e+04 -7.553318e+03  6.847516e+03
    endloop
  endfacet
  facet normal -1.560646e-01 -9.530905e-01 -2.593496e-01
    outer loop
      vertex  1.679196e+04 -7.491917e+03  6.623917e+03
      vertex  1.704933e+04 -7.564350e+03  6.735228e+03
      vertex  1.679536e+04 -7.553318e+03  6.847516e+03
    endloop
  endfacet
  facet normal -1.594756e-01 -9.544114e-01 -2.523222e-01
    outer loop
      vertex  1.704505e+04 -7.501387e+03  6.499775e+03
      vertex  1.704933e+04 -7.564350e+03  6.735228e+03
      vertex  1.679196e+04 -7.491917e+03  6.623917e+03
    endloop
  endfacet
  facet normal -1.734315e-01 -9.437315e-01 -2.815886e-01
    outer loop
      vertex  1.678778e+04 -7.424692e+03  6.401189e+03
      vertex  1.704505e+04 -7.501387e+03  6.499775e+03
      vertex  1.679196e+04 -7.491917e+03  6.623917e+03
    endloop
  endfacet
  facet normal -1.758059e-01 -9.448628e-01 -2.762726e-01
    outer loop
      vertex  1.703993e+04 -7.431739e+03  6.264835e+03
      vertex  1.704505e+04 -7.501387e+03  6.499775e+03
      vertex  1.678778e+04 -7.424692e+03  6.401189e+03
    endloop
  endfacet
  facet normal -1.905424e-01 -9.333844e-01 -3.041172e-01
    outer loop
      vertex  1.678287e+04 -7.351386e+03  6.179276e+03
      vertex  1.703993e+04 -7.431739e+03  6.264835e+03
      vertex  1.678778e+04 -7.424692e+03  6.401189e+03
    endloop
  endfacet
  facet normal -1.923058e-01 -9.344210e-01 -2.997931e-01
    outer loop
      vertex  1.703453e+04 -7.360986e+03  6.047772e+03
      vertex  1.703993e+04 -7.431739e+03  6.264835e+03
      vertex  1.678287e+04 -7.351386e+03  6.179276e+03
    endloop
  endfacet
  facet normal -2.065046e-01 -9.218730e-01 -3.278811e-01
    outer loop
      vertex  1.677686e+04 -7.265119e+03  5.940512e+03
      vertex  1.703453e+04 -7.360986e+03  6.047772e+03
      vertex  1.678287e+04 -7.351386e+03  6.179276e+03
    endloop
  endfacet
  facet normal -2.091458e-01 -9.231217e-01 -3.226523e-01
    outer loop
      vertex  1.702861e+04 -7.283954e+03  5.831217e+03
      vertex  1.703453e+04 -7.360986e+03  6.047772e+03
      vertex  1.677686e+04 -7.265119e+03  5.940512e+03
    endloop
  endfacet
  facet normal -2.211929e-01 -9.091770e-01 -3.528043e-01
    outer loop
      vertex  1.677028e+04 -7.171241e+03  5.702717e+03
      vertex  1.702861e+04 -7.283954e+03  5.831217e+03
      vertex  1.677686e+04 -7.265119e+03  5.940512e+03
    endloop
  endfacet
  facet normal -2.348149e-01 -8.956352e-01 -3.777559e-01
    outer loop
      vertex  1.676330e+04 -7.069558e+03  5.465967e+03
      vertex  1.702230e+04 -7.200426e+03  5.615253e+03
      vertex  1.677028e+04 -7.171241e+03  5.702717e+03
    endloop
  endfacet
  facet normal -2.471985e-01 -8.813754e-01 -4.025797e-01
    outer loop
      vertex  1.701578e+04 -7.110232e+03  5.399988e+03
      vertex  1.676330e+04 -7.069558e+03  5.465967e+03
      vertex  1.675617e+04 -6.959945e+03  5.230369e+03
    endloop
  endfacet
  facet normal -2.555927e-01 -8.837999e-01 -3.918803e-01
    outer loop
      vertex  1.675617e+04 -6.959945e+03  5.230369e+03
      vertex  1.700921e+04 -7.013249e+03  5.185548e+03
      vertex  1.701578e+04 -7.110232e+03  5.399988e+03
    endloop
  endfacet
  facet normal -2.581990e-01 -8.665527e-01 -4.271061e-01
    outer loop
      vertex  1.700921e+04 -7.013249e+03  5.185548e+03
      vertex  1.675617e+04 -6.959945e+03  5.230369e+03
      vertex  1.674912e+04 -6.842353e+03  4.996052e+03
    endloop
  endfacet
  facet normal -2.966946e-01 -8.041490e-01 -5.150890e-01
    outer loop
      vertex  1.672767e+04 -6.333364e+03  4.132925e+03
      vertex  1.698370e+04 -6.479632e+03  4.213798e+03
      vertex  1.673036e+04 -6.425055e+03  4.274521e+03
    endloop
  endfacet
  facet normal -3.065300e-01 -7.547015e-01 -5.800559e-01
    outer loop
      vertex  1.672325e+04 -5.707728e+03  3.265895e+03
      vertex  1.697866e+04 -5.793736e+03  3.242823e+03
      vertex  1.697742e+04 -5.911541e+03  3.396752e+03
    endloop
  endfacet
  facet normal -2.977899e-01 -7.349014e-01 -6.092957e-01
    outer loop
      vertex  1.674892e+04 -4.940076e+03  2.313223e+03
      vertex  1.699698e+04 -5.196999e+03  2.501870e+03
      vertex  1.673487e+04 -5.245509e+03  2.688489e+03
    endloop
  endfacet
  facet normal -2.945217e-01 -7.338434e-01 -6.121526e-01
    outer loop
      vertex  1.674892e+04 -4.940076e+03  2.313223e+03
      vertex  1.700714e+04 -4.998584e+03  2.259126e+03
      vertex  1.699698e+04 -5.196999e+03  2.501870e+03
    endloop
  endfacet
  facet normal -2.906387e-01 -7.525405e-01 -5.909415e-01
    outer loop
      vertex  1.702817e+04 -4.664205e+03  1.834207e+03
      vertex  1.702147e+04 -4.763374e+03  1.963789e+03
      vertex  1.676713e+04 -4.641031e+03  1.933077e+03
    endloop
  endfacet
  facet normal -2.872519e-01 -7.625540e-01 -5.796530e-01
    outer loop
      vertex  1.677660e+04 -4.506625e+03  1.751568e+03
      vertex  1.702817e+04 -4.664205e+03  1.834207e+03
      vertex  1.676713e+04 -4.641031e+03  1.933077e+03
    endloop
  endfacet
  facet normal -4.633185e-02 -9.910542e-01 -1.251602e-01
    outer loop
      vertex  1.654639e+04 -7.836422e+03  8.487231e+03
      vertex  1.654592e+04 -7.818361e+03  8.344392e+03
      vertex  1.680246e+04 -7.832171e+03  8.358780e+03
    endloop
  endfacet
  facet normal -6.697143e-02 -9.870447e-01 -1.457995e-01
    outer loop
      vertex  1.680179e+04 -7.768565e+03  7.891748e+03
      vertex  1.680199e+04 -7.795980e+03  8.077254e+03
      vertex  1.654541e+04 -7.762701e+03  7.969812e+03
    endloop
  endfacet
  facet normal -7.867218e-02 -9.837879e-01 -1.611584e-01
    outer loop
      vertex  1.680149e+04 -7.738390e+03  7.707690e+03
      vertex  1.680179e+04 -7.768565e+03  7.891748e+03
      vertex  1.654523e+04 -7.730638e+03  7.785467e+03
    endloop
  endfacet
  facet normal -8.695170e-02 -9.781192e-01 -1.890030e-01
    outer loop
      vertex  1.654482e+04 -7.688274e+03  7.566417e+03
      vertex  1.680149e+04 -7.738390e+03  7.707690e+03
      vertex  1.654523e+04 -7.730638e+03  7.785467e+03
    endloop
  endfacet
  facet normal -9.393288e-02 -9.797375e-01 -1.768933e-01
    outer loop
      vertex  1.654482e+04 -7.688274e+03  7.566417e+03
      vertex  1.680096e+04 -7.705330e+03  7.524867e+03
      vertex  1.680149e+04 -7.738390e+03  7.707690e+03
    endloop
  endfacet
  facet normal -9.873129e-02 -9.728547e-01 -2.092985e-01
    outer loop
      vertex  1.680096e+04 -7.705330e+03  7.524867e+03
      vertex  1.654482e+04 -7.688274e+03  7.566417e+03
      vertex  1.654401e+04 -7.641506e+03  7.349412e+03
    endloop
  endfacet
  facet normal -1.088707e-01 -9.747165e-01 -1.951274e-01
    outer loop
      vertex  1.654401e+04 -7.641506e+03  7.349412e+03
      vertex  1.679979e+04 -7.659744e+03  7.297800e+03
      vertex  1.680096e+04 -7.705330e+03  7.524867e+03
    endloop
  endfacet
  facet normal -1.152822e-01 -9.663742e-01 -2.298500e-01
    outer loop
      vertex  1.679979e+04 -7.659744e+03  7.297800e+03
      vertex  1.654401e+04 -7.641506e+03  7.349412e+03
      vertex  1.654267e+04 -7.590152e+03  7.134170e+03
    endloop
  endfacet
  facet normal -1.246561e-01 -9.684066e-01 -2.159848e-01
    outer loop
      vertex  1.654267e+04 -7.590152e+03  7.134170e+03
      vertex  1.679796e+04 -7.609167e+03  7.072090e+03
      vertex  1.679979e+04 -7.659744e+03  7.297800e+03
    endloop
  endfacet
  facet normal -1.323829e-01 -9.589848e-01 -2.506448e-01
    outer loop
      vertex  1.679796e+04 -7.609167e+03  7.072090e+03
      vertex  1.654267e+04 -7.590152e+03  7.134170e+03
      vertex  1.654071e+04 -7.534025e+03  6.920464e+03
    endloop
  endfacet
  facet normal -1.408251e-01 -9.611512e-01 -2.373954e-01
    outer loop
      vertex  1.654071e+04 -7.534025e+03  6.920464e+03
      vertex  1.679536e+04 -7.553318e+03  6.847516e+03
      vertex  1.679796e+04 -7.609167e+03  7.072090e+03
    endloop
  endfacet
  facet normal -1.498304e-01 -9.506751e-01 -2.716022e-01
    outer loop
      vertex  1.653807e+04 -7.472941e+03  6.708111e+03
      vertex  1.679536e+04 -7.553318e+03  6.847516e+03
      vertex  1.654071e+04 -7.534025e+03  6.920464e+03
    endloop
  endfacet
  facet normal -1.572053e-01 -9.529205e-01 -2.592856e-01
    outer loop
      vertex  1.679196e+04 -7.491917e+03  6.623917e+03
      vertex  1.679536e+04 -7.553318e+03  6.847516e+03
      vertex  1.653807e+04 -7.472941e+03  6.708111e+03
    endloop
  endfacet
  facet normal -1.677195e-01 -9.410812e-01 -2.936603e-01
    outer loop
      vertex  1.653440e+04 -7.400243e+03  6.477235e+03
      vertex  1.679196e+04 -7.491917e+03  6.623917e+03
      vertex  1.653807e+04 -7.472941e+03  6.708111e+03
    endloop
  endfacet
  facet normal -1.754973e-01 -9.433919e-01 -2.814473e-01
    outer loop
      vertex  1.678778e+04 -7.424692e+03  6.401189e+03
      vertex  1.679196e+04 -7.491917e+03  6.623917e+03
      vertex  1.653440e+04 -7.400243e+03  6.477235e+03
    endloop
  endfacet
  facet normal -1.848527e-01 -9.302947e-01 -3.168299e-01
    outer loop
      vertex  1.652995e+04 -7.321180e+03  6.247684e+03
      vertex  1.678778e+04 -7.424692e+03  6.401189e+03
      vertex  1.653440e+04 -7.400243e+03  6.477235e+03
    endloop
  endfacet
  facet normal -1.935900e-01 -9.328378e-01 -3.038693e-01
    outer loop
      vertex  1.652995e+04 -7.321180e+03  6.247684e+03
      vertex  1.678287e+04 -7.351386e+03  6.179276e+03
      vertex  1.678778e+04 -7.424692e+03  6.401189e+03
    endloop
  endfacet
  facet normal -2.016418e-01 -9.185771e-01 -3.399362e-01
    outer loop
      vertex  1.678287e+04 -7.351386e+03  6.179276e+03
      vertex  1.652995e+04 -7.321180e+03  6.247684e+03
      vertex  1.652479e+04 -7.235559e+03  6.019377e+03
    endloop
  endfacet
  facet normal -2.104795e-01 -9.211076e-01 -3.275045e-01
    outer loop
      vertex  1.652479e+04 -7.235559e+03  6.019377e+03
      vertex  1.677686e+04 -7.265119e+03  5.940512e+03
      vertex  1.678287e+04 -7.351386e+03  6.179276e+03
    endloop
  endfacet
  facet normal -2.196762e-01 -9.056461e-01 -3.626949e-01
    outer loop
      vertex  1.651904e+04 -7.143217e+03  5.792282e+03
      vertex  1.677686e+04 -7.265119e+03  5.940512e+03
      vertex  1.652479e+04 -7.235559e+03  6.019377e+03
    endloop
  endfacet
  facet normal -2.268382e-01 -9.080226e-01 -3.521922e-01
    outer loop
      vertex  1.677028e+04 -7.171241e+03  5.702717e+03
      vertex  1.677686e+04 -7.265119e+03  5.940512e+03
      vertex  1.651904e+04 -7.143217e+03  5.792282e+03
    endloop
  endfacet
  facet normal -2.367974e-01 -8.919538e-01 -3.851566e-01
    outer loop
      vertex  1.651285e+04 -7.044034e+03  5.566398e+03
      vertex  1.677028e+04 -7.171241e+03  5.702717e+03
      vertex  1.651904e+04 -7.143217e+03  5.792282e+03
    endloop
  endfacet
  facet normal -2.422258e-01 -8.940406e-01 -3.768528e-01
    outer loop
      vertex  1.676330e+04 -7.069558e+03  5.465967e+03
      vertex  1.677028e+04 -7.171241e+03  5.702717e+03
      vertex  1.651285e+04 -7.044034e+03  5.566398e+03
    endloop
  endfacet
  facet normal -2.527412e-01 -8.776540e-01 -4.072411e-01
    outer loop
      vertex  1.650639e+04 -6.937939e+03  5.341759e+03
      vertex  1.676330e+04 -7.069558e+03  5.465967e+03
      vertex  1.651285e+04 -7.044034e+03  5.566398e+03
    endloop
  endfacet
  facet normal -2.564402e-01 -8.793003e-01 -4.013345e-01
    outer loop
      vertex  1.675617e+04 -6.959945e+03  5.230369e+03
      vertex  1.676330e+04 -7.069558e+03  5.465967e+03
      vertex  1.650639e+04 -6.937939e+03  5.341759e+03
    endloop
  endfacet
  facet normal -2.672730e-01 -8.629273e-01 -4.288608e-01
    outer loop
      vertex  1.649986e+04 -6.824920e+03  5.118420e+03
      vertex  1.675617e+04 -6.959945e+03  5.230369e+03
      vertex  1.650639e+04 -6.937939e+03  5.341759e+03
    endloop
  endfacet
  facet normal -2.693012e-01 -8.639715e-01 -4.254765e-01
    outer loop
      vertex  1.674912e+04 -6.842353e+03  4.996052e+03
      vertex  1.675617e+04 -6.959945e+03  5.230369e+03
      vertex  1.649986e+04 -6.824920e+03  5.118420e+03
    endloop
  endfacet
  facet normal -2.801894e-01 -8.479695e-01 -4.499351e-01
    outer loop
      vertex  1.649345e+04 -6.705030e+03  4.896458e+03
      vertex  1.674912e+04 -6.842353e+03  4.996052e+03
      vertex  1.649986e+04 -6.824920e+03  5.118420e+03
    endloop
  endfacet
  facet normal -2.819787e-01 -8.490309e-01 -4.468050e-01
    outer loop
      vertex  1.674348e+04 -6.738293e+03  4.801874e+03
      vertex  1.674912e+04 -6.842353e+03  4.996052e+03
      vertex  1.649345e+04 -6.705030e+03  4.896458e+03
    endloop
  endfacet
  facet normal -2.889775e-01 -8.336104e-01 -4.707288e-01
    outer loop
      vertex  1.648742e+04 -6.578976e+03  4.676933e+03
      vertex  1.674348e+04 -6.738293e+03  4.801874e+03
      vertex  1.649345e+04 -6.705030e+03  4.896458e+03
    endloop
  endfacet
  facet normal -2.924739e-01 -8.352441e-01 -4.656462e-01
    outer loop
      vertex  1.673822e+04 -6.628799e+03  4.608776e+03
      vertex  1.674348e+04 -6.738293e+03  4.801874e+03
      vertex  1.648742e+04 -6.578976e+03  4.676933e+03
    endloop
  endfacet
  facet normal -2.961519e-01 -8.194329e-01 -4.907380e-01
    outer loop
      vertex  1.648193e+04 -6.446448e+03  4.458948e+03
      vertex  1.673822e+04 -6.628799e+03  4.608776e+03
      vertex  1.648742e+04 -6.578976e+03  4.676933e+03
    endloop
  endfacet
  facet normal -3.197475e-01 -7.531975e-01 -5.748521e-01
    outer loop
      vertex  1.646996e+04 -5.620395e+03  3.290977e+03
      vertex  1.672212e+04 -5.859931e+03  3.464566e+03
      vertex  1.646938e+04 -5.859094e+03  3.604051e+03
    endloop
  endfacet
  facet normal -3.082561e-01 -7.364867e-01 -6.021342e-01
    outer loop
      vertex  1.673487e+04 -5.245509e+03  2.688489e+03
      vertex  1.672579e+04 -5.552751e+03  3.068931e+03
      vertex  1.647478e+04 -5.340799e+03  2.938190e+03
    endloop
  endfacet
  facet normal -3.009045e-01 -7.400562e-01 -6.014759e-01
    outer loop
      vertex  1.649728e+04 -4.783542e+03  2.246511e+03
      vertex  1.674892e+04 -4.940076e+03  2.313223e+03
      vertex  1.649248e+04 -4.874428e+03  2.360742e+03
    endloop
  endfacet
  facet normal -2.907434e-01 -7.616184e-01 -5.791423e-01
    outer loop
      vertex  1.651926e+04 -4.439017e+03  1.791849e+03
      vertex  1.677660e+04 -4.506625e+03  1.751568e+03
      vertex  1.676713e+04 -4.641031e+03  1.933077e+03
    endloop
  endfacet
  facet normal -7.820896e-02 -9.753218e-01 -2.064720e-01
    outer loop
      vertex  1.654523e+04 -7.730638e+03  7.785467e+03
      vertex  1.628881e+04 -7.710041e+03  7.785301e+03
      vertex  1.628854e+04 -7.664572e+03  7.570619e+03
    endloop
  endfacet
  facet normal -9.350497e-02 -9.775386e-01 -1.888784e-01
    outer loop
      vertex  1.628854e+04 -7.664572e+03  7.570619e+03
      vertex  1.654482e+04 -7.688274e+03  7.566417e+03
      vertex  1.654523e+04 -7.730638e+03  7.785467e+03
    endloop
  endfacet
  facet normal -9.337607e-02 -9.693191e-01 -2.273795e-01
    outer loop
      vertex  1.654482e+04 -7.688274e+03  7.566417e+03
      vertex  1.628854e+04 -7.664572e+03  7.570619e+03
      vertex  1.628795e+04 -7.614726e+03  7.358366e+03
    endloop
  endfacet
  facet normal -1.089482e-01 -9.718198e-01 -2.090374e-01
    outer loop
      vertex  1.628795e+04 -7.614726e+03  7.358366e+03
      vertex  1.654401e+04 -7.641506e+03  7.349412e+03
      vertex  1.654482e+04 -7.688274e+03  7.566417e+03
    endloop
  endfacet
  facet normal -1.093463e-01 -9.624722e-01 -2.483761e-01
    outer loop
      vertex  1.654401e+04 -7.641506e+03  7.349412e+03
      vertex  1.628795e+04 -7.614726e+03  7.358366e+03
      vertex  1.628693e+04 -7.560392e+03  7.148267e+03
    endloop
  endfacet
  facet normal -1.249744e-01 -9.652469e-01 -2.295207e-01
    outer loop
      vertex  1.628693e+04 -7.560392e+03  7.148267e+03
      vertex  1.654267e+04 -7.590152e+03  7.134170e+03
      vertex  1.654401e+04 -7.641506e+03  7.349412e+03
    endloop
  endfacet
  facet normal -1.259512e-01 -9.547645e-01 -2.693719e-01
    outer loop
      vertex  1.654267e+04 -7.590152e+03  7.134170e+03
      vertex  1.628693e+04 -7.560392e+03  7.148267e+03
      vertex  1.628538e+04 -7.501453e+03  6.940087e+03
    endloop
  endfacet
  facet normal -1.414210e-01 -9.577971e-01 -2.502498e-01
    outer loop
      vertex  1.628538e+04 -7.501453e+03  6.940087e+03
      vertex  1.654071e+04 -7.534025e+03  6.920464e+03
      vertex  1.654267e+04 -7.590152e+03  7.134170e+03
    endloop
  endfacet
  facet normal -1.430165e-01 -9.462008e-01 -2.902591e-01
    outer loop
      vertex  1.654071e+04 -7.534025e+03  6.920464e+03
      vertex  1.628538e+04 -7.501453e+03  6.940087e+03
      vertex  1.628325e+04 -7.437798e+03  6.733633e+03
    endloop
  endfacet
  facet normal -1.581023e-01 -9.494634e-01 -2.711508e-01
    outer loop
      vertex  1.628325e+04 -7.437798e+03  6.733633e+03
      vertex  1.653807e+04 -7.472941e+03  6.708111e+03
      vertex  1.654071e+04 -7.534025e+03  6.920464e+03
    endloop
  endfacet
  facet normal -1.603428e-01 -9.368010e-01 -3.109568e-01
    outer loop
      vertex  1.653807e+04 -7.472941e+03  6.708111e+03
      vertex  1.628325e+04 -7.437798e+03  6.733633e+03
      vertex  1.628051e+04 -7.369319e+03  6.528742e+03
    endloop
  endfacet
  facet normal -1.739953e-01 -9.400715e-01 -2.932425e-01
    outer loop
      vertex  1.628051e+04 -7.369319e+03  6.528742e+03
      vertex  1.653440e+04 -7.400243e+03  6.477235e+03
      vertex  1.653807e+04 -7.472941e+03  6.708111e+03
    endloop
  endfacet
  facet normal -1.800105e-01 -9.262294e-01 -3.312028e-01
    outer loop
      vertex  1.653440e+04 -7.400243e+03  6.477235e+03
      vertex  1.628051e+04 -7.369319e+03  6.528742e+03
      vertex  1.627719e+04 -7.295921e+03  6.325289e+03
    endloop
  endfacet
  facet normal -1.900268e-01 -9.293917e-01 -3.164186e-01
    outer loop
      vertex  1.627719e+04 -7.295921e+03  6.325289e+03
      vertex  1.652995e+04 -7.321180e+03  6.247684e+03
      vertex  1.653440e+04 -7.400243e+03  6.477235e+03
    endloop
  endfacet
  facet normal -1.992182e-01 -9.149118e-01 -3.510678e-01
    outer loop
      vertex  1.627330e+04 -7.217521e+03  6.123174e+03
      vertex  1.652995e+04 -7.321180e+03  6.247684e+03
      vertex  1.627719e+04 -7.295921e+03  6.325289e+03
    endloop
  endfacet
  facet normal -2.059664e-01 -9.177659e-01 -3.395342e-01
    outer loop
      vertex  1.652479e+04 -7.235559e+03  6.019377e+03
      vertex  1.652995e+04 -7.321180e+03  6.247684e+03
      vertex  1.627330e+04 -7.217521e+03  6.123174e+03
    endloop
  endfacet
  facet normal -2.176890e-01 -9.029586e-01 -3.705095e-01
    outer loop
      vertex  1.626892e+04 -7.134051e+03  5.922328e+03
      vertex  1.652479e+04 -7.235559e+03  6.019377e+03
      vertex  1.627330e+04 -7.217521e+03  6.123174e+03
    endloop
  endfacet
  facet normal -2.216424e-01 -9.052511e-01 -3.624845e-01
    outer loop
      vertex  1.651904e+04 -7.143217e+03  5.792282e+03
      vertex  1.652479e+04 -7.235559e+03  6.019377e+03
      vertex  1.626892e+04 -7.134051e+03  5.922328e+03
    endloop
  endfacet
  facet normal -2.351466e-01 -8.905044e-01 -3.894969e-01
    outer loop
      vertex  1.626412e+04 -7.045469e+03  5.722700e+03
      vertex  1.651904e+04 -7.143217e+03  5.792282e+03
      vertex  1.626892e+04 -7.134051e+03  5.922328e+03
    endloop
  endfacet
  facet normal -2.494254e-01 -8.740921e-01 -4.168333e-01
    outer loop
      vertex  1.625779e+04 -6.929486e+03  5.478813e+03
      vertex  1.651285e+04 -7.044034e+03  5.566398e+03
      vertex  1.626100e+04 -6.988447e+03  5.600532e+03
    endloop
  endfacet
  facet normal -2.637928e-01 -8.584619e-01 -4.398369e-01
    outer loop
      vertex  1.650639e+04 -6.937939e+03  5.341759e+03
      vertex  1.625441e+04 -6.866567e+03  5.353583e+03
      vertex  1.625098e+04 -6.801597e+03  5.228833e+03
    endloop
  endfacet
  facet normal -2.708143e-01 -8.620858e-01 -4.283313e-01
    outer loop
      vertex  1.625098e+04 -6.801597e+03  5.228833e+03
      vertex  1.649986e+04 -6.824920e+03  5.118420e+03
      vertex  1.650639e+04 -6.937939e+03  5.341759e+03
    endloop
  endfacet
  facet normal -2.811370e-01 -8.448147e-01 -4.552474e-01
    outer loop
      vertex  1.624425e+04 -6.667795e+03  4.984692e+03
      vertex  1.649986e+04 -6.824920e+03  5.118420e+03
      vertex  1.625098e+04 -6.801597e+03  5.228833e+03
    endloop
  endfacet
  facet normal -2.854992e-01 -8.466550e-01 -4.490719e-01
    outer loop
      vertex  1.649345e+04 -6.705030e+03  4.896458e+03
      vertex  1.649986e+04 -6.824920e+03  5.118420e+03
      vertex  1.624425e+04 -6.667795e+03  4.984692e+03
    endloop
  endfacet
  facet normal -2.923708e-01 -8.296113e-01 -4.756725e-01
    outer loop
      vertex  1.623817e+04 -6.535993e+03  4.758552e+03
      vertex  1.649345e+04 -6.705030e+03  4.896458e+03
      vertex  1.624425e+04 -6.667795e+03  4.984692e+03
    endloop
  endfacet
  facet normal -2.970848e-01 -8.315505e-01 -4.693232e-01
    outer loop
      vertex  1.648742e+04 -6.578976e+03  4.676933e+03
      vertex  1.649345e+04 -6.705030e+03  4.896458e+03
      vertex  1.623817e+04 -6.535993e+03  4.758552e+03
    endloop
  endfacet
  facet normal -3.024167e-01 -8.149688e-01 -4.943379e-01
    outer loop
      vertex  1.623252e+04 -6.397767e+03  4.534128e+03
      vertex  1.648742e+04 -6.578976e+03  4.676933e+03
      vertex  1.623817e+04 -6.535993e+03  4.758552e+03
    endloop
  endfacet
  facet normal -3.067404e-01 -8.166893e-01 -4.888036e-01
    outer loop
      vertex  1.623252e+04 -6.397767e+03  4.534128e+03
      vertex  1.648193e+04 -6.446448e+03  4.458948e+03
      vertex  1.648742e+04 -6.578976e+03  4.676933e+03
    endloop
  endfacet
  facet normal -3.106474e-01 -8.008195e-01 -5.120413e-01
    outer loop
      vertex  1.648193e+04 -6.446448e+03  4.458948e+03
      vertex  1.623252e+04 -6.397767e+03  4.534128e+03
      vertex  1.622752e+04 -6.253461e+03  4.311473e+03
    endloop
  endfacet
  facet normal -3.167647e-01 -7.889937e-01 -5.264496e-01
    outer loop
      vertex  1.622438e+04 -6.144073e+03  4.149420e+03
      vertex  1.647720e+04 -6.307745e+03  4.242592e+03
      vertex  1.622752e+04 -6.253461e+03  4.311473e+03
    endloop
  endfacet
  facet normal -3.254355e-01 -7.517920e-01 -5.734985e-01
    outer loop
      vertex  1.646938e+04 -5.859094e+03  3.604051e+03
      vertex  1.621838e+04 -5.789025e+03  3.654629e+03
      vertex  1.621815e+04 -5.543302e+03  3.332644e+03
    endloop
  endfacet
  facet normal -3.250991e-01 -7.517432e-01 -5.737532e-01
    outer loop
      vertex  1.621815e+04 -5.543302e+03  3.332644e+03
      vertex  1.646996e+04 -5.620395e+03  3.290977e+03
      vertex  1.646938e+04 -5.859094e+03  3.604051e+03
    endloop
  endfacet
  facet normal -3.241429e-01 -7.405960e-01 -5.885992e-01
    outer loop
      vertex  1.646996e+04 -5.620395e+03  3.290977e+03
      vertex  1.621815e+04 -5.543302e+03  3.332644e+03
      vertex  1.622205e+04 -5.256667e+03  2.969844e+03
    endloop
  endfacet
  facet normal -3.125171e-01 -7.366890e-01 -5.996853e-01
    outer loop
      vertex  1.623423e+04 -4.875081e+03  2.493978e+03
      vertex  1.648404e+04 -5.059484e+03  2.590327e+03
      vertex  1.622717e+04 -5.064923e+03  2.730872e+03
    endloop
  endfacet
  facet normal -5.463706e-02 -9.830693e-01 -1.748989e-01
    outer loop
      vertex  1.603248e+04 -7.753589e+03  8.101430e+03
      vertex  1.628906e+04 -7.776382e+03  8.149391e+03
      vertex  1.603262e+04 -7.775629e+03  8.225269e+03
    endloop
  endfacet
  facet normal -7.704715e-02 -9.743236e-01 -2.115593e-01
    outer loop
      vertex  1.603233e+04 -7.679286e+03  7.737068e+03
      vertex  1.628881e+04 -7.710041e+03  7.785301e+03
      vertex  1.603237e+04 -7.705573e+03  7.858115e+03
    endloop
  endfacet
  facet normal -9.280041e-02 -9.657115e-01 -2.424653e-01
    outer loop
      vertex  1.628854e+04 -7.664572e+03  7.570619e+03
      vertex  1.603225e+04 -7.651588e+03  7.616997e+03
      vertex  1.603186e+04 -7.592171e+03  7.380492e+03
    endloop
  endfacet
  facet normal -1.048962e-01 -9.682088e-01 -2.270871e-01
    outer loop
      vertex  1.603186e+04 -7.592171e+03  7.380492e+03
      vertex  1.628795e+04 -7.614726e+03  7.358366e+03
      vertex  1.628854e+04 -7.664572e+03  7.570619e+03
    endloop
  endfacet
  facet normal -1.074190e-01 -9.576881e-01 -2.670107e-01
    outer loop
      vertex  1.628795e+04 -7.614726e+03  7.358366e+03
      vertex  1.603186e+04 -7.592171e+03  7.380492e+03
      vertex  1.603105e+04 -7.527048e+03  7.147246e+03
    endloop
  endfacet
  facet normal -1.242089e-01 -9.607977e-01 -2.478708e-01
    outer loop
      vertex  1.603105e+04 -7.527048e+03  7.147246e+03
      vertex  1.628693e+04 -7.560392e+03  7.148267e+03
      vertex  1.628795e+04 -7.614726e+03  7.358366e+03
    endloop
  endfacet
  facet normal -1.224670e-01 -9.487591e-01 -2.913041e-01
    outer loop
      vertex  1.628693e+04 -7.560392e+03  7.148267e+03
      vertex  1.603105e+04 -7.527048e+03  7.147246e+03
      vertex  1.602967e+04 -7.456150e+03  6.916916e+03
    endloop
  endfacet
  facet normal -2.783976e-01 -8.454833e-01 -4.556895e-01
    outer loop
      vertex  1.624425e+04 -6.667795e+03  4.984692e+03
      vertex  1.625098e+04 -6.801597e+03  5.228833e+03
      vertex  1.599828e+04 -6.694010e+03  5.183602e+03
    endloop
  endfacet
  facet normal -2.941421e-01 -8.304143e-01 -4.731729e-01
    outer loop
      vertex  1.599206e+04 -6.553411e+03  4.940714e+03
      vertex  1.624425e+04 -6.667795e+03  4.984692e+03
      vertex  1.599828e+04 -6.694010e+03  5.183602e+03
    endloop
  endfacet
  facet normal -3.322450e-01 -7.682038e-01 -5.472442e-01
    outer loop
      vertex  1.597016e+04 -5.839617e+03  3.871263e+03
      vertex  1.621971e+04 -5.911697e+03  3.820936e+03
      vertex  1.622178e+04 -6.031864e+03  3.988367e+03
    endloop
  endfacet
  facet normal -3.328936e-01 -7.506080e-01 -5.707622e-01
    outer loop
      vertex  1.621838e+04 -5.789025e+03  3.654629e+03
      vertex  1.596842e+04 -5.705839e+03  3.691019e+03
      vertex  1.596744e+04 -5.515844e+03  3.441729e+03
    endloop
  endfacet
  facet normal -3.311667e-01 -7.502103e-01 -5.722875e-01
    outer loop
      vertex  1.596744e+04 -5.515844e+03  3.441729e+03
      vertex  1.621815e+04 -5.543302e+03  3.332644e+03
      vertex  1.621838e+04 -5.789025e+03  3.654629e+03
    endloop
  endfacet
  facet normal -3.339577e-01 -7.425165e-01 -5.806388e-01
    outer loop
      vertex  1.596830e+04 -5.323251e+03  3.194949e+03
      vertex  1.621815e+04 -5.543302e+03  3.332644e+03
      vertex  1.596744e+04 -5.515844e+03  3.441729e+03
    endloop
  endfacet
  facet normal -3.082675e-01 -7.492973e-01 -5.861098e-01
    outer loop
      vertex  1.599157e+04 -4.551208e+03  2.214272e+03
      vertex  1.624304e+04 -4.689541e+03  2.258856e+03
      vertex  1.598599e+04 -4.666919e+03  2.365131e+03
    endloop
  endfacet
  facet normal -8.691727e-02 -9.639387e-01 -2.515304e-01
    outer loop
      vertex  1.603225e+04 -7.651588e+03  7.616997e+03
      vertex  1.587331e+04 -7.642245e+03  7.636114e+03
      vertex  1.587308e+04 -7.582359e+03  7.406692e+03
    endloop
  endfacet
  facet normal -9.961518e-02 -9.650753e-01 -2.422945e-01
    outer loop
      vertex  1.587308e+04 -7.582359e+03  7.406692e+03
      vertex  1.603186e+04 -7.592171e+03  7.380492e+03
      vertex  1.603225e+04 -7.651588e+03  7.616997e+03
    endloop
  endfacet
  facet normal -1.168066e-01 -9.566764e-01 -2.666953e-01
    outer loop
      vertex  1.587252e+04 -7.517015e+03  7.180687e+03
      vertex  1.603105e+04 -7.527048e+03  7.147246e+03
      vertex  1.603186e+04 -7.592171e+03  7.380492e+03
    endloop
  endfacet
  facet normal -1.231455e-01 -9.459709e-01 -2.999571e-01
    outer loop
      vertex  1.603105e+04 -7.527048e+03  7.147246e+03
      vertex  1.587252e+04 -7.517015e+03  7.180687e+03
      vertex  1.587150e+04 -7.446198e+03  6.957772e+03
    endloop
  endfacet
  facet normal -1.347103e-01 -9.472623e-01 -2.907700e-01
    outer loop
      vertex  1.587150e+04 -7.446198e+03  6.957772e+03
      vertex  1.602967e+04 -7.456150e+03  6.916916e+03
      vertex  1.603105e+04 -7.527048e+03  7.147246e+03
    endloop
  endfacet
  facet normal -1.531006e-01 -9.368709e-01 -3.143772e-01
    outer loop
      vertex  1.586994e+04 -7.369898e+03  6.737665e+03
      vertex  1.602765e+04 -7.379411e+03  6.689210e+03
      vertex  1.602967e+04 -7.456150e+03  6.916916e+03
    endloop
  endfacet
  facet normal -1.620024e-01 -9.242035e-01 -3.458372e-01
    outer loop
      vertex  1.602765e+04 -7.379411e+03  6.689210e+03
      vertex  1.586994e+04 -7.369898e+03  6.737665e+03
      vertex  1.586780e+04 -7.288118e+03  6.520120e+03
    endloop
  endfacet
  facet normal -1.730028e-01 -9.257397e-01 -3.362676e-01
    outer loop
      vertex  1.586780e+04 -7.288118e+03  6.520120e+03
      vertex  1.602521e+04 -7.304092e+03  6.483111e+03
      vertex  1.602765e+04 -7.379411e+03  6.689210e+03
    endloop
  endfacet
  facet normal -1.789800e-01 -9.127144e-01 -3.673127e-01
    outer loop
      vertex  1.602521e+04 -7.304092e+03  6.483111e+03
      vertex  1.586780e+04 -7.288118e+03  6.520120e+03
      vertex  1.586518e+04 -7.204081e+03  6.312575e+03
    endloop
  endfacet
  facet normal -1.915032e-01 -9.144318e-01 -3.565682e-01
    outer loop
      vertex  1.586518e+04 -7.204081e+03  6.312575e+03
      vertex  1.602222e+04 -7.223816e+03  6.278845e+03
      vertex  1.602521e+04 -7.304092e+03  6.483111e+03
    endloop
  endfacet
  facet normal -1.964156e-01 -9.007182e-01 -3.874631e-01
    outer loop
      vertex  1.602222e+04 -7.223816e+03  6.278845e+03
      vertex  1.586518e+04 -7.204081e+03  6.312575e+03
      vertex  1.586204e+04 -7.114987e+03  6.107056e+03
    endloop
  endfacet
  facet normal -2.097195e-01 -9.024977e-01 -3.761855e-01
    outer loop
      vertex  1.586204e+04 -7.114987e+03  6.107056e+03
      vertex  1.601871e+04 -7.138567e+03  6.076285e+03
      vertex  1.602222e+04 -7.223816e+03  6.278845e+03
    endloop
  endfacet
  facet normal -2.135679e-01 -8.882487e-01 -4.066977e-01
    outer loop
      vertex  1.601871e+04 -7.138567e+03  6.076285e+03
      vertex  1.586204e+04 -7.114987e+03  6.107056e+03
      vertex  1.585842e+04 -7.020883e+03  5.903429e+03
    endloop
  endfacet
  facet normal -2.274236e-01 -8.900520e-01 -3.950770e-01
    outer loop
      vertex  1.585842e+04 -7.020883e+03  5.903429e+03
      vertex  1.601473e+04 -7.048348e+03  5.875327e+03
      vertex  1.601871e+04 -7.138567e+03  6.076285e+03
    endloop
  endfacet
  facet normal -2.302323e-01 -8.754300e-01 -4.249887e-01
    outer loop
      vertex  1.601473e+04 -7.048348e+03  5.875327e+03
      vertex  1.585842e+04 -7.020883e+03  5.903429e+03
      vertex  1.585438e+04 -6.921833e+03  5.701584e+03
    endloop
  endfacet
  facet normal -2.444005e-01 -8.772222e-01 -4.132184e-01
    outer loop
      vertex  1.585438e+04 -6.921833e+03  5.701584e+03
      vertex  1.601034e+04 -6.953182e+03  5.675891e+03
      vertex  1.601473e+04 -7.048348e+03  5.875327e+03
    endloop
  endfacet
  facet normal -3.261935e-01 -7.824737e-01 -5.304079e-01
    outer loop
      vertex  1.597515e+04 -6.073582e+03  4.198726e+03
      vertex  1.597801e+04 -6.174244e+03  4.345464e+03
      vertex  1.582266e+04 -6.092057e+03  4.319759e+03
    endloop
  endfacet
  facet normal -8.438478e-02 -9.641488e-01 -2.515877e-01
    outer loop
      vertex  1.587308e+04 -7.582359e+03  7.406692e+03
      vertex  1.587331e+04 -7.642245e+03  7.636114e+03
      vertex  1.571430e+04 -7.605018e+03  7.546781e+03
    endloop
  endfacet
  facet normal -1.021765e-01 -9.572439e-01 -2.706366e-01
    outer loop
      vertex  1.571414e+04 -7.548981e+03  7.348644e+03
      vertex  1.587308e+04 -7.582359e+03  7.406692e+03
      vertex  1.571430e+04 -7.605018e+03  7.546781e+03
    endloop
  endfacet
  facet normal -1.167199e-01 -9.442901e-01 -3.077216e-01
    outer loop
      vertex  1.587252e+04 -7.517015e+03  7.180687e+03
      vertex  1.571383e+04 -7.501126e+03  7.192120e+03
      vertex  1.571334e+04 -7.450595e+03  7.037244e+03
    endloop
  endfacet
  facet normal -1.244038e-01 -9.458230e-01 -2.999043e-01
    outer loop
      vertex  1.571334e+04 -7.450595e+03  7.037244e+03
      vertex  1.587150e+04 -7.446198e+03  6.957772e+03
      vertex  1.587252e+04 -7.517015e+03  7.180687e+03
    endloop
  endfacet
  facet normal -1.368388e-01 -9.360696e-01 -3.241121e-01
    outer loop
      vertex  1.571262e+04 -7.397399e+03  6.883913e+03
      vertex  1.587150e+04 -7.446198e+03  6.957772e+03
      vertex  1.571334e+04 -7.450595e+03  7.037244e+03
    endloop
  endfacet
  facet normal -1.567272e-01 -9.249834e-01 -3.461823e-01
    outer loop
      vertex  1.586780e+04 -7.288118e+03  6.520120e+03
      vertex  1.586994e+04 -7.369898e+03  6.737665e+03
      vertex  1.571108e+04 -7.312649e+03  6.656615e+03
    endloop
  endfacet
  facet normal -1.769850e-01 -9.131059e-01 -3.673064e-01
    outer loop
      vertex  1.570896e+04 -7.222008e+03  6.432309e+03
      vertex  1.586780e+04 -7.288118e+03  6.520120e+03
      vertex  1.571108e+04 -7.312649e+03  6.656615e+03
    endloop
  endfacet
  facet normal -1.768701e-01 -9.130588e-01 -3.674788e-01
    outer loop
      vertex  1.586518e+04 -7.204081e+03  6.312575e+03
      vertex  1.586780e+04 -7.288118e+03  6.520120e+03
      vertex  1.570896e+04 -7.222008e+03  6.432309e+03
    endloop
  endfacet
  facet normal -1.948731e-01 -9.003619e-01 -3.890667e-01
    outer loop
      vertex  1.570636e+04 -7.129105e+03  6.218619e+03
      vertex  1.586518e+04 -7.204081e+03  6.312575e+03
      vertex  1.570896e+04 -7.222008e+03  6.432309e+03
    endloop
  endfacet
  facet normal -1.960020e-01 -9.007918e-01 -3.875014e-01
    outer loop
      vertex  1.586204e+04 -7.114987e+03  6.107056e+03
      vertex  1.586518e+04 -7.204081e+03  6.312575e+03
      vertex  1.570636e+04 -7.129105e+03  6.218619e+03
    endloop
  endfacet
  facet normal -2.127863e-01 -8.872803e-01 -4.092133e-01
    outer loop
      vertex  1.570324e+04 -7.030895e+03  6.007296e+03
      vertex  1.586204e+04 -7.114987e+03  6.107056e+03
      vertex  1.570636e+04 -7.129105e+03  6.218619e+03
    endloop
  endfacet
  facet normal -2.148353e-01 -8.880049e-01 -4.065625e-01
    outer loop
      vertex  1.585842e+04 -7.020883e+03  5.903429e+03
      vertex  1.586204e+04 -7.114987e+03  6.107056e+03
      vertex  1.570324e+04 -7.030895e+03  6.007296e+03
    endloop
  endfacet
  facet normal -2.302069e-01 -8.738863e-01 -4.281674e-01
    outer loop
      vertex  1.569965e+04 -6.927490e+03  5.798179e+03
      vertex  1.585842e+04 -7.020883e+03  5.903429e+03
      vertex  1.570324e+04 -7.030895e+03  6.007296e+03
    endloop
  endfacet
  facet normal -2.331048e-01 -8.748385e-01 -4.246409e-01
    outer loop
      vertex  1.585438e+04 -6.921833e+03  5.701584e+03
      vertex  1.585842e+04 -7.020883e+03  5.903429e+03
      vertex  1.569965e+04 -6.927490e+03  5.798179e+03
    endloop
  endfacet
  facet normal -2.469242e-01 -8.603345e-01 -4.459292e-01
    outer loop
      vertex  1.569566e+04 -6.819027e+03  5.591130e+03
      vertex  1.585438e+04 -6.921833e+03  5.701584e+03
      vertex  1.569965e+04 -6.927490e+03  5.798179e+03
    endloop
  endfacet
  facet normal -2.599645e-01 -8.479685e-01 -4.619176e-01
    outer loop
      vertex  1.569185e+04 -6.718500e+03  5.408729e+03
      vertex  1.585052e+04 -6.829709e+03  5.523588e+03
      vertex  1.569566e+04 -6.819027e+03  5.591130e+03
    endloop
  endfacet
  facet normal -2.732437e-01 -8.360444e-01 -4.757813e-01
    outer loop
      vertex  1.584645e+04 -6.733828e+03  5.346876e+03
      vertex  1.569185e+04 -6.718500e+03  5.408729e+03
      vertex  1.568787e+04 -6.614237e+03  5.227804e+03
    endloop
  endfacet
  facet normal -3.223619e-01 -7.920004e-01 -5.184769e-01
    outer loop
      vertex  1.567193e+04 -6.163199e+03  4.517836e+03
      vertex  1.582571e+04 -6.193043e+03  4.467810e+03
      vertex  1.582901e+04 -6.291877e+03  4.616732e+03
    endloop
  endfacet
  facet normal -3.409070e-01 -7.474549e-01 -5.701700e-01
    outer loop
      vertex  1.581250e+04 -5.444596e+03  3.440989e+03
      vertex  1.581375e+04 -5.647423e+03  3.706133e+03
      vertex  1.565839e+04 -5.505516e+03  3.612995e+03
    endloop
  endfacet
  facet normal -3.482169e-01 -7.408361e-01 -5.743752e-01
    outer loop
      vertex  1.565783e+04 -5.216382e+03  3.240404e+03
      vertex  1.581250e+04 -5.444596e+03  3.440989e+03
      vertex  1.565839e+04 -5.505516e+03  3.612995e+03
    endloop
  endfacet
  facet normal -3.410370e-01 -7.403213e-01 -5.793256e-01
    outer loop
      vertex  1.565783e+04 -5.216382e+03  3.240404e+03
      vertex  1.581322e+04 -5.239648e+03  3.178661e+03
      vertex  1.581250e+04 -5.444596e+03  3.440989e+03
    endloop
  endfacet
  facet normal -6.023156e-02 -9.699125e-01 -2.358852e-01
    outer loop
      vertex  1.571432e+04 -7.704407e+03  7.952247e+03
      vertex  1.555261e+04 -7.694523e+03  7.952900e+03
      vertex  1.555264e+04 -7.645611e+03  7.751775e+03
    endloop
  endfacet
  facet normal -7.283783e-02 -9.713667e-01 -2.261447e-01
    outer loop
      vertex  1.555264e+04 -7.645611e+03  7.751775e+03
      vertex  1.571432e+04 -7.656832e+03  7.747896e+03
      vertex  1.571432e+04 -7.704407e+03  7.952247e+03
    endloop
  endfacet
  facet normal -7.305236e-02 -9.631480e-01 -2.588612e-01
    outer loop
      vertex  1.571432e+04 -7.656832e+03  7.747896e+03
      vertex  1.555264e+04 -7.645611e+03  7.751775e+03
      vertex  1.555268e+04 -7.592459e+03  7.554000e+03
    endloop
  endfacet
  facet normal -8.682896e-02 -9.556289e-01 -2.814855e-01
    outer loop
      vertex  1.571430e+04 -7.605018e+03  7.546781e+03
      vertex  1.555268e+04 -7.592459e+03  7.554000e+03
      vertex  1.555263e+04 -7.535114e+03  7.359333e+03
    endloop
  endfacet
  facet normal -1.001248e-01 -9.574441e-01 -2.706950e-01
    outer loop
      vertex  1.555263e+04 -7.535114e+03  7.359333e+03
      vertex  1.571414e+04 -7.548981e+03  7.348644e+03
      vertex  1.571430e+04 -7.605018e+03  7.546781e+03
    endloop
  endfacet
  facet normal -1.590622e-01 -9.114781e-01 -3.793505e-01
    outer loop
      vertex  1.571108e+04 -7.312649e+03  6.656615e+03
      vertex  1.555044e+04 -7.294761e+03  6.680993e+03
      vertex  1.554876e+04 -7.203190e+03  6.461677e+03
    endloop
  endfacet
  facet normal -1.746686e-01 -9.134819e-01 -3.674802e-01
    outer loop
      vertex  1.554876e+04 -7.203190e+03  6.461677e+03
      vertex  1.570896e+04 -7.222008e+03  6.432309e+03
      vertex  1.571108e+04 -7.312649e+03  6.656615e+03
    endloop
  endfacet
  facet normal -1.790244e-01 -8.984801e-01 -4.008538e-01
    outer loop
      vertex  1.570896e+04 -7.222008e+03  6.432309e+03
      vertex  1.554876e+04 -7.203190e+03  6.461677e+03
      vertex  1.554664e+04 -7.109665e+03  6.252994e+03
    endloop
  endfacet
  facet normal -1.933839e-01 -9.006257e-01 -3.891995e-01
    outer loop
      vertex  1.554664e+04 -7.109665e+03  6.252994e+03
      vertex  1.570636e+04 -7.129105e+03  6.218619e+03
      vertex  1.570896e+04 -7.222008e+03  6.432309e+03
    endloop
  endfacet
  facet normal -1.982800e-01 -8.853088e-01 -4.206107e-01
    outer loop
      vertex  1.570636e+04 -7.129105e+03  6.218619e+03
      vertex  1.554664e+04 -7.109665e+03  6.252994e+03
      vertex  1.554405e+04 -7.011148e+03  6.046856e+03
    endloop
  endfacet
  facet normal -2.118028e-01 -8.874687e-01 -4.093153e-01
    outer loop
      vertex  1.554405e+04 -7.011148e+03  6.046856e+03
      vertex  1.570324e+04 -7.030895e+03  6.007296e+03
      vertex  1.570636e+04 -7.129105e+03  6.218619e+03
    endloop
  endfacet
  facet normal -2.172366e-01 -8.718391e-01 -4.389815e-01
    outer loop
      vertex  1.570324e+04 -7.030895e+03  6.007296e+03
      vertex  1.554405e+04 -7.011148e+03  6.046856e+03
      vertex  1.554102e+04 -6.907793e+03  5.843089e+03
    endloop
  endfacet
  facet normal -2.297525e-01 -8.739796e-01 -4.282213e-01
    outer loop
      vertex  1.554102e+04 -6.907793e+03  5.843089e+03
      vertex  1.569965e+04 -6.927490e+03  5.798179e+03
      vertex  1.570324e+04 -7.030895e+03  6.007296e+03
    endloop
  endfacet
  facet normal -2.356518e-01 -8.582332e-01 -4.559650e-01
    outer loop
      vertex  1.569965e+04 -6.927490e+03  5.798179e+03
      vertex  1.554102e+04 -6.907793e+03  5.843089e+03
      vertex  1.553759e+04 -6.799771e+03  5.641536e+03
    endloop
  endfacet
  facet normal -2.470051e-01 -8.603169e-01 -4.459184e-01
    outer loop
      vertex  1.553759e+04 -6.799771e+03  5.641536e+03
      vertex  1.569566e+04 -6.819027e+03  5.591130e+03
      vertex  1.569965e+04 -6.927490e+03  5.798179e+03
    endloop
  endfacet
  facet normal -2.530592e-01 -8.452447e-01 -4.706618e-01
    outer loop
      vertex  1.569566e+04 -6.819027e+03  5.591130e+03
      vertex  1.553759e+04 -6.799771e+03  5.641536e+03
      vertex  1.553428e+04 -6.699990e+03  5.464125e+03
    endloop
  endfacet
  facet normal -2.618503e-01 -8.475387e-01 -4.616413e-01
    outer loop
      vertex  1.553428e+04 -6.699990e+03  5.464125e+03
      vertex  1.569185e+04 -6.718500e+03  5.408729e+03
      vertex  1.569566e+04 -6.819027e+03  5.591130e+03
    endloop
  endfacet
  facet normal -2.678775e-01 -8.333286e-01 -4.835340e-01
    outer loop
      vertex  1.569185e+04 -6.718500e+03  5.408729e+03
      vertex  1.553428e+04 -6.699990e+03  5.464125e+03
      vertex  1.553077e+04 -6.596825e+03  5.288273e+03
    endloop
  endfacet
  facet normal -2.755843e-01 -8.354876e-01 -4.754090e-01
    outer loop
      vertex  1.553077e+04 -6.596825e+03  5.288273e+03
      vertex  1.568787e+04 -6.614237e+03  5.227804e+03
      vertex  1.569185e+04 -6.718500e+03  5.408729e+03
    endloop
  endfacet
  facet normal -3.261138e-01 -7.771756e-01 -5.381895e-01
    outer loop
      vertex  1.567193e+04 -6.163199e+03  4.517836e+03
      vertex  1.551586e+04 -6.143627e+03  4.584142e+03
      vertex  1.551060e+04 -5.956066e+03  4.316482e+03
    endloop
  endfacet
  facet normal -3.467800e-01 -7.412558e-01 -5.747030e-01
    outer loop
      vertex  1.550019e+04 -5.169543e+03  3.275116e+03
      vertex  1.565783e+04 -5.216382e+03  3.240404e+03
      vertex  1.565839e+04 -5.505516e+03  3.612995e+03
    endloop
  endfacet
  facet normal -1.577461e-01 -9.116694e-01 -3.794405e-01
    outer loop
      vertex  1.554876e+04 -7.203190e+03  6.461677e+03
      vertex  1.555044e+04 -7.294761e+03  6.680993e+03
      vertex  1.538899e+04 -7.226096e+03  6.583135e+03
    endloop
  endfacet
  facet normal -1.757292e-01 -8.991805e-01 -4.007415e-01
    outer loop
      vertex  1.538765e+04 -7.141768e+03  6.394508e+03
      vertex  1.554876e+04 -7.203190e+03  6.461677e+03
      vertex  1.538899e+04 -7.226096e+03  6.583135e+03
    endloop
  endfacet
  facet normal -1.755103e-01 -8.990445e-01 -4.011424e-01
    outer loop
      vertex  1.554664e+04 -7.109665e+03  6.252994e+03
      vertex  1.554876e+04 -7.203190e+03  6.461677e+03
      vertex  1.538765e+04 -7.141768e+03  6.394508e+03
    endloop
  endfacet
  facet normal -1.939915e-01 -8.869447e-01 -4.191616e-01
    outer loop
      vertex  1.538594e+04 -7.053377e+03  6.208262e+03
      vertex  1.554664e+04 -7.109665e+03  6.252994e+03
      vertex  1.538765e+04 -7.141768e+03  6.394508e+03
    endloop
  endfacet
  facet normal -2.107315e-01 -8.706841e-01 -4.444115e-01
    outer loop
      vertex  1.538331e+04 -6.937391e+03  5.978571e+03
      vertex  1.554405e+04 -7.011148e+03  6.046856e+03
      vertex  1.538470e+04 -6.996132e+03  6.093000e+03
    endloop
  endfacet
  facet normal -2.137098e-01 -8.725121e-01 -4.393754e-01
    outer loop
      vertex  1.554102e+04 -6.907793e+03  5.843089e+03
      vertex  1.554405e+04 -7.011148e+03  6.046856e+03
      vertex  1.538331e+04 -6.937391e+03  5.978571e+03
    endloop
  endfacet
  facet normal -2.326171e-01 -8.578777e-01 -4.581868e-01
    outer loop
      vertex  1.538016e+04 -6.815576e+03  5.752091e+03
      vertex  1.554102e+04 -6.907793e+03  5.843089e+03
      vertex  1.538331e+04 -6.937391e+03  5.978571e+03
    endloop
  endfacet
  facet normal -2.341470e-01 -8.585430e-01 -4.561566e-01
    outer loop
      vertex  1.553759e+04 -6.799771e+03  5.641536e+03
      vertex  1.554102e+04 -6.907793e+03  5.843089e+03
      vertex  1.538016e+04 -6.815576e+03  5.752091e+03
    endloop
  endfacet
  facet normal -2.497957e-01 -8.430929e-01 -4.762314e-01
    outer loop
      vertex  1.537657e+04 -6.688258e+03  5.528582e+03
      vertex  1.553759e+04 -6.799771e+03  5.641536e+03
      vertex  1.538016e+04 -6.815576e+03  5.752091e+03
    endloop
  endfacet
  facet normal -2.550857e-01 -8.447967e-01 -4.703720e-01
    outer loop
      vertex  1.553428e+04 -6.699990e+03  5.464125e+03
      vertex  1.553759e+04 -6.799771e+03  5.641536e+03
      vertex  1.537657e+04 -6.688258e+03  5.528582e+03
    endloop
  endfacet
  facet normal -2.631535e-01 -8.293195e-01 -4.929293e-01
    outer loop
      vertex  1.537261e+04 -6.555794e+03  5.307830e+03
      vertex  1.553428e+04 -6.699990e+03  5.464125e+03
      vertex  1.537657e+04 -6.688258e+03  5.528582e+03
    endloop
  endfacet
  facet normal -2.753848e-01 -8.315657e-01 -4.823501e-01
    outer loop
      vertex  1.537261e+04 -6.555794e+03  5.307830e+03
      vertex  1.553077e+04 -6.596825e+03  5.288273e+03
      vertex  1.553428e+04 -6.699990e+03  5.464125e+03
    endloop
  endfacet
  facet normal -3.265481e-01 -7.770568e-01 -5.380977e-01
    outer loop
      vertex  1.551060e+04 -5.956066e+03  4.316482e+03
      vertex  1.551586e+04 -6.143627e+03  4.584142e+03
      vertex  1.535572e+04 -5.982768e+03  4.449029e+03
    endloop
  endfacet
  facet normal -3.387111e-01 -7.636750e-01 -5.496137e-01
    outer loop
      vertex  1.535077e+04 -5.780021e+03  4.170370e+03
      vertex  1.551060e+04 -5.956066e+03  4.316482e+03
      vertex  1.535572e+04 -5.982768e+03  4.449029e+03
    endloop
  endfacet
  facet normal -3.519259e-01 -7.377039e-01 -5.761433e-01
    outer loop
      vertex  1.550019e+04 -5.169543e+03  3.275116e+03
      vertex  1.534266e+04 -5.160412e+03  3.359649e+03
      vertex  1.534312e+04 -4.948326e+03  3.087810e+03
    endloop
  endfacet
  facet normal -3.433687e-01 -7.405970e-01 -5.775931e-01
    outer loop
      vertex  1.534518e+04 -4.762665e+03  2.848523e+03
      vertex  1.550305e+04 -4.857389e+03  2.876130e+03
      vertex  1.534312e+04 -4.948326e+03  3.087810e+03
    endloop
  endfacet
  facet normal -3.298149e-01 -7.540348e-01 -5.680262e-01
    outer loop
      vertex  1.535333e+04 -4.429607e+03  2.407926e+03
      vertex  1.551040e+04 -4.558899e+03  2.488355e+03
      vertex  1.535004e+04 -4.536926e+03  2.552297e+03
    endloop
  endfacet
  facet normal -2.979713e-01 -8.028202e-01 -5.164232e-01
    outer loop
      vertex  1.537671e+04 -3.953684e+03  1.707997e+03
      vertex  1.553382e+04 -4.067649e+03  1.794514e+03
      vertex  1.537011e+04 -4.060297e+03  1.877543e+03
    endloop
  endfacet
  facet normal -2.980518e-01 -8.028550e-01 -5.163226e-01
    outer loop
      vertex  1.537671e+04 -3.953684e+03  1.707997e+03
      vertex  1.553907e+04 -3.988594e+03  1.668558e+03
      vertex  1.553382e+04 -4.067649e+03  1.794514e+03
    endloop
  endfacet
  facet normal -2.190216e-01 -8.691019e-01 -4.434990e-01
    outer loop
      vertex  1.506572e+04 -6.839659e+03  5.943893e+03
      vertex  1.538331e+04 -6.937391e+03  5.978571e+03
      vertex  1.538470e+04 -6.996132e+03  6.093000e+03
    endloop
  endfacet
  facet normal -2.071268e-01 -8.468760e-01 -4.897952e-01
    outer loop
      vertex  1.538331e+04 -6.937391e+03  5.978571e+03
      vertex  1.506572e+04 -6.839659e+03  5.943893e+03
      vertex  1.506359e+04 -6.722500e+03  5.742220e+03
    endloop
  endfacet
  facet normal -2.376528e-01 -8.568338e-01 -4.575553e-01
    outer loop
      vertex  1.506359e+04 -6.722500e+03  5.742220e+03
      vertex  1.538016e+04 -6.815576e+03  5.752091e+03
      vertex  1.538331e+04 -6.937391e+03  5.978571e+03
    endloop
  endfacet
  facet normal -2.290175e-01 -8.324485e-01 -5.045598e-01
    outer loop
      vertex  1.538016e+04 -6.815576e+03  5.752091e+03
      vertex  1.506359e+04 -6.722500e+03  5.742220e+03
      vertex  1.506111e+04 -6.601300e+03  5.543384e+03
    endloop
  endfacet
  facet normal -2.544414e-01 -8.420732e-01 -4.755757e-01
    outer loop
      vertex  1.506111e+04 -6.601300e+03  5.543384e+03
      vertex  1.537657e+04 -6.688258e+03  5.528582e+03
      vertex  1.538016e+04 -6.815576e+03  5.752091e+03
    endloop
  endfacet
  facet normal -2.498923e-01 -8.184535e-01 -5.173856e-01
    outer loop
      vertex  1.537657e+04 -6.688258e+03  5.528582e+03
      vertex  1.506111e+04 -6.601300e+03  5.543384e+03
      vertex  1.505833e+04 -6.476422e+03  5.347186e+03
    endloop
  endfacet
  facet normal -2.705886e-01 -8.276124e-01 -4.917718e-01
    outer loop
      vertex  1.505833e+04 -6.476422e+03  5.347186e+03
      vertex  1.537261e+04 -6.555794e+03  5.307830e+03
      vertex  1.537657e+04 -6.688258e+03  5.528582e+03
    endloop
  endfacet
  facet normal -3.386951e-01 -7.636796e-01 -5.496173e-01
    outer loop
      vertex  1.535077e+04 -5.780021e+03  4.170370e+03
      vertex  1.535572e+04 -5.982768e+03  4.449029e+03
      vertex  1.504071e+04 -5.741408e+03  4.307791e+03
    endloop
  endfacet
  facet normal -3.439743e-01 -7.496071e-01 -5.654827e-01
    outer loop
      vertex  1.503686e+04 -5.555961e+03  4.064299e+03
      vertex  1.535077e+04 -5.780021e+03  4.170370e+03
      vertex  1.504071e+04 -5.741408e+03  4.307791e+03
    endloop
  endfacet
  facet normal -3.028076e-01 -8.014445e-01 -5.157464e-01
    outer loop
      vertex  1.537671e+04 -3.953684e+03  1.707997e+03
      vertex  1.537011e+04 -4.060297e+03  1.877543e+03
      vertex  1.505436e+04 -3.889666e+03  1.797776e+03
    endloop
  endfacet
  facet normal -3.568014e-02 -9.786495e-01 -2.024154e-01
    outer loop
      vertex  1.475047e+04 -7.785212e+03  8.536656e+03
      vertex  1.474948e+04 -7.740193e+03  8.319173e+03
      vertex  1.507046e+04 -7.755111e+03  8.334719e+03
    endloop
  endfacet
  facet normal -4.344834e-02 -9.659323e-01 -2.551215e-01
    outer loop
      vertex  1.507003e+04 -7.707777e+03  8.120714e+03
      vertex  1.474899e+04 -7.689654e+03  8.106769e+03
      vertex  1.474889e+04 -7.652960e+03  7.967860e+03
    endloop
  endfacet
  facet normal -4.991053e-02 -9.688445e-01 -2.425890e-01
    outer loop
      vertex  1.474889e+04 -7.652960e+03  7.967860e+03
      vertex  1.506994e+04 -7.655339e+03  7.911306e+03
      vertex  1.507003e+04 -7.707777e+03  8.120714e+03
    endloop
  endfacet
  facet normal -5.537101e-02 -9.601479e-01 -2.739530e-01
    outer loop
      vertex  1.474891e+04 -7.613918e+03  7.831021e+03
      vertex  1.506994e+04 -7.655339e+03  7.911306e+03
      vertex  1.474889e+04 -7.652960e+03  7.967860e+03
    endloop
  endfacet
  facet normal -9.295740e-02 -9.426900e-01 -3.204598e-01
    outer loop
      vertex  1.474965e+04 -7.435244e+03  7.302921e+03
      vertex  1.507046e+04 -7.468604e+03  7.307999e+03
      vertex  1.507026e+04 -7.535622e+03  7.505200e+03
    endloop
  endfacet
  facet normal -9.040886e-02 -9.254182e-01 -3.680045e-01
    outer loop
      vertex  1.507046e+04 -7.468604e+03  7.307999e+03
      vertex  1.474965e+04 -7.435244e+03  7.302921e+03
      vertex  1.474998e+04 -7.359443e+03  7.112225e+03
    endloop
  endfacet
  facet normal -1.069346e-01 -9.325233e-01 -3.449138e-01
    outer loop
      vertex  1.474998e+04 -7.359443e+03  7.112225e+03
      vertex  1.507056e+04 -7.397004e+03  7.114386e+03
      vertex  1.507046e+04 -7.468604e+03  7.307999e+03
    endloop
  endfacet
  facet normal -1.044246e-01 -9.138342e-01 -3.924318e-01
    outer loop
      vertex  1.507056e+04 -7.397004e+03  7.114386e+03
      vertex  1.474998e+04 -7.359443e+03  7.112225e+03
      vertex  1.475021e+04 -7.279154e+03  6.925198e+03
    endloop
  endfacet
  facet normal -1.211452e-01 -9.215341e-01 -3.689157e-01
    outer loop
      vertex  1.475021e+04 -7.279154e+03  6.925198e+03
      vertex  1.507049e+04 -7.317061e+03  6.914714e+03
      vertex  1.507056e+04 -7.397004e+03  7.114386e+03
    endloop
  endfacet
  facet normal -1.203125e-01 -9.016380e-01 -4.154199e-01
    outer loop
      vertex  1.507049e+04 -7.317061e+03  6.914714e+03
      vertex  1.475021e+04 -7.279154e+03  6.925198e+03
      vertex  1.475031e+04 -7.194592e+03  6.741635e+03
    endloop
  endfacet
  facet normal -1.359501e-01 -9.097614e-01 -3.922395e-01
    outer loop
      vertex  1.475031e+04 -7.194592e+03  6.741635e+03
      vertex  1.507019e+04 -7.232426e+03  6.718519e+03
      vertex  1.507049e+04 -7.317061e+03  6.914714e+03
    endloop
  endfacet
  facet normal -1.366609e-01 -8.913873e-01 -4.321488e-01
    outer loop
      vertex  1.475028e+04 -7.145232e+03  6.639830e+03
      vertex  1.507019e+04 -7.232426e+03  6.718519e+03
      vertex  1.475031e+04 -7.194592e+03  6.741635e+03
    endloop
  endfacet
  facet normal -1.526238e-01 -8.744122e-01 -4.605534e-01
    outer loop
      vertex  1.506960e+04 -7.143300e+03  6.525575e+03
      vertex  1.475019e+04 -7.094634e+03  6.539025e+03
      vertex  1.474981e+04 -6.989893e+03  6.340290e+03
    endloop
  endfacet
  facet normal -1.726478e-01 -8.841769e-01 -4.340781e-01
    outer loop
      vertex  1.474981e+04 -6.989893e+03  6.340290e+03
      vertex  1.506869e+04 -7.049894e+03  6.335674e+03
      vertex  1.506960e+04 -7.143300e+03  6.525575e+03
    endloop
  endfacet
  facet normal -1.688505e-01 -8.603977e-01 -4.808382e-01
    outer loop
      vertex  1.506869e+04 -7.049894e+03  6.335674e+03
      vertex  1.474981e+04 -6.989893e+03  6.340290e+03
      vertex  1.474911e+04 -6.880717e+03  6.145177e+03
    endloop
  endfacet
  facet normal -1.913038e-01 -8.709716e-01 -4.525607e-01
    outer loop
      vertex  1.474911e+04 -6.880717e+03  6.145177e+03
      vertex  1.506747e+04 -6.952429e+03  6.148618e+03
      vertex  1.506869e+04 -7.049894e+03  6.335674e+03
    endloop
  endfacet
  facet normal -1.852974e-01 -8.465374e-01 -4.990384e-01
    outer loop
      vertex  1.506747e+04 -6.952429e+03  6.148618e+03
      vertex  1.474911e+04 -6.880717e+03  6.145177e+03
      vertex  1.474811e+04 -6.767471e+03  5.953448e+03
    endloop
  endfacet
  facet normal -2.047977e-01 -8.330511e-01 -5.138907e-01
    outer loop
      vertex  1.506572e+04 -6.839659e+03  5.943893e+03
      vertex  1.474811e+04 -6.767471e+03  5.953448e+03
      vertex  1.474694e+04 -6.663692e+03  5.785680e+03
    endloop
  endfacet
  facet normal -2.236628e-01 -8.437978e-01 -4.878322e-01
    outer loop
      vertex  1.474694e+04 -6.663692e+03  5.785680e+03
      vertex  1.506359e+04 -6.722500e+03  5.742220e+03
      vertex  1.506572e+04 -6.839659e+03  5.943893e+03
    endloop
  endfacet
  facet normal -2.774934e-01 -7.822441e-01 -5.577558e-01
    outer loop
      vertex  1.473880e+04 -6.159675e+03  5.046437e+03
      vertex  1.505530e+04 -6.348245e+03  5.153443e+03
      vertex  1.474106e+04 -6.281403e+03  5.216035e+03
    endloop
  endfacet
  facet normal -3.558850e-01 -7.461576e-01 -5.626675e-01
    outer loop
      vertex  1.472367e+04 -5.396496e+03  4.050925e+03
      vertex  1.503686e+04 -5.555961e+03  4.064299e+03
      vertex  1.504071e+04 -5.741408e+03  4.307791e+03
    endloop
  endfacet
  facet normal -3.370393e-01 -7.782026e-01 -5.299105e-01
    outer loop
      vertex  1.472231e+04 -4.073120e+03  2.290593e+03
      vertex  1.503870e+04 -4.241435e+03  2.336537e+03
      vertex  1.471908e+04 -4.204235e+03  2.485200e+03
    endloop
  endfacet
  facet normal -3.340030e-01 -7.744906e-01 -5.372210e-01
    outer loop
      vertex  1.504378e+04 -4.102794e+03  2.133510e+03
      vertex  1.503870e+04 -4.241435e+03  2.336537e+03
      vertex  1.472231e+04 -4.073120e+03  2.290593e+03
    endloop
  endfacet
  facet normal -3.252246e-01 -7.925486e-01 -5.158447e-01
    outer loop
      vertex  1.472653e+04 -3.948958e+03  2.097171e+03
      vertex  1.504378e+04 -4.102794e+03  2.133510e+03
      vertex  1.472231e+04 -4.073120e+03  2.290593e+03
    endloop
  endfacet
  facet normal -3.212917e-01 -7.869998e-01 -5.266905e-01
    outer loop
      vertex  1.504669e+04 -4.036356e+03  2.032457e+03
      vertex  1.504378e+04 -4.102794e+03  2.133510e+03
      vertex  1.472653e+04 -3.948958e+03  2.097171e+03
    endloop
  endfacet
  facet normal -4.570414e-02 -9.658355e-01 -2.550941e-01
    outer loop
      vertex  1.442775e+04 -7.647537e+03  8.004860e+03
      vertex  1.474889e+04 -7.652960e+03  7.967860e+03
      vertex  1.474899e+04 -7.689654e+03  8.106769e+03
    endloop
  endfacet
  facet normal -4.909724e-02 -9.570200e-01 -2.858359e-01
    outer loop
      vertex  1.474889e+04 -7.652960e+03  7.967860e+03
      vertex  1.442775e+04 -7.647537e+03  8.004860e+03
      vertex  1.442772e+04 -7.598242e+03  7.839820e+03
    endloop
  endfacet
  facet normal -5.437057e-02 -9.602007e-01 -2.739680e-01
    outer loop
      vertex  1.442772e+04 -7.598242e+03  7.839820e+03
      vertex  1.474891e+04 -7.613918e+03  7.831021e+03
      vertex  1.474889e+04 -7.652960e+03  7.967860e+03
    endloop
  endfacet
  facet normal -1.018924e-01 -9.243807e-01 -3.676116e-01
    outer loop
      vertex  1.442918e+04 -7.317647e+03  7.096044e+03
      vertex  1.474998e+04 -7.359443e+03  7.112225e+03
      vertex  1.474965e+04 -7.435244e+03  7.302921e+03
    endloop
  endfacet
  facet normal -9.674539e-02 -9.038803e-01 -4.167023e-01
    outer loop
      vertex  1.474998e+04 -7.359443e+03  7.112225e+03
      vertex  1.442918e+04 -7.317647e+03  7.096044e+03
      vertex  1.442966e+04 -7.232097e+03  6.910363e+03
    endloop
  endfacet
  facet normal -1.158404e-01 -9.126666e-01 -3.919448e-01
    outer loop
      vertex  1.442966e+04 -7.232097e+03  6.910363e+03
      vertex  1.475021e+04 -7.279154e+03  6.925198e+03
      vertex  1.474998e+04 -7.359443e+03  7.112225e+03
    endloop
  endfacet
  facet normal -1.103823e-01 -8.908504e-01 -4.406828e-01
    outer loop
      vertex  1.475021e+04 -7.279154e+03  6.925198e+03
      vertex  1.442966e+04 -7.232097e+03  6.910363e+03
      vertex  1.443005e+04 -7.142165e+03  6.728466e+03
    endloop
  endfacet
  facet normal -1.423924e-01 -8.638107e-01 -4.832757e-01
    outer loop
      vertex  1.443042e+04 -6.950287e+03  6.375237e+03
      vertex  1.475019e+04 -7.094634e+03  6.539025e+03
      vertex  1.443032e+04 -7.048131e+03  6.550154e+03
    endloop
  endfacet
  facet normal -1.586702e-01 -8.735741e-01 -4.601000e-01
    outer loop
      vertex  1.443042e+04 -6.950287e+03  6.375237e+03
      vertex  1.474981e+04 -6.989893e+03  6.340290e+03
      vertex  1.475019e+04 -7.094634e+03  6.539025e+03
    endloop
  endfacet
  facet normal -1.603055e-01 -8.500665e-01 -5.016864e-01
    outer loop
      vertex  1.443033e+04 -6.848932e+03  6.203528e+03
      vertex  1.474981e+04 -6.989893e+03  6.340290e+03
      vertex  1.443042e+04 -6.950287e+03  6.375237e+03
    endloop
  endfacet
  facet normal -1.736505e-01 -8.596768e-01 -4.804178e-01
    outer loop
      vertex  1.474911e+04 -6.880717e+03  6.145177e+03
      vertex  1.474981e+04 -6.989893e+03  6.340290e+03
      vertex  1.443033e+04 -6.848932e+03  6.203528e+03
    endloop
  endfacet
  facet normal -1.781397e-01 -8.370920e-01 -5.172458e-01
    outer loop
      vertex  1.443007e+04 -6.756141e+03  6.053446e+03
      vertex  1.474911e+04 -6.880717e+03  6.145177e+03
      vertex  1.443033e+04 -6.848932e+03  6.203528e+03
    endloop
  endfacet
  facet normal -3.532375e-01 -7.277680e-01 -5.878581e-01
    outer loop
      vertex  1.472367e+04 -5.396496e+03  4.050925e+03
      vertex  1.441003e+04 -5.264768e+03  4.076308e+03
      vertex  1.440665e+04 -5.066337e+03  3.832680e+03
    endloop
  endfacet
  facet normal -3.716536e-01 -7.273833e-01 -5.768770e-01
    outer loop
      vertex  1.440207e+04 -4.746322e+03  3.432126e+03
      vertex  1.471700e+04 -4.944029e+03  3.478520e+03
      vertex  1.440665e+04 -5.066337e+03  3.832680e+03
    endloop
  endfacet
  facet normal -3.649113e-01 -7.629849e-01 -5.335671e-01
    outer loop
      vertex  1.440017e+04 -4.169658e+03  2.650864e+03
      vertex  1.471665e+04 -4.356606e+03  2.701743e+03
      vertex  1.439949e+04 -4.300678e+03  2.838680e+03
    endloop
  endfacet
  facet normal -3.546850e-01 -7.765771e-01 -5.206981e-01
    outer loop
      vertex  1.440175e+04 -4.041660e+03  2.458886e+03
      vertex  1.471908e+04 -4.204235e+03  2.485200e+03
      vertex  1.440017e+04 -4.169658e+03  2.650864e+03
    endloop
  endfacet
  facet normal -9.260087e-02 -8.992090e-01 -4.276076e-01
    outer loop
      vertex  1.410839e+04 -7.249183e+03  7.021540e+03
      vertex  1.442918e+04 -7.317647e+03  7.096044e+03
      vertex  1.410804e+04 -7.295002e+03  7.117968e+03
    endloop
  endfacet
  facet normal -1.102664e-01 -8.908620e-01 -4.406882e-01
    outer loop
      vertex  1.443005e+04 -7.142165e+03  6.728466e+03
      vertex  1.442966e+04 -7.232097e+03  6.910363e+03
      vertex  1.410910e+04 -7.151609e+03  6.827863e+03
    endloop
  endfacet
  facet normal -1.208057e-01 -8.727423e-01 -4.729978e-01
    outer loop
      vertex  1.410975e+04 -7.050260e+03  6.640697e+03
      vertex  1.443005e+04 -7.142165e+03  6.728466e+03
      vertex  1.410910e+04 -7.151609e+03  6.827863e+03
    endloop
  endfacet
  facet normal -1.249310e-01 -8.775318e-01 -4.629579e-01
    outer loop
      vertex  1.443032e+04 -7.048131e+03  6.550154e+03
      vertex  1.443005e+04 -7.142165e+03  6.728466e+03
      vertex  1.410975e+04 -7.050260e+03  6.640697e+03
    endloop
  endfacet
  facet normal -1.344387e-01 -8.577620e-01 -4.961559e-01
    outer loop
      vertex  1.411028e+04 -6.944481e+03  6.457680e+03
      vertex  1.443032e+04 -7.048131e+03  6.550154e+03
      vertex  1.410975e+04 -7.050260e+03  6.640697e+03
    endloop
  endfacet
  facet normal -1.401650e-01 -8.640887e-01 -4.834299e-01
    outer loop
      vertex  1.443042e+04 -6.950287e+03  6.375237e+03
      vertex  1.443032e+04 -7.048131e+03  6.550154e+03
      vertex  1.411028e+04 -6.944481e+03  6.457680e+03
    endloop
  endfacet
  facet normal -1.484707e-01 -8.429041e-01 -5.171741e-01
    outer loop
      vertex  1.411067e+04 -6.834667e+03  6.278589e+03
      vertex  1.443042e+04 -6.950287e+03  6.375237e+03
      vertex  1.411028e+04 -6.944481e+03  6.457680e+03
    endloop
  endfacet
  facet normal -1.558535e-01 -8.506792e-01 -5.020504e-01
    outer loop
      vertex  1.443033e+04 -6.848932e+03  6.203528e+03
      vertex  1.443042e+04 -6.950287e+03  6.375237e+03
      vertex  1.411067e+04 -6.834667e+03  6.278589e+03
    endloop
  endfacet
  facet normal -1.628339e-01 -8.283517e-01 -5.360210e-01
    outer loop
      vertex  1.411087e+04 -6.721221e+03  6.103211e+03
      vertex  1.443033e+04 -6.848932e+03  6.203528e+03
      vertex  1.411067e+04 -6.834667e+03  6.278589e+03
    endloop
  endfacet
  facet normal -3.354666e-01 -7.330366e-01 -5.917090e-01
    outer loop
      vertex  1.409896e+04 -5.355693e+03  4.364283e+03
      vertex  1.441362e+04 -5.466759e+03  4.323479e+03
      vertex  1.441606e+04 -5.603718e+03  4.491771e+03
    endloop
  endfacet
  facet normal -3.507430e-01 -7.189627e-01 -6.000599e-01
    outer loop
      vertex  1.409109e+04 -4.883575e+03  3.806007e+03
      vertex  1.441003e+04 -5.264768e+03  4.076308e+03
      vertex  1.409602e+04 -5.176409e+03  4.153982e+03
    endloop
  endfacet
  facet normal -3.694004e-01 -7.230206e-01 -5.837675e-01
    outer loop
      vertex  1.409109e+04 -4.883575e+03  3.806007e+03
      vertex  1.440665e+04 -5.066337e+03  3.832680e+03
      vertex  1.441003e+04 -5.264768e+03  4.076308e+03
    endloop
  endfacet
  facet normal -3.697561e-01 -7.235128e-01 -5.829321e-01
    outer loop
      vertex  1.440665e+04 -5.066337e+03  3.832680e+03
      vertex  1.409109e+04 -4.883575e+03  3.806007e+03
      vertex  1.408670e+04 -4.606544e+03  3.464952e+03
    endloop
  endfacet
  facet normal -3.809029e-01 -7.244999e-01 -5.744676e-01
    outer loop
      vertex  1.408670e+04 -4.606544e+03  3.464952e+03
      vertex  1.440207e+04 -4.746322e+03  3.432126e+03
      vertex  1.440665e+04 -5.066337e+03  3.832680e+03
    endloop
  endfacet
  facet normal -3.851112e-01 -7.382273e-01 -5.538138e-01
    outer loop
      vertex  1.408348e+04 -4.348779e+03  3.129120e+03
      vertex  1.440049e+04 -4.589163e+03  3.229102e+03
      vertex  1.408490e+04 -4.475025e+03  3.296414e+03
    endloop
  endfacet
  facet normal -3.855088e-01 -7.384905e-01 -5.531858e-01
    outer loop
      vertex  1.439960e+04 -4.437866e+03  3.027744e+03
      vertex  1.440049e+04 -4.589163e+03  3.229102e+03
      vertex  1.408348e+04 -4.348779e+03  3.129120e+03
    endloop
  endfacet
  facet normal -3.680868e-01 -7.964477e-01 -4.797742e-01
    outer loop
      vertex  1.440175e+04 -4.041660e+03  2.458886e+03
      vertex  1.408291e+04 -3.901704e+03  2.471166e+03
      vertex  1.408436e+04 -3.804554e+03  2.308781e+03
    endloop
  endfacet
  facet normal -3.507743e-01 -7.889368e-01 -5.045158e-01
    outer loop
      vertex  1.408436e+04 -3.804554e+03  2.308781e+03
      vertex  1.440428e+04 -3.920766e+03  2.268077e+03
      vertex  1.440175e+04 -4.041660e+03  2.458886e+03
    endloop
  endfacet
  facet normal -3.539842e-01 -8.118526e-01 -4.643174e-01
    outer loop
      vertex  1.440428e+04 -3.920766e+03  2.268077e+03
      vertex  1.408436e+04 -3.804554e+03  2.308781e+03
      vertex  1.408654e+04 -3.713089e+03  2.147195e+03
    endloop
  endfacet
  facet normal -3.397979e-01 -8.039589e-01 -4.880446e-01
    outer loop
      vertex  1.408654e+04 -3.713089e+03  2.147195e+03
      vertex  1.440779e+04 -3.807106e+03  2.078402e+03
      vertex  1.440428e+04 -3.920766e+03  2.268077e+03
    endloop
  endfacet
  facet normal -3.381910e-01 -8.271185e-01 -4.488896e-01
    outer loop
      vertex  1.408948e+04 -3.627030e+03  1.986407e+03
      vertex  1.440779e+04 -3.807106e+03  2.078402e+03
      vertex  1.408654e+04 -3.713089e+03  2.147195e+03
    endloop
  endfacet
  facet normal -4.147135e-02 -9.464604e-01 -3.201449e-01
    outer loop
      vertex  1.410648e+04 -7.620480e+03  7.963525e+03
      vertex  1.378518e+04 -7.604146e+03  7.956856e+03
      vertex  1.378508e+04 -7.547039e+03  7.788039e+03
    endloop
  endfacet
  facet normal -4.871098e-02 -9.366001e-01 -3.469980e-01
    outer loop
      vertex  1.410645e+04 -7.564960e+03  7.791300e+03
      vertex  1.378508e+04 -7.547039e+03  7.788039e+03
      vertex  1.378523e+04 -7.485818e+03  7.622774e+03
    endloop
  endfacet
  facet normal -5.650625e-02 -9.260495e-01 -3.731480e-01
    outer loop
      vertex  1.410664e+04 -7.505365e+03  7.622615e+03
      vertex  1.378523e+04 -7.485818e+03  7.622774e+03
      vertex  1.378557e+04 -7.420631e+03  7.460947e+03
    endloop
  endfacet
  facet normal -6.673442e-02 -9.320979e-01 -3.560055e-01
    outer loop
      vertex  1.378557e+04 -7.420631e+03  7.460947e+03
      vertex  1.410692e+04 -7.452693e+03  7.484655e+03
      vertex  1.410664e+04 -7.505365e+03  7.622615e+03
    endloop
  endfacet
  facet normal -1.014042e-01 -8.653919e-01 -4.907281e-01
    outer loop
      vertex  1.410910e+04 -7.151609e+03  6.827863e+03
      vertex  1.378818e+04 -7.101277e+03  6.805418e+03
      vertex  1.378863e+04 -7.047616e+03  6.710696e+03
    endloop
  endfacet
  facet normal -1.143288e-01 -8.489817e-01 -5.159060e-01
    outer loop
      vertex  1.410975e+04 -7.050260e+03  6.640697e+03
      vertex  1.378907e+04 -6.991408e+03  6.614913e+03
      vertex  1.378950e+04 -6.933983e+03  6.520320e+03
    endloop
  endfacet
  facet normal -1.251069e-01 -8.588313e-01 -4.967465e-01
    outer loop
      vertex  1.378950e+04 -6.933983e+03  6.520320e+03
      vertex  1.411028e+04 -6.944481e+03  6.457680e+03
      vertex  1.410975e+04 -7.050260e+03  6.640697e+03
    endloop
  endfacet
  facet normal -1.311571e-01 -8.369031e-01 -5.314050e-01
    outer loop
      vertex  1.379018e+04 -6.830332e+03  6.356912e+03
      vertex  1.411028e+04 -6.944481e+03  6.457680e+03
      vertex  1.378950e+04 -6.933983e+03  6.520320e+03
    endloop
  endfacet
  facet normal -1.379972e-01 -8.442065e-01 -5.179501e-01
    outer loop
      vertex  1.411067e+04 -6.834667e+03  6.278589e+03
      vertex  1.411028e+04 -6.944481e+03  6.457680e+03
      vertex  1.379018e+04 -6.830332e+03  6.356912e+03
    endloop
  endfacet
  facet normal -2.321692e-01 -7.714865e-01 -5.923732e-01
    outer loop
      vertex  1.379103e+04 -6.097964e+03  5.375455e+03
      vertex  1.410928e+04 -6.210164e+03  5.396847e+03
      vertex  1.410989e+04 -6.307681e+03  5.523610e+03
    endloop
  endfacet
  facet normal -3.693911e-01 -7.150846e-01 -5.934681e-01
    outer loop
      vertex  1.409109e+04 -4.883575e+03  3.806007e+03
      vertex  1.377504e+04 -4.738281e+03  3.827655e+03
      vertex  1.377113e+04 -4.512476e+03  3.558011e+03
    endloop
  endfacet
  facet normal -3.849816e-01 -7.187921e-01 -5.789016e-01
    outer loop
      vertex  1.377113e+04 -4.512476e+03  3.558011e+03
      vertex  1.408670e+04 -4.606544e+03  3.464952e+03
      vertex  1.409109e+04 -4.883575e+03  3.806007e+03
    endloop
  endfacet
  facet normal -3.848102e-01 -7.217250e-01 -5.753556e-01
    outer loop
      vertex  1.376931e+04 -4.405265e+03  3.424742e+03
      vertex  1.408670e+04 -4.606544e+03  3.464952e+03
      vertex  1.377113e+04 -4.512476e+03  3.558011e+03
    endloop
  endfacet
  facet normal -3.960454e-01 -8.154153e-01 -4.221918e-01
    outer loop
      vertex  1.344264e+04 -3.607596e+03  2.490888e+03
      vertex  1.344286e+04 -3.542578e+03  2.365110e+03
      vertex  1.361384e+04 -3.695467e+03  2.500000e+03
    endloop
  endfacet
  facet normal -3.773505e-01 -8.106142e-01 -4.477850e-01
    outer loop
      vertex  1.376429e+04 -3.650274e+03  2.289201e+03
      vertex  1.376329e+04 -3.737974e+03  2.448805e+03
      vertex  1.344286e+04 -3.542578e+03  2.365110e+03
    endloop
  endfacet
  facet normal -3.750891e-01 -8.334245e-01 -4.058470e-01
    outer loop
      vertex  1.344355e+04 -3.481842e+03  2.239747e+03
      vertex  1.376429e+04 -3.650274e+03  2.289201e+03
      vertex  1.344286e+04 -3.542578e+03  2.365110e+03
    endloop
  endfacet
  facet normal -3.619390e-01 -8.519768e-01 -3.783327e-01
    outer loop
      vertex  1.376604e+04 -3.568528e+03  2.130325e+03
      vertex  1.344440e+04 -3.438844e+03  2.145992e+03
      vertex  1.344555e+04 -3.397803e+03  2.052468e+03
    endloop
  endfacet
  facet normal -3.480280e-01 -8.416422e-01 -4.129343e-01
    outer loop
      vertex  1.344555e+04 -3.397803e+03  2.052468e+03
      vertex  1.376843e+04 -3.496272e+03  1.981037e+03
      vertex  1.376604e+04 -3.568528e+03  2.130325e+03
    endloop
  endfacet
  facet normal -3.446879e-01 -8.639908e-01 -3.670290e-01
    outer loop
      vertex  1.344778e+04 -3.341410e+03  1.917624e+03
      vertex  1.376843e+04 -3.496272e+03  1.981037e+03
      vertex  1.344555e+04 -3.397803e+03  2.052468e+03
    endloop
  endfacet
  facet normal -2.880716e-02 -9.658874e-01 -2.573552e-01
    outer loop
      vertex  1.346505e+04 -7.687604e+03  8.274438e+03
      vertex  1.378631e+04 -7.705492e+03  8.305617e+03
      vertex  1.346567e+04 -7.713363e+03  8.371050e+03
    endloop
  endfacet
  facet normal -3.360650e-02 -9.555929e-01 -2.927674e-01
    outer loop
      vertex  1.378518e+04 -7.604146e+03  7.956856e+03
      vertex  1.378557e+04 -7.657005e+03  8.129343e+03
      vertex  1.346420e+04 -7.632023e+03  8.084692e+03
    endloop
  endfacet
  facet normal -4.176021e-02 -9.492134e-01 -3.118492e-01
    outer loop
      vertex  1.346377e+04 -7.571150e+03  7.899463e+03
      vertex  1.378518e+04 -7.604146e+03  7.956856e+03
      vertex  1.346420e+04 -7.632023e+03  8.084692e+03
    endloop
  endfacet
  facet normal -3.999851e-02 -9.465172e-01 -3.201649e-01
    outer loop
      vertex  1.378508e+04 -7.547039e+03  7.788039e+03
      vertex  1.378518e+04 -7.604146e+03  7.956856e+03
      vertex  1.346377e+04 -7.571150e+03  7.899463e+03
    endloop
  endfacet
  facet normal -4.832277e-02 -9.383127e-01 -3.423946e-01
    outer loop
      vertex  1.346369e+04 -7.505152e+03  7.718611e+03
      vertex  1.378508e+04 -7.547039e+03  7.788039e+03
      vertex  1.346377e+04 -7.571150e+03  7.899463e+03
    endloop
  endfacet
  facet normal -4.710908e-02 -9.366726e-01 -3.470234e-01
    outer loop
      vertex  1.378523e+04 -7.485818e+03  7.622774e+03
      vertex  1.378508e+04 -7.547039e+03  7.788039e+03
      vertex  1.346369e+04 -7.505152e+03  7.718611e+03
    endloop
  endfacet
  facet normal -5.522489e-02 -9.265075e-01 -3.722018e-01
    outer loop
      vertex  1.346391e+04 -7.434215e+03  7.541997e+03
      vertex  1.378523e+04 -7.485818e+03  7.622774e+03
      vertex  1.346369e+04 -7.505152e+03  7.718611e+03
    endloop
  endfacet
  facet normal -5.491926e-02 -9.261327e-01 -3.731782e-01
    outer loop
      vertex  1.378557e+04 -7.420631e+03  7.460947e+03
      vertex  1.378523e+04 -7.485818e+03  7.622774e+03
      vertex  1.346391e+04 -7.434215e+03  7.541997e+03
    endloop
  endfacet
  facet normal -6.245857e-02 -9.139231e-01 -4.010531e-01
    outer loop
      vertex  1.346436e+04 -7.358541e+03  7.369480e+03
      vertex  1.378557e+04 -7.420631e+03  7.460947e+03
      vertex  1.346391e+04 -7.434215e+03  7.541997e+03
    endloop
  endfacet
  facet normal -6.339780e-02 -9.149852e-01 -3.984756e-01
    outer loop
      vertex  1.378606e+04 -7.351635e+03  7.302441e+03
      vertex  1.378557e+04 -7.420631e+03  7.460947e+03
      vertex  1.346436e+04 -7.358541e+03  7.369480e+03
    endloop
  endfacet
  facet normal -7.001556e-02 -9.007009e-01 -4.287605e-01
    outer loop
      vertex  1.346499e+04 -7.278351e+03  7.200922e+03
      vertex  1.378606e+04 -7.351635e+03  7.302441e+03
      vertex  1.346436e+04 -7.358541e+03  7.369480e+03
    endloop
  endfacet
  facet normal -7.313289e-02 -9.039819e-01 -4.212697e-01
    outer loop
      vertex  1.378657e+04 -7.288272e+03  7.166384e+03
      vertex  1.378606e+04 -7.351635e+03  7.302441e+03
      vertex  1.346499e+04 -7.278351e+03  7.200922e+03
    endloop
  endfacet
  facet normal -7.631800e-02 -8.867681e-01 -4.558703e-01
    outer loop
      vertex  1.346578e+04 -7.189547e+03  7.028046e+03
      vertex  1.378657e+04 -7.288272e+03  7.166384e+03
      vertex  1.346499e+04 -7.278351e+03  7.200922e+03
    endloop
  endfacet
  facet normal -1.060639e-01 -8.649596e-01 -4.905051e-01
    outer loop
      vertex  1.346758e+04 -6.998944e+03  6.694291e+03
      vertex  1.378863e+04 -7.047616e+03  6.710696e+03
      vertex  1.378818e+04 -7.101277e+03  6.805418e+03
    endloop
  endfacet
  facet normal -1.279349e-01 -8.372646e-01 -5.316209e-01
    outer loop
      vertex  1.346936e+04 -6.793102e+03  6.375483e+03
      vertex  1.379018e+04 -6.830332e+03  6.356912e+03
      vertex  1.378950e+04 -6.933983e+03  6.520320e+03
    endloop
  endfacet
  facet normal -1.271982e-01 -8.118521e-01 -5.698392e-01
    outer loop
      vertex  1.379018e+04 -6.830332e+03  6.356912e+03
      vertex  1.346936e+04 -6.793102e+03  6.375483e+03
      vertex  1.347024e+04 -6.673135e+03  6.204369e+03
    endloop
  endfacet
  facet normal -1.419985e-01 -8.228897e-01 -5.501717e-01
    outer loop
      vertex  1.347024e+04 -6.673135e+03  6.204369e+03
      vertex  1.379076e+04 -6.723459e+03  6.196915e+03
      vertex  1.379018e+04 -6.830332e+03  6.356912e+03
    endloop
  endfacet
  facet normal -1.387336e-01 -7.963964e-01 -5.886474e-01
    outer loop
      vertex  1.379076e+04 -6.723459e+03  6.196915e+03
      vertex  1.347024e+04 -6.673135e+03  6.204369e+03
      vertex  1.347099e+04 -6.549762e+03  6.037277e+03
    endloop
  endfacet
  facet normal -3.284296e-01 -7.072105e-01 -6.260889e-01
    outer loop
      vertex  1.377905e+04 -4.977490e+03  4.102185e+03
      vertex  1.378286e+04 -5.227521e+03  4.382615e+03
      vertex  1.346437e+04 -5.000802e+03  4.293592e+03
    endloop
  endfacet
  facet normal -3.599761e-01 -6.968809e-01 -6.203016e-01
    outer loop
      vertex  1.345690e+04 -4.533354e+03  3.782051e+03
      vertex  1.377504e+04 -4.738281e+03  3.827655e+03
      vertex  1.346078e+04 -4.760583e+03  4.035083e+03
    endloop
  endfacet
  facet normal -3.989027e-01 -7.367577e-01 -5.459530e-01
    outer loop
      vertex  1.344723e+04 -4.011000e+03  3.133603e+03
      vertex  1.376572e+04 -4.171239e+03  3.117138e+03
      vertex  1.376764e+04 -4.302133e+03  3.292375e+03
    endloop
  endfacet
  facet normal -4.038052e-01 -7.625846e-01 -5.053772e-01
    outer loop
      vertex  1.376424e+04 -4.048139e+03  2.943167e+03
      vertex  1.353163e+04 -3.930000e+03  2.950764e+03
      vertex  1.367414e+04 -3.930000e+03  2.836894e+03
    endloop
  endfacet
  facet normal -4.030793e-01 -7.625707e-01 -5.059771e-01
    outer loop
      vertex  1.367414e+04 -3.930000e+03  2.836894e+03
      vertex  1.376329e+04 -3.932945e+03  2.770309e+03
      vertex  1.376424e+04 -4.048139e+03  2.943167e+03
    endloop
  endfacet
  facet normal -3.908426e-01 -8.173970e-01 -4.232072e-01
    outer loop
      vertex  1.328213e+04 -3.493269e+03  2.418314e+03
      vertex  1.344286e+04 -3.542578e+03  2.365110e+03
      vertex  1.344264e+04 -3.607596e+03  2.490888e+03
    endloop
  endfacet
  facet normal -3.860065e-01 -8.348814e-01 -3.923929e-01
    outer loop
      vertex  1.344286e+04 -3.542578e+03  2.365110e+03
      vertex  1.328213e+04 -3.493269e+03  2.418314e+03
      vertex  1.328261e+04 -3.420359e+03  2.262708e+03
    endloop
  endfacet
  facet normal -3.761225e-01 -8.330454e-01 -4.056690e-01
    outer loop
      vertex  1.328261e+04 -3.420359e+03  2.262708e+03
      vertex  1.344355e+04 -3.481842e+03  2.239747e+03
      vertex  1.344286e+04 -3.542578e+03  2.365110e+03
    endloop
  endfacet
  facet normal -3.614630e-01 -8.521481e-01 -3.784021e-01
    outer loop
      vertex  1.344555e+04 -3.397803e+03  2.052468e+03
      vertex  1.344440e+04 -3.438844e+03  2.145992e+03
      vertex  1.328389e+04 -3.353754e+03  2.107691e+03
    endloop
  endfacet
  facet normal -3.556851e-01 -8.666173e-01 -3.499463e-01
    outer loop
      vertex  1.328605e+04 -3.292284e+03  1.953271e+03
      vertex  1.344555e+04 -3.397803e+03  2.052468e+03
      vertex  1.328389e+04 -3.353754e+03  2.107691e+03
    endloop
  endfacet
  facet normal -3.434995e-01 -8.643996e-01 -3.671803e-01
    outer loop
      vertex  1.328605e+04 -3.292284e+03  1.953271e+03
      vertex  1.344778e+04 -3.341410e+03  1.917624e+03
      vertex  1.344555e+04 -3.397803e+03  2.052468e+03
    endloop
  endfacet
  facet normal -3.220458e-02 -9.495428e-01 -3.119797e-01
    outer loop
      vertex  1.346377e+04 -7.571150e+03  7.899463e+03
      vertex  1.346420e+04 -7.632023e+03  8.084692e+03
      vertex  1.330351e+04 -7.619853e+03  8.064238e+03
    endloop
  endfacet
  facet normal -4.245476e-02 -9.461460e-01 -3.209446e-01
    outer loop
      vertex  1.330306e+04 -7.555146e+03  7.873540e+03
      vertex  1.346377e+04 -7.571150e+03  7.899463e+03
      vertex  1.330351e+04 -7.619853e+03  8.064238e+03
    endloop
  endfacet
  facet normal -3.823061e-02 -9.387221e-01 -3.425481e-01
    outer loop
      vertex  1.346369e+04 -7.505152e+03  7.718611e+03
      vertex  1.346377e+04 -7.571150e+03  7.899463e+03
      vertex  1.330306e+04 -7.555146e+03  7.873540e+03
    endloop
  endfacet
  facet normal -4.958547e-02 -9.343433e-01 -3.529078e-01
    outer loop
      vertex  1.330299e+04 -7.484893e+03  7.687552e+03
      vertex  1.346369e+04 -7.505152e+03  7.718611e+03
      vertex  1.330306e+04 -7.555146e+03  7.873540e+03
    endloop
  endfacet
  facet normal -4.489455e-02 -9.269923e-01 -3.723838e-01
    outer loop
      vertex  1.346391e+04 -7.434215e+03  7.541997e+03
      vertex  1.346369e+04 -7.505152e+03  7.718611e+03
      vertex  1.330299e+04 -7.484893e+03  7.687552e+03
    endloop
  endfacet
  facet normal -5.712922e-02 -9.215569e-01 -3.840172e-01
    outer loop
      vertex  1.330324e+04 -7.409307e+03  7.506125e+03
      vertex  1.346391e+04 -7.434215e+03  7.541997e+03
      vertex  1.330299e+04 -7.484893e+03  7.687552e+03
    endloop
  endfacet
  facet normal -5.217957e-02 -9.144734e-01 -4.012676e-01
    outer loop
      vertex  1.346436e+04 -7.358541e+03  7.369480e+03
      vertex  1.346391e+04 -7.434215e+03  7.541997e+03
      vertex  1.330324e+04 -7.409307e+03  7.506125e+03
    endloop
  endfacet
  facet normal -6.506777e-02 -9.079328e-01 -4.140342e-01
    outer loop
      vertex  1.330374e+04 -7.328619e+03  7.329106e+03
      vertex  1.346436e+04 -7.358541e+03  7.369480e+03
      vertex  1.330324e+04 -7.409307e+03  7.506125e+03
    endloop
  endfacet
  facet normal -8.717889e-02 -8.718517e-01 -4.819488e-01
    outer loop
      vertex  1.330589e+04 -7.087301e+03  6.872004e+03
      vertex  1.346666e+04 -7.096311e+03  6.859221e+03
      vertex  1.346578e+04 -7.189547e+03  7.028046e+03
    endloop
  endfacet
  facet normal -8.858264e-02 -8.545098e-01 -5.118261e-01
    outer loop
      vertex  1.346666e+04 -7.096311e+03  6.859221e+03
      vertex  1.330589e+04 -7.087301e+03  6.872004e+03
      vertex  1.330674e+04 -6.999954e+03  6.726027e+03
    endloop
  endfacet
  facet normal -9.456378e-02 -8.570492e-01 -5.064822e-01
    outer loop
      vertex  1.330674e+04 -6.999954e+03  6.726027e+03
      vertex  1.346758e+04 -6.998944e+03  6.694291e+03
      vertex  1.346666e+04 -7.096311e+03  6.859221e+03
    endloop
  endfacet
  facet normal -9.909932e-02 -8.428068e-01 -5.290142e-01
    outer loop
      vertex  1.330732e+04 -6.939992e+03  6.630390e+03
      vertex  1.346758e+04 -6.998944e+03  6.694291e+03
      vertex  1.330674e+04 -6.999954e+03  6.726027e+03
    endloop
  endfacet
  facet normal -1.076710e-01 -8.208758e-01 -5.608653e-01
    outer loop
      vertex  1.346849e+04 -6.897766e+03  6.533096e+03
      vertex  1.330790e+04 -6.878727e+03  6.536061e+03
      vertex  1.330901e+04 -6.752566e+03  6.351200e+03
    endloop
  endfacet
  facet normal -1.441125e-01 -7.957667e-01 -5.882065e-01
    outer loop
      vertex  1.331064e+04 -6.532903e+03  6.053756e+03
      vertex  1.347099e+04 -6.549762e+03  6.037277e+03
      vertex  1.347024e+04 -6.673135e+03  6.204369e+03
    endloop
  endfacet
  facet normal -1.446565e-01 -7.768187e-01 -6.128843e-01
    outer loop
      vertex  1.347099e+04 -6.549762e+03  6.037277e+03
      vertex  1.331064e+04 -6.532903e+03  6.053756e+03
      vertex  1.331129e+04 -6.419391e+03  5.909729e+03
    endloop
  endfacet
  facet normal -1.546866e-01 -7.812039e-01 -6.048079e-01
    outer loop
      vertex  1.331129e+04 -6.419391e+03  5.909729e+03
      vertex  1.347158e+04 -6.423469e+03  5.874000e+03
      vertex  1.347099e+04 -6.549762e+03  6.037277e+03
    endloop
  endfacet
  facet normal -2.568312e-01 -6.943198e-01 -6.722779e-01
    outer loop
      vertex  1.346985e+04 -5.508961e+03  4.831386e+03
      vertex  1.331070e+04 -5.469958e+03  4.851903e+03
      vertex  1.330824e+04 -5.175924e+03  4.549170e+03
    endloop
  endfacet
  facet normal -2.908400e-01 -6.967663e-01 -6.556896e-01
    outer loop
      vertex  1.330824e+04 -5.175924e+03  4.549170e+03
      vertex  1.346745e+04 -5.251293e+03  4.558640e+03
      vertex  1.346985e+04 -5.508961e+03  4.831386e+03
    endloop
  endfacet
  facet normal -3.568545e-01 -6.977490e-01 -6.211289e-01
    outer loop
      vertex  1.345690e+04 -4.533354e+03  3.782051e+03
      vertex  1.346078e+04 -4.760583e+03  4.035083e+03
      vertex  1.330052e+04 -4.605778e+03  3.953258e+03
    endloop
  endfacet
  facet normal -3.959921e-01 -7.337291e-01 -5.521157e-01
    outer loop
      vertex  1.328817e+04 -3.954147e+03  3.175228e+03
      vertex  1.344960e+04 -4.141311e+03  3.308174e+03
      vertex  1.329107e+04 -4.100821e+03  3.368065e+03
    endloop
  endfacet
  facet normal -4.050113e-01 -7.353141e-01 -5.433956e-01
    outer loop
      vertex  1.328817e+04 -3.954147e+03  3.175228e+03
      vertex  1.344723e+04 -4.011000e+03  3.133603e+03
      vertex  1.344960e+04 -4.141311e+03  3.308174e+03
    endloop
  endfacet
  facet normal -3.971021e-01 -8.364051e-01 -3.778050e-01
    outer loop
      vertex  1.328213e+04 -3.493269e+03  2.418314e+03
      vertex  1.312145e+04 -3.424583e+03  2.435132e+03
      vertex  1.312159e+04 -3.366485e+03  2.306370e+03
    endloop
  endfacet
  facet normal -3.857687e-01 -8.349716e-01 -3.924345e-01
    outer loop
      vertex  1.312159e+04 -3.366485e+03  2.306370e+03
      vertex  1.328261e+04 -3.420359e+03  2.262708e+03
      vertex  1.328213e+04 -3.493269e+03  2.418314e+03
    endloop
  endfacet
  facet normal -3.822742e-01 -8.512845e-01 -3.594180e-01
    outer loop
      vertex  1.312202e+04 -3.327213e+03  2.212889e+03
      vertex  1.328261e+04 -3.420359e+03  2.262708e+03
      vertex  1.312159e+04 -3.366485e+03  2.306370e+03
    endloop
  endfacet
  facet normal -3.674412e-01 -8.692716e-01 -3.306869e-01
    outer loop
      vertex  1.328389e+04 -3.353754e+03  2.107691e+03
      vertex  1.312277e+04 -3.290179e+03  2.119604e+03
      vertex  1.312410e+04 -3.248313e+03  2.008078e+03
    endloop
  endfacet
  facet normal -3.120386e-02 -9.465305e-01 -3.211017e-01
    outer loop
      vertex  1.330306e+04 -7.555146e+03  7.873540e+03
      vertex  1.330351e+04 -7.619853e+03  8.064238e+03
      vertex  1.314259e+04 -7.580079e+03  7.962631e+03
    endloop
  endfacet
  facet normal -7.083000e-02 -8.817773e-01 -4.663175e-01
    outer loop
      vertex  1.330435e+04 -7.251845e+03  7.173435e+03
      vertex  1.314343e+04 -7.259615e+03  7.212570e+03
      vertex  1.314408e+04 -7.185121e+03  7.071607e+03
    endloop
  endfacet
  facet normal -7.079957e-02 -8.817602e-01 -4.663543e-01
    outer loop
      vertex  1.314408e+04 -7.185121e+03  7.071607e+03
      vertex  1.330508e+04 -7.171337e+03  7.021104e+03
      vertex  1.330435e+04 -7.251845e+03  7.173435e+03
    endloop
  endfacet
  facet normal -7.886344e-02 -8.689554e-01 -4.885663e-01
    outer loop
      vertex  1.314482e+04 -7.107518e+03  6.933465e+03
      vertex  1.330508e+04 -7.171337e+03  7.021104e+03
      vertex  1.314408e+04 -7.185121e+03  7.071607e+03
    endloop
  endfacet
  facet normal -7.792269e-02 -8.683285e-01 -4.898301e-01
    outer loop
      vertex  1.330589e+04 -7.087301e+03  6.872004e+03
      vertex  1.330508e+04 -7.171337e+03  7.021104e+03
      vertex  1.314482e+04 -7.107518e+03  6.933465e+03
    endloop
  endfacet
  facet normal -1.196787e-01 -8.026390e-01 -5.843352e-01
    outer loop
      vertex  1.330901e+04 -6.752566e+03  6.351200e+03
      vertex  1.314810e+04 -6.769505e+03  6.407423e+03
      vertex  1.314916e+04 -6.648417e+03  6.240880e+03
    endloop
  endfacet
  facet normal -1.229913e-01 -8.044084e-01 -5.812058e-01
    outer loop
      vertex  1.314916e+04 -6.648417e+03  6.240880e+03
      vertex  1.330987e+04 -6.644078e+03  6.200866e+03
      vertex  1.330901e+04 -6.752566e+03  6.351200e+03
    endloop
  endfacet
  facet normal -1.290766e-01 -7.866745e-01 -6.037238e-01
    outer loop
      vertex  1.330987e+04 -6.644078e+03  6.200866e+03
      vertex  1.314916e+04 -6.648417e+03  6.240880e+03
      vertex  1.315012e+04 -6.523892e+03  6.078415e+03
    endloop
  endfacet
  facet normal -1.361725e-01 -7.900276e-01 -5.977571e-01
    outer loop
      vertex  1.315012e+04 -6.523892e+03  6.078415e+03
      vertex  1.331064e+04 -6.532903e+03  6.053756e+03
      vertex  1.330987e+04 -6.644078e+03  6.200866e+03
    endloop
  endfacet
  facet normal -1.386906e-01 -7.715096e-01 -6.209170e-01
    outer loop
      vertex  1.331064e+04 -6.532903e+03  6.053756e+03
      vertex  1.315012e+04 -6.523892e+03  6.078415e+03
      vertex  1.315095e+04 -6.396412e+03  5.919831e+03
    endloop
  endfacet
  facet normal -1.498261e-01 -7.762030e-01 -6.124224e-01
    outer loop
      vertex  1.315095e+04 -6.396412e+03  5.919831e+03
      vertex  1.331129e+04 -6.419391e+03  5.909729e+03
      vertex  1.331064e+04 -6.532903e+03  6.053756e+03
    endloop
  endfacet
  facet normal -3.609485e-01 -6.955250e-01 -6.212577e-01
    outer loop
      vertex  1.313667e+04 -4.270532e+03  3.674206e+03
      vertex  1.329737e+04 -4.426516e+03  3.755471e+03
      vertex  1.313937e+04 -4.416021e+03  3.835522e+03
    endloop
  endfacet
  facet normal -3.175467e-01 -9.007190e-01 -2.964276e-01
    outer loop
      vertex  1.313067e+04 -3.139162e+03  1.693681e+03
      vertex  1.300000e+04 -3.132727e+03  1.814112e+03
      vertex  1.300000e+04 -3.062262e+03  1.600000e+03
    endloop
  endfacet
  facet normal -2.678143e-02 -9.602984e-01 -2.776865e-01
    outer loop
      vertex  1.290299e+04 -7.661471e+03  8.239239e+03
      vertex  1.314406e+04 -7.681525e+03  8.285341e+03
      vertex  1.290370e+04 -7.690212e+03  8.338563e+03
    endloop
  endfacet
  facet normal -5.159627e-02 -9.098379e-01 -4.117437e-01
    outer loop
      vertex  1.314275e+04 -7.353825e+03  7.405052e+03
      vertex  1.314245e+04 -7.413222e+03  7.536341e+03
      vertex  1.290153e+04 -7.366437e+03  7.463150e+03
    endloop
  endfacet
  facet normal -6.783718e-02 -8.819668e-01 -4.664040e-01
    outer loop
      vertex  1.290279e+04 -7.185408e+03  7.107246e+03
      vertex  1.314408e+04 -7.185121e+03  7.071607e+03
      vertex  1.314343e+04 -7.259615e+03  7.212570e+03
    endloop
  endfacet
  facet normal -7.237311e-02 -8.647410e-01 -4.969761e-01
    outer loop
      vertex  1.314408e+04 -7.185121e+03  7.071607e+03
      vertex  1.290279e+04 -7.185408e+03  7.107246e+03
      vertex  1.290374e+04 -7.082254e+03  6.927620e+03
    endloop
  endfacet
  facet normal -7.921184e-02 -8.689305e-01 -4.885541e-01
    outer loop
      vertex  1.290374e+04 -7.082254e+03  6.927620e+03
      vertex  1.314482e+04 -7.107518e+03  6.933465e+03
      vertex  1.314408e+04 -7.185121e+03  7.071607e+03
    endloop
  endfacet
  facet normal -9.941211e-02 -8.350890e-01 -5.410579e-01
    outer loop
      vertex  1.290594e+04 -6.861060e+03  6.582398e+03
      vertex  1.314684e+04 -6.903207e+03  6.603189e+03
      vertex  1.314622e+04 -6.965806e+03  6.699920e+03
    endloop
  endfacet
  facet normal -1.070259e-01 -7.956970e-01 -5.961642e-01
    outer loop
      vertex  1.314810e+04 -6.769505e+03  6.407423e+03
      vertex  1.290709e+04 -6.743843e+03  6.416439e+03
      vertex  1.290820e+04 -6.622792e+03  6.254673e+03
    endloop
  endfacet
  facet normal -1.188193e-01 -8.027251e-01 -5.843924e-01
    outer loop
      vertex  1.290820e+04 -6.622792e+03  6.254673e+03
      vertex  1.314916e+04 -6.648417e+03  6.240880e+03
      vertex  1.314810e+04 -6.769505e+03  6.407423e+03
    endloop
  endfacet
  facet normal -1.180759e-01 -7.784556e-01 -6.164942e-01
    outer loop
      vertex  1.314916e+04 -6.648417e+03  6.240880e+03
      vertex  1.290820e+04 -6.622792e+03  6.254673e+03
      vertex  1.290935e+04 -6.484343e+03  6.079631e+03
    endloop
  endfacet
  facet normal -1.322169e-01 -7.863371e-01 -6.034837e-01
    outer loop
      vertex  1.290935e+04 -6.484343e+03  6.079631e+03
      vertex  1.315012e+04 -6.523892e+03  6.078415e+03
      vertex  1.314916e+04 -6.648417e+03  6.240880e+03
    endloop
  endfacet
  facet normal -1.282822e-01 -7.613997e-01 -6.354637e-01
    outer loop
      vertex  1.315012e+04 -6.523892e+03  6.078415e+03
      vertex  1.290935e+04 -6.484343e+03  6.079631e+03
      vertex  1.291037e+04 -6.342354e+03  5.909297e+03
    endloop
  endfacet
  facet normal -1.460122e-01 -7.706701e-01 -6.202806e-01
    outer loop
      vertex  1.291037e+04 -6.342354e+03  5.909297e+03
      vertex  1.315095e+04 -6.396412e+03  5.919831e+03
      vertex  1.315012e+04 -6.523892e+03  6.078415e+03
    endloop
  endfacet
  facet normal -3.487371e-01 -6.865179e-01 -6.380248e-01
    outer loop
      vertex  1.289791e+04 -4.177518e+03  3.710870e+03
      vertex  1.313937e+04 -4.416021e+03  3.835522e+03
      vertex  1.290093e+04 -4.344147e+03  3.888513e+03
    endloop
  endfacet
  facet normal -3.656411e-01 -6.942049e-01 -6.199887e-01
    outer loop
      vertex  1.289791e+04 -4.177518e+03  3.710870e+03
      vertex  1.313667e+04 -4.270532e+03  3.674206e+03
      vertex  1.313937e+04 -4.416021e+03  3.835522e+03
    endloop
  endfacet
  facet normal -3.666052e-01 -6.990713e-01 -6.139217e-01
    outer loop
      vertex  1.313667e+04 -4.270532e+03  3.674206e+03
      vertex  1.289791e+04 -4.177518e+03  3.710870e+03
      vertex  1.289479e+04 -4.022098e+03  3.535755e+03
    endloop
  endfacet
  facet normal -3.802240e-01 -7.042937e-01 -5.994999e-01
    outer loop
      vertex  1.289479e+04 -4.022098e+03  3.535755e+03
      vertex  1.313390e+04 -4.130693e+03  3.511681e+03
      vertex  1.313667e+04 -4.270532e+03  3.674206e+03
    endloop
  endfacet
  facet normal -2.433269e-02 -9.603538e-01 -2.777202e-01
    outer loop
      vertex  1.278277e+04 -7.665011e+03  8.262012e+03
      vertex  1.290299e+04 -7.661471e+03  8.239239e+03
      vertex  1.290370e+04 -7.690212e+03  8.338563e+03
    endloop
  endfacet
  facet normal -4.588675e-02 -9.155373e-01 -3.996071e-01
    outer loop
      vertex  1.290128e+04 -7.448746e+03  7.648187e+03
      vertex  1.278079e+04 -7.450942e+03  7.667056e+03
      vertex  1.278085e+04 -7.405945e+03  7.563955e+03
    endloop
  endfacet
  facet normal -6.045138e-02 -8.897491e-01 -4.524293e-01
    outer loop
      vertex  1.278159e+04 -7.260533e+03  7.263529e+03
      vertex  1.290205e+04 -7.278562e+03  7.282889e+03
      vertex  1.278126e+04 -7.310693e+03  7.362217e+03
    endloop
  endfacet
  facet normal -7.104614e-02 -8.692383e-01 -4.892621e-01
    outer loop
      vertex  1.278267e+04 -7.128146e+03  7.022957e+03
      vertex  1.290279e+04 -7.185408e+03  7.107246e+03
      vertex  1.278198e+04 -7.208750e+03  7.166259e+03
    endloop
  endfacet
  facet normal -6.356211e-02 -8.652817e-01 -4.972399e-01
    outer loop
      vertex  1.290374e+04 -7.082254e+03  6.927620e+03
      vertex  1.290279e+04 -7.185408e+03  7.107246e+03
      vertex  1.278267e+04 -7.128146e+03  7.022957e+03
    endloop
  endfacet
  facet normal -7.926131e-02 -8.551431e-01 -5.122969e-01
    outer loop
      vertex  1.278346e+04 -7.044194e+03  6.882699e+03
      vertex  1.290374e+04 -7.082254e+03  6.927620e+03
      vertex  1.278267e+04 -7.128146e+03  7.022957e+03
    endloop
  endfacet
  facet normal -1.046385e-01 -7.977540e-01 -5.938344e-01
    outer loop
      vertex  1.278705e+04 -6.678892e+03  6.350336e+03
      vertex  1.290709e+04 -6.743843e+03  6.416439e+03
      vertex  1.278636e+04 -6.750618e+03  6.446814e+03
    endloop
  endfacet
  facet normal -1.023135e-01 -7.961096e-01 -5.964406e-01
    outer loop
      vertex  1.290820e+04 -6.622792e+03  6.254673e+03
      vertex  1.290709e+04 -6.743843e+03  6.416439e+03
      vertex  1.278705e+04 -6.678892e+03  6.350336e+03
    endloop
  endfacet
  facet normal -1.191555e-01 -7.832248e-01 -6.102139e-01
    outer loop
      vertex  1.278822e+04 -6.548237e+03  6.182409e+03
      vertex  1.290820e+04 -6.622792e+03  6.254673e+03
      vertex  1.278705e+04 -6.678892e+03  6.350336e+03
    endloop
  endfacet
  facet normal -1.125075e-01 -7.789804e-01 -6.168725e-01
    outer loop
      vertex  1.290935e+04 -6.484343e+03  6.079631e+03
      vertex  1.290820e+04 -6.622792e+03  6.254673e+03
      vertex  1.278822e+04 -6.548237e+03  6.182409e+03
    endloop
  endfacet
  facet normal -1.301394e-01 -7.659707e-01 -6.295654e-01
    outer loop
      vertex  1.278931e+04 -6.414027e+03  6.018895e+03
      vertex  1.290935e+04 -6.484343e+03  6.079631e+03
      vertex  1.278822e+04 -6.548237e+03  6.182409e+03
    endloop
  endfacet
  facet normal -1.245507e-01 -7.617760e-01 -6.357551e-01
    outer loop
      vertex  1.291037e+04 -6.342354e+03  5.909297e+03
      vertex  1.290935e+04 -6.484343e+03  6.079631e+03
      vertex  1.278931e+04 -6.414027e+03  6.018895e+03
    endloop
  endfacet
  facet normal -1.414810e-01 -7.496549e-01 -6.465297e-01
    outer loop
      vertex  1.279027e+04 -6.276814e+03  5.859586e+03
      vertex  1.291037e+04 -6.342354e+03  5.909297e+03
      vertex  1.278931e+04 -6.414027e+03  6.018895e+03
    endloop
  endfacet
  facet normal -1.013543e-01 -7.980381e-01 -5.940224e-01
    outer loop
      vertex  1.278705e+04 -6.678892e+03  6.350336e+03
      vertex  1.278636e+04 -6.750618e+03  6.446814e+03
      vertex  1.266627e+04 -6.691049e+03  6.387278e+03
    endloop
  endfacet
  facet normal -1.088881e-01 -7.821978e-01 -6.134412e-01
    outer loop
      vertex  1.266764e+04 -6.540868e+03  6.195539e+03
      vertex  1.278705e+04 -6.678892e+03  6.350336e+03
      vertex  1.266627e+04 -6.691049e+03  6.387278e+03
    endloop
  endfacet
  facet normal -2.412174e-01 -6.594940e-01 -7.119563e-01
    outer loop
      vertex  1.279075e+04 -5.123439e+03  4.697208e+03
      vertex  1.267069e+04 -5.072426e+03  4.690632e+03
      vertex  1.266822e+04 -4.754925e+03  4.397362e+03
    endloop
  endfacet
  facet normal -4.601004e-02 -9.006388e-01 -4.321261e-01
    outer loop
      vertex  1.266037e+04 -7.405486e+03  7.576657e+03
      vertex  1.249978e+04 -7.400682e+03  7.583742e+03
      vertex  1.250007e+04 -7.307584e+03  7.389677e+03
    endloop
  endfacet
  facet normal -5.369655e-02 -8.831638e-01 -4.659811e-01
    outer loop
      vertex  1.266071e+04 -7.311780e+03  7.379117e+03
      vertex  1.250007e+04 -7.307584e+03  7.389677e+03
      vertex  1.250066e+04 -7.208100e+03  7.201059e+03
    endloop
  endfacet
  facet normal -6.172886e-02 -8.649701e-01 -4.980122e-01
    outer loop
      vertex  1.266137e+04 -7.211568e+03  7.187162e+03
      vertex  1.250066e+04 -7.208100e+03  7.201059e+03
      vertex  1.250149e+04 -7.102593e+03  7.017707e+03
    endloop
  endfacet
  facet normal -6.684237e-02 -8.667129e-01 -4.943083e-01
    outer loop
      vertex  1.250149e+04 -7.102593e+03  7.017707e+03
      vertex  1.266225e+04 -7.105234e+03  7.000598e+03
      vertex  1.266137e+04 -7.211568e+03  7.187162e+03
    endloop
  endfacet
  facet normal -7.719529e-02 -8.391069e-01 -5.384613e-01
    outer loop
      vertex  1.250265e+04 -6.973370e+03  6.811670e+03
      vertex  1.266306e+04 -7.018562e+03  6.859097e+03
      vertex  1.250205e+04 -7.038886e+03  6.913854e+03
    endloop
  endfacet
  facet normal -1.021563e-01 -7.799988e-01 -6.173863e-01
    outer loop
      vertex  1.266627e+04 -6.691049e+03  6.387278e+03
      vertex  1.250536e+04 -6.691777e+03  6.414822e+03
      vertex  1.250673e+04 -6.542771e+03  6.226343e+03
    endloop
  endfacet
  facet normal -1.081934e-01 -7.822599e-01 -6.134849e-01
    outer loop
      vertex  1.250673e+04 -6.542771e+03  6.226343e+03
      vertex  1.266764e+04 -6.540868e+03  6.195539e+03
      vertex  1.266627e+04 -6.691049e+03  6.387278e+03
    endloop
  endfacet
  facet normal -1.135732e-01 -7.597692e-01 -6.401967e-01
    outer loop
      vertex  1.266764e+04 -6.540868e+03  6.195539e+03
      vertex  1.250673e+04 -6.542771e+03  6.226343e+03
      vertex  1.250802e+04 -6.388997e+03  6.043619e+03
    endloop
  endfacet
  facet normal -1.199241e-01 -7.622830e-01 -6.360369e-01
    outer loop
      vertex  1.250802e+04 -6.388997e+03  6.043619e+03
      vertex  1.266891e+04 -6.385951e+03  6.009632e+03
      vertex  1.266764e+04 -6.540868e+03  6.195539e+03
    endloop
  endfacet
  facet normal -1.253928e-01 -7.407327e-01 -6.599938e-01
    outer loop
      vertex  1.266891e+04 -6.385951e+03  6.009632e+03
      vertex  1.250802e+04 -6.388997e+03  6.043619e+03
      vertex  1.250918e+04 -6.231251e+03  5.866355e+03
    endloop
  endfacet
  facet normal -1.321651e-01 -7.435515e-01 -6.554873e-01
    outer loop
      vertex  1.250918e+04 -6.231251e+03  5.866355e+03
      vertex  1.267003e+04 -6.227130e+03  5.829249e+03
      vertex  1.266891e+04 -6.385951e+03  6.009632e+03
    endloop
  endfacet
  facet normal -2.266387e-01 -6.626270e-01 -7.138350e-01
    outer loop
      vertex  1.267069e+04 -5.072426e+03  4.690632e+03
      vertex  1.267168e+04 -5.290967e+03  4.893181e+03
      vertex  1.251102e+04 -5.125609e+03  4.790693e+03
    endloop
  endfacet
  facet normal -2.354645e-01 -6.509271e-01 -7.216996e-01
    outer loop
      vertex  1.250930e+04 -4.827109e+03  4.522028e+03
      vertex  1.267069e+04 -5.072426e+03  4.690632e+03
      vertex  1.251102e+04 -5.125609e+03  4.790693e+03
    endloop
  endfacet
  facet normal -2.577153e-01 -6.566792e-01 -7.087702e-01
    outer loop
      vertex  1.250930e+04 -4.827109e+03  4.522028e+03
      vertex  1.266822e+04 -4.754925e+03  4.397362e+03
      vertex  1.267069e+04 -5.072426e+03  4.690632e+03
    endloop
  endfacet
  facet normal -1.066981e-01 -7.603761e-01 -6.406589e-01
    outer loop
      vertex  1.250802e+04 -6.388997e+03  6.043619e+03
      vertex  1.250673e+04 -6.542771e+03  6.226343e+03
      vertex  1.234651e+04 -6.462628e+03  6.157908e+03
    endloop
  endfacet
  facet normal -1.237189e-01 -7.453844e-01 -6.550540e-01
    outer loop
      vertex  1.234780e+04 -6.299246e+03  5.971751e+03
      vertex  1.250802e+04 -6.388997e+03  6.043619e+03
      vertex  1.234651e+04 -6.462628e+03  6.157908e+03
    endloop
  endfacet
  facet normal -1.190139e-01 -7.413402e-01 -6.604927e-01
    outer loop
      vertex  1.250918e+04 -6.231251e+03  5.866355e+03
      vertex  1.250802e+04 -6.388997e+03  6.043619e+03
      vertex  1.234780e+04 -6.299246e+03  5.971751e+03
    endloop
  endfacet
  facet normal -1.346112e-01 -7.259495e-01 -6.744457e-01
    outer loop
      vertex  1.234895e+04 -6.131902e+03  5.791399e+03
      vertex  1.250918e+04 -6.231251e+03  5.866355e+03
      vertex  1.234780e+04 -6.299246e+03  5.971751e+03
    endloop
  endfacet
  facet normal -2.209354e-01 -6.461765e-01 -7.305091e-01
    outer loop
      vertex  1.234995e+04 -4.919939e+03  4.657481e+03
      vertex  1.251102e+04 -5.125609e+03  4.790693e+03
      vertex  1.235112e+04 -5.264289e+03  4.961723e+03
    endloop
  endfacet
  facet normal -2.343446e-01 -6.511046e-01 -7.219040e-01
    outer loop
      vertex  1.250930e+04 -4.827109e+03  4.522028e+03
      vertex  1.251102e+04 -5.125609e+03  4.790693e+03
      vertex  1.234995e+04 -4.919939e+03  4.657481e+03
    endloop
  endfacet
  facet normal -2.442408e-01 -6.416527e-01 -7.270682e-01
    outer loop
      vertex  1.234758e+04 -4.589621e+03  4.366764e+03
      vertex  1.250930e+04 -4.827109e+03  4.522028e+03
      vertex  1.234995e+04 -4.919939e+03  4.657481e+03
    endloop
  endfacet
  facet normal -2.687349e-01 -6.485698e-01 -7.121367e-01
    outer loop
      vertex  1.250665e+04 -4.541831e+03  4.263212e+03
      vertex  1.250930e+04 -4.827109e+03  4.522028e+03
      vertex  1.234758e+04 -4.589621e+03  4.366764e+03
    endloop
  endfacet
  facet normal -2.723322e-01 -6.435288e-01 -7.153362e-01
    outer loop
      vertex  1.234556e+04 -4.393268e+03  4.190891e+03
      vertex  1.250665e+04 -4.541831e+03  4.263212e+03
      vertex  1.234758e+04 -4.589621e+03  4.366764e+03
    endloop
  endfacet
  facet normal -3.047488e-01 -6.569224e-01 -6.896240e-01
    outer loop
      vertex  1.234318e+04 -4.206438e+03  4.018848e+03
      vertex  1.250322e+04 -4.274175e+03  4.012647e+03
      vertex  1.250502e+04 -4.405548e+03  4.136995e+03
    endloop
  endfacet
  facet normal -3.287005e-01 -6.731130e-01 -6.624764e-01
    outer loop
      vertex  1.250127e+04 -4.148166e+03  3.889989e+03
      vertex  1.234050e+04 -4.030422e+03  3.850124e+03
      vertex  1.249921e+04 -4.027926e+03  3.768844e+03
    endloop
  endfacet
  facet normal -4.610700e-02 -9.078026e-01 -4.168557e-01
    outer loop
      vertex  1.233928e+04 -7.376411e+03  7.548639e+03
      vertex  1.249978e+04 -7.400682e+03  7.583742e+03
      vertex  1.233926e+04 -7.423552e+03  7.651301e+03
    endloop
  endfacet
  facet normal -4.169325e-02 -9.008121e-01 -4.322028e-01
    outer loop
      vertex  1.250007e+04 -7.307584e+03  7.389677e+03
      vertex  1.249978e+04 -7.400682e+03  7.583742e+03
      vertex  1.233928e+04 -7.376411e+03  7.548639e+03
    endloop
  endfacet
  facet normal -5.634294e-02 -8.941796e-01 -4.441490e-01
    outer loop
      vertex  1.233961e+04 -7.277269e+03  7.349000e+03
      vertex  1.250007e+04 -7.307584e+03  7.389677e+03
      vertex  1.233928e+04 -7.376411e+03  7.548639e+03
    endloop
  endfacet
  facet normal -4.874409e-02 -8.833950e-01 -4.660875e-01
    outer loop
      vertex  1.250066e+04 -7.208100e+03  7.201059e+03
      vertex  1.250007e+04 -7.307584e+03  7.389677e+03
      vertex  1.233961e+04 -7.277269e+03  7.349000e+03
    endloop
  endfacet
  facet normal -6.410110e-02 -8.754274e-01 -4.790803e-01
    outer loop
      vertex  1.234024e+04 -7.171264e+03  7.155211e+03
      vertex  1.250066e+04 -7.208100e+03  7.201059e+03
      vertex  1.233961e+04 -7.277269e+03  7.349000e+03
    endloop
  endfacet
  facet normal -5.631476e-02 -8.652582e-01 -4.981535e-01
    outer loop
      vertex  1.250149e+04 -7.102593e+03  7.017707e+03
      vertex  1.250066e+04 -7.208100e+03  7.201059e+03
      vertex  1.234024e+04 -7.171264e+03  7.155211e+03
    endloop
  endfacet
  facet normal -7.204999e-02 -8.559763e-01 -5.119701e-01
    outer loop
      vertex  1.234111e+04 -7.058809e+03  6.967072e+03
      vertex  1.250149e+04 -7.102593e+03  7.017707e+03
      vertex  1.234024e+04 -7.171264e+03  7.155211e+03
    endloop
  endfacet
  facet normal -7.542267e-02 -8.392259e-01 -5.385271e-01
    outer loop
      vertex  1.234191e+04 -6.967171e+03  6.824521e+03
      vertex  1.250265e+04 -6.973370e+03  6.811670e+03
      vertex  1.250205e+04 -7.038886e+03  6.913854e+03
    endloop
  endfacet
  facet normal -9.766702e-02 -7.832763e-01 -6.139539e-01
    outer loop
      vertex  1.234512e+04 -6.621140e+03  6.350194e+03
      vertex  1.250536e+04 -6.691777e+03  6.414822e+03
      vertex  1.234441e+04 -6.698293e+03  6.448738e+03
    endloop
  endfacet
  facet normal -1.113152e-01 -7.438204e-01 -6.590448e-01
    outer loop
      vertex  1.234651e+04 -6.462628e+03  6.157908e+03
      vertex  1.218556e+04 -6.466396e+03  6.189346e+03
      vertex  1.218682e+04 -6.304398e+03  6.006295e+03
    endloop
  endfacet
  facet normal -1.168027e-01 -7.460379e-01 -6.555796e-01
    outer loop
      vertex  1.218682e+04 -6.304398e+03  6.006295e+03
      vertex  1.234780e+04 -6.299246e+03  5.971751e+03
      vertex  1.234651e+04 -6.462628e+03  6.157908e+03
    endloop
  endfacet
  facet normal -1.224782e-01 -7.240810e-01 -6.787530e-01
    outer loop
      vertex  1.234780e+04 -6.299246e+03  5.971751e+03
      vertex  1.218682e+04 -6.304398e+03  6.006295e+03
      vertex  1.218797e+04 -6.138360e+03  5.828962e+03
    endloop
  endfacet
  facet normal -1.283541e-01 -7.265778e-01 -6.749889e-01
    outer loop
      vertex  1.218797e+04 -6.138360e+03  5.828962e+03
      vertex  1.234895e+04 -6.131902e+03  5.791399e+03
      vertex  1.234780e+04 -6.299246e+03  5.971751e+03
    endloop
  endfacet
  facet normal -2.160629e-01 -6.468895e-01 -7.313349e-01
    outer loop
      vertex  1.218993e+04 -4.980417e+03  4.758252e+03
      vertex  1.234995e+04 -4.919939e+03  4.657481e+03
      vertex  1.235112e+04 -5.264289e+03  4.961723e+03
    endloop
  endfacet
  facet normal -2.251670e-01 -6.352139e-01 -7.387849e-01
    outer loop
      vertex  1.234995e+04 -4.919939e+03  4.657481e+03
      vertex  1.218993e+04 -4.980417e+03  4.758252e+03
      vertex  1.218830e+04 -4.670355e+03  4.492154e+03
    endloop
  endfacet
  facet normal -2.469458e-01 -6.412109e-01 -7.265443e-01
    outer loop
      vertex  1.218830e+04 -4.670355e+03  4.492154e+03
      vertex  1.234758e+04 -4.589621e+03  4.366764e+03
      vertex  1.234995e+04 -4.919939e+03  4.657481e+03
    endloop
  endfacet
  facet normal -2.521191e-01 -6.357238e-01 -7.295830e-01
    outer loop
      vertex  1.234758e+04 -4.589621e+03  4.366764e+03
      vertex  1.218830e+04 -4.670355e+03  4.492154e+03
      vertex  1.218577e+04 -4.375595e+03  4.236189e+03
    endloop
  endfacet
  facet normal -2.738363e-01 -6.432526e-01 -7.150105e-01
    outer loop
      vertex  1.218577e+04 -4.375595e+03  4.236189e+03
      vertex  1.234556e+04 -4.393268e+03  4.190891e+03
      vertex  1.234758e+04 -4.589621e+03  4.366764e+03
    endloop
  endfacet
  facet normal -4.454115e-02 -9.078673e-01 -4.168850e-01
    outer loop
      vertex  1.217883e+04 -7.372027e+03  7.556235e+03
      vertex  1.233928e+04 -7.376411e+03  7.548639e+03
      vertex  1.233926e+04 -7.423552e+03  7.651301e+03
    endloop
  endfacet
  facet normal -5.108238e-02 -8.944364e-01 -4.442680e-01
    outer loop
      vertex  1.217909e+04 -7.273640e+03  7.360150e+03
      vertex  1.233961e+04 -7.277269e+03  7.349000e+03
      vertex  1.233928e+04 -7.376411e+03  7.548639e+03
    endloop
  endfacet
  facet normal -5.329679e-02 -8.741323e-01 -4.827546e-01
    outer loop
      vertex  1.233961e+04 -7.277269e+03  7.349000e+03
      vertex  1.217909e+04 -7.273640e+03  7.360150e+03
      vertex  1.217966e+04 -7.168526e+03  7.169757e+03
    endloop
  endfacet
  facet normal -5.833729e-02 -8.757455e-01 -4.792354e-01
    outer loop
      vertex  1.217966e+04 -7.168526e+03  7.169757e+03
      vertex  1.234024e+04 -7.171264e+03  7.155211e+03
      vertex  1.233961e+04 -7.277269e+03  7.349000e+03
    endloop
  endfacet
  facet normal -6.126161e-02 -8.547100e-01 -5.154781e-01
    outer loop
      vertex  1.234024e+04 -7.171264e+03  7.155211e+03
      vertex  1.217966e+04 -7.168526e+03  7.169757e+03
      vertex  1.218045e+04 -7.057078e+03  6.984870e+03
    endloop
  endfacet
  facet normal -6.596515e-02 -8.563500e-01 -5.121652e-01
    outer loop
      vertex  1.218045e+04 -7.057078e+03  6.984870e+03
      vertex  1.234111e+04 -7.058809e+03  6.967072e+03
      vertex  1.234024e+04 -7.171264e+03  7.155211e+03
    endloop
  endfacet
  facet normal -7.637417e-02 -8.273301e-01 -5.564997e-01
    outer loop
      vertex  1.218158e+04 -6.921332e+03  6.778378e+03
      vertex  1.234191e+04 -6.967171e+03  6.824521e+03
      vertex  1.218099e+04 -6.990144e+03  6.880759e+03
    endloop
  endfacet
  facet normal -9.629989e-02 -7.833859e-01 -6.140299e-01
    outer loop
      vertex  1.234441e+04 -6.698293e+03  6.448738e+03
      vertex  1.218422e+04 -6.623486e+03  6.378422e+03
      vertex  1.234512e+04 -6.621140e+03  6.350194e+03
    endloop
  endfacet
  facet normal -1.172871e-01 -7.493256e-01 -6.517323e-01
    outer loop
      vertex  1.209128e+04 -6.363654e+03  6.088184e+03
      vertex  1.218556e+04 -6.466396e+03  6.189346e+03
      vertex  1.208993e+04 -6.533479e+03  6.283683e+03
    endloop
  endfacet
  facet normal -1.035894e-01 -7.444723e-01 -6.595682e-01
    outer loop
      vertex  1.218682e+04 -6.304398e+03  6.006295e+03
      vertex  1.218556e+04 -6.466396e+03  6.189346e+03
      vertex  1.209128e+04 -6.363654e+03  6.088184e+03
    endloop
  endfacet
  facet normal -1.263642e-01 -7.277839e-01 -6.740642e-01
    outer loop
      vertex  1.209253e+04 -6.188863e+03  5.899230e+03
      vertex  1.218682e+04 -6.304398e+03  6.006295e+03
      vertex  1.209128e+04 -6.363654e+03  6.088184e+03
    endloop
  endfacet
  facet normal -1.166329e-01 -7.246138e-01 -6.792140e-01
    outer loop
      vertex  1.209253e+04 -6.188863e+03  5.899230e+03
      vertex  1.218797e+04 -6.138360e+03  5.828962e+03
      vertex  1.218682e+04 -6.304398e+03  6.006295e+03
    endloop
  endfacet
  facet normal -2.502559e-02 -9.523194e-01 -3.040745e-01
    outer loop
      vertex  1.208607e+04 -7.630722e+03  8.209741e+03
      vertex  1.218112e+04 -7.647113e+03  8.253252e+03
      vertex  1.208675e+04 -7.660300e+03  8.302318e+03
    endloop
  endfacet
  facet normal -3.566654e-02 -9.436512e-01 -3.290142e-01
    outer loop
      vertex  1.208504e+04 -7.567319e+03  8.028005e+03
      vertex  1.218018e+04 -7.598917e+03  8.108317e+03
      vertex  1.208607e+04 -7.630722e+03  8.209741e+03
    endloop
  endfacet
  facet normal -2.370899e-02 -9.395576e-01 -3.415692e-01
    outer loop
      vertex  1.208504e+04 -7.567319e+03  8.028005e+03
      vertex  1.217951e+04 -7.547233e+03  7.966198e+03
      vertex  1.218018e+04 -7.598917e+03  8.108317e+03
    endloop
  endfacet
  facet normal -5.468524e-02 -8.810979e-01 -4.697616e-01
    outer loop
      vertex  1.208444e+04 -7.237978e+03  7.304279e+03
      vertex  1.217909e+04 -7.273640e+03  7.360150e+03
      vertex  1.208423e+04 -7.292171e+03  7.405952e+03
    endloop
  endfacet
  facet normal -4.442684e-02 -8.745233e-01 -4.829442e-01
    outer loop
      vertex  1.217966e+04 -7.168526e+03  7.169757e+03
      vertex  1.217909e+04 -7.273640e+03  7.360150e+03
      vertex  1.208444e+04 -7.237978e+03  7.304279e+03
    endloop
  endfacet
  facet normal -7.001628e-02 -8.653200e-01 -4.963053e-01
    outer loop
      vertex  1.208509e+04 -7.124092e+03  7.105625e+03
      vertex  1.217966e+04 -7.168526e+03  7.169757e+03
      vertex  1.208444e+04 -7.237978e+03  7.304279e+03
    endloop
  endfacet
  facet normal -5.208433e-02 -8.551736e-01 -5.157182e-01
    outer loop
      vertex  1.218045e+04 -7.057078e+03  6.984870e+03
      vertex  1.217966e+04 -7.168526e+03  7.169757e+03
      vertex  1.208509e+04 -7.124092e+03  7.105625e+03
    endloop
  endfacet
  facet normal -7.787395e-02 -8.443613e-01 -5.300845e-01
    outer loop
      vertex  1.208597e+04 -7.003273e+03  6.913046e+03
      vertex  1.218045e+04 -7.057078e+03  6.984870e+03
      vertex  1.208509e+04 -7.124092e+03  7.105625e+03
    endloop
  endfacet
  facet normal -1.036688e-01 -7.505150e-01 -6.526715e-01
    outer loop
      vertex  1.199604e+04 -6.384617e+03  6.127419e+03
      vertex  1.209128e+04 -6.363654e+03  6.088184e+03
      vertex  1.208993e+04 -6.533479e+03  6.283683e+03
    endloop
  endfacet
  facet normal -1.171400e-01 -7.293325e-01 -6.740566e-01
    outer loop
      vertex  1.209128e+04 -6.363654e+03  6.088184e+03
      vertex  1.199604e+04 -6.384617e+03  6.127419e+03
      vertex  1.199725e+04 -6.213052e+03  5.941574e+03
    endloop
  endfacet
  facet normal -1.149340e-01 -7.288413e-01 -6.749669e-01
    outer loop
      vertex  1.199725e+04 -6.213052e+03  5.941574e+03
      vertex  1.209253e+04 -6.188863e+03  5.899230e+03
      vertex  1.209128e+04 -6.363654e+03  6.088184e+03
    endloop
  endfacet
  facet normal -1.280630e-01 -7.091936e-01 -6.932852e-01
    outer loop
      vertex  1.209253e+04 -6.188863e+03  5.899230e+03
      vertex  1.199725e+04 -6.213052e+03  5.941574e+03
      vertex  1.199833e+04 -6.037471e+03  5.761764e+03
    endloop
  endfacet
  facet normal -2.321406e-01 -6.272252e-01 -7.434375e-01
    outer loop
      vertex  1.199678e+04 -4.371900e+03  4.300241e+03
      vertex  1.209304e+04 -4.580664e+03  4.446312e+03
      vertex  1.199922e+04 -4.730879e+03  4.602342e+03
    endloop
  endfacet
  facet normal -2.085827e-02 -9.524017e-01 -3.041314e-01
    outer loop
      vertex  1.199155e+04 -7.637952e+03  8.238863e+03
      vertex  1.208607e+04 -7.630722e+03  8.209741e+03
      vertex  1.208675e+04 -7.660300e+03  8.302318e+03
    endloop
  endfacet
  facet normal -2.727009e-02 -9.458944e-01 -3.233268e-01
    outer loop
      vertex  1.208607e+04 -7.630722e+03  8.209741e+03
      vertex  1.199155e+04 -7.637952e+03  8.238863e+03
      vertex  1.199063e+04 -7.586951e+03  8.089737e+03
    endloop
  endfacet
  facet normal -1.897869e-02 -9.440525e-01 -3.292489e-01
    outer loop
      vertex  1.199063e+04 -7.586951e+03  8.089737e+03
      vertex  1.208504e+04 -7.567319e+03  8.028005e+03
      vertex  1.208607e+04 -7.630722e+03  8.209741e+03
    endloop
  endfacet
  facet normal -3.458397e-02 -9.359144e-01 -3.505256e-01
    outer loop
      vertex  1.208504e+04 -7.567319e+03  8.028005e+03
      vertex  1.199063e+04 -7.586951e+03  8.089737e+03
      vertex  1.198998e+04 -7.532201e+03  7.943617e+03
    endloop
  endfacet
  facet normal -5.138303e-02 -8.812555e-01 -4.698388e-01
    outer loop
      vertex  1.198964e+04 -7.241793e+03  7.321804e+03
      vertex  1.208444e+04 -7.237978e+03  7.304279e+03
      vertex  1.208423e+04 -7.292171e+03  7.405952e+03
    endloop
  endfacet
  facet normal -5.693652e-02 -8.661196e-01 -4.965835e-01
    outer loop
      vertex  1.208444e+04 -7.237978e+03  7.304279e+03
      vertex  1.198964e+04 -7.241793e+03  7.321804e+03
      vertex  1.199022e+04 -7.130101e+03  7.126928e+03
    endloop
  endfacet
  facet normal -5.667604e-02 -8.660734e-01 -4.966938e-01
    outer loop
      vertex  1.199022e+04 -7.130101e+03  7.126928e+03
      vertex  1.208509e+04 -7.124092e+03  7.105625e+03
      vertex  1.208444e+04 -7.237978e+03  7.304279e+03
    endloop
  endfacet
  facet normal -6.547394e-02 -8.454337e-01 -5.300519e-01
    outer loop
      vertex  1.208509e+04 -7.124092e+03  7.105625e+03
      vertex  1.199022e+04 -7.130101e+03  7.126928e+03
      vertex  1.199102e+04 -7.011663e+03  6.937920e+03
    endloop
  endfacet
  facet normal -6.430942e-02 -8.452082e-01 -5.305539e-01
    outer loop
      vertex  1.199102e+04 -7.011663e+03  6.937920e+03
      vertex  1.208597e+04 -7.003273e+03  6.913046e+03
      vertex  1.208509e+04 -7.124092e+03  7.105625e+03
    endloop
  endfacet
  facet normal -1.976387e-01 -6.302459e-01 -7.508189e-01
    outer loop
      vertex  1.199922e+04 -4.730879e+03  4.602342e+03
      vertex  1.200036e+04 -5.066198e+03  4.883512e+03
      vertex  1.191143e+04 -4.979996e+03  4.834563e+03
    endloop
  endfacet
  facet normal -2.199610e-01 -6.225656e-01 -7.510189e-01
    outer loop
      vertex  1.190995e+04 -4.602663e+03  4.522202e+03
      vertex  1.199922e+04 -4.730879e+03  4.602342e+03
      vertex  1.191143e+04 -4.979996e+03  4.834563e+03
    endloop
  endfacet
  facet normal -1.141266e-01 -7.217044e-01 -6.827283e-01
    outer loop
      vertex  1.181865e+04 -6.347820e+03  6.115958e+03
      vertex  1.169594e+04 -6.366024e+03  6.155712e+03
      vertex  1.169698e+04 -6.193813e+03  5.973495e+03
    endloop
  endfacet
  facet normal -1.140401e-01 -7.216765e-01 -6.827721e-01
    outer loop
      vertex  1.169698e+04 -6.193813e+03  5.973495e+03
      vertex  1.181977e+04 -6.172522e+03  5.930482e+03
      vertex  1.181865e+04 -6.347820e+03  6.115958e+03
    endloop
  endfacet
  facet normal -1.243618e-01 -7.011547e-01 -7.020798e-01
    outer loop
      vertex  1.181977e+04 -6.172522e+03  5.930482e+03
      vertex  1.169698e+04 -6.193813e+03  5.973495e+03
      vertex  1.169792e+04 -6.017487e+03  5.797235e+03
    endloop
  endfacet
  facet normal -1.677079e-01 -6.361789e-01 -7.530939e-01
    outer loop
      vertex  1.182267e+04 -5.441301e+03  5.246287e+03
      vertex  1.169982e+04 -5.473566e+03  5.300900e+03
      vertex  1.170010e+04 -5.184923e+03  5.057005e+03
    endloop
  endfacet
  facet normal -1.746337e-01 -6.374997e-01 -7.503981e-01
    outer loop
      vertex  1.170010e+04 -5.184923e+03  5.057005e+03
      vertex  1.182283e+04 -5.144306e+03  4.993938e+03
      vertex  1.182267e+04 -5.441301e+03  5.246287e+03
    endloop
  endfacet
  facet normal -4.762858e-02 -8.811036e-01 -4.705187e-01
    outer loop
      vertex  1.181248e+04 -7.331623e+03  7.511403e+03
      vertex  1.169049e+04 -7.331878e+03  7.524230e+03
      vertex  1.169069e+04 -7.226659e+03  7.327173e+03
    endloop
  endfacet
  facet normal -5.047045e-02 -8.817504e-01 -4.690084e-01
    outer loop
      vertex  1.169069e+04 -7.226659e+03  7.327173e+03
      vertex  1.181274e+04 -7.224600e+03  7.310169e+03
      vertex  1.181248e+04 -7.331623e+03  7.511403e+03
    endloop
  endfacet
  facet normal -5.597103e-02 -8.607468e-01 -5.059468e-01
    outer loop
      vertex  1.181274e+04 -7.224600e+03  7.310169e+03
      vertex  1.169069e+04 -7.226659e+03  7.327173e+03
      vertex  1.169113e+04 -7.114341e+03  7.136043e+03
    endloop
  endfacet
  facet normal -5.782222e-02 -8.612109e-01 -5.049480e-01
    outer loop
      vertex  1.169113e+04 -7.114341e+03  7.136043e+03
      vertex  1.181327e+04 -7.110255e+03  7.115089e+03
      vertex  1.181274e+04 -7.224600e+03  7.310169e+03
    endloop
  endfacet
  facet normal -6.441791e-02 -8.397113e-01 -5.391986e-01
    outer loop
      vertex  1.181327e+04 -7.110255e+03  7.115089e+03
      vertex  1.169113e+04 -7.114341e+03  7.136043e+03
      vertex  1.169178e+04 -6.995348e+03  6.950654e+03
    endloop
  endfacet
  facet normal -1.129063e-01 -7.247872e-01 -6.796585e-01
    outer loop
      vertex  1.145125e+04 -6.288427e+03  6.112699e+03
      vertex  1.157351e+04 -6.345009e+03  6.152728e+03
      vertex  1.145074e+04 -6.391731e+03  6.222948e+03
    endloop
  endfacet
  facet normal -2.262619e-01 -6.105208e-01 -7.589927e-01
    outer loop
      vertex  1.145242e+04 -4.299419e+03  4.410628e+03
      vertex  1.157441e+04 -4.225596e+03  4.314879e+03
      vertex  1.157623e+04 -4.582378e+03  4.601327e+03
    endloop
  endfacet
  facet normal -4.706369e-02 -8.976370e-01 -4.382157e-01
    outer loop
      vertex  1.144678e+04 -7.315726e+03  7.517316e+03
      vertex  1.156859e+04 -7.322736e+03  7.518592e+03
      vertex  1.156870e+04 -7.421810e+03  7.721522e+03
    endloop
  endfacet
  facet normal -1.134863e-01 -7.275500e-01 -6.766033e-01
    outer loop
      vertex  1.131321e+04 -6.332110e+03  6.181302e+03
      vertex  1.138189e+04 -6.383210e+03  6.224730e+03
      vertex  1.131282e+04 -6.427775e+03  6.284235e+03
    endloop
  endfacet
  facet normal -1.439541e-01 -6.817400e-01 -7.172920e-01
    outer loop
      vertex  1.131471e+04 -5.902579e+03  5.758399e+03
      vertex  1.138358e+04 -5.967750e+03  5.806519e+03
      vertex  1.131402e+04 -6.114961e+03  5.960393e+03
    endloop
  endfacet
  facet normal -4.106875e-02 -8.744602e-01 -4.833558e-01
    outer loop
      vertex  1.137843e+04 -7.203149e+03  7.320071e+03
      vertex  1.137830e+04 -7.311053e+03  7.515295e+03
      vertex  1.130987e+04 -7.296028e+03  7.493928e+03
    endloop
  endfacet
  facet normal -6.388023e-02 -8.695354e-01 -4.897219e-01
    outer loop
      vertex  1.131000e+04 -7.184002e+03  7.295001e+03
      vertex  1.137843e+04 -7.203149e+03  7.320071e+03
      vertex  1.130987e+04 -7.296028e+03  7.493928e+03
    endloop
  endfacet
  facet normal -4.872904e-02 -8.534905e-01 -5.188250e-01
    outer loop
      vertex  1.137874e+04 -7.088091e+03  7.130766e+03
      vertex  1.137843e+04 -7.203149e+03  7.320071e+03
      vertex  1.131000e+04 -7.184002e+03  7.295001e+03
    endloop
  endfacet
  facet normal -7.315501e-02 -8.475819e-01 -5.255981e-01
    outer loop
      vertex  1.131030e+04 -7.064507e+03  7.102261e+03
      vertex  1.137874e+04 -7.088091e+03  7.130766e+03
      vertex  1.131000e+04 -7.184002e+03  7.295001e+03
    endloop
  endfacet
  facet normal -5.672897e-02 -8.318807e-01 -5.520473e-01
    outer loop
      vertex  1.137919e+04 -6.966303e+03  6.947197e+03
      vertex  1.137874e+04 -7.088091e+03  7.130766e+03
      vertex  1.131030e+04 -7.064507e+03  7.102261e+03
    endloop
  endfacet
  facet normal -8.226892e-02 -8.250360e-01 -5.590594e-01
    outer loop
      vertex  1.131073e+04 -6.938006e+03  6.915513e+03
      vertex  1.137919e+04 -6.966303e+03  6.947197e+03
      vertex  1.131030e+04 -7.064507e+03  7.102261e+03
    endloop
  endfacet
  facet normal -6.503259e-02 -8.099721e-01 -5.828517e-01
    outer loop
      vertex  1.137975e+04 -6.838246e+03  6.769178e+03
      vertex  1.137919e+04 -6.966303e+03  6.947197e+03
      vertex  1.131073e+04 -6.938006e+03  6.915513e+03
    endloop
  endfacet
  facet normal -9.117381e-02 -8.022833e-01 -5.899396e-01
    outer loop
      vertex  1.131125e+04 -6.805003e+03  6.734556e+03
      vertex  1.137975e+04 -6.838246e+03  6.769178e+03
      vertex  1.131073e+04 -6.938006e+03  6.915513e+03
    endloop
  endfacet
  facet normal -7.358085e-02 -7.881019e-01 -6.111311e-01
    outer loop
      vertex  1.138037e+04 -6.704414e+03  6.596516e+03
      vertex  1.137975e+04 -6.838246e+03  6.769178e+03
      vertex  1.131125e+04 -6.805003e+03  6.734556e+03
    endloop
  endfacet
  facet normal -9.985051e-02 -7.796887e-01 -6.181550e-01
    outer loop
      vertex  1.131183e+04 -6.666036e+03  6.559181e+03
      vertex  1.138037e+04 -6.704414e+03  6.596516e+03
      vertex  1.131125e+04 -6.805003e+03  6.734556e+03
    endloop
  endfacet
  facet normal -1.063306e-01 -7.260914e-01 -6.793270e-01
    outer loop
      vertex  1.124434e+04 -6.325106e+03  6.185262e+03
      vertex  1.124401e+04 -6.420521e+03  6.287297e+03
      vertex  1.117527e+04 -6.388637e+03  6.263978e+03
    endloop
  endfacet
  facet normal -1.181685e-01 -6.992924e-01 -7.050010e-01
    outer loop
      vertex  1.124504e+04 -6.106121e+03  5.963859e+03
      vertex  1.124470e+04 -6.216495e+03  6.073397e+03
      vertex  1.117581e+04 -6.193142e+03  6.061780e+03
    endloop
  endfacet
  facet normal -1.410078e-01 -6.884127e-01 -7.114806e-01
    outer loop
      vertex  1.117631e+04 -5.992028e+03  5.867088e+03
      vertex  1.124504e+04 -6.106121e+03  5.963859e+03
      vertex  1.117581e+04 -6.193142e+03  6.061780e+03
    endloop
  endfacet
  facet normal -1.156681e-01 -6.821078e-01 -7.220455e-01
    outer loop
      vertex  1.117631e+04 -5.992028e+03  5.867088e+03
      vertex  1.124563e+04 -5.893067e+03  5.762495e+03
      vertex  1.124504e+04 -6.106121e+03  5.963859e+03
    endloop
  endfacet
  facet normal -1.421953e-01 -6.702377e-01 -7.283970e-01
    outer loop
      vertex  1.117662e+04 -5.845052e+03  5.731786e+03
      vertex  1.124563e+04 -5.893067e+03  5.762495e+03
      vertex  1.117631e+04 -5.992028e+03  5.867088e+03
    endloop
  endfacet
  facet normal -3.304131e-02 -9.069349e-01 -4.199729e-01
    outer loop
      vertex  1.117316e+04 -7.406894e+03  7.725773e+03
      vertex  1.124152e+04 -7.396289e+03  7.697492e+03
      vertex  1.124170e+04 -7.469374e+03  7.855305e+03
    endloop
  endfacet
  facet normal -4.330730e-02 -8.844830e-01 -4.645582e-01
    outer loop
      vertex  1.117308e+04 -7.308072e+03  7.530448e+03
      vertex  1.124146e+04 -7.291636e+03  7.492782e+03
      vertex  1.124146e+04 -7.344973e+03  7.594331e+03
    endloop
  endfacet
  facet normal -5.908621e-02 -8.711795e-01 -4.873962e-01
    outer loop
      vertex  1.124146e+04 -7.291636e+03  7.492782e+03
      vertex  1.117308e+04 -7.308072e+03  7.530448e+03
      vertex  1.117315e+04 -7.202032e+03  7.340902e+03
    endloop
  endfacet
  facet normal -4.356330e-02 -8.689144e-01 -4.930416e-01
    outer loop
      vertex  1.117315e+04 -7.202032e+03  7.340902e+03
      vertex  1.124157e+04 -7.179093e+03  7.294431e+03
      vertex  1.124146e+04 -7.291636e+03  7.492782e+03
    endloop
  endfacet
  facet normal -6.947983e-02 -8.501483e-01 -5.219390e-01
    outer loop
      vertex  1.124157e+04 -7.179093e+03  7.294431e+03
      vertex  1.117315e+04 -7.202032e+03  7.340902e+03
      vertex  1.117332e+04 -7.089129e+03  7.156980e+03
    endloop
  endfacet
  facet normal -5.108880e-02 -8.470540e-01 -5.290457e-01
    outer loop
      vertex  1.117332e+04 -7.089129e+03  7.156980e+03
      vertex  1.124183e+04 -7.059081e+03  7.102254e+03
      vertex  1.124157e+04 -7.179093e+03  7.294431e+03
    endloop
  endfacet
  facet normal -7.940254e-02 -8.285138e-01 -5.543105e-01
    outer loop
      vertex  1.124183e+04 -7.059081e+03  7.102254e+03
      vertex  1.117332e+04 -7.089129e+03  7.156980e+03
      vertex  1.117359e+04 -6.969756e+03  6.978519e+03
    endloop
  endfacet
  facet normal -5.918439e-02 -8.245890e-01 -5.626280e-01
    outer loop
      vertex  1.117359e+04 -6.969756e+03  6.978519e+03
      vertex  1.124220e+04 -6.932064e+03  6.916059e+03
      vertex  1.124183e+04 -7.059081e+03  7.102254e+03
    endloop
  endfacet
  facet normal -8.883556e-02 -8.066203e-01 -5.843560e-01
    outer loop
      vertex  1.124220e+04 -6.932064e+03  6.916059e+03
      vertex  1.117359e+04 -6.969756e+03  6.978519e+03
      vertex  1.117392e+04 -6.844337e+03  6.805344e+03
    endloop
  endfacet
  facet normal -6.774569e-02 -8.018922e-01 -5.936157e-01
    outer loop
      vertex  1.117392e+04 -6.844337e+03  6.805344e+03
      vertex  1.124265e+04 -6.798545e+03  6.735643e+03
      vertex  1.124220e+04 -6.932064e+03  6.916059e+03
    endloop
  endfacet
  facet normal -9.778151e-02 -7.847921e-01 -6.119969e-01
    outer loop
      vertex  1.124265e+04 -6.798545e+03  6.735643e+03
      vertex  1.117392e+04 -6.844337e+03  6.805344e+03
      vertex  1.117430e+04 -6.713326e+03  6.637282e+03
    endloop
  endfacet
  facet normal -1.323009e-01 -7.041728e-01 -6.975937e-01
    outer loop
      vertex  1.108397e+04 -6.134484e+03  6.019986e+03
      vertex  1.117581e+04 -6.193142e+03  6.061780e+03
      vertex  1.108359e+04 -6.337090e+03  6.224576e+03
    endloop
  endfacet
  facet normal -1.163244e-01 -6.906720e-01 -7.137513e-01
    outer loop
      vertex  1.117631e+04 -5.992028e+03  5.867088e+03
      vertex  1.117581e+04 -6.193142e+03  6.061780e+03
      vertex  1.108397e+04 -6.134484e+03  6.019986e+03
    endloop
  endfacet
  facet normal -1.917670e-01 -5.982386e-01 -7.780334e-01
    outer loop
      vertex  1.117698e+04 -4.542097e+03  4.674058e+03
      vertex  1.108476e+04 -4.592772e+03  4.735751e+03
      vertex  1.108429e+04 -4.264506e+03  4.483461e+03
    endloop
  endfacet
  facet normal -2.092489e-01 -6.000234e-01 -7.721313e-01
    outer loop
      vertex  1.108429e+04 -4.264506e+03  4.483461e+03
      vertex  1.117605e+04 -4.154967e+03  4.373471e+03
      vertex  1.117698e+04 -4.542097e+03  4.674058e+03
    endloop
  endfacet
  facet normal -2.025866e-01 -6.041534e-01 -7.706863e-01
    outer loop
      vertex  1.108384e+04 -4.055831e+03  4.319994e+03
      vertex  1.117605e+04 -4.154967e+03  4.373471e+03
      vertex  1.108429e+04 -4.264506e+03  4.483461e+03
    endloop
  endfacet
  facet normal -2.134581e-01 -6.101240e-01 -7.630101e-01
    outer loop
      vertex  1.117605e+04 -4.154967e+03  4.373471e+03
      vertex  1.108384e+04 -4.055831e+03  4.319994e+03
      vertex  1.117537e+04 -3.963343e+03  4.220432e+03
    endloop
  endfacet
  facet normal -2.380555e-02 -9.314793e-01 -3.630148e-01
    outer loop
      vertex  1.108238e+04 -7.547990e+03  8.054017e+03
      vertex  1.117360e+04 -7.541406e+03  8.031140e+03
      vertex  1.117385e+04 -7.582599e+03  8.136822e+03
    endloop
  endfacet
  facet normal -4.151724e-02 -9.023305e-01 -4.290408e-01
    outer loop
      vertex  1.108203e+04 -7.394616e+03  7.708770e+03
      vertex  1.117316e+04 -7.406894e+03  7.725773e+03
      vertex  1.108209e+04 -7.442993e+03  7.810506e+03
    endloop
  endfacet
  facet normal -5.348434e-02 -8.873575e-01 -4.579693e-01
    outer loop
      vertex  1.108198e+04 -7.291987e+03  7.509922e+03
      vertex  1.117308e+04 -7.308072e+03  7.530448e+03
      vertex  1.108203e+04 -7.394616e+03  7.708770e+03
    endloop
  endfacet
  facet normal -4.403335e-02 -8.718599e-01 -4.877718e-01
    outer loop
      vertex  1.117315e+04 -7.202032e+03  7.340902e+03
      vertex  1.117308e+04 -7.308072e+03  7.530448e+03
      vertex  1.108198e+04 -7.291987e+03  7.509922e+03
    endloop
  endfacet
  facet normal -6.295761e-02 -8.665282e-01 -4.951415e-01
    outer loop
      vertex  1.108204e+04 -7.181816e+03  7.317109e+03
      vertex  1.117315e+04 -7.202032e+03  7.340902e+03
      vertex  1.108198e+04 -7.291987e+03  7.509922e+03
    endloop
  endfacet
  facet normal -5.238446e-02 -8.510451e-01 -5.224732e-01
    outer loop
      vertex  1.117332e+04 -7.089129e+03  7.156980e+03
      vertex  1.117315e+04 -7.202032e+03  7.340902e+03
      vertex  1.108204e+04 -7.181816e+03  7.317109e+03
    endloop
  endfacet
  facet normal -7.233451e-02 -8.447719e-01 -5.302152e-01
    outer loop
      vertex  1.108217e+04 -7.064492e+03  7.130162e+03
      vertex  1.117332e+04 -7.089129e+03  7.156980e+03
      vertex  1.108204e+04 -7.181816e+03  7.317109e+03
    endloop
  endfacet
  facet normal -6.093910e-02 -8.296061e-01 -5.550136e-01
    outer loop
      vertex  1.117359e+04 -6.969756e+03  6.978519e+03
      vertex  1.117332e+04 -7.089129e+03  7.156980e+03
      vertex  1.108217e+04 -7.064492e+03  7.130162e+03
    endloop
  endfacet
  facet normal -8.155183e-02 -8.224462e-01 -5.629667e-01
    outer loop
      vertex  1.108237e+04 -6.940442e+03  6.948906e+03
      vertex  1.117359e+04 -6.969756e+03  6.978519e+03
      vertex  1.108217e+04 -7.064492e+03  7.130162e+03
    endloop
  endfacet
  facet normal -6.964208e-02 -8.078735e-01 -5.852267e-01
    outer loop
      vertex  1.117392e+04 -6.844337e+03  6.805344e+03
      vertex  1.117359e+04 -6.969756e+03  6.978519e+03
      vertex  1.108237e+04 -6.940442e+03  6.948906e+03
    endloop
  endfacet
  facet normal -9.056342e-02 -7.999150e-01 -5.932404e-01
    outer loop
      vertex  1.108262e+04 -6.810128e+03  6.773156e+03
      vertex  1.117392e+04 -6.844337e+03  6.805344e+03
      vertex  1.108237e+04 -6.940442e+03  6.948906e+03
    endloop
  endfacet
  facet normal -7.843712e-02 -7.861629e-01 -6.130217e-01
    outer loop
      vertex  1.117430e+04 -6.713326e+03  6.637282e+03
      vertex  1.117392e+04 -6.844337e+03  6.805344e+03
      vertex  1.108262e+04 -6.810128e+03  6.773156e+03
    endloop
  endfacet
  facet normal -1.107776e-01 -7.060657e-01 -6.994280e-01
    outer loop
      vertex  1.108397e+04 -6.134484e+03  6.019986e+03
      vertex  1.108359e+04 -6.337090e+03  6.224576e+03
      vertex  1.099183e+04 -6.297151e+03  6.198791e+03
    endloop
  endfacet
  facet normal -1.891362e-01 -5.956312e-01 -7.806734e-01
    outer loop
      vertex  1.099234e+04 -4.474499e+03  4.667905e+03
      vertex  1.108476e+04 -4.592772e+03  4.735751e+03
      vertex  1.099249e+04 -4.790466e+03  4.908940e+03
    endloop
  endfacet
  facet normal -1.943159e-01 -5.979354e-01 -7.776341e-01
    outer loop
      vertex  1.108429e+04 -4.264506e+03  4.483461e+03
      vertex  1.108476e+04 -4.592772e+03  4.735751e+03
      vertex  1.099234e+04 -4.474499e+03  4.667905e+03
    endloop
  endfacet
  facet normal -1.917000e-01 -5.989591e-01 -7.774954e-01
    outer loop
      vertex  1.099203e+04 -4.134989e+03  4.406433e+03
      vertex  1.108429e+04 -4.264506e+03  4.483461e+03
      vertex  1.099234e+04 -4.474499e+03  4.667905e+03
    endloop
  endfacet
  facet normal -2.045950e-01 -6.038985e-01 -7.703554e-01
    outer loop
      vertex  1.099203e+04 -4.134989e+03  4.406433e+03
      vertex  1.108384e+04 -4.055831e+03  4.319994e+03
      vertex  1.108429e+04 -4.264506e+03  4.483461e+03
    endloop
  endfacet
  facet normal -1.985190e-01 -6.086207e-01 -7.682260e-01
    outer loop
      vertex  1.099203e+04 -4.134989e+03  4.406433e+03
      vertex  1.099178e+04 -3.941586e+03  4.253275e+03
      vertex  1.108384e+04 -4.055831e+03  4.319994e+03
    endloop
  endfacet
  facet normal -2.900735e-02 -9.278321e-01 -3.718684e-01
    outer loop
      vertex  1.099114e+04 -7.531254e+03  8.019376e+03
      vertex  1.108238e+04 -7.547990e+03  8.054017e+03
      vertex  1.099123e+04 -7.573404e+03  8.124535e+03
    endloop
  endfacet
  facet normal -4.019367e-02 -9.023790e-01 -4.290648e-01
    outer loop
      vertex  1.099098e+04 -7.392988e+03  7.713875e+03
      vertex  1.108203e+04 -7.394616e+03  7.708770e+03
      vertex  1.108209e+04 -7.442993e+03  7.810506e+03
    endloop
  endfacet
  facet normal -4.168298e-02 -8.865995e-01 -4.606561e-01
    outer loop
      vertex  1.108203e+04 -7.394616e+03  7.708770e+03
      vertex  1.099098e+04 -7.392988e+03  7.713875e+03
      vertex  1.099095e+04 -7.291210e+03  7.517991e+03
    endloop
  endfacet
  facet normal -1.048698e-01 -7.712048e-01 -6.278898e-01
    outer loop
      vertex  1.099147e+04 -6.633718e+03  6.568457e+03
      vertex  1.108290e+04 -6.674046e+03  6.602720e+03
      vertex  1.099130e+04 -6.792245e+03  6.763195e+03
    endloop
  endfacet
  facet normal -9.994113e-02 -7.616479e-01 -6.402376e-01
    outer loop
      vertex  1.241160e+04 -6.600000e+03  6.313000e+03
      vertex  1.229986e+04 -6.585337e+03  6.313000e+03
      vertex  1.218556e+04 -6.466396e+03  6.189346e+03
    endloop
  endfacet
  facet normal -1.059117e-01 -7.660132e-01 -6.340397e-01
    outer loop
      vertex  1.241160e+04 -6.600000e+03  6.313000e+03
      vertex  1.218556e+04 -6.466396e+03  6.189346e+03
      vertex  1.234651e+04 -6.462628e+03  6.157908e+03
    endloop
  endfacet
  facet normal -1.138892e-01 -7.669492e-01 -6.315206e-01
    outer loop
      vertex  1.241160e+04 -6.600000e+03  6.313000e+03
      vertex  1.234651e+04 -6.462628e+03  6.157908e+03
      vertex  1.250673e+04 -6.542771e+03  6.226343e+03
    endloop
  endfacet
  facet normal -9.318953e-02 -7.807209e-01 -6.178921e-01
    outer loop
      vertex  1.241160e+04 -6.600000e+03  6.313000e+03
      vertex  1.250673e+04 -6.542771e+03  6.226343e+03
      vertex  1.250536e+04 -6.691777e+03  6.414822e+03
    endloop
  endfacet
  facet normal -9.612111e-02 -7.817588e-01 -6.161281e-01
    outer loop
      vertex  1.241160e+04 -6.600000e+03  6.313000e+03
      vertex  1.250536e+04 -6.691777e+03  6.414822e+03
      vertex  1.234512e+04 -6.621140e+03  6.350194e+03
    endloop
  endfacet
  facet normal -9.685589e-02 -7.809807e-01 -6.169991e-01
    outer loop
      vertex  1.241160e+04 -6.600000e+03  6.313000e+03
      vertex  1.234512e+04 -6.621140e+03  6.350194e+03
      vertex  1.218422e+04 -6.623486e+03  6.378422e+03
    endloop
  endfacet
  facet normal -9.990931e-02 -7.740927e-01 -6.251388e-01
    outer loop
      vertex  1.241160e+04 -6.600000e+03  6.313000e+03
      vertex  1.218422e+04 -6.623486e+03  6.378422e+03
      vertex  1.217758e+04 -6.600000e+03  6.350400e+03
    endloop
  endfacet
  facet normal -3.840964e-01 -8.043143e-01 -4.533746e-01
    outer loop
      vertex  1.410497e+04 -3.930000e+03  2.500000e+03
      vertex  1.361384e+04 -3.695467e+03  2.500000e+03
      vertex  1.376329e+04 -3.737974e+03  2.448805e+03
    endloop
  endfacet
  facet normal -3.696394e-01 -7.886902e-01 -4.912582e-01
    outer loop
      vertex  1.410497e+04 -3.930000e+03  2.500000e+03
      vertex  1.376329e+04 -3.737974e+03  2.448805e+03
      vertex  1.408291e+04 -3.901704e+03  2.471166e+03
    endloop
  endfacet
  facet normal -3.652377e-01 -7.886571e-01 -4.945921e-01
    outer loop
      vertex  1.410497e+04 -3.930000e+03  2.500000e+03
      vertex  1.408291e+04 -3.901704e+03  2.471166e+03
      vertex  1.440175e+04 -4.041660e+03  2.458886e+03
    endloop
  endfacet
  facet normal -3.630499e-01 -7.738692e-01 -5.189617e-01
    outer loop
      vertex  1.410497e+04 -3.930000e+03  2.500000e+03
      vertex  1.440175e+04 -4.041660e+03  2.458886e+03
      vertex  1.440017e+04 -4.169658e+03  2.650864e+03
    endloop
  endfacet
  facet normal -3.787866e-01 -7.800661e-01 -4.980136e-01
    outer loop
      vertex  1.410497e+04 -3.930000e+03  2.500000e+03
      vertex  1.440017e+04 -4.169658e+03  2.650864e+03
      vertex  1.408215e+04 -4.004708e+03  2.634371e+03
    endloop
  endfacet
  facet normal -3.808521e-01 -7.791582e-01 -4.978595e-01
    outer loop
      vertex  1.410497e+04 -3.930000e+03  2.500000e+03
      vertex  1.408215e+04 -4.004708e+03  2.634371e+03
      vertex  1.395761e+04 -3.930000e+03  2.612725e+03
    endloop
  endfacet
  facet normal -3.467275e-02 -9.977428e-01 -5.750625e-02
    outer loop
      vertex  1.811870e+04 -7.912514e+03  8.714587e+03
      vertex  1.763763e+04 -7.894332e+03  8.689174e+03
      vertex  1.770092e+04 -7.886983e+03  8.523521e+03
    endloop
  endfacet
  facet normal -3.517635e-02 -9.977878e-01 -5.641107e-02
    outer loop
      vertex  1.811870e+04 -7.912514e+03  8.714587e+03
      vertex  1.770092e+04 -7.886983e+03  8.523521e+03
      vertex  1.782881e+04 -7.882507e+03  8.364600e+03
    endloop
  endfacet
  facet normal -4.783513e-02 -9.977988e-01 -4.592689e-02
    outer loop
      vertex  1.811870e+04 -7.912514e+03  8.714587e+03
      vertex  1.782881e+04 -7.882507e+03  8.364600e+03
      vertex  1.802140e+04 -7.891633e+03  8.362272e+03
    endloop
  endfacet
  facet normal -4.739926e-02 -9.978141e-01 -4.604818e-02
    outer loop
      vertex  1.811870e+04 -7.912514e+03  8.714587e+03
      vertex  1.802140e+04 -7.891633e+03  8.362272e+03
      vertex  1.821408e+04 -7.901393e+03  8.375419e+03
    endloop
  endfacet
  facet normal -4.498467e-02 -9.979566e-01 -4.537385e-02
    outer loop
      vertex  1.811870e+04 -7.912514e+03  8.714587e+03
      vertex  1.821408e+04 -7.901393e+03  8.375419e+03
      vertex  1.840684e+04 -7.910660e+03  8.388141e+03
    endloop
  endfacet
  facet normal -3.563641e-02 -9.986749e-01 -3.712661e-02
    outer loop
      vertex  1.811870e+04 -7.912514e+03  8.714587e+03
      vertex  1.840684e+04 -7.910660e+03  8.388141e+03
      vertex  1.859979e+04 -7.930626e+03  8.740000e+03
    endloop
  endfacet
  facet normal -2.838443e-01 -7.744997e-01 -5.653166e-01
    outer loop
      vertex  1.654207e+04 -4.311550e+03  1.600000e+03
      vertex  1.730391e+04 -4.590754e+03  1.600000e+03
      vertex  1.703495e+04 -4.568451e+03  1.704486e+03
    endloop
  endfacet
  facet normal -3.197080e-01 -8.119912e-01 -4.883206e-01
    outer loop
      vertex  1.654207e+04 -4.311550e+03  1.600000e+03
      vertex  1.703495e+04 -4.568451e+03  1.704486e+03
      vertex  1.678138e+04 -4.442290e+03  1.660720e+03
    endloop
  endfacet
  facet normal -2.912716e-01 -7.862452e-01 -5.449582e-01
    outer loop
      vertex  1.654207e+04 -4.311550e+03  1.600000e+03
      vertex  1.678138e+04 -4.442290e+03  1.660720e+03
      vertex  1.652512e+04 -4.359575e+03  1.678349e+03
    endloop
  endfacet
  facet normal -2.922074e-01 -7.859029e-01 -5.449508e-01
    outer loop
      vertex  1.654207e+04 -4.311550e+03  1.600000e+03
      vertex  1.652512e+04 -4.359575e+03  1.678349e+03
      vertex  1.627024e+04 -4.263056e+03  1.675822e+03
    endloop
  endfacet
  facet normal -2.922439e-01 -7.857156e-01 -5.452012e-01
    outer loop
      vertex  1.654207e+04 -4.311550e+03  1.600000e+03
      vertex  1.627024e+04 -4.263056e+03  1.675822e+03
      vertex  1.601479e+04 -4.176863e+03  1.688535e+03
    endloop
  endfacet
  facet normal -2.922930e-01 -7.905123e-01 -5.381963e-01
    outer loop
      vertex  1.654207e+04 -4.311550e+03  1.600000e+03
      vertex  1.601479e+04 -4.176863e+03  1.688535e+03
      vertex  1.585706e+04 -4.115308e+03  1.683783e+03
    endloop
  endfacet
  facet normal -2.936128e-01 -8.043966e-01 -5.164665e-01
    outer loop
      vertex  1.654207e+04 -4.311550e+03  1.600000e+03
      vertex  1.585706e+04 -4.115308e+03  1.683783e+03
      vertex  1.576093e+04 -4.026426e+03  1.600000e+03
    endloop
  endfacet
  facet normal -2.895415e-02 -9.868954e-01 -1.587420e-01
    outer loop
      vertex  1.619433e+04 -7.839616e+03  8.612927e+03
      vertex  1.571313e+04 -7.821410e+03  8.587507e+03
      vertex  1.571485e+04 -7.786764e+03  8.371802e+03
    endloop
  endfacet
  facet normal -3.670313e-02 -9.889290e-01 -1.437790e-01
    outer loop
      vertex  1.619433e+04 -7.839616e+03  8.612927e+03
      vertex  1.571485e+04 -7.786764e+03  8.371802e+03
      vertex  1.587384e+04 -7.789320e+03  8.348798e+03
    endloop
  endfacet
  facet normal -4.209670e-02 -9.896253e-01 -1.373672e-01
    outer loop
      vertex  1.619433e+04 -7.839616e+03  8.612927e+03
      vertex  1.587384e+04 -7.789320e+03  8.348798e+03
      vertex  1.603288e+04 -7.796299e+03  8.350334e+03
    endloop
  endfacet
  facet normal -4.438054e-02 -9.897172e-01 -1.359781e-01
    outer loop
      vertex  1.619433e+04 -7.839616e+03  8.612927e+03
      vertex  1.603288e+04 -7.796299e+03  8.350334e+03
      vertex  1.628983e+04 -7.825036e+03  8.475635e+03
    endloop
  endfacet
  facet normal -3.801133e-02 -9.905688e-01 -1.316380e-01
    outer loop
      vertex  1.619433e+04 -7.839616e+03  8.612927e+03
      vertex  1.628983e+04 -7.825036e+03  8.475635e+03
      vertex  1.654639e+04 -7.836422e+03  8.487231e+03
    endloop
  endfacet
  facet normal -3.163258e-02 -9.929962e-01 -1.138330e-01
    outer loop
      vertex  1.619433e+04 -7.839616e+03  8.612927e+03
      vertex  1.654639e+04 -7.836422e+03  8.487231e+03
      vertex  1.667546e+04 -7.857857e+03  8.638345e+03
    endloop
  endfacet
  facet normal -4.056736e-01 -8.295652e-01 -3.837321e-01
    outer loop
      vertex  1.327553e+04 -3.531027e+03  2.500000e+03
      vertex  1.300000e+04 -3.396289e+03  2.500000e+03
      vertex  1.300000e+04 -3.369850e+03  2.442842e+03
    endloop
  endfacet
  facet normal -3.965422e-01 -8.224810e-01 -4.077735e-01
    outer loop
      vertex  1.327553e+04 -3.531027e+03  2.500000e+03
      vertex  1.300000e+04 -3.369850e+03  2.442842e+03
      vertex  1.312145e+04 -3.424583e+03  2.435132e+03
    endloop
  endfacet
  facet normal -3.943242e-01 -8.216236e-01 -4.116347e-01
    outer loop
      vertex  1.327553e+04 -3.531027e+03  2.500000e+03
      vertex  1.312145e+04 -3.424583e+03  2.435132e+03
      vertex  1.328213e+04 -3.493269e+03  2.418314e+03
    endloop
  endfacet
  facet normal -3.981321e-01 -8.200060e-01 -4.111947e-01
    outer loop
      vertex  1.327553e+04 -3.531027e+03  2.500000e+03
      vertex  1.328213e+04 -3.493269e+03  2.418314e+03
      vertex  1.344264e+04 -3.607596e+03  2.490888e+03
    endloop
  endfacet
  facet normal -3.971903e-01 -8.171784e-01 -4.176829e-01
    outer loop
      vertex  1.327553e+04 -3.531027e+03  2.500000e+03
      vertex  1.344264e+04 -3.607596e+03  2.490888e+03
      vertex  1.361384e+04 -3.695467e+03  2.500000e+03
    endloop
  endfacet
  facet normal -1.911152e-02 -9.585872e-01 -2.841573e-01
    outer loop
      vertex  1.303833e+04 -7.722221e+03  8.446240e+03
      vertex  1.218235e+04 -7.691761e+03  8.401055e+03
      vertex  1.234154e+04 -7.652770e+03  8.258815e+03
    endloop
  endfacet
  facet normal -2.734905e-02 -9.661965e-01 -2.563518e-01
    outer loop
      vertex  1.303833e+04 -7.722221e+03  8.446240e+03
      vertex  1.234154e+04 -7.652770e+03  8.258815e+03
      vertex  1.250205e+04 -7.660873e+03  8.272231e+03
    endloop
  endfacet
  facet normal -2.531103e-02 -9.647067e-01 -2.621076e-01
    outer loop
      vertex  1.303833e+04 -7.722221e+03  8.446240e+03
      vertex  1.250205e+04 -7.660873e+03  8.272231e+03
      vertex  1.266253e+04 -7.666625e+03  8.277904e+03
    endloop
  endfacet
  facet normal -2.248152e-02 -9.631788e-01 -2.679198e-01
    outer loop
      vertex  1.303833e+04 -7.722221e+03  8.446240e+03
      vertex  1.266253e+04 -7.666625e+03  8.277904e+03
      vertex  1.278277e+04 -7.665011e+03  8.262012e+03
    endloop
  endfacet
  facet normal -9.508239e-02 -9.803999e-01 -1.725552e-01
    outer loop
      vertex  1.303833e+04 -7.722221e+03  8.446240e+03
      vertex  1.278277e+04 -7.665011e+03  8.262012e+03
      vertex  1.290370e+04 -7.690212e+03  8.338563e+03
    endloop
  endfacet
  facet normal -2.244709e-02 -9.656215e-01 -2.589812e-01
    outer loop
      vertex  1.303833e+04 -7.722221e+03  8.446240e+03
      vertex  1.290370e+04 -7.690212e+03  8.338563e+03
      vertex  1.314406e+04 -7.681525e+03  8.285341e+03
    endloop
  endfacet
  facet normal -2.688307e-02 -9.647793e-01 -2.616830e-01
    outer loop
      vertex  1.303833e+04 -7.722221e+03  8.446240e+03
      vertex  1.314406e+04 -7.681525e+03  8.285341e+03
      vertex  1.330508e+04 -7.706112e+03  8.359446e+03
    endloop
  endfacet
  facet normal -2.509726e-02 -9.662280e-01 -2.564635e-01
    outer loop
      vertex  1.303833e+04 -7.722221e+03  8.446240e+03
      vertex  1.330508e+04 -7.706112e+03  8.359446e+03
      vertex  1.346567e+04 -7.713363e+03  8.371050e+03
    endloop
  endfacet
  facet normal -2.246797e-02 -9.700242e-01 -2.419676e-01
    outer loop
      vertex  1.303833e+04 -7.722221e+03  8.446240e+03
      vertex  1.346567e+04 -7.713363e+03  8.371050e+03
      vertex  1.360910e+04 -7.742959e+03  8.476377e+03
    endloop
  endfacet
  facet normal -1.650449e-02 -9.502453e-01 -3.110653e-01
    outer loop
      vertex  1.218235e+04 -7.691761e+03  8.401055e+03
      vertex  1.154079e+04 -7.669535e+03  8.367199e+03
      vertex  1.157039e+04 -7.621810e+03  8.219838e+03
    endloop
  endfacet
  facet normal -2.376309e-02 -9.569870e-01 -2.891558e-01
    outer loop
      vertex  1.218235e+04 -7.691761e+03  8.401055e+03
      vertex  1.157039e+04 -7.621810e+03  8.219838e+03
      vertex  1.169246e+04 -7.626754e+03  8.226170e+03
    endloop
  endfacet
  facet normal -2.285199e-02 -9.563109e-01 -2.914567e-01
    outer loop
      vertex  1.218235e+04 -7.691761e+03  8.401055e+03
      vertex  1.169246e+04 -7.626754e+03  8.226170e+03
      vertex  1.181454e+04 -7.630563e+03  8.229096e+03
    endloop
  endfacet
  facet normal -2.396961e-02 -9.569412e-01 -2.892905e-01
    outer loop
      vertex  1.218235e+04 -7.691761e+03  8.401055e+03
      vertex  1.181454e+04 -7.630563e+03  8.229096e+03
      vertex  1.190304e+04 -7.634243e+03  8.233936e+03
    endloop
  endfacet
  facet normal -2.399100e-02 -9.569505e-01 -2.892579e-01
    outer loop
      vertex  1.218235e+04 -7.691761e+03  8.401055e+03
      vertex  1.190304e+04 -7.634243e+03  8.233936e+03
      vertex  1.199155e+04 -7.637952e+03  8.238863e+03
    endloop
  endfacet
  facet normal -6.095348e-02 -9.665902e-01 -2.489739e-01
    outer loop
      vertex  1.218235e+04 -7.691761e+03  8.401055e+03
      vertex  1.199155e+04 -7.637952e+03  8.238863e+03
      vertex  1.208675e+04 -7.660300e+03  8.302318e+03
    endloop
  endfacet
  facet normal -1.651126e-02 -9.571847e-01 -2.890069e-01
    outer loop
      vertex  1.218235e+04 -7.691761e+03  8.401055e+03
      vertex  1.208675e+04 -7.660300e+03  8.302318e+03
      vertex  1.218112e+04 -7.647113e+03  8.253252e+03
    endloop
  endfacet
  facet normal -2.373146e-02 -9.570622e-01 -2.889097e-01
    outer loop
      vertex  1.218235e+04 -7.691761e+03  8.401055e+03
      vertex  1.218112e+04 -7.647113e+03  8.253252e+03
      vertex  1.234154e+04 -7.652770e+03  8.258815e+03
    endloop
  endfacet
  facet normal -1.045109e-01 -7.348519e-01 -6.701269e-01
    outer loop
      vertex  1.141140e+04 -6.467767e+03  6.313000e+03
      vertex  1.122421e+04 -6.441145e+03  6.313000e+03
      vertex  1.124401e+04 -6.420521e+03  6.287297e+03
    endloop
  endfacet
  facet normal -1.076431e-01 -7.416062e-01 -6.621428e-01
    outer loop
      vertex  1.141140e+04 -6.467767e+03  6.313000e+03
      vertex  1.124401e+04 -6.420521e+03  6.287297e+03
      vertex  1.131282e+04 -6.427775e+03  6.284235e+03
    endloop
  endfacet
  facet normal -1.027865e-01 -7.352529e-01 -6.699538e-01
    outer loop
      vertex  1.141140e+04 -6.467767e+03  6.313000e+03
      vertex  1.131282e+04 -6.427775e+03  6.284235e+03
      vertex  1.138189e+04 -6.383210e+03  6.224730e+03
    endloop
  endfacet
  facet normal -1.083635e-01 -7.357319e-01 -6.685477e-01
    outer loop
      vertex  1.141140e+04 -6.467767e+03  6.313000e+03
      vertex  1.138189e+04 -6.383210e+03  6.224730e+03
      vertex  1.145074e+04 -6.391731e+03  6.222948e+03
    endloop
  endfacet
  facet normal -1.007134e-01 -7.380623e-01 -6.671737e-01
    outer loop
      vertex  1.141140e+04 -6.467767e+03  6.313000e+03
      vertex  1.145074e+04 -6.391731e+03  6.222948e+03
      vertex  1.157351e+04 -6.345009e+03  6.152728e+03
    endloop
  endfacet
  facet normal -1.009506e-01 -7.379150e-01 -6.673009e-01
    outer loop
      vertex  1.141140e+04 -6.467767e+03  6.313000e+03
      vertex  1.157351e+04 -6.345009e+03  6.152728e+03
      vertex  1.159872e+04 -6.493393e+03  6.313000e+03
    endloop
  endfacet
  facet normal -1.431224e-02 -9.434251e-01 -3.312768e-01
    outer loop
      vertex  1.154079e+04 -7.669535e+03  8.367199e+03
      vertex  1.090000e+04 -7.647943e+03  8.333394e+03
      vertex  1.099134e+04 -7.613230e+03  8.230589e+03
    endloop
  endfacet
  facet normal -2.119839e-02 -9.515025e-01 -3.069097e-01
    outer loop
      vertex  1.154079e+04 -7.669535e+03  8.367199e+03
      vertex  1.099134e+04 -7.613230e+03  8.230589e+03
      vertex  1.117415e+04 -7.620849e+03  8.241584e+03
    endloop
  endfacet
  facet normal -1.252861e-02 -9.441230e-01 -3.293550e-01
    outer loop
      vertex  1.154079e+04 -7.669535e+03  8.367199e+03
      vertex  1.117415e+04 -7.620849e+03  8.241584e+03
      vertex  1.124251e+04 -7.601055e+03  8.182241e+03
    endloop
  endfacet
  facet normal -2.314335e-02 -9.491131e-01 -3.140838e-01
    outer loop
      vertex  1.154079e+04 -7.669535e+03  8.367199e+03
      vertex  1.124251e+04 -7.601055e+03  8.182241e+03
      vertex  1.131107e+04 -7.603763e+03  8.185374e+03
    endloop
  endfacet
  facet normal -3.717318e-02 -9.538224e-01 -2.980618e-01
    outer loop
      vertex  1.154079e+04 -7.669535e+03  8.367199e+03
      vertex  1.131107e+04 -7.603763e+03  8.185374e+03
      vertex  1.137976e+04 -7.614437e+03  8.210963e+03
    endloop
  endfacet
  facet normal -2.225148e-02 -9.498124e-01 -3.120277e-01
    outer loop
      vertex  1.154079e+04 -7.669535e+03  8.367199e+03
      vertex  1.137976e+04 -7.614437e+03  8.210963e+03
      vertex  1.144837e+04 -7.617144e+03  8.214312e+03
    endloop
  endfacet
  facet normal -2.218728e-02 -9.498022e-01 -3.120631e-01
    outer loop
      vertex  1.154079e+04 -7.669535e+03  8.367199e+03
      vertex  1.144837e+04 -7.617144e+03  8.214312e+03
      vertex  1.157039e+04 -7.621810e+03  8.219838e+03
    endloop
  endfacet
  facet normal -2.479232e-01 -7.498756e-01 -6.133683e-01
    outer loop
      vertex  1.818715e+04 -5.433192e+03  2.258254e+03
      vertex  1.819472e+04 -5.164716e+03  1.926970e+03
      vertex  1.839365e+04 -5.302510e+03  2.015020e+03
    endloop
  endfacet
  facet normal -2.574818e-01 -7.561584e-01 -6.016042e-01
    outer loop
      vertex  1.839365e+04 -5.302510e+03  2.015020e+03
      vertex  1.819472e+04 -5.164716e+03  1.926970e+03
      vertex  1.819868e+04 -5.033770e+03  1.760687e+03
    endloop
  endfacet
  facet normal -2.528729e-01 -7.554732e-01 -6.044133e-01
    outer loop
      vertex  1.839365e+04 -5.302510e+03  2.015020e+03
      vertex  1.819868e+04 -5.033770e+03  1.760687e+03
      vertex  1.839573e+04 -5.169906e+03  1.848404e+03
    endloop
  endfacet
  facet normal -2.658256e-01 -7.637768e-01 -5.882022e-01
    outer loop
      vertex  1.839573e+04 -5.169906e+03  1.848404e+03
      vertex  1.819868e+04 -5.033770e+03  1.760687e+03
      vertex  1.827068e+04 -4.935082e+03  1.600000e+03
    endloop
  endfacet
  facet normal -2.580582e-01 -7.635705e-01 -5.919173e-01
    outer loop
      vertex  1.839573e+04 -5.169906e+03  1.848404e+03
      vertex  1.827068e+04 -4.935082e+03  1.600000e+03
      vertex  1.859620e+04 -5.045092e+03  1.600000e+03
    endloop
  endfacet
  facet normal -2.543634e-01 -7.428584e-01 -6.192421e-01
    outer loop
      vertex  1.778694e+04 -5.294511e+03  2.258577e+03
      vertex  1.797597e+04 -5.679040e+03  2.642219e+03
      vertex  1.777621e+04 -5.571219e+03  2.594933e+03
    endloop
  endfacet
  facet normal -2.602832e-01 -7.493040e-01 -6.089305e-01
    outer loop
      vertex  1.777621e+04 -5.571219e+03  2.594933e+03
      vertex  1.797597e+04 -5.679040e+03  2.642219e+03
      vertex  1.797345e+04 -5.776655e+03  2.763419e+03
    endloop
  endfacet
  facet normal -2.586190e-01 -7.487975e-01 -6.102611e-01
    outer loop
      vertex  1.777621e+04 -5.571219e+03  2.594933e+03
      vertex  1.797345e+04 -5.776655e+03  2.763419e+03
      vertex  1.776885e+04 -5.821476e+03  2.905119e+03
    endloop
  endfacet
  facet normal -2.517734e-01 -7.569928e-01 -6.029693e-01
    outer loop
      vertex  1.776885e+04 -5.821476e+03  2.905119e+03
      vertex  1.797345e+04 -5.776655e+03  2.763419e+03
      vertex  1.797027e+04 -5.921255e+03  2.946282e+03
    endloop
  endfacet
  facet normal -2.536650e-01 -7.592887e-01 -5.992786e-01
    outer loop
      vertex  1.776885e+04 -5.821476e+03  2.905119e+03
      vertex  1.797027e+04 -5.921255e+03  2.946282e+03
      vertex  1.776617e+04 -5.944166e+03  3.061700e+03
    endloop
  endfacet
  facet normal -2.665421e-01 -7.432457e-01 -6.136294e-01
    outer loop
      vertex  1.797597e+04 -5.679040e+03  2.642219e+03
      vertex  1.778694e+04 -5.294511e+03  2.258577e+03
      vertex  1.798194e+04 -5.482180e+03  2.401187e+03
    endloop
  endfacet
  facet normal -2.638513e-01 -7.422480e-01 -6.159955e-01
    outer loop
      vertex  1.798194e+04 -5.482180e+03  2.401187e+03
      vertex  1.778694e+04 -5.294511e+03  2.258577e+03
      vertex  1.779525e+04 -5.112184e+03  2.035321e+03
    endloop
  endfacet
  facet normal -2.649573e-01 -7.422882e-01 -6.154721e-01
    outer loop
      vertex  1.798194e+04 -5.482180e+03  2.401187e+03
      vertex  1.779525e+04 -5.112184e+03  2.035321e+03
      vertex  1.799266e+04 -5.187818e+03  2.041558e+03
    endloop
  endfacet
  facet normal -2.668290e-01 -7.466673e-01 -6.093360e-01
    outer loop
      vertex  1.799266e+04 -5.187818e+03  2.041558e+03
      vertex  1.779525e+04 -5.112184e+03  2.035321e+03
      vertex  1.779963e+04 -5.022643e+03  1.923683e+03
    endloop
  endfacet
  facet normal -2.690129e-01 -7.476614e-01 -6.071528e-01
    outer loop
      vertex  1.799266e+04 -5.187818e+03  2.041558e+03
      vertex  1.779963e+04 -5.022643e+03  1.923683e+03
      vertex  1.799850e+04 -5.043847e+03  1.861679e+03
    endloop
  endfacet
  facet normal -2.669980e-01 -7.557868e-01 -5.979117e-01
    outer loop
      vertex  1.799850e+04 -5.043847e+03  1.861679e+03
      vertex  1.779963e+04 -5.022643e+03  1.923683e+03
      vertex  1.780854e+04 -4.848644e+03  1.699764e+03
    endloop
  endfacet
  facet normal -2.677805e-01 -7.560167e-01 -5.972708e-01
    outer loop
      vertex  1.799850e+04 -5.043847e+03  1.861679e+03
      vertex  1.780854e+04 -4.848644e+03  1.699764e+03
      vertex  1.800295e+04 -4.938474e+03  1.726306e+03
    endloop
  endfacet
  facet normal -2.737554e-01 -7.647959e-01 -5.832197e-01
    outer loop
      vertex  1.800295e+04 -4.938474e+03  1.726306e+03
      vertex  1.780854e+04 -4.848644e+03  1.699764e+03
      vertex  1.794709e+04 -4.822162e+03  1.600000e+03
    endloop
  endfacet
  facet normal -2.669036e-01 -7.648576e-01 -5.863064e-01
    outer loop
      vertex  1.800295e+04 -4.938474e+03  1.726306e+03
      vertex  1.794709e+04 -4.822162e+03  1.600000e+03
      vertex  1.827068e+04 -4.935082e+03  1.600000e+03
    endloop
  endfacet
  facet normal -2.723923e-01 -7.402495e-01 -6.146815e-01
    outer loop
      vertex  1.778694e+04 -5.294511e+03  2.258577e+03
      vertex  1.765989e+04 -5.151982e+03  2.143234e+03
      vertex  1.779525e+04 -5.112184e+03  2.035321e+03
    endloop
  endfacet
  facet normal -2.682718e-01 -7.446704e-01 -6.111433e-01
    outer loop
      vertex  1.779525e+04 -5.112184e+03  2.035321e+03
      vertex  1.765989e+04 -5.151982e+03  2.143234e+03
      vertex  1.766927e+04 -4.972631e+03  1.920582e+03
    endloop
  endfacet
  facet normal -2.715397e-01 -7.455491e-01 -6.086237e-01
    outer loop
      vertex  1.779525e+04 -5.112184e+03  2.035321e+03
      vertex  1.766927e+04 -4.972631e+03  1.920582e+03
      vertex  1.779963e+04 -5.022643e+03  1.923683e+03
    endloop
  endfacet
  facet normal -2.746320e-01 -7.529527e-01 -5.980296e-01
    outer loop
      vertex  1.779963e+04 -5.022643e+03  1.923683e+03
      vertex  1.766927e+04 -4.972631e+03  1.920582e+03
      vertex  1.767654e+04 -4.842390e+03  1.753263e+03
    endloop
  endfacet
  facet normal -2.773922e-01 -7.532624e-01 -5.963635e-01
    outer loop
      vertex  1.779963e+04 -5.022643e+03  1.923683e+03
      vertex  1.767654e+04 -4.842390e+03  1.753263e+03
      vertex  1.780854e+04 -4.848644e+03  1.699764e+03
    endloop
  endfacet
  facet normal -2.760800e-01 -7.566003e-01 -5.927359e-01
    outer loop
      vertex  1.780854e+04 -4.848644e+03  1.699764e+03
      vertex  1.767654e+04 -4.842390e+03  1.753263e+03
      vertex  1.754731e+04 -4.791095e+03  1.747979e+03
    endloop
  endfacet
  facet normal -2.759901e-01 -7.621526e-01 -5.856218e-01
    outer loop
      vertex  1.780854e+04 -4.848644e+03  1.699764e+03
      vertex  1.754731e+04 -4.791095e+03  1.747979e+03
      vertex  1.794709e+04 -4.822162e+03  1.600000e+03
    endloop
  endfacet
  facet normal -2.774146e-01 -7.579790e-01 -5.903465e-01
    outer loop
      vertex  1.794709e+04 -4.822162e+03  1.600000e+03
      vertex  1.754731e+04 -4.791095e+03  1.747979e+03
      vertex  1.729156e+04 -4.664418e+03  1.705509e+03
    endloop
  endfacet
  facet normal -2.777909e-01 -7.721050e-01 -5.715645e-01
    outer loop
      vertex  1.794709e+04 -4.822162e+03  1.600000e+03
      vertex  1.729156e+04 -4.664418e+03  1.705509e+03
      vertex  1.730391e+04 -4.590754e+03  1.600000e+03
    endloop
  endfacet
  facet normal -8.137087e-02 -9.883719e-01 -1.284512e-01
    outer loop
      vertex  1.757009e+04 -7.777819e+03  7.509140e+03
      vertex  1.757107e+04 -7.810421e+03  7.759376e+03
      vertex  1.731430e+04 -7.780707e+03  7.693396e+03
    endloop
  endfacet
  facet normal -8.643447e-02 -9.902133e-01 -1.095750e-01
    outer loop
      vertex  1.731430e+04 -7.780707e+03  7.693396e+03
      vertex  1.757107e+04 -7.810421e+03  7.759376e+03
      vertex  1.757157e+04 -7.838212e+03  8.010127e+03
    endloop
  endfacet
  facet normal -6.123941e-02 -9.896297e-01 -1.299340e-01
    outer loop
      vertex  1.731430e+04 -7.780707e+03  7.693396e+03
      vertex  1.757157e+04 -7.838212e+03  8.010127e+03
      vertex  1.731480e+04 -7.808971e+03  7.908432e+03
    endloop
  endfacet
  facet normal -7.538387e-02 -9.926114e-01 -9.507842e-02
    outer loop
      vertex  1.731480e+04 -7.808971e+03  7.908432e+03
      vertex  1.757157e+04 -7.838212e+03  8.010127e+03
      vertex  1.757179e+04 -7.854188e+03  8.176736e+03
    endloop
  endfacet
  facet normal -5.569892e-02 -9.919388e-01 -1.138202e-01
    outer loop
      vertex  1.731480e+04 -7.808971e+03  7.908432e+03
      vertex  1.757179e+04 -7.854188e+03  8.176736e+03
      vertex  1.731510e+04 -7.833784e+03  8.124528e+03
    endloop
  endfacet
  facet normal -6.193755e-02 -9.945256e-01 -8.415794e-02
    outer loop
      vertex  1.731510e+04 -7.833784e+03  8.124528e+03
      vertex  1.757179e+04 -7.854188e+03  8.176736e+03
      vertex  1.757208e+04 -7.868359e+03  8.343986e+03
    endloop
  endfacet
  facet normal -4.952591e-02 -9.938948e-01 -9.859230e-02
    outer loop
      vertex  1.731510e+04 -7.833784e+03  8.124528e+03
      vertex  1.757208e+04 -7.868359e+03  8.343986e+03
      vertex  1.731548e+04 -7.855384e+03  8.342083e+03
    endloop
  endfacet
  facet normal -4.981982e-02 -9.960423e-01 -7.360591e-02
    outer loop
      vertex  1.731548e+04 -7.855384e+03  8.342083e+03
      vertex  1.757208e+04 -7.868359e+03  8.343986e+03
      vertex  1.757259e+04 -7.880971e+03  8.514310e+03
    endloop
  endfacet
  facet normal -4.150822e-02 -9.954366e-01 -8.592407e-02
    outer loop
      vertex  1.731548e+04 -7.855384e+03  8.342083e+03
      vertex  1.757259e+04 -7.880971e+03  8.514310e+03
      vertex  1.731600e+04 -7.869597e+03  8.506494e+03
    endloop
  endfacet
  facet normal -4.236588e-02 -9.972725e-01 -6.043769e-02
    outer loop
      vertex  1.731600e+04 -7.869597e+03  8.506494e+03
      vertex  1.757259e+04 -7.880971e+03  8.514310e+03
      vertex  1.763763e+04 -7.894332e+03  8.689174e+03
    endloop
  endfacet
  facet normal -3.377243e-02 -9.965758e-01 -7.547323e-02
    outer loop
      vertex  1.731600e+04 -7.869597e+03  8.506494e+03
      vertex  1.763763e+04 -7.894332e+03  8.689174e+03
      vertex  1.715655e+04 -7.876104e+03  8.663760e+03
    endloop
  endfacet
  facet normal -4.704448e-02 -9.939741e-01 -9.900617e-02
    outer loop
      vertex  1.705892e+04 -7.842168e+03  8.337285e+03
      vertex  1.705944e+04 -7.858126e+03  8.497243e+03
      vertex  1.680246e+04 -7.832171e+03  8.358780e+03
    endloop
  endfacet
  facet normal -6.217051e-02 -9.955210e-01 -7.122290e-02
    outer loop
      vertex  1.680246e+04 -7.832171e+03  8.358780e+03
      vertex  1.705944e+04 -7.858126e+03  8.497243e+03
      vertex  1.715655e+04 -7.876104e+03  8.663760e+03
    endloop
  endfacet
  facet normal -3.210118e-02 -9.938591e-01 -1.058954e-01
    outer loop
      vertex  1.680246e+04 -7.832171e+03  8.358780e+03
      vertex  1.715655e+04 -7.876104e+03  8.663760e+03
      vertex  1.667546e+04 -7.857857e+03  8.638345e+03
    endloop
  endfacet
  facet normal -3.116642e-01 -7.656467e-01 -5.627173e-01
    outer loop
      vertex  1.551560e+04 -4.417674e+03  2.299039e+03
      vertex  1.552174e+04 -4.281810e+03  2.110779e+03
      vertex  1.567925e+04 -4.391238e+03  2.172434e+03
    endloop
  endfacet
  facet normal -3.202032e-01 -7.710239e-01 -5.504471e-01
    outer loop
      vertex  1.567925e+04 -4.391238e+03  2.172434e+03
      vertex  1.552174e+04 -4.281810e+03  2.110779e+03
      vertex  1.552517e+04 -4.215326e+03  2.015660e+03
    endloop
  endfacet
  facet normal -3.014588e-01 -7.678343e-01 -5.652903e-01
    outer loop
      vertex  1.567925e+04 -4.391238e+03  2.172434e+03
      vertex  1.552517e+04 -4.215326e+03  2.015660e+03
      vertex  1.568313e+04 -4.315586e+03  2.067608e+03
    endloop
  endfacet
  facet normal -3.158267e-01 -7.785617e-01 -5.423055e-01
    outer loop
      vertex  1.568313e+04 -4.315586e+03  2.067608e+03
      vertex  1.552517e+04 -4.215326e+03  2.015660e+03
      vertex  1.552878e+04 -4.150684e+03  1.920756e+03
    endloop
  endfacet
  facet normal -2.981506e-01 -7.751287e-01 -5.570294e-01
    outer loop
      vertex  1.568313e+04 -4.315586e+03  2.067608e+03
      vertex  1.552878e+04 -4.150684e+03  1.920756e+03
      vertex  1.568724e+04 -4.242020e+03  1.963038e+03
    endloop
  endfacet
  facet normal -3.125077e-01 -7.878462e-01 -5.306951e-01
    outer loop
      vertex  1.568724e+04 -4.242020e+03  1.963038e+03
      vertex  1.552878e+04 -4.150684e+03  1.920756e+03
      vertex  1.553382e+04 -4.067649e+03  1.794514e+03
    endloop
  endfacet
  facet normal -2.934904e-01 -7.852021e-01 -5.452715e-01
    outer loop
      vertex  1.568724e+04 -4.242020e+03  1.963038e+03
      vertex  1.553382e+04 -4.067649e+03  1.794514e+03
      vertex  1.569301e+04 -4.147592e+03  1.823954e+03
    endloop
  endfacet
  facet normal -3.066837e-01 -8.003706e-01 -5.151232e-01
    outer loop
      vertex  1.569301e+04 -4.147592e+03  1.823954e+03
      vertex  1.553382e+04 -4.067649e+03  1.794514e+03
      vertex  1.553907e+04 -3.988594e+03  1.668558e+03
    endloop
  endfacet
  facet normal -2.907437e-01 -7.977627e-01 -5.282449e-01
    outer loop
      vertex  1.569301e+04 -4.147592e+03  1.823954e+03
      vertex  1.553907e+04 -3.988594e+03  1.668558e+03
      vertex  1.569902e+04 -4.057892e+03  1.685177e+03
    endloop
  endfacet
  facet normal -3.045339e-01 -8.193810e-01 -4.856684e-01
    outer loop
      vertex  1.569902e+04 -4.057892e+03  1.685177e+03
      vertex  1.553907e+04 -3.988594e+03  1.668558e+03
      vertex  1.540058e+04 -3.896484e+03  1.600000e+03
    endloop
  endfacet
  facet normal -2.916363e-01 -8.087623e-01 -5.107365e-01
    outer loop
      vertex  1.569902e+04 -4.057892e+03  1.685177e+03
      vertex  1.540058e+04 -3.896484e+03  1.600000e+03
      vertex  1.576093e+04 -4.026426e+03  1.600000e+03
    endloop
  endfacet
  facet normal -1.269309e-01 -9.334410e-01 -3.355240e-01
    outer loop
      vertex  1.555161e+04 -7.380682e+03  6.903513e+03
      vertex  1.555213e+04 -7.434765e+03  7.053779e+03
      vertex  1.539061e+04 -7.382050e+03  6.968228e+03
    endloop
  endfacet
  facet normal -1.379172e-01 -9.381194e-01 -3.176648e-01
    outer loop
      vertex  1.539061e+04 -7.382050e+03  6.968228e+03
      vertex  1.555213e+04 -7.434765e+03  7.053779e+03
      vertex  1.555246e+04 -7.486252e+03  7.205686e+03
    endloop
  endfacet
  facet normal -1.047283e-01 -9.349734e-01 -3.389055e-01
    outer loop
      vertex  1.539061e+04 -7.382050e+03  6.968228e+03
      vertex  1.555246e+04 -7.486252e+03  7.205686e+03
      vertex  1.539095e+04 -7.453442e+03  7.165078e+03
    endloop
  endfacet
  facet normal -1.166343e-01 -9.465054e-01 -3.008718e-01
    outer loop
      vertex  1.539095e+04 -7.453442e+03  7.165078e+03
      vertex  1.555246e+04 -7.486252e+03  7.205686e+03
      vertex  1.555263e+04 -7.535114e+03  7.359333e+03
    endloop
  endfacet
  facet normal -9.696930e-02 -9.437621e-01 -3.160854e-01
    outer loop
      vertex  1.539095e+04 -7.453442e+03  7.165078e+03
      vertex  1.555263e+04 -7.535114e+03  7.359333e+03
      vertex  1.539106e+04 -7.517225e+03  7.355484e+03
    endloop
  endfacet
  facet normal -9.899468e-02 -9.545408e-01 -2.811616e-01
    outer loop
      vertex  1.539106e+04 -7.517225e+03  7.355484e+03
      vertex  1.555263e+04 -7.535114e+03  7.359333e+03
      vertex  1.555268e+04 -7.592459e+03  7.554000e+03
    endloop
  endfacet
  facet normal -8.302690e-02 -9.523935e-01 -2.933480e-01
    outer loop
      vertex  1.539106e+04 -7.517225e+03  7.355484e+03
      vertex  1.555268e+04 -7.592459e+03  7.554000e+03
      vertex  1.539103e+04 -7.576813e+03  7.548957e+03
    endloop
  endfacet
  facet normal -8.506238e-02 -9.622276e-01 -2.586164e-01
    outer loop
      vertex  1.539103e+04 -7.576813e+03  7.548957e+03
      vertex  1.555268e+04 -7.592459e+03  7.554000e+03
      vertex  1.555264e+04 -7.645611e+03  7.751775e+03
    endloop
  endfacet
  facet normal -6.993107e-02 -9.603109e-01 -2.700236e-01
    outer loop
      vertex  1.539103e+04 -7.576813e+03  7.548957e+03
      vertex  1.555264e+04 -7.645611e+03  7.751775e+03
      vertex  1.539093e+04 -7.632130e+03  7.745713e+03
    endloop
  endfacet
  facet normal -7.195517e-02 -9.691575e-01 -2.357034e-01
    outer loop
      vertex  1.539093e+04 -7.632130e+03  7.745713e+03
      vertex  1.555264e+04 -7.645611e+03  7.751775e+03
      vertex  1.555261e+04 -7.694523e+03  7.952900e+03
    endloop
  endfacet
  facet normal -5.778507e-02 -9.674807e-01 -2.462564e-01
    outer loop
      vertex  1.539093e+04 -7.632130e+03  7.745713e+03
      vertex  1.555261e+04 -7.694523e+03  7.952900e+03
      vertex  1.539087e+04 -7.683104e+03  7.945989e+03
    endloop
  endfacet
  facet normal -5.977754e-02 -9.753153e-01 -2.125724e-01
    outer loop
      vertex  1.539087e+04 -7.683104e+03  7.945989e+03
      vertex  1.555261e+04 -7.694523e+03  7.952900e+03
      vertex  1.555272e+04 -7.739153e+03  8.157638e+03
    endloop
  endfacet
  facet normal -4.668533e-02 -9.738817e-01 -2.222046e-01
    outer loop
      vertex  1.539087e+04 -7.683104e+03  7.945989e+03
      vertex  1.555272e+04 -7.739153e+03  8.157638e+03
      vertex  1.539098e+04 -7.729666e+03  8.150040e+03
    endloop
  endfacet
  facet normal -4.862777e-02 -9.807011e-01 -1.893697e-01
    outer loop
      vertex  1.539098e+04 -7.729666e+03  8.150040e+03
      vertex  1.555272e+04 -7.739153e+03  8.157638e+03
      vertex  1.555313e+04 -7.779460e+03  8.366271e+03
    endloop
  endfacet
  facet normal -3.671009e-02 -9.795077e-01 -1.980323e-01
    outer loop
      vertex  1.539098e+04 -7.729666e+03  8.150040e+03
      vertex  1.555313e+04 -7.779460e+03  8.366271e+03
      vertex  1.539139e+04 -7.771753e+03  8.358133e+03
    endloop
  endfacet
  facet normal -3.901638e-02 -9.865322e-01 -1.588458e-01
    outer loop
      vertex  1.539139e+04 -7.771753e+03  8.358133e+03
      vertex  1.555313e+04 -7.779460e+03  8.366271e+03
      vertex  1.571313e+04 -7.821410e+03  8.587507e+03
    endloop
  endfacet
  facet normal -2.792263e-02 -9.843609e-01 -1.739365e-01
    outer loop
      vertex  1.539139e+04 -7.771753e+03  8.358133e+03
      vertex  1.571313e+04 -7.821410e+03  8.587507e+03
      vertex  1.523184e+04 -7.803265e+03  8.562083e+03
    endloop
  endfacet
  facet normal -2.990947e-01 -8.187684e-01 -4.900619e-01
    outer loop
      vertex  1.505436e+04 -3.889666e+03  1.797776e+03
      vertex  1.505921e+04 -3.811558e+03  1.664322e+03
      vertex  1.537671e+04 -3.953684e+03  1.707997e+03
    endloop
  endfacet
  facet normal -3.052095e-01 -8.269494e-01 -4.722308e-01
    outer loop
      vertex  1.537671e+04 -3.953684e+03  1.707997e+03
      vertex  1.505921e+04 -3.811558e+03  1.664322e+03
      vertex  1.503978e+04 -3.767656e+03  1.600000e+03
    endloop
  endfacet
  facet normal -2.917548e-01 -8.170931e-01 -4.972302e-01
    outer loop
      vertex  1.537671e+04 -3.953684e+03  1.707997e+03
      vertex  1.503978e+04 -3.767656e+03  1.600000e+03
      vertex  1.540058e+04 -3.896484e+03  1.600000e+03
    endloop
  endfacet
  facet normal -3.018572e-01 -8.345314e-01 -4.609116e-01
    outer loop
      vertex  1.473769e+04 -3.723358e+03  1.713725e+03
      vertex  1.441769e+04 -3.601378e+03  1.702437e+03
      vertex  1.474098e+04 -3.671984e+03  1.618552e+03
    endloop
  endfacet
  facet normal -2.984532e-01 -8.493779e-01 -4.352961e-01
    outer loop
      vertex  1.474098e+04 -3.671984e+03  1.618552e+03
      vertex  1.441769e+04 -3.601378e+03  1.702437e+03
      vertex  1.431437e+04 -3.512575e+03  1.600000e+03
    endloop
  endfacet
  facet normal -2.934137e-01 -8.386388e-01 -4.589047e-01
    outer loop
      vertex  1.474098e+04 -3.671984e+03  1.618552e+03
      vertex  1.431437e+04 -3.512575e+03  1.600000e+03
      vertex  1.467737e+04 -3.639578e+03  1.600000e+03
    endloop
  endfacet
  facet normal -3.843244e-01 -7.825934e-01 -4.897369e-01
    outer loop
      vertex  1.395761e+04 -3.930000e+03  2.612725e+03
      vertex  1.408215e+04 -4.004708e+03  2.634371e+03
      vertex  1.381750e+04 -3.930000e+03  2.722674e+03
    endloop
  endfacet
  facet normal -3.870434e-01 -7.680532e-01 -5.101877e-01
    outer loop
      vertex  1.381750e+04 -3.930000e+03  2.722674e+03
      vertex  1.408215e+04 -4.004708e+03  2.634371e+03
      vertex  1.408204e+04 -4.113634e+03  2.798441e+03
    endloop
  endfacet
  facet normal -3.944415e-01 -7.731330e-01 -4.966702e-01
    outer loop
      vertex  1.381750e+04 -3.930000e+03  2.722674e+03
      vertex  1.408204e+04 -4.113634e+03  2.798441e+03
      vertex  1.376329e+04 -3.932945e+03  2.770309e+03
    endloop
  endfacet
  facet normal -3.835298e-01 -7.585695e-01 -5.267608e-01
    outer loop
      vertex  1.376329e+04 -3.932945e+03  2.770309e+03
      vertex  1.408204e+04 -4.113634e+03  2.798441e+03
      vertex  1.408250e+04 -4.228331e+03  2.963275e+03
    endloop
  endfacet
  facet normal -4.003118e-01 -7.635741e-01 -5.066609e-01
    outer loop
      vertex  1.376329e+04 -3.932945e+03  2.770309e+03
      vertex  1.408250e+04 -4.228331e+03  2.963275e+03
      vertex  1.376424e+04 -4.048139e+03  2.943167e+03
    endloop
  endfacet
  facet normal -3.886066e-01 -7.466155e-01 -5.399540e-01
    outer loop
      vertex  1.376424e+04 -4.048139e+03  2.943167e+03
      vertex  1.408250e+04 -4.228331e+03  2.963275e+03
      vertex  1.408348e+04 -4.348779e+03  3.129120e+03
    endloop
  endfacet
  facet normal -3.991939e-01 -7.500473e-01 -5.273266e-01
    outer loop
      vertex  1.376424e+04 -4.048139e+03  2.943167e+03
      vertex  1.408348e+04 -4.348779e+03  3.129120e+03
      vertex  1.376572e+04 -4.171239e+03  3.117138e+03
    endloop
  endfacet
  facet normal -3.906229e-01 -7.363985e-01 -5.523867e-01
    outer loop
      vertex  1.376572e+04 -4.171239e+03  3.117138e+03
      vertex  1.408348e+04 -4.348779e+03  3.129120e+03
      vertex  1.408490e+04 -4.475025e+03  3.296414e+03
    endloop
  endfacet
  facet normal -3.952242e-01 -7.380134e-01 -5.469314e-01
    outer loop
      vertex  1.376572e+04 -4.171239e+03  3.117138e+03
      vertex  1.408490e+04 -4.475025e+03  3.296414e+03
      vertex  1.376764e+04 -4.302133e+03  3.292375e+03
    endloop
  endfacet
  facet normal -3.895962e-01 -7.280853e-01 -5.640093e-01
    outer loop
      vertex  1.376764e+04 -4.302133e+03  3.292375e+03
      vertex  1.408490e+04 -4.475025e+03  3.296414e+03
      vertex  1.408670e+04 -4.606544e+03  3.464952e+03
    endloop
  endfacet
  facet normal -3.907184e-01 -7.285097e-01 -5.626833e-01
    outer loop
      vertex  1.376764e+04 -4.302133e+03  3.292375e+03
      vertex  1.408670e+04 -4.606544e+03  3.464952e+03
      vertex  1.376931e+04 -4.405265e+03  3.424742e+03
    endloop
  endfacet
  facet normal -3.480953e-02 -9.555543e-01 -2.927529e-01
    outer loop
      vertex  1.378518e+04 -7.604146e+03  7.956856e+03
      vertex  1.410679e+04 -7.671794e+03  8.139420e+03
      vertex  1.378557e+04 -7.657005e+03  8.129343e+03
    endloop
  endfacet
  facet normal -3.658701e-02 -9.668579e-01 -2.526797e-01
    outer loop
      vertex  1.378557e+04 -7.657005e+03  8.129343e+03
      vertex  1.410679e+04 -7.671794e+03  8.139420e+03
      vertex  1.410744e+04 -7.718781e+03  8.319117e+03
    endloop
  endfacet
  facet normal -2.874317e-02 -9.638212e-01 -2.649951e-01
    outer loop
      vertex  1.378557e+04 -7.657005e+03  8.129343e+03
      vertex  1.410744e+04 -7.718781e+03  8.319117e+03
      vertex  1.378631e+04 -7.705492e+03  8.305617e+03
    endloop
  endfacet
  facet normal -3.094263e-02 -9.743242e-01 -2.230137e-01
    outer loop
      vertex  1.378631e+04 -7.705492e+03  8.305617e+03
      vertex  1.410744e+04 -7.718781e+03  8.319117e+03
      vertex  1.417984e+04 -7.763974e+03  8.506518e+03
    endloop
  endfacet
  facet normal -2.323360e-02 -9.711831e-01 -2.371999e-01
    outer loop
      vertex  1.378631e+04 -7.705492e+03  8.305617e+03
      vertex  1.417984e+04 -7.763974e+03  8.506518e+03
      vertex  1.360910e+04 -7.742959e+03  8.476377e+03
    endloop
  endfacet
  facet normal -3.983181e-01 -7.503547e-01 -5.275515e-01
    outer loop
      vertex  1.376424e+04 -4.048139e+03  2.943167e+03
      vertex  1.376572e+04 -4.171239e+03  3.117138e+03
      vertex  1.353163e+04 -3.930000e+03  2.950764e+03
    endloop
  endfacet
  facet normal -4.051732e-01 -7.518762e-01 -5.201123e-01
    outer loop
      vertex  1.353163e+04 -3.930000e+03  2.950764e+03
      vertex  1.376572e+04 -4.171239e+03  3.117138e+03
      vertex  1.344723e+04 -4.011000e+03  3.133603e+03
    endloop
  endfacet
  facet normal -4.101723e-01 -7.485738e-01 -5.209568e-01
    outer loop
      vertex  1.353163e+04 -3.930000e+03  2.950764e+03
      vertex  1.344723e+04 -4.011000e+03  3.133603e+03
      vertex  1.333886e+04 -3.930000e+03  3.102538e+03
    endloop
  endfacet
  facet normal -4.049827e-01 -7.450792e-01 -5.299489e-01
    outer loop
      vertex  1.333886e+04 -3.930000e+03  3.102538e+03
      vertex  1.344723e+04 -4.011000e+03  3.133603e+03
      vertex  1.328817e+04 -3.954147e+03  3.175228e+03
    endloop
  endfacet
  facet normal -4.065926e-01 -7.437229e-01 -5.306211e-01
    outer loop
      vertex  1.333886e+04 -3.930000e+03  3.102538e+03
      vertex  1.328817e+04 -3.954147e+03  3.175228e+03
      vertex  1.324149e+04 -3.930000e+03  3.177147e+03
    endloop
  endfacet
  facet normal -4.015394e-01 -7.324287e-01 -5.498310e-01
    outer loop
      vertex  1.324149e+04 -3.930000e+03  3.177147e+03
      vertex  1.328817e+04 -3.954147e+03  3.175228e+03
      vertex  1.313119e+04 -3.999929e+03  3.350852e+03
    endloop
  endfacet
  facet normal -4.043915e-01 -7.301767e-01 -5.507354e-01
    outer loop
      vertex  1.324149e+04 -3.930000e+03  3.177147e+03
      vertex  1.313119e+04 -3.999929e+03  3.350852e+03
      vertex  1.304411e+04 -3.930000e+03  3.322079e+03
    endloop
  endfacet
  facet normal -3.539538e-01 -8.672363e-01 -3.501684e-01
    outer loop
      vertex  1.328389e+04 -3.353754e+03  2.107691e+03
      vertex  1.312410e+04 -3.248313e+03  2.008078e+03
      vertex  1.328605e+04 -3.292284e+03  1.953271e+03
    endloop
  endfacet
  facet normal -3.476206e-01 -8.812690e-01 -3.201952e-01
    outer loop
      vertex  1.328605e+04 -3.292284e+03  1.953271e+03
      vertex  1.312410e+04 -3.248313e+03  2.008078e+03
      vertex  1.312592e+04 -3.208621e+03  1.896851e+03
    endloop
  endfacet
  facet normal -3.394612e-01 -8.777449e-01 -3.381273e-01
    outer loop
      vertex  1.328605e+04 -3.292284e+03  1.953271e+03
      vertex  1.312592e+04 -3.208621e+03  1.896851e+03
      vertex  1.328823e+04 -3.249695e+03  1.840525e+03
    endloop
  endfacet
  facet normal -3.333991e-01 -8.896788e-01 -3.119560e-01
    outer loop
      vertex  1.328823e+04 -3.249695e+03  1.840525e+03
      vertex  1.312592e+04 -3.208621e+03  1.896851e+03
      vertex  1.313067e+04 -3.139162e+03  1.693681e+03
    endloop
  endfacet
  facet normal -3.127238e-01 -8.892520e-01 -3.338185e-01
    outer loop
      vertex  1.328823e+04 -3.249695e+03  1.840525e+03
      vertex  1.313067e+04 -3.139162e+03  1.693681e+03
      vertex  1.329095e+04 -3.208468e+03  1.728155e+03
    endloop
  endfacet
  facet normal -3.295335e-01 -9.015486e-01 -2.803883e-01
    outer loop
      vertex  1.329095e+04 -3.208468e+03  1.728155e+03
      vertex  1.313067e+04 -3.139162e+03  1.693681e+03
      vertex  1.300000e+04 -3.062262e+03  1.600000e+03
    endloop
  endfacet
  facet normal -3.023122e-01 -8.932532e-01 -3.327252e-01
    outer loop
      vertex  1.329095e+04 -3.208468e+03  1.728155e+03
      vertex  1.300000e+04 -3.062262e+03  1.600000e+03
      vertex  1.330683e+04 -3.166106e+03  1.600000e+03
    endloop
  endfacet
  facet normal -3.862975e-01 -7.188455e-01 -5.779579e-01
    outer loop
      vertex  1.313119e+04 -3.999929e+03  3.350852e+03
      vertex  1.313390e+04 -4.130693e+03  3.511681e+03
      vertex  1.304411e+04 -3.930000e+03  3.322079e+03
    endloop
  endfacet
  facet normal -3.848054e-01 -7.189707e-01 -5.787969e-01
    outer loop
      vertex  1.304411e+04 -3.930000e+03  3.322079e+03
      vertex  1.313390e+04 -4.130693e+03  3.511681e+03
      vertex  1.289479e+04 -4.022098e+03  3.535755e+03
    endloop
  endfacet
  facet normal -3.968004e-01 -7.090611e-01 -5.829080e-01
    outer loop
      vertex  1.304411e+04 -3.930000e+03  3.322079e+03
      vertex  1.289479e+04 -4.022098e+03  3.535755e+03
      vertex  1.284001e+04 -3.930000e+03  3.461018e+03
    endloop
  endfacet
  facet normal -3.757050e-01 -7.083797e-01 -5.975317e-01
    outer loop
      vertex  1.284001e+04 -3.930000e+03  3.461018e+03
      vertex  1.289479e+04 -4.022098e+03  3.535755e+03
      vertex  1.277532e+04 -3.977426e+03  3.557918e+03
    endloop
  endfacet
  facet normal -3.734670e-01 -7.101076e-01 -5.968832e-01
    outer loop
      vertex  1.284001e+04 -3.930000e+03  3.461018e+03
      vertex  1.277532e+04 -3.977426e+03  3.557918e+03
      vertex  1.267287e+04 -3.930000e+03  3.565597e+03
    endloop
  endfacet
  facet normal -3.677125e-01 -6.941186e-01 -6.188593e-01
    outer loop
      vertex  1.267287e+04 -3.930000e+03  3.565597e+03
      vertex  1.277532e+04 -3.977426e+03  3.557918e+03
      vertex  1.277808e+04 -4.115156e+03  3.710758e+03
    endloop
  endfacet
  facet normal -3.578697e-01 -6.935360e-01 -6.252497e-01
    outer loop
      vertex  1.267287e+04 -3.930000e+03  3.565597e+03
      vertex  1.277808e+04 -4.115156e+03  3.710758e+03
      vertex  1.265810e+04 -4.049829e+03  3.706968e+03
    endloop
  endfacet
  facet normal -3.514869e-01 -6.827042e-01 -6.406027e-01
    outer loop
      vertex  1.265810e+04 -4.049829e+03  3.706968e+03
      vertex  1.277808e+04 -4.115156e+03  3.710758e+03
      vertex  1.278062e+04 -4.254764e+03  3.858144e+03
    endloop
  endfacet
  facet normal -3.384896e-01 -6.812204e-01 -6.491254e-01
    outer loop
      vertex  1.265810e+04 -4.049829e+03  3.706968e+03
      vertex  1.278062e+04 -4.254764e+03  3.858144e+03
      vertex  1.266091e+04 -4.205866e+03  3.869251e+03
    endloop
  endfacet
  facet normal -3.361763e-01 -6.734597e-01 -6.583597e-01
    outer loop
      vertex  1.266091e+04 -4.205866e+03  3.869251e+03
      vertex  1.278062e+04 -4.254764e+03  3.858144e+03
      vertex  1.278303e+04 -4.402061e+03  4.007590e+03
    endloop
  endfacet
  facet normal -3.190561e-01 -6.707174e-01 -6.695831e-01
    outer loop
      vertex  1.266091e+04 -4.205866e+03  3.869251e+03
      vertex  1.278303e+04 -4.402061e+03  4.007590e+03
      vertex  1.266354e+04 -4.371718e+03  4.034131e+03
    endloop
  endfacet
  facet normal -3.189290e-01 -6.664428e-01 -6.738978e-01
    outer loop
      vertex  1.266354e+04 -4.371718e+03  4.034131e+03
      vertex  1.278303e+04 -4.402061e+03  4.007590e+03
      vertex  1.278546e+04 -4.572226e+03  4.174725e+03
    endloop
  endfacet
  facet normal -2.986150e-01 -6.629504e-01 -6.865318e-01
    outer loop
      vertex  1.266354e+04 -4.371718e+03  4.034131e+03
      vertex  1.278546e+04 -4.572226e+03  4.174725e+03
      vertex  1.266607e+04 -4.558890e+03  4.213775e+03
    endloop
  endfacet
  facet normal -2.987297e-01 -6.623082e-01 -6.871016e-01
    outer loop
      vertex  1.266607e+04 -4.558890e+03  4.213775e+03
      vertex  1.278546e+04 -4.572226e+03  4.174725e+03
      vertex  1.278758e+04 -4.749929e+03  4.345090e+03
    endloop
  endfacet
  facet normal -2.787606e-01 -6.580866e-01 -6.994388e-01
    outer loop
      vertex  1.266607e+04 -4.558890e+03  4.213775e+03
      vertex  1.278758e+04 -4.749929e+03  4.345090e+03
      vertex  1.266822e+04 -4.754925e+03  4.397362e+03
    endloop
  endfacet
  facet normal -3.451917e-01 -6.816823e-01 -6.450984e-01
    outer loop
      vertex  1.265810e+04 -4.049829e+03  3.706968e+03
      vertex  1.249921e+04 -4.027926e+03  3.768844e+03
      vertex  1.249957e+04 -3.930000e+03  3.665170e+03
    endloop
  endfacet
  facet normal -3.223906e-01 -6.875921e-01 -6.506007e-01
    outer loop
      vertex  1.249957e+04 -3.930000e+03  3.665170e+03
      vertex  1.249921e+04 -4.027926e+03  3.768844e+03
      vertex  1.234050e+04 -4.030422e+03  3.850124e+03
    endloop
  endfacet
  facet normal -3.469053e-01 -6.662697e-01 -6.601071e-01
    outer loop
      vertex  1.249957e+04 -3.930000e+03  3.665170e+03
      vertex  1.234050e+04 -4.030422e+03  3.850124e+03
      vertex  1.233279e+04 -3.930000e+03  3.752816e+03
    endloop
  endfacet
  facet normal -3.195194e-01 -6.719432e-01 -6.681315e-01
    outer loop
      vertex  1.233279e+04 -3.930000e+03  3.752816e+03
      vertex  1.234050e+04 -4.030422e+03  3.850124e+03
      vertex  1.218029e+04 -3.953422e+03  3.849306e+03
    endloop
  endfacet
  facet normal -3.224607e-01 -6.670661e-01 -6.715965e-01
    outer loop
      vertex  1.233279e+04 -3.930000e+03  3.752816e+03
      vertex  1.218029e+04 -3.953422e+03  3.849306e+03
      vertex  1.216008e+04 -3.930000e+03  3.835741e+03
    endloop
  endfacet
  facet normal -6.747797e-02 -8.390811e-01 -5.398051e-01
    outer loop
      vertex  1.218045e+04 -7.057078e+03  6.984870e+03
      vertex  1.208597e+04 -7.003273e+03  6.913046e+03
      vertex  1.218099e+04 -6.990144e+03  6.880759e+03
    endloop
  endfacet
  facet normal -7.560796e-02 -8.260863e-01 -5.584485e-01
    outer loop
      vertex  1.218099e+04 -6.990144e+03  6.880759e+03
      vertex  1.208597e+04 -7.003273e+03  6.913046e+03
      vertex  1.208677e+04 -6.904834e+03  6.767323e+03
    endloop
  endfacet
  facet normal -7.904448e-02 -8.271503e-01 -5.563942e-01
    outer loop
      vertex  1.218099e+04 -6.990144e+03  6.880759e+03
      vertex  1.208677e+04 -6.904834e+03  6.767323e+03
      vertex  1.218158e+04 -6.921332e+03  6.778378e+03
    endloop
  endfacet
  facet normal -7.314651e-02 -8.101622e-01 -5.816243e-01
    outer loop
      vertex  1.218158e+04 -6.921332e+03  6.778378e+03
      vertex  1.208677e+04 -6.904834e+03  6.767323e+03
      vertex  1.208763e+04 -6.802765e+03  6.625038e+03
    endloop
  endfacet
  facet normal -9.434780e-02 -8.147054e-01 -5.721484e-01
    outer loop
      vertex  1.218158e+04 -6.921332e+03  6.778378e+03
      vertex  1.208763e+04 -6.802765e+03  6.625038e+03
      vertex  1.218221e+04 -6.848970e+03  6.675235e+03
    endloop
  endfacet
  facet normal -6.794851e-02 -7.945719e-01 -6.033559e-01
    outer loop
      vertex  1.218221e+04 -6.848970e+03  6.675235e+03
      vertex  1.208763e+04 -6.802765e+03  6.625038e+03
      vertex  1.208854e+04 -6.697332e+03  6.486088e+03
    endloop
  endfacet
  facet normal -1.127202e-01 -8.017474e-01 -5.869370e-01
    outer loop
      vertex  1.218221e+04 -6.848970e+03  6.675235e+03
      vertex  1.208854e+04 -6.697332e+03  6.486088e+03
      vertex  1.218287e+04 -6.774829e+03  6.573832e+03
    endloop
  endfacet
  facet normal -6.399244e-02 -7.811153e-01 -6.210990e-01
    outer loop
      vertex  1.218287e+04 -6.774829e+03  6.573832e+03
      vertex  1.208854e+04 -6.697332e+03  6.486088e+03
      vertex  1.208924e+04 -6.616214e+03  6.384000e+03
    endloop
  endfacet
  facet normal -9.604695e-02 -7.866358e-01 -6.099008e-01
    outer loop
      vertex  1.218287e+04 -6.774829e+03  6.573832e+03
      vertex  1.208924e+04 -6.616214e+03  6.384000e+03
      vertex  1.218422e+04 -6.623486e+03  6.378422e+03
    endloop
  endfacet
  facet normal -9.600803e-02 -7.718864e-01 -6.284694e-01
    outer loop
      vertex  1.218422e+04 -6.623486e+03  6.378422e+03
      vertex  1.208924e+04 -6.616214e+03  6.384000e+03
      vertex  1.205926e+04 -6.600000e+03  6.368665e+03
    endloop
  endfacet
  facet normal -9.660618e-02 -7.739658e-01 -6.258147e-01
    outer loop
      vertex  1.218422e+04 -6.623486e+03  6.378422e+03
      vertex  1.205926e+04 -6.600000e+03  6.368665e+03
      vertex  1.217758e+04 -6.600000e+03  6.350400e+03
    endloop
  endfacet
  facet normal -1.251191e-01 -7.548224e-01 -6.438854e-01
    outer loop
      vertex  1.199604e+04 -6.384617e+03  6.127419e+03
      vertex  1.208993e+04 -6.533479e+03  6.283683e+03
      vertex  1.207615e+04 -6.556203e+03  6.313000e+03
    endloop
  endfacet
  facet normal -9.021403e-02 -7.661731e-01 -6.362705e-01
    outer loop
      vertex  1.207615e+04 -6.556203e+03  6.313000e+03
      vertex  1.208993e+04 -6.533479e+03  6.283683e+03
      vertex  1.218556e+04 -6.466396e+03  6.189346e+03
    endloop
  endfacet
  facet normal -9.915681e-02 -7.613676e-01 -6.406929e-01
    outer loop
      vertex  1.207615e+04 -6.556203e+03  6.313000e+03
      vertex  1.218556e+04 -6.466396e+03  6.189346e+03
      vertex  1.229986e+04 -6.585337e+03  6.313000e+03
    endloop
  endfacet
  facet normal -9.458975e-02 -7.726324e-01 -6.277674e-01
    outer loop
      vertex  1.205926e+04 -6.600000e+03  6.368665e+03
      vertex  1.199408e+04 -6.632304e+03  6.418246e+03
      vertex  1.182192e+04 -6.600000e+03  6.404428e+03
    endloop
  endfacet
  facet normal -9.554560e-02 -7.759227e-01 -6.235504e-01
    outer loop
      vertex  1.182192e+04 -6.600000e+03  6.404428e+03
      vertex  1.199408e+04 -6.632304e+03  6.418246e+03
      vertex  1.190482e+04 -6.696773e+03  6.512146e+03
    endloop
  endfacet
  facet normal -8.730226e-02 -7.735173e-01 -6.277336e-01
    outer loop
      vertex  1.182192e+04 -6.600000e+03  6.404428e+03
      vertex  1.190482e+04 -6.696773e+03  6.512146e+03
      vertex  1.181622e+04 -6.682316e+03  6.506653e+03
    endloop
  endfacet
  facet normal -9.092689e-02 -7.883904e-01 -6.084183e-01
    outer loop
      vertex  1.181622e+04 -6.682316e+03  6.506653e+03
      vertex  1.190482e+04 -6.696773e+03  6.512146e+03
      vertex  1.190420e+04 -6.775586e+03  6.614365e+03
    endloop
  endfacet
  facet normal -8.231775e-02 -7.856936e-01 -6.131144e-01
    outer loop
      vertex  1.181622e+04 -6.682316e+03  6.506653e+03
      vertex  1.190420e+04 -6.775586e+03  6.614365e+03
      vertex  1.181563e+04 -6.762162e+03  6.609054e+03
    endloop
  endfacet
  facet normal -8.580978e-02 -8.007196e-01 -5.928615e-01
    outer loop
      vertex  1.181563e+04 -6.762162e+03  6.609054e+03
      vertex  1.190420e+04 -6.775586e+03  6.614365e+03
      vertex  1.190359e+04 -6.852556e+03  6.718408e+03
    endloop
  endfacet
  facet normal -7.742590e-02 -7.981413e-01 -5.974745e-01
    outer loop
      vertex  1.181563e+04 -6.762162e+03  6.609054e+03
      vertex  1.190359e+04 -6.852556e+03  6.718408e+03
      vertex  1.181505e+04 -6.840142e+03  6.713299e+03
    endloop
  endfacet
  facet normal -8.074254e-02 -8.131410e-01 -5.764393e-01
    outer loop
      vertex  1.181505e+04 -6.840142e+03  6.713299e+03
      vertex  1.190359e+04 -6.852556e+03  6.718408e+03
      vertex  1.190303e+04 -6.927381e+03  6.824037e+03
    endloop
  endfacet
  facet normal -7.254747e-02 -8.106645e-01 -5.809990e-01
    outer loop
      vertex  1.181505e+04 -6.840142e+03  6.713299e+03
      vertex  1.190303e+04 -6.927381e+03  6.824037e+03
      vertex  1.181451e+04 -6.915619e+03  6.818679e+03
    endloop
  endfacet
  facet normal -7.585165e-02 -8.255832e-01 -5.591592e-01
    outer loop
      vertex  1.181451e+04 -6.915619e+03  6.818679e+03
      vertex  1.190303e+04 -6.927381e+03  6.824037e+03
      vertex  1.190250e+04 -7.000159e+03  6.931563e+03
    endloop
  endfacet
  facet normal -6.771895e-02 -8.231930e-01 -5.637086e-01
    outer loop
      vertex  1.181451e+04 -6.915619e+03  6.818679e+03
      vertex  1.190250e+04 -7.000159e+03  6.931563e+03
      vertex  1.181400e+04 -6.989042e+03  6.925961e+03
    endloop
  endfacet
  facet normal -7.198983e-02 -8.423069e-01 -5.341691e-01
    outer loop
      vertex  1.181400e+04 -6.989042e+03  6.925961e+03
      vertex  1.190250e+04 -7.000159e+03  6.931563e+03
      vertex  1.190173e+04 -7.120022e+03  7.120675e+03
    endloop
  endfacet
  facet normal -5.876088e-02 -8.403666e-01 -5.388239e-01
    outer loop
      vertex  1.181400e+04 -6.989042e+03  6.925961e+03
      vertex  1.190173e+04 -7.120022e+03  7.120675e+03
      vertex  1.181327e+04 -7.110255e+03  7.115089e+03
    endloop
  endfacet
  facet normal -6.370567e-02 -8.633113e-01 -5.006347e-01
    outer loop
      vertex  1.181327e+04 -7.110255e+03  7.115089e+03
      vertex  1.190173e+04 -7.120022e+03  7.120675e+03
      vertex  1.190117e+04 -7.233077e+03  7.315700e+03
    endloop
  endfacet
  facet normal -5.099007e-02 -8.615401e-01 -5.051224e-01
    outer loop
      vertex  1.181327e+04 -7.110255e+03  7.115089e+03
      vertex  1.190117e+04 -7.233077e+03  7.315700e+03
      vertex  1.181274e+04 -7.224600e+03  7.310169e+03
    endloop
  endfacet
  facet normal -5.562597e-02 -8.836370e-01 -4.648564e-01
    outer loop
      vertex  1.181274e+04 -7.224600e+03  7.310169e+03
      vertex  1.190117e+04 -7.233077e+03  7.315700e+03
      vertex  1.190090e+04 -7.338873e+03  7.516838e+03
    endloop
  endfacet
  facet normal -4.348345e-02 -8.820442e-01 -4.691558e-01
    outer loop
      vertex  1.181274e+04 -7.224600e+03  7.310169e+03
      vertex  1.190090e+04 -7.338873e+03  7.516838e+03
      vertex  1.181248e+04 -7.331623e+03  7.511403e+03
    endloop
  endfacet
  facet normal -4.680819e-02 -8.983390e-01 -4.368020e-01
    outer loop
      vertex  1.181248e+04 -7.331623e+03  7.511403e+03
      vertex  1.190090e+04 -7.338873e+03  7.516838e+03
      vertex  1.190090e+04 -7.389081e+03  7.620097e+03
    endloop
  endfacet
  facet normal -4.075788e-02 -8.966615e-01 -4.408368e-01
    outer loop
      vertex  1.181248e+04 -7.331623e+03  7.511403e+03
      vertex  1.190090e+04 -7.389081e+03  7.620097e+03
      vertex  1.181248e+04 -7.382413e+03  7.614710e+03
    endloop
  endfacet
  facet normal -4.301661e-02 -9.076955e-01 -4.174187e-01
    outer loop
      vertex  1.181248e+04 -7.382413e+03  7.614710e+03
      vertex  1.190090e+04 -7.389081e+03  7.620097e+03
      vertex  1.190099e+04 -7.437312e+03  7.724968e+03
    endloop
  endfacet
  facet normal -3.713500e-02 -9.061319e-01 -4.213619e-01
    outer loop
      vertex  1.181248e+04 -7.382413e+03  7.614710e+03
      vertex  1.190099e+04 -7.437312e+03  7.724968e+03
      vertex  1.181257e+04 -7.431210e+03  7.719639e+03
    endloop
  endfacet
  facet normal -3.928654e-02 -9.166650e-01 -3.977207e-01
    outer loop
      vertex  1.181257e+04 -7.431210e+03  7.719639e+03
      vertex  1.190099e+04 -7.437312e+03  7.724968e+03
      vertex  1.190120e+04 -7.483231e+03  7.830783e+03
    endloop
  endfacet
  facet normal -3.362631e-02 -9.152168e-01 -4.015563e-01
    outer loop
      vertex  1.181257e+04 -7.431210e+03  7.719639e+03
      vertex  1.190120e+04 -7.483231e+03  7.830783e+03
      vertex  1.181277e+04 -7.477686e+03  7.825550e+03
    endloop
  endfacet
  facet normal -3.566167e-02 -9.252172e-01 -3.777584e-01
    outer loop
      vertex  1.181277e+04 -7.477686e+03  7.825550e+03
      vertex  1.190120e+04 -7.483231e+03  7.830783e+03
      vertex  1.190152e+04 -7.527116e+03  7.938236e+03
    endloop
  endfacet
  facet normal -3.019549e-02 -9.238843e-01 -3.814788e-01
    outer loop
      vertex  1.181277e+04 -7.477686e+03  7.825550e+03
      vertex  1.190152e+04 -7.527116e+03  7.938236e+03
      vertex  1.181308e+04 -7.522108e+03  7.933108e+03
    endloop
  endfacet
  facet normal -3.239478e-02 -9.346578e-01 -3.540700e-01
    outer loop
      vertex  1.181308e+04 -7.522108e+03  7.933108e+03
      vertex  1.190152e+04 -7.527116e+03  7.938236e+03
      vertex  1.190215e+04 -7.582573e+03  8.084573e+03
    endloop
  endfacet
  facet normal -2.547499e-02 -9.334981e-01 -3.576763e-01
    outer loop
      vertex  1.181308e+04 -7.522108e+03  7.933108e+03
      vertex  1.190215e+04 -7.582573e+03  8.084573e+03
      vertex  1.181369e+04 -7.578247e+03  8.079581e+03
    endloop
  endfacet
  facet normal -2.777530e-02 -9.447363e-01 -3.266526e-01
    outer loop
      vertex  1.181369e+04 -7.578247e+03  8.079581e+03
      vertex  1.190215e+04 -7.582573e+03  8.084573e+03
      vertex  1.190304e+04 -7.634243e+03  8.233936e+03
    endloop
  endfacet
  facet normal -2.118784e-02 -9.437104e-01 -3.300936e-01
    outer loop
      vertex  1.181369e+04 -7.578247e+03  8.079581e+03
      vertex  1.190304e+04 -7.634243e+03  8.233936e+03
      vertex  1.181454e+04 -7.630563e+03  8.229096e+03
    endloop
  endfacet
  facet normal -2.541263e-01 -6.304044e-01 -7.334917e-01
    outer loop
      vertex  1.209304e+04 -4.580664e+03  4.446312e+03
      vertex  1.199678e+04 -4.371900e+03  4.300241e+03
      vertex  1.209155e+04 -4.398196e+03  4.290006e+03
    endloop
  endfacet
  facet normal -2.545825e-01 -6.329723e-01 -7.311183e-01
    outer loop
      vertex  1.209155e+04 -4.398196e+03  4.290006e+03
      vertex  1.199678e+04 -4.371900e+03  4.300241e+03
      vertex  1.199505e+04 -4.193661e+03  4.146531e+03
    endloop
  endfacet
  facet normal -2.700703e-01 -6.350755e-01 -7.236995e-01
    outer loop
      vertex  1.209155e+04 -4.398196e+03  4.290006e+03
      vertex  1.199505e+04 -4.193661e+03  4.146531e+03
      vertex  1.208976e+04 -4.223076e+03  4.137000e+03
    endloop
  endfacet
  facet normal -2.713599e-01 -6.411172e-01 -7.178667e-01
    outer loop
      vertex  1.208976e+04 -4.223076e+03  4.137000e+03
      vertex  1.199505e+04 -4.193661e+03  4.146531e+03
      vertex  1.199306e+04 -4.024034e+03  3.995792e+03
    endloop
  endfacet
  facet normal -2.860636e-01 -6.429930e-01 -7.104418e-01
    outer loop
      vertex  1.208976e+04 -4.223076e+03  4.137000e+03
      vertex  1.199306e+04 -4.024034e+03  3.995792e+03
      vertex  1.208770e+04 -4.056323e+03  3.986907e+03
    endloop
  endfacet
  facet normal -2.878856e-01 -6.504028e-01 -7.029211e-01
    outer loop
      vertex  1.208770e+04 -4.056323e+03  3.986907e+03
      vertex  1.199306e+04 -4.024034e+03  3.995792e+03
      vertex  1.190418e+04 -3.960135e+03  3.973067e+03
    endloop
  endfacet
  facet normal -2.872000e-01 -6.492838e-01 -7.042348e-01
    outer loop
      vertex  1.208770e+04 -4.056323e+03  3.986907e+03
      vertex  1.190418e+04 -3.960135e+03  3.973067e+03
      vertex  1.199517e+04 -3.930000e+03  3.908175e+03
    endloop
  endfacet
  facet normal -1.036135e-01 -7.437527e-01 -6.603757e-01
    outer loop
      vertex  1.169594e+04 -6.366024e+03  6.155712e+03
      vertex  1.181865e+04 -6.347820e+03  6.115958e+03
      vertex  1.181744e+04 -6.518077e+03  6.307899e+03
    endloop
  endfacet
  facet normal -1.121079e-01 -7.430369e-01 -6.597939e-01
    outer loop
      vertex  1.181744e+04 -6.518077e+03  6.307899e+03
      vertex  1.181865e+04 -6.347820e+03  6.115958e+03
      vertex  1.190734e+04 -6.365812e+03  6.121148e+03
    endloop
  endfacet
  facet normal -9.646065e-02 -7.481757e-01 -6.564513e-01
    outer loop
      vertex  1.181744e+04 -6.518077e+03  6.307899e+03
      vertex  1.190734e+04 -6.365812e+03  6.121148e+03
      vertex  1.186403e+04 -6.528560e+03  6.313000e+03
    endloop
  endfacet
  facet normal -1.115373e-01 -7.452586e-01 -6.573803e-01
    outer loop
      vertex  1.186403e+04 -6.528560e+03  6.313000e+03
      vertex  1.190734e+04 -6.365812e+03  6.121148e+03
      vertex  1.199604e+04 -6.384617e+03  6.127419e+03
    endloop
  endfacet
  facet normal -9.792916e-02 -7.514390e-01 -6.524947e-01
    outer loop
      vertex  1.186403e+04 -6.528560e+03  6.313000e+03
      vertex  1.199604e+04 -6.384617e+03  6.127419e+03
      vertex  1.207615e+04 -6.556203e+03  6.313000e+03
    endloop
  endfacet
  facet normal -2.568354e-01 -6.304138e-01 -7.325395e-01
    outer loop
      vertex  1.181861e+04 -4.209992e+03  4.223125e+03
      vertex  1.169563e+04 -4.100461e+03  4.171981e+03
      vertex  1.181697e+04 -4.041865e+03  4.079011e+03
    endloop
  endfacet
  facet normal -2.571231e-01 -6.300941e-01 -7.327135e-01
    outer loop
      vertex  1.181697e+04 -4.041865e+03  4.079011e+03
      vertex  1.169563e+04 -4.100461e+03  4.171981e+03
      vertex  1.167560e+04 -3.930000e+03  4.032423e+03
    endloop
  endfacet
  facet normal -2.684364e-01 -6.393284e-01 -7.205562e-01
    outer loop
      vertex  1.181697e+04 -4.041865e+03  4.079011e+03
      vertex  1.167560e+04 -3.930000e+03  4.032423e+03
      vertex  1.182529e+04 -3.930000e+03  3.976658e+03
    endloop
  endfacet
  facet normal -2.481665e-01 -6.309581e-01 -7.350545e-01
    outer loop
      vertex  1.167560e+04 -3.930000e+03  4.032423e+03
      vertex  1.169563e+04 -4.100461e+03  4.171981e+03
      vertex  1.157320e+04 -4.056919e+03  4.175939e+03
    endloop
  endfacet
  facet normal -2.451353e-01 -6.216250e-01 -7.439698e-01
    outer loop
      vertex  1.157320e+04 -4.056919e+03  4.175939e+03
      vertex  1.169563e+04 -4.100461e+03  4.171981e+03
      vertex  1.169696e+04 -4.267800e+03  4.311362e+03
    endloop
  endfacet
  facet normal -2.346886e-01 -6.190326e-01 -7.494798e-01
    outer loop
      vertex  1.157320e+04 -4.056919e+03  4.175939e+03
      vertex  1.169696e+04 -4.267800e+03  4.311362e+03
      vertex  1.157441e+04 -4.225596e+03  4.314879e+03
    endloop
  endfacet
  facet normal -2.331211e-01 -6.141038e-01 -7.540099e-01
    outer loop
      vertex  1.157441e+04 -4.225596e+03  4.314879e+03
      vertex  1.169696e+04 -4.267800e+03  4.311362e+03
      vertex  1.169896e+04 -4.621515e+03  4.598828e+03
    endloop
  endfacet
  facet normal -2.108650e-01 -6.126322e-01 -7.617201e-01
    outer loop
      vertex  1.157441e+04 -4.225596e+03  4.314879e+03
      vertex  1.169896e+04 -4.621515e+03  4.598828e+03
      vertex  1.157623e+04 -4.582378e+03  4.601327e+03
    endloop
  endfacet
  facet normal -2.115667e-01 -6.149655e-01 -7.596427e-01
    outer loop
      vertex  1.157623e+04 -4.582378e+03  4.601327e+03
      vertex  1.169896e+04 -4.621515e+03  4.598828e+03
      vertex  1.169998e+04 -4.994140e+03  4.900203e+03
    endloop
  endfacet
  facet normal -1.863171e-01 -6.131888e-01 -7.676495e-01
    outer loop
      vertex  1.157623e+04 -4.582378e+03  4.601327e+03
      vertex  1.169998e+04 -4.994140e+03  4.900203e+03
      vertex  1.157715e+04 -4.958510e+03  4.901553e+03
    endloop
  endfacet
  facet normal -1.892241e-01 -6.235555e-01 -7.585332e-01
    outer loop
      vertex  1.157715e+04 -4.958510e+03  4.901553e+03
      vertex  1.169998e+04 -4.994140e+03  4.900203e+03
      vertex  1.170010e+04 -5.184923e+03  5.057005e+03
    endloop
  endfacet
  facet normal -1.749951e-01 -6.201011e-01 -7.647558e-01
    outer loop
      vertex  1.157715e+04 -4.958510e+03  4.901553e+03
      vertex  1.170010e+04 -5.184923e+03  5.057005e+03
      vertex  1.157727e+04 -5.151178e+03  5.057750e+03
    endloop
  endfacet
  facet normal -1.789787e-01 -6.348922e-01 -7.515840e-01
    outer loop
      vertex  1.157727e+04 -5.151178e+03  5.057750e+03
      vertex  1.170010e+04 -5.184923e+03  5.057005e+03
      vertex  1.169982e+04 -5.473566e+03  5.300900e+03
    endloop
  endfacet
  facet normal -1.573994e-01 -6.320880e-01 -7.587425e-01
    outer loop
      vertex  1.157727e+04 -5.151178e+03  5.057750e+03
      vertex  1.169982e+04 -5.473566e+03  5.300900e+03
      vertex  1.157702e+04 -5.442770e+03  5.300720e+03
    endloop
  endfacet
  facet normal -1.617685e-01 -6.494192e-01 -7.430246e-01
    outer loop
      vertex  1.157702e+04 -5.442770e+03  5.300720e+03
      vertex  1.169982e+04 -5.473566e+03  5.300900e+03
      vertex  1.169947e+04 -5.623879e+03  5.432354e+03
    endloop
  endfacet
  facet normal -1.497187e-01 -6.455448e-01 -7.489033e-01
    outer loop
      vertex  1.157702e+04 -5.442770e+03  5.300720e+03
      vertex  1.169947e+04 -5.623879e+03  5.432354e+03
      vertex  1.157669e+04 -5.596465e+03  5.433269e+03
    endloop
  endfacet
  facet normal -1.530772e-01 -6.610650e-01 -7.345477e-01
    outer loop
      vertex  1.157669e+04 -5.596465e+03  5.433269e+03
      vertex  1.169947e+04 -5.623879e+03  5.432354e+03
      vertex  1.169898e+04 -5.773518e+03  5.567124e+03
    endloop
  endfacet
  facet normal -1.413404e-01 -6.572847e-01 -7.402700e-01
    outer loop
      vertex  1.157669e+04 -5.596465e+03  5.433269e+03
      vertex  1.169898e+04 -5.773518e+03  5.567124e+03
      vertex  1.157624e+04 -5.749483e+03  5.569218e+03
    endloop
  endfacet
  facet normal -1.441771e-01 -6.730673e-01 -7.253920e-01
    outer loop
      vertex  1.157624e+04 -5.749483e+03  5.569218e+03
      vertex  1.169898e+04 -5.773518e+03  5.567124e+03
      vertex  1.169849e+04 -5.896073e+03  5.680937e+03
    endloop
  endfacet
  facet normal -1.344090e-01 -6.691189e-01 -7.308996e-01
    outer loop
      vertex  1.157624e+04 -5.749483e+03  5.569218e+03
      vertex  1.169849e+04 -5.896073e+03  5.680937e+03
      vertex  1.157580e+04 -5.871564e+03  5.681061e+03
    endloop
  endfacet
  facet normal -1.375308e-01 -6.848225e-01 -7.156140e-01
    outer loop
      vertex  1.157580e+04 -5.871564e+03  5.681061e+03
      vertex  1.169849e+04 -5.896073e+03  5.680937e+03
      vertex  1.169792e+04 -6.017487e+03  5.797235e+03
    endloop
  endfacet
  facet normal -1.272766e-01 -6.807936e-01 -7.213326e-01
    outer loop
      vertex  1.157580e+04 -5.871564e+03  5.681061e+03
      vertex  1.169792e+04 -6.017487e+03  5.797235e+03
      vertex  1.157530e+04 -5.992537e+03  5.795324e+03
    endloop
  endfacet
  facet normal -1.315913e-01 -7.004758e-01 -7.014394e-01
    outer loop
      vertex  1.157530e+04 -5.992537e+03  5.795324e+03
      vertex  1.169792e+04 -6.017487e+03  5.797235e+03
      vertex  1.169698e+04 -6.193813e+03  5.973495e+03
    endloop
  endfacet
  facet normal -1.164807e-01 -6.968651e-01 -7.076802e-01
    outer loop
      vertex  1.157530e+04 -5.992537e+03  5.795324e+03
      vertex  1.169698e+04 -6.193813e+03  5.973495e+03
      vertex  1.157445e+04 -6.170834e+03  5.971036e+03
    endloop
  endfacet
  facet normal -1.215275e-01 -7.210450e-01 -6.821474e-01
    outer loop
      vertex  1.157445e+04 -6.170834e+03  5.971036e+03
      vertex  1.169698e+04 -6.193813e+03  5.973495e+03
      vertex  1.169594e+04 -6.366024e+03  6.155712e+03
    endloop
  endfacet
  facet normal -1.063806e-01 -7.175105e-01 -6.883762e-01
    outer loop
      vertex  1.157445e+04 -6.170834e+03  5.971036e+03
      vertex  1.169594e+04 -6.366024e+03  6.155712e+03
      vertex  1.157351e+04 -6.345009e+03  6.152728e+03
    endloop
  endfacet
  facet normal -1.116432e-01 -7.439722e-01 -6.588179e-01
    outer loop
      vertex  1.157351e+04 -6.345009e+03  6.152728e+03
      vertex  1.169594e+04 -6.366024e+03  6.155712e+03
      vertex  1.175792e+04 -6.514610e+03  6.313000e+03
    endloop
  endfacet
  facet normal -9.834248e-02 -7.379047e-01 -6.677017e-01
    outer loop
      vertex  1.157351e+04 -6.345009e+03  6.152728e+03
      vertex  1.175792e+04 -6.514610e+03  6.313000e+03
      vertex  1.159872e+04 -6.493393e+03  6.313000e+03
    endloop
  endfacet
  facet normal -4.387027e-02 -8.783995e-01 -4.759095e-01
    outer loop
      vertex  1.156877e+04 -7.216121e+03  7.321794e+03
      vertex  1.169049e+04 -7.331878e+03  7.524230e+03
      vertex  1.156859e+04 -7.322736e+03  7.518592e+03
    endloop
  endfacet
  facet normal -4.748439e-02 -9.001359e-01 -4.330133e-01
    outer loop
      vertex  1.156859e+04 -7.322736e+03  7.518592e+03
      vertex  1.169049e+04 -7.331878e+03  7.524230e+03
      vertex  1.169061e+04 -7.429617e+03  7.727394e+03
    endloop
  endfacet
  facet normal -3.639915e-02 -8.980350e-01 -4.384156e-01
    outer loop
      vertex  1.156859e+04 -7.322736e+03  7.518592e+03
      vertex  1.169061e+04 -7.429617e+03  7.727394e+03
      vertex  1.156870e+04 -7.421810e+03  7.721522e+03
    endloop
  endfacet
  facet normal -3.907073e-02 -9.139030e-01 -4.040479e-01
    outer loop
      vertex  1.156870e+04 -7.421810e+03  7.721522e+03
      vertex  1.169061e+04 -7.429617e+03  7.727394e+03
      vertex  1.169080e+04 -7.475573e+03  7.831322e+03
    endloop
  endfacet
  facet normal -3.350680e-02 -9.118220e-01 -4.092163e-01
    outer loop
      vertex  1.156870e+04 -7.421810e+03  7.721522e+03
      vertex  1.169080e+04 -7.475573e+03  7.831322e+03
      vertex  1.156888e+04 -7.468409e+03  7.825342e+03
    endloop
  endfacet
  facet normal -3.536159e-02 -9.225505e-01 -3.842528e-01
    outer loop
      vertex  1.156888e+04 -7.468409e+03  7.825342e+03
      vertex  1.169080e+04 -7.475573e+03  7.831322e+03
      vertex  1.169110e+04 -7.519535e+03  7.936841e+03
    endloop
  endfacet
  facet normal -2.992819e-02 -9.206157e-01 -3.893214e-01
    outer loop
      vertex  1.156888e+04 -7.468409e+03  7.825342e+03
      vertex  1.169110e+04 -7.519535e+03  7.936841e+03
      vertex  1.156915e+04 -7.512998e+03  7.930759e+03
    endloop
  endfacet
  facet normal -3.196643e-02 -9.320970e-01 -3.607954e-01
    outer loop
      vertex  1.156915e+04 -7.512998e+03  7.930759e+03
      vertex  1.169110e+04 -7.519535e+03  7.936841e+03
      vertex  1.169167e+04 -7.574986e+03  8.080047e+03
    endloop
  endfacet
  facet normal -2.503783e-02 -9.303706e-01 -3.657647e-01
    outer loop
      vertex  1.156915e+04 -7.512998e+03  7.930759e+03
      vertex  1.169167e+04 -7.574986e+03  8.080047e+03
      vertex  1.156967e+04 -7.569261e+03  8.073836e+03
    endloop
  endfacet
  facet normal -2.723051e-02 -9.422909e-01 -3.336859e-01
    outer loop
      vertex  1.156967e+04 -7.569261e+03  8.073836e+03
      vertex  1.169167e+04 -7.574986e+03  8.080047e+03
      vertex  1.169246e+04 -7.626754e+03  8.226170e+03
    endloop
  endfacet
  facet normal -2.054610e-02 -9.407454e-01 -3.384905e-01
    outer loop
      vertex  1.156967e+04 -7.569261e+03  8.073836e+03
      vertex  1.169246e+04 -7.626754e+03  8.226170e+03
      vertex  1.157039e+04 -7.621810e+03  8.219838e+03
    endloop
  endfacet
  facet normal -5.537169e-02 -8.807483e-01 -4.703366e-01
    outer loop
      vertex  1.169049e+04 -7.331878e+03  7.524230e+03
      vertex  1.156877e+04 -7.216121e+03  7.321794e+03
      vertex  1.169069e+04 -7.226659e+03  7.327173e+03
    endloop
  endfacet
  facet normal -5.157150e-02 -8.577648e-01 -5.114489e-01
    outer loop
      vertex  1.169069e+04 -7.226659e+03  7.327173e+03
      vertex  1.156877e+04 -7.216121e+03  7.321794e+03
      vertex  1.156917e+04 -7.102353e+03  7.130950e+03
    endloop
  endfacet
  facet normal -6.344862e-02 -8.603535e-01 -5.057332e-01
    outer loop
      vertex  1.169069e+04 -7.226659e+03  7.327173e+03
      vertex  1.156917e+04 -7.102353e+03  7.130950e+03
      vertex  1.169113e+04 -7.114341e+03  7.136043e+03
    endloop
  endfacet
  facet normal -5.947061e-02 -8.364699e-01 -5.447764e-01
    outer loop
      vertex  1.169113e+04 -7.114341e+03  7.136043e+03
      vertex  1.156917e+04 -7.102353e+03  7.130950e+03
      vertex  1.156974e+04 -6.981856e+03  6.945873e+03
    endloop
  endfacet
  facet normal -7.167044e-02 -8.392837e-01 -5.389493e-01
    outer loop
      vertex  1.169113e+04 -7.114341e+03  7.136043e+03
      vertex  1.156974e+04 -6.981856e+03  6.945873e+03
      vertex  1.169178e+04 -6.995348e+03  6.950654e+03
    endloop
  endfacet
  facet normal -6.828295e-02 -8.193620e-01 -5.691953e-01
    outer loop
      vertex  1.169178e+04 -6.995348e+03  6.950654e+03
      vertex  1.156974e+04 -6.981856e+03  6.945873e+03
      vertex  1.157013e+04 -6.910669e+03  6.843352e+03
    endloop
  endfacet
  facet normal -7.555617e-02 -8.226325e-01 -5.635309e-01
    outer loop
      vertex  1.169178e+04 -6.995348e+03  6.950654e+03
      vertex  1.157013e+04 -6.910669e+03  6.843352e+03
      vertex  1.169221e+04 -6.924720e+03  6.847495e+03
    endloop
  endfacet
  facet normal -7.300409e-02 -8.070654e-01 -5.859315e-01
    outer loop
      vertex  1.169221e+04 -6.924720e+03  6.847495e+03
      vertex  1.157013e+04 -6.910669e+03  6.843352e+03
      vertex  1.157055e+04 -6.837555e+03  6.742590e+03
    endloop
  endfacet
  facet normal -8.024177e-02 -8.104211e-01 -5.803265e-01
    outer loop
      vertex  1.169221e+04 -6.924720e+03  6.847495e+03
      vertex  1.157055e+04 -6.837555e+03  6.742590e+03
      vertex  1.169268e+04 -6.852162e+03  6.746104e+03
    endloop
  endfacet
  facet normal -7.770267e-02 -7.944784e-01 -6.023008e-01
    outer loop
      vertex  1.169268e+04 -6.852162e+03  6.746104e+03
      vertex  1.157055e+04 -6.837555e+03  6.742590e+03
      vertex  1.157103e+04 -6.758343e+03  6.638043e+03
    endloop
  endfacet
  facet normal -8.538191e-02 -7.979389e-01 -5.966603e-01
    outer loop
      vertex  1.169268e+04 -6.852162e+03  6.746104e+03
      vertex  1.157103e+04 -6.758343e+03  6.638043e+03
      vertex  1.169320e+04 -6.774215e+03  6.641787e+03
    endloop
  endfacet
  facet normal -8.260594e-02 -7.816564e-01 -6.182147e-01
    outer loop
      vertex  1.169320e+04 -6.774215e+03  6.641787e+03
      vertex  1.157103e+04 -6.758343e+03  6.638043e+03
      vertex  1.157152e+04 -6.677196e+03  6.535376e+03
    endloop
  endfacet
  facet normal -9.050172e-02 -7.852803e-01 -6.124903e-01
    outer loop
      vertex  1.169320e+04 -6.774215e+03  6.641787e+03
      vertex  1.157152e+04 -6.677196e+03  6.535376e+03
      vertex  1.169375e+04 -6.694362e+03  6.539326e+03
    endloop
  endfacet
  facet normal -8.757684e-02 -7.691763e-01 -6.330073e-01
    outer loop
      vertex  1.169375e+04 -6.694362e+03  6.539326e+03
      vertex  1.157152e+04 -6.677196e+03  6.535376e+03
      vertex  1.156403e+04 -6.600000e+03  6.442612e+03
    endloop
  endfacet
  facet normal -9.294201e-02 -7.721019e-01 -6.286657e-01
    outer loop
      vertex  1.169375e+04 -6.694362e+03  6.539326e+03
      vertex  1.156403e+04 -6.600000e+03  6.442612e+03
      vertex  1.173604e+04 -6.600000e+03  6.417181e+03
    endloop
  endfacet
  facet normal -3.738492e-02 -8.943315e-01 -4.458402e-01
    outer loop
      vertex  1.137830e+04 -7.311053e+03  7.515295e+03
      vertex  1.144688e+04 -7.415482e+03  7.719024e+03
      vertex  1.137840e+04 -7.411416e+03  7.716610e+03
    endloop
  endfacet
  facet normal -3.941959e-02 -9.095436e-01 -4.137351e-01
    outer loop
      vertex  1.137840e+04 -7.411416e+03  7.716610e+03
      vertex  1.144688e+04 -7.415482e+03  7.719024e+03
      vertex  1.144704e+04 -7.462429e+03  7.822216e+03
    endloop
  endfacet
  facet normal -3.409213e-02 -9.084243e-01 -4.166571e-01
    outer loop
      vertex  1.137840e+04 -7.411416e+03  7.716610e+03
      vertex  1.144704e+04 -7.462429e+03  7.822216e+03
      vertex  1.137854e+04 -7.458661e+03  7.819605e+03
    endloop
  endfacet
  facet normal -3.551431e-02 -9.184828e-01 -3.938629e-01
    outer loop
      vertex  1.137854e+04 -7.458661e+03  7.819605e+03
      vertex  1.144704e+04 -7.462429e+03  7.822216e+03
      vertex  1.144728e+04 -7.507370e+03  7.926995e+03
    endloop
  endfacet
  facet normal -3.024200e-02 -9.174250e-01 -3.967577e-01
    outer loop
      vertex  1.137854e+04 -7.458661e+03  7.819605e+03
      vertex  1.144728e+04 -7.507370e+03  7.926995e+03
      vertex  1.137876e+04 -7.503896e+03  7.924186e+03
    endloop
  endfacet
  facet normal -3.188113e-02 -9.283623e-01 -3.703068e-01
    outer loop
      vertex  1.137876e+04 -7.503896e+03  7.924186e+03
      vertex  1.144728e+04 -7.507370e+03  7.926995e+03
      vertex  1.144774e+04 -7.564109e+03  8.069203e+03
    endloop
  endfacet
  facet normal -2.501526e-02 -9.274210e-01 -3.731816e-01
    outer loop
      vertex  1.137876e+04 -7.503896e+03  7.924186e+03
      vertex  1.144774e+04 -7.564109e+03  8.069203e+03
      vertex  1.137918e+04 -7.561022e+03  8.066125e+03
    endloop
  endfacet
  facet normal -2.688633e-02 -9.389337e-01 -3.430460e-01
    outer loop
      vertex  1.137918e+04 -7.561022e+03  8.066125e+03
      vertex  1.144774e+04 -7.564109e+03  8.069203e+03
      vertex  1.144837e+04 -7.617144e+03  8.214312e+03
    endloop
  endfacet
  facet normal -2.013640e-02 -9.380666e-01 -3.458692e-01
    outer loop
      vertex  1.137918e+04 -7.561022e+03  8.066125e+03
      vertex  1.144837e+04 -7.617144e+03  8.214312e+03
      vertex  1.137976e+04 -7.614437e+03  8.210963e+03
    endloop
  endfacet
  facet normal -4.803769e-02 -8.953454e-01 -4.427741e-01
    outer loop
      vertex  1.144688e+04 -7.415482e+03  7.719024e+03
      vertex  1.137830e+04 -7.311053e+03  7.515295e+03
      vertex  1.144678e+04 -7.315726e+03  7.517316e+03
    endloop
  endfacet
  facet normal -4.540589e-02 -8.742946e-01 -4.832672e-01
    outer loop
      vertex  1.144678e+04 -7.315726e+03  7.517316e+03
      vertex  1.137830e+04 -7.311053e+03  7.515295e+03
      vertex  1.137843e+04 -7.203149e+03  7.320071e+03
    endloop
  endfacet
  facet normal -5.623295e-02 -8.753878e-01 -4.801396e-01
    outer loop
      vertex  1.144678e+04 -7.315726e+03  7.517316e+03
      vertex  1.137843e+04 -7.203149e+03  7.320071e+03
      vertex  1.144692e+04 -7.208444e+03  7.321703e+03
    endloop
  endfacet
  facet normal -5.360499e-02 -8.532735e-01 -5.187010e-01
    outer loop
      vertex  1.144692e+04 -7.208444e+03  7.321703e+03
      vertex  1.137843e+04 -7.203149e+03  7.320071e+03
      vertex  1.137874e+04 -7.088091e+03  7.130766e+03
    endloop
  endfacet
  facet normal -6.458520e-02 -8.544421e-01 -5.155168e-01
    outer loop
      vertex  1.144692e+04 -7.208444e+03  7.321703e+03
      vertex  1.137874e+04 -7.088091e+03  7.130766e+03
      vertex  1.144727e+04 -7.094020e+03  7.132008e+03
    endloop
  endfacet
  facet normal -6.195055e-02 -8.316162e-01 -5.518847e-01
    outer loop
      vertex  1.144727e+04 -7.094020e+03  7.132008e+03
      vertex  1.137874e+04 -7.088091e+03  7.130766e+03
      vertex  1.137919e+04 -6.966303e+03  6.947197e+03
    endloop
  endfacet
  facet normal -7.301984e-02 -8.328505e-01 -5.486604e-01
    outer loop
      vertex  1.144727e+04 -7.094020e+03  7.132008e+03
      vertex  1.137919e+04 -6.966303e+03  6.947197e+03
      vertex  1.144776e+04 -6.972877e+03  6.948051e+03
    endloop
  endfacet
  facet normal -7.037362e-02 -8.096700e-01 -5.826510e-01
    outer loop
      vertex  1.144776e+04 -6.972877e+03  6.948051e+03
      vertex  1.137919e+04 -6.966303e+03  6.947197e+03
      vertex  1.137975e+04 -6.838246e+03  6.769178e+03
    endloop
  endfacet
  facet normal -8.150963e-02 -8.109641e-01 -5.793906e-01
    outer loop
      vertex  1.144776e+04 -6.972877e+03  6.948051e+03
      vertex  1.137975e+04 -6.838246e+03  6.769178e+03
      vertex  1.144838e+04 -6.845476e+03  6.769644e+03
    endloop
  endfacet
  facet normal -7.885253e-02 -7.877741e-01 -6.108961e-01
    outer loop
      vertex  1.144838e+04 -6.845476e+03  6.769644e+03
      vertex  1.137975e+04 -6.838246e+03  6.769178e+03
      vertex  1.138037e+04 -6.704414e+03  6.596516e+03
    endloop
  endfacet
  facet normal -9.001473e-02 -7.891197e-01 -6.076080e-01
    outer loop
      vertex  1.144838e+04 -6.845476e+03  6.769644e+03
      vertex  1.138037e+04 -6.704414e+03  6.596516e+03
      vertex  1.144906e+04 -6.712309e+03  6.596593e+03
    endloop
  endfacet
  facet normal -8.767476e-02 -7.690104e-01 -6.331951e-01
    outer loop
      vertex  1.144906e+04 -6.712309e+03  6.596593e+03
      vertex  1.138037e+04 -6.704414e+03  6.596516e+03
      vertex  1.139171e+04 -6.600000e+03  6.468136e+03
    endloop
  endfacet
  facet normal -9.351591e-02 -7.698572e-01 -6.313277e-01
    outer loop
      vertex  1.144906e+04 -6.712309e+03  6.596593e+03
      vertex  1.139171e+04 -6.600000e+03  6.468136e+03
      vertex  1.156403e+04 -6.600000e+03  6.442612e+03
    endloop
  endfacet
  facet normal -1.543428e-01 -6.338187e-01 -7.579262e-01
    outer loop
      vertex  1.138504e+04 -5.333192e+03  5.249945e+03
      vertex  1.145396e+04 -5.511340e+03  5.384887e+03
      vertex  1.138481e+04 -5.499355e+03  5.388946e+03
    endloop
  endfacet
  facet normal -1.559491e-01 -6.469999e-01 -7.463720e-01
    outer loop
      vertex  1.138481e+04 -5.499355e+03  5.388946e+03
      vertex  1.145396e+04 -5.511340e+03  5.384887e+03
      vertex  1.145359e+04 -5.675009e+03  5.526843e+03
    endloop
  endfacet
  facet normal -1.460904e-01 -6.456310e-01 -7.495453e-01
    outer loop
      vertex  1.138481e+04 -5.499355e+03  5.388946e+03
      vertex  1.145359e+04 -5.675009e+03  5.526843e+03
      vertex  1.138447e+04 -5.665024e+03  5.531714e+03
    endloop
  endfacet
  facet normal -1.472741e-01 -6.601723e-01 -7.365344e-01
    outer loop
      vertex  1.138447e+04 -5.665024e+03  5.531714e+03
      vertex  1.145359e+04 -5.675009e+03  5.526843e+03
      vertex  1.145314e+04 -5.827833e+03  5.663914e+03
    endloop
  endfacet
  facet normal -1.379353e-01 -6.587387e-01 -7.396196e-01
    outer loop
      vertex  1.138447e+04 -5.665024e+03  5.531714e+03
      vertex  1.145314e+04 -5.827833e+03  5.663914e+03
      vertex  1.138406e+04 -5.817181e+03  5.667308e+03
    endloop
  endfacet
  facet normal -1.396350e-01 -6.744073e-01 -7.250358e-01
    outer loop
      vertex  1.138406e+04 -5.817181e+03  5.667308e+03
      vertex  1.145314e+04 -5.827833e+03  5.663914e+03
      vertex  1.145260e+04 -5.979043e+03  5.804668e+03
    endloop
  endfacet
  facet normal -1.296289e-01 -6.729167e-01 -7.282715e-01
    outer loop
      vertex  1.138406e+04 -5.817181e+03  5.667308e+03
      vertex  1.145260e+04 -5.979043e+03  5.804668e+03
      vertex  1.138358e+04 -5.967750e+03  5.806519e+03
    endloop
  endfacet
  facet normal -1.323978e-01 -6.930575e-01 -7.086198e-01
    outer loop
      vertex  1.138358e+04 -5.967750e+03  5.806519e+03
      vertex  1.145260e+04 -5.979043e+03  5.804668e+03
      vertex  1.145174e+04 -6.183380e+03  6.004679e+03
    endloop
  endfacet
  facet normal -1.180713e-01 -6.918929e-01 -7.122804e-01
    outer loop
      vertex  1.138358e+04 -5.967750e+03  5.806519e+03
      vertex  1.145174e+04 -6.183380e+03  6.004679e+03
      vertex  1.138280e+04 -6.172998e+03  6.006021e+03
    endloop
  endfacet
  facet normal -1.206209e-01 -7.113985e-01 -6.923602e-01
    outer loop
      vertex  1.138280e+04 -6.172998e+03  6.006021e+03
      vertex  1.145174e+04 -6.183380e+03  6.004679e+03
      vertex  1.145125e+04 -6.288427e+03  6.112699e+03
    endloop
  endfacet
  facet normal -1.129446e-01 -7.096733e-01 -6.954188e-01
    outer loop
      vertex  1.138280e+04 -6.172998e+03  6.006021e+03
      vertex  1.145125e+04 -6.288427e+03  6.112699e+03
      vertex  1.138235e+04 -6.278984e+03  6.114253e+03
    endloop
  endfacet
  facet normal -1.146372e-01 -7.246385e-01 -6.795273e-01
    outer loop
      vertex  1.138235e+04 -6.278984e+03  6.114253e+03
      vertex  1.145125e+04 -6.288427e+03  6.112699e+03
      vertex  1.145074e+04 -6.391731e+03  6.222948e+03
    endloop
  endfacet
  facet normal -1.071464e-01 -7.229752e-01 -6.825149e-01
    outer loop
      vertex  1.138235e+04 -6.278984e+03  6.114253e+03
      vertex  1.145074e+04 -6.391731e+03  6.222948e+03
      vertex  1.138189e+04 -6.383210e+03  6.224730e+03
    endloop
  endfacet
  facet normal -1.644433e-01 -6.352220e-01 -7.546201e-01
    outer loop
      vertex  1.145396e+04 -5.511340e+03  5.384887e+03
      vertex  1.138504e+04 -5.333192e+03  5.249945e+03
      vertex  1.145421e+04 -5.347182e+03  5.246647e+03
    endloop
  endfacet
  facet normal -1.624362e-01 -6.227663e-01 -7.653606e-01
    outer loop
      vertex  1.145421e+04 -5.347182e+03  5.246647e+03
      vertex  1.138504e+04 -5.333192e+03  5.249945e+03
      vertex  1.138516e+04 -5.115919e+03  5.073128e+03
    endloop
  endfacet
  facet normal -1.754148e-01 -6.238334e-01 -7.616177e-01
    outer loop
      vertex  1.145421e+04 -5.347182e+03  5.246647e+03
      vertex  1.138516e+04 -5.115919e+03  5.073128e+03
      vertex  1.145434e+04 -5.130797e+03  5.069379e+03
    endloop
  endfacet
  facet normal -1.737837e-01 -6.141906e-01 -7.697852e-01
    outer loop
      vertex  1.145434e+04 -5.130797e+03  5.069379e+03
      vertex  1.138516e+04 -5.115919e+03  5.073128e+03
      vertex  1.138511e+04 -4.972050e+03  4.958349e+03
    endloop
  endfacet
  facet normal -1.822428e-01 -6.156766e-01 -7.666355e-01
    outer loop
      vertex  1.145434e+04 -5.130797e+03  5.069379e+03
      vertex  1.138511e+04 -4.972050e+03  4.958349e+03
      vertex  1.145429e+04 -4.987506e+03  4.954316e+03
    endloop
  endfacet
  facet normal -1.809237e-01 -6.081253e-01 -7.729491e-01
    outer loop
      vertex  1.145429e+04 -4.987506e+03  4.954316e+03
      vertex  1.138511e+04 -4.972050e+03  4.958349e+03
      vertex  1.138472e+04 -4.688715e+03  4.735523e+03
    endloop
  endfacet
  facet normal -1.965597e-01 -6.086558e-01 -7.687018e-01
    outer loop
      vertex  1.145429e+04 -4.987506e+03  4.954316e+03
      vertex  1.138472e+04 -4.688715e+03  4.735523e+03
      vertex  1.145387e+04 -4.705291e+03  4.730968e+03
    endloop
  endfacet
  facet normal -1.960181e-01 -6.057231e-01 -7.711527e-01
    outer loop
      vertex  1.145387e+04 -4.705291e+03  4.730968e+03
      vertex  1.138472e+04 -4.688715e+03  4.735523e+03
      vertex  1.138340e+04 -4.281281e+03  4.415828e+03
    endloop
  endfacet
  facet normal -2.167879e-01 -6.052852e-01 -7.659196e-01
    outer loop
      vertex  1.145387e+04 -4.705291e+03  4.730968e+03
      vertex  1.138340e+04 -4.281281e+03  4.415828e+03
      vertex  1.145242e+04 -4.299419e+03  4.410628e+03
    endloop
  endfacet
  facet normal -2.178582e-01 -6.106748e-01 -7.613239e-01
    outer loop
      vertex  1.145242e+04 -4.299419e+03  4.410628e+03
      vertex  1.138340e+04 -4.281281e+03  4.415828e+03
      vertex  1.138244e+04 -4.088470e+03  4.261447e+03
    endloop
  endfacet
  facet normal -2.272004e-01 -6.114166e-01 -7.579905e-01
    outer loop
      vertex  1.145242e+04 -4.299419e+03  4.410628e+03
      vertex  1.138244e+04 -4.088470e+03  4.261447e+03
      vertex  1.145136e+04 -4.107326e+03  4.255999e+03
    endloop
  endfacet
  facet normal -2.285546e-01 -6.180428e-01 -7.521874e-01
    outer loop
      vertex  1.145136e+04 -4.107326e+03  4.255999e+03
      vertex  1.138244e+04 -4.088470e+03  4.261447e+03
      vertex  1.138159e+04 -3.949675e+03  4.147662e+03
    endloop
  endfacet
  facet normal -2.350662e-01 -6.190005e-01 -7.493879e-01
    outer loop
      vertex  1.145136e+04 -4.107326e+03  4.255999e+03
      vertex  1.138159e+04 -3.949675e+03  4.147662e+03
      vertex  1.145043e+04 -3.969038e+03  4.142064e+03
    endloop
  endfacet
  facet normal -2.357690e-01 -6.223718e-01 -7.463687e-01
    outer loop
      vertex  1.145043e+04 -3.969038e+03  4.142064e+03
      vertex  1.138159e+04 -3.949675e+03  4.147662e+03
      vertex  1.138332e+04 -3.930000e+03  4.130708e+03
    endloop
  endfacet
  facet normal -2.402407e-01 -6.282120e-01 -7.400230e-01
    outer loop
      vertex  1.145043e+04 -3.969038e+03  4.142064e+03
      vertex  1.138332e+04 -3.930000e+03  4.130708e+03
      vertex  1.152263e+04 -3.930000e+03  4.085484e+03
    endloop
  endfacet
  facet normal -4.365588e-02 -8.844696e-01 -4.645511e-01
    outer loop
      vertex  1.124146e+04 -7.291636e+03  7.492782e+03
      vertex  1.130987e+04 -7.349106e+03  7.595771e+03
      vertex  1.124146e+04 -7.344973e+03  7.594331e+03
    endloop
  endfacet
  facet normal -4.481697e-02 -8.958576e-01 -4.420754e-01
    outer loop
      vertex  1.124146e+04 -7.344973e+03  7.594331e+03
      vertex  1.130987e+04 -7.349106e+03  7.595771e+03
      vertex  1.130993e+04 -7.400163e+03  7.699229e+03
    endloop
  endfacet
  facet normal -3.935955e-02 -8.946611e-01 -4.450082e-01
    outer loop
      vertex  1.124146e+04 -7.344973e+03  7.594331e+03
      vertex  1.130993e+04 -7.400163e+03  7.699229e+03
      vertex  1.124152e+04 -7.396289e+03  7.697492e+03
    endloop
  endfacet
  facet normal -4.082515e-02 -9.079865e-01 -4.170059e-01
    outer loop
      vertex  1.124152e+04 -7.396289e+03  7.697492e+03
      vertex  1.130993e+04 -7.400163e+03  7.699229e+03
      vertex  1.131015e+04 -7.472858e+03  7.857496e+03
    endloop
  endfacet
  facet normal -3.273422e-02 -9.069440e-01 -4.199774e-01
    outer loop
      vertex  1.124152e+04 -7.396289e+03  7.697492e+03
      vertex  1.131015e+04 -7.472858e+03  7.857496e+03
      vertex  1.124170e+04 -7.469374e+03  7.855305e+03
    endloop
  endfacet
  facet normal -3.456795e-02 -9.217495e-01 -3.862420e-01
    outer loop
      vertex  1.124170e+04 -7.469374e+03  7.855305e+03
      vertex  1.131015e+04 -7.472858e+03  7.857496e+03
      vertex  1.131052e+04 -7.540766e+03  8.019521e+03
    endloop
  endfacet
  facet normal -2.653950e-02 -9.207777e-01 -3.891839e-01
    outer loop
      vertex  1.124170e+04 -7.469374e+03  7.855305e+03
      vertex  1.131052e+04 -7.540766e+03  8.019521e+03
      vertex  1.124203e+04 -7.537669e+03  8.016866e+03
    endloop
  endfacet
  facet normal -2.849017e-02 -9.344856e-01 -3.548590e-01
    outer loop
      vertex  1.124203e+04 -7.537669e+03  8.016866e+03
      vertex  1.131052e+04 -7.540766e+03  8.019521e+03
      vertex  1.131107e+04 -7.603763e+03  8.185374e+03
    endloop
  endfacet
  facet normal -2.053446e-02 -9.335855e-01 -3.577658e-01
    outer loop
      vertex  1.124203e+04 -7.537669e+03  8.016866e+03
      vertex  1.131107e+04 -7.603763e+03  8.185374e+03
      vertex  1.124251e+04 -7.601055e+03  8.182241e+03
    endloop
  endfacet
  facet normal -4.912743e-02 -8.857195e-01 -4.616139e-01
    outer loop
      vertex  1.130987e+04 -7.349106e+03  7.595771e+03
      vertex  1.124146e+04 -7.291636e+03  7.492782e+03
      vertex  1.130987e+04 -7.296028e+03  7.493928e+03
    endloop
  endfacet
  facet normal -4.751346e-02 -8.687568e-01 -4.929545e-01
    outer loop
      vertex  1.130987e+04 -7.296028e+03  7.493928e+03
      vertex  1.124146e+04 -7.291636e+03  7.492782e+03
      vertex  1.124157e+04 -7.179093e+03  7.294431e+03
    endloop
  endfacet
  facet normal -5.832110e-02 -8.698336e-01 -4.898859e-01
    outer loop
      vertex  1.130987e+04 -7.296028e+03  7.493928e+03
      vertex  1.124157e+04 -7.179093e+03  7.294431e+03
      vertex  1.131000e+04 -7.184002e+03  7.295001e+03
    endloop
  endfacet
  facet normal -5.634424e-02 -8.468111e-01 -5.289012e-01
    outer loop
      vertex  1.131000e+04 -7.184002e+03  7.295001e+03
      vertex  1.124157e+04 -7.179093e+03  7.294431e+03
      vertex  1.124183e+04 -7.059081e+03  7.102254e+03
    endloop
  endfacet
  facet normal -6.715143e-02 -8.479449e-01 -5.258138e-01
    outer loop
      vertex  1.131000e+04 -7.184002e+03  7.295001e+03
      vertex  1.124183e+04 -7.059081e+03  7.102254e+03
      vertex  1.131030e+04 -7.064507e+03  7.102261e+03
    endloop
  endfacet
  facet normal -6.527177e-02 -8.242698e-01 -5.624223e-01
    outer loop
      vertex  1.131030e+04 -7.064507e+03  7.102261e+03
      vertex  1.124183e+04 -7.059081e+03  7.102254e+03
      vertex  1.124220e+04 -6.932064e+03  6.916059e+03
    endloop
  endfacet
  facet normal -7.603413e-02 -8.254525e-01 -5.593272e-01
    outer loop
      vertex  1.131030e+04 -7.064507e+03  7.102261e+03
      vertex  1.124220e+04 -6.932064e+03  6.916059e+03
      vertex  1.131073e+04 -6.938006e+03  6.915513e+03
    endloop
  endfacet
  facet normal -7.422931e-02 -8.015136e-01 -5.933516e-01
    outer loop
      vertex  1.131073e+04 -6.938006e+03  6.915513e+03
      vertex  1.124220e+04 -6.932064e+03  6.916059e+03
      vertex  1.124265e+04 -6.798545e+03  6.735643e+03
    endloop
  endfacet
  facet normal -8.491667e-02 -8.027375e-01 -5.902554e-01
    outer loop
      vertex  1.131073e+04 -6.938006e+03  6.915513e+03
      vertex  1.124265e+04 -6.798545e+03  6.735643e+03
      vertex  1.131125e+04 -6.805003e+03  6.734556e+03
    endloop
  endfacet
  facet normal -8.316992e-02 -7.789053e-01 -6.216022e-01
    outer loop
      vertex  1.131125e+04 -6.805003e+03  6.734556e+03
      vertex  1.124265e+04 -6.798545e+03  6.735643e+03
      vertex  1.124315e+04 -6.659064e+03  6.560798e+03
    endloop
  endfacet
  facet normal -9.375284e-02 -7.801632e-01 -6.185110e-01
    outer loop
      vertex  1.131125e+04 -6.805003e+03  6.734556e+03
      vertex  1.124315e+04 -6.659064e+03  6.560798e+03
      vertex  1.131183e+04 -6.666036e+03  6.559181e+03
    endloop
  endfacet
  facet normal -9.260890e-02 -7.643432e-01 -6.381247e-01
    outer loop
      vertex  1.131183e+04 -6.666036e+03  6.559181e+03
      vertex  1.124315e+04 -6.659064e+03  6.560798e+03
      vertex  1.130547e+04 -6.600000e+03  6.481007e+03
    endloop
  endfacet
  facet normal -9.518883e-02 -7.642601e-01 -6.378446e-01
    outer loop
      vertex  1.131183e+04 -6.666036e+03  6.559181e+03
      vertex  1.130547e+04 -6.600000e+03  6.481007e+03
      vertex  1.139171e+04 -6.600000e+03  6.468136e+03
    endloop
  endfacet
  facet normal -1.503487e-01 -6.368523e-01 -7.561841e-01
    outer loop
      vertex  1.124651e+04 -5.416096e+03  5.347866e+03
      vertex  1.131544e+04 -5.602194e+03  5.490891e+03
      vertex  1.124626e+04 -5.595100e+03  5.498671e+03
    endloop
  endfacet
  facet normal -1.504315e-01 -6.509007e-01 -7.441093e-01
    outer loop
      vertex  1.124626e+04 -5.595100e+03  5.498671e+03
      vertex  1.131544e+04 -5.602194e+03  5.490891e+03
      vertex  1.131511e+04 -5.753062e+03  5.622928e+03
    endloop
  endfacet
  facet normal -1.427624e-01 -6.496220e-01 -7.467330e-01
    outer loop
      vertex  1.124626e+04 -5.595100e+03  5.498671e+03
      vertex  1.131511e+04 -5.753062e+03  5.622928e+03
      vertex  1.124598e+04 -5.744745e+03  5.628910e+03
    endloop
  endfacet
  facet normal -1.433900e-01 -6.642923e-01 -7.335905e-01
    outer loop
      vertex  1.124598e+04 -5.744745e+03  5.628910e+03
      vertex  1.131511e+04 -5.753062e+03  5.622928e+03
      vertex  1.131471e+04 -5.902579e+03  5.758399e+03
    endloop
  endfacet
  facet normal -1.349550e-01 -6.629349e-01 -7.364132e-01
    outer loop
      vertex  1.124598e+04 -5.744745e+03  5.628910e+03
      vertex  1.131471e+04 -5.902579e+03  5.758399e+03
      vertex  1.124563e+04 -5.893067e+03  5.762495e+03
    endloop
  endfacet
  facet normal -1.365563e-01 -6.824747e-01 -7.180395e-01
    outer loop
      vertex  1.124563e+04 -5.893067e+03  5.762495e+03
      vertex  1.131471e+04 -5.902579e+03  5.758399e+03
      vertex  1.131402e+04 -6.114961e+03  5.960393e+03
    endloop
  endfacet
  facet normal -1.235842e-01 -6.814411e-01 -7.213633e-01
    outer loop
      vertex  1.124563e+04 -5.893067e+03  5.762495e+03
      vertex  1.131402e+04 -6.114961e+03  5.960393e+03
      vertex  1.124504e+04 -6.106121e+03  5.963859e+03
    endloop
  endfacet
  facet normal -1.251112e-01 -7.008539e-01 -7.022471e-01
    outer loop
      vertex  1.124504e+04 -6.106121e+03  5.963859e+03
      vertex  1.131402e+04 -6.114961e+03  5.960393e+03
      vertex  1.131363e+04 -6.224408e+03  6.069693e+03
    endloop
  endfacet
  facet normal -1.181683e-01 -6.992924e-01 -7.050009e-01
    outer loop
      vertex  1.124504e+04 -6.106121e+03  5.963859e+03
      vertex  1.131363e+04 -6.224408e+03  6.069693e+03
      vertex  1.124470e+04 -6.216495e+03  6.073397e+03
    endloop
  endfacet
  facet normal -1.190624e-01 -7.142468e-01 -6.896924e-01
    outer loop
      vertex  1.124470e+04 -6.216495e+03  6.073397e+03
      vertex  1.131363e+04 -6.224408e+03  6.069693e+03
      vertex  1.131321e+04 -6.332110e+03  6.181302e+03
    endloop
  endfacet
  facet normal -1.123019e-01 -7.127446e-01 -6.923752e-01
    outer loop
      vertex  1.124470e+04 -6.216495e+03  6.073397e+03
      vertex  1.131321e+04 -6.332110e+03  6.181302e+03
      vertex  1.124434e+04 -6.325106e+03  6.185262e+03
    endloop
  endfacet
  facet normal -1.129081e-01 -7.275993e-01 -6.766469e-01
    outer loop
      vertex  1.124434e+04 -6.325106e+03  6.185262e+03
      vertex  1.131321e+04 -6.332110e+03  6.181302e+03
      vertex  1.131282e+04 -6.427775e+03  6.284235e+03
    endloop
  endfacet
  facet normal -1.067673e-01 -7.260565e-01 -6.792958e-01
    outer loop
      vertex  1.124434e+04 -6.325106e+03  6.185262e+03
      vertex  1.131282e+04 -6.427775e+03  6.284235e+03
      vertex  1.124401e+04 -6.420521e+03  6.287297e+03
    endloop
  endfacet
  facet normal -1.592050e-01 -6.379951e-01 -7.534029e-01
    outer loop
      vertex  1.131544e+04 -5.602194e+03  5.490891e+03
      vertex  1.124651e+04 -5.416096e+03  5.347866e+03
      vertex  1.131573e+04 -5.425387e+03  5.341107e+03
    endloop
  endfacet
  facet normal -1.585317e-01 -6.250274e-01 -7.643352e-01
    outer loop
      vertex  1.131573e+04 -5.425387e+03  5.341107e+03
      vertex  1.124651e+04 -5.416096e+03  5.347866e+03
      vertex  1.124666e+04 -5.236830e+03  5.201242e+03
    endloop
  endfacet
  facet normal -1.676757e-01 -6.262082e-01 -7.614118e-01
    outer loop
      vertex  1.131573e+04 -5.425387e+03  5.341107e+03
      vertex  1.124666e+04 -5.236830e+03  5.201242e+03
      vertex  1.131590e+04 -5.248326e+03  5.195449e+03
    endloop
  endfacet
  facet normal -1.665440e-01 -6.144873e-01 -7.711475e-01
    outer loop
      vertex  1.131590e+04 -5.248326e+03  5.195449e+03
      vertex  1.124666e+04 -5.236830e+03  5.201242e+03
      vertex  1.124669e+04 -5.008029e+03  5.018917e+03
    endloop
  endfacet
  facet normal -1.780480e-01 -6.153827e-01 -7.678561e-01
    outer loop
      vertex  1.131590e+04 -5.248326e+03  5.195449e+03
      vertex  1.124669e+04 -5.008029e+03  5.018917e+03
      vertex  1.131593e+04 -5.020203e+03  5.012617e+03
    endloop
  endfacet
  facet normal -1.771820e-01 -6.068585e-01 -7.748092e-01
    outer loop
      vertex  1.131593e+04 -5.020203e+03  5.012617e+03
      vertex  1.124669e+04 -5.008029e+03  5.018917e+03
      vertex  1.124660e+04 -4.856943e+03  4.900600e+03
    endloop
  endfacet
  facet normal -1.845584e-01 -6.081249e-01 -7.720897e-01
    outer loop
      vertex  1.131593e+04 -5.020203e+03  5.012617e+03
      vertex  1.124660e+04 -4.856943e+03  4.900600e+03
      vertex  1.131583e+04 -4.869563e+03  4.893991e+03
    endloop
  endfacet
  facet normal -1.839472e-01 -6.023211e-01 -7.767707e-01
    outer loop
      vertex  1.131583e+04 -4.869563e+03  4.893991e+03
      vertex  1.124660e+04 -4.856943e+03  4.900600e+03
      vertex  1.124618e+04 -4.560591e+03  4.670904e+03
    endloop
  endfacet
  facet normal -1.975397e-01 -6.027365e-01 -7.731020e-01
    outer loop
      vertex  1.131583e+04 -4.869563e+03  4.893991e+03
      vertex  1.124618e+04 -4.560591e+03  4.670904e+03
      vertex  1.131534e+04 -4.574091e+03  4.663756e+03
    endloop
  endfacet
  facet normal -1.974773e-01 -6.021773e-01 -7.735536e-01
    outer loop
      vertex  1.131534e+04 -4.574091e+03  4.663756e+03
      vertex  1.124618e+04 -4.560591e+03  4.670904e+03
      vertex  1.124531e+04 -4.240644e+03  4.422062e+03
    endloop
  endfacet
  facet normal -2.111487e-01 -6.023356e-01 -7.698104e-01
    outer loop
      vertex  1.131534e+04 -4.574091e+03  4.663756e+03
      vertex  1.124531e+04 -4.240644e+03  4.422062e+03
      vertex  1.131434e+04 -4.255110e+03  4.414446e+03
    endloop
  endfacet
  facet normal -2.118812e-01 -6.084962e-01 -7.647474e-01
    outer loop
      vertex  1.131434e+04 -4.255110e+03  4.414446e+03
      vertex  1.124531e+04 -4.240644e+03  4.422062e+03
      vertex  1.124451e+04 -4.037780e+03  4.260866e+03
    endloop
  endfacet
  facet normal -2.200647e-01 -6.091314e-01 -7.619256e-01
    outer loop
      vertex  1.131434e+04 -4.255110e+03  4.414446e+03
      vertex  1.124451e+04 -4.037780e+03  4.260866e+03
      vertex  1.131342e+04 -4.052873e+03  4.253030e+03
    endloop
  endfacet
  facet normal -2.208869e-01 -6.158037e-01 -7.563033e-01
    outer loop
      vertex  1.131342e+04 -4.052873e+03  4.253030e+03
      vertex  1.124451e+04 -4.037780e+03  4.260866e+03
      vertex  1.124189e+04 -3.930000e+03  4.173875e+03
    endloop
  endfacet
  facet normal -2.294974e-01 -6.180019e-01 -7.519338e-01
    outer loop
      vertex  1.131342e+04 -4.052873e+03  4.253030e+03
      vertex  1.124189e+04 -3.930000e+03  4.173875e+03
      vertex  1.138332e+04 -3.930000e+03  4.130708e+03
    endloop
  endfacet
  facet normal -7.668509e-02 -7.793208e-01 -6.219152e-01
    outer loop
      vertex  1.124265e+04 -6.798545e+03  6.735643e+03
      vertex  1.117430e+04 -6.713326e+03  6.637282e+03
      vertex  1.124315e+04 -6.659064e+03  6.560798e+03
    endloop
  endfacet
  facet normal -9.284770e-02 -7.707258e-01 -6.303657e-01
    outer loop
      vertex  1.124315e+04 -6.659064e+03  6.560798e+03
      vertex  1.117430e+04 -6.713326e+03  6.637282e+03
      vertex  1.108290e+04 -6.674046e+03  6.602720e+03
    endloop
  endfacet
  facet normal -9.615134e-02 -7.623379e-01 -6.399967e-01
    outer loop
      vertex  1.124315e+04 -6.659064e+03  6.560798e+03
      vertex  1.108290e+04 -6.674046e+03  6.602720e+03
      vertex  1.117673e+04 -6.600000e+03  6.500421e+03
    endloop
  endfacet
  facet normal -9.633923e-02 -7.622331e-01 -6.400932e-01
    outer loop
      vertex  1.117673e+04 -6.600000e+03  6.500421e+03
      vertex  1.108290e+04 -6.674046e+03  6.602720e+03
      vertex  1.099147e+04 -6.633718e+03  6.568457e+03
    endloop
  endfacet
  facet normal -9.892614e-02 -7.578021e-01 -6.449416e-01
    outer loop
      vertex  1.117673e+04 -6.600000e+03  6.500421e+03
      vertex  1.099147e+04 -6.633718e+03  6.568457e+03
      vertex  1.104792e+04 -6.600000e+03  6.520179e+03
    endloop
  endfacet
  facet normal -1.111541e-01 -7.315882e-01 -6.726244e-01
    outer loop
      vertex  1.124401e+04 -6.420521e+03  6.287297e+03
      vertex  1.122421e+04 -6.441145e+03  6.313000e+03
      vertex  1.117527e+04 -6.388637e+03  6.263978e+03
    endloop
  endfacet
  facet normal -1.087843e-01 -7.306707e-01 -6.740077e-01
    outer loop
      vertex  1.117527e+04 -6.388637e+03  6.263978e+03
      vertex  1.122421e+04 -6.441145e+03  6.313000e+03
      vertex  1.106193e+04 -6.416983e+03  6.313000e+03
    endloop
  endfacet
  facet normal -1.138012e-01 -7.231457e-01 -6.812559e-01
    outer loop
      vertex  1.117527e+04 -6.388637e+03  6.263978e+03
      vertex  1.106193e+04 -6.416983e+03  6.313000e+03
      vertex  1.108359e+04 -6.337090e+03  6.224576e+03
    endloop
  endfacet
  facet normal -1.132384e-01 -7.232635e-01 -6.812245e-01
    outer loop
      vertex  1.108359e+04 -6.337090e+03  6.224576e+03
      vertex  1.106193e+04 -6.416983e+03  6.313000e+03
      vertex  1.090000e+04 -6.391631e+03  6.313000e+03
    endloop
  endfacet
  facet normal -1.184758e-01 -7.162140e-01 -6.877507e-01
    outer loop
      vertex  1.108359e+04 -6.337090e+03  6.224576e+03
      vertex  1.090000e+04 -6.391631e+03  6.313000e+03
      vertex  1.099183e+04 -6.297151e+03  6.198791e+03
    endloop
  endfacet
  facet normal -1.859201e-01 -5.960026e-01 -7.811624e-01
    outer loop
      vertex  1.099234e+04 -4.474499e+03  4.667905e+03
      vertex  1.099249e+04 -4.790466e+03  4.908940e+03
      vertex  1.090000e+04 -4.564256e+03  4.758363e+03
    endloop
  endfacet
  facet normal -1.964462e-01 -5.977146e-01 -7.772685e-01
    outer loop
      vertex  1.090000e+04 -4.564256e+03  4.758363e+03
      vertex  1.099249e+04 -4.790466e+03  4.908940e+03
      vertex  1.099253e+04 -4.951908e+03  5.033080e+03
    endloop
  endfacet
  facet normal -1.791012e-01 -5.969500e-01 -7.820315e-01
    outer loop
      vertex  1.090000e+04 -4.564256e+03  4.758363e+03
      vertex  1.099253e+04 -4.951908e+03  5.033080e+03
      vertex  1.090000e+04 -4.987051e+03  5.081097e+03
    endloop
  endfacet
  facet normal -1.722315e-01 -6.067784e-01 -7.759872e-01
    outer loop
      vertex  1.090000e+04 -4.987051e+03  5.081097e+03
      vertex  1.099253e+04 -4.951908e+03  5.033080e+03
      vertex  1.099253e+04 -5.196651e+03  5.224456e+03
    endloop
  endfacet
  facet normal -1.674162e-01 -6.058620e-01 -7.777551e-01
    outer loop
      vertex  1.090000e+04 -4.987051e+03  5.081097e+03
      vertex  1.099253e+04 -5.196651e+03  5.224456e+03
      vertex  1.090000e+04 -5.170021e+03  5.223628e+03
    endloop
  endfacet
  facet normal -1.706433e-01 -6.167839e-01 -7.684129e-01
    outer loop
      vertex  1.090000e+04 -5.170021e+03  5.223628e+03
      vertex  1.099253e+04 -5.196651e+03  5.224456e+03
      vertex  1.099248e+04 -5.385747e+03  5.376248e+03
    endloop
  endfacet
  facet normal -1.596213e-01 -6.148334e-01 -7.723348e-01
    outer loop
      vertex  1.090000e+04 -5.170021e+03  5.223628e+03
      vertex  1.099248e+04 -5.385747e+03  5.376248e+03
      vertex  1.090000e+04 -5.352438e+03  5.368845e+03
    endloop
  endfacet
  facet normal -1.656034e-01 -6.286659e-01 -7.598387e-01
    outer loop
      vertex  1.090000e+04 -5.352438e+03  5.368845e+03
      vertex  1.099248e+04 -5.385747e+03  5.376248e+03
      vertex  1.099240e+04 -5.574549e+03  5.532474e+03
    endloop
  endfacet
  facet normal -1.506236e-01 -6.262109e-01 -7.649655e-01
    outer loop
      vertex  1.090000e+04 -5.352438e+03  5.368845e+03
      vertex  1.099240e+04 -5.574549e+03  5.532474e+03
      vertex  1.090000e+04 -5.533635e+03  5.517175e+03
    endloop
  endfacet
  facet normal -1.606230e-01 -6.428199e-01 -7.489879e-01
    outer loop
      vertex  1.090000e+04 -5.533635e+03  5.517175e+03
      vertex  1.099240e+04 -5.574549e+03  5.532474e+03
      vertex  1.099229e+04 -5.758589e+03  5.690450e+03
    endloop
  endfacet
  facet normal -1.449542e-01 -6.404217e-01 -7.542203e-01
    outer loop
      vertex  1.090000e+04 -5.533635e+03  5.517175e+03
      vertex  1.099229e+04 -5.758589e+03  5.690450e+03
      vertex  1.090000e+04 -5.737113e+03  5.689952e+03
    endloop
  endfacet
  facet normal -1.495416e-01 -6.597247e-01 -7.364786e-01
    outer loop
      vertex  1.090000e+04 -5.737113e+03  5.689952e+03
      vertex  1.099229e+04 -5.758589e+03  5.690450e+03
      vertex  1.099216e+04 -5.940444e+03  5.853379e+03
    endloop
  endfacet
  facet normal -1.396825e-01 -6.580266e-01 -7.399256e-01
    outer loop
      vertex  1.090000e+04 -5.737113e+03  5.689952e+03
      vertex  1.099216e+04 -5.940444e+03  5.853379e+03
      vertex  1.090000e+04 -5.937180e+03  5.867875e+03
    endloop
  endfacet
  facet normal -1.374861e-01 -6.788751e-01 -7.212670e-01
    outer loop
      vertex  1.090000e+04 -5.937180e+03  5.867875e+03
      vertex  1.099216e+04 -5.940444e+03  5.853379e+03
      vertex  1.099200e+04 -6.120858e+03  6.023220e+03
    endloop
  endfacet
  facet normal -1.288264e-01 -6.772087e-01 -7.244253e-01
    outer loop
      vertex  1.090000e+04 -5.937180e+03  5.867875e+03
      vertex  1.099200e+04 -6.120858e+03  6.023220e+03
      vertex  1.090000e+04 -6.106893e+03  6.026525e+03
    endloop
  endfacet
  facet normal -1.314169e-01 -6.994703e-01 -7.024748e-01
    outer loop
      vertex  1.090000e+04 -6.106893e+03  6.026525e+03
      vertex  1.099200e+04 -6.120858e+03  6.023220e+03
      vertex  1.099183e+04 -6.297151e+03  6.198791e+03
    endloop
  endfacet
  facet normal -1.166789e-01 -6.969579e-01 -7.075562e-01
    outer loop
      vertex  1.090000e+04 -6.106893e+03  6.026525e+03
      vertex  1.099183e+04 -6.297151e+03  6.198791e+03
      vertex  1.090000e+04 -6.272654e+03  6.189804e+03
    endloop
  endfacet
  facet normal -1.975229e-01 -6.109033e-01 -7.666693e-01
    outer loop
      vertex  1.097454e+04 -3.930000e+03  4.248484e+03
      vertex  1.099178e+04 -3.941586e+03  4.253275e+03
      vertex  1.090000e+04 -3.930000e+03  4.267689e+03
    endloop
  endfacet
  facet normal -1.975199e-01 -6.087453e-01 -7.683848e-01
    outer loop
      vertex  1.090000e+04 -3.930000e+03  4.267689e+03
      vertex  1.099178e+04 -3.941586e+03  4.253275e+03
      vertex  1.099203e+04 -4.134989e+03  4.406433e+03
    endloop
  endfacet
  facet normal -1.925259e-01 -6.078429e-01 -7.703640e-01
    outer loop
      vertex  1.090000e+04 -3.930000e+03  4.267689e+03
      vertex  1.099203e+04 -4.134989e+03  4.406433e+03
      vertex  1.090000e+04 -4.151150e+03  4.442184e+03
    endloop
  endfacet
  facet normal -3.075641e-02 -9.193701e-01 -3.921897e-01
    outer loop
      vertex  1.099107e+04 -7.487061e+03  7.915784e+03
      vertex  1.099114e+04 -7.531254e+03  8.019376e+03
      vertex  1.090000e+04 -7.487567e+03  7.924112e+03
    endloop
  endfacet
  facet normal -5.601446e-02 -9.267736e-01 -3.714204e-01
    outer loop
      vertex  1.090000e+04 -7.487567e+03  7.924112e+03
      vertex  1.099114e+04 -7.531254e+03  8.019376e+03
      vertex  1.099123e+04 -7.573404e+03  8.124535e+03
    endloop
  endfacet
  facet normal -1.293304e-02 -9.212824e-01 -3.886790e-01
    outer loop
      vertex  1.090000e+04 -7.487567e+03  7.924112e+03
      vertex  1.099123e+04 -7.573404e+03  8.124535e+03
      vertex  1.090000e+04 -7.555683e+03  8.085566e+03
    endloop
  endfacet
  facet normal -3.167965e-02 -9.357077e-01 -3.513509e-01
    outer loop
      vertex  1.090000e+04 -7.555683e+03  8.085566e+03
      vertex  1.099123e+04 -7.573404e+03  8.124535e+03
      vertex  1.099134e+04 -7.613230e+03  8.230589e+03
    endloop
  endfacet
  facet normal -1.460361e-02 -9.325137e-01 -3.608390e-01
    outer loop
      vertex  1.090000e+04 -7.555683e+03  8.085566e+03
      vertex  1.099134e+04 -7.613230e+03  8.230589e+03
      vertex  1.090000e+04 -7.603333e+03  8.208709e+03
    endloop
  endfacet
  facet normal -6.563271e-02 -8.578725e-01 -5.096538e-01
    outer loop
      vertex  1.090000e+04 -7.250116e+03  7.454254e+03
      vertex  1.090000e+04 -7.158353e+03  7.299794e+03
      vertex  1.099098e+04 -7.182060e+03  7.327984e+03
    endloop
  endfacet
  facet normal -5.226721e-02 -8.409604e-01 -5.385664e-01
    outer loop
      vertex  1.099098e+04 -7.182060e+03  7.327984e+03
      vertex  1.090000e+04 -7.158353e+03  7.299794e+03
      vertex  1.090000e+04 -7.061633e+03  7.148769e+03
    endloop
  endfacet
  facet normal -6.929946e-02 -8.439490e-01 -5.319282e-01
    outer loop
      vertex  1.099098e+04 -7.182060e+03  7.327984e+03
      vertex  1.090000e+04 -7.061633e+03  7.148769e+03
      vertex  1.099105e+04 -7.065910e+03  7.143693e+03
    endloop
  endfacet
  facet normal -7.012833e-02 -8.217660e-01 -5.654934e-01
    outer loop
      vertex  1.099105e+04 -7.065910e+03  7.143693e+03
      vertex  1.090000e+04 -7.061633e+03  7.148769e+03
      vertex  1.090000e+04 -6.956281e+03  6.995673e+03
    endloop
  endfacet
  facet normal -7.205221e-02 -8.221948e-01 -5.646276e-01
    outer loop
      vertex  1.099105e+04 -7.065910e+03  7.143693e+03
      vertex  1.090000e+04 -6.956281e+03  6.995673e+03
      vertex  1.099115e+04 -6.943171e+03  6.964952e+03
    endloop
  endfacet
  facet normal -8.390887e-02 -8.021199e-01 -5.912386e-01
    outer loop
      vertex  1.099115e+04 -6.943171e+03  6.964952e+03
      vertex  1.090000e+04 -6.956281e+03  6.995673e+03
      vertex  1.090000e+04 -6.846153e+03  6.846265e+03
    endloop
  endfacet
  facet normal -8.968301e-02 -8.037648e-01 -5.881488e-01
    outer loop
      vertex  1.099115e+04 -6.943171e+03  6.964952e+03
      vertex  1.090000e+04 -6.846153e+03  6.846265e+03
      vertex  1.099122e+04 -6.868707e+03  6.863178e+03
    endloop
  endfacet
  facet normal -8.346092e-02 -7.915348e-01 -6.053982e-01
    outer loop
      vertex  1.099122e+04 -6.868707e+03  6.863178e+03
      vertex  1.090000e+04 -6.846153e+03  6.846265e+03
      vertex  1.099130e+04 -6.792245e+03  6.763195e+03
    endloop
  endfacet
  facet normal -8.893102e-02 -7.911568e-01 -6.051134e-01
    outer loop
      vertex  1.099122e+04 -6.868707e+03  6.863178e+03
      vertex  1.099130e+04 -6.792245e+03  6.763195e+03
      vertex  1.108262e+04 -6.810128e+03  6.773156e+03
    endloop
  endfacet
  facet normal -8.465173e-02 -7.785941e-01 -6.217920e-01
    outer loop
      vertex  1.108262e+04 -6.810128e+03  6.773156e+03
      vertex  1.099130e+04 -6.792245e+03  6.763195e+03
      vertex  1.108290e+04 -6.674046e+03  6.602720e+03
    endloop
  endfacet
  facet normal -9.932480e-02 -7.775232e-01 -6.209608e-01
    outer loop
      vertex  1.108262e+04 -6.810128e+03  6.773156e+03
      vertex  1.108290e+04 -6.674046e+03  6.602720e+03
      vertex  1.117430e+04 -6.713326e+03  6.637282e+03
    endloop
  endfacet
  facet normal -4.944049e-02 -9.949452e-01 -8.740608e-02
    outer loop
      vertex  1.859949e+04 -7.865337e+03  7.619216e+03
      vertex  1.859955e+04 -7.885203e+03  7.845313e+03
      vertex  1.840624e+04 -7.863049e+03  7.702483e+03
    endloop
  endfacet
  facet normal -6.090705e-02 -9.955447e-01 -7.198040e-02
    outer loop
      vertex  1.840624e+04 -7.863049e+03  7.702483e+03
      vertex  1.859955e+04 -7.885203e+03  7.845313e+03
      vertex  1.859961e+04 -7.901467e+03  8.070207e+03
    endloop
  endfacet
  facet normal -4.519331e-02 -9.957485e-01 -8.026475e-02
    outer loop
      vertex  1.840624e+04 -7.863049e+03  7.702483e+03
      vertex  1.859961e+04 -7.901467e+03  8.070207e+03
      vertex  1.840660e+04 -7.890766e+03  8.046132e+03
    endloop
  endfacet
  facet normal -4.812143e-02 -9.971892e-01 -5.742975e-02
    outer loop
      vertex  1.840660e+04 -7.890766e+03  8.046132e+03
      vertex  1.859961e+04 -7.901467e+03  8.070207e+03
      vertex  1.859967e+04 -7.914363e+03  8.294077e+03
    endloop
  endfacet
  facet normal -4.742664e-02 -9.971911e-01 -5.797098e-02
    outer loop
      vertex  1.840660e+04 -7.890766e+03  8.046132e+03
      vertex  1.859967e+04 -7.914363e+03  8.294077e+03
      vertex  1.840684e+04 -7.910660e+03  8.388141e+03
    endloop
  endfacet
  facet normal -8.237533e-02 -9.894491e-01 -1.191840e-01
    outer loop
      vertex  1.801931e+04 -7.808193e+03  7.439828e+03
      vertex  1.782763e+04 -7.823657e+03  7.700695e+03
      vertex  1.782671e+04 -7.796943e+03  7.479557e+03
    endloop
  endfacet
  facet normal -8.031457e-02 -9.896151e-01 -1.192126e-01
    outer loop
      vertex  1.782671e+04 -7.796943e+03  7.479557e+03
      vertex  1.782763e+04 -7.823657e+03  7.700695e+03
      vertex  1.769945e+04 -7.821805e+03  7.771675e+03
    endloop
  endfacet
  facet normal -8.421919e-02 -9.890894e-01 -1.208689e-01
    outer loop
      vertex  1.782671e+04 -7.796943e+03  7.479557e+03
      vertex  1.769945e+04 -7.821805e+03  7.771675e+03
      vertex  1.769851e+04 -7.791244e+03  7.522249e+03
    endloop
  endfacet
  facet normal -7.509562e-02 -9.906493e-01 -1.139060e-01
    outer loop
      vertex  1.782763e+04 -7.823657e+03  7.700695e+03
      vertex  1.801931e+04 -7.808193e+03  7.439828e+03
      vertex  1.802024e+04 -7.834832e+03  7.670897e+03
    endloop
  endfacet
  facet normal -7.640957e-02 -9.905508e-01 -1.138894e-01
    outer loop
      vertex  1.802024e+04 -7.834832e+03  7.670897e+03
      vertex  1.801931e+04 -7.808193e+03  7.439828e+03
      vertex  1.821264e+04 -7.830925e+03  7.507835e+03
    endloop
  endfacet
  facet normal -6.822010e-02 -9.922069e-01 -1.042665e-01
    outer loop
      vertex  1.802024e+04 -7.834832e+03  7.670897e+03
      vertex  1.821264e+04 -7.830925e+03  7.507835e+03
      vertex  1.821316e+04 -7.849822e+03  7.687317e+03
    endloop
  endfacet
  facet normal -5.902671e-02 -9.927870e-01 -1.043544e-01
    outer loop
      vertex  1.821316e+04 -7.849822e+03  7.687317e+03
      vertex  1.821264e+04 -7.830925e+03  7.507835e+03
      vertex  1.840553e+04 -7.826481e+03  7.356451e+03
    endloop
  endfacet
  facet normal -5.977681e-02 -9.926968e-01 -1.047841e-01
    outer loop
      vertex  1.821316e+04 -7.849822e+03  7.687317e+03
      vertex  1.840553e+04 -7.826481e+03  7.356451e+03
      vertex  1.840624e+04 -7.863049e+03  7.702483e+03
    endloop
  endfacet
  facet normal -5.816370e-02 -9.927914e-01 -1.047974e-01
    outer loop
      vertex  1.840624e+04 -7.863049e+03  7.702483e+03
      vertex  1.840553e+04 -7.826481e+03  7.356451e+03
      vertex  1.859943e+04 -7.841575e+03  7.391826e+03
    endloop
  endfacet
  facet normal -5.646124e-02 -9.929992e-01 -1.037531e-01
    outer loop
      vertex  1.840624e+04 -7.863049e+03  7.702483e+03
      vertex  1.859943e+04 -7.841575e+03  7.391826e+03
      vertex  1.859949e+04 -7.865337e+03  7.619216e+03
    endloop
  endfacet
  facet normal -8.338545e-02 -9.877424e-01 -1.319541e-01
    outer loop
      vertex  1.801788e+04 -7.777045e+03  7.208068e+03
      vertex  1.821099e+04 -7.786986e+03  7.160451e+03
      vertex  1.821189e+04 -7.809418e+03  7.327792e+03
    endloop
  endfacet
  facet normal -7.415175e-02 -9.884589e-01 -1.321003e-01
    outer loop
      vertex  1.821189e+04 -7.809418e+03  7.327792e+03
      vertex  1.821099e+04 -7.786986e+03  7.160451e+03
      vertex  1.840499e+04 -7.804479e+03  7.182448e+03
    endloop
  endfacet
  facet normal -6.872722e-02 -9.897812e-01 -1.249384e-01
    outer loop
      vertex  1.821189e+04 -7.809418e+03  7.327792e+03
      vertex  1.840499e+04 -7.804479e+03  7.182448e+03
      vertex  1.840553e+04 -7.826481e+03  7.356451e+03
    endloop
  endfacet
  facet normal -5.530375e-02 -9.906037e-01 -1.250840e-01
    outer loop
      vertex  1.840553e+04 -7.826481e+03  7.356451e+03
      vertex  1.840499e+04 -7.804479e+03  7.182448e+03
      vertex  1.859935e+04 -7.803231e+03  7.086630e+03
    endloop
  endfacet
  facet normal -5.441649e-02 -9.907316e-01 -1.244577e-01
    outer loop
      vertex  1.840553e+04 -7.826481e+03  7.356451e+03
      vertex  1.859935e+04 -7.803231e+03  7.086630e+03
      vertex  1.859943e+04 -7.841575e+03  7.391826e+03
    endloop
  endfacet
  facet normal -6.650591e-02 -9.829931e-01 -1.711768e-01
    outer loop
      vertex  1.859922e+04 -7.729554e+03  6.624999e+03
      vertex  1.859926e+04 -7.756431e+03  6.779327e+03
      vertex  1.840289e+04 -7.732007e+03  6.715364e+03
    endloop
  endfacet
  facet normal -7.140746e-02 -9.850287e-01 -1.569059e-01
    outer loop
      vertex  1.840289e+04 -7.732007e+03  6.715364e+03
      vertex  1.859926e+04 -7.756431e+03  6.779327e+03
      vertex  1.859930e+04 -7.780948e+03  6.933223e+03
    endloop
  endfacet
  facet normal -6.736991e-02 -9.847372e-01 -1.604805e-01
    outer loop
      vertex  1.840289e+04 -7.732007e+03  6.715364e+03
      vertex  1.859930e+04 -7.780948e+03  6.933223e+03
      vertex  1.840432e+04 -7.779761e+03  7.007794e+03
    endloop
  endfacet
  facet normal -6.087925e-02 -9.877818e-01 -1.434606e-01
    outer loop
      vertex  1.840432e+04 -7.779761e+03  7.007794e+03
      vertex  1.859930e+04 -7.780948e+03  6.933223e+03
      vertex  1.859935e+04 -7.803231e+03  7.086630e+03
    endloop
  endfacet
  facet normal -6.248563e-02 -9.882315e-01 -1.396205e-01
    outer loop
      vertex  1.840432e+04 -7.779761e+03  7.007794e+03
      vertex  1.859935e+04 -7.803231e+03  7.086630e+03
      vertex  1.840499e+04 -7.804479e+03  7.182448e+03
    endloop
  endfacet
  facet normal -7.299974e-02 -9.765564e-01 -2.025056e-01
    outer loop
      vertex  1.859913e+04 -7.664023e+03  6.295912e+03
      vertex  1.859918e+04 -7.700189e+03  6.470300e+03
      vertex  1.840110e+04 -7.675268e+03  6.421523e+03
    endloop
  endfacet
  facet normal -7.745898e-02 -9.795096e-01 -1.859058e-01
    outer loop
      vertex  1.840110e+04 -7.675268e+03  6.421523e+03
      vertex  1.859918e+04 -7.700189e+03  6.470300e+03
      vertex  1.859922e+04 -7.729554e+03  6.624999e+03
    endloop
  endfacet
  facet normal -7.458436e-02 -9.792128e-01 -1.886256e-01
    outer loop
      vertex  1.840110e+04 -7.675268e+03  6.421523e+03
      vertex  1.859922e+04 -7.729554e+03  6.624999e+03
      vertex  1.840289e+04 -7.732007e+03  6.715364e+03
    endloop
  endfacet
  facet normal -1.149339e-01 -9.598953e-01 -2.557169e-01
    outer loop
      vertex  1.819740e+04 -7.524193e+03  5.892253e+03
      vertex  1.839786e+04 -7.571326e+03  5.979079e+03
      vertex  1.820047e+04 -7.583413e+03  6.113165e+03
    endloop
  endfacet
  facet normal -1.059356e-01 -9.642586e-01 -2.428643e-01
    outer loop
      vertex  1.820047e+04 -7.583413e+03  6.113165e+03
      vertex  1.839786e+04 -7.571326e+03  5.979079e+03
      vertex  1.839900e+04 -7.608632e+03  6.126699e+03
    endloop
  endfacet
  facet normal -8.619828e-02 -9.660692e-01 -2.434749e-01
    outer loop
      vertex  1.839786e+04 -7.571326e+03  5.979079e+03
      vertex  1.859903e+04 -7.581057e+03  5.946466e+03
      vertex  1.839900e+04 -7.608632e+03  6.126699e+03
    endloop
  endfacet
  facet normal -8.260719e-02 -9.673306e-01 -2.396823e-01
    outer loop
      vertex  1.839900e+04 -7.608632e+03  6.126699e+03
      vertex  1.859903e+04 -7.581057e+03  5.946466e+03
      vertex  1.859908e+04 -7.624371e+03  6.121260e+03
    endloop
  endfacet
  facet normal -1.186994e-01 -9.245628e-01 -3.620692e-01
    outer loop
      vertex  1.859872e+04 -7.254873e+03  4.949257e+03
      vertex  1.859877e+04 -7.304132e+03  5.075028e+03
      vertex  1.838986e+04 -7.256074e+03  5.020798e+03
    endloop
  endfacet
  facet normal -1.251346e-01 -9.309766e-01 -3.429632e-01
    outer loop
      vertex  1.838986e+04 -7.256074e+03  5.020798e+03
      vertex  1.859877e+04 -7.304132e+03  5.075028e+03
      vertex  1.859882e+04 -7.366991e+03  5.245639e+03
    endloop
  endfacet
  facet normal -1.103547e-01 -9.282033e-01 -3.553313e-01
    outer loop
      vertex  1.838986e+04 -7.256074e+03  5.020798e+03
      vertex  1.859882e+04 -7.366991e+03  5.245639e+03
      vertex  1.839169e+04 -7.340941e+03  5.241920e+03
    endloop
  endfacet
  facet normal -1.124392e-01 -9.400259e-01 -3.220384e-01
    outer loop
      vertex  1.839169e+04 -7.340941e+03  5.241920e+03
      vertex  1.859882e+04 -7.366991e+03  5.245639e+03
      vertex  1.859888e+04 -7.425623e+03  5.416765e+03
    endloop
  endfacet
  facet normal -1.060224e-01 -9.384087e-01 -3.288591e-01
    outer loop
      vertex  1.839169e+04 -7.340941e+03  5.241920e+03
      vertex  1.859888e+04 -7.425623e+03  5.416765e+03
      vertex  1.839335e+04 -7.409858e+03  5.438041e+03
    endloop
  endfacet
  facet normal -1.038602e-01 -9.479926e-01 -3.008706e-01
    outer loop
      vertex  1.839335e+04 -7.409858e+03  5.438041e+03
      vertex  1.859888e+04 -7.425623e+03  5.416765e+03
      vertex  1.859893e+04 -7.481903e+03  5.594078e+03
    endloop
  endfacet
  facet normal -1.008385e-01 -9.471688e-01 -3.044713e-01
    outer loop
      vertex  1.839335e+04 -7.409858e+03  5.438041e+03
      vertex  1.859893e+04 -7.481903e+03  5.594078e+03
      vertex  1.839502e+04 -7.473222e+03  5.634604e+03
    endloop
  endfacet
  facet normal -9.626728e-02 -9.552365e-01 -2.797423e-01
    outer loop
      vertex  1.839502e+04 -7.473222e+03  5.634604e+03
      vertex  1.859893e+04 -7.481903e+03  5.594078e+03
      vertex  1.859898e+04 -7.533914e+03  5.771661e+03
    endloop
  endfacet
  facet normal -9.560651e-02 -9.550400e-01 -2.806386e-01
    outer loop
      vertex  1.839502e+04 -7.473222e+03  5.634604e+03
      vertex  1.859898e+04 -7.533914e+03  5.771661e+03
      vertex  1.839666e+04 -7.531220e+03  5.831417e+03
    endloop
  endfacet
  facet normal -8.939699e-02 -9.616460e-01 -2.593169e-01
    outer loop
      vertex  1.839666e+04 -7.531220e+03  5.831417e+03
      vertex  1.859898e+04 -7.533914e+03  5.771661e+03
      vertex  1.859903e+04 -7.581057e+03  5.946466e+03
    endloop
  endfacet
  facet normal -8.871838e-02 -9.614134e-01 -2.604098e-01
    outer loop
      vertex  1.839666e+04 -7.531220e+03  5.831417e+03
      vertex  1.859903e+04 -7.581057e+03  5.946466e+03
      vertex  1.839786e+04 -7.571326e+03  5.979079e+03
    endloop
  endfacet
  facet normal -1.374975e-01 -9.019862e-01 -4.092865e-01
    outer loop
      vertex  1.859859e+04 -7.092701e+03  4.574515e+03
      vertex  1.859863e+04 -7.149174e+03  4.698956e+03
      vertex  1.838658e+04 -7.063799e+03  4.582046e+03
    endloop
  endfacet
  facet normal -1.489277e-01 -9.075607e-01 -3.926246e-01
    outer loop
      vertex  1.838658e+04 -7.063799e+03  4.582046e+03
      vertex  1.859863e+04 -7.149174e+03  4.698956e+03
      vertex  1.859868e+04 -7.203228e+03  4.823884e+03
    endloop
  endfacet
  facet normal -1.241655e-01 -9.028538e-01 -4.116285e-01
    outer loop
      vertex  1.838658e+04 -7.063799e+03  4.582046e+03
      vertex  1.859868e+04 -7.203228e+03  4.823884e+03
      vertex  1.838814e+04 -7.163728e+03  4.800756e+03
    endloop
  endfacet
  facet normal -1.305084e-01 -9.167311e-01 -3.775866e-01
    outer loop
      vertex  1.838814e+04 -7.163728e+03  4.800756e+03
      vertex  1.859868e+04 -7.203228e+03  4.823884e+03
      vertex  1.859872e+04 -7.254873e+03  4.949257e+03
    endloop
  endfacet
  facet normal -1.259431e-01 -9.150982e-01 -3.830584e-01
    outer loop
      vertex  1.838814e+04 -7.163728e+03  4.800756e+03
      vertex  1.859872e+04 -7.254873e+03  4.949257e+03
      vertex  1.838986e+04 -7.256074e+03  5.020798e+03
    endloop
  endfacet
  facet normal -1.451138e-01 -8.859982e-01 -4.403966e-01
    outer loop
      vertex  1.859849e+04 -6.972481e+03  4.327253e+03
      vertex  1.859854e+04 -7.033802e+03  4.450602e+03
      vertex  1.838523e+04 -6.956264e+03  4.364898e+03
    endloop
  endfacet
  facet normal -1.539827e-01 -8.924153e-01 -4.241278e-01
    outer loop
      vertex  1.838523e+04 -6.956264e+03  4.364898e+03
      vertex  1.859854e+04 -7.033802e+03  4.450602e+03
      vertex  1.859859e+04 -7.092701e+03  4.574515e+03
    endloop
  endfacet
  facet normal -1.366531e-01 -8.880658e-01 -4.389361e-01
    outer loop
      vertex  1.838523e+04 -6.956264e+03  4.364898e+03
      vertex  1.859859e+04 -7.092701e+03  4.574515e+03
      vertex  1.838658e+04 -7.063799e+03  4.582046e+03
    endloop
  endfacet
  facet normal -1.602171e-01 -8.585769e-01 -4.870074e-01
    outer loop
      vertex  1.859830e+04 -6.750832e+03  3.920548e+03
      vertex  1.859838e+04 -6.842638e+03  4.082374e+03
      vertex  1.838346e+04 -6.739632e+03  3.971483e+03
    endloop
  endfacet
  facet normal -1.732284e-01 -8.661421e-01 -4.688175e-01
    outer loop
      vertex  1.838346e+04 -6.739632e+03  3.971483e+03
      vertex  1.859838e+04 -6.842638e+03  4.082374e+03
      vertex  1.859844e+04 -6.908753e+03  4.204501e+03
    endloop
  endfacet
  facet normal -1.453582e-01 -8.596300e-01 -4.898032e-01
    outer loop
      vertex  1.838346e+04 -6.739632e+03  3.971483e+03
      vertex  1.859844e+04 -6.908753e+03  4.204501e+03
      vertex  1.838414e+04 -6.841184e+03  4.149511e+03
    endloop
  endfacet
  facet normal -1.595548e-01 -8.761780e-01 -4.548124e-01
    outer loop
      vertex  1.838414e+04 -6.841184e+03  4.149511e+03
      vertex  1.859844e+04 -6.908753e+03  4.204501e+03
      vertex  1.859849e+04 -6.972481e+03  4.327253e+03
    endloop
  endfacet
  facet normal -1.485102e-01 -8.725318e-01 -4.654384e-01
    outer loop
      vertex  1.838414e+04 -6.841184e+03  4.149511e+03
      vertex  1.859849e+04 -6.972481e+03  4.327253e+03
      vertex  1.838523e+04 -6.956264e+03  4.364898e+03
    endloop
  endfacet
  facet normal -1.702674e-01 -8.317729e-01 -5.283587e-01
    outer loop
      vertex  1.838282e+04 -6.521773e+03  3.619672e+03
      vertex  1.859822e+04 -6.654951e+03  3.759911e+03
      vertex  1.838301e+04 -6.633094e+03  3.794856e+03
    endloop
  endfacet
  facet normal -1.679995e-01 -8.465064e-01 -5.051763e-01
    outer loop
      vertex  1.838301e+04 -6.633094e+03  3.794856e+03
      vertex  1.859822e+04 -6.654951e+03  3.759911e+03
      vertex  1.859830e+04 -6.750832e+03  3.920548e+03
    endloop
  endfacet
  facet normal -1.647429e-01 -8.447747e-01 -5.091321e-01
    outer loop
      vertex  1.838301e+04 -6.633094e+03  3.794856e+03
      vertex  1.859830e+04 -6.750832e+03  3.920548e+03
      vertex  1.838346e+04 -6.739632e+03  3.971483e+03
    endloop
  endfacet
  facet normal -1.758492e-01 -8.344290e-01 -5.223076e-01
    outer loop
      vertex  1.859822e+04 -6.654951e+03  3.759911e+03
      vertex  1.838282e+04 -6.521773e+03  3.619672e+03
      vertex  1.859813e+04 -6.555139e+03  3.600483e+03
    endloop
  endfacet
  facet normal -1.756237e-01 -8.204876e-01 -5.440188e-01
    outer loop
      vertex  1.859813e+04 -6.555139e+03  3.600483e+03
      vertex  1.838282e+04 -6.521773e+03  3.619672e+03
      vertex  1.838284e+04 -6.435297e+03  3.489240e+03
    endloop
  endfacet
  facet normal -1.798601e-01 -8.231106e-01 -5.386459e-01
    outer loop
      vertex  1.859813e+04 -6.555139e+03  3.600483e+03
      vertex  1.838284e+04 -6.435297e+03  3.489240e+03
      vertex  1.859804e+04 -6.451578e+03  3.442262e+03
    endloop
  endfacet
  facet normal -1.827557e-01 -8.106955e-01 -5.562133e-01
    outer loop
      vertex  1.859804e+04 -6.451578e+03  3.442262e+03
      vertex  1.838284e+04 -6.435297e+03  3.489240e+03
      vertex  1.838302e+04 -6.346406e+03  3.359622e+03
    endloop
  endfacet
  facet normal -1.844179e-01 -8.120757e-01 -5.536453e-01
    outer loop
      vertex  1.859804e+04 -6.451578e+03  3.442262e+03
      vertex  1.838302e+04 -6.346406e+03  3.359622e+03
      vertex  1.859794e+04 -6.344492e+03  3.285224e+03
    endloop
  endfacet
  facet normal -1.900752e-01 -7.995940e-01 -5.696672e-01
    outer loop
      vertex  1.859794e+04 -6.344492e+03  3.285224e+03
      vertex  1.838302e+04 -6.346406e+03  3.359622e+03
      vertex  1.838352e+04 -6.217911e+03  3.179095e+03
    endloop
  endfacet
  facet normal -1.923399e-01 -8.010601e-01 -5.668405e-01
    outer loop
      vertex  1.859794e+04 -6.344492e+03  3.285224e+03
      vertex  1.838352e+04 -6.217911e+03  3.179095e+03
      vertex  1.859783e+04 -6.234146e+03  3.129319e+03
    endloop
  endfacet
  facet normal -2.609531e-01 -7.656145e-01 -5.879949e-01
    outer loop
      vertex  1.763220e+04 -5.928675e+03  3.100990e+03
      vertex  1.776617e+04 -5.944166e+03  3.061700e+03
      vertex  1.776425e+04 -6.060327e+03  3.213803e+03
    endloop
  endfacet
  facet normal -2.474078e-01 -7.685264e-01 -5.900477e-01
    outer loop
      vertex  1.776425e+04 -6.060327e+03  3.213803e+03
      vertex  1.776617e+04 -5.944166e+03  3.061700e+03
      vertex  1.797027e+04 -5.921255e+03  2.946282e+03
    endloop
  endfacet
  facet normal -2.458607e-01 -7.695345e-01 -5.893804e-01
    outer loop
      vertex  1.776425e+04 -6.060327e+03  3.213803e+03
      vertex  1.797027e+04 -5.921255e+03  2.946282e+03
      vertex  1.796698e+04 -6.132393e+03  3.223330e+03
    endloop
  endfacet
  facet normal -2.404277e-01 -7.706488e-01 -5.901652e-01
    outer loop
      vertex  1.796698e+04 -6.132393e+03  3.223330e+03
      vertex  1.797027e+04 -5.921255e+03  2.946282e+03
      vertex  1.817500e+04 -6.031807e+03  3.007238e+03
    endloop
  endfacet
  facet normal -2.325203e-01 -7.767065e-01 -5.853729e-01
    outer loop
      vertex  1.796698e+04 -6.132393e+03  3.223330e+03
      vertex  1.817500e+04 -6.031807e+03  3.007238e+03
      vertex  1.817353e+04 -6.160609e+03  3.178725e+03
    endloop
  endfacet
  facet normal -2.198451e-01 -7.791120e-01 -5.870711e-01
    outer loop
      vertex  1.817353e+04 -6.160609e+03  3.178725e+03
      vertex  1.817500e+04 -6.031807e+03  3.007238e+03
      vertex  1.838433e+04 -6.085459e+03  3.000049e+03
    endloop
  endfacet
  facet normal -2.131757e-01 -7.849907e-01 -5.816749e-01
    outer loop
      vertex  1.817353e+04 -6.160609e+03  3.178725e+03
      vertex  1.838433e+04 -6.085459e+03  3.000049e+03
      vertex  1.838352e+04 -6.217911e+03  3.179095e+03
    endloop
  endfacet
  facet normal -1.995285e-01 -7.873341e-01 -5.833466e-01
    outer loop
      vertex  1.838352e+04 -6.217911e+03  3.179095e+03
      vertex  1.838433e+04 -6.085459e+03  3.000049e+03
      vertex  1.859768e+04 -6.082492e+03  2.923073e+03
    endloop
  endfacet
  facet normal -1.948010e-01 -7.902830e-01 -5.809521e-01
    outer loop
      vertex  1.838352e+04 -6.217911e+03  3.179095e+03
      vertex  1.859768e+04 -6.082492e+03  2.923073e+03
      vertex  1.859783e+04 -6.234146e+03  3.129319e+03
    endloop
  endfacet
  facet normal -2.423971e-01 -7.589479e-01 -6.043523e-01
    outer loop
      vertex  1.817749e+04 -5.869363e+03  2.798002e+03
      vertex  1.797027e+04 -5.921255e+03  2.946282e+03
      vertex  1.797345e+04 -5.776655e+03  2.763419e+03
    endloop
  endfacet
  facet normal -2.358100e-01 -7.662536e-01 -5.977033e-01
    outer loop
      vertex  1.797027e+04 -5.921255e+03  2.946282e+03
      vertex  1.817749e+04 -5.869363e+03  2.798002e+03
      vertex  1.817500e+04 -6.031807e+03  3.007238e+03
    endloop
  endfacet
  facet normal -2.263435e-01 -7.680844e-01 -5.990118e-01
    outer loop
      vertex  1.817500e+04 -6.031807e+03  3.007238e+03
      vertex  1.817749e+04 -5.869363e+03  2.798002e+03
      vertex  1.838574e+04 -5.917437e+03  2.780955e+03
    endloop
  endfacet
  facet normal -2.187020e-01 -7.736301e-01 -5.946982e-01
    outer loop
      vertex  1.817500e+04 -6.031807e+03  3.007238e+03
      vertex  1.838574e+04 -5.917437e+03  2.780955e+03
      vertex  1.838433e+04 -6.085459e+03  3.000049e+03
    endloop
  endfacet
  facet normal -2.090051e-01 -7.753447e-01 -5.959508e-01
    outer loop
      vertex  1.838433e+04 -6.085459e+03  3.000049e+03
      vertex  1.838574e+04 -5.917437e+03  2.780955e+03
      vertex  1.859751e+04 -5.926470e+03  2.718439e+03
    endloop
  endfacet
  facet normal -2.033281e-01 -7.786933e-01 -5.935439e-01
    outer loop
      vertex  1.838433e+04 -6.085459e+03  3.000049e+03
      vertex  1.859751e+04 -5.926470e+03  2.718439e+03
      vertex  1.859768e+04 -6.082492e+03  2.923073e+03
    endloop
  endfacet
  facet normal -2.451068e-01 -7.525465e-01 -6.112252e-01
    outer loop
      vertex  1.818070e+04 -5.703631e+03  2.590400e+03
      vertex  1.797345e+04 -5.776655e+03  2.763419e+03
      vertex  1.797597e+04 -5.679040e+03  2.642219e+03
    endloop
  endfacet
  facet normal -2.407896e-01 -7.566982e-01 -6.078061e-01
    outer loop
      vertex  1.797345e+04 -5.776655e+03  2.763419e+03
      vertex  1.818070e+04 -5.703631e+03  2.590400e+03
      vertex  1.817749e+04 -5.869363e+03  2.798002e+03
    endloop
  endfacet
  facet normal -2.319297e-01 -7.584495e-01 -6.090674e-01
    outer loop
      vertex  1.817749e+04 -5.869363e+03  2.798002e+03
      vertex  1.818070e+04 -5.703631e+03  2.590400e+03
      vertex  1.838691e+04 -5.803191e+03  2.635854e+03
    endloop
  endfacet
  facet normal -2.259029e-01 -7.644953e-01 -6.037507e-01
    outer loop
      vertex  1.817749e+04 -5.869363e+03  2.798002e+03
      vertex  1.838691e+04 -5.803191e+03  2.635854e+03
      vertex  1.838574e+04 -5.917437e+03  2.780955e+03
    endloop
  endfacet
  facet normal -2.159781e-01 -7.663009e-01 -6.050921e-01
    outer loop
      vertex  1.838574e+04 -5.917437e+03  2.780955e+03
      vertex  1.838691e+04 -5.803191e+03  2.635854e+03
      vertex  1.859732e+04 -5.767110e+03  2.515060e+03
    endloop
  endfacet
  facet normal -2.107780e-01 -7.695536e-01 -6.027933e-01
    outer loop
      vertex  1.838574e+04 -5.917437e+03  2.780955e+03
      vertex  1.859732e+04 -5.767110e+03  2.515060e+03
      vertex  1.859751e+04 -5.926470e+03  2.718439e+03
    endloop
  endfacet
  facet normal -2.504788e-01 -7.650911e-01 -5.932083e-01
    outer loop
      vertex  1.859637e+04 -5.138317e+03  1.722943e+03
      vertex  1.859654e+04 -5.233083e+03  1.845096e+03
      vertex  1.839573e+04 -5.169906e+03  1.848404e+03
    endloop
  endfacet
  facet normal -2.491632e-01 -7.605782e-01 -5.995319e-01
    outer loop
      vertex  1.839573e+04 -5.169906e+03  1.848404e+03
      vertex  1.859654e+04 -5.233083e+03  1.845096e+03
      vertex  1.859670e+04 -5.328967e+03  1.966671e+03
    endloop
  endfacet
  facet normal -2.429822e-01 -7.575141e-01 -6.059142e-01
    outer loop
      vertex  1.839573e+04 -5.169906e+03  1.848404e+03
      vertex  1.859670e+04 -5.328967e+03  1.966671e+03
      vertex  1.839365e+04 -5.302510e+03  2.015020e+03
    endloop
  endfacet
  facet normal -2.429429e-01 -7.577706e-01 -6.056091e-01
    outer loop
      vertex  1.839365e+04 -5.302510e+03  2.015020e+03
      vertex  1.859670e+04 -5.328967e+03  1.966671e+03
      vertex  1.859703e+04 -5.548239e+03  2.240905e+03
    endloop
  endfacet
  facet normal -2.308538e-01 -7.551140e-01 -6.136035e-01
    outer loop
      vertex  1.839365e+04 -5.302510e+03  2.015020e+03
      vertex  1.859703e+04 -5.548239e+03  2.240905e+03
      vertex  1.838976e+04 -5.571335e+03  2.347308e+03
    endloop
  endfacet
  facet normal -4.375413e-02 -9.970321e-01 -6.334589e-02
    outer loop
      vertex  1.821408e+04 -7.901393e+03  8.375419e+03
      vertex  1.821372e+04 -7.879545e+03  8.031805e+03
      vertex  1.840684e+04 -7.910660e+03  8.388141e+03
    endloop
  endfacet
  facet normal -5.368824e-02 -9.968749e-01 -5.794811e-02
    outer loop
      vertex  1.840684e+04 -7.910660e+03  8.388141e+03
      vertex  1.821372e+04 -7.879545e+03  8.031805e+03
      vertex  1.840660e+04 -7.890766e+03  8.046132e+03
    endloop
  endfacet
  facet normal -5.151182e-02 -9.949825e-01 -8.576740e-02
    outer loop
      vertex  1.821372e+04 -7.879545e+03  8.031805e+03
      vertex  1.821316e+04 -7.849822e+03  7.687317e+03
      vertex  1.840660e+04 -7.890766e+03  8.046132e+03
    endloop
  endfacet
  facet normal -6.185783e-02 -9.948595e-01 -8.017581e-02
    outer loop
      vertex  1.840660e+04 -7.890766e+03  8.046132e+03
      vertex  1.821316e+04 -7.849822e+03  7.687317e+03
      vertex  1.840624e+04 -7.863049e+03  7.702483e+03
    endloop
  endfacet
  facet normal -1.067086e-01 -9.661213e-01 -2.349957e-01
    outer loop
      vertex  1.820047e+04 -7.583413e+03  6.113165e+03
      vertex  1.839900e+04 -7.608632e+03  6.126699e+03
      vertex  1.820240e+04 -7.619419e+03  6.260324e+03
    endloop
  endfacet
  facet normal -9.543193e-02 -9.710906e-01 -2.188055e-01
    outer loop
      vertex  1.820240e+04 -7.619419e+03  6.260324e+03
      vertex  1.839900e+04 -7.608632e+03  6.126699e+03
      vertex  1.840110e+04 -7.675268e+03  6.421523e+03
    endloop
  endfacet
  facet normal -9.511279e-02 -9.710373e-01 -2.191804e-01
    outer loop
      vertex  1.820240e+04 -7.619419e+03  6.260324e+03
      vertex  1.840110e+04 -7.675268e+03  6.421523e+03
      vertex  1.820419e+04 -7.652774e+03  6.407317e+03
    endloop
  endfacet
  facet normal -9.806368e-02 -9.772416e-01 -1.881020e-01
    outer loop
      vertex  1.820419e+04 -7.652774e+03  6.407317e+03
      vertex  1.840110e+04 -7.675268e+03  6.421523e+03
      vertex  1.840289e+04 -7.732007e+03  6.715364e+03
    endloop
  endfacet
  facet normal -8.518736e-02 -9.768358e-01 -1.963032e-01
    outer loop
      vertex  1.820419e+04 -7.652774e+03  6.407317e+03
      vertex  1.840289e+04 -7.732007e+03  6.715364e+03
      vertex  1.820735e+04 -7.711984e+03  6.700583e+03
    endloop
  endfacet
  facet normal -8.856621e-02 -9.831175e-01 -1.601125e-01
    outer loop
      vertex  1.820735e+04 -7.711984e+03  6.700583e+03
      vertex  1.840289e+04 -7.732007e+03  6.715364e+03
      vertex  1.840432e+04 -7.779761e+03  7.007794e+03
    endloop
  endfacet
  facet normal -7.682224e-02 -9.828598e-01 -1.675853e-01
    outer loop
      vertex  1.820735e+04 -7.711984e+03  6.700583e+03
      vertex  1.840432e+04 -7.779761e+03  7.007794e+03
      vertex  1.820985e+04 -7.761970e+03  6.992594e+03
    endloop
  endfacet
  facet normal -7.940951e-02 -9.870487e-01 -1.393879e-01
    outer loop
      vertex  1.820985e+04 -7.761970e+03  6.992594e+03
      vertex  1.840432e+04 -7.779761e+03  7.007794e+03
      vertex  1.840499e+04 -7.804479e+03  7.182448e+03
    endloop
  endfacet
  facet normal -7.234277e-02 -9.865558e-01 -1.465409e-01
    outer loop
      vertex  1.820985e+04 -7.761970e+03  6.992594e+03
      vertex  1.840499e+04 -7.804479e+03  7.182448e+03
      vertex  1.821099e+04 -7.786986e+03  7.160451e+03
    endloop
  endfacet
  facet normal -1.130692e-01 -9.590798e-01 -2.595792e-01
    outer loop
      vertex  1.839786e+04 -7.571326e+03  5.979079e+03
      vertex  1.819740e+04 -7.524193e+03  5.892253e+03
      vertex  1.839666e+04 -7.531220e+03  5.831417e+03
    endloop
  endfacet
  facet normal -1.195751e-01 -9.520213e-01 -2.817040e-01
    outer loop
      vertex  1.839666e+04 -7.531220e+03  5.831417e+03
      vertex  1.819740e+04 -7.524193e+03  5.892253e+03
      vertex  1.819416e+04 -7.458419e+03  5.671345e+03
    endloop
  endfacet
  facet normal -1.213385e-01 -9.524045e-01 -2.796475e-01
    outer loop
      vertex  1.839666e+04 -7.531220e+03  5.831417e+03
      vertex  1.819416e+04 -7.458419e+03  5.671345e+03
      vertex  1.839502e+04 -7.473222e+03  5.634604e+03
    endloop
  endfacet
  facet normal -1.259105e-01 -9.428582e-01 -3.084883e-01
    outer loop
      vertex  1.839502e+04 -7.473222e+03  5.634604e+03
      vertex  1.819416e+04 -7.458419e+03  5.671345e+03
      vertex  1.819083e+04 -7.385781e+03  5.450690e+03
    endloop
  endfacet
  facet normal -1.311522e-01 -9.438741e-01 -3.031517e-01
    outer loop
      vertex  1.839502e+04 -7.473222e+03  5.634604e+03
      vertex  1.819083e+04 -7.385781e+03  5.450690e+03
      vertex  1.839335e+04 -7.409858e+03  5.438041e+03
    endloop
  endfacet
  facet normal -1.318610e-01 -9.326044e-01 -3.359492e-01
    outer loop
      vertex  1.839335e+04 -7.409858e+03  5.438041e+03
      vertex  1.819083e+04 -7.385781e+03  5.450690e+03
      vertex  1.818751e+04 -7.306011e+03  5.230550e+03
    endloop
  endfacet
  facet normal -1.416250e-01 -9.343110e-01 -3.271170e-01
    outer loop
      vertex  1.839335e+04 -7.409858e+03  5.438041e+03
      vertex  1.818751e+04 -7.306011e+03  5.230550e+03
      vertex  1.839169e+04 -7.340941e+03  5.241920e+03
    endloop
  endfacet
  facet normal -1.373400e-01 -9.212465e-01 -3.639266e-01
    outer loop
      vertex  1.839169e+04 -7.340941e+03  5.241920e+03
      vertex  1.818751e+04 -7.306011e+03  5.230550e+03
      vertex  1.818428e+04 -7.218377e+03  5.009936e+03
    endloop
  endfacet
  facet normal -1.506550e-01 -9.233611e-01 -3.531393e-01
    outer loop
      vertex  1.839169e+04 -7.340941e+03  5.241920e+03
      vertex  1.818428e+04 -7.218377e+03  5.009936e+03
      vertex  1.838986e+04 -7.256074e+03  5.020798e+03
    endloop
  endfacet
  facet normal -1.458586e-01 -9.083729e-01 -3.918977e-01
    outer loop
      vertex  1.838986e+04 -7.256074e+03  5.020798e+03
      vertex  1.818428e+04 -7.218377e+03  5.009936e+03
      vertex  1.818124e+04 -7.123162e+03  4.790369e+03
    endloop
  endfacet
  facet normal -1.594393e-01 -9.107380e-01 -3.809666e-01
    outer loop
      vertex  1.838986e+04 -7.256074e+03  5.020798e+03
      vertex  1.818124e+04 -7.123162e+03  4.790369e+03
      vertex  1.838814e+04 -7.163728e+03  4.800756e+03
    endloop
  endfacet
  facet normal -1.543076e-01 -8.944713e-01 -4.196547e-01
    outer loop
      vertex  1.838814e+04 -7.163728e+03  4.800756e+03
      vertex  1.818124e+04 -7.123162e+03  4.790369e+03
      vertex  1.817849e+04 -7.020284e+03  4.572099e+03
    endloop
  endfacet
  facet normal -1.680644e-01 -8.970729e-01 -4.086740e-01
    outer loop
      vertex  1.838814e+04 -7.163728e+03  4.800756e+03
      vertex  1.817849e+04 -7.020284e+03  4.572099e+03
      vertex  1.838658e+04 -7.063799e+03  4.582046e+03
    endloop
  endfacet
  facet normal -1.626039e-01 -8.796946e-01 -4.468753e-01
    outer loop
      vertex  1.838658e+04 -7.063799e+03  4.582046e+03
      vertex  1.817849e+04 -7.020284e+03  4.572099e+03
      vertex  1.817613e+04 -6.909744e+03  4.355354e+03
    endloop
  endfacet
  facet normal -1.764474e-01 -8.825104e-01 -4.359377e-01
    outer loop
      vertex  1.838658e+04 -7.063799e+03  4.582046e+03
      vertex  1.817613e+04 -6.909744e+03  4.355354e+03
      vertex  1.838523e+04 -6.956264e+03  4.364898e+03
    endloop
  endfacet
  facet normal -1.706818e-01 -8.642468e-01 -4.732284e-01
    outer loop
      vertex  1.838523e+04 -6.956264e+03  4.364898e+03
      vertex  1.817613e+04 -6.909744e+03  4.355354e+03
      vertex  1.817425e+04 -6.791634e+03  4.140333e+03
    endloop
  endfacet
  facet normal -1.845130e-01 -8.672440e-01 -4.624312e-01
    outer loop
      vertex  1.838523e+04 -6.956264e+03  4.364898e+03
      vertex  1.817425e+04 -6.791634e+03  4.140333e+03
      vertex  1.838414e+04 -6.841184e+03  4.149511e+03
    endloop
  endfacet
  facet normal -1.788577e-01 -8.495538e-01 -4.962544e-01
    outer loop
      vertex  1.838414e+04 -6.841184e+03  4.149511e+03
      vertex  1.817425e+04 -6.791634e+03  4.140333e+03
      vertex  1.817309e+04 -6.687562e+03  3.962585e+03
    endloop
  endfacet
  facet normal -1.905841e-01 -8.530086e-01 -4.858540e-01
    outer loop
      vertex  1.838414e+04 -6.841184e+03  4.149511e+03
      vertex  1.817309e+04 -6.687562e+03  3.962585e+03
      vertex  1.838346e+04 -6.739632e+03  3.971483e+03
    endloop
  endfacet
  facet normal -1.851488e-01 -8.362305e-01 -5.161768e-01
    outer loop
      vertex  1.838346e+04 -6.739632e+03  3.971483e+03
      vertex  1.817309e+04 -6.687562e+03  3.962585e+03
      vertex  1.817236e+04 -6.578535e+03  3.786219e+03
    endloop
  endfacet
  facet normal -1.967531e-01 -8.397725e-01 -5.060339e-01
    outer loop
      vertex  1.838346e+04 -6.739632e+03  3.971483e+03
      vertex  1.817236e+04 -6.578535e+03  3.786219e+03
      vertex  1.838301e+04 -6.633094e+03  3.794856e+03
    endloop
  endfacet
  facet normal -1.912280e-01 -8.230055e-01 -5.348775e-01
    outer loop
      vertex  1.838301e+04 -6.633094e+03  3.794856e+03
      vertex  1.817236e+04 -6.578535e+03  3.786219e+03
      vertex  1.817208e+04 -6.464777e+03  3.611282e+03
    endloop
  endfacet
  facet normal -2.026618e-01 -8.265995e-01 -5.250348e-01
    outer loop
      vertex  1.838301e+04 -6.633094e+03  3.794856e+03
      vertex  1.817208e+04 -6.464777e+03  3.611282e+03
      vertex  1.838282e+04 -6.521773e+03  3.619672e+03
    endloop
  endfacet
  facet normal -1.975783e-01 -8.114747e-01 -5.499741e-01
    outer loop
      vertex  1.838282e+04 -6.521773e+03  3.619672e+03
      vertex  1.817208e+04 -6.464777e+03  3.611282e+03
      vertex  1.817219e+04 -6.376525e+03  3.481030e+03
    endloop
  endfacet
  facet normal -2.064428e-01 -8.154851e-01 -5.407082e-01
    outer loop
      vertex  1.838282e+04 -6.521773e+03  3.619672e+03
      vertex  1.817219e+04 -6.376525e+03  3.481030e+03
      vertex  1.838284e+04 -6.435297e+03  3.489240e+03
    endloop
  endfacet
  facet normal -2.018718e-01 -8.020837e-01 -5.620582e-01
    outer loop
      vertex  1.838284e+04 -6.435297e+03  3.489240e+03
      vertex  1.817219e+04 -6.376525e+03  3.481030e+03
      vertex  1.817257e+04 -6.285916e+03  3.351589e+03
    endloop
  endfacet
  facet normal -2.105829e-01 -8.060740e-01 -5.530818e-01
    outer loop
      vertex  1.838284e+04 -6.435297e+03  3.489240e+03
      vertex  1.817257e+04 -6.285916e+03  3.351589e+03
      vertex  1.838302e+04 -6.346406e+03  3.359622e+03
    endloop
  endfacet
  facet normal -2.056415e-01 -7.918079e-01 -5.751103e-01
    outer loop
      vertex  1.838302e+04 -6.346406e+03  3.359622e+03
      vertex  1.817257e+04 -6.285916e+03  3.351589e+03
      vertex  1.817353e+04 -6.160609e+03  3.178725e+03
    endloop
  endfacet
  facet normal -2.159834e-01 -7.951828e-01 -5.665999e-01
    outer loop
      vertex  1.838302e+04 -6.346406e+03  3.359622e+03
      vertex  1.817353e+04 -6.160609e+03  3.178725e+03
      vertex  1.838352e+04 -6.217911e+03  3.179095e+03
    endloop
  endfacet
  facet normal -2.212710e-01 -7.591349e-01 -6.121710e-01
    outer loop
      vertex  1.859732e+04 -5.767110e+03  2.515060e+03
      vertex  1.838691e+04 -5.803191e+03  2.635854e+03
      vertex  1.838976e+04 -5.571335e+03  2.347308e+03
    endloop
  endfacet
  facet normal -2.310026e-01 -7.573270e-01 -6.108140e-01
    outer loop
      vertex  1.838976e+04 -5.571335e+03  2.347308e+03
      vertex  1.838691e+04 -5.803191e+03  2.635854e+03
      vertex  1.818070e+04 -5.703631e+03  2.590400e+03
    endloop
  endfacet
  facet normal -2.410029e-01 -7.503076e-01 -6.155941e-01
    outer loop
      vertex  1.838976e+04 -5.571335e+03  2.347308e+03
      vertex  1.818070e+04 -5.703631e+03  2.590400e+03
      vertex  1.818715e+04 -5.433192e+03  2.258254e+03
    endloop
  endfacet
  facet normal -2.456567e-01 -7.493578e-01 -6.149112e-01
    outer loop
      vertex  1.818715e+04 -5.433192e+03  2.258254e+03
      vertex  1.818070e+04 -5.703631e+03  2.590400e+03
      vertex  1.797597e+04 -5.679040e+03  2.642219e+03
    endloop
  endfacet
  facet normal -2.508419e-01 -7.466940e-01 -6.160573e-01
    outer loop
      vertex  1.818715e+04 -5.433192e+03  2.258254e+03
      vertex  1.797597e+04 -5.679040e+03  2.642219e+03
      vertex  1.798194e+04 -5.482180e+03  2.401187e+03
    endloop
  endfacet
  facet normal -6.870966e-02 -9.927146e-01 -9.897807e-02
    outer loop
      vertex  1.802024e+04 -7.834832e+03  7.670897e+03
      vertex  1.821316e+04 -7.849822e+03  7.687317e+03
      vertex  1.802068e+04 -7.852106e+03  7.843849e+03
    endloop
  endfacet
  facet normal -5.791098e-02 -9.946342e-01 -8.572699e-02
    outer loop
      vertex  1.802068e+04 -7.852106e+03  7.843849e+03
      vertex  1.821316e+04 -7.849822e+03  7.687317e+03
      vertex  1.821372e+04 -7.879545e+03  8.031805e+03
    endloop
  endfacet
  facet normal -5.663827e-02 -9.945944e-01 -8.702835e-02
    outer loop
      vertex  1.802068e+04 -7.852106e+03  7.843849e+03
      vertex  1.821372e+04 -7.879545e+03  8.031805e+03
      vertex  1.802095e+04 -7.867240e+03  8.016624e+03
    endloop
  endfacet
  facet normal -5.861561e-02 -9.962728e-01 -6.328198e-02
    outer loop
      vertex  1.802095e+04 -7.867240e+03  8.016624e+03
      vertex  1.821372e+04 -7.879545e+03  8.031805e+03
      vertex  1.821408e+04 -7.901393e+03  8.375419e+03
    endloop
  endfacet
  facet normal -4.567951e-02 -9.964819e-01 -7.026491e-02
    outer loop
      vertex  1.802095e+04 -7.867240e+03  8.016624e+03
      vertex  1.821408e+04 -7.901393e+03  8.375419e+03
      vertex  1.802140e+04 -7.891633e+03  8.362272e+03
    endloop
  endfacet
  facet normal -6.981654e-02 -9.905519e-01 -1.180370e-01
    outer loop
      vertex  1.840553e+04 -7.826481e+03  7.356451e+03
      vertex  1.821264e+04 -7.830925e+03  7.507835e+03
      vertex  1.821189e+04 -7.809418e+03  7.327792e+03
    endloop
  endfacet
  facet normal -7.493042e-02 -9.901859e-01 -1.179722e-01
    outer loop
      vertex  1.821189e+04 -7.809418e+03  7.327792e+03
      vertex  1.821264e+04 -7.830925e+03  7.507835e+03
      vertex  1.801931e+04 -7.808193e+03  7.439828e+03
    endloop
  endfacet
  facet normal -8.321036e-02 -9.877200e-01 -1.322318e-01
    outer loop
      vertex  1.821189e+04 -7.809418e+03  7.327792e+03
      vertex  1.801931e+04 -7.808193e+03  7.439828e+03
      vertex  1.801788e+04 -7.777045e+03  7.208068e+03
    endloop
  endfacet
  facet normal -8.495112e-02 -9.875758e-01 -1.322016e-01
    outer loop
      vertex  1.801788e+04 -7.777045e+03  7.208068e+03
      vertex  1.801931e+04 -7.808193e+03  7.439828e+03
      vertex  1.782671e+04 -7.796943e+03  7.479557e+03
    endloop
  endfacet
  facet normal -9.149819e-02 -9.863746e-01 -1.367237e-01
    outer loop
      vertex  1.801788e+04 -7.777045e+03  7.208068e+03
      vertex  1.782671e+04 -7.796943e+03  7.479557e+03
      vertex  1.782526e+04 -7.766110e+03  7.258086e+03
    endloop
  endfacet
  facet normal -8.939968e-02 -9.865615e-01 -1.367634e-01
    outer loop
      vertex  1.782526e+04 -7.766110e+03  7.258086e+03
      vertex  1.782671e+04 -7.796943e+03  7.479557e+03
      vertex  1.769851e+04 -7.791244e+03  7.522249e+03
    endloop
  endfacet
  facet normal -9.754570e-02 -9.852569e-01 -1.405480e-01
    outer loop
      vertex  1.782526e+04 -7.766110e+03  7.258086e+03
      vertex  1.769851e+04 -7.791244e+03  7.522249e+03
      vertex  1.769688e+04 -7.755486e+03  7.272705e+03
    endloop
  endfacet
  facet normal -1.110651e-01 -9.805581e-01 -1.617730e-01
    outer loop
      vertex  1.782321e+04 -7.730769e+03  7.036160e+03
      vertex  1.769688e+04 -7.755486e+03  7.272705e+03
      vertex  1.769445e+04 -7.713983e+03  7.022820e+03
    endloop
  endfacet
  facet normal -9.905972e-02 -9.828405e-01 -1.556004e-01
    outer loop
      vertex  1.769688e+04 -7.755486e+03  7.272705e+03
      vertex  1.782321e+04 -7.730769e+03  7.036160e+03
      vertex  1.782526e+04 -7.766110e+03  7.258086e+03
    endloop
  endfacet
  facet normal -1.008062e-01 -9.826699e-01 -1.555571e-01
    outer loop
      vertex  1.782526e+04 -7.766110e+03  7.258086e+03
      vertex  1.782321e+04 -7.730769e+03  7.036160e+03
      vertex  1.801587e+04 -7.740936e+03  6.975535e+03
    endloop
  endfacet
  facet normal -9.530348e-02 -9.837836e-01 -1.519441e-01
    outer loop
      vertex  1.782526e+04 -7.766110e+03  7.258086e+03
      vertex  1.801587e+04 -7.740936e+03  6.975535e+03
      vertex  1.801788e+04 -7.777045e+03  7.208068e+03
    endloop
  endfacet
  facet normal -9.332618e-02 -9.839661e-01 -1.519895e-01
    outer loop
      vertex  1.801788e+04 -7.777045e+03  7.208068e+03
      vertex  1.801587e+04 -7.740936e+03  6.975535e+03
      vertex  1.820985e+04 -7.761970e+03  6.992594e+03
    endloop
  endfacet
  facet normal -8.679776e-02 -9.854288e-01 -1.462754e-01
    outer loop
      vertex  1.801788e+04 -7.777045e+03  7.208068e+03
      vertex  1.820985e+04 -7.761970e+03  6.992594e+03
      vertex  1.821099e+04 -7.786986e+03  7.160451e+03
    endloop
  endfacet
  facet normal -1.159642e-01 -9.701057e-01 -2.131836e-01
    outer loop
      vertex  1.800821e+04 -7.624259e+03  6.384168e+03
      vertex  1.820419e+04 -7.652774e+03  6.407317e+03
      vertex  1.801048e+04 -7.657479e+03  6.534099e+03
    endloop
  endfacet
  facet normal -1.044281e-01 -9.750795e-01 -1.957415e-01
    outer loop
      vertex  1.801048e+04 -7.657479e+03  6.534099e+03
      vertex  1.820419e+04 -7.652774e+03  6.407317e+03
      vertex  1.820735e+04 -7.711984e+03  6.700583e+03
    endloop
  endfacet
  facet normal -1.024362e-01 -9.748316e-01 -1.980158e-01
    outer loop
      vertex  1.801048e+04 -7.657479e+03  6.534099e+03
      vertex  1.820735e+04 -7.711984e+03  6.700583e+03
      vertex  1.801253e+04 -7.688102e+03  6.683793e+03
    endloop
  endfacet
  facet normal -1.057866e-01 -9.802831e-01 -1.668959e-01
    outer loop
      vertex  1.801253e+04 -7.688102e+03  6.683793e+03
      vertex  1.820735e+04 -7.711984e+03  6.700583e+03
      vertex  1.820985e+04 -7.761970e+03  6.992594e+03
    endloop
  endfacet
  facet normal -9.075664e-02 -9.801149e-01 -1.764597e-01
    outer loop
      vertex  1.801253e+04 -7.688102e+03  6.683793e+03
      vertex  1.820985e+04 -7.761970e+03  6.992594e+03
      vertex  1.801587e+04 -7.740936e+03  6.975535e+03
    endloop
  endfacet
  facet normal -1.805590e-01 -8.905650e-01 -4.174833e-01
    outer loop
      vertex  1.817849e+04 -7.020284e+03  4.572099e+03
      vertex  1.818124e+04 -7.123162e+03  4.790369e+03
      vertex  1.797705e+04 -7.062521e+03  4.749322e+03
    endloop
  endfacet
  facet normal -1.897217e-01 -9.017424e-01 -3.884152e-01
    outer loop
      vertex  1.797705e+04 -7.062521e+03  4.749322e+03
      vertex  1.818124e+04 -7.123162e+03  4.790369e+03
      vertex  1.818428e+04 -7.218377e+03  5.009936e+03
    endloop
  endfacet
  facet normal -1.688970e-01 -8.992606e-01 -4.034900e-01
    outer loop
      vertex  1.797705e+04 -7.062521e+03  4.749322e+03
      vertex  1.818428e+04 -7.218377e+03  5.009936e+03
      vertex  1.798135e+04 -7.168058e+03  4.982730e+03
    endloop
  endfacet
  facet normal -1.785801e-01 -9.153204e-01 -3.609676e-01
    outer loop
      vertex  1.798135e+04 -7.168058e+03  4.982730e+03
      vertex  1.818428e+04 -7.218377e+03  5.009936e+03
      vertex  1.818751e+04 -7.306011e+03  5.230550e+03
    endloop
  endfacet
  facet normal -1.616800e-01 -9.132732e-01 -3.738872e-01
    outer loop
      vertex  1.798135e+04 -7.168058e+03  4.982730e+03
      vertex  1.818751e+04 -7.306011e+03  5.230550e+03
      vertex  1.798597e+04 -7.264920e+03  5.217334e+03
    endloop
  endfacet
  facet normal -1.672675e-01 -9.277381e-01 -3.336518e-01
    outer loop
      vertex  1.798597e+04 -7.264920e+03  5.217334e+03
      vertex  1.818751e+04 -7.306011e+03  5.230550e+03
      vertex  1.819083e+04 -7.385781e+03  5.450690e+03
    endloop
  endfacet
  facet normal -1.527967e-01 -9.259266e-01 -3.454174e-01
    outer loop
      vertex  1.798597e+04 -7.264920e+03  5.217334e+03
      vertex  1.819083e+04 -7.385781e+03  5.450690e+03
      vertex  1.799042e+04 -7.347539e+03  5.436834e+03
    endloop
  endfacet
  facet normal -1.579056e-01 -9.386431e-01 -3.066187e-01
    outer loop
      vertex  1.799042e+04 -7.347539e+03  5.436834e+03
      vertex  1.819083e+04 -7.385781e+03  5.450690e+03
      vertex  1.819416e+04 -7.458419e+03  5.671345e+03
    endloop
  endfacet
  facet normal -1.436452e-01 -9.370579e-01 -3.182585e-01
    outer loop
      vertex  1.799042e+04 -7.347539e+03  5.436834e+03
      vertex  1.819416e+04 -7.458419e+03  5.671345e+03
      vertex  1.799487e+04 -7.422950e+03  5.656858e+03
    endloop
  endfacet
  facet normal -1.484298e-01 -9.483964e-01 -2.802015e-01
    outer loop
      vertex  1.799487e+04 -7.422950e+03  5.656858e+03
      vertex  1.819416e+04 -7.458419e+03  5.671345e+03
      vertex  1.819740e+04 -7.524193e+03  5.892253e+03
    endloop
  endfacet
  facet normal -1.344702e-01 -9.470334e-01 -2.916256e-01
    outer loop
      vertex  1.799487e+04 -7.422950e+03  5.656858e+03
      vertex  1.819740e+04 -7.524193e+03  5.892253e+03
      vertex  1.799921e+04 -7.491406e+03  5.877162e+03
    endloop
  endfacet
  facet normal -1.389397e-01 -9.570108e-01 -2.546094e-01
    outer loop
      vertex  1.799921e+04 -7.491406e+03  5.877162e+03
      vertex  1.819740e+04 -7.524193e+03  5.892253e+03
      vertex  1.820047e+04 -7.583413e+03  6.113165e+03
    endloop
  endfacet
  facet normal -1.253666e-01 -9.558597e-01 -2.657356e-01
    outer loop
      vertex  1.799921e+04 -7.491406e+03  5.877162e+03
      vertex  1.820047e+04 -7.583413e+03  6.113165e+03
      vertex  1.800333e+04 -7.553205e+03  6.097511e+03
    endloop
  endfacet
  facet normal -1.290670e-01 -9.636098e-01 -2.340892e-01
    outer loop
      vertex  1.800333e+04 -7.553205e+03  6.097511e+03
      vertex  1.820047e+04 -7.583413e+03  6.113165e+03
      vertex  1.820240e+04 -7.619419e+03  6.260324e+03
    endloop
  endfacet
  facet normal -1.197002e-01 -9.621217e-01 -2.449362e-01
    outer loop
      vertex  1.800333e+04 -7.553205e+03  6.097511e+03
      vertex  1.820240e+04 -7.619419e+03  6.260324e+03
      vertex  1.800585e+04 -7.590022e+03  6.240902e+03
    endloop
  endfacet
  facet normal -1.232391e-01 -9.680982e-01 -2.181697e-01
    outer loop
      vertex  1.800585e+04 -7.590022e+03  6.240902e+03
      vertex  1.820240e+04 -7.619419e+03  6.260324e+03
      vertex  1.820419e+04 -7.652774e+03  6.407317e+03
    endloop
  endfacet
  facet normal -1.135871e-01 -9.667385e-01 -2.291607e-01
    outer loop
      vertex  1.800585e+04 -7.590022e+03  6.240902e+03
      vertex  1.820419e+04 -7.652774e+03  6.407317e+03
      vertex  1.800821e+04 -7.624259e+03  6.384168e+03
    endloop
  endfacet
  facet normal -2.433574e-01 -7.958051e-01 -5.545009e-01
    outer loop
      vertex  1.776243e+04 -6.270347e+03  3.501104e+03
      vertex  1.796552e+04 -6.330472e+03  3.498262e+03
      vertex  1.776235e+04 -6.364361e+03  3.636066e+03
    endloop
  endfacet
  facet normal -2.372559e-01 -8.026755e-01 -5.471946e-01
    outer loop
      vertex  1.776235e+04 -6.364361e+03  3.636066e+03
      vertex  1.796552e+04 -6.330472e+03  3.498262e+03
      vertex  1.796549e+04 -6.456798e+03  3.683580e+03
    endloop
  endfacet
  facet normal -2.251540e-01 -8.050525e-01 -5.488133e-01
    outer loop
      vertex  1.796552e+04 -6.330472e+03  3.498262e+03
      vertex  1.817219e+04 -6.376525e+03  3.481030e+03
      vertex  1.796549e+04 -6.456798e+03  3.683580e+03
    endloop
  endfacet
  facet normal -2.225883e-01 -8.070160e-01 -5.469733e-01
    outer loop
      vertex  1.796549e+04 -6.456798e+03  3.683580e+03
      vertex  1.817219e+04 -6.376525e+03  3.481030e+03
      vertex  1.817208e+04 -6.464777e+03  3.611282e+03
    endloop
  endfacet
  facet normal -2.459889e-01 -7.864915e-01 -5.664984e-01
    outer loop
      vertex  1.776299e+04 -6.173931e+03  3.367000e+03
      vertex  1.796603e+04 -6.232640e+03  3.360343e+03
      vertex  1.776243e+04 -6.270347e+03  3.501104e+03
    endloop
  endfacet
  facet normal -2.420275e-01 -7.909600e-01 -5.619654e-01
    outer loop
      vertex  1.776243e+04 -6.270347e+03  3.501104e+03
      vertex  1.796603e+04 -6.232640e+03  3.360343e+03
      vertex  1.796552e+04 -6.330472e+03  3.498262e+03
    endloop
  endfacet
  facet normal -2.286135e-01 -7.936326e-01 -5.638114e-01
    outer loop
      vertex  1.796603e+04 -6.232640e+03  3.360343e+03
      vertex  1.817257e+04 -6.285916e+03  3.351589e+03
      vertex  1.796552e+04 -6.330472e+03  3.498262e+03
    endloop
  endfacet
  facet normal -2.244582e-01 -7.980149e-01 -5.592768e-01
    outer loop
      vertex  1.796552e+04 -6.330472e+03  3.498262e+03
      vertex  1.817257e+04 -6.285916e+03  3.351589e+03
      vertex  1.817219e+04 -6.376525e+03  3.481030e+03
    endloop
  endfacet
  facet normal -2.671332e-01 -7.674103e-01 -5.828562e-01
    outer loop
      vertex  1.776425e+04 -6.060327e+03  3.213803e+03
      vertex  1.762943e+04 -6.124981e+03  3.360722e+03
      vertex  1.763220e+04 -5.928675e+03  3.100990e+03
    endloop
  endfacet
  facet normal -2.570001e-01 -7.752504e-01 -5.770075e-01
    outer loop
      vertex  1.762943e+04 -6.124981e+03  3.360722e+03
      vertex  1.776425e+04 -6.060327e+03  3.213803e+03
      vertex  1.776299e+04 -6.173931e+03  3.367000e+03
    endloop
  endfacet
  facet normal -2.490245e-01 -7.769573e-01 -5.782077e-01
    outer loop
      vertex  1.776299e+04 -6.173931e+03  3.367000e+03
      vertex  1.776425e+04 -6.060327e+03  3.213803e+03
      vertex  1.796698e+04 -6.132393e+03  3.223330e+03
    endloop
  endfacet
  facet normal -2.448305e-01 -7.816781e-01 -5.736178e-01
    outer loop
      vertex  1.776299e+04 -6.173931e+03  3.367000e+03
      vertex  1.796698e+04 -6.132393e+03  3.223330e+03
      vertex  1.796603e+04 -6.232640e+03  3.360343e+03
    endloop
  endfacet
  facet normal -2.314348e-01 -7.843732e-01 -5.754969e-01
    outer loop
      vertex  1.796603e+04 -6.232640e+03  3.360343e+03
      vertex  1.796698e+04 -6.132393e+03  3.223330e+03
      vertex  1.817353e+04 -6.160609e+03  3.178725e+03
    endloop
  endfacet
  facet normal -2.274780e-01 -7.878282e-01 -5.723465e-01
    outer loop
      vertex  1.796603e+04 -6.232640e+03  3.360343e+03
      vertex  1.817353e+04 -6.160609e+03  3.178725e+03
      vertex  1.817257e+04 -6.285916e+03  3.351589e+03
    endloop
  endfacet
  facet normal -2.594088e-01 -7.498692e-01 -6.086077e-01
    outer loop
      vertex  1.799266e+04 -5.187818e+03  2.041558e+03
      vertex  1.799850e+04 -5.043847e+03  1.861679e+03
      vertex  1.819472e+04 -5.164716e+03  1.926970e+03
    endloop
  endfacet
  facet normal -2.670385e-01 -7.561911e-01 -5.973822e-01
    outer loop
      vertex  1.819472e+04 -5.164716e+03  1.926970e+03
      vertex  1.799850e+04 -5.043847e+03  1.861679e+03
      vertex  1.800295e+04 -4.938474e+03  1.726306e+03
    endloop
  endfacet
  facet normal -2.621006e-01 -7.551284e-01 -6.009031e-01
    outer loop
      vertex  1.819472e+04 -5.164716e+03  1.926970e+03
      vertex  1.800295e+04 -4.938474e+03  1.726306e+03
      vertex  1.819868e+04 -5.033770e+03  1.760687e+03
    endloop
  endfacet
  facet normal -7.403819e-02 -9.919617e-01 -1.026178e-01
    outer loop
      vertex  1.769945e+04 -7.821805e+03  7.771675e+03
      vertex  1.782805e+04 -7.841208e+03  7.866449e+03
      vertex  1.769993e+04 -7.847668e+03  8.021334e+03
    endloop
  endfacet
  facet normal -6.264012e-02 -9.936693e-01 -9.326041e-02
    outer loop
      vertex  1.769993e+04 -7.847668e+03  8.021334e+03
      vertex  1.782805e+04 -7.841208e+03  7.866449e+03
      vertex  1.782833e+04 -7.856786e+03  8.032247e+03
    endloop
  endfacet
  facet normal -6.714038e-02 -9.933786e-01 -9.322568e-02
    outer loop
      vertex  1.782805e+04 -7.841208e+03  7.866449e+03
      vertex  1.802068e+04 -7.852106e+03  7.843849e+03
      vertex  1.782833e+04 -7.856786e+03  8.032247e+03
    endloop
  endfacet
  facet normal -6.101810e-02 -9.943380e-01 -8.699886e-02
    outer loop
      vertex  1.782833e+04 -7.856786e+03  8.032247e+03
      vertex  1.802068e+04 -7.852106e+03  7.843849e+03
      vertex  1.802095e+04 -7.867240e+03  8.016624e+03
    endloop
  endfacet
  facet normal -7.238641e-02 -9.918516e-01 -1.048367e-01
    outer loop
      vertex  1.769945e+04 -7.821805e+03  7.771675e+03
      vertex  1.782763e+04 -7.823657e+03  7.700695e+03
      vertex  1.782805e+04 -7.841208e+03  7.866449e+03
    endloop
  endfacet
  facet normal -7.375439e-02 -9.917522e-01 -1.048227e-01
    outer loop
      vertex  1.782805e+04 -7.841208e+03  7.866449e+03
      vertex  1.782763e+04 -7.823657e+03  7.700695e+03
      vertex  1.802024e+04 -7.834832e+03  7.670897e+03
    endloop
  endfacet
  facet normal -6.778231e-02 -9.927776e-01 -9.898668e-02
    outer loop
      vertex  1.782805e+04 -7.841208e+03  7.866449e+03
      vertex  1.802024e+04 -7.834832e+03  7.670897e+03
      vertex  1.802068e+04 -7.852106e+03  7.843849e+03
    endloop
  endfacet
  facet normal -1.405599e-01 -9.595571e-01 -2.439118e-01
    outer loop
      vertex  1.800333e+04 -7.553205e+03  6.097511e+03
      vertex  1.800585e+04 -7.590022e+03  6.240902e+03
      vertex  1.780944e+04 -7.544704e+03  6.175803e+03
    endloop
  endfacet
  facet normal -1.466649e-01 -9.626374e-01 -2.276368e-01
    outer loop
      vertex  1.780944e+04 -7.544704e+03  6.175803e+03
      vertex  1.800585e+04 -7.590022e+03  6.240902e+03
      vertex  1.800821e+04 -7.624259e+03  6.384168e+03
    endloop
  endfacet
  facet normal -1.272113e-01 -9.609963e-01 -2.455675e-01
    outer loop
      vertex  1.780944e+04 -7.544704e+03  6.175803e+03
      vertex  1.800821e+04 -7.624259e+03  6.384168e+03
      vertex  1.781227e+04 -7.581063e+03  6.316625e+03
    endloop
  endfacet
  facet normal -1.400816e-01 -9.671425e-01 -2.121617e-01
    outer loop
      vertex  1.781227e+04 -7.581063e+03  6.316625e+03
      vertex  1.800821e+04 -7.624259e+03  6.384168e+03
      vertex  1.801048e+04 -7.657479e+03  6.534099e+03
    endloop
  endfacet
  facet normal -1.196117e-01 -9.657349e-01 -2.303239e-01
    outer loop
      vertex  1.781227e+04 -7.581063e+03  6.316625e+03
      vertex  1.801048e+04 -7.657479e+03  6.534099e+03
      vertex  1.781489e+04 -7.614948e+03  6.457344e+03
    endloop
  endfacet
  facet normal -1.339456e-01 -9.712411e-01 -1.968488e-01
    outer loop
      vertex  1.781489e+04 -7.614948e+03  6.457344e+03
      vertex  1.801048e+04 -7.657479e+03  6.534099e+03
      vertex  1.801253e+04 -7.688102e+03  6.683793e+03
    endloop
  endfacet
  facet normal -1.124824e-01 -9.700697e-01 -2.152032e-01
    outer loop
      vertex  1.781489e+04 -7.614948e+03  6.457344e+03
      vertex  1.801253e+04 -7.688102e+03  6.683793e+03
      vertex  1.781738e+04 -7.647729e+03  6.603806e+03
    endloop
  endfacet
  facet normal -2.316189e-01 -8.340635e-01 -5.006904e-01
    outer loop
      vertex  1.776646e+04 -6.713200e+03  4.184294e+03
      vertex  1.776435e+04 -6.602047e+03  4.000108e+03
      vertex  1.796756e+04 -6.693852e+03  4.059035e+03
    endloop
  endfacet
  facet normal -2.204747e-01 -8.235186e-01 -5.226930e-01
    outer loop
      vertex  1.796756e+04 -6.693852e+03  4.059035e+03
      vertex  1.776435e+04 -6.602047e+03  4.000108e+03
      vertex  1.776296e+04 -6.485673e+03  3.817345e+03
    endloop
  endfacet
  facet normal -2.434530e-01 -8.272071e-01 -5.064179e-01
    outer loop
      vertex  1.796756e+04 -6.693852e+03  4.059035e+03
      vertex  1.776296e+04 -6.485673e+03  3.817345e+03
      vertex  1.796619e+04 -6.578038e+03  3.870519e+03
    endloop
  endfacet
  facet normal -2.264643e-01 -8.098390e-01 -5.411791e-01
    outer loop
      vertex  1.796619e+04 -6.578038e+03  3.870519e+03
      vertex  1.776296e+04 -6.485673e+03  3.817345e+03
      vertex  1.776235e+04 -6.364361e+03  3.636066e+03
    endloop
  endfacet
  facet normal -2.469585e-01 -8.134301e-01 -5.266336e-01
    outer loop
      vertex  1.796619e+04 -6.578038e+03  3.870519e+03
      vertex  1.776235e+04 -6.364361e+03  3.636066e+03
      vertex  1.796549e+04 -6.456798e+03  3.683580e+03
    endloop
  endfacet
  facet normal -4.811919e-02 -9.958691e-01 -7.700136e-02
    outer loop
      vertex  1.802140e+04 -7.891633e+03  8.362272e+03
      vertex  1.782881e+04 -7.882507e+03  8.364600e+03
      vertex  1.782833e+04 -7.856786e+03  8.032247e+03
    endloop
  endfacet
  facet normal -4.814338e-02 -9.958680e-01 -7.700123e-02
    outer loop
      vertex  1.782833e+04 -7.856786e+03  8.032247e+03
      vertex  1.782881e+04 -7.882507e+03  8.364600e+03
      vertex  1.770044e+04 -7.875595e+03  8.355467e+03
    endloop
  endfacet
  facet normal -4.997966e-02 -9.957217e-01 -7.771928e-02
    outer loop
      vertex  1.782833e+04 -7.856786e+03  8.032247e+03
      vertex  1.770044e+04 -7.875595e+03  8.355467e+03
      vertex  1.770016e+04 -7.862521e+03  8.188145e+03
    endloop
  endfacet
  facet normal -4.918266e-02 -9.957611e-01 -7.772371e-02
    outer loop
      vertex  1.770016e+04 -7.862521e+03  8.188145e+03
      vertex  1.770044e+04 -7.875595e+03  8.355467e+03
      vertex  1.757208e+04 -7.868359e+03  8.343986e+03
    endloop
  endfacet
  facet normal -5.709500e-02 -9.948125e-01 -8.419063e-02
    outer loop
      vertex  1.770016e+04 -7.862521e+03  8.188145e+03
      vertex  1.757208e+04 -7.868359e+03  8.343986e+03
      vertex  1.757179e+04 -7.854188e+03  8.176736e+03
    endloop
  endfacet
  facet normal -1.078941e-01 -9.779377e-01 -1.788763e-01
    outer loop
      vertex  1.801587e+04 -7.740936e+03  6.975535e+03
      vertex  1.782321e+04 -7.730769e+03  7.036160e+03
      vertex  1.781962e+04 -7.678046e+03  6.750086e+03
    endloop
  endfacet
  facet normal -1.089406e-01 -9.778278e-01 -1.788429e-01
    outer loop
      vertex  1.781962e+04 -7.678046e+03  6.750086e+03
      vertex  1.782321e+04 -7.730769e+03  7.036160e+03
      vertex  1.769445e+04 -7.713983e+03  7.022820e+03
    endloop
  endfacet
  facet normal -1.112561e-01 -9.773828e-01 -1.798469e-01
    outer loop
      vertex  1.781962e+04 -7.678046e+03  6.750086e+03
      vertex  1.769445e+04 -7.713983e+03  7.022820e+03
      vertex  1.769266e+04 -7.687469e+03  6.879832e+03
    endloop
  endfacet
  facet normal -1.436891e-01 -9.627271e-01 -2.291508e-01
    outer loop
      vertex  1.781227e+04 -7.581063e+03  6.316625e+03
      vertex  1.781489e+04 -7.614948e+03  6.457344e+03
      vertex  1.768369e+04 -7.570851e+03  6.354346e+03
    endloop
  endfacet
  facet normal -1.567824e-01 -9.643537e-01 -2.131695e-01
    outer loop
      vertex  1.768369e+04 -7.570851e+03  6.354346e+03
      vertex  1.781489e+04 -7.614948e+03  6.457344e+03
      vertex  1.781738e+04 -7.647729e+03  6.603806e+03
    endloop
  endfacet
  facet normal -1.252609e-01 -9.650310e-01 -2.302711e-01
    outer loop
      vertex  1.768369e+04 -7.570851e+03  6.354346e+03
      vertex  1.781738e+04 -7.647729e+03  6.603806e+03
      vertex  1.768737e+04 -7.616971e+03  6.545625e+03
    endloop
  endfacet
  facet normal -1.404649e-01 -9.699067e-01 -1.988736e-01
    outer loop
      vertex  1.768737e+04 -7.616971e+03  6.545625e+03
      vertex  1.781738e+04 -7.647729e+03  6.603806e+03
      vertex  1.781962e+04 -7.678046e+03  6.750086e+03
    endloop
  endfacet
  facet normal -1.229782e-01 -9.698971e-01 -2.101812e-01
    outer loop
      vertex  1.768737e+04 -7.616971e+03  6.545625e+03
      vertex  1.781962e+04 -7.678046e+03  6.750086e+03
      vertex  1.769058e+04 -7.658783e+03  6.736695e+03
    endloop
  endfacet
  facet normal -2.071771e-01 -8.885329e-01 -4.093739e-01
    outer loop
      vertex  1.764541e+04 -7.009852e+03  4.805265e+03
      vertex  1.778261e+04 -7.144443e+03  5.027954e+03
      vertex  1.765060e+04 -7.108869e+03  5.017551e+03
    endloop
  endfacet
  facet normal -2.138813e-01 -9.028032e-01 -3.730965e-01
    outer loop
      vertex  1.765060e+04 -7.108869e+03  5.017551e+03
      vertex  1.778261e+04 -7.144443e+03  5.027954e+03
      vertex  1.778804e+04 -7.240153e+03  5.256437e+03
    endloop
  endfacet
  facet normal -1.970491e-01 -9.026221e-01 -3.826813e-01
    outer loop
      vertex  1.765060e+04 -7.108869e+03  5.017551e+03
      vertex  1.778804e+04 -7.240153e+03  5.256437e+03
      vertex  1.765646e+04 -7.206773e+03  5.245456e+03
    endloop
  endfacet
  facet normal -2.036141e-01 -9.161721e-01 -3.452101e-01
    outer loop
      vertex  1.765646e+04 -7.206773e+03  5.245456e+03
      vertex  1.778804e+04 -7.240153e+03  5.256437e+03
      vertex  1.779360e+04 -7.327784e+03  5.485725e+03
    endloop
  endfacet
  facet normal -1.864706e-01 -9.160971e-01 -3.549573e-01
    outer loop
      vertex  1.765646e+04 -7.206773e+03  5.245456e+03
      vertex  1.779360e+04 -7.327784e+03  5.485725e+03
      vertex  1.766248e+04 -7.296625e+03  5.474191e+03
    endloop
  endfacet
  facet normal -1.926871e-01 -9.284355e-01 -3.176145e-01
    outer loop
      vertex  1.766248e+04 -7.296625e+03  5.474191e+03
      vertex  1.779360e+04 -7.327784e+03  5.485725e+03
      vertex  1.779913e+04 -7.407554e+03  5.715550e+03
    endloop
  endfacet
  facet normal -1.753745e-01 -9.284586e-01 -3.274271e-01
    outer loop
      vertex  1.766248e+04 -7.296625e+03  5.474191e+03
      vertex  1.779913e+04 -7.407554e+03  5.715550e+03
      vertex  1.766845e+04 -7.378623e+03  5.703505e+03
    endloop
  endfacet
  facet normal -1.812237e-01 -9.395349e-01 -2.905723e-01
    outer loop
      vertex  1.766845e+04 -7.378623e+03  5.703505e+03
      vertex  1.779913e+04 -7.407554e+03  5.715550e+03
      vertex  1.780446e+04 -7.479747e+03  5.945655e+03
    endloop
  endfacet
  facet normal -1.639057e-01 -9.396427e-01 -3.003442e-01
    outer loop
      vertex  1.766845e+04 -7.378623e+03  5.703505e+03
      vertex  1.780446e+04 -7.479747e+03  5.945655e+03
      vertex  1.767421e+04 -7.453032e+03  5.933156e+03
    endloop
  endfacet
  facet normal -1.693755e-01 -9.494495e-01 -2.643061e-01
    outer loop
      vertex  1.767421e+04 -7.453032e+03  5.933156e+03
      vertex  1.780446e+04 -7.479747e+03  5.945655e+03
      vertex  1.780944e+04 -7.544704e+03  6.175803e+03
    endloop
  endfacet
  facet normal -1.521936e-01 -9.496259e-01 -2.739485e-01
    outer loop
      vertex  1.767421e+04 -7.453032e+03  5.933156e+03
      vertex  1.780944e+04 -7.544704e+03  6.175803e+03
      vertex  1.767959e+04 -7.520178e+03  6.162923e+03
    endloop
  endfacet
  facet normal -1.565725e-01 -9.570618e-01 -2.439627e-01
    outer loop
      vertex  1.767959e+04 -7.520178e+03  6.162923e+03
      vertex  1.780944e+04 -7.544704e+03  6.175803e+03
      vertex  1.781227e+04 -7.581063e+03  6.316625e+03
    endloop
  endfacet
  facet normal -1.493362e-01 -9.566484e-01 -2.500451e-01
    outer loop
      vertex  1.767959e+04 -7.520178e+03  6.162923e+03
      vertex  1.781227e+04 -7.581063e+03  6.316625e+03
      vertex  1.768369e+04 -7.570851e+03  6.354346e+03
    endloop
  endfacet
  facet normal -2.226107e-01 -8.890025e-01 -4.001487e-01
    outer loop
      vertex  1.778261e+04 -7.144443e+03  5.027954e+03
      vertex  1.764541e+04 -7.009852e+03  4.805265e+03
      vertex  1.777781e+04 -7.047439e+03  4.815114e+03
    endloop
  endfacet
  facet normal -2.158331e-01 -8.742325e-01 -4.348948e-01
    outer loop
      vertex  1.777781e+04 -7.047439e+03  4.815114e+03
      vertex  1.764541e+04 -7.009852e+03  4.805265e+03
      vertex  1.764067e+04 -6.903652e+03  4.594133e+03
    endloop
  endfacet
  facet normal -2.307320e-01 -8.747985e-01 -4.260168e-01
    outer loop
      vertex  1.777781e+04 -7.047439e+03  4.815114e+03
      vertex  1.764067e+04 -6.903652e+03  4.594133e+03
      vertex  1.777343e+04 -6.943194e+03  4.603427e+03
    endloop
  endfacet
  facet normal -2.237649e-01 -8.593537e-01 -4.598265e-01
    outer loop
      vertex  1.777343e+04 -6.943194e+03  4.603427e+03
      vertex  1.764067e+04 -6.903652e+03  4.594133e+03
      vertex  1.763653e+04 -6.790323e+03  4.384348e+03
    endloop
  endfacet
  facet normal -2.380257e-01 -8.600051e-01 -4.513700e-01
    outer loop
      vertex  1.777343e+04 -6.943194e+03  4.603427e+03
      vertex  1.763653e+04 -6.790323e+03  4.384348e+03
      vertex  1.776960e+04 -6.831742e+03  4.393093e+03
    endloop
  endfacet
  facet normal -2.309351e-01 -8.440962e-01 -4.839118e-01
    outer loop
      vertex  1.776960e+04 -6.831742e+03  4.393093e+03
      vertex  1.763653e+04 -6.790323e+03  4.384348e+03
      vertex  1.763314e+04 -6.670000e+03  4.176085e+03
    endloop
  endfacet
  facet normal -2.444428e-01 -8.448163e-01 -4.759549e-01
    outer loop
      vertex  1.776960e+04 -6.831742e+03  4.393093e+03
      vertex  1.763314e+04 -6.670000e+03  4.176085e+03
      vertex  1.776646e+04 -6.713200e+03  4.184294e+03
    endloop
  endfacet
  facet normal -2.376312e-01 -8.294212e-01 -5.055611e-01
    outer loop
      vertex  1.776646e+04 -6.713200e+03  4.184294e+03
      vertex  1.763314e+04 -6.670000e+03  4.176085e+03
      vertex  1.763087e+04 -6.557361e+03  3.992360e+03
    endloop
  endfacet
  facet normal -2.490778e-01 -8.304502e-01 -4.983099e-01
    outer loop
      vertex  1.776646e+04 -6.713200e+03  4.184294e+03
      vertex  1.763087e+04 -6.557361e+03  3.992360e+03
      vertex  1.776435e+04 -6.602047e+03  4.000108e+03
    endloop
  endfacet
  facet normal -2.426406e-01 -8.158348e-01 -5.249181e-01
    outer loop
      vertex  1.776435e+04 -6.602047e+03  4.000108e+03
      vertex  1.763087e+04 -6.557361e+03  3.992360e+03
      vertex  1.762937e+04 -6.439608e+03  3.810040e+03
    endloop
  endfacet
  facet normal -2.533337e-01 -8.168721e-01 -5.182104e-01
    outer loop
      vertex  1.776435e+04 -6.602047e+03  4.000108e+03
      vertex  1.762937e+04 -6.439608e+03  3.810040e+03
      vertex  1.776296e+04 -6.485673e+03  3.817345e+03
    endloop
  endfacet
  facet normal -2.470410e-01 -8.025571e-01 -5.430219e-01
    outer loop
      vertex  1.776296e+04 -6.485673e+03  3.817345e+03
      vertex  1.762937e+04 -6.439608e+03  3.810040e+03
      vertex  1.762871e+04 -6.317038e+03  3.629187e+03
    endloop
  endfacet
  facet normal -2.569237e-01 -8.035805e-01 -5.368879e-01
    outer loop
      vertex  1.776296e+04 -6.485673e+03  3.817345e+03
      vertex  1.762871e+04 -6.317038e+03  3.629187e+03
      vertex  1.776235e+04 -6.364361e+03  3.636066e+03
    endloop
  endfacet
  facet normal -2.514529e-01 -7.911369e-01 -5.575607e-01
    outer loop
      vertex  1.776235e+04 -6.364361e+03  3.636066e+03
      vertex  1.762871e+04 -6.317038e+03  3.629187e+03
      vertex  1.762881e+04 -6.222169e+03  3.494530e+03
    endloop
  endfacet
  facet normal -2.585969e-01 -7.925585e-01 -5.522487e-01
    outer loop
      vertex  1.776235e+04 -6.364361e+03  3.636066e+03
      vertex  1.762881e+04 -6.222169e+03  3.494530e+03
      vertex  1.776243e+04 -6.270347e+03  3.501104e+03
    endloop
  endfacet
  facet normal -2.539621e-01 -7.820133e-01 -5.691736e-01
    outer loop
      vertex  1.776243e+04 -6.270347e+03  3.501104e+03
      vertex  1.762881e+04 -6.222169e+03  3.494530e+03
      vertex  1.762943e+04 -6.124981e+03  3.360722e+03
    endloop
  endfacet
  facet normal -2.605699e-01 -7.833626e-01 -5.643104e-01
    outer loop
      vertex  1.776243e+04 -6.270347e+03  3.501104e+03
      vertex  1.762943e+04 -6.124981e+03  3.360722e+03
      vertex  1.776299e+04 -6.173931e+03  3.367000e+03
    endloop
  endfacet
  facet normal -2.629466e-01 -7.569810e-01 -5.981963e-01
    outer loop
      vertex  1.763519e+04 -5.794228e+03  2.929540e+03
      vertex  1.776617e+04 -5.944166e+03  3.061700e+03
      vertex  1.763220e+04 -5.928675e+03  3.100990e+03
    endloop
  endfacet
  facet normal -2.635580e-01 -7.571213e-01 -5.977495e-01
    outer loop
      vertex  1.776617e+04 -5.944166e+03  3.061700e+03
      vertex  1.763519e+04 -5.794228e+03  2.929540e+03
      vertex  1.776885e+04 -5.821476e+03  2.905119e+03
    endloop
  endfacet
  facet normal -2.637864e-01 -7.466330e-01 -6.107011e-01
    outer loop
      vertex  1.776885e+04 -5.821476e+03  2.905119e+03
      vertex  1.763519e+04 -5.794228e+03  2.929540e+03
      vertex  1.764380e+04 -5.519760e+03  2.590260e+03
    endloop
  endfacet
  facet normal -2.686581e-01 -7.465450e-01 -6.086817e-01
    outer loop
      vertex  1.776885e+04 -5.821476e+03  2.905119e+03
      vertex  1.764380e+04 -5.519760e+03  2.590260e+03
      vertex  1.777621e+04 -5.571219e+03  2.594933e+03
    endloop
  endfacet
  facet normal -2.656885e-01 -7.397671e-01 -6.181863e-01
    outer loop
      vertex  1.777621e+04 -5.571219e+03  2.594933e+03
      vertex  1.764380e+04 -5.519760e+03  2.590260e+03
      vertex  1.765989e+04 -5.151982e+03  2.143234e+03
    endloop
  endfacet
  facet normal -2.694650e-01 -7.394549e-01 -6.169239e-01
    outer loop
      vertex  1.777621e+04 -5.571219e+03  2.594933e+03
      vertex  1.765989e+04 -5.151982e+03  2.143234e+03
      vertex  1.778694e+04 -5.294511e+03  2.258577e+03
    endloop
  endfacet
  facet normal -4.886277e-02 -9.965295e-01 -6.738969e-02
    outer loop
      vertex  1.782881e+04 -7.882507e+03  8.364600e+03
      vertex  1.770092e+04 -7.886983e+03  8.523521e+03
      vertex  1.770044e+04 -7.875595e+03  8.355467e+03
    endloop
  endfacet
  facet normal -4.186059e-02 -9.968454e-01 -6.743120e-02
    outer loop
      vertex  1.770044e+04 -7.875595e+03  8.355467e+03
      vertex  1.770092e+04 -7.886983e+03  8.523521e+03
      vertex  1.757259e+04 -7.880971e+03  8.514310e+03
    endloop
  endfacet
  facet normal -4.956737e-02 -9.960547e-01 -7.360759e-02
    outer loop
      vertex  1.770044e+04 -7.875595e+03  8.355467e+03
      vertex  1.757259e+04 -7.880971e+03  8.514310e+03
      vertex  1.757208e+04 -7.868359e+03  8.343986e+03
    endloop
  endfacet
  facet normal -2.629400e-01 -8.037011e-01 -5.337856e-01
    outer loop
      vertex  1.749677e+04 -6.361572e+03  3.757862e+03
      vertex  1.762937e+04 -6.439608e+03  3.810040e+03
      vertex  1.749772e+04 -6.452679e+03  3.894569e+03
    endloop
  endfacet
  facet normal -2.551392e-01 -8.131835e-01 -5.231028e-01
    outer loop
      vertex  1.749772e+04 -6.452679e+03  3.894569e+03
      vertex  1.762937e+04 -6.439608e+03  3.810040e+03
      vertex  1.763087e+04 -6.557361e+03  3.992360e+03
    endloop
  endfacet
  facet normal -2.577915e-01 -8.140609e-01 -5.204309e-01
    outer loop
      vertex  1.749772e+04 -6.452679e+03  3.894569e+03
      vertex  1.763087e+04 -6.557361e+03  3.992360e+03
      vertex  1.749914e+04 -6.540102e+03  4.030610e+03
    endloop
  endfacet
  facet normal -2.543374e-01 -8.258984e-01 -5.031942e-01
    outer loop
      vertex  1.749914e+04 -6.540102e+03  4.030610e+03
      vertex  1.763087e+04 -6.557361e+03  3.992360e+03
      vertex  1.763314e+04 -6.670000e+03  4.176085e+03
    endloop
  endfacet
  facet normal -2.495717e-01 -8.251023e-01 -5.068730e-01
    outer loop
      vertex  1.749914e+04 -6.540102e+03  4.030610e+03
      vertex  1.763314e+04 -6.670000e+03  4.176085e+03
      vertex  1.750101e+04 -6.624708e+03  4.167414e+03
    endloop
  endfacet
  facet normal -2.560082e-01 -8.388215e-01 -4.804564e-01
    outer loop
      vertex  1.750101e+04 -6.624708e+03  4.167414e+03
      vertex  1.763314e+04 -6.670000e+03  4.176085e+03
      vertex  1.763653e+04 -6.790323e+03  4.384348e+03
    endloop
  endfacet
  facet normal -2.424414e-01 -8.382218e-01 -4.884737e-01
    outer loop
      vertex  1.750101e+04 -6.624708e+03  4.167414e+03
      vertex  1.763653e+04 -6.790323e+03  4.384348e+03
      vertex  1.750460e+04 -6.746767e+03  4.375089e+03
    endloop
  endfacet
  facet normal -2.498892e-01 -8.539641e-01 -4.563998e-01
    outer loop
      vertex  1.750460e+04 -6.746767e+03  4.375089e+03
      vertex  1.763653e+04 -6.790323e+03  4.384348e+03
      vertex  1.764067e+04 -6.903652e+03  4.594133e+03
    endloop
  endfacet
  facet normal -2.354108e-01 -8.534315e-01 -4.650125e-01
    outer loop
      vertex  1.750460e+04 -6.746767e+03  4.375089e+03
      vertex  1.764067e+04 -6.903652e+03  4.594133e+03
      vertex  1.750897e+04 -6.861954e+03  4.584275e+03
    endloop
  endfacet
  facet normal -2.427813e-01 -8.688009e-01 -4.315579e-01
    outer loop
      vertex  1.750897e+04 -6.861954e+03  4.584275e+03
      vertex  1.764067e+04 -6.903652e+03  4.594133e+03
      vertex  1.764541e+04 -7.009852e+03  4.805265e+03
    endloop
  endfacet
  facet normal -2.275084e-01 -8.683520e-01 -4.406867e-01
    outer loop
      vertex  1.750897e+04 -6.861954e+03  4.584275e+03
      vertex  1.764541e+04 -7.009852e+03  4.805265e+03
      vertex  1.751398e+04 -6.970110e+03  4.794804e+03
    endloop
  endfacet
  facet normal -2.347241e-01 -8.831317e-01 -4.061810e-01
    outer loop
      vertex  1.751398e+04 -6.970110e+03  4.794804e+03
      vertex  1.764541e+04 -7.009852e+03  4.805265e+03
      vertex  1.765060e+04 -7.108869e+03  5.017551e+03
    endloop
  endfacet
  facet normal -2.187808e-01 -8.827776e-01 -4.157386e-01
    outer loop
      vertex  1.751398e+04 -6.970110e+03  4.794804e+03
      vertex  1.765060e+04 -7.108869e+03  5.017551e+03
      vertex  1.751948e+04 -7.071166e+03  5.006495e+03
    endloop
  endfacet
  facet normal -2.259592e-01 -8.971399e-01 -3.795820e-01
    outer loop
      vertex  1.751948e+04 -7.071166e+03  5.006495e+03
      vertex  1.765060e+04 -7.108869e+03  5.017551e+03
      vertex  1.765646e+04 -7.206773e+03  5.245456e+03
    endloop
  endfacet
  facet normal -2.084285e-01 -8.970884e-01 -3.896025e-01
    outer loop
      vertex  1.751948e+04 -7.071166e+03  5.006495e+03
      vertex  1.765646e+04 -7.206773e+03  5.245456e+03
      vertex  1.752569e+04 -7.171319e+03  5.233783e+03
    endloop
  endfacet
  facet normal -2.154943e-01 -9.108105e-01 -3.521173e-01
    outer loop
      vertex  1.752569e+04 -7.171319e+03  5.233783e+03
      vertex  1.765646e+04 -7.206773e+03  5.245456e+03
      vertex  1.766248e+04 -7.296625e+03  5.474191e+03
    endloop
  endfacet
  facet normal -1.974965e-01 -9.108632e-01 -3.623858e-01
    outer loop
      vertex  1.752569e+04 -7.171319e+03  5.233783e+03
      vertex  1.766248e+04 -7.296625e+03  5.474191e+03
      vertex  1.753205e+04 -7.263468e+03  5.461935e+03
    endloop
  endfacet
  facet normal -2.042183e-01 -9.234427e-01 -3.248822e-01
    outer loop
      vertex  1.753205e+04 -7.263468e+03  5.461935e+03
      vertex  1.766248e+04 -7.296625e+03  5.474191e+03
      vertex  1.766845e+04 -7.378623e+03  5.703505e+03
    endloop
  endfacet
  facet normal -1.859365e-01 -9.235897e-01 -3.352754e-01
    outer loop
      vertex  1.753205e+04 -7.263468e+03  5.461935e+03
      vertex  1.766845e+04 -7.378623e+03  5.703505e+03
      vertex  1.753836e+04 -7.347791e+03  5.690716e+03
    endloop
  endfacet
  facet normal -1.922847e-01 -9.349617e-01 -2.981160e-01
    outer loop
      vertex  1.753836e+04 -7.347791e+03  5.690716e+03
      vertex  1.766845e+04 -7.378623e+03  5.703505e+03
      vertex  1.767421e+04 -7.453032e+03  5.933156e+03
    endloop
  endfacet
  facet normal -1.738736e-01 -9.351881e-01 -3.085307e-01
    outer loop
      vertex  1.753836e+04 -7.347791e+03  5.690716e+03
      vertex  1.767421e+04 -7.453032e+03  5.933156e+03
      vertex  1.754445e+04 -7.424534e+03  5.919902e+03
    endloop
  endfacet
  facet normal -1.798280e-01 -9.453321e-01 -2.720463e-01
    outer loop
      vertex  1.754445e+04 -7.424534e+03  5.919902e+03
      vertex  1.767421e+04 -7.453032e+03  5.933156e+03
      vertex  1.767959e+04 -7.520178e+03  6.162923e+03
    endloop
  endfacet
  facet normal -1.614557e-01 -9.456193e-01 -2.823761e-01
    outer loop
      vertex  1.754445e+04 -7.424534e+03  5.919902e+03
      vertex  1.767959e+04 -7.520178e+03  6.162923e+03
      vertex  1.755014e+04 -7.494003e+03  6.149289e+03
    endloop
  endfacet
  facet normal -1.666781e-01 -9.540563e-01 -2.489875e-01
    outer loop
      vertex  1.755014e+04 -7.494003e+03  6.149289e+03
      vertex  1.767959e+04 -7.520178e+03  6.162923e+03
      vertex  1.768369e+04 -7.570851e+03  6.354346e+03
    endloop
  endfacet
  facet normal -1.512899e-01 -9.539620e-01 -2.589745e-01
    outer loop
      vertex  1.755014e+04 -7.494003e+03  6.149289e+03
      vertex  1.768369e+04 -7.570851e+03  6.354346e+03
      vertex  1.755447e+04 -7.546592e+03  6.340473e+03
    endloop
  endfacet
  facet normal -1.558507e-01 -9.609414e-01 -2.286969e-01
    outer loop
      vertex  1.755447e+04 -7.546592e+03  6.340473e+03
      vertex  1.768369e+04 -7.570851e+03  6.354346e+03
      vertex  1.768737e+04 -7.616971e+03  6.545625e+03
    endloop
  endfacet
  facet normal -1.406954e-01 -9.608970e-01 -2.384993e-01
    outer loop
      vertex  1.755447e+04 -7.546592e+03  6.340473e+03
      vertex  1.768737e+04 -7.616971e+03  6.545625e+03
      vertex  1.755836e+04 -7.594599e+03  6.531598e+03
    endloop
  endfacet
  facet normal -1.449525e-01 -9.670713e-01 -2.091938e-01
    outer loop
      vertex  1.755836e+04 -7.594599e+03  6.531598e+03
      vertex  1.768737e+04 -7.616971e+03  6.545625e+03
      vertex  1.769058e+04 -7.658783e+03  6.736695e+03
    endloop
  endfacet
  facet normal -1.301187e-01 -9.670653e-01 -2.187550e-01
    outer loop
      vertex  1.755836e+04 -7.594599e+03  6.531598e+03
      vertex  1.769058e+04 -7.658783e+03  6.736695e+03
      vertex  1.756174e+04 -7.638261e+03  6.722605e+03
    endloop
  endfacet
  facet normal -1.337464e-01 -9.720668e-01 -1.928680e-01
    outer loop
      vertex  1.756174e+04 -7.638261e+03  6.722605e+03
      vertex  1.769058e+04 -7.658783e+03  6.736695e+03
      vertex  1.769266e+04 -7.687469e+03  6.879832e+03
    endloop
  endfacet
  facet normal -1.225753e-01 -9.716750e-01 -2.020468e-01
    outer loop
      vertex  1.756174e+04 -7.638261e+03  6.722605e+03
      vertex  1.769266e+04 -7.687469e+03  6.879832e+03
      vertex  1.756393e+04 -7.668306e+03  6.865766e+03
    endloop
  endfacet
  facet normal -1.256575e-01 -9.757255e-01 -1.793594e-01
    outer loop
      vertex  1.756393e+04 -7.668306e+03  6.865766e+03
      vertex  1.769266e+04 -7.687469e+03  6.879832e+03
      vertex  1.769445e+04 -7.713983e+03  7.022820e+03
    endloop
  endfacet
  facet normal -1.147560e-01 -9.753805e-01 -1.883182e-01
    outer loop
      vertex  1.756393e+04 -7.668306e+03  6.865766e+03
      vertex  1.769445e+04 -7.713983e+03  7.022820e+03
      vertex  1.756582e+04 -7.696151e+03  7.008839e+03
    endloop
  endfacet
  facet normal -1.182691e-01 -9.797490e-01 -1.615683e-01
    outer loop
      vertex  1.756582e+04 -7.696151e+03  7.008839e+03
      vertex  1.769445e+04 -7.713983e+03  7.022820e+03
      vertex  1.769688e+04 -7.755486e+03  7.272705e+03
    endloop
  endfacet
  facet normal -1.007121e-01 -9.802157e-01 -1.703942e-01
    outer loop
      vertex  1.756582e+04 -7.696151e+03  7.008839e+03
      vertex  1.769688e+04 -7.755486e+03  7.272705e+03
      vertex  1.756839e+04 -7.739909e+03  7.259043e+03
    endloop
  endfacet
  facet normal -1.044285e-01 -9.845716e-01 -1.404051e-01
    outer loop
      vertex  1.756839e+04 -7.739909e+03  7.259043e+03
      vertex  1.769688e+04 -7.755486e+03  7.272705e+03
      vertex  1.769851e+04 -7.791244e+03  7.522249e+03
    endloop
  endfacet
  facet normal -8.779049e-02 -9.849764e-01 -1.487092e-01
    outer loop
      vertex  1.756839e+04 -7.739909e+03  7.259043e+03
      vertex  1.769851e+04 -7.791244e+03  7.522249e+03
      vertex  1.757009e+04 -7.777819e+03  7.509140e+03
    endloop
  endfacet
  facet normal -9.101076e-02 -9.884995e-01 -1.207710e-01
    outer loop
      vertex  1.757009e+04 -7.777819e+03  7.509140e+03
      vertex  1.769851e+04 -7.791244e+03  7.522249e+03
      vertex  1.769945e+04 -7.821805e+03  7.771675e+03
    endloop
  endfacet
  facet normal -7.536754e-02 -9.888369e-01 -1.285354e-01
    outer loop
      vertex  1.757009e+04 -7.777819e+03  7.509140e+03
      vertex  1.769945e+04 -7.821805e+03  7.771675e+03
      vertex  1.757107e+04 -7.810421e+03  7.759376e+03
    endloop
  endfacet
  facet normal -7.810402e-02 -9.916539e-01 -1.025780e-01
    outer loop
      vertex  1.757107e+04 -7.810421e+03  7.759376e+03
      vertex  1.769945e+04 -7.821805e+03  7.771675e+03
      vertex  1.769993e+04 -7.847668e+03  8.021334e+03
    endloop
  endfacet
  facet normal -6.347998e-02 -9.919235e-01 -1.098101e-01
    outer loop
      vertex  1.757107e+04 -7.810421e+03  7.759376e+03
      vertex  1.769993e+04 -7.847668e+03  8.021334e+03
      vertex  1.757157e+04 -7.838212e+03  8.010127e+03
    endloop
  endfacet
  facet normal -6.549591e-02 -9.939283e-01 -8.841247e-02
    outer loop
      vertex  1.757157e+04 -7.838212e+03  8.010127e+03
      vertex  1.769993e+04 -7.847668e+03  8.021334e+03
      vertex  1.770016e+04 -7.862521e+03  8.188145e+03
    endloop
  endfacet
  facet normal -5.605341e-02 -9.938763e-01 -9.522598e-02
    outer loop
      vertex  1.757157e+04 -7.838212e+03  8.010127e+03
      vertex  1.770016e+04 -7.862521e+03  8.188145e+03
      vertex  1.757179e+04 -7.854188e+03  8.176736e+03
    endloop
  endfacet
  facet normal -2.627873e-01 -7.886677e-01 -5.558292e-01
    outer loop
      vertex  1.762881e+04 -6.222169e+03  3.494530e+03
      vertex  1.762871e+04 -6.317038e+03  3.629187e+03
      vertex  1.749633e+04 -6.267854e+03  3.621984e+03
    endloop
  endfacet
  facet normal -2.671759e-01 -7.981563e-01 -5.399663e-01
    outer loop
      vertex  1.749633e+04 -6.267854e+03  3.621984e+03
      vertex  1.762871e+04 -6.317038e+03  3.629187e+03
      vertex  1.762937e+04 -6.439608e+03  3.810040e+03
    endloop
  endfacet
  facet normal -2.529786e-01 -7.967854e-01 -5.487576e-01
    outer loop
      vertex  1.749633e+04 -6.267854e+03  3.621984e+03
      vertex  1.762937e+04 -6.439608e+03  3.810040e+03
      vertex  1.749677e+04 -6.361572e+03  3.757862e+03
    endloop
  endfacet
  facet normal -2.724620e-01 -7.391343e-01 -6.159912e-01
    outer loop
      vertex  1.753226e+04 -5.048944e+03  2.076050e+03
      vertex  1.765989e+04 -5.151982e+03  2.143234e+03
      vertex  1.752157e+04 -5.256737e+03  2.330111e+03
    endloop
  endfacet
  facet normal -2.746402e-01 -7.376677e-01 -6.167813e-01
    outer loop
      vertex  1.752157e+04 -5.256737e+03  2.330111e+03
      vertex  1.765989e+04 -5.151982e+03  2.143234e+03
      vertex  1.764380e+04 -5.519760e+03  2.590260e+03
    endloop
  endfacet
  facet normal -2.721528e-01 -7.376373e-01 -6.179193e-01
    outer loop
      vertex  1.752157e+04 -5.256737e+03  2.330111e+03
      vertex  1.764380e+04 -5.519760e+03  2.590260e+03
      vertex  1.751238e+04 -5.467266e+03  2.585479e+03
    endloop
  endfacet
  facet normal -2.750404e-01 -7.440445e-01 -6.088929e-01
    outer loop
      vertex  1.751238e+04 -5.467266e+03  2.585479e+03
      vertex  1.764380e+04 -5.519760e+03  2.590260e+03
      vertex  1.763519e+04 -5.794228e+03  2.929540e+03
    endloop
  endfacet
  facet normal -2.685461e-01 -7.443094e-01 -6.114626e-01
    outer loop
      vertex  1.751238e+04 -5.467266e+03  2.585479e+03
      vertex  1.763519e+04 -5.794228e+03  2.929540e+03
      vertex  1.750323e+04 -5.742070e+03  2.924006e+03
    endloop
  endfacet
  facet normal -2.732538e-01 -7.546361e-01 -5.965373e-01
    outer loop
      vertex  1.750323e+04 -5.742070e+03  2.924006e+03
      vertex  1.763519e+04 -5.794228e+03  2.929540e+03
      vertex  1.763220e+04 -5.928675e+03  3.100990e+03
    endloop
  endfacet
  facet normal -2.680424e-01 -7.540145e-01 -5.996795e-01
    outer loop
      vertex  1.750323e+04 -5.742070e+03  2.924006e+03
      vertex  1.763220e+04 -5.928675e+03  3.100990e+03
      vertex  1.750005e+04 -5.876987e+03  3.095066e+03
    endloop
  endfacet
  facet normal -2.735109e-01 -7.659488e-01 -5.818197e-01
    outer loop
      vertex  1.750005e+04 -5.876987e+03  3.095066e+03
      vertex  1.763220e+04 -5.928675e+03  3.100990e+03
      vertex  1.762943e+04 -6.124981e+03  3.360722e+03
    endloop
  endfacet
  facet normal -2.641259e-01 -7.658370e-01 -5.862860e-01
    outer loop
      vertex  1.750005e+04 -5.876987e+03  3.095066e+03
      vertex  1.762943e+04 -6.124981e+03  3.360722e+03
      vertex  1.749710e+04 -6.074341e+03  3.354187e+03
    endloop
  endfacet
  facet normal -2.699294e-01 -7.784714e-01 -5.666751e-01
    outer loop
      vertex  1.749710e+04 -6.074341e+03  3.354187e+03
      vertex  1.762943e+04 -6.124981e+03  3.360722e+03
      vertex  1.762881e+04 -6.222169e+03  3.494530e+03
    endloop
  endfacet
  facet normal -2.737609e-01 -7.791923e-01 -5.638388e-01
    outer loop
      vertex  1.749710e+04 -6.074341e+03  3.354187e+03
      vertex  1.762881e+04 -6.222169e+03  3.494530e+03
      vertex  1.749633e+04 -6.267854e+03  3.621984e+03
    endloop
  endfacet
  facet normal -2.880539e-01 -7.631876e-01 -5.784199e-01
    outer loop
      vertex  1.677660e+04 -4.506625e+03  1.751568e+03
      vertex  1.703495e+04 -4.568451e+03  1.704486e+03
      vertex  1.702817e+04 -4.664205e+03  1.834207e+03
    endloop
  endfacet
  facet normal -2.835531e-01 -7.643821e-01 -5.790662e-01
    outer loop
      vertex  1.702817e+04 -4.664205e+03  1.834207e+03
      vertex  1.703495e+04 -4.568451e+03  1.704486e+03
      vertex  1.729156e+04 -4.664418e+03  1.705509e+03
    endloop
  endfacet
  facet normal -2.861513e-01 -7.593440e-01 -5.843921e-01
    outer loop
      vertex  1.702817e+04 -4.664205e+03  1.834207e+03
      vertex  1.729156e+04 -4.664418e+03  1.705509e+03
      vertex  1.728520e+04 -4.759169e+03  1.831743e+03
    endloop
  endfacet
  facet normal -2.797513e-01 -7.610115e-01 -5.853211e-01
    outer loop
      vertex  1.728520e+04 -4.759169e+03  1.831743e+03
      vertex  1.729156e+04 -4.664418e+03  1.705509e+03
      vertex  1.754731e+04 -4.791095e+03  1.747979e+03
    endloop
  endfacet
  facet normal -2.813571e-01 -7.546165e-01 -5.927833e-01
    outer loop
      vertex  1.728520e+04 -4.759169e+03  1.831743e+03
      vertex  1.754731e+04 -4.791095e+03  1.747979e+03
      vertex  1.754222e+04 -4.875216e+03  1.857479e+03
    endloop
  endfacet
  facet normal -2.758135e-01 -7.560180e-01 -5.936024e-01
    outer loop
      vertex  1.754222e+04 -4.875216e+03  1.857479e+03
      vertex  1.754731e+04 -4.791095e+03  1.747979e+03
      vertex  1.767654e+04 -4.842390e+03  1.753263e+03
    endloop
  endfacet
  facet normal -2.797140e-01 -7.516874e-01 -5.972655e-01
    outer loop
      vertex  1.754222e+04 -4.875216e+03  1.857479e+03
      vertex  1.767654e+04 -4.842390e+03  1.753263e+03
      vertex  1.766927e+04 -4.972631e+03  1.920582e+03
    endloop
  endfacet
  facet normal -2.879920e-01 -7.743141e-01 -5.634698e-01
    outer loop
      vertex  1.703495e+04 -4.568451e+03  1.704486e+03
      vertex  1.677660e+04 -4.506625e+03  1.751568e+03
      vertex  1.678138e+04 -4.442290e+03  1.660720e+03
    endloop
  endfacet
  facet normal -2.913150e-01 -7.734095e-01 -5.630037e-01
    outer loop
      vertex  1.678138e+04 -4.442290e+03  1.660720e+03
      vertex  1.677660e+04 -4.506625e+03  1.751568e+03
      vertex  1.651926e+04 -4.439017e+03  1.791849e+03
    endloop
  endfacet
  facet normal -2.892948e-01 -7.771554e-01 -5.588721e-01
    outer loop
      vertex  1.678138e+04 -4.442290e+03  1.660720e+03
      vertex  1.651926e+04 -4.439017e+03  1.791849e+03
      vertex  1.652512e+04 -4.359575e+03  1.678349e+03
    endloop
  endfacet
  facet normal -2.945230e-01 -7.757190e-01 -5.581363e-01
    outer loop
      vertex  1.652512e+04 -4.359575e+03  1.678349e+03
      vertex  1.651926e+04 -4.439017e+03  1.791849e+03
      vertex  1.626446e+04 -4.342506e+03  1.792172e+03
    endloop
  endfacet
  facet normal -2.911611e-01 -7.832537e-01 -5.493076e-01
    outer loop
      vertex  1.652512e+04 -4.359575e+03  1.678349e+03
      vertex  1.626446e+04 -4.342506e+03  1.792172e+03
      vertex  1.627024e+04 -4.263056e+03  1.675822e+03
    endloop
  endfacet
  facet normal -2.965405e-01 -7.817613e-01 -5.485555e-01
    outer loop
      vertex  1.627024e+04 -4.263056e+03  1.675822e+03
      vertex  1.626446e+04 -4.342506e+03  1.792172e+03
      vertex  1.600846e+04 -4.267229e+03  1.823284e+03
    endloop
  endfacet
  facet normal -2.927627e-01 -7.877227e-01 -5.420176e-01
    outer loop
      vertex  1.627024e+04 -4.263056e+03  1.675822e+03
      vertex  1.600846e+04 -4.267229e+03  1.823284e+03
      vertex  1.601479e+04 -4.176863e+03  1.688535e+03
    endloop
  endfacet
  facet normal -2.995122e-01 -7.858352e-01 -5.410689e-01
    outer loop
      vertex  1.601479e+04 -4.176863e+03  1.688535e+03
      vertex  1.600846e+04 -4.267229e+03  1.823284e+03
      vertex  1.585102e+04 -4.203186e+03  1.817422e+03
    endloop
  endfacet
  facet normal -2.932445e-01 -7.926650e-01 -5.344996e-01
    outer loop
      vertex  1.601479e+04 -4.176863e+03  1.688535e+03
      vertex  1.585102e+04 -4.203186e+03  1.817422e+03
      vertex  1.585706e+04 -4.115308e+03  1.683783e+03
    endloop
  endfacet
  facet normal -3.002525e-01 -7.906972e-01 -5.335226e-01
    outer loop
      vertex  1.585706e+04 -4.115308e+03  1.683783e+03
      vertex  1.585102e+04 -4.203186e+03  1.817422e+03
      vertex  1.569301e+04 -4.147592e+03  1.823954e+03
    endloop
  endfacet
  facet normal -2.941438e-01 -7.968211e-01 -5.277836e-01
    outer loop
      vertex  1.585706e+04 -4.115308e+03  1.683783e+03
      vertex  1.569301e+04 -4.147592e+03  1.823954e+03
      vertex  1.569902e+04 -4.057892e+03  1.685177e+03
    endloop
  endfacet
  facet normal -1.462290e-01 -9.651567e-01 -2.170013e-01
    outer loop
      vertex  1.704933e+04 -7.564350e+03  6.735228e+03
      vertex  1.730417e+04 -7.587837e+03  6.667963e+03
      vertex  1.730819e+04 -7.645969e+03  6.923812e+03
    endloop
  endfacet
  facet normal -1.429669e-01 -9.656106e-01 -2.171557e-01
    outer loop
      vertex  1.730819e+04 -7.645969e+03  6.923812e+03
      vertex  1.730417e+04 -7.587837e+03  6.667963e+03
      vertex  1.756174e+04 -7.638261e+03  6.722605e+03
    endloop
  endfacet
  facet normal -1.305637e-01 -9.707018e-01 -2.017204e-01
    outer loop
      vertex  1.730819e+04 -7.645969e+03  6.923812e+03
      vertex  1.756174e+04 -7.638261e+03  6.722605e+03
      vertex  1.756393e+04 -7.668306e+03  6.865766e+03
    endloop
  endfacet
  facet normal -2.031957e-01 -9.208336e-01 -3.328319e-01
    outer loop
      vertex  1.727926e+04 -7.274786e+03  5.646922e+03
      vertex  1.753836e+04 -7.347791e+03  5.690716e+03
      vertex  1.728293e+04 -7.321597e+03  5.774188e+03
    endloop
  endfacet
  facet normal -1.957462e-01 -9.314600e-01 -3.067013e-01
    outer loop
      vertex  1.728293e+04 -7.321597e+03  5.774188e+03
      vertex  1.753836e+04 -7.347791e+03  5.690716e+03
      vertex  1.754445e+04 -7.424534e+03  5.919902e+03
    endloop
  endfacet
  facet normal -1.877525e-01 -9.288914e-01 -3.192333e-01
    outer loop
      vertex  1.728293e+04 -7.321597e+03  5.774188e+03
      vertex  1.754445e+04 -7.424534e+03  5.919902e+03
      vertex  1.728650e+04 -7.366107e+03  5.901604e+03
    endloop
  endfacet
  facet normal -2.410093e-01 -8.977088e-01 -3.688270e-01
    outer loop
      vertex  1.676330e+04 -7.069558e+03  5.465967e+03
      vertex  1.701578e+04 -7.110232e+03  5.399988e+03
      vertex  1.702230e+04 -7.200426e+03  5.615253e+03
    endloop
  endfacet
  facet normal -2.318448e-01 -8.996683e-01 -3.699257e-01
    outer loop
      vertex  1.702230e+04 -7.200426e+03  5.615253e+03
      vertex  1.701578e+04 -7.110232e+03  5.399988e+03
      vertex  1.727425e+04 -7.208720e+03  5.477519e+03
    endloop
  endfacet
  facet normal -2.206210e-01 -9.108905e-01 -3.487190e-01
    outer loop
      vertex  1.702230e+04 -7.200426e+03  5.615253e+03
      vertex  1.727425e+04 -7.208720e+03  5.477519e+03
      vertex  1.727926e+04 -7.274786e+03  5.646922e+03
    endloop
  endfacet
  facet normal -2.148086e-01 -9.120411e-01 -3.493396e-01
    outer loop
      vertex  1.727926e+04 -7.274786e+03  5.646922e+03
      vertex  1.727425e+04 -7.208720e+03  5.477519e+03
      vertex  1.753205e+04 -7.263468e+03  5.461935e+03
    endloop
  endfacet
  facet normal -2.029762e-01 -9.205706e-01 -3.336922e-01
    outer loop
      vertex  1.727926e+04 -7.274786e+03  5.646922e+03
      vertex  1.753205e+04 -7.263468e+03  5.461935e+03
      vertex  1.753836e+04 -7.347791e+03  5.690716e+03
    endloop
  endfacet
  facet normal -2.469306e-01 -8.664415e-01 -4.339406e-01
    outer loop
      vertex  1.725348e+04 -6.880096e+03  4.763309e+03
      vertex  1.751398e+04 -6.970110e+03  4.794804e+03
      vertex  1.725693e+04 -6.943985e+03  4.888917e+03
    endloop
  endfacet
  facet normal -2.405019e-01 -8.783688e-01 -4.130704e-01
    outer loop
      vertex  1.725693e+04 -6.943985e+03  4.888917e+03
      vertex  1.751398e+04 -6.970110e+03  4.794804e+03
      vertex  1.751948e+04 -7.071166e+03  5.006495e+03
    endloop
  endfacet
  facet normal -2.361129e-01 -8.760809e-01 -4.203961e-01
    outer loop
      vertex  1.725693e+04 -6.943985e+03  4.888917e+03
      vertex  1.751948e+04 -7.071166e+03  5.006495e+03
      vertex  1.726050e+04 -7.005103e+03  5.014276e+03
    endloop
  endfacet
  facet normal -2.388863e-01 -8.909946e-01 -3.860852e-01
    outer loop
      vertex  1.726050e+04 -7.005103e+03  5.014276e+03
      vertex  1.751948e+04 -7.071166e+03  5.006495e+03
      vertex  1.752569e+04 -7.171319e+03  5.233783e+03
    endloop
  endfacet
  facet normal -2.184963e-01 -8.866972e-01 -4.074645e-01
    outer loop
      vertex  1.726050e+04 -7.005103e+03  5.014276e+03
      vertex  1.752569e+04 -7.171319e+03  5.233783e+03
      vertex  1.726418e+04 -7.063776e+03  5.139986e+03
    endloop
  endfacet
  facet normal -2.859474e-01 -8.406408e-01 -4.599534e-01
    outer loop
      vertex  1.673822e+04 -6.628799e+03  4.608776e+03
      vertex  1.699219e+04 -6.705929e+03  4.591853e+03
      vertex  1.699557e+04 -6.777012e+03  4.719663e+03
    endloop
  endfacet
  facet normal -2.699319e-01 -8.445126e-01 -4.625311e-01
    outer loop
      vertex  1.699557e+04 -6.777012e+03  4.719663e+03
      vertex  1.699219e+04 -6.705929e+03  4.591853e+03
      vertex  1.725022e+04 -6.813750e+03  4.638128e+03
    endloop
  endfacet
  facet normal -2.660870e-01 -8.545699e-01 -4.459909e-01
    outer loop
      vertex  1.699557e+04 -6.777012e+03  4.719663e+03
      vertex  1.725022e+04 -6.813750e+03  4.638128e+03
      vertex  1.725348e+04 -6.880096e+03  4.763309e+03
    endloop
  endfacet
  facet normal -2.529810e-01 -8.575426e-01 -4.479077e-01
    outer loop
      vertex  1.725348e+04 -6.880096e+03  4.763309e+03
      vertex  1.725022e+04 -6.813750e+03  4.638128e+03
      vertex  1.750897e+04 -6.861954e+03  4.584275e+03
    endloop
  endfacet
  facet normal -2.457567e-01 -8.645734e-01 -4.383110e-01
    outer loop
      vertex  1.725348e+04 -6.880096e+03  4.763309e+03
      vertex  1.750897e+04 -6.861954e+03  4.584275e+03
      vertex  1.751398e+04 -6.970110e+03  4.794804e+03
    endloop
  endfacet
  facet normal -2.750534e-01 -8.101286e-01 -5.177232e-01
    outer loop
      vertex  1.749772e+04 -6.452679e+03  3.894569e+03
      vertex  1.749914e+04 -6.540102e+03  4.030610e+03
      vertex  1.723656e+04 -6.367267e+03  3.899663e+03
    endloop
  endfacet
  facet normal -2.875123e-01 -8.163354e-01 -5.009322e-01
    outer loop
      vertex  1.723656e+04 -6.367267e+03  3.899663e+03
      vertex  1.749914e+04 -6.540102e+03  4.030610e+03
      vertex  1.750101e+04 -6.624708e+03  4.167414e+03
    endloop
  endfacet
  facet normal -2.617190e-01 -8.117813e-01 -5.220291e-01
    outer loop
      vertex  1.723656e+04 -6.367267e+03  3.899663e+03
      vertex  1.750101e+04 -6.624708e+03  4.167414e+03
      vertex  1.723978e+04 -6.525162e+03  4.143583e+03
    endloop
  endfacet
  facet normal -2.727000e-01 -8.314934e-01 -4.839972e-01
    outer loop
      vertex  1.723978e+04 -6.525162e+03  4.143583e+03
      vertex  1.750101e+04 -6.624708e+03  4.167414e+03
      vertex  1.750460e+04 -6.746767e+03  4.375089e+03
    endloop
  endfacet
  facet normal -2.593194e-01 -8.284582e-01 -4.963975e-01
    outer loop
      vertex  1.723978e+04 -6.525162e+03  4.143583e+03
      vertex  1.750460e+04 -6.746767e+03  4.375089e+03
      vertex  1.724442e+04 -6.674150e+03  4.389811e+03
    endloop
  endfacet
  facet normal -2.808339e-01 -7.422978e-01 -6.083801e-01
    outer loop
      vertex  1.724747e+04 -5.476276e+03  2.717766e+03
      vertex  1.750323e+04 -5.742070e+03  2.924006e+03
      vertex  1.724141e+04 -5.665000e+03  2.950828e+03
    endloop
  endfacet
  facet normal -2.821787e-01 -7.507099e-01 -5.973357e-01
    outer loop
      vertex  1.724141e+04 -5.665000e+03  2.950828e+03
      vertex  1.750323e+04 -5.742070e+03  2.924006e+03
      vertex  1.750005e+04 -5.876987e+03  3.095066e+03
    endloop
  endfacet
  facet normal -2.825728e-01 -7.509006e-01 -5.969093e-01
    outer loop
      vertex  1.724141e+04 -5.665000e+03  2.950828e+03
      vertex  1.750005e+04 -5.876987e+03  3.095066e+03
      vertex  1.723730e+04 -5.850586e+03  3.186237e+03
    endloop
  endfacet
  facet normal -2.791833e-01 -7.623728e-01 -5.838189e-01
    outer loop
      vertex  1.723730e+04 -5.850586e+03  3.186237e+03
      vertex  1.750005e+04 -5.876987e+03  3.095066e+03
      vertex  1.749710e+04 -6.074341e+03  3.354187e+03
    endloop
  endfacet
  facet normal -2.773883e-01 -7.616434e-01 -5.856237e-01
    outer loop
      vertex  1.723730e+04 -5.850586e+03  3.186237e+03
      vertex  1.749710e+04 -6.074341e+03  3.354187e+03
      vertex  1.723569e+04 -5.969682e+03  3.341893e+03
    endloop
  endfacet
  facet normal -2.845045e-01 -7.766463e-01 -5.620299e-01
    outer loop
      vertex  1.723569e+04 -5.969682e+03  3.341893e+03
      vertex  1.749710e+04 -6.074341e+03  3.354187e+03
      vertex  1.749633e+04 -6.267854e+03  3.621984e+03
    endloop
  endfacet
  facet normal -2.651862e-01 -7.730818e-01 -5.762123e-01
    outer loop
      vertex  1.723569e+04 -5.969682e+03  3.341893e+03
      vertex  1.749633e+04 -6.267854e+03  3.621984e+03
      vertex  1.723492e+04 -6.086271e+03  3.498671e+03
    endloop
  endfacet
  facet normal -2.913786e-01 -7.878996e-01 -5.425062e-01
    outer loop
      vertex  1.723492e+04 -6.086271e+03  3.498671e+03
      vertex  1.749633e+04 -6.267854e+03  3.621984e+03
      vertex  1.749677e+04 -6.361572e+03  3.757862e+03
    endloop
  endfacet
  facet normal -2.679092e-01 -7.831455e-01 -5.611665e-01
    outer loop
      vertex  1.723492e+04 -6.086271e+03  3.498671e+03
      vertex  1.749677e+04 -6.361572e+03  3.757862e+03
      vertex  1.723512e+04 -6.229370e+03  3.698278e+03
    endloop
  endfacet
  facet normal -2.829179e-01 -7.990485e-01 -5.305458e-01
    outer loop
      vertex  1.723512e+04 -6.229370e+03  3.698278e+03
      vertex  1.749677e+04 -6.361572e+03  3.757862e+03
      vertex  1.749772e+04 -6.452679e+03  3.894569e+03
    endloop
  endfacet
  facet normal -2.706582e-01 -7.952073e-01 -5.425768e-01
    outer loop
      vertex  1.723512e+04 -6.229370e+03  3.698278e+03
      vertex  1.749772e+04 -6.452679e+03  3.894569e+03
      vertex  1.723656e+04 -6.367267e+03  3.899663e+03
    endloop
  endfacet
  facet normal -2.796643e-01 -7.518275e-01 -5.971124e-01
    outer loop
      vertex  1.728520e+04 -4.759169e+03  1.831743e+03
      vertex  1.754222e+04 -4.875216e+03  1.857479e+03
      vertex  1.727889e+04 -4.856917e+03  1.957770e+03
    endloop
  endfacet
  facet normal -2.820993e-01 -7.447404e-01 -6.047990e-01
    outer loop
      vertex  1.727889e+04 -4.856917e+03  1.957770e+03
      vertex  1.754222e+04 -4.875216e+03  1.857479e+03
      vertex  1.753226e+04 -5.048944e+03  2.076050e+03
    endloop
  endfacet
  facet normal -2.822063e-01 -7.448031e-01 -6.046717e-01
    outer loop
      vertex  1.727889e+04 -4.856917e+03  1.957770e+03
      vertex  1.753226e+04 -5.048944e+03  2.076050e+03
      vertex  1.727402e+04 -4.936056e+03  2.057525e+03
    endloop
  endfacet
  facet normal -2.783571e-01 -7.377039e-01 -6.150693e-01
    outer loop
      vertex  1.727402e+04 -4.936056e+03  2.057525e+03
      vertex  1.753226e+04 -5.048944e+03  2.076050e+03
      vertex  1.752157e+04 -5.256737e+03  2.330111e+03
    endloop
  endfacet
  facet normal -2.837492e-01 -7.387230e-01 -6.113712e-01
    outer loop
      vertex  1.727402e+04 -4.936056e+03  2.057525e+03
      vertex  1.752157e+04 -5.256737e+03  2.330111e+03
      vertex  1.726477e+04 -5.097802e+03  2.257258e+03
    endloop
  endfacet
  facet normal -2.803769e-01 -7.356663e-01 -6.165905e-01
    outer loop
      vertex  1.726477e+04 -5.097802e+03  2.257258e+03
      vertex  1.752157e+04 -5.256737e+03  2.330111e+03
      vertex  1.751238e+04 -5.467266e+03  2.585479e+03
    endloop
  endfacet
  facet normal -2.808235e-01 -7.357239e-01 -6.163183e-01
    outer loop
      vertex  1.726477e+04 -5.097802e+03  2.257258e+03
      vertex  1.751238e+04 -5.467266e+03  2.585479e+03
      vertex  1.725533e+04 -5.286431e+03  2.486731e+03
    endloop
  endfacet
  facet normal -6.139568e-02 -9.908175e-01 -1.204623e-01
    outer loop
      vertex  1.705846e+04 -7.808206e+03  8.044945e+03
      vertex  1.731510e+04 -7.833784e+03  8.124528e+03
      vertex  1.705864e+04 -7.825932e+03  8.190649e+03
    endloop
  endfacet
  facet normal -5.582996e-02 -9.935649e-01 -9.854873e-02
    outer loop
      vertex  1.705864e+04 -7.825932e+03  8.190649e+03
      vertex  1.731510e+04 -7.833784e+03  8.124528e+03
      vertex  1.731548e+04 -7.855384e+03  8.342083e+03
    endloop
  endfacet
  facet normal -4.908195e-02 -9.927376e-01 -1.098326e-01
    outer loop
      vertex  1.705864e+04 -7.825932e+03  8.190649e+03
      vertex  1.731548e+04 -7.855384e+03  8.342083e+03
      vertex  1.705892e+04 -7.842168e+03  8.337285e+03
    endloop
  endfacet
  facet normal -4.965021e-02 -9.950687e-01 -8.586643e-02
    outer loop
      vertex  1.705892e+04 -7.842168e+03  8.337285e+03
      vertex  1.731548e+04 -7.855384e+03  8.342083e+03
      vertex  1.731600e+04 -7.869597e+03  8.506494e+03
    endloop
  endfacet
  facet normal -4.088268e-02 -9.942420e-01 -9.905297e-02
    outer loop
      vertex  1.705892e+04 -7.842168e+03  8.337285e+03
      vertex  1.731600e+04 -7.869597e+03  8.506494e+03
      vertex  1.705944e+04 -7.858126e+03  8.497243e+03
    endloop
  endfacet
  facet normal -1.016135e-01 -9.774144e-01 -1.852992e-01
    outer loop
      vertex  1.705520e+04 -7.671734e+03  7.207908e+03
      vertex  1.731315e+04 -7.741851e+03  7.436308e+03
      vertex  1.705686e+04 -7.716936e+03  7.445428e+03
    endloop
  endfacet
  facet normal -1.009144e-01 -9.837897e-01 -1.482369e-01
    outer loop
      vertex  1.705686e+04 -7.716936e+03  7.445428e+03
      vertex  1.731315e+04 -7.741851e+03  7.436308e+03
      vertex  1.731430e+04 -7.780707e+03  7.693396e+03
    endloop
  endfacet
  facet normal -8.318249e-02 -9.825556e-01 -1.663291e-01
    outer loop
      vertex  1.705686e+04 -7.716936e+03  7.445428e+03
      vertex  1.731430e+04 -7.780707e+03  7.693396e+03
      vertex  1.705770e+04 -7.750656e+03  7.644202e+03
    endloop
  endfacet
  facet normal -9.079710e-02 -9.874041e-01 -1.295727e-01
    outer loop
      vertex  1.705770e+04 -7.750656e+03  7.644202e+03
      vertex  1.731430e+04 -7.780707e+03  7.693396e+03
      vertex  1.731480e+04 -7.808971e+03  7.908432e+03
    endloop
  endfacet
  facet normal -6.983355e-02 -9.862596e-01 -1.497180e-01
    outer loop
      vertex  1.705770e+04 -7.750656e+03  7.644202e+03
      vertex  1.731480e+04 -7.808971e+03  7.908432e+03
      vertex  1.705818e+04 -7.781013e+03  7.843956e+03
    endloop
  endfacet
  facet normal -7.935292e-02 -9.903520e-01 -1.136048e-01
    outer loop
      vertex  1.705818e+04 -7.781013e+03  7.843956e+03
      vertex  1.731480e+04 -7.808971e+03  7.908432e+03
      vertex  1.731510e+04 -7.833784e+03  8.124528e+03
    endloop
  endfacet
  facet normal -5.712256e-02 -9.893640e-01 -1.337755e-01
    outer loop
      vertex  1.705818e+04 -7.781013e+03  7.843956e+03
      vertex  1.731510e+04 -7.833784e+03  8.124528e+03
      vertex  1.705846e+04 -7.808206e+03  8.044945e+03
    endloop
  endfacet
  facet normal -2.254552e-01 -9.108547e-01 -3.457073e-01
    outer loop
      vertex  1.677028e+04 -7.171241e+03  5.702717e+03
      vertex  1.702230e+04 -7.200426e+03  5.615253e+03
      vertex  1.702861e+04 -7.283954e+03  5.831217e+03
    endloop
  endfacet
  facet normal -2.211775e-01 -9.117275e-01 -3.461698e-01
    outer loop
      vertex  1.702861e+04 -7.283954e+03  5.831217e+03
      vertex  1.702230e+04 -7.200426e+03  5.615253e+03
      vertex  1.727926e+04 -7.274786e+03  5.646922e+03
    endloop
  endfacet
  facet normal -2.105557e-01 -9.194408e-01 -3.321071e-01
    outer loop
      vertex  1.702861e+04 -7.283954e+03  5.831217e+03
      vertex  1.727926e+04 -7.274786e+03  5.646922e+03
      vertex  1.728293e+04 -7.321597e+03  5.774188e+03
    endloop
  endfacet
  facet normal -2.452511e-01 -8.891177e-01 -3.864215e-01
    outer loop
      vertex  1.726920e+04 -7.138405e+03  5.308513e+03
      vertex  1.700921e+04 -7.013249e+03  5.185548e+03
      vertex  1.726418e+04 -7.063776e+03  5.139986e+03
    endloop
  endfacet
  facet normal -2.478697e-01 -8.741142e-01 -4.177139e-01
    outer loop
      vertex  1.726418e+04 -7.063776e+03  5.139986e+03
      vertex  1.700921e+04 -7.013249e+03  5.185548e+03
      vertex  1.700278e+04 -6.909412e+03  4.972074e+03
    endloop
  endfacet
  facet normal -2.600980e-01 -8.778638e-01 -4.021245e-01
    outer loop
      vertex  1.726418e+04 -7.063776e+03  5.139986e+03
      vertex  1.700278e+04 -6.909412e+03  4.972074e+03
      vertex  1.726050e+04 -7.005103e+03  5.014276e+03
    endloop
  endfacet
  facet normal -2.493055e-01 -8.641977e-01 -4.370457e-01
    outer loop
      vertex  1.726050e+04 -7.005103e+03  5.014276e+03
      vertex  1.700278e+04 -6.909412e+03  4.972074e+03
      vertex  1.699910e+04 -6.844418e+03  4.845656e+03
    endloop
  endfacet
  facet normal -2.659111e-01 -8.694640e-01 -4.163215e-01
    outer loop
      vertex  1.726050e+04 -7.005103e+03  5.014276e+03
      vertex  1.699910e+04 -6.844418e+03  4.845656e+03
      vertex  1.725693e+04 -6.943985e+03  4.888917e+03
    endloop
  endfacet
  facet normal -2.547985e-01 -8.555861e-01 -4.506107e-01
    outer loop
      vertex  1.725693e+04 -6.943985e+03  4.888917e+03
      vertex  1.699910e+04 -6.844418e+03  4.845656e+03
      vertex  1.699557e+04 -6.777012e+03  4.719663e+03
    endloop
  endfacet
  facet normal -2.712441e-01 -8.608935e-01 -4.304521e-01
    outer loop
      vertex  1.725693e+04 -6.943985e+03  4.888917e+03
      vertex  1.699557e+04 -6.777012e+03  4.719663e+03
      vertex  1.725348e+04 -6.880096e+03  4.763309e+03
    endloop
  endfacet
  facet normal -3.016271e-01 -8.215038e-01 -4.838930e-01
    outer loop
      vertex  1.648193e+04 -6.446448e+03  4.458948e+03
      vertex  1.673347e+04 -6.514004e+03  4.416845e+03
      vertex  1.673822e+04 -6.628799e+03  4.608776e+03
    endloop
  endfacet
  facet normal -2.911565e-01 -8.241798e-01 -4.857524e-01
    outer loop
      vertex  1.673822e+04 -6.628799e+03  4.608776e+03
      vertex  1.673347e+04 -6.514004e+03  4.416845e+03
      vertex  1.698905e+04 -6.632404e+03  4.464546e+03
    endloop
  endfacet
  facet normal -2.846228e-01 -8.331611e-01 -4.741651e-01
    outer loop
      vertex  1.673822e+04 -6.628799e+03  4.608776e+03
      vertex  1.698905e+04 -6.632404e+03  4.464546e+03
      vertex  1.699219e+04 -6.705929e+03  4.591853e+03
    endloop
  endfacet
  facet normal -2.757394e-01 -8.353125e-01 -4.756268e-01
    outer loop
      vertex  1.699219e+04 -6.705929e+03  4.591853e+03
      vertex  1.698905e+04 -6.632404e+03  4.464546e+03
      vertex  1.724442e+04 -6.674150e+03  4.389811e+03
    endloop
  endfacet
  facet normal -2.681974e-01 -8.424211e-01 -4.673294e-01
    outer loop
      vertex  1.699219e+04 -6.705929e+03  4.591853e+03
      vertex  1.724442e+04 -6.674150e+03  4.389811e+03
      vertex  1.725022e+04 -6.813750e+03  4.638128e+03
    endloop
  endfacet
  facet normal -3.145936e-01 -7.624224e-01 -5.654581e-01
    outer loop
      vertex  1.646938e+04 -5.859094e+03  3.604051e+03
      vertex  1.672212e+04 -5.859931e+03  3.464566e+03
      vertex  1.672233e+04 -6.001937e+03  3.655921e+03
    endloop
  endfacet
  facet normal -3.071931e-01 -7.643625e-01 -5.669059e-01
    outer loop
      vertex  1.672233e+04 -6.001937e+03  3.655921e+03
      vertex  1.672212e+04 -5.859931e+03  3.464566e+03
      vertex  1.697703e+04 -6.027039e+03  3.551751e+03
    endloop
  endfacet
  facet normal -3.035563e-01 -7.739877e-01 -5.556946e-01
    outer loop
      vertex  1.672233e+04 -6.001937e+03  3.655921e+03
      vertex  1.697703e+04 -6.027039e+03  3.551751e+03
      vertex  1.697774e+04 -6.175138e+03  3.757638e+03
    endloop
  endfacet
  facet normal -2.931446e-01 -7.766127e-01 -5.576190e-01
    outer loop
      vertex  1.697774e+04 -6.175138e+03  3.757638e+03
      vertex  1.697703e+04 -6.027039e+03  3.551751e+03
      vertex  1.723492e+04 -6.086271e+03  3.498671e+03
    endloop
  endfacet
  facet normal -2.922652e-01 -7.773813e-01 -5.570094e-01
    outer loop
      vertex  1.697774e+04 -6.175138e+03  3.757638e+03
      vertex  1.723492e+04 -6.086271e+03  3.498671e+03
      vertex  1.723512e+04 -6.229370e+03  3.698278e+03
    endloop
  endfacet
  facet normal -3.165646e-01 -7.521301e-01 -5.780026e-01
    outer loop
      vertex  1.646996e+04 -5.620395e+03  3.290977e+03
      vertex  1.672325e+04 -5.707728e+03  3.265895e+03
      vertex  1.672212e+04 -5.859931e+03  3.464566e+03
    endloop
  endfacet
  facet normal -3.066201e-01 -7.547460e-01 -5.799505e-01
    outer loop
      vertex  1.672212e+04 -5.859931e+03  3.464566e+03
      vertex  1.672325e+04 -5.707728e+03  3.265895e+03
      vertex  1.697742e+04 -5.911541e+03  3.396752e+03
    endloop
  endfacet
  facet normal -3.055266e-01 -7.631440e-01 -5.694426e-01
    outer loop
      vertex  1.672212e+04 -5.859931e+03  3.464566e+03
      vertex  1.697742e+04 -5.911541e+03  3.396752e+03
      vertex  1.697703e+04 -6.027039e+03  3.551751e+03
    endloop
  endfacet
  facet normal -2.938838e-01 -7.660911e-01 -5.716090e-01
    outer loop
      vertex  1.697703e+04 -6.027039e+03  3.551751e+03
      vertex  1.697742e+04 -5.911541e+03  3.396752e+03
      vertex  1.723569e+04 -5.969682e+03  3.341893e+03
    endloop
  endfacet
  facet normal -2.936221e-01 -7.663743e-01 -5.713637e-01
    outer loop
      vertex  1.697703e+04 -6.027039e+03  3.551751e+03
      vertex  1.723569e+04 -5.969682e+03  3.341893e+03
      vertex  1.723492e+04 -6.086271e+03  3.498671e+03
    endloop
  endfacet
  facet normal -2.958487e-01 -7.404406e-01 -6.035075e-01
    outer loop
      vertex  1.698870e+04 -5.397436e+03  2.746440e+03
      vertex  1.724141e+04 -5.665000e+03  2.950828e+03
      vertex  1.698099e+04 -5.663121e+03  3.076182e+03
    endloop
  endfacet
  facet normal -2.919426e-01 -7.486140e-01 -5.952702e-01
    outer loop
      vertex  1.698099e+04 -5.663121e+03  3.076182e+03
      vertex  1.724141e+04 -5.665000e+03  2.950828e+03
      vertex  1.723730e+04 -5.850586e+03  3.186237e+03
    endloop
  endfacet
  facet normal -2.944320e-01 -7.501543e-01 -5.920966e-01
    outer loop
      vertex  1.698099e+04 -5.663121e+03  3.076182e+03
      vertex  1.723730e+04 -5.850586e+03  3.186237e+03
      vertex  1.697866e+04 -5.793736e+03  3.242823e+03
    endloop
  endfacet
  facet normal -2.940215e-01 -7.576212e-01 -5.827188e-01
    outer loop
      vertex  1.697866e+04 -5.793736e+03  3.242823e+03
      vertex  1.723730e+04 -5.850586e+03  3.186237e+03
      vertex  1.723569e+04 -5.969682e+03  3.341893e+03
    endloop
  endfacet
  facet normal -2.942977e-01 -7.578088e-01 -5.823355e-01
    outer loop
      vertex  1.697866e+04 -5.793736e+03  3.242823e+03
      vertex  1.723569e+04 -5.969682e+03  3.341893e+03
      vertex  1.697742e+04 -5.911541e+03  3.396752e+03
    endloop
  endfacet
  facet normal -2.924760e-01 -7.394415e-01 -6.063697e-01
    outer loop
      vertex  1.724141e+04 -5.665000e+03  2.950828e+03
      vertex  1.698870e+04 -5.397436e+03  2.746440e+03
      vertex  1.724747e+04 -5.476276e+03  2.717766e+03
    endloop
  endfacet
  facet normal -2.917436e-01 -7.349202e-01 -6.121912e-01
    outer loop
      vertex  1.724747e+04 -5.476276e+03  2.717766e+03
      vertex  1.698870e+04 -5.397436e+03  2.746440e+03
      vertex  1.699698e+04 -5.196999e+03  2.501870e+03
    endloop
  endfacet
  facet normal -2.902073e-01 -7.344978e-01 -6.134271e-01
    outer loop
      vertex  1.724747e+04 -5.476276e+03  2.717766e+03
      vertex  1.699698e+04 -5.196999e+03  2.501870e+03
      vertex  1.725533e+04 -5.286431e+03  2.486731e+03
    endloop
  endfacet
  facet normal -2.903220e-01 -7.349250e-01 -6.128609e-01
    outer loop
      vertex  1.725533e+04 -5.286431e+03  2.486731e+03
      vertex  1.699698e+04 -5.196999e+03  2.501870e+03
      vertex  1.700714e+04 -4.998584e+03  2.259126e+03
    endloop
  endfacet
  facet normal -2.871932e-01 -7.341363e-01 -6.152753e-01
    outer loop
      vertex  1.725533e+04 -5.286431e+03  2.486731e+03
      vertex  1.700714e+04 -4.998584e+03  2.259126e+03
      vertex  1.726477e+04 -5.097802e+03  2.257258e+03
    endloop
  endfacet
  facet normal -2.893292e-01 -7.398309e-01 -6.074034e-01
    outer loop
      vertex  1.726477e+04 -5.097802e+03  2.257258e+03
      vertex  1.700714e+04 -4.998584e+03  2.259126e+03
      vertex  1.701651e+04 -4.840518e+03  2.062133e+03
    endloop
  endfacet
  facet normal -2.849033e-01 -7.384305e-01 -6.111878e-01
    outer loop
      vertex  1.726477e+04 -5.097802e+03  2.257258e+03
      vertex  1.701651e+04 -4.840518e+03  2.062133e+03
      vertex  1.727402e+04 -4.936056e+03  2.057525e+03
    endloop
  endfacet
  facet normal -2.876813e-01 -7.464556e-01 -6.000363e-01
    outer loop
      vertex  1.727402e+04 -4.936056e+03  2.057525e+03
      vertex  1.701651e+04 -4.840518e+03  2.062133e+03
      vertex  1.702147e+04 -4.763374e+03  1.963789e+03
    endloop
  endfacet
  facet normal -2.845545e-01 -7.442029e-01 -6.043102e-01
    outer loop
      vertex  1.727402e+04 -4.936056e+03  2.057525e+03
      vertex  1.702147e+04 -4.763374e+03  1.963789e+03
      vertex  1.727889e+04 -4.856917e+03  1.957770e+03
    endloop
  endfacet
  facet normal -2.875776e-01 -7.533524e-01 -5.914046e-01
    outer loop
      vertex  1.727889e+04 -4.856917e+03  1.957770e+03
      vertex  1.702147e+04 -4.763374e+03  1.963789e+03
      vertex  1.702817e+04 -4.664205e+03  1.834207e+03
    endloop
  endfacet
  facet normal -2.831602e-01 -7.509314e-01 -5.965923e-01
    outer loop
      vertex  1.727889e+04 -4.856917e+03  1.957770e+03
      vertex  1.702817e+04 -4.664205e+03  1.834207e+03
      vertex  1.728520e+04 -4.759169e+03  1.831743e+03
    endloop
  endfacet
  facet normal -4.804179e-02 -9.841294e-01 -1.708255e-01
    outer loop
      vertex  1.603262e+04 -7.775629e+03  8.225269e+03
      vertex  1.587384e+04 -7.789320e+03  8.348798e+03
      vertex  1.587359e+04 -7.768192e+03  8.227147e+03
    endloop
  endfacet
  facet normal -4.055494e-02 -9.844538e-01 -1.708974e-01
    outer loop
      vertex  1.587359e+04 -7.768192e+03  8.227147e+03
      vertex  1.587384e+04 -7.789320e+03  8.348798e+03
      vertex  1.571485e+04 -7.786764e+03  8.371802e+03
    endloop
  endfacet
  facet normal -5.006702e-02 -9.821994e-01 -1.810459e-01
    outer loop
      vertex  1.587359e+04 -7.768192e+03  8.227147e+03
      vertex  1.571485e+04 -7.786764e+03  8.371802e+03
      vertex  1.571444e+04 -7.747723e+03  8.160113e+03
    endloop
  endfacet
  facet normal -3.818933e-02 -9.827113e-01 -1.811635e-01
    outer loop
      vertex  1.571444e+04 -7.747723e+03  8.160113e+03
      vertex  1.571485e+04 -7.786764e+03  8.371802e+03
      vertex  1.555313e+04 -7.779460e+03  8.366271e+03
    endloop
  endfacet
  facet normal -4.907072e-02 -9.806799e-01 -1.893647e-01
    outer loop
      vertex  1.571444e+04 -7.747723e+03  8.160113e+03
      vertex  1.555313e+04 -7.779460e+03  8.366271e+03
      vertex  1.555272e+04 -7.739153e+03  8.157638e+03
    endloop
  endfacet
  facet normal -4.168170e-02 -9.857728e-01 -1.628324e-01
    outer loop
      vertex  1.587384e+04 -7.789320e+03  8.348798e+03
      vertex  1.603262e+04 -7.775629e+03  8.225269e+03
      vertex  1.603288e+04 -7.796299e+03  8.350334e+03
    endloop
  endfacet
  facet normal -5.104689e-02 -9.853472e-01 -1.627429e-01
    outer loop
      vertex  1.603288e+04 -7.796299e+03  8.350334e+03
      vertex  1.603262e+04 -7.775629e+03  8.225269e+03
      vertex  1.628906e+04 -7.776382e+03  8.149391e+03
    endloop
  endfacet
  facet normal -4.368750e-02 -9.871760e-01 -1.535416e-01
    outer loop
      vertex  1.603288e+04 -7.796299e+03  8.350334e+03
      vertex  1.628906e+04 -7.776382e+03  8.149391e+03
      vertex  1.628938e+04 -7.805241e+03  8.334846e+03
    endloop
  endfacet
  facet normal -5.576431e-02 -9.865849e-01 -1.534291e-01
    outer loop
      vertex  1.628938e+04 -7.805241e+03  8.334846e+03
      vertex  1.628906e+04 -7.776382e+03  8.149391e+03
      vertex  1.654558e+04 -7.791915e+03  8.156035e+03
    endloop
  endfacet
  facet normal -4.542709e-02 -9.892753e-01 -1.388184e-01
    outer loop
      vertex  1.628938e+04 -7.805241e+03  8.334846e+03
      vertex  1.654558e+04 -7.791915e+03  8.156035e+03
      vertex  1.654592e+04 -7.818361e+03  8.344392e+03
    endloop
  endfacet
  facet normal -5.496637e-02 -9.888030e-01 -1.387350e-01
    outer loop
      vertex  1.654592e+04 -7.818361e+03  8.344392e+03
      vertex  1.654558e+04 -7.791915e+03  8.156035e+03
      vertex  1.680217e+04 -7.814799e+03  8.217481e+03
    endloop
  endfacet
  facet normal -4.654231e-02 -9.914629e-01 -1.218001e-01
    outer loop
      vertex  1.654592e+04 -7.818361e+03  8.344392e+03
      vertex  1.680217e+04 -7.814799e+03  8.217481e+03
      vertex  1.680246e+04 -7.832171e+03  8.358780e+03
    endloop
  endfacet
  facet normal -5.574899e-02 -9.909972e-01 -1.217239e-01
    outer loop
      vertex  1.680246e+04 -7.832171e+03  8.358780e+03
      vertex  1.680217e+04 -7.814799e+03  8.217481e+03
      vertex  1.705864e+04 -7.825932e+03  8.190649e+03
    endloop
  endfacet
  facet normal -4.790660e-02 -9.927940e-01 -1.098410e-01
    outer loop
      vertex  1.680246e+04 -7.832171e+03  8.358780e+03
      vertex  1.705864e+04 -7.825932e+03  8.190649e+03
      vertex  1.705892e+04 -7.842168e+03  8.337285e+03
    endloop
  endfacet
  facet normal -6.177175e-02 -9.787423e-01 -1.955700e-01
    outer loop
      vertex  1.603241e+04 -7.730268e+03  7.979232e+03
      vertex  1.587345e+04 -7.745711e+03  8.106727e+03
      vertex  1.587338e+04 -7.721877e+03  7.987471e+03
    endloop
  endfacet
  facet normal -5.330331e-02 -9.792201e-01 -1.956701e-01
    outer loop
      vertex  1.587338e+04 -7.721877e+03  7.987471e+03
      vertex  1.587345e+04 -7.745711e+03  8.106727e+03
      vertex  1.571444e+04 -7.747723e+03  8.160113e+03
    endloop
  endfacet
  facet normal -6.223711e-02 -9.770793e-01 -2.035746e-01
    outer loop
      vertex  1.587338e+04 -7.721877e+03  7.987471e+03
      vertex  1.571444e+04 -7.747723e+03  8.160113e+03
      vertex  1.571432e+04 -7.704407e+03  7.952247e+03
    endloop
  endfacet
  facet normal -4.869889e-02 -9.778140e-01 -2.037353e-01
    outer loop
      vertex  1.571432e+04 -7.704407e+03  7.952247e+03
      vertex  1.571444e+04 -7.747723e+03  8.160113e+03
      vertex  1.555272e+04 -7.739153e+03  8.157638e+03
    endloop
  endfacet
  facet normal -6.046499e-02 -9.752749e-01 -2.125632e-01
    outer loop
      vertex  1.571432e+04 -7.704407e+03  7.952247e+03
      vertex  1.555272e+04 -7.739153e+03  8.157638e+03
      vertex  1.555261e+04 -7.694523e+03  7.952900e+03
    endloop
  endfacet
  facet normal -5.482048e-02 -9.808001e-01 -1.871522e-01
    outer loop
      vertex  1.587345e+04 -7.745711e+03  8.106727e+03
      vertex  1.603241e+04 -7.730268e+03  7.979232e+03
      vertex  1.603248e+04 -7.753589e+03  8.101430e+03
    endloop
  endfacet
  facet normal -6.445803e-02 -9.802355e-01 -1.870389e-01
    outer loop
      vertex  1.603248e+04 -7.753589e+03  8.101430e+03
      vertex  1.603241e+04 -7.730268e+03  7.979232e+03
      vertex  1.628892e+04 -7.744666e+03  7.966287e+03
    endloop
  endfacet
  facet normal -5.554952e-02 -9.838130e-01 -1.703708e-01
    outer loop
      vertex  1.603248e+04 -7.753589e+03  8.101430e+03
      vertex  1.628892e+04 -7.744666e+03  7.966287e+03
      vertex  1.628906e+04 -7.776382e+03  8.149391e+03
    endloop
  endfacet
  facet normal -6.679065e-02 -9.831356e-01 -1.702449e-01
    outer loop
      vertex  1.628906e+04 -7.776382e+03  8.149391e+03
      vertex  1.628892e+04 -7.744666e+03  7.966287e+03
      vertex  1.654541e+04 -7.762701e+03  7.969812e+03
    endloop
  endfacet
  facet normal -5.571989e-02 -9.863905e-01 -1.546896e-01
    outer loop
      vertex  1.628906e+04 -7.776382e+03  8.149391e+03
      vertex  1.654541e+04 -7.762701e+03  7.969812e+03
      vertex  1.654558e+04 -7.791915e+03  8.156035e+03
    endloop
  endfacet
  facet normal -6.313892e-02 -9.859553e-01 -1.546145e-01
    outer loop
      vertex  1.654558e+04 -7.791915e+03  8.156035e+03
      vertex  1.654541e+04 -7.762701e+03  7.969812e+03
      vertex  1.680199e+04 -7.795980e+03  8.077254e+03
    endloop
  endfacet
  facet normal -5.647105e-02 -9.895426e-01 -1.327272e-01
    outer loop
      vertex  1.654558e+04 -7.791915e+03  8.156035e+03
      vertex  1.680199e+04 -7.795980e+03  8.077254e+03
      vertex  1.680217e+04 -7.814799e+03  8.217481e+03
    endloop
  endfacet
  facet normal -6.385995e-02 -9.891025e-01 -1.326588e-01
    outer loop
      vertex  1.680217e+04 -7.814799e+03  8.217481e+03
      vertex  1.680199e+04 -7.795980e+03  8.077254e+03
      vertex  1.705846e+04 -7.808206e+03  8.044945e+03
    endloop
  endfacet
  facet normal -5.562877e-02 -9.911522e-01 -1.205104e-01
    outer loop
      vertex  1.680217e+04 -7.814799e+03  8.217481e+03
      vertex  1.705846e+04 -7.808206e+03  8.044945e+03
      vertex  1.705864e+04 -7.825932e+03  8.190649e+03
    endloop
  endfacet
  facet normal -7.780971e-02 -9.838545e-01 -1.611707e-01
    outer loop
      vertex  1.680149e+04 -7.738390e+03  7.707690e+03
      vertex  1.705818e+04 -7.781013e+03  7.843956e+03
      vertex  1.680179e+04 -7.768565e+03  7.891748e+03
    endloop
  endfacet
  facet normal -7.289163e-02 -9.883489e-01 -1.336165e-01
    outer loop
      vertex  1.680179e+04 -7.768565e+03  7.891748e+03
      vertex  1.705818e+04 -7.781013e+03  7.843956e+03
      vertex  1.705846e+04 -7.808206e+03  8.044945e+03
    endloop
  endfacet
  facet normal -6.542423e-02 -9.871461e-01 -1.458161e-01
    outer loop
      vertex  1.680179e+04 -7.768565e+03  7.891748e+03
      vertex  1.705846e+04 -7.808206e+03  8.044945e+03
      vertex  1.680199e+04 -7.795980e+03  8.077254e+03
    endloop
  endfacet
  facet normal -2.690096e-01 -8.692748e-01 -4.147230e-01
    outer loop
      vertex  1.700921e+04 -7.013249e+03  5.185548e+03
      vertex  1.674912e+04 -6.842353e+03  4.996052e+03
      vertex  1.700278e+04 -6.909412e+03  4.972074e+03
    endloop
  endfacet
  facet normal -2.678016e-01 -8.524346e-01 -4.490407e-01
    outer loop
      vertex  1.700278e+04 -6.909412e+03  4.972074e+03
      vertex  1.674912e+04 -6.842353e+03  4.996052e+03
      vertex  1.674348e+04 -6.738293e+03  4.801874e+03
    endloop
  endfacet
  facet normal -2.816245e-01 -8.566595e-01 -4.322294e-01
    outer loop
      vertex  1.700278e+04 -6.909412e+03  4.972074e+03
      vertex  1.674348e+04 -6.738293e+03  4.801874e+03
      vertex  1.699910e+04 -6.844418e+03  4.845656e+03
    endloop
  endfacet
  facet normal -2.687324e-01 -8.410082e-01 -4.695616e-01
    outer loop
      vertex  1.699910e+04 -6.844418e+03  4.845656e+03
      vertex  1.674348e+04 -6.738293e+03  4.801874e+03
      vertex  1.673822e+04 -6.628799e+03  4.608776e+03
    endloop
  endfacet
  facet normal -2.956699e-01 -8.457351e-01 -4.441974e-01
    outer loop
      vertex  1.699910e+04 -6.844418e+03  4.845656e+03
      vertex  1.673822e+04 -6.628799e+03  4.608776e+03
      vertex  1.699557e+04 -6.777012e+03  4.719663e+03
    endloop
  endfacet
  facet normal -3.144102e-01 -8.022720e-01 -5.074505e-01
    outer loop
      vertex  1.622752e+04 -6.253461e+03  4.311473e+03
      vertex  1.647720e+04 -6.307745e+03  4.242592e+03
      vertex  1.648193e+04 -6.446448e+03  4.458948e+03
    endloop
  endfacet
  facet normal -3.083611e-01 -8.038810e-01 -5.086143e-01
    outer loop
      vertex  1.648193e+04 -6.446448e+03  4.458948e+03
      vertex  1.647720e+04 -6.307745e+03  4.242592e+03
      vertex  1.673036e+04 -6.425055e+03  4.274521e+03
    endloop
  endfacet
  facet normal -3.017099e-01 -8.114423e-01 -5.005322e-01
    outer loop
      vertex  1.648193e+04 -6.446448e+03  4.458948e+03
      vertex  1.673036e+04 -6.425055e+03  4.274521e+03
      vertex  1.673347e+04 -6.514004e+03  4.416845e+03
    endloop
  endfacet
  facet normal -2.953989e-01 -8.130550e-01 -5.016782e-01
    outer loop
      vertex  1.673347e+04 -6.514004e+03  4.416845e+03
      vertex  1.673036e+04 -6.425055e+03  4.274521e+03
      vertex  1.698370e+04 -6.479632e+03  4.213798e+03
    endloop
  endfacet
  facet normal -2.879641e-01 -8.205230e-01 -4.937800e-01
    outer loop
      vertex  1.673347e+04 -6.514004e+03  4.416845e+03
      vertex  1.698370e+04 -6.479632e+03  4.213798e+03
      vertex  1.698905e+04 -6.632404e+03  4.464546e+03
    endloop
  endfacet
  facet normal -3.056000e-01 -7.752807e-01 -5.527646e-01
    outer loop
      vertex  1.672233e+04 -6.001937e+03  3.655921e+03
      vertex  1.697774e+04 -6.175138e+03  3.757638e+03
      vertex  1.672372e+04 -6.140040e+03  3.848849e+03
    endloop
  endfacet
  facet normal -3.019511e-01 -7.869247e-01 -5.381216e-01
    outer loop
      vertex  1.672372e+04 -6.140040e+03  3.848849e+03
      vertex  1.697774e+04 -6.175138e+03  3.757638e+03
      vertex  1.697977e+04 -6.317957e+03  3.965351e+03
    endloop
  endfacet
  facet normal -3.006171e-01 -7.861928e-01 -5.399355e-01
    outer loop
      vertex  1.672372e+04 -6.140040e+03  3.848849e+03
      vertex  1.697977e+04 -6.317957e+03  3.965351e+03
      vertex  1.672543e+04 -6.237966e+03  3.990487e+03
    endloop
  endfacet
  facet normal -3.029375e-01 -8.009594e-01 -5.164232e-01
    outer loop
      vertex  1.672543e+04 -6.237966e+03  3.990487e+03
      vertex  1.697977e+04 -6.317957e+03  3.965351e+03
      vertex  1.698370e+04 -6.479632e+03  4.213798e+03
    endloop
  endfacet
  facet normal -2.883734e-01 -7.976602e-01 -5.296971e-01
    outer loop
      vertex  1.672543e+04 -6.237966e+03  3.990487e+03
      vertex  1.698370e+04 -6.479632e+03  4.213798e+03
      vertex  1.672767e+04 -6.333364e+03  4.132925e+03
    endloop
  endfacet
  facet normal -3.204526e-01 -7.402474e-01 -5.910532e-01
    outer loop
      vertex  1.622205e+04 -5.256667e+03  2.969844e+03
      vertex  1.647478e+04 -5.340799e+03  2.938190e+03
      vertex  1.646996e+04 -5.620395e+03  3.290977e+03
    endloop
  endfacet
  facet normal -3.175612e-01 -7.410295e-01 -5.916335e-01
    outer loop
      vertex  1.646996e+04 -5.620395e+03  3.290977e+03
      vertex  1.647478e+04 -5.340799e+03  2.938190e+03
      vertex  1.672579e+04 -5.552751e+03  3.068931e+03
    endloop
  endfacet
  facet normal -3.148702e-01 -7.439370e-01 -5.894187e-01
    outer loop
      vertex  1.646996e+04 -5.620395e+03  3.290977e+03
      vertex  1.672579e+04 -5.552751e+03  3.068931e+03
      vertex  1.672325e+04 -5.707728e+03  3.265895e+03
    endloop
  endfacet
  facet normal -3.059534e-01 -7.462816e-01 -5.911483e-01
    outer loop
      vertex  1.672325e+04 -5.707728e+03  3.265895e+03
      vertex  1.672579e+04 -5.552751e+03  3.068931e+03
      vertex  1.698099e+04 -5.663121e+03  3.076182e+03
    endloop
  endfacet
  facet normal -3.050050e-01 -7.474678e-01 -5.901387e-01
    outer loop
      vertex  1.672325e+04 -5.707728e+03  3.265895e+03
      vertex  1.698099e+04 -5.663121e+03  3.076182e+03
      vertex  1.697866e+04 -5.793736e+03  3.242823e+03
    endloop
  endfacet
  facet normal -2.992623e-01 -7.329952e-01 -6.108684e-01
    outer loop
      vertex  1.699698e+04 -5.196999e+03  2.501870e+03
      vertex  1.698870e+04 -5.397436e+03  2.746440e+03
      vertex  1.673487e+04 -5.245509e+03  2.688489e+03
    endloop
  endfacet
  facet normal -3.044398e-01 -7.382368e-01 -6.019326e-01
    outer loop
      vertex  1.673487e+04 -5.245509e+03  2.688489e+03
      vertex  1.698870e+04 -5.397436e+03  2.746440e+03
      vertex  1.698099e+04 -5.663121e+03  3.076182e+03
    endloop
  endfacet
  facet normal -3.020707e-01 -7.381014e-01 -6.032907e-01
    outer loop
      vertex  1.673487e+04 -5.245509e+03  2.688489e+03
      vertex  1.698099e+04 -5.663121e+03  3.076182e+03
      vertex  1.672579e+04 -5.552751e+03  3.068931e+03
    endloop
  endfacet
  facet normal -3.033814e-01 -7.572118e-01 -5.784376e-01
    outer loop
      vertex  1.624972e+04 -4.569560e+03  2.102895e+03
      vertex  1.599157e+04 -4.551208e+03  2.214272e+03
      vertex  1.599770e+04 -4.438859e+03  2.063982e+03
    endloop
  endfacet
  facet normal -3.106807e-01 -7.551806e-01 -5.772172e-01
    outer loop
      vertex  1.599770e+04 -4.438859e+03  2.063982e+03
      vertex  1.599157e+04 -4.551208e+03  2.214272e+03
      vertex  1.583466e+04 -4.486708e+03  2.214340e+03
    endloop
  endfacet
  facet normal -3.049089e-01 -7.608929e-01 -5.727763e-01
    outer loop
      vertex  1.599770e+04 -4.438859e+03  2.063982e+03
      vertex  1.583466e+04 -4.486708e+03  2.214340e+03
      vertex  1.584008e+04 -4.383272e+03  2.074048e+03
    endloop
  endfacet
  facet normal -3.120709e-01 -7.588893e-01 -5.715755e-01
    outer loop
      vertex  1.584008e+04 -4.383272e+03  2.074048e+03
      vertex  1.583466e+04 -4.486708e+03  2.214340e+03
      vertex  1.567925e+04 -4.391238e+03  2.172434e+03
    endloop
  endfacet
  facet normal -3.072825e-01 -7.662216e-01 -5.643419e-01
    outer loop
      vertex  1.584008e+04 -4.383272e+03  2.074048e+03
      vertex  1.567925e+04 -4.391238e+03  2.172434e+03
      vertex  1.568313e+04 -4.315586e+03  2.067608e+03
    endloop
  endfacet
  facet normal -3.070698e-01 -7.478973e-01 -5.885215e-01
    outer loop
      vertex  1.599157e+04 -4.551208e+03  2.214272e+03
      vertex  1.624972e+04 -4.569560e+03  2.102895e+03
      vertex  1.624304e+04 -4.689541e+03  2.258856e+03
    endloop
  endfacet
  facet normal -2.997810e-01 -7.498903e-01 -5.897422e-01
    outer loop
      vertex  1.624304e+04 -4.689541e+03  2.258856e+03
      vertex  1.624972e+04 -4.569560e+03  2.102895e+03
      vertex  1.650420e+04 -4.664810e+03  2.094655e+03
    endloop
  endfacet
  facet normal -3.038987e-01 -7.437621e-01 -5.953684e-01
    outer loop
      vertex  1.624304e+04 -4.689541e+03  2.258856e+03
      vertex  1.650420e+04 -4.664810e+03  2.094655e+03
      vertex  1.649728e+04 -4.783542e+03  2.246511e+03
    endloop
  endfacet
  facet normal -2.956809e-01 -7.459809e-01 -5.967289e-01
    outer loop
      vertex  1.649728e+04 -4.783542e+03  2.246511e+03
      vertex  1.650420e+04 -4.664810e+03  2.094655e+03
      vertex  1.676075e+04 -4.738436e+03  2.059575e+03
    endloop
  endfacet
  facet normal -3.005403e-01 -7.397229e-01 -6.020677e-01
    outer loop
      vertex  1.649728e+04 -4.783542e+03  2.246511e+03
      vertex  1.676075e+04 -4.738436e+03  2.059575e+03
      vertex  1.674892e+04 -4.940076e+03  2.313223e+03
    endloop
  endfacet
  facet normal -2.902899e-01 -7.424404e-01 -6.037500e-01
    outer loop
      vertex  1.674892e+04 -4.940076e+03  2.313223e+03
      vertex  1.676075e+04 -4.738436e+03  2.059575e+03
      vertex  1.701651e+04 -4.840518e+03  2.062133e+03
    endloop
  endfacet
  facet normal -2.944095e-01 -7.385020e-01 -6.065788e-01
    outer loop
      vertex  1.674892e+04 -4.940076e+03  2.313223e+03
      vertex  1.701651e+04 -4.840518e+03  2.062133e+03
      vertex  1.700714e+04 -4.998584e+03  2.259126e+03
    endloop
  endfacet
  facet normal -2.992528e-01 -7.661890e-01 -5.686846e-01
    outer loop
      vertex  1.625692e+04 -4.453566e+03  1.947392e+03
      vertex  1.599770e+04 -4.438859e+03  2.063982e+03
      vertex  1.600297e+04 -4.351507e+03  1.943522e+03
    endloop
  endfacet
  facet normal -3.058065e-01 -7.643667e-01 -5.676495e-01
    outer loop
      vertex  1.600297e+04 -4.351507e+03  1.943522e+03
      vertex  1.599770e+04 -4.438859e+03  2.063982e+03
      vertex  1.584008e+04 -4.383272e+03  2.074048e+03
    endloop
  endfacet
  facet normal -3.008173e-01 -7.699292e-01 -5.627769e-01
    outer loop
      vertex  1.600297e+04 -4.351507e+03  1.943522e+03
      vertex  1.584008e+04 -4.383272e+03  2.074048e+03
      vertex  1.584541e+04 -4.291460e+03  1.945589e+03
    endloop
  endfacet
  facet normal -3.081123e-01 -7.678865e-01 -5.616201e-01
    outer loop
      vertex  1.584541e+04 -4.291460e+03  1.945589e+03
      vertex  1.584008e+04 -4.383272e+03  2.074048e+03
      vertex  1.568313e+04 -4.315586e+03  2.067608e+03
    endloop
  endfacet
  facet normal -3.032020e-01 -7.737314e-01 -5.562450e-01
    outer loop
      vertex  1.584541e+04 -4.291460e+03  1.945589e+03
      vertex  1.568313e+04 -4.315586e+03  2.067608e+03
      vertex  1.568724e+04 -4.242020e+03  1.963038e+03
    endloop
  endfacet
  facet normal -3.032501e-01 -7.570443e-01 -5.787255e-01
    outer loop
      vertex  1.599770e+04 -4.438859e+03  2.063982e+03
      vertex  1.625692e+04 -4.453566e+03  1.947392e+03
      vertex  1.624972e+04 -4.569560e+03  2.102895e+03
    endloop
  endfacet
  facet normal -2.960436e-01 -7.590210e-01 -5.798666e-01
    outer loop
      vertex  1.624972e+04 -4.569560e+03  2.102895e+03
      vertex  1.625692e+04 -4.453566e+03  1.947392e+03
      vertex  1.651158e+04 -4.549663e+03  1.943164e+03
    endloop
  endfacet
  facet normal -3.005410e-01 -7.522106e-01 -5.863910e-01
    outer loop
      vertex  1.624972e+04 -4.569560e+03  2.102895e+03
      vertex  1.651158e+04 -4.549663e+03  1.943164e+03
      vertex  1.650420e+04 -4.664810e+03  2.094655e+03
    endloop
  endfacet
  facet normal -2.928742e-01 -7.542899e-01 -5.875981e-01
    outer loop
      vertex  1.650420e+04 -4.664810e+03  2.094655e+03
      vertex  1.651158e+04 -4.549663e+03  1.943164e+03
      vertex  1.676713e+04 -4.641031e+03  1.933077e+03
    endloop
  endfacet
  facet normal -2.960621e-01 -7.495223e-01 -5.920841e-01
    outer loop
      vertex  1.650420e+04 -4.664810e+03  2.094655e+03
      vertex  1.676713e+04 -4.641031e+03  1.933077e+03
      vertex  1.676075e+04 -4.738436e+03  2.059575e+03
    endloop
  endfacet
  facet normal -2.897434e-01 -7.512128e-01 -5.930668e-01
    outer loop
      vertex  1.676075e+04 -4.738436e+03  2.059575e+03
      vertex  1.676713e+04 -4.641031e+03  1.933077e+03
      vertex  1.702147e+04 -4.763374e+03  1.963789e+03
    endloop
  endfacet
  facet normal -2.915316e-01 -7.454433e-01 -5.994362e-01
    outer loop
      vertex  1.676075e+04 -4.738436e+03  2.059575e+03
      vertex  1.702147e+04 -4.763374e+03  1.963789e+03
      vertex  1.701651e+04 -4.840518e+03  2.062133e+03
    endloop
  endfacet
  facet normal -3.041437e-01 -7.853588e-01 -5.391735e-01
    outer loop
      vertex  1.647197e+04 -6.090494e+03  3.923401e+03
      vertex  1.672767e+04 -6.333364e+03  4.132925e+03
      vertex  1.647429e+04 -6.200623e+03  4.082506e+03
    endloop
  endfacet
  facet normal -3.167779e-01 -7.988887e-01 -5.113010e-01
    outer loop
      vertex  1.647429e+04 -6.200623e+03  4.082506e+03
      vertex  1.672767e+04 -6.333364e+03  4.132925e+03
      vertex  1.673036e+04 -6.425055e+03  4.274521e+03
    endloop
  endfacet
  facet normal -3.019333e-01 -7.948417e-01 -5.263677e-01
    outer loop
      vertex  1.647429e+04 -6.200623e+03  4.082506e+03
      vertex  1.673036e+04 -6.425055e+03  4.274521e+03
      vertex  1.647720e+04 -6.307745e+03  4.242592e+03
    endloop
  endfacet
  facet normal -3.206626e-01 -7.893151e-01 -5.236002e-01
    outer loop
      vertex  1.672767e+04 -6.333364e+03  4.132925e+03
      vertex  1.647197e+04 -6.090494e+03  3.923401e+03
      vertex  1.672543e+04 -6.237966e+03  3.990487e+03
    endloop
  endfacet
  facet normal -3.057578e-01 -7.762842e-01 -5.512668e-01
    outer loop
      vertex  1.672543e+04 -6.237966e+03  3.990487e+03
      vertex  1.647197e+04 -6.090494e+03  3.923401e+03
      vertex  1.647030e+04 -5.976074e+03  3.763202e+03
    endloop
  endfacet
  facet normal -3.237571e-01 -7.800673e-01 -5.354217e-01
    outer loop
      vertex  1.672543e+04 -6.237966e+03  3.990487e+03
      vertex  1.647030e+04 -5.976074e+03  3.763202e+03
      vertex  1.672372e+04 -6.140040e+03  3.848849e+03
    endloop
  endfacet
  facet normal -3.066331e-01 -7.677822e-01 -5.625713e-01
    outer loop
      vertex  1.672372e+04 -6.140040e+03  3.848849e+03
      vertex  1.647030e+04 -5.976074e+03  3.763202e+03
      vertex  1.646938e+04 -5.859094e+03  3.604051e+03
    endloop
  endfacet
  facet normal -3.225958e-01 -7.707660e-01 -5.494104e-01
    outer loop
      vertex  1.672372e+04 -6.140040e+03  3.848849e+03
      vertex  1.646938e+04 -5.859094e+03  3.604051e+03
      vertex  1.672233e+04 -6.001937e+03  3.655921e+03
    endloop
  endfacet
  facet normal -3.095619e-01 -7.347333e-01 -6.036044e-01
    outer loop
      vertex  1.623423e+04 -4.875081e+03  2.493978e+03
      vertex  1.649248e+04 -4.874428e+03  2.360742e+03
      vertex  1.648404e+04 -5.059484e+03  2.590327e+03
    endloop
  endfacet
  facet normal -3.008248e-01 -7.370722e-01 -6.051685e-01
    outer loop
      vertex  1.648404e+04 -5.059484e+03  2.590327e+03
      vertex  1.649248e+04 -4.874428e+03  2.360742e+03
      vertex  1.674892e+04 -4.940076e+03  2.313223e+03
    endloop
  endfacet
  facet normal -3.056010e-01 -7.328393e-01 -6.079099e-01
    outer loop
      vertex  1.648404e+04 -5.059484e+03  2.590327e+03
      vertex  1.674892e+04 -4.940076e+03  2.313223e+03
      vertex  1.673487e+04 -5.245509e+03  2.688489e+03
    endloop
  endfacet
  facet normal -4.288387e-02 -9.893680e-01 -1.389672e-01
    outer loop
      vertex  1.603288e+04 -7.796299e+03  8.350334e+03
      vertex  1.628938e+04 -7.805241e+03  8.334846e+03
      vertex  1.628983e+04 -7.825036e+03  8.475635e+03
    endloop
  endfacet
  facet normal -4.542155e-02 -9.892581e-01 -1.389437e-01
    outer loop
      vertex  1.628983e+04 -7.825036e+03  8.475635e+03
      vertex  1.628938e+04 -7.805241e+03  8.334846e+03
      vertex  1.654592e+04 -7.818361e+03  8.344392e+03
    endloop
  endfacet
  facet normal -3.833732e-02 -9.913869e-01 -1.252290e-01
    outer loop
      vertex  1.628983e+04 -7.825036e+03  8.475635e+03
      vertex  1.654592e+04 -7.818361e+03  8.344392e+03
      vertex  1.654639e+04 -7.836422e+03  8.487231e+03
    endloop
  endfacet
  facet normal -7.448192e-02 -9.824850e-01 -1.708087e-01
    outer loop
      vertex  1.680179e+04 -7.768565e+03  7.891748e+03
      vertex  1.654541e+04 -7.762701e+03  7.969812e+03
      vertex  1.654523e+04 -7.730638e+03  7.785467e+03
    endloop
  endfacet
  facet normal -6.677350e-02 -9.830214e-01 -1.709095e-01
    outer loop
      vertex  1.654523e+04 -7.730638e+03  7.785467e+03
      vertex  1.654541e+04 -7.762701e+03  7.969812e+03
      vertex  1.628892e+04 -7.744666e+03  7.966287e+03
    endloop
  endfacet
  facet normal -7.853001e-02 -9.791635e-01 -1.872748e-01
    outer loop
      vertex  1.654523e+04 -7.730638e+03  7.785467e+03
      vertex  1.628892e+04 -7.744666e+03  7.966287e+03
      vertex  1.628881e+04 -7.710041e+03  7.785301e+03
    endloop
  endfacet
  facet normal -6.447522e-02 -9.801515e-01 -1.874727e-01
    outer loop
      vertex  1.628881e+04 -7.710041e+03  7.785301e+03
      vertex  1.628892e+04 -7.744666e+03  7.966287e+03
      vertex  1.603241e+04 -7.730268e+03  7.979232e+03
    endloop
  endfacet
  facet normal -7.359274e-02 -9.771881e-01 -1.992179e-01
    outer loop
      vertex  1.628881e+04 -7.710041e+03  7.785301e+03
      vertex  1.603241e+04 -7.730268e+03  7.979232e+03
      vertex  1.603237e+04 -7.705573e+03  7.858115e+03
    endloop
  endfacet
  facet normal -6.192802e-02 -9.779634e-01 -1.993797e-01
    outer loop
      vertex  1.603237e+04 -7.705573e+03  7.858115e+03
      vertex  1.603241e+04 -7.730268e+03  7.979232e+03
      vertex  1.587338e+04 -7.721877e+03  7.987471e+03
    endloop
  endfacet
  facet normal -6.916267e-02 -9.756839e-01 -2.079845e-01
    outer loop
      vertex  1.603237e+04 -7.705573e+03  7.858115e+03
      vertex  1.587338e+04 -7.721877e+03  7.987471e+03
      vertex  1.587336e+04 -7.696690e+03  7.869321e+03
    endloop
  endfacet
  facet normal -6.113895e-02 -9.761959e-01 -2.080953e-01
    outer loop
      vertex  1.587336e+04 -7.696690e+03  7.869321e+03
      vertex  1.587338e+04 -7.721877e+03  7.987471e+03
      vertex  1.571432e+04 -7.704407e+03  7.952247e+03
    endloop
  endfacet
  facet normal -7.079509e-02 -9.715099e-01 -2.261781e-01
    outer loop
      vertex  1.587336e+04 -7.696690e+03  7.869321e+03
      vertex  1.571432e+04 -7.704407e+03  7.952247e+03
      vertex  1.571432e+04 -7.656832e+03  7.747896e+03
    endloop
  endfacet
  facet normal -2.515928e-01 -8.617557e-01 -4.405431e-01
    outer loop
      vertex  1.569566e+04 -6.819027e+03  5.591130e+03
      vertex  1.585052e+04 -6.829709e+03  5.523588e+03
      vertex  1.585438e+04 -6.921833e+03  5.701584e+03
    endloop
  endfacet
  facet normal -2.576244e-01 -8.603983e-01 -4.397095e-01
    outer loop
      vertex  1.585438e+04 -6.921833e+03  5.701584e+03
      vertex  1.585052e+04 -6.829709e+03  5.523588e+03
      vertex  1.600744e+04 -6.891212e+03  5.551988e+03
    endloop
  endfacet
  facet normal -2.454161e-01 -8.693064e-01 -4.290420e-01
    outer loop
      vertex  1.585438e+04 -6.921833e+03  5.701584e+03
      vertex  1.600744e+04 -6.891212e+03  5.551988e+03
      vertex  1.601034e+04 -6.953182e+03  5.675891e+03
    endloop
  endfacet
  facet normal -2.509004e-01 -8.681009e-01 -4.283106e-01
    outer loop
      vertex  1.601034e+04 -6.953182e+03  5.675891e+03
      vertex  1.600744e+04 -6.891212e+03  5.551988e+03
      vertex  1.626100e+04 -6.988447e+03  5.600532e+03
    endloop
  endfacet
  facet normal -2.456274e-01 -8.807801e-01 -4.048377e-01
    outer loop
      vertex  1.601034e+04 -6.953182e+03  5.675891e+03
      vertex  1.626100e+04 -6.988447e+03  5.600532e+03
      vertex  1.626412e+04 -7.045469e+03  5.722700e+03
    endloop
  endfacet
  facet normal -2.490486e-01 -8.800218e-01 -4.043965e-01
    outer loop
      vertex  1.626412e+04 -7.045469e+03  5.722700e+03
      vertex  1.626100e+04 -6.988447e+03  5.600532e+03
      vertex  1.651285e+04 -7.044034e+03  5.566398e+03
    endloop
  endfacet
  facet normal -2.368829e-01 -8.919355e-01 -3.851462e-01
    outer loop
      vertex  1.626412e+04 -7.045469e+03  5.722700e+03
      vertex  1.651285e+04 -7.044034e+03  5.566398e+03
      vertex  1.651904e+04 -7.143217e+03  5.792282e+03
    endloop
  endfacet
  facet normal -2.640048e-01 -8.646998e-01 -4.273122e-01
    outer loop
      vertex  1.600445e+04 -6.827345e+03  5.428645e+03
      vertex  1.625441e+04 -6.866567e+03  5.353583e+03
      vertex  1.625779e+04 -6.929486e+03  5.478813e+03
    endloop
  endfacet
  facet normal -2.649059e-01 -8.644885e-01 -4.271818e-01
    outer loop
      vertex  1.625779e+04 -6.929486e+03  5.478813e+03
      vertex  1.625441e+04 -6.866567e+03  5.353583e+03
      vertex  1.650639e+04 -6.937939e+03  5.341759e+03
    endloop
  endfacet
  facet normal -2.542368e-01 -8.773159e-01 -4.070384e-01
    outer loop
      vertex  1.625779e+04 -6.929486e+03  5.478813e+03
      vertex  1.650639e+04 -6.937939e+03  5.341759e+03
      vertex  1.651285e+04 -7.044034e+03  5.566398e+03
    endloop
  endfacet
  facet normal -3.255301e-01 -7.627612e-01 -5.587715e-01
    outer loop
      vertex  1.646938e+04 -5.859094e+03  3.604051e+03
      vertex  1.647030e+04 -5.976074e+03  3.763202e+03
      vertex  1.621838e+04 -5.789025e+03  3.654629e+03
    endloop
  endfacet
  facet normal -3.354469e-01 -7.682514e-01 -5.452204e-01
    outer loop
      vertex  1.621838e+04 -5.789025e+03  3.654629e+03
      vertex  1.647030e+04 -5.976074e+03  3.763202e+03
      vertex  1.647197e+04 -6.090494e+03  3.923401e+03
    endloop
  endfacet
  facet normal -3.141288e-01 -7.652171e-01 -5.619305e-01
    outer loop
      vertex  1.621838e+04 -5.789025e+03  3.654629e+03
      vertex  1.647197e+04 -6.090494e+03  3.923401e+03
      vertex  1.621971e+04 -5.911697e+03  3.820936e+03
    endloop
  endfacet
  facet normal -3.343379e-01 -7.771987e-01 -5.330854e-01
    outer loop
      vertex  1.621971e+04 -5.911697e+03  3.820936e+03
      vertex  1.647197e+04 -6.090494e+03  3.923401e+03
      vertex  1.647429e+04 -6.200623e+03  4.082506e+03
    endloop
  endfacet
  facet normal -3.115439e-01 -7.738016e-01 -5.515175e-01
    outer loop
      vertex  1.621971e+04 -5.911697e+03  3.820936e+03
      vertex  1.647429e+04 -6.200623e+03  4.082506e+03
      vertex  1.622178e+04 -6.031864e+03  3.988367e+03
    endloop
  endfacet
  facet normal -3.318139e-01 -7.867936e-01 -5.204377e-01
    outer loop
      vertex  1.622178e+04 -6.031864e+03  3.988367e+03
      vertex  1.647429e+04 -6.200623e+03  4.082506e+03
      vertex  1.647720e+04 -6.307745e+03  4.242592e+03
    endloop
  endfacet
  facet normal -3.076867e-01 -7.830119e-01 -5.405748e-01
    outer loop
      vertex  1.622178e+04 -6.031864e+03  3.988367e+03
      vertex  1.647720e+04 -6.307745e+03  4.242592e+03
      vertex  1.622438e+04 -6.144073e+03  4.149420e+03
    endloop
  endfacet
  facet normal -3.094218e-01 -7.353565e-01 -6.029170e-01
    outer loop
      vertex  1.673487e+04 -5.245509e+03  2.688489e+03
      vertex  1.647478e+04 -5.340799e+03  2.938190e+03
      vertex  1.648404e+04 -5.059484e+03  2.590327e+03
    endloop
  endfacet
  facet normal -3.191948e-01 -7.327121e-01 -6.010388e-01
    outer loop
      vertex  1.648404e+04 -5.059484e+03  2.590327e+03
      vertex  1.647478e+04 -5.340799e+03  2.938190e+03
      vertex  1.622205e+04 -5.256667e+03  2.969844e+03
    endloop
  endfacet
  facet normal -3.119300e-01 -7.377754e-01 -5.986543e-01
    outer loop
      vertex  1.648404e+04 -5.059484e+03  2.590327e+03
      vertex  1.622205e+04 -5.256667e+03  2.969844e+03
      vertex  1.622717e+04 -5.064923e+03  2.730872e+03
    endloop
  endfacet
  facet normal -3.256690e-01 -7.340262e-01 -5.959407e-01
    outer loop
      vertex  1.622717e+04 -5.064923e+03  2.730872e+03
      vertex  1.622205e+04 -5.256667e+03  2.969844e+03
      vertex  1.597110e+04 -5.129704e+03  2.950599e+03
    endloop
  endfacet
  facet normal -3.224934e-01 -7.375711e-01 -5.932850e-01
    outer loop
      vertex  1.622717e+04 -5.064923e+03  2.730872e+03
      vertex  1.597110e+04 -5.129704e+03  2.950599e+03
      vertex  1.597588e+04 -4.937085e+03  2.708540e+03
    endloop
  endfacet
  facet normal -3.308450e-01 -7.352315e-01 -5.915880e-01
    outer loop
      vertex  1.597588e+04 -4.937085e+03  2.708540e+03
      vertex  1.597110e+04 -5.129704e+03  2.950599e+03
      vertex  1.581605e+04 -5.034538e+03  2.919038e+03
    endloop
  endfacet
  facet normal -3.262641e-01 -7.387542e-01 -5.897406e-01
    outer loop
      vertex  1.597588e+04 -4.937085e+03  2.708540e+03
      vertex  1.581605e+04 -5.034538e+03  2.919038e+03
      vertex  1.582102e+04 -4.831503e+03  2.661951e+03
    endloop
  endfacet
  facet normal -3.365190e-01 -7.358302e-01 -5.876298e-01
    outer loop
      vertex  1.582102e+04 -4.831503e+03  2.661951e+03
      vertex  1.581605e+04 -5.034538e+03  2.919038e+03
      vertex  1.565999e+04 -4.999498e+03  2.964533e+03
    endloop
  endfacet
  facet normal -3.289176e-01 -7.404388e-01 -5.861431e-01
    outer loop
      vertex  1.582102e+04 -4.831503e+03  2.661951e+03
      vertex  1.565999e+04 -4.999498e+03  2.964533e+03
      vertex  1.566445e+04 -4.785359e+03  2.691520e+03
    endloop
  endfacet
  facet normal -3.388835e-01 -7.375814e-01 -5.840648e-01
    outer loop
      vertex  1.566445e+04 -4.785359e+03  2.691520e+03
      vertex  1.565999e+04 -4.999498e+03  2.964533e+03
      vertex  1.550305e+04 -4.857389e+03  2.876130e+03
    endloop
  endfacet
  facet normal -3.333807e-01 -7.423912e-01 -5.811305e-01
    outer loop
      vertex  1.566445e+04 -4.785359e+03  2.691520e+03
      vertex  1.550305e+04 -4.857389e+03  2.876130e+03
      vertex  1.550622e+04 -4.704382e+03  2.678847e+03
    endloop
  endfacet
  facet normal -3.425582e-01 -7.397152e-01 -5.792024e-01
    outer loop
      vertex  1.550622e+04 -4.704382e+03  2.678847e+03
      vertex  1.550305e+04 -4.857389e+03  2.876130e+03
      vertex  1.534518e+04 -4.762665e+03  2.848523e+03
    endloop
  endfacet
  facet normal -3.378556e-01 -7.441584e-01 -5.762655e-01
    outer loop
      vertex  1.550622e+04 -4.704382e+03  2.678847e+03
      vertex  1.534518e+04 -4.762665e+03  2.848523e+03
      vertex  1.534682e+04 -4.671365e+03  2.729663e+03
    endloop
  endfacet
  facet normal -3.495924e-01 -7.406727e-01 -5.737500e-01
    outer loop
      vertex  1.534682e+04 -4.671365e+03  2.729663e+03
      vertex  1.534518e+04 -4.762665e+03  2.848523e+03
      vertex  1.503057e+04 -4.642095e+03  2.884572e+03
    endloop
  endfacet
  facet normal -3.461838e-01 -7.487544e-01 -5.652642e-01
    outer loop
      vertex  1.534682e+04 -4.671365e+03  2.729663e+03
      vertex  1.503057e+04 -4.642095e+03  2.884572e+03
      vertex  1.503225e+04 -4.512745e+03  2.712208e+03
    endloop
  endfacet
  facet normal -3.607053e-01 -7.442977e-01 -5.620610e-01
    outer loop
      vertex  1.503225e+04 -4.512745e+03  2.712208e+03
      vertex  1.503057e+04 -4.642095e+03  2.884572e+03
      vertex  1.471542e+04 -4.516042e+03  2.919901e+03
    endloop
  endfacet
  facet normal -3.546661e-01 -7.539241e-01 -5.530012e-01
    outer loop
      vertex  1.503225e+04 -4.512745e+03  2.712208e+03
      vertex  1.471542e+04 -4.516042e+03  2.919901e+03
      vertex  1.471665e+04 -4.356606e+03  2.701743e+03
    endloop
  endfacet
  facet normal -3.273510e-01 -7.602230e-01 -5.611615e-01
    outer loop
      vertex  1.503870e+04 -4.241435e+03  2.336537e+03
      vertex  1.535718e+04 -4.325186e+03  2.264213e+03
      vertex  1.535333e+04 -4.429607e+03  2.407926e+03
    endloop
  endfacet
  facet normal -3.212525e-01 -7.619931e-01 -5.622840e-01
    outer loop
      vertex  1.535333e+04 -4.429607e+03  2.407926e+03
      vertex  1.535718e+04 -4.325186e+03  2.264213e+03
      vertex  1.551560e+04 -4.417674e+03  2.299039e+03
    endloop
  endfacet
  facet normal -3.275718e-01 -7.529820e-01 -5.707143e-01
    outer loop
      vertex  1.535333e+04 -4.429607e+03  2.407926e+03
      vertex  1.551560e+04 -4.417674e+03  2.299039e+03
      vertex  1.551040e+04 -4.558899e+03  2.488355e+03
    endloop
  endfacet
  facet normal -3.209326e-01 -7.548946e-01 -5.719585e-01
    outer loop
      vertex  1.551040e+04 -4.558899e+03  2.488355e+03
      vertex  1.551560e+04 -4.417674e+03  2.299039e+03
      vertex  1.567230e+04 -4.547894e+03  2.382981e+03
    endloop
  endfacet
  facet normal -3.263857e-01 -7.467700e-01 -5.794886e-01
    outer loop
      vertex  1.551040e+04 -4.558899e+03  2.488355e+03
      vertex  1.567230e+04 -4.547894e+03  2.382981e+03
      vertex  1.566803e+04 -4.665429e+03  2.536855e+03
    endloop
  endfacet
  facet normal -3.182796e-01 -7.490733e-01 -5.810227e-01
    outer loop
      vertex  1.566803e+04 -4.665429e+03  2.536855e+03
      vertex  1.567230e+04 -4.547894e+03  2.382981e+03
      vertex  1.582973e+04 -4.593194e+03  2.355147e+03
    endloop
  endfacet
  facet normal -3.237882e-01 -7.443464e-01 -5.840458e-01
    outer loop
      vertex  1.566803e+04 -4.665429e+03  2.536855e+03
      vertex  1.582973e+04 -4.593194e+03  2.355147e+03
      vertex  1.582502e+04 -4.711210e+03  2.508165e+03
    endloop
  endfacet
  facet normal -3.149419e-01 -7.468404e-01 -5.856971e-01
    outer loop
      vertex  1.582502e+04 -4.711210e+03  2.508165e+03
      vertex  1.582973e+04 -4.593194e+03  2.355147e+03
      vertex  1.598599e+04 -4.666919e+03  2.365131e+03
    endloop
  endfacet
  facet normal -3.194008e-01 -7.421316e-01 -5.892571e-01
    outer loop
      vertex  1.582502e+04 -4.711210e+03  2.508165e+03
      vertex  1.598599e+04 -4.666919e+03  2.365131e+03
      vertex  1.598222e+04 -4.755844e+03  2.479173e+03
    endloop
  endfacet
  facet normal -3.098915e-01 -7.447718e-01 -5.910011e-01
    outer loop
      vertex  1.598222e+04 -4.755844e+03  2.479173e+03
      vertex  1.598599e+04 -4.666919e+03  2.365131e+03
      vertex  1.624304e+04 -4.689541e+03  2.258856e+03
    endloop
  endfacet
  facet normal -3.148319e-01 -7.393271e-01 -5.952112e-01
    outer loop
      vertex  1.598222e+04 -4.755844e+03  2.479173e+03
      vertex  1.624304e+04 -4.689541e+03  2.258856e+03
      vertex  1.623423e+04 -4.875081e+03  2.493978e+03
    endloop
  endfacet
  facet normal -3.034965e-01 -7.424290e-01 -5.972345e-01
    outer loop
      vertex  1.623423e+04 -4.875081e+03  2.493978e+03
      vertex  1.624304e+04 -4.689541e+03  2.258856e+03
      vertex  1.649728e+04 -4.783542e+03  2.246511e+03
    endloop
  endfacet
  facet normal -3.078350e-01 -7.381793e-01 -6.002741e-01
    outer loop
      vertex  1.623423e+04 -4.875081e+03  2.493978e+03
      vertex  1.649728e+04 -4.783542e+03  2.246511e+03
      vertex  1.649248e+04 -4.874428e+03  2.360742e+03
    endloop
  endfacet
  facet normal -2.957520e-01 -7.638852e-01 -5.735940e-01
    outer loop
      vertex  1.676713e+04 -4.641031e+03  1.933077e+03
      vertex  1.651158e+04 -4.549663e+03  1.943164e+03
      vertex  1.651926e+04 -4.439017e+03  1.791849e+03
    endloop
  endfacet
  facet normal -2.975804e-01 -7.633817e-01 -5.733187e-01
    outer loop
      vertex  1.651926e+04 -4.439017e+03  1.791849e+03
      vertex  1.651158e+04 -4.549663e+03  1.943164e+03
      vertex  1.625692e+04 -4.453566e+03  1.947392e+03
    endloop
  endfacet
  facet normal -2.926932e-01 -7.708625e-01 -5.657755e-01
    outer loop
      vertex  1.651926e+04 -4.439017e+03  1.791849e+03
      vertex  1.625692e+04 -4.453566e+03  1.947392e+03
      vertex  1.626446e+04 -4.342506e+03  1.792172e+03
    endloop
  endfacet
  facet normal -3.003442e-01 -7.687514e-01 -5.646368e-01
    outer loop
      vertex  1.626446e+04 -4.342506e+03  1.792172e+03
      vertex  1.625692e+04 -4.453566e+03  1.947392e+03
      vertex  1.600297e+04 -4.351507e+03  1.943522e+03
    endloop
  endfacet
  facet normal -2.958544e-01 -7.758141e-01 -5.572995e-01
    outer loop
      vertex  1.626446e+04 -4.342506e+03  1.792172e+03
      vertex  1.600297e+04 -4.351507e+03  1.943522e+03
      vertex  1.600846e+04 -4.267229e+03  1.823284e+03
    endloop
  endfacet
  facet normal -3.022924e-01 -7.740212e-01 -5.563368e-01
    outer loop
      vertex  1.600846e+04 -4.267229e+03  1.823284e+03
      vertex  1.600297e+04 -4.351507e+03  1.943522e+03
      vertex  1.584541e+04 -4.291460e+03  1.945589e+03
    endloop
  endfacet
  facet normal -2.969165e-01 -7.803095e-01 -5.504160e-01
    outer loop
      vertex  1.600846e+04 -4.267229e+03  1.823284e+03
      vertex  1.584541e+04 -4.291460e+03  1.945589e+03
      vertex  1.585102e+04 -4.203186e+03  1.817422e+03
    endloop
  endfacet
  facet normal -3.038896e-01 -7.783559e-01 -5.493754e-01
    outer loop
      vertex  1.585102e+04 -4.203186e+03  1.817422e+03
      vertex  1.584541e+04 -4.291460e+03  1.945589e+03
      vertex  1.568724e+04 -4.242020e+03  1.963038e+03
    endloop
  endfacet
  facet normal -2.983081e-01 -7.838730e-01 -5.445690e-01
    outer loop
      vertex  1.585102e+04 -4.203186e+03  1.817422e+03
      vertex  1.568724e+04 -4.242020e+03  1.963038e+03
      vertex  1.569301e+04 -4.147592e+03  1.823954e+03
    endloop
  endfacet
  facet normal -8.606942e-02 -9.647865e-01 -2.485536e-01
    outer loop
      vertex  1.555268e+04 -7.592459e+03  7.554000e+03
      vertex  1.571430e+04 -7.605018e+03  7.546781e+03
      vertex  1.571432e+04 -7.656832e+03  7.747896e+03
    endloop
  endfacet
  facet normal -8.623751e-02 -9.647725e-01 -2.485500e-01
    outer loop
      vertex  1.571432e+04 -7.656832e+03  7.747896e+03
      vertex  1.571430e+04 -7.605018e+03  7.546781e+03
      vertex  1.587331e+04 -7.642245e+03  7.636114e+03
    endloop
  endfacet
  facet normal -7.484873e-02 -9.695964e-01 -2.329816e-01
    outer loop
      vertex  1.571432e+04 -7.656832e+03  7.747896e+03
      vertex  1.587331e+04 -7.642245e+03  7.636114e+03
      vertex  1.587334e+04 -7.670146e+03  7.752220e+03
    endloop
  endfacet
  facet normal -8.494944e-02 -9.688099e-01 -2.327895e-01
    outer loop
      vertex  1.587334e+04 -7.670146e+03  7.752220e+03
      vertex  1.587331e+04 -7.642245e+03  7.636114e+03
      vertex  1.603225e+04 -7.651588e+03  7.616997e+03
    endloop
  endfacet
  facet normal -7.720373e-02 -9.715129e-01 -2.240584e-01
    outer loop
      vertex  1.587334e+04 -7.670146e+03  7.752220e+03
      vertex  1.603225e+04 -7.651588e+03  7.616997e+03
      vertex  1.603233e+04 -7.679286e+03  7.737068e+03
    endloop
  endfacet
  facet normal -8.966807e-02 -9.704979e-01 -2.238157e-01
    outer loop
      vertex  1.603233e+04 -7.679286e+03  7.737068e+03
      vertex  1.603225e+04 -7.651588e+03  7.616997e+03
      vertex  1.628854e+04 -7.664572e+03  7.570619e+03
    endloop
  endfacet
  facet normal -7.812405e-02 -9.753284e-01 -2.064735e-01
    outer loop
      vertex  1.603233e+04 -7.679286e+03  7.737068e+03
      vertex  1.628854e+04 -7.664572e+03  7.570619e+03
      vertex  1.628881e+04 -7.710041e+03  7.785301e+03
    endloop
  endfacet
  facet normal -1.443876e-01 -9.523801e-01 -2.685596e-01
    outer loop
      vertex  1.628693e+04 -7.560392e+03  7.148267e+03
      vertex  1.602967e+04 -7.456150e+03  6.916916e+03
      vertex  1.628538e+04 -7.501453e+03  6.940087e+03
    endloop
  endfacet
  facet normal -1.377829e-01 -9.389639e-01 -3.152185e-01
    outer loop
      vertex  1.628538e+04 -7.501453e+03  6.940087e+03
      vertex  1.602967e+04 -7.456150e+03  6.916916e+03
      vertex  1.602765e+04 -7.379411e+03  6.689210e+03
    endloop
  endfacet
  facet normal -1.651662e-01 -9.429636e-01 -2.890323e-01
    outer loop
      vertex  1.628538e+04 -7.501453e+03  6.940087e+03
      vertex  1.602765e+04 -7.379411e+03  6.689210e+03
      vertex  1.628325e+04 -7.437798e+03  6.733633e+03
    endloop
  endfacet
  facet normal -1.534709e-01 -9.287012e-01 -3.375805e-01
    outer loop
      vertex  1.628325e+04 -7.437798e+03  6.733633e+03
      vertex  1.602765e+04 -7.379411e+03  6.689210e+03
      vertex  1.602521e+04 -7.304092e+03  6.483111e+03
    endloop
  endfacet
  facet normal -1.831000e-01 -9.331291e-01 -3.094258e-01
    outer loop
      vertex  1.628325e+04 -7.437798e+03  6.733633e+03
      vertex  1.602521e+04 -7.304092e+03  6.483111e+03
      vertex  1.628051e+04 -7.369319e+03  6.528742e+03
    endloop
  endfacet
  facet normal -1.704895e-01 -9.179273e-01 -3.582495e-01
    outer loop
      vertex  1.628051e+04 -7.369319e+03  6.528742e+03
      vertex  1.602521e+04 -7.304092e+03  6.483111e+03
      vertex  1.602222e+04 -7.223816e+03  6.278845e+03
    endloop
  endfacet
  facet normal -2.008717e-01 -9.225304e-01 -3.295271e-01
    outer loop
      vertex  1.628051e+04 -7.369319e+03  6.528742e+03
      vertex  1.602222e+04 -7.223816e+03  6.278845e+03
      vertex  1.627719e+04 -7.295921e+03  6.325289e+03
    endloop
  endfacet
  facet normal -1.874652e-01 -9.065174e-01 -3.782633e-01
    outer loop
      vertex  1.627719e+04 -7.295921e+03  6.325289e+03
      vertex  1.602222e+04 -7.223816e+03  6.278845e+03
      vertex  1.601871e+04 -7.138567e+03  6.076285e+03
    endloop
  endfacet
  facet normal -2.182648e-01 -9.112436e-01 -3.492788e-01
    outer loop
      vertex  1.627719e+04 -7.295921e+03  6.325289e+03
      vertex  1.601871e+04 -7.138567e+03  6.076285e+03
      vertex  1.627330e+04 -7.217521e+03  6.123174e+03
    endloop
  endfacet
  facet normal -2.041995e-01 -8.945646e-01 -3.975633e-01
    outer loop
      vertex  1.627330e+04 -7.217521e+03  6.123174e+03
      vertex  1.601871e+04 -7.138567e+03  6.076285e+03
      vertex  1.601473e+04 -7.048348e+03  5.875327e+03
    endloop
  endfacet
  facet normal -2.350657e-01 -8.993620e-01 -3.686357e-01
    outer loop
      vertex  1.627330e+04 -7.217521e+03  6.123174e+03
      vertex  1.601473e+04 -7.048348e+03  5.875327e+03
      vertex  1.626892e+04 -7.134051e+03  5.922328e+03
    endloop
  endfacet
  facet normal -2.204939e-01 -8.821773e-01 -4.161079e-01
    outer loop
      vertex  1.626892e+04 -7.134051e+03  5.922328e+03
      vertex  1.601473e+04 -7.048348e+03  5.875327e+03
      vertex  1.601034e+04 -6.953182e+03  5.675891e+03
    endloop
  endfacet
  facet normal -2.510751e-01 -8.869954e-01 -3.875569e-01
    outer loop
      vertex  1.626892e+04 -7.134051e+03  5.922328e+03
      vertex  1.601034e+04 -6.953182e+03  5.675891e+03
      vertex  1.626412e+04 -7.045469e+03  5.722700e+03
    endloop
  endfacet
  facet normal -2.662719e-01 -8.497745e-01 -4.549532e-01
    outer loop
      vertex  1.569185e+04 -6.718500e+03  5.408729e+03
      vertex  1.584645e+04 -6.733828e+03  5.346876e+03
      vertex  1.585052e+04 -6.829709e+03  5.523588e+03
    endloop
  endfacet
  facet normal -2.674480e-01 -8.494995e-01 -4.547769e-01
    outer loop
      vertex  1.585052e+04 -6.829709e+03  5.523588e+03
      vertex  1.584645e+04 -6.733828e+03  5.346876e+03
      vertex  1.600445e+04 -6.827345e+03  5.428645e+03
    endloop
  endfacet
  facet normal -2.577529e-01 -8.605521e-01 -4.393332e-01
    outer loop
      vertex  1.585052e+04 -6.829709e+03  5.523588e+03
      vertex  1.600445e+04 -6.827345e+03  5.428645e+03
      vertex  1.600744e+04 -6.891212e+03  5.551988e+03
    endloop
  endfacet
  facet normal -2.598203e-01 -8.600804e-01 -4.390388e-01
    outer loop
      vertex  1.600744e+04 -6.891212e+03  5.551988e+03
      vertex  1.600445e+04 -6.827345e+03  5.428645e+03
      vertex  1.625779e+04 -6.929486e+03  5.478813e+03
    endloop
  endfacet
  facet normal -2.550564e-01 -8.728286e-01 -4.160726e-01
    outer loop
      vertex  1.600744e+04 -6.891212e+03  5.551988e+03
      vertex  1.625779e+04 -6.929486e+03  5.478813e+03
      vertex  1.626100e+04 -6.988447e+03  5.600532e+03
    endloop
  endfacet
  facet normal -2.799762e-01 -8.378531e-01 -4.686317e-01
    outer loop
      vertex  1.568787e+04 -6.614237e+03  5.227804e+03
      vertex  1.584227e+04 -6.634286e+03  5.171408e+03
      vertex  1.584645e+04 -6.733828e+03  5.346876e+03
    endloop
  endfacet
  facet normal -2.838099e-01 -8.369121e-01 -4.680064e-01
    outer loop
      vertex  1.584645e+04 -6.733828e+03  5.346876e+03
      vertex  1.584227e+04 -6.634286e+03  5.171408e+03
      vertex  1.599828e+04 -6.694010e+03  5.183602e+03
    endloop
  endfacet
  facet normal -2.670072e-01 -8.493025e-01 -4.554034e-01
    outer loop
      vertex  1.584645e+04 -6.733828e+03  5.346876e+03
      vertex  1.599828e+04 -6.694010e+03  5.183602e+03
      vertex  1.600445e+04 -6.827345e+03  5.428645e+03
    endloop
  endfacet
  facet normal -2.791751e-01 -8.463955e-01 -4.535152e-01
    outer loop
      vertex  1.600445e+04 -6.827345e+03  5.428645e+03
      vertex  1.599828e+04 -6.694010e+03  5.183602e+03
      vertex  1.625098e+04 -6.801597e+03  5.228833e+03
    endloop
  endfacet
  facet normal -2.665622e-01 -8.578171e-01 -4.394251e-01
    outer loop
      vertex  1.600445e+04 -6.827345e+03  5.428645e+03
      vertex  1.625098e+04 -6.801597e+03  5.228833e+03
      vertex  1.625441e+04 -6.866567e+03  5.353583e+03
    endloop
  endfacet
  facet normal -3.262674e-01 -7.755670e-01 -5.404123e-01
    outer loop
      vertex  1.597266e+04 -5.970871e+03  4.052823e+03
      vertex  1.622438e+04 -6.144073e+03  4.149420e+03
      vertex  1.597515e+04 -6.073582e+03  4.198726e+03
    endloop
  endfacet
  facet normal -3.261964e-01 -7.864234e-01 -5.245321e-01
    outer loop
      vertex  1.597515e+04 -6.073582e+03  4.198726e+03
      vertex  1.622438e+04 -6.144073e+03  4.149420e+03
      vertex  1.622752e+04 -6.253461e+03  4.311473e+03
    endloop
  endfacet
  facet normal -3.212605e-01 -7.838210e-01 -5.314285e-01
    outer loop
      vertex  1.597515e+04 -6.073582e+03  4.198726e+03
      vertex  1.622752e+04 -6.253461e+03  4.311473e+03
      vertex  1.597801e+04 -6.174244e+03  4.345464e+03
    endloop
  endfacet
  facet normal -3.226630e-01 -7.975754e-01 -5.096686e-01
    outer loop
      vertex  1.597801e+04 -6.174244e+03  4.345464e+03
      vertex  1.622752e+04 -6.253461e+03  4.311473e+03
      vertex  1.623252e+04 -6.397767e+03  4.534128e+03
    endloop
  endfacet
  facet normal -3.118975e-01 -7.946841e-01 -5.207658e-01
    outer loop
      vertex  1.597801e+04 -6.174244e+03  4.345464e+03
      vertex  1.623252e+04 -6.397767e+03  4.534128e+03
      vertex  1.598232e+04 -6.304994e+03  4.542410e+03
    endloop
  endfacet
  facet normal -3.170118e-01 -8.110828e-01 -4.915771e-01
    outer loop
      vertex  1.598232e+04 -6.304994e+03  4.542410e+03
      vertex  1.623252e+04 -6.397767e+03  4.534128e+03
      vertex  1.623817e+04 -6.535993e+03  4.758552e+03
    endloop
  endfacet
  facet normal -3.002757e-01 -8.075601e-01 -5.076232e-01
    outer loop
      vertex  1.598232e+04 -6.304994e+03  4.542410e+03
      vertex  1.623817e+04 -6.535993e+03  4.758552e+03
      vertex  1.598705e+04 -6.431477e+03  4.740828e+03
    endloop
  endfacet
  facet normal -3.100125e-01 -8.250002e-01 -4.725111e-01
    outer loop
      vertex  1.598705e+04 -6.431477e+03  4.740828e+03
      vertex  1.623817e+04 -6.535993e+03  4.758552e+03
      vertex  1.624425e+04 -6.667795e+03  4.984692e+03
    endloop
  endfacet
  facet normal -2.863468e-01 -8.211266e-01 -4.937170e-01
    outer loop
      vertex  1.598705e+04 -6.431477e+03  4.740828e+03
      vertex  1.624425e+04 -6.667795e+03  4.984692e+03
      vertex  1.599206e+04 -6.553411e+03  4.940714e+03
    endloop
  endfacet
  facet normal -3.668829e-01 -7.318726e-01 -5.742468e-01
    outer loop
      vertex  1.440665e+04 -5.066337e+03  3.832680e+03
      vertex  1.471700e+04 -4.944029e+03  3.478520e+03
      vertex  1.472367e+04 -5.396496e+03  4.050925e+03
    endloop
  endfacet
  facet normal -3.570223e-01 -7.348207e-01 -5.766920e-01
    outer loop
      vertex  1.472367e+04 -5.396496e+03  4.050925e+03
      vertex  1.471700e+04 -4.944029e+03  3.478520e+03
      vertex  1.503463e+04 -5.431898e+03  3.903526e+03
    endloop
  endfacet
  facet normal -3.539455e-01 -7.428191e-01 -5.682801e-01
    outer loop
      vertex  1.472367e+04 -5.396496e+03  4.050925e+03
      vertex  1.503463e+04 -5.431898e+03  3.903526e+03
      vertex  1.503686e+04 -5.555961e+03  4.064299e+03
    endloop
  endfacet
  facet normal -3.526171e-01 -7.432073e-01 -5.685982e-01
    outer loop
      vertex  1.503686e+04 -5.555961e+03  4.064299e+03
      vertex  1.503463e+04 -5.431898e+03  3.903526e+03
      vertex  1.534680e+04 -5.577988e+03  3.900882e+03
    endloop
  endfacet
  facet normal -3.482222e-01 -7.524946e-01 -5.590109e-01
    outer loop
      vertex  1.503686e+04 -5.555961e+03  4.064299e+03
      vertex  1.534680e+04 -5.577988e+03  3.900882e+03
      vertex  1.535077e+04 -5.780021e+03  4.170370e+03
    endloop
  endfacet
  facet normal -3.493637e-01 -7.521626e-01 -5.587453e-01
    outer loop
      vertex  1.535077e+04 -5.780021e+03  4.170370e+03
      vertex  1.534680e+04 -5.577988e+03  3.900882e+03
      vertex  1.550381e+04 -5.639643e+03  3.885707e+03
    endloop
  endfacet
  facet normal -3.436077e-01 -7.557785e-01 -5.574338e-01
    outer loop
      vertex  1.535077e+04 -5.780021e+03  4.170370e+03
      vertex  1.550381e+04 -5.639643e+03  3.885707e+03
      vertex  1.550686e+04 -5.799167e+03  4.100112e+03
    endloop
  endfacet
  facet normal -3.440781e-01 -7.556435e-01 -5.573267e-01
    outer loop
      vertex  1.550686e+04 -5.799167e+03  4.100112e+03
      vertex  1.550381e+04 -5.639643e+03  3.885707e+03
      vertex  1.566000e+04 -5.648598e+03  3.801423e+03
    endloop
  endfacet
  facet normal -3.431740e-01 -7.561923e-01 -5.571398e-01
    outer loop
      vertex  1.550686e+04 -5.799167e+03  4.100112e+03
      vertex  1.566000e+04 -5.648598e+03  3.801423e+03
      vertex  1.566292e+04 -5.816942e+03  4.028115e+03
    endloop
  endfacet
  facet normal -3.442727e-01 -7.558762e-01 -5.568908e-01
    outer loop
      vertex  1.566292e+04 -5.816942e+03  4.028115e+03
      vertex  1.566000e+04 -5.648598e+03  3.801423e+03
      vertex  1.581537e+04 -5.767895e+03  3.867293e+03
    endloop
  endfacet
  facet normal -3.382340e-01 -7.615201e-01 -5.528877e-01
    outer loop
      vertex  1.566292e+04 -5.816942e+03  4.028115e+03
      vertex  1.581537e+04 -5.767895e+03  3.867293e+03
      vertex  1.581756e+04 -5.886645e+03  4.029512e+03
    endloop
  endfacet
  facet normal -3.386318e-01 -7.614072e-01 -5.527996e-01
    outer loop
      vertex  1.581756e+04 -5.886645e+03  4.029512e+03
      vertex  1.581537e+04 -5.767895e+03  3.867293e+03
      vertex  1.597016e+04 -5.839617e+03  3.871263e+03
    endloop
  endfacet
  facet normal -3.335234e-01 -7.661844e-01 -5.492936e-01
    outer loop
      vertex  1.581756e+04 -5.886645e+03  4.029512e+03
      vertex  1.597016e+04 -5.839617e+03  3.871263e+03
      vertex  1.597266e+04 -5.970871e+03  4.052823e+03
    endloop
  endfacet
  facet normal -3.301307e-01 -7.671295e-01 -5.500236e-01
    outer loop
      vertex  1.597266e+04 -5.970871e+03  4.052823e+03
      vertex  1.597016e+04 -5.839617e+03  3.871263e+03
      vertex  1.622178e+04 -6.031864e+03  3.988367e+03
    endloop
  endfacet
  facet normal -3.290508e-01 -7.772852e-01 -5.362399e-01
    outer loop
      vertex  1.597266e+04 -5.970871e+03  4.052823e+03
      vertex  1.622178e+04 -6.031864e+03  3.988367e+03
      vertex  1.622438e+04 -6.144073e+03  4.149420e+03
    endloop
  endfacet
  facet normal -3.687429e-01 -7.353683e-01 -5.685614e-01
    outer loop
      vertex  1.471700e+04 -4.944029e+03  3.478520e+03
      vertex  1.503121e+04 -5.184240e+03  3.585426e+03
      vertex  1.503463e+04 -5.431898e+03  3.903526e+03
    endloop
  endfacet
  facet normal -3.581847e-01 -7.385640e-01 -5.711629e-01
    outer loop
      vertex  1.503463e+04 -5.431898e+03  3.903526e+03
      vertex  1.503121e+04 -5.184240e+03  3.585426e+03
      vertex  1.534401e+04 -5.373867e+03  3.634464e+03
    endloop
  endfacet
  facet normal -3.531701e-01 -7.444239e-01 -5.666603e-01
    outer loop
      vertex  1.503463e+04 -5.431898e+03  3.903526e+03
      vertex  1.534401e+04 -5.373867e+03  3.634464e+03
      vertex  1.534680e+04 -5.577988e+03  3.900882e+03
    endloop
  endfacet
  facet normal -3.535514e-01 -7.443115e-01 -5.665703e-01
    outer loop
      vertex  1.534680e+04 -5.577988e+03  3.900882e+03
      vertex  1.534401e+04 -5.373867e+03  3.634464e+03
      vertex  1.550166e+04 -5.483777e+03  3.680480e+03
    endloop
  endfacet
  facet normal -3.483846e-01 -7.482250e-01 -5.646127e-01
    outer loop
      vertex  1.534680e+04 -5.577988e+03  3.900882e+03
      vertex  1.550166e+04 -5.483777e+03  3.680480e+03
      vertex  1.550381e+04 -5.639643e+03  3.885707e+03
    endloop
  endfacet
  facet normal -3.470757e-01 -7.486050e-01 -5.649151e-01
    outer loop
      vertex  1.550381e+04 -5.639643e+03  3.885707e+03
      vertex  1.550166e+04 -5.483777e+03  3.680480e+03
      vertex  1.565839e+04 -5.505516e+03  3.612995e+03
    endloop
  endfacet
  facet normal -3.478431e-01 -7.481056e-01 -5.651044e-01
    outer loop
      vertex  1.550381e+04 -5.639643e+03  3.885707e+03
      vertex  1.565839e+04 -5.505516e+03  3.612995e+03
      vertex  1.566000e+04 -5.648598e+03  3.801423e+03
    endloop
  endfacet
  facet normal -3.449125e-01 -7.489554e-01 -5.657747e-01
    outer loop
      vertex  1.566000e+04 -5.648598e+03  3.801423e+03
      vertex  1.565839e+04 -5.505516e+03  3.612995e+03
      vertex  1.581375e+04 -5.647423e+03  3.706133e+03
    endloop
  endfacet
  facet normal -3.416092e-01 -7.544066e-01 -5.605119e-01
    outer loop
      vertex  1.566000e+04 -5.648598e+03  3.801423e+03
      vertex  1.581375e+04 -5.647423e+03  3.706133e+03
      vertex  1.581537e+04 -5.767895e+03  3.867293e+03
    endloop
  endfacet
  facet normal -3.399212e-01 -7.548887e-01 -5.608892e-01
    outer loop
      vertex  1.581537e+04 -5.767895e+03  3.867293e+03
      vertex  1.581375e+04 -5.647423e+03  3.706133e+03
      vertex  1.596842e+04 -5.705839e+03  3.691019e+03
    endloop
  endfacet
  facet normal -3.367292e-01 -7.576492e-01 -5.590895e-01
    outer loop
      vertex  1.581537e+04 -5.767895e+03  3.867293e+03
      vertex  1.596842e+04 -5.705839e+03  3.691019e+03
      vertex  1.597016e+04 -5.839617e+03  3.871263e+03
    endloop
  endfacet
  facet normal -3.338932e-01 -7.584468e-01 -5.597087e-01
    outer loop
      vertex  1.597016e+04 -5.839617e+03  3.871263e+03
      vertex  1.596842e+04 -5.705839e+03  3.691019e+03
      vertex  1.621838e+04 -5.789025e+03  3.654629e+03
    endloop
  endfacet
  facet normal -3.321749e-01 -7.603264e-01 -5.581788e-01
    outer loop
      vertex  1.597016e+04 -5.839617e+03  3.871263e+03
      vertex  1.621838e+04 -5.789025e+03  3.654629e+03
      vertex  1.621971e+04 -5.911697e+03  3.820936e+03
    endloop
  endfacet
  facet normal -3.475443e-01 -7.372880e-01 -5.793265e-01
    outer loop
      vertex  1.534312e+04 -4.948326e+03  3.087810e+03
      vertex  1.550305e+04 -4.857389e+03  2.876130e+03
      vertex  1.550019e+04 -5.169543e+03  3.275116e+03
    endloop
  endfacet
  facet normal -3.420561e-01 -7.388950e-01 -5.805444e-01
    outer loop
      vertex  1.550019e+04 -5.169543e+03  3.275116e+03
      vertex  1.550305e+04 -4.857389e+03  2.876130e+03
      vertex  1.565999e+04 -4.999498e+03  2.964533e+03
    endloop
  endfacet
  facet normal -3.467078e-01 -7.360601e-01 -5.813856e-01
    outer loop
      vertex  1.550019e+04 -5.169543e+03  3.275116e+03
      vertex  1.565999e+04 -4.999498e+03  2.964533e+03
      vertex  1.565783e+04 -5.216382e+03  3.240404e+03
    endloop
  endfacet
  facet normal -3.361167e-01 -7.391248e-01 -5.837123e-01
    outer loop
      vertex  1.565783e+04 -5.216382e+03  3.240404e+03
      vertex  1.565999e+04 -4.999498e+03  2.964533e+03
      vertex  1.581605e+04 -5.034538e+03  2.919038e+03
    endloop
  endfacet
  facet normal -3.424472e-01 -7.354083e-01 -5.847260e-01
    outer loop
      vertex  1.565783e+04 -5.216382e+03  3.240404e+03
      vertex  1.581605e+04 -5.034538e+03  2.919038e+03
      vertex  1.581322e+04 -5.239648e+03  3.178661e+03
    endloop
  endfacet
  facet normal -3.335298e-01 -7.379686e-01 -5.866516e-01
    outer loop
      vertex  1.581322e+04 -5.239648e+03  3.178661e+03
      vertex  1.581605e+04 -5.034538e+03  2.919038e+03
      vertex  1.597110e+04 -5.129704e+03  2.950599e+03
    endloop
  endfacet
  facet normal -3.354204e-01 -7.365959e-01 -5.872986e-01
    outer loop
      vertex  1.581322e+04 -5.239648e+03  3.178661e+03
      vertex  1.597110e+04 -5.129704e+03  2.950599e+03
      vertex  1.596830e+04 -5.323251e+03  3.194949e+03
    endloop
  endfacet
  facet normal -3.285045e-01 -7.385425e-01 -5.887612e-01
    outer loop
      vertex  1.596830e+04 -5.323251e+03  3.194949e+03
      vertex  1.597110e+04 -5.129704e+03  2.950599e+03
      vertex  1.622205e+04 -5.256667e+03  2.969844e+03
    endloop
  endfacet
  facet normal -3.274534e-01 -7.396835e-01 -5.879138e-01
    outer loop
      vertex  1.596830e+04 -5.323251e+03  3.194949e+03
      vertex  1.622205e+04 -5.256667e+03  2.969844e+03
      vertex  1.621815e+04 -5.543302e+03  3.332644e+03
    endloop
  endfacet
  facet normal -3.624492e-01 -7.603065e-01 -5.390404e-01
    outer loop
      vertex  1.440017e+04 -4.169658e+03  2.650864e+03
      vertex  1.471908e+04 -4.204235e+03  2.485200e+03
      vertex  1.471665e+04 -4.356606e+03  2.701743e+03
    endloop
  endfacet
  facet normal -3.472476e-01 -7.651058e-01 -5.422475e-01
    outer loop
      vertex  1.471665e+04 -4.356606e+03  2.701743e+03
      vertex  1.471908e+04 -4.204235e+03  2.485200e+03
      vertex  1.503471e+04 -4.386942e+03  2.540868e+03
    endloop
  endfacet
  facet normal -3.533939e-01 -7.516167e-01 -5.569425e-01
    outer loop
      vertex  1.471665e+04 -4.356606e+03  2.701743e+03
      vertex  1.503471e+04 -4.386942e+03  2.540868e+03
      vertex  1.503225e+04 -4.512745e+03  2.712208e+03
    endloop
  endfacet
  facet normal -3.392588e-01 -7.559206e-01 -5.598995e-01
    outer loop
      vertex  1.503225e+04 -4.512745e+03  2.712208e+03
      vertex  1.503471e+04 -4.386942e+03  2.540868e+03
      vertex  1.535004e+04 -4.536926e+03  2.552297e+03
    endloop
  endfacet
  facet normal -3.440967e-01 -7.452602e-01 -5.711257e-01
    outer loop
      vertex  1.503225e+04 -4.512745e+03  2.712208e+03
      vertex  1.535004e+04 -4.536926e+03  2.552297e+03
      vertex  1.534682e+04 -4.671365e+03  2.729663e+03
    endloop
  endfacet
  facet normal -3.314006e-01 -7.490026e-01 -5.737322e-01
    outer loop
      vertex  1.534682e+04 -4.671365e+03  2.729663e+03
      vertex  1.535004e+04 -4.536926e+03  2.552297e+03
      vertex  1.551040e+04 -4.558899e+03  2.488355e+03
    endloop
  endfacet
  facet normal -3.378090e-01 -7.444280e-01 -5.759443e-01
    outer loop
      vertex  1.534682e+04 -4.671365e+03  2.729663e+03
      vertex  1.551040e+04 -4.558899e+03  2.488355e+03
      vertex  1.550622e+04 -4.704382e+03  2.678847e+03
    endloop
  endfacet
  facet normal -3.273107e-01 -7.474822e-01 -5.780466e-01
    outer loop
      vertex  1.550622e+04 -4.704382e+03  2.678847e+03
      vertex  1.551040e+04 -4.558899e+03  2.488355e+03
      vertex  1.566803e+04 -4.665429e+03  2.536855e+03
    endloop
  endfacet
  facet normal -3.327893e-01 -7.414720e-01 -5.826409e-01
    outer loop
      vertex  1.550622e+04 -4.704382e+03  2.678847e+03
      vertex  1.566803e+04 -4.665429e+03  2.536855e+03
      vertex  1.566445e+04 -4.785359e+03  2.691520e+03
    endloop
  endfacet
  facet normal -3.237724e-01 -7.440501e-01 -5.844319e-01
    outer loop
      vertex  1.566445e+04 -4.785359e+03  2.691520e+03
      vertex  1.566803e+04 -4.665429e+03  2.536855e+03
      vertex  1.582502e+04 -4.711210e+03  2.508165e+03
    endloop
  endfacet
  facet normal -3.288784e-01 -7.396718e-01 -5.871326e-01
    outer loop
      vertex  1.566445e+04 -4.785359e+03  2.691520e+03
      vertex  1.582502e+04 -4.711210e+03  2.508165e+03
      vertex  1.582102e+04 -4.831503e+03  2.661951e+03
    endloop
  endfacet
  facet normal -3.194109e-01 -7.423476e-01 -5.889794e-01
    outer loop
      vertex  1.582102e+04 -4.831503e+03  2.661951e+03
      vertex  1.582502e+04 -4.711210e+03  2.508165e+03
      vertex  1.598222e+04 -4.755844e+03  2.479173e+03
    endloop
  endfacet
  facet normal -3.248814e-01 -7.376636e-01 -5.918651e-01
    outer loop
      vertex  1.582102e+04 -4.831503e+03  2.661951e+03
      vertex  1.598222e+04 -4.755844e+03  2.479173e+03
      vertex  1.597588e+04 -4.937085e+03  2.708540e+03
    endloop
  endfacet
  facet normal -3.153861e-01 -7.403101e-01 -5.936939e-01
    outer loop
      vertex  1.597588e+04 -4.937085e+03  2.708540e+03
      vertex  1.598222e+04 -4.755844e+03  2.479173e+03
      vertex  1.623423e+04 -4.875081e+03  2.493978e+03
    endloop
  endfacet
  facet normal -3.204947e-01 -7.344946e-01 -5.981646e-01
    outer loop
      vertex  1.597588e+04 -4.937085e+03  2.708540e+03
      vertex  1.623423e+04 -4.875081e+03  2.493978e+03
      vertex  1.622717e+04 -5.064923e+03  2.730872e+03
    endloop
  endfacet
  facet normal -4.909682e-02 -9.818414e-01 -1.832400e-01
    outer loop
      vertex  1.571444e+04 -7.747723e+03  8.160113e+03
      vertex  1.587345e+04 -7.745711e+03  8.106727e+03
      vertex  1.587359e+04 -7.768192e+03  8.227147e+03
    endloop
  endfacet
  facet normal -5.472559e-02 -9.815550e-01 -1.831801e-01
    outer loop
      vertex  1.587359e+04 -7.768192e+03  8.227147e+03
      vertex  1.587345e+04 -7.745711e+03  8.106727e+03
      vertex  1.603248e+04 -7.753589e+03  8.101430e+03
    endloop
  endfacet
  facet normal -4.805664e-02 -9.834010e-01 -1.749655e-01
    outer loop
      vertex  1.587359e+04 -7.768192e+03  8.227147e+03
      vertex  1.603248e+04 -7.753589e+03  8.101430e+03
      vertex  1.603262e+04 -7.775629e+03  8.225269e+03
    endloop
  endfacet
  facet normal -7.543179e-02 -9.724829e-01 -2.204246e-01
    outer loop
      vertex  1.571432e+04 -7.656832e+03  7.747896e+03
      vertex  1.587334e+04 -7.670146e+03  7.752220e+03
      vertex  1.587336e+04 -7.696690e+03  7.869321e+03
    endloop
  endfacet
  facet normal -7.690449e-02 -9.723733e-01 -2.203995e-01
    outer loop
      vertex  1.587336e+04 -7.696690e+03  7.869321e+03
      vertex  1.587334e+04 -7.670146e+03  7.752220e+03
      vertex  1.603233e+04 -7.679286e+03  7.737068e+03
    endloop
  endfacet
  facet normal -6.937788e-02 -9.748731e-01 -2.116814e-01
    outer loop
      vertex  1.587336e+04 -7.696690e+03  7.869321e+03
      vertex  1.603233e+04 -7.679286e+03  7.737068e+03
      vertex  1.603237e+04 -7.705573e+03  7.858115e+03
    endloop
  endfacet
  facet normal -2.896527e-01 -6.791837e-01 -6.743966e-01
    outer loop
      vertex  1.290827e+04 -4.882675e+03  4.423350e+03
      vertex  1.314674e+04 -4.908769e+03  4.347210e+03
      vertex  1.314868e+04 -5.087420e+03  4.526294e+03
    endloop
  endfacet
  facet normal -3.132164e-01 -6.740370e-01 -6.690063e-01
    outer loop
      vertex  1.314868e+04 -5.087420e+03  4.526294e+03
      vertex  1.314674e+04 -4.908769e+03  4.347210e+03
      vertex  1.330486e+04 -4.892136e+03  4.256420e+03
    endloop
  endfacet
  facet normal -2.870717e-01 -6.894436e-01 -6.650244e-01
    outer loop
      vertex  1.314868e+04 -5.087420e+03  4.526294e+03
      vertex  1.330486e+04 -4.892136e+03  4.256420e+03
      vertex  1.330824e+04 -5.175924e+03  4.549170e+03
    endloop
  endfacet
  facet normal -3.122564e-01 -6.839080e-01 -6.593677e-01
    outer loop
      vertex  1.330824e+04 -5.175924e+03  4.549170e+03
      vertex  1.330486e+04 -4.892136e+03  4.256420e+03
      vertex  1.346437e+04 -5.000802e+03  4.293592e+03
    endloop
  endfacet
  facet normal -2.909807e-01 -6.970215e-01 -6.553558e-01
    outer loop
      vertex  1.330824e+04 -5.175924e+03  4.549170e+03
      vertex  1.346437e+04 -5.000802e+03  4.293592e+03
      vertex  1.346745e+04 -5.251293e+03  4.558640e+03
    endloop
  endfacet
  facet normal -3.110516e-01 -6.925329e-01 -6.508803e-01
    outer loop
      vertex  1.346745e+04 -5.251293e+03  4.558640e+03
      vertex  1.346437e+04 -5.000802e+03  4.293592e+03
      vertex  1.378286e+04 -5.227521e+03  4.382615e+03
    endloop
  endfacet
  facet normal -3.006710e-01 -7.117139e-01 -6.348702e-01
    outer loop
      vertex  1.346745e+04 -5.251293e+03  4.558640e+03
      vertex  1.378286e+04 -5.227521e+03  4.382615e+03
      vertex  1.378620e+04 -5.485359e+03  4.670083e+03
    endloop
  endfacet
  facet normal -3.033848e-01 -7.110895e-01 -6.342787e-01
    outer loop
      vertex  1.378620e+04 -5.485359e+03  4.670083e+03
      vertex  1.378286e+04 -5.227521e+03  4.382615e+03
      vertex  1.410176e+04 -5.537842e+03  4.577983e+03
    endloop
  endfacet
  facet normal -3.006272e-01 -7.295533e-01 -6.143087e-01
    outer loop
      vertex  1.378620e+04 -5.485359e+03  4.670083e+03
      vertex  1.410176e+04 -5.537842e+03  4.577983e+03
      vertex  1.410354e+04 -5.663887e+03  4.726802e+03
    endloop
  endfacet
  facet normal -3.048714e-01 -7.285495e-01 -6.134077e-01
    outer loop
      vertex  1.410354e+04 -5.663887e+03  4.726802e+03
      vertex  1.410176e+04 -5.537842e+03  4.577983e+03
      vertex  1.441844e+04 -5.741136e+03  4.662042e+03
    endloop
  endfacet
  facet normal -3.047669e-01 -7.464681e-01 -5.915256e-01
    outer loop
      vertex  1.410354e+04 -5.663887e+03  4.726802e+03
      vertex  1.441844e+04 -5.741136e+03  4.662042e+03
      vertex  1.442033e+04 -5.855119e+03  4.804905e+03
    endloop
  endfacet
  facet normal -3.093076e-01 -7.453523e-01 -5.905750e-01
    outer loop
      vertex  1.442033e+04 -5.855119e+03  4.804905e+03
      vertex  1.441844e+04 -5.741136e+03  4.662042e+03
      vertex  1.473363e+04 -5.899469e+03  4.696791e+03
    endloop
  endfacet
  facet normal -3.046032e-01 -7.634596e-01 -5.695143e-01
    outer loop
      vertex  1.442033e+04 -5.855119e+03  4.804905e+03
      vertex  1.473363e+04 -5.899469e+03  4.696791e+03
      vertex  1.473640e+04 -6.036379e+03  4.878848e+03
    endloop
  endfacet
  facet normal -3.043244e-01 -7.635287e-01 -5.695705e-01
    outer loop
      vertex  1.473640e+04 -6.036379e+03  4.878848e+03
      vertex  1.473363e+04 -5.899469e+03  4.696791e+03
      vertex  1.504962e+04 -6.117177e+03  4.819801e+03
    endloop
  endfacet
  facet normal -3.042660e-01 -7.817035e-01 -5.443913e-01
    outer loop
      vertex  1.473640e+04 -6.036379e+03  4.878848e+03
      vertex  1.504962e+04 -6.117177e+03  4.819801e+03
      vertex  1.505209e+04 -6.217158e+03  4.961986e+03
    endloop
  endfacet
  facet normal -3.036497e-01 -7.818593e-01 -5.445116e-01
    outer loop
      vertex  1.505209e+04 -6.217158e+03  4.961986e+03
      vertex  1.504962e+04 -6.117177e+03  4.819801e+03
      vertex  1.536413e+04 -6.277683e+03  4.874881e+03
    endloop
  endfacet
  facet normal -3.004501e-01 -7.987052e-01 -5.213442e-01
    outer loop
      vertex  1.505209e+04 -6.217158e+03  4.961986e+03
      vertex  1.536413e+04 -6.277683e+03  4.874881e+03
      vertex  1.536703e+04 -6.373156e+03  5.019478e+03
    endloop
  endfacet
  facet normal -3.064334e-01 -7.971697e-01 -5.202106e-01
    outer loop
      vertex  1.536703e+04 -6.373156e+03  5.019478e+03
      vertex  1.536413e+04 -6.277683e+03  4.874881e+03
      vertex  1.552159e+04 -6.325233e+03  4.854999e+03
    endloop
  endfacet
  facet normal -2.972100e-01 -8.048037e-01 -5.137678e-01
    outer loop
      vertex  1.536703e+04 -6.373156e+03  5.019478e+03
      vertex  1.552159e+04 -6.325233e+03  4.854999e+03
      vertex  1.552436e+04 -6.408650e+03  4.984064e+03
    endloop
  endfacet
  facet normal -3.028969e-01 -8.033565e-01 -5.127103e-01
    outer loop
      vertex  1.552436e+04 -6.408650e+03  4.984064e+03
      vertex  1.552159e+04 -6.325233e+03  4.854999e+03
      vertex  1.568074e+04 -6.423257e+03  4.914566e+03
    endloop
  endfacet
  facet normal -2.978091e-01 -8.137800e-01 -4.990710e-01
    outer loop
      vertex  1.552436e+04 -6.408650e+03  4.984064e+03
      vertex  1.568074e+04 -6.423257e+03  4.914566e+03
      vertex  1.568380e+04 -6.506391e+03  5.048296e+03
    endloop
  endfacet
  facet normal -3.017902e-01 -8.127578e-01 -4.983445e-01
    outer loop
      vertex  1.568380e+04 -6.506391e+03  5.048296e+03
      vertex  1.568074e+04 -6.423257e+03  4.914566e+03
      vertex  1.583594e+04 -6.478374e+03  4.910470e+03
    endloop
  endfacet
  facet normal -2.932912e-01 -8.205726e-01 -4.905515e-01
    outer loop
      vertex  1.568380e+04 -6.506391e+03  5.048296e+03
      vertex  1.583594e+04 -6.478374e+03  4.910470e+03
      vertex  1.583910e+04 -6.557298e+03  5.040604e+03
    endloop
  endfacet
  facet normal -2.988738e-01 -8.191524e-01 -4.895547e-01
    outer loop
      vertex  1.583910e+04 -6.557298e+03  5.040604e+03
      vertex  1.583594e+04 -6.478374e+03  4.910470e+03
      vertex  1.599206e+04 -6.553411e+03  4.940714e+03
    endloop
  endfacet
  facet normal -2.884879e-01 -8.318425e-01 -4.741443e-01
    outer loop
      vertex  1.583910e+04 -6.557298e+03  5.040604e+03
      vertex  1.599206e+04 -6.553411e+03  4.940714e+03
      vertex  1.599828e+04 -6.694010e+03  5.183602e+03
    endloop
  endfacet
  facet normal -3.194765e-01 -7.927858e-01 -5.190621e-01
    outer loop
      vertex  1.582571e+04 -6.193043e+03  4.467810e+03
      vertex  1.598232e+04 -6.304994e+03  4.542410e+03
      vertex  1.582901e+04 -6.291877e+03  4.616732e+03
    endloop
  endfacet
  facet normal -3.136602e-01 -8.040627e-01 -5.050746e-01
    outer loop
      vertex  1.582901e+04 -6.291877e+03  4.616732e+03
      vertex  1.598232e+04 -6.304994e+03  4.542410e+03
      vertex  1.598705e+04 -6.431477e+03  4.740828e+03
    endloop
  endfacet
  facet normal -3.083871e-01 -8.027755e-01 -5.103419e-01
    outer loop
      vertex  1.582901e+04 -6.291877e+03  4.616732e+03
      vertex  1.598705e+04 -6.431477e+03  4.740828e+03
      vertex  1.583242e+04 -6.386283e+03  4.763178e+03
    endloop
  endfacet
  facet normal -3.090600e-01 -8.153299e-01 -4.896111e-01
    outer loop
      vertex  1.583242e+04 -6.386283e+03  4.763178e+03
      vertex  1.598705e+04 -6.431477e+03  4.740828e+03
      vertex  1.599206e+04 -6.553411e+03  4.940714e+03
    endloop
  endfacet
  facet normal -2.938694e-01 -8.136197e-01 -5.016611e-01
    outer loop
      vertex  1.583242e+04 -6.386283e+03  4.763178e+03
      vertex  1.599206e+04 -6.553411e+03  4.940714e+03
      vertex  1.583594e+04 -6.478374e+03  4.910470e+03
    endloop
  endfacet
  facet normal -3.323400e-01 -7.776451e-01 -5.336838e-01
    outer loop
      vertex  1.551060e+04 -5.956066e+03  4.316482e+03
      vertex  1.566675e+04 -5.981936e+03  4.256938e+03
      vertex  1.567193e+04 -6.163199e+03  4.517836e+03
    endloop
  endfacet
  facet normal -3.340332e-01 -7.771693e-01 -5.333196e-01
    outer loop
      vertex  1.567193e+04 -6.163199e+03  4.517836e+03
      vertex  1.566675e+04 -5.981936e+03  4.256938e+03
      vertex  1.582266e+04 -6.092057e+03  4.319759e+03
    endloop
  endfacet
  facet normal -3.241846e-01 -7.846007e-01 -5.284942e-01
    outer loop
      vertex  1.567193e+04 -6.163199e+03  4.517836e+03
      vertex  1.582266e+04 -6.092057e+03  4.319759e+03
      vertex  1.582571e+04 -6.193043e+03  4.467810e+03
    endloop
  endfacet
  facet normal -3.272904e-01 -7.837462e-01 -5.278472e-01
    outer loop
      vertex  1.582571e+04 -6.193043e+03  4.467810e+03
      vertex  1.582266e+04 -6.092057e+03  4.319759e+03
      vertex  1.597801e+04 -6.174244e+03  4.345464e+03
    endloop
  endfacet
  facet normal -3.193099e-01 -7.927041e-01 -5.192893e-01
    outer loop
      vertex  1.582571e+04 -6.193043e+03  4.467810e+03
      vertex  1.597801e+04 -6.174244e+03  4.345464e+03
      vertex  1.598232e+04 -6.304994e+03  4.542410e+03
    endloop
  endfacet
  facet normal -3.404222e-01 -7.639882e-01 -5.481192e-01
    outer loop
      vertex  1.535077e+04 -5.780021e+03  4.170370e+03
      vertex  1.550686e+04 -5.799167e+03  4.100112e+03
      vertex  1.551060e+04 -5.956066e+03  4.316482e+03
    endloop
  endfacet
  facet normal -3.399626e-01 -7.641191e-01 -5.482221e-01
    outer loop
      vertex  1.551060e+04 -5.956066e+03  4.316482e+03
      vertex  1.550686e+04 -5.799167e+03  4.100112e+03
      vertex  1.566292e+04 -5.816942e+03  4.028115e+03
    endloop
  endfacet
  facet normal -3.356922e-01 -7.667201e-01 -5.472213e-01
    outer loop
      vertex  1.551060e+04 -5.956066e+03  4.316482e+03
      vertex  1.566292e+04 -5.816942e+03  4.028115e+03
      vertex  1.566675e+04 -5.981936e+03  4.256938e+03
    endloop
  endfacet
  facet normal -3.400777e-01 -7.654777e-01 -5.462520e-01
    outer loop
      vertex  1.566675e+04 -5.981936e+03  4.256938e+03
      vertex  1.566292e+04 -5.816942e+03  4.028115e+03
      vertex  1.581756e+04 -5.886645e+03  4.029512e+03
    endloop
  endfacet
  facet normal -3.281910e-01 -7.737579e-01 -5.418389e-01
    outer loop
      vertex  1.566675e+04 -5.981936e+03  4.256938e+03
      vertex  1.581756e+04 -5.886645e+03  4.029512e+03
      vertex  1.582266e+04 -6.092057e+03  4.319759e+03
    endloop
  endfacet
  facet normal -3.376278e-01 -7.711159e-01 -5.398034e-01
    outer loop
      vertex  1.582266e+04 -6.092057e+03  4.319759e+03
      vertex  1.581756e+04 -5.886645e+03  4.029512e+03
      vertex  1.597266e+04 -5.970871e+03  4.052823e+03
    endloop
  endfacet
  facet normal -3.339346e-01 -7.734355e-01 -5.387812e-01
    outer loop
      vertex  1.582266e+04 -6.092057e+03  4.319759e+03
      vertex  1.597266e+04 -5.970871e+03  4.052823e+03
      vertex  1.597515e+04 -6.073582e+03  4.198726e+03
    endloop
  endfacet
  facet normal -3.383506e-01 -7.481822e-01 -5.707384e-01
    outer loop
      vertex  1.581375e+04 -5.647423e+03  3.706133e+03
      vertex  1.581250e+04 -5.444596e+03  3.440989e+03
      vertex  1.596842e+04 -5.705839e+03  3.691019e+03
    endloop
  endfacet
  facet normal -3.413462e-01 -7.482166e-01 -5.689064e-01
    outer loop
      vertex  1.596842e+04 -5.705839e+03  3.691019e+03
      vertex  1.581250e+04 -5.444596e+03  3.440989e+03
      vertex  1.596744e+04 -5.515844e+03  3.441729e+03
    endloop
  endfacet
  facet normal -3.380545e-01 -7.411736e-01 -5.799834e-01
    outer loop
      vertex  1.581250e+04 -5.444596e+03  3.440989e+03
      vertex  1.581322e+04 -5.239648e+03  3.178661e+03
      vertex  1.596744e+04 -5.515844e+03  3.441729e+03
    endloop
  endfacet
  facet normal -3.386964e-01 -7.411743e-01 -5.796079e-01
    outer loop
      vertex  1.596744e+04 -5.515844e+03  3.441729e+03
      vertex  1.581322e+04 -5.239648e+03  3.178661e+03
      vertex  1.596830e+04 -5.323251e+03  3.194949e+03
    endloop
  endfacet
  facet normal -3.207389e-01 -7.548063e-01 -5.721833e-01
    outer loop
      vertex  1.551560e+04 -4.417674e+03  2.299039e+03
      vertex  1.567925e+04 -4.391238e+03  2.172434e+03
      vertex  1.567230e+04 -4.547894e+03  2.382981e+03
    endloop
  endfacet
  facet normal -3.106672e-01 -7.576560e-01 -5.739714e-01
    outer loop
      vertex  1.567230e+04 -4.547894e+03  2.382981e+03
      vertex  1.567925e+04 -4.391238e+03  2.172434e+03
      vertex  1.583466e+04 -4.486708e+03  2.214340e+03
    endloop
  endfacet
  facet normal -3.183676e-01 -7.507061e-01 -5.788631e-01
    outer loop
      vertex  1.567230e+04 -4.547894e+03  2.382981e+03
      vertex  1.583466e+04 -4.486708e+03  2.214340e+03
      vertex  1.582973e+04 -4.593194e+03  2.355147e+03
    endloop
  endfacet
  facet normal -3.098288e-01 -7.531049e-01 -5.803784e-01
    outer loop
      vertex  1.582973e+04 -4.593194e+03  2.355147e+03
      vertex  1.583466e+04 -4.486708e+03  2.214340e+03
      vertex  1.599157e+04 -4.551208e+03  2.214272e+03
    endloop
  endfacet
  facet normal -3.152376e-01 -7.473566e-01 -5.848789e-01
    outer loop
      vertex  1.582973e+04 -4.593194e+03  2.355147e+03
      vertex  1.599157e+04 -4.551208e+03  2.214272e+03
      vertex  1.598599e+04 -4.666919e+03  2.365131e+03
    endloop
  endfacet
  facet normal -1.045802e-01 -9.554551e-01 -2.759865e-01
    outer loop
      vertex  1.603186e+04 -7.592171e+03  7.380492e+03
      vertex  1.587308e+04 -7.582359e+03  7.406692e+03
      vertex  1.587252e+04 -7.517015e+03  7.180687e+03
    endloop
  endfacet
  facet normal -9.989083e-02 -9.559150e-01 -2.761311e-01
    outer loop
      vertex  1.587252e+04 -7.517015e+03  7.180687e+03
      vertex  1.587308e+04 -7.582359e+03  7.406692e+03
      vertex  1.571414e+04 -7.548981e+03  7.348644e+03
    endloop
  endfacet
  facet normal -1.160198e-01 -9.499079e-01 -2.901974e-01
    outer loop
      vertex  1.587252e+04 -7.517015e+03  7.180687e+03
      vertex  1.571414e+04 -7.548981e+03  7.348644e+03
      vertex  1.571383e+04 -7.501126e+03  7.192120e+03
    endloop
  endfacet
  facet normal -1.009365e-01 -9.514737e-01 -2.907053e-01
    outer loop
      vertex  1.571383e+04 -7.501126e+03  7.192120e+03
      vertex  1.571414e+04 -7.548981e+03  7.348644e+03
      vertex  1.555263e+04 -7.535114e+03  7.359333e+03
    endloop
  endfacet
  facet normal -1.125872e-01 -9.469491e-01 -3.010175e-01
    outer loop
      vertex  1.571383e+04 -7.501126e+03  7.192120e+03
      vertex  1.555263e+04 -7.535114e+03  7.359333e+03
      vertex  1.555246e+04 -7.486252e+03  7.205686e+03
    endloop
  endfacet
  facet normal -1.423723e-01 -9.355283e-01 -3.232909e-01
    outer loop
      vertex  1.602967e+04 -7.456150e+03  6.916916e+03
      vertex  1.587150e+04 -7.446198e+03  6.957772e+03
      vertex  1.586994e+04 -7.369898e+03  6.737665e+03
    endloop
  endfacet
  facet normal -1.371373e-01 -9.362150e-01 -3.235660e-01
    outer loop
      vertex  1.586994e+04 -7.369898e+03  6.737665e+03
      vertex  1.587150e+04 -7.446198e+03  6.957772e+03
      vertex  1.571262e+04 -7.397399e+03  6.883913e+03
    endloop
  endfacet
  facet normal -1.519967e-01 -9.287387e-01 -3.381443e-01
    outer loop
      vertex  1.586994e+04 -7.369898e+03  6.737665e+03
      vertex  1.571262e+04 -7.397399e+03  6.883913e+03
      vertex  1.571192e+04 -7.355765e+03  6.769873e+03
    endloop
  endfacet
  facet normal -1.378874e-01 -9.306526e-01 -3.389291e-01
    outer loop
      vertex  1.571192e+04 -7.355765e+03  6.769873e+03
      vertex  1.571262e+04 -7.397399e+03  6.883913e+03
      vertex  1.555161e+04 -7.380682e+03  6.903513e+03
    endloop
  endfacet
  facet normal -1.474037e-01 -9.253247e-01 -3.493516e-01
    outer loop
      vertex  1.571192e+04 -7.355765e+03  6.769873e+03
      vertex  1.555161e+04 -7.380682e+03  6.903513e+03
      vertex  1.555109e+04 -7.338435e+03  6.791835e+03
    endloop
  endfacet
  facet normal -1.328583e-01 -9.272276e-01 -3.501394e-01
    outer loop
      vertex  1.555109e+04 -7.338435e+03  6.791835e+03
      vertex  1.555161e+04 -7.380682e+03  6.903513e+03
      vertex  1.539061e+04 -7.382050e+03  6.968228e+03
    endloop
  endfacet
  facet normal -1.450822e-01 -9.216489e-01 -3.598813e-01
    outer loop
      vertex  1.555109e+04 -7.338435e+03  6.791835e+03
      vertex  1.539061e+04 -7.382050e+03  6.968228e+03
      vertex  1.538996e+04 -7.306230e+03  6.774313e+03
    endloop
  endfacet
  facet normal -2.801733e-01 -8.302430e-01 -4.818708e-01
    outer loop
      vertex  1.599828e+04 -6.694010e+03  5.183602e+03
      vertex  1.584227e+04 -6.634286e+03  5.171408e+03
      vertex  1.583910e+04 -6.557298e+03  5.040604e+03
    endloop
  endfacet
  facet normal -2.835147e-01 -8.294321e-01 -4.813126e-01
    outer loop
      vertex  1.583910e+04 -6.557298e+03  5.040604e+03
      vertex  1.584227e+04 -6.634286e+03  5.171408e+03
      vertex  1.568787e+04 -6.614237e+03  5.227804e+03
    endloop
  endfacet
  facet normal -2.937047e-01 -8.223133e-01 -4.873790e-01
    outer loop
      vertex  1.583910e+04 -6.557298e+03  5.040604e+03
      vertex  1.568787e+04 -6.614237e+03  5.227804e+03
      vertex  1.568380e+04 -6.506391e+03  5.048296e+03
    endloop
  endfacet
  facet normal -2.883394e-01 -8.236592e-01 -4.883093e-01
    outer loop
      vertex  1.568380e+04 -6.506391e+03  5.048296e+03
      vertex  1.568787e+04 -6.614237e+03  5.227804e+03
      vertex  1.552713e+04 -6.490441e+03  5.113905e+03
    endloop
  endfacet
  facet normal -2.940648e-01 -8.115233e-01 -5.049314e-01
    outer loop
      vertex  1.568380e+04 -6.506391e+03  5.048296e+03
      vertex  1.552713e+04 -6.490441e+03  5.113905e+03
      vertex  1.552436e+04 -6.408650e+03  4.984064e+03
    endloop
  endfacet
  facet normal -2.875228e-01 -8.131433e-01 -5.060916e-01
    outer loop
      vertex  1.552436e+04 -6.408650e+03  4.984064e+03
      vertex  1.552713e+04 -6.490441e+03  5.113905e+03
      vertex  1.536986e+04 -6.465458e+03  5.163115e+03
    endloop
  endfacet
  facet normal -2.970812e-01 -8.059420e-01 -5.120548e-01
    outer loop
      vertex  1.552436e+04 -6.408650e+03  4.984064e+03
      vertex  1.536986e+04 -6.465458e+03  5.163115e+03
      vertex  1.536703e+04 -6.373156e+03  5.019478e+03
    endloop
  endfacet
  facet normal -2.855664e-01 -8.087900e-01 -5.141115e-01
    outer loop
      vertex  1.536703e+04 -6.373156e+03  5.019478e+03
      vertex  1.536986e+04 -6.465458e+03  5.163115e+03
      vertex  1.505530e+04 -6.348245e+03  5.153443e+03
    endloop
  endfacet
  facet normal -2.938324e-01 -7.909880e-01 -5.366567e-01
    outer loop
      vertex  1.536703e+04 -6.373156e+03  5.019478e+03
      vertex  1.505530e+04 -6.348245e+03  5.153443e+03
      vertex  1.505209e+04 -6.217158e+03  4.961986e+03
    endloop
  endfacet
  facet normal -2.901440e-01 -7.918886e-01 -5.373351e-01
    outer loop
      vertex  1.505209e+04 -6.217158e+03  4.961986e+03
      vertex  1.505530e+04 -6.348245e+03  5.153443e+03
      vertex  1.473880e+04 -6.159675e+03  5.046437e+03
    endloop
  endfacet
  facet normal -2.936135e-01 -7.720006e-01 -5.637430e-01
    outer loop
      vertex  1.505209e+04 -6.217158e+03  4.961986e+03
      vertex  1.473880e+04 -6.159675e+03  5.046437e+03
      vertex  1.473640e+04 -6.036379e+03  4.878848e+03
    endloop
  endfacet
  facet normal -2.925855e-01 -7.722475e-01 -5.639395e-01
    outer loop
      vertex  1.473640e+04 -6.036379e+03  4.878848e+03
      vertex  1.473880e+04 -6.159675e+03  5.046437e+03
      vertex  1.442213e+04 -5.968798e+03  4.949354e+03
    endloop
  endfacet
  facet normal -2.940075e-01 -7.528716e-01 -5.888498e-01
    outer loop
      vertex  1.473640e+04 -6.036379e+03  4.878848e+03
      vertex  1.442213e+04 -5.968798e+03  4.949354e+03
      vertex  1.442033e+04 -5.855119e+03  4.804905e+03
    endloop
  endfacet
  facet normal -2.907987e-01 -7.536233e-01 -5.894812e-01
    outer loop
      vertex  1.442033e+04 -5.855119e+03  4.804905e+03
      vertex  1.442213e+04 -5.968798e+03  4.949354e+03
      vertex  1.410518e+04 -5.790345e+03  4.877564e+03
    endloop
  endfacet
  facet normal -2.921865e-01 -7.342901e-01 -6.127359e-01
    outer loop
      vertex  1.442033e+04 -5.855119e+03  4.804905e+03
      vertex  1.410518e+04 -5.790345e+03  4.877564e+03
      vertex  1.410354e+04 -5.663887e+03  4.726802e+03
    endloop
  endfacet
  facet normal -2.861069e-01 -7.356646e-01 -6.139548e-01
    outer loop
      vertex  1.410354e+04 -5.663887e+03  4.726802e+03
      vertex  1.410518e+04 -5.790345e+03  4.877564e+03
      vertex  1.378762e+04 -5.616166e+03  4.816843e+03
    endloop
  endfacet
  facet normal -2.892381e-01 -7.159981e-01 -6.353645e-01
    outer loop
      vertex  1.410354e+04 -5.663887e+03  4.726802e+03
      vertex  1.378762e+04 -5.616166e+03  4.816843e+03
      vertex  1.378620e+04 -5.485359e+03  4.670083e+03
    endloop
  endfacet
  facet normal -2.720328e-01 -7.196712e-01 -6.388048e-01
    outer loop
      vertex  1.378620e+04 -5.485359e+03  4.670083e+03
      vertex  1.378762e+04 -5.616166e+03  4.816843e+03
      vertex  1.346985e+04 -5.508961e+03  4.831386e+03
    endloop
  endfacet
  facet normal -2.830618e-01 -6.984258e-01 -6.573259e-01
    outer loop
      vertex  1.378620e+04 -5.485359e+03  4.670083e+03
      vertex  1.346985e+04 -5.508961e+03  4.831386e+03
      vertex  1.346745e+04 -5.251293e+03  4.558640e+03
    endloop
  endfacet
  facet normal -3.277979e-01 -7.211179e-01 -6.103586e-01
    outer loop
      vertex  1.378286e+04 -5.227521e+03  4.382615e+03
      vertex  1.409896e+04 -5.355693e+03  4.364283e+03
      vertex  1.410176e+04 -5.537842e+03  4.577983e+03
    endloop
  endfacet
  facet normal -3.195257e-01 -7.232183e-01 -6.122571e-01
    outer loop
      vertex  1.410176e+04 -5.537842e+03  4.577983e+03
      vertex  1.409896e+04 -5.355693e+03  4.364283e+03
      vertex  1.441606e+04 -5.603718e+03  4.491771e+03
    endloop
  endfacet
  facet normal -3.177125e-01 -7.400320e-01 -5.927997e-01
    outer loop
      vertex  1.410176e+04 -5.537842e+03  4.577983e+03
      vertex  1.441606e+04 -5.603718e+03  4.491771e+03
      vertex  1.441844e+04 -5.741136e+03  4.662042e+03
    endloop
  endfacet
  facet normal -3.233135e-01 -7.385952e-01 -5.915618e-01
    outer loop
      vertex  1.441844e+04 -5.741136e+03  4.662042e+03
      vertex  1.441606e+04 -5.603718e+03  4.491771e+03
      vertex  1.473082e+04 -5.761571e+03  4.516829e+03
    endloop
  endfacet
  facet normal -3.162028e-01 -7.554183e-01 -5.738980e-01
    outer loop
      vertex  1.441844e+04 -5.741136e+03  4.662042e+03
      vertex  1.473082e+04 -5.761571e+03  4.516829e+03
      vertex  1.473363e+04 -5.899469e+03  4.696791e+03
    endloop
  endfacet
  facet normal -3.139603e-01 -7.559925e-01 -5.743729e-01
    outer loop
      vertex  1.473363e+04 -5.899469e+03  4.696791e+03
      vertex  1.473082e+04 -5.761571e+03  4.516829e+03
      vertex  1.504714e+04 -6.015962e+03  4.678755e+03
    endloop
  endfacet
  facet normal -3.187183e-01 -7.727408e-01 -5.488992e-01
    outer loop
      vertex  1.473363e+04 -5.899469e+03  4.696791e+03
      vertex  1.504714e+04 -6.015962e+03  4.678755e+03
      vertex  1.504962e+04 -6.117177e+03  4.819801e+03
    endloop
  endfacet
  facet normal -3.133953e-01 -7.741373e-01 -5.499952e-01
    outer loop
      vertex  1.504962e+04 -6.117177e+03  4.819801e+03
      vertex  1.504714e+04 -6.015962e+03  4.678755e+03
      vertex  1.536125e+04 -6.180461e+03  4.731307e+03
    endloop
  endfacet
  facet normal -3.105582e-01 -7.899655e-01 -5.286853e-01
    outer loop
      vertex  1.504962e+04 -6.117177e+03  4.819801e+03
      vertex  1.536125e+04 -6.180461e+03  4.731307e+03
      vertex  1.536413e+04 -6.277683e+03  4.874881e+03
    endloop
  endfacet
  facet normal -3.151385e-01 -7.887587e-01 -5.277760e-01
    outer loop
      vertex  1.536413e+04 -6.277683e+03  4.874881e+03
      vertex  1.536125e+04 -6.180461e+03  4.731307e+03
      vertex  1.551869e+04 -6.235236e+03  4.719160e+03
    endloop
  endfacet
  facet normal -3.063706e-01 -7.965490e-01 -5.211974e-01
    outer loop
      vertex  1.536413e+04 -6.277683e+03  4.874881e+03
      vertex  1.551869e+04 -6.235236e+03  4.719160e+03
      vertex  1.552159e+04 -6.325233e+03  4.854999e+03
    endloop
  endfacet
  facet normal -3.111191e-01 -7.953103e-01 -5.202754e-01
    outer loop
      vertex  1.552159e+04 -6.325233e+03  4.854999e+03
      vertex  1.551869e+04 -6.235236e+03  4.719160e+03
      vertex  1.567772e+04 -6.338287e+03  4.781589e+03
    endloop
  endfacet
  facet normal -3.060293e-01 -8.053737e-01 -5.076606e-01
    outer loop
      vertex  1.552159e+04 -6.325233e+03  4.854999e+03
      vertex  1.567772e+04 -6.338287e+03  4.781589e+03
      vertex  1.568074e+04 -6.423257e+03  4.914566e+03
    endloop
  endfacet
  facet normal -3.098886e-01 -8.043604e-01 -5.069254e-01
    outer loop
      vertex  1.568074e+04 -6.423257e+03  4.914566e+03
      vertex  1.567772e+04 -6.338287e+03  4.781589e+03
      vertex  1.583242e+04 -6.386283e+03  4.763178e+03
    endloop
  endfacet
  facet normal -3.014629e-01 -8.116929e-01 -5.002747e-01
    outer loop
      vertex  1.568074e+04 -6.423257e+03  4.914566e+03
      vertex  1.583242e+04 -6.386283e+03  4.763178e+03
      vertex  1.583594e+04 -6.478374e+03  4.910470e+03
    endloop
  endfacet
  facet normal -3.308536e-01 -7.639928e-01 -5.539412e-01
    outer loop
      vertex  1.473082e+04 -5.761571e+03  4.516829e+03
      vertex  1.504386e+04 -5.879403e+03  4.492371e+03
      vertex  1.504714e+04 -6.015962e+03  4.678755e+03
    endloop
  endfacet
  facet normal -3.302741e-01 -7.641517e-01 -5.540678e-01
    outer loop
      vertex  1.504714e+04 -6.015962e+03  4.678755e+03
      vertex  1.504386e+04 -5.879403e+03  4.492371e+03
      vertex  1.535572e+04 -5.982768e+03  4.449029e+03
    endloop
  endfacet
  facet normal -3.179307e-01 -7.795108e-01 -5.397064e-01
    outer loop
      vertex  1.504714e+04 -6.015962e+03  4.678755e+03
      vertex  1.535572e+04 -5.982768e+03  4.449029e+03
      vertex  1.536125e+04 -6.180461e+03  4.731307e+03
    endloop
  endfacet
  facet normal -3.268115e-01 -7.771145e-01 -5.378543e-01
    outer loop
      vertex  1.536125e+04 -6.180461e+03  4.731307e+03
      vertex  1.535572e+04 -5.982768e+03  4.449029e+03
      vertex  1.551586e+04 -6.143627e+03  4.584142e+03
    endloop
  endfacet
  facet normal -3.150617e-01 -7.884132e-01 -5.283379e-01
    outer loop
      vertex  1.536125e+04 -6.180461e+03  4.731307e+03
      vertex  1.551586e+04 -6.143627e+03  4.584142e+03
      vertex  1.551869e+04 -6.235236e+03  4.719160e+03
    endloop
  endfacet
  facet normal -3.224507e-01 -7.864280e-01 -5.268363e-01
    outer loop
      vertex  1.551869e+04 -6.235236e+03  4.719160e+03
      vertex  1.551586e+04 -6.143627e+03  4.584142e+03
      vertex  1.567193e+04 -6.163199e+03  4.517836e+03
    endloop
  endfacet
  facet normal -3.106763e-01 -7.950385e-01 -5.209550e-01
    outer loop
      vertex  1.551869e+04 -6.235236e+03  4.719160e+03
      vertex  1.567193e+04 -6.163199e+03  4.517836e+03
      vertex  1.567772e+04 -6.338287e+03  4.781589e+03
    endloop
  endfacet
  facet normal -3.222101e-01 -7.919484e-01 -5.186505e-01
    outer loop
      vertex  1.567772e+04 -6.338287e+03  4.781589e+03
      vertex  1.567193e+04 -6.163199e+03  4.517836e+03
      vertex  1.582901e+04 -6.291877e+03  4.616732e+03
    endloop
  endfacet
  facet normal -3.096696e-01 -8.024387e-01 -5.100949e-01
    outer loop
      vertex  1.567772e+04 -6.338287e+03  4.781589e+03
      vertex  1.582901e+04 -6.291877e+03  4.616732e+03
      vertex  1.583242e+04 -6.386283e+03  4.763178e+03
    endloop
  endfacet
  facet normal -1.135286e-01 -9.410306e-01 -3.187047e-01
    outer loop
      vertex  1.555246e+04 -7.486252e+03  7.205686e+03
      vertex  1.555213e+04 -7.434765e+03  7.053779e+03
      vertex  1.571383e+04 -7.501126e+03  7.192120e+03
    endloop
  endfacet
  facet normal -1.241708e-01 -9.434377e-01 -3.074197e-01
    outer loop
      vertex  1.571383e+04 -7.501126e+03  7.192120e+03
      vertex  1.555213e+04 -7.434765e+03  7.053779e+03
      vertex  1.571334e+04 -7.450595e+03  7.037244e+03
    endloop
  endfacet
  facet normal -1.260856e-01 -9.335415e-01 -3.355631e-01
    outer loop
      vertex  1.555213e+04 -7.434765e+03  7.053779e+03
      vertex  1.555161e+04 -7.380682e+03  6.903513e+03
      vertex  1.571334e+04 -7.450595e+03  7.037244e+03
    endloop
  endfacet
  facet normal -1.366498e-01 -9.360940e-01 -3.241215e-01
    outer loop
      vertex  1.571334e+04 -7.450595e+03  7.037244e+03
      vertex  1.555161e+04 -7.380682e+03  6.903513e+03
      vertex  1.571262e+04 -7.397399e+03  6.883913e+03
    endloop
  endfacet
  facet normal -1.540787e-01 -9.237901e-01 -3.505304e-01
    outer loop
      vertex  1.586994e+04 -7.369898e+03  6.737665e+03
      vertex  1.571192e+04 -7.355765e+03  6.769873e+03
      vertex  1.571108e+04 -7.312649e+03  6.656615e+03
    endloop
  endfacet
  facet normal -1.475520e-01 -9.247047e-01 -3.509269e-01
    outer loop
      vertex  1.571108e+04 -7.312649e+03  6.656615e+03
      vertex  1.571192e+04 -7.355765e+03  6.769873e+03
      vertex  1.555109e+04 -7.338435e+03  6.791835e+03
    endloop
  endfacet
  facet normal -1.571662e-01 -9.191324e-01 -3.612403e-01
    outer loop
      vertex  1.571108e+04 -7.312649e+03  6.656615e+03
      vertex  1.555109e+04 -7.338435e+03  6.791835e+03
      vertex  1.555044e+04 -7.294761e+03  6.680993e+03
    endloop
  endfacet
  facet normal -1.446977e-01 -9.208788e-01 -3.620011e-01
    outer loop
      vertex  1.555044e+04 -7.294761e+03  6.680993e+03
      vertex  1.555109e+04 -7.338435e+03  6.791835e+03
      vertex  1.538996e+04 -7.306230e+03  6.774313e+03
    endloop
  endfacet
  facet normal -1.565140e-01 -9.111776e-01 -3.811282e-01
    outer loop
      vertex  1.555044e+04 -7.294761e+03  6.680993e+03
      vertex  1.538996e+04 -7.306230e+03  6.774313e+03
      vertex  1.538899e+04 -7.226096e+03  6.583135e+03
    endloop
  endfacet
  facet normal -2.090054e-01 -8.573138e-01 -4.704569e-01
    outer loop
      vertex  1.474811e+04 -6.767471e+03  5.953448e+03
      vertex  1.506572e+04 -6.839659e+03  5.943893e+03
      vertex  1.506747e+04 -6.952429e+03  6.148618e+03
    endloop
  endfacet
  facet normal -2.009431e-01 -8.587639e-01 -4.713244e-01
    outer loop
      vertex  1.506747e+04 -6.952429e+03  6.148618e+03
      vertex  1.506572e+04 -6.839659e+03  5.943893e+03
      vertex  1.538470e+04 -6.996132e+03  6.093000e+03
    endloop
  endfacet
  facet normal -1.972337e-01 -8.788797e-01 -4.343609e-01
    outer loop
      vertex  1.506747e+04 -6.952429e+03  6.148618e+03
      vertex  1.538470e+04 -6.996132e+03  6.093000e+03
      vertex  1.538594e+04 -7.053377e+03  6.208262e+03
    endloop
  endfacet
  facet normal -2.080914e-01 -8.769137e-01 -4.332670e-01
    outer loop
      vertex  1.538594e+04 -7.053377e+03  6.208262e+03
      vertex  1.538470e+04 -6.996132e+03  6.093000e+03
      vertex  1.554405e+04 -7.011148e+03  6.046856e+03
    endloop
  endfacet
  facet normal -1.931910e-01 -8.862005e-01 -4.211009e-01
    outer loop
      vertex  1.538594e+04 -7.053377e+03  6.208262e+03
      vertex  1.554405e+04 -7.011148e+03  6.046856e+03
      vertex  1.554664e+04 -7.109665e+03  6.252994e+03
    endloop
  endfacet
  facet normal -2.817622e-01 -8.216768e-01 -4.954366e-01
    outer loop
      vertex  1.568787e+04 -6.614237e+03  5.227804e+03
      vertex  1.553077e+04 -6.596825e+03  5.288273e+03
      vertex  1.552713e+04 -6.490441e+03  5.113905e+03
    endloop
  endfacet
  facet normal -2.749949e-01 -8.232890e-01 -4.965614e-01
    outer loop
      vertex  1.552713e+04 -6.490441e+03  5.113905e+03
      vertex  1.553077e+04 -6.596825e+03  5.288273e+03
      vertex  1.537261e+04 -6.555794e+03  5.307830e+03
    endloop
  endfacet
  facet normal -2.869605e-01 -8.150588e-01 -5.033218e-01
    outer loop
      vertex  1.552713e+04 -6.490441e+03  5.113905e+03
      vertex  1.537261e+04 -6.555794e+03  5.307830e+03
      vertex  1.536986e+04 -6.465458e+03  5.163115e+03
    endloop
  endfacet
  facet normal -2.702199e-01 -8.190361e-01 -5.061236e-01
    outer loop
      vertex  1.536986e+04 -6.465458e+03  5.163115e+03
      vertex  1.537261e+04 -6.555794e+03  5.307830e+03
      vertex  1.505833e+04 -6.476422e+03  5.347186e+03
    endloop
  endfacet
  facet normal -2.826709e-01 -8.020157e-01 -5.261825e-01
    outer loop
      vertex  1.536986e+04 -6.465458e+03  5.163115e+03
      vertex  1.505833e+04 -6.476422e+03  5.347186e+03
      vertex  1.505530e+04 -6.348245e+03  5.153443e+03
    endloop
  endfacet
  facet normal -2.645016e-01 -8.061961e-01 -5.292323e-01
    outer loop
      vertex  1.505530e+04 -6.348245e+03  5.153443e+03
      vertex  1.505833e+04 -6.476422e+03  5.347186e+03
      vertex  1.474254e+04 -6.365460e+03  5.335981e+03
    endloop
  endfacet
  facet normal -2.770985e-01 -7.884535e-01 -5.491425e-01
    outer loop
      vertex  1.505530e+04 -6.348245e+03  5.153443e+03
      vertex  1.474254e+04 -6.365460e+03  5.335981e+03
      vertex  1.474106e+04 -6.281403e+03  5.216035e+03
    endloop
  endfacet
  facet normal -2.665213e-01 -7.908393e-01 -5.509441e-01
    outer loop
      vertex  1.474106e+04 -6.281403e+03  5.216035e+03
      vertex  1.474254e+04 -6.365460e+03  5.335981e+03
      vertex  1.442530e+04 -6.194088e+03  5.243454e+03
    endloop
  endfacet
  facet normal -2.633736e-01 -7.699500e-01 -5.812154e-01
    outer loop
      vertex  1.474106e+04 -6.281403e+03  5.216035e+03
      vertex  1.442530e+04 -6.194088e+03  5.243454e+03
      vertex  1.442379e+04 -6.081884e+03  5.095499e+03
    endloop
  endfacet
  facet normal -3.496044e-01 -7.410848e-01 -5.732104e-01
    outer loop
      vertex  1.565839e+04 -5.505516e+03  3.612995e+03
      vertex  1.550166e+04 -5.483777e+03  3.680480e+03
      vertex  1.550019e+04 -5.169543e+03  3.275116e+03
    endloop
  endfacet
  facet normal -3.493926e-01 -7.411468e-01 -5.732593e-01
    outer loop
      vertex  1.550019e+04 -5.169543e+03  3.275116e+03
      vertex  1.550166e+04 -5.483777e+03  3.680480e+03
      vertex  1.534401e+04 -5.373867e+03  3.634464e+03
    endloop
  endfacet
  facet normal -3.506137e-01 -7.404609e-01 -5.734001e-01
    outer loop
      vertex  1.550019e+04 -5.169543e+03  3.275116e+03
      vertex  1.534401e+04 -5.373867e+03  3.634464e+03
      vertex  1.534266e+04 -5.160412e+03  3.359649e+03
    endloop
  endfacet
  facet normal -3.579367e-01 -7.382874e-01 -5.716756e-01
    outer loop
      vertex  1.534266e+04 -5.160412e+03  3.359649e+03
      vertex  1.534401e+04 -5.373867e+03  3.634464e+03
      vertex  1.503121e+04 -5.184240e+03  3.585426e+03
    endloop
  endfacet
  facet normal -3.588271e-01 -7.370070e-01 -5.727687e-01
    outer loop
      vertex  1.534266e+04 -5.160412e+03  3.359649e+03
      vertex  1.503121e+04 -5.184240e+03  3.585426e+03
      vertex  1.502957e+04 -4.939515e+03  3.271554e+03
    endloop
  endfacet
  facet normal -3.672914e-01 -7.344273e-01 -5.707132e-01
    outer loop
      vertex  1.502957e+04 -4.939515e+03  3.271554e+03
      vertex  1.503121e+04 -5.184240e+03  3.585426e+03
      vertex  1.471700e+04 -4.944029e+03  3.478520e+03
    endloop
  endfacet
  facet normal -3.665738e-01 -7.356063e-01 -5.696552e-01
    outer loop
      vertex  1.502957e+04 -4.939515e+03  3.271554e+03
      vertex  1.471700e+04 -4.944029e+03  3.478520e+03
      vertex  1.471553e+04 -4.749856e+03  3.228727e+03
    endloop
  endfacet
  facet normal -3.763220e-01 -7.325549e-01 -5.672259e-01
    outer loop
      vertex  1.471553e+04 -4.749856e+03  3.228727e+03
      vertex  1.471700e+04 -4.944029e+03  3.478520e+03
      vertex  1.440207e+04 -4.746322e+03  3.432126e+03
    endloop
  endfacet
  facet normal -3.752629e-01 -7.343824e-01 -5.655619e-01
    outer loop
      vertex  1.471553e+04 -4.749856e+03  3.228727e+03
      vertex  1.440207e+04 -4.746322e+03  3.432126e+03
      vertex  1.440049e+04 -4.589163e+03  3.229102e+03
    endloop
  endfacet
  facet normal -3.830443e-01 -7.318903e-01 -5.635722e-01
    outer loop
      vertex  1.440049e+04 -4.589163e+03  3.229102e+03
      vertex  1.440207e+04 -4.746322e+03  3.432126e+03
      vertex  1.408670e+04 -4.606544e+03  3.464952e+03
    endloop
  endfacet
  facet normal -3.845053e-01 -7.297439e-01 -5.653579e-01
    outer loop
      vertex  1.440049e+04 -4.589163e+03  3.229102e+03
      vertex  1.408670e+04 -4.606544e+03  3.464952e+03
      vertex  1.408490e+04 -4.475025e+03  3.296414e+03
    endloop
  endfacet
  facet normal -3.051918e-01 -7.899676e-01 -5.317981e-01
    outer loop
      vertex  1.553382e+04 -4.067649e+03  1.794514e+03
      vertex  1.552878e+04 -4.150684e+03  1.920756e+03
      vertex  1.537011e+04 -4.060297e+03  1.877543e+03
    endloop
  endfacet
  facet normal -2.979687e-01 -7.836420e-01 -5.450870e-01
    outer loop
      vertex  1.537011e+04 -4.060297e+03  1.877543e+03
      vertex  1.552878e+04 -4.150684e+03  1.920756e+03
      vertex  1.552517e+04 -4.215326e+03  2.015660e+03
    endloop
  endfacet
  facet normal -3.100212e-01 -7.862589e-01 -5.344939e-01
    outer loop
      vertex  1.537011e+04 -4.060297e+03  1.877543e+03
      vertex  1.552517e+04 -4.215326e+03  2.015660e+03
      vertex  1.536400e+04 -4.173589e+03  2.047744e+03
    endloop
  endfacet
  facet normal -3.103197e-01 -7.738848e-01 -5.520907e-01
    outer loop
      vertex  1.536400e+04 -4.173589e+03  2.047744e+03
      vertex  1.552517e+04 -4.215326e+03  2.015660e+03
      vertex  1.552174e+04 -4.281810e+03  2.110779e+03
    endloop
  endfacet
  facet normal -3.138444e-01 -7.760653e-01 -5.470141e-01
    outer loop
      vertex  1.536400e+04 -4.173589e+03  2.047744e+03
      vertex  1.552174e+04 -4.281810e+03  2.110779e+03
      vertex  1.536045e+04 -4.248327e+03  2.155815e+03
    endloop
  endfacet
  facet normal -3.156412e-01 -7.645191e-01 -5.620331e-01
    outer loop
      vertex  1.536045e+04 -4.248327e+03  2.155815e+03
      vertex  1.552174e+04 -4.281810e+03  2.110779e+03
      vertex  1.551560e+04 -4.417674e+03  2.299039e+03
    endloop
  endfacet
  facet normal -3.258801e-01 -7.665552e-01 -5.533492e-01
    outer loop
      vertex  1.536045e+04 -4.248327e+03  2.155815e+03
      vertex  1.551560e+04 -4.417674e+03  2.299039e+03
      vertex  1.535718e+04 -4.325186e+03  2.264213e+03
    endloop
  endfacet
  facet normal -3.772638e-02 -9.826950e-01 -1.813484e-01
    outer loop
      vertex  1.523184e+04 -7.803265e+03  8.562083e+03
      vertex  1.507046e+04 -7.755111e+03  8.334719e+03
      vertex  1.539139e+04 -7.771753e+03  8.358133e+03
    endloop
  endfacet
  facet normal -3.485919e-02 -9.758231e-01 -2.157640e-01
    outer loop
      vertex  1.539139e+04 -7.771753e+03  8.358133e+03
      vertex  1.507046e+04 -7.755111e+03  8.334719e+03
      vertex  1.507003e+04 -7.707777e+03  8.120714e+03
    endloop
  endfacet
  facet normal -4.868561e-02 -9.790108e-01 -1.979078e-01
    outer loop
      vertex  1.539139e+04 -7.771753e+03  8.358133e+03
      vertex  1.507003e+04 -7.707777e+03  8.120714e+03
      vertex  1.539098e+04 -7.729666e+03  8.150040e+03
    endloop
  endfacet
  facet normal -4.392183e-02 -9.691166e-01 -2.426597e-01
    outer loop
      vertex  1.539098e+04 -7.729666e+03  8.150040e+03
      vertex  1.507003e+04 -7.707777e+03  8.120714e+03
      vertex  1.506994e+04 -7.655339e+03  7.911306e+03
    endloop
  endfacet
  facet normal -6.019782e-02 -9.731782e-01 -2.220371e-01
    outer loop
      vertex  1.539098e+04 -7.729666e+03  8.150040e+03
      vertex  1.506994e+04 -7.655339e+03  7.911306e+03
      vertex  1.539087e+04 -7.683104e+03  7.945989e+03
    endloop
  endfacet
  facet normal -5.408571e-02 -9.615424e-01 -2.692784e-01
    outer loop
      vertex  1.539087e+04 -7.683104e+03  7.945989e+03
      vertex  1.506994e+04 -7.655339e+03  7.911306e+03
      vertex  1.507005e+04 -7.597912e+03  7.706220e+03
    endloop
  endfacet
  facet normal -7.279368e-02 -9.665279e-01 -2.460182e-01
    outer loop
      vertex  1.539087e+04 -7.683104e+03  7.945989e+03
      vertex  1.507005e+04 -7.597912e+03  7.706220e+03
      vertex  1.539093e+04 -7.632130e+03  7.745713e+03
    endloop
  endfacet
  facet normal -6.528590e-02 -9.531360e-01 -2.954143e-01
    outer loop
      vertex  1.539093e+04 -7.632130e+03  7.745713e+03
      vertex  1.507005e+04 -7.597912e+03  7.706220e+03
      vertex  1.507026e+04 -7.535622e+03  7.505200e+03
    endloop
  endfacet
  facet normal -8.637119e-02 -9.590681e-01 -2.696824e-01
    outer loop
      vertex  1.539093e+04 -7.632130e+03  7.745713e+03
      vertex  1.507026e+04 -7.535622e+03  7.505200e+03
      vertex  1.539103e+04 -7.576813e+03  7.548957e+03
    endloop
  endfacet
  facet normal -7.744682e-02 -9.439507e-01 -3.208728e-01
    outer loop
      vertex  1.539103e+04 -7.576813e+03  7.548957e+03
      vertex  1.507026e+04 -7.535622e+03  7.505200e+03
      vertex  1.507046e+04 -7.468604e+03  7.307999e+03
    endloop
  endfacet
  facet normal -1.008168e-01 -9.508230e-01 -2.928677e-01
    outer loop
      vertex  1.539103e+04 -7.576813e+03  7.548957e+03
      vertex  1.507046e+04 -7.468604e+03  7.307999e+03
      vertex  1.539106e+04 -7.517225e+03  7.355484e+03
    endloop
  endfacet
  facet normal -9.048279e-02 -9.340566e-01 -3.454721e-01
    outer loop
      vertex  1.539106e+04 -7.517225e+03  7.355484e+03
      vertex  1.507046e+04 -7.468604e+03  7.307999e+03
      vertex  1.507056e+04 -7.397004e+03  7.114386e+03
    endloop
  endfacet
  facet normal -1.160001e-01 -9.418328e-01 -3.154282e-01
    outer loop
      vertex  1.539106e+04 -7.517225e+03  7.355484e+03
      vertex  1.507056e+04 -7.397004e+03  7.114386e+03
      vertex  1.539095e+04 -7.453442e+03  7.165078e+03
    endloop
  endfacet
  facet normal -1.041622e-01 -9.233196e-01 -3.696364e-01
    outer loop
      vertex  1.539095e+04 -7.453442e+03  7.165078e+03
      vertex  1.507056e+04 -7.397004e+03  7.114386e+03
      vertex  1.507049e+04 -7.317061e+03  6.914714e+03
    endloop
  endfacet
  facet normal -1.327237e-01 -9.318419e-01 -3.377203e-01
    outer loop
      vertex  1.539095e+04 -7.453442e+03  7.165078e+03
      vertex  1.507049e+04 -7.317061e+03  6.914714e+03
      vertex  1.539061e+04 -7.382050e+03  6.968228e+03
    endloop
  endfacet
  facet normal -1.193779e-01 -9.117107e-01 -3.931063e-01
    outer loop
      vertex  1.539061e+04 -7.382050e+03  6.968228e+03
      vertex  1.507049e+04 -7.317061e+03  6.914714e+03
      vertex  1.507019e+04 -7.232426e+03  6.718519e+03
    endloop
  endfacet
  facet normal -1.498179e-01 -9.209967e-01 -3.596105e-01
    outer loop
      vertex  1.539061e+04 -7.382050e+03  6.968228e+03
      vertex  1.507019e+04 -7.232426e+03  6.718519e+03
      vertex  1.538996e+04 -7.306230e+03  6.774313e+03
    endloop
  endfacet
  facet normal -1.351979e-01 -8.996460e-01 -4.151608e-01
    outer loop
      vertex  1.538996e+04 -7.306230e+03  6.774313e+03
      vertex  1.507019e+04 -7.232426e+03  6.718519e+03
      vertex  1.506960e+04 -7.143300e+03  6.525575e+03
    endloop
  endfacet
  facet normal -1.672351e-01 -9.095752e-01 -3.804016e-01
    outer loop
      vertex  1.538996e+04 -7.306230e+03  6.774313e+03
      vertex  1.506960e+04 -7.143300e+03  6.525575e+03
      vertex  1.538899e+04 -7.226096e+03  6.583135e+03
    endloop
  endfacet
  facet normal -1.514847e-01 -8.872564e-01 -4.356932e-01
    outer loop
      vertex  1.538899e+04 -7.226096e+03  6.583135e+03
      vertex  1.506960e+04 -7.143300e+03  6.525575e+03
      vertex  1.506869e+04 -7.049894e+03  6.335674e+03
    endloop
  endfacet
  facet normal -1.847929e-01 -8.976879e-01 -4.000099e-01
    outer loop
      vertex  1.538899e+04 -7.226096e+03  6.583135e+03
      vertex  1.506869e+04 -7.049894e+03  6.335674e+03
      vertex  1.538765e+04 -7.141768e+03  6.394508e+03
    endloop
  endfacet
  facet normal -1.680858e-01 -8.746709e-01 -4.546404e-01
    outer loop
      vertex  1.538765e+04 -7.141768e+03  6.394508e+03
      vertex  1.506869e+04 -7.049894e+03  6.335674e+03
      vertex  1.506747e+04 -6.952429e+03  6.148618e+03
    endloop
  endfacet
  facet normal -2.023110e-01 -8.854546e-01 -4.183783e-01
    outer loop
      vertex  1.538765e+04 -7.141768e+03  6.394508e+03
      vertex  1.506747e+04 -6.952429e+03  6.148618e+03
      vertex  1.538594e+04 -7.053377e+03  6.208262e+03
    endloop
  endfacet
  facet normal -3.598294e-01 -7.377793e-01 -5.711433e-01
    outer loop
      vertex  1.502957e+04 -4.939515e+03  3.271554e+03
      vertex  1.502954e+04 -4.819141e+03  3.116080e+03
      vertex  1.534266e+04 -5.160412e+03  3.359649e+03
    endloop
  endfacet
  facet normal -3.553579e-01 -7.366781e-01 -5.753488e-01
    outer loop
      vertex  1.534266e+04 -5.160412e+03  3.359649e+03
      vertex  1.502954e+04 -4.819141e+03  3.116080e+03
      vertex  1.534312e+04 -4.948326e+03  3.087810e+03
    endloop
  endfacet
  facet normal -3.566592e-01 -7.413292e-01 -5.685290e-01
    outer loop
      vertex  1.502954e+04 -4.819141e+03  3.116080e+03
      vertex  1.503057e+04 -4.642095e+03  2.884572e+03
      vertex  1.534312e+04 -4.948326e+03  3.087810e+03
    endloop
  endfacet
  facet normal -3.491956e-01 -7.388733e-01 -5.763061e-01
    outer loop
      vertex  1.534312e+04 -4.948326e+03  3.087810e+03
      vertex  1.503057e+04 -4.642095e+03  2.884572e+03
      vertex  1.534518e+04 -4.762665e+03  2.848523e+03
    endloop
  endfacet
  facet normal -3.440412e-01 -7.616558e-01 -5.491049e-01
    outer loop
      vertex  1.471908e+04 -4.204235e+03  2.485200e+03
      vertex  1.503870e+04 -4.241435e+03  2.336537e+03
      vertex  1.503471e+04 -4.386942e+03  2.540868e+03
    endloop
  endfacet
  facet normal -3.325148e-01 -7.651383e-01 -5.513597e-01
    outer loop
      vertex  1.503471e+04 -4.386942e+03  2.540868e+03
      vertex  1.503870e+04 -4.241435e+03  2.336537e+03
      vertex  1.535333e+04 -4.429607e+03  2.407926e+03
    endloop
  endfacet
  facet normal -3.370976e-01 -7.518872e-01 -5.665957e-01
    outer loop
      vertex  1.503471e+04 -4.386942e+03  2.540868e+03
      vertex  1.535333e+04 -4.429607e+03  2.407926e+03
      vertex  1.535004e+04 -4.536926e+03  2.552297e+03
    endloop
  endfacet
  facet normal -3.076900e-01 -8.058644e-01 -5.058749e-01
    outer loop
      vertex  1.505436e+04 -3.889666e+03  1.797776e+03
      vertex  1.537011e+04 -4.060297e+03  1.877543e+03
      vertex  1.504984e+04 -3.972005e+03  1.931694e+03
    endloop
  endfacet
  facet normal -3.074002e-01 -7.870111e-01 -5.349005e-01
    outer loop
      vertex  1.504984e+04 -3.972005e+03  1.931694e+03
      vertex  1.537011e+04 -4.060297e+03  1.877543e+03
      vertex  1.536400e+04 -4.173589e+03  2.047744e+03
    endloop
  endfacet
  facet normal -3.186128e-01 -7.943206e-01 -5.172434e-01
    outer loop
      vertex  1.504984e+04 -3.972005e+03  1.931694e+03
      vertex  1.536400e+04 -4.173589e+03  2.047744e+03
      vertex  1.504669e+04 -4.036356e+03  2.032457e+03
    endloop
  endfacet
  facet normal -3.097558e-01 -7.772325e-01 -5.476869e-01
    outer loop
      vertex  1.504669e+04 -4.036356e+03  2.032457e+03
      vertex  1.536400e+04 -4.173589e+03  2.047744e+03
      vertex  1.536045e+04 -4.248327e+03  2.155815e+03
    endloop
  endfacet
  facet normal -3.242127e-01 -7.861283e-01 -5.262018e-01
    outer loop
      vertex  1.504669e+04 -4.036356e+03  2.032457e+03
      vertex  1.536045e+04 -4.248327e+03  2.155815e+03
      vertex  1.504378e+04 -4.102794e+03  2.133510e+03
    endloop
  endfacet
  facet normal -3.146628e-01 -7.698106e-01 -5.553188e-01
    outer loop
      vertex  1.504378e+04 -4.102794e+03  2.133510e+03
      vertex  1.536045e+04 -4.248327e+03  2.155815e+03
      vertex  1.535718e+04 -4.325186e+03  2.264213e+03
    endloop
  endfacet
  facet normal -3.265598e-01 -7.767291e-01 -5.385635e-01
    outer loop
      vertex  1.504378e+04 -4.102794e+03  2.133510e+03
      vertex  1.535718e+04 -4.325186e+03  2.264213e+03
      vertex  1.503870e+04 -4.241435e+03  2.336537e+03
    endloop
  endfacet
  facet normal -4.295370e-02 -9.591184e-01 -2.797262e-01
    outer loop
      vertex  1.378518e+04 -7.604146e+03  7.956856e+03
      vertex  1.410648e+04 -7.620480e+03  7.963525e+03
      vertex  1.410679e+04 -7.671794e+03  8.139420e+03
    endloop
  endfacet
  facet normal -4.477983e-02 -9.590424e-01 -2.797008e-01
    outer loop
      vertex  1.410679e+04 -7.671794e+03  8.139420e+03
      vertex  1.410648e+04 -7.620480e+03  7.963525e+03
      vertex  1.442775e+04 -7.647537e+03  8.004860e+03
    endloop
  endfacet
  facet normal -3.681056e-02 -9.644558e-01 -2.616678e-01
    outer loop
      vertex  1.410679e+04 -7.671794e+03  8.139420e+03
      vertex  1.442775e+04 -7.647537e+03  8.004860e+03
      vertex  1.442802e+04 -7.693194e+03  8.173106e+03
    endloop
  endfacet
  facet normal -4.342979e-02 -9.642019e-01 -2.615883e-01
    outer loop
      vertex  1.442802e+04 -7.693194e+03  8.173106e+03
      vertex  1.442775e+04 -7.647537e+03  8.004860e+03
      vertex  1.474899e+04 -7.689654e+03  8.106769e+03
    endloop
  endfacet
  facet normal -3.857949e-02 -9.703881e-01 -2.384504e-01
    outer loop
      vertex  1.442802e+04 -7.693194e+03  8.173106e+03
      vertex  1.474899e+04 -7.689654e+03  8.106769e+03
      vertex  1.474918e+04 -7.715606e+03  8.212353e+03
    endloop
  endfacet
  facet normal -4.441385e-02 -9.701552e-01 -2.383828e-01
    outer loop
      vertex  1.474918e+04 -7.715606e+03  8.212353e+03
      vertex  1.474899e+04 -7.689654e+03  8.106769e+03
      vertex  1.507003e+04 -7.707777e+03  8.120714e+03
    endloop
  endfacet
  facet normal -3.780960e-02 -9.757197e-01 -2.157352e-01
    outer loop
      vertex  1.474918e+04 -7.715606e+03  8.212353e+03
      vertex  1.507003e+04 -7.707777e+03  8.120714e+03
      vertex  1.507046e+04 -7.755111e+03  8.334719e+03
    endloop
  endfacet
  facet normal -5.741430e-02 -9.413111e-01 -3.326213e-01
    outer loop
      vertex  1.378523e+04 -7.485818e+03  7.622774e+03
      vertex  1.410664e+04 -7.505365e+03  7.622615e+03
      vertex  1.410645e+04 -7.564960e+03  7.791300e+03
    endloop
  endfacet
  facet normal -6.011784e-02 -9.411602e-01 -3.325709e-01
    outer loop
      vertex  1.410645e+04 -7.564960e+03  7.791300e+03
      vertex  1.410664e+04 -7.505365e+03  7.622615e+03
      vertex  1.442786e+04 -7.545407e+03  7.677865e+03
    endloop
  endfacet
  facet normal -5.156907e-02 -9.494117e-01 -3.097709e-01
    outer loop
      vertex  1.410645e+04 -7.564960e+03  7.791300e+03
      vertex  1.442786e+04 -7.545407e+03  7.677865e+03
      vertex  1.442772e+04 -7.598242e+03  7.839820e+03
    endloop
  endfacet
  facet normal -6.260726e-02 -9.488088e-01 -3.095839e-01
    outer loop
      vertex  1.442772e+04 -7.598242e+03  7.839820e+03
      vertex  1.442786e+04 -7.545407e+03  7.677865e+03
      vertex  1.474902e+04 -7.572574e+03  7.696176e+03
    endloop
  endfacet
  facet normal -5.461305e-02 -9.546303e-01 -2.927427e-01
    outer loop
      vertex  1.442772e+04 -7.598242e+03  7.839820e+03
      vertex  1.474902e+04 -7.572574e+03  7.696176e+03
      vertex  1.474891e+04 -7.613918e+03  7.831021e+03
    endloop
  endfacet
  facet normal -6.613942e-02 -9.539610e-01 -2.925474e-01
    outer loop
      vertex  1.474891e+04 -7.613918e+03  7.831021e+03
      vertex  1.474902e+04 -7.572574e+03  7.696176e+03
      vertex  1.507005e+04 -7.597912e+03  7.706220e+03
    endloop
  endfacet
  facet normal -5.671134e-02 -9.614018e-01 -2.692405e-01
    outer loop
      vertex  1.474891e+04 -7.613918e+03  7.831021e+03
      vertex  1.507005e+04 -7.597912e+03  7.706220e+03
      vertex  1.506994e+04 -7.655339e+03  7.911306e+03
    endloop
  endfacet
  facet normal -6.919567e-02 -9.368446e-01 -3.428325e-01
    outer loop
      vertex  1.410692e+04 -7.452693e+03  7.484655e+03
      vertex  1.442821e+04 -7.475342e+03  7.481700e+03
      vertex  1.442802e+04 -7.511018e+03  7.579229e+03
    endloop
  endfacet
  facet normal -7.358315e-02 -9.365469e-01 -3.427323e-01
    outer loop
      vertex  1.442802e+04 -7.511018e+03  7.579229e+03
      vertex  1.442821e+04 -7.475342e+03  7.481700e+03
      vertex  1.474931e+04 -7.506352e+03  7.497498e+03
    endloop
  endfacet
  facet normal -6.830562e-02 -9.441296e-01 -3.224185e-01
    outer loop
      vertex  1.442802e+04 -7.511018e+03  7.579229e+03
      vertex  1.474931e+04 -7.506352e+03  7.497498e+03
      vertex  1.474915e+04 -7.540085e+03  7.596310e+03
    endloop
  endfacet
  facet normal -7.830539e-02 -9.434292e-01 -3.221953e-01
    outer loop
      vertex  1.474915e+04 -7.540085e+03  7.596310e+03
      vertex  1.474931e+04 -7.506352e+03  7.497498e+03
      vertex  1.507026e+04 -7.535622e+03  7.505200e+03
    endloop
  endfacet
  facet normal -7.054778e-02 -9.527923e-01 -2.953131e-01
    outer loop
      vertex  1.474915e+04 -7.540085e+03  7.596310e+03
      vertex  1.507026e+04 -7.535622e+03  7.505200e+03
      vertex  1.507005e+04 -7.597912e+03  7.706220e+03
    endloop
  endfacet
  facet normal -1.440224e-01 -8.844640e-01 -4.438252e-01
    outer loop
      vertex  1.443032e+04 -7.048131e+03  6.550154e+03
      vertex  1.475019e+04 -7.094634e+03  6.539025e+03
      vertex  1.475028e+04 -7.145232e+03  6.639830e+03
    endloop
  endfacet
  facet normal -1.532364e-01 -8.832297e-01 -4.431974e-01
    outer loop
      vertex  1.475028e+04 -7.145232e+03  6.639830e+03
      vertex  1.475019e+04 -7.094634e+03  6.539025e+03
      vertex  1.506960e+04 -7.143300e+03  6.525575e+03
    endloop
  endfacet
  facet normal -1.429410e-01 -8.986679e-01 -4.146853e-01
    outer loop
      vertex  1.475028e+04 -7.145232e+03  6.639830e+03
      vertex  1.506960e+04 -7.143300e+03  6.525575e+03
      vertex  1.507019e+04 -7.232426e+03  6.718519e+03
    endloop
  endfacet
  facet normal -2.245372e-01 -8.203734e-01 -5.258998e-01
    outer loop
      vertex  1.474694e+04 -6.663692e+03  5.785680e+03
      vertex  1.474554e+04 -6.557263e+03  5.620257e+03
      vertex  1.506359e+04 -6.722500e+03  5.742220e+03
    endloop
  endfacet
  facet normal -2.155129e-01 -8.135132e-01 -5.401394e-01
    outer loop
      vertex  1.506359e+04 -6.722500e+03  5.742220e+03
      vertex  1.474554e+04 -6.557263e+03  5.620257e+03
      vertex  1.474390e+04 -6.448457e+03  5.457035e+03
    endloop
  endfacet
  facet normal -2.616901e-01 -8.255670e-01 -4.999575e-01
    outer loop
      vertex  1.506359e+04 -6.722500e+03  5.742220e+03
      vertex  1.474390e+04 -6.448457e+03  5.457035e+03
      vertex  1.506111e+04 -6.601300e+03  5.543384e+03
    endloop
  endfacet
  facet normal -2.375958e-01 -8.023963e-01 -5.474563e-01
    outer loop
      vertex  1.506111e+04 -6.601300e+03  5.543384e+03
      vertex  1.474390e+04 -6.448457e+03  5.457035e+03
      vertex  1.474254e+04 -6.365460e+03  5.335981e+03
    endloop
  endfacet
  facet normal -2.679344e-01 -8.144887e-01 -5.146059e-01
    outer loop
      vertex  1.506111e+04 -6.601300e+03  5.543384e+03
      vertex  1.474254e+04 -6.365460e+03  5.335981e+03
      vertex  1.505833e+04 -6.476422e+03  5.347186e+03
    endloop
  endfacet
  facet normal -3.295807e-01 -7.588571e-01 -5.617051e-01
    outer loop
      vertex  1.535572e+04 -5.982768e+03  4.449029e+03
      vertex  1.504386e+04 -5.879403e+03  4.492371e+03
      vertex  1.504071e+04 -5.741408e+03  4.307791e+03
    endloop
  endfacet
  facet normal -3.295328e-01 -7.588701e-01 -5.617156e-01
    outer loop
      vertex  1.504071e+04 -5.741408e+03  4.307791e+03
      vertex  1.504386e+04 -5.879403e+03  4.492371e+03
      vertex  1.473082e+04 -5.761571e+03  4.516829e+03
    endloop
  endfacet
  facet normal -3.386464e-01 -7.455907e-01 -5.739452e-01
    outer loop
      vertex  1.504071e+04 -5.741408e+03  4.307791e+03
      vertex  1.473082e+04 -5.761571e+03  4.516829e+03
      vertex  1.472835e+04 -5.639849e+03  4.360158e+03
    endloop
  endfacet
  facet normal -3.293278e-01 -7.481275e-01 -5.760629e-01
    outer loop
      vertex  1.472835e+04 -5.639849e+03  4.360158e+03
      vertex  1.473082e+04 -5.761571e+03  4.516829e+03
      vertex  1.441606e+04 -5.603718e+03  4.491771e+03
    endloop
  endfacet
  facet normal -3.343236e-01 -7.333437e-01 -5.919755e-01
    outer loop
      vertex  1.472835e+04 -5.639849e+03  4.360158e+03
      vertex  1.441606e+04 -5.603718e+03  4.491771e+03
      vertex  1.441362e+04 -5.466759e+03  4.323479e+03
    endloop
  endfacet
  facet normal -3.691120e-01 -7.385676e-01 -5.641580e-01
    outer loop
      vertex  1.471553e+04 -4.749856e+03  3.228727e+03
      vertex  1.471524e+04 -4.655020e+03  3.104762e+03
      vertex  1.502957e+04 -4.939515e+03  3.271554e+03
    endloop
  endfacet
  facet normal -3.640518e-01 -7.364834e-01 -5.701391e-01
    outer loop
      vertex  1.502957e+04 -4.939515e+03  3.271554e+03
      vertex  1.471524e+04 -4.655020e+03  3.104762e+03
      vertex  1.502954e+04 -4.819141e+03  3.116080e+03
    endloop
  endfacet
  facet normal -3.678988e-01 -7.430824e-01 -5.589982e-01
    outer loop
      vertex  1.471524e+04 -4.655020e+03  3.104762e+03
      vertex  1.471542e+04 -4.516042e+03  2.919901e+03
      vertex  1.502954e+04 -4.819141e+03  3.116080e+03
    endloop
  endfacet
  facet normal -3.597794e-01 -7.403715e-01 -5.678106e-01
    outer loop
      vertex  1.502954e+04 -4.819141e+03  3.116080e+03
      vertex  1.471542e+04 -4.516042e+03  2.919901e+03
      vertex  1.503057e+04 -4.642095e+03  2.884572e+03
    endloop
  endfacet
  facet normal -2.975032e-01 -8.417998e-01 -4.504053e-01
    outer loop
      vertex  1.467737e+04 -3.639578e+03  1.600000e+03
      vertex  1.503978e+04 -3.767656e+03  1.600000e+03
      vertex  1.474098e+04 -3.671984e+03  1.618552e+03
    endloop
  endfacet
  facet normal -2.948117e-01 -8.283649e-01 -4.763377e-01
    outer loop
      vertex  1.474098e+04 -3.671984e+03  1.618552e+03
      vertex  1.503978e+04 -3.767656e+03  1.600000e+03
      vertex  1.505921e+04 -3.811558e+03  1.664322e+03
    endloop
  endfacet
  facet normal -2.999462e-01 -8.350901e-01 -4.611471e-01
    outer loop
      vertex  1.474098e+04 -3.671984e+03  1.618552e+03
      vertex  1.505921e+04 -3.811558e+03  1.664322e+03
      vertex  1.473769e+04 -3.723358e+03  1.713725e+03
    endloop
  endfacet
  facet normal -2.998381e-01 -8.185550e-01 -4.899641e-01
    outer loop
      vertex  1.473769e+04 -3.723358e+03  1.713725e+03
      vertex  1.505921e+04 -3.811558e+03  1.664322e+03
      vertex  1.505436e+04 -3.889666e+03  1.797776e+03
    endloop
  endfacet
  facet normal -3.083168e-01 -8.257649e-01 -4.722850e-01
    outer loop
      vertex  1.473769e+04 -3.723358e+03  1.713725e+03
      vertex  1.505436e+04 -3.889666e+03  1.797776e+03
      vertex  1.473459e+04 -3.776787e+03  1.809171e+03
    endloop
  endfacet
  facet normal -3.029915e-01 -8.072197e-01 -5.065495e-01
    outer loop
      vertex  1.473459e+04 -3.776787e+03  1.809171e+03
      vertex  1.505436e+04 -3.889666e+03  1.797776e+03
      vertex  1.504984e+04 -3.972005e+03  1.931694e+03
    endloop
  endfacet
  facet normal -3.179414e-01 -8.162093e-01 -4.824064e-01
    outer loop
      vertex  1.473459e+04 -3.776787e+03  1.809171e+03
      vertex  1.504984e+04 -3.972005e+03  1.931694e+03
      vertex  1.473168e+04 -3.832229e+03  1.904891e+03
    endloop
  endfacet
  facet normal -3.067556e-01 -7.977808e-01 -5.190827e-01
    outer loop
      vertex  1.473168e+04 -3.832229e+03  1.904891e+03
      vertex  1.504984e+04 -3.972005e+03  1.931694e+03
      vertex  1.504669e+04 -4.036356e+03  2.032457e+03
    endloop
  endfacet
  facet normal -3.206009e-01 -8.058534e-01 -4.978106e-01
    outer loop
      vertex  1.473168e+04 -3.832229e+03  1.904891e+03
      vertex  1.504669e+04 -4.036356e+03  2.032457e+03
      vertex  1.472653e+04 -3.948958e+03  2.097171e+03
    endloop
  endfacet
  facet normal -3.441270e-02 -9.739616e-01 -2.240863e-01
    outer loop
      vertex  1.507046e+04 -7.755111e+03  8.334719e+03
      vertex  1.474948e+04 -7.740193e+03  8.319173e+03
      vertex  1.474918e+04 -7.715606e+03  8.212353e+03
    endloop
  endfacet
  facet normal -3.320351e-02 -9.740008e-01 -2.240987e-01
    outer loop
      vertex  1.474918e+04 -7.715606e+03  8.212353e+03
      vertex  1.474948e+04 -7.740193e+03  8.319173e+03
      vertex  1.442858e+04 -7.735123e+03  8.344679e+03
    endloop
  endfacet
  facet normal -3.876780e-02 -9.707127e-01 -2.370947e-01
    outer loop
      vertex  1.474918e+04 -7.715606e+03  8.212353e+03
      vertex  1.442858e+04 -7.735123e+03  8.344679e+03
      vertex  1.442802e+04 -7.693194e+03  8.173106e+03
    endloop
  endfacet
  facet normal -3.053070e-02 -9.709839e-01 -2.371879e-01
    outer loop
      vertex  1.442802e+04 -7.693194e+03  8.173106e+03
      vertex  1.442858e+04 -7.735123e+03  8.344679e+03
      vertex  1.410744e+04 -7.718781e+03  8.319117e+03
    endloop
  endfacet
  facet normal -3.791181e-02 -9.668114e-01 -2.526627e-01
    outer loop
      vertex  1.442802e+04 -7.693194e+03  8.173106e+03
      vertex  1.410744e+04 -7.718781e+03  8.319117e+03
      vertex  1.410679e+04 -7.671794e+03  8.139420e+03
    endloop
  endfacet
  facet normal -6.523141e-02 -9.488928e-01 -3.087836e-01
    outer loop
      vertex  1.507005e+04 -7.597912e+03  7.706220e+03
      vertex  1.474902e+04 -7.572574e+03  7.696176e+03
      vertex  1.474915e+04 -7.540085e+03  7.596310e+03
    endloop
  endfacet
  facet normal -6.267054e-02 -9.490498e-01 -3.088313e-01
    outer loop
      vertex  1.474915e+04 -7.540085e+03  7.596310e+03
      vertex  1.474902e+04 -7.572574e+03  7.696176e+03
      vertex  1.442786e+04 -7.545407e+03  7.677865e+03
    endloop
  endfacet
  facet normal -6.779141e-02 -9.420510e-01 -3.285487e-01
    outer loop
      vertex  1.474915e+04 -7.540085e+03  7.596310e+03
      vertex  1.442786e+04 -7.545407e+03  7.677865e+03
      vertex  1.442802e+04 -7.511018e+03  7.579229e+03
    endloop
  endfacet
  facet normal -6.094971e-02 -9.424710e-01 -3.286844e-01
    outer loop
      vertex  1.442802e+04 -7.511018e+03  7.579229e+03
      vertex  1.442786e+04 -7.545407e+03  7.677865e+03
      vertex  1.410664e+04 -7.505365e+03  7.622615e+03
    endloop
  endfacet
  facet normal -6.446471e-02 -9.322389e-01 -3.560547e-01
    outer loop
      vertex  1.442802e+04 -7.511018e+03  7.579229e+03
      vertex  1.410664e+04 -7.505365e+03  7.622615e+03
      vertex  1.410692e+04 -7.452693e+03  7.484655e+03
    endloop
  endfacet
  facet normal -7.718079e-02 -9.363995e-01 -3.423437e-01
    outer loop
      vertex  1.507026e+04 -7.535622e+03  7.505200e+03
      vertex  1.474931e+04 -7.506352e+03  7.497498e+03
      vertex  1.474965e+04 -7.435244e+03  7.302921e+03
    endloop
  endfacet
  facet normal -7.867083e-02 -9.362891e-01 -3.423061e-01
    outer loop
      vertex  1.474965e+04 -7.435244e+03  7.302921e+03
      vertex  1.474931e+04 -7.506352e+03  7.497498e+03
      vertex  1.442843e+04 -7.437588e+03  7.383157e+03
    endloop
  endfacet
  facet normal -8.584902e-02 -9.247734e-01 -3.707074e-01
    outer loop
      vertex  1.474965e+04 -7.435244e+03  7.302921e+03
      vertex  1.442843e+04 -7.437588e+03  7.383157e+03
      vertex  1.442868e+04 -7.398549e+03  7.285714e+03
    endloop
  endfacet
  facet normal -7.641118e-02 -9.254947e-01 -3.709728e-01
    outer loop
      vertex  1.442868e+04 -7.398549e+03  7.285714e+03
      vertex  1.442843e+04 -7.437588e+03  7.383157e+03
      vertex  1.410728e+04 -7.397378e+03  7.348991e+03
    endloop
  endfacet
  facet normal -8.144398e-02 -9.143097e-01 -3.967423e-01
    outer loop
      vertex  1.442868e+04 -7.398549e+03  7.285714e+03
      vertex  1.410728e+04 -7.397378e+03  7.348991e+03
      vertex  1.410771e+04 -7.339513e+03  7.215551e+03
    endloop
  endfacet
  facet normal -1.303513e-01 -9.004843e-01 -4.148936e-01
    outer loop
      vertex  1.475021e+04 -7.279154e+03  6.925198e+03
      vertex  1.443005e+04 -7.142165e+03  6.728466e+03
      vertex  1.475031e+04 -7.194592e+03  6.741635e+03
    endloop
  endfacet
  facet normal -1.246224e-01 -8.775664e-01 -4.629757e-01
    outer loop
      vertex  1.475031e+04 -7.194592e+03  6.741635e+03
      vertex  1.443005e+04 -7.142165e+03  6.728466e+03
      vertex  1.443032e+04 -7.048131e+03  6.550154e+03
    endloop
  endfacet
  facet normal -1.491256e-01 -8.897691e-01 -4.313612e-01
    outer loop
      vertex  1.475031e+04 -7.194592e+03  6.741635e+03
      vertex  1.443032e+04 -7.048131e+03  6.550154e+03
      vertex  1.475028e+04 -7.145232e+03  6.639830e+03
    endloop
  endfacet
  facet normal -2.259851e-01 -7.976366e-01 -5.592018e-01
    outer loop
      vertex  1.442777e+04 -6.414675e+03  5.545286e+03
      vertex  1.474554e+04 -6.557263e+03  5.620257e+03
      vertex  1.442845e+04 -6.489740e+03  5.652083e+03
    endloop
  endfacet
  facet normal -2.273335e-01 -8.198387e-01 -5.255321e-01
    outer loop
      vertex  1.442845e+04 -6.489740e+03  5.652083e+03
      vertex  1.474554e+04 -6.557263e+03  5.620257e+03
      vertex  1.474694e+04 -6.663692e+03  5.785680e+03
    endloop
  endfacet
  facet normal -2.086103e-01 -8.066481e-01 -5.529924e-01
    outer loop
      vertex  1.442845e+04 -6.489740e+03  5.652083e+03
      vertex  1.474694e+04 -6.663692e+03  5.785680e+03
      vertex  1.442903e+04 -6.563857e+03  5.759980e+03
    endloop
  endfacet
  facet normal -2.193724e-01 -8.304061e-01 -5.121536e-01
    outer loop
      vertex  1.442903e+04 -6.563857e+03  5.759980e+03
      vertex  1.474694e+04 -6.663692e+03  5.785680e+03
      vertex  1.474811e+04 -6.767471e+03  5.953448e+03
    endloop
  endfacet
  facet normal -1.912842e-01 -8.168502e-01 -5.442113e-01
    outer loop
      vertex  1.442903e+04 -6.563857e+03  5.759980e+03
      vertex  1.474811e+04 -6.767471e+03  5.953448e+03
      vertex  1.442964e+04 -6.661041e+03  5.905636e+03
    endloop
  endfacet
  facet normal -2.070949e-01 -8.428320e-01 -4.967351e-01
    outer loop
      vertex  1.442964e+04 -6.661041e+03  5.905636e+03
      vertex  1.474811e+04 -6.767471e+03  5.953448e+03
      vertex  1.474911e+04 -6.880717e+03  6.145177e+03
    endloop
  endfacet
  facet normal -1.704641e-01 -8.288915e-01 -5.328050e-01
    outer loop
      vertex  1.442964e+04 -6.661041e+03  5.905636e+03
      vertex  1.474911e+04 -6.880717e+03  6.145177e+03
      vertex  1.443007e+04 -6.756141e+03  6.053446e+03
    endloop
  endfacet
  facet normal -2.210092e-01 -7.918612e-01 -5.693073e-01
    outer loop
      vertex  1.442777e+04 -6.414675e+03  5.545286e+03
      vertex  1.442663e+04 -6.305116e+03  5.393342e+03
      vertex  1.474554e+04 -6.557263e+03  5.620257e+03
    endloop
  endfacet
  facet normal -2.566077e-01 -8.053942e-01 -5.343153e-01
    outer loop
      vertex  1.474554e+04 -6.557263e+03  5.620257e+03
      vertex  1.442663e+04 -6.305116e+03  5.393342e+03
      vertex  1.474390e+04 -6.448457e+03  5.457035e+03
    endloop
  endfacet
  facet normal -2.373215e-01 -7.816097e-01 -5.768576e-01
    outer loop
      vertex  1.442663e+04 -6.305116e+03  5.393342e+03
      vertex  1.442530e+04 -6.194088e+03  5.243454e+03
      vertex  1.474390e+04 -6.448457e+03  5.457035e+03
    endloop
  endfacet
  facet normal -2.714524e-01 -7.952231e-01 -5.421567e-01
    outer loop
      vertex  1.474390e+04 -6.448457e+03  5.457035e+03
      vertex  1.442530e+04 -6.194088e+03  5.243454e+03
      vertex  1.474254e+04 -6.365460e+03  5.335981e+03
    endloop
  endfacet
  facet normal -2.013220e-01 -6.602361e-01 -7.235729e-01
    outer loop
      vertex  1.235112e+04 -5.264289e+03  4.961723e+03
      vertex  1.251102e+04 -5.125609e+03  4.790693e+03
      vertex  1.251171e+04 -5.398104e+03  5.039143e+03
    endloop
  endfacet
  facet normal -2.172449e-01 -6.579621e-01 -7.210342e-01
    outer loop
      vertex  1.251171e+04 -5.398104e+03  5.039143e+03
      vertex  1.251102e+04 -5.125609e+03  4.790693e+03
      vertex  1.267168e+04 -5.290967e+03  4.893181e+03
    endloop
  endfacet
  facet normal -2.031986e-01 -6.697211e-01 -7.142717e-01
    outer loop
      vertex  1.251171e+04 -5.398104e+03  5.039143e+03
      vertex  1.267168e+04 -5.290967e+03  4.893181e+03
      vertex  1.267197e+04 -5.401583e+03  4.996814e+03
    endloop
  endfacet
  facet normal -2.234942e-01 -6.667193e-01 -7.110103e-01
    outer loop
      vertex  1.267197e+04 -5.401583e+03  4.996814e+03
      vertex  1.267168e+04 -5.290967e+03  4.893181e+03
      vertex  1.279165e+04 -5.299019e+03  4.863021e+03
    endloop
  endfacet
  facet normal -2.106763e-01 -6.757009e-01 -7.064303e-01
    outer loop
      vertex  1.267197e+04 -5.401583e+03  4.996814e+03
      vertex  1.279165e+04 -5.299019e+03  4.863021e+03
      vertex  1.279218e+04 -5.476835e+03  5.032943e+03
    endloop
  endfacet
  facet normal -2.284100e-01 -6.729717e-01 -7.035183e-01
    outer loop
      vertex  1.279218e+04 -5.476835e+03  5.032943e+03
      vertex  1.279165e+04 -5.299019e+03  4.863021e+03
      vertex  1.291171e+04 -5.358916e+03  4.881338e+03
    endloop
  endfacet
  facet normal -2.117603e-01 -6.834879e-01 -6.985714e-01
    outer loop
      vertex  1.279218e+04 -5.476835e+03  5.032943e+03
      vertex  1.291171e+04 -5.358916e+03  4.881338e+03
      vertex  1.291232e+04 -5.554973e+03  5.072977e+03
    endloop
  endfacet
  facet normal -2.344330e-01 -6.798965e-01 -6.948252e-01
    outer loop
      vertex  1.291232e+04 -5.554973e+03  5.072977e+03
      vertex  1.291171e+04 -5.358916e+03  4.881338e+03
      vertex  1.315140e+04 -5.449770e+03  4.889366e+03
    endloop
  endfacet
  facet normal -2.180752e-01 -6.968628e-01 -6.832463e-01
    outer loop
      vertex  1.291232e+04 -5.554973e+03  5.072977e+03
      vertex  1.315140e+04 -5.449770e+03  4.889366e+03
      vertex  1.315215e+04 -5.630904e+03  5.073872e+03
    endloop
  endfacet
  facet normal -2.472090e-01 -6.919482e-01 -6.783034e-01
    outer loop
      vertex  1.315215e+04 -5.630904e+03  5.073872e+03
      vertex  1.315140e+04 -5.449770e+03  4.889366e+03
      vertex  1.331070e+04 -5.469958e+03  4.851903e+03
    endloop
  endfacet
  facet normal -2.286225e-01 -7.032264e-01 -6.732047e-01
    outer loop
      vertex  1.315215e+04 -5.630904e+03  5.073872e+03
      vertex  1.331070e+04 -5.469958e+03  4.851903e+03
      vertex  1.331155e+04 -5.620683e+03  5.009063e+03
    endloop
  endfacet
  facet normal -2.572349e-01 -6.981309e-01 -6.681643e-01
    outer loop
      vertex  1.331155e+04 -5.620683e+03  5.009063e+03
      vertex  1.331070e+04 -5.469958e+03  4.851903e+03
      vertex  1.346985e+04 -5.508961e+03  4.831386e+03
    endloop
  endfacet
  facet normal -2.416611e-01 -7.098156e-01 -6.616356e-01
    outer loop
      vertex  1.331155e+04 -5.620683e+03  5.009063e+03
      vertex  1.346985e+04 -5.508961e+03  4.831386e+03
      vertex  1.347075e+04 -5.639437e+03  4.971033e+03
    endloop
  endfacet
  facet normal -2.678596e-01 -7.048559e-01 -6.568328e-01
    outer loop
      vertex  1.347075e+04 -5.639437e+03  4.971033e+03
      vertex  1.346985e+04 -5.508961e+03  4.831386e+03
      vertex  1.378762e+04 -5.616166e+03  4.816843e+03
    endloop
  endfacet
  facet normal -2.572559e-01 -7.256364e-01 -6.381782e-01
    outer loop
      vertex  1.347075e+04 -5.639437e+03  4.971033e+03
      vertex  1.378762e+04 -5.616166e+03  4.816843e+03
      vertex  1.378884e+04 -5.747640e+03  4.965841e+03
    endloop
  endfacet
  facet normal -2.746615e-01 -7.221062e-01 -6.349204e-01
    outer loop
      vertex  1.378884e+04 -5.747640e+03  4.965841e+03
      vertex  1.378762e+04 -5.616166e+03  4.816843e+03
      vertex  1.410518e+04 -5.790345e+03  4.877564e+03
    endloop
  endfacet
  facet normal -2.707822e-01 -7.445782e-01 -6.101477e-01
    outer loop
      vertex  1.378884e+04 -5.747640e+03  4.965841e+03
      vertex  1.410518e+04 -5.790345e+03  4.877564e+03
      vertex  1.410748e+04 -5.997349e+03  5.129156e+03
    endloop
  endfacet
  facet normal -2.802697e-01 -7.425208e-01 -6.083682e-01
    outer loop
      vertex  1.410748e+04 -5.997349e+03  5.129156e+03
      vertex  1.410518e+04 -5.790345e+03  4.877564e+03
      vertex  1.442213e+04 -5.968798e+03  4.949354e+03
    endloop
  endfacet
  facet normal -2.666623e-01 -7.637029e-01 -5.879192e-01
    outer loop
      vertex  1.410748e+04 -5.997349e+03  5.129156e+03
      vertex  1.442213e+04 -5.968798e+03  4.949354e+03
      vertex  1.442379e+04 -6.081884e+03  5.095499e+03
    endloop
  endfacet
  facet normal -2.791298e-01 -7.609742e-01 -5.856661e-01
    outer loop
      vertex  1.442379e+04 -6.081884e+03  5.095499e+03
      vertex  1.442213e+04 -5.968798e+03  4.949354e+03
      vertex  1.473880e+04 -6.159675e+03  5.046437e+03
    endloop
  endfacet
  facet normal -2.798376e-01 -7.817063e-01 -5.573385e-01
    outer loop
      vertex  1.442379e+04 -6.081884e+03  5.095499e+03
      vertex  1.473880e+04 -6.159675e+03  5.046437e+03
      vertex  1.474106e+04 -6.281403e+03  5.216035e+03
    endloop
  endfacet
  facet normal -3.382902e-01 -7.419950e-01 -5.787945e-01
    outer loop
      vertex  1.504071e+04 -5.741408e+03  4.307791e+03
      vertex  1.472835e+04 -5.639849e+03  4.360158e+03
      vertex  1.472367e+04 -5.396496e+03  4.050925e+03
    endloop
  endfacet
  facet normal -3.403595e-01 -7.414236e-01 -5.783135e-01
    outer loop
      vertex  1.472367e+04 -5.396496e+03  4.050925e+03
      vertex  1.472835e+04 -5.639849e+03  4.360158e+03
      vertex  1.441362e+04 -5.466759e+03  4.323479e+03
    endloop
  endfacet
  facet normal -3.529986e-01 -7.269852e-01 -5.889691e-01
    outer loop
      vertex  1.472367e+04 -5.396496e+03  4.050925e+03
      vertex  1.441362e+04 -5.466759e+03  4.323479e+03
      vertex  1.441003e+04 -5.264768e+03  4.076308e+03
    endloop
  endfacet
  facet normal -3.352614e-01 -7.318936e-01 -5.932382e-01
    outer loop
      vertex  1.441003e+04 -5.264768e+03  4.076308e+03
      vertex  1.441362e+04 -5.466759e+03  4.323479e+03
      vertex  1.409896e+04 -5.355693e+03  4.364283e+03
    endloop
  endfacet
  facet normal -3.507876e-01 -7.150500e-01 -6.046913e-01
    outer loop
      vertex  1.441003e+04 -5.264768e+03  4.076308e+03
      vertex  1.409896e+04 -5.355693e+03  4.364283e+03
      vertex  1.409602e+04 -5.176409e+03  4.153982e+03
    endloop
  endfacet
  facet normal -3.278235e-01 -7.211965e-01 -6.102518e-01
    outer loop
      vertex  1.409602e+04 -5.176409e+03  4.153982e+03
      vertex  1.409896e+04 -5.355693e+03  4.364283e+03
      vertex  1.378286e+04 -5.227521e+03  4.382615e+03
    endloop
  endfacet
  facet normal -3.400861e-01 -7.042031e-01 -6.232491e-01
    outer loop
      vertex  1.409602e+04 -5.176409e+03  4.153982e+03
      vertex  1.378286e+04 -5.227521e+03  4.382615e+03
      vertex  1.377905e+04 -4.977490e+03  4.102185e+03
    endloop
  endfacet
  facet normal -3.694417e-01 -7.492505e-01 -5.496695e-01
    outer loop
      vertex  1.471665e+04 -4.356606e+03  2.701743e+03
      vertex  1.471542e+04 -4.516042e+03  2.919901e+03
      vertex  1.439949e+04 -4.300678e+03  2.838680e+03
    endloop
  endfacet
  facet normal -3.635134e-01 -7.444617e-01 -5.600311e-01
    outer loop
      vertex  1.439949e+04 -4.300678e+03  2.838680e+03
      vertex  1.471542e+04 -4.516042e+03  2.919901e+03
      vertex  1.471524e+04 -4.655020e+03  3.104762e+03
    endloop
  endfacet
  facet normal -3.822405e-01 -7.480204e-01 -5.425473e-01
    outer loop
      vertex  1.439949e+04 -4.300678e+03  2.838680e+03
      vertex  1.471524e+04 -4.655020e+03  3.104762e+03
      vertex  1.439960e+04 -4.437866e+03  3.027744e+03
    endloop
  endfacet
  facet normal -3.702802e-01 -7.381999e-01 -5.638738e-01
    outer loop
      vertex  1.439960e+04 -4.437866e+03  3.027744e+03
      vertex  1.471524e+04 -4.655020e+03  3.104762e+03
      vertex  1.471553e+04 -4.749856e+03  3.228727e+03
    endloop
  endfacet
  facet normal -3.785168e-01 -7.407865e-01 -5.549419e-01
    outer loop
      vertex  1.439960e+04 -4.437866e+03  3.027744e+03
      vertex  1.471553e+04 -4.749856e+03  3.228727e+03
      vertex  1.440049e+04 -4.589163e+03  3.229102e+03
    endloop
  endfacet
  facet normal -2.990987e-01 -8.284589e-01 -4.734932e-01
    outer loop
      vertex  1.473769e+04 -3.723358e+03  1.713725e+03
      vertex  1.473459e+04 -3.776787e+03  1.809171e+03
      vertex  1.441769e+04 -3.601378e+03  1.702437e+03
    endloop
  endfacet
  facet normal -2.922544e-01 -8.236744e-01 -4.859504e-01
    outer loop
      vertex  1.441769e+04 -3.601378e+03  1.702437e+03
      vertex  1.473459e+04 -3.776787e+03  1.809171e+03
      vertex  1.473168e+04 -3.832229e+03  1.904891e+03
    endloop
  endfacet
  facet normal -3.217374e-01 -8.327483e-01 -4.505722e-01
    outer loop
      vertex  1.441769e+04 -3.601378e+03  1.702437e+03
      vertex  1.473168e+04 -3.832229e+03  1.904891e+03
      vertex  1.441227e+04 -3.700685e+03  1.889849e+03
    endloop
  endfacet
  facet normal -3.096878e-01 -8.090827e-01 -4.994785e-01
    outer loop
      vertex  1.441227e+04 -3.700685e+03  1.889849e+03
      vertex  1.473168e+04 -3.832229e+03  1.904891e+03
      vertex  1.472653e+04 -3.948958e+03  2.097171e+03
    endloop
  endfacet
  facet normal -3.359059e-01 -8.168230e-01 -4.690068e-01
    outer loop
      vertex  1.441227e+04 -3.700685e+03  1.889849e+03
      vertex  1.472653e+04 -3.948958e+03  2.097171e+03
      vertex  1.440779e+04 -3.807106e+03  2.078402e+03
    endloop
  endfacet
  facet normal -3.226593e-01 -7.933134e-01 -5.162797e-01
    outer loop
      vertex  1.440779e+04 -3.807106e+03  2.078402e+03
      vertex  1.472653e+04 -3.948958e+03  2.097171e+03
      vertex  1.472231e+04 -4.073120e+03  2.290593e+03
    endloop
  endfacet
  facet normal -3.492465e-01 -8.009066e-01 -4.863903e-01
    outer loop
      vertex  1.440779e+04 -3.807106e+03  2.078402e+03
      vertex  1.472231e+04 -4.073120e+03  2.290593e+03
      vertex  1.440428e+04 -3.920766e+03  2.268077e+03
    endloop
  endfacet
  facet normal -3.354934e-01 -7.786725e-01 -5.302014e-01
    outer loop
      vertex  1.440428e+04 -3.920766e+03  2.268077e+03
      vertex  1.472231e+04 -4.073120e+03  2.290593e+03
      vertex  1.471908e+04 -4.204235e+03  2.485200e+03
    endloop
  endfacet
  facet normal -3.608328e-01 -7.856411e-01 -5.025613e-01
    outer loop
      vertex  1.440428e+04 -3.920766e+03  2.268077e+03
      vertex  1.471908e+04 -4.204235e+03  2.485200e+03
      vertex  1.440175e+04 -4.041660e+03  2.458886e+03
    endloop
  endfacet
  facet normal -4.990248e-02 -9.505845e-01 -3.064293e-01
    outer loop
      vertex  1.378508e+04 -7.547039e+03  7.788039e+03
      vertex  1.410645e+04 -7.564960e+03  7.791300e+03
      vertex  1.410648e+04 -7.620480e+03  7.963525e+03
    endloop
  endfacet
  facet normal -5.218919e-02 -9.504733e-01 -3.063930e-01
    outer loop
      vertex  1.410648e+04 -7.620480e+03  7.963525e+03
      vertex  1.410645e+04 -7.564960e+03  7.791300e+03
      vertex  1.442772e+04 -7.598242e+03  7.839820e+03
    endloop
  endfacet
  facet normal -4.383075e-02 -9.572544e-01 -2.859070e-01
    outer loop
      vertex  1.410648e+04 -7.620480e+03  7.963525e+03
      vertex  1.442772e+04 -7.598242e+03  7.839820e+03
      vertex  1.442775e+04 -7.647537e+03  8.004860e+03
    endloop
  endfacet
  facet normal -7.237641e-02 -9.313064e-01 -3.569736e-01
    outer loop
      vertex  1.474931e+04 -7.506352e+03  7.497498e+03
      vertex  1.442821e+04 -7.475342e+03  7.481700e+03
      vertex  1.442843e+04 -7.437588e+03  7.383157e+03
    endloop
  endfacet
  facet normal -6.895220e-02 -9.315355e-01 -3.570535e-01
    outer loop
      vertex  1.442843e+04 -7.437588e+03  7.383157e+03
      vertex  1.442821e+04 -7.475342e+03  7.481700e+03
      vertex  1.410692e+04 -7.452693e+03  7.484655e+03
    endloop
  endfacet
  facet normal -7.552816e-02 -9.232697e-01 -3.766543e-01
    outer loop
      vertex  1.442843e+04 -7.437588e+03  7.383157e+03
      vertex  1.410692e+04 -7.452693e+03  7.484655e+03
      vertex  1.410728e+04 -7.397378e+03  7.348991e+03
    endloop
  endfacet
  facet normal -6.438356e-02 -9.240039e-01 -3.769236e-01
    outer loop
      vertex  1.410728e+04 -7.397378e+03  7.348991e+03
      vertex  1.410692e+04 -7.452693e+03  7.484655e+03
      vertex  1.378557e+04 -7.420631e+03  7.460947e+03
    endloop
  endfacet
  facet normal -7.249942e-02 -9.144067e-01 -3.982517e-01
    outer loop
      vertex  1.410728e+04 -7.397378e+03  7.348991e+03
      vertex  1.378557e+04 -7.420631e+03  7.460947e+03
      vertex  1.378606e+04 -7.351635e+03  7.302441e+03
    endloop
  endfacet
  facet normal -8.380774e-02 -9.165036e-01 -3.911489e-01
    outer loop
      vertex  1.474965e+04 -7.435244e+03  7.302921e+03
      vertex  1.442868e+04 -7.398549e+03  7.285714e+03
      vertex  1.442918e+04 -7.317647e+03  7.096044e+03
    endloop
  endfacet
  facet normal -8.307578e-02 -9.165607e-01 -3.911713e-01
    outer loop
      vertex  1.442918e+04 -7.317647e+03  7.096044e+03
      vertex  1.442868e+04 -7.398549e+03  7.285714e+03
      vertex  1.410771e+04 -7.339513e+03  7.215551e+03
    endloop
  endfacet
  facet normal -9.210482e-02 -9.058349e-01 -4.134972e-01
    outer loop
      vertex  1.442918e+04 -7.317647e+03  7.096044e+03
      vertex  1.410771e+04 -7.339513e+03  7.215551e+03
      vertex  1.410804e+04 -7.295002e+03  7.117968e+03
    endloop
  endfacet
  facet normal -1.002707e-01 -8.918054e-01 -4.411678e-01
    outer loop
      vertex  1.378773e+04 -7.153666e+03  6.901336e+03
      vertex  1.410875e+04 -7.201034e+03  6.924128e+03
      vertex  1.410839e+04 -7.249183e+03  7.021540e+03
    endloop
  endfacet
  facet normal -1.051919e-01 -8.913425e-01 -4.409571e-01
    outer loop
      vertex  1.410839e+04 -7.249183e+03  7.021540e+03
      vertex  1.410875e+04 -7.201034e+03  6.924128e+03
      vertex  1.442966e+04 -7.232097e+03  6.910363e+03
    endloop
  endfacet
  facet normal -9.613678e-02 -9.039344e-01 -4.167257e-01
    outer loop
      vertex  1.410839e+04 -7.249183e+03  7.021540e+03
      vertex  1.442966e+04 -7.232097e+03  6.910363e+03
      vertex  1.442918e+04 -7.317647e+03  7.096044e+03
    endloop
  endfacet
  facet normal -2.006776e-01 -7.908383e-01 -5.781897e-01
    outer loop
      vertex  1.411036e+04 -6.404130e+03  5.652112e+03
      vertex  1.442903e+04 -6.563857e+03  5.759980e+03
      vertex  1.411064e+04 -6.485722e+03  5.763614e+03
    endloop
  endfacet
  facet normal -2.060500e-01 -8.143891e-01 -5.425071e-01
    outer loop
      vertex  1.411064e+04 -6.485722e+03  5.763614e+03
      vertex  1.442903e+04 -6.563857e+03  5.759980e+03
      vertex  1.442964e+04 -6.661041e+03  5.905636e+03
    endloop
  endfacet
  facet normal -1.858001e-01 -8.001058e-01 -5.703588e-01
    outer loop
      vertex  1.411064e+04 -6.485722e+03  5.763614e+03
      vertex  1.442964e+04 -6.661041e+03  5.905636e+03
      vertex  1.411082e+04 -6.566247e+03  5.876516e+03
    endloop
  endfacet
  facet normal -1.968166e-01 -8.247859e-01 -5.300862e-01
    outer loop
      vertex  1.411082e+04 -6.566247e+03  5.876516e+03
      vertex  1.442964e+04 -6.661041e+03  5.905636e+03
      vertex  1.443007e+04 -6.756141e+03  6.053446e+03
    endloop
  endfacet
  facet normal -1.703364e-01 -8.096617e-01 -5.616345e-01
    outer loop
      vertex  1.411082e+04 -6.566247e+03  5.876516e+03
      vertex  1.443007e+04 -6.756141e+03  6.053446e+03
      vertex  1.411090e+04 -6.644376e+03  5.989127e+03
    endloop
  endfacet
  facet normal -1.885205e-01 -8.354533e-01 -5.162149e-01
    outer loop
      vertex  1.411090e+04 -6.644376e+03  5.989127e+03
      vertex  1.443007e+04 -6.756141e+03  6.053446e+03
      vertex  1.443033e+04 -6.848932e+03  6.203528e+03
    endloop
  endfacet
  facet normal -1.542616e-01 -8.194551e-01 -5.519934e-01
    outer loop
      vertex  1.411090e+04 -6.644376e+03  5.989127e+03
      vertex  1.443033e+04 -6.848932e+03  6.203528e+03
      vertex  1.411087e+04 -6.721221e+03  6.103211e+03
    endloop
  endfacet
  facet normal -1.777894e-01 -6.968542e-01 -6.948274e-01
    outer loop
      vertex  1.267203e+04 -5.735797e+03  5.318182e+03
      vertex  1.279235e+04 -5.664811e+03  5.216201e+03
      vertex  1.279213e+04 -5.852830e+03  5.404826e+03
    endloop
  endfacet
  facet normal -1.934057e-01 -6.947559e-01 -6.927543e-01
    outer loop
      vertex  1.279213e+04 -5.852830e+03  5.404826e+03
      vertex  1.279235e+04 -5.664811e+03  5.216201e+03
      vertex  1.291247e+04 -5.752080e+03  5.270186e+03
    endloop
  endfacet
  facet normal -1.783918e-01 -7.046646e-01 -6.867490e-01
    outer loop
      vertex  1.279213e+04 -5.852830e+03  5.404826e+03
      vertex  1.291247e+04 -5.752080e+03  5.270186e+03
      vertex  1.291234e+04 -5.875106e+03  5.396455e+03
    endloop
  endfacet
  facet normal -1.971160e-01 -7.020913e-01 -6.842609e-01
    outer loop
      vertex  1.291234e+04 -5.875106e+03  5.396455e+03
      vertex  1.291247e+04 -5.752080e+03  5.270186e+03
      vertex  1.315250e+04 -5.816311e+03  5.266947e+03
    endloop
  endfacet
  facet normal -1.851122e-01 -7.191485e-01 -6.697454e-01
    outer loop
      vertex  1.291234e+04 -5.875106e+03  5.396455e+03
      vertex  1.315250e+04 -5.816311e+03  5.266947e+03
      vertex  1.315243e+04 -6.001182e+03  5.465474e+03
    endloop
  endfacet
  facet normal -2.029269e-01 -7.165667e-01 -6.673475e-01
    outer loop
      vertex  1.315243e+04 -6.001182e+03  5.465474e+03
      vertex  1.315250e+04 -5.816311e+03  5.266947e+03
      vertex  1.331238e+04 -5.920582e+03  5.330292e+03
    endloop
  endfacet
  facet normal -1.868604e-01 -7.306206e-01 -6.567167e-01
    outer loop
      vertex  1.315243e+04 -6.001182e+03  5.465474e+03
      vertex  1.331238e+04 -5.920582e+03  5.330292e+03
      vertex  1.331237e+04 -6.068387e+03  5.494733e+03
    endloop
  endfacet
  facet normal -2.018220e-01 -7.284156e-01 -6.547354e-01
    outer loop
      vertex  1.331237e+04 -6.068387e+03  5.494733e+03
      vertex  1.331238e+04 -5.920582e+03  5.330292e+03
      vertex  1.347215e+04 -6.032047e+03  5.405049e+03
    endloop
  endfacet
  facet normal -1.918990e-01 -7.418637e-01 -6.425053e-01
    outer loop
      vertex  1.331237e+04 -6.068387e+03  5.494733e+03
      vertex  1.347215e+04 -6.032047e+03  5.405049e+03
      vertex  1.347219e+04 -6.131494e+03  5.519863e+03
    endloop
  endfacet
  facet normal -2.120861e-01 -7.387199e-01 -6.397753e-01
    outer loop
      vertex  1.347219e+04 -6.131494e+03  5.519863e+03
      vertex  1.347215e+04 -6.032047e+03  5.405049e+03
      vertex  1.379103e+04 -6.097964e+03  5.375455e+03
    endloop
  endfacet
  facet normal -2.001495e-01 -7.599826e-01 -6.183579e-01
    outer loop
      vertex  1.347219e+04 -6.131494e+03  5.519863e+03
      vertex  1.379103e+04 -6.097964e+03  5.375455e+03
      vertex  1.379150e+04 -6.270851e+03  5.587786e+03
    endloop
  endfacet
  facet normal -2.120046e-01 -7.580594e-01 -6.167657e-01
    outer loop
      vertex  1.379150e+04 -6.270851e+03  5.587786e+03
      vertex  1.379103e+04 -6.097964e+03  5.375455e+03
      vertex  1.410989e+04 -6.307681e+03  5.523610e+03
    endloop
  endfacet
  facet normal -2.087501e-01 -7.825288e-01 -5.865767e-01
    outer loop
      vertex  1.379150e+04 -6.270851e+03  5.587786e+03
      vertex  1.410989e+04 -6.307681e+03  5.523610e+03
      vertex  1.411036e+04 -6.404130e+03  5.652112e+03
    endloop
  endfacet
  facet normal -2.105749e-01 -7.822189e-01 -5.863376e-01
    outer loop
      vertex  1.411036e+04 -6.404130e+03  5.652112e+03
      vertex  1.410989e+04 -6.307681e+03  5.523610e+03
      vertex  1.442845e+04 -6.489740e+03  5.652083e+03
    endloop
  endfacet
  facet normal -2.167585e-01 -8.052065e-01 -5.519586e-01
    outer loop
      vertex  1.411036e+04 -6.404130e+03  5.652112e+03
      vertex  1.442845e+04 -6.489740e+03  5.652083e+03
      vertex  1.442903e+04 -6.563857e+03  5.759980e+03
    endloop
  endfacet
  facet normal -1.926680e-01 -6.840866e-01 -7.034945e-01
    outer loop
      vertex  1.279235e+04 -5.664811e+03  5.216201e+03
      vertex  1.267203e+04 -5.735797e+03  5.318182e+03
      vertex  1.267215e+04 -5.568487e+03  5.155454e+03
    endloop
  endfacet
  facet normal -1.750321e-01 -6.863932e-01 -7.058527e-01
    outer loop
      vertex  1.267215e+04 -5.568487e+03  5.155454e+03
      vertex  1.267203e+04 -5.735797e+03  5.318182e+03
      vertex  1.251147e+04 -5.742409e+03  5.364425e+03
    endloop
  endfacet
  facet normal -1.904698e-01 -6.775626e-01 -7.103733e-01
    outer loop
      vertex  1.267215e+04 -5.568487e+03  5.155454e+03
      vertex  1.251147e+04 -5.742409e+03  5.364425e+03
      vertex  1.251176e+04 -5.535688e+03  5.167174e+03
    endloop
  endfacet
  facet normal -1.717605e-01 -6.799551e-01 -7.128530e-01
    outer loop
      vertex  1.251176e+04 -5.535688e+03  5.167174e+03
      vertex  1.251147e+04 -5.742409e+03  5.364425e+03
      vertex  1.235107e+04 -5.615423e+03  5.281947e+03
    endloop
  endfacet
  facet normal -1.854791e-01 -6.660986e-01 -7.224336e-01
    outer loop
      vertex  1.251176e+04 -5.535688e+03  5.167174e+03
      vertex  1.235107e+04 -5.615423e+03  5.281947e+03
      vertex  1.235125e+04 -5.439480e+03  5.119679e+03
    endloop
  endfacet
  facet normal -1.688933e-01 -6.681320e-01 -7.246204e-01
    outer loop
      vertex  1.235125e+04 -5.439480e+03  5.119679e+03
      vertex  1.235107e+04 -5.615423e+03  5.281947e+03
      vertex  1.219026e+04 -5.624941e+03  5.328204e+03
    endloop
  endfacet
  facet normal -1.832046e-01 -6.600828e-01 -7.285100e-01
    outer loop
      vertex  1.235125e+04 -5.439480e+03  5.119679e+03
      vertex  1.219026e+04 -5.624941e+03  5.328204e+03
      vertex  1.219058e+04 -5.408450e+03  5.131968e+03
    endloop
  endfacet
  facet normal -1.629567e-01 -6.624888e-01 -7.311317e-01
    outer loop
      vertex  1.219058e+04 -5.408450e+03  5.131968e+03
      vertex  1.219026e+04 -5.624941e+03  5.328204e+03
      vertex  1.209523e+04 -5.612282e+03  5.337916e+03
    endloop
  endfacet
  facet normal -1.715928e-01 -6.593336e-01 -7.320076e-01
    outer loop
      vertex  1.219058e+04 -5.408450e+03  5.131968e+03
      vertex  1.209523e+04 -5.612282e+03  5.337916e+03
      vertex  1.209551e+04 -5.461072e+03  5.201651e+03
    endloop
  endfacet
  facet normal -1.625002e-01 -6.603745e-01 -7.331434e-01
    outer loop
      vertex  1.209551e+04 -5.461072e+03  5.201651e+03
      vertex  1.209523e+04 -5.612282e+03  5.337916e+03
      vertex  1.200002e+04 -5.644264e+03  5.387825e+03
    endloop
  endfacet
  facet normal -1.660072e-01 -6.590024e-01 -7.335920e-01
    outer loop
      vertex  1.209551e+04 -5.461072e+03  5.201651e+03
      vertex  1.200002e+04 -5.644264e+03  5.387825e+03
      vertex  1.200037e+04 -5.496653e+03  5.255145e+03
    endloop
  endfacet
  facet normal -1.554524e-01 -6.601651e-01 -7.348582e-01
    outer loop
      vertex  1.200037e+04 -5.496653e+03  5.255145e+03
      vertex  1.200002e+04 -5.644264e+03  5.387825e+03
      vertex  1.191120e+04 -5.618683e+03  5.383634e+03
    endloop
  endfacet
  facet normal -1.668473e-01 -6.545200e-01 -7.374046e-01
    outer loop
      vertex  1.200037e+04 -5.496653e+03  5.255145e+03
      vertex  1.191120e+04 -5.618683e+03  5.383634e+03
      vertex  1.191154e+04 -5.468278e+03  5.250058e+03
    endloop
  endfacet
  facet normal -1.548156e-01 -6.558371e-01 -7.388572e-01
    outer loop
      vertex  1.191154e+04 -5.468278e+03  5.250058e+03
      vertex  1.191120e+04 -5.618683e+03  5.383634e+03
      vertex  1.182234e+04 -5.594458e+03  5.380750e+03
    endloop
  endfacet
  facet normal -1.659779e-01 -6.504055e-01 -7.412315e-01
    outer loop
      vertex  1.191154e+04 -5.468278e+03  5.250058e+03
      vertex  1.182234e+04 -5.594458e+03  5.380750e+03
      vertex  1.182267e+04 -5.441301e+03  5.246287e+03
    endloop
  endfacet
  facet normal -1.558160e-01 -6.515107e-01 -7.424655e-01
    outer loop
      vertex  1.182267e+04 -5.441301e+03  5.246287e+03
      vertex  1.182234e+04 -5.594458e+03  5.380750e+03
      vertex  1.169947e+04 -5.623879e+03  5.432354e+03
    endloop
  endfacet
  facet normal -1.598042e-01 -6.496324e-01 -7.432632e-01
    outer loop
      vertex  1.182267e+04 -5.441301e+03  5.246287e+03
      vertex  1.169947e+04 -5.623879e+03  5.432354e+03
      vertex  1.169982e+04 -5.473566e+03  5.300900e+03
    endloop
  endfacet
  facet normal -2.301159e-01 -7.968574e-01 -5.586279e-01
    outer loop
      vertex  1.442845e+04 -6.489740e+03  5.652083e+03
      vertex  1.410989e+04 -6.307681e+03  5.523610e+03
      vertex  1.442777e+04 -6.414675e+03  5.545286e+03
    endloop
  endfacet
  facet normal -2.199041e-01 -7.737137e-01 -5.941459e-01
    outer loop
      vertex  1.442777e+04 -6.414675e+03  5.545286e+03
      vertex  1.410989e+04 -6.307681e+03  5.523610e+03
      vertex  1.410928e+04 -6.210164e+03  5.396847e+03
    endloop
  endfacet
  facet normal -2.419903e-01 -7.878860e-01 -5.662829e-01
    outer loop
      vertex  1.442777e+04 -6.414675e+03  5.545286e+03
      vertex  1.410928e+04 -6.210164e+03  5.396847e+03
      vertex  1.442663e+04 -6.305116e+03  5.393342e+03
    endloop
  endfacet
  facet normal -2.353600e-01 -7.644761e-01 -6.001515e-01
    outer loop
      vertex  1.442663e+04 -6.305116e+03  5.393342e+03
      vertex  1.410928e+04 -6.210164e+03  5.396847e+03
      vertex  1.410846e+04 -6.104126e+03  5.262097e+03
    endloop
  endfacet
  facet normal -2.547224e-01 -7.781344e-01 -5.741283e-01
    outer loop
      vertex  1.442663e+04 -6.305116e+03  5.393342e+03
      vertex  1.410846e+04 -6.104126e+03  5.262097e+03
      vertex  1.442530e+04 -6.194088e+03  5.243454e+03
    endloop
  endfacet
  facet normal -2.501951e-01 -7.557555e-01 -6.051744e-01
    outer loop
      vertex  1.442530e+04 -6.194088e+03  5.243454e+03
      vertex  1.410846e+04 -6.104126e+03  5.262097e+03
      vertex  1.410748e+04 -5.997349e+03  5.129156e+03
    endloop
  endfacet
  facet normal -2.673199e-01 -7.691038e-01 -5.805336e-01
    outer loop
      vertex  1.442530e+04 -6.194088e+03  5.243454e+03
      vertex  1.410748e+04 -5.997349e+03  5.129156e+03
      vertex  1.442379e+04 -6.081884e+03  5.095499e+03
    endloop
  endfacet
  facet normal -3.843074e-01 -7.480611e-01 -5.410292e-01
    outer loop
      vertex  1.408348e+04 -4.348779e+03  3.129120e+03
      vertex  1.408250e+04 -4.228331e+03  2.963275e+03
      vertex  1.439960e+04 -4.437866e+03  3.027744e+03
    endloop
  endfacet
  facet normal -3.925453e-01 -7.554657e-01 -5.245758e-01
    outer loop
      vertex  1.439960e+04 -4.437866e+03  3.027744e+03
      vertex  1.408250e+04 -4.228331e+03  2.963275e+03
      vertex  1.408204e+04 -4.113634e+03  2.798441e+03
    endloop
  endfacet
  facet normal -3.734116e-01 -7.509340e-01 -5.446668e-01
    outer loop
      vertex  1.439960e+04 -4.437866e+03  3.027744e+03
      vertex  1.408204e+04 -4.113634e+03  2.798441e+03
      vertex  1.439949e+04 -4.300678e+03  2.838680e+03
    endloop
  endfacet
  facet normal -3.877446e-01 -7.678075e-01 -5.100252e-01
    outer loop
      vertex  1.439949e+04 -4.300678e+03  2.838680e+03
      vertex  1.408204e+04 -4.113634e+03  2.798441e+03
      vertex  1.408215e+04 -4.004708e+03  2.634371e+03
    endloop
  endfacet
  facet normal -3.676531e-01 -7.620952e-01 -5.329562e-01
    outer loop
      vertex  1.439949e+04 -4.300678e+03  2.838680e+03
      vertex  1.408215e+04 -4.004708e+03  2.634371e+03
      vertex  1.440017e+04 -4.169658e+03  2.650864e+03
    endloop
  endfacet
  facet normal -2.992979e-01 -8.634729e-01 -4.059989e-01
    outer loop
      vertex  1.396416e+04 -3.391185e+03  1.600000e+03
      vertex  1.431437e+04 -3.512575e+03  1.600000e+03
      vertex  1.409883e+04 -3.452723e+03  1.631601e+03
    endloop
  endfacet
  facet normal -2.995659e-01 -8.495046e-01 -4.342836e-01
    outer loop
      vertex  1.409883e+04 -3.452723e+03  1.631601e+03
      vertex  1.431437e+04 -3.512575e+03  1.600000e+03
      vertex  1.441769e+04 -3.601378e+03  1.702437e+03
    endloop
  endfacet
  facet normal -3.072037e-01 -8.565447e-01 -4.146771e-01
    outer loop
      vertex  1.409883e+04 -3.452723e+03  1.631601e+03
      vertex  1.441769e+04 -3.601378e+03  1.702437e+03
      vertex  1.409514e+04 -3.510955e+03  1.754621e+03
    endloop
  endfacet
  facet normal -3.078289e-01 -8.369936e-01 -4.524192e-01
    outer loop
      vertex  1.409514e+04 -3.510955e+03  1.754621e+03
      vertex  1.441769e+04 -3.601378e+03  1.702437e+03
      vertex  1.441227e+04 -3.700685e+03  1.889849e+03
    endloop
  endfacet
  facet normal -3.250843e-01 -8.454200e-01 -4.237751e-01
    outer loop
      vertex  1.409514e+04 -3.510955e+03  1.754621e+03
      vertex  1.441227e+04 -3.700685e+03  1.889849e+03
      vertex  1.409210e+04 -3.567769e+03  1.870291e+03
    endloop
  endfacet
  facet normal -3.131591e-01 -8.238547e-01 -4.724351e-01
    outer loop
      vertex  1.409210e+04 -3.567769e+03  1.870291e+03
      vertex  1.441227e+04 -3.700685e+03  1.889849e+03
      vertex  1.440779e+04 -3.807106e+03  2.078402e+03
    endloop
  endfacet
  facet normal -3.459315e-01 -8.325288e-01 -4.326976e-01
    outer loop
      vertex  1.409210e+04 -3.567769e+03  1.870291e+03
      vertex  1.440779e+04 -3.807106e+03  2.078402e+03
      vertex  1.408948e+04 -3.627030e+03  1.986407e+03
    endloop
  endfacet
  facet normal -3.088976e-01 -8.560289e-01 -4.144838e-01
    outer loop
      vertex  1.409883e+04 -3.452723e+03  1.631601e+03
      vertex  1.409514e+04 -3.510955e+03  1.754621e+03
      vertex  1.377443e+04 -3.379458e+03  1.722052e+03
    endloop
  endfacet
  facet normal -3.058010e-01 -8.513772e-01 -4.261953e-01
    outer loop
      vertex  1.377443e+04 -3.379458e+03  1.722052e+03
      vertex  1.409514e+04 -3.510955e+03  1.754621e+03
      vertex  1.409210e+04 -3.567769e+03  1.870291e+03
    endloop
  endfacet
  facet normal -3.292738e-01 -8.608607e-01 -3.879403e-01
    outer loop
      vertex  1.377443e+04 -3.379458e+03  1.722052e+03
      vertex  1.409210e+04 -3.567769e+03  1.870291e+03
      vertex  1.377158e+04 -3.428108e+03  1.832431e+03
    endloop
  endfacet
  facet normal -3.154070e-01 -8.423396e-01 -4.370155e-01
    outer loop
      vertex  1.377158e+04 -3.428108e+03  1.832431e+03
      vertex  1.409210e+04 -3.567769e+03  1.870291e+03
      vertex  1.408948e+04 -3.627030e+03  1.986407e+03
    endloop
  endfacet
  facet normal -3.403223e-01 -8.519375e-01 -3.979737e-01
    outer loop
      vertex  1.377158e+04 -3.428108e+03  1.832431e+03
      vertex  1.408948e+04 -3.627030e+03  1.986407e+03
      vertex  1.376843e+04 -3.496272e+03  1.981037e+03
    endloop
  endfacet
  facet normal -3.303639e-01 -8.296263e-01 -4.500888e-01
    outer loop
      vertex  1.376843e+04 -3.496272e+03  1.981037e+03
      vertex  1.408948e+04 -3.627030e+03  1.986407e+03
      vertex  1.408654e+04 -3.713089e+03  2.147195e+03
    endloop
  endfacet
  facet normal -3.566173e-01 -8.386771e-01 -4.116368e-01
    outer loop
      vertex  1.376843e+04 -3.496272e+03  1.981037e+03
      vertex  1.408654e+04 -3.713089e+03  2.147195e+03
      vertex  1.376604e+04 -3.568528e+03  2.130325e+03
    endloop
  endfacet
  facet normal -3.432437e-01 -8.153918e-01 -4.661758e-01
    outer loop
      vertex  1.376604e+04 -3.568528e+03  2.130325e+03
      vertex  1.408654e+04 -3.713089e+03  2.147195e+03
      vertex  1.408436e+04 -3.804554e+03  2.308781e+03
    endloop
  endfacet
  facet normal -3.710167e-01 -8.240607e-01 -4.281011e-01
    outer loop
      vertex  1.376604e+04 -3.568528e+03  2.130325e+03
      vertex  1.408436e+04 -3.804554e+03  2.308781e+03
      vertex  1.376429e+04 -3.650274e+03  2.289201e+03
    endloop
  endfacet
  facet normal -3.563207e-01 -8.004178e-01 -4.820444e-01
    outer loop
      vertex  1.376429e+04 -3.650274e+03  2.289201e+03
      vertex  1.408436e+04 -3.804554e+03  2.308781e+03
      vertex  1.408291e+04 -3.901704e+03  2.471166e+03
    endloop
  endfacet
  facet normal -3.829467e-01 -8.085834e-01 -4.467042e-01
    outer loop
      vertex  1.376429e+04 -3.650274e+03  2.289201e+03
      vertex  1.408291e+04 -3.901704e+03  2.471166e+03
      vertex  1.376329e+04 -3.737974e+03  2.448805e+03
    endloop
  endfacet
  facet normal -6.770885e-02 -9.043369e-01 -4.214146e-01
    outer loop
      vertex  1.378657e+04 -7.288272e+03  7.166384e+03
      vertex  1.410728e+04 -7.397378e+03  7.348991e+03
      vertex  1.378606e+04 -7.351635e+03  7.302441e+03
    endloop
  endfacet
  facet normal -8.511626e-02 -9.140241e-01 -3.966300e-01
    outer loop
      vertex  1.410728e+04 -7.397378e+03  7.348991e+03
      vertex  1.378657e+04 -7.288272e+03  7.166384e+03
      vertex  1.410771e+04 -7.339513e+03  7.215551e+03
    endloop
  endfacet
  facet normal -7.498173e-02 -8.939326e-01 -4.418848e-01
    outer loop
      vertex  1.410771e+04 -7.339513e+03  7.215551e+03
      vertex  1.378657e+04 -7.288272e+03  7.166384e+03
      vertex  1.378714e+04 -7.222241e+03  7.032708e+03
    endloop
  endfacet
  facet normal -9.548949e-02 -9.055403e-01 -4.133746e-01
    outer loop
      vertex  1.410771e+04 -7.339513e+03  7.215551e+03
      vertex  1.378714e+04 -7.222241e+03  7.032708e+03
      vertex  1.410804e+04 -7.295002e+03  7.117968e+03
    endloop
  endfacet
  facet normal -7.771014e-02 -8.836647e-01 -4.616252e-01
    outer loop
      vertex  1.410804e+04 -7.295002e+03  7.117968e+03
      vertex  1.378714e+04 -7.222241e+03  7.032708e+03
      vertex  1.378773e+04 -7.153666e+03  6.901336e+03
    endloop
  endfacet
  facet normal -1.073761e-01 -8.978471e-01 -4.270139e-01
    outer loop
      vertex  1.410804e+04 -7.295002e+03  7.117968e+03
      vertex  1.378773e+04 -7.153666e+03  6.901336e+03
      vertex  1.410839e+04 -7.249183e+03  7.021540e+03
    endloop
  endfacet
  facet normal -1.051126e-01 -8.845130e-01 -4.545196e-01
    outer loop
      vertex  1.442966e+04 -7.232097e+03  6.910363e+03
      vertex  1.410875e+04 -7.201034e+03  6.924128e+03
      vertex  1.410910e+04 -7.151609e+03  6.827863e+03
    endloop
  endfacet
  facet normal -9.831821e-02 -8.851411e-01 -4.548173e-01
    outer loop
      vertex  1.410910e+04 -7.151609e+03  6.827863e+03
      vertex  1.410875e+04 -7.201034e+03  6.924128e+03
      vertex  1.378773e+04 -7.153666e+03  6.901336e+03
    endloop
  endfacet
  facet normal -1.035020e-01 -8.727095e-01 -4.771430e-01
    outer loop
      vertex  1.410910e+04 -7.151609e+03  6.827863e+03
      vertex  1.378773e+04 -7.153666e+03  6.901336e+03
      vertex  1.378818e+04 -7.101277e+03  6.805418e+03
    endloop
  endfacet
  facet normal -9.341150e-02 -8.736057e-01 -4.775852e-01
    outer loop
      vertex  1.378818e+04 -7.101277e+03  6.805418e+03
      vertex  1.378773e+04 -7.153666e+03  6.901336e+03
      vertex  1.346666e+04 -7.096311e+03  6.859221e+03
    endloop
  endfacet
  facet normal -9.796119e-02 -8.567581e-01 -5.063292e-01
    outer loop
      vertex  1.378818e+04 -7.101277e+03  6.805418e+03
      vertex  1.346666e+04 -7.096311e+03  6.859221e+03
      vertex  1.346758e+04 -6.998944e+03  6.694291e+03
    endloop
  endfacet
  facet normal -9.818458e-02 -7.979601e-01 -5.946591e-01
    outer loop
      vertex  1.250536e+04 -6.691777e+03  6.414822e+03
      vertex  1.266627e+04 -6.691049e+03  6.387278e+03
      vertex  1.266556e+04 -6.764109e+03  6.485432e+03
    endloop
  endfacet
  facet normal -1.009606e-01 -7.977278e-01 -5.945060e-01
    outer loop
      vertex  1.266556e+04 -6.764109e+03  6.485432e+03
      vertex  1.266627e+04 -6.691049e+03  6.387278e+03
      vertex  1.278636e+04 -6.750618e+03  6.446814e+03
    endloop
  endfacet
  facet normal -9.544360e-02 -8.083241e-01 -5.809498e-01
    outer loop
      vertex  1.266556e+04 -6.764109e+03  6.485432e+03
      vertex  1.278636e+04 -6.750618e+03  6.446814e+03
      vertex  1.278567e+04 -6.820954e+03  6.544792e+03
    endloop
  endfacet
  facet normal -1.007577e-01 -8.078808e-01 -5.806690e-01
    outer loop
      vertex  1.278567e+04 -6.820954e+03  6.544792e+03
      vertex  1.278636e+04 -6.750618e+03  6.446814e+03
      vertex  1.290709e+04 -6.743843e+03  6.416439e+03
    endloop
  endfacet
  facet normal -9.136668e-02 -8.130940e-01 -5.749177e-01
    outer loop
      vertex  1.278567e+04 -6.820954e+03  6.544792e+03
      vertex  1.290709e+04 -6.743843e+03  6.416439e+03
      vertex  1.290594e+04 -6.861060e+03  6.582398e+03
    endloop
  endfacet
  facet normal -1.042367e-01 -8.120191e-01 -5.742472e-01
    outer loop
      vertex  1.290594e+04 -6.861060e+03  6.582398e+03
      vertex  1.290709e+04 -6.743843e+03  6.416439e+03
      vertex  1.314747e+04 -6.837039e+03  6.504589e+03
    endloop
  endfacet
  facet normal -9.664540e-02 -8.261804e-01 -5.550546e-01
    outer loop
      vertex  1.290594e+04 -6.861060e+03  6.582398e+03
      vertex  1.314747e+04 -6.837039e+03  6.504589e+03
      vertex  1.314684e+04 -6.903207e+03  6.603189e+03
    endloop
  endfacet
  facet normal -1.056920e-01 -8.253893e-01 -5.545823e-01
    outer loop
      vertex  1.314684e+04 -6.903207e+03  6.603189e+03
      vertex  1.314747e+04 -6.837039e+03  6.504589e+03
      vertex  1.330790e+04 -6.878727e+03  6.536061e+03
    endloop
  endfacet
  facet normal -9.927967e-02 -8.342218e-01 -5.424182e-01
    outer loop
      vertex  1.314684e+04 -6.903207e+03  6.603189e+03
      vertex  1.330790e+04 -6.878727e+03  6.536061e+03
      vertex  1.330732e+04 -6.939992e+03  6.630390e+03
    endloop
  endfacet
  facet normal -1.088012e-01 -8.333600e-01 -5.419165e-01
    outer loop
      vertex  1.330732e+04 -6.939992e+03  6.630390e+03
      vertex  1.330790e+04 -6.878727e+03  6.536061e+03
      vertex  1.346849e+04 -6.897766e+03  6.533096e+03
    endloop
  endfacet
  facet normal -9.884861e-02 -8.425754e-01 -5.294296e-01
    outer loop
      vertex  1.330732e+04 -6.939992e+03  6.630390e+03
      vertex  1.346849e+04 -6.897766e+03  6.533096e+03
      vertex  1.346758e+04 -6.998944e+03  6.694291e+03
    endloop
  endfacet
  facet normal -1.108371e-01 -8.414742e-01 -5.288064e-01
    outer loop
      vertex  1.346758e+04 -6.998944e+03  6.694291e+03
      vertex  1.346849e+04 -6.897766e+03  6.533096e+03
      vertex  1.378907e+04 -6.991408e+03  6.614913e+03
    endloop
  endfacet
  facet normal -1.042659e-01 -8.575527e-01 -5.037184e-01
    outer loop
      vertex  1.346758e+04 -6.998944e+03  6.694291e+03
      vertex  1.378907e+04 -6.991408e+03  6.614913e+03
      vertex  1.378863e+04 -7.047616e+03  6.710696e+03
    endloop
  endfacet
  facet normal -1.167110e-01 -8.563340e-01 -5.030611e-01
    outer loop
      vertex  1.378863e+04 -7.047616e+03  6.710696e+03
      vertex  1.378907e+04 -6.991408e+03  6.614913e+03
      vertex  1.410975e+04 -7.050260e+03  6.640697e+03
    endloop
  endfacet
  facet normal -1.104211e-01 -8.738201e-01 -4.735456e-01
    outer loop
      vertex  1.378863e+04 -7.047616e+03  6.710696e+03
      vertex  1.410975e+04 -7.050260e+03  6.640697e+03
      vertex  1.410910e+04 -7.151609e+03  6.827863e+03
    endloop
  endfacet
  facet normal -1.455105e-01 -8.224597e-01 -5.498971e-01
    outer loop
      vertex  1.379018e+04 -6.830332e+03  6.356912e+03
      vertex  1.379076e+04 -6.723459e+03  6.196915e+03
      vertex  1.411067e+04 -6.834667e+03  6.278589e+03
    endloop
  endfacet
  facet normal -1.369090e-01 -8.112928e-01 -5.683835e-01
    outer loop
      vertex  1.411067e+04 -6.834667e+03  6.278589e+03
      vertex  1.379076e+04 -6.723459e+03  6.196915e+03
      vertex  1.379119e+04 -6.613715e+03  6.040164e+03
    endloop
  endfacet
  facet normal -1.725596e-01 -8.269575e-01 -5.351304e-01
    outer loop
      vertex  1.411067e+04 -6.834667e+03  6.278589e+03
      vertex  1.379119e+04 -6.613715e+03  6.040164e+03
      vertex  1.411087e+04 -6.721221e+03  6.103211e+03
    endloop
  endfacet
  facet normal -1.541451e-01 -7.991331e-01 -5.810558e-01
    outer loop
      vertex  1.411087e+04 -6.721221e+03  6.103211e+03
      vertex  1.379119e+04 -6.613715e+03  6.040164e+03
      vertex  1.379142e+04 -6.530940e+03  5.926264e+03
    endloop
  endfacet
  facet normal -1.814880e-01 -8.156068e-01 -5.494066e-01
    outer loop
      vertex  1.411087e+04 -6.721221e+03  6.103211e+03
      vertex  1.379142e+04 -6.530940e+03  5.926264e+03
      vertex  1.411090e+04 -6.644376e+03  5.989127e+03
    endloop
  endfacet
  facet normal -1.641140e-01 -7.897573e-01 -5.910584e-01
    outer loop
      vertex  1.411090e+04 -6.644376e+03  5.989127e+03
      vertex  1.379142e+04 -6.530940e+03  5.926264e+03
      vertex  1.379155e+04 -6.446937e+03  5.813984e+03
    endloop
  endfacet
  facet normal -1.917947e-01 -8.064222e-01 -5.593728e-01
    outer loop
      vertex  1.411090e+04 -6.644376e+03  5.989127e+03
      vertex  1.379155e+04 -6.446937e+03  5.813984e+03
      vertex  1.411082e+04 -6.566247e+03  5.876516e+03
    endloop
  endfacet
  facet normal -1.741805e-01 -7.806720e-01 -6.001769e-01
    outer loop
      vertex  1.411082e+04 -6.566247e+03  5.876516e+03
      vertex  1.379155e+04 -6.446937e+03  5.813984e+03
      vertex  1.379158e+04 -6.359386e+03  5.700095e+03
    endloop
  endfacet
  facet normal -2.025822e-01 -7.974135e-01 -5.684121e-01
    outer loop
      vertex  1.411082e+04 -6.566247e+03  5.876516e+03
      vertex  1.379158e+04 -6.359386e+03  5.700095e+03
      vertex  1.411064e+04 -6.485722e+03  5.763614e+03
    endloop
  endfacet
  facet normal -1.845256e-01 -7.719020e-01 -6.083729e-01
    outer loop
      vertex  1.411064e+04 -6.485722e+03  5.763614e+03
      vertex  1.379158e+04 -6.359386e+03  5.700095e+03
      vertex  1.379150e+04 -6.270851e+03  5.587786e+03
    endloop
  endfacet
  facet normal -2.133414e-01 -7.886913e-01 -5.765862e-01
    outer loop
      vertex  1.411064e+04 -6.485722e+03  5.763614e+03
      vertex  1.379150e+04 -6.270851e+03  5.587786e+03
      vertex  1.411036e+04 -6.404130e+03  5.652112e+03
    endloop
  endfacet
  facet normal -2.262031e-01 -7.088201e-01 -6.681364e-01
    outer loop
      vertex  1.315215e+04 -5.630904e+03  5.073872e+03
      vertex  1.331155e+04 -5.620683e+03  5.009063e+03
      vertex  1.331211e+04 -5.772066e+03  5.169475e+03
    endloop
  endfacet
  facet normal -2.289846e-01 -7.083520e-01 -6.676850e-01
    outer loop
      vertex  1.331211e+04 -5.772066e+03  5.169475e+03
      vertex  1.331155e+04 -5.620683e+03  5.009063e+03
      vertex  1.347144e+04 -5.770415e+03  5.113080e+03
    endloop
  endfacet
  facet normal -2.239841e-01 -7.225987e-01 -6.539742e-01
    outer loop
      vertex  1.331211e+04 -5.772066e+03  5.169475e+03
      vertex  1.347144e+04 -5.770415e+03  5.113080e+03
      vertex  1.347191e+04 -5.901440e+03  5.257694e+03
    endloop
  endfacet
  facet normal -2.326059e-01 -7.211143e-01 -6.526015e-01
    outer loop
      vertex  1.347191e+04 -5.901440e+03  5.257694e+03
      vertex  1.347144e+04 -5.770415e+03  5.113080e+03
      vertex  1.379014e+04 -5.923179e+03  5.168289e+03
    endloop
  endfacet
  facet normal -2.271505e-01 -7.448123e-01 -6.274212e-01
    outer loop
      vertex  1.347191e+04 -5.901440e+03  5.257694e+03
      vertex  1.379014e+04 -5.923179e+03  5.168289e+03
      vertex  1.379103e+04 -6.097964e+03  5.375455e+03
    endloop
  endfacet
  facet normal -2.378776e-01 -7.428748e-01 -6.257405e-01
    outer loop
      vertex  1.379103e+04 -6.097964e+03  5.375455e+03
      vertex  1.379014e+04 -5.923179e+03  5.168289e+03
      vertex  1.410846e+04 -6.104126e+03  5.262097e+03
    endloop
  endfacet
  facet normal -2.294972e-01 -7.655599e-01 -6.010401e-01
    outer loop
      vertex  1.379103e+04 -6.097964e+03  5.375455e+03
      vertex  1.410846e+04 -6.104126e+03  5.262097e+03
      vertex  1.410928e+04 -6.210164e+03  5.396847e+03
    endloop
  endfacet
  facet normal -2.411145e-01 -7.140590e-01 -6.572545e-01
    outer loop
      vertex  1.331155e+04 -5.620683e+03  5.009063e+03
      vertex  1.347075e+04 -5.639437e+03  4.971033e+03
      vertex  1.347144e+04 -5.770415e+03  5.113080e+03
    endloop
  endfacet
  facet normal -2.528566e-01 -7.118871e-01 -6.551949e-01
    outer loop
      vertex  1.347144e+04 -5.770415e+03  5.113080e+03
      vertex  1.347075e+04 -5.639437e+03  4.971033e+03
      vertex  1.378884e+04 -5.747640e+03  4.965841e+03
    endloop
  endfacet
  facet normal -2.418104e-01 -7.338776e-01 -6.347845e-01
    outer loop
      vertex  1.347144e+04 -5.770415e+03  5.113080e+03
      vertex  1.378884e+04 -5.747640e+03  4.965841e+03
      vertex  1.379014e+04 -5.923179e+03  5.168289e+03
    endloop
  endfacet
  facet normal -2.493146e-01 -7.324651e-01 -6.335117e-01
    outer loop
      vertex  1.379014e+04 -5.923179e+03  5.168289e+03
      vertex  1.378884e+04 -5.747640e+03  4.965841e+03
      vertex  1.410748e+04 -5.997349e+03  5.129156e+03
    endloop
  endfacet
  facet normal -2.511966e-01 -7.555569e-01 -6.050076e-01
    outer loop
      vertex  1.379014e+04 -5.923179e+03  5.168289e+03
      vertex  1.410748e+04 -5.997349e+03  5.129156e+03
      vertex  1.410846e+04 -6.104126e+03  5.262097e+03
    endloop
  endfacet
  facet normal -3.534522e-01 -7.078299e-01 -6.115949e-01
    outer loop
      vertex  1.346078e+04 -4.760583e+03  4.035083e+03
      vertex  1.377504e+04 -4.738281e+03  3.827655e+03
      vertex  1.377905e+04 -4.977490e+03  4.102185e+03
    endloop
  endfacet
  facet normal -3.655113e-01 -7.044142e-01 -6.084425e-01
    outer loop
      vertex  1.377905e+04 -4.977490e+03  4.102185e+03
      vertex  1.377504e+04 -4.738281e+03  3.827655e+03
      vertex  1.409109e+04 -4.883575e+03  3.806007e+03
    endloop
  endfacet
  facet normal -3.528529e-01 -7.183707e-01 -5.995319e-01
    outer loop
      vertex  1.377905e+04 -4.977490e+03  4.102185e+03
      vertex  1.409109e+04 -4.883575e+03  3.806007e+03
      vertex  1.409602e+04 -5.176409e+03  4.153982e+03
    endloop
  endfacet
  facet normal -3.766736e-01 -8.407201e-01 -3.889817e-01
    outer loop
      vertex  1.328261e+04 -3.420359e+03  2.262708e+03
      vertex  1.344440e+04 -3.438844e+03  2.145992e+03
      vertex  1.344355e+04 -3.481842e+03  2.239747e+03
    endloop
  endfacet
  facet normal -3.604273e-01 -8.466312e-01 -3.915455e-01
    outer loop
      vertex  1.344355e+04 -3.481842e+03  2.239747e+03
      vertex  1.344440e+04 -3.438844e+03  2.145992e+03
      vertex  1.376604e+04 -3.568528e+03  2.130325e+03
    endloop
  endfacet
  facet normal -3.673341e-01 -8.253782e-01 -4.287383e-01
    outer loop
      vertex  1.344355e+04 -3.481842e+03  2.239747e+03
      vertex  1.376604e+04 -3.568528e+03  2.130325e+03
      vertex  1.376429e+04 -3.650274e+03  2.289201e+03
    endloop
  endfacet
  facet normal -3.646418e-01 -8.544223e-01 -3.701335e-01
    outer loop
      vertex  1.344440e+04 -3.438844e+03  2.145992e+03
      vertex  1.328261e+04 -3.420359e+03  2.262708e+03
      vertex  1.328389e+04 -3.353754e+03  2.107691e+03
    endloop
  endfacet
  facet normal -3.784479e-01 -8.493040e-01 -3.680486e-01
    outer loop
      vertex  1.328389e+04 -3.353754e+03  2.107691e+03
      vertex  1.328261e+04 -3.420359e+03  2.262708e+03
      vertex  1.312202e+04 -3.327213e+03  2.212889e+03
    endloop
  endfacet
  facet normal -3.664001e-01 -8.637909e-01 -3.458556e-01
    outer loop
      vertex  1.328389e+04 -3.353754e+03  2.107691e+03
      vertex  1.312202e+04 -3.327213e+03  2.212889e+03
      vertex  1.312277e+04 -3.290179e+03  2.119604e+03
    endloop
  endfacet
  facet normal -3.800398e-01 -8.586532e-01 -3.439251e-01
    outer loop
      vertex  1.312277e+04 -3.290179e+03  2.119604e+03
      vertex  1.312202e+04 -3.327213e+03  2.212889e+03
      vertex  1.300000e+04 -3.275685e+03  2.219081e+03
    endloop
  endfacet
  facet normal -3.688517e-01 -8.694890e-01 -3.285384e-01
    outer loop
      vertex  1.312277e+04 -3.290179e+03  2.119604e+03
      vertex  1.300000e+04 -3.275685e+03  2.219081e+03
      vertex  1.300000e+04 -3.233330e+03  2.106987e+03
    endloop
  endfacet
  facet normal -3.063189e-01 -8.746671e-01 -3.756675e-01
    outer loop
      vertex  1.361347e+04 -3.270666e+03  1.600000e+03
      vertex  1.377443e+04 -3.379458e+03  1.722052e+03
      vertex  1.345468e+04 -3.232104e+03  1.639688e+03
    endloop
  endfacet
  facet normal -3.001557e-01 -8.699791e-01 -3.912069e-01
    outer loop
      vertex  1.345468e+04 -3.232104e+03  1.639688e+03
      vertex  1.377443e+04 -3.379458e+03  1.722052e+03
      vertex  1.377158e+04 -3.428108e+03  1.832431e+03
    endloop
  endfacet
  facet normal -3.301627e-01 -8.770223e-01 -3.490338e-01
    outer loop
      vertex  1.345468e+04 -3.232104e+03  1.639688e+03
      vertex  1.377158e+04 -3.428108e+03  1.832431e+03
      vertex  1.345071e+04 -3.287768e+03  1.783312e+03
    endloop
  endfacet
  facet normal -3.148103e-01 -8.601856e-01 -4.012173e-01
    outer loop
      vertex  1.345071e+04 -3.287768e+03  1.783312e+03
      vertex  1.377158e+04 -3.428108e+03  1.832431e+03
      vertex  1.376843e+04 -3.496272e+03  1.981037e+03
    endloop
  endfacet
  facet normal -3.489965e-01 -8.676333e-01 -3.541382e-01
    outer loop
      vertex  1.345071e+04 -3.287768e+03  1.783312e+03
      vertex  1.376843e+04 -3.496272e+03  1.981037e+03
      vertex  1.344778e+04 -3.341410e+03  1.917624e+03
    endloop
  endfacet
  facet normal -1.923948e-02 -9.487714e-01 -3.153774e-01
    outer loop
      vertex  1.208607e+04 -7.630722e+03  8.209741e+03
      vertex  1.218018e+04 -7.598917e+03  8.108317e+03
      vertex  1.218112e+04 -7.647113e+03  8.253252e+03
    endloop
  endfacet
  facet normal -2.755123e-02 -9.486028e-01 -3.152677e-01
    outer loop
      vertex  1.218112e+04 -7.647113e+03  8.253252e+03
      vertex  1.218018e+04 -7.598917e+03  8.108317e+03
      vertex  1.234057e+04 -7.604490e+03  8.111071e+03
    endloop
  endfacet
  facet normal -2.274886e-02 -9.503336e-01 -3.104006e-01
    outer loop
      vertex  1.218112e+04 -7.647113e+03  8.253252e+03
      vertex  1.234057e+04 -7.604490e+03  8.111071e+03
      vertex  1.234154e+04 -7.652770e+03  8.258815e+03
    endloop
  endfacet
  facet normal -2.888834e-02 -9.501947e-01 -3.103152e-01
    outer loop
      vertex  1.234154e+04 -7.652770e+03  8.258815e+03
      vertex  1.234057e+04 -7.604490e+03  8.111071e+03
      vertex  1.250110e+04 -7.615299e+03  8.129224e+03
    endloop
  endfacet
  facet normal -2.272783e-02 -9.525855e-01 -3.034209e-01
    outer loop
      vertex  1.234154e+04 -7.652770e+03  8.258815e+03
      vertex  1.250110e+04 -7.615299e+03  8.129224e+03
      vertex  1.250205e+04 -7.660873e+03  8.272231e+03
    endloop
  endfacet
  facet normal -2.831118e-02 -9.524603e-01 -3.033442e-01
    outer loop
      vertex  1.250205e+04 -7.660873e+03  8.272231e+03
      vertex  1.250110e+04 -7.615299e+03  8.129224e+03
      vertex  1.266159e+04 -7.621013e+03  8.132185e+03
    endloop
  endfacet
  facet normal -2.364508e-02 -9.541167e-01 -2.984999e-01
    outer loop
      vertex  1.250205e+04 -7.660873e+03  8.272231e+03
      vertex  1.266159e+04 -7.621013e+03  8.132185e+03
      vertex  1.266253e+04 -7.666625e+03  8.277904e+03
    endloop
  endfacet
  facet normal -2.430096e-02 -9.541029e-01 -2.984913e-01
    outer loop
      vertex  1.266253e+04 -7.666625e+03  8.277904e+03
      vertex  1.266159e+04 -7.621013e+03  8.132185e+03
      vertex  1.278178e+04 -7.612422e+03  8.094940e+03
    endloop
  endfacet
  facet normal -2.684990e-02 -9.535635e-01 -2.999928e-01
    outer loop
      vertex  1.266253e+04 -7.666625e+03  8.277904e+03
      vertex  1.278178e+04 -7.612422e+03  8.094940e+03
      vertex  1.278277e+04 -7.665011e+03  8.262012e+03
    endloop
  endfacet
  facet normal -3.325668e-02 -9.533907e-01 -2.999003e-01
    outer loop
      vertex  1.278277e+04 -7.665011e+03  8.262012e+03
      vertex  1.278178e+04 -7.612422e+03  8.094940e+03
      vertex  1.290238e+04 -7.629394e+03  8.135520e+03
    endloop
  endfacet
  facet normal -2.780131e-02 -9.550298e-01 -2.952034e-01
    outer loop
      vertex  1.278277e+04 -7.665011e+03  8.262012e+03
      vertex  1.290238e+04 -7.629394e+03  8.135520e+03
      vertex  1.290299e+04 -7.661471e+03  8.239239e+03
    endloop
  endfacet
  facet normal -2.984392e-02 -9.549770e-01 -2.951751e-01
    outer loop
      vertex  1.290299e+04 -7.661471e+03  8.239239e+03
      vertex  1.290238e+04 -7.629394e+03  8.135520e+03
      vertex  1.314315e+04 -7.632826e+03  8.122282e+03
    endloop
  endfacet
  facet normal -2.500241e-02 -9.579173e-01 -2.859535e-01
    outer loop
      vertex  1.290299e+04 -7.661471e+03  8.239239e+03
      vertex  1.314315e+04 -7.632826e+03  8.122282e+03
      vertex  1.314406e+04 -7.681525e+03  8.285341e+03
    endloop
  endfacet
  facet normal -3.316040e-02 -9.577023e-01 -2.858439e-01
    outer loop
      vertex  1.314406e+04 -7.681525e+03  8.285341e+03
      vertex  1.314315e+04 -7.632826e+03  8.122282e+03
      vertex  1.330391e+04 -7.650068e+03  8.161400e+03
    endloop
  endfacet
  facet normal -2.850511e-02 -9.594908e-01 -2.802938e-01
    outer loop
      vertex  1.314406e+04 -7.681525e+03  8.285341e+03
      vertex  1.330391e+04 -7.650068e+03  8.161400e+03
      vertex  1.330443e+04 -7.678828e+03  8.259797e+03
    endloop
  endfacet
  facet normal -3.151797e-02 -9.594084e-01 -2.802538e-01
    outer loop
      vertex  1.330443e+04 -7.678828e+03  8.259797e+03
      vertex  1.330391e+04 -7.650068e+03  8.161400e+03
      vertex  1.346457e+04 -7.660484e+03  8.178992e+03
    endloop
  endfacet
  facet normal -2.764532e-02 -9.615954e-01 -2.730754e-01
    outer loop
      vertex  1.330443e+04 -7.678828e+03  8.259797e+03
      vertex  1.346457e+04 -7.660484e+03  8.178992e+03
      vertex  1.346505e+04 -7.687604e+03  8.274438e+03
    endloop
  endfacet
  facet normal -3.180584e-02 -9.614819e-01 -2.730219e-01
    outer loop
      vertex  1.346505e+04 -7.687604e+03  8.274438e+03
      vertex  1.346457e+04 -7.660484e+03  8.178992e+03
      vertex  1.378557e+04 -7.657005e+03  8.129343e+03
    endloop
  endfacet
  facet normal -2.795091e-02 -9.638421e-01 -2.650042e-01
    outer loop
      vertex  1.346505e+04 -7.687604e+03  8.274438e+03
      vertex  1.378557e+04 -7.657005e+03  8.129343e+03
      vertex  1.378631e+04 -7.705492e+03  8.305617e+03
    endloop
  endfacet
  facet normal -8.447067e-02 -8.932362e-01 -4.415811e-01
    outer loop
      vertex  1.378657e+04 -7.288272e+03  7.166384e+03
      vertex  1.346578e+04 -7.189547e+03  7.028046e+03
      vertex  1.378714e+04 -7.222241e+03  7.032708e+03
    endloop
  endfacet
  facet normal -8.174877e-02 -8.722664e-01 -4.821496e-01
    outer loop
      vertex  1.378714e+04 -7.222241e+03  7.032708e+03
      vertex  1.346578e+04 -7.189547e+03  7.028046e+03
      vertex  1.346666e+04 -7.096311e+03  6.859221e+03
    endloop
  endfacet
  facet normal -9.711998e-02 -8.821186e-01 -4.609061e-01
    outer loop
      vertex  1.378714e+04 -7.222241e+03  7.032708e+03
      vertex  1.346666e+04 -7.096311e+03  6.859221e+03
      vertex  1.378773e+04 -7.153666e+03  6.901336e+03
    endloop
  endfacet
  facet normal -1.256580e-01 -8.261301e-01 -5.492895e-01
    outer loop
      vertex  1.330901e+04 -6.752566e+03  6.351200e+03
      vertex  1.346936e+04 -6.793102e+03  6.375483e+03
      vertex  1.346849e+04 -6.897766e+03  6.533096e+03
    endloop
  endfacet
  facet normal -1.152185e-01 -8.272120e-01 -5.499501e-01
    outer loop
      vertex  1.346849e+04 -6.897766e+03  6.533096e+03
      vertex  1.346936e+04 -6.793102e+03  6.375483e+03
      vertex  1.378950e+04 -6.933983e+03  6.520320e+03
    endloop
  endfacet
  facet normal -1.162928e-01 -8.487828e-01 -5.157942e-01
    outer loop
      vertex  1.346849e+04 -6.897766e+03  6.533096e+03
      vertex  1.378950e+04 -6.933983e+03  6.520320e+03
      vertex  1.378907e+04 -6.991408e+03  6.614913e+03
    endloop
  endfacet
  facet normal -1.564500e-01 -8.088936e-01 -5.667582e-01
    outer loop
      vertex  1.379076e+04 -6.723459e+03  6.196915e+03
      vertex  1.347099e+04 -6.549762e+03  6.037277e+03
      vertex  1.379119e+04 -6.613715e+03  6.040164e+03
    endloop
  endfacet
  facet normal -1.506725e-01 -7.817014e-01 -6.051782e-01
    outer loop
      vertex  1.379119e+04 -6.613715e+03  6.040164e+03
      vertex  1.347099e+04 -6.549762e+03  6.037277e+03
      vertex  1.347158e+04 -6.423469e+03  5.874000e+03
    endloop
  endfacet
  facet normal -1.730162e-01 -7.965841e-01 -5.792403e-01
    outer loop
      vertex  1.379119e+04 -6.613715e+03  6.040164e+03
      vertex  1.347158e+04 -6.423469e+03  5.874000e+03
      vertex  1.379142e+04 -6.530940e+03  5.926264e+03
    endloop
  endfacet
  facet normal -1.577300e-01 -7.700364e-01 -6.181951e-01
    outer loop
      vertex  1.379142e+04 -6.530940e+03  5.926264e+03
      vertex  1.347158e+04 -6.423469e+03  5.874000e+03
      vertex  1.347190e+04 -6.327411e+03  5.754267e+03
    endloop
  endfacet
  facet normal -1.842178e-01 -7.868988e-01 -5.889431e-01
    outer loop
      vertex  1.379142e+04 -6.530940e+03  5.926264e+03
      vertex  1.347190e+04 -6.327411e+03  5.754267e+03
      vertex  1.379155e+04 -6.446937e+03  5.813984e+03
    endloop
  endfacet
  facet normal -1.670371e-01 -7.603191e-01 -6.277049e-01
    outer loop
      vertex  1.379155e+04 -6.446937e+03  5.813984e+03
      vertex  1.347190e+04 -6.327411e+03  5.754267e+03
      vertex  1.347211e+04 -6.230206e+03  5.636470e+03
    endloop
  endfacet
  facet normal -1.953471e-01 -7.775145e-01 -5.977549e-01
    outer loop
      vertex  1.379155e+04 -6.446937e+03  5.813984e+03
      vertex  1.347211e+04 -6.230206e+03  5.636470e+03
      vertex  1.379158e+04 -6.359386e+03  5.700095e+03
    endloop
  endfacet
  facet normal -1.770607e-01 -7.511182e-01 -6.359803e-01
    outer loop
      vertex  1.379158e+04 -6.359386e+03  5.700095e+03
      vertex  1.347211e+04 -6.230206e+03  5.636470e+03
      vertex  1.347219e+04 -6.131494e+03  5.519863e+03
    endloop
  endfacet
  facet normal -2.065540e-01 -7.684601e-01 -6.056440e-01
    outer loop
      vertex  1.379158e+04 -6.359386e+03  5.700095e+03
      vertex  1.347219e+04 -6.131494e+03  5.519863e+03
      vertex  1.379150e+04 -6.270851e+03  5.587786e+03
    endloop
  endfacet
  facet normal -3.997951e-01 -7.371179e-01 -5.448127e-01
    outer loop
      vertex  1.344723e+04 -4.011000e+03  3.133603e+03
      vertex  1.376764e+04 -4.302133e+03  3.292375e+03
      vertex  1.344960e+04 -4.141311e+03  3.308174e+03
    endloop
  endfacet
  facet normal -3.954704e-01 -7.269362e-01 -5.613973e-01
    outer loop
      vertex  1.344960e+04 -4.141311e+03  3.308174e+03
      vertex  1.376764e+04 -4.302133e+03  3.292375e+03
      vertex  1.376931e+04 -4.405265e+03  3.424742e+03
    endloop
  endfacet
  facet normal -3.934497e-01 -7.257754e-01 -5.643114e-01
    outer loop
      vertex  1.344960e+04 -4.141311e+03  3.308174e+03
      vertex  1.376931e+04 -4.405265e+03  3.424742e+03
      vertex  1.345133e+04 -4.233399e+03  3.425405e+03
    endloop
  endfacet
  facet normal -3.903239e-01 -7.199554e-01 -5.738567e-01
    outer loop
      vertex  1.345133e+04 -4.233399e+03  3.425405e+03
      vertex  1.376931e+04 -4.405265e+03  3.424742e+03
      vertex  1.377113e+04 -4.512476e+03  3.558011e+03
    endloop
  endfacet
  facet normal -3.864389e-01 -7.179411e-01 -5.789866e-01
    outer loop
      vertex  1.345133e+04 -4.233399e+03  3.425405e+03
      vertex  1.377113e+04 -4.512476e+03  3.558011e+03
      vertex  1.345314e+04 -4.329537e+03  3.543404e+03
    endloop
  endfacet
  facet normal -3.820711e-01 -7.112330e-01 -5.900587e-01
    outer loop
      vertex  1.345314e+04 -4.329537e+03  3.543404e+03
      vertex  1.377113e+04 -4.512476e+03  3.558011e+03
      vertex  1.377504e+04 -4.738281e+03  3.827655e+03
    endloop
  endfacet
  facet normal -3.707854e-01 -7.090901e-01 -5.997577e-01
    outer loop
      vertex  1.345314e+04 -4.329537e+03  3.543404e+03
      vertex  1.377504e+04 -4.738281e+03  3.827655e+03
      vertex  1.345690e+04 -4.533354e+03  3.782051e+03
    endloop
  endfacet
  facet normal -3.084495e-01 -8.911304e-01 -3.327841e-01
    outer loop
      vertex  1.330683e+04 -3.166106e+03  1.600000e+03
      vertex  1.345468e+04 -3.232104e+03  1.639688e+03
      vertex  1.329095e+04 -3.208468e+03  1.728155e+03
    endloop
  endfacet
  facet normal -3.165680e-01 -8.814837e-01 -3.503871e-01
    outer loop
      vertex  1.329095e+04 -3.208468e+03  1.728155e+03
      vertex  1.345468e+04 -3.232104e+03  1.639688e+03
      vertex  1.345071e+04 -3.287768e+03  1.783312e+03
    endloop
  endfacet
  facet normal -3.246213e-01 -8.854016e-01 -3.326936e-01
    outer loop
      vertex  1.329095e+04 -3.208468e+03  1.728155e+03
      vertex  1.345071e+04 -3.287768e+03  1.783312e+03
      vertex  1.328823e+04 -3.249695e+03  1.840525e+03
    endloop
  endfacet
  facet normal -3.302732e-01 -8.740559e-01 -3.562946e-01
    outer loop
      vertex  1.328823e+04 -3.249695e+03  1.840525e+03
      vertex  1.345071e+04 -3.287768e+03  1.783312e+03
      vertex  1.344778e+04 -3.341410e+03  1.917624e+03
    endloop
  endfacet
  facet normal -3.409564e-01 -8.772290e-01 -3.379614e-01
    outer loop
      vertex  1.328823e+04 -3.249695e+03  1.840525e+03
      vertex  1.344778e+04 -3.341410e+03  1.917624e+03
      vertex  1.328605e+04 -3.292284e+03  1.953271e+03
    endloop
  endfacet
  facet normal -2.580484e-02 -9.642211e-01 -2.638407e-01
    outer loop
      vertex  1.314406e+04 -7.681525e+03  8.285341e+03
      vertex  1.330443e+04 -7.678828e+03  8.259797e+03
      vertex  1.330508e+04 -7.706112e+03  8.359446e+03
    endloop
  endfacet
  facet normal -2.863017e-02 -9.641516e-01 -2.638031e-01
    outer loop
      vertex  1.330508e+04 -7.706112e+03  8.359446e+03
      vertex  1.330443e+04 -7.678828e+03  8.259797e+03
      vertex  1.346505e+04 -7.687604e+03  8.274438e+03
    endloop
  endfacet
  facet normal -2.501811e-02 -9.659800e-01 -2.574038e-01
    outer loop
      vertex  1.330508e+04 -7.706112e+03  8.359446e+03
      vertex  1.346505e+04 -7.687604e+03  8.274438e+03
      vertex  1.346567e+04 -7.713363e+03  8.371050e+03
    endloop
  endfacet
  facet normal -3.427379e-02 -9.568206e-01 -2.886517e-01
    outer loop
      vertex  1.378557e+04 -7.657005e+03  8.129343e+03
      vertex  1.346457e+04 -7.660484e+03  8.178992e+03
      vertex  1.346420e+04 -7.632023e+03  8.084692e+03
    endloop
  endfacet
  facet normal -3.043267e-02 -9.569355e-01 -2.887014e-01
    outer loop
      vertex  1.346420e+04 -7.632023e+03  8.084692e+03
      vertex  1.346457e+04 -7.660484e+03  8.178992e+03
      vertex  1.330391e+04 -7.650068e+03  8.161400e+03
    endloop
  endfacet
  facet normal -3.452214e-02 -9.543646e-01 -2.966419e-01
    outer loop
      vertex  1.346420e+04 -7.632023e+03  8.084692e+03
      vertex  1.330391e+04 -7.650068e+03  8.161400e+03
      vertex  1.330351e+04 -7.619853e+03  8.064238e+03
    endloop
  endfacet
  facet normal -3.017461e-02 -9.544939e-01 -2.966998e-01
    outer loop
      vertex  1.330351e+04 -7.619853e+03  8.064238e+03
      vertex  1.330391e+04 -7.650068e+03  8.161400e+03
      vertex  1.314315e+04 -7.632826e+03  8.122282e+03
    endloop
  endfacet
  facet normal -3.666544e-02 -9.489177e-01 -3.133861e-01
    outer loop
      vertex  1.330351e+04 -7.619853e+03  8.064238e+03
      vertex  1.314315e+04 -7.632826e+03  8.122282e+03
      vertex  1.314259e+04 -7.580079e+03  7.962631e+03
    endloop
  endfacet
  facet normal -3.076586e-02 -9.491005e-01 -3.134673e-01
    outer loop
      vertex  1.314259e+04 -7.580079e+03  7.962631e+03
      vertex  1.314315e+04 -7.632826e+03  8.122282e+03
      vertex  1.290238e+04 -7.629394e+03  8.135520e+03
    endloop
  endfacet
  facet normal -3.049189e-02 -9.492234e-01 -3.131217e-01
    outer loop
      vertex  1.314259e+04 -7.580079e+03  7.962631e+03
      vertex  1.290238e+04 -7.629394e+03  8.135520e+03
      vertex  1.290192e+04 -7.595628e+03  8.033207e+03
    endloop
  endfacet
  facet normal -2.821989e-02 -9.492837e-01 -3.131519e-01
    outer loop
      vertex  1.290192e+04 -7.595628e+03  8.033207e+03
      vertex  1.290238e+04 -7.629394e+03  8.135520e+03
      vertex  1.278178e+04 -7.612422e+03  8.094940e+03
    endloop
  endfacet
  facet normal -3.714945e-02 -9.436042e-01 -3.289846e-01
    outer loop
      vertex  1.290192e+04 -7.595628e+03  8.033207e+03
      vertex  1.278178e+04 -7.612422e+03  8.094940e+03
      vertex  1.278115e+04 -7.555423e+03  7.931525e+03
    endloop
  endfacet
  facet normal -2.776892e-02 -9.438807e-01 -3.291171e-01
    outer loop
      vertex  1.278115e+04 -7.555423e+03  7.931525e+03
      vertex  1.278178e+04 -7.612422e+03  8.094940e+03
      vertex  1.266093e+04 -7.572016e+03  7.989256e+03
    endloop
  endfacet
  facet normal -3.676986e-02 -9.375036e-01 -3.460275e-01
    outer loop
      vertex  1.278115e+04 -7.555423e+03  7.931525e+03
      vertex  1.266093e+04 -7.572016e+03  7.989256e+03
      vertex  1.266061e+04 -7.533407e+03  7.884685e+03
    endloop
  endfacet
  facet normal -3.196179e-02 -9.376538e-01 -3.460978e-01
    outer loop
      vertex  1.266061e+04 -7.533407e+03  7.884685e+03
      vertex  1.266093e+04 -7.572016e+03  7.989256e+03
      vertex  1.250043e+04 -7.566422e+03  7.988922e+03
    endloop
  endfacet
  facet normal -3.529672e-02 -9.358417e-01 -3.506485e-01
    outer loop
      vertex  1.266061e+04 -7.533407e+03  7.884685e+03
      vertex  1.250043e+04 -7.566422e+03  7.988922e+03
      vertex  1.250009e+04 -7.527636e+03  7.885441e+03
    endloop
  endfacet
  facet normal -3.082518e-02 -9.359754e-01 -3.507135e-01
    outer loop
      vertex  1.250009e+04 -7.527636e+03  7.885441e+03
      vertex  1.250043e+04 -7.566422e+03  7.988922e+03
      vertex  1.233990e+04 -7.552634e+03  7.966236e+03
    endloop
  endfacet
  facet normal -3.588090e-02 -9.324040e-01 -3.596324e-01
    outer loop
      vertex  1.250009e+04 -7.527636e+03  7.885441e+03
      vertex  1.233990e+04 -7.552634e+03  7.966236e+03
      vertex  1.233956e+04 -7.511682e+03  7.860094e+03
    endloop
  endfacet
  facet normal -3.131692e-02 -9.325422e-01 -3.597002e-01
    outer loop
      vertex  1.233956e+04 -7.511682e+03  7.860094e+03
      vertex  1.233990e+04 -7.552634e+03  7.966236e+03
      vertex  1.217951e+04 -7.547233e+03  7.966198e+03
    endloop
  endfacet
  facet normal -3.468445e-02 -9.306906e-01 -3.641595e-01
    outer loop
      vertex  1.233956e+04 -7.511682e+03  7.860094e+03
      vertex  1.217951e+04 -7.547233e+03  7.966198e+03
      vertex  1.217916e+04 -7.506226e+03  7.861428e+03
    endloop
  endfacet
  facet normal -4.035323e-02 -9.304986e-01 -3.640657e-01
    outer loop
      vertex  1.217916e+04 -7.506226e+03  7.861428e+03
      vertex  1.217951e+04 -7.547233e+03  7.966198e+03
      vertex  1.208504e+04 -7.567319e+03  8.028005e+03
    endloop
  endfacet
  facet normal -3.641393e-02 -9.314002e-01 -3.621705e-01
    outer loop
      vertex  1.217916e+04 -7.506226e+03  7.861428e+03
      vertex  1.208504e+04 -7.567319e+03  8.028005e+03
      vertex  1.208440e+04 -7.498366e+03  7.850741e+03
    endloop
  endfacet
  facet normal -2.254250e-02 -9.317647e-01 -3.623623e-01
    outer loop
      vertex  1.208440e+04 -7.498366e+03  7.850741e+03
      vertex  1.208504e+04 -7.567319e+03  8.028005e+03
      vertex  1.198998e+04 -7.532201e+03  7.943617e+03
    endloop
  endfacet
  facet normal -3.591050e-02 -9.266914e-01 -3.741036e-01
    outer loop
      vertex  1.208440e+04 -7.498366e+03  7.850741e+03
      vertex  1.198998e+04 -7.532201e+03  7.943617e+03
      vertex  1.198966e+04 -7.488888e+03  7.836359e+03
    endloop
  endfacet
  facet normal -7.724197e-02 -8.683763e-01 -4.898533e-01
    outer loop
      vertex  1.330589e+04 -7.087301e+03  6.872004e+03
      vertex  1.346578e+04 -7.189547e+03  7.028046e+03
      vertex  1.330508e+04 -7.171337e+03  7.021104e+03
    endloop
  endfacet
  facet normal -8.076426e-02 -8.864483e-01 -4.557264e-01
    outer loop
      vertex  1.330508e+04 -7.171337e+03  7.021104e+03
      vertex  1.346578e+04 -7.189547e+03  7.028046e+03
      vertex  1.346499e+04 -7.278351e+03  7.200922e+03
    endloop
  endfacet
  facet normal -6.572622e-02 -8.820772e-01 -4.664975e-01
    outer loop
      vertex  1.330508e+04 -7.171337e+03  7.021104e+03
      vertex  1.346499e+04 -7.278351e+03  7.200922e+03
      vertex  1.330435e+04 -7.251845e+03  7.173435e+03
    endloop
  endfacet
  facet normal -7.522454e-02 -9.003510e-01 -4.286134e-01
    outer loop
      vertex  1.330435e+04 -7.251845e+03  7.173435e+03
      vertex  1.346499e+04 -7.278351e+03  7.200922e+03
      vertex  1.346436e+04 -7.358541e+03  7.369480e+03
    endloop
  endfacet
  facet normal -5.574894e-02 -8.953786e-01 -4.418022e-01
    outer loop
      vertex  1.330435e+04 -7.251845e+03  7.173435e+03
      vertex  1.346436e+04 -7.358541e+03  7.369480e+03
      vertex  1.330374e+04 -7.328619e+03  7.329106e+03
    endloop
  endfacet
  facet normal -1.301952e-01 -7.906833e-01 -5.982216e-01
    outer loop
      vertex  1.331064e+04 -6.532903e+03  6.053756e+03
      vertex  1.347024e+04 -6.673135e+03  6.204369e+03
      vertex  1.330987e+04 -6.644078e+03  6.200866e+03
    endloop
  endfacet
  facet normal -1.345159e-01 -8.110435e-01 -5.693101e-01
    outer loop
      vertex  1.330987e+04 -6.644078e+03  6.200866e+03
      vertex  1.347024e+04 -6.673135e+03  6.204369e+03
      vertex  1.346936e+04 -6.793102e+03  6.375483e+03
    endloop
  endfacet
  facet normal -1.154483e-01 -8.051634e-01 -5.817075e-01
    outer loop
      vertex  1.330987e+04 -6.644078e+03  6.200866e+03
      vertex  1.346936e+04 -6.793102e+03  6.375483e+03
      vertex  1.330901e+04 -6.752566e+03  6.351200e+03
    endloop
  endfacet
  facet normal -1.585790e-01 -7.650736e-01 -6.241115e-01
    outer loop
      vertex  1.331129e+04 -6.419391e+03  5.909729e+03
      vertex  1.331169e+04 -6.332937e+03  5.803646e+03
      vertex  1.347158e+04 -6.423469e+03  5.874000e+03
    endloop
  endfacet
  facet normal -1.499586e-01 -7.580733e-01 -6.346947e-01
    outer loop
      vertex  1.347158e+04 -6.423469e+03  5.874000e+03
      vertex  1.331169e+04 -6.332937e+03  5.803646e+03
      vertex  1.331201e+04 -6.245517e+03  5.699158e+03
    endloop
  endfacet
  facet normal -1.805813e-01 -7.669473e-01 -6.157779e-01
    outer loop
      vertex  1.347158e+04 -6.423469e+03  5.874000e+03
      vertex  1.331201e+04 -6.245517e+03  5.699158e+03
      vertex  1.347190e+04 -6.327411e+03  5.754267e+03
    endloop
  endfacet
  facet normal -1.622669e-01 -7.490557e-01 -6.423277e-01
    outer loop
      vertex  1.347190e+04 -6.327411e+03  5.754267e+03
      vertex  1.331201e+04 -6.245517e+03  5.699158e+03
      vertex  1.331223e+04 -6.157283e+03  5.596206e+03
    endloop
  endfacet
  facet normal -1.879790e-01 -7.573875e-01 -6.253224e-01
    outer loop
      vertex  1.347190e+04 -6.327411e+03  5.754267e+03
      vertex  1.331223e+04 -6.157283e+03  5.596206e+03
      vertex  1.347211e+04 -6.230206e+03  5.636470e+03
    endloop
  endfacet
  facet normal -1.743374e-01 -7.405500e-01 -6.489933e-01
    outer loop
      vertex  1.347211e+04 -6.230206e+03  5.636470e+03
      vertex  1.331223e+04 -6.157283e+03  5.596206e+03
      vertex  1.331237e+04 -6.068387e+03  5.494733e+03
    endloop
  endfacet
  facet normal -1.958622e-01 -7.483877e-01 -6.336828e-01
    outer loop
      vertex  1.347211e+04 -6.230206e+03  5.636470e+03
      vertex  1.331237e+04 -6.068387e+03  5.494733e+03
      vertex  1.347219e+04 -6.131494e+03  5.519863e+03
    endloop
  endfacet
  facet normal -2.113918e-01 -7.316200e-01 -6.481094e-01
    outer loop
      vertex  1.379103e+04 -6.097964e+03  5.375455e+03
      vertex  1.347215e+04 -6.032047e+03  5.405049e+03
      vertex  1.347191e+04 -5.901440e+03  5.257694e+03
    endloop
  endfacet
  facet normal -2.073373e-01 -7.322662e-01 -6.486889e-01
    outer loop
      vertex  1.347191e+04 -5.901440e+03  5.257694e+03
      vertex  1.347215e+04 -6.032047e+03  5.405049e+03
      vertex  1.331238e+04 -5.920582e+03  5.330292e+03
    endloop
  endfacet
  facet normal -2.153118e-01 -7.175940e-01 -6.623441e-01
    outer loop
      vertex  1.347191e+04 -5.901440e+03  5.257694e+03
      vertex  1.331238e+04 -5.920582e+03  5.330292e+03
      vertex  1.331211e+04 -5.772066e+03  5.169475e+03
    endloop
  endfacet
  facet normal -2.059932e-01 -7.190614e-01 -6.637149e-01
    outer loop
      vertex  1.331211e+04 -5.772066e+03  5.169475e+03
      vertex  1.331238e+04 -5.920582e+03  5.330292e+03
      vertex  1.315250e+04 -5.816311e+03  5.266947e+03
    endloop
  endfacet
  facet normal -2.175221e-01 -7.042083e-01 -6.758512e-01
    outer loop
      vertex  1.331211e+04 -5.772066e+03  5.169475e+03
      vertex  1.315250e+04 -5.816311e+03  5.266947e+03
      vertex  1.315215e+04 -5.630904e+03  5.073872e+03
    endloop
  endfacet
  facet normal -1.983879e-01 -7.071255e-01 -6.786868e-01
    outer loop
      vertex  1.315215e+04 -5.630904e+03  5.073872e+03
      vertex  1.315250e+04 -5.816311e+03  5.266947e+03
      vertex  1.291247e+04 -5.752080e+03  5.270186e+03
    endloop
  endfacet
  facet normal -2.160874e-01 -6.906652e-01 -6.901360e-01
    outer loop
      vertex  1.315215e+04 -5.630904e+03  5.073872e+03
      vertex  1.291247e+04 -5.752080e+03  5.270186e+03
      vertex  1.291232e+04 -5.554973e+03  5.072977e+03
    endloop
  endfacet
  facet normal -1.925628e-01 -6.941292e-01 -6.936167e-01
    outer loop
      vertex  1.291232e+04 -5.554973e+03  5.072977e+03
      vertex  1.291247e+04 -5.752080e+03  5.270186e+03
      vertex  1.279235e+04 -5.664811e+03  5.216201e+03
    endloop
  endfacet
  facet normal -2.106809e-01 -6.824932e-01 -6.998690e-01
    outer loop
      vertex  1.291232e+04 -5.554973e+03  5.072977e+03
      vertex  1.279235e+04 -5.664811e+03  5.216201e+03
      vertex  1.279218e+04 -5.476835e+03  5.032943e+03
    endloop
  endfacet
  facet normal -1.938981e-01 -6.849054e-01 -7.023589e-01
    outer loop
      vertex  1.279218e+04 -5.476835e+03  5.032943e+03
      vertex  1.279235e+04 -5.664811e+03  5.216201e+03
      vertex  1.267215e+04 -5.568487e+03  5.155454e+03
    endloop
  endfacet
  facet normal -2.088337e-01 -6.738618e-01 -7.087303e-01
    outer loop
      vertex  1.279218e+04 -5.476835e+03  5.032943e+03
      vertex  1.267215e+04 -5.568487e+03  5.155454e+03
      vertex  1.267197e+04 -5.401583e+03  4.996814e+03
    endloop
  endfacet
  facet normal -1.903224e-01 -6.764489e-01 -7.114733e-01
    outer loop
      vertex  1.267197e+04 -5.401583e+03  4.996814e+03
      vertex  1.267215e+04 -5.568487e+03  5.155454e+03
      vertex  1.251176e+04 -5.535688e+03  5.167174e+03
    endloop
  endfacet
  facet normal -2.037721e-01 -6.669808e-01 -7.166682e-01
    outer loop
      vertex  1.267197e+04 -5.401583e+03  4.996814e+03
      vertex  1.251176e+04 -5.535688e+03  5.167174e+03
      vertex  1.251171e+04 -5.398104e+03  5.039143e+03
    endloop
  endfacet
  facet normal -1.883041e-01 -6.690846e-01 -7.189350e-01
    outer loop
      vertex  1.251171e+04 -5.398104e+03  5.039143e+03
      vertex  1.251176e+04 -5.535688e+03  5.167174e+03
      vertex  1.235125e+04 -5.439480e+03  5.119679e+03
    endloop
  endfacet
  facet normal -1.961461e-01 -6.567002e-01 -7.281975e-01
    outer loop
      vertex  1.251171e+04 -5.398104e+03  5.039143e+03
      vertex  1.235125e+04 -5.439480e+03  5.119679e+03
      vertex  1.235112e+04 -5.264289e+03  4.961723e+03
    endloop
  endfacet
  facet normal -1.829993e-01 -6.583948e-01 -7.300873e-01
    outer loop
      vertex  1.235112e+04 -5.264289e+03  4.961723e+03
      vertex  1.235125e+04 -5.439480e+03  5.119679e+03
      vertex  1.219058e+04 -5.408450e+03  5.131968e+03
    endloop
  endfacet
  facet normal -1.955803e-01 -6.497068e-01 -7.345947e-01
    outer loop
      vertex  1.235112e+04 -5.264289e+03  4.961723e+03
      vertex  1.219058e+04 -5.408450e+03  5.131968e+03
      vertex  1.219056e+04 -5.264613e+03  5.004759e+03
    endloop
  endfacet
  facet normal -1.793833e-01 -6.517534e-01 -7.369119e-01
    outer loop
      vertex  1.219056e+04 -5.264613e+03  5.004759e+03
      vertex  1.219058e+04 -5.408450e+03  5.131968e+03
      vertex  1.209551e+04 -5.461072e+03  5.201651e+03
    endloop
  endfacet
  facet normal -1.881191e-01 -6.483512e-01 -7.377343e-01
    outer loop
      vertex  1.219056e+04 -5.264613e+03  5.004759e+03
      vertex  1.209551e+04 -5.461072e+03  5.201651e+03
      vertex  1.209559e+04 -5.266137e+03  5.030314e+03
    endloop
  endfacet
  facet normal -1.728094e-01 -6.502092e-01 -7.398412e-01
    outer loop
      vertex  1.209559e+04 -5.266137e+03  5.030314e+03
      vertex  1.209551e+04 -5.461072e+03  5.201651e+03
      vertex  1.200037e+04 -5.496653e+03  5.255145e+03
    endloop
  endfacet
  facet normal -1.863121e-01 -6.454766e-01 -7.407075e-01
    outer loop
      vertex  1.209559e+04 -5.266137e+03  5.030314e+03
      vertex  1.200037e+04 -5.496653e+03  5.255145e+03
      vertex  1.200055e+04 -5.237502e+03  5.029266e+03
    endloop
  endfacet
  facet normal -1.644227e-01 -6.480476e-01 -7.436394e-01
    outer loop
      vertex  1.200055e+04 -5.237502e+03  5.029266e+03
      vertex  1.200037e+04 -5.496653e+03  5.255145e+03
      vertex  1.191154e+04 -5.468278e+03  5.250058e+03
    endloop
  endfacet
  facet normal -1.880376e-01 -6.401380e-01 -7.448927e-01
    outer loop
      vertex  1.200055e+04 -5.237502e+03  5.029266e+03
      vertex  1.191154e+04 -5.468278e+03  5.250058e+03
      vertex  1.191171e+04 -5.173997e+03  4.997120e+03
    endloop
  endfacet
  facet normal -3.370290e-01 -6.920168e-01 -6.383762e-01
    outer loop
      vertex  1.377905e+04 -4.977490e+03  4.102185e+03
      vertex  1.346437e+04 -5.000802e+03  4.293592e+03
      vertex  1.346078e+04 -4.760583e+03  4.035083e+03
    endloop
  endfacet
  facet normal -3.241277e-01 -6.952382e-01 -6.415489e-01
    outer loop
      vertex  1.346078e+04 -4.760583e+03  4.035083e+03
      vertex  1.346437e+04 -5.000802e+03  4.293592e+03
      vertex  1.330486e+04 -4.892136e+03  4.256420e+03
    endloop
  endfacet
  facet normal -3.415510e-01 -6.824510e-01 -6.462225e-01
    outer loop
      vertex  1.346078e+04 -4.760583e+03  4.035083e+03
      vertex  1.330486e+04 -4.892136e+03  4.256420e+03
      vertex  1.330276e+04 -4.746549e+03  4.103780e+03
    endloop
  endfacet
  facet normal -3.256721e-01 -6.864089e-01 -6.502157e-01
    outer loop
      vertex  1.330276e+04 -4.746549e+03  4.103780e+03
      vertex  1.330486e+04 -4.892136e+03  4.256420e+03
      vertex  1.314448e+04 -4.735677e+03  4.171584e+03
    endloop
  endfacet
  facet normal -3.269130e-01 -6.824540e-01 -6.537465e-01
    outer loop
      vertex  1.330276e+04 -4.746549e+03  4.103780e+03
      vertex  1.314448e+04 -4.735677e+03  4.171584e+03
      vertex  1.314196e+04 -4.569171e+03  3.999024e+03
    endloop
  endfacet
  facet normal -3.205116e-01 -6.839837e-01 -6.553158e-01
    outer loop
      vertex  1.314196e+04 -4.569171e+03  3.999024e+03
      vertex  1.314448e+04 -4.735677e+03  4.171584e+03
      vertex  1.290506e+04 -4.613045e+03  4.160685e+03
    endloop
  endfacet
  facet normal -3.300018e-01 -6.696501e-01 -6.653327e-01
    outer loop
      vertex  1.314196e+04 -4.569171e+03  3.999024e+03
      vertex  1.290506e+04 -4.613045e+03  4.160685e+03
      vertex  1.290307e+04 -4.475930e+03  4.023667e+03
    endloop
  endfacet
  facet normal -3.089128e-01 -6.745232e-01 -6.705157e-01
    outer loop
      vertex  1.290307e+04 -4.475930e+03  4.023667e+03
      vertex  1.290506e+04 -4.613045e+03  4.160685e+03
      vertex  1.278546e+04 -4.572226e+03  4.174725e+03
    endloop
  endfacet
  facet normal -3.197634e-01 -6.662517e-01 -6.736912e-01
    outer loop
      vertex  1.290307e+04 -4.475930e+03  4.023667e+03
      vertex  1.278546e+04 -4.572226e+03  4.174725e+03
      vertex  1.278303e+04 -4.402061e+03  4.007590e+03
    endloop
  endfacet
  facet normal -3.977557e-01 -7.243475e-01 -5.631262e-01
    outer loop
      vertex  1.344960e+04 -4.141311e+03  3.308174e+03
      vertex  1.345133e+04 -4.233399e+03  3.425405e+03
      vertex  1.329107e+04 -4.100821e+03  3.368065e+03
    endloop
  endfacet
  facet normal -3.867325e-01 -7.178479e-01 -5.789062e-01
    outer loop
      vertex  1.329107e+04 -4.100821e+03  3.368065e+03
      vertex  1.345133e+04 -4.233399e+03  3.425405e+03
      vertex  1.345314e+04 -4.329537e+03  3.543404e+03
    endloop
  endfacet
  facet normal -3.859721e-01 -7.177710e-01 -5.795087e-01
    outer loop
      vertex  1.329107e+04 -4.100821e+03  3.368065e+03
      vertex  1.345314e+04 -4.329537e+03  3.543404e+03
      vertex  1.329418e+04 -4.257904e+03  3.560557e+03
    endloop
  endfacet
  facet normal -3.823362e-01 -7.056091e-01 -5.966028e-01
    outer loop
      vertex  1.329418e+04 -4.257904e+03  3.560557e+03
      vertex  1.345314e+04 -4.329537e+03  3.543404e+03
      vertex  1.345690e+04 -4.533354e+03  3.782051e+03
    endloop
  endfacet
  facet normal -3.716133e-01 -7.051364e-01 -6.038926e-01
    outer loop
      vertex  1.329418e+04 -4.257904e+03  3.560557e+03
      vertex  1.345690e+04 -4.533354e+03  3.782051e+03
      vertex  1.329737e+04 -4.426516e+03  3.755471e+03
    endloop
  endfacet
  facet normal -3.608624e-01 -6.938742e-01 -6.231507e-01
    outer loop
      vertex  1.329737e+04 -4.426516e+03  3.755471e+03
      vertex  1.345690e+04 -4.533354e+03  3.782051e+03
      vertex  1.330052e+04 -4.605778e+03  3.953258e+03
    endloop
  endfacet
  facet normal -3.616726e-01 -6.936480e-01 -6.229329e-01
    outer loop
      vertex  1.329737e+04 -4.426516e+03  3.755471e+03
      vertex  1.330052e+04 -4.605778e+03  3.953258e+03
      vertex  1.313937e+04 -4.416021e+03  3.835522e+03
    endloop
  endfacet
  facet normal -5.521310e-02 -9.096585e-01 -4.116708e-01
    outer loop
      vertex  1.314275e+04 -7.353825e+03  7.405052e+03
      vertex  1.330324e+04 -7.409307e+03  7.506125e+03
      vertex  1.314245e+04 -7.413222e+03  7.536341e+03
    endloop
  endfacet
  facet normal -4.974464e-02 -9.219252e-01 -3.841605e-01
    outer loop
      vertex  1.314245e+04 -7.413222e+03  7.536341e+03
      vertex  1.330324e+04 -7.409307e+03  7.506125e+03
      vertex  1.330299e+04 -7.484893e+03  7.687552e+03
    endloop
  endfacet
  facet normal -4.424185e-02 -9.201138e-01 -3.891443e-01
    outer loop
      vertex  1.314245e+04 -7.413222e+03  7.536341e+03
      vertex  1.330299e+04 -7.484893e+03  7.687552e+03
      vertex  1.314230e+04 -7.469773e+03  7.670072e+03
    endloop
  endfacet
  facet normal -4.952246e-02 -9.343461e-01 -3.529090e-01
    outer loop
      vertex  1.314230e+04 -7.469773e+03  7.670072e+03
      vertex  1.330299e+04 -7.484893e+03  7.687552e+03
      vertex  1.330306e+04 -7.555146e+03  7.873540e+03
    endloop
  endfacet
  facet normal -3.067003e-02 -9.301001e-01 -3.660232e-01
    outer loop
      vertex  1.314230e+04 -7.469773e+03  7.670072e+03
      vertex  1.330306e+04 -7.555146e+03  7.873540e+03
      vertex  1.314232e+04 -7.523386e+03  7.806306e+03
    endloop
  endfacet
  facet normal -4.313190e-02 -9.392380e-01 -3.405461e-01
    outer loop
      vertex  1.314232e+04 -7.523386e+03  7.806306e+03
      vertex  1.330306e+04 -7.555146e+03  7.873540e+03
      vertex  1.314259e+04 -7.580079e+03  7.962631e+03
    endloop
  endfacet
  facet normal -3.786718e-02 -9.394357e-01 -3.406268e-01
    outer loop
      vertex  1.314232e+04 -7.523386e+03  7.806306e+03
      vertex  1.314259e+04 -7.580079e+03  7.962631e+03
      vertex  1.290139e+04 -7.525223e+03  7.838154e+03
    endloop
  endfacet
  facet normal -3.873102e-02 -9.399275e-01 -3.391697e-01
    outer loop
      vertex  1.290139e+04 -7.525223e+03  7.838154e+03
      vertex  1.314259e+04 -7.580079e+03  7.962631e+03
      vertex  1.290192e+04 -7.595628e+03  8.033207e+03
    endloop
  endfacet
  facet normal -2.733390e-02 -9.402720e-01 -3.393250e-01
    outer loop
      vertex  1.290139e+04 -7.525223e+03  7.838154e+03
      vertex  1.290192e+04 -7.595628e+03  8.033207e+03
      vertex  1.278115e+04 -7.555423e+03  7.931525e+03
    endloop
  endfacet
  facet normal -5.292560e-02 -8.987242e-01 -4.353089e-01
    outer loop
      vertex  1.266071e+04 -7.311780e+03  7.379117e+03
      vertex  1.278126e+04 -7.310693e+03  7.362217e+03
      vertex  1.278101e+04 -7.359180e+03  7.462351e+03
    endloop
  endfacet
  facet normal -4.682447e-02 -8.990043e-01 -4.354295e-01
    outer loop
      vertex  1.278101e+04 -7.359180e+03  7.462351e+03
      vertex  1.278126e+04 -7.310693e+03  7.362217e+03
      vertex  1.290205e+04 -7.278562e+03  7.282889e+03
    endloop
  endfacet
  facet normal -5.115231e-02 -8.976462e-01 -4.377382e-01
    outer loop
      vertex  1.278101e+04 -7.359180e+03  7.462351e+03
      vertex  1.290205e+04 -7.278562e+03  7.282889e+03
      vertex  1.290153e+04 -7.366437e+03  7.463150e+03
    endloop
  endfacet
  facet normal -6.173886e-02 -8.970961e-01 -4.375008e-01
    outer loop
      vertex  1.290153e+04 -7.366437e+03  7.463150e+03
      vertex  1.290205e+04 -7.278562e+03  7.282889e+03
      vertex  1.314306e+04 -7.307470e+03  7.308153e+03
    endloop
  endfacet
  facet normal -5.671820e-02 -9.005686e-01 -4.309980e-01
    outer loop
      vertex  1.290153e+04 -7.366437e+03  7.463150e+03
      vertex  1.314306e+04 -7.307470e+03  7.308153e+03
      vertex  1.314275e+04 -7.353825e+03  7.405052e+03
    endloop
  endfacet
  facet normal -6.230799e-02 -9.002610e-01 -4.308687e-01
    outer loop
      vertex  1.314275e+04 -7.353825e+03  7.405052e+03
      vertex  1.314306e+04 -7.307470e+03  7.308153e+03
      vertex  1.330374e+04 -7.328619e+03  7.329106e+03
    endloop
  endfacet
  facet normal -5.318747e-02 -9.085857e-01 -4.142984e-01
    outer loop
      vertex  1.314275e+04 -7.353825e+03  7.405052e+03
      vertex  1.330374e+04 -7.328619e+03  7.329106e+03
      vertex  1.330324e+04 -7.409307e+03  7.506125e+03
    endloop
  endfacet
  facet normal -6.073887e-02 -8.809743e-01 -4.692493e-01
    outer loop
      vertex  1.266137e+04 -7.211568e+03  7.187162e+03
      vertex  1.278198e+04 -7.208750e+03  7.166259e+03
      vertex  1.278159e+04 -7.260533e+03  7.263529e+03
    endloop
  endfacet
  facet normal -5.900607e-02 -8.810690e-01 -4.692927e-01
    outer loop
      vertex  1.278159e+04 -7.260533e+03  7.263529e+03
      vertex  1.278198e+04 -7.208750e+03  7.166259e+03
      vertex  1.290279e+04 -7.185408e+03  7.107246e+03
    endloop
  endfacet
  facet normal -5.678082e-02 -8.819162e-01 -4.679742e-01
    outer loop
      vertex  1.278159e+04 -7.260533e+03  7.263529e+03
      vertex  1.290279e+04 -7.185408e+03  7.107246e+03
      vertex  1.290205e+04 -7.278562e+03  7.282889e+03
    endloop
  endfacet
  facet normal -6.707087e-02 -8.813341e-01 -4.677090e-01
    outer loop
      vertex  1.290205e+04 -7.278562e+03  7.282889e+03
      vertex  1.290279e+04 -7.185408e+03  7.107246e+03
      vertex  1.314343e+04 -7.259615e+03  7.212570e+03
    endloop
  endfacet
  facet normal -6.018217e-02 -8.924752e-01 -4.470640e-01
    outer loop
      vertex  1.290205e+04 -7.278562e+03  7.282889e+03
      vertex  1.314343e+04 -7.259615e+03  7.212570e+03
      vertex  1.314306e+04 -7.307470e+03  7.308153e+03
    endloop
  endfacet
  facet normal -6.561311e-02 -8.921608e-01 -4.469276e-01
    outer loop
      vertex  1.314306e+04 -7.307470e+03  7.308153e+03
      vertex  1.314343e+04 -7.259615e+03  7.212570e+03
      vertex  1.330435e+04 -7.251845e+03  7.173435e+03
    endloop
  endfacet
  facet normal -6.022111e-02 -8.951386e-01 -4.417015e-01
    outer loop
      vertex  1.314306e+04 -7.307470e+03  7.308153e+03
      vertex  1.330435e+04 -7.251845e+03  7.173435e+03
      vertex  1.330374e+04 -7.328619e+03  7.329106e+03
    endloop
  endfacet
  facet normal -8.704015e-02 -8.559635e-01 -5.096572e-01
    outer loop
      vertex  1.314482e+04 -7.107518e+03  6.933465e+03
      vertex  1.314561e+04 -7.026975e+03  6.798060e+03
      vertex  1.330589e+04 -7.087301e+03  6.872004e+03
    endloop
  endfacet
  facet normal -7.494013e-02 -8.460553e-01 -5.278015e-01
    outer loop
      vertex  1.330589e+04 -7.087301e+03  6.872004e+03
      vertex  1.314561e+04 -7.026975e+03  6.798060e+03
      vertex  1.314622e+04 -6.965806e+03  6.699920e+03
    endloop
  endfacet
  facet normal -9.843340e-02 -8.536906e-01 -5.113933e-01
    outer loop
      vertex  1.330589e+04 -7.087301e+03  6.872004e+03
      vertex  1.314622e+04 -6.965806e+03  6.699920e+03
      vertex  1.330674e+04 -6.999954e+03  6.726027e+03
    endloop
  endfacet
  facet normal -8.974770e-02 -8.358880e-01 -5.415133e-01
    outer loop
      vertex  1.330674e+04 -6.999954e+03  6.726027e+03
      vertex  1.314622e+04 -6.965806e+03  6.699920e+03
      vertex  1.314684e+04 -6.903207e+03  6.603189e+03
    endloop
  endfacet
  facet normal -1.034670e-01 -8.424181e-01 -5.287970e-01
    outer loop
      vertex  1.330674e+04 -6.999954e+03  6.726027e+03
      vertex  1.314684e+04 -6.903207e+03  6.603189e+03
      vertex  1.330732e+04 -6.939992e+03  6.630390e+03
    endloop
  endfacet
  facet normal -1.081286e-01 -8.160025e-01 -5.678453e-01
    outer loop
      vertex  1.290709e+04 -6.743843e+03  6.416439e+03
      vertex  1.314810e+04 -6.769505e+03  6.407423e+03
      vertex  1.314747e+04 -6.837039e+03  6.504589e+03
    endloop
  endfacet
  facet normal -1.124638e-01 -8.155942e-01 -5.675896e-01
    outer loop
      vertex  1.314747e+04 -6.837039e+03  6.504589e+03
      vertex  1.314810e+04 -6.769505e+03  6.407423e+03
      vertex  1.330901e+04 -6.752566e+03  6.351200e+03
    endloop
  endfacet
  facet normal -1.033410e-01 -8.212674e-01 -5.611064e-01
    outer loop
      vertex  1.314747e+04 -6.837039e+03  6.504589e+03
      vertex  1.330901e+04 -6.752566e+03  6.351200e+03
      vertex  1.330790e+04 -6.878727e+03  6.536061e+03
    endloop
  endfacet
  facet normal -1.266335e-01 -7.088559e-01 -6.938928e-01
    outer loop
      vertex  1.199833e+04 -6.037471e+03  5.761764e+03
      vertex  1.209362e+04 -6.010146e+03  5.716460e+03
      vertex  1.209253e+04 -6.188863e+03  5.899230e+03
    endloop
  endfacet
  facet normal -1.358325e-01 -7.079579e-01 -6.930693e-01
    outer loop
      vertex  1.209253e+04 -6.188863e+03  5.899230e+03
      vertex  1.209362e+04 -6.010146e+03  5.716460e+03
      vertex  1.218869e+04 -6.017924e+03  5.705772e+03
    endloop
  endfacet
  facet normal -1.355593e-01 -7.080573e-01 -6.930214e-01
    outer loop
      vertex  1.209253e+04 -6.188863e+03  5.899230e+03
      vertex  1.218869e+04 -6.017924e+03  5.705772e+03
      vertex  1.218797e+04 -6.138360e+03  5.828962e+03
    endloop
  endfacet
  facet normal -1.385520e-01 -7.077524e-01 -6.927407e-01
    outer loop
      vertex  1.218797e+04 -6.138360e+03  5.828962e+03
      vertex  1.218869e+04 -6.017924e+03  5.705772e+03
      vertex  1.234965e+04 -6.010512e+03  5.666007e+03
    endloop
  endfacet
  facet normal -1.324050e-01 -7.117847e-01 -6.898054e-01
    outer loop
      vertex  1.218797e+04 -6.138360e+03  5.828962e+03
      vertex  1.234965e+04 -6.010512e+03  5.666007e+03
      vertex  1.234895e+04 -6.131902e+03  5.791399e+03
    endloop
  endfacet
  facet normal -1.403344e-01 -7.109783e-01 -6.890690e-01
    outer loop
      vertex  1.234895e+04 -6.131902e+03  5.791399e+03
      vertex  1.234965e+04 -6.010512e+03  5.666007e+03
      vertex  1.250993e+04 -6.112930e+03  5.739040e+03
    endloop
  endfacet
  facet normal -1.340583e-01 -7.255031e-01 -6.750359e-01
    outer loop
      vertex  1.234895e+04 -6.131902e+03  5.791399e+03
      vertex  1.250993e+04 -6.112930e+03  5.739040e+03
      vertex  1.250918e+04 -6.231251e+03  5.866355e+03
    endloop
  endfacet
  facet normal -1.432179e-01 -7.245371e-01 -6.741918e-01
    outer loop
      vertex  1.250918e+04 -6.231251e+03  5.866355e+03
      vertex  1.250993e+04 -6.112930e+03  5.739040e+03
      vertex  1.267073e+04 -6.107449e+03  5.698990e+03
    endloop
  endfacet
  facet normal -1.360397e-01 -7.291614e-01 -6.706838e-01
    outer loop
      vertex  1.250918e+04 -6.231251e+03  5.866355e+03
      vertex  1.267073e+04 -6.107449e+03  5.698990e+03
      vertex  1.267003e+04 -6.227130e+03  5.829249e+03
    endloop
  endfacet
  facet normal -1.481934e-01 -7.278439e-01 -6.695386e-01
    outer loop
      vertex  1.267003e+04 -6.227130e+03  5.829249e+03
      vertex  1.267073e+04 -6.107449e+03  5.698990e+03
      vertex  1.279084e+04 -6.181139e+03  5.752512e+03
    endloop
  endfacet
  facet normal -1.384052e-01 -7.381396e-01 -6.602983e-01
    outer loop
      vertex  1.267003e+04 -6.227130e+03  5.829249e+03
      vertex  1.279084e+04 -6.181139e+03  5.752512e+03
      vertex  1.279027e+04 -6.276814e+03  5.859586e+03
    endloop
  endfacet
  facet normal -1.497442e-01 -7.368785e-01 -6.592320e-01
    outer loop
      vertex  1.279027e+04 -6.276814e+03  5.859586e+03
      vertex  1.279084e+04 -6.181139e+03  5.752512e+03
      vertex  1.291122e+04 -6.197473e+03  5.743425e+03
    endloop
  endfacet
  facet normal -1.370447e-01 -7.457008e-01 -6.520346e-01
    outer loop
      vertex  1.279027e+04 -6.276814e+03  5.859586e+03
      vertex  1.291122e+04 -6.197473e+03  5.743425e+03
      vertex  1.291037e+04 -6.342354e+03  5.909297e+03
    endloop
  endfacet
  facet normal -1.524121e-01 -7.439687e-01 -6.506006e-01
    outer loop
      vertex  1.291037e+04 -6.342354e+03  5.909297e+03
      vertex  1.291122e+04 -6.197473e+03  5.743425e+03
      vertex  1.315146e+04 -6.301828e+03  5.806478e+03
    endloop
  endfacet
  facet normal -1.429063e-01 -7.596148e-01 -6.344786e-01
    outer loop
      vertex  1.291037e+04 -6.342354e+03  5.909297e+03
      vertex  1.315146e+04 -6.301828e+03  5.806478e+03
      vertex  1.315095e+04 -6.396412e+03  5.919831e+03
    endloop
  endfacet
  facet normal -1.583086e-01 -7.577789e-01 -6.330162e-01
    outer loop
      vertex  1.315095e+04 -6.396412e+03  5.919831e+03
      vertex  1.315146e+04 -6.301828e+03  5.806478e+03
      vertex  1.331169e+04 -6.332937e+03  5.803646e+03
    endloop
  endfacet
  facet normal -1.491894e-01 -7.662246e-01 -6.250141e-01
    outer loop
      vertex  1.315095e+04 -6.396412e+03  5.919831e+03
      vertex  1.331169e+04 -6.332937e+03  5.803646e+03
      vertex  1.331129e+04 -6.419391e+03  5.909729e+03
    endloop
  endfacet
  facet normal -1.490712e-01 -6.991924e-01 -6.992194e-01
    outer loop
      vertex  1.251056e+04 -5.993227e+03  5.614416e+03
      vertex  1.234965e+04 -6.010512e+03  5.666007e+03
      vertex  1.235024e+04 -5.887917e+03  5.543292e+03
    endloop
  endfacet
  facet normal -1.407147e-01 -7.000781e-01 -7.000642e-01
    outer loop
      vertex  1.235024e+04 -5.887917e+03  5.543292e+03
      vertex  1.234965e+04 -6.010512e+03  5.666007e+03
      vertex  1.218869e+04 -6.017924e+03  5.705772e+03
    endloop
  endfacet
  facet normal -1.473681e-01 -6.956314e-01 -7.031214e-01
    outer loop
      vertex  1.235024e+04 -5.887917e+03  5.543292e+03
      vertex  1.218869e+04 -6.017924e+03  5.705772e+03
      vertex  1.218931e+04 -5.896209e+03  5.585225e+03
    endloop
  endfacet
  facet normal -1.361735e-01 -6.967883e-01 -7.042321e-01
    outer loop
      vertex  1.218931e+04 -5.896209e+03  5.585225e+03
      vertex  1.218869e+04 -6.017924e+03  5.705772e+03
      vertex  1.209362e+04 -6.010146e+03  5.716460e+03
    endloop
  endfacet
  facet normal -1.442616e-01 -6.927382e-01 -7.066134e-01
    outer loop
      vertex  1.218931e+04 -5.896209e+03  5.585225e+03
      vertex  1.209362e+04 -6.010146e+03  5.716460e+03
      vertex  1.209424e+04 -5.887133e+03  5.595735e+03
    endloop
  endfacet
  facet normal -1.374251e-01 -6.934371e-01 -7.072901e-01
    outer loop
      vertex  1.209424e+04 -5.887133e+03  5.595735e+03
      vertex  1.209362e+04 -6.010146e+03  5.716460e+03
      vertex  1.199833e+04 -6.037471e+03  5.761764e+03
    endloop
  endfacet
  facet normal -1.369889e-01 -6.936156e-01 -7.071998e-01
    outer loop
      vertex  1.209424e+04 -5.887133e+03  5.595735e+03
      vertex  1.199833e+04 -6.037471e+03  5.761764e+03
      vertex  1.199897e+04 -5.914958e+03  5.641479e+03
    endloop
  endfacet
  facet normal -1.432942e-01 -7.133920e-01 -6.859583e-01
    outer loop
      vertex  1.234965e+04 -6.010512e+03  5.666007e+03
      vertex  1.251056e+04 -5.993227e+03  5.614416e+03
      vertex  1.250993e+04 -6.112930e+03  5.739040e+03
    endloop
  endfacet
  facet normal -1.529415e-01 -7.123252e-01 -6.849829e-01
    outer loop
      vertex  1.250993e+04 -6.112930e+03  5.739040e+03
      vertex  1.251056e+04 -5.993227e+03  5.614416e+03
      vertex  1.267130e+04 -5.986441e+03  5.571470e+03
    endloop
  endfacet
  facet normal -1.452540e-01 -7.173669e-01 -6.813853e-01
    outer loop
      vertex  1.250993e+04 -6.112930e+03  5.739040e+03
      vertex  1.267130e+04 -5.986441e+03  5.571470e+03
      vertex  1.267073e+04 -6.107449e+03  5.698990e+03
    endloop
  endfacet
  facet normal -1.555453e-01 -7.162082e-01 -6.803320e-01
    outer loop
      vertex  1.267073e+04 -6.107449e+03  5.698990e+03
      vertex  1.267130e+04 -5.986441e+03  5.571470e+03
      vertex  1.279133e+04 -6.084499e+03  5.647255e+03
    endloop
  endfacet
  facet normal -1.485042e-01 -7.280989e-01 -6.691923e-01
    outer loop
      vertex  1.267073e+04 -6.107449e+03  5.698990e+03
      vertex  1.279133e+04 -6.084499e+03  5.647255e+03
      vertex  1.279084e+04 -6.181139e+03  5.752512e+03
    endloop
  endfacet
  facet normal -1.581816e-01 -7.269703e-01 -6.682011e-01
    outer loop
      vertex  1.279084e+04 -6.181139e+03  5.752512e+03
      vertex  1.279133e+04 -6.084499e+03  5.647255e+03
      vertex  1.291169e+04 -6.097945e+03  5.633394e+03
    endloop
  endfacet
  facet normal -1.495448e-01 -7.329646e-01 -6.636257e-01
    outer loop
      vertex  1.279084e+04 -6.181139e+03  5.752512e+03
      vertex  1.291169e+04 -6.097945e+03  5.633394e+03
      vertex  1.291122e+04 -6.197473e+03  5.743425e+03
    endloop
  endfacet
  facet normal -1.595964e-01 -7.317773e-01 -6.625940e-01
    outer loop
      vertex  1.291122e+04 -6.197473e+03  5.743425e+03
      vertex  1.291169e+04 -6.097945e+03  5.633394e+03
      vertex  1.315188e+04 -6.206125e+03  5.695015e+03
    endloop
  endfacet
  facet normal -1.564280e-01 -7.490756e-01 -6.437515e-01
    outer loop
      vertex  1.291122e+04 -6.197473e+03  5.743425e+03
      vertex  1.315188e+04 -6.206125e+03  5.695015e+03
      vertex  1.315146e+04 -6.301828e+03  5.806478e+03
    endloop
  endfacet
  facet normal -1.673095e-01 -7.477011e-01 -6.426123e-01
    outer loop
      vertex  1.315146e+04 -6.301828e+03  5.806478e+03
      vertex  1.315188e+04 -6.206125e+03  5.695015e+03
      vertex  1.331201e+04 -6.245517e+03  5.699158e+03
    endloop
  endfacet
  facet normal -1.581876e-01 -7.570768e-01 -6.338859e-01
    outer loop
      vertex  1.315146e+04 -6.301828e+03  5.806478e+03
      vertex  1.331201e+04 -6.245517e+03  5.699158e+03
      vertex  1.331169e+04 -6.332937e+03  5.803646e+03
    endloop
  endfacet
  facet normal -1.674796e-01 -6.727581e-01 -7.206574e-01
    outer loop
      vertex  1.235107e+04 -5.615423e+03  5.281947e+03
      vertex  1.218986e+04 -5.760931e+03  5.455250e+03
      vertex  1.219026e+04 -5.624941e+03  5.328204e+03
    endloop
  endfacet
  facet normal -1.539820e-01 -6.742802e-01 -7.222435e-01
    outer loop
      vertex  1.219026e+04 -5.624941e+03  5.328204e+03
      vertex  1.218986e+04 -5.760931e+03  5.455250e+03
      vertex  1.209476e+04 -5.763133e+03  5.477581e+03
    endloop
  endfacet
  facet normal -1.632474e-01 -6.699899e-01 -7.241986e-01
    outer loop
      vertex  1.219026e+04 -5.624941e+03  5.328204e+03
      vertex  1.209476e+04 -5.763133e+03  5.477581e+03
      vertex  1.209523e+04 -5.612282e+03  5.337916e+03
    endloop
  endfacet
  facet normal -1.530419e-01 -6.711176e-01 -7.253823e-01
    outer loop
      vertex  1.209523e+04 -5.612282e+03  5.337916e+03
      vertex  1.209476e+04 -5.763133e+03  5.477581e+03
      vertex  1.199952e+04 -5.791345e+03  5.523776e+03
    endloop
  endfacet
  facet normal -1.552809e-01 -6.702548e-01 -7.257040e-01
    outer loop
      vertex  1.209523e+04 -5.612282e+03  5.337916e+03
      vertex  1.199952e+04 -5.791345e+03  5.523776e+03
      vertex  1.200002e+04 -5.644264e+03  5.387825e+03
    endloop
  endfacet
  facet normal -1.457981e-01 -6.712527e-01 -7.267482e-01
    outer loop
      vertex  1.200002e+04 -5.644264e+03  5.387825e+03
      vertex  1.199952e+04 -5.791345e+03  5.523776e+03
      vertex  1.191071e+04 -5.768571e+03  5.520559e+03
    endloop
  endfacet
  facet normal -1.573269e-01 -6.657758e-01 -7.293770e-01
    outer loop
      vertex  1.200002e+04 -5.644264e+03  5.387825e+03
      vertex  1.191071e+04 -5.768571e+03  5.520559e+03
      vertex  1.191120e+04 -5.618683e+03  5.383634e+03
    endloop
  endfacet
  facet normal -1.453394e-01 -6.670353e-01 -7.307122e-01
    outer loop
      vertex  1.191120e+04 -5.618683e+03  5.383634e+03
      vertex  1.191071e+04 -5.768571e+03  5.520559e+03
      vertex  1.182186e+04 -5.747108e+03  5.518638e+03
    endloop
  endfacet
  facet normal -1.566175e-01 -6.617690e-01 -7.331662e-01
    outer loop
      vertex  1.191120e+04 -5.618683e+03  5.383634e+03
      vertex  1.182186e+04 -5.747108e+03  5.518638e+03
      vertex  1.182234e+04 -5.594458e+03  5.380750e+03
    endloop
  endfacet
  facet normal -1.472723e-01 -6.627483e-01 -7.342177e-01
    outer loop
      vertex  1.182234e+04 -5.594458e+03  5.380750e+03
      vertex  1.182186e+04 -5.747108e+03  5.518638e+03
      vertex  1.169898e+04 -5.773518e+03  5.567124e+03
    endloop
  endfacet
  facet normal -1.502654e-01 -6.613588e-01 -7.348638e-01
    outer loop
      vertex  1.182234e+04 -5.594458e+03  5.380750e+03
      vertex  1.169898e+04 -5.773518e+03  5.567124e+03
      vertex  1.169947e+04 -5.623879e+03  5.432354e+03
    endloop
  endfacet
  facet normal -1.588448e-01 -6.783742e-01 -7.173401e-01
    outer loop
      vertex  1.218986e+04 -5.760931e+03  5.455250e+03
      vertex  1.235107e+04 -5.615423e+03  5.281947e+03
      vertex  1.235074e+04 -5.751963e+03  5.411145e+03
    endloop
  endfacet
  facet normal -1.679296e-01 -6.773282e-01 -7.162583e-01
    outer loop
      vertex  1.235074e+04 -5.751963e+03  5.411145e+03
      vertex  1.235107e+04 -5.615423e+03  5.281947e+03
      vertex  1.251147e+04 -5.742409e+03  5.364425e+03
    endloop
  endfacet
  facet normal -1.634451e-01 -6.914285e-01 -7.037133e-01
    outer loop
      vertex  1.235074e+04 -5.751963e+03  5.411145e+03
      vertex  1.251147e+04 -5.742409e+03  5.364425e+03
      vertex  1.251109e+04 -5.868194e+03  5.488104e+03
    endloop
  endfacet
  facet normal -1.661558e-01 -6.911067e-01 -7.033945e-01
    outer loop
      vertex  1.251109e+04 -5.868194e+03  5.488104e+03
      vertex  1.251147e+04 -5.742409e+03  5.364425e+03
      vertex  1.267174e+04 -5.861441e+03  5.443519e+03
    endloop
  endfacet
  facet normal -1.617977e-01 -7.056046e-01 -6.898866e-01
    outer loop
      vertex  1.251109e+04 -5.868194e+03  5.488104e+03
      vertex  1.267174e+04 -5.861441e+03  5.443519e+03
      vertex  1.267130e+04 -5.986441e+03  5.571470e+03
    endloop
  endfacet
  facet normal -1.649399e-01 -7.052270e-01 -6.895286e-01
    outer loop
      vertex  1.267130e+04 -5.986441e+03  5.571470e+03
      vertex  1.267174e+04 -5.861441e+03  5.443519e+03
      vertex  1.279180e+04 -5.969057e+03  5.524866e+03
    endloop
  endfacet
  facet normal -1.585671e-01 -7.179475e-01 -6.777964e-01
    outer loop
      vertex  1.267130e+04 -5.986441e+03  5.571470e+03
      vertex  1.279180e+04 -5.969057e+03  5.524866e+03
      vertex  1.279133e+04 -6.084499e+03  5.647255e+03
    endloop
  endfacet
  facet normal -1.680904e-01 -7.167825e-01 -6.767336e-01
    outer loop
      vertex  1.279133e+04 -6.084499e+03  5.647255e+03
      vertex  1.279180e+04 -5.969057e+03  5.524866e+03
      vertex  1.291205e+04 -5.997598e+03  5.525229e+03
    endloop
  endfacet
  facet normal -1.582241e-01 -7.236061e-01 -6.718329e-01
    outer loop
      vertex  1.279133e+04 -6.084499e+03  5.647255e+03
      vertex  1.291205e+04 -5.997598e+03  5.525229e+03
      vertex  1.291169e+04 -6.097945e+03  5.633394e+03
    endloop
  endfacet
  facet normal -1.692396e-01 -7.222474e-01 -6.706091e-01
    outer loop
      vertex  1.291169e+04 -6.097945e+03  5.633394e+03
      vertex  1.291205e+04 -5.997598e+03  5.525229e+03
      vertex  1.315221e+04 -6.104055e+03  5.579273e+03
    endloop
  endfacet
  facet normal -1.656137e-01 -7.394201e-01 -6.525565e-01
    outer loop
      vertex  1.291169e+04 -6.097945e+03  5.633394e+03
      vertex  1.315221e+04 -6.104055e+03  5.579273e+03
      vertex  1.315188e+04 -6.206125e+03  5.695015e+03
    endloop
  endfacet
  facet normal -1.765556e-01 -7.379795e-01 -6.513175e-01
    outer loop
      vertex  1.315188e+04 -6.206125e+03  5.695015e+03
      vertex  1.315221e+04 -6.104055e+03  5.579273e+03
      vertex  1.331223e+04 -6.157283e+03  5.596206e+03
    endloop
  endfacet
  facet normal -1.674999e-01 -7.483858e-01 -6.417651e-01
    outer loop
      vertex  1.315188e+04 -6.206125e+03  5.695015e+03
      vertex  1.331223e+04 -6.157283e+03  5.596206e+03
      vertex  1.331201e+04 -6.245517e+03  5.699158e+03
    endloop
  endfacet
  facet normal -1.722757e-01 -6.954851e-01 -6.975826e-01
    outer loop
      vertex  1.251147e+04 -5.742409e+03  5.364425e+03
      vertex  1.267203e+04 -5.735797e+03  5.318182e+03
      vertex  1.267174e+04 -5.861441e+03  5.443519e+03
    endloop
  endfacet
  facet normal -1.743971e-01 -6.952190e-01 -6.973208e-01
    outer loop
      vertex  1.267174e+04 -5.861441e+03  5.443519e+03
      vertex  1.267203e+04 -5.735797e+03  5.318182e+03
      vertex  1.279213e+04 -5.852830e+03  5.404826e+03
    endloop
  endfacet
  facet normal -1.697788e-01 -7.077643e-01 -6.857440e-01
    outer loop
      vertex  1.267174e+04 -5.861441e+03  5.443519e+03
      vertex  1.279213e+04 -5.852830e+03  5.404826e+03
      vertex  1.279180e+04 -5.969057e+03  5.524866e+03
    endloop
  endfacet
  facet normal -1.786112e-01 -7.066297e-01 -6.846696e-01
    outer loop
      vertex  1.279180e+04 -5.969057e+03  5.524866e+03
      vertex  1.279213e+04 -5.852830e+03  5.404826e+03
      vertex  1.291234e+04 -5.875106e+03  5.396455e+03
    endloop
  endfacet
  facet normal -1.674529e-01 -7.141341e-01 -6.796852e-01
    outer loop
      vertex  1.279180e+04 -5.969057e+03  5.524866e+03
      vertex  1.291234e+04 -5.875106e+03  5.396455e+03
      vertex  1.291205e+04 -5.997598e+03  5.525229e+03
    endloop
  endfacet
  facet normal -1.792322e-01 -7.126184e-01 -6.782705e-01
    outer loop
      vertex  1.291205e+04 -5.997598e+03  5.525229e+03
      vertex  1.291234e+04 -5.875106e+03  5.396455e+03
      vertex  1.315243e+04 -6.001182e+03  5.465474e+03
    endloop
  endfacet
  facet normal -1.750578e-01 -7.302024e-01 -6.604236e-01
    outer loop
      vertex  1.291205e+04 -5.997598e+03  5.525229e+03
      vertex  1.315243e+04 -6.001182e+03  5.465474e+03
      vertex  1.315221e+04 -6.104055e+03  5.579273e+03
    endloop
  endfacet
  facet normal -1.856338e-01 -7.287539e-01 -6.591341e-01
    outer loop
      vertex  1.315221e+04 -6.104055e+03  5.579273e+03
      vertex  1.315243e+04 -6.001182e+03  5.465474e+03
      vertex  1.331237e+04 -6.068387e+03  5.494733e+03
    endloop
  endfacet
  facet normal -1.775519e-01 -7.401158e-01 -6.486170e-01
    outer loop
      vertex  1.315221e+04 -6.104055e+03  5.579273e+03
      vertex  1.331237e+04 -6.068387e+03  5.494733e+03
      vertex  1.331223e+04 -6.157283e+03  5.596206e+03
    endloop
  endfacet
  facet normal -2.779499e-01 -6.601790e-01 -6.977877e-01
    outer loop
      vertex  1.266822e+04 -4.754925e+03  4.397362e+03
      vertex  1.278758e+04 -4.749929e+03  4.345090e+03
      vertex  1.279075e+04 -5.123439e+03  4.697208e+03
    endloop
  endfacet
  facet normal -2.739481e-01 -6.609491e-01 -6.986405e-01
    outer loop
      vertex  1.279075e+04 -5.123439e+03  4.697208e+03
      vertex  1.278758e+04 -4.749929e+03  4.345090e+03
      vertex  1.290827e+04 -4.882675e+03  4.423350e+03
    endloop
  endfacet
  facet normal -2.490499e-01 -6.718619e-01 -6.975499e-01
    outer loop
      vertex  1.279075e+04 -5.123439e+03  4.697208e+03
      vertex  1.290827e+04 -4.882675e+03  4.423350e+03
      vertex  1.291065e+04 -5.165349e+03  4.694766e+03
    endloop
  endfacet
  facet normal -2.718969e-01 -6.676923e-01 -6.930073e-01
    outer loop
      vertex  1.291065e+04 -5.165349e+03  4.694766e+03
      vertex  1.290827e+04 -4.882675e+03  4.423350e+03
      vertex  1.314868e+04 -5.087420e+03  4.526294e+03
    endloop
  endfacet
  facet normal -2.589028e-01 -6.838640e-01 -6.821285e-01
    outer loop
      vertex  1.291065e+04 -5.165349e+03  4.694766e+03
      vertex  1.314868e+04 -5.087420e+03  4.526294e+03
      vertex  1.315026e+04 -5.270511e+03  4.709250e+03
    endloop
  endfacet
  facet normal -2.798820e-01 -6.798060e-01 -6.778862e-01
    outer loop
      vertex  1.315026e+04 -5.270511e+03  4.709250e+03
      vertex  1.314868e+04 -5.087420e+03  4.526294e+03
      vertex  1.330824e+04 -5.175924e+03  4.549170e+03
    endloop
  endfacet
  facet normal -2.648559e-01 -6.927971e-01 -6.707336e-01
    outer loop
      vertex  1.315026e+04 -5.270511e+03  4.709250e+03
      vertex  1.330824e+04 -5.175924e+03  4.549170e+03
      vertex  1.331070e+04 -5.469958e+03  4.851903e+03
    endloop
  endfacet
  facet normal -4.023935e-01 -7.315569e-01 -5.503672e-01
    outer loop
      vertex  1.328817e+04 -3.954147e+03  3.175228e+03
      vertex  1.329107e+04 -4.100821e+03  3.368065e+03
      vertex  1.313119e+04 -3.999929e+03  3.350852e+03
    endloop
  endfacet
  facet normal -3.898865e-01 -7.165253e-01 -5.784289e-01
    outer loop
      vertex  1.313119e+04 -3.999929e+03  3.350852e+03
      vertex  1.329107e+04 -4.100821e+03  3.368065e+03
      vertex  1.329418e+04 -4.257904e+03  3.560557e+03
    endloop
  endfacet
  facet normal -3.931381e-01 -7.166554e-01 -5.760619e-01
    outer loop
      vertex  1.313119e+04 -3.999929e+03  3.350852e+03
      vertex  1.329418e+04 -4.257904e+03  3.560557e+03
      vertex  1.313390e+04 -4.130693e+03  3.511681e+03
    endloop
  endfacet
  facet normal -3.749947e-01 -7.041345e-01 -6.029705e-01
    outer loop
      vertex  1.313390e+04 -4.130693e+03  3.511681e+03
      vertex  1.329418e+04 -4.257904e+03  3.560557e+03
      vertex  1.329737e+04 -4.426516e+03  3.755471e+03
    endloop
  endfacet
  facet normal -3.804311e-01 -7.042308e-01 -5.994422e-01
    outer loop
      vertex  1.313390e+04 -4.130693e+03  3.511681e+03
      vertex  1.329737e+04 -4.426516e+03  3.755471e+03
      vertex  1.313667e+04 -4.270532e+03  3.674206e+03
    endloop
  endfacet
  facet normal -4.015201e-01 -8.393506e-01 -3.664317e-01
    outer loop
      vertex  1.300000e+04 -3.369850e+03  2.442842e+03
      vertex  1.300000e+04 -3.321048e+03  2.331056e+03
      vertex  1.312145e+04 -3.424583e+03  2.435132e+03
    endloop
  endfacet
  facet normal -3.904755e-01 -8.389953e-01 -3.789668e-01
    outer loop
      vertex  1.312145e+04 -3.424583e+03  2.435132e+03
      vertex  1.300000e+04 -3.321048e+03  2.331056e+03
      vertex  1.312159e+04 -3.366485e+03  2.306370e+03
    endloop
  endfacet
  facet normal -3.892605e-01 -8.537320e-01 -3.458582e-01
    outer loop
      vertex  1.300000e+04 -3.321048e+03  2.331056e+03
      vertex  1.300000e+04 -3.275685e+03  2.219081e+03
      vertex  1.312159e+04 -3.366485e+03  2.306370e+03
    endloop
  endfacet
  facet normal -3.783723e-01 -8.527703e-01 -3.600240e-01
    outer loop
      vertex  1.312159e+04 -3.366485e+03  2.306370e+03
      vertex  1.300000e+04 -3.275685e+03  2.219081e+03
      vertex  1.312202e+04 -3.327213e+03  2.212889e+03
    endloop
  endfacet
  facet normal -3.315084e-01 -8.903233e-01 -3.121321e-01
    outer loop
      vertex  1.313067e+04 -3.139162e+03  1.693681e+03
      vertex  1.312592e+04 -3.208621e+03  1.896851e+03
      vertex  1.300000e+04 -3.132727e+03  1.814112e+03
    endloop
  endfacet
  facet normal -3.239780e-01 -8.893329e-01 -3.226845e-01
    outer loop
      vertex  1.300000e+04 -3.132727e+03  1.814112e+03
      vertex  1.312592e+04 -3.208621e+03  1.896851e+03
      vertex  1.312410e+04 -3.248313e+03  2.008078e+03
    endloop
  endfacet
  facet normal -3.593653e-01 -8.845987e-01 -2.972230e-01
    outer loop
      vertex  1.300000e+04 -3.132727e+03  1.814112e+03
      vertex  1.312410e+04 -3.248313e+03  2.008078e+03
      vertex  1.300000e+04 -3.193456e+03  1.994854e+03
    endloop
  endfacet
  facet normal -3.513962e-01 -8.751210e-01 -3.326919e-01
    outer loop
      vertex  1.300000e+04 -3.193456e+03  1.994854e+03
      vertex  1.312410e+04 -3.248313e+03  2.008078e+03
      vertex  1.312277e+04 -3.290179e+03  2.119604e+03
    endloop
  endfacet
  facet normal -3.728719e-01 -8.742528e-01 -3.108837e-01
    outer loop
      vertex  1.300000e+04 -3.193456e+03  1.994854e+03
      vertex  1.312277e+04 -3.290179e+03  2.119604e+03
      vertex  1.300000e+04 -3.233330e+03  2.106987e+03
    endloop
  endfacet
  facet normal -2.872554e-02 -9.108346e-01 -4.117707e-01
    outer loop
      vertex  1.208410e+04 -7.424019e+03  7.677849e+03
      vertex  1.217883e+04 -7.372027e+03  7.556235e+03
      vertex  1.217894e+04 -7.463332e+03  7.758191e+03
    endloop
  endfacet
  facet normal -4.849437e-02 -9.101427e-01 -4.114469e-01
    outer loop
      vertex  1.217894e+04 -7.463332e+03  7.758191e+03
      vertex  1.217883e+04 -7.372027e+03  7.556235e+03
      vertex  1.233926e+04 -7.423552e+03  7.651301e+03
    endloop
  endfacet
  facet normal -3.798341e-02 -9.165670e-01 -3.980730e-01
    outer loop
      vertex  1.217894e+04 -7.463332e+03  7.758191e+03
      vertex  1.233926e+04 -7.423552e+03  7.651301e+03
      vertex  1.233935e+04 -7.468817e+03  7.755516e+03
    endloop
  endfacet
  facet normal -3.695498e-02 -9.166021e-01 -3.980892e-01
    outer loop
      vertex  1.233935e+04 -7.468817e+03  7.755516e+03
      vertex  1.233926e+04 -7.423552e+03  7.651301e+03
      vertex  1.249978e+04 -7.400682e+03  7.583742e+03
    endloop
  endfacet
  facet normal -3.524980e-02 -9.172484e-01 -3.967529e-01
    outer loop
      vertex  1.233935e+04 -7.468817e+03  7.755516e+03
      vertex  1.249978e+04 -7.400682e+03  7.583742e+03
      vertex  1.249988e+04 -7.487061e+03  7.783432e+03
    endloop
  endfacet
  facet normal -4.861168e-02 -9.167359e-01 -3.965249e-01
    outer loop
      vertex  1.249988e+04 -7.487061e+03  7.783432e+03
      vertex  1.249978e+04 -7.400682e+03  7.583742e+03
      vertex  1.266034e+04 -7.450133e+03  7.678385e+03
    endloop
  endfacet
  facet normal -3.847826e-02 -9.228635e-01 -3.832000e-01
    outer loop
      vertex  1.249988e+04 -7.487061e+03  7.783432e+03
      vertex  1.266034e+04 -7.450133e+03  7.678385e+03
      vertex  1.266041e+04 -7.492996e+03  7.781605e+03
    endloop
  endfacet
  facet normal -4.223766e-02 -9.227243e-01 -3.831394e-01
    outer loop
      vertex  1.266041e+04 -7.492996e+03  7.781605e+03
      vertex  1.266034e+04 -7.450133e+03  7.678385e+03
      vertex  1.278079e+04 -7.450942e+03  7.667056e+03
    endloop
  endfacet
  facet normal -4.011219e-02 -9.236094e-01 -3.812307e-01
    outer loop
      vertex  1.266041e+04 -7.492996e+03  7.781605e+03
      vertex  1.278079e+04 -7.450942e+03  7.667056e+03
      vertex  1.278084e+04 -7.494129e+03  7.771679e+03
    endloop
  endfacet
  facet normal -4.285675e-02 -9.235044e-01 -3.811861e-01
    outer loop
      vertex  1.278084e+04 -7.494129e+03  7.771679e+03
      vertex  1.278079e+04 -7.450942e+03  7.667056e+03
      vertex  1.290128e+04 -7.448746e+03  7.648187e+03
    endloop
  endfacet
  facet normal -3.332832e-02 -9.271403e-01 -3.732294e-01
    outer loop
      vertex  1.278084e+04 -7.494129e+03  7.771679e+03
      vertex  1.290128e+04 -7.448746e+03  7.648187e+03
      vertex  1.290139e+04 -7.525223e+03  7.838154e+03
    endloop
  endfacet
  facet normal -4.697459e-02 -9.266343e-01 -3.730180e-01
    outer loop
      vertex  1.290139e+04 -7.525223e+03  7.838154e+03
      vertex  1.290128e+04 -7.448746e+03  7.648187e+03
      vertex  1.314230e+04 -7.469773e+03  7.670072e+03
    endloop
  endfacet
  facet normal -4.127952e-02 -9.297453e-01 -3.658818e-01
    outer loop
      vertex  1.290139e+04 -7.525223e+03  7.838154e+03
      vertex  1.314230e+04 -7.469773e+03  7.670072e+03
      vertex  1.314232e+04 -7.523386e+03  7.806306e+03
    endloop
  endfacet
  facet normal -5.170431e-02 -9.022555e-01 -4.280908e-01
    outer loop
      vertex  1.250007e+04 -7.307584e+03  7.389677e+03
      vertex  1.266071e+04 -7.311780e+03  7.379117e+03
      vertex  1.266037e+04 -7.405486e+03  7.576657e+03
    endloop
  endfacet
  facet normal -5.927652e-02 -9.018701e-01 -4.279212e-01
    outer loop
      vertex  1.266037e+04 -7.405486e+03  7.576657e+03
      vertex  1.266071e+04 -7.311780e+03  7.379117e+03
      vertex  1.278101e+04 -7.359180e+03  7.462351e+03
    endloop
  endfacet
  facet normal -4.748660e-02 -9.073453e-01 -4.176954e-01
    outer loop
      vertex  1.266037e+04 -7.405486e+03  7.576657e+03
      vertex  1.278101e+04 -7.359180e+03  7.462351e+03
      vertex  1.278085e+04 -7.405945e+03  7.563955e+03
    endloop
  endfacet
  facet normal -5.185796e-02 -9.071452e-01 -4.176102e-01
    outer loop
      vertex  1.278085e+04 -7.405945e+03  7.563955e+03
      vertex  1.278101e+04 -7.359180e+03  7.462351e+03
      vertex  1.290153e+04 -7.366437e+03  7.463150e+03
    endloop
  endfacet
  facet normal -4.038625e-02 -9.129179e-01 -4.061402e-01
    outer loop
      vertex  1.278085e+04 -7.405945e+03  7.563955e+03
      vertex  1.290153e+04 -7.366437e+03  7.463150e+03
      vertex  1.290128e+04 -7.448746e+03  7.648187e+03
    endloop
  endfacet
  facet normal -5.385658e-02 -9.123307e-01 -4.058967e-01
    outer loop
      vertex  1.290128e+04 -7.448746e+03  7.648187e+03
      vertex  1.290153e+04 -7.366437e+03  7.463150e+03
      vertex  1.314245e+04 -7.413222e+03  7.536341e+03
    endloop
  endfacet
  facet normal -4.493984e-02 -9.200848e-01 -3.891329e-01
    outer loop
      vertex  1.290128e+04 -7.448746e+03  7.648187e+03
      vertex  1.314245e+04 -7.413222e+03  7.536341e+03
      vertex  1.314230e+04 -7.469773e+03  7.670072e+03
    endloop
  endfacet
  facet normal -8.325612e-02 -8.280434e-01 -5.544479e-01
    outer loop
      vertex  1.266394e+04 -6.928640e+03  6.720648e+03
      vertex  1.250265e+04 -6.973370e+03  6.811670e+03
      vertex  1.250331e+04 -6.905148e+03  6.709686e+03
    endloop
  endfacet
  facet normal -7.630521e-02 -8.285264e-01 -5.547265e-01
    outer loop
      vertex  1.250331e+04 -6.905148e+03  6.709686e+03
      vertex  1.250265e+04 -6.973370e+03  6.811670e+03
      vertex  1.234191e+04 -6.967171e+03  6.824521e+03
    endloop
  endfacet
  facet normal -8.352119e-02 -8.229923e-01 -5.618790e-01
    outer loop
      vertex  1.250331e+04 -6.905148e+03  6.709686e+03
      vertex  1.234191e+04 -6.967171e+03  6.824521e+03
      vertex  1.234279e+04 -6.872124e+03  6.685174e+03
    endloop
  endfacet
  facet normal -7.366382e-02 -8.236630e-01 -5.622747e-01
    outer loop
      vertex  1.234279e+04 -6.872124e+03  6.685174e+03
      vertex  1.234191e+04 -6.967171e+03  6.824521e+03
      vertex  1.218158e+04 -6.921332e+03  6.778378e+03
    endloop
  endfacet
  facet normal -8.215539e-02 -8.156250e-01 -5.727184e-01
    outer loop
      vertex  1.234279e+04 -6.872124e+03  6.685174e+03
      vertex  1.218158e+04 -6.921332e+03  6.778378e+03
      vertex  1.218221e+04 -6.848970e+03  6.675235e+03
    endloop
  endfacet
  facet normal -7.485029e-02 -8.360676e-01 -5.434965e-01
    outer loop
      vertex  1.250265e+04 -6.973370e+03  6.811670e+03
      vertex  1.266394e+04 -6.928640e+03  6.720648e+03
      vertex  1.266306e+04 -7.018562e+03  6.859097e+03
    endloop
  endfacet
  facet normal -8.574566e-02 -8.353000e-01 -5.430670e-01
    outer loop
      vertex  1.266306e+04 -7.018562e+03  6.859097e+03
      vertex  1.266394e+04 -6.928640e+03  6.720648e+03
      vertex  1.278432e+04 -6.957087e+03  6.745397e+03
    endloop
  endfacet
  facet normal -7.444278e-02 -8.418492e-01 -5.345541e-01
    outer loop
      vertex  1.266306e+04 -7.018562e+03  6.859097e+03
      vertex  1.278432e+04 -6.957087e+03  6.745397e+03
      vertex  1.278346e+04 -7.044194e+03  6.882699e+03
    endloop
  endfacet
  facet normal -8.556908e-02 -8.410637e-01 -5.341253e-01
    outer loop
      vertex  1.278346e+04 -7.044194e+03  6.882699e+03
      vertex  1.278432e+04 -6.957087e+03  6.745397e+03
      vertex  1.290481e+04 -6.974004e+03  6.752731e+03
    endloop
  endfacet
  facet normal -7.212491e-02 -8.478829e-01 -5.252548e-01
    outer loop
      vertex  1.278346e+04 -7.044194e+03  6.882699e+03
      vertex  1.290481e+04 -6.974004e+03  6.752731e+03
      vertex  1.290374e+04 -7.082254e+03  6.927620e+03
    endloop
  endfacet
  facet normal -8.751305e-02 -8.467929e-01 -5.246743e-01
    outer loop
      vertex  1.290374e+04 -7.082254e+03  6.927620e+03
      vertex  1.290481e+04 -6.974004e+03  6.752731e+03
      vertex  1.314561e+04 -7.026975e+03  6.798060e+03
    endloop
  endfacet
  facet normal -7.740662e-02 -8.566715e-01 -5.100219e-01
    outer loop
      vertex  1.290374e+04 -7.082254e+03  6.927620e+03
      vertex  1.314561e+04 -7.026975e+03  6.798060e+03
      vertex  1.314482e+04 -7.107518e+03  6.933465e+03
    endloop
  endfacet
  facet normal -8.240218e-02 -8.293986e-01 -5.525467e-01
    outer loop
      vertex  1.266394e+04 -6.928640e+03  6.720648e+03
      vertex  1.278499e+04 -6.889807e+03  6.644307e+03
      vertex  1.278432e+04 -6.957087e+03  6.745397e+03
    endloop
  endfacet
  facet normal -8.567104e-02 -8.291591e-01 -5.524089e-01
    outer loop
      vertex  1.278432e+04 -6.957087e+03  6.745397e+03
      vertex  1.278499e+04 -6.889807e+03  6.644307e+03
      vertex  1.290594e+04 -6.861060e+03  6.582398e+03
    endloop
  endfacet
  facet normal -8.302397e-02 -8.302963e-01 -5.511037e-01
    outer loop
      vertex  1.278432e+04 -6.957087e+03  6.745397e+03
      vertex  1.290594e+04 -6.861060e+03  6.582398e+03
      vertex  1.290481e+04 -6.974004e+03  6.752731e+03
    endloop
  endfacet
  facet normal -9.230005e-02 -8.295875e-01 -5.506953e-01
    outer loop
      vertex  1.290481e+04 -6.974004e+03  6.752731e+03
      vertex  1.290594e+04 -6.861060e+03  6.582398e+03
      vertex  1.314622e+04 -6.965806e+03  6.699920e+03
    endloop
  endfacet
  facet normal -8.666237e-02 -8.452163e-01 -5.273510e-01
    outer loop
      vertex  1.290481e+04 -6.974004e+03  6.752731e+03
      vertex  1.314622e+04 -6.965806e+03  6.699920e+03
      vertex  1.314561e+04 -7.026975e+03  6.798060e+03
    endloop
  endfacet
  facet normal -9.223034e-02 -8.207817e-01 -5.637473e-01
    outer loop
      vertex  1.278499e+04 -6.889807e+03  6.644307e+03
      vertex  1.266394e+04 -6.928640e+03  6.720648e+03
      vertex  1.266486e+04 -6.835684e+03  6.585160e+03
    endloop
  endfacet
  facet normal -8.164348e-02 -8.215771e-01 -5.642211e-01
    outer loop
      vertex  1.266486e+04 -6.835684e+03  6.585160e+03
      vertex  1.266394e+04 -6.928640e+03  6.720648e+03
      vertex  1.250331e+04 -6.905148e+03  6.709686e+03
    endloop
  endfacet
  facet normal -8.792755e-02 -8.170370e-01 -5.698412e-01
    outer loop
      vertex  1.266486e+04 -6.835684e+03  6.585160e+03
      vertex  1.250331e+04 -6.905148e+03  6.709686e+03
      vertex  1.250398e+04 -6.835240e+03  6.609347e+03
    endloop
  endfacet
  facet normal -8.113621e-02 -8.175313e-01 -5.701398e-01
    outer loop
      vertex  1.250398e+04 -6.835240e+03  6.609347e+03
      vertex  1.250331e+04 -6.905148e+03  6.709686e+03
      vertex  1.234279e+04 -6.872124e+03  6.685174e+03
    endloop
  endfacet
  facet normal -8.939297e-02 -8.076293e-01 -5.828755e-01
    outer loop
      vertex  1.250398e+04 -6.835240e+03  6.609347e+03
      vertex  1.234279e+04 -6.872124e+03  6.685174e+03
      vertex  1.234371e+04 -6.773900e+03  6.548935e+03
    endloop
  endfacet
  facet normal -8.044205e-02 -8.082768e-01 -5.832818e-01
    outer loop
      vertex  1.234371e+04 -6.773900e+03  6.548935e+03
      vertex  1.234279e+04 -6.872124e+03  6.685174e+03
      vertex  1.218221e+04 -6.848970e+03  6.675235e+03
    endloop
  endfacet
  facet normal -8.643764e-02 -8.039526e-01 -5.883780e-01
    outer loop
      vertex  1.234371e+04 -6.773900e+03  6.548935e+03
      vertex  1.218221e+04 -6.848970e+03  6.675235e+03
      vertex  1.218287e+04 -6.774829e+03  6.573832e+03
    endloop
  endfacet
  facet normal -2.476670e-01 -6.874939e-01 -6.826515e-01
    outer loop
      vertex  1.331070e+04 -5.469958e+03  4.851903e+03
      vertex  1.315140e+04 -5.449770e+03  4.889366e+03
      vertex  1.315026e+04 -5.270511e+03  4.709250e+03
    endloop
  endfacet
  facet normal -2.382841e-01 -6.891302e-01 -6.843393e-01
    outer loop
      vertex  1.315026e+04 -5.270511e+03  4.709250e+03
      vertex  1.315140e+04 -5.449770e+03  4.889366e+03
      vertex  1.291171e+04 -5.358916e+03  4.881338e+03
    endloop
  endfacet
  facet normal -2.529208e-01 -6.721305e-01 -6.958963e-01
    outer loop
      vertex  1.315026e+04 -5.270511e+03  4.709250e+03
      vertex  1.291171e+04 -5.358916e+03  4.881338e+03
      vertex  1.291065e+04 -5.165349e+03  4.694766e+03
    endloop
  endfacet
  facet normal -2.304358e-01 -6.759535e-01 -6.999901e-01
    outer loop
      vertex  1.291065e+04 -5.165349e+03  4.694766e+03
      vertex  1.291171e+04 -5.358916e+03  4.881338e+03
      vertex  1.279165e+04 -5.299019e+03  4.863021e+03
    endloop
  endfacet
  facet normal -2.471189e-01 -6.659699e-01 -7.038583e-01
    outer loop
      vertex  1.291065e+04 -5.165349e+03  4.694766e+03
      vertex  1.279165e+04 -5.299019e+03  4.863021e+03
      vertex  1.279075e+04 -5.123439e+03  4.697208e+03
    endloop
  endfacet
  facet normal -2.229923e-01 -6.699112e-01 -7.081621e-01
    outer loop
      vertex  1.279075e+04 -5.123439e+03  4.697208e+03
      vertex  1.279165e+04 -5.299019e+03  4.863021e+03
      vertex  1.267168e+04 -5.290967e+03  4.893181e+03
    endloop
  endfacet
  facet normal -2.415691e-01 -6.602195e-01 -7.111642e-01
    outer loop
      vertex  1.279075e+04 -5.123439e+03  4.697208e+03
      vertex  1.267168e+04 -5.290967e+03  4.893181e+03
      vertex  1.267069e+04 -5.072426e+03  4.690632e+03
    endloop
  endfacet
  facet normal -3.105198e-01 -6.790126e-01 -6.652213e-01
    outer loop
      vertex  1.330486e+04 -4.892136e+03  4.256420e+03
      vertex  1.314674e+04 -4.908769e+03  4.347210e+03
      vertex  1.314448e+04 -4.735677e+03  4.171584e+03
    endloop
  endfacet
  facet normal -2.887958e-01 -6.837334e-01 -6.701535e-01
    outer loop
      vertex  1.314448e+04 -4.735677e+03  4.171584e+03
      vertex  1.314674e+04 -4.908769e+03  4.347210e+03
      vertex  1.290827e+04 -4.882675e+03  4.423350e+03
    endloop
  endfacet
  facet normal -3.098751e-01 -6.653401e-01 -6.791906e-01
    outer loop
      vertex  1.314448e+04 -4.735677e+03  4.171584e+03
      vertex  1.290827e+04 -4.882675e+03  4.423350e+03
      vertex  1.290506e+04 -4.613045e+03  4.160685e+03
    endloop
  endfacet
  facet normal -2.928411e-01 -6.689931e-01 -6.831487e-01
    outer loop
      vertex  1.290506e+04 -4.613045e+03  4.160685e+03
      vertex  1.290827e+04 -4.882675e+03  4.423350e+03
      vertex  1.278758e+04 -4.749929e+03  4.345090e+03
    endloop
  endfacet
  facet normal -3.059647e-01 -6.607650e-01 -6.854015e-01
    outer loop
      vertex  1.290506e+04 -4.613045e+03  4.160685e+03
      vertex  1.278758e+04 -4.749929e+03  4.345090e+03
      vertex  1.278546e+04 -4.572226e+03  4.174725e+03
    endloop
  endfacet
  facet normal -3.393902e-01 -6.895398e-01 -6.398040e-01
    outer loop
      vertex  1.346078e+04 -4.760583e+03  4.035083e+03
      vertex  1.330276e+04 -4.746549e+03  4.103780e+03
      vertex  1.330052e+04 -4.605778e+03  3.953258e+03
    endloop
  endfacet
  facet normal -3.433469e-01 -6.885196e-01 -6.387908e-01
    outer loop
      vertex  1.330052e+04 -4.605778e+03  3.953258e+03
      vertex  1.330276e+04 -4.746549e+03  4.103780e+03
      vertex  1.314196e+04 -4.569171e+03  3.999024e+03
    endloop
  endfacet
  facet normal -3.433710e-01 -6.881703e-01 -6.391541e-01
    outer loop
      vertex  1.330052e+04 -4.605778e+03  3.953258e+03
      vertex  1.314196e+04 -4.569171e+03  3.999024e+03
      vertex  1.313937e+04 -4.416021e+03  3.835522e+03
    endloop
  endfacet
  facet normal -3.355196e-01 -6.901764e-01 -6.411577e-01
    outer loop
      vertex  1.313937e+04 -4.416021e+03  3.835522e+03
      vertex  1.314196e+04 -4.569171e+03  3.999024e+03
      vertex  1.290307e+04 -4.475930e+03  4.023667e+03
    endloop
  endfacet
  facet normal -3.479871e-01 -6.739783e-01 -6.516582e-01
    outer loop
      vertex  1.313937e+04 -4.416021e+03  3.835522e+03
      vertex  1.290307e+04 -4.475930e+03  4.023667e+03
      vertex  1.290093e+04 -4.344147e+03  3.888513e+03
    endloop
  endfacet
  facet normal -3.296519e-01 -6.785614e-01 -6.564175e-01
    outer loop
      vertex  1.290093e+04 -4.344147e+03  3.888513e+03
      vertex  1.290307e+04 -4.475930e+03  4.023667e+03
      vertex  1.278303e+04 -4.402061e+03  4.007590e+03
    endloop
  endfacet
  facet normal -3.343722e-01 -6.739025e-01 -6.588252e-01
    outer loop
      vertex  1.290093e+04 -4.344147e+03  3.888513e+03
      vertex  1.278303e+04 -4.402061e+03  4.007590e+03
      vertex  1.278062e+04 -4.254764e+03  3.858144e+03
    endloop
  endfacet
  facet normal -3.461869e-01 -6.840909e-01 -6.420079e-01
    outer loop
      vertex  1.278062e+04 -4.254764e+03  3.858144e+03
      vertex  1.277808e+04 -4.115156e+03  3.710758e+03
      vertex  1.290093e+04 -4.344147e+03  3.888513e+03
    endloop
  endfacet
  facet normal -3.557054e-01 -6.846640e-01 -6.361674e-01
    outer loop
      vertex  1.290093e+04 -4.344147e+03  3.888513e+03
      vertex  1.277808e+04 -4.115156e+03  3.710758e+03
      vertex  1.289791e+04 -4.177518e+03  3.710870e+03
    endloop
  endfacet
  facet normal -3.615453e-01 -6.958577e-01 -6.205378e-01
    outer loop
      vertex  1.277808e+04 -4.115156e+03  3.710758e+03
      vertex  1.277532e+04 -3.977426e+03  3.557918e+03
      vertex  1.289791e+04 -4.177518e+03  3.710870e+03
    endloop
  endfacet
  facet normal -3.740760e-01 -6.969092e-01 -6.118698e-01
    outer loop
      vertex  1.289791e+04 -4.177518e+03  3.710870e+03
      vertex  1.277532e+04 -3.977426e+03  3.557918e+03
      vertex  1.289479e+04 -4.022098e+03  3.535755e+03
    endloop
  endfacet
  facet normal -4.340754e-02 -9.328558e-01 -3.576252e-01
    outer loop
      vertex  1.290139e+04 -7.525223e+03  7.838154e+03
      vertex  1.278115e+04 -7.555423e+03  7.931525e+03
      vertex  1.278084e+04 -7.494129e+03  7.771679e+03
    endloop
  endfacet
  facet normal -3.141925e-02 -9.332672e-01 -3.578060e-01
    outer loop
      vertex  1.278084e+04 -7.494129e+03  7.771679e+03
      vertex  1.278115e+04 -7.555423e+03  7.931525e+03
      vertex  1.266061e+04 -7.533407e+03  7.884685e+03
    endloop
  endfacet
  facet normal -3.880867e-02 -9.303359e-01 -3.646492e-01
    outer loop
      vertex  1.278084e+04 -7.494129e+03  7.771679e+03
      vertex  1.266061e+04 -7.533407e+03  7.884685e+03
      vertex  1.266041e+04 -7.492996e+03  7.781605e+03
    endloop
  endfacet
  facet normal -3.516940e-02 -9.304590e-01 -3.647044e-01
    outer loop
      vertex  1.266041e+04 -7.492996e+03  7.781605e+03
      vertex  1.266061e+04 -7.533407e+03  7.884685e+03
      vertex  1.250009e+04 -7.527636e+03  7.885441e+03
    endloop
  endfacet
  facet normal -3.852905e-02 -9.285315e-01 -3.692487e-01
    outer loop
      vertex  1.266041e+04 -7.492996e+03  7.781605e+03
      vertex  1.250009e+04 -7.527636e+03  7.885441e+03
      vertex  1.249988e+04 -7.487061e+03  7.783432e+03
    endloop
  endfacet
  facet normal -3.398164e-02 -9.286816e-01 -3.693180e-01
    outer loop
      vertex  1.249988e+04 -7.487061e+03  7.783432e+03
      vertex  1.250009e+04 -7.527636e+03  7.885441e+03
      vertex  1.233956e+04 -7.511682e+03  7.860094e+03
    endloop
  endfacet
  facet normal -3.919047e-02 -9.246066e-01 -3.789021e-01
    outer loop
      vertex  1.249988e+04 -7.487061e+03  7.783432e+03
      vertex  1.233956e+04 -7.511682e+03  7.860094e+03
      vertex  1.233935e+04 -7.468817e+03  7.755516e+03
    endloop
  endfacet
  facet normal -3.460591e-02 -9.247600e-01 -3.789741e-01
    outer loop
      vertex  1.233935e+04 -7.468817e+03  7.755516e+03
      vertex  1.233956e+04 -7.511682e+03  7.860094e+03
      vertex  1.217916e+04 -7.506226e+03  7.861428e+03
    endloop
  endfacet
  facet normal -3.795174e-02 -9.228230e-01 -3.833503e-01
    outer loop
      vertex  1.233935e+04 -7.468817e+03  7.755516e+03
      vertex  1.217916e+04 -7.506226e+03  7.861428e+03
      vertex  1.217894e+04 -7.463332e+03  7.758191e+03
    endloop
  endfacet
  facet normal -3.331834e-02 -9.229720e-01 -3.834222e-01
    outer loop
      vertex  1.217894e+04 -7.463332e+03  7.758191e+03
      vertex  1.217916e+04 -7.506226e+03  7.861428e+03
      vertex  1.208440e+04 -7.498366e+03  7.850741e+03
    endloop
  endfacet
  facet normal -4.616262e-02 -9.177130e-01 -3.945526e-01
    outer loop
      vertex  1.217894e+04 -7.463332e+03  7.758191e+03
      vertex  1.208440e+04 -7.498366e+03  7.850741e+03
      vertex  1.208410e+04 -7.424019e+03  7.677849e+03
    endloop
  endfacet
  facet normal -3.192190e-02 -9.182153e-01 -3.947930e-01
    outer loop
      vertex  1.208410e+04 -7.424019e+03  7.677849e+03
      vertex  1.208440e+04 -7.498366e+03  7.850741e+03
      vertex  1.198966e+04 -7.488888e+03  7.836359e+03
    endloop
  endfacet
  facet normal -3.047533e-02 -9.185720e-01 -3.940771e-01
    outer loop
      vertex  1.208410e+04 -7.424019e+03  7.677849e+03
      vertex  1.198966e+04 -7.488888e+03  7.836359e+03
      vertex  1.198945e+04 -7.443564e+03  7.730727e+03
    endloop
  endfacet
  facet normal -3.390054e-02 -9.184731e-01 -3.940280e-01
    outer loop
      vertex  1.198945e+04 -7.443564e+03  7.730727e+03
      vertex  1.198966e+04 -7.488888e+03  7.836359e+03
      vertex  1.190120e+04 -7.483231e+03  7.830783e+03
    endloop
  endfacet
  facet normal -3.890127e-02 -9.166786e-01 -3.977273e-01
    outer loop
      vertex  1.198945e+04 -7.443564e+03  7.730727e+03
      vertex  1.190120e+04 -7.483231e+03  7.830783e+03
      vertex  1.190099e+04 -7.437312e+03  7.724968e+03
    endloop
  endfacet
  facet normal -4.508031e-02 -9.147569e-01 -4.014816e-01
    outer loop
      vertex  1.249978e+04 -7.400682e+03  7.583742e+03
      vertex  1.266037e+04 -7.405486e+03  7.576657e+03
      vertex  1.266034e+04 -7.450133e+03  7.678385e+03
    endloop
  endfacet
  facet normal -4.580408e-02 -9.147267e-01 -4.014686e-01
    outer loop
      vertex  1.266034e+04 -7.450133e+03  7.678385e+03
      vertex  1.266037e+04 -7.405486e+03  7.576657e+03
      vertex  1.278085e+04 -7.405945e+03  7.563955e+03
    endloop
  endfacet
  facet normal -4.374233e-02 -9.156259e-01 -3.996445e-01
    outer loop
      vertex  1.266034e+04 -7.450133e+03  7.678385e+03
      vertex  1.278085e+04 -7.405945e+03  7.563955e+03
      vertex  1.278079e+04 -7.450942e+03  7.667056e+03
    endloop
  endfacet
  facet normal -5.905554e-02 -8.848388e-01 -4.621392e-01
    outer loop
      vertex  1.250066e+04 -7.208100e+03  7.201059e+03
      vertex  1.266137e+04 -7.211568e+03  7.187162e+03
      vertex  1.266071e+04 -7.311780e+03  7.379117e+03
    endloop
  endfacet
  facet normal -6.677927e-02 -8.843964e-01 -4.619346e-01
    outer loop
      vertex  1.266071e+04 -7.311780e+03  7.379117e+03
      vertex  1.266137e+04 -7.211568e+03  7.187162e+03
      vertex  1.278159e+04 -7.260533e+03  7.263529e+03
    endloop
  endfacet
  facet normal -5.542086e-02 -8.900161e-01 -4.525484e-01
    outer loop
      vertex  1.266071e+04 -7.311780e+03  7.379117e+03
      vertex  1.278159e+04 -7.260533e+03  7.263529e+03
      vertex  1.278126e+04 -7.310693e+03  7.362217e+03
    endloop
  endfacet
  facet normal -6.542034e-02 -8.667976e-01 -4.943499e-01
    outer loop
      vertex  1.266137e+04 -7.211568e+03  7.187162e+03
      vertex  1.266225e+04 -7.105234e+03  7.000598e+03
      vertex  1.278198e+04 -7.208750e+03  7.166259e+03
    endloop
  endfacet
  facet normal -7.452745e-02 -8.690096e-01 -4.891503e-01
    outer loop
      vertex  1.278198e+04 -7.208750e+03  7.166259e+03
      vertex  1.266225e+04 -7.105234e+03  7.000598e+03
      vertex  1.278267e+04 -7.128146e+03  7.022957e+03
    endloop
  endfacet
  facet normal -6.505257e-02 -8.507733e-01 -5.214911e-01
    outer loop
      vertex  1.266225e+04 -7.105234e+03  7.000598e+03
      vertex  1.266306e+04 -7.018562e+03  6.859097e+03
      vertex  1.278267e+04 -7.128146e+03  7.022957e+03
    endloop
  endfacet
  facet normal -8.161745e-02 -8.549740e-01 -5.122089e-01
    outer loop
      vertex  1.278267e+04 -7.128146e+03  7.022957e+03
      vertex  1.266306e+04 -7.018562e+03  6.859097e+03
      vertex  1.278346e+04 -7.044194e+03  6.882699e+03
    endloop
  endfacet
  facet normal -9.562954e-02 -8.182776e-01 -5.668128e-01
    outer loop
      vertex  1.290594e+04 -6.861060e+03  6.582398e+03
      vertex  1.278499e+04 -6.889807e+03  6.644307e+03
      vertex  1.278567e+04 -6.820954e+03  6.544792e+03
    endloop
  endfacet
  facet normal -8.966538e-02 -8.187532e-01 -5.671008e-01
    outer loop
      vertex  1.278567e+04 -6.820954e+03  6.544792e+03
      vertex  1.278499e+04 -6.889807e+03  6.644307e+03
      vertex  1.266486e+04 -6.835684e+03  6.585160e+03
    endloop
  endfacet
  facet normal -9.552312e-02 -8.083870e-01 -5.808491e-01
    outer loop
      vertex  1.278567e+04 -6.820954e+03  6.544792e+03
      vertex  1.266486e+04 -6.835684e+03  6.585160e+03
      vertex  1.266556e+04 -6.764109e+03  6.485432e+03
    endloop
  endfacet
  facet normal -8.960399e-02 -8.088538e-01 -5.811425e-01
    outer loop
      vertex  1.266556e+04 -6.764109e+03  6.485432e+03
      vertex  1.266486e+04 -6.835684e+03  6.585160e+03
      vertex  1.250398e+04 -6.835240e+03  6.609347e+03
    endloop
  endfacet
  facet normal -1.008881e-01 -8.003544e-01 -5.909777e-01
    outer loop
      vertex  1.266556e+04 -6.764109e+03  6.485432e+03
      vertex  1.250398e+04 -6.835240e+03  6.609347e+03
      vertex  1.250536e+04 -6.691777e+03  6.414822e+03
    endloop
  endfacet
  facet normal -8.374066e-02 -8.016919e-01 -5.918425e-01
    outer loop
      vertex  1.250536e+04 -6.691777e+03  6.414822e+03
      vertex  1.250398e+04 -6.835240e+03  6.609347e+03
      vertex  1.234371e+04 -6.773900e+03  6.548935e+03
    endloop
  endfacet
  facet normal -9.429376e-02 -7.943656e-01 -6.000767e-01
    outer loop
      vertex  1.250536e+04 -6.691777e+03  6.414822e+03
      vertex  1.234371e+04 -6.773900e+03  6.548935e+03
      vertex  1.234441e+04 -6.698293e+03  6.448738e+03
    endloop
  endfacet
  facet normal -8.834802e-02 -7.948210e-01 -6.003784e-01
    outer loop
      vertex  1.234441e+04 -6.698293e+03  6.448738e+03
      vertex  1.234371e+04 -6.773900e+03  6.548935e+03
      vertex  1.218287e+04 -6.774829e+03  6.573832e+03
    endloop
  endfacet
  facet normal -9.958286e-02 -7.863494e-01 -6.097032e-01
    outer loop
      vertex  1.234441e+04 -6.698293e+03  6.448738e+03
      vertex  1.218287e+04 -6.774829e+03  6.573832e+03
      vertex  1.218422e+04 -6.623486e+03  6.378422e+03
    endloop
  endfacet
  facet normal -1.143701e-01 -7.836850e-01 -6.105386e-01
    outer loop
      vertex  1.278705e+04 -6.678892e+03  6.350336e+03
      vertex  1.266764e+04 -6.540868e+03  6.195539e+03
      vertex  1.278822e+04 -6.548237e+03  6.182409e+03
    endloop
  endfacet
  facet normal -1.158933e-01 -7.626641e-01 -6.363270e-01
    outer loop
      vertex  1.278822e+04 -6.548237e+03  6.182409e+03
      vertex  1.266764e+04 -6.540868e+03  6.195539e+03
      vertex  1.266891e+04 -6.385951e+03  6.009632e+03
    endloop
  endfacet
  facet normal -1.301815e-01 -7.659664e-01 -6.295620e-01
    outer loop
      vertex  1.278822e+04 -6.548237e+03  6.182409e+03
      vertex  1.266891e+04 -6.385951e+03  6.009632e+03
      vertex  1.278931e+04 -6.414027e+03  6.018895e+03
    endloop
  endfacet
  facet normal -1.231135e-01 -7.444536e-01 -6.562256e-01
    outer loop
      vertex  1.278931e+04 -6.414027e+03  6.018895e+03
      vertex  1.266891e+04 -6.385951e+03  6.009632e+03
      vertex  1.267003e+04 -6.227130e+03  5.829249e+03
    endloop
  endfacet
  facet normal -1.465177e-01 -7.490845e-01 -6.460688e-01
    outer loop
      vertex  1.278931e+04 -6.414027e+03  6.018895e+03
      vertex  1.267003e+04 -6.227130e+03  5.829249e+03
      vertex  1.279027e+04 -6.276814e+03  5.859586e+03
    endloop
  endfacet
  facet normal -3.281141e-02 -9.454983e-01 -3.239696e-01
    outer loop
      vertex  1.278178e+04 -7.612422e+03  8.094940e+03
      vertex  1.266159e+04 -7.621013e+03  8.132185e+03
      vertex  1.266093e+04 -7.572016e+03  7.989256e+03
    endloop
  endfacet
  facet normal -2.768643e-02 -9.456378e-01 -3.240411e-01
    outer loop
      vertex  1.266093e+04 -7.572016e+03  7.989256e+03
      vertex  1.266159e+04 -7.621013e+03  8.132185e+03
      vertex  1.250110e+04 -7.615299e+03  8.129224e+03
    endloop
  endfacet
  facet normal -3.221555e-02 -9.438940e-01 -3.286736e-01
    outer loop
      vertex  1.266093e+04 -7.572016e+03  7.989256e+03
      vertex  1.250110e+04 -7.615299e+03  8.129224e+03
      vertex  1.250043e+04 -7.566422e+03  7.988922e+03
    endloop
  endfacet
  facet normal -2.638920e-02 -9.440467e-01 -3.287547e-01
    outer loop
      vertex  1.250043e+04 -7.566422e+03  7.988922e+03
      vertex  1.250110e+04 -7.615299e+03  8.129224e+03
      vertex  1.234057e+04 -7.604490e+03  8.111071e+03
    endloop
  endfacet
  facet normal -3.322917e-02 -9.410046e-01 -3.367583e-01
    outer loop
      vertex  1.250043e+04 -7.566422e+03  7.988922e+03
      vertex  1.234057e+04 -7.604490e+03  8.111071e+03
      vertex  1.233990e+04 -7.552634e+03  7.966236e+03
    endloop
  endfacet
  facet normal -2.692254e-02 -9.411739e-01 -3.368484e-01
    outer loop
      vertex  1.233990e+04 -7.552634e+03  7.966236e+03
      vertex  1.234057e+04 -7.604490e+03  8.111071e+03
      vertex  1.218018e+04 -7.598917e+03  8.108317e+03
    endloop
  endfacet
  facet normal -3.155102e-02 -9.393657e-01 -3.414624e-01
    outer loop
      vertex  1.233990e+04 -7.552634e+03  7.966236e+03
      vertex  1.218018e+04 -7.598917e+03  8.108317e+03
      vertex  1.217951e+04 -7.547233e+03  7.966198e+03
    endloop
  endfacet
  facet normal -6.885809e-02 -8.389986e-01 -5.397592e-01
    outer loop
      vertex  1.234191e+04 -6.967171e+03  6.824521e+03
      vertex  1.218045e+04 -7.057078e+03  6.984870e+03
      vertex  1.218099e+04 -6.990144e+03  6.880759e+03
    endloop
  endfacet
  facet normal -6.883315e-02 -8.390119e-01 -5.397415e-01
    outer loop
      vertex  1.218045e+04 -7.057078e+03  6.984870e+03
      vertex  1.234191e+04 -6.967171e+03  6.824521e+03
      vertex  1.234111e+04 -7.058809e+03  6.967072e+03
    endloop
  endfacet
  facet normal -7.459886e-02 -8.386485e-01 -5.395403e-01
    outer loop
      vertex  1.234111e+04 -7.058809e+03  6.967072e+03
      vertex  1.234191e+04 -6.967171e+03  6.824521e+03
      vertex  1.250205e+04 -7.038886e+03  6.913854e+03
    endloop
  endfacet
  facet normal -6.734475e-02 -8.503031e-01 -5.219669e-01
    outer loop
      vertex  1.234111e+04 -7.058809e+03  6.967072e+03
      vertex  1.250205e+04 -7.038886e+03  6.913854e+03
      vertex  1.250149e+04 -7.102593e+03  7.017707e+03
    endloop
  endfacet
  facet normal -7.016374e-02 -8.501307e-01 -5.218764e-01
    outer loop
      vertex  1.250149e+04 -7.102593e+03  7.017707e+03
      vertex  1.250205e+04 -7.038886e+03  6.913854e+03
      vertex  1.266306e+04 -7.018562e+03  6.859097e+03
    endloop
  endfacet
  facet normal -6.945438e-02 -8.505091e-01 -5.213543e-01
    outer loop
      vertex  1.250149e+04 -7.102593e+03  7.017707e+03
      vertex  1.266306e+04 -7.018562e+03  6.859097e+03
      vertex  1.266225e+04 -7.105234e+03  7.000598e+03
    endloop
  endfacet
  facet normal -2.643961e-01 -6.493541e-01 -7.130455e-01
    outer loop
      vertex  1.250930e+04 -4.827109e+03  4.522028e+03
      vertex  1.250665e+04 -4.541831e+03  4.263212e+03
      vertex  1.266822e+04 -4.754925e+03  4.397362e+03
    endloop
  endfacet
  facet normal -2.793358e-01 -6.542386e-01 -7.028111e-01
    outer loop
      vertex  1.266822e+04 -4.754925e+03  4.397362e+03
      vertex  1.250665e+04 -4.541831e+03  4.263212e+03
      vertex  1.250502e+04 -4.405548e+03  4.136995e+03
    endloop
  endfacet
  facet normal -2.920538e-01 -6.554582e-01 -6.964763e-01
    outer loop
      vertex  1.266822e+04 -4.754925e+03  4.397362e+03
      vertex  1.250502e+04 -4.405548e+03  4.136995e+03
      vertex  1.266607e+04 -4.558890e+03  4.213775e+03
    endloop
  endfacet
  facet normal -2.973591e-01 -6.584728e-01 -6.913691e-01
    outer loop
      vertex  1.266607e+04 -4.558890e+03  4.213775e+03
      vertex  1.250502e+04 -4.405548e+03  4.136995e+03
      vertex  1.250322e+04 -4.274175e+03  4.012647e+03
    endloop
  endfacet
  facet normal -3.102160e-01 -6.604643e-01 -6.837784e-01
    outer loop
      vertex  1.266607e+04 -4.558890e+03  4.213775e+03
      vertex  1.250322e+04 -4.274175e+03  4.012647e+03
      vertex  1.266354e+04 -4.371718e+03  4.034131e+03
    endloop
  endfacet
  facet normal -3.136350e-01 -6.648078e-01 -6.779851e-01
    outer loop
      vertex  1.266354e+04 -4.371718e+03  4.034131e+03
      vertex  1.250322e+04 -4.274175e+03  4.012647e+03
      vertex  1.250127e+04 -4.148166e+03  3.889989e+03
    endloop
  endfacet
  facet normal -3.283246e-01 -6.685554e-01 -6.672605e-01
    outer loop
      vertex  1.266354e+04 -4.371718e+03  4.034131e+03
      vertex  1.250127e+04 -4.148166e+03  3.889989e+03
      vertex  1.266091e+04 -4.205866e+03  3.869251e+03
    endloop
  endfacet
  facet normal -3.292811e-01 -6.729743e-01 -6.623289e-01
    outer loop
      vertex  1.266091e+04 -4.205866e+03  3.869251e+03
      vertex  1.250127e+04 -4.148166e+03  3.889989e+03
      vertex  1.249921e+04 -4.027926e+03  3.768844e+03
    endloop
  endfacet
  facet normal -3.457087e-01 -6.793880e-01 -6.472382e-01
    outer loop
      vertex  1.266091e+04 -4.205866e+03  3.869251e+03
      vertex  1.249921e+04 -4.027926e+03  3.768844e+03
      vertex  1.265810e+04 -4.049829e+03  3.706968e+03
    endloop
  endfacet
  facet normal -1.561212e-01 -7.016587e-01 -6.951987e-01
    outer loop
      vertex  1.267130e+04 -5.986441e+03  5.571470e+03
      vertex  1.251056e+04 -5.993227e+03  5.614416e+03
      vertex  1.251109e+04 -5.868194e+03  5.488104e+03
    endloop
  endfacet
  facet normal -1.525689e-01 -7.020605e-01 -6.955816e-01
    outer loop
      vertex  1.251109e+04 -5.868194e+03  5.488104e+03
      vertex  1.251056e+04 -5.993227e+03  5.614416e+03
      vertex  1.235024e+04 -5.887917e+03  5.543292e+03
    endloop
  endfacet
  facet normal -1.586678e-01 -6.878645e-01 -7.082845e-01
    outer loop
      vertex  1.251109e+04 -5.868194e+03  5.488104e+03
      vertex  1.235024e+04 -5.887917e+03  5.543292e+03
      vertex  1.235074e+04 -5.751963e+03  5.411145e+03
    endloop
  endfacet
  facet normal -1.493280e-01 -6.888968e-01 -7.093112e-01
    outer loop
      vertex  1.235074e+04 -5.751963e+03  5.411145e+03
      vertex  1.235024e+04 -5.887917e+03  5.543292e+03
      vertex  1.218931e+04 -5.896209e+03  5.585225e+03
    endloop
  endfacet
  facet normal -1.571984e-01 -6.838831e-01 -7.124553e-01
    outer loop
      vertex  1.235074e+04 -5.751963e+03  5.411145e+03
      vertex  1.218931e+04 -5.896209e+03  5.585225e+03
      vertex  1.218986e+04 -5.760931e+03  5.455250e+03
    endloop
  endfacet
  facet normal -1.443477e-01 -6.852684e-01 -7.138425e-01
    outer loop
      vertex  1.218986e+04 -5.760931e+03  5.455250e+03
      vertex  1.218931e+04 -5.896209e+03  5.585225e+03
      vertex  1.209424e+04 -5.887133e+03  5.595735e+03
    endloop
  endfacet
  facet normal -1.523114e-01 -6.814541e-01 -7.158363e-01
    outer loop
      vertex  1.218986e+04 -5.760931e+03  5.455250e+03
      vertex  1.209424e+04 -5.887133e+03  5.595735e+03
      vertex  1.209476e+04 -5.763133e+03  5.477581e+03
    endloop
  endfacet
  facet normal -1.448396e-01 -6.822448e-01 -7.166334e-01
    outer loop
      vertex  1.209476e+04 -5.763133e+03  5.477581e+03
      vertex  1.209424e+04 -5.887133e+03  5.595735e+03
      vertex  1.199897e+04 -5.914958e+03  5.641479e+03
    endloop
  endfacet
  facet normal -1.456885e-01 -6.818891e-01 -7.168000e-01
    outer loop
      vertex  1.209476e+04 -5.763133e+03  5.477581e+03
      vertex  1.199897e+04 -5.914958e+03  5.641479e+03
      vertex  1.199952e+04 -5.791345e+03  5.523776e+03
    endloop
  endfacet
  facet normal -1.380107e-01 -6.826655e-01 -7.175798e-01
    outer loop
      vertex  1.199952e+04 -5.791345e+03  5.523776e+03
      vertex  1.199897e+04 -5.914958e+03  5.641479e+03
      vertex  1.191018e+04 -5.892224e+03  5.636929e+03
    endloop
  endfacet
  facet normal -1.476232e-01 -6.774957e-01 -7.205601e-01
    outer loop
      vertex  1.199952e+04 -5.791345e+03  5.523776e+03
      vertex  1.191018e+04 -5.892224e+03  5.636929e+03
      vertex  1.191071e+04 -5.768571e+03  5.520559e+03
    endloop
  endfacet
  facet normal -1.378139e-01 -6.784872e-01 -7.215694e-01
    outer loop
      vertex  1.191071e+04 -5.768571e+03  5.520559e+03
      vertex  1.191018e+04 -5.892224e+03  5.636929e+03
      vertex  1.182136e+04 -5.870671e+03  5.633627e+03
    endloop
  endfacet
  facet normal -1.470448e-01 -6.735293e-01 -7.243866e-01
    outer loop
      vertex  1.191071e+04 -5.768571e+03  5.520559e+03
      vertex  1.182136e+04 -5.870671e+03  5.633627e+03
      vertex  1.182186e+04 -5.747108e+03  5.518638e+03
    endloop
  endfacet
  facet normal -1.398111e-01 -6.742592e-01 -7.251396e-01
    outer loop
      vertex  1.182186e+04 -5.747108e+03  5.518638e+03
      vertex  1.182136e+04 -5.870671e+03  5.633627e+03
      vertex  1.169849e+04 -5.896073e+03  5.680937e+03
    endloop
  endfacet
  facet normal -1.416216e-01 -6.733239e-01 -7.256572e-01
    outer loop
      vertex  1.182186e+04 -5.747108e+03  5.518638e+03
      vertex  1.169849e+04 -5.896073e+03  5.680937e+03
      vertex  1.169898e+04 -5.773518e+03  5.567124e+03
    endloop
  endfacet
  facet normal -2.872085e-01 -6.527089e-01 -7.010580e-01
    outer loop
      vertex  1.234556e+04 -4.393268e+03  4.190891e+03
      vertex  1.250502e+04 -4.405548e+03  4.136995e+03
      vertex  1.250665e+04 -4.541831e+03  4.263212e+03
    endloop
  endfacet
  facet normal -2.876147e-01 -6.507565e-01 -7.027046e-01
    outer loop
      vertex  1.250502e+04 -4.405548e+03  4.136995e+03
      vertex  1.234556e+04 -4.393268e+03  4.190891e+03
      vertex  1.234318e+04 -4.206438e+03  4.018848e+03
    endloop
  endfacet
  facet normal -2.724477e-01 -6.536492e-01 -7.060559e-01
    outer loop
      vertex  1.234318e+04 -4.206438e+03  4.018848e+03
      vertex  1.234556e+04 -4.393268e+03  4.190891e+03
      vertex  1.218577e+04 -4.375595e+03  4.236189e+03
    endloop
  endfacet
  facet normal -2.969132e-01 -6.373414e-01 -7.110826e-01
    outer loop
      vertex  1.234318e+04 -4.206438e+03  4.018848e+03
      vertex  1.218577e+04 -4.375595e+03  4.236189e+03
      vertex  1.218395e+04 -4.214719e+03  4.092755e+03
    endloop
  endfacet
  facet normal -2.565758e-01 -6.448208e-01 -7.199827e-01
    outer loop
      vertex  1.218395e+04 -4.214719e+03  4.092755e+03
      vertex  1.218577e+04 -4.375595e+03  4.236189e+03
      vertex  1.209155e+04 -4.398196e+03  4.290006e+03
    endloop
  endfacet
  facet normal -2.825065e-01 -6.327953e-01 -7.209440e-01
    outer loop
      vertex  1.218395e+04 -4.214719e+03  4.092755e+03
      vertex  1.209155e+04 -4.398196e+03  4.290006e+03
      vertex  1.208976e+04 -4.223076e+03  4.137000e+03
    endloop
  endfacet
  facet normal -2.988531e-01 -6.527633e-01 -6.961228e-01
    outer loop
      vertex  1.199517e+04 -3.930000e+03  3.908175e+03
      vertex  1.208602e+04 -3.937303e+03  3.876024e+03
      vertex  1.208770e+04 -4.056323e+03  3.986907e+03
    endloop
  endfacet
  facet normal -3.079657e-01 -6.508542e-01 -6.939350e-01
    outer loop
      vertex  1.208770e+04 -4.056323e+03  3.986907e+03
      vertex  1.208602e+04 -3.937303e+03  3.876024e+03
      vertex  1.218029e+04 -3.953422e+03  3.849306e+03
    endloop
  endfacet
  facet normal -2.925022e-01 -6.609480e-01 -6.910790e-01
    outer loop
      vertex  1.208770e+04 -4.056323e+03  3.986907e+03
      vertex  1.218029e+04 -3.953422e+03  3.849306e+03
      vertex  1.218191e+04 -4.061303e+03  3.951795e+03
    endloop
  endfacet
  facet normal -3.121532e-01 -6.568100e-01 -6.864117e-01
    outer loop
      vertex  1.218191e+04 -4.061303e+03  3.951795e+03
      vertex  1.218029e+04 -3.953422e+03  3.849306e+03
      vertex  1.234050e+04 -4.030422e+03  3.850124e+03
    endloop
  endfacet
  facet normal -3.099156e-01 -6.603724e-01 -6.840034e-01
    outer loop
      vertex  1.218191e+04 -4.061303e+03  3.951795e+03
      vertex  1.234050e+04 -4.030422e+03  3.850124e+03
      vertex  1.234318e+04 -4.206438e+03  4.018848e+03
    endloop
  endfacet
  facet normal -3.136579e-01 -6.595522e-01 -6.830884e-01
    outer loop
      vertex  1.234318e+04 -4.206438e+03  4.018848e+03
      vertex  1.234050e+04 -4.030422e+03  3.850124e+03
      vertex  1.250127e+04 -4.148166e+03  3.889989e+03
    endloop
  endfacet
  facet normal -3.081936e-01 -6.660063e-01 -6.793029e-01
    outer loop
      vertex  1.234318e+04 -4.206438e+03  4.018848e+03
      vertex  1.250127e+04 -4.148166e+03  3.889989e+03
      vertex  1.250322e+04 -4.274175e+03  4.012647e+03
    endloop
  endfacet
  facet normal -1.971450e-01 -6.426294e-01 -7.403790e-01
    outer loop
      vertex  1.235112e+04 -5.264289e+03  4.961723e+03
      vertex  1.219056e+04 -5.264613e+03  5.004759e+03
      vertex  1.218993e+04 -4.980417e+03  4.758252e+03
    endloop
  endfacet
  facet normal -1.892259e-01 -6.436411e-01 -7.415656e-01
    outer loop
      vertex  1.218993e+04 -4.980417e+03  4.758252e+03
      vertex  1.219056e+04 -5.264613e+03  5.004759e+03
      vertex  1.209559e+04 -5.266137e+03  5.030314e+03
    endloop
  endfacet
  facet normal -2.042676e-01 -6.388335e-01 -7.417322e-01
    outer loop
      vertex  1.218993e+04 -4.980417e+03  4.758252e+03
      vertex  1.209559e+04 -5.266137e+03  5.030314e+03
      vertex  1.209533e+04 -5.072848e+03  4.863911e+03
    endloop
  endfacet
  facet normal -1.850138e-01 -6.413116e-01 -7.446404e-01
    outer loop
      vertex  1.209533e+04 -5.072848e+03  4.863911e+03
      vertex  1.209559e+04 -5.266137e+03  5.030314e+03
      vertex  1.200055e+04 -5.237502e+03  5.029266e+03
    endloop
  endfacet
  facet normal -1.985268e-01 -6.352522e-01 -7.463523e-01
    outer loop
      vertex  1.209533e+04 -5.072848e+03  4.863911e+03
      vertex  1.200055e+04 -5.237502e+03  5.029266e+03
      vertex  1.200036e+04 -5.066198e+03  4.883512e+03
    endloop
  endfacet
  facet normal -1.845209e-01 -6.370144e-01 -7.484415e-01
    outer loop
      vertex  1.200036e+04 -5.066198e+03  4.883512e+03
      vertex  1.200055e+04 -5.237502e+03  5.029266e+03
      vertex  1.191171e+04 -5.173997e+03  4.997120e+03
    endloop
  endfacet
  facet normal -1.969581e-01 -6.298390e-01 -7.513390e-01
    outer loop
      vertex  1.200036e+04 -5.066198e+03  4.883512e+03
      vertex  1.191171e+04 -5.173997e+03  4.997120e+03
      vertex  1.191143e+04 -4.979996e+03  4.834563e+03
    endloop
  endfacet
  facet normal -2.129690e-01 -6.329204e-01 -7.443494e-01
    outer loop
      vertex  1.209533e+04 -5.072848e+03  4.863911e+03
      vertex  1.209448e+04 -4.822922e+03  4.651644e+03
      vertex  1.218993e+04 -4.980417e+03  4.758252e+03
    endloop
  endfacet
  facet normal -2.118481e-01 -6.326265e-01 -7.449188e-01
    outer loop
      vertex  1.218993e+04 -4.980417e+03  4.758252e+03
      vertex  1.209448e+04 -4.822922e+03  4.651644e+03
      vertex  1.209304e+04 -4.580664e+03  4.446312e+03
    endloop
  endfacet
  facet normal -2.416518e-01 -6.326865e-01 -7.357393e-01
    outer loop
      vertex  1.218993e+04 -4.980417e+03  4.758252e+03
      vertex  1.209304e+04 -4.580664e+03  4.446312e+03
      vertex  1.218830e+04 -4.670355e+03  4.492154e+03
    endloop
  endfacet
  facet normal -2.413124e-01 -6.324755e-01 -7.360319e-01
    outer loop
      vertex  1.218830e+04 -4.670355e+03  4.492154e+03
      vertex  1.209304e+04 -4.580664e+03  4.446312e+03
      vertex  1.209155e+04 -4.398196e+03  4.290006e+03
    endloop
  endfacet
  facet normal -2.633780e-01 -6.338095e-01 -7.272671e-01
    outer loop
      vertex  1.218830e+04 -4.670355e+03  4.492154e+03
      vertex  1.209155e+04 -4.398196e+03  4.290006e+03
      vertex  1.218577e+04 -4.375595e+03  4.236189e+03
    endloop
  endfacet
  facet normal -2.922168e-01 -6.491539e-01 -7.022880e-01
    outer loop
      vertex  1.234318e+04 -4.206438e+03  4.018848e+03
      vertex  1.218395e+04 -4.214719e+03  4.092755e+03
      vertex  1.218191e+04 -4.061303e+03  3.951795e+03
    endloop
  endfacet
  facet normal -2.739059e-01 -6.526787e-01 -7.063895e-01
    outer loop
      vertex  1.218191e+04 -4.061303e+03  3.951795e+03
      vertex  1.218395e+04 -4.214719e+03  4.092755e+03
      vertex  1.208976e+04 -4.223076e+03  4.137000e+03
    endloop
  endfacet
  facet normal -2.976436e-01 -6.407076e-01 -7.077442e-01
    outer loop
      vertex  1.218191e+04 -4.061303e+03  3.951795e+03
      vertex  1.208976e+04 -4.223076e+03  4.137000e+03
      vertex  1.208770e+04 -4.056323e+03  3.986907e+03
    endloop
  endfacet
  facet normal -4.560625e-02 -8.928429e-01 -4.480532e-01
    outer loop
      vertex  1.233928e+04 -7.376411e+03  7.548639e+03
      vertex  1.217883e+04 -7.372027e+03  7.556235e+03
      vertex  1.217909e+04 -7.273640e+03  7.360150e+03
    endloop
  endfacet
  facet normal -3.751088e-02 -8.931482e-01 -4.481955e-01
    outer loop
      vertex  1.217909e+04 -7.273640e+03  7.360150e+03
      vertex  1.217883e+04 -7.372027e+03  7.556235e+03
      vertex  1.208410e+04 -7.344458e+03  7.509223e+03
    endloop
  endfacet
  facet normal -4.378706e-02 -8.912910e-01 -4.513125e-01
    outer loop
      vertex  1.217909e+04 -7.273640e+03  7.360150e+03
      vertex  1.208410e+04 -7.344458e+03  7.509223e+03
      vertex  1.208423e+04 -7.292171e+03  7.405952e+03
    endloop
  endfacet
  facet normal -4.707360e-02 -8.911560e-01 -4.512483e-01
    outer loop
      vertex  1.208423e+04 -7.292171e+03  7.405952e+03
      vertex  1.208410e+04 -7.344458e+03  7.509223e+03
      vertex  1.198936e+04 -7.346301e+03  7.522747e+03
    endloop
  endfacet
  facet normal -6.183974e-02 -8.854521e-01 -4.605980e-01
    outer loop
      vertex  1.208423e+04 -7.292171e+03  7.405952e+03
      vertex  1.198936e+04 -7.346301e+03  7.522747e+03
      vertex  1.198964e+04 -7.241793e+03  7.321804e+03
    endloop
  endfacet
  facet normal -2.251248e-01 -6.307501e-01 -7.426123e-01
    outer loop
      vertex  1.209304e+04 -4.580664e+03  4.446312e+03
      vertex  1.209448e+04 -4.822922e+03  4.651644e+03
      vertex  1.199922e+04 -4.730879e+03  4.602342e+03
    endloop
  endfacet
  facet normal -2.256975e-01 -6.310933e-01 -7.421468e-01
    outer loop
      vertex  1.199922e+04 -4.730879e+03  4.602342e+03
      vertex  1.209448e+04 -4.822922e+03  4.651644e+03
      vertex  1.209533e+04 -5.072848e+03  4.863911e+03
    endloop
  endfacet
  facet normal -1.990403e-01 -6.300665e-01 -7.505993e-01
    outer loop
      vertex  1.199922e+04 -4.730879e+03  4.602342e+03
      vertex  1.209533e+04 -5.072848e+03  4.863911e+03
      vertex  1.200036e+04 -5.066198e+03  4.883512e+03
    endloop
  endfacet
  facet normal -5.137592e-02 -9.031937e-01 -4.261474e-01
    outer loop
      vertex  1.217883e+04 -7.372027e+03  7.556235e+03
      vertex  1.208410e+04 -7.424019e+03  7.677849e+03
      vertex  1.208410e+04 -7.344458e+03  7.509223e+03
    endloop
  endfacet
  facet normal -3.447481e-02 -9.038503e-01 -4.264575e-01
    outer loop
      vertex  1.208410e+04 -7.344458e+03  7.509223e+03
      vertex  1.208410e+04 -7.424019e+03  7.677849e+03
      vertex  1.198935e+04 -7.395912e+03  7.625936e+03
    endloop
  endfacet
  facet normal -4.427137e-02 -9.003665e-01 -4.328743e-01
    outer loop
      vertex  1.208410e+04 -7.344458e+03  7.509223e+03
      vertex  1.198935e+04 -7.395912e+03  7.625936e+03
      vertex  1.198936e+04 -7.346301e+03  7.522747e+03
    endloop
  endfacet
  facet normal -4.096352e-02 -9.004939e-01 -4.329352e-01
    outer loop
      vertex  1.198936e+04 -7.346301e+03  7.522747e+03
      vertex  1.198935e+04 -7.395912e+03  7.625936e+03
      vertex  1.190090e+04 -7.389081e+03  7.620097e+03
    endloop
  endfacet
  facet normal -4.626194e-02 -8.983619e-01 -4.368131e-01
    outer loop
      vertex  1.198936e+04 -7.346301e+03  7.522747e+03
      vertex  1.190090e+04 -7.389081e+03  7.620097e+03
      vertex  1.190090e+04 -7.338873e+03  7.516838e+03
    endloop
  endfacet
  facet normal -9.577864e-02 -7.717055e-01 -6.287265e-01
    outer loop
      vertex  1.205926e+04 -6.600000e+03  6.368665e+03
      vertex  1.208924e+04 -6.616214e+03  6.384000e+03
      vertex  1.199408e+04 -6.632304e+03  6.418246e+03
    endloop
  endfacet
  facet normal -9.130417e-02 -7.793592e-01 -6.198894e-01
    outer loop
      vertex  1.199408e+04 -6.632304e+03  6.418246e+03
      vertex  1.208924e+04 -6.616214e+03  6.384000e+03
      vertex  1.208854e+04 -6.697332e+03  6.486088e+03
    endloop
  endfacet
  facet normal -9.253570e-02 -7.800501e-01 -6.188369e-01
    outer loop
      vertex  1.199408e+04 -6.632304e+03  6.418246e+03
      vertex  1.208854e+04 -6.697332e+03  6.486088e+03
      vertex  1.199342e+04 -6.711819e+03  6.518573e+03
    endloop
  endfacet
  facet normal -8.495829e-02 -7.934793e-01 -6.026382e-01
    outer loop
      vertex  1.199342e+04 -6.711819e+03  6.518573e+03
      vertex  1.208854e+04 -6.697332e+03  6.486088e+03
      vertex  1.208763e+04 -6.802765e+03  6.625038e+03
    endloop
  endfacet
  facet normal -8.669320e-02 -7.940720e-01 -6.016094e-01
    outer loop
      vertex  1.199342e+04 -6.711819e+03  6.518573e+03
      vertex  1.208763e+04 -6.802765e+03  6.625038e+03
      vertex  1.199257e+04 -6.815155e+03  6.655090e+03
    endloop
  endfacet
  facet normal -7.825641e-02 -8.098322e-01 -5.814188e-01
    outer loop
      vertex  1.199257e+04 -6.815155e+03  6.655090e+03
      vertex  1.208763e+04 -6.802765e+03  6.625038e+03
      vertex  1.208677e+04 -6.904834e+03  6.767323e+03
    endloop
  endfacet
  facet normal -7.984654e-02 -8.103420e-01 -5.804915e-01
    outer loop
      vertex  1.199257e+04 -6.815155e+03  6.655090e+03
      vertex  1.208677e+04 -6.904834e+03  6.767323e+03
      vertex  1.199176e+04 -6.915186e+03  6.794840e+03
    endloop
  endfacet
  facet normal -7.176167e-02 -8.263316e-01 -5.585931e-01
    outer loop
      vertex  1.199176e+04 -6.915186e+03  6.794840e+03
      vertex  1.208677e+04 -6.904834e+03  6.767323e+03
      vertex  1.208597e+04 -7.003273e+03  6.913046e+03
    endloop
  endfacet
  facet normal -7.308868e-02 -8.267294e-01 -5.578320e-01
    outer loop
      vertex  1.199176e+04 -6.915186e+03  6.794840e+03
      vertex  1.208597e+04 -7.003273e+03  6.913046e+03
      vertex  1.199102e+04 -7.011663e+03  6.937920e+03
    endloop
  endfacet
  facet normal -1.059647e-01 -7.262560e-01 -6.792082e-01
    outer loop
      vertex  1.190852e+04 -6.192322e+03  5.935457e+03
      vertex  1.199604e+04 -6.384617e+03  6.127419e+03
      vertex  1.190734e+04 -6.365812e+03  6.121148e+03
    endloop
  endfacet
  facet normal -1.238224e-01 -7.287148e-01 -6.735300e-01
    outer loop
      vertex  1.199604e+04 -6.384617e+03  6.127419e+03
      vertex  1.190852e+04 -6.192322e+03  5.935457e+03
      vertex  1.199725e+04 -6.213052e+03  5.941574e+03
    endloop
  endfacet
  facet normal -1.168023e-01 -7.060301e-01 -6.984832e-01
    outer loop
      vertex  1.199725e+04 -6.213052e+03  5.941574e+03
      vertex  1.190852e+04 -6.192322e+03  5.935457e+03
      vertex  1.190956e+04 -6.014804e+03  5.755847e+03
    endloop
  endfacet
  facet normal -1.347536e-01 -7.085389e-01 -6.926860e-01
    outer loop
      vertex  1.199725e+04 -6.213052e+03  5.941574e+03
      vertex  1.190956e+04 -6.014804e+03  5.755847e+03
      vertex  1.199833e+04 -6.037471e+03  5.761764e+03
    endloop
  endfacet
  facet normal -1.287697e-01 -6.901720e-01 -7.120962e-01
    outer loop
      vertex  1.199833e+04 -6.037471e+03  5.761764e+03
      vertex  1.190956e+04 -6.014804e+03  5.755847e+03
      vertex  1.191018e+04 -5.892224e+03  5.636929e+03
    endloop
  endfacet
  facet normal -1.412571e-01 -6.931841e-01 -7.067831e-01
    outer loop
      vertex  1.199833e+04 -6.037471e+03  5.761764e+03
      vertex  1.191018e+04 -5.892224e+03  5.636929e+03
      vertex  1.199897e+04 -5.914958e+03  5.641479e+03
    endloop
  endfacet
  facet normal -2.603939e-01 -6.330987e-01 -7.289590e-01
    outer loop
      vertex  1.190560e+04 -4.079996e+03  4.079764e+03
      vertex  1.199505e+04 -4.193661e+03  4.146531e+03
      vertex  1.190731e+04 -4.247067e+03  4.224256e+03
    endloop
  endfacet
  facet normal -2.618013e-01 -6.317524e-01 -7.296225e-01
    outer loop
      vertex  1.190731e+04 -4.247067e+03  4.224256e+03
      vertex  1.199505e+04 -4.193661e+03  4.146531e+03
      vertex  1.199678e+04 -4.371900e+03  4.300241e+03
    endloop
  endfacet
  facet normal -2.483545e-01 -6.272898e-01 -7.381243e-01
    outer loop
      vertex  1.190731e+04 -4.247067e+03  4.224256e+03
      vertex  1.199678e+04 -4.371900e+03  4.300241e+03
      vertex  1.190831e+04 -4.362660e+03  4.322155e+03
    endloop
  endfacet
  facet normal -2.486097e-01 -6.246647e-01 -7.402616e-01
    outer loop
      vertex  1.190831e+04 -4.362660e+03  4.322155e+03
      vertex  1.199678e+04 -4.371900e+03  4.300241e+03
      vertex  1.199922e+04 -4.730879e+03  4.602342e+03
    endloop
  endfacet
  facet normal -2.260456e-01 -6.246078e-01 -7.475081e-01
    outer loop
      vertex  1.190831e+04 -4.362660e+03  4.322155e+03
      vertex  1.199922e+04 -4.730879e+03  4.602342e+03
      vertex  1.190995e+04 -4.602663e+03  4.522202e+03
    endloop
  endfacet
  facet normal -2.783784e-01 -6.398302e-01 -7.163259e-01
    outer loop
      vertex  1.199505e+04 -4.193661e+03  4.146531e+03
      vertex  1.190560e+04 -4.079996e+03  4.079764e+03
      vertex  1.199306e+04 -4.024034e+03  3.995792e+03
    endloop
  endfacet
  facet normal -2.775182e-01 -6.406182e-01 -7.159552e-01
    outer loop
      vertex  1.199306e+04 -4.024034e+03  3.995792e+03
      vertex  1.190560e+04 -4.079996e+03  4.079764e+03
      vertex  1.190418e+04 -3.960135e+03  3.973067e+03
    endloop
  endfacet
  facet normal -2.700878e-01 -6.419757e-01 -7.175792e-01
    outer loop
      vertex  1.190560e+04 -4.079996e+03  4.079764e+03
      vertex  1.181697e+04 -4.041865e+03  4.079011e+03
      vertex  1.190418e+04 -3.960135e+03  3.973067e+03
    endloop
  endfacet
  facet normal -2.762482e-01 -6.375149e-01 -7.192091e-01
    outer loop
      vertex  1.190418e+04 -3.960135e+03  3.973067e+03
      vertex  1.181697e+04 -4.041865e+03  4.079011e+03
      vertex  1.182529e+04 -3.930000e+03  3.976658e+03
    endloop
  endfacet
  facet normal -2.139830e-02 -9.448727e-01 -3.267378e-01
    outer loop
      vertex  1.190215e+04 -7.582573e+03  8.084573e+03
      vertex  1.199155e+04 -7.637952e+03  8.238863e+03
      vertex  1.190304e+04 -7.634243e+03  8.233936e+03
    endloop
  endfacet
  facet normal -2.792436e-02 -9.458784e-01 -3.233173e-01
    outer loop
      vertex  1.199155e+04 -7.637952e+03  8.238863e+03
      vertex  1.190215e+04 -7.582573e+03  8.084573e+03
      vertex  1.199063e+04 -7.586951e+03  8.089737e+03
    endloop
  endfacet
  facet normal -2.557759e-02 -9.348328e-01 -3.541657e-01
    outer loop
      vertex  1.199063e+04 -7.586951e+03  8.089737e+03
      vertex  1.190215e+04 -7.582573e+03  8.084573e+03
      vertex  1.190152e+04 -7.527116e+03  7.938236e+03
    endloop
  endfacet
  facet normal -3.247819e-02 -9.359775e-01 -3.505587e-01
    outer loop
      vertex  1.199063e+04 -7.586951e+03  8.089737e+03
      vertex  1.190152e+04 -7.527116e+03  7.938236e+03
      vertex  1.198998e+04 -7.532201e+03  7.943617e+03
    endloop
  endfacet
  facet normal -3.020975e-02 -9.253778e-01 -3.778404e-01
    outer loop
      vertex  1.198998e+04 -7.532201e+03  7.943617e+03
      vertex  1.190152e+04 -7.527116e+03  7.938236e+03
      vertex  1.190120e+04 -7.483231e+03  7.830783e+03
    endloop
  endfacet
  facet normal -3.568234e-02 -9.266987e-01 -3.741072e-01
    outer loop
      vertex  1.198998e+04 -7.532201e+03  7.943617e+03
      vertex  1.190120e+04 -7.483231e+03  7.830783e+03
      vertex  1.198966e+04 -7.488888e+03  7.836359e+03
    endloop
  endfacet
  facet normal -4.322338e-02 -9.094641e-01 -4.135298e-01
    outer loop
      vertex  1.208410e+04 -7.424019e+03  7.677849e+03
      vertex  1.198945e+04 -7.443564e+03  7.730727e+03
      vertex  1.198935e+04 -7.395912e+03  7.625936e+03
    endloop
  endfacet
  facet normal -3.737091e-02 -9.096769e-01 -4.136319e-01
    outer loop
      vertex  1.198935e+04 -7.395912e+03  7.625936e+03
      vertex  1.198945e+04 -7.443564e+03  7.730727e+03
      vertex  1.190099e+04 -7.437312e+03  7.724968e+03
    endloop
  endfacet
  facet normal -4.254473e-02 -9.077137e-01 -4.174275e-01
    outer loop
      vertex  1.198935e+04 -7.395912e+03  7.625936e+03
      vertex  1.190099e+04 -7.437312e+03  7.724968e+03
      vertex  1.190090e+04 -7.389081e+03  7.620097e+03
    endloop
  endfacet
  facet normal -8.531187e-02 -8.007553e-01 -5.928851e-01
    outer loop
      vertex  1.190420e+04 -6.775586e+03  6.614365e+03
      vertex  1.199257e+04 -6.815155e+03  6.655090e+03
      vertex  1.190359e+04 -6.852556e+03  6.718408e+03
    endloop
  endfacet
  facet normal -7.247450e-02 -8.108200e-01 -5.807910e-01
    outer loop
      vertex  1.190359e+04 -6.852556e+03  6.718408e+03
      vertex  1.199257e+04 -6.815155e+03  6.655090e+03
      vertex  1.199176e+04 -6.915186e+03  6.794840e+03
    endloop
  endfacet
  facet normal -7.792730e-02 -8.133310e-01 -5.765587e-01
    outer loop
      vertex  1.190359e+04 -6.852556e+03  6.718408e+03
      vertex  1.199176e+04 -6.915186e+03  6.794840e+03
      vertex  1.190303e+04 -6.927381e+03  6.824037e+03
    endloop
  endfacet
  facet normal -6.993524e-02 -8.269244e-01 -5.579473e-01
    outer loop
      vertex  1.190303e+04 -6.927381e+03  6.824037e+03
      vertex  1.199176e+04 -6.915186e+03  6.794840e+03
      vertex  1.199102e+04 -7.011663e+03  6.937920e+03
    endloop
  endfacet
  facet normal -6.718084e-02 -8.261178e-01 -5.594786e-01
    outer loop
      vertex  1.190303e+04 -6.927381e+03  6.824037e+03
      vertex  1.199102e+04 -7.011663e+03  6.937920e+03
      vertex  1.190250e+04 -7.000159e+03  6.931563e+03
    endloop
  endfacet
  facet normal -7.177009e-02 -8.450546e-01 -5.298411e-01
    outer loop
      vertex  1.190250e+04 -7.000159e+03  6.931563e+03
      vertex  1.199102e+04 -7.011663e+03  6.937920e+03
      vertex  1.199022e+04 -7.130101e+03  7.126928e+03
    endloop
  endfacet
  facet normal -5.824057e-02 -8.430901e-01 -5.346093e-01
    outer loop
      vertex  1.190250e+04 -7.000159e+03  6.931563e+03
      vertex  1.199022e+04 -7.130101e+03  7.126928e+03
      vertex  1.190173e+04 -7.120022e+03  7.120675e+03
    endloop
  endfacet
  facet normal -6.352291e-02 -8.657663e-01 -4.964005e-01
    outer loop
      vertex  1.190173e+04 -7.120022e+03  7.120675e+03
      vertex  1.199022e+04 -7.130101e+03  7.126928e+03
      vertex  1.198964e+04 -7.241793e+03  7.321804e+03
    endloop
  endfacet
  facet normal -5.056041e-02 -8.639783e-01 -5.009841e-01
    outer loop
      vertex  1.190173e+04 -7.120022e+03  7.120675e+03
      vertex  1.198964e+04 -7.241793e+03  7.321804e+03
      vertex  1.190117e+04 -7.233077e+03  7.315700e+03
    endloop
  endfacet
  facet normal -5.548418e-02 -8.857870e-01 -4.607633e-01
    outer loop
      vertex  1.190117e+04 -7.233077e+03  7.315700e+03
      vertex  1.198964e+04 -7.241793e+03  7.321804e+03
      vertex  1.198936e+04 -7.346301e+03  7.522747e+03
    endloop
  endfacet
  facet normal -4.318028e-02 -8.841887e-01 -4.651299e-01
    outer loop
      vertex  1.190117e+04 -7.233077e+03  7.315700e+03
      vertex  1.198936e+04 -7.346301e+03  7.522747e+03
      vertex  1.190090e+04 -7.338873e+03  7.516838e+03
    endloop
  endfacet
  facet normal -8.761288e-02 -7.804147e-01 -6.190936e-01
    outer loop
      vertex  1.199408e+04 -6.632304e+03  6.418246e+03
      vertex  1.199342e+04 -6.711819e+03  6.518573e+03
      vertex  1.190482e+04 -6.696773e+03  6.512146e+03
    endloop
  endfacet
  facet normal -9.116003e-02 -7.937406e-01 -6.013865e-01
    outer loop
      vertex  1.190482e+04 -6.696773e+03  6.512146e+03
      vertex  1.199342e+04 -6.711819e+03  6.518573e+03
      vertex  1.199257e+04 -6.815155e+03  6.655090e+03
    endloop
  endfacet
  facet normal -7.278240e-02 -7.896241e-01 -6.092589e-01
    outer loop
      vertex  1.190482e+04 -6.696773e+03  6.512146e+03
      vertex  1.199257e+04 -6.815155e+03  6.655090e+03
      vertex  1.190420e+04 -6.775586e+03  6.614365e+03
    endloop
  endfacet
  facet normal -1.065260e-01 -7.223054e-01 -6.833207e-01
    outer loop
      vertex  1.181977e+04 -6.172522e+03  5.930482e+03
      vertex  1.190734e+04 -6.365812e+03  6.121148e+03
      vertex  1.181865e+04 -6.347820e+03  6.115958e+03
    endloop
  endfacet
  facet normal -1.236868e-01 -7.247031e-01 -6.778695e-01
    outer loop
      vertex  1.190734e+04 -6.365812e+03  6.121148e+03
      vertex  1.181977e+04 -6.172522e+03  5.930482e+03
      vertex  1.190852e+04 -6.192322e+03  5.935457e+03
    endloop
  endfacet
  facet normal -1.172280e-01 -7.019458e-01 -7.025166e-01
    outer loop
      vertex  1.190852e+04 -6.192322e+03  5.935457e+03
      vertex  1.181977e+04 -6.172522e+03  5.930482e+03
      vertex  1.182077e+04 -5.993188e+03  5.751126e+03
    endloop
  endfacet
  facet normal -1.344382e-01 -7.043904e-01 -6.969652e-01
    outer loop
      vertex  1.190852e+04 -6.192322e+03  5.935457e+03
      vertex  1.182077e+04 -5.993188e+03  5.751126e+03
      vertex  1.190956e+04 -6.014804e+03  5.755847e+03
    endloop
  endfacet
  facet normal -1.289663e-01 -6.860735e-01 -7.160103e-01
    outer loop
      vertex  1.190956e+04 -6.014804e+03  5.755847e+03
      vertex  1.182077e+04 -5.993188e+03  5.751126e+03
      vertex  1.182136e+04 -5.870671e+03  5.633627e+03
    endloop
  endfacet
  facet normal -1.407607e-01 -6.890053e-01 -7.109558e-01
    outer loop
      vertex  1.190956e+04 -6.014804e+03  5.755847e+03
      vertex  1.182136e+04 -5.870671e+03  5.633627e+03
      vertex  1.191018e+04 -5.892224e+03  5.636929e+03
    endloop
  endfacet
  facet normal -1.960209e-01 -6.217058e-01 -7.583256e-01
    outer loop
      vertex  1.182115e+04 -4.568162e+03  4.520263e+03
      vertex  1.191143e+04 -4.979996e+03  4.834563e+03
      vertex  1.182256e+04 -4.948596e+03  4.831792e+03
    endloop
  endfacet
  facet normal -1.990284e-01 -6.295721e-01 -7.510170e-01
    outer loop
      vertex  1.182256e+04 -4.948596e+03  4.831792e+03
      vertex  1.191143e+04 -4.979996e+03  4.834563e+03
      vertex  1.191171e+04 -5.173997e+03  4.997120e+03
    endloop
  endfacet
  facet normal -1.824971e-01 -6.274188e-01 -7.569945e-01
    outer loop
      vertex  1.182256e+04 -4.948596e+03  4.831792e+03
      vertex  1.191171e+04 -5.173997e+03  4.997120e+03
      vertex  1.182283e+04 -5.144306e+03  4.993938e+03
    endloop
  endfacet
  facet normal -1.872097e-01 -6.402414e-01 -7.450124e-01
    outer loop
      vertex  1.182283e+04 -5.144306e+03  4.993938e+03
      vertex  1.191171e+04 -5.173997e+03  4.997120e+03
      vertex  1.191154e+04 -5.468278e+03  5.250058e+03
    endloop
  endfacet
  facet normal -1.620262e-01 -6.388977e-01 -7.520354e-01
    outer loop
      vertex  1.182283e+04 -5.144306e+03  4.993938e+03
      vertex  1.191154e+04 -5.468278e+03  5.250058e+03
      vertex  1.182267e+04 -5.441301e+03  5.246287e+03
    endloop
  endfacet
  facet normal -2.251985e-01 -6.218152e-01 -7.500877e-01
    outer loop
      vertex  1.191143e+04 -4.979996e+03  4.834563e+03
      vertex  1.182115e+04 -4.568162e+03  4.520263e+03
      vertex  1.190995e+04 -4.602663e+03  4.522202e+03
    endloop
  endfacet
  facet normal -2.248697e-01 -6.210118e-01 -7.508515e-01
    outer loop
      vertex  1.190995e+04 -4.602663e+03  4.522202e+03
      vertex  1.182115e+04 -4.568162e+03  4.520263e+03
      vertex  1.181957e+04 -4.326377e+03  4.320761e+03
    endloop
  endfacet
  facet normal -2.426610e-01 -6.221101e-01 -7.443754e-01
    outer loop
      vertex  1.190995e+04 -4.602663e+03  4.522202e+03
      vertex  1.181957e+04 -4.326377e+03  4.320761e+03
      vertex  1.190831e+04 -4.362660e+03  4.322155e+03
    endloop
  endfacet
  facet normal -2.436770e-01 -6.245053e-01 -7.420341e-01
    outer loop
      vertex  1.190831e+04 -4.362660e+03  4.322155e+03
      vertex  1.181957e+04 -4.326377e+03  4.320761e+03
      vertex  1.181861e+04 -4.209992e+03  4.223125e+03
    endloop
  endfacet
  facet normal -2.525111e-01 -6.266159e-01 -7.372861e-01
    outer loop
      vertex  1.190831e+04 -4.362660e+03  4.322155e+03
      vertex  1.181861e+04 -4.209992e+03  4.223125e+03
      vertex  1.190731e+04 -4.247067e+03  4.224256e+03
    endloop
  endfacet
  facet normal -2.543270e-01 -6.308313e-01 -7.330551e-01
    outer loop
      vertex  1.190731e+04 -4.247067e+03  4.224256e+03
      vertex  1.181861e+04 -4.209992e+03  4.223125e+03
      vertex  1.181697e+04 -4.041865e+03  4.079011e+03
    endloop
  endfacet
  facet normal -2.657818e-01 -6.321689e-01 -7.278204e-01
    outer loop
      vertex  1.190731e+04 -4.247067e+03  4.224256e+03
      vertex  1.181697e+04 -4.041865e+03  4.079011e+03
      vertex  1.190560e+04 -4.079996e+03  4.079764e+03
    endloop
  endfacet
  facet normal -1.247257e-01 -7.012787e-01 -7.018915e-01
    outer loop
      vertex  1.181977e+04 -6.172522e+03  5.930482e+03
      vertex  1.169792e+04 -6.017487e+03  5.797235e+03
      vertex  1.182077e+04 -5.993188e+03  5.751126e+03
    endloop
  endfacet
  facet normal -1.332045e-01 -6.852418e-01 -7.160308e-01
    outer loop
      vertex  1.182077e+04 -5.993188e+03  5.751126e+03
      vertex  1.169792e+04 -6.017487e+03  5.797235e+03
      vertex  1.169849e+04 -5.896073e+03  5.680937e+03
    endloop
  endfacet
  facet normal -1.337745e-01 -6.856206e-01 -7.155619e-01
    outer loop
      vertex  1.182077e+04 -5.993188e+03  5.751126e+03
      vertex  1.169849e+04 -5.896073e+03  5.680937e+03
      vertex  1.182136e+04 -5.870671e+03  5.633627e+03
    endloop
  endfacet
  facet normal -1.961158e-01 -6.169632e-01 -7.621648e-01
    outer loop
      vertex  1.169896e+04 -4.621515e+03  4.598828e+03
      vertex  1.182256e+04 -4.948596e+03  4.831792e+03
      vertex  1.169998e+04 -4.994140e+03  4.900203e+03
    endloop
  endfacet
  facet normal -1.891010e-01 -6.266273e-01 -7.560284e-01
    outer loop
      vertex  1.169998e+04 -4.994140e+03  4.900203e+03
      vertex  1.182256e+04 -4.948596e+03  4.831792e+03
      vertex  1.182283e+04 -5.144306e+03  4.993938e+03
    endloop
  endfacet
  facet normal -1.836292e-01 -6.242274e-01 -7.593553e-01
    outer loop
      vertex  1.169998e+04 -4.994140e+03  4.900203e+03
      vertex  1.182283e+04 -5.144306e+03  4.993938e+03
      vertex  1.170010e+04 -5.184923e+03  5.057005e+03
    endloop
  endfacet
  facet normal -2.152010e-01 -6.191954e-01 -7.551726e-01
    outer loop
      vertex  1.182256e+04 -4.948596e+03  4.831792e+03
      vertex  1.169896e+04 -4.621515e+03  4.598828e+03
      vertex  1.182115e+04 -4.568162e+03  4.520263e+03
    endloop
  endfacet
  facet normal -2.175335e-01 -6.163246e-01 -7.568508e-01
    outer loop
      vertex  1.182115e+04 -4.568162e+03  4.520263e+03
      vertex  1.169896e+04 -4.621515e+03  4.598828e+03
      vertex  1.169696e+04 -4.267800e+03  4.311362e+03
    endloop
  endfacet
  facet normal -2.383840e-01 -6.190162e-01 -7.483262e-01
    outer loop
      vertex  1.182115e+04 -4.568162e+03  4.520263e+03
      vertex  1.169696e+04 -4.267800e+03  4.311362e+03
      vertex  1.181957e+04 -4.326377e+03  4.320761e+03
    endloop
  endfacet
  facet normal -2.402534e-01 -6.223838e-01 -7.449273e-01
    outer loop
      vertex  1.181957e+04 -4.326377e+03  4.320761e+03
      vertex  1.169696e+04 -4.267800e+03  4.311362e+03
      vertex  1.169563e+04 -4.100461e+03  4.171981e+03
    endloop
  endfacet
  facet normal -2.474069e-01 -6.239161e-01 -7.412951e-01
    outer loop
      vertex  1.181957e+04 -4.326377e+03  4.320761e+03
      vertex  1.169563e+04 -4.100461e+03  4.171981e+03
      vertex  1.181861e+04 -4.209992e+03  4.223125e+03
    endloop
  endfacet
  facet normal -4.446805e-02 -8.965193e-01 -4.407671e-01
    outer loop
      vertex  1.181248e+04 -7.331623e+03  7.511403e+03
      vertex  1.181248e+04 -7.382413e+03  7.614710e+03
      vertex  1.169049e+04 -7.331878e+03  7.524230e+03
    endloop
  endfacet
  facet normal -6.278037e-02 -9.049774e-01 -4.208023e-01
    outer loop
      vertex  1.169049e+04 -7.331878e+03  7.524230e+03
      vertex  1.181248e+04 -7.382413e+03  7.614710e+03
      vertex  1.181257e+04 -7.431210e+03  7.719639e+03
    endloop
  endfacet
  facet normal -3.930159e-02 -9.004545e-01 -4.331712e-01
    outer loop
      vertex  1.169049e+04 -7.331878e+03  7.524230e+03
      vertex  1.181257e+04 -7.431210e+03  7.719639e+03
      vertex  1.169061e+04 -7.429617e+03  7.727394e+03
    endloop
  endfacet
  facet normal -3.747872e-02 -9.150940e-01 -4.014952e-01
    outer loop
      vertex  1.169061e+04 -7.429617e+03  7.727394e+03
      vertex  1.181257e+04 -7.431210e+03  7.719639e+03
      vertex  1.181277e+04 -7.477686e+03  7.825550e+03
    endloop
  endfacet
  facet normal -3.495806e-02 -9.140394e-01 -4.041159e-01
    outer loop
      vertex  1.169061e+04 -7.429617e+03  7.727394e+03
      vertex  1.181277e+04 -7.477686e+03  7.825550e+03
      vertex  1.169080e+04 -7.475573e+03  7.831322e+03
    endloop
  endfacet
  facet normal -3.405271e-02 -9.237736e-01 -3.814220e-01
    outer loop
      vertex  1.169080e+04 -7.475573e+03  7.831322e+03
      vertex  1.181277e+04 -7.477686e+03  7.825550e+03
      vertex  1.181308e+04 -7.522108e+03  7.933108e+03
    endloop
  endfacet
  facet normal -3.122531e-02 -9.226735e-01 -3.843157e-01
    outer loop
      vertex  1.169080e+04 -7.475573e+03  7.831322e+03
      vertex  1.181308e+04 -7.522108e+03  7.933108e+03
      vertex  1.169110e+04 -7.519535e+03  7.936841e+03
    endloop
  endfacet
  facet normal -3.063357e-02 -9.333702e-01 -3.576057e-01
    outer loop
      vertex  1.169110e+04 -7.519535e+03  7.936841e+03
      vertex  1.181308e+04 -7.522108e+03  7.933108e+03
      vertex  1.181369e+04 -7.578247e+03  8.079581e+03
    endloop
  endfacet
  facet normal -2.628763e-02 -9.322437e-01 -3.608749e-01
    outer loop
      vertex  1.169110e+04 -7.519535e+03  7.936841e+03
      vertex  1.181369e+04 -7.578247e+03  8.079581e+03
      vertex  1.169167e+04 -7.574986e+03  8.080047e+03
    endloop
  endfacet
  facet normal -2.647319e-02 -9.436009e-01 -3.300250e-01
    outer loop
      vertex  1.169167e+04 -7.574986e+03  8.080047e+03
      vertex  1.181369e+04 -7.578247e+03  8.079581e+03
      vertex  1.181454e+04 -7.630563e+03  8.229096e+03
    endloop
  endfacet
  facet normal -2.140461e-02 -9.424146e-01 -3.337612e-01
    outer loop
      vertex  1.169167e+04 -7.574986e+03  8.080047e+03
      vertex  1.181454e+04 -7.630563e+03  8.229096e+03
      vertex  1.169246e+04 -7.626754e+03  8.226170e+03
    endloop
  endfacet
  facet normal -6.548088e-02 -8.400025e-01 -5.386168e-01
    outer loop
      vertex  1.181327e+04 -7.110255e+03  7.115089e+03
      vertex  1.169178e+04 -6.995348e+03  6.950654e+03
      vertex  1.181400e+04 -6.989042e+03  6.925961e+03
    endloop
  endfacet
  facet normal -7.142910e-02 -8.228915e-01 -5.636910e-01
    outer loop
      vertex  1.181400e+04 -6.989042e+03  6.925961e+03
      vertex  1.169178e+04 -6.995348e+03  6.950654e+03
      vertex  1.169221e+04 -6.924720e+03  6.847495e+03
    endloop
  endfacet
  facet normal -7.154547e-02 -8.229643e-01 -5.635699e-01
    outer loop
      vertex  1.181400e+04 -6.989042e+03  6.925961e+03
      vertex  1.169221e+04 -6.924720e+03  6.847495e+03
      vertex  1.181451e+04 -6.915619e+03  6.818679e+03
    endloop
  endfacet
  facet normal -7.644654e-02 -8.106720e-01 -5.804885e-01
    outer loop
      vertex  1.181451e+04 -6.915619e+03  6.818679e+03
      vertex  1.169221e+04 -6.924720e+03  6.847495e+03
      vertex  1.169268e+04 -6.852162e+03  6.746104e+03
    endloop
  endfacet
  facet normal -7.610653e-02 -8.104403e-01 -5.808566e-01
    outer loop
      vertex  1.181451e+04 -6.915619e+03  6.818679e+03
      vertex  1.169268e+04 -6.852162e+03  6.746104e+03
      vertex  1.181505e+04 -6.840142e+03  6.713299e+03
    endloop
  endfacet
  facet normal -8.159281e-02 -7.982023e-01 -5.968381e-01
    outer loop
      vertex  1.181505e+04 -6.840142e+03  6.713299e+03
      vertex  1.169268e+04 -6.852162e+03  6.746104e+03
      vertex  1.169320e+04 -6.774215e+03  6.641787e+03
    endloop
  endfacet
  facet normal -8.114894e-02 -7.978942e-01 -5.973104e-01
    outer loop
      vertex  1.181505e+04 -6.840142e+03  6.713299e+03
      vertex  1.169320e+04 -6.774215e+03  6.641787e+03
      vertex  1.181563e+04 -6.762162e+03  6.609054e+03
    endloop
  endfacet
  facet normal -8.647590e-02 -7.855727e-01 -6.126968e-01
    outer loop
      vertex  1.181563e+04 -6.762162e+03  6.609054e+03
      vertex  1.169320e+04 -6.774215e+03  6.641787e+03
      vertex  1.169375e+04 -6.694362e+03  6.539326e+03
    endloop
  endfacet
  facet normal -8.626081e-02 -7.854195e-01 -6.129236e-01
    outer loop
      vertex  1.181563e+04 -6.762162e+03  6.609054e+03
      vertex  1.169375e+04 -6.694362e+03  6.539326e+03
      vertex  1.181622e+04 -6.682316e+03  6.506653e+03
    endloop
  endfacet
  facet normal -9.168745e-02 -7.724110e-01 -6.284701e-01
    outer loop
      vertex  1.181622e+04 -6.682316e+03  6.506653e+03
      vertex  1.169375e+04 -6.694362e+03  6.539326e+03
      vertex  1.173604e+04 -6.600000e+03  6.417181e+03
    endloop
  endfacet
  facet normal -9.320423e-02 -7.729393e-01 -6.275968e-01
    outer loop
      vertex  1.181622e+04 -6.682316e+03  6.506653e+03
      vertex  1.173604e+04 -6.600000e+03  6.417181e+03
      vertex  1.182192e+04 -6.600000e+03  6.404428e+03
    endloop
  endfacet
  facet normal -2.040947e-01 -6.069501e-01 -7.680866e-01
    outer loop
      vertex  1.145242e+04 -4.299419e+03  4.410628e+03
      vertex  1.157623e+04 -4.582378e+03  4.601327e+03
      vertex  1.145387e+04 -4.705291e+03  4.730968e+03
    endloop
  endfacet
  facet normal -1.969185e-01 -6.119134e-01 -7.660189e-01
    outer loop
      vertex  1.145387e+04 -4.705291e+03  4.730968e+03
      vertex  1.157623e+04 -4.582378e+03  4.601327e+03
      vertex  1.157715e+04 -4.958510e+03  4.901553e+03
    endloop
  endfacet
  facet normal -1.868467e-01 -6.098241e-01 -7.701966e-01
    outer loop
      vertex  1.145387e+04 -4.705291e+03  4.730968e+03
      vertex  1.157715e+04 -4.958510e+03  4.901553e+03
      vertex  1.145429e+04 -4.987506e+03  4.954316e+03
    endloop
  endfacet
  facet normal -1.818531e-01 -6.193203e-01 -7.637877e-01
    outer loop
      vertex  1.145429e+04 -4.987506e+03  4.954316e+03
      vertex  1.157715e+04 -4.958510e+03  4.901553e+03
      vertex  1.157727e+04 -5.151178e+03  5.057750e+03
    endloop
  endfacet
  facet normal -1.748436e-01 -6.165158e-01 -7.676835e-01
    outer loop
      vertex  1.145429e+04 -4.987506e+03  4.954316e+03
      vertex  1.157727e+04 -5.151178e+03  5.057750e+03
      vertex  1.145434e+04 -5.130797e+03  5.069379e+03
    endloop
  endfacet
  facet normal -1.760159e-01 -6.300635e-01 -7.563322e-01
    outer loop
      vertex  1.145434e+04 -5.130797e+03  5.069379e+03
      vertex  1.157727e+04 -5.151178e+03  5.057750e+03
      vertex  1.157702e+04 -5.442770e+03  5.300720e+03
    endloop
  endfacet
  facet normal -1.508606e-01 -6.264153e-01 -7.647516e-01
    outer loop
      vertex  1.145434e+04 -5.130797e+03  5.069379e+03
      vertex  1.157702e+04 -5.442770e+03  5.300720e+03
      vertex  1.145421e+04 -5.347182e+03  5.246647e+03
    endloop
  endfacet
  facet normal -1.720610e-01 -6.431389e-01 -7.461684e-01
    outer loop
      vertex  1.145421e+04 -5.347182e+03  5.246647e+03
      vertex  1.157702e+04 -5.442770e+03  5.300720e+03
      vertex  1.157669e+04 -5.596465e+03  5.433269e+03
    endloop
  endfacet
  facet normal -1.436038e-01 -6.373333e-01 -7.570894e-01
    outer loop
      vertex  1.145421e+04 -5.347182e+03  5.246647e+03
      vertex  1.157669e+04 -5.596465e+03  5.433269e+03
      vertex  1.145396e+04 -5.511340e+03  5.384887e+03
    endloop
  endfacet
  facet normal -1.634687e-01 -6.549820e-01 -7.377510e-01
    outer loop
      vertex  1.145396e+04 -5.511340e+03  5.384887e+03
      vertex  1.157669e+04 -5.596465e+03  5.433269e+03
      vertex  1.157624e+04 -5.749483e+03  5.569218e+03
    endloop
  endfacet
  facet normal -1.354295e-01 -6.490065e-01 -7.486316e-01
    outer loop
      vertex  1.145396e+04 -5.511340e+03  5.384887e+03
      vertex  1.157624e+04 -5.749483e+03  5.569218e+03
      vertex  1.145359e+04 -5.675009e+03  5.526843e+03
    endloop
  endfacet
  facet normal -1.533068e-01 -6.672261e-01 -7.289077e-01
    outer loop
      vertex  1.145359e+04 -5.675009e+03  5.526843e+03
      vertex  1.157624e+04 -5.749483e+03  5.569218e+03
      vertex  1.157580e+04 -5.871564e+03  5.681061e+03
    endloop
  endfacet
  facet normal -1.326814e-01 -6.615736e-01 -7.380487e-01
    outer loop
      vertex  1.145359e+04 -5.675009e+03  5.526843e+03
      vertex  1.157580e+04 -5.871564e+03  5.681061e+03
      vertex  1.145314e+04 -5.827833e+03  5.663914e+03
    endloop
  endfacet
  facet normal -1.415768e-01 -6.794301e-01 -7.199520e-01
    outer loop
      vertex  1.145314e+04 -5.827833e+03  5.663914e+03
      vertex  1.157580e+04 -5.871564e+03  5.681061e+03
      vertex  1.157530e+04 -5.992537e+03  5.795324e+03
    endloop
  endfacet
  facet normal -1.295614e-01 -6.753590e-01 -7.260194e-01
    outer loop
      vertex  1.145314e+04 -5.827833e+03  5.663914e+03
      vertex  1.157530e+04 -5.992537e+03  5.795324e+03
      vertex  1.145260e+04 -5.979043e+03  5.804668e+03
    endloop
  endfacet
  facet normal -1.303028e-01 -6.956252e-01 -7.064891e-01
    outer loop
      vertex  1.145260e+04 -5.979043e+03  5.804668e+03
      vertex  1.157530e+04 -5.992537e+03  5.795324e+03
      vertex  1.157445e+04 -6.170834e+03  5.971036e+03
    endloop
  endfacet
  facet normal -1.235505e-01 -6.938751e-01 -7.094171e-01
    outer loop
      vertex  1.145260e+04 -5.979043e+03  5.804668e+03
      vertex  1.157445e+04 -6.170834e+03  5.971036e+03
      vertex  1.145174e+04 -6.183380e+03  6.004679e+03
    endloop
  endfacet
  facet normal -1.152595e-01 -7.167727e-01 -6.877151e-01
    outer loop
      vertex  1.145174e+04 -6.183380e+03  6.004679e+03
      vertex  1.157445e+04 -6.170834e+03  5.971036e+03
      vertex  1.157351e+04 -6.345009e+03  6.152728e+03
    endloop
  endfacet
  facet normal -1.027914e-01 -7.128760e-01 -6.937159e-01
    outer loop
      vertex  1.145174e+04 -6.183380e+03  6.004679e+03
      vertex  1.157351e+04 -6.345009e+03  6.152728e+03
      vertex  1.145125e+04 -6.288427e+03  6.112699e+03
    endloop
  endfacet
  facet normal -2.250576e-01 -6.117213e-01 -7.583838e-01
    outer loop
      vertex  1.145242e+04 -4.299419e+03  4.410628e+03
      vertex  1.145136e+04 -4.107326e+03  4.255999e+03
      vertex  1.157441e+04 -4.225596e+03  4.314879e+03
    endloop
  endfacet
  facet normal -2.362925e-01 -6.188164e-01 -7.491544e-01
    outer loop
      vertex  1.157441e+04 -4.225596e+03  4.314879e+03
      vertex  1.145136e+04 -4.107326e+03  4.255999e+03
      vertex  1.145043e+04 -3.969038e+03  4.142064e+03
    endloop
  endfacet
  facet normal -2.362186e-01 -6.188034e-01 -7.491883e-01
    outer loop
      vertex  1.157441e+04 -4.225596e+03  4.314879e+03
      vertex  1.145043e+04 -3.969038e+03  4.142064e+03
      vertex  1.157320e+04 -4.056919e+03  4.175939e+03
    endloop
  endfacet
  facet normal -3.744276e-02 -8.957497e-01 -4.429793e-01
    outer loop
      vertex  1.144678e+04 -7.315726e+03  7.517316e+03
      vertex  1.156870e+04 -7.421810e+03  7.721522e+03
      vertex  1.144688e+04 -7.415482e+03  7.719024e+03
    endloop
  endfacet
  facet normal -3.896274e-02 -9.116449e-01 -4.091274e-01
    outer loop
      vertex  1.144688e+04 -7.415482e+03  7.719024e+03
      vertex  1.156870e+04 -7.421810e+03  7.721522e+03
      vertex  1.156888e+04 -7.468409e+03  7.825342e+03
    endloop
  endfacet
  facet normal -3.403492e-02 -9.097206e-01 -4.138239e-01
    outer loop
      vertex  1.144688e+04 -7.415482e+03  7.719024e+03
      vertex  1.156888e+04 -7.468409e+03  7.825342e+03
      vertex  1.144704e+04 -7.462429e+03  7.822216e+03
    endloop
  endfacet
  facet normal -3.519273e-02 -9.204625e-01 -3.892430e-01
    outer loop
      vertex  1.144704e+04 -7.462429e+03  7.822216e+03
      vertex  1.156888e+04 -7.468409e+03  7.825342e+03
      vertex  1.156915e+04 -7.512998e+03  7.930759e+03
    endloop
  endfacet
  facet normal -3.026065e-02 -9.186374e-01 -3.939412e-01
    outer loop
      vertex  1.144704e+04 -7.462429e+03  7.822216e+03
      vertex  1.156915e+04 -7.512998e+03  7.930759e+03
      vertex  1.144728e+04 -7.507370e+03  7.926995e+03
    endloop
  endfacet
  facet normal -3.166778e-02 -9.302037e-01 -3.656750e-01
    outer loop
      vertex  1.144728e+04 -7.507370e+03  7.926995e+03
      vertex  1.156915e+04 -7.512998e+03  7.930759e+03
      vertex  1.156967e+04 -7.569261e+03  8.073836e+03
    endloop
  endfacet
  facet normal -2.515802e-02 -9.285330e-01 -3.703966e-01
    outer loop
      vertex  1.144728e+04 -7.507370e+03  7.926995e+03
      vertex  1.156967e+04 -7.569261e+03  8.073836e+03
      vertex  1.144774e+04 -7.564109e+03  8.069203e+03
    endloop
  endfacet
  facet normal -2.688387e-02 -9.406139e-01 -3.384120e-01
    outer loop
      vertex  1.144774e+04 -7.564109e+03  8.069203e+03
      vertex  1.156967e+04 -7.569261e+03  8.073836e+03
      vertex  1.157039e+04 -7.621810e+03  8.219838e+03
    endloop
  endfacet
  facet normal -2.037004e-02 -9.390692e-01 -3.431239e-01
    outer loop
      vertex  1.144774e+04 -7.564109e+03  8.069203e+03
      vertex  1.157039e+04 -7.621810e+03  8.219838e+03
      vertex  1.144837e+04 -7.617144e+03  8.214312e+03
    endloop
  endfacet
  facet normal -7.739088e-02 -8.067889e-01 -5.857493e-01
    outer loop
      vertex  1.157055e+04 -6.837555e+03  6.742590e+03
      vertex  1.157013e+04 -6.910669e+03  6.843352e+03
      vertex  1.144838e+04 -6.845476e+03  6.769644e+03
    endloop
  endfacet
  facet normal -9.388341e-02 -8.176057e-01 -5.680729e-01
    outer loop
      vertex  1.144838e+04 -6.845476e+03  6.769644e+03
      vertex  1.157013e+04 -6.910669e+03  6.843352e+03
      vertex  1.156974e+04 -6.981856e+03  6.945873e+03
    endloop
  endfacet
  facet normal -7.010619e-02 -8.116881e-01 -5.798686e-01
    outer loop
      vertex  1.144838e+04 -6.845476e+03  6.769644e+03
      vertex  1.156974e+04 -6.981856e+03  6.945873e+03
      vertex  1.144776e+04 -6.972877e+03  6.948051e+03
    endloop
  endfacet
  facet normal -7.124771e-02 -8.358066e-01 -5.443813e-01
    outer loop
      vertex  1.144776e+04 -6.972877e+03  6.948051e+03
      vertex  1.156974e+04 -6.981856e+03  6.945873e+03
      vertex  1.156917e+04 -7.102353e+03  7.130950e+03
    endloop
  endfacet
  facet normal -6.174261e-02 -8.335004e-01 -5.490580e-01
    outer loop
      vertex  1.144776e+04 -6.972877e+03  6.948051e+03
      vertex  1.156917e+04 -7.102353e+03  7.130950e+03
      vertex  1.144727e+04 -7.094020e+03  7.132008e+03
    endloop
  endfacet
  facet normal -6.303249e-02 -8.571891e-01 -5.111297e-01
    outer loop
      vertex  1.144727e+04 -7.094020e+03  7.132008e+03
      vertex  1.156917e+04 -7.102353e+03  7.130950e+03
      vertex  1.156877e+04 -7.216121e+03  7.321794e+03
    endloop
  endfacet
  facet normal -5.348611e-02 -8.550130e-01 -5.158411e-01
    outer loop
      vertex  1.144727e+04 -7.094020e+03  7.132008e+03
      vertex  1.156877e+04 -7.216121e+03  7.321794e+03
      vertex  1.144692e+04 -7.208444e+03  7.321703e+03
    endloop
  endfacet
  facet normal -5.495933e-02 -8.779129e-01 -4.756557e-01
    outer loop
      vertex  1.144692e+04 -7.208444e+03  7.321703e+03
      vertex  1.156877e+04 -7.216121e+03  7.321794e+03
      vertex  1.156859e+04 -7.322736e+03  7.518592e+03
    endloop
  endfacet
  facet normal -4.536941e-02 -8.758757e-01 -4.803991e-01
    outer loop
      vertex  1.144692e+04 -7.208444e+03  7.321703e+03
      vertex  1.156859e+04 -7.322736e+03  7.518592e+03
      vertex  1.144678e+04 -7.315726e+03  7.517316e+03
    endloop
  endfacet
  facet normal -8.490422e-02 -7.814995e-01 -6.181019e-01
    outer loop
      vertex  1.157152e+04 -6.677196e+03  6.535376e+03
      vertex  1.157103e+04 -6.758343e+03  6.638043e+03
      vertex  1.144906e+04 -6.712309e+03  6.596593e+03
    endloop
  endfacet
  facet normal -9.499861e-02 -7.932458e-01 -6.014452e-01
    outer loop
      vertex  1.144906e+04 -6.712309e+03  6.596593e+03
      vertex  1.157103e+04 -6.758343e+03  6.638043e+03
      vertex  1.157055e+04 -6.837555e+03  6.742590e+03
    endloop
  endfacet
  facet normal -8.342006e-02 -7.895873e-01 -6.079417e-01
    outer loop
      vertex  1.144906e+04 -6.712309e+03  6.596593e+03
      vertex  1.157055e+04 -6.837555e+03  6.742590e+03
      vertex  1.144838e+04 -6.845476e+03  6.769644e+03
    endloop
  endfacet
  facet normal -1.114086e-01 -6.924423e-01 -7.128196e-01
    outer loop
      vertex  1.138358e+04 -5.967750e+03  5.806519e+03
      vertex  1.138280e+04 -6.172998e+03  6.006021e+03
      vertex  1.131402e+04 -6.114961e+03  5.960393e+03
    endloop
  endfacet
  facet normal -1.369978e-01 -7.074587e-01 -6.933496e-01
    outer loop
      vertex  1.131402e+04 -6.114961e+03  5.960393e+03
      vertex  1.138280e+04 -6.172998e+03  6.006021e+03
      vertex  1.138235e+04 -6.278984e+03  6.114253e+03
    endloop
  endfacet
  facet normal -1.015825e-01 -7.027935e-01 -7.041039e-01
    outer loop
      vertex  1.131402e+04 -6.114961e+03  5.960393e+03
      vertex  1.138235e+04 -6.278984e+03  6.114253e+03
      vertex  1.131363e+04 -6.224408e+03  6.069693e+03
    endloop
  endfacet
  facet normal -1.311506e-01 -7.208294e-01 -6.805913e-01
    outer loop
      vertex  1.131363e+04 -6.224408e+03  6.069693e+03
      vertex  1.138235e+04 -6.278984e+03  6.114253e+03
      vertex  1.138189e+04 -6.383210e+03  6.224730e+03
    endloop
  endfacet
  facet normal -9.561565e-02 -7.161122e-01 -6.914050e-01
    outer loop
      vertex  1.131363e+04 -6.224408e+03  6.069693e+03
      vertex  1.138189e+04 -6.383210e+03  6.224730e+03
      vertex  1.131321e+04 -6.332110e+03  6.181302e+03
    endloop
  endfacet
  facet normal -1.762663e-01 -6.139159e-01 -7.694398e-01
    outer loop
      vertex  1.138511e+04 -4.972050e+03  4.958349e+03
      vertex  1.138516e+04 -5.115919e+03  5.073128e+03
      vertex  1.131593e+04 -5.020203e+03  5.012617e+03
    endloop
  endfacet
  facet normal -1.910491e-01 -6.195136e-01 -7.613823e-01
    outer loop
      vertex  1.131593e+04 -5.020203e+03  5.012617e+03
      vertex  1.138516e+04 -5.115919e+03  5.073128e+03
      vertex  1.138504e+04 -5.333192e+03  5.249945e+03
    endloop
  endfacet
  facet normal -1.508215e-01 -6.182240e-01 -7.713961e-01
    outer loop
      vertex  1.131593e+04 -5.020203e+03  5.012617e+03
      vertex  1.138504e+04 -5.333192e+03  5.249945e+03
      vertex  1.131590e+04 -5.248326e+03  5.195449e+03
    endloop
  endfacet
  facet normal -1.797511e-01 -6.310358e-01 -7.546412e-01
    outer loop
      vertex  1.131590e+04 -5.248326e+03  5.195449e+03
      vertex  1.138504e+04 -5.333192e+03  5.249945e+03
      vertex  1.138481e+04 -5.499355e+03  5.388946e+03
    endloop
  endfacet
  facet normal -1.437877e-01 -6.286147e-01 -7.643093e-01
    outer loop
      vertex  1.131590e+04 -5.248326e+03  5.195449e+03
      vertex  1.138481e+04 -5.499355e+03  5.388946e+03
      vertex  1.131573e+04 -5.425387e+03  5.341107e+03
    endloop
  endfacet
  facet normal -1.714675e-01 -6.429365e-01 -7.464795e-01
    outer loop
      vertex  1.131573e+04 -5.425387e+03  5.341107e+03
      vertex  1.138481e+04 -5.499355e+03  5.388946e+03
      vertex  1.138447e+04 -5.665024e+03  5.531714e+03
    endloop
  endfacet
  facet normal -1.356586e-01 -6.402862e-01 -7.560623e-01
    outer loop
      vertex  1.131573e+04 -5.425387e+03  5.341107e+03
      vertex  1.138447e+04 -5.665024e+03  5.531714e+03
      vertex  1.131544e+04 -5.602194e+03  5.490891e+03
    endloop
  endfacet
  facet normal -1.615400e-01 -6.563249e-01 -7.369821e-01
    outer loop
      vertex  1.131544e+04 -5.602194e+03  5.490891e+03
      vertex  1.138447e+04 -5.665024e+03  5.531714e+03
      vertex  1.138406e+04 -5.817181e+03  5.667308e+03
    endloop
  endfacet
  facet normal -1.268074e-01 -6.531079e-01 -7.465721e-01
    outer loop
      vertex  1.131544e+04 -5.602194e+03  5.490891e+03
      vertex  1.138406e+04 -5.817181e+03  5.667308e+03
      vertex  1.131511e+04 -5.753062e+03  5.622928e+03
    endloop
  endfacet
  facet normal -1.563231e-01 -6.702521e-01 -7.254828e-01
    outer loop
      vertex  1.131511e+04 -5.753062e+03  5.622928e+03
      vertex  1.138406e+04 -5.817181e+03  5.667308e+03
      vertex  1.138358e+04 -5.967750e+03  5.806519e+03
    endloop
  endfacet
  facet normal -1.165325e-01 -6.666959e-01 -7.361636e-01
    outer loop
      vertex  1.131511e+04 -5.753062e+03  5.622928e+03
      vertex  1.138358e+04 -5.967750e+03  5.806519e+03
      vertex  1.131471e+04 -5.902579e+03  5.758399e+03
    endloop
  endfacet
  facet normal -1.961454e-01 -6.029072e-01 -7.733240e-01
    outer loop
      vertex  1.131534e+04 -4.574091e+03  4.663756e+03
      vertex  1.138472e+04 -4.688715e+03  4.735523e+03
      vertex  1.131583e+04 -4.869563e+03  4.893991e+03
    endloop
  endfacet
  facet normal -1.815607e-01 -6.080532e-01 -7.728564e-01
    outer loop
      vertex  1.131583e+04 -4.869563e+03  4.893991e+03
      vertex  1.138472e+04 -4.688715e+03  4.735523e+03
      vertex  1.138511e+04 -4.972050e+03  4.958349e+03
    endloop
  endfacet
  facet normal -1.824500e-01 -6.083675e-01 -7.723995e-01
    outer loop
      vertex  1.131583e+04 -4.869563e+03  4.893991e+03
      vertex  1.138511e+04 -4.972050e+03  4.958349e+03
      vertex  1.131593e+04 -5.020203e+03  5.012617e+03
    endloop
  endfacet
  facet normal -2.271165e-01 -6.182509e-01 -7.524519e-01
    outer loop
      vertex  1.138159e+04 -3.949675e+03  4.147662e+03
      vertex  1.138244e+04 -4.088470e+03  4.261447e+03
      vertex  1.131342e+04 -4.052873e+03  4.253030e+03
    endloop
  endfacet
  facet normal -2.219261e-01 -6.101140e-01 -7.605981e-01
    outer loop
      vertex  1.131342e+04 -4.052873e+03  4.253030e+03
      vertex  1.138244e+04 -4.088470e+03  4.261447e+03
      vertex  1.138340e+04 -4.281281e+03  4.415828e+03
    endloop
  endfacet
  facet normal -2.157786e-01 -6.097165e-01 -7.626830e-01
    outer loop
      vertex  1.131342e+04 -4.052873e+03  4.253030e+03
      vertex  1.138340e+04 -4.281281e+03  4.415828e+03
      vertex  1.131434e+04 -4.255110e+03  4.414446e+03
    endloop
  endfacet
  facet normal -2.133202e-01 -6.035243e-01 -7.682791e-01
    outer loop
      vertex  1.131434e+04 -4.255110e+03  4.414446e+03
      vertex  1.138340e+04 -4.281281e+03  4.415828e+03
      vertex  1.138472e+04 -4.688715e+03  4.735523e+03
    endloop
  endfacet
  facet normal -1.992821e-01 -6.038446e-01 -7.717890e-01
    outer loop
      vertex  1.131434e+04 -4.255110e+03  4.414446e+03
      vertex  1.138472e+04 -4.688715e+03  4.735523e+03
      vertex  1.131534e+04 -4.574091e+03  4.663756e+03
    endloop
  endfacet
  facet normal -2.029396e-02 -9.275154e-01 -3.732335e-01
    outer loop
      vertex  1.137876e+04 -7.503896e+03  7.924186e+03
      vertex  1.137918e+04 -7.561022e+03  8.066125e+03
      vertex  1.131052e+04 -7.540766e+03  8.019521e+03
    endloop
  endfacet
  facet normal -4.201147e-02 -9.374568e-01 -3.455574e-01
    outer loop
      vertex  1.131052e+04 -7.540766e+03  8.019521e+03
      vertex  1.137918e+04 -7.561022e+03  8.066125e+03
      vertex  1.137976e+04 -7.614437e+03  8.210963e+03
    endloop
  endfacet
  facet normal -1.299280e-02 -9.347691e-01 -3.550183e-01
    outer loop
      vertex  1.131052e+04 -7.540766e+03  8.019521e+03
      vertex  1.137976e+04 -7.614437e+03  8.210963e+03
      vertex  1.131107e+04 -7.603763e+03  8.185374e+03
    endloop
  endfacet
  facet normal -5.032556e-02 -8.856667e-01 -4.615863e-01
    outer loop
      vertex  1.130987e+04 -7.296028e+03  7.493928e+03
      vertex  1.137830e+04 -7.311053e+03  7.515295e+03
      vertex  1.130987e+04 -7.349106e+03  7.595771e+03
    endloop
  endfacet
  facet normal -2.700514e-02 -8.946288e-01 -4.459932e-01
    outer loop
      vertex  1.130987e+04 -7.349106e+03  7.595771e+03
      vertex  1.137830e+04 -7.311053e+03  7.515295e+03
      vertex  1.137840e+04 -7.411416e+03  7.716610e+03
    endloop
  endfacet
  facet normal -3.503410e-02 -8.962058e-01 -4.422532e-01
    outer loop
      vertex  1.130987e+04 -7.349106e+03  7.595771e+03
      vertex  1.137840e+04 -7.411416e+03  7.716610e+03
      vertex  1.130993e+04 -7.400163e+03  7.699229e+03
    endloop
  endfacet
  facet normal -4.352792e-02 -9.080962e-01 -4.164933e-01
    outer loop
      vertex  1.130993e+04 -7.400163e+03  7.699229e+03
      vertex  1.137840e+04 -7.411416e+03  7.716610e+03
      vertex  1.137854e+04 -7.458661e+03  7.819605e+03
    endloop
  endfacet
  facet normal -4.253604e-02 -9.079225e-01 -4.169743e-01
    outer loop
      vertex  1.130993e+04 -7.400163e+03  7.699229e+03
      vertex  1.137854e+04 -7.458661e+03  7.819605e+03
      vertex  1.131015e+04 -7.472858e+03  7.857496e+03
    endloop
  endfacet
  facet normal -2.936604e-02 -9.174483e-01 -3.967696e-01
    outer loop
      vertex  1.131015e+04 -7.472858e+03  7.857496e+03
      vertex  1.137854e+04 -7.458661e+03  7.819605e+03
      vertex  1.137876e+04 -7.503896e+03  7.924186e+03
    endloop
  endfacet
  facet normal -4.154815e-02 -9.215100e-01 -3.861256e-01
    outer loop
      vertex  1.131015e+04 -7.472858e+03  7.857496e+03
      vertex  1.137876e+04 -7.503896e+03  7.924186e+03
      vertex  1.131052e+04 -7.540766e+03  8.019521e+03
    endloop
  endfacet
  facet normal -1.047583e-01 -7.148259e-01 -6.914114e-01
    outer loop
      vertex  1.108359e+04 -6.337090e+03  6.224576e+03
      vertex  1.117581e+04 -6.193142e+03  6.061780e+03
      vertex  1.117527e+04 -6.388637e+03  6.263978e+03
    endloop
  endfacet
  facet normal -1.254087e-01 -7.130781e-01 -6.897771e-01
    outer loop
      vertex  1.117527e+04 -6.388637e+03  6.263978e+03
      vertex  1.117581e+04 -6.193142e+03  6.061780e+03
      vertex  1.124470e+04 -6.216495e+03  6.073397e+03
    endloop
  endfacet
  facet normal -1.332018e-01 -7.108561e-01 -6.906091e-01
    outer loop
      vertex  1.117527e+04 -6.388637e+03  6.263978e+03
      vertex  1.124470e+04 -6.216495e+03  6.073397e+03
      vertex  1.124434e+04 -6.325106e+03  6.185262e+03
    endloop
  endfacet
  facet normal -1.675679e-01 -6.143792e-01 -7.710119e-01
    outer loop
      vertex  1.124669e+04 -5.008029e+03  5.018917e+03
      vertex  1.124666e+04 -5.236830e+03  5.201242e+03
      vertex  1.117742e+04 -5.088955e+03  5.098455e+03
    endloop
  endfacet
  facet normal -1.986762e-01 -6.203930e-01 -7.587095e-01
    outer loop
      vertex  1.117742e+04 -5.088955e+03  5.098455e+03
      vertex  1.124666e+04 -5.236830e+03  5.201242e+03
      vertex  1.124651e+04 -5.416096e+03  5.347866e+03
    endloop
  endfacet
  facet normal -1.512138e-01 -6.193153e-01 -7.704434e-01
    outer loop
      vertex  1.117742e+04 -5.088955e+03  5.098455e+03
      vertex  1.124651e+04 -5.416096e+03  5.347866e+03
      vertex  1.117730e+04 -5.368587e+03  5.323259e+03
    endloop
  endfacet
  facet normal -1.678279e-01 -6.350232e-01 -7.540420e-01
    outer loop
      vertex  1.117730e+04 -5.368587e+03  5.323259e+03
      vertex  1.124651e+04 -5.416096e+03  5.347866e+03
      vertex  1.124626e+04 -5.595100e+03  5.498671e+03
    endloop
  endfacet
  facet normal -1.411214e-01 -6.326477e-01 -7.614734e-01
    outer loop
      vertex  1.117730e+04 -5.368587e+03  5.323259e+03
      vertex  1.124626e+04 -5.595100e+03  5.498671e+03
      vertex  1.117713e+04 -5.532853e+03  5.459767e+03
    endloop
  endfacet
  facet normal -1.641168e-01 -6.474220e-01 -7.442517e-01
    outer loop
      vertex  1.117713e+04 -5.532853e+03  5.459767e+03
      vertex  1.124626e+04 -5.595100e+03  5.498671e+03
      vertex  1.124598e+04 -5.744745e+03  5.628910e+03
    endloop
  endfacet
  facet normal -1.355755e-01 -6.446329e-01 -7.523746e-01
    outer loop
      vertex  1.117713e+04 -5.532853e+03  5.459767e+03
      vertex  1.124598e+04 -5.744745e+03  5.628910e+03
      vertex  1.117690e+04 -5.696386e+03  5.599924e+03
    endloop
  endfacet
  facet normal -1.546070e-01 -6.609854e-01 -7.342990e-01
    outer loop
      vertex  1.117690e+04 -5.696386e+03  5.599924e+03
      vertex  1.124598e+04 -5.744745e+03  5.628910e+03
      vertex  1.124563e+04 -5.893067e+03  5.762495e+03
    endloop
  endfacet
  facet normal -1.275768e-01 -6.580076e-01 -7.421253e-01
    outer loop
      vertex  1.117690e+04 -5.696386e+03  5.599924e+03
      vertex  1.124563e+04 -5.893067e+03  5.762495e+03
      vertex  1.117662e+04 -5.845052e+03  5.731786e+03
    endloop
  endfacet
  facet normal -1.754208e-01 -6.045913e-01 -7.769794e-01
    outer loop
      vertex  1.099253e+04 -4.951908e+03  5.033080e+03
      vertex  1.108498e+04 -4.895932e+03  4.968650e+03
      vertex  1.108501e+04 -5.050155e+03  5.088649e+03
    endloop
  endfacet
  facet normal -1.800451e-01 -6.040789e-01 -7.763198e-01
    outer loop
      vertex  1.108501e+04 -5.050155e+03  5.088649e+03
      vertex  1.108498e+04 -4.895932e+03  4.968650e+03
      vertex  1.117738e+04 -4.904043e+03  4.953532e+03
    endloop
  endfacet
  facet normal -1.728401e-01 -6.076036e-01 -7.752059e-01
    outer loop
      vertex  1.108501e+04 -5.050155e+03  5.088649e+03
      vertex  1.117738e+04 -4.904043e+03  4.953532e+03
      vertex  1.117742e+04 -5.088955e+03  5.098455e+03
    endloop
  endfacet
  facet normal -1.791443e-01 -6.069093e-01 -7.743180e-01
    outer loop
      vertex  1.117742e+04 -5.088955e+03  5.098455e+03
      vertex  1.117738e+04 -4.904043e+03  4.953532e+03
      vertex  1.124660e+04 -4.856943e+03  4.900600e+03
    endloop
  endfacet
  facet normal -1.805989e-01 -6.064767e-01 -7.743192e-01
    outer loop
      vertex  1.117742e+04 -5.088955e+03  5.098455e+03
      vertex  1.124660e+04 -4.856943e+03  4.900600e+03
      vertex  1.124669e+04 -5.008029e+03  5.018917e+03
    endloop
  endfacet
  facet normal -1.788997e-01 -5.997559e-01 -7.799280e-01
    outer loop
      vertex  1.108476e+04 -4.592772e+03  4.735751e+03
      vertex  1.099253e+04 -4.951908e+03  5.033080e+03
      vertex  1.099249e+04 -4.790466e+03  4.908940e+03
    endloop
  endfacet
  facet normal -1.806719e-01 -5.992711e-01 -7.798922e-01
    outer loop
      vertex  1.099253e+04 -4.951908e+03  5.033080e+03
      vertex  1.108476e+04 -4.592772e+03  4.735751e+03
      vertex  1.108498e+04 -4.895932e+03  4.968650e+03
    endloop
  endfacet
  facet normal -1.920167e-01 -5.979651e-01 -7.781820e-01
    outer loop
      vertex  1.108498e+04 -4.895932e+03  4.968650e+03
      vertex  1.108476e+04 -4.592772e+03  4.735751e+03
      vertex  1.117698e+04 -4.542097e+03  4.674058e+03
    endloop
  endfacet
  facet normal -1.801502e-01 -6.012839e-01 -7.784623e-01
    outer loop
      vertex  1.108498e+04 -4.895932e+03  4.968650e+03
      vertex  1.117698e+04 -4.542097e+03  4.674058e+03
      vertex  1.117738e+04 -4.904043e+03  4.953532e+03
    endloop
  endfacet
  facet normal -1.955900e-01 -5.994897e-01 -7.761164e-01
    outer loop
      vertex  1.117738e+04 -4.904043e+03  4.953532e+03
      vertex  1.117698e+04 -4.542097e+03  4.674058e+03
      vertex  1.124618e+04 -4.560591e+03  4.670904e+03
    endloop
  endfacet
  facet normal -1.841346e-01 -6.022998e-01 -7.767428e-01
    outer loop
      vertex  1.117738e+04 -4.904043e+03  4.953532e+03
      vertex  1.124618e+04 -4.560591e+03  4.670904e+03
      vertex  1.124660e+04 -4.856943e+03  4.900600e+03
    endloop
  endfacet
  facet normal -2.206884e-01 -6.158291e-01 -7.563407e-01
    outer loop
      vertex  1.124189e+04 -3.930000e+03  4.173875e+03
      vertex  1.124451e+04 -4.037780e+03  4.260866e+03
      vertex  1.117537e+04 -3.963343e+03  4.220432e+03
    endloop
  endfacet
  facet normal -2.080382e-01 -6.090005e-01 -7.654009e-01
    outer loop
      vertex  1.117537e+04 -3.963343e+03  4.220432e+03
      vertex  1.124451e+04 -4.037780e+03  4.260866e+03
      vertex  1.124531e+04 -4.240644e+03  4.422062e+03
    endloop
  endfacet
  facet normal -2.191819e-01 -6.093448e-01 -7.620094e-01
    outer loop
      vertex  1.117537e+04 -3.963343e+03  4.220432e+03
      vertex  1.124531e+04 -4.240644e+03  4.422062e+03
      vertex  1.117605e+04 -4.154967e+03  4.373471e+03
    endloop
  endfacet
  facet normal -2.020390e-01 -6.016141e-01 -7.728135e-01
    outer loop
      vertex  1.117605e+04 -4.154967e+03  4.373471e+03
      vertex  1.124531e+04 -4.240644e+03  4.422062e+03
      vertex  1.124618e+04 -4.560591e+03  4.670904e+03
    endloop
  endfacet
  facet normal -1.960907e-01 -6.016739e-01 -7.742977e-01
    outer loop
      vertex  1.117605e+04 -4.154967e+03  4.373471e+03
      vertex  1.124618e+04 -4.560591e+03  4.670904e+03
      vertex  1.117698e+04 -4.542097e+03  4.674058e+03
    endloop
  endfacet
  facet normal -4.952541e-02 -9.095953e-01 -4.125331e-01
    outer loop
      vertex  1.117316e+04 -7.406894e+03  7.725773e+03
      vertex  1.124170e+04 -7.469374e+03  7.855305e+03
      vertex  1.117340e+04 -7.498183e+03  7.927027e+03
    endloop
  endfacet
  facet normal -2.030656e-02 -9.209078e-01 -3.892513e-01
    outer loop
      vertex  1.117340e+04 -7.498183e+03  7.927027e+03
      vertex  1.124170e+04 -7.469374e+03  7.855305e+03
      vertex  1.124203e+04 -7.537669e+03  8.016866e+03
    endloop
  endfacet
  facet normal -2.952740e-02 -9.231890e-01 -3.832104e-01
    outer loop
      vertex  1.117340e+04 -7.498183e+03  7.927027e+03
      vertex  1.124203e+04 -7.537669e+03  8.016866e+03
      vertex  1.117360e+04 -7.541406e+03  8.031140e+03
    endloop
  endfacet
  facet normal -2.364882e-02 -9.335243e-01 -3.577332e-01
    outer loop
      vertex  1.117360e+04 -7.541406e+03  8.031140e+03
      vertex  1.124203e+04 -7.537669e+03  8.016866e+03
      vertex  1.124251e+04 -7.601055e+03  8.182241e+03
    endloop
  endfacet
  facet normal -1.022963e-02 -9.316836e-01 -3.631265e-01
    outer loop
      vertex  1.117360e+04 -7.541406e+03  8.031140e+03
      vertex  1.124251e+04 -7.601055e+03  8.182241e+03
      vertex  1.117385e+04 -7.582599e+03  8.136822e+03
    endloop
  endfacet
  facet normal -3.596457e-02 -8.917264e-01 -4.511437e-01
    outer loop
      vertex  1.108203e+04 -7.394616e+03  7.708770e+03
      vertex  1.117308e+04 -7.308072e+03  7.530448e+03
      vertex  1.117316e+04 -7.406894e+03  7.725773e+03
    endloop
  endfacet
  facet normal -5.968937e-02 -8.907164e-01 -4.506235e-01
    outer loop
      vertex  1.117316e+04 -7.406894e+03  7.725773e+03
      vertex  1.117308e+04 -7.308072e+03  7.530448e+03
      vertex  1.124146e+04 -7.344973e+03  7.594331e+03
    endloop
  endfacet
  facet normal -4.529016e-02 -8.944374e-01 -4.448937e-01
    outer loop
      vertex  1.117316e+04 -7.406894e+03  7.725773e+03
      vertex  1.124146e+04 -7.344973e+03  7.594331e+03
      vertex  1.124152e+04 -7.396289e+03  7.697492e+03
    endloop
  endfacet
  facet normal -1.419116e-01 -6.800467e-01 -7.193035e-01
    outer loop
      vertex  1.108397e+04 -6.134484e+03  6.019986e+03
      vertex  1.108432e+04 -5.926325e+03  5.823120e+03
      vertex  1.117631e+04 -5.992028e+03  5.867088e+03
    endloop
  endfacet
  facet normal -1.218878e-01 -6.642144e-01 -7.375381e-01
    outer loop
      vertex  1.117631e+04 -5.992028e+03  5.867088e+03
      vertex  1.108432e+04 -5.926325e+03  5.823120e+03
      vertex  1.108453e+04 -5.780663e+03  5.691904e+03
    endloop
  endfacet
  facet normal -1.529070e-01 -6.691428e-01 -7.272326e-01
    outer loop
      vertex  1.117631e+04 -5.992028e+03  5.867088e+03
      vertex  1.108453e+04 -5.780663e+03  5.691904e+03
      vertex  1.117662e+04 -5.845052e+03  5.731786e+03
    endloop
  endfacet
  facet normal -1.309205e-01 -6.505926e-01 -7.480569e-01
    outer loop
      vertex  1.117662e+04 -5.845052e+03  5.731786e+03
      vertex  1.108453e+04 -5.780663e+03  5.691904e+03
      vertex  1.108470e+04 -5.633547e+03  5.563926e+03
    endloop
  endfacet
  facet normal -1.579857e-01 -6.550654e-01 -7.388707e-01
    outer loop
      vertex  1.117662e+04 -5.845052e+03  5.731786e+03
      vertex  1.108470e+04 -5.633547e+03  5.563926e+03
      vertex  1.117690e+04 -5.696386e+03  5.599924e+03
    endloop
  endfacet
  facet normal -1.386379e-01 -6.375435e-01 -7.578377e-01
    outer loop
      vertex  1.117690e+04 -5.696386e+03  5.599924e+03
      vertex  1.108470e+04 -5.633547e+03  5.563926e+03
      vertex  1.108486e+04 -5.458678e+03  5.416785e+03
    endloop
  endfacet
  facet normal -1.668919e-01 -6.414884e-01 -7.487587e-01
    outer loop
      vertex  1.117690e+04 -5.696386e+03  5.599924e+03
      vertex  1.108486e+04 -5.458678e+03  5.416785e+03
      vertex  1.117713e+04 -5.532853e+03  5.459767e+03
    endloop
  endfacet
  facet normal -1.457452e-01 -6.254706e-01 -7.665148e-01
    outer loop
      vertex  1.117713e+04 -5.532853e+03  5.459767e+03
      vertex  1.108486e+04 -5.458678e+03  5.416785e+03
      vertex  1.108496e+04 -5.283268e+03  5.273632e+03
    endloop
  endfacet
  facet normal -1.743294e-01 -6.292368e-01 -7.574103e-01
    outer loop
      vertex  1.117713e+04 -5.532853e+03  5.459767e+03
      vertex  1.108496e+04 -5.283268e+03  5.273632e+03
      vertex  1.117730e+04 -5.368587e+03  5.323259e+03
    endloop
  endfacet
  facet normal -1.515468e-01 -6.144037e-01 -7.743008e-01
    outer loop
      vertex  1.117730e+04 -5.368587e+03  5.323259e+03
      vertex  1.108496e+04 -5.283268e+03  5.273632e+03
      vertex  1.108501e+04 -5.050155e+03  5.088649e+03
    endloop
  endfacet
  facet normal -1.774699e-01 -6.165673e-01 -7.670392e-01
    outer loop
      vertex  1.117730e+04 -5.368587e+03  5.323259e+03
      vertex  1.108501e+04 -5.050155e+03  5.088649e+03
      vertex  1.117742e+04 -5.088955e+03  5.098455e+03
    endloop
  endfacet
  facet normal -2.566166e-02 -9.390597e-01 -3.427948e-01
    outer loop
      vertex  1.124251e+04 -7.601055e+03  8.182241e+03
      vertex  1.117415e+04 -7.620849e+03  8.241584e+03
      vertex  1.117385e+04 -7.582599e+03  8.136822e+03
    endloop
  endfacet
  facet normal -1.741089e-02 -9.392191e-01 -3.428767e-01
    outer loop
      vertex  1.117385e+04 -7.582599e+03  8.136822e+03
      vertex  1.117415e+04 -7.620849e+03  8.241584e+03
      vertex  1.108264e+04 -7.602907e+03  8.197082e+03
    endloop
  endfacet
  facet normal -2.885074e-02 -9.332120e-01 -3.581663e-01
    outer loop
      vertex  1.117385e+04 -7.582599e+03  8.136822e+03
      vertex  1.108264e+04 -7.602907e+03  8.197082e+03
      vertex  1.108238e+04 -7.547990e+03  8.054017e+03
    endloop
  endfacet
  facet normal -2.593222e-02 -9.332849e-01 -3.581996e-01
    outer loop
      vertex  1.108238e+04 -7.547990e+03  8.054017e+03
      vertex  1.108264e+04 -7.602907e+03  8.197082e+03
      vertex  1.099134e+04 -7.613230e+03  8.230589e+03
    endloop
  endfacet
  facet normal -1.096051e-02 -9.361141e-01 -3.515257e-01
    outer loop
      vertex  1.108238e+04 -7.547990e+03  8.054017e+03
      vertex  1.099134e+04 -7.613230e+03  8.230589e+03
      vertex  1.099123e+04 -7.573404e+03  8.124535e+03
    endloop
  endfacet
  facet normal -3.168787e-02 -9.193435e-01 -3.921777e-01
    outer loop
      vertex  1.099107e+04 -7.487061e+03  7.915784e+03
      vertex  1.108219e+04 -7.489359e+03  7.913810e+03
      vertex  1.099114e+04 -7.531254e+03  8.019376e+03
    endloop
  endfacet
  facet normal -2.276157e-02 -9.223545e-01 -3.856734e-01
    outer loop
      vertex  1.099114e+04 -7.531254e+03  8.019376e+03
      vertex  1.108219e+04 -7.489359e+03  7.913810e+03
      vertex  1.108238e+04 -7.547990e+03  8.054017e+03
    endloop
  endfacet
  facet normal -3.333260e-02 -9.220859e-01 -3.855468e-01
    outer loop
      vertex  1.108219e+04 -7.489359e+03  7.913810e+03
      vertex  1.117340e+04 -7.498183e+03  7.927027e+03
      vertex  1.108238e+04 -7.547990e+03  8.054017e+03
    endloop
  endfacet
  facet normal -2.946929e-02 -9.231906e-01 -3.832111e-01
    outer loop
      vertex  1.108238e+04 -7.547990e+03  8.054017e+03
      vertex  1.117340e+04 -7.498183e+03  7.927027e+03
      vertex  1.117360e+04 -7.541406e+03  8.031140e+03
    endloop
  endfacet
  facet normal -2.890114e-02 -9.060703e-01 -4.221390e-01
    outer loop
      vertex  1.090000e+04 -7.414186e+03  7.765601e+03
      vertex  1.099098e+04 -7.392988e+03  7.713875e+03
      vertex  1.099107e+04 -7.487061e+03  7.915784e+03
    endloop
  endfacet
  facet normal -4.953399e-02 -9.053397e-01 -4.217897e-01
    outer loop
      vertex  1.099107e+04 -7.487061e+03  7.915784e+03
      vertex  1.099098e+04 -7.392988e+03  7.713875e+03
      vertex  1.108209e+04 -7.442993e+03  7.810506e+03
    endloop
  endfacet
  facet normal -3.186904e-02 -9.118665e-01 -4.092479e-01
    outer loop
      vertex  1.099107e+04 -7.487061e+03  7.915784e+03
      vertex  1.108209e+04 -7.442993e+03  7.810506e+03
      vertex  1.108219e+04 -7.489359e+03  7.913810e+03
    endloop
  endfacet
  facet normal -1.933755e-02 -9.121548e-01 -4.093893e-01
    outer loop
      vertex  1.108219e+04 -7.489359e+03  7.913810e+03
      vertex  1.108209e+04 -7.442993e+03  7.810506e+03
      vertex  1.117316e+04 -7.406894e+03  7.725773e+03
    endloop
  endfacet
  facet normal -2.823278e-02 -9.103401e-01 -4.128966e-01
    outer loop
      vertex  1.108219e+04 -7.489359e+03  7.913810e+03
      vertex  1.117316e+04 -7.406894e+03  7.725773e+03
      vertex  1.117340e+04 -7.498183e+03  7.927027e+03
    endloop
  endfacet
  facet normal -1.283786e-01 -6.997527e-01 -7.027553e-01
    outer loop
      vertex  1.099183e+04 -6.297151e+03  6.198791e+03
      vertex  1.099200e+04 -6.120858e+03  6.023220e+03
      vertex  1.108397e+04 -6.134484e+03  6.019986e+03
    endloop
  endfacet
  facet normal -1.261288e-01 -6.799155e-01 -7.223616e-01
    outer loop
      vertex  1.108397e+04 -6.134484e+03  6.019986e+03
      vertex  1.099200e+04 -6.120858e+03  6.023220e+03
      vertex  1.099216e+04 -5.940444e+03  5.853379e+03
    endloop
  endfacet
  facet normal -1.321686e-01 -6.809816e-01 -7.202748e-01
    outer loop
      vertex  1.108397e+04 -6.134484e+03  6.019986e+03
      vertex  1.099216e+04 -5.940444e+03  5.853379e+03
      vertex  1.108432e+04 -5.926325e+03  5.823120e+03
    endloop
  endfacet
  facet normal -1.409238e-01 -6.605723e-01 -7.374176e-01
    outer loop
      vertex  1.108432e+04 -5.926325e+03  5.823120e+03
      vertex  1.099216e+04 -5.940444e+03  5.853379e+03
      vertex  1.099229e+04 -5.758589e+03  5.690450e+03
    endloop
  endfacet
  facet normal -1.468244e-01 -6.619318e-01 -7.350434e-01
    outer loop
      vertex  1.108432e+04 -5.926325e+03  5.823120e+03
      vertex  1.099229e+04 -5.758589e+03  5.690450e+03
      vertex  1.108453e+04 -5.780663e+03  5.691904e+03
    endloop
  endfacet
  facet normal -1.424335e-01 -6.446424e-01 -7.510985e-01
    outer loop
      vertex  1.108453e+04 -5.780663e+03  5.691904e+03
      vertex  1.099229e+04 -5.758589e+03  5.690450e+03
      vertex  1.099240e+04 -5.574549e+03  5.532474e+03
    endloop
  endfacet
  facet normal -1.602342e-01 -6.477416e-01 -7.448193e-01
    outer loop
      vertex  1.108453e+04 -5.780663e+03  5.691904e+03
      vertex  1.099240e+04 -5.574549e+03  5.532474e+03
      vertex  1.108470e+04 -5.633547e+03  5.563926e+03
    endloop
  endfacet
  facet normal -1.434302e-01 -6.308822e-01 -7.625061e-01
    outer loop
      vertex  1.108470e+04 -5.633547e+03  5.563926e+03
      vertex  1.099240e+04 -5.574549e+03  5.532474e+03
      vertex  1.099248e+04 -5.385747e+03  5.376248e+03
    endloop
  endfacet
  facet normal -1.699134e-01 -6.343822e-01 -7.541144e-01
    outer loop
      vertex  1.108470e+04 -5.633547e+03  5.563926e+03
      vertex  1.099248e+04 -5.385747e+03  5.376248e+03
      vertex  1.108486e+04 -5.458678e+03  5.416785e+03
    endloop
  endfacet
  facet normal -1.502524e-01 -6.188620e-01 -7.709956e-01
    outer loop
      vertex  1.108486e+04 -5.458678e+03  5.416785e+03
      vertex  1.099248e+04 -5.385747e+03  5.376248e+03
      vertex  1.099253e+04 -5.196651e+03  5.224456e+03
    endloop
  endfacet
  facet normal -1.773550e-01 -6.221872e-01 -7.625145e-01
    outer loop
      vertex  1.108486e+04 -5.458678e+03  5.416785e+03
      vertex  1.099253e+04 -5.196651e+03  5.224456e+03
      vertex  1.108496e+04 -5.283268e+03  5.273632e+03
    endloop
  endfacet
  facet normal -1.561722e-01 -6.084254e-01 -7.780931e-01
    outer loop
      vertex  1.108496e+04 -5.283268e+03  5.273632e+03
      vertex  1.099253e+04 -5.196651e+03  5.224456e+03
      vertex  1.099253e+04 -4.951908e+03  5.033080e+03
    endloop
  endfacet
  facet normal -1.863178e-01 -6.106944e-01 -7.696350e-01
    outer loop
      vertex  1.108496e+04 -5.283268e+03  5.273632e+03
      vertex  1.099253e+04 -4.951908e+03  5.033080e+03
      vertex  1.108501e+04 -5.050155e+03  5.088649e+03
    endloop
  endfacet
  facet normal -4.818232e-02 -8.875970e-01 -4.580941e-01
    outer loop
      vertex  1.108203e+04 -7.394616e+03  7.708770e+03
      vertex  1.099095e+04 -7.291210e+03  7.517991e+03
      vertex  1.108198e+04 -7.291987e+03  7.509922e+03
    endloop
  endfacet
  facet normal -5.148720e-02 -8.659579e-01 -4.974597e-01
    outer loop
      vertex  1.108198e+04 -7.291987e+03  7.509922e+03
      vertex  1.099095e+04 -7.291210e+03  7.517991e+03
      vertex  1.099098e+04 -7.182060e+03  7.327984e+03
    endloop
  endfacet
  facet normal -5.683555e-02 -8.668480e-01 -4.953223e-01
    outer loop
      vertex  1.108198e+04 -7.291987e+03  7.509922e+03
      vertex  1.099098e+04 -7.182060e+03  7.327984e+03
      vertex  1.108204e+04 -7.181816e+03  7.317109e+03
    endloop
  endfacet
  facet normal -6.130046e-02 -8.443933e-01 -5.322052e-01
    outer loop
      vertex  1.108204e+04 -7.181816e+03  7.317109e+03
      vertex  1.099098e+04 -7.182060e+03  7.327984e+03
      vertex  1.099105e+04 -7.065910e+03  7.143693e+03
    endloop
  endfacet
  facet normal -6.561557e-02 -8.451676e-01 -5.304586e-01
    outer loop
      vertex  1.108204e+04 -7.181816e+03  7.317109e+03
      vertex  1.099105e+04 -7.065910e+03  7.143693e+03
      vertex  1.108217e+04 -7.064492e+03  7.130162e+03
    endloop
  endfacet
  facet normal -7.105175e-02 -8.222542e-01 -5.646678e-01
    outer loop
      vertex  1.108217e+04 -7.064492e+03  7.130162e+03
      vertex  1.099105e+04 -7.065910e+03  7.143693e+03
      vertex  1.099115e+04 -6.943171e+03  6.964952e+03
    endloop
  endfacet
  facet normal -7.445125e-02 -8.229083e-01 -5.632752e-01
    outer loop
      vertex  1.108217e+04 -7.064492e+03  7.130162e+03
      vertex  1.099115e+04 -6.943171e+03  6.964952e+03
      vertex  1.108237e+04 -6.940442e+03  6.948906e+03
    endloop
  endfacet
  facet normal -7.946719e-02 -8.044680e-01 -5.886562e-01
    outer loop
      vertex  1.108237e+04 -6.940442e+03  6.948906e+03
      vertex  1.099115e+04 -6.943171e+03  6.964952e+03
      vertex  1.099122e+04 -6.868707e+03  6.863178e+03
    endloop
  endfacet
  facet normal -7.170920e-02 -8.011605e-01 -5.941377e-01
    outer loop
      vertex  1.108237e+04 -6.940442e+03  6.948906e+03
      vertex  1.099122e+04 -6.868707e+03  6.863178e+03
      vertex  1.108262e+04 -6.810128e+03  6.773156e+03
    endloop
  endfacet
  facet normal -8.534598e-01 -5.209388e-01 -1.513109e-02
    outer loop
      vertex  1.859973e+04 -7.924056e+03  8.517210e+03
      vertex  1.860000e+04 -7.928138e+03  8.642672e+03
      vertex  1.859979e+04 -7.930626e+03  8.740000e+03
    endloop
  endfacet
  facet normal  2.598722e-03 -9.996703e-01 -2.554693e-02
    outer loop
      vertex  1.860000e+04 -7.928138e+03  8.642672e+03
      vertex  1.860000e+04 -7.930625e+03  8.740002e+03
      vertex  1.859979e+04 -7.930626e+03  8.740000e+03
    endloop
  endfacet
  facet normal -3.469096e-01 -7.459780e-01 -5.684810e-01
    outer loop
      vertex  1.859768e+04 -6.082492e+03  2.923073e+03
      vertex  1.859751e+04 -5.926470e+03  2.718439e+03
      vertex  1.860000e+04 -6.019050e+03  2.838404e+03
    endloop
  endfacet
  facet normal -3.914532e-01 -7.414958e-01 -5.449296e-01
    outer loop
      vertex  1.860000e+04 -6.147269e+03  3.009547e+03
      vertex  1.859783e+04 -6.234146e+03  3.129319e+03
      vertex  1.859768e+04 -6.082492e+03  2.923073e+03
    endloop
  endfacet
  facet normal  2.955073e-03 -8.003059e-01 -5.995846e-01
    outer loop
      vertex  1.859768e+04 -6.082492e+03  2.923073e+03
      vertex  1.860000e+04 -6.019050e+03  2.838404e+03
      vertex  1.860000e+04 -6.147269e+03  3.009547e+03
    endloop
  endfacet
  facet normal  7.683051e-02 -8.077436e-01 -5.845061e-01
    outer loop
      vertex  1.860000e+04 -6.283274e+03  3.197496e+03
      vertex  1.859783e+04 -6.234146e+03  3.129319e+03
      vertex  1.860000e+04 -6.147269e+03  3.009547e+03
    endloop
  endfacet
  facet normal  1.460518e-01 -8.128872e-01 -5.638114e-01
    outer loop
      vertex  1.860000e+04 -6.283274e+03  3.197496e+03
      vertex  1.860000e+04 -6.415163e+03  3.387649e+03
      vertex  1.859794e+04 -6.344492e+03  3.285224e+03
    endloop
  endfacet
  facet normal -3.189645e-01 -7.737069e-01 -5.473931e-01
    outer loop
      vertex  1.859783e+04 -6.234146e+03  3.129319e+03
      vertex  1.860000e+04 -6.283274e+03  3.197496e+03
      vertex  1.859794e+04 -6.344492e+03  3.285224e+03
    endloop
  endfacet
  facet normal -2.755870e-01 -8.043809e-01 -5.263299e-01
    outer loop
      vertex  1.860000e+04 -6.536549e+03  3.571096e+03
      vertex  1.859813e+04 -6.555139e+03  3.600483e+03
      vertex  1.859804e+04 -6.451578e+03  3.442262e+03
    endloop
  endfacet
  facet normal  1.172173e-01 -8.282086e-01 -5.480241e-01
    outer loop
      vertex  1.859804e+04 -6.451578e+03  3.442262e+03
      vertex  1.860000e+04 -6.415163e+03  3.387649e+03
      vertex  1.860000e+04 -6.536549e+03  3.571096e+03
    endloop
  endfacet
  facet normal -3.237089e-01 -7.818029e-01 -5.329135e-01
    outer loop
      vertex  1.859794e+04 -6.344492e+03  3.285224e+03
      vertex  1.860000e+04 -6.415163e+03  3.387649e+03
      vertex  1.859804e+04 -6.451578e+03  3.442262e+03
    endloop
  endfacet
  facet normal -8.442127e-01 -5.318553e-01 -6.659367e-02
    outer loop
      vertex  1.860000e+04 -7.825517e+03  7.256322e+03
      vertex  1.859943e+04 -7.841575e+03  7.391826e+03
      vertex  1.859935e+04 -7.803231e+03  7.086630e+03
    endloop
  endfacet
  facet normal  6.282952e-01 -7.728748e-01 -8.893730e-02
    outer loop
      vertex  1.860000e+04 -7.851430e+03  7.481509e+03
      vertex  1.859943e+04 -7.841575e+03  7.391826e+03
      vertex  1.860000e+04 -7.825517e+03  7.256322e+03
    endloop
  endfacet
  facet normal  6.419210e-01 -7.631249e-01 -7.468395e-02
    outer loop
      vertex  1.860000e+04 -7.851430e+03  7.481509e+03
      vertex  1.860000e+04 -7.873423e+03  7.706242e+03
      vertex  1.859949e+04 -7.865337e+03  7.619216e+03
    endloop
  endfacet
  facet normal -6.589922e-01 -7.480944e-01 -7.800020e-02
    outer loop
      vertex  1.859943e+04 -7.841575e+03  7.391826e+03
      vertex  1.860000e+04 -7.851430e+03  7.481509e+03
      vertex  1.859949e+04 -7.865337e+03  7.619216e+03
    endloop
  endfacet
  facet normal  6.641840e-01 -7.450801e-01 -6.095312e-02
    outer loop
      vertex  1.860000e+04 -7.873423e+03  7.706242e+03
      vertex  1.860000e+04 -7.891768e+03  7.930484e+03
      vertex  1.859955e+04 -7.885203e+03  7.845313e+03
    endloop
  endfacet
  facet normal -6.679361e-01 -7.413780e-01 -6.496117e-02
    outer loop
      vertex  1.859949e+04 -7.865337e+03  7.619216e+03
      vertex  1.860000e+04 -7.873423e+03  7.706242e+03
      vertex  1.859955e+04 -7.885203e+03  7.845313e+03
    endloop
  endfacet
  facet normal  6.995671e-01 -7.129835e-01 -4.754530e-02
    outer loop
      vertex  1.860000e+04 -7.891768e+03  7.930484e+03
      vertex  1.860000e+04 -7.906690e+03  8.154258e+03
      vertex  1.859961e+04 -7.901467e+03  8.070207e+03
    endloop
  endfacet
  facet normal -6.876185e-01 -7.241945e-01 -5.218231e-02
    outer loop
      vertex  1.859955e+04 -7.885203e+03  7.845313e+03
      vertex  1.860000e+04 -7.891768e+03  7.930484e+03
      vertex  1.859961e+04 -7.901467e+03  8.070207e+03
    endloop
  endfacet
  facet normal  8.139800e-01 -5.801216e-01 -2.992312e-02
    outer loop
      vertex  1.860000e+04 -7.906690e+03  8.154258e+03
      vertex  1.860000e+04 -7.919294e+03  8.398604e+03
      vertex  1.859967e+04 -7.914363e+03  8.294077e+03
    endloop
  endfacet
  facet normal -7.214277e-01 -6.913547e-01 -3.963016e-02
    outer loop
      vertex  1.859961e+04 -7.901467e+03  8.070207e+03
      vertex  1.860000e+04 -7.906690e+03  8.154258e+03
      vertex  1.859967e+04 -7.914363e+03  8.294077e+03
    endloop
  endfacet
  facet normal -7.929886e-01 -6.086717e-01 -2.622547e-02
    outer loop
      vertex  1.860000e+04 -7.919294e+03  8.398604e+03
      vertex  1.859973e+04 -7.924056e+03  8.517210e+03
      vertex  1.859967e+04 -7.914363e+03  8.294077e+03
    endloop
  endfacet
  facet normal  8.660473e-01 -4.996344e-01 -1.810511e-02
    outer loop
      vertex  1.859973e+04 -7.924056e+03  8.517210e+03
      vertex  1.860000e+04 -7.919294e+03  8.398604e+03
      vertex  1.860000e+04 -7.928138e+03  8.642672e+03
    endloop
  endfacet
  facet normal -2.191326e-01 -7.662388e-01 -6.040354e-01
    outer loop
      vertex  1.859654e+04 -5.233083e+03  1.845096e+03
      vertex  1.860000e+04 -5.336375e+03  1.974872e+03
      vertex  1.859670e+04 -5.328967e+03  1.966671e+03
    endloop
  endfacet
  facet normal -2.094188e-01 -7.677808e-01 -6.055215e-01
    outer loop
      vertex  1.860000e+04 -5.336375e+03  1.974872e+03
      vertex  1.859654e+04 -5.233083e+03  1.845096e+03
      vertex  1.860000e+04 -5.238454e+03  1.850710e+03
    endloop
  endfacet
  facet normal -2.265420e-01 -7.697202e-01 -5.968329e-01
    outer loop
      vertex  1.860000e+04 -5.238454e+03  1.850710e+03
      vertex  1.859654e+04 -5.233083e+03  1.845096e+03
      vertex  1.859637e+04 -5.138317e+03  1.722943e+03
    endloop
  endfacet
  facet normal -2.193186e-01 -7.709215e-01 -5.979794e-01
    outer loop
      vertex  1.860000e+04 -5.238454e+03  1.850710e+03
      vertex  1.859637e+04 -5.138317e+03  1.722943e+03
      vertex  1.860000e+04 -5.141596e+03  1.725841e+03
    endloop
  endfacet
  facet normal -2.316115e-01 -7.753189e-01 -5.875684e-01
    outer loop
      vertex  1.860000e+04 -5.141596e+03  1.725841e+03
      vertex  1.859637e+04 -5.138317e+03  1.722943e+03
      vertex  1.859620e+04 -5.045092e+03  1.600000e+03
    endloop
  endfacet
  facet normal -2.324899e-01 -7.751654e-01 -5.874242e-01
    outer loop
      vertex  1.860000e+04 -5.141596e+03  1.725841e+03
      vertex  1.859620e+04 -5.045092e+03  1.600000e+03
      vertex  1.860000e+04 -5.046233e+03  1.600000e+03
    endloop
  endfacet
  facet normal -7.150197e-02 -7.903590e-01 -6.084571e-01
    outer loop
      vertex  1.860000e+04 -6.019050e+03  2.838404e+03
      vertex  1.859751e+04 -5.926470e+03  2.718439e+03
      vertex  1.860000e+04 -5.888370e+03  2.668656e+03
    endloop
  endfacet
  facet normal -2.708868e-01 -7.578345e-01 -5.935547e-01
    outer loop
      vertex  1.860000e+04 -5.888370e+03  2.668656e+03
      vertex  1.859751e+04 -5.926470e+03  2.718439e+03
      vertex  1.859732e+04 -5.767110e+03  2.515060e+03
    endloop
  endfacet
  facet normal -1.556947e-01 -7.766339e-01 -6.104089e-01
    outer loop
      vertex  1.860000e+04 -5.888370e+03  2.668656e+03
      vertex  1.859732e+04 -5.767110e+03  2.515060e+03
      vertex  1.860000e+04 -5.755812e+03  2.500000e+03
    endloop
  endfacet
  facet normal -2.052868e-01 -7.649592e-01 -6.104872e-01
    outer loop
      vertex  1.860000e+04 -5.755812e+03  2.500000e+03
      vertex  1.859732e+04 -5.767110e+03  2.515060e+03
      vertex  1.859703e+04 -5.548239e+03  2.240905e+03
    endloop
  endfacet
  facet normal -1.500009e-01 -7.724425e-01 -6.171162e-01
    outer loop
      vertex  1.860000e+04 -5.755812e+03  2.500000e+03
      vertex  1.859703e+04 -5.548239e+03  2.240905e+03
      vertex  1.860000e+04 -5.496463e+03  2.175375e+03
    endloop
  endfacet
  facet normal -1.570017e-01 -7.714336e-01 -6.166365e-01
    outer loop
      vertex  1.860000e+04 -5.496463e+03  2.175375e+03
      vertex  1.859703e+04 -5.548239e+03  2.240905e+03
      vertex  1.859670e+04 -5.328967e+03  1.966671e+03
    endloop
  endfacet
  facet normal -1.997186e-01 -7.657219e-01 -6.113774e-01
    outer loop
      vertex  1.860000e+04 -5.496463e+03  2.175375e+03
      vertex  1.859670e+04 -5.328967e+03  1.966671e+03
      vertex  1.860000e+04 -5.336375e+03  1.974872e+03
    endloop
  endfacet
  facet normal  2.586411e-02 -8.645138e-01 -5.019431e-01
    outer loop
      vertex  1.860000e+04 -6.788493e+03  3.985502e+03
      vertex  1.859830e+04 -6.750832e+03  3.920548e+03
      vertex  1.860000e+04 -6.721853e+03  3.870725e+03
    endloop
  endfacet
  facet normal -3.542579e-01 -8.030657e-01 -4.791523e-01
    outer loop
      vertex  1.860000e+04 -6.721853e+03  3.870725e+03
      vertex  1.859830e+04 -6.750832e+03  3.920548e+03
      vertex  1.859822e+04 -6.654951e+03  3.759911e+03
    endloop
  endfacet
  facet normal -1.156719e-01 -8.511525e-01 -5.120149e-01
    outer loop
      vertex  1.860000e+04 -6.721853e+03  3.870725e+03
      vertex  1.859822e+04 -6.654951e+03  3.759911e+03
      vertex  1.860000e+04 -6.653318e+03  3.756796e+03
    endloop
  endfacet
  facet normal -1.497138e-01 -8.380775e-01 -5.246063e-01
    outer loop
      vertex  1.860000e+04 -6.653318e+03  3.756796e+03
      vertex  1.859822e+04 -6.654951e+03  3.759911e+03
      vertex  1.859813e+04 -6.555139e+03  3.600483e+03
    endloop
  endfacet
  facet normal  4.999348e-02 -8.454892e-01 -5.316470e-01
    outer loop
      vertex  1.860000e+04 -6.653318e+03  3.756796e+03
      vertex  1.859813e+04 -6.555139e+03  3.600483e+03
      vertex  1.860000e+04 -6.536549e+03  3.571096e+03
    endloop
  endfacet
  facet normal -5.616717e-01 -7.220311e-01 -4.039753e-01
    outer loop
      vertex  1.860000e+04 -6.788493e+03  3.985502e+03
      vertex  1.860000e+04 -6.853181e+03  4.101119e+03
      vertex  1.859830e+04 -6.750832e+03  3.920548e+03
    endloop
  endfacet
  facet normal  4.902102e-02 -8.687249e-01 -4.928631e-01
    outer loop
      vertex  1.859830e+04 -6.750832e+03  3.920548e+03
      vertex  1.860000e+04 -6.853181e+03  4.101119e+03
      vertex  1.859838e+04 -6.842638e+03  4.082374e+03
    endloop
  endfacet
  facet normal -2.385978e-01 -8.550894e-01 -4.603186e-01
    outer loop
      vertex  1.860000e+04 -6.853181e+03  4.101119e+03
      vertex  1.860000e+04 -6.915867e+03  4.217564e+03
      vertex  1.859838e+04 -6.842638e+03  4.082374e+03
    endloop
  endfacet
  facet normal -2.366053e-02 -8.791619e-01 -4.759354e-01
    outer loop
      vertex  1.859838e+04 -6.842638e+03  4.082374e+03
      vertex  1.860000e+04 -6.915867e+03  4.217564e+03
      vertex  1.859844e+04 -6.908753e+03  4.204501e+03
    endloop
  endfacet
  facet normal -1.990977e-01 -8.704565e-01 -4.501840e-01
    outer loop
      vertex  1.860000e+04 -6.915867e+03  4.217564e+03
      vertex  1.860000e+04 -6.976510e+03  4.334821e+03
      vertex  1.859844e+04 -6.908753e+03  4.204501e+03
    endloop
  endfacet
  facet normal -5.835405e-02 -8.860179e-01 -4.599644e-01
    outer loop
      vertex  1.859844e+04 -6.908753e+03  4.204501e+03
      vertex  1.860000e+04 -6.976510e+03  4.334821e+03
      vertex  1.859849e+04 -6.972481e+03  4.327253e+03
    endloop
  endfacet
  facet normal -1.600418e-01 -8.842598e-01 -4.387155e-01
    outer loop
      vertex  1.860000e+04 -6.976510e+03  4.334821e+03
      vertex  1.860000e+04 -7.035077e+03  4.452867e+03
      vertex  1.859849e+04 -6.972481e+03  4.327253e+03
    endloop
  endfacet
  facet normal -9.105498e-02 -8.917479e-01 -4.432772e-01
    outer loop
      vertex  1.859849e+04 -6.972481e+03  4.327253e+03
      vertex  1.860000e+04 -7.035077e+03  4.452867e+03
      vertex  1.859854e+04 -7.033802e+03  4.450602e+03
    endloop
  endfacet
  facet normal -8.803839e-02 -9.142241e-01 -3.955295e-01
    outer loop
      vertex  1.859863e+04 -7.149174e+03  4.698956e+03
      vertex  1.860000e+04 -7.203728e+03  4.824746e+03
      vertex  1.859868e+04 -7.203228e+03  4.823884e+03
    endloop
  endfacet
  facet normal -1.064904e-01 -9.126425e-01 -3.946434e-01
    outer loop
      vertex  1.860000e+04 -7.203728e+03  4.824746e+03
      vertex  1.859863e+04 -7.149174e+03  4.698956e+03
      vertex  1.860000e+04 -7.149798e+03  4.700030e+03
    endloop
  endfacet
  facet normal -9.056781e-02 -9.068861e-01 -4.115279e-01
    outer loop
      vertex  1.860000e+04 -7.149798e+03  4.700030e+03
      vertex  1.859863e+04 -7.149174e+03  4.698956e+03
      vertex  1.859859e+04 -7.092701e+03  4.574515e+03
    endloop
  endfacet
  facet normal -1.135621e-01 -9.048356e-01 -4.103364e-01
    outer loop
      vertex  1.860000e+04 -7.149798e+03  4.700030e+03
      vertex  1.859859e+04 -7.092701e+03  4.574515e+03
      vertex  1.860000e+04 -7.093578e+03  4.576058e+03
    endloop
  endfacet
  facet normal -9.146158e-02 -8.993918e-01 -4.274686e-01
    outer loop
      vertex  1.860000e+04 -7.093578e+03  4.576058e+03
      vertex  1.859859e+04 -7.092701e+03  4.574515e+03
      vertex  1.859854e+04 -7.033802e+03  4.450602e+03
    endloop
  endfacet
  facet normal -1.224045e-01 -8.965266e-01 -4.257431e-01
    outer loop
      vertex  1.860000e+04 -7.093578e+03  4.576058e+03
      vertex  1.859854e+04 -7.033802e+03  4.450602e+03
      vertex  1.860000e+04 -7.035077e+03  4.452867e+03
    endloop
  endfacet
  facet normal  1.295033e-01 -9.352323e-01 -3.294987e-01
    outer loop
      vertex  1.860000e+04 -7.395952e+03  5.328304e+03
      vertex  1.859882e+04 -7.366991e+03  5.245639e+03
      vertex  1.860000e+04 -7.351773e+03  5.202908e+03
    endloop
  endfacet
  facet normal -3.823816e-01 -8.670704e-01 -3.193325e-01
    outer loop
      vertex  1.860000e+04 -7.351773e+03  5.202908e+03
      vertex  1.859882e+04 -7.366991e+03  5.245639e+03
      vertex  1.859877e+04 -7.304132e+03  5.075028e+03
    endloop
  endfacet
  facet normal -9.628294e-02 -9.330332e-01 -3.466682e-01
    outer loop
      vertex  1.860000e+04 -7.351773e+03  5.202908e+03
      vertex  1.859877e+04 -7.304132e+03  5.075028e+03
      vertex  1.860000e+04 -7.304706e+03  5.076231e+03
    endloop
  endfacet
  facet normal -7.763959e-02 -9.283305e-01 -3.635582e-01
    outer loop
      vertex  1.860000e+04 -7.304706e+03  5.076231e+03
      vertex  1.859877e+04 -7.304132e+03  5.075028e+03
      vertex  1.859872e+04 -7.254873e+03  4.949257e+03
    endloop
  endfacet
  facet normal -9.810523e-02 -9.267196e-01 -3.627204e-01
    outer loop
      vertex  1.860000e+04 -7.304706e+03  5.076231e+03
      vertex  1.859872e+04 -7.254873e+03  4.949257e+03
      vertex  1.860000e+04 -7.255362e+03  4.950161e+03
    endloop
  endfacet
  facet normal -8.415270e-02 -9.213536e-01 -3.795074e-01
    outer loop
      vertex  1.860000e+04 -7.255362e+03  4.950161e+03
      vertex  1.859872e+04 -7.254873e+03  4.949257e+03
      vertex  1.859868e+04 -7.203228e+03  4.823884e+03
    endloop
  endfacet
  facet normal -1.011597e-01 -9.199533e-01 -3.787514e-01
    outer loop
      vertex  1.860000e+04 -7.255362e+03  4.950161e+03
      vertex  1.859868e+04 -7.203228e+03  4.823884e+03
      vertex  1.860000e+04 -7.203728e+03  4.824746e+03
    endloop
  endfacet
  facet normal  1.812236e-01 -9.467501e-01 -2.661243e-01
    outer loop
      vertex  1.860000e+04 -7.551328e+03  5.834304e+03
      vertex  1.859898e+04 -7.533914e+03  5.771661e+03
      vertex  1.860000e+04 -7.515611e+03  5.707241e+03
    endloop
  endfacet
  facet normal -4.632550e-01 -8.505349e-01 -2.489682e-01
    outer loop
      vertex  1.860000e+04 -7.515611e+03  5.707241e+03
      vertex  1.859898e+04 -7.533914e+03  5.771661e+03
      vertex  1.859893e+04 -7.481903e+03  5.594078e+03
    endloop
  endfacet
  facet normal  2.197997e-02 -9.580975e-01 -2.855974e-01
    outer loop
      vertex  1.860000e+04 -7.515611e+03  5.707241e+03
      vertex  1.859893e+04 -7.481903e+03  5.594078e+03
      vertex  1.860000e+04 -7.477837e+03  5.580521e+03
    endloop
  endfacet
  facet normal -2.060936e-01 -9.326943e-01 -2.959844e-01
    outer loop
      vertex  1.860000e+04 -7.477837e+03  5.580521e+03
      vertex  1.859893e+04 -7.481903e+03  5.594078e+03
      vertex  1.859888e+04 -7.425623e+03  5.416765e+03
    endloop
  endfacet
  facet normal -4.084029e-01 -8.704689e-01 -2.747558e-01
    outer loop
      vertex  1.860000e+04 -7.477837e+03  5.580521e+03
      vertex  1.859888e+04 -7.425623e+03  5.416765e+03
      vertex  1.860000e+04 -7.437963e+03  5.454192e+03
    endloop
  endfacet
  facet normal  3.802750e-01 -8.749060e-01 -2.998843e-01
    outer loop
      vertex  1.860000e+04 -7.437963e+03  5.454192e+03
      vertex  1.859888e+04 -7.425623e+03  5.416765e+03
      vertex  1.859882e+04 -7.366991e+03  5.245639e+03
    endloop
  endfacet
  facet normal -7.421033e-01 -6.358157e-01 -2.121819e-01
    outer loop
      vertex  1.860000e+04 -7.437963e+03  5.454192e+03
      vertex  1.859882e+04 -7.366991e+03  5.245639e+03
      vertex  1.860000e+04 -7.395952e+03  5.328304e+03
    endloop
  endfacet
  facet normal -2.071018e-01 -9.496121e-01 -2.352568e-01
    outer loop
      vertex  1.859908e+04 -7.624371e+03  6.121260e+03
      vertex  1.859903e+04 -7.581057e+03  5.946466e+03
      vertex  1.860000e+04 -7.585031e+03  5.961659e+03
    endloop
  endfacet
  facet normal  1.220467e-01 -9.582785e-01 -2.584701e-01
    outer loop
      vertex  1.860000e+04 -7.585031e+03  5.961659e+03
      vertex  1.859903e+04 -7.581057e+03  5.946466e+03
      vertex  1.859898e+04 -7.533914e+03  5.771661e+03
    endloop
  endfacet
  facet normal -6.217708e-01 -7.571347e-01 -2.003704e-01
    outer loop
      vertex  1.860000e+04 -7.585031e+03  5.961659e+03
      vertex  1.859898e+04 -7.533914e+03  5.771661e+03
      vertex  1.860000e+04 -7.551328e+03  5.834304e+03
    endloop
  endfacet
  facet normal  1.043235e-01 -9.657813e-01 -2.374511e-01
    outer loop
      vertex  1.860000e+04 -7.585031e+03  5.961659e+03
      vertex  1.860000e+04 -7.628181e+03  6.137160e+03
      vertex  1.859908e+04 -7.624371e+03  6.121260e+03
    endloop
  endfacet
  facet normal -2.384639e-01 -9.474452e-01 -2.132667e-01
    outer loop
      vertex  1.859908e+04 -7.624371e+03  6.121260e+03
      vertex  1.860000e+04 -7.628181e+03  6.137160e+03
      vertex  1.860000e+04 -7.667762e+03  6.313000e+03
    endloop
  endfacet
  facet normal  1.575916e-01 -9.629870e-01 -2.186799e-01
    outer loop
      vertex  1.859908e+04 -7.624371e+03  6.121260e+03
      vertex  1.860000e+04 -7.667762e+03  6.313000e+03
      vertex  1.859913e+04 -7.664023e+03  6.295912e+03
    endloop
  endfacet
  facet normal -2.429904e-01 -9.501255e-01 -1.954921e-01
    outer loop
      vertex  1.859913e+04 -7.664023e+03  6.295912e+03
      vertex  1.860000e+04 -7.667762e+03  6.313000e+03
      vertex  1.860000e+04 -7.702616e+03  6.482396e+03
    endloop
  endfacet
  facet normal  9.832876e-02 -9.744142e-01 -2.021094e-01
    outer loop
      vertex  1.859913e+04 -7.664023e+03  6.295912e+03
      vertex  1.860000e+04 -7.702616e+03  6.482396e+03
      vertex  1.859918e+04 -7.700189e+03  6.470300e+03
    endloop
  endfacet
  facet normal -1.824656e-01 -9.663249e-01 -1.814453e-01
    outer loop
      vertex  1.859918e+04 -7.700189e+03  6.470300e+03
      vertex  1.860000e+04 -7.702616e+03  6.482396e+03
      vertex  1.860000e+04 -7.734444e+03  6.651904e+03
    endloop
  endfacet
  facet normal  2.660329e-01 -9.470409e-01 -1.798338e-01
    outer loop
      vertex  1.859918e+04 -7.700189e+03  6.470300e+03
      vertex  1.860000e+04 -7.734444e+03  6.651904e+03
      vertex  1.859922e+04 -7.729554e+03  6.624999e+03
    endloop
  endfacet
  facet normal -3.256629e-01 -9.318605e-01 -1.599366e-01
    outer loop
      vertex  1.859922e+04 -7.729554e+03  6.624999e+03
      vertex  1.860000e+04 -7.734444e+03  6.651904e+03
      vertex  1.860000e+04 -7.760396e+03  6.803115e+03
    endloop
  endfacet
  facet normal  2.330842e-01 -9.580252e-01 -1.669119e-01
    outer loop
      vertex  1.859922e+04 -7.729554e+03  6.624999e+03
      vertex  1.860000e+04 -7.760396e+03  6.803115e+03
      vertex  1.859926e+04 -7.756431e+03  6.779327e+03
    endloop
  endfacet
  facet normal -2.317676e-01 -9.646041e-01 -1.257882e-01
    outer loop
      vertex  1.860000e+04 -7.825517e+03  7.256322e+03
      vertex  1.859935e+04 -7.803231e+03  7.086630e+03
      vertex  1.860000e+04 -7.805832e+03  7.105371e+03
    endloop
  endfacet
  facet normal  1.814293e-01 -9.731845e-01 -1.414051e-01
    outer loop
      vertex  1.860000e+04 -7.805832e+03  7.105371e+03
      vertex  1.859935e+04 -7.803231e+03  7.086630e+03
      vertex  1.859930e+04 -7.780948e+03  6.933223e+03
    endloop
  endfacet
  facet normal -2.593455e-01 -9.559981e-01 -1.371405e-01
    outer loop
      vertex  1.860000e+04 -7.805832e+03  7.105371e+03
      vertex  1.859930e+04 -7.780948e+03  6.933223e+03
      vertex  1.860000e+04 -7.784159e+03  6.954288e+03
    endloop
  endfacet
  facet normal  2.038274e-01 -9.668067e-01 -1.540762e-01
    outer loop
      vertex  1.860000e+04 -7.784159e+03  6.954288e+03
      vertex  1.859930e+04 -7.780948e+03  6.933223e+03
      vertex  1.859926e+04 -7.756431e+03  6.779327e+03
    endloop
  endfacet
  facet normal -2.903648e-01 -9.453092e-01 -1.485895e-01
    outer loop
      vertex  1.860000e+04 -7.784159e+03  6.954288e+03
      vertex  1.859926e+04 -7.756431e+03  6.779327e+03
      vertex  1.860000e+04 -7.760396e+03  6.803115e+03
    endloop
  endfacet
  facet normal  0.000000e+00  1.000000e+00  -0.000000e+00
    outer loop
      vertex  1.650000e+04 -6.600000e+03  6.313000e+03
      vertex  1.241160e+04 -6.600000e+03  6.313000e+03
      vertex  1.217758e+04 -6.600000e+03  6.350400e+03
    endloop
  endfacet
  facet normal  -0.000000e+00  1.000000e+00  -0.000000e+00
    outer loop
      vertex  1.650000e+04 -6.600000e+03  6.313000e+03
      vertex  1.217758e+04 -6.600000e+03  6.350400e+03
      vertex  1.205926e+04 -6.600000e+03  6.368665e+03
    endloop
  endfacet
  facet normal  -0.000000e+00  1.000000e+00  -0.000000e+00
    outer loop
      vertex  1.650000e+04 -6.600000e+03  6.313000e+03
      vertex  1.205926e+04 -6.600000e+03  6.368665e+03
      vertex  1.182192e+04 -6.600000e+03  6.404428e+03
    endloop
  endfacet
  facet normal  -0.000000e+00  9.999999e-01  -0.000000e+00
    outer loop
      vertex  1.650000e+04 -6.600000e+03  6.313000e+03
      vertex  1.182192e+04 -6.600000e+03  6.404428e+03
      vertex  1.173604e+04 -6.600000e+03  6.417181e+03
    endloop
  endfacet
  facet normal  -0.000000e+00  1.000000e+00  -0.000000e+00
    outer loop
      vertex  1.650000e+04 -6.600000e+03  6.313000e+03
      vertex  1.173604e+04 -6.600000e+03  6.417181e+03
      vertex  1.156403e+04 -6.600000e+03  6.442612e+03
    endloop
  endfacet
  facet normal  -0.000000e+00  1.000000e+00  -0.000000e+00
    outer loop
      vertex  1.650000e+04 -6.600000e+03  6.313000e+03
      vertex  1.156403e+04 -6.600000e+03  6.442612e+03
      vertex  1.139171e+04 -6.600000e+03  6.468136e+03
    endloop
  endfacet
  facet normal  -0.000000e+00  1.000000e+00  -0.000000e+00
    outer loop
      vertex  1.650000e+04 -6.600000e+03  6.313000e+03
      vertex  1.139171e+04 -6.600000e+03  6.468136e+03
      vertex  1.130547e+04 -6.600000e+03  6.481007e+03
    endloop
  endfacet
  facet normal  -0.000000e+00  1.000000e+00  -0.000000e+00
    outer loop
      vertex  1.650000e+04 -6.600000e+03  6.313000e+03
      vertex  1.130547e+04 -6.600000e+03  6.481007e+03
      vertex  1.117673e+04 -6.600000e+03  6.500421e+03
    endloop
  endfacet
  facet normal  -0.000000e+00  9.999999e-01  -0.000000e+00
    outer loop
      vertex  1.650000e+04 -6.600000e+03  6.313000e+03
      vertex  1.117673e+04 -6.600000e+03  6.500421e+03
      vertex  1.104792e+04 -6.600000e+03  6.520179e+03
    endloop
  endfacet
  facet normal  -0.000000e+00  1.000000e+00  -0.000000e+00
    outer loop
      vertex  1.650000e+04 -6.600000e+03  6.313000e+03
      vertex  1.104792e+04 -6.600000e+03  6.520179e+03
      vertex  1.090000e+04 -6.600000e+03  6.543407e+03
    endloop
  endfacet
  facet normal  -0.000000e+00  1.000000e+00  0.000000e+00
    outer loop
      vertex  1.650000e+04 -6.600000e+03  6.313000e+03
      vertex  1.090000e+04 -6.600000e+03  6.543407e+03
      vertex  1.090000e+04 -6.600000e+03  9.650000e+03
    endloop
  endfacet
  facet normal  -0.000000e+00  1.000000e+00  0.000000e+00
    outer loop
      vertex  1.650000e+04 -6.600000e+03  6.313000e+03
      vertex  1.090000e+04 -6.600000e+03  9.650000e+03
      vertex  1.650000e+04 -6.600000e+03  9.650000e+03
    endloop
  endfacet
  facet normal -1.000000e+00  0.000000e+00  0.000000e+00
    outer loop
      vertex  1.650000e+04 -3.273000e+03  9.650000e+03
      vertex  1.650000e+04 -3.273000e+03  6.313000e+03
      vertex  1.650000e+04 -6.600000e+03  9.650000e+03
    endloop
  endfacet
  facet normal -1.000000e+00  0.000000e+00  0.000000e+00
    outer loop
      vertex  1.650000e+04 -6.600000e+03  9.650000e+03
      vertex  1.650000e+04 -3.273000e+03  6.313000e+03
      vertex  1.650000e+04 -3.930000e+03  6.313000e+03
    endloop
  endfacet
  facet normal -1.000000e+00  0.000000e+00  0.000000e+00
    outer loop
      vertex  1.650000e+04 -6.600000e+03  9.650000e+03
      vertex  1.650000e+04 -3.930000e+03  6.313000e+03
      vertex  1.650000e+04 -6.600000e+03  6.313000e+03
    endloop
  endfacet
  facet normal  0.000000e+00  1.000000e+00  0.000000e+00
    outer loop
      vertex  1.650000e+04 -3.273000e+03  6.313000e+03
      vertex  1.650000e+04 -3.273000e+03  9.650000e+03
      vertex  1.860000e+04 -3.273000e+03  6.313000e+03
    endloop
  endfacet
  facet normal  0.000000e+00  1.000000e+00  -0.000000e+00
    outer loop
      vertex  1.860000e+04 -3.273000e+03  6.313000e+03
      vertex  1.650000e+04 -3.273000e+03  9.650000e+03
      vertex  1.860000e+04 -3.273000e+03  9.650000e+03
    endloop
  endfacet
  facet normal  9.999999e-01  0.000000e+00  0.000000e+00
    outer loop
      vertex  1.860000e+04 -3.930000e+03  6.313000e+03
      vertex  1.860000e+04 -3.273000e+03  6.313000e+03
      vertex  1.860000e+04 -7.702616e+03  6.482396e+03
    endloop
  endfacet
  facet normal  1.000000e+00  0.000000e+00  0.000000e+00
    outer loop
      vertex  1.860000e+04 -3.930000e+03  6.313000e+03
      vertex  1.860000e+04 -7.702616e+03  6.482396e+03
      vertex  1.860000e+04 -7.667762e+03  6.313000e+03
    endloop
  endfacet
  facet normal  1.000000e+00  -0.000000e+00  0.000000e+00
    outer loop
      vertex  1.860000e+04 -3.930000e+03  6.313000e+03
      vertex  1.860000e+04 -7.667762e+03  6.313000e+03
      vertex  1.860000e+04 -7.628181e+03  6.137160e+03
    endloop
  endfacet
  facet normal  1.000000e+00  -0.000000e+00  0.000000e+00
    outer loop
      vertex  1.860000e+04 -3.930000e+03  6.313000e+03
      vertex  1.860000e+04 -7.628181e+03  6.137160e+03
      vertex  1.860000e+04 -3.930000e+03  2.500000e+03
    endloop
  endfacet
  facet normal  1.000000e+00  0.000000e+00  0.000000e+00
    outer loop
      vertex  1.860000e+04 -3.273000e+03  6.313000e+03
      vertex  1.860000e+04 -3.273000e+03  9.650000e+03
      vertex  1.860000e+04 -7.930000e+03  9.650000e+03
    endloop
  endfacet
  facet normal  1.000000e+00  0.000000e+00  0.000000e+00
    outer loop
      vertex  1.860000e+04 -3.273000e+03  6.313000e+03
      vertex  1.860000e+04 -7.930000e+03  9.650000e+03
      vertex  1.860000e+04 -7.930625e+03  8.740002e+03
    endloop
  endfacet
  facet normal  1.000000e+00  0.000000e+00  0.000000e+00
    outer loop
      vertex  1.860000e+04 -3.273000e+03  6.313000e+03
      vertex  1.860000e+04 -7.930625e+03  8.740002e+03
      vertex  1.860000e+04 -7.928138e+03  8.642672e+03
    endloop
  endfacet
  facet normal  1.000000e+00  0.000000e+00  0.000000e+00
    outer loop
      vertex  1.860000e+04 -3.273000e+03  6.313000e+03
      vertex  1.860000e+04 -7.928138e+03  8.642672e+03
      vertex  1.860000e+04 -7.919294e+03  8.398604e+03
    endloop
  endfacet
  facet normal  1.000000e+00  0.000000e+00  0.000000e+00
    outer loop
      vertex  1.860000e+04 -3.273000e+03  6.313000e+03
      vertex  1.860000e+04 -7.919294e+03  8.398604e+03
      vertex  1.860000e+04 -7.906690e+03  8.154258e+03
    endloop
  endfacet
  facet normal  1.000000e+00  0.000000e+00  0.000000e+00
    outer loop
      vertex  1.860000e+04 -3.273000e+03  6.313000e+03
      vertex  1.860000e+04 -7.906690e+03  8.154258e+03
      vertex  1.860000e+04 -7.891768e+03  7.930484e+03
    endloop
  endfacet
  facet normal  1.000000e+00  0.000000e+00  0.000000e+00
    outer loop
      vertex  1.860000e+04 -3.273000e+03  6.313000e+03
      vertex  1.860000e+04 -7.891768e+03  7.930484e+03
      vertex  1.860000e+04 -7.873423e+03  7.706242e+03
    endloop
  endfacet
  facet normal  1.000000e+00  0.000000e+00  0.000000e+00
    outer loop
      vertex  1.860000e+04 -3.273000e+03  6.313000e+03
      vertex  1.860000e+04 -7.873423e+03  7.706242e+03
      vertex  1.860000e+04 -7.851430e+03  7.481509e+03
    endloop
  endfacet
  facet normal  1.000000e+00  0.000000e+00  0.000000e+00
    outer loop
      vertex  1.860000e+04 -3.273000e+03  6.313000e+03
      vertex  1.860000e+04 -7.851430e+03  7.481509e+03
      vertex  1.860000e+04 -7.825517e+03  7.256322e+03
    endloop
  endfacet
  facet normal  1.000000e+00  0.000000e+00  0.000000e+00
    outer loop
      vertex  1.860000e+04 -3.273000e+03  6.313000e+03
      vertex  1.860000e+04 -7.825517e+03  7.256322e+03
      vertex  1.860000e+04 -7.805832e+03  7.105371e+03
    endloop
  endfacet
  facet normal  1.000000e+00  0.000000e+00  0.000000e+00
    outer loop
      vertex  1.860000e+04 -3.273000e+03  6.313000e+03
      vertex  1.860000e+04 -7.805832e+03  7.105371e+03
      vertex  1.860000e+04 -7.784159e+03  6.954288e+03
    endloop
  endfacet
  facet normal  1.000000e+00  0.000000e+00  0.000000e+00
    outer loop
      vertex  1.860000e+04 -3.273000e+03  6.313000e+03
      vertex  1.860000e+04 -7.784159e+03  6.954288e+03
      vertex  1.860000e+04 -7.760396e+03  6.803115e+03
    endloop
  endfacet
  facet normal  1.000000e+00  0.000000e+00  0.000000e+00
    outer loop
      vertex  1.860000e+04 -3.273000e+03  6.313000e+03
      vertex  1.860000e+04 -7.760396e+03  6.803115e+03
      vertex  1.860000e+04 -7.734444e+03  6.651904e+03
    endloop
  endfacet
  facet normal  1.000000e+00  0.000000e+00  0.000000e+00
    outer loop
      vertex  1.860000e+04 -3.273000e+03  6.313000e+03
      vertex  1.860000e+04 -7.734444e+03  6.651904e+03
      vertex  1.860000e+04 -7.702616e+03  6.482396e+03
    endloop
  endfacet
  facet normal  1.000000e+00  0.000000e+00  0.000000e+00
    outer loop
      vertex  1.860000e+04 -3.930000e+03  2.500000e+03
      vertex  1.860000e+04 -7.628181e+03  6.137160e+03
      vertex  1.860000e+04 -7.585031e+03  5.961659e+03
    endloop
  endfacet
  facet normal  1.000000e+00  0.000000e+00  0.000000e+00
    outer loop
      vertex  1.860000e+04 -3.930000e+03  2.500000e+03
      vertex  1.860000e+04 -7.585031e+03  5.961659e+03
      vertex  1.860000e+04 -7.551328e+03  5.834304e+03
    endloop
  endfacet
  facet normal  1.000000e+00  0.000000e+00  0.000000e+00
    outer loop
      vertex  1.860000e+04 -3.930000e+03  2.500000e+03
      vertex  1.860000e+04 -7.551328e+03  5.834304e+03
      vertex  1.860000e+04 -7.515611e+03  5.707241e+03
    endloop
  endfacet
  facet normal  1.000000e+00  0.000000e+00  0.000000e+00
    outer loop
      vertex  1.860000e+04 -3.930000e+03  2.500000e+03
      vertex  1.860000e+04 -7.515611e+03  5.707241e+03
      vertex  1.860000e+04 -7.477837e+03  5.580521e+03
    endloop
  endfacet
  facet normal  1.000000e+00  0.000000e+00  0.000000e+00
    outer loop
      vertex  1.860000e+04 -3.930000e+03  2.500000e+03
      vertex  1.860000e+04 -7.477837e+03  5.580521e+03
      vertex  1.860000e+04 -7.437963e+03  5.454192e+03
    endloop
  endfacet
  facet normal  1.000000e+00  0.000000e+00  0.000000e+00
    outer loop
      vertex  1.860000e+04 -3.930000e+03  2.500000e+03
      vertex  1.860000e+04 -7.437963e+03  5.454192e+03
      vertex  1.860000e+04 -7.395952e+03  5.328304e+03
    endloop
  endfacet
  facet normal  1.000000e+00  0.000000e+00  0.000000e+00
    outer loop
      vertex  1.860000e+04 -3.930000e+03  2.500000e+03
      vertex  1.860000e+04 -7.395952e+03  5.328304e+03
      vertex  1.860000e+04 -7.351773e+03  5.202908e+03
    endloop
  endfacet
  facet normal  1.000000e+00  0.000000e+00  0.000000e+00
    outer loop
      vertex  1.860000e+04 -3.930000e+03  2.500000e+03
      vertex  1.860000e+04 -7.351773e+03  5.202908e+03
      vertex  1.860000e+04 -7.304706e+03  5.076231e+03
    endloop
  endfacet
  facet normal  1.000000e+00  0.000000e+00  0.000000e+00
    outer loop
      vertex  1.860000e+04 -3.930000e+03  2.500000e+03
      vertex  1.860000e+04 -7.304706e+03  5.076231e+03
      vertex  1.860000e+04 -7.255362e+03  4.950161e+03
    endloop
  endfacet
  facet normal  1.000000e+00  0.000000e+00  0.000000e+00
    outer loop
      vertex  1.860000e+04 -3.930000e+03  2.500000e+03
      vertex  1.860000e+04 -7.255362e+03  4.950161e+03
      vertex  1.860000e+04 -7.203728e+03  4.824746e+03
    endloop
  endfacet
  facet normal  1.000000e+00  0.000000e+00  0.000000e+00
    outer loop
      vertex  1.860000e+04 -3.930000e+03  2.500000e+03
      vertex  1.860000e+04 -7.203728e+03  4.824746e+03
      vertex  1.860000e+04 -7.149798e+03  4.700030e+03
    endloop
  endfacet
  facet normal  1.000000e+00  0.000000e+00  0.000000e+00
    outer loop
      vertex  1.860000e+04 -3.930000e+03  2.500000e+03
      vertex  1.860000e+04 -7.149798e+03  4.700030e+03
      vertex  1.860000e+04 -7.093578e+03  4.576058e+03
    endloop
  endfacet
  facet normal  1.000000e+00  0.000000e+00  0.000000e+00
    outer loop
      vertex  1.860000e+04 -3.930000e+03  2.500000e+03
      vertex  1.860000e+04 -7.093578e+03  4.576058e+03
      vertex  1.860000e+04 -7.035077e+03  4.452867e+03
    endloop
  endfacet
  facet normal  9.999999e-01  0.000000e+00  0.000000e+00
    outer loop
      vertex  1.860000e+04 -3.930000e+03  2.500000e+03
      vertex  1.860000e+04 -7.035077e+03  4.452867e+03
      vertex  1.860000e+04 -6.976510e+03  4.334821e+03
    endloop
  endfacet
  facet normal  1.000000e+00  0.000000e+00  0.000000e+00
    outer loop
      vertex  1.860000e+04 -3.930000e+03  2.500000e+03
      vertex  1.860000e+04 -6.976510e+03  4.334821e+03
      vertex  1.860000e+04 -6.915867e+03  4.217564e+03
    endloop
  endfacet
  facet normal  1.000000e+00  0.000000e+00  0.000000e+00
    outer loop
      vertex  1.860000e+04 -3.930000e+03  2.500000e+03
      vertex  1.860000e+04 -6.915867e+03  4.217564e+03
      vertex  1.860000e+04 -6.853181e+03  4.101119e+03
    endloop
  endfacet
  facet normal  1.000000e+00  0.000000e+00  0.000000e+00
    outer loop
      vertex  1.860000e+04 -3.930000e+03  2.500000e+03
      vertex  1.860000e+04 -6.853181e+03  4.101119e+03
      vertex  1.860000e+04 -6.788493e+03  3.985502e+03
    endloop
  endfacet
  facet normal  9.999999e-01  0.000000e+00  0.000000e+00
    outer loop
      vertex  1.860000e+04 -3.930000e+03  2.500000e+03
      vertex  1.860000e+04 -6.788493e+03  3.985502e+03
      vertex  1.860000e+04 -6.721853e+03  3.870725e+03
    endloop
  endfacet
  facet normal  9.999999e-01  0.000000e+00  0.000000e+00
    outer loop
      vertex  1.860000e+04 -3.930000e+03  2.500000e+03
      vertex  1.860000e+04 -6.721853e+03  3.870725e+03
      vertex  1.860000e+04 -6.653318e+03  3.756796e+03
    endloop
  endfacet
  facet normal  1.000000e+00  0.000000e+00  0.000000e+00
    outer loop
      vertex  1.860000e+04 -3.930000e+03  2.500000e+03
      vertex  1.860000e+04 -6.653318e+03  3.756796e+03
      vertex  1.860000e+04 -6.536549e+03  3.571096e+03
    endloop
  endfacet
  facet normal  1.000000e+00  0.000000e+00  0.000000e+00
    outer loop
      vertex  1.860000e+04 -3.930000e+03  2.500000e+03
      vertex  1.860000e+04 -6.536549e+03  3.571096e+03
      vertex  1.860000e+04 -6.415163e+03  3.387649e+03
    endloop
  endfacet
  facet normal  1.000000e+00  0.000000e+00  0.000000e+00
    outer loop
      vertex  1.860000e+04 -3.930000e+03  2.500000e+03
      vertex  1.860000e+04 -6.415163e+03  3.387649e+03
      vertex  1.860000e+04 -6.283274e+03  3.197496e+03
    endloop
  endfacet
  facet normal  1.000000e+00  0.000000e+00  0.000000e+00
    outer loop
      vertex  1.860000e+04 -3.930000e+03  2.500000e+03
      vertex  1.860000e+04 -6.283274e+03  3.197496e+03
      vertex  1.860000e+04 -6.147269e+03  3.009547e+03
    endloop
  endfacet
  facet normal  1.000000e+00  0.000000e+00  0.000000e+00
    outer loop
      vertex  1.860000e+04 -3.930000e+03  2.500000e+03
      vertex  1.860000e+04 -6.147269e+03  3.009547e+03
      vertex  1.860000e+04 -6.019050e+03  2.838404e+03
    endloop
  endfacet
  facet normal  1.000000e+00  0.000000e+00  0.000000e+00
    outer loop
      vertex  1.860000e+04 -3.930000e+03  2.500000e+03
      vertex  1.860000e+04 -6.019050e+03  2.838404e+03
      vertex  1.860000e+04 -5.888370e+03  2.668656e+03
    endloop
  endfacet
  facet normal  1.000000e+00  0.000000e+00  0.000000e+00
    outer loop
      vertex  1.860000e+04 -3.930000e+03  2.500000e+03
      vertex  1.860000e+04 -5.888370e+03  2.668656e+03
      vertex  1.860000e+04 -5.755812e+03  2.500000e+03
    endloop
  endfacet
  facet normal  1.000000e+00  -0.000000e+00  0.000000e+00
    outer loop
      vertex  1.860000e+04 -3.930000e+03  2.500000e+03
      vertex  1.860000e+04 -5.755812e+03  2.500000e+03
      vertex  1.860000e+04 -5.496463e+03  2.175375e+03
    endloop
  endfacet
  facet normal  1.000000e+00  -0.000000e+00  0.000000e+00
    outer loop
      vertex  1.860000e+04 -3.930000e+03  2.500000e+03
      vertex  1.860000e+04 -5.496463e+03  2.175375e+03
      vertex  1.860000e+04 -1.961000e+03  1.600000e+03
    endloop
  endfacet
  facet normal  1.000000e+00  0.000000e+00  -0.000000e+00
    outer loop
      vertex  1.860000e+04 -3.930000e+03  2.500000e+03
      vertex  1.860000e+04 -1.961000e+03  1.600000e+03
      vertex  1.860000e+04 -1.961000e+03  2.500000e+03
    endloop
  endfacet
  facet normal  1.000000e+00  0.000000e+00  0.000000e+00
    outer loop
      vertex  1.860000e+04 -1.961000e+03  1.600000e+03
      vertex  1.860000e+04 -5.496463e+03  2.175375e+03
      vertex  1.860000e+04 -5.336375e+03  1.974872e+03
    endloop
  endfacet
  facet normal  1.000000e+00  0.000000e+00  0.000000e+00
    outer loop
      vertex  1.860000e+04 -1.961000e+03  1.600000e+03
      vertex  1.860000e+04 -5.336375e+03  1.974872e+03
      vertex  1.860000e+04 -5.238454e+03  1.850710e+03
    endloop
  endfacet
  facet normal  1.000000e+00  0.000000e+00  0.000000e+00
    outer loop
      vertex  1.860000e+04 -1.961000e+03  1.600000e+03
      vertex  1.860000e+04 -5.238454e+03  1.850710e+03
      vertex  1.860000e+04 -5.141596e+03  1.725841e+03
    endloop
  endfacet
  facet normal  1.000000e+00  0.000000e+00  0.000000e+00
    outer loop
      vertex  1.860000e+04 -1.961000e+03  1.600000e+03
      vertex  1.860000e+04 -5.141596e+03  1.725841e+03
      vertex  1.860000e+04 -5.046233e+03  1.600000e+03
    endloop
  endfacet
  facet normal -1.000000e+00  0.000000e+00  0.000000e+00
    outer loop
      vertex  1.090000e+04 -6.600000e+03  6.543407e+03
      vertex  1.090000e+04 -6.725363e+03  6.692862e+03
      vertex  1.090000e+04 -6.846153e+03  6.846265e+03
    endloop
  endfacet
  facet normal -1.000000e+00  0.000000e+00  0.000000e+00
    outer loop
      vertex  1.090000e+04 -6.600000e+03  6.543407e+03
      vertex  1.090000e+04 -6.846153e+03  6.846265e+03
      vertex  1.090000e+04 -6.956281e+03  6.995673e+03
    endloop
  endfacet
  facet normal -1.000000e+00  0.000000e+00  0.000000e+00
    outer loop
      vertex  1.090000e+04 -6.600000e+03  6.543407e+03
      vertex  1.090000e+04 -6.956281e+03  6.995673e+03
      vertex  1.090000e+04 -7.061633e+03  7.148769e+03
    endloop
  endfacet
  facet normal -9.999999e-01  0.000000e+00  0.000000e+00
    outer loop
      vertex  1.090000e+04 -6.600000e+03  6.543407e+03
      vertex  1.090000e+04 -7.061633e+03  7.148769e+03
      vertex  1.090000e+04 -7.158353e+03  7.299794e+03
    endloop
  endfacet
  facet normal -1.000000e+00  0.000000e+00  0.000000e+00
    outer loop
      vertex  1.090000e+04 -6.600000e+03  6.543407e+03
      vertex  1.090000e+04 -7.158353e+03  7.299794e+03
      vertex  1.090000e+04 -7.250116e+03  7.454254e+03
    endloop
  endfacet
  facet normal -1.000000e+00  0.000000e+00  0.000000e+00
    outer loop
      vertex  1.090000e+04 -6.600000e+03  6.543407e+03
      vertex  1.090000e+04 -7.250116e+03  7.454254e+03
      vertex  1.090000e+04 -7.334710e+03  7.608334e+03
    endloop
  endfacet
  facet normal -9.999999e-01  0.000000e+00  0.000000e+00
    outer loop
      vertex  1.090000e+04 -6.600000e+03  6.543407e+03
      vertex  1.090000e+04 -7.334710e+03  7.608334e+03
      vertex  1.090000e+04 -7.414186e+03  7.765601e+03
    endloop
  endfacet
  facet normal -1.000000e+00  0.000000e+00  0.000000e+00
    outer loop
      vertex  1.090000e+04 -6.600000e+03  6.543407e+03
      vertex  1.090000e+04 -7.414186e+03  7.765601e+03
      vertex  1.090000e+04 -7.487567e+03  7.924112e+03
    endloop
  endfacet
  facet normal -1.000000e+00  0.000000e+00  0.000000e+00
    outer loop
      vertex  1.090000e+04 -6.600000e+03  6.543407e+03
      vertex  1.090000e+04 -7.487567e+03  7.924112e+03
      vertex  1.090000e+04 -7.555683e+03  8.085566e+03
    endloop
  endfacet
  facet normal -1.000000e+00  0.000000e+00  0.000000e+00
    outer loop
      vertex  1.090000e+04 -6.600000e+03  6.543407e+03
      vertex  1.090000e+04 -7.555683e+03  8.085566e+03
      vertex  1.090000e+04 -7.603333e+03  8.208709e+03
    endloop
  endfacet
  facet normal -9.999999e-01  0.000000e+00  0.000000e+00
    outer loop
      vertex  1.090000e+04 -6.600000e+03  6.543407e+03
      vertex  1.090000e+04 -7.603333e+03  8.208709e+03
      vertex  1.090000e+04 -7.647943e+03  8.333394e+03
    endloop
  endfacet
  facet normal -1.000000e+00  0.000000e+00  0.000000e+00
    outer loop
      vertex  1.090000e+04 -6.600000e+03  6.543407e+03
      vertex  1.090000e+04 -7.647943e+03  8.333394e+03
      vertex  1.090000e+04 -7.703052e+03  8.503155e+03
    endloop
  endfacet
  facet normal -9.999999e-01  0.000000e+00  0.000000e+00
    outer loop
      vertex  1.090000e+04 -6.600000e+03  6.543407e+03
      vertex  1.090000e+04 -7.703052e+03  8.503155e+03
      vertex  1.090000e+04 -7.752703e+03  8.675567e+03
    endloop
  endfacet
  facet normal -9.999999e-01  0.000000e+00  0.000000e+00
    outer loop
      vertex  1.090000e+04 -6.600000e+03  6.543407e+03
      vertex  1.090000e+04 -7.752703e+03  8.675567e+03
      vertex  1.090000e+04 -7.797792e+03  8.854137e+03
    endloop
  endfacet
  facet normal -9.999999e-01  0.000000e+00  0.000000e+00
    outer loop
      vertex  1.090000e+04 -6.600000e+03  6.543407e+03
      vertex  1.090000e+04 -7.797792e+03  8.854137e+03
      vertex  1.090000e+04 -7.837307e+03  9.035153e+03
    endloop
  endfacet
  facet normal -1.000000e+00  0.000000e+00  0.000000e+00
    outer loop
      vertex  1.090000e+04 -6.600000e+03  6.543407e+03
      vertex  1.090000e+04 -7.837307e+03  9.035153e+03
      vertex  1.090000e+04 -7.872419e+03  9.224715e+03
    endloop
  endfacet
  facet normal -1.000000e+00  0.000000e+00  0.000000e+00
    outer loop
      vertex  1.090000e+04 -6.600000e+03  6.543407e+03
      vertex  1.090000e+04 -7.872419e+03  9.224715e+03
      vertex  1.090000e+04 -7.901851e+03  9.416531e+03
    endloop
  endfacet
  facet normal -9.999999e-01  0.000000e+00  0.000000e+00
    outer loop
      vertex  1.090000e+04 -6.600000e+03  6.543407e+03
      vertex  1.090000e+04 -7.901851e+03  9.416531e+03
      vertex  1.090000e+04 -7.916895e+03  9.532910e+03
    endloop
  endfacet
  facet normal -1.000000e+00  0.000000e+00  0.000000e+00
    outer loop
      vertex  1.090000e+04 -6.600000e+03  6.543407e+03
      vertex  1.090000e+04 -7.916895e+03  9.532910e+03
      vertex  1.090000e+04 -7.930000e+03  9.650000e+03
    endloop
  endfacet
  facet normal -1.000000e+00  0.000000e+00  0.000000e+00
    outer loop
      vertex  1.090000e+04 -6.600000e+03  6.543407e+03
      vertex  1.090000e+04 -7.930000e+03  9.650000e+03
      vertex  1.090000e+04 -6.600000e+03  9.650000e+03
    endloop
  endfacet
  facet normal  2.352009e-03 -9.999970e-01  6.873492e-04
    outer loop
      vertex  1.860000e+04 -7.930000e+03  9.650000e+03
      vertex  1.859990e+04 -7.930313e+03  9.195000e+03
      vertex  1.860000e+04 -7.930625e+03  8.740002e+03
    endloop
  endfacet
  facet normal  2.351999e-03 -9.999970e-01  6.873492e-04
    outer loop
      vertex  1.859990e+04 -7.930313e+03  9.195000e+03
      vertex  1.859979e+04 -7.930626e+03  8.740000e+03
      vertex  1.860000e+04 -7.930625e+03  8.740002e+03
    endloop
  endfacet
  facet normal  0.000000e+00  0.000000e+00  1.000000e+00
    outer loop
      vertex  1.090000e+04 -6.600000e+03  9.650000e+03
      vertex  1.090000e+04 -7.930000e+03  9.650000e+03
      vertex  1.282500e+04 -7.930000e+03  9.650000e+03
    endloop
  endfacet
  facet normal  0.000000e+00  -0.000000e+00  1.000000e+00
    outer loop
      vertex  1.090000e+04 -6.600000e+03  9.650000e+03
      vertex  1.282500e+04 -7.930000e+03  9.650000e+03
      vertex  1.475000e+04 -7.930000e+03  9.650000e+03
    endloop
  endfacet
  facet normal  0.000000e+00  -0.000000e+00  1.000000e+00
    outer loop
      vertex  1.090000e+04 -6.600000e+03  9.650000e+03
      vertex  1.475000e+04 -7.930000e+03  9.650000e+03
      vertex  1.571250e+04 -7.930000e+03  9.650000e+03
    endloop
  endfacet
  facet normal  0.000000e+00  -0.000000e+00  1.000000e+00
    outer loop
      vertex  1.090000e+04 -6.600000e+03  9.650000e+03
      vertex  1.571250e+04 -7.930000e+03  9.650000e+03
      vertex  1.667500e+04 -7.930000e+03  9.650000e+03
    endloop
  endfacet
  facet normal  0.000000e+00  -0.000000e+00  1.000000e+00
    outer loop
      vertex  1.090000e+04 -6.600000e+03  9.650000e+03
      vertex  1.667500e+04 -7.930000e+03  9.650000e+03
      vertex  1.763750e+04 -7.930000e+03  9.650000e+03
    endloop
  endfacet
  facet normal  -0.000000e+00  0.000000e+00  1.000000e+00
    outer loop
      vertex  1.860000e+04 -3.273000e+03  9.650000e+03
      vertex  1.650000e+04 -3.273000e+03  9.650000e+03
      vertex  1.860000e+04 -7.930000e+03  9.650000e+03
    endloop
  endfacet
  facet normal  0.000000e+00  0.000000e+00  1.000000e+00
    outer loop
      vertex  1.860000e+04 -7.930000e+03  9.650000e+03
      vertex  1.650000e+04 -3.273000e+03  9.650000e+03
      vertex  1.650000e+04 -6.600000e+03  9.650000e+03
    endloop
  endfacet
  facet normal  0.000000e+00  0.000000e+00  1.000000e+00
    outer loop
      vertex  1.860000e+04 -7.930000e+03  9.650000e+03
      vertex  1.650000e+04 -6.600000e+03  9.650000e+03
      vertex  1.763750e+04 -7.930000e+03  9.650000e+03
    endloop
  endfacet
  facet normal  0.000000e+00  0.000000e+00  9.999999e-01
    outer loop
      vertex  1.763750e+04 -7.930000e+03  9.650000e+03
      vertex  1.650000e+04 -6.600000e+03  9.650000e+03
      vertex  1.090000e+04 -6.600000e+03  9.650000e+03
    endloop
  endfacet
  facet normal -1.419148e-02 -9.671651e-01 -2.537523e-01
    outer loop
      vertex  1.198480e+04 -7.728218e+03  8.538407e+03
      vertex  1.208153e+04 -7.770190e+03  8.692971e+03
      vertex  1.090000e+04 -7.703052e+03  8.503155e+03
    endloop
  endfacet
  facet normal -1.116666e-02 -9.750617e-01 -2.216530e-01
    outer loop
      vertex  1.208153e+04 -7.770190e+03  8.692971e+03
      vertex  1.261188e+04 -7.815321e+03  8.864787e+03
      vertex  1.090000e+04 -7.752703e+03  8.675567e+03
    endloop
  endfacet
  facet normal -1.014595e-02 -9.608978e-01 -2.767173e-01
    outer loop
      vertex  1.090000e+04 -7.703052e+03  8.503155e+03
      vertex  1.208153e+04 -7.770190e+03  8.692971e+03
      vertex  1.090000e+04 -7.752703e+03  8.675567e+03
    endloop
  endfacet
  facet normal -8.405071e-03 -9.695351e-01 -2.448082e-01
    outer loop
      vertex  1.090000e+04 -7.752703e+03  8.675567e+03
      vertex  1.261188e+04 -7.815321e+03  8.864787e+03
      vertex  1.090000e+04 -7.797792e+03  8.854137e+03
    endloop
  endfacet
  facet normal -6.146932e-03 -9.858779e-01 -1.673527e-01
    outer loop
      vertex  1.261172e+04 -7.844859e+03  9.016771e+03
      vertex  1.261157e+04 -7.871084e+03  9.171272e+03
      vertex  1.090000e+04 -7.837307e+03  9.035153e+03
    endloop
  endfacet
  facet normal -6.600718e-03 -9.769714e-01 -2.132686e-01
    outer loop
      vertex  1.090000e+04 -7.797792e+03  8.854137e+03
      vertex  1.261172e+04 -7.844859e+03  9.016771e+03
      vertex  1.090000e+04 -7.837307e+03  9.035153e+03
    endloop
  endfacet
  facet normal -3.690402e-03 -9.897283e-01 -1.429134e-01
    outer loop
      vertex  1.261157e+04 -7.871084e+03  9.171272e+03
      vertex  1.346701e+04 -7.898892e+03  9.341761e+03
      vertex  1.090000e+04 -7.872419e+03  9.224715e+03
    endloop
  endfacet
  facet normal -4.919990e-03 -9.832619e-01 -1.821312e-01
    outer loop
      vertex  1.090000e+04 -7.837307e+03  9.035153e+03
      vertex  1.261157e+04 -7.871084e+03  9.171272e+03
      vertex  1.090000e+04 -7.872419e+03  9.224715e+03
    endloop
  endfacet
  facet normal -2.061458e-03 -9.939182e-01 -1.101008e-01
    outer loop
      vertex  1.346701e+04 -7.898892e+03  9.341761e+03
      vertex  1.346684e+04 -7.915843e+03  9.494788e+03
      vertex  1.090000e+04 -7.901851e+03  9.416531e+03
    endloop
  endfacet
  facet normal -3.278250e-03 -9.884276e-01 -1.516584e-01
    outer loop
      vertex  1.090000e+04 -7.872419e+03  9.224715e+03
      vertex  1.346701e+04 -7.898892e+03  9.341761e+03
      vertex  1.090000e+04 -7.901851e+03  9.416531e+03
    endloop
  endfacet
  facet normal -1.002347e-03 -9.954823e-01 -9.494199e-02
    outer loop
      vertex  1.346684e+04 -7.915843e+03  9.494788e+03
      vertex  1.282500e+04 -7.930000e+03  9.650000e+03
      vertex  1.090000e+04 -7.916895e+03  9.532910e+03
    endloop
  endfacet
  facet normal -1.497819e-03 -9.917472e-01 -1.282001e-01
    outer loop
      vertex  1.090000e+04 -7.901851e+03  9.416531e+03
      vertex  1.346684e+04 -7.915843e+03  9.494788e+03
      vertex  1.090000e+04 -7.916895e+03  9.532910e+03
    endloop
  endfacet
  facet normal  -0.000000e+00 -9.937945e-01 -1.112320e-01
    outer loop
      vertex  1.090000e+04 -7.916895e+03  9.532910e+03
      vertex  1.282500e+04 -7.930000e+03  9.650000e+03
      vertex  1.090000e+04 -7.930000e+03  9.650000e+03
    endloop
  endfacet
  facet normal -2.482206e-03 -9.991524e-01 -4.108753e-02
    outer loop
      vertex  1.667500e+04 -7.930000e+03  9.650000e+03
      vertex  1.633162e+04 -7.923716e+03  9.517928e+03
      vertex  1.712235e+04 -7.925943e+03  9.524314e+03
    endloop
  endfacet
  facet normal  -0.000000e+00 -9.994794e-01 -3.226319e-02
    outer loop
      vertex  1.712235e+04 -7.925943e+03  9.524314e+03
      vertex  1.763750e+04 -7.930000e+03  9.650000e+03
      vertex  1.667500e+04 -7.930000e+03  9.650000e+03
    endloop
  endfacet
  facet normal -2.636097e-03 -9.997661e-01 -2.146785e-02
    outer loop
      vertex  1.786116e+04 -7.928019e+03  9.530282e+03
      vertex  1.763750e+04 -7.930000e+03  9.650000e+03
      vertex  1.712235e+04 -7.925943e+03  9.524314e+03
    endloop
  endfacet
  facet normal  0.000000e+00 -9.998631e-01 -1.654463e-02
    outer loop
      vertex  1.763750e+04 -7.930000e+03  9.650000e+03
      vertex  1.786116e+04 -7.928019e+03  9.530282e+03
      vertex  1.860000e+04 -7.930000e+03  9.650000e+03
    endloop
  endfacet
  facet normal -2.860977e-02 -9.981855e-01 -5.298182e-02
    outer loop
      vertex  1.763763e+04 -7.894332e+03  8.689174e+03
      vertex  1.795834e+04 -7.910636e+03  8.823166e+03
      vertex  1.731689e+04 -7.890627e+03  8.792582e+03
    endloop
  endfacet
  facet normal -3.586222e-02 -9.987193e-01 -3.568800e-02
    outer loop
      vertex  1.811870e+04 -7.912514e+03  8.714587e+03
      vertex  1.795834e+04 -7.910636e+03  8.823166e+03
      vertex  1.763763e+04 -7.894332e+03  8.689174e+03
    endloop
  endfacet
  facet normal -1.562058e-02 -9.812763e-01 -1.919708e-01
    outer loop
      vertex  1.346753e+04 -7.831070e+03  8.895710e+03
      vertex  1.326260e+04 -7.797873e+03  8.742694e+03
      vertex  1.400682e+04 -7.815851e+03  8.774034e+03
    endloop
  endfacet
  facet normal -1.225908e-02 -9.840588e-01 -1.774202e-01
    outer loop
      vertex  1.400682e+04 -7.815851e+03  8.774034e+03
      vertex  1.475078e+04 -7.855419e+03  8.942095e+03
      vertex  1.346753e+04 -7.831070e+03  8.895710e+03
    endloop
  endfacet
  facet normal -6.329264e-03 -9.914988e-01 -1.299614e-01
    outer loop
      vertex  1.346719e+04 -7.879121e+03  9.190912e+03
      vertex  1.346701e+04 -7.898892e+03  9.341761e+03
      vertex  1.261157e+04 -7.871084e+03  9.171272e+03
    endloop
  endfacet
  facet normal -5.540162e-03 -9.991887e-01 -3.989012e-02
    outer loop
      vertex  1.731677e+04 -7.917367e+03  9.279290e+03
      vertex  1.768043e+04 -7.924523e+03  9.408036e+03
      vertex  1.676092e+04 -7.918848e+03  9.393572e+03
    endloop
  endfacet
  facet normal -9.389235e-03 -9.995342e-01 -2.903706e-02
    outer loop
      vertex  1.795834e+04 -7.923822e+03  9.294021e+03
      vertex  1.768043e+04 -7.924523e+03  9.408036e+03
      vertex  1.731677e+04 -7.917367e+03  9.279290e+03
    endloop
  endfacet
  facet normal -2.609552e-03 -9.996908e-01 -2.472794e-02
    outer loop
      vertex  1.768043e+04 -7.924523e+03  9.408036e+03
      vertex  1.786116e+04 -7.928019e+03  9.530282e+03
      vertex  1.712235e+04 -7.925943e+03  9.524314e+03
    endloop
  endfacet
  facet normal -1.943535e-02 -9.998109e-01  6.921780e-04
    outer loop
      vertex  1.859979e+04 -7.930626e+03  8.740000e+03
      vertex  1.859990e+04 -7.930313e+03  9.195000e+03
      vertex  1.795834e+04 -7.917937e+03  9.058058e+03
    endloop
  endfacet
  facet normal -3.439776e-02 -9.989723e-01 -2.951731e-02
    outer loop
      vertex  1.859979e+04 -7.930626e+03  8.740000e+03
      vertex  1.795834e+04 -7.917937e+03  9.058058e+03
      vertex  1.795834e+04 -7.914462e+03  8.940479e+03
    endloop
  endfacet
  facet normal -3.535224e-02 -9.988436e-01 -3.258165e-02
    outer loop
      vertex  1.859979e+04 -7.930626e+03  8.740000e+03
      vertex  1.795834e+04 -7.914462e+03  8.940479e+03
      vertex  1.795834e+04 -7.910636e+03  8.823166e+03
    endloop
  endfacet
  facet normal -3.572523e-02 -9.987314e-01 -3.548546e-02
    outer loop
      vertex  1.859979e+04 -7.930626e+03  8.740000e+03
      vertex  1.795834e+04 -7.910636e+03  8.823166e+03
      vertex  1.811870e+04 -7.912514e+03  8.714587e+03
    endloop
  endfacet
  facet normal -2.792725e-03 -9.999958e-01  6.885189e-04
    outer loop
      vertex  1.859990e+04 -7.930313e+03  9.195000e+03
      vertex  1.860000e+04 -7.930000e+03  9.650000e+03
      vertex  1.786116e+04 -7.928019e+03  9.530282e+03
    endloop
  endfacet
  facet normal -9.623490e-03 -9.998506e-01 -1.436288e-02
    outer loop
      vertex  1.859990e+04 -7.930313e+03  9.195000e+03
      vertex  1.786116e+04 -7.928019e+03  9.530282e+03
      vertex  1.768043e+04 -7.924523e+03  9.408036e+03
    endloop
  endfacet
  facet normal -1.771811e-02 -9.986252e-01 -4.933274e-02
    outer loop
      vertex  1.859990e+04 -7.930313e+03  9.195000e+03
      vertex  1.768043e+04 -7.924523e+03  9.408036e+03
      vertex  1.795834e+04 -7.923822e+03  9.294021e+03
    endloop
  endfacet
  facet normal -1.372605e-02 -9.996319e-01 -2.340192e-02
    outer loop
      vertex  1.859990e+04 -7.930313e+03  9.195000e+03
      vertex  1.795834e+04 -7.923822e+03  9.294021e+03
      vertex  1.795834e+04 -7.921057e+03  9.175904e+03
    endloop
  endfacet
  facet normal -1.363381e-02 -9.995568e-01 -2.646434e-02
    outer loop
      vertex  1.859990e+04 -7.930313e+03  9.195000e+03
      vertex  1.795834e+04 -7.921057e+03  9.175904e+03
      vertex  1.795834e+04 -7.917937e+03  9.058058e+03
    endloop
  endfacet
  facet normal -1.840355e-02 -9.594885e-01 -2.811464e-01
    outer loop
      vertex  1.218235e+04 -7.691761e+03  8.401055e+03
      vertex  1.198480e+04 -7.728218e+03  8.538407e+03
      vertex  1.154079e+04 -7.669535e+03  8.367199e+03
    endloop
  endfacet
  facet normal -1.258415e-02 -9.554585e-01 -2.948569e-01
    outer loop
      vertex  1.154079e+04 -7.669535e+03  8.367199e+03
      vertex  1.198480e+04 -7.728218e+03  8.538407e+03
      vertex  1.090000e+04 -7.703052e+03  8.503155e+03
    endloop
  endfacet
  facet normal -1.575807e-02 -9.510216e-01 -3.087226e-01
    outer loop
      vertex  1.154079e+04 -7.669535e+03  8.367199e+03
      vertex  1.090000e+04 -7.703052e+03  8.503155e+03
      vertex  1.090000e+04 -7.647943e+03  8.333394e+03
    endloop
  endfacet
  facet normal  0.000000e+00 -9.988699e-01 -4.752760e-02
    outer loop
      vertex  1.667500e+04 -7.930000e+03  9.650000e+03
      vertex  1.571250e+04 -7.930000e+03  9.650000e+03
      vertex  1.633162e+04 -7.923716e+03  9.517928e+03
    endloop
  endfacet
  facet normal  0.000000e+00 -9.988699e-01 -4.752760e-02
    outer loop
      vertex  1.633162e+04 -7.923716e+03  9.517928e+03
      vertex  1.571250e+04 -7.930000e+03  9.650000e+03
      vertex  1.475000e+04 -7.930000e+03  9.650000e+03
    endloop
  endfacet
  facet normal -2.186287e-03 -9.972829e-01 -7.363383e-02
    outer loop
      vertex  1.633162e+04 -7.923716e+03  9.517928e+03
      vertex  1.475000e+04 -7.930000e+03  9.650000e+03
      vertex  1.475016e+04 -7.919306e+03  9.505153e+03
    endloop
  endfacet
  facet normal  0.000000e+00 -9.972855e-01 -7.363170e-02
    outer loop
      vertex  1.475016e+04 -7.919306e+03  9.505153e+03
      vertex  1.475000e+04 -7.930000e+03  9.650000e+03
      vertex  1.282500e+04 -7.930000e+03  9.650000e+03
    endloop
  endfacet
  facet normal -1.888688e-03 -9.951279e-01 -9.857491e-02
    outer loop
      vertex  1.475016e+04 -7.919306e+03  9.505153e+03
      vertex  1.282500e+04 -7.930000e+03  9.650000e+03
      vertex  1.346684e+04 -7.915843e+03  9.494788e+03
    endloop
  endfacet
  facet normal -2.433814e-02 -9.753747e-01 -2.192073e-01
    outer loop
      vertex  1.417984e+04 -7.763974e+03  8.506518e+03
      vertex  1.391019e+04 -7.785033e+03  8.630159e+03
      vertex  1.360910e+04 -7.742959e+03  8.476377e+03
    endloop
  endfacet
  facet normal -1.819794e-02 -9.728904e-01 -2.305494e-01
    outer loop
      vertex  1.360910e+04 -7.742959e+03  8.476377e+03
      vertex  1.391019e+04 -7.785033e+03  8.630159e+03
      vertex  1.306914e+04 -7.759802e+03  8.590074e+03
    endloop
  endfacet
  facet normal -2.207551e-02 -9.684306e-01 -2.483038e-01
    outer loop
      vertex  1.360910e+04 -7.742959e+03  8.476377e+03
      vertex  1.306914e+04 -7.759802e+03  8.590074e+03
      vertex  1.303833e+04 -7.722221e+03  8.446240e+03
    endloop
  endfacet
  facet normal -1.631456e-02 -9.682405e-01 -2.494881e-01
    outer loop
      vertex  1.303833e+04 -7.722221e+03  8.446240e+03
      vertex  1.306914e+04 -7.759802e+03  8.590074e+03
      vertex  1.198480e+04 -7.728218e+03  8.538407e+03
    endloop
  endfacet
  facet normal -1.923227e-02 -9.591486e-01 -2.822481e-01
    outer loop
      vertex  1.303833e+04 -7.722221e+03  8.446240e+03
      vertex  1.198480e+04 -7.728218e+03  8.538407e+03
      vertex  1.218235e+04 -7.691761e+03  8.401055e+03
    endloop
  endfacet
  facet normal -3.407721e-02 -9.969659e-01 -6.998353e-02
    outer loop
      vertex  1.763763e+04 -7.894332e+03  8.689174e+03
      vertex  1.731689e+04 -7.890627e+03  8.792582e+03
      vertex  1.715655e+04 -7.876104e+03  8.663760e+03
    endloop
  endfacet
  facet normal -2.742240e-02 -9.965589e-01 -7.822062e-02
    outer loop
      vertex  1.715655e+04 -7.876104e+03  8.663760e+03
      vertex  1.731689e+04 -7.890627e+03  8.792582e+03
      vertex  1.667547e+04 -7.870577e+03  8.761998e+03
    endloop
  endfacet
  facet normal -3.230679e-02 -9.942318e-01 -1.022712e-01
    outer loop
      vertex  1.715655e+04 -7.876104e+03  8.663760e+03
      vertex  1.667547e+04 -7.870577e+03  8.761998e+03
      vertex  1.667546e+04 -7.857857e+03  8.638345e+03
    endloop
  endfacet
  facet normal -2.620055e-02 -9.944096e-01 -1.022897e-01
    outer loop
      vertex  1.667546e+04 -7.857857e+03  8.638345e+03
      vertex  1.667547e+04 -7.870577e+03  8.761998e+03
      vertex  1.627453e+04 -7.858046e+03  8.742881e+03
    endloop
  endfacet
  facet normal -3.119664e-02 -9.921076e-01 -1.214472e-01
    outer loop
      vertex  1.667546e+04 -7.857857e+03  8.638345e+03
      vertex  1.627453e+04 -7.858046e+03  8.742881e+03
      vertex  1.619433e+04 -7.839616e+03  8.612927e+03
    endloop
  endfacet
  facet normal -2.497610e-02 -9.918115e-01 -1.252444e-01
    outer loop
      vertex  1.619433e+04 -7.839616e+03  8.612927e+03
      vertex  1.627453e+04 -7.858046e+03  8.742881e+03
      vertex  1.587359e+04 -7.845536e+03  8.723764e+03
    endloop
  endfacet
  facet normal -3.005933e-02 -9.897174e-01 -1.398423e-01
    outer loop
      vertex  1.619433e+04 -7.839616e+03  8.612927e+03
      vertex  1.587359e+04 -7.845536e+03  8.723764e+03
      vertex  1.571313e+04 -7.821410e+03  8.587507e+03
    endloop
  endfacet
  facet normal -2.373510e-02 -9.888319e-01 -1.471332e-01
    outer loop
      vertex  1.571313e+04 -7.821410e+03  8.587507e+03
      vertex  1.587359e+04 -7.845536e+03  8.723764e+03
      vertex  1.531235e+04 -7.828083e+03  8.697004e+03
    endloop
  endfacet
  facet normal -2.848974e-02 -9.859886e-01 -1.643624e-01
    outer loop
      vertex  1.571313e+04 -7.821410e+03  8.587507e+03
      vertex  1.531235e+04 -7.828083e+03  8.697004e+03
      vertex  1.523184e+04 -7.803265e+03  8.562083e+03
    endloop
  endfacet
  facet normal -2.245840e-02 -9.855514e-01 -1.678810e-01
    outer loop
      vertex  1.523184e+04 -7.803265e+03  8.562083e+03
      vertex  1.531235e+04 -7.828083e+03  8.697004e+03
      vertex  1.475109e+04 -7.810734e+03  8.670245e+03
    endloop
  endfacet
  facet normal -2.692239e-02 -9.819012e-01 -1.874705e-01
    outer loop
      vertex  1.523184e+04 -7.803265e+03  8.562083e+03
      vertex  1.475109e+04 -7.810734e+03  8.670245e+03
      vertex  1.475047e+04 -7.785212e+03  8.536656e+03
    endloop
  endfacet
  facet normal -2.107570e-02 -9.820341e-01 -1.875228e-01
    outer loop
      vertex  1.475047e+04 -7.785212e+03  8.536656e+03
      vertex  1.475109e+04 -7.810734e+03  8.670245e+03
      vertex  1.391019e+04 -7.785033e+03  8.630159e+03
    endloop
  endfacet
  facet normal -2.467963e-02 -9.752049e-01 -2.199231e-01
    outer loop
      vertex  1.475047e+04 -7.785212e+03  8.536656e+03
      vertex  1.391019e+04 -7.785033e+03  8.630159e+03
      vertex  1.417984e+04 -7.763974e+03  8.506518e+03
    endloop
  endfacet
  facet normal -1.789500e-02 -9.752055e-01 -2.205767e-01
    outer loop
      vertex  1.306914e+04 -7.759802e+03  8.590074e+03
      vertex  1.326260e+04 -7.797873e+03  8.742694e+03
      vertex  1.198480e+04 -7.728218e+03  8.538407e+03
    endloop
  endfacet
  facet normal -1.192222e-02 -9.668450e-01 -2.550855e-01
    outer loop
      vertex  1.198480e+04 -7.728218e+03  8.538407e+03
      vertex  1.326260e+04 -7.797873e+03  8.742694e+03
      vertex  1.208153e+04 -7.770190e+03  8.692971e+03
    endloop
  endfacet
  facet normal -1.487293e-02 -9.810992e-01 -1.929336e-01
    outer loop
      vertex  1.326260e+04 -7.797873e+03  8.742694e+03
      vertex  1.346753e+04 -7.831070e+03  8.895710e+03
      vertex  1.208153e+04 -7.770190e+03  8.692971e+03
    endloop
  endfacet
  facet normal -9.772073e-03 -9.741440e-01 -2.257166e-01
    outer loop
      vertex  1.208153e+04 -7.770190e+03  8.692971e+03
      vertex  1.346753e+04 -7.831070e+03  8.895710e+03
      vertex  1.261188e+04 -7.815321e+03  8.864787e+03
    endloop
  endfacet
  facet normal -2.442263e-02 -9.906903e-01 -1.339257e-01
    outer loop
      vertex  1.587359e+04 -7.845536e+03  8.723764e+03
      vertex  1.571320e+04 -7.858093e+03  8.845905e+03
      vertex  1.531235e+04 -7.828083e+03  8.697004e+03
    endloop
  endfacet
  facet normal -1.829623e-02 -9.885197e-01 -1.499805e-01
    outer loop
      vertex  1.531235e+04 -7.828083e+03  8.697004e+03
      vertex  1.571320e+04 -7.858093e+03  8.845905e+03
      vertex  1.475093e+04 -7.834133e+03  8.805373e+03
    endloop
  endfacet
  facet normal -2.231420e-02 -9.850869e-01 -1.706046e-01
    outer loop
      vertex  1.531235e+04 -7.828083e+03  8.697004e+03
      vertex  1.475093e+04 -7.834133e+03  8.805373e+03
      vertex  1.475109e+04 -7.810734e+03  8.670245e+03
    endloop
  endfacet
  facet normal -1.702028e-02 -9.851905e-01 -1.706164e-01
    outer loop
      vertex  1.475109e+04 -7.810734e+03  8.670245e+03
      vertex  1.475093e+04 -7.834133e+03  8.805373e+03
      vertex  1.400682e+04 -7.815851e+03  8.774034e+03
    endloop
  endfacet
  facet normal -2.061346e-02 -9.803583e-01 -1.961449e-01
    outer loop
      vertex  1.475109e+04 -7.810734e+03  8.670245e+03
      vertex  1.400682e+04 -7.815851e+03  8.774034e+03
      vertex  1.391019e+04 -7.785033e+03  8.630159e+03
    endloop
  endfacet
  facet normal -1.526218e-02 -9.797567e-01 -1.996098e-01
    outer loop
      vertex  1.391019e+04 -7.785033e+03  8.630159e+03
      vertex  1.400682e+04 -7.815851e+03  8.774034e+03
      vertex  1.326260e+04 -7.797873e+03  8.742694e+03
    endloop
  endfacet
  facet normal -1.880162e-02 -9.754348e-01 -2.194847e-01
    outer loop
      vertex  1.391019e+04 -7.785033e+03  8.630159e+03
      vertex  1.326260e+04 -7.797873e+03  8.742694e+03
      vertex  1.306914e+04 -7.759802e+03  8.590074e+03
    endloop
  endfacet
  facet normal -2.559253e-02 -9.931279e-01 -1.142014e-01
    outer loop
      vertex  1.667547e+04 -7.870577e+03  8.761998e+03
      vertex  1.619430e+04 -7.870156e+03  8.866171e+03
      vertex  1.627453e+04 -7.858046e+03  8.742881e+03
    endloop
  endfacet
  facet normal -2.024787e-02 -9.936394e-01 -1.107737e-01
    outer loop
      vertex  1.627453e+04 -7.858046e+03  8.742881e+03
      vertex  1.619430e+04 -7.870156e+03  8.866171e+03
      vertex  1.571320e+04 -7.858093e+03  8.845905e+03
    endloop
  endfacet
  facet normal -2.452055e-02 -9.906709e-01 -1.340522e-01
    outer loop
      vertex  1.627453e+04 -7.858046e+03  8.742881e+03
      vertex  1.571320e+04 -7.858093e+03  8.845905e+03
      vertex  1.587359e+04 -7.845536e+03  8.723764e+03
    endloop
  endfacet
  facet normal -2.108178e-02 -9.954094e-01 -9.335750e-02
    outer loop
      vertex  1.619430e+04 -7.870156e+03  8.866171e+03
      vertex  1.667547e+04 -7.870577e+03  8.761998e+03
      vertex  1.667540e+04 -7.882246e+03  8.886437e+03
    endloop
  endfacet
  facet normal -2.666102e-02 -9.952765e-01 -9.334800e-02
    outer loop
      vertex  1.667540e+04 -7.882246e+03  8.886437e+03
      vertex  1.667547e+04 -7.870577e+03  8.761998e+03
      vertex  1.731689e+04 -7.890627e+03  8.792582e+03
    endloop
  endfacet
  facet normal -2.238920e-02 -9.977030e-01 -6.393351e-02
    outer loop
      vertex  1.667540e+04 -7.882246e+03  8.886437e+03
      vertex  1.731689e+04 -7.890627e+03  8.792582e+03
      vertex  1.731686e+04 -7.898373e+03  8.913458e+03
    endloop
  endfacet
  facet normal -2.806844e-02 -9.975598e-01 -6.392581e-02
    outer loop
      vertex  1.731686e+04 -7.898373e+03  8.913458e+03
      vertex  1.731689e+04 -7.890627e+03  8.792582e+03
      vertex  1.795834e+04 -7.910636e+03  8.823166e+03
    endloop
  endfacet
  facet normal -2.368925e-02 -9.991879e-01 -3.259289e-02
    outer loop
      vertex  1.731686e+04 -7.898373e+03  8.913458e+03
      vertex  1.795834e+04 -7.910636e+03  8.823166e+03
      vertex  1.795834e+04 -7.914462e+03  8.940479e+03
    endloop
  endfacet
  facet normal -1.779482e-02 -9.879373e-01 -1.538282e-01
    outer loop
      vertex  1.400682e+04 -7.815851e+03  8.774034e+03
      vertex  1.475093e+04 -7.834133e+03  8.805373e+03
      vertex  1.475078e+04 -7.855419e+03  8.942095e+03
    endloop
  endfacet
  facet normal -1.811954e-02 -9.879315e-01 -1.538276e-01
    outer loop
      vertex  1.475078e+04 -7.855419e+03  8.942095e+03
      vertex  1.475093e+04 -7.834133e+03  8.805373e+03
      vertex  1.571320e+04 -7.858093e+03  8.845905e+03
    endloop
  endfacet
  facet normal -1.482689e-02 -9.925717e-01 -1.207542e-01
    outer loop
      vertex  1.475078e+04 -7.855419e+03  8.942095e+03
      vertex  1.571320e+04 -7.858093e+03  8.845905e+03
      vertex  1.543479e+04 -7.868645e+03  8.966823e+03
    endloop
  endfacet
  facet normal -1.933405e-02 -9.911923e-01 -1.310114e-01
    outer loop
      vertex  1.543479e+04 -7.868645e+03  8.966823e+03
      vertex  1.571320e+04 -7.858093e+03  8.845905e+03
      vertex  1.619430e+04 -7.870156e+03  8.866171e+03
    endloop
  endfacet
  facet normal -1.565022e-02 -9.945413e-01 -1.031632e-01
    outer loop
      vertex  1.543479e+04 -7.868645e+03  8.966823e+03
      vertex  1.619430e+04 -7.870156e+03  8.866171e+03
      vertex  1.611876e+04 -7.881973e+03  8.991551e+03
    endloop
  endfacet
  facet normal -2.051513e-02 -9.941483e-01 -1.060572e-01
    outer loop
      vertex  1.611876e+04 -7.881973e+03  8.991551e+03
      vertex  1.619430e+04 -7.870156e+03  8.866171e+03
      vertex  1.667540e+04 -7.882246e+03  8.886437e+03
    endloop
  endfacet
  facet normal -1.643416e-02 -9.962929e-01 -8.444070e-02
    outer loop
      vertex  1.611876e+04 -7.881973e+03  8.991551e+03
      vertex  1.667540e+04 -7.882246e+03  8.886437e+03
      vertex  1.671780e+04 -7.893690e+03  9.013208e+03
    endloop
  endfacet
  facet normal -2.156313e-02 -9.963387e-01 -8.272955e-02
    outer loop
      vertex  1.671780e+04 -7.893690e+03  9.013208e+03
      vertex  1.667540e+04 -7.882246e+03  8.886437e+03
      vertex  1.731686e+04 -7.898373e+03  8.913458e+03
    endloop
  endfacet
  facet normal -1.744138e-02 -9.981707e-01 -5.788969e-02
    outer loop
      vertex  1.671780e+04 -7.893690e+03  9.013208e+03
      vertex  1.731686e+04 -7.898373e+03  8.913458e+03
      vertex  1.731683e+04 -7.905413e+03  9.034865e+03
    endloop
  endfacet
  facet normal -2.259578e-02 -9.980675e-01 -5.788511e-02
    outer loop
      vertex  1.731683e+04 -7.905413e+03  9.034865e+03
      vertex  1.731686e+04 -7.898373e+03  8.913458e+03
      vertex  1.795834e+04 -7.914462e+03  8.940479e+03
    endloop
  endfacet
  facet normal -1.844247e-02 -9.993938e-01 -2.952949e-02
    outer loop
      vertex  1.731683e+04 -7.905413e+03  9.034865e+03
      vertex  1.795834e+04 -7.914462e+03  8.940479e+03
      vertex  1.795834e+04 -7.917937e+03  9.058058e+03
    endloop
  endfacet
  facet normal -8.864694e-03 -9.815932e-01 -1.907779e-01
    outer loop
      vertex  1.090000e+04 -7.797792e+03  8.854137e+03
      vertex  1.261188e+04 -7.815321e+03  8.864787e+03
      vertex  1.261172e+04 -7.844859e+03  9.016771e+03
    endloop
  endfacet
  facet normal -1.117148e-02 -9.815701e-01 -1.907758e-01
    outer loop
      vertex  1.261172e+04 -7.844859e+03  9.016771e+03
      vertex  1.261188e+04 -7.815321e+03  8.864787e+03
      vertex  1.346753e+04 -7.831070e+03  8.895710e+03
    endloop
  endfacet
  facet normal -8.330008e-03 -9.852177e-01 -1.711042e-01
    outer loop
      vertex  1.261172e+04 -7.844859e+03  9.016771e+03
      vertex  1.346753e+04 -7.831070e+03  8.895710e+03
      vertex  1.346736e+04 -7.856515e+03  9.042232e+03
    endloop
  endfacet
  facet normal -1.250864e-02 -9.851740e-01 -1.711016e-01
    outer loop
      vertex  1.346736e+04 -7.856515e+03  9.042232e+03
      vertex  1.346753e+04 -7.831070e+03  8.895710e+03
      vertex  1.475078e+04 -7.855419e+03  8.942095e+03
    endloop
  endfacet
  facet normal -9.859392e-03 -9.904935e-01 -1.372057e-01
    outer loop
      vertex  1.346736e+04 -7.856515e+03  9.042232e+03
      vertex  1.475078e+04 -7.855419e+03  8.942095e+03
      vertex  1.475062e+04 -7.874579e+03  9.080424e+03
    endloop
  endfacet
  facet normal -1.419103e-02 -9.904413e-01 -1.372033e-01
    outer loop
      vertex  1.475062e+04 -7.874579e+03  9.080424e+03
      vertex  1.475078e+04 -7.855419e+03  8.942095e+03
      vertex  1.543479e+04 -7.868645e+03  8.966823e+03
    endloop
  endfacet
  facet normal -1.079563e-02 -9.930859e-01 -1.168925e-01
    outer loop
      vertex  1.475062e+04 -7.874579e+03  9.080424e+03
      vertex  1.543479e+04 -7.868645e+03  8.966823e+03
      vertex  1.551730e+04 -7.885600e+03  9.103244e+03
    endloop
  endfacet
  facet normal -1.522614e-02 -9.933361e-01 -1.142438e-01
    outer loop
      vertex  1.551730e+04 -7.885600e+03  9.103244e+03
      vertex  1.543479e+04 -7.868645e+03  8.966823e+03
      vertex  1.611876e+04 -7.881973e+03  8.991551e+03
    endloop
  endfacet
  facet normal -1.161089e-02 -9.954244e-01 -9.484364e-02
    outer loop
      vertex  1.551730e+04 -7.885600e+03  9.103244e+03
      vertex  1.611876e+04 -7.881973e+03  8.991551e+03
      vertex  1.628395e+04 -7.896716e+03  9.126064e+03
    endloop
  endfacet
  facet normal -1.625437e-02 -9.958819e-01 -8.919153e-02
    outer loop
      vertex  1.628395e+04 -7.896716e+03  9.126064e+03
      vertex  1.611876e+04 -7.881973e+03  8.991551e+03
      vertex  1.671780e+04 -7.893690e+03  9.013208e+03
    endloop
  endfacet
  facet normal -1.230525e-02 -9.971790e-01 -7.404492e-02
    outer loop
      vertex  1.628395e+04 -7.896716e+03  9.126064e+03
      vertex  1.671780e+04 -7.893690e+03  9.013208e+03
      vertex  1.680037e+04 -7.904230e+03  9.141437e+03
    endloop
  endfacet
  facet normal -1.694848e-02 -9.973276e-01 -7.106702e-02
    outer loop
      vertex  1.680037e+04 -7.904230e+03  9.141437e+03
      vertex  1.671780e+04 -7.893690e+03  9.013208e+03
      vertex  1.731683e+04 -7.905413e+03  9.034865e+03
    endloop
  endfacet
  facet normal -1.298706e-02 -9.985701e-01 -5.185571e-02
    outer loop
      vertex  1.680037e+04 -7.904230e+03  9.141437e+03
      vertex  1.731683e+04 -7.905413e+03  9.034865e+03
      vertex  1.731680e+04 -7.911745e+03  9.156808e+03
    endloop
  endfacet
  facet normal -1.761793e-02 -9.984992e-01 -5.185329e-02
    outer loop
      vertex  1.731680e+04 -7.911745e+03  9.156808e+03
      vertex  1.731683e+04 -7.905413e+03  9.034865e+03
      vertex  1.795834e+04 -7.917937e+03  9.058058e+03
    endloop
  endfacet
  facet normal -1.372010e-02 -9.995557e-01 -2.646431e-02
    outer loop
      vertex  1.731680e+04 -7.911745e+03  9.156808e+03
      vertex  1.795834e+04 -7.917937e+03  9.058058e+03
      vertex  1.795834e+04 -7.921057e+03  9.175904e+03
    endloop
  endfacet
  facet normal -1.232610e-02 -9.972287e-01 -7.336898e-02
    outer loop
      vertex  1.680037e+04 -7.904230e+03  9.141437e+03
      vertex  1.646135e+04 -7.908737e+03  9.259650e+03
      vertex  1.628395e+04 -7.896716e+03  9.126064e+03
    endloop
  endfacet
  facet normal -8.219329e-03 -9.968575e-01 -7.878922e-02
    outer loop
      vertex  1.628395e+04 -7.896716e+03  9.126064e+03
      vertex  1.646135e+04 -7.908737e+03  9.259650e+03
      vertex  1.560592e+04 -7.900132e+03  9.240011e+03
    endloop
  endfacet
  facet normal -1.150378e-02 -9.950923e-01 -9.828021e-02
    outer loop
      vertex  1.628395e+04 -7.896716e+03  9.126064e+03
      vertex  1.560592e+04 -7.900132e+03  9.240011e+03
      vertex  1.551730e+04 -7.885600e+03  9.103244e+03
    endloop
  endfacet
  facet normal -7.596415e-03 -9.948787e-01 -1.007893e-01
    outer loop
      vertex  1.551730e+04 -7.885600e+03  9.103244e+03
      vertex  1.560592e+04 -7.900132e+03  9.240011e+03
      vertex  1.475047e+04 -7.891610e+03  9.220371e+03
    endloop
  endfacet
  facet normal -1.067227e-02 -9.926181e-01 -1.208110e-01
    outer loop
      vertex  1.551730e+04 -7.885600e+03  9.103244e+03
      vertex  1.475047e+04 -7.891610e+03  9.220371e+03
      vertex  1.475062e+04 -7.874579e+03  9.080424e+03
    endloop
  endfacet
  facet normal -6.887822e-03 -9.926517e-01 -1.208109e-01
    outer loop
      vertex  1.475062e+04 -7.874579e+03  9.080424e+03
      vertex  1.475047e+04 -7.891610e+03  9.220371e+03
      vertex  1.346719e+04 -7.879121e+03  9.190912e+03
    endloop
  endfacet
  facet normal -9.442395e-03 -9.885927e-01 -1.503181e-01
    outer loop
      vertex  1.475062e+04 -7.874579e+03  9.080424e+03
      vertex  1.346719e+04 -7.879121e+03  9.190912e+03
      vertex  1.346736e+04 -7.856515e+03  9.042232e+03
    endloop
  endfacet
  facet normal -5.834965e-03 -9.886205e-01 -1.503181e-01
    outer loop
      vertex  1.346736e+04 -7.856515e+03  9.042232e+03
      vertex  1.346719e+04 -7.879121e+03  9.190912e+03
      vertex  1.261157e+04 -7.871084e+03  9.171272e+03
    endloop
  endfacet
  facet normal -8.450422e-03 -9.858609e-01 -1.673522e-01
    outer loop
      vertex  1.346736e+04 -7.856515e+03  9.042232e+03
      vertex  1.261157e+04 -7.871084e+03  9.171272e+03
      vertex  1.261172e+04 -7.844859e+03  9.016771e+03
    endloop
  endfacet
  facet normal -9.520066e-03 -9.996808e-01 -2.340299e-02
    outer loop
      vertex  1.795834e+04 -7.923822e+03  9.294021e+03
      vertex  1.731677e+04 -7.917367e+03  9.279290e+03
      vertex  1.795834e+04 -7.921057e+03  9.175904e+03
    endloop
  endfacet
  facet normal -1.313291e-02 -9.988618e-01 -4.585215e-02
    outer loop
      vertex  1.795834e+04 -7.921057e+03  9.175904e+03
      vertex  1.731677e+04 -7.917367e+03  9.279290e+03
      vertex  1.731680e+04 -7.911745e+03  9.156808e+03
    endloop
  endfacet
  facet normal -9.024707e-03 -9.989074e-01 -4.585320e-02
    outer loop
      vertex  1.731677e+04 -7.917367e+03  9.279290e+03
      vertex  1.646135e+04 -7.908737e+03  9.259650e+03
      vertex  1.731680e+04 -7.911745e+03  9.156808e+03
    endloop
  endfacet
  facet normal -1.232711e-02 -9.972285e-01 -7.337188e-02
    outer loop
      vertex  1.731680e+04 -7.911745e+03  9.156808e+03
      vertex  1.646135e+04 -7.908737e+03  9.259650e+03
      vertex  1.680037e+04 -7.904230e+03  9.141437e+03
    endloop
  endfacet
  facet normal -8.793516e-03 -9.984086e-01 -5.570362e-02
    outer loop
      vertex  1.731677e+04 -7.917367e+03  9.279290e+03
      vertex  1.676092e+04 -7.918848e+03  9.393572e+03
      vertex  1.646135e+04 -7.908737e+03  9.259650e+03
    endloop
  endfacet
  facet normal -5.157618e-03 -9.979492e-01 -6.380226e-02
    outer loop
      vertex  1.646135e+04 -7.908737e+03  9.259650e+03
      vertex  1.676092e+04 -7.918848e+03  9.393572e+03
      vertex  1.609073e+04 -7.914710e+03  9.383030e+03
    endloop
  endfacet
  facet normal -8.348281e-03 -9.972711e-01 -7.335378e-02
    outer loop
      vertex  1.646135e+04 -7.908737e+03  9.259650e+03
      vertex  1.609073e+04 -7.914710e+03  9.383030e+03
      vertex  1.560592e+04 -7.900132e+03  9.240011e+03
    endloop
  endfacet
  facet normal -4.746420e-03 -9.963296e-01 -8.546744e-02
    outer loop
      vertex  1.560592e+04 -7.900132e+03  9.240011e+03
      vertex  1.609073e+04 -7.914710e+03  9.383030e+03
      vertex  1.475031e+04 -7.906516e+03  9.361945e+03
    endloop
  endfacet
  facet normal -7.502403e-03 -9.944746e-01 -1.047089e-01
    outer loop
      vertex  1.560592e+04 -7.900132e+03  9.240011e+03
      vertex  1.475031e+04 -7.906516e+03  9.361945e+03
      vertex  1.475047e+04 -7.891610e+03  9.220371e+03
    endloop
  endfacet
  facet normal -4.260967e-03 -9.944939e-01 -1.047074e-01
    outer loop
      vertex  1.475047e+04 -7.891610e+03  9.220371e+03
      vertex  1.475031e+04 -7.906516e+03  9.361945e+03
      vertex  1.346701e+04 -7.898892e+03  9.341761e+03
    endloop
  endfacet
  facet normal -6.666520e-03 -9.914966e-01 -1.299615e-01
    outer loop
      vertex  1.475047e+04 -7.891610e+03  9.220371e+03
      vertex  1.346701e+04 -7.898892e+03  9.341761e+03
      vertex  1.346719e+04 -7.879121e+03  9.190912e+03
    endloop
  endfacet
  facet normal -5.556516e-03 -9.992290e-01 -3.886622e-02
    outer loop
      vertex  1.768043e+04 -7.924523e+03  9.408036e+03
      vertex  1.712235e+04 -7.925943e+03  9.524314e+03
      vertex  1.676092e+04 -7.918848e+03  9.393572e+03
    endloop
  endfacet
  facet normal -2.429690e-03 -9.988688e-01 -4.749062e-02
    outer loop
      vertex  1.676092e+04 -7.918848e+03  9.393572e+03
      vertex  1.712235e+04 -7.925943e+03  9.524314e+03
      vertex  1.633162e+04 -7.923716e+03  9.517928e+03
    endloop
  endfacet
  facet normal -5.263108e-03 -9.983459e-01 -5.725162e-02
    outer loop
      vertex  1.676092e+04 -7.918848e+03  9.393572e+03
      vertex  1.633162e+04 -7.923716e+03  9.517928e+03
      vertex  1.609073e+04 -7.914710e+03  9.383030e+03
    endloop
  endfacet
  facet normal -2.277826e-03 -9.980385e-01 -6.256214e-02
    outer loop
      vertex  1.609073e+04 -7.914710e+03  9.383030e+03
      vertex  1.633162e+04 -7.923716e+03  9.517928e+03
      vertex  1.475016e+04 -7.919306e+03  9.505153e+03
    endloop
  endfacet
  facet normal -4.689599e-03 -9.960241e-01 -8.896092e-02
    outer loop
      vertex  1.609073e+04 -7.914710e+03  9.383030e+03
      vertex  1.475016e+04 -7.919306e+03  9.505153e+03
      vertex  1.475031e+04 -7.906516e+03  9.361945e+03
    endloop
  endfacet
  facet normal -1.968799e-03 -9.960335e-01 -8.895880e-02
    outer loop
      vertex  1.475031e+04 -7.906516e+03  9.361945e+03
      vertex  1.475016e+04 -7.919306e+03  9.505153e+03
      vertex  1.346684e+04 -7.915843e+03  9.494788e+03
    endloop
  endfacet
  facet normal -4.172649e-03 -9.939114e-01 -1.101025e-01
    outer loop
      vertex  1.475031e+04 -7.906516e+03  9.361945e+03
      vertex  1.346684e+04 -7.915843e+03  9.494788e+03
      vertex  1.346701e+04 -7.898892e+03  9.341761e+03
    endloop
  endfacet
endsolid CATIA STL
